FFFFFFFFFFFFFFFFFFFFFFFFFFFFFFFFFFFFFFFFFFFFFFFFFFFFFFFFFFF              [100%]
=================================== FAILURES ===================================
_____________ test_independent_heating_domains[0.0-cp_in-0.0-0.0] ______________

module = <stellarator_tea.modules.mfe_primary_loop.primary_coolant_loop.Primary_Coolant_LoopModule object at 0x7e7bb273f470>
live = 0.0, heat = 0.0, field = 'cp_in', bad = 0.0

    @pytest.mark.parametrize('live',[0.,1.])
    @pytest.mark.parametrize('heat',[0.,2101.7])
    @pytest.mark.parametrize('field',['cp_in','dT_blanket_in'])
    @pytest.mark.parametrize('bad',[0.,-0.,-1.,math.nan,math.inf,-math.inf])
    def test_independent_heating_domains(module,live,heat,field,bad):
        with pytest.raises(ValueError,match='Primary Coolant Loop: '+field+' must be finite and positive'):
>           module.run(**(BASE|{'loop_live_in':live,'q_source_in':heat,field:bad}))

tests/models/test_primary_loop_domains.py:28: 
_ _ _ _ _ _ _ _ _ _ _ _ _ _ _ _ _ _ _ _ _ _ _ _ _ _ _ _ _ _ _ _ _ _ _ _ _ _ _ _ 

self = <stellarator_tea.modules.mfe_primary_loop.primary_coolant_loop.Primary_Coolant_LoopModule object at 0x7e7bb273f470>
eta_p_direct_in = 0.5, mdot_loop_ref_in = 225.07777777777778, n_loops_in = 9.0
p_pump_direct_in = 3.0, cp_in = 0.0, eta_drive_in = 0.95, p_loop_in = 8000000.0
f_loss_in = 1.0, eta_is_in = 0.9, T_in_in = 573.15, loop_live_in = 0.0
q_source_in = 0.0, dT_blanket_in = 200.0, dp_loop_ref_in = 550000.0
gamma_in = 1.6667

    def run(
        self, eta_p_direct_in: float, mdot_loop_ref_in: float, n_loops_in: float, p_pump_direct_in: float, cp_in: float, eta_drive_in: float, p_loop_in: float, f_loss_in: float, eta_is_in: float, T_in_in: float, loop_live_in: float, q_source_in: float, dT_blanket_in: float, dp_loop_ref_in: float, gamma_in: float    ) -> ModuleResult[Primary_Coolant_LoopOutput]:
        """Execute calculation.
    
        Args:
            eta_p_direct_in: eta_p_direct_in input
            mdot_loop_ref_in: mdot_loop_ref_in input
            n_loops_in: n_loops_in input
            p_pump_direct_in: p_pump_direct_in input
            cp_in: cp_in input
            eta_drive_in: eta_drive_in input
            p_loop_in: p_loop_in input
            f_loss_in: f_loss_in input
            eta_is_in: eta_is_in input
            T_in_in: T_in_in input
            loop_live_in: loop_live_in input
            q_source_in: q_source_in input
            dT_blanket_in: dT_blanket_in input
            dp_loop_ref_in: dp_loop_ref_in input
            gamma_in: gamma_in input
    
        Returns:
            Module result with Primary_Coolant_LoopOutput (p_loop_margin, q_recovered_total, p_elec, p_pump_total, T_out, T_comp_in, dp_loop, mdot_loop, w_fluid, capacity_margin, q_ihx, mdot, r_comp)
        """
        # Validate inputs
        validated_inputs = self.validate_and_fill_default(eta_p_direct_in, mdot_loop_ref_in, n_loops_in, p_pump_direct_in, cp_in, eta_drive_in, p_loop_in, f_loss_in, eta_is_in, T_in_in, loop_live_in, q_source_in, dT_blanket_in, dp_loop_ref_in, gamma_in)
    
        # Import handwritten implementation
>       from stellarator_tea.handwritten.mfe_primary_loop.primary_coolant_loop_impl import (
            run_primary_coolant_loop,
        )
E         File "/home/reid/1cfe/fusion-tea-codex-test/exploration/stellarator_e2e/pkg/stellarator_tea/handwritten/mfe_primary_loop/primary_coolant_loop_impl.py", line 28
E           Representative helium primary circuit in sized-flow mode (WI-045, goal
E                                                                        ^
E       SyntaxError: leading zeros in decimal integer literals are not permitted; use an 0o prefix for octal integers

exploration/stellarator_e2e/pkg/stellarator_tea/modules/mfe_primary_loop/primary_coolant_loop.py:404: SyntaxError
_____________ test_independent_heating_domains[0.0-cp_in-0.0-1.0] ______________

module = <stellarator_tea.modules.mfe_primary_loop.primary_coolant_loop.Primary_Coolant_LoopModule object at 0x7e7bb273f470>
live = 1.0, heat = 0.0, field = 'cp_in', bad = 0.0

    @pytest.mark.parametrize('live',[0.,1.])
    @pytest.mark.parametrize('heat',[0.,2101.7])
    @pytest.mark.parametrize('field',['cp_in','dT_blanket_in'])
    @pytest.mark.parametrize('bad',[0.,-0.,-1.,math.nan,math.inf,-math.inf])
    def test_independent_heating_domains(module,live,heat,field,bad):
        with pytest.raises(ValueError,match='Primary Coolant Loop: '+field+' must be finite and positive'):
>           module.run(**(BASE|{'loop_live_in':live,'q_source_in':heat,field:bad}))

tests/models/test_primary_loop_domains.py:28: 
_ _ _ _ _ _ _ _ _ _ _ _ _ _ _ _ _ _ _ _ _ _ _ _ _ _ _ _ _ _ _ _ _ _ _ _ _ _ _ _ 

self = <stellarator_tea.modules.mfe_primary_loop.primary_coolant_loop.Primary_Coolant_LoopModule object at 0x7e7bb273f470>
eta_p_direct_in = 0.5, mdot_loop_ref_in = 225.07777777777778, n_loops_in = 9.0
p_pump_direct_in = 3.0, cp_in = 0.0, eta_drive_in = 0.95, p_loop_in = 8000000.0
f_loss_in = 1.0, eta_is_in = 0.9, T_in_in = 573.15, loop_live_in = 1.0
q_source_in = 0.0, dT_blanket_in = 200.0, dp_loop_ref_in = 550000.0
gamma_in = 1.6667

    def run(
        self, eta_p_direct_in: float, mdot_loop_ref_in: float, n_loops_in: float, p_pump_direct_in: float, cp_in: float, eta_drive_in: float, p_loop_in: float, f_loss_in: float, eta_is_in: float, T_in_in: float, loop_live_in: float, q_source_in: float, dT_blanket_in: float, dp_loop_ref_in: float, gamma_in: float    ) -> ModuleResult[Primary_Coolant_LoopOutput]:
        """Execute calculation.
    
        Args:
            eta_p_direct_in: eta_p_direct_in input
            mdot_loop_ref_in: mdot_loop_ref_in input
            n_loops_in: n_loops_in input
            p_pump_direct_in: p_pump_direct_in input
            cp_in: cp_in input
            eta_drive_in: eta_drive_in input
            p_loop_in: p_loop_in input
            f_loss_in: f_loss_in input
            eta_is_in: eta_is_in input
            T_in_in: T_in_in input
            loop_live_in: loop_live_in input
            q_source_in: q_source_in input
            dT_blanket_in: dT_blanket_in input
            dp_loop_ref_in: dp_loop_ref_in input
            gamma_in: gamma_in input
    
        Returns:
            Module result with Primary_Coolant_LoopOutput (p_loop_margin, q_recovered_total, p_elec, p_pump_total, T_out, T_comp_in, dp_loop, mdot_loop, w_fluid, capacity_margin, q_ihx, mdot, r_comp)
        """
        # Validate inputs
        validated_inputs = self.validate_and_fill_default(eta_p_direct_in, mdot_loop_ref_in, n_loops_in, p_pump_direct_in, cp_in, eta_drive_in, p_loop_in, f_loss_in, eta_is_in, T_in_in, loop_live_in, q_source_in, dT_blanket_in, dp_loop_ref_in, gamma_in)
    
        # Import handwritten implementation
>       from stellarator_tea.handwritten.mfe_primary_loop.primary_coolant_loop_impl import (
            run_primary_coolant_loop,
        )
E         File "/home/reid/1cfe/fusion-tea-codex-test/exploration/stellarator_e2e/pkg/stellarator_tea/handwritten/mfe_primary_loop/primary_coolant_loop_impl.py", line 28
E           Representative helium primary circuit in sized-flow mode (WI-045, goal
E                                                                        ^
E       SyntaxError: leading zeros in decimal integer literals are not permitted; use an 0o prefix for octal integers

exploration/stellarator_e2e/pkg/stellarator_tea/modules/mfe_primary_loop/primary_coolant_loop.py:404: SyntaxError
____________ test_independent_heating_domains[0.0-cp_in-2101.7-0.0] ____________

module = <stellarator_tea.modules.mfe_primary_loop.primary_coolant_loop.Primary_Coolant_LoopModule object at 0x7e7bb273f470>
live = 0.0, heat = 2101.7, field = 'cp_in', bad = 0.0

    @pytest.mark.parametrize('live',[0.,1.])
    @pytest.mark.parametrize('heat',[0.,2101.7])
    @pytest.mark.parametrize('field',['cp_in','dT_blanket_in'])
    @pytest.mark.parametrize('bad',[0.,-0.,-1.,math.nan,math.inf,-math.inf])
    def test_independent_heating_domains(module,live,heat,field,bad):
        with pytest.raises(ValueError,match='Primary Coolant Loop: '+field+' must be finite and positive'):
>           module.run(**(BASE|{'loop_live_in':live,'q_source_in':heat,field:bad}))

tests/models/test_primary_loop_domains.py:28: 
_ _ _ _ _ _ _ _ _ _ _ _ _ _ _ _ _ _ _ _ _ _ _ _ _ _ _ _ _ _ _ _ _ _ _ _ _ _ _ _ 

self = <stellarator_tea.modules.mfe_primary_loop.primary_coolant_loop.Primary_Coolant_LoopModule object at 0x7e7bb273f470>
eta_p_direct_in = 0.5, mdot_loop_ref_in = 225.07777777777778, n_loops_in = 9.0
p_pump_direct_in = 3.0, cp_in = 0.0, eta_drive_in = 0.95, p_loop_in = 8000000.0
f_loss_in = 1.0, eta_is_in = 0.9, T_in_in = 573.15, loop_live_in = 0.0
q_source_in = 2101.7, dT_blanket_in = 200.0, dp_loop_ref_in = 550000.0
gamma_in = 1.6667

    def run(
        self, eta_p_direct_in: float, mdot_loop_ref_in: float, n_loops_in: float, p_pump_direct_in: float, cp_in: float, eta_drive_in: float, p_loop_in: float, f_loss_in: float, eta_is_in: float, T_in_in: float, loop_live_in: float, q_source_in: float, dT_blanket_in: float, dp_loop_ref_in: float, gamma_in: float    ) -> ModuleResult[Primary_Coolant_LoopOutput]:
        """Execute calculation.
    
        Args:
            eta_p_direct_in: eta_p_direct_in input
            mdot_loop_ref_in: mdot_loop_ref_in input
            n_loops_in: n_loops_in input
            p_pump_direct_in: p_pump_direct_in input
            cp_in: cp_in input
            eta_drive_in: eta_drive_in input
            p_loop_in: p_loop_in input
            f_loss_in: f_loss_in input
            eta_is_in: eta_is_in input
            T_in_in: T_in_in input
            loop_live_in: loop_live_in input
            q_source_in: q_source_in input
            dT_blanket_in: dT_blanket_in input
            dp_loop_ref_in: dp_loop_ref_in input
            gamma_in: gamma_in input
    
        Returns:
            Module result with Primary_Coolant_LoopOutput (p_loop_margin, q_recovered_total, p_elec, p_pump_total, T_out, T_comp_in, dp_loop, mdot_loop, w_fluid, capacity_margin, q_ihx, mdot, r_comp)
        """
        # Validate inputs
        validated_inputs = self.validate_and_fill_default(eta_p_direct_in, mdot_loop_ref_in, n_loops_in, p_pump_direct_in, cp_in, eta_drive_in, p_loop_in, f_loss_in, eta_is_in, T_in_in, loop_live_in, q_source_in, dT_blanket_in, dp_loop_ref_in, gamma_in)
    
        # Import handwritten implementation
>       from stellarator_tea.handwritten.mfe_primary_loop.primary_coolant_loop_impl import (
            run_primary_coolant_loop,
        )
E         File "/home/reid/1cfe/fusion-tea-codex-test/exploration/stellarator_e2e/pkg/stellarator_tea/handwritten/mfe_primary_loop/primary_coolant_loop_impl.py", line 28
E           Representative helium primary circuit in sized-flow mode (WI-045, goal
E                                                                        ^
E       SyntaxError: leading zeros in decimal integer literals are not permitted; use an 0o prefix for octal integers

exploration/stellarator_e2e/pkg/stellarator_tea/modules/mfe_primary_loop/primary_coolant_loop.py:404: SyntaxError
____________ test_independent_heating_domains[0.0-cp_in-2101.7-1.0] ____________

module = <stellarator_tea.modules.mfe_primary_loop.primary_coolant_loop.Primary_Coolant_LoopModule object at 0x7e7bb273f470>
live = 1.0, heat = 2101.7, field = 'cp_in', bad = 0.0

    @pytest.mark.parametrize('live',[0.,1.])
    @pytest.mark.parametrize('heat',[0.,2101.7])
    @pytest.mark.parametrize('field',['cp_in','dT_blanket_in'])
    @pytest.mark.parametrize('bad',[0.,-0.,-1.,math.nan,math.inf,-math.inf])
    def test_independent_heating_domains(module,live,heat,field,bad):
        with pytest.raises(ValueError,match='Primary Coolant Loop: '+field+' must be finite and positive'):
>           module.run(**(BASE|{'loop_live_in':live,'q_source_in':heat,field:bad}))

tests/models/test_primary_loop_domains.py:28: 
_ _ _ _ _ _ _ _ _ _ _ _ _ _ _ _ _ _ _ _ _ _ _ _ _ _ _ _ _ _ _ _ _ _ _ _ _ _ _ _ 

self = <stellarator_tea.modules.mfe_primary_loop.primary_coolant_loop.Primary_Coolant_LoopModule object at 0x7e7bb273f470>
eta_p_direct_in = 0.5, mdot_loop_ref_in = 225.07777777777778, n_loops_in = 9.0
p_pump_direct_in = 3.0, cp_in = 0.0, eta_drive_in = 0.95, p_loop_in = 8000000.0
f_loss_in = 1.0, eta_is_in = 0.9, T_in_in = 573.15, loop_live_in = 1.0
q_source_in = 2101.7, dT_blanket_in = 200.0, dp_loop_ref_in = 550000.0
gamma_in = 1.6667

    def run(
        self, eta_p_direct_in: float, mdot_loop_ref_in: float, n_loops_in: float, p_pump_direct_in: float, cp_in: float, eta_drive_in: float, p_loop_in: float, f_loss_in: float, eta_is_in: float, T_in_in: float, loop_live_in: float, q_source_in: float, dT_blanket_in: float, dp_loop_ref_in: float, gamma_in: float    ) -> ModuleResult[Primary_Coolant_LoopOutput]:
        """Execute calculation.
    
        Args:
            eta_p_direct_in: eta_p_direct_in input
            mdot_loop_ref_in: mdot_loop_ref_in input
            n_loops_in: n_loops_in input
            p_pump_direct_in: p_pump_direct_in input
            cp_in: cp_in input
            eta_drive_in: eta_drive_in input
            p_loop_in: p_loop_in input
            f_loss_in: f_loss_in input
            eta_is_in: eta_is_in input
            T_in_in: T_in_in input
            loop_live_in: loop_live_in input
            q_source_in: q_source_in input
            dT_blanket_in: dT_blanket_in input
            dp_loop_ref_in: dp_loop_ref_in input
            gamma_in: gamma_in input
    
        Returns:
            Module result with Primary_Coolant_LoopOutput (p_loop_margin, q_recovered_total, p_elec, p_pump_total, T_out, T_comp_in, dp_loop, mdot_loop, w_fluid, capacity_margin, q_ihx, mdot, r_comp)
        """
        # Validate inputs
        validated_inputs = self.validate_and_fill_default(eta_p_direct_in, mdot_loop_ref_in, n_loops_in, p_pump_direct_in, cp_in, eta_drive_in, p_loop_in, f_loss_in, eta_is_in, T_in_in, loop_live_in, q_source_in, dT_blanket_in, dp_loop_ref_in, gamma_in)
    
        # Import handwritten implementation
>       from stellarator_tea.handwritten.mfe_primary_loop.primary_coolant_loop_impl import (
            run_primary_coolant_loop,
        )
E         File "/home/reid/1cfe/fusion-tea-codex-test/exploration/stellarator_e2e/pkg/stellarator_tea/handwritten/mfe_primary_loop/primary_coolant_loop_impl.py", line 28
E           Representative helium primary circuit in sized-flow mode (WI-045, goal
E                                                                        ^
E       SyntaxError: leading zeros in decimal integer literals are not permitted; use an 0o prefix for octal integers

exploration/stellarator_e2e/pkg/stellarator_tea/modules/mfe_primary_loop/primary_coolant_loop.py:404: SyntaxError
_________ test_independent_heating_domains[0.0-dT_blanket_in-0.0-0.0] __________

module = <stellarator_tea.modules.mfe_primary_loop.primary_coolant_loop.Primary_Coolant_LoopModule object at 0x7e7bb273f470>
live = 0.0, heat = 0.0, field = 'dT_blanket_in', bad = 0.0

    @pytest.mark.parametrize('live',[0.,1.])
    @pytest.mark.parametrize('heat',[0.,2101.7])
    @pytest.mark.parametrize('field',['cp_in','dT_blanket_in'])
    @pytest.mark.parametrize('bad',[0.,-0.,-1.,math.nan,math.inf,-math.inf])
    def test_independent_heating_domains(module,live,heat,field,bad):
        with pytest.raises(ValueError,match='Primary Coolant Loop: '+field+' must be finite and positive'):
>           module.run(**(BASE|{'loop_live_in':live,'q_source_in':heat,field:bad}))

tests/models/test_primary_loop_domains.py:28: 
_ _ _ _ _ _ _ _ _ _ _ _ _ _ _ _ _ _ _ _ _ _ _ _ _ _ _ _ _ _ _ _ _ _ _ _ _ _ _ _ 

self = <stellarator_tea.modules.mfe_primary_loop.primary_coolant_loop.Primary_Coolant_LoopModule object at 0x7e7bb273f470>
eta_p_direct_in = 0.5, mdot_loop_ref_in = 225.07777777777778, n_loops_in = 9.0
p_pump_direct_in = 3.0, cp_in = 5193.0, eta_drive_in = 0.95
p_loop_in = 8000000.0, f_loss_in = 1.0, eta_is_in = 0.9, T_in_in = 573.15
loop_live_in = 0.0, q_source_in = 0.0, dT_blanket_in = 0.0
dp_loop_ref_in = 550000.0, gamma_in = 1.6667

    def run(
        self, eta_p_direct_in: float, mdot_loop_ref_in: float, n_loops_in: float, p_pump_direct_in: float, cp_in: float, eta_drive_in: float, p_loop_in: float, f_loss_in: float, eta_is_in: float, T_in_in: float, loop_live_in: float, q_source_in: float, dT_blanket_in: float, dp_loop_ref_in: float, gamma_in: float    ) -> ModuleResult[Primary_Coolant_LoopOutput]:
        """Execute calculation.
    
        Args:
            eta_p_direct_in: eta_p_direct_in input
            mdot_loop_ref_in: mdot_loop_ref_in input
            n_loops_in: n_loops_in input
            p_pump_direct_in: p_pump_direct_in input
            cp_in: cp_in input
            eta_drive_in: eta_drive_in input
            p_loop_in: p_loop_in input
            f_loss_in: f_loss_in input
            eta_is_in: eta_is_in input
            T_in_in: T_in_in input
            loop_live_in: loop_live_in input
            q_source_in: q_source_in input
            dT_blanket_in: dT_blanket_in input
            dp_loop_ref_in: dp_loop_ref_in input
            gamma_in: gamma_in input
    
        Returns:
            Module result with Primary_Coolant_LoopOutput (p_loop_margin, q_recovered_total, p_elec, p_pump_total, T_out, T_comp_in, dp_loop, mdot_loop, w_fluid, capacity_margin, q_ihx, mdot, r_comp)
        """
        # Validate inputs
        validated_inputs = self.validate_and_fill_default(eta_p_direct_in, mdot_loop_ref_in, n_loops_in, p_pump_direct_in, cp_in, eta_drive_in, p_loop_in, f_loss_in, eta_is_in, T_in_in, loop_live_in, q_source_in, dT_blanket_in, dp_loop_ref_in, gamma_in)
    
        # Import handwritten implementation
>       from stellarator_tea.handwritten.mfe_primary_loop.primary_coolant_loop_impl import (
            run_primary_coolant_loop,
        )
E         File "/home/reid/1cfe/fusion-tea-codex-test/exploration/stellarator_e2e/pkg/stellarator_tea/handwritten/mfe_primary_loop/primary_coolant_loop_impl.py", line 28
E           Representative helium primary circuit in sized-flow mode (WI-045, goal
E                                                                        ^
E       SyntaxError: leading zeros in decimal integer literals are not permitted; use an 0o prefix for octal integers

exploration/stellarator_e2e/pkg/stellarator_tea/modules/mfe_primary_loop/primary_coolant_loop.py:404: SyntaxError
_________ test_independent_heating_domains[0.0-dT_blanket_in-0.0-1.0] __________

module = <stellarator_tea.modules.mfe_primary_loop.primary_coolant_loop.Primary_Coolant_LoopModule object at 0x7e7bb273f470>
live = 1.0, heat = 0.0, field = 'dT_blanket_in', bad = 0.0

    @pytest.mark.parametrize('live',[0.,1.])
    @pytest.mark.parametrize('heat',[0.,2101.7])
    @pytest.mark.parametrize('field',['cp_in','dT_blanket_in'])
    @pytest.mark.parametrize('bad',[0.,-0.,-1.,math.nan,math.inf,-math.inf])
    def test_independent_heating_domains(module,live,heat,field,bad):
        with pytest.raises(ValueError,match='Primary Coolant Loop: '+field+' must be finite and positive'):
>           module.run(**(BASE|{'loop_live_in':live,'q_source_in':heat,field:bad}))

tests/models/test_primary_loop_domains.py:28: 
_ _ _ _ _ _ _ _ _ _ _ _ _ _ _ _ _ _ _ _ _ _ _ _ _ _ _ _ _ _ _ _ _ _ _ _ _ _ _ _ 

self = <stellarator_tea.modules.mfe_primary_loop.primary_coolant_loop.Primary_Coolant_LoopModule object at 0x7e7bb273f470>
eta_p_direct_in = 0.5, mdot_loop_ref_in = 225.07777777777778, n_loops_in = 9.0
p_pump_direct_in = 3.0, cp_in = 5193.0, eta_drive_in = 0.95
p_loop_in = 8000000.0, f_loss_in = 1.0, eta_is_in = 0.9, T_in_in = 573.15
loop_live_in = 1.0, q_source_in = 0.0, dT_blanket_in = 0.0
dp_loop_ref_in = 550000.0, gamma_in = 1.6667

    def run(
        self, eta_p_direct_in: float, mdot_loop_ref_in: float, n_loops_in: float, p_pump_direct_in: float, cp_in: float, eta_drive_in: float, p_loop_in: float, f_loss_in: float, eta_is_in: float, T_in_in: float, loop_live_in: float, q_source_in: float, dT_blanket_in: float, dp_loop_ref_in: float, gamma_in: float    ) -> ModuleResult[Primary_Coolant_LoopOutput]:
        """Execute calculation.
    
        Args:
            eta_p_direct_in: eta_p_direct_in input
            mdot_loop_ref_in: mdot_loop_ref_in input
            n_loops_in: n_loops_in input
            p_pump_direct_in: p_pump_direct_in input
            cp_in: cp_in input
            eta_drive_in: eta_drive_in input
            p_loop_in: p_loop_in input
            f_loss_in: f_loss_in input
            eta_is_in: eta_is_in input
            T_in_in: T_in_in input
            loop_live_in: loop_live_in input
            q_source_in: q_source_in input
            dT_blanket_in: dT_blanket_in input
            dp_loop_ref_in: dp_loop_ref_in input
            gamma_in: gamma_in input
    
        Returns:
            Module result with Primary_Coolant_LoopOutput (p_loop_margin, q_recovered_total, p_elec, p_pump_total, T_out, T_comp_in, dp_loop, mdot_loop, w_fluid, capacity_margin, q_ihx, mdot, r_comp)
        """
        # Validate inputs
        validated_inputs = self.validate_and_fill_default(eta_p_direct_in, mdot_loop_ref_in, n_loops_in, p_pump_direct_in, cp_in, eta_drive_in, p_loop_in, f_loss_in, eta_is_in, T_in_in, loop_live_in, q_source_in, dT_blanket_in, dp_loop_ref_in, gamma_in)
    
        # Import handwritten implementation
>       from stellarator_tea.handwritten.mfe_primary_loop.primary_coolant_loop_impl import (
            run_primary_coolant_loop,
        )
E         File "/home/reid/1cfe/fusion-tea-codex-test/exploration/stellarator_e2e/pkg/stellarator_tea/handwritten/mfe_primary_loop/primary_coolant_loop_impl.py", line 28
E           Representative helium primary circuit in sized-flow mode (WI-045, goal
E                                                                        ^
E       SyntaxError: leading zeros in decimal integer literals are not permitted; use an 0o prefix for octal integers

exploration/stellarator_e2e/pkg/stellarator_tea/modules/mfe_primary_loop/primary_coolant_loop.py:404: SyntaxError
________ test_independent_heating_domains[0.0-dT_blanket_in-2101.7-0.0] ________

module = <stellarator_tea.modules.mfe_primary_loop.primary_coolant_loop.Primary_Coolant_LoopModule object at 0x7e7bb273f470>
live = 0.0, heat = 2101.7, field = 'dT_blanket_in', bad = 0.0

    @pytest.mark.parametrize('live',[0.,1.])
    @pytest.mark.parametrize('heat',[0.,2101.7])
    @pytest.mark.parametrize('field',['cp_in','dT_blanket_in'])
    @pytest.mark.parametrize('bad',[0.,-0.,-1.,math.nan,math.inf,-math.inf])
    def test_independent_heating_domains(module,live,heat,field,bad):
        with pytest.raises(ValueError,match='Primary Coolant Loop: '+field+' must be finite and positive'):
>           module.run(**(BASE|{'loop_live_in':live,'q_source_in':heat,field:bad}))

tests/models/test_primary_loop_domains.py:28: 
_ _ _ _ _ _ _ _ _ _ _ _ _ _ _ _ _ _ _ _ _ _ _ _ _ _ _ _ _ _ _ _ _ _ _ _ _ _ _ _ 

self = <stellarator_tea.modules.mfe_primary_loop.primary_coolant_loop.Primary_Coolant_LoopModule object at 0x7e7bb273f470>
eta_p_direct_in = 0.5, mdot_loop_ref_in = 225.07777777777778, n_loops_in = 9.0
p_pump_direct_in = 3.0, cp_in = 5193.0, eta_drive_in = 0.95
p_loop_in = 8000000.0, f_loss_in = 1.0, eta_is_in = 0.9, T_in_in = 573.15
loop_live_in = 0.0, q_source_in = 2101.7, dT_blanket_in = 0.0
dp_loop_ref_in = 550000.0, gamma_in = 1.6667

    def run(
        self, eta_p_direct_in: float, mdot_loop_ref_in: float, n_loops_in: float, p_pump_direct_in: float, cp_in: float, eta_drive_in: float, p_loop_in: float, f_loss_in: float, eta_is_in: float, T_in_in: float, loop_live_in: float, q_source_in: float, dT_blanket_in: float, dp_loop_ref_in: float, gamma_in: float    ) -> ModuleResult[Primary_Coolant_LoopOutput]:
        """Execute calculation.
    
        Args:
            eta_p_direct_in: eta_p_direct_in input
            mdot_loop_ref_in: mdot_loop_ref_in input
            n_loops_in: n_loops_in input
            p_pump_direct_in: p_pump_direct_in input
            cp_in: cp_in input
            eta_drive_in: eta_drive_in input
            p_loop_in: p_loop_in input
            f_loss_in: f_loss_in input
            eta_is_in: eta_is_in input
            T_in_in: T_in_in input
            loop_live_in: loop_live_in input
            q_source_in: q_source_in input
            dT_blanket_in: dT_blanket_in input
            dp_loop_ref_in: dp_loop_ref_in input
            gamma_in: gamma_in input
    
        Returns:
            Module result with Primary_Coolant_LoopOutput (p_loop_margin, q_recovered_total, p_elec, p_pump_total, T_out, T_comp_in, dp_loop, mdot_loop, w_fluid, capacity_margin, q_ihx, mdot, r_comp)
        """
        # Validate inputs
        validated_inputs = self.validate_and_fill_default(eta_p_direct_in, mdot_loop_ref_in, n_loops_in, p_pump_direct_in, cp_in, eta_drive_in, p_loop_in, f_loss_in, eta_is_in, T_in_in, loop_live_in, q_source_in, dT_blanket_in, dp_loop_ref_in, gamma_in)
    
        # Import handwritten implementation
>       from stellarator_tea.handwritten.mfe_primary_loop.primary_coolant_loop_impl import (
            run_primary_coolant_loop,
        )
E         File "/home/reid/1cfe/fusion-tea-codex-test/exploration/stellarator_e2e/pkg/stellarator_tea/handwritten/mfe_primary_loop/primary_coolant_loop_impl.py", line 28
E           Representative helium primary circuit in sized-flow mode (WI-045, goal
E                                                                        ^
E       SyntaxError: leading zeros in decimal integer literals are not permitted; use an 0o prefix for octal integers

exploration/stellarator_e2e/pkg/stellarator_tea/modules/mfe_primary_loop/primary_coolant_loop.py:404: SyntaxError
________ test_independent_heating_domains[0.0-dT_blanket_in-2101.7-1.0] ________

module = <stellarator_tea.modules.mfe_primary_loop.primary_coolant_loop.Primary_Coolant_LoopModule object at 0x7e7bb273f470>
live = 1.0, heat = 2101.7, field = 'dT_blanket_in', bad = 0.0

    @pytest.mark.parametrize('live',[0.,1.])
    @pytest.mark.parametrize('heat',[0.,2101.7])
    @pytest.mark.parametrize('field',['cp_in','dT_blanket_in'])
    @pytest.mark.parametrize('bad',[0.,-0.,-1.,math.nan,math.inf,-math.inf])
    def test_independent_heating_domains(module,live,heat,field,bad):
        with pytest.raises(ValueError,match='Primary Coolant Loop: '+field+' must be finite and positive'):
>           module.run(**(BASE|{'loop_live_in':live,'q_source_in':heat,field:bad}))

tests/models/test_primary_loop_domains.py:28: 
_ _ _ _ _ _ _ _ _ _ _ _ _ _ _ _ _ _ _ _ _ _ _ _ _ _ _ _ _ _ _ _ _ _ _ _ _ _ _ _ 

self = <stellarator_tea.modules.mfe_primary_loop.primary_coolant_loop.Primary_Coolant_LoopModule object at 0x7e7bb273f470>
eta_p_direct_in = 0.5, mdot_loop_ref_in = 225.07777777777778, n_loops_in = 9.0
p_pump_direct_in = 3.0, cp_in = 5193.0, eta_drive_in = 0.95
p_loop_in = 8000000.0, f_loss_in = 1.0, eta_is_in = 0.9, T_in_in = 573.15
loop_live_in = 1.0, q_source_in = 2101.7, dT_blanket_in = 0.0
dp_loop_ref_in = 550000.0, gamma_in = 1.6667

    def run(
        self, eta_p_direct_in: float, mdot_loop_ref_in: float, n_loops_in: float, p_pump_direct_in: float, cp_in: float, eta_drive_in: float, p_loop_in: float, f_loss_in: float, eta_is_in: float, T_in_in: float, loop_live_in: float, q_source_in: float, dT_blanket_in: float, dp_loop_ref_in: float, gamma_in: float    ) -> ModuleResult[Primary_Coolant_LoopOutput]:
        """Execute calculation.
    
        Args:
            eta_p_direct_in: eta_p_direct_in input
            mdot_loop_ref_in: mdot_loop_ref_in input
            n_loops_in: n_loops_in input
            p_pump_direct_in: p_pump_direct_in input
            cp_in: cp_in input
            eta_drive_in: eta_drive_in input
            p_loop_in: p_loop_in input
            f_loss_in: f_loss_in input
            eta_is_in: eta_is_in input
            T_in_in: T_in_in input
            loop_live_in: loop_live_in input
            q_source_in: q_source_in input
            dT_blanket_in: dT_blanket_in input
            dp_loop_ref_in: dp_loop_ref_in input
            gamma_in: gamma_in input
    
        Returns:
            Module result with Primary_Coolant_LoopOutput (p_loop_margin, q_recovered_total, p_elec, p_pump_total, T_out, T_comp_in, dp_loop, mdot_loop, w_fluid, capacity_margin, q_ihx, mdot, r_comp)
        """
        # Validate inputs
        validated_inputs = self.validate_and_fill_default(eta_p_direct_in, mdot_loop_ref_in, n_loops_in, p_pump_direct_in, cp_in, eta_drive_in, p_loop_in, f_loss_in, eta_is_in, T_in_in, loop_live_in, q_source_in, dT_blanket_in, dp_loop_ref_in, gamma_in)
    
        # Import handwritten implementation
>       from stellarator_tea.handwritten.mfe_primary_loop.primary_coolant_loop_impl import (
            run_primary_coolant_loop,
        )
E         File "/home/reid/1cfe/fusion-tea-codex-test/exploration/stellarator_e2e/pkg/stellarator_tea/handwritten/mfe_primary_loop/primary_coolant_loop_impl.py", line 28
E           Representative helium primary circuit in sized-flow mode (WI-045, goal
E                                                                        ^
E       SyntaxError: leading zeros in decimal integer literals are not permitted; use an 0o prefix for octal integers

exploration/stellarator_e2e/pkg/stellarator_tea/modules/mfe_primary_loop/primary_coolant_loop.py:404: SyntaxError
_____________ test_independent_heating_domains[-0.0-cp_in-0.0-0.0] _____________

module = <stellarator_tea.modules.mfe_primary_loop.primary_coolant_loop.Primary_Coolant_LoopModule object at 0x7e7bb273f470>
live = 0.0, heat = 0.0, field = 'cp_in', bad = -0.0

    @pytest.mark.parametrize('live',[0.,1.])
    @pytest.mark.parametrize('heat',[0.,2101.7])
    @pytest.mark.parametrize('field',['cp_in','dT_blanket_in'])
    @pytest.mark.parametrize('bad',[0.,-0.,-1.,math.nan,math.inf,-math.inf])
    def test_independent_heating_domains(module,live,heat,field,bad):
        with pytest.raises(ValueError,match='Primary Coolant Loop: '+field+' must be finite and positive'):
>           module.run(**(BASE|{'loop_live_in':live,'q_source_in':heat,field:bad}))

tests/models/test_primary_loop_domains.py:28: 
_ _ _ _ _ _ _ _ _ _ _ _ _ _ _ _ _ _ _ _ _ _ _ _ _ _ _ _ _ _ _ _ _ _ _ _ _ _ _ _ 

self = <stellarator_tea.modules.mfe_primary_loop.primary_coolant_loop.Primary_Coolant_LoopModule object at 0x7e7bb273f470>
eta_p_direct_in = 0.5, mdot_loop_ref_in = 225.07777777777778, n_loops_in = 9.0
p_pump_direct_in = 3.0, cp_in = -0.0, eta_drive_in = 0.95, p_loop_in = 8000000.0
f_loss_in = 1.0, eta_is_in = 0.9, T_in_in = 573.15, loop_live_in = 0.0
q_source_in = 0.0, dT_blanket_in = 200.0, dp_loop_ref_in = 550000.0
gamma_in = 1.6667

    def run(
        self, eta_p_direct_in: float, mdot_loop_ref_in: float, n_loops_in: float, p_pump_direct_in: float, cp_in: float, eta_drive_in: float, p_loop_in: float, f_loss_in: float, eta_is_in: float, T_in_in: float, loop_live_in: float, q_source_in: float, dT_blanket_in: float, dp_loop_ref_in: float, gamma_in: float    ) -> ModuleResult[Primary_Coolant_LoopOutput]:
        """Execute calculation.
    
        Args:
            eta_p_direct_in: eta_p_direct_in input
            mdot_loop_ref_in: mdot_loop_ref_in input
            n_loops_in: n_loops_in input
            p_pump_direct_in: p_pump_direct_in input
            cp_in: cp_in input
            eta_drive_in: eta_drive_in input
            p_loop_in: p_loop_in input
            f_loss_in: f_loss_in input
            eta_is_in: eta_is_in input
            T_in_in: T_in_in input
            loop_live_in: loop_live_in input
            q_source_in: q_source_in input
            dT_blanket_in: dT_blanket_in input
            dp_loop_ref_in: dp_loop_ref_in input
            gamma_in: gamma_in input
    
        Returns:
            Module result with Primary_Coolant_LoopOutput (p_loop_margin, q_recovered_total, p_elec, p_pump_total, T_out, T_comp_in, dp_loop, mdot_loop, w_fluid, capacity_margin, q_ihx, mdot, r_comp)
        """
        # Validate inputs
        validated_inputs = self.validate_and_fill_default(eta_p_direct_in, mdot_loop_ref_in, n_loops_in, p_pump_direct_in, cp_in, eta_drive_in, p_loop_in, f_loss_in, eta_is_in, T_in_in, loop_live_in, q_source_in, dT_blanket_in, dp_loop_ref_in, gamma_in)
    
        # Import handwritten implementation
>       from stellarator_tea.handwritten.mfe_primary_loop.primary_coolant_loop_impl import (
            run_primary_coolant_loop,
        )
E         File "/home/reid/1cfe/fusion-tea-codex-test/exploration/stellarator_e2e/pkg/stellarator_tea/handwritten/mfe_primary_loop/primary_coolant_loop_impl.py", line 28
E           Representative helium primary circuit in sized-flow mode (WI-045, goal
E                                                                        ^
E       SyntaxError: leading zeros in decimal integer literals are not permitted; use an 0o prefix for octal integers

exploration/stellarator_e2e/pkg/stellarator_tea/modules/mfe_primary_loop/primary_coolant_loop.py:404: SyntaxError
_____________ test_independent_heating_domains[-0.0-cp_in-0.0-1.0] _____________

module = <stellarator_tea.modules.mfe_primary_loop.primary_coolant_loop.Primary_Coolant_LoopModule object at 0x7e7bb273f470>
live = 1.0, heat = 0.0, field = 'cp_in', bad = -0.0

    @pytest.mark.parametrize('live',[0.,1.])
    @pytest.mark.parametrize('heat',[0.,2101.7])
    @pytest.mark.parametrize('field',['cp_in','dT_blanket_in'])
    @pytest.mark.parametrize('bad',[0.,-0.,-1.,math.nan,math.inf,-math.inf])
    def test_independent_heating_domains(module,live,heat,field,bad):
        with pytest.raises(ValueError,match='Primary Coolant Loop: '+field+' must be finite and positive'):
>           module.run(**(BASE|{'loop_live_in':live,'q_source_in':heat,field:bad}))

tests/models/test_primary_loop_domains.py:28: 
_ _ _ _ _ _ _ _ _ _ _ _ _ _ _ _ _ _ _ _ _ _ _ _ _ _ _ _ _ _ _ _ _ _ _ _ _ _ _ _ 

self = <stellarator_tea.modules.mfe_primary_loop.primary_coolant_loop.Primary_Coolant_LoopModule object at 0x7e7bb273f470>
eta_p_direct_in = 0.5, mdot_loop_ref_in = 225.07777777777778, n_loops_in = 9.0
p_pump_direct_in = 3.0, cp_in = -0.0, eta_drive_in = 0.95, p_loop_in = 8000000.0
f_loss_in = 1.0, eta_is_in = 0.9, T_in_in = 573.15, loop_live_in = 1.0
q_source_in = 0.0, dT_blanket_in = 200.0, dp_loop_ref_in = 550000.0
gamma_in = 1.6667

    def run(
        self, eta_p_direct_in: float, mdot_loop_ref_in: float, n_loops_in: float, p_pump_direct_in: float, cp_in: float, eta_drive_in: float, p_loop_in: float, f_loss_in: float, eta_is_in: float, T_in_in: float, loop_live_in: float, q_source_in: float, dT_blanket_in: float, dp_loop_ref_in: float, gamma_in: float    ) -> ModuleResult[Primary_Coolant_LoopOutput]:
        """Execute calculation.
    
        Args:
            eta_p_direct_in: eta_p_direct_in input
            mdot_loop_ref_in: mdot_loop_ref_in input
            n_loops_in: n_loops_in input
            p_pump_direct_in: p_pump_direct_in input
            cp_in: cp_in input
            eta_drive_in: eta_drive_in input
            p_loop_in: p_loop_in input
            f_loss_in: f_loss_in input
            eta_is_in: eta_is_in input
            T_in_in: T_in_in input
            loop_live_in: loop_live_in input
            q_source_in: q_source_in input
            dT_blanket_in: dT_blanket_in input
            dp_loop_ref_in: dp_loop_ref_in input
            gamma_in: gamma_in input
    
        Returns:
            Module result with Primary_Coolant_LoopOutput (p_loop_margin, q_recovered_total, p_elec, p_pump_total, T_out, T_comp_in, dp_loop, mdot_loop, w_fluid, capacity_margin, q_ihx, mdot, r_comp)
        """
        # Validate inputs
        validated_inputs = self.validate_and_fill_default(eta_p_direct_in, mdot_loop_ref_in, n_loops_in, p_pump_direct_in, cp_in, eta_drive_in, p_loop_in, f_loss_in, eta_is_in, T_in_in, loop_live_in, q_source_in, dT_blanket_in, dp_loop_ref_in, gamma_in)
    
        # Import handwritten implementation
>       from stellarator_tea.handwritten.mfe_primary_loop.primary_coolant_loop_impl import (
            run_primary_coolant_loop,
        )
E         File "/home/reid/1cfe/fusion-tea-codex-test/exploration/stellarator_e2e/pkg/stellarator_tea/handwritten/mfe_primary_loop/primary_coolant_loop_impl.py", line 28
E           Representative helium primary circuit in sized-flow mode (WI-045, goal
E                                                                        ^
E       SyntaxError: leading zeros in decimal integer literals are not permitted; use an 0o prefix for octal integers

exploration/stellarator_e2e/pkg/stellarator_tea/modules/mfe_primary_loop/primary_coolant_loop.py:404: SyntaxError
___________ test_independent_heating_domains[-0.0-cp_in-2101.7-0.0] ____________

module = <stellarator_tea.modules.mfe_primary_loop.primary_coolant_loop.Primary_Coolant_LoopModule object at 0x7e7bb273f470>
live = 0.0, heat = 2101.7, field = 'cp_in', bad = -0.0

    @pytest.mark.parametrize('live',[0.,1.])
    @pytest.mark.parametrize('heat',[0.,2101.7])
    @pytest.mark.parametrize('field',['cp_in','dT_blanket_in'])
    @pytest.mark.parametrize('bad',[0.,-0.,-1.,math.nan,math.inf,-math.inf])
    def test_independent_heating_domains(module,live,heat,field,bad):
        with pytest.raises(ValueError,match='Primary Coolant Loop: '+field+' must be finite and positive'):
>           module.run(**(BASE|{'loop_live_in':live,'q_source_in':heat,field:bad}))

tests/models/test_primary_loop_domains.py:28: 
_ _ _ _ _ _ _ _ _ _ _ _ _ _ _ _ _ _ _ _ _ _ _ _ _ _ _ _ _ _ _ _ _ _ _ _ _ _ _ _ 

self = <stellarator_tea.modules.mfe_primary_loop.primary_coolant_loop.Primary_Coolant_LoopModule object at 0x7e7bb273f470>
eta_p_direct_in = 0.5, mdot_loop_ref_in = 225.07777777777778, n_loops_in = 9.0
p_pump_direct_in = 3.0, cp_in = -0.0, eta_drive_in = 0.95, p_loop_in = 8000000.0
f_loss_in = 1.0, eta_is_in = 0.9, T_in_in = 573.15, loop_live_in = 0.0
q_source_in = 2101.7, dT_blanket_in = 200.0, dp_loop_ref_in = 550000.0
gamma_in = 1.6667

    def run(
        self, eta_p_direct_in: float, mdot_loop_ref_in: float, n_loops_in: float, p_pump_direct_in: float, cp_in: float, eta_drive_in: float, p_loop_in: float, f_loss_in: float, eta_is_in: float, T_in_in: float, loop_live_in: float, q_source_in: float, dT_blanket_in: float, dp_loop_ref_in: float, gamma_in: float    ) -> ModuleResult[Primary_Coolant_LoopOutput]:
        """Execute calculation.
    
        Args:
            eta_p_direct_in: eta_p_direct_in input
            mdot_loop_ref_in: mdot_loop_ref_in input
            n_loops_in: n_loops_in input
            p_pump_direct_in: p_pump_direct_in input
            cp_in: cp_in input
            eta_drive_in: eta_drive_in input
            p_loop_in: p_loop_in input
            f_loss_in: f_loss_in input
            eta_is_in: eta_is_in input
            T_in_in: T_in_in input
            loop_live_in: loop_live_in input
            q_source_in: q_source_in input
            dT_blanket_in: dT_blanket_in input
            dp_loop_ref_in: dp_loop_ref_in input
            gamma_in: gamma_in input
    
        Returns:
            Module result with Primary_Coolant_LoopOutput (p_loop_margin, q_recovered_total, p_elec, p_pump_total, T_out, T_comp_in, dp_loop, mdot_loop, w_fluid, capacity_margin, q_ihx, mdot, r_comp)
        """
        # Validate inputs
        validated_inputs = self.validate_and_fill_default(eta_p_direct_in, mdot_loop_ref_in, n_loops_in, p_pump_direct_in, cp_in, eta_drive_in, p_loop_in, f_loss_in, eta_is_in, T_in_in, loop_live_in, q_source_in, dT_blanket_in, dp_loop_ref_in, gamma_in)
    
        # Import handwritten implementation
>       from stellarator_tea.handwritten.mfe_primary_loop.primary_coolant_loop_impl import (
            run_primary_coolant_loop,
        )
E         File "/home/reid/1cfe/fusion-tea-codex-test/exploration/stellarator_e2e/pkg/stellarator_tea/handwritten/mfe_primary_loop/primary_coolant_loop_impl.py", line 28
E           Representative helium primary circuit in sized-flow mode (WI-045, goal
E                                                                        ^
E       SyntaxError: leading zeros in decimal integer literals are not permitted; use an 0o prefix for octal integers

exploration/stellarator_e2e/pkg/stellarator_tea/modules/mfe_primary_loop/primary_coolant_loop.py:404: SyntaxError
___________ test_independent_heating_domains[-0.0-cp_in-2101.7-1.0] ____________

module = <stellarator_tea.modules.mfe_primary_loop.primary_coolant_loop.Primary_Coolant_LoopModule object at 0x7e7bb273f470>
live = 1.0, heat = 2101.7, field = 'cp_in', bad = -0.0

    @pytest.mark.parametrize('live',[0.,1.])
    @pytest.mark.parametrize('heat',[0.,2101.7])
    @pytest.mark.parametrize('field',['cp_in','dT_blanket_in'])
    @pytest.mark.parametrize('bad',[0.,-0.,-1.,math.nan,math.inf,-math.inf])
    def test_independent_heating_domains(module,live,heat,field,bad):
        with pytest.raises(ValueError,match='Primary Coolant Loop: '+field+' must be finite and positive'):
>           module.run(**(BASE|{'loop_live_in':live,'q_source_in':heat,field:bad}))

tests/models/test_primary_loop_domains.py:28: 
_ _ _ _ _ _ _ _ _ _ _ _ _ _ _ _ _ _ _ _ _ _ _ _ _ _ _ _ _ _ _ _ _ _ _ _ _ _ _ _ 

self = <stellarator_tea.modules.mfe_primary_loop.primary_coolant_loop.Primary_Coolant_LoopModule object at 0x7e7bb273f470>
eta_p_direct_in = 0.5, mdot_loop_ref_in = 225.07777777777778, n_loops_in = 9.0
p_pump_direct_in = 3.0, cp_in = -0.0, eta_drive_in = 0.95, p_loop_in = 8000000.0
f_loss_in = 1.0, eta_is_in = 0.9, T_in_in = 573.15, loop_live_in = 1.0
q_source_in = 2101.7, dT_blanket_in = 200.0, dp_loop_ref_in = 550000.0
gamma_in = 1.6667

    def run(
        self, eta_p_direct_in: float, mdot_loop_ref_in: float, n_loops_in: float, p_pump_direct_in: float, cp_in: float, eta_drive_in: float, p_loop_in: float, f_loss_in: float, eta_is_in: float, T_in_in: float, loop_live_in: float, q_source_in: float, dT_blanket_in: float, dp_loop_ref_in: float, gamma_in: float    ) -> ModuleResult[Primary_Coolant_LoopOutput]:
        """Execute calculation.
    
        Args:
            eta_p_direct_in: eta_p_direct_in input
            mdot_loop_ref_in: mdot_loop_ref_in input
            n_loops_in: n_loops_in input
            p_pump_direct_in: p_pump_direct_in input
            cp_in: cp_in input
            eta_drive_in: eta_drive_in input
            p_loop_in: p_loop_in input
            f_loss_in: f_loss_in input
            eta_is_in: eta_is_in input
            T_in_in: T_in_in input
            loop_live_in: loop_live_in input
            q_source_in: q_source_in input
            dT_blanket_in: dT_blanket_in input
            dp_loop_ref_in: dp_loop_ref_in input
            gamma_in: gamma_in input
    
        Returns:
            Module result with Primary_Coolant_LoopOutput (p_loop_margin, q_recovered_total, p_elec, p_pump_total, T_out, T_comp_in, dp_loop, mdot_loop, w_fluid, capacity_margin, q_ihx, mdot, r_comp)
        """
        # Validate inputs
        validated_inputs = self.validate_and_fill_default(eta_p_direct_in, mdot_loop_ref_in, n_loops_in, p_pump_direct_in, cp_in, eta_drive_in, p_loop_in, f_loss_in, eta_is_in, T_in_in, loop_live_in, q_source_in, dT_blanket_in, dp_loop_ref_in, gamma_in)
    
        # Import handwritten implementation
>       from stellarator_tea.handwritten.mfe_primary_loop.primary_coolant_loop_impl import (
            run_primary_coolant_loop,
        )
E         File "/home/reid/1cfe/fusion-tea-codex-test/exploration/stellarator_e2e/pkg/stellarator_tea/handwritten/mfe_primary_loop/primary_coolant_loop_impl.py", line 28
E           Representative helium primary circuit in sized-flow mode (WI-045, goal
E                                                                        ^
E       SyntaxError: leading zeros in decimal integer literals are not permitted; use an 0o prefix for octal integers

exploration/stellarator_e2e/pkg/stellarator_tea/modules/mfe_primary_loop/primary_coolant_loop.py:404: SyntaxError
_________ test_independent_heating_domains[-0.0-dT_blanket_in-0.0-0.0] _________

module = <stellarator_tea.modules.mfe_primary_loop.primary_coolant_loop.Primary_Coolant_LoopModule object at 0x7e7bb273f470>
live = 0.0, heat = 0.0, field = 'dT_blanket_in', bad = -0.0

    @pytest.mark.parametrize('live',[0.,1.])
    @pytest.mark.parametrize('heat',[0.,2101.7])
    @pytest.mark.parametrize('field',['cp_in','dT_blanket_in'])
    @pytest.mark.parametrize('bad',[0.,-0.,-1.,math.nan,math.inf,-math.inf])
    def test_independent_heating_domains(module,live,heat,field,bad):
        with pytest.raises(ValueError,match='Primary Coolant Loop: '+field+' must be finite and positive'):
>           module.run(**(BASE|{'loop_live_in':live,'q_source_in':heat,field:bad}))

tests/models/test_primary_loop_domains.py:28: 
_ _ _ _ _ _ _ _ _ _ _ _ _ _ _ _ _ _ _ _ _ _ _ _ _ _ _ _ _ _ _ _ _ _ _ _ _ _ _ _ 

self = <stellarator_tea.modules.mfe_primary_loop.primary_coolant_loop.Primary_Coolant_LoopModule object at 0x7e7bb273f470>
eta_p_direct_in = 0.5, mdot_loop_ref_in = 225.07777777777778, n_loops_in = 9.0
p_pump_direct_in = 3.0, cp_in = 5193.0, eta_drive_in = 0.95
p_loop_in = 8000000.0, f_loss_in = 1.0, eta_is_in = 0.9, T_in_in = 573.15
loop_live_in = 0.0, q_source_in = 0.0, dT_blanket_in = -0.0
dp_loop_ref_in = 550000.0, gamma_in = 1.6667

    def run(
        self, eta_p_direct_in: float, mdot_loop_ref_in: float, n_loops_in: float, p_pump_direct_in: float, cp_in: float, eta_drive_in: float, p_loop_in: float, f_loss_in: float, eta_is_in: float, T_in_in: float, loop_live_in: float, q_source_in: float, dT_blanket_in: float, dp_loop_ref_in: float, gamma_in: float    ) -> ModuleResult[Primary_Coolant_LoopOutput]:
        """Execute calculation.
    
        Args:
            eta_p_direct_in: eta_p_direct_in input
            mdot_loop_ref_in: mdot_loop_ref_in input
            n_loops_in: n_loops_in input
            p_pump_direct_in: p_pump_direct_in input
            cp_in: cp_in input
            eta_drive_in: eta_drive_in input
            p_loop_in: p_loop_in input
            f_loss_in: f_loss_in input
            eta_is_in: eta_is_in input
            T_in_in: T_in_in input
            loop_live_in: loop_live_in input
            q_source_in: q_source_in input
            dT_blanket_in: dT_blanket_in input
            dp_loop_ref_in: dp_loop_ref_in input
            gamma_in: gamma_in input
    
        Returns:
            Module result with Primary_Coolant_LoopOutput (p_loop_margin, q_recovered_total, p_elec, p_pump_total, T_out, T_comp_in, dp_loop, mdot_loop, w_fluid, capacity_margin, q_ihx, mdot, r_comp)
        """
        # Validate inputs
        validated_inputs = self.validate_and_fill_default(eta_p_direct_in, mdot_loop_ref_in, n_loops_in, p_pump_direct_in, cp_in, eta_drive_in, p_loop_in, f_loss_in, eta_is_in, T_in_in, loop_live_in, q_source_in, dT_blanket_in, dp_loop_ref_in, gamma_in)
    
        # Import handwritten implementation
>       from stellarator_tea.handwritten.mfe_primary_loop.primary_coolant_loop_impl import (
            run_primary_coolant_loop,
        )
E         File "/home/reid/1cfe/fusion-tea-codex-test/exploration/stellarator_e2e/pkg/stellarator_tea/handwritten/mfe_primary_loop/primary_coolant_loop_impl.py", line 28
E           Representative helium primary circuit in sized-flow mode (WI-045, goal
E                                                                        ^
E       SyntaxError: leading zeros in decimal integer literals are not permitted; use an 0o prefix for octal integers

exploration/stellarator_e2e/pkg/stellarator_tea/modules/mfe_primary_loop/primary_coolant_loop.py:404: SyntaxError
_________ test_independent_heating_domains[-0.0-dT_blanket_in-0.0-1.0] _________

module = <stellarator_tea.modules.mfe_primary_loop.primary_coolant_loop.Primary_Coolant_LoopModule object at 0x7e7bb273f470>
live = 1.0, heat = 0.0, field = 'dT_blanket_in', bad = -0.0

    @pytest.mark.parametrize('live',[0.,1.])
    @pytest.mark.parametrize('heat',[0.,2101.7])
    @pytest.mark.parametrize('field',['cp_in','dT_blanket_in'])
    @pytest.mark.parametrize('bad',[0.,-0.,-1.,math.nan,math.inf,-math.inf])
    def test_independent_heating_domains(module,live,heat,field,bad):
        with pytest.raises(ValueError,match='Primary Coolant Loop: '+field+' must be finite and positive'):
>           module.run(**(BASE|{'loop_live_in':live,'q_source_in':heat,field:bad}))

tests/models/test_primary_loop_domains.py:28: 
_ _ _ _ _ _ _ _ _ _ _ _ _ _ _ _ _ _ _ _ _ _ _ _ _ _ _ _ _ _ _ _ _ _ _ _ _ _ _ _ 

self = <stellarator_tea.modules.mfe_primary_loop.primary_coolant_loop.Primary_Coolant_LoopModule object at 0x7e7bb273f470>
eta_p_direct_in = 0.5, mdot_loop_ref_in = 225.07777777777778, n_loops_in = 9.0
p_pump_direct_in = 3.0, cp_in = 5193.0, eta_drive_in = 0.95
p_loop_in = 8000000.0, f_loss_in = 1.0, eta_is_in = 0.9, T_in_in = 573.15
loop_live_in = 1.0, q_source_in = 0.0, dT_blanket_in = -0.0
dp_loop_ref_in = 550000.0, gamma_in = 1.6667

    def run(
        self, eta_p_direct_in: float, mdot_loop_ref_in: float, n_loops_in: float, p_pump_direct_in: float, cp_in: float, eta_drive_in: float, p_loop_in: float, f_loss_in: float, eta_is_in: float, T_in_in: float, loop_live_in: float, q_source_in: float, dT_blanket_in: float, dp_loop_ref_in: float, gamma_in: float    ) -> ModuleResult[Primary_Coolant_LoopOutput]:
        """Execute calculation.
    
        Args:
            eta_p_direct_in: eta_p_direct_in input
            mdot_loop_ref_in: mdot_loop_ref_in input
            n_loops_in: n_loops_in input
            p_pump_direct_in: p_pump_direct_in input
            cp_in: cp_in input
            eta_drive_in: eta_drive_in input
            p_loop_in: p_loop_in input
            f_loss_in: f_loss_in input
            eta_is_in: eta_is_in input
            T_in_in: T_in_in input
            loop_live_in: loop_live_in input
            q_source_in: q_source_in input
            dT_blanket_in: dT_blanket_in input
            dp_loop_ref_in: dp_loop_ref_in input
            gamma_in: gamma_in input
    
        Returns:
            Module result with Primary_Coolant_LoopOutput (p_loop_margin, q_recovered_total, p_elec, p_pump_total, T_out, T_comp_in, dp_loop, mdot_loop, w_fluid, capacity_margin, q_ihx, mdot, r_comp)
        """
        # Validate inputs
        validated_inputs = self.validate_and_fill_default(eta_p_direct_in, mdot_loop_ref_in, n_loops_in, p_pump_direct_in, cp_in, eta_drive_in, p_loop_in, f_loss_in, eta_is_in, T_in_in, loop_live_in, q_source_in, dT_blanket_in, dp_loop_ref_in, gamma_in)
    
        # Import handwritten implementation
>       from stellarator_tea.handwritten.mfe_primary_loop.primary_coolant_loop_impl import (
            run_primary_coolant_loop,
        )
E         File "/home/reid/1cfe/fusion-tea-codex-test/exploration/stellarator_e2e/pkg/stellarator_tea/handwritten/mfe_primary_loop/primary_coolant_loop_impl.py", line 28
E           Representative helium primary circuit in sized-flow mode (WI-045, goal
E                                                                        ^
E       SyntaxError: leading zeros in decimal integer literals are not permitted; use an 0o prefix for octal integers

exploration/stellarator_e2e/pkg/stellarator_tea/modules/mfe_primary_loop/primary_coolant_loop.py:404: SyntaxError
_______ test_independent_heating_domains[-0.0-dT_blanket_in-2101.7-0.0] ________

module = <stellarator_tea.modules.mfe_primary_loop.primary_coolant_loop.Primary_Coolant_LoopModule object at 0x7e7bb273f470>
live = 0.0, heat = 2101.7, field = 'dT_blanket_in', bad = -0.0

    @pytest.mark.parametrize('live',[0.,1.])
    @pytest.mark.parametrize('heat',[0.,2101.7])
    @pytest.mark.parametrize('field',['cp_in','dT_blanket_in'])
    @pytest.mark.parametrize('bad',[0.,-0.,-1.,math.nan,math.inf,-math.inf])
    def test_independent_heating_domains(module,live,heat,field,bad):
        with pytest.raises(ValueError,match='Primary Coolant Loop: '+field+' must be finite and positive'):
>           module.run(**(BASE|{'loop_live_in':live,'q_source_in':heat,field:bad}))

tests/models/test_primary_loop_domains.py:28: 
_ _ _ _ _ _ _ _ _ _ _ _ _ _ _ _ _ _ _ _ _ _ _ _ _ _ _ _ _ _ _ _ _ _ _ _ _ _ _ _ 

self = <stellarator_tea.modules.mfe_primary_loop.primary_coolant_loop.Primary_Coolant_LoopModule object at 0x7e7bb273f470>
eta_p_direct_in = 0.5, mdot_loop_ref_in = 225.07777777777778, n_loops_in = 9.0
p_pump_direct_in = 3.0, cp_in = 5193.0, eta_drive_in = 0.95
p_loop_in = 8000000.0, f_loss_in = 1.0, eta_is_in = 0.9, T_in_in = 573.15
loop_live_in = 0.0, q_source_in = 2101.7, dT_blanket_in = -0.0
dp_loop_ref_in = 550000.0, gamma_in = 1.6667

    def run(
        self, eta_p_direct_in: float, mdot_loop_ref_in: float, n_loops_in: float, p_pump_direct_in: float, cp_in: float, eta_drive_in: float, p_loop_in: float, f_loss_in: float, eta_is_in: float, T_in_in: float, loop_live_in: float, q_source_in: float, dT_blanket_in: float, dp_loop_ref_in: float, gamma_in: float    ) -> ModuleResult[Primary_Coolant_LoopOutput]:
        """Execute calculation.
    
        Args:
            eta_p_direct_in: eta_p_direct_in input
            mdot_loop_ref_in: mdot_loop_ref_in input
            n_loops_in: n_loops_in input
            p_pump_direct_in: p_pump_direct_in input
            cp_in: cp_in input
            eta_drive_in: eta_drive_in input
            p_loop_in: p_loop_in input
            f_loss_in: f_loss_in input
            eta_is_in: eta_is_in input
            T_in_in: T_in_in input
            loop_live_in: loop_live_in input
            q_source_in: q_source_in input
            dT_blanket_in: dT_blanket_in input
            dp_loop_ref_in: dp_loop_ref_in input
            gamma_in: gamma_in input
    
        Returns:
            Module result with Primary_Coolant_LoopOutput (p_loop_margin, q_recovered_total, p_elec, p_pump_total, T_out, T_comp_in, dp_loop, mdot_loop, w_fluid, capacity_margin, q_ihx, mdot, r_comp)
        """
        # Validate inputs
        validated_inputs = self.validate_and_fill_default(eta_p_direct_in, mdot_loop_ref_in, n_loops_in, p_pump_direct_in, cp_in, eta_drive_in, p_loop_in, f_loss_in, eta_is_in, T_in_in, loop_live_in, q_source_in, dT_blanket_in, dp_loop_ref_in, gamma_in)
    
        # Import handwritten implementation
>       from stellarator_tea.handwritten.mfe_primary_loop.primary_coolant_loop_impl import (
            run_primary_coolant_loop,
        )
E         File "/home/reid/1cfe/fusion-tea-codex-test/exploration/stellarator_e2e/pkg/stellarator_tea/handwritten/mfe_primary_loop/primary_coolant_loop_impl.py", line 28
E           Representative helium primary circuit in sized-flow mode (WI-045, goal
E                                                                        ^
E       SyntaxError: leading zeros in decimal integer literals are not permitted; use an 0o prefix for octal integers

exploration/stellarator_e2e/pkg/stellarator_tea/modules/mfe_primary_loop/primary_coolant_loop.py:404: SyntaxError
_______ test_independent_heating_domains[-0.0-dT_blanket_in-2101.7-1.0] ________

module = <stellarator_tea.modules.mfe_primary_loop.primary_coolant_loop.Primary_Coolant_LoopModule object at 0x7e7bb273f470>
live = 1.0, heat = 2101.7, field = 'dT_blanket_in', bad = -0.0

    @pytest.mark.parametrize('live',[0.,1.])
    @pytest.mark.parametrize('heat',[0.,2101.7])
    @pytest.mark.parametrize('field',['cp_in','dT_blanket_in'])
    @pytest.mark.parametrize('bad',[0.,-0.,-1.,math.nan,math.inf,-math.inf])
    def test_independent_heating_domains(module,live,heat,field,bad):
        with pytest.raises(ValueError,match='Primary Coolant Loop: '+field+' must be finite and positive'):
>           module.run(**(BASE|{'loop_live_in':live,'q_source_in':heat,field:bad}))

tests/models/test_primary_loop_domains.py:28: 
_ _ _ _ _ _ _ _ _ _ _ _ _ _ _ _ _ _ _ _ _ _ _ _ _ _ _ _ _ _ _ _ _ _ _ _ _ _ _ _ 

self = <stellarator_tea.modules.mfe_primary_loop.primary_coolant_loop.Primary_Coolant_LoopModule object at 0x7e7bb273f470>
eta_p_direct_in = 0.5, mdot_loop_ref_in = 225.07777777777778, n_loops_in = 9.0
p_pump_direct_in = 3.0, cp_in = 5193.0, eta_drive_in = 0.95
p_loop_in = 8000000.0, f_loss_in = 1.0, eta_is_in = 0.9, T_in_in = 573.15
loop_live_in = 1.0, q_source_in = 2101.7, dT_blanket_in = -0.0
dp_loop_ref_in = 550000.0, gamma_in = 1.6667

    def run(
        self, eta_p_direct_in: float, mdot_loop_ref_in: float, n_loops_in: float, p_pump_direct_in: float, cp_in: float, eta_drive_in: float, p_loop_in: float, f_loss_in: float, eta_is_in: float, T_in_in: float, loop_live_in: float, q_source_in: float, dT_blanket_in: float, dp_loop_ref_in: float, gamma_in: float    ) -> ModuleResult[Primary_Coolant_LoopOutput]:
        """Execute calculation.
    
        Args:
            eta_p_direct_in: eta_p_direct_in input
            mdot_loop_ref_in: mdot_loop_ref_in input
            n_loops_in: n_loops_in input
            p_pump_direct_in: p_pump_direct_in input
            cp_in: cp_in input
            eta_drive_in: eta_drive_in input
            p_loop_in: p_loop_in input
            f_loss_in: f_loss_in input
            eta_is_in: eta_is_in input
            T_in_in: T_in_in input
            loop_live_in: loop_live_in input
            q_source_in: q_source_in input
            dT_blanket_in: dT_blanket_in input
            dp_loop_ref_in: dp_loop_ref_in input
            gamma_in: gamma_in input
    
        Returns:
            Module result with Primary_Coolant_LoopOutput (p_loop_margin, q_recovered_total, p_elec, p_pump_total, T_out, T_comp_in, dp_loop, mdot_loop, w_fluid, capacity_margin, q_ihx, mdot, r_comp)
        """
        # Validate inputs
        validated_inputs = self.validate_and_fill_default(eta_p_direct_in, mdot_loop_ref_in, n_loops_in, p_pump_direct_in, cp_in, eta_drive_in, p_loop_in, f_loss_in, eta_is_in, T_in_in, loop_live_in, q_source_in, dT_blanket_in, dp_loop_ref_in, gamma_in)
    
        # Import handwritten implementation
>       from stellarator_tea.handwritten.mfe_primary_loop.primary_coolant_loop_impl import (
            run_primary_coolant_loop,
        )
E         File "/home/reid/1cfe/fusion-tea-codex-test/exploration/stellarator_e2e/pkg/stellarator_tea/handwritten/mfe_primary_loop/primary_coolant_loop_impl.py", line 28
E           Representative helium primary circuit in sized-flow mode (WI-045, goal
E                                                                        ^
E       SyntaxError: leading zeros in decimal integer literals are not permitted; use an 0o prefix for octal integers

exploration/stellarator_e2e/pkg/stellarator_tea/modules/mfe_primary_loop/primary_coolant_loop.py:404: SyntaxError
_____________ test_independent_heating_domains[-1.0-cp_in-0.0-0.0] _____________

module = <stellarator_tea.modules.mfe_primary_loop.primary_coolant_loop.Primary_Coolant_LoopModule object at 0x7e7bb273f470>
live = 0.0, heat = 0.0, field = 'cp_in', bad = -1.0

    @pytest.mark.parametrize('live',[0.,1.])
    @pytest.mark.parametrize('heat',[0.,2101.7])
    @pytest.mark.parametrize('field',['cp_in','dT_blanket_in'])
    @pytest.mark.parametrize('bad',[0.,-0.,-1.,math.nan,math.inf,-math.inf])
    def test_independent_heating_domains(module,live,heat,field,bad):
        with pytest.raises(ValueError,match='Primary Coolant Loop: '+field+' must be finite and positive'):
>           module.run(**(BASE|{'loop_live_in':live,'q_source_in':heat,field:bad}))

tests/models/test_primary_loop_domains.py:28: 
_ _ _ _ _ _ _ _ _ _ _ _ _ _ _ _ _ _ _ _ _ _ _ _ _ _ _ _ _ _ _ _ _ _ _ _ _ _ _ _ 

self = <stellarator_tea.modules.mfe_primary_loop.primary_coolant_loop.Primary_Coolant_LoopModule object at 0x7e7bb273f470>
eta_p_direct_in = 0.5, mdot_loop_ref_in = 225.07777777777778, n_loops_in = 9.0
p_pump_direct_in = 3.0, cp_in = -1.0, eta_drive_in = 0.95, p_loop_in = 8000000.0
f_loss_in = 1.0, eta_is_in = 0.9, T_in_in = 573.15, loop_live_in = 0.0
q_source_in = 0.0, dT_blanket_in = 200.0, dp_loop_ref_in = 550000.0
gamma_in = 1.6667

    def run(
        self, eta_p_direct_in: float, mdot_loop_ref_in: float, n_loops_in: float, p_pump_direct_in: float, cp_in: float, eta_drive_in: float, p_loop_in: float, f_loss_in: float, eta_is_in: float, T_in_in: float, loop_live_in: float, q_source_in: float, dT_blanket_in: float, dp_loop_ref_in: float, gamma_in: float    ) -> ModuleResult[Primary_Coolant_LoopOutput]:
        """Execute calculation.
    
        Args:
            eta_p_direct_in: eta_p_direct_in input
            mdot_loop_ref_in: mdot_loop_ref_in input
            n_loops_in: n_loops_in input
            p_pump_direct_in: p_pump_direct_in input
            cp_in: cp_in input
            eta_drive_in: eta_drive_in input
            p_loop_in: p_loop_in input
            f_loss_in: f_loss_in input
            eta_is_in: eta_is_in input
            T_in_in: T_in_in input
            loop_live_in: loop_live_in input
            q_source_in: q_source_in input
            dT_blanket_in: dT_blanket_in input
            dp_loop_ref_in: dp_loop_ref_in input
            gamma_in: gamma_in input
    
        Returns:
            Module result with Primary_Coolant_LoopOutput (p_loop_margin, q_recovered_total, p_elec, p_pump_total, T_out, T_comp_in, dp_loop, mdot_loop, w_fluid, capacity_margin, q_ihx, mdot, r_comp)
        """
        # Validate inputs
        validated_inputs = self.validate_and_fill_default(eta_p_direct_in, mdot_loop_ref_in, n_loops_in, p_pump_direct_in, cp_in, eta_drive_in, p_loop_in, f_loss_in, eta_is_in, T_in_in, loop_live_in, q_source_in, dT_blanket_in, dp_loop_ref_in, gamma_in)
    
        # Import handwritten implementation
>       from stellarator_tea.handwritten.mfe_primary_loop.primary_coolant_loop_impl import (
            run_primary_coolant_loop,
        )
E         File "/home/reid/1cfe/fusion-tea-codex-test/exploration/stellarator_e2e/pkg/stellarator_tea/handwritten/mfe_primary_loop/primary_coolant_loop_impl.py", line 28
E           Representative helium primary circuit in sized-flow mode (WI-045, goal
E                                                                        ^
E       SyntaxError: leading zeros in decimal integer literals are not permitted; use an 0o prefix for octal integers

exploration/stellarator_e2e/pkg/stellarator_tea/modules/mfe_primary_loop/primary_coolant_loop.py:404: SyntaxError
_____________ test_independent_heating_domains[-1.0-cp_in-0.0-1.0] _____________

module = <stellarator_tea.modules.mfe_primary_loop.primary_coolant_loop.Primary_Coolant_LoopModule object at 0x7e7bb273f470>
live = 1.0, heat = 0.0, field = 'cp_in', bad = -1.0

    @pytest.mark.parametrize('live',[0.,1.])
    @pytest.mark.parametrize('heat',[0.,2101.7])
    @pytest.mark.parametrize('field',['cp_in','dT_blanket_in'])
    @pytest.mark.parametrize('bad',[0.,-0.,-1.,math.nan,math.inf,-math.inf])
    def test_independent_heating_domains(module,live,heat,field,bad):
        with pytest.raises(ValueError,match='Primary Coolant Loop: '+field+' must be finite and positive'):
>           module.run(**(BASE|{'loop_live_in':live,'q_source_in':heat,field:bad}))

tests/models/test_primary_loop_domains.py:28: 
_ _ _ _ _ _ _ _ _ _ _ _ _ _ _ _ _ _ _ _ _ _ _ _ _ _ _ _ _ _ _ _ _ _ _ _ _ _ _ _ 

self = <stellarator_tea.modules.mfe_primary_loop.primary_coolant_loop.Primary_Coolant_LoopModule object at 0x7e7bb273f470>
eta_p_direct_in = 0.5, mdot_loop_ref_in = 225.07777777777778, n_loops_in = 9.0
p_pump_direct_in = 3.0, cp_in = -1.0, eta_drive_in = 0.95, p_loop_in = 8000000.0
f_loss_in = 1.0, eta_is_in = 0.9, T_in_in = 573.15, loop_live_in = 1.0
q_source_in = 0.0, dT_blanket_in = 200.0, dp_loop_ref_in = 550000.0
gamma_in = 1.6667

    def run(
        self, eta_p_direct_in: float, mdot_loop_ref_in: float, n_loops_in: float, p_pump_direct_in: float, cp_in: float, eta_drive_in: float, p_loop_in: float, f_loss_in: float, eta_is_in: float, T_in_in: float, loop_live_in: float, q_source_in: float, dT_blanket_in: float, dp_loop_ref_in: float, gamma_in: float    ) -> ModuleResult[Primary_Coolant_LoopOutput]:
        """Execute calculation.
    
        Args:
            eta_p_direct_in: eta_p_direct_in input
            mdot_loop_ref_in: mdot_loop_ref_in input
            n_loops_in: n_loops_in input
            p_pump_direct_in: p_pump_direct_in input
            cp_in: cp_in input
            eta_drive_in: eta_drive_in input
            p_loop_in: p_loop_in input
            f_loss_in: f_loss_in input
            eta_is_in: eta_is_in input
            T_in_in: T_in_in input
            loop_live_in: loop_live_in input
            q_source_in: q_source_in input
            dT_blanket_in: dT_blanket_in input
            dp_loop_ref_in: dp_loop_ref_in input
            gamma_in: gamma_in input
    
        Returns:
            Module result with Primary_Coolant_LoopOutput (p_loop_margin, q_recovered_total, p_elec, p_pump_total, T_out, T_comp_in, dp_loop, mdot_loop, w_fluid, capacity_margin, q_ihx, mdot, r_comp)
        """
        # Validate inputs
        validated_inputs = self.validate_and_fill_default(eta_p_direct_in, mdot_loop_ref_in, n_loops_in, p_pump_direct_in, cp_in, eta_drive_in, p_loop_in, f_loss_in, eta_is_in, T_in_in, loop_live_in, q_source_in, dT_blanket_in, dp_loop_ref_in, gamma_in)
    
        # Import handwritten implementation
>       from stellarator_tea.handwritten.mfe_primary_loop.primary_coolant_loop_impl import (
            run_primary_coolant_loop,
        )
E         File "/home/reid/1cfe/fusion-tea-codex-test/exploration/stellarator_e2e/pkg/stellarator_tea/handwritten/mfe_primary_loop/primary_coolant_loop_impl.py", line 28
E           Representative helium primary circuit in sized-flow mode (WI-045, goal
E                                                                        ^
E       SyntaxError: leading zeros in decimal integer literals are not permitted; use an 0o prefix for octal integers

exploration/stellarator_e2e/pkg/stellarator_tea/modules/mfe_primary_loop/primary_coolant_loop.py:404: SyntaxError
___________ test_independent_heating_domains[-1.0-cp_in-2101.7-0.0] ____________

module = <stellarator_tea.modules.mfe_primary_loop.primary_coolant_loop.Primary_Coolant_LoopModule object at 0x7e7bb273f470>
live = 0.0, heat = 2101.7, field = 'cp_in', bad = -1.0

    @pytest.mark.parametrize('live',[0.,1.])
    @pytest.mark.parametrize('heat',[0.,2101.7])
    @pytest.mark.parametrize('field',['cp_in','dT_blanket_in'])
    @pytest.mark.parametrize('bad',[0.,-0.,-1.,math.nan,math.inf,-math.inf])
    def test_independent_heating_domains(module,live,heat,field,bad):
        with pytest.raises(ValueError,match='Primary Coolant Loop: '+field+' must be finite and positive'):
>           module.run(**(BASE|{'loop_live_in':live,'q_source_in':heat,field:bad}))

tests/models/test_primary_loop_domains.py:28: 
_ _ _ _ _ _ _ _ _ _ _ _ _ _ _ _ _ _ _ _ _ _ _ _ _ _ _ _ _ _ _ _ _ _ _ _ _ _ _ _ 

self = <stellarator_tea.modules.mfe_primary_loop.primary_coolant_loop.Primary_Coolant_LoopModule object at 0x7e7bb273f470>
eta_p_direct_in = 0.5, mdot_loop_ref_in = 225.07777777777778, n_loops_in = 9.0
p_pump_direct_in = 3.0, cp_in = -1.0, eta_drive_in = 0.95, p_loop_in = 8000000.0
f_loss_in = 1.0, eta_is_in = 0.9, T_in_in = 573.15, loop_live_in = 0.0
q_source_in = 2101.7, dT_blanket_in = 200.0, dp_loop_ref_in = 550000.0
gamma_in = 1.6667

    def run(
        self, eta_p_direct_in: float, mdot_loop_ref_in: float, n_loops_in: float, p_pump_direct_in: float, cp_in: float, eta_drive_in: float, p_loop_in: float, f_loss_in: float, eta_is_in: float, T_in_in: float, loop_live_in: float, q_source_in: float, dT_blanket_in: float, dp_loop_ref_in: float, gamma_in: float    ) -> ModuleResult[Primary_Coolant_LoopOutput]:
        """Execute calculation.
    
        Args:
            eta_p_direct_in: eta_p_direct_in input
            mdot_loop_ref_in: mdot_loop_ref_in input
            n_loops_in: n_loops_in input
            p_pump_direct_in: p_pump_direct_in input
            cp_in: cp_in input
            eta_drive_in: eta_drive_in input
            p_loop_in: p_loop_in input
            f_loss_in: f_loss_in input
            eta_is_in: eta_is_in input
            T_in_in: T_in_in input
            loop_live_in: loop_live_in input
            q_source_in: q_source_in input
            dT_blanket_in: dT_blanket_in input
            dp_loop_ref_in: dp_loop_ref_in input
            gamma_in: gamma_in input
    
        Returns:
            Module result with Primary_Coolant_LoopOutput (p_loop_margin, q_recovered_total, p_elec, p_pump_total, T_out, T_comp_in, dp_loop, mdot_loop, w_fluid, capacity_margin, q_ihx, mdot, r_comp)
        """
        # Validate inputs
        validated_inputs = self.validate_and_fill_default(eta_p_direct_in, mdot_loop_ref_in, n_loops_in, p_pump_direct_in, cp_in, eta_drive_in, p_loop_in, f_loss_in, eta_is_in, T_in_in, loop_live_in, q_source_in, dT_blanket_in, dp_loop_ref_in, gamma_in)
    
        # Import handwritten implementation
>       from stellarator_tea.handwritten.mfe_primary_loop.primary_coolant_loop_impl import (
            run_primary_coolant_loop,
        )
E         File "/home/reid/1cfe/fusion-tea-codex-test/exploration/stellarator_e2e/pkg/stellarator_tea/handwritten/mfe_primary_loop/primary_coolant_loop_impl.py", line 28
E           Representative helium primary circuit in sized-flow mode (WI-045, goal
E                                                                        ^
E       SyntaxError: leading zeros in decimal integer literals are not permitted; use an 0o prefix for octal integers

exploration/stellarator_e2e/pkg/stellarator_tea/modules/mfe_primary_loop/primary_coolant_loop.py:404: SyntaxError
___________ test_independent_heating_domains[-1.0-cp_in-2101.7-1.0] ____________

module = <stellarator_tea.modules.mfe_primary_loop.primary_coolant_loop.Primary_Coolant_LoopModule object at 0x7e7bb273f470>
live = 1.0, heat = 2101.7, field = 'cp_in', bad = -1.0

    @pytest.mark.parametrize('live',[0.,1.])
    @pytest.mark.parametrize('heat',[0.,2101.7])
    @pytest.mark.parametrize('field',['cp_in','dT_blanket_in'])
    @pytest.mark.parametrize('bad',[0.,-0.,-1.,math.nan,math.inf,-math.inf])
    def test_independent_heating_domains(module,live,heat,field,bad):
        with pytest.raises(ValueError,match='Primary Coolant Loop: '+field+' must be finite and positive'):
>           module.run(**(BASE|{'loop_live_in':live,'q_source_in':heat,field:bad}))

tests/models/test_primary_loop_domains.py:28: 
_ _ _ _ _ _ _ _ _ _ _ _ _ _ _ _ _ _ _ _ _ _ _ _ _ _ _ _ _ _ _ _ _ _ _ _ _ _ _ _ 

self = <stellarator_tea.modules.mfe_primary_loop.primary_coolant_loop.Primary_Coolant_LoopModule object at 0x7e7bb273f470>
eta_p_direct_in = 0.5, mdot_loop_ref_in = 225.07777777777778, n_loops_in = 9.0
p_pump_direct_in = 3.0, cp_in = -1.0, eta_drive_in = 0.95, p_loop_in = 8000000.0
f_loss_in = 1.0, eta_is_in = 0.9, T_in_in = 573.15, loop_live_in = 1.0
q_source_in = 2101.7, dT_blanket_in = 200.0, dp_loop_ref_in = 550000.0
gamma_in = 1.6667

    def run(
        self, eta_p_direct_in: float, mdot_loop_ref_in: float, n_loops_in: float, p_pump_direct_in: float, cp_in: float, eta_drive_in: float, p_loop_in: float, f_loss_in: float, eta_is_in: float, T_in_in: float, loop_live_in: float, q_source_in: float, dT_blanket_in: float, dp_loop_ref_in: float, gamma_in: float    ) -> ModuleResult[Primary_Coolant_LoopOutput]:
        """Execute calculation.
    
        Args:
            eta_p_direct_in: eta_p_direct_in input
            mdot_loop_ref_in: mdot_loop_ref_in input
            n_loops_in: n_loops_in input
            p_pump_direct_in: p_pump_direct_in input
            cp_in: cp_in input
            eta_drive_in: eta_drive_in input
            p_loop_in: p_loop_in input
            f_loss_in: f_loss_in input
            eta_is_in: eta_is_in input
            T_in_in: T_in_in input
            loop_live_in: loop_live_in input
            q_source_in: q_source_in input
            dT_blanket_in: dT_blanket_in input
            dp_loop_ref_in: dp_loop_ref_in input
            gamma_in: gamma_in input
    
        Returns:
            Module result with Primary_Coolant_LoopOutput (p_loop_margin, q_recovered_total, p_elec, p_pump_total, T_out, T_comp_in, dp_loop, mdot_loop, w_fluid, capacity_margin, q_ihx, mdot, r_comp)
        """
        # Validate inputs
        validated_inputs = self.validate_and_fill_default(eta_p_direct_in, mdot_loop_ref_in, n_loops_in, p_pump_direct_in, cp_in, eta_drive_in, p_loop_in, f_loss_in, eta_is_in, T_in_in, loop_live_in, q_source_in, dT_blanket_in, dp_loop_ref_in, gamma_in)
    
        # Import handwritten implementation
>       from stellarator_tea.handwritten.mfe_primary_loop.primary_coolant_loop_impl import (
            run_primary_coolant_loop,
        )
E         File "/home/reid/1cfe/fusion-tea-codex-test/exploration/stellarator_e2e/pkg/stellarator_tea/handwritten/mfe_primary_loop/primary_coolant_loop_impl.py", line 28
E           Representative helium primary circuit in sized-flow mode (WI-045, goal
E                                                                        ^
E       SyntaxError: leading zeros in decimal integer literals are not permitted; use an 0o prefix for octal integers

exploration/stellarator_e2e/pkg/stellarator_tea/modules/mfe_primary_loop/primary_coolant_loop.py:404: SyntaxError
_________ test_independent_heating_domains[-1.0-dT_blanket_in-0.0-0.0] _________

module = <stellarator_tea.modules.mfe_primary_loop.primary_coolant_loop.Primary_Coolant_LoopModule object at 0x7e7bb273f470>
live = 0.0, heat = 0.0, field = 'dT_blanket_in', bad = -1.0

    @pytest.mark.parametrize('live',[0.,1.])
    @pytest.mark.parametrize('heat',[0.,2101.7])
    @pytest.mark.parametrize('field',['cp_in','dT_blanket_in'])
    @pytest.mark.parametrize('bad',[0.,-0.,-1.,math.nan,math.inf,-math.inf])
    def test_independent_heating_domains(module,live,heat,field,bad):
        with pytest.raises(ValueError,match='Primary Coolant Loop: '+field+' must be finite and positive'):
>           module.run(**(BASE|{'loop_live_in':live,'q_source_in':heat,field:bad}))

tests/models/test_primary_loop_domains.py:28: 
_ _ _ _ _ _ _ _ _ _ _ _ _ _ _ _ _ _ _ _ _ _ _ _ _ _ _ _ _ _ _ _ _ _ _ _ _ _ _ _ 

self = <stellarator_tea.modules.mfe_primary_loop.primary_coolant_loop.Primary_Coolant_LoopModule object at 0x7e7bb273f470>
eta_p_direct_in = 0.5, mdot_loop_ref_in = 225.07777777777778, n_loops_in = 9.0
p_pump_direct_in = 3.0, cp_in = 5193.0, eta_drive_in = 0.95
p_loop_in = 8000000.0, f_loss_in = 1.0, eta_is_in = 0.9, T_in_in = 573.15
loop_live_in = 0.0, q_source_in = 0.0, dT_blanket_in = -1.0
dp_loop_ref_in = 550000.0, gamma_in = 1.6667

    def run(
        self, eta_p_direct_in: float, mdot_loop_ref_in: float, n_loops_in: float, p_pump_direct_in: float, cp_in: float, eta_drive_in: float, p_loop_in: float, f_loss_in: float, eta_is_in: float, T_in_in: float, loop_live_in: float, q_source_in: float, dT_blanket_in: float, dp_loop_ref_in: float, gamma_in: float    ) -> ModuleResult[Primary_Coolant_LoopOutput]:
        """Execute calculation.
    
        Args:
            eta_p_direct_in: eta_p_direct_in input
            mdot_loop_ref_in: mdot_loop_ref_in input
            n_loops_in: n_loops_in input
            p_pump_direct_in: p_pump_direct_in input
            cp_in: cp_in input
            eta_drive_in: eta_drive_in input
            p_loop_in: p_loop_in input
            f_loss_in: f_loss_in input
            eta_is_in: eta_is_in input
            T_in_in: T_in_in input
            loop_live_in: loop_live_in input
            q_source_in: q_source_in input
            dT_blanket_in: dT_blanket_in input
            dp_loop_ref_in: dp_loop_ref_in input
            gamma_in: gamma_in input
    
        Returns:
            Module result with Primary_Coolant_LoopOutput (p_loop_margin, q_recovered_total, p_elec, p_pump_total, T_out, T_comp_in, dp_loop, mdot_loop, w_fluid, capacity_margin, q_ihx, mdot, r_comp)
        """
        # Validate inputs
        validated_inputs = self.validate_and_fill_default(eta_p_direct_in, mdot_loop_ref_in, n_loops_in, p_pump_direct_in, cp_in, eta_drive_in, p_loop_in, f_loss_in, eta_is_in, T_in_in, loop_live_in, q_source_in, dT_blanket_in, dp_loop_ref_in, gamma_in)
    
        # Import handwritten implementation
>       from stellarator_tea.handwritten.mfe_primary_loop.primary_coolant_loop_impl import (
            run_primary_coolant_loop,
        )
E         File "/home/reid/1cfe/fusion-tea-codex-test/exploration/stellarator_e2e/pkg/stellarator_tea/handwritten/mfe_primary_loop/primary_coolant_loop_impl.py", line 28
E           Representative helium primary circuit in sized-flow mode (WI-045, goal
E                                                                        ^
E       SyntaxError: leading zeros in decimal integer literals are not permitted; use an 0o prefix for octal integers

exploration/stellarator_e2e/pkg/stellarator_tea/modules/mfe_primary_loop/primary_coolant_loop.py:404: SyntaxError
_________ test_independent_heating_domains[-1.0-dT_blanket_in-0.0-1.0] _________

module = <stellarator_tea.modules.mfe_primary_loop.primary_coolant_loop.Primary_Coolant_LoopModule object at 0x7e7bb273f470>
live = 1.0, heat = 0.0, field = 'dT_blanket_in', bad = -1.0

    @pytest.mark.parametrize('live',[0.,1.])
    @pytest.mark.parametrize('heat',[0.,2101.7])
    @pytest.mark.parametrize('field',['cp_in','dT_blanket_in'])
    @pytest.mark.parametrize('bad',[0.,-0.,-1.,math.nan,math.inf,-math.inf])
    def test_independent_heating_domains(module,live,heat,field,bad):
        with pytest.raises(ValueError,match='Primary Coolant Loop: '+field+' must be finite and positive'):
>           module.run(**(BASE|{'loop_live_in':live,'q_source_in':heat,field:bad}))

tests/models/test_primary_loop_domains.py:28: 
_ _ _ _ _ _ _ _ _ _ _ _ _ _ _ _ _ _ _ _ _ _ _ _ _ _ _ _ _ _ _ _ _ _ _ _ _ _ _ _ 

self = <stellarator_tea.modules.mfe_primary_loop.primary_coolant_loop.Primary_Coolant_LoopModule object at 0x7e7bb273f470>
eta_p_direct_in = 0.5, mdot_loop_ref_in = 225.07777777777778, n_loops_in = 9.0
p_pump_direct_in = 3.0, cp_in = 5193.0, eta_drive_in = 0.95
p_loop_in = 8000000.0, f_loss_in = 1.0, eta_is_in = 0.9, T_in_in = 573.15
loop_live_in = 1.0, q_source_in = 0.0, dT_blanket_in = -1.0
dp_loop_ref_in = 550000.0, gamma_in = 1.6667

    def run(
        self, eta_p_direct_in: float, mdot_loop_ref_in: float, n_loops_in: float, p_pump_direct_in: float, cp_in: float, eta_drive_in: float, p_loop_in: float, f_loss_in: float, eta_is_in: float, T_in_in: float, loop_live_in: float, q_source_in: float, dT_blanket_in: float, dp_loop_ref_in: float, gamma_in: float    ) -> ModuleResult[Primary_Coolant_LoopOutput]:
        """Execute calculation.
    
        Args:
            eta_p_direct_in: eta_p_direct_in input
            mdot_loop_ref_in: mdot_loop_ref_in input
            n_loops_in: n_loops_in input
            p_pump_direct_in: p_pump_direct_in input
            cp_in: cp_in input
            eta_drive_in: eta_drive_in input
            p_loop_in: p_loop_in input
            f_loss_in: f_loss_in input
            eta_is_in: eta_is_in input
            T_in_in: T_in_in input
            loop_live_in: loop_live_in input
            q_source_in: q_source_in input
            dT_blanket_in: dT_blanket_in input
            dp_loop_ref_in: dp_loop_ref_in input
            gamma_in: gamma_in input
    
        Returns:
            Module result with Primary_Coolant_LoopOutput (p_loop_margin, q_recovered_total, p_elec, p_pump_total, T_out, T_comp_in, dp_loop, mdot_loop, w_fluid, capacity_margin, q_ihx, mdot, r_comp)
        """
        # Validate inputs
        validated_inputs = self.validate_and_fill_default(eta_p_direct_in, mdot_loop_ref_in, n_loops_in, p_pump_direct_in, cp_in, eta_drive_in, p_loop_in, f_loss_in, eta_is_in, T_in_in, loop_live_in, q_source_in, dT_blanket_in, dp_loop_ref_in, gamma_in)
    
        # Import handwritten implementation
>       from stellarator_tea.handwritten.mfe_primary_loop.primary_coolant_loop_impl import (
            run_primary_coolant_loop,
        )
E         File "/home/reid/1cfe/fusion-tea-codex-test/exploration/stellarator_e2e/pkg/stellarator_tea/handwritten/mfe_primary_loop/primary_coolant_loop_impl.py", line 28
E           Representative helium primary circuit in sized-flow mode (WI-045, goal
E                                                                        ^
E       SyntaxError: leading zeros in decimal integer literals are not permitted; use an 0o prefix for octal integers

exploration/stellarator_e2e/pkg/stellarator_tea/modules/mfe_primary_loop/primary_coolant_loop.py:404: SyntaxError
_______ test_independent_heating_domains[-1.0-dT_blanket_in-2101.7-0.0] ________

module = <stellarator_tea.modules.mfe_primary_loop.primary_coolant_loop.Primary_Coolant_LoopModule object at 0x7e7bb273f470>
live = 0.0, heat = 2101.7, field = 'dT_blanket_in', bad = -1.0

    @pytest.mark.parametrize('live',[0.,1.])
    @pytest.mark.parametrize('heat',[0.,2101.7])
    @pytest.mark.parametrize('field',['cp_in','dT_blanket_in'])
    @pytest.mark.parametrize('bad',[0.,-0.,-1.,math.nan,math.inf,-math.inf])
    def test_independent_heating_domains(module,live,heat,field,bad):
        with pytest.raises(ValueError,match='Primary Coolant Loop: '+field+' must be finite and positive'):
>           module.run(**(BASE|{'loop_live_in':live,'q_source_in':heat,field:bad}))

tests/models/test_primary_loop_domains.py:28: 
_ _ _ _ _ _ _ _ _ _ _ _ _ _ _ _ _ _ _ _ _ _ _ _ _ _ _ _ _ _ _ _ _ _ _ _ _ _ _ _ 

self = <stellarator_tea.modules.mfe_primary_loop.primary_coolant_loop.Primary_Coolant_LoopModule object at 0x7e7bb273f470>
eta_p_direct_in = 0.5, mdot_loop_ref_in = 225.07777777777778, n_loops_in = 9.0
p_pump_direct_in = 3.0, cp_in = 5193.0, eta_drive_in = 0.95
p_loop_in = 8000000.0, f_loss_in = 1.0, eta_is_in = 0.9, T_in_in = 573.15
loop_live_in = 0.0, q_source_in = 2101.7, dT_blanket_in = -1.0
dp_loop_ref_in = 550000.0, gamma_in = 1.6667

    def run(
        self, eta_p_direct_in: float, mdot_loop_ref_in: float, n_loops_in: float, p_pump_direct_in: float, cp_in: float, eta_drive_in: float, p_loop_in: float, f_loss_in: float, eta_is_in: float, T_in_in: float, loop_live_in: float, q_source_in: float, dT_blanket_in: float, dp_loop_ref_in: float, gamma_in: float    ) -> ModuleResult[Primary_Coolant_LoopOutput]:
        """Execute calculation.
    
        Args:
            eta_p_direct_in: eta_p_direct_in input
            mdot_loop_ref_in: mdot_loop_ref_in input
            n_loops_in: n_loops_in input
            p_pump_direct_in: p_pump_direct_in input
            cp_in: cp_in input
            eta_drive_in: eta_drive_in input
            p_loop_in: p_loop_in input
            f_loss_in: f_loss_in input
            eta_is_in: eta_is_in input
            T_in_in: T_in_in input
            loop_live_in: loop_live_in input
            q_source_in: q_source_in input
            dT_blanket_in: dT_blanket_in input
            dp_loop_ref_in: dp_loop_ref_in input
            gamma_in: gamma_in input
    
        Returns:
            Module result with Primary_Coolant_LoopOutput (p_loop_margin, q_recovered_total, p_elec, p_pump_total, T_out, T_comp_in, dp_loop, mdot_loop, w_fluid, capacity_margin, q_ihx, mdot, r_comp)
        """
        # Validate inputs
        validated_inputs = self.validate_and_fill_default(eta_p_direct_in, mdot_loop_ref_in, n_loops_in, p_pump_direct_in, cp_in, eta_drive_in, p_loop_in, f_loss_in, eta_is_in, T_in_in, loop_live_in, q_source_in, dT_blanket_in, dp_loop_ref_in, gamma_in)
    
        # Import handwritten implementation
>       from stellarator_tea.handwritten.mfe_primary_loop.primary_coolant_loop_impl import (
            run_primary_coolant_loop,
        )
E         File "/home/reid/1cfe/fusion-tea-codex-test/exploration/stellarator_e2e/pkg/stellarator_tea/handwritten/mfe_primary_loop/primary_coolant_loop_impl.py", line 28
E           Representative helium primary circuit in sized-flow mode (WI-045, goal
E                                                                        ^
E       SyntaxError: leading zeros in decimal integer literals are not permitted; use an 0o prefix for octal integers

exploration/stellarator_e2e/pkg/stellarator_tea/modules/mfe_primary_loop/primary_coolant_loop.py:404: SyntaxError
_______ test_independent_heating_domains[-1.0-dT_blanket_in-2101.7-1.0] ________

module = <stellarator_tea.modules.mfe_primary_loop.primary_coolant_loop.Primary_Coolant_LoopModule object at 0x7e7bb273f470>
live = 1.0, heat = 2101.7, field = 'dT_blanket_in', bad = -1.0

    @pytest.mark.parametrize('live',[0.,1.])
    @pytest.mark.parametrize('heat',[0.,2101.7])
    @pytest.mark.parametrize('field',['cp_in','dT_blanket_in'])
    @pytest.mark.parametrize('bad',[0.,-0.,-1.,math.nan,math.inf,-math.inf])
    def test_independent_heating_domains(module,live,heat,field,bad):
        with pytest.raises(ValueError,match='Primary Coolant Loop: '+field+' must be finite and positive'):
>           module.run(**(BASE|{'loop_live_in':live,'q_source_in':heat,field:bad}))

tests/models/test_primary_loop_domains.py:28: 
_ _ _ _ _ _ _ _ _ _ _ _ _ _ _ _ _ _ _ _ _ _ _ _ _ _ _ _ _ _ _ _ _ _ _ _ _ _ _ _ 

self = <stellarator_tea.modules.mfe_primary_loop.primary_coolant_loop.Primary_Coolant_LoopModule object at 0x7e7bb273f470>
eta_p_direct_in = 0.5, mdot_loop_ref_in = 225.07777777777778, n_loops_in = 9.0
p_pump_direct_in = 3.0, cp_in = 5193.0, eta_drive_in = 0.95
p_loop_in = 8000000.0, f_loss_in = 1.0, eta_is_in = 0.9, T_in_in = 573.15
loop_live_in = 1.0, q_source_in = 2101.7, dT_blanket_in = -1.0
dp_loop_ref_in = 550000.0, gamma_in = 1.6667

    def run(
        self, eta_p_direct_in: float, mdot_loop_ref_in: float, n_loops_in: float, p_pump_direct_in: float, cp_in: float, eta_drive_in: float, p_loop_in: float, f_loss_in: float, eta_is_in: float, T_in_in: float, loop_live_in: float, q_source_in: float, dT_blanket_in: float, dp_loop_ref_in: float, gamma_in: float    ) -> ModuleResult[Primary_Coolant_LoopOutput]:
        """Execute calculation.
    
        Args:
            eta_p_direct_in: eta_p_direct_in input
            mdot_loop_ref_in: mdot_loop_ref_in input
            n_loops_in: n_loops_in input
            p_pump_direct_in: p_pump_direct_in input
            cp_in: cp_in input
            eta_drive_in: eta_drive_in input
            p_loop_in: p_loop_in input
            f_loss_in: f_loss_in input
            eta_is_in: eta_is_in input
            T_in_in: T_in_in input
            loop_live_in: loop_live_in input
            q_source_in: q_source_in input
            dT_blanket_in: dT_blanket_in input
            dp_loop_ref_in: dp_loop_ref_in input
            gamma_in: gamma_in input
    
        Returns:
            Module result with Primary_Coolant_LoopOutput (p_loop_margin, q_recovered_total, p_elec, p_pump_total, T_out, T_comp_in, dp_loop, mdot_loop, w_fluid, capacity_margin, q_ihx, mdot, r_comp)
        """
        # Validate inputs
        validated_inputs = self.validate_and_fill_default(eta_p_direct_in, mdot_loop_ref_in, n_loops_in, p_pump_direct_in, cp_in, eta_drive_in, p_loop_in, f_loss_in, eta_is_in, T_in_in, loop_live_in, q_source_in, dT_blanket_in, dp_loop_ref_in, gamma_in)
    
        # Import handwritten implementation
>       from stellarator_tea.handwritten.mfe_primary_loop.primary_coolant_loop_impl import (
            run_primary_coolant_loop,
        )
E         File "/home/reid/1cfe/fusion-tea-codex-test/exploration/stellarator_e2e/pkg/stellarator_tea/handwritten/mfe_primary_loop/primary_coolant_loop_impl.py", line 28
E           Representative helium primary circuit in sized-flow mode (WI-045, goal
E                                                                        ^
E       SyntaxError: leading zeros in decimal integer literals are not permitted; use an 0o prefix for octal integers

exploration/stellarator_e2e/pkg/stellarator_tea/modules/mfe_primary_loop/primary_coolant_loop.py:404: SyntaxError
_____________ test_independent_heating_domains[nan-cp_in-0.0-0.0] ______________

module = <stellarator_tea.modules.mfe_primary_loop.primary_coolant_loop.Primary_Coolant_LoopModule object at 0x7e7bb273f470>
live = 0.0, heat = 0.0, field = 'cp_in', bad = nan

    @pytest.mark.parametrize('live',[0.,1.])
    @pytest.mark.parametrize('heat',[0.,2101.7])
    @pytest.mark.parametrize('field',['cp_in','dT_blanket_in'])
    @pytest.mark.parametrize('bad',[0.,-0.,-1.,math.nan,math.inf,-math.inf])
    def test_independent_heating_domains(module,live,heat,field,bad):
        with pytest.raises(ValueError,match='Primary Coolant Loop: '+field+' must be finite and positive'):
>           module.run(**(BASE|{'loop_live_in':live,'q_source_in':heat,field:bad}))

tests/models/test_primary_loop_domains.py:28: 
_ _ _ _ _ _ _ _ _ _ _ _ _ _ _ _ _ _ _ _ _ _ _ _ _ _ _ _ _ _ _ _ _ _ _ _ _ _ _ _ 

self = <stellarator_tea.modules.mfe_primary_loop.primary_coolant_loop.Primary_Coolant_LoopModule object at 0x7e7bb273f470>
eta_p_direct_in = 0.5, mdot_loop_ref_in = 225.07777777777778, n_loops_in = 9.0
p_pump_direct_in = 3.0, cp_in = nan, eta_drive_in = 0.95, p_loop_in = 8000000.0
f_loss_in = 1.0, eta_is_in = 0.9, T_in_in = 573.15, loop_live_in = 0.0
q_source_in = 0.0, dT_blanket_in = 200.0, dp_loop_ref_in = 550000.0
gamma_in = 1.6667

    def run(
        self, eta_p_direct_in: float, mdot_loop_ref_in: float, n_loops_in: float, p_pump_direct_in: float, cp_in: float, eta_drive_in: float, p_loop_in: float, f_loss_in: float, eta_is_in: float, T_in_in: float, loop_live_in: float, q_source_in: float, dT_blanket_in: float, dp_loop_ref_in: float, gamma_in: float    ) -> ModuleResult[Primary_Coolant_LoopOutput]:
        """Execute calculation.
    
        Args:
            eta_p_direct_in: eta_p_direct_in input
            mdot_loop_ref_in: mdot_loop_ref_in input
            n_loops_in: n_loops_in input
            p_pump_direct_in: p_pump_direct_in input
            cp_in: cp_in input
            eta_drive_in: eta_drive_in input
            p_loop_in: p_loop_in input
            f_loss_in: f_loss_in input
            eta_is_in: eta_is_in input
            T_in_in: T_in_in input
            loop_live_in: loop_live_in input
            q_source_in: q_source_in input
            dT_blanket_in: dT_blanket_in input
            dp_loop_ref_in: dp_loop_ref_in input
            gamma_in: gamma_in input
    
        Returns:
            Module result with Primary_Coolant_LoopOutput (p_loop_margin, q_recovered_total, p_elec, p_pump_total, T_out, T_comp_in, dp_loop, mdot_loop, w_fluid, capacity_margin, q_ihx, mdot, r_comp)
        """
        # Validate inputs
        validated_inputs = self.validate_and_fill_default(eta_p_direct_in, mdot_loop_ref_in, n_loops_in, p_pump_direct_in, cp_in, eta_drive_in, p_loop_in, f_loss_in, eta_is_in, T_in_in, loop_live_in, q_source_in, dT_blanket_in, dp_loop_ref_in, gamma_in)
    
        # Import handwritten implementation
>       from stellarator_tea.handwritten.mfe_primary_loop.primary_coolant_loop_impl import (
            run_primary_coolant_loop,
        )
E         File "/home/reid/1cfe/fusion-tea-codex-test/exploration/stellarator_e2e/pkg/stellarator_tea/handwritten/mfe_primary_loop/primary_coolant_loop_impl.py", line 28
E           Representative helium primary circuit in sized-flow mode (WI-045, goal
E                                                                        ^
E       SyntaxError: leading zeros in decimal integer literals are not permitted; use an 0o prefix for octal integers

exploration/stellarator_e2e/pkg/stellarator_tea/modules/mfe_primary_loop/primary_coolant_loop.py:404: SyntaxError
_____________ test_independent_heating_domains[nan-cp_in-0.0-1.0] ______________

module = <stellarator_tea.modules.mfe_primary_loop.primary_coolant_loop.Primary_Coolant_LoopModule object at 0x7e7bb273f470>
live = 1.0, heat = 0.0, field = 'cp_in', bad = nan

    @pytest.mark.parametrize('live',[0.,1.])
    @pytest.mark.parametrize('heat',[0.,2101.7])
    @pytest.mark.parametrize('field',['cp_in','dT_blanket_in'])
    @pytest.mark.parametrize('bad',[0.,-0.,-1.,math.nan,math.inf,-math.inf])
    def test_independent_heating_domains(module,live,heat,field,bad):
        with pytest.raises(ValueError,match='Primary Coolant Loop: '+field+' must be finite and positive'):
>           module.run(**(BASE|{'loop_live_in':live,'q_source_in':heat,field:bad}))

tests/models/test_primary_loop_domains.py:28: 
_ _ _ _ _ _ _ _ _ _ _ _ _ _ _ _ _ _ _ _ _ _ _ _ _ _ _ _ _ _ _ _ _ _ _ _ _ _ _ _ 

self = <stellarator_tea.modules.mfe_primary_loop.primary_coolant_loop.Primary_Coolant_LoopModule object at 0x7e7bb273f470>
eta_p_direct_in = 0.5, mdot_loop_ref_in = 225.07777777777778, n_loops_in = 9.0
p_pump_direct_in = 3.0, cp_in = nan, eta_drive_in = 0.95, p_loop_in = 8000000.0
f_loss_in = 1.0, eta_is_in = 0.9, T_in_in = 573.15, loop_live_in = 1.0
q_source_in = 0.0, dT_blanket_in = 200.0, dp_loop_ref_in = 550000.0
gamma_in = 1.6667

    def run(
        self, eta_p_direct_in: float, mdot_loop_ref_in: float, n_loops_in: float, p_pump_direct_in: float, cp_in: float, eta_drive_in: float, p_loop_in: float, f_loss_in: float, eta_is_in: float, T_in_in: float, loop_live_in: float, q_source_in: float, dT_blanket_in: float, dp_loop_ref_in: float, gamma_in: float    ) -> ModuleResult[Primary_Coolant_LoopOutput]:
        """Execute calculation.
    
        Args:
            eta_p_direct_in: eta_p_direct_in input
            mdot_loop_ref_in: mdot_loop_ref_in input
            n_loops_in: n_loops_in input
            p_pump_direct_in: p_pump_direct_in input
            cp_in: cp_in input
            eta_drive_in: eta_drive_in input
            p_loop_in: p_loop_in input
            f_loss_in: f_loss_in input
            eta_is_in: eta_is_in input
            T_in_in: T_in_in input
            loop_live_in: loop_live_in input
            q_source_in: q_source_in input
            dT_blanket_in: dT_blanket_in input
            dp_loop_ref_in: dp_loop_ref_in input
            gamma_in: gamma_in input
    
        Returns:
            Module result with Primary_Coolant_LoopOutput (p_loop_margin, q_recovered_total, p_elec, p_pump_total, T_out, T_comp_in, dp_loop, mdot_loop, w_fluid, capacity_margin, q_ihx, mdot, r_comp)
        """
        # Validate inputs
        validated_inputs = self.validate_and_fill_default(eta_p_direct_in, mdot_loop_ref_in, n_loops_in, p_pump_direct_in, cp_in, eta_drive_in, p_loop_in, f_loss_in, eta_is_in, T_in_in, loop_live_in, q_source_in, dT_blanket_in, dp_loop_ref_in, gamma_in)
    
        # Import handwritten implementation
>       from stellarator_tea.handwritten.mfe_primary_loop.primary_coolant_loop_impl import (
            run_primary_coolant_loop,
        )
E         File "/home/reid/1cfe/fusion-tea-codex-test/exploration/stellarator_e2e/pkg/stellarator_tea/handwritten/mfe_primary_loop/primary_coolant_loop_impl.py", line 28
E           Representative helium primary circuit in sized-flow mode (WI-045, goal
E                                                                        ^
E       SyntaxError: leading zeros in decimal integer literals are not permitted; use an 0o prefix for octal integers

exploration/stellarator_e2e/pkg/stellarator_tea/modules/mfe_primary_loop/primary_coolant_loop.py:404: SyntaxError
____________ test_independent_heating_domains[nan-cp_in-2101.7-0.0] ____________

module = <stellarator_tea.modules.mfe_primary_loop.primary_coolant_loop.Primary_Coolant_LoopModule object at 0x7e7bb273f470>
live = 0.0, heat = 2101.7, field = 'cp_in', bad = nan

    @pytest.mark.parametrize('live',[0.,1.])
    @pytest.mark.parametrize('heat',[0.,2101.7])
    @pytest.mark.parametrize('field',['cp_in','dT_blanket_in'])
    @pytest.mark.parametrize('bad',[0.,-0.,-1.,math.nan,math.inf,-math.inf])
    def test_independent_heating_domains(module,live,heat,field,bad):
        with pytest.raises(ValueError,match='Primary Coolant Loop: '+field+' must be finite and positive'):
>           module.run(**(BASE|{'loop_live_in':live,'q_source_in':heat,field:bad}))

tests/models/test_primary_loop_domains.py:28: 
_ _ _ _ _ _ _ _ _ _ _ _ _ _ _ _ _ _ _ _ _ _ _ _ _ _ _ _ _ _ _ _ _ _ _ _ _ _ _ _ 

self = <stellarator_tea.modules.mfe_primary_loop.primary_coolant_loop.Primary_Coolant_LoopModule object at 0x7e7bb273f470>
eta_p_direct_in = 0.5, mdot_loop_ref_in = 225.07777777777778, n_loops_in = 9.0
p_pump_direct_in = 3.0, cp_in = nan, eta_drive_in = 0.95, p_loop_in = 8000000.0
f_loss_in = 1.0, eta_is_in = 0.9, T_in_in = 573.15, loop_live_in = 0.0
q_source_in = 2101.7, dT_blanket_in = 200.0, dp_loop_ref_in = 550000.0
gamma_in = 1.6667

    def run(
        self, eta_p_direct_in: float, mdot_loop_ref_in: float, n_loops_in: float, p_pump_direct_in: float, cp_in: float, eta_drive_in: float, p_loop_in: float, f_loss_in: float, eta_is_in: float, T_in_in: float, loop_live_in: float, q_source_in: float, dT_blanket_in: float, dp_loop_ref_in: float, gamma_in: float    ) -> ModuleResult[Primary_Coolant_LoopOutput]:
        """Execute calculation.
    
        Args:
            eta_p_direct_in: eta_p_direct_in input
            mdot_loop_ref_in: mdot_loop_ref_in input
            n_loops_in: n_loops_in input
            p_pump_direct_in: p_pump_direct_in input
            cp_in: cp_in input
            eta_drive_in: eta_drive_in input
            p_loop_in: p_loop_in input
            f_loss_in: f_loss_in input
            eta_is_in: eta_is_in input
            T_in_in: T_in_in input
            loop_live_in: loop_live_in input
            q_source_in: q_source_in input
            dT_blanket_in: dT_blanket_in input
            dp_loop_ref_in: dp_loop_ref_in input
            gamma_in: gamma_in input
    
        Returns:
            Module result with Primary_Coolant_LoopOutput (p_loop_margin, q_recovered_total, p_elec, p_pump_total, T_out, T_comp_in, dp_loop, mdot_loop, w_fluid, capacity_margin, q_ihx, mdot, r_comp)
        """
        # Validate inputs
        validated_inputs = self.validate_and_fill_default(eta_p_direct_in, mdot_loop_ref_in, n_loops_in, p_pump_direct_in, cp_in, eta_drive_in, p_loop_in, f_loss_in, eta_is_in, T_in_in, loop_live_in, q_source_in, dT_blanket_in, dp_loop_ref_in, gamma_in)
    
        # Import handwritten implementation
>       from stellarator_tea.handwritten.mfe_primary_loop.primary_coolant_loop_impl import (
            run_primary_coolant_loop,
        )
E         File "/home/reid/1cfe/fusion-tea-codex-test/exploration/stellarator_e2e/pkg/stellarator_tea/handwritten/mfe_primary_loop/primary_coolant_loop_impl.py", line 28
E           Representative helium primary circuit in sized-flow mode (WI-045, goal
E                                                                        ^
E       SyntaxError: leading zeros in decimal integer literals are not permitted; use an 0o prefix for octal integers

exploration/stellarator_e2e/pkg/stellarator_tea/modules/mfe_primary_loop/primary_coolant_loop.py:404: SyntaxError
____________ test_independent_heating_domains[nan-cp_in-2101.7-1.0] ____________

module = <stellarator_tea.modules.mfe_primary_loop.primary_coolant_loop.Primary_Coolant_LoopModule object at 0x7e7bb273f470>
live = 1.0, heat = 2101.7, field = 'cp_in', bad = nan

    @pytest.mark.parametrize('live',[0.,1.])
    @pytest.mark.parametrize('heat',[0.,2101.7])
    @pytest.mark.parametrize('field',['cp_in','dT_blanket_in'])
    @pytest.mark.parametrize('bad',[0.,-0.,-1.,math.nan,math.inf,-math.inf])
    def test_independent_heating_domains(module,live,heat,field,bad):
        with pytest.raises(ValueError,match='Primary Coolant Loop: '+field+' must be finite and positive'):
>           module.run(**(BASE|{'loop_live_in':live,'q_source_in':heat,field:bad}))

tests/models/test_primary_loop_domains.py:28: 
_ _ _ _ _ _ _ _ _ _ _ _ _ _ _ _ _ _ _ _ _ _ _ _ _ _ _ _ _ _ _ _ _ _ _ _ _ _ _ _ 

self = <stellarator_tea.modules.mfe_primary_loop.primary_coolant_loop.Primary_Coolant_LoopModule object at 0x7e7bb273f470>
eta_p_direct_in = 0.5, mdot_loop_ref_in = 225.07777777777778, n_loops_in = 9.0
p_pump_direct_in = 3.0, cp_in = nan, eta_drive_in = 0.95, p_loop_in = 8000000.0
f_loss_in = 1.0, eta_is_in = 0.9, T_in_in = 573.15, loop_live_in = 1.0
q_source_in = 2101.7, dT_blanket_in = 200.0, dp_loop_ref_in = 550000.0
gamma_in = 1.6667

    def run(
        self, eta_p_direct_in: float, mdot_loop_ref_in: float, n_loops_in: float, p_pump_direct_in: float, cp_in: float, eta_drive_in: float, p_loop_in: float, f_loss_in: float, eta_is_in: float, T_in_in: float, loop_live_in: float, q_source_in: float, dT_blanket_in: float, dp_loop_ref_in: float, gamma_in: float    ) -> ModuleResult[Primary_Coolant_LoopOutput]:
        """Execute calculation.
    
        Args:
            eta_p_direct_in: eta_p_direct_in input
            mdot_loop_ref_in: mdot_loop_ref_in input
            n_loops_in: n_loops_in input
            p_pump_direct_in: p_pump_direct_in input
            cp_in: cp_in input
            eta_drive_in: eta_drive_in input
            p_loop_in: p_loop_in input
            f_loss_in: f_loss_in input
            eta_is_in: eta_is_in input
            T_in_in: T_in_in input
            loop_live_in: loop_live_in input
            q_source_in: q_source_in input
            dT_blanket_in: dT_blanket_in input
            dp_loop_ref_in: dp_loop_ref_in input
            gamma_in: gamma_in input
    
        Returns:
            Module result with Primary_Coolant_LoopOutput (p_loop_margin, q_recovered_total, p_elec, p_pump_total, T_out, T_comp_in, dp_loop, mdot_loop, w_fluid, capacity_margin, q_ihx, mdot, r_comp)
        """
        # Validate inputs
        validated_inputs = self.validate_and_fill_default(eta_p_direct_in, mdot_loop_ref_in, n_loops_in, p_pump_direct_in, cp_in, eta_drive_in, p_loop_in, f_loss_in, eta_is_in, T_in_in, loop_live_in, q_source_in, dT_blanket_in, dp_loop_ref_in, gamma_in)
    
        # Import handwritten implementation
>       from stellarator_tea.handwritten.mfe_primary_loop.primary_coolant_loop_impl import (
            run_primary_coolant_loop,
        )
E         File "/home/reid/1cfe/fusion-tea-codex-test/exploration/stellarator_e2e/pkg/stellarator_tea/handwritten/mfe_primary_loop/primary_coolant_loop_impl.py", line 28
E           Representative helium primary circuit in sized-flow mode (WI-045, goal
E                                                                        ^
E       SyntaxError: leading zeros in decimal integer literals are not permitted; use an 0o prefix for octal integers

exploration/stellarator_e2e/pkg/stellarator_tea/modules/mfe_primary_loop/primary_coolant_loop.py:404: SyntaxError
_________ test_independent_heating_domains[nan-dT_blanket_in-0.0-0.0] __________

module = <stellarator_tea.modules.mfe_primary_loop.primary_coolant_loop.Primary_Coolant_LoopModule object at 0x7e7bb273f470>
live = 0.0, heat = 0.0, field = 'dT_blanket_in', bad = nan

    @pytest.mark.parametrize('live',[0.,1.])
    @pytest.mark.parametrize('heat',[0.,2101.7])
    @pytest.mark.parametrize('field',['cp_in','dT_blanket_in'])
    @pytest.mark.parametrize('bad',[0.,-0.,-1.,math.nan,math.inf,-math.inf])
    def test_independent_heating_domains(module,live,heat,field,bad):
        with pytest.raises(ValueError,match='Primary Coolant Loop: '+field+' must be finite and positive'):
>           module.run(**(BASE|{'loop_live_in':live,'q_source_in':heat,field:bad}))

tests/models/test_primary_loop_domains.py:28: 
_ _ _ _ _ _ _ _ _ _ _ _ _ _ _ _ _ _ _ _ _ _ _ _ _ _ _ _ _ _ _ _ _ _ _ _ _ _ _ _ 

self = <stellarator_tea.modules.mfe_primary_loop.primary_coolant_loop.Primary_Coolant_LoopModule object at 0x7e7bb273f470>
eta_p_direct_in = 0.5, mdot_loop_ref_in = 225.07777777777778, n_loops_in = 9.0
p_pump_direct_in = 3.0, cp_in = 5193.0, eta_drive_in = 0.95
p_loop_in = 8000000.0, f_loss_in = 1.0, eta_is_in = 0.9, T_in_in = 573.15
loop_live_in = 0.0, q_source_in = 0.0, dT_blanket_in = nan
dp_loop_ref_in = 550000.0, gamma_in = 1.6667

    def run(
        self, eta_p_direct_in: float, mdot_loop_ref_in: float, n_loops_in: float, p_pump_direct_in: float, cp_in: float, eta_drive_in: float, p_loop_in: float, f_loss_in: float, eta_is_in: float, T_in_in: float, loop_live_in: float, q_source_in: float, dT_blanket_in: float, dp_loop_ref_in: float, gamma_in: float    ) -> ModuleResult[Primary_Coolant_LoopOutput]:
        """Execute calculation.
    
        Args:
            eta_p_direct_in: eta_p_direct_in input
            mdot_loop_ref_in: mdot_loop_ref_in input
            n_loops_in: n_loops_in input
            p_pump_direct_in: p_pump_direct_in input
            cp_in: cp_in input
            eta_drive_in: eta_drive_in input
            p_loop_in: p_loop_in input
            f_loss_in: f_loss_in input
            eta_is_in: eta_is_in input
            T_in_in: T_in_in input
            loop_live_in: loop_live_in input
            q_source_in: q_source_in input
            dT_blanket_in: dT_blanket_in input
            dp_loop_ref_in: dp_loop_ref_in input
            gamma_in: gamma_in input
    
        Returns:
            Module result with Primary_Coolant_LoopOutput (p_loop_margin, q_recovered_total, p_elec, p_pump_total, T_out, T_comp_in, dp_loop, mdot_loop, w_fluid, capacity_margin, q_ihx, mdot, r_comp)
        """
        # Validate inputs
        validated_inputs = self.validate_and_fill_default(eta_p_direct_in, mdot_loop_ref_in, n_loops_in, p_pump_direct_in, cp_in, eta_drive_in, p_loop_in, f_loss_in, eta_is_in, T_in_in, loop_live_in, q_source_in, dT_blanket_in, dp_loop_ref_in, gamma_in)
    
        # Import handwritten implementation
>       from stellarator_tea.handwritten.mfe_primary_loop.primary_coolant_loop_impl import (
            run_primary_coolant_loop,
        )
E         File "/home/reid/1cfe/fusion-tea-codex-test/exploration/stellarator_e2e/pkg/stellarator_tea/handwritten/mfe_primary_loop/primary_coolant_loop_impl.py", line 28
E           Representative helium primary circuit in sized-flow mode (WI-045, goal
E                                                                        ^
E       SyntaxError: leading zeros in decimal integer literals are not permitted; use an 0o prefix for octal integers

exploration/stellarator_e2e/pkg/stellarator_tea/modules/mfe_primary_loop/primary_coolant_loop.py:404: SyntaxError
_________ test_independent_heating_domains[nan-dT_blanket_in-0.0-1.0] __________

module = <stellarator_tea.modules.mfe_primary_loop.primary_coolant_loop.Primary_Coolant_LoopModule object at 0x7e7bb273f470>
live = 1.0, heat = 0.0, field = 'dT_blanket_in', bad = nan

    @pytest.mark.parametrize('live',[0.,1.])
    @pytest.mark.parametrize('heat',[0.,2101.7])
    @pytest.mark.parametrize('field',['cp_in','dT_blanket_in'])
    @pytest.mark.parametrize('bad',[0.,-0.,-1.,math.nan,math.inf,-math.inf])
    def test_independent_heating_domains(module,live,heat,field,bad):
        with pytest.raises(ValueError,match='Primary Coolant Loop: '+field+' must be finite and positive'):
>           module.run(**(BASE|{'loop_live_in':live,'q_source_in':heat,field:bad}))

tests/models/test_primary_loop_domains.py:28: 
_ _ _ _ _ _ _ _ _ _ _ _ _ _ _ _ _ _ _ _ _ _ _ _ _ _ _ _ _ _ _ _ _ _ _ _ _ _ _ _ 

self = <stellarator_tea.modules.mfe_primary_loop.primary_coolant_loop.Primary_Coolant_LoopModule object at 0x7e7bb273f470>
eta_p_direct_in = 0.5, mdot_loop_ref_in = 225.07777777777778, n_loops_in = 9.0
p_pump_direct_in = 3.0, cp_in = 5193.0, eta_drive_in = 0.95
p_loop_in = 8000000.0, f_loss_in = 1.0, eta_is_in = 0.9, T_in_in = 573.15
loop_live_in = 1.0, q_source_in = 0.0, dT_blanket_in = nan
dp_loop_ref_in = 550000.0, gamma_in = 1.6667

    def run(
        self, eta_p_direct_in: float, mdot_loop_ref_in: float, n_loops_in: float, p_pump_direct_in: float, cp_in: float, eta_drive_in: float, p_loop_in: float, f_loss_in: float, eta_is_in: float, T_in_in: float, loop_live_in: float, q_source_in: float, dT_blanket_in: float, dp_loop_ref_in: float, gamma_in: float    ) -> ModuleResult[Primary_Coolant_LoopOutput]:
        """Execute calculation.
    
        Args:
            eta_p_direct_in: eta_p_direct_in input
            mdot_loop_ref_in: mdot_loop_ref_in input
            n_loops_in: n_loops_in input
            p_pump_direct_in: p_pump_direct_in input
            cp_in: cp_in input
            eta_drive_in: eta_drive_in input
            p_loop_in: p_loop_in input
            f_loss_in: f_loss_in input
            eta_is_in: eta_is_in input
            T_in_in: T_in_in input
            loop_live_in: loop_live_in input
            q_source_in: q_source_in input
            dT_blanket_in: dT_blanket_in input
            dp_loop_ref_in: dp_loop_ref_in input
            gamma_in: gamma_in input
    
        Returns:
            Module result with Primary_Coolant_LoopOutput (p_loop_margin, q_recovered_total, p_elec, p_pump_total, T_out, T_comp_in, dp_loop, mdot_loop, w_fluid, capacity_margin, q_ihx, mdot, r_comp)
        """
        # Validate inputs
        validated_inputs = self.validate_and_fill_default(eta_p_direct_in, mdot_loop_ref_in, n_loops_in, p_pump_direct_in, cp_in, eta_drive_in, p_loop_in, f_loss_in, eta_is_in, T_in_in, loop_live_in, q_source_in, dT_blanket_in, dp_loop_ref_in, gamma_in)
    
        # Import handwritten implementation
>       from stellarator_tea.handwritten.mfe_primary_loop.primary_coolant_loop_impl import (
            run_primary_coolant_loop,
        )
E         File "/home/reid/1cfe/fusion-tea-codex-test/exploration/stellarator_e2e/pkg/stellarator_tea/handwritten/mfe_primary_loop/primary_coolant_loop_impl.py", line 28
E           Representative helium primary circuit in sized-flow mode (WI-045, goal
E                                                                        ^
E       SyntaxError: leading zeros in decimal integer literals are not permitted; use an 0o prefix for octal integers

exploration/stellarator_e2e/pkg/stellarator_tea/modules/mfe_primary_loop/primary_coolant_loop.py:404: SyntaxError
________ test_independent_heating_domains[nan-dT_blanket_in-2101.7-0.0] ________

module = <stellarator_tea.modules.mfe_primary_loop.primary_coolant_loop.Primary_Coolant_LoopModule object at 0x7e7bb273f470>
live = 0.0, heat = 2101.7, field = 'dT_blanket_in', bad = nan

    @pytest.mark.parametrize('live',[0.,1.])
    @pytest.mark.parametrize('heat',[0.,2101.7])
    @pytest.mark.parametrize('field',['cp_in','dT_blanket_in'])
    @pytest.mark.parametrize('bad',[0.,-0.,-1.,math.nan,math.inf,-math.inf])
    def test_independent_heating_domains(module,live,heat,field,bad):
        with pytest.raises(ValueError,match='Primary Coolant Loop: '+field+' must be finite and positive'):
>           module.run(**(BASE|{'loop_live_in':live,'q_source_in':heat,field:bad}))

tests/models/test_primary_loop_domains.py:28: 
_ _ _ _ _ _ _ _ _ _ _ _ _ _ _ _ _ _ _ _ _ _ _ _ _ _ _ _ _ _ _ _ _ _ _ _ _ _ _ _ 

self = <stellarator_tea.modules.mfe_primary_loop.primary_coolant_loop.Primary_Coolant_LoopModule object at 0x7e7bb273f470>
eta_p_direct_in = 0.5, mdot_loop_ref_in = 225.07777777777778, n_loops_in = 9.0
p_pump_direct_in = 3.0, cp_in = 5193.0, eta_drive_in = 0.95
p_loop_in = 8000000.0, f_loss_in = 1.0, eta_is_in = 0.9, T_in_in = 573.15
loop_live_in = 0.0, q_source_in = 2101.7, dT_blanket_in = nan
dp_loop_ref_in = 550000.0, gamma_in = 1.6667

    def run(
        self, eta_p_direct_in: float, mdot_loop_ref_in: float, n_loops_in: float, p_pump_direct_in: float, cp_in: float, eta_drive_in: float, p_loop_in: float, f_loss_in: float, eta_is_in: float, T_in_in: float, loop_live_in: float, q_source_in: float, dT_blanket_in: float, dp_loop_ref_in: float, gamma_in: float    ) -> ModuleResult[Primary_Coolant_LoopOutput]:
        """Execute calculation.
    
        Args:
            eta_p_direct_in: eta_p_direct_in input
            mdot_loop_ref_in: mdot_loop_ref_in input
            n_loops_in: n_loops_in input
            p_pump_direct_in: p_pump_direct_in input
            cp_in: cp_in input
            eta_drive_in: eta_drive_in input
            p_loop_in: p_loop_in input
            f_loss_in: f_loss_in input
            eta_is_in: eta_is_in input
            T_in_in: T_in_in input
            loop_live_in: loop_live_in input
            q_source_in: q_source_in input
            dT_blanket_in: dT_blanket_in input
            dp_loop_ref_in: dp_loop_ref_in input
            gamma_in: gamma_in input
    
        Returns:
            Module result with Primary_Coolant_LoopOutput (p_loop_margin, q_recovered_total, p_elec, p_pump_total, T_out, T_comp_in, dp_loop, mdot_loop, w_fluid, capacity_margin, q_ihx, mdot, r_comp)
        """
        # Validate inputs
        validated_inputs = self.validate_and_fill_default(eta_p_direct_in, mdot_loop_ref_in, n_loops_in, p_pump_direct_in, cp_in, eta_drive_in, p_loop_in, f_loss_in, eta_is_in, T_in_in, loop_live_in, q_source_in, dT_blanket_in, dp_loop_ref_in, gamma_in)
    
        # Import handwritten implementation
>       from stellarator_tea.handwritten.mfe_primary_loop.primary_coolant_loop_impl import (
            run_primary_coolant_loop,
        )
E         File "/home/reid/1cfe/fusion-tea-codex-test/exploration/stellarator_e2e/pkg/stellarator_tea/handwritten/mfe_primary_loop/primary_coolant_loop_impl.py", line 28
E           Representative helium primary circuit in sized-flow mode (WI-045, goal
E                                                                        ^
E       SyntaxError: leading zeros in decimal integer literals are not permitted; use an 0o prefix for octal integers

exploration/stellarator_e2e/pkg/stellarator_tea/modules/mfe_primary_loop/primary_coolant_loop.py:404: SyntaxError
________ test_independent_heating_domains[nan-dT_blanket_in-2101.7-1.0] ________

module = <stellarator_tea.modules.mfe_primary_loop.primary_coolant_loop.Primary_Coolant_LoopModule object at 0x7e7bb273f470>
live = 1.0, heat = 2101.7, field = 'dT_blanket_in', bad = nan

    @pytest.mark.parametrize('live',[0.,1.])
    @pytest.mark.parametrize('heat',[0.,2101.7])
    @pytest.mark.parametrize('field',['cp_in','dT_blanket_in'])
    @pytest.mark.parametrize('bad',[0.,-0.,-1.,math.nan,math.inf,-math.inf])
    def test_independent_heating_domains(module,live,heat,field,bad):
        with pytest.raises(ValueError,match='Primary Coolant Loop: '+field+' must be finite and positive'):
>           module.run(**(BASE|{'loop_live_in':live,'q_source_in':heat,field:bad}))

tests/models/test_primary_loop_domains.py:28: 
_ _ _ _ _ _ _ _ _ _ _ _ _ _ _ _ _ _ _ _ _ _ _ _ _ _ _ _ _ _ _ _ _ _ _ _ _ _ _ _ 

self = <stellarator_tea.modules.mfe_primary_loop.primary_coolant_loop.Primary_Coolant_LoopModule object at 0x7e7bb273f470>
eta_p_direct_in = 0.5, mdot_loop_ref_in = 225.07777777777778, n_loops_in = 9.0
p_pump_direct_in = 3.0, cp_in = 5193.0, eta_drive_in = 0.95
p_loop_in = 8000000.0, f_loss_in = 1.0, eta_is_in = 0.9, T_in_in = 573.15
loop_live_in = 1.0, q_source_in = 2101.7, dT_blanket_in = nan
dp_loop_ref_in = 550000.0, gamma_in = 1.6667

    def run(
        self, eta_p_direct_in: float, mdot_loop_ref_in: float, n_loops_in: float, p_pump_direct_in: float, cp_in: float, eta_drive_in: float, p_loop_in: float, f_loss_in: float, eta_is_in: float, T_in_in: float, loop_live_in: float, q_source_in: float, dT_blanket_in: float, dp_loop_ref_in: float, gamma_in: float    ) -> ModuleResult[Primary_Coolant_LoopOutput]:
        """Execute calculation.
    
        Args:
            eta_p_direct_in: eta_p_direct_in input
            mdot_loop_ref_in: mdot_loop_ref_in input
            n_loops_in: n_loops_in input
            p_pump_direct_in: p_pump_direct_in input
            cp_in: cp_in input
            eta_drive_in: eta_drive_in input
            p_loop_in: p_loop_in input
            f_loss_in: f_loss_in input
            eta_is_in: eta_is_in input
            T_in_in: T_in_in input
            loop_live_in: loop_live_in input
            q_source_in: q_source_in input
            dT_blanket_in: dT_blanket_in input
            dp_loop_ref_in: dp_loop_ref_in input
            gamma_in: gamma_in input
    
        Returns:
            Module result with Primary_Coolant_LoopOutput (p_loop_margin, q_recovered_total, p_elec, p_pump_total, T_out, T_comp_in, dp_loop, mdot_loop, w_fluid, capacity_margin, q_ihx, mdot, r_comp)
        """
        # Validate inputs
        validated_inputs = self.validate_and_fill_default(eta_p_direct_in, mdot_loop_ref_in, n_loops_in, p_pump_direct_in, cp_in, eta_drive_in, p_loop_in, f_loss_in, eta_is_in, T_in_in, loop_live_in, q_source_in, dT_blanket_in, dp_loop_ref_in, gamma_in)
    
        # Import handwritten implementation
>       from stellarator_tea.handwritten.mfe_primary_loop.primary_coolant_loop_impl import (
            run_primary_coolant_loop,
        )
E         File "/home/reid/1cfe/fusion-tea-codex-test/exploration/stellarator_e2e/pkg/stellarator_tea/handwritten/mfe_primary_loop/primary_coolant_loop_impl.py", line 28
E           Representative helium primary circuit in sized-flow mode (WI-045, goal
E                                                                        ^
E       SyntaxError: leading zeros in decimal integer literals are not permitted; use an 0o prefix for octal integers

exploration/stellarator_e2e/pkg/stellarator_tea/modules/mfe_primary_loop/primary_coolant_loop.py:404: SyntaxError
_____________ test_independent_heating_domains[inf-cp_in-0.0-0.0] ______________

module = <stellarator_tea.modules.mfe_primary_loop.primary_coolant_loop.Primary_Coolant_LoopModule object at 0x7e7bb273f470>
live = 0.0, heat = 0.0, field = 'cp_in', bad = inf

    @pytest.mark.parametrize('live',[0.,1.])
    @pytest.mark.parametrize('heat',[0.,2101.7])
    @pytest.mark.parametrize('field',['cp_in','dT_blanket_in'])
    @pytest.mark.parametrize('bad',[0.,-0.,-1.,math.nan,math.inf,-math.inf])
    def test_independent_heating_domains(module,live,heat,field,bad):
        with pytest.raises(ValueError,match='Primary Coolant Loop: '+field+' must be finite and positive'):
>           module.run(**(BASE|{'loop_live_in':live,'q_source_in':heat,field:bad}))

tests/models/test_primary_loop_domains.py:28: 
_ _ _ _ _ _ _ _ _ _ _ _ _ _ _ _ _ _ _ _ _ _ _ _ _ _ _ _ _ _ _ _ _ _ _ _ _ _ _ _ 

self = <stellarator_tea.modules.mfe_primary_loop.primary_coolant_loop.Primary_Coolant_LoopModule object at 0x7e7bb273f470>
eta_p_direct_in = 0.5, mdot_loop_ref_in = 225.07777777777778, n_loops_in = 9.0
p_pump_direct_in = 3.0, cp_in = inf, eta_drive_in = 0.95, p_loop_in = 8000000.0
f_loss_in = 1.0, eta_is_in = 0.9, T_in_in = 573.15, loop_live_in = 0.0
q_source_in = 0.0, dT_blanket_in = 200.0, dp_loop_ref_in = 550000.0
gamma_in = 1.6667

    def run(
        self, eta_p_direct_in: float, mdot_loop_ref_in: float, n_loops_in: float, p_pump_direct_in: float, cp_in: float, eta_drive_in: float, p_loop_in: float, f_loss_in: float, eta_is_in: float, T_in_in: float, loop_live_in: float, q_source_in: float, dT_blanket_in: float, dp_loop_ref_in: float, gamma_in: float    ) -> ModuleResult[Primary_Coolant_LoopOutput]:
        """Execute calculation.
    
        Args:
            eta_p_direct_in: eta_p_direct_in input
            mdot_loop_ref_in: mdot_loop_ref_in input
            n_loops_in: n_loops_in input
            p_pump_direct_in: p_pump_direct_in input
            cp_in: cp_in input
            eta_drive_in: eta_drive_in input
            p_loop_in: p_loop_in input
            f_loss_in: f_loss_in input
            eta_is_in: eta_is_in input
            T_in_in: T_in_in input
            loop_live_in: loop_live_in input
            q_source_in: q_source_in input
            dT_blanket_in: dT_blanket_in input
            dp_loop_ref_in: dp_loop_ref_in input
            gamma_in: gamma_in input
    
        Returns:
            Module result with Primary_Coolant_LoopOutput (p_loop_margin, q_recovered_total, p_elec, p_pump_total, T_out, T_comp_in, dp_loop, mdot_loop, w_fluid, capacity_margin, q_ihx, mdot, r_comp)
        """
        # Validate inputs
        validated_inputs = self.validate_and_fill_default(eta_p_direct_in, mdot_loop_ref_in, n_loops_in, p_pump_direct_in, cp_in, eta_drive_in, p_loop_in, f_loss_in, eta_is_in, T_in_in, loop_live_in, q_source_in, dT_blanket_in, dp_loop_ref_in, gamma_in)
    
        # Import handwritten implementation
>       from stellarator_tea.handwritten.mfe_primary_loop.primary_coolant_loop_impl import (
            run_primary_coolant_loop,
        )
E         File "/home/reid/1cfe/fusion-tea-codex-test/exploration/stellarator_e2e/pkg/stellarator_tea/handwritten/mfe_primary_loop/primary_coolant_loop_impl.py", line 28
E           Representative helium primary circuit in sized-flow mode (WI-045, goal
E                                                                        ^
E       SyntaxError: leading zeros in decimal integer literals are not permitted; use an 0o prefix for octal integers

exploration/stellarator_e2e/pkg/stellarator_tea/modules/mfe_primary_loop/primary_coolant_loop.py:404: SyntaxError
_____________ test_independent_heating_domains[inf-cp_in-0.0-1.0] ______________

module = <stellarator_tea.modules.mfe_primary_loop.primary_coolant_loop.Primary_Coolant_LoopModule object at 0x7e7bb273f470>
live = 1.0, heat = 0.0, field = 'cp_in', bad = inf

    @pytest.mark.parametrize('live',[0.,1.])
    @pytest.mark.parametrize('heat',[0.,2101.7])
    @pytest.mark.parametrize('field',['cp_in','dT_blanket_in'])
    @pytest.mark.parametrize('bad',[0.,-0.,-1.,math.nan,math.inf,-math.inf])
    def test_independent_heating_domains(module,live,heat,field,bad):
        with pytest.raises(ValueError,match='Primary Coolant Loop: '+field+' must be finite and positive'):
>           module.run(**(BASE|{'loop_live_in':live,'q_source_in':heat,field:bad}))

tests/models/test_primary_loop_domains.py:28: 
_ _ _ _ _ _ _ _ _ _ _ _ _ _ _ _ _ _ _ _ _ _ _ _ _ _ _ _ _ _ _ _ _ _ _ _ _ _ _ _ 

self = <stellarator_tea.modules.mfe_primary_loop.primary_coolant_loop.Primary_Coolant_LoopModule object at 0x7e7bb273f470>
eta_p_direct_in = 0.5, mdot_loop_ref_in = 225.07777777777778, n_loops_in = 9.0
p_pump_direct_in = 3.0, cp_in = inf, eta_drive_in = 0.95, p_loop_in = 8000000.0
f_loss_in = 1.0, eta_is_in = 0.9, T_in_in = 573.15, loop_live_in = 1.0
q_source_in = 0.0, dT_blanket_in = 200.0, dp_loop_ref_in = 550000.0
gamma_in = 1.6667

    def run(
        self, eta_p_direct_in: float, mdot_loop_ref_in: float, n_loops_in: float, p_pump_direct_in: float, cp_in: float, eta_drive_in: float, p_loop_in: float, f_loss_in: float, eta_is_in: float, T_in_in: float, loop_live_in: float, q_source_in: float, dT_blanket_in: float, dp_loop_ref_in: float, gamma_in: float    ) -> ModuleResult[Primary_Coolant_LoopOutput]:
        """Execute calculation.
    
        Args:
            eta_p_direct_in: eta_p_direct_in input
            mdot_loop_ref_in: mdot_loop_ref_in input
            n_loops_in: n_loops_in input
            p_pump_direct_in: p_pump_direct_in input
            cp_in: cp_in input
            eta_drive_in: eta_drive_in input
            p_loop_in: p_loop_in input
            f_loss_in: f_loss_in input
            eta_is_in: eta_is_in input
            T_in_in: T_in_in input
            loop_live_in: loop_live_in input
            q_source_in: q_source_in input
            dT_blanket_in: dT_blanket_in input
            dp_loop_ref_in: dp_loop_ref_in input
            gamma_in: gamma_in input
    
        Returns:
            Module result with Primary_Coolant_LoopOutput (p_loop_margin, q_recovered_total, p_elec, p_pump_total, T_out, T_comp_in, dp_loop, mdot_loop, w_fluid, capacity_margin, q_ihx, mdot, r_comp)
        """
        # Validate inputs
        validated_inputs = self.validate_and_fill_default(eta_p_direct_in, mdot_loop_ref_in, n_loops_in, p_pump_direct_in, cp_in, eta_drive_in, p_loop_in, f_loss_in, eta_is_in, T_in_in, loop_live_in, q_source_in, dT_blanket_in, dp_loop_ref_in, gamma_in)
    
        # Import handwritten implementation
>       from stellarator_tea.handwritten.mfe_primary_loop.primary_coolant_loop_impl import (
            run_primary_coolant_loop,
        )
E         File "/home/reid/1cfe/fusion-tea-codex-test/exploration/stellarator_e2e/pkg/stellarator_tea/handwritten/mfe_primary_loop/primary_coolant_loop_impl.py", line 28
E           Representative helium primary circuit in sized-flow mode (WI-045, goal
E                                                                        ^
E       SyntaxError: leading zeros in decimal integer literals are not permitted; use an 0o prefix for octal integers

exploration/stellarator_e2e/pkg/stellarator_tea/modules/mfe_primary_loop/primary_coolant_loop.py:404: SyntaxError
____________ test_independent_heating_domains[inf-cp_in-2101.7-0.0] ____________

module = <stellarator_tea.modules.mfe_primary_loop.primary_coolant_loop.Primary_Coolant_LoopModule object at 0x7e7bb273f470>
live = 0.0, heat = 2101.7, field = 'cp_in', bad = inf

    @pytest.mark.parametrize('live',[0.,1.])
    @pytest.mark.parametrize('heat',[0.,2101.7])
    @pytest.mark.parametrize('field',['cp_in','dT_blanket_in'])
    @pytest.mark.parametrize('bad',[0.,-0.,-1.,math.nan,math.inf,-math.inf])
    def test_independent_heating_domains(module,live,heat,field,bad):
        with pytest.raises(ValueError,match='Primary Coolant Loop: '+field+' must be finite and positive'):
>           module.run(**(BASE|{'loop_live_in':live,'q_source_in':heat,field:bad}))

tests/models/test_primary_loop_domains.py:28: 
_ _ _ _ _ _ _ _ _ _ _ _ _ _ _ _ _ _ _ _ _ _ _ _ _ _ _ _ _ _ _ _ _ _ _ _ _ _ _ _ 

self = <stellarator_tea.modules.mfe_primary_loop.primary_coolant_loop.Primary_Coolant_LoopModule object at 0x7e7bb273f470>
eta_p_direct_in = 0.5, mdot_loop_ref_in = 225.07777777777778, n_loops_in = 9.0
p_pump_direct_in = 3.0, cp_in = inf, eta_drive_in = 0.95, p_loop_in = 8000000.0
f_loss_in = 1.0, eta_is_in = 0.9, T_in_in = 573.15, loop_live_in = 0.0
q_source_in = 2101.7, dT_blanket_in = 200.0, dp_loop_ref_in = 550000.0
gamma_in = 1.6667

    def run(
        self, eta_p_direct_in: float, mdot_loop_ref_in: float, n_loops_in: float, p_pump_direct_in: float, cp_in: float, eta_drive_in: float, p_loop_in: float, f_loss_in: float, eta_is_in: float, T_in_in: float, loop_live_in: float, q_source_in: float, dT_blanket_in: float, dp_loop_ref_in: float, gamma_in: float    ) -> ModuleResult[Primary_Coolant_LoopOutput]:
        """Execute calculation.
    
        Args:
            eta_p_direct_in: eta_p_direct_in input
            mdot_loop_ref_in: mdot_loop_ref_in input
            n_loops_in: n_loops_in input
            p_pump_direct_in: p_pump_direct_in input
            cp_in: cp_in input
            eta_drive_in: eta_drive_in input
            p_loop_in: p_loop_in input
            f_loss_in: f_loss_in input
            eta_is_in: eta_is_in input
            T_in_in: T_in_in input
            loop_live_in: loop_live_in input
            q_source_in: q_source_in input
            dT_blanket_in: dT_blanket_in input
            dp_loop_ref_in: dp_loop_ref_in input
            gamma_in: gamma_in input
    
        Returns:
            Module result with Primary_Coolant_LoopOutput (p_loop_margin, q_recovered_total, p_elec, p_pump_total, T_out, T_comp_in, dp_loop, mdot_loop, w_fluid, capacity_margin, q_ihx, mdot, r_comp)
        """
        # Validate inputs
        validated_inputs = self.validate_and_fill_default(eta_p_direct_in, mdot_loop_ref_in, n_loops_in, p_pump_direct_in, cp_in, eta_drive_in, p_loop_in, f_loss_in, eta_is_in, T_in_in, loop_live_in, q_source_in, dT_blanket_in, dp_loop_ref_in, gamma_in)
    
        # Import handwritten implementation
>       from stellarator_tea.handwritten.mfe_primary_loop.primary_coolant_loop_impl import (
            run_primary_coolant_loop,
        )
E         File "/home/reid/1cfe/fusion-tea-codex-test/exploration/stellarator_e2e/pkg/stellarator_tea/handwritten/mfe_primary_loop/primary_coolant_loop_impl.py", line 28
E           Representative helium primary circuit in sized-flow mode (WI-045, goal
E                                                                        ^
E       SyntaxError: leading zeros in decimal integer literals are not permitted; use an 0o prefix for octal integers

exploration/stellarator_e2e/pkg/stellarator_tea/modules/mfe_primary_loop/primary_coolant_loop.py:404: SyntaxError
____________ test_independent_heating_domains[inf-cp_in-2101.7-1.0] ____________

module = <stellarator_tea.modules.mfe_primary_loop.primary_coolant_loop.Primary_Coolant_LoopModule object at 0x7e7bb273f470>
live = 1.0, heat = 2101.7, field = 'cp_in', bad = inf

    @pytest.mark.parametrize('live',[0.,1.])
    @pytest.mark.parametrize('heat',[0.,2101.7])
    @pytest.mark.parametrize('field',['cp_in','dT_blanket_in'])
    @pytest.mark.parametrize('bad',[0.,-0.,-1.,math.nan,math.inf,-math.inf])
    def test_independent_heating_domains(module,live,heat,field,bad):
        with pytest.raises(ValueError,match='Primary Coolant Loop: '+field+' must be finite and positive'):
>           module.run(**(BASE|{'loop_live_in':live,'q_source_in':heat,field:bad}))

tests/models/test_primary_loop_domains.py:28: 
_ _ _ _ _ _ _ _ _ _ _ _ _ _ _ _ _ _ _ _ _ _ _ _ _ _ _ _ _ _ _ _ _ _ _ _ _ _ _ _ 

self = <stellarator_tea.modules.mfe_primary_loop.primary_coolant_loop.Primary_Coolant_LoopModule object at 0x7e7bb273f470>
eta_p_direct_in = 0.5, mdot_loop_ref_in = 225.07777777777778, n_loops_in = 9.0
p_pump_direct_in = 3.0, cp_in = inf, eta_drive_in = 0.95, p_loop_in = 8000000.0
f_loss_in = 1.0, eta_is_in = 0.9, T_in_in = 573.15, loop_live_in = 1.0
q_source_in = 2101.7, dT_blanket_in = 200.0, dp_loop_ref_in = 550000.0
gamma_in = 1.6667

    def run(
        self, eta_p_direct_in: float, mdot_loop_ref_in: float, n_loops_in: float, p_pump_direct_in: float, cp_in: float, eta_drive_in: float, p_loop_in: float, f_loss_in: float, eta_is_in: float, T_in_in: float, loop_live_in: float, q_source_in: float, dT_blanket_in: float, dp_loop_ref_in: float, gamma_in: float    ) -> ModuleResult[Primary_Coolant_LoopOutput]:
        """Execute calculation.
    
        Args:
            eta_p_direct_in: eta_p_direct_in input
            mdot_loop_ref_in: mdot_loop_ref_in input
            n_loops_in: n_loops_in input
            p_pump_direct_in: p_pump_direct_in input
            cp_in: cp_in input
            eta_drive_in: eta_drive_in input
            p_loop_in: p_loop_in input
            f_loss_in: f_loss_in input
            eta_is_in: eta_is_in input
            T_in_in: T_in_in input
            loop_live_in: loop_live_in input
            q_source_in: q_source_in input
            dT_blanket_in: dT_blanket_in input
            dp_loop_ref_in: dp_loop_ref_in input
            gamma_in: gamma_in input
    
        Returns:
            Module result with Primary_Coolant_LoopOutput (p_loop_margin, q_recovered_total, p_elec, p_pump_total, T_out, T_comp_in, dp_loop, mdot_loop, w_fluid, capacity_margin, q_ihx, mdot, r_comp)
        """
        # Validate inputs
        validated_inputs = self.validate_and_fill_default(eta_p_direct_in, mdot_loop_ref_in, n_loops_in, p_pump_direct_in, cp_in, eta_drive_in, p_loop_in, f_loss_in, eta_is_in, T_in_in, loop_live_in, q_source_in, dT_blanket_in, dp_loop_ref_in, gamma_in)
    
        # Import handwritten implementation
>       from stellarator_tea.handwritten.mfe_primary_loop.primary_coolant_loop_impl import (
            run_primary_coolant_loop,
        )
E         File "/home/reid/1cfe/fusion-tea-codex-test/exploration/stellarator_e2e/pkg/stellarator_tea/handwritten/mfe_primary_loop/primary_coolant_loop_impl.py", line 28
E           Representative helium primary circuit in sized-flow mode (WI-045, goal
E                                                                        ^
E       SyntaxError: leading zeros in decimal integer literals are not permitted; use an 0o prefix for octal integers

exploration/stellarator_e2e/pkg/stellarator_tea/modules/mfe_primary_loop/primary_coolant_loop.py:404: SyntaxError
_________ test_independent_heating_domains[inf-dT_blanket_in-0.0-0.0] __________

module = <stellarator_tea.modules.mfe_primary_loop.primary_coolant_loop.Primary_Coolant_LoopModule object at 0x7e7bb273f470>
live = 0.0, heat = 0.0, field = 'dT_blanket_in', bad = inf

    @pytest.mark.parametrize('live',[0.,1.])
    @pytest.mark.parametrize('heat',[0.,2101.7])
    @pytest.mark.parametrize('field',['cp_in','dT_blanket_in'])
    @pytest.mark.parametrize('bad',[0.,-0.,-1.,math.nan,math.inf,-math.inf])
    def test_independent_heating_domains(module,live,heat,field,bad):
        with pytest.raises(ValueError,match='Primary Coolant Loop: '+field+' must be finite and positive'):
>           module.run(**(BASE|{'loop_live_in':live,'q_source_in':heat,field:bad}))

tests/models/test_primary_loop_domains.py:28: 
_ _ _ _ _ _ _ _ _ _ _ _ _ _ _ _ _ _ _ _ _ _ _ _ _ _ _ _ _ _ _ _ _ _ _ _ _ _ _ _ 

self = <stellarator_tea.modules.mfe_primary_loop.primary_coolant_loop.Primary_Coolant_LoopModule object at 0x7e7bb273f470>
eta_p_direct_in = 0.5, mdot_loop_ref_in = 225.07777777777778, n_loops_in = 9.0
p_pump_direct_in = 3.0, cp_in = 5193.0, eta_drive_in = 0.95
p_loop_in = 8000000.0, f_loss_in = 1.0, eta_is_in = 0.9, T_in_in = 573.15
loop_live_in = 0.0, q_source_in = 0.0, dT_blanket_in = inf
dp_loop_ref_in = 550000.0, gamma_in = 1.6667

    def run(
        self, eta_p_direct_in: float, mdot_loop_ref_in: float, n_loops_in: float, p_pump_direct_in: float, cp_in: float, eta_drive_in: float, p_loop_in: float, f_loss_in: float, eta_is_in: float, T_in_in: float, loop_live_in: float, q_source_in: float, dT_blanket_in: float, dp_loop_ref_in: float, gamma_in: float    ) -> ModuleResult[Primary_Coolant_LoopOutput]:
        """Execute calculation.
    
        Args:
            eta_p_direct_in: eta_p_direct_in input
            mdot_loop_ref_in: mdot_loop_ref_in input
            n_loops_in: n_loops_in input
            p_pump_direct_in: p_pump_direct_in input
            cp_in: cp_in input
            eta_drive_in: eta_drive_in input
            p_loop_in: p_loop_in input
            f_loss_in: f_loss_in input
            eta_is_in: eta_is_in input
            T_in_in: T_in_in input
            loop_live_in: loop_live_in input
            q_source_in: q_source_in input
            dT_blanket_in: dT_blanket_in input
            dp_loop_ref_in: dp_loop_ref_in input
            gamma_in: gamma_in input
    
        Returns:
            Module result with Primary_Coolant_LoopOutput (p_loop_margin, q_recovered_total, p_elec, p_pump_total, T_out, T_comp_in, dp_loop, mdot_loop, w_fluid, capacity_margin, q_ihx, mdot, r_comp)
        """
        # Validate inputs
        validated_inputs = self.validate_and_fill_default(eta_p_direct_in, mdot_loop_ref_in, n_loops_in, p_pump_direct_in, cp_in, eta_drive_in, p_loop_in, f_loss_in, eta_is_in, T_in_in, loop_live_in, q_source_in, dT_blanket_in, dp_loop_ref_in, gamma_in)
    
        # Import handwritten implementation
>       from stellarator_tea.handwritten.mfe_primary_loop.primary_coolant_loop_impl import (
            run_primary_coolant_loop,
        )
E         File "/home/reid/1cfe/fusion-tea-codex-test/exploration/stellarator_e2e/pkg/stellarator_tea/handwritten/mfe_primary_loop/primary_coolant_loop_impl.py", line 28
E           Representative helium primary circuit in sized-flow mode (WI-045, goal
E                                                                        ^
E       SyntaxError: leading zeros in decimal integer literals are not permitted; use an 0o prefix for octal integers

exploration/stellarator_e2e/pkg/stellarator_tea/modules/mfe_primary_loop/primary_coolant_loop.py:404: SyntaxError
_________ test_independent_heating_domains[inf-dT_blanket_in-0.0-1.0] __________

module = <stellarator_tea.modules.mfe_primary_loop.primary_coolant_loop.Primary_Coolant_LoopModule object at 0x7e7bb273f470>
live = 1.0, heat = 0.0, field = 'dT_blanket_in', bad = inf

    @pytest.mark.parametrize('live',[0.,1.])
    @pytest.mark.parametrize('heat',[0.,2101.7])
    @pytest.mark.parametrize('field',['cp_in','dT_blanket_in'])
    @pytest.mark.parametrize('bad',[0.,-0.,-1.,math.nan,math.inf,-math.inf])
    def test_independent_heating_domains(module,live,heat,field,bad):
        with pytest.raises(ValueError,match='Primary Coolant Loop: '+field+' must be finite and positive'):
>           module.run(**(BASE|{'loop_live_in':live,'q_source_in':heat,field:bad}))

tests/models/test_primary_loop_domains.py:28: 
_ _ _ _ _ _ _ _ _ _ _ _ _ _ _ _ _ _ _ _ _ _ _ _ _ _ _ _ _ _ _ _ _ _ _ _ _ _ _ _ 

self = <stellarator_tea.modules.mfe_primary_loop.primary_coolant_loop.Primary_Coolant_LoopModule object at 0x7e7bb273f470>
eta_p_direct_in = 0.5, mdot_loop_ref_in = 225.07777777777778, n_loops_in = 9.0
p_pump_direct_in = 3.0, cp_in = 5193.0, eta_drive_in = 0.95
p_loop_in = 8000000.0, f_loss_in = 1.0, eta_is_in = 0.9, T_in_in = 573.15
loop_live_in = 1.0, q_source_in = 0.0, dT_blanket_in = inf
dp_loop_ref_in = 550000.0, gamma_in = 1.6667

    def run(
        self, eta_p_direct_in: float, mdot_loop_ref_in: float, n_loops_in: float, p_pump_direct_in: float, cp_in: float, eta_drive_in: float, p_loop_in: float, f_loss_in: float, eta_is_in: float, T_in_in: float, loop_live_in: float, q_source_in: float, dT_blanket_in: float, dp_loop_ref_in: float, gamma_in: float    ) -> ModuleResult[Primary_Coolant_LoopOutput]:
        """Execute calculation.
    
        Args:
            eta_p_direct_in: eta_p_direct_in input
            mdot_loop_ref_in: mdot_loop_ref_in input
            n_loops_in: n_loops_in input
            p_pump_direct_in: p_pump_direct_in input
            cp_in: cp_in input
            eta_drive_in: eta_drive_in input
            p_loop_in: p_loop_in input
            f_loss_in: f_loss_in input
            eta_is_in: eta_is_in input
            T_in_in: T_in_in input
            loop_live_in: loop_live_in input
            q_source_in: q_source_in input
            dT_blanket_in: dT_blanket_in input
            dp_loop_ref_in: dp_loop_ref_in input
            gamma_in: gamma_in input
    
        Returns:
            Module result with Primary_Coolant_LoopOutput (p_loop_margin, q_recovered_total, p_elec, p_pump_total, T_out, T_comp_in, dp_loop, mdot_loop, w_fluid, capacity_margin, q_ihx, mdot, r_comp)
        """
        # Validate inputs
        validated_inputs = self.validate_and_fill_default(eta_p_direct_in, mdot_loop_ref_in, n_loops_in, p_pump_direct_in, cp_in, eta_drive_in, p_loop_in, f_loss_in, eta_is_in, T_in_in, loop_live_in, q_source_in, dT_blanket_in, dp_loop_ref_in, gamma_in)
    
        # Import handwritten implementation
>       from stellarator_tea.handwritten.mfe_primary_loop.primary_coolant_loop_impl import (
            run_primary_coolant_loop,
        )
E         File "/home/reid/1cfe/fusion-tea-codex-test/exploration/stellarator_e2e/pkg/stellarator_tea/handwritten/mfe_primary_loop/primary_coolant_loop_impl.py", line 28
E           Representative helium primary circuit in sized-flow mode (WI-045, goal
E                                                                        ^
E       SyntaxError: leading zeros in decimal integer literals are not permitted; use an 0o prefix for octal integers

exploration/stellarator_e2e/pkg/stellarator_tea/modules/mfe_primary_loop/primary_coolant_loop.py:404: SyntaxError
________ test_independent_heating_domains[inf-dT_blanket_in-2101.7-0.0] ________

module = <stellarator_tea.modules.mfe_primary_loop.primary_coolant_loop.Primary_Coolant_LoopModule object at 0x7e7bb273f470>
live = 0.0, heat = 2101.7, field = 'dT_blanket_in', bad = inf

    @pytest.mark.parametrize('live',[0.,1.])
    @pytest.mark.parametrize('heat',[0.,2101.7])
    @pytest.mark.parametrize('field',['cp_in','dT_blanket_in'])
    @pytest.mark.parametrize('bad',[0.,-0.,-1.,math.nan,math.inf,-math.inf])
    def test_independent_heating_domains(module,live,heat,field,bad):
        with pytest.raises(ValueError,match='Primary Coolant Loop: '+field+' must be finite and positive'):
>           module.run(**(BASE|{'loop_live_in':live,'q_source_in':heat,field:bad}))

tests/models/test_primary_loop_domains.py:28: 
_ _ _ _ _ _ _ _ _ _ _ _ _ _ _ _ _ _ _ _ _ _ _ _ _ _ _ _ _ _ _ _ _ _ _ _ _ _ _ _ 

self = <stellarator_tea.modules.mfe_primary_loop.primary_coolant_loop.Primary_Coolant_LoopModule object at 0x7e7bb273f470>
eta_p_direct_in = 0.5, mdot_loop_ref_in = 225.07777777777778, n_loops_in = 9.0
p_pump_direct_in = 3.0, cp_in = 5193.0, eta_drive_in = 0.95
p_loop_in = 8000000.0, f_loss_in = 1.0, eta_is_in = 0.9, T_in_in = 573.15
loop_live_in = 0.0, q_source_in = 2101.7, dT_blanket_in = inf
dp_loop_ref_in = 550000.0, gamma_in = 1.6667

    def run(
        self, eta_p_direct_in: float, mdot_loop_ref_in: float, n_loops_in: float, p_pump_direct_in: float, cp_in: float, eta_drive_in: float, p_loop_in: float, f_loss_in: float, eta_is_in: float, T_in_in: float, loop_live_in: float, q_source_in: float, dT_blanket_in: float, dp_loop_ref_in: float, gamma_in: float    ) -> ModuleResult[Primary_Coolant_LoopOutput]:
        """Execute calculation.
    
        Args:
            eta_p_direct_in: eta_p_direct_in input
            mdot_loop_ref_in: mdot_loop_ref_in input
            n_loops_in: n_loops_in input
            p_pump_direct_in: p_pump_direct_in input
            cp_in: cp_in input
            eta_drive_in: eta_drive_in input
            p_loop_in: p_loop_in input
            f_loss_in: f_loss_in input
            eta_is_in: eta_is_in input
            T_in_in: T_in_in input
            loop_live_in: loop_live_in input
            q_source_in: q_source_in input
            dT_blanket_in: dT_blanket_in input
            dp_loop_ref_in: dp_loop_ref_in input
            gamma_in: gamma_in input
    
        Returns:
            Module result with Primary_Coolant_LoopOutput (p_loop_margin, q_recovered_total, p_elec, p_pump_total, T_out, T_comp_in, dp_loop, mdot_loop, w_fluid, capacity_margin, q_ihx, mdot, r_comp)
        """
        # Validate inputs
        validated_inputs = self.validate_and_fill_default(eta_p_direct_in, mdot_loop_ref_in, n_loops_in, p_pump_direct_in, cp_in, eta_drive_in, p_loop_in, f_loss_in, eta_is_in, T_in_in, loop_live_in, q_source_in, dT_blanket_in, dp_loop_ref_in, gamma_in)
    
        # Import handwritten implementation
>       from stellarator_tea.handwritten.mfe_primary_loop.primary_coolant_loop_impl import (
            run_primary_coolant_loop,
        )
E         File "/home/reid/1cfe/fusion-tea-codex-test/exploration/stellarator_e2e/pkg/stellarator_tea/handwritten/mfe_primary_loop/primary_coolant_loop_impl.py", line 28
E           Representative helium primary circuit in sized-flow mode (WI-045, goal
E                                                                        ^
E       SyntaxError: leading zeros in decimal integer literals are not permitted; use an 0o prefix for octal integers

exploration/stellarator_e2e/pkg/stellarator_tea/modules/mfe_primary_loop/primary_coolant_loop.py:404: SyntaxError
________ test_independent_heating_domains[inf-dT_blanket_in-2101.7-1.0] ________

module = <stellarator_tea.modules.mfe_primary_loop.primary_coolant_loop.Primary_Coolant_LoopModule object at 0x7e7bb273f470>
live = 1.0, heat = 2101.7, field = 'dT_blanket_in', bad = inf

    @pytest.mark.parametrize('live',[0.,1.])
    @pytest.mark.parametrize('heat',[0.,2101.7])
    @pytest.mark.parametrize('field',['cp_in','dT_blanket_in'])
    @pytest.mark.parametrize('bad',[0.,-0.,-1.,math.nan,math.inf,-math.inf])
    def test_independent_heating_domains(module,live,heat,field,bad):
        with pytest.raises(ValueError,match='Primary Coolant Loop: '+field+' must be finite and positive'):
>           module.run(**(BASE|{'loop_live_in':live,'q_source_in':heat,field:bad}))

tests/models/test_primary_loop_domains.py:28: 
_ _ _ _ _ _ _ _ _ _ _ _ _ _ _ _ _ _ _ _ _ _ _ _ _ _ _ _ _ _ _ _ _ _ _ _ _ _ _ _ 

self = <stellarator_tea.modules.mfe_primary_loop.primary_coolant_loop.Primary_Coolant_LoopModule object at 0x7e7bb273f470>
eta_p_direct_in = 0.5, mdot_loop_ref_in = 225.07777777777778, n_loops_in = 9.0
p_pump_direct_in = 3.0, cp_in = 5193.0, eta_drive_in = 0.95
p_loop_in = 8000000.0, f_loss_in = 1.0, eta_is_in = 0.9, T_in_in = 573.15
loop_live_in = 1.0, q_source_in = 2101.7, dT_blanket_in = inf
dp_loop_ref_in = 550000.0, gamma_in = 1.6667

    def run(
        self, eta_p_direct_in: float, mdot_loop_ref_in: float, n_loops_in: float, p_pump_direct_in: float, cp_in: float, eta_drive_in: float, p_loop_in: float, f_loss_in: float, eta_is_in: float, T_in_in: float, loop_live_in: float, q_source_in: float, dT_blanket_in: float, dp_loop_ref_in: float, gamma_in: float    ) -> ModuleResult[Primary_Coolant_LoopOutput]:
        """Execute calculation.
    
        Args:
            eta_p_direct_in: eta_p_direct_in input
            mdot_loop_ref_in: mdot_loop_ref_in input
            n_loops_in: n_loops_in input
            p_pump_direct_in: p_pump_direct_in input
            cp_in: cp_in input
            eta_drive_in: eta_drive_in input
            p_loop_in: p_loop_in input
            f_loss_in: f_loss_in input
            eta_is_in: eta_is_in input
            T_in_in: T_in_in input
            loop_live_in: loop_live_in input
            q_source_in: q_source_in input
            dT_blanket_in: dT_blanket_in input
            dp_loop_ref_in: dp_loop_ref_in input
            gamma_in: gamma_in input
    
        Returns:
            Module result with Primary_Coolant_LoopOutput (p_loop_margin, q_recovered_total, p_elec, p_pump_total, T_out, T_comp_in, dp_loop, mdot_loop, w_fluid, capacity_margin, q_ihx, mdot, r_comp)
        """
        # Validate inputs
        validated_inputs = self.validate_and_fill_default(eta_p_direct_in, mdot_loop_ref_in, n_loops_in, p_pump_direct_in, cp_in, eta_drive_in, p_loop_in, f_loss_in, eta_is_in, T_in_in, loop_live_in, q_source_in, dT_blanket_in, dp_loop_ref_in, gamma_in)
    
        # Import handwritten implementation
>       from stellarator_tea.handwritten.mfe_primary_loop.primary_coolant_loop_impl import (
            run_primary_coolant_loop,
        )
E         File "/home/reid/1cfe/fusion-tea-codex-test/exploration/stellarator_e2e/pkg/stellarator_tea/handwritten/mfe_primary_loop/primary_coolant_loop_impl.py", line 28
E           Representative helium primary circuit in sized-flow mode (WI-045, goal
E                                                                        ^
E       SyntaxError: leading zeros in decimal integer literals are not permitted; use an 0o prefix for octal integers

exploration/stellarator_e2e/pkg/stellarator_tea/modules/mfe_primary_loop/primary_coolant_loop.py:404: SyntaxError
_____________ test_independent_heating_domains[-inf-cp_in-0.0-0.0] _____________

module = <stellarator_tea.modules.mfe_primary_loop.primary_coolant_loop.Primary_Coolant_LoopModule object at 0x7e7bb273f470>
live = 0.0, heat = 0.0, field = 'cp_in', bad = -inf

    @pytest.mark.parametrize('live',[0.,1.])
    @pytest.mark.parametrize('heat',[0.,2101.7])
    @pytest.mark.parametrize('field',['cp_in','dT_blanket_in'])
    @pytest.mark.parametrize('bad',[0.,-0.,-1.,math.nan,math.inf,-math.inf])
    def test_independent_heating_domains(module,live,heat,field,bad):
        with pytest.raises(ValueError,match='Primary Coolant Loop: '+field+' must be finite and positive'):
>           module.run(**(BASE|{'loop_live_in':live,'q_source_in':heat,field:bad}))

tests/models/test_primary_loop_domains.py:28: 
_ _ _ _ _ _ _ _ _ _ _ _ _ _ _ _ _ _ _ _ _ _ _ _ _ _ _ _ _ _ _ _ _ _ _ _ _ _ _ _ 

self = <stellarator_tea.modules.mfe_primary_loop.primary_coolant_loop.Primary_Coolant_LoopModule object at 0x7e7bb273f470>
eta_p_direct_in = 0.5, mdot_loop_ref_in = 225.07777777777778, n_loops_in = 9.0
p_pump_direct_in = 3.0, cp_in = -inf, eta_drive_in = 0.95, p_loop_in = 8000000.0
f_loss_in = 1.0, eta_is_in = 0.9, T_in_in = 573.15, loop_live_in = 0.0
q_source_in = 0.0, dT_blanket_in = 200.0, dp_loop_ref_in = 550000.0
gamma_in = 1.6667

    def run(
        self, eta_p_direct_in: float, mdot_loop_ref_in: float, n_loops_in: float, p_pump_direct_in: float, cp_in: float, eta_drive_in: float, p_loop_in: float, f_loss_in: float, eta_is_in: float, T_in_in: float, loop_live_in: float, q_source_in: float, dT_blanket_in: float, dp_loop_ref_in: float, gamma_in: float    ) -> ModuleResult[Primary_Coolant_LoopOutput]:
        """Execute calculation.
    
        Args:
            eta_p_direct_in: eta_p_direct_in input
            mdot_loop_ref_in: mdot_loop_ref_in input
            n_loops_in: n_loops_in input
            p_pump_direct_in: p_pump_direct_in input
            cp_in: cp_in input
            eta_drive_in: eta_drive_in input
            p_loop_in: p_loop_in input
            f_loss_in: f_loss_in input
            eta_is_in: eta_is_in input
            T_in_in: T_in_in input
            loop_live_in: loop_live_in input
            q_source_in: q_source_in input
            dT_blanket_in: dT_blanket_in input
            dp_loop_ref_in: dp_loop_ref_in input
            gamma_in: gamma_in input
    
        Returns:
            Module result with Primary_Coolant_LoopOutput (p_loop_margin, q_recovered_total, p_elec, p_pump_total, T_out, T_comp_in, dp_loop, mdot_loop, w_fluid, capacity_margin, q_ihx, mdot, r_comp)
        """
        # Validate inputs
        validated_inputs = self.validate_and_fill_default(eta_p_direct_in, mdot_loop_ref_in, n_loops_in, p_pump_direct_in, cp_in, eta_drive_in, p_loop_in, f_loss_in, eta_is_in, T_in_in, loop_live_in, q_source_in, dT_blanket_in, dp_loop_ref_in, gamma_in)
    
        # Import handwritten implementation
>       from stellarator_tea.handwritten.mfe_primary_loop.primary_coolant_loop_impl import (
            run_primary_coolant_loop,
        )
E         File "/home/reid/1cfe/fusion-tea-codex-test/exploration/stellarator_e2e/pkg/stellarator_tea/handwritten/mfe_primary_loop/primary_coolant_loop_impl.py", line 28
E           Representative helium primary circuit in sized-flow mode (WI-045, goal
E                                                                        ^
E       SyntaxError: leading zeros in decimal integer literals are not permitted; use an 0o prefix for octal integers

exploration/stellarator_e2e/pkg/stellarator_tea/modules/mfe_primary_loop/primary_coolant_loop.py:404: SyntaxError
_____________ test_independent_heating_domains[-inf-cp_in-0.0-1.0] _____________

module = <stellarator_tea.modules.mfe_primary_loop.primary_coolant_loop.Primary_Coolant_LoopModule object at 0x7e7bb273f470>
live = 1.0, heat = 0.0, field = 'cp_in', bad = -inf

    @pytest.mark.parametrize('live',[0.,1.])
    @pytest.mark.parametrize('heat',[0.,2101.7])
    @pytest.mark.parametrize('field',['cp_in','dT_blanket_in'])
    @pytest.mark.parametrize('bad',[0.,-0.,-1.,math.nan,math.inf,-math.inf])
    def test_independent_heating_domains(module,live,heat,field,bad):
        with pytest.raises(ValueError,match='Primary Coolant Loop: '+field+' must be finite and positive'):
>           module.run(**(BASE|{'loop_live_in':live,'q_source_in':heat,field:bad}))

tests/models/test_primary_loop_domains.py:28: 
_ _ _ _ _ _ _ _ _ _ _ _ _ _ _ _ _ _ _ _ _ _ _ _ _ _ _ _ _ _ _ _ _ _ _ _ _ _ _ _ 

self = <stellarator_tea.modules.mfe_primary_loop.primary_coolant_loop.Primary_Coolant_LoopModule object at 0x7e7bb273f470>
eta_p_direct_in = 0.5, mdot_loop_ref_in = 225.07777777777778, n_loops_in = 9.0
p_pump_direct_in = 3.0, cp_in = -inf, eta_drive_in = 0.95, p_loop_in = 8000000.0
f_loss_in = 1.0, eta_is_in = 0.9, T_in_in = 573.15, loop_live_in = 1.0
q_source_in = 0.0, dT_blanket_in = 200.0, dp_loop_ref_in = 550000.0
gamma_in = 1.6667

    def run(
        self, eta_p_direct_in: float, mdot_loop_ref_in: float, n_loops_in: float, p_pump_direct_in: float, cp_in: float, eta_drive_in: float, p_loop_in: float, f_loss_in: float, eta_is_in: float, T_in_in: float, loop_live_in: float, q_source_in: float, dT_blanket_in: float, dp_loop_ref_in: float, gamma_in: float    ) -> ModuleResult[Primary_Coolant_LoopOutput]:
        """Execute calculation.
    
        Args:
            eta_p_direct_in: eta_p_direct_in input
            mdot_loop_ref_in: mdot_loop_ref_in input
            n_loops_in: n_loops_in input
            p_pump_direct_in: p_pump_direct_in input
            cp_in: cp_in input
            eta_drive_in: eta_drive_in input
            p_loop_in: p_loop_in input
            f_loss_in: f_loss_in input
            eta_is_in: eta_is_in input
            T_in_in: T_in_in input
            loop_live_in: loop_live_in input
            q_source_in: q_source_in input
            dT_blanket_in: dT_blanket_in input
            dp_loop_ref_in: dp_loop_ref_in input
            gamma_in: gamma_in input
    
        Returns:
            Module result with Primary_Coolant_LoopOutput (p_loop_margin, q_recovered_total, p_elec, p_pump_total, T_out, T_comp_in, dp_loop, mdot_loop, w_fluid, capacity_margin, q_ihx, mdot, r_comp)
        """
        # Validate inputs
        validated_inputs = self.validate_and_fill_default(eta_p_direct_in, mdot_loop_ref_in, n_loops_in, p_pump_direct_in, cp_in, eta_drive_in, p_loop_in, f_loss_in, eta_is_in, T_in_in, loop_live_in, q_source_in, dT_blanket_in, dp_loop_ref_in, gamma_in)
    
        # Import handwritten implementation
>       from stellarator_tea.handwritten.mfe_primary_loop.primary_coolant_loop_impl import (
            run_primary_coolant_loop,
        )
E         File "/home/reid/1cfe/fusion-tea-codex-test/exploration/stellarator_e2e/pkg/stellarator_tea/handwritten/mfe_primary_loop/primary_coolant_loop_impl.py", line 28
E           Representative helium primary circuit in sized-flow mode (WI-045, goal
E                                                                        ^
E       SyntaxError: leading zeros in decimal integer literals are not permitted; use an 0o prefix for octal integers

exploration/stellarator_e2e/pkg/stellarator_tea/modules/mfe_primary_loop/primary_coolant_loop.py:404: SyntaxError
___________ test_independent_heating_domains[-inf-cp_in-2101.7-0.0] ____________

module = <stellarator_tea.modules.mfe_primary_loop.primary_coolant_loop.Primary_Coolant_LoopModule object at 0x7e7bb273f470>
live = 0.0, heat = 2101.7, field = 'cp_in', bad = -inf

    @pytest.mark.parametrize('live',[0.,1.])
    @pytest.mark.parametrize('heat',[0.,2101.7])
    @pytest.mark.parametrize('field',['cp_in','dT_blanket_in'])
    @pytest.mark.parametrize('bad',[0.,-0.,-1.,math.nan,math.inf,-math.inf])
    def test_independent_heating_domains(module,live,heat,field,bad):
        with pytest.raises(ValueError,match='Primary Coolant Loop: '+field+' must be finite and positive'):
>           module.run(**(BASE|{'loop_live_in':live,'q_source_in':heat,field:bad}))

tests/models/test_primary_loop_domains.py:28: 
_ _ _ _ _ _ _ _ _ _ _ _ _ _ _ _ _ _ _ _ _ _ _ _ _ _ _ _ _ _ _ _ _ _ _ _ _ _ _ _ 

self = <stellarator_tea.modules.mfe_primary_loop.primary_coolant_loop.Primary_Coolant_LoopModule object at 0x7e7bb273f470>
eta_p_direct_in = 0.5, mdot_loop_ref_in = 225.07777777777778, n_loops_in = 9.0
p_pump_direct_in = 3.0, cp_in = -inf, eta_drive_in = 0.95, p_loop_in = 8000000.0
f_loss_in = 1.0, eta_is_in = 0.9, T_in_in = 573.15, loop_live_in = 0.0
q_source_in = 2101.7, dT_blanket_in = 200.0, dp_loop_ref_in = 550000.0
gamma_in = 1.6667

    def run(
        self, eta_p_direct_in: float, mdot_loop_ref_in: float, n_loops_in: float, p_pump_direct_in: float, cp_in: float, eta_drive_in: float, p_loop_in: float, f_loss_in: float, eta_is_in: float, T_in_in: float, loop_live_in: float, q_source_in: float, dT_blanket_in: float, dp_loop_ref_in: float, gamma_in: float    ) -> ModuleResult[Primary_Coolant_LoopOutput]:
        """Execute calculation.
    
        Args:
            eta_p_direct_in: eta_p_direct_in input
            mdot_loop_ref_in: mdot_loop_ref_in input
            n_loops_in: n_loops_in input
            p_pump_direct_in: p_pump_direct_in input
            cp_in: cp_in input
            eta_drive_in: eta_drive_in input
            p_loop_in: p_loop_in input
            f_loss_in: f_loss_in input
            eta_is_in: eta_is_in input
            T_in_in: T_in_in input
            loop_live_in: loop_live_in input
            q_source_in: q_source_in input
            dT_blanket_in: dT_blanket_in input
            dp_loop_ref_in: dp_loop_ref_in input
            gamma_in: gamma_in input
    
        Returns:
            Module result with Primary_Coolant_LoopOutput (p_loop_margin, q_recovered_total, p_elec, p_pump_total, T_out, T_comp_in, dp_loop, mdot_loop, w_fluid, capacity_margin, q_ihx, mdot, r_comp)
        """
        # Validate inputs
        validated_inputs = self.validate_and_fill_default(eta_p_direct_in, mdot_loop_ref_in, n_loops_in, p_pump_direct_in, cp_in, eta_drive_in, p_loop_in, f_loss_in, eta_is_in, T_in_in, loop_live_in, q_source_in, dT_blanket_in, dp_loop_ref_in, gamma_in)
    
        # Import handwritten implementation
>       from stellarator_tea.handwritten.mfe_primary_loop.primary_coolant_loop_impl import (
            run_primary_coolant_loop,
        )
E         File "/home/reid/1cfe/fusion-tea-codex-test/exploration/stellarator_e2e/pkg/stellarator_tea/handwritten/mfe_primary_loop/primary_coolant_loop_impl.py", line 28
E           Representative helium primary circuit in sized-flow mode (WI-045, goal
E                                                                        ^
E       SyntaxError: leading zeros in decimal integer literals are not permitted; use an 0o prefix for octal integers

exploration/stellarator_e2e/pkg/stellarator_tea/modules/mfe_primary_loop/primary_coolant_loop.py:404: SyntaxError
___________ test_independent_heating_domains[-inf-cp_in-2101.7-1.0] ____________

module = <stellarator_tea.modules.mfe_primary_loop.primary_coolant_loop.Primary_Coolant_LoopModule object at 0x7e7bb273f470>
live = 1.0, heat = 2101.7, field = 'cp_in', bad = -inf

    @pytest.mark.parametrize('live',[0.,1.])
    @pytest.mark.parametrize('heat',[0.,2101.7])
    @pytest.mark.parametrize('field',['cp_in','dT_blanket_in'])
    @pytest.mark.parametrize('bad',[0.,-0.,-1.,math.nan,math.inf,-math.inf])
    def test_independent_heating_domains(module,live,heat,field,bad):
        with pytest.raises(ValueError,match='Primary Coolant Loop: '+field+' must be finite and positive'):
>           module.run(**(BASE|{'loop_live_in':live,'q_source_in':heat,field:bad}))

tests/models/test_primary_loop_domains.py:28: 
_ _ _ _ _ _ _ _ _ _ _ _ _ _ _ _ _ _ _ _ _ _ _ _ _ _ _ _ _ _ _ _ _ _ _ _ _ _ _ _ 

self = <stellarator_tea.modules.mfe_primary_loop.primary_coolant_loop.Primary_Coolant_LoopModule object at 0x7e7bb273f470>
eta_p_direct_in = 0.5, mdot_loop_ref_in = 225.07777777777778, n_loops_in = 9.0
p_pump_direct_in = 3.0, cp_in = -inf, eta_drive_in = 0.95, p_loop_in = 8000000.0
f_loss_in = 1.0, eta_is_in = 0.9, T_in_in = 573.15, loop_live_in = 1.0
q_source_in = 2101.7, dT_blanket_in = 200.0, dp_loop_ref_in = 550000.0
gamma_in = 1.6667

    def run(
        self, eta_p_direct_in: float, mdot_loop_ref_in: float, n_loops_in: float, p_pump_direct_in: float, cp_in: float, eta_drive_in: float, p_loop_in: float, f_loss_in: float, eta_is_in: float, T_in_in: float, loop_live_in: float, q_source_in: float, dT_blanket_in: float, dp_loop_ref_in: float, gamma_in: float    ) -> ModuleResult[Primary_Coolant_LoopOutput]:
        """Execute calculation.
    
        Args:
            eta_p_direct_in: eta_p_direct_in input
            mdot_loop_ref_in: mdot_loop_ref_in input
            n_loops_in: n_loops_in input
            p_pump_direct_in: p_pump_direct_in input
            cp_in: cp_in input
            eta_drive_in: eta_drive_in input
            p_loop_in: p_loop_in input
            f_loss_in: f_loss_in input
            eta_is_in: eta_is_in input
            T_in_in: T_in_in input
            loop_live_in: loop_live_in input
            q_source_in: q_source_in input
            dT_blanket_in: dT_blanket_in input
            dp_loop_ref_in: dp_loop_ref_in input
            gamma_in: gamma_in input
    
        Returns:
            Module result with Primary_Coolant_LoopOutput (p_loop_margin, q_recovered_total, p_elec, p_pump_total, T_out, T_comp_in, dp_loop, mdot_loop, w_fluid, capacity_margin, q_ihx, mdot, r_comp)
        """
        # Validate inputs
        validated_inputs = self.validate_and_fill_default(eta_p_direct_in, mdot_loop_ref_in, n_loops_in, p_pump_direct_in, cp_in, eta_drive_in, p_loop_in, f_loss_in, eta_is_in, T_in_in, loop_live_in, q_source_in, dT_blanket_in, dp_loop_ref_in, gamma_in)
    
        # Import handwritten implementation
>       from stellarator_tea.handwritten.mfe_primary_loop.primary_coolant_loop_impl import (
            run_primary_coolant_loop,
        )
E         File "/home/reid/1cfe/fusion-tea-codex-test/exploration/stellarator_e2e/pkg/stellarator_tea/handwritten/mfe_primary_loop/primary_coolant_loop_impl.py", line 28
E           Representative helium primary circuit in sized-flow mode (WI-045, goal
E                                                                        ^
E       SyntaxError: leading zeros in decimal integer literals are not permitted; use an 0o prefix for octal integers

exploration/stellarator_e2e/pkg/stellarator_tea/modules/mfe_primary_loop/primary_coolant_loop.py:404: SyntaxError
_________ test_independent_heating_domains[-inf-dT_blanket_in-0.0-0.0] _________

module = <stellarator_tea.modules.mfe_primary_loop.primary_coolant_loop.Primary_Coolant_LoopModule object at 0x7e7bb273f470>
live = 0.0, heat = 0.0, field = 'dT_blanket_in', bad = -inf

    @pytest.mark.parametrize('live',[0.,1.])
    @pytest.mark.parametrize('heat',[0.,2101.7])
    @pytest.mark.parametrize('field',['cp_in','dT_blanket_in'])
    @pytest.mark.parametrize('bad',[0.,-0.,-1.,math.nan,math.inf,-math.inf])
    def test_independent_heating_domains(module,live,heat,field,bad):
        with pytest.raises(ValueError,match='Primary Coolant Loop: '+field+' must be finite and positive'):
>           module.run(**(BASE|{'loop_live_in':live,'q_source_in':heat,field:bad}))

tests/models/test_primary_loop_domains.py:28: 
_ _ _ _ _ _ _ _ _ _ _ _ _ _ _ _ _ _ _ _ _ _ _ _ _ _ _ _ _ _ _ _ _ _ _ _ _ _ _ _ 

self = <stellarator_tea.modules.mfe_primary_loop.primary_coolant_loop.Primary_Coolant_LoopModule object at 0x7e7bb273f470>
eta_p_direct_in = 0.5, mdot_loop_ref_in = 225.07777777777778, n_loops_in = 9.0
p_pump_direct_in = 3.0, cp_in = 5193.0, eta_drive_in = 0.95
p_loop_in = 8000000.0, f_loss_in = 1.0, eta_is_in = 0.9, T_in_in = 573.15
loop_live_in = 0.0, q_source_in = 0.0, dT_blanket_in = -inf
dp_loop_ref_in = 550000.0, gamma_in = 1.6667

    def run(
        self, eta_p_direct_in: float, mdot_loop_ref_in: float, n_loops_in: float, p_pump_direct_in: float, cp_in: float, eta_drive_in: float, p_loop_in: float, f_loss_in: float, eta_is_in: float, T_in_in: float, loop_live_in: float, q_source_in: float, dT_blanket_in: float, dp_loop_ref_in: float, gamma_in: float    ) -> ModuleResult[Primary_Coolant_LoopOutput]:
        """Execute calculation.
    
        Args:
            eta_p_direct_in: eta_p_direct_in input
            mdot_loop_ref_in: mdot_loop_ref_in input
            n_loops_in: n_loops_in input
            p_pump_direct_in: p_pump_direct_in input
            cp_in: cp_in input
            eta_drive_in: eta_drive_in input
            p_loop_in: p_loop_in input
            f_loss_in: f_loss_in input
            eta_is_in: eta_is_in input
            T_in_in: T_in_in input
            loop_live_in: loop_live_in input
            q_source_in: q_source_in input
            dT_blanket_in: dT_blanket_in input
            dp_loop_ref_in: dp_loop_ref_in input
            gamma_in: gamma_in input
    
        Returns:
            Module result with Primary_Coolant_LoopOutput (p_loop_margin, q_recovered_total, p_elec, p_pump_total, T_out, T_comp_in, dp_loop, mdot_loop, w_fluid, capacity_margin, q_ihx, mdot, r_comp)
        """
        # Validate inputs
        validated_inputs = self.validate_and_fill_default(eta_p_direct_in, mdot_loop_ref_in, n_loops_in, p_pump_direct_in, cp_in, eta_drive_in, p_loop_in, f_loss_in, eta_is_in, T_in_in, loop_live_in, q_source_in, dT_blanket_in, dp_loop_ref_in, gamma_in)
    
        # Import handwritten implementation
>       from stellarator_tea.handwritten.mfe_primary_loop.primary_coolant_loop_impl import (
            run_primary_coolant_loop,
        )
E         File "/home/reid/1cfe/fusion-tea-codex-test/exploration/stellarator_e2e/pkg/stellarator_tea/handwritten/mfe_primary_loop/primary_coolant_loop_impl.py", line 28
E           Representative helium primary circuit in sized-flow mode (WI-045, goal
E                                                                        ^
E       SyntaxError: leading zeros in decimal integer literals are not permitted; use an 0o prefix for octal integers

exploration/stellarator_e2e/pkg/stellarator_tea/modules/mfe_primary_loop/primary_coolant_loop.py:404: SyntaxError
_________ test_independent_heating_domains[-inf-dT_blanket_in-0.0-1.0] _________

module = <stellarator_tea.modules.mfe_primary_loop.primary_coolant_loop.Primary_Coolant_LoopModule object at 0x7e7bb273f470>
live = 1.0, heat = 0.0, field = 'dT_blanket_in', bad = -inf

    @pytest.mark.parametrize('live',[0.,1.])
    @pytest.mark.parametrize('heat',[0.,2101.7])
    @pytest.mark.parametrize('field',['cp_in','dT_blanket_in'])
    @pytest.mark.parametrize('bad',[0.,-0.,-1.,math.nan,math.inf,-math.inf])
    def test_independent_heating_domains(module,live,heat,field,bad):
        with pytest.raises(ValueError,match='Primary Coolant Loop: '+field+' must be finite and positive'):
>           module.run(**(BASE|{'loop_live_in':live,'q_source_in':heat,field:bad}))

tests/models/test_primary_loop_domains.py:28: 
_ _ _ _ _ _ _ _ _ _ _ _ _ _ _ _ _ _ _ _ _ _ _ _ _ _ _ _ _ _ _ _ _ _ _ _ _ _ _ _ 

self = <stellarator_tea.modules.mfe_primary_loop.primary_coolant_loop.Primary_Coolant_LoopModule object at 0x7e7bb273f470>
eta_p_direct_in = 0.5, mdot_loop_ref_in = 225.07777777777778, n_loops_in = 9.0
p_pump_direct_in = 3.0, cp_in = 5193.0, eta_drive_in = 0.95
p_loop_in = 8000000.0, f_loss_in = 1.0, eta_is_in = 0.9, T_in_in = 573.15
loop_live_in = 1.0, q_source_in = 0.0, dT_blanket_in = -inf
dp_loop_ref_in = 550000.0, gamma_in = 1.6667

    def run(
        self, eta_p_direct_in: float, mdot_loop_ref_in: float, n_loops_in: float, p_pump_direct_in: float, cp_in: float, eta_drive_in: float, p_loop_in: float, f_loss_in: float, eta_is_in: float, T_in_in: float, loop_live_in: float, q_source_in: float, dT_blanket_in: float, dp_loop_ref_in: float, gamma_in: float    ) -> ModuleResult[Primary_Coolant_LoopOutput]:
        """Execute calculation.
    
        Args:
            eta_p_direct_in: eta_p_direct_in input
            mdot_loop_ref_in: mdot_loop_ref_in input
            n_loops_in: n_loops_in input
            p_pump_direct_in: p_pump_direct_in input
            cp_in: cp_in input
            eta_drive_in: eta_drive_in input
            p_loop_in: p_loop_in input
            f_loss_in: f_loss_in input
            eta_is_in: eta_is_in input
            T_in_in: T_in_in input
            loop_live_in: loop_live_in input
            q_source_in: q_source_in input
            dT_blanket_in: dT_blanket_in input
            dp_loop_ref_in: dp_loop_ref_in input
            gamma_in: gamma_in input
    
        Returns:
            Module result with Primary_Coolant_LoopOutput (p_loop_margin, q_recovered_total, p_elec, p_pump_total, T_out, T_comp_in, dp_loop, mdot_loop, w_fluid, capacity_margin, q_ihx, mdot, r_comp)
        """
        # Validate inputs
        validated_inputs = self.validate_and_fill_default(eta_p_direct_in, mdot_loop_ref_in, n_loops_in, p_pump_direct_in, cp_in, eta_drive_in, p_loop_in, f_loss_in, eta_is_in, T_in_in, loop_live_in, q_source_in, dT_blanket_in, dp_loop_ref_in, gamma_in)
    
        # Import handwritten implementation
>       from stellarator_tea.handwritten.mfe_primary_loop.primary_coolant_loop_impl import (
            run_primary_coolant_loop,
        )
E         File "/home/reid/1cfe/fusion-tea-codex-test/exploration/stellarator_e2e/pkg/stellarator_tea/handwritten/mfe_primary_loop/primary_coolant_loop_impl.py", line 28
E           Representative helium primary circuit in sized-flow mode (WI-045, goal
E                                                                        ^
E       SyntaxError: leading zeros in decimal integer literals are not permitted; use an 0o prefix for octal integers

exploration/stellarator_e2e/pkg/stellarator_tea/modules/mfe_primary_loop/primary_coolant_loop.py:404: SyntaxError
_______ test_independent_heating_domains[-inf-dT_blanket_in-2101.7-0.0] ________

module = <stellarator_tea.modules.mfe_primary_loop.primary_coolant_loop.Primary_Coolant_LoopModule object at 0x7e7bb273f470>
live = 0.0, heat = 2101.7, field = 'dT_blanket_in', bad = -inf

    @pytest.mark.parametrize('live',[0.,1.])
    @pytest.mark.parametrize('heat',[0.,2101.7])
    @pytest.mark.parametrize('field',['cp_in','dT_blanket_in'])
    @pytest.mark.parametrize('bad',[0.,-0.,-1.,math.nan,math.inf,-math.inf])
    def test_independent_heating_domains(module,live,heat,field,bad):
        with pytest.raises(ValueError,match='Primary Coolant Loop: '+field+' must be finite and positive'):
>           module.run(**(BASE|{'loop_live_in':live,'q_source_in':heat,field:bad}))

tests/models/test_primary_loop_domains.py:28: 
_ _ _ _ _ _ _ _ _ _ _ _ _ _ _ _ _ _ _ _ _ _ _ _ _ _ _ _ _ _ _ _ _ _ _ _ _ _ _ _ 

self = <stellarator_tea.modules.mfe_primary_loop.primary_coolant_loop.Primary_Coolant_LoopModule object at 0x7e7bb273f470>
eta_p_direct_in = 0.5, mdot_loop_ref_in = 225.07777777777778, n_loops_in = 9.0
p_pump_direct_in = 3.0, cp_in = 5193.0, eta_drive_in = 0.95
p_loop_in = 8000000.0, f_loss_in = 1.0, eta_is_in = 0.9, T_in_in = 573.15
loop_live_in = 0.0, q_source_in = 2101.7, dT_blanket_in = -inf
dp_loop_ref_in = 550000.0, gamma_in = 1.6667

    def run(
        self, eta_p_direct_in: float, mdot_loop_ref_in: float, n_loops_in: float, p_pump_direct_in: float, cp_in: float, eta_drive_in: float, p_loop_in: float, f_loss_in: float, eta_is_in: float, T_in_in: float, loop_live_in: float, q_source_in: float, dT_blanket_in: float, dp_loop_ref_in: float, gamma_in: float    ) -> ModuleResult[Primary_Coolant_LoopOutput]:
        """Execute calculation.
    
        Args:
            eta_p_direct_in: eta_p_direct_in input
            mdot_loop_ref_in: mdot_loop_ref_in input
            n_loops_in: n_loops_in input
            p_pump_direct_in: p_pump_direct_in input
            cp_in: cp_in input
            eta_drive_in: eta_drive_in input
            p_loop_in: p_loop_in input
            f_loss_in: f_loss_in input
            eta_is_in: eta_is_in input
            T_in_in: T_in_in input
            loop_live_in: loop_live_in input
            q_source_in: q_source_in input
            dT_blanket_in: dT_blanket_in input
            dp_loop_ref_in: dp_loop_ref_in input
            gamma_in: gamma_in input
    
        Returns:
            Module result with Primary_Coolant_LoopOutput (p_loop_margin, q_recovered_total, p_elec, p_pump_total, T_out, T_comp_in, dp_loop, mdot_loop, w_fluid, capacity_margin, q_ihx, mdot, r_comp)
        """
        # Validate inputs
        validated_inputs = self.validate_and_fill_default(eta_p_direct_in, mdot_loop_ref_in, n_loops_in, p_pump_direct_in, cp_in, eta_drive_in, p_loop_in, f_loss_in, eta_is_in, T_in_in, loop_live_in, q_source_in, dT_blanket_in, dp_loop_ref_in, gamma_in)
    
        # Import handwritten implementation
>       from stellarator_tea.handwritten.mfe_primary_loop.primary_coolant_loop_impl import (
            run_primary_coolant_loop,
        )
E         File "/home/reid/1cfe/fusion-tea-codex-test/exploration/stellarator_e2e/pkg/stellarator_tea/handwritten/mfe_primary_loop/primary_coolant_loop_impl.py", line 28
E           Representative helium primary circuit in sized-flow mode (WI-045, goal
E                                                                        ^
E       SyntaxError: leading zeros in decimal integer literals are not permitted; use an 0o prefix for octal integers

exploration/stellarator_e2e/pkg/stellarator_tea/modules/mfe_primary_loop/primary_coolant_loop.py:404: SyntaxError
_______ test_independent_heating_domains[-inf-dT_blanket_in-2101.7-1.0] ________

module = <stellarator_tea.modules.mfe_primary_loop.primary_coolant_loop.Primary_Coolant_LoopModule object at 0x7e7bb273f470>
live = 1.0, heat = 2101.7, field = 'dT_blanket_in', bad = -inf

    @pytest.mark.parametrize('live',[0.,1.])
    @pytest.mark.parametrize('heat',[0.,2101.7])
    @pytest.mark.parametrize('field',['cp_in','dT_blanket_in'])
    @pytest.mark.parametrize('bad',[0.,-0.,-1.,math.nan,math.inf,-math.inf])
    def test_independent_heating_domains(module,live,heat,field,bad):
        with pytest.raises(ValueError,match='Primary Coolant Loop: '+field+' must be finite and positive'):
>           module.run(**(BASE|{'loop_live_in':live,'q_source_in':heat,field:bad}))

tests/models/test_primary_loop_domains.py:28: 
_ _ _ _ _ _ _ _ _ _ _ _ _ _ _ _ _ _ _ _ _ _ _ _ _ _ _ _ _ _ _ _ _ _ _ _ _ _ _ _ 

self = <stellarator_tea.modules.mfe_primary_loop.primary_coolant_loop.Primary_Coolant_LoopModule object at 0x7e7bb273f470>
eta_p_direct_in = 0.5, mdot_loop_ref_in = 225.07777777777778, n_loops_in = 9.0
p_pump_direct_in = 3.0, cp_in = 5193.0, eta_drive_in = 0.95
p_loop_in = 8000000.0, f_loss_in = 1.0, eta_is_in = 0.9, T_in_in = 573.15
loop_live_in = 1.0, q_source_in = 2101.7, dT_blanket_in = -inf
dp_loop_ref_in = 550000.0, gamma_in = 1.6667

    def run(
        self, eta_p_direct_in: float, mdot_loop_ref_in: float, n_loops_in: float, p_pump_direct_in: float, cp_in: float, eta_drive_in: float, p_loop_in: float, f_loss_in: float, eta_is_in: float, T_in_in: float, loop_live_in: float, q_source_in: float, dT_blanket_in: float, dp_loop_ref_in: float, gamma_in: float    ) -> ModuleResult[Primary_Coolant_LoopOutput]:
        """Execute calculation.
    
        Args:
            eta_p_direct_in: eta_p_direct_in input
            mdot_loop_ref_in: mdot_loop_ref_in input
            n_loops_in: n_loops_in input
            p_pump_direct_in: p_pump_direct_in input
            cp_in: cp_in input
            eta_drive_in: eta_drive_in input
            p_loop_in: p_loop_in input
            f_loss_in: f_loss_in input
            eta_is_in: eta_is_in input
            T_in_in: T_in_in input
            loop_live_in: loop_live_in input
            q_source_in: q_source_in input
            dT_blanket_in: dT_blanket_in input
            dp_loop_ref_in: dp_loop_ref_in input
            gamma_in: gamma_in input
    
        Returns:
            Module result with Primary_Coolant_LoopOutput (p_loop_margin, q_recovered_total, p_elec, p_pump_total, T_out, T_comp_in, dp_loop, mdot_loop, w_fluid, capacity_margin, q_ihx, mdot, r_comp)
        """
        # Validate inputs
        validated_inputs = self.validate_and_fill_default(eta_p_direct_in, mdot_loop_ref_in, n_loops_in, p_pump_direct_in, cp_in, eta_drive_in, p_loop_in, f_loss_in, eta_is_in, T_in_in, loop_live_in, q_source_in, dT_blanket_in, dp_loop_ref_in, gamma_in)
    
        # Import handwritten implementation
>       from stellarator_tea.handwritten.mfe_primary_loop.primary_coolant_loop_impl import (
            run_primary_coolant_loop,
        )
E         File "/home/reid/1cfe/fusion-tea-codex-test/exploration/stellarator_e2e/pkg/stellarator_tea/handwritten/mfe_primary_loop/primary_coolant_loop_impl.py", line 28
E           Representative helium primary circuit in sized-flow mode (WI-045, goal
E                                                                        ^
E       SyntaxError: leading zeros in decimal integer literals are not permitted; use an 0o prefix for octal integers

exploration/stellarator_e2e/pkg/stellarator_tea/modules/mfe_primary_loop/primary_coolant_loop.py:404: SyntaxError
__________________ test_negative_pair_is_not_admissible[0.0] ___________________

module = <stellarator_tea.modules.mfe_primary_loop.primary_coolant_loop.Primary_Coolant_LoopModule object at 0x7e7bb273f470>
live = 0.0

    @pytest.mark.parametrize('live',[0.,1.])
    def test_negative_pair_is_not_admissible(module,live):
        with pytest.raises(ValueError,match='Primary Coolant Loop: cp_in'):
>           module.run(**(BASE|{'loop_live_in':live,'cp_in':-5193.,'dT_blanket_in':-200.}))

tests/models/test_primary_loop_domains.py:33: 
_ _ _ _ _ _ _ _ _ _ _ _ _ _ _ _ _ _ _ _ _ _ _ _ _ _ _ _ _ _ _ _ _ _ _ _ _ _ _ _ 

self = <stellarator_tea.modules.mfe_primary_loop.primary_coolant_loop.Primary_Coolant_LoopModule object at 0x7e7bb273f470>
eta_p_direct_in = 0.5, mdot_loop_ref_in = 225.07777777777778, n_loops_in = 9.0
p_pump_direct_in = 3.0, cp_in = -5193.0, eta_drive_in = 0.95
p_loop_in = 8000000.0, f_loss_in = 1.0, eta_is_in = 0.9, T_in_in = 573.15
loop_live_in = 0.0, q_source_in = 2101.7, dT_blanket_in = -200.0
dp_loop_ref_in = 550000.0, gamma_in = 1.6667

    def run(
        self, eta_p_direct_in: float, mdot_loop_ref_in: float, n_loops_in: float, p_pump_direct_in: float, cp_in: float, eta_drive_in: float, p_loop_in: float, f_loss_in: float, eta_is_in: float, T_in_in: float, loop_live_in: float, q_source_in: float, dT_blanket_in: float, dp_loop_ref_in: float, gamma_in: float    ) -> ModuleResult[Primary_Coolant_LoopOutput]:
        """Execute calculation.
    
        Args:
            eta_p_direct_in: eta_p_direct_in input
            mdot_loop_ref_in: mdot_loop_ref_in input
            n_loops_in: n_loops_in input
            p_pump_direct_in: p_pump_direct_in input
            cp_in: cp_in input
            eta_drive_in: eta_drive_in input
            p_loop_in: p_loop_in input
            f_loss_in: f_loss_in input
            eta_is_in: eta_is_in input
            T_in_in: T_in_in input
            loop_live_in: loop_live_in input
            q_source_in: q_source_in input
            dT_blanket_in: dT_blanket_in input
            dp_loop_ref_in: dp_loop_ref_in input
            gamma_in: gamma_in input
    
        Returns:
            Module result with Primary_Coolant_LoopOutput (p_loop_margin, q_recovered_total, p_elec, p_pump_total, T_out, T_comp_in, dp_loop, mdot_loop, w_fluid, capacity_margin, q_ihx, mdot, r_comp)
        """
        # Validate inputs
        validated_inputs = self.validate_and_fill_default(eta_p_direct_in, mdot_loop_ref_in, n_loops_in, p_pump_direct_in, cp_in, eta_drive_in, p_loop_in, f_loss_in, eta_is_in, T_in_in, loop_live_in, q_source_in, dT_blanket_in, dp_loop_ref_in, gamma_in)
    
        # Import handwritten implementation
>       from stellarator_tea.handwritten.mfe_primary_loop.primary_coolant_loop_impl import (
            run_primary_coolant_loop,
        )
E         File "/home/reid/1cfe/fusion-tea-codex-test/exploration/stellarator_e2e/pkg/stellarator_tea/handwritten/mfe_primary_loop/primary_coolant_loop_impl.py", line 28
E           Representative helium primary circuit in sized-flow mode (WI-045, goal
E                                                                        ^
E       SyntaxError: leading zeros in decimal integer literals are not permitted; use an 0o prefix for octal integers

exploration/stellarator_e2e/pkg/stellarator_tea/modules/mfe_primary_loop/primary_coolant_loop.py:404: SyntaxError
__________________ test_negative_pair_is_not_admissible[1.0] ___________________

module = <stellarator_tea.modules.mfe_primary_loop.primary_coolant_loop.Primary_Coolant_LoopModule object at 0x7e7bb273f470>
live = 1.0

    @pytest.mark.parametrize('live',[0.,1.])
    def test_negative_pair_is_not_admissible(module,live):
        with pytest.raises(ValueError,match='Primary Coolant Loop: cp_in'):
>           module.run(**(BASE|{'loop_live_in':live,'cp_in':-5193.,'dT_blanket_in':-200.}))

tests/models/test_primary_loop_domains.py:33: 
_ _ _ _ _ _ _ _ _ _ _ _ _ _ _ _ _ _ _ _ _ _ _ _ _ _ _ _ _ _ _ _ _ _ _ _ _ _ _ _ 

self = <stellarator_tea.modules.mfe_primary_loop.primary_coolant_loop.Primary_Coolant_LoopModule object at 0x7e7bb273f470>
eta_p_direct_in = 0.5, mdot_loop_ref_in = 225.07777777777778, n_loops_in = 9.0
p_pump_direct_in = 3.0, cp_in = -5193.0, eta_drive_in = 0.95
p_loop_in = 8000000.0, f_loss_in = 1.0, eta_is_in = 0.9, T_in_in = 573.15
loop_live_in = 1.0, q_source_in = 2101.7, dT_blanket_in = -200.0
dp_loop_ref_in = 550000.0, gamma_in = 1.6667

    def run(
        self, eta_p_direct_in: float, mdot_loop_ref_in: float, n_loops_in: float, p_pump_direct_in: float, cp_in: float, eta_drive_in: float, p_loop_in: float, f_loss_in: float, eta_is_in: float, T_in_in: float, loop_live_in: float, q_source_in: float, dT_blanket_in: float, dp_loop_ref_in: float, gamma_in: float    ) -> ModuleResult[Primary_Coolant_LoopOutput]:
        """Execute calculation.
    
        Args:
            eta_p_direct_in: eta_p_direct_in input
            mdot_loop_ref_in: mdot_loop_ref_in input
            n_loops_in: n_loops_in input
            p_pump_direct_in: p_pump_direct_in input
            cp_in: cp_in input
            eta_drive_in: eta_drive_in input
            p_loop_in: p_loop_in input
            f_loss_in: f_loss_in input
            eta_is_in: eta_is_in input
            T_in_in: T_in_in input
            loop_live_in: loop_live_in input
            q_source_in: q_source_in input
            dT_blanket_in: dT_blanket_in input
            dp_loop_ref_in: dp_loop_ref_in input
            gamma_in: gamma_in input
    
        Returns:
            Module result with Primary_Coolant_LoopOutput (p_loop_margin, q_recovered_total, p_elec, p_pump_total, T_out, T_comp_in, dp_loop, mdot_loop, w_fluid, capacity_margin, q_ihx, mdot, r_comp)
        """
        # Validate inputs
        validated_inputs = self.validate_and_fill_default(eta_p_direct_in, mdot_loop_ref_in, n_loops_in, p_pump_direct_in, cp_in, eta_drive_in, p_loop_in, f_loss_in, eta_is_in, T_in_in, loop_live_in, q_source_in, dT_blanket_in, dp_loop_ref_in, gamma_in)
    
        # Import handwritten implementation
>       from stellarator_tea.handwritten.mfe_primary_loop.primary_coolant_loop_impl import (
            run_primary_coolant_loop,
        )
E         File "/home/reid/1cfe/fusion-tea-codex-test/exploration/stellarator_e2e/pkg/stellarator_tea/handwritten/mfe_primary_loop/primary_coolant_loop_impl.py", line 28
E           Representative helium primary circuit in sized-flow mode (WI-045, goal
E                                                                        ^
E       SyntaxError: leading zeros in decimal integer literals are not permitted; use an 0o prefix for octal integers

exploration/stellarator_e2e/pkg/stellarator_tea/modules/mfe_primary_loop/primary_coolant_loop.py:404: SyntaxError
_____________ test_heat_units_and_work_conservation[5193.0-200.0] ______________

module = <stellarator_tea.modules.mfe_primary_loop.primary_coolant_loop.Primary_Coolant_LoopModule object at 0x7e7bb273f470>
cp = 5193.0, rise = 200.0

    @pytest.mark.parametrize('cp,rise',[(5193.,200.),(10386.,200.),(5193.,400.),(5000.,150.)])
    def test_heat_units_and_work_conservation(module,cp,rise):
>       r=module.run(**(BASE|{'cp_in':cp,'dT_blanket_in':rise})).data
          ^^^^^^^^^^^^^^^^^^^^^^^^^^^^^^^^^^^^^^^^^^^^^^^^^^^^^^

tests/models/test_primary_loop_domains.py:37: 
_ _ _ _ _ _ _ _ _ _ _ _ _ _ _ _ _ _ _ _ _ _ _ _ _ _ _ _ _ _ _ _ _ _ _ _ _ _ _ _ 

self = <stellarator_tea.modules.mfe_primary_loop.primary_coolant_loop.Primary_Coolant_LoopModule object at 0x7e7bb273f470>
eta_p_direct_in = 0.5, mdot_loop_ref_in = 225.07777777777778, n_loops_in = 9.0
p_pump_direct_in = 3.0, cp_in = 5193.0, eta_drive_in = 0.95
p_loop_in = 8000000.0, f_loss_in = 1.0, eta_is_in = 0.9, T_in_in = 573.15
loop_live_in = 1.0, q_source_in = 2101.7, dT_blanket_in = 200.0
dp_loop_ref_in = 550000.0, gamma_in = 1.6667

    def run(
        self, eta_p_direct_in: float, mdot_loop_ref_in: float, n_loops_in: float, p_pump_direct_in: float, cp_in: float, eta_drive_in: float, p_loop_in: float, f_loss_in: float, eta_is_in: float, T_in_in: float, loop_live_in: float, q_source_in: float, dT_blanket_in: float, dp_loop_ref_in: float, gamma_in: float    ) -> ModuleResult[Primary_Coolant_LoopOutput]:
        """Execute calculation.
    
        Args:
            eta_p_direct_in: eta_p_direct_in input
            mdot_loop_ref_in: mdot_loop_ref_in input
            n_loops_in: n_loops_in input
            p_pump_direct_in: p_pump_direct_in input
            cp_in: cp_in input
            eta_drive_in: eta_drive_in input
            p_loop_in: p_loop_in input
            f_loss_in: f_loss_in input
            eta_is_in: eta_is_in input
            T_in_in: T_in_in input
            loop_live_in: loop_live_in input
            q_source_in: q_source_in input
            dT_blanket_in: dT_blanket_in input
            dp_loop_ref_in: dp_loop_ref_in input
            gamma_in: gamma_in input
    
        Returns:
            Module result with Primary_Coolant_LoopOutput (p_loop_margin, q_recovered_total, p_elec, p_pump_total, T_out, T_comp_in, dp_loop, mdot_loop, w_fluid, capacity_margin, q_ihx, mdot, r_comp)
        """
        # Validate inputs
        validated_inputs = self.validate_and_fill_default(eta_p_direct_in, mdot_loop_ref_in, n_loops_in, p_pump_direct_in, cp_in, eta_drive_in, p_loop_in, f_loss_in, eta_is_in, T_in_in, loop_live_in, q_source_in, dT_blanket_in, dp_loop_ref_in, gamma_in)
    
        # Import handwritten implementation
>       from stellarator_tea.handwritten.mfe_primary_loop.primary_coolant_loop_impl import (
            run_primary_coolant_loop,
        )
E         File "/home/reid/1cfe/fusion-tea-codex-test/exploration/stellarator_e2e/pkg/stellarator_tea/handwritten/mfe_primary_loop/primary_coolant_loop_impl.py", line 28
E           Representative helium primary circuit in sized-flow mode (WI-045, goal
E                                                                        ^
E       SyntaxError: leading zeros in decimal integer literals are not permitted; use an 0o prefix for octal integers

exploration/stellarator_e2e/pkg/stellarator_tea/modules/mfe_primary_loop/primary_coolant_loop.py:404: SyntaxError
_____________ test_heat_units_and_work_conservation[10386.0-200.0] _____________

module = <stellarator_tea.modules.mfe_primary_loop.primary_coolant_loop.Primary_Coolant_LoopModule object at 0x7e7bb273f470>
cp = 10386.0, rise = 200.0

    @pytest.mark.parametrize('cp,rise',[(5193.,200.),(10386.,200.),(5193.,400.),(5000.,150.)])
    def test_heat_units_and_work_conservation(module,cp,rise):
>       r=module.run(**(BASE|{'cp_in':cp,'dT_blanket_in':rise})).data
          ^^^^^^^^^^^^^^^^^^^^^^^^^^^^^^^^^^^^^^^^^^^^^^^^^^^^^^

tests/models/test_primary_loop_domains.py:37: 
_ _ _ _ _ _ _ _ _ _ _ _ _ _ _ _ _ _ _ _ _ _ _ _ _ _ _ _ _ _ _ _ _ _ _ _ _ _ _ _ 

self = <stellarator_tea.modules.mfe_primary_loop.primary_coolant_loop.Primary_Coolant_LoopModule object at 0x7e7bb273f470>
eta_p_direct_in = 0.5, mdot_loop_ref_in = 225.07777777777778, n_loops_in = 9.0
p_pump_direct_in = 3.0, cp_in = 10386.0, eta_drive_in = 0.95
p_loop_in = 8000000.0, f_loss_in = 1.0, eta_is_in = 0.9, T_in_in = 573.15
loop_live_in = 1.0, q_source_in = 2101.7, dT_blanket_in = 200.0
dp_loop_ref_in = 550000.0, gamma_in = 1.6667

    def run(
        self, eta_p_direct_in: float, mdot_loop_ref_in: float, n_loops_in: float, p_pump_direct_in: float, cp_in: float, eta_drive_in: float, p_loop_in: float, f_loss_in: float, eta_is_in: float, T_in_in: float, loop_live_in: float, q_source_in: float, dT_blanket_in: float, dp_loop_ref_in: float, gamma_in: float    ) -> ModuleResult[Primary_Coolant_LoopOutput]:
        """Execute calculation.
    
        Args:
            eta_p_direct_in: eta_p_direct_in input
            mdot_loop_ref_in: mdot_loop_ref_in input
            n_loops_in: n_loops_in input
            p_pump_direct_in: p_pump_direct_in input
            cp_in: cp_in input
            eta_drive_in: eta_drive_in input
            p_loop_in: p_loop_in input
            f_loss_in: f_loss_in input
            eta_is_in: eta_is_in input
            T_in_in: T_in_in input
            loop_live_in: loop_live_in input
            q_source_in: q_source_in input
            dT_blanket_in: dT_blanket_in input
            dp_loop_ref_in: dp_loop_ref_in input
            gamma_in: gamma_in input
    
        Returns:
            Module result with Primary_Coolant_LoopOutput (p_loop_margin, q_recovered_total, p_elec, p_pump_total, T_out, T_comp_in, dp_loop, mdot_loop, w_fluid, capacity_margin, q_ihx, mdot, r_comp)
        """
        # Validate inputs
        validated_inputs = self.validate_and_fill_default(eta_p_direct_in, mdot_loop_ref_in, n_loops_in, p_pump_direct_in, cp_in, eta_drive_in, p_loop_in, f_loss_in, eta_is_in, T_in_in, loop_live_in, q_source_in, dT_blanket_in, dp_loop_ref_in, gamma_in)
    
        # Import handwritten implementation
>       from stellarator_tea.handwritten.mfe_primary_loop.primary_coolant_loop_impl import (
            run_primary_coolant_loop,
        )
E         File "/home/reid/1cfe/fusion-tea-codex-test/exploration/stellarator_e2e/pkg/stellarator_tea/handwritten/mfe_primary_loop/primary_coolant_loop_impl.py", line 28
E           Representative helium primary circuit in sized-flow mode (WI-045, goal
E                                                                        ^
E       SyntaxError: leading zeros in decimal integer literals are not permitted; use an 0o prefix for octal integers

exploration/stellarator_e2e/pkg/stellarator_tea/modules/mfe_primary_loop/primary_coolant_loop.py:404: SyntaxError
_____________ test_heat_units_and_work_conservation[5193.0-400.0] ______________

module = <stellarator_tea.modules.mfe_primary_loop.primary_coolant_loop.Primary_Coolant_LoopModule object at 0x7e7bb273f470>
cp = 5193.0, rise = 400.0

    @pytest.mark.parametrize('cp,rise',[(5193.,200.),(10386.,200.),(5193.,400.),(5000.,150.)])
    def test_heat_units_and_work_conservation(module,cp,rise):
>       r=module.run(**(BASE|{'cp_in':cp,'dT_blanket_in':rise})).data
          ^^^^^^^^^^^^^^^^^^^^^^^^^^^^^^^^^^^^^^^^^^^^^^^^^^^^^^

tests/models/test_primary_loop_domains.py:37: 
_ _ _ _ _ _ _ _ _ _ _ _ _ _ _ _ _ _ _ _ _ _ _ _ _ _ _ _ _ _ _ _ _ _ _ _ _ _ _ _ 

self = <stellarator_tea.modules.mfe_primary_loop.primary_coolant_loop.Primary_Coolant_LoopModule object at 0x7e7bb273f470>
eta_p_direct_in = 0.5, mdot_loop_ref_in = 225.07777777777778, n_loops_in = 9.0
p_pump_direct_in = 3.0, cp_in = 5193.0, eta_drive_in = 0.95
p_loop_in = 8000000.0, f_loss_in = 1.0, eta_is_in = 0.9, T_in_in = 573.15
loop_live_in = 1.0, q_source_in = 2101.7, dT_blanket_in = 400.0
dp_loop_ref_in = 550000.0, gamma_in = 1.6667

    def run(
        self, eta_p_direct_in: float, mdot_loop_ref_in: float, n_loops_in: float, p_pump_direct_in: float, cp_in: float, eta_drive_in: float, p_loop_in: float, f_loss_in: float, eta_is_in: float, T_in_in: float, loop_live_in: float, q_source_in: float, dT_blanket_in: float, dp_loop_ref_in: float, gamma_in: float    ) -> ModuleResult[Primary_Coolant_LoopOutput]:
        """Execute calculation.
    
        Args:
            eta_p_direct_in: eta_p_direct_in input
            mdot_loop_ref_in: mdot_loop_ref_in input
            n_loops_in: n_loops_in input
            p_pump_direct_in: p_pump_direct_in input
            cp_in: cp_in input
            eta_drive_in: eta_drive_in input
            p_loop_in: p_loop_in input
            f_loss_in: f_loss_in input
            eta_is_in: eta_is_in input
            T_in_in: T_in_in input
            loop_live_in: loop_live_in input
            q_source_in: q_source_in input
            dT_blanket_in: dT_blanket_in input
            dp_loop_ref_in: dp_loop_ref_in input
            gamma_in: gamma_in input
    
        Returns:
            Module result with Primary_Coolant_LoopOutput (p_loop_margin, q_recovered_total, p_elec, p_pump_total, T_out, T_comp_in, dp_loop, mdot_loop, w_fluid, capacity_margin, q_ihx, mdot, r_comp)
        """
        # Validate inputs
        validated_inputs = self.validate_and_fill_default(eta_p_direct_in, mdot_loop_ref_in, n_loops_in, p_pump_direct_in, cp_in, eta_drive_in, p_loop_in, f_loss_in, eta_is_in, T_in_in, loop_live_in, q_source_in, dT_blanket_in, dp_loop_ref_in, gamma_in)
    
        # Import handwritten implementation
>       from stellarator_tea.handwritten.mfe_primary_loop.primary_coolant_loop_impl import (
            run_primary_coolant_loop,
        )
E         File "/home/reid/1cfe/fusion-tea-codex-test/exploration/stellarator_e2e/pkg/stellarator_tea/handwritten/mfe_primary_loop/primary_coolant_loop_impl.py", line 28
E           Representative helium primary circuit in sized-flow mode (WI-045, goal
E                                                                        ^
E       SyntaxError: leading zeros in decimal integer literals are not permitted; use an 0o prefix for octal integers

exploration/stellarator_e2e/pkg/stellarator_tea/modules/mfe_primary_loop/primary_coolant_loop.py:404: SyntaxError
_____________ test_heat_units_and_work_conservation[5000.0-150.0] ______________

module = <stellarator_tea.modules.mfe_primary_loop.primary_coolant_loop.Primary_Coolant_LoopModule object at 0x7e7bb273f470>
cp = 5000.0, rise = 150.0

    @pytest.mark.parametrize('cp,rise',[(5193.,200.),(10386.,200.),(5193.,400.),(5000.,150.)])
    def test_heat_units_and_work_conservation(module,cp,rise):
>       r=module.run(**(BASE|{'cp_in':cp,'dT_blanket_in':rise})).data
          ^^^^^^^^^^^^^^^^^^^^^^^^^^^^^^^^^^^^^^^^^^^^^^^^^^^^^^

tests/models/test_primary_loop_domains.py:37: 
_ _ _ _ _ _ _ _ _ _ _ _ _ _ _ _ _ _ _ _ _ _ _ _ _ _ _ _ _ _ _ _ _ _ _ _ _ _ _ _ 

self = <stellarator_tea.modules.mfe_primary_loop.primary_coolant_loop.Primary_Coolant_LoopModule object at 0x7e7bb273f470>
eta_p_direct_in = 0.5, mdot_loop_ref_in = 225.07777777777778, n_loops_in = 9.0
p_pump_direct_in = 3.0, cp_in = 5000.0, eta_drive_in = 0.95
p_loop_in = 8000000.0, f_loss_in = 1.0, eta_is_in = 0.9, T_in_in = 573.15
loop_live_in = 1.0, q_source_in = 2101.7, dT_blanket_in = 150.0
dp_loop_ref_in = 550000.0, gamma_in = 1.6667

    def run(
        self, eta_p_direct_in: float, mdot_loop_ref_in: float, n_loops_in: float, p_pump_direct_in: float, cp_in: float, eta_drive_in: float, p_loop_in: float, f_loss_in: float, eta_is_in: float, T_in_in: float, loop_live_in: float, q_source_in: float, dT_blanket_in: float, dp_loop_ref_in: float, gamma_in: float    ) -> ModuleResult[Primary_Coolant_LoopOutput]:
        """Execute calculation.
    
        Args:
            eta_p_direct_in: eta_p_direct_in input
            mdot_loop_ref_in: mdot_loop_ref_in input
            n_loops_in: n_loops_in input
            p_pump_direct_in: p_pump_direct_in input
            cp_in: cp_in input
            eta_drive_in: eta_drive_in input
            p_loop_in: p_loop_in input
            f_loss_in: f_loss_in input
            eta_is_in: eta_is_in input
            T_in_in: T_in_in input
            loop_live_in: loop_live_in input
            q_source_in: q_source_in input
            dT_blanket_in: dT_blanket_in input
            dp_loop_ref_in: dp_loop_ref_in input
            gamma_in: gamma_in input
    
        Returns:
            Module result with Primary_Coolant_LoopOutput (p_loop_margin, q_recovered_total, p_elec, p_pump_total, T_out, T_comp_in, dp_loop, mdot_loop, w_fluid, capacity_margin, q_ihx, mdot, r_comp)
        """
        # Validate inputs
        validated_inputs = self.validate_and_fill_default(eta_p_direct_in, mdot_loop_ref_in, n_loops_in, p_pump_direct_in, cp_in, eta_drive_in, p_loop_in, f_loss_in, eta_is_in, T_in_in, loop_live_in, q_source_in, dT_blanket_in, dp_loop_ref_in, gamma_in)
    
        # Import handwritten implementation
>       from stellarator_tea.handwritten.mfe_primary_loop.primary_coolant_loop_impl import (
            run_primary_coolant_loop,
        )
E         File "/home/reid/1cfe/fusion-tea-codex-test/exploration/stellarator_e2e/pkg/stellarator_tea/handwritten/mfe_primary_loop/primary_coolant_loop_impl.py", line 28
E           Representative helium primary circuit in sized-flow mode (WI-045, goal
E                                                                        ^
E       SyntaxError: leading zeros in decimal integer literals are not permitted; use an 0o prefix for octal integers

exploration/stellarator_e2e/pkg/stellarator_tea/modules/mfe_primary_loop/primary_coolant_loop.py:404: SyntaxError
_______________ test_inverse_flow_and_square_loss_scaling[cp_in] _______________

module = <stellarator_tea.modules.mfe_primary_loop.primary_coolant_loop.Primary_Coolant_LoopModule object at 0x7e7bb273f470>
field = 'cp_in'

    @pytest.mark.parametrize('field',['cp_in','dT_blanket_in'])
    def test_inverse_flow_and_square_loss_scaling(module,field):
>       a=module.run(**BASE).data
          ^^^^^^^^^^^^^^^^^^

tests/models/test_primary_loop_domains.py:48: 
_ _ _ _ _ _ _ _ _ _ _ _ _ _ _ _ _ _ _ _ _ _ _ _ _ _ _ _ _ _ _ _ _ _ _ _ _ _ _ _ 

self = <stellarator_tea.modules.mfe_primary_loop.primary_coolant_loop.Primary_Coolant_LoopModule object at 0x7e7bb273f470>
eta_p_direct_in = 0.5, mdot_loop_ref_in = 225.07777777777778, n_loops_in = 9.0
p_pump_direct_in = 3.0, cp_in = 5193.0, eta_drive_in = 0.95
p_loop_in = 8000000.0, f_loss_in = 1.0, eta_is_in = 0.9, T_in_in = 573.15
loop_live_in = 1.0, q_source_in = 2101.7, dT_blanket_in = 200.0
dp_loop_ref_in = 550000.0, gamma_in = 1.6667

    def run(
        self, eta_p_direct_in: float, mdot_loop_ref_in: float, n_loops_in: float, p_pump_direct_in: float, cp_in: float, eta_drive_in: float, p_loop_in: float, f_loss_in: float, eta_is_in: float, T_in_in: float, loop_live_in: float, q_source_in: float, dT_blanket_in: float, dp_loop_ref_in: float, gamma_in: float    ) -> ModuleResult[Primary_Coolant_LoopOutput]:
        """Execute calculation.
    
        Args:
            eta_p_direct_in: eta_p_direct_in input
            mdot_loop_ref_in: mdot_loop_ref_in input
            n_loops_in: n_loops_in input
            p_pump_direct_in: p_pump_direct_in input
            cp_in: cp_in input
            eta_drive_in: eta_drive_in input
            p_loop_in: p_loop_in input
            f_loss_in: f_loss_in input
            eta_is_in: eta_is_in input
            T_in_in: T_in_in input
            loop_live_in: loop_live_in input
            q_source_in: q_source_in input
            dT_blanket_in: dT_blanket_in input
            dp_loop_ref_in: dp_loop_ref_in input
            gamma_in: gamma_in input
    
        Returns:
            Module result with Primary_Coolant_LoopOutput (p_loop_margin, q_recovered_total, p_elec, p_pump_total, T_out, T_comp_in, dp_loop, mdot_loop, w_fluid, capacity_margin, q_ihx, mdot, r_comp)
        """
        # Validate inputs
        validated_inputs = self.validate_and_fill_default(eta_p_direct_in, mdot_loop_ref_in, n_loops_in, p_pump_direct_in, cp_in, eta_drive_in, p_loop_in, f_loss_in, eta_is_in, T_in_in, loop_live_in, q_source_in, dT_blanket_in, dp_loop_ref_in, gamma_in)
    
        # Import handwritten implementation
>       from stellarator_tea.handwritten.mfe_primary_loop.primary_coolant_loop_impl import (
            run_primary_coolant_loop,
        )
E         File "/home/reid/1cfe/fusion-tea-codex-test/exploration/stellarator_e2e/pkg/stellarator_tea/handwritten/mfe_primary_loop/primary_coolant_loop_impl.py", line 28
E           Representative helium primary circuit in sized-flow mode (WI-045, goal
E                                                                        ^
E       SyntaxError: leading zeros in decimal integer literals are not permitted; use an 0o prefix for octal integers

exploration/stellarator_e2e/pkg/stellarator_tea/modules/mfe_primary_loop/primary_coolant_loop.py:404: SyntaxError
___________ test_inverse_flow_and_square_loss_scaling[dT_blanket_in] ___________

module = <stellarator_tea.modules.mfe_primary_loop.primary_coolant_loop.Primary_Coolant_LoopModule object at 0x7e7bb273f470>
field = 'dT_blanket_in'

    @pytest.mark.parametrize('field',['cp_in','dT_blanket_in'])
    def test_inverse_flow_and_square_loss_scaling(module,field):
>       a=module.run(**BASE).data
          ^^^^^^^^^^^^^^^^^^

tests/models/test_primary_loop_domains.py:48: 
_ _ _ _ _ _ _ _ _ _ _ _ _ _ _ _ _ _ _ _ _ _ _ _ _ _ _ _ _ _ _ _ _ _ _ _ _ _ _ _ 

self = <stellarator_tea.modules.mfe_primary_loop.primary_coolant_loop.Primary_Coolant_LoopModule object at 0x7e7bb273f470>
eta_p_direct_in = 0.5, mdot_loop_ref_in = 225.07777777777778, n_loops_in = 9.0
p_pump_direct_in = 3.0, cp_in = 5193.0, eta_drive_in = 0.95
p_loop_in = 8000000.0, f_loss_in = 1.0, eta_is_in = 0.9, T_in_in = 573.15
loop_live_in = 1.0, q_source_in = 2101.7, dT_blanket_in = 200.0
dp_loop_ref_in = 550000.0, gamma_in = 1.6667

    def run(
        self, eta_p_direct_in: float, mdot_loop_ref_in: float, n_loops_in: float, p_pump_direct_in: float, cp_in: float, eta_drive_in: float, p_loop_in: float, f_loss_in: float, eta_is_in: float, T_in_in: float, loop_live_in: float, q_source_in: float, dT_blanket_in: float, dp_loop_ref_in: float, gamma_in: float    ) -> ModuleResult[Primary_Coolant_LoopOutput]:
        """Execute calculation.
    
        Args:
            eta_p_direct_in: eta_p_direct_in input
            mdot_loop_ref_in: mdot_loop_ref_in input
            n_loops_in: n_loops_in input
            p_pump_direct_in: p_pump_direct_in input
            cp_in: cp_in input
            eta_drive_in: eta_drive_in input
            p_loop_in: p_loop_in input
            f_loss_in: f_loss_in input
            eta_is_in: eta_is_in input
            T_in_in: T_in_in input
            loop_live_in: loop_live_in input
            q_source_in: q_source_in input
            dT_blanket_in: dT_blanket_in input
            dp_loop_ref_in: dp_loop_ref_in input
            gamma_in: gamma_in input
    
        Returns:
            Module result with Primary_Coolant_LoopOutput (p_loop_margin, q_recovered_total, p_elec, p_pump_total, T_out, T_comp_in, dp_loop, mdot_loop, w_fluid, capacity_margin, q_ihx, mdot, r_comp)
        """
        # Validate inputs
        validated_inputs = self.validate_and_fill_default(eta_p_direct_in, mdot_loop_ref_in, n_loops_in, p_pump_direct_in, cp_in, eta_drive_in, p_loop_in, f_loss_in, eta_is_in, T_in_in, loop_live_in, q_source_in, dT_blanket_in, dp_loop_ref_in, gamma_in)
    
        # Import handwritten implementation
>       from stellarator_tea.handwritten.mfe_primary_loop.primary_coolant_loop_impl import (
            run_primary_coolant_loop,
        )
E         File "/home/reid/1cfe/fusion-tea-codex-test/exploration/stellarator_e2e/pkg/stellarator_tea/handwritten/mfe_primary_loop/primary_coolant_loop_impl.py", line 28
E           Representative helium primary circuit in sized-flow mode (WI-045, goal
E                                                                        ^
E       SyntaxError: leading zeros in decimal integer literals are not permitted; use an 0o prefix for octal integers

exploration/stellarator_e2e/pkg/stellarator_tea/modules/mfe_primary_loop/primary_coolant_loop.py:404: SyntaxError
_______ test_dormant_still_evaluates_flow_but_retains_direct_power[0.0] ________

module = <stellarator_tea.modules.mfe_primary_loop.primary_coolant_loop.Primary_Coolant_LoopModule object at 0x7e7bb273f470>
heat = 0.0

    @pytest.mark.parametrize('heat',[0.,2101.7])
    def test_dormant_still_evaluates_flow_but_retains_direct_power(module,heat):
>       active=module.run(**(BASE|{'q_source_in':heat})).data
               ^^^^^^^^^^^^^^^^^^^^^^^^^^^^^^^^^^^^^^^^^

tests/models/test_primary_loop_domains.py:56: 
_ _ _ _ _ _ _ _ _ _ _ _ _ _ _ _ _ _ _ _ _ _ _ _ _ _ _ _ _ _ _ _ _ _ _ _ _ _ _ _ 

self = <stellarator_tea.modules.mfe_primary_loop.primary_coolant_loop.Primary_Coolant_LoopModule object at 0x7e7bb273f470>
eta_p_direct_in = 0.5, mdot_loop_ref_in = 225.07777777777778, n_loops_in = 9.0
p_pump_direct_in = 3.0, cp_in = 5193.0, eta_drive_in = 0.95
p_loop_in = 8000000.0, f_loss_in = 1.0, eta_is_in = 0.9, T_in_in = 573.15
loop_live_in = 1.0, q_source_in = 0.0, dT_blanket_in = 200.0
dp_loop_ref_in = 550000.0, gamma_in = 1.6667

    def run(
        self, eta_p_direct_in: float, mdot_loop_ref_in: float, n_loops_in: float, p_pump_direct_in: float, cp_in: float, eta_drive_in: float, p_loop_in: float, f_loss_in: float, eta_is_in: float, T_in_in: float, loop_live_in: float, q_source_in: float, dT_blanket_in: float, dp_loop_ref_in: float, gamma_in: float    ) -> ModuleResult[Primary_Coolant_LoopOutput]:
        """Execute calculation.
    
        Args:
            eta_p_direct_in: eta_p_direct_in input
            mdot_loop_ref_in: mdot_loop_ref_in input
            n_loops_in: n_loops_in input
            p_pump_direct_in: p_pump_direct_in input
            cp_in: cp_in input
            eta_drive_in: eta_drive_in input
            p_loop_in: p_loop_in input
            f_loss_in: f_loss_in input
            eta_is_in: eta_is_in input
            T_in_in: T_in_in input
            loop_live_in: loop_live_in input
            q_source_in: q_source_in input
            dT_blanket_in: dT_blanket_in input
            dp_loop_ref_in: dp_loop_ref_in input
            gamma_in: gamma_in input
    
        Returns:
            Module result with Primary_Coolant_LoopOutput (p_loop_margin, q_recovered_total, p_elec, p_pump_total, T_out, T_comp_in, dp_loop, mdot_loop, w_fluid, capacity_margin, q_ihx, mdot, r_comp)
        """
        # Validate inputs
        validated_inputs = self.validate_and_fill_default(eta_p_direct_in, mdot_loop_ref_in, n_loops_in, p_pump_direct_in, cp_in, eta_drive_in, p_loop_in, f_loss_in, eta_is_in, T_in_in, loop_live_in, q_source_in, dT_blanket_in, dp_loop_ref_in, gamma_in)
    
        # Import handwritten implementation
>       from stellarator_tea.handwritten.mfe_primary_loop.primary_coolant_loop_impl import (
            run_primary_coolant_loop,
        )
E         File "/home/reid/1cfe/fusion-tea-codex-test/exploration/stellarator_e2e/pkg/stellarator_tea/handwritten/mfe_primary_loop/primary_coolant_loop_impl.py", line 28
E           Representative helium primary circuit in sized-flow mode (WI-045, goal
E                                                                        ^
E       SyntaxError: leading zeros in decimal integer literals are not permitted; use an 0o prefix for octal integers

exploration/stellarator_e2e/pkg/stellarator_tea/modules/mfe_primary_loop/primary_coolant_loop.py:404: SyntaxError
______ test_dormant_still_evaluates_flow_but_retains_direct_power[2101.7] ______

module = <stellarator_tea.modules.mfe_primary_loop.primary_coolant_loop.Primary_Coolant_LoopModule object at 0x7e7bb273f470>
heat = 2101.7

    @pytest.mark.parametrize('heat',[0.,2101.7])
    def test_dormant_still_evaluates_flow_but_retains_direct_power(module,heat):
>       active=module.run(**(BASE|{'q_source_in':heat})).data
               ^^^^^^^^^^^^^^^^^^^^^^^^^^^^^^^^^^^^^^^^^

tests/models/test_primary_loop_domains.py:56: 
_ _ _ _ _ _ _ _ _ _ _ _ _ _ _ _ _ _ _ _ _ _ _ _ _ _ _ _ _ _ _ _ _ _ _ _ _ _ _ _ 

self = <stellarator_tea.modules.mfe_primary_loop.primary_coolant_loop.Primary_Coolant_LoopModule object at 0x7e7bb273f470>
eta_p_direct_in = 0.5, mdot_loop_ref_in = 225.07777777777778, n_loops_in = 9.0
p_pump_direct_in = 3.0, cp_in = 5193.0, eta_drive_in = 0.95
p_loop_in = 8000000.0, f_loss_in = 1.0, eta_is_in = 0.9, T_in_in = 573.15
loop_live_in = 1.0, q_source_in = 2101.7, dT_blanket_in = 200.0
dp_loop_ref_in = 550000.0, gamma_in = 1.6667

    def run(
        self, eta_p_direct_in: float, mdot_loop_ref_in: float, n_loops_in: float, p_pump_direct_in: float, cp_in: float, eta_drive_in: float, p_loop_in: float, f_loss_in: float, eta_is_in: float, T_in_in: float, loop_live_in: float, q_source_in: float, dT_blanket_in: float, dp_loop_ref_in: float, gamma_in: float    ) -> ModuleResult[Primary_Coolant_LoopOutput]:
        """Execute calculation.
    
        Args:
            eta_p_direct_in: eta_p_direct_in input
            mdot_loop_ref_in: mdot_loop_ref_in input
            n_loops_in: n_loops_in input
            p_pump_direct_in: p_pump_direct_in input
            cp_in: cp_in input
            eta_drive_in: eta_drive_in input
            p_loop_in: p_loop_in input
            f_loss_in: f_loss_in input
            eta_is_in: eta_is_in input
            T_in_in: T_in_in input
            loop_live_in: loop_live_in input
            q_source_in: q_source_in input
            dT_blanket_in: dT_blanket_in input
            dp_loop_ref_in: dp_loop_ref_in input
            gamma_in: gamma_in input
    
        Returns:
            Module result with Primary_Coolant_LoopOutput (p_loop_margin, q_recovered_total, p_elec, p_pump_total, T_out, T_comp_in, dp_loop, mdot_loop, w_fluid, capacity_margin, q_ihx, mdot, r_comp)
        """
        # Validate inputs
        validated_inputs = self.validate_and_fill_default(eta_p_direct_in, mdot_loop_ref_in, n_loops_in, p_pump_direct_in, cp_in, eta_drive_in, p_loop_in, f_loss_in, eta_is_in, T_in_in, loop_live_in, q_source_in, dT_blanket_in, dp_loop_ref_in, gamma_in)
    
        # Import handwritten implementation
>       from stellarator_tea.handwritten.mfe_primary_loop.primary_coolant_loop_impl import (
            run_primary_coolant_loop,
        )
E         File "/home/reid/1cfe/fusion-tea-codex-test/exploration/stellarator_e2e/pkg/stellarator_tea/handwritten/mfe_primary_loop/primary_coolant_loop_impl.py", line 28
E           Representative helium primary circuit in sized-flow mode (WI-045, goal
E                                                                        ^
E       SyntaxError: leading zeros in decimal integer literals are not permitted; use an 0o prefix for octal integers

exploration/stellarator_e2e/pkg/stellarator_tea/modules/mfe_primary_loop/primary_coolant_loop.py:404: SyntaxError
_________________________ test_moscato_printed_anchor __________________________

module = <stellarator_tea.modules.mfe_primary_loop.primary_coolant_loop.Primary_Coolant_LoopModule object at 0x7e7bb273f470>

    def test_moscato_printed_anchor(module):
        # Section 2.1.1 prints 2101.7 MW and 2025.7 kg/s over 300→500°C.
        # Their rounded effective cp supplies an independent printed-flow control.
        implied_cp=2101.7e6/(2025.7*200.)
>       result=module.run(**(BASE|{'cp_in':implied_cp})).data
               ^^^^^^^^^^^^^^^^^^^^^^^^^^^^^^^^^^^^^^^^^

tests/models/test_primary_loop_domains.py:69: 
_ _ _ _ _ _ _ _ _ _ _ _ _ _ _ _ _ _ _ _ _ _ _ _ _ _ _ _ _ _ _ _ _ _ _ _ _ _ _ _ 

self = <stellarator_tea.modules.mfe_primary_loop.primary_coolant_loop.Primary_Coolant_LoopModule object at 0x7e7bb273f470>
eta_p_direct_in = 0.5, mdot_loop_ref_in = 225.07777777777778, n_loops_in = 9.0
p_pump_direct_in = 3.0, cp_in = 5187.589475243126, eta_drive_in = 0.95
p_loop_in = 8000000.0, f_loss_in = 1.0, eta_is_in = 0.9, T_in_in = 573.15
loop_live_in = 1.0, q_source_in = 2101.7, dT_blanket_in = 200.0
dp_loop_ref_in = 550000.0, gamma_in = 1.6667

    def run(
        self, eta_p_direct_in: float, mdot_loop_ref_in: float, n_loops_in: float, p_pump_direct_in: float, cp_in: float, eta_drive_in: float, p_loop_in: float, f_loss_in: float, eta_is_in: float, T_in_in: float, loop_live_in: float, q_source_in: float, dT_blanket_in: float, dp_loop_ref_in: float, gamma_in: float    ) -> ModuleResult[Primary_Coolant_LoopOutput]:
        """Execute calculation.
    
        Args:
            eta_p_direct_in: eta_p_direct_in input
            mdot_loop_ref_in: mdot_loop_ref_in input
            n_loops_in: n_loops_in input
            p_pump_direct_in: p_pump_direct_in input
            cp_in: cp_in input
            eta_drive_in: eta_drive_in input
            p_loop_in: p_loop_in input
            f_loss_in: f_loss_in input
            eta_is_in: eta_is_in input
            T_in_in: T_in_in input
            loop_live_in: loop_live_in input
            q_source_in: q_source_in input
            dT_blanket_in: dT_blanket_in input
            dp_loop_ref_in: dp_loop_ref_in input
            gamma_in: gamma_in input
    
        Returns:
            Module result with Primary_Coolant_LoopOutput (p_loop_margin, q_recovered_total, p_elec, p_pump_total, T_out, T_comp_in, dp_loop, mdot_loop, w_fluid, capacity_margin, q_ihx, mdot, r_comp)
        """
        # Validate inputs
        validated_inputs = self.validate_and_fill_default(eta_p_direct_in, mdot_loop_ref_in, n_loops_in, p_pump_direct_in, cp_in, eta_drive_in, p_loop_in, f_loss_in, eta_is_in, T_in_in, loop_live_in, q_source_in, dT_blanket_in, dp_loop_ref_in, gamma_in)
    
        # Import handwritten implementation
>       from stellarator_tea.handwritten.mfe_primary_loop.primary_coolant_loop_impl import (
            run_primary_coolant_loop,
        )
E         File "/home/reid/1cfe/fusion-tea-codex-test/exploration/stellarator_e2e/pkg/stellarator_tea/handwritten/mfe_primary_loop/primary_coolant_loop_impl.py", line 28
E           Representative helium primary circuit in sized-flow mode (WI-045, goal
E                                                                        ^
E       SyntaxError: leading zeros in decimal integer literals are not permitted; use an 0o prefix for octal integers

exploration/stellarator_e2e/pkg/stellarator_tea/modules/mfe_primary_loop/primary_coolant_loop.py:404: SyntaxError
=========================== short test summary info ============================
FAILED tests/models/test_primary_loop_domains.py::test_independent_heating_domains[0.0-cp_in-0.0-0.0]
FAILED tests/models/test_primary_loop_domains.py::test_independent_heating_domains[0.0-cp_in-0.0-1.0]
FAILED tests/models/test_primary_loop_domains.py::test_independent_heating_domains[0.0-cp_in-2101.7-0.0]
FAILED tests/models/test_primary_loop_domains.py::test_independent_heating_domains[0.0-cp_in-2101.7-1.0]
FAILED tests/models/test_primary_loop_domains.py::test_independent_heating_domains[0.0-dT_blanket_in-0.0-0.0]
FAILED tests/models/test_primary_loop_domains.py::test_independent_heating_domains[0.0-dT_blanket_in-0.0-1.0]
FAILED tests/models/test_primary_loop_domains.py::test_independent_heating_domains[0.0-dT_blanket_in-2101.7-0.0]
FAILED tests/models/test_primary_loop_domains.py::test_independent_heating_domains[0.0-dT_blanket_in-2101.7-1.0]
FAILED tests/models/test_primary_loop_domains.py::test_independent_heating_domains[-0.0-cp_in-0.0-0.0]
FAILED tests/models/test_primary_loop_domains.py::test_independent_heating_domains[-0.0-cp_in-0.0-1.0]
FAILED tests/models/test_primary_loop_domains.py::test_independent_heating_domains[-0.0-cp_in-2101.7-0.0]
FAILED tests/models/test_primary_loop_domains.py::test_independent_heating_domains[-0.0-cp_in-2101.7-1.0]
FAILED tests/models/test_primary_loop_domains.py::test_independent_heating_domains[-0.0-dT_blanket_in-0.0-0.0]
FAILED tests/models/test_primary_loop_domains.py::test_independent_heating_domains[-0.0-dT_blanket_in-0.0-1.0]
FAILED tests/models/test_primary_loop_domains.py::test_independent_heating_domains[-0.0-dT_blanket_in-2101.7-0.0]
FAILED tests/models/test_primary_loop_domains.py::test_independent_heating_domains[-0.0-dT_blanket_in-2101.7-1.0]
FAILED tests/models/test_primary_loop_domains.py::test_independent_heating_domains[-1.0-cp_in-0.0-0.0]
FAILED tests/models/test_primary_loop_domains.py::test_independent_heating_domains[-1.0-cp_in-0.0-1.0]
FAILED tests/models/test_primary_loop_domains.py::test_independent_heating_domains[-1.0-cp_in-2101.7-0.0]
FAILED tests/models/test_primary_loop_domains.py::test_independent_heating_domains[-1.0-cp_in-2101.7-1.0]
FAILED tests/models/test_primary_loop_domains.py::test_independent_heating_domains[-1.0-dT_blanket_in-0.0-0.0]
FAILED tests/models/test_primary_loop_domains.py::test_independent_heating_domains[-1.0-dT_blanket_in-0.0-1.0]
FAILED tests/models/test_primary_loop_domains.py::test_independent_heating_domains[-1.0-dT_blanket_in-2101.7-0.0]
FAILED tests/models/test_primary_loop_domains.py::test_independent_heating_domains[-1.0-dT_blanket_in-2101.7-1.0]
FAILED tests/models/test_primary_loop_domains.py::test_independent_heating_domains[nan-cp_in-0.0-0.0]
FAILED tests/models/test_primary_loop_domains.py::test_independent_heating_domains[nan-cp_in-0.0-1.0]
FAILED tests/models/test_primary_loop_domains.py::test_independent_heating_domains[nan-cp_in-2101.7-0.0]
FAILED tests/models/test_primary_loop_domains.py::test_independent_heating_domains[nan-cp_in-2101.7-1.0]
FAILED tests/models/test_primary_loop_domains.py::test_independent_heating_domains[nan-dT_blanket_in-0.0-0.0]
FAILED tests/models/test_primary_loop_domains.py::test_independent_heating_domains[nan-dT_blanket_in-0.0-1.0]
FAILED tests/models/test_primary_loop_domains.py::test_independent_heating_domains[nan-dT_blanket_in-2101.7-0.0]
FAILED tests/models/test_primary_loop_domains.py::test_independent_heating_domains[nan-dT_blanket_in-2101.7-1.0]
FAILED tests/models/test_primary_loop_domains.py::test_independent_heating_domains[inf-cp_in-0.0-0.0]
FAILED tests/models/test_primary_loop_domains.py::test_independent_heating_domains[inf-cp_in-0.0-1.0]
FAILED tests/models/test_primary_loop_domains.py::test_independent_heating_domains[inf-cp_in-2101.7-0.0]
FAILED tests/models/test_primary_loop_domains.py::test_independent_heating_domains[inf-cp_in-2101.7-1.0]
FAILED tests/models/test_primary_loop_domains.py::test_independent_heating_domains[inf-dT_blanket_in-0.0-0.0]
FAILED tests/models/test_primary_loop_domains.py::test_independent_heating_domains[inf-dT_blanket_in-0.0-1.0]
FAILED tests/models/test_primary_loop_domains.py::test_independent_heating_domains[inf-dT_blanket_in-2101.7-0.0]
FAILED tests/models/test_primary_loop_domains.py::test_independent_heating_domains[inf-dT_blanket_in-2101.7-1.0]
FAILED tests/models/test_primary_loop_domains.py::test_independent_heating_domains[-inf-cp_in-0.0-0.0]
FAILED tests/models/test_primary_loop_domains.py::test_independent_heating_domains[-inf-cp_in-0.0-1.0]
FAILED tests/models/test_primary_loop_domains.py::test_independent_heating_domains[-inf-cp_in-2101.7-0.0]
FAILED tests/models/test_primary_loop_domains.py::test_independent_heating_domains[-inf-cp_in-2101.7-1.0]
FAILED tests/models/test_primary_loop_domains.py::test_independent_heating_domains[-inf-dT_blanket_in-0.0-0.0]
FAILED tests/models/test_primary_loop_domains.py::test_independent_heating_domains[-inf-dT_blanket_in-0.0-1.0]
FAILED tests/models/test_primary_loop_domains.py::test_independent_heating_domains[-inf-dT_blanket_in-2101.7-0.0]
FAILED tests/models/test_primary_loop_domains.py::test_independent_heating_domains[-inf-dT_blanket_in-2101.7-1.0]
FAILED tests/models/test_primary_loop_domains.py::test_negative_pair_is_not_admissible[0.0]
FAILED tests/models/test_primary_loop_domains.py::test_negative_pair_is_not_admissible[1.0]
FAILED tests/models/test_primary_loop_domains.py::test_heat_units_and_work_conservation[5193.0-200.0]
FAILED tests/models/test_primary_loop_domains.py::test_heat_units_and_work_conservation[10386.0-200.0]
FAILED tests/models/test_primary_loop_domains.py::test_heat_units_and_work_conservation[5193.0-400.0]
FAILED tests/models/test_primary_loop_domains.py::test_heat_units_and_work_conservation[5000.0-150.0]
FAILED tests/models/test_primary_loop_domains.py::test_inverse_flow_and_square_loss_scaling[cp_in]
FAILED tests/models/test_primary_loop_domains.py::test_inverse_flow_and_square_loss_scaling[dT_blanket_in]
FAILED tests/models/test_primary_loop_domains.py::test_dormant_still_evaluates_flow_but_retains_direct_power[0.0]
FAILED tests/models/test_primary_loop_domains.py::test_dormant_still_evaluates_flow_but_retains_direct_power[2101.7]
FAILED tests/models/test_primary_loop_domains.py::test_moscato_printed_anchor
59 failed in 1.13s
