geom,n_factor,n_e0,T,err,p_aux_required,p_fus,W_th,p_alpha_heat,p_rad,tau_E,p_net,n_He0,p_brems,p_sync,p_line,n_e_volav
B_baseline,0.1,5.06e+19,2.0,,3.569207761065609,0.029508420970643434,8.409872737267294,0.005612206584406674,3.3997138616788933,48.02729573949978,-277.2093204762766,3.650698445620835e+16,0.44854536061227124,0.20728239031113452,2.7438861107554873,3.799968502467084e+19
B_baseline,0.1,5.06e+19,2.5,,3.7539241553826557,0.0879698663285316,10.50084363092008,0.01673098887702342,3.460857042377204,33.89576490983044,-277.18741632310054,7.26959709903848e+16,0.5004681262378127,0.2776933648666816,2.6826955512727095,3.795572031444423e+19
B_baseline,0.1,5.06e+19,3.0,,3.999062182213622,0.20288688148813214,12.582960005880166,0.038587055990227846,3.5442777235155347,25.504026137036703,-277.14435957198555,1.2075115250775666e+17,0.5467819378158486,0.3563830889100259,2.6411126967896603,3.789810827505683e+19
B_baseline,0.1,5.06e+19,3.5,,4.297317589204221,0.3960239275486448,14.655041598320903,0.07531979078047674,3.641977567148261,20.05727062150814,-277.0719955820948,1.7872963183776944e+17,0.588734961244239,0.4437773554558412,2.609465250448181,3.782942355320414e+19
B_baseline,0.1,5.06e+19,10.0,,13.218474213672616,15.790312294688265,40.886689890937255,3.0031594953267606,5.826489170208481,3.933248810380943,-271.3041113232267,1.0510845485513101e+18,0.9541532730626284,2.57247835179793,2.299857545347922,3.6879542400325374e+19
B_baseline,0.1,5.06e+19,10.5,,14.317491271473692,18.058016860215755,42.88590020380249,3.434454226644434,5.9913891134617625,3.646587695438832,-270.45445480417726,1.09548272359236e+18,0.9760452225221279,2.8284321072051553,2.1869117837344794,3.683778883103558e+19
B_baseline,0.1,5.06e+19,11.0,,15.523155755949468,20.458995627586674,44.886963176543794,3.891096378410709,6.1834540069139114,3.39261190021706,-269.5548635201945,1.1354762568355928e+18,0.9975587040135483,3.099863473563631,2.0860318293367324,3.6801431778490835e+19
B_baseline,0.1,5.06e+19,11.5,,16.838871055277046,22.985578474064692,46.89039871986254,4.3716271699823634,6.40148721382795,3.166342349510485,-268.60821128909595,1.1712156078080934e+18,1.0187359501596458,3.3872367554899703,1.9955145081783339,3.677021233669225e+19
B_baseline,0.15,7.59e+19,5.0,,10.317606293580102,3.646742669915744,31.07479001438308,0.6935739883912753,8.115945847423795,10.733082490171101,-275.85402635760437,8.088660291699881e+17,1.5530926024639815,0.895962747473743,5.6668904974860705,5.611287269827981e+19
B_baseline,0.15,7.59e+19,5.5,,10.980764755429263,5.165606288480287,34.080947659130075,0.9824466600060656,8.28318462492863,9.2610596605025,-275.2849432439227,9.654064974839342e+17,1.6202159937031835,1.0453136585910123,5.617654972634433,5.5935595893983584e+19
B_baseline,0.15,7.59e+19,6.0,,11.70740048086694,7.0212548857123345,37.070348167124116,1.3353724667136286,8.463532394196639,8.095304829472248,-274.5896745781224,1.1216204153671638e+18,1.6834077407219414,1.2076615188411874,5.57246313463351,5.5760828225885725e+19
B_baseline,0.15,7.59e+19,6.5,,12.500906417040019,9.226055781110096,40.04544963837026,1.754703549009329,8.657693426721574,7.153634634784874,-273.7635866112601,1.274863001838528e+18,1.7433144819219384,1.3835608335959364,5.530818111203699,5.559160069083343e+19
B_baseline,0.1,5.06e+19,12.0,,18.26824273208742,25.6299190870335,48.89663289278602,4.874554311162901,6.644482700772047,2.9637350748549918,-267.6174379429772,1.202884531065745e+18,1.0396117294684795,3.6910161039764984,1.9138548673270688,3.6743839566035608e+19
B_baseline,0.1,5.06e+19,12.5,,19.81516297043335,28.384107107506804,50.90600692354529,5.398373330776718,6.911734504242106,2.7814751513689124,-266.5855073106291,1.2306891566239729e+18,1.0602146146158287,4.011665314675266,1.839854574951011,3.672200361512375e+19
B_baseline,0.1,5.06e+19,13.0,,21.48368819213693,31.240258892045382,52.918786486093005,5.941584838678111,7.202734866780007,2.6168221840820616,-265.5153732111444,1.2548492289459725e+18,1.0805680542007778,4.349647650659068,1.7725191619201612,3.670438604630128e+19
B_baseline,0.1,5.06e+19,13.5,,23.27794185436612,34.19059000185727,54.93517081345748,6.502708312453232,7.517093593316409,2.4674930365276313,-264.4099522939257,1.2755911979081528e+18,1.1006912741129464,4.705425686793763,1.7109766324096995,3.6690667789092745e+19
B_baseline,0.15,7.59e+19,3.0,,8.27749981392064,0.45478741980948284,18.847407712200656,0.08649601937356553,7.569773361086277,23.730640181717696,-277.0499782589211,2.518526137399778e+17,1.2269796847329328,0.4176705286825925,5.925123147670752,5.676105951724846e+19
B_baseline,0.15,7.59e+19,3.5,,8.692760398880603,0.8861353134930464,21.936574704874406,0.16853407527324246,7.68625912155603,18.66886358472205,-276.8883621668526,3.722384409188225e+17,1.3195176333107466,0.5204454350850903,5.846296053160193,5.661845534415864e+19
B_baseline,0.15,7.59e+19,4.0,,9.173316309563603,1.5365430662905775,25.00396773395438,0.29223512577780486,7.817356655291682,15.170517487744998,-276.6446694056325,5.082441745133885e+17,1.4037892505464824,0.6340663961498888,5.779501008595311,5.645915343876729e+19
B_baseline,0.15,7.59e+19,4.5,,9.715331762852037,2.4457154337393012,28.049698705136503,0.46515061834287763,7.9607544275519935,12.636547942328955,-276.3040235205002,6.552170878948095e+17,1.4812627322741967,0.7590607417397321,5.720430953538064,5.62888938834707e+19
B_baseline,0.1,5.06e+19,6.0,,6.550782601093156,3.1727162912636855,24.862406202654398,0.6034189114354402,4.28971766018636,8.679541405801562,-276.03163309216126,5.43407935940118e+17,0.7564102342267194,1.0264845712916195,2.5068228546680213,3.74119683313841e+19
B_baseline,0.1,5.06e+19,6.5,,7.162591624235314,4.178358987368135,26.878110286161252,0.7946820958075455,4.451472819445077,7.666753203691117,-275.65484200324755,6.187823524936644e+17,0.7843764419071656,1.175261215949966,2.4918351615879457,3.732867099450187e+19
B_baseline,0.1,5.06e+19,7.0,,7.834096176470322,5.349484653626393,28.88782794563632,1.0174184862732036,4.62509788447988,6.835063710281884,-275.2160482679044,6.919219459188128e+17,0.8111136342303865,1.3358293428070636,2.4781549074424296,3.724895411243092e+19
B_baseline,0.1,5.06e+19,7.5,,8.568860875740647,6.6873285959102455,30.892814257547872,1.2718630256561694,4.811167245049985,6.142253953648981,-274.7147890455559,7.620071568002703e+17,0.836804888838802,1.5086437295589215,2.4657186266522615,3.717370720752051e+19
B_baseline,0.1,5.06e+19,8.0,,9.37079126036166,8.191001672100024,32.894290521769726,1.5578466080167033,5.010209362289302,5.557943377693433,-274.1513974772161,8.284280262891965e+17,0.861603815436614,1.6941616405982298,2.454443906254459,3.710356064840241e+19
B_baseline,0.1,5.06e+19,8.5,,10.244147456203295,9.857829682618325,34.893409290994335,1.874860627337179,5.22277651539643,5.059779235398422,-273.52687552369525,8.907571300236591e+17,0.8856391407687786,1.8928424197823448,2.4442949548453066,3.7038922064990814e+19
B_baseline,0.1,5.06e+19,9.0,,11.19342642181157,11.683676327210057,36.89123101171807,2.2221184006720804,5.449384778123097,4.630992950968179,-272.8427729611547,9.487218941316243e+17,0.9090185029395871,2.105147090989939,2.435219184193571,3.6980012886361784e+19
B_baseline,0.1,5.06e+19,9.5,,12.223287281384335,13.663239034553168,38.88871030838334,2.5986114319816664,5.690495296398193,4.2587878919160485,-272.1010765405849,1.0021779449219067e+18,0.9318316655579159,2.3315379780978205,2.427125652742457,3.692690301628374e+19
B_baseline,0.1,5.06e+19,4.0,,4.646114154412973,0.6880829708472761,16.71653540732328,0.1308665002254434,3.750961816638167,16.292620357638324,-276.96256780483566,2.444325465171671e+17,0.6271765912515807,0.5403056151201449,2.583479610266442,3.775245610637148e+19
B_baseline,0.1,5.06e+19,4.5,,5.0449182209444325,1.0976023395519179,18.767429419510467,0.20875298895937924,3.870227498174763,13.565734016062464,-276.8091303568601,3.156742614948211e+17,0.6627295627765427,0.6464011993180424,2.5610967360801777,3.7669909938633e+19
B_baseline,0.1,5.06e+19,5.0,,5.494282185958927,1.640316427857825,20.808153011139,0.3119717814142797,3.9995919862918234,11.51745773644067,-276.60578792411167,3.904193049536432e+17,0.6958747320736591,0.7625014145037308,2.5412158397144333,3.758425651829335e+19
B_baseline,0.1,5.06e+19,5.5,,5.99551627011909,2.3288588016230145,22.839475055379072,0.4429256554806811,4.1392335526771245,9.93362555754205,-276.3478070012857,4.668519480666896e+17,0.7269967110114696,0.8890475165795245,2.5231893250861304,3.749766399534646e+19
B_baseline,0.1,5.06e+19,16.0,,34.28381828521562,50.09559821176264,65.07452472208563,9.527681823895135,9.4349255794648,1.8929903753489496,-258.4507131070788,1.3358508395976704e+18,1.1983166165505044,6.767377370028854,1.4692315928854418,3.666998314194417e+19
B_baseline,0.1,5.06e+19,14.63,,27.818363436489726,41.165706082416236,59.50613735852922,7.829305639814742,8.312686141299658,2.1769224257435504,-261.79653741657995,1.311063367013271e+18,1.1453994657956756,5.577453693336876,1.589832982167105,3.6672404005035553e+19
B_baseline,0.15,7.59e+19,2.0,,7.688716873370924,0.06631847561149515,12.609181715247352,0.01261311087655026,7.419029657800692,44.66584177905423,-277.19552859907725,7.6304809113117e+16,1.0083809320037311,0.24258264057308115,6.16806608522388,5.697271867511311e+19
B_baseline,0.15,7.59e+19,2.5,,7.9362421334091975,0.19748510248428022,15.737490793628343,0.03755969164148525,7.47467526502702,31.530060818406973,-277.14638349380283,1.5180641150022902e+17,1.124211908125034,0.3252210569796235,6.025242299922363,5.688099652074725e+19
B_baseline,0.15,7.59e+19,7.0,,13.366089972292748,11.78646883238427,43.00883305083804,2.241668507231164,8.866699434645604,6.38013000101447,-272.8042589838676,1.4230358208920558e+18,1.800477651445451,1.5735721063388772,5.492649676861275,5.543025571534661e+19
B_baseline,0.15,7.59e+19,7.5,,14.308636241111294,14.703826046228889,45.96307612009112,2.796520675732272,9.091483035544718,5.735581058190188,-271.7111926238046,1.5645390061698506e+18,1.855350368889367,1.7782612909619413,5.45787137569341,5.527851535826052e+19
B_baseline,0.15,7.59e+19,8.0,,15.334937487281508,17.975134009331686,48.910658823719295,3.418690737234793,9.332837880738895,5.191778719078025,-270.48550909389445,1.6982122125846372e+18,1.9083107885874586,1.9981991996102115,5.426327892541225,5.513756144933661e+19
B_baseline,0.15,7.59e+19,8.5,,16.452116832518364,21.593844405586704,51.85389749222816,4.106933267498535,9.591579091605116,4.727972150777284,-269.12966189692264,1.8232713347730214e+18,1.9596732116366735,2.233960899424879,5.397944980543563,5.5008119347598246e+19
B_baseline,0.1,5.06e+19,14.0,,25.20218097162273,37.22747224021984,56.95530137016336,7.08029294536741,7.854617697681585,2.3315718276229283,-263.2721026680815,1.2931428688576868e+18,1.1206000322496175,5.079461172963764,1.6545564924682026,3.6680535120152457e+19
B_baseline,0.1,5.06e+19,14.5,,27.26065951607067,40.34347773556252,58.97926991333296,7.672926030526635,8.215184986090055,2.2074401414772873,-262.10460738551313,1.3077293442963825e+18,1.1403072478851932,5.472214913601076,1.6026628246037853,3.6673684028980793e+19
B_baseline,0.1,5.06e+19,15.0,,29.457604080833406,43.53141207890128,61.00712577846984,8.279239263286234,8.598727433330938,2.093722393213533,-260.9101620250833,1.3195700655996997e+18,1.1598235221946618,5.884146659955483,1.554757251180793,3.666982323663023e+19
B_baseline,0.1,5.06e+19,15.5,,31.79726296832087,46.78433934716088,63.03888279051809,8.897913500436527,9.00528577410731,1.9892426704128823,-259.6913653169557,1.328876480818337e+18,1.1791575807189778,6.315715020635173,1.5104131727531607,3.666867641705046e+19
B_baseline,0.2,1.012e+20,14.0,,44.386398209752784,138.45316134263004,111.2816566055686,26.332406755754803,17.371546476328717,2.0859864172428155,-225.34517517118258,4.302773799323642e+18,4.305999136071275,6.811957736946371,6.25358960331107,7.154976127976426e+19
B_baseline,0.2,1.012e+20,14.5,,47.60577809753657,149.92811004987388,115.2267245032386,28.51482725038551,17.781921297216122,1.9751341048949191,-221.04577695014433,4.348457756934107e+18,4.381708528655545,7.346811365083588,6.053401403476988,7.152995472119853e+19
B_baseline,0.2,1.012e+20,15.0,,51.10084626357214,161.67609681530942,119.18421857693593,30.749176853303695,18.23516900668311,1.8735281286739538,-216.64407767560127,4.385474802929307e+18,4.457032065926994,7.908639180392722,5.86949776036339,7.151957198136404e+19
B_baseline,0.2,1.012e+20,15.5,,54.88177210659706,173.6739767237934,123.15414204105808,33.03105363309826,18.730181188015624,1.7801305925659068,-212.14874921263376,4.4145144671272806e+18,4.531981681601993,8.498143439717465,5.700056066696167,7.1517717634347475e+19
B_baseline,0.15,7.59e+19,11.0,,22.957077917722465,44.50252322091213,66.5707754105825,8.463934891385277,10.44743639922018,3.1740306998475987,-260.5463091118449,2.3107625573338383e+18,2.2001484999352527,3.6704802809891754,4.576807618295752,5.4536703440472965e+19
B_baseline,0.15,7.59e+19,11.5,,24.59846054199665,49.94775463029781,69.52427179794894,9.49956345313634,10.632636372765809,2.962843525826886,-258.50610668201824,2.381487057125737e+18,2.2460047061285864,4.0134299517611005,4.373201714876123,5.44753549232965e+19
B_baseline,0.15,7.59e+19,12.0,,26.407565576023593,55.64411943626816,72.4834846287812,10.58295507558384,10.857794563285257,2.7736671782272113,-256.3718103694158,2.4440548185830733e+18,2.291337418027724,4.376303517456708,4.190153627800825,5.442370544114936e+19
B_baseline,0.15,7.59e+19,12.5,,28.390384207351083,61.57538945772472,75.44905537969936,11.711023320964662,11.120718539418935,2.6034251776624657,-254.1495004986405,2.498907708520718e+18,2.3362058598530555,4.759692340691915,4.024820338873964,5.4381103131123155e+19
B_baseline,0.2,1.012e+20,2.0,,13.392073307954764,0.11777358753859854,16.80519640716893,0.022399358613966053,13.018372431025323,42.4266256345797,-277.17624955719856,1.2871473026884205e+17,1.791265326605126,0.2711300254262605,10.955977078993936,7.593005836268428e+19
B_baseline,0.2,1.012e+20,2.5,,13.685986013616825,0.3503403635053569,20.966104637841404,0.06663123373508383,13.052704760944817,29.95532305112618,-277.08911215829824,2.5585573264537974e+17,1.9955331603143571,0.36364800727632185,10.693523593354138,7.577560599206384e+19
B_baseline,0.2,1.012e+20,3.0,,14.107377706292741,0.8056762807749939,25.096168887560882,0.15323157184059605,13.147762621250344,22.55132702456374,-276.9185083078908,4.239954929477957e+17,2.1758526725694094,0.4672083021810726,10.504701646499862,7.557404623913035e+19
B_baseline,0.2,1.012e+20,3.5,,14.618607819486472,1.567218679758561,29.191581380867174,0.2980693207032807,13.271768944879964,17.746632586610378,-276.6331759618413,6.258191572065454e+17,2.33731259323285,0.5823948241310146,10.3520615275161,7.533499292583305e+19
B_baseline,0.15,7.59e+19,9.0,,17.667769582573566,25.55056019558731,54.79490314340685,4.859461043598749,9.868417824973097,4.3285973182426645,-267.64717188649297,1.9392459637596867e+18,2.0096976175695187,2.4861251236206487,5.372595083782929,5.489053940887187e+19
B_baseline,0.15,7.59e+19,9.5,,18.98980487121444,29.833661480873523,57.73555932551569,5.674064077047334,10.163926740130627,3.9817785820649187,-266.0423927701505,2.045920834936256e+18,2.058597949969104,2.755273714483958,5.350055075677565,5.4784872321327235e+19
B_baseline,0.15,7.59e+19,10.0,,20.156826660287628,34.42984636408922,60.677514894446716,6.5482124799861285,10.209032246195724,3.678315321038669,-264.32030846157437,2.1432831531084068e+18,2.1065493377711095,3.0419911090164646,5.06049179940815,5.469093614403203e+19
B_baseline,0.15,7.59e+19,10.5,,21.47812300635565,39.3245892649548,63.622187649760534,7.479143632301753,10.305101200628927,3.4109813072988358,-262.4863613601694,2.2314766556424376e+18,2.1536943678957785,3.346863872471871,4.804542960261278,5.460837414777688e+19
B_baseline,0.2,1.012e+20,8.0,,22.206553505242482,31.232868144693438,64.69426760227886,5.940179192439244,15.081001609628347,4.951446433903105,-265.5181423534585,2.814152313614619e+18,3.3442484513296127,2.2431798718545157,9.493573286444219,7.28917930737703e+19
B_baseline,0.2,1.012e+20,8.5,,23.44934444695069,37.46011738737438,68.55327050381402,7.124539725904732,15.375001545979384,4.5104151526633895,-263.1849359053074,3.017394369201218e+18,3.4314032438240742,2.508773500855603,9.434824801299705,7.26818058034872e+19
B_baseline,0.2,1.012e+20,9.0,,24.804736209909244,44.25819150660704,72.4091754535351,8.417465442641591,15.691879641120082,4.130510289903417,-260.6378545613826,3.205403102607081e+18,3.5164110364085706,2.7930088983262937,9.382459706385218,7.249162145132571e+19
B_baseline,0.2,1.012e+20,9.5,,26.284361105847616,51.60702855874226,76.26499417167948,9.81514076158719,16.03226880718152,3.8004738342694506,-257.88441506855895,3.377938660854649e+18,3.5996657567155697,3.096566477256379,9.33603657320957,7.232119031668119e+19
B_baseline,0.2,1.012e+20,4.0,,15.202077242823616,2.712457745860422,33.25081662824251,0.5158823386851936,13.413059093018278,14.426139780992589,-276.20408133762277,8.53179468959442e+17,2.4835004340274693,0.7098001587871047,10.219758500203705,7.506872220595105e+19
B_baseline,0.2,1.012e+20,4.5,,15.849140761072377,4.308770547513597,37.274269682888445,0.8194850704316109,13.567862648069083,12.020998534172952,-275.6059798040346,1.0981072191164361e+18,2.6171455537159427,0.8500263021935371,10.100690792159602,7.478504170465639e+19
B_baseline,0.2,1.012e+20,5.0,,16.55601101398202,6.411338768242355,41.26384896733048,1.2193725203320134,13.735534448903353,10.214205554447274,-274.8181960589006,1.353319443504347e+18,2.7404258141649684,1.0036850432497315,9.991423591488653,7.449274886549709e+19
B_baseline,0.2,1.012e+20,5.5,,17.322218687941188,9.062558937996538,45.222572994727265,1.7236080844175614,13.916680656193261,8.816783918906046,-273.8248451017651,1.6124611745579318e+18,2.855127780916007,1.1713980305269287,9.890154844750326,7.419939075617146e+19
B_baseline,0.15,7.59e+19,13.0,,30.553330974796626,67.7254368347946,78.4214786334325,12.880700831609584,11.419696008909836,2.4495738137277026,-251.84521980624987,2.5465080457142185e+18,2.3806568456794652,5.1641882639840055,3.8748508992463653,5.434688699393394e+19
B_baseline,0.15,7.59e+19,13.5,,32.90302434392384,74.07836362351236,81.40112077912644,14.088963977555814,11.753306726351152,2.3099933679238323,-249.46492488462144,2.5873256387622513e+18,2.424727113017848,5.59038339064906,3.738196222684243,5.43204016611525e+19
B_baseline,0.15,7.59e+19,14.0,,35.446429145362146,80.61860260141954,84.38823751092636,15.33285202876398,12.120589632459652,2.1829046495268063,-247.01444841242355,2.621827953088081e+18,2.4684452594352315,6.038869892360142,3.6132744806642783,5.430100823852718e+19
B_baseline,0.15,7.59e+19,14.5,,38.19055704633581,87.33099442026639,87.3829898705597,16.609481828790464,12.520762450421259,2.066804289476895,-244.49947024727993,2.6504728239497564e+18,2.5118333421527548,6.51023983947385,3.498689268794654,5.42880919954416e+19
B_baseline,0.15,7.59e+19,15.0,,41.14240994018417,94.20084540721149,90.38545872332107,17.91605878799755,12.95317954352971,1.9604140939519252,-241.92549576899538,2.673703213573578e+18,2.554908193591879,7.005085050679593,3.3931862992582373,5.428106755715716e+19
B_baseline,0.15,7.59e+19,15.5,,44.30908670038276,101.2139695878911,93.39565765570804,19.249884875921005,13.417449271081527,1.8626410480158253,-239.2978401344826,2.691943589075185e+18,2.5976824989972713,7.52399695898226,3.2957698131019937,5.4279382148699144e+19
B_baseline,0.15,7.59e+19,16.0,,47.69758911480211,108.35671788419243,96.41354434794205,20.608364174394556,13.913247331293425,1.7725454663454412,-236.62161733803075,2.705597569792485e+18,2.6401656758306284,8.067566491464365,3.2055151639984305,5.428251734169707e+19
B_baseline,0.15,7.59e+19,14.63,,38.937748791926374,89.1025904721808,88.16288780996031,16.946421681904063,12.630087608671635,2.038255858638852,-243.83569412868235,2.657016100350189e+18,2.523062358595314,6.636617369942625,3.4704078801336964,5.428572177577821e+19
B_baseline,0.2,1.012e+20,10.0,,27.42187066426012,59.48407564939051,80.12334367165784,11.31327634775758,15.918283010615614,3.5115843994483336,-254.93306747541567,3.5350807169987564e+18,3.681485269392641,3.4201307351474997,8.816667006075475,7.217009812403597e+19
B_baseline,0.2,1.012e+20,10.5,,28.76500230212844,67.86501402335794,83.9864583453267,12.907247017102446,15.885742232575696,3.2569924287570786,-251.7929234577853,3.677151321144348e+18,3.7621241214952152,3.7643896558629817,8.3592284552175,7.203766246495566e+19
B_baseline,0.2,1.012e+20,11.0,,30.31668208983394,76.72435057165916,87.85621289056374,14.592204235223853,15.925408329471697,3.031251560076516,-248.47353469474015,3.804650434007206e+18,3.8417845127425276,4.130034178497241,7.9535896382319295,7.192301251906568e+19
B_baseline,0.2,1.012e+20,11.5,,32.08239565708046,86.03589500170757,91.7341516803898,16.363166870374762,16.030466314560762,2.8299823970258244,-244.98471408394337,3.9182031701368545e+18,3.9206256475456476,4.5177577301530905,7.592082936862026,7.182515350293751e+19
B_baseline,0.2,1.012e+20,12.0,,34.06866312198608,95.77314114094678,95.62152129890346,18.215093713596666,16.195089752204964,2.6496274045805963,-241.33639287598626,4.018517428887581e+18,3.998771636862025,4.9282558174334685,7.268062297909469,7.174301769576703e+19
B_baseline,0.2,1.012e+20,12.5,,36.28331055770313,105.9095690265118,99.51930390798653,20.14294093315228,16.414785585512135,2.4872696277467896,-237.5385074883707,4.106350470088345e+18,4.076318121588855,5.362225670429303,6.976241793493977,7.1675504007331316e+19
B_baseline,0.2,1.012e+20,13.0,,38.734985870341816,116.4188822077846,103.42824985564015,22.141707207098552,16.68596889009419,2.3404968295418067,-233.6009105937218,4.1824830147108224e+18,4.153337785172639,5.820365932694774,6.712265172226778,7.162150799219795e+19
B_baseline,0.2,1.012e+20,13.5,,41.43276606881233,127.27519202341054,107.34890839869647,24.206468770932446,17.005616878628835,2.207298426461408,-229.53330207544795,4.24769963162404e+18,4.229884905687587,6.303376389691842,6.4723555832494055,7.157994397316944e+19
B_baseline,0.2,1.012e+20,6.0,,18.15077247563599,12.292462093844257,49.15419872197241,2.337903365628239,14.113227537223583,7.709920366042236,-272.6146749967248,1.8701942652639245e+18,2.9627378517113208,1.3537965562915146,9.796693129220747,7.391119386005248e+19
B_baseline,0.2,1.012e+20,6.5,,19.046040313954908,16.11975839363272,53.062898948791656,3.065816848885006,14.32637655429896,6.815622774858593,-271.1806754798198,2.1221923800235016e+18,3.064499279296019,1.5515211068951453,9.710356168107797,7.363309779364297e+19
B_baseline,0.2,1.012e+20,7.0,,20.014783090978117,20.553212588470924,56.95299761781117,3.9090155022012842,14.55781481725216,6.080834537018271,-269.51956260126644,2.3650780825497754e+18,3.16145179789245,1.7652207395590966,9.631142279800613,7.336885297177053e+19
B_baseline,0.2,1.012e+20,7.5,,21.065186601820358,25.593138112967626,60.82876474940778,4.867558937705312,14.808979200772423,5.468360526190761,-267.63121892435686,2.596326435844236e+18,3.2544620042853896,1.9955523476139516,9.558964848873082,7.312115459252123e+19
B_baseline,0.2,1.012e+20,16.0,,58.95861396481268,185.89944141073866,127.13641268019423,35.35621476190838,19.265984503559004,1.6940489090297883,-207.56814999015205,4.43622953265447e+18,4.606563899385574,9.116026603195104,5.543394000978326,7.1523554990059364e+19
B_baseline,0.2,1.012e+20,14.63,,48.48753017222646,152.95726986958985,116.254475769974,29.09094315649729,17.89565679708398,1.9478718084349083,-219.91082073618713,4.3588874627335286e+18,4.401329175876249,7.490263311208345,6.004064309999388,7.152638583789492e+19
B_baseline,0.25,1.265e+20,2.0,,20.67695433876546,0.18383362123713382,20.99809325988068,0.034963316423090474,20.19686504369549,40.76883174907197,-277.15149838849084,1.9306122532373322e+17,2.796748407249012,0.29551768346684293,17.104598952979632,9.487254467931914e+19
B_baseline,0.25,1.265e+20,2.5,,20.99745358608461,0.5463003886283232,26.18713427816762,0.10390087091322077,20.191772037375408,28.790281906545797,-277.01569046336067,3.834496892436198e+17,3.1134621902755546,0.3964684765851831,16.681841370514668,9.464126319778557e+19
B_baseline,0.25,1.265e+20,9.0,,32.570052812222855,67.50304695904494,89.76474551810607,12.838404501140754,22.888862569406772,3.9860728640418595,-251.92854415571483,4.717956018661178e+18,5.414288862894981,3.054156308020115,14.420417398491674,8.98160827915477e+19
B_baseline,0.25,1.265e+20,9.5,,34.077963436706504,78.61486745370914,94.51154492539625,14.951761641020939,23.265813482369598,3.668369400181663,-247.76520168804032,4.966871272176617e+18,5.5393598267761535,3.386960516013475,14.33949313957997,8.957084802037808e+19
B_baseline,0.25,1.265e+20,10.0,,34.99118206499897,90.5134287242539,99.26255333102331,17.214749009065848,22.926469350266416,3.3901768504966237,-243.30708562454973,5.193150087986497e+18,5.662548106498627,3.7418479374064804,13.522073306361309,8.935398554002558e+19
B_baseline,0.25,1.265e+20,10.5,,36.16355702530903,103.1628524877058,104.02091575707232,19.620542914636765,22.708309491739833,3.1449260727407475,-238.5676387291216,5.397374967379301e+18,5.78424791704032,4.119594445853464,12.804467128846046,8.916437224483673e+19
B_baseline,0.3,1.518e+20,6.0,,34.74479939167076,26.892290364883912,72.98908350935234,5.1146447044972705,29.7311395439743,7.20644636357655,-267.1444565846507,3.824255501276606e+18,6.544895541825987,1.5879063197535657,21.59833768239475,1.0967955846475355e+20
B_baseline,0.3,1.518e+20,6.5,,35.59544658602915,35.13776668654319,78.69817335059946,6.682851846113648,29.933089560447975,6.374794802462935,-264.05506706898547,4.3267424073056543e+18,6.755472283580366,1.8204774174066085,21.357139859461,1.0912572704772964e+20
B_baseline,0.3,1.518e+20,7.0,,36.49761203702973,44.647164516444796,84.3725184601376,8.491444219382634,30.163792205485677,5.691130908043669,-260.49211535947467,4.808338559558751e+18,6.955669096617297,2.0719876148848178,21.136135493983563,1.0860263273827543e+20
B_baseline,0.3,1.518e+20,7.5,,37.4658500937509,55.41427540393585,90.02071013918267,10.539241039074557,30.426162294533277,5.12094399876576,-256.45792761916897,5.264417165522359e+18,7.147650417383144,2.343241557076612,20.93527032007352,1.0811512918740055e+20
B_baseline,0.25,1.265e+20,3.0,,21.47854273903871,1.2546671839096895,31.330168769209777,0.2386251517077838,20.272024524260846,21.679626738625732,-276.75028178771635,6.347590478551596e+17,3.391696793651793,0.5095068916697402,16.370820838939313,9.434001549352332e+19
B_baseline,0.25,1.265e+20,3.5,,22.05951276254968,2.436764443442238,36.42172323604615,0.4634482294982792,20.388753825484596,17.065692500084104,-276.3073772498058,9.357088897117929e+17,3.6394936973565573,0.6352745040171611,16.113985624110878,9.398357731947264e+19
B_baseline,0.25,1.265e+20,4.0,,22.711492032094682,4.209997518329978,41.459789445278695,0.8006994280111783,20.52456780209132,13.877179387724905,-275.64298777651385,1.2738266014641206e+18,3.8626151072902406,0.7744239234136645,15.887528771387412,9.358764193664493e+19
B_baseline,0.25,1.265e+20,4.5,,23.419904148529604,6.67504852921683,46.445241224472426,1.2695274797717486,20.67432540801885,11.56762453502526,-274.7193901028889,1.637002891436509e+18,4.0655124118976715,0.9276198113926997,15.681193184728476,9.316707964616984e+19
B_baseline,0.25,1.265e+20,15.0,,59.41200590947134,244.56304104982348,147.47549286739815,46.513444777265924,24.467022856642046,1.8104387329325868,-185.5882542744735,6.410401624255003e+18,6.845296909684875,8.677633161801383,8.944092785155787,8.843169804354262e+19
B_baseline,0.25,1.265e+20,15.5,,63.6044973668479,262.6602124768951,152.38902953941044,49.95534581098067,24.972904245961846,1.720220061521876,-178.80766216688025,6.451706856086707e+18,6.960922192246517,9.327317211534403,8.684664842180926,8.843017144848985e+19
B_baseline,0.25,1.265e+20,16.0,,68.16563596461812,281.1085826974724,157.32027265361762,53.46404134323227,25.52998547169515,1.6370528317805653,-171.89548398369294,6.48256343269427e+18,7.076171739037112,10.008572011168308,8.44524172148973,8.84396079332784e+19
B_baseline,0.25,1.265e+20,14.63,,56.53906537513101,231.41616641822984,143.85095926388473,44.01304069108313,24.126682894096746,1.8822396173053377,-190.51408451958864,6.372557476807577e+18,6.759494725336198,8.216721981074356,9.150466187686193,8.844059066350464e+19
B_baseline,0.25,1.265e+20,13.0,,46.064464389252905,176.3487348050874,127.99921930683132,33.539765872579565,22.998863108114218,2.261255879839716,-211.14657914374587,6.121033618907303e+18,6.378979140803037,6.378625514086116,10.241258453225063,8.857284613359588e+19
B_baseline,0.25,1.265e+20,13.5,,48.913994317441116,192.7071399202044,132.8418701791841,36.65097094142367,23.27706769968851,2.1327075625401934,-205.0174626095205,6.214097939013958e+18,6.496161914251904,6.910013502015443,9.870892283421162,8.851454432793046e+19
B_baseline,0.25,1.265e+20,14.0,,52.07988683016051,209.5525286100925,137.7019652972463,39.85479541635349,23.61662011305318,2.015601160176975,-198.7058845786503,6.292622269228212e+18,6.612926029435906,7.469779564809931,9.533914518807343,8.847254753876695e+19
B_baseline,0.25,1.265e+20,14.5,,55.57491724863982,226.8493384972083,142.57979849276742,43.14447568878404,24.014223551183477,1.9085666984516412,-192.22516945254637,6.357706204021639e+18,6.729299549029873,8.058720206195657,9.226203795957945,8.844539230795049e+19
B_baseline,0.25,1.265e+20,7.0,,27.73713504055269,31.539425900434214,70.73668832775564,5.998483412003583,21.668159384001367,5.861771556539156,-265.40328224355267,3.498527202087125e+18,4.883099193194323,1.9284349528807432,14.8566252379263,9.108720829164934e+19
B_baseline,0.25,1.265e+20,7.5,,28.795689068194918,39.20690995403551,75.509586057423,7.456762204158013,21.932367207757466,5.2729848314306045,-262.5304530796992,3.8352859591298196e+18,5.022113779280917,2.180559387963612,14.729694040512936,9.072687883769168e+19
B_baseline,0.25,1.265e+20,8.0,,29.944375147377478,47.77092848043749,80.26835667769281,9.085552887694405,22.222983247024242,4.775904109280833,-259.3217131579157,4.1516709495701637e+18,5.156370796854354,2.451718341596931,14.614894108572958,9.039418900978201e+19
B_baseline,0.25,1.265e+20,8.5,,31.197436894493762,57.211604624802646,85.01844779704892,10.881075083591213,22.541459723425437,4.351651758354295,-255.7845098765748,4.4461558705688474e+18,5.286835208849034,2.7426641564651275,14.511960358111272,9.009044689592128e+19
B_baseline,0.25,1.265e+20,5.0,,24.177901505770738,9.91298930352878,51.38118624040523,1.8853514356381385,20.837622834122758,9.832534103162837,-273.5062084878709,2.0142672973856443e+18,4.251779918515824,1.0955394035118895,15.490303512095043,9.273511341004161e+19
B_baseline,0.25,1.265e+20,5.5,,24.98382615052626,13.984785489344866,56.27233351925017,2.6597663522184996,21.015843314689896,8.490413852815875,-271.9806005113684,2.39614388787105e+18,4.424388619184478,1.27887260232145,15.312582093183968,9.230297025893858e+19
B_baseline,0.25,1.265e+20,6.0,,25.841337892816583,18.932355431310373,61.12442108745333,3.6007446794809193,21.212246684684015,7.427173751963892,-270.12686033791385,2.774764844697975e+18,4.5858190094206694,1.4783216967201844,15.148105978543162,9.187980200213761e+19
B_baseline,0.25,1.265e+20,6.5,,26.756061905386012,24.78052949587013,65.94372897160537,4.71300890481954,21.42881901304532,6.56793577530165,-267.9356846027562,3.1438379754728576e+18,4.738145817012863,1.6946007803226424,14.996072415709815,9.147276719116059e+19
B_baseline,0.3,1.518e+20,2.0,,29.540453407698116,0.2644604047527764,25.188003075777228,0.05029772437993053,28.952492535853636,39.46363311794888,-277.12128939510376,2.6884352039414512e+17,4.024401996552387,0.3170315039383701,24.611059035362878,1.1380080076699392e+20
B_baseline,0.3,1.518e+20,2.5,,29.86451176155079,0.7851423387919702,31.40091498775035,0.14932622141484478,28.88729279517636,27.87363998187348,-276.9262019016387,5.3354744905263174e+17,4.477080222278253,0.425415325666114,23.98479724723199,1.1347924802400707e+20
B_baseline,0.3,1.518e+20,3.0,,30.380742812495033,1.800925138066738,37.55010342350837,0.34251795200891283,28.934681536092782,20.994375215273518,-276.54561155029313,8.823221268936229e+17,4.87290569649116,0.5468033514257048,23.514972488175918,1.1306118438132248e+20
B_baseline,0.3,1.518e+20,3.5,,31.000551102804774,3.492423299241227,43.62825947182929,0.6642239872826888,29.02558806414317,16.530946478194085,-275.91184626117666,1.2990560436615273e+18,5.223600490841741,0.6818865645900843,23.120101008711348,1.1256764980267072e+20
B_baseline,0.3,1.518e+20,4.0,,31.68178715229167,6.023743942454372,49.63295068514953,1.1456558604153968,29.13631830855884,13.446565657716802,-274.9634188870798,1.7660587693707988e+18,5.537694753357828,0.8313693232371632,22.76725423196385,1.1202085361094135e+20
B_baseline,0.3,1.518e+20,4.5,,32.403187903107124,9.533738991758527,55.56575406126434,1.813221818842554,29.260675337870477,11.212415709723048,-273.6483048193972,2.2662785304694464e+18,5.821867973419635,0.9959706567693217,22.44283670768152,1.1144169413057464e+20
B_baseline,0.3,1.518e+20,5.0,,33.15469968112997,14.132368065082462,61.431304329861,2.687835082298033,29.399052781001885,9.53386763514015,-271.9253047292459,2.7843963798215163e+18,6.081565751017277,1.1764249143147523,22.141062115669857,1.1084859894574816e+20
B_baseline,0.3,1.518e+20,5.5,,33.93365305119183,19.90056471486406,67.23637883634494,3.784888403119995,29.5541610170613,8.23533143183462,-269.7640946840093,3.3073084990924027e+18,6.321313523661537,1.3734818629893522,21.859365630410412,1.1025705952049875e+20
B_baseline,0.25,1.265e+20,11.0,,37.59626899965333,116.52582497799578,108.78925437576771,22.162046652565014,22.59581862004484,2.927393557047128,-233.56084160799224,5.580368216391992e+18,5.904766740210402,4.520979996736262,12.17007188309818,8.900063482606692e+19
B_baseline,0.25,1.265e+20,11.5,,39.29464186261026,130.5642340478061,113.56971565275133,24.83201167355224,22.57744911747713,2.733378827385612,-228.30097400241002,5.743115963273733e+18,6.0243414569757325,4.946788072627293,11.606319587874106,8.88612420591071e+19
B_baseline,0.25,1.265e+20,12.0,,41.265758479222626,145.23966881332748,118.36402055829272,27.62313261160675,22.64335918164157,2.5594693297230044,-222.80242758328623,5.886708107602726e+18,6.143151863095865,5.397805200845929,11.102402117699777,8.87445767011615e+19
B_baseline,0.25,1.265e+20,12.5,,43.51883525326079,160.51381106170757,123.17351535647119,30.528121725826157,22.785885452065166,2.402866574717258,-217.079559299865,6.012291267022667e+18,6.261331952711657,5.874820540084545,10.649732959268963,8.864899079670523e+19
B_baseline,0.3,1.518e+20,8.0,,38.51658874121184,67.41988925994139,95.65079145748739,12.82258873834825,30.722203105052408,4.639419427894179,-251.95970142471117,5.691874475767341e+18,7.333185420845321,2.6350548756134615,20.753962808593624,1.076662228807865e+20
B_baseline,0.3,1.518e+20,8.5,,39.66825674618688,80.63474291822128,101.27009036794821,15.335921755616502,31.05370328798377,4.228312359727818,-247.00840100854276,6.088855783107936e+18,7.513706992829843,2.9482529964690865,20.59174329868484,1.0725742520950446e+20
B_baseline,0.3,1.518e+20,9.0,,40.94038722500838,95.02200262009195,106.88513412116963,18.072234678315287,31.421842587984045,3.8739440049721536,-241.6178271292199,6.454502811799357e+18,7.690364677024929,3.283670007672514,20.447807903286606,1.06889073330293e+20
B_baseline,0.3,1.518e+20,9.5,,42.35313012135538,110.53929760234637,112.50162342692107,21.02346901099025,31.827133168568388,3.5658804353800186,-235.8038551329953,6.788731486687158e+18,7.864071555869862,3.6421476136285893,20.320913999069937,1.065606098424108e+20
B_baseline,0.3,1.518e+20,10.0,,42.854285122815405,127.14035321737876,118.12444880402106,24.180823778413263,31.196810547065905,3.2960395506696942,-229.58382306142968,7.092042503723361e+18,8.035545198579895,4.02453419268947,19.13673115579654,1.062708190748024e+20
B_baseline,0.3,1.518e+20,10.5,,43.67147001486983,144.77628286959037,123.7577346063301,27.53500123896739,30.737295876170915,3.058074039102566,-222.97604759266366,7.365364146315947e+18,8.205342910819093,4.431683962132144,18.100269003219676,1.060180213406916e+20
B_baseline,0.3,1.518e+20,11.0,,44.802606366385085,163.39659826117935,129.4048994823644,31.076399023293696,30.424919923904213,2.84693659890709,-215.9994455256556,7.609924841390691e+18,8.373891672366597,4.864456246833572,17.186572004704043,1.0580022882151188e+20
B_baseline,0.3,1.518e+20,11.5,,46.25178706556396,182.9499949567801,135.06872568412857,34.79525954083,30.24198207469682,2.658568135463337,-208.67323944725712,7.827151400848419e+18,8.541513339370548,5.323714848472543,16.37675388685373,1.056152684803726e+20
B_baseline,0.3,1.518e+20,16.0,,75.4348827780389,392.63113260694445,187.02335409985756,74.67451511051475,32.70339361831793,1.5929624320523013,-130.11056058932965,8.810493545295872e+18,10.030928956057199,10.793078337620571,11.879386324640166,1.0506578472645878e+20
B_baseline,0.3,1.518e+20,14.63,,63.178343772259204,323.3765005654671,171.00527998360252,61.50297664254618,31.310681498668153,1.8314673859862352,-156.0586715041803,8.664685404837378e+18,9.580006519910889,8.85509197696779,12.875583001789472,1.0506324465175054e+20
B_baseline,0.35,1.771e+20,2.0,,39.97953478938373,0.35961727916043373,29.37502932548121,0.06839561032352288,39.28282901173853,38.39364270854283,-277.0856363122895,3.556654806411231e+17,5.473814831429751,0.33641592632796885,33.47259825398081,1.3271531955925502e+20
B_baseline,0.35,1.771e+20,2.5,,40.2810684162064,1.0666530401266028,36.607713662414056,0.20286674170167854,39.13422578275644,27.122663838873645,-276.8207263444577,7.05320452478675e+17,6.085508071310739,0.451491809779649,32.59722590166605,1.3229057933030955e+20
B_baseline,0.3,1.518e+20,12.0,,48.025833866585266,203.38495440711256,140.7514298729727,38.68178447868873,30.173460321526683,2.489670577809785,-201.01673216785773,8.018590363249137e+18,8.708445493109975,5.8103274945376375,15.654687333879071,1.0546087575228575e+20
B_baseline,0.3,1.518e+20,12.5,,50.134766055204636,224.65020893862723,146.45473363463296,42.726223238037505,30.207600823564693,2.33753891388513,-193.04913250050552,8.185846980876048e+18,8.874858740072455,6.32516537070822,15.007576712784019,1.0533476582080476e+20
B_baseline,0.3,1.518e+20,13.0,,52.59070385440217,246.69509515946802,152.1799296721581,46.918940148379214,30.33491640401525,2.1999353659163887,-184.78942284785668,8.330539732354113e+18,9.040870822535426,6.8691027151519135,14.42494286632791,1.0523468551526656e+20
B_baseline,0.3,1.518e+20,13.5,,55.40696508875932,269.469822627588,157.927942907788,51.25046556554095,30.54735759312738,2.0749939732793927,-176.2562585384378,8.454266847130786e+18,9.206558107186098,7.443016468992278,13.897783016949004,1.0515845028157337e+20
B_baseline,0.3,1.518e+20,14.0,,58.59855212546061,292.92567651802284,163.6993857176685,55.711534416962756,30.838857272310015,1.9611474174884425,-167.46789189190045,8.558582394448629e+18,9.371964878561021,8.047785973208406,13.41910642054059,1.0510396939706725e+20
B_baseline,0.3,1.518e+20,14.5,,62.181017235913835,317.01516902056494,169.49460712784858,60.29311499602124,31.204240330832327,1.8570703174657832,-158.44211549380984,8.644979832544618e+18,9.537110818506738,8.684292704068618,12.982836808256971,1.050692621253208e+20
B_baseline,0.3,1.518e+20,15.0,,66.17021111099095,341.69215076516025,175.313736122292,64.98643015402581,31.63900568482319,1.7616348609992871,-149.19622044712168,8.714881302516562e+18,9.70199699688506,9.353420040334617,12.583588647603513,1.050524669951499e+20
B_baseline,0.3,1.518e+20,15.5,,70.58267280549995,366.9118909225878,181.15671940931608,69.78297253456697,32.13974102370443,1.6738757745074098,-139.74696636030896,8.769631287967755e+18,9.866610647318256,10.056053056541252,12.217077319844922,1.0505184594773814e+20
B_baseline,0.35,1.771e+20,3.0,,40.80405779017307,2.4436554314879437,43.75653064517725,0.46475882651469197,39.1273984527873,20.43343583369887,-276.3047953557599,1.165225345172396e+18,6.617949732942171,0.5803929415589366,31.929055778286195,1.3173932958251627e+20
B_baseline,0.35,1.771e+20,3.5,,41.42754835263363,4.731972760578053,50.812205267181305,0.8999738993343397,39.170236861134775,16.093637089225,-275.44741571033717,1.7135616389337372e+18,7.087303492741983,0.7238535804833993,31.35907978790939,1.3108998476288798e+20
B_baseline,0.35,1.771e+20,4.0,,42.09447608639423,8.148605381500394,57.77197269565709,1.5497832575075596,39.2324317936277,13.094793945893898,-274.1672823879928,2.326533057172948e+18,7.50550461307479,0.8826237043465266,30.84430347620638,1.3037235966858424e+20
B_baseline,0.35,1.771e+20,4.5,,42.776482096391376,12.874755622215767,64.6383607141101,2.4486497717892166,39.30726173166254,10.92257167240611,-272.39650306202833,2.981362145118063e+18,7.88201171179898,1.057470581460669,30.36777943840289,1.2961431931664943e+20
B_baseline,0.35,1.771e+20,9.0,,49.89904293213766,126.58312748840414,123.7893112986957,24.07484501701958,41.253281924104,3.7832218389816408,-229.79260267073266,8.396975850848231e+18,10.33314504309687,3.489730004044546,27.430406876962582,1.2373087702242283e+20
B_baseline,0.35,1.771e+20,9.5,,51.09900586878409,147.10133780728273,130.25648956294867,27.9772034375671,41.678478227522945,3.483005139760738,-222.1049032138988,8.824211116426268e+18,10.56178541530203,3.8712311316150827,27.245461680605832,1.2331201946615788e+20
B_baseline,0.35,1.771e+20,10.0,,51.00718187057843,169.034795501339,136.73257446803612,32.14872775639966,40.69178963025995,3.2199554465888753,-213.88694325635117,9.211311737772599e+18,10.787989250949861,4.278280740138737,25.625519639171355,1.2294327199093472e+20
B_baseline,0.35,1.771e+20,10.5,,51.29261456396567,192.3204252671628,143.22271961690086,36.57742168156169,39.93592418394106,2.9879080566442258,-205.1623556573026,9.55963803542476e+18,11.012495777717355,4.711804209418823,24.21162419680488,1.2262228361881387e+20
B_baseline,0.35,1.771e+20,11.0,,51.948254259096856,216.8934911030531,149.73117350956517,41.250973072889664,39.37705201794222,2.781960644212284,-195.9553955012552,9.870906979818748e+18,11.235861292668774,5.172732967606279,22.968457757667167,1.2234634370364529e+20
B_baseline,0.35,1.771e+20,11.5,,52.97573048230668,242.68850828562697,156.26137432754138,46.156927390843386,38.98980647915182,2.5981703678109103,-186.29059840143043,1.0147063360239528e+19,11.458495757083135,5.662003787711207,21.869306934357475,1.2211253681142309e+20
B_baseline,0.35,1.771e+20,12.0,,54.38064609790378,269.6399318540622,162.81604540175303,51.28281863932408,38.75275798626266,2.433333218370233,-176.19252254062687,1.0390180906037232e+19,11.680692922439968,6.180558181760076,20.891506882062615,1.2191785982708805e+20
B_baseline,0.35,1.771e+20,12.5,,56.17312001357508,297.6826759064629,169.39728745207887,56.61626813065018,38.64909750675053,2.2848209252427156,-165.6855541028672,1.0602387469596631e+19,11.902654988745109,6.729341882932737,20.017100635072683,1.2175930885037767e+20
B_baseline,0.35,1.771e+20,5.0,,43.46045760551893,19.051574397403584,71.41786949040727,3.6234189346421872,39.39663482965889,9.290441510748506,-270.08219174515466,3.65775175098942e+18,8.224596527663612,1.2491795274429534,29.922858774552328,1.2884023476466793e+20
B_baseline,0.35,1.771e+20,5.5,,44.1431328541011,26.78072850009969,78.1197200251808,5.09342675343396,39.50524596950549,8.027664396705104,-267.18625623842047,4.338502166395848e+18,8.539741112442256,1.4585539853086371,29.50695087175459,1.2807039803360002e+20
B_baseline,0.35,1.771e+20,6.0,,44.83095638828314,36.12785514084778,84.75475905063506,6.871156769237838,39.640719105520645,7.026945532600258,-263.6841037951872,5.009642274208164e+18,8.832866746085553,1.6864150462182443,29.121437313216845,1.2732097739449165e+20
B_baseline,0.35,1.771e+20,6.5,,45.533449770051945,47.12745133386238,91.33456153982254,8.963169969187286,39.80762678721186,6.217891303924724,-259.5628091810742,5.660277901456876e+18,9.108489669389959,1.9336005429732845,28.76553657484861,1.2660428246774935e+20
B_baseline,0.35,1.771e+20,7.0,,46.26606526080998,59.78819350208456,97.87073971449271,11.371116522161461,40.011200933135505,5.552640760721335,-254.8191215408222,6.282284333982541e+18,9.370344375456174,2.200963854327569,28.439892703351763,1.2592919623057785e+20
B_baseline,0.35,1.771e+20,7.5,,47.04726248891416,74.09805870604332,104.37444528553287,14.092709785302377,40.25530722258232,4.997659528054803,-249.4575455921334,6.869926733598663e+18,9.621490952003976,2.489372547716508,28.144443722861837,1.253016792168313e+20
B_baseline,0.35,1.771e+20,8.0,,47.89764748195857,90.02890721035199,110.85603906304436,17.122597862336843,40.54243893796727,4.52883878656648,-243.48862464385792,7.419463120813571e+18,9.864412270800248,2.7997069680271958,27.878319699139826,1.2472528368370369e+20
B_baseline,0.35,1.771e+20,8.5,,48.84018383651277,107.54038408651854,117.32489545934567,20.453105649414958,40.87469371827515,4.12845505874328,-236.92747875554429,7.928765297734285e+18,10.101102217939115,3.13285884869038,27.64073265164565,1.2420163744664758e+20
B_baseline,0.35,1.771e+20,13.0,,58.36628271210506,326.75250401488614,176.0066647381901,62.14505873859119,38.665241899339506,2.150458796484853,-154.793760993906,1.0785809649787711e+19,12.12451263270813,7.309304402185063,19.23142486444631,1.2163394187496114e+20
B_baseline,0.35,1.771e+20,13.5,,60.975029386325716,356.7863219305808,182.64528365289482,67.85719056797716,38.78967234226632,2.028433096316341,-143.5407831713377,1.0942532813061976e+19,12.346341173937162,7.921398647463835,18.521932520865324,1.2153892244996319e+20
B_baseline,0.35,1.771e+20,14.0,,64.0166458633314,387.7223961645881,189.31386317036547,73.74092252654299,39.01362614071374,1.9172200223955986,-131.94975074749485,1.1074573139804842e+19,12.568173551537916,8.566580594930752,17.87887199424507,1.2147154863811265e+20
B_baseline,0.35,1.771e+20,14.5,,67.50928356503368,419.5005161340535,196.01279714206584,79.78480316353563,39.32962217537813,1.8155306744053326,-120.04322323697018,1.118385893913546e+19,12.790010687314261,9.245809003024146,17.29380248503972,1.2142927077865664e+20
B_baseline,0.4,2.024e+20,6.0,,56.0727696597351,46.59813360738637,96.42699101104581,8.862499030788813,50.9129358021575,6.876672503692036,-259.76113230648724,6.323314933709249e+18,11.443173066808646,1.7763152943831866,37.69344744096566,1.4481292574826642e+20
B_baseline,0.4,2.024e+20,6.5,,56.54292351164334,60.69097761782503,103.8599074469098,11.54281703313414,51.02222082690465,6.086663781219997,-254.4808691860429,7.135495224852443e+18,11.78986128590476,2.036811335871355,37.19554820512853,1.439187950985971e+20
B_baseline,0.4,2.024e+20,7.0,,57.01629249730346,76.88222218432425,111.2399683909047,14.622229837236626,51.178406654574346,5.436917861604727,-248.41438384814717,7.910087344039926e+18,12.119072665602205,2.3186110713728207,36.74072291759932,1.4307872418767117e+20
B_baseline,0.4,2.024e+20,7.5,,57.515711386923506,95.15223107114862,118.58111460752394,18.097002827421754,51.38641915600029,4.894727580999949,-241.56903353675287,8.640246039364933e+18,12.434930453254456,2.6226398960565285,36.3288488066893,1.4229975841254025e+20
B_baseline,0.35,1.771e+20,15.0,,71.4716048348368,452.0621116911235,202.7422086036581,85.97769302253477,39.73114437682193,1.722267998683456,-107.84314552125383,1.1272219132725248e+19,13.011829700789034,9.960045159781957,16.75926951625094,1.2140970073791249e+20
B_baseline,0.35,1.771e+20,15.5,,75.92329742879527,485.3503441154572,209.50199780761048,92.30878194731879,40.213185004393644,1.6364927914413376,-95.37081375594151,1.1341376433308305e+19,13.233590505008095,10.710252667571845,16.269341831813705,1.2141061560578064e+20
B_baseline,0.35,1.771e+20,16.0,,80.88406756997634,519.3101574492132,216.29188176979906,98.76759884526584,40.771257750947484,1.557396639670217,-82.64685613669995,1.1392945627247667e+19,13.455240805164271,11.497397233395757,15.818619712387454,1.2142995569255686e+20
B_baseline,0.35,1.771e+20,14.63,,68.4934190609573,427.8934883907798,197.75951268494885,81.3810625570424,39.42591234586908,1.7905122174801165,-116.89857040144044,1.1208774107262384e+19,12.847686740648712,9.428103764328817,17.150121840891554,1.2142209082173697e+20
B_baseline,0.4,2.024e+20,8.0,,58.06632617385115,115.4621964142533,125.89620662509995,21.959755136026832,51.64923675961135,4.436582312810993,-233.9593586620958,9.321632932381698e+18,12.74075547619175,2.9498376727406996,35.9586436106789,1.4158592378548514e+20
B_baseline,0.4,2.024e+20,8.5,,58.69592679710685,137.75907163044118,133.1968057670108,26.200397833393605,51.96920359831047,4.0452004788634826,-225.60523455357807,9.951915359917808e+18,13.039192266130941,3.301157147228244,35.62885418495129,1.4093886291746693e+20
B_baseline,0.4,2.024e+20,9.0,,59.43353731434556,161.97953843362743,140.49308359769609,30.806888414691596,52.347443577528836,3.707628051969084,-216.53038511040825,1.0530320506391896e+19,13.332322296194832,3.677562468657389,35.33755881267661,1.4035839522155645e+20
B_baseline,0.4,2.024e+20,9.5,,60.308716951841554,188.05311463527025,147.79382149371327,35.76582187248204,52.783835280943904,3.4139852069074283,-206.76121838056642,1.1057254890474891e+19,13.62176344844779,4.080027844305606,35.08204398819051,1.3984299103633095e+20
B_baseline,0.4,2.024e+20,2.0,,51.99116362293505,0.4692688136959064,33.55925733294401,0.08925023567682443,51.18528501078753,37.49097955507947,-277.0445524151373,4.532004453285889e+17,7.144589373400393,0.3541459128754014,43.686549724511735,1.5161650753899476e+20
B_baseline,0.4,2.024e+20,2.5,,52.24118165398682,1.3906272321654627,41.80775166795522,0.2644833932855493,50.927389744471874,26.489517762694092,-276.6993406981728,8.980814847451972e+17,7.937898947889123,0.4753380454410893,42.51415275114166,1.5107610216799027e+20
B_baseline,0.4,2.024e+20,3.0,,52.73895709154475,3.1820965937304795,49.94991582404337,0.6052029511615998,50.84177059457897,19.96088812691506,-276.0281185095024,1.4822510811244088e+18,8.625362508932618,0.6111021398557809,41.60530594579057,1.503759334503107e+20
B_baseline,0.4,2.024e+20,3.5,,53.32705192979449,6.1532955762704225,57.97441187291401,1.1702952856508715,50.81071717796572,15.725584418160949,-274.914878882399,2.17729792804425e+18,9.22838182379809,0.7622109628323417,40.82012439133529,1.4955290858755005e+20
B_baseline,0.4,2.024e+20,10.0,,59.44949737683443,215.9045449923258,155.10647089619445,41.06288541209044,51.37549007088548,3.156619442467329,-196.3259307653022,1.1533988516481243e+19,13.90875589117024,4.509536347325051,32.95719783239019,1.393901618828729e+20
B_baseline,0.4,2.024e+20,10.5,,59.03400288513252,245.45560967282137,162.43724922526127,46.68320240367389,50.268800147259306,2.9295206744106728,-185.25382942885753,1.1962400420204188e+19,14.194234772603947,4.967078869925948,31.10748650472941,1.3899677216441318e+20
B_baseline,0.4,2.024e+20,11.0,,59.0483241987223,276.62648383972703,169.79125625931042,52.611590961477674,49.41764810602808,2.727909253554894,-173.57482289379567,1.2344776505556347e+19,14.478891179655925,5.453653224169843,29.485103702202313,1.3865928418175214e+20
B_baseline,0.4,2.024e+20,11.5,,59.490254124895515,309.3367488361648,177.1725972897941,58.83275626115018,48.78740417534838,2.547940644293081,-161.3190421732601,1.268365311725695e+19,14.763222455634223,5.970263369417382,28.053918350296776,1.3837394539228696e+20
B_baseline,0.4,2.024e+20,4.0,,53.93221146935147,10.579762178203596,65.87826292745127,2.0121649686725416,50.79725029774323,12.799037974200013,-273.2563840935009,2.9524360617039775e+18,9.762979393163324,0.92945536511007,40.10481553946984,1.4864552856941887e+20
B_baseline,0.4,2.024e+20,4.5,,54.51889867266645,16.68861502823734,73.66521417922898,3.174007692220459,50.79486245720518,10.67914544544935,-270.9675380388393,3.778397359610577e+18,10.24198847054539,1.11364611942724,39.439227867232546,1.4768953879998936e+20
B_baseline,0.4,2.024e+20,5.0,,55.07136920133568,24.65389293054891,81.34397695740218,4.688923896461096,50.807840615872465,9.086222699494009,-267.98313239860715,4.629305953236968e+18,10.67601996527026,1.315614765161458,38.816205885440745,1.4671595534626949e+20
B_baseline,0.4,2.024e+20,5.5,,55.586365198356866,34.59822539198449,88.92658709929627,6.580236487301529,50.84361297028601,7.853632051983523,-264.2572207292052,5.4834337056351e+18,11.073944151548208,1.5362136457564115,38.23345517298139,1.4575036308592742e+20
B_baseline,0.45,2.277e+20,3.0,,66.17627954478857,4.0155154954551175,56.130658278270616,0.7637108920806087,64.06947109785176,19.554182239888426,-275.7158556981494,1.832354579621161e+18,10.893731526158282,0.6394949601576287,52.53624461153584,1.689722678873694e+20
B_baseline,0.45,2.277e+20,3.5,,66.68625034475167,7.754364585126708,65.11561275080795,1.4748026004452484,63.93526392711146,15.409101701984493,-274.3149953078353,2.688603909226622e+18,11.644707521175594,0.7976653552898022,51.492891050646065,1.67958425757874e+20
B_baseline,0.45,2.277e+20,4.0,,67.17862295169256,13.312627884305302,73.95303751189995,2.531928697316025,63.8155188501255,12.544974732950022,-272.23244243982424,3.641336814715278e+18,12.307199042869094,0.9727299560510794,50.53558985120533,1.668432708877375e+20
B_baseline,0.45,2.277e+20,4.5,,67.6109081406708,20.966350460320236,82.64817743951019,3.987590194048305,63.70487927697471,10.470251583578051,-269.36476938374636,4.65404726048076e+18,12.898053301465689,1.165539261728773,49.64128671378025,1.65671318755773e+20
B_baseline,0.45,2.277e+20,5.0,,67.96538847036273,30.923621639236394,91.21230566405396,5.881363599566369,63.61100965584698,8.911156804665769,-265.6340098757756,5.694707710587041e+18,13.431269769539616,1.3769672552178578,48.8027726310895,1.644808969959649e+20
B_baseline,0.45,2.277e+20,5.5,,68.23960206771072,43.327807081261206,99.66063844758096,8.240515628785067,63.544897306286586,7.704595317372028,-260.986448114632,6.736662094464948e+18,13.918565378356012,1.6079113721701848,48.018420555760386,1.6330333503230892e+20
B_baseline,0.45,2.277e+20,6.0,,68.44570693650721,58.26517451414449,108.01056678109501,11.08145354084514,63.52110831799075,6.7481078847991816,-255.38976157542413,7.758701015087752e+18,14.369714249630364,1.8592917287064001,47.29210233965399,1.6216306134494852e+20
B_baseline,0.45,2.277e+20,6.5,,68.59951847824297,75.7743088636199,116.2802571547454,14.411515802771865,63.548261242934245,5.974495871026862,-248.82949337775176,8.744680018004163e+18,14.792801649768128,2.1320498134232353,46.62340977974288,1.610781968199209e+20
B_baseline,0.4,2.024e+20,16.0,,84.62624485126202,660.1414738344554,245.16376690197237,125.55230690857505,49.714022523743864,1.5278377599653832,-29.880614946362396,1.420771473265467e+19,17.335443735730447,12.139358752118529,20.239220035894885,1.375549786824269e+20
B_baseline,0.4,2.024e+20,14.63,,72.56942251642113,544.1456738026815,224.14820223911823,103.49106570053198,48.44801997451758,1.756475721582989,-73.34156183405435,1.3983068489958617e+19,16.54922065624927,9.950302129030437,21.948497189237877,1.3753990717901124e+20
B_baseline,0.45,2.277e+20,2.0,,65.57234811554325,0.5933806100605123,37.7407595399759,0.11285505822740882,64.65720922416446,36.71301718695303,-276.9980505918948,5.611710726940263e+17,9.036339617730222,0.37054556352618795,55.25032404290805,1.7050470981864738e+20
B_baseline,0.45,2.277e+20,2.5,,65.73908016756755,1.7568663581978778,47.00121795526397,0.33413841266565436,64.26158907055293,25.94416667652921,-276.5621193573973,1.1112439609063141e+18,10.033433491393957,0.4973908446647648,53.73076473449421,1.69836537846291e+20
B_baseline,0.4,2.024e+20,12.0,,60.36310561667675,343.5061423670374,184.58450556345915,65.33143321678683,48.348947364946696,2.386490322962923,-148.516559695247,1.2981697912314438e+19,15.047573403665469,6.517918754185648,26.783455207095578,1.3813692878284176e+20
B_baseline,0.4,2.024e+20,12.5,,61.67629798454604,379.05511257033,192.0294586178678,72.09249185975105,48.07940888069483,2.240994817075816,-135.19718170488665,1.324162111772383e+19,15.33216971363773,7.097633754882234,25.649605412174864,1.3794443532296244e+20
B_baseline,0.4,2.024e+20,13.0,,63.44337190974457,415.9052327274149,199.50928659980215,79.10101621242703,47.960309066959596,2.1093326550585925,-121.3902928820721,1.3466110223878074e+19,15.617145022218207,7.7104272035646995,24.63273684117669,1.377927672643352e+20
B_baseline,0.4,2.024e+20,13.5,,65.68033595569014,453.9794984743331,207.02526852596569,86.3423608148334,47.975997279486776,1.9897341245677873,-107.12474498325662,1.3657784782471133e+19,15.902562373111326,8.35732197290088,23.716112933474577,1.376783769189798e+20
B_baseline,0.4,2.024e+20,14.0,,68.40643666119514,493.202556237044,214.5782195672345,93.80219417072338,48.11449451814993,1.8807120725041129,-92.42877125204303,1.381916446563722e+19,16.188431530058818,9.039344630332883,22.886718357758227,1.3759789912315185e+20
B_baseline,0.4,2.024e+20,14.5,,71.64218774490998,533.500867457723,222.16856693615685,101.46652998178432,48.36557784838243,1.7810082955494337,-77.32992488738284,1.3952648866725296e+19,16.474722598488427,9.757525132957184,22.13333011693682,1.375481696703181e+20
B_baseline,0.4,2.024e+20,15.0,,75.40889036312592,574.8028295606899,229.79641606253682,109.3217501541476,48.72034263886866,1.6895515975413722,-61.85503372043702,1.4060505503040557e+19,16.76137678949856,10.5128965615916,21.446069287778492,1.3752623402755265e+20
B_baseline,0.4,2.024e+20,15.5,,79.72928457109481,617.0388632495714,237.4616077032966,117.35462140143596,49.17188544538938,1.6054246764868119,-46.030167506346274,1.414486399349732e+19,17.04831486637316,11.306494885544025,20.817075693472187,1.3752934889348137e+20
B_baseline,0.45,2.277e+20,7.0,,68.72509874492387,95.85563268179332,124.48761581089236,18.23078277975027,63.63523535166907,5.338086041329059,-241.30548520110125,9.682907659097262e+18,15.194444840269169,2.4271468399829867,46.01364367141691,1.6006138825890608e+20
B_baseline,0.45,2.277e+20,7.5,,68.85010060269677,118.48008073944146,132.64957731161658,22.533726555834367,63.78809359043167,4.806887158272859,-232.82862711548572,1.0565446987702546e+19,15.579997452194373,2.745561934160167,45.46253420407713,1.5912072020782878e+20
B_baseline,0.45,2.277e+20,8.0,,69.00452403946115,143.59649636021825,140.78166030748554,27.310617642749904,64.01025794815448,4.357906422646252,-223.41808634586502,1.1387421125778598e+19,15.95373951123234,3.088290288086447,44.968228148835685,1.5826060296898465e+20
B_baseline,0.45,2.277e+20,8.5,,69.22121559504004,171.13765514706316,148.89773192778665,32.548670632419935,64.30421929837372,3.974244798834497,-213.0990503210031,1.214637281567588e+19,16.319051374596608,3.456341383324178,44.52882654045295,1.5748258119833266e+20
B_baseline,0.45,2.277e+20,11.0,,66.11884872821264,342.24879140779655,189.60476241198702,65.09229763784882,60.5141603583041,2.6819355833809144,-148.98766005615482,1.5015846510676343e+19,18.092432557791856,5.7125762840247845,36.70915151648746,1.547562320412503e+20
B_baseline,0.45,2.277e+20,11.5,,65.81936638825938,382.50169389549035,197.82346482999094,72.74799716198329,59.60308558226346,2.5052272992378946,-133.9058272948488,1.5420698068052668e+19,18.4449133487103,6.2543764063527085,34.903795827200454,1.5441715297403555e+20
B_baseline,0.45,2.277e+20,12.0,,66.00559819092658,424.5422652707147,206.0792907170494,80.74369343183722,58.93132285703029,2.346664283101266,-118.15419629470598,1.5776447354575774e+19,18.798098032410127,6.828848221248198,33.30437660337196,1.541361421176092e+20
B_baseline,0.45,2.277e+20,12.5,,66.68538417958429,468.27602167892223,214.3750883076551,89.06141656311421,58.468903892333515,2.2037389298970105,-101.76816797354509,1.6086442372797379e+19,19.15222497253396,7.437069943170387,31.879608976629168,1.5390853535205134e+20
B_baseline,0.45,2.277e+20,9.0,,69.53419844153726,201.0250051606197,157.00992432929374,38.232945731498255,64.67086321590384,3.6432360482676724,-201.9009506381074,1.2841704392849232e+19,16.67856907934515,3.8507373412969392,44.14155679526175,1.567860344388403e+20
B_baseline,0.45,2.277e+20,9.5,,69.97788717341818,233.1723050569128,165.1286573343679,44.34704069877424,65.10948344489339,3.355220282086361,-189.85609993667865,1.3474205221748611e+19,17.03432014045742,4.272511438682159,43.80265186575381,1.561687634107903e+20
B_baseline,0.45,2.277e+20,10.0,,68.18293105159799,267.4883577873401,173.26272818200948,50.8736107675742,63.21425391923652,3.1027154276429476,-176.99866764426963,1.4045665798922519e+19,17.387839631794964,4.722706793079572,41.103707494361984,1.5562746502979853e+20
B_baseline,0.45,2.277e+20,10.5,,66.90418997674585,303.87904037097707,181.41944218765144,57.79475468815612,61.70269405137751,2.879845076822764,-163.36391946768848,1.4558568566568323e+19,17.74026806919559,5.2023752258740545,38.76005075630786,1.551581095546558e+20
B_baseline,0.5,2.53e+20,8.0,,80.69649250999616,174.31916586221752,155.5214265415966,33.153762155335144,77.59527801476526,4.289657335613494,-211.9070117456748,1.3607281756569438e+19,19.495585839004274,3.2171048028013187,54.88258737295967,1.7476017070339457e+20
B_baseline,0.5,2.53e+20,8.5,,80.40398001198069,207.5367478957674,164.43802145430948,39.47141408229599,77.84895079528768,3.912727524536086,-199.4611510498374,1.4501770590329862e+19,19.93251772419071,3.600702918049159,54.3157301530478,1.738445028374426e+20
B_baseline,0.5,2.53e+20,9.0,,80.19330887577723,243.55066081822503,173.3515136698212,46.32090018101821,78.1923787658985,3.587436829818879,-185.96756976230668,1.5320002959990098e+19,20.363384473037023,4.011816222374702,53.817178070486776,1.7302628385299143e+20
B_baseline,0.5,2.53e+20,9.5,,80.10376067051483,282.2579826685065,182.27400687795895,53.68264572372324,78.62405150528814,3.304318810262973,-171.46483036450894,1.6063246641375463e+19,20.790653991880728,4.451533369055471,53.381864144351944,1.7230252004936502e+20
B_baseline,0.5,2.53e+20,12.0,,71.33921163657347,512.3541762111935,227.319701203313,97.44464077360688,70.47115802438569,2.3122110793879203,-85.2531016305415,1.8760096702785327e+19,22.922382711408368,7.1179684991476515,40.43080681382967,1.699310046757628e+20
B_baseline,0.5,2.53e+20,12.5,,71.23941634483351,564.9071559432157,236.45462229306216,107.43969198884018,69.78976392714367,2.1715129573218563,-65.56271404497619,1.9122181814814118e+19,23.352779645501965,7.752696177889772,38.684288103751925,1.696673799745254e+20
B_baseline,0.5,2.53e+20,13.0,,71.69940387017415,619.3826380270792,245.63918380308317,117.80038392637017,69.33233254425092,2.0441406809136464,-45.15200923601162,1.943446137884309e+19,23.785148387934207,8.423892050622571,37.123292105694134,1.6946107574450795e+20
B_baseline,0.5,2.53e+20,13.5,,72.73579466446006,675.674615999523,254.87497715757917,128.50655521694927,69.07290300881252,1.9283955799804693,-24.060705376791255,1.9700747402566537e+19,24.21948619693465,9.13270505790742,35.72071175397045,1.693069665418978e+20
B_baseline,0.5,2.53e+20,4.0,,81.81818183096067,16.34282032369238,81.9973677909297,3.108240997363053,78.2724430936377,12.323056435458007,-271.09709932712866,4.3910937727224704e+18,15.135370692941278,1.0130682392279047,62.12400416146853,1.8496815067241854e+20
B_baseline,0.5,2.53e+20,4.5,,82.03413465259128,25.699447039718002,91.58889299015351,4.887777832483966,78.01938864617998,10.287969417166872,-267.59138742513085,5.60536986453468e+18,15.846645096705922,1.2138972785727964,60.958846270901255,1.8356315595454516e+20
B_baseline,0.5,2.53e+20,5.0,,82.12194445884387,37.84594208264134,101.02521669834698,7.197919724697556,77.78538998291977,8.758545464768755,-263.04037630414626,6.85012200938748e+18,16.486029063653593,1.4341239168031021,59.865237002463076,1.821395866160881e+20
B_baseline,0.5,2.53e+20,5.5,,82.08087554426928,52.94579117107571,110.32509461890231,10.069760022826888,77.58588329343725,7.574800624548266,-257.3828116417633,8.093397498102983e+18,17.068568988118134,1.6746875678880588,58.842626737431054,1.807349306196608e+20
B_baseline,0.5,2.53e+20,10.0,,77.21037498910262,323.5508375888078,191.2156724869613,61.53613380101534,76.17677930498057,3.0560412208971126,-155.99335144854132,1.6733902570547517e+19,21.21617200057876,4.920953766346563,50.03965353805525,1.7166897754173502e+20
B_baseline,0.5,2.53e+20,10.5,,74.9124028802494,367.318604337211,200.1849180274065,69.86032535889416,74.20669103156006,2.8368451162777393,-139.594580238513,1.7335140195889934e+19,21.641289145358968,5.421186347436494,47.1442155387646,1.71120625511102e+20
B_baseline,0.5,2.53e+20,11.0,,73.17593438611497,413.4495026397038,209.1885751109649,78.63396090704525,72.63627521256987,2.6421499345114334,-122.3103982210868,1.7870614643351278e+19,22.066965842709113,5.953348524706369,44.61596084515438,1.7065197633507577e+20
B_baseline,0.5,2.53e+20,11.5,,71.9864886611605,461.8317129692135,218.23208873782525,87.83577348961471,71.40728214693671,2.468270520768662,-104.18270159014006,1.8344253420219462e+19,22.49385736058587,6.518565296167643,42.3948594901832,1.702573388472542e+20
B_baseline,0.45,2.277e+20,15.0,,78.06935977855278,709.1494843943191,256.5061795717869,134.87314043695554,58.58309514090819,1.6617463603712417,-11.518445424446513,1.706133865848312e+19,20.938739793497568,11.022497944410224,26.621857403000394,1.5342124564199093e+20
B_baseline,0.45,2.277e+20,15.5,,82.09737501494851,761.154549943152,265.06639720447953,144.76398385368805,58.993660058860655,1.579019663007635,7.966651372934553,1.7161557803363414e+19,21.298776070458914,11.856119204172675,25.838764784229074,1.5342724537692193e+20
B_baseline,0.45,2.277e+20,16.0,,86.76757908526784,814.2432948895638,273.6708288914808,154.86093225504612,59.51085590396323,1.5027144306013072,27.857777808703837,1.7236163961904003e+19,21.6594301483722,12.731159764715375,25.120265990875662,1.534600385872977e+20
B_baseline,0.45,2.277e+20,14.63,,75.48665993554734,671.4106182731183,250.20037401544568,127.69558548936435,58.35253804725549,1.727548709071311,-25.658326830893525,1.6969289438833873e+19,20.672797108874757,10.431633191125872,27.248107747254867,1.5343583231060125e+20
B_baseline,0.5,2.53e+20,6.0,,81.92728041583734,71.0935895889522,119.50969343896772,13.521289803922816,77.43993974089146,6.63624552567727,-250.5832507701471,9.310024747019407e+18,17.60678740565904,1.9365527701778875,57.89659956505454,1.7937811374684268e+20
B_baseline,0.5,2.53e+20,6.5,,81.68113251842438,92.32733882796335,128.60091264509182,17.559736571690348,77.3587422977581,5.876984164537964,-242.62745540815592,1.0481067340023839e+19,18.1109999774061,2.2207076507940036,57.027034669558006,1.780903202506092e+20
B_baseline,0.5,2.53e+20,7.0,,81.37166147238037,116.64051917639559,137.62016634273988,22.183860342158674,77.35331581752465,5.252235875041244,-233.5178683411704,1.1593010981608634e+19,18.589603216459036,2.5281620358315977,56.23555056523401,1.7688608789902623e+20
B_baseline,0.5,2.53e+20,7.5,,81.0317431930438,143.99283210403914,146.5875659043992,27.3859967378672,77.43089941755863,4.730639312557019,-223.26958849760524,1.2636864122935011e+19,19.0493463652838,2.8599454000489994,55.52160765222583,1.757744741242993e+20
B_baseline,0.5,2.53e+20,2.0,,80.72015273769567,0.731919159667179,41.91959878824008,0.13920370497710075,79.69593529693088,36.03131930484968,-276.94614339745584,6.793367749116777e+17,11.148689495517834,0.3858472435945807,68.16139855781847,1.893802257755928e+20
B_baseline,0.5,2.53e+20,2.5,,80.7691584329858,2.1651776784341354,52.1882772490848,0.41179514266138817,79.13166841933977,25.466576522284644,-276.4091345372782,1.3442965044065981e+18,12.371316130058528,0.5179633926172877,66.24238889666395,1.8857251519252496e+20
B_baseline,0.5,2.53e+20,3.0,,81.10719832113517,4.943203733886969,62.29910775093136,0.9401479181479626,78.80231025018034,19.198279452104433,-275.3682723438575,2.214620791206914e+18,13.421691283060696,0.6659758080009884,64.71464315911865,1.8752944689046356e+20
B_baseline,0.5,2.53e+20,3.5,,81.49289476753455,9.533231490000905,72.23645264639,1.8131252970832719,78.53239049884091,15.13239593710145,-273.64849496858307,3.246019488052657e+18,14.334233922033915,0.8307234611269416,63.367433115680065,1.8630829830200187e+20
B_baseline,0.45,2.277e+20,13.0,,67.87200737729717,513.6098952456412,222.71294394092646,97.68346597676847,58.19162774411741,2.074375621287266,-84.78261271415798,1.6353980811917347e+19,19.507418300774546,8.080124869761269,30.604084573581595,1.5372981727161414e+20
B_baseline,0.45,2.277e+20,13.5,,69.58206738579601,560.4525341090579,231.0942989369645,106.5924674622017,58.07903426070485,1.9568425366565607,-67.23175794903167,1.6582258871487807e+19,19.86371564348887,8.759100949612481,29.456217667603497,1.5359567569049466e+20
B_baseline,0.45,2.277e+20,14.0,,71.83639598657673,608.7145222508442,239.52005303338925,115.77141498688805,58.115396341978695,1.8496840429999206,-49.14910579481554,1.6774337040300341e+19,20.22109008118348,9.475090412890129,28.419215847905082,1.53502035593739e+20
B_baseline,0.45,2.277e+20,14.5,,74.65758531972327,658.3085404975627,247.99065474408562,125.20370131723143,58.28730682812838,1.7516683155969655,-30.56737272881264,1.6933118758982697e+19,20.579467433338714,10.22918945225979,27.478649942529874,1.5344507768042612e+20
B_baseline,0.5,2.53e+20,14.0,,74.37058746694575,733.6792967710153,264.162974291406,139.53846545287936,68.99145904403751,1.8228495742057829,-2.32769134044846,1.9924674981782553e+19,24.655714521991325,9.88028897724067,34.45545554480552,1.6920022552405403e+20
B_baseline,0.5,2.53e+20,14.5,,76.62813111164607,793.2952504101464,273.5036326969503,150.87682367550573,69.07096153775846,1.726293878526587,20.009029420645057,2.01096806367588e+19,25.093700234488526,10.667802091185338,33.309459212084604,1.691363420775488e+20
B_baseline,0.5,2.53e+20,15.0,,79.53432345973295,854.4235178042424,282.89698569214363,162.50280885118883,69.29659383442404,1.6376988759394961,42.91237921282461,2.025899155099756e+19,25.533272099703517,11.496406896546793,32.26691483817373,1.6911112671143962e+20
B_baseline,0.5,2.53e+20,15.5,,83.11756673633815,916.9677013474729,292.34272082939447,174.39808711927586,69.65675347862907,1.5561824339583439,66.34624007987178,2.0375621828445053e+19,25.97423368372443,12.367269857227894,31.315249937676743,1.691207078550256e+20
B_baseline,0.5,2.53e+20,16.0,,87.40675817660119,980.8340104656522,301.84024432154746,186.54482045046237,70.14106832199113,1.4809846845961963,90.27547086010505,2.046237575114192e+19,26.416372934233696,13.281561165526691,30.443134222230732,1.6916152100442548e+20
B_baseline,0.5,2.53e+20,14.63,,77.3200319498047,809.047053874066,275.94084216771034,153.8726591763086,69.11588797094602,1.7025313727562434,25.9108663280439,2.015180990905034e+19,25.207843882594943,10.879239256381041,33.028804831970035,1.691262280355814e+20
B_baseline,0.55,2.7830000000000003e+20,2.0,,97.431700757772,0.8848517349734534,46.09583049906004,0.16828995147460107,96.29880485937318,35.426015817451415,-276.8888430940745,8.074853727512134e+17,13.481271657515137,0.4002239964565389,82.41730920540151,2.082433194367486e+20
B_baseline,0.55,2.7830000000000003e+20,2.5,,97.32596505853908,2.6153735935850575,57.36907551189222,0.497417903763942,95.53253729054687,25.042750028601073,-276.2404565269358,1.5967859848577574e+18,14.950772305529885,0.5372889267162128,80.04447605830077,2.072845914101102e+20
B_baseline,0.55,2.7830000000000003e+20,11.0,,80.23531717947066,489.9479458489123,228.55742174973037,93.18319982100462,85.75586740616887,2.6072383484582122,-93.64819858630844,2.0897302620118434e+19,26.393842324483998,6.178836651231811,53.18318843045307,1.8635941775340844e+20
B_baseline,0.55,2.7830000000000003e+20,11.5,,78.0140644038996,547.0099769637854,238.4142465428464,104.03582751874234,84.17253898393272,2.4358468980269765,-72.26837360205896,2.1442171595964756e+19,26.90124585445962,6.765977123229597,50.50531600624352,1.8590772598492368e+20
B_baseline,0.55,2.7830000000000003e+20,12.0,,76.39340535435117,606.5873523603533,248.3225305085322,115.36684854541558,82.94174479735868,2.281987986757273,-49.94610721733599,2.1920175029658554e+19,27.411474321729802,7.388724608852195,48.14154586677668,1.855350074310694e+20
B_baseline,0.55,2.7830000000000003e+20,12.5,,75.37511999179321,668.5548800882581,258.28583331010316,127.15245264398578,82.01607581174206,2.1432464131387845,-26.728305964132552,2.2336087871760753e+19,27.924749283003013,8.048273573405847,46.043052955333195,1.852346783562869e+20
B_baseline,0.55,2.7830000000000003e+20,5.0,,97.52172591434648,45.406817495358304,110.78481984163096,8.635922619442194,93.31111679419087,8.623714329070683,-260.2074909354817,8.092122022543171e+18,19.83620169050323,1.487745448859754,71.98716965482788,1.996960692800032e+20
B_baseline,0.55,2.7830000000000003e+20,5.5,,97.08972193330958,63.42987486646299,120.9228292560927,12.063727900852594,92.94446424905884,7.460234239903654,-253.45466765270044,9.549366025682287e+18,20.51920256185067,1.7373173128878432,70.68794437432034,1.9805016157895885e+20
B_baseline,0.55,2.7830000000000003e+20,6.0,,96.49670970080678,85.05023792075843,130.9281175114997,16.175704750149045,92.64545777379828,6.53759428464907,-245.35401702450562,1.097214263529954e+19,21.14903840204395,2.008998716174513,69.48742065557983,1.9646407582706834e+20
B_baseline,0.55,2.7830000000000003e+20,6.5,,95.76751544679979,110.30339074927485,140.82658483251706,20.978601886604583,92.42818397679514,5.791058918016263,-235.89224398163435,1.233864640852696e+19,21.73856020002815,2.303821722550452,68.38580205421654,1.9496212482584658e+20
B_baseline,0.55,2.7830000000000003e+20,3.0,,97.5231865169705,5.964474862904119,68.45557546331709,1.1343834741757342,95.03225854173301,18.882674335303587,-274.9856256421322,2.6282354527958953e+18,16.207917990954503,0.6908458683600252,78.13349468241849,2.060484617573236e+20
B_baseline,0.55,2.7830000000000003e+20,3.5,,97.73523236463252,11.488018158868519,79.33750700150473,2.1849061736352033,94.59090649573919,14.887230724497034,-272.91608155732894,3.848241515611651e+18,17.294986668653067,0.861762672959315,76.43415715412681,2.0460409884771018e+20
B_baseline,0.55,2.7830000000000003e+20,4.0,,97.8360927988065,19.666139032899075,90.01221149168724,3.7403029826670746,94.15369776976115,12.12661640681799,-269.8519285720484,5.199792500866022e+18,18.24481458726859,1.050932586126708,74.85795059636585,2.0302246005742538e+20
B_baseline,0.55,2.7830000000000003e+20,4.5,,97.77119758033189,30.879791030739074,100.48882960590826,5.873027456136263,93.72113699651932,10.126769933044606,-265.65043219233735,6.629734350916103e+18,19.084365956732125,1.2592768051910508,73.37749423459614,2.0136817732677177e+20
B_baseline,0.55,2.7830000000000003e+20,7.0,,94.93708325431629,139.17393477115928,150.64336752139482,26.46949065412678,92.30598316470179,5.1766429364941295,-225.07511801664091,1.3633541879634764e+19,22.298169596032647,2.6228419986088727,67.38497157006026,1.9356071129773864e+20
B_baseline,0.55,2.7830000000000003e+20,7.5,,94.04387152245522,171.60856756263044,160.4019178579653,32.63823346473668,92.28726881108972,4.663546499733407,-212.92261031648465,1.4846835012358453e+19,22.836173486536794,2.9671365216951595,66.48395880285777,1.9226978266045638e+20
B_baseline,0.55,2.7830000000000003e+20,8.0,,93.12831346300374,207.52669901739011,170.1234680851616,39.46950288611742,92.37606680232948,4.229638690560929,-199.46491613244655,1.597279377334511e+19,23.359116825527234,3.3378012971269975,65.67914867967524,1.9109419795766988e+20
B_baseline,0.55,2.7830000000000003e+20,8.5,,92.23380855218865,246.82875482703818,179.8267821841812,46.944360880554385,92.57470754964847,3.858657166613056,-184.73934365781966,1.7008983627849165e+19,23.872085625140954,3.7359491979136563,64.96667272659386,1.900349354106335e+20
B_baseline,0.55,2.7830000000000003e+20,13.0,,74.96975585984026,732.789404194209,268.3067194509132,139.3692167836966,81.35733471948325,2.0176223096616113,-2.6611135333703966,2.2694559370902757e+19,28.441130726627296,8.745824712872198,44.170379279983756,1.8500042440185482e+20
B_baseline,0.55,2.7830000000000003e+20,13.5,,75.1933444120755,799.1700694775035,278.38691801427086,151.99415551392636,80.93335769956963,1.9034463829630837,22.210188422878584,2.3000052766190567e+19,28.960559183608595,9.482584489947133,42.4902140260139,1.8482626292527088e+20
B_baseline,0.55,2.7830000000000003e+20,14.0,,76.06859804213678,867.5784927271243,288.527460133342,165.00475353177174,80.71929030980709,1.7993149525420522,47.84124444997711,2.3256808609875775e+19,29.482888247001735,10.259764726759876,40.97663733604548,1.8470657715178422e+20
B_baseline,0.55,2.7830000000000003e+20,14.5,,77.62126982485705,937.8989023587562,298.72879991692326,178.37899223961182,80.69400952324948,1.7040396197316678,74.18867760948757,2.346882284040192e+19,30.00791017103278,11.078582267733053,39.60751708448364,1.846361326733734e+20
B_baseline,0.6,3.036e+20,2.0,,115.70417275109943,1.0521463046130155,50.26950420348094,0.20010770567434938,114.46317928554421,34.88270303783735,-276.82616168316383,9.454272377742543e+17,16.03372652444732,0.41380862804790874,98.015644133049,2.2709422676777445e+20
B_baseline,0.6,3.036e+20,2.5,,115.40418998895444,3.107271109743276,62.54374374616131,0.5909718923620736,113.45918063270311,24.662541878161846,-276.0561538899603,1.868305714153065e+18,17.77104627787803,0.5555464553385904,95.1325878994865,2.259732665935205e+20
B_baseline,0.6,3.036e+20,3.0,,115.41598676515818,7.0786621891774875,74.60034181867617,1.3462907617596662,112.75145335454334,18.599753719573076,-274.56816538756397,3.0724649320157926e+18,19.251125372057693,0.7143363085407364,92.78599167394492,2.2453020562447765e+20
B_baseline,0.6,3.036e+20,3.5,,115.40195143795219,13.616909689008137,86.4192956134748,2.589800053752457,112.09991717300475,14.667638453306735,-272.1184350762003,4.4940928558970906e+18,20.525056541792928,0.8910726639614024,90.68378796725042,2.2284724795159465e+20
B_baseline,0.6,3.036e+20,4.0,,115.21820761939922,23.278547176276057,97.99843473779599,4.4273468874559425,111.44541515815091,11.950825537285674,-268.49844268365445,6.065701673827198e+18,21.63295281421658,1.0866779161132771,88.72578442782105,2.2100827194147517e+20
B_baseline,0.6,3.036e+20,4.5,,114.80558757891592,36.49962901382724,109.34931547997775,6.941864442139801,110.79351452644109,9.982649210271468,-263.54480871257755,7.724761703794033e+18,22.607964598777595,1.3021051420579364,86.88344478560555,2.190892105135149e+20
B_baseline,0.6,3.036e+20,5.0,,114.14651547695338,53.59291077707341,120.49302105251604,10.19283570069159,110.16916869685235,8.503279419008313,-257.14035087319627,9.41761198346734e+18,23.47788913669121,1.5383390631177458,85.15294049704339,2.1715399927274213e+20
B_baseline,0.6,3.036e+20,5.5,,113.24697159285962,74.75898451365137,131.45643387631884,14.218411264651351,109.59957858489514,7.357991382330951,-249.2099119587321,1.1100713384169056e+19,24.265966336758947,1.7963956561152639,83.53721659202093,2.152535476044086e+20
B_baseline,0.55,2.7830000000000003e+20,9.0,,91.40455732486268,289.4024525157225,189.52811004220098,55.04145244396525,92.88300641209248,3.5384145429621094,-168.78796254269537,1.795544577817072e+19,24.378974615121624,4.16270799203042,64.34132380494044,1.8909011241461373e+20
B_baseline,0.55,2.7830000000000003e+20,9.5,,90.68465989925969,335.12741484569574,199.24127428933318,63.73788302950286,93.2984014239887,3.259616730547819,-151.65587535746693,1.8814021908907766e+19,24.88271750232757,4.619218584728644,63.796465336932485,1.882558173502705e+20
B_baseline,0.55,2.7830000000000003e+20,10.0,,86.5353913234696,383.8784929328245,208.97783904169202,73.00985057089387,90.23401820241908,3.015064918930009,-133.38997249820773,1.958781308313908e+19,25.385481260454284,5.10663348925266,59.74190345271214,1.875267708602436e+20
B_baseline,0.55,2.7830000000000003e+20,10.5,,83.06805148341468,435.5281197270027,218.74732197030286,82.83309309087863,87.75211312678543,2.7991047095348045,-114.03805039192447,2.0280756509077094e+19,25.888827195811366,5.6261155156535,56.23717041532058,1.8689683848785612e+20
B_baseline,0.55,2.7830000000000003e+20,15.0,,79.87915329355764,1010.0182344967791,308.99091720236254,192.0953680189424,80.83917086548871,1.6166078984328147,101.21012547887466,2.3639837511756546e+19,30.535375471725935,11.94025868058716,38.36353671317561,1.846100792973612e+20
B_baseline,0.55,2.7830000000000003e+20,15.5,,82.87320292641331,1083.8262070781298,319.3134053395417,206.13290632418946,81.1403656491766,1.536152132656412,128.8642679165113,2.377333981035599e+19,31.065008000795157,12.846019994430833,37.229337653950616,1.8462394348481996e+20
B_baseline,0.55,2.7830000000000003e+20,16.0,,86.63511638168467,1159.2153765875705,329.6955456168701,220.47117247319,81.58473144472093,1.4619247463658482,157.11084831907345,2.3872566952218833e+19,31.596516430352043,13.797096466024646,36.19111854834424,1.8467361435589398e+20
B_baseline,0.55,2.7830000000000003e+20,14.63,,78.13903858120545,956.4813776038015,301.3911138896207,181.91319320646699,80.71576208185519,1.680590202227251,81.15110184765433,2.3517085458052694e+19,30.144826888028526,11.298445651584446,39.27248954224221,1.8462527564803867e+20
B_baseline,0.6,3.036e+20,6.0,,112.13466827713687,100.10397129585061,142.2692105488318,19.038774300757826,109.11492992623955,6.449628440299977,-239.7137308546862,1.2740425979969108e+19,24.991422653223033,2.077320776874493,82.04618649614203,2.13426340653151e+20
B_baseline,0.6,3.036e+20,6.5,,110.83997574946534,129.65881374033054,152.96150312672347,24.659809785273463,108.73252646105553,5.714500042968926,-228.64021407733912,1.4312020806115328e+19,25.66995263839209,2.3821881247680974,80.68038569789535,2.1169985865356788e+20
B_baseline,0.6,3.036e+20,7.0,,109.40406527879894,163.39728750991787,163.5623670009718,31.076530111511275,108.46815437277931,5.109337551341382,-215.9991872800743,1.579836043532392e+19,26.31418755306812,2.7120968406406734,79.44186997907052,2.1009232333982777e+20
B_baseline,0.6,3.036e+20,7.5,,107.87128547234349,201.2513638528427,174.0987421307558,38.27599689117215,108.33135573646162,4.603847046979492,-201.8161392647854,1.7188513634182224e+19,26.934149663662744,3.0681689678813036,78.32903710491756,2.0861447469493685e+20
B_baseline,0.6,3.036e+20,10.0,,96.16189335636247,448.27662951684863,226.56031363406427,85.25773216780942,105.35900818676708,2.978680972691071,-109.26147825119232,2.2597770302388183e+19,29.888181670289978,5.281555311405283,70.18927120507182,2.0321152061181785e+20
B_baseline,0.6,3.036e+20,10.5,,91.38044967783112,508.2835872154394,237.11870161212664,96.67045545250441,102.31236053746059,2.7656021307344627,-86.7782573008127,2.3385388634323673e+19,30.475128887274117,5.8191618385899035,66.01806981159658,2.0249780123533715e+20
B_baseline,0.6,3.036e+20,11.0,,87.31213393789376,571.4892550862153,247.72428723280012,108.69154142484727,99.84685789052777,2.57625297659613,-63.09655353584502,2.408552571904606e+19,31.06515932295684,6.391242117056108,62.39045645051482,2.0188993062601952e+20
B_baseline,0.6,3.036e+20,11.5,,83.92338861973629,637.7493006807961,258.3838323198344,121.29353949648059,97.87339559648866,2.407074057045283,-38.27044499076581,2.4703755143972057e+19,31.65904200941022,6.9990287291782005,59.215324857900235,2.0137995885741782e+20
B_baseline,0.6,3.036e+20,8.0,,106.28753209557911,243.12353969231145,184.59488256445104,46.23966601408071,108.32623321904835,4.176263640879477,-186.12760218212583,1.8476451048486556e+19,27.537678929265596,3.4515469526650744,77.33700733711768,2.0727121584163563e+20
B_baseline,0.6,3.036e+20,8.5,,104.70157648910663,288.8962992833222,195.0721142559705,54.94518716069504,108.45473283966024,3.8105953440183815,-168.97760646725433,1.965989647629836e+19,28.130819410986035,3.8633912967717934,76.46052213190241,2.0606304605463213e+20
B_baseline,0.6,3.036e+20,9.0,,103.1626736726321,338.43912101697316,205.54881846650753,64.36773642621812,108.71576980150495,3.4948580392114628,-150.415055552111,2.0739360953210483e+19,28.718157995857293,4.304878425227923,75.69273338041972,2.0498725578348636e+20
B_baseline,0.6,3.036e+20,9.5,,101.71963766297162,391.61352569919416,216.04056203505937,74.48097645272972,109.10545538894542,3.2199128243347857,-130.49183439198612,2.1717355983755174e+19,29.30311403279255,4.777198804232107,75.02514255192077,2.0403889263716794e+20
B_baseline,0.6,3.036e+20,12.0,,81.19590378079982,706.9209374078715,269.10255088883264,134.44929308560307,96.3183006454379,2.2551709581930193,-12.353430503114858,2.5245712383579836e+19,32.25721456898725,7.643762282059539,56.4173237943911,2.0096001761088822e+20
B_baseline,0.6,3.036e+20,12.5,,79.12687006313118,778.863417258488,279.88433979621135,148.1320333283918,95.1237695497829,2.1181674522041383,14.601754899287835,2.571695463648204e+19,32.85986489034533,8.326690722776702,53.93721393666088,2.0062247792490922e+20
B_baseline,0.6,3.036e+20,13.0,,77.72426961962154,853.4383437750704,290.73198294002856,162.3154386025806,94.24329550271004,1.9940955851869147,42.54325726060533,2.6122866069740614e+19,33.4669948344046,9.049068755294048,51.727231913011394,2.0036005273492275e+20
B_baseline,0.6,3.036e+20,13.5,,77.00290248845909,930.5098960405004,301.6473327812609,176.97367712794275,93.63779894926998,1.8813123782417296,71.42018762051757,2.646859455521681e+19,34.07847029170097,9.812157360138754,49.747171297430256,2.0016586111899523e+20
B_baseline,0.6,3.036e+20,14.0,,76.9857123461079,1009.944977691029,312.6314671755847,192.08143530705678,93.27703221186796,1.7784359853838583,101.18267784591734,2.6759013714164e+19,34.69405983780716,10.61722338248221,47.965748991578586,2.000334623470617e+20
B_baseline,0.6,3.036e+20,14.5,,77.69947895466817,1091.6133255892141,323.6848245967752,207.6139383938126,93.13533305527642,1.684296239018244,131.7819213481503,2.6998702709684814e+19,35.313464590517064,11.465539180485116,46.35632928427424,1.9995686898331284e+20
B_baseline,0.6,3.036e+20,15.0,,79.17359158193261,1175.3875919335962,334.80731970270983,223.54696610985064,93.19044583680277,1.5978959622492634,163.1702038476134,2.719193890867959e+19,35.93634110890818,12.358382320534048,44.89572240736054,1.9993054510408365e+20
B_baseline,0.6,3.036e+20,15.5,,81.44134088066747,1261.1434090844932,345.99844150279614,239.85686497377972,93.42485088585983,1.5183804247341357,195.30092766248282,2.7342699596714852e+19,36.56231883863967,13.297035309431845,43.56549673778831,1.9994939432814982e+20
B_baseline,0.65,3.289e+20,3.0,,134.77758536006337,8.285116982938208,80.73366202047937,1.5757463989850176,131.9521981203687,18.343833350331714,-274.11613464421225,3.5466415278729385e+18,22.550061249841715,0.7366289529472347,108.66550791757976,2.4297549136247223e+20
B_baseline,0.65,3.289e+20,3.5,,134.4821363031481,15.918148732403132,93.48229259075637,3.0274727074157513,131.04881486892472,14.46916440012737,-271.25621396290586,5.182499840172613e+18,24.022593601084147,0.9188812869406761,106.10733998089988,2.4103904130692848e+20
B_baseline,0.65,3.289e+20,4.0,,133.95095544028422,27.1761566793571,105.95682814574249,5.168633238846926,130.13416544964704,11.792079843057754,-267.03809843363877,6.987240900189197e+18,25.29730004988744,1.120583417735731,103.71628198202389,2.389274785116142e+20
B_baseline,0.65,3.289e+20,4.5,,133.12156774003853,42.55153422057129,118.17156254436375,8.092876293410452,129.22052125751443,9.852619926940953,-261.2772996244243,8.888281150564878e+18,26.41432268516631,1.342718431139762,101.46348014120835,2.367288356429397e+20
B_baseline,0.65,3.289e+20,7.0,,124.75666090368388,189.25584469422404,176.38181418192303,35.994569102394465,125.81620032536743,5.048852564144542,-206.3105832093093,1.808192102804934e+19,30.632075051462895,2.796642629019542,92.387482644885,2.2648730508310797e+20
B_baseline,0.65,3.289e+20,7.5,,122.50009133083884,232.85058618605808,187.6835431533609,44.28585298672638,125.53889145969411,4.550229171526021,-189.97664056621136,1.9655731432484897e+19,31.33736524197717,3.1638560297411646,91.03767018797578,2.2481560437935623e+20
B_baseline,0.65,3.289e+20,8.0,,120.162889980292,281.02111743340083,198.94205083620798,53.447406324658495,125.42106705828613,4.128350960292204,-171.92825519778242,2.1111505477317124e+19,32.02508018916208,3.559260118747878,89.83672675037617,2.232988939320735e+20
B_baseline,0.65,3.289e+20,8.5,,117.79918199057988,333.6309486451558,210.1812838755025,63.45327012282217,125.46403430920466,3.767471675091832,-152.21656667597213,2.2447229193041252e+19,32.70228362537765,3.9840607873923695,88.77768989643465,2.219370581228687e+20
B_baseline,0.6,3.036e+20,16.0,,84.53705694942931,1348.7594424241138,357.25733632476886,256.52055835464216,93.82293203567541,1.445013020025726,228.12863151417784,2.7454669886229213e+19,37.19101329699045,14.282785355565267,42.34913338311969,2.0000874115360142e+20
B_baseline,0.6,3.036e+20,14.63,,78.00804049846201,1113.1971232698882,326.57003615467306,211.7189608747,93.13123448673376,1.6611244551533495,139.8688717754719,2.705324695250263e+19,35.47509311521106,11.69334313302904,45.96279823849365,1.9994540236081234e+20
B_baseline,0.65,3.289e+20,2.0,,135.5348035866955,1.2337714646824676,54.440664641637085,0.23465099486795846,134.186445645278,34.39062370006754,-276.7581109310411,1.0929910834315395e+18,18.805701518217088,0.4267055897130767,114.95403853734787,2.4593316091045423e+20
B_baseline,0.65,3.289e+20,2.5,,134.99865256483213,3.640691408706701,67.71240077890634,0.6924230990219273,132.90666272671263,24.318376012295786,-275.8562936254015,2.1584868020604209e+18,20.831399363735173,0.5728767718262866,111.50238659115116,2.4463899435810272e+20
B_baseline,0.65,3.289e+20,5.0,,131.97905844255672,62.39151655864713,130.15155722287025,11.866242534289096,128.34131655046127,8.394716715619214,-253.84371652562533,1.0823770733410267e+19,27.407371426356505,1.5863037828872504,99.34764134121752,2.345167067285072e+20
B_baseline,0.65,3.289e+20,5.5,,130.53458461468787,86.91315142595325,141.9282657496462,16.530012269702045,127.53113983697881,7.265906152974437,-244.6560263655037,1.2743933669875524e+19,28.304587855040904,1.8523907407457647,97.37416124119214,2.3234919985529274e+20
B_baseline,0.65,3.289e+20,6.0,,128.8230873668005,116.22542433285365,153.53603254041053,22.104913453865432,126.82677372017334,6.370465366772651,-233.67339479077972,1.4610673813392482e+19,29.129172814665825,2.142062765779788,95.55553813972773,2.3026980292605038e+20
B_baseline,0.65,3.289e+20,6.5,,126.88115667082423,150.35265165996546,165.0094970914796,28.595570819208827,126.24902103576552,5.645653289616457,-220.8867110153196,1.6396304289553392e+19,29.89997435580509,2.4564332065851278,93.8926134733753,2.2830917914921743e+20
B_baseline,0.65,3.289e+20,9.0,,115.46317722853804,390.5305629041129,221.4217900022707,74.27500775873322,125.66552192737204,3.4557918998196064,-130.89759553597128,2.3663985171561157e+19,33.374288574338216,4.439480823574413,87.85175252945942,2.2072642958481087e+20
B_baseline,0.65,3.289e+20,9.5,,113.20824727703075,451.56285217152185,232.68089812794915,85.88273885450172,126.02001355332747,3.1843136873389755,-108.03020653086489,2.476504964215054e+19,34.045014594640364,4.926757909605772,87.04824104908134,2.1966089443715678e+20
B_baseline,0.65,3.289e+20,10.0,,106.09394655011275,516.5668407651494,243.97298563135166,98.24584744512376,121.52668840117403,2.9460673389942764,-83.67471353041212,2.5755186180316914e+19,34.71728389019627,5.447142889666811,81.36226162131095,2.187327502685446e+20
B_baseline,0.65,3.289e+20,10.5,,99.85865765125325,585.3801877877567,255.30978888960408,111.33345791535342,117.86273328372104,2.735577828167216,-57.891941918900095,2.6640102903903048e+19,35.393063485066406,6.001898303246441,76.4677714954082,2.1793335948710507e+20
B_baseline,0.65,3.289e+20,11.0,,94.42081360583795,657.8408242070498,266.7007227521521,125.11474635593878,114.8850441785176,2.5484893290398483,-30.742615219100475,2.7426045834723594e+19,36.07366013491295,6.592297148383089,72.21908689522155,2.1725363339980574e+20
B_baseline,0.65,3.289e+20,11.5,,89.73455480450963,733.7880131861873,278.15319124888043,139.55914222788095,112.48622854260637,2.3812962890571265,-2.2869578109214346,2.8119499151887995e+19,36.759875977462066,7.219621853940361,68.50673071120393,2.1668438382360576e+20
B_baseline,0.65,3.289e+20,12.0,,85.7727041513032,813.0630079713012,289.672874854342,154.63645348606175,110.577828159887,2.231147720817201,27.41555156385015,2.8726971348650574e+19,37.452131124744184,7.885163415641636,65.24053361950118,2.1621656909288925e+20
B_baseline,0.65,3.289e+20,12.5,,82.52676345567318,895.5094754967687,301.26399260501466,170.31694714473042,109.09049720207624,2.095702666278763,58.306338516659146,2.925484440679529e+19,38.15056028099166,8.590220686572492,62.34971623451207,2.1584146266568986e+20
B_baseline,0.65,3.289e+20,13.0,,80.00130367236454,980.9737559952389,312.9295338435397,186.57139865273444,107.96852576357688,1.9730220264543612,90.32783028206256,2.9709272815009014e+19,38.855087869052454,9.336099781585531,59.77733811293889,2.1555076120553397e+20
B_baseline,0.65,3.289e+20,13.5,,78.20922310138818,1069.3050295096468,324.6714611660069,203.3711235624397,107.1651981615563,1.8614865965141694,123.42351810593453,3.0096118908436124e+19,39.56548631408261,10.124113579196056,57.47559826827763,2.153366488518315e+20
B_baseline,0.65,3.289e+20,14.0,,77.17319051929414,1160.355427028683,336.490885992368,220.68799866658517,106.64431257834443,1.7597342450217002,157.5379988853603,3.042091504176398e+19,40.28142097849682,10.9555813008886,55.40731029895901,2.1519182950442284e+20
B_baseline,0.65,3.289e+20,14.5,,76.92061444093733,1253.9801069219177,348.3882188276397,238.4944765354795,106.37520953462014,1.666611253435111,192.61700380711136,3.068884536429402e+19,41.0024845505594,11.831828149985196,53.54089683407554,2.1510953611839832e+20
B_baseline,0.7,3.542e+20,2.0,,156.92087901523783,1.4296963824544258,58.60935258771587,0.27191395497900717,155.46601958581772,33.94154271616314,-276.6847023900169,1.2500208067080212e+18,21.796850432233974,0.43899871756126313,133.23017043602246,2.6476031611281962e+20
B_baseline,0.7,3.542e+20,2.5,,156.10429076227467,4.215459490557778,72.87515532041368,0.8017382405091836,153.87012752739759,24.00445334318413,-275.64094130168604,2.466991765028303e+18,24.131108471093714,0.5893928846417653,129.1496261716621,2.6328218969917227e+20
B_baseline,0.7,3.542e+20,3.0,,155.6001903345714,9.583206992526458,86.85577028041082,1.8226301379086067,152.62695792979073,18.11056290860789,-273.6297703021697,4.050152461184438e+18,26.103504719631,0.7578697493032013,125.76558346085652,2.6138506497910738e+20
B_baseline,0.7,3.542e+20,3.5,,154.9652298991833,18.390030761111586,100.52693383608408,3.497599950455812,151.42726712913185,14.288399923302249,-270.3300568646926,5.912475320598351e+18,27.785802299023572,0.945371444004524,122.69609338610374,2.5918067019438545e+20
B_baseline,0.65,3.289e+20,15.0,,77.48216104844539,1350.0373319826958,360.36329866430304,256.7636001697889,106.33133857347265,1.5811342454004438,228.60742721383824,3.090474043110453e+19,41.7282235179427,12.75418500898523,51.84893004654471,2.1508352514533094e+20
B_baseline,0.65,3.289e+20,15.5,,78.893224283687,1448.3885020992689,372.4154997173781,275.4690092142599,106.49176387362742,1.5024601368683532,265.45733884518916,3.107308331044003e+19,42.45815765728427,13.723988155078208,50.309618061264956,2.151080582710823e+20
B_baseline,0.65,3.289e+20,16.0,,81.190582642386,1548.8982166563346,384.5438241247091,294.58495182586825,106.83785313032277,1.4298621978580741,303.1160072182264,3.11980201551456e+19,43.191795152461864,14.742579025203549,48.90347895265736,2.151778793670828e+20
B_baseline,0.65,3.289e+20,14.63,,76.98662087836041,1278.7266305105325,351.49427825701326,243.20101785679813,106.34275052406234,1.6436880076835736,201.8889545764082,3.0749796681724805e+19,41.19074598323764,12.067151252436659,53.08485328838803,2.1509759948061147e+20
B_baseline,0.7,3.542e+20,4.0,,154.02128571411583,31.355215773089288,113.88811896308417,5.963448487883851,150.2069344098517,11.647622306046937,-265.47230152320344,7.962956458941468e+18,29.23545580754059,1.1528732117391032,119.81860539057203,2.5678182029366107e+20
B_baseline,0.7,3.542e+20,4.5,,152.70409329557003,49.02837825966832,126.95668487222866,9.324707261206317,148.9867313606499,9.734397430580671,-258.8505757714404,1.0118297200148492e+19,30.500443347683078,1.3813865249439239,117.1049014880229,2.5428942450780357e+20
B_baseline,0.7,3.542e+20,5.0,,151.00295702915352,71.7905041665684,139.76202263242504,13.653835987439642,147.8100720255061,8.29609647517565,-250.32213297592747,1.2308008752381344e+19,31.621091087647606,1.6319599538382368,114.55702098402024,2.517872483519551e+20
B_baseline,0.7,3.542e+20,5.5,,148.93551938540304,99.87340761148656,152.3404843492122,18.994923393628625,146.71996793110011,7.182323141816341,-239.8001177414324,1.447581515710787e+19,32.63100068110552,1.9056784156233095,112.1832888343713,2.4934088452631426e+20
B_baseline,0.7,3.542e+20,10.0,,116.33564347967031,588.5849624616312,261.2247430018707,111.94297401057763,138.7137228759549,2.9165974473237823,-56.69118687561292,2.9052342296098804e+19,39.86632183163874,5.6045392684205755,93.24286177589555,2.3409901895416024e+20
B_baseline,0.7,3.542e+20,10.5,,108.51139528133514,666.6298272918556,273.33021487427413,126.786326852638,134.3802552887518,2.7084529905361663,-27.449578780196045,3.0036882051670745e+19,40.63604508775258,6.175587852886328,87.5686223481129,2.3321234901685905e+20
B_baseline,0.7,3.542e+20,11.0,,101.57503614487402,748.789422679507,285.4970821550237,142.4122602994154,130.84793021974403,2.5234106543287806,3.3337238090259653,3.0910582442304344e+19,41.412652475156136,6.783392553475716,82.65188519111217,2.324595956888506e+20
B_baseline,0.7,3.542e+20,11.5,,95.46646487645262,834.8866091278464,297.7333762404484,158.7870841900251,127.98908916683648,2.3580140957882825,35.5923508143659,3.1680893663240737e+19,42.19695967126246,7.429283423405885,78.36284607216813,2.318302642054777e+20
B_baseline,0.7,3.542e+20,12.0,,90.14814228004175,924.7467179594178,310.0452294730753,175.87757828870164,125.69896179796189,2.209451940520643,69.26085791704864,3.235524334524547e+19,42.9893487070915,8.114599602074577,74.59501348879581,2.3131408276587964e+20
B_baseline,0.7,3.542e+20,12.5,,85.6047438067236,1018.1978791582433,322.4371684840959,193.65105463710626,123.89549243249037,2.0754153796566395,104.27484939210856,3.2940877121242006e+19,43.78988022539325,8.840688578797549,71.26492362829957,2.3090117949846192e+20
B_baseline,0.7,3.542e+20,13.0,,81.83655438759581,1115.0712039788013,334.91237302563763,212.0753922847282,122.51286136383415,1.9539916004968818,140.57104652775612,3.3444753152474964e+19,44.59838047410603,9.608905580835266,68.30557530889286,2.3058219400698207e+20
B_baseline,0.7,3.542e+20,13.5,,78.85387695685435,1215.2009019187244,347.4729026114966,231.11905953592216,121.49598933041216,1.8435830367740642,178.08733145234473,3.3873475597649715e+19,45.41450863558391,10.420613069928372,65.66086762489988,2.303483419957516e+20
B_baseline,0.7,3.542e+20,6.0,,146.54500043877016,133.38683859171707,164.73138030616272,25.368842831758666,145.76046992466485,6.298666643406984,-227.24340927908153,1.6579046465465305e+19,33.55777170702321,2.2036612940922224,109.99903692354941,2.4699893638576508e+20
B_baseline,0.7,3.542e+20,6.5,,143.87485991449046,172.34636495707167,176.97405829678212,32.77855515118546,144.95612501261456,5.58325516157776,-212.64617467515197,1.8587041870934397e+19,34.42371583945091,2.527059852210706,108.00534932095296,2.4479524440996148e+20
B_baseline,0.7,3.542e+20,7.0,,140.98008475169104,216.69831991492757,189.1059380327194,41.213853464620065,144.32782439967428,4.9940677553669115,-196.0285216371913,2.0479179511792075e+19,35.24658495058411,2.877054286965856,106.20418516212432,2.4275146056459092e+20
B_baseline,0.7,3.542e+20,7.5,,137.91750240156756,266.34030161701725,201.16131569541753,50.6552619645405,143.88704780439568,4.5016916181171105,-177.42881777236758,2.224289100435331e+19,36.040284273536514,3.254850693407238,104.59191283745193,2.4087957271409538e+20
B_baseline,0.7,3.542e+20,8.0,,134.74412441467246,321.1370460324086,213.17074978679122,61.07705478490378,143.63738860675818,4.084999333416178,-156.89774338861054,2.3871847686844125e+19,36.81553819801858,3.6616781321660565,103.16017227657353,2.3918417585352714e+20
B_baseline,0.7,3.542e+20,8.5,,131.51935277099483,380.9321611944611,225.16085600907653,72.44948773757454,143.5792232697724,3.7284696658819563,-134.4938949433261,2.5364404400665194e+19,37.580485253454874,4.09878591319083,101.89995210312671,2.3766440135783023e+20
B_baseline,0.7,3.542e+20,9.0,,128.3021985911904,445.5564871416814,237.1543752776557,84.74038828947637,143.70877675856158,3.4204722755030805,-110.28065276666379,2.6722317474511254e+19,38.34119263256807,4.567441166041793,100.80014295995173,2.363154935722608e+20
B_baseline,0.7,3.542e+20,9.5,,125.15038636599509,514.8338601540759,249.17040878059768,97.91625186270367,144.01857844338124,3.152138198676938,-84.32402133530373,2.7949722673538564e+19,39.10208916517038,5.068926717683921,99.84756256052695,2.351300574390539e+20
B_baseline,0.7,3.542e+20,16.0,,76.66784614115414,1759.1153504266351,411.5712271002798,334.5661484976417,120.61277089482891,1.4161774621899883,381.87951144140726,3.5093118684746826e+19,49.591468096369695,15.179650765333086,55.84165203312614,2.3019080737737222e+20
B_baseline,0.7,3.542e+20,14.63,,75.12997463938444,1452.6443316532848,376.1786998863387,276.2784254371382,120.33206189165173,1.6279412372606483,267.0518998737738,3.459737655761956e+19,47.284544576770564,12.422455413171233,60.62506190170993,2.30091665107202e+20
B_baseline,0.75,3.795e+20,2.0,,179.85973229263544,1.6398907494117394,62.77560548259281,0.31189082163061865,178.29934650991734,33.529023081731125,-276.60594741599266,1.416373066094521e+18,25.00683290609684,0.45075646344164694,152.84175714037886,2.8357587074302096e+20
B_baseline,0.75,3.795e+20,2.5,,178.716151784013,4.8314038748974255,78.03210755395189,0.9188847029667412,176.34479728236647,23.71624149531214,-275.4101611685586,2.793509591041209e+18,27.669464874950695,0.6051870671777092,148.07014534023807,2.8190323506064068e+20
B_baseline,0.7,3.542e+20,14.0,,76.67857934770856,1318.424327665977,360.1198891240981,250.75112287879213,120.8021548877575,1.7428454906533881,216.762764724395,3.42332590761856e+19,46.23780785954925,11.277180303939273,63.28716672426898,2.3019144331592106e+20
B_baseline,0.7,3.542e+20,14.5,,75.33828328797586,1424.5820395540736,372.85370393680444,270.9412581027892,120.39524185756491,1.6506401937067916,256.53760723441417,3.452991194217149e+19,47.06774468172136,12.179982977872688,61.14751419797087,2.3010392783603257e+20
B_baseline,0.7,3.542e+20,15.0,,74.86459929222224,1533.5178375965952,385.6740984742279,291.65975753249637,120.24401993019798,1.5659963086675823,297.35333445555057,3.4768835191583236e+19,47.90373858745306,13.130402906984504,59.209878435760416,2.3007882351889115e+20
B_baseline,0.7,3.542e+20,15.5,,75.2947769855873,1645.0788047736155,398.5803231132874,312.8775378798939,120.32383284512339,1.48808132159955,339.1526519126646,3.495503114099811e+19,48.74518425595311,14.129827750470552,57.448820838699724,2.3010973368646176e+20
B_baseline,0.75,3.795e+20,3.0,,177.87621284313818,10.972315190844544,92.96688305248274,2.0868246261467234,174.76835357033013,17.896542862057235,-273.109303547237,4.5824314130100895e+18,29.910263762031988,0.7781778707853709,144.07991193751278,2.7975961592069318e+20
B_baseline,0.75,3.795e+20,3.5,,176.8410024736765,21.030900051922828,107.55362281379466,3.999866880875202,173.22520374201375,14.122681888333572,-269.3405841428023,6.683105609516969e+18,31.81293733962348,0.9706924895700585,140.4415739128202,2.7727323724358612e+20
B_baseline,0.75,3.795e+20,4.0,,175.4166207587964,35.81209839201118,121.79298045322301,6.811102993176605,171.6511007642164,11.515299410237986,-263.8024105553186,8.991502539922147e+18,33.445097844469856,1.183730318778502,137.02227260096805,2.7457290861284062e+20
B_baseline,0.75,3.795e+20,4.5,,173.53874527076374,55.92330700717825,135.70571295236846,10.63605375969523,170.0772583621963,9.626197657147275,-256.2672052355428,1.1412964075023088e+19,34.86344140700288,1.4183297982305658,133.79548715696285,2.717731709549251e+20
B_baseline,0.75,3.795e+20,5.0,,171.20258384442803,81.7782692100648,149.32588968652354,15.553409021062222,168.55863886743626,8.205912227815775,-246.5799481212754,1.3867934475716334e+19,36.11563954986485,1.67556919494239,130.767430122629,2.6896844717857994e+20
B_baseline,0.75,3.795e+20,5.5,,168.43362535461227,113.62169696368396,162.69507978464145,21.60971054552305,167.1477245719983,7.105950457182213,-234.64895129257127,1.6293398009921098e+19,37.24132627732194,1.95656563546527,127.94983265921111,2.6623207243644148e+20
B_baseline,0.75,3.795e+20,6.0,,165.28441736752163,151.56191310680083,175.85782532046193,28.825560253782445,165.896481837155,6.2331100926267515,-220.43362868389158,1.864201363622789e+19,38.27292930562365,2.2624729470120823,125.36107958451929,2.6361785431382914e+20
B_baseline,0.75,3.795e+20,6.5,,161.80590493374868,195.603596302648,188.8583892813332,37.201847980800615,164.83340548047838,5.526320280019346,-203.9322273081957,2.088014734514063e+19,39.23653292340529,2.594478776543885,123.00239378052919,2.611627855469682e+20
B_baseline,0.75,3.795e+20,7.0,,158.06056140376074,245.67652427448712,201.73860805611682,46.7252181517647,163.98195095035422,4.944109779702137,-185.17105783051448,2.2985520496994025e+19,40.15277162997541,2.9538013657766125,120.87537795460221,2.5889010047348313e+20
B_baseline,0.75,3.795e+20,7.5,,154.11168356692804,301.65878693612035,214.53661964917436,57.37248468738072,163.35431258221735,4.457454040810177,-164.19579714414826,2.4944882293466407e+19,41.037706078338246,3.3416862648700763,118.97492023900902,2.568122233864794e+20
B_baseline,0.75,3.795e+20,8.0,,150.02181491071832,363.39445443478627,227.28624158615986,69.113991288952,162.95341220632636,4.045506526708117,-141.06486856310678,2.6751912644793475e+19,41.90363662962975,3.7594031851063927,117.29037239159024,2.549333865586112e+20
B_baseline,0.75,3.795e+20,8.5,,145.8555009513377,430.7064051203356,240.01679832228382,81.91605118983662,162.77836784642537,3.6929533600598754,-115.84463547837214,2.8405443151666954e+19,42.75982533076204,4.208243104480983,115.81029941118236,2.5325182952131346e+20
B_baseline,0.75,3.795e+20,9.0,,141.6763495955439,503.4052879574669,252.75324338893103,95.74265171663062,162.82355379973282,3.3883199554071246,-88.60604334905692,2.990800601476689e+19,43.6131156977993,4.689515696234112,114.52092240569941,2.5176157876276688e+20
B_baseline,0.75,3.795e+20,9.5,,137.54618937848073,581.2955519086382,265.51645490751986,110.5566010175039,163.07919519876222,3.1228561235457364,-59.422360631899146,3.1264689909599576e+19,44.46844979997738,5.204547088480445,113.40619831030442,2.5045384081768756e+20
B_baseline,0.75,3.795e+20,10.0,,126.89102472546202,664.1793718315344,278.3236240450986,126.3202747286395,156.898336889882,2.889783645264967,-28.367707838166293,3.248225809176037e+19,45.329291697417354,5.754677955997732,105.81436723646692,2.4931806756032964e+20
B_baseline,0.75,3.795e+20,10.5,,117.34699857424928,751.8591126934792,291.1886787485499,142.9960846431728,151.8435118771307,2.6837772274259373,4.483865750565117,3.3568484551036137e+19,46.19796840888838,6.341261915138596,99.30428155310373,2.4834275066108858e+20
B_baseline,0.75,3.795e+20,13.0,,83.26325525657629,1255.4335125452637,356.6921875695992,238.77089975098366,137.85753453798944,1.9366854851619537,193.16156132199725,3.732119278136835e+19,50.690389424765975,9.869109611840882,77.29803550138259,2.454630207544947e+20
B_baseline,0.75,3.795e+20,13.5,,78.97550634018592,1367.8729954516032,370.06387472716347,260.15576500494035,136.61195185867953,1.8273015911053827,235.29003833007337,3.779244414541148e+19,51.61899399707111,10.70341990858434,74.28953795302407,2.4520966919715416e+20
B_baseline,0.75,3.795e+20,14.0,,75.54602374954601,1483.799073537788,383.5312023878614,282.20374579615185,135.732873724527,1.7274865544322642,278.7248620152587,3.818773689363063e+19,52.55662028130957,11.583933074132405,71.59232036908502,2.450410717004629e+20
B_baseline,0.75,3.795e+20,14.5,,73.00221354605571,1603.0377183618732,397.0944910652483,304.88174365524463,135.17826588546365,1.6361152839572395,323.40082794023533,3.8513521607756186e+19,53.502590259994406,12.512073190284017,69.16360243518521,2.4494883320171482e+20
B_baseline,0.8,4.048e+20,2.0,,204.34874096461752,1.8643247409032722,66.93945792071901,0.3545759224723933,202.6839017418286,33.1479428971288,-276.5218571835762,1.59191541755088e+18,28.435313974386137,0.46203554210167563,173.78655222534078,3.0237998960885596e+20
B_baseline,0.8,4.048e+20,2.5,,202.82938383594507,5.488356346212439,83.18335037886209,1.0438304934861435,200.32597026340284,23.450134479186577,-275.16401625248625,3.137751880531785e+18,31.445773174109956,0.6203357731421905,168.2598613161507,3.005024850804418e+20
B_baseline,0.8,4.048e+20,3.0,,201.59825128558174,12.451838705320542,99.06720157993549,2.3682152033649135,198.36915501892858,17.69906893882674,-272.5549602618412,5.142951861076668e+18,33.96917320670423,0.7976520625422426,163.6023297496821,2.9809978518440064e+20
B_baseline,0.8,4.048e+20,3.5,,200.09952506179985,23.83914623421273,114.56273508926529,4.533967222284918,196.4328037486627,13.969892234587718,-268.2883991659098,7.493540199415357e+18,36.10230011981788,0.9949681814328071,159.33553544741204,2.953177688389507e+20
B_baseline,0.75,3.795e+20,11.0,,108.78772998580939,844.1388008922388,304.1227048637592,160.54675854169489,147.71456497998713,2.500599375438169,39.05893335232724,3.453166630672964e+19,47.0759405785916,6.965664179595759,93.67296022179977,2.475159985059202e+20
B_baseline,0.75,3.795e+20,11.5,,101.13687254174238,940.8249759674248,317.13434668480687,178.9355021792445,144.3615474608376,2.3368389471009556,75.2850098013513,3.5380270654486155e+19,47.96401600937882,7.629260454200281,88.76827099725853,2.4682594685784467e+20
B_baseline,0.75,3.795e+20,12.0,,94.34498530861325,1041.7271406121156,330.23017216797643,198.12608487301824,141.6618200528362,2.1897209347964446,113.09072015702645,3.6122688378045264e+19,48.86251607339078,8.333436017521613,84.46586796192379,2.4626103988941373e+20
B_baseline,0.75,3.795e+20,12.5,,88.38874665245109,1146.6579940051927,343.4150005776842,218.08288387984757,139.51943137105576,2.0569660196330393,152.40588712813673,3.6767064978154263e+19,49.771405090734476,9.07958497204089,80.66844130828038,2.4581021607799816e+20
B_baseline,0.8,4.048e+20,4.0,,198.12481578484366,40.54329503087913,129.67203930504905,7.7109292819229,194.4544144006387,11.39339881328358,-262.0297404605328,1.007162643241773e+19,37.92397647884379,1.2133063991861028,155.3171315226088,2.9230224332732678e+20
B_baseline,0.8,4.048e+20,4.5,,195.6116748261034,63.22971978620754,144.41960499472165,12.02566040613881,192.47772231741868,9.526602414333663,-253.52966113789475,1.2770565461170993e+19,39.50053493007931,1.453730871440884,151.5234565158985,2.891821149539123e+20
B_baseline,0.8,4.048e+20,5.0,,192.56300899889948,92.3436913158959,158.84452505335992,17.562846651370236,190.57086683919792,8.122966808522241,-242.62132850865333,1.5501328083054137e+19,40.887745266640906,1.7173483109819574,147.96577326157507,2.8606292351456186e+20
B_baseline,0.8,4.048e+20,5.5,,189.0135540577935,128.1407987244632,172.9938954379184,24.371098509405652,188.79685371645073,7.035761781199573,-229.20897923919202,1.8193940616400433e+19,42.13185838497648,2.005306780303475,144.65968855117077,2.8302597850664082e+20
B_baseline,0.75,3.795e+20,15.0,,71.37628443565575,1725.4182589867291,410.75339493175943,328.15729867668597,134.91183424774474,1.5522284041057255,369.2539896471847,3.877578423459602e+19,54.45617946132897,13.489270889828196,66.96638389658756,2.449252355192336e+20
B_baseline,0.75,3.795e+20,15.5,,70.70708313667342,1850.7734097202733,424.5070310084158,351.9985947946987,134.90489783025424,1.475003058918974,416.2216690514119,3.898005900218005e+19,55.41664157481331,14.516963077355982,64.97129317808495,2.4496320830207918e+20
B_baseline,0.75,3.795e+20,16.0,,71.03568284386006,1978.939308451514,438.35408744550966,376.3744670743934,135.13200954977827,1.4037296588492236,464.2424708049749,3.913144798406918e+19,56.38322659296083,15.596592680673742,63.152190276143685,2.4505629312018176e+20
B_baseline,0.75,3.795e+20,14.63,,72.4892929122098,1634.561227326564,400.63663505502524,310.87719982523913,135.08213800637566,1.6136201392511051,335.21195858852445,3.8587589307762524e+19,53.749820417970355,12.761367304109308,68.570950284296,2.4493639134770037e+20
B_baseline,0.8,4.048e+20,6.0,,185.02622066438923,170.72567574126867,186.917743812552,32.47031626923189,187.21618135385827,6.1729045195715635,-213.2534094880518,2.079631307189668e+19,43.27056293050887,2.3187932374786575,141.62682518587076,2.8013035768137816e+20
B_baseline,0.8,4.048e+20,6.5,,180.66001373104478,220.08996911306875,200.6654423762396,41.85891122561454,185.86145143768266,5.4740663530005715,-194.75774902627157,2.3271853753643164e+19,44.3340226383965,2.6590303524499705,138.86839844683618,2.7741616403966686e+20
B_baseline,0.8,4.048e+20,7.0,,175.9852030254828,276.1450681521538,214.2833828972067,52.52003051185812,184.75862424094177,4.898285520721368,-173.7551982317199,2.5596699372801757e+19,45.34596242943404,3.027272995985891,136.38538881552185,2.7490810886318057e+20
B_baseline,0.8,4.048e+20,7.5,,171.0716265139852,338.7481065120054,227.8136389232971,64.42650237751829,183.92037606573663,4.416897333485369,-150.29928582437094,2.7757016590582903e+19,46.324732226621954,3.424804705234531,134.17083913388015,2.726189182455845e+20
B_baseline,0.8,4.048e+20,10.0,,137.7640296609498,743.2095680102991,295.2769392965665,141.35102773987876,176.0601703997314,2.8652395620347715,1.2430811534035542,3.6038585008476045e+19,51.100601017030264,5.898332519969592,119.06123686273155,2.643969361411982e+20
B_baseline,0.8,4.048e+20,10.5,,126.37340205987658,840.9076453412398,308.89308059657384,159.93222506745036,170.2325008588093,2.661193770916416,37.84829400375285,3.722833407486075e+19,52.07315447443685,6.499775187563406,111.65957119680904,2.6333181214455683e+20
B_baseline,0.8,4.048e+20,11.0,,116.07109119057242,943.7077051893091,322.58606338334687,179.48376844995465,165.465396996765,2.479724774224941,76.36510185269786,3.828252151307042e+19,53.05776880703141,7.140053250505126,105.26757493922845,2.6243026347399237e+20
B_baseline,0.8,4.048e+20,11.5,,106.76244301211469,1051.400094441609,336.36512798551837,199.9657839618496,161.58454974271208,2.317463181324804,116.7149525216083,3.921068120554503e+19,54.05522010277854,7.82058628765558,99.70874335227796,2.6167899587159133e+20
B_baseline,0.8,4.048e+20,8.0,,165.98726249266358,407.72141753995817,241.29334456647163,77.54453640192463,183.3486229968403,4.009315576440043,-124.45657939506061,2.9746604701618786e+19,47.28428820835046,3.8529343204514883,132.21140046803836,2.7055231752172044e+20
B_baseline,0.8,4.048e+20,8.5,,160.80161215478554,482.86641678639546,254.75456478183096,91.83636380860455,183.04086174554695,3.660418505060913,-96.30148394996293,3.156488116857888e+19,48.235058153915865,4.312992919111413,130.49281067251965,2.687055150087757e+20
B_baseline,0.8,4.048e+20,9.0,,155.58262746455023,563.9731016379948,268.2244781341648,107.26204420053021,182.98923982233734,3.358875807751828,-65.91268261744432,3.3215256400593617e+19,49.18467807021593,4.806331103133057,128.99823064898834,2.6707119033563346e+20
B_baseline,0.8,4.048e+20,9.5,,150.39595185182122,650.8262904156363,281.72574014342945,123.78065217414985,183.1813069842933,3.0960472607105514,-33.37079900219455,3.4703863122257375e+19,50.138602508997955,5.334316649293281,127.70838782600207,2.656390376941047e+20
B_baseline,0.8,4.048e+20,12.0,,98.38453489150879,1163.7786451577385,350.2372625162089,221.33906052255026,158.44786845841634,2.1716675480404946,158.82059964548384,4.002220745702055e+19,55.06574521610837,8.54280392240276,94.83931931990523,2.610651201080017e+20
B_baseline,0.8,4.048e+20,12.5,,90.90484881576631,1280.6407603418354,364.20756173582913,243.56506620941363,155.9443017633886,2.040085761821483,202.60613480975815,4.072618091509902e+19,56.08918812626905,9.308145043665636,90.54696859345394,2.605763421912533e+20
B_baseline,0.8,4.048e+20,13.0,,84.31237565889234,1401.7874186108304,378.27954272464393,266.6059491455938,153.98504855685954,1.9208513153916664,247.99698929938555,4.133125628635551e+19,57.12511266089239,10.118057173802585,86.74187872216457,2.6020107887365895e+20
B_baseline,0.8,4.048e+20,13.5,,78.610073269167,1527.0231274965026,392.4554160893722,290.4245286185598,152.49609376275154,1.8124047287832354,294.91991660219935,4.1845597373063045e+19,58.172888083349605,10.973995939631413,83.34920973977054,2.599285167639422e+20
B_baseline,0.8,4.048e+20,14.0,,73.81656494146375,1656.1558762867705,406.7363179896989,314.98428611098086,151.4199673530083,1.713433329807192,343.3029747396334,4.227684501800658e+19,59.23175395958748,11.877424630747555,80.31078876267328,2.5974863263533328e+20
B_baseline,0.8,4.048e+20,14.5,,69.95860043529558,1788.997104200201,421.1225070008262,340.2493592478362,150.70825485563446,1.6228246089172538,393.075514342446,4.263210828875056e+19,60.300868955323764,12.829813825354483,77.57757207495624,2.5965218683061702e+20
B_baseline,0.8,4.048e+20,15.0,,67.06863123160372,1925.3616858469347,435.6135298241482,366.18453903122844,150.31921421510577,1.5396297281145965,444.1681732032634,4.291797178635537e+19,61.37934718396854,13.832641066370236,75.107225964767,2.5963069849985116e+20
B_baseline,0.8,4.048e+20,15.5,,65.18683207757329,2065.0679650182237,450.20836206267296,392.7552762668159,150.2198368973868,1.4630347031615822,496.5128889367405,4.314051242443616e+19,62.466285458104025,14.887390588842209,72.8661608504406,2.5967641053746355e+20
B_baseline,0.85,4.301e+20,3.0,,226.75907747794074,14.021187878298095,105.15691389164617,2.666689722573514,223.42227470050418,17.515956568858762,-271.9669613770855,5.731221856478552e+18,38.27909294477579,0.8163751853697377,184.32680657035866,3.16406171677195e+20
B_baseline,0.85,4.301e+20,3.5,,224.73114683434528,26.813201296085406,121.55462198129455,5.099602754502483,221.04048298220724,13.828320279781657,-267.17408943185296,8.342983491721619e+18,40.65223564499646,1.0183023734600523,179.36994496375073,3.133152251013085e+20
B_baseline,0.85,4.301e+20,4.0,,222.13412479356091,45.54540477080617,137.52588158853283,8.662280533359624,218.6049758497179,11.280537843876264,-260.15556548459557,1.1202156620317686e+19,42.66990963577474,1.2417287265434278,174.69333748739976,3.099712270817967e+20
B_baseline,0.85,4.301e+20,4.5,,218.90955593757067,70.9412511942439,153.09925604445905,13.492316564633246,216.1742193307456,9.434466858937705,-250.64032844778325,1.4189498183221807e+19,44.40903786373008,1.487743004899559,170.27743846211595,3.065181620004949e+20
B_baseline,0.8,4.048e+20,16.0,,64.35610328439003,2207.937757498126,464.90552267078584,419.9276820985685,150.3808796312993,1.392337456974873,550.0429000330369,4.330532501189009e+19,63.56078247824915,15.995553056473277,70.82454409657686,2.5978224554567084e+20
B_baseline,0.8,4.048e+20,14.63,,69.11212211417063,1824.1203505860972,424.88012034296474,346.92944947796974,150.5770731238668,1.6005157857058743,406.2353834522122,4.271285473516888e+19,60.58040893455153,13.085636914870815,76.91102727444446,2.596397148153883e+20
B_baseline,0.85,4.301e+20,2.0,,230.38532400881297,2.102968982483311,71.10094205236987,0.3999636707785008,228.61719023432155,32.79416347613391,-276.4324426986938,1.7765247745055852e+18,32.08196369028911,0.472883542249005,196.06234300178343,3.211728258740815e+20
B_baseline,0.85,4.301e+20,2.5,,228.43922894168767,6.186151734409962,88.32897040185127,1.1765441983674305,225.80901809497362,23.20321884539878,-274.90256843888767,3.4994497689791073e+18,35.459350392315216,0.6349031555976821,189.71476454706072,3.1908027037473794e+20
B_baseline,0.85,4.301e+20,9.0,,170.01834208877216,627.1630000637772,283.5736553541864,119.28013098212976,204.1864648284354,3.3317702308978965,-42.23688729925771,3.663875803396471e+19,55.05083672625276,4.918413300202739,144.2172148019799,2.8225029033035694e+20
B_baseline,0.85,4.301e+20,9.5,,163.7000769322457,723.312807994523,297.8043993412571,137.56686295247832,204.30562719317908,3.071373427963354,-6.211775229723499,3.826167064995086e+19,56.10740661431644,5.458820835645409,142.73939974321723,2.8069186481494222e+20
B_baseline,0.85,4.301e+20,10.0,,148.95846619841765,825.5449572383648,312.0913684882644,157.01039541716457,196.18014532571593,2.8426543185392084,32.09224963397095,3.9715522284961415e+19,57.175024916894714,6.0361521084758305,132.9689683003454,2.7934205728637387e+20
B_baseline,0.85,4.301e+20,10.5,,135.59813733925913,933.6265920428216,326.4506306032917,177.5664415406242,189.52850100124752,2.6404156149610603,72.58794162010078,4.101042859404242e+19,58.25630507893331,6.651844893043883,124.62035102927031,2.781861482621237e+20
B_baseline,0.85,4.301e+20,7.0,,194.74190940613687,308.06110573515315,226.74355027266773,58.590141699768765,206.6389183265441,4.856036354298524,-161.79699617715968,2.8308794681036694e+19,50.82173317352412,3.0977957581522144,152.71938939486773,2.9080999795206914e+20
B_baseline,0.85,4.301e+20,7.5,,188.7870492626007,377.55375273710405,240.99623010767306,71.8069482330698,205.5660304016473,4.379522683363831,-135.7597065545215,3.067497199718942e+19,51.8967384007905,3.504576927283916,150.1647150735729,2.883045996681628e+20
B_baseline,0.85,4.301e+20,8.0,,182.63239323155213,454.0504683715049,255.1964907197742,86.3558585795765,204.80366663581123,3.9759778772849614,-107.09815420211838,3.2851236783550853e+19,52.952702931900006,3.942690348122135,147.90827335578908,2.8604629584933562e+20
B_baseline,0.85,4.301e+20,8.5,,176.3521580503843,537.3305609408256,269.3791622601569,102.19489938533562,204.34730556371508,3.6304590711413423,-75.89502720126252,3.4837702113435935e+19,54.001256027695874,4.413505781765385,145.93254375425383,2.8403112422750503e+20
B_baseline,0.85,4.301e+20,5.0,,215.06993902713884,103.47609771829028,168.31920302705547,19.680119025041623,213.83121004513018,8.046294087051393,-238.45027297686573,1.7206119793266457e+19,45.93426349026759,1.7574792552748943,166.1394672995877,3.030731205577276e+20
B_baseline,0.85,4.301e+20,5.5,,210.66068420380049,143.4142608634918,183.23864629757588,27.2759582736275,211.6505272374739,6.970929124553893,-223.486365777035,2.0174892320721818e+19,47.299049428269335,2.0521153415796634,162.29936246762492,2.9972559373532555e+20
B_baseline,0.85,4.301e+20,6.0,,205.75607920856135,190.85437230847063,197.91334148775616,36.29859306934802,209.7017824893681,6.117331180655556,-205.71165183660233,2.3038916625858945e+19,48.54678017270875,2.372870179975908,158.78213213668346,2.965399746927253e+20
B_baseline,0.85,4.301e+20,6.5,,200.4237153502016,245.77291334563128,212.39795127404457,46.74355038920561,208.02179453964538,5.425862680006184,-185.1349430720456,2.5758673104727142e+19,49.712002320313644,2.72100024250845,155.5887919768233,2.9355941837268592e+20
B_baseline,0.85,4.301e+20,11.0,,123.43661441872388,1047.3281943208963,340.89488133450027,199.19134927789122,184.08214269961672,2.4605208506569523,115.18930560310072,4.215697106916513e+19,59.35277368847114,7.307349588099324,117.42201942304627,2.7720915621917645e+20
B_baseline,0.85,4.301e+20,11.5,,112.35881953271107,1166.42410649598,355.43394066353164,221.84220081447037,179.64029056471276,2.2996393790568614,159.8117929014745,4.316579609881659e+19,60.46514971916367,8.004128044148247,111.17101280140085,2.763963007743876e+20
B_baseline,0.85,4.301e+20,12.0,,102.28673301075389,1290.692667103075,370.07519853173875,245.47683835633381,176.03979302297523,2.1550608896466015,206.3723520844404,4.40473413933008e+19,61.59355950676056,8.743652595233424,105.70258092098125,2.757333109331267e+20
B_baseline,0.85,4.301e+20,12.5,,93.17741495102536,1419.916179536856,384.82401031106053,270.0538581861146,173.15328133100869,2.0245584807291057,254.78941726255178,4.481165400277651e+19,62.73770215011201,9.527405274745371,100.8881739061513,2.7520662221898036e+20
B_baseline,0.85,4.301e+20,15.0,,61.9894530715294,2133.001118453486,460.265699987427,405.67548271866843,166.45159548827803,1.5280388960398692,521.9658723426452,4.718848859063857e+19,68.66749263204264,14.162067722818108,83.6220351334173,2.742024134636288e+20
B_baseline,0.85,4.301e+20,15.5,,58.78672372706018,2287.590320332867,475.6958701693077,435.0768030241079,166.2544892283197,1.4520230386993866,579.8868754345682,4.742944884672211e+19,69.8883258563659,15.24278574436749,81.12337762758631,2.7425653142475745e+20
B_baseline,0.85,4.301e+20,16.0,,56.68674102069565,2445.712885534646,491.237427917938,465.1501336998342,166.3456099951098,1.38185513024453,639.131748146319,4.760778267900376e+19,71.1183055363067,16.378334821155494,78.8489696376476,2.743758366004276e+20
B_baseline,0.85,4.301e+20,14.63,,65.04269536729618,2020.9929509308581,448.92007686293954,384.3726493375398,166.8019938026932,1.58846026003344,479.99899924590216,4.696629512316698e+19,67.77059159000736,13.396732802392382,85.63466941029345,2.74208836613033e+20
B_baseline,0.85,4.301e+20,13.0,,85.01280828257887,1553.8807922342526,399.6840394748461,295.53258787503245,170.87906372036363,1.906286215954438,304.9828631948781,4.546827773799768e+19,63.896975257968776,10.356877167208527,96.62521129518633,2.7480349048688643e+20
B_baseline,0.85,4.301e+20,13.5,,77.7910903957258,1692.376363454597,414.6575519517094,321.87306056542974,169.13254359288499,1.7987015172687388,356.8739546252504,4.602618990447744e+19,65.07057018504968,11.233567871784759,92.82840553605054,2.745120470541933e+20
B_baseline,0.85,4.301e+20,14.0,,71.52841521103784,1835.1963670040093,429.7456683301996,349.0359970404925,167.8480165183286,1.7005056877429179,410.3853109593652,4.64937719400062e+19,66.25754411105844,12.158985062758031,89.43148734451212,2.7432131390594053e+20
B_baseline,0.85,4.301e+20,14.5,,66.25042629193933,1982.1377911249103,444.94857419408413,376.98278649404665,166.97022479360507,1.6105978489103845,465.44086838102163,4.6878806478342046e+19,67.45687318322271,13.134644102107455,86.37870750827493,2.7422118864792814e+20
B_baseline,0.9,4.554e+20,2.0,,257.9669391673681,2.355794519813439,75.2600878953655,0.44804855972331786,256.09674588450144,32.46429536069683,-276.33771480986724,1.9700862144423022e+18,35.946456789073565,0.48334083892424684,219.66694825650364,3.399545225434476e+20
B_baseline,0.9,4.554e+20,2.5,,255.54101666910594,6.9246277245785315,93.46904874458502,1.3169949469375908,252.78938296688608,22.97310882966446,-274.6258785434108,3.878351419793388e+18,39.70952519932566,0.6489436444144582,212.43091412314595,3.3763690062085895e+20
B_baseline,0.9,4.554e+20,3.0,,253.3516249420833,15.67978546904189,111.23619649579608,2.9821383983570766,249.92076123761262,17.34541712480447,-271.34552317173996,6.34677959245542e+18,42.83890641188478,0.8344175438116853,206.24743728191615,3.346793376104809e+20
B_baseline,0.9,4.554e+20,3.5,,250.7264752572789,29.95153691338475,128.52961346473535,5.696482805556645,247.03888204386107,13.696565671979815,-265.9982275683903,9.230688223486417e+18,45.46112977761729,1.0407831852029443,200.53696908104084,3.312665078205172e+20
B_baseline,0.9,4.554e+20,4.0,,247.4331711584144,50.81512825869308,145.3550576158463,9.664529243520835,244.0912171944016,11.175584921499278,-258.1811218189013,1.2381993065047146e+19,47.68077848746013,1.2691052957786972,195.14133341116278,3.275811769415796e+20
B_baseline,0.9,4.554e+20,4.5,,243.41954469118158,79.05175509597724,161.74550544233867,15.03485330170391,241.1532934708252,9.348854302111175,-247.6015099801397,1.5668258841711096e+19,49.58635354789333,1.5204962477543185,190.04644367517753,3.2378309899915834e+20
B_baseline,0.9,4.554e+20,5.0,,238.7096642526948,115.16523100673729,177.7511163393127,21.90327528517136,238.3246884828956,7.975103829408453,-234.07062474069514,1.8980372303553696e+19,51.25216721273904,1.7961164275837829,185.2764048425728,3.200013251266809e+20
B_baseline,0.9,4.554e+20,5.5,,233.36105780649203,159.42634159179298,193.4309340303325,30.321295907343103,235.69259551936003,6.910775458878879,-217.48700899081072,2.2233871007514427e+19,52.739498576993064,2.097172483185632,180.85592445918132,3.16333711483806e+20
B_baseline,0.9,4.554e+20,8.0,,199.9496804791654,502.31817986240867,268.9997736030248,95.53589462803149,227.30025181797473,3.9451272007908003,-89.0133576411913,3.6061479730422088e+19,58.9043608041837,4.029026638231085,164.36686437555994,3.0142024186025666e+20
B_baseline,0.9,4.554e+20,8.5,,192.50202765338733,594.0222863385084,283.8952065276695,112.97709863872089,226.67940266747806,3.602743683214307,-54.65394721556128,3.821928148968513e+19,60.05377924160555,4.510180848447298,162.1154425774252,2.992338809644862e+20
B_baseline,0.9,4.554e+20,9.0,,184.98106018032624,692.8842979943846,298.8059064722072,131.779664635552,226.39699168870507,3.306701661513734,-17.612635059349863,4.017362359352131e+19,61.206852537818676,5.026208514051707,160.1639306368347,2.973043655871813e+20
B_baseline,0.9,4.554e+20,9.5,,177.4590364215976,798.6493452129897,313.7580694960939,151.89511896605848,226.43402378177197,3.0485587668851744,22.015085069162442,4.193299298464545e+19,62.37003935440637,5.578556364666655,158.48542806269893,2.956180344231294e+20
B_baseline,0.9,4.554e+20,6.0,,227.4603741599565,211.92536797769012,208.84667327714854,40.306085735676874,233.3362800781212,6.065802571583521,-197.81683647777137,2.536700314494143e+19,54.097863697083824,2.424914233547181,176.8135021474902,3.128499923765608e+20
B_baseline,0.9,4.554e+20,6.5,,221.08426556722162,272.6215135165022,224.05845702654878,51.849885655703545,231.2968377320587,5.3811938917648465,-175.0753927631942,2.833736320217313e+19,55.366491373074034,2.780630851522024,173.14971550746262,3.0959630244244036e+20
B_baseline,0.9,4.554e+20,7.0,,214.31928356805386,341.3841095628837,239.12215895827003,64.92784379776484,229.6048547268379,4.816905960314623,-149.31163637017832,3.1118169962768335e+19,56.575886538871785,3.1656467739509933,169.86332141401516,3.0659995202469285e+20
B_baseline,0.9,4.554e+20,7.5,,207.24831301713465,418.02433289989006,254.08796212747868,79.50404787423008,228.27307909620257,4.34492275430952,-120.59631499648991,3.3694748987055084e+19,57.7493498591197,3.5813176655755328,166.94241157150734,3.0387384137694314e+20
B_baseline,0.9,4.554e+20,10.0,,160.47799373558206,911.0638277134082,328.77304182380476,173.27522939281306,217.24034944822682,2.8217743794243524,64.13419500262381,4.350774637712271e+19,63.54766916336327,6.168687487933882,147.52399279692966,2.941593343890036e+20
B_baseline,0.9,4.554e+20,10.5,,145.02834116460568,1029.8774583985557,343.86793745515257,195.8723938128213,209.71395387332305,2.6212087419255647,108.65091794713183,4.490926678944827e+19,64.74246358393451,6.798079543578676,138.17341074580986,2.9291182197964685e+20
B_baseline,0.9,4.554e+20,11.0,,130.89512963590968,1154.8442184172907,359.0562313511634,219.63982190078448,203.54767023553364,2.442770749773222,155.47307632194764,4.61493586117548e+19,65.95594335399294,7.468223293772326,130.12350358776837,2.9185887212556046e+20
B_baseline,0.9,4.554e+20,11.5,,117.94069210908467,1285.722653079773,374.3483039219971,244.53159138924198,198.51209607654496,2.283165869766906,204.51020263214443,4.723982608162196e+19,67.18874252281881,8.180621393134258,123.14273216059188,2.9098416332721485e+20
B_baseline,0.9,4.554e+20,16.0,,48.08126070736688,2691.8974054333066,517.3606379031146,511.9719675393605,183.01327746265636,1.372163975799489,731.3714011420035,5.203247499685395e+19,79.05037254116397,16.74646771864567,87.21643720284673,2.888435988678066e+20
B_baseline,0.9,4.554e+20,14.63,,60.32223150623611,2224.8752967774462,472.7664603437932,423.14903269410246,183.74297267837045,1.5773167689415215,556.3890047611831,5.134164071851826e+19,75.31504725041559,13.695900943771196,94.73202448418367,2.8865032129389435e+20
B_baseline,0.95,4.807e+20,2.0,,287.091080581049,2.622772792734463,79.41692359695082,0.4988251574501674,285.1201307260334,32.155529631689895,-276.23768421792846,2.1724919762974313e+18,40.02847239824175,0.4934420222539716,244.59821630553762,3.58725213710293e+20
B_baseline,0.95,4.807e+20,2.5,,284.1301584831896,7.703624685512205,98.60366168446788,1.465152378937566,281.26257472442563,22.75782751376531,-274.33400637618115,4.274220035057487e+18,44.19563720887878,0.6625038719032803,236.40443364364359,3.561726670034442e+20
B_baseline,0.9,4.554e+20,12.0,,106.07026375980439,1422.2758434477494,389.7519307774846,270.5026426653274,194.421388803242,2.139712783434129,255.67352882414323,4.819218605891878e+19,68.44085024033843,8.936787409259924,117.04375115364365,2.902719994147414e+20
B_baseline,0.9,4.554e+20,12.5,,95.22923505232319,1564.2712060087363,405.27271136983353,297.5087406708015,191.1306295186783,2.010208055409121,308.87591122825756,4.901748247830611e+19,69.711794730463,9.73824501841727,111.68058976979802,2.8970750863331e+20
B_baseline,0.9,4.554e+20,13.0,,85.39154426859773,1711.4802666658904,420.91444158345433,325.50643191718564,188.52429235730943,1.892824880789955,364.03174587791796,4.9726172486327615e+19,71.00078318964054,10.586527354934757,106.93698181273413,2.892767566563764e+20
B_baseline,0.9,4.554e+20,13.5,,76.5498328018623,1863.6784130858518,436.6794297987244,354.4529973847981,186.5064515797322,1.786036391568666,421.0568757201295,5.032806696029025e+19,72.30680638982525,11.483176461746597,102.71646872816032,2.8896679532003675e+20
B_baseline,0.95,4.807e+20,3.0,,281.36897838402854,17.427065926386103,117.30521570415551,3.314453668539372,277.8577932062271,17.185968719549447,-270.6908575447626,6.989189939602481e+18,47.647519205469926,0.8518393725998693,229.35843462815726,3.529198127181969e+20
B_baseline,0.95,4.807e+20,3.5,,278.07635925217437,33.25266216092205,135.4880206972648,6.324323816385764,274.4188555538678,13.57346843529793,-264.7613721907513,1.0155949745244092e+19,50.52740688211871,1.0624861174362334,222.82896255431288,3.491724673608851e+20
B_baseline,0.95,4.807e+20,4.0,,274.01092199335164,56.3492614747707,153.1600859626809,10.717066039886637,270.90188441077555,11.07760292739656,-256.10760993564804,1.3610099167211086e+19,52.95452358418445,1.2955286398330026,216.6518321867581,3.451333340169006e+20
B_baseline,0.95,4.807e+20,4.5,,269.12924390434097,87.5552904118573,170.35914301292567,16.65214068343114,267.4019109772311,9.268989233468677,-244.41543172023853,1.720543272894447e+19,55.02996895792455,1.5521020325070012,210.8198399867996,3.409786074374804e+20
B_baseline,0.9,4.554e+20,14.0,,68.71720824890588,2020.6447311778056,452.56876805364936,384.3064214227068,185.0025908167803,1.6885568759352996,479.86852934795314,5.083230537056383e+19,73.62871774296252,12.429742846632156,98.94413022718562,2.8876567097579287e+20
B_baseline,0.9,4.554e+20,14.5,,61.917749486693936,2182.1618787151274,468.58255928886007,415.02536771283,183.9501467424064,1.59929625123017,540.3852736494554,5.124735701090122e+19,74.96529166130101,13.427785101379747,95.55706997972561,2.8866240270281582e+20
B_baseline,0.9,4.554e+20,15.0,,56.183293514758645,2348.0160192318363,484.7201082747322,446.5691666977029,183.29533273816864,1.51732444383711,602.5269890402366,5.158103875043357e+19,76.31526659525538,14.478869576838527,92.50119656607474,2.8864694215485335e+20
B_baseline,0.9,4.554e+20,15.5,,51.555838678567625,2517.996805768481,500.9800810979959,478.8978124891073,182.9955778140963,1.4418432597137871,666.2148633733902,5.1840543492017095e+19,77.67737635255297,15.584570099378888,89.73363136216443,2.887101221018709e+20
B_baseline,0.95,4.807e+20,5.0,,263.4690132616658,127.40122057353915,187.14138517707318,24.230438140881407,264.0368530013064,7.908741973462215,-229.4860820888452,2.0822266142450954e+19,56.83853914667551,1.833392127434354,205.3649217271965,3.368496849503135e+20
B_baseline,0.95,4.807e+20,5.5,,257.1013251361292,176.1619576354976,203.57225953096696,33.50424272269528,260.90754258198604,6.854740597508125,-211.2165602348298,2.4368644436774773e+19,58.44994118718364,2.1406334388294583,200.3169679559729,3.328529493636962e+20
B_baseline,0.95,4.807e+20,6.0,,250.12613644642394,233.91706184298718,219.71966038170885,44.48868599191773,258.1033954906404,6.017832737581969,-189.57705677205578,2.7777935070002823e+19,59.920258078056776,2.4751057334477933,195.70803167913587,3.290634838494565e+20
B_baseline,0.95,4.807e+20,6.5,,242.62957856534462,300.60637514715614,235.64932972178062,57.17232648923762,255.6697909949336,5.339633841317436,-164.59011153183835,3.100489998702919e+19,61.29369523257167,2.83812988521675,191.53796587714518,3.2553031758052465e+20
B_baseline,0.95,4.807e+20,9.0,,200.4685621789417,761.0519591798507,313.9259720684884,144.74447211641578,249.60361909234777,3.2834211087048497,7.92821298366707,4.381533800845143e+19,67.64826213244152,5.130099049322269,176.82525791058399,3.122384850325011e+20
B_baseline,0.95,4.807e+20,9.5,,191.67334324051916,876.7369202683453,329.5919504145847,166.74659486583658,249.54941865835931,3.0273755658162256,51.27269569937359,4.571310767200738e+19,68.92196581867556,5.693948786719965,174.9335040529638,3.1042281573715234e+20
B_baseline,0.95,4.807e+20,10.0,,172.32611434347118,999.6524590535611,345.3276063525069,190.12390118739674,239.22393212619386,2.8023905070361783,97.32630885910008,4.741035331798771e+19,70.21393797443315,6.296410501562215,162.7135836501985,3.088542055640929e+20
B_baseline,0.95,4.807e+20,10.5,,154.67076922117545,1129.5310457016362,361.15108281637976,214.82550958199417,230.7723602441017,2.6033800556362126,145.98881521376387,4.891978605506575e+19,71.52698152472863,6.939000445820767,152.3063782735523,3.075144127602812e+20
B_baseline,0.95,4.807e+20,7.0,,234.70656166466614,376.0756763827882,251.42204634607867,71.52583289124247,253.63933003775196,4.7805171394658,-136.3135076224332,3.402144088917308e+19,62.60443342365214,3.231063492053742,187.8038331220461,3.2228186525256824e+20
B_baseline,0.95,4.807e+20,7.5,,226.4463527054171,460.1112955893155,267.09214924933497,87.5085673081319,252.0242559608284,4.312760945401196,-104.82730224250781,3.681263341778955e+19,63.878419971983696,3.6552965898302934,184.4905393990144,3.193308907393609e+20
B_baseline,0.95,4.807e+20,8.0,,217.93207985050833,552.464794872575,282.7069870622733,105.07327933681502,250.82106154950282,3.9164610076381856,-70.22457933234412,3.937332134272634e+19,65.13498766050078,4.112247668766881,181.57382622023516,3.166787156307791e+20
B_baseline,0.95,4.807e+20,8.5,,209.24647143196037,652.8696492500069,298.3069680657015,124.1692785908588,250.0198654662794,3.5769986690825117,-32.60519964645286,4.170534074261976e+19,66.38824973794682,4.603360103623329,179.0282556247093,3.143186182341096e+20
B_baseline,1.0,5.06e+20,2.0,,317.7552766528802,2.903875612304184,83.5714756498464,0.5522881027041326,315.68493403483876,31.86551388602999,-276.132361484623,2.383640633314994e+18,44.327693780871485,0.503216983674939,270.8540232702924,3.774850255858107e+20
B_baseline,1.0,5.06e+20,2.5,,314.2021429760597,8.522985525814157,103.73288122889298,1.6209866171545944,311.22416827690364,22.55571945365041,-274.0270107957164,4.686832072808827e+18,48.917036389981185,0.6756241368706271,261.6315077500518,3.746878444066085e+20
B_baseline,1.0,5.06e+20,3.0,,310.8043645516982,19.262474752296626,123.36412876729528,3.663530073139295,307.2266733902344,17.036370630106543,-270.0031722537586,7.65804147576284e+18,52.70385787560918,0.8686927271102052,253.654122787515,3.7112809787267455e+20
B_baseline,1.0,5.06e+20,3.5,,306.7718739231608,36.71512139497404,142.43013800249253,6.982848938110112,303.17146168989535,13.458057558640034,-263.46406869501516,1.1118101530056126e+19,55.849527645366884,1.083476420748146,246.23845762378033,3.6703390808081583e+20
B_baseline,0.95,4.807e+20,13.0,,85.47383273141827,1874.3692368700085,441.97878214629543,356.48628516030686,206.9064055554744,1.8803310007460454,425.0624804449698,5.409936318119681e+19,78.43168418325634,10.807828208178037,117.66689316404005,3.036268364266784e+20
B_baseline,0.95,4.807e+20,13.5,,74.91553345739635,2040.693371855243,458.5294283947095,388.1194723931486,204.60389759622095,1.7742810898116304,487.3802919067168,5.474559098568623e+19,79.87670880342101,11.723713270699234,113.0034755221007,3.0329874761555024e+20
B_baseline,0.95,4.807e+20,14.0,,65.41622853243354,2212.245231022946,475.2143287013211,420.74692048825403,202.8701611045726,1.6774659062229784,551.6568108645587,5.528675738157954e+19,81.34035221933372,12.69066469605638,108.83914418918248,3.0308770598109204e+20
B_baseline,0.95,4.807e+20,14.5,,56.99796801139365,2388.7932707100103,492.0334930562615,454.3245921563368,201.63486389030106,1.5888054287293356,617.8052832563509,5.5732030978700755e+19,82.82116738954181,13.710282878597186,105.10341362216205,3.029818369577187e+20
B_baseline,0.95,4.807e+20,11.0,,138.45684146945985,1266.110380386977,377.07661410551555,240.80153324579913,223.84589392919477,2.4262955729056728,197.16193707757222,5.02544852059633e+19,72.86258206134472,7.623248422204395,143.36006344564564,3.063851055583984e+20
B_baseline,0.95,4.807e+20,11.5,,123.52186420308578,1409.1334741054197,393.1151237236189,268.00309544010975,218.1843223337096,2.2678763031299067,250.7493866068478,5.14274540528955e+19,74.22125999539665,8.350696555649431,135.61236578266352,3.0544837134102004e+20
B_baseline,0.95,4.807e+20,12.0,,109.75265024568768,1558.3484020509457,409.2747551735269,296.3822825860693,213.57745892009038,2.1254680322680004,306.6567733959805,5.245132346696744e+19,75.60283897648698,9.12289828973756,128.85172165386587,3.046870466983375e+20
B_baseline,0.95,4.807e+20,12.5,,97.08165169774298,1713.5079531233634,425.5613371913271,325.89207760453246,209.86159081913357,1.9968892444152866,364.7914731560523,5.333816163940785e+19,77.0066499390372,9.94141757711863,122.91352330297774,3.0408491951843764e+20
B_baseline,0.95,4.807e+20,15.0,,49.69172023993383,2570.1094347969574,508.9860918697769,488.80911340403327,200.83762401456232,1.5073779948618147,685.7402617219876,5.6089860549262385e+19,84.31767801756396,14.784176350073606,101.73576964692477,3.02970289581248e+20
B_baseline,0.95,4.807e+20,15.5,,43.53996666129592,2755.9691162296244,526.0706249120868,524.1577662157122,200.43063853433293,1.4323924822441119,755.3775911864668,5.636800979978897e+19,85.82841178923611,15.91396149331555,98.68826525178126,3.030431762277024e+20
B_baseline,0.95,4.807e+20,16.0,,38.58972001957284,2946.1512073826784,543.2850636095051,560.3284981321116,200.37174120665807,1.3631661425637023,826.6344277299362,5.65735970154044e+19,87.35192445279569,17.101262299800773,95.91855445406163,3.031915079841716e+20
B_baseline,0.95,4.807e+20,14.63,,54.989207573293186,2435.4859152808494,496.4283823852041,463.2050662272647,201.38694686028177,1.5669725418907052,635.2999386247628,5.583315336960191e+19,83.20881002317103,13.984208725880736,104.19392811123001,3.0297017681402646e+20
B_baseline,1.0,5.06e+20,4.0,,301.85666562266965,62.14469015977671,160.94145683424878,11.81929862148793,299.0260210721315,10.985807586036602,-253.93619667584497,1.4885495038174265e+19,58.489141395940564,1.3210787315982286,239.21580094459276,3.62628871518752e+20
B_baseline,1.0,5.06e+20,4.5,,296.02667209638514,96.4461084137606,178.94091425768568,18.343085359213124,294.90743659262364,9.19422280197347,-241.0842475837179,1.879968452730093e+19,60.737449558425,1.5826566685096102,232.587330365689,3.5810627444190524e+20
B_baseline,1.0,5.06e+20,5.0,,289.33531310850043,140.1745571314281,196.49106476561457,26.659799020826306,290.95375330551235,7.846661443098331,-224.70020793160018,2.273008735292956e+19,62.69056456844171,1.8694207007491146,226.39376803632152,3.536202232068398e+20
B_baseline,1.0,5.06e+20,5.5,,281.8686968197202,193.6066381915088,213.6640334905209,36.82204651764305,287.2804452962321,6.802356132079106,-204.68044138475184,2.657711452606491e+19,64.42723939951135,2.1826323766866547,220.67057352003408,3.4928576766822115e+20
B_baseline,1.0,5.06e+20,8.0,,236.57297608836558,604.433908387314,296.3216589947364,114.95728503618322,275.34967567302743,3.8897267228709462,-50.75295293168283,4.278303067638106e+19,71.64053439319136,4.192616571871018,199.51652470796503,3.3182595757557966e+20
B_baseline,1.0,5.06e+20,8.5,,226.58105637044153,713.8049037669489,312.61841156555016,135.758554647436,274.35233336928894,3.552995613912654,-9.774167320942947,4.529190768566709e+19,73.00052845372048,4.693339084745443,196.65846583082305,3.292898229802582e+20
B_baseline,1.0,5.06e+20,9.0,,216.47880748125286,831.5860687274424,328.9382453758107,158.15935441127223,273.79009306890447,3.26172081640067,34.35571456543842,4.7559717032100766e+19,74.37085282156852,5.230415274063431,194.18882497327252,3.2705734618695166e+20
B_baseline,1.0,5.06e+20,9.5,,206.34353112133547,957.482686440112,345.3108545255972,182.1036321340449,273.6356968853025,3.007633866573383,81.52626913941091,4.959764407345073e+19,75.75891243689965,5.80536583102669,192.07141861737614,3.251110854266423e+20
B_baseline,1.0,5.06e+20,6.0,,273.74099220208706,256.8088103843507,230.53410435047041,48.84246764699965,283.98752695528776,5.973015472506162,-181.0000473695595,3.026923910846583e+19,66.01055799566399,2.523600541850579,215.45336841777322,3.451833308350062e+20
B_baseline,1.0,5.06e+20,6.5,,265.04816805990447,329.6995063276375,247.1727866689877,62.70554910845337,281.1246132353539,5.300826432867377,-153.68958730005411,3.375845433489205e+19,67.48999113406265,2.89367685865052,210.74094524264072,3.413647394184048e+20
B_baseline,1.0,5.06e+20,7.0,,255.89355267842865,412.09935443163334,263.6458612264536,78.37717621935234,278.7260501877853,4.746554797858761,-122.81626756760959,3.701544808806804e+19,68.903576350973,3.2942511290628924,206.52822270774936,3.378593729612814e+20
B_baseline,1.0,5.06e+20,7.5,,246.37261906085698,503.7686934822648,280.01187949120066,95.81176781339192,276.80315362265594,4.28275616052835,-88.46988369321065,4.002516469321417e+19,70.28001160329977,3.7267467583888845,202.7963952609673,3.346797051759914e+20
B_baseline,1.0,5.06e+20,10.0,,184.50616983308444,1091.204360865012,361.760282802293,207.53615739291658,262.1150131788945,2.784328187305812,131.62869171265805,5.14188093633203e+19,77.16950645909365,6.419728873851429,178.52577784594942,3.234316983786502e+20
B_baseline,1.0,5.06e+20,10.5,,164.53181306088456,1232.4665299795943,378.30568170563663,234.402809336819,252.6881856699362,2.586768540623246,184.55636346842255,5.3037312238195696e+19,78.6054890246612,7.075058050837888,167.0076385944371,3.21999071955465e+20
B_baseline,1.0,5.06e+20,11.0,,146.13136849423682,1380.9908870904108,394.9620265929081,262.6506568157252,244.96168276032296,2.410946164840493,240.20500931726892,5.4467554734185865e+19,80.06828011039887,7.7729209973396225,157.1204816525845,3.2079310967936536e+20
B_baseline,1.0,5.06e+20,11.5,,129.1153167983262,1536.5051871516348,411.74076503303104,292.2279215443694,238.64226340437716,2.253632008105258,298.4726253291078,5.572377944168281e+19,81.55825585928483,8.51489807704446,148.56910946804788,3.197942592222523e+20
B_baseline,1.0,5.06e+20,14.0,,61.65661548448264,2409.7601172245095,497.6903570116789,458.3122766949294,221.43802225082132,1.6671319690681488,625.6610763326471,5.985190022387885e+19,89.3878402589112,12.94258589309769,119.10759609881242,3.172929354582678e+20
B_baseline,1.0,5.06e+20,14.5,,51.52605362916506,2601.775395425001,515.3096728732412,494.83166245588086,220.0120178938538,1.5790300767848426,697.6047657180476,6.032756472192962e+19,91.01986210302462,13.983041278052722,115.00911451277646,3.171850114649641e+20
B_baseline,1.0,5.06e+20,15.0,,42.55359120201672,2799.0054967792203,533.0722270265617,532.3428554324398,219.06643974436636,1.4981092563989933,771.5023288820743,6.0709661819217084e+19,92.67005758080144,15.078964188206633,111.31741797535827,3.171779713750522e+20
B_baseline,1.0,5.06e+20,15.5,,34.781899546896284,3001.2116525252463,550.976346572567,570.8004441937765,218.5479547706679,1.4235849895376291,847.2643046849494,6.1006532965732024e+19,94.33673199116575,16.232012236361303,107.97921054314084,3.172611988209833e+20
B_baseline,1.0,5.06e+20,12.0,,113.3503440633744,1698.742793451842,428.6503921209429,323.0838918866058,233.49372609463472,2.11219727607111,359.2593088872036,5.681976301384336e+19,83.07504548512122,9.302581367698783,141.1160992418147,3.1898385158873186e+20
B_baseline,1.0,5.06e+20,12.5,,98.75467885566366,1867.4421153999265,445.6969484526725,355.16881592791196,229.33230571096377,1.9844810043219268,422.4670480395435,5.776862559567357e+19,84.61775457267005,10.137573829923422,134.57697730837032,3.1834430119360725e+20
B_baseline,1.0,5.06e+20,13.0,,85.28332813534229,2042.3461058202943,462.8844499628084,388.4338058659617,226.01194718899183,1.8686909867314927,487.9995331469592,5.858271980516979e+19,86.18513327642553,11.021488640887867,128.8053252716784,3.1785921089573736e+20
B_baseline,1.0,5.06e+20,13.5,,72.9155572287354,2223.2018267542057,480.21525210596695,422.83075543038234,223.4118109885362,1.7633287341860193,555.7619941989188,5.927357818675165e+19,87.77570128755713,11.955948644078392,123.68016105690066,3.1751340818356784e+20
B_baseline,1.0,5.06e+20,16.0,,28.258892309052726,3208.158501846214,569.0198064020469,610.1596654661314,218.40958153252637,1.3547801084929647,924.8025088651877,6.1225817985150345e+19,96.01822976439416,17.44385100454156,104.94750076359065,3.1742505144216034e+20
B_baseline,1.0,5.06e+20,14.63,,49.07960078792678,2652.5632625175904,519.9142139884984,504.49100689822046,219.7216452237653,1.5573336222276932,716.633806369912,6.043556132650356e+19,91.44723357920653,14.262578426977447,114.01183321758131,3.171739227978496e+20
B_baseline,1.05,5.313e+20,2.0,,349.95708812372027,3.1990751403855677,87.72376907337906,0.608432100949931,347.7887714074362,31.592259454264155,-276.02175704025774,2.6034363995922504e+18,48.84380810748817,0.5126917546214533,298.43227154532656,3.962340773619526e+20
B_baseline,1.05,5.313e+20,2.5,,345.7525314052883,9.382555557886421,108.85677555775912,1.7844682415544182,342.66980089406127,22.36538532467997,-273.70494975988663,5.115975873275918e+18,53.87308251032875,0.6883395350027138,288.1083788487298,3.9318269310322514e+20
B_baseline,1.05,5.313e+20,3.0,,341.65114409751175,21.185467929550917,129.41308482352105,4.029264145521288,338.0208233761394,16.89557424748601,-269.2826711294148,8.352944003285113e+18,58.006868838017425,0.8850229430496183,279.1289315950724,3.893046681071715e+20
B_baseline,1.05,5.313e+20,3.5,,336.8043072284812,40.33749238555341,149.35624460289117,7.671787676808402,333.28795270586033,13.349512541099992,-262.10684995790604,1.2116511249104898e+19,61.42598715565469,1.1038109245558385,270.7581546256498,3.848515930687439e+20
B_baseline,1.05,5.313e+20,4.0,,330.9599916204246,68.19838480025358,168.6996349122869,12.970650805160226,328.45295331843846,10.899536341920374,-251.6680171282062,1.620725180908428e+19,64.282681201315,1.3458252247440483,262.8244468923794,3.8006890157264365e+20
B_baseline,1.05,5.313e+20,4.5,,324.1002360544031,105.71864129892548,187.49152475805158,20.106628388642633,323.65761183467697,9.124007005573292,-237.61004369766226,2.0449750422604513e+19,66.70643467550451,1.612244039671788,255.33893311950064,3.7516760215159996e+20
B_baseline,1.05,5.313e+20,7.0,,277.870586623774,449.4204906767064,275.7960832543509,85.47528312180278,304.84947141246687,4.714753234614889,-108.8328998966152,4.0097233925278245e+19,75.46969477753629,3.355388416579127,226.02438821835148,3.533358783469638e+20
B_baseline,1.05,5.313e+20,7.5,,267.01902781687477,548.9529676178439,292.8500375489196,104.40536491123771,302.5941571948707,4.254671443155048,-71.540379885078,4.332911007066158e+19,76.95038013440637,3.795871144045102,221.84790591641925,3.4992398154185225e+20
B_baseline,1.05,5.313e+20,8.0,,255.86613781589017,658.1721845880187,309.847079434522,125.17776778679526,300.87050064608405,3.8647114913261476,-30.61846213843697,4.628712834053875e+19,78.41715842161649,4.270362505361914,218.18297971910567,3.4686592220581895e+20
B_baseline,1.05,5.313e+20,8.5,,244.50162758454823,776.7641307173458,326.8332277169237,147.73277002113198,299.66129681804165,3.5305420790287103,13.815200723691524,4.8975284651844805e+19,79.8866947321284,4.780375160535828,214.99422692537746,3.4415167205211616e+20
B_baseline,1.05,5.313e+20,9.0,,233.0099074835052,904.4113816609785,343.8468106756644,172.01000067810148,298.9410302507717,3.2414257903886026,61.64167713147081,5.140287067228936e+19,81.37064113612095,5.327444882046423,212.24294423260432,3.417653162210286e+20
B_baseline,1.05,5.313e+20,9.5,,221.4701403165259,1040.799381156633,360.91925032325986,197.94963430218,298.6776276262101,2.9891737004286605,112.7431101193506,5.358254391125415e+19,82.87684422671664,5.913127718163291,209.88765568133016,3.3968737163533156e+20
B_baseline,1.05,5.313e+20,10.0,,197.02134221747235,1185.6195905556287,378.07591161785683,225.492989927775,285.89859913225195,2.767440493708677,167.00389738259722,5.5528911011509666e+19,84.41029583477903,6.538997638592083,194.94930565888083,3.378964741864967e+20
B_baseline,1.05,5.313e+20,10.5,,174.6175186060866,1338.5706797237717,395.33693559054905,254.5827575766641,275.4467789690561,2.571238656387043,224.31113748034588,5.7257515441574715e+19,85.973869638039,7.206644591128218,182.26626473988887,3.3637057151509633e+20
B_baseline,1.05,5.313e+20,5.0,,316.2963542473344,153.4760698378164,205.8011518101148,29.189613722454297,319.0619087131738,7.78840032909006,-219.71643837184064,2.4702217029641994e+19,68.80552489297357,1.9043017420224462,248.3520820781778,3.703148508741758e+20
B_baseline,1.05,5.313e+20,5.5,,307.650901653109,211.74648353225064,223.70758531900867,40.27206370299874,314.79693608584756,6.753226699580576,-197.88386034743002,2.8857304080009605e+19,70.66837368316745,2.22328615605737,241.90527624662275,3.656344849337251e+20
B_baseline,1.05,5.313e+20,6.0,,298.2931152411886,280.5808593095484,241.29169911644277,53.363673632083,310.9737046352428,5.931008025465619,-172.0932097472781,3.2838589710561358e+19,72.36549771970692,2.5705344119251117,236.0376725036108,3.612122429162569e+20
B_baseline,1.05,5.313e+20,6.5,,288.3290969784477,359.87421402520704,258.6309083003301,68.44447676545411,307.64596074428607,5.264471292394217,-142.38382133062697,3.659537176650919e+19,73.9519156515988,2.947428123654295,230.746616969033,3.5710264137899396e+20
B_baseline,1.05,5.313e+20,11.0,,153.92778172679215,1499.358625173222,412.71801848673215,285.16301692169503,266.8807775127045,2.396596991073568,284.55466660334423,5.878412882608989e+19,87.56888724781162,7.917672923533811,171.3942173413591,3.3508774581148405e+20
B_baseline,1.05,5.313e+20,11.5,,134.7332680482615,1667.696244267713,430.23111418886805,317.1791486972763,259.87207114094065,2.2403162878840863,347.6268840514083,6.0124270185074475e+19,89.19554905801039,8.673700106670745,162.0028219762595,3.340267602462052e+20
B_baseline,1.05,5.313e+20,12.0,,116.87880934589958,1843.3024734720639,447.88505061721565,350.5776974296518,254.15675107299836,2.0997916717813423,413.42248181018573,6.129289386682139e+19,90.85325910118317,9.476355695628422,153.82713627618676,3.331674020569003e+20
B_baseline,1.05,5.313e+20,12.5,,100.26710831261704,2025.901641935416,465.6860657731895,385.3062332796967,249.5297340878464,1.9728814971800326,481.8381723795737,6.230419593705081e+19,92.54086971495043,10.327280499352058,146.6615838735439,3.3249068339942674e+20
B_baseline,1.1,5.5660000000000007e+20,4.0,,361.3107730015915,74.50739609063486,176.43506178557095,14.17056166247784,359.172275984643,10.818224721218408,-249.30417632940137,1.7574486772430025e+19,70.3332422728821,1.369829208092928,287.469204503668,3.974544810355668e+20
B_baseline,1.1,5.5660000000000007e+20,4.5,,353.33870640438374,115.36749185820702,196.01164394300773,21.94174327651239,353.6405350234403,9.05787509080926,-233.99484227166803,2.21544313557518e+19,72.93463331265775,1.6409377166007986,279.06496399418177,3.921640157394084e+20
B_baseline,1.1,5.5660000000000007e+20,5.0,,344.34035940424116,167.29690565222293,215.07259001694288,31.818198485996273,348.3482813807791,7.73356532229358,-214.5380904393389,2.6737122350925767e+19,75.18079187527952,1.938122601508624,271.229366903991,3.869353773158833e+20
B_baseline,1.1,5.5660000000000007e+20,5.5,,334.436150096164,230.5681286122212,233.70417112237516,43.85175238075834,343.4431697943199,6.707015756188046,-190.83182469669507,3.1207344926383202e+19,77.17043540637943,2.2626972693792013,264.0100371185613,3.81901291851759e+20
B_baseline,1.05,5.313e+20,13.0,,84.84222209097533,2215.222798911887,483.6382646533876,421.3132241250517,245.82825905307226,1.8578092819427603,552.7724367737753,6.317150751981807e+19,94.25686358256146,11.228125901846232,140.34326956866457,3.319789389378179e+20
B_baseline,1.05,5.313e+20,13.5,,70.57555971830175,2410.99919269375,501.74400831694214,458.54793645842426,242.91789693092974,1.7530894211683095,626.125329289597,6.390724644192229e+19,95.99948924535315,12.180553316789098,134.7378543687875,3.31615854764214e+20
B_baseline,1.05,5.313e+20,14.0,,57.46754629641549,2612.967834201327,520.0042379238995,496.96035238675034,240.6942239330791,1.6574702678573578,701.7983139936609,6.4522912132662e+19,97.76685976566453,13.186233722135551,129.74113044527903,3.313864475323021e+20
B_baseline,1.05,5.313e+20,14.5,,45.534761186941296,2820.8692460022066,538.4187491497228,536.5011218971596,239.06998249363468,1.5698900334486774,779.6941706857064,6.50291050013678e+19,99.55702561866583,14.246847285707098,125.26610958926175,3.312770158647291e+20
B_baseline,1.1,5.5660000000000007e+20,8.0,,275.8056790191517,713.6291060541936,323.2863245754077,135.72511968044705,327.36870644744954,3.841234407610062,-9.840034663165223,4.988236109218628e+19,85.4612072416504,4.345686425179136,237.56181278062002,3.618023070037198e+20
B_baseline,1.1,5.5660000000000007e+20,8.5,,263.0042775377258,841.6869214966292,340.954862144464,160.0804355994439,325.93203200445754,3.509474552521244,38.140270778695914,5.275201950253449e+19,87.04302878345669,4.864694018770198,234.02430920223063,3.589080649523813e+20
B_baseline,1.1,5.5660000000000007e+20,9.0,,250.0601033483491,979.4569184214441,358.6554751390083,186.28291131457442,325.041847894596,3.222387379689799,89.75950628055656,5.5341172865218445e+19,88.64385354184927,5.4214401430850465,230.9765542096617,3.5636646600122866e+20
B_baseline,1.1,5.5660000000000007e+20,9.5,,237.0537065464676,1126.6048232971432,376.4212972551964,214.26897134288362,324.66079040209456,2.971859212922813,144.8924272715417,5.766402958313392e+19,90.27194394941858,6.017515228721222,228.37133122395477,3.541558893350081e+20
B_baseline,1.1,5.5660000000000007e+20,2.0,,383.69410633517674,3.5083438713851622,91.8738275667765,0.6672519208987439,381.42928384268265,31.33407090458706,-275.9058811905432,2.831788543194851e+18,53.57650625200735,0.5218891630875151,327.3308884275878,4.149724819417249e+20
B_baseline,1.1,5.5660000000000007e+20,2.5,,378.7769538052257,10.28218237939005,113.97540941732429,1.9555682667361933,375.59516975084966,22.18563226604829,-273.36788037032767,5.561450436187094e+18,59.06314465148786,0.7006808438151014,315.8313442555467,4.116574602584398e+20
B_baseline,1.1,5.5660000000000007e+20,3.0,,373.90280431124876,23.195511405740426,135.45222570483418,4.411554314257771,370.2337785079677,16.762685813959816,-268.5295542688329,9.073526440349692e+18,63.55551739435066,0.9008697792029295,305.7773913344141,4.074499751830067e+20
B_baseline,1.1,5.5660000000000007e+20,3.5,,368.1651480386076,44.118384621089355,156.26660608386536,8.390875571084983,364.75976609965966,13.247134182257271,-260.69023697199015,1.3150577456155556e+19,67.25531315945402,1.1235394690089666,296.38091347119666,4.0262624814429536e+20
B_baseline,1.05,5.313e+20,15.0,,34.805290141435535,3034.4472999531795,556.9864191069046,577.1215319780952,237.97045960397273,1.4894422850840836,859.7169340667701,6.54355643813037e+19,101.36802670882628,15.364083038232634,121.23834985691384,3.3127507169871056e+20
B_baseline,1.05,5.313e+20,15.5,,25.32169974200167,3253.449157270433,575.7053949963373,618.7734952212635,237.3364944669994,1.4153486927113008,941.7718712848749,6.57512164279848e+19,103.1979293340788,16.53963859037402,117.59892654254661,3.313692616892944e+20
B_baseline,1.05,5.313e+20,16.0,,17.132561498951418,3477.625285150979,594.5732501763651,661.4095529828646,237.11604052663756,1.346937313532451,1025.7654881626934,6.598422738467502e+19,105.04485181244684,17.775219881035085,114.29596883315563,3.3154928415011144e+20
B_baseline,1.05,5.313e+20,14.63,,42.62710476908842,2875.863720453419,543.2316728489143,546.9605209930356,238.73552279519075,1.5483209827022533,800.2993299465242,6.514400426754559e+19,100.02596038463442,14.53181308522678,124.17774932532956,3.3126664809643953e+20
B_baseline,1.1,5.5660000000000007e+20,6.0,,323.77118526500044,305.21428242522603,251.9940413275185,58.04870437445373,339.0475498224174,5.891518733963346,-162.86363511268576,3.5483794886336684e+19,78.98194167335402,2.6160264049611217,257.44958174410226,3.771527740608312e+20
B_baseline,1.1,5.5660000000000007e+20,6.5,,312.4619320184823,391.1050081622787,270.0256509714339,74.38426150238378,335.2191387009628,5.2303129030582145,-130.68236416683388,3.9513156115209535e+19,80.67615314423033,2.999520803626049,251.54346475310638,3.7274691358691256e+20
B_baseline,1.1,5.5660000000000007e+20,7.0,,300.6284693995111,488.0060941340269,287.87503952431564,92.81387904335057,331.99474674192146,4.684886497692403,-94.37576556908962,4.3264022734641185e+19,82.29933193258452,3.4146321011610548,246.2807827081759,3.6871457522460013e+20
B_baseline,1.1,5.5660000000000007e+20,7.5,,288.37791741465276,595.622762020959,305.60932567124087,113.28149310876618,329.3823868023228,4.2283053443170475,-54.05428594669664,4.6721441267324e+19,83.88595888143001,3.8628477473453002,241.63358017354747,3.6506718287859096e+20
B_baseline,1.1,5.5660000000000007e+20,16.0,,5.25177826269919,3754.2772242196947,619.953143866147,714.0259852743436,256.48097085208246,1.3395796031113978,1129.42057935521,7.084428659535387e+19,114.42762145535205,18.096233459979924,123.9571159367505,3.4556887817829666e+20
B_baseline,1.1,5.5660000000000007e+20,14.63,,35.663327822208316,3105.1598053934317,566.3878943451997,590.5703433877767,258.41769888843135,1.5398675885941395,886.2112764687587,6.995398859263878e+19,108.9408940375388,14.792616744221979,134.6841881066706,3.452530575962554e+20
B_baseline,1.1,5.5660000000000007e+20,10.0,,209.87465702245728,1282.8041739396447,394.2789943143,243.97652584158098,310.5605113006927,2.751602668984618,203.41671591221825,5.973674909156496e+19,91.93245236774735,6.654528095844112,211.97353083710126,3.522528679518652e+20
B_baseline,1.1,5.5660000000000007e+20,10.5,,184.93360518668436,1447.7371591329877,412.24967635048375,275.3451302955029,299.0342980251066,2.556675336228045,265.21329568107933,6.157637342710583e+19,93.62823786944737,7.334103972369404,198.07195618328979,3.506333443200288e+20
B_baseline,1.1,5.5660000000000007e+20,11.0,,161.85464108578435,1621.0943686465105,430.34974145333916,308.3159379728798,289.5897186128972,2.3831414934617845,330.16623771175534,6.320008741883829e+19,95.36048982995757,8.057882885283234,186.17134589765635,3.4927352663729865e+20
B_baseline,1.1,5.5660000000000007e+20,11.5,,140.38722980280585,1802.5739934839144,448.5916295888071,342.8315478207056,281.86068093240885,2.2278301044778845,398.1624611448121,6.462472370432065e+19,97.12919934194493,8.82751835462481,175.9039632358391,3.4815044903559e+20
B_baseline,1.1,5.5660000000000007e+20,14.0,,52.876404674856644,2821.66140456184,542.1628015342402,536.6517825336163,260.627505279849,1.6484088702859458,779.9909741999493,6.929533361044072e+19,106.4733465246988,13.422245806462609,140.7319129486876,3.4537294804877613e+20
B_baseline,1.1,5.5660000000000007e+20,14.5,,39.054820784825324,3045.8516255907184,561.3677955154901,579.2905206710986,258.7978009231222,1.5613173008599017,863.9898714549104,6.983216447348209e+19,108.42856824351611,14.50239087038462,135.86684180922148,3.452625560787497e+20
B_baseline,1.1,5.5660000000000007e+20,15.0,,26.480942312796174,3276.1950051122767,580.7359757745376,623.0995280223038,257.53901274454347,1.481312663573074,950.2942150654179,7.026305887940014e+19,110.40746970892064,15.640278074998637,131.4912649606242,3.45266290318073e+20
B_baseline,1.1,5.5660000000000007e+20,15.5,,15.196933108812459,3512.424746256988,600.2653031207017,668.0280624906164,256.78585622879837,1.4076224429272983,1038.8040424071944,7.0597533757580894e+19,112.40786170651127,16.83764388902928,127.54035063325783,3.453720532604335e+20
B_baseline,1.1,5.5660000000000007e+20,12.0,,120.3525983896156,1991.8808755409177,466.98448547297767,378.83582371912706,275.55386269068157,2.0881588547322854,469.0913770564254,6.586644247461312e+19,98.93351451723366,9.64467635066032,166.97567182278755,3.47242321204799e+20
B_baseline,1.1,5.5660000000000007e+20,12.5,,101.6366078217361,2188.725557584509,485.53472860311393,416.27371379699764,270.441585038323,1.9620043134028275,542.8445325075512,6.694053948239401e+19,100.77200536278538,10.51103444906846,159.15854522646916,3.4652872472223724e+20
B_baseline,1.1,5.5660000000000007e+20,13.0,,84.17136198232356,2392.823479591642,504.2465407552081,455.0910975835343,266.3434143739012,1.8476048104321494,619.3153094305995,6.786134216421407e+19,102.64286095055775,11.42828115558549,152.27227226775798,3.459907047505378e+20
B_baseline,1.1,5.5660000000000007e+20,13.5,,67.91962837796126,2603.894295032131,523.1222749553673,495.23465597216097,263.11057208691733,1.7434868773269705,698.3986684564277,6.864216986847049e+19,104.54403382536083,12.398115344076958,146.16842291747952,3.4561078683700016e+20
