geom,n_factor,n_e0,T,err,p_aux_required,p_fus,W_th,p_alpha_heat,p_rad,tau_E,p_net,n_He0,p_brems,p_sync,p_line,n_e_volav
C_c2823,0.1,5.06e+19,12.0,,27.599571193931073,84.04001544017935,168.79145030369594,15.983570536567708,13.507988001976155,5.61232211237603,-245.74730713719723,2.1096550511712916e+18,3.521987379257532,3.5950015926307652,6.390999030087857,3.5762900697569903e+19
C_c2823,0.1,5.06e+19,12.5,,29.30610769925951,92.91808775593904,175.66534503026335,17.672091110302045,13.63607948559185,5.268571662269148,-242.4208985148624,2.1554428868576868e+18,3.5901233301863584,3.912722186575085,6.133233968830408,3.5727804445538185e+19
C_c2823,0.1,5.06e+19,13.0,,31.20648382257838,102.12255322930872,182.55993625062322,19.422688398682222,13.806344703841154,4.9577924499214845,-238.9721979157188,2.195119302307192e+18,3.657841644375613,4.248272461765616,5.900230597699924,3.569976716698837e+19
C_c2823,0.1,5.06e+19,13.5,,33.30818889056114,111.6310288394627,189.47621989796855,21.231105374977407,14.015981573686755,4.675733727367936,-235.40959174064508,2.229097642445083e+18,3.7251877132338023,4.602178606518732,5.6886152539342225,3.5678218007702966e+19
C_c2823,0.1,5.06e+19,16.0,,47.12415387414468,162.9879919738113,224.3982816998839,30.998686193499164,15.593322180015923,3.588677624272604,-216.16732394746913,2.3272629837228237e+18,4.057156653451529,6.665534623975313,4.870630902589079,3.564941992901564e+19
C_c2823,0.15,7.59e+19,2.0,,26.056655416220796,0.23398016268593982,44.580940749945356,0.044500687141238886,25.567030782081584,83.4653197925019,-277.14749272206734,1.4209289802089611e+17,3.5609518180221222,0.22986242178533722,21.776216542274124,5.689085474196168e+19
C_c2823,0.15,7.59e+19,2.5,,26.29492017436648,0.6943750507431159,55.568930003551785,0.13206319090083318,25.484449877773603,58.956982155949596,-276.9749933921628,2.8190692047224125e+17,3.9603846040770585,0.3085250130447043,21.21554026065184,5.6721015088998605e+19
C_c2823,0.15,7.59e+19,3.0,,26.690591043888073,1.5918975569913991,66.43794077367917,0.3027629963641941,25.497362657192554,44.41064402242431,-276.6387124409225,4.659895319140227e+17,4.308976433955199,0.39665793866173177,20.791728284575623,5.650036559084621e+19
C_c2823,0.15,7.59e+19,5.5,,29.335778561784103,17.528721922746435,118.81284454422352,3.333787622487144,25.853845904385718,17.43217732905831,-270.66755247539936,1.7417087360052352e+18,5.577110263226423,0.9975033035237799,19.279232337635516,5.502527363811675e+19
C_c2823,0.15,7.59e+19,6.0,,29.91528853081773,23.669767667712748,128.94647989021547,4.5017531127222865,25.965053694539417,15.256349236212843,-268.3666444866294,2.0127414245493926e+18,5.7718634401683255,1.1534950389002767,19.039695215470815,5.472255056294607e+19
C_c2823,0.15,7.59e+19,6.5,,30.51667706738659,30.905332400381617,139.00000946246118,5.877885169228579,26.096330004181397,13.497463091256341,-265.65564551543537,2.2758920604823434e+18,5.955156146257687,1.3227446740847018,18.818429183839005,5.443258404277134e+19
C_c2823,0.15,7.59e+19,7.0,,31.150248585344745,39.24293990977534,148.9899594840428,7.46361474144017,26.250998078994254,12.051410130080356,-262.53173657186215,2.527827300024737e+18,6.129357918847382,1.5058386106855783,18.615801549461292,5.415902950361017e+19
C_c2823,0.1,5.06e+19,10.0,,22.582979176291325,52.248362944105644,141.46878333347271,9.93711614833945,13.497414572108191,7.436847896146952,-257.65890497285454,1.8573874848554e+18,3.243694598768824,2.491942491926491,7.761777481412877,3.5985415640996393e+19
C_c2823,0.1,5.06e+19,10.5,,23.57619437866483,59.592418650625284,148.27810641655026,11.333882103162422,13.414320100798518,6.898017626744894,-254.90725693978902,1.931565960638633e+18,3.31434905976859,2.743576869839289,7.356394171190639,3.5916347264400953e+19
C_c2823,0.1,5.06e+19,11.0,,24.740380698821056,67.35422790973095,155.0998653046153,12.810100606151728,13.392383382696748,6.42020186372366,-251.9990863002487,1.9981060101323712e+18,3.384195169979701,3.0109514333501664,6.99723677936688,3.5856598074800787e+19
C_c2823,0.1,5.06e+19,11.5,,26.07977948662959,75.51107915533836,161.93688733894624,14.361452144553802,13.425380287340591,5.99414341150694,-248.94290255343165,2.0573432830917752e+18,3.4533720581307072,3.294585798527005,6.6774224306828796,3.5805637957519688e+19
C_c2823,0.1,5.06e+19,14.0,,35.6193168573578,121.42160938591675,196.41487582592833,23.093175889107503,14.262936903253351,4.418826512434625,-231.74128736227487,2.2577846107511836e+18,3.792193967748792,4.974967937629319,5.49577499787524,3.5662605389160833e+19
C_c2823,0.1,5.06e+19,14.5,,38.14810748226368,131.47295587164274,203.37631502217562,25.00484147722773,14.545471328847448,4.1840540784194,-227.97528000988567,2.2815749751484393e+18,3.8588826249229102,5.367168740956803,5.319419962967736,3.5652402442746073e+19
C_c2823,0.1,5.06e+19,15.0,,40.90285342588159,141.76436539287806,210.36072387340604,26.962164654071476,14.862084411038792,3.968850576978169,-224.11932658330147,2.300847529021136e+18,3.925267988865112,5.779310140503203,5.157506281670477,3.5647110861071094e+19
C_c2823,0.1,5.06e+19,15.5,,43.89206165593291,152.27581374060546,217.36809898814013,28.961337015325746,15.211689228455523,3.7710210382263334,-220.18092969110225,2.315963140015414e+18,3.9913581796285444,6.211921961024301,5.008409087802677,3.564626237583407e+19
C_c2823,0.1,5.06e+19,8.0,,18.62329312172593,27.474877191485756,114.2768232431536,5.225446893048675,12.948010012419491,10.483410121933485,-266.94095784220576,1.4804284020169262e+18,2.9486675780175737,1.6325033581023185,8.366839076299598,3.6362527842458735e+19
C_c2823,0.1,5.06e+19,8.5,,19.577315281271982,32.93881035992886,121.07766398876844,6.264632342354869,13.164149273294122,9.550369917785508,-264.8937482952518,1.5867918167910817e+18,3.0248571425191044,1.8263212363912211,8.312970894383795,3.6252687953688465e+19
C_c2823,0.1,5.06e+19,9.0,,20.619206602920375,38.901121514854495,127.8730237625994,7.398604300910176,13.398015657803036,8.746567350000678,-262.65980802878414,1.6851185962987156e+18,3.09920224515795,2.0338277700057636,8.264985642639322,3.615328373059461e+19
C_c2823,0.1,5.06e+19,9.5,,21.75878254398178,45.3442057700234,134.66845765534006,8.624014495400749,13.650065063681811,8.048205030171145,-260.2457331870216,1.7752986062017677e+18,3.172053991610151,2.2555310016204384,8.222480070451223,3.6064270708452782e+19
C_c2823,0.1,5.06e+19,2.0,,11.788316797298501,0.10421155196067136,29.745311032668358,0.019819995067400082,11.476639168992826,89.73008834875459,-277.19611402298403,6.803638646823468e+16,1.5851164015757209,0.19662364218106965,9.694899125236034,3.796045116180192e+19
C_c2823,0.1,5.06e+19,2.5,,12.01658325636197,0.3099084935978714,37.10608707057168,0.05894149639737916,11.489861397726628,63.35736520257196,-277.11904413034136,1.3520942949925667e+17,1.7655166199151826,0.26380074081482124,9.460544036996625,3.787884903488635e+19
C_c2823,0.1,5.06e+19,3.0,,12.349894763748383,0.712425876902503,44.409233419597534,0.13549627752808702,11.55439633872443,47.700844374155,-276.96823016455653,2.2399572656018854e+17,1.9245472418642826,0.3390305045944319,9.290818592265717,3.777241657453659e+19
C_c2823,0.1,5.06e+19,3.5,,12.754512875030011,1.3852003832422004,51.647709599449385,0.263451260888834,11.642198747738236,37.54107353125906,-276.7161570974332,3.3049737243134944e+17,2.066726214508249,0.42274301541003056,9.152729517819957,3.764627167972195e+19
C_c2823,0.1,5.06e+19,6.0,,15.508104178859831,10.835179187168235,86.88332772274505,2.0607427296075262,12.244389113671305,16.31777940049819,-273.1754683244368,9.854634611742476e+17,2.615225350020965,0.984109906599604,8.645053857050737,3.689691327948845e+19
C_c2823,0.1,5.06e+19,6.5,,16.197476224262374,14.201048788686709,93.77521676116186,2.7008974691203247,12.398153199429522,14.426467048063394,-271.9143547328893,1.1177546986142999e+18,2.7041923624220066,1.1281648204703225,8.565796016537194,3.675094824901043e+19
C_c2823,0.1,5.06e+19,7.0,,16.94171208664718,18.097404609900185,100.63286223487762,3.4419453827569155,12.56592200127732,12.872380070310884,-270.4544802085107,1.2451542416537587e+18,2.7889237367505184,1.283922035447685,8.493076229079117,3.6612378424800248e+19
C_c2823,0.1,5.06e+19,7.5,,17.74770315389548,22.524075775203745,107.46421362448051,4.283853971686,12.748900483403649,11.576881249295896,-268.7959087744429,1.3663520110528274e+18,2.870200126512247,1.4518701107924306,8.426830246098971,3.64825989020713e+19
C_c2823,0.1,5.06e+19,4.0,,13.214528773932011,2.3962181193722043,58.81876178245941,0.45573672412339944,11.743033765095937,30.519818025275473,-276.3373521051799,4.5038195110150163e+17,2.1952535712408543,0.5153752874326577,9.032404906422425,3.750587491682518e+19
C_c2823,0.1,5.06e+19,4.5,,13.722013878693248,3.8043601990119167,65.92323125392637,0.7235512662500764,11.853641009105187,25.434089810892207,-275.80975379457914,5.794208044072419e+17,2.3125748447739918,0.6173718478447634,8.923694316486433,3.735642713408487e+19
C_c2823,0.1,5.06e+19,5.0,,14.273367008393055,5.657618485131516,72.96477910973059,1.0760224596871628,11.973503529209596,21.6135202524468,-275.11538072313897,7.137589849188323e+17,2.420648450041445,0.7291850402122134,8.823670038955937,3.720258195734928e+19
C_c2823,0.1,5.06e+19,5.5,,14.867929109189358,7.99264285446823,79.94912133333074,1.5201207444913125,12.103185341892425,18.658494594958565,-274.2405010286206,8.500425266238652e+17,2.521084793897742,0.8512750823746352,8.730825465620049,3.704831979074449e+19
C_c2823,0.15,7.59e+19,3.5,,27.165032839638545,3.0851611115215976,77.17453517024543,0.5867667918002926,25.545107210187183,34.97294612833778,-276.0792210798992,6.857388858117074e+17,4.617158758050611,0.4947680828593078,20.433180369277263,5.6240125973272125e+19
C_c2823,0.15,7.59e+19,4.0,,27.680913934015003,5.317640590295272,87.77443685875058,1.0113620638682577,25.607196985605555,28.451276777493906,-275.24276258719283,9.317371961271128e+17,4.892570259524874,0.6033728190164044,20.111253907064278,5.5952109423540216e+19
C_c2823,0.15,7.59e+19,4.5,,28.219473857551044,8.410053674083626,98.24086616876684,1.5995081082739646,25.678571371921233,23.727324607229516,-274.08410683627335,1.1949336597296742e+18,5.141223826069471,0.7230010151359025,19.81434653071586,5.564739973256507e+19
C_c2823,0.15,7.59e+19,5.0,,28.771878932847443,12.457334039991363,108.58272205956987,2.369260361065957,25.759910747939223,20.178054347980286,-272.56768437120013,1.467225343786958e+18,5.368038781319223,0.8541935333640888,19.537678433255913,5.533573639884102e+19
C_c2823,0.15,7.59e+19,7.5,,31.828428860776295,48.67606426279762,158.93227797444078,9.257700662141477,26.43156154421859,10.845238031271425,-258.9973627722988,2.766168083781546e+18,6.296417324787454,1.703372851989555,18.43177136744158,5.39043730456999e+19
C_c2823,0.15,7.59e+19,8.0,,32.56518851431804,59.18711735879569,168.84184575298215,11.25679785046935,26.63967943702801,9.826494571587748,-255.05911397179267,2.9893369495549204e+18,6.457922110603492,1.9159520946216346,18.265805231802887,5.367013010684317e+19
C_c2823,0.15,7.59e+19,8.5,,33.37616593522951,70.75003051679651,178.73218090541937,13.455948303989526,26.876791219654553,8.956616774891982,-250.7267575029445,3.1964098698392945e+18,6.615153645391495,2.144188832064807,18.117448742198253,5.34570352186925e+19
C_c2823,0.15,7.59e+19,9.0,,34.27789276498853,83.3324035733651,188.61529057233363,15.848989835618305,27.143779931151084,8.20669399101632,-246.01243295858293,3.3869816442682573e+18,6.769135664933743,2.388702499976031,17.98594176624131,5.32652126068932e+19
C_c2823,0.15,7.59e+19,9.5,,35.28738088251033,96.89725030437882,198.50163457674333,18.428888035389804,27.4409294179503,7.554674396390666,-240.92999822254262,3.5610475723310966e+18,6.920677553799397,2.6501186936265855,17.87013317052432,5.3094324726891405e+19
C_c2823,0.15,7.59e+19,10.0,,35.47303504974898,111.40438620332739,208.40016424271394,21.188000212010834,26.819143360001956,6.983476950080299,-235.49450950119214,3.7189035305570883e+18,7.070411996073034,2.929068462240667,16.819662901688254,5.294369664062833e+19
C_c2823,0.15,7.59e+19,10.5,,35.920815268932486,126.81151653980187,218.31841073278684,24.118282330704915,26.34635717422956,6.479686958563691,-229.72181365305076,3.861063490809849e+18,7.218827305406974,3.2261876854288527,15.901342183393734,5.281241774077059e+19
C_c2823,0.15,7.59e+19,11.0,,36.62761541226328,143.07507933039045,228.26260178946382,27.211449337846954,26.001117481236584,6.032637028838976,-223.6282323470655,3.9881930666059715e+18,7.366294782610245,3.5421165274507214,15.092706171175617,5.2699422875200135e+19
C_c2823,0.15,7.59e+19,13.5,,44.21927350264582,235.69623410349988,278.5160753661566,44.82706676414463,25.713363157908493,4.397646977613767,-188.92522510742276,4.4265706578486267e+18,8.096799645569492,5.4265566145608055,12.190006897778195,5.236745920526739e+19
C_c2823,0.15,7.59e+19,14.0,,46.61357454394736,256.1778725845631,288.69020365193705,48.72246958685805,25.879929485246294,4.156440439047728,-181.25122827344632,4.4806678247165235e+18,8.242264301384933,5.868974781984468,11.76869040187689,5.233948377995553e+19
C_c2823,0.15,7.59e+19,14.5,,49.32768819192848,277.21460243962144,298.9081495710877,52.72344523799159,26.107360832723153,3.9359138919327323,-173.36925152367624,4.5254597051973376e+18,8.387600565575328,6.33477132698775,11.384988940160074,5.232177462892591e+19
C_c2823,0.15,7.59e+19,15.0,,52.37474389286137,298.76678681886665,309.1701248132769,56.82245518508024,26.39151107378133,3.7336822175518156,-165.29414587016518,4.56168889633098e+18,8.532802519868886,6.824608210894456,11.034100343017988,5.231336077226669e+19
C_c2823,0.15,7.59e+19,15.5,,55.76850606605008,320.7959863228333,319.47601102309847,61.01218863873966,26.72920538437075,3.5477038018366005,-157.04031366798196,4.5900563838139453e+18,8.67785242338016,7.339149146174306,10.712203814816284,5.2313336761425895e+19
C_c2823,0.15,7.59e+19,16.0,,59.52271572749987,343.2650033415879,329.8254193863988,65.2855709855366,27.117596542826817,3.376221611411827,-148.62169200234186,4.611220205808202e+18,8.822724061118839,7.879059458184351,10.41581302352363,5.232086257322772e+19
C_c2823,0.2,1.012e+20,2.0,,45.89928995365856,0.4151391013719833,59.394966610736525,0.07895530568993749,45.22920517731953,79.29477745683529,-277.0796166523276,2.3951101431711296e+17,6.321321201043032,0.25673768418253884,38.651146292093955,7.579218812292904e+19
C_c2823,0.2,1.012e+20,2.5,,46.05115505800059,1.2296044866749964,73.97950845876812,0.23385847732071754,44.96469533910148,56.03157532068953,-276.77445528577107,4.744327378480542e+17,7.020734279066809,0.34467135442573493,37.59928970560894,7.550682716470983e+19
C_c2823,0.2,1.012e+20,13.0,,50.4911647285045,363.0103632602257,351.6154095846293,69.04094098846231,40.90860833339615,4.472141551643868,-141.22356173842536,7.038541717539688e+18,13.719644740142758,5.615064073787087,21.573899519466302,6.856999058823445e+19
C_c2823,0.2,1.012e+20,13.5,,51.96282246790767,396.1711068364422,364.85354257878276,75.34778280922293,40.82528202028541,4.218675826593561,-128.79899709964064,7.1376187748699e+18,13.970283649215666,6.087546333190167,20.767452037879572,6.851137739810622e+19
C_c2823,0.2,1.012e+20,14.0,,53.83427133975859,430.3347922881975,378.15965463495644,81.84537414529227,40.845774201092,3.9876011546828227,-115.99865330702195,7.221006667767826e+18,14.221526222424345,6.585843804524797,20.03840417414286,6.847032166012329e+19
C_c2823,0.2,1.012e+20,14.5,,56.12223500431621,465.4386516903744,391.53447459863673,88.52177716499229,40.96078806776597,3.7762567473324906,-102.84604805223589,7.28995707377921e+18,14.473331439199077,7.110724930002427,19.376731698564466,6.844517516985679e+19
C_c2823,0.15,7.59e+19,11.5,,37.595868443121134,160.15089749083324,238.23779436789863,30.45909919378157,25.767347786993906,5.633748014512868,-217.23031771626333,4.101056507290353e+18,7.513091727686274,3.8774989703573604,14.376757088950269,5.26035562185493e+19
C_c2823,0.15,7.59e+19,12.0,,38.8304943427421,177.99467079357765,248.24800658933725,33.85280643823053,25.631423215960282,5.276048894038903,-210.54466803261826,4.200476407440106e+18,7.659420296598723,4.232982400739941,13.73902051862162,5.252361918148401e+19
C_c2823,0.15,7.59e+19,12.5,,40.33928885465582,196.56235688137295,258.2963503315906,37.38419465526832,25.582659558939014,4.953821799486744,-203.5877849500587,4.2873021942097787e+18,7.805423208186208,4.609217265124967,13.168019085627838,5.245840711548869e+19
C_c2823,0.15,7.59e+19,13.0,,42.13194990955975,215.8104572980873,268.38515396844076,41.04499087352322,25.61241818644302,4.662336137989729,-196.37596633532755,4.3623869880262866e+18,7.95119645795676,5.006856768391509,12.654364960094751,5.240673562713335e+19
C_c2823,0.2,1.012e+20,3.0,,46.40370424661991,2.811802345346289,88.36565099182808,0.5347766880614107,44.845855392580255,42.22716831751266,-276.1816422952775,7.826196053548544e+17,7.6253363799595215,0.44320738435327334,36.77731162826746,7.513745114491155e+19
C_c2823,0.2,1.012e+20,3.5,,46.81809467820299,5.433066864570594,102.53267061030431,1.0333149869726812,44.769778797112295,33.27221039771708,-275.1995150284506,1.1488819514033932e+18,8.154221181415062,0.5529111025964543,36.06264651310078,7.470376569446423e+19
C_c2823,0.2,1.012e+20,4.0,,47.23031307483282,9.333492224663162,116.47554989786379,1.7751368862086865,44.70500469361502,27.084532566918632,-273.7381157418562,1.5568192706150228e+18,8.621789677068604,0.674361908409568,35.408853108136846,7.422626121581352e+19
C_c2823,0.2,1.012e+20,4.5,,47.609797016309486,14.709555163310231,130.20182064308585,2.7976102965099723,44.64685926697759,22.602332209878764,-271.7238291402945,1.9908981346640207e+18,9.03963915607013,0.808154681875052,34.79906542903241,7.372389187121995e+19
C_c2823,0.2,1.012e+20,11.0,,48.33364837331702,241.702584074534,299.3005166533697,45.969414465135614,42.54498547568549,5.782682276924674,-186.6747845138108,6.458261071991693e+18,12.722480317391776,3.9680292618355266,25.854475896458194,6.901652713798979e+19
C_c2823,0.2,1.012e+20,11.5,,48.33348945461541,270.19554996640153,312.2902360080371,51.3884916481099,41.90610496244057,5.40146162016631,-175.9991283524664,6.633739833402655e+18,12.971175068782323,4.344870955374126,24.590058938284123,6.886921705703946e+19
C_c2823,0.2,1.012e+20,12.0,,48.687986567146766,299.95627886249844,325.3365246183694,57.04868467685857,41.43356150111099,5.059421323776957,-164.84847067746466,6.78799530354277e+18,13.220160151411697,4.7444867922373515,23.468914557461936,6.874701326866142e+19
C_c2823,0.2,1.012e+20,12.5,,49.40375912252702,330.9168575368706,338.4438269882878,62.93707713493741,41.10664346763261,4.751142867398341,-153.24825700584447,6.922458131822014e+18,13.469616601333108,5.167631615146469,22.46939525115303,6.864791751892474e+19
C_c2823,0.2,1.012e+20,5.0,,47.943401157208136,21.710429779357934,143.72820398903525,4.129106639736085,44.5999724519228,19.234195270122633,-269.10076313469693,2.4374452123351137e+18,9.417386977695243,0.9549004186066605,34.227685055620896,7.321303204611016e+19
C_c2823,0.2,1.012e+20,5.5,,48.228821797143894,30.439911409807774,157.0774934210048,5.78936675103134,44.57149808072646,16.627780275246597,-265.830028009855,2.885036436345828e+18,9.763079223876126,1.1152262414230398,33.69319261542729,7.270711941443517e+19
C_c2823,0.2,1.012e+20,6.0,,48.47420953575748,40.96147625918024,170.27589304116933,7.7904631697334885,44.57128528534354,14.561725094970168,-261.88784069817024,3.3245417672873574e+18,10.0834333743577,1.2897749145168071,33.198076996469034,7.22166804214245e+19
C_c2823,0.2,1.012e+20,6.5,,48.69049224481175,53.3046827087136,183.35089608336511,10.138017604370237,44.605159471964846,12.890837335840036,-257.263126356961,3.748975315175417e+18,10.384015706898392,1.4792039942045445,32.74193977086191,7.174956755209454e+19
C_c2823,0.2,1.012e+20,7.0,,48.89459792965816,67.47173639948073,196.32970106879102,12.832449545817239,44.67925012201069,11.51642625719562,-251.95505858346525,4.1532455903304786e+18,10.669392538346326,1.6841847447997882,32.32567283886458,7.131130143394474e+19
C_c2823,0.2,1.012e+20,7.5,,49.106167490704074,83.44353777773422,209.2381120290701,15.87012644994727,44.79779675410255,10.369360517519139,-245.97079353929217,4.5338663013140844e+18,10.943268577197975,1.9054009345936487,31.949127242310926,7.090544962913361e+19
C_c2823,0.2,1.012e+20,8.0,,49.346655593570134,101.18489141303995,222.0998438188453,19.244354497846064,44.96324378577074,9.39995092831853,-239.32351813924686,4.888665389780479e+18,11.20861521674941,2.1435476058309084,31.611080963190425,7.053399957697641e+19
C_c2823,0.2,1.012e+20,8.5,,49.63965528367643,120.64878531475627,234.93614179337698,22.94619247901349,45.17742126979509,8.571675643411346,-232.030846690294,5.216515654210314e+18,11.467787654205374,2.3993298796297715,31.310303735959938,7.019769947655217e+19
C_c2823,0.2,1.012e+20,9.0,,50.00969581367103,141.77979216571796,247.76563811136393,26.965098671997897,45.441053587728156,7.857159698028203,-224.11354652786102,5.517096804420431e+18,11.722629947763402,2.67346184631236,31.0449617936524,6.989635645778587e+19
C_c2823,0.2,1.012e+20,9.5,,50.481663502370075,164.51670106062505,260.6043702857309,31.289431374720273,45.753755156842274,7.235525230621779,-215.5945519642547,5.790694175904546e+18,11.97456691589767,2.966665558727662,30.812522682216944,6.962908679077896e+19
C_c2823,0.2,1.012e+20,10.0,,49.398530259766424,188.79451975291815,273.46590897572054,35.9068297118075,44.432215642315455,6.69060121170966,-206.49821409300645,6.038032542921218e+18,12.224683245598497,3.279670145204129,28.927862251512828,6.939452072737299e+19
C_c2823,0.2,1.012e+20,10.5,,48.68735030672157,214.54596697866768,286.3615456380073,40.8044974596728,43.37655411905218,6.209687133901867,-196.8497416495823,6.260143635240272e+18,12.473790002819223,3.613211028669667,27.28955308756329,6.919096445805133e+19
C_c2823,0.2,1.012e+20,15.0,,58.8441889497126,501.4215356646975,404.9781514108489,95.3653618680688,41.16222105066208,3.5823769764851168,-89.36409259483436,7.345650543915035e+18,14.72563381865477,7.662960985727083,18.773626246280227,6.843440139813234e+19
C_c2823,0.2,1.012e+20,15.5,,62.018927014744406,538.2239804379457,418.49035791067297,102.36481883949287,41.44375669496915,3.40402143169641,-75.57506663709086,7.389194031884103e+18,14.978350842385657,8.243325908910247,18.222079943673247,6.843657564261928e+19
C_c2823,0.2,1.012e+20,16.0,,65.66541171015774,575.7882553655002,432.0703796191198,109.50916828796446,41.799733664686904,3.23951923092717,-61.50060051802531,7.42162066685682e+18,15.231388720618597,8.852596143045764,17.715748801022542,6.84503826612511e+19
C_c2823,0.25,1.265e+20,2.0,,71.29336128976836,0.6474271067505292,74.18858985718927,0.12313416143288312,70.44300705712108,76.20901318221583,-276.9925837023274,3.58991756895922e+17,9.863292791708501,0.2796928043824196,60.30002146103016,9.466606769891243e+19
C_c2823,0.25,1.265e+20,2.5,,71.24121373861578,1.9140884740439046,92.34095276138196,0.3640404868784102,69.89110481628602,53.86983903814879,-276.51799494658326,7.100420428877804e+17,10.940341487146215,0.3755328347205621,58.575230494419245,9.423966052346094e+19
C_c2823,0.25,1.265e+20,3.0,,71.41926274928747,4.366569712427595,110.1989732736629,0.8304778936066042,69.5365723107856,40.61634214491392,-275.5991068763664,1.169001788633901e+18,11.862894766982361,0.4829308230902674,57.190746720712966,9.368961929405848e+19
C_c2823,0.25,1.265e+20,3.5,,71.61579494301832,8.413509831186799,127.73424578607279,1.600165434793417,69.2267500167092,32.01993232334081,-274.08281189404045,1.7121677785053668e+18,12.661740171542178,0.6024992585570409,55.96251058660998,9.304655407851083e+19
C_c2823,0.25,1.265e+20,4.0,,71.7375223947014,14.408899260163354,144.94220008538153,2.740428550290468,68.92041322064411,26.080290818429287,-271.8364779623601,2.314280087275502e+18,13.36071017636551,0.7348683925766448,54.82483465170195,9.234191724656017e+19
C_c2823,0.25,1.265e+20,4.5,,71.74345052396428,22.634653460568092,161.83687099457913,4.304884741665445,68.61696507330606,21.77752780526941,-268.75447786996824,2.9517438874058225e+18,13.979335162594188,0.8806880114562293,53.75694189925565,9.160441008424986e+19
C_c2823,0.25,1.265e+20,5.0,,71.6188921134765,33.29739708616692,178.44546941216154,6.332831951818085,68.32875819205056,18.54370801712147,-264.7593941319166,3.604120294433896e+18,14.533943254501269,1.0406281317985318,52.754186805750756,9.085842928429698e+19
C_c2823,0.25,1.265e+20,5.5,,71.36464378393852,46.53393909688714,194.8034840801038,8.850289876836964,68.07051399740264,16.040575793639974,-259.79996759106734,4.254645788996526e+18,15.03820165558019,1.215378866735863,51.81693347508659,9.012361850750227e+19
C_c2823,0.25,1.265e+20,6.0,,70.99601139883197,62.42112863014705,210.95063242575483,11.871874454167665,67.85968206883322,14.055688172911596,-253.8474046507664,4.890205314135558e+18,15.503463186572922,1.4056496661440878,50.95056921611622,8.9415024980764e+19
C_c2823,0.25,1.265e+20,8.5,,68.25435801125892,181.46474634521678,289.88650515786765,34.51278010739677,67.81354763183177,8.293468599946639,-209.2445108786113,7.591372577607256e+18,17.514585354028245,2.6158218152571755,47.68314046254635,8.653764024774065e+19
C_c2823,0.25,1.265e+20,9.0,,67.73565939499491,212.81944892529722,305.546938369347,40.47613099110227,68.03373663044123,7.604821782248085,-197.49662808338095,8.015507895513302e+18,17.888412054092917,2.9150224822537374,47.230302094094576,8.611402618099291e+19
C_c2823,0.25,1.265e+20,9.5,,67.30246419194312,246.50195349921603,321.2254947161913,46.882206536015886,68.33031809425643,7.005343577353073,-184.87657165090206,8.400407863774219e+18,18.259681150358876,3.235133651000032,46.83550329289752,8.57397777329424e+19
C_c2823,0.25,1.265e+20,10.0,,64.36604047515726,282.4195737543916,336.9406147350815,53.71337873234773,66.07873023080867,6.479541355424707,-171.41906900153995,8.747419888651808e+18,18.62999256594907,3.5769690905988423,43.87176857426077,8.541257891038234e+19
C_c2823,0.25,1.265e+20,10.5,,61.93406661071346,320.477668177509,352.70749425866853,60.95164771068042,64.25012894159325,6.0152464066671145,-157.1595801242117,9.058273138223961e+18,19.00050438039695,3.941350118921573,41.30827444227472,8.512972163068233e+19
C_c2823,0.25,1.265e+20,11.0,,59.97317895910962,360.5808957348139,368.538440881664,68.57888055980425,62.77427103586293,5.6027794393942845,-142.13382710198485,9.334933191717474e+18,19.37202801888072,4.329104827034228,39.07313818994798,8.48882801132551e+19
C_c2823,0.25,1.265e+20,11.5,,58.46756625713718,402.63409903798214,384.44323416721534,76.57697929603381,61.598360275445366,5.234352644912755,-126.3774632102261,9.579492036218647e+18,19.745105593984512,4.741067430085269,37.11218725137559,8.468524104700841e+19
C_c2823,0.25,1.265e+20,12.0,,57.41024142865946,446.54290250592675,400.429463899938,84.92799462760219,60.67850603511383,4.903634432739819,-109.92584879918952,9.794088119067329e+18,20.120071504405303,5.178077709576049,35.38035682113247,8.451759661951366e+19
C_c2823,0.3,1.518e+20,6.0,,97.32333070531882,87.79881293653312,251.031209047719,16.69845623239923,95.6489608850813,13.663178888676878,-244.33897253968703,6.686267680106617e+18,21.99157106225254,1.5074235544186685,72.14996626841008,1.0634492345365956e+20
C_c2823,0.3,1.518e+20,6.5,,95.88460012028604,113.60072960481489,269.80663419581674,21.60572276353974,95.20735635540102,12.108200847119882,-234.6715903619385,7.504587547620711e+18,22.575803365715085,1.7288978714660896,70.90265511821984,1.0544633793231446e+20
C_c2823,0.3,1.518e+20,7.0,,94.30822306784661,143.01982835880875,288.41727201150684,27.200941155561832,94.87266134488104,10.827895588501216,-223.6489336098763,8.277292581414902e+18,23.130666804896602,1.9686206292208743,69.77337391076355,1.0461108739855752e+20
C_c2823,0.3,1.518e+20,7.5,,92.63238854275312,175.99294284973396,306.9127187821533,33.472097800590895,94.6528621369259,9.758247038940642,-211.29466925531054,8.998934278646627e+18,23.665115208902023,2.22741852396204,68.76032840406184,1.0384446190933711e+20
C_c2823,0.3,1.518e+20,2.0,,102.21700458964104,0.9305965817514943,88.96270649051708,0.17699016388331668,101.18822708874693,73.78096882946247,-276.8864866409695,4.9956622345906784e+17,14.184087408397405,0.29993943619535723,86.70420024415417,1.1351369913121451e+20
C_c2823,0.3,1.518e+20,2.5,,101.82372949986109,2.7464082346250067,110.65562259297789,0.52233938214333,100.22504819448079,52.17093036568747,-276.2061439580277,9.866657389028943e+17,15.71334823207513,0.4027425790394667,84.10895738336619,1.1292205948312792e+20
C_c2823,0.3,1.518e+20,3.0,,101.67262289338126,6.251010404253673,131.94293864058545,1.1888796687850058,99.5086434619223,39.35236605408946,-274.8930504777897,1.6214181875887572e+18,17.011643841250596,0.5179371432021204,81.97906247746958,1.1216139626587732e+20
C_c2823,0.3,1.518e+20,3.5,,101.4690914888485,12.012298749763922,152.78856217849193,2.2846190992176,98.83125206208406,31.039075570070032,-272.73442881458885,2.3696467349309594e+18,18.124796396639912,0.6461750459417454,80.06028061950241,1.1127567108524561e+20
C_c2823,0.25,1.265e+20,14.5,,59.1130537980539,690.7166177608098,481.7317781162917,131.3673935319284,58.91447636943227,3.661522615606574,-18.439597855999992,1.048968939444829e+19,22.02581803684653,7.7685739870121795,29.120084345573556,8.411214049336672e+19
C_c2823,0.25,1.265e+20,15.0,,60.96355340539094,743.861200666305,498.279298435025,141.47496175472452,58.992752445076434,3.473642504344151,1.4724497732381814,1.056654520800646e+19,22.412582914136056,8.3737676066152,28.206401924325174,8.410005930103762e+19
C_c2823,0.25,1.265e+20,15.5,,63.36676336664658,798.246251652397,514.9226994143929,151.81845460176936,59.18391044367799,3.300758869169984,21.849272138733458,1.0626553412487772e+19,22.800831706330047,9.01001221223983,27.373066525108108,8.410590903503533e+19
C_c2823,0.25,1.265e+20,16.0,,66.34647767374858,853.7919235109601,531.6608573485382,162.3826859325495,59.47854062366501,3.1412638132687545,42.66095233598979,1.0671165200510128e+19,23.19035873448048,9.678180219354513,26.610001669830016,8.412784626768735e+19
C_c2823,0.3,1.518e+20,8.0,,90.89609911551103,212.4329020268405,325.3374252905515,40.40261363648479,94.55098562705334,8.853266602976621,-197.6414582773952,9.666614054451884e+18,24.186110690006938,2.5061338828979745,67.85874105414842,1.0314872176799887e+20
C_c2823,0.3,1.518e+20,8.5,,89.14045764587095,252.23659133981363,343.73031636324725,47.972877306919145,94.56806243751598,8.079165934119827,-182.7279353162926,1.0279368791316894e+19,24.69898491580331,2.805622901625261,67.06345462008741,1.0252386187775199e+20
C_c2823,0.3,1.518e+20,9.0,,87.40668334441656,295.29082052483585,362.1248142556871,56.16136115561852,94.70242491535636,7.410625657332858,-166.59651014927618,1.0837659667740287e+19,25.207753626211527,3.126754048493785,66.36791724065105,1.0196824253835264e+20
C_c2823,0.3,1.518e+20,9.5,,85.73539748418425,341.4764774522533,380.54912268448516,64.94541124664404,94.94995110254071,6.828337816415158,-149.29181133995877,1.13429589864064e+19,25.715384051352434,3.4704066649411565,65.76416038624713,1.014790954356345e+20
C_c2823,0.25,1.265e+20,12.5,,56.80340531385853,492.2141405074795,416.5028478762443,93.61420738311752,59.980228658397124,4.605427858224778,-92.81389087884322,9.980847662140094e+18,20.497101950114637,5.640980556084485,33.842146152198005,8.438241111880326e+19
C_c2823,0.25,1.265e+20,13.0,,56.65560553617898,539.5561490873934,432.6675158306042,102.61818399493133,59.475724545150456,4.335429909302092,-75.07593381587462,1.0141844108768336e+19,20.87625387913966,6.130625578677462,32.468845087333335,8.427686539072907e+19
C_c2823,0.25,1.265e+20,13.5,,56.97934659282119,588.4789721342165,448.92626167221357,111.92281571020662,59.14155703502255,4.09004907157772,-56.74568208735068,1.0279070718232689e+19,21.257495662634863,6.647866775606302,31.236194596781385,8.419828529763715e+19
C_c2823,0.25,1.265e+20,14.0,,57.79198341187002,638.8945083310107,465.2807641772608,121.5113465394749,58.95961172343371,3.86626548546635,-37.85614522167807,1.0394423142344567e+19,21.640731089683246,7.193562253710296,30.125318380040163,8.414415817096212e+19
C_c2823,0.25,1.265e+20,6.5,,70.53094795639807,80.9871126400953,226.92774504609037,15.402938953019724,67.70639438727798,12.449751098262974,-246.89115929745986,5.501013009943988e+18,15.939050882683032,1.6121681218797423,50.15517538271521,8.874357058716823e+19
C_c2823,0.25,1.265e+20,7.0,,69.99503772278722,102.22218198259026,242.77453474597942,19.441636791268838,67.6203540454426,11.128115536038834,-238.93486932318646,6.08015669093342e+18,16.35252344957733,1.835678516518803,49.43215207934647,8.8116661236209e+19
C_c2823,0.25,1.265e+20,7.5,,69.41662508204527,126.08827419222081,258.5281249695792,23.98072886861847,67.60773232231685,10.024502441145385,-229.99279585453164,6.623103590492635e+18,16.749929026671808,2.076940262673246,48.780863032971794,8.753882502114106e+19
C_c2823,0.25,1.265e+20,8.0,,68.82565227259346,152.5267905178611,274.2221821195273,29.009070288591996,67.6715330581441,9.09128598923126,-220.08689448997117,7.12722556029137e+18,17.136043071993146,2.3367263404134078,48.19876364573756,8.701231429849791e+19
C_c2823,0.3,1.518e+20,4.0,,101.09050040262244,20.512137770451876,173.18986588908788,3.9012034825622415,98.14496899293256,25.295249285184482,-269.5497354711156,3.195380436114005e+18,19.08909115405933,0.7881298021508714,78.26774803672235,1.1030954088565734e+20
C_c2823,0.3,1.518e+20,4.5,,100.48885298768555,32.12409733996307,193.16975103592773,6.109682073087575,97.45832387541913,21.13405774972216,-265.19900244479635,4.065463517348561e+18,19.93465798036368,0.9444986032647036,76.57916729179074,1.0930322607954489e+20
C_c2823,0.3,1.518e+20,5.0,,99.65217196995347,47.11231521934365,212.76860486231928,8.960291231566968,96.79599334584341,18.00610566954548,-259.58326341787927,4.951612525941972e+18,20.686794095727198,1.1160029919996846,74.99319625811654,1.0829038749724764e+20
C_c2823,0.3,1.518e+20,5.5,,98.58832833749324,65.64256977326102,232.0372359289844,12.484560345176511,96.18369716221437,15.584273706883438,-252.64040506643357,5.831036747591509e+18,21.366623455393356,1.3033885018700624,73.51368520495096,1.0729763743156519e+20
C_c2823,0.3,1.518e+20,10.0,,80.40044296511421,390.67139486103594,399.02665833500674,74.30179258862042,91.53858874877763,6.317346741665517,-130.85961213910983,1.1797425527791458e+19,26.224017270008666,3.8374697597006016,61.47710171906836,1.0105291810324385e+20
C_c2823,0.3,1.518e+20,10.5,,75.7296669398895,442.75226811845425,417.57654629124204,84.2070538734488,88.74964824874021,5.865904176805638,-111.34611194440238,1.220365658821848e+19,26.735149389814225,4.2288409741792625,57.785657884746726,1.0068577262433991e+20
C_c2823,0.3,1.518e+20,11.0,,71.66232303894482,497.59593227987807,436.2141390085055,94.63777036031,86.47557457961447,5.4646635577485965,-90.79745781560501,1.2564500236457206e+19,27.249778325376234,4.64542572071959,54.58037053351866,1.00373509185606e+20
C_c2823,0.3,1.518e+20,11.5,,68.16448340915264,555.0801833717569,454.95151718101084,105.57070007547443,84.63562522362628,5.106102948886838,-69.25943675882067,1.2882917759942648e+19,27.768520627328343,5.088136457616737,51.7789681386812,1.0011192755886976e+20
C_c2823,0.35,1.771e+20,5.5,,129.7645904001542,87.61626863599876,268.81631359465496,16.663738131880603,128.76021427448714,15.21477106589455,-244.40736767251082,7.598429016594747e+18,28.716336279958973,1.3823993784593764,98.66147861606879,1.2424768077609665e+20
C_c2823,0.35,1.771e+20,6.0,,127.3207714362283,116.87485174064588,290.5663631543957,22.228428052553436,127.77718151223095,13.345862724683839,-233.44485242651163,8.693828832859424e+18,29.512074788942723,1.598749125215343,96.66635759807288,1.2302839695868702e+20
C_c2823,0.35,1.771e+20,6.5,,124.62146280101183,150.83943054560328,312.04853163613194,28.688151295468284,126.93746429808307,11.832502621955332,-220.71910929528843,9.737726711454882e+18,30.25536370870512,1.8336002476679765,94.84850034170998,1.2188330957330494e+20
C_c2823,0.35,1.771e+20,7.0,,121.71476804855581,189.45595181119185,333.3319010808336,36.032627474970575,126.25908142171967,10.585892277468986,-206.2503907791746,1.0719726769540796e+19,30.96211018647211,2.08782083406082,93.20915040118675,1.2082326154181493e+20
C_c2823,0.3,1.518e+20,16.0,,62.24813276882466,1172.0169225140592,628.9767963380713,222.90589849294886,80.00048116223769,3.065883071645146,161.89250879080168,1.4296997844666194e+19,32.62613769635015,10.401615609018371,36.97272785686917,9.941795754510772e+19
C_c2823,0.35,1.771e+20,2.0,,138.64929240034948,1.264410549244666,103.71802923773801,0.240478242360843,137.4450606644474,71.79159194459629,-276.7614142581106,6.604636975885797e+17,19.281044380126183,0.3181790644944859,117.84583721982673,1.3233604146695719e+20
C_c2823,0.35,1.771e+20,2.5,,137.75956585801376,3.7252154697128743,128.9254120543601,0.7084987301846914,135.92919204917615,50.780576839831724,-275.8394074964853,1.3026429756638275e+18,21.3341844531661,0.4272461400366232,114.16776145597342,1.3155606635084503e+20
C_c2823,0.35,1.771e+20,3.0,,137.10333555036706,8.46023794331972,153.60161717865668,1.6090526544399775,134.70394203630383,38.319491075019926,-274.0653039497958,2.1368610334190904e+18,23.062150722242293,0.5494474615628652,111.09234385249867,1.305564437692642e+20
C_c2823,0.3,1.518e+20,12.0,,65.21621867857765,615.0843001008258,473.79795652514684,116.98288303617603,83.16324225434376,4.784105061607002,-46.77728025409732,1.3161884724384162e+19,28.291703898228068,5.557892084413092,49.31364627170259,9.989689099657205e+19
C_c2823,0.3,1.518e+20,12.5,,62.811629865258,677.4893881654519,492.76035480778586,128.8517067351873,82.00622602789946,4.493647080749866,-23.39553524992019,1.3404320923459518e+19,28.819439752421168,6.0556174470979744,47.13116882838032,9.972440460722073e+19
C_c2823,0.3,1.518e+20,13.0,,60.95462797431813,742.17857099307,511.84360378699085,141.15494241717195,81.12261637781596,4.230568559723733,0.8420073016996747,1.361304451318692e+19,29.35168002392827,6.582242908535376,45.188693445352314,9.959066452253783e+19
C_c2823,0.3,1.518e+20,13.5,,59.655366862826725,809.0371379208999,531.0509223902758,153.87077326117594,80.47720474404021,3.991395503268743,25.89236796511743,1.3790741217729348e+19,29.8882611005252,7.138704004523769,43.450239638991235,9.949208867399288e+19
C_c2823,0.35,1.771e+20,11.5,,77.57290018628996,725.5880937936988,524.0110210064092,137.99959955862354,110.8407075562316,5.003361539563513,-5.37406128186831,1.6501407131488524e+19,36.98655467890731,5.398856886890712,68.45529599043358,1.1519565861298589e+20
C_c2823,0.35,1.771e+20,12.0,,72.29837698005883,803.4102753705329,545.6500782541942,152.80060027272162,108.71514584530091,4.68836668852893,23.784112542258487,1.6847741095626172e+19,37.679438432646826,5.89792016930274,65.13778724335135,1.1493211024108777e+20
C_c2823,0.35,1.771e+20,12.5,,67.66613182325955,884.3396727566363,567.4361118078822,168.19256236158463,107.01674108215252,4.404125350037307,54.106488356614626,1.7148341891016202e+19,38.38032122396808,6.426818126818033,62.209601731366405,1.1472177849267311e+20
C_c2823,0.35,1.771e+20,13.0,,63.672361334161565,968.2342970902862,589.3746676528233,184.14848096360151,105.68617704352275,4.146593419688237,85.5398662145101,1.7406843635285142e+19,39.088977722654825,6.986554212815061,59.61064510805286,1.1455978740503816e+20
C_c2823,0.35,1.771e+20,9.5,,105.77659579311864,448.297661605627,438.7186607216062,85.26173226077418,125.42393106156788,6.686317040647711,-109.26838109767033,1.4581560497904732e+19,34.29077981464564,3.6811099111520433,87.45204133577019,1.1688808613638218e+20
C_c2823,0.35,1.771e+20,10.0,,97.53140172068515,512.2222022116432,459.8810957887763,97.41954063863241,120.62407557550044,6.187279454767818,-85.31733232403235,1.5149525942687166e+19,34.95468504544034,4.0707369566122535,81.59865357344785,1.1635825786760878e+20
C_c2823,0.35,1.771e+20,10.5,,90.1409135512591,579.8459306844985,481.13909614942503,110.28089755688475,116.69003829319955,5.746195022202517,-59.98028330414184,1.5656230155987483e+19,35.62461460161478,4.486252194896014,76.57917149668876,1.159032715087879e+20
C_c2823,0.35,1.771e+20,11.0,,83.50770165357386,651.0176514400013,502.51097770619504,123.81704712737383,113.46746790186229,5.353990367072008,-33.31388353093235,1.6105541077725426e+19,36.30169643680169,4.928631070172995,72.2371403948876,1.1551758269306746e+20
C_c2823,0.3,1.518e+20,14.0,,58.93134473984085,877.9526318830372,550.3841414385973,166.9778110578348,80.04269479863106,3.7732055584882005,51.713411675381636,1.3939946799524145e+19,30.428937787422736,7.725941144850797,41.88781586635753,9.942533184352956e+19
C_c2823,0.3,1.518e+20,14.5,,58.803607312270856,948.8149148644659,569.8439486893997,180.45510865807273,79.79595186596698,3.5735235864618993,78.2638722623414,1.4063038306620865e+19,30.973409359691914,8.344899359338902,40.47764314693617,9.938729038625192e+19
C_c2823,0.3,1.518e+20,15.0,,59.29563554559226,1021.516218994395,589.4300976148472,194.28216969054395,79.71692724495168,3.390239969021287,105.50337159413849,1.4162231697020273e+19,31.52133942942817,8.996528077923209,39.1990597376003,9.937509961422468e+19
C_c2823,0.3,1.518e+20,15.5,,60.43445890079363,1095.9511894822526,609.1415842594074,208.4389567276296,79.78980066018524,3.221546109966906,133.39243566433382,1.4239583896618734e+19,32.072370987935415,9.681780937407733,38.03564873484208,9.938612622620724e+19
C_c2823,0.35,1.771e+20,3.5,,136.295756234977,16.2162118079231,177.70318277640973,3.084161323748894,133.50328135702787,30.238928645108786,-271.15931969778387,3.1164812037283645e+18,24.52946913830597,0.6854687159502874,108.28834350277161,1.293969547050376e+20
C_c2823,0.35,1.771e+20,4.0,,135.1871482881466,27.613990305850844,201.23115896812317,5.2519048162697715,132.27751061392308,24.656020501335423,-266.8888353716236,4.1929997197209984e+18,25.788252089494417,0.8360211784881146,105.65323734594054,1.2813765755410863e+20
C_c2823,0.35,1.771e+20,4.5,,133.72775070729386,43.12214498587297,224.21978885730033,8.20140075486318,131.0505532344103,20.611091995787614,-261.0782880355137,5.322278565180452e+18,26.88219592236333,1.0018440328658529,103.16651327918113,1.2683196229892119e+20
C_c2823,0.35,1.771e+20,5.0,,131.9137219196208,63.05993541684275,246.72530085875127,11.99336911692932,129.86466623617272,17.569992673353713,-253.60805850357423,6.467218176875512e+18,27.848041554941563,1.1837049412471168,100.83291973998404,1.2552390234081372e+20
C_c2823,0.35,1.771e+20,7.5,,118.6494375780355,232.63046330338526,354.4794507132315,44.243987815670835,125.7513720122025,9.543884046264298,-190.07389861005925,1.163364376588784e+19,31.644696409990914,2.3622986833089668,91.74437691890262,1.1985405377142773e+20
C_c2823,0.35,1.771e+20,8.0,,115.47365043298707,280.24274486105185,375.54702971650147,53.29936764512344,125.41652753810165,8.66184105399285,-172.23467650535574,1.247652494266405e+19,32.312606584838115,2.6579390926686037,90.44598186059493,1.1897766627245027e+20
C_c2823,0.35,1.771e+20,8.5,,112.23713573210904,332.15620383845487,396.58306954138465,63.17278840803572,125.25380634010669,7.906973006213881,-152.78390257427154,1.3247821018558358e+19,32.97298294316553,2.9756628186918763,89.30516057824929,1.181932830827979e+20
C_c2823,0.35,1.771e+20,9.0,,108.98890373931805,388.224790611988,417.62878425475196,73.83647292649398,125.25880764337992,7.254710352670374,-131.77629823717498,1.394870954741188e+19,33.631103274683696,3.3164042655657995,88.31130010313043,1.1749812217914704e+20
C_c2823,0.35,1.771e+20,13.5,,60.322430709986094,1054.9547162954816,611.4692847072369,200.6418374922376,104.67390150530031,3.912392667764301,118.03200413780542,1.7626685023599446e+19,39.80504242418976,7.578137755003275,57.29072132610728,1.1444157299510849e+20
C_c2823,0.35,1.771e+20,14.0,,57.63213236206889,1144.3640868156288,633.7218508059227,217.64660567146439,103.94143944155435,3.6986800656584538,151.53163000679098,1.7811092300419064e+19,40.5280548628261,8.202583656729175,55.210800921999066,1.1436289592366162e+20
C_c2823,0.35,1.771e+20,14.5,,55.62256303685035,1236.3281275290271,656.1328962684302,235.13724657474563,103.45630767444365,3.503046603413686,185.98843178692192,1.7963074475056638e+19,41.25749285265301,8.860912120109754,53.33790270168089,1.1431984010852567e+20
C_c2823,0.35,1.771e+20,15.0,,54.318519783813,1330.7151555943149,678.7018515930639,253.0887154424827,103.19044782160144,3.323438098397305,221.35307095927905,1.8085423701976758e+19,41.9927984259442,9.554148430024762,51.64350096563248,1.1430880533377843e+20
C_c2823,0.35,1.771e+20,15.5,,53.74991602773463,1427.3961023080687,701.4272597923587,271.47646469797155,103.12167073008686,3.1580926843298065,257.57718846204415,1.8180721494460471e+19,42.73339670471555,10.28332275361037,50.104951271760946,1.1432649349948667e+20
C_c2823,0.35,1.771e+20,16.0,,53.948379987518024,1526.2445427749642,724.3069552681133,290.2764495903704,103.23027985406355,3.0054910208473804,294.6134158072252,1.8251347833177405e+19,43.47870989779792,11.049469963821485,48.70209999244416,1.143698918913249e+20
C_c2823,0.4,2.024e+20,2.0,,180.57010188725025,1.6486407189110945,118.45514884078545,0.31355497832970103,179.19419732162243,70.11422633021822,-276.61745208886015,8.410453729879039e+17,25.15159992094181,0.3348592611872091,153.70773813949342,1.5113388960985062e+20
C_c2823,0.4,2.024e+20,2.5,,179.01142515652225,4.849220144550149,147.15190372499177,0.9222731792919926,176.9675002023608,49.609600270926066,-275.4182689081809,1.6565860617346e+18,27.797517949962195,0.4496468477291274,148.7203354046695,1.5014338753702153e+20
C_c2823,0.4,2.024e+20,3.0,,177.65436030407807,10.989617678479611,175.17843097185892,2.090115386270037,175.06691774458673,37.45083075466736,-273.11760378911345,2.7128014269125166e+18,30.005460354960324,0.5782409984788878,144.48321639114752,1.488778405291339e+20
C_c2823,0.4,2.024e+20,3.5,,176.0190464506482,21.01283430417124,202.48448848207917,3.9964309563103275,173.16717250091813,29.567095983632715,-269.3621360455082,3.9485896819987753e+18,31.862668759618515,0.7213568424409279,140.58314689885867,1.4741533045697025e+20
C_c2823,0.4,2.024e+20,4.0,,173.93329105147905,35.68731891955204,229.0767261810893,6.787371185309602,171.22337900654753,24.120237401330332,-263.86394562569456,5.301126675586294e+18,33.44080685137398,0.8797392449567372,136.90283291021683,1.4583346447719096e+20
C_c2823,0.4,2.024e+20,4.5,,171.35238526273173,55.577595162958595,255.00327360246848,10.570302824043093,169.2822020023688,20.17353382612824,-256.4115185623058,6.713948034082679e+18,34.80038623866237,1.0541652971097872,133.42765046659665,1.4420041379321247e+20
C_c2823,0.4,2.024e+20,5.0,,168.28696038284943,81.0537279868265,280.33881587335196,15.41560852581453,167.40923334051178,17.20573511180346,-246.86620006578605,8.14026683169641e+18,35.99225423364707,1.2454446963086554,130.17153441055606,1.4257156931878876e+20
C_c2823,0.4,2.024e+20,5.5,,164.77314689244963,112.3206310941175,305.17213112369336,21.362260827790205,165.6632025819476,14.906656564948344,-235.15121370493193,9.543626060370143e+18,37.05844878207857,1.454418701648809,127.15033509822021,1.409892233130267e+20
C_c2823,0.4,2.024e+20,6.0,,160.86942440873486,149.45378125009015,329.5966523216353,28.42461465595464,164.09873146793123,13.081668126331683,-221.23828007923734,1.0897161739044989e+19,38.033064863687784,1.6819581675775657,124.3837084366659,1.3948376963730673e+20
C_c2823,0.4,2.024e+20,6.5,,156.62879754700614,192.43341171905072,353.7039067333308,36.59891057484625,162.74460303436715,11.603276822299275,-205.13480532797522,1.218224191117952e+19,38.94323457728018,1.9289610604414784,121.8724073966455,1.3807554471790405e+20
C_c2823,0.4,2.024e+20,11.0,,95.60435744040703,819.401188745682,567.5753801656059,155.84191208754123,143.59451507421386,5.262551203180297,29.775538410200753,1.992497983686703e+19,46.482076401913766,5.186150720275813,91.92628795202428,1.3035672846665626e+20
C_c2823,0.4,2.024e+20,11.5,,86.82333834808611,912.5379809149929,591.7778370985906,173.55559859022247,140.06198676543139,4.918491004370504,64.67174307150442,2.0401015196610253e+19,47.35291810604627,5.681386138388841,87.0276825209963,1.2997338422692328e+20
C_c2823,0.4,2.024e+20,12.0,,78.82408180844277,1009.7190461425868,616.1512454659705,192.03846538585856,137.18659755657708,4.609290206172497,101.0832434291798,2.0816961041457095e+19,48.23645254928193,6.207092790626931,82.7430522166682,1.2966078848315748e+20
C_c2823,0.4,2.024e+20,12.5,,71.57224462467823,1110.7747453886425,640.7045133528276,211.25824882546587,134.86820722235433,4.33018798024285,138.94647965349426,2.1177568853553943e+19,49.13243156540009,6.7643342933649,78.97144136358935,1.2941252851265665e+20
C_c2823,0.4,2.024e+20,7.0,,152.1124855258764,241.17342417380377,377.57935358236995,45.86877354361573,161.62286917761693,10.384930540247751,-186.87304850556242,1.338693150298018e+19,39.81016124760004,2.1963497594939336,119.61635817052296,1.3677680388511207e+20
C_c2823,0.4,2.024e+20,7.5,,147.38005698896416,295.54395055513845,401.3000680759189,56.209503956081775,160.74340037227893,9.366068341044892,-166.50166817396627,1.4504521789426577e+19,40.65012915913535,2.485068371613437,117.60820284153014,1.3559357129471574e+20
C_c2823,0.4,2.024e+20,8.0,,142.48852828440806,355.38792222933466,424.9337371510298,67.59122892879715,160.10637280344088,8.503201097342567,-144.07951432211695,1.5532242522990617e+19,41.47542753467012,2.7960801943667613,115.83486507440401,1.3452723851032291e+20
C_c2823,0.4,2.024e+20,8.5,,137.49559520803294,420.5326604059044,448.5385419246931,79.98110668259895,159.7079909603423,7.7643855073372094,-119.67128570410706,1.647019157128549e+19,42.29515891998657,3.130365421237997,114.28246661911774,1.3357588058095536e+20
C_c2823,0.4,2.024e+20,9.0,,132.4571715932628,490.7976255507783,472.16358959417624,93.34480040350252,159.53979538137833,7.125687891824146,-93.34462631307402,1.7320480444902644e+19,43.11592150641083,3.4889191232984484,112.93495475166907,1.3273529862570107e+20
C_c2823,0.4,2.024e+20,9.5,,127.42689927442238,565.9993540425103,495.84965006378576,107.64741714534502,159.58939302488088,6.568856769845716,-65.16827573015176,1.8086573436007764e+19,43.94236950287935,3.872749506701247,111.77427401530029,1.319998203863915e+20
C_c2823,0.4,2.024e+20,10.0,,115.78854336579568,645.9544738953357,519.630045690035,122.85408139015388,153.17367890726277,6.079752599382493,-35.21093920270148,1.877278610724745e+19,44.77766610991561,4.28287645033062,104.11313634701652,1.3136290272276334e+20
C_c2823,0.4,2.024e+20,10.5,,105.2290602156011,730.4813929400841,543.5315688468166,138.93025612327457,147.9124483095931,5.647264996523836,-3.5406551219177924,1.938391703613681e+19,45.62384177076183,4.720330272077052,97.56827626675418,1.3081756990992356e+20
C_c2823,0.45,2.277e+20,2.5,,225.5435603929542,6.117181966210364,165.33645717318757,1.1634268381535489,223.30514391835783,48.6020201322958,-274.94319290222467,2.0473028539396416e+18,35.09821946986483,0.47035643284004247,187.73656801565295,1.6868548899112665e+20
C_c2823,0.45,2.277e+20,3.0,,223.27151603400188,13.834730836845772,196.67633482410992,2.631227457859697,220.54435947191408,36.70441201898727,-272.05160560787454,3.347055785977074e+18,37.83302710462156,0.6048495559597049,182.10648281133282,1.671282448754653e+20
C_c2823,0.45,2.277e+20,3.5,,220.5667957016922,26.390442904416556,227.13800132114392,5.019198335990984,217.75113984081963,28.990711966544545,-267.34727032024887,4.862440041717266e+18,40.11201740080597,0.7545059714453451,176.8846164685683,1.653350608797267e+20
C_c2823,0.45,2.277e+20,4.0,,217.24131377544538,44.70675867435149,256.7357775779953,8.502778432274908,214.89365877611488,23.661338433741175,-260.48456988939466,6.514561269558552e+18,42.030473204832845,0.9201008728647351,171.9430846984173,1.6340318760447338e+20
C_c2823,0.4,2.024e+20,15.0,,46.439038361443465,1668.439682356789,766.3086265533716,317.32054318743764,129.28892059721684,3.2682495261586046,347.89065004640287,2.2298810861274493e+19,53.77756413425806,10.061254645870118,65.45010181708868,1.2894006226923674e+20
C_c2823,0.4,2.024e+20,15.5,,43.761867499470725,1789.3421689383656,792.0007158563031,340.3149871103877,129.05864527373157,3.105663387403079,393.19001904487055,2.2412459486429127e+19,54.73414619717436,10.830404274745552,63.494094801811656,1.2896585992287106e+20
C_c2823,0.4,2.024e+20,16.0,,41.93819105835729,1913.0112440383448,817.8789282531889,363.83560850365274,129.05048428000046,2.9555837296170213,439.52596485582154,2.249656315431307e+19,55.69795757675092,11.638709773772774,61.71381692947677,1.2902240842210397e+20
C_c2823,0.45,2.277e+20,2.0,,227.9599988476172,2.083066153154905,133.17456922626712,0.39617835166853127,226.41681739384546,68.66934585974647,-276.4546829134318,1.0407663222160937e+18,31.793272210377417,0.35028544639663217,194.2732597370714,1.6990792164470217e+20
C_c2823,0.45,2.277e+20,4.5,,213.26359991321038,69.4430893902585,285.534261185374,13.207381171133264,212.0496164509289,19.799392667999122,-251.21643815405648,8.233360761939845e+18,43.669232156500065,1.102446074073637,167.2779382203552,1.6141703271886756e+20
C_c2823,0.45,2.277e+20,5.0,,208.6657826852228,101.01447677547462,313.62914268074445,19.211943337927515,209.3140517057054,16.894777257863012,-239.38736856753894,9.961586296549659e+18,45.09607240469475,1.302390117080289,162.91558918393036,1.5944421541369115e+20
C_c2823,0.45,2.277e+20,5.5,,203.50569881657418,139.63382014860625,341.1315653324814,26.55695625406342,206.76773038227327,14.644029542747338,-224.91759267291647,1.165533736070019e+19,46.366663618783555,1.5208167784141047,158.8802499850756,1.5753550474398656e+20
C_c2823,0.45,2.277e+20,6.0,,197.86335435378896,185.3600536704864,368.15660219158923,35.2536286075898,204.48180384310513,12.856794108776802,-207.78502920144368,1.3282878371540929e+19,47.52574267544334,1.7586425973748183,155.19741857028694,1.5572664036932154e+20
C_c2823,0.4,2.024e+20,13.0,,65.0530509916185,1215.5384403738556,665.44372821802,231.18325597470354,133.02686201694507,4.0772378609854485,178.19901623036614,2.1487350041937105e+19,50.04037223448486,7.354181164712659,75.63230861774755,1.2922258175591822e+20
C_c2823,0.4,2.024e+20,13.5,,59.26449845790779,1323.8463785073832,690.3726479792011,251.78234272831918,131.59605069396224,3.8471418603695686,218.77949884652344,2.1750546669137236e+19,50.959631318664734,7.977710444136782,72.65870893116072,1.2908534112993095e+20
C_c2823,0.4,2.024e+20,14.0,,54.21870759154058,1435.5376007366415,715.4931199971611,273.0248962841018,130.52409419480682,3.637123339510155,260.62761986295277,2.1971118365964583e+19,51.88946136985281,8.63600537670103,69.99862744825298,1.2899562132359489e+20
C_c2823,0.4,2.024e+20,14.5,,49.93526876283528,1550.4538785285022,740.8054353206246,294.8808231573358,129.76752637319808,3.4448285364582487,303.6840947032076,2.2152740638478176e+19,52.8290526417159,9.330155146171524,67.60831858531064,1.2894865197817751e+20
C_c2823,0.45,2.277e+20,6.5,,191.80721172150007,238.14243813622465,394.8155023038087,45.29231030912856,202.49212741488802,11.408414493133598,-188.00868896116924,1.4822729117948244e+19,48.6085238868461,2.0168139006639607,151.86678962737795,1.5404087853855362e+20
C_c2823,0.45,2.277e+20,7.0,,185.41224185708126,297.85676240641084,421.21097585655195,56.649377642075265,200.82418476529725,10.214286571776091,-165.63511099688023,1.6261608295100228e+19,49.642194708346366,2.2963036619531003,148.8856863949978,1.524916188991536e+20
C_c2823,0.45,2.277e+20,7.5,,178.74861629061343,364.33268530627987,447.43474159206426,69.29243341840136,199.4871921721779,9.215225407221336,-140.72811821205426,1.7592522438743257e+19,50.64735992036794,2.598108439037327,146.24172381277265,1.510847947373639e+20
C_c2823,0.45,2.277e+20,8.0,,171.8814161342357,437.3731411067298,473.5666317717158,83.18399770708893,198.47782611379006,8.368736869504087,-113.36154658336912,1.8813130733633683e+19,51.63934347571505,2.923245526804012,143.915237111271,1.4982089245395635e+20
C_c2823,0.45,2.277e+20,8.5,,164.87525790042764,516.7674054682369,499.6747124413075,98.28399284600397,197.78770324207946,7.643611502512488,-83.61434965332803,1.9924413467825013e+19,52.629309374183066,3.2727504163529137,141.88564345154347,1.4869658102323016e+20
C_c2823,0.45,2.277e+20,9.0,,157.79174119078584,602.299413398177,525.8159975552721,114.55132543419926,197.40277808503538,7.016466146577033,-51.56748198378735,2.0929630553769103e+19,53.62519186181638,3.6476745764395937,140.12991164677942,1.4770597698170172e+20
C_c2823,0.45,2.277e+20,9.5,,150.68921829264386,693.7527701296401,552.0374868107482,131.94483935095624,197.3044052989207,6.469468369340775,-17.30202169541027,2.1833526525421523e+19,54.63245048130812,4.049083572877261,138.6228712447353,1.4684160273686597e+20
C_c2823,0.45,2.277e+20,10.0,,135.19967991333166,790.9135014444172,578.3773209663754,150.42383883971368,189.04705175406787,5.988801816207453,19.101860014825238,2.2641742245426995e+19,55.65466884694855,4.47805548167968,128.91432742543964,1.4609509000052226e+20
C_c2823,0.45,2.277e+20,10.5,,121.04912090604867,893.5714009143996,604.8659521498303,169.94834473990963,182.27917877208895,5.563608198237818,57.56540365386044,2.3360386208459944e+19,56.69402491512496,4.935679583542728,120.64947427342126,1.4545768706343433e+20
C_c2823,0.45,2.277e+20,11.0,,108.03622703325286,1001.5205253392829,631.5272534802322,190.4791887142782,176.72224262142777,5.185243452244699,98.01144706161809,2.3995730418771997e+19,57.75165546743948,5.423055295583987,113.5475318584043,1.4492061375986501e+20
C_c2823,0.45,2.277e+20,11.5,,96.02998746713544,1114.5591751515492,658.3795237389007,211.9780095220731,172.16848809398988,4.846745465244204,140.36441806920277,2.4554002063851094e+19,58.827934926450546,5.941291288948211,107.39926187859113,1.4447530003651022e+20
C_c2823,0.45,2.277e+20,12.0,,84.93884782314785,1232.4896797655827,685.4363887526498,234.40721219461614,168.45021066045612,4.542446937222227,184.55025407417259,2.5041242783814746e+19,59.92268916456527,6.491504784812054,102.0360167110788,1.441135424152434e+20
C_c2823,0.45,2.277e+20,14.5,,42.054988205815164,1888.8447020886651,824.0292411051511,359.23937389024314,158.61898658476167,3.395603032936451,430.4713198096518,2.6601992545283244e+19,65.64638865072968,9.76187145498885,83.21072647904313,1.4330523370029076e+20
C_c2823,0.45,2.277e+20,15.0,,36.0056328704095,2032.1635833435896,852.4238582736737,386.49719191611723,157.90469830907446,3.221579342309943,484.1695940964578,2.677216443221126e+19,66.8336356155534,10.52782935495569,80.54323333856536,1.4330037558647934e+20
C_c2823,0.45,2.277e+20,15.5,,30.854332135458264,2179.0804733850305,881.0409043496763,414.43931523309885,157.4959302106117,3.061319989088569,539.2159591652526,2.69044258944246e+19,68.03232317668368,11.333787152484167,78.12981988144386,1.4333568447372549e+20
C_c2823,0.45,2.277e+20,16.0,,26.637516292370094,2329.4216113308767,909.8769376145528,443.03269625901936,157.3590415265767,2.9133666100668045,595.5453108272076,2.700216700503534e+19,69.24129302720544,12.180916292095123,75.93683220727611,1.4340688006767629e+20
C_c2823,0.45,2.277e+20,12.5,,74.70769704966136,1355.118076177397,712.7075836061134,257.7299069081791,165.4368057181215,4.267689682435333,230.4962816192803,2.5463220068186325e+19,61.03535682747196,7.074820976077594,97.32662791457193,1.4382759780796803e+20
C_c2823,0.45,2.277e+20,13.0,,65.30739750329502,1482.2537852747885,740.1996259004187,281.909847421412,163.02433736718072,4.018610899386791,278.13109511336586,2.582537526823888e+19,62.16511077044735,7.6923725552109445,93.16685404152243,1.4361023359686625e+20
C_c2823,0.45,2.277e+20,13.5,,56.72590240912501,1613.7093660005914,767.916394426891,306.9113843196524,161.12668797043514,3.791981254982374,327.38446472200565,2.6132796555983778e+19,63.310949579044234,8.34529933708334,89.47043905430756,1.4345474812128594e+20
C_c2823,0.45,2.277e+20,14.0,,48.96961209698412,1749.3002649389784,795.8596085883232,332.6994173887443,159.676933681548,3.585080836798587,378.18724254328407,2.6390211977883836e+19,64.47176425721342,9.034747925841266,86.17042149849333,1.4335496796918229e+20
C_c2823,0.5,2.53e+20,8.0,,203.60088409307997,525.7624313177647,521.5044311440006,99.99475681232565,240.4040042567979,8.252744489653766,-80.24412124339723,2.2301650112570135e+19,62.773098295608925,3.0413628887382775,174.58954307245068,1.6487856262676745e+20
C_c2823,0.5,2.53e+20,8.5,,194.34148806260532,620.3363315399819,550.0576032918473,117.98176689558913,239.3664040071623,7.539492126120407,-44.80946539039427,2.3591803318626255e+19,63.943458744683156,3.4049830830626093,172.01796217941654,1.635764889873952e+20
C_c2823,0.5,2.53e+20,9.0,,184.9764309510626,722.1114619516027,578.6592225675753,137.3383789485753,238.7219490328342,6.922352178969053,-6.676674926465779,2.475646400458636e+19,65.12635081173805,3.795091203792898,169.80050701730323,1.6243226917330764e+20
C_c2823,0.5,2.53e+20,9.5,,175.56725432994992,830.838597230308,607.3624119342654,158.01719280723225,238.44414546969404,6.383860480671744,34.06087117696482,2.5801836126817313e+19,66.32796950379463,4.212806535101282,167.9033694307981,1.614363999938773e+20
C_c2823,0.5,2.53e+20,14.0,,42.125703376819274,2083.803914737591,874.9551860348782,396.3186665439424,191.3010077241211,3.540273864764843,503.5180334310091,3.1043685130547438e+19,78.23923732220905,9.404934040774489,103.65683636113755,1.574669876616653e+20
C_c2823,0.5,2.53e+20,14.5,,32.25229666207446,2249.5057852013583,905.9430583163896,427.83350528744626,189.91438556568684,3.353215785896876,565.6026967502355,3.128596975674588e+19,79.67353057497537,10.1626866640978,100.07816832661366,1.574156566638949e+20
C_c2823,0.5,2.53e+20,15.0,,23.31900757408789,2419.7417402312617,937.1909694928346,460.2106815745836,188.9439885156757,3.1813864945889443,629.3861768236823,3.148048675211784e+19,81.12479899914774,10.961028523355534,96.8581609931724,1.5741579848648642e+20
C_c2823,0.5,2.53e+20,15.5,,15.358523117065317,2594.3120392411197,968.6957294470445,493.4122067432685,188.34211387201856,3.023124905555779,694.79363546751,3.163151820548061e+19,82.59146958448261,11.801186013652703,93.94945827388324,1.5746196807252378e+20
C_c2823,0.5,2.53e+20,2.0,,280.80014553281643,2.567472289705922,147.87672946161464,0.4883075547791692,279.0945634073371,67.40390403048356,-276.2731871233518,1.259151754126494e+18,39.20365046614561,0.36467660027919147,239.52623634091228,1.8865872838166217e+20
C_c2823,0.5,2.53e+20,2.5,,277.32156096226146,7.527904085619156,183.48026444324998,1.431732078043907,274.90839939089284,47.72050443353216,-274.41462791031864,2.4737481032356644e+18,43.23133692282735,0.4896701134976708,231.18739235456786,1.8718365603048774e+20
C_c2823,0.5,2.53e+20,3.0,,273.9030815039308,16.991347747718734,218.0979304176699,3.2315844281386257,271.0851708107102,36.0522532942661,-270.86889416598905,4.0377014832743567e+18,46.53666385126224,0.6296544713798164,223.91885248806815,1.8530999744748185e+20
C_c2823,0.5,2.53e+20,3.5,,269.8707580498053,32.33791866347051,251.66858979685406,6.150348750605455,267.18687177960686,28.48787577013677,-265.11888853393185,5.854918176235582e+18,49.26575941860659,0.7853940962148123,217.13571826478542,1.8315990404774776e+20
C_c2823,0.5,2.53e+20,4.0,,265.0291816963688,54.64848582031974,284.21642336775653,10.39359551816661,263.2045280499221,23.2616326233474,-256.75963437151813,7.828724442534426e+18,51.54192886291752,0.9576918971133145,210.70490728989128,1.808523093982285e+20
C_c2823,0.5,2.53e+20,4.5,,259.36948707660093,84.67458347575685,315.82509176616674,16.10425903125419,259.2559892553315,19.474030511008795,-245.50954915213825,9.874273620079002e+18,53.47008873649829,1.147391865993516,204.63850865283968,1.7848923950863958e+20
C_c2823,0.5,2.53e+20,5.0,,252.9528170146344,122.869216009239,346.6137602374481,23.36849619279716,255.4720836122664,16.62477544579518,-231.19890259874686,1.192315765557198e+19,55.137909394993,1.355378830983998,198.9787953862894,1.7615130626299452e+20
C_c2823,0.5,2.53e+20,5.5,,245.86381730352898,169.44463885024084,376.7180020626571,32.2266758629273,251.95913591034844,14.41631976366648,-213.74816750480295,1.3923738901700977e+19,56.61688399253013,1.5825764494452823,193.75967546837305,1.738980450928243e+20
C_c2823,0.5,2.53e+20,6.0,,238.20717141045267,224.43482182159718,406.27610296028524,42.68525876224956,248.80636404585587,12.662072731326651,-193.14461616235843,1.5839388192700963e+19,57.963924987206184,1.8299441895097779,189.0124948691399,1.71770513713838e+20
C_c2823,0.5,2.53e+20,6.5,,230.06800773771795,287.75084610304174,435.42013893678615,54.7273334203375,246.0564721663354,11.239877422075786,-169.42156439943338,1.7645918606779679e+19,59.22334496711429,2.098473841788853,184.73465335743225,1.6979467505694297e+20
C_c2823,0.5,2.53e+20,7.0,,221.53519691572023,359.22479123745495,464.2707876182638,68.32096304545155,243.73736990817324,10.066846660216699,-142.64192813251978,1.9328926985795256e+19,60.42894837140925,2.3891859335618837,180.91923560320208,1.679847708794256e+20
C_c2823,0.5,2.53e+20,7.5,,212.68883403812333,438.64185789030233,492.9348254633972,83.42529495215659,241.85607948834624,9.08500821515579,-112.88618771062315,2.088139050697142e+19,61.60602114926188,2.703126289221908,177.54693204986245,1.6634631300336163e+20
C_c2823,0.5,2.53e+20,12.0,,90.76963969050547,1470.42090502836,753.6177607798074,279.6593519273438,202.3950308621665,4.484913391261122,273.69758821244716,2.949704125425466e+19,72.70342895289754,6.755525036164094,122.93607687310485,1.583158429500911e+20
C_c2823,0.5,2.53e+20,12.5,,77.22707082744239,1615.9379098173708,783.5633056811777,307.3352310681657,198.61477367712638,4.213894710988138,328.2194486130725,2.99813858032704e+19,74.05411638314568,7.3630485440130355,117.19760874996767,1.5799269163890233e+20
C_c2823,0.5,2.53e+20,13.0,,64.61821279224625,1766.8138462682114,813.765855787975,336.03032542175106,195.57391877215528,3.968145146400013,384.7491769215509,3.0396701214745633e+19,75.42796016413575,8.006324339928742,112.13963426809077,1.5774861842962658e+20
C_c2823,0.5,2.53e+20,13.5,,52.918231520826964,1922.8383368611067,844.2293122167537,365.7046232876138,193.16406963814973,3.744495081791112,443.20794954072824,3.0748959150124204e+19,76.82351618587026,8.686550898314394,107.65400255396507,1.575757825182858e+20
C_c2823,0.5,2.53e+20,10.0,,155.79022495751548,946.2737153488199,636.2100005707516,179.97179792219202,228.12109775441215,5.910484323970604,77.31174350293574,2.67350351777122e+19,67.55222456701641,4.6592616349283995,155.90961155246734,1.6057850535685993e+20
C_c2823,0.5,2.53e+20,10.5,,137.65011139365438,1068.1788234678472,665.2359571108763,203.15693043534984,219.66974050858857,5.491586405340878,122.98677163195515,2.7563603948259754e+19,68.8013348966041,5.135600957190211,145.73280465479425,1.5984790618527787e+20
C_c2823,0.5,2.53e+20,11.0,,120.87731663950842,1196.3219033882858,694.4667163452139,227.52846280541803,212.73321175315962,5.118696639713977,170.99902370420182,2.829517677613385e+19,70.07628281966497,5.642979722194773,137.01394921129986,1.5923400980700106e+20
C_c2823,0.5,2.53e+20,11.5,,105.29290665116713,1330.4764578167944,723.9223779323689,253.0433175121761,207.04600095139256,4.784991141947004,221.2636364157163,2.893725149684801e+19,71.37716008921551,6.182563010623926,129.4862778515531,1.5872656870166646e+20
C_c2823,0.5,2.53e+20,16.0,,8.408420422756194,2773.0194680871055,1000.4531863933813,527.4005726354865,188.0668061298025,2.8769968787228533,761.7511810974712,3.1742979689007247e+19,84.0720141192653,12.684392005367288,91.3104000051699,1.5754922689765815e+20
C_c2823,0.55,2.7830000000000003e+20,2.0,,339.0722281773596,3.1016501965451333,162.56201840082107,0.5899028508809188,337.20950636149496,66.2808380772457,-276.07304300062185,1.4957811765122819e+18,47.3803866166623,0.37819580367876177,289.4509239411539,2.0738683306356192e+20
C_c2823,0.55,2.7830000000000003e+20,2.5,,334.3121895915639,9.080228263178832,201.58438726629726,1.7269686133739817,331.74455264074294,46.938975943903046,-273.8330078980862,2.934990826241255e+18,52.192075600225834,0.5078077583093537,279.04466928220774,2.0563903346272675e+20
C_c2823,0.55,2.7830000000000003e+20,3.0,,329.49949268989263,20.455407003230253,239.4455427140426,3.890413857944361,326.64017320819636,35.47481517644544,-269.57099117917085,4.783020386418882e+18,56.108502402204024,0.6529397703852683,269.8787310356071,2.03425189928773e+20
C_c2823,0.55,2.7830000000000003e+20,3.5,,323.8661122521118,38.844678859249804,276.080607137764,7.387869472240719,321.4091844999186,28.043300521472926,-262.6809557880716,6.923239571035316e+18,59.3126912558032,0.8143772572925128,261.2821159868229,2.0089322028681006e+20
C_c2823,0.55,2.7830000000000003e+20,4.0,,317.21970191057886,65.49003576361017,311.52590277166087,12.455549901881016,316.07671305568726,22.90877779912268,-252.69755603647033,9.239528898800153e+18,61.96069853689456,0.9929487119009422,253.12306580689176,1.9818572353727598e+20
C_c2823,0.55,2.7830000000000003e+20,4.5,,309.5843738480676,101.23093272575147,345.8867431832044,19.25311109511067,310.8105709542434,19.187240999513996,-239.30626752288103,1.1631132705099774e+19,64.18549486062508,1.1895282307568622,245.43554786286143,1.9542363539868087e+20
C_c2823,0.55,2.7830000000000003e+20,5.0,,301.05812692244075,146.5503996656345,379.30815073827364,27.87242051240702,305.7838350610341,16.387128530935254,-222.326110093791,1.4017878058119293e+19,66.09771828841984,1.4050348336860867,238.28108193892817,1.927012261683142e+20
C_c2823,0.55,2.7830000000000003e+20,5.5,,291.75738442178033,201.65103064308425,411.95205603365054,38.35200951800819,301.1316771289264,14.216166812674246,-201.68117643469913,1.6340170771351527e+19,67.78690738698803,1.6404298839655227,231.70433985797288,1.900869993098356e+20
C_c2823,0.55,2.7830000000000003e+20,6.0,,281.81426373692483,266.533457599415,443.98137428951895,50.69199830083273,296.96251457160173,12.491124485741706,-177.3712297717922,1.8556523989943652e+19,69.3236611577041,1.8967134883648016,225.74213992553285,1.8762723586189964e+20
C_c2823,0.55,2.7830000000000003e+20,6.5,,271.3312817813207,341.0637136018012,475.5499614017755,64.86690768992656,293.3252452022408,11.092076121899527,-149.44646442030086,2.064022576536726e+19,70.7623562452882,2.174920478618874,220.38796847833368,1.8535034722887867e+20
C_c2823,0.55,2.7830000000000003e+20,7.0,,260.4108598304664,425.0250632524042,506.7970425741531,80.83551677997474,290.2487920753929,9.937667581605853,-117.9880861274296,2.2575999972414833e+19,72.14398673032383,2.476116378035973,215.6286889670331,1.8327108892137754e+20
C_c2823,0.55,2.7830000000000003e+20,7.5,,249.14189164722623,518.1548189254478,537.8447586667727,98.5478650114309,287.73610521987996,8.971009200598951,-83.0945178787415,2.4357059671641317e+19,73.4988223651534,2.801393595088484,211.4358892596381,1.8139421186264233e+20
C_c2823,0.55,2.7830000000000003e+20,8.0,,237.60166295490717,620.1687886184159,568.7977448573413,117.9499019073365,285.7712658952839,8.151265518748508,-44.872239853035104,2.5982683122728452e+19,74.84873201944055,3.1518679906218376,207.77066588522146,1.797174309067614e+20
C_c2823,0.55,2.7830000000000003e+20,8.5,,225.86413503382252,730.7764334157637,599.7439231501328,138.98636987134407,284.3312042516989,7.448449232454978,-3.430110270813543,2.745631333621861e+19,76.20912028091914,3.528675873722658,204.5934080970571,1.7823373190037347e+20
C_c2823,0.55,2.7830000000000003e+20,9.0,,213.99752711254493,849.689508058148,630.755945216029,161.60244753757914,283.3854442278677,6.840092795872367,41.12387202741767,2.8784118703032926e+19,77.59048966512641,3.932971433170102,201.8619831295712,1.7693310573749954e+20
C_c2823,0.55,2.7830000000000003e+20,9.5,,202.06486119817114,976.6264418969417,661.8929291323975,185.74458298437932,282.8979427455171,6.309059731927086,88.68420902361146,2.997392947926772e+19,78.99967413167467,4.365924596501391,199.5323440173411,1.7580381948662134e+20
C_c2823,0.55,2.7830000000000003e+20,10.0,,177.58310557961752,1111.3140015084196,693.2022394449849,211.3608099468863,270.2869494300934,5.842069473458041,139.1485264653106,3.103447579341174e+19,80.44079265179217,4.828719250263002,185.01743752803822,1.74833319089893e+20
C_c2823,0.55,2.7830000000000003e+20,10.5,,155.07560461969976,1253.4874417115088,724.7212002390793,238.40077653911183,259.97780028838986,5.428680930642389,192.41763044850944,3.1974850497319035e+19,81.91598055904821,5.322551799085364,172.7392679302563,1.7400885819182036e+20
C_c2823,0.55,2.7830000000000003e+20,11.0,,134.1929796925911,1402.8898550936863,756.478661594581,266.8156215402681,251.5239724771177,5.06057825404022,248.3952637000342,3.2804142267190325e+19,83.42594346541908,5.848630002619818,162.2493990090788,1.733179206800795e+20
C_c2823,0.55,2.7830000000000003e+20,11.5,,114.70008625336612,1559.271130928766,788.4963818674718,296.557776391342,244.59407327633204,4.731059967229369,306.98771550808397,3.3531195215791665e+19,84.97037194401847,6.408172028768391,153.21552930354517,1.7274849083388972e+20
C_c2823,0.55,2.7830000000000003e+20,12.0,,96.42777196729452,1722.386905345686,820.7902399905767,327.580765527696,238.9235827076233,4.434667533801072,368.10342837472774,3.416445563860872e+19,86.54825271010512,7.00240570940652,145.37292428811165,1.7228921866819456e+20
C_c2823,0.55,2.7830000000000003e+20,12.5,,79.26558122931237,1891.9975582877773,853.3712683040704,359.8390156107523,234.30751780446639,4.166911326678323,431.652622199709,3.471188402050295e+19,88.15809822882362,7.632567935085139,138.51685164055763,1.7192950763701866e+20
C_c2823,0.55,2.7830000000000003e+20,13.0,,63.145117512689694,2067.8674176874797,886.2465352726418,393.2877041699817,230.58376208514102,3.9240656430093583,497.5469961030969,3.518090986002841e+19,89.79811695830294,8.299904180575496,132.48574094626258,1.7165955161383554e+20
C_c2823,0.6,3.036e+20,3.0,,390.01310631024273,24.222998777736635,260.72127384006427,4.6069721375377295,387.1619372668901,34.95794294000454,-268.1593615687757,5.581459036486748e+18,66.54096182852938,0.6749234659395328,319.94605197242123,2.2147571352665525e+20
C_c2823,0.6,3.036e+20,3.5,,382.4910742178868,45.90062210000275,300.37798932764855,8.729839317199522,380.3557288965066,27.645916688895948,-260.0372568408258,8.064886599525359e+18,70.24210500908278,0.8417287620560295,309.2718951253678,2.1853804784486456e+20
C_c2823,0.6,3.036e+20,4.0,,373.7399465476658,77.21015605986409,338.67074693653313,14.68459958102555,373.43503001723735,22.593841216644943,-248.3062976842427,1.0743287124552286e+19,73.2730627688252,1.0262063237771923,299.13576092463495,2.1540784504549972e+20
C_c2823,0.6,3.036e+20,4.5,,363.8280325307446,119.07355752150062,375.7290838050616,22.6465999050142,366.6280129641359,18.93164144867519,-232.6210481582777,1.3498945416091292e+19,75.79903780114293,1.2292586359160254,289.5997165270769,2.1222615447448977e+20
C_c2823,0.6,3.036e+20,7.0,,301.97565632342605,495.02949875633607,548.8233489237841,94.14966036846754,340.25511644315907,9.823185642442999,-91.75904117488962,2.599150471500792e+19,84.76328092709527,2.5579544994278263,252.93388101663598,1.9836360128404374e+20
C_c2823,0.6,3.036e+20,7.5,,288.05506900437837,602.5870612607984,582.2034264111301,114.60603318119122,337.0241286942344,8.870052890052701,-51.45970697403419,2.8007221551080833e+19,86.301075997459,2.893886346266383,247.829166350509,1.962425667635868e+20
C_c2823,0.6,3.036e+20,8.0,,273.8434328175964,720.2462176564779,615.4906999212111,136.9836281360855,334.47718363089757,8.061449756089342,-7.375538878615668,2.9843048631665017e+19,87.8410585354364,3.255862627302217,243.38026246815895,1.9435247834598015e+20
C_c2823,0.6,3.036e+20,8.5,,259.4165449164162,847.675565790054,648.7829495073963,161.21941585761033,332.58071414573595,7.3679079254200115,40.36929437956709,3.150399865726592e+19,89.40072675834776,3.645066106493111,239.53492128089508,1.9268406174614058e+20
C_c2823,0.55,2.7830000000000003e+20,15.5,,-2.4376887090072614,3033.062154588729,1055.0894669823274,576.8580911812303,221.5168998529383,2.989739288931249,859.1831690098265,3.6572644143185633e+19,98.37979404645715,12.238343567562481,110.89876223891869,1.7136655787864493e+20
C_c2823,0.55,2.7830000000000003e+20,16.0,,-12.434501950893605,3241.6958805980635,1089.7355184891899,616.5381395309456,221.09539797223354,2.8452012405921745,937.3534069200716,3.6697851362287112e+19,100.15812146114976,13.15531739441018,107.78195911667359,1.7147122063717315e+20
C_c2823,0.6,3.036e+20,2.0,,402.7583991557511,3.685395982893787,177.23078487579056,0.7009254619865692,400.74411292121727,65.27328425364239,-275.854326938407,1.7502773755610934e+18,56.32118871963543,0.39096822063511516,344.03195598094675,2.260927050794174e+20
C_c2823,0.6,3.036e+20,2.5,,396.4832542096651,10.773031015581719,219.6497830074012,2.048922768853487,393.78181518687313,46.23853774542075,-273.19875380877113,3.4301915533801083e+18,61.975782416718594,0.5249381240687842,331.28109464608576,2.2405265356316518e+20
C_c2823,0.6,3.036e+20,9.0,,244.84309844292363,984.5509719018669,682.1604768563826,187.25174934601603,331.2931061561585,6.767348121240606,91.65334736792765,3.2997984013228384e+19,90.99174646413981,4.062698251422756,236.2386614405959,1.9122488957047603e+20
C_c2823,0.6,3.036e+20,9.5,,230.1857251089647,1130.5592575887263,715.6882370625837,215.02106520079982,330.5669647770934,6.242928526253037,146.35927937289108,3.4334620776985784e+19,92.62146700927539,4.509976975225626,233.43552079259234,1.8996080522830106e+20
C_c2823,0.6,3.036e+20,10.0,,200.59887843826334,1285.3990377542664,749.4179652741836,244.47004299048388,315.44760363337406,5.781595018631526,204.37416836053612,3.5524383576674243e+19,94.29408066403762,4.988134777221835,216.16538819211462,1.88876919662681e+20
C_c2823,0.6,3.036e+20,10.5,,173.36435161895827,1448.7800699875638,783.3901830758812,275.5434815109347,303.1088092682878,5.37308249621402,265.58926720379253,3.657801949393728e+19,96.0115020555437,5.498417249330694,201.59888996341343,1.8795829379315905e+20
C_c2823,0.55,2.7830000000000003e+20,13.5,,48.02596701175412,2249.764053774486,919.4198761292587,427.88262538736944,227.61895413373963,3.7030134747167276,565.6994640188468,3.5578419372918997e+19,91.46633588868637,9.005668099390713,127.14695014566256,1.7147033377116078e+20
C_c2823,0.55,2.7830000000000003e+20,14.0,,33.8967432314127,2437.457843651759,952.8925154839241,463.58010728412796,225.30952413810934,3.501127516542852,636.0239915514927,3.591076065413701e+19,93.16069121028727,9.7511212127086,122.39771171511347,1.713536053271232e+20
C_c2823,0.55,2.7830000000000003e+20,14.5,,20.762626745361615,2630.7216459321526,986.6635791830352,500.336949839836,223.5692332593821,3.316178001053737,708.4354740700046,3.6183763221069783e+19,94.8790923439431,10.537532639575206,118.15260827586378,1.7130184839929722e+20
C_c2823,0.55,2.7830000000000003e+20,15.0,,8.640639830404098,2829.3306200450374,1020.7305196215998,538.1103906263656,222.32446210660336,3.1462605692635046,782.8496690061544,3.6402765089643336e+19,96.61946730472778,11.366178869954943,114.33881593192065,1.713082309732813e+20
C_c2823,0.6,3.036e+20,5.0,,352.8982077750006,171.9952342824777,411.7261703393825,32.71177360818443,360.1564779699118,16.175618878644396,-212.79251831248675,1.6239390640134943e+19,77.95680448914818,1.4518371660134612,280.7478363147502,2.0910147885854e+20
C_c2823,0.6,3.036e+20,5.5,,341.10340025156455,236.15888453723434,446.85209005997245,44.915058250136596,354.1874269747514,14.03825350999527,-188.7518806766538,1.8896919046662767e+19,79.85618140524244,1.6949391574435737,272.6363064120654,2.0611141304171377e+20
C_c2823,0.6,3.036e+20,6.0,,328.6054577340521,311.52358480606955,481.29565929621947,59.24867059426636,348.8491650066428,12.339343978533016,-160.51446833333222,2.1425272767117046e+19,81.58292934602214,1.9596034163104044,265.30663224431026,2.033073081847952e+20
C_c2823,0.6,3.036e+20,6.5,,315.52449939931296,397.9038425441666,515.2333329402808,75.67733181347504,344.19568643173795,10.960978300607001,-128.14978105437703,2.37954288014391e+19,83.2023978859836,2.2469057529839507,258.7463827927704,2.0071973010281785e+20
C_c2823,0.6,3.036e+20,11.0,,148.0410984489992,1620.421824350184,817.6359964876837,308.1880267731614,293.0026973309788,5.009213318279421,329.89946781468274,3.750615769980748e+19,97.77402514308048,6.042081863408909,189.1865903244894,1.871903849961792e+20
C_c2823,0.6,3.036e+20,11.5,,124.3292399418437,1800.0518709798043,852.1786829750819,342.35186534164893,284.7236607256973,4.68339553265381,397.2026970166461,3.831905609468134e+19,99.58081345340752,6.620397013450362,178.5224502588394,1.8655932879688653e+20
C_c2823,0.6,3.036e+20,12.0,,102.01134711920275,1987.4043324093402,887.0350602170361,377.98442998093236,277.9495580763167,4.390258152331309,467.3993366642626,3.902644708861007e+19,101.43026229299157,7.234641256201017,169.2846545271241,1.860521020926323e+20
C_c2823,0.6,3.036e+20,12.5,,80.94218871682472,2182.218464448719,922.2166412462907,415.03612975350177,272.4313554770276,4.125382107176895,540.391691932436,3.963745473816875e+19,103.32026279849781,7.886102692171271,161.2249899863585,1.8565660194210575e+20
C_c2823,0.6,3.036e+20,13.0,,61.02834881784855,2384.237569370357,957.7306183417861,453.45814331854814,267.9726652964098,3.8850989845833377,616.0835841120957,4.016055681380624e+19,105.24839622689811,8.576078487638352,154.14819058187334,1.8536167137303223e+20
C_c2823,0.6,3.036e+20,13.5,,42.2110082246798,2593.2081297092586,993.5806804733611,493.20225418940385,264.4124665664539,3.66633860747775,694.3800260651013,4.060358014832532e+19,107.2120733757974,9.305874481653643,147.89451870900282,1.8515708676232013e+20
C_c2823,0.6,3.036e+20,14.0,,24.46665613029495,2808.8791806633594,1029.767692967149,534.2207313703642,261.6257801424914,3.466512223255953,775.1869870771494,4.097371666158741e+19,109.20863424911681,10.076804864694244,142.34034102868034,1.8503352183132756e+20
C_c2823,0.6,3.036e+20,14.5,,7.79227582753083,3031.0019592713293,1066.2902672108914,576.466262633814,259.5088502881375,3.2834219894375343,858.4112614127994,4.127755094943889e+19,111.23541951190576,10.890191926286843,137.38323884994492,1.84982499003194e+20
C_c2823,0.6,3.036e+20,15.0,,-7.8004688026103395,3259.329593906468,1103.1452171058077,619.891895465071,257.973327699697,3.11519015926324,943.9603519760083,4.152109802202383e+19,113.28981776930182,11.747365813541219,132.93614411685397,1.849963303658009e+20
C_c2823,0.6,3.036e+20,15.5,,-22.282275699439083,3493.6170714208315,1140.3279482039968,664.4510308135278,256.9492586603715,2.9602031016127532,1031.7424579997946,4.170984187316404e+19,115.36929953542395,12.649664349652312,128.93029477529527,1.8506805857233712e+20
C_c2823,0.6,3.036e+20,16.0,,-35.61588680673424,3733.6212410801563,1177.8327702835568,710.0974238410348,256.37543609547913,2.8170666910595994,1121.6664765205624,4.184877668794219e+19,117.47143822315807,13.59843285805715,125.30556501426392,1.8519139604456453e+20
C_c2823,0.65,3.289e+20,2.0,,471.8412304923641,4.318510326422175,191.88334515548266,0.8213374789822334,469.68121585438985,64.36118164779812,-275.61711361818,2.0222983498145119e+18,66.02381568086902,0.4030922953143629,403.2543078782065,2.447767700014713e+20
C_c2823,0.65,3.289e+20,6.5,,362.58139924657905,458.1093440455858,554.4955042910105,87.12781614402995,398.5734136661838,10.843586794223542,-105.59217032723606,2.7102427633618715e+19,96.52220055872021,2.3150211246376617,299.7361919828259,2.159133599821006e+20
C_c2823,0.65,3.289e+20,7.0,,346.1718401625549,569.0309182237971,590.379504407581,108.22399033698396,393.6619077983892,9.72075370979464,-64.03241865745223,2.956540241022402e+19,98.26487398025428,2.6353763072467076,292.76165751088826,2.1327385909738383e+20
C_c2823,0.65,3.289e+20,7.5,,329.38072562091077,691.6814677736617,626.0451738037908,131.5508983558727,389.62630300844097,8.779782003670345,-18.07809084323181,3.182100484741072e+19,99.99032199482885,2.9813720982516503,286.6546089153605,2.1090380975422616e+20
C_c2823,0.65,3.289e+20,8.0,,312.28993325184763,825.6834508195127,661.6221359300935,157.0367355113631,386.42891216577215,7.981182640961079,32.12935689544364,3.3871144905089057e+19,101.72725194907896,3.3542132085643206,281.3474470081289,2.0879689092718602e+20
C_c2823,0.65,3.289e+20,2.5,,463.80350526307444,12.605220482832516,237.6773236043862,2.397386883629916,460.98925090017525,45.6050814630949,-272.5122747370931,3.9585857223161426e+18,72.57793310438032,0.5411939479390152,387.8701238478559,2.4242545649551314e+20
C_c2823,0.65,3.289e+20,3.0,,455.39800981896036,28.29035113308596,281.92704245259085,5.3805418820016175,452.604638120151,34.49107207524661,-266.6354185929011,6.431599557751608e+18,77.82672248682064,0.6957770481569845,374.08213858517337,2.3946329438715426e+20
C_c2823,0.65,3.289e+20,3.5,,445.68658516974284,53.49608304353431,324.56432709956687,10.17442003404979,443.9667410296977,27.287465819571246,-257.19141307265534,9.277562472504513e+18,82.04374190745644,0.867663607854376,361.0553355143869,2.3609715846538956e+20
C_c2823,0.65,3.289e+20,4.0,,434.5207891431014,89.78868507150975,365.6568992625989,17.076910013750435,435.2079974161095,22.310161895968562,-243.59341341472017,1.2336643450264801e+19,85.46598270972535,1.057728277410911,348.6842864289732,2.3252269163290536e+20
C_c2823,0.65,3.289e+20,4.5,,422.02504859232994,138.16616800392643,405.36106010375426,26.277823492666762,426.6278151373859,18.701729877043586,-225.4674880302661,1.547318555766486e+19,88.29524173147955,1.2669004903480534,337.06567291555825,2.2890217646316608e+20
C_c2823,0.65,3.289e+20,5.0,,408.39518866656044,199.14513254388064,443.88032509241464,37.87541275852065,418.5031175748814,15.985615675048727,-202.6200785687904,1.858195793234983e+19,90.69767215843018,1.4961626888042705,326.309282727647,2.2535883692052074e+20
C_c2823,0.65,3.289e+20,5.5,,393.82503933210006,272.8810596425809,481.4345996705244,51.89924873342245,411.03535508717096,13.878622325194462,-174.99292990932577,2.1587054221292814e+19,92.8056042420331,1.746546439846706,316.48320440529113,2.2197941209762474e+20
C_c2823,0.65,3.289e+20,6.0,,378.50797199373267,359.2834892898281,518.2397416187267,68.33212682803239,404.37293857493154,12.20330576865846,-142.61993532816055,2.4437575241425465e+19,94.72139066398304,2.019127582993805,307.63242032795466,2.1882012084751912e+20
C_c2823,0.65,3.289e+20,10.5,,192.55087547250776,1653.4216656949754,841.3024581843127,314.46426659852733,348.9781230921245,5.3234518318558095,342.2637461040294,4.135910869670246e+19,111.0642223892782,5.66467909667313,232.24922160617317,2.0171164476293988e+20
C_c2823,0.65,3.289e+20,11.0,,162.473119293501,1848.2086671140798,878.0019994171375,351.5108063984268,337.08731095239295,4.963362361173054,415.2459361554756,4.23869289691843e+19,113.09675188814073,6.224966805551538,217.76559225870065,2.008670590109865e+20
C_c2823,0.65,3.289e+20,11.5,,134.24931158870572,2052.032574450108,915.0361501683698,390.27607533466596,327.3552864933531,4.640846396957347,491.61404611071913,4.328629226000181e+19,115.18461226223901,6.821028898700221,205.34964533241387,2.0017491182047235e+20
C_c2823,0.65,3.289e+20,12.0,,107.60726529830953,2264.6072639809086,952.4225414842955,430.7056555365289,319.39600386301663,4.3506118881022235,571.2608720202355,4.4068265933988135e+19,117.32548572287844,7.4541921202983215,194.61632601983985,1.9962044932756154e+20
C_c2823,0.65,3.289e+20,8.5,,294.9748650690103,970.6644538099033,697.2179243680076,184.61067247010547,384.0233321383488,7.295958914343052,86.45038980321864,3.5722622379559555e+19,103.4951848845449,3.755126673366943,276.77302058043693,2.0694130121215155e+20
C_c2823,0.65,3.289e+20,9.0,,277.50254437983335,1126.264997985111,732.9203428693801,214.20433996678824,382.3546984088063,6.70238401348617,144.7503194924164,3.738527483666906e+19,105.30682883604,4.185358987276829,272.8625105854895,2.0532197409568568e+20
C_c2823,0.65,3.289e+20,9.5,,259.9332101511005,1292.141261500818,768.8000118230327,245.75234652484053,381.36238164504005,6.18388334783072,206.90032385990392,3.887065392219571e+19,107.16990257166924,4.646173730731104,269.5463053426397,2.0392214810317285e+20
C_c2823,0.65,3.289e+20,10.0,,224.8559246588768,1467.9649563125404,804.9128677699125,279.19225504108203,363.5160620308491,5.727607902878987,272.7774009585303,4.019109866474268e+19,109.08851967716004,5.138849649633498,249.28869270405562,2.0272445479237825e+20
C_c2823,0.65,3.289e+20,14.5,,-6.476821928578715,3449.0407768099203,1144.9088732372782,655.9730653414787,297.6667814332478,3.254158610808703,1015.0407500758503,4.655196800522339e+19,128.71794297147395,11.22363705211943,157.72520140965446,1.984737218372482e+20
C_c2823,0.65,3.289e+20,15.0,,-25.802441354690586,3708.3367817241383,1184.5235686308515,705.2885725161137,295.82579770508823,3.087427772268421,1112.1929736449854,4.682005940217202e+19,131.11113806168598,12.10779990866717,152.60685973473508,1.9849617418760156e+20
C_c2823,0.65,3.289e+20,15.5,,-43.95312250304573,3974.4764404524763,1224.5023365832837,755.9056742096564,294.5759486219178,2.933806848619187,1211.9093562168748,4.702763899766003e+19,133.53512308988576,13.038609729560914,148.00221580247114,1.9858249630142585e+20
C_c2823,0.65,3.289e+20,16.0,,-60.893087951654024,4247.194221915877,1264.838664844153,807.7738690661806,293.84511468777663,2.7919185145407552,1314.0904094296925,4.7180250598757745e+19,135.98694364037627,14.017463764293325,143.84070728310704,1.987257140915706e+20
C_c2823,0.65,3.289e+20,12.5,,82.36214039262319,2485.65207022973,990.1730619966811,472.7461672369922,312.91173068843835,4.088303288601668,654.0812550129701,4.474317503598046e+19,119.51653266291589,8.125793219739235,185.2694048057832,1.991900181282227e+20
C_c2823,0.65,3.289e+20,13.0,,58.391847303388886,2714.890406274142,1028.294942021224,516.345006369279,307.66832509753976,3.850303693615318,739.9715643579639,4.532057389188607e+19,121.75460935569309,8.837178474640936,177.07653726720574,1.9887107710540677e+20
C_c2823,0.65,3.289e+20,13.5,,35.6163169340075,2952.0486256822683,1066.7916433698574,561.4501281185105,303.4744022064335,3.633585001243112,828.8292710581445,4.580925344519152e+19,124.03642109079283,9.589703288654063,169.84827782698665,1.9865216840827018e+20
C_c2823,0.65,3.289e+20,14.0,,13.997735633869866,3196.855312422635,1105.663608727874,608.0099118696609,300.1815190720579,3.4355930455886066,920.5526817959513,4.621726665765927e+19,126.35863249579765,10.384731886588884,163.43815468967134,1.9852286811420262e+20
C_c2823,0.7,3.542e+20,2.0,,546.3036754073148,5.000798080293483,206.51998846216446,0.9511017868910173,544.0039874535397,63.52917442757907,-275.36147615695296,2.311531345098805e+18,76.48607286590249,0.4146470447194159,467.10326754291776,2.6343941700787415e+20
C_c2823,0.7,3.542e+20,2.5,,536.242551546678,14.575733823338046,255.66780976197217,2.7721588158606627,533.3367124947428,45.02781010398988,-271.77396890524614,4.51947123175936e+18,83.99412157050975,0.5566817774849884,448.78590914674805,2.607583056166512e+20
C_c2823,0.7,3.542e+20,3.0,,525.609865318954,32.65381855724394,303.064613393086,6.2104297514022235,522.9239308409365,34.06612022368307,-265.000528140699,7.332137743124959e+18,89.95870429074559,0.7156381791677233,432.2495883710231,2.5738952027416258e+20
C_c2823,0.7,3.542e+20,3.5,,513.3960550158392,61.6217943577605,348.6429204473003,11.719849068902468,512.184827972369,26.961632382142735,-254.14689673882634,1.055915637027176e+19,94.70775325110154,0.8923543909873273,416.5847203302802,2.5357309946562993e+20
C_c2823,0.7,3.542e+20,6.0,,431.45458313302436,409.70081638847176,554.8323428092322,77.92099826892343,463.44726552069835,12.080398163167706,-123.72972745293286,2.7586171746345886e+19,108.72018749469926,2.0756982780604902,352.6513797479386,2.3417413235291613e+20
C_c2823,0.7,3.542e+20,6.5,,412.4411245758927,521.5316658404987,593.359123337929,99.19010752620443,456.37138534959297,10.737617966901807,-81.82929134137815,3.0553060220016583e+19,110.70214706775963,2.379741336439121,343.28949694539426,2.3094068708433094e+20
C_c2823,0.7,3.542e+20,7.0,,392.94663994691274,646.8402249405685,631.4921299971102,123.02254238144671,450.38247982787885,9.628356144181552,-34.87906874599494,3.328872450223434e+19,112.62860811192527,2.708924358635191,335.04494735731834,2.2801218201308437e+20
C_c2823,0.7,3.542e+20,7.5,,373.07551700314013,785.2044902657025,669.4005779680848,149.33804200363394,445.4568345525509,8.698402676510357,16.962825398473655,3.5788730947229008e+19,114.54602516909216,3.064466823975454,327.8463425594833,2.2538900896902074e+20
C_c2823,0.7,3.542e+20,4.0,,499.49652351196715,103.2064500450203,392.48980695519754,19.62883473406241,501.3275047412126,22.05264847522031,-238.5660868157783,1.4016522360194982e+19,98.52703695380727,1.0877261499820514,401.7127416374232,2.4953394558413868e+20
C_c2823,0.7,3.542e+20,4.5,,484.1043028699337,158.47453343561966,434.7908397474489,30.1402715141205,490.7338562134117,18.493303207146003,-217.85841260545862,1.754972094655046e+19,101.6594743186354,1.302708617399587,387.77167327737675,2.4545661277847123e+20
C_c2823,0.7,3.542e+20,5.0,,467.47618324805114,227.9452583800436,475.78198216889393,43.352908691300485,480.7421745256853,15.813583546208676,-191.82933667139878,2.104036495571452e+19,104.30389630588176,1.538313950571449,374.8999642692321,2.4147945618653548e+20
C_c2823,0.7,3.542e+20,5.5,,449.85089215715954,311.73658149405236,515.714509966388,59.28918043435381,471.5905621006966,13.734253875094154,-160.43466339435042,2.440430650036483e+19,106.61736016490259,1.795606696250673,363.17759523954334,2.3769834868336263e+20
C_c2823,0.7,3.542e+20,8.0,,352.90829479323526,936.1989424960645,707.2265187914693,178.0556768733265,441.5418701108159,7.908855937036819,73.53695883194567,3.805667666814013e+19,116.48651593868492,3.447614968265912,321.6077392038651,2.2306236977311108e+20
C_c2823,0.7,3.542e+20,8.5,,332.51753604982366,1099.4103377311358,745.0871114191273,209.09685213308467,438.57586382578546,7.2311508347763045,134.6884986104075,4.010135639730825e+19,118.47151957879673,3.85963817772647,316.24470606926224,2.2101768162293052e+20
C_c2823,0.7,3.542e+20,9.0,,311.9662901967762,1274.4446038197086,783.0774881418312,242.38661920047034,436.48847655097353,6.643882885036025,200.26979500146513,4.193470731826131e+19,120.51463640405532,4.301825979652177,311.67201416726607,2.1923702733834902e+20
C_c2823,0.7,3.542e+20,9.5,,291.3102942764693,1460.9284526651584,821.2737606291246,277.8539824123864,435.2039014902077,6.130721561590652,270.1409855778859,4.3570355276261966e+19,122.62379047093827,4.7754855841999655,307.8046254350695,2.1770087331977308e+20
C_c2823,0.7,3.542e+20,10.0,,250.37066481984465,1658.5080186375428,859.7358835885639,315.43164006467424,414.41383456624266,5.679005024498045,344.1694850620643,4.5022617619435856e+19,124.80284774813718,5.2819398838641325,284.3290469342413,2.1638923535111297e+20
C_c2823,0.7,3.542e+20,10.5,,212.66600457083217,1866.8462052427492,898.5102734180774,355.0554797751184,397.5095140513855,5.278772532055974,422.22899118424004,4.63058333772403e+19,127.0528192474604,5.822525869216949,264.63416893470816,2.152824500155403e+20
C_c2823,0.7,3.542e+20,11.0,,177.53493551254667,2085.619507591211,937.6320995029215,396.66397414877235,383.70400786237445,4.922085004104378,504.19829413492437,4.743393506116011e+19,129.37274186247205,6.39859335561088,247.93267264429147,2.143616569235979e+20
C_c2823,0.7,3.542e+20,11.5,,144.52173804769677,2314.5149953859177,977.1272701802666,440.1976069724476,372.4175648277851,4.602539221738627,589.960146160197,4.842018469730677e+19,131.76032344183278,7.011503992488099,233.64573739346426,2.136090849021633e+20
C_c2823,0.7,3.542e+20,14.0,,2.634032899936301,3600.314800577076,1180.6524435299173,684.7438719217539,340.915612897282,3.4077372084911173,1071.7196325063424,5.162809917337533e+19,144.58881092274447,10.677104943805114,185.64969703073245,2.1183569098654525e+20
C_c2823,0.7,3.542e+20,14.5,,-21.883250624413222,3883.6848716901077,1222.5940302165475,738.6380257467415,337.9835142657237,3.2277898472328865,1177.8918525938927,5.199364156723606e+19,147.3046735116511,11.540251603334871,179.1385891507378,2.1178954111187036e+20
C_c2823,0.7,3.542e+20,15.0,,-45.18622473232392,4175.114835452417,1264.9425739387457,794.065090554695,335.82384695420114,3.062406982500467,1287.0839282818595,5.2286228669361275e+19,150.06131577797845,12.45005561348695,173.31247556273573,2.118217496890316e+20
C_c2823,0.7,3.542e+20,15.5,,-67.25326738275442,4474.3164910237165,1307.691917054997,850.9702534278005,334.34031506956524,2.9100129168172773,1399.1878773725318,5.2512579161503875e+19,152.8550207148188,13.407955308890468,168.07733904585598,2.1192380901790443e+20
C_c2823,0.7,3.542e+20,16.0,,-88.0509722052957,4781.002435664962,1350.8347000617669,909.298853239119,333.4490478492364,2.769245451537602,1514.096016698298,5.267879049854996e+19,155.68225541412107,14.41539746650076,163.35139496861464,2.1208805381100477e+20
C_c2823,0.75,3.795e+20,2.0,,626.1290363630482,5.732067944826817,221.1409812288918,1.090182002426612,623.6959161696582,62.765260808870956,-275.08748623029743,2.6176882506431923e+18,87.7058084343016,0.4256969878758267,535.5644107474807,2.8208100461156142e+20
C_c2823,0.75,3.795e+20,2.5,,613.770790002645,16.68353501262175,273.62198186832876,3.17304152405053,610.7947862192361,44.49828683753584,-270.9842244876708,5.112198869239763e+18,96.22005090870944,0.5714886150104478,514.0032466955162,2.7905199924736442e+20
C_c2823,0.75,3.795e+20,3.0,,600.6057789416934,37.309872217833835,324.1356205927333,7.095964597109816,598.076842327864,33.67677376515145,-263.2560123841482,8.28186612741743e+18,102.93004824401494,0.7346192741800254,494.4121748096691,2.7525586117633927e+20
C_c2823,0.7,3.542e+20,12.0,,113.29288380221357,2553.2276607318245,1017.014118683215,485.5983687945856,363.19387151730945,4.314914803148465,679.4002678471544,4.9277026167067484e+19,134.21241001405673,7.6626304870173145,221.31883101623538,2.1300820037820734e+20
C_c2823,0.7,3.542e+20,12.5,,83.61903417299618,2801.458142883329,1057.3048086050253,532.8093241949803,355.6818039464877,4.054913825997963,772.4064956393465,5.001601871996764e+19,136.7253195455083,8.353355978681897,210.60312842229752,2.1254376060627907e+20
C_c2823,0.7,3.542e+20,13.0,,55.34574833989598,3058.9110370410076,1098.0065174310625,581.7742901348291,349.60595779959436,3.818966065428035,868.8681481819771,5.064781982689009e+19,139.29508243998737,9.085073564200274,201.2258017954067,2.1220180942086465e+20
C_c2823,0.7,3.542e+20,13.5,,28.36884840788514,3325.2935762878005,1139.1224087256348,632.4375852741767,344.7418799919716,3.6040814935627816,968.6755324738406,5.118220379430507e+19,141.91760955553323,9.859185907697643,192.96508452874073,2.1196963236117817e+20
C_c2823,0.75,3.795e+20,5.5,,509.114340601548,352.6499670822025,549.7054071888055,67.07049723936409,535.7736306034192,13.602795975835063,-145.10536287178684,2.734296852248319e+19,121.27478118676156,1.8424097952477452,412.6564396214099,2.532749154733046e+20
C_c2823,0.75,3.795e+20,6.0,,487.38294287466624,462.67148129646586,591.0904306008259,87.99548902777482,525.9916175004479,11.968587926921836,-103.88284288003067,3.086448269474638e+19,123.56177448834326,2.129652157082178,400.3001908550224,2.49377008818472e+20
C_c2823,0.75,3.795e+20,6.5,,465.04752514530117,588.0339675317498,631.8446356583843,111.83818028486347,517.5090384749655,10.64129510898822,-56.91241503274429,3.4139958205203292e+19,125.72407566938725,2.4414540076963167,389.34350879788195,2.4581024267694598e+20
C_c2823,0.75,3.795e+20,7.0,,442.251581056928,728.2841002600546,672.1851673618943,138.51235302845976,510.33694492801055,9.544425729457487,-4.363929933913701,3.715340508708778e+19,127.83590119734959,2.7790415974326357,379.72200213322833,2.425878510481677e+20
C_c2823,0.75,3.795e+20,3.5,,585.5651472149658,70.26885427927165,372.61682093558727,13.364433395374673,584.9547824259732,26.6634849405132,-250.9070431244666,1.1907716379158536e+19,108.22466711331839,0.9159420608369345,475.81417325181786,2.7096822639653385e+20
C_c2823,0.75,3.795e+20,4.0,,568.6045446884732,117.44518027048247,419.17449240300135,22.33689883564306,571.7285268651201,21.817327365896237,-233.2311635003869,1.5780088191931445e+19,112.4443677290465,1.1163727296496704,458.1677864064239,2.6644500200981902e+20
C_c2823,0.75,3.795e+20,4.5,,549.9985416272606,179.96628726601733,464.0259243187224,34.227788175123834,558.8739929743596,18.303082964951095,-209.80594888271693,1.9724756385221595e+19,115.87786777227238,1.3368911243030281,441.65923407778416,2.618939743010078e+20
C_c2823,0.75,3.795e+20,5.0,,530.0727516227081,258.3441428103609,507.44153511432756,49.13447252110253,546.7968581015908,15.656766555900713,-180.43957685846405,2.3609843406877975e+19,118.76001470268075,1.5785380281520374,426.458305370758,2.574689652267867e+20
C_c2823,0.75,3.795e+20,7.5,,419.0997744986561,882.9430168005482,712.2970443896044,167.92693236529624,504.4369552270662,8.624520963827186,53.583193631190994,3.9901725159418405e+19,129.9493263159317,3.1436733504351064,371.34395556069944,2.3970808449091024e+20
C_c2823,0.75,3.795e+20,8.0,,395.66852200344135,1051.5368093393756,752.3346497271217,199.99178576825582,499.73865935654254,7.843220609293251,116.75139335150357,4.239044332035609e+19,132.0998147512179,3.5366353795406282,364.102209225784,2.3715937185131345e+20
C_c2823,0.75,3.795e+20,8.5,,372.02490731990326,1233.611817461405,792.4246089522143,234.62063156298458,496.1623880847617,7.172357080946446,184.97069314856535,4.463055135535037e+19,134.3105842953308,3.959237704692462,357.89256608473846,2.349241027975876e+20
C_c2823,0.75,3.795e+20,9.0,,348.225573281484,1428.7403686165146,832.6692069733821,271.73213070717486,493.62002502631293,6.590822419822619,258.0808539966436,4.663624868631248e+19,136.59595605283315,4.41281111994833,352.61125785353147,2.3298131277214417e+20
C_c2823,0.75,3.795e+20,9.5,,324.3195512144147,1636.5209647336637,873.1498538236696,311.2499222826955,492.0185728326632,6.0825104529624285,335.93144384271375,4.842336892552051e+19,138.96387421316766,4.898704636443164,348.15599398305244,2.313085357959187e+20
C_c2823,0.75,3.795e+20,10.0,,277.15776977059596,1856.5756603446712,913.9303523740251,353.10212484095297,468.06974031252895,5.634931148095882,418.38085525000145,5.000830986697627e+19,141.41777915356792,5.418283439120902,321.2336777198401,2.2988304981199317e+20
C_c2823,0.75,3.795e+20,10.5,,233.73734104473726,2088.5461426629363,955.0598165227973,397.22059087306377,448.6339563047571,5.23825686288112,505.29483669402634,5.140733368449562e+19,143.95797917261876,5.972927246252559,298.7030498858858,2.286826781178761e+20
C_c2823,0.75,3.795e+20,11.0,,193.26763754279773,2332.089644732928,996.5752274753124,443.5401295317555,432.78604823374155,4.884652639618687,596.5449613141163,5.263612289809403e+19,146.58265221621448,6.564029028569059,279.63936698895805,2.2768628511017848e+20
C_c2823,0.75,3.795e+20,11.5,,155.20149473550885,2586.875145324506,1038.5036177944964,491.9977838892677,419.84602536548823,4.567797482141679,692.0072031015893,5.370951752247415e+19,149.2885694708638,7.192994005560199,263.3644618890642,2.2687405684072022e+20
C_c2823,0.75,3.795e+20,12.0,,119.1373792416432,2852.5800431740336,1080.8639058349806,542.5321984112694,409.28085895015215,4.282536522989048,791.56069081472,5.4641377337272205e+19,152.07161283064494,7.86123885142219,249.34800726808504,2.2622763409340478e+20
C_c2823,0.75,3.795e+20,12.5,,84.79652098441932,3128.8875175126213,1123.6684362943574,595.0831169557254,400.6813042881392,4.02462443667341,895.0867190296401,5.5444524656699105e+19,154.92714516530475,8.570191086272208,237.18396803656225,2.257301511966333e+20
C_c2823,0.75,3.795e+20,13.0,,51.98842346015397,3415.4845140990874,1166.9242590247593,649.5909997365053,393.7271792930623,3.790533550212413,1002.4679935534118,5.6130741154496905e+19,157.8502716868886,9.321288603233413,226.55561900294032,2.2536621246254888e+20
C_c2823,0.8,4.048e+20,3.0,,680.3441898255618,42.255091562878064,345.1415851395984,8.036495864343777,678.0216767623626,33.31801213356617,-261.4031529250636,9.279660635816448e+18,116.73410053400077,0.7528134848902304,560.5347627434717,2.9306368556148045e+20
C_c2823,0.8,4.048e+20,3.5,,662.141595642657,79.42869859689785,396.4888652299255,15.106544186144,662.2234208827269,26.3891036266957,-247.47506104167724,1.332142804440713e+19,122.58535959484189,0.9385434188499963,538.699517869035,2.882847289249365e+20
C_c2823,0.8,4.048e+20,4.0,,641.7850777989801,132.48743220844304,445.71560997564785,25.19778473172378,646.34887562581,21.601041622738222,-227.5951791598513,1.762471306820472e+19,127.20663450700694,1.1438112054987695,517.9984299133043,2.8325900724146602e+20
C_c2823,0.8,4.048e+20,4.5,,619.6440096345815,202.61075825402474,493.0732377171538,38.53454011233296,630.9797101219546,18.128465938843537,-201.32158866760486,2.199478893729274e+19,130.9372504044416,1.369620468341371,498.6728392491715,2.7821842453680767e+20
C_c2823,0.75,3.795e+20,15.5,,-92.00708515831207,4991.961376262097,1389.966233429576,949.421134151288,376.1913242676772,2.8884052269622646,1593.1374588045155,5.815285928740975e+19,173.30896367846893,13.759965014884568,189.12239557432372,2.2510422222581963e+20
C_c2823,0.75,3.795e+20,16.0,,-116.89771152213655,5333.791486741727,1435.8923322242213,1014.4338028634088,375.13732430725554,2.7486518400046704,1721.2133052756776,5.833257502281218e+19,176.53721932480974,14.794670606751005,183.80543437569477,2.2529058415784064e+20
C_c2823,0.8,4.048e+20,2.0,,711.3009380340761,6.512132187821262,235.74657042822926,1.2385424208017257,708.7407859516962,62.05989195255765,-274.7952141771327,2.9405019995265833e+18,99.680910218043,0.4362955826422013,608.6235801510111,3.007018651393865e+20
C_c2823,0.8,4.048e+20,2.5,,696.3593464076974,18.92761296171319,291.540528597542,3.599842709188231,693.334743552656,44.009800634756,-270.14342031604923,5.736164767998242e+18,109.25152571900162,0.5856865503672574,583.4975312832871,2.973072799479201e+20
C_c2823,0.8,4.048e+20,5.0,,596.1204503643402,290.2933578728184,538.8685370574805,55.21089373383132,616.5947160570174,15.512977725387096,-168.4689439687167,2.6286010545044824e+19,134.05143609544632,1.61703966704397,480.92624029452713,2.7333253748818638e+20
C_c2823,0.8,4.048e+20,5.5,,571.5530366646627,395.55065251798845,583.4197235632777,75.22977860239621,603.5100709392577,13.482383255929774,-129.0314670009057,3.0397817709701644e+19,136.7622296381615,1.8871959280386463,464.86064537305765,2.6871523666586416e+20
C_c2823,0.8,4.048e+20,6.0,,546.2350167035968,518.0987577077838,627.0294676757113,98.53720272844338,591.9308629967476,11.86626366118262,-83.11552272204347,3.4266512113899926e+19,139.22977703005688,2.181268158292227,450.5198178083985,2.644357363711952e+20
C_c2823,0.8,4.048e+20,6.5,,520.3485807726444,657.489752708595,669.9705996090184,125.04797606764767,581.9115571117491,10.553211033689246,-30.888936684502813,3.785643336680219e+19,141.57111410092352,2.5004802714728642,437.8399627393527,2.6052977055220977e+20
C_c2823,0.8,4.048e+20,9.0,,386.2722871220736,1588.835256526226,881.7288670675139,302.1805774387229,553.6812928169358,6.542395073816295,318.0647104684214,5.14809224872064e+19,153.53321087468655,4.518903883919428,395.62917805832984,2.4656490797604182e+20
C_c2823,0.8,4.048e+20,9.5,,358.96316023874465,1818.5569335922,924.4643475809245,345.8713431999005,551.739814659329,6.038513517039947,404.1361165295114,5.342044563893538e+19,156.1725724812886,5.016486729332737,390.5507554487076,2.4475545563546137e+20
C_c2823,0.8,4.048e+20,10.0,,305.230355381299,2061.7591637609303,967.53490711224,392.12597535569125,524.4189136043472,5.5947112149254545,495.2583744512302,5.5138699307182146e+19,158.9157323036934,5.548607176677713,359.954574123976,2.432164064273953e+20
C_c2823,0.8,4.048e+20,10.5,,255.78966472462713,2318.0639943092183,1010.9922014432861,440.87259107767017,502.2886448554022,5.201283222131936,591.2898740785164,5.665394274014456e+19,161.76212022034755,6.116685971484883,334.4098386635698,2.4192298286984715e+20
C_c2823,0.75,3.795e+20,13.5,,20.581933330099105,3712.0601544329484,1210.634171557345,705.9967207716023,388.15825634350534,3.5773085179763666,1113.5880353928792,5.67108013949404e+19,160.8360194046216,10.115979275244461,217.20625766363926,2.251218273463932e+20
C_c2823,0.75,3.795e+20,14.0,,-9.495917519535283,4018.3047538540595,1254.7975893260225,764.2413811355035,383.7730112184476,3.3824548998625557,1228.3308128592835,5.719452355920908e+19,163.87946283115016,10.955720661872029,208.93782772542545,2.249843269036536e+20
C_c2823,0.75,3.795e+20,14.5,,-38.28302740230822,4333.909148042255,1299.4112510003708,824.2661808661563,380.40545637303364,3.2038528260330223,1346.5804892232393,5.759083296509373e+19,166.9758065971045,11.841979758312027,201.5876700176171,2.2494226728729097e+20
C_c2823,0.75,3.795e+20,15.0,,-65.79214085415208,4658.564342738154,1344.4697960474873,886.0123523453693,377.91521846571123,3.0396893936260785,1468.2212914732065,5.790783002328164e+19,170.12043893001882,12.77623278726394,195.01854674842846,2.2498532990922424e+20
C_c2823,0.8,4.048e+20,11.0,,209.7081434408318,2587.1109263859503,1054.8748839048212,492.0426270893438,484.2727874879162,4.850490468728702,692.0955448190116,5.7983666033894646e+19,164.70889504924926,6.722157508096939,312.84173493057,2.4085170642399088e+20
C_c2823,0.8,4.048e+20,11.5,,166.337975403668,2868.5522273783004,1099.2109809779365,545.5699481250789,469.58214109941446,4.536087617084206,797.5450992949573,5.914433330100579e+19,167.75174543681692,7.366468806049931,294.46392685654763,2.3998066657782956e+20
C_c2823,0.8,4.048e+20,12.0,,125.20288214295431,3162.0491067399334,1144.0198991983277,601.3901196108678,457.6004587918039,4.252979977068969,907.5116005143567,6.015125219861573e+19,170.88546287023033,8.05107873599051,278.66391718558305,2.3928964115901946e+20
C_c2823,0.8,4.048e+20,12.5,,85.96969237453436,3467.2685065229102,1189.3140737651956,659.4397972555922,447.855611735321,3.9969705055756477,1021.8702593574146,6.101853407224454e+19,174.1043410315077,8.77745739435868,264.97381330945467,2.387601115579664e+20
C_c2823,0.8,4.048e+20,7.0,,494.04193605149715,813.2030915152878,712.4802743472773,154.66309597529258,573.451419892661,9.467721935757497,27.45325454767194,4.115214767695291e+19,143.86956087175687,2.8460949559554147,426.7357640649486,2.5700926189246326e+20
C_c2823,0.8,4.048e+20,7.5,,467.41701079622356,984.7017985259643,754.7592837185515,187.28043506165312,566.4940716300353,8.557034130790786,91.70985862003631,4.415216579232947e+19,146.18283726114282,3.2194081707949347,417.09182619809746,2.5386998094153505e+20
C_c2823,0.8,4.048e+20,8.0,,440.54308170974207,1171.4634720721835,796.9742198795204,222.80063775340855,560.9481628168162,7.783289099469447,161.6851436943694,4.686417326978509e+19,148.54964988618255,3.621744429634629,408.776768500999,2.510972982621941e+20
C_c2823,0.8,4.048e+20,8.5,,413.47894538499105,1372.9946795718222,839.2610000699503,261.12985810776485,556.713331396361,7.118687301101312,237.19423197993672,4.930155264939041e+19,150.99482582352755,4.054452845614822,401.66405272721863,2.4867034089418844e+20
C_c2823,0.8,4.048e+20,13.0,,48.408142259319106,3783.8807831834347,1235.1003458080302,719.6562861536573,439.9791058210757,3.7645705575934842,1140.4975660026985,6.17591052705577e+19,177.4024579452099,9.547085638898649,253.02956223696714,2.3837521911836446e+20
C_c2823,0.8,4.048e+20,13.5,,12.35723620316196,4111.557943879634,1281.381084076792,781.9772053464675,433.6722349399296,3.552856552734044,1263.270629108658,6.238475489550414e+19,180.77386772120374,10.361454710411618,242.53691250831423,2.3811968090062022e+20
C_c2823,0.8,4.048e+20,14.0,,-22.276849736988538,4449.972544673797,1328.1551132136296,846.3402782715092,428.70387176936015,3.3593600824541094,1390.066762995452,6.290620000454149e+19,184.21273187315757,11.222065948307243,233.26907394789532,2.379796868599257e+20
C_c2823,0.8,4.048e+20,14.5,,-55.54706641431494,4798.796833871766,1375.4184543690785,912.6831698340709,424.8840904836351,3.18198276284798,1520.7631666740085,6.333316424311363e+19,187.71340160426453,12.13043052997938,225.04025834939117,2.3794278382871816e+20
C_c2823,0.8,4.048e+20,15.0,,-87.47705913933191,5157.70246052621,1423.1649456904988,980.9434309674798,422.052602797078,3.018929524726506,1655.2368146289332,6.367445626641585e+19,191.27047253011915,13.088069282993567,217.69406098396527,2.379977614946098e+20
C_c2823,0.8,4.048e+20,15.5,,-118.05717884169519,5526.3603406809,1471.3867374957777,1051.0584731941,420.08277185744555,2.868655883859678,1793.3644067033292,6.393804968785458e+19,194.8788144617284,14.09651250688422,211.1074448888329,2.3813453888646142e+20
C_c2823,0.8,4.048e+20,16.0,,-147.26140332160935,5904.440750957777,1520.0746957421877,1122.9655864246595,418.864747851919,2.7298258699236047,1935.022403163711,6.4131159536030876e+19,198.53358593219878,15.157299817257753,205.17386210246246,2.38344056877294e+20
C_c2823,0.85,4.301e+20,2.0,,801.8033041845363,7.34080640363202,250.33698622617595,1.3961479699067736,799.1226579525066,61.405352790991714,-274.48472908999435,3.2797236988209695e+18,112.40930303310942,0.446487686205956,686.2668672331913,3.193023083032496e+20
C_c2823,0.85,4.301e+20,2.5,,783.9800238600066,21.30697986345774,309.42409365822726,4.052374500231027,780.9284980051327,43.55693044538174,-269.25192649890477,6.390804489437275e+18,123.08444535992162,0.5993360777339808,657.2447165674772,3.155248417947341e+20
C_c2823,0.85,4.301e+20,3.0,,764.7847745019637,47.4861570004366,366.0839297868573,9.031392199913036,762.7179323100224,32.985781058611366,-259.4431935378661,1.0324469862393608e+19,131.36439867486385,0.7702989834121265,630.5832346517465,3.108142734290465e+20
C_c2823,0.85,4.301e+20,3.5,,743.0750466838613,89.09307619910336,420.2617021420193,16.944612162307465,743.9394412327197,26.135324299997144,-243.85404199135814,1.479859707072494e+19,137.78102974228406,0.9602564877994597,605.1981550026361,3.0552465171036747e+20
C_c2823,0.85,4.301e+20,4.0,,718.9809447758431,148.31652428437602,472.1174920087066,28.20831975364547,725.12898206241,21.40124419137728,-221.66438399481888,1.9547950933575926e+19,142.80297360278743,1.1701617478338817,581.1558467117887,2.9997888991711586e+20
C_c2823,0.85,4.301e+20,4.5,,692.9801390678425,226.37882559078034,521.9391993927073,43.05498883911051,706.9858183498499,17.967353005988482,-192.41624285454213,2.435657087731701e+19,146.8250879172045,1.4010413817265572,558.7596890509187,2.9443382365431218e+20
C_c2823,0.85,4.301e+20,5.0,,665.5584451358038,323.74723239358735,570.0718065354004,61.573486128936366,690.0672397814099,15.38045465161333,-155.9345499360329,2.906482064205332e+19,150.1643600975759,1.653990689736713,538.2488889940972,2.8907494860334468e+20
C_c2823,0.85,4.301e+20,5.5,,637.1084649150084,440.3725063462692,616.8688888736646,83.75444698199692,674.7298475343863,13.371513412265406,-112.23775371037976,3.3564052593681932e+19,153.06499822435057,1.930166651195098,519.7346826588406,2.8402494264991842e+20
C_c2823,0.85,4.301e+20,6.0,,607.9566111456917,575.8924995573269,662.6636114209261,109.52899449080799,661.1947135776855,11.77212844181895,-61.46154262728188,3.778677018609902e+19,155.7088701595888,2.2307803319424933,503.2550630861543,2.7935671139837844e+20
C_c2823,0.85,4.301e+20,6.5,,578.2959258405845,729.7817221117158,707.7539443630538,138.7971857284272,649.5092557541435,10.472233876412707,-3.802805619627592,4.169638462176221e+19,158.22754019493425,2.557089556087528,488.7246260031218,2.7510633469769214e+20
C_c2823,0.85,4.301e+20,7.0,,548.2762677797152,901.4499933423051,752.3971396239448,171.44677423377297,639.6573487981685,9.397247552713146,60.517330249178286,4.5278319195279794e+19,160.7136267125843,2.910392253466375,476.03332983211783,2.712840468828726e+20
C_c2823,0.85,4.301e+20,7.5,,517.9935173730686,1090.301304582404,796.809695466558,207.3644051185274,631.5610510019875,8.495056208296182,131.27555429891692,4.853296270176719e+19,163.23046953543525,3.2920206451325122,465.03856082141976,2.6788280636964507e+20
C_c2823,0.85,4.301e+20,8.0,,487.506575291162,1295.7648896615501,841.1702611473667,246.44152436473018,625.1047962880901,7.728268392451245,208.25801362962983,5.1470389264375865e+19,165.81987564841333,3.70333630557608,455.5815843341008,2.6488464729697265e+20
C_c2823,0.85,4.301e+20,10.5,,278.8452807326113,2554.9854576266457,1066.3442479765422,485.93268418601167,558.4161846609035,5.16735340548436,680.0588737403357,6.203700332340486e+19,180.44916402593788,6.254475019937994,371.7125456150276,2.5501290533474347e+20
C_c2823,0.85,4.301e+20,11.0,,226.88973589838542,2850.223801841616,1112.569970673607,542.0840648722568,538.1088648380215,4.819137935257163,790.6778616142253,6.346777683098844e+19,183.73540148546863,6.8737195678825875,347.4997437846703,2.5386754591694586e+20
C_c2823,0.85,4.301e+20,11.5,,177.97571994779616,3159.0398292056398,1159.2902741152618,600.8177851166205,521.5725469383829,4.506982178128851,906.3840937334868,6.47157344483785e+19,187.13378333779858,7.532741385226098,326.9060222153581,2.52938599379291e+20
C_c2823,0.85,4.301e+20,12.0,,131.545413393104,3481.0798102519516,1206.5249436521349,662.0665691118186,508.1011878185752,4.225847029628365,1027.0450358377116,6.579766401033298e+19,190.63787883101656,8.233039915946739,309.23026907161193,2.5220394337689842e+20
C_c2823,0.85,4.301e+20,12.5,,87.2062464670912,3815.995673086146,1254.2864222066553,725.764217064254,497.1549868691414,3.9715799727834105,1152.5302734281697,6.6728988098730934e+19,194.24079869553853,8.97612620561739,293.9380619679855,2.5164338084419817e+20
C_c2823,0.85,4.301e+20,13.0,,44.68445895611967,4163.442343710896,1302.5812774880155,791.8450993503752,488.3136042151825,3.7407283100717454,1282.7105152489198,6.752379331415007e+19,197.9354944961099,9.763522439894343,280.61458727917824,2.5123857231228617e+20
C_c2823,0.85,4.301e+20,13.5,,3.786345797537706,4523.07570245127,1351.4113900400102,860.243767849207,481.2371526602169,3.5303977026044966,1417.4568276065763,6.819489581627947e+19,201.71495845934115,10.596761564841271,268.92543263603454,2.5097292827561132e+20
C_c2823,0.85,4.301e+20,14.0,,-35.604943546283494,4894.551345554586,1400.7749377432208,930.8947204110266,475.6628623722194,3.338143692325478,1556.6401703703834,6.875392186695351e+19,205.5723590507459,11.477387009186451,258.6131163122871,2.5083148608396296e+20
C_c2823,0.85,4.301e+20,8.5,,456.8629994769345,1517.308396053289,885.6238619740848,288.576883845375,620.1646841042916,7.06942688977747,291.26524804645317,5.410655630442948e+19,168.50808609004994,4.1457260516223,447.5108719626194,2.6226521120809753e+20
C_c2823,0.85,4.301e+20,9.0,,426.0988699816587,1754.4404213058808,930.2865003970936,333.6770237281654,616.6098062223427,6.497952949076987,380.11314040161324,5.646064963298282e+19,171.31025606502016,4.620598579194878,440.6789515781278,2.599968830851323e+20
C_c2823,0.85,4.301e+20,9.5,,395.2429265807035,2006.7073853331513,975.2496253884306,381.655677616512,614.3065993142362,5.998140105907036,474.6317447140561,5.855327831337674e+19,174.23376239214178,5.129381763055217,434.94345515903916,2.5805090173509878e+20
C_c2823,0.85,4.301e+20,10.0,,334.60015839372215,2273.6877326144754,1020.5841937046321,432.432669865947,583.4019931561556,5.557804020927772,574.663113867705,6.040528781274702e+19,177.28060880836583,5.67352049911831,400.44786384867143,2.563987289544295e+20
C_c2823,0.85,4.301e+20,14.5,,-73.55911926932038,5277.523760320478,1450.6671887637813,1003.7322439753515,471.3752926985713,3.1618876279698593,1700.1310879125044,6.921139889054225e+19,209.50112566430732,12.406952447274259,249.46721458698974,2.5080077715672508e+20
C_c2823,0.85,4.301e+20,15.0,,-110.1120956450801,5671.645896299226,1501.0811453833685,1078.6903330171494,468.1929720848953,2.99985081399607,1847.7995484459377,6.957684848532155e+19,213.49499929775442,13.387021600608072,241.31095118653283,2.508686943206972e+20
C_c2823,0.85,4.301e+20,15.5,,-145.26181272443773,6076.569167122761,1552.008074751663,1155.7026898950778,465.97262407155677,2.8505024230847593,1999.514944710558,6.985887584893343e+19,217.5480613990548,14.419168083954457,234.00539458854755,2.510243654443638e+20
C_c2823,0.85,4.301e+20,16.0,,-178.9872512258312,6491.943417613808,1603.4379201650188,1234.70271859597,464.5901931010761,2.712517955094543,2155.1460816496647,7.006525825129086e+19,221.6547419008747,15.50497523169158,227.43047596850985,2.512580307916821e+20
C_c2823,0.9,4.554e+20,2.0,,897.620337762146,8.217909304421013,264.91244414354736,1.5629641706078323,894.8258543517231,60.79532552423264,-274.15609889324776,3.635120292353872e+18,125.88894635075381,0.4563113572295725,768.4805966437398,3.378826241084576e+20
C_c2823,0.9,4.554e+20,2.5,,876.6052592566805,23.82066978536603,327.27328152082345,4.5304531864787645,873.5485679901152,43.135237973427024,-268.3101049488292,7.075588001118763e+18,137.71479821126144,0.6124885250729452,735.2212812537808,3.3370533655580475e+20
C_c2823,0.9,4.554e+20,3.0,,853.8883636178753,52.99984345660361,386.96399078418494,10.080040227011438,852.1262272087772,32.67676227732028,-257.37734258325196,1.1415306326780844e+19,146.81465931839514,0.7871421001462187,704.5244257902359,3.2850882695443336e+20
C_c2823,0.9,4.554e+20,3.5,,828.316921586932,99.25402753772974,443.9378147793364,18.877123497400817,830.0532965817576,25.899558278487103,-240.04696823234704,1.6337635154463568e+19,153.80317746319187,0.9811644447955524,675.2689546737702,3.226899115026427e+20
C_c2823,0.9,4.554e+20,4.0,,800.1373615042816,164.91647961298966,498.3841865921396,31.365465257594497,808.0117041651873,21.215852266778924,-215.44476417515892,2.1547516218908148e+19,159.22296268615756,1.1955263284897932,647.59321515054,3.166073865261394e+20
C_c2823,0.9,4.554e+20,4.5,,769.9492788042872,251.24279155169341,550.6297839103986,47.78386652521656,786.8301876513041,17.818028605683764,-183.10028914114375,2.680707955585523e+19,163.52943176167307,1.4312766767248009,621.8694792129062,3.105437643020274e+20
C_c2823,0.9,4.554e+20,5.0,,738.3291820341519,358.6626084061422,601.0595169642313,68.21404149276418,767.1495246870841,15.257757830967702,-142.85256505356486,3.194252393536502e+19,167.0857085195542,1.6895368894984002,598.3742792780315,3.0470062484302024e+20
C_c2823,0.9,4.554e+20,5.5,,705.7255635639692,487.053403644371,650.0634520558237,92.6326868391229,749.3669621779637,13.268960168359,-94.74749977371248,3.683724173616195e+19,170.169222402438,1.9714929748024017,577.2262468007234,2.992092299026581e+20
C_c2823,0.9,4.554e+20,6.0,,672.4969764703335,635.9684792010877,698.005880115283,120.95484505925485,733.7172510107456,11.685124276487485,-38.95246074838323,4.142020880625513e+19,172.98467547790332,2.2783872407481933,558.454188292094,2.9414581563179493e+20
C_c2823,0.9,4.554e+20,6.5,,638.8444509303209,804.800800086706,745.2101820641321,153.06506416849058,720.2370533320446,10.397440853771142,24.30511003371128,4.565422156850777e+19,175.6786633376095,2.611510414794418,541.9468795796407,2.8954640782109288e+20
C_c2823,0.9,4.554e+20,7.0,,604.9160524173865,992.8884901018764,791.9537440383957,188.83746193247583,708.8909323727082,9.33219006053336,94.7772228493375,4.952586192831168e+19,178.35323761317144,2.972194579575093,527.5655001799616,2.854191763161948e+20
C_c2823,0.9,4.554e+20,7.5,,570.7980276258206,1199.5758948245316,838.4686756422522,228.14733943667764,699.5756089300053,8.437865718907096,172.21821913149267,5.303765991473736e+19,181.0772879345255,3.361807062621168,515.1365139328585,2.8175394360728496e+20
C_c2823,0.9,4.554e+20,8.0,,536.5354714031923,1424.2442424849298,884.9455125343696,270.87701247820877,692.147877818095,7.6775130090527215,256.39625939104894,5.620229896032128e+19,183.89554415748722,3.7817452804603633,504.4705883801475,2.785291388125354e+20
C_c2823,0.9,4.554e+20,8.5,,502.1616178115958,1666.3232408322174,931.5381874773338,316.9180171738794,686.4573511140254,7.023994462199653,347.09766829477815,5.903848969260068e+19,186.8354384437822,4.233432482603156,495.38848018764014,2.757167029119686e+20
C_c2823,0.9,4.554e+20,9.0,,467.6982165584495,1925.291635738972,978.3692664181882,366.171216201195,682.3479927009967,6.456969165812446,444.1271439615719,6.156812378930673e+19,189.91220432521666,4.718314289603727,487.71747408617625,2.7328544068858908e+20
C_c2823,0.9,4.554e+20,9.5,,433.16030987738213,2200.672061491299,1025.534926964373,418.5458193750301,679.6627805758052,5.960910054663546,547.3058284850933,6.381436629425503e+19,193.1326018476191,5.2378559165875105,481.2923228115986,2.7120324317265137e+20
C_c2823,0.9,4.554e+20,10.0,,365.27769241126765,2492.0235830646366,1073.109448388216,473.95796526306316,644.9644443339889,5.523769733749722,656.468513696787,6.580041359662494e+19,196.4976095765721,5.793539987919884,442.673294769497,2.6943851371440833e+20
C_c2823,0.9,4.554e+20,10.5,,302.9243193176244,2798.933681522996,1121.1491019658702,532.3291968888585,616.9639086121477,5.136062656951541,771.460638280102,6.754872204846495e+19,200.00434497312114,6.386864813334021,410.57269882569256,2.679610345492941e+20
C_c2823,0.9,4.554e+20,11.0,,244.84251247485372,3121.010918437853,1169.6954761801078,593.5850665776952,594.2435442308912,4.790220937394236,892.1355392976982,6.90805516778357e+19,203.64743077178596,7.0193430682350115,383.57677039087025,2.667424603720202e+20
C_c2823,0.9,4.554e+20,11.5,,190.15503733690662,3457.8784838266047,1218.7782461108409,657.6539088389818,575.7683709104224,4.4801340569197,1018.3520347530186,7.041572924027958e+19,207.41995161554536,7.692500758129219,360.65591853674783,2.657565544571172e+20
C_c2823,0.9,4.554e+20,12.0,,138.21567699787022,3809.1691107383467,1268.417491581158,724.465873171326,560.7359360249721,4.200814425392843,1149.9725182030502,7.157254736011272e+19,211.314127083617,8.407876450922311,341.01393249043286,2.6497926586133578e+20
C_c2823,0.9,4.554e+20,12.5,,88.5674422820656,4174.520893942105,1318.6255814820686,793.9521288188489,548.5339518960222,3.948150775537204,1286.861392117387,7.2567760344649654e+19,215.32176998946494,9.16702065867922,324.04516124787807,2.6438869570750467e+20
C_c2823,0.9,4.554e+20,13.0,,40.889350977394656,4553.574346771618,1369.4087377231288,866.044305012494,538.6866836999017,3.718723684833849,1428.883965145954,7.3416630879300444e+19,219.43460357138363,9.971495389761595,309.2805847387565,2.6396500587813562e+20
C_c2823,0.9,4.554e+20,13.5,,-5.0478735074274255,4945.9702004706005,1420.7682989915186,940.6740724275033,530.8103667296328,3.50966584311635,1575.9056275845128,7.413301240376589e+19,223.64447031325292,10.82287378618563,296.3430226301943,2.6369028885452754e+20
C_c2823,0.95,4.807e+20,3.5,,917.8202953549337,109.90386551121817,467.5195389266125,20.90261618157858,920.5170827094332,25.679662451359103,-236.05671994403383,1.7937048226008646e+19,170.64358392588403,1.0013385600039062,748.8721602235453,3.397823113308373e+20
C_c2823,0.95,4.807e+20,4.0,,885.2017598360973,182.27197531271264,524.5194890263695,34.66630698472481,894.9421560665288,21.043142382912833,-208.94206083065325,2.3621266081133818e+19,176.4565893724015,1.219992322685156,717.2655743714422,3.331470626733933e+20
C_c2823,0.95,4.807e+20,4.5,,850.496458390295,277.17626952797974,579.1505707497163,52.716154701526456,870.4535119879101,17.679073943838116,-173.38361398021743,2.9343492204973138e+19,181.03887371420112,1.4604315836284194,687.9542066900806,3.265516015541047e+20
C_c2823,0.95,4.807e+20,5.0,,814.3781003171777,394.9986264427158,631.8392700793629,75.1247887631401,847.779969644731,15.14369748394086,-129.2382984200733,3.4915632935526707e+19,184.80306476865672,1.7238031812947263,661.2531016947795,3.2021368288725054e+20
C_c2823,0.9,4.554e+20,16.0,,-211.93528711000772,7095.390716083599,1686.0322161205788,1349.4723602919394,512.2760887150354,2.6965255437425175,2381.2438453715654,7.612656457791722e+19,245.88549640648958,15.839129055281017,250.55146325326476,2.6404105673520428e+20
C_c2823,0.95,4.807e+20,2.0,,998.7365031264773,9.143262532167432,279.47314677198347,1.7389571009929237,995.834943511755,60.22457495423781,-273.8093904135232,4.0064727050808684e+18,140.11783220051723,0.46579920225033294,855.2513121089875,3.5644308516278967e+20
C_c2823,0.95,4.807e+20,2.5,,974.2080840439098,26.467737386697532,345.0886619001291,5.033898973576003,971.1680425735024,42.74104624555182,-267.3183098631615,7.790015746233462e+18,153.13865644307813,0.6251878691876781,817.4041982612365,3.518493785239907e+20
C_c2823,0.95,4.807e+20,3.0,,947.6168686959942,58.793014658839546,407.7830276566716,11.18184345796469,946.2082337590315,32.388207569695204,-255.2067751500974,1.2551239247610546e+19,163.07876744137687,0.803399668278653,782.326066649376,3.4614847928670945e+20
C_c2823,0.9,4.554e+20,14.0,,-49.386286203298255,5351.348037738497,1472.7017581797081,1017.7728832974846,524.6085667614373,3.318554902493623,1727.7913393958152,7.472944651224682e+19,227.94346956038822,11.722739853214875,284.94235734783416,2.6354842254315353e+20
C_c2823,0.9,4.554e+20,14.5,,-92.21404629331118,5769.345304140732,1525.2035891746825,1097.2717833945255,519.8387555694882,3.1433304285829067,1884.4052598078629,7.521727038517333e+19,232.3240392620925,12.672688216954962,274.8420280904407,2.6352491645526036e+20
C_c2823,0.9,4.554e+20,15.0,,-133.5807036393419,6199.596976348309,1578.2659321478416,1179.1013489316847,516.2970249855172,2.9822288189495727,2045.6106230109444,7.560672128227662e+19,236.7790058839125,13.674323948845103,265.8436951527596,2.6360676364010632e+20
C_c2823,0.9,4.554e+20,15.5,,-173.49283156741967,6641.73545205414,1631.879139131833,1263.1916656261767,513.8224872999037,2.833731838990043,2211.269696911832,7.590703942050906e+19,241.30160683752734,14.729262399929643,257.79161806244673,2.6378229724383645e+20
C_c2823,0.95,4.807e+20,5.5,,777.35240338721,535.5348618465373,683.0131855500371,101.85337537459291,827.3590966711438,13.173710602266114,-76.58261725740547,4.021327989218049e+19,188.06180541729924,2.011321408518587,637.285969845326,3.14272912394298e+20
C_c2823,0.95,4.807e+20,6.0,,739.8084610715432,698.2478065674806,733.068287287546,132.7997503310691,809.4365101795661,11.604377800421016,-15.617835372890806,4.5162169481754984e+19,191.04367044773196,2.3242589823789452,616.0685807494551,3.088084768514808e+20
C_c2823,0.95,4.807e+20,6.5,,701.9519578585071,882.4452834990288,782.3535786168885,167.83226846868027,794.0340108861126,10.328070673613759,53.396704460241374,4.9724802935942185e+19,193.91072053234245,2.663938615157434,597.4593517386127,3.0385594261553486e+20
C_c2823,0.95,4.807e+20,7.0,,663.9253628071751,1087.3920006265685,831.1665772061532,206.81108459916703,781.0926402161842,9.271879489043025,130.18550530860784,5.38892205552356e+19,196.7745186680396,3.031725548431816,581.2863959997128,2.994210424117452e+20
C_c2823,0.95,4.807e+20,9.5,,472.71645427734984,2400.175919193523,1075.346778400904,456.48945807141604,747.7565262442137,5.926428308670513,622.0553156312742,6.9196905033948045e+19,212.8553799606348,5.342308247758882,529.55883803582,2.842200723239448e+20
C_c2823,0.95,4.807e+20,10.0,,397.2723854935357,2716.4577958123677,1125.1389616619988,516.6431081855542,709.0559815085174,5.492246612035144,740.5588290128436,7.131713741774411e+19,216.5530786061116,5.909107803337172,486.59379509906864,2.8234345578179117e+20
C_c2823,0.95,4.807e+20,10.5,,328.0449913540808,3049.5646031896786,1175.4367539472219,579.9966918806449,677.8833188663192,5.107078151049689,865.3662553109364,7.318204741824234e+19,220.4140542805009,6.514343570203452,450.9549210156149,2.807751419197789e+20
C_c2823,0.95,4.807e+20,11.0,,263.5937746069268,3399.091646114309,1226.2830134141793,646.4732401744803,652.6301445118039,4.763431951802174,996.3259645779813,7.481484944187295e+19,224.43140596562228,7.159565341831097,421.03917320435056,2.7948427143309148e+20
C_c2823,0.95,4.807e+20,7.5,,625.8014395715102,1312.3722879929405,879.754875627016,249.60008545337732,770.479793811797,8.384868086481339,214.48042217050437,5.766035368719395e+19,199.70938748057986,3.4290211540605573,567.3413851771566,2.9549014397617904e+20
C_c2823,0.95,4.807e+20,8.0,,587.6078808135949,1556.7199445975562,928.3207154184438,296.07256626300915,762.0210830824553,7.6304912744989535,306.03184491957165,6.105370672250735e+19,202.76277184489683,3.8572575790201356,555.4010536585383,2.9203781447487517e+20
C_c2823,0.95,4.807e+20,8.5,,549.3603982586424,1819.8278618837528,977.0267301679038,346.1130610516709,755.5366018610922,6.981911327560271,404.61230400321415,6.409091385627844e+19,205.9630493223395,4.317893343483432,545.2556591952692,2.890320893906238e+20
C_c2823,0.95,4.807e+20,9.0,,511.06361349420604,2101.1463591594897,1026.0018428682185,399.61702604854327,750.8426226705801,6.419010088749824,510.01584676318515,6.679670624442371e+19,209.32528203916647,4.812409789469236,536.7049308419444,2.8643803385694863e+20
C_c2823,0.95,4.807e+20,11.5,,202.91251941151188,3764.649747320871,1277.7080830568536,715.9987354429563,632.1246986292931,4.455257944705192,1133.2921410822337,7.623710075135358e+19,228.59669498535075,7.846336581483077,395.68166706245927,2.7844238763331695e+20
C_c2823,0.95,4.807e+20,12.0,,145.25971746408118,4145.859279757633,1329.7322351698626,788.5009764171041,615.4614361303334,4.177616512730632,1276.1225473364063,7.74686255400606e+19,232.90065728877133,8.576233627729303,373.9845452138328,2.7762348051095375e+20
C_c2823,0.95,4.807e+20,12.5,,90.1089210481963,4542.34569929327,1382.3676926372505,863.9087285485869,601.95075268161,3.9264347337100465,1424.6768503060769,7.85275266880859e+19,237.33369450330372,9.350845110143764,355.2662130681625,2.7700393028311535e+20
C_c2823,0.95,4.807e+20,13.0,,37.08818816914254,4953.736230339538,1435.6202754064682,942.1510936482766,591.0579750853663,3.6983240833836017,1578.8153795890655,7.943025441137564e+19,241.88620321746671,10.171771502363429,339.00000036553615,2.7656238730655505e+20
C_c2823,0.95,4.807e+20,13.5,,-14.070185710964665,5379.657395624404,1489.490727636936,1023.1570400738052,582.352766533056,3.490442338956206,1738.3982018784832,8.019170873659592e+19,246.54878822991816,11.04062476098283,324.763353542155,2.7627961575573494e+20
C_c2823,0.95,4.807e+20,14.0,,-63.53561308182657,5819.733512257467,1543.9758071576828,1106.8551166962475,575.5030032998837,3.3003876650772,1903.2845574731873,8.082535429786146e+19,251.31240088323156,11.959028061704105,312.23157435494807,2.761383257501828e+20
C_c2823,0.95,4.807e+20,14.5,,-111.41639609100525,6273.585851346444,1599.0691684211781,1193.1732930675798,570.2375172890867,3.1261164912229273,2073.33254540549,8.13433404108425e+19,256.16842221248584,12.928615592313772,301.1404794842871,2.761230023603699e+20
C_c2823,0.95,4.807e+20,15.0,,-157.77706503653235,6740.832018559551,1654.762056961381,1282.0388416098408,566.3287155981012,2.965879193588267,2248.398891352187,8.175662343635313e+19,261.1087030924718,13.951032348645388,291.268980156984,2.7621973530514725e+20
C_c2823,0.95,4.807e+20,15.5,,-202.6338786174981,7221.0860365077915,1711.043891754051,1373.3783532834166,563.5971455036973,2.818169181630187,2428.3389785013064,8.207507925733735e+19,266.1255847388173,15.027933997204318,282.44362676767577,2.7641606246111393e+20
C_c2823,0.95,4.807e+20,16.0,,-245.9784250963403,7713.958494938466,1767.9027207753174,1467.1177661523466,561.8879676209269,2.681682271761568,2613.006903826138,8.230761125286514e+19,271.21189782141334,16.160986727301133,274.51508307221246,2.767008215351905e+20
C_c2823,1.0,5.06e+20,2.0,,1105.1365111565617,10.116690500847447,294.01928530869924,1.9240933663561757,1102.1347274157195,59.68871713811942,-273.44466943884817,4.3935741834639877e+18,155.09398341086268,0.4749793993454492,946.5657646055113,3.749839487416594e+20
C_c2823,1.0,5.06e+20,2.5,,1076.7620900454783,29.247256794293232,362.8707735996983,5.562535769706629,1073.7605512643925,42.37127683178887,-266.27688814518785,8.533615272626575e+18,169.3521714347391,0.6374721157352722,903.7709077139181,3.699575486622165e+20
C_c2823,1.0,5.06e+20,3.0,,1045.9332171757255,64.86261802575488,428.5422313833091,12.33622132231832,1044.9266190186895,32.11781678125836,-252.93263497013734,1.3731388498664356e+19,180.15076668319958,0.8191208063462498,863.9567315291437,3.637343019065029e+20
C_c2823,1.0,5.06e+20,3.5,,1011.5397893238646,121.03515837919623,491.00907847835725,23.019676772139327,1015.2844371048918,25.47384383726567,-231.88608162787045,1.959542657847644e+19,188.29429404444176,1.0208404310940737,825.969302629356,3.5680355241588176e+20
C_c2823,1.0,5.06e+20,4.0,,974.12363020171,200.36829735962704,550.5269683044077,38.10804647482746,985.8675554103193,20.881673344820705,-202.16178696618508,2.5767185451330753e+19,194.49422324132826,1.2436352477948465,790.1296969211961,3.4960033098101083e+20
C_c2823,1.0,5.06e+20,4.5,,934.5691803976675,304.1540848283514,607.5067862775613,57.847065393504145,957.7991001667763,17.549303251896006,-163.27564974707926,3.1963164703309177e+19,199.34250561238795,1.4885970493741425,756.9679975050142,3.424604781496707e+20
C_c2823,1.0,5.06e+20,7.0,,725.2705925779123,1184.8426635805374,870.0508127085553,225.34522618638238,856.2067800448018,9.215757564205699,166.69801770692465,5.83632831247084e+19,215.9644814760637,3.08917833152787,637.1531202372103,3.1329552722660236e+20
C_c2823,1.0,5.06e+20,7.5,,682.9765823853495,1428.548254469772,920.6854180562881,271.6955925176059,844.2195449518911,8.335568093436931,258.00887326349914,6.239562417087171e+19,219.11378814375414,3.4938820856479462,621.611874722489,3.090976054312267e+20
C_c2823,1.0,5.06e+20,8.0,,640.703372342728,1693.023980161832,971.3148653058698,321.9962307869788,834.6719877514832,7.586760578460971,357.1018185618449,6.601893842329426e+19,222.40862745250016,3.9301204055007117,608.3332398934824,3.054171232292423e+20
C_c2823,1.0,5.06e+20,8.5,,598.4458616366576,1977.627179945209,1022.1102833416579,376.1249133537792,827.3515910257939,6.942779166519053,463.7360634781639,6.9257944574048944e+19,225.87805798026676,4.399386017687797,597.0741470278394,3.022180174041772e+20
C_c2823,1.0,5.06e+20,5.0,,893.6533816841688,432.7165368187575,662.418158037923,82.29835813755948,931.9000120183605,15.037279831445783,-115.10626864728121,3.798089393507428e+19,203.3046205409037,1.756897518805306,726.8384939586515,3.3561796345662983e+20
C_c2823,1.0,5.06e+20,5.5,,851.9399062330757,585.7617192117355,715.7271715315293,111.40602137687995,908.6472961476566,13.084919172517909,-57.76377399164408,4.3688351786022674e+19,206.73035200427677,2.049778558292257,699.8671655850875,3.292204640658153e+20
C_c2823,1.0,5.06e+20,6.0,,809.8462192064617,762.6564336727383,767.8619582800378,145.04962712021808,888.2941224106885,11.5291604050458,8.51458943011064,4.900833813252699e+19,209.8731109604109,2.3685425320407236,676.0524689182369,3.2334972154982964e+20
C_c2823,1.0,5.06e+20,6.5,,767.5788714114107,962.6201229811892,819.1973022695324,183.08072118979234,870.842940128868,10.263488594105986,83.43636485750497,5.3903383035962065e+19,212.91078853593905,2.7145432943328482,655.2176082985961,3.180404337581915e+20
C_c2823,1.0,5.06e+20,13.0,,33.34053528836671,5363.434926736221,1501.249878320662,1020.0716887159617,645.3903045948409,3.6793363466682285,1732.3200175085026,8.555799871005686e+19,265.27776598532375,10.365012784108531,369.7475258254086,2.8903783794093752e+20
C_c2823,1.0,5.06e+20,13.5,,-23.212027020050073,5823.604715479084,1557.6138746040479,1107.591380836967,635.8283399835113,3.472545656050072,1904.7350078994968,8.636429549512622e+19,270.41535482883546,11.250733748469916,354.16225140620605,2.887480118155586e+20
C_c2823,1.0,5.06e+20,14.0,,-77.97523841378029,6299.1344911680635,1614.6334696127092,1198.032388875254,628.3112138734801,3.2834708931525367,2082.90503059923,8.703493516816232e+19,275.66655680917216,12.187031481538842,340.45762558276914,2.8860827643236234e+20
C_c2823,1.0,5.06e+20,14.5,,-131.07920405040727,6789.629954595415,1672.3014562778505,1291.319721064502,622.5375612752483,3.110084180177094,2266.6823508024668,8.75828843380741e+19,281.02162659090965,13.175578425930219,328.3403562584085,2.8860208705778034e+20
C_c2823,1.0,5.06e+20,11.0,,283.16835238603664,3684.117679300866,1282.3612839064938,700.6823414262316,713.225579551916,4.738515445661156,1103.118635403453,8.066418666689297e+19,246.07478151718382,7.294850239560528,459.85594779517163,2.9210008039468086e+20
C_c2823,1.0,5.06e+20,11.5,,216.28149268204493,4078.9709635191366,1336.1098724432259,775.7794875517045,690.6000938264959,4.432116843968378,1251.0610402934606,8.217330590422501e+19,250.65149172488813,7.994757827028046,431.9538442745798,2.9100322122781494e+20
C_c2823,1.0,5.06e+20,12.0,,152.7194875369155,4490.732153547332,1390.5006077734658,854.092348283167,672.2378020046776,4.156032648190055,1405.3384469351342,8.347930538380293e+19,255.38495999153454,8.73866841747215,408.114173595671,2.9014371977328882e+20
C_c2823,1.0,5.06e+20,12.5,,91.8813778622083,4919.015178184812,1445.5454921281785,935.5474967389692,657.3669284518741,3.9062257202337825,1565.8062033674437,8.460165296034736e+19,260.26406178290097,9.528207511739412,387.5746591572336,2.8949621694021026e+20
C_c2823,1.0,5.06e+20,9.0,,556.1886886442536,2281.781253436875,1073.2067475410151,433.9719765911592,822.0443338127338,6.38371500531232,577.6955691678137,7.214033934644956e+19,229.53670696949214,4.903194881455952,587.6044319617857,2.994614633233123e+20
C_c2823,1.0,5.06e+20,9.5,,513.9122171616275,2604.966123209267,1124.7093393749212,495.43850697317043,818.5398266476011,5.894366381513342,698.7854746319434,7.469469702431785e+19,233.38938783161325,5.443083305714976,579.7073555102729,2.971083042424962e+20
C_c2823,1.0,5.06e+20,10.0,,430.5927007977284,2946.7069255065385,1176.6984738701033,560.4341901620885,775.6300935326519,5.462933933676505,826.8278593901032,7.694914555031655e+19,237.43437487768034,6.020605688136987,532.1751129668345,2.9512055658361478e+20
C_c2823,1.0,5.06e+20,10.5,,354.22381137393904,3306.5629009450527,1229.2344492744153,628.8751981307395,741.1295971788848,5.080123299300917,961.6575810823351,7.893057339406965e+19,241.66570381379879,6.637332756648849,492.8265606084371,2.9346228749721194e+20
C_c2823,1.0,5.06e+20,15.0,,-182.6047753620835,7294.692007461523,1730.608161758687,1387.3774728991068,618.2548723723386,2.9506488763112353,2455.917435595105,8.801981990639798e+19,286.47138092918567,14.218058203615431,317.5654332395374,2.8871462874731997e+20
C_c2823,1.0,5.06e+20,15.5,,-232.57894314039368,7813.916963896504,1789.5420576913111,1486.1288673634758,615.2641873461777,2.8036691943759195,2650.459033206428,8.835625316189176e+19,292.00721415644875,15.316165495805654,307.94080769392326,2.8893264459390196e+20
C_c2823,1.0,5.06e+20,16.0,,-281.0008791726141,8346.896527228004,1849.0902180313203,1587.4962505134938,613.3941053393066,2.6678500079772234,2850.154164304541,8.860165119498525e+19,297.62108684792884,16.471605874590953,299.30141261678676,2.892442706611477e+20
C_c2823,1.05,5.313e+20,2.0,,1216.8053053359602,11.138020247475932,308.55104074139075,2.1183400708674474,1213.7102296328253,59.1840463367702,-273.0620007744579,4.796229014157964e+18,170.81545194833006,0.48387648849926035,1042.410901195996,3.9350545838252923e+20
C_c2823,1.05,5.313e+20,2.5,,1184.2413989242884,32.15832059080187,380.6201277275788,6.116190993164607,1181.3002366565831,42.02332809209951,-265.1861797832292,9.305938413064034e+18,186.35156965323966,0.649374364787503,994.299292638556,3.880303980708303e+20
C_c2823,1.05,5.313e+20,3.0,,1148.8012943713725,71.20568006951488,449.24273130887065,13.542608292421034,1148.2449912329573,31.863646602270382,-250.55603614057912,1.495491950103583e+19,198.02485065546423,0.8343482946787608,949.3857922828144,3.812673108443697e+20
C_c2823,1.05,5.313e+20,3.5,,1109.431475208015,132.64071440052155,514.4085185290648,25.22693747183519,1114.3104479103754,25.28058822377932,-227.53774786314122,2.1311436494645486e+19,206.7476007319986,1.0397237086784519,906.5231234696984,3.7375524427510055e+20
C_c2823,1.05,5.313e+20,4.0,,1066.8543814888315,219.1913001442196,576.4099896296956,41.68799337442912,1080.7370862595747,20.730228621086315,-195.1092426148899,2.79833743210512e+19,213.32659076583536,1.266520878308466,866.1439746154308,3.6596946631035486e+20
C_c2823,1.05,5.313e+20,6.5,,835.6879858980888,1045.2362872449323,855.7535457015555,198.79348947111365,950.6100557364069,10.20316037868684,114.39073325832507,5.81855677644243e+19,232.6667059268263,2.7634717102213293,715.1798780993593,3.321049688534745e+20
C_c2823,1.05,5.313e+20,7.0,,788.920226738637,1285.1304835571814,908.6204621421301,244.41896666774028,934.181134336219,9.163354654806684,204.27354730621556,6.2943329155909435e+19,235.9109401377906,3.14472109348475,695.1254731049436,3.270480623730342e+20
C_c2823,1.05,5.313e+20,7.5,,742.298011519151,1547.971461731581,961.2760720087063,294.40869230672934,920.7443000564723,8.28954937774669,302.7539904706876,6.723847996045774e+19,239.27834148128298,3.5565806270197635,677.9093779481695,3.2258203597447915e+20
C_c2823,1.05,5.313e+20,8.0,,695.8028176505804,1833.0004788008005,1013.9454227806292,348.6183610631242,910.0516738232018,7.545948938391112,409.5477792880685,7.109277843006253e+19,242.82103582476114,4.000548914697827,663.2300890837429,3.186729929171206e+20
C_c2823,1.05,5.313e+20,4.5,,1022.117236524906,332.1521862983422,635.7033394673892,63.172024312081696,1048.812689048092,17.427716155631362,-152.78540785375066,3.4663613505061446e+19,218.42988346201008,1.515852284914531,828.8669533011674,3.582733459716001e+20
C_c2823,1.05,5.313e+20,5.0,,976.1057287759807,471.77953193017385,692.8028159176464,89.72774917779975,1019.4538915388405,14.93766696665668,-100.47026669422425,4.113526292334012e+19,222.5791283967304,1.7889139192652952,795.0858492228448,3.5091705974279864e+20
C_c2823,1.05,5.313e+20,5.5,,929.4415985564247,637.6818515900376,748.2138750551051,121.28071135390923,993.1756893018234,13.00187338793011,-38.31049969139162,4.725890138433531e+19,226.1631099078856,2.0869746762867956,764.925604717651,3.4405605486049146e+20
C_c2823,1.05,5.313e+20,6.0,,882.5679532739564,829.1247151654587,802.3972266072344,157.69122957731858,970.2349979142786,11.458858497663098,33.418719156186604,5.2954707726016315e+19,229.4609624983303,2.411365866935742,738.3626695490125,3.3777421846694914e+20
C_c2823,1.05,5.313e+20,8.5,,649.4053501291253,2139.540636514789,1066.8079213288343,406.9192336587477,901.8549574656445,6.906263365352093,524.4012956197205,7.453418406851466e+19,246.56847596060325,4.478151899214707,650.8083296058265,3.152805842302441e+20
C_c2823,1.05,5.313e+20,9.0,,603.0673677362056,2466.990008755952,1120.0045981736614,469.19682976529447,895.9072116807467,6.3507810193128265,647.0890116532579,7.759347658959294e+19,250.53458064672265,4.990939142387736,640.3816918916364,3.1236195597332054e+20
C_c2823,1.05,5.313e+20,9.5,,556.7481990506141,2814.809595941348,1173.6447072974597,535.3486370520849,891.9680930140765,5.864448500422239,777.4089766952909,8.030207377545477e+19,254.72281305328974,5.540480884521887,631.7047990762649,3.098742637140441e+20
C_c2823,1.05,5.313e+20,10.0,,465.24624266333694,3182.5099980701784,1227.8114875290978,605.2815765329672,844.6436195732089,5.43557933479984,915.1778238701595,8.269067317456234e+19,259.1297581627652,6.12836576081544,579.3854956496282,3.0777620885317576e+20
C_c2823,1.05,5.313e+20,10.5,,381.47578631968213,3569.638735806681,1282.567048401718,678.9095911630725,806.6612093007658,5.054966019168384,1060.2260196225625,8.478845468458469e+19,263.7476161447328,6.756199038264866,536.1573941177681,3.060289133368714e+20
C_c2823,1.05,5.313e+20,11.0,,303.58889208603796,3975.7691025520944,1337.9564380813547,756.1515256143828,775.9899421998696,4.715257078322519,1212.3936868464307,8.662265617210101e+19,268.5659239073147,7.425601259566544,499.9984170329884,3.045963573599671e+20
C_c2823,1.05,5.313e+20,11.5,,230.2923862462468,4400.491178396685,1394.0110215097106,836.9294172192655,751.156223436916,4.41051196205416,1371.5272380203162,8.82183844911528e+19,273.5727420659115,8.138207242012198,469.4452741289923,3.034455430908858e+20
C_c2823,1.05,5.313e+20,12.0,,160.6333210408186,4843.404453577013,1450.7512146675565,921.1670930258119,731.0281509397701,4.135877796423364,1537.4766113872226,8.959858691647798e+19,278.7554502272303,8.895665290185216,443.3770354223546,3.0254647438488476e+20
C_c2823,1.05,5.313e+20,12.5,,93.93115487303999,5304.112559928595,1508.1887433032728,1008.7891677728194,714.7469241938685,3.8873509094204075,1710.0932969516189,9.078410750442172e+19,284.10128781449066,9.699636645326661,420.9459997340511,3.018720402899857e+20
C_c2823,1.05,5.313e+20,13.0,,29.700838168312657,5782.219090497955,1566.3284406033915,1099.7202488218059,701.6493280608858,3.661598522829351,1889.2287701846308,9.179380525665318e+19,289.59769807593784,10.551795030113984,401.4998349548339,3.0139783092387276e+20
C_c2823,1.05,5.313e+20,13.5,,-32.4107258046638,6277.324910430508,1625.1697222304415,1193.884424714778,691.2038264298825,3.45582359690447,2074.733484475852,9.264469459925769e+19,295.2325515497343,11.453826330213914,384.5174485499342,3.0110193084550965e+20
C_c2823,1.05,5.313e+20,14.0,,-92.63413149663643,6789.026481107967,1684.7077776326387,1291.204946441924,683.0009050800012,3.267661175325063,2266.4562432263397,9.33520973946968e+19,300.9942806934789,12.407428353995911,369.59919603252644,3.009647028326716e+20
C_c2823,1.1,5.5660000000000007e+20,16.0,,-353.5690206741833,9653.197510913993,2009.5608782056127,1835.941634600732,721.9740889299741,2.6427732460615507,3339.5949686764675,1.0150477445797234e+20,353.64109575002936,17.06269364514592,351.2702995347988,3.14006862130327e+20
C_c2823,1.05,5.313e+20,14.5,,-151.12295105121257,7316.914682012003,1744.9345111430462,1391.6040033718627,676.7074647055177,3.09509801359167,2464.243758428141,9.392979954269972e+19,306.8719484427585,13.414310614157735,356.4212056486015,3.009685704300741e+20
C_c2823,1.05,5.313e+20,15.0,,-207.97570203711234,7860.574495105067,1805.8393170469758,1495.0026632240326,672.0448618576587,2.9364095621913844,2667.940532409078,9.439019812814158e+19,312.8552816862258,14.476194176366247,344.71338599506663,3.010978146368559e+20
C_c2823,1.05,5.313e+20,15.5,,-263.23110832078237,8419.584839275281,1867.4096842029403,1601.3208405817654,668.7936802625579,2.7901101143912532,2877.3887958030723,9.474444314056368e+19,318.9346721703559,15.594811498269344,334.2641965939327,3.0133838059601435e+20
C_c2823,1.05,5.313e+20,16.0,,-316.89677824114733,8993.51912643263,1929.6317044724365,1710.4774026562216,666.7651963838184,2.654912966967805,3092.4287159065434,9.500256387777831e+19,325.10116650981604,16.771906327049265,324.8921235469531,3.0167770460498113e+20
C_c2823,1.1,5.5660000000000007e+20,2.0,,1333.7280496643807,12.207081302277876,323.0685849013511,2.3216647928802288,1330.5466847631847,58.70740353247846,-272.6614482914394,5.214251385210676e+18,187.28031747056193,0.49251199036252075,1142.7738553022602,4.120078453019839e+20
C_c2823,1.1,5.5660000000000007e+20,2.5,,1296.620634792918,35.20003890167505,398.33721042927675,6.694695398709577,1293.761729619476,41.694982684372825,-264.04651819272357,1.0106558888821066e+19,204.13314893510375,0.66092364503352,1088.9676570393387,4.0606845093441215e+20
C_c2823,1.1,5.5660000000000007e+20,3.0,,1256.1858912708628,77.81930223576816,469.88560104007064,14.800453092220744,1256.1278512043434,31.624041281983803,-248.07806468278434,1.6221038865904552e+19,216.69535508068014,0.8491196530181195,1038.5833764706451,3.9874847198535444e+20
C_c2823,1.1,5.5660000000000007e+20,3.5,,1211.4527888564817,144.7135679471392,537.7198365784639,27.5230734878664,1217.5515714076284,25.098605977985926,-223.0143285097792,2.3083813079591363e+19,225.99603066759656,1.0580354472120352,990.4975052928199,3.9063891337172143e+20
C_c2823,1.1,5.5660000000000007e+20,6.0,,957.9336934334829,897.5870300389358,836.6837189913425,170.71207724310517,1055.2070519541162,11.39295093305219,59.06996712990295,5.699754530289287e+19,249.79584083831512,2.452841197357999,802.958369918443,3.52086317010214e+20
C_c2823,1.1,5.5660000000000007e+20,6.5,,906.2442503427172,1130.2102199621534,892.033633632967,214.9546817346019,1033.2846777045866,10.1466325341393,146.22850303662602,6.256727581999199e+19,253.16700645834626,2.8108529639149573,777.3068182823253,3.460542733348311e+20
C_c2823,1.1,5.5660000000000007e+20,7.0,,854.8446389955111,1388.1525731850863,946.8885020706385,264.0127378940715,1014.9666363591947,9.114272332996558,242.87354458500428,6.7624986868632805e+19,256.6024364465063,3.1985012452147816,755.1656986674736,3.406836782316098e+20
C_c2823,1.1,5.5660000000000007e+20,7.5,,803.7418387494059,1670.518502548548,1001.5414078631555,317.7159139997083,1000.0066640716702,8.246458873029127,348.669535953637,7.218430907650518e+19,260.19165193202775,3.617283985439356,736.1977281542031,3.359487097094185e+20
C_c2823,1.1,5.5660000000000007e+20,4.0,,1163.3472155465636,238.72737005590386,602.1717337332552,45.40355851093235,1179.5017753848026,20.587772609646287,-187.7895284821939,3.026803683577479e+19,232.94475273178648,1.2887069017578254,945.2683157512582,3.82256618820319e+20
C_c2823,1.1,5.5660000000000007e+20,4.5,,1113.0925430242432,361.1475668268554,663.7448523242516,68.68665573479961,1143.4422751340055,17.31346152905102,-141.92150853331887,3.744250024736337e+19,238.29099512789705,1.5422667596640405,903.6090132464445,3.7399298434181825e+20
C_c2823,1.1,5.5660000000000007e+20,5.0,,1061.688173125662,512.1526000579247,722.99946831982,97.40630300501668,1110.388444190199,14.844146392449833,-85.3434106432922,4.43758842061671e+19,242.61586041823432,1.8199348326973628,865.9526489392673,3.661143426460243e+20
C_c2823,1.1,5.5660000000000007e+20,5.5,,1009.8133987720928,691.2459266328848,780.4812085867198,131.46806278630834,1080.8912452202514,12.923967753592462,-18.241278048126503,5.092160478745177e+19,246.34891911056437,2.1230064415304617,832.4193196681566,3.587835825126017e+20
C_c2823,1.1,5.5660000000000007e+20,8.0,,752.8882536841512,1976.5044486035727,1056.2284849704395,375.91138107991344,988.1143774090253,7.507741072718766,463.3154019783972,7.627041838677502e+19,263.98869194886953,4.068731663894605,720.0569537962612,3.318108884886833e+20
C_c2823,1.1,5.5660000000000007e+20,8.5,,702.2269416409158,2305.4006865617193,1111.137202342824,438.46415657717336,979.0024775607576,6.872080408785654,586.5452251749716,7.991466360283367e+19,268.02310031009245,4.554402523347021,706.4249747273182,3.282254025063404e+20
C_c2823,1.1,5.5660000000000007e+20,9.0,,651.6938426608733,2656.581544346534,1166.4143413710246,505.25524391926723,972.3884415528502,6.319951586637287,718.1245806686976,8.315102102974223e+19,272.3077991041775,5.075878779629942,695.0047636690427,3.251452339840145e+20
C_c2823,1.1,5.5660000000000007e+20,9.5,,601.2247686057482,3029.4907928345574,1222.1731551301336,576.1788538892043,967.9997894278207,5.836441182709022,857.8450622553387,8.601383481033589e+19,276.84464326421585,5.634763640012925,685.5203825235919,3.225237533250679e+20
C_c2823,1.1,5.5660000000000007e+20,14.0,,-107.44717709614815,7288.928294204917,1754.228856639422,1386.2812722748329,739.5421687523752,3.2528372309670117,2453.757905373729,9.97712852920093e+19,327.28475659467733,12.6208126896532,399.63659946804466,3.1321346753942245e+20
C_c2823,1.1,5.5660000000000007e+20,14.5,,-171.4747472400038,7854.923825789559,1816.9993913165936,1493.9279624269159,732.7181327525915,3.081043413283718,2665.823357141232,1.0037852096175748e+20,333.70853046522876,13.645454914630731,385.36414737273196,3.132282886140569e+20
C_c2823,1.1,5.5660000000000007e+20,15.0,,-233.80901565000045,8437.926790581494,1880.487472322891,1604.809296300694,727.6703030388088,2.92305276881932,2884.2611012772154,1.0086218950942178e+20,340.2494924909061,14.726134446498198,372.69467610140447,3.133750967023956e+20
C_c2823,1.1,5.5660000000000007e+20,15.5,,-294.5014843088304,9037.499519834157,1944.679604993837,1718.842033677258,724.157891535071,2.777388990197855,3108.9071534120394,1.012340766089056e+20,346.89698563002077,15.864620429498682,361.39628547555157,3.136390424921582e+20
C_c2823,1.1,5.5660000000000007e+20,10.0,,501.23984903234555,3423.6261138085006,1278.4995498698138,651.1394505852386,916.056409913801,5.409969180185372,1005.5184629019118,8.853643507338002e+19,281.62829772303553,6.2326789866463885,628.195433204119,3.2031627348199073e+20
C_c2823,1.1,5.5660000000000007e+20,10.5,,409.814583885136,3838.5247768992945,1335.4573058167814,730.0490273184766,874.4395399286933,5.031409922250606,1160.971408227726,9.07503411618825e+19,286.64892340533453,6.8712636088215175,580.9193529145372,3.1848091577780594e+20
C_c2823,1.1,5.5660000000000007e+20,11.0,,324.8760929416602,4273.751306848966,1393.0924044735268,812.8247610496047,840.8861777582372,4.69347547821327,1324.0407357126503,9.268485268455136e+19,291.8940179324783,7.552171857648652,541.4399879681102,3.1697902269517575e+20
C_c2823,1.1,5.5660000000000007e+20,11.5,,244.973067623588,4728.887311417698,1451.436571122121,899.3870777585317,813.7575013938651,4.390275146056261,1494.569683448858,9.43668909158789e+19,297.3496626268744,8.277072620836233,508.13076614615454,3.157752809040325e+20
C_c2823,1.1,5.5660000000000007e+20,12.0,,169.0363419239893,5203.523753167837,1510.510185771795,989.6581826149907,791.7982752748978,4.116995441631157,1672.4049945568067,9.582098937071454e+19,303.0013665845594,9.047648582792608,479.7492601075459,3.1483767340676016e+20
C_c2823,1.1,5.5660000000000007e+20,12.5,,96.30072742736297,5697.254893598586,1570.324620056789,1083.560908213515,774.0577805502185,3.86966412555634,1857.3946481923913,9.70693834261405e+19,308.83461618814044,9.865595646292775,455.35756871578513,3.14137320773128e+20
C_c2823,1.1,5.5660000000000007e+20,13.0,,26.219024804982837,6209.674037032285,1630.8841393104326,1181.01790510317,759.803206542381,3.6449736668087573,2049.3862648794466,9.813214836791573e+19,314.8352325565954,10.732622515708194,434.2353514700775,3.1364827009710804e+20
C_c2823,1.1,5.5660000000000007e+20,13.5,,-41.60881874802226,6740.37064828084,1692.1874376719475,1281.9510935965327,748.4484077233127,3.4401474601862625,2248.226026565935,9.902736297982227e+19,320.9895933479266,11.650450387661731,415.80836398772436,3.133472585731566e+20
