case_id,arm_id,R,I_coil_A,wp_side_m,is_baseline_point,a,availability,discount_rate,lcoe,lcoe_1cfe,wall_load,p_fus,plasma_volume,beta,B_axis,B_peak,sigma_wp,total_capital,magnet_capital,magnet_capital_1cfe,winding_pack,magnet_structure,overnight_capital,cas72,fuel,beta_ok,net_positive,peak_field_ok,recirc_ok,tbr_ok,wall_load_ok,wp_stress_ok,feasible
20260830-stress-fence:c0000,arm-grid-R-I,4.0,2000000.0,0.36,False,1.3,0.85,0.07,1097.1257309639398,1075.8204535078855,3.1312347175040456,865.5297249954552,133.85827224320653,0.15782723702157583,3.7110389610389602,10.26720779220779,34807724.74278967,3272067261.955083,748795636.3636363,821229863.1602889,694363636.3636363,54432000.0,3272067261.955083,21533146.296081077,169192.90216876467,violated,satisfied,satisfied,violated,satisfied,satisfied,satisfied,False
20260830-stress-fence:c0001,arm-grid-R-I,4.0,2500000.0,0.36,False,1.3,0.85,0.07,1183.108818903863,1159.945815101996,3.1312347175040456,865.5297249954552,133.85827224320653,0.10100943169380852,4.6387987012987,12.834009740259738,54387069.910608865,3557377113.955083,922386545.4545455,1026537328.9503609,867954545.4545455,54432000.0,3557377113.955083,21533146.296081077,169192.90216876467,violated,satisfied,satisfied,violated,satisfied,satisfied,satisfied,False
20260830-stress-fence:c0002,arm-grid-R-I,4.0,3000000.0,0.36,False,1.3,0.85,0.07,1269.0919068437868,1244.0711766961065,3.1312347175040456,865.5297249954552,133.85827224320653,0.07014543867625592,5.566558441558441,15.400811688311686,78317380.67127676,3842686965.955084,1095977454.5454545,1231844794.7404332,1041545454.5454545,54432000.0,3842686965.955084,21533146.296081077,169192.90216876467,violated,satisfied,satisfied,violated,satisfied,satisfied,satisfied,False
20260830-stress-fence:c0003,arm-grid-R-I,4.0,3500000.0,0.36,False,1.3,0.85,0.07,1355.0749947837096,1328.1965382902163,3.1312347175040456,865.5297249954552,133.85827224320653,0.05153542433357578,6.494318181818181,17.967613636363634,106598657.02479339,4127996817.955082,1269568363.6363637,1437152260.5305057,1215136363.6363637,54432000.0,4127996817.955082,21533146.296081077,169192.90216876467,violated,satisfied,satisfied,violated,satisfied,satisfied,satisfied,False
20260830-stress-fence:c0004,arm-grid-R-I,4.0,4000000.0,0.36,False,1.3,0.85,0.07,1441.0580827236329,1412.3218998843267,3.1312347175040456,865.5297249954552,133.85827224320653,0.03945680925539396,7.4220779220779205,20.53441558441558,139230898.97115868,4413306669.955082,1443159272.7272725,1642459726.3205779,1388727272.7272725,54432000.0,4413306669.955082,21533146.296081077,169192.90216876467,satisfied,satisfied,satisfied,violated,satisfied,satisfied,satisfied,False
20260830-stress-fence:c0005,arm-grid-R-I,4.0,4500000.0,0.36,False,1.3,0.85,0.07,1527.041170663556,1496.4472614784372,3.1312347175040456,865.5297249954552,133.85827224320653,0.031175750522780404,8.349837662337661,23.10121753246753,176214106.51037273,4698616521.955082,1616750181.8181815,1847767192.11065,1562318181.8181815,54432000.0,4698616521.955082,21533146.296081077,169192.90216876467,satisfied,satisfied,satisfied,violated,satisfied,satisfied,satisfied,False
20260830-stress-fence:c0006,arm-grid-R-I,4.0,5000000.0,0.36,False,1.3,0.85,0.07,1613.02425860348,1580.5726230725477,3.1312347175040456,865.5297249954552,133.85827224320653,0.02525235792345213,9.2775974025974,25.668019480519476,217548279.64243546,4983926373.955083,1790341090.909091,2053074657.9007218,1735909090.909091,54432000.0,4983926373.955083,21533146.296081077,169192.90216876467,satisfied,satisfied,violated,violated,satisfied,satisfied,satisfied,False
20260830-stress-fence:c0007,arm-grid-R-I,4.0,5500000.0,0.36,False,1.3,0.85,0.07,1699.0073465434025,1664.6979846666582,3.1312347175040456,865.5297249954552,133.85827224320653,0.020869717292109194,10.205357142857142,28.234821428571426,263233418.36734697,5269236225.955082,1963932000.0,2258382123.6907945,1909500000.0,54432000.0,5269236225.955082,21533146.296081077,169192.90216876467,satisfied,satisfied,violated,violated,satisfied,satisfied,satisfied,False
20260830-stress-fence:c0008,arm-grid-R-I,4.0,6000000.0,0.36,False,1.3,0.85,0.07,1784.990434483326,1748.8233462607684,3.1312347175040456,865.5297249954552,133.85827224320653,0.01753635966906398,11.133116883116882,30.801623376623372,313269522.68510705,5554546077.955082,2137522909.090909,2463689589.4808664,2083090909.090909,54432000.0,5554546077.955082,21533146.296081077,169192.90216876467,satisfied,satisfied,violated,violated,satisfied,satisfied,satisfied,False
20260830-stress-fence:c0009,arm-grid-R-I,4.0,6500000.0,0.36,False,1.3,0.85,0.07,1870.9735224232497,1832.948707854879,3.1312347175040456,865.5297249954552,133.85827224320653,0.014942223623344455,12.060876623376622,33.36842532467532,367656592.59571594,5839855929.955083,2311113818.1818185,2668997055.270939,2256681818.1818185,54432000.0,5839855929.955083,21533146.296081077,169192.90216876467,satisfied,satisfied,violated,violated,satisfied,satisfied,satisfied,False
20260830-stress-fence:c0010,arm-grid-R-I,4.0,7000000.0,0.36,False,1.3,0.85,0.07,1956.9566103631728,1917.0740694489896,3.1312347175040456,865.5297249954552,133.85827224320653,0.012883856083393945,12.988636363636362,35.93522727272727,426394628.09917355,6125165781.955083,2484704727.2727275,2874304521.0610113,2430272727.2727275,54432000.0,6125165781.955083,21533146.296081077,169192.90216876467,satisfied,satisfied,violated,violated,satisfied,satisfied,satisfied,False
20260830-stress-fence:c0011,arm-grid-R-I,4.0,7500000.0,0.36,False,1.3,0.85,0.07,2042.9396983030956,2001.1994310430998,3.1312347175040456,865.5297249954552,133.85827224320653,0.011223270188200948,13.916396103896101,38.502029220779214,489483629.1954798,6410475633.955082,2658295636.3636365,3079611986.851083,2603863636.3636365,54432000.0,6410475633.955082,21533146.296081077,169192.90216876467,satisfied,satisfied,violated,violated,satisfied,satisfied,satisfied,False
20260830-stress-fence:c0012,arm-grid-R-I,4.0,8000000.0,0.36,False,1.3,0.85,0.07,2128.922786243019,2085.32479263721,3.1312347175040456,865.5297249954552,133.85827224320653,0.00986420231384849,14.844155844155841,41.06883116883116,556923595.8846347,6695785485.955082,2831886545.454545,3284919452.6411557,2777454545.454545,54432000.0,6695785485.955082,21533146.296081077,169192.90216876467,satisfied,satisfied,violated,violated,satisfied,satisfied,satisfied,False
20260830-stress-fence:c0013,arm-grid-R-I,4.0,8500000.0,0.36,False,1.3,0.85,0.07,2214.9058741829426,2169.4501542313205,3.1312347175040456,865.5297249954552,133.85827224320653,0.008737840111921151,15.771915584415583,43.63563311688311,628714528.1666386,6981095337.955082,3005477454.5454545,3490226918.431227,2951045454.5454545,54432000.0,6981095337.955082,21533146.296081077,169192.90216876467,satisfied,satisfied,violated,violated,satisfied,satisfied,satisfied,False
20260830-stress-fence:c0014,arm-grid-R-I,4.0,9000000.0,0.36,False,1.3,0.85,0.07,2300.8889621228655,2253.57551582543,3.1312347175040456,865.5297249954552,133.85827224320653,0.007793937630695101,16.699675324675322,46.20243506493506,704856426.0414909,7266405189.95508,3179068363.636363,3695534384.2213,3124636363.636363,54432000.0,7266405189.95508,21533146.296081077,169192.90216876467,satisfied,satisfied,violated,violated,satisfied,satisfied,satisfied,False
20260830-stress-fence:c0015,arm-grid-R-I,4.0,9500000.0,0.36,False,1.3,0.85,0.07,2386.872050062789,2337.7008774195415,3.1312347175040456,865.5297249954552,133.85827224320653,0.006995112998186185,17.627435064935064,48.769237012987006,785349289.509192,7551715041.955083,3352659272.727273,3900841850.011372,3298227272.727273,54432000.0,7551715041.955083,21533146.296081077,169192.90216876467,satisfied,satisfied,violated,violated,satisfied,satisfied,satisfied,False
20260830-stress-fence:c0016,arm-grid-R-I,4.0,10000000.0,0.36,False,1.3,0.85,0.07,2472.855138002712,2421.8262390136515,3.1312347175040456,865.5297249954552,133.85827224320653,0.006313089480863033,18.5551948051948,51.33603896103895,870193118.5697418,7837024893.955082,3526250181.818182,4106149315.8014436,3471818181.818182,54432000.0,7837024893.955082,21533146.296081077,169192.90216876467,satisfied,satisfied,violated,violated,satisfied,satisfied,violated,False
20260830-stress-fence:c0017,arm-grid-R-I,4.0,10500000.0,0.36,False,1.3,0.85,0.07,2558.8382259426353,2505.951600607762,3.1312347175040456,865.5297249954552,133.85827224320653,0.005726158259286197,19.482954545454543,53.902840909090905,959387913.2231405,8122334745.955082,3699841090.9090905,4311456781.591517,3645409090.9090905,54432000.0,8122334745.955082,21533146.296081077,169192.90216876467,satisfied,satisfied,violated,violated,satisfied,satisfied,violated,False
20260830-stress-fence:c0018,arm-grid-R-I,4.0,11000000.0,0.36,False,1.3,0.85,0.07,2644.8213138825586,2590.0769622018724,3.1312347175040456,865.5297249954552,133.85827224320653,0.0052174293230272985,20.410714285714285,56.46964285714285,1052933673.4693879,8407644597.955082,3873432000.0,4516764247.381589,3819000000.0,54432000.0,8407644597.955082,21533146.296081077,169192.90216876467,satisfied,satisfied,violated,violated,satisfied,satisfied,violated,False
20260830-stress-fence:c0019,arm-grid-R-I,4.0,11500000.0,0.36,False,1.3,0.85,0.07,2730.8044018224828,2674.202323795983,3.1312347175040456,865.5297249954552,133.85827224320653,0.0047736026320325375,21.338474025974026,59.036444805194805,1150830399.3084838,8692954449.955084,4047022909.0909095,4722071713.171661,3992590909.0909095,54432000.0,8692954449.955084,21533146.296081077,169192.90216876467,satisfied,satisfied,violated,violated,satisfied,satisfied,violated,False
20260830-stress-fence:c0020,arm-grid-R-I,4.0,12000000.0,0.36,False,1.3,0.85,0.07,2816.787489762406,2758.327685390094,3.1312347175040456,865.5297249954552,133.85827224320653,0.004384089917265995,22.266233766233764,61.603246753246744,1253078090.7404282,8978264301.955084,4220613818.181818,4927379178.961733,4166181818.181818,54432000.0,8978264301.955084,21533146.296081077,169192.90216876467,satisfied,satisfied,violated,violated,satisfied,satisfied,violated,False
20260830-stress-fence:c0021,arm-grid-R-I,4.0,12500000.0,0.36,False,1.3,0.85,0.07,2902.7705777023293,2842.453046984204,3.1312347175040456,865.5297249954552,133.85827224320653,0.004040377267752341,23.193993506493506,64.1700487012987,1359676747.7652218,9263574153.955084,4394204727.272727,5132686644.751806,4339772727.272727,54432000.0,9263574153.955084,21533146.296081077,169192.90216876467,satisfied,satisfied,violated,violated,satisfied,satisfied,violated,False
20260830-stress-fence:c0022,arm-grid-R-I,4.0,13000000.0,0.36,False,1.3,0.85,0.07,2988.7536656422526,2926.5784085783143,3.1312347175040456,865.5297249954552,133.85827224320653,0.003735555905836114,24.121753246753244,66.73685064935064,1470626370.3828638,9548884005.955084,4567795636.363637,5337994110.541878,4513363636.363637,54432000.0,9548884005.955084,21533146.296081077,169192.90216876467,satisfied,satisfied,violated,violated,satisfied,satisfied,violated,False
20260830-stress-fence:c0023,arm-grid-R-I,4.0,13500000.0,0.36,False,1.3,0.85,0.07,3074.7367535821754,3010.703770172425,3.1312347175040456,865.5297249954552,133.85827224320653,0.003463972280308934,25.049512987012985,69.30365259740259,1585926958.5933547,9834193857.955084,4741386545.454545,5543301576.33195,4686954545.454545,54432000.0,9834193857.955084,21533146.296081077,169192.90216876467,satisfied,satisfied,violated,violated,satisfied,satisfied,violated,False
20260830-stress-fence:c0024,arm-grid-R-I,4.0,14000000.0,0.36,False,1.3,0.85,0.07,3160.719841522099,3094.829131766535,3.1312347175040456,865.5297249954552,133.85827224320653,0.0032209640208484863,25.977272727272723,71.87045454545454,1705578512.3966942,10119503709.955086,4914977454.545455,5748609042.122023,4860545454.545455,54432000.0,10119503709.955086,21533146.296081077,169192.90216876467,satisfied,satisfied,violated,violated,satisfied,satisfied,violated,False
20260830-stress-fence:c0025,arm-grid-R-I,4.0,14500000.0,0.36,False,1.3,0.85,0.07,3246.7029294620224,3178.954493360645,3.1312347175040456,865.5297249954552,133.85827224320653,0.003002658492681585,26.905032467532465,74.43725649350648,1829581031.7928824,10404813561.955084,5088568363.636363,5953916507.912094,5034136363.636363,54432000.0,10404813561.955084,21533146.296081077,169192.90216876467,satisfied,satisfied,violated,violated,satisfied,satisfied,violated,False
20260830-stress-fence:c0026,arm-grid-R-I,4.0,15000000.0,0.36,False,1.3,0.85,0.07,3332.6860174019457,3263.079854954755,3.1312347175040456,865.5297249954552,133.85827224320653,0.002805817547050237,27.832792207792203,77.00405844155843,1957934516.7819192,10690123413.955084,5262159272.727273,6159223973.702166,5207727272.727273,54432000.0,10690123413.955084,21533146.296081077,169192.90216876467,satisfied,satisfied,violated,violated,satisfied,satisfied,violated,False
20260830-stress-fence:c0027,arm-grid-R-I,4.0,15500000.0,0.36,False,1.3,0.85,0.07,3418.6691053418685,3347.205216548866,3.1312347175040456,865.5297249954552,133.85827224320653,0.0026277167454164547,28.760551948051944,79.57086038961037,2090638967.363805,10975433265.955084,5435750181.818182,6364531439.49224,5381318181.818182,54432000.0,10975433265.955084,21533146.296081077,169192.90216876467,satisfied,satisfied,violated,violated,satisfied,satisfied,violated,False
20260830-stress-fence:c0028,arm-grid-R-I,4.0,16000000.0,0.36,False,1.3,0.85,0.07,3504.6521932817923,3431.330578142976,3.1312347175040456,865.5297249954552,133.85827224320653,0.0024660505784621224,29.688311688311682,82.13766233766232,2227694383.538539,11260743117.955084,5609341090.90909,6569838905.282311,5554909090.90909,54432000.0,11260743117.955084,21533146.296081077,169192.90216876467,satisfied,satisfied,violated,violated,satisfied,satisfied,violated,False
20260830-stress-fence:c0029,arm-grid-R-I,4.0,16500000.0,0.36,False,1.3,0.85,0.07,3590.6352812217146,3515.4559397370863,3.1312347175040456,865.5297249954552,133.85827224320653,0.0023188574769010223,30.616071428571423,84.70446428571427,2369100765.3061223,11546052969.955082,5782931999.999999,6775146371.072383,5728499999.999999,54432000.0,11546052969.955082,21533146.296081077,169192.90216876467,satisfied,satisfied,violated,violated,satisfied,satisfied,violated,False
20260830-stress-fence:c0030,arm-grid-R-I,4.0,17000000.0,0.36,False,1.3,0.85,0.07,3676.618369161639,3599.5813013311968,3.1312347175040456,865.5297249954552,133.85827224320653,0.002184460027980288,31.543831168831165,87.27126623376623,2514858112.6665545,11831362821.955084,5956522909.090909,6980453836.862454,5902090909.090909,54432000.0,11831362821.955084,21533146.296081077,169192.90216876467,satisfied,satisfied,violated,violated,satisfied,satisfied,violated,False
20260830-stress-fence:c0031,arm-grid-R-I,4.0,17500000.0,0.36,False,1.3,0.85,0.07,3762.6014571015617,3683.7066629253072,3.1312347175040456,865.5297249954552,133.85827224320653,0.002061416973343031,32.47159090909091,89.83806818181817,2664966425.6198344,12116672673.955082,6130113818.181818,7185761302.652529,6075681818.181818,54432000.0,12116672673.955082,21533146.296081077,169192.90216876467,satisfied,satisfied,violated,violated,satisfied,satisfied,violated,False
20260830-stress-fence:c0032,arm-grid-R-I,4.0,18000000.0,0.36,False,1.3,0.85,0.07,3848.584545041485,3767.8320245194172,3.1312347175040456,865.5297249954552,133.85827224320653,0.0019484844076737753,33.399350649350644,92.40487012987012,2819425704.1659636,12401982525.955082,6303704727.272726,7391068768.4426,6249272727.272726,54432000.0,12401982525.955082,21533146.296081077,169192.90216876467,satisfied,satisfied,violated,violated,satisfied,satisfied,violated,False
20260830-stress-fence:c0033,arm-grid-R-I,4.0,18500000.0,0.36,False,1.3,0.85,0.07,3934.5676329814087,3851.957386113528,3.1312347175040456,865.5297249954552,133.85827224320653,0.001844584216468381,34.32711038961038,94.97167207792205,2978235948.304941,12687292377.955084,6477295636.363637,7596376234.232672,6422863636.363637,54432000.0,12687292377.955084,21533146.296081077,169192.90216876467,satisfied,satisfied,violated,violated,satisfied,satisfied,violated,False
20260830-stress-fence:c0034,arm-grid-R-I,4.0,19000000.0,0.36,False,1.3,0.85,0.07,4020.550720921333,3936.0827477076396,3.1312347175040456,865.5297249954552,133.85827224320653,0.0017487782495465463,35.25487012987013,97.53847402597401,3141397158.036768,12972602229.955088,6650886545.454546,7801683700.022744,6596454545.454546,54432000.0,12972602229.955088,21533146.296081077,169192.90216876467,satisfied,satisfied,violated,violated,satisfied,satisfied,violated,False
20260830-stress-fence:c0035,arm-grid-R-I,4.0,19500000.0,0.36,False,1.3,0.85,0.07,4106.533808861254,4020.208109301749,3.1312347175040456,865.5297249954552,133.85827224320653,0.0016602470692604952,36.182629870129865,100.10527597402596,3308909333.3614435,13257912081.955084,6824477454.545454,8006991165.812818,6770045454.545454,54432000.0,13257912081.955084,21533146.296081077,169192.90216876467,satisfied,satisfied,violated,violated,satisfied,satisfied,violated,False
20260830-stress-fence:c0036,arm-grid-R-I,4.0,20000000.0,0.36,False,1.3,0.85,0.07,4192.516896801178,4104.333470895858,3.1312347175040456,865.5297249954552,133.85827224320653,0.0015782723702157581,37.1103896103896,102.6720779220779,3480772474.2789674,13543221933.955082,6998068363.636364,8212298631.602887,6943636363.636364,54432000.0,13543221933.955082,21533146.296081077,169192.90216876467,satisfied,satisfied,violated,violated,satisfied,satisfied,violated,False
20260830-stress-fence:c0037,arm-grid-R-I,4.0,20500000.0,0.36,False,1.3,0.85,0.07,4278.499984741103,4188.45883248997,3.1312347175040456,865.5297249954552,133.85827224320653,0.0015022223630846005,38.03814935064934,105.23887987012984,3656986580.7893395,13828531785.955084,7171659272.727274,8417606097.392961,7117227272.727274,54432000.0,13828531785.955084,21533146.296081077,169192.90216876467,satisfied,satisfied,violated,violated,satisfied,satisfied,violated,False
20260830-stress-fence:c0038,arm-grid-R-I,4.0,21000000.0,0.36,False,1.3,0.85,0.07,4364.483072681024,4272.584194084079,3.1312347175040456,865.5297249954552,133.85827224320653,0.0014315395648215492,38.965909090909086,107.80568181818181,3837551652.892562,14113841637.955082,7345250181.818181,8622913563.183035,7290818181.818181,54432000.0,14113841637.955082,21533146.296081077,169192.90216876467,satisfied,satisfied,violated,violated,satisfied,satisfied,violated,False
20260830-stress-fence:c0039,arm-grid-R-I,4.0,21500000.0,0.36,False,1.3,0.85,0.07,4450.466160620947,4356.709555678191,3.1312347175040456,865.5297249954552,133.85827224320653,0.0013657305529179088,39.893668831168824,110.37248376623374,4022467690.588631,14399151489.955084,7518841090.909092,8828221028.973106,7464409090.909092,54432000.0,14399151489.955084,21533146.296081077,169192.90216876467,satisfied,satisfied,violated,violated,satisfied,satisfied,violated,False
20260830-stress-fence:c0040,arm-grid-R-I,4.0,22000000.0,0.36,False,1.3,0.85,0.07,4536.449248560872,4440.834917272301,3.1312347175040456,865.5297249954552,133.85827224320653,0.0013043573307568246,40.82142857142857,112.9392857142857,4211734693.8775516,14684461341.955084,7692432000.0,9033528494.763178,7638000000.0,54432000.0,14684461341.955084,21533146.296081077,169192.90216876467,satisfied,satisfied,violated,violated,satisfied,satisfied,violated,False
20260830-stress-fence:c0041,arm-grid-R-I,4.0,22500000.0,0.36,False,1.3,0.85,0.07,4622.432336500794,4524.960278866411,3.1312347175040456,865.5297249954552,133.85827224320653,0.0012470300209112162,41.74918831168831,115.50608766233765,4405352662.759318,14969771193.955082,7866022909.090908,9238835960.55325,7811590909.090908,54432000.0,14969771193.955082,21533146.296081077,169192.90216876467,satisfied,satisfied,violated,violated,satisfied,satisfied,violated,False
20260830-stress-fence:c0042,arm-grid-R-I,4.0,23000000.0,0.36,False,1.3,0.85,0.07,4708.415424440719,4609.085640460523,3.1312347175040456,865.5297249954552,133.85827224320653,0.0011934006580081344,42.67694805194805,118.07288961038961,4603321597.233935,15255081045.955088,8039613818.181819,9444143426.343323,7985181818.181819,54432000.0,15255081045.955088,21533146.296081077,169192.90216876467,satisfied,satisfied,violated,violated,satisfied,satisfied,violated,False
20260830-stress-fence:c0043,arm-grid-R-I,4.0,23500000.0,0.36,False,1.3,0.85,0.07,4794.39851238064,4693.21100205463,3.1312347175040456,865.5297249954552,133.85827224320653,0.0011431578960367649,43.60470779220778,120.63969155844153,4805641497.301398,15540390897.955078,8213204727.272727,9649450892.133394,8158772727.272727,54432000.0,15540390897.955078,21533146.296081077,169192.90216876467,satisfied,satisfied,violated,violated,satisfied,satisfied,violated,False
20260830-stress-fence:c0044,arm-grid-R-I,4.0,24000000.0,0.36,False,1.3,0.85,0.07,4880.381600320563,4777.336363648741,3.1312347175040456,865.5297249954552,133.85827224320653,0.0010960224793164987,44.53246753246753,123.20649350649349,5012312362.961713,15825700749.955078,8386795636.363636,9854758357.923466,8332363636.363636,54432000.0,15825700749.955078,21533146.296081077,169192.90216876467,satisfied,satisfied,violated,violated,satisfied,satisfied,violated,False
20260830-stress-fence:c0045,arm-grid-R-I,4.0,24500000.0,0.36,False,1.3,0.85,0.07,4966.3646882604835,4861.461725242848,3.1312347175040456,865.5297249954552,133.85827224320653,0.0010517433537464444,45.460227272727266,125.77329545454543,5223334194.214876,16111010601.95507,8560386545.454545,10060065823.71354,8505954545.454545,54432000.0,16111010601.95507,21533146.296081077,169192.90216876467,satisfied,satisfied,violated,violated,satisfied,satisfied,violated,False
20260830-stress-fence:c0046,arm-grid-R-I,4.0,25000000.0,0.36,False,1.3,0.85,0.07,5052.347776200409,4945.58708683696,3.1312347175040456,865.5297249954552,133.85827224320653,0.0010100943169380852,46.38798701298701,128.3400974025974,5438706991.060887,16396320453.955074,8733977454.545454,10265373289.503613,8679545454.545454,54432000.0,16396320453.955074,21533146.296081077,169192.90216876467,satisfied,satisfied,violated,violated,satisfied,satisfied,violated,False
20260830-stress-fence:c0047,arm-grid-R-I,4.0,25500000.0,0.36,False,1.3,0.85,0.07,5138.330864140332,5029.712448431071,3.1312347175040456,865.5297249954552,133.85827224320653,0.000970871123546795,47.31574675324674,130.90689935064933,5658430753.499746,16681630305.955074,8907568363.636362,10470680755.293682,8853136363.636362,54432000.0,16681630305.955074,21533146.296081077,169192.90216876467,satisfied,satisfied,violated,violated,satisfied,satisfied,violated,False
20260830-stress-fence:c0048,arm-grid-R-I,4.0,26000000.0,0.36,False,1.3,0.85,0.07,5224.313952080256,5113.837810025183,3.1312347175040456,865.5297249954552,133.85827224320653,0.0009338889764590284,48.24350649350649,133.4737012987013,5882505481.531455,16966940157.95508,9081159272.727274,10675988221.083755,9026727272.727274,54432000.0,16966940157.95508,21533146.296081077,169192.90216876467,satisfied,satisfied,violated,violated,satisfied,satisfied,violated,False
20260830-stress-fence:c0049,arm-grid-R-I,4.5,2000000.0,0.36,False,1.3,0.85,0.07,634.54125493839,622.4330023617315,3.1312347175040447,973.720940619887,150.59055627360732,0.19975009685543188,3.2987012987012982,9.126406926406926,30940199.771368597,3460942791.8555574,748795636.3636363,821229863.1602892,694363636.3636363,54432000.0,3460942791.8555574,24695250.398655906,190342.01493986018,violated,satisfied,satisfied,violated,satisfied,satisfied,satisfied,False
20260830-stress-fence:c0050,arm-grid-R-I,4.5,2500000.0,0.36,False,1.3,0.85,0.07,680.740525377655,667.6341043947592,3.1312347175040447,973.720940619887,150.59055627360732,0.1278400619874764,4.123376623376623,11.408008658008656,48344062.142763436,3746252643.8555574,922386545.4545455,1026537328.9503613,867954545.4545455,54432000.0,3746252643.8555574,24695250.398655906,190342.01493986018,violated,satisfied,satisfied,violated,satisfied,satisfied,satisfied,False
20260830-stress-fence:c0051,arm-grid-R-I,4.5,3000000.0,0.36,False,1.3,0.85,0.07,726.9397958169199,712.8352064277867,3.1312347175040447,973.720940619887,150.59055627360732,0.08877782082463638,4.948051948051948,13.689610389610388,69615449.48557936,4031562495.855557,1095977454.5454545,1231844794.7404337,1041545454.5454545,54432000.0,4031562495.855557,24695250.398655906,190342.01493986018,violated,satisfied,satisfied,violated,satisfied,satisfied,satisfied,False
20260830-stress-fence:c0052,arm-grid-R-I,4.5,3500000.0,0.36,False,1.3,0.85,0.07,773.139066256185,758.0363084608144,3.1312347175040447,973.720940619887,150.59055627360732,0.06522452142218185,5.772727272727272,15.971212121212117,94754361.79981634,4316872347.855557,1269568363.6363637,1437152260.5305057,1215136363.6363637,54432000.0,4316872347.855557,24695250.398655906,190342.01493986018,violated,satisfied,satisfied,violated,satisfied,satisfied,satisfied,False
20260830-stress-fence:c0053,arm-grid-R-I,4.5,4000000.0,0.36,False,1.3,0.85,0.07,819.3383366954498,803.237410493842,3.1312347175040447,973.720940619887,150.59055627360732,0.04993752421385797,6.5974025974025965,18.25281385281385,123760799.08547439,4602182199.855557,1443159272.7272725,1642459726.3205783,1388727272.7272725,54432000.0,4602182199.855557,24695250.398655906,190342.01493986018,satisfied,satisfied,satisfied,violated,satisfied,satisfied,satisfied,False
20260830-stress-fence:c0054,arm-grid-R-I,4.5,4500000.0,0.36,False,1.3,0.85,0.07,865.5376071347148,848.4385125268697,3.1312347175040447,973.720940619887,150.59055627360732,0.03945680925539395,7.422077922077921,20.534415584415584,156634761.34255356,4887492051.855557,1616750181.8181815,1847767192.11065,1562318181.8181815,54432000.0,4887492051.855557,24695250.398655906,190342.01493986018,satisfied,satisfied,satisfied,violated,satisfied,satisfied,satisfied,False
20260830-stress-fence:c0055,arm-grid-R-I,4.5,5000000.0,0.36,False,1.3,0.85,0.07,911.7368775739799,893.6396145598974,3.1312347175040447,973.720940619887,150.59055627360732,0.0319600154968691,8.246753246753245,22.816017316017312,193376248.57105374,5172801903.855557,1790341090.909091,2053074657.9007225,1735909090.909091,54432000.0,5172801903.855557,24695250.398655906,190342.01493986018,satisfied,satisfied,satisfied,violated,satisfied,satisfied,satisfied,False
20260830-stress-fence:c0056,arm-grid-R-I,4.5,5500000.0,0.36,False,1.3,0.85,0.07,957.9361480132449,938.8407165929252,3.1312347175040447,973.720940619887,150.59055627360732,0.02641323594782571,9.07142857142857,25.09761904761904,233985260.77097502,5458111755.855558,1963932000.0,2258382123.6907945,1909500000.0,54432000.0,5458111755.855558,24695250.398655906,190342.01493986018,satisfied,satisfied,violated,violated,satisfied,satisfied,satisfied,False
20260830-stress-fence:c0057,arm-grid-R-I,4.5,6000000.0,0.36,False,1.3,0.85,0.07,1004.1354184525096,984.0418186259525,3.1312347175040447,973.720940619887,150.59055627360732,0.022194455206159095,9.896103896103895,27.379220779220777,278461797.9423174,5743421607.8555565,2137522909.090909,2463689589.4808674,2083090909.090909,54432000.0,5743421607.8555565,24695250.398655906,190342.01493986018,satisfied,satisfied,violated,violated,satisfied,satisfied,satisfied,False
20260830-stress-fence:c0058,arm-grid-R-I,4.5,6500000.0,0.36,False,1.3,0.85,0.07,1050.334688891775,1029.2429206589804,3.1312347175040447,973.720940619887,150.59055627360732,0.018911251773295328,10.72077922077922,29.660822510822506,326805860.0850808,6028731459.855558,2311113818.1818185,2668997055.270939,2256681818.1818185,54432000.0,6028731459.855558,24695250.398655906,190342.01493986018,satisfied,satisfied,violated,violated,satisfied,satisfied,satisfied,False
20260830-stress-fence:c0059,arm-grid-R-I,4.5,7000000.0,0.36,False,1.3,0.85,0.07,1096.5339593310398,1074.444022692008,3.1312347175040447,973.720940619887,150.59055627360732,0.016306130355545463,11.545454545454543,31.942424242424234,379017447.19926536,6314041311.855558,2484704727.2727275,2874304521.0610113,2430272727.2727275,54432000.0,6314041311.855558,24695250.398655906,190342.01493986018,satisfied,satisfied,violated,violated,satisfied,satisfied,satisfied,False
20260830-stress-fence:c0060,arm-grid-R-I,4.5,7500000.0,0.36,False,1.3,0.85,0.07,1142.733229770305,1119.6451247250359,3.1312347175040447,973.720940619887,150.59055627360732,0.014204451331941825,12.370129870129867,34.22402597402596,435096559.28487086,6599351163.855559,2658295636.3636365,3079611986.851083,2603863636.3636365,54432000.0,6599351163.855559,24695250.398655906,190342.01493986018,satisfied,satisfied,violated,violated,satisfied,satisfied,satisfied,False
20260830-stress-fence:c0061,arm-grid-R-I,4.5,8000000.0,0.36,False,1.3,0.85,0.07,1188.9325002095695,1164.846226758063,3.1312347175040447,973.720940619887,150.59055627360732,0.012484381053464493,13.194805194805193,36.5056277056277,495043196.34189755,6884661015.8555565,2831886545.454545,3284919452.6411567,2777454545.454545,54432000.0,6884661015.8555565,24695250.398655906,190342.01493986018,satisfied,satisfied,violated,violated,satisfied,satisfied,satisfied,False
20260830-stress-fence:c0062,arm-grid-R-I,4.5,8500000.0,0.36,False,1.3,0.85,0.07,1235.1317706488346,1210.047328791091,3.1312347175040447,973.720940619887,150.59055627360732,0.011058828891650207,14.019480519480519,38.787229437229435,558857358.3703455,7169970867.855558,3005477454.5454545,3490226918.431228,2951045454.5454545,54432000.0,7169970867.855558,24695250.398655906,190342.01493986018,satisfied,satisfied,violated,violated,satisfied,satisfied,satisfied,False
20260830-stress-fence:c0063,arm-grid-R-I,4.5,9000000.0,0.36,False,1.3,0.85,0.07,1281.3310410880997,1255.2484308241187,3.1312347175040447,973.720940619887,150.59055627360732,0.009864202313848488,14.844155844155843,41.06883116883117,626539045.3702142,7455280719.855558,3179068363.636363,3695534384.2213,3124636363.636363,54432000.0,7455280719.855558,24695250.398655906,190342.01493986018,satisfied,satisfied,violated,violated,satisfied,satisfied,satisfied,False
20260830-stress-fence:c0064,arm-grid-R-I,4.5,9500000.0,0.36,False,1.3,0.85,0.07,1327.5303115273648,1300.4495328571466,3.1312347175040447,973.720940619887,150.59055627360732,0.008853189888329392,15.668831168831167,43.35043290043289,698088257.3415041,7740590571.855559,3352659272.727273,3900841850.011372,3298227272.727273,54432000.0,7740590571.855559,24695250.398655906,190342.01493986018,satisfied,satisfied,violated,violated,satisfied,satisfied,satisfied,False
20260830-stress-fence:c0065,arm-grid-R-I,4.5,10000000.0,0.36,False,1.3,0.85,0.07,1373.7295819666297,1345.6506348901742,3.1312347175040447,973.720940619887,150.59055627360732,0.007990003874217276,16.49350649350649,45.632034632034625,773504994.284215,8025900423.855559,3526250181.818182,4106149315.801445,3471818181.818182,54432000.0,8025900423.855559,24695250.398655906,190342.01493986018,satisfied,satisfied,violated,violated,satisfied,satisfied,satisfied,False
20260830-stress-fence:c0066,arm-grid-R-I,4.5,10500000.0,0.36,False,1.3,0.85,0.07,1419.9288524058948,1390.8517369232015,3.1312347175040447,973.720940619887,150.59055627360732,0.007247169046909093,17.318181818181817,47.91363636363636,852789256.198347,8311210275.855559,3699841090.9090905,4311456781.591517,3645409090.9090905,54432000.0,8311210275.855559,24695250.398655906,190342.01493986018,satisfied,satisfied,violated,violated,satisfied,satisfied,violated,False
20260830-stress-fence:c0067,arm-grid-R-I,4.5,11000000.0,0.36,False,1.3,0.85,0.07,1466.12812284516,1436.0528389562296,3.1312347175040447,973.720940619887,150.59055627360732,0.006603308986956428,18.14285714285714,50.19523809523808,935941043.0839001,8596520127.855562,3873432000.0,4516764247.381589,3819000000.0,54432000.0,8596520127.855562,24695250.398655906,190342.01493986018,satisfied,satisfied,violated,violated,satisfied,satisfied,violated,False
20260830-stress-fence:c0068,arm-grid-R-I,4.5,11500000.0,0.36,False,1.3,0.85,0.07,1512.3273932844247,1481.253940989257,3.1312347175040447,973.720940619887,150.59055627360732,0.00604159083116618,18.967532467532468,52.47683982683983,1022960354.9408746,8881829979.85556,4047022909.0909095,4722071713.171661,3992590909.0909095,54432000.0,8881829979.85556,24695250.398655906,190342.01493986018,satisfied,satisfied,violated,violated,satisfied,satisfied,violated,False
20260830-stress-fence:c0069,arm-grid-R-I,4.5,12000000.0,0.36,False,1.3,0.85,0.07,1558.5266637236898,1526.4550430222848,3.1312347175040447,973.720940619887,150.59055627360732,0.005548613801539774,19.79220779220779,54.758441558441554,1113847191.7692697,9167139831.85556,4220613818.181818,4927379178.961735,4166181818.181818,54432000.0,9167139831.85556,24695250.398655906,190342.01493986018,satisfied,satisfied,violated,violated,satisfied,satisfied,violated,False
20260830-stress-fence:c0070,arm-grid-R-I,4.5,12500000.0,0.36,False,1.3,0.85,0.07,1604.7259341629544,1571.656145055312,3.1312347175040447,973.720940619887,150.59055627360732,0.005113602479499055,20.616883116883116,57.040043290043286,1208601553.5690858,9452449683.855558,4394204727.272727,5132686644.751806,4339772727.272727,54432000.0,9452449683.855558,24695250.398655906,190342.01493986018,satisfied,satisfied,violated,violated,satisfied,satisfied,violated,False
20260830-stress-fence:c0071,arm-grid-R-I,4.5,13000000.0,0.36,False,1.3,0.85,0.07,1650.92520460222,1616.8572470883405,3.1312347175040447,973.720940619887,150.59055627360732,0.004727812943323832,21.44155844155844,59.32164502164501,1307223440.3403232,9737759535.855562,4567795636.363637,5337994110.541878,4513363636.363637,54432000.0,9737759535.855562,24695250.398655906,190342.01493986018,satisfied,satisfied,violated,violated,satisfied,satisfied,violated,False
20260830-stress-fence:c0072,arm-grid-R-I,4.5,13500000.0,0.36,False,1.3,0.85,0.07,1697.1244750414842,1662.0583491213674,3.1312347175040447,973.720940619887,150.59055627360732,0.004384089917265995,22.266233766233764,61.603246753246744,1409712852.0829818,10023069387.855558,4741386545.454545,5543301576.33195,4686954545.454545,54432000.0,10023069387.855558,24695250.398655906,190342.01493986018,satisfied,satisfied,violated,violated,satisfied,satisfied,violated,False
20260830-stress-fence:c0073,arm-grid-R-I,4.5,14000000.0,0.36,False,1.3,0.85,0.07,1743.3237454807493,1707.2594511543953,3.1312347175040447,973.720940619887,150.59055627360732,0.004076532588886366,23.090909090909086,63.88484848484847,1516069788.7970614,10308379239.85556,4914977454.545455,5748609042.122023,4860545454.545455,54432000.0,10308379239.85556,24695250.398655906,190342.01493986018,satisfied,satisfied,violated,violated,satisfied,satisfied,violated,False
20260830-stress-fence:c0074,arm-grid-R-I,4.5,14500000.0,0.36,False,1.3,0.85,0.07,1789.523015920014,1752.4605531874224,3.1312347175040447,973.720940619887,150.59055627360732,0.0038002396548001316,23.915584415584412,66.1664502164502,1626294250.4825618,10593689091.855558,5088568363.636363,5953916507.912094,5034136363.636363,54432000.0,10593689091.855558,24695250.398655906,190342.01493986018,satisfied,satisfied,violated,violated,satisfied,satisfied,violated,False
20260830-stress-fence:c0075,arm-grid-R-I,4.5,15000000.0,0.36,False,1.3,0.85,0.07,1835.722286359279,1797.6616552204503,3.1312347175040447,973.720940619887,150.59055627360732,0.003551112832985456,24.740259740259734,68.44805194805193,1740386237.1394835,10878998943.855558,5262159272.727273,6159223973.702166,5207727272.727273,54432000.0,10878998943.855558,24695250.398655906,190342.01493986018,satisfied,satisfied,violated,violated,satisfied,satisfied,violated,False
20260830-stress-fence:c0076,arm-grid-R-I,4.5,15500000.0,0.36,False,1.3,0.85,0.07,1881.921556798544,1842.8627572534776,3.1312347175040447,973.720940619887,150.59055627360732,0.003325704005917701,25.56493506493506,70.72965367965367,1858345748.7678268,11164308795.855558,5435750181.818182,6364531439.49224,5381318181.818182,54432000.0,11164308795.855558,24695250.398655906,190342.01493986018,satisfied,satisfied,violated,violated,satisfied,satisfied,violated,False
20260830-stress-fence:c0077,arm-grid-R-I,4.5,16000000.0,0.36,False,1.3,0.85,0.07,1928.1208272378087,1888.0638592865052,3.1312347175040447,973.720940619887,150.59055627360732,0.003121095263366123,26.389610389610386,73.0112554112554,1980172785.3675902,11449618647.855558,5609341090.90909,6569838905.282313,5554909090.90909,54432000.0,11449618647.855558,24695250.398655906,190342.01493986018,satisfied,satisfied,violated,violated,satisfied,satisfied,violated,False
20260830-stress-fence:c0078,arm-grid-R-I,4.5,16500000.0,0.36,False,1.3,0.85,0.07,1974.3200976770738,1933.264961319533,3.1312347175040447,973.720940619887,150.59055627360732,0.0029348039942028556,27.21428571428571,75.29285714285713,2105867346.9387753,11734928499.855558,5782931999.999999,6775146371.072383,5728499999.999999,54432000.0,11734928499.855558,24695250.398655906,190342.01493986018,satisfied,satisfied,violated,violated,satisfied,satisfied,violated,False
20260830-stress-fence:c0079,arm-grid-R-I,4.5,17000000.0,0.36,False,1.3,0.85,0.07,2020.5193681163394,1978.466063352561,3.1312347175040447,973.720940619887,150.59055627360732,0.0027647072229125516,28.038961038961038,77.57445887445887,2235429433.481382,12020238351.85556,5956522909.090909,6980453836.862456,5902090909.090909,54432000.0,12020238351.85556,24695250.398655906,190342.01493986018,satisfied,satisfied,violated,violated,satisfied,satisfied,violated,False
20260830-stress-fence:c0080,arm-grid-R-I,4.5,17500000.0,0.36,False,1.3,0.85,0.07,2066.718638555604,2023.667165385588,3.1312347175040447,973.720940619887,150.59055627360732,0.0026089808568872737,28.86363636363636,79.8560606060606,2368859044.9954085,12305548203.855558,6130113818.181818,7185761302.652526,6075681818.181818,54432000.0,12305548203.855558,24695250.398655906,190342.01493986018,satisfied,satisfied,violated,violated,satisfied,satisfied,violated,False
20260830-stress-fence:c0081,arm-grid-R-I,4.5,18000000.0,0.36,False,1.3,0.85,0.07,2112.917908994868,2068.8682674186152,3.1312347175040447,973.720940619887,150.59055627360732,0.002466050578462122,29.688311688311686,82.13766233766233,2506156181.480857,12590858055.855553,6303704727.272726,7391068768.4426,6249272727.272726,54432000.0,12590858055.855553,24695250.398655906,190342.01493986018,satisfied,satisfied,violated,violated,satisfied,satisfied,violated,False
20260830-stress-fence:c0082,arm-grid-R-I,4.5,18500000.0,0.36,False,1.3,0.85,0.07,2159.1171794341335,2114.0693694516426,3.1312347175040447,973.720940619887,150.59055627360732,0.002334551898967794,30.512987012987008,84.41926406926406,2647320842.937726,12876167907.855555,6477295636.363637,7596376234.232673,6422863636.363637,54432000.0,12876167907.855555,24695250.398655906,190342.01493986018,satisfied,satisfied,violated,violated,satisfied,satisfied,violated,False
20260830-stress-fence:c0083,arm-grid-R-I,4.5,19000000.0,0.36,False,1.3,0.85,0.07,2205.316449873398,2159.2704714846705,3.1312347175040447,973.720940619887,150.59055627360732,0.002213297472082348,31.337662337662334,86.70086580086578,2792353029.3660164,13161477759.855555,6650886545.454546,7801683700.022744,6596454545.454546,54432000.0,13161477759.855555,24695250.398655906,190342.01493986018,satisfied,satisfied,violated,violated,satisfied,satisfied,violated,False
20260830-stress-fence:c0084,arm-grid-R-I,4.5,19500000.0,0.36,False,1.3,0.85,0.07,2251.5157203126632,2204.471573517698,3.1312347175040447,973.720940619887,150.59055627360732,0.0021012501970328144,32.162337662337656,88.98246753246751,2941252740.7657275,13446787611.855555,6824477454.545454,8006991165.812818,6770045454.545454,54432000.0,13446787611.855555,24695250.398655906,190342.01493986018,satisfied,satisfied,violated,violated,satisfied,satisfied,violated,False
20260830-stress-fence:c0085,arm-grid-R-I,4.5,20000000.0,0.36,False,1.3,0.85,0.07,2297.714990751929,2249.6726755507266,3.1312347175040447,973.720940619887,150.59055627360732,0.001997500968554319,32.98701298701298,91.26406926406925,3094019977.13686,13732097463.855558,6998068363.636364,8212298631.60289,6943636363.636364,54432000.0,13732097463.855558,24695250.398655906,190342.01493986018,satisfied,satisfied,violated,violated,satisfied,satisfied,violated,False
20260830-stress-fence:c0086,arm-grid-R-I,4.5,20500000.0,0.36,False,1.3,0.85,0.07,2343.9142611911934,2294.873777583754,3.1312347175040447,973.720940619887,150.59055627360732,0.001901250178278947,33.81168831168831,93.54567099567099,3250654738.4794135,14017407315.855558,7171659272.727274,8417606097.3929615,7117227272.727274,54432000.0,14017407315.855558,24695250.398655906,190342.01493986018,satisfied,satisfied,violated,violated,satisfied,satisfied,violated,False
20260830-stress-fence:c0087,arm-grid-R-I,4.5,21000000.0,0.36,False,1.3,0.85,0.07,2390.1135316304576,2340.074879616781,3.1312347175040447,973.720940619887,150.59055627360732,0.0018117922617272733,34.63636363636363,95.82727272727271,3411157024.793388,14302717167.855553,7345250181.818181,8622913563.183035,7290818181.818181,54432000.0,14302717167.855553,24695250.398655906,190342.01493986018,satisfied,satisfied,violated,violated,satisfied,satisfied,violated,False
20260830-stress-fence:c0088,arm-grid-R-I,4.5,21500000.0,0.36,False,1.3,0.85,0.07,2436.3128020697236,2385.275981649809,3.1312347175040447,973.720940619887,150.59055627360732,0.0017285027310367286,35.46103896103895,98.10887445887442,3575526836.078783,14588027019.855558,7518841090.909092,8828221028.973104,7464409090.909092,54432000.0,14588027019.855558,24695250.398655906,190342.01493986018,satisfied,satisfied,violated,violated,satisfied,satisfied,violated,False
20260830-stress-fence:c0089,arm-grid-R-I,4.5,22000000.0,0.36,False,1.3,0.85,0.07,2482.512072508988,2430.477083682836,3.1312347175040447,973.720940619887,150.59055627360732,0.001650827246739107,36.28571428571428,100.39047619047616,3743764172.3356004,14873336871.855555,7692432000.0,9033528494.763178,7638000000.0,54432000.0,14873336871.855555,24695250.398655906,190342.01493986018,satisfied,satisfied,violated,violated,satisfied,satisfied,violated,False
20260830-stress-fence:c0090,arm-grid-R-I,4.5,22500000.0,0.36,False,1.3,0.85,0.07,2528.7113429482524,2475.678185715864,3.1312347175040447,973.720940619887,150.59055627360732,0.0015782723702157577,37.11038961038961,102.67207792207792,3915869033.5638385,15158646723.855553,7866022909.090908,9238835960.553251,7811590909.090908,54432000.0,15158646723.855553,24695250.398655906,190342.01493986018,satisfied,satisfied,violated,violated,satisfied,satisfied,violated,False
20260830-stress-fence:c0091,arm-grid-R-I,4.5,23000000.0,0.36,False,1.3,0.85,0.07,2574.910613387518,2520.879287748892,3.1312347175040447,973.720940619887,150.59055627360732,0.001510397707791545,37.935064935064936,104.95367965367966,4091841419.7634983,15443956575.855555,8039613818.181819,9444143426.343323,7985181818.181819,54432000.0,15443956575.855555,24695250.398655906,190342.01493986018,satisfied,satisfied,violated,violated,satisfied,satisfied,violated,False
20260830-stress-fence:c0092,arm-grid-R-I,4.5,23500000.0,0.36,False,1.3,0.85,0.07,2621.1098838267826,2566.0803897819187,3.1312347175040447,973.720940619887,150.59055627360732,0.0014468092121715302,38.759740259740255,107.23528138528137,4271681330.934577,15729266427.855553,8213204727.272727,9649450892.133394,8158772727.272727,54432000.0,15729266427.855553,24695250.398655906,190342.01493986018,satisfied,satisfied,violated,violated,satisfied,satisfied,violated,False
20260830-stress-fence:c0093,arm-grid-R-I,4.5,24000000.0,0.36,False,1.3,0.85,0.07,2667.309154266047,2611.281491814946,3.1312347175040447,973.720940619887,150.59055627360732,0.0013871534503849434,39.58441558441558,109.51688311688311,4455388767.077079,16014576279.855549,8386795636.363636,9854758357.92347,8332363636.363636,54432000.0,16014576279.855549,24695250.398655906,190342.01493986018,satisfied,satisfied,violated,violated,satisfied,satisfied,violated,False
20260830-stress-fence:c0094,arm-grid-R-I,4.5,24500000.0,0.36,False,1.3,0.85,0.07,2713.508424705312,2656.4825938479735,3.1312347175040447,973.720940619887,150.59055627360732,0.0013311126820853435,40.40909090909091,111.79848484848483,4642963728.191001,16299886131.855549,8560386545.454545,10060065823.713541,8505954545.454545,54432000.0,16299886131.855549,24695250.398655906,190342.01493986018,satisfied,satisfied,violated,violated,satisfied,satisfied,violated,False
20260830-stress-fence:c0095,arm-grid-R-I,4.5,25000000.0,0.36,False,1.3,0.85,0.07,2759.707695144577,2701.683695881001,3.1312347175040447,973.720940619887,150.59055627360732,0.0012784006198747638,41.23376623376623,114.08008658008657,4834406214.276343,16585195983.855549,8733977454.545454,10265373289.503613,8679545454.545454,54432000.0,16585195983.855549,24695250.398655906,190342.01493986018,satisfied,satisfied,violated,violated,satisfied,satisfied,violated,False
20260830-stress-fence:c0096,arm-grid-R-I,4.5,25500000.0,0.36,False,1.3,0.85,0.07,2805.9069655838416,2746.8847979140287,3.1312347175040447,973.720940619887,150.59055627360732,0.001228758765738912,42.05844155844155,116.36168831168828,5029716225.333107,16870505835.855549,8907568363.636362,10470680755.293682,8853136363.636362,54432000.0,16870505835.855549,24695250.398655906,190342.01493986018,satisfied,satisfied,violated,violated,satisfied,satisfied,violated,False
20260830-stress-fence:c0097,arm-grid-R-I,4.5,26000000.0,0.36,False,1.3,0.85,0.07,2852.106236023107,2792.085899947057,3.1312347175040447,973.720940619887,150.59055627360732,0.001181953235830958,42.88311688311688,118.64329004329002,5228893761.361293,17155815687.855553,9081159272.727274,10675988221.083755,9026727272.727274,54432000.0,17155815687.855553,24695250.398655906,190342.01493986018,satisfied,satisfied,violated,violated,satisfied,satisfied,violated,False
20260830-stress-fence:c0098,arm-grid-R-I,5.0,2000000.0,0.36,False,1.3,0.85,0.07,463.5165569537449,454.78366804127114,3.1312347175040456,1081.9121562443192,167.32284030400817,0.2466050578462122,2.9688311688311684,8.213766233766233,27846179.794231743,3651104149.669238,748795636.3636363,821229863.1602889,694363636.3636363,54432000.0,3651104149.669238,28019377.50231677,211491.1277109559,violated,satisfied,satisfied,violated,satisfied,satisfied,satisfied,False
20260830-stress-fence:c0099,arm-grid-R-I,5.0,2500000.0,0.36,False,1.3,0.85,0.07,495.1016223493178,485.6863154227274,3.1312347175040456,1081.9121562443192,167.32284030400817,0.1578272370215758,3.7110389610389607,10.267207792207792,43509655.9284871,3936414001.669237,922386545.4545455,1026537328.9503609,867954545.4545455,54432000.0,3936414001.669237,28019377.50231677,211491.1277109559,violated,satisfied,satisfied,violated,satisfied,satisfied,satisfied,False
20260830-stress-fence:c0100,arm-grid-R-I,5.0,3000000.0,0.36,False,1.3,0.85,0.07,526.6866877448906,516.5889628041837,3.1312347175040456,1081.9121562443192,167.32284030400817,0.10960224793164985,4.453246753246753,12.320649350649349,62653904.53702141,4221723853.669236,1095977454.5454545,1231844794.7404337,1041545454.5454545,54432000.0,4221723853.669236,28019377.50231677,211491.1277109559,violated,satisfied,satisfied,violated,satisfied,satisfied,satisfied,False
20260830-stress-fence:c0101,arm-grid-R-I,5.0,3500000.0,0.36,False,1.3,0.85,0.07,558.2717531404638,547.4916101856402,3.1312347175040456,1081.9121562443192,167.32284030400817,0.08052410052121216,5.195454545454544,14.374090909090906,85278925.6198347,4507033705.669238,1269568363.6363637,1437152260.5305052,1215136363.6363637,54432000.0,4507033705.669238,28019377.50231677,211491.1277109559,violated,satisfied,satisfied,violated,satisfied,satisfied,satisfied,False
20260830-stress-fence:c0102,arm-grid-R-I,5.0,4000000.0,0.36,False,1.3,0.85,0.07,589.8568185360368,578.3942575670965,3.1312347175040456,1081.9121562443192,167.32284030400817,0.06165126446155305,5.937662337662337,16.427532467532465,111384719.17692697,4792343557.669237,1443159272.7272725,1642459726.3205779,1388727272.7272725,54432000.0,4792343557.669237,28019377.50231677,211491.1277109559,violated,satisfied,satisfied,violated,satisfied,satisfied,satisfied,False
20260830-stress-fence:c0103,arm-grid-R-I,5.0,4500000.0,0.36,False,1.3,0.85,0.07,621.4418839316096,609.2969049485527,3.1312347175040456,1081.9121562443192,167.32284030400817,0.048712110191844384,6.679870129870129,18.480974025974024,140971285.2082982,5077653409.669235,1616750181.8181815,1847767192.11065,1562318181.8181815,54432000.0,5077653409.669235,28019377.50231677,211491.1277109559,satisfied,satisfied,satisfied,violated,satisfied,satisfied,satisfied,False
20260830-stress-fence:c0104,arm-grid-R-I,5.0,5000000.0,0.36,False,1.3,0.85,0.07,653.0269493271826,640.199552330009,3.1312347175040456,1081.9121562443192,167.32284030400817,0.03945680925539395,7.422077922077921,20.534415584415584,174038623.7139484,5362963261.669237,1790341090.909091,2053074657.9007218,1735909090.909091,54432000.0,5362963261.669237,28019377.50231677,211491.1277109559,satisfied,satisfied,satisfied,violated,satisfied,satisfied,satisfied,False
20260830-stress-fence:c0105,arm-grid-R-I,5.0,5500000.0,0.36,False,1.3,0.85,0.07,684.6120147227557,671.1021997114653,3.1312347175040456,1081.9121562443192,167.32284030400817,0.03260893326892062,8.164285714285713,22.58785714285714,210586734.69387752,5648273113.669236,1963932000.0,2258382123.6907945,1909500000.0,54432000.0,5648273113.669236,28019377.50231677,211491.1277109559,satisfied,satisfied,satisfied,violated,satisfied,satisfied,satisfied,False
20260830-stress-fence:c0106,arm-grid-R-I,5.0,6000000.0,0.36,False,1.3,0.85,0.07,716.1970801183287,702.0048470929218,3.1312347175040456,1081.9121562443192,167.32284030400817,0.027400561982912464,8.906493506493506,24.641298701298698,250615618.14808565,5933582965.669237,2137522909.090909,2463689589.4808674,2083090909.090909,54432000.0,5933582965.669237,28019377.50231677,211491.1277109559,satisfied,satisfied,satisfied,violated,satisfied,satisfied,satisfied,False
20260830-stress-fence:c0107,arm-grid-R-I,5.0,6500000.0,0.36,False,1.3,0.85,0.07,747.7821455139017,732.9074944743783,3.1312347175040456,1081.9121562443192,167.32284030400817,0.02334722441147571,9.648701298701297,26.694740259740257,294125274.0765728,6218892817.669238,2311113818.1818185,2668997055.270939,2256681818.1818185,54432000.0,6218892817.669238,28019377.50231677,211491.1277109559,satisfied,satisfied,violated,violated,satisfied,satisfied,satisfied,False
20260830-stress-fence:c0108,arm-grid-R-I,5.0,7000000.0,0.36,False,1.3,0.85,0.07,779.3672109094746,763.8101418558343,3.1312347175040456,1081.9121562443192,167.32284030400817,0.02013102513030304,10.390909090909089,28.748181818181813,341115702.4793388,6504202669.669237,2484704727.2727275,2874304521.0610104,2430272727.2727275,54432000.0,6504202669.669237,28019377.50231677,211491.1277109559,satisfied,satisfied,violated,violated,satisfied,satisfied,satisfied,False
20260830-stress-fence:c0109,arm-grid-R-I,5.0,7500000.0,0.36,False,1.3,0.85,0.07,810.9522763050476,794.7127892372907,3.1312347175040456,1081.9121562443192,167.32284030400817,0.017536359669063983,11.13311688311688,30.80162337662337,391586903.35638374,6789512521.669236,2658295636.3636365,3079611986.851083,2603863636.3636365,54432000.0,6789512521.669236,28019377.50231677,211491.1277109559,satisfied,satisfied,violated,violated,satisfied,satisfied,satisfied,False
20260830-stress-fence:c0110,arm-grid-R-I,5.0,8000000.0,0.36,False,1.3,0.85,0.07,842.5373417006203,825.6154366187471,3.1312347175040456,1081.9121562443192,167.32284030400817,0.015412816115388263,11.875324675324674,32.85506493506493,445538876.7077079,7074822373.669236,2831886545.454545,3284919452.6411557,2777454545.454545,54432000.0,7074822373.669236,28019377.50231677,211491.1277109559,satisfied,satisfied,violated,violated,satisfied,satisfied,satisfied,False
20260830-stress-fence:c0111,arm-grid-R-I,5.0,8500000.0,0.36,False,1.3,0.85,0.07,874.1224070961935,856.5180840002033,3.1312347175040456,1081.9121562443192,167.32284030400817,0.013652875174876799,12.617532467532467,34.90850649350649,502971622.5333109,7360132225.669236,3005477454.5454545,3490226918.431227,2951045454.5454545,54432000.0,7360132225.669236,28019377.50231677,211491.1277109559,satisfied,satisfied,violated,violated,satisfied,satisfied,satisfied,False
20260830-stress-fence:c0112,arm-grid-R-I,5.0,9000000.0,0.36,False,1.3,0.85,0.07,905.7074724917665,887.4207313816598,3.1312347175040456,1081.9121562443192,167.32284030400817,0.012178027547961096,13.359740259740258,36.96194805194805,563885140.8331928,7645442077.669237,3179068363.636363,3695534384.2213,3124636363.636363,54432000.0,7645442077.669237,28019377.50231677,211491.1277109559,satisfied,satisfied,violated,violated,satisfied,satisfied,satisfied,False
20260830-stress-fence:c0113,arm-grid-R-I,5.0,9500000.0,0.36,False,1.3,0.85,0.07,937.2925378873394,918.3233787631162,3.1312347175040456,1081.9121562443192,167.32284030400817,0.010929864059665914,14.101948051948051,39.015389610389605,628279431.6073537,7930751929.669238,3352659272.727273,3900841850.011372,3298227272.727273,54432000.0,7930751929.669238,28019377.50231677,211491.1277109559,satisfied,satisfied,violated,violated,satisfied,satisfied,satisfied,False
20260830-stress-fence:c0114,arm-grid-R-I,5.0,10000000.0,0.36,False,1.3,0.85,0.07,968.8776032829128,949.2260261445725,3.1312347175040456,1081.9121562443192,167.32284030400817,0.009864202313848488,14.844155844155843,41.06883116883117,696154494.8557936,8216061781.669238,3526250181.818182,4106149315.8014436,3471818181.818182,54432000.0,8216061781.669238,28019377.50231677,211491.1277109559,satisfied,satisfied,violated,violated,satisfied,satisfied,satisfied,False
20260830-stress-fence:c0115,arm-grid-R-I,5.0,10500000.0,0.36,False,1.3,0.85,0.07,1000.4626686784856,980.1286735260289,3.1312347175040456,1081.9121562443192,167.32284030400817,0.008947122280134685,15.586363636363634,43.12227272727272,767510330.5785123,8501371633.669238,3699841090.9090905,4311456781.591517,3645409090.9090905,54432000.0,8501371633.669238,28019377.50231677,211491.1277109559,satisfied,satisfied,violated,violated,satisfied,satisfied,satisfied,False
20260830-stress-fence:c0116,arm-grid-R-I,5.0,11000000.0,0.36,False,1.3,0.85,0.07,1032.0477340740586,1011.0313209074855,3.1312347175040456,1081.9121562443192,167.32284030400817,0.008152233317230155,16.328571428571426,45.17571428571428,842346938.7755101,8786681485.669239,3873432000.0,4516764247.381589,3819000000.0,54432000.0,8786681485.669239,28019377.50231677,211491.1277109559,satisfied,satisfied,violated,violated,satisfied,satisfied,violated,False
20260830-stress-fence:c0117,arm-grid-R-I,5.0,11500000.0,0.36,False,1.3,0.85,0.07,1063.6327994696317,1041.9339682889417,3.1312347175040456,1081.9121562443192,167.32284030400817,0.007458754112550841,17.07077922077922,47.22915584415584,920664319.446787,9071991337.669239,4047022909.0909095,4722071713.171661,3992590909.0909095,54432000.0,9071991337.669239,28019377.50231677,211491.1277109559,satisfied,satisfied,violated,violated,satisfied,satisfied,violated,False
20260830-stress-fence:c0118,arm-grid-R-I,5.0,12000000.0,0.36,False,1.3,0.85,0.07,1095.2178648652048,1072.836615670398,3.1312347175040456,1081.9121562443192,167.32284030400817,0.006850140495728116,17.812987012987012,49.282597402597396,1002462472.5923426,9357301189.669239,4220613818.181818,4927379178.961735,4166181818.181818,54432000.0,9357301189.669239,28019377.50231677,211491.1277109559,satisfied,satisfied,violated,violated,satisfied,satisfied,violated,False
20260830-stress-fence:c0119,arm-grid-R-I,5.0,12500000.0,0.36,False,1.3,0.85,0.07,1126.8029302607777,1103.7392630518543,3.1312347175040456,1081.9121562443192,167.32284030400817,0.006313089480863031,18.555194805194805,51.33603896103896,1087741398.2121775,9642611041.669239,4394204727.272727,5132686644.751806,4339772727.272727,54432000.0,9642611041.669239,28019377.50231677,211491.1277109559,satisfied,satisfied,violated,violated,satisfied,satisfied,violated,False
20260830-stress-fence:c0120,arm-grid-R-I,5.0,13000000.0,0.36,False,1.3,0.85,0.07,1158.3879956563505,1134.6419104333108,3.1312347175040456,1081.9121562443192,167.32284030400817,0.005836806102868928,19.297402597402595,53.389480519480514,1176501096.306291,9927920893.669239,4567795636.363637,5337994110.541878,4513363636.363637,54432000.0,9927920893.669239,28019377.50231677,211491.1277109559,satisfied,satisfied,violated,violated,satisfied,satisfied,violated,False
20260830-stress-fence:c0121,arm-grid-R-I,5.0,13500000.0,0.36,False,1.3,0.85,0.07,1189.9730610519237,1165.5445578147671,3.1312347175040456,1081.9121562443192,167.32284030400817,0.005412456687982709,20.039610389610388,55.44292207792207,1268741566.8746839,10213230745.669239,4741386545.454545,5543301576.33195,4686954545.454545,54432000.0,10213230745.669239,28019377.50231677,211491.1277109559,satisfied,satisfied,violated,violated,satisfied,satisfied,violated,False
20260830-stress-fence:c0122,arm-grid-R-I,5.0,14000000.0,0.36,False,1.3,0.85,0.07,1221.5581264474965,1196.4472051962239,3.1312347175040456,1081.9121562443192,167.32284030400817,0.00503275628257576,20.781818181818178,57.496363636363625,1364462809.9173553,10498540597.66924,4914977454.545455,5748609042.122021,4860545454.545455,54432000.0,10498540597.66924,28019377.50231677,211491.1277109559,satisfied,satisfied,violated,violated,satisfied,satisfied,violated,False
20260830-stress-fence:c0123,arm-grid-R-I,5.0,14500000.0,0.36,False,1.3,0.85,0.07,1253.1431918430696,1227.3498525776797,3.1312347175040456,1081.9121562443192,167.32284030400817,0.004691653894814977,21.52402597402597,59.54980519480519,1463664825.434306,10783850449.669239,5088568363.636363,5953916507.912094,5034136363.636363,54432000.0,10783850449.669239,28019377.50231677,211491.1277109559,satisfied,satisfied,violated,violated,satisfied,satisfied,violated,False
20260830-stress-fence:c0124,arm-grid-R-I,5.0,15000000.0,0.36,False,1.3,0.85,0.07,1284.7282572386425,1258.252499959136,3.1312347175040456,1081.9121562443192,167.32284030400817,0.004384089917265996,22.26623376623376,61.60324675324674,1566347613.425535,11069160301.669239,5262159272.727273,6159223973.702166,5207727272.727273,54432000.0,11069160301.669239,28019377.50231677,211491.1277109559,satisfied,satisfied,violated,violated,satisfied,satisfied,violated,False
20260830-stress-fence:c0125,arm-grid-R-I,5.0,15500000.0,0.36,False,1.3,0.85,0.07,1316.3133226342154,1289.1551473405925,3.1312347175040456,1081.9121562443192,167.32284030400817,0.00410580741471321,23.008441558441557,63.656688311688306,1672511173.8910441,11354470153.669239,5435750181.818182,6364531439.49224,5381318181.818182,54432000.0,11354470153.669239,28019377.50231677,211491.1277109559,satisfied,satisfied,violated,violated,satisfied,satisfied,violated,False
20260830-stress-fence:c0126,arm-grid-R-I,5.0,16000000.0,0.36,False,1.3,0.85,0.07,1347.8983880297885,1320.0577947220488,3.1312347175040456,1081.9121562443192,167.32284030400817,0.0038532040288470656,23.750649350649347,65.71012987012986,1782155506.8308315,11639780005.669239,5609341090.90909,6569838905.282311,5554909090.90909,54432000.0,11639780005.669239,28019377.50231677,211491.1277109559,satisfied,satisfied,violated,violated,satisfied,satisfied,violated,False
20260830-stress-fence:c0127,arm-grid-R-I,5.0,16500000.0,0.36,False,1.3,0.85,0.07,1379.4834534253614,1350.9604421035046,3.1312347175040456,1081.9121562443192,167.32284030400817,0.003623214807657847,24.49285714285714,67.76357142857142,1895280612.244898,11925089857.669237,5782931999.999999,6775146371.072383,5728499999.999999,54432000.0,11925089857.669237,28019377.50231677,211491.1277109559,satisfied,satisfied,violated,violated,satisfied,satisfied,violated,False
20260830-stress-fence:c0128,arm-grid-R-I,5.0,17000000.0,0.36,False,1.3,0.85,0.07,1411.0685188209343,1381.8630894849614,3.1312347175040456,1081.9121562443192,167.32284030400817,0.0034132187937191997,25.235064935064933,69.81701298701299,2011886490.1332436,12210399709.669239,5956522909.090909,6980453836.862454,5902090909.090909,54432000.0,12210399709.669239,28019377.50231677,211491.1277109559,satisfied,satisfied,violated,violated,satisfied,satisfied,violated,False
20260830-stress-fence:c0129,arm-grid-R-I,5.0,17500000.0,0.36,False,1.3,0.85,0.07,1442.6535842165074,1412.7657368664177,3.1312347175040456,1081.9121562443192,167.32284030400817,0.0032209640208484863,25.977272727272723,71.87045454545454,2131973140.4958675,12495709561.669239,6130113818.181818,7185761302.652529,6075681818.181818,54432000.0,12495709561.669239,28019377.50231677,211491.1277109559,satisfied,satisfied,violated,violated,satisfied,satisfied,violated,False
20260830-stress-fence:c0130,arm-grid-R-I,5.0,18000000.0,0.36,False,1.3,0.85,0.07,1474.2386496120803,1443.6683842478737,3.1312347175040456,1081.9121562443192,167.32284030400817,0.003044506886990274,26.719480519480516,73.9238961038961,2255540563.3327713,12781019413.669237,6303704727.272726,7391068768.4426,6249272727.272726,54432000.0,12781019413.669237,28019377.50231677,211491.1277109559,satisfied,satisfied,violated,violated,satisfied,satisfied,violated,False
20260830-stress-fence:c0131,arm-grid-R-I,5.0,18500000.0,0.36,False,1.3,0.85,0.07,1505.8237150076532,1474.5710316293305,3.1312347175040456,1081.9121562443192,167.32284030400817,0.002882162838231845,27.461688311688306,75.97733766233765,2382588758.6439533,13066329265.669239,6477295636.363637,7596376234.232672,6422863636.363637,54432000.0,13066329265.669239,28019377.50231677,211491.1277109559,satisfied,satisfied,violated,violated,satisfied,satisfied,violated,False
20260830-stress-fence:c0132,arm-grid-R-I,5.0,19000000.0,0.36,False,1.3,0.85,0.07,1537.4087804032265,1505.473679010787,3.1312347175040456,1081.9121562443192,167.32284030400817,0.0027324660149164784,28.203896103896103,78.03077922077921,2513117726.4294147,13351639117.66924,6650886545.454546,7801683700.022744,6596454545.454546,54432000.0,13351639117.66924,28019377.50231677,211491.1277109559,satisfied,satisfied,violated,violated,satisfied,satisfied,violated,False
20260830-stress-fence:c0133,arm-grid-R-I,5.0,19500000.0,0.36,False,1.3,0.85,0.07,1568.9938457987996,1536.3763263922433,3.1312347175040456,1081.9121562443192,167.32284030400817,0.0025941360457195236,28.946103896103892,80.08422077922077,2647127466.689155,13636948969.66924,6824477454.545454,8006991165.812818,6770045454.545454,54432000.0,13636948969.66924,28019377.50231677,211491.1277109559,satisfied,satisfied,violated,violated,satisfied,satisfied,violated,False
20260830-stress-fence:c0134,arm-grid-R-I,5.0,20000000.0,0.36,False,1.3,0.85,0.07,1600.5789111943725,1567.2789737737,3.1312347175040456,1081.9121562443192,167.32284030400817,0.002466050578462122,29.688311688311686,82.13766233766233,2784617979.4231744,13922258821.669243,6998068363.636364,8212298631.602887,6943636363.636364,54432000.0,13922258821.669243,28019377.50231677,211491.1277109559,satisfied,satisfied,violated,violated,satisfied,satisfied,violated,False
20260830-stress-fence:c0135,arm-grid-R-I,5.0,20500000.0,0.36,False,1.3,0.85,0.07,1632.163976589946,1598.1816211551566,3.1312347175040456,1081.9121562443192,167.32284030400817,0.0023472224423196878,30.430519480519475,84.19110389610388,2925589264.631472,14207568673.669247,7171659272.727274,8417606097.3929615,7117227272.727274,54432000.0,14207568673.669247,28019377.50231677,211491.1277109559,satisfied,satisfied,violated,violated,satisfied,satisfied,violated,False
20260830-stress-fence:c0136,arm-grid-R-I,5.0,21000000.0,0.36,False,1.3,0.85,0.07,1663.7490419855185,1629.0842685366124,3.1312347175040456,1081.9121562443192,167.32284030400817,0.002236780570033671,31.17272727272727,86.24454545454545,3070041322.3140492,14492878525.66924,7345250181.818181,8622913563.183035,7290818181.818181,54432000.0,14492878525.66924,28019377.50231677,211491.1277109559,satisfied,satisfied,violated,violated,satisfied,satisfied,violated,False
20260830-stress-fence:c0137,arm-grid-R-I,5.0,21500000.0,0.36,False,1.3,0.85,0.07,1695.3341073810914,1659.9869159180687,3.1312347175040456,1081.9121562443192,167.32284030400817,0.0021339539889342323,31.914935064935058,88.297987012987,3217974152.4709053,14778188377.669243,7518841090.909092,8828221028.973104,7464409090.909092,54432000.0,14778188377.669243,28019377.50231677,211491.1277109559,satisfied,satisfied,violated,violated,satisfied,satisfied,violated,False
20260830-stress-fence:c0138,arm-grid-R-I,5.0,22000000.0,0.36,False,1.3,0.85,0.07,1726.9191727766645,1690.8895632995252,3.1312347175040456,1081.9121562443192,167.32284030400817,0.002038058329307539,32.65714285714285,90.35142857142856,3369387755.1020403,15063498229.669243,7692432000.0,9033528494.763178,7638000000.0,54432000.0,15063498229.669243,28019377.50231677,211491.1277109559,satisfied,satisfied,violated,violated,satisfied,satisfied,violated,False
20260830-stress-fence:c0139,arm-grid-R-I,5.0,22500000.0,0.36,False,1.3,0.85,0.07,1758.5042381722374,1721.7922106809813,3.1312347175040456,1081.9121562443192,167.32284030400817,0.0019484844076737753,33.399350649350644,92.40487012987012,3524282130.2074547,15348808081.66924,7866022909.090908,9238835960.55325,7811590909.090908,54432000.0,15348808081.66924,28019377.50231677,211491.1277109559,satisfied,satisfied,violated,violated,satisfied,satisfied,violated,False
20260830-stress-fence:c0140,arm-grid-R-I,5.0,23000000.0,0.36,False,1.3,0.85,0.07,1790.089303567811,1752.694858062438,3.1312347175040456,1081.9121562443192,167.32284030400817,0.0018646885281377102,34.14155844155844,94.45831168831168,3682657277.787148,15634117933.669243,8039613818.181819,9444143426.343323,7985181818.181819,54432000.0,15634117933.669243,28019377.50231677,211491.1277109559,satisfied,satisfied,violated,violated,satisfied,satisfied,violated,False
20260830-stress-fence:c0141,arm-grid-R-I,5.0,23500000.0,0.36,False,1.3,0.85,0.07,1821.6743689633831,1783.5975054438939,3.1312347175040456,1081.9121562443192,167.32284030400817,0.001786184212557445,34.883766233766224,96.51175324675322,3844513197.841119,15919427785.669239,8213204727.272727,9649450892.133392,8158772727.272727,54432000.0,15919427785.669239,28019377.50231677,211491.1277109559,satisfied,satisfied,violated,violated,satisfied,satisfied,violated,False
20260830-stress-fence:c0142,arm-grid-R-I,5.0,24000000.0,0.36,False,1.3,0.85,0.07,1853.2594343589562,1814.5001528253504,3.1312347175040456,1081.9121562443192,167.32284030400817,0.001712535123932029,35.625974025974024,98.56519480519479,4009849890.3693705,16204737637.66924,8386795636.363636,9854758357.92347,8332363636.363636,54432000.0,16204737637.66924,28019377.50231677,211491.1277109559,satisfied,satisfied,violated,violated,satisfied,satisfied,violated,False
20260830-stress-fence:c0143,arm-grid-R-I,5.0,24500000.0,0.36,False,1.3,0.85,0.07,1884.8444997545291,1845.4028002068067,3.1312347175040456,1081.9121562443192,167.32284030400817,0.001643348990228819,36.36818181818182,100.61863636363636,4178667355.371901,16490047489.66924,8560386545.454545,10060065823.713541,8505954545.454545,54432000.0,16490047489.66924,28019377.50231677,211491.1277109559,satisfied,satisfied,violated,violated,satisfied,satisfied,violated,False
20260830-stress-fence:c0144,arm-grid-R-I,5.0,25000000.0,0.36,False,1.3,0.85,0.07,1916.4295651501022,1876.305447588263,3.1312347175040456,1081.9121562443192,167.32284030400817,0.0015782723702157577,37.11038961038961,102.67207792207792,4350965592.84871,16775357341.66924,8733977454.545454,10265373289.503613,8679545454.545454,54432000.0,16775357341.66924,28019377.50231677,211491.1277109559,satisfied,satisfied,violated,violated,satisfied,satisfied,violated,False
20260830-stress-fence:c0145,arm-grid-R-I,5.0,25500000.0,0.36,False,1.3,0.85,0.07,1948.0146305456756,1907.2080949697197,3.1312347175040456,1081.9121562443192,167.32284030400817,0.0015169861305418667,37.8525974025974,104.72551948051947,4526744602.799797,17060667193.66924,8907568363.636362,10470680755.293682,8853136363.636362,54432000.0,17060667193.66924,28019377.50231677,211491.1277109559,satisfied,satisfied,violated,violated,satisfied,satisfied,violated,False
20260830-stress-fence:c0146,arm-grid-R-I,5.0,26000000.0,0.36,False,1.3,0.85,0.07,1979.599695941249,1938.1107423511764,3.1312347175040456,1081.9121562443192,167.32284030400817,0.001459201525717232,38.59480519480519,106.77896103896103,4706004385.225164,17345977045.669247,9081159272.727274,10675988221.083755,9026727272.727274,54432000.0,17345977045.669247,28019377.50231677,211491.1277109559,satisfied,satisfied,violated,violated,satisfied,satisfied,violated,False
20260830-stress-fence:c0147,arm-grid-R-I,5.5,2000000.0,0.36,False,1.3,0.85,0.07,374.4204922971044,367.43665440796633,3.1312347175040447,1190.1033718687509,184.05512433440896,0.29839211999391674,2.6989374262101533,7.467060212514757,25314708.903847035,3843484573.9160585,748795636.3636363,821229863.1602892,694363636.3636363,54432000.0,3843484573.9160585,31500926.02319769,232640.2404820514,violated,satisfied,satisfied,violated,satisfied,satisfied,satisfied,False
20260830-stress-fence:c0148,arm-grid-R-I,5.5,2500000.0,0.36,False,1.3,0.85,0.07,398.4152889513573,390.9130262536316,3.1312347175040447,1190.1033718687509,184.05512433440896,0.19097095679610668,3.373671782762692,9.333825265643448,39554232.662261,4128794425.916059,922386545.4545455,1026537328.9503613,867954545.4545455,54432000.0,4128794425.916059,31500926.02319769,232640.2404820514,violated,satisfied,satisfied,violated,satisfied,satisfied,satisfied,False
20260830-stress-fence:c0149,arm-grid-R-I,5.5,3000000.0,0.36,False,1.3,0.85,0.07,422.4100856056104,414.389398099297,3.1312347175040447,1190.1033718687509,184.05512433440896,0.1326187199972963,4.04840613931523,11.200590318772138,56958095.033655845,4414104277.91606,1095977454.5454545,1231844794.7404337,1041545454.5454545,54432000.0,4414104277.91606,31500926.02319769,232640.2404820514,violated,satisfied,satisfied,violated,satisfied,satisfied,satisfied,False
20260830-stress-fence:c0150,arm-grid-R-I,5.5,3500000.0,0.36,False,1.3,0.85,0.07,446.4048822598632,437.86576994496227,3.1312347175040447,1190.1033718687509,184.05512433440896,0.0974341616306667,4.723140495867768,13.067355371900824,77526296.01803154,4699414129.9160595,1269568363.6363637,1437152260.5305057,1215136363.6363637,54432000.0,4699414129.9160595,31500926.02319769,232640.2404820514,violated,satisfied,satisfied,violated,satisfied,satisfied,satisfied,False
20260830-stress-fence:c0151,arm-grid-R-I,5.5,4000000.0,0.36,False,1.3,0.85,0.07,470.39967891411607,461.34214179062747,3.1312347175040447,1190.1033718687509,184.05512433440896,0.07459802999847918,5.397874852420307,14.934120425029514,101258835.61538814,4984723981.916059,1443159272.7272725,1642459726.3205783,1388727272.7272725,54432000.0,4984723981.916059,31500926.02319769,232640.2404820514,violated,satisfied,satisfied,violated,satisfied,satisfied,satisfied,False
20260830-stress-fence:c0152,arm-grid-R-I,5.5,4500000.0,0.36,False,1.3,0.85,0.07,494.3944755683688,484.81851363629266,3.1312347175040447,1190.1033718687509,184.05512433440896,0.058941653332131694,6.072609208972845,16.800885478158204,128155713.82572563,5270033833.916058,1616750181.8181815,1847767192.11065,1562318181.8181815,54432000.0,5270033833.916058,31500926.02319769,232640.2404820514,violated,satisfied,satisfied,violated,satisfied,satisfied,satisfied,False
20260830-stress-fence:c0153,arm-grid-R-I,5.5,5000000.0,0.36,False,1.3,0.85,0.07,518.3892722226219,508.2948854819581,3.1312347175040447,1190.1033718687509,184.05512433440896,0.04774273919902667,6.747343565525384,18.667650531286895,158216930.649044,5555343685.916059,1790341090.909091,2053074657.9007225,1735909090.909091,54432000.0,5555343685.916059,31500926.02319769,232640.2404820514,satisfied,satisfied,satisfied,violated,satisfied,satisfied,satisfied,False
20260830-stress-fence:c0154,arm-grid-R-I,5.5,5500000.0,0.36,False,1.3,0.85,0.07,542.3840688768748,531.7712573276233,3.1312347175040447,1190.1033718687509,184.05512433440896,0.03945680925539394,7.422077922077922,20.534415584415584,191442486.08534324,5840653537.9160595,1963932000.0,2258382123.690795,1909500000.0,54432000.0,5840653537.9160595,31500926.02319769,232640.2404820514,satisfied,satisfied,satisfied,violated,satisfied,satisfied,satisfied,False
20260830-stress-fence:c0155,arm-grid-R-I,5.5,6000000.0,0.36,False,1.3,0.85,0.07,566.3788655311276,555.2476291732885,3.1312347175040447,1190.1033718687509,184.05512433440896,0.033154679999324074,8.09681227863046,22.401180637544275,227832380.13462338,6125963389.916059,2137522909.090909,2463689589.4808674,2083090909.090909,54432000.0,6125963389.916059,31500926.02319769,232640.2404820514,satisfied,satisfied,satisfied,violated,satisfied,satisfied,satisfied,False
20260830-stress-fence:c0156,arm-grid-R-I,5.5,6500000.0,0.36,False,1.3,0.85,0.07,590.3736621853806,578.7240010189539,3.1312347175040447,1190.1033718687509,184.05512433440896,0.028250141537885607,8.771546635182998,24.267945690672963,267386612.79688433,6411273241.916059,2311113818.1818185,2668997055.270939,2256681818.1818185,54432000.0,6411273241.916059,31500926.02319769,232640.2404820514,satisfied,satisfied,satisfied,violated,satisfied,satisfied,satisfied,False
20260830-stress-fence:c0157,arm-grid-R-I,5.5,7000000.0,0.36,False,1.3,0.85,0.07,614.3684588396334,602.2003728646191,3.1312347175040447,1190.1033718687509,184.05512433440896,0.024358540407666676,9.446280991735536,26.134710743801648,310105184.07212615,6696583093.916058,2484704727.2727275,2874304521.0610113,2430272727.2727275,54432000.0,6696583093.916058,31500926.02319769,232640.2404820514,satisfied,satisfied,violated,violated,satisfied,satisfied,satisfied,False
20260830-stress-fence:c0158,arm-grid-R-I,5.5,7500000.0,0.36,False,1.3,0.85,0.07,638.3632554938865,625.6767447102843,3.1312347175040447,1190.1033718687509,184.05512433440896,0.021218995199567416,10.121015348288074,28.001475796930336,355988093.9603489,6981892945.916059,2658295636.3636365,3079611986.851083,2603863636.3636365,54432000.0,6981892945.916059,31500926.02319769,232640.2404820514,satisfied,satisfied,violated,violated,satisfied,satisfied,satisfied,False
20260830-stress-fence:c0159,arm-grid-R-I,5.5,8000000.0,0.36,False,1.3,0.85,0.07,662.3580521481392,649.1531165559497,3.1312347175040447,1190.1033718687509,184.05512433440896,0.018649507499619796,10.795749704840613,29.868240850059028,405035342.46155256,7267202797.916058,2831886545.454545,3284919452.6411567,2777454545.454545,54432000.0,7267202797.916058,31500926.02319769,232640.2404820514,satisfied,satisfied,violated,violated,satisfied,satisfied,satisfied,False
20260830-stress-fence:c0160,arm-grid-R-I,5.5,8500000.0,0.36,False,1.3,0.85,0.07,686.352848802392,672.6294884016149,3.1312347175040447,1190.1033718687509,184.05512433440896,0.01651997896160092,11.470484061393153,31.735005903187723,457246929.57573724,7552512649.916057,3005477454.5454545,3490226918.4312286,2951045454.5454545,54432000.0,7552512649.916057,31500926.02319769,232640.2404820514,satisfied,satisfied,violated,violated,satisfied,satisfied,satisfied,False
20260830-stress-fence:c0161,arm-grid-R-I,5.5,9000000.0,0.36,False,1.3,0.85,0.07,710.347645456645,696.1058602472801,3.1312347175040447,1190.1033718687509,184.05512433440896,0.014735413333032923,12.14521841794569,33.60177095631641,512622855.3029025,7837822501.916058,3179068363.636363,3695534384.2213,3124636363.636363,54432000.0,7837822501.916058,31500926.02319769,232640.2404820514,satisfied,satisfied,violated,violated,satisfied,satisfied,satisfied,False
20260830-stress-fence:c0162,arm-grid-R-I,5.5,9500000.0,0.36,False,1.3,0.85,0.07,734.3424421108981,719.5822320929456,3.1312347175040447,1190.1033718687509,184.05512433440896,0.013225135512195752,12.81995277449823,35.4685360094451,571163119.6430489,8123132353.916059,3352659272.727273,3900841850.0113735,3298227272.727273,54432000.0,8123132353.916059,31500926.02319769,232640.2404820514,satisfied,satisfied,violated,violated,satisfied,satisfied,satisfied,False
20260830-stress-fence:c0163,arm-grid-R-I,5.5,10000000.0,0.36,False,1.3,0.85,0.07,758.3372387651508,743.0586039386108,3.1312347175040447,1190.1033718687509,184.05512433440896,0.011935684799756667,13.494687131050767,37.33530106257379,632867722.596176,8408442205.916058,3526250181.818182,4106149315.801445,3471818181.818182,54432000.0,8408442205.916058,31500926.02319769,232640.2404820514,satisfied,satisfied,violated,violated,satisfied,satisfied,satisfied,False
20260830-stress-fence:c0164,arm-grid-R-I,5.5,10500000.0,0.36,False,1.3,0.85,0.07,782.3320354194038,766.534975784276,3.1312347175040447,1190.1033718687509,184.05512433440896,0.010826017958962965,14.169421487603305,39.20206611570248,697736664.162284,8693752057.916058,3699841090.9090905,4311456781.591517,3645409090.9090905,54432000.0,8693752057.916058,31500926.02319769,232640.2404820514,satisfied,satisfied,violated,violated,satisfied,satisfied,satisfied,False
20260830-stress-fence:c0165,arm-grid-R-I,5.5,11000000.0,0.36,False,1.3,0.85,0.07,806.326832073657,790.0113476299415,3.1312347175040447,1190.1033718687509,184.05512433440896,0.009864202313848484,14.844155844155845,41.06883116883117,765769944.341373,8979061909.91606,3873432000.0,4516764247.38159,3819000000.0,54432000.0,8979061909.91606,31500926.02319769,232640.2404820514,satisfied,satisfied,violated,violated,satisfied,satisfied,satisfied,False
20260830-stress-fence:c0166,arm-grid-R-I,5.5,11500000.0,0.36,False,1.3,0.85,0.07,830.3216287279099,813.4877194756069,3.1312347175040447,1190.1033718687509,184.05512433440896,0.009025092476186514,15.518890200708384,42.93559622195986,836967563.1334429,9264371761.916061,4047022909.0909095,4722071713.171662,3992590909.0909095,54432000.0,9264371761.916061,31500926.02319769,232640.2404820514,satisfied,satisfied,violated,violated,satisfied,satisfied,violated,False
20260830-stress-fence:c0167,arm-grid-R-I,5.5,12000000.0,0.36,False,1.3,0.85,0.07,854.3164253821627,836.9640913212719,3.1312347175040447,1190.1033718687509,184.05512433440896,0.008288669999831019,16.19362455726092,44.80236127508855,911329520.5384935,9549681613.91606,4220613818.181818,4927379178.961735,4166181818.181818,54432000.0,9549681613.91606,31500926.02319769,232640.2404820514,satisfied,satisfied,violated,violated,satisfied,satisfied,violated,False
20260830-stress-fence:c0168,arm-grid-R-I,5.5,12500000.0,0.36,False,1.3,0.85,0.07,878.3112220364158,860.4404631669373,3.1312347175040447,1190.1033718687509,184.05512433440896,0.007638838271844268,16.86835891381346,46.66912632821724,988855816.556525,9834991465.91606,4394204727.272727,5132686644.751806,4339772727.272727,54432000.0,9834991465.91606,31500926.02319769,232640.2404820514,satisfied,satisfied,violated,violated,satisfied,satisfied,violated,False
20260830-stress-fence:c0169,arm-grid-R-I,5.5,13000000.0,0.36,False,1.3,0.85,0.07,902.3060186906689,883.9168350126027,3.1312347175040447,1190.1033718687509,184.05512433440896,0.007062535384471402,17.543093270365997,48.53589138134593,1069546451.1875373,10120301317.916061,4567795636.363637,5337994110.541878,4513363636.363637,54432000.0,10120301317.916061,31500926.02319769,232640.2404820514,satisfied,satisfied,violated,violated,satisfied,satisfied,violated,False
20260830-stress-fence:c0170,arm-grid-R-I,5.5,13500000.0,0.36,False,1.3,0.85,0.07,926.3008153449216,907.393206858268,3.1312347175040447,1190.1033718687509,184.05512433440896,0.006549072592459077,18.217827626918535,50.402656434474615,1153401424.431531,10405611169.91606,4741386545.454545,5543301576.33195,4686954545.454545,54432000.0,10405611169.91606,31500926.02319769,232640.2404820514,satisfied,satisfied,violated,violated,satisfied,satisfied,violated,False
20260830-stress-fence:c0171,arm-grid-R-I,5.5,14000000.0,0.36,False,1.3,0.85,0.07,950.2956119991744,930.8695787039331,3.1312347175040447,1190.1033718687509,184.05512433440896,0.006089635101916669,18.892561983471072,52.269421487603296,1240420736.2885046,10690921021.91606,4914977454.545455,5748609042.122023,4860545454.545455,54432000.0,10690921021.91606,31500926.02319769,232640.2404820514,satisfied,satisfied,violated,violated,satisfied,satisfied,violated,False
20260830-stress-fence:c0172,arm-grid-R-I,5.5,14500000.0,0.36,False,1.3,0.85,0.07,974.2904086534273,954.3459505495983,3.1312347175040447,1190.1033718687509,184.05512433440896,0.0056769012127261195,19.567296340023614,54.136186540732,1330604386.7584603,10976230873.91606,5088568363.636363,5953916507.912094,5034136363.636363,54432000.0,10976230873.91606,31500926.02319769,232640.2404820514,satisfied,satisfied,violated,violated,satisfied,satisfied,violated,False
20260830-stress-fence:c0173,arm-grid-R-I,5.5,15000000.0,0.36,False,1.3,0.85,0.07,998.2852053076804,977.8223223952638,3.1312347175040447,1190.1033718687509,184.05512433440896,0.005304748799891854,20.242030696576148,56.00295159386067,1423952375.8413956,11261540725.91606,5262159272.727273,6159223973.702166,5207727272.727273,54432000.0,11261540725.91606,31500926.02319769,232640.2404820514,satisfied,satisfied,violated,violated,satisfied,satisfied,violated,False
20260830-stress-fence:c0174,arm-grid-R-I,5.5,15500000.0,0.36,False,1.3,0.85,0.07,1022.2800019619333,1001.298694240929,3.1312347175040447,1190.1033718687509,184.05512433440896,0.004968026971802984,20.91676505312869,57.869716646989374,1520464703.537313,11546850577.91606,5435750181.818182,6364531439.49224,5381318181.818182,54432000.0,11546850577.91606,31500926.02319769,232640.2404820514,satisfied,satisfied,violated,violated,satisfied,satisfied,violated,False
20260830-stress-fence:c0175,arm-grid-R-I,5.5,16000000.0,0.36,False,1.3,0.85,0.07,1046.2747986161858,1024.7750660865938,3.1312347175040447,1190.1033718687509,184.05512433440896,0.004662376874904949,21.591499409681226,59.736481700118055,1620141369.8462102,11832160429.916054,5609341090.90909,6569838905.282313,5554909090.90909,54432000.0,11832160429.916054,31500926.02319769,232640.2404820514,satisfied,satisfied,violated,violated,satisfied,satisfied,violated,False
20260830-stress-fence:c0176,arm-grid-R-I,5.5,16500000.0,0.36,False,1.3,0.85,0.07,1070.2695952704387,1048.251437932259,3.1312347175040447,1190.1033718687509,184.05512433440896,0.004384089917265995,22.266233766233764,61.603246753246744,1722982374.768089,12117470281.916054,5782931999.999999,6775146371.072383,5728499999.999999,54432000.0,12117470281.916054,31500926.02319769,232640.2404820514,satisfied,satisfied,violated,violated,satisfied,satisfied,violated,False
20260830-stress-fence:c0177,arm-grid-R-I,5.5,17000000.0,0.36,False,1.3,0.85,0.07,1094.264391924692,1071.7278097779247,3.1312347175040447,1190.1033718687509,184.05512433440896,0.00412999474040023,22.940968122786305,63.470011806375446,1828987718.302949,12402780133.91606,5956522909.090909,6980453836.862457,5902090909.090909,54432000.0,12402780133.91606,31500926.02319769,232640.2404820514,satisfied,satisfied,violated,violated,satisfied,satisfied,violated,False
20260830-stress-fence:c0178,arm-grid-R-I,5.5,17500000.0,0.36,False,1.3,0.85,0.07,1118.2591885789452,1095.20418162359,3.1312347175040447,1190.1033718687509,184.05512433440896,0.003897366465226667,23.615702479338843,65.33677685950413,1938157400.4507887,12688089985.916061,6130113818.181818,7185761302.65253,6075681818.181818,54432000.0,12688089985.916061,31500926.02319769,232640.2404820514,satisfied,satisfied,violated,violated,satisfied,satisfied,violated,False
20260830-stress-fence:c0179,arm-grid-R-I,5.5,18000000.0,0.36,False,1.3,0.85,0.07,1142.2539852331977,1118.6805534692553,3.1312347175040447,1190.1033718687509,184.05512433440896,0.003683853333258231,24.29043683589138,67.20354191263282,2050491421.21161,12973399837.91606,6303704727.272726,7391068768.4426,6249272727.272726,54432000.0,12973399837.91606,31500926.02319769,232640.2404820514,satisfied,satisfied,violated,violated,satisfied,satisfied,violated,False
20260830-stress-fence:c0180,arm-grid-R-I,5.5,18500000.0,0.36,False,1.3,0.85,0.07,1166.248781887451,1142.156925314921,3.1312347175040447,1190.1033718687509,184.05512433440896,0.0034874170342605315,24.96517119244392,69.0703069657615,2165989780.585412,13258709689.916063,6477295636.363637,7596376234.232673,6422863636.363637,54432000.0,13258709689.916063,31500926.02319769,232640.2404820514,satisfied,satisfied,violated,violated,satisfied,satisfied,violated,False
20260830-stress-fence:c0181,arm-grid-R-I,5.5,19000000.0,0.36,False,1.3,0.85,0.07,1190.2435785417038,1165.6332971605862,3.1312347175040447,1190.1033718687509,184.05512433440896,0.003306283878048938,25.63990554899646,70.9370720188902,2284652478.5721955,13544019541.916063,6650886545.454546,7801683700.022747,6596454545.454546,54432000.0,13544019541.916063,31500926.02319769,232640.2404820514,satisfied,satisfied,violated,violated,satisfied,satisfied,violated,False
20260830-stress-fence:c0182,arm-grid-R-I,5.5,19500000.0,0.36,False,1.3,0.85,0.07,1214.2383751959567,1189.1096690062514,3.1312347175040447,1190.1033718687509,184.05512433440896,0.003138904615320623,26.314639905548994,72.80383707201888,2406479515.171959,13829329393.916061,6824477454.545454,8006991165.812818,6770045454.545454,54432000.0,13829329393.916061,31500926.02319769,232640.2404820514,satisfied,satisfied,violated,violated,satisfied,satisfied,violated,False
20260830-stress-fence:c0183,arm-grid-R-I,5.5,20000000.0,0.36,False,1.3,0.85,0.07,1238.2331718502096,1212.5860408519166,3.1312347175040447,1190.1033718687509,184.05512433440896,0.002983921199939167,26.989374262101535,74.67060212514758,2531470890.384704,14114639245.916061,6998068363.636364,8212298631.60289,6943636363.636364,54432000.0,14114639245.916061,31500926.02319769,232640.2404820514,satisfied,satisfied,violated,violated,satisfied,satisfied,violated,False
20260830-stress-fence:c0184,arm-grid-R-I,5.5,20500000.0,0.36,False,1.3,0.85,0.07,1262.2279685044625,1236.0624126975817,3.1312347175040447,1190.1033718687509,184.05512433440896,0.0028401391552068216,27.664108618654073,76.53736717827627,2659626604.2104297,14399949097.916061,7171659272.727274,8417606097.3929615,7117227272.727274,54432000.0,14399949097.916061,31500926.02319769,232640.2404820514,satisfied,satisfied,violated,violated,satisfied,satisfied,violated,False
20260830-stress-fence:c0185,arm-grid-R-I,5.5,21000000.0,0.36,False,1.3,0.85,0.07,1286.2227651587154,1259.5387845432474,3.1312347175040447,1190.1033718687509,184.05512433440896,0.0027065044897407412,28.33884297520661,78.40413223140496,2790946656.649136,14685258949.916061,7345250181.818181,8622913563.183035,7290818181.818181,54432000.0,14685258949.916061,31500926.02319769,232640.2404820514,satisfied,satisfied,violated,violated,satisfied,satisfied,violated,False
20260830-stress-fence:c0186,arm-grid-R-I,5.5,21500000.0,0.36,False,1.3,0.85,0.07,1310.2175618129681,1283.0151563889124,3.1312347175040447,1190.1033718687509,184.05512433440896,0.0025820843266104207,29.013577331759148,80.27089728453365,2925431047.7008233,14970568801.916058,7518841090.909092,8828221028.973106,7464409090.909092,54432000.0,14970568801.916058,31500926.02319769,232640.2404820514,satisfied,satisfied,violated,violated,satisfied,satisfied,violated,False
20260830-stress-fence:c0187,arm-grid-R-I,5.5,22000000.0,0.36,False,1.3,0.85,0.07,1334.212358467221,1306.4915282345776,3.1312347175040447,1190.1033718687509,184.05512433440896,0.002466050578462121,29.68831168831169,82.13766233766233,3063079777.365492,15255878653.916058,7692432000.0,9033528494.76318,7638000000.0,54432000.0,15255878653.916058,31500926.02319769,232640.2404820514,satisfied,satisfied,violated,violated,satisfied,satisfied,violated,False
20260830-stress-fence:c0188,arm-grid-R-I,5.5,22500000.0,0.36,False,1.3,0.85,0.07,1358.207155121474,1329.9679000802428,3.1312347175040447,1190.1033718687509,184.05512433440896,0.002357666133285268,30.363046044864227,84.00442739079102,3203892845.643141,15541188505.916058,7866022909.090908,9238835960.553251,7811590909.090908,54432000.0,15541188505.916058,31500926.02319769,232640.2404820514,satisfied,satisfied,violated,violated,satisfied,satisfied,violated,False
20260830-stress-fence:c0189,arm-grid-R-I,5.5,23000000.0,0.36,False,1.3,0.85,0.07,1382.2019517757267,1353.444271925908,3.1312347175040447,1190.1033718687509,184.05512433440896,0.0022562731190466285,31.037780401416768,85.87119244391972,3347870252.5337715,15826498357.916058,8039613818.181819,9444143426.343325,7985181818.181819,54432000.0,15826498357.916058,31500926.02319769,232640.2404820514,satisfied,satisfied,violated,violated,satisfied,satisfied,violated,False
20260830-stress-fence:c0190,arm-grid-R-I,5.5,23500000.0,0.36,False,1.3,0.85,0.07,1406.1967484299798,1376.9206437715732,3.1312347175040447,1190.1033718687509,184.05512433440896,0.0021612828971945075,31.712514757969302,87.7379574970484,3495011998.0373816,16111808209.916058,8213204727.272727,9649450892.133396,8158772727.272727,54432000.0,16111808209.916058,31500926.02319769,232640.2404820514,satisfied,satisfied,violated,violated,satisfied,satisfied,violated,False
20260830-stress-fence:c0191,arm-grid-R-I,5.5,24000000.0,0.36,False,1.3,0.85,0.07,1430.1915450842328,1400.3970156172384,3.1312347175040447,1190.1033718687509,184.05512433440896,0.0020721674999577546,32.38724911452184,89.6047225501771,3645318082.153974,16397118061.916058,8386795636.363636,9854758357.92347,8332363636.363636,54432000.0,16397118061.916058,31500926.02319769,232640.2404820514,satisfied,satisfied,violated,violated,satisfied,satisfied,violated,False
20260830-stress-fence:c0192,arm-grid-R-I,5.5,24500000.0,0.36,False,1.3,0.85,0.07,1454.1863417384852,1423.8733874629036,3.1312347175040447,1190.1033718687509,184.05512433440896,0.0019884522781768712,33.06198347107438,91.47148760330577,3798788504.8835464,16682427913.916054,8560386545.454545,10060065823.713541,8505954545.454545,54432000.0,16682427913.916054,31500926.02319769,232640.2404820514,satisfied,satisfied,violated,violated,satisfied,satisfied,violated,False
20260830-stress-fence:c0193,arm-grid-R-I,5.5,25000000.0,0.36,False,1.3,0.85,0.07,1478.1811383927381,1447.3497593085688,3.1312347175040447,1190.1033718687509,184.05512433440896,0.001909709567961067,33.73671782762692,93.33825265643448,3955423266.2261,16967737765.916054,8733977454.545454,10265373289.503613,8679545454.545454,54432000.0,16967737765.916054,31500926.02319769,232640.2404820514,satisfied,satisfied,violated,violated,satisfied,satisfied,violated,False
20260830-stress-fence:c0194,arm-grid-R-I,5.5,25500000.0,0.36,False,1.3,0.85,0.07,1502.1759350469913,1470.826131154234,3.1312347175040447,1190.1033718687509,184.05512433440896,0.0018355532179556585,34.41145218417945,95.20501770956315,4115222366.181634,17253047617.916054,8907568363.636362,10470680755.293682,8853136363.636362,54432000.0,17253047617.916054,31500926.02319769,232640.2404820514,satisfied,satisfied,violated,violated,satisfied,satisfied,violated,False
20260830-stress-fence:c0195,arm-grid-R-I,5.5,26000000.0,0.36,False,1.3,0.85,0.07,1526.1707317012447,1494.3025029999,3.1312347175040447,1190.1033718687509,184.05512433440896,0.0017656338461178504,35.086186540731994,97.07178276269185,4278185804.7501493,17538357469.91606,9081159272.727274,10675988221.083755,9026727272.727274,54432000.0,17538357469.91606,31500926.02319769,232640.2404820514,satisfied,satisfied,violated,violated,satisfied,satisfied,violated,False
20260830-stress-fence:c0196,arm-grid-R-I,6.0,2000000.0,0.36,False,1.3,0.85,0.07,319.817111493886,313.90076681157814,3.131234717504045,1298.2945874931827,200.78740836480975,0.3551112832985457,2.4740259740259734,6.8448051948051924,23205149.828526445,4038456313.539371,748795636.3636363,821229863.1602886,694363636.3636363,54432000.0,4038456313.539371,35135676.52553144,253789.35325314704,violated,satisfied,satisfied,violated,satisfied,satisfied,satisfied,False
20260830-stress-fence:c0197,arm-grid-R-I,6.0,2500000.0,0.36,False,1.3,0.85,0.07,339.16288704821187,332.8285629959079,3.131234717504045,1298.2945874931827,200.78740836480975,0.22727122131106917,3.0925324675324672,8.556006493506493,36258046.60707258,4323766165.539371,922386545.4545455,1026537328.9503613,867954545.4545455,54432000.0,4323766165.539371,35135676.52553144,253789.35325314704,violated,satisfied,satisfied,violated,satisfied,satisfied,satisfied,False
20260830-stress-fence:c0198,arm-grid-R-I,6.0,3000000.0,0.36,False,1.3,0.85,0.07,358.5086626025377,351.75635918023744,3.131234717504045,1298.2945874931827,200.78740836480975,0.1578272370215758,3.7110389610389607,10.267207792207792,52211587.11418451,4609076017.53937,1095977454.5454545,1231844794.7404332,1041545454.5454545,54432000.0,4609076017.53937,35135676.52553144,253789.35325314704,violated,satisfied,satisfied,violated,satisfied,satisfied,satisfied,False
20260830-stress-fence:c0199,arm-grid-R-I,6.0,3500000.0,0.36,False,1.3,0.85,0.07,377.85443815686364,370.6841553645673,3.131234717504045,1298.2945874931827,200.78740836480975,0.11595470475054549,4.329545454545454,11.97840909090909,71065771.34986225,4894385869.539371,1269568363.6363637,1437152260.5305057,1215136363.6363637,54432000.0,4894385869.539371,35135676.52553144,253789.35325314704,violated,satisfied,satisfied,violated,satisfied,satisfied,satisfied,False
20260830-stress-fence:c0200,arm-grid-R-I,6.0,4000000.0,0.36,False,1.3,0.85,0.07,397.2002137111896,389.611951548897,3.131234717504045,1298.2945874931827,200.78740836480975,0.08877782082463642,4.948051948051947,13.689610389610385,92820599.31410578,5179695721.539371,1443159272.7272725,1642459726.3205771,1388727272.7272725,54432000.0,5179695721.539371,35135676.52553144,253789.35325314704,violated,satisfied,satisfied,violated,satisfied,satisfied,satisfied,False
20260830-stress-fence:c0201,arm-grid-R-I,6.0,4500000.0,0.36,False,1.3,0.85,0.07,416.5459892655154,408.53974773322676,3.131234717504045,1298.2945874931827,200.78740836480975,0.07014543867625592,5.566558441558441,15.400811688311686,117476071.00691517,5465005573.539371,1616750181.8181815,1847767192.11065,1562318181.8181815,54432000.0,5465005573.539371,35135676.52553144,253789.35325314704,violated,satisfied,satisfied,violated,satisfied,satisfied,satisfied,False
20260830-stress-fence:c0202,arm-grid-R-I,6.0,5000000.0,0.36,False,1.3,0.85,0.07,435.89176481984134,427.46754391755644,3.131234717504045,1298.2945874931827,200.78740836480975,0.05681780532776729,6.1850649350649345,17.112012987012985,145032186.4282903,5750315425.5393715,1790341090.909091,2053074657.9007225,1735909090.909091,54432000.0,5750315425.5393715,35135676.52553144,253789.35325314704,violated,satisfied,satisfied,violated,satisfied,satisfied,satisfied,False
20260830-stress-fence:c0203,arm-grid-R-I,6.0,5500000.0,0.36,False,1.3,0.85,0.07,455.2375403741673,446.39534010188623,3.131234717504045,1298.2945874931827,200.78740836480975,0.04695686390724569,6.803571428571428,18.823214285714283,175488945.57823128,6035625277.5393715,1963932000.0,2258382123.6907945,1909500000.0,54432000.0,6035625277.5393715,35135676.52553144,253789.35325314704,satisfied,satisfied,satisfied,violated,satisfied,satisfied,satisfied,False
20260830-stress-fence:c0204,arm-grid-R-I,6.0,6000000.0,0.36,False,1.3,0.85,0.07,474.58331592849305,465.3231362862159,3.131234717504045,1298.2945874931827,200.78740836480975,0.03945680925539395,7.422077922077921,20.534415584415584,208846348.45673805,6320935129.53937,2137522909.090909,2463689589.4808664,2083090909.090909,54432000.0,6320935129.53937,35135676.52553144,253789.35325314704,satisfied,satisfied,satisfied,violated,satisfied,satisfied,satisfied,False
20260830-stress-fence:c0205,arm-grid-R-I,6.0,6500000.0,0.36,False,1.3,0.85,0.07,493.92909148281916,484.2509324705457,3.131234717504045,1298.2945874931827,200.78740836480975,0.03362000315252503,8.040584415584414,22.245616883116877,245104395.0638106,6606244981.539372,2311113818.1818185,2668997055.270939,2256681818.1818185,54432000.0,6606244981.539372,35135676.52553144,253789.35325314704,satisfied,satisfied,satisfied,violated,satisfied,satisfied,satisfied,False
20260830-stress-fence:c0206,arm-grid-R-I,6.0,7000000.0,0.36,False,1.3,0.85,0.07,513.274867037145,503.1787286548754,3.131234717504045,1298.2945874931827,200.78740836480975,0.028988676187636373,8.659090909090908,23.95681818181818,284263085.399449,6891554833.5393715,2484704727.2727275,2874304521.0610113,2430272727.2727275,54432000.0,6891554833.5393715,35135676.52553144,253789.35325314704,satisfied,satisfied,satisfied,violated,satisfied,satisfied,satisfied,False
20260830-stress-fence:c0207,arm-grid-R-I,6.0,7500000.0,0.36,False,1.3,0.85,0.07,532.6206425914709,522.106524839205,3.131234717504045,1298.2945874931827,200.78740836480975,0.02525235792345213,9.2775974025974,25.668019480519476,326322419.46365315,7176864685.5393715,2658295636.3636365,3079611986.851083,2603863636.3636365,54432000.0,7176864685.5393715,35135676.52553144,253789.35325314704,satisfied,satisfied,violated,violated,satisfied,satisfied,satisfied,False
20260830-stress-fence:c0208,arm-grid-R-I,6.0,8000000.0,0.36,False,1.3,0.85,0.07,551.9664181457968,541.0343210235349,3.131234717504045,1298.2945874931827,200.78740836480975,0.022194455206159105,9.896103896103893,27.37922077922077,371282397.2564231,7462174537.5393715,2831886545.454545,3284919452.6411543,2777454545.454545,54432000.0,7462174537.5393715,35135676.52553144,253789.35325314704,satisfied,satisfied,violated,violated,satisfied,satisfied,satisfied,False
20260830-stress-fence:c0209,arm-grid-R-I,6.0,8500000.0,0.36,False,1.3,0.85,0.07,571.3121937001226,559.9621172078646,3.131234717504045,1298.2945874931827,200.78740836480975,0.019660140251822587,10.51461038961039,29.090422077922078,419143018.77775913,7747484389.5393715,3005477454.5454545,3490226918.431228,2951045454.5454545,54432000.0,7747484389.5393715,35135676.52553144,253789.35325314704,satisfied,satisfied,violated,violated,satisfied,satisfied,satisfied,False
20260830-stress-fence:c0210,arm-grid-R-I,6.0,9000000.0,0.36,False,1.3,0.85,0.07,590.6579692544485,578.8899133921943,3.131234717504045,1298.2945874931827,200.78740836480975,0.01753635966906398,11.133116883116882,30.801623376623372,469904284.02766067,8032794241.5393715,3179068363.636363,3695534384.2213,3124636363.636363,54432000.0,8032794241.5393715,35135676.52553144,253789.35325314704,satisfied,satisfied,violated,violated,satisfied,satisfied,satisfied,False
20260830-stress-fence:c0211,arm-grid-R-I,6.0,9500000.0,0.36,False,1.3,0.85,0.07,610.0037448087744,597.8177095765241,3.131234717504045,1298.2945874931827,200.78740836480975,0.015739004245918918,11.751623376623375,32.512824675324666,523566193.00612795,8318104093.5393715,3352659272.727273,3900841850.011372,3298227272.727273,54432000.0,8318104093.5393715,35135676.52553144,253789.35325314704,satisfied,satisfied,violated,violated,satisfied,satisfied,satisfied,False
20260830-stress-fence:c0212,arm-grid-R-I,6.0,10000000.0,0.36,False,1.3,0.85,0.07,629.3495203631003,616.7455057608537,3.131234717504045,1298.2945874931827,200.78740836480975,0.014204451331941823,12.370129870129869,34.22402597402597,580128745.7131612,8603413945.539371,3526250181.818182,4106149315.801445,3471818181.818182,54432000.0,8603413945.539371,35135676.52553144,253789.35325314704,satisfied,satisfied,violated,violated,satisfied,satisfied,satisfied,False
20260830-stress-fence:c0213,arm-grid-R-I,6.0,10500000.0,0.36,False,1.3,0.85,0.07,648.6952959174262,635.6733019451834,3.131234717504045,1298.2945874931827,200.78740836480975,0.012883856083393945,12.988636363636362,35.93522727272727,639591942.1487602,8888723797.53937,3699841090.9090905,4311456781.5915165,3645409090.9090905,54432000.0,8888723797.53937,35135676.52553144,253789.35325314704,satisfied,satisfied,violated,violated,satisfied,satisfied,satisfied,False
20260830-stress-fence:c0214,arm-grid-R-I,6.0,11000000.0,0.36,False,1.3,0.85,0.07,668.0410714717518,654.6010981295129,3.131234717504045,1298.2945874931827,200.78740836480975,0.011739215976811422,13.607142857142856,37.646428571428565,701955782.3129251,9174033649.539368,3873432000.0,4516764247.381589,3819000000.0,54432000.0,9174033649.539368,35135676.52553144,253789.35325314704,satisfied,satisfied,violated,violated,satisfied,satisfied,satisfied,False
20260830-stress-fence:c0215,arm-grid-R-I,6.0,11500000.0,0.36,False,1.3,0.85,0.07,687.3868470260779,673.528894313843,3.131234717504045,1298.2945874931827,200.78740836480975,0.01074060592207321,14.22564935064935,39.35762987012987,767220266.2056559,9459343501.539371,4047022909.0909095,4722071713.171661,3992590909.0909095,54432000.0,9459343501.539371,35135676.52553144,253789.35325314704,satisfied,satisfied,violated,violated,satisfied,satisfied,satisfied,False
20260830-stress-fence:c0216,arm-grid-R-I,6.0,12000000.0,0.36,False,1.3,0.85,0.07,706.7326225804037,692.4566904981726,3.131234717504045,1298.2945874931827,200.78740836480975,0.009864202313848488,14.844155844155843,41.06883116883117,835385393.8269522,9744653353.53937,4220613818.181818,4927379178.961733,4166181818.181818,54432000.0,9744653353.53937,35135676.52553144,253789.35325314704,satisfied,satisfied,violated,violated,satisfied,satisfied,violated,False
20260830-stress-fence:c0217,arm-grid-R-I,6.0,12500000.0,0.36,False,1.3,0.85,0.07,726.0783981347294,711.3844866825023,3.131234717504045,1298.2945874931827,200.78740836480975,0.009090848852442764,15.462662337662337,42.780032467532465,906451165.1768146,10029963205.539368,4394204727.272727,5132686644.751806,4339772727.272727,54432000.0,10029963205.539368,35135676.52553144,253789.35325314704,satisfied,satisfied,violated,violated,satisfied,satisfied,violated,False
20260830-stress-fence:c0218,arm-grid-R-I,6.0,13000000.0,0.36,False,1.3,0.85,0.07,745.4241736890555,730.3122828668321,3.131234717504045,1298.2945874931827,200.78740836480975,0.008405000788131257,16.081168831168828,44.491233766233755,980417580.2552423,10315273057.53937,4567795636.363637,5337994110.541878,4513363636.363637,54432000.0,10315273057.53937,35135676.52553144,253789.35325314704,satisfied,satisfied,violated,violated,satisfied,satisfied,violated,False
20260830-stress-fence:c0219,arm-grid-R-I,6.0,13500000.0,0.36,False,1.3,0.85,0.07,764.7699492433813,749.2400790511617,3.131234717504045,1298.2945874931827,200.78740836480975,0.007793937630695101,16.699675324675322,46.20243506493506,1057284639.0622364,10600582909.53937,4741386545.454545,5543301576.331949,4686954545.454545,54432000.0,10600582909.53937,35135676.52553144,253789.35325314704,satisfied,satisfied,violated,violated,satisfied,satisfied,violated,False
20260830-stress-fence:c0220,arm-grid-R-I,6.0,14000000.0,0.36,False,1.3,0.85,0.07,784.1157247977073,768.1678752354915,3.131234717504045,1298.2945874931827,200.78740836480975,0.007247169046909093,17.318181818181817,47.91363636363636,1137052341.597796,10885892761.53937,4914977454.545455,5748609042.122023,4860545454.545455,54432000.0,10885892761.53937,35135676.52553144,253789.35325314704,satisfied,satisfied,violated,violated,satisfied,satisfied,violated,False
20260830-stress-fence:c0221,arm-grid-R-I,6.0,14500000.0,0.36,False,1.3,0.85,0.07,803.4615003520331,787.0956714198211,3.131234717504045,1298.2945874931827,200.78740836480975,0.006755981608533564,17.93668831168831,49.62483766233766,1219720687.8619218,11171202613.539368,5088568363.636363,5953916507.912094,5034136363.636363,54432000.0,11171202613.539368,35135676.52553144,253789.35325314704,satisfied,satisfied,violated,violated,satisfied,satisfied,violated,False
20260830-stress-fence:c0222,arm-grid-R-I,6.0,15000000.0,0.36,False,1.3,0.85,0.07,822.807275906359,806.0234676041507,3.131234717504045,1298.2945874931827,200.78740836480975,0.006313089480863033,18.5551948051948,51.33603896103895,1305289677.8546126,11456512465.539368,5262159272.727273,6159223973.702166,5207727272.727273,54432000.0,11456512465.539368,35135676.52553144,253789.35325314704,satisfied,satisfied,violated,violated,satisfied,satisfied,violated,False
20260830-stress-fence:c0223,arm-grid-R-I,6.0,15500000.0,0.36,False,1.3,0.85,0.07,842.1530514606848,824.9512637884804,3.131234717504045,1298.2945874931827,200.78740836480975,0.0059123626771870235,19.173701298701296,53.04724025974025,1393759311.57587,11741822317.539368,5435750181.818182,6364531439.49224,5381318181.818182,54432000.0,11741822317.539368,35135676.52553144,253789.35325314704,satisfied,satisfied,violated,violated,satisfied,satisfied,violated,False
20260830-stress-fence:c0224,arm-grid-R-I,6.0,16000000.0,0.36,False,1.3,0.85,0.07,861.4988270150105,843.8790599728101,3.131234717504045,1298.2945874931827,200.78740836480975,0.005548613801539776,19.792207792207787,54.75844155844154,1485129589.0256925,12027132169.539366,5609341090.90909,6569838905.282309,5554909090.90909,54432000.0,12027132169.539366,35135676.52553144,253789.35325314704,satisfied,satisfied,violated,violated,satisfied,satisfied,violated,False
20260830-stress-fence:c0225,arm-grid-R-I,6.0,16500000.0,0.36,False,1.3,0.85,0.07,880.8446025693365,862.8068561571399,3.131234717504045,1298.2945874931827,200.78740836480975,0.0052174293230272985,20.410714285714285,56.46964285714285,1579400510.2040815,12312442021.539366,5782931999.999999,6775146371.072383,5728499999.999999,54432000.0,12312442021.539366,35135676.52553144,253789.35325314704,satisfied,satisfied,violated,violated,satisfied,satisfied,violated,False
20260830-stress-fence:c0226,arm-grid-R-I,6.0,17000000.0,0.36,False,1.3,0.85,0.07,900.1903781236624,881.7346523414695,3.131234717504045,1298.2945874931827,200.78740836480975,0.004915035062955647,21.02922077922078,58.180844155844156,1676572075.1110365,12597751873.539366,5956522909.090909,6980453836.862456,5902090909.090909,54432000.0,12597751873.539366,35135676.52553144,253789.35325314704,satisfied,satisfied,violated,violated,satisfied,satisfied,violated,False
20260830-stress-fence:c0227,arm-grid-R-I,6.0,17500000.0,0.36,False,1.3,0.85,0.07,919.5361536779883,900.6624485257993,3.131234717504045,1298.2945874931827,200.78740836480975,0.00463818819002182,21.64772727272727,59.892045454545446,1776644283.7465563,12883061725.539366,6130113818.181818,7185761302.652526,6075681818.181818,54432000.0,12883061725.539366,35135676.52553144,253789.35325314704,satisfied,satisfied,violated,violated,satisfied,satisfied,violated,False
20260830-stress-fence:c0228,arm-grid-R-I,6.0,18000000.0,0.36,False,1.3,0.85,0.07,938.8819292323143,919.590244710129,3.131234717504045,1298.2945874931827,200.78740836480975,0.004384089917265995,22.266233766233764,61.603246753246744,1879617136.1106427,13168371577.539366,6303704727.272726,7391068768.4426,6249272727.272726,54432000.0,13168371577.539366,35135676.52553144,253789.35325314704,satisfied,satisfied,violated,violated,satisfied,satisfied,violated,False
20260830-stress-fence:c0229,arm-grid-R-I,6.0,18500000.0,0.36,False,1.3,0.85,0.07,958.2277047866401,938.5180408944587,3.131234717504045,1298.2945874931827,200.78740836480975,0.004150314487053858,22.884740259740255,63.314448051948034,1985490632.2032938,13453681429.539366,6477295636.363637,7596376234.232673,6422863636.363637,54432000.0,13453681429.539366,35135676.52553144,253789.35325314704,satisfied,satisfied,violated,violated,satisfied,satisfied,violated,False
20260830-stress-fence:c0230,arm-grid-R-I,6.0,19000000.0,0.36,False,1.3,0.85,0.07,977.5734803409658,957.4458370787883,3.131234717504045,1298.2945874931827,200.78740836480975,0.0039347510614797295,23.50324675324675,65.02564935064933,2094264772.0245118,13738991281.539364,6650886545.454546,7801683700.022744,6596454545.454546,54432000.0,13738991281.539364,35135676.52553144,253789.35325314704,satisfied,satisfied,violated,violated,satisfied,satisfied,violated,False
20260830-stress-fence:c0231,arm-grid-R-I,6.0,19500000.0,0.36,False,1.3,0.85,0.07,996.9192558952917,976.3736332631179,3.131234717504045,1298.2945874931827,200.78740836480975,0.003735555905836114,24.121753246753244,66.73685064935064,2205939555.574296,14024301133.539364,6824477454.545454,8006991165.812818,6770045454.545454,54432000.0,14024301133.539364,35135676.52553144,253789.35325314704,satisfied,satisfied,violated,violated,satisfied,satisfied,violated,False
20260830-stress-fence:c0232,arm-grid-R-I,6.0,20000000.0,0.36,False,1.3,0.85,0.07,1016.2650314496178,995.3014294474478,3.131234717504045,1298.2945874931827,200.78740836480975,0.0035511128329854557,24.740259740259738,68.44805194805194,2320514982.852645,14309610985.539366,6998068363.636364,8212298631.60289,6943636363.636364,54432000.0,14309610985.539366,35135676.52553144,253789.35325314704,satisfied,satisfied,violated,violated,satisfied,satisfied,violated,False
20260830-stress-fence:c0233,arm-grid-R-I,6.0,20500000.0,0.36,False,1.3,0.85,0.07,1035.6108070039436,1014.2292256317777,3.131234717504045,1298.2945874931827,200.78740836480975,0.003380000316940351,25.35876623376623,70.15925324675324,2437991053.8595605,14594920837.539366,7171659272.727274,8417606097.3929615,7117227272.727274,54432000.0,14594920837.539366,35135676.52553144,253789.35325314704,satisfied,satisfied,violated,violated,satisfied,satisfied,violated,False
20260830-stress-fence:c0234,arm-grid-R-I,6.0,21000000.0,0.36,False,1.3,0.85,0.07,1054.9565825582695,1033.157021816107,3.131234717504045,1298.2945874931827,200.78740836480975,0.0032209640208484863,25.977272727272723,71.87045454545454,2558367768.595041,14880230689.539362,7345250181.818181,8622913563.183033,7290818181.818181,54432000.0,14880230689.539362,35135676.52553144,253789.35325314704,satisfied,satisfied,violated,violated,satisfied,satisfied,violated,False
20260830-stress-fence:c0235,arm-grid-R-I,6.0,21500000.0,0.36,False,1.3,0.85,0.07,1074.3023581125954,1052.084818000437,3.131234717504045,1298.2945874931827,200.78740836480975,0.0030728937440652943,26.595779220779217,73.58165584415583,2681645127.0590878,15165540541.539366,7518841090.909092,8828221028.973106,7464409090.909092,54432000.0,15165540541.539366,35135676.52553144,253789.35325314704,satisfied,satisfied,violated,violated,satisfied,satisfied,violated,False
20260830-stress-fence:c0236,arm-grid-R-I,6.0,22000000.0,0.36,False,1.3,0.85,0.07,1093.648133666921,1071.0126141847666,3.131234717504045,1298.2945874931827,200.78740836480975,0.0029348039942028556,27.21428571428571,75.29285714285713,2807823129.2517004,15450850393.539362,7692432000.0,9033528494.763178,7638000000.0,54432000.0,15450850393.539362,35135676.52553144,253789.35325314704,satisfied,satisfied,violated,violated,satisfied,satisfied,violated,False
20260830-stress-fence:c0237,arm-grid-R-I,6.0,22500000.0,0.36,False,1.3,0.85,0.07,1112.9939092212471,1089.9404103690963,3.131234717504045,1298.2945874931827,200.78740836480975,0.0028058175470502362,27.832792207792206,77.00405844155844,2936901775.172879,15736160245.539362,7866022909.090908,9238835960.55325,7811590909.090908,54432000.0,15736160245.539362,35135676.52553144,253789.35325314704,satisfied,satisfied,violated,violated,satisfied,satisfied,violated,False
20260830-stress-fence:c0238,arm-grid-R-I,6.0,23000000.0,0.36,False,1.3,0.85,0.07,1132.339684775573,1108.8682065534263,3.131234717504045,1298.2945874931827,200.78740836480975,0.0026851514805183024,28.4512987012987,78.71525974025974,3068881064.8226237,16021470097.539366,8039613818.181819,9444143426.343323,7985181818.181819,54432000.0,16021470097.539366,35135676.52553144,253789.35325314704,satisfied,satisfied,violated,violated,satisfied,satisfied,violated,False
20260830-stress-fence:c0239,arm-grid-R-I,6.0,23500000.0,0.36,False,1.3,0.85,0.07,1151.6854603298991,1127.796002737756,3.131234717504045,1298.2945874931827,200.78740836480975,0.002572105266082721,29.069805194805188,80.42646103896102,3203760998.2009325,16306779949.539366,8213204727.272727,9649450892.133392,8158772727.272727,54432000.0,16306779949.539366,35135676.52553144,253789.35325314704,satisfied,satisfied,violated,violated,satisfied,satisfied,violated,False
20260830-stress-fence:c0240,arm-grid-R-I,6.0,24000000.0,0.36,False,1.3,0.85,0.07,1171.0312358842245,1146.7237989220855,3.131234717504045,1298.2945874931827,200.78740836480975,0.002466050578462122,29.688311688311686,82.13766233766233,3341541575.307809,16592089801.539362,8386795636.363636,9854758357.923466,8332363636.363636,54432000.0,16592089801.539362,35135676.52553144,253789.35325314704,satisfied,satisfied,violated,violated,satisfied,satisfied,violated,False
20260830-stress-fence:c0241,arm-grid-R-I,6.0,24500000.0,0.36,False,1.3,0.85,0.07,1190.3770114385507,1165.6515951064152,3.131234717504045,1298.2945874931827,200.78740836480975,0.0023664225459294995,30.30681818181818,83.84886363636363,3482222796.143251,16877399653.539362,8560386545.454545,10060065823.71354,8505954545.454545,54432000.0,16877399653.539362,35135676.52553144,253789.35325314704,satisfied,satisfied,violated,violated,satisfied,satisfied,violated,False
20260830-stress-fence:c0242,arm-grid-R-I,6.0,25000000.0,0.36,False,1.3,0.85,0.07,1209.7227869928765,1184.5793912907448,3.131234717504045,1298.2945874931827,200.78740836480975,0.002272712213110691,30.925324675324674,85.56006493506493,3625804660.707258,17162709505.539362,8733977454.545454,10265373289.503613,8679545454.545454,54432000.0,17162709505.539362,35135676.52553144,253789.35325314704,satisfied,satisfied,violated,violated,satisfied,satisfied,violated,False
20260830-stress-fence:c0243,arm-grid-R-I,6.0,25500000.0,0.36,False,1.3,0.85,0.07,1229.0685625472024,1203.5071874750747,3.131234717504045,1298.2945874931827,200.78740836480975,0.0021844600279802883,31.54383116883116,87.27126623376621,3772287168.999831,17448019357.539364,8907568363.636362,10470680755.293682,8853136363.636362,54432000.0,17448019357.539364,35135676.52553144,253789.35325314704,satisfied,satisfied,violated,violated,satisfied,satisfied,violated,False
20260830-stress-fence:c0244,arm-grid-R-I,6.0,26000000.0,0.36,False,1.3,0.85,0.07,1248.4143381015285,1222.4349836594047,3.131234717504045,1298.2945874931827,200.78740836480975,0.0021012501970328144,32.162337662337656,88.98246753246751,3921670321.0209694,17733329209.539368,9081159272.727274,10675988221.083755,9026727272.727274,54432000.0,17733329209.539368,35135676.52553144,253789.35325314704,satisfied,satisfied,violated,violated,satisfied,satisfied,violated,False
20260830-stress-fence:c0245,arm-grid-R-I,6.5,2000000.0,0.36,False,1.3,0.85,0.07,282.9915296980851,277.79276171243424,3.1312347175040447,1406.4858031176145,217.51969239521057,0.4167625477600988,2.283716283716283,6.318281718281716,21420138.303255178,4236197361.1786942,748795636.3636363,821229863.1602886,694363636.3636363,54432000.0,4236197361.1786942,38919749.64255056,274938.46602424246,violated,satisfied,satisfied,violated,satisfied,satisfied,satisfied,False
20260830-stress-fence:c0246,arm-grid-R-I,6.5,2500000.0,0.36,False,1.3,0.85,0.07,299.1973984313872,293.64849101687946,3.1312347175040447,1406.4858031176145,217.51969239521057,0.26672803056646316,2.854645354645354,7.897852147852146,33468966.09883622,4521507213.178696,922386545.4545455,1026537328.9503609,867954545.4545455,54432000.0,4521507213.178696,38919749.64255056,274938.46602424246,violated,satisfied,satisfied,violated,satisfied,satisfied,satisfied,False
20260830-stress-fence:c0247,arm-grid-R-I,6.5,3000000.0,0.36,False,1.3,0.85,0.07,315.40326716468934,309.5042203213246,3.1312347175040447,1406.4858031176145,217.51969239521057,0.18522779900448832,3.4255744255744247,9.477422577422574,48195311.182324156,4806817065.178697,1095977454.5454545,1231844794.7404332,1041545454.5454545,54432000.0,4806817065.178697,38919749.64255056,274938.46602424246,violated,satisfied,satisfied,violated,satisfied,satisfied,satisfied,False
20260830-stress-fence:c0248,arm-grid-R-I,6.5,3500000.0,0.36,False,1.3,0.85,0.07,331.60913589799134,325.3599496257696,3.1312347175040447,1406.4858031176145,217.51969239521057,0.13608572988084858,3.9965034965034953,11.056993006993004,65599173.55371899,5092126917.178696,1269568363.6363637,1437152260.5305052,1215136363.6363637,54432000.0,5092126917.178696,38919749.64255056,274938.46602424246,violated,satisfied,satisfied,violated,satisfied,satisfied,satisfied,False
20260830-stress-fence:c0249,arm-grid-R-I,6.5,4000000.0,0.36,False,1.3,0.85,0.07,347.8150046312935,341.21567893021495,3.1312347175040447,1406.4858031176145,217.51969239521057,0.1041906369400247,4.567432567432566,12.636563436563431,85680553.21302071,5377436769.178698,1443159272.7272725,1642459726.3205771,1388727272.7272725,54432000.0,5377436769.178698,38919749.64255056,274938.46602424246,violated,satisfied,satisfied,violated,satisfied,satisfied,satisfied,False
20260830-stress-fence:c0250,arm-grid-R-I,6.5,4500000.0,0.36,False,1.3,0.85,0.07,364.0208733645955,357.07140823465994,3.1312347175040447,1406.4858031176145,217.51969239521057,0.08232346622421703,5.138361638361637,14.216133866133863,108439450.16022937,5662746621.178697,1616750181.8181815,1847767192.11065,1562318181.8181815,54432000.0,5662746621.178697,38919749.64255056,274938.46602424246,violated,satisfied,satisfied,violated,satisfied,satisfied,satisfied,False
20260830-stress-fence:c0251,arm-grid-R-I,6.5,5000000.0,0.36,False,1.3,0.85,0.07,380.2267420978976,372.92713753910516,3.1312347175040447,1406.4858031176145,217.51969239521057,0.06668200764161579,5.709290709290708,15.795704295704292,133875864.39534488,5948056473.178698,1790341090.909091,2053074657.9007218,1735909090.909091,54432000.0,5948056473.178698,38919749.64255056,274938.46602424246,violated,satisfied,satisfied,violated,satisfied,satisfied,satisfied,False
20260830-stress-fence:c0252,arm-grid-R-I,6.5,5500000.0,0.36,False,1.3,0.85,0.07,396.4326108311996,388.7828668435502,3.1312347175040447,1406.4858031176145,217.51969239521057,0.05510909722447586,6.280219780219779,17.37527472527472,161989795.91836733,6233366325.178697,1963932000.0,2258382123.6907945,1909500000.0,54432000.0,6233366325.178697,38919749.64255056,274938.46602424246,violated,satisfied,satisfied,violated,satisfied,satisfied,satisfied,False
20260830-stress-fence:c0253,arm-grid-R-I,6.5,6000000.0,0.36,False,1.3,0.85,0.07,412.6384795645015,404.6385961479952,3.1312347175040447,1406.4858031176145,217.51969239521057,0.04630694975112208,6.851148851148849,18.95484515484515,192781244.72929662,6518676177.178695,2137522909.090909,2463689589.4808664,2083090909.090909,54432000.0,6518676177.178695,38919749.64255056,274938.46602424246,satisfied,satisfied,satisfied,violated,satisfied,satisfied,satisfied,False
20260830-stress-fence:c0254,arm-grid-R-I,6.5,6500000.0,0.36,False,1.3,0.85,0.07,428.8443482978037,420.49432545244036,3.1312347175040447,1406.4858031176145,217.51969239521057,0.03945680925539396,7.4220779220779205,20.53441558441558,226250210.82813287,6803986029.178697,2311113818.1818185,2668997055.270939,2256681818.1818185,54432000.0,6803986029.178697,38919749.64255056,274938.46602424246,satisfied,satisfied,satisfied,violated,satisfied,satisfied,satisfied,False
20260830-stress-fence:c0255,arm-grid-R-I,6.5,7000000.0,0.36,False,1.3,0.85,0.07,445.0502170311057,436.3500547568855,3.1312347175040447,1406.4858031176145,217.51969239521057,0.034021432470212144,7.993006993006991,22.113986013986008,262396694.21487597,7089295881.178697,2484704727.2727275,2874304521.0610104,2430272727.2727275,54432000.0,7089295881.178697,38919749.64255056,274938.46602424246,satisfied,satisfied,satisfied,violated,satisfied,satisfied,satisfied,False
20260830-stress-fence:c0256,arm-grid-R-I,6.5,7500000.0,0.36,False,1.3,0.85,0.07,461.25608576440777,452.20578406133063,3.1312347175040447,1406.4858031176145,217.51969239521057,0.02963644784071813,8.563936063936062,23.69355644355644,301220694.889526,7374605733.178697,2658295636.3636365,3079611986.851083,2603863636.3636365,54432000.0,7374605733.178697,38919749.64255056,274938.46602424246,satisfied,satisfied,satisfied,violated,satisfied,satisfied,satisfied,False
20260830-stress-fence:c0257,arm-grid-R-I,6.5,8000000.0,0.36,False,1.3,0.85,0.07,477.4619544977097,468.0615133657756,3.1312347175040447,1406.4858031176145,217.51969239521057,0.026047659235006175,9.134865134865132,25.273126873126863,342722212.85208285,7659915585.178695,2831886545.454545,3284919452.6411543,2777454545.454545,54432000.0,7659915585.178695,38919749.64255056,274938.46602424246,satisfied,satisfied,violated,violated,satisfied,satisfied,satisfied,False
20260830-stress-fence:c0258,arm-grid-R-I,6.5,8500000.0,0.36,False,1.3,0.85,0.07,493.6678232310118,483.91724267022073,3.1312347175040447,1406.4858031176145,217.51969239521057,0.023073359045541798,9.705794205794204,26.852697302697297,386901248.1025468,7945225437.178695,3005477454.5454545,3490226918.431227,2951045454.5454545,54432000.0,7945225437.178695,38919749.64255056,274938.46602424246,satisfied,satisfied,violated,violated,satisfied,satisfied,satisfied,False
20260830-stress-fence:c0259,arm-grid-R-I,6.5,9000000.0,0.36,False,1.3,0.85,0.07,509.8736919643138,499.7729719746658,3.1312347175040447,1406.4858031176145,217.51969239521057,0.020580866556054258,10.276723276723274,28.432267732267725,433757800.6409175,8230535289.178695,3179068363.636363,3695534384.2213,3124636363.636363,54432000.0,8230535289.178695,38919749.64255056,274938.46602424246,satisfied,satisfied,violated,violated,satisfied,satisfied,satisfied,False
20260830-stress-fence:c0260,arm-grid-R-I,6.5,9500000.0,0.36,False,1.3,0.85,0.07,526.079560697616,515.628701279111,3.1312347175040447,1406.4858031176145,217.51969239521057,0.0184714702608354,10.847652347652346,30.011838161838156,483291870.4671951,8515845141.178697,3352659272.727273,3900841850.011372,3298227272.727273,54432000.0,8515845141.178697,38919749.64255056,274938.46602424246,satisfied,satisfied,violated,violated,satisfied,satisfied,satisfied,False
20260830-stress-fence:c0261,arm-grid-R-I,6.5,10000000.0,0.36,False,1.3,0.85,0.07,542.2854294309179,531.4844305835561,3.1312347175040447,1406.4858031176145,217.51969239521057,0.016670501910403947,11.418581418581416,31.591408591408584,535503457.58137953,8801154993.178696,3526250181.818182,4106149315.8014436,3471818181.818182,54432000.0,8801154993.178696,38919749.64255056,274938.46602424246,satisfied,satisfied,violated,violated,satisfied,satisfied,satisfied,False
20260830-stress-fence:c0262,arm-grid-R-I,6.5,10500000.0,0.36,False,1.3,0.85,0.07,558.49129816422,547.3401598880013,3.1312347175040447,1406.4858031176145,217.51969239521057,0.015120636653427619,11.989510489510486,33.17097902097901,590392561.9834709,9086464845.178696,3699841090.9090905,4311456781.5915165,3645409090.9090905,54432000.0,9086464845.178696,38919749.64255056,274938.46602424246,satisfied,satisfied,violated,violated,satisfied,satisfied,satisfied,False
20260830-stress-fence:c0263,arm-grid-R-I,6.5,11000000.0,0.36,False,1.3,0.85,0.07,574.697166897522,563.1958891924463,3.1312347175040447,1406.4858031176145,217.51969239521057,0.013777274306118964,12.560439560439558,34.75054945054944,647959183.6734693,9371774697.178696,3873432000.0,4516764247.381589,3819000000.0,54432000.0,9371774697.178696,38919749.64255056,274938.46602424246,satisfied,satisfied,violated,violated,satisfied,satisfied,satisfied,False
20260830-stress-fence:c0264,arm-grid-R-I,6.5,11500000.0,0.36,False,1.3,0.85,0.07,590.9030356308241,579.0516184968916,3.1312347175040447,1406.4858031176145,217.51969239521057,0.01260529445021092,13.13136863136863,36.330119880119874,708203322.6513746,9657084549.178698,4047022909.0909095,4722071713.17166,3992590909.0909095,54432000.0,9657084549.178698,38919749.64255056,274938.46602424246,satisfied,satisfied,violated,violated,satisfied,satisfied,satisfied,False
20260830-stress-fence:c0265,arm-grid-R-I,6.5,12000000.0,0.36,False,1.3,0.85,0.07,607.108904364126,594.9073478013366,3.1312347175040447,1406.4858031176145,217.51969239521057,0.01157673743778052,13.702297702297699,37.9096903096903,771124978.9171865,9942394401.178696,4220613818.181818,4927379178.961733,4166181818.181818,54432000.0,9942394401.178696,38919749.64255056,274938.46602424246,satisfied,satisfied,violated,violated,satisfied,satisfied,satisfied,False
20260830-stress-fence:c0266,arm-grid-R-I,6.5,12500000.0,0.36,False,1.3,0.85,0.07,623.3147730974281,610.7630771057817,3.1312347175040447,1406.4858031176145,217.51969239521057,0.010669121222658525,14.27322677322677,39.48926073926073,836724152.4709057,10227704253.178696,4394204727.272727,5132686644.751806,4339772727.272727,54432000.0,10227704253.178696,38919749.64255056,274938.46602424246,satisfied,satisfied,violated,violated,satisfied,satisfied,violated,False
20260830-stress-fence:c0267,arm-grid-R-I,6.5,13000000.0,0.36,False,1.3,0.85,0.07,639.5206418307301,626.6188064102269,3.1312347175040447,1406.4858031176145,217.51969239521057,0.00986420231384849,14.844155844155841,41.06883116883116,905000843.3125315,10513014105.178696,4567795636.363637,5337994110.541878,4513363636.363637,54432000.0,10513014105.178696,38919749.64255056,274938.46602424246,satisfied,satisfied,violated,violated,satisfied,satisfied,violated,False
20260830-stress-fence:c0268,arm-grid-R-I,6.5,13500000.0,0.36,False,1.3,0.85,0.07,655.7265105640322,642.4745357146719,3.1312347175040447,1406.4858031176145,217.51969239521057,0.00914705180269078,15.415084915084913,42.64840159840159,975955051.4420644,10798323957.178696,4741386545.454545,5543301576.33195,4686954545.454545,54432000.0,10798323957.178696,38919749.64255056,274938.46602424246,satisfied,satisfied,violated,violated,satisfied,satisfied,violated,False
20260830-stress-fence:c0269,arm-grid-R-I,6.5,14000000.0,0.36,False,1.3,0.85,0.07,671.9323792973343,658.3302650191171,3.1312347175040447,1406.4858031176145,217.51969239521057,0.008505358117553036,15.986013986013981,44.227972027972015,1049586776.8595039,11083633809.178696,4914977454.545455,5748609042.122021,4860545454.545455,54432000.0,11083633809.178696,38919749.64255056,274938.46602424246,satisfied,satisfied,violated,violated,satisfied,satisfied,violated,False
20260830-stress-fence:c0270,arm-grid-R-I,6.5,14500000.0,0.36,False,1.3,0.85,0.07,688.1382480306363,674.1859943235621,3.1312347175040447,1406.4858031176145,217.51969239521057,0.00792889508223731,16.556943056943055,45.80754245754245,1125896019.5648508,11368943661.178696,5088568363.636363,5953916507.912094,5034136363.636363,54432000.0,11368943661.178696,38919749.64255056,274938.46602424246,satisfied,satisfied,violated,violated,satisfied,satisfied,violated,False
20260830-stress-fence:c0271,arm-grid-R-I,6.5,15000000.0,0.36,False,1.3,0.85,0.07,704.3441167639384,690.0417236280072,3.1312347175040447,1406.4858031176145,217.51969239521057,0.007409111960179533,17.127872127872124,47.38711288711288,1204882779.558104,11654253513.178696,5262159272.727273,6159223973.702166,5207727272.727273,54432000.0,11654253513.178696,38919749.64255056,274938.46602424246,satisfied,satisfied,violated,violated,satisfied,satisfied,violated,False
20260830-stress-fence:c0272,arm-grid-R-I,6.5,15500000.0,0.36,False,1.3,0.85,0.07,720.5499854972404,705.8974529324523,3.1312347175040447,1406.4858031176145,217.51969239521057,0.006938814530865326,17.698801198801196,48.96668331668331,1286547056.8392646,11939563365.178696,5435750181.818182,6364531439.49224,5381318181.818182,54432000.0,11939563365.178696,38919749.64255056,274938.46602424246,satisfied,satisfied,violated,violated,satisfied,satisfied,violated,False
20260830-stress-fence:c0273,arm-grid-R-I,6.5,16000000.0,0.36,False,1.3,0.85,0.07,736.7558542305424,721.7531822368974,3.1312347175040447,1406.4858031176145,217.51969239521057,0.006511914808751544,18.269730269730264,50.546253746253726,1370888851.4083314,12224873217.178694,5609341090.90909,6569838905.282309,5554909090.90909,54432000.0,12224873217.178694,38919749.64255056,274938.46602424246,satisfied,satisfied,violated,violated,satisfied,satisfied,violated,False
20260830-stress-fence:c0274,arm-grid-R-I,6.5,16500000.0,0.36,False,1.3,0.85,0.07,752.9617229638444,737.6089115413425,3.1312347175040447,1406.4858031176145,217.51969239521057,0.006123233024941763,18.840659340659336,52.125824175824164,1457908163.265306,12510183069.178696,5782931999.999999,6775146371.072383,5728499999.999999,54432000.0,12510183069.178696,38919749.64255056,274938.46602424246,satisfied,satisfied,violated,violated,satisfied,satisfied,violated,False
20260830-stress-fence:c0275,arm-grid-R-I,6.5,17000000.0,0.36,False,1.3,0.85,0.07,769.1675916971466,753.4646408457876,3.1312347175040447,1406.4858031176145,217.51969239521057,0.005768339761385449,19.411588411588408,53.705394605394595,1547604992.4101872,12795492921.178696,5956522909.090909,6980453836.862454,5902090909.090909,54432000.0,12795492921.178696,38919749.64255056,274938.46602424246,satisfied,satisfied,violated,violated,satisfied,satisfied,violated,False
20260830-stress-fence:c0276,arm-grid-R-I,6.5,17500000.0,0.36,False,1.3,0.85,0.07,785.3734604304487,769.3203701502329,3.1312347175040447,1406.4858031176145,217.51969239521057,0.005443429195233943,19.982517482517476,55.28496503496502,1639979338.842975,13080802773.178698,6130113818.181818,7185761302.652526,6075681818.181818,54432000.0,13080802773.178698,38919749.64255056,274938.46602424246,satisfied,satisfied,violated,violated,satisfied,satisfied,violated,False
20260830-stress-fence:c0277,arm-grid-R-I,6.5,18000000.0,0.36,False,1.3,0.85,0.07,801.5793291637506,785.1760994546778,3.1312347175040447,1406.4858031176145,217.51969239521057,0.0051452166390135645,20.55344655344655,56.86453546453545,1735031202.56367,13366112625.178694,6303704727.272726,7391068768.4426,6249272727.272726,54432000.0,13366112625.178694,38919749.64255056,274938.46602424246,satisfied,satisfied,violated,violated,satisfied,satisfied,violated,False
20260830-stress-fence:c0278,arm-grid-R-I,6.5,18500000.0,0.36,False,1.3,0.85,0.07,817.7851978970526,801.0318287591231,3.1312347175040447,1406.4858031176145,217.51969239521057,0.004870855196611818,21.12437562437562,58.44410589410588,1832760583.5722716,13651422477.178696,6477295636.363637,7596376234.232673,6422863636.363637,54432000.0,13651422477.178696,38919749.64255056,274938.46602424246,satisfied,satisfied,violated,violated,satisfied,satisfied,violated,False
20260830-stress-fence:c0279,arm-grid-R-I,6.5,19000000.0,0.36,False,1.3,0.85,0.07,833.9910666303547,816.8875580635681,3.1312347175040447,1406.4858031176145,217.51969239521057,0.00461786756520885,21.695304695304692,60.02367632367631,1933167481.8687804,13936732329.178696,6650886545.454546,7801683700.022744,6596454545.454546,54432000.0,13936732329.178696,38919749.64255056,274938.46602424246,satisfied,satisfied,violated,violated,satisfied,satisfied,violated,False
20260830-stress-fence:c0280,arm-grid-R-I,6.5,19500000.0,0.36,False,1.3,0.85,0.07,850.1969353636567,832.7432873680132,3.1312347175040447,1406.4858031176145,217.51969239521057,0.004384089917265996,22.26623376623376,61.60324675324674,2036251897.4531958,14222042181.178696,6824477454.545454,8006991165.812815,6770045454.545454,54432000.0,14222042181.178696,38919749.64255056,274938.46602424246,satisfied,satisfied,violated,violated,satisfied,satisfied,violated,False
20260830-stress-fence:c0281,arm-grid-R-I,6.5,20000000.0,0.36,False,1.3,0.85,0.07,866.4028040969589,848.5990166724584,3.1312347175040447,1406.4858031176145,217.51969239521057,0.004167625477600987,22.837162837162833,63.18281718281717,2142013830.3255181,14507352033.178698,6998068363.636364,8212298631.602887,6943636363.636364,54432000.0,14507352033.178698,38919749.64255056,274938.46602424246,satisfied,satisfied,violated,violated,satisfied,satisfied,violated,False
20260830-stress-fence:c0282,arm-grid-R-I,6.5,20500000.0,0.36,False,1.3,0.85,0.07,882.6086728302608,864.4547459769035,3.1312347175040447,1406.4858031176145,217.51969239521057,0.003966805927520274,23.4080919080919,64.76238761238758,2250453280.4857473,14792661885.178696,7171659272.727274,8417606097.392961,7117227272.727274,54432000.0,14792661885.178696,38919749.64255056,274938.46602424246,satisfied,satisfied,violated,violated,satisfied,satisfied,violated,False
20260830-stress-fence:c0283,arm-grid-R-I,6.5,21000000.0,0.36,False,1.3,0.85,0.07,898.8145415635628,880.3104752813484,3.1312347175040447,1406.4858031176145,217.51969239521057,0.0037801591633569048,23.979020979020973,66.34195804195802,2361570247.9338837,15077971737.178694,7345250181.818181,8622913563.183033,7290818181.818181,54432000.0,15077971737.178694,38919749.64255056,274938.46602424246,satisfied,satisfied,violated,violated,satisfied,satisfied,violated,False
20260830-stress-fence:c0284,arm-grid-R-I,6.5,21500000.0,0.36,False,1.3,0.85,0.07,915.020410296865,896.1662045857937,3.1312347175040447,1406.4858031176145,217.51969239521057,0.0036063822412988533,24.549950049950045,67.92152847152846,2475364732.6699276,15363281589.178698,7518841090.909092,8828221028.973106,7464409090.909092,54432000.0,15363281589.178698,38919749.64255056,274938.46602424246,satisfied,satisfied,violated,violated,satisfied,satisfied,violated,False
20260830-stress-fence:c0285,arm-grid-R-I,6.5,22000000.0,0.36,False,1.3,0.85,0.07,931.2262790301669,912.0219338902386,3.1312347175040447,1406.4858031176145,217.51969239521057,0.003444318576529741,25.120879120879117,69.50109890109889,2591836734.693877,15648591441.178696,7692432000.0,9033528494.763178,7638000000.0,54432000.0,15648591441.178696,38919749.64255056,274938.46602424246,satisfied,satisfied,violated,violated,satisfied,satisfied,violated,False
20260830-stress-fence:c0286,arm-grid-R-I,6.5,22500000.0,0.36,False,1.3,0.85,0.07,947.432147763469,927.877663194684,3.1312347175040447,1406.4858031176145,217.51969239521057,0.0032929386489686805,25.69180819180819,71.08066933066932,2710986254.0057344,15933901293.178696,7866022909.090908,9238835960.55325,7811590909.090908,54432000.0,15933901293.178696,38919749.64255056,274938.46602424246,satisfied,satisfied,violated,violated,satisfied,satisfied,violated,False
20260830-stress-fence:c0287,arm-grid-R-I,6.5,23000000.0,0.36,False,1.3,0.85,0.07,963.6380164967715,943.7333924991293,3.1312347175040447,1406.4858031176145,217.51969239521057,0.00315132361255273,26.26273726273726,72.66023976023975,2832813290.6054983,16219211145.178701,8039613818.181819,9444143426.34332,7985181818.181819,54432000.0,16219211145.178701,38919749.64255056,274938.46602424246,satisfied,satisfied,violated,violated,satisfied,satisfied,violated,False
20260830-stress-fence:c0288,arm-grid-R-I,6.5,23500000.0,0.36,False,1.3,0.85,0.07,979.8438852300732,959.5891218035741,3.1312347175040447,1406.4858031176145,217.51969239521057,0.003018651319222082,26.833666333666326,74.23981018981017,2957317844.4931684,16504520997.178696,8213204727.272727,9649450892.133394,8158772727.272727,54432000.0,16504520997.178696,38919749.64255056,274938.46602424246,satisfied,satisfied,violated,violated,satisfied,satisfied,violated,False
20260830-stress-fence:c0289,arm-grid-R-I,6.5,24000000.0,0.36,False,1.3,0.85,0.07,996.0497539633751,975.4448511080192,3.1312347175040447,1406.4858031176145,217.51969239521057,0.00289418435944513,27.404595404595398,75.8193806193806,3084499915.668746,16789830849.178696,8386795636.363636,9854758357.923466,8332363636.363636,54432000.0,16789830849.178696,38919749.64255056,274938.46602424246,satisfied,satisfied,violated,violated,satisfied,satisfied,violated,False
20260830-stress-fence:c0290,arm-grid-R-I,6.5,24500000.0,0.36,False,1.3,0.85,0.07,1012.255622696677,991.3005804124642,3.1312347175040447,1406.4858031176145,217.51969239521057,0.0027772597934867054,27.97552447552447,77.39895104895103,3214359504.132231,17075140701.178694,8560386545.454545,10060065823.713537,8505954545.454545,54432000.0,17075140701.178694,38919749.64255056,274938.46602424246,satisfied,satisfied,violated,violated,satisfied,satisfied,violated,False
20260830-stress-fence:c0291,arm-grid-R-I,6.5,25000000.0,0.36,False,1.3,0.85,0.07,1028.4614914299793,1007.1563097169093,3.1312347175040447,1406.4858031176145,217.51969239521057,0.0026672803056646314,28.54645354645354,78.97852147852146,3346896609.8836226,17360450553.178696,8733977454.545454,10265373289.503613,8679545454.545454,54432000.0,17360450553.178696,38919749.64255056,274938.46602424246,satisfied,satisfied,violated,violated,satisfied,satisfied,violated,False
20260830-stress-fence:c0292,arm-grid-R-I,6.5,25500000.0,0.36,False,1.3,0.85,0.07,1044.667360163281,1023.0120390213543,3.1312347175040447,1406.4858031176145,217.51969239521057,0.0025637065606157554,29.11738261738261,80.55809190809188,3482111232.92292,17645760405.17869,8907568363.636362,10470680755.293682,8853136363.636362,54432000.0,17645760405.17869,38919749.64255056,274938.46602424246,satisfied,satisfied,violated,violated,satisfied,satisfied,violated,False
20260830-stress-fence:c0293,arm-grid-R-I,6.5,26000000.0,0.36,False,1.3,0.85,0.07,1060.8732288965832,1038.8677683257997,3.1312347175040447,1406.4858031176145,217.51969239521057,0.0024660505784621224,29.688311688311682,82.13766233766232,3620003373.250126,17931070257.178696,9081159272.727274,10675988221.083755,9026727272.727274,54432000.0,17931070257.178696,38919749.64255056,274938.46602424246,satisfied,satisfied,violated,violated,satisfied,satisfied,violated,False
20260830-stress-fence:c0294,arm-grid-R-I,7.0,2000000.0,0.36,False,1.3,0.85,0.07,256.53647399737173,251.8518585357576,3.131234717504045,1514.6770187420468,234.25197642561145,0.48334591337857596,2.120593692022263,5.866975881261594,19890128.42445124,4436797665.977483,748795636.3636363,821229863.1602889,694363636.3636363,54432000.0,4436797665.977483,42849567.38484541,296087.57879533817,violated,satisfied,satisfied,violated,satisfied,satisfied,satisfied,False
20260830-stress-fence:c0295,arm-grid-R-I,7.0,2500000.0,0.36,False,1.3,0.85,0.07,270.4793507997686,265.49348947466166,3.131234717504045,1514.6770187420468,234.25197642561145,0.30934138456228855,2.650742115027829,7.333719851576994,31078325.663205072,4722107517.977483,922386545.4545455,1026537328.9503613,867954545.4545455,54432000.0,4722107517.977483,42849567.38484541,296087.57879533817,violated,satisfied,satisfied,violated,satisfied,satisfied,satisfied,False
20260830-stress-fence:c0296,arm-grid-R-I,7.0,3000000.0,0.36,False,1.3,0.85,0.07,284.4222276021655,279.1351204135658,3.131234717504045,1514.6770187420468,234.25197642561145,0.2148204059460338,3.1808905380333945,8.800463821892391,44752788.955015294,5007417369.977482,1095977454.5454545,1231844794.7404332,1041545454.5454545,54432000.0,5007417369.977482,42849567.38484541,296087.57879533817,violated,satisfied,satisfied,violated,satisfied,satisfied,satisfied,False
20260830-stress-fence:c0297,arm-grid-R-I,7.0,3500000.0,0.36,False,1.3,0.85,0.07,298.36510440456243,292.77675135247,3.131234717504045,1514.6770187420468,234.25197642561145,0.15782723702157583,3.7110389610389602,10.26720779220779,60913518.29988193,5292727221.977484,1269568363.6363637,1437152260.5305057,1215136363.6363637,54432000.0,5292727221.977484,42849567.38484541,296087.57879533817,violated,satisfied,satisfied,violated,satisfied,satisfied,satisfied,False
20260830-stress-fence:c0298,arm-grid-R-I,7.0,4000000.0,0.36,False,1.3,0.85,0.07,312.30798120695925,306.41838229137414,3.131234717504045,1514.6770187420468,234.25197642561145,0.12083647834464399,4.241187384044526,11.733951762523189,79560513.69780496,5578037073.977483,1443159272.7272725,1642459726.3205779,1388727272.7272725,54432000.0,5578037073.977483,42849567.38484541,296087.57879533817,violated,satisfied,satisfied,violated,satisfied,satisfied,satisfied,False
20260830-stress-fence:c0299,arm-grid-R-I,7.0,4500000.0,0.36,False,1.3,0.85,0.07,326.2508580093563,320.0600132302783,3.131234717504045,1514.6770187420468,234.25197642561145,0.095475735976015,4.771335807050092,13.200695732838588,100693775.14878441,5863346925.977484,1616750181.8181815,1847767192.11065,1562318181.8181815,54432000.0,5863346925.977484,42849567.38484541,296087.57879533817,violated,satisfied,satisfied,violated,satisfied,satisfied,satisfied,False
20260830-stress-fence:c0300,arm-grid-R-I,7.0,5000000.0,0.36,False,1.3,0.85,0.07,340.19373481175313,333.70164416918243,3.131234717504045,1514.6770187420468,234.25197642561145,0.07733534614057214,5.301484230055658,14.667439703153988,124313302.65282029,6148656777.977484,1790341090.909091,2053074657.9007225,1735909090.909091,54432000.0,6148656777.977484,42849567.38484541,296087.57879533817,violated,satisfied,satisfied,violated,satisfied,satisfied,satisfied,False
20260830-stress-fence:c0301,arm-grid-R-I,7.0,5500000.0,0.36,False,1.3,0.85,0.07,354.1366116141501,347.34327510808663,3.131234717504045,1514.6770187420468,234.25197642561145,0.06391350920708441,5.831632653061224,16.134183673469384,150419096.20991254,6433966629.977485,1963932000.0,2258382123.6907945,1909500000.0,54432000.0,6433966629.977485,42849567.38484541,296087.57879533817,violated,satisfied,satisfied,violated,satisfied,satisfied,satisfied,False
20260830-stress-fence:c0302,arm-grid-R-I,7.0,6000000.0,0.36,False,1.3,0.85,0.07,368.07948841654695,360.9849060469908,3.131234717504045,1514.6770187420468,234.25197642561145,0.05370510148650845,6.361781076066789,17.600927643784782,179011155.82006118,6719276481.977485,2137522909.090909,2463689589.4808664,2083090909.090909,54432000.0,6719276481.977485,42849567.38484541,296087.57879533817,violated,satisfied,satisfied,violated,satisfied,satisfied,satisfied,False
20260830-stress-fence:c0303,arm-grid-R-I,7.0,6500000.0,0.36,False,1.3,0.85,0.07,382.0223652189439,374.6265369858949,3.131234717504045,1514.6770187420468,234.25197642561145,0.045760559846492396,6.891929499072355,19.06767161410018,210089481.48326623,7004586333.977485,2311113818.1818185,2668997055.270939,2256681818.1818185,54432000.0,7004586333.977485,42849567.38484541,296087.57879533817,satisfied,satisfied,satisfied,violated,satisfied,satisfied,satisfied,False
20260830-stress-fence:c0304,arm-grid-R-I,7.0,7000000.0,0.36,False,1.3,0.85,0.07,395.9652420213408,388.26816792479906,3.131234717504045,1514.6770187420468,234.25197642561145,0.03945680925539396,7.4220779220779205,20.53441558441558,243654073.1995277,7289896185.977485,2484704727.2727275,2874304521.0610113,2430272727.2727275,54432000.0,7289896185.977485,42849567.38484541,296087.57879533817,satisfied,satisfied,satisfied,violated,satisfied,satisfied,satisfied,False
20260830-stress-fence:c0305,arm-grid-R-I,7.0,7500000.0,0.36,False,1.3,0.85,0.07,409.9081188237376,401.90979886370314,3.131234717504045,1514.6770187420468,234.25197642561145,0.0343712649513654,7.952226345083487,22.00115955473098,279704930.96884555,7575206037.977485,2658295636.3636365,3079611986.851083,2603863636.3636365,54432000.0,7575206037.977485,42849567.38484541,296087.57879533817,satisfied,satisfied,satisfied,violated,satisfied,satisfied,satisfied,False
20260830-stress-fence:c0306,arm-grid-R-I,7.0,8000000.0,0.36,False,1.3,0.85,0.07,423.85099562613453,415.5514298026073,3.131234717504045,1514.6770187420468,234.25197642561145,0.030209119586160998,8.482374768089052,23.467903525046378,318242054.79121983,7860515889.977484,2831886545.454545,3284919452.6411557,2777454545.454545,54432000.0,7860515889.977484,42849567.38484541,296087.57879533817,satisfied,satisfied,satisfied,violated,satisfied,satisfied,satisfied,False
20260830-stress-fence:c0307,arm-grid-R-I,7.0,8500000.0,0.36,False,1.3,0.85,0.07,437.7938724285315,429.19306074151143,3.131234717504045,1514.6770187420468,234.25197642561145,0.026759635342758523,9.012523191094619,24.93464749536178,359265444.66665065,8145825741.977485,3005477454.5454545,3490226918.431227,2951045454.5454545,54432000.0,8145825741.977485,42849567.38484541,296087.57879533817,satisfied,satisfied,violated,violated,satisfied,satisfied,satisfied,False
20260830-stress-fence:c0308,arm-grid-R-I,7.0,9000000.0,0.36,False,1.3,0.85,0.07,451.7367492309283,442.8346916804155,3.131234717504045,1514.6770187420468,234.25197642561145,0.02386893399400375,9.542671614100184,26.401391465677175,402775100.59513766,8431135593.977482,3179068363.636363,3695534384.2213,3124636363.636363,54432000.0,8431135593.977482,42849567.38484541,296087.57879533817,satisfied,satisfied,violated,violated,satisfied,satisfied,satisfied,False
20260830-stress-fence:c0309,arm-grid-R-I,7.0,9500000.0,0.36,False,1.3,0.85,0.07,465.67962603332523,456.4763226193197,3.131234717504045,1514.6770187420468,234.25197642561145,0.021422533556945192,10.07282003710575,27.868135435992574,448771022.57668114,8716445445.977484,3352659272.727273,3900841850.011372,3298227272.727273,54432000.0,8716445445.977484,42849567.38484541,296087.57879533817,satisfied,satisfied,violated,violated,satisfied,satisfied,satisfied,False
20260830-stress-fence:c0310,arm-grid-R-I,7.0,10000000.0,0.36,False,1.3,0.85,0.07,479.62250283572234,470.11795355822403,3.131234717504045,1514.6770187420468,234.25197642561145,0.019333836535143034,10.602968460111317,29.334879406307977,497253210.61128116,9001755297.977488,3526250181.818182,4106149315.801445,3471818181.818182,54432000.0,9001755297.977488,42849567.38484541,296087.57879533817,satisfied,satisfied,violated,violated,satisfied,satisfied,satisfied,False
20260830-stress-fence:c0311,arm-grid-R-I,7.0,10500000.0,0.36,False,1.3,0.85,0.07,493.56537963811917,483.75958449712806,3.131234717504045,1514.6770187420468,234.25197642561145,0.01753635966906398,11.133116883116882,30.801623376623372,548221664.6989374,9287065149.977486,3699841090.9090905,4311456781.591517,3645409090.9090905,54432000.0,9287065149.977486,42849567.38484541,296087.57879533817,satisfied,satisfied,violated,violated,satisfied,satisfied,satisfied,False
20260830-stress-fence:c0312,arm-grid-R-I,7.0,11000000.0,0.36,False,1.3,0.85,0.07,507.508256440516,497.40121543603215,3.131234717504045,1514.6770187420468,234.25197642561145,0.015978377301771103,11.663265306122447,32.26836734693877,601676384.8396502,9572375001.977486,3873432000.0,4516764247.381589,3819000000.0,54432000.0,9572375001.977486,42849567.38484541,296087.57879533817,satisfied,satisfied,violated,violated,satisfied,satisfied,satisfied,False
20260830-stress-fence:c0313,arm-grid-R-I,7.0,11500000.0,0.36,False,1.3,0.85,0.07,521.451133242913,511.04284637493635,3.131234717504045,1514.6770187420468,234.25197642561145,0.014619158060599647,12.193413729128014,33.73511131725417,657617371.0334193,9857684853.977488,4047022909.0909095,4722071713.171661,3992590909.0909095,54432000.0,9857684853.977488,42849567.38484541,296087.57879533817,satisfied,satisfied,violated,violated,satisfied,satisfied,satisfied,False
20260830-stress-fence:c0314,arm-grid-R-I,7.0,12000000.0,0.36,False,1.3,0.85,0.07,535.3940100453099,524.6844773138404,3.131234717504045,1514.6770187420468,234.25197642561145,0.013426275371627112,12.723562152133578,35.201855287569565,716044623.2802447,10142994705.977486,4220613818.181818,4927379178.961733,4166181818.181818,54432000.0,10142994705.977486,42849567.38484541,296087.57879533817,satisfied,satisfied,violated,violated,satisfied,satisfied,satisfied,False
20260830-stress-fence:c0315,arm-grid-R-I,7.0,12500000.0,0.36,False,1.3,0.85,0.07,549.3368868477068,538.3261082527446,3.131234717504045,1514.6770187420468,234.25197642561145,0.012373655382491543,13.253710575139145,36.66859925788497,776958141.5801268,10428304557.977486,4394204727.272727,5132686644.751806,4339772727.272727,54432000.0,10428304557.977486,42849567.38484541,296087.57879533817,satisfied,satisfied,violated,violated,satisfied,satisfied,satisfied,False
20260830-stress-fence:c0316,arm-grid-R-I,7.0,13000000.0,0.36,False,1.3,0.85,0.07,563.2797636501036,551.9677391916487,3.131234717504045,1514.6770187420468,234.25197642561145,0.011440139961623099,13.78385899814471,38.13534322820036,840357925.9330649,10713614409.977488,4567795636.363637,5337994110.541878,4513363636.363637,54432000.0,10713614409.977488,42849567.38484541,296087.57879533817,satisfied,satisfied,violated,violated,satisfied,satisfied,violated,False
20260830-stress-fence:c0317,arm-grid-R-I,7.0,13500000.0,0.36,False,1.3,0.85,0.07,577.2226404525006,565.6093701305527,3.131234717504045,1514.6770187420468,234.25197642561145,0.01060841510844611,14.314007421150277,39.60208719851577,906243976.33906,10998924261.977486,4741386545.454545,5543301576.33195,4686954545.454545,54432000.0,10998924261.977486,42849567.38484541,296087.57879533817,satisfied,satisfied,violated,violated,satisfied,satisfied,violated,False
20260830-stress-fence:c0318,arm-grid-R-I,7.0,14000000.0,0.36,False,1.3,0.85,0.07,591.1655172548975,579.2510010694571,3.131234717504045,1514.6770187420468,234.25197642561145,0.00986420231384849,14.844155844155841,41.06883116883116,974616292.7981108,11284234113.977488,4914977454.545455,5748609042.122023,4860545454.545455,54432000.0,11284234113.977488,42849567.38484541,296087.57879533817,satisfied,satisfied,violated,violated,satisfied,satisfied,violated,False
20260830-stress-fence:c0319,arm-grid-R-I,7.0,14500000.0,0.36,False,1.3,0.85,0.07,605.1083940572945,592.8926320083611,3.131234717504045,1514.6770187420468,234.25197642561145,0.009195641633837353,15.374304267161408,42.53557513914656,1045474875.3102186,11569543965.977488,5088568363.636363,5953916507.912094,5034136363.636363,54432000.0,11569543965.977488,42849567.38484541,296087.57879533817,satisfied,satisfied,violated,violated,satisfied,satisfied,violated,False
20260830-stress-fence:c0320,arm-grid-R-I,7.0,15000000.0,0.36,False,1.3,0.85,0.07,619.0512708596913,606.5342629472652,3.131234717504045,1514.6770187420468,234.25197642561145,0.00859281623784135,15.904452690166973,44.00231910946196,1118819723.8753822,11854853817.977488,5262159272.727273,6159223973.702166,5207727272.727273,54432000.0,11854853817.977488,42849567.38484541,296087.57879533817,satisfied,satisfied,violated,violated,satisfied,satisfied,violated,False
20260830-stress-fence:c0321,arm-grid-R-I,7.0,15500000.0,0.36,False,1.3,0.85,0.07,632.9941476620883,620.1758938861694,3.131234717504045,1514.6770187420468,234.25197642561145,0.00804738253283789,16.43460111317254,45.469063079777364,1194650838.493603,12140163669.97749,5435750181.818182,6364531439.49224,5381318181.818182,54432000.0,12140163669.97749,42849567.38484541,296087.57879533817,satisfied,satisfied,violated,violated,satisfied,satisfied,violated,False
20260830-stress-fence:c0322,arm-grid-R-I,7.0,16000000.0,0.36,False,1.3,0.85,0.07,646.9370244644851,633.8175248250735,3.131234717504045,1514.6770187420468,234.25197642561145,0.0075522798965402494,16.964749536178104,46.935807050092755,1272968219.1648793,12425473521.977488,5609341090.90909,6569838905.282311,5554909090.90909,54432000.0,12425473521.977488,42849567.38484541,296087.57879533817,satisfied,satisfied,violated,violated,satisfied,satisfied,violated,False
20260830-stress-fence:c0323,arm-grid-R-I,7.0,16500000.0,0.36,False,1.3,0.85,0.07,660.8799012668819,647.4591557639775,3.131234717504045,1514.6770187420468,234.25197642561145,0.00710150102300938,17.49489795918367,48.402551020408154,1353771865.8892126,12710783373.977486,5782931999.999999,6775146371.072383,5728499999.999999,54432000.0,12710783373.977486,42849567.38484541,296087.57879533817,satisfied,satisfied,violated,violated,satisfied,satisfied,violated,False
20260830-stress-fence:c0324,arm-grid-R-I,7.0,17000000.0,0.36,False,1.3,0.85,0.07,674.8227780692789,661.1007867028817,3.131234717504045,1514.6770187420468,234.25197642561145,0.006689908835689631,18.025046382189238,49.86929499072356,1437061778.6666026,12996093225.977486,5956522909.090909,6980453836.862454,5902090909.090909,54432000.0,12996093225.977486,42849567.38484541,296087.57879533817,satisfied,satisfied,violated,violated,satisfied,satisfied,violated,False
20260830-stress-fence:c0325,arm-grid-R-I,7.0,17500000.0,0.36,False,1.3,0.85,0.07,688.7656548716759,674.742417641786,3.131234717504045,1514.6770187420468,234.25197642561145,0.006313089480863033,18.5551948051948,51.33603896103895,1522837957.4970481,13281403077.977488,6130113818.181818,7185761302.652526,6075681818.181818,54432000.0,13281403077.977488,42849567.38484541,296087.57879533817,satisfied,satisfied,violated,violated,satisfied,satisfied,violated,False
20260830-stress-fence:c0326,arm-grid-R-I,7.0,18000000.0,0.36,False,1.3,0.85,0.07,702.7085316740726,688.3840485806901,3.131234717504045,1514.6770187420468,234.25197642561145,0.005967233498500937,19.08534322820037,52.80278293135435,1611100402.3805506,13566712929.977486,6303704727.272726,7391068768.4426,6249272727.272726,54432000.0,13566712929.977486,42849567.38484541,296087.57879533817,satisfied,satisfied,violated,violated,satisfied,satisfied,violated,False
20260830-stress-fence:c0327,arm-grid-R-I,7.0,18500000.0,0.36,False,1.3,0.85,0.07,716.6514084764698,702.0256795195943,3.131234717504045,1514.6770187420468,234.25197642561145,0.005649039162934417,19.615491651205932,54.26952690166974,1701849113.317109,13852022781.97749,6477295636.363637,7596376234.232672,6422863636.363637,54432000.0,13852022781.97749,42849567.38484541,296087.57879533817,satisfied,satisfied,violated,violated,satisfied,satisfied,violated,False
20260830-stress-fence:c0328,arm-grid-R-I,7.0,19000000.0,0.36,False,1.3,0.85,0.07,730.5942852788668,715.6673104584987,3.131234717504045,1514.6770187420468,234.25197642561145,0.005355633389236298,20.1456400742115,55.73627087198515,1795084090.3067245,14137332633.977493,6650886545.454546,7801683700.022744,6596454545.454546,54432000.0,14137332633.977493,42849567.38484541,296087.57879533817,satisfied,satisfied,violated,violated,satisfied,satisfied,violated,False
20260830-stress-fence:c0329,arm-grid-R-I,7.0,19500000.0,0.36,False,1.3,0.85,0.07,744.5371620812634,729.3089413974027,3.131234717504045,1514.6770187420468,234.25197642561145,0.005084506649610266,20.675788497217066,57.20301484230055,1890805333.3493965,14422642485.97749,6824477454.545454,8006991165.812818,6770045454.545454,54432000.0,14422642485.97749,42849567.38484541,296087.57879533817,satisfied,satisfied,violated,violated,satisfied,satisfied,violated,False
20260830-stress-fence:c0330,arm-grid-R-I,7.0,20000000.0,0.36,False,1.3,0.85,0.07,758.4800388836604,742.9505723363068,3.131234717504045,1514.6770187420468,234.25197642561145,0.0048334591337857585,21.205936920222634,58.66975881261595,1989012842.4451246,14707952337.97749,6998068363.636364,8212298631.60289,6943636363.636364,54432000.0,14707952337.97749,42849567.38484541,296087.57879533817,satisfied,satisfied,violated,violated,satisfied,satisfied,violated,False
20260830-stress-fence:c0331,arm-grid-R-I,7.0,20500000.0,0.36,False,1.3,0.85,0.07,772.4229156860574,756.592203275211,3.131234717504045,1514.6770187420468,234.25197642561145,0.004600555986946589,21.736085343228197,60.136502782931345,2089706617.5939088,14993262189.977493,7171659272.727274,8417606097.3929615,7117227272.727274,54432000.0,14993262189.977493,42849567.38484541,296087.57879533817,satisfied,satisfied,violated,violated,satisfied,satisfied,violated,False
20260830-stress-fence:c0332,arm-grid-R-I,7.0,21000000.0,0.36,False,1.3,0.85,0.07,786.3657924884543,770.233834214115,3.131234717504045,1514.6770187420468,234.25197642561145,0.004384089917265995,22.266233766233764,61.603246753246744,2192886658.7957497,15278572041.97749,7345250181.818181,8622913563.183035,7290818181.818181,54432000.0,15278572041.97749,42849567.38484541,296087.57879533817,satisfied,satisfied,violated,violated,satisfied,satisfied,violated,False
20260830-stress-fence:c0333,arm-grid-R-I,7.0,21500000.0,0.36,False,1.3,0.85,0.07,800.3086692908513,783.8754651530194,3.131234717504045,1514.6770187420468,234.25197642561145,0.004182549818311096,22.796382189239328,63.069990723562135,2298552966.0506463,15563881893.977493,7518841090.909092,8828221028.973106,7464409090.909092,54432000.0,15563881893.977493,42849567.38484541,296087.57879533817,satisfied,satisfied,violated,violated,satisfied,satisfied,violated,False
20260830-stress-fence:c0334,arm-grid-R-I,7.0,22000000.0,0.36,False,1.3,0.85,0.07,814.2515460932481,797.5170960919235,3.131234717504045,1514.6770187420468,234.25197642561145,0.003994594325442776,23.326530612244895,64.53673469387753,2406705539.3586006,15849191745.977493,7692432000.0,9033528494.763178,7638000000.0,54432000.0,15849191745.977493,42849567.38484541,296087.57879533817,satisfied,satisfied,violated,violated,satisfied,satisfied,violated,False
20260830-stress-fence:c0335,arm-grid-R-I,7.0,22500000.0,0.36,False,1.3,0.85,0.07,828.1944228956448,811.1587270308273,3.131234717504045,1514.6770187420468,234.25197642561145,0.0038190294390405993,23.856679035250462,66.00347866419294,2517344378.71961,16134501597.977488,7866022909.090908,9238835960.553251,7811590909.090908,54432000.0,16134501597.977488,42849567.38484541,296087.57879533817,satisfied,satisfied,violated,violated,satisfied,satisfied,violated,False
20260830-stress-fence:c0336,arm-grid-R-I,7.0,23000000.0,0.36,False,1.3,0.85,0.07,842.1372996980419,824.8003579697316,3.131234717504045,1514.6770187420468,234.25197642561145,0.0036547895151499117,24.38682745825603,67.47022263450835,2630469484.133677,16419811449.977493,8039613818.181819,9444143426.343323,7985181818.181819,54432000.0,16419811449.977493,42849567.38484541,296087.57879533817,satisfied,satisfied,violated,violated,satisfied,satisfied,violated,False
20260830-stress-fence:c0337,arm-grid-R-I,7.0,23500000.0,0.36,False,1.3,0.85,0.07,856.0801765004387,838.4419889086356,3.131234717504045,1514.6770187420468,234.25197642561145,0.0035009210566125924,24.91697588126159,68.93696660482372,2746080855.600799,16705121301.97749,8213204727.272727,9649450892.133392,8158772727.272727,54432000.0,16705121301.97749,42849567.38484541,296087.57879533817,satisfied,satisfied,violated,violated,satisfied,satisfied,violated,False
20260830-stress-fence:c0338,arm-grid-R-I,7.0,24000000.0,0.36,False,1.3,0.85,0.07,870.0230533028356,852.0836198475398,3.131234717504045,1514.6770187420468,234.25197642561145,0.003356568842906778,25.447124304267156,70.40371057513913,2864178493.120979,16990431153.97749,8386795636.363636,9854758357.923466,8332363636.363636,54432000.0,16990431153.97749,42849567.38484541,296087.57879533817,satisfied,satisfied,violated,violated,satisfied,satisfied,violated,False
20260830-stress-fence:c0339,arm-grid-R-I,7.0,24500000.0,0.36,False,1.3,0.85,0.07,883.9659301052325,865.7252507864441,3.131234717504045,1514.6770187420468,234.25197642561145,0.0032209640208484863,25.977272727272723,71.87045454545454,2984762396.694215,17275741005.97749,8560386545.454545,10060065823.71354,8505954545.454545,54432000.0,17275741005.97749,42849567.38484541,296087.57879533817,satisfied,satisfied,violated,violated,satisfied,satisfied,violated,False
20260830-stress-fence:c0340,arm-grid-R-I,7.0,25000000.0,0.36,False,1.3,0.85,0.07,897.9088069076295,879.3668817253482,3.131234717504045,1514.6770187420468,234.25197642561145,0.0030934138456228857,26.50742115027829,73.33719851576994,3107832566.320507,17561050857.97749,8733977454.545454,10265373289.503613,8679545454.545454,54432000.0,17561050857.97749,42849567.38484541,296087.57879533817,satisfied,satisfied,violated,violated,satisfied,satisfied,violated,False
20260830-stress-fence:c0341,arm-grid-R-I,7.0,25500000.0,0.36,False,1.3,0.85,0.07,911.8516837100261,893.0085126642522,3.131234717504045,1514.6770187420468,234.25197642561145,0.002973292815862059,27.037569573283854,74.80394248608533,3233389001.999855,17846360709.977486,8907568363.636362,10470680755.293682,8853136363.636362,54432000.0,17846360709.977486,42849567.38484541,296087.57879533817,satisfied,satisfied,violated,violated,satisfied,satisfied,violated,False
20260830-stress-fence:c0342,arm-grid-R-I,7.0,26000000.0,0.36,False,1.3,0.85,0.07,925.7945605124232,906.6501436031564,3.131234717504045,1514.6770187420468,234.25197642561145,0.0028600349904057748,27.56771799628942,76.27068645640072,3361431703.7322598,18131670561.97749,9081159272.727274,10675988221.083755,9026727272.727274,54432000.0,18131670561.97749,42849567.38484541,296087.57879533817,satisfied,satisfied,violated,violated,satisfied,satisfied,violated,False
20260830-stress-fence:c0343,arm-grid-R-I,7.5,2000000.0,0.36,False,1.3,0.85,0.07,236.66205473886654,232.36290380549713,3.1312347175040447,1622.8682343664784,250.9842604560122,0.5548613801539775,1.979220779220779,5.475844155844155,18564119.862821158,4640301044.486267,748795636.3636363,821229863.1602889,694363636.3636363,54432000.0,4640301044.486267,46921818.817084454,317236.6915664337,violated,satisfied,satisfied,violated,satisfied,satisfied,satisfied,False
20260830-stress-fence:c0344,arm-grid-R-I,7.5,2500000.0,0.36,False,1.3,0.85,0.07,248.896509009354,244.33302390784198,3.1312347175040447,1622.8682343664784,250.9842604560122,0.3551112832985455,2.474025974025974,6.844805194805194,29006437.285658065,4925610896.486267,922386545.4545455,1026537328.9503613,867954545.4545455,54432000.0,4925610896.486267,46921818.817084454,317236.6915664337,violated,satisfied,satisfied,violated,satisfied,satisfied,satisfied,False
20260830-stress-fence:c0345,arm-grid-R-I,7.5,3000000.0,0.36,False,1.3,0.85,0.07,261.1309632798414,256.3031440101868,3.1312347175040447,1622.8682343664784,250.9842604560122,0.24660505784621217,2.968831168831169,8.213766233766233,41769269.691347614,5210920748.486267,1095977454.5454545,1231844794.7404337,1041545454.5454545,54432000.0,5210920748.486267,46921818.817084454,317236.6915664337,violated,satisfied,satisfied,violated,satisfied,satisfied,satisfied,False
20260830-stress-fence:c0346,arm-grid-R-I,7.5,3500000.0,0.36,False,1.3,0.85,0.07,273.3654175503288,268.2732641125317,3.1312347175040447,1622.8682343664784,250.9842604560122,0.1811792261727273,3.4636363636363634,9.582727272727272,56852617.079889804,5496230600.486267,1269568363.6363637,1437152260.5305057,1215136363.6363637,54432000.0,5496230600.486267,46921818.817084454,317236.6915664337,violated,satisfied,satisfied,violated,satisfied,satisfied,satisfied,False
20260830-stress-fence:c0347,arm-grid-R-I,7.5,4000000.0,0.36,False,1.3,0.85,0.07,285.5998718208162,280.2433842148765,3.1312347175040447,1622.8682343664784,250.9842604560122,0.13871534503849436,3.958441558441558,10.95168831168831,74256479.45128463,5781540452.486267,1443159272.7272725,1642459726.3205779,1388727272.7272725,54432000.0,5781540452.486267,46921818.817084454,317236.6915664337,violated,satisfied,satisfied,violated,satisfied,satisfied,satisfied,False
20260830-stress-fence:c0348,arm-grid-R-I,7.5,4500000.0,0.36,False,1.3,0.85,0.07,297.83432609130364,292.2135043172214,3.1312347175040447,1622.8682343664784,250.9842604560122,0.10960224793164985,4.453246753246753,12.320649350649349,93980856.80553211,6066850304.486267,1616750181.8181815,1847767192.11065,1562318181.8181815,54432000.0,6066850304.486267,46921818.817084454,317236.6915664337,violated,satisfied,satisfied,violated,satisfied,satisfied,satisfied,False
20260830-stress-fence:c0349,arm-grid-R-I,7.5,5000000.0,0.36,False,1.3,0.85,0.07,310.068780361791,304.18362441956623,3.1312347175040447,1622.8682343664784,250.9842604560122,0.08877782082463638,4.948051948051948,13.689610389610388,116025749.14263226,6352160156.486267,1790341090.909091,2053074657.9007225,1735909090.909091,54432000.0,6352160156.486267,46921818.817084454,317236.6915664337,violated,satisfied,satisfied,violated,satisfied,satisfied,satisfied,False
20260830-stress-fence:c0350,arm-grid-R-I,7.5,5500000.0,0.36,False,1.3,0.85,0.07,322.3032346322785,316.15374452191105,3.1312347175040447,1622.8682343664784,250.9842604560122,0.0733700998550714,5.442857142857142,15.058571428571426,140391156.46258503,6637470008.486267,1963932000.0,2258382123.6907945,1909500000.0,54432000.0,6637470008.486267,46921818.817084454,317236.6915664337,violated,satisfied,satisfied,violated,satisfied,satisfied,satisfied,False
20260830-stress-fence:c0351,arm-grid-R-I,7.5,6000000.0,0.36,False,1.3,0.85,0.07,334.53768890276586,328.123864624256,3.1312347175040447,1622.8682343664784,250.9842604560122,0.06165126446155304,5.937662337662338,16.427532467532465,167077078.76539046,6922779860.486267,2137522909.090909,2463689589.4808674,2083090909.090909,54432000.0,6922779860.486267,46921818.817084454,317236.6915664337,violated,satisfied,satisfied,violated,satisfied,satisfied,satisfied,False
20260830-stress-fence:c0352,arm-grid-R-I,7.5,6500000.0,0.36,False,1.3,0.85,0.07,346.7721431732533,340.0939847266008,3.1312347175040447,1622.8682343664784,250.9842604560122,0.05253125492582034,6.432467532467532,17.796493506493505,196083516.05104852,7208089712.486267,2311113818.1818185,2668997055.2709394,2256681818.1818185,54432000.0,7208089712.486267,46921818.817084454,317236.6915664337,violated,satisfied,satisfied,violated,satisfied,satisfied,satisfied,False
20260830-stress-fence:c0353,arm-grid-R-I,7.5,7000000.0,0.36,False,1.3,0.85,0.07,359.00659744374065,352.06410482894563,3.1312347175040447,1622.8682343664784,250.9842604560122,0.045294806543181826,6.927272727272727,19.165454545454544,227410468.31955922,7493399564.486267,2484704727.2727275,2874304521.0610113,2430272727.2727275,54432000.0,7493399564.486267,46921818.817084454,317236.6915664337,satisfied,satisfied,satisfied,violated,satisfied,satisfied,satisfied,False
20260830-stress-fence:c0354,arm-grid-R-I,7.5,7500000.0,0.36,False,1.3,0.85,0.07,371.24105171422815,364.0342249312906,3.1312347175040447,1622.8682343664784,250.9842604560122,0.03945680925539395,7.422077922077921,20.534415584415584,261057935.57092258,7778709416.486268,2658295636.3636365,3079611986.851083,2603863636.3636365,54432000.0,7778709416.486268,46921818.817084454,317236.6915664337,satisfied,satisfied,satisfied,violated,satisfied,satisfied,satisfied,False
20260830-stress-fence:c0355,arm-grid-R-I,7.5,8000000.0,0.36,False,1.3,0.85,0.07,383.4755059847154,376.00434503363533,3.1312347175040447,1622.8682343664784,250.9842604560122,0.03467883625962359,7.916883116883116,21.90337662337662,297025917.8051385,8064019268.486265,2831886545.454545,3284919452.6411557,2777454545.454545,54432000.0,8064019268.486265,46921818.817084454,317236.6915664337,satisfied,satisfied,satisfied,violated,satisfied,satisfied,satisfied,False
20260830-stress-fence:c0356,arm-grid-R-I,7.5,8500000.0,0.36,False,1.3,0.85,0.07,395.70996025520293,387.9744651359803,3.1312347175040447,1622.8682343664784,250.9842604560122,0.030718969143472784,8.411688311688312,23.272337662337662,335314415.02220726,8349329120.486267,3005477454.5454545,3490226918.4312286,2951045454.5454545,54432000.0,8349329120.486267,46921818.817084454,317236.6915664337,satisfied,satisfied,satisfied,violated,satisfied,satisfied,satisfied,False
20260830-stress-fence:c0357,arm-grid-R-I,7.5,9000000.0,0.36,False,1.3,0.85,0.07,407.94441452569026,399.9445852383251,3.1312347175040447,1622.8682343664784,250.9842604560122,0.027400561982912464,8.906493506493506,24.641298701298698,375923427.22212845,8634638972.486265,3179068363.636363,3695534384.2213,3124636363.636363,54432000.0,8634638972.486265,46921818.817084454,317236.6915664337,satisfied,satisfied,satisfied,violated,satisfied,satisfied,satisfied,False
20260830-stress-fence:c0358,arm-grid-R-I,7.5,9500000.0,0.36,False,1.3,0.85,0.07,420.17886879617765,411.9147053406699,3.1312347175040447,1622.8682343664784,250.9842604560122,0.0245921941342483,9.401298701298701,26.01025974025974,418852954.40490246,8919948824.486265,3352659272.727273,3900841850.0113735,3298227272.727273,54432000.0,8919948824.486265,46921818.817084454,317236.6915664337,satisfied,satisfied,violated,violated,satisfied,satisfied,satisfied,False
20260830-stress-fence:c0359,arm-grid-R-I,7.5,10000000.0,0.36,False,1.3,0.85,0.07,432.41332306666516,423.8848254430148,3.1312347175040447,1622.8682343664784,250.9842604560122,0.022194455206159095,9.896103896103895,27.379220779220777,464102996.57052904,9205258676.486265,3526250181.818182,4106149315.801445,3471818181.818182,54432000.0,9205258676.486265,46921818.817084454,317236.6915664337,satisfied,satisfied,violated,violated,satisfied,satisfied,satisfied,False
20260830-stress-fence:c0360,arm-grid-R-I,7.5,10500000.0,0.36,False,1.3,0.85,0.07,444.6477773371525,435.85494554535967,3.1312347175040447,1622.8682343664784,250.9842604560122,0.020131025130303033,10.39090909090909,28.748181818181816,511673553.7190082,9490568528.486265,3699841090.9090905,4311456781.591517,3645409090.9090905,54432000.0,9490568528.486265,46921818.817084454,317236.6915664337,satisfied,satisfied,violated,violated,satisfied,satisfied,satisfied,False
20260830-stress-fence:c0361,arm-grid-R-I,7.5,11000000.0,0.36,False,1.3,0.85,0.07,456.8822316076398,447.82506564770455,3.1312347175040447,1622.8682343664784,250.9842604560122,0.01834252496376785,10.885714285714284,30.117142857142852,561564625.8503401,9775878380.486265,3873432000.0,4516764247.381589,3819000000.0,54432000.0,9775878380.486265,46921818.817084454,317236.6915664337,satisfied,satisfied,violated,violated,satisfied,satisfied,satisfied,False
20260830-stress-fence:c0362,arm-grid-R-I,7.5,11500000.0,0.36,False,1.3,0.85,0.07,469.1166858781273,459.79518575004937,3.1312347175040447,1622.8682343664784,250.9842604560122,0.016782196753239387,11.380519480519482,31.4861038961039,613776212.9645247,10061188232.486265,4047022909.0909095,4722071713.171661,3992590909.0909095,54432000.0,10061188232.486265,46921818.817084454,317236.6915664337,satisfied,satisfied,violated,violated,satisfied,satisfied,satisfied,False
20260830-stress-fence:c0363,arm-grid-R-I,7.5,12000000.0,0.36,False,1.3,0.85,0.07,481.35114014861466,471.76530585239425,3.1312347175040447,1622.8682343664784,250.9842604560122,0.01541281611538826,11.875324675324675,32.85506493506493,668308315.0615618,10346498084.486265,4220613818.181818,4927379178.961735,4166181818.181818,54432000.0,10346498084.486265,46921818.817084454,317236.6915664337,satisfied,satisfied,violated,violated,satisfied,satisfied,satisfied,False
20260830-stress-fence:c0364,arm-grid-R-I,7.5,12500000.0,0.36,False,1.3,0.85,0.07,493.5855944191021,483.73542595473907,3.1312347175040447,1622.8682343664784,250.9842604560122,0.014204451331941818,12.37012987012987,34.22402597402598,725160932.1414517,10631807936.486265,4394204727.272727,5132686644.751806,4339772727.272727,54432000.0,10631807936.486265,46921818.817084454,317236.6915664337,satisfied,satisfied,violated,violated,satisfied,satisfied,satisfied,False
20260830-stress-fence:c0365,arm-grid-R-I,7.5,13000000.0,0.36,False,1.3,0.85,0.07,505.82004868958944,495.7055460570839,3.1312347175040447,1622.8682343664784,250.9842604560122,0.013132813731455086,12.864935064935064,35.59298701298701,784334064.2041941,10917117788.486265,4567795636.363637,5337994110.541879,4513363636.363637,54432000.0,10917117788.486265,46921818.817084454,317236.6915664337,satisfied,satisfied,violated,violated,satisfied,satisfied,satisfied,False
20260830-stress-fence:c0366,arm-grid-R-I,7.5,13500000.0,0.36,False,1.3,0.85,0.07,518.0545029600769,507.6756661594288,3.1312347175040447,1622.8682343664784,250.9842604560122,0.012178027547961092,13.35974025974026,36.96194805194805,845827711.2497891,11202427640.486263,4741386545.454545,5543301576.33195,4686954545.454545,54432000.0,11202427640.486263,46921818.817084454,317236.6915664337,satisfied,satisfied,violated,violated,satisfied,satisfied,violated,False
20260830-stress-fence:c0367,arm-grid-R-I,7.5,14000000.0,0.36,False,1.3,0.85,0.07,530.2889572305643,519.6457862617737,3.1312347175040447,1622.8682343664784,250.9842604560122,0.011323701635795456,13.854545454545454,38.33090909090909,909641873.2782369,11487737492.486265,4914977454.545455,5748609042.122023,4860545454.545455,54432000.0,11487737492.486265,46921818.817084454,317236.6915664337,satisfied,satisfied,violated,violated,satisfied,satisfied,violated,False
20260830-stress-fence:c0368,arm-grid-R-I,7.5,14500000.0,0.36,False,1.3,0.85,0.07,542.5234115010518,531.6159063641186,3.1312347175040447,1622.8682343664784,250.9842604560122,0.010556221263333694,14.349350649350649,39.69987012987013,975776550.2895374,11773047344.486265,5088568363.636363,5953916507.912094,5034136363.636363,54432000.0,11773047344.486265,46921818.817084454,317236.6915664337,satisfied,satisfied,violated,violated,satisfied,satisfied,violated,False
20260830-stress-fence:c0369,arm-grid-R-I,7.5,15000000.0,0.36,False,1.3,0.85,0.07,554.7578657715391,543.5860264664634,3.1312347175040447,1622.8682343664784,250.9842604560122,0.009864202313848488,14.844155844155843,41.06883116883117,1044231742.2836903,12058357196.486265,5262159272.727273,6159223973.702166,5207727272.727273,54432000.0,12058357196.486265,46921818.817084454,317236.6915664337,satisfied,satisfied,violated,violated,satisfied,satisfied,violated,False
20260830-stress-fence:c0370,arm-grid-R-I,7.5,15500000.0,0.36,False,1.3,0.85,0.07,566.9923200420267,555.5561465688082,3.1312347175040447,1622.8682343664784,250.9842604560122,0.009238066683104722,15.338961038961038,42.43779220779221,1115007449.2606962,12343667048.486265,5435750181.818182,6364531439.49224,5381318181.818182,54432000.0,12343667048.486265,46921818.817084454,317236.6915664337,satisfied,satisfied,violated,violated,satisfied,satisfied,violated,False
20260830-stress-fence:c0371,arm-grid-R-I,7.5,16000000.0,0.36,False,1.3,0.85,0.07,579.226774312514,567.5262666711532,3.1312347175040447,1622.8682343664784,250.9842604560122,0.008669709064905898,15.833766233766232,43.80675324675324,1188103671.220554,12628976900.486265,5609341090.90909,6569838905.282311,5554909090.90909,54432000.0,12628976900.486265,46921818.817084454,317236.6915664337,satisfied,satisfied,violated,violated,satisfied,satisfied,violated,False
20260830-stress-fence:c0372,arm-grid-R-I,7.5,16500000.0,0.36,False,1.3,0.85,0.07,591.4612285830013,579.4963867734979,3.1312347175040447,1622.8682343664784,250.9842604560122,0.008152233317230152,16.32857142857143,45.175714285714285,1263520408.1632655,12914286752.486263,5782931999.999999,6775146371.072386,5728499999.999999,54432000.0,12914286752.486263,46921818.817084454,317236.6915664337,satisfied,satisfied,violated,violated,satisfied,satisfied,violated,False
20260830-stress-fence:c0373,arm-grid-R-I,7.5,17000000.0,0.36,False,1.3,0.85,0.07,603.6956828534888,591.4665068758429,3.1312347175040447,1622.8682343664784,250.9842604560122,0.007679742285868196,16.823376623376625,46.544675324675325,1341257660.088829,13199596604.486265,5956522909.090909,6980453836.862457,5902090909.090909,54432000.0,13199596604.486265,46921818.817084454,317236.6915664337,satisfied,satisfied,violated,violated,satisfied,satisfied,violated,False
20260830-stress-fence:c0374,arm-grid-R-I,7.5,17500000.0,0.36,False,1.3,0.85,0.07,615.9301371239762,603.4366269781877,3.1312347175040447,1622.8682343664784,250.9842604560122,0.007247169046909093,17.318181818181817,47.91363636363636,1421315426.997245,13484906456.486265,6130113818.181818,7185761302.652529,6075681818.181818,54432000.0,13484906456.486265,46921818.817084454,317236.6915664337,satisfied,satisfied,violated,violated,satisfied,satisfied,violated,False
20260830-stress-fence:c0375,arm-grid-R-I,7.5,18000000.0,0.36,False,1.3,0.85,0.07,628.1645913944635,615.4067470805325,3.1312347175040447,1622.8682343664784,250.9842604560122,0.006850140495728116,17.812987012987012,49.282597402597396,1503693708.8885138,13770216308.486263,6303704727.272726,7391068768.4426,6249272727.272726,54432000.0,13770216308.486263,46921818.817084454,317236.6915664337,satisfied,satisfied,violated,violated,satisfied,satisfied,violated,False
20260830-stress-fence:c0376,arm-grid-R-I,7.5,18500000.0,0.36,False,1.3,0.85,0.07,640.399045664951,627.3768671828775,3.1312347175040447,1622.8682343664784,250.9842604560122,0.006484866386021649,18.307792207792208,50.65155844155844,1588392505.7626357,14055526160.486267,6477295636.363637,7596376234.232673,6422863636.363637,54432000.0,14055526160.486267,46921818.817084454,317236.6915664337,satisfied,satisfied,violated,violated,satisfied,satisfied,violated,False
20260830-stress-fence:c0377,arm-grid-R-I,7.5,19000000.0,0.36,False,1.3,0.85,0.07,652.6334999354385,639.3469872852223,3.1312347175040447,1622.8682343664784,250.9842604560122,0.006148048533562075,18.802597402597403,52.02051948051948,1675411817.6196098,14340836012.486267,6650886545.454546,7801683700.022747,6596454545.454546,54432000.0,14340836012.486267,46921818.817084454,317236.6915664337,satisfied,satisfied,violated,violated,satisfied,satisfied,violated,False
20260830-stress-fence:c0378,arm-grid-R-I,7.5,19500000.0,0.36,False,1.3,0.85,0.07,664.8679542059258,651.317107387567,3.1312347175040447,1622.8682343664784,250.9842604560122,0.005836806102868928,19.297402597402595,53.389480519480514,1764751644.4594367,14626145864.486263,6824477454.545454,8006991165.812818,6770045454.545454,54432000.0,14626145864.486263,46921818.817084454,317236.6915664337,satisfied,satisfied,violated,violated,satisfied,satisfied,violated,False
20260830-stress-fence:c0379,arm-grid-R-I,7.5,20000000.0,0.36,False,1.3,0.85,0.07,677.1024084764133,663.2872274899121,3.1312347175040447,1622.8682343664784,250.9842604560122,0.005548613801539774,19.79220779220779,54.758441558441554,1856411986.2821162,14911455716.486265,6998068363.636364,8212298631.60289,6943636363.636364,54432000.0,14911455716.486265,46921818.817084454,317236.6915664337,satisfied,satisfied,violated,violated,satisfied,satisfied,violated,False
20260830-stress-fence:c0380,arm-grid-R-I,7.5,20500000.0,0.36,False,1.3,0.85,0.07,689.3368627469007,675.2573475922569,3.1312347175040447,1622.8682343664784,250.9842604560122,0.005281250495219297,20.287012987012986,56.12740259740259,1950392843.0876484,15196765568.486267,7171659272.727274,8417606097.3929615,7117227272.727274,54432000.0,15196765568.486267,46921818.817084454,317236.6915664337,satisfied,satisfied,violated,violated,satisfied,satisfied,violated,False
20260830-stress-fence:c0381,arm-grid-R-I,7.5,21000000.0,0.36,False,1.3,0.85,0.07,701.5713170173881,687.2274676946017,3.1312347175040447,1622.8682343664784,250.9842604560122,0.005032756282575758,20.78181818181818,57.49636363636363,2046694214.8760328,15482075420.486265,7345250181.818181,8622913563.183035,7290818181.818181,54432000.0,15482075420.486265,46921818.817084454,317236.6915664337,satisfied,satisfied,violated,violated,satisfied,satisfied,violated,False
20260830-stress-fence:c0382,arm-grid-R-I,7.5,21500000.0,0.36,False,1.3,0.85,0.07,713.8057712878757,699.1975877969466,3.1312347175040447,1622.8682343664784,250.9842604560122,0.004801396475102023,21.276623376623373,58.865324675324665,2145316101.6472702,15767385272.486267,7518841090.909092,8828221028.973106,7464409090.909092,54432000.0,15767385272.486267,46921818.817084454,317236.6915664337,satisfied,satisfied,violated,violated,satisfied,satisfied,violated,False
20260830-stress-fence:c0383,arm-grid-R-I,7.5,22000000.0,0.36,False,1.3,0.85,0.07,726.0402255583629,711.1677078992914,3.1312347175040447,1622.8682343664784,250.9842604560122,0.004585631240941962,21.77142857142857,60.234285714285704,2246258503.4013605,16052695124.486263,7692432000.0,9033528494.763178,7638000000.0,54432000.0,16052695124.486263,46921818.817084454,317236.6915664337,satisfied,satisfied,violated,violated,satisfied,satisfied,violated,False
20260830-stress-fence:c0384,arm-grid-R-I,7.5,22500000.0,0.36,False,1.3,0.85,0.07,738.2746798288503,723.1378280016362,3.1312347175040447,1622.8682343664784,250.9842604560122,0.004384089917265993,22.266233766233768,61.60324675324676,2349521420.1383038,16338004976.486263,7866022909.090908,9238835960.553251,7811590909.090908,54432000.0,16338004976.486263,46921818.817084454,317236.6915664337,satisfied,satisfied,violated,violated,satisfied,satisfied,violated,False
20260830-stress-fence:c0385,arm-grid-R-I,7.5,23000000.0,0.36,False,1.3,0.85,0.07,750.5091340993379,735.1079481039812,3.1312347175040447,1622.8682343664784,250.9842604560122,0.004195549188309847,22.761038961038963,62.9722077922078,2455104851.858099,16623314828.486267,8039613818.181819,9444143426.343323,7985181818.181819,54432000.0,16623314828.486267,46921818.817084454,317236.6915664337,satisfied,satisfied,violated,violated,satisfied,satisfied,violated,False
20260830-stress-fence:c0386,arm-grid-R-I,7.5,23500000.0,0.36,False,1.3,0.85,0.07,762.7435883698254,747.0780682063261,3.1312347175040447,1622.8682343664784,250.9842604560122,0.004018914478254251,23.25584415584415,64.34116883116882,2563008798.5607457,16908624680.486267,8213204727.272727,9649450892.133394,8158772727.272727,54432000.0,16908624680.486267,46921818.817084454,317236.6915664337,satisfied,satisfied,violated,violated,satisfied,satisfied,violated,False
20260830-stress-fence:c0387,arm-grid-R-I,7.5,24000000.0,0.36,False,1.3,0.85,0.07,774.9780426403128,759.0481883086709,3.1312347175040447,1622.8682343664784,250.9842604560122,0.003853204028847065,23.75064935064935,65.71012987012986,2673233260.2462473,17193934532.486267,8386795636.363636,9854758357.92347,8332363636.363636,54432000.0,17193934532.486267,46921818.817084454,317236.6915664337,satisfied,satisfied,violated,violated,satisfied,satisfied,violated,False
20260830-stress-fence:c0388,arm-grid-R-I,7.5,24500000.0,0.36,False,1.3,0.85,0.07,787.2124969107999,771.0183084110156,3.1312347175040447,1622.8682343664784,250.9842604560122,0.0036975352280148423,24.245454545454546,67.07909090909091,2785778236.914601,17479244384.486263,8560386545.454545,10060065823.713541,8505954545.454545,54432000.0,17479244384.486263,46921818.817084454,317236.6915664337,satisfied,satisfied,violated,violated,satisfied,satisfied,violated,False
20260830-stress-fence:c0389,arm-grid-R-I,7.5,25000000.0,0.36,False,1.3,0.85,0.07,799.4469511812873,782.9884285133605,3.1312347175040447,1622.8682343664784,250.9842604560122,0.0035511128329854544,24.74025974025974,68.44805194805195,2900643728.565807,17764554236.486263,8733977454.545454,10265373289.503613,8679545454.545454,54432000.0,17764554236.486263,46921818.817084454,317236.6915664337,satisfied,satisfied,violated,violated,satisfied,satisfied,violated,False
20260830-stress-fence:c0390,arm-grid-R-I,7.5,25500000.0,0.36,False,1.3,0.85,0.07,811.6814054517747,794.9585486157054,3.1312347175040447,1622.8682343664784,250.9842604560122,0.0034132187937191997,25.235064935064933,69.81701298701299,3017829735.1998653,18049864088.486263,8907568363.636362,10470680755.293682,8853136363.636362,54432000.0,18049864088.486263,46921818.817084454,317236.6915664337,satisfied,satisfied,violated,violated,satisfied,satisfied,violated,False
20260830-stress-fence:c0391,arm-grid-R-I,7.5,26000000.0,0.36,False,1.3,0.85,0.07,823.9158597222626,806.9286687180505,3.1312347175040447,1622.8682343664784,250.9842604560122,0.0032832034328637715,25.72987012987013,71.18597402597402,3137336256.8167763,18335173940.48627,9081159272.727274,10675988221.083757,9026727272.727274,54432000.0,18335173940.48627,46921818.817084454,317236.6915664337,satisfied,satisfied,violated,violated,satisfied,satisfied,violated,False
20260830-stress-fence:c0392,arm-grid-R-I,8.0,2000000.0,0.36,False,1.3,0.85,0.07,221.22642135436757,217.22617353536072,3.1312347175040456,1731.0594499909105,267.71654448641306,0.6313089480863033,1.8555194805194801,5.133603896103895,17403862.371394835,4846724889.078339,748795636.3636363,821229863.1602889,694363636.3636363,54432000.0,4846724889.078339,51133430.096624635,338385.80433752935,violated,satisfied,satisfied,satisfied,satisfied,satisfied,satisfied,False
20260830-stress-fence:c0393,arm-grid-R-I,8.0,2500000.0,0.36,False,1.3,0.85,0.07,232.12541989719523,227.88969138982165,3.1312347175040456,1731.0594499909105,267.71654448641306,0.4040377267752341,2.31939935064935,6.417004870129869,27193534.955304433,5132034741.078339,922386545.4545455,1026537328.9503609,867954545.4545455,54432000.0,5132034741.078339,51133430.096624635,338385.80433752935,violated,satisfied,satisfied,satisfied,satisfied,satisfied,satisfied,False
20260830-stress-fence:c0394,arm-grid-R-I,8.0,3000000.0,0.36,False,1.3,0.85,0.07,243.0244184400229,238.5532092442827,3.1312347175040456,1731.0594499909105,267.71654448641306,0.28058175470502367,2.7832792207792205,7.700405844155843,39158690.33563838,5417344593.078341,1095977454.5454545,1231844794.7404332,1041545454.5454545,54432000.0,5417344593.078341,51133430.096624635,338385.80433752935,violated,satisfied,satisfied,satisfied,satisfied,satisfied,satisfied,False
20260830-stress-fence:c0395,arm-grid-R-I,8.0,3500000.0,0.36,False,1.3,0.85,0.07,253.9234169828505,249.2167270987436,3.1312347175040456,1731.0594499909105,267.71654448641306,0.20614169733430313,3.2471590909090904,8.983806818181817,53299328.51239669,5702654445.07834,1269568363.6363637,1437152260.5305057,1215136363.6363637,54432000.0,5702654445.07834,51133430.096624635,338385.80433752935,violated,satisfied,satisfied,satisfied,satisfied,satisfied,satisfied,False
20260830-stress-fence:c0396,arm-grid-R-I,8.0,4000000.0,0.36,False,1.3,0.85,0.07,264.8224155256782,259.88024495320457,3.1312347175040456,1731.0594499909105,267.71654448641306,0.15782723702157583,3.7110389610389602,10.26720779220779,69615449.48557934,5987964297.07834,1443159272.7272725,1642459726.3205779,1388727272.7272725,54432000.0,5987964297.07834,51133430.096624635,338385.80433752935,violated,satisfied,satisfied,satisfied,satisfied,satisfied,satisfied,False
20260830-stress-fence:c0397,arm-grid-R-I,8.0,4500000.0,0.36,False,1.3,0.85,0.07,275.72141406850574,270.5437628076654,3.1312347175040456,1731.0594499909105,267.71654448641306,0.12470300209112162,4.174918831168831,11.550608766233765,88107053.25518636,6273274149.078339,1616750181.8181815,1847767192.11065,1562318181.8181815,54432000.0,6273274149.078339,51133430.096624635,338385.80433752935,violated,satisfied,satisfied,satisfied,satisfied,satisfied,satisfied,False
20260830-stress-fence:c0398,arm-grid-R-I,8.0,5000000.0,0.36,False,1.3,0.85,0.07,286.62041261133345,281.20728066212644,3.1312347175040456,1731.0594499909105,267.71654448641306,0.10100943169380852,4.6387987012987,12.834009740259738,108774139.82121773,6558584001.07834,1790341090.909091,2053074657.9007218,1735909090.909091,54432000.0,6558584001.07834,51133430.096624635,338385.80433752935,violated,satisfied,satisfied,satisfied,satisfied,satisfied,satisfied,False
20260830-stress-fence:c0399,arm-grid-R-I,8.0,5500000.0,0.36,False,1.3,0.85,0.07,297.51941115416105,291.8707985165874,3.1312347175040456,1731.0594499909105,267.71654448641306,0.08347886916843678,5.102678571428571,14.117410714285713,131616709.18367349,6843893853.07834,1963932000.0,2258382123.6907945,1909500000.0,54432000.0,6843893853.07834,51133430.096624635,338385.80433752935,violated,satisfied,satisfied,satisfied,satisfied,satisfied,satisfied,False
20260830-stress-fence:c0400,arm-grid-R-I,8.0,6000000.0,0.36,False,1.3,0.85,0.07,308.4184096969887,302.53431637104836,3.1312347175040456,1731.0594499909105,267.71654448641306,0.07014543867625592,5.566558441558441,15.400811688311686,156634761.34255353,7129203705.078341,2137522909.090909,2463689589.4808664,2083090909.090909,54432000.0,7129203705.078341,51133430.096624635,338385.80433752935,violated,satisfied,satisfied,satisfied,satisfied,satisfied,satisfied,False
20260830-stress-fence:c0401,arm-grid-R-I,8.0,6500000.0,0.36,False,1.3,0.85,0.07,319.31740823981636,313.19783422550927,3.1312347175040456,1731.0594499909105,267.71654448641306,0.05976889449337782,6.030438311688311,16.68421266233766,183828296.29785797,7414513557.078341,2311113818.1818185,2668997055.270939,2256681818.1818185,54432000.0,7414513557.078341,51133430.096624635,338385.80433752935,violated,satisfied,satisfied,satisfied,satisfied,satisfied,satisfied,False
20260830-stress-fence:c0402,arm-grid-R-I,8.0,7000000.0,0.36,False,1.3,0.85,0.07,330.21640678264407,323.8613520799703,3.1312347175040456,1731.0594499909105,267.71654448641306,0.05153542433357578,6.494318181818181,17.967613636363634,213197314.04958677,7699823409.0783415,2484704727.2727275,2874304521.0610113,2430272727.2727275,54432000.0,7699823409.0783415,51133430.096624635,338385.80433752935,violated,satisfied,satisfied,satisfied,satisfied,satisfied,satisfied,False
20260830-stress-fence:c0403,arm-grid-R-I,8.0,7500000.0,0.36,False,1.3,0.85,0.07,341.1154053254717,334.5248699344312,3.1312347175040456,1731.0594499909105,267.71654448641306,0.04489308075280379,6.958198051948051,19.251014610389607,244741814.5977399,7985133261.078341,2658295636.3636365,3079611986.851083,2603863636.3636365,54432000.0,7985133261.078341,51133430.096624635,338385.80433752935,satisfied,satisfied,satisfied,satisfied,satisfied,satisfied,satisfied,True
20260830-stress-fence:c0404,arm-grid-R-I,8.0,8000000.0,0.36,False,1.3,0.85,0.07,352.01440386829927,345.1883877888921,3.1312347175040456,1731.0594499909105,267.71654448641306,0.03945680925539396,7.4220779220779205,20.53441558441558,278461797.94231737,8270443113.078341,2831886545.454545,3284919452.6411557,2777454545.454545,54432000.0,8270443113.078341,51133430.096624635,338385.80433752935,satisfied,satisfied,satisfied,satisfied,satisfied,satisfied,satisfied,True
20260830-stress-fence:c0405,arm-grid-R-I,8.0,8500000.0,0.36,False,1.3,0.85,0.07,362.913402411127,355.8519056433531,3.1312347175040456,1731.0594499909105,267.71654448641306,0.034951360447684605,7.885957792207791,21.817816558441557,314357264.0833193,8555752965.078341,3005477454.5454545,3490226918.431227,2951045454.5454545,54432000.0,8555752965.078341,51133430.096624635,338385.80433752935,satisfied,satisfied,satisfied,satisfied,satisfied,satisfied,satisfied,True
20260830-stress-fence:c0406,arm-grid-R-I,8.0,9000000.0,0.36,False,1.3,0.85,0.07,373.8124009539546,366.515423497814,3.1312347175040456,1731.0594499909105,267.71654448641306,0.031175750522780404,8.349837662337661,23.10121753246753,352428213.02074546,8841062817.07834,3179068363.636363,3695534384.2213,3124636363.636363,54432000.0,8841062817.07834,51133430.096624635,338385.80433752935,satisfied,satisfied,satisfied,satisfied,satisfied,satisfied,satisfied,True
20260830-stress-fence:c0407,arm-grid-R-I,8.0,9500000.0,0.36,False,1.3,0.85,0.07,384.71139949678235,377.1789413522751,3.1312347175040456,1731.0594499909105,267.71654448641306,0.02798045199274474,8.813717532467532,24.384618506493503,392674644.754596,9126372669.078344,3352659272.727273,3900841850.011372,3298227272.727273,54432000.0,9126372669.078344,51133430.096624635,338385.80433752935,satisfied,satisfied,satisfied,satisfied,satisfied,satisfied,satisfied,True
20260830-stress-fence:c0408,arm-grid-R-I,8.0,10000000.0,0.36,False,1.3,0.85,0.07,395.61039803961006,387.842459206736,3.1312347175040456,1731.0594499909105,267.71654448641306,0.02525235792345213,9.2775974025974,25.668019480519476,435096559.2848709,9411682521.078344,3526250181.818182,4106149315.8014436,3471818181.818182,54432000.0,9411682521.078344,51133430.096624635,338385.80433752935,satisfied,satisfied,violated,satisfied,satisfied,satisfied,satisfied,False
20260830-stress-fence:c0409,arm-grid-R-I,8.0,10500000.0,0.36,False,1.3,0.85,0.07,406.50939658243755,398.50597706119686,3.1312347175040456,1731.0594499909105,267.71654448641306,0.022904633037144788,9.741477272727272,26.951420454545453,479693956.61157024,9696992373.078342,3699841090.9090905,4311456781.591517,3645409090.9090905,54432000.0,9696992373.078342,51133430.096624635,338385.80433752935,satisfied,satisfied,violated,satisfied,satisfied,satisfied,satisfied,False
20260830-stress-fence:c0410,arm-grid-R-I,8.0,11000000.0,0.36,False,1.3,0.85,0.07,417.4083951252652,409.1694949156579,3.1312347175040456,1731.0594499909105,267.71654448641306,0.020869717292109194,10.205357142857142,28.234821428571426,526466836.73469394,9982302225.078342,3873432000.0,4516764247.381589,3819000000.0,54432000.0,9982302225.078342,51133430.096624635,338385.80433752935,satisfied,satisfied,violated,satisfied,satisfied,satisfied,satisfied,False
20260830-stress-fence:c0411,arm-grid-R-I,8.0,11500000.0,0.36,False,1.3,0.85,0.07,428.3073936680929,419.83301277011884,3.1312347175040456,1731.0594499909105,267.71654448641306,0.01909441052813015,10.669237012987013,29.518222402597402,575415199.6542419,10267612077.078344,4047022909.0909095,4722071713.171661,3992590909.0909095,54432000.0,10267612077.078344,51133430.096624635,338385.80433752935,satisfied,satisfied,violated,satisfied,satisfied,satisfied,satisfied,False
20260830-stress-fence:c0412,arm-grid-R-I,8.0,12000000.0,0.36,False,1.3,0.85,0.07,439.2063922109205,430.4965306245798,3.1312347175040456,1731.0594499909105,267.71654448641306,0.01753635966906398,11.133116883116882,30.801623376623372,626539045.3702141,10552921929.078342,4220613818.181818,4927379178.961733,4166181818.181818,54432000.0,10552921929.078342,51133430.096624635,338385.80433752935,satisfied,satisfied,violated,satisfied,satisfied,satisfied,satisfied,False
20260830-stress-fence:c0413,arm-grid-R-I,8.0,12500000.0,0.36,False,1.3,0.85,0.07,450.10539075374817,441.1600484790407,3.1312347175040456,1731.0594499909105,267.71654448641306,0.016161509071009363,11.596996753246753,32.08502435064935,679838373.8826109,10838231781.078342,4394204727.272727,5132686644.751806,4339772727.272727,54432000.0,10838231781.078342,51133430.096624635,338385.80433752935,satisfied,satisfied,violated,satisfied,satisfied,satisfied,satisfied,False
20260830-stress-fence:c0414,arm-grid-R-I,8.0,13000000.0,0.36,False,1.3,0.85,0.07,461.0043892965757,451.8235663335017,3.1312347175040456,1731.0594499909105,267.71654448641306,0.014942223623344455,12.060876623376622,33.36842532467532,735313185.1914319,11123541633.078342,4567795636.363637,5337994110.541878,4513363636.363637,54432000.0,11123541633.078342,51133430.096624635,338385.80433752935,satisfied,satisfied,violated,satisfied,satisfied,satisfied,satisfied,False
20260830-stress-fence:c0415,arm-grid-R-I,8.0,13500000.0,0.36,False,1.3,0.85,0.07,471.9033878394033,462.4870841879625,3.1312347175040456,1731.0594499909105,267.71654448641306,0.013855889121235736,12.524756493506493,34.651826298701295,792963479.2966774,11408851485.07834,4741386545.454545,5543301576.33195,4686954545.454545,54432000.0,11408851485.07834,51133430.096624635,338385.80433752935,satisfied,satisfied,violated,satisfied,satisfied,satisfied,satisfied,False
20260830-stress-fence:c0416,arm-grid-R-I,8.0,14000000.0,0.36,False,1.3,0.85,0.07,482.8023863822311,473.1506020424235,3.1312347175040456,1731.0594499909105,267.71654448641306,0.012883856083393945,12.988636363636362,35.93522727272727,852789256.1983471,11694161337.078342,4914977454.545455,5748609042.122023,4860545454.545455,54432000.0,11694161337.078342,51133430.096624635,338385.80433752935,satisfied,satisfied,violated,satisfied,satisfied,satisfied,violated,False
20260830-stress-fence:c0417,arm-grid-R-I,8.0,14500000.0,0.36,False,1.3,0.85,0.07,493.70138492505873,483.8141198968845,3.1312347175040456,1731.0594499909105,267.71654448641306,0.01201063397072634,13.452516233766232,37.21862824675324,914790515.8964412,11979471189.078342,5088568363.636363,5953916507.912094,5034136363.636363,54432000.0,11979471189.078342,51133430.096624635,338385.80433752935,satisfied,satisfied,violated,satisfied,satisfied,satisfied,violated,False
20260830-stress-fence:c0418,arm-grid-R-I,8.0,15000000.0,0.36,False,1.3,0.85,0.07,504.6003834678863,494.4776377513454,3.1312347175040456,1731.0594499909105,267.71654448641306,0.011223270188200948,13.916396103896101,38.502029220779214,978967258.3909596,12264781041.078342,5262159272.727273,6159223973.702166,5207727272.727273,54432000.0,12264781041.078342,51133430.096624635,338385.80433752935,satisfied,satisfied,violated,satisfied,satisfied,satisfied,violated,False
20260830-stress-fence:c0419,arm-grid-R-I,8.0,15500000.0,0.36,False,1.3,0.85,0.07,515.4993820107139,505.1411556058063,3.1312347175040456,1731.0594499909105,267.71654448641306,0.010510866981665819,14.380275974025972,39.78543019480519,1045319483.6819025,12550090893.078342,5435750181.818182,6364531439.49224,5381318181.818182,54432000.0,12550090893.078342,51133430.096624635,338385.80433752935,satisfied,satisfied,violated,satisfied,satisfied,satisfied,violated,False
20260830-stress-fence:c0420,arm-grid-R-I,8.0,16000000.0,0.36,False,1.3,0.85,0.07,526.3983805535415,515.8046734602673,3.1312347175040456,1731.0594499909105,267.71654448641306,0.00986420231384849,14.844155844155841,41.06883116883116,1113847191.7692695,12835400745.07834,5609341090.90909,6569838905.282311,5554909090.90909,54432000.0,12835400745.07834,51133430.096624635,338385.80433752935,satisfied,satisfied,violated,satisfied,satisfied,satisfied,violated,False
20260830-stress-fence:c0421,arm-grid-R-I,8.0,16500000.0,0.36,False,1.3,0.85,0.07,537.2973790963691,526.4681913147282,3.1312347175040456,1731.0594499909105,267.71654448641306,0.009275429907604089,15.308035714285712,42.35223214285713,1184550382.6530612,13120710597.07834,5782931999.999999,6775146371.072383,5728499999.999999,54432000.0,13120710597.07834,51133430.096624635,338385.80433752935,satisfied,satisfied,violated,satisfied,satisfied,satisfied,violated,False
20260830-stress-fence:c0422,arm-grid-R-I,8.0,17000000.0,0.36,False,1.3,0.85,0.07,548.1963776391967,537.1317091691891,3.1312347175040456,1731.0594499909105,267.71654448641306,0.008737840111921151,15.771915584415583,43.63563311688311,1257429056.3332772,13406020449.07834,5956522909.090909,6980453836.862454,5902090909.090909,54432000.0,13406020449.07834,51133430.096624635,338385.80433752935,satisfied,satisfied,violated,satisfied,satisfied,satisfied,violated,False
20260830-stress-fence:c0423,arm-grid-R-I,8.0,17500000.0,0.36,False,1.3,0.85,0.07,559.0953761820244,547.79522702365,3.1312347175040456,1731.0594499909105,267.71654448641306,0.008245667893372124,16.235795454545453,44.919034090909086,1332483212.8099172,13691330301.07834,6130113818.181818,7185761302.652529,6075681818.181818,54432000.0,13691330301.07834,51133430.096624635,338385.80433752935,satisfied,satisfied,violated,satisfied,satisfied,satisfied,violated,False
20260830-stress-fence:c0424,arm-grid-R-I,8.0,18000000.0,0.36,False,1.3,0.85,0.07,569.994374724852,558.458744878111,3.1312347175040456,1731.0594499909105,267.71654448641306,0.007793937630695101,16.699675324675322,46.20243506493506,1409712852.0829818,13976640153.078339,6303704727.272726,7391068768.4426,6249272727.272726,54432000.0,13976640153.078339,51133430.096624635,338385.80433752935,satisfied,satisfied,violated,satisfied,satisfied,satisfied,violated,False
20260830-stress-fence:c0425,arm-grid-R-I,8.0,18500000.0,0.36,False,1.3,0.85,0.07,580.8933732676797,569.1222627325719,3.1312347175040456,1731.0594499909105,267.71654448641306,0.007378336865873524,17.16355519480519,47.485836038961025,1489117974.1524706,14261950005.078342,6477295636.363637,7596376234.232672,6422863636.363637,54432000.0,14261950005.078342,51133430.096624635,338385.80433752935,satisfied,satisfied,violated,satisfied,satisfied,satisfied,violated,False
20260830-stress-fence:c0426,arm-grid-R-I,8.0,19000000.0,0.36,False,1.3,0.85,0.07,591.7923718105073,579.7857805870328,3.1312347175040456,1731.0594499909105,267.71654448641306,0.006995112998186185,17.627435064935064,48.769237012987006,1570698579.018384,14547259857.078339,6650886545.454546,7801683700.022744,6596454545.454546,54432000.0,14547259857.078339,51133430.096624635,338385.80433752935,satisfied,satisfied,violated,satisfied,satisfied,satisfied,violated,False
20260830-stress-fence:c0427,arm-grid-R-I,8.0,19500000.0,0.36,False,1.3,0.85,0.07,602.6913703533348,590.4492984414937,3.1312347175040456,1731.0594499909105,267.71654448641306,0.006640988277041981,18.091314935064933,50.05263798701298,1654454666.6807218,14832569709.078339,6824477454.545454,8006991165.812818,6770045454.545454,54432000.0,14832569709.078339,51133430.096624635,338385.80433752935,satisfied,satisfied,violated,satisfied,satisfied,satisfied,violated,False
20260830-stress-fence:c0428,arm-grid-R-I,8.0,20000000.0,0.36,False,1.3,0.85,0.07,613.5903688961625,601.1128162959546,3.1312347175040456,1731.0594499909105,267.71654448641306,0.006313089480863033,18.5551948051948,51.33603896103895,1740386237.1394837,15117879561.078339,6998068363.636364,8212298631.602887,6943636363.636364,54432000.0,15117879561.078339,51133430.096624635,338385.80433752935,satisfied,satisfied,violated,satisfied,satisfied,satisfied,violated,False
20260830-stress-fence:c0429,arm-grid-R-I,8.0,20500000.0,0.36,False,1.3,0.85,0.07,624.4893674389904,611.7763341504158,3.1312347175040456,1731.0594499909105,267.71654448641306,0.006008889452338402,19.01907467532467,52.61943993506492,1828493290.3946698,15403189413.078342,7171659272.727274,8417606097.392961,7117227272.727274,54432000.0,15403189413.078342,51133430.096624635,338385.80433752935,satisfied,satisfied,violated,satisfied,satisfied,satisfied,violated,False
20260830-stress-fence:c0430,arm-grid-R-I,8.0,21000000.0,0.36,False,1.3,0.85,0.07,635.3883659818179,622.4398520048766,3.1312347175040456,1731.0594499909105,267.71654448641306,0.005726158259286197,19.482954545454543,53.902840909090905,1918775826.446281,15688499265.078339,7345250181.818181,8622913563.183035,7290818181.818181,54432000.0,15688499265.078339,51133430.096624635,338385.80433752935,satisfied,satisfied,violated,satisfied,satisfied,satisfied,violated,False
20260830-stress-fence:c0431,arm-grid-R-I,8.0,21500000.0,0.36,False,1.3,0.85,0.07,646.2873645246457,633.1033698593376,3.1312347175040456,1731.0594499909105,267.71654448641306,0.005462922211671635,19.946834415584412,55.18624188311687,2011233845.2943156,15973809117.078342,7518841090.909092,8828221028.973106,7464409090.909092,54432000.0,15973809117.078342,51133430.096624635,338385.80433752935,satisfied,satisfied,violated,satisfied,satisfied,satisfied,violated,False
20260830-stress-fence:c0432,arm-grid-R-I,8.0,22000000.0,0.36,False,1.3,0.85,0.07,657.186363067473,643.7668877137984,3.1312347175040456,1731.0594499909105,267.71654448641306,0.0052174293230272985,20.410714285714285,56.46964285714285,2105867346.9387758,16259118969.078339,7692432000.0,9033528494.763178,7638000000.0,54432000.0,16259118969.078339,51133430.096624635,338385.80433752935,satisfied,satisfied,violated,satisfied,satisfied,satisfied,violated,False
20260830-stress-fence:c0433,arm-grid-R-I,8.0,22500000.0,0.36,False,1.3,0.85,0.07,668.0853616103008,654.4304055682595,3.1312347175040456,1731.0594499909105,267.71654448641306,0.004988120083644865,20.874594155844154,57.753043831168824,2202676331.379659,16544428821.078339,7866022909.090908,9238835960.55325,7811590909.090908,54432000.0,16544428821.078339,51133430.096624635,338385.80433752935,satisfied,satisfied,violated,satisfied,satisfied,satisfied,violated,False
20260830-stress-fence:c0434,arm-grid-R-I,8.0,23000000.0,0.36,False,1.3,0.85,0.07,678.9843601531286,665.0939234227205,3.1312347175040456,1731.0594499909105,267.71654448641306,0.0047736026320325375,21.338474025974026,59.036444805194805,2301660798.6169677,16829738673.078342,8039613818.181819,9444143426.343323,7985181818.181819,54432000.0,16829738673.078342,51133430.096624635,338385.80433752935,satisfied,satisfied,violated,satisfied,satisfied,satisfied,violated,False
20260830-stress-fence:c0435,arm-grid-R-I,8.0,23500000.0,0.36,False,1.3,0.85,0.07,689.8833586959562,675.7574412771814,3.1312347175040456,1731.0594499909105,267.71654448641306,0.0045726315841470595,21.80235389610389,60.31984577922076,2402820748.650699,17115048525.078342,8213204727.272727,9649450892.133394,8158772727.272727,54432000.0,17115048525.078342,51133430.096624635,338385.80433752935,satisfied,satisfied,violated,satisfied,satisfied,satisfied,violated,False
20260830-stress-fence:c0436,arm-grid-R-I,8.0,24000000.0,0.36,False,1.3,0.85,0.07,700.7823572387838,686.4209591316425,3.1312347175040456,1731.0594499909105,267.71654448641306,0.004384089917265995,22.266233766233764,61.603246753246744,2506156181.4808564,17400358377.078342,8386795636.363636,9854758357.923466,8332363636.363636,54432000.0,17400358377.078342,51133430.096624635,338385.80433752935,satisfied,satisfied,violated,satisfied,satisfied,satisfied,violated,False
20260830-stress-fence:c0437,arm-grid-R-I,8.0,24500000.0,0.36,False,1.3,0.85,0.07,711.6813557816114,697.0844769861031,3.1312347175040456,1731.0594499909105,267.71654448641306,0.004206973414985778,22.730113636363633,62.88664772727272,2611667097.107438,17685668229.07834,8560386545.454545,10060065823.71354,8505954545.454545,54432000.0,17685668229.07834,51133430.096624635,338385.80433752935,satisfied,satisfied,violated,satisfied,satisfied,satisfied,violated,False
20260830-stress-fence:c0438,arm-grid-R-I,8.0,25000000.0,0.36,False,1.3,0.85,0.07,722.5803543244391,707.7479948405643,3.1312347175040456,1731.0594499909105,267.71654448641306,0.004040377267752341,23.193993506493506,64.1700487012987,2719353495.5304437,17970978081.078342,8733977454.545454,10265373289.503613,8679545454.545454,54432000.0,17970978081.078342,51133430.096624635,338385.80433752935,satisfied,satisfied,violated,satisfied,satisfied,satisfied,violated,False
20260830-stress-fence:c0439,arm-grid-R-I,8.0,25500000.0,0.36,False,1.3,0.85,0.07,733.4793528672668,718.4115126950252,3.1312347175040456,1731.0594499909105,267.71654448641306,0.00388348449418718,23.65787337662337,65.45344967532466,2829215376.749873,18256287933.078342,8907568363.636362,10470680755.293682,8853136363.636362,54432000.0,18256287933.078342,51133430.096624635,338385.80433752935,satisfied,satisfied,violated,satisfied,satisfied,satisfied,violated,False
20260830-stress-fence:c0440,arm-grid-R-I,8.0,26000000.0,0.36,False,1.3,0.85,0.07,744.3783514100945,729.0750305494863,3.1312347175040456,1731.0594499909105,267.71654448641306,0.003735555905836114,24.121753246753244,66.73685064935064,2941252740.7657275,18541597785.078346,9081159272.727274,10675988221.083755,9026727272.727274,54432000.0,18541597785.078346,51133430.096624635,338385.80433752935,satisfied,satisfied,violated,satisfied,satisfied,satisfied,violated,False
20260830-stress-fence:c0441,arm-grid-R-I,8.5,2000000.0,0.36,False,1.3,0.85,0.07,208.9271242508636,205.16477342982512,3.1312347175040447,1839.250665615342,284.4488285168138,0.7126886171755534,1.74637127578304,4.831627196333077,16380105.761312785,5056070558.576196,748795636.3636363,821229863.1602889,694363636.3636363,54432000.0,5056070558.576196,55481538.49533908,359534.9171086249,violated,satisfied,satisfied,satisfied,satisfied,satisfied,satisfied,False
20260830-stress-fence:c0442,arm-grid-R-I,8.5,2500000.0,0.36,False,1.3,0.85,0.07,218.7535195095308,214.77886236414693,3.1312347175040447,1839.250665615342,284.4488285168138,0.45612071499235424,2.1829640947288,6.039533995416346,25593915.252051223,5341380410.576197,922386545.4545455,1026537328.9503609,867954545.4545455,54432000.0,5341380410.576197,55481538.49533908,359534.9171086249,violated,satisfied,satisfied,satisfied,satisfied,satisfied,satisfied,False
20260830-stress-fence:c0443,arm-grid-R-I,8.5,3000000.0,0.36,False,1.3,0.85,0.07,228.57991476819797,224.39295129846857,3.1312347175040447,1839.250665615342,284.4488285168138,0.3167504965224682,2.6195569136745602,7.247440794499616,36855237.962953776,5626690262.576196,1095977454.5454545,1231844794.7404332,1041545454.5454545,54432000.0,5626690262.576196,55481538.49533908,359534.9171086249,violated,satisfied,satisfied,satisfied,satisfied,satisfied,satisfied,False
20260830-stress-fence:c0444,arm-grid-R-I,8.5,3500000.0,0.36,False,1.3,0.85,0.07,238.40631002686513,234.0070402327903,3.1312347175040447,1839.250665615342,284.4488285168138,0.23271465050630316,3.05614973262032,8.455347593582886,50164073.89402041,5912000114.576196,1269568363.6363637,1437152260.5305052,1215136363.6363637,54432000.0,5912000114.576196,55481538.49533908,359534.9171086249,violated,satisfied,satisfied,satisfied,satisfied,satisfied,satisfied,False
20260830-stress-fence:c0445,arm-grid-R-I,8.5,4000000.0,0.36,False,1.3,0.85,0.07,248.2327052855323,243.621129167112,3.1312347175040447,1839.250665615342,284.4488285168138,0.17817215429388836,3.49274255156608,9.663254392666154,65520423.04525114,6197309966.576195,1443159272.7272725,1642459726.3205779,1388727272.7272725,54432000.0,6197309966.576195,55481538.49533908,359534.9171086249,violated,satisfied,satisfied,satisfied,satisfied,satisfied,satisfied,False
20260830-stress-fence:c0446,arm-grid-R-I,8.5,4500000.0,0.36,False,1.3,0.85,0.07,258.05910054419945,253.23521810143373,3.1312347175040447,1839.250665615342,284.4488285168138,0.1407779984544303,3.9293353705118403,10.871161191749424,82924285.41664599,6482619818.576195,1616750181.8181815,1847767192.11065,1562318181.8181815,54432000.0,6482619818.576195,55481538.49533908,359534.9171086249,violated,satisfied,satisfied,satisfied,satisfied,satisfied,satisfied,False
20260830-stress-fence:c0447,arm-grid-R-I,8.5,5000000.0,0.36,False,1.3,0.85,0.07,267.8854958028666,262.8493070357555,3.1312347175040447,1839.250665615342,284.4488285168138,0.11403017874808856,4.3659281894576,12.079067990832693,102375661.00820489,6767929670.576196,1790341090.909091,2053074657.9007218,1735909090.909091,54432000.0,6767929670.576196,55481538.49533908,359534.9171086249,violated,satisfied,satisfied,satisfied,satisfied,satisfied,satisfied,False
20260830-stress-fence:c0448,arm-grid-R-I,8.5,5500000.0,0.36,False,1.3,0.85,0.07,277.7118910615338,272.4633959700771,3.1312347175040447,1839.250665615342,284.4488285168138,0.09423981714718062,4.80252100840336,13.286974789915963,123874549.81992796,7053239522.576195,1963932000.0,2258382123.6907945,1909500000.0,54432000.0,7053239522.576195,55481538.49533908,359534.9171086249,violated,satisfied,satisfied,satisfied,satisfied,satisfied,satisfied,False
20260830-stress-fence:c0449,arm-grid-R-I,8.5,6000000.0,0.36,False,1.3,0.85,0.07,287.538286320201,282.07748490439894,3.1312347175040447,1839.250665615342,284.4488285168138,0.07918762413061704,5.2391138273491205,14.494881588999233,147420951.8518151,7338549374.576196,2137522909.090909,2463689589.4808664,2083090909.090909,54432000.0,7338549374.576196,55481538.49533908,359534.9171086249,violated,satisfied,satisfied,satisfied,satisfied,satisfied,satisfied,False
20260830-stress-fence:c0450,arm-grid-R-I,8.5,6500000.0,0.36,False,1.3,0.85,0.07,297.3646815788682,291.69157383872067,3.1312347175040447,1839.250665615342,284.4488285168138,0.0674734785491648,5.675706646294881,15.702788388082503,173014867.1038663,7623859226.576198,2311113818.1818185,2668997055.270939,2256681818.1818185,54432000.0,7623859226.576198,55481538.49533908,359534.9171086249,violated,satisfied,satisfied,satisfied,satisfied,satisfied,satisfied,False
20260830-stress-fence:c0451,arm-grid-R-I,8.5,7000000.0,0.36,False,1.3,0.85,0.07,307.1910768375353,301.3056627730423,3.1312347175040447,1839.250665615342,284.4488285168138,0.05817866262657579,6.11229946524064,16.91069518716577,200656295.57608163,7909169078.576196,2484704727.2727275,2874304521.0610104,2430272727.2727275,54432000.0,7909169078.576196,55481538.49533908,359534.9171086249,violated,satisfied,satisfied,satisfied,satisfied,satisfied,satisfied,False
20260830-stress-fence:c0452,arm-grid-R-I,8.5,7500000.0,0.36,False,1.3,0.85,0.07,317.0174720962025,310.91975170736407,3.1312347175040447,1839.250665615342,284.4488285168138,0.050680079443594914,6.5488922841864,18.11860198624904,230345237.26846105,8194478930.576196,2658295636.3636365,3079611986.851083,2603863636.3636365,54432000.0,8194478930.576196,55481538.49533908,359534.9171086249,violated,satisfied,satisfied,satisfied,satisfied,satisfied,satisfied,False
20260830-stress-fence:c0453,arm-grid-R-I,8.5,8000000.0,0.36,False,1.3,0.85,0.07,326.84386735486964,320.53384064168574,3.1312347175040447,1839.250665615342,284.4488285168138,0.04454303857347209,6.98548510313216,19.326508785332308,262081692.18100455,8479788782.576196,2831886545.454545,3284919452.6411557,2777454545.454545,54432000.0,8479788782.576196,55481538.49533908,359534.9171086249,satisfied,satisfied,satisfied,satisfied,satisfied,satisfied,satisfied,True
20260830-stress-fence:c0454,arm-grid-R-I,8.5,8500000.0,0.36,False,1.3,0.85,0.07,336.67026261353686,330.14792957600747,3.1312347175040447,1839.250665615342,284.4488285168138,0.03945680925539395,7.422077922077921,20.534415584415584,295865660.3137123,8765098634.576197,3005477454.5454545,3490226918.431227,2951045454.5454545,54432000.0,8765098634.576197,55481538.49533908,359534.9171086249,satisfied,satisfied,satisfied,satisfied,satisfied,satisfied,satisfied,True
20260830-stress-fence:c0455,arm-grid-R-I,8.5,9000000.0,0.36,False,1.3,0.85,0.07,346.49665787220397,339.76201851032926,3.1312347175040447,1839.250665615342,284.4488285168138,0.03519449961360757,7.858670741023681,21.74232238349885,331697141.66658396,9050408486.576197,3179068363.636363,3695534384.2213,3124636363.636363,54432000.0,9050408486.576197,55481538.49533908,359534.9171086249,satisfied,satisfied,satisfied,satisfied,satisfied,satisfied,satisfied,True
20260830-stress-fence:c0456,arm-grid-R-I,8.5,9500000.0,0.36,False,1.3,0.85,0.07,356.3230531308712,349.3761074446509,3.1312347175040447,1839.250665615342,284.4488285168138,0.03158730713243449,8.295263559969442,22.95022918258212,369576136.2396198,9335718338.576197,3352659272.727273,3900841850.011372,3298227272.727273,54432000.0,9335718338.576197,55481538.49533908,359534.9171086249,satisfied,satisfied,satisfied,satisfied,satisfied,satisfied,satisfied,True
20260830-stress-fence:c0457,arm-grid-R-I,8.5,10000000.0,0.36,False,1.3,0.85,0.07,366.14944838953835,358.99019637897266,3.1312347175040447,1839.250665615342,284.4488285168138,0.02850754468702214,8.7318563789152,24.158135981665385,409502644.03281957,9621028190.576197,3526250181.818182,4106149315.8014436,3471818181.818182,54432000.0,9621028190.576197,55481538.49533908,359534.9171086249,satisfied,satisfied,satisfied,satisfied,satisfied,satisfied,satisfied,True
20260830-stress-fence:c0458,arm-grid-R-I,8.5,10500000.0,0.36,False,1.3,0.85,0.07,375.97584364820557,368.6042853132943,3.1312347175040447,1839.250665615342,284.4488285168138,0.025857183389589238,9.16844919786096,25.366042780748657,451476665.0461837,9906338042.576197,3699841090.9090905,4311456781.5915165,3645409090.9090905,54432000.0,9906338042.576197,55481538.49533908,359534.9171086249,satisfied,satisfied,violated,satisfied,satisfied,satisfied,satisfied,False
20260830-stress-fence:c0459,arm-grid-R-I,8.5,11000000.0,0.36,False,1.3,0.85,0.07,385.80223890687273,378.218374247616,3.1312347175040447,1839.250665615342,284.4488285168138,0.023559954286795155,9.60504201680672,26.573949579831925,495498199.27971184,10191647894.576197,3873432000.0,4516764247.381589,3819000000.0,54432000.0,10191647894.576197,55481538.49533908,359534.9171086249,satisfied,satisfied,violated,satisfied,satisfied,satisfied,satisfied,False
20260830-stress-fence:c0460,arm-grid-R-I,8.5,11500000.0,0.36,False,1.3,0.85,0.07,395.62863416553995,387.8324631819378,3.1312347175040447,1839.250665615342,284.4488285168138,0.02155579938527193,10.041634835752483,27.7818563789152,541567246.7334042,10476957746.576197,4047022909.0909095,4722071713.171661,3992590909.0909095,54432000.0,10476957746.576197,55481538.49533908,359534.9171086249,satisfied,satisfied,violated,satisfied,satisfied,satisfied,satisfied,False
20260830-stress-fence:c0461,arm-grid-R-I,8.5,12000000.0,0.36,False,1.3,0.85,0.07,405.45502942420705,397.44655211625945,3.1312347175040447,1839.250665615342,284.4488285168138,0.01979690603265426,10.478227654698241,28.989763177998466,589683807.4072604,10762267598.576197,4220613818.181818,4927379178.961733,4166181818.181818,54432000.0,10762267598.576197,55481538.49533908,359534.9171086249,satisfied,satisfied,violated,satisfied,satisfied,satisfied,satisfied,False
20260830-stress-fence:c0462,arm-grid-R-I,8.5,12500000.0,0.36,False,1.3,0.85,0.07,415.2814246828742,407.06064105058124,3.1312347175040447,1839.250665615342,284.4488285168138,0.018244828599694164,10.914820473644001,30.197669977081734,639847881.3012807,11047577450.576197,4394204727.272727,5132686644.751806,4339772727.272727,54432000.0,11047577450.576197,55481538.49533908,359534.9171086249,satisfied,satisfied,violated,satisfied,satisfied,satisfied,satisfied,False
20260830-stress-fence:c0463,arm-grid-R-I,8.5,13000000.0,0.36,False,1.3,0.85,0.07,425.10781994154144,416.6747299849029,3.1312347175040447,1839.250665615342,284.4488285168138,0.0168683696372912,11.351413292589761,31.405576776165006,692059468.4154652,11332887302.576197,4567795636.363637,5337994110.541878,4513363636.363637,54432000.0,11332887302.576197,55481538.49533908,359534.9171086249,satisfied,satisfied,violated,satisfied,satisfied,satisfied,satisfied,False
20260830-stress-fence:c0464,arm-grid-R-I,8.5,13500000.0,0.36,False,1.3,0.85,0.07,434.93421520020854,426.28881891922464,3.1312347175040447,1839.250665615342,284.4488285168138,0.015641999828270033,11.788006111535521,32.613483575248274,746318568.7498139,11618197154.576195,4741386545.454545,5543301576.33195,4686954545.454545,54432000.0,11618197154.576195,55481538.49533908,359534.9171086249,satisfied,satisfied,violated,satisfied,satisfied,satisfied,satisfied,False
20260830-stress-fence:c0465,arm-grid-R-I,8.5,14000000.0,0.36,False,1.3,0.85,0.07,444.7606104588757,435.90290785354637,3.1312347175040447,1839.250665615342,284.4488285168138,0.014544665656643948,12.22459893048128,33.82139037433154,802625182.3043265,11903507006.576197,4914977454.545455,5748609042.122021,4860545454.545455,54432000.0,11903507006.576197,55481538.49533908,359534.9171086249,satisfied,satisfied,violated,satisfied,satisfied,satisfied,violated,False
20260830-stress-fence:c0466,arm-grid-R-I,8.5,14500000.0,0.36,False,1.3,0.85,0.07,454.5870057175428,445.51699678786804,3.1312347175040447,1839.250665615342,284.4488285168138,0.013558879756015283,12.661191749427042,35.02929717341482,860979309.0790036,12188816858.576195,5088568363.636363,5953916507.912094,5034136363.636363,54432000.0,12188816858.576195,55481538.49533908,359534.9171086249,satisfied,satisfied,violated,satisfied,satisfied,satisfied,violated,False
20260830-stress-fence:c0467,arm-grid-R-I,8.5,15000000.0,0.36,False,1.3,0.85,0.07,464.41340097620997,455.13108572218977,3.1312347175040447,1839.250665615342,284.4488285168138,0.012670019860898728,13.0977845683728,36.23720397249808,921380949.0738442,12474126710.576195,5262159272.727273,6159223973.702166,5207727272.727273,54432000.0,12474126710.576195,55481538.49533908,359534.9171086249,satisfied,satisfied,violated,satisfied,satisfied,satisfied,violated,False
20260830-stress-fence:c0468,arm-grid-R-I,8.5,15500000.0,0.36,False,1.3,0.85,0.07,474.2397962348772,464.7451746565115,3.1312347175040447,1839.250665615342,284.4488285168138,0.011865783428521182,13.53437738731856,37.44511077158135,983830102.2888492,12759436562.576197,5435750181.818182,6364531439.492238,5381318181.818182,54432000.0,12759436562.576197,55481538.49533908,359534.9171086249,satisfied,satisfied,violated,satisfied,satisfied,satisfied,violated,False
20260830-stress-fence:c0469,arm-grid-R-I,8.5,16000000.0,0.36,False,1.3,0.85,0.07,484.06619149354424,474.3592635908331,3.1312347175040447,1839.250665615342,284.4488285168138,0.011135759643368022,13.97097020626432,38.653017570664616,1048326768.7240182,13044746414.576193,5609341090.90909,6569838905.282311,5554909090.90909,54432000.0,13044746414.576193,55481538.49533908,359534.9171086249,satisfied,satisfied,violated,satisfied,satisfied,satisfied,violated,False
20260830-stress-fence:c0470,arm-grid-R-I,8.5,16500000.0,0.36,False,1.3,0.85,0.07,493.89258675221146,483.9733525251548,3.1312347175040447,1839.250665615342,284.4488285168138,0.01047109079413118,14.40756302521008,39.86092436974789,1114870948.3793516,13330056266.576193,5782931999.999999,6775146371.072383,5728499999.999999,54432000.0,13330056266.576193,55481538.49533908,359534.9171086249,satisfied,satisfied,violated,satisfied,satisfied,satisfied,violated,False
20260830-stress-fence:c0471,arm-grid-R-I,8.5,17000000.0,0.36,False,1.3,0.85,0.07,503.7189820108787,493.58744145947657,3.1312347175040447,1839.250665615342,284.4488285168138,0.009864202313848488,14.844155844155843,41.06883116883117,1183462641.2548492,13615366118.576195,5956522909.090909,6980453836.862454,5902090909.090909,54432000.0,13615366118.576195,55481538.49533908,359534.9171086249,satisfied,satisfied,violated,satisfied,satisfied,satisfied,violated,False
20260830-stress-fence:c0472,arm-grid-R-I,8.5,17500000.0,0.36,False,1.3,0.85,0.07,513.5453772695458,503.20153039379835,3.1312347175040447,1839.250665615342,284.4488285168138,0.009308586020252125,15.280748663101601,42.27673796791443,1254101847.3505101,13900675970.576195,6130113818.181818,7185761302.652529,6075681818.181818,54432000.0,13900675970.576195,55481538.49533908,359534.9171086249,satisfied,satisfied,violated,satisfied,satisfied,satisfied,violated,False
20260830-stress-fence:c0473,arm-grid-R-I,8.5,18000000.0,0.36,False,1.3,0.85,0.07,523.371772528213,512.8156193281201,3.1312347175040447,1839.250665615342,284.4488285168138,0.008798624903401893,15.717341482047361,43.4846447669977,1326788566.6663358,14185985822.576197,6303704727.272726,7391068768.4426,6249272727.272726,54432000.0,14185985822.576197,55481538.49533908,359534.9171086249,satisfied,satisfied,violated,satisfied,satisfied,satisfied,violated,False
20260830-stress-fence:c0474,arm-grid-R-I,8.5,18500000.0,0.36,False,1.3,0.85,0.07,533.1981677868803,522.429708262442,3.1312347175040447,1839.250665615342,284.4488285168138,0.008329450602490032,16.15393430099312,44.692551566080965,1401522799.202325,14471295674.5762,6477295636.363637,7596376234.232673,6422863636.363637,54432000.0,14471295674.5762,55481538.49533908,359534.9171086249,satisfied,satisfied,violated,satisfied,satisfied,satisfied,violated,False
20260830-stress-fence:c0475,arm-grid-R-I,8.5,19000000.0,0.36,False,1.3,0.85,0.07,543.0245630455474,532.0437971967634,3.1312347175040447,1839.250665615342,284.4488285168138,0.007896826783108622,16.590527119938884,45.90045836516424,1478304544.9584792,14756605526.576197,6650886545.454546,7801683700.022744,6596454545.454546,54432000.0,14756605526.576197,55481538.49533908,359534.9171086249,satisfied,satisfied,violated,satisfied,satisfied,satisfied,violated,False
20260830-stress-fence:c0476,arm-grid-R-I,8.5,19500000.0,0.36,False,1.3,0.85,0.07,552.8509583042146,541.6578861310853,3.1312347175040447,1839.250665615342,284.4488285168138,0.007497053172129424,17.027119938884642,47.10836516424751,1557133803.934797,15041915378.576197,6824477454.545454,8006991165.812818,6770045454.545454,54432000.0,15041915378.576197,55481538.49533908,359534.9171086249,satisfied,satisfied,violated,satisfied,satisfied,satisfied,violated,False
20260830-stress-fence:c0477,arm-grid-R-I,8.5,20000000.0,0.36,False,1.3,0.85,0.07,562.677353562882,551.2719750654071,3.1312347175040447,1839.250665615342,284.4488285168138,0.007126886171755535,17.4637127578304,48.31627196333077,1638010576.1312783,15327225230.5762,6998068363.636364,8212298631.602887,6943636363.636364,54432000.0,15327225230.5762,55481538.49533908,359534.9171086249,satisfied,satisfied,violated,satisfied,satisfied,satisfied,violated,False
20260830-stress-fence:c0478,arm-grid-R-I,8.5,20500000.0,0.36,False,1.3,0.85,0.07,572.5037488215489,560.8860639997288,3.1312347175040447,1839.250665615342,284.4488285168138,0.006783472858303898,17.900305576776162,49.524178762414046,1720934861.5479248,15612535082.5762,7171659272.727274,8417606097.3929615,7117227272.727274,54432000.0,15612535082.5762,55481538.49533908,359534.9171086249,satisfied,satisfied,violated,satisfied,satisfied,satisfied,violated,False
20260830-stress-fence:c0479,arm-grid-R-I,8.5,21000000.0,0.36,False,1.3,0.85,0.07,582.3301440802161,570.5001529340503,3.1312347175040447,1839.250665615342,284.4488285168138,0.0064642958473973096,18.33689839572192,50.732085561497314,1805906660.1847348,15897844934.576197,7345250181.818181,8622913563.183033,7290818181.818181,54432000.0,15897844934.576197,55481538.49533908,359534.9171086249,satisfied,satisfied,violated,satisfied,satisfied,satisfied,violated,False
20260830-stress-fence:c0480,arm-grid-R-I,8.5,21500000.0,0.36,False,1.3,0.85,0.07,592.1565393388835,580.1142418683723,3.1312347175040447,1839.250665615342,284.4488285168138,0.006167127028019933,18.77349121466768,51.939992360580575,1892925972.0417087,16183154786.576202,7518841090.909092,8828221028.973104,7464409090.909092,54432000.0,16183154786.576202,55481538.49533908,359534.9171086249,satisfied,satisfied,violated,satisfied,satisfied,satisfied,violated,False
20260830-stress-fence:c0481,arm-grid-R-I,8.5,22000000.0,0.36,False,1.3,0.85,0.07,601.9829345975504,589.7283308026938,3.1312347175040447,1839.250665615342,284.4488285168138,0.005889988571698789,19.21008403361344,53.14789915966385,1981992797.1188474,16468464638.576197,7692432000.0,9033528494.763178,7638000000.0,54432000.0,16468464638.576197,55481538.49533908,359534.9171086249,satisfied,satisfied,violated,satisfied,satisfied,satisfied,violated,False
20260830-stress-fence:c0482,arm-grid-R-I,8.5,22500000.0,0.36,False,1.3,0.85,0.07,611.8093298562176,599.3424197370156,3.1312347175040447,1839.250665615342,284.4488285168138,0.005631119938177211,19.646676852559203,54.355805958747126,2073107135.4161499,16753774490.576197,7866022909.090908,9238835960.55325,7811590909.090908,54432000.0,16753774490.576197,55481538.49533908,359534.9171086249,satisfied,satisfied,violated,satisfied,satisfied,satisfied,violated,False
20260830-stress-fence:c0483,arm-grid-R-I,8.5,23000000.0,0.36,False,1.3,0.85,0.07,621.6357251148848,608.9565086713375,3.1312347175040447,1839.250665615342,284.4488285168138,0.005388949846317982,20.083269671504965,55.5637127578304,2166268986.9336166,17039084342.5762,8039613818.181819,9444143426.343323,7985181818.181819,54432000.0,17039084342.5762,55481538.49533908,359534.9171086249,satisfied,satisfied,violated,satisfied,satisfied,satisfied,violated,False
20260830-stress-fence:c0484,arm-grid-R-I,8.5,23500000.0,0.36,False,1.3,0.85,0.07,631.4621203735519,618.5705976056589,3.1312347175040447,1839.250665615342,284.4488285168138,0.005162072374291017,20.51986249045072,56.771619556913656,2261478351.6712465,17324394194.576195,8213204727.272727,9649450892.133392,8158772727.272727,54432000.0,17324394194.576195,55481538.49533908,359534.9171086249,satisfied,satisfied,violated,satisfied,satisfied,satisfied,violated,False
20260830-stress-fence:c0485,arm-grid-R-I,8.5,24000000.0,0.36,False,1.3,0.85,0.07,641.2885156322192,628.1846865399807,3.1312347175040447,1839.250665615342,284.4488285168138,0.004949226508163565,20.956455309396482,57.97952635599693,2358735229.6290417,17609704046.5762,8386795636.363636,9854758357.923466,8332363636.363636,54432000.0,17609704046.5762,55481538.49533908,359534.9171086249,satisfied,satisfied,violated,satisfied,satisfied,satisfied,violated,False
20260830-stress-fence:c0486,arm-grid-R-I,8.5,24500000.0,0.36,False,1.3,0.85,0.07,651.1149108908861,637.7987754743024,3.1312347175040447,1839.250665615342,284.4488285168138,0.004749278581761288,21.393048128342244,59.18743315508021,2458039620.8070006,17895013898.576195,8560386545.454545,10060065823.71354,8505954545.454545,54432000.0,17895013898.576195,55481538.49533908,359534.9171086249,satisfied,satisfied,violated,satisfied,satisfied,satisfied,violated,False
20260830-stress-fence:c0487,arm-grid-R-I,8.5,25000000.0,0.36,False,1.3,0.85,0.07,660.9413061495534,647.412864408624,3.1312347175040447,1839.250665615342,284.4488285168138,0.004561207149923541,21.829640947288002,60.39533995416347,2559391525.205123,18180323750.576195,8733977454.545454,10265373289.503613,8679545454.545454,54432000.0,18180323750.576195,55481538.49533908,359534.9171086249,satisfied,satisfied,violated,satisfied,satisfied,satisfied,violated,False
20260830-stress-fence:c0488,arm-grid-R-I,8.5,25500000.0,0.36,False,1.3,0.85,0.07,670.7677014082205,657.0269533429457,3.1312347175040447,1839.250665615342,284.4488285168138,0.004384089917265996,22.26623376623376,61.60324675324674,2662790942.82341,18465633602.576195,8907568363.636362,10470680755.293682,8853136363.636362,54432000.0,18465633602.576195,55481538.49533908,359534.9171086249,satisfied,satisfied,violated,satisfied,satisfied,satisfied,violated,False
20260830-stress-fence:c0489,arm-grid-R-I,8.5,26000000.0,0.36,False,1.3,0.85,0.07,680.5940966668879,666.6410422772677,3.1312347175040447,1839.250665615342,284.4488285168138,0.0042170924093228,22.702826585179523,62.81115355233001,2768237873.661861,18750943454.576202,9081159272.727274,10675988221.083755,9026727272.727274,54432000.0,18750943454.576202,55481538.49533908,359534.9171086249,satisfied,satisfied,violated,satisfied,satisfied,satisfied,violated,False
20260830-stress-fence:c0490,arm-grid-R-I,9.0,2000000.0,0.36,False,1.3,0.85,0.07,198.9262649211129,195.35720854763542,3.1312347175040447,1947.441881239774,301.18111254721464,0.7990003874217275,1.6493506493506491,4.563203463203463,15470099.885684298,5268329313.620949,748795636.3636363,821229863.1602892,694363636.3636363,54432000.0,5268329313.620949,59963469.91735977,380684.02987972036,violated,satisfied,satisfied,satisfied,satisfied,satisfied,satisfied,False
20260830-stress-fence:c0491,arm-grid-R-I,9.0,2500000.0,0.36,False,1.3,0.85,0.07,207.87225804327187,204.1099170656859,3.1312347175040447,1947.441881239774,301.18111254721464,0.5113602479499056,2.0616883116883113,5.704004329004328,24172031.071381718,5553639165.620948,922386545.4545455,1026537328.9503613,867954545.4545455,54432000.0,5553639165.620948,59963469.91735977,380684.02987972036,violated,satisfied,satisfied,satisfied,satisfied,satisfied,satisfied,False
20260830-stress-fence:c0492,arm-grid-R-I,9.0,3000000.0,0.36,False,1.3,0.85,0.07,216.81825116543092,212.86262558373642,3.1312347175040447,1947.441881239774,301.18111254721464,0.3551112832985455,2.474025974025974,6.844805194805194,34807724.74278968,5838949017.620949,1095977454.5454545,1231844794.7404337,1041545454.5454545,54432000.0,5838949017.620949,59963469.91735977,380684.02987972036,violated,satisfied,satisfied,satisfied,satisfied,satisfied,satisfied,False
20260830-stress-fence:c0493,arm-grid-R-I,9.0,3500000.0,0.36,False,1.3,0.85,0.07,225.76424428758995,221.61533410178694,3.1312347175040447,1947.441881239774,301.18111254721464,0.2608980856887274,2.886363636363636,7.985606060606059,47377180.89990817,6124258869.62095,1269568363.6363637,1437152260.5305057,1215136363.6363637,54432000.0,6124258869.62095,59963469.91735977,380684.02987972036,violated,satisfied,satisfied,satisfied,satisfied,satisfied,satisfied,False
20260830-stress-fence:c0494,arm-grid-R-I,9.0,4000000.0,0.36,False,1.3,0.85,0.07,234.71023740974894,230.36804261983744,3.1312347175040447,1947.441881239774,301.18111254721464,0.19975009685543188,3.2987012987012982,9.126406926406926,61880399.54273719,6409568721.62095,1443159272.7272725,1642459726.3205783,1388727272.7272725,54432000.0,6409568721.62095,59963469.91735977,380684.02987972036,violated,satisfied,satisfied,satisfied,satisfied,satisfied,satisfied,False
20260830-stress-fence:c0495,arm-grid-R-I,9.0,4500000.0,0.36,False,1.3,0.85,0.07,243.65623053190797,239.1207511378879,3.1312347175040447,1947.441881239774,301.18111254721464,0.1578272370215758,3.7110389610389607,10.267207792207792,78317380.67127678,6694878573.62095,1616750181.8181815,1847767192.11065,1562318181.8181815,54432000.0,6694878573.62095,59963469.91735977,380684.02987972036,violated,satisfied,satisfied,satisfied,satisfied,satisfied,satisfied,False
20260830-stress-fence:c0496,arm-grid-R-I,9.0,5000000.0,0.36,False,1.3,0.85,0.07,252.602223654067,247.87345965593843,3.1312347175040447,1947.441881239774,301.18111254721464,0.1278400619874764,4.123376623376623,11.408008658008656,96688124.28552687,6980188425.62095,1790341090.909091,2053074657.9007225,1735909090.909091,54432000.0,6980188425.62095,59963469.91735977,380684.02987972036,violated,satisfied,satisfied,satisfied,satisfied,satisfied,satisfied,False
20260830-stress-fence:c0497,arm-grid-R-I,9.0,5500000.0,0.36,False,1.3,0.85,0.07,261.548216776226,256.6261681739889,3.1312347175040447,1947.441881239774,301.18111254721464,0.10565294379130284,4.535714285714285,12.54880952380952,116992630.38548751,7265498277.62095,1963932000.0,2258382123.6907945,1909500000.0,54432000.0,7265498277.62095,59963469.91735977,380684.02987972036,violated,satisfied,satisfied,satisfied,satisfied,satisfied,satisfied,False
20260830-stress-fence:c0498,arm-grid-R-I,9.0,6000000.0,0.36,False,1.3,0.85,0.07,270.49420989838495,265.3788766920394,3.1312347175040447,1947.441881239774,301.18111254721464,0.08877782082463638,4.948051948051948,13.689610389610388,139230898.9711587,7550808129.620949,2137522909.090909,2463689589.4808674,2083090909.090909,54432000.0,7550808129.620949,59963469.91735977,380684.02987972036,violated,satisfied,satisfied,satisfied,satisfied,satisfied,satisfied,False
20260830-stress-fence:c0499,arm-grid-R-I,9.0,6500000.0,0.36,False,1.3,0.85,0.07,279.440203020544,274.1315852100899,3.1312347175040447,1947.441881239774,301.18111254721464,0.07564500709318131,5.36038961038961,14.830411255411253,163402930.0425404,7836117981.62095,2311113818.1818185,2668997055.270939,2256681818.1818185,54432000.0,7836117981.62095,59963469.91735977,380684.02987972036,violated,satisfied,satisfied,satisfied,satisfied,satisfied,satisfied,False
20260830-stress-fence:c0500,arm-grid-R-I,9.0,7000000.0,0.36,False,1.3,0.85,0.07,288.38619614270306,282.88429372814045,3.1312347175040447,1947.441881239774,301.18111254721464,0.06522452142218185,5.772727272727272,15.971212121212117,189508723.59963268,8121427833.620951,2484704727.2727275,2874304521.0610113,2430272727.2727275,54432000.0,8121427833.620951,59963469.91735977,380684.02987972036,violated,satisfied,satisfied,satisfied,satisfied,satisfied,satisfied,False
20260830-stress-fence:c0501,arm-grid-R-I,9.0,7500000.0,0.36,False,1.3,0.85,0.07,297.3321892648621,291.63700224619095,3.1312347175040447,1947.441881239774,301.18111254721464,0.0568178053277673,6.185064935064934,17.11201298701298,217548279.64243543,8406737685.620951,2658295636.3636365,3079611986.851083,2603863636.3636365,54432000.0,8406737685.620951,59963469.91735977,380684.02987972036,violated,satisfied,satisfied,satisfied,satisfied,satisfied,satisfied,False
20260830-stress-fence:c0502,arm-grid-R-I,9.0,8000000.0,0.36,False,1.3,0.85,0.07,306.278182387021,300.3897107642414,3.1312347175040447,1947.441881239774,301.18111254721464,0.04993752421385797,6.5974025974025965,18.25281385281385,247521598.17094877,8692047537.620949,2831886545.454545,3284919452.6411567,2777454545.454545,54432000.0,8692047537.620949,59963469.91735977,380684.02987972036,satisfied,satisfied,satisfied,satisfied,satisfied,satisfied,satisfied,True
20260830-stress-fence:c0503,arm-grid-R-I,9.0,8500000.0,0.36,False,1.3,0.85,0.07,315.2241755091801,309.1424192822919,3.1312347175040447,1947.441881239774,301.18111254721464,0.044235315566600826,7.009740259740259,19.393614718614717,279428679.18517274,8977357389.62095,3005477454.5454545,3490226918.431228,2951045454.5454545,54432000.0,8977357389.62095,59963469.91735977,380684.02987972036,satisfied,satisfied,satisfied,satisfied,satisfied,satisfied,satisfied,True
20260830-stress-fence:c0504,arm-grid-R-I,9.0,9000000.0,0.36,False,1.3,0.85,0.07,324.1701686313391,317.89512780034244,3.1312347175040447,1947.441881239774,301.18111254721464,0.03945680925539395,7.422077922077921,20.534415584415584,313269522.6851071,9262667241.62095,3179068363.636363,3695534384.2213,3124636363.636363,54432000.0,9262667241.62095,59963469.91735977,380684.02987972036,satisfied,satisfied,satisfied,satisfied,satisfied,satisfied,satisfied,True
20260830-stress-fence:c0505,arm-grid-R-I,9.0,9500000.0,0.36,False,1.3,0.85,0.07,333.11616175349815,326.64783631839293,3.1312347175040447,1947.441881239774,301.18111254721464,0.03541275955331757,7.834415584415583,21.675216450216446,349044128.67075205,9547977093.620953,3352659272.727273,3900841850.011372,3298227272.727273,54432000.0,9547977093.620953,59963469.91735977,380684.02987972036,satisfied,satisfied,satisfied,satisfied,satisfied,satisfied,satisfied,True
20260830-stress-fence:c0506,arm-grid-R-I,9.0,10000000.0,0.36,False,1.3,0.85,0.07,342.06215487565703,335.4005448364434,3.1312347175040447,1947.441881239774,301.18111254721464,0.0319600154968691,8.246753246753245,22.816017316017312,386752497.1421075,9833286945.620949,3526250181.818182,4106149315.801445,3471818181.818182,54432000.0,9833286945.620949,59963469.91735977,380684.02987972036,satisfied,satisfied,satisfied,satisfied,satisfied,satisfied,satisfied,True
20260830-stress-fence:c0507,arm-grid-R-I,9.0,10500000.0,0.36,False,1.3,0.85,0.07,351.0081479978161,344.15325335449387,3.1312347175040447,1947.441881239774,301.18111254721464,0.028988676187636373,8.659090909090908,23.95681818181818,426394628.0991735,10118596797.62095,3699841090.9090905,4311456781.591517,3645409090.9090905,54432000.0,10118596797.62095,59963469.91735977,380684.02987972036,satisfied,satisfied,satisfied,satisfied,satisfied,satisfied,satisfied,True
20260830-stress-fence:c0508,arm-grid-R-I,9.0,11000000.0,0.36,False,1.3,0.85,0.07,359.9541411199751,352.9059618725444,3.1312347175040447,1947.441881239774,301.18111254721464,0.02641323594782571,9.07142857142857,25.09761904761904,467970521.54195005,10403906649.62095,3873432000.0,4516764247.381589,3819000000.0,54432000.0,10403906649.62095,59963469.91735977,380684.02987972036,satisfied,satisfied,violated,satisfied,satisfied,satisfied,satisfied,False
20260830-stress-fence:c0509,arm-grid-R-I,9.0,11500000.0,0.36,False,1.3,0.85,0.07,368.9001342421342,361.658670390595,3.1312347175040447,1947.441881239774,301.18111254721464,0.02416636332466472,9.483766233766234,26.238419913419914,511480177.4704373,10689216501.620953,4047022909.0909095,4722071713.171661,3992590909.0909095,54432000.0,10689216501.620953,59963469.91735977,380684.02987972036,satisfied,satisfied,violated,satisfied,satisfied,satisfied,satisfied,False
20260830-stress-fence:c0510,arm-grid-R-I,9.0,12000000.0,0.36,False,1.3,0.85,0.07,377.846127364293,370.41137890864536,3.1312347175040447,1947.441881239774,301.18111254721464,0.022194455206159095,9.896103896103895,27.379220779220777,556923595.8846349,10974526353.620949,4220613818.181818,4927379178.961735,4166181818.181818,54432000.0,10974526353.620949,59963469.91735977,380684.02987972036,satisfied,satisfied,violated,satisfied,satisfied,satisfied,satisfied,False
20260830-stress-fence:c0511,arm-grid-R-I,9.0,12500000.0,0.36,False,1.3,0.85,0.07,386.7921204864521,379.1640874266959,3.1312347175040447,1947.441881239774,301.18111254721464,0.02045440991799622,10.308441558441558,28.520021645021643,604300776.7845429,11259836205.62095,4394204727.272727,5132686644.751806,4339772727.272727,54432000.0,11259836205.62095,59963469.91735977,380684.02987972036,satisfied,satisfied,violated,satisfied,satisfied,satisfied,satisfied,False
20260830-stress-fence:c0512,arm-grid-R-I,9.0,13000000.0,0.36,False,1.3,0.85,0.07,395.73811360861123,387.9167959447465,3.1312347175040447,1947.441881239774,301.18111254721464,0.018911251773295328,10.72077922077922,29.660822510822506,653611720.1701616,11545146057.620953,4567795636.363637,5337994110.541878,4513363636.363637,54432000.0,11545146057.620953,59963469.91735977,380684.02987972036,satisfied,satisfied,violated,satisfied,satisfied,satisfied,satisfied,False
20260830-stress-fence:c0513,arm-grid-R-I,9.0,13500000.0,0.36,False,1.3,0.85,0.07,404.6841067307701,396.66950446279685,3.1312347175040447,1947.441881239774,301.18111254721464,0.01753635966906398,11.133116883116882,30.801623376623372,704856426.0414909,11830455909.620949,4741386545.454545,5543301576.33195,4686954545.454545,54432000.0,11830455909.620949,59963469.91735977,380684.02987972036,satisfied,satisfied,violated,satisfied,satisfied,satisfied,satisfied,False
20260830-stress-fence:c0514,arm-grid-R-I,9.0,14000000.0,0.36,False,1.3,0.85,0.07,413.6300998529292,405.42221298084746,3.1312347175040447,1947.441881239774,301.18111254721464,0.016306130355545463,11.545454545454543,31.942424242424234,758034894.3985307,12115765761.620953,4914977454.545455,5748609042.122023,4860545454.545455,54432000.0,12115765761.620953,59963469.91735977,380684.02987972036,satisfied,satisfied,violated,satisfied,satisfied,satisfied,satisfied,False
20260830-stress-fence:c0515,arm-grid-R-I,9.0,14500000.0,0.36,False,1.3,0.85,0.07,422.5760929750881,414.17492149889785,3.1312347175040447,1947.441881239774,301.18111254721464,0.015200958619200526,11.957792207792206,33.0832251082251,813147125.2412809,12401075613.620949,5088568363.636363,5953916507.912094,5034136363.636363,54432000.0,12401075613.620949,59963469.91735977,380684.02987972036,satisfied,satisfied,violated,satisfied,satisfied,satisfied,violated,False
20260830-stress-fence:c0516,arm-grid-R-I,9.0,15000000.0,0.36,False,1.3,0.85,0.07,431.5220860972471,422.9276300169483,3.1312347175040447,1947.441881239774,301.18111254721464,0.014204451331941825,12.370129870129867,34.22402597402596,870193118.5697417,12686385465.620949,5262159272.727273,6159223973.702166,5207727272.727273,54432000.0,12686385465.620949,59963469.91735977,380684.02987972036,satisfied,satisfied,violated,satisfied,satisfied,satisfied,violated,False
20260830-stress-fence:c0517,arm-grid-R-I,9.0,15500000.0,0.36,False,1.3,0.85,0.07,440.46807921940615,431.68033853499884,3.1312347175040447,1947.441881239774,301.18111254721464,0.013302816023670803,12.78246753246753,35.36482683982683,929172874.3839134,12971695317.620949,5435750181.818182,6364531439.49224,5381318181.818182,54432000.0,12971695317.620949,59963469.91735977,380684.02987972036,satisfied,satisfied,violated,satisfied,satisfied,satisfied,violated,False
20260830-stress-fence:c0518,arm-grid-R-I,9.0,16000000.0,0.36,False,1.3,0.85,0.07,449.41407234156515,440.43304705304934,3.1312347175040447,1947.441881239774,301.18111254721464,0.012484381053464493,13.194805194805193,36.5056277056277,990086392.6837951,13257005169.620949,5609341090.90909,6569838905.282313,5554909090.90909,54432000.0,13257005169.620949,59963469.91735977,380684.02987972036,satisfied,satisfied,violated,satisfied,satisfied,satisfied,violated,False
20260830-stress-fence:c0519,arm-grid-R-I,9.0,16500000.0,0.36,False,1.3,0.85,0.07,458.3600654637242,449.18575557109983,3.1312347175040447,1947.441881239774,301.18111254721464,0.011739215976811422,13.607142857142856,37.646428571428565,1052933673.4693877,13542315021.620949,5782931999.999999,6775146371.072383,5728499999.999999,54432000.0,13542315021.620949,59963469.91735977,380684.02987972036,satisfied,satisfied,violated,satisfied,satisfied,satisfied,violated,False
20260830-stress-fence:c0520,arm-grid-R-I,9.0,17000000.0,0.36,False,1.3,0.85,0.07,467.3060585858833,457.9384640891504,3.1312347175040447,1947.441881239774,301.18111254721464,0.011058828891650207,14.019480519480519,38.787229437229435,1117714716.740691,13827624873.620953,5956522909.090909,6980453836.862456,5902090909.090909,54432000.0,13827624873.620953,59963469.91735977,380684.02987972036,satisfied,satisfied,violated,satisfied,satisfied,satisfied,violated,False
20260830-stress-fence:c0521,arm-grid-R-I,9.0,17500000.0,0.36,False,1.3,0.85,0.07,476.2520517080422,466.69117260720077,3.1312347175040447,1947.441881239774,301.18111254721464,0.010435923427549095,14.43181818181818,39.9280303030303,1184429522.4977043,14112934725.620947,6130113818.181818,7185761302.652526,6075681818.181818,54432000.0,14112934725.620947,59963469.91735977,380684.02987972036,satisfied,satisfied,violated,satisfied,satisfied,satisfied,violated,False
20260830-stress-fence:c0522,arm-grid-R-I,9.0,18000000.0,0.36,False,1.3,0.85,0.07,485.19804483020107,475.44388112525127,3.1312347175040447,1947.441881239774,301.18111254721464,0.009864202313848488,14.844155844155843,41.06883116883117,1253078090.7404284,14398244577.620947,6303704727.272726,7391068768.4426,6249272727.272726,54432000.0,14398244577.620947,59963469.91735977,380684.02987972036,satisfied,satisfied,violated,satisfied,satisfied,satisfied,violated,False
20260830-stress-fence:c0523,arm-grid-R-I,9.0,18500000.0,0.36,False,1.3,0.85,0.07,494.14403795236024,484.1965896433018,3.1312347175040447,1947.441881239774,301.18111254721464,0.009338207595871176,15.256493506493504,42.20963203463203,1323660421.468863,14683554429.62095,6477295636.363637,7596376234.232673,6422863636.363637,54432000.0,14683554429.62095,59963469.91735977,380684.02987972036,satisfied,satisfied,violated,satisfied,satisfied,satisfied,violated,False
20260830-stress-fence:c0524,arm-grid-R-I,9.0,19000000.0,0.36,False,1.3,0.85,0.07,503.09003107451923,492.94929816135243,3.1312347175040447,1947.441881239774,301.18111254721464,0.008853189888329392,15.668831168831167,43.35043290043289,1396176514.6830082,14968864281.62095,6650886545.454546,7801683700.022744,6596454545.454546,54432000.0,14968864281.62095,59963469.91735977,380684.02987972036,satisfied,satisfied,violated,satisfied,satisfied,satisfied,violated,False
20260830-stress-fence:c0525,arm-grid-R-I,9.0,19500000.0,0.36,False,1.3,0.85,0.07,512.0360241966782,501.7020066794028,3.1312347175040447,1947.441881239774,301.18111254721464,0.008405000788131257,16.081168831168828,44.491233766233755,1470626370.3828638,15254174133.620949,6824477454.545454,8006991165.812818,6770045454.545454,54432000.0,15254174133.620949,59963469.91735977,380684.02987972036,satisfied,satisfied,violated,satisfied,satisfied,satisfied,violated,False
20260830-stress-fence:c0526,arm-grid-R-I,9.0,20000000.0,0.36,False,1.3,0.85,0.07,520.9820173188373,510.4547151974533,3.1312347175040447,1947.441881239774,301.18111254721464,0.007990003874217276,16.49350649350649,45.632034632034625,1547009988.56843,15539483985.62095,6998068363.636364,8212298631.60289,6943636363.636364,54432000.0,15539483985.62095,59963469.91735977,380684.02987972036,satisfied,satisfied,violated,satisfied,satisfied,satisfied,violated,False
20260830-stress-fence:c0527,arm-grid-R-I,9.0,20500000.0,0.36,False,1.3,0.85,0.07,529.9280104409963,519.2074237155039,3.1312347175040447,1947.441881239774,301.18111254721464,0.007605000713115788,16.905844155844154,46.772835497835494,1625327369.2397068,15824793837.620953,7171659272.727274,8417606097.3929615,7117227272.727274,54432000.0,15824793837.620953,59963469.91735977,380684.02987972036,satisfied,satisfied,violated,satisfied,satisfied,satisfied,violated,False
20260830-stress-fence:c0528,arm-grid-R-I,9.0,21000000.0,0.36,False,1.3,0.85,0.07,538.8740035631552,527.9601322335543,3.1312347175040447,1947.441881239774,301.18111254721464,0.007247169046909093,17.318181818181817,47.91363636363636,1705578512.396694,16110103689.620949,7345250181.818181,8622913563.183035,7290818181.818181,54432000.0,16110103689.620949,59963469.91735977,380684.02987972036,satisfied,satisfied,violated,satisfied,satisfied,satisfied,violated,False
20260830-stress-fence:c0529,arm-grid-R-I,9.0,21500000.0,0.36,False,1.3,0.85,0.07,547.8199966853145,536.712840751605,3.1312347175040447,1947.441881239774,301.18111254721464,0.006914010924146914,17.730519480519476,49.05443722943721,1787763418.0393915,16395413541.620956,7518841090.909092,8828221028.973104,7464409090.909092,54432000.0,16395413541.620956,59963469.91735977,380684.02987972036,satisfied,satisfied,violated,satisfied,satisfied,satisfied,violated,False
20260830-stress-fence:c0530,arm-grid-R-I,9.0,22000000.0,0.36,False,1.3,0.85,0.07,556.7659898074734,545.4655492696553,3.1312347175040447,1947.441881239774,301.18111254721464,0.006603308986956428,18.14285714285714,50.19523809523808,1871882086.1678002,16680723393.62095,7692432000.0,9033528494.763178,7638000000.0,54432000.0,16680723393.62095,59963469.91735977,380684.02987972036,satisfied,satisfied,violated,satisfied,satisfied,satisfied,violated,False
20260830-stress-fence:c0531,arm-grid-R-I,9.0,22500000.0,0.36,False,1.3,0.85,0.07,565.7119829296323,554.2182577877059,3.1312347175040447,1947.441881239774,301.18111254721464,0.006313089480863031,18.555194805194805,51.33603896103896,1957934516.7819192,16966033245.62095,7866022909.090908,9238835960.553251,7811590909.090908,54432000.0,16966033245.62095,59963469.91735977,380684.02987972036,satisfied,satisfied,violated,satisfied,satisfied,satisfied,violated,False
20260830-stress-fence:c0532,arm-grid-R-I,9.0,23000000.0,0.36,False,1.3,0.85,0.07,574.6579760517914,562.9709663057564,3.1312347175040447,1947.441881239774,301.18111254721464,0.00604159083116618,18.967532467532468,52.47683982683983,2045920709.8817492,17251343097.620953,8039613818.181819,9444143426.343323,7985181818.181819,54432000.0,17251343097.620953,59963469.91735977,380684.02987972036,satisfied,satisfied,violated,satisfied,satisfied,satisfied,violated,False
20260830-stress-fence:c0533,arm-grid-R-I,9.0,23500000.0,0.36,False,1.3,0.85,0.07,583.6039691739503,571.7236748238068,3.1312347175040447,1947.441881239774,301.18111254721464,0.005787236848686121,19.379870129870127,53.617640692640684,2135840665.4672885,17536652949.620953,8213204727.272727,9649450892.133394,8158772727.272727,54432000.0,17536652949.620953,59963469.91735977,380684.02987972036,satisfied,satisfied,violated,satisfied,satisfied,satisfied,violated,False
20260830-stress-fence:c0534,arm-grid-R-I,9.0,24000000.0,0.36,False,1.3,0.85,0.07,592.5499622961094,580.4763833418573,3.1312347175040447,1947.441881239774,301.18111254721464,0.005548613801539774,19.79220779220779,54.758441558441554,2227694383.5385394,17821962801.620953,8386795636.363636,9854758357.92347,8332363636.363636,54432000.0,17821962801.620953,59963469.91735977,380684.02987972036,satisfied,satisfied,violated,satisfied,satisfied,satisfied,violated,False
20260830-stress-fence:c0535,arm-grid-R-I,9.0,24500000.0,0.36,False,1.3,0.85,0.07,601.4959554182683,589.2290918599077,3.1312347175040447,1947.441881239774,301.18111254721464,0.005324450728341374,20.204545454545453,55.899242424242416,2321481864.0955005,18107272653.62095,8560386545.454545,10060065823.713541,8505954545.454545,54432000.0,18107272653.62095,59963469.91735977,380684.02987972036,satisfied,satisfied,violated,satisfied,satisfied,satisfied,violated,False
20260830-stress-fence:c0536,arm-grid-R-I,9.0,25000000.0,0.36,False,1.3,0.85,0.07,610.4419485404272,597.9818003779582,3.1312347175040447,1947.441881239774,301.18111254721464,0.005113602479499055,20.616883116883116,57.040043290043286,2417203107.1381717,18392582505.62095,8733977454.545454,10265373289.503613,8679545454.545454,54432000.0,18392582505.62095,59963469.91735977,380684.02987972036,satisfied,satisfied,violated,satisfied,satisfied,satisfied,violated,False
20260830-stress-fence:c0537,arm-grid-R-I,9.0,25500000.0,0.36,False,1.3,0.85,0.07,619.3879416625863,606.7345088960087,3.1312347175040447,1947.441881239774,301.18111254721464,0.004915035062955648,21.029220779220775,58.18084415584414,2514858112.6665535,18677892357.62095,8907568363.636362,10470680755.293682,8853136363.636362,54432000.0,18677892357.62095,59963469.91735977,380684.02987972036,satisfied,satisfied,violated,satisfied,satisfied,satisfied,violated,False
20260830-stress-fence:c0538,arm-grid-R-I,9.0,26000000.0,0.36,False,1.3,0.85,0.07,628.3339347847455,615.4872174140593,3.1312347175040447,1947.441881239774,301.18111254721464,0.004727812943323832,21.44155844155844,59.32164502164501,2614446880.6806464,18963202209.620953,9081159272.727274,10675988221.083755,9026727272.727274,54432000.0,18963202209.620953,59963469.91735977,380684.02987972036,satisfied,satisfied,violated,satisfied,satisfied,satisfied,violated,False
20260830-stress-fence:c0539,arm-grid-R-I,9.5,2000000.0,0.36,False,1.3,0.85,0.07,190.66015338798547,187.250801168908,3.131234717504044,2055.6330968642055,317.91339657761546,0.890244258824826,1.5625427204374571,4.323034859876965,14655884.102227231,5483485912.199943,748795636.3636363,821229863.1602892,694363636.3636363,54432000.0,5483485912.199943,64576719.42727862,401833.14265081595,violated,satisfied,satisfied,satisfied,satisfied,satisfied,satisfied,False
20260830-stress-fence:c0540,arm-grid-R-I,9.5,2500000.0,0.36,False,1.3,0.85,0.07,198.87053237949095,195.283789027726,3.131234717504044,2055.6330968642055,317.91339657761546,0.5697563256478886,1.9531784005468216,5.4037935748462065,22899818.90973005,5768795764.199944,922386545.4545455,1026537328.9503613,867954545.4545455,54432000.0,5768795764.199944,64576719.42727862,401833.14265081595,violated,satisfied,satisfied,satisfied,satisfied,satisfied,satisfied,False
20260830-stress-fence:c0541,arm-grid-R-I,9.5,3000000.0,0.36,False,1.3,0.85,0.07,207.08091137099635,203.31677688654392,3.131234717504044,2055.6330968642055,317.91339657761546,0.39566411503325594,2.343814080656186,6.484552289815447,32975739.230011277,6054105616.199943,1095977454.5454545,1231844794.7404337,1041545454.5454545,54432000.0,6054105616.199943,64576719.42727862,401833.14265081595,violated,satisfied,satisfied,satisfied,satisfied,satisfied,satisfied,False
20260830-stress-fence:c0542,arm-grid-R-I,9.5,3500000.0,0.36,False,1.3,0.85,0.07,215.2912903625017,211.34976474536188,3.131234717504044,2055.6330968642055,317.91339657761546,0.2906920028815759,2.73444976076555,7.565311004784688,44883645.0630709,6339415468.199943,1269568363.6363637,1437152260.5305057,1215136363.6363637,54432000.0,6339415468.199943,64576719.42727862,401833.14265081595,violated,satisfied,satisfied,satisfied,satisfied,satisfied,satisfied,False
20260830-stress-fence:c0543,arm-grid-R-I,9.5,4000000.0,0.36,False,1.3,0.85,0.07,223.50166935400713,219.3827526041798,3.131234717504044,2055.6330968642055,317.91339657761546,0.2225610647062065,3.1250854408749142,8.64606971975393,58623536.408908926,6624725320.199942,1443159272.7272725,1642459726.3205783,1388727272.7272725,54432000.0,6624725320.199942,64576719.42727862,401833.14265081595,violated,satisfied,satisfied,satisfied,satisfied,satisfied,satisfied,False
20260830-stress-fence:c0544,arm-grid-R-I,9.5,4500000.0,0.36,False,1.3,0.85,0.07,231.71204834551256,227.41574046299777,3.131234717504044,2055.6330968642055,317.91339657761546,0.17585071779255823,3.5157211209842787,9.72682843472317,74195413.26752537,6910035172.199942,1616750181.8181815,1847767192.11065,1562318181.8181815,54432000.0,6910035172.199942,64576719.42727862,401833.14265081595,violated,satisfied,satisfied,satisfied,satisfied,satisfied,satisfied,False
20260830-stress-fence:c0545,arm-grid-R-I,9.5,5000000.0,0.36,False,1.3,0.85,0.07,239.92242733701798,235.44872832181574,3.131234717504044,2055.6330968642055,317.91339657761546,0.14243908141197215,3.906356801093643,10.807587149692413,91599275.6389202,7195345024.199943,1790341090.909091,2053074657.9007225,1735909090.909091,54432000.0,7195345024.199943,64576719.42727862,401833.14265081595,violated,satisfied,satisfied,satisfied,satisfied,satisfied,satisfied,False
20260830-stress-fence:c0546,arm-grid-R-I,9.5,5500000.0,0.36,False,1.3,0.85,0.07,248.13280632852343,243.48171618063375,3.131234717504044,2055.6330968642055,317.91339657761546,0.1177182491008034,4.296992481203008,11.888345864661654,110835123.52309345,7480654876.199943,1963932000.0,2258382123.690795,1909500000.0,54432000.0,7480654876.199943,64576719.42727862,401833.14265081595,violated,satisfied,satisfied,satisfied,satisfied,satisfied,satisfied,False
20260830-stress-fence:c0547,arm-grid-R-I,9.5,6000000.0,0.36,False,1.3,0.85,0.07,256.3431853200288,251.51470403945166,3.131234717504044,2055.6330968642055,317.91339657761546,0.09891602875831398,4.687628161312372,12.969104579630894,131902956.92004511,7765964728.199942,2137522909.090909,2463689589.4808674,2083090909.090909,54432000.0,7765964728.199942,64576719.42727862,401833.14265081595,violated,satisfied,satisfied,satisfied,satisfied,satisfied,satisfied,False
20260830-stress-fence:c0548,arm-grid-R-I,9.5,6500000.0,0.36,False,1.3,0.85,0.07,264.5535643115342,259.54769189826965,3.131234717504044,2055.6330968642055,317.91339657761546,0.08428348012542732,5.078263841421736,14.049863294600135,154802775.82977512,8051274580.199942,2311113818.1818185,2668997055.2709394,2256681818.1818185,54432000.0,8051274580.199942,64576719.42727862,401833.14265081595,violated,satisfied,satisfied,satisfied,satisfied,satisfied,satisfied,False
20260830-stress-fence:c0549,arm-grid-R-I,9.5,7000000.0,0.36,False,1.3,0.85,0.07,272.76394330303964,267.58067975708764,3.131234717504044,2055.6330968642055,317.91339657761546,0.07267300072039397,5.4688995215311,15.130622009569375,179534580.2522836,8336584432.199942,2484704727.2727275,2874304521.0610113,2430272727.2727275,54432000.0,8336584432.199942,64576719.42727862,401833.14265081595,violated,satisfied,satisfied,satisfied,satisfied,satisfied,satisfied,False
20260830-stress-fence:c0550,arm-grid-R-I,9.5,7500000.0,0.36,False,1.3,0.85,0.07,280.974322294545,275.61366761590546,3.131234717504044,2055.6330968642055,317.91339657761546,0.06330625840532098,5.859535201640464,16.211380724538614,206098370.18757042,8621894284.19994,2658295636.3636365,3079611986.851083,2603863636.3636365,54432000.0,8621894284.19994,64576719.42727862,401833.14265081595,violated,satisfied,satisfied,satisfied,satisfied,satisfied,satisfied,False
20260830-stress-fence:c0551,arm-grid-R-I,9.5,8000000.0,0.36,False,1.3,0.85,0.07,289.1847012860504,283.64665547472345,3.131234717504044,2055.6330968642055,317.91339657761546,0.05564026617655163,6.2501708817498285,17.29213943950786,234494145.6356357,8907204136.19994,2831886545.454545,3284919452.6411567,2777454545.454545,54432000.0,8907204136.19994,64576719.42727862,401833.14265081595,violated,satisfied,satisfied,satisfied,satisfied,satisfied,satisfied,False
20260830-stress-fence:c0552,arm-grid-R-I,9.5,8500000.0,0.36,False,1.3,0.85,0.07,297.39508027755585,291.6796433335414,3.131234717504044,2055.6330968642055,317.91339657761546,0.049286879381305236,6.640806561859193,18.372898154477102,264721906.59647945,9192513988.19994,3005477454.5454545,3490226918.431227,2951045454.5454545,54432000.0,9192513988.19994,64576719.42727862,401833.14265081595,satisfied,satisfied,satisfied,satisfied,satisfied,satisfied,satisfied,True
20260830-stress-fence:c0553,arm-grid-R-I,9.5,9000000.0,0.36,False,1.3,0.85,0.07,305.6054592690613,299.71263119235937,3.131234717504044,2055.6330968642055,317.91339657761546,0.04396267944813956,7.031442241968557,19.45365686944634,296781653.0701015,9477823840.19994,3179068363.636363,3695534384.2213,3124636363.636363,54432000.0,9477823840.19994,64576719.42727862,401833.14265081595,satisfied,satisfied,satisfied,satisfied,satisfied,satisfied,satisfied,True
20260830-stress-fence:c0554,arm-grid-R-I,9.5,9500000.0,0.36,False,1.3,0.85,0.07,313.8158382605668,307.74561905117736,3.131234717504044,2055.6330968642055,317.91339657761546,0.03945680925539395,7.422077922077921,20.534415584415584,330673385.056502,9763133692.199942,3352659272.727273,3900841850.011372,3298227272.727273,54432000.0,9763133692.199942,64576719.42727862,401833.14265081595,satisfied,satisfied,satisfied,satisfied,satisfied,satisfied,satisfied,True
20260830-stress-fence:c0555,arm-grid-R-I,9.5,10000000.0,0.36,False,1.3,0.85,0.07,322.0262172520721,315.77860690999523,3.131234717504044,2055.6330968642055,317.91339657761546,0.035609770352993037,7.812713602187286,21.615174299384826,366397102.5556808,10048443544.19994,3526250181.818182,4106149315.801445,3471818181.818182,54432000.0,10048443544.19994,64576719.42727862,401833.14265081595,satisfied,satisfied,satisfied,satisfied,satisfied,satisfied,satisfied,True
20260830-stress-fence:c0556,arm-grid-R-I,9.5,10500000.0,0.36,False,1.3,0.85,0.07,330.23659624357754,323.8115947688132,3.131234717504044,2055.6330968642055,317.91339657761546,0.03229911143128621,8.20334928229665,22.69593301435406,403952805.56763804,10333753396.19994,3699841090.9090905,4311456781.5915165,3645409090.9090905,54432000.0,10333753396.19994,64576719.42727862,401833.14265081595,satisfied,satisfied,satisfied,satisfied,satisfied,satisfied,satisfied,True
20260830-stress-fence:c0557,arm-grid-R-I,9.5,11000000.0,0.36,False,1.3,0.85,0.07,338.44697523508296,331.84458262763127,3.131234717504044,2055.6330968642055,317.91339657761546,0.02942956227520085,8.593984962406015,23.776691729323307,443340494.0923738,10619063248.19994,3873432000.0,4516764247.38159,3819000000.0,54432000.0,10619063248.19994,64576719.42727862,401833.14265081595,satisfied,satisfied,satisfied,satisfied,satisfied,satisfied,satisfied,True
20260830-stress-fence:c0558,arm-grid-R-I,9.5,11500000.0,0.36,False,1.3,0.85,0.07,346.6573542265885,339.87757048644926,3.131234717504044,2055.6330968642055,317.91339657761546,0.026926102346308534,8.98462064251538,24.85745044429255,484560168.12988794,10904373100.199944,4047022909.0909095,4722071713.171661,3992590909.0909095,54432000.0,10904373100.199944,64576719.42727862,401833.14265081595,satisfied,satisfied,satisfied,satisfied,satisfied,satisfied,satisfied,True
20260830-stress-fence:c0559,arm-grid-R-I,9.5,12000000.0,0.36,False,1.3,0.85,0.07,354.86773321809386,347.91055834526725,3.131234717504044,2055.6330968642055,317.91339657761546,0.024729007189578496,9.375256322624743,25.93820915926179,527611827.68018043,11189682952.199942,4220613818.181818,4927379178.961735,4166181818.181818,54432000.0,11189682952.199942,64576719.42727862,401833.14265081595,satisfied,satisfied,violated,satisfied,satisfied,satisfied,satisfied,False
20260830-stress-fence:c0560,arm-grid-R-I,9.5,12500000.0,0.36,False,1.3,0.85,0.07,363.07811220959934,355.9435462040852,3.131234717504044,2055.6330968642055,317.91339657761546,0.022790253025915544,9.765892002734107,27.01896787423103,572495472.7432513,11474992804.199944,4394204727.272727,5132686644.751806,4339772727.272727,54432000.0,11474992804.199944,64576719.42727862,401833.14265081595,satisfied,satisfied,violated,satisfied,satisfied,satisfied,satisfied,False
20260830-stress-fence:c0561,arm-grid-R-I,9.5,13000000.0,0.36,False,1.3,0.85,0.07,371.28849120110476,363.9765340629032,3.131234717504044,2055.6330968642055,317.91339657761546,0.02107087003135683,10.156527682843471,28.09972658920027,619211103.3191005,11760302656.199945,4567795636.363637,5337994110.541879,4513363636.363637,54432000.0,11760302656.199945,64576719.42727862,401833.14265081595,satisfied,satisfied,violated,satisfied,satisfied,satisfied,satisfied,False
20260830-stress-fence:c0562,arm-grid-R-I,9.5,13500000.0,0.36,False,1.3,0.85,0.07,379.49887019261,372.00952192172105,3.131234717504044,2055.6330968642055,317.91339657761546,0.019538968643617576,10.547163362952837,29.180485304169515,667758719.4077284,12045612508.19994,4741386545.454545,5543301576.331951,4686954545.454545,54432000.0,12045612508.19994,64576719.42727862,401833.14265081595,satisfied,satisfied,violated,satisfied,satisfied,satisfied,satisfied,False
20260830-stress-fence:c0563,arm-grid-R-I,9.5,14000000.0,0.36,False,1.3,0.85,0.07,387.7092491841156,380.04250978053904,3.131234717504044,2055.6330968642055,317.91339657761546,0.018168250180098492,10.9377990430622,30.26124401913875,718138321.0091344,12330922360.199944,4914977454.545455,5748609042.122023,4860545454.545455,54432000.0,12330922360.199944,64576719.42727862,401833.14265081595,satisfied,satisfied,violated,satisfied,satisfied,satisfied,satisfied,False
20260830-stress-fence:c0564,arm-grid-R-I,9.5,14500000.0,0.36,False,1.3,0.85,0.07,395.9196281756208,388.07549763935685,3.131234717504044,2055.6330968642055,317.91339657761546,0.016936870560282064,11.328434723171565,31.342002734107997,770349908.123319,12616232212.199938,5088568363.636363,5953916507.912094,5034136363.636363,54432000.0,12616232212.199938,64576719.42727862,401833.14265081595,satisfied,satisfied,violated,satisfied,satisfied,satisfied,satisfied,False
20260830-stress-fence:c0565,arm-grid-R-I,9.5,15000000.0,0.36,False,1.3,0.85,0.07,404.13000716712634,396.10848549817496,3.131234717504044,2055.6330968642055,317.91339657761546,0.015826564601330244,11.719070403280927,32.42276144907723,824393480.7502817,12901542064.19994,5262159272.727273,6159223973.702166,5207727272.727273,54432000.0,12901542064.19994,64576719.42727862,401833.14265081595,satisfied,satisfied,violated,satisfied,satisfied,satisfied,violated,False
20260830-stress-fence:c0566,arm-grid-R-I,9.5,15500000.0,0.36,False,1.3,0.85,0.07,412.3403861586318,404.141473356993,3.131234717504044,2055.6330968642055,317.91339657761546,0.01482196476711469,12.109706083390293,33.50352016404648,880269038.8900232,13186851916.199944,5435750181.818182,6364531439.49224,5381318181.818182,54432000.0,13186851916.199944,64576719.42727862,401833.14265081595,satisfied,satisfied,violated,satisfied,satisfied,satisfied,violated,False
20260830-stress-fence:c0567,arm-grid-R-I,9.5,16000000.0,0.36,False,1.3,0.85,0.07,420.5507651501371,412.1744612158109,3.131234717504044,2055.6330968642055,317.91339657761546,0.013910066544137907,12.500341763499657,34.58427887901572,937976582.5425428,13472161768.19994,5609341090.90909,6569838905.282313,5554909090.90909,54432000.0,13472161768.19994,64576719.42727862,401833.14265081595,satisfied,satisfied,violated,satisfied,satisfied,satisfied,violated,False
20260830-stress-fence:c0568,arm-grid-R-I,9.5,16500000.0,0.36,False,1.3,0.85,0.07,428.76114414164255,420.2074490746288,3.131234717504044,2055.6330968642055,317.91339657761546,0.013079805455644827,12.890977443609021,35.665037593984955,997516111.7078409,13757471620.19994,5782931999.999999,6775146371.072383,5728499999.999999,54432000.0,13757471620.19994,64576719.42727862,401833.14265081595,satisfied,satisfied,violated,satisfied,satisfied,satisfied,violated,False
20260830-stress-fence:c0569,arm-grid-R-I,9.5,17000000.0,0.36,False,1.3,0.85,0.07,436.9715231331481,428.240436933447,3.131234717504044,2055.6330968642055,317.91339657761546,0.012321719845326309,13.281613123718387,36.745796308954205,1058887626.3859178,14042781472.199944,5956522909.090909,6980453836.862454,5902090909.090909,54432000.0,14042781472.199944,64576719.42727862,401833.14265081595,satisfied,satisfied,violated,satisfied,satisfied,satisfied,violated,False
20260830-stress-fence:c0570,arm-grid-R-I,9.5,17500000.0,0.36,False,1.3,0.85,0.07,445.1819021246534,436.2734247922647,3.131234717504044,2055.6330968642055,317.91339657761546,0.011627680115263031,13.67224880382775,37.82655502392344,1122091126.5767725,14328091324.19994,6130113818.181818,7185761302.652529,6075681818.181818,54432000.0,14328091324.19994,64576719.42727862,401833.14265081595,satisfied,satisfied,violated,satisfied,satisfied,satisfied,violated,False
20260830-stress-fence:c0571,arm-grid-R-I,9.5,18000000.0,0.36,False,1.3,0.85,0.07,453.3922811161588,444.30641265108267,3.131234717504044,2055.6330968642055,317.91339657761546,0.01099066986203489,14.062884483937115,38.90731373889268,1187126612.280406,14613401176.19994,6303704727.272726,7391068768.4426,6249272727.272726,54432000.0,14613401176.19994,64576719.42727862,401833.14265081595,satisfied,satisfied,violated,satisfied,satisfied,satisfied,violated,False
20260830-stress-fence:c0572,arm-grid-R-I,9.5,18500000.0,0.36,False,1.3,0.85,0.07,461.60266010766424,452.3394005099007,3.131234717504044,2055.6330968642055,317.91339657761546,0.010404607846016958,14.453520164046479,39.988072453861925,1253994083.4968176,14898711028.19994,6477295636.363637,7596376234.232673,6422863636.363637,54432000.0,14898711028.19994,64576719.42727862,401833.14265081595,satisfied,satisfied,violated,satisfied,satisfied,satisfied,violated,False
20260830-stress-fence:c0573,arm-grid-R-I,9.5,19000000.0,0.36,False,1.3,0.85,0.07,469.8130390991697,460.3723883687187,3.131234717504044,2055.6330968642055,317.91339657761546,0.009864202313848488,14.844155844155843,41.06883116883117,1322693540.226008,15184020880.199944,6650886545.454546,7801683700.022744,6596454545.454546,54432000.0,15184020880.199944,64576719.42727862,401833.14265081595,satisfied,satisfied,violated,satisfied,satisfied,satisfied,violated,False
20260830-stress-fence:c0574,arm-grid-R-I,9.5,19500000.0,0.36,False,1.3,0.85,0.07,478.02341809067525,468.40537622753664,3.131234717504044,2055.6330968642055,317.91339657761546,0.00936483112504748,15.234791524265207,42.1495898838004,1393224982.4679763,15469330732.199944,6824477454.545454,8006991165.812818,6770045454.545454,54432000.0,15469330732.199944,64576719.42727862,401833.14265081595,satisfied,satisfied,violated,satisfied,satisfied,satisfied,violated,False
20260830-stress-fence:c0575,arm-grid-R-I,9.5,20000000.0,0.36,False,1.3,0.85,0.07,486.2337970821805,476.43836408635457,3.131234717504044,2055.6330968642055,317.91339657761546,0.008902442588248259,15.625427204374573,43.23034859876965,1465588410.2227232,15754640584.19994,6998068363.636364,8212298631.60289,6943636363.636364,54432000.0,15754640584.19994,64576719.42727862,401833.14265081595,satisfied,satisfied,violated,satisfied,satisfied,satisfied,violated,False
20260830-stress-fence:c0576,arm-grid-R-I,9.5,20500000.0,0.36,False,1.3,0.85,0.07,494.444176073686,484.4713519451726,3.131234717504044,2055.6330968642055,317.91339657761546,0.008473473016774072,16.016062884483937,44.31110731373889,1539783823.4902484,16039950436.199944,7171659272.727274,8417606097.3929615,7117227272.727274,54432000.0,16039950436.199944,64576719.42727862,401833.14265081595,satisfied,satisfied,violated,satisfied,satisfied,satisfied,violated,False
20260830-stress-fence:c0577,arm-grid-R-I,9.5,21000000.0,0.36,False,1.3,0.85,0.07,502.65455506519135,492.50433980399043,3.131234717504044,2055.6330968642055,317.91339657761546,0.008074777857821552,16.4066985645933,45.39186602870812,1615811222.2705522,16325260288.19994,7345250181.818181,8622913563.183033,7290818181.818181,54432000.0,16325260288.19994,64576719.42727862,401833.14265081595,satisfied,satisfied,violated,satisfied,satisfied,satisfied,violated,False
20260830-stress-fence:c0578,arm-grid-R-I,9.5,21500000.0,0.36,False,1.3,0.85,0.07,510.86493405669694,500.5373276628086,3.131234717504044,2055.6330968642055,317.91339657761546,0.007703573900052577,16.797334244702665,46.47262474367737,1693670606.5636346,16610570140.199945,7518841090.909092,8828221028.973106,7464409090.909092,54432000.0,16610570140.199945,64576719.42727862,401833.14265081595,satisfied,satisfied,violated,satisfied,satisfied,satisfied,violated,False
20260830-stress-fence:c0579,arm-grid-R-I,9.5,22000000.0,0.36,False,1.3,0.85,0.07,519.0753130482022,508.5703155216265,3.131234717504044,2055.6330968642055,317.91339657761546,0.007357390568800213,17.18796992481203,47.553383458646614,1773361976.3694952,16895879992.199944,7692432000.0,9033528494.76318,7638000000.0,54432000.0,16895879992.199944,64576719.42727862,401833.14265081595,satisfied,satisfied,violated,satisfied,satisfied,satisfied,violated,False
20260830-stress-fence:c0580,arm-grid-R-I,9.5,22500000.0,0.36,False,1.3,0.85,0.07,527.2856920397076,516.6033033804443,3.131234717504044,2055.6330968642055,317.91339657761546,0.0070340287117023285,17.578605604921393,48.63414217361585,1854885331.688134,17181189844.19994,7866022909.090908,9238835960.55325,7811590909.090908,54432000.0,17181189844.19994,64576719.42727862,401833.14265081595,satisfied,satisfied,violated,satisfied,satisfied,satisfied,violated,False
20260830-stress-fence:c0581,arm-grid-R-I,9.5,23000000.0,0.36,False,1.3,0.85,0.07,535.4960710312132,524.6362912392624,3.131234717504044,2055.6330968642055,317.91339657761546,0.006731525586577134,17.96924128503076,49.7149008885851,1938240672.5195518,17466499696.199944,8039613818.181819,9444143426.343323,7985181818.181819,54432000.0,17466499696.199944,64576719.42727862,401833.14265081595,satisfied,satisfied,violated,satisfied,satisfied,satisfied,violated,False
20260830-stress-fence:c0582,arm-grid-R-I,9.5,23500000.0,0.36,False,1.3,0.85,0.07,543.7064500227184,532.6692790980802,3.131234717504044,2055.6330968642055,317.91339657761546,0.006448125007332376,18.35987696514012,50.795659603554334,2023427998.8637471,17751809548.19994,8213204727.272727,9649450892.133394,8158772727.272727,54432000.0,17751809548.19994,64576719.42727862,401833.14265081595,satisfied,satisfied,violated,satisfied,satisfied,satisfied,violated,False
20260830-stress-fence:c0583,arm-grid-R-I,9.5,24000000.0,0.36,False,1.3,0.85,0.07,551.9168290142238,540.7022669568981,3.131234717504044,2055.6330968642055,317.91339657761546,0.006182251797394624,18.750512645249486,51.87641831852358,2110447310.7207217,18037119400.19994,8386795636.363636,9854758357.92347,8332363636.363636,54432000.0,18037119400.19994,64576719.42727862,401833.14265081595,satisfied,satisfied,violated,satisfied,satisfied,satisfied,violated,False
20260830-stress-fence:c0584,arm-grid-R-I,9.5,24500000.0,0.36,False,1.3,0.85,0.07,560.1272080057292,548.7352548157162,3.131234717504044,2055.6330968642055,317.91339657761546,0.0059324898547260365,19.141148325358852,52.957177033492826,2199298608.0904746,18322429252.19994,8560386545.454545,10060065823.713541,8505954545.454545,54432000.0,18322429252.19994,64576719.42727862,401833.14265081595,satisfied,satisfied,violated,satisfied,satisfied,satisfied,violated,False
20260830-stress-fence:c0585,arm-grid-R-I,9.5,25000000.0,0.36,False,1.3,0.85,0.07,568.3375869972348,556.7682426745342,3.131234717504044,2055.6330968642055,317.91339657761546,0.005697563256478886,19.531784005468214,54.03793574846206,2289981890.9730053,18607739104.199944,8733977454.545454,10265373289.503613,8679545454.545454,54432000.0,18607739104.199944,64576719.42727862,401833.14265081595,satisfied,satisfied,violated,satisfied,satisfied,satisfied,violated,False
20260830-stress-fence:c0586,arm-grid-R-I,9.5,25500000.0,0.36,False,1.3,0.85,0.07,576.5479659887401,564.8012305333522,3.131234717504044,2055.6330968642055,317.91339657761546,0.005476319931256139,19.922419685577577,55.1186944634313,2382497159.3683143,18893048956.19994,8907568363.636362,10470680755.293682,8853136363.636362,54432000.0,18893048956.19994,64576719.42727862,401833.14265081595,satisfied,satisfied,violated,satisfied,satisfied,satisfied,violated,False
20260830-stress-fence:c0587,arm-grid-R-I,9.5,26000000.0,0.36,False,1.3,0.85,0.07,584.7583449802457,572.8342183921702,3.131234717504044,2055.6330968642055,317.91339657761546,0.005267717507839207,20.313055365686942,56.19945317840054,2476844413.276402,19178358808.199947,9081159272.727274,10675988221.083757,9026727272.727274,54432000.0,19178358808.199947,64576719.42727862,401833.14265081595,satisfied,satisfied,violated,satisfied,satisfied,satisfied,violated,False
20260830-stress-fence:c0588,arm-grid-R-I,10.0,2000000.0,0.36,False,1.3,0.85,0.07,183.7355180687624,180.45994752527506,3.1312347175040456,2163.8243124886385,334.64568060801633,0.9864202313848488,1.4844155844155842,4.106883116883116,13923089.897115871,5701520886.323244,748795636.3636363,821229863.1602889,694363636.3636363,54432000.0,5701520886.323244,69318934.34781213,422982.2554219118,violated,satisfied,satisfied,satisfied,satisfied,satisfied,satisfied,False
20260830-stress-fence:c0589,arm-grid-R-I,10.0,2500000.0,0.36,False,1.3,0.85,0.07,191.32206770565134,187.88258431055635,3.1312347175040456,2163.8243124886385,334.64568060801633,0.6313089480863032,1.8555194805194803,5.133603896103896,21754827.96424355,5986830738.323246,922386545.4545455,1026537328.9503609,867954545.4545455,54432000.0,5986830738.323246,69318934.34781213,422982.2554219118,violated,satisfied,satisfied,satisfied,satisfied,satisfied,satisfied,False
20260830-stress-fence:c0590,arm-grid-R-I,10.0,3000000.0,0.36,False,1.3,0.85,0.07,198.9086173425402,195.30522109583754,3.1312347175040456,2163.8243124886385,334.64568060801633,0.4384089917265994,2.2266233766233765,6.1603246753246745,31326952.268510707,6272140590.323246,1095977454.5454545,1231844794.7404337,1041545454.5454545,54432000.0,6272140590.323246,69318934.34781213,422982.2554219118,violated,satisfied,satisfied,satisfied,satisfied,satisfied,satisfied,False
20260830-stress-fence:c0591,arm-grid-R-I,10.0,3500000.0,0.36,False,1.3,0.85,0.07,206.49516697942903,202.72785788111875,3.1312347175040456,2163.8243124886385,334.64568060801633,0.32209640208484863,2.597727272727272,7.187045454545453,42639462.80991735,6557450442.323244,1269568363.6363637,1437152260.5305052,1215136363.6363637,54432000.0,6557450442.323244,69318934.34781213,422982.2554219118,violated,satisfied,satisfied,satisfied,satisfied,satisfied,satisfied,False
20260830-stress-fence:c0592,arm-grid-R-I,10.0,4000000.0,0.36,False,1.3,0.85,0.07,214.0817166163179,210.15049466639994,3.1312347175040456,2163.8243124886385,334.64568060801633,0.2466050578462122,2.9688311688311684,8.213766233766233,55692359.588463485,6842760294.323244,1443159272.7272725,1642459726.3205779,1388727272.7272725,54432000.0,6842760294.323244,69318934.34781213,422982.2554219118,violated,satisfied,satisfied,satisfied,satisfied,satisfied,satisfied,False
20260830-stress-fence:c0593,arm-grid-R-I,10.0,4500000.0,0.36,False,1.3,0.85,0.07,221.66826625320684,217.57313145168118,3.1312347175040456,2163.8243124886385,334.64568060801633,0.19484844076737753,3.3399350649350645,9.240487012987012,70485642.6041491,7128070146.323245,1616750181.8181815,1847767192.11065,1562318181.8181815,54432000.0,7128070146.323245,69318934.34781213,422982.2554219118,violated,satisfied,satisfied,satisfied,satisfied,satisfied,satisfied,False
20260830-stress-fence:c0594,arm-grid-R-I,10.0,5000000.0,0.36,False,1.3,0.85,0.07,229.25481589009567,224.99576823696236,3.1312347175040456,2163.8243124886385,334.64568060801633,0.1578272370215758,3.7110389610389607,10.267207792207792,87019311.8569742,7413379998.323244,1790341090.909091,2053074657.9007218,1735909090.909091,54432000.0,7413379998.323244,69318934.34781213,422982.2554219118,violated,satisfied,satisfied,satisfied,satisfied,satisfied,satisfied,False
20260830-stress-fence:c0595,arm-grid-R-I,10.0,5500000.0,0.36,False,1.3,0.85,0.07,236.8413655269846,232.41840502224358,3.1312347175040456,2163.8243124886385,334.64568060801633,0.1304357330756825,4.082142857142856,11.29392857142857,105293367.34693876,7698689850.323245,1963932000.0,2258382123.6907945,1909500000.0,54432000.0,7698689850.323245,69318934.34781213,422982.2554219118,violated,satisfied,satisfied,satisfied,satisfied,satisfied,satisfied,False
20260830-stress-fence:c0596,arm-grid-R-I,10.0,6000000.0,0.36,False,1.3,0.85,0.07,244.42791516387348,239.84104180752482,3.1312347175040456,2163.8243124886385,334.64568060801633,0.10960224793164985,4.453246753246753,12.320649350649349,125307809.07404283,7983999702.323246,2137522909.090909,2463689589.4808674,2083090909.090909,54432000.0,7983999702.323246,69318934.34781213,422982.2554219118,violated,satisfied,satisfied,satisfied,satisfied,satisfied,satisfied,False
20260830-stress-fence:c0597,arm-grid-R-I,10.0,6500000.0,0.36,False,1.3,0.85,0.07,252.0144648007624,247.26367859280606,3.1312347175040456,2163.8243124886385,334.64568060801633,0.09338889764590284,4.824350649350649,13.347370129870129,147062637.0382864,8269309554.323246,2311113818.1818185,2668997055.270939,2256681818.1818185,54432000.0,8269309554.323246,69318934.34781213,422982.2554219118,violated,satisfied,satisfied,satisfied,satisfied,satisfied,satisfied,False
20260830-stress-fence:c0598,arm-grid-R-I,10.0,7000000.0,0.36,False,1.3,0.85,0.07,259.60101443765126,254.68631537808727,3.1312347175040456,2163.8243124886385,334.64568060801633,0.08052410052121216,5.195454545454544,14.374090909090906,170557851.2396694,8554619406.323246,2484704727.2727275,2874304521.0610104,2430272727.2727275,54432000.0,8554619406.323246,69318934.34781213,422982.2554219118,violated,satisfied,satisfied,satisfied,satisfied,satisfied,satisfied,False
20260830-stress-fence:c0599,arm-grid-R-I,10.0,7500000.0,0.36,False,1.3,0.85,0.07,267.18756407454015,262.10895216336843,3.1312347175040456,2163.8243124886385,334.64568060801633,0.07014543867625593,5.56655844155844,15.400811688311684,195793451.67819187,8839929258.323246,2658295636.3636365,3079611986.851083,2603863636.3636365,54432000.0,8839929258.323246,69318934.34781213,422982.2554219118,violated,satisfied,satisfied,satisfied,satisfied,satisfied,satisfied,False
20260830-stress-fence:c0600,arm-grid-R-I,10.0,8000000.0,0.36,False,1.3,0.85,0.07,274.774113711429,269.5315889486496,3.1312347175040456,2163.8243124886385,334.64568060801633,0.06165126446155305,5.937662337662337,16.427532467532465,222769438.35385394,9125239110.323242,2831886545.454545,3284919452.6411557,2777454545.454545,54432000.0,9125239110.323242,69318934.34781213,422982.2554219118,violated,satisfied,satisfied,satisfied,satisfied,satisfied,satisfied,False
20260830-stress-fence:c0601,arm-grid-R-I,10.0,8500000.0,0.36,False,1.3,0.85,0.07,282.3606633483179,276.9542257339309,3.1312347175040456,2163.8243124886385,334.64568060801633,0.054611500699507196,6.308766233766233,17.454253246753247,251485811.26665545,9410548962.323246,3005477454.5454545,3490226918.431227,2951045454.5454545,54432000.0,9410548962.323246,69318934.34781213,422982.2554219118,violated,satisfied,satisfied,satisfied,satisfied,satisfied,satisfied,False
20260830-stress-fence:c0602,arm-grid-R-I,10.0,9000000.0,0.36,False,1.3,0.85,0.07,289.94721298520676,284.3768625192121,3.1312347175040456,2163.8243124886385,334.64568060801633,0.048712110191844384,6.679870129870129,18.480974025974024,281942570.4165964,9695858814.323246,3179068363.636363,3695534384.2213,3124636363.636363,54432000.0,9695858814.323246,69318934.34781213,422982.2554219118,satisfied,satisfied,satisfied,satisfied,satisfied,satisfied,satisfied,True
20260830-stress-fence:c0603,arm-grid-R-I,10.0,9500000.0,0.36,False,1.3,0.85,0.07,297.5337626220957,291.79949930449334,3.1312347175040456,2163.8243124886385,334.64568060801633,0.043719456238663655,7.050974025974026,19.507694805194802,314139715.80367684,9981168666.323246,3352659272.727273,3900841850.011372,3298227272.727273,54432000.0,9981168666.323246,69318934.34781213,422982.2554219118,satisfied,satisfied,satisfied,satisfied,satisfied,satisfied,satisfied,True
20260830-stress-fence:c0604,arm-grid-R-I,10.0,10000000.0,0.36,False,1.3,0.85,0.07,305.12031225898454,299.22213608977455,3.1312347175040456,2163.8243124886385,334.64568060801633,0.03945680925539395,7.422077922077921,20.534415584415584,348077247.4278968,10266478518.323246,3526250181.818182,4106149315.8014436,3471818181.818182,54432000.0,10266478518.323246,69318934.34781213,422982.2554219118,satisfied,satisfied,satisfied,satisfied,satisfied,satisfied,satisfied,True
20260830-stress-fence:c0605,arm-grid-R-I,10.0,10500000.0,0.36,False,1.3,0.85,0.07,312.7068618958735,306.64477287505576,3.1312347175040456,2163.8243124886385,334.64568060801633,0.03578848912053874,7.793181818181817,21.56113636363636,383755165.28925616,10551788370.323246,3699841090.9090905,4311456781.591517,3645409090.9090905,54432000.0,10551788370.323246,69318934.34781213,422982.2554219118,satisfied,satisfied,satisfied,satisfied,satisfied,satisfied,satisfied,True
20260830-stress-fence:c0606,arm-grid-R-I,10.0,11000000.0,0.36,False,1.3,0.85,0.07,320.2934115327623,314.067409660337,3.1312347175040456,2163.8243124886385,334.64568060801633,0.03260893326892062,8.164285714285713,22.58785714285714,421173469.38775504,10837098222.323246,3873432000.0,4516764247.381589,3819000000.0,54432000.0,10837098222.323246,69318934.34781213,422982.2554219118,satisfied,satisfied,satisfied,satisfied,satisfied,satisfied,satisfied,True
20260830-stress-fence:c0607,arm-grid-R-I,10.0,11500000.0,0.36,False,1.3,0.85,0.07,327.87996116965115,321.4900464456182,3.1312347175040456,2163.8243124886385,334.64568060801633,0.029835016450203363,8.53538961038961,23.61457792207792,460332159.7233935,11122408074.323246,4047022909.0909095,4722071713.171661,3992590909.0909095,54432000.0,11122408074.323246,69318934.34781213,422982.2554219118,satisfied,satisfied,satisfied,satisfied,satisfied,satisfied,satisfied,True
20260830-stress-fence:c0608,arm-grid-R-I,10.0,12000000.0,0.36,False,1.3,0.85,0.07,335.46651080654016,328.9126832308994,3.1312347175040456,2163.8243124886385,334.64568060801633,0.027400561982912464,8.906493506493506,24.641298701298698,501231236.2961713,11407717926.323246,4220613818.181818,4927379178.961735,4166181818.181818,54432000.0,11407717926.323246,69318934.34781213,422982.2554219118,satisfied,satisfied,satisfied,satisfied,satisfied,satisfied,satisfied,True
20260830-stress-fence:c0609,arm-grid-R-I,10.0,12500000.0,0.36,False,1.3,0.85,0.07,343.053060443429,336.3353200161806,3.1312347175040456,2163.8243124886385,334.64568060801633,0.025252357923452123,9.277597402597403,25.66801948051948,543870699.1060888,11693027778.323246,4394204727.272727,5132686644.751806,4339772727.272727,54432000.0,11693027778.323246,69318934.34781213,422982.2554219118,satisfied,satisfied,violated,satisfied,satisfied,satisfied,satisfied,False
20260830-stress-fence:c0610,arm-grid-R-I,10.0,13000000.0,0.36,False,1.3,0.85,0.07,350.6396100803178,343.75795680146183,3.1312347175040456,2163.8243124886385,334.64568060801633,0.02334722441147571,9.648701298701297,26.694740259740257,588250548.1531456,11978337630.323246,4567795636.363637,5337994110.541878,4513363636.363637,54432000.0,11978337630.323246,69318934.34781213,422982.2554219118,satisfied,satisfied,violated,satisfied,satisfied,satisfied,satisfied,False
20260830-stress-fence:c0611,arm-grid-R-I,10.0,13500000.0,0.36,False,1.3,0.85,0.07,358.22615971720666,351.18059358674293,3.1312347175040456,2163.8243124886385,334.64568060801633,0.021649826751930838,10.019805194805194,27.721461038961035,634370783.4373419,12263647482.323242,4741386545.454545,5543301576.33195,4686954545.454545,54432000.0,12263647482.323242,69318934.34781213,422982.2554219118,satisfied,satisfied,violated,satisfied,satisfied,satisfied,satisfied,False
20260830-stress-fence:c0612,arm-grid-R-I,10.0,14000000.0,0.36,False,1.3,0.85,0.07,365.8127093540956,358.60323037202426,3.1312347175040456,2163.8243124886385,334.64568060801633,0.02013102513030304,10.390909090909089,28.748181818181813,682231404.9586776,12548957334.323246,4914977454.545455,5748609042.122021,4860545454.545455,54432000.0,12548957334.323246,69318934.34781213,422982.2554219118,satisfied,satisfied,violated,satisfied,satisfied,satisfied,satisfied,False
20260830-stress-fence:c0613,arm-grid-R-I,10.0,14500000.0,0.36,False,1.3,0.85,0.07,373.39925899098444,366.02586715730547,3.1312347175040456,2163.8243124886385,334.64568060801633,0.018766615579259908,10.762012987012985,29.774902597402594,731832412.717153,12834267186.323246,5088568363.636363,5953916507.912094,5034136363.636363,54432000.0,12834267186.323246,69318934.34781213,422982.2554219118,satisfied,satisfied,violated,satisfied,satisfied,satisfied,satisfied,False
20260830-stress-fence:c0614,arm-grid-R-I,10.0,15000000.0,0.36,False,1.3,0.85,0.07,380.9858086278734,373.4485039425867,3.1312347175040456,2163.8243124886385,334.64568060801633,0.017536359669063983,11.13311688311688,30.80162337662337,783173806.7127675,13119577038.323246,5262159272.727273,6159223973.702166,5207727272.727273,54432000.0,13119577038.323246,69318934.34781213,422982.2554219118,satisfied,satisfied,violated,satisfied,satisfied,satisfied,satisfied,False
20260830-stress-fence:c0615,arm-grid-R-I,10.0,15500000.0,0.36,False,1.3,0.85,0.07,388.5723582647622,380.8711407278678,3.1312347175040456,2163.8243124886385,334.64568060801633,0.01642322965885284,11.504220779220779,31.828344155844153,836255586.9455221,13404886890.323242,5435750181.818182,6364531439.49224,5381318181.818182,54432000.0,13404886890.323242,69318934.34781213,422982.2554219118,satisfied,satisfied,violated,satisfied,satisfied,satisfied,violated,False
20260830-stress-fence:c0616,arm-grid-R-I,10.0,16000000.0,0.36,False,1.3,0.85,0.07,396.15890790165105,388.29377751314894,3.1312347175040456,2163.8243124886385,334.64568060801633,0.015412816115388263,11.875324675324674,32.85506493506493,891077753.4154158,13690196742.323242,5609341090.90909,6569838905.282311,5554909090.90909,54432000.0,13690196742.323242,69318934.34781213,422982.2554219118,satisfied,satisfied,violated,satisfied,satisfied,satisfied,violated,False
20260830-stress-fence:c0617,arm-grid-R-I,10.0,16500000.0,0.36,False,1.3,0.85,0.07,403.7454575385399,395.71641429843027,3.1312347175040456,2163.8243124886385,334.64568060801633,0.014492859230631388,12.24642857142857,33.88178571428571,947640306.122449,13975506594.323242,5782931999.999999,6775146371.072383,5728499999.999999,54432000.0,13975506594.323242,69318934.34781213,422982.2554219118,satisfied,satisfied,violated,satisfied,satisfied,satisfied,violated,False
20260830-stress-fence:c0618,arm-grid-R-I,10.0,17000000.0,0.36,False,1.3,0.85,0.07,411.332007175429,403.13905108371165,3.1312347175040456,2163.8243124886385,334.64568060801633,0.013652875174876799,12.617532467532467,34.90850649350649,1005943245.0666218,14260816446.323248,5956522909.090909,6980453836.862454,5902090909.090909,54432000.0,14260816446.323248,69318934.34781213,422982.2554219118,satisfied,satisfied,violated,satisfied,satisfied,satisfied,violated,False
20260830-stress-fence:c0619,arm-grid-R-I,10.0,17500000.0,0.36,False,1.3,0.85,0.07,418.91855681231783,410.56168786899286,3.1312347175040456,2163.8243124886385,334.64568060801633,0.012883856083393945,12.988636363636362,35.93522727272727,1065986570.2479337,14546126298.323248,6130113818.181818,7185761302.652529,6075681818.181818,54432000.0,14546126298.323248,69318934.34781213,422982.2554219118,satisfied,satisfied,violated,satisfied,satisfied,satisfied,violated,False
20260830-stress-fence:c0620,arm-grid-R-I,10.0,18000000.0,0.36,False,1.3,0.85,0.07,426.50510644920666,417.9843246542739,3.1312347175040456,2163.8243124886385,334.64568060801633,0.012178027547961096,13.359740259740258,36.96194805194805,1127770281.6663857,14831436150.323246,6303704727.272726,7391068768.4426,6249272727.272726,54432000.0,14831436150.323246,69318934.34781213,422982.2554219118,satisfied,satisfied,violated,satisfied,satisfied,satisfied,violated,False
20260830-stress-fence:c0621,arm-grid-R-I,10.0,18500000.0,0.36,False,1.3,0.85,0.07,434.0916560860957,425.4069614395553,3.1312347175040456,2163.8243124886385,334.64568060801633,0.01152865135292738,13.730844155844153,37.98866883116882,1191294379.3219767,15116746002.32325,6477295636.363637,7596376234.232672,6422863636.363637,54432000.0,15116746002.32325,69318934.34781213,422982.2554219118,satisfied,satisfied,violated,satisfied,satisfied,satisfied,violated,False
20260830-stress-fence:c0622,arm-grid-R-I,10.0,19000000.0,0.36,False,1.3,0.85,0.07,441.67820572298444,432.8295982248365,3.1312347175040456,2163.8243124886385,334.64568060801633,0.010929864059665914,14.101948051948051,39.015389610389605,1256558863.2147074,15402055854.323248,6650886545.454546,7801683700.022744,6596454545.454546,54432000.0,15402055854.323248,69318934.34781213,422982.2554219118,satisfied,satisfied,violated,satisfied,satisfied,satisfied,violated,False
20260830-stress-fence:c0623,arm-grid-R-I,10.0,19500000.0,0.36,False,1.3,0.85,0.07,449.2647553598733,440.2522350101176,3.1312347175040456,2163.8243124886385,334.64568060801633,0.010376544182878094,14.473051948051946,40.042110389610386,1323563733.3445776,15687365706.323246,6824477454.545454,8006991165.812818,6770045454.545454,54432000.0,15687365706.323246,69318934.34781213,422982.2554219118,satisfied,satisfied,violated,satisfied,satisfied,satisfied,violated,False
20260830-stress-fence:c0624,arm-grid-R-I,10.0,20000000.0,0.36,False,1.3,0.85,0.07,456.8513049967622,447.67487179539893,3.1312347175040456,2163.8243124886385,334.64568060801633,0.009864202313848488,14.844155844155843,41.06883116883117,1392308989.7115872,15972675558.323248,6998068363.636364,8212298631.602887,6943636363.636364,54432000.0,15972675558.323248,69318934.34781213,422982.2554219118,satisfied,satisfied,violated,satisfied,satisfied,satisfied,violated,False
20260830-stress-fence:c0625,arm-grid-R-I,10.0,20500000.0,0.36,False,1.3,0.85,0.07,464.4378546336511,455.09750858068014,3.1312347175040456,2163.8243124886385,334.64568060801633,0.009388889769278751,15.215259740259738,42.09555194805194,1462794632.315736,16257985410.323248,7171659272.727274,8417606097.3929615,7117227272.727274,54432000.0,16257985410.323248,69318934.34781213,422982.2554219118,satisfied,satisfied,violated,satisfied,satisfied,satisfied,violated,False
20260830-stress-fence:c0626,arm-grid-R-I,10.0,21000000.0,0.36,False,1.3,0.85,0.07,472.02440427053995,462.5201453659613,3.1312347175040456,2163.8243124886385,334.64568060801633,0.008947122280134685,15.586363636363634,43.12227272727272,1535020661.1570246,16543295262.323246,7345250181.818181,8622913563.183035,7290818181.818181,54432000.0,16543295262.323246,69318934.34781213,422982.2554219118,satisfied,satisfied,violated,satisfied,satisfied,satisfied,violated,False
20260830-stress-fence:c0627,arm-grid-R-I,10.0,21500000.0,0.36,False,1.3,0.85,0.07,479.610953907429,469.94278215124257,3.1312347175040456,2163.8243124886385,334.64568060801633,0.00853581595573693,15.957467532467529,44.1489935064935,1608987076.2354527,16828605114.32325,7518841090.909092,8828221028.973104,7464409090.909092,54432000.0,16828605114.32325,69318934.34781213,422982.2554219118,satisfied,satisfied,violated,satisfied,satisfied,satisfied,violated,False
20260830-stress-fence:c0628,arm-grid-R-I,10.0,22000000.0,0.36,False,1.3,0.85,0.07,487.1975035443177,477.3654189365237,3.1312347175040456,2163.8243124886385,334.64568060801633,0.008152233317230155,16.328571428571426,45.17571428571428,1684693877.5510201,17113914966.323248,7692432000.0,9033528494.763178,7638000000.0,54432000.0,17113914966.323248,69318934.34781213,422982.2554219118,satisfied,satisfied,violated,satisfied,satisfied,satisfied,violated,False
20260830-stress-fence:c0629,arm-grid-R-I,10.0,22500000.0,0.36,False,1.3,0.85,0.07,494.78405318120656,484.7880557218049,3.1312347175040456,2163.8243124886385,334.64568060801633,0.007793937630695101,16.699675324675322,46.20243506493506,1762141065.1037273,17399224818.323246,7866022909.090908,9238835960.55325,7811590909.090908,54432000.0,17399224818.323246,69318934.34781213,422982.2554219118,satisfied,satisfied,violated,satisfied,satisfied,satisfied,violated,False
20260830-stress-fence:c0630,arm-grid-R-I,10.0,23000000.0,0.36,False,1.3,0.85,0.07,502.3706028180956,492.21069250708626,3.1312347175040456,2163.8243124886385,334.64568060801633,0.007458754112550841,17.07077922077922,47.22915584415584,1841328638.893574,17684534670.32325,8039613818.181819,9444143426.343323,7985181818.181819,54432000.0,17684534670.32325,69318934.34781213,422982.2554219118,satisfied,satisfied,violated,satisfied,satisfied,satisfied,violated,False
20260830-stress-fence:c0631,arm-grid-R-I,10.0,23500000.0,0.36,False,1.3,0.85,0.07,509.95715245498445,499.6333292923674,3.1312347175040456,2163.8243124886385,334.64568060801633,0.00714473685022978,17.441883116883112,48.25587662337661,1922256598.9205594,17969844522.32325,8213204727.272727,9649450892.133392,8158772727.272727,54432000.0,17969844522.32325,69318934.34781213,422982.2554219118,satisfied,satisfied,violated,satisfied,satisfied,satisfied,violated,False
20260830-stress-fence:c0632,arm-grid-R-I,10.0,24000000.0,0.36,False,1.3,0.85,0.07,517.5437020918735,507.05596607764863,3.1312347175040456,2163.8243124886385,334.64568060801633,0.006850140495728116,17.812987012987012,49.282597402597396,2004924945.1846852,18255154374.32325,8386795636.363636,9854758357.92347,8332363636.363636,54432000.0,18255154374.32325,69318934.34781213,422982.2554219118,satisfied,satisfied,violated,satisfied,satisfied,satisfied,violated,False
20260830-stress-fence:c0633,arm-grid-R-I,10.0,24500000.0,0.36,False,1.3,0.85,0.07,525.1302517287621,514.4786028629297,3.1312347175040456,2163.8243124886385,334.64568060801633,0.006573395960915276,18.18409090909091,50.30931818181818,2089333677.6859505,18540464226.323246,8560386545.454545,10060065823.713541,8505954545.454545,54432000.0,18540464226.323246,69318934.34781213,422982.2554219118,satisfied,satisfied,violated,satisfied,satisfied,satisfied,violated,False
20260830-stress-fence:c0634,arm-grid-R-I,10.0,25000000.0,0.36,False,1.3,0.85,0.07,532.7168013656511,521.9012396482111,3.1312347175040456,2163.8243124886385,334.64568060801633,0.006313089480863031,18.555194805194805,51.33603896103896,2175482796.424355,18825774078.32325,8733977454.545454,10265373289.503613,8679545454.545454,54432000.0,18825774078.32325,69318934.34781213,422982.2554219118,satisfied,satisfied,violated,satisfied,satisfied,satisfied,violated,False
20260830-stress-fence:c0635,arm-grid-R-I,10.0,25500000.0,0.36,False,1.3,0.85,0.07,540.3033510025399,529.3238764334922,3.1312347175040456,2163.8243124886385,334.64568060801633,0.006067944522167467,18.9262987012987,52.36275974025973,2263372301.3998985,19111083930.323246,8907568363.636362,10470680755.293682,8853136363.636362,54432000.0,19111083930.323246,69318934.34781213,422982.2554219118,satisfied,satisfied,violated,satisfied,satisfied,satisfied,violated,False
20260830-stress-fence:c0636,arm-grid-R-I,10.0,26000000.0,0.36,False,1.3,0.85,0.07,547.8899006394289,536.7465132187735,3.1312347175040456,2163.8243124886385,334.64568060801633,0.005836806102868928,19.297402597402595,53.389480519480514,2353002192.612582,19396393782.32325,9081159272.727274,10675988221.083755,9026727272.727274,54432000.0,19396393782.32325,69318934.34781213,422982.2554219118,satisfied,satisfied,violated,satisfied,satisfied,satisfied,violated,False
20260830-stress-fence:c0637,arm-grid-R-I,10.5,2000000.0,0.36,False,1.3,0.85,0.07,177.86956950540562,174.7073615763358,3.1312347175040447,2272.0155281130696,351.3779646384171,1.0875283051017963,1.4137291280148419,3.9113172541743957,13260085.616300825,5922412033.341751,748795636.3636363,821229863.1602886,694363636.3636363,54432000.0,5922412033.341751,74187899.54294424,444131.36819300713,violated,satisfied,satisfied,satisfied,satisfied,satisfied,satisfied,False
20260830-stress-fence:c0638,arm-grid-R-I,10.5,2500000.0,0.36,False,1.3,0.85,0.07,184.92039345207755,181.60584740955719,3.1312347175040447,2272.0155281130696,351.3779646384171,0.6960181152651493,1.7671614100185526,4.8891465677179955,20718883.775470044,6207721885.341751,922386545.4545455,1026537328.9503609,867954545.4545455,54432000.0,6207721885.341751,74187899.54294424,444131.36819300713,violated,satisfied,satisfied,satisfied,satisfied,satisfied,satisfied,False
20260830-stress-fence:c0639,arm-grid-R-I,10.5,3000000.0,0.36,False,1.3,0.85,0.07,191.9712173987495,188.50433324277859,3.1312347175040447,2272.0155281130696,351.3779646384171,0.48334591337857596,2.120593692022263,5.866975881261594,29835192.636676863,6493031737.341751,1095977454.5454545,1231844794.7404332,1041545454.5454545,54432000.0,6493031737.341751,74187899.54294424,444131.36819300713,violated,satisfied,satisfied,satisfied,satisfied,satisfied,satisfied,False
20260830-stress-fence:c0640,arm-grid-R-I,10.5,3500000.0,0.36,False,1.3,0.85,0.07,199.02204134542137,195.40281907599993,3.1312347175040447,2272.0155281130696,351.3779646384171,0.3551112832985457,2.4740259740259734,6.8448051948051924,40609012.19992128,6778341589.341751,1269568363.6363637,1437152260.5305052,1215136363.6363637,54432000.0,6778341589.341751,74187899.54294424,444131.36819300713,violated,satisfied,satisfied,satisfied,satisfied,satisfied,satisfied,False
20260830-stress-fence:c0641,arm-grid-R-I,10.5,4000000.0,0.36,False,1.3,0.85,0.07,206.07286529209335,202.3013049092213,3.1312347175040447,2272.0155281130696,351.3779646384171,0.2718820762754491,2.8274582560296837,7.822634508348791,53040342.4652033,7063651441.341751,1443159272.7272725,1642459726.3205771,1388727272.7272725,54432000.0,7063651441.341751,74187899.54294424,444131.36819300713,violated,satisfied,satisfied,satisfied,satisfied,satisfied,satisfied,False
20260830-stress-fence:c0642,arm-grid-R-I,10.5,4500000.0,0.36,False,1.3,0.85,0.07,213.12368923876525,209.19979074244264,3.1312347175040447,2272.0155281130696,351.3779646384171,0.21482040594603372,3.180890538033395,8.800463821892393,67129183.43252295,7348961293.34175,1616750181.8181815,1847767192.11065,1562318181.8181815,54432000.0,7348961293.34175,74187899.54294424,444131.36819300713,violated,satisfied,satisfied,satisfied,satisfied,satisfied,satisfied,False
20260830-stress-fence:c0643,arm-grid-R-I,10.5,5000000.0,0.36,False,1.3,0.85,0.07,220.1745131854372,216.09827657566407,3.1312347175040447,2272.0155281130696,351.3779646384171,0.17400452881628733,3.5343228200371053,9.778293135435991,82875535.10188018,7634271145.341753,1790341090.909091,2053074657.9007218,1735909090.909091,54432000.0,7634271145.341753,74187899.54294424,444131.36819300713,violated,satisfied,satisfied,satisfied,satisfied,satisfied,satisfied,False
20260830-stress-fence:c0644,arm-grid-R-I,10.5,5500000.0,0.36,False,1.3,0.85,0.07,227.2253371321091,222.99676240888542,3.1312347175040447,2272.0155281130696,351.3779646384171,0.14380539571593995,3.8877551020408156,10.756122448979589,100279397.473275,7919580997.341751,1963932000.0,2258382123.6907945,1909500000.0,54432000.0,7919580997.341751,74187899.54294424,444131.36819300713,violated,satisfied,satisfied,satisfied,satisfied,satisfied,satisfied,False
20260830-stress-fence:c0645,arm-grid-R-I,10.5,6000000.0,0.36,False,1.3,0.85,0.07,234.27616107878103,229.89524824210676,3.1312347175040447,2272.0155281130696,351.3779646384171,0.12083647834464399,4.241187384044526,11.733951762523189,119340770.54670745,8204890849.341751,2137522909.090909,2463689589.4808664,2083090909.090909,54432000.0,8204890849.341751,74187899.54294424,444131.36819300713,violated,satisfied,satisfied,satisfied,satisfied,satisfied,satisfied,False
20260830-stress-fence:c0646,arm-grid-R-I,10.5,6500000.0,0.36,False,1.3,0.85,0.07,241.32698502545296,236.79373407532813,3.1312347175040447,2272.0155281130696,351.3779646384171,0.10296125965460788,4.594619666048237,12.711781076066789,140059654.3221775,8490200701.34175,2311113818.1818185,2668997055.270939,2256681818.1818185,54432000.0,8490200701.34175,74187899.54294424,444131.36819300713,violated,satisfied,satisfied,satisfied,satisfied,satisfied,satisfied,False
20260830-stress-fence:c0647,arm-grid-R-I,10.5,7000000.0,0.36,False,1.3,0.85,0.07,248.37780897212488,243.69221990854953,3.1312347175040447,2272.0155281130696,351.3779646384171,0.08877782082463642,4.948051948051947,13.689610389610385,162436048.79968512,8775510553.341751,2484704727.2727275,2874304521.0610104,2430272727.2727275,54432000.0,8775510553.341751,74187899.54294424,444131.36819300713,violated,satisfied,satisfied,satisfied,satisfied,satisfied,satisfied,False
20260830-stress-fence:c0648,arm-grid-R-I,10.5,7500000.0,0.36,False,1.3,0.85,0.07,255.4286329187968,250.59070574177096,3.1312347175040447,2272.0155281130696,351.3779646384171,0.07733534614057216,5.3014842300556575,14.667439703153985,186469953.9792304,9060820405.341753,2658295636.3636365,3079611986.851083,2603863636.3636365,54432000.0,9060820405.341753,74187899.54294424,444131.36819300713,violated,satisfied,satisfied,satisfied,satisfied,satisfied,satisfied,False
20260830-stress-fence:c0649,arm-grid-R-I,10.5,8000000.0,0.36,False,1.3,0.85,0.07,262.4794568654687,257.4891915749922,3.1312347175040447,2272.0155281130696,351.3779646384171,0.06797051906886227,5.654916512059367,15.645269016697583,212161369.8608132,9346130257.34175,2831886545.454545,3284919452.6411543,2777454545.454545,54432000.0,9346130257.34175,74187899.54294424,444131.36819300713,violated,satisfied,satisfied,satisfied,satisfied,satisfied,satisfied,False
20260830-stress-fence:c0650,arm-grid-R-I,10.5,8500000.0,0.36,False,1.3,0.85,0.07,269.53028081214063,264.3876774082137,3.1312347175040447,2272.0155281130696,351.3779646384171,0.06020917952120669,6.008348794063079,16.623098330241184,239510296.44443372,9631440109.341751,3005477454.5454545,3490226918.431228,2951045454.5454545,54432000.0,9631440109.341751,74187899.54294424,444131.36819300713,violated,satisfied,satisfied,satisfied,satisfied,satisfied,satisfied,False
20260830-stress-fence:c0651,arm-grid-R-I,10.5,9000000.0,0.36,False,1.3,0.85,0.07,276.58110475881256,271.2861632414351,3.1312347175040447,2272.0155281130696,351.3779646384171,0.05370510148650843,6.36178107606679,17.600927643784786,268516733.7300918,9916749961.341751,3179068363.636363,3695534384.2213,3124636363.636363,54432000.0,9916749961.341751,74187899.54294424,444131.36819300713,violated,satisfied,satisfied,satisfied,satisfied,satisfied,satisfied,False
20260830-stress-fence:c0652,arm-grid-R-I,10.5,9500000.0,0.36,False,1.3,0.85,0.07,283.63192870548465,278.18464907465653,3.1312347175040447,2272.0155281130696,351.3779646384171,0.048200700503126685,6.7152133580705,18.578756957328384,299180681.71778744,10202059813.341755,3352659272.727273,3900841850.011372,3298227272.727273,54432000.0,10202059813.341755,74187899.54294424,444131.36819300713,satisfied,satisfied,satisfied,satisfied,satisfied,satisfied,satisfied,True
20260830-stress-fence:c0653,arm-grid-R-I,10.5,10000000.0,0.36,False,1.3,0.85,0.07,290.6827526521565,285.0831349078778,3.1312347175040447,2272.0155281130696,351.3779646384171,0.043501132204071834,7.068645640074211,19.556586270871982,331502140.4075207,10487369665.341753,3526250181.818182,4106149315.8014436,3471818181.818182,54432000.0,10487369665.341753,74187899.54294424,444131.36819300713,satisfied,satisfied,satisfied,satisfied,satisfied,satisfied,satisfied,True
20260830-stress-fence:c0654,arm-grid-R-I,10.5,10500000.0,0.36,False,1.3,0.85,0.07,297.7335765988284,291.9816207410992,3.1312347175040447,2272.0155281130696,351.3779646384171,0.03945680925539396,7.4220779220779205,20.53441558441558,365481109.79929155,10772679517.341753,3699841090.9090905,4311456781.5915165,3645409090.9090905,54432000.0,10772679517.341753,74187899.54294424,444131.36819300713,satisfied,satisfied,satisfied,satisfied,satisfied,satisfied,satisfied,True
20260830-stress-fence:c0655,arm-grid-R-I,10.5,11000000.0,0.36,False,1.3,0.85,0.07,304.78440054550026,298.88010657432056,3.1312347175040447,2272.0155281130696,351.3779646384171,0.03595134892898499,7.775510204081631,21.512244897959178,401117589.8931,11057989369.341751,3873432000.0,4516764247.381589,3819000000.0,54432000.0,11057989369.341751,74187899.54294424,444131.36819300713,satisfied,satisfied,satisfied,satisfied,satisfied,satisfied,satisfied,True
20260830-stress-fence:c0656,arm-grid-R-I,10.5,11500000.0,0.36,False,1.3,0.85,0.07,311.8352244921722,305.7785924075419,3.1312347175040447,2272.0155281130696,351.3779646384171,0.03289310563634921,8.128942486085343,22.490074211502783,438411580.6889462,11343299221.341751,4047022909.0909095,4722071713.171661,3992590909.0909095,54432000.0,11343299221.341751,74187899.54294424,444131.36819300713,satisfied,satisfied,satisfied,satisfied,satisfied,satisfied,satisfied,True
20260830-stress-fence:c0657,arm-grid-R-I,10.5,12000000.0,0.36,False,1.3,0.85,0.07,318.88604843884417,312.67707824076325,3.1312347175040447,2272.0155281130696,351.3779646384171,0.030209119586160998,8.482374768089052,23.467903525046378,477363082.1868298,11628609073.341751,4220613818.181818,4927379178.961733,4166181818.181818,54432000.0,11628609073.341751,74187899.54294424,444131.36819300713,satisfied,satisfied,satisfied,satisfied,satisfied,satisfied,satisfied,True
20260830-stress-fence:c0658,arm-grid-R-I,10.5,12500000.0,0.36,False,1.3,0.85,0.07,325.9368723855161,319.57556407398465,3.1312347175040447,2272.0155281130696,351.3779646384171,0.027840724610605973,8.835807050092763,24.445732838589976,517972094.38675106,11913918925.341751,4394204727.272727,5132686644.751806,4339772727.272727,54432000.0,11913918925.341751,74187899.54294424,444131.36819300713,satisfied,satisfied,satisfied,satisfied,satisfied,satisfied,satisfied,True
20260830-stress-fence:c0659,arm-grid-R-I,10.5,13000000.0,0.36,False,1.3,0.85,0.07,332.98769633218797,326.47404990720605,3.1312347175040447,2272.0155281130696,351.3779646384171,0.02574031491365197,9.189239332096474,25.423562152133577,560238617.28871,12199228777.341751,4567795636.363637,5337994110.541878,4513363636.363637,54432000.0,12199228777.341751,74187899.54294424,444131.36819300713,satisfied,satisfied,violated,satisfied,satisfied,satisfied,satisfied,False
20260830-stress-fence:c0660,arm-grid-R-I,10.5,13500000.0,0.36,False,1.3,0.85,0.07,340.03852027885983,333.3725357404274,3.1312347175040447,2272.0155281130696,351.3779646384171,0.02386893399400375,9.542671614100184,26.401391465677175,604162650.8927065,12484538629.34175,4741386545.454545,5543301576.33195,4686954545.454545,54432000.0,12484538629.34175,74187899.54294424,444131.36819300713,satisfied,satisfied,violated,satisfied,satisfied,satisfied,satisfied,False
20260830-stress-fence:c0661,arm-grid-R-I,10.5,14000000.0,0.36,False,1.3,0.85,0.07,347.0893442255318,340.2710215736488,3.1312347175040447,2272.0155281130696,351.3779646384171,0.022194455206159105,9.896103896103893,27.37922077922077,649744195.1987405,12769848481.341751,4914977454.545455,5748609042.122021,4860545454.545455,54432000.0,12769848481.341751,74187899.54294424,444131.36819300713,satisfied,satisfied,violated,satisfied,satisfied,satisfied,satisfied,False
20260830-stress-fence:c0662,arm-grid-R-I,10.5,14500000.0,0.36,False,1.3,0.85,0.07,354.1401681722038,347.16950740687014,3.1312347175040447,2272.0155281130696,351.3779646384171,0.020690193676134044,10.249536178107606,28.357050092764375,696983250.2068124,13055158333.341751,5088568363.636363,5953916507.912094,5034136363.636363,54432000.0,13055158333.341751,74187899.54294424,444131.36819300713,satisfied,satisfied,violated,satisfied,satisfied,satisfied,satisfied,False
20260830-stress-fence:c0663,arm-grid-R-I,10.5,15000000.0,0.36,False,1.3,0.85,0.07,361.19099211887567,354.0679932400915,3.1312347175040447,2272.0155281130696,351.3779646384171,0.01933383653514304,10.602968460111315,29.33487940630797,745879815.9169216,13340468185.341751,5262159272.727273,6159223973.702166,5207727272.727273,54432000.0,13340468185.341751,74187899.54294424,444131.36819300713,satisfied,satisfied,violated,satisfied,satisfied,satisfied,satisfied,False
20260830-stress-fence:c0664,arm-grid-R-I,10.5,15500000.0,0.36,False,1.3,0.85,0.07,368.2418160655476,360.9664790733129,3.1312347175040447,2272.0155281130696,351.3779646384171,0.01810661069888526,10.956400742115026,30.31270871985157,796433892.3290685,13625778037.341751,5435750181.818182,6364531439.492238,5381318181.818182,54432000.0,13625778037.341751,74187899.54294424,444131.36819300713,satisfied,satisfied,violated,satisfied,satisfied,satisfied,satisfied,False
20260830-stress-fence:c0665,arm-grid-R-I,10.5,16000000.0,0.36,False,1.3,0.85,0.07,375.29264001221947,367.8649649065342,3.1312347175040447,2272.0155281130696,351.3779646384171,0.016992629767215568,11.309833024118735,31.290538033395165,848645479.4432528,13911087889.34175,5609341090.90909,6569838905.282309,5554909090.90909,54432000.0,13911087889.34175,74187899.54294424,444131.36819300713,satisfied,satisfied,violated,satisfied,satisfied,satisfied,violated,False
20260830-stress-fence:c0666,arm-grid-R-I,10.5,16500000.0,0.36,False,1.3,0.85,0.07,382.3434639588914,374.7634507397556,3.1312347175040447,2272.0155281130696,351.3779646384171,0.015978377301771103,11.663265306122447,32.26836734693877,902514577.259475,14196397741.341751,5782931999.999999,6775146371.072383,5728499999.999999,54432000.0,14196397741.341751,74187899.54294424,444131.36819300713,satisfied,satisfied,violated,satisfied,satisfied,satisfied,violated,False
20260830-stress-fence:c0667,arm-grid-R-I,10.5,17000000.0,0.36,False,1.3,0.85,0.07,389.3942879055635,381.66193657297697,3.1312347175040447,2272.0155281130696,351.3779646384171,0.015052294880301673,12.016697588126158,33.24619666048237,958041185.7777349,14481707593.341753,5956522909.090909,6980453836.862456,5902090909.090909,54432000.0,14481707593.341753,74187899.54294424,444131.36819300713,satisfied,satisfied,violated,satisfied,satisfied,satisfied,violated,False
20260830-stress-fence:c0668,arm-grid-R-I,10.5,17500000.0,0.36,False,1.3,0.85,0.07,396.44511185223536,388.5604224061985,3.1312347175040447,2272.0155281130696,351.3779646384171,0.014204451331941825,12.370129870129867,34.22402597402596,1015225304.998032,14767017445.341753,6130113818.181818,7185761302.652526,6075681818.181818,54432000.0,14767017445.341753,74187899.54294424,444131.36819300713,satisfied,satisfied,violated,satisfied,satisfied,satisfied,violated,False
20260830-stress-fence:c0669,arm-grid-R-I,10.5,18000000.0,0.36,False,1.3,0.85,0.07,403.4959357989073,395.4589082394198,3.1312347175040447,2272.0155281130696,351.3779646384171,0.013426275371627107,12.72356215213358,35.20185528756957,1074066934.9203672,15052327297.341753,6303704727.272726,7391068768.4426,6249272727.272726,54432000.0,15052327297.341753,74187899.54294424,444131.36819300713,satisfied,satisfied,violated,satisfied,satisfied,satisfied,violated,False
20260830-stress-fence:c0670,arm-grid-R-I,10.5,18500000.0,0.36,False,1.3,0.85,0.07,410.54675974557927,402.3573940726412,3.1312347175040447,2272.0155281130696,351.3779646384171,0.012710338116602436,13.076994434137289,36.179684601113166,1134566075.5447397,15337637149.341757,6477295636.363637,7596376234.232672,6422863636.363637,54432000.0,15337637149.341757,74187899.54294424,444131.36819300713,satisfied,satisfied,violated,satisfied,satisfied,satisfied,violated,False
20260830-stress-fence:c0671,arm-grid-R-I,10.5,19000000.0,0.36,False,1.3,0.85,0.07,417.59758369225113,409.2558799058625,3.1312347175040447,2272.0155281130696,351.3779646384171,0.012050175125781671,13.430426716141,37.15751391465677,1196722726.8711498,15622947001.341753,6650886545.454546,7801683700.022744,6596454545.454546,54432000.0,15622947001.341753,74187899.54294424,444131.36819300713,satisfied,satisfied,violated,satisfied,satisfied,satisfied,violated,False
20260830-stress-fence:c0672,arm-grid-R-I,10.5,19500000.0,0.36,False,1.3,0.85,0.07,424.64840763892306,416.1543657390839,3.1312347175040447,2272.0155281130696,351.3779646384171,0.011440139961623103,13.783858998144709,38.13534322820036,1260536888.8995976,15908256853.341753,6824477454.545454,8006991165.812815,6770045454.545454,54432000.0,15908256853.341753,74187899.54294424,444131.36819300713,satisfied,satisfied,violated,satisfied,satisfied,satisfied,violated,False
20260830-stress-fence:c0673,arm-grid-R-I,10.5,20000000.0,0.36,False,1.3,0.85,0.07,431.699231585595,423.05285157230526,3.1312347175040447,2272.0155281130696,351.3779646384171,0.010875283051017958,14.137291280148421,39.113172541743964,1326008561.6300828,16193566705.341753,6998068363.636364,8212298631.602887,6943636363.636364,54432000.0,16193566705.341753,74187899.54294424,444131.36819300713,satisfied,satisfied,violated,satisfied,satisfied,satisfied,violated,False
20260830-stress-fence:c0674,arm-grid-R-I,10.5,20500000.0,0.36,False,1.3,0.85,0.07,438.75005553226697,429.9513374055267,3.1312347175040447,2272.0155281130696,351.3779646384171,0.010351250970629826,14.49072356215213,40.09100185528756,1393137745.0626059,16478876557.341757,7171659272.727274,8417606097.392961,7117227272.727274,54432000.0,16478876557.341757,74187899.54294424,444131.36819300713,satisfied,satisfied,violated,satisfied,satisfied,satisfied,violated,False
20260830-stress-fence:c0675,arm-grid-R-I,10.5,21000000.0,0.36,False,1.3,0.85,0.07,445.80087947893867,436.8498232387479,3.1312347175040447,2272.0155281130696,351.3779646384171,0.00986420231384849,14.844155844155841,41.06883116883116,1461924439.1971662,16764186409.34175,7345250181.818181,8622913563.183033,7290818181.818181,54432000.0,16764186409.34175,74187899.54294424,444131.36819300713,satisfied,satisfied,violated,satisfied,satisfied,satisfied,violated,False
20260830-stress-fence:c0676,arm-grid-R-I,10.5,21500000.0,0.36,False,1.3,0.85,0.07,452.8517034256107,443.7483090719694,3.1312347175040447,2272.0155281130696,351.3779646384171,0.009410737091199965,15.197588126159552,42.04666048237476,1532368644.0337646,17049496261.341751,7518841090.909092,8828221028.973104,7464409090.909092,54432000.0,17049496261.341751,74187899.54294424,444131.36819300713,satisfied,satisfied,violated,satisfied,satisfied,satisfied,violated,False
20260830-stress-fence:c0677,arm-grid-R-I,10.5,22000000.0,0.36,False,1.3,0.85,0.07,459.9025273722825,450.6467949051907,3.1312347175040447,2272.0155281130696,351.3779646384171,0.008987837232246247,15.551020408163263,43.024489795918356,1604470359.5724,17334806113.341747,7692432000.0,9033528494.763178,7638000000.0,54432000.0,17334806113.341747,74187899.54294424,444131.36819300713,satisfied,satisfied,violated,satisfied,satisfied,satisfied,violated,False
20260830-stress-fence:c0678,arm-grid-R-I,10.5,22500000.0,0.36,False,1.3,0.85,0.07,466.95335131895445,457.54528073841203,3.1312347175040447,2272.0155281130696,351.3779646384171,0.00859281623784135,15.904452690166973,44.00231910946196,1678229585.8130734,17620115965.341747,7866022909.090908,9238835960.553251,7811590909.090908,54432000.0,17620115965.341747,74187899.54294424,444131.36819300713,satisfied,satisfied,violated,satisfied,satisfied,satisfied,violated,False
20260830-stress-fence:c0679,arm-grid-R-I,10.5,23000000.0,0.36,False,1.3,0.85,0.07,474.0041752656265,464.44376657163343,3.1312347175040447,2272.0155281130696,351.3779646384171,0.008223276409087302,16.257884972170686,44.980148423005566,1753646322.7557847,17905425817.34175,8039613818.181819,9444143426.343323,7985181818.181819,54432000.0,17905425817.34175,74187899.54294424,444131.36819300713,satisfied,satisfied,violated,satisfied,satisfied,satisfied,violated,False
20260830-stress-fence:c0680,arm-grid-R-I,10.5,23500000.0,0.36,False,1.3,0.85,0.07,481.0549992122982,471.34225240485466,3.1312347175040447,2272.0155281130696,351.3779646384171,0.007877072377378334,16.61131725417439,45.95797773654915,1830720570.4005325,18190735669.341743,8213204727.272727,9649450892.133392,8158772727.272727,54432000.0,18190735669.341743,74187899.54294424,444131.36819300713,satisfied,satisfied,violated,satisfied,satisfied,satisfied,violated,False
20260830-stress-fence:c0681,arm-grid-R-I,10.5,24000000.0,0.36,False,1.3,0.85,0.07,488.1058231589702,478.2407382380761,3.1312347175040447,2272.0155281130696,351.3779646384171,0.0075522798965402494,16.964749536178104,46.935807050092755,1909452328.7473192,18476045521.341747,8386795636.363636,9854758357.923466,8332363636.363636,54432000.0,18476045521.341747,74187899.54294424,444131.36819300713,satisfied,satisfied,violated,satisfied,satisfied,satisfied,violated,False
20260830-stress-fence:c0682,arm-grid-R-I,10.5,24500000.0,0.36,False,1.3,0.85,0.07,495.15664710564204,485.13922407129735,3.1312347175040447,2272.0155281130696,351.3779646384171,0.007247169046909093,17.318181818181817,47.91363636363636,1989841597.796143,18761355373.341743,8560386545.454545,10060065823.713541,8505954545.454545,54432000.0,18761355373.341743,74187899.54294424,444131.36819300713,satisfied,satisfied,violated,satisfied,satisfied,satisfied,violated,False
20260830-stress-fence:c0683,arm-grid-R-I,10.5,25000000.0,0.36,False,1.3,0.85,0.07,502.207471052314,492.03770990451886,3.1312347175040447,2272.0155281130696,351.3779646384171,0.006960181152651493,17.671614100185526,48.89146567717995,2071888377.5470042,19046665225.341747,8733977454.545454,10265373289.503613,8679545454.545454,54432000.0,19046665225.341747,74187899.54294424,444131.36819300713,satisfied,satisfied,violated,satisfied,satisfied,satisfied,violated,False
20260830-stress-fence:c0684,arm-grid-R-I,10.5,25500000.0,0.36,False,1.3,0.85,0.07,509.258294998986,498.9361957377402,3.1312347175040447,2272.0155281130696,351.3779646384171,0.006689908835689634,18.025046382189235,49.869294990723546,2155592667.999903,19331975077.341747,8907568363.636362,10470680755.293682,8853136363.636362,54432000.0,19331975077.341747,74187899.54294424,444131.36819300713,satisfied,satisfied,violated,satisfied,satisfied,satisfied,violated,False
20260830-stress-fence:c0685,arm-grid-R-I,10.5,26000000.0,0.36,False,1.3,0.85,0.07,516.309118945658,505.8346815709617,3.1312347175040447,2272.0155281130696,351.3779646384171,0.006435078728412993,18.378478664192947,50.847124304267155,2240954469.15484,19617284929.34175,9081159272.727274,10675988221.083755,9026727272.727274,54432000.0,19617284929.34175,74187899.54294424,444131.36819300713,satisfied,satisfied,violated,satisfied,satisfied,satisfied,violated,False
20260830-stress-fence:c0686,arm-grid-R-I,11.0,2000000.0,0.36,False,1.3,0.85,0.07,172.85371388719153,169.78850182413018,3.1312347175040447,2380.2067437375017,368.1102486688179,1.193568479975667,1.3494687131050767,3.7335301062573785,12657354.451923518,6146135418.698242,748795636.3636363,821229863.1602892,694363636.3636363,54432000.0,6146135418.698242,79181524.55922869,465280.4809641028,violated,satisfied,satisfied,satisfied,satisfied,satisfied,satisfied,False
20260830-stress-fence:c0687,arm-grid-R-I,11.0,2500000.0,0.36,False,1.3,0.85,0.07,179.43948249243428,176.2319801704567,3.1312347175040447,2380.2067437375017,368.1102486688179,0.7638838271844267,1.686835891381346,4.666912632821724,19777116.3311305,6431445270.698242,922386545.4545455,1026537328.9503613,867954545.4545455,54432000.0,6431445270.698242,79181524.55922869,465280.4809641028,violated,satisfied,satisfied,satisfied,satisfied,satisfied,satisfied,False
20260830-stress-fence:c0688,arm-grid-R-I,11.0,3000000.0,0.36,False,1.3,0.85,0.07,186.025251097677,182.6754585167832,3.1312347175040447,2380.2067437375017,368.1102486688179,0.5304748799891852,2.024203069657615,5.600295159386069,28479047.516827922,6716755122.698242,1095977454.5454545,1231844794.7404337,1041545454.5454545,54432000.0,6716755122.698242,79181524.55922869,465280.4809641028,violated,satisfied,satisfied,satisfied,satisfied,satisfied,satisfied,False
20260830-stress-fence:c0689,arm-grid-R-I,11.0,3500000.0,0.36,False,1.3,0.85,0.07,192.61101970291975,189.11893686310975,3.1312347175040447,2380.2067437375017,368.1102486688179,0.3897366465226668,2.361570247933884,6.533677685950412,38763148.00901577,7002064974.698243,1269568363.6363637,1437152260.5305057,1215136363.6363637,54432000.0,7002064974.698243,79181524.55922869,465280.4809641028,violated,satisfied,satisfied,satisfied,satisfied,satisfied,satisfied,False
20260830-stress-fence:c0690,arm-grid-R-I,11.0,4000000.0,0.36,False,1.3,0.85,0.07,199.1967883081624,195.56241520943624,3.1312347175040447,2380.2067437375017,368.1102486688179,0.29839211999391674,2.6989374262101533,7.467060212514757,50629417.80769407,7287374826.698241,1443159272.7272725,1642459726.3205783,1388727272.7272725,54432000.0,7287374826.698241,79181524.55922869,465280.4809641028,violated,satisfied,satisfied,satisfied,satisfied,satisfied,satisfied,False
20260830-stress-fence:c0691,arm-grid-R-I,11.0,4500000.0,0.36,False,1.3,0.85,0.07,205.78255691340522,202.00589355576275,3.1312347175040447,2380.2067437375017,368.1102486688179,0.23576661332852678,3.0363046044864226,8.400442739079102,64077856.912862815,7572684678.698242,1616750181.8181815,1847767192.11065,1562318181.8181815,54432000.0,7572684678.698242,79181524.55922869,465280.4809641028,violated,satisfied,satisfied,satisfied,satisfied,satisfied,satisfied,False
20260830-stress-fence:c0692,arm-grid-R-I,11.0,5000000.0,0.36,False,1.3,0.85,0.07,212.36832551864796,208.44937190208933,3.1312347175040447,2380.2067437375017,368.1102486688179,0.19097095679610668,3.373671782762692,9.333825265643448,79108465.324522,7857994530.698243,1790341090.909091,2053074657.9007225,1735909090.909091,54432000.0,7857994530.698243,79181524.55922869,465280.4809641028,violated,satisfied,satisfied,satisfied,satisfied,satisfied,satisfied,False
20260830-stress-fence:c0693,arm-grid-R-I,11.0,5500000.0,0.36,False,1.3,0.85,0.07,218.95409412389066,214.8928502484158,3.1312347175040447,2380.2067437375017,368.1102486688179,0.15782723702157575,3.711038961038961,10.267207792207792,95721243.04267162,8143304382.698242,1963932000.0,2258382123.690795,1909500000.0,54432000.0,8143304382.698242,79181524.55922869,465280.4809641028,violated,satisfied,satisfied,satisfied,satisfied,satisfied,satisfied,False
20260830-stress-fence:c0694,arm-grid-R-I,11.0,6000000.0,0.36,False,1.3,0.85,0.07,225.5398627291335,221.3363285947424,3.1312347175040447,2380.2067437375017,368.1102486688179,0.1326187199972963,4.04840613931523,11.200590318772138,113916190.06731169,8428614234.698246,2137522909.090909,2463689589.4808674,2083090909.090909,54432000.0,8428614234.698246,79181524.55922869,465280.4809641028,violated,satisfied,satisfied,satisfied,satisfied,satisfied,satisfied,False
20260830-stress-fence:c0695,arm-grid-R-I,11.0,6500000.0,0.36,False,1.3,0.85,0.07,232.12563133437615,227.7798069410689,3.1312347175040447,2380.2067437375017,368.1102486688179,0.11300056615154243,4.385773317591499,12.133972845336482,133693306.39844216,8713924086.698244,2311113818.1818185,2668997055.270939,2256681818.1818185,54432000.0,8713924086.698244,79181524.55922869,465280.4809641028,violated,satisfied,satisfied,satisfied,satisfied,satisfied,satisfied,False
20260830-stress-fence:c0696,arm-grid-R-I,11.0,7000000.0,0.36,False,1.3,0.85,0.07,238.71139993961887,234.22328528739544,3.1312347175040447,2380.2067437375017,368.1102486688179,0.0974341616306667,4.723140495867768,13.067355371900824,155052592.03606308,8999233938.698244,2484704727.2727275,2874304521.0610113,2430272727.2727275,54432000.0,8999233938.698244,79181524.55922869,465280.4809641028,violated,satisfied,satisfied,satisfied,satisfied,satisfied,satisfied,False
20260830-stress-fence:c0697,arm-grid-R-I,11.0,7500000.0,0.36,False,1.3,0.85,0.07,245.2971685448616,240.66676363372193,3.1312347175040447,2380.2067437375017,368.1102486688179,0.08487598079826966,5.060507674144037,14.000737898465168,177994046.98017445,9284543790.698244,2658295636.3636365,3079611986.851083,2603863636.3636365,54432000.0,9284543790.698244,79181524.55922869,465280.4809641028,violated,satisfied,satisfied,satisfied,satisfied,satisfied,satisfied,False
20260830-stress-fence:c0698,arm-grid-R-I,11.0,8000000.0,0.36,False,1.3,0.85,0.07,251.88293715010428,247.11024198004844,3.1312347175040447,2380.2067437375017,368.1102486688179,0.07459802999847918,5.397874852420307,14.934120425029514,202517671.23077628,9569853642.698244,2831886545.454545,3284919452.6411567,2777454545.454545,54432000.0,9569853642.698244,79181524.55922869,465280.4809641028,violated,satisfied,satisfied,satisfied,satisfied,satisfied,satisfied,False
20260830-stress-fence:c0699,arm-grid-R-I,11.0,8500000.0,0.36,False,1.3,0.85,0.07,258.46870575534706,253.553720326375,3.1312347175040447,2380.2067437375017,368.1102486688179,0.06607991584640369,5.735242030696576,15.867502951593861,228623464.78786862,9855163494.698244,3005477454.5454545,3490226918.4312286,2951045454.5454545,54432000.0,9855163494.698244,79181524.55922869,465280.4809641028,violated,satisfied,satisfied,satisfied,satisfied,satisfied,satisfied,False
20260830-stress-fence:c0700,arm-grid-R-I,11.0,9000000.0,0.36,False,1.3,0.85,0.07,265.0544743605898,259.9971986727014,3.1312347175040447,2380.2067437375017,368.1102486688179,0.058941653332131694,6.072609208972845,16.800885478158204,256311427.65145126,10140473346.698242,3179068363.636363,3695534384.2213,3124636363.636363,54432000.0,10140473346.698242,79181524.55922869,465280.4809641028,violated,satisfied,satisfied,satisfied,satisfied,satisfied,satisfied,False
20260830-stress-fence:c0701,arm-grid-R-I,11.0,9500000.0,0.36,False,1.3,0.85,0.07,271.6402429658325,266.44067701902804,3.1312347175040447,2380.2067437375017,368.1102486688179,0.05290054204878301,6.409976387249115,17.73426800472255,285581559.82152444,10425783198.698244,3352659272.727273,3900841850.0113735,3298227272.727273,54432000.0,10425783198.698244,79181524.55922869,465280.4809641028,violated,satisfied,satisfied,satisfied,satisfied,satisfied,satisfied,False
20260830-stress-fence:c0702,arm-grid-R-I,11.0,10000000.0,0.36,False,1.3,0.85,0.07,278.2260115710753,272.88415536535456,3.1312347175040447,2380.2067437375017,368.1102486688179,0.04774273919902667,6.747343565525384,18.667650531286895,316433861.298088,10711093050.698244,3526250181.818182,4106149315.801445,3471818181.818182,54432000.0,10711093050.698244,79181524.55922869,465280.4809641028,satisfied,satisfied,satisfied,satisfied,satisfied,satisfied,satisfied,True
20260830-stress-fence:c0703,arm-grid-R-I,11.0,10500000.0,0.36,False,1.3,0.85,0.07,284.811780176318,279.327633711681,3.1312347175040447,2380.2067437375017,368.1102486688179,0.04330407183585186,7.0847107438016526,19.60103305785124,348868332.081142,10996402902.698244,3699841090.9090905,4311456781.591517,3645409090.9090905,54432000.0,10996402902.698244,79181524.55922869,465280.4809641028,satisfied,satisfied,satisfied,satisfied,satisfied,satisfied,satisfied,True
20260830-stress-fence:c0704,arm-grid-R-I,11.0,11000000.0,0.36,False,1.3,0.85,0.07,291.3975487815607,285.7711120580076,3.1312347175040447,2380.2067437375017,368.1102486688179,0.03945680925539394,7.422077922077922,20.534415584415584,382884972.1706865,11281712754.698246,3873432000.0,4516764247.38159,3819000000.0,54432000.0,11281712754.698246,79181524.55922869,465280.4809641028,satisfied,satisfied,satisfied,satisfied,satisfied,satisfied,satisfied,True
20260830-stress-fence:c0705,arm-grid-R-I,11.0,11500000.0,0.36,False,1.3,0.85,0.07,297.98331738680355,292.2145904043342,3.1312347175040447,2380.2067437375017,368.1102486688179,0.036100369904746056,7.759445100354192,21.46779811097993,418483781.56672144,11567022606.698248,4047022909.0909095,4722071713.171662,3992590909.0909095,54432000.0,11567022606.698248,79181524.55922869,465280.4809641028,satisfied,satisfied,satisfied,satisfied,satisfied,satisfied,satisfied,True
20260830-stress-fence:c0706,arm-grid-R-I,11.0,12000000.0,0.36,False,1.3,0.85,0.07,304.56908599204615,298.65806875066056,3.1312347175040447,2380.2067437375017,368.1102486688179,0.033154679999324074,8.09681227863046,22.401180637544275,455664760.26924676,11852332458.698244,4220613818.181818,4927379178.961735,4166181818.181818,54432000.0,11852332458.698244,79181524.55922869,465280.4809641028,satisfied,satisfied,satisfied,satisfied,satisfied,satisfied,satisfied,True
20260830-stress-fence:c0707,arm-grid-R-I,11.0,12500000.0,0.36,False,1.3,0.85,0.07,311.1548545972889,305.10154709698713,3.1312347175040447,2380.2067437375017,368.1102486688179,0.03055535308737707,8.43417945690673,23.33456316410862,494427908.2782625,12137642310.698244,4394204727.272727,5132686644.751806,4339772727.272727,54432000.0,12137642310.698244,79181524.55922869,465280.4809641028,satisfied,satisfied,satisfied,satisfied,satisfied,satisfied,satisfied,True
20260830-stress-fence:c0708,arm-grid-R-I,11.0,13000000.0,0.36,False,1.3,0.85,0.07,317.7406232025317,311.54502544331376,3.1312347175040447,2380.2067437375017,368.1102486688179,0.028250141537885607,8.771546635182998,24.267945690672963,534773225.59376866,12422952162.698248,4567795636.363637,5337994110.541878,4513363636.363637,54432000.0,12422952162.698248,79181524.55922869,465280.4809641028,satisfied,satisfied,satisfied,satisfied,satisfied,satisfied,satisfied,True
20260830-stress-fence:c0709,arm-grid-R-I,11.0,13500000.0,0.36,False,1.3,0.85,0.07,324.3263918077743,317.98850378964016,3.1312347175040447,2380.2067437375017,368.1102486688179,0.026196290369836308,9.108913813459267,25.201328217237307,576700712.2157655,12708262014.698244,4741386545.454545,5543301576.33195,4686954545.454545,54432000.0,12708262014.698244,79181524.55922869,465280.4809641028,satisfied,satisfied,violated,satisfied,satisfied,satisfied,satisfied,False
20260830-stress-fence:c0710,arm-grid-R-I,11.0,14000000.0,0.36,False,1.3,0.85,0.07,330.9121604130171,324.4319821359667,3.1312347175040447,2380.2067437375017,368.1102486688179,0.024358540407666676,9.446280991735536,26.134710743801648,620210368.1442523,12993571866.698244,4914977454.545455,5748609042.122023,4860545454.545455,54432000.0,12993571866.698244,79181524.55922869,465280.4809641028,satisfied,satisfied,violated,satisfied,satisfied,satisfied,satisfied,False
20260830-stress-fence:c0711,arm-grid-R-I,11.0,14500000.0,0.36,False,1.3,0.85,0.07,337.49792901825975,330.8754604822932,3.1312347175040447,2380.2067437375017,368.1102486688179,0.022707604850904478,9.783648170011807,27.068093270366,665302193.3792301,13278881718.698244,5088568363.636363,5953916507.912094,5034136363.636363,54432000.0,13278881718.698244,79181524.55922869,465280.4809641028,satisfied,satisfied,violated,satisfied,satisfied,satisfied,satisfied,False
20260830-stress-fence:c0712,arm-grid-R-I,11.0,15000000.0,0.36,False,1.3,0.85,0.07,344.08369762350253,337.3189388286197,3.1312347175040447,2380.2067437375017,368.1102486688179,0.021218995199567416,10.121015348288074,28.001475796930336,711976187.9206978,13564191570.698244,5262159272.727273,6159223973.702166,5207727272.727273,54432000.0,13564191570.698244,79181524.55922869,465280.4809641028,satisfied,satisfied,violated,satisfied,satisfied,satisfied,satisfied,False
20260830-stress-fence:c0713,arm-grid-R-I,11.0,15500000.0,0.36,False,1.3,0.85,0.07,350.6694662287453,343.7624171749462,3.1312347175040447,2380.2067437375017,368.1102486688179,0.019872107887211936,10.458382526564344,28.934858323494687,760232351.7686565,13849501422.698244,5435750181.818182,6364531439.49224,5381318181.818182,54432000.0,13849501422.698244,79181524.55922869,465280.4809641028,satisfied,satisfied,violated,satisfied,satisfied,satisfied,satisfied,False
20260830-stress-fence:c0714,arm-grid-R-I,11.0,16000000.0,0.36,False,1.3,0.85,0.07,357.2552348339879,350.20589552127274,3.1312347175040447,2380.2067437375017,368.1102486688179,0.018649507499619796,10.795749704840613,29.868240850059028,810070684.9231051,14134811274.698244,5609341090.90909,6569838905.282313,5554909090.90909,54432000.0,14134811274.698244,79181524.55922869,465280.4809641028,satisfied,satisfied,violated,satisfied,satisfied,satisfied,violated,False
20260830-stress-fence:c0715,arm-grid-R-I,11.0,16500000.0,0.36,False,1.3,0.85,0.07,363.84100343923063,356.64937386759914,3.1312347175040447,2380.2067437375017,368.1102486688179,0.01753635966906398,11.133116883116882,30.801623376623372,861491187.3840445,14420121126.69824,5782931999.999999,6775146371.072383,5728499999.999999,54432000.0,14420121126.69824,79181524.55922869,465280.4809641028,satisfied,satisfied,violated,satisfied,satisfied,satisfied,violated,False
20260830-stress-fence:c0716,arm-grid-R-I,11.0,17000000.0,0.36,False,1.3,0.85,0.07,370.42677204447335,363.0928522139257,3.1312347175040447,2380.2067437375017,368.1102486688179,0.01651997896160092,11.470484061393153,31.735005903187723,914493859.1514745,14705430978.69824,5956522909.090909,6980453836.862457,5902090909.090909,54432000.0,14705430978.69824,79181524.55922869,465280.4809641028,satisfied,satisfied,violated,satisfied,satisfied,satisfied,violated,False
20260830-stress-fence:c0717,arm-grid-R-I,11.0,17500000.0,0.36,False,1.3,0.85,0.07,377.012540649716,369.53633056025217,3.1312347175040447,2380.2067437375017,368.1102486688179,0.015589465860906667,11.807851239669422,32.66838842975206,969078700.2253944,14990740830.698238,6130113818.181818,7185761302.65253,6075681818.181818,54432000.0,14990740830.698238,79181524.55922869,465280.4809641028,satisfied,satisfied,violated,satisfied,satisfied,satisfied,violated,False
20260830-stress-fence:c0718,arm-grid-R-I,11.0,18000000.0,0.36,False,1.3,0.85,0.07,383.59830925495874,375.97980890657874,3.1312347175040447,2380.2067437375017,368.1102486688179,0.014735413333032923,12.14521841794569,33.60177095631641,1025245710.605805,15276050682.698238,6303704727.272726,7391068768.4426,6249272727.272726,54432000.0,15276050682.698238,79181524.55922869,465280.4809641028,satisfied,satisfied,violated,satisfied,satisfied,satisfied,violated,False
20260830-stress-fence:c0719,arm-grid-R-I,11.0,18500000.0,0.36,False,1.3,0.85,0.07,390.1840778602015,382.42328725290525,3.1312347175040447,2380.2067437375017,368.1102486688179,0.013949668137042126,12.48258559622196,34.53515348288075,1082994890.292706,15561360534.69824,6477295636.363637,7596376234.232673,6422863636.363637,54432000.0,15561360534.69824,79181524.55922869,465280.4809641028,satisfied,satisfied,violated,satisfied,satisfied,satisfied,violated,False
20260830-stress-fence:c0720,arm-grid-R-I,11.0,19000000.0,0.36,False,1.3,0.85,0.07,396.76984646544423,388.8667655992317,3.1312347175040447,2380.2067437375017,368.1102486688179,0.013225135512195752,12.81995277449823,35.4685360094451,1142326239.2860978,15846670386.69824,6650886545.454546,7801683700.022747,6596454545.454546,54432000.0,15846670386.69824,79181524.55922869,465280.4809641028,satisfied,satisfied,violated,satisfied,satisfied,satisfied,violated,False
20260830-stress-fence:c0721,arm-grid-R-I,11.0,19500000.0,0.36,False,1.3,0.85,0.07,403.35561507068695,395.31024394555834,3.1312347175040447,2380.2067437375017,368.1102486688179,0.012555618461282492,13.157319952774497,36.40191853600944,1203239757.5859795,16131980238.69824,6824477454.545454,8006991165.812818,6770045454.545454,54432000.0,16131980238.69824,79181524.55922869,465280.4809641028,satisfied,satisfied,violated,satisfied,satisfied,satisfied,violated,False
20260830-stress-fence:c0722,arm-grid-R-I,11.0,20000000.0,0.36,False,1.3,0.85,0.07,409.9413836759298,401.7537222918849,3.1312347175040447,2380.2067437375017,368.1102486688179,0.011935684799756667,13.494687131050767,37.33530106257379,1265735445.192352,16417290090.698242,6998068363.636364,8212298631.60289,6943636363.636364,54432000.0,16417290090.698242,79181524.55922869,465280.4809641028,satisfied,satisfied,violated,satisfied,satisfied,satisfied,violated,False
20260830-stress-fence:c0723,arm-grid-R-I,11.0,20500000.0,0.36,False,1.3,0.85,0.07,416.5271522811725,408.19720063821137,3.1312347175040447,2380.2067437375017,368.1102486688179,0.011360556620827286,13.832054309327036,38.268683589138135,1329813302.1052148,16702599942.698242,7171659272.727274,8417606097.3929615,7117227272.727274,54432000.0,16702599942.698242,79181524.55922869,465280.4809641028,satisfied,satisfied,violated,satisfied,satisfied,satisfied,violated,False
20260830-stress-fence:c0724,arm-grid-R-I,11.0,21000000.0,0.36,False,1.3,0.85,0.07,423.1129208864151,414.6406789845378,3.1312347175040447,2380.2067437375017,368.1102486688179,0.010826017958962965,14.169421487603305,39.20206611570248,1395473328.324568,16987909794.698238,7345250181.818181,8622913563.183035,7290818181.818181,54432000.0,16987909794.698238,79181524.55922869,465280.4809641028,satisfied,satisfied,violated,satisfied,satisfied,satisfied,violated,False
20260830-stress-fence:c0725,arm-grid-R-I,11.0,21500000.0,0.36,False,1.3,0.85,0.07,429.69868949165794,421.0841573308644,3.1312347175040447,2380.2067437375017,368.1102486688179,0.010328337306441683,14.506788665879574,40.13544864226682,1462715523.8504117,17273219646.698242,7518841090.909092,8828221028.973106,7464409090.909092,54432000.0,17273219646.698242,79181524.55922869,465280.4809641028,satisfied,satisfied,violated,satisfied,satisfied,satisfied,violated,False
20260830-stress-fence:c0726,arm-grid-R-I,11.0,22000000.0,0.36,False,1.3,0.85,0.07,436.28445809690055,427.52763567719086,3.1312347175040447,2380.2067437375017,368.1102486688179,0.009864202313848484,14.844155844155845,41.06883116883117,1531539888.682746,17558529498.69824,7692432000.0,9033528494.76318,7638000000.0,54432000.0,17558529498.69824,79181524.55922869,465280.4809641028,satisfied,satisfied,violated,satisfied,satisfied,satisfied,violated,False
20260830-stress-fence:c0727,arm-grid-R-I,11.0,22500000.0,0.36,False,1.3,0.85,0.07,442.87022670214327,433.9711140235173,3.1312347175040447,2380.2067437375017,368.1102486688179,0.009430664533141071,15.181523022432113,42.00221369539551,1601946422.8215704,17843839350.69824,7866022909.090908,9238835960.553251,7811590909.090908,54432000.0,17843839350.69824,79181524.55922869,465280.4809641028,satisfied,satisfied,violated,satisfied,satisfied,satisfied,violated,False
20260830-stress-fence:c0728,arm-grid-R-I,11.0,23000000.0,0.36,False,1.3,0.85,0.07,449.45599530738616,440.414592369844,3.1312347175040447,2380.2067437375017,368.1102486688179,0.009025092476186514,15.518890200708384,42.93559622195986,1673935126.2668858,18129149202.698242,8039613818.181819,9444143426.343325,7985181818.181819,54432000.0,18129149202.698242,79181524.55922869,465280.4809641028,satisfied,satisfied,violated,satisfied,satisfied,satisfied,violated,False
20260830-stress-fence:c0729,arm-grid-R-I,11.0,23500000.0,0.36,False,1.3,0.85,0.07,456.0417639126287,446.85807071617046,3.1312347175040447,2380.2067437375017,368.1102486688179,0.00864513158877803,15.856257378984651,43.8689787485242,1747505999.0186908,18414459054.69824,8213204727.272727,9649450892.133396,8158772727.272727,54432000.0,18414459054.69824,79181524.55922869,465280.4809641028,satisfied,satisfied,violated,satisfied,satisfied,satisfied,violated,False
20260830-stress-fence:c0730,arm-grid-R-I,11.0,24000000.0,0.36,False,1.3,0.85,0.07,462.6275325178715,453.3015490624969,3.1312347175040447,2380.2067437375017,368.1102486688179,0.008288669999831019,16.19362455726092,44.80236127508855,1822659041.076987,18699768906.69824,8386795636.363636,9854758357.92347,8332363636.363636,54432000.0,18699768906.69824,79181524.55922869,465280.4809641028,satisfied,satisfied,violated,satisfied,satisfied,satisfied,violated,False
20260830-stress-fence:c0731,arm-grid-R-I,11.0,24500000.0,0.36,False,1.3,0.85,0.07,469.21330112311426,459.74502740882343,3.1312347175040447,2380.2067437375017,368.1102486688179,0.007953809112707485,16.53099173553719,45.73574380165289,1899394252.4417732,18985078758.69824,8560386545.454545,10060065823.713541,8505954545.454545,54432000.0,18985078758.69824,79181524.55922869,465280.4809641028,satisfied,satisfied,violated,satisfied,satisfied,satisfied,violated,False
20260830-stress-fence:c0732,arm-grid-R-I,11.0,25000000.0,0.36,False,1.3,0.85,0.07,475.79906972835704,466.18850575514995,3.1312347175040447,2380.2067437375017,368.1102486688179,0.007638838271844268,16.86835891381346,46.66912632821724,1977711633.11305,19270388610.69824,8733977454.545454,10265373289.503613,8679545454.545454,54432000.0,19270388610.69824,79181524.55922869,465280.4809641028,satisfied,satisfied,violated,satisfied,satisfied,satisfied,violated,False
20260830-stress-fence:c0733,arm-grid-R-I,11.0,25500000.0,0.36,False,1.3,0.85,0.07,482.38483833359965,472.6319841014764,3.1312347175040447,2380.2067437375017,368.1102486688179,0.007342212871822634,17.205726092089726,47.602508854781576,2057611183.090817,19555698462.69824,8907568363.636362,10470680755.293682,8853136363.636362,54432000.0,19555698462.69824,79181524.55922869,465280.4809641028,satisfied,satisfied,violated,satisfied,satisfied,satisfied,violated,False
20260830-stress-fence:c0734,arm-grid-R-I,11.0,26000000.0,0.36,False,1.3,0.85,0.07,488.9706069388424,479.07546244780315,3.1312347175040447,2380.2067437375017,368.1102486688179,0.007062535384471402,17.543093270365997,48.53589138134593,2139092902.3750746,19841008314.698242,9081159272.727274,10675988221.083755,9026727272.727274,54432000.0,19841008314.698242,79181524.55922869,465280.4809641028,satisfied,satisfied,violated,satisfied,satisfied,satisfied,violated,False
20260830-stress-fence:c0735,arm-grid-R-I,11.5,2000000.0,0.36,False,1.3,0.85,0.07,168.5306963128637,165.54916319898663,3.1312347175040456,2488.3979593619338,384.84253269921874,1.3045407560064626,1.2907961603613776,3.5712027103331447,12107034.693144234,6372666063.797369,748795636.3636363,821229863.1602889,694363636.3636363,54432000.0,6372666063.797369,84297832.34918384,486429.5937351984,violated,satisfied,satisfied,satisfied,satisfied,satisfied,satisfied,False
20260830-stress-fence:c0736,arm-grid-R-I,11.5,2500000.0,0.36,False,1.3,0.85,0.07,174.70896145112903,171.5939424833036,3.1312347175040456,2488.3979593619338,384.84253269921874,0.8349060838441359,1.613495200451722,4.4640033879164305,18917241.708037864,6657975915.797368,922386545.4545455,1026537328.9503613,867954545.4545455,54432000.0,6657975915.797368,84297832.34918384,486429.5937351984,violated,satisfied,satisfied,satisfied,satisfied,satisfied,satisfied,False
20260830-stress-fence:c0737,arm-grid-R-I,11.5,3000000.0,0.36,False,1.3,0.85,0.07,180.88722658939434,177.6387217676206,3.1312347175040456,2488.3979593619338,384.84253269921874,0.5797958915584278,1.9361942405420665,5.356804065499717,27240828.05957453,6943285767.797367,1095977454.5454545,1231844794.7404332,1041545454.5454545,54432000.0,6943285767.797367,84297832.34918384,486429.5937351984,violated,satisfied,satisfied,satisfied,satisfied,satisfied,satisfied,False
20260830-stress-fence:c0738,arm-grid-R-I,11.5,3500000.0,0.36,False,1.3,0.85,0.07,187.0654917276597,183.6835010519377,3.1312347175040456,2488.3979593619338,384.84253269921874,0.4259724917572123,2.2588932806324107,6.249604743083003,37077793.74775422,7228595619.797368,1269568363.6363637,1437152260.5305057,1215136363.6363637,54432000.0,7228595619.797368,84297832.34918384,486429.5937351984,violated,satisfied,satisfied,satisfied,satisfied,satisfied,satisfied,False
20260830-stress-fence:c0739,arm-grid-R-I,11.5,4000000.0,0.36,False,1.3,0.85,0.07,193.243756865925,189.72828033625467,3.1312347175040456,2488.3979593619338,384.84253269921874,0.32613518900161564,2.581592320722755,7.1424054206662895,48428138.772576936,7513905471.797367,1443159272.7272725,1642459726.3205779,1388727272.7272725,54432000.0,7513905471.797367,84297832.34918384,486429.5937351984,violated,satisfied,satisfied,satisfied,satisfied,satisfied,satisfied,False
20260830-stress-fence:c0740,arm-grid-R-I,11.5,4500000.0,0.36,False,1.3,0.85,0.07,199.42202200419032,195.7730596205717,3.1312347175040456,2488.3979593619338,384.84253269921874,0.25768706291485677,2.9042913608131,8.035206098249576,61291863.134042695,7799215323.797367,1616750181.8181815,1847767192.11065,1562318181.8181815,54432000.0,7799215323.797367,84297832.34918384,486429.5937351984,violated,satisfied,satisfied,satisfied,satisfied,satisfied,satisfied,False
20260830-stress-fence:c0741,arm-grid-R-I,11.5,5000000.0,0.36,False,1.3,0.85,0.07,205.60028714245567,201.8178389048888,3.1312347175040456,2488.3979593619338,384.84253269921874,0.20872652096103397,3.226990400903444,8.928006775832861,75668966.83215146,8084525175.797369,1790341090.909091,2053074657.9007225,1735909090.909091,54432000.0,8084525175.797369,84297832.34918384,486429.5937351984,violated,satisfied,satisfied,satisfied,satisfied,satisfied,satisfied,False
20260830-stress-fence:c0742,arm-grid-R-I,11.5,5500000.0,0.36,False,1.3,0.85,0.07,211.77855228072104,207.8626181892058,3.1312347175040456,2488.3979593619338,384.84253269921874,0.17250125699259009,3.5496894409937885,9.820807453416148,91559449.86690328,8369835027.797369,1963932000.0,2258382123.6907945,1909500000.0,54432000.0,8369835027.797369,84297832.34918384,486429.5937351984,violated,satisfied,satisfied,satisfied,satisfied,satisfied,satisfied,False
20260830-stress-fence:c0743,arm-grid-R-I,11.5,6000000.0,0.36,False,1.3,0.85,0.07,217.9568174189863,213.9073974735228,3.1312347175040456,2488.3979593619338,384.84253269921874,0.14494897288960695,3.872388481084133,10.713608130999434,108963312.23829812,8655144879.797367,2137522909.090909,2463689589.4808664,2083090909.090909,54432000.0,8655144879.797367,84297832.34918384,486429.5937351984,violated,satisfied,satisfied,satisfied,satisfied,satisfied,satisfied,False
20260830-stress-fence:c0744,arm-grid-R-I,11.5,6500000.0,0.36,False,1.3,0.85,0.07,224.1350825572517,219.95217675783985,3.1312347175040456,2488.3979593619338,384.84253269921874,0.12350681713670653,4.195087521174477,11.606408808582719,127880553.94633597,8940454731.797369,2311113818.1818185,2668997055.270939,2256681818.1818185,54432000.0,8940454731.797369,84297832.34918384,486429.5937351984,violated,satisfied,satisfied,satisfied,satisfied,satisfied,satisfied,False
20260830-stress-fence:c0745,arm-grid-R-I,11.5,7000000.0,0.36,False,1.3,0.85,0.07,230.313347695517,225.99695604215688,3.1312347175040456,2488.3979593619338,384.84253269921874,0.10649312293930308,4.517786561264821,12.499209486166006,148311174.9910169,9225764583.797369,2484704727.2727275,2874304521.0610113,2430272727.2727275,54432000.0,9225764583.797369,84297832.34918384,486429.5937351984,violated,satisfied,satisfied,satisfied,satisfied,satisfied,satisfied,False
20260830-stress-fence:c0746,arm-grid-R-I,11.5,7500000.0,0.36,False,1.3,0.85,0.07,236.4916128337824,232.04173532647394,3.1312347175040456,2488.3979593619338,384.84253269921874,0.09276734264934845,4.840485601355166,13.392010163749292,170255175.3723408,9511074435.797369,2658295636.3636365,3079611986.851083,2603863636.3636365,54432000.0,9511074435.797369,84297832.34918384,486429.5937351984,violated,satisfied,satisfied,satisfied,satisfied,satisfied,satisfied,False
20260830-stress-fence:c0747,arm-grid-R-I,11.5,8000000.0,0.36,False,1.3,0.85,0.07,242.6698779720477,238.08651461079097,3.1312347175040456,2488.3979593619338,384.84253269921874,0.08153379725040391,5.16318464144551,14.284810841332579,193712555.09030774,9796384287.797369,2831886545.454545,3284919452.6411557,2777454545.454545,54432000.0,9796384287.797369,84297832.34918384,486429.5937351984,violated,satisfied,satisfied,satisfied,satisfied,satisfied,satisfied,False
20260830-stress-fence:c0748,arm-grid-R-I,11.5,8500000.0,0.36,False,1.3,0.85,0.07,248.84814311031298,244.13129389510792,3.1312347175040456,2488.3979593619338,384.84253269921874,0.07222370967509825,5.485883681535856,15.177611518915867,218683314.1449178,10081694139.797367,3005477454.5454545,3490226918.431228,2951045454.5454545,54432000.0,10081694139.797367,84297832.34918384,486429.5937351984,violated,satisfied,satisfied,satisfied,satisfied,satisfied,satisfied,False
20260830-stress-fence:c0749,arm-grid-R-I,11.5,9000000.0,0.36,False,1.3,0.85,0.07,255.02640824857832,250.17607317942498,3.1312347175040456,2488.3979593619338,384.84253269921874,0.06442176572871419,5.8085827216262,16.070412196499152,245167452.53617078,10367003991.797367,3179068363.636363,3695534384.2213,3124636363.636363,54432000.0,10367003991.797367,84297832.34918384,486429.5937351984,violated,satisfied,satisfied,satisfied,satisfied,satisfied,satisfied,False
20260830-stress-fence:c0750,arm-grid-R-I,11.5,9500000.0,0.36,False,1.3,0.85,0.07,261.2046733868437,256.220852463742,3.1312347175040456,2488.3979593619338,384.84253269921874,0.05781898087563268,6.131281761716544,16.963212874082437,273164970.2640668,10652313843.797369,3352659272.727273,3900841850.011372,3298227272.727273,54432000.0,10652313843.797369,84297832.34918384,486429.5937351984,violated,satisfied,satisfied,satisfied,satisfied,satisfied,satisfied,False
20260830-stress-fence:c0751,arm-grid-R-I,11.5,10000000.0,0.36,False,1.3,0.85,0.07,267.382938525109,262.26563174805904,3.1312347175040456,2488.3979593619338,384.84253269921874,0.05218163024025849,6.453980801806888,17.856013551665722,302675867.32860583,10937623695.797369,3526250181.818182,4106149315.801445,3471818181.818182,54432000.0,10937623695.797369,84297832.34918384,486429.5937351984,violated,satisfied,satisfied,satisfied,satisfied,satisfied,satisfied,False
20260830-stress-fence:c0752,arm-grid-R-I,11.5,10500000.0,0.36,False,1.3,0.85,0.07,273.5612036633743,268.31041103237607,3.1312347175040456,2488.3979593619338,384.84253269921874,0.04733027686191247,6.7766798418972325,18.74881422924901,333700143.729788,11222933547.797367,3699841090.9090905,4311456781.591517,3645409090.9090905,54432000.0,11222933547.797367,84297832.34918384,486429.5937351984,satisfied,satisfied,satisfied,satisfied,satisfied,satisfied,satisfied,True
20260830-stress-fence:c0753,arm-grid-R-I,11.5,11000000.0,0.36,False,1.3,0.85,0.07,279.7394688016397,274.35519031669315,3.1312347175040456,2488.3979593619338,384.84253269921874,0.04312531424814752,7.099378881987577,19.641614906832295,366237799.4676131,11508243399.79737,3873432000.0,4516764247.381589,3819000000.0,54432000.0,11508243399.79737,84297832.34918384,486429.5937351984,satisfied,satisfied,satisfied,satisfied,satisfied,satisfied,satisfied,True
20260830-stress-fence:c0754,arm-grid-R-I,11.5,11500000.0,0.36,False,1.3,0.85,0.07,285.9177339399049,280.3999696010101,3.1312347175040456,2488.3979593619338,384.84253269921874,0.03945680925539394,7.422077922077922,20.534415584415584,400288834.54208136,11793553251.797367,4047022909.0909095,4722071713.171661,3992590909.0909095,54432000.0,11793553251.797367,84297832.34918384,486429.5937351984,satisfied,satisfied,satisfied,satisfied,satisfied,satisfied,satisfied,True
20260830-stress-fence:c0755,arm-grid-R-I,11.5,12000000.0,0.36,False,1.3,0.85,0.07,292.0959990781702,286.44474888532704,3.1312347175040456,2488.3979593619338,384.84253269921874,0.03623724322240174,7.744776962168266,21.42721626199887,435853248.9531925,12078863103.797365,4220613818.181818,4927379178.961733,4166181818.181818,54432000.0,12078863103.797365,84297832.34918384,486429.5937351984,satisfied,satisfied,satisfied,satisfied,satisfied,satisfied,satisfied,True
20260830-stress-fence:c0756,arm-grid-R-I,11.5,12500000.0,0.36,False,1.3,0.85,0.07,298.27426421643554,292.4895281696441,3.1312347175040456,2488.3979593619338,384.84253269921874,0.03339624335376544,8.06747600225861,22.320016939582153,472931042.7009467,12364172955.797365,4394204727.272727,5132686644.751806,4339772727.272727,54432000.0,12364172955.797365,84297832.34918384,486429.5937351984,satisfied,satisfied,satisfied,satisfied,satisfied,satisfied,satisfied,True
20260830-stress-fence:c0757,arm-grid-R-I,11.5,13000000.0,0.36,False,1.3,0.85,0.07,304.45252935470097,298.53430745396116,3.1312347175040456,2488.3979593619338,384.84253269921874,0.03087670428417663,8.390175042348954,23.212817617165438,511522215.7853439,12649482807.797367,4567795636.363637,5337994110.541878,4513363636.363637,54432000.0,12649482807.797367,84297832.34918384,486429.5937351984,satisfied,satisfied,satisfied,satisfied,satisfied,satisfied,satisfied,True
20260830-stress-fence:c0758,arm-grid-R-I,11.5,13500000.0,0.36,False,1.3,0.85,0.07,310.63079449296623,304.57908673827814,3.1312347175040456,2488.3979593619338,384.84253269921874,0.028631895879428527,8.7128740824393,24.105618294748727,551626768.2063842,12934792659.797365,4741386545.454545,5543301576.33195,4686954545.454545,54432000.0,12934792659.797365,84297832.34918384,486429.5937351984,satisfied,satisfied,satisfied,satisfied,satisfied,satisfied,satisfied,True
20260830-stress-fence:c0759,arm-grid-R-I,11.5,14000000.0,0.36,False,1.3,0.85,0.07,316.80905963123166,310.62386602259517,3.1312347175040456,2488.3979593619338,384.84253269921874,0.02662328073482577,9.035573122529643,24.99841897233201,593244699.9640676,13220102511.797367,4914977454.545455,5748609042.122023,4860545454.545455,54432000.0,13220102511.797367,84297832.34918384,486429.5937351984,satisfied,satisfied,violated,satisfied,satisfied,satisfied,satisfied,False
20260830-stress-fence:c0760,arm-grid-R-I,11.5,14500000.0,0.36,False,1.3,0.85,0.07,322.98732476949687,316.66864530691214,3.1312347175040456,2488.3979593619338,384.84253269921874,0.02481884910357122,9.358272162619988,25.8912196499153,636376011.058394,13505412363.797365,5088568363.636363,5953916507.912094,5034136363.636363,54432000.0,13505412363.797365,84297832.34918384,486429.5937351984,satisfied,satisfied,violated,satisfied,satisfied,satisfied,satisfied,False
20260830-stress-fence:c0761,arm-grid-R-I,11.5,15000000.0,0.36,False,1.3,0.85,0.07,329.1655899077623,322.7134245912292,3.1312347175040456,2488.3979593619338,384.84253269921874,0.023191835662337113,9.680971202710332,26.784020327498585,681020701.4893632,13790722215.797367,5262159272.727273,6159223973.702166,5207727272.727273,54432000.0,13790722215.797367,84297832.34918384,486429.5937351984,satisfied,satisfied,violated,satisfied,satisfied,satisfied,satisfied,False
20260830-stress-fence:c0762,arm-grid-R-I,11.5,15500000.0,0.36,False,1.3,0.85,0.07,335.3438550460276,328.75820387554626,3.1312347175040456,2488.3979593619338,384.84253269921874,0.02171972122383288,10.003670242800677,27.676821005081873,727178771.2569757,14076032067.797367,5435750181.818182,6364531439.49224,5381318181.818182,54432000.0,14076032067.797367,84297832.34918384,486429.5937351984,satisfied,satisfied,violated,satisfied,satisfied,satisfied,satisfied,False
20260830-stress-fence:c0763,arm-grid-R-I,11.5,16000000.0,0.36,False,1.3,0.85,0.07,341.5221201842928,334.80298315986323,3.1312347175040456,2488.3979593619338,384.84253269921874,0.020383449312600978,10.32636928289102,28.569621682665158,774850220.361231,14361341919.797363,5609341090.90909,6569838905.282311,5554909090.90909,54432000.0,14361341919.797363,84297832.34918384,486429.5937351984,satisfied,satisfied,violated,satisfied,satisfied,satisfied,satisfied,False
20260830-stress-fence:c0764,arm-grid-R-I,11.5,16500000.0,0.36,False,1.3,0.85,0.07,347.70038532255813,340.8477624441802,3.1312347175040456,2488.3979593619338,384.84253269921874,0.019166806332510007,10.649068322981366,29.462422360248446,824035048.8021296,14646651771.797363,5782931999.999999,6775146371.072383,5728499999.999999,54432000.0,14646651771.797363,84297832.34918384,486429.5937351984,satisfied,satisfied,violated,satisfied,satisfied,satisfied,violated,False
20260830-stress-fence:c0765,arm-grid-R-I,11.5,17000000.0,0.36,False,1.3,0.85,0.07,353.8786504608236,346.8925417284973,3.1312347175040456,2488.3979593619338,384.84253269921874,0.018055927418774563,10.971767363071711,30.355223037831735,874733256.5796711,14931961623.797365,5956522909.090909,6980453836.862456,5902090909.090909,54432000.0,14931961623.797365,84297832.34918384,486429.5937351984,satisfied,satisfied,violated,satisfied,satisfied,satisfied,violated,False
20260830-stress-fence:c0766,arm-grid-R-I,11.5,17500000.0,0.36,False,1.3,0.85,0.07,360.0569155990888,352.9373210128144,3.1312347175040456,2488.3979593619338,384.84253269921874,0.017038899670288488,11.294466403162055,31.248023715415016,926944843.6938554,15217271475.797365,6130113818.181818,7185761302.65253,6075681818.181818,54432000.0,15217271475.797365,84297832.34918384,486429.5937351984,satisfied,satisfied,violated,satisfied,satisfied,satisfied,violated,False
20260830-stress-fence:c0767,arm-grid-R-I,11.5,18000000.0,0.36,False,1.3,0.85,0.07,366.23518073735426,358.9821002971314,3.1312347175040456,2488.3979593619338,384.84253269921874,0.016105441432178548,11.6171654432524,32.140824392998304,980669810.1446831,15502581327.797365,6303704727.272726,7391068768.4426,6249272727.272726,54432000.0,15502581327.797365,84297832.34918384,486429.5937351984,satisfied,satisfied,violated,satisfied,satisfied,satisfied,violated,False
20260830-stress-fence:c0768,arm-grid-R-I,11.5,18500000.0,0.36,False,1.3,0.85,0.07,372.4134458756196,365.0268795814484,3.1312347175040456,2488.3979593619338,384.84253269921874,0.015246641414246457,11.939864483342744,33.03362507058159,1035908155.9321536,15787891179.797365,6477295636.363637,7596376234.232675,6422863636.363637,54432000.0,15787891179.797365,84297832.34918384,486429.5937351984,satisfied,satisfied,violated,satisfied,satisfied,satisfied,violated,False
20260830-stress-fence:c0769,arm-grid-R-I,11.5,19000000.0,0.36,False,1.3,0.85,0.07,378.5917110138849,371.0716588657654,3.1312347175040456,2488.3979593619338,384.84253269921874,0.01445474521890817,12.262563523433087,33.926425748164874,1092659881.0562673,16073201031.797365,6650886545.454546,7801683700.022744,6596454545.454546,54432000.0,16073201031.797365,84297832.34918384,486429.5937351984,satisfied,satisfied,violated,satisfied,satisfied,satisfied,violated,False
20260830-stress-fence:c0770,arm-grid-R-I,11.5,19500000.0,0.36,False,1.3,0.85,0.07,384.7699761521502,377.11643815008244,3.1312347175040456,2488.3979593619338,384.84253269921874,0.013722979681856281,12.58526256352343,34.819226425748155,1150924985.5170238,16358510883.797365,6824477454.545454,8006991165.812818,6770045454.545454,54432000.0,16358510883.797365,84297832.34918384,486429.5937351984,satisfied,satisfied,violated,satisfied,satisfied,satisfied,violated,False
20260830-stress-fence:c0771,arm-grid-R-I,11.5,20000000.0,0.36,False,1.3,0.85,0.07,390.9482412904155,383.1612174343994,3.1312347175040456,2488.3979593619338,384.84253269921874,0.013045407560064623,12.907961603613776,35.712027103331444,1210703469.3144233,16643820735.797365,6998068363.636364,8212298631.60289,6943636363.636364,54432000.0,16643820735.797365,84297832.34918384,486429.5937351984,satisfied,satisfied,violated,satisfied,satisfied,satisfied,violated,False
20260830-stress-fence:c0772,arm-grid-R-I,11.5,20500000.0,0.36,False,1.3,0.85,0.07,397.126506428681,389.2059967187166,3.1312347175040456,2488.3979593619338,384.84253269921874,0.012416806719871151,13.23066064370412,36.60482778091473,1271995332.448466,16929130587.79737,7171659272.727274,8417606097.3929615,7117227272.727274,54432000.0,16929130587.79737,84297832.34918384,486429.5937351984,satisfied,satisfied,violated,satisfied,satisfied,satisfied,violated,False
20260830-stress-fence:c0773,arm-grid-R-I,11.5,21000000.0,0.36,False,1.3,0.85,0.07,403.30477156694616,395.2507760030334,3.1312347175040456,2488.3979593619338,384.84253269921874,0.011832569215478117,13.553359683794465,37.49762845849802,1334800574.919152,17214440439.797363,7345250181.818181,8622913563.183035,7290818181.818181,54432000.0,17214440439.797363,84297832.34918384,486429.5937351984,satisfied,satisfied,violated,satisfied,satisfied,satisfied,violated,False
20260830-stress-fence:c0774,arm-grid-R-I,11.5,21500000.0,0.36,False,1.3,0.85,0.07,409.48303670521165,401.2955552873506,3.1312347175040456,2488.3979593619338,384.84253269921874,0.011288616601462088,13.876058723884809,38.3904291360813,1399119196.7264805,17499750291.79737,7518841090.909092,8828221028.973104,7464409090.909092,54432000.0,17499750291.79737,84297832.34918384,486429.5937351984,satisfied,satisfied,violated,satisfied,satisfied,satisfied,violated,False
20260830-stress-fence:c0775,arm-grid-R-I,11.5,22000000.0,0.36,False,1.3,0.85,0.07,415.6613018434768,407.34033457166754,3.1312347175040456,2488.3979593619338,384.84253269921874,0.01078132856203688,14.198757763975154,39.28322981366459,1464951197.8704524,17785060143.797363,7692432000.0,9033528494.763178,7638000000.0,54432000.0,17785060143.797363,84297832.34918384,486429.5937351984,satisfied,satisfied,violated,satisfied,satisfied,satisfied,violated,False
20260830-stress-fence:c0776,arm-grid-R-I,11.5,22500000.0,0.36,False,1.3,0.85,0.07,421.83956698174217,413.38511385598457,3.1312347175040456,2488.3979593619338,384.84253269921874,0.01030748251659427,14.5214568040655,40.17603049124788,1532296578.3510673,18070369995.797363,7866022909.090908,9238835960.553253,7811590909.090908,54432000.0,18070369995.797363,84297832.34918384,486429.5937351984,satisfied,satisfied,violated,satisfied,satisfied,satisfied,violated,False
20260830-stress-fence:c0777,arm-grid-R-I,11.5,23000000.0,0.36,False,1.3,0.85,0.07,428.01783212000754,419.4298931403016,3.1312347175040456,2488.3979593619338,384.84253269921874,0.009864202313848484,14.844155844155845,41.06883116883117,1601155338.1683254,18355679847.797367,8039613818.181819,9444143426.343323,7985181818.181819,54432000.0,18355679847.797367,84297832.34918384,486429.5937351984,satisfied,satisfied,violated,satisfied,satisfied,satisfied,violated,False
20260830-stress-fence:c0778,arm-grid-R-I,11.5,23500000.0,0.36,False,1.3,0.85,0.07,434.1960972582729,425.47467242461875,3.1312347175040456,2488.3979593619338,384.84253269921874,0.009448914484428883,15.166854884246186,41.96163184641445,1671527477.3222258,18640989699.797367,8213204727.272727,9649450892.133394,8158772727.272727,54432000.0,18640989699.797367,84297832.34918384,486429.5937351984,satisfied,satisfied,violated,satisfied,satisfied,satisfied,violated,False
20260830-stress-fence:c0779,arm-grid-R-I,11.5,24000000.0,0.36,False,1.3,0.85,0.07,440.37436239653823,431.5194517089357,3.1312347175040456,2488.3979593619338,384.84253269921874,0.009059310805600435,15.489553924336532,42.85443252399774,1743412995.81277,18926299551.797367,8386795636.363636,9854758357.923466,8332363636.363636,54432000.0,18926299551.797367,84297832.34918384,486429.5937351984,satisfied,satisfied,violated,satisfied,satisfied,satisfied,violated,False
20260830-stress-fence:c0780,arm-grid-R-I,11.5,24500000.0,0.36,False,1.3,0.85,0.07,446.55262753480355,437.56423099325275,3.1312347175040456,2488.3979593619338,384.84253269921874,0.008693316158310453,15.812252964426877,43.747233201581025,1816811893.639957,19211609403.797367,8560386545.454545,10060065823.713541,8505954545.454545,54432000.0,19211609403.797367,84297832.34918384,486429.5937351984,satisfied,satisfied,violated,satisfied,satisfied,satisfied,violated,False
20260830-stress-fence:c0781,arm-grid-R-I,11.5,25000000.0,0.36,False,1.3,0.85,0.07,452.7308926730688,443.60901027756967,3.1312347175040456,2488.3979593619338,384.84253269921874,0.00834906083844136,16.13495200451722,44.64003387916431,1891724170.8037868,19496919255.797367,8733977454.545454,10265373289.503613,8679545454.545454,54432000.0,19496919255.797367,84297832.34918384,486429.5937351984,satisfied,satisfied,violated,satisfied,satisfied,satisfied,violated,False
20260830-stress-fence:c0782,arm-grid-R-I,11.5,25500000.0,0.36,False,1.3,0.85,0.07,458.90915781133424,449.6537895618868,3.1312347175040456,2488.3979593619338,384.84253269921874,0.008024856630566476,16.457651044607562,45.53283455674759,1968149827.3042593,19782229107.797367,8907568363.636362,10470680755.293682,8853136363.636362,54432000.0,19782229107.797367,84297832.34918384,486429.5937351984,satisfied,satisfied,violated,satisfied,satisfied,satisfied,violated,False
20260830-stress-fence:c0783,arm-grid-R-I,11.5,26000000.0,0.36,False,1.3,0.85,0.07,465.0874229495996,455.6985688462039,3.1312347175040456,2488.3979593619338,384.84253269921874,0.007719176071044158,16.780350084697908,46.425635234330876,2046088863.1413755,20067538959.79737,9081159272.727274,10675988221.083755,9026727272.727274,54432000.0,20067538959.79737,84297832.34918384,486429.5937351984,satisfied,satisfied,violated,satisfied,satisfied,satisfied,violated,False
20260830-stress-fence:c0784,arm-grid-R-I,12.0,2000000.0,0.36,False,1.3,0.85,0.07,164.7797091981823,161.87087733287942,3.131234717504045,2596.5891749863654,401.5748167296195,1.4204451331941828,1.2370129870129867,3.4224025974025962,11602574.914263222,6601978424.961655,748795636.3636363,821229863.1602886,694363636.3636363,54432000.0,6601978424.961655,89534949.34507264,507578.7065062941,violated,satisfied,satisfied,satisfied,satisfied,satisfied,satisfied,False
20260830-stress-fence:c0785,arm-grid-R-I,12.0,2500000.0,0.36,False,1.3,0.85,0.07,170.59796196487844,167.563422571383,3.131234717504045,2596.5891749863654,401.5748167296195,0.9090848852442767,1.5462662337662336,4.278003246753246,18129023.30353629,6887288276.961655,922386545.4545455,1026537328.9503613,867954545.4545455,54432000.0,6887288276.961655,89534949.34507264,507578.7065062941,violated,satisfied,satisfied,satisfied,satisfied,satisfied,satisfied,False
20260830-stress-fence:c0786,arm-grid-R-I,12.0,3000000.0,0.36,False,1.3,0.85,0.07,176.41621473157454,173.25596780988656,3.131234717504045,2596.5891749863654,401.5748167296195,0.6313089480863032,1.8555194805194803,5.133603896103896,26105793.557092257,7172598128.961655,1095977454.5454545,1231844794.7404332,1041545454.5454545,54432000.0,7172598128.961655,89534949.34507264,507578.7065062941,violated,satisfied,satisfied,satisfied,satisfied,satisfied,satisfied,False
20260830-stress-fence:c0787,arm-grid-R-I,12.0,3500000.0,0.36,False,1.3,0.85,0.07,182.23446749827067,178.94851304839014,3.131234717504045,2596.5891749863654,401.5748167296195,0.46381881900218197,2.164772727272727,5.989204545454545,35532885.674931124,7457907980.961655,1269568363.6363637,1437152260.5305057,1215136363.6363637,54432000.0,7457907980.961655,89534949.34507264,507578.7065062941,violated,satisfied,satisfied,satisfied,satisfied,satisfied,satisfied,False
20260830-stress-fence:c0788,arm-grid-R-I,12.0,4000000.0,0.36,False,1.3,0.85,0.07,188.05272026496678,184.6410582868937,3.131234717504045,2596.5891749863654,401.5748167296195,0.3551112832985457,2.4740259740259734,6.8448051948051924,46410299.65705289,7743217832.961655,1443159272.7272725,1642459726.3205771,1388727272.7272725,54432000.0,7743217832.961655,89534949.34507264,507578.7065062941,violated,satisfied,satisfied,satisfied,satisfied,satisfied,satisfied,False
20260830-stress-fence:c0789,arm-grid-R-I,12.0,4500000.0,0.36,False,1.3,0.85,0.07,193.87097303166286,190.33360352539722,3.131234717504045,2596.5891749863654,401.5748167296195,0.28058175470502367,2.7832792207792205,7.700405844155843,58738035.50345758,8028527684.961653,1616750181.8181815,1847767192.11065,1562318181.8181815,54432000.0,8028527684.961653,89534949.34507264,507578.7065062941,violated,satisfied,satisfied,satisfied,satisfied,satisfied,satisfied,False
20260830-stress-fence:c0790,arm-grid-R-I,12.0,5000000.0,0.36,False,1.3,0.85,0.07,199.68922579835908,196.02614876390092,3.131234717504045,2596.5891749863654,401.5748167296195,0.22727122131106917,3.0925324675324672,8.556006493506493,72516093.21414515,8313837536.961657,1790341090.909091,2053074657.9007225,1735909090.909091,54432000.0,8313837536.961657,89534949.34507264,507578.7065062941,violated,satisfied,satisfied,satisfied,satisfied,satisfied,satisfied,False
20260830-stress-fence:c0791,arm-grid-R-I,12.0,5500000.0,0.36,False,1.3,0.85,0.07,205.5074785650552,201.71869400240448,3.131234717504045,2596.5891749863654,401.5748167296195,0.18782745562898276,3.401785714285714,9.411607142857141,87744472.78911564,8599147388.961658,1963932000.0,2258382123.6907945,1909500000.0,54432000.0,8599147388.961658,89534949.34507264,507578.7065062941,violated,satisfied,satisfied,satisfied,satisfied,satisfied,satisfied,False
20260830-stress-fence:c0792,arm-grid-R-I,12.0,6000000.0,0.36,False,1.3,0.85,0.07,211.32573133175126,207.411239240908,3.131234717504045,2596.5891749863654,401.5748167296195,0.1578272370215758,3.7110389610389607,10.267207792207792,104423174.22836903,8884457240.961657,2137522909.090909,2463689589.4808664,2083090909.090909,54432000.0,8884457240.961657,89534949.34507264,507578.7065062941,violated,satisfied,satisfied,satisfied,satisfied,satisfied,satisfied,False
20260830-stress-fence:c0793,arm-grid-R-I,12.0,6500000.0,0.36,False,1.3,0.85,0.07,217.14398409844742,213.1037844794116,3.131234717504045,2596.5891749863654,401.5748167296195,0.13448001261010012,4.020292207792207,11.122808441558439,122552197.5319053,9169767092.961657,2311113818.1818185,2668997055.270939,2256681818.1818185,54432000.0,9169767092.961657,89534949.34507264,507578.7065062941,violated,satisfied,satisfied,satisfied,satisfied,satisfied,satisfied,False
20260830-stress-fence:c0794,arm-grid-R-I,12.0,7000000.0,0.36,False,1.3,0.85,0.07,222.9622368651436,218.7963297179152,3.131234717504045,2596.5891749863654,401.5748167296195,0.11595470475054549,4.329545454545454,11.97840909090909,142131542.6997245,9455076944.961658,2484704727.2727275,2874304521.0610113,2430272727.2727275,54432000.0,9455076944.961658,89534949.34507264,507578.7065062941,violated,satisfied,satisfied,satisfied,satisfied,satisfied,satisfied,False
20260830-stress-fence:c0795,arm-grid-R-I,12.0,7500000.0,0.36,False,1.3,0.85,0.07,228.78048963183969,224.48887495641875,3.131234717504045,2596.5891749863654,401.5748167296195,0.10100943169380852,4.6387987012987,12.834009740259738,163161209.73182657,9740386796.961657,2658295636.3636365,3079611986.851083,2603863636.3636365,54432000.0,9740386796.961657,89534949.34507264,507578.7065062941,violated,satisfied,satisfied,satisfied,satisfied,satisfied,satisfied,False
20260830-stress-fence:c0796,arm-grid-R-I,12.0,8000000.0,0.36,False,1.3,0.85,0.07,234.59874239853576,230.1814201949223,3.131234717504045,2596.5891749863654,401.5748167296195,0.08877782082463642,4.948051948051947,13.689610389610385,185641198.62821156,10025696648.961657,2831886545.454545,3284919452.6411543,2777454545.454545,54432000.0,10025696648.961657,89534949.34507264,507578.7065062941,violated,satisfied,satisfied,satisfied,satisfied,satisfied,satisfied,False
20260830-stress-fence:c0797,arm-grid-R-I,12.0,8500000.0,0.36,False,1.3,0.85,0.07,240.4169951652319,235.87396543342584,3.131234717504045,2596.5891749863654,401.5748167296195,0.07864056100729035,5.257305194805195,14.545211038961039,209571509.38887957,10311006500.961657,3005477454.5454545,3490226918.431228,2951045454.5454545,54432000.0,10311006500.961657,89534949.34507264,507578.7065062941,violated,satisfied,satisfied,satisfied,satisfied,satisfied,satisfied,False
20260830-stress-fence:c0798,arm-grid-R-I,12.0,9000000.0,0.36,False,1.3,0.85,0.07,246.23524793192797,241.5665106719294,3.131234717504045,2596.5891749863654,401.5748167296195,0.07014543867625592,5.566558441558441,15.400811688311686,234952142.01383033,10596316352.961657,3179068363.636363,3695534384.2213,3124636363.636363,54432000.0,10596316352.961657,89534949.34507264,507578.7065062941,violated,satisfied,satisfied,satisfied,satisfied,satisfied,satisfied,False
20260830-stress-fence:c0799,arm-grid-R-I,12.0,9500000.0,0.36,False,1.3,0.85,0.07,252.0535006986241,247.25905591043295,3.131234717504045,2596.5891749863654,401.5748167296195,0.06295601698367567,5.875811688311687,16.256412337662333,261783096.50306398,10881626204.961657,3352659272.727273,3900841850.011372,3298227272.727273,54432000.0,10881626204.961657,89534949.34507264,507578.7065062941,violated,satisfied,satisfied,satisfied,satisfied,satisfied,satisfied,False
20260830-stress-fence:c0800,arm-grid-R-I,12.0,10000000.0,0.36,False,1.3,0.85,0.07,257.87175346532024,252.9516011489366,3.131234717504045,2596.5891749863654,401.5748167296195,0.05681780532776729,6.1850649350649345,17.112012987012985,290064372.8565806,11166936056.961657,3526250181.818182,4106149315.801445,3471818181.818182,54432000.0,11166936056.961657,89534949.34507264,507578.7065062941,violated,satisfied,satisfied,satisfied,satisfied,satisfied,satisfied,False
20260830-stress-fence:c0801,arm-grid-R-I,12.0,10500000.0,0.36,False,1.3,0.85,0.07,263.69000623201634,258.6441463874402,3.131234717504045,2596.5891749863654,401.5748167296195,0.05153542433357578,6.494318181818181,17.967613636363634,319795971.0743801,11452245908.961655,3699841090.9090905,4311456781.5915165,3645409090.9090905,54432000.0,11452245908.961655,89534949.34507264,507578.7065062941,violated,satisfied,satisfied,satisfied,satisfied,satisfied,satisfied,False
20260830-stress-fence:c0802,arm-grid-R-I,12.0,11000000.0,0.36,False,1.3,0.85,0.07,269.50825899871245,264.33669162594373,3.131234717504045,2596.5891749863654,401.5748167296195,0.04695686390724569,6.803571428571428,18.823214285714283,350977891.15646255,11737555760.961657,3873432000.0,4516764247.381589,3819000000.0,54432000.0,11737555760.961657,89534949.34507264,507578.7065062941,satisfied,satisfied,satisfied,satisfied,satisfied,satisfied,satisfied,True
20260830-stress-fence:c0803,arm-grid-R-I,12.0,11500000.0,0.36,False,1.3,0.85,0.07,275.3265117654086,270.0292368644473,3.131234717504045,2596.5891749863654,401.5748167296195,0.04296242368829284,7.112824675324675,19.678814935064935,383610133.10282797,12022865612.961657,4047022909.0909095,4722071713.171661,3992590909.0909095,54432000.0,12022865612.961657,89534949.34507264,507578.7065062941,satisfied,satisfied,satisfied,satisfied,satisfied,satisfied,satisfied,True
20260830-stress-fence:c0804,arm-grid-R-I,12.0,12000000.0,0.36,False,1.3,0.85,0.07,281.14476453210466,275.72178210295084,3.131234717504045,2596.5891749863654,401.5748167296195,0.03945680925539395,7.422077922077921,20.534415584415584,417692696.9134761,12308175464.961655,4220613818.181818,4927379178.961733,4166181818.181818,54432000.0,12308175464.961655,89534949.34507264,507578.7065062941,satisfied,satisfied,satisfied,satisfied,satisfied,satisfied,satisfied,True
20260830-stress-fence:c0805,arm-grid-R-I,12.0,12500000.0,0.36,False,1.3,0.85,0.07,286.9630172988008,281.41432734145445,3.131234717504045,2596.5891749863654,401.5748167296195,0.03636339540977106,7.7313311688311686,21.390016233766232,453225582.5884073,12593485316.961657,4394204727.272727,5132686644.751806,4339772727.272727,54432000.0,12593485316.961657,89534949.34507264,507578.7065062941,satisfied,satisfied,satisfied,satisfied,satisfied,satisfied,satisfied,True
20260830-stress-fence:c0806,arm-grid-R-I,12.0,13000000.0,0.36,False,1.3,0.85,0.07,292.781270065497,287.106872579958,3.131234717504045,2596.5891749863654,401.5748167296195,0.03362000315252503,8.040584415584414,22.245616883116877,490208790.1276212,12878795168.961657,4567795636.363637,5337994110.541878,4513363636.363637,54432000.0,12878795168.961657,89534949.34507264,507578.7065062941,satisfied,satisfied,satisfied,satisfied,satisfied,satisfied,satisfied,True
20260830-stress-fence:c0807,arm-grid-R-I,12.0,13500000.0,0.36,False,1.3,0.85,0.07,298.5995228321931,292.79941781846156,3.131234717504045,2596.5891749863654,401.5748167296195,0.031175750522780404,8.349837662337661,23.10121753246753,528642319.5311182,13164105020.961657,4741386545.454545,5543301576.331949,4686954545.454545,54432000.0,13164105020.961657,89534949.34507264,507578.7065062941,satisfied,satisfied,satisfied,satisfied,satisfied,satisfied,satisfied,True
20260830-stress-fence:c0808,arm-grid-R-I,12.0,14000000.0,0.36,False,1.3,0.85,0.07,304.4177755988892,298.4919630569651,3.131234717504045,2596.5891749863654,401.5748167296195,0.028988676187636373,8.659090909090908,23.95681818181818,568526170.798898,13449414872.961657,4914977454.545455,5748609042.122023,4860545454.545455,54432000.0,13449414872.961657,89534949.34507264,507578.7065062941,satisfied,satisfied,satisfied,satisfied,satisfied,satisfied,satisfied,True
20260830-stress-fence:c0809,arm-grid-R-I,12.0,14500000.0,0.36,False,1.3,0.85,0.07,310.2360283655853,304.1845082954687,3.131234717504045,2596.5891749863654,401.5748167296195,0.027023926434134257,8.968344155844155,24.81241883116883,609860343.9309609,13734724724.961655,5088568363.636363,5953916507.912094,5034136363.636363,54432000.0,13734724724.961655,89534949.34507264,507578.7065062941,satisfied,satisfied,satisfied,satisfied,satisfied,satisfied,satisfied,True
20260830-stress-fence:c0810,arm-grid-R-I,12.0,15000000.0,0.36,False,1.3,0.85,0.07,316.0542811322814,309.87705353397234,3.131234717504045,2596.5891749863654,401.5748167296195,0.02525235792345213,9.2775974025974,25.668019480519476,652644838.9273063,14020034576.961657,5262159272.727273,6159223973.702166,5207727272.727273,54432000.0,14020034576.961657,89534949.34507264,507578.7065062941,satisfied,satisfied,violated,satisfied,satisfied,satisfied,satisfied,False
20260830-stress-fence:c0811,arm-grid-R-I,12.0,15500000.0,0.36,False,1.3,0.85,0.07,321.87253389897757,315.5695987724759,3.131234717504045,2596.5891749863654,401.5748167296195,0.023649450708748094,9.586850649350648,26.523620129870125,696879655.787935,14305344428.961657,5435750181.818182,6364531439.49224,5381318181.818182,54432000.0,14305344428.961657,89534949.34507264,507578.7065062941,satisfied,satisfied,violated,satisfied,satisfied,satisfied,satisfied,False
20260830-stress-fence:c0812,arm-grid-R-I,12.0,16000000.0,0.36,False,1.3,0.85,0.07,327.6907866656736,321.2621440109794,3.131234717504045,2596.5891749863654,401.5748167296195,0.022194455206159105,9.896103896103893,27.37922077922077,742564794.5128462,14590654280.961655,5609341090.90909,6569838905.282309,5554909090.90909,54432000.0,14590654280.961655,89534949.34507264,507578.7065062941,satisfied,satisfied,violated,satisfied,satisfied,satisfied,satisfied,False
20260830-stress-fence:c0813,arm-grid-R-I,12.0,16500000.0,0.36,False,1.3,0.85,0.07,333.5090394323698,326.95468924948295,3.131234717504045,2596.5891749863654,401.5748167296195,0.020869717292109194,10.205357142857142,28.234821428571426,789700255.1020408,14875964132.961655,5782931999.999999,6775146371.072383,5728499999.999999,54432000.0,14875964132.961655,89534949.34507264,507578.7065062941,satisfied,satisfied,violated,satisfied,satisfied,satisfied,satisfied,False
20260830-stress-fence:c0814,arm-grid-R-I,12.0,17000000.0,0.36,False,1.3,0.85,0.07,339.3272921990658,332.6472344879865,3.131234717504045,2596.5891749863654,401.5748167296195,0.019660140251822587,10.51461038961039,29.090422077922078,838286037.5555183,15161273984.961655,5956522909.090909,6980453836.862456,5902090909.090909,54432000.0,15161273984.961655,89534949.34507264,507578.7065062941,satisfied,satisfied,violated,satisfied,satisfied,satisfied,violated,False
20260830-stress-fence:c0815,arm-grid-R-I,12.0,17500000.0,0.36,False,1.3,0.85,0.07,345.14554496576187,338.33977972649006,3.131234717504045,2596.5891749863654,401.5748167296195,0.01855275276008728,10.823863636363635,29.946022727272723,888322141.8732781,15446583836.961653,6130113818.181818,7185761302.652526,6075681818.181818,54432000.0,15446583836.961653,89534949.34507264,507578.7065062941,satisfied,satisfied,violated,satisfied,satisfied,satisfied,violated,False
20260830-stress-fence:c0816,arm-grid-R-I,12.0,18000000.0,0.36,False,1.3,0.85,0.07,350.96379773245803,344.0323249649936,3.131234717504045,2596.5891749863654,401.5748167296195,0.01753635966906398,11.133116883116882,30.801623376623372,939808568.0553213,15731893688.961653,6303704727.272726,7391068768.4426,6249272727.272726,54432000.0,15731893688.961653,89534949.34507264,507578.7065062941,satisfied,satisfied,violated,satisfied,satisfied,satisfied,violated,False
20260830-stress-fence:c0817,arm-grid-R-I,12.0,18500000.0,0.36,False,1.3,0.85,0.07,356.78205049915425,349.7248702034973,3.131234717504045,2596.5891749863654,401.5748167296195,0.01660125794821543,11.442370129870127,31.657224025974017,992745316.1016469,16017203540.961657,6477295636.363637,7596376234.232673,6422863636.363637,54432000.0,16017203540.961657,89534949.34507264,507578.7065062941,satisfied,satisfied,violated,satisfied,satisfied,satisfied,violated,False
20260830-stress-fence:c0818,arm-grid-R-I,12.0,19000000.0,0.36,False,1.3,0.85,0.07,362.60030326585036,355.41741544200084,3.131234717504045,2596.5891749863654,401.5748167296195,0.015739004245918918,11.751623376623375,32.512824675324666,1047132386.0122559,16302513392.961657,6650886545.454546,7801683700.022744,6596454545.454546,54432000.0,16302513392.961657,89534949.34507264,507578.7065062941,satisfied,satisfied,violated,satisfied,satisfied,satisfied,violated,False
20260830-stress-fence:c0819,arm-grid-R-I,12.0,19500000.0,0.36,False,1.3,0.85,0.07,368.4185560325465,361.1099606805044,3.131234717504045,2596.5891749863654,401.5748167296195,0.014942223623344455,12.060876623376622,33.36842532467532,1102969777.787148,16587823244.961657,6824477454.545454,8006991165.812818,6770045454.545454,54432000.0,16587823244.961657,89534949.34507264,507578.7065062941,satisfied,satisfied,violated,satisfied,satisfied,satisfied,violated,False
20260830-stress-fence:c0820,arm-grid-R-I,12.0,20000000.0,0.36,False,1.3,0.85,0.07,374.23680879924257,366.80250591900796,3.131234717504045,2596.5891749863654,401.5748167296195,0.014204451331941823,12.370129870129869,34.22402597402597,1160257491.4263225,16873133096.961655,6998068363.636364,8212298631.60289,6943636363.636364,54432000.0,16873133096.961655,89534949.34507264,507578.7065062941,satisfied,satisfied,violated,satisfied,satisfied,satisfied,violated,False
20260830-stress-fence:c0821,arm-grid-R-I,12.0,20500000.0,0.36,False,1.3,0.85,0.07,380.05506156593873,372.4950511575117,3.131234717504045,2596.5891749863654,401.5748167296195,0.013520001267761404,12.679383116883114,35.07962662337662,1218995526.9297802,17158442948.96166,7171659272.727274,8417606097.3929615,7117227272.727274,54432000.0,17158442948.96166,89534949.34507264,507578.7065062941,satisfied,satisfied,violated,satisfied,satisfied,satisfied,violated,False
20260830-stress-fence:c0822,arm-grid-R-I,12.0,21000000.0,0.36,False,1.3,0.85,0.07,385.8733143326348,378.1875963960151,3.131234717504045,2596.5891749863654,401.5748167296195,0.012883856083393945,12.988636363636362,35.93522727272727,1279183884.2975204,17443752800.961655,7345250181.818181,8622913563.183033,7290818181.818181,54432000.0,17443752800.961655,89534949.34507264,507578.7065062941,satisfied,satisfied,violated,satisfied,satisfied,satisfied,violated,False
20260830-stress-fence:c0823,arm-grid-R-I,12.0,21500000.0,0.36,False,1.3,0.85,0.07,391.691567099331,383.8801416345188,3.131234717504045,2596.5891749863654,401.5748167296195,0.012291574976261177,13.297889610389609,36.790827922077916,1340822563.5295439,17729062652.961662,7518841090.909092,8828221028.973106,7464409090.909092,54432000.0,17729062652.961662,89534949.34507264,507578.7065062941,satisfied,satisfied,violated,satisfied,satisfied,satisfied,violated,False
20260830-stress-fence:c0824,arm-grid-R-I,12.0,22000000.0,0.36,False,1.3,0.85,0.07,397.50981986602716,389.5726868730224,3.131234717504045,2596.5891749863654,401.5748167296195,0.011739215976811422,13.607142857142856,37.646428571428565,1403911564.6258502,18014372504.961662,7692432000.0,9033528494.763178,7638000000.0,54432000.0,18014372504.961662,89534949.34507264,507578.7065062941,satisfied,satisfied,violated,satisfied,satisfied,satisfied,violated,False
20260830-stress-fence:c0825,arm-grid-R-I,12.0,22500000.0,0.36,False,1.3,0.85,0.07,403.32807263272315,395.2652321115258,3.131234717504045,2596.5891749863654,401.5748167296195,0.011223270188200945,13.916396103896103,38.50202922077922,1468450887.5864396,18299682356.961655,7866022909.090908,9238835960.55325,7811590909.090908,54432000.0,18299682356.961655,89534949.34507264,507578.7065062941,satisfied,satisfied,violated,satisfied,satisfied,satisfied,violated,False
20260830-stress-fence:c0826,arm-grid-R-I,12.0,23000000.0,0.36,False,1.3,0.85,0.07,409.1463253994194,400.9577773500295,3.131234717504045,2596.5891749863654,401.5748167296195,0.01074060592207321,14.22564935064935,39.35762987012987,1534440532.4113119,18584992208.961662,8039613818.181819,9444143426.343323,7985181818.181819,54432000.0,18584992208.961662,89534949.34507264,507578.7065062941,satisfied,satisfied,violated,satisfied,satisfied,satisfied,violated,False
20260830-stress-fence:c0827,arm-grid-R-I,12.0,23500000.0,0.36,False,1.3,0.85,0.07,414.9645781661154,406.650322588533,3.131234717504045,2596.5891749863654,401.5748167296195,0.010288421064330883,14.534902597402594,40.21323051948051,1601880499.1004663,18870302060.96166,8213204727.272727,9649450892.133392,8158772727.272727,54432000.0,18870302060.96166,89534949.34507264,507578.7065062941,satisfied,satisfied,violated,satisfied,satisfied,satisfied,violated,False
20260830-stress-fence:c0828,arm-grid-R-I,12.0,24000000.0,0.36,False,1.3,0.85,0.07,420.7828309328115,412.34286782703657,3.131234717504045,2596.5891749863654,401.5748167296195,0.009864202313848488,14.844155844155843,41.06883116883117,1670770787.6539044,19155611912.96166,8386795636.363636,9854758357.923466,8332363636.363636,54432000.0,19155611912.96166,89534949.34507264,507578.7065062941,satisfied,satisfied,violated,satisfied,satisfied,satisfied,violated,False
20260830-stress-fence:c0829,arm-grid-R-I,12.0,24500000.0,0.36,False,1.3,0.85,0.07,426.6010836995078,418.0354130655401,3.131234717504045,2596.5891749863654,401.5748167296195,0.009465690183717998,15.15340909090909,41.924431818181816,1741111398.0716255,19440921764.96166,8560386545.454545,10060065823.71354,8505954545.454545,54432000.0,19440921764.96166,89534949.34507264,507578.7065062941,satisfied,satisfied,violated,satisfied,satisfied,satisfied,violated,False
20260830-stress-fence:c0830,arm-grid-R-I,12.0,25000000.0,0.36,False,1.3,0.85,0.07,432.4193364662038,423.7279583040437,3.131234717504045,2596.5891749863654,401.5748167296195,0.009090848852442764,15.462662337662337,42.780032467532465,1812902330.353629,19726231616.96166,8733977454.545454,10265373289.503613,8679545454.545454,54432000.0,19726231616.96166,89534949.34507264,507578.7065062941,satisfied,satisfied,violated,satisfied,satisfied,satisfied,violated,False
20260830-stress-fence:c0831,arm-grid-R-I,12.0,25500000.0,0.36,False,1.3,0.85,0.07,438.23758923289984,429.42050354254724,3.131234717504045,2596.5891749863654,401.5748167296195,0.008737840111921153,15.77191558441558,43.635633116883106,1886143584.4999156,20011541468.961655,8907568363.636362,10470680755.293682,8853136363.636362,54432000.0,20011541468.961655,89534949.34507264,507578.7065062941,satisfied,satisfied,violated,satisfied,satisfied,satisfied,violated,False
20260830-stress-fence:c0832,arm-grid-R-I,12.0,26000000.0,0.36,False,1.3,0.85,0.07,444.0558419995961,435.113048781051,3.131234717504045,2596.5891749863654,401.5748167296195,0.008405000788131257,16.081168831168828,44.491233766233755,1960835160.5104847,20296851320.961662,9081159272.727274,10675988221.083755,9026727272.727274,54432000.0,20296851320.961662,89534949.34507264,507578.7065062941,satisfied,satisfied,violated,satisfied,satisfied,satisfied,violated,False
20260830-stress-fence:c0833,arm-grid-R-I,12.5,2000000.0,0.36,False,1.3,0.85,0.07,161.50640365947137,158.66111944313823,3.131234717504045,2704.780390610798,418.30710076002043,1.5412816115388266,1.1875324675324672,3.2855064935064924,11138471.917692693,6834046730.412193,748795636.3636363,821229863.1602886,694363636.3636363,54432000.0,6834046730.412193,94891096.68886997,528727.8192773896,violated,satisfied,satisfied,satisfied,satisfied,satisfied,satisfied,False
20260830-stress-fence:c0834,arm-grid-R-I,12.5,2500000.0,0.36,False,1.3,0.85,0.07,167.00429024810657,164.04022024486227,3.131234717504045,2704.780390610798,418.30710076002043,0.9864202313848488,1.4844155844155842,4.106883116883116,17403862.37139484,7119356582.412194,922386545.4545455,1026537328.9503613,867954545.4545455,54432000.0,7119356582.412194,94891096.68886997,528727.8192773896,violated,satisfied,satisfied,satisfied,satisfied,satisfied,satisfied,False
20260830-stress-fence:c0835,arm-grid-R-I,12.5,3000000.0,0.36,False,1.3,0.85,0.07,172.5021768367418,169.41932104658622,3.131234717504045,2704.780390610798,418.30710076002043,0.6850140495728118,1.781298701298701,4.9282597402597395,25061561.814808566,7404666434.412194,1095977454.5454545,1231844794.7404332,1041545454.5454545,54432000.0,7404666434.412194,94891096.68886997,528727.8192773896,violated,satisfied,satisfied,satisfied,satisfied,satisfied,satisfied,False
20260830-stress-fence:c0836,arm-grid-R-I,12.5,3500000.0,0.36,False,1.3,0.85,0.07,178.00006342537696,174.79842184831026,3.131234717504045,2704.780390610798,418.30710076002043,0.503275628257576,2.0781818181818177,5.7496363636363625,34111570.24793388,7689976286.412194,1269568363.6363637,1437152260.5305057,1215136363.6363637,54432000.0,7689976286.412194,94891096.68886997,528727.8192773896,violated,satisfied,satisfied,satisfied,satisfied,satisfied,satisfied,False
20260830-stress-fence:c0837,arm-grid-R-I,12.5,4000000.0,0.36,False,1.3,0.85,0.07,183.49795001401213,180.17752265003418,3.131234717504045,2704.780390610798,418.30710076002043,0.38532040288470665,2.3750649350649344,6.571012987012985,44553887.67077077,7975286138.412193,1443159272.7272725,1642459726.3205771,1388727272.7272725,54432000.0,7975286138.412193,94891096.68886997,528727.8192773896,violated,satisfied,satisfied,satisfied,satisfied,satisfied,satisfied,False
20260830-stress-fence:c0838,arm-grid-R-I,12.5,4500000.0,0.36,False,1.3,0.85,0.07,188.99583660264736,185.55662345175818,3.131234717504045,2704.780390610798,418.30710076002043,0.3044506886990274,2.6719480519480516,7.39238961038961,56388514.083319284,8260595990.412193,1616750181.8181815,1847767192.11065,1562318181.8181815,54432000.0,8260595990.412193,94891096.68886997,528727.8192773896,violated,satisfied,satisfied,satisfied,satisfied,satisfied,satisfied,False
20260830-stress-fence:c0839,arm-grid-R-I,12.5,5000000.0,0.36,False,1.3,0.85,0.07,194.49372319128256,190.9357242534822,3.131234717504045,2704.780390610798,418.30710076002043,0.2466050578462122,2.9688311688311684,8.213766233766233,69615449.48557936,8545905842.412195,1790341090.909091,2053074657.9007225,1735909090.909091,54432000.0,8545905842.412195,94891096.68886997,528727.8192773896,violated,satisfied,satisfied,satisfied,satisfied,satisfied,satisfied,False
20260830-stress-fence:c0840,arm-grid-R-I,12.5,5500000.0,0.36,False,1.3,0.85,0.07,199.99160977991778,196.3148250552062,3.131234717504045,2704.780390610798,418.30710076002043,0.2038058329307539,3.265714285714285,9.035142857142855,84234693.87755102,8831215694.412195,1963932000.0,2258382123.6907945,1909500000.0,54432000.0,8831215694.412195,94891096.68886997,528727.8192773896,violated,satisfied,satisfied,satisfied,satisfied,satisfied,satisfied,False
20260830-stress-fence:c0841,arm-grid-R-I,12.5,6000000.0,0.36,False,1.3,0.85,0.07,205.4894963685529,201.69392585693012,3.131234717504045,2704.780390610798,418.30710076002043,0.17125351239320294,3.562597402597402,9.856519480519479,100246247.25923426,9116525546.412193,2137522909.090909,2463689589.4808664,2083090909.090909,54432000.0,9116525546.412193,94891096.68886997,528727.8192773896,violated,satisfied,satisfied,satisfied,satisfied,satisfied,satisfied,False
20260830-stress-fence:c0842,arm-grid-R-I,12.5,6500000.0,0.36,False,1.3,0.85,0.07,210.98738295718812,207.0730266586541,3.131234717504045,2704.780390610798,418.30710076002043,0.14592015257172322,3.8594805194805186,10.677896103896101,117650109.63062909,9401835398.412193,2311113818.1818185,2668997055.270939,2256681818.1818185,54432000.0,9401835398.412193,94891096.68886997,528727.8192773896,violated,satisfied,satisfied,satisfied,satisfied,satisfied,satisfied,False
20260830-stress-fence:c0843,arm-grid-R-I,12.5,7000000.0,0.36,False,1.3,0.85,0.07,216.4852695458233,212.45212746037805,3.131234717504045,2704.780390610798,418.30710076002043,0.125818907064394,4.156363636363635,11.499272727272725,136446280.99173552,9687145250.412191,2484704727.2727275,2874304521.0610113,2430272727.2727275,54432000.0,9687145250.412191,94891096.68886997,528727.8192773896,violated,satisfied,satisfied,satisfied,satisfied,satisfied,satisfied,False
20260830-stress-fence:c0844,arm-grid-R-I,12.5,7500000.0,0.36,False,1.3,0.85,0.07,221.98315613445845,217.83122826210203,3.131234717504045,2704.780390610798,418.30710076002043,0.1096022479316499,4.453246753246752,12.320649350649347,156634761.3425535,9972455102.412191,2658295636.3636365,3079611986.851083,2603863636.3636365,54432000.0,9972455102.412191,94891096.68886997,528727.8192773896,violated,satisfied,satisfied,satisfied,satisfied,satisfied,satisfied,False
20260830-stress-fence:c0845,arm-grid-R-I,12.5,8000000.0,0.36,False,1.3,0.85,0.07,227.48104272309365,223.21032906382604,3.131234717504045,2704.780390610798,418.30710076002043,0.09633010072117666,4.750129870129869,13.14202597402597,178215550.6830831,10257764954.412191,2831886545.454545,3284919452.6411543,2777454545.454545,54432000.0,10257764954.412191,94891096.68886997,528727.8192773896,violated,satisfied,satisfied,satisfied,satisfied,satisfied,satisfied,False
20260830-stress-fence:c0846,arm-grid-R-I,12.5,8500000.0,0.36,False,1.3,0.85,0.07,232.9789293117288,228.58942986555002,3.131234717504045,2704.780390610798,418.30710076002043,0.08533046984298,5.0470129870129865,13.963402597402595,201188649.01332435,10543074806.41219,3005477454.5454545,3490226918.431227,2951045454.5454545,54432000.0,10543074806.41219,94891096.68886997,528727.8192773896,violated,satisfied,satisfied,satisfied,satisfied,satisfied,satisfied,False
20260830-stress-fence:c0847,arm-grid-R-I,12.5,9000000.0,0.36,False,1.3,0.85,0.07,238.47681590036396,233.968530667274,3.131234717504045,2704.780390610798,418.30710076002043,0.07611267217475685,5.343896103896103,14.78477922077922,225554056.33327714,10828384658.41219,3179068363.636363,3695534384.2213,3124636363.636363,54432000.0,10828384658.41219,94891096.68886997,528727.8192773896,violated,satisfied,satisfied,satisfied,satisfied,satisfied,satisfied,False
20260830-stress-fence:c0848,arm-grid-R-I,12.5,9500000.0,0.36,False,1.3,0.85,0.07,243.9747024889992,239.34763146899797,3.131234717504045,2704.780390610798,418.30710076002043,0.06831165037291197,5.64077922077922,15.606155844155841,251311772.64294145,11113694510.41219,3352659272.727273,3900841850.011372,3298227272.727273,54432000.0,11113694510.41219,94891096.68886997,528727.8192773896,violated,satisfied,satisfied,satisfied,satisfied,satisfied,satisfied,False
20260830-stress-fence:c0849,arm-grid-R-I,12.5,10000000.0,0.36,False,1.3,0.85,0.07,249.4725890776344,244.726732270722,3.131234717504045,2704.780390610798,418.30710076002043,0.06165126446155305,5.937662337662337,16.427532467532465,278461797.9423174,11399004362.412191,3526250181.818182,4106149315.801445,3471818181.818182,54432000.0,11399004362.412191,94891096.68886997,528727.8192773896,violated,satisfied,satisfied,satisfied,satisfied,satisfied,satisfied,False
20260830-stress-fence:c0850,arm-grid-R-I,12.5,10500000.0,0.36,False,1.3,0.85,0.07,254.9704756662696,250.10583307244605,3.131234717504045,2704.780390610798,418.30710076002043,0.055919514250841774,6.2345454545454535,17.248909090909088,307004132.2314049,11684314214.412193,3699841090.9090905,4311456781.5915165,3645409090.9090905,54432000.0,11684314214.412193,94891096.68886997,528727.8192773896,violated,satisfied,satisfied,satisfied,satisfied,satisfied,satisfied,False
20260830-stress-fence:c0851,arm-grid-R-I,12.5,11000000.0,0.36,False,1.3,0.85,0.07,260.46836225490483,255.48493387417,3.131234717504045,2704.780390610798,418.30710076002043,0.05095145823268848,6.53142857142857,18.07028571428571,336938775.5102041,11969624066.412193,3873432000.0,4516764247.381589,3819000000.0,54432000.0,11969624066.412193,94891096.68886997,528727.8192773896,violated,satisfied,satisfied,satisfied,satisfied,satisfied,satisfied,False
20260830-stress-fence:c0852,arm-grid-R-I,12.5,11500000.0,0.36,False,1.3,0.85,0.07,265.96624884354003,260.864034675894,3.131234717504045,2704.780390610798,418.30710076002043,0.04661721320344275,6.828311688311688,18.891662337662336,368265727.7787148,12254933918.412195,4047022909.0909095,4722071713.171661,3992590909.0909095,54432000.0,12254933918.412195,94891096.68886997,528727.8192773896,satisfied,satisfied,satisfied,satisfied,satisfied,satisfied,satisfied,True
20260830-stress-fence:c0853,arm-grid-R-I,12.5,12000000.0,0.36,False,1.3,0.85,0.07,271.4641354321752,266.243135477618,3.131234717504045,2704.780390610798,418.30710076002043,0.042813378098300735,7.125194805194804,19.713038961038958,400984989.03693706,12540243770.412193,4220613818.181818,4927379178.961733,4166181818.181818,54432000.0,12540243770.412193,94891096.68886997,528727.8192773896,satisfied,satisfied,satisfied,satisfied,satisfied,satisfied,satisfied,True
20260830-stress-fence:c0854,arm-grid-R-I,12.5,12500000.0,0.36,False,1.3,0.85,0.07,276.9620220208105,271.622236279342,3.131234717504045,2704.780390610798,418.30710076002043,0.03945680925539395,7.422077922077921,20.534415584415584,435096559.284871,12825553622.412195,4394204727.272727,5132686644.751806,4339772727.272727,54432000.0,12825553622.412195,94891096.68886997,528727.8192773896,satisfied,satisfied,satisfied,satisfied,satisfied,satisfied,satisfied,True
20260830-stress-fence:c0855,arm-grid-R-I,12.5,13000000.0,0.36,False,1.3,0.85,0.07,282.4599086094456,277.00133708106597,3.131234717504045,2704.780390610798,418.30710076002043,0.036480038142930805,7.718961038961037,21.355792207792202,470600438.52251637,13110863474.412195,4567795636.363637,5337994110.541878,4513363636.363637,54432000.0,13110863474.412195,94891096.68886997,528727.8192773896,satisfied,satisfied,satisfied,satisfied,satisfied,satisfied,satisfied,True
20260830-stress-fence:c0856,arm-grid-R-I,12.5,13500000.0,0.36,False,1.3,0.85,0.07,287.95779519808076,282.38043788279,3.131234717504045,2704.780390610798,418.30710076002043,0.033827854299891935,8.015844155844155,22.177168831168828,507496626.7498735,13396173326.412193,4741386545.454545,5543301576.33195,4686954545.454545,54432000.0,13396173326.412193,94891096.68886997,528727.8192773896,satisfied,satisfied,satisfied,satisfied,satisfied,satisfied,satisfied,True
20260830-stress-fence:c0857,arm-grid-R-I,12.5,14000000.0,0.36,False,1.3,0.85,0.07,293.45568178671596,287.759538684514,3.131234717504045,2704.780390610798,418.30710076002043,0.0314547267660985,8.31272727272727,22.99854545454545,545785123.9669421,13681483178.412195,4914977454.545455,5748609042.122023,4860545454.545455,54432000.0,13681483178.412195,94891096.68886997,528727.8192773896,satisfied,satisfied,satisfied,satisfied,satisfied,satisfied,satisfied,True
20260830-stress-fence:c0858,arm-grid-R-I,12.5,14500000.0,0.36,False,1.3,0.85,0.07,298.95356837535115,293.13863948623793,3.131234717504045,2704.780390610798,418.30710076002043,0.029322836842593607,8.609610389610388,23.819922077922072,585465930.1737224,13966793030.412193,5088568363.636363,5953916507.912094,5034136363.636363,54432000.0,13966793030.412193,94891096.68886997,528727.8192773896,satisfied,satisfied,satisfied,satisfied,satisfied,satisfied,satisfied,True
20260830-stress-fence:c0859,arm-grid-R-I,12.5,15000000.0,0.36,False,1.3,0.85,0.07,304.45145496398635,298.51774028796194,3.131234717504045,2704.780390610798,418.30710076002043,0.027400561982912474,8.906493506493504,24.641298701298695,626539045.370214,14252102882.412195,5262159272.727273,6159223973.702166,5207727272.727273,54432000.0,14252102882.412195,94891096.68886997,528727.8192773896,satisfied,satisfied,satisfied,satisfied,satisfied,satisfied,satisfied,True
20260830-stress-fence:c0860,arm-grid-R-I,12.5,15500000.0,0.36,False,1.3,0.85,0.07,309.9493415526216,303.89684108968595,3.131234717504045,2704.780390610798,418.30710076002043,0.025661296341957567,9.203376623376622,25.46267532467532,669004469.5564176,14537412734.412197,5435750181.818182,6364531439.49224,5381318181.818182,54432000.0,14537412734.412197,94891096.68886997,528727.8192773896,satisfied,satisfied,violated,satisfied,satisfied,satisfied,satisfied,False
20260830-stress-fence:c0861,arm-grid-R-I,12.5,16000000.0,0.36,False,1.3,0.85,0.07,315.44722814125674,309.2759418914099,3.131234717504045,2704.780390610798,418.30710076002043,0.024082525180294165,9.500259740259738,26.28405194805194,712862202.7323323,14822722586.412193,5609341090.90909,6569838905.282309,5554909090.90909,54432000.0,14822722586.412193,94891096.68886997,528727.8192773896,satisfied,satisfied,violated,satisfied,satisfied,satisfied,satisfied,False
20260830-stress-fence:c0862,arm-grid-R-I,12.5,16500000.0,0.36,False,1.3,0.85,0.07,320.94511472989194,314.65504269313385,3.131234717504045,2704.780390610798,418.30710076002043,0.022645092547861546,9.797142857142855,27.105428571428565,758112244.897959,15108032438.412193,5782931999.999999,6775146371.072383,5728499999.999999,54432000.0,15108032438.412193,94891096.68886997,528727.8192773896,satisfied,satisfied,violated,satisfied,satisfied,satisfied,satisfied,False
20260830-stress-fence:c0863,arm-grid-R-I,12.5,17000000.0,0.36,False,1.3,0.85,0.07,326.4430013185271,320.03414349485786,3.131234717504045,2704.780390610798,418.30710076002043,0.021332617460745,10.094025974025973,27.92680519480519,804754596.0532974,15393342290.412193,5956522909.090909,6980453836.862454,5902090909.090909,54432000.0,15393342290.412193,94891096.68886997,528727.8192773896,satisfied,satisfied,violated,satisfied,satisfied,satisfied,violated,False
20260830-stress-fence:c0864,arm-grid-R-I,12.5,17500000.0,0.36,False,1.3,0.85,0.07,331.9408879071623,325.41324429658187,3.131234717504045,2704.780390610798,418.30710076002043,0.02013102513030304,10.390909090909089,28.748181818181813,852789256.198347,15678652142.412193,6130113818.181818,7185761302.652526,6075681818.181818,54432000.0,15678652142.412193,94891096.68886997,528727.8192773896,satisfied,satisfied,violated,satisfied,satisfied,satisfied,violated,False
20260830-stress-fence:c0865,arm-grid-R-I,12.5,18000000.0,0.36,False,1.3,0.85,0.07,337.4387744957975,330.7923450983058,3.131234717504045,2704.780390610798,418.30710076002043,0.019028168043689214,10.687792207792207,29.56955844155844,902216225.3331085,15963961994.412193,6303704727.272726,7391068768.4426,6249272727.272726,54432000.0,15963961994.412193,94891096.68886997,528727.8192773896,satisfied,satisfied,violated,satisfied,satisfied,satisfied,violated,False
20260830-stress-fence:c0866,arm-grid-R-I,12.5,18500000.0,0.36,False,1.3,0.85,0.07,342.93666108443267,336.1714459000298,3.131234717504045,2704.780390610798,418.30710076002043,0.018013517738949034,10.984675324675322,30.390935064935057,953035503.4575812,16249271846.412193,6477295636.363637,7596376234.232672,6422863636.363637,54432000.0,16249271846.412193,94891096.68886997,528727.8192773896,satisfied,satisfied,violated,satisfied,satisfied,satisfied,violated,False
20260830-stress-fence:c0867,arm-grid-R-I,12.5,19000000.0,0.36,False,1.3,0.85,0.07,348.43454767306787,341.55054670175383,3.131234717504045,2704.780390610798,418.30710076002043,0.01707791259322799,11.28155844155844,31.212311688311683,1005247090.5717658,16534581698.412193,6650886545.454546,7801683700.022744,6596454545.454546,54432000.0,16534581698.412193,94891096.68886997,528727.8192773896,satisfied,satisfied,violated,satisfied,satisfied,satisfied,violated,False
20260830-stress-fence:c0868,arm-grid-R-I,12.5,19500000.0,0.36,False,1.3,0.85,0.07,353.93243426170307,346.92964750347784,3.131234717504045,2704.780390610798,418.30710076002043,0.016213350285747025,11.578441558441556,32.0336883116883,1058850986.6756618,16819891550.412193,6824477454.545454,8006991165.812815,6770045454.545454,54432000.0,16819891550.412193,94891096.68886997,528727.8192773896,satisfied,satisfied,violated,satisfied,satisfied,satisfied,violated,False
20260830-stress-fence:c0869,arm-grid-R-I,12.5,20000000.0,0.36,False,1.3,0.85,0.07,359.4303208503383,352.3087483052019,3.131234717504045,2704.780390610798,418.30710076002043,0.015412816115388263,11.875324675324674,32.85506493506493,1113847191.7692697,17105201402.412197,6998068363.636364,8212298631.60289,6943636363.636364,54432000.0,17105201402.412197,94891096.68886997,528727.8192773896,satisfied,satisfied,violated,satisfied,satisfied,satisfied,violated,False
20260830-stress-fence:c0870,arm-grid-R-I,12.5,20500000.0,0.36,False,1.3,0.85,0.07,364.9282074389736,357.68784910692585,3.131234717504045,2704.780390610798,418.30710076002043,0.014670140264498054,12.17220779220779,33.67644155844155,1170235705.852589,17390511254.412197,7171659272.727274,8417606097.3929615,7117227272.727274,54432000.0,17390511254.412197,94891096.68886997,528727.8192773896,satisfied,satisfied,violated,satisfied,satisfied,satisfied,violated,False
20260830-stress-fence:c0871,arm-grid-R-I,12.5,21000000.0,0.36,False,1.3,0.85,0.07,370.4260940276087,363.0669499086498,3.131234717504045,2704.780390610798,418.30710076002043,0.013979878562710444,12.469090909090907,34.497818181818175,1228016528.9256196,17675821106.412197,7345250181.818181,8622913563.183033,7290818181.818181,54432000.0,17675821106.412197,94891096.68886997,528727.8192773896,satisfied,satisfied,violated,satisfied,satisfied,satisfied,violated,False
20260830-stress-fence:c0872,arm-grid-R-I,12.5,21500000.0,0.36,False,1.3,0.85,0.07,375.92398061624397,368.44605071037387,3.131234717504045,2704.780390610798,418.30710076002043,0.013337212430838954,12.765974025974023,35.3191948051948,1287189660.988362,17961130958.4122,7518841090.909092,8828221028.973106,7464409090.909092,54432000.0,17961130958.4122,94891096.68886997,528727.8192773896,satisfied,satisfied,violated,satisfied,satisfied,satisfied,violated,False
20260830-stress-fence:c0873,arm-grid-R-I,12.5,22000000.0,0.36,False,1.3,0.85,0.07,381.42186720487905,373.82515151209776,3.131234717504045,2704.780390610798,418.30710076002043,0.01273786455817212,13.06285714285714,36.14057142857142,1347755102.0408163,18246440810.412193,7692432000.0,9033528494.763178,7638000000.0,54432000.0,18246440810.412193,94891096.68886997,528727.8192773896,satisfied,satisfied,violated,satisfied,satisfied,satisfied,violated,False
20260830-stress-fence:c0874,arm-grid-R-I,12.5,22500000.0,0.36,False,1.3,0.85,0.07,386.91975379351425,379.20425231382177,3.131234717504045,2704.780390610798,418.30710076002043,0.012178027547961096,13.359740259740258,36.96194805194805,1409712852.0829818,18531750662.412193,7866022909.090908,9238835960.55325,7811590909.090908,54432000.0,18531750662.412193,94891096.68886997,528727.8192773896,satisfied,satisfied,violated,satisfied,satisfied,satisfied,violated,False
20260830-stress-fence:c0875,arm-grid-R-I,12.5,23000000.0,0.36,False,1.3,0.85,0.07,392.41764038214956,384.5833531155459,3.131234717504045,2704.780390610798,418.30710076002043,0.011654303300860688,13.656623376623376,37.78332467532467,1473062911.114859,18817060514.4122,8039613818.181819,9444143426.343323,7985181818.181819,54432000.0,18817060514.4122,94891096.68886997,528727.8192773896,satisfied,satisfied,violated,satisfied,satisfied,satisfied,violated,False
20260830-stress-fence:c0876,arm-grid-R-I,12.5,23500000.0,0.36,False,1.3,0.85,0.07,397.91552697078464,389.96245391726984,3.131234717504045,2704.780390610798,418.30710076002043,0.011163651328484032,13.95350649350649,38.604701298701286,1537805279.1364474,19102370366.412197,8213204727.272727,9649450892.133394,8158772727.272727,54432000.0,19102370366.412197,94891096.68886997,528727.8192773896,satisfied,satisfied,violated,satisfied,satisfied,satisfied,violated,False
20260830-stress-fence:c0877,arm-grid-R-I,12.5,24000000.0,0.36,False,1.3,0.85,0.07,403.4134135594199,395.34155471899373,3.131234717504045,2704.780390610798,418.30710076002043,0.010703344524575184,14.250389610389607,39.426077922077916,1603939956.1477482,19387680218.412197,8386795636.363636,9854758357.923466,8332363636.363636,54432000.0,19387680218.412197,94891096.68886997,528727.8192773896,satisfied,satisfied,violated,satisfied,satisfied,satisfied,violated,False
20260830-stress-fence:c0878,arm-grid-R-I,12.5,24500000.0,0.36,False,1.3,0.85,0.07,408.9113001480549,400.72065552071774,3.131234717504045,2704.780390610798,418.30710076002043,0.01027093118893012,14.547272727272725,40.24745454545454,1671466942.1487603,19672990070.412193,8560386545.454545,10060065823.71354,8505954545.454545,54432000.0,19672990070.412193,94891096.68886997,528727.8192773896,satisfied,satisfied,violated,satisfied,satisfied,satisfied,violated,False
20260830-stress-fence:c0879,arm-grid-R-I,12.5,25000000.0,0.36,False,1.3,0.85,0.07,414.4091867366902,406.0997563224417,3.131234717504045,2704.780390610798,418.30710076002043,0.009864202313848488,14.844155844155843,41.06883116883117,1740386237.139484,19958299922.412193,8733977454.545454,10265373289.503613,8679545454.545454,54432000.0,19958299922.412193,94891096.68886997,528727.8192773896,satisfied,satisfied,violated,satisfied,satisfied,satisfied,violated,False
20260830-stress-fence:c0880,arm-grid-R-I,12.5,25500000.0,0.36,False,1.3,0.85,0.07,419.9070733253254,411.47885712416564,3.131234717504045,2704.780390610798,418.30710076002043,0.00948116331588667,15.141038961038957,41.89020779220778,1810697841.1199186,20243609774.412193,8907568363.636362,10470680755.293682,8853136363.636362,54432000.0,20243609774.412193,94891096.68886997,528727.8192773896,satisfied,satisfied,violated,satisfied,satisfied,satisfied,violated,False
20260830-stress-fence:c0881,arm-grid-R-I,12.5,26000000.0,0.36,False,1.3,0.85,0.07,425.40495991396057,416.85795792588965,3.131234717504045,2704.780390610798,418.30710076002043,0.009120009535732701,15.437922077922074,42.711584415584404,1882401754.0900655,20528919626.412197,9081159272.727274,10675988221.083755,9026727272.727274,54432000.0,20528919626.412197,94891096.68886997,528727.8192773896,satisfied,satisfied,violated,satisfied,satisfied,satisfied,violated,False
20260830-stress-fence:c0882,arm-grid-R-I,13.0,2000000.0,0.36,False,1.3,0.85,0.07,158.63601753983087,155.84657068033806,3.1312347175040447,2812.971606235229,435.03938479042114,1.6670501910403952,1.1418581418581415,3.159140859140858,10710069.151627589,7068845218.818674,748795636.3636363,821229863.1602886,694363636.3636363,54432000.0,7068845218.818674,100364582.45556013,549876.9320484849,violated,satisfied,satisfied,satisfied,satisfied,satisfied,satisfied,False
20260830-stress-fence:c0883,arm-grid-R-I,13.0,2500000.0,0.36,False,1.3,0.85,0.07,163.84697690107757,160.94494352341843,3.1312347175040447,2812.971606235229,435.03938479042114,1.0669121222658526,1.427322677322677,3.948926073926073,16734483.04941811,7354155070.818674,922386545.4545455,1026537328.9503609,867954545.4545455,54432000.0,7354155070.818674,100364582.45556013,549876.9320484849,violated,satisfied,satisfied,satisfied,satisfied,satisfied,satisfied,False
20260830-stress-fence:c0884,arm-grid-R-I,13.0,3000000.0,0.36,False,1.3,0.85,0.07,169.0579362623243,166.04331636649877,3.1312347175040447,2812.971606235229,435.03938479042114,0.7409111960179533,1.7127872127872124,4.738711288711287,24097655.591162078,7639464922.818674,1095977454.5454545,1231844794.7404332,1041545454.5454545,54432000.0,7639464922.818674,100364582.45556013,549876.9320484849,violated,satisfied,satisfied,satisfied,satisfied,satisfied,satisfied,False
20260830-stress-fence:c0885,arm-grid-R-I,13.0,3500000.0,0.36,False,1.3,0.85,0.07,174.268895623571,171.14168920957914,3.1312347175040447,2812.971606235229,435.03938479042114,0.5443429195233943,1.9982517482517477,5.528496503496502,32799586.776859496,7924774774.818674,1269568363.6363637,1437152260.5305052,1215136363.6363637,54432000.0,7924774774.818674,100364582.45556013,549876.9320484849,violated,satisfied,satisfied,satisfied,satisfied,satisfied,satisfied,False
20260830-stress-fence:c0886,arm-grid-R-I,13.0,4000000.0,0.36,False,1.3,0.85,0.07,179.47985498481773,176.24006205265948,3.1312347175040447,2812.971606235229,435.03938479042114,0.4167625477600988,2.283716283716283,6.318281718281716,42840276.606510356,8210084626.818674,1443159272.7272725,1642459726.3205771,1388727272.7272725,54432000.0,8210084626.818674,100364582.45556013,549876.9320484849,violated,satisfied,satisfied,satisfied,satisfied,satisfied,satisfied,False
20260830-stress-fence:c0887,arm-grid-R-I,13.0,4500000.0,0.36,False,1.3,0.85,0.07,184.69081434606443,181.33843489573985,3.1312347175040447,2812.971606235229,435.03938479042114,0.3292938648968681,2.5691808191808185,7.108066933066931,54219725.080114685,8495394478.818673,1616750181.8181815,1847767192.11065,1562318181.8181815,54432000.0,8495394478.818673,100364582.45556013,549876.9320484849,violated,satisfied,satisfied,satisfied,satisfied,satisfied,satisfied,False
20260830-stress-fence:c0888,arm-grid-R-I,13.0,5000000.0,0.36,False,1.3,0.85,0.07,189.90177370731124,186.43680773882025,3.1312347175040447,2812.971606235229,435.03938479042114,0.26672803056646316,2.854645354645354,7.897852147852146,66937932.19767244,8780704330.818676,1790341090.909091,2053074657.9007218,1735909090.909091,54432000.0,8780704330.818676,100364582.45556013,549876.9320484849,violated,satisfied,satisfied,satisfied,satisfied,satisfied,satisfied,False
20260830-stress-fence:c0889,arm-grid-R-I,13.0,5500000.0,0.36,False,1.3,0.85,0.07,195.11273306855793,191.53518058190056,3.1312347175040447,2812.971606235229,435.03938479042114,0.22043638889790343,3.1401098901098896,8.68763736263736,80994897.95918366,9066014182.818674,1963932000.0,2258382123.6907945,1909500000.0,54432000.0,9066014182.818674,100364582.45556013,549876.9320484849,violated,satisfied,satisfied,satisfied,satisfied,satisfied,satisfied,False
20260830-stress-fence:c0890,arm-grid-R-I,13.0,6000000.0,0.36,False,1.3,0.85,0.07,200.3236924298047,196.63355342498093,3.1312347175040447,2812.971606235229,435.03938479042114,0.18522779900448832,3.4255744255744247,9.477422577422574,96390622.36464831,9351324034.818676,2137522909.090909,2463689589.4808664,2083090909.090909,54432000.0,9351324034.818676,100364582.45556013,549876.9320484849,violated,satisfied,satisfied,satisfied,satisfied,satisfied,satisfied,False
20260830-stress-fence:c0891,arm-grid-R-I,13.0,6500000.0,0.36,False,1.3,0.85,0.07,205.5346517910514,201.73192626806127,3.1312347175040447,2812.971606235229,435.03938479042114,0.15782723702157583,3.7110389610389602,10.26720779220779,113125105.41406643,9636633886.818676,2311113818.1818185,2668997055.270939,2256681818.1818185,54432000.0,9636633886.818676,100364582.45556013,549876.9320484849,violated,satisfied,satisfied,satisfied,satisfied,satisfied,satisfied,False
20260830-stress-fence:c0892,arm-grid-R-I,13.0,7000000.0,0.36,False,1.3,0.85,0.07,210.74561115229807,206.8302991111416,3.1312347175040447,2812.971606235229,435.03938479042114,0.13608572988084858,3.9965034965034953,11.056993006993004,131198347.10743798,9921943738.818674,2484704727.2727275,2874304521.0610104,2430272727.2727275,54432000.0,9921943738.818674,100364582.45556013,549876.9320484849,violated,satisfied,satisfied,satisfied,satisfied,satisfied,satisfied,False
20260830-stress-fence:c0893,arm-grid-R-I,13.0,7500000.0,0.36,False,1.3,0.85,0.07,215.9565705135449,211.92867195422204,3.1312347175040447,2812.971606235229,435.03938479042114,0.11854579136287252,4.281968031968031,11.84677822177822,150610347.444763,10207253590.818678,2658295636.3636365,3079611986.851083,2603863636.3636365,54432000.0,10207253590.818678,100364582.45556013,549876.9320484849,violated,satisfied,satisfied,satisfied,satisfied,satisfied,satisfied,False
20260830-stress-fence:c0894,arm-grid-R-I,13.0,8000000.0,0.36,False,1.3,0.85,0.07,221.16752987479154,217.02704479730238,3.1312347175040447,2812.971606235229,435.03938479042114,0.1041906369400247,4.567432567432566,12.636563436563431,171361106.42604142,10492563442.818676,2831886545.454545,3284919452.6411543,2777454545.454545,54432000.0,10492563442.818676,100364582.45556013,549876.9320484849,violated,satisfied,satisfied,satisfied,satisfied,satisfied,satisfied,False
20260830-stress-fence:c0895,arm-grid-R-I,13.0,8500000.0,0.36,False,1.3,0.85,0.07,226.3784892360383,222.12541764038272,3.1312347175040447,2812.971606235229,435.03938479042114,0.09229343618216719,4.852897102897102,13.426348651348649,193450624.0512734,10777873294.818674,3005477454.5454545,3490226918.431227,2951045454.5454545,54432000.0,10777873294.818674,100364582.45556013,549876.9320484849,violated,satisfied,satisfied,satisfied,satisfied,satisfied,satisfied,False
20260830-stress-fence:c0896,arm-grid-R-I,13.0,9000000.0,0.36,False,1.3,0.85,0.07,231.58944859728496,227.22379048346306,3.1312347175040447,2812.971606235229,435.03938479042114,0.08232346622421703,5.138361638361637,14.216133866133863,216878900.32045874,11063183146.818674,3179068363.636363,3695534384.2213,3124636363.636363,54432000.0,11063183146.818674,100364582.45556013,549876.9320484849,violated,satisfied,satisfied,satisfied,satisfied,satisfied,satisfied,False
20260830-stress-fence:c0897,arm-grid-R-I,13.0,9500000.0,0.36,False,1.3,0.85,0.07,236.80040795853174,232.3221633265434,3.1312347175040447,2812.971606235229,435.03938479042114,0.0738858810433416,5.423826173826173,15.005919080919078,241645935.23359755,11348492998.818676,3352659272.727273,3900841850.011372,3298227272.727273,54432000.0,11348492998.818676,100364582.45556013,549876.9320484849,violated,satisfied,satisfied,satisfied,satisfied,satisfied,satisfied,False
20260830-stress-fence:c0898,arm-grid-R-I,13.0,10000000.0,0.36,False,1.3,0.85,0.07,242.0113673197785,237.42053616962383,3.1312347175040447,2812.971606235229,435.03938479042114,0.06668200764161579,5.709290709290708,15.795704295704292,267751728.79068977,11633802850.818676,3526250181.818182,4106149315.8014436,3471818181.818182,54432000.0,11633802850.818676,100364582.45556013,549876.9320484849,violated,satisfied,satisfied,satisfied,satisfied,satisfied,satisfied,False
20260830-stress-fence:c0899,arm-grid-R-I,13.0,10500000.0,0.36,False,1.3,0.85,0.07,247.22232668102515,242.51890901270409,3.1312347175040447,2812.971606235229,435.03938479042114,0.060482546613710476,5.994755244755243,16.585489510489506,295196280.99173546,11919112702.818674,3699841090.9090905,4311456781.5915165,3645409090.9090905,54432000.0,11919112702.818674,100364582.45556013,549876.9320484849,violated,satisfied,satisfied,satisfied,satisfied,satisfied,satisfied,False
20260830-stress-fence:c0900,arm-grid-R-I,13.0,11000000.0,0.36,False,1.3,0.85,0.07,252.43328604227185,247.6172818557845,3.1312347175040447,2812.971606235229,435.03938479042114,0.05510909722447586,6.280219780219779,17.37527472527472,323979591.83673465,12204422554.818674,3873432000.0,4516764247.381589,3819000000.0,54432000.0,12204422554.818674,100364582.45556013,549876.9320484849,violated,satisfied,satisfied,satisfied,satisfied,satisfied,satisfied,False
20260830-stress-fence:c0901,arm-grid-R-I,13.0,11500000.0,0.36,False,1.3,0.85,0.07,257.64424540351865,252.71565469886485,3.1312347175040447,2812.971606235229,435.03938479042114,0.05042117780084368,6.565684315684315,18.165059940059937,354101661.3256873,12489732406.818676,4047022909.0909095,4722071713.17166,3992590909.0909095,54432000.0,12489732406.818676,100364582.45556013,549876.9320484849,violated,satisfied,satisfied,satisfied,satisfied,satisfied,satisfied,False
20260830-stress-fence:c0902,arm-grid-R-I,13.0,12000000.0,0.36,False,1.3,0.85,0.07,262.85520476476535,257.8140275419452,3.1312347175040447,2812.971606235229,435.03938479042114,0.04630694975112208,6.851148851148849,18.95484515484515,385562489.45859325,12775042258.818674,4220613818.181818,4927379178.961733,4166181818.181818,54432000.0,12775042258.818674,100364582.45556013,549876.9320484849,satisfied,satisfied,satisfied,satisfied,satisfied,satisfied,satisfied,True
20260830-stress-fence:c0903,arm-grid-R-I,13.0,12500000.0,0.36,False,1.3,0.85,0.07,268.06616412601204,262.91240038502553,3.1312347175040447,2812.971606235229,435.03938479042114,0.0426764848906341,7.136613386613385,19.744630369630364,418362076.23545283,13060352110.818674,4394204727.272727,5132686644.751806,4339772727.272727,54432000.0,13060352110.818674,100364582.45556013,549876.9320484849,satisfied,satisfied,satisfied,satisfied,satisfied,satisfied,satisfied,True
20260830-stress-fence:c0904,arm-grid-R-I,13.0,13000000.0,0.36,False,1.3,0.85,0.07,273.27712348725885,268.01077322810596,3.1312347175040447,2812.971606235229,435.03938479042114,0.03945680925539396,7.4220779220779205,20.53441558441558,452500421.65626574,13345661962.818676,4567795636.363637,5337994110.541878,4513363636.363637,54432000.0,13345661962.818676,100364582.45556013,549876.9320484849,satisfied,satisfied,satisfied,satisfied,satisfied,satisfied,satisfied,True
20260830-stress-fence:c0905,arm-grid-R-I,13.0,13500000.0,0.36,False,1.3,0.85,0.07,278.48808284850554,273.10914607118633,3.1312347175040447,2812.971606235229,435.03938479042114,0.03658820721076312,7.7075424575424565,21.324200799200796,487977525.7210322,13630971814.818676,4741386545.454545,5543301576.33195,4686954545.454545,54432000.0,13630971814.818676,100364582.45556013,549876.9320484849,satisfied,satisfied,satisfied,satisfied,satisfied,satisfied,satisfied,True
20260830-stress-fence:c0906,arm-grid-R-I,13.0,14000000.0,0.36,False,1.3,0.85,0.07,283.69904220975224,278.20751891426664,3.1312347175040447,2812.971606235229,435.03938479042114,0.034021432470212144,7.993006993006991,22.113986013986008,524793388.42975193,13916281666.818676,4914977454.545455,5748609042.122021,4860545454.545455,54432000.0,13916281666.818676,100364582.45556013,549876.9320484849,satisfied,satisfied,satisfied,satisfied,satisfied,satisfied,satisfied,True
20260830-stress-fence:c0907,arm-grid-R-I,13.0,14500000.0,0.36,False,1.3,0.85,0.07,288.91000157099893,283.305891757347,3.1312347175040447,2812.971606235229,435.03938479042114,0.03171558032894924,8.278471528471528,22.903771228771227,562948009.7824254,14201591518.818674,5088568363.636363,5953916507.912094,5034136363.636363,54432000.0,14201591518.818674,100364582.45556013,549876.9320484849,satisfied,satisfied,satisfied,satisfied,satisfied,satisfied,satisfied,True
20260830-stress-fence:c0908,arm-grid-R-I,13.0,15000000.0,0.36,False,1.3,0.85,0.07,294.1209609322457,288.4042646004273,3.1312347175040447,2812.971606235229,435.03938479042114,0.02963644784071813,8.563936063936062,23.69355644355644,602441389.779052,14486901370.818674,5262159272.727273,6159223973.702166,5207727272.727273,54432000.0,14486901370.818674,100364582.45556013,549876.9320484849,satisfied,satisfied,satisfied,satisfied,satisfied,satisfied,satisfied,True
20260830-stress-fence:c0909,arm-grid-R-I,13.0,15500000.0,0.36,False,1.3,0.85,0.07,299.33192029349243,293.5026374435077,3.1312347175040447,2812.971606235229,435.03938479042114,0.027755258123461305,8.849400599400598,24.483341658341654,643273528.4196323,14772211222.818674,5435750181.818182,6364531439.49224,5381318181.818182,54432000.0,14772211222.818674,100364582.45556013,549876.9320484849,satisfied,satisfied,satisfied,satisfied,satisfied,satisfied,satisfied,True
20260830-stress-fence:c0910,arm-grid-R-I,13.0,16000000.0,0.36,False,1.3,0.85,0.07,304.54287965473907,298.601010286588,3.1312347175040447,2812.971606235229,435.03938479042114,0.026047659235006175,9.134865134865132,25.273126873126863,685444425.7041657,15057521074.818674,5609341090.90909,6569838905.282309,5554909090.90909,54432000.0,15057521074.818674,100364582.45556013,549876.9320484849,satisfied,satisfied,violated,satisfied,satisfied,satisfied,satisfied,False
20260830-stress-fence:c0911,arm-grid-R-I,13.0,16500000.0,0.36,False,1.3,0.85,0.07,309.7538390159858,303.69938312966843,3.1312347175040447,2812.971606235229,435.03938479042114,0.02449293209976705,9.420329670329668,26.062912087912082,728954081.632653,15342830926.818674,5782931999.999999,6775146371.072383,5728499999.999999,54432000.0,15342830926.818674,100364582.45556013,549876.9320484849,satisfied,satisfied,violated,satisfied,satisfied,satisfied,satisfied,False
20260830-stress-fence:c0912,arm-grid-R-I,13.0,17000000.0,0.36,False,1.3,0.85,0.07,314.96479837723257,308.7977559727488,3.1312347175040447,2812.971606235229,435.03938479042114,0.023073359045541798,9.705794205794204,26.852697302697297,773802496.2050936,15628140778.818676,5956522909.090909,6980453836.862454,5902090909.090909,54432000.0,15628140778.818676,100364582.45556013,549876.9320484849,satisfied,satisfied,violated,satisfied,satisfied,satisfied,satisfied,False
20260830-stress-fence:c0913,arm-grid-R-I,13.0,17500000.0,0.36,False,1.3,0.85,0.07,320.17575773847926,313.8961288158291,3.1312347175040447,2812.971606235229,435.03938479042114,0.021773716780935773,9.991258741258738,27.64248251748251,819989669.4214875,15913450630.818674,6130113818.181818,7185761302.652526,6075681818.181818,54432000.0,15913450630.818674,100364582.45556013,549876.9320484849,satisfied,satisfied,violated,satisfied,satisfied,satisfied,violated,False
20260830-stress-fence:c0914,arm-grid-R-I,13.0,18000000.0,0.36,False,1.3,0.85,0.07,325.38671709972596,318.9945016589095,3.1312347175040447,2812.971606235229,435.03938479042114,0.020580866556054258,10.276723276723274,28.432267732267725,867515601.281835,16198760482.818674,6303704727.272726,7391068768.4426,6249272727.272726,54432000.0,16198760482.818674,100364582.45556013,549876.9320484849,satisfied,satisfied,violated,satisfied,satisfied,satisfied,violated,False
20260830-stress-fence:c0915,arm-grid-R-I,13.0,18500000.0,0.36,False,1.3,0.85,0.07,330.59767646097276,324.0928745019898,3.1312347175040447,2812.971606235229,435.03938479042114,0.019483420786447273,10.56218781218781,29.22205294705294,916380291.7861358,16484070334.818676,6477295636.363637,7596376234.232673,6422863636.363637,54432000.0,16484070334.818676,100364582.45556013,549876.9320484849,satisfied,satisfied,violated,satisfied,satisfied,satisfied,violated,False
20260830-stress-fence:c0916,arm-grid-R-I,13.0,19000000.0,0.36,False,1.3,0.85,0.07,335.80863582221946,329.19124734507017,3.1312347175040447,2812.971606235229,435.03938479042114,0.0184714702608354,10.847652347652346,30.011838161838156,966583740.9343902,16769380186.818674,6650886545.454546,7801683700.022744,6596454545.454546,54432000.0,16769380186.818674,100364582.45556013,549876.9320484849,satisfied,satisfied,violated,satisfied,satisfied,satisfied,violated,False
20260830-stress-fence:c0917,arm-grid-R-I,13.0,19500000.0,0.36,False,1.3,0.85,0.07,341.01959518346615,334.2896201881506,3.1312347175040447,2812.971606235229,435.03938479042114,0.017536359669063983,11.13311688311688,30.80162337662337,1018125948.7265979,17054690038.818674,6824477454.545454,8006991165.812815,6770045454.545454,54432000.0,17054690038.818674,100364582.45556013,549876.9320484849,satisfied,satisfied,violated,satisfied,satisfied,satisfied,violated,False
20260830-stress-fence:c0918,arm-grid-R-I,13.0,20000000.0,0.36,False,1.3,0.85,0.07,346.23055454471296,339.387993031231,3.1312347175040447,2812.971606235229,435.03938479042114,0.016670501910403947,11.418581418581416,31.591408591408584,1071006915.1627591,17339999890.81868,6998068363.636364,8212298631.602887,6943636363.636364,54432000.0,17339999890.81868,100364582.45556013,549876.9320484849,satisfied,satisfied,violated,satisfied,satisfied,satisfied,violated,False
20260830-stress-fence:c0919,arm-grid-R-I,13.0,20500000.0,0.36,False,1.3,0.85,0.07,351.44151390595965,344.48636587431133,3.1312347175040447,2812.971606235229,435.03938479042114,0.015867223710081094,11.70404595404595,32.38119380619379,1125226640.2428737,17625309742.818676,7171659272.727274,8417606097.392961,7117227272.727274,54432000.0,17625309742.818676,100364582.45556013,549876.9320484849,satisfied,satisfied,violated,satisfied,satisfied,satisfied,violated,False
20260830-stress-fence:c0920,arm-grid-R-I,13.0,21000000.0,0.36,False,1.3,0.85,0.07,356.65247326720635,349.5847387173917,3.1312347175040447,2812.971606235229,435.03938479042114,0.015120636653427619,11.989510489510486,33.17097902097901,1180785123.9669418,17910619594.818676,7345250181.818181,8622913563.183033,7290818181.818181,54432000.0,17910619594.818676,100364582.45556013,549876.9320484849,satisfied,satisfied,violated,satisfied,satisfied,satisfied,violated,False
20260830-stress-fence:c0921,arm-grid-R-I,13.0,21500000.0,0.36,False,1.3,0.85,0.07,361.86343262845315,354.6831115604721,3.1312347175040447,2812.971606235229,435.03938479042114,0.014425528965195413,12.274975024975022,33.96076423576423,1237682366.3349638,18195929446.81868,7518841090.909092,8828221028.973106,7464409090.909092,54432000.0,18195929446.81868,100364582.45556013,549876.9320484849,satisfied,satisfied,violated,satisfied,satisfied,satisfied,violated,False
20260830-stress-fence:c0922,arm-grid-R-I,13.0,22000000.0,0.36,False,1.3,0.85,0.07,367.0743919896998,359.7814844035524,3.1312347175040447,2812.971606235229,435.03938479042114,0.013777274306118964,12.560439560439558,34.75054945054944,1295918367.3469386,18481239298.818676,7692432000.0,9033528494.763178,7638000000.0,54432000.0,18481239298.818676,100364582.45556013,549876.9320484849,satisfied,satisfied,violated,satisfied,satisfied,satisfied,violated,False
20260830-stress-fence:c0923,arm-grid-R-I,13.0,22500000.0,0.36,False,1.3,0.85,0.07,372.28535135094654,364.8798572466327,3.1312347175040447,2812.971606235229,435.03938479042114,0.013171754595874722,12.845904095904094,35.54033466533466,1355493127.0028672,18766549150.818676,7866022909.090908,9238835960.55325,7811590909.090908,54432000.0,18766549150.818676,100364582.45556013,549876.9320484849,satisfied,satisfied,violated,satisfied,satisfied,satisfied,violated,False
20260830-stress-fence:c0924,arm-grid-R-I,13.0,23000000.0,0.36,False,1.3,0.85,0.07,377.4963107121934,369.97823008971324,3.1312347175040447,2812.971606235229,435.03938479042114,0.01260529445021092,13.13136863136863,36.330119880119874,1416406645.3027492,19051859002.818684,8039613818.181819,9444143426.34332,7985181818.181819,54432000.0,19051859002.818684,100364582.45556013,549876.9320484849,satisfied,satisfied,violated,satisfied,satisfied,satisfied,violated,False
20260830-stress-fence:c0925,arm-grid-R-I,13.0,23500000.0,0.36,False,1.3,0.85,0.07,382.70727007343993,375.0766029327935,3.1312347175040447,2812.971606235229,435.03938479042114,0.012074605276888329,13.416833166833163,37.119905094905086,1478658922.2465842,19337168854.818676,8213204727.272727,9649450892.133394,8158772727.272727,54432000.0,19337168854.818676,100364582.45556013,549876.9320484849,satisfied,satisfied,violated,satisfied,satisfied,satisfied,violated,False
20260830-stress-fence:c0926,arm-grid-R-I,13.0,24000000.0,0.36,False,1.3,0.85,0.07,387.9182294346867,380.17497577587386,3.1312347175040447,2812.971606235229,435.03938479042114,0.01157673743778052,13.702297702297699,37.9096903096903,1542249957.834373,19622478706.818676,8386795636.363636,9854758357.923466,8332363636.363636,54432000.0,19622478706.818676,100364582.45556013,549876.9320484849,satisfied,satisfied,violated,satisfied,satisfied,satisfied,violated,False
20260830-stress-fence:c0927,arm-grid-R-I,13.0,24500000.0,0.36,False,1.3,0.85,0.07,393.12918879593343,385.2733486189542,3.1312347175040447,2812.971606235229,435.03938479042114,0.011109039173946822,13.987762237762235,38.69947552447552,1607179752.0661156,19907788558.818676,8560386545.454545,10060065823.713537,8505954545.454545,54432000.0,19907788558.818676,100364582.45556013,549876.9320484849,satisfied,satisfied,violated,satisfied,satisfied,satisfied,violated,False
20260830-stress-fence:c0928,arm-grid-R-I,13.0,25000000.0,0.36,False,1.3,0.85,0.07,398.34014815718007,390.37172146203454,3.1312347175040447,2812.971606235229,435.03938479042114,0.010669121222658525,14.27322677322677,39.48926073926073,1673448304.9418113,20193098410.818676,8733977454.545454,10265373289.503613,8679545454.545454,54432000.0,20193098410.818676,100364582.45556013,549876.9320484849,satisfied,satisfied,violated,satisfied,satisfied,satisfied,violated,False
20260830-stress-fence:c0929,arm-grid-R-I,13.0,25500000.0,0.36,False,1.3,0.85,0.07,403.5511075184268,395.47009430511497,3.1312347175040447,2812.971606235229,435.03938479042114,0.010254826242463022,14.558691308691305,40.27904595404594,1741055616.46146,20478408262.818676,8907568363.636362,10470680755.293682,8853136363.636362,54432000.0,20478408262.818676,100364582.45556013,549876.9320484849,satisfied,satisfied,violated,satisfied,satisfied,satisfied,violated,False
20260830-stress-fence:c0930,arm-grid-R-I,13.0,26000000.0,0.36,False,1.3,0.85,0.07,408.7620668796736,400.5684671481953,3.1312347175040447,2812.971606235229,435.03938479042114,0.00986420231384849,14.844155844155841,41.06883116883116,1810001686.625063,20763718114.81868,9081159272.727274,10675988221.083755,9026727272.727274,54432000.0,20763718114.81868,100364582.45556013,549876.9320484849,satisfied,satisfied,violated,satisfied,satisfied,satisfied,violated,False
20260830-stress-fence:c0931,arm-grid-R-I,13.5,2000000.0,0.36,False,1.3,0.85,0.07,156.1085410203717,153.36837811303914,3.1312347175040447,2921.162821859661,451.77166882082196,1.797750871698887,1.0995670995670994,3.0421356421356416,10313399.923789533,7306348308.463114,748795636.3636363,821229863.1602889,694363636.3636363,54432000.0,7306348308.463114,105953794.73294455,571026.0448195806,violated,satisfied,satisfied,satisfied,satisfied,satisfied,satisfied,False
20260830-stress-fence:c0932,arm-grid-R-I,13.5,2500000.0,0.36,False,1.3,0.85,0.07,161.0610363810286,158.21387125582459,3.1312347175040447,2921.162821859661,451.77166882082196,1.1505605578872875,1.3744588744588744,3.802669552669552,16114687.380921146,7591658160.463113,922386545.4545455,1026537328.9503613,867954545.4545455,54432000.0,7591658160.463113,105953794.73294455,571026.0448195806,violated,satisfied,satisfied,satisfied,satisfied,satisfied,satisfied,False
20260830-stress-fence:c0933,arm-grid-R-I,13.5,3000000.0,0.36,False,1.3,0.85,0.07,166.01353174168554,163.0593643986101,3.1312347175040447,2921.162821859661,451.77166882082196,0.7990003874217275,1.6493506493506491,4.563203463203463,23205149.828526452,7876968012.463113,1095977454.5454545,1231844794.7404337,1041545454.5454545,54432000.0,7876968012.463113,105953794.73294455,571026.0448195806,violated,satisfied,satisfied,satisfied,satisfied,satisfied,satisfied,False
20260830-stress-fence:c0934,arm-grid-R-I,13.5,3500000.0,0.36,False,1.3,0.85,0.07,170.9660271023425,167.90485754139556,3.1312347175040447,2921.162821859661,451.77166882082196,0.5870206927996365,1.924242424242424,5.323737373737373,31584787.266605448,8162277864.463114,1269568363.6363637,1437152260.5305057,1215136363.6363637,54432000.0,8162277864.463114,105953794.73294455,571026.0448195806,violated,satisfied,satisfied,satisfied,satisfied,satisfied,satisfied,False
20260830-stress-fence:c0935,arm-grid-R-I,13.5,4000000.0,0.36,False,1.3,0.85,0.07,175.91852246299942,172.75035068418106,3.1312347175040447,2921.162821859661,451.77166882082196,0.44943771792472176,2.199134199134199,6.084271284271283,41253599.69515813,8447587716.463114,1443159272.7272725,1642459726.3205779,1388727272.7272725,54432000.0,8447587716.463114,105953794.73294455,571026.0448195806,violated,satisfied,satisfied,satisfied,satisfied,satisfied,satisfied,False
20260830-stress-fence:c0936,arm-grid-R-I,13.5,4500000.0,0.36,False,1.3,0.85,0.07,180.8710178236564,177.59584382696653,3.1312347175040447,2921.162821859661,451.77166882082196,0.3551112832985455,2.474025974025974,6.844805194805194,52211587.11418451,8732897568.463114,1616750181.8181815,1847767192.11065,1562318181.8181815,54432000.0,8732897568.463114,105953794.73294455,571026.0448195806,violated,satisfied,satisfied,satisfied,satisfied,satisfied,satisfied,False
20260830-stress-fence:c0937,arm-grid-R-I,13.5,5000000.0,0.36,False,1.3,0.85,0.07,185.82351318431327,182.441336969752,3.1312347175040447,2921.162821859661,451.77166882082196,0.2876401394718219,2.7489177489177488,7.605339105339104,64458749.52368458,9018207420.463114,1790341090.909091,2053074657.9007225,1735909090.909091,54432000.0,9018207420.463114,105953794.73294455,571026.0448195806,violated,satisfied,satisfied,satisfied,satisfied,satisfied,satisfied,False
20260830-stress-fence:c0938,arm-grid-R-I,13.5,5500000.0,0.36,False,1.3,0.85,0.07,190.77600854497027,187.28683011253753,3.1312347175040447,2921.162821859661,451.77166882082196,0.2377191235304313,3.0238095238095237,8.365873015873015,77995086.92365836,9303517272.463116,1963932000.0,2258382123.6907945,1909500000.0,54432000.0,9303517272.463116,105953794.73294455,571026.0448195806,violated,satisfied,satisfied,satisfied,satisfied,satisfied,satisfied,False
20260830-stress-fence:c0939,arm-grid-R-I,13.5,6000000.0,0.36,False,1.3,0.85,0.07,195.7285039056272,192.132323255323,3.1312347175040447,2921.162821859661,451.77166882082196,0.19975009685543188,3.2987012987012982,9.126406926406926,92820599.31410581,9588827124.463116,2137522909.090909,2463689589.4808674,2083090909.090909,54432000.0,9588827124.463116,105953794.73294455,571026.0448195806,violated,satisfied,satisfied,satisfied,satisfied,satisfied,satisfied,False
20260830-stress-fence:c0940,arm-grid-R-I,13.5,6500000.0,0.36,False,1.3,0.85,0.07,200.68099926628418,196.9778163981085,3.1312347175040447,2921.162821859661,451.77166882082196,0.17020126595965793,3.573593073593073,9.886940836940836,108935286.69502693,9874136976.463118,2311113818.1818185,2668997055.270939,2256681818.1818185,54432000.0,9874136976.463118,105953794.73294455,571026.0448195806,violated,satisfied,satisfied,satisfied,satisfied,satisfied,satisfied,False
20260830-stress-fence:c0941,arm-grid-R-I,13.5,7000000.0,0.36,False,1.3,0.85,0.07,205.63349462694103,201.8233095408939,3.1312347175040447,2921.162821859661,451.77166882082196,0.14675517319990913,3.848484848484848,10.647474747474746,126339149.06642179,10159446828.463112,2484704727.2727275,2874304521.0610113,2430272727.2727275,54432000.0,10159446828.463112,105953794.73294455,571026.0448195806,violated,satisfied,satisfied,satisfied,satisfied,satisfied,satisfied,False
20260830-stress-fence:c0942,arm-grid-R-I,13.5,7500000.0,0.36,False,1.3,0.85,0.07,210.58598998759805,206.66880268367947,3.1312347175040447,2921.162821859661,451.77166882082196,0.1278400619874764,4.123376623376623,11.408008658008656,145032186.4282903,10444756680.463118,2658295636.3636365,3079611986.851083,2603863636.3636365,54432000.0,10444756680.463118,105953794.73294455,571026.0448195806,violated,satisfied,satisfied,satisfied,satisfied,satisfied,satisfied,False
20260830-stress-fence:c0943,arm-grid-R-I,13.5,8000000.0,0.36,False,1.3,0.85,0.07,215.53848534825488,211.51429582646486,3.1312347175040447,2921.162821859661,451.77166882082196,0.11235942948118044,4.398268398268398,12.168542568542566,165014398.78063253,10730066532.463112,2831886545.454545,3284919452.6411557,2777454545.454545,54432000.0,10730066532.463112,105953794.73294455,571026.0448195806,violated,satisfied,satisfied,satisfied,satisfied,satisfied,satisfied,False
20260830-stress-fence:c0944,arm-grid-R-I,13.5,8500000.0,0.36,False,1.3,0.85,0.07,220.4909807089119,216.3597889692504,3.1312347175040447,2921.162821859661,451.77166882082196,0.09952946002485187,4.673160173160173,12.929076479076477,186285786.12344846,11015376384.463116,3005477454.5454545,3490226918.431228,2951045454.5454545,54432000.0,11015376384.463116,105953794.73294455,571026.0448195806,violated,satisfied,satisfied,satisfied,satisfied,satisfied,satisfied,False
20260830-stress-fence:c0945,arm-grid-R-I,13.5,9000000.0,0.36,False,1.3,0.85,0.07,225.4434760695688,221.20528211203577,3.1312347175040447,2921.162821859661,451.77166882082196,0.08877782082463638,4.948051948051948,13.689610389610388,208846348.45673805,11300686236.463112,3179068363.636363,3695534384.2213,3124636363.636363,54432000.0,11300686236.463112,105953794.73294455,571026.0448195806,violated,satisfied,satisfied,satisfied,satisfied,satisfied,satisfied,False
20260830-stress-fence:c0946,arm-grid-R-I,13.5,9500000.0,0.36,False,1.3,0.85,0.07,230.3959714302258,226.0507752548214,3.1312347175040447,2921.162821859661,451.77166882082196,0.07967870899496451,5.2229437229437226,14.450144300144299,232696085.78050137,11585996088.463118,3352659272.727273,3900841850.011372,3298227272.727273,54432000.0,11585996088.463118,105953794.73294455,571026.0448195806,violated,satisfied,satisfied,satisfied,satisfied,satisfied,satisfied,False
20260830-stress-fence:c0947,arm-grid-R-I,13.5,10000000.0,0.36,False,1.3,0.85,0.07,235.34846679088272,230.89626839760686,3.1312347175040447,2921.162821859661,451.77166882082196,0.07191003486795547,5.4978354978354975,15.210678210678209,257834998.09473833,11871305940.463118,3526250181.818182,4106149315.801445,3471818181.818182,54432000.0,11871305940.463118,105953794.73294455,571026.0448195806,violated,satisfied,satisfied,satisfied,satisfied,satisfied,satisfied,False
20260830-stress-fence:c0948,arm-grid-R-I,13.5,10500000.0,0.36,False,1.3,0.85,0.07,240.30096215153958,235.74176154039225,3.1312347175040447,2921.162821859661,451.77166882082196,0.06522452142218182,5.7727272727272725,15.97121212121212,284263085.39944905,12156615792.463112,3699841090.9090905,4311456781.591517,3645409090.9090905,54432000.0,12156615792.463112,105953794.73294455,571026.0448195806,violated,satisfied,satisfied,satisfied,satisfied,satisfied,satisfied,False
20260830-stress-fence:c0949,arm-grid-R-I,13.5,11000000.0,0.36,False,1.3,0.85,0.07,245.25345751219658,240.5872546831778,3.1312347175040447,2921.162821859661,451.77166882082196,0.05942978088260782,6.0476190476190474,16.73174603174603,311980347.6946334,12441925644.463116,3873432000.0,4516764247.381589,3819000000.0,54432000.0,12441925644.463116,105953794.73294455,571026.0448195806,violated,satisfied,satisfied,satisfied,satisfied,satisfied,satisfied,False
20260830-stress-fence:c0950,arm-grid-R-I,13.5,11500000.0,0.36,False,1.3,0.85,0.07,250.20595287285343,245.43274782596316,3.1312347175040447,2921.162821859661,451.77166882082196,0.05437431748049562,6.322510822510822,17.492279942279943,340986784.9802915,12727235496.463112,4047022909.0909095,4722071713.171661,3992590909.0909095,54432000.0,12727235496.463112,105953794.73294455,571026.0448195806,violated,satisfied,satisfied,satisfied,satisfied,satisfied,satisfied,False
20260830-stress-fence:c0951,arm-grid-R-I,13.5,12000000.0,0.36,False,1.3,0.85,0.07,255.15844823351037,250.27824096874863,3.1312347175040447,2921.162821859661,451.77166882082196,0.04993752421385797,6.5974025974025965,18.25281385281385,371282397.25642323,13012545348.463112,4220613818.181818,4927379178.961735,4166181818.181818,54432000.0,13012545348.463112,105953794.73294455,571026.0448195806,satisfied,satisfied,satisfied,satisfied,satisfied,satisfied,satisfied,True
20260830-stress-fence:c0952,arm-grid-R-I,13.5,12500000.0,0.36,False,1.3,0.85,0.07,260.1109435941674,255.1237341115342,3.1312347175040447,2921.162821859661,451.77166882082196,0.046022422315491494,6.872294372294372,19.013347763347763,402867184.52302873,13297855200.463116,4394204727.272727,5132686644.751806,4339772727.272727,54432000.0,13297855200.463116,105953794.73294455,571026.0448195806,satisfied,satisfied,satisfied,satisfied,satisfied,satisfied,satisfied,True
20260830-stress-fence:c0953,arm-grid-R-I,13.5,13000000.0,0.36,False,1.3,0.85,0.07,265.06343895482433,259.9692272543197,3.1312347175040447,2921.162821859661,451.77166882082196,0.04255031648991448,7.147186147186146,19.77388167388167,435741146.78010774,13583165052.463118,4567795636.363637,5337994110.541878,4513363636.363637,54432000.0,13583165052.463118,105953794.73294455,571026.0448195806,satisfied,satisfied,satisfied,satisfied,satisfied,satisfied,satisfied,True
20260830-stress-fence:c0954,arm-grid-R-I,13.5,13500000.0,0.36,False,1.3,0.85,0.07,270.0159343154813,264.8147203971052,3.1312347175040447,2921.162821859661,451.77166882082196,0.03945680925539395,7.422077922077921,20.534415584415584,469904284.02766067,13868474904.463116,4741386545.454545,5543301576.33195,4686954545.454545,54432000.0,13868474904.463116,105953794.73294455,571026.0448195806,satisfied,satisfied,satisfied,satisfied,satisfied,satisfied,satisfied,True
20260830-stress-fence:c0955,arm-grid-R-I,13.5,14000000.0,0.36,False,1.3,0.85,0.07,274.96842967613827,269.66021353989066,3.1312347175040447,2921.162821859661,451.77166882082196,0.03668879329997728,7.696969696969696,21.294949494949492,505356596.26568717,14153784756.463118,4914977454.545455,5748609042.122023,4860545454.545455,54432000.0,14153784756.463118,105953794.73294455,571026.0448195806,satisfied,satisfied,satisfied,satisfied,satisfied,satisfied,satisfied,True
20260830-stress-fence:c0956,arm-grid-R-I,13.5,14500000.0,0.36,False,1.3,0.85,0.07,279.92092503679504,274.505706682676,3.1312347175040447,2921.162821859661,451.77166882082196,0.03420215689320118,7.971861471861471,22.055483405483404,542098083.4941875,14439094608.463112,5088568363.636363,5953916507.912094,5034136363.636363,54432000.0,14439094608.463112,105953794.73294455,571026.0448195806,satisfied,satisfied,satisfied,satisfied,satisfied,satisfied,satisfied,True
20260830-stress-fence:c0957,arm-grid-R-I,13.5,15000000.0,0.36,False,1.3,0.85,0.07,284.87342039745204,279.35119982546155,3.1312347175040447,2921.162821859661,451.77166882082196,0.0319600154968691,8.246753246753245,22.816017316017312,580128745.7131612,14724404460.463116,5262159272.727273,6159223973.702166,5207727272.727273,54432000.0,14724404460.463116,105953794.73294455,571026.0448195806,satisfied,satisfied,satisfied,satisfied,satisfied,satisfied,satisfied,True
20260830-stress-fence:c0958,arm-grid-R-I,13.5,15500000.0,0.36,False,1.3,0.85,0.07,289.825915758109,284.196692968247,3.1312347175040447,2921.162821859661,451.77166882082196,0.0299313360532593,8.521645021645021,23.576551226551224,619448582.922609,15009714312.463112,5435750181.818182,6364531439.49224,5381318181.818182,54432000.0,15009714312.463112,105953794.73294455,571026.0448195806,satisfied,satisfied,satisfied,satisfied,satisfied,satisfied,satisfied,True
20260830-stress-fence:c0959,arm-grid-R-I,13.5,16000000.0,0.36,False,1.3,0.85,0.07,294.7784111187659,289.0421861110325,3.1312347175040447,2921.162821859661,451.77166882082196,0.02808985737029511,8.796536796536795,24.337085137085133,660057595.1225301,15295024164.463112,5609341090.90909,6569838905.282311,5554909090.90909,54432000.0,15295024164.463112,105953794.73294455,571026.0448195806,satisfied,satisfied,satisfied,satisfied,satisfied,satisfied,satisfied,True
20260830-stress-fence:c0960,arm-grid-R-I,13.5,16500000.0,0.36,False,1.3,0.85,0.07,299.7309064794228,293.887679253818,3.1312347175040447,2921.162821859661,451.77166882082196,0.0264132359478257,9.071428571428571,25.097619047619045,701955782.3129252,15580334016.463112,5782931999.999999,6775146371.072383,5728499999.999999,54432000.0,15580334016.463112,105953794.73294455,571026.0448195806,satisfied,satisfied,violated,satisfied,satisfied,satisfied,satisfied,False
20260830-stress-fence:c0961,arm-grid-R-I,13.5,17000000.0,0.36,False,1.3,0.85,0.07,304.6834018400798,298.7331723966035,3.1312347175040447,2921.162821859661,451.77166882082196,0.024882365006212968,9.346320346320345,25.858152958152953,745143144.4937938,15865643868.463112,5956522909.090909,6980453836.862456,5902090909.090909,54432000.0,15865643868.463112,105953794.73294455,571026.0448195806,satisfied,satisfied,violated,satisfied,satisfied,satisfied,satisfied,False
20260830-stress-fence:c0962,arm-grid-R-I,13.5,17500000.0,0.36,False,1.3,0.85,0.07,309.63589720073674,303.57866553938896,3.1312347175040447,2921.162821859661,451.77166882082196,0.023480827711985456,9.621212121212121,26.61868686868687,789619681.6651363,16150953720.463112,6130113818.181818,7185761302.652529,6075681818.181818,54432000.0,16150953720.463112,105953794.73294455,571026.0448195806,satisfied,satisfied,violated,satisfied,satisfied,satisfied,satisfied,False
20260830-stress-fence:c0963,arm-grid-R-I,13.5,18000000.0,0.36,False,1.3,0.85,0.07,314.5883925613937,308.42415868217444,3.1312347175040447,2921.162821859661,451.77166882082196,0.022194455206159095,9.896103896103895,27.379220779220777,835385393.8269522,16436263572.463112,6303704727.272726,7391068768.4426,6249272727.272726,54432000.0,16436263572.463112,105953794.73294455,571026.0448195806,satisfied,satisfied,violated,satisfied,satisfied,satisfied,violated,False
20260830-stress-fence:c0964,arm-grid-R-I,13.5,18500000.0,0.36,False,1.3,0.85,0.07,319.5408879220507,313.26965182495996,3.1312347175040447,2921.162821859661,451.77166882082196,0.02101096709071015,10.17099567099567,28.139754689754685,882440280.979242,16721573424.463116,6477295636.363637,7596376234.232673,6422863636.363637,54432000.0,16721573424.463116,105953794.73294455,571026.0448195806,satisfied,satisfied,violated,satisfied,satisfied,satisfied,violated,False
20260830-stress-fence:c0965,arm-grid-R-I,13.5,19000000.0,0.36,False,1.3,0.85,0.07,324.4933832827075,318.1151449677454,3.1312347175040447,2921.162821859661,451.77166882082196,0.01991967724874113,10.445887445887445,28.900288600288597,930784343.1220055,17006883276.463112,6650886545.454546,7801683700.022744,6596454545.454546,54432000.0,17006883276.463112,105953794.73294455,571026.0448195806,satisfied,satisfied,violated,satisfied,satisfied,satisfied,violated,False
20260830-stress-fence:c0966,arm-grid-R-I,13.5,19500000.0,0.36,False,1.3,0.85,0.07,329.4458786433645,322.9606381105309,3.1312347175040447,2921.162821859661,451.77166882082196,0.018911251773295328,10.72077922077922,29.660822510822506,980417580.2552426,17292193128.463116,6824477454.545454,8006991165.812818,6770045454.545454,54432000.0,17292193128.463116,105953794.73294455,571026.0448195806,satisfied,satisfied,violated,satisfied,satisfied,satisfied,violated,False
20260830-stress-fence:c0967,arm-grid-R-I,13.5,20000000.0,0.36,False,1.3,0.85,0.07,334.3983740040214,327.8061312533164,3.1312347175040447,2921.162821859661,451.77166882082196,0.017977508716988867,10.995670995670995,30.421356421356418,1031339992.3789533,17577502980.46311,6998068363.636364,8212298631.60289,6943636363.636364,54432000.0,17577502980.46311,105953794.73294455,571026.0448195806,satisfied,satisfied,violated,satisfied,satisfied,satisfied,violated,False
20260830-stress-fence:c0968,arm-grid-R-I,13.5,20500000.0,0.36,False,1.3,0.85,0.07,339.3508693646784,332.65162439610185,3.1312347175040447,2921.162821859661,451.77166882082196,0.017111251604510526,11.27056277056277,31.181890331890326,1083551579.4931378,17862812832.463116,7171659272.727274,8417606097.3929615,7117227272.727274,54432000.0,17862812832.463116,105953794.73294455,571026.0448195806,satisfied,satisfied,violated,satisfied,satisfied,satisfied,violated,False
20260830-stress-fence:c0969,arm-grid-R-I,13.5,21000000.0,0.36,False,1.3,0.85,0.07,344.3033647253354,337.49711753888744,3.1312347175040447,2921.162821859661,451.77166882082196,0.016306130355545456,11.545454545454545,31.94242424242424,1137052341.5977962,18148122684.46312,7345250181.818181,8622913563.183035,7290818181.818181,54432000.0,18148122684.46312,105953794.73294455,571026.0448195806,satisfied,satisfied,violated,satisfied,satisfied,satisfied,violated,False
20260830-stress-fence:c0970,arm-grid-R-I,13.5,21500000.0,0.36,False,1.3,0.85,0.07,349.2558600859923,342.3426106816729,3.1312347175040447,2921.162821859661,451.77166882082196,0.015556524579330551,11.820346320346319,32.702958152958146,1191842278.6929278,18433432536.46312,7518841090.909092,8828221028.973106,7464409090.909092,54432000.0,18433432536.46312,105953794.73294455,571026.0448195806,satisfied,satisfied,violated,satisfied,satisfied,satisfied,violated,False
20260830-stress-fence:c0971,arm-grid-R-I,13.5,22000000.0,0.36,False,1.3,0.85,0.07,354.2083554466493,347.1881038244584,3.1312347175040447,2921.162821859661,451.77166882082196,0.014857445220651955,12.095238095238095,33.46349206349206,1247921390.7785337,18718742388.46312,7692432000.0,9033528494.763178,7638000000.0,54432000.0,18718742388.46312,105953794.73294455,571026.0448195806,satisfied,satisfied,violated,satisfied,satisfied,satisfied,violated,False
20260830-stress-fence:c0972,arm-grid-R-I,13.5,22500000.0,0.36,False,1.3,0.85,0.07,359.16085080730613,352.03359696724374,3.1312347175040447,2921.162821859661,451.77166882082196,0.014204451331941823,12.370129870129869,34.22402597402597,1305289677.8546128,19004052240.463116,7866022909.090908,9238835960.553251,7811590909.090908,54432000.0,19004052240.463116,105953794.73294455,571026.0448195806,satisfied,satisfied,violated,satisfied,satisfied,satisfied,violated,False
20260830-stress-fence:c0973,arm-grid-R-I,13.5,23000000.0,0.36,False,1.3,0.85,0.07,364.1133461679632,356.8790901100293,3.1312347175040447,2921.162821859661,451.77166882082196,0.013593579370123905,12.645021645021645,34.984559884559886,1363947139.921166,19289362092.46312,8039613818.181819,9444143426.343323,7985181818.181819,54432000.0,19289362092.46312,105953794.73294455,571026.0448195806,satisfied,satisfied,violated,satisfied,satisfied,satisfied,violated,False
20260830-stress-fence:c0974,arm-grid-R-I,13.5,23500000.0,0.36,False,1.3,0.85,0.07,369.0658415286201,361.72458325281485,3.1312347175040447,2921.162821859661,451.77166882082196,0.013021282909543774,12.919913419913417,35.74509379509379,1423893776.9781923,19574671944.46312,8213204727.272727,9649450892.133392,8158772727.272727,54432000.0,19574671944.46312,105953794.73294455,571026.0448195806,satisfied,satisfied,violated,satisfied,satisfied,satisfied,violated,False
20260830-stress-fence:c0975,arm-grid-R-I,13.5,24000000.0,0.36,False,1.3,0.85,0.07,374.018336889277,366.5700763956003,3.1312347175040447,2921.162821859661,451.77166882082196,0.012484381053464493,13.194805194805193,36.5056277056277,1485129589.025693,19859981796.46312,8386795636.363636,9854758357.92347,8332363636.363636,54432000.0,19859981796.46312,105953794.73294455,571026.0448195806,satisfied,satisfied,violated,satisfied,satisfied,satisfied,violated,False
20260830-stress-fence:c0976,arm-grid-R-I,13.5,24500000.0,0.36,False,1.3,0.85,0.07,378.970832249934,371.4155695383858,3.1312347175040447,2921.162821859661,451.77166882082196,0.011980014138768091,13.469696969696969,37.26616161616161,1547654576.0636668,20145291648.46312,8560386545.454545,10060065823.713541,8505954545.454545,54432000.0,20145291648.46312,105953794.73294455,571026.0448195806,satisfied,satisfied,violated,satisfied,satisfied,satisfied,violated,False
20260830-stress-fence:c0977,arm-grid-R-I,13.5,25000000.0,0.36,False,1.3,0.85,0.07,383.92332761059083,376.2610626811712,3.1312347175040447,2921.162821859661,451.77166882082196,0.011505605578872874,13.744588744588745,38.026695526695526,1611468738.092115,20430601500.46312,8733977454.545454,10265373289.503613,8679545454.545454,54432000.0,20430601500.46312,105953794.73294455,571026.0448195806,satisfied,satisfied,violated,satisfied,satisfied,satisfied,violated,False
20260830-stress-fence:c0978,arm-grid-R-I,13.5,25500000.0,0.36,False,1.3,0.85,0.07,388.87582297124777,381.1065558239566,3.1312347175040447,2921.162821859661,451.77166882082196,0.011058828891650208,14.019480519480517,38.78722943722943,1676572075.1110358,20715911352.463116,8907568363.636362,10470680755.293682,8853136363.636362,54432000.0,20715911352.463116,105953794.73294455,571026.0448195806,satisfied,satisfied,violated,satisfied,satisfied,satisfied,violated,False
20260830-stress-fence:c0979,arm-grid-R-I,13.5,26000000.0,0.36,False,1.3,0.85,0.07,393.8283183319047,385.95204896674215,3.1312347175040447,2921.162821859661,451.77166882082196,0.01063757912247862,14.294372294372293,39.54776334776334,1742964587.120431,21001221204.46312,9081159272.727274,10675988221.083755,9026727272.727274,54432000.0,21001221204.46312,105953794.73294455,571026.0448195806,satisfied,satisfied,violated,satisfied,satisfied,satisfied,violated,False
20260830-stress-fence:c0980,arm-grid-R-I,14.0,2000000.0,0.36,False,1.3,0.85,0.07,153.87524776721233,151.17875350762606,3.131234717504045,3029.3540374840936,468.5039528512229,1.9333836535143039,1.0602968460111315,2.933487940630797,9945064.21222562,7546530716.810804,748795636.3636363,821229863.1602889,694363636.3636363,54432000.0,7546530716.810804,111657195.4426995,592175.1575906763,violated,satisfied,satisfied,satisfied,satisfied,satisfied,satisfied,False
20260830-stress-fence:c0981,arm-grid-R-I,14.0,2500000.0,0.36,False,1.3,0.85,0.07,158.59370716481888,155.79526720236709,3.131234717504045,3029.3540374840936,468.5039528512229,1.2373655382491542,1.3253710575139146,3.666859925788497,15539162.831602536,7831840568.810804,922386545.4545455,1026537328.9503613,867954545.4545455,54432000.0,7831840568.810804,111657195.4426995,592175.1575906763,violated,satisfied,satisfied,satisfied,satisfied,satisfied,satisfied,False
20260830-stress-fence:c0982,arm-grid-R-I,14.0,3000000.0,0.36,False,1.3,0.85,0.07,163.31216656242543,160.41178089710814,3.131234717504045,3029.3540374840936,468.5039528512229,0.8592816237841352,1.5904452690166972,4.400231910946196,22376394.477507647,8117150420.810804,1095977454.5454545,1231844794.7404332,1041545454.5454545,54432000.0,8117150420.810804,111657195.4426995,592175.1575906763,violated,satisfied,satisfied,satisfied,satisfied,satisfied,satisfied,False
20260830-stress-fence:c0983,arm-grid-R-I,14.0,3500000.0,0.36,False,1.3,0.85,0.07,168.03062596003198,165.02829459184915,3.131234717504045,3029.3540374840936,468.5039528512229,0.6313089480863033,1.8555194805194801,5.133603896103895,30456759.149940964,8402460272.810804,1269568363.6363637,1437152260.5305057,1215136363.6363637,54432000.0,8402460272.810804,111657195.4426995,592175.1575906763,violated,satisfied,satisfied,satisfied,satisfied,satisfied,satisfied,False
20260830-stress-fence:c0984,arm-grid-R-I,14.0,4000000.0,0.36,False,1.3,0.85,0.07,172.74908535763848,169.6448082865902,3.131234717504045,3029.3540374840936,468.5039528512229,0.48334591337857596,2.120593692022263,5.866975881261594,39780256.84890248,8687770124.810804,1443159272.7272725,1642459726.3205779,1388727272.7272725,54432000.0,8687770124.810804,111657195.4426995,592175.1575906763,violated,satisfied,satisfied,satisfied,satisfied,satisfied,satisfied,False
20260830-stress-fence:c0985,arm-grid-R-I,14.0,4500000.0,0.36,False,1.3,0.85,0.07,177.4675447552451,174.26132198133124,3.131234717504045,3029.3540374840936,468.5039528512229,0.38190294390406,2.385667903525046,6.600347866419294,50346887.57439221,8973079976.810804,1616750181.8181815,1847767192.11065,1562318181.8181815,54432000.0,8973079976.810804,111657195.4426995,592175.1575906763,violated,satisfied,satisfied,satisfied,satisfied,satisfied,satisfied,False
20260830-stress-fence:c0986,arm-grid-R-I,14.0,5000000.0,0.36,False,1.3,0.85,0.07,182.18600415285158,178.87783567607227,3.131234717504045,3029.3540374840936,468.5039528512229,0.30934138456228855,2.650742115027829,7.333719851576994,62156651.326410145,9258389828.810804,1790341090.909091,2053074657.9007225,1735909090.909091,54432000.0,9258389828.810804,111657195.4426995,592175.1575906763,violated,satisfied,satisfied,satisfied,satisfied,satisfied,satisfied,False
20260830-stress-fence:c0987,arm-grid-R-I,14.0,5500000.0,0.36,False,1.3,0.85,0.07,186.9044635504582,183.49434937081335,3.131234717504045,3029.3540374840936,468.5039528512229,0.25565403682833765,2.915816326530612,8.067091836734692,75209548.10495627,9543699680.810806,1963932000.0,2258382123.6907945,1909500000.0,54432000.0,9543699680.810806,111657195.4426995,592175.1575906763,violated,satisfied,satisfied,satisfied,satisfied,satisfied,satisfied,False
20260830-stress-fence:c0988,arm-grid-R-I,14.0,6000000.0,0.36,False,1.3,0.85,0.07,191.62292294806468,188.11086306555438,3.131234717504045,3029.3540374840936,468.5039528512229,0.2148204059460338,3.1808905380333945,8.800463821892391,89505577.91003059,9829009532.810806,2137522909.090909,2463689589.4808664,2083090909.090909,54432000.0,9829009532.810806,111657195.4426995,592175.1575906763,violated,satisfied,satisfied,satisfied,satisfied,satisfied,satisfied,False
20260830-stress-fence:c0989,arm-grid-R-I,14.0,6500000.0,0.36,False,1.3,0.85,0.07,196.3413823456712,192.7273767602954,3.131234717504045,3029.3540374840936,468.5039528512229,0.18304223938596959,3.4459647495361776,9.53383580705009,105044740.74163312,10114319384.810804,2311113818.1818185,2668997055.270939,2256681818.1818185,54432000.0,10114319384.810804,111657195.4426995,592175.1575906763,violated,satisfied,satisfied,satisfied,satisfied,satisfied,satisfied,False
20260830-stress-fence:c0990,arm-grid-R-I,14.0,7000000.0,0.36,False,1.3,0.85,0.07,201.0598417432778,197.34389045503647,3.131234717504045,3029.3540374840936,468.5039528512229,0.15782723702157583,3.7110389610389602,10.26720779220779,121827036.59976386,10399629236.810806,2484704727.2727275,2874304521.0610113,2430272727.2727275,54432000.0,10399629236.810806,111657195.4426995,592175.1575906763,violated,satisfied,satisfied,satisfied,satisfied,satisfied,satisfied,False
20260830-stress-fence:c0991,arm-grid-R-I,14.0,7500000.0,0.36,False,1.3,0.85,0.07,205.77830114088434,201.96040414977753,3.131234717504045,3029.3540374840936,468.5039528512229,0.1374850598054616,3.9761131725417433,11.00057977736549,139852465.48442277,10684939088.810806,2658295636.3636365,3079611986.851083,2603863636.3636365,54432000.0,10684939088.810806,111657195.4426995,592175.1575906763,violated,satisfied,satisfied,satisfied,satisfied,satisfied,satisfied,False
20260830-stress-fence:c0992,arm-grid-R-I,14.0,8000000.0,0.36,False,1.3,0.85,0.07,210.4967605384909,206.57691784451853,3.131234717504045,3029.3540374840936,468.5039528512229,0.12083647834464399,4.241187384044526,11.733951762523189,159121027.39560992,10970248940.810806,2831886545.454545,3284919452.6411557,2777454545.454545,54432000.0,10970248940.810806,111657195.4426995,592175.1575906763,violated,satisfied,satisfied,satisfied,satisfied,satisfied,satisfied,False
20260830-stress-fence:c0993,arm-grid-R-I,14.0,8500000.0,0.36,False,1.3,0.85,0.07,215.21521993609744,211.19343153925956,3.131234717504045,3029.3540374840936,468.5039528512229,0.1070385413710341,4.5062615955473095,12.46732374768089,179632722.33332533,11255558792.810806,3005477454.5454545,3490226918.431227,2951045454.5454545,54432000.0,11255558792.810806,111657195.4426995,592175.1575906763,violated,satisfied,satisfied,satisfied,satisfied,satisfied,satisfied,False
20260830-stress-fence:c0994,arm-grid-R-I,14.0,9000000.0,0.36,False,1.3,0.85,0.07,219.93367933370396,215.80994523400062,3.131234717504045,3029.3540374840936,468.5039528512229,0.095475735976015,4.771335807050092,13.200695732838588,201387550.29756883,11540868644.810806,3179068363.636363,3695534384.2213,3124636363.636363,54432000.0,11540868644.810806,111657195.4426995,592175.1575906763,violated,satisfied,satisfied,satisfied,satisfied,satisfied,satisfied,False
20260830-stress-fence:c0995,arm-grid-R-I,14.0,9500000.0,0.36,False,1.3,0.85,0.07,224.65213873131054,220.42645892874168,3.131234717504045,3029.3540374840936,468.5039528512229,0.08569013422778077,5.036410018552875,13.934067717996287,224385511.28834057,11826178496.810808,3352659272.727273,3900841850.011372,3298227272.727273,54432000.0,11826178496.810808,111657195.4426995,592175.1575906763,violated,satisfied,satisfied,satisfied,satisfied,satisfied,satisfied,False
20260830-stress-fence:c0996,arm-grid-R-I,14.0,10000000.0,0.36,False,1.3,0.85,0.07,229.37059812891707,225.0429726234827,3.131234717504045,3029.3540374840936,468.5039528512229,0.07733534614057214,5.301484230055658,14.667439703153988,248626605.30564058,12111488348.810808,3526250181.818182,4106149315.801445,3471818181.818182,54432000.0,12111488348.810808,111657195.4426995,592175.1575906763,violated,satisfied,satisfied,satisfied,satisfied,satisfied,satisfied,False
20260830-stress-fence:c0997,arm-grid-R-I,14.0,10500000.0,0.36,False,1.3,0.85,0.07,234.08905752652362,229.6594863182237,3.131234717504045,3029.3540374840936,468.5039528512229,0.07014543867625592,5.566558441558441,15.400811688311686,274110832.3494687,12396798200.810806,3699841090.9090905,4311456781.591517,3645409090.9090905,54432000.0,12396798200.810806,111657195.4426995,592175.1575906763,violated,satisfied,satisfied,satisfied,satisfied,satisfied,satisfied,False
20260830-stress-fence:c0998,arm-grid-R-I,14.0,11000000.0,0.36,False,1.3,0.85,0.07,238.80751692413017,234.27600001296477,3.131234717504045,3029.3540374840936,468.5039528512229,0.06391350920708441,5.831632653061224,16.134183673469384,300838192.4198251,12682108052.810808,3873432000.0,4516764247.381589,3819000000.0,54432000.0,12682108052.810808,111657195.4426995,592175.1575906763,violated,satisfied,satisfied,satisfied,satisfied,satisfied,satisfied,False
20260830-stress-fence:c0999,arm-grid-R-I,14.0,11500000.0,0.36,False,1.3,0.85,0.07,243.52597632173672,238.8925137077058,3.131234717504045,3029.3540374840936,468.5039528512229,0.05847663224239859,6.096706864564007,16.867555658627087,328808685.5167096,12967417904.810808,4047022909.0909095,4722071713.171661,3992590909.0909095,54432000.0,12967417904.810808,111657195.4426995,592175.1575906763,violated,satisfied,satisfied,satisfied,satisfied,satisfied,satisfied,False
20260830-stress-fence:c1000,arm-grid-R-I,14.0,12000000.0,0.36,False,1.3,0.85,0.07,248.24443571934327,243.50902740244686,3.131234717504045,3029.3540374840936,468.5039528512229,0.05370510148650845,6.361781076066789,17.600927643784782,358022311.64012235,13252727756.810808,4220613818.181818,4927379178.961733,4166181818.181818,54432000.0,13252727756.810808,111657195.4426995,592175.1575906763,violated,satisfied,satisfied,satisfied,satisfied,satisfied,satisfied,False
20260830-stress-fence:c1001,arm-grid-R-I,14.0,12500000.0,0.36,False,1.3,0.85,0.07,252.9628951169498,248.12554109718792,3.131234717504045,3029.3540374840936,468.5039528512229,0.04949462152996617,6.6268552875695725,18.334299628942485,388479070.7900634,13538037608.810808,4394204727.272727,5132686644.751806,4339772727.272727,54432000.0,13538037608.810808,111657195.4426995,592175.1575906763,satisfied,satisfied,satisfied,satisfied,satisfied,satisfied,satisfied,True
20260830-stress-fence:c1002,arm-grid-R-I,14.0,13000000.0,0.36,False,1.3,0.85,0.07,257.68135451455635,252.74205479192895,3.131234717504045,3029.3540374840936,468.5039528512229,0.045760559846492396,6.891929499072355,19.06767161410018,420178962.96653247,13823347460.810808,4567795636.363637,5337994110.541878,4513363636.363637,54432000.0,13823347460.810808,111657195.4426995,592175.1575906763,satisfied,satisfied,satisfied,satisfied,satisfied,satisfied,satisfied,True
20260830-stress-fence:c1003,arm-grid-R-I,14.0,13500000.0,0.36,False,1.3,0.85,0.07,262.39981391216287,257.35856848667,3.131234717504045,3029.3540374840936,468.5039528512229,0.04243366043378444,7.157003710575139,19.801043599257884,453121988.16953,14108657312.810808,4741386545.454545,5543301576.33195,4686954545.454545,54432000.0,14108657312.810808,111657195.4426995,592175.1575906763,satisfied,satisfied,satisfied,satisfied,satisfied,satisfied,satisfied,True
20260830-stress-fence:c1004,arm-grid-R-I,14.0,14000000.0,0.36,False,1.3,0.85,0.07,267.1182733097694,261.975082181411,3.131234717504045,3029.3540374840936,468.5039528512229,0.03945680925539396,7.4220779220779205,20.53441558441558,487308146.3990554,14393967164.810806,4914977454.545455,5748609042.122023,4860545454.545455,54432000.0,14393967164.810806,111657195.4426995,592175.1575906763,satisfied,satisfied,satisfied,satisfied,satisfied,satisfied,satisfied,True
20260830-stress-fence:c1005,arm-grid-R-I,14.0,14500000.0,0.36,False,1.3,0.85,0.07,271.836732707376,266.59159587615204,3.131234717504045,3029.3540374840936,468.5039528512229,0.03678256653534941,7.687152133580704,21.26778756957328,522737437.6551093,14679277016.810806,5088568363.636363,5953916507.912094,5034136363.636363,54432000.0,14679277016.810806,111657195.4426995,592175.1575906763,satisfied,satisfied,satisfied,satisfied,satisfied,satisfied,satisfied,True
20260830-stress-fence:c1006,arm-grid-R-I,14.0,15000000.0,0.36,False,1.3,0.85,0.07,276.5551921049825,271.2081095708931,3.131234717504045,3029.3540374840936,468.5039528512229,0.0343712649513654,7.952226345083487,22.00115955473098,559409861.9376911,14964586868.810808,5262159272.727273,6159223973.702166,5207727272.727273,54432000.0,14964586868.810808,111657195.4426995,592175.1575906763,satisfied,satisfied,satisfied,satisfied,satisfied,satisfied,satisfied,True
20260830-stress-fence:c1007,arm-grid-R-I,14.0,15500000.0,0.36,False,1.3,0.85,0.07,281.2736515025891,275.82462326563416,3.131234717504045,3029.3540374840936,468.5039528512229,0.03218953013135156,8.21730055658627,22.734531539888682,597325419.2468015,15249896720.810808,5435750181.818182,6364531439.49224,5381318181.818182,54432000.0,15249896720.810808,111657195.4426995,592175.1575906763,satisfied,satisfied,satisfied,satisfied,satisfied,satisfied,satisfied,True
20260830-stress-fence:c1008,arm-grid-R-I,14.0,16000000.0,0.36,False,1.3,0.85,0.07,285.99211090019554,280.44113696037516,3.131234717504045,3029.3540374840936,468.5039528512229,0.030209119586160998,8.482374768089052,23.467903525046378,636484109.5824397,15535206572.810806,5609341090.90909,6569838905.282311,5554909090.90909,54432000.0,15535206572.810806,111657195.4426995,592175.1575906763,satisfied,satisfied,satisfied,satisfied,satisfied,satisfied,satisfied,True
20260830-stress-fence:c1009,arm-grid-R-I,14.0,16500000.0,0.36,False,1.3,0.85,0.07,290.71057029780206,285.05765065511605,3.131234717504045,3029.3540374840936,468.5039528512229,0.02840600409203752,8.747448979591836,24.201275510204077,676885932.9446063,15820516424.810802,5782931999.999999,6775146371.072383,5728499999.999999,54432000.0,15820516424.810802,111657195.4426995,592175.1575906763,satisfied,satisfied,satisfied,satisfied,satisfied,satisfied,satisfied,True
20260830-stress-fence:c1010,arm-grid-R-I,14.0,17000000.0,0.36,False,1.3,0.85,0.07,295.42902969540864,289.6741643498572,3.131234717504045,3029.3540374840936,468.5039528512229,0.026759635342758523,9.012523191094619,24.93464749536178,718530889.3333013,16105826276.810806,5956522909.090909,6980453836.862454,5902090909.090909,54432000.0,16105826276.810806,111657195.4426995,592175.1575906763,satisfied,satisfied,violated,satisfied,satisfied,satisfied,satisfied,False
20260830-stress-fence:c1011,arm-grid-R-I,14.0,17500000.0,0.36,False,1.3,0.85,0.07,300.14748909301517,294.2906780445982,3.131234717504045,3029.3540374840936,468.5039528512229,0.02525235792345213,9.2775974025974,25.668019480519476,761418978.7485241,16391136128.810806,6130113818.181818,7185761302.652526,6075681818.181818,54432000.0,16391136128.810806,111657195.4426995,592175.1575906763,satisfied,satisfied,violated,satisfied,satisfied,satisfied,satisfied,False
20260830-stress-fence:c1012,arm-grid-R-I,14.0,18000000.0,0.36,False,1.3,0.85,0.07,304.86594849062175,298.9071917393392,3.131234717504045,3029.3540374840936,468.5039528512229,0.02386893399400375,9.542671614100184,26.401391465677175,805550201.1902753,16676445980.810806,6303704727.272726,7391068768.4426,6249272727.272726,54432000.0,16676445980.810806,111657195.4426995,592175.1575906763,satisfied,satisfied,violated,satisfied,satisfied,satisfied,violated,False
20260830-stress-fence:c1013,arm-grid-R-I,14.0,18500000.0,0.36,False,1.3,0.85,0.07,309.58440788822827,303.5237054340803,3.131234717504045,3029.3540374840936,468.5039528512229,0.022596156651737666,9.807745825602966,27.13476345083487,850924556.6585546,16961755832.810806,6477295636.363637,7596376234.232672,6422863636.363637,54432000.0,16961755832.810806,111657195.4426995,592175.1575906763,satisfied,satisfied,violated,satisfied,satisfied,satisfied,violated,False
20260830-stress-fence:c1014,arm-grid-R-I,14.0,19000000.0,0.36,False,1.3,0.85,0.07,314.3028672858348,308.14021912882123,3.131234717504045,3029.3540374840936,468.5039528512229,0.021422533556945192,10.07282003710575,27.868135435992574,897542045.1533623,17247065684.810802,6650886545.454546,7801683700.022744,6596454545.454546,54432000.0,17247065684.810802,111657195.4426995,592175.1575906763,satisfied,satisfied,violated,satisfied,satisfied,satisfied,violated,False
20260830-stress-fence:c1015,arm-grid-R-I,14.0,19500000.0,0.36,False,1.3,0.85,0.07,319.0213266834412,312.75673282356223,3.131234717504045,3029.3540374840936,468.5039528512229,0.020338026598441063,10.337894248608533,28.601507421150274,945402666.6746982,17532375536.8108,6824477454.545454,8006991165.812818,6770045454.545454,54432000.0,17532375536.8108,111657195.4426995,592175.1575906763,satisfied,satisfied,violated,satisfied,satisfied,satisfied,violated,False
20260830-stress-fence:c1016,arm-grid-R-I,14.0,20000000.0,0.36,False,1.3,0.85,0.07,323.73978608104784,317.37324651830335,3.131234717504045,3029.3540374840936,468.5039528512229,0.019333836535143034,10.602968460111317,29.334879406307977,994506421.2225623,17817685388.810802,6998068363.636364,8212298631.60289,6943636363.636364,54432000.0,17817685388.810802,111657195.4426995,592175.1575906763,satisfied,satisfied,violated,satisfied,satisfied,satisfied,violated,False
20260830-stress-fence:c1017,arm-grid-R-I,14.0,20500000.0,0.36,False,1.3,0.85,0.07,328.4582454786544,321.9897602130444,3.131234717504045,3029.3540374840936,468.5039528512229,0.018402223947786355,10.868042671614099,30.068251391465672,1044853308.7969544,18102995240.810806,7171659272.727274,8417606097.3929615,7117227272.727274,54432000.0,18102995240.810806,111657195.4426995,592175.1575906763,satisfied,satisfied,violated,satisfied,satisfied,satisfied,violated,False
20260830-stress-fence:c1018,arm-grid-R-I,14.0,21000000.0,0.36,False,1.3,0.85,0.07,333.17670487626094,326.60627390778546,3.131234717504045,3029.3540374840936,468.5039528512229,0.01753635966906398,11.133116883116882,30.801623376623372,1096443329.3978748,18388305092.810806,7345250181.818181,8622913563.183035,7290818181.818181,54432000.0,18388305092.810806,111657195.4426995,592175.1575906763,satisfied,satisfied,violated,satisfied,satisfied,satisfied,violated,False
20260830-stress-fence:c1019,arm-grid-R-I,14.0,21500000.0,0.36,False,1.3,0.85,0.07,337.8951642738675,331.2227876025265,3.131234717504045,3029.3540374840936,468.5039528512229,0.016730199273244383,11.398191094619664,31.534995361781068,1149276483.0253232,18673614944.810806,7518841090.909092,8828221028.973106,7464409090.909092,54432000.0,18673614944.810806,111657195.4426995,592175.1575906763,satisfied,satisfied,violated,satisfied,satisfied,satisfied,violated,False
20260830-stress-fence:c1020,arm-grid-R-I,14.0,22000000.0,0.36,False,1.3,0.85,0.07,342.61362367147404,335.8393012972676,3.131234717504045,3029.3540374840936,468.5039528512229,0.015978377301771103,11.663265306122447,32.26836734693877,1203352769.6793003,18958924796.810806,7692432000.0,9033528494.763178,7638000000.0,54432000.0,18958924796.810806,111657195.4426995,592175.1575906763,satisfied,satisfied,violated,satisfied,satisfied,satisfied,violated,False
20260830-stress-fence:c1021,arm-grid-R-I,14.0,22500000.0,0.36,False,1.3,0.85,0.07,347.33208306908057,340.4558149920085,3.131234717504045,3029.3540374840936,468.5039528512229,0.015276117756162397,11.928339517625231,33.00173933209647,1258672189.359805,19244234648.810802,7866022909.090908,9238835960.553251,7811590909.090908,54432000.0,19244234648.810802,111657195.4426995,592175.1575906763,satisfied,satisfied,violated,satisfied,satisfied,satisfied,violated,False
20260830-stress-fence:c1022,arm-grid-R-I,14.0,23000000.0,0.36,False,1.3,0.85,0.07,352.05054246668715,345.07232868674953,3.131234717504045,3029.3540374840936,468.5039528512229,0.014619158060599647,12.193413729128014,33.73511131725417,1315234742.0668385,19529544500.810806,8039613818.181819,9444143426.343323,7985181818.181819,54432000.0,19529544500.810806,111657195.4426995,592175.1575906763,satisfied,satisfied,violated,satisfied,satisfied,satisfied,violated,False
20260830-stress-fence:c1023,arm-grid-R-I,14.0,23500000.0,0.36,False,1.3,0.85,0.07,356.7690018642937,349.68884238149064,3.131234717504045,3029.3540374840936,468.5039528512229,0.01400368422645037,12.458487940630794,34.46848330241186,1373040427.8003995,19814854352.810806,8213204727.272727,9649450892.133392,8158772727.272727,54432000.0,19814854352.810806,111657195.4426995,592175.1575906763,satisfied,satisfied,violated,satisfied,satisfied,satisfied,violated,False
20260830-stress-fence:c1024,arm-grid-R-I,14.0,24000000.0,0.36,False,1.3,0.85,0.07,361.48746126190025,354.30535607623165,3.131234717504045,3029.3540374840936,468.5039528512229,0.013426275371627112,12.723562152133578,35.201855287569565,1432089246.5604894,20100164204.810806,8386795636.363636,9854758357.923466,8332363636.363636,54432000.0,20100164204.810806,111657195.4426995,592175.1575906763,satisfied,satisfied,violated,satisfied,satisfied,satisfied,violated,False
20260830-stress-fence:c1025,arm-grid-R-I,14.0,24500000.0,0.36,False,1.3,0.85,0.07,366.2059206595068,358.9218697709727,3.131234717504045,3029.3540374840936,468.5039528512229,0.012883856083393945,12.988636363636362,35.93522727272727,1492381198.3471074,20385474056.810802,8560386545.454545,10060065823.71354,8505954545.454545,54432000.0,20385474056.810802,111657195.4426995,592175.1575906763,satisfied,satisfied,violated,satisfied,satisfied,satisfied,violated,False
20260830-stress-fence:c1026,arm-grid-R-I,14.0,25000000.0,0.36,False,1.3,0.85,0.07,370.92438005711335,363.53838346571376,3.131234717504045,3029.3540374840936,468.5039528512229,0.012373655382491543,13.253710575139145,36.66859925788497,1553916283.1602535,20670783908.810806,8733977454.545454,10265373289.503613,8679545454.545454,54432000.0,20670783908.810806,111657195.4426995,592175.1575906763,satisfied,satisfied,violated,satisfied,satisfied,satisfied,violated,False
20260830-stress-fence:c1027,arm-grid-R-I,14.0,25500000.0,0.36,False,1.3,0.85,0.07,375.6428394547199,368.1548971604547,3.131234717504045,3029.3540374840936,468.5039528512229,0.011893171263448236,13.518784786641927,37.40197124304267,1616694500.9999275,20956093760.810802,8907568363.636362,10470680755.293682,8853136363.636362,54432000.0,20956093760.810802,111657195.4426995,592175.1575906763,satisfied,satisfied,violated,satisfied,satisfied,satisfied,violated,False
20260830-stress-fence:c1028,arm-grid-R-I,14.0,26000000.0,0.36,False,1.3,0.85,0.07,380.36129885232646,372.7714108551958,3.131234717504045,3029.3540374840936,468.5039528512229,0.011440139961623099,13.78385899814471,38.13534322820036,1680715851.8661299,21241403612.810806,9081159272.727274,10675988221.083755,9026727272.727274,54432000.0,21241403612.810806,111657195.4426995,592175.1575906763,satisfied,satisfied,violated,satisfied,satisfied,satisfied,violated,False
20260830-stress-fence:c1029,arm-grid-R-I,14.5,2000000.0,0.36,False,1.3,0.85,0.07,151.89616159279495,149.23848932359647,3.131234717504045,3137.545253108525,485.2362368816236,2.073948536486645,1.023734885803851,2.832333184057321,9602130.963528184,7789367544.230684,748795636.3636363,821229863.1602886,694363636.3636363,54432000.0,7789367544.230684,117473314.80529827,613324.2703617719,violated,satisfied,satisfied,satisfied,satisfied,satisfied,satisfied,False
20260830-stress-fence:c1030,arm-grid-R-I,14.5,2500000.0,0.36,False,1.3,0.85,0.07,156.40170620780194,153.64668841247644,3.131234717504045,3137.545253108525,485.2362368816236,1.3273270633514525,1.279668607254814,3.540416480071652,15003329.63051279,8074677396.230684,922386545.4545455,1026537328.9503613,867954545.4545455,54432000.0,8074677396.230684,117473314.80529827,613324.2703617719,violated,satisfied,satisfied,satisfied,satisfied,satisfied,satisfied,False
20260830-stress-fence:c1031,arm-grid-R-I,14.5,3000000.0,0.36,False,1.3,0.85,0.07,160.9072508228089,158.05488750135646,3.131234717504045,3137.545253108525,485.2362368816236,0.9217549051051754,1.5356023287057767,4.248499776085982,21604794.66793842,8359987248.230684,1095977454.5454545,1231844794.7404332,1041545454.5454545,54432000.0,8359987248.230684,117473314.80529827,613324.2703617719,violated,satisfied,satisfied,satisfied,satisfied,satisfied,satisfied,False
20260830-stress-fence:c1032,arm-grid-R-I,14.5,3500000.0,0.36,False,1.3,0.85,0.07,165.41279543781587,162.46308659023646,3.131234717504045,3137.545253108525,485.2362368816236,0.6772076853833943,1.7915360501567394,4.956583072100313,29406526.075805068,8645297100.230684,1269568363.6363637,1437152260.5305057,1215136363.6363637,54432000.0,8645297100.230684,117473314.80529827,613324.2703617719,violated,satisfied,satisfied,satisfied,satisfied,satisfied,satisfied,False
20260830-stress-fence:c1033,arm-grid-R-I,14.5,4000000.0,0.36,False,1.3,0.85,0.07,169.91834005282283,166.87128567911645,3.131234717504045,3137.545253108525,485.2362368816236,0.5184871341216613,2.047469771607702,5.664666368114642,38408523.85411274,8930606952.230682,1443159272.7272725,1642459726.3205771,1388727272.7272725,54432000.0,8930606952.230682,117473314.80529827,613324.2703617719,violated,satisfied,satisfied,satisfied,satisfied,satisfied,satisfied,False
20260830-stress-fence:c1034,arm-grid-R-I,14.5,4500000.0,0.36,False,1.3,0.85,0.07,174.42388466782987,171.2794847679965,3.131234717504045,3137.545253108525,485.2362368816236,0.40966884671341125,2.3034034930586653,6.372749664128974,48610788.00286145,9215916804.230686,1616750181.8181815,1847767192.11065,1562318181.8181815,54432000.0,9215916804.230686,117473314.80529827,613324.2703617719,violated,satisfied,satisfied,satisfied,satisfied,satisfied,satisfied,False
20260830-stress-fence:c1035,arm-grid-R-I,14.5,5000000.0,0.36,False,1.3,0.85,0.07,178.92942928283682,175.68768385687648,3.131234717504045,3137.545253108525,485.2362368816236,0.3318317658378631,2.559337214509628,7.080832960143304,60013318.52205116,9501226656.230686,1790341090.909091,2053074657.9007225,1735909090.909091,54432000.0,9501226656.230686,117473314.80529827,613324.2703617719,violated,satisfied,satisfied,satisfied,satisfied,satisfied,satisfied,False
20260830-stress-fence:c1036,arm-grid-R-I,14.5,5500000.0,0.36,False,1.3,0.85,0.07,183.43497389784383,180.09588294575653,3.131234717504045,3137.545253108525,485.2362368816236,0.27424112879162243,2.8152709359605907,7.788916256157634,72616115.4116819,9786536508.230688,1963932000.0,2258382123.6907945,1909500000.0,54432000.0,9786536508.230688,117473314.80529827,613324.2703617719,violated,satisfied,satisfied,satisfied,satisfied,satisfied,satisfied,False
20260830-stress-fence:c1037,arm-grid-R-I,14.5,6000000.0,0.36,False,1.3,0.85,0.07,187.94051851285076,184.5040820346365,3.131234717504045,3137.545253108525,485.2362368816236,0.23043872627629386,3.0712046574115535,8.496999552171964,86419178.67175367,10071846360.230688,2137522909.090909,2463689589.4808664,2083090909.090909,54432000.0,10071846360.230688,117473314.80529827,613324.2703617719,violated,satisfied,satisfied,satisfied,satisfied,satisfied,satisfied,False
20260830-stress-fence:c1038,arm-grid-R-I,14.5,6500000.0,0.36,False,1.3,0.85,0.07,192.4460631278577,188.9122811235165,3.131234717504045,3137.545253108525,485.2362368816236,0.19635015730051075,3.327138378862516,9.205082848186295,101422508.30226646,10357156212.230686,2311113818.1818185,2668997055.270939,2256681818.1818185,54432000.0,10357156212.230686,117473314.80529827,613324.2703617719,violated,satisfied,satisfied,satisfied,satisfied,satisfied,satisfied,False
20260830-stress-fence:c1039,arm-grid-R-I,14.5,7000000.0,0.36,False,1.3,0.85,0.07,196.95160774286467,193.32048021239643,3.131234717504045,3137.545253108525,485.2362368816236,0.16930192134584857,3.583072100313479,9.913166144200625,117626104.30322027,10642466064.230684,2484704727.2727275,2874304521.0610113,2430272727.2727275,54432000.0,10642466064.230684,117473314.80529827,613324.2703617719,violated,satisfied,satisfied,satisfied,satisfied,satisfied,satisfied,False
20260830-stress-fence:c1040,arm-grid-R-I,14.5,7500000.0,0.36,False,1.3,0.85,0.07,201.4571523578716,197.72867930127643,3.131234717504045,3137.545253108525,485.2362368816236,0.14748078481682808,3.8390058217644416,10.621249440214955,135029966.6746151,10927775916.230684,2658295636.3636365,3079611986.851083,2603863636.3636365,54432000.0,10927775916.230684,117473314.80529827,613324.2703617719,violated,satisfied,satisfied,satisfied,satisfied,satisfied,satisfied,False
20260830-stress-fence:c1041,arm-grid-R-I,14.5,8000000.0,0.36,False,1.3,0.85,0.07,205.9626969728786,202.13687839015643,3.131234717504045,3137.545253108525,485.2362368816236,0.1296217835304153,4.094939543215404,11.329332736229285,153634095.41645095,11213085768.230686,2831886545.454545,3284919452.6411543,2777454545.454545,54432000.0,11213085768.230686,117473314.80529827,613324.2703617719,violated,satisfied,satisfied,satisfied,satisfied,satisfied,satisfied,False
20260830-stress-fence:c1042,arm-grid-R-I,14.5,8500000.0,0.36,False,1.3,0.85,0.07,210.46824158788564,206.54507747903645,3.131234717504045,3137.545253108525,485.2362368816236,0.11482068022071387,4.350873264666368,12.037416032243618,173438490.5287279,11498395620.230686,3005477454.5454545,3490226918.431228,2951045454.5454545,54432000.0,11498395620.230686,117473314.80529827,613324.2703617719,violated,satisfied,satisfied,satisfied,satisfied,satisfied,satisfied,False
20260830-stress-fence:c1043,arm-grid-R-I,14.5,9000000.0,0.36,False,1.3,0.85,0.07,214.97378620289257,210.95327656791642,3.131234717504045,3137.545253108525,485.2362368816236,0.10241721167835281,4.606806986117331,12.745499328257948,194443152.0114458,11783705472.230686,3179068363.636363,3695534384.2213,3124636363.636363,54432000.0,11783705472.230686,117473314.80529827,613324.2703617719,violated,satisfied,satisfied,satisfied,satisfied,satisfied,satisfied,False
20260830-stress-fence:c1044,arm-grid-R-I,14.5,9500000.0,0.36,False,1.3,0.85,0.07,219.47933081789958,215.36147565679647,3.131234717504045,3137.545253108525,485.2362368816236,0.09192015674179033,4.862740707568293,13.453582624272277,216648079.86460468,12069015324.230688,3352659272.727273,3900841850.011372,3298227272.727273,54432000.0,12069015324.230688,117473314.80529827,613324.2703617719,violated,satisfied,satisfied,satisfied,satisfied,satisfied,satisfied,False
20260830-stress-fence:c1045,arm-grid-R-I,14.5,10000000.0,0.36,False,1.3,0.85,0.07,223.98487543290653,219.76967474567647,3.131234717504045,3137.545253108525,485.2362368816236,0.08295794145946578,5.118674429019256,14.161665920286609,240053274.08820465,12354325176.230688,3526250181.818182,4106149315.801445,3471818181.818182,54432000.0,12354325176.230688,117473314.80529827,613324.2703617719,violated,satisfied,satisfied,satisfied,satisfied,satisfied,satisfied,False
20260830-stress-fence:c1046,arm-grid-R-I,14.5,10500000.0,0.36,False,1.3,0.85,0.07,228.49042004791346,224.1778738345564,3.131234717504045,3137.545253108525,485.2362368816236,0.07524529837593268,5.374608150470219,14.869749216300939,264658734.68224564,12639635028.230686,3699841090.9090905,4311456781.591517,3645409090.9090905,54432000.0,12639635028.230686,117473314.80529827,613324.2703617719,violated,satisfied,satisfied,satisfied,satisfied,satisfied,satisfied,False
20260830-stress-fence:c1047,arm-grid-R-I,14.5,11000000.0,0.36,False,1.3,0.85,0.07,232.9959646629205,228.58607292343643,3.131234717504045,3137.545253108525,485.2362368816236,0.06856028219790561,5.6305418719211815,15.577832512315268,290464461.6467276,12924944880.230686,3873432000.0,4516764247.381589,3819000000.0,54432000.0,12924944880.230686,117473314.80529827,613324.2703617719,violated,satisfied,satisfied,satisfied,satisfied,satisfied,satisfied,False
20260830-stress-fence:c1048,arm-grid-R-I,14.5,11500000.0,0.36,False,1.3,0.85,0.07,237.50150927792743,232.9942720123164,3.131234717504045,3137.545253108525,485.2362368816236,0.06272812208655255,5.886475593372145,16.2859158083296,317470454.9816507,13210254732.230686,4047022909.0909095,4722071713.171661,3992590909.0909095,54432000.0,13210254732.230686,117473314.80529827,613324.2703617719,violated,satisfied,satisfied,satisfied,satisfied,satisfied,satisfied,False
20260830-stress-fence:c1049,arm-grid-R-I,14.5,12000000.0,0.36,False,1.3,0.85,0.07,242.0070538929343,237.4024711011963,3.131234717504045,3137.545253108525,485.2362368816236,0.057609681569073465,6.142409314823107,16.993999104343928,345676714.6870147,13495564584.230682,4220613818.181818,4927379178.961733,4166181818.181818,54432000.0,13495564584.230682,117473314.80529827,613324.2703617719,violated,satisfied,satisfied,satisfied,satisfied,satisfied,satisfied,False
20260830-stress-fence:c1050,arm-grid-R-I,14.5,12500000.0,0.36,False,1.3,0.85,0.07,246.5125985079413,241.81067019007637,3.131234717504045,3137.545253108525,485.2362368816236,0.05309308253405809,6.3983430362740705,17.70208240035826,375083240.76281977,13780874436.230682,4394204727.272727,5132686644.751806,4339772727.272727,54432000.0,13780874436.230682,117473314.80529827,613324.2703617719,violated,satisfied,satisfied,satisfied,satisfied,satisfied,satisfied,False
20260830-stress-fence:c1051,arm-grid-R-I,14.5,13000000.0,0.36,False,1.3,0.85,0.07,251.01814312294826,246.21886927895636,3.131234717504045,3137.545253108525,485.2362368816236,0.04908753932512769,6.654276757725032,18.41016569637259,405690033.20906585,14066184288.230682,4567795636.363637,5337994110.541878,4513363636.363637,54432000.0,14066184288.230682,117473314.80529827,613324.2703617719,satisfied,satisfied,satisfied,satisfied,satisfied,satisfied,satisfied,True
20260830-stress-fence:c1052,arm-grid-R-I,14.5,13500000.0,0.36,False,1.3,0.85,0.07,255.5236877379552,250.62706836783633,3.131234717504045,3137.545253108525,485.2362368816236,0.045518760745934576,6.910210479175996,19.11824899238692,437497092.025753,14351494140.230682,4741386545.454545,5543301576.33195,4686954545.454545,54432000.0,14351494140.230682,117473314.80529827,613324.2703617719,satisfied,satisfied,satisfied,satisfied,satisfied,satisfied,satisfied,True
20260830-stress-fence:c1053,arm-grid-R-I,14.5,14000000.0,0.36,False,1.3,0.85,0.07,260.0292323529623,255.0352674567164,3.131234717504045,3137.545253108525,485.2362368816236,0.04232548033646214,7.166144200626958,19.82633228840125,470504417.2128811,14636803992.230686,4914977454.545455,5748609042.122023,4860545454.545455,54432000.0,14636803992.230686,117473314.80529827,613324.2703617719,satisfied,satisfied,satisfied,satisfied,satisfied,satisfied,satisfied,True
20260830-stress-fence:c1054,arm-grid-R-I,14.5,14500000.0,0.36,False,1.3,0.85,0.07,264.5347769679692,259.4434665455963,3.131234717504045,3137.545253108525,485.2362368816236,0.03945680925539395,7.422077922077921,20.534415584415584,504712008.7704504,14922113844.230682,5088568363.636363,5953916507.912094,5034136363.636363,54432000.0,14922113844.230682,117473314.80529827,613324.2703617719,satisfied,satisfied,satisfied,satisfied,satisfied,satisfied,satisfied,True
20260830-stress-fence:c1055,arm-grid-R-I,14.5,15000000.0,0.36,False,1.3,0.85,0.07,269.04032158297616,263.8516656344763,3.131234717504045,3137.545253108525,485.2362368816236,0.03687019620420702,7.678011643528883,21.24249888042991,540119866.6984603,15207423696.230682,5262159272.727273,6159223973.702166,5207727272.727273,54432000.0,15207423696.230682,117473314.80529827,613324.2703617719,satisfied,satisfied,satisfied,satisfied,satisfied,satisfied,satisfied,True
20260830-stress-fence:c1056,arm-grid-R-I,14.5,15500000.0,0.36,False,1.3,0.85,0.07,273.5458661979831,268.2598647233563,3.131234717504045,3137.545253108525,485.2362368816236,0.034529840357738095,7.933945364979847,21.950582176444243,576727990.9969118,15492733548.230682,5435750181.818182,6364531439.49224,5381318181.818182,54432000.0,15492733548.230682,117473314.80529827,613324.2703617719,satisfied,satisfied,satisfied,satisfied,satisfied,satisfied,satisfied,True
20260830-stress-fence:c1057,arm-grid-R-I,14.5,16000000.0,0.36,False,1.3,0.85,0.07,278.05141081299007,272.6680638122363,3.131234717504045,3137.545253108525,485.2362368816236,0.03240544588260383,8.189879086430809,22.65866547245857,614536381.6658038,15778043400.23068,5609341090.90909,6569838905.282309,5554909090.90909,54432000.0,15778043400.23068,117473314.80529827,613324.2703617719,satisfied,satisfied,satisfied,satisfied,satisfied,satisfied,satisfied,True
20260830-stress-fence:c1058,arm-grid-R-I,14.5,16500000.0,0.36,False,1.3,0.85,0.07,282.556955427997,277.0762629011163,3.131234717504045,3137.545253108525,485.2362368816236,0.030471236532402492,8.445812807881772,23.366748768472902,653545038.7051371,16063353252.23068,5782931999.999999,6775146371.072383,5728499999.999999,54432000.0,16063353252.23068,117473314.80529827,613324.2703617719,satisfied,satisfied,satisfied,satisfied,satisfied,satisfied,satisfied,True
20260830-stress-fence:c1059,arm-grid-R-I,14.5,17000000.0,0.36,False,1.3,0.85,0.07,287.06250004300404,281.48446198999625,3.131234717504045,3137.545253108525,485.2362368816236,0.028705170055178468,8.701746529332736,24.074832064487236,693753962.1149116,16348663104.23068,5956522909.090909,6980453836.862456,5902090909.090909,54432000.0,16348663104.23068,117473314.80529827,613324.2703617719,satisfied,satisfied,satisfied,satisfied,satisfied,satisfied,satisfied,True
20260830-stress-fence:c1060,arm-grid-R-I,14.5,17500000.0,0.36,False,1.3,0.85,0.07,291.56804465801105,285.8926610788763,3.131234717504045,3137.545253108525,485.2362368816236,0.027088307415335765,8.957680250783698,24.782915360501562,735163151.8951267,16633972956.230682,6130113818.181818,7185761302.652526,6075681818.181818,54432000.0,16633972956.230682,117473314.80529827,613324.2703617719,satisfied,satisfied,satisfied,satisfied,satisfied,satisfied,satisfied,True
20260830-stress-fence:c1061,arm-grid-R-I,14.5,18000000.0,0.36,False,1.3,0.85,0.07,296.0735892730179,290.30086016775624,3.131234717504045,3137.545253108525,485.2362368816236,0.025604302919588203,9.213613972234661,25.490998656515895,777772608.0457832,16919282808.23068,6303704727.272726,7391068768.4426,6249272727.272726,54432000.0,16919282808.23068,117473314.80529827,613324.2703617719,satisfied,satisfied,violated,satisfied,satisfied,satisfied,satisfied,False
20260830-stress-fence:c1062,arm-grid-R-I,14.5,18500000.0,0.36,False,1.3,0.85,0.07,300.579133888025,294.7090592566363,3.131234717504045,3137.545253108525,485.2362368816236,0.024238989469529813,9.469547693685623,26.199081952530225,821582330.5668805,17204592660.230682,6477295636.363637,7596376234.232673,6422863636.363637,54432000.0,17204592660.230682,117473314.80529827,613324.2703617719,satisfied,satisfied,violated,satisfied,satisfied,satisfied,violated,False
20260830-stress-fence:c1063,arm-grid-R-I,14.5,19000000.0,0.36,False,1.3,0.85,0.07,305.0846785030319,299.1172583455163,3.131234717504045,3137.545253108525,485.2362368816236,0.02298003918544758,9.725481415136587,26.907165248544555,866592319.4584187,17489902512.230682,6650886545.454546,7801683700.022744,6596454545.454546,54432000.0,17489902512.230682,117473314.80529827,613324.2703617719,satisfied,satisfied,violated,satisfied,satisfied,satisfied,violated,False
20260830-stress-fence:c1064,arm-grid-R-I,14.5,19500000.0,0.36,False,1.3,0.85,0.07,309.5902231180388,303.5254574343962,3.131234717504045,3137.545253108525,485.2362368816236,0.021816684144501195,9.981415136587549,27.615248544558884,912802574.7203983,17775212364.23068,6824477454.545454,8006991165.812818,6770045454.545454,54432000.0,17775212364.23068,117473314.80529827,613324.2703617719,satisfied,satisfied,violated,satisfied,satisfied,satisfied,violated,False
20260830-stress-fence:c1065,arm-grid-R-I,14.5,20000000.0,0.36,False,1.3,0.85,0.07,314.0957677330459,307.9336565232763,3.131234717504045,3137.545253108525,485.2362368816236,0.020739485364866445,10.237348858038512,28.323331840573218,960213096.3528186,18060522216.230682,6998068363.636364,8212298631.60289,6943636363.636364,54432000.0,18060522216.230682,117473314.80529827,613324.2703617719,satisfied,satisfied,violated,satisfied,satisfied,satisfied,violated,False
20260830-stress-fence:c1066,arm-grid-R-I,14.5,20500000.0,0.36,False,1.3,0.85,0.07,318.60131234805283,312.3418556121562,3.131234717504045,3137.545253108525,485.2362368816236,0.01974014073990858,10.493282579489474,29.031415136587544,1008823884.35568,18345832068.230682,7171659272.727274,8417606097.392961,7117227272.727274,54432000.0,18345832068.230682,117473314.80529827,613324.2703617719,satisfied,satisfied,violated,satisfied,satisfied,satisfied,violated,False
20260830-stress-fence:c1067,arm-grid-R-I,14.5,21000000.0,0.36,False,1.3,0.85,0.07,323.1068569630598,316.7500547010362,3.131234717504045,3137.545253108525,485.2362368816236,0.01881132459398317,10.749216300940438,29.739498432601877,1058634938.7289826,18631141920.230682,7345250181.818181,8622913563.183035,7290818181.818181,54432000.0,18631141920.230682,117473314.80529827,613324.2703617719,satisfied,satisfied,violated,satisfied,satisfied,satisfied,violated,False
20260830-stress-fence:c1068,arm-grid-R-I,14.5,21500000.0,0.36,False,1.3,0.85,0.07,327.6124015780668,321.1582537899163,3.131234717504045,3137.545253108525,485.2362368816236,0.017946553046936896,11.0051500223914,30.447581728616203,1109646259.4727259,18916451772.230686,7518841090.909092,8828221028.973106,7464409090.909092,54432000.0,18916451772.230686,117473314.80529827,613324.2703617719,satisfied,satisfied,violated,satisfied,satisfied,satisfied,violated,False
20260830-stress-fence:c1069,arm-grid-R-I,14.5,22000000.0,0.36,False,1.3,0.85,0.07,332.11794619307375,325.56645287879616,3.131234717504045,3137.545253108525,485.2362368816236,0.017140070549476402,11.261083743842363,31.155665024630537,1161857846.5869105,19201761624.23068,7692432000.0,9033528494.763178,7638000000.0,54432000.0,19201761624.23068,117473314.80529827,613324.2703617719,satisfied,satisfied,violated,satisfied,satisfied,satisfied,violated,False
20260830-stress-fence:c1070,arm-grid-R-I,14.5,22500000.0,0.36,False,1.3,0.85,0.07,336.6234908080806,329.9746519676762,3.131234717504045,3137.545253108525,485.2362368816236,0.01638675386853645,11.517017465293327,31.86374832064487,1215269700.071536,19487071476.23068,7866022909.090908,9238835960.553251,7811590909.090908,54432000.0,19487071476.23068,117473314.80529827,613324.2703617719,satisfied,satisfied,violated,satisfied,satisfied,satisfied,violated,False
20260830-stress-fence:c1071,arm-grid-R-I,14.5,23000000.0,0.36,False,1.3,0.85,0.07,341.12903542308777,334.38285105655626,3.131234717504045,3137.545253108525,485.2362368816236,0.01568203052163814,11.77295118674429,32.5718316166592,1269881819.9266028,19772381328.230686,8039613818.181819,9444143426.343323,7985181818.181819,54432000.0,19772381328.230686,117473314.80529827,613324.2703617719,satisfied,satisfied,violated,satisfied,satisfied,satisfied,violated,False
20260830-stress-fence:c1072,arm-grid-R-I,14.5,23500000.0,0.36,False,1.3,0.85,0.07,345.6345800380946,338.7910501454362,3.131234717504045,3137.545253108525,485.2362368816236,0.015021809227608112,12.02888490819525,33.279914912673526,1325694206.15211,20057691180.230682,8213204727.272727,9649450892.133392,8158772727.272727,54432000.0,20057691180.230682,117473314.80529827,613324.2703617719,satisfied,satisfied,violated,satisfied,satisfied,satisfied,violated,False
20260830-stress-fence:c1073,arm-grid-R-I,14.5,24000000.0,0.36,False,1.3,0.85,0.07,350.1401246531016,343.19924923431626,3.131234717504045,3137.545253108525,485.2362368816236,0.014402420392268366,12.284818629646214,33.987998208687856,1382706858.7480588,20343001032.230686,8386795636.363636,9854758357.923466,8332363636.363636,54432000.0,20343001032.230686,117473314.80529827,613324.2703617719,satisfied,satisfied,violated,satisfied,satisfied,satisfied,violated,False
20260830-stress-fence:c1074,arm-grid-R-I,14.5,24500000.0,0.36,False,1.3,0.85,0.07,354.6456692681085,347.60744832319625,3.131234717504045,3137.545253108525,485.2362368816236,0.01382056500782437,12.540752351097177,34.69608150470219,1440919777.7144487,20628310884.230682,8560386545.454545,10060065823.713541,8505954545.454545,54432000.0,20628310884.230682,117473314.80529827,613324.2703617719,satisfied,satisfied,violated,satisfied,satisfied,satisfied,violated,False
20260830-stress-fence:c1075,arm-grid-R-I,14.5,25000000.0,0.36,False,1.3,0.85,0.07,359.1512138831156,352.0156474120762,3.131234717504045,3137.545253108525,485.2362368816236,0.013273270633514522,12.796686072548141,35.40416480071652,1500332963.051279,20913620736.230686,8733977454.545454,10265373289.503613,8679545454.545454,54432000.0,20913620736.230686,117473314.80529827,613324.2703617719,satisfied,satisfied,violated,satisfied,satisfied,satisfied,violated,False
20260830-stress-fence:c1076,arm-grid-R-I,14.5,25500000.0,0.36,False,1.3,0.85,0.07,363.65675849812254,356.42384650095613,3.131234717504045,3137.545253108525,485.2362368816236,0.012757853357857103,13.052619793999101,36.112248096730845,1560946414.7585504,21198930588.230682,8907568363.636362,10470680755.293682,8853136363.636362,54432000.0,21198930588.230682,117473314.80529827,613324.2703617719,satisfied,satisfied,violated,satisfied,satisfied,satisfied,violated,False
20260830-stress-fence:c1077,arm-grid-R-I,14.5,26000000.0,0.36,False,1.3,0.85,0.07,368.16230311312955,360.8320455898363,3.131234717504045,3137.545253108525,485.2362368816236,0.012271884831281922,13.308553515450065,36.82033139274518,1622760132.8362634,21484240440.230686,9081159272.727274,10675988221.083755,9026727272.727274,54432000.0,21484240440.230686,117473314.80529827,613324.2703617719,satisfied,satisfied,violated,satisfied,satisfied,satisfied,violated,False
20260830-stress-fence:c1078,arm-grid-R-I,15.0,2000000.0,0.36,False,1.3,0.85,0.07,150.1381767755321,147.51511559559097,3.1312347175040447,3245.736468732957,501.9685209120244,2.21944552061591,0.9896103896103895,2.7379220779220774,9282059.931410579,8034834331.560903,748795636.3636363,821229863.1602889,694363636.3636363,54432000.0,8034834331.560903,123400746.36622685,634473.3831328674,violated,satisfied,satisfied,satisfied,satisfied,satisfied,satisfied,False
20260830-stress-fence:c1079,arm-grid-R-I,15.0,2500000.0,0.36,False,1.3,0.85,0.07,154.4491920327695,151.7329882731368,3.1312347175040447,3245.736468732957,501.9685209120244,1.420445133194182,1.237012987012987,3.422402597402597,14503218.642829033,8320144183.560904,922386545.4545455,1026537328.9503613,867954545.4545455,54432000.0,8320144183.560904,123400746.36622685,634473.3831328674,violated,satisfied,satisfied,satisfied,satisfied,satisfied,satisfied,False
20260830-stress-fence:c1080,arm-grid-R-I,15.0,3000000.0,0.36,False,1.3,0.85,0.07,158.76020729000692,155.95086095068262,3.1312347175040447,3245.736468732957,501.9685209120244,0.9864202313848487,1.4844155844155844,4.106883116883116,20884634.845673807,8605454035.560904,1095977454.5454545,1231844794.7404337,1041545454.5454545,54432000.0,8605454035.560904,123400746.36622685,634473.3831328674,violated,satisfied,satisfied,satisfied,satisfied,satisfied,satisfied,False
20260830-stress-fence:c1081,arm-grid-R-I,15.0,3500000.0,0.36,False,1.3,0.85,0.07,163.07122254724433,160.1687336282285,3.1312347175040447,3245.736468732957,501.9685209120244,0.7247169046909092,1.7318181818181817,4.791363636363636,28426308.539944902,8890763887.560904,1269568363.6363637,1437152260.5305057,1215136363.6363637,54432000.0,8890763887.560904,123400746.36622685,634473.3831328674,violated,satisfied,satisfied,satisfied,satisfied,satisfied,satisfied,False
20260830-stress-fence:c1082,arm-grid-R-I,15.0,4000000.0,0.36,False,1.3,0.85,0.07,167.38223780448172,164.3866063057743,3.1312347175040447,3245.736468732957,501.9685209120244,0.5548613801539775,1.979220779220779,5.475844155844155,37128239.725642316,9176073739.560904,1443159272.7272725,1642459726.3205779,1388727272.7272725,54432000.0,9176073739.560904,123400746.36622685,634473.3831328674,violated,satisfied,satisfied,satisfied,satisfied,satisfied,satisfied,False
20260830-stress-fence:c1083,arm-grid-R-I,15.0,4500000.0,0.36,False,1.3,0.85,0.07,171.69325306171916,168.60447898332018,3.1312347175040447,3245.736468732957,501.9685209120244,0.4384089917265994,2.2266233766233765,6.1603246753246745,46990428.40276606,9461383591.560904,1616750181.8181815,1847767192.11065,1562318181.8181815,54432000.0,9461383591.560904,123400746.36622685,634473.3831328674,violated,satisfied,satisfied,satisfied,satisfied,satisfied,satisfied,False
20260830-stress-fence:c1084,arm-grid-R-I,15.0,5000000.0,0.36,False,1.3,0.85,0.07,176.00426831895658,172.82235166086605,3.1312347175040447,3245.736468732957,501.9685209120244,0.3551112832985455,2.474025974025974,6.844805194805194,58012874.57131613,9746693443.560905,1790341090.909091,2053074657.9007225,1735909090.909091,54432000.0,9746693443.560905,123400746.36622685,634473.3831328674,violated,satisfied,satisfied,satisfied,satisfied,satisfied,satisfied,False
20260830-stress-fence:c1085,arm-grid-R-I,15.0,5500000.0,0.36,False,1.3,0.85,0.07,180.315283576194,177.04022433841192,3.1312347175040447,3245.736468732957,501.9685209120244,0.2934803994202856,2.721428571428571,7.529285714285713,70195578.23129252,10032003295.560905,1963932000.0,2258382123.6907945,1909500000.0,54432000.0,10032003295.560905,123400746.36622685,634473.3831328674,violated,satisfied,satisfied,satisfied,satisfied,satisfied,satisfied,False
20260830-stress-fence:c1086,arm-grid-R-I,15.0,6000000.0,0.36,False,1.3,0.85,0.07,184.62629883343138,181.25809701595773,3.1312347175040447,3245.736468732957,501.9685209120244,0.24660505784621217,2.968831168831169,8.213766233766233,83538539.38269523,10317313147.560905,2137522909.090909,2463689589.4808674,2083090909.090909,54432000.0,10317313147.560905,123400746.36622685,634473.3831328674,violated,satisfied,satisfied,satisfied,satisfied,satisfied,satisfied,False
20260830-stress-fence:c1087,arm-grid-R-I,15.0,6500000.0,0.36,False,1.3,0.85,0.07,188.93731409066882,185.47596969350357,3.1312347175040447,3245.736468732957,501.9685209120244,0.21012501970328137,3.216233766233766,8.898246753246752,98041758.02552426,10602622999.560905,2311113818.1818185,2668997055.2709394,2256681818.1818185,54432000.0,10602622999.560905,123400746.36622685,634473.3831328674,violated,satisfied,satisfied,satisfied,satisfied,satisfied,satisfied,False
20260830-stress-fence:c1088,arm-grid-R-I,15.0,7000000.0,0.36,False,1.3,0.85,0.07,193.2483293479062,189.69384237104939,3.1312347175040447,3245.736468732957,501.9685209120244,0.1811792261727273,3.4636363636363634,9.582727272727272,113705234.15977961,10887932851.560905,2484704727.2727275,2874304521.0610113,2430272727.2727275,54432000.0,10887932851.560905,123400746.36622685,634473.3831328674,violated,satisfied,satisfied,satisfied,satisfied,satisfied,satisfied,False
20260830-stress-fence:c1089,arm-grid-R-I,15.0,7500000.0,0.36,False,1.3,0.85,0.07,197.55934460514365,193.91171504859523,3.1312347175040447,3245.736468732957,501.9685209120244,0.1578272370215758,3.7110389610389607,10.267207792207792,130528967.78546129,11173242703.560905,2658295636.3636365,3079611986.851083,2603863636.3636365,54432000.0,11173242703.560905,123400746.36622685,634473.3831328674,violated,satisfied,satisfied,satisfied,satisfied,satisfied,satisfied,False
20260830-stress-fence:c1090,arm-grid-R-I,15.0,8000000.0,0.36,False,1.3,0.85,0.07,201.87035986238104,198.1295877261411,3.1312347175040447,3245.736468732957,501.9685209120244,0.13871534503849436,3.958441558441558,10.95168831168831,148512958.90256926,11458552555.560905,2831886545.454545,3284919452.6411557,2777454545.454545,54432000.0,11458552555.560905,123400746.36622685,634473.3831328674,violated,satisfied,satisfied,satisfied,satisfied,satisfied,satisfied,False
20260830-stress-fence:c1091,arm-grid-R-I,15.0,8500000.0,0.36,False,1.3,0.85,0.07,206.18137511961837,202.34746040368688,3.1312347175040447,3245.736468732957,501.9685209120244,0.12287587657389114,4.205844155844156,11.636168831168831,167657207.51110363,11743862407.560902,3005477454.5454545,3490226918.4312286,2951045454.5454545,54432000.0,11743862407.560902,123400746.36622685,634473.3831328674,violated,satisfied,satisfied,satisfied,satisfied,satisfied,satisfied,False
20260830-stress-fence:c1092,arm-grid-R-I,15.0,9000000.0,0.36,False,1.3,0.85,0.07,210.49239037685587,206.56533308123275,3.1312347175040447,3245.736468732957,501.9685209120244,0.10960224793164985,4.453246753246753,12.320649350649349,187961713.61106423,12029172259.560905,3179068363.636363,3695534384.2213,3124636363.636363,54432000.0,12029172259.560905,123400746.36622685,634473.3831328674,violated,satisfied,satisfied,satisfied,satisfied,satisfied,satisfied,False
20260830-stress-fence:c1093,arm-grid-R-I,15.0,9500000.0,0.36,False,1.3,0.85,0.07,214.80340563409325,210.78320575877862,3.1312347175040447,3245.736468732957,501.9685209120244,0.0983687765369932,4.700649350649351,13.00512987012987,209426477.20245123,12314482111.560905,3352659272.727273,3900841850.0113735,3298227272.727273,54432000.0,12314482111.560905,123400746.36622685,634473.3831328674,violated,satisfied,satisfied,satisfied,satisfied,satisfied,satisfied,False
20260830-stress-fence:c1094,arm-grid-R-I,15.0,10000000.0,0.36,False,1.3,0.85,0.07,219.11442089133064,215.00107843632443,3.1312347175040447,3245.736468732957,501.9685209120244,0.08877782082463638,4.948051948051948,13.689610389610388,232051498.28526452,12599791963.560905,3526250181.818182,4106149315.801445,3471818181.818182,54432000.0,12599791963.560905,123400746.36622685,634473.3831328674,violated,satisfied,satisfied,satisfied,satisfied,satisfied,satisfied,False
20260830-stress-fence:c1095,arm-grid-R-I,15.0,10500000.0,0.36,False,1.3,0.85,0.07,223.42543614856802,219.21895111387025,3.1312347175040447,3245.736468732957,501.9685209120244,0.08052410052121213,5.195454545454545,14.374090909090908,255836776.8595041,12885101815.560902,3699841090.9090905,4311456781.591517,3645409090.9090905,54432000.0,12885101815.560902,123400746.36622685,634473.3831328674,violated,satisfied,satisfied,satisfied,satisfied,satisfied,satisfied,False
20260830-stress-fence:c1096,arm-grid-R-I,15.0,11000000.0,0.36,False,1.3,0.85,0.07,227.73645140580547,223.43682379141615,3.1312347175040447,3245.736468732957,501.9685209120244,0.0733700998550714,5.442857142857142,15.058571428571426,280782312.92517006,13170411667.560905,3873432000.0,4516764247.381589,3819000000.0,54432000.0,13170411667.560905,123400746.36622685,634473.3831328674,violated,satisfied,satisfied,satisfied,satisfied,satisfied,satisfied,False
20260830-stress-fence:c1097,arm-grid-R-I,15.0,11500000.0,0.36,False,1.3,0.85,0.07,232.0474666630429,227.65469646896204,3.1312347175040447,3245.736468732957,501.9685209120244,0.06712878701295755,5.690259740259741,15.74305194805195,306888106.4822624,13455721519.560907,4047022909.0909095,4722071713.171661,3992590909.0909095,54432000.0,13455721519.560907,123400746.36622685,634473.3831328674,violated,satisfied,satisfied,satisfied,satisfied,satisfied,satisfied,False
20260830-stress-fence:c1098,arm-grid-R-I,15.0,12000000.0,0.36,False,1.3,0.85,0.07,236.35848192028024,231.87256914650774,3.1312347175040447,3245.736468732957,501.9685209120244,0.06165126446155304,5.937662337662338,16.427532467532465,334154157.5307809,13741031371.560902,4220613818.181818,4927379178.961735,4166181818.181818,54432000.0,13741031371.560902,123400746.36622685,634473.3831328674,violated,satisfied,satisfied,satisfied,satisfied,satisfied,satisfied,False
20260830-stress-fence:c1099,arm-grid-R-I,15.0,12500000.0,0.36,False,1.3,0.85,0.07,240.66949717751768,236.0904418240537,3.1312347175040447,3245.736468732957,501.9685209120244,0.05681780532776727,6.185064935064935,17.11201298701299,362580466.07072586,14026341223.560907,4394204727.272727,5132686644.751806,4339772727.272727,54432000.0,14026341223.560907,123400746.36622685,634473.3831328674,violated,satisfied,satisfied,satisfied,satisfied,satisfied,satisfied,False
20260830-stress-fence:c1100,arm-grid-R-I,15.0,13000000.0,0.36,False,1.3,0.85,0.07,244.98051243475513,240.30831450159954,3.1312347175040447,3245.736468732957,501.9685209120244,0.05253125492582034,6.432467532467532,17.796493506493505,392167032.10209703,14311651075.560907,4567795636.363637,5337994110.541879,4513363636.363637,54432000.0,14311651075.560907,123400746.36622685,634473.3831328674,violated,satisfied,satisfied,satisfied,satisfied,satisfied,satisfied,False
20260830-stress-fence:c1101,arm-grid-R-I,15.0,13500000.0,0.36,False,1.3,0.85,0.07,249.2915276919926,244.52618717914538,3.1312347175040447,3245.736468732957,501.9685209120244,0.04871211019184437,6.67987012987013,18.480974025974024,422913855.62489456,14596960927.560907,4741386545.454545,5543301576.33195,4686954545.454545,54432000.0,14596960927.560907,123400746.36622685,634473.3831328674,satisfied,satisfied,satisfied,satisfied,satisfied,satisfied,satisfied,True
20260830-stress-fence:c1102,arm-grid-R-I,15.0,14000000.0,0.36,False,1.3,0.85,0.07,253.6025429492299,248.74405985669117,3.1312347175040447,3245.736468732957,501.9685209120244,0.045294806543181826,6.927272727272727,19.165454545454544,454820936.63911843,14882270779.560905,4914977454.545455,5748609042.122023,4860545454.545455,54432000.0,14882270779.560905,123400746.36622685,634473.3831328674,satisfied,satisfied,satisfied,satisfied,satisfied,satisfied,satisfied,True
20260830-stress-fence:c1103,arm-grid-R-I,15.0,14500000.0,0.36,False,1.3,0.85,0.07,257.91355820646726,252.96193253423698,3.1312347175040447,3245.736468732957,501.9685209120244,0.04222488505333478,7.1746753246753245,19.849935064935064,487888275.1447687,15167580631.560902,5088568363.636363,5953916507.912094,5034136363.636363,54432000.0,15167580631.560902,123400746.36622685,634473.3831328674,satisfied,satisfied,satisfied,satisfied,satisfied,satisfied,satisfied,True
20260830-stress-fence:c1104,arm-grid-R-I,15.0,15000000.0,0.36,False,1.3,0.85,0.07,262.22457346370476,257.1798052117829,3.1312347175040447,3245.736468732957,501.9685209120244,0.03945680925539395,7.422077922077921,20.534415584415584,522115871.14184517,15452890483.560905,5262159272.727273,6159223973.702166,5207727272.727273,54432000.0,15452890483.560905,123400746.36622685,634473.3831328674,satisfied,satisfied,satisfied,satisfied,satisfied,satisfied,satisfied,True
20260830-stress-fence:c1105,arm-grid-R-I,15.0,15500000.0,0.36,False,1.3,0.85,0.07,266.53558872094214,261.3976778893287,3.1312347175040447,3245.736468732957,501.9685209120244,0.03695226673241889,7.669480519480519,21.218896103896103,557503724.6303481,15738200335.560902,5435750181.818182,6364531439.49224,5381318181.818182,54432000.0,15738200335.560902,123400746.36622685,634473.3831328674,satisfied,satisfied,satisfied,satisfied,satisfied,satisfied,satisfied,True
20260830-stress-fence:c1106,arm-grid-R-I,15.0,16000000.0,0.36,False,1.3,0.85,0.07,270.8466039781795,265.6155505668745,3.1312347175040447,3245.736468732957,501.9685209120244,0.03467883625962359,7.916883116883116,21.90337662337662,594051835.610277,16023510187.560902,5609341090.90909,6569838905.282311,5554909090.90909,54432000.0,16023510187.560902,123400746.36622685,634473.3831328674,satisfied,satisfied,satisfied,satisfied,satisfied,satisfied,satisfied,True
20260830-stress-fence:c1107,arm-grid-R-I,15.0,16500000.0,0.36,False,1.3,0.85,0.07,275.15761923541686,269.8334232444204,3.1312347175040447,3245.736468732957,501.9685209120244,0.03260893326892061,8.164285714285715,22.587857142857143,631760204.0816327,16308820039.560902,5782931999.999999,6775146371.072386,5728499999.999999,54432000.0,16308820039.560902,123400746.36622685,634473.3831328674,satisfied,satisfied,satisfied,satisfied,satisfied,satisfied,satisfied,True
20260830-stress-fence:c1108,arm-grid-R-I,15.0,17000000.0,0.36,False,1.3,0.85,0.07,279.46863449265436,274.05129592196624,3.1312347175040447,3245.736468732957,501.9685209120244,0.030718969143472784,8.411688311688312,23.272337662337662,670628830.0444145,16594129891.560905,5956522909.090909,6980453836.862457,5902090909.090909,54432000.0,16594129891.560905,123400746.36622685,634473.3831328674,satisfied,satisfied,satisfied,satisfied,satisfied,satisfied,satisfied,True
20260830-stress-fence:c1109,arm-grid-R-I,15.0,17500000.0,0.36,False,1.3,0.85,0.07,283.7796497498917,278.26916859951206,3.1312347175040447,3245.736468732957,501.9685209120244,0.028988676187636373,8.659090909090908,23.95681818181818,710657713.4986225,16879439743.560902,6130113818.181818,7185761302.652529,6075681818.181818,54432000.0,16879439743.560902,123400746.36622685,634473.3831328674,satisfied,satisfied,satisfied,satisfied,satisfied,satisfied,satisfied,True
20260830-stress-fence:c1110,arm-grid-R-I,15.0,18000000.0,0.36,False,1.3,0.85,0.07,288.0906650071291,282.48704127705787,3.1312347175040447,3245.736468732957,501.9685209120244,0.027400561982912464,8.906493506493506,24.641298701298698,751846854.4442569,17164749595.5609,6303704727.272726,7391068768.4426,6249272727.272726,54432000.0,17164749595.5609,123400746.36622685,634473.3831328674,satisfied,satisfied,satisfied,satisfied,satisfied,satisfied,satisfied,True
20260830-stress-fence:c1111,arm-grid-R-I,15.0,18500000.0,0.36,False,1.3,0.85,0.07,292.4016802643666,286.7049139546037,3.1312347175040447,3245.736468732957,501.9685209120244,0.025939465544086597,9.153896103896104,25.32577922077922,794196252.8813179,17450059447.5609,6477295636.363637,7596376234.232673,6422863636.363637,54432000.0,17450059447.5609,123400746.36622685,634473.3831328674,satisfied,satisfied,violated,satisfied,satisfied,satisfied,satisfied,False
20260830-stress-fence:c1112,arm-grid-R-I,15.0,19000000.0,0.36,False,1.3,0.85,0.07,296.712695521604,290.9227866321496,3.1312347175040447,3245.736468732957,501.9685209120244,0.0245921941342483,9.401298701298701,26.01025974025974,837705908.8098049,17735369299.560905,6650886545.454546,7801683700.022747,6596454545.454546,54432000.0,17735369299.560905,123400746.36622685,634473.3831328674,satisfied,satisfied,violated,satisfied,satisfied,satisfied,violated,False
20260830-stress-fence:c1113,arm-grid-R-I,15.0,19500000.0,0.36,False,1.3,0.85,0.07,301.02371077884146,295.1406593096955,3.1312347175040447,3245.736468732957,501.9685209120244,0.02334722441147571,9.648701298701297,26.694740259740257,882375822.2297183,18020679151.560905,6824477454.545454,8006991165.812818,6770045454.545454,54432000.0,18020679151.560905,123400746.36622685,634473.3831328674,satisfied,satisfied,violated,satisfied,satisfied,satisfied,violated,False
20260830-stress-fence:c1114,arm-grid-R-I,15.0,20000000.0,0.36,False,1.3,0.85,0.07,305.3347260360787,299.3585319872412,3.1312347175040447,3245.736468732957,501.9685209120244,0.022194455206159095,9.896103896103895,27.379220779220777,928205993.1410581,18305989003.560898,6998068363.636364,8212298631.60289,6943636363.636364,54432000.0,18305989003.560898,123400746.36622685,634473.3831328674,satisfied,satisfied,violated,satisfied,satisfied,satisfied,violated,False
20260830-stress-fence:c1115,arm-grid-R-I,15.0,20500000.0,0.36,False,1.3,0.85,0.07,309.6457412933163,303.5764046647871,3.1312347175040447,3245.736468732957,501.9685209120244,0.02112500198087719,10.143506493506493,28.063701298701297,975196421.5438242,18591298855.560905,7171659272.727274,8417606097.3929615,7117227272.727274,54432000.0,18591298855.560905,123400746.36622685,634473.3831328674,satisfied,satisfied,violated,satisfied,satisfied,satisfied,violated,False
20260830-stress-fence:c1116,arm-grid-R-I,15.0,21000000.0,0.36,False,1.3,0.85,0.07,313.9567565505535,307.79427734233286,3.1312347175040447,3245.736468732957,501.9685209120244,0.020131025130303033,10.39090909090909,28.748181818181816,1023347107.4380164,18876608707.560898,7345250181.818181,8622913563.183035,7290818181.818181,54432000.0,18876608707.560898,123400746.36622685,634473.3831328674,satisfied,satisfied,violated,satisfied,satisfied,satisfied,violated,False
20260830-stress-fence:c1117,arm-grid-R-I,15.0,21500000.0,0.36,False,1.3,0.85,0.07,318.26777180779106,312.01215001987885,3.1312347175040447,3245.736468732957,501.9685209120244,0.019205585900408093,10.638311688311687,29.432662337662332,1072658050.8236351,19161918559.560905,7518841090.909092,8828221028.973106,7464409090.909092,54432000.0,19161918559.560905,123400746.36622685,634473.3831328674,satisfied,satisfied,violated,satisfied,satisfied,satisfied,violated,False
20260830-stress-fence:c1118,arm-grid-R-I,15.0,22000000.0,0.36,False,1.3,0.85,0.07,322.5787870650285,316.23002269742466,3.1312347175040447,3245.736468732957,501.9685209120244,0.01834252496376785,10.885714285714284,30.117142857142852,1123129251.7006803,19447228411.560905,7692432000.0,9033528494.763178,7638000000.0,54432000.0,19447228411.560905,123400746.36622685,634473.3831328674,satisfied,satisfied,violated,satisfied,satisfied,satisfied,violated,False
20260830-stress-fence:c1119,arm-grid-R-I,15.0,22500000.0,0.36,False,1.3,0.85,0.07,326.8898023222659,320.4478953749705,3.1312347175040447,3245.736468732957,501.9685209120244,0.017536359669063972,11.133116883116884,30.80162337662338,1174760710.0691519,19732538263.560905,7866022909.090908,9238835960.553251,7811590909.090908,54432000.0,19732538263.560905,123400746.36622685,634473.3831328674,satisfied,satisfied,violated,satisfied,satisfied,satisfied,violated,False
20260830-stress-fence:c1120,arm-grid-R-I,15.0,23000000.0,0.36,False,1.3,0.85,0.07,331.2008175795032,324.6657680525162,3.1312347175040447,3245.736468732957,501.9685209120244,0.016782196753239387,11.380519480519482,31.4861038961039,1227552425.9290495,20017848115.560898,8039613818.181819,9444143426.343323,7985181818.181819,54432000.0,20017848115.560898,123400746.36622685,634473.3831328674,satisfied,satisfied,violated,satisfied,satisfied,satisfied,violated,False
20260830-stress-fence:c1121,arm-grid-R-I,15.0,23500000.0,0.36,False,1.3,0.85,0.07,335.51183283674055,328.8836407300621,3.1312347175040447,3245.736468732957,501.9685209120244,0.016075657913017002,11.627922077922076,32.17058441558441,1281504399.2803729,20303157967.560898,8213204727.272727,9649450892.133394,8158772727.272727,54432000.0,20303157967.560898,123400746.36622685,634473.3831328674,satisfied,satisfied,violated,satisfied,satisfied,satisfied,violated,False
20260830-stress-fence:c1122,arm-grid-R-I,15.0,24000000.0,0.36,False,1.3,0.85,0.07,339.82284809397805,333.1015134076079,3.1312347175040447,3245.736468732957,501.9685209120244,0.01541281611538826,11.875324675324675,32.85506493506493,1336616630.1231236,20588467819.560898,8386795636.363636,9854758357.92347,8332363636.363636,54432000.0,20588467819.560898,123400746.36622685,634473.3831328674,satisfied,satisfied,violated,satisfied,satisfied,satisfied,violated,False
20260830-stress-fence:c1123,arm-grid-R-I,15.0,24500000.0,0.36,False,1.3,0.85,0.07,344.13386335121544,337.31938608515384,3.1312347175040447,3245.736468732957,501.9685209120244,0.01479014091205937,12.122727272727273,33.539545454545454,1392889118.4573004,20873777671.560898,8560386545.454545,10060065823.713541,8505954545.454545,54432000.0,20873777671.560898,123400746.36622685,634473.3831328674,satisfied,satisfied,violated,satisfied,satisfied,satisfied,violated,False
20260830-stress-fence:c1124,arm-grid-R-I,15.0,25000000.0,0.36,False,1.3,0.85,0.07,348.44487860845294,341.53725876269976,3.1312347175040447,3245.736468732957,501.9685209120244,0.014204451331941818,12.37012987012987,34.22402597402598,1450321864.2829034,21159087523.560905,8733977454.545454,10265373289.503613,8679545454.545454,54432000.0,21159087523.560905,123400746.36622685,634473.3831328674,satisfied,satisfied,violated,satisfied,satisfied,satisfied,violated,False
20260830-stress-fence:c1125,arm-grid-R-I,15.0,25500000.0,0.36,False,1.3,0.85,0.07,352.75589386569027,345.75513144024546,3.1312347175040447,3245.736468732957,501.9685209120244,0.013652875174876799,12.617532467532467,34.90850649350649,1508914867.5999327,21444397375.560898,8907568363.636362,10470680755.293682,8853136363.636362,54432000.0,21444397375.560898,123400746.36622685,634473.3831328674,satisfied,satisfied,violated,satisfied,satisfied,satisfied,violated,False
20260830-stress-fence:c1126,arm-grid-R-I,15.0,26000000.0,0.36,False,1.3,0.85,0.07,357.06690912292777,349.97300411779145,3.1312347175040447,3245.736468732957,501.9685209120244,0.013132813731455086,12.864935064935064,35.59298701298701,1568668128.4083881,21729707227.560905,9081159272.727274,10675988221.083757,9026727272.727274,54432000.0,21729707227.560905,123400746.36622685,634473.3831328674,satisfied,satisfied,violated,satisfied,satisfied,satisfied,violated,False
20260830-stress-fence:c1127,arm-grid-R-I,15.5,2000000.0,0.36,False,1.3,0.85,0.07,148.57364326879627,145.98151263119064,3.1312347175040447,3353.9276843573884,518.7008049424252,2.3698746059021,0.9576874738165059,2.649602010892333,8982638.643300561,8282907098.457251,748795636.3636363,821229863.1602889,694363636.3636363,54432000.0,8282907098.457251,129438142.51323774,655622.495903963,violated,satisfied,satisfied,satisfied,satisfied,satisfied,satisfied,False
20260830-stress-fence:c1128,arm-grid-R-I,15.5,2500000.0,0.36,False,1.3,0.85,0.07,152.70623175356533,150.02481357478734,3.1312347175040447,3353.9276843573884,518.7008049424252,1.5167197477773435,1.1971093422706325,3.3120025136154165,14035372.880157128,8568216950.457252,922386545.4545455,1026537328.9503613,867954545.4545455,54432000.0,8568216950.457252,129438142.51323774,655622.495903963,violated,satisfied,satisfied,satisfied,satisfied,satisfied,satisfied,False
20260830-stress-fence:c1129,arm-grid-R-I,15.5,3000000.0,0.36,False,1.3,0.85,0.07,156.83882023833434,154.06811451838405,3.1312347175040447,3353.9276843573884,518.7008049424252,1.053277602623155,1.436531210724759,3.9744030163384996,20210936.947426263,8853526802.45725,1095977454.5454545,1231844794.7404332,1041545454.5454545,54432000.0,8853526802.45725,129438142.51323774,655622.495903963,violated,satisfied,satisfied,satisfied,satisfied,satisfied,satisfied,False
20260830-stress-fence:c1130,arm-grid-R-I,15.5,3500000.0,0.36,False,1.3,0.85,0.07,160.97140872310337,158.1114154619808,3.1312347175040447,3353.9276843573884,518.7008049424252,0.7738366060088486,1.6759530791788855,4.636803519061583,27509330.845107965,9138836654.457253,1269568363.6363637,1437152260.5305057,1215136363.6363637,54432000.0,9138836654.457253,129438142.51323774,655622.495903963,violated,satisfied,satisfied,satisfied,satisfied,satisfied,satisfied,False
20260830-stress-fence:c1131,arm-grid-R-I,15.5,4000000.0,0.36,False,1.3,0.85,0.07,165.10399720787237,162.15471640557746,3.1312347175040447,3353.9276843573884,518.7008049424252,0.592468651475525,1.9153749476330117,5.299204021784666,35930554.573202245,9424146506.45725,1443159272.7272725,1642459726.3205779,1388727272.7272725,54432000.0,9424146506.45725,129438142.51323774,655622.495903963,violated,satisfied,satisfied,satisfied,satisfied,satisfied,satisfied,False
20260830-stress-fence:c1132,arm-grid-R-I,15.5,4500000.0,0.36,False,1.3,0.85,0.07,169.2365856926414,166.1980173491742,3.1312347175040447,3353.9276843573884,518.7008049424252,0.46812337894362455,2.1547968160871385,5.96160452450775,45474608.1317091,9709456358.45725,1616750181.8181815,1847767192.11065,1562318181.8181815,54432000.0,9709456358.45725,129438142.51323774,655622.495903963,violated,satisfied,satisfied,satisfied,satisfied,satisfied,satisfied,False
20260830-stress-fence:c1133,arm-grid-R-I,15.5,5000000.0,0.36,False,1.3,0.85,0.07,173.36917417741046,170.2413182927709,3.1312347175040447,3353.9276843573884,518.7008049424252,0.3791799369443359,2.394218684541265,6.624005027230833,56141491.52062851,9994766210.457253,1790341090.909091,2053074657.9007225,1735909090.909091,54432000.0,9994766210.457253,129438142.51323774,655622.495903963,violated,satisfied,satisfied,satisfied,satisfied,satisfied,satisfied,False
20260830-stress-fence:c1134,arm-grid-R-I,15.5,5500000.0,0.36,False,1.3,0.85,0.07,177.5017626621794,174.2846192363676,3.1312347175040447,3353.9276843573884,518.7008049424252,0.31337184871432716,2.6336405529953915,7.2864055299539165,67931204.7399605,10280076062.457249,1963932000.0,2258382123.6907945,1909500000.0,54432000.0,10280076062.457249,129438142.51323774,655622.495903963,violated,satisfied,satisfied,satisfied,satisfied,satisfied,satisfied,False
20260830-stress-fence:c1135,arm-grid-R-I,15.5,6000000.0,0.36,False,1.3,0.85,0.07,181.63435114694846,178.32792017996434,3.1312347175040447,3353.9276843573884,518.7008049424252,0.26331940065578874,2.873062421449518,7.948806032676999,80843747.78970505,10565385914.45725,2137522909.090909,2463689589.4808664,2083090909.090909,54432000.0,10565385914.45725,129438142.51323774,655622.495903963,violated,satisfied,satisfied,satisfied,satisfied,satisfied,satisfied,False
20260830-stress-fence:c1136,arm-grid-R-I,15.5,6500000.0,0.36,False,1.3,0.85,0.07,185.76693963171755,182.37122112356107,3.1312347175040447,3353.9276843573884,518.7008049424252,0.22436682659428156,3.1124842899036445,8.611206535400083,94879120.66986218,10850695766.457253,2311113818.1818185,2668997055.270939,2256681818.1818185,54432000.0,10850695766.457253,129438142.51323774,655622.495903963,violated,satisfied,satisfied,satisfied,satisfied,satisfied,satisfied,False
20260830-stress-fence:c1137,arm-grid-R-I,15.5,7000000.0,0.36,False,1.3,0.85,0.07,189.89952811648652,186.41452206715778,3.1312347175040447,3353.9276843573884,518.7008049424252,0.19345915150221216,3.351906158357771,9.273607038123165,110037323.38043186,11136005618.457253,2484704727.2727275,2874304521.0610113,2430272727.2727275,54432000.0,11136005618.457253,129438142.51323774,655622.495903963,violated,satisfied,satisfied,satisfied,satisfied,satisfied,satisfied,False
20260830-stress-fence:c1138,arm-grid-R-I,15.5,7500000.0,0.36,False,1.3,0.85,0.07,194.03211660125558,190.45782301075448,3.1312347175040447,3353.9276843573884,518.7008049424252,0.1685244164197048,3.5913280268118974,9.93600754084625,126318355.92141415,11421315470.457253,2658295636.3636365,3079611986.851083,2603863636.3636365,54432000.0,11421315470.457253,129438142.51323774,655622.495903963,violated,satisfied,satisfied,satisfied,satisfied,satisfied,satisfied,False
20260830-stress-fence:c1139,arm-grid-R-I,15.5,8000000.0,0.36,False,1.3,0.85,0.07,198.16470508602458,194.5011239543512,3.1312347175040447,3353.9276843573884,518.7008049424252,0.14811716286888124,3.8307498952660235,10.598408043569332,143722218.29280898,11706625322.45725,2831886545.454545,3284919452.6411557,2777454545.454545,54432000.0,11706625322.45725,129438142.51323774,655622.495903963,violated,satisfied,satisfied,satisfied,satisfied,satisfied,satisfied,False
20260830-stress-fence:c1140,arm-grid-R-I,15.5,8500000.0,0.36,False,1.3,0.85,0.07,202.29729357079364,198.54442489794792,3.1312347175040447,3353.9276843573884,518.7008049424252,0.13120413043056606,4.07017176372015,11.260808546292417,162248910.49461642,11991935174.457253,3005477454.5454545,3490226918.431228,2951045454.5454545,54432000.0,11991935174.457253,129438142.51323774,655622.495903963,violated,satisfied,satisfied,satisfied,satisfied,satisfied,satisfied,False
20260830-stress-fence:c1141,arm-grid-R-I,15.5,9000000.0,0.36,False,1.3,0.85,0.07,206.42988205556267,202.58772584154462,3.1312347175040447,3353.9276843573884,518.7008049424252,0.11703084473590614,4.309593632174277,11.9232090490155,181898432.5268364,12277245026.457253,3179068363.636363,3695534384.2213,3124636363.636363,54432000.0,12277245026.457253,129438142.51323774,655622.495903963,violated,satisfied,satisfied,satisfied,satisfied,satisfied,satisfied,False
20260830-stress-fence:c1142,arm-grid-R-I,15.5,9500000.0,0.36,False,1.3,0.85,0.07,210.5624705403317,206.63102678514136,3.1312347175040447,3353.9276843573884,518.7008049424252,0.10503599361338943,4.549015500628403,12.585609551738582,202670784.3894689,12562554878.457253,3352659272.727273,3900841850.011372,3298227272.727273,54432000.0,12562554878.457253,129438142.51323774,655622.495903963,violated,satisfied,satisfied,satisfied,satisfied,satisfied,satisfied,False
20260830-stress-fence:c1143,arm-grid-R-I,15.5,10000000.0,0.36,False,1.3,0.85,0.07,214.69505902510073,210.6743277287381,3.1312347175040447,3353.9276843573884,518.7008049424252,0.09479498423608397,4.78843736908253,13.248010054461666,224565966.08251405,12847864730.457254,3526250181.818182,4106149315.801445,3471818181.818182,54432000.0,12847864730.457254,129438142.51323774,655622.495903963,violated,satisfied,satisfied,satisfied,satisfied,satisfied,satisfied,False
20260830-stress-fence:c1144,arm-grid-R-I,15.5,10500000.0,0.36,False,1.3,0.85,0.07,218.8276475098697,214.71762867233474,3.1312347175040447,3353.9276843573884,518.7008049424252,0.08598184511209431,5.027859237536656,13.910410557184749,247583977.6059717,13133174582.45725,3699841090.9090905,4311456781.591517,3645409090.9090905,54432000.0,13133174582.45725,129438142.51323774,655622.495903963,violated,satisfied,satisfied,satisfied,satisfied,satisfied,satisfied,False
20260830-stress-fence:c1145,arm-grid-R-I,15.5,11000000.0,0.36,False,1.3,0.85,0.07,222.96023599463877,218.76092961593147,3.1312347175040447,3353.9276843573884,518.7008049424252,0.07834296217858179,5.267281105990783,14.572811059907833,271724818.959842,13418484434.457253,3873432000.0,4516764247.381589,3819000000.0,54432000.0,13418484434.457253,129438142.51323774,655622.495903963,violated,satisfied,satisfied,satisfied,satisfied,satisfied,satisfied,False
20260830-stress-fence:c1146,arm-grid-R-I,15.5,11500000.0,0.36,False,1.3,0.85,0.07,227.09282447940777,222.80423055952818,3.1312347175040447,3353.9276843573884,518.7008049424252,0.07167862702161355,5.50670297444491,15.235211562630917,296988490.14412487,13703794286.457253,4047022909.0909095,4722071713.171661,3992590909.0909095,54432000.0,13703794286.457253,129438142.51323774,655622.495903963,violated,satisfied,satisfied,satisfied,satisfied,satisfied,satisfied,False
20260830-stress-fence:c1147,arm-grid-R-I,15.5,12000000.0,0.36,False,1.3,0.85,0.07,231.2254129641768,226.84753150312488,3.1312347175040447,3353.9276843573884,518.7008049424252,0.06582985016394718,5.746124842899036,15.897612065353998,323374991.1588202,13989104138.457253,4220613818.181818,4927379178.961733,4166181818.181818,54432000.0,13989104138.457253,129438142.51323774,655622.495903963,violated,satisfied,satisfied,satisfied,satisfied,satisfied,satisfied,False
20260830-stress-fence:c1148,arm-grid-R-I,15.5,12500000.0,0.36,False,1.3,0.85,0.07,235.35800144894583,230.89083244672165,3.1312347175040447,3353.9276843573884,518.7008049424252,0.060668789911093736,5.985546711353162,16.56001256807708,350884322.0039282,14274413990.457253,4394204727.272727,5132686644.751806,4339772727.272727,54432000.0,14274413990.457253,129438142.51323774,655622.495903963,violated,satisfied,satisfied,satisfied,satisfied,satisfied,satisfied,False
20260830-stress-fence:c1149,arm-grid-R-I,15.5,13000000.0,0.36,False,1.3,0.85,0.07,239.49058993371486,234.93413339031838,3.1312347175040447,3353.9276843573884,518.7008049424252,0.05609170664857039,6.224968579807289,17.222413070800165,379516482.6794487,14559723842.457254,4567795636.363637,5337994110.541878,4513363636.363637,54432000.0,14559723842.457254,129438142.51323774,655622.495903963,violated,satisfied,satisfied,satisfied,satisfied,satisfied,satisfied,False
20260830-stress-fence:c1150,arm-grid-R-I,15.5,13500000.0,0.36,False,1.3,0.85,0.07,243.62317841848386,238.97743433391503,3.1312347175040447,3353.9276843573884,518.7008049424252,0.05201370877151383,6.464390448261415,17.88481357352325,409271473.1853819,14845033694.45725,4741386545.454545,5543301576.33195,4686954545.454545,54432000.0,14845033694.45725,129438142.51323774,655622.495903963,violated,satisfied,satisfied,satisfied,satisfied,satisfied,satisfied,False
20260830-stress-fence:c1151,arm-grid-R-I,15.5,14000000.0,0.36,False,1.3,0.85,0.07,247.7557669032529,243.02073527751176,3.1312347175040447,3353.9276843573884,518.7008049424252,0.04836478787555304,6.703812316715542,18.54721407624633,440149293.52172744,15130343546.457253,4914977454.545455,5748609042.122023,4860545454.545455,54432000.0,15130343546.457253,129438142.51323774,655622.495903963,satisfied,satisfied,satisfied,satisfied,satisfied,satisfied,satisfied,True
20260830-stress-fence:c1152,arm-grid-R-I,15.5,14500000.0,0.36,False,1.3,0.85,0.07,251.88835538802192,247.06403622110852,3.1312347175040447,3353.9276843573884,518.7008049424252,0.04508679392917192,6.943234185169668,19.209614578969415,472149943.6884858,15415653398.457253,5088568363.636363,5953916507.912094,5034136363.636363,54432000.0,15415653398.457253,129438142.51323774,655622.495903963,satisfied,satisfied,satisfied,satisfied,satisfied,satisfied,satisfied,True
20260830-stress-fence:c1153,arm-grid-R-I,15.5,15000000.0,0.36,False,1.3,0.85,0.07,256.020943872791,251.10733716470523,3.1312347175040447,3353.9276843573884,518.7008049424252,0.0421311041049262,7.182656053623795,19.8720150816925,505273423.6856566,15700963250.457254,5262159272.727273,6159223973.702166,5207727272.727273,54432000.0,15700963250.457254,129438142.51323774,655622.495903963,satisfied,satisfied,satisfied,satisfied,satisfied,satisfied,satisfied,True
20260830-stress-fence:c1154,arm-grid-R-I,15.5,15500000.0,0.36,False,1.3,0.85,0.07,260.15353235756004,255.15063810830193,3.1312347175040447,3353.9276843573884,518.7008049424252,0.03945680925539395,7.422077922077921,20.534415584415584,539519733.5132401,15986273102.457254,5435750181.818182,6364531439.492238,5381318181.818182,54432000.0,15986273102.457254,129438142.51323774,655622.495903963,satisfied,satisfied,satisfied,satisfied,satisfied,satisfied,satisfied,True
20260830-stress-fence:c1155,arm-grid-R-I,15.5,16000000.0,0.36,False,1.3,0.85,0.07,264.28612084232896,259.1939390518986,3.1312347175040447,3353.9276843573884,518.7008049424252,0.03702929071722031,7.661499790532047,21.196816087138664,574888873.1712359,16271582954.45725,5609341090.90909,6569838905.282311,5554909090.90909,54432000.0,16271582954.45725,129438142.51323774,655622.495903963,satisfied,satisfied,satisfied,satisfied,satisfied,satisfied,satisfied,True
20260830-stress-fence:c1156,arm-grid-R-I,15.5,16500000.0,0.36,False,1.3,0.85,0.07,268.418709327098,263.2372399954953,3.1312347175040447,3353.9276843573884,518.7008049424252,0.034819094301591906,7.900921658986174,21.85921658986175,611380842.6596445,16556892806.45725,5782931999.999999,6775146371.072383,5728499999.999999,54432000.0,16556892806.45725,129438142.51323774,655622.495903963,satisfied,satisfied,satisfied,satisfied,satisfied,satisfied,satisfied,True
20260830-stress-fence:c1157,arm-grid-R-I,15.5,17000000.0,0.36,False,1.3,0.85,0.07,272.551297811867,267.280540939092,3.1312347175040447,3353.9276843573884,518.7008049424252,0.032801032607641514,8.1403435274403,22.521617092584833,648995641.9784657,16842202658.457253,5956522909.090909,6980453836.862456,5902090909.090909,54432000.0,16842202658.457253,129438142.51323774,655622.495903963,satisfied,satisfied,satisfied,satisfied,satisfied,satisfied,satisfied,True
20260830-stress-fence:c1158,arm-grid-R-I,15.5,17500000.0,0.36,False,1.3,0.85,0.07,276.68388629663605,271.3238418826888,3.1312347175040447,3353.9276843573884,518.7008049424252,0.03095346424035395,8.379765395894427,23.184017595307914,687733271.1276991,17127512510.457253,6130113818.181818,7185761302.652529,6075681818.181818,54432000.0,17127512510.457253,129438142.51323774,655622.495903963,satisfied,satisfied,satisfied,satisfied,satisfied,satisfied,satisfied,True
20260830-stress-fence:c1159,arm-grid-R-I,15.5,18000000.0,0.36,False,1.3,0.85,0.07,280.8164747814051,275.36714282628543,3.1312347175040447,3353.9276843573884,518.7008049424252,0.029257711183976534,8.619187264348554,23.846418098031,727593730.1073456,17412822362.45725,6303704727.272726,7391068768.4426,6249272727.272726,54432000.0,17412822362.45725,129438142.51323774,655622.495903963,satisfied,satisfied,satisfied,satisfied,satisfied,satisfied,satisfied,True
20260830-stress-fence:c1160,arm-grid-R-I,15.5,18500000.0,0.36,False,1.3,0.85,0.07,284.94906326617416,279.4104437698822,3.1312347175040447,3353.9276843573884,518.7008049424252,0.027697584875408025,8.85860913280268,24.508818600754083,768577018.9174043,17698132214.457253,6477295636.363637,7596376234.232673,6422863636.363637,54432000.0,17698132214.457253,129438142.51323774,655622.495903963,satisfied,satisfied,satisfied,satisfied,satisfied,satisfied,satisfied,True
20260830-stress-fence:c1161,arm-grid-R-I,15.5,19000000.0,0.36,False,1.3,0.85,0.07,289.0816517509431,283.45374471347884,3.1312347175040447,3353.9276843573884,518.7008049424252,0.026258998403347358,9.098031001256807,25.171219103477164,810683137.5578756,17983442066.45725,6650886545.454546,7801683700.022744,6596454545.454546,54432000.0,17983442066.45725,129438142.51323774,655622.495903963,satisfied,satisfied,violated,satisfied,satisfied,satisfied,violated,False
20260830-stress-fence:c1162,arm-grid-R-I,15.5,19500000.0,0.36,False,1.3,0.85,0.07,293.2142402357121,287.49704565707555,3.1312347175040447,3353.9276843573884,518.7008049424252,0.02492964739936462,9.337452869710933,25.833619606200248,853912086.0287597,18268751918.45725,6824477454.545454,8006991165.812819,6770045454.545454,54432000.0,18268751918.45725,129438142.51323774,655622.495903963,satisfied,satisfied,violated,satisfied,satisfied,satisfied,violated,False
20260830-stress-fence:c1163,arm-grid-R-I,15.5,20000000.0,0.36,False,1.3,0.85,0.07,297.3468287204812,291.5403466006723,3.1312347175040447,3353.9276843573884,518.7008049424252,0.023698746059020993,9.57687473816506,26.496020108923332,898263864.3300562,18554061770.457253,6998068363.636364,8212298631.60289,6943636363.636364,54432000.0,18554061770.457253,129438142.51323774,655622.495903963,satisfied,satisfied,violated,satisfied,satisfied,satisfied,violated,False
20260830-stress-fence:c1164,arm-grid-R-I,15.5,20500000.0,0.36,False,1.3,0.85,0.07,301.4794172052503,295.5836475442691,3.1312347175040447,3353.9276843573884,518.7008049424252,0.022556807670692198,9.816296606619186,27.158420611646417,943738472.4617654,18839371622.457256,7171659272.727274,8417606097.3929615,7117227272.727274,54432000.0,18839371622.457256,129438142.51323774,655622.495903963,satisfied,satisfied,violated,satisfied,satisfied,satisfied,violated,False
20260830-stress-fence:c1165,arm-grid-R-I,15.5,21000000.0,0.36,False,1.3,0.85,0.07,305.6120056900193,299.6269484878658,3.1312347175040447,3353.9276843573884,518.7008049424252,0.021495461278023577,10.055718475073313,27.820821114369497,990335910.4238868,19124681474.457253,7345250181.818181,8622913563.183035,7290818181.818181,54432000.0,19124681474.457253,129438142.51323774,655622.495903963,satisfied,satisfied,violated,satisfied,satisfied,satisfied,violated,False
20260830-stress-fence:c1166,arm-grid-R-I,15.5,21500000.0,0.36,False,1.3,0.85,0.07,309.74459417478835,303.67024943146254,3.1312347175040447,3353.9276843573884,518.7008049424252,0.02050729783365797,10.29514034352744,28.483221617092582,1038056178.2164211,19409991326.457256,7518841090.909092,8828221028.973106,7464409090.909092,54432000.0,19409991326.457256,129438142.51323774,655622.495903963,satisfied,satisfied,violated,satisfied,satisfied,satisfied,violated,False
20260830-stress-fence:c1167,arm-grid-R-I,15.5,22000000.0,0.36,False,1.3,0.85,0.07,313.8771826595574,307.7135503750592,3.1312347175040447,3353.9276843573884,518.7008049424252,0.019585740544645448,10.534562211981566,29.145622119815666,1086899275.839368,19695301178.457253,7692432000.0,9033528494.763178,7638000000.0,54432000.0,19695301178.457253,129438142.51323774,655622.495903963,satisfied,satisfied,violated,satisfied,satisfied,satisfied,violated,False
20260830-stress-fence:c1168,arm-grid-R-I,15.5,22500000.0,0.36,False,1.3,0.85,0.07,318.00977114432635,311.75685131865595,3.1312347175040447,3353.9276843573884,518.7008049424252,0.01872493515774498,10.773984080435692,29.808022622538747,1136865203.2927272,19980611030.457253,7866022909.090908,9238835960.55325,7811590909.090908,54432000.0,19980611030.457253,129438142.51323774,655622.495903963,satisfied,satisfied,violated,satisfied,satisfied,satisfied,violated,False
20260830-stress-fence:c1169,arm-grid-R-I,15.5,23000000.0,0.36,False,1.3,0.85,0.07,322.14235962909544,315.8001522622527,3.1312347175040447,3353.9276843573884,518.7008049424252,0.017919656755403388,11.01340594888982,30.470423125261835,1187953960.5764995,20265920882.457256,8039613818.181819,9444143426.343323,7985181818.181819,54432000.0,20265920882.457256,129438142.51323774,655622.495903963,satisfied,satisfied,violated,satisfied,satisfied,satisfied,violated,False
20260830-stress-fence:c1170,arm-grid-R-I,15.5,23500000.0,0.36,False,1.3,0.85,0.07,326.27494811386447,319.8434532058494,3.1312347175040447,3353.9276843573884,518.7008049424252,0.01716523028267704,11.252827817343945,31.132823627984916,1240165547.6906838,20551230734.457256,8213204727.272727,9649450892.133396,8158772727.272727,54432000.0,20551230734.457256,129438142.51323774,655622.495903963,satisfied,satisfied,violated,satisfied,satisfied,satisfied,violated,False
20260830-stress-fence:c1171,arm-grid-R-I,15.5,24000000.0,0.36,False,1.3,0.85,0.07,330.4075365986335,323.8867541494462,3.1312347175040447,3353.9276843573884,518.7008049424252,0.016457462540986796,11.492249685798072,31.795224130707997,1293499964.6352808,20836540586.457256,8386795636.363636,9854758357.923466,8332363636.363636,54432000.0,20836540586.457256,129438142.51323774,655622.495903963,satisfied,satisfied,violated,satisfied,satisfied,satisfied,violated,False
20260830-stress-fence:c1172,arm-grid-R-I,15.5,24500000.0,0.36,False,1.3,0.85,0.07,334.5401250834024,327.9300550930427,3.1312347175040447,3353.9276843573884,518.7008049424252,0.015792583796098953,11.731671554252198,32.45762463343108,1347957211.4102905,21121850438.45725,8560386545.454545,10060065823.713541,8505954545.454545,54432000.0,21121850438.45725,129438142.51323774,655622.495903963,satisfied,satisfied,violated,satisfied,satisfied,satisfied,violated,False
20260830-stress-fence:c1173,arm-grid-R-I,15.5,25000000.0,0.36,False,1.3,0.85,0.07,338.6727135681715,331.97335603663953,3.1312347175040447,3353.9276843573884,518.7008049424252,0.015167197477773434,11.971093422706325,33.12002513615416,1403537288.0157127,21407160290.457253,8733977454.545454,10265373289.503613,8679545454.545454,54432000.0,21407160290.457253,129438142.51323774,655622.495903963,satisfied,satisfied,violated,satisfied,satisfied,satisfied,violated,False
20260830-stress-fence:c1174,arm-grid-R-I,15.5,25500000.0,0.36,False,1.3,0.85,0.07,342.8053020529405,336.0166569802362,3.1312347175040447,3353.9276843573884,518.7008049424252,0.014578236714507344,12.21051529116045,33.78242563887724,1460240194.4515474,21692470142.457253,8907568363.636362,10470680755.293682,8853136363.636362,54432000.0,21692470142.457253,129438142.51323774,655622.495903963,satisfied,satisfied,violated,satisfied,satisfied,satisfied,violated,False
20260830-stress-fence:c1175,arm-grid-R-I,15.5,26000000.0,0.36,False,1.3,0.85,0.07,346.9378905377096,340.059957923833,3.1312347175040447,3353.9276843573884,518.7008049424252,0.014022926662142597,12.449937159614578,34.44482614160033,1518065930.717795,21977779994.457256,9081159272.727274,10675988221.083755,9026727272.727274,54432000.0,21977779994.457256,129438142.51323774,655622.495903963,satisfied,satisfied,violated,satisfied,satisfied,satisfied,violated,False
20260830-stress-fence:c1176,arm-grid-R-I,16.0,2000000.0,0.36,False,1.3,0.85,0.07,147.1792878912437,144.61485313928145,3.1312347175040456,3462.118899981821,535.4330889728261,2.5252357923452133,0.9277597402597401,2.5668019480519475,8701931.185697418,8533562367.549488,748795636.3636363,821229863.1602889,694363636.3636363,54432000.0,8533562367.549488,135584210.42465922,676771.6086750587,violated,satisfied,satisfied,satisfied,satisfied,satisfied,satisfied,False
20260830-stress-fence:c1177,arm-grid-R-I,16.0,2500000.0,0.36,False,1.3,0.85,0.07,151.14763226273578,148.4974585815863,3.1312347175040456,3462.118899981821,535.4330889728261,1.6161509071009363,1.159699675324675,3.2085024350649345,13596767.477652216,8818872219.549488,922386545.4545455,1026537328.9503609,867954545.4545455,54432000.0,8818872219.549488,135584210.42465922,676771.6086750587,violated,satisfied,satisfied,satisfied,satisfied,satisfied,satisfied,False
20260830-stress-fence:c1178,arm-grid-R-I,16.0,3000000.0,0.36,False,1.3,0.85,0.07,155.11597663422782,152.38006402389115,3.1312347175040456,3462.118899981821,535.4330889728261,1.1223270188200947,1.3916396103896103,3.8502029220779215,19579345.16781919,9104182071.549486,1095977454.5454545,1231844794.7404332,1041545454.5454545,54432000.0,9104182071.549486,135584210.42465922,676771.6086750587,violated,satisfied,satisfied,satisfied,satisfied,satisfied,satisfied,False
20260830-stress-fence:c1179,arm-grid-R-I,16.0,3500000.0,0.36,False,1.3,0.85,0.07,159.0843210057199,156.262669466196,3.1312347175040456,3462.118899981821,535.4330889728261,0.8245667893372125,1.6235795454545452,4.4919034090909085,26649664.256198347,9389491923.549488,1269568363.6363637,1437152260.5305057,1215136363.6363637,54432000.0,9389491923.549488,135584210.42465922,676771.6086750587,violated,satisfied,satisfied,satisfied,satisfied,satisfied,satisfied,False
20260830-stress-fence:c1180,arm-grid-R-I,16.0,4000000.0,0.36,False,1.3,0.85,0.07,163.05266537721195,160.14527490850088,3.1312347175040456,3462.118899981821,535.4330889728261,0.6313089480863033,1.8555194805194801,5.133603896103895,34807724.74278967,9674801775.549488,1443159272.7272725,1642459726.3205779,1388727272.7272725,54432000.0,9674801775.549488,135584210.42465922,676771.6086750587,violated,satisfied,satisfied,satisfied,satisfied,satisfied,satisfied,False
20260830-stress-fence:c1181,arm-grid-R-I,16.0,4500000.0,0.36,False,1.3,0.85,0.07,167.02100974870402,164.0278803508057,3.1312347175040456,3462.118899981821,535.4330889728261,0.49881200836448647,2.0874594155844153,5.775304383116882,44053526.62759318,9960111627.549488,1616750181.8181815,1847767192.11065,1562318181.8181815,54432000.0,9960111627.549488,135584210.42465922,676771.6086750587,violated,satisfied,satisfied,satisfied,satisfied,satisfied,satisfied,False
20260830-stress-fence:c1182,arm-grid-R-I,16.0,5000000.0,0.36,False,1.3,0.85,0.07,170.98935412019605,167.91048579311055,3.1312347175040456,3462.118899981821,535.4330889728261,0.4040377267752341,2.31939935064935,6.417004870129869,54387069.910608865,10245421479.549486,1790341090.909091,2053074657.9007218,1735909090.909091,54432000.0,10245421479.549486,135584210.42465922,676771.6086750587,violated,satisfied,satisfied,satisfied,satisfied,satisfied,satisfied,False
20260830-stress-fence:c1183,arm-grid-R-I,16.0,5500000.0,0.36,False,1.3,0.85,0.07,174.95769849168818,171.79309123541537,3.1312347175040456,3462.118899981821,535.4330889728261,0.3339154766737471,2.5513392857142856,7.058705357142856,65808354.59183674,10530731331.549488,1963932000.0,2258382123.6907945,1909500000.0,54432000.0,10530731331.549488,135584210.42465922,676771.6086750587,violated,satisfied,satisfied,satisfied,satisfied,satisfied,satisfied,False
20260830-stress-fence:c1184,arm-grid-R-I,16.0,6000000.0,0.36,False,1.3,0.85,0.07,178.92604286318021,175.67569667772023,3.1312347175040456,3462.118899981821,535.4330889728261,0.28058175470502367,2.7832792207792205,7.700405844155843,78317380.67127676,10816041183.549486,2137522909.090909,2463689589.4808664,2083090909.090909,54432000.0,10816041183.549486,135584210.42465922,676771.6086750587,violated,satisfied,satisfied,satisfied,satisfied,satisfied,satisfied,False
20260830-stress-fence:c1185,arm-grid-R-I,16.0,6500000.0,0.36,False,1.3,0.85,0.07,182.89438723467225,179.55830212002513,3.1312347175040456,3462.118899981821,535.4330889728261,0.23907557797351128,3.0152191558441555,8.34210633116883,91914148.14892898,11101351035.549488,2311113818.1818185,2668997055.270939,2256681818.1818185,54432000.0,11101351035.549488,135584210.42465922,676771.6086750587,violated,satisfied,satisfied,satisfied,satisfied,satisfied,satisfied,False
20260830-stress-fence:c1186,arm-grid-R-I,16.0,7000000.0,0.36,False,1.3,0.85,0.07,186.86273160616435,183.44090756232995,3.1312347175040456,3462.118899981821,535.4330889728261,0.20614169733430313,3.2471590909090904,8.983806818181817,106598657.02479339,11386660887.549488,2484704727.2727275,2874304521.0610113,2430272727.2727275,54432000.0,11386660887.549488,135584210.42465922,676771.6086750587,violated,satisfied,satisfied,satisfied,satisfied,satisfied,satisfied,False
20260830-stress-fence:c1187,arm-grid-R-I,16.0,7500000.0,0.36,False,1.3,0.85,0.07,190.83107597765638,187.3235130046348,3.1312347175040456,3462.118899981821,535.4330889728261,0.17957232301121517,3.4790990259740253,9.625507305194803,122370907.29886995,11671970739.549488,2658295636.3636365,3079611986.851083,2603863636.3636365,54432000.0,11671970739.549488,135584210.42465922,676771.6086750587,violated,satisfied,satisfied,satisfied,satisfied,satisfied,satisfied,False
20260830-stress-fence:c1188,arm-grid-R-I,16.0,8000000.0,0.36,False,1.3,0.85,0.07,194.79942034914842,191.20611844693957,3.1312347175040456,3462.118899981821,535.4330889728261,0.15782723702157583,3.7110389610389602,10.26720779220779,139230898.97115868,11957280591.549484,2831886545.454545,3284919452.6411557,2777454545.454545,54432000.0,11957280591.549484,135584210.42465922,676771.6086750587,violated,satisfied,satisfied,satisfied,satisfied,satisfied,satisfied,False
20260830-stress-fence:c1189,arm-grid-R-I,16.0,8500000.0,0.36,False,1.3,0.85,0.07,198.7677647206405,195.08872388924448,3.1312347175040456,3462.118899981821,535.4330889728261,0.13980544179073842,3.9429788961038956,10.908908279220778,157178632.04165965,12242590443.549488,3005477454.5454545,3490226918.431227,2951045454.5454545,54432000.0,12242590443.549488,135584210.42465922,676771.6086750587,violated,satisfied,satisfied,satisfied,satisfied,satisfied,satisfied,False
20260830-stress-fence:c1190,arm-grid-R-I,16.0,9000000.0,0.36,False,1.3,0.85,0.07,202.73610909213258,198.9713293315493,3.1312347175040456,3462.118899981821,535.4330889728261,0.12470300209112162,4.174918831168831,11.550608766233765,176214106.51037273,12527900295.549484,3179068363.636363,3695534384.2213,3124636363.636363,54432000.0,12527900295.549484,135584210.42465922,676771.6086750587,violated,satisfied,satisfied,satisfied,satisfied,satisfied,satisfied,False
20260830-stress-fence:c1191,arm-grid-R-I,16.0,9500000.0,0.36,False,1.3,0.85,0.07,206.70445346362462,202.85393477385415,3.1312347175040456,3462.118899981821,535.4330889728261,0.11192180797097896,4.406858766233766,12.192309253246751,196337322.377298,12813210147.549484,3352659272.727273,3900841850.011372,3298227272.727273,54432000.0,12813210147.549484,135584210.42465922,676771.6086750587,violated,satisfied,satisfied,satisfied,satisfied,satisfied,satisfied,False
20260830-stress-fence:c1192,arm-grid-R-I,16.0,10000000.0,0.36,False,1.3,0.85,0.07,210.67279783511665,206.73654021615897,3.1312347175040456,3462.118899981821,535.4330889728261,0.10100943169380852,4.6387987012987,12.834009740259738,217548279.64243546,13098519999.549484,3526250181.818182,4106149315.8014436,3471818181.818182,54432000.0,13098519999.549484,135584210.42465922,676771.6086750587,violated,satisfied,satisfied,satisfied,satisfied,satisfied,satisfied,False
20260830-stress-fence:c1193,arm-grid-R-I,16.0,10500000.0,0.36,False,1.3,0.85,0.07,214.64114220660875,210.61914565846382,3.1312347175040456,3462.118899981821,535.4330889728261,0.09161853214857915,4.870738636363636,13.475710227272726,239846978.30578512,13383829851.549484,3699841090.9090905,4311456781.591517,3645409090.9090905,54432000.0,13383829851.549484,135584210.42465922,676771.6086750587,violated,satisfied,satisfied,satisfied,satisfied,satisfied,satisfied,False
20260830-stress-fence:c1194,arm-grid-R-I,16.0,11000000.0,0.36,False,1.3,0.85,0.07,218.60948657810079,214.50175110076864,3.1312347175040456,3462.118899981821,535.4330889728261,0.08347886916843678,5.102678571428571,14.117410714285713,263233418.36734697,13669139703.549484,3873432000.0,4516764247.381589,3819000000.0,54432000.0,13669139703.549484,135584210.42465922,676771.6086750587,violated,satisfied,satisfied,satisfied,satisfied,satisfied,satisfied,False
20260830-stress-fence:c1195,arm-grid-R-I,16.0,11500000.0,0.36,False,1.3,0.85,0.07,222.57783094959288,218.3843565430736,3.1312347175040456,3462.118899981821,535.4330889728261,0.0763776421125206,5.3346185064935066,14.759111201298701,287707599.82712096,13954449555.549488,4047022909.0909095,4722071713.171661,3992590909.0909095,54432000.0,13954449555.549488,135584210.42465922,676771.6086750587,violated,satisfied,satisfied,satisfied,satisfied,satisfied,satisfied,False
20260830-stress-fence:c1196,arm-grid-R-I,16.0,12000000.0,0.36,False,1.3,0.85,0.07,226.54617532108492,222.26696198537832,3.1312347175040456,3462.118899981821,535.4330889728261,0.07014543867625592,5.566558441558441,15.400811688311686,313269522.68510705,14239759407.549482,4220613818.181818,4927379178.961733,4166181818.181818,54432000.0,14239759407.549482,135584210.42465922,676771.6086750587,violated,satisfied,satisfied,satisfied,satisfied,satisfied,satisfied,False
20260830-stress-fence:c1197,arm-grid-R-I,16.0,12500000.0,0.36,False,1.3,0.85,0.07,230.51451969257695,226.14956742768322,3.1312347175040456,3462.118899981821,535.4330889728261,0.06464603628403745,5.798498376623376,16.042512175324674,339919186.94130546,14525069259.549482,4394204727.272727,5132686644.751806,4339772727.272727,54432000.0,14525069259.549482,135584210.42465922,676771.6086750587,violated,satisfied,satisfied,satisfied,satisfied,satisfied,satisfied,False
20260830-stress-fence:c1198,arm-grid-R-I,16.0,13000000.0,0.36,False,1.3,0.85,0.07,234.48286406406908,230.03217286998807,3.1312347175040456,3462.118899981821,535.4330889728261,0.05976889449337782,6.030438311688311,16.68421266233766,367656592.59571594,14810379111.549484,4567795636.363637,5337994110.541878,4513363636.363637,54432000.0,14810379111.549484,135584210.42465922,676771.6086750587,violated,satisfied,satisfied,satisfied,satisfied,satisfied,satisfied,False
20260830-stress-fence:c1199,arm-grid-R-I,16.0,13500000.0,0.36,False,1.3,0.85,0.07,238.4512084355611,233.9147783122929,3.1312347175040456,3462.118899981821,535.4330889728261,0.055423556484942946,6.262378246753246,17.325913149350647,396481739.6483387,15095688963.549484,4741386545.454545,5543301576.33195,4686954545.454545,54432000.0,15095688963.549484,135584210.42465922,676771.6086750587,violated,satisfied,satisfied,satisfied,satisfied,satisfied,satisfied,False
20260830-stress-fence:c1200,arm-grid-R-I,16.0,14000000.0,0.36,False,1.3,0.85,0.07,242.4195528070532,237.79738375459786,3.1312347175040456,3462.118899981821,535.4330889728261,0.05153542433357578,6.494318181818181,17.967613636363634,426394628.09917355,15380998815.54949,4914977454.545455,5748609042.122023,4860545454.545455,54432000.0,15380998815.54949,135584210.42465922,676771.6086750587,violated,satisfied,satisfied,satisfied,satisfied,satisfied,satisfied,False
20260830-stress-fence:c1201,arm-grid-R-I,16.0,14500000.0,0.36,False,1.3,0.85,0.07,246.3878971785453,241.6799891969027,3.1312347175040456,3462.118899981821,535.4330889728261,0.04804253588290536,6.726258116883116,18.60931412337662,457395257.9482206,15666308667.54949,5088568363.636363,5953916507.912094,5034136363.636363,54432000.0,15666308667.54949,135584210.42465922,676771.6086750587,satisfied,satisfied,satisfied,satisfied,satisfied,satisfied,satisfied,True
20260830-stress-fence:c1202,arm-grid-R-I,16.0,15000000.0,0.36,False,1.3,0.85,0.07,250.35624155003734,245.56259463920753,3.1312347175040456,3462.118899981821,535.4330889728261,0.04489308075280379,6.958198051948051,19.251014610389607,489483629.1954798,15951618519.549488,5262159272.727273,6159223973.702166,5207727272.727273,54432000.0,15951618519.549488,135584210.42465922,676771.6086750587,satisfied,satisfied,satisfied,satisfied,satisfied,satisfied,satisfied,True
20260830-stress-fence:c1203,arm-grid-R-I,16.0,15500000.0,0.36,False,1.3,0.85,0.07,254.32458592152946,249.44520008151238,3.1312347175040456,3462.118899981821,535.4330889728261,0.042043467926663275,7.190137987012986,19.892715097402593,522659741.84095126,16236928371.54949,5435750181.818182,6364531439.49224,5381318181.818182,54432000.0,16236928371.54949,135584210.42465922,676771.6086750587,satisfied,satisfied,satisfied,satisfied,satisfied,satisfied,satisfied,True
20260830-stress-fence:c1204,arm-grid-R-I,16.0,16000000.0,0.36,False,1.3,0.85,0.07,258.29293029302147,253.3278055238172,3.1312347175040456,3462.118899981821,535.4330889728261,0.03945680925539396,7.4220779220779205,20.53441558441558,556923595.8846347,16522238223.549488,5609341090.90909,6569838905.282311,5554909090.90909,54432000.0,16522238223.549488,135584210.42465922,676771.6086750587,satisfied,satisfied,satisfied,satisfied,satisfied,satisfied,satisfied,True
20260830-stress-fence:c1205,arm-grid-R-I,16.0,16500000.0,0.36,False,1.3,0.85,0.07,262.2612746645135,257.21041096612214,3.1312347175040456,3462.118899981821,535.4330889728261,0.037101719630416356,7.654017857142856,21.176116071428567,592275191.3265306,16807548075.549488,5782931999.999999,6775146371.072383,5728499999.999999,54432000.0,16807548075.549488,135584210.42465922,676771.6086750587,satisfied,satisfied,satisfied,satisfied,satisfied,satisfied,satisfied,True
20260830-stress-fence:c1206,arm-grid-R-I,16.0,17000000.0,0.36,False,1.3,0.85,0.07,266.22961903600566,261.09301640842693,3.1312347175040456,3462.118899981821,535.4330889728261,0.034951360447684605,7.885957792207791,21.817816558441557,628714528.1666386,17092857927.54949,5956522909.090909,6980453836.862454,5902090909.090909,54432000.0,17092857927.54949,135584210.42465922,676771.6086750587,satisfied,satisfied,satisfied,satisfied,satisfied,satisfied,satisfied,True
20260830-stress-fence:c1207,arm-grid-R-I,16.0,17500000.0,0.36,False,1.3,0.85,0.07,270.1979634074977,264.9756218507318,3.1312347175040456,3462.118899981821,535.4330889728261,0.0329826715734885,8.117897727272727,22.459517045454543,666241606.4049586,17378167779.549488,6130113818.181818,7185761302.652529,6075681818.181818,54432000.0,17378167779.549488,135584210.42465922,676771.6086750587,satisfied,satisfied,satisfied,satisfied,satisfied,satisfied,satisfied,True
20260830-stress-fence:c1208,arm-grid-R-I,16.0,18000000.0,0.36,False,1.3,0.85,0.07,274.1663077789898,268.85822729303663,3.1312347175040456,3462.118899981821,535.4330889728261,0.031175750522780404,8.349837662337661,23.10121753246753,704856426.0414909,17663477631.549488,6303704727.272726,7391068768.4426,6249272727.272726,54432000.0,17663477631.549488,135584210.42465922,676771.6086750587,satisfied,satisfied,satisfied,satisfied,satisfied,satisfied,satisfied,True
20260830-stress-fence:c1209,arm-grid-R-I,16.0,18500000.0,0.36,False,1.3,0.85,0.07,278.13465215048177,272.7408327353415,3.1312347175040456,3462.118899981821,535.4330889728261,0.029513347463494096,8.581777597402596,23.742918019480513,744558987.0762353,17948787483.549488,6477295636.363637,7596376234.232672,6422863636.363637,54432000.0,17948787483.549488,135584210.42465922,676771.6086750587,satisfied,satisfied,satisfied,satisfied,satisfied,satisfied,satisfied,True
20260830-stress-fence:c1210,arm-grid-R-I,16.0,19000000.0,0.36,False,1.3,0.85,0.07,282.1029965219739,276.62343817764634,3.1312347175040456,3462.118899981821,535.4330889728261,0.02798045199274474,8.813717532467532,24.384618506493503,785349289.509192,18234097335.54949,6650886545.454546,7801683700.022744,6596454545.454546,54432000.0,18234097335.54949,135584210.42465922,676771.6086750587,satisfied,satisfied,satisfied,satisfied,satisfied,satisfied,satisfied,True
20260830-stress-fence:c1211,arm-grid-R-I,16.0,19500000.0,0.36,False,1.3,0.85,0.07,286.07134089346596,280.50604361995124,3.1312347175040456,3462.118899981821,535.4330889728261,0.026563953108167924,9.045657467532466,25.02631899350649,827227333.3403609,18519407187.54949,6824477454.545454,8006991165.812818,6770045454.545454,54432000.0,18519407187.54949,135584210.42465922,676771.6086750587,satisfied,satisfied,violated,satisfied,satisfied,satisfied,violated,False
20260830-stress-fence:c1212,arm-grid-R-I,16.0,20000000.0,0.36,False,1.3,0.85,0.07,290.03968526495805,284.3886490622561,3.1312347175040456,3462.118899981821,535.4330889728261,0.02525235792345213,9.2775974025974,25.668019480519476,870193118.5697418,18804717039.54949,6998068363.636364,8212298631.602887,6943636363.636364,54432000.0,18804717039.54949,135584210.42465922,676771.6086750587,satisfied,satisfied,violated,satisfied,satisfied,satisfied,violated,False
20260830-stress-fence:c1213,arm-grid-R-I,16.0,20500000.0,0.36,False,1.3,0.85,0.07,294.0080296364501,288.27125450456094,3.1312347175040456,3462.118899981821,535.4330889728261,0.024035557809353608,9.509537337662335,26.30971996753246,914246645.1973349,19090026891.54949,7171659272.727274,8417606097.392961,7117227272.727274,54432000.0,19090026891.54949,135584210.42465922,676771.6086750587,satisfied,satisfied,violated,satisfied,satisfied,satisfied,violated,False
20260830-stress-fence:c1214,arm-grid-R-I,16.0,21000000.0,0.36,False,1.3,0.85,0.07,297.97637400794207,292.15385994686574,3.1312347175040456,3462.118899981821,535.4330889728261,0.022904633037144788,9.741477272727272,26.951420454545453,959387913.2231405,19375336743.549484,7345250181.818181,8622913563.183035,7290818181.818181,54432000.0,19375336743.549484,135584210.42465922,676771.6086750587,satisfied,satisfied,violated,satisfied,satisfied,satisfied,violated,False
20260830-stress-fence:c1215,arm-grid-R-I,16.0,21500000.0,0.36,False,1.3,0.85,0.07,301.9447183794342,296.0364653891706,3.1312347175040456,3462.118899981821,535.4330889728261,0.02185168884668654,9.973417207792206,27.593120941558436,1005616922.6471578,19660646595.54949,7518841090.909092,8828221028.973106,7464409090.909092,54432000.0,19660646595.54949,135584210.42465922,676771.6086750587,satisfied,satisfied,violated,satisfied,satisfied,satisfied,violated,False
20260830-stress-fence:c1216,arm-grid-R-I,16.0,22000000.0,0.36,False,1.3,0.85,0.07,305.91306275092626,299.91907083147544,3.1312347175040456,3462.118899981821,535.4330889728261,0.020869717292109194,10.205357142857142,28.234821428571426,1052933673.4693879,19945956447.54949,7692432000.0,9033528494.763178,7638000000.0,54432000.0,19945956447.54949,135584210.42465922,676771.6086750587,satisfied,satisfied,violated,satisfied,satisfied,satisfied,violated,False
20260830-stress-fence:c1217,arm-grid-R-I,16.0,22500000.0,0.36,False,1.3,0.85,0.07,309.8814071224183,303.8016762737803,3.1312347175040456,3462.118899981821,535.4330889728261,0.01995248033457946,10.437297077922077,28.876521915584412,1101338165.6898296,20231266299.549488,7866022909.090908,9238835960.55325,7811590909.090908,54432000.0,20231266299.549488,135584210.42465922,676771.6086750587,satisfied,satisfied,violated,satisfied,satisfied,satisfied,violated,False
20260830-stress-fence:c1218,arm-grid-R-I,16.0,23000000.0,0.36,False,1.3,0.85,0.07,313.84975149391045,307.6842817160852,3.1312347175040456,3462.118899981821,535.4330889728261,0.01909441052813015,10.669237012987013,29.518222402597402,1150830399.3084838,20516576151.54949,8039613818.181819,9444143426.343323,7985181818.181819,54432000.0,20516576151.54949,135584210.42465922,676771.6086750587,satisfied,satisfied,violated,satisfied,satisfied,satisfied,violated,False
20260830-stress-fence:c1219,arm-grid-R-I,16.0,23500000.0,0.36,False,1.3,0.85,0.07,317.81809586540254,311.56688715839005,3.1312347175040456,3462.118899981821,535.4330889728261,0.018290526336588238,10.901176948051946,30.15992288961038,1201410374.3253496,20801886003.54949,8213204727.272727,9649450892.133394,8158772727.272727,54432000.0,20801886003.54949,135584210.42465922,676771.6086750587,satisfied,satisfied,violated,satisfied,satisfied,satisfied,violated,False
20260830-stress-fence:c1220,arm-grid-R-I,16.0,24000000.0,0.36,False,1.3,0.85,0.07,321.7864402368945,315.44949260069484,3.1312347175040456,3462.118899981821,535.4330889728261,0.01753635966906398,11.133116883116882,30.801623376623372,1253078090.7404282,21087195855.549488,8386795636.363636,9854758357.923466,8332363636.363636,54432000.0,21087195855.549488,135584210.42465922,676771.6086750587,satisfied,satisfied,violated,satisfied,satisfied,satisfied,violated,False
20260830-stress-fence:c1221,arm-grid-R-I,16.0,24500000.0,0.36,False,1.3,0.85,0.07,325.75478460838656,319.3320980429997,3.1312347175040456,3462.118899981821,535.4330889728261,0.01682789365994311,11.365056818181817,31.44332386363636,1305833548.553719,21372505707.549488,8560386545.454545,10060065823.71354,8505954545.454545,54432000.0,21372505707.549488,135584210.42465922,676771.6086750587,satisfied,satisfied,violated,satisfied,satisfied,satisfied,violated,False
20260830-stress-fence:c1222,arm-grid-R-I,16.0,25000000.0,0.36,False,1.3,0.85,0.07,329.7231289798787,323.2147034853046,3.1312347175040456,3462.118899981821,535.4330889728261,0.016161509071009363,11.596996753246753,32.08502435064935,1359676747.7652218,21657815559.54949,8733977454.545454,10265373289.503613,8679545454.545454,54432000.0,21657815559.54949,135584210.42465922,676771.6086750587,satisfied,satisfied,violated,satisfied,satisfied,satisfied,violated,False
20260830-stress-fence:c1223,arm-grid-R-I,16.0,25500000.0,0.36,False,1.3,0.85,0.07,333.69147335137063,327.09730892760933,3.1312347175040456,3462.118899981821,535.4330889728261,0.01553393797674872,11.828936688311686,32.72672483766233,1414607688.3749366,21943125411.549484,8907568363.636362,10470680755.293682,8853136363.636362,54432000.0,21943125411.549484,135584210.42465922,676771.6086750587,satisfied,satisfied,violated,satisfied,satisfied,satisfied,violated,False
20260830-stress-fence:c1224,arm-grid-R-I,16.0,26000000.0,0.36,False,1.3,0.85,0.07,337.65981772286284,330.97991436991424,3.1312347175040456,3462.118899981821,535.4330889728261,0.014942223623344455,12.060876623376622,33.36842532467532,1470626370.3828638,22228435263.54949,9081159272.727274,10675988221.083755,9026727272.727274,54432000.0,22228435263.54949,135584210.42465922,676771.6086750587,satisfied,satisfied,violated,satisfied,satisfied,satisfied,violated,False
20260830-stress-fence:c1225,arm-grid-R-I,16.5,2000000.0,0.36,False,1.3,0.85,0.07,145.93538190316613,143.3957859454139,3.1312347175040447,3570.3101156062526,552.1653730032269,2.6855290799452516,0.8996458087367176,2.489020070838252,8438236.301282344,8786777178.084211,748795636.3636363,821229863.1602886,694363636.3636363,54432000.0,8786777178.084211,141837708.39735097,697920.721446154,violated,satisfied,satisfied,satisfied,satisfied,satisfied,satisfied,False
20260830-stress-fence:c1226,arm-grid-R-I,16.5,2500000.0,0.36,False,1.3,0.85,0.07,149.75203844703145,147.12998088451096,3.1312347175040447,3570.3101156062526,552.1653730032269,1.7187386111649605,1.1245572609208971,3.1112750885478153,13184744.220753664,9072087030.084211,922386545.4545455,1026537328.9503609,867954545.4545455,54432000.0,9072087030.084211,141837708.39735097,697920.721446154,violated,satisfied,satisfied,satisfied,satisfied,satisfied,satisfied,False
20260830-stress-fence:c1227,arm-grid-R-I,16.5,3000000.0,0.36,False,1.3,0.85,0.07,153.5686949908968,150.86417582360804,3.1312347175040447,3570.3101156062526,552.1653730032269,1.1935684799756674,1.3494687131050764,3.733530106257378,18986031.677885275,9357396882.084211,1095977454.5454545,1231844794.7404332,1041545454.5454545,54432000.0,9357396882.084211,141837708.39735097,697920.721446154,violated,satisfied,satisfied,satisfied,satisfied,satisfied,satisfied,False
20260830-stress-fence:c1228,arm-grid-R-I,16.5,3500000.0,0.36,False,1.3,0.85,0.07,157.38535153476212,154.59837076270512,3.1312347175040447,3570.3101156062526,552.1653730032269,0.8769074546760003,1.574380165289256,4.355785123966942,25842098.672677185,9642706734.084211,1269568363.6363637,1437152260.5305057,1215136363.6363637,54432000.0,9642706734.084211,141837708.39735097,697920.721446154,violated,satisfied,satisfied,satisfied,satisfied,satisfied,satisfied,False
20260830-stress-fence:c1229,arm-grid-R-I,16.5,4000000.0,0.36,False,1.3,0.85,0.07,161.20200807862744,158.33256570180214,3.1312347175040447,3570.3101156062526,552.1653730032269,0.6713822699863129,1.7992916174734352,4.978040141676504,33752945.20512938,9928016586.084211,1443159272.7272725,1642459726.3205771,1388727272.7272725,54432000.0,9928016586.084211,141837708.39735097,697920.721446154,violated,satisfied,satisfied,satisfied,satisfied,satisfied,satisfied,False
20260830-stress-fence:c1230,arm-grid-R-I,16.5,4500000.0,0.36,False,1.3,0.85,0.07,165.0186646224928,162.0667606408992,3.1312347175040447,3570.3101156062526,552.1653730032269,0.5304748799891854,2.0242030696576148,5.600295159386067,42718571.275241874,10213326438.084211,1616750181.8181815,1847767192.11065,1562318181.8181815,54432000.0,10213326438.084211,141837708.39735097,697920.721446154,violated,satisfied,satisfied,satisfied,satisfied,satisfied,satisfied,False
20260830-stress-fence:c1231,arm-grid-R-I,16.5,5000000.0,0.36,False,1.3,0.85,0.07,168.8353211663581,165.80095557999627,3.1312347175040447,3570.3101156062526,552.1653730032269,0.42968465279124013,2.2491145218417943,6.222550177095631,52738976.88301466,10498636290.084211,1790341090.909091,2053074657.9007218,1735909090.909091,54432000.0,10498636290.084211,141837708.39735097,697920.721446154,violated,satisfied,satisfied,satisfied,satisfied,satisfied,satisfied,False
20260830-stress-fence:c1232,arm-grid-R-I,16.5,5500000.0,0.36,False,1.3,0.85,0.07,172.65197771022343,169.5351505190933,3.1312347175040447,3570.3101156062526,552.1653730032269,0.3551112832985455,2.474025974025974,6.844805194805194,63814162.02844775,10783946142.084211,1963932000.0,2258382123.6907945,1909500000.0,54432000.0,10783946142.084211,141837708.39735097,697920.721446154,violated,satisfied,satisfied,satisfied,satisfied,satisfied,satisfied,False
20260830-stress-fence:c1233,arm-grid-R-I,16.5,6000000.0,0.36,False,1.3,0.85,0.07,176.46863425408876,173.26934545819034,3.1312347175040447,3570.3101156062526,552.1653730032269,0.29839211999391685,2.698937426210153,7.467060212514756,75944126.7115411,11069255994.08421,2137522909.090909,2463689589.4808664,2083090909.090909,54432000.0,11069255994.08421,141837708.39735097,697920.721446154,violated,satisfied,satisfied,satisfied,satisfied,satisfied,satisfied,False
20260830-stress-fence:c1234,arm-grid-R-I,16.5,6500000.0,0.36,False,1.3,0.85,0.07,180.28529079795405,177.0035403972874,3.1312347175040447,3570.3101156062526,552.1653730032269,0.2542512738409705,2.9238488783943324,8.089315230224319,89128870.93229476,11354565846.08421,2311113818.1818185,2668997055.270939,2256681818.1818185,54432000.0,11354565846.08421,141837708.39735097,697920.721446154,violated,satisfied,satisfied,satisfied,satisfied,satisfied,satisfied,False
20260830-stress-fence:c1235,arm-grid-R-I,16.5,7000000.0,0.36,False,1.3,0.85,0.07,184.1019473418194,180.73773533638445,3.1312347175040447,3570.3101156062526,552.1653730032269,0.21922686366900007,3.148760330578512,8.711570247933883,103368394.69070874,11639875698.08421,2484704727.2727275,2874304521.0610113,2430272727.2727275,54432000.0,11639875698.08421,141837708.39735097,697920.721446154,violated,satisfied,satisfied,satisfied,satisfied,satisfied,satisfied,False
20260830-stress-fence:c1236,arm-grid-R-I,16.5,7500000.0,0.36,False,1.3,0.85,0.07,187.91860388568475,184.4719302754815,3.1312347175040447,3570.3101156062526,552.1653730032269,0.1909709567961068,3.373671782762691,9.333825265643444,118662697.98678295,11925185550.08421,2658295636.3636365,3079611986.851083,2603863636.3636365,54432000.0,11925185550.08421,141837708.39735097,697920.721446154,violated,satisfied,satisfied,satisfied,satisfied,satisfied,satisfied,False
20260830-stress-fence:c1237,arm-grid-R-I,16.5,8000000.0,0.36,False,1.3,0.85,0.07,191.73526042955007,188.20612521457855,3.1312347175040447,3570.3101156062526,552.1653730032269,0.16784556749657822,3.5985832349468705,9.956080283353009,135011780.8205175,12210495402.08421,2831886545.454545,3284919452.6411543,2777454545.454545,54432000.0,12210495402.08421,141837708.39735097,697920.721446154,violated,satisfied,satisfied,satisfied,satisfied,satisfied,satisfied,False
20260830-stress-fence:c1238,arm-grid-R-I,16.5,8500000.0,0.36,False,1.3,0.85,0.07,195.5519169734154,191.94032015367563,3.1312347175040447,3570.3101156062526,552.1653730032269,0.14867981065440833,3.8234946871310505,10.578335301062573,152415643.19191238,12495805254.08421,3005477454.5454545,3490226918.431228,2951045454.5454545,54432000.0,12495805254.08421,141837708.39735097,697920.721446154,violated,satisfied,satisfied,satisfied,satisfied,satisfied,satisfied,False
20260830-stress-fence:c1239,arm-grid-R-I,16.5,9000000.0,0.36,False,1.3,0.85,0.07,199.3685735172807,195.67451509277265,3.1312347175040447,3570.3101156062526,552.1653730032269,0.13261871999729635,4.0484061393152295,11.200590318772134,170874285.1009675,12781115106.08421,3179068363.636363,3695534384.2213,3124636363.636363,54432000.0,12781115106.08421,141837708.39735097,697920.721446154,violated,satisfied,satisfied,satisfied,satisfied,satisfied,satisfied,False
20260830-stress-fence:c1240,arm-grid-R-I,16.5,9500000.0,0.36,False,1.3,0.85,0.07,203.18523006114606,199.4087100318697,3.1312347175040447,3570.3101156062526,552.1653730032269,0.11902621960976183,4.273317591499409,11.822845336481699,190387706.5476829,13066424958.08421,3352659272.727273,3900841850.011372,3298227272.727273,54432000.0,13066424958.08421,141837708.39735097,697920.721446154,violated,satisfied,satisfied,satisfied,satisfied,satisfied,satisfied,False
20260830-stress-fence:c1241,arm-grid-R-I,16.5,10000000.0,0.36,False,1.3,0.85,0.07,207.00188660501138,203.14290497096678,3.1312347175040447,3570.3101156062526,552.1653730032269,0.10742116319781003,4.498229043683589,12.445100354191261,210955907.53205863,13351734810.08421,3526250181.818182,4106149315.8014436,3471818181.818182,54432000.0,13351734810.08421,141837708.39735097,697920.721446154,violated,satisfied,satisfied,satisfied,satisfied,satisfied,satisfied,False
20260830-stress-fence:c1242,arm-grid-R-I,16.5,10500000.0,0.36,False,1.3,0.85,0.07,210.8185431488767,206.87709991006383,3.1312347175040447,3570.3101156062526,552.1653730032269,0.0974341616306667,4.723140495867768,13.067355371900824,232578888.05409464,13637044662.08421,3699841090.9090905,4311456781.591517,3645409090.9090905,54432000.0,13637044662.08421,141837708.39735097,697920.721446154,violated,satisfied,satisfied,satisfied,satisfied,satisfied,satisfied,False
20260830-stress-fence:c1243,arm-grid-R-I,16.5,11000000.0,0.36,False,1.3,0.85,0.07,214.63519969274202,210.61129484916086,3.1312347175040447,3570.3101156062526,552.1653730032269,0.08877782082463638,4.948051948051948,13.689610389610388,255256648.113791,13922354514.08421,3873432000.0,4516764247.381589,3819000000.0,54432000.0,13922354514.08421,141837708.39735097,697920.721446154,violated,satisfied,satisfied,satisfied,satisfied,satisfied,satisfied,False
20260830-stress-fence:c1244,arm-grid-R-I,16.5,11500000.0,0.36,False,1.3,0.85,0.07,218.4518562366074,214.34548978825796,3.1312347175040447,3570.3101156062526,552.1653730032269,0.08122583228567866,5.172963400236127,14.311865407319951,278989187.71114755,14207664366.084213,4047022909.0909095,4722071713.171661,3992590909.0909095,54432000.0,14207664366.084213,141837708.39735097,697920.721446154,violated,satisfied,satisfied,satisfied,satisfied,satisfied,satisfied,False
20260830-stress-fence:c1245,arm-grid-R-I,16.5,12000000.0,0.36,False,1.3,0.85,0.07,222.2685127804727,218.079684727355,3.1312347175040447,3570.3101156062526,552.1653730032269,0.07459802999847921,5.397874852420306,14.934120425029512,303776506.8461644,14492974218.08421,4220613818.181818,4927379178.961733,4166181818.181818,54432000.0,14492974218.08421,141837708.39735097,697920.721446154,violated,satisfied,satisfied,satisfied,satisfied,satisfied,satisfied,False
20260830-stress-fence:c1246,arm-grid-R-I,16.5,12500000.0,0.36,False,1.3,0.85,0.07,226.085169324338,221.81387966645204,3.1312347175040447,3570.3101156062526,552.1653730032269,0.06874954444659842,5.622786304604486,15.556375442739078,329618605.5188416,14778284070.08421,4394204727.272727,5132686644.751806,4339772727.272727,54432000.0,14778284070.08421,141837708.39735097,697920.721446154,violated,satisfied,satisfied,satisfied,satisfied,satisfied,satisfied,False
20260830-stress-fence:c1247,arm-grid-R-I,16.5,13000000.0,0.36,False,1.3,0.85,0.07,229.9018258682034,225.54807460554912,3.1312347175040447,3570.3101156062526,552.1653730032269,0.06356281846024263,5.847697756788665,16.178630460448638,356515483.729179,15063593922.084213,4567795636.363637,5337994110.541878,4513363636.363637,54432000.0,15063593922.084213,141837708.39735097,697920.721446154,violated,satisfied,satisfied,satisfied,satisfied,satisfied,satisfied,False
20260830-stress-fence:c1248,arm-grid-R-I,16.5,13500000.0,0.36,False,1.3,0.85,0.07,233.71848241206865,229.2822695446461,3.1312347175040447,3570.3101156062526,552.1653730032269,0.058941653332131715,6.072609208972844,16.800885478158204,384467141.4771769,15348903774.084208,4741386545.454545,5543301576.33195,4686954545.454545,54432000.0,15348903774.084208,141837708.39735097,697920.721446154,violated,satisfied,satisfied,satisfied,satisfied,satisfied,satisfied,False
20260830-stress-fence:c1249,arm-grid-R-I,16.5,14000000.0,0.36,False,1.3,0.85,0.07,237.53513895593403,233.0164644837432,3.1312347175040447,3570.3101156062526,552.1653730032269,0.05480671591725002,6.297520661157024,17.423140495867766,413473578.76283497,15634213626.08421,4914977454.545455,5748609042.122023,4860545454.545455,54432000.0,15634213626.08421,141837708.39735097,697920.721446154,violated,satisfied,satisfied,satisfied,satisfied,satisfied,satisfied,False
20260830-stress-fence:c1250,arm-grid-R-I,16.5,14500000.0,0.36,False,1.3,0.85,0.07,241.35179549979932,236.75065942284027,3.1312347175040447,3570.3101156062526,552.1653730032269,0.0510921109145351,6.522432113341203,18.04539551357733,443534795.5861533,15919523478.08421,5088568363.636363,5953916507.912094,5034136363.636363,54432000.0,15919523478.08421,141837708.39735097,697920.721446154,violated,satisfied,satisfied,satisfied,satisfied,satisfied,satisfied,False
20260830-stress-fence:c1251,arm-grid-R-I,16.5,15000000.0,0.36,False,1.3,0.85,0.07,245.16845204366467,240.48485436193732,3.1312347175040447,3570.3101156062526,552.1653730032269,0.0477427391990267,6.747343565525382,18.66765053128689,474650791.9471318,16204833330.08421,5262159272.727273,6159223973.702166,5207727272.727273,54432000.0,16204833330.08421,141837708.39735097,697920.721446154,satisfied,satisfied,satisfied,satisfied,satisfied,satisfied,satisfied,True
20260830-stress-fence:c1252,arm-grid-R-I,16.5,15500000.0,0.36,False,1.3,0.85,0.07,248.98510858753,244.21904930103437,3.1312347175040447,3570.3101156062526,552.1653730032269,0.044712242746226864,6.972255017709562,19.289905548996455,506821567.8457709,16490143182.08421,5435750181.818182,6364531439.49224,5381318181.818182,54432000.0,16490143182.08421,141837708.39735097,697920.721446154,satisfied,satisfied,satisfied,satisfied,satisfied,satisfied,satisfied,True
20260830-stress-fence:c1253,arm-grid-R-I,16.5,16000000.0,0.36,False,1.3,0.85,0.07,252.8017651313953,247.9532442401314,3.1312347175040447,3570.3101156062526,552.1653730032269,0.041961391874144556,7.197166469893741,19.912160566706017,540047123.28207,16775453034.084208,5609341090.90909,6569838905.282309,5554909090.90909,54432000.0,16775453034.084208,141837708.39735097,697920.721446154,satisfied,satisfied,satisfied,satisfied,satisfied,satisfied,satisfied,True
20260830-stress-fence:c1254,arm-grid-R-I,16.5,16500000.0,0.36,False,1.3,0.85,0.07,256.61842167526066,251.68743917922845,3.1312347175040447,3570.3101156062526,552.1653730032269,0.03945680925539396,7.4220779220779205,20.53441558441558,574327458.2560296,17060762886.084208,5782931999.999999,6775146371.072383,5728499999.999999,54432000.0,17060762886.084208,141837708.39735097,697920.721446154,satisfied,satisfied,satisfied,satisfied,satisfied,satisfied,satisfied,True
20260830-stress-fence:c1255,arm-grid-R-I,16.5,17000000.0,0.36,False,1.3,0.85,0.07,260.43507821912596,255.4216341183255,3.1312347175040447,3570.3101156062526,552.1653730032269,0.03716995266360208,7.646989374262101,21.156670602125146,609662572.7676495,17346072738.08421,5956522909.090909,6980453836.862456,5902090909.090909,54432000.0,17346072738.08421,141837708.39735097,697920.721446154,satisfied,satisfied,satisfied,satisfied,satisfied,satisfied,satisfied,True
20260830-stress-fence:c1256,arm-grid-R-I,16.5,17500000.0,0.36,False,1.3,0.85,0.07,264.25173476299136,259.1558290574226,3.1312347175040447,3570.3101156062526,552.1653730032269,0.035076298187040014,7.8719008264462795,21.778925619834705,646052466.8169295,17631382590.08421,6130113818.181818,7185761302.652526,6075681818.181818,54432000.0,17631382590.08421,141837708.39735097,697920.721446154,satisfied,satisfied,satisfied,satisfied,satisfied,satisfied,satisfied,True
20260830-stress-fence:c1257,arm-grid-R-I,16.5,18000000.0,0.36,False,1.3,0.85,0.07,268.0683913068566,262.89002399651963,3.1312347175040447,3570.3101156062526,552.1653730032269,0.03315467999932409,8.096812278630459,22.401180637544268,683497140.40387,17916692442.08421,6303704727.272726,7391068768.4426,6249272727.272726,54432000.0,17916692442.08421,141837708.39735097,697920.721446154,satisfied,satisfied,satisfied,satisfied,satisfied,satisfied,satisfied,True
20260830-stress-fence:c1258,arm-grid-R-I,16.5,18500000.0,0.36,False,1.3,0.85,0.07,271.88504785072195,266.6242189356167,3.1312347175040447,3570.3101156062526,552.1653730032269,0.03138675330834479,8.321723730814638,23.02343565525383,721996593.5284706,18202002294.08421,6477295636.363637,7596376234.232673,6422863636.363637,54432000.0,18202002294.08421,141837708.39735097,697920.721446154,satisfied,satisfied,satisfied,satisfied,satisfied,satisfied,satisfied,True
20260830-stress-fence:c1259,arm-grid-R-I,16.5,19000000.0,0.36,False,1.3,0.85,0.07,275.70170439458735,270.3584138747138,3.1312347175040447,3570.3101156062526,552.1653730032269,0.029756554902440457,8.546635182998818,23.645690672963397,761550826.1907316,18487312146.084213,6650886545.454546,7801683700.022744,6596454545.454546,54432000.0,18487312146.084213,141837708.39735097,697920.721446154,satisfied,satisfied,satisfied,satisfied,satisfied,satisfied,satisfied,True
20260830-stress-fence:c1260,arm-grid-R-I,16.5,19500000.0,0.36,False,1.3,0.85,0.07,279.51836093845264,274.0926088138108,3.1312347175040447,3570.3101156062526,552.1653730032269,0.028250141537885617,8.771546635182997,24.267945690672956,802159838.3906529,18772621998.08421,6824477454.545454,8006991165.812815,6770045454.545454,54432000.0,18772621998.08421,141837708.39735097,697920.721446154,satisfied,satisfied,satisfied,satisfied,satisfied,satisfied,violated,False
20260830-stress-fence:c1261,arm-grid-R-I,16.5,20000000.0,0.36,False,1.3,0.85,0.07,283.335017482318,277.8268037529079,3.1312347175040447,3570.3101156062526,552.1653730032269,0.026855290799452508,8.996458087367177,24.890200708382523,843823630.1282345,19057931850.084213,6998068363.636364,8212298631.602887,6943636363.636364,54432000.0,19057931850.084213,141837708.39735097,697920.721446154,satisfied,satisfied,satisfied,satisfied,satisfied,satisfied,violated,False
20260830-stress-fence:c1262,arm-grid-R-I,16.5,20500000.0,0.36,False,1.3,0.85,0.07,287.15167402618334,281.56099869200494,3.1312347175040447,3570.3101156062526,552.1653730032269,0.025561252396861404,9.221369539551356,25.512455726092085,886542201.4034765,19343241702.084217,7171659272.727274,8417606097.3929615,7117227272.727274,54432000.0,19343241702.084217,141837708.39735097,697920.721446154,satisfied,satisfied,violated,satisfied,satisfied,satisfied,violated,False
20260830-stress-fence:c1263,arm-grid-R-I,16.5,21000000.0,0.36,False,1.3,0.85,0.07,290.96833057004864,285.29519363110194,3.1312347175040447,3570.3101156062526,552.1653730032269,0.024358540407666676,9.446280991735536,26.134710743801648,930315552.2163786,19628551554.08421,7345250181.818181,8622913563.183035,7290818181.818181,54432000.0,19628551554.08421,141837708.39735097,697920.721446154,satisfied,satisfied,violated,satisfied,satisfied,satisfied,violated,False
20260830-stress-fence:c1264,arm-grid-R-I,16.5,21500000.0,0.36,False,1.3,0.85,0.07,294.784987113914,289.029388570199,3.1312347175040447,3570.3101156062526,552.1653730032269,0.02323875893949379,9.671192443919715,26.75696576151121,975143682.566941,19913861406.08421,7518841090.909092,8828221028.973106,7464409090.909092,54432000.0,19913861406.08421,141837708.39735097,697920.721446154,satisfied,satisfied,violated,satisfied,satisfied,satisfied,violated,False
20260830-stress-fence:c1265,arm-grid-R-I,16.5,22000000.0,0.36,False,1.3,0.85,0.07,298.6016436577793,292.76358350929604,3.1312347175040447,3570.3101156062526,552.1653730032269,0.022194455206159095,9.896103896103895,27.379220779220777,1021026592.455164,20199171258.08421,7692432000.0,9033528494.763178,7638000000.0,54432000.0,20199171258.08421,141837708.39735097,697920.721446154,satisfied,satisfied,violated,satisfied,satisfied,satisfied,violated,False
20260830-stress-fence:c1266,arm-grid-R-I,16.5,22500000.0,0.36,False,1.3,0.85,0.07,302.4183002016445,296.4977784483931,3.1312347175040447,3570.3101156062526,552.1653730032269,0.021218995199567416,10.121015348288074,28.001475796930336,1067964281.8810467,20484481110.084206,7866022909.090908,9238835960.55325,7811590909.090908,54432000.0,20484481110.084206,141837708.39735097,697920.721446154,satisfied,satisfied,violated,satisfied,satisfied,satisfied,violated,False
20260830-stress-fence:c1267,arm-grid-R-I,16.5,23000000.0,0.36,False,1.3,0.85,0.07,306.2349567455099,300.23197338749014,3.1312347175040447,3570.3101156062526,552.1653730032269,0.020306458071419665,10.345926800472254,28.623730814639902,1115956750.8445902,20769790962.08421,8039613818.181819,9444143426.343323,7985181818.181819,54432000.0,20769790962.08421,141837708.39735097,697920.721446154,satisfied,satisfied,violated,satisfied,satisfied,satisfied,violated,False
20260830-stress-fence:c1268,arm-grid-R-I,16.5,23500000.0,0.36,False,1.3,0.85,0.07,310.05161328937527,303.9661683265872,3.1312347175040447,3570.3101156062526,552.1653730032269,0.019451546074750574,10.570838252656433,29.245985832349465,1165003999.345794,21055100814.08421,8213204727.272727,9649450892.133394,8158772727.272727,54432000.0,21055100814.08421,141837708.39735097,697920.721446154,satisfied,satisfied,violated,satisfied,satisfied,satisfied,violated,False
20260830-stress-fence:c1269,arm-grid-R-I,16.5,24000000.0,0.36,False,1.3,0.85,0.07,313.86826983324056,307.70036326568425,3.1312347175040447,3570.3101156062526,552.1653730032269,0.018649507499619803,10.795749704840611,29.868240850059024,1215106027.3846576,21340410666.08421,8386795636.363636,9854758357.923466,8332363636.363636,54432000.0,21340410666.08421,141837708.39735097,697920.721446154,satisfied,satisfied,violated,satisfied,satisfied,satisfied,violated,False
20260830-stress-fence:c1270,arm-grid-R-I,16.5,24500000.0,0.36,False,1.3,0.85,0.07,317.68492637710585,311.43455820478135,3.1312347175040447,3570.3101156062526,552.1653730032269,0.017896070503591842,11.020661157024792,30.49049586776859,1266262834.961182,21625720518.08421,8560386545.454545,10060065823.713541,8505954545.454545,54432000.0,21625720518.08421,141837708.39735097,697920.721446154,satisfied,satisfied,violated,satisfied,satisfied,satisfied,violated,False
20260830-stress-fence:c1271,arm-grid-R-I,16.5,25000000.0,0.36,False,1.3,0.85,0.07,321.50158292097126,315.1687531438784,3.1312347175040447,3570.3101156062526,552.1653730032269,0.017187386111649605,11.245572609208972,31.112750885478157,1318474422.0753665,21911030370.08421,8733977454.545454,10265373289.503613,8679545454.545454,54432000.0,21911030370.08421,141837708.39735097,697920.721446154,satisfied,satisfied,violated,satisfied,satisfied,satisfied,violated,False
20260830-stress-fence:c1272,arm-grid-R-I,16.5,25500000.0,0.36,False,1.3,0.85,0.07,325.3182394648366,318.90294808297546,3.1312347175040447,3570.3101156062526,552.1653730032269,0.016519978961600932,11.47048406139315,31.735005903187712,1371740788.7272112,22196340222.08421,8907568363.636362,10470680755.293682,8853136363.636362,54432000.0,22196340222.08421,141837708.39735097,697920.721446154,satisfied,satisfied,violated,satisfied,satisfied,satisfied,violated,False
20260830-stress-fence:c1273,arm-grid-R-I,16.5,26000000.0,0.36,False,1.3,0.85,0.07,329.13489600870196,322.6371430220725,3.1312347175040447,3570.3101156062526,552.1653730032269,0.015890704615060657,11.69539551357733,32.357260920897275,1426061934.916716,22481650074.084213,9081159272.727274,10675988221.083755,9026727272.727274,54432000.0,22481650074.084213,141837708.39735097,697920.721446154,satisfied,satisfied,violated,satisfied,satisfied,satisfied,violated,False
20260830-stress-fence:c1274,arm-grid-R-I,17.0,2000000.0,0.36,False,1.3,0.85,0.07,144.8250916892631,142.3077992505995,3.1312347175040447,3678.501331230684,568.8976570336276,2.8507544687022137,0.87318563789152,2.4158135981665385,8190052.880656392,9042529091.772219,748795636.3636363,821229863.1602889,694363636.3636363,54432000.0,9042529091.772219,148197442.51010436,719069.8342172498,violated,satisfied,satisfied,satisfied,satisfied,satisfied,satisfied,False
20260830-stress-fence:c1275,arm-grid-R-I,17.0,2500000.0,0.36,False,1.3,0.85,0.07,148.50122983134017,145.904511788863,3.1312347175040447,3678.501331230684,568.8976570336276,1.824482859969417,1.0914820473644,3.019766997708173,12796957.626025612,9327838943.77222,922386545.4545455,1026537328.9503609,867954545.4545455,54432000.0,9327838943.77222,148197442.51010436,719069.8342172498,violated,satisfied,satisfied,satisfied,satisfied,satisfied,satisfied,False
20260830-stress-fence:c1276,arm-grid-R-I,17.0,3000000.0,0.36,False,1.3,0.85,0.07,152.17736797341726,149.50122432712652,3.1312347175040447,3678.501331230684,568.8976570336276,1.2670019860898727,1.3097784568372801,3.623720397249808,18427618.981476888,9613148795.77222,1095977454.5454545,1231844794.7404332,1041545454.5454545,54432000.0,9613148795.77222,148197442.51010436,719069.8342172498,violated,satisfied,satisfied,satisfied,satisfied,satisfied,satisfied,False
20260830-stress-fence:c1277,arm-grid-R-I,17.0,3500000.0,0.36,False,1.3,0.85,0.07,155.85350611549435,153.09793686539,3.1312347175040447,3678.501331230684,568.8976570336276,0.9308586020252126,1.52807486631016,4.227673796791443,25082036.947010204,9898458647.77222,1269568363.6363637,1437152260.5305052,1215136363.6363637,54432000.0,9898458647.77222,148197442.51010436,719069.8342172498,violated,satisfied,satisfied,satisfied,satisfied,satisfied,satisfied,False
20260830-stress-fence:c1278,arm-grid-R-I,17.0,4000000.0,0.36,False,1.3,0.85,0.07,159.5296442575714,156.69464940365344,3.1312347175040447,3678.501331230684,568.8976570336276,0.7126886171755534,1.74637127578304,4.831627196333077,32760211.52262557,10183768499.772217,1443159272.7272725,1642459726.3205779,1388727272.7272725,54432000.0,10183768499.772217,148197442.51010436,719069.8342172498,violated,satisfied,satisfied,satisfied,satisfied,satisfied,satisfied,False
20260830-stress-fence:c1279,arm-grid-R-I,17.0,4500000.0,0.36,False,1.3,0.85,0.07,163.20578239964846,160.29136194191696,3.1312347175040447,3678.501331230684,568.8976570336276,0.5631119938177211,1.9646676852559202,5.435580595874712,41462142.708322994,10469078351.772217,1616750181.8181815,1847767192.11065,1562318181.8181815,54432000.0,10469078351.772217,148197442.51010436,719069.8342172498,violated,satisfied,satisfied,satisfied,satisfied,satisfied,satisfied,False
20260830-stress-fence:c1280,arm-grid-R-I,17.0,5000000.0,0.36,False,1.3,0.85,0.07,166.88192054172555,163.8880744801805,3.1312347175040447,3678.501331230684,568.8976570336276,0.45612071499235424,2.1829640947288,6.039533995416346,51187830.504102446,10754388203.772217,1790341090.909091,2053074657.9007218,1735909090.909091,54432000.0,10754388203.772217,148197442.51010436,719069.8342172498,violated,satisfied,satisfied,satisfied,satisfied,satisfied,satisfied,False
20260830-stress-fence:c1281,arm-grid-R-I,17.0,5500000.0,0.36,False,1.3,0.85,0.07,170.55805868380264,167.484787018444,3.1312347175040447,3678.501331230684,568.8976570336276,0.3769592685887225,2.40126050420168,6.643487394957981,61937274.90996398,11039698055.772217,1963932000.0,2258382123.6907945,1909500000.0,54432000.0,11039698055.772217,148197442.51010436,719069.8342172498,violated,satisfied,satisfied,satisfied,satisfied,satisfied,satisfied,False
20260830-stress-fence:c1282,arm-grid-R-I,17.0,6000000.0,0.36,False,1.3,0.85,0.07,174.23419682587976,171.08149955670754,3.1312347175040447,3678.501331230684,568.8976570336276,0.3167504965224682,2.6195569136745602,7.247440794499616,73710475.92590755,11325007907.77222,2137522909.090909,2463689589.4808664,2083090909.090909,54432000.0,11325007907.77222,148197442.51010436,719069.8342172498,violated,satisfied,satisfied,satisfied,satisfied,satisfied,satisfied,False
20260830-stress-fence:c1283,arm-grid-R-I,17.0,6500000.0,0.36,False,1.3,0.85,0.07,177.91033496795683,174.67821209497103,3.1312347175040447,3678.501331230684,568.8976570336276,0.2698939141966592,2.8378533231474403,7.8513941940412515,86507433.55193315,11610317759.77222,2311113818.1818185,2668997055.270939,2256681818.1818185,54432000.0,11610317759.77222,148197442.51010436,719069.8342172498,violated,satisfied,satisfied,satisfied,satisfied,satisfied,satisfied,False
20260830-stress-fence:c1284,arm-grid-R-I,17.0,7000000.0,0.36,False,1.3,0.85,0.07,181.58647311003395,178.2749246332346,3.1312347175040447,3678.501331230684,568.8976570336276,0.23271465050630316,3.05614973262032,8.455347593582886,100328147.78804082,11895627611.772223,2484704727.2727275,2874304521.0610104,2430272727.2727275,54432000.0,11895627611.772223,148197442.51010436,719069.8342172498,violated,satisfied,satisfied,satisfied,satisfied,satisfied,satisfied,False
20260830-stress-fence:c1285,arm-grid-R-I,17.0,7500000.0,0.36,False,1.3,0.85,0.07,185.26261125211104,181.8716371714981,3.1312347175040447,3678.501331230684,568.8976570336276,0.20272031777437965,3.2744461420932,9.05930099312452,115172618.63423052,12180937463.772223,2658295636.3636365,3079611986.851083,2603863636.3636365,54432000.0,12180937463.772223,148197442.51010436,719069.8342172498,violated,satisfied,satisfied,satisfied,satisfied,satisfied,satisfied,False
20260830-stress-fence:c1286,arm-grid-R-I,17.0,8000000.0,0.36,False,1.3,0.85,0.07,188.93874939418808,185.46834970976158,3.1312347175040447,3678.501331230684,568.8976570336276,0.17817215429388836,3.49274255156608,9.663254392666154,131040846.09050228,12466247315.77222,2831886545.454545,3284919452.6411557,2777454545.454545,54432000.0,12466247315.77222,148197442.51010436,719069.8342172498,violated,satisfied,satisfied,satisfied,satisfied,satisfied,satisfied,False
20260830-stress-fence:c1287,arm-grid-R-I,17.0,8500000.0,0.36,False,1.3,0.85,0.07,192.6148875362652,189.06506224802507,3.1312347175040447,3678.501331230684,568.8976570336276,0.1578272370215758,3.7110389610389607,10.267207792207792,147932830.15685615,12751557167.772223,3005477454.5454545,3490226918.431227,2951045454.5454545,54432000.0,12751557167.772223,148197442.51010436,719069.8342172498,violated,satisfied,satisfied,satisfied,satisfied,satisfied,satisfied,False
20260830-stress-fence:c1288,arm-grid-R-I,17.0,9000000.0,0.36,False,1.3,0.85,0.07,196.29102567834227,192.6617747862886,3.1312347175040447,3678.501331230684,568.8976570336276,0.1407779984544303,3.9293353705118403,10.871161191749424,165848570.83329198,13036867019.77222,3179068363.636363,3695534384.2213,3124636363.636363,54432000.0,13036867019.77222,148197442.51010436,719069.8342172498,violated,satisfied,satisfied,satisfied,satisfied,satisfied,satisfied,False
20260830-stress-fence:c1289,arm-grid-R-I,17.0,9500000.0,0.36,False,1.3,0.85,0.07,199.9671638204194,196.25848732455208,3.1312347175040447,3678.501331230684,568.8976570336276,0.12634922852973796,4.147631779984721,11.47511459129106,184788068.1198099,13322176871.772223,3352659272.727273,3900841850.011372,3298227272.727273,54432000.0,13322176871.772223,148197442.51010436,719069.8342172498,violated,satisfied,satisfied,satisfied,satisfied,satisfied,satisfied,False
20260830-stress-fence:c1290,arm-grid-R-I,17.0,10000000.0,0.36,False,1.3,0.85,0.07,203.64330196249645,199.85519986281557,3.1312347175040447,3678.501331230684,568.8976570336276,0.11403017874808856,4.3659281894576,12.079067990832693,204751322.01640978,13607486723.772223,3526250181.818182,4106149315.8014436,3471818181.818182,54432000.0,13607486723.772223,148197442.51010436,719069.8342172498,violated,satisfied,satisfied,satisfied,satisfied,satisfied,satisfied,False
20260830-stress-fence:c1291,arm-grid-R-I,17.0,10500000.0,0.36,False,1.3,0.85,0.07,207.31944010457352,203.4519124010791,3.1312347175040447,3678.501331230684,568.8976570336276,0.10342873355835695,4.58422459893048,12.683021390374329,225738332.52309185,13892796575.77222,3699841090.9090905,4311456781.5915165,3645409090.9090905,54432000.0,13892796575.77222,148197442.51010436,719069.8342172498,violated,satisfied,satisfied,satisfied,satisfied,satisfied,satisfied,False
20260830-stress-fence:c1292,arm-grid-R-I,17.0,11000000.0,0.36,False,1.3,0.85,0.07,210.9955782466506,207.0486249393426,3.1312347175040447,3678.501331230684,568.8976570336276,0.09423981714718062,4.80252100840336,13.286974789915963,247749099.63985592,14178106427.772223,3873432000.0,4516764247.381589,3819000000.0,54432000.0,14178106427.772223,148197442.51010436,719069.8342172498,violated,satisfied,satisfied,satisfied,satisfied,satisfied,satisfied,False
20260830-stress-fence:c1293,arm-grid-R-I,17.0,11500000.0,0.36,False,1.3,0.85,0.07,214.6717163887277,210.64533747760612,3.1312347175040447,3678.501331230684,568.8976570336276,0.08622319754108772,5.020817417876241,13.8909281894576,270783623.3667021,14463416279.772223,4047022909.0909095,4722071713.171661,3992590909.0909095,54432000.0,14463416279.772223,148197442.51010436,719069.8342172498,violated,satisfied,satisfied,satisfied,satisfied,satisfied,satisfied,False
20260830-stress-fence:c1294,arm-grid-R-I,17.0,12000000.0,0.36,False,1.3,0.85,0.07,218.34785453080477,214.2420500158696,3.1312347175040447,3678.501331230684,568.8976570336276,0.07918762413061704,5.2391138273491205,14.494881588999233,294841903.7036302,14748726131.77222,4220613818.181818,4927379178.961733,4166181818.181818,54432000.0,14748726131.77222,148197442.51010436,719069.8342172498,violated,satisfied,satisfied,satisfied,satisfied,satisfied,satisfied,False
20260830-stress-fence:c1295,arm-grid-R-I,17.0,12500000.0,0.36,False,1.3,0.85,0.07,222.02399267288186,217.8387625541331,3.1312347175040447,3678.501331230684,568.8976570336276,0.07297931439877665,5.4574102368220005,15.098834988540867,319923940.65064037,15034035983.77222,4394204727.272727,5132686644.751806,4339772727.272727,54432000.0,15034035983.77222,148197442.51010436,719069.8342172498,violated,satisfied,satisfied,satisfied,satisfied,satisfied,satisfied,False
20260830-stress-fence:c1296,arm-grid-R-I,17.0,13000000.0,0.36,False,1.3,0.85,0.07,225.70013081495892,221.4354750923966,3.1312347175040447,3678.501331230684,568.8976570336276,0.0674734785491648,5.675706646294881,15.702788388082503,346029734.2077326,15319345835.772223,4567795636.363637,5337994110.541878,4513363636.363637,54432000.0,15319345835.772223,148197442.51010436,719069.8342172498,violated,satisfied,satisfied,satisfied,satisfied,satisfied,satisfied,False
20260830-stress-fence:c1297,arm-grid-R-I,17.0,13500000.0,0.36,False,1.3,0.85,0.07,229.37626895703602,225.03218763066013,3.1312347175040447,3678.501331230684,568.8976570336276,0.06256799931308013,5.894003055767761,16.306741787624137,373159284.37490696,15604655687.772223,4741386545.454545,5543301576.33195,4686954545.454545,54432000.0,15604655687.772223,148197442.51010436,719069.8342172498,violated,satisfied,satisfied,satisfied,satisfied,satisfied,satisfied,False
20260830-stress-fence:c1298,arm-grid-R-I,17.0,14000000.0,0.36,False,1.3,0.85,0.07,233.0524070991131,228.6289001689237,3.1312347175040447,3678.501331230684,568.8976570336276,0.05817866262657579,6.11229946524064,16.91069518716577,401312591.15216327,15889965539.772224,4914977454.545455,5748609042.122021,4860545454.545455,54432000.0,15889965539.772224,148197442.51010436,719069.8342172498,violated,satisfied,satisfied,satisfied,satisfied,satisfied,satisfied,False
20260830-stress-fence:c1299,arm-grid-R-I,17.0,14500000.0,0.36,False,1.3,0.85,0.07,236.72854524119018,232.22561270718714,3.1312347175040447,3678.501331230684,568.8976570336276,0.05423551902406113,6.330595874713521,17.51464858670741,430489654.5395018,16175275391.77222,5088568363.636363,5953916507.912094,5034136363.636363,54432000.0,16175275391.77222,148197442.51010436,719069.8342172498,violated,satisfied,satisfied,satisfied,satisfied,satisfied,satisfied,False
20260830-stress-fence:c1300,arm-grid-R-I,17.0,15000000.0,0.36,False,1.3,0.85,0.07,240.40468338326727,235.82232524545068,3.1312347175040447,3678.501331230684,568.8976570336276,0.050680079443594914,6.5488922841864,18.11860198624904,460690474.5369221,16460585243.772223,5262159272.727273,6159223973.702166,5207727272.727273,54432000.0,16460585243.772223,148197442.51010436,719069.8342172498,violated,satisfied,satisfied,satisfied,satisfied,satisfied,satisfied,False
20260830-stress-fence:c1301,arm-grid-R-I,17.0,15500000.0,0.36,False,1.3,0.85,0.07,244.0808215253444,239.41903778371417,3.1312347175040447,3678.501331230684,568.8976570336276,0.047463133714084726,6.76718869365928,18.722555385790674,491915051.1444246,16745895095.772224,5435750181.818182,6364531439.492238,5381318181.818182,54432000.0,16745895095.772224,148197442.51010436,719069.8342172498,satisfied,satisfied,satisfied,satisfied,satisfied,satisfied,satisfied,True
20260830-stress-fence:c1302,arm-grid-R-I,17.0,16000000.0,0.36,False,1.3,0.85,0.07,247.75695966742146,243.0157503219777,3.1312347175040447,3678.501331230684,568.8976570336276,0.04454303857347209,6.98548510313216,19.326508785332308,524163384.3620091,17031204947.772223,5609341090.90909,6569838905.282311,5554909090.90909,54432000.0,17031204947.772223,148197442.51010436,719069.8342172498,satisfied,satisfied,satisfied,satisfied,satisfied,satisfied,satisfied,True
20260830-stress-fence:c1303,arm-grid-R-I,17.0,16500000.0,0.36,False,1.3,0.85,0.07,251.4330978094985,246.61246286024118,3.1312347175040447,3678.501331230684,568.8976570336276,0.04188436317652472,7.20378151260504,19.930462184873946,557435474.1896758,17316514799.77222,5782931999.999999,6775146371.072383,5728499999.999999,54432000.0,17316514799.77222,148197442.51010436,719069.8342172498,satisfied,satisfied,satisfied,satisfied,satisfied,satisfied,satisfied,True
20260830-stress-fence:c1304,arm-grid-R-I,17.0,17000000.0,0.36,False,1.3,0.85,0.07,255.10923595157556,250.20917539850467,3.1312347175040447,3678.501331230684,568.8976570336276,0.03945680925539395,7.422077922077921,20.534415584415584,591731320.6274246,17601824651.77222,5956522909.090909,6980453836.862454,5902090909.090909,54432000.0,17601824651.77222,148197442.51010436,719069.8342172498,satisfied,satisfied,satisfied,satisfied,satisfied,satisfied,satisfied,True
20260830-stress-fence:c1305,arm-grid-R-I,17.0,17500000.0,0.36,False,1.3,0.85,0.07,258.78537409365265,253.80588793676816,3.1312347175040447,3678.501331230684,568.8976570336276,0.0372343440810085,7.640374331550801,21.138368983957214,627050923.6752551,17887134503.77222,6130113818.181818,7185761302.652529,6075681818.181818,54432000.0,17887134503.77222,148197442.51010436,719069.8342172498,satisfied,satisfied,satisfied,satisfied,satisfied,satisfied,satisfied,True
20260830-stress-fence:c1306,arm-grid-R-I,17.0,18000000.0,0.36,False,1.3,0.85,0.07,262.46151223572963,257.4026004750316,3.1312347175040447,3678.501331230684,568.8976570336276,0.03519449961360757,7.858670741023681,21.74232238349885,663394283.3331679,18172444355.772213,6303704727.272726,7391068768.4426,6249272727.272726,54432000.0,18172444355.772213,148197442.51010436,719069.8342172498,satisfied,satisfied,satisfied,satisfied,satisfied,satisfied,satisfied,True
20260830-stress-fence:c1307,arm-grid-R-I,17.0,18500000.0,0.36,False,1.3,0.85,0.07,266.1376503778068,260.99931301329514,3.1312347175040447,3678.501331230684,568.8976570336276,0.03331780240996013,8.07696715049656,22.346275783040483,700761399.6011626,18457754207.772217,6477295636.363637,7596376234.232673,6422863636.363637,54432000.0,18457754207.772217,148197442.51010436,719069.8342172498,satisfied,satisfied,satisfied,satisfied,satisfied,satisfied,satisfied,True
20260830-stress-fence:c1308,arm-grid-R-I,17.0,19000000.0,0.36,False,1.3,0.85,0.07,269.8137885198839,264.5960255515586,3.1312347175040447,3678.501331230684,568.8976570336276,0.03158730713243449,8.295263559969442,22.95022918258212,739152272.4792396,18743064059.772217,6650886545.454546,7801683700.022744,6596454545.454546,54432000.0,18743064059.772217,148197442.51010436,719069.8342172498,satisfied,satisfied,satisfied,satisfied,satisfied,satisfied,satisfied,True
20260830-stress-fence:c1309,arm-grid-R-I,17.0,19500000.0,0.36,False,1.3,0.85,0.07,273.48992666196096,268.19273808982206,3.1312347175040447,3678.501331230684,568.8976570336276,0.029988212688517694,8.513559969442321,23.554182582123754,778566901.9673985,19028373911.772213,6824477454.545454,8006991165.812818,6770045454.545454,54432000.0,19028373911.772213,148197442.51010436,719069.8342172498,satisfied,satisfied,satisfied,satisfied,satisfied,satisfied,satisfied,True
20260830-stress-fence:c1310,arm-grid-R-I,17.0,20000000.0,0.36,False,1.3,0.85,0.07,277.16606480403806,271.7894506280857,3.1312347175040447,3678.501331230684,568.8976570336276,0.02850754468702214,8.7318563789152,24.158135981665385,819005288.0656391,19313683763.772217,6998068363.636364,8212298631.602887,6943636363.636364,54432000.0,19313683763.772217,148197442.51010436,719069.8342172498,satisfied,satisfied,satisfied,satisfied,satisfied,satisfied,violated,False
20260830-stress-fence:c1311,arm-grid-R-I,17.0,20500000.0,0.36,False,1.3,0.85,0.07,280.8422029461152,275.3861631663492,3.1312347175040447,3678.501331230684,568.8976570336276,0.027133891433215592,8.950152788388081,24.762089381207023,860467430.7739624,19598993615.77222,7171659272.727274,8417606097.3929615,7117227272.727274,54432000.0,19598993615.77222,148197442.51010436,719069.8342172498,satisfied,satisfied,satisfied,satisfied,satisfied,satisfied,violated,False
20260830-stress-fence:c1312,arm-grid-R-I,17.0,21000000.0,0.36,False,1.3,0.85,0.07,284.5183410881922,278.98287570461264,3.1312347175040447,3678.501331230684,568.8976570336276,0.025857183389589238,9.16844919786096,25.366042780748657,902953330.0923674,19884303467.772213,7345250181.818181,8622913563.183033,7290818181.818181,54432000.0,19884303467.772213,148197442.51010436,719069.8342172498,satisfied,satisfied,violated,satisfied,satisfied,satisfied,violated,False
20260830-stress-fence:c1313,arm-grid-R-I,17.0,21500000.0,0.36,False,1.3,0.85,0.07,288.19447923026934,282.57958824287624,3.1312347175040447,3678.501331230684,568.8976570336276,0.024668508112079733,9.38674560733384,25.969996180290288,946462986.0208544,20169613319.77222,7518841090.909092,8828221028.973104,7464409090.909092,54432000.0,20169613319.77222,148197442.51010436,719069.8342172498,satisfied,satisfied,violated,satisfied,satisfied,satisfied,violated,False
20260830-stress-fence:c1314,arm-grid-R-I,17.0,22000000.0,0.36,False,1.3,0.85,0.07,291.8706173723463,286.1763007811396,3.1312347175040447,3678.501331230684,568.8976570336276,0.023559954286795155,9.60504201680672,26.573949579831925,990996398.5594237,20454923171.772213,7692432000.0,9033528494.763178,7638000000.0,54432000.0,20454923171.772213,148197442.51010436,719069.8342172498,satisfied,satisfied,violated,satisfied,satisfied,satisfied,violated,False
20260830-stress-fence:c1315,arm-grid-R-I,17.0,22500000.0,0.36,False,1.3,0.85,0.07,295.54675551442335,289.7730133194031,3.1312347175040447,3678.501331230684,568.8976570336276,0.022524479752708843,9.823338426279602,27.177902979373563,1036553567.7080749,20740233023.772213,7866022909.090908,9238835960.55325,7811590909.090908,54432000.0,20740233023.772213,148197442.51010436,719069.8342172498,satisfied,satisfied,violated,satisfied,satisfied,satisfied,violated,False
20260830-stress-fence:c1316,arm-grid-R-I,17.0,23000000.0,0.36,False,1.3,0.85,0.07,299.2228936565005,293.36972585766665,3.1312347175040447,3678.501331230684,568.8976570336276,0.02155579938527193,10.041634835752483,27.7818563789152,1083134493.4668083,21025542875.772217,8039613818.181819,9444143426.343323,7985181818.181819,54432000.0,21025542875.772217,148197442.51010436,719069.8342172498,satisfied,satisfied,violated,satisfied,satisfied,satisfied,violated,False
20260830-stress-fence:c1317,arm-grid-R-I,17.0,23500000.0,0.36,False,1.3,0.85,0.07,302.89903179857754,296.96643839593014,3.1312347175040447,3678.501331230684,568.8976570336276,0.020648289497164067,10.25993124522536,28.385809778456828,1130739175.8356233,21310852727.772213,8213204727.272727,9649450892.133392,8158772727.272727,54432000.0,21310852727.772213,148197442.51010436,719069.8342172498,satisfied,satisfied,violated,satisfied,satisfied,satisfied,violated,False
20260830-stress-fence:c1318,arm-grid-R-I,17.0,24000000.0,0.36,False,1.3,0.85,0.07,306.57516994065463,300.56315093419363,3.1312347175040447,3678.501331230684,568.8976570336276,0.01979690603265426,10.478227654698241,28.989763177998466,1179367614.8145208,21596162579.772213,8386795636.363636,9854758357.923466,8332363636.363636,54432000.0,21596162579.772213,148197442.51010436,719069.8342172498,satisfied,satisfied,violated,satisfied,satisfied,satisfied,violated,False
20260830-stress-fence:c1319,arm-grid-R-I,17.0,24500000.0,0.36,False,1.3,0.85,0.07,310.25130808273167,304.15986347245706,3.1312347175040447,3678.501331230684,568.8976570336276,0.01899711432704515,10.696524064171122,29.593716577540103,1229019810.4035003,21881472431.77221,8560386545.454545,10060065823.71354,8505954545.454545,54432000.0,21881472431.77221,148197442.51010436,719069.8342172498,satisfied,satisfied,violated,satisfied,satisfied,satisfied,violated,False
20260830-stress-fence:c1320,arm-grid-R-I,17.0,25000000.0,0.36,False,1.3,0.85,0.07,313.92744622480876,307.75657601072066,3.1312347175040447,3678.501331230684,568.8976570336276,0.018244828599694164,10.914820473644001,30.197669977081734,1279695762.6025615,22166782283.772213,8733977454.545454,10265373289.503613,8679545454.545454,54432000.0,22166782283.772213,148197442.51010436,719069.8342172498,satisfied,satisfied,violated,satisfied,satisfied,satisfied,violated,False
20260830-stress-fence:c1321,arm-grid-R-I,17.0,25500000.0,0.36,False,1.3,0.85,0.07,317.60358436688585,311.3532885489841,3.1312347175040447,3678.501331230684,568.8976570336276,0.017536359669063983,11.13311688311688,30.80162337662337,1331395471.411705,22452092135.77221,8907568363.636362,10470680755.293682,8853136363.636362,54432000.0,22452092135.77221,148197442.51010436,719069.8342172498,satisfied,satisfied,violated,satisfied,satisfied,satisfied,violated,False
20260830-stress-fence:c1322,arm-grid-R-I,17.0,26000000.0,0.36,False,1.3,0.85,0.07,321.27972250896295,314.9500010872477,3.1312347175040447,3678.501331230684,568.8976570336276,0.0168683696372912,11.351413292589761,31.405576776165006,1384118936.8309305,22737401987.772213,9081159272.727274,10675988221.083755,9026727272.727274,54432000.0,22737401987.772213,148197442.51010436,719069.8342172498,satisfied,satisfied,violated,satisfied,satisfied,satisfied,violated,False
20260830-stress-fence:c1323,arm-grid-R-I,17.5,2000000.0,0.36,False,1.3,0.85,0.07,143.83396719329895,141.3367189641107,3.131234717504045,3786.6925468551167,585.6299410640286,3.0209119586160993,0.8482374768089053,2.346790352504638,7956051.369780497,9300796192.86427,748795636.3636363,821229863.1602889,694363636.3636363,54432000.0,9300796192.86427,154662263.58433664,740218.9469883455,violated,satisfied,satisfied,satisfied,satisfied,satisfied,satisfied,False
20260830-stress-fence:c1324,arm-grid-R-I,17.5,2500000.0,0.36,False,1.3,0.85,0.07,147.37956648794778,144.805713040464,3.131234717504045,3786.6925468551167,585.6299410640286,1.9333836535143032,1.0602968460111317,2.9334879406307977,12431330.265282027,9586106044.86427,922386545.4545455,1026537328.9503613,867954545.4545455,54432000.0,9586106044.86427,154662263.58433664,740218.9469883455,violated,satisfied,satisfied,satisfied,satisfied,satisfied,satisfied,False
20260830-stress-fence:c1325,arm-grid-R-I,17.5,3000000.0,0.36,False,1.3,0.85,0.07,150.92516578259665,148.2747071168173,3.131234717504045,3786.6925468551167,585.6299410640286,1.342627537162711,1.2723562152133578,3.5201855287569566,17901115.58200612,9871415896.86427,1095977454.5454545,1231844794.7404332,1041545454.5454545,54432000.0,9871415896.86427,154662263.58433664,740218.9469883455,violated,satisfied,satisfied,satisfied,satisfied,satisfied,satisfied,False
20260830-stress-fence:c1326,arm-grid-R-I,17.5,3500000.0,0.36,False,1.3,0.85,0.07,154.47076507724552,151.74370119317055,3.131234717504045,3786.6925468551167,585.6299410640286,0.9864202313848488,1.4844155844155842,4.106883116883116,24365407.319952775,10156725748.86427,1269568363.6363637,1437152260.5305057,1215136363.6363637,54432000.0,10156725748.86427,154662263.58433664,740218.9469883455,violated,satisfied,satisfied,satisfied,satisfied,satisfied,satisfied,False
20260830-stress-fence:c1327,arm-grid-R-I,17.5,4000000.0,0.36,False,1.3,0.85,0.07,158.01636437189433,155.21269526952386,3.131234717504045,3786.6925468551167,585.6299410640286,0.7552279896540248,1.6964749536178105,4.693580705009276,31824205.479121987,10442035600.86427,1443159272.7272725,1642459726.3205779,1388727272.7272725,54432000.0,10442035600.86427,154662263.58433664,740218.9469883455,violated,satisfied,satisfied,satisfied,satisfied,satisfied,satisfied,False
20260830-stress-fence:c1328,arm-grid-R-I,17.5,4500000.0,0.36,False,1.3,0.85,0.07,161.5619636665432,158.68168934587717,3.131234717504045,3786.6925468551167,585.6299410640286,0.5967233498500936,1.908534322820037,5.280278293135436,40277510.05951378,10727345452.86427,1616750181.8181815,1847767192.11065,1562318181.8181815,54432000.0,10727345452.86427,154662263.58433664,740218.9469883455,violated,satisfied,satisfied,satisfied,satisfied,satisfied,satisfied,False
20260830-stress-fence:c1329,arm-grid-R-I,17.5,5000000.0,0.36,False,1.3,0.85,0.07,165.10756296119206,162.15068342223043,3.131234717504045,3786.6925468551167,585.6299410640286,0.4833459133785758,2.1205936920222634,5.866975881261595,49725321.06112811,11012655304.86427,1790341090.909091,2053074657.9007225,1735909090.909091,54432000.0,11012655304.86427,154662263.58433664,740218.9469883455,violated,satisfied,satisfied,satisfied,satisfied,satisfied,satisfied,False
20260830-stress-fence:c1330,arm-grid-R-I,17.5,5500000.0,0.36,False,1.3,0.85,0.07,168.65316225584093,165.6196774985837,3.131234717504045,3786.6925468551167,585.6299410640286,0.3994594325442776,2.3326530612244896,6.453673469387755,60167638.48396502,11297965156.86427,1963932000.0,2258382123.6907945,1909500000.0,54432000.0,11297965156.86427,154662263.58433664,740218.9469883455,violated,satisfied,satisfied,satisfied,satisfied,satisfied,satisfied,False
20260830-stress-fence:c1331,arm-grid-R-I,17.5,6000000.0,0.36,False,1.3,0.85,0.07,172.19876155048973,169.08867157493702,3.131234717504045,3786.6925468551167,585.6299410640286,0.33565688429067775,2.5447124304267157,7.040371057513913,71604462.32802448,11583275008.86427,2137522909.090909,2463689589.4808664,2083090909.090909,54432000.0,11583275008.86427,154662263.58433664,740218.9469883455,violated,satisfied,satisfied,satisfied,satisfied,satisfied,satisfied,False
20260830-stress-fence:c1332,arm-grid-R-I,17.5,6500000.0,0.36,False,1.3,0.85,0.07,175.7443608451386,172.55766565129028,3.131234717504045,3786.6925468551167,585.6299410640286,0.2860034990405774,2.7567717996289423,7.627068645640073,84035792.5933065,11868584860.86427,2311113818.1818185,2668997055.2709394,2256681818.1818185,54432000.0,11868584860.86427,154662263.58433664,740218.9469883455,violated,satisfied,satisfied,satisfied,satisfied,satisfied,satisfied,False
20260830-stress-fence:c1333,arm-grid-R-I,17.5,7000000.0,0.36,False,1.3,0.85,0.07,179.28996013978747,176.02665972764356,3.131234717504045,3786.6925468551167,585.6299410640286,0.2466050578462122,2.9688311688311684,8.213766233766233,97461629.2798111,12153894712.86427,2484704727.2727275,2874304521.0610113,2430272727.2727275,54432000.0,12153894712.86427,154662263.58433664,740218.9469883455,violated,satisfied,satisfied,satisfied,satisfied,satisfied,satisfied,False
20260830-stress-fence:c1334,arm-grid-R-I,17.5,7500000.0,0.36,False,1.3,0.85,0.07,182.8355594344363,179.49565380399687,3.131234717504045,3786.6925468551167,585.6299410640286,0.2148204059460338,3.1808905380333945,8.800463821892391,111881972.38753824,12439204564.86427,2658295636.3636365,3079611986.851083,2603863636.3636365,54432000.0,12439204564.86427,154662263.58433664,740218.9469883455,violated,satisfied,satisfied,satisfied,satisfied,satisfied,satisfied,False
20260830-stress-fence:c1335,arm-grid-R-I,17.5,8000000.0,0.36,False,1.3,0.85,0.07,186.38115872908514,182.96464788035013,3.131234717504045,3786.6925468551167,585.6299410640286,0.1888069974135062,3.392949907235621,9.387161410018551,127296821.91648795,12724514416.86427,2831886545.454545,3284919452.6411557,2777454545.454545,54432000.0,12724514416.86427,154662263.58433664,740218.9469883455,violated,satisfied,satisfied,satisfied,satisfied,satisfied,satisfied,False
20260830-stress-fence:c1336,arm-grid-R-I,17.5,8500000.0,0.36,False,1.3,0.85,0.07,189.926758023734,186.43364195670344,3.131234717504045,3786.6925468551167,585.6299410640286,0.1672477208922408,3.6050092764378476,9.973858998144712,143706177.86666024,13009824268.86427,3005477454.5454545,3490226918.431227,2951045454.5454545,54432000.0,13009824268.86427,154662263.58433664,740218.9469883455,violated,satisfied,satisfied,satisfied,satisfied,satisfied,satisfied,False
20260830-stress-fence:c1337,arm-grid-R-I,17.5,9000000.0,0.36,False,1.3,0.85,0.07,193.47235731838285,189.90263603305672,3.131234717504045,3786.6925468551167,585.6299410640286,0.1491808374625234,3.817068645640074,10.560556586270872,161110040.2380551,13295134120.86427,3179068363.636363,3695534384.2213,3124636363.636363,54432000.0,13295134120.86427,154662263.58433664,740218.9469883455,violated,satisfied,satisfied,satisfied,satisfied,satisfied,satisfied,False
20260830-stress-fence:c1338,arm-grid-R-I,17.5,9500000.0,0.36,False,1.3,0.85,0.07,197.01795661303169,193.37163010940998,3.131234717504045,3786.6925468551167,585.6299410640286,0.13389083473090746,4.0291280148423,11.147254174397029,179508409.03067243,13580443972.86427,3352659272.727273,3900841850.011372,3298227272.727273,54432000.0,13580443972.86427,154662263.58433664,740218.9469883455,violated,satisfied,satisfied,satisfied,satisfied,satisfied,satisfied,False
20260830-stress-fence:c1339,arm-grid-R-I,17.5,10000000.0,0.36,False,1.3,0.85,0.07,200.56355590768055,196.84062418576326,3.131234717504045,3786.6925468551167,585.6299410640286,0.12083647834464395,4.241187384044527,11.73395176252319,198901284.24451244,13865753824.86427,3526250181.818182,4106149315.801445,3471818181.818182,54432000.0,13865753824.86427,154662263.58433664,740218.9469883455,violated,satisfied,satisfied,satisfied,satisfied,satisfied,satisfied,False
20260830-stress-fence:c1340,arm-grid-R-I,17.5,10500000.0,0.36,False,1.3,0.85,0.07,204.10915520232945,200.3096182621166,3.131234717504045,3786.6925468551167,585.6299410640286,0.10960224793164985,4.453246753246753,12.320649350649349,219288665.87957495,14151063676.86427,3699841090.9090905,4311456781.591517,3645409090.9090905,54432000.0,14151063676.86427,154662263.58433664,740218.9469883455,violated,satisfied,satisfied,satisfied,satisfied,satisfied,satisfied,False
20260830-stress-fence:c1341,arm-grid-R-I,17.5,11000000.0,0.36,False,1.3,0.85,0.07,207.65475449697823,203.77861233846986,3.131234717504045,3786.6925468551167,585.6299410640286,0.0998648581360694,4.665306122448979,12.90734693877551,240670553.93586007,14436373528.86427,3873432000.0,4516764247.381589,3819000000.0,54432000.0,14436373528.86427,154662263.58433664,740218.9469883455,violated,satisfied,satisfied,satisfied,satisfied,satisfied,satisfied,False
20260830-stress-fence:c1342,arm-grid-R-I,17.5,11500000.0,0.36,False,1.3,0.85,0.07,211.2003537916271,207.24760641482314,3.131234717504045,3786.6925468551167,585.6299410640286,0.09136973787874779,4.877365491651206,13.49404452690167,263046948.41336775,14721683380.86427,4047022909.0909095,4722071713.171661,3992590909.0909095,54432000.0,14721683380.86427,154662263.58433664,740218.9469883455,violated,satisfied,satisfied,satisfied,satisfied,satisfied,satisfied,False
20260830-stress-fence:c1343,arm-grid-R-I,17.5,12000000.0,0.36,False,1.3,0.85,0.07,214.745953086276,210.71660049117642,3.131234717504045,3786.6925468551167,585.6299410640286,0.08391422107266944,5.089424860853431,14.080742115027826,286417849.3120979,15006993232.86427,4220613818.181818,4927379178.961733,4166181818.181818,54432000.0,15006993232.86427,154662263.58433664,740218.9469883455,violated,satisfied,satisfied,satisfied,satisfied,satisfied,satisfied,False
20260830-stress-fence:c1344,arm-grid-R-I,17.5,12500000.0,0.36,False,1.3,0.85,0.07,218.29155238092488,214.18559456752976,3.131234717504045,3786.6925468551167,585.6299410640286,0.07733534614057214,5.301484230055658,14.667439703153988,310783256.6320507,15292303084.864273,4394204727.272727,5132686644.751806,4339772727.272727,54432000.0,15292303084.864273,154662263.58433664,740218.9469883455,violated,satisfied,satisfied,satisfied,satisfied,satisfied,satisfied,False
20260830-stress-fence:c1345,arm-grid-R-I,17.5,13000000.0,0.36,False,1.3,0.85,0.07,221.83715167557366,217.65458864388302,3.131234717504045,3786.6925468551167,585.6299410640286,0.07150087476014436,5.5135435992578845,15.254137291280147,336143170.373226,15577612936.86427,4567795636.363637,5337994110.541879,4513363636.363637,54432000.0,15577612936.86427,154662263.58433664,740218.9469883455,violated,satisfied,satisfied,satisfied,satisfied,satisfied,satisfied,False
20260830-stress-fence:c1346,arm-grid-R-I,17.5,13500000.0,0.36,False,1.3,0.85,0.07,225.38275097022253,221.1235827202363,3.131234717504045,3786.6925468551167,585.6299410640286,0.06630259442778819,5.725602968460111,15.840834879406305,362497590.5356239,15862922788.86427,4741386545.454545,5543301576.33195,4686954545.454545,54432000.0,15862922788.86427,154662263.58433664,740218.9469883455,violated,satisfied,satisfied,satisfied,satisfied,satisfied,satisfied,False
20260830-stress-fence:c1347,arm-grid-R-I,17.5,14000000.0,0.36,False,1.3,0.85,0.07,228.9283502648714,224.59257679658955,3.131234717504045,3786.6925468551167,585.6299410640286,0.06165126446155305,5.937662337662337,16.427532467532465,389846517.1192444,16148232640.86427,4914977454.545455,5748609042.122023,4860545454.545455,54432000.0,16148232640.86427,154662263.58433664,740218.9469883455,violated,satisfied,satisfied,satisfied,satisfied,satisfied,satisfied,False
20260830-stress-fence:c1348,arm-grid-R-I,17.5,14500000.0,0.36,False,1.3,0.85,0.07,232.47394955952024,228.06157087294284,3.131234717504045,3786.6925468551167,585.6299410640286,0.057472760211483453,6.149721706864564,17.014230055658626,418189950.12408745,16433542492.86427,5088568363.636363,5953916507.912094,5034136363.636363,54432000.0,16433542492.86427,154662263.58433664,740218.9469883455,violated,satisfied,satisfied,satisfied,satisfied,satisfied,satisfied,False
20260830-stress-fence:c1349,arm-grid-R-I,17.5,15000000.0,0.36,False,1.3,0.85,0.07,236.01954885416907,231.53056494929612,3.131234717504045,3786.6925468551167,585.6299410640286,0.05370510148650845,6.361781076066789,17.600927643784782,447527889.55015296,16718852344.86427,5262159272.727273,6159223973.702166,5207727272.727273,54432000.0,16718852344.86427,154662263.58433664,740218.9469883455,violated,satisfied,satisfied,satisfied,satisfied,satisfied,satisfied,False
20260830-stress-fence:c1350,arm-grid-R-I,17.5,15500000.0,0.36,False,1.3,0.85,0.07,239.56514814881794,234.9995590256494,3.131234717504045,3786.6925468551167,585.6299410640286,0.05029614083023683,6.573840445269016,18.187625231910943,477860335.39744115,17004162196.86427,5435750181.818182,6364531439.49224,5381318181.818182,54432000.0,17004162196.86427,154662263.58433664,740218.9469883455,violated,satisfied,satisfied,satisfied,satisfied,satisfied,satisfied,False
20260830-stress-fence:c1351,arm-grid-R-I,17.5,16000000.0,0.36,False,1.3,0.85,0.07,243.1107474434668,238.46855310200272,3.131234717504045,3786.6925468551167,585.6299410640286,0.04720174935337655,6.785899814471242,18.774322820037103,509187287.6659518,17289472048.86427,5609341090.90909,6569838905.282311,5554909090.90909,54432000.0,17289472048.86427,154662263.58433664,740218.9469883455,satisfied,satisfied,satisfied,satisfied,satisfied,satisfied,satisfied,True
20260830-stress-fence:c1352,arm-grid-R-I,17.5,16500000.0,0.36,False,1.3,0.85,0.07,246.65634673811564,241.93754717835597,3.131234717504045,3786.6925468551167,585.6299410640286,0.044384381393808625,6.997959183673468,19.361020408163263,541508746.3556851,17574781900.86427,5782931999.999999,6775146371.072383,5728499999.999999,54432000.0,17574781900.86427,154662263.58433664,740218.9469883455,satisfied,satisfied,satisfied,satisfied,satisfied,satisfied,satisfied,True
20260830-stress-fence:c1353,arm-grid-R-I,17.5,17000000.0,0.36,False,1.3,0.85,0.07,250.20194603276448,245.40654125470925,3.131234717504045,3786.6925468551167,585.6299410640286,0.0418119302230602,7.210018552875695,19.947717996289423,574824711.466641,17860091752.86427,5956522909.090909,6980453836.862454,5902090909.090909,54432000.0,17860091752.86427,154662263.58433664,740218.9469883455,satisfied,satisfied,satisfied,satisfied,satisfied,satisfied,satisfied,True
20260830-stress-fence:c1354,arm-grid-R-I,17.5,17500000.0,0.36,False,1.3,0.85,0.07,253.74754532741335,248.87553533106257,3.131234717504045,3786.6925468551167,585.6299410640286,0.03945680925539395,7.422077922077921,20.534415584415584,609135182.9988194,18145401604.86427,6130113818.181818,7185761302.652529,6075681818.181818,54432000.0,18145401604.86427,154662263.58433664,740218.9469883455,satisfied,satisfied,satisfied,satisfied,satisfied,satisfied,satisfied,True
20260830-stress-fence:c1355,arm-grid-R-I,17.5,18000000.0,0.36,False,1.3,0.85,0.07,257.29314462206213,252.34452940741576,3.131234717504045,3786.6925468551167,585.6299410640286,0.03729520936563085,7.634137291280148,21.121113172541744,644440160.9522204,18430711456.864265,6303704727.272726,7391068768.4426,6249272727.272726,54432000.0,18430711456.864265,154662263.58433664,740218.9469883455,satisfied,satisfied,satisfied,satisfied,satisfied,satisfied,satisfied,True
20260830-stress-fence:c1356,arm-grid-R-I,17.5,18500000.0,0.36,False,1.3,0.85,0.07,260.83874391671105,255.8135234837691,3.131234717504045,3786.6925468551167,585.6299410640286,0.035306494768340094,7.846196660482374,21.7078107606679,680739645.3268437,18716021308.86427,6477295636.363637,7596376234.232673,6422863636.363637,54432000.0,18716021308.86427,154662263.58433664,740218.9469883455,satisfied,satisfied,satisfied,satisfied,satisfied,satisfied,satisfied,True
20260830-stress-fence:c1357,arm-grid-R-I,17.5,19000000.0,0.36,False,1.3,0.85,0.07,264.38434321135986,259.28251756012236,3.131234717504045,3786.6925468551167,585.6299410640286,0.033472708682726865,8.0582560296846,22.294508348794057,718033636.1226897,19001331160.86427,6650886545.454546,7801683700.022744,6596454545.454546,54432000.0,19001331160.86427,154662263.58433664,740218.9469883455,satisfied,satisfied,satisfied,satisfied,satisfied,satisfied,satisfied,True
20260830-stress-fence:c1358,arm-grid-R-I,17.5,19500000.0,0.36,False,1.3,0.85,0.07,267.9299425060088,262.75151163647564,3.131234717504045,3786.6925468551167,585.6299410640286,0.031778166560064165,8.270315398886826,22.881205936920217,756322133.3397586,19286641012.86427,6824477454.545454,8006991165.812818,6770045454.545454,54432000.0,19286641012.86427,154662263.58433664,740218.9469883455,satisfied,satisfied,satisfied,satisfied,satisfied,satisfied,satisfied,True
20260830-stress-fence:c1359,arm-grid-R-I,17.5,20000000.0,0.36,False,1.3,0.85,0.07,271.4755418006576,266.2205057128289,3.131234717504045,3786.6925468551167,585.6299410640286,0.030209119586160987,8.482374768089054,23.46790352504638,795605136.9780498,19571950864.86427,6998068363.636364,8212298631.60289,6943636363.636364,54432000.0,19571950864.86427,154662263.58433664,740218.9469883455,satisfied,satisfied,satisfied,satisfied,satisfied,satisfied,satisfied,True
20260830-stress-fence:c1360,arm-grid-R-I,17.5,20500000.0,0.36,False,1.3,0.85,0.07,275.0211410953064,269.68949978918226,3.131234717504045,3786.6925468551167,585.6299410640286,0.02875347491841618,8.694434137291278,24.054601113172534,835882647.0375634,19857260716.86427,7171659272.727274,8417606097.392961,7117227272.727274,54432000.0,19857260716.86427,154662263.58433664,740218.9469883455,satisfied,satisfied,satisfied,satisfied,satisfied,satisfied,violated,False
20260830-stress-fence:c1361,arm-grid-R-I,17.5,21000000.0,0.36,False,1.3,0.85,0.07,278.5667403899553,273.15849386553555,3.131234717504045,3786.6925468551167,585.6299410640286,0.027400561982912464,8.906493506493506,24.641298701298698,877154663.5182998,20142570568.86427,7345250181.818181,8622913563.183035,7290818181.818181,54432000.0,20142570568.86427,154662263.58433664,740218.9469883455,satisfied,satisfied,satisfied,satisfied,satisfied,satisfied,violated,False
20260830-stress-fence:c1362,arm-grid-R-I,17.5,21500000.0,0.36,False,1.3,0.85,0.07,282.1123396846042,276.62748794188894,3.131234717504045,3786.6925468551167,585.6299410640286,0.02614093636444434,9.118552875695732,25.22799628942486,919421186.4202588,20427880420.864277,7518841090.909092,8828221028.973106,7464409090.909092,54432000.0,20427880420.864277,154662263.58433664,740218.9469883455,satisfied,satisfied,violated,satisfied,satisfied,satisfied,violated,False
20260830-stress-fence:c1363,arm-grid-R-I,17.5,22000000.0,0.36,False,1.3,0.85,0.07,285.65793897925306,280.09648201824206,3.131234717504045,3786.6925468551167,585.6299410640286,0.02496621453401735,9.330612244897958,25.81469387755102,962682215.7434403,20713190272.86427,7692432000.0,9033528494.763178,7638000000.0,54432000.0,20713190272.86427,154662263.58433664,740218.9469883455,satisfied,satisfied,violated,satisfied,satisfied,satisfied,violated,False
20260830-stress-fence:c1364,arm-grid-R-I,17.5,22500000.0,0.36,False,1.3,0.85,0.07,289.20353827390187,283.5654760945954,3.131234717504045,3786.6925468551167,585.6299410640286,0.02386893399400375,9.542671614100184,26.401391465677175,1006937751.4878441,20998500124.86427,7866022909.090908,9238835960.55325,7811590909.090908,54432000.0,20998500124.86427,154662263.58433664,740218.9469883455,satisfied,satisfied,violated,satisfied,satisfied,satisfied,violated,False
20260830-stress-fence:c1365,arm-grid-R-I,17.5,23000000.0,0.36,False,1.3,0.85,0.07,292.74913756855074,287.03447017094874,3.131234717504045,3786.6925468551167,585.6299410640286,0.022842434469686947,9.754730983302412,26.98808905380334,1052187793.653471,21283809976.864273,8039613818.181819,9444143426.343323,7985181818.181819,54432000.0,21283809976.864273,154662263.58433664,740218.9469883455,satisfied,satisfied,violated,satisfied,satisfied,satisfied,violated,False
20260830-stress-fence:c1366,arm-grid-R-I,17.5,23500000.0,0.36,False,1.3,0.85,0.07,296.2947368631996,290.503464247302,3.131234717504045,3786.6925468551167,585.6299410640286,0.0218807566038287,9.966790352504637,27.574786641929496,1098432342.24032,21569119828.864273,8213204727.272727,9649450892.133394,8158772727.272727,54432000.0,21569119828.864273,154662263.58433664,740218.9469883455,satisfied,satisfied,violated,satisfied,satisfied,satisfied,violated,False
20260830-stress-fence:c1367,arm-grid-R-I,17.5,24000000.0,0.36,False,1.3,0.85,0.07,299.8403361578484,293.97245832365525,3.131234717504045,3786.6925468551167,585.6299410640286,0.02097855526816736,10.178849721706863,28.161484230055652,1145671397.2483916,21854429680.86427,8386795636.363636,9854758357.923466,8332363636.363636,54432000.0,21854429680.86427,154662263.58433664,740218.9469883455,satisfied,satisfied,violated,satisfied,satisfied,satisfied,violated,False
20260830-stress-fence:c1368,arm-grid-R-I,17.5,24500000.0,0.36,False,1.3,0.85,0.07,303.38593545249716,297.44145240000853,3.131234717504045,3786.6925468551167,585.6299410640286,0.020131025130303033,10.39090909090909,28.748181818181816,1193904958.677686,22139739532.864265,8560386545.454545,10060065823.713541,8505954545.454545,54432000.0,22139739532.864265,154662263.58433664,740218.9469883455,satisfied,satisfied,violated,satisfied,satisfied,satisfied,violated,False
20260830-stress-fence:c1369,arm-grid-R-I,17.5,25000000.0,0.36,False,1.3,0.85,0.07,306.9315347471461,300.91044647636176,3.131234717504045,3786.6925468551167,585.6299410640286,0.019333836535143034,10.602968460111317,29.334879406307977,1243133026.5282028,22425049384.864265,8733977454.545454,10265373289.503613,8679545454.545454,54432000.0,22425049384.864265,154662263.58433664,740218.9469883455,satisfied,satisfied,violated,satisfied,satisfied,satisfied,violated,False
20260830-stress-fence:c1370,arm-grid-R-I,17.5,25500000.0,0.36,False,1.3,0.85,0.07,310.4771340417949,304.37944055271504,3.131234717504045,3786.6925468551167,585.6299410640286,0.01858308009913787,10.815027829313541,29.92157699443413,1293355600.799942,22710359236.864265,8907568363.636362,10470680755.293682,8853136363.636362,54432000.0,22710359236.864265,154662263.58433664,740218.9469883455,satisfied,satisfied,violated,satisfied,satisfied,satisfied,violated,False
20260830-stress-fence:c1371,arm-grid-R-I,17.5,26000000.0,0.36,False,1.3,0.85,0.07,314.02273333644376,307.8484346290684,3.131234717504045,3786.6925468551167,585.6299410640286,0.01787521869003609,11.027087198515769,30.508274582560293,1344572681.492904,22995669088.86427,9081159272.727274,10675988221.083757,9026727272.727274,54432000.0,22995669088.86427,154662263.58433664,740218.9469883455,satisfied,satisfied,violated,satisfied,satisfied,satisfied,violated,False
20260830-stress-fence:c1372,arm-grid-R-I,18.0,2000000.0,0.36,False,1.3,0.85,0.07,142.94953515620983,140.4703098042676,3.1312347175040447,3894.883762479548,602.3622250944293,3.19600154968691,0.8246753246753246,2.2816017316017314,7735049.942842149,9561557083.972803,748795636.3636363,821229863.1602892,694363636.3636363,54432000.0,9561557083.972803,161231064.4090508,761368.0597594407,violated,satisfied,satisfied,satisfied,satisfied,satisfied,satisfied,False
20260830-stress-fence:c1373,arm-grid-R-I,18.0,2500000.0,0.36,False,1.3,0.85,0.07,146.3735484989531,143.82034488049794,3.1312347175040447,3894.883762479548,602.3622250944293,2.0454409917996226,1.0308441558441557,2.852002164502164,12086015.535690859,9846866935.972801,922386545.4545455,1026537328.9503613,867954545.4545455,54432000.0,9846866935.972801,161231064.4090508,761368.0597594407,violated,satisfied,satisfied,satisfied,satisfied,satisfied,satisfied,False
20260830-stress-fence:c1374,arm-grid-R-I,18.0,3000000.0,0.36,False,1.3,0.85,0.07,149.7975618416965,147.1703799567283,3.1312347175040447,3894.883762479548,602.3622250944293,1.420445133194182,1.237012987012987,3.422402597402597,17403862.37139484,10132176787.972803,1095977454.5454545,1231844794.7404337,1041545454.5454545,54432000.0,10132176787.972803,161231064.4090508,761368.0597594407,violated,satisfied,satisfied,satisfied,satisfied,satisfied,satisfied,False
20260830-stress-fence:c1375,arm-grid-R-I,18.0,3500000.0,0.36,False,1.3,0.85,0.07,153.22157518443979,150.52041503295862,3.1312347175040447,3894.883762479548,602.3622250944293,1.0435923427549096,1.443181818181818,3.9928030303030293,23688590.449954085,10417486639.972801,1269568363.6363637,1437152260.5305057,1215136363.6363637,54432000.0,10417486639.972801,161231064.4090508,761368.0597594407,violated,satisfied,satisfied,satisfied,satisfied,satisfied,satisfied,False
20260830-stress-fence:c1376,arm-grid-R-I,18.0,4000000.0,0.36,False,1.3,0.85,0.07,156.64558852718315,153.87045010918905,3.1312347175040447,3894.883762479548,602.3622250944293,0.7990003874217275,1.6493506493506491,4.563203463203463,30940199.771368597,10702796491.972803,1443159272.7272725,1642459726.3205783,1388727272.7272725,54432000.0,10702796491.972803,161231064.4090508,761368.0597594407,violated,satisfied,satisfied,satisfied,satisfied,satisfied,satisfied,False
20260830-stress-fence:c1377,arm-grid-R-I,18.0,4500000.0,0.36,False,1.3,0.85,0.07,160.0696018699265,157.22048518541936,3.1312347175040447,3894.883762479548,602.3622250944293,0.6313089480863032,1.8555194805194803,5.133603896103896,39158690.33563839,10988106343.972801,1616750181.8181815,1847767192.11065,1562318181.8181815,54432000.0,10988106343.972801,161231064.4090508,761368.0597594407,violated,satisfied,satisfied,satisfied,satisfied,satisfied,satisfied,False
20260830-stress-fence:c1378,arm-grid-R-I,18.0,5000000.0,0.36,False,1.3,0.85,0.07,163.4936152126698,160.5705202616497,3.1312347175040447,3894.883762479548,602.3622250944293,0.5113602479499056,2.0616883116883113,5.704004329004328,48344062.142763436,11273416195.972801,1790341090.909091,2053074657.9007225,1735909090.909091,54432000.0,11273416195.972801,161231064.4090508,761368.0597594407,violated,satisfied,satisfied,satisfied,satisfied,satisfied,satisfied,False
20260830-stress-fence:c1379,arm-grid-R-I,18.0,5500000.0,0.36,False,1.3,0.85,0.07,166.9176285554132,163.92055533788007,3.1312347175040447,3894.883762479548,602.3622250944293,0.42261177516521137,2.2678571428571423,6.27440476190476,58496315.192743756,11558726047.972801,1963932000.0,2258382123.6907945,1909500000.0,54432000.0,11558726047.972801,161231064.4090508,761368.0597594407,violated,satisfied,satisfied,satisfied,satisfied,satisfied,satisfied,False
20260830-stress-fence:c1380,arm-grid-R-I,18.0,6000000.0,0.36,False,1.3,0.85,0.07,170.3416418981565,167.27059041411042,3.1312347175040447,3894.883762479548,602.3622250944293,0.3551112832985455,2.474025974025974,6.844805194805194,69615449.48557936,11844035899.972801,2137522909.090909,2463689589.4808674,2083090909.090909,54432000.0,11844035899.972801,161231064.4090508,761368.0597594407,violated,satisfied,satisfied,satisfied,satisfied,satisfied,satisfied,False
20260830-stress-fence:c1381,arm-grid-R-I,18.0,6500000.0,0.36,False,1.3,0.85,0.07,173.7656552408999,170.62062549034076,3.1312347175040447,3894.883762479548,602.3622250944293,0.30258002837272524,2.680194805194805,7.415205627705626,81701465.0212702,12129345751.972801,2311113818.1818185,2668997055.270939,2256681818.1818185,54432000.0,12129345751.972801,161231064.4090508,761368.0597594407,violated,satisfied,satisfied,satisfied,satisfied,satisfied,satisfied,False
20260830-stress-fence:c1382,arm-grid-R-I,18.0,7000000.0,0.36,False,1.3,0.85,0.07,177.1896685836432,173.97066056657113,3.1312347175040447,3894.883762479548,602.3622250944293,0.2608980856887274,2.886363636363636,7.985606060606059,94754361.79981634,12414655603.972801,2484704727.2727275,2874304521.0610113,2430272727.2727275,54432000.0,12414655603.972801,161231064.4090508,761368.0597594407,violated,satisfied,satisfied,satisfied,satisfied,satisfied,satisfied,False
20260830-stress-fence:c1383,arm-grid-R-I,18.0,7500000.0,0.36,False,1.3,0.85,0.07,180.6136819263865,177.32069564280147,3.1312347175040447,3894.883762479548,602.3622250944293,0.2272712213110692,3.092532467532467,8.55600649350649,108774139.82121772,12699965455.972801,2658295636.3636365,3079611986.851083,2603863636.3636365,54432000.0,12699965455.972801,161231064.4090508,761368.0597594407,violated,satisfied,satisfied,satisfied,satisfied,satisfied,satisfied,False
20260830-stress-fence:c1384,arm-grid-R-I,18.0,8000000.0,0.36,False,1.3,0.85,0.07,184.0376952691299,180.67073071903187,3.1312347175040447,3894.883762479548,602.3622250944293,0.19975009685543188,3.2987012987012982,9.126406926406926,123760799.08547439,12985275307.972801,2831886545.454545,3284919452.6411567,2777454545.454545,54432000.0,12985275307.972801,161231064.4090508,761368.0597594407,violated,satisfied,satisfied,satisfied,satisfied,satisfied,satisfied,False
20260830-stress-fence:c1385,arm-grid-R-I,18.0,8500000.0,0.36,False,1.3,0.85,0.07,187.4617086118732,184.0207657952622,3.1312347175040447,3894.883762479548,602.3622250944293,0.1769412622664033,3.5048701298701297,9.696807359307359,139714339.59258637,13270585159.972801,3005477454.5454545,3490226918.431228,2951045454.5454545,54432000.0,13270585159.972801,161231064.4090508,761368.0597594407,violated,satisfied,satisfied,satisfied,satisfied,satisfied,satisfied,False
20260830-stress-fence:c1386,arm-grid-R-I,18.0,9000000.0,0.36,False,1.3,0.85,0.07,190.88572195461654,187.37080087149255,3.1312347175040447,3894.883762479548,602.3622250944293,0.1578272370215758,3.7110389610389607,10.267207792207792,156634761.34255356,13555895011.972801,3179068363.636363,3695534384.2213,3124636363.636363,54432000.0,13555895011.972801,161231064.4090508,761368.0597594407,violated,satisfied,satisfied,satisfied,satisfied,satisfied,satisfied,False
20260830-stress-fence:c1387,arm-grid-R-I,18.0,9500000.0,0.36,False,1.3,0.85,0.07,194.3097352973599,190.72083594772297,3.1312347175040447,3894.883762479548,602.3622250944293,0.14165103821327027,3.9172077922077917,10.837608225108223,174522064.33537602,13841204863.972805,3352659272.727273,3900841850.011372,3298227272.727273,54432000.0,13841204863.972805,161231064.4090508,761368.0597594407,violated,satisfied,satisfied,satisfied,satisfied,satisfied,satisfied,False
20260830-stress-fence:c1388,arm-grid-R-I,18.0,10000000.0,0.36,False,1.3,0.85,0.07,197.73374864010324,194.0708710239533,3.1312347175040447,3894.883762479548,602.3622250944293,0.1278400619874764,4.123376623376623,11.408008658008656,193376248.57105374,14126514715.972801,3526250181.818182,4106149315.801445,3471818181.818182,54432000.0,14126514715.972801,161231064.4090508,761368.0597594407,violated,satisfied,satisfied,satisfied,satisfied,satisfied,satisfied,False
20260830-stress-fence:c1389,arm-grid-R-I,18.0,10500000.0,0.36,False,1.3,0.85,0.07,201.15776198284655,197.4209061001836,3.1312347175040447,3894.883762479548,602.3622250944293,0.11595470475054549,4.329545454545454,11.97840909090909,213197314.04958674,14411824567.9728,3699841090.9090905,4311456781.591517,3645409090.9090905,54432000.0,14411824567.9728,161231064.4090508,761368.0597594407,violated,satisfied,satisfied,satisfied,satisfied,satisfied,satisfied,False
20260830-stress-fence:c1390,arm-grid-R-I,18.0,11000000.0,0.36,False,1.3,0.85,0.07,204.58177532558992,200.77094117641397,3.1312347175040447,3894.883762479548,602.3622250944293,0.10565294379130284,4.535714285714285,12.54880952380952,233985260.77097502,14697134419.972801,3873432000.0,4516764247.381589,3819000000.0,54432000.0,14697134419.972801,161231064.4090508,761368.0597594407,violated,satisfied,satisfied,satisfied,satisfied,satisfied,satisfied,False
20260830-stress-fence:c1391,arm-grid-R-I,18.0,11500000.0,0.36,False,1.3,0.85,0.07,208.0057886683333,204.12097625264434,3.1312347175040447,3894.883762479548,602.3622250944293,0.09666545329865887,4.741883116883117,13.119209956709957,255740088.73521864,14982444271.972805,4047022909.0909095,4722071713.171661,3992590909.0909095,54432000.0,14982444271.972805,161231064.4090508,761368.0597594407,violated,satisfied,satisfied,satisfied,satisfied,satisfied,satisfied,False
20260830-stress-fence:c1392,arm-grid-R-I,18.0,12000000.0,0.36,False,1.3,0.85,0.07,211.42980201107662,207.47101132887474,3.1312347175040447,3894.883762479548,602.3622250944293,0.08877782082463638,4.948051948051948,13.689610389610388,278461797.9423174,15267754123.972805,4220613818.181818,4927379178.961735,4166181818.181818,54432000.0,15267754123.972805,161231064.4090508,761368.0597594407,violated,satisfied,satisfied,satisfied,satisfied,satisfied,satisfied,False
20260830-stress-fence:c1393,arm-grid-R-I,18.0,12500000.0,0.36,False,1.3,0.85,0.07,214.85381535382,210.8210464051051,3.1312347175040447,3894.883762479548,602.3622250944293,0.08181763967198488,5.154220779220779,14.260010822510822,302150388.39227146,15553063975.972805,4394204727.272727,5132686644.751806,4339772727.272727,54432000.0,15553063975.972805,161231064.4090508,761368.0597594407,violated,satisfied,satisfied,satisfied,satisfied,satisfied,satisfied,False
20260830-stress-fence:c1394,arm-grid-R-I,18.0,13000000.0,0.36,False,1.3,0.85,0.07,218.27782869656338,214.17108148133545,3.1312347175040447,3894.883762479548,602.3622250944293,0.07564500709318131,5.36038961038961,14.830411255411253,326805860.0850808,15838373827.972805,4567795636.363637,5337994110.541878,4513363636.363637,54432000.0,15838373827.972805,161231064.4090508,761368.0597594407,violated,satisfied,satisfied,satisfied,satisfied,satisfied,satisfied,False
20260830-stress-fence:c1395,arm-grid-R-I,18.0,13500000.0,0.36,False,1.3,0.85,0.07,221.70184203930665,217.52111655756576,3.1312347175040447,3894.883762479548,602.3622250944293,0.07014543867625592,5.566558441558441,15.400811688311686,352428213.02074546,16123683679.972801,4741386545.454545,5543301576.33195,4686954545.454545,54432000.0,16123683679.972801,161231064.4090508,761368.0597594407,violated,satisfied,satisfied,satisfied,satisfied,satisfied,satisfied,False
20260830-stress-fence:c1396,arm-grid-R-I,18.0,14000000.0,0.36,False,1.3,0.85,0.07,225.12585538205002,220.87115163379616,3.1312347175040447,3894.883762479548,602.3622250944293,0.06522452142218185,5.772727272727272,15.971212121212117,379017447.19926536,16408993531.972805,4914977454.545455,5748609042.122023,4860545454.545455,54432000.0,16408993531.972805,161231064.4090508,761368.0597594407,violated,satisfied,satisfied,satisfied,satisfied,satisfied,satisfied,False
20260830-stress-fence:c1397,arm-grid-R-I,18.0,14500000.0,0.36,False,1.3,0.85,0.07,228.54986872479338,224.22118671002653,3.1312347175040447,3894.883762479548,602.3622250944293,0.060803834476802106,5.978896103896103,16.54161255411255,406573562.62064046,16694303383.972805,5088568363.636363,5953916507.912094,5034136363.636363,54432000.0,16694303383.972805,161231064.4090508,761368.0597594407,violated,satisfied,satisfied,satisfied,satisfied,satisfied,satisfied,False
20260830-stress-fence:c1398,arm-grid-R-I,18.0,15000000.0,0.36,False,1.3,0.85,0.07,231.97388206753672,227.57122178625687,3.1312347175040447,3894.883762479548,602.3622250944293,0.0568178053277673,6.185064935064934,17.11201298701298,435096559.28487086,16979613235.972805,5262159272.727273,6159223973.702166,5207727272.727273,54432000.0,16979613235.972805,161231064.4090508,761368.0597594407,violated,satisfied,satisfied,satisfied,satisfied,satisfied,satisfied,False
20260830-stress-fence:c1399,arm-grid-R-I,18.0,15500000.0,0.36,False,1.3,0.85,0.07,235.39789541027997,230.92125686248718,3.1312347175040447,3894.883762479548,602.3622250944293,0.053211264094683214,6.391233766233765,17.682413419913416,464586437.1919567,17264923087.9728,5435750181.818182,6364531439.49224,5381318181.818182,54432000.0,17264923087.9728,161231064.4090508,761368.0597594407,violated,satisfied,satisfied,satisfied,satisfied,satisfied,satisfied,False
20260830-stress-fence:c1400,arm-grid-R-I,18.0,16000000.0,0.36,False,1.3,0.85,0.07,238.8219087530233,234.2712919387175,3.1312347175040447,3894.883762479548,602.3622250944293,0.04993752421385797,6.5974025974025965,18.25281385281385,495043196.34189755,17550232939.972797,5609341090.90909,6569838905.282313,5554909090.90909,54432000.0,17550232939.972797,161231064.4090508,761368.0597594407,satisfied,satisfied,satisfied,satisfied,satisfied,satisfied,satisfied,True
20260830-stress-fence:c1401,arm-grid-R-I,18.0,16500000.0,0.36,False,1.3,0.85,0.07,242.24592209576667,237.6213270149479,3.1312347175040447,3894.883762479548,602.3622250944293,0.04695686390724569,6.803571428571428,18.823214285714283,526466836.7346938,17835542791.9728,5782931999.999999,6775146371.072383,5728499999.999999,54432000.0,17835542791.9728,161231064.4090508,761368.0597594407,satisfied,satisfied,satisfied,satisfied,satisfied,satisfied,satisfied,True
20260830-stress-fence:c1402,arm-grid-R-I,18.0,17000000.0,0.36,False,1.3,0.85,0.07,245.6699354385101,240.9713620911783,3.1312347175040447,3894.883762479548,602.3622250944293,0.044235315566600826,7.009740259740259,19.393614718614717,558857358.3703455,18120852643.972805,5956522909.090909,6980453836.862456,5902090909.090909,54432000.0,18120852643.972805,161231064.4090508,761368.0597594407,satisfied,satisfied,satisfied,satisfied,satisfied,satisfied,satisfied,True
20260830-stress-fence:c1403,arm-grid-R-I,18.0,17500000.0,0.36,False,1.3,0.85,0.07,249.09394878125343,244.32139716740872,3.1312347175040447,3894.883762479548,602.3622250944293,0.04174369371019638,7.21590909090909,19.96401515151515,592214761.2488521,18406162495.972805,6130113818.181818,7185761302.652526,6075681818.181818,54432000.0,18406162495.972805,161231064.4090508,761368.0597594407,satisfied,satisfied,satisfied,satisfied,satisfied,satisfied,satisfied,True
20260830-stress-fence:c1404,arm-grid-R-I,18.0,18000000.0,0.36,False,1.3,0.85,0.07,252.51796212399674,247.67143224363906,3.1312347175040447,3894.883762479548,602.3622250944293,0.03945680925539395,7.422077922077921,20.534415584415584,626539045.3702142,18691472347.972805,6303704727.272726,7391068768.4426,6249272727.272726,54432000.0,18691472347.972805,161231064.4090508,761368.0597594407,satisfied,satisfied,satisfied,satisfied,satisfied,satisfied,satisfied,True
20260830-stress-fence:c1405,arm-grid-R-I,18.0,18500000.0,0.36,False,1.3,0.85,0.07,255.94197546674013,251.0214673198694,3.1312347175040447,3894.883762479548,602.3622250944293,0.037352830383484706,7.628246753246752,21.104816017316015,661830210.7344315,18976782199.972805,6477295636.363637,7596376234.232673,6422863636.363637,54432000.0,18976782199.972805,161231064.4090508,761368.0597594407,satisfied,satisfied,satisfied,satisfied,satisfied,satisfied,satisfied,True
20260830-stress-fence:c1406,arm-grid-R-I,18.0,19000000.0,0.36,False,1.3,0.85,0.07,259.36598880948344,254.37150239609974,3.1312347175040447,3894.883762479548,602.3622250944293,0.03541275955331757,7.834415584415583,21.675216450216446,698088257.3415041,19262092051.972805,6650886545.454546,7801683700.022744,6596454545.454546,54432000.0,19262092051.972805,161231064.4090508,761368.0597594407,satisfied,satisfied,satisfied,satisfied,satisfied,satisfied,satisfied,True
20260830-stress-fence:c1407,arm-grid-R-I,18.0,19500000.0,0.36,False,1.3,0.85,0.07,262.79000215222675,257.7215374723301,3.1312347175040447,3894.883762479548,602.3622250944293,0.03362000315252503,8.040584415584414,22.245616883116877,735313185.1914319,19547401903.972805,6824477454.545454,8006991165.812818,6770045454.545454,54432000.0,19547401903.972805,161231064.4090508,761368.0597594407,satisfied,satisfied,satisfied,satisfied,satisfied,satisfied,satisfied,True
20260830-stress-fence:c1408,arm-grid-R-I,18.0,20000000.0,0.36,False,1.3,0.85,0.07,266.2140154949701,261.0715725485604,3.1312347175040447,3894.883762479548,602.3622250944293,0.0319600154968691,8.246753246753245,22.816017316017312,773504994.284215,19832711755.972805,6998068363.636364,8212298631.60289,6943636363.636364,54432000.0,19832711755.972805,161231064.4090508,761368.0597594407,satisfied,satisfied,satisfied,satisfied,satisfied,satisfied,satisfied,True
20260830-stress-fence:c1409,arm-grid-R-I,18.0,20500000.0,0.36,False,1.3,0.85,0.07,269.63802883771353,264.4216076247909,3.1312347175040447,3894.883762479548,602.3622250944293,0.030420002852463154,8.452922077922077,23.386417748917747,812663684.6198534,20118021607.97281,7171659272.727274,8417606097.3929615,7117227272.727274,54432000.0,20118021607.97281,161231064.4090508,761368.0597594407,satisfied,satisfied,satisfied,satisfied,satisfied,satisfied,violated,False
20260830-stress-fence:c1410,arm-grid-R-I,18.0,21000000.0,0.36,False,1.3,0.85,0.07,273.0620421804568,267.77164270102116,3.1312347175040447,3894.883762479548,602.3622250944293,0.028988676187636373,8.659090909090908,23.95681818181818,852789256.198347,20403331459.972805,7345250181.818181,8622913563.183035,7290818181.818181,54432000.0,20403331459.972805,161231064.4090508,761368.0597594407,satisfied,satisfied,satisfied,satisfied,satisfied,satisfied,violated,False
20260830-stress-fence:c1411,arm-grid-R-I,18.0,21500000.0,0.36,False,1.3,0.85,0.07,276.4860555232002,271.1216777772516,3.1312347175040447,3894.883762479548,602.3622250944293,0.027656043696587657,8.865259740259738,24.527218614718606,893881709.0196958,20688641311.97281,7518841090.909092,8828221028.973104,7464409090.909092,54432000.0,20688641311.97281,161231064.4090508,761368.0597594407,satisfied,satisfied,satisfied,satisfied,satisfied,satisfied,violated,False
20260830-stress-fence:c1412,arm-grid-R-I,18.0,22000000.0,0.36,False,1.3,0.85,0.07,279.9100688659435,274.47171285348185,3.1312347175040447,3894.883762479548,602.3622250944293,0.02641323594782571,9.07142857142857,25.09761904761904,935941043.0839001,20973951163.972805,7692432000.0,9033528494.763178,7638000000.0,54432000.0,20973951163.972805,161231064.4090508,761368.0597594407,satisfied,satisfied,violated,satisfied,satisfied,satisfied,violated,False
20260830-stress-fence:c1413,arm-grid-R-I,18.0,22500000.0,0.36,False,1.3,0.85,0.07,283.3340822086869,277.8217479297122,3.1312347175040447,3894.883762479548,602.3622250944293,0.025252357923452123,9.277597402597403,25.66801948051948,978967258.3909596,21259261015.972805,7866022909.090908,9238835960.553251,7811590909.090908,54432000.0,21259261015.972805,161231064.4090508,761368.0597594407,satisfied,satisfied,violated,satisfied,satisfied,satisfied,violated,False
20260830-stress-fence:c1414,arm-grid-R-I,18.0,23000000.0,0.36,False,1.3,0.85,0.07,286.7580955514302,281.1717830059426,3.1312347175040447,3894.883762479548,602.3622250944293,0.02416636332466472,9.483766233766234,26.238419913419914,1022960354.9408746,21544570867.972805,8039613818.181819,9444143426.343323,7985181818.181819,54432000.0,21544570867.972805,161231064.4090508,761368.0597594407,satisfied,satisfied,violated,satisfied,satisfied,satisfied,violated,False
20260830-stress-fence:c1415,arm-grid-R-I,18.0,23500000.0,0.36,False,1.3,0.85,0.07,290.18210889417355,284.52181808217296,3.1312347175040447,3894.883762479548,602.3622250944293,0.023148947394744483,9.689935064935064,26.808820346320342,1067920332.7336442,21829880719.972805,8213204727.272727,9649450892.133394,8158772727.272727,54432000.0,21829880719.972805,161231064.4090508,761368.0597594407,satisfied,satisfied,violated,satisfied,satisfied,satisfied,violated,False
20260830-stress-fence:c1416,arm-grid-R-I,18.0,24000000.0,0.36,False,1.3,0.85,0.07,293.6061222369168,287.87185315840327,3.1312347175040447,3894.883762479548,602.3622250944293,0.022194455206159095,9.896103896103895,27.379220779220777,1113847191.7692697,22115190571.9728,8386795636.363636,9854758357.92347,8332363636.363636,54432000.0,22115190571.9728,161231064.4090508,761368.0597594407,satisfied,satisfied,violated,satisfied,satisfied,satisfied,violated,False
20260830-stress-fence:c1417,arm-grid-R-I,18.0,24500000.0,0.36,False,1.3,0.85,0.07,297.0301355796601,291.2218882346335,3.1312347175040447,3894.883762479548,602.3622250944293,0.021297802913365495,10.102272727272727,27.949621212121208,1160740932.0477502,22400500423.972797,8560386545.454545,10060065823.713541,8505954545.454545,54432000.0,22400500423.972797,161231064.4090508,761368.0597594407,satisfied,satisfied,violated,satisfied,satisfied,satisfied,violated,False
20260830-stress-fence:c1418,arm-grid-R-I,18.0,25000000.0,0.36,False,1.3,0.85,0.07,300.45414892240353,294.57192331086395,3.1312347175040447,3894.883762479548,602.3622250944293,0.02045440991799622,10.308441558441558,28.520021645021643,1208601553.5690858,22685810275.9728,8733977454.545454,10265373289.503613,8679545454.545454,54432000.0,22685810275.9728,161231064.4090508,761368.0597594407,satisfied,satisfied,violated,satisfied,satisfied,satisfied,violated,False
20260830-stress-fence:c1419,arm-grid-R-I,18.0,25500000.0,0.36,False,1.3,0.85,0.07,303.87816226514684,297.92195838709426,3.1312347175040447,3894.883762479548,602.3622250944293,0.019660140251822594,10.514610389610388,29.09042207792207,1257429056.3332767,22971120127.9728,8907568363.636362,10470680755.293682,8853136363.636362,54432000.0,22971120127.9728,161231064.4090508,761368.0597594407,satisfied,satisfied,violated,satisfied,satisfied,satisfied,violated,False
20260830-stress-fence:c1420,arm-grid-R-I,18.0,26000000.0,0.36,False,1.3,0.85,0.07,307.30217560789015,301.2719934633247,3.1312347175040447,3894.883762479548,602.3622250944293,0.018911251773295328,10.72077922077922,29.660822510822506,1307223440.3403232,23256429979.9728,9081159272.727274,10675988221.083755,9026727272.727274,54432000.0,23256429979.9728,161231064.4090508,761368.0597594407,satisfied,satisfied,violated,satisfied,satisfied,satisfied,violated,False
20260830-stress-fence:c1421,arm-grid-R-I,18.5,2000000.0,0.36,False,1.3,0.85,0.07,142.16097292245624,139.6979554041204,3.131234717504045,4003.0749781039804,619.0945091248302,3.376023241914646,0.8023868023868022,2.2199368199368195,7525994.53898155,9824790878.783535,748795636.3636363,821229863.1602886,694363636.3636363,54432000.0,9824790878.783535,167902777.2013689,782517.1725305364,violated,satisfied,satisfied,satisfied,satisfied,satisfied,satisfied,False
20260830-stress-fence:c1422,arm-grid-R-I,18.5,2500000.0,0.36,False,1.3,0.85,0.07,145.47146270595047,142.93691967910254,3.131234717504045,4003.0749781039804,619.0945091248302,2.160654874825373,1.0029835029835028,2.7749210249210243,11759366.467158673,10110100730.783535,922386545.4545455,1026537328.9503609,867954545.4545455,54432000.0,10110100730.783535,167902777.2013689,782517.1725305364,violated,satisfied,satisfied,satisfied,satisfied,satisfied,satisfied,False
20260830-stress-fence:c1423,arm-grid-R-I,18.5,3000000.0,0.36,False,1.3,0.85,0.07,148.78195248944473,146.1758839540847,3.131234717504045,4003.0749781039804,619.0945091248302,1.5004547741842866,1.2035802035802035,3.3299052299052296,16933487.71270849,10395410582.783535,1095977454.5454545,1231844794.7404332,1041545454.5454545,54432000.0,10395410582.783535,167902777.2013689,782517.1725305364,violated,satisfied,satisfied,satisfied,satisfied,satisfied,satisfied,False
20260830-stress-fence:c1424,arm-grid-R-I,18.5,3500000.0,0.36,False,1.3,0.85,0.07,152.092442272939,149.41484822906688,3.131234717504045,4003.0749781039804,619.0945091248302,1.1023749361353945,1.4041769041769039,3.884889434889434,23048358.275631,10680720434.783535,1269568363.6363637,1437152260.5305057,1215136363.6363637,54432000.0,10680720434.783535,167902777.2013689,782517.1725305364,violated,satisfied,satisfied,satisfied,satisfied,satisfied,satisfied,False
20260830-stress-fence:c1425,arm-grid-R-I,18.5,4000000.0,0.36,False,1.3,0.85,0.07,155.40293205643323,152.65381250404906,3.131234717504045,4003.0749781039804,619.0945091248302,0.8440058104786615,1.6047736047736043,4.439873639873639,30103978.1559262,10966030286.783535,1443159272.7272725,1642459726.3205771,1388727272.7272725,54432000.0,10966030286.783535,167902777.2013689,782517.1725305364,violated,satisfied,satisfied,satisfied,satisfied,satisfied,satisfied,False
20260830-stress-fence:c1426,arm-grid-R-I,18.5,4500000.0,0.36,False,1.3,0.85,0.07,158.71342183992746,155.89277677903124,3.131234717504045,4003.0749781039804,619.0945091248302,0.6668687885263496,1.8053703053703052,4.994857844857845,38100347.35359411,11251340138.783535,1616750181.8181815,1847767192.11065,1562318181.8181815,54432000.0,11251340138.783535,167902777.2013689,782517.1725305364,violated,satisfied,satisfied,satisfied,satisfied,satisfied,satisfied,False
20260830-stress-fence:c1427,arm-grid-R-I,18.5,5000000.0,0.36,False,1.3,0.85,0.07,162.02391162342178,159.13174105401342,3.131234717504045,4003.0749781039804,619.0945091248302,0.5401637187063433,2.0059670059670056,5.549842049842049,47037465.86863469,11536649990.783539,1790341090.909091,2053074657.9007218,1735909090.909091,54432000.0,11536649990.783539,167902777.2013689,782517.1725305364,violated,satisfied,satisfied,satisfied,satisfied,satisfied,satisfied,False
20260830-stress-fence:c1428,arm-grid-R-I,18.5,5500000.0,0.36,False,1.3,0.85,0.07,165.334401406916,162.3707053289956,3.131234717504045,4003.0749781039804,619.0945091248302,0.4464162964515233,2.2065637065637063,6.1048262548262535,56915333.70104799,11821959842.783537,1963932000.0,2258382123.6907945,1909500000.0,54432000.0,11821959842.783537,167902777.2013689,782517.1725305364,violated,satisfied,satisfied,satisfied,satisfied,satisfied,satisfied,False
20260830-stress-fence:c1429,arm-grid-R-I,18.5,6000000.0,0.36,False,1.3,0.85,0.07,168.64489119041022,165.60966960397775,3.131234717504045,4003.0749781039804,619.0945091248302,0.37511369354607166,2.407160407160407,6.659810459810459,67733950.85083397,12107269694.783537,2137522909.090909,2463689589.4808664,2083090909.090909,54432000.0,12107269694.783537,167902777.2013689,782517.1725305364,violated,satisfied,satisfied,satisfied,satisfied,satisfied,satisfied,False
20260830-stress-fence:c1430,arm-grid-R-I,18.5,6500000.0,0.36,False,1.3,0.85,0.07,171.95538097390448,168.84863387895993,3.131234717504045,4003.0749781039804,619.0945091248302,0.31962350219310254,2.607757107757107,7.214794664794663,79493317.31799263,12392579546.783537,2311113818.1818185,2668997055.270939,2256681818.1818185,54432000.0,12392579546.783537,167902777.2013689,782517.1725305364,violated,satisfied,satisfied,satisfied,satisfied,satisfied,satisfied,False
20260830-stress-fence:c1431,arm-grid-R-I,18.5,7000000.0,0.36,False,1.3,0.85,0.07,175.26587075739874,172.0875981539421,3.131234717504045,4003.0749781039804,619.0945091248302,0.2755937340338486,2.8083538083538078,7.769778869778868,92193433.102524,12677889398.783537,2484704727.2727275,2874304521.0610113,2430272727.2727275,54432000.0,12677889398.783537,167902777.2013689,782517.1725305364,violated,satisfied,satisfied,satisfied,satisfied,satisfied,satisfied,False
20260830-stress-fence:c1432,arm-grid-R-I,18.5,7500000.0,0.36,False,1.3,0.85,0.07,178.57636054089295,175.32656242892423,3.131234717504045,4003.0749781039804,619.0945091248302,0.2400727638694859,3.0089505089505084,8.324763074763073,105834298.20442806,12963199250.783535,2658295636.3636365,3079611986.851083,2603863636.3636365,54432000.0,12963199250.783535,167902777.2013689,782517.1725305364,violated,satisfied,satisfied,satisfied,satisfied,satisfied,satisfied,False
20260830-stress-fence:c1433,arm-grid-R-I,18.5,8000000.0,0.36,False,1.3,0.85,0.07,181.8868503243872,178.5655267039064,3.131234717504045,4003.0749781039804,619.0945091248302,0.21100145261966538,3.2095472095472086,8.879747279747278,120415912.6237048,13248509102.783535,2831886545.454545,3284919452.6411543,2777454545.454545,54432000.0,13248509102.783535,167902777.2013689,782517.1725305364,violated,satisfied,satisfied,satisfied,satisfied,satisfied,satisfied,False
20260830-stress-fence:c1434,arm-grid-R-I,18.5,8500000.0,0.36,False,1.3,0.85,0.07,185.19734010788144,181.80449097888857,3.131234717504045,4003.0749781039804,619.0945091248302,0.1869078611440634,3.4101439101439097,9.434731484731483,135938276.36035427,13533818954.783535,3005477454.5454545,3490226918.431227,2951045454.5454545,54432000.0,13533818954.783535,167902777.2013689,782517.1725305364,violated,satisfied,satisfied,satisfied,satisfied,satisfied,satisfied,False
20260830-stress-fence:c1435,arm-grid-R-I,18.5,9000000.0,0.36,False,1.3,0.85,0.07,188.5078298913757,185.04345525387077,3.131234717504045,4003.0749781039804,619.0945091248302,0.1667171971315874,3.6107406107406104,9.98971568971569,152401389.41437644,13819128806.783537,3179068363.636363,3695534384.2213,3124636363.636363,54432000.0,13819128806.783537,167902777.2013689,782517.1725305364,violated,satisfied,satisfied,satisfied,satisfied,satisfied,satisfied,False
20260830-stress-fence:c1436,arm-grid-R-I,18.5,9500000.0,0.36,False,1.3,0.85,0.07,191.81831967486994,188.28241952885293,3.131234717504045,4003.0749781039804,619.0945091248302,0.14962983897682636,3.811337311337311,10.544699894699894,169805251.78577125,14104438658.783537,3352659272.727273,3900841850.011372,3298227272.727273,54432000.0,14104438658.783537,167902777.2013689,782517.1725305364,violated,satisfied,satisfied,satisfied,satisfied,satisfied,satisfied,False
20260830-stress-fence:c1437,arm-grid-R-I,18.5,10000000.0,0.36,False,1.3,0.85,0.07,195.1288094583642,191.5213838038351,3.131234717504045,4003.0749781039804,619.0945091248302,0.13504092967658582,4.011934011934011,11.099684099684097,188149863.47453877,14389748510.783537,3526250181.818182,4106149315.8014436,3471818181.818182,54432000.0,14389748510.783537,167902777.2013689,782517.1725305364,violated,satisfied,satisfied,satisfied,satisfied,satisfied,satisfied,False
20260830-stress-fence:c1438,arm-grid-R-I,18.5,10500000.0,0.36,False,1.3,0.85,0.07,198.43929924185838,194.7603480788172,3.131234717504045,4003.0749781039804,619.0945091248302,0.12248610401504381,4.212530712530712,11.654668304668302,207435224.48067898,14675058362.783531,3699841090.9090905,4311456781.5915165,3645409090.9090905,54432000.0,14675058362.783531,167902777.2013689,782517.1725305364,violated,satisfied,satisfied,satisfied,satisfied,satisfied,satisfied,False
20260830-stress-fence:c1439,arm-grid-R-I,18.5,11000000.0,0.36,False,1.3,0.85,0.07,201.74978902535267,197.9993123537994,3.131234717504045,4003.0749781039804,619.0945091248302,0.11160407411288083,4.4131274131274125,12.209652509652507,227661334.80419195,14960368214.783535,3873432000.0,4516764247.381589,3819000000.0,54432000.0,14960368214.783535,167902777.2013689,782517.1725305364,violated,satisfied,satisfied,satisfied,satisfied,satisfied,satisfied,False
20260830-stress-fence:c1440,arm-grid-R-I,18.5,11500000.0,0.36,False,1.3,0.85,0.07,205.06027880884693,201.2382766287816,3.131234717504045,4003.0749781039804,619.0945091248302,0.10211034380082101,4.613724113724113,12.764636714636714,248828194.4450776,15245678066.783537,4047022909.0909095,4722071713.171661,3992590909.0909095,54432000.0,15245678066.783537,167902777.2013689,782517.1725305364,violated,satisfied,satisfied,satisfied,satisfied,satisfied,satisfied,False
20260830-stress-fence:c1441,arm-grid-R-I,18.5,12000000.0,0.36,False,1.3,0.85,0.07,208.37076859234116,204.4772409037638,3.131234717504045,4003.0749781039804,619.0945091248302,0.09377842338651791,4.814320814320814,13.319620919620919,270935803.40333587,15530987918.783537,4220613818.181818,4927379178.961733,4166181818.181818,54432000.0,15530987918.783537,167902777.2013689,782517.1725305364,violated,satisfied,satisfied,satisfied,satisfied,satisfied,satisfied,False
20260830-stress-fence:c1442,arm-grid-R-I,18.5,12500000.0,0.36,False,1.3,0.85,0.07,211.68125837583537,207.71620517874587,3.131234717504045,4003.0749781039804,619.0945091248302,0.0864261949930149,5.0149175149175145,13.874605124605123,293984161.6789668,15816297770.783531,4394204727.272727,5132686644.751806,4339772727.272727,54432000.0,15816297770.783531,167902777.2013689,782517.1725305364,violated,satisfied,satisfied,satisfied,satisfied,satisfied,satisfied,False
20260830-stress-fence:c1443,arm-grid-R-I,18.5,13000000.0,0.36,False,1.3,0.85,0.07,214.99174815932963,210.95516945372808,3.131234717504045,4003.0749781039804,619.0945091248302,0.07990587554827563,5.215514215514214,14.429589329589326,317973269.2719705,16101607622.783531,4567795636.363637,5337994110.541878,4513363636.363637,54432000.0,16101607622.783531,167902777.2013689,782517.1725305364,violated,satisfied,satisfied,satisfied,satisfied,satisfied,satisfied,False
20260830-stress-fence:c1444,arm-grid-R-I,18.5,13500000.0,0.36,False,1.3,0.85,0.07,218.30223794282387,214.19413372871023,3.131234717504045,4003.0749781039804,619.0945091248302,0.07409653205848328,5.416110916110916,14.984573534573533,342903126.18234694,16386917474.783531,4741386545.454545,5543301576.33195,4686954545.454545,54432000.0,16386917474.783531,167902777.2013689,782517.1725305364,violated,satisfied,satisfied,satisfied,satisfied,satisfied,satisfied,False
20260830-stress-fence:c1445,arm-grid-R-I,18.5,14000000.0,0.36,False,1.3,0.85,0.07,221.61272772631813,217.43309800369244,3.131234717504045,4003.0749781039804,619.0945091248302,0.06889843350846216,5.6167076167076155,15.539557739557736,368773732.410096,16672227326.783535,4914977454.545455,5748609042.122023,4860545454.545455,54432000.0,16672227326.783535,167902777.2013689,782517.1725305364,violated,satisfied,satisfied,satisfied,satisfied,satisfied,satisfied,False
20260830-stress-fence:c1446,arm-grid-R-I,18.5,14500000.0,0.36,False,1.3,0.85,0.07,224.92321750981236,220.67206227867453,3.131234717504045,4003.0749781039804,619.0945091248302,0.06422874182001703,5.817304317304316,16.09454194454194,395585087.95521784,16957537178.783531,5088568363.636363,5953916507.912094,5034136363.636363,54432000.0,16957537178.783531,167902777.2013689,782517.1725305364,violated,satisfied,satisfied,satisfied,satisfied,satisfied,satisfied,False
20260830-stress-fence:c1447,arm-grid-R-I,18.5,15000000.0,0.36,False,1.3,0.85,0.07,228.23370729330665,223.91102655365677,3.131234717504045,4003.0749781039804,619.0945091248302,0.060018190967371474,6.017901017901017,16.649526149526146,423337192.81771225,17242847030.783535,5262159272.727273,6159223973.702166,5207727272.727273,54432000.0,17242847030.783535,167902777.2013689,782517.1725305364,violated,satisfied,satisfied,satisfied,satisfied,satisfied,satisfied,False
20260830-stress-fence:c1448,arm-grid-R-I,18.5,15500000.0,0.36,False,1.3,0.85,0.07,231.54419707680088,227.14999082863892,3.131234717504045,4003.0749781039804,619.0945091248302,0.05620850350742385,6.2184977184977175,17.20451035451035,452030046.99757946,17528156882.783535,5435750181.818182,6364531439.49224,5381318181.818182,54432000.0,17528156882.783535,167902777.2013689,782517.1725305364,violated,satisfied,satisfied,satisfied,satisfied,satisfied,satisfied,False
20260830-stress-fence:c1449,arm-grid-R-I,18.5,16000000.0,0.36,False,1.3,0.85,0.07,234.8546868602951,230.38895510362104,3.131234717504045,4003.0749781039804,619.0945091248302,0.052750363154916345,6.419094419094417,17.759494559494556,481663650.4948192,17813466734.78353,5609341090.90909,6569838905.282309,5554909090.90909,54432000.0,17813466734.78353,167902777.2013689,782517.1725305364,violated,satisfied,satisfied,satisfied,satisfied,satisfied,satisfied,False
20260830-stress-fence:c1450,arm-grid-R-I,18.5,16500000.0,0.36,False,1.3,0.85,0.07,238.16517664378924,233.62791937860317,3.131234717504045,4003.0749781039804,619.0945091248302,0.04960181071683592,6.619691119691119,18.31447876447876,512238003.3094318,18098776586.783527,5782931999.999999,6775146371.072383,5728499999.999999,54432000.0,18098776586.783527,167902777.2013689,782517.1725305364,satisfied,satisfied,satisfied,satisfied,satisfied,satisfied,satisfied,True
20260830-stress-fence:c1451,arm-grid-R-I,18.5,17000000.0,0.36,False,1.3,0.85,0.07,241.47566642728356,236.86688365358538,3.131234717504045,4003.0749781039804,619.0945091248302,0.04672696528601585,6.820287820287819,18.869462969462965,543753105.4414171,18384086438.78353,5956522909.090909,6980453836.862454,5902090909.090909,54432000.0,18384086438.78353,167902777.2013689,782517.1725305364,satisfied,satisfied,satisfied,satisfied,satisfied,satisfied,satisfied,True
20260830-stress-fence:c1452,arm-grid-R-I,18.5,17500000.0,0.36,False,1.3,0.85,0.07,244.78615621077785,240.10584792856758,3.131234717504045,4003.0749781039804,619.0945091248302,0.04409499744541577,7.02088452088452,19.42444717444717,576208956.890775,18669396290.783535,6130113818.181818,7185761302.652529,6075681818.181818,54432000.0,18669396290.783535,167902777.2013689,782517.1725305364,satisfied,satisfied,satisfied,satisfied,satisfied,satisfied,satisfied,True
20260830-stress-fence:c1453,arm-grid-R-I,18.5,18000000.0,0.36,False,1.3,0.85,0.07,248.09664599427208,243.3448122035497,3.131234717504045,4003.0749781039804,619.0945091248302,0.04167929928289685,7.221481221481221,19.97943137943138,609605557.6575058,18954706142.78353,6303704727.272726,7391068768.4426,6249272727.272726,54432000.0,18954706142.78353,167902777.2013689,782517.1725305364,satisfied,satisfied,satisfied,satisfied,satisfied,satisfied,satisfied,True
20260830-stress-fence:c1454,arm-grid-R-I,18.5,18500000.0,0.36,False,1.3,0.85,0.07,251.40713577776629,246.58377647853186,3.131234717504045,4003.0749781039804,619.0945091248302,0.03945680925539396,7.4220779220779205,20.53441558441558,643942907.7416089,19240015994.78353,6477295636.363637,7596376234.232673,6422863636.363637,54432000.0,19240015994.78353,167902777.2013689,782517.1725305364,satisfied,satisfied,satisfied,satisfied,satisfied,satisfied,satisfied,True
20260830-stress-fence:c1455,arm-grid-R-I,18.5,19000000.0,0.36,False,1.3,0.85,0.07,254.71762556126063,249.82274075351413,3.131234717504045,4003.0749781039804,619.0945091248302,0.03740745974420659,7.622674622674622,21.08939978939979,679221007.143085,19525325846.783535,6650886545.454546,7801683700.022744,6596454545.454546,54432000.0,19525325846.783535,167902777.2013689,782517.1725305364,satisfied,satisfied,satisfied,satisfied,satisfied,satisfied,satisfied,True
20260830-stress-fence:c1456,arm-grid-R-I,18.5,19500000.0,0.36,False,1.3,0.85,0.07,258.0281153447548,253.06170502849622,3.131234717504045,4003.0749781039804,619.0945091248302,0.03551372246590028,7.823271323271322,21.64438399438399,715439855.8619337,19810635698.78353,6824477454.545454,8006991165.812818,6770045454.545454,54432000.0,19810635698.78353,167902777.2013689,782517.1725305364,satisfied,satisfied,satisfied,satisfied,satisfied,satisfied,satisfied,True
20260830-stress-fence:c1457,arm-grid-R-I,18.5,20000000.0,0.36,False,1.3,0.85,0.07,261.33860512824907,256.30066930347846,3.131234717504045,4003.0749781039804,619.0945091248302,0.033760232419146455,8.023868023868022,22.199368199368195,752599453.8981551,20095945550.783535,6998068363.636364,8212298631.602887,6943636363.636364,54432000.0,20095945550.783535,167902777.2013689,782517.1725305364,satisfied,satisfied,satisfied,satisfied,satisfied,satisfied,satisfied,True
20260830-stress-fence:c1458,arm-grid-R-I,18.5,20500000.0,0.36,False,1.3,0.85,0.07,264.64909491174336,259.5396335784606,3.131234717504045,4003.0749781039804,619.0945091248302,0.032133475235356534,8.224464724464722,22.754352404352396,790699801.251749,20381255402.783535,7171659272.727274,8417606097.392961,7117227272.727274,54432000.0,20381255402.783535,167902777.2013689,782517.1725305364,satisfied,satisfied,satisfied,satisfied,satisfied,satisfied,satisfied,True
20260830-stress-fence:c1459,arm-grid-R-I,18.5,21000000.0,0.36,False,1.3,0.85,0.07,267.95958469523754,262.7785978534427,3.131234717504045,4003.0749781039804,619.0945091248302,0.030621526003760953,8.425061425061424,23.309336609336604,829740897.9227159,20666565254.78353,7345250181.818181,8622913563.183033,7290818181.818181,54432000.0,20666565254.78353,167902777.2013689,782517.1725305364,satisfied,satisfied,satisfied,satisfied,satisfied,satisfied,violated,False
20260830-stress-fence:c1460,arm-grid-R-I,18.5,21500000.0,0.36,False,1.3,0.85,0.07,271.27007447873183,266.01756212842497,3.131234717504045,4003.0749781039804,619.0945091248302,0.029213830108509645,8.625658125658124,23.86432081432081,869722743.9110554,20951875106.783535,7518841090.909092,8828221028.973106,7464409090.909092,54432000.0,20951875106.783535,167902777.2013689,782517.1725305364,satisfied,satisfied,satisfied,satisfied,satisfied,satisfied,violated,False
20260830-stress-fence:c1461,arm-grid-R-I,18.5,22000000.0,0.36,False,1.3,0.85,0.07,274.58056426222606,269.25652640340707,3.131234717504045,4003.0749781039804,619.0945091248302,0.027901018528220207,8.826254826254825,24.419305019305014,910645339.2167678,21237184958.78353,7692432000.0,9033528494.763178,7638000000.0,54432000.0,21237184958.78353,167902777.2013689,782517.1725305364,satisfied,satisfied,satisfied,satisfied,satisfied,satisfied,violated,False
20260830-stress-fence:c1462,arm-grid-R-I,18.5,22500000.0,0.36,False,1.3,0.85,0.07,277.8910540457203,272.4954906783892,3.131234717504045,4003.0749781039804,619.0945091248302,0.02667475154105398,9.026851526851527,24.974289224289222,952508683.8398527,21522494810.78353,7866022909.090908,9238835960.553251,7811590909.090908,54432000.0,21522494810.78353,167902777.2013689,782517.1725305364,satisfied,satisfied,violated,satisfied,satisfied,satisfied,violated,False
20260830-stress-fence:c1463,arm-grid-R-I,18.5,23000000.0,0.36,False,1.3,0.85,0.07,281.2015438292146,275.7344549533714,3.131234717504045,4003.0749781039804,619.0945091248302,0.025527585950205253,9.227448227448226,25.529273429273427,995312777.7803104,21807804662.783535,8039613818.181819,9444143426.343323,7985181818.181819,54432000.0,21807804662.783535,167902777.2013689,782517.1725305364,satisfied,satisfied,violated,satisfied,satisfied,satisfied,violated,False
20260830-stress-fence:c1464,arm-grid-R-I,18.5,23500000.0,0.36,False,1.3,0.85,0.07,284.51203361270876,278.97341922835363,3.131234717504045,4003.0749781039804,619.0945091248302,0.02445286186991142,9.428044928044926,26.08425763425763,1039057621.0381404,22093114514.78353,8213204727.272727,9649450892.133394,8158772727.272727,54432000.0,22093114514.78353,167902777.2013689,782517.1725305364,satisfied,satisfied,violated,satisfied,satisfied,satisfied,violated,False
20260830-stress-fence:c1465,arm-grid-R-I,18.5,24000000.0,0.36,False,1.3,0.85,0.07,287.82252339620305,282.2123835033358,3.131234717504045,4003.0749781039804,619.0945091248302,0.02344460584662948,9.628641628641628,26.639241839241837,1083743213.6133435,22378424366.78353,8386795636.363636,9854758357.923466,8332363636.363636,54432000.0,22378424366.78353,167902777.2013689,782517.1725305364,satisfied,satisfied,violated,satisfied,satisfied,satisfied,violated,False
20260830-stress-fence:c1466,arm-grid-R-I,18.5,24500000.0,0.36,False,1.3,0.85,0.07,291.13301317969723,285.45134777831794,3.131234717504045,4003.0749781039804,619.0945091248302,0.02249744767623254,9.829238329238327,27.19422604422604,1129369555.505919,22663734218.783527,8560386545.454545,10060065823.713537,8505954545.454545,54432000.0,22663734218.783527,167902777.2013689,782517.1725305364,satisfied,satisfied,violated,satisfied,satisfied,satisfied,violated,False
20260830-stress-fence:c1467,arm-grid-R-I,18.5,25000000.0,0.36,False,1.3,0.85,0.07,294.4435029631915,288.6903120533001,3.131234717504045,4003.0749781039804,619.0945091248302,0.021606548748253726,10.029835029835029,27.749210249210247,1175936646.7158673,22949044070.78353,8733977454.545454,10265373289.503613,8679545454.545454,54432000.0,22949044070.78353,167902777.2013689,782517.1725305364,satisfied,satisfied,violated,satisfied,satisfied,satisfied,violated,False
20260830-stress-fence:c1468,arm-grid-R-I,18.5,25500000.0,0.36,False,1.3,0.85,0.07,297.75399274668575,291.92927632828224,3.131234717504045,4003.0749781039804,619.0945091248302,0.020767540127118154,10.230431730431729,28.304194454194448,1223444487.2431884,23234353922.78353,8907568363.636362,10470680755.293682,8853136363.636362,54432000.0,23234353922.78353,167902777.2013689,782517.1725305364,satisfied,satisfied,violated,satisfied,satisfied,satisfied,violated,False
20260830-stress-fence:c1469,arm-grid-R-I,18.5,26000000.0,0.36,False,1.3,0.85,0.07,301.06448253018,295.1682406032644,3.131234717504045,4003.0749781039804,619.0945091248302,0.01997646888706891,10.431028431028428,28.859178659178653,1271893077.087882,23519663774.78353,9081159272.727274,10675988221.083755,9026727272.727274,54432000.0,23519663774.78353,167902777.2013689,782517.1725305364,satisfied,satisfied,violated,satisfied,satisfied,satisfied,violated,False
20260830-stress-fence:c1470,arm-grid-R-I,19.0,2000000.0,0.36,False,1.3,0.85,0.07,141.4588447824046,139.01039974079018,3.131234717504044,4111.266193728411,635.8267931552309,3.560977035299304,0.7812713602187286,2.1615174299384825,7327942.051113616,10090477192.5232,748795636.3636363,821229863.1602892,694363636.3636363,54432000.0,10090477192.5232,174676371.27762818,803666.2853016319,violated,satisfied,satisfied,satisfied,satisfied,satisfied,satisfied,False
20260830-stress-fence:c1471,arm-grid-R-I,19.0,2500000.0,0.36,False,1.3,0.85,0.07,144.6630972054155,142.14542198973453,3.131234717504044,4111.266193728411,635.8267931552309,2.2790253025915543,0.9765892002734108,2.7018967874231032,11449909.454865025,10375787044.5232,922386545.4545455,1026537328.9503613,867954545.4545455,54432000.0,10375787044.5232,174676371.27762818,803666.2853016319,violated,satisfied,satisfied,satisfied,satisfied,satisfied,satisfied,False
20260830-stress-fence:c1472,arm-grid-R-I,19.0,3000000.0,0.36,False,1.3,0.85,0.07,147.86734962842647,145.28044423867888,3.131234717504044,4111.266193728411,635.8267931552309,1.5826564601330237,1.171907040328093,3.2422761449077235,16487869.615005638,10661096896.523201,1095977454.5454545,1231844794.7404337,1041545454.5454545,54432000.0,10661096896.523201,174676371.27762818,803666.2853016319,violated,satisfied,satisfied,satisfied,satisfied,satisfied,satisfied,False
20260830-stress-fence:c1473,arm-grid-R-I,19.0,3500000.0,0.36,False,1.3,0.85,0.07,151.0716020514374,148.41546648762323,3.131234717504044,4111.266193728411,635.8267931552309,1.1627680115263035,1.367224880382775,3.782655502392344,22441822.53153545,10946406748.523201,1269568363.6363637,1437152260.5305057,1215136363.6363637,54432000.0,10946406748.523201,174676371.27762818,803666.2853016319,violated,satisfied,satisfied,satisfied,satisfied,satisfied,satisfied,False
20260830-stress-fence:c1474,arm-grid-R-I,19.0,4000000.0,0.36,False,1.3,0.85,0.07,154.2758544744483,151.5504887365676,3.131234717504044,4111.266193728411,635.8267931552309,0.890244258824826,1.5625427204374571,4.323034859876965,29311768.204454463,11231716600.523201,1443159272.7272725,1642459726.3205783,1388727272.7272725,54432000.0,11231716600.523201,174676371.27762818,803666.2853016319,violated,satisfied,satisfied,satisfied,satisfied,satisfied,satisfied,False
20260830-stress-fence:c1475,arm-grid-R-I,19.0,4500000.0,0.36,False,1.3,0.85,0.07,157.48010689745925,154.68551098551197,3.131234717504044,4111.266193728411,635.8267931552309,0.7034028711702329,1.7578605604921393,4.863414217361585,37097706.63376269,11517026452.523203,1616750181.8181815,1847767192.11065,1562318181.8181815,54432000.0,11517026452.523203,174676371.27762818,803666.2853016319,violated,satisfied,satisfied,satisfied,satisfied,satisfied,satisfied,False
20260830-stress-fence:c1476,arm-grid-R-I,19.0,5000000.0,0.36,False,1.3,0.85,0.07,160.68435932047012,157.82053323445626,3.131234717504044,4111.266193728411,635.8267931552309,0.5697563256478886,1.9531784005468216,5.4037935748462065,45799637.8194601,11802336304.523197,1790341090.909091,2053074657.9007225,1735909090.909091,54432000.0,11802336304.523197,174676371.27762818,803666.2853016319,violated,satisfied,satisfied,satisfied,satisfied,satisfied,satisfied,False
20260830-stress-fence:c1477,arm-grid-R-I,19.0,5500000.0,0.36,False,1.3,0.85,0.07,163.88861174348108,160.95555548340064,3.131234717504044,4111.266193728411,635.8267931552309,0.4708729964032136,2.148496240601504,5.944172932330827,55417561.76154672,12087646156.523201,1963932000.0,2258382123.690795,1909500000.0,54432000.0,12087646156.523201,174676371.27762818,803666.2853016319,violated,satisfied,satisfied,satisfied,satisfied,satisfied,satisfied,False
20260830-stress-fence:c1478,arm-grid-R-I,19.0,6000000.0,0.36,False,1.3,0.85,0.07,167.09286416649195,164.09057773234497,3.131234717504044,4111.266193728411,635.8267931552309,0.39566411503325594,2.343814080656186,6.484552289815447,65951478.460022554,12372956008.523197,2137522909.090909,2463689589.4808674,2083090909.090909,54432000.0,12372956008.523197,174676371.27762818,803666.2853016319,violated,satisfied,satisfied,satisfied,satisfied,satisfied,satisfied,False
20260830-stress-fence:c1479,arm-grid-R-I,19.0,6500000.0,0.36,False,1.3,0.85,0.07,170.29711658950293,167.22559998128935,3.131234717504044,4111.266193728411,635.8267931552309,0.33713392050170926,2.539131920710868,7.024931647300067,77401387.91488756,12658265860.523201,2311113818.1818185,2668997055.2709394,2256681818.1818185,54432000.0,12658265860.523201,174676371.27762818,803666.2853016319,violated,satisfied,satisfied,satisfied,satisfied,satisfied,satisfied,False
20260830-stress-fence:c1480,arm-grid-R-I,19.0,7000000.0,0.36,False,1.3,0.85,0.07,173.50136901251386,170.36062223023373,3.131234717504044,4111.266193728411,635.8267931552309,0.2906920028815759,2.73444976076555,7.565311004784688,89767290.1261418,12943575712.523203,2484704727.2727275,2874304521.0610113,2430272727.2727275,54432000.0,12943575712.523203,174676371.27762818,803666.2853016319,violated,satisfied,satisfied,satisfied,satisfied,satisfied,satisfied,False
20260830-stress-fence:c1481,arm-grid-R-I,19.0,7500000.0,0.36,False,1.3,0.85,0.07,176.7056214355248,173.49564447917805,3.131234717504044,4111.266193728411,635.8267931552309,0.2532250336212839,2.929767600820232,8.105690362269307,103049185.09378521,13228885564.523201,2658295636.3636365,3079611986.851083,2603863636.3636365,54432000.0,13228885564.523201,174676371.27762818,803666.2853016319,violated,satisfied,satisfied,satisfied,satisfied,satisfied,satisfied,False
20260830-stress-fence:c1482,arm-grid-R-I,19.0,8000000.0,0.36,False,1.3,0.85,0.07,179.9098738585357,176.6306667281224,3.131234717504044,4111.266193728411,635.8267931552309,0.2225610647062065,3.1250854408749142,8.64606971975393,117247072.81781785,13514195416.523201,2831886545.454545,3284919452.6411567,2777454545.454545,54432000.0,13514195416.523201,174676371.27762818,803666.2853016319,violated,satisfied,satisfied,satisfied,satisfied,satisfied,satisfied,False
20260830-stress-fence:c1483,arm-grid-R-I,19.0,8500000.0,0.36,False,1.3,0.85,0.07,183.11412628154662,179.76568897706676,3.131234717504044,4111.266193728411,635.8267931552309,0.19714751752522094,3.3204032809295967,9.186449077238551,132360953.29823972,13799505268.523201,3005477454.5454545,3490226918.431227,2951045454.5454545,54432000.0,13799505268.523201,174676371.27762818,803666.2853016319,violated,satisfied,satisfied,satisfied,satisfied,satisfied,satisfied,False
20260830-stress-fence:c1484,arm-grid-R-I,19.0,9000000.0,0.36,False,1.3,0.85,0.07,186.31837870455752,182.90071122601108,3.131234717504044,4111.266193728411,635.8267931552309,0.17585071779255823,3.5157211209842787,9.72682843472317,148390826.53505075,14084815120.523197,3179068363.636363,3695534384.2213,3124636363.636363,54432000.0,14084815120.523197,174676371.27762818,803666.2853016319,violated,satisfied,satisfied,satisfied,satisfied,satisfied,satisfied,False
20260830-stress-fence:c1485,arm-grid-R-I,19.0,9500000.0,0.36,False,1.3,0.85,0.07,189.52263112756847,186.03573347495546,3.131234717504044,4111.266193728411,635.8267931552309,0.1578272370215758,3.7110389610389607,10.267207792207792,165336692.528251,14370124972.523201,3352659272.727273,3900841850.011372,3298227272.727273,54432000.0,14370124972.523201,174676371.27762818,803666.2853016319,violated,satisfied,satisfied,satisfied,satisfied,satisfied,satisfied,False
20260830-stress-fence:c1486,arm-grid-R-I,19.0,10000000.0,0.36,False,1.3,0.85,0.07,192.7268835505794,189.17075572389984,3.131234717504044,4111.266193728411,635.8267931552309,0.14243908141197215,3.906356801093643,10.807587149692413,183198551.2778404,14655434824.523203,3526250181.818182,4106149315.801445,3471818181.818182,54432000.0,14655434824.523203,174676371.27762818,803666.2853016319,violated,satisfied,satisfied,satisfied,satisfied,satisfied,satisfied,False
20260830-stress-fence:c1487,arm-grid-R-I,19.0,10500000.0,0.36,False,1.3,0.85,0.07,195.9311359735903,192.30577797284414,3.131234717504044,4111.266193728411,635.8267931552309,0.12919644572514483,4.101674641148325,11.34796650717703,201976402.78381902,14940744676.523201,3699841090.9090905,4311456781.5915165,3645409090.9090905,54432000.0,14940744676.523201,174676371.27762818,803666.2853016319,violated,satisfied,satisfied,satisfied,satisfied,satisfied,satisfied,False
20260830-stress-fence:c1488,arm-grid-R-I,19.0,11000000.0,0.36,False,1.3,0.85,0.07,199.13538839660123,195.44080022178855,3.131234717504044,4111.266193728411,635.8267931552309,0.1177182491008034,4.296992481203008,11.888345864661654,221670247.0461869,15226054528.523203,3873432000.0,4516764247.38159,3819000000.0,54432000.0,15226054528.523203,174676371.27762818,803666.2853016319,violated,satisfied,satisfied,satisfied,satisfied,satisfied,satisfied,False
20260830-stress-fence:c1489,arm-grid-R-I,19.0,11500000.0,0.36,False,1.3,0.85,0.07,202.33964081961213,198.57582247073282,3.131234717504044,4111.266193728411,635.8267931552309,0.10770440938523414,4.49231032125769,12.428725222146275,242280084.06494397,15511364380.523197,4047022909.0909095,4722071713.171661,3992590909.0909095,54432000.0,15511364380.523197,174676371.27762818,803666.2853016319,violated,satisfied,satisfied,satisfied,satisfied,satisfied,satisfied,False
20260830-stress-fence:c1490,arm-grid-R-I,19.0,12000000.0,0.36,False,1.3,0.85,0.07,205.54389324262306,201.7108447196772,3.131234717504044,4111.266193728411,635.8267931552309,0.09891602875831398,4.687628161312372,12.969104579630894,263805913.84009022,15796674232.523197,4220613818.181818,4927379178.961735,4166181818.181818,54432000.0,15796674232.523197,174676371.27762818,803666.2853016319,violated,satisfied,satisfied,satisfied,satisfied,satisfied,satisfied,False
20260830-stress-fence:c1491,arm-grid-R-I,19.0,12500000.0,0.36,False,1.3,0.85,0.07,208.7481456656339,204.84586696862146,3.131234717504044,4111.266193728411,635.8267931552309,0.09116101210366218,4.882946001367054,13.509483937115515,286247736.37162566,16081984084.523193,4394204727.272727,5132686644.751806,4339772727.272727,54432000.0,16081984084.523193,174676371.27762818,803666.2853016319,violated,satisfied,satisfied,satisfied,satisfied,satisfied,satisfied,False
20260830-stress-fence:c1492,arm-grid-R-I,19.0,13000000.0,0.36,False,1.3,0.85,0.07,211.95239808864488,207.98088921756587,3.131234717504044,4111.266193728411,635.8267931552309,0.08428348012542732,5.078263841421736,14.049863294600135,309605551.65955025,16367293936.523197,4567795636.363637,5337994110.541879,4513363636.363637,54432000.0,16367293936.523197,174676371.27762818,803666.2853016319,violated,satisfied,satisfied,satisfied,satisfied,satisfied,satisfied,False
20260830-stress-fence:c1493,arm-grid-R-I,19.0,13500000.0,0.36,False,1.3,0.85,0.07,215.15665051165576,211.1159114665102,3.131234717504044,4111.266193728411,635.8267931552309,0.0781558745744703,5.2735816814764185,14.590242652084758,333879359.7038642,16652603788.523193,4741386545.454545,5543301576.331951,4686954545.454545,54432000.0,16652603788.523193,174676371.27762818,803666.2853016319,violated,satisfied,satisfied,satisfied,satisfied,satisfied,satisfied,False
20260830-stress-fence:c1494,arm-grid-R-I,19.0,14000000.0,0.36,False,1.3,0.85,0.07,218.3609029346667,214.25093371545455,3.131234717504044,4111.266193728411,635.8267931552309,0.07267300072039397,5.4688995215311,15.130622009569375,359069160.5045672,16937913640.523193,4914977454.545455,5748609042.122023,4860545454.545455,54432000.0,16937913640.523193,174676371.27762818,803666.2853016319,violated,satisfied,satisfied,satisfied,satisfied,satisfied,satisfied,False
20260830-stress-fence:c1495,arm-grid-R-I,19.0,14500000.0,0.36,False,1.3,0.85,0.07,221.56515535767758,217.38595596439887,3.131234717504044,4111.266193728411,635.8267931552309,0.06774748224112825,5.6642173615857825,15.671001367053998,385174954.0616595,17223223492.523193,5088568363.636363,5953916507.912094,5034136363.636363,54432000.0,17223223492.523193,174676371.27762818,803666.2853016319,violated,satisfied,satisfied,satisfied,satisfied,satisfied,satisfied,False
20260830-stress-fence:c1496,arm-grid-R-I,19.0,15000000.0,0.36,False,1.3,0.85,0.07,224.76940778068857,220.5209782133433,3.131234717504044,4111.266193728411,635.8267931552309,0.06330625840532098,5.859535201640464,16.211380724538614,412196740.37514085,17508533344.523197,5262159272.727273,6159223973.702166,5207727272.727273,54432000.0,17508533344.523197,174676371.27762818,803666.2853016319,violated,satisfied,satisfied,satisfied,satisfied,satisfied,satisfied,False
20260830-stress-fence:c1497,arm-grid-R-I,19.0,15500000.0,0.36,False,1.3,0.85,0.07,227.9736602036995,223.65600046228764,3.131234717504044,4111.266193728411,635.8267931552309,0.05928785906845876,6.0548530416951465,16.75176008202324,440134519.4450116,17793843196.523197,5435750181.818182,6364531439.49224,5381318181.818182,54432000.0,17793843196.523197,174676371.27762818,803666.2853016319,violated,satisfied,satisfied,satisfied,satisfied,satisfied,satisfied,False
20260830-stress-fence:c1498,arm-grid-R-I,19.0,16000000.0,0.36,False,1.3,0.85,0.07,231.1779126267104,226.79102271123196,3.131234717504044,4111.266193728411,635.8267931552309,0.05564026617655163,6.2501708817498285,17.29213943950786,468988291.2712714,18079153048.523193,5609341090.90909,6569838905.282313,5554909090.90909,54432000.0,18079153048.523193,174676371.27762818,803666.2853016319,violated,satisfied,satisfied,satisfied,satisfied,satisfied,satisfied,False
20260830-stress-fence:c1499,arm-grid-R-I,19.0,16500000.0,0.36,False,1.3,0.85,0.07,234.38216504972135,229.9260449601763,3.131234717504044,4111.266193728411,635.8267931552309,0.05231922182257931,6.4454887218045105,17.832518796992478,498758055.85392046,18364462900.523197,5782931999.999999,6775146371.072383,5728499999.999999,54432000.0,18364462900.523197,174676371.27762818,803666.2853016319,violated,satisfied,satisfied,satisfied,satisfied,satisfied,satisfied,False
20260830-stress-fence:c1500,arm-grid-R-I,19.0,17000000.0,0.36,False,1.3,0.85,0.07,237.58641747273225,233.06106720912064,3.131234717504044,4111.266193728411,635.8267931552309,0.049286879381305236,6.640806561859193,18.372898154477102,529443813.1929589,18649772752.523193,5956522909.090909,6980453836.862454,5902090909.090909,54432000.0,18649772752.523193,174676371.27762818,803666.2853016319,satisfied,satisfied,satisfied,satisfied,satisfied,satisfied,satisfied,True
20260830-stress-fence:c1501,arm-grid-R-I,19.0,17500000.0,0.36,False,1.3,0.85,0.07,240.79066989574318,236.196089458065,3.131234717504044,4111.266193728411,635.8267931552309,0.046510720461052125,6.836124401913875,18.91327751196172,561045563.2883862,18935082604.523193,6130113818.181818,7185761302.652529,6075681818.181818,54432000.0,18935082604.523193,174676371.27762818,803666.2853016319,satisfied,satisfied,satisfied,satisfied,satisfied,satisfied,satisfied,True
20260830-stress-fence:c1502,arm-grid-R-I,19.0,18000000.0,0.36,False,1.3,0.85,0.07,243.99492231875402,239.33111170700934,3.131234717504044,4111.266193728411,635.8267931552309,0.04396267944813956,7.031442241968557,19.45365686944634,593563306.140203,19220392456.52319,6303704727.272726,7391068768.4426,6249272727.272726,54432000.0,19220392456.52319,174676371.27762818,803666.2853016319,satisfied,satisfied,satisfied,satisfied,satisfied,satisfied,satisfied,True
20260830-stress-fence:c1503,arm-grid-R-I,19.0,18500000.0,0.36,False,1.3,0.85,0.07,247.19917474176503,242.46613395595372,3.131234717504044,4111.266193728411,635.8267931552309,0.04161843138406783,7.226760082023239,19.994036226930962,626997041.7484088,19505702308.523193,6477295636.363637,7596376234.232673,6422863636.363637,54432000.0,19505702308.523193,174676371.27762818,803666.2853016319,satisfied,satisfied,satisfied,satisfied,satisfied,satisfied,satisfied,True
20260830-stress-fence:c1504,arm-grid-R-I,19.0,19000000.0,0.36,False,1.3,0.85,0.07,250.40342716477593,245.60115620489807,3.131234717504044,4111.266193728411,635.8267931552309,0.03945680925539395,7.422077922077921,20.534415584415584,661346770.113004,19791012160.523193,6650886545.454546,7801683700.022744,6596454545.454546,54432000.0,19791012160.523193,174676371.27762818,803666.2853016319,satisfied,satisfied,satisfied,satisfied,satisfied,satisfied,satisfied,True
20260830-stress-fence:c1505,arm-grid-R-I,19.0,19500000.0,0.36,False,1.3,0.85,0.07,253.60767958778678,248.73617845384237,3.131234717504044,4111.266193728411,635.8267931552309,0.03745932450018992,7.617395762132603,21.0747949419002,696612491.2339882,20076322012.52319,6824477454.545454,8006991165.812818,6770045454.545454,54432000.0,20076322012.52319,174676371.27762818,803666.2853016319,satisfied,satisfied,satisfied,satisfied,satisfied,satisfied,satisfied,True
20260830-stress-fence:c1506,arm-grid-R-I,19.0,20000000.0,0.36,False,1.3,0.85,0.07,256.81193201079776,251.87120070278675,3.131234717504044,4111.266193728411,635.8267931552309,0.035609770352993037,7.812713602187286,21.615174299384826,732794205.1113616,20361631864.523193,6998068363.636364,8212298631.60289,6943636363.636364,54432000.0,20361631864.523193,174676371.27762818,803666.2853016319,satisfied,satisfied,satisfied,satisfied,satisfied,satisfied,satisfied,True
20260830-stress-fence:c1507,arm-grid-R-I,19.0,20500000.0,0.36,False,1.3,0.85,0.07,260.0161844338087,255.0062229517311,3.131234717504044,4111.266193728411,635.8267931552309,0.03389389206709629,8.008031442241968,22.155553656869444,769891911.7451242,20646941716.523193,7171659272.727274,8417606097.3929615,7117227272.727274,54432000.0,20646941716.523193,174676371.27762818,803666.2853016319,satisfied,satisfied,satisfied,satisfied,satisfied,satisfied,satisfied,True
20260830-stress-fence:c1508,arm-grid-R-I,19.0,21000000.0,0.36,False,1.3,0.85,0.07,263.2204368568196,258.1412452006754,3.131234717504044,4111.266193728411,635.8267931552309,0.03229911143128621,8.20334928229665,22.69593301435406,807905611.1352761,20932251568.523193,7345250181.818181,8622913563.183033,7290818181.818181,54432000.0,20932251568.523193,174676371.27762818,803666.2853016319,satisfied,satisfied,satisfied,satisfied,satisfied,satisfied,violated,False
20260830-stress-fence:c1509,arm-grid-R-I,19.0,21500000.0,0.36,False,1.3,0.85,0.07,266.4246892798306,261.27626744961987,3.131234717504044,4111.266193728411,635.8267931552309,0.030814295600210307,8.398667122351332,23.236312371838686,846835303.2818173,21217561420.523197,7518841090.909092,8828221028.973106,7464409090.909092,54432000.0,21217561420.523197,174676371.27762818,803666.2853016319,satisfied,satisfied,satisfied,satisfied,satisfied,satisfied,violated,False
20260830-stress-fence:c1510,arm-grid-R-I,19.0,22000000.0,0.36,False,1.3,0.85,0.07,269.62894170284153,264.41128969856425,3.131234717504044,4111.266193728411,635.8267931552309,0.02942956227520085,8.593984962406015,23.776691729323307,886680988.1847476,21502871272.523197,7692432000.0,9033528494.76318,7638000000.0,54432000.0,21502871272.523197,174676371.27762818,803666.2853016319,satisfied,satisfied,satisfied,satisfied,satisfied,satisfied,violated,False
20260830-stress-fence:c1511,arm-grid-R-I,19.0,22500000.0,0.36,False,1.3,0.85,0.07,272.8331941258524,267.54631194750846,3.131234717504044,4111.266193728411,635.8267931552309,0.028136114846809314,8.789302802460696,24.317071086807925,927442665.844067,21788181124.523193,7866022909.090908,9238835960.55325,7811590909.090908,54432000.0,21788181124.523193,174676371.27762818,803666.2853016319,satisfied,satisfied,satisfied,satisfied,satisfied,satisfied,violated,False
20260830-stress-fence:c1512,arm-grid-R-I,19.0,23000000.0,0.36,False,1.3,0.85,0.07,276.0374465488634,270.6813341964529,3.131234717504044,4111.266193728411,635.8267931552309,0.026926102346308534,8.98462064251538,24.85745044429255,969120336.2597759,22073490976.523197,8039613818.181819,9444143426.343323,7985181818.181819,54432000.0,22073490976.523197,174676371.27762818,803666.2853016319,satisfied,satisfied,satisfied,satisfied,satisfied,satisfied,violated,False
20260830-stress-fence:c1513,arm-grid-R-I,19.0,23500000.0,0.36,False,1.3,0.85,0.07,279.24169897187426,273.8163564453972,3.131234717504044,4111.266193728411,635.8267931552309,0.025792500029329504,9.17993848257006,25.397829801777167,1011713999.4318736,22358800828.523193,8213204727.272727,9649450892.133394,8158772727.272727,54432000.0,22358800828.523193,174676371.27762818,803666.2853016319,satisfied,satisfied,violated,satisfied,satisfied,satisfied,violated,False
20260830-stress-fence:c1514,arm-grid-R-I,19.0,24000000.0,0.36,False,1.3,0.85,0.07,282.4459513948852,276.95137869434154,3.131234717504044,4111.266193728411,635.8267931552309,0.024729007189578496,9.375256322624743,25.93820915926179,1055223655.3603609,22644110680.523193,8386795636.363636,9854758357.92347,8332363636.363636,54432000.0,22644110680.523193,174676371.27762818,803666.2853016319,satisfied,satisfied,violated,satisfied,satisfied,satisfied,violated,False
20260830-stress-fence:c1515,arm-grid-R-I,19.0,24500000.0,0.36,False,1.3,0.85,0.07,285.6502038178961,280.08640094328587,3.131234717504044,4111.266193728411,635.8267931552309,0.023729959418904146,9.570574162679426,26.478588516746413,1099649304.0452373,22929420532.523193,8560386545.454545,10060065823.713541,8505954545.454545,54432000.0,22929420532.523193,174676371.27762818,803666.2853016319,satisfied,satisfied,violated,satisfied,satisfied,satisfied,violated,False
20260830-stress-fence:c1516,arm-grid-R-I,19.0,25000000.0,0.36,False,1.3,0.85,0.07,288.85445624090704,283.2214231922303,3.131234717504044,4111.266193728411,635.8267931552309,0.022790253025915544,9.765892002734107,27.01896787423103,1144990945.4865026,23214730384.523193,8733977454.545454,10265373289.503613,8679545454.545454,54432000.0,23214730384.523193,174676371.27762818,803666.2853016319,satisfied,satisfied,violated,satisfied,satisfied,satisfied,violated,False
20260830-stress-fence:c1517,arm-grid-R-I,19.0,25500000.0,0.36,False,1.3,0.85,0.07,292.05870866391786,286.35644544117457,3.131234717504044,4111.266193728411,635.8267931552309,0.021905279725024557,9.961209842788788,27.55934723171565,1191248579.6841571,23500040236.52319,8907568363.636362,10470680755.293682,8853136363.636362,54432000.0,23500040236.52319,174676371.27762818,803666.2853016319,satisfied,satisfied,violated,satisfied,satisfied,satisfied,violated,False
20260830-stress-fence:c1518,arm-grid-R-I,19.0,26000000.0,0.36,False,1.3,0.85,0.07,295.26296108692895,289.491467690119,3.131234717504044,4111.266193728411,635.8267931552309,0.02107087003135683,10.156527682843471,28.09972658920027,1238422206.638201,23785350088.523197,9081159272.727274,10675988221.083757,9026727272.727274,54432000.0,23785350088.523197,174676371.27762818,803666.2853016319,satisfied,satisfied,violated,satisfied,satisfied,satisfied,violated,False
20260830-stress-fence:c1519,arm-grid-R-I,19.5,2000000.0,0.36,False,1.3,0.85,0.07,140.8348872901074,138.39953659155893,3.1312347175040443,4219.457409352844,652.5590771856317,3.750862929840888,0.7612387612387611,2.1060939060939057,7140046.10108506,10358596130.841705,748795636.3636363,821229863.1602889,694363636.3636363,54432000.0,10358596130.841705,181550850.91318682,824815.3980727277,violated,satisfied,satisfied,satisfied,satisfied,satisfied,satisfied,False
20260830-stress-fence:c1520,arm-grid-R-I,19.5,2500000.0,0.36,False,1.3,0.85,0.07,143.93950889526295,141.43708061799686,3.1312347175040443,4219.457409352844,652.5590771856317,2.400552275098168,0.9515484515484515,2.6326173826173824,11156322.03294541,10643905982.841703,922386545.4545455,1026537328.9503613,867954545.4545455,54432000.0,10643905982.841703,181550850.91318682,824815.3980727277,violated,satisfied,satisfied,satisfied,satisfied,satisfied,satisfied,False
20260830-stress-fence:c1521,arm-grid-R-I,19.5,3000000.0,0.36,False,1.3,0.85,0.07,147.04413050041862,144.4746246444348,3.1312347175040443,4219.457409352844,652.5590771856317,1.6670501910403943,1.1418581418581417,3.1591408591408587,16065103.727441387,10929215834.841707,1095977454.5454545,1231844794.7404332,1041545454.5454545,54432000.0,10929215834.841707,181550850.91318682,824815.3980727277,violated,satisfied,satisfied,satisfied,satisfied,satisfied,satisfied,False
20260830-stress-fence:c1522,arm-grid-R-I,19.5,3500000.0,0.36,False,1.3,0.85,0.07,150.1487521055742,147.51216867087277,3.1312347175040443,4219.457409352844,652.5590771856317,1.2247715689276366,1.332167832167832,3.6856643356643355,21866391.184573002,11214525686.841707,1269568363.6363637,1437152260.5305061,1215136363.6363637,54432000.0,11214525686.841707,181550850.91318682,824815.3980727277,violated,satisfied,satisfied,satisfied,satisfied,satisfied,satisfied,False
20260830-stress-fence:c1523,arm-grid-R-I,19.5,4000000.0,0.36,False,1.3,0.85,0.07,153.25337371072973,150.54971269731067,3.1312347175040443,4219.457409352844,652.5590771856317,0.937715732460222,1.5224775224775222,4.212187812187811,28560184.40434024,11499835538.841703,1443159272.7272725,1642459726.3205779,1388727272.7272725,54432000.0,11499835538.841703,181550850.91318682,824815.3980727277,violated,satisfied,satisfied,satisfied,satisfied,satisfied,satisfied,False
20260830-stress-fence:c1524,arm-grid-R-I,19.5,4500000.0,0.36,False,1.3,0.85,0.07,156.35799531588535,153.5872567237486,3.1312347175040443,4219.457409352844,652.5590771856317,0.7409111960179529,1.7127872127872128,4.738711288711289,36146483.386743136,11785145390.841703,1616750181.8181815,1847767192.11065,1562318181.8181815,54432000.0,11785145390.841703,181550850.91318682,824815.3980727277,violated,satisfied,satisfied,satisfied,satisfied,satisfied,satisfied,False
20260830-stress-fence:c1525,arm-grid-R-I,19.5,5000000.0,0.36,False,1.3,0.85,0.07,159.46261692104096,156.62480075018655,3.1312347175040443,4219.457409352844,652.5590771856317,0.600138068774542,1.903096903096903,5.265234765234765,44625288.13178164,12070455242.841703,1790341090.909091,2053074657.9007225,1735909090.909091,54432000.0,12070455242.841703,181550850.91318682,824815.3980727277,violated,satisfied,satisfied,satisfied,satisfied,satisfied,satisfied,False
20260830-stress-fence:c1526,arm-grid-R-I,19.5,5500000.0,0.36,False,1.3,0.85,0.07,162.56723852619652,159.66234477662448,3.1312347175040443,4219.457409352844,652.5590771856317,0.4959818750202826,2.093406593406593,5.791758241758241,53996598.63945578,12355765094.841703,1963932000.0,2258382123.6907945,1909500000.0,54432000.0,12355765094.841703,181550850.91318682,824815.3980727277,violated,satisfied,satisfied,satisfied,satisfied,satisfied,satisfied,False
20260830-stress-fence:c1527,arm-grid-R-I,19.5,6000000.0,0.36,False,1.3,0.85,0.07,165.67186013135213,162.6998888030624,3.1312347175040443,4219.457409352844,652.5590771856317,0.4167625477600986,2.2837162837162834,6.3182817182817175,64260414.90976555,12641074946.841703,2137522909.090909,2463689589.4808664,2083090909.090909,54432000.0,12641074946.841703,181550850.91318682,824815.3980727277,violated,satisfied,satisfied,satisfied,satisfied,satisfied,satisfied,False
20260830-stress-fence:c1528,arm-grid-R-I,19.5,6500000.0,0.36,False,1.3,0.85,0.07,168.77648173650772,165.73743282950036,3.1312347175040443,4219.457409352844,652.5590771856317,0.3551112832985455,2.474025974025974,6.844805194805194,75416736.94271097,12926384798.841703,2311113818.1818185,2668997055.2709394,2256681818.1818185,54432000.0,12926384798.841703,181550850.91318682,824815.3980727277,violated,satisfied,satisfied,satisfied,satisfied,satisfied,satisfied,False
20260830-stress-fence:c1529,arm-grid-R-I,19.5,7000000.0,0.36,False,1.3,0.85,0.07,171.88110334166333,168.7749768559383,3.1312347175040443,4219.457409352844,652.5590771856317,0.30619289223190915,2.664335664335664,7.371328671328671,87465564.73829201,13211694650.841703,2484704727.2727275,2874304521.0610123,2430272727.2727275,54432000.0,13211694650.841703,181550850.91318682,824815.3980727277,violated,satisfied,satisfied,satisfied,satisfied,satisfied,satisfied,False
20260830-stress-fence:c1530,arm-grid-R-I,19.5,7500000.0,0.36,False,1.3,0.85,0.07,174.98572494681895,171.81252088237622,3.1312347175040443,4219.457409352844,652.5590771856317,0.26672803056646316,2.854645354645354,7.897852147852146,100406898.29650867,13497004502.841703,2658295636.3636365,3079611986.851083,2603863636.3636365,54432000.0,13497004502.841703,181550850.91318682,824815.3980727277,violated,satisfied,satisfied,satisfied,satisfied,satisfied,satisfied,False
20260830-stress-fence:c1531,arm-grid-R-I,19.5,8000000.0,0.36,False,1.3,0.85,0.07,178.0903465519745,174.85006490881415,3.1312347175040443,4219.457409352844,652.5590771856317,0.2344289331150555,3.0449550449550444,8.424375624375623,114240737.61736096,13782314354.841703,2831886545.454545,3284919452.6411557,2777454545.454545,54432000.0,13782314354.841703,181550850.91318682,824815.3980727277,violated,satisfied,satisfied,satisfied,satisfied,satisfied,satisfied,False
20260830-stress-fence:c1532,arm-grid-R-I,19.5,8500000.0,0.36,False,1.3,0.85,0.07,181.19496815713012,177.88760893525213,3.1312347175040443,4219.457409352844,652.5590771856317,0.20766023140987608,3.2352647352647352,8.9508991008991,128967082.70084895,14067624206.841703,3005477454.5454545,3490226918.431228,2951045454.5454545,54432000.0,14067624206.841703,181550850.91318682,824815.3980727277,violated,satisfied,satisfied,satisfied,satisfied,satisfied,satisfied,False
20260830-stress-fence:c1533,arm-grid-R-I,19.5,9000000.0,0.36,False,1.3,0.85,0.07,184.2995897622857,180.92515296169003,3.1312347175040443,4219.457409352844,652.5590771856317,0.18522779900448821,3.4255744255744256,9.477422577422578,144585933.54697254,14352934058.841702,3179068363.636363,3695534384.2213,3124636363.636363,54432000.0,14352934058.841702,181550850.91318682,824815.3980727277,violated,satisfied,satisfied,satisfied,satisfied,satisfied,satisfied,False
20260830-stress-fence:c1534,arm-grid-R-I,19.5,9500000.0,0.36,False,1.3,0.85,0.07,187.40421136744132,183.962696988128,3.1312347175040443,4219.457409352844,652.5590771856317,0.16624323234751856,3.6158841158841155,10.003946053946052,161097290.1557317,14638243910.841703,3352659272.727273,3900841850.011372,3298227272.727273,54432000.0,14638243910.841703,181550850.91318682,824815.3980727277,violated,satisfied,satisfied,satisfied,satisfied,satisfied,satisfied,False
20260830-stress-fence:c1535,arm-grid-R-I,19.5,10000000.0,0.36,False,1.3,0.85,0.07,190.5088329725969,187.00024101456592,3.1312347175040443,4219.457409352844,652.5590771856317,0.1500345171936355,3.806193806193806,10.53046953046953,178501152.52712655,14923553762.841703,3526250181.818182,4106149315.801445,3471818181.818182,54432000.0,14923553762.841703,181550850.91318682,824815.3980727277,violated,satisfied,satisfied,satisfied,satisfied,satisfied,satisfied,False
20260830-stress-fence:c1536,arm-grid-R-I,19.5,10500000.0,0.36,False,1.3,0.85,0.07,193.61345457775252,190.0377850410039,3.1312347175040443,4219.457409352844,652.5590771856317,0.13608572988084852,3.9965034965034962,11.056993006993006,196797520.661157,15208863614.841703,3699841090.9090905,4311456781.591517,3645409090.9090905,54432000.0,15208863614.841703,181550850.91318682,824815.3980727277,violated,satisfied,satisfied,satisfied,satisfied,satisfied,satisfied,False
20260830-stress-fence:c1537,arm-grid-R-I,19.5,11000000.0,0.36,False,1.3,0.85,0.07,196.7180761829081,193.07532906744183,3.1312347175040443,4219.457409352844,652.5590771856317,0.12399546875507066,4.186813186813186,11.583516483516481,215986394.55782312,15494173466.841703,3873432000.0,4516764247.381589,3819000000.0,54432000.0,15494173466.841703,181550850.91318682,824815.3980727277,violated,satisfied,satisfied,satisfied,satisfied,satisfied,satisfied,False
20260830-stress-fence:c1538,arm-grid-R-I,19.5,11500000.0,0.36,False,1.3,0.85,0.07,199.82269778806375,196.1128730938798,3.1312347175040443,4219.457409352844,652.5590771856317,0.11344765005189826,4.377122877122877,12.11003996003996,236067774.2171249,15779483318.84171,4047022909.0909095,4722071713.171661,3992590909.0909095,54432000.0,15779483318.84171,181550850.91318682,824815.3980727277,violated,satisfied,satisfied,satisfied,satisfied,satisfied,satisfied,False
20260830-stress-fence:c1539,arm-grid-R-I,19.5,12000000.0,0.36,False,1.3,0.85,0.07,202.92731939321928,199.15041712031768,3.1312347175040443,4219.457409352844,652.5590771856317,0.10419063694002464,4.567432567432567,12.636563436563435,257041659.6390622,16064793170.841703,4220613818.181818,4927379178.961733,4166181818.181818,54432000.0,16064793170.841703,181550850.91318682,824815.3980727277,violated,satisfied,satisfied,satisfied,satisfied,satisfied,satisfied,False
20260830-stress-fence:c1540,arm-grid-R-I,19.5,12500000.0,0.36,False,1.3,0.85,0.07,206.03194099837492,202.1879611467557,3.1312347175040443,4219.457409352844,652.5590771856317,0.09602209100392672,4.757742257742257,13.16308691308691,278908050.8236352,16350103022.841707,4394204727.272727,5132686644.751806,4339772727.272727,54432000.0,16350103022.841707,181550850.91318682,824815.3980727277,violated,satisfied,satisfied,satisfied,satisfied,satisfied,satisfied,False
20260830-stress-fence:c1541,arm-grid-R-I,19.5,13000000.0,0.36,False,1.3,0.85,0.07,209.13656260353054,205.22550517319362,3.1312347175040443,4219.457409352844,652.5590771856317,0.08877782082463638,4.948051948051948,13.689610389610388,301666947.77084386,16635412874.841707,4567795636.363637,5337994110.541879,4513363636.363637,54432000.0,16635412874.841707,181550850.91318682,824815.3980727277,violated,satisfied,satisfied,satisfied,satisfied,satisfied,satisfied,False
20260830-stress-fence:c1542,arm-grid-R-I,19.5,13500000.0,0.36,False,1.3,0.85,0.07,212.24118420868615,208.26304919963155,3.1312347175040443,4219.457409352844,652.5590771856317,0.082323466224217,5.138361638361638,14.216133866133864,325318350.48068815,16920722726.841707,4741386545.454545,5543301576.33195,4686954545.454545,54432000.0,16920722726.841707,181550850.91318682,824815.3980727277,violated,satisfied,satisfied,satisfied,satisfied,satisfied,satisfied,False
20260830-stress-fence:c1543,arm-grid-R-I,19.5,14000000.0,0.36,False,1.3,0.85,0.07,215.34580581384176,211.3005932260695,3.1312347175040443,4219.457409352844,652.5590771856317,0.07654822305797729,5.328671328671328,14.742657342657342,349862258.95316803,17206032578.84171,4914977454.545455,5748609042.122025,4860545454.545455,54432000.0,17206032578.84171,181550850.91318682,824815.3980727277,violated,satisfied,satisfied,satisfied,satisfied,satisfied,satisfied,False
20260830-stress-fence:c1544,arm-grid-R-I,19.5,14500000.0,0.36,False,1.3,0.85,0.07,218.45042741899726,214.33813725250738,3.1312347175040443,4219.457409352844,652.5590771856317,0.07136005574013578,5.518981018981019,15.269180819180818,375298673.1882836,17491342430.8417,5088568363.636363,5953916507.912094,5034136363.636363,54432000.0,17491342430.8417,181550850.91318682,824815.3980727277,violated,satisfied,satisfied,satisfied,satisfied,satisfied,satisfied,False
20260830-stress-fence:c1545,arm-grid-R-I,19.5,15000000.0,0.36,False,1.3,0.85,0.07,221.55504902415285,217.37568127894534,3.1312347175040443,4219.457409352844,652.5590771856317,0.06668200764161579,5.709290709290708,15.795704295704292,401627593.1860347,17776652282.841705,5262159272.727273,6159223973.702166,5207727272.727273,54432000.0,17776652282.841705,181550850.91318682,824815.3980727277,violated,satisfied,satisfied,satisfied,satisfied,satisfied,satisfied,False
20260830-stress-fence:c1546,arm-grid-R-I,19.5,15500000.0,0.36,False,1.3,0.85,0.07,224.65967062930852,220.41322530538335,3.1312347175040443,4219.457409352844,652.5590771856317,0.06244933077778793,5.899600399600399,16.32222777222777,428849018.9464215,18061962134.84171,5435750181.818182,6364531439.49224,5381318181.818182,54432000.0,18061962134.84171,181550850.91318682,824815.3980727277,violated,satisfied,satisfied,satisfied,satisfied,satisfied,satisfied,False
20260830-stress-fence:c1547,arm-grid-R-I,19.5,16000000.0,0.36,False,1.3,0.85,0.07,227.7642922344641,223.45076933182122,3.1312347175040443,4219.457409352844,652.5590771856317,0.058607233278763875,6.089910089910089,16.848751248751245,456962950.46944386,18347271986.841705,5609341090.90909,6569838905.282311,5554909090.90909,54432000.0,18347271986.841705,181550850.91318682,824815.3980727277,violated,satisfied,satisfied,satisfied,satisfied,satisfied,satisfied,False
20260830-stress-fence:c1548,arm-grid-R-I,19.5,16500000.0,0.36,False,1.3,0.85,0.07,230.86891383961975,226.48831335825923,3.1312347175040443,4219.457409352844,652.5590771856317,0.05510909722447586,6.280219780219779,17.37527472527472,485969387.7551019,18632581838.84171,5782931999.999999,6775146371.072383,5728499999.999999,54432000.0,18632581838.84171,181550850.91318682,824815.3980727277,violated,satisfied,satisfied,satisfied,satisfied,satisfied,satisfied,False
20260830-stress-fence:c1549,arm-grid-R-I,19.5,17000000.0,0.36,False,1.3,0.85,0.07,233.97353544477528,229.5258573846971,3.1312347175040443,4219.457409352844,652.5590771856317,0.05191505785246902,6.4705294705294705,17.9017982017982,515868330.8033958,18917891690.8417,5956522909.090909,6980453836.862456,5902090909.090909,54432000.0,18917891690.8417,181550850.91318682,824815.3980727277,violated,satisfied,satisfied,satisfied,satisfied,satisfied,satisfied,False
20260830-stress-fence:c1550,arm-grid-R-I,19.5,17500000.0,0.36,False,1.3,0.85,0.07,237.07815704993084,232.56340141113503,3.1312347175040443,4219.457409352844,652.5590771856317,0.04899086275710547,6.66083916083916,18.428321678321677,546659779.614325,19203201542.8417,6130113818.181818,7185761302.652526,6075681818.181818,54432000.0,19203201542.8417,181550850.91318682,824815.3980727277,satisfied,satisfied,satisfied,satisfied,satisfied,satisfied,satisfied,True
20260830-stress-fence:c1551,arm-grid-R-I,19.5,18000000.0,0.36,False,1.3,0.85,0.07,240.18277865508642,235.600945437573,3.1312347175040443,4219.457409352844,652.5590771856317,0.046306949751122053,6.851148851148851,18.954845154845156,578343734.1878902,19488511394.8417,6303704727.272726,7391068768.4426,6249272727.272726,54432000.0,19488511394.8417,181550850.91318682,824815.3980727277,satisfied,satisfied,satisfied,satisfied,satisfied,satisfied,satisfied,True
20260830-stress-fence:c1552,arm-grid-R-I,19.5,18500000.0,0.36,False,1.3,0.85,0.07,243.2874002602421,238.63848946401095,3.1312347175040443,4219.457409352844,652.5590771856317,0.04383769676950636,7.041458541458541,19.48136863136863,610920194.5240905,19773821246.841705,6477295636.363637,7596376234.232673,6422863636.363637,54432000.0,19773821246.841705,181550850.91318682,824815.3980727277,satisfied,satisfied,satisfied,satisfied,satisfied,satisfied,satisfied,True
20260830-stress-fence:c1553,arm-grid-R-I,19.5,19000000.0,0.36,False,1.3,0.85,0.07,246.39202186539768,241.67603349044887,3.1312347175040443,4219.457409352844,652.5590771856317,0.04156080808687964,7.231768231768231,20.007892107892104,644389160.6229268,20059131098.841705,6650886545.454546,7801683700.022744,6596454545.454546,54432000.0,20059131098.841705,181550850.91318682,824815.3980727277,satisfied,satisfied,satisfied,satisfied,satisfied,satisfied,satisfied,True
20260830-stress-fence:c1554,arm-grid-R-I,19.5,19500000.0,0.36,False,1.3,0.85,0.07,249.49664347055327,244.71357751688677,3.1312347175040443,4219.457409352844,652.5590771856317,0.03945680925539395,7.422077922077921,20.534415584415584,678750632.4843988,20344440950.8417,6824477454.545454,8006991165.812818,6770045454.545454,54432000.0,20344440950.8417,181550850.91318682,824815.3980727277,satisfied,satisfied,satisfied,satisfied,satisfied,satisfied,satisfied,True
20260830-stress-fence:c1555,arm-grid-R-I,19.5,20000000.0,0.36,False,1.3,0.85,0.07,252.60126507570882,247.75112154332476,3.1312347175040443,4219.457409352844,652.5590771856317,0.037508629298408876,7.612387612387612,21.06093906093906,714004610.1085062,20629750802.8417,6998068363.636364,8212298631.60289,6943636363.636364,54432000.0,20629750802.8417,181550850.91318682,824815.3980727277,satisfied,satisfied,satisfied,satisfied,satisfied,satisfied,satisfied,True
20260830-stress-fence:c1556,arm-grid-R-I,19.5,20500000.0,0.36,False,1.3,0.85,0.07,255.7058866808644,250.7886655697627,3.1312347175040443,4219.457409352844,652.5590771856317,0.035701253347682455,7.802697302697301,21.58746253746253,750151093.4952493,20915060654.841705,7171659272.727274,8417606097.392961,7117227272.727274,54432000.0,20915060654.841705,181550850.91318682,824815.3980727277,satisfied,satisfied,satisfied,satisfied,satisfied,satisfied,satisfied,True
20260830-stress-fence:c1557,arm-grid-R-I,19.5,21000000.0,0.36,False,1.3,0.85,0.07,258.81050828601997,253.8262095962006,3.1312347175040443,4219.457409352844,652.5590771856317,0.03402143247021213,7.9930069930069925,22.11398601398601,787190082.644628,21200370506.8417,7345250181.818181,8622913563.183035,7290818181.818181,54432000.0,21200370506.8417,181550850.91318682,824815.3980727277,satisfied,satisfied,satisfied,satisfied,satisfied,satisfied,satisfied,True
20260830-stress-fence:c1558,arm-grid-R-I,19.5,21500000.0,0.36,False,1.3,0.85,0.07,261.9151298911757,256.86375362263857,3.1312347175040443,4219.457409352844,652.5590771856317,0.03245744017168967,8.183316683316683,22.640509490509487,825121577.5566424,21485680358.841705,7518841090.909092,8828221028.973106,7464409090.909092,54432000.0,21485680358.841705,181550850.91318682,824815.3980727277,satisfied,satisfied,satisfied,satisfied,satisfied,satisfied,violated,False
20260830-stress-fence:c1559,arm-grid-R-I,19.5,22000000.0,0.36,False,1.3,0.85,0.07,265.01975149633125,259.9012976490765,3.1312347175040443,4219.457409352844,652.5590771856317,0.030998867188767664,8.373626373626372,23.167032967032963,863945578.2312925,21770990210.841705,7692432000.0,9033528494.763178,7638000000.0,54432000.0,21770990210.841705,181550850.91318682,824815.3980727277,satisfied,satisfied,satisfied,satisfied,satisfied,satisfied,violated,False
20260830-stress-fence:c1560,arm-grid-R-I,19.5,22500000.0,0.36,False,1.3,0.85,0.07,268.1243731014868,262.9388416755144,3.1312347175040443,4219.457409352844,652.5590771856317,0.029636447840718116,8.563936063936064,23.693556443556442,903662084.6685783,22056300062.8417,7866022909.090908,9238835960.553251,7811590909.090908,54432000.0,22056300062.8417,181550850.91318682,824815.3980727277,satisfied,satisfied,satisfied,satisfied,satisfied,satisfied,violated,False
20260830-stress-fence:c1561,arm-grid-R-I,19.5,23000000.0,0.36,False,1.3,0.85,0.07,271.2289947066424,265.9763857019524,3.1312347175040443,4219.457409352844,652.5590771856317,0.028361912512974565,8.754245754245755,24.22007992007992,944271096.8684996,22341609914.841705,8039613818.181819,9444143426.343323,7985181818.181819,54432000.0,22341609914.841705,181550850.91318682,824815.3980727277,satisfied,satisfied,satisfied,satisfied,satisfied,satisfied,violated,False
20260830-stress-fence:c1562,arm-grid-R-I,19.5,23500000.0,0.36,False,1.3,0.85,0.07,274.3336163117981,269.01392972839034,3.1312347175040443,4219.457409352844,652.5590771856317,0.027167861872998737,8.944555444555442,24.74660339660339,985772614.8310562,22626919766.841705,8213204727.272727,9649450892.133394,8158772727.272727,54432000.0,22626919766.841705,181550850.91318682,824815.3980727277,satisfied,satisfied,satisfied,satisfied,satisfied,satisfied,violated,False
20260830-stress-fence:c1563,arm-grid-R-I,19.5,24000000.0,0.36,False,1.3,0.85,0.07,277.43823791695354,272.05147375482824,3.1312347175040443,4219.457409352844,652.5590771856317,0.02604765923500616,9.134865134865134,25.27312687312687,1028166638.5562488,22912229618.8417,8386795636.363636,9854758357.923466,8332363636.363636,54432000.0,22912229618.8417,181550850.91318682,824815.3980727277,satisfied,satisfied,violated,satisfied,satisfied,satisfied,violated,False
20260830-stress-fence:c1564,arm-grid-R-I,19.5,24500000.0,0.36,False,1.3,0.85,0.07,280.5428595221092,275.0890177812662,3.1312347175040443,4219.457409352844,652.5590771856317,0.024995338141380337,9.325174825174825,25.79965034965035,1071453168.0440773,23197539470.8417,8560386545.454545,10060065823.713541,8505954545.454545,54432000.0,23197539470.8417,181550850.91318682,824815.3980727277,satisfied,satisfied,violated,satisfied,satisfied,satisfied,violated,False
20260830-stress-fence:c1565,arm-grid-R-I,19.5,25000000.0,0.36,False,1.3,0.85,0.07,283.6474811272648,278.12656180770415,3.1312347175040443,4219.457409352844,652.5590771856317,0.02400552275098168,9.515484515484514,26.32617382617382,1115632203.294541,23482849322.8417,8733977454.545454,10265373289.503613,8679545454.545454,54432000.0,23482849322.8417,181550850.91318682,824815.3980727277,satisfied,satisfied,violated,satisfied,satisfied,satisfied,violated,False
20260830-stress-fence:c1566,arm-grid-R-I,19.5,25500000.0,0.36,False,1.3,0.85,0.07,286.7521027324204,281.16410583414205,3.1312347175040443,4219.457409352844,652.5590771856317,0.023073359045541798,9.705794205794204,26.852697302697297,1160703744.3076403,23768159174.8417,8907568363.636362,10470680755.293682,8853136363.636362,54432000.0,23768159174.8417,181550850.91318682,824815.3980727277,satisfied,satisfied,violated,satisfied,satisfied,satisfied,violated,False
20260830-stress-fence:c1567,arm-grid-R-I,19.5,26000000.0,0.36,False,1.3,0.85,0.07,289.856724337576,284.20164986058,3.1312347175040443,4219.457409352844,652.5590771856317,0.022194455206159095,9.896103896103895,27.379220779220777,1206667791.0833755,24053469026.841705,9081159272.727274,10675988221.083757,9026727272.727274,54432000.0,24053469026.841705,181550850.91318682,824815.3980727277,satisfied,satisfied,violated,satisfied,satisfied,satisfied,violated,False
20260830-stress-fence:c1568,arm-grid-R-I,20.0,2000000.0,0.36,False,1.3,0.85,0.07,140.28183325702327,137.85823691738517,3.1312347175040456,4327.648624977277,669.2913612160327,3.945680925539395,0.7422077922077921,2.053441558441558,6961544.948557936,10629128277.609833,748795636.3636363,821229863.1602889,694363636.3636363,54432000.0,10629128277.609833,188525253.37176794,845964.5108438235,violated,satisfied,satisfied,satisfied,satisfied,satisfied,satisfied,False
20260830-stress-fence:c1569,arm-grid-R-I,20.0,2500000.0,0.36,False,1.3,0.85,0.07,143.2928329127628,140.80418176383932,3.1312347175040456,4327.648624977277,669.2913612160327,2.525235792345213,0.9277597402597402,2.566801948051948,10877413.982121775,10914438129.609835,922386545.4545455,1026537328.9503609,867954545.4545455,54432000.0,10914438129.609835,188525253.37176794,845964.5108438235,violated,satisfied,satisfied,satisfied,satisfied,satisfied,satisfied,False
20260830-stress-fence:c1570,arm-grid-R-I,20.0,3000000.0,0.36,False,1.3,0.85,0.07,146.30383256850234,143.75012661029345,3.1312347175040456,4327.648624977277,669.2913612160327,1.7536359669063977,1.1133116883116883,3.0801623376623373,15663476.134255353,11199747981.609835,1095977454.5454545,1231844794.7404337,1041545454.5454545,54432000.0,11199747981.609835,188525253.37176794,845964.5108438235,violated,satisfied,satisfied,satisfied,satisfied,satisfied,satisfied,False
20260830-stress-fence:c1571,arm-grid-R-I,20.0,3500000.0,0.36,False,1.3,0.85,0.07,149.31483222424185,146.6960714567476,3.1312347175040456,4327.648624977277,669.2913612160327,1.2883856083393945,1.298863636363636,3.5935227272727266,21319731.404958677,11485057833.609833,1269568363.6363637,1437152260.5305052,1215136363.6363637,54432000.0,11485057833.609833,188525253.37176794,845964.5108438235,violated,satisfied,satisfied,satisfied,satisfied,satisfied,satisfied,False
20260830-stress-fence:c1572,arm-grid-R-I,20.0,4000000.0,0.36,False,1.3,0.85,0.07,152.3258318799814,149.64201630320173,3.1312347175040456,4327.648624977277,669.2913612160327,0.9864202313848488,1.4844155844155842,4.106883116883116,27846179.794231743,11770367685.609833,1443159272.7272725,1642459726.3205779,1388727272.7272725,54432000.0,11770367685.609833,188525253.37176794,845964.5108438235,violated,satisfied,satisfied,satisfied,satisfied,satisfied,satisfied,False
20260830-stress-fence:c1573,arm-grid-R-I,20.0,4500000.0,0.36,False,1.3,0.85,0.07,155.33683153572093,152.58796114965585,3.1312347175040456,4327.648624977277,669.2913612160327,0.7793937630695101,1.6699675324675323,4.620243506493506,35242821.30207455,12055677537.609833,1616750181.8181815,1847767192.11065,1562318181.8181815,54432000.0,12055677537.609833,188525253.37176794,845964.5108438235,violated,satisfied,satisfied,satisfied,satisfied,satisfied,satisfied,False
20260830-stress-fence:c1574,arm-grid-R-I,20.0,5000000.0,0.36,False,1.3,0.85,0.07,158.34783119146044,155.53390599611,3.1312347175040456,4327.648624977277,669.2913612160327,0.6313089480863032,1.8555194805194803,5.133603896103896,43509655.9284871,12340987389.609835,1790341090.909091,2053074657.9007218,1735909090.909091,54432000.0,12340987389.609835,188525253.37176794,845964.5108438235,violated,satisfied,satisfied,satisfied,satisfied,satisfied,satisfied,False
20260830-stress-fence:c1575,arm-grid-R-I,20.0,5500000.0,0.36,False,1.3,0.85,0.07,161.35883084719995,158.47985084256413,3.1312347175040456,4327.648624977277,669.2913612160327,0.52174293230273,2.041071428571428,5.646964285714285,52646683.67346938,12626297241.609833,1963932000.0,2258382123.6907945,1909500000.0,54432000.0,12626297241.609833,188525253.37176794,845964.5108438235,violated,satisfied,satisfied,satisfied,satisfied,satisfied,satisfied,False
20260830-stress-fence:c1576,arm-grid-R-I,20.0,6000000.0,0.36,False,1.3,0.85,0.07,164.3698305029395,161.42579568901826,3.1312347175040456,4327.648624977277,669.2913612160327,0.4384089917265994,2.2266233766233765,6.1603246753246745,62653904.53702141,12911607093.609833,2137522909.090909,2463689589.4808674,2083090909.090909,54432000.0,12911607093.609833,188525253.37176794,845964.5108438235,violated,satisfied,satisfied,satisfied,satisfied,satisfied,satisfied,False
20260830-stress-fence:c1577,arm-grid-R-I,20.0,6500000.0,0.36,False,1.3,0.85,0.07,167.38083015867906,164.3717405354724,3.1312347175040456,4327.648624977277,669.2913612160327,0.3735555905836114,2.4121753246753244,6.673685064935064,73531318.5191432,13196916945.609835,2311113818.1818185,2668997055.270939,2256681818.1818185,54432000.0,13196916945.609835,188525253.37176794,845964.5108438235,violated,satisfied,satisfied,satisfied,satisfied,satisfied,satisfied,False
20260830-stress-fence:c1578,arm-grid-R-I,20.0,7000000.0,0.36,False,1.3,0.85,0.07,170.3918298144186,167.3176853819266,3.1312347175040456,4327.648624977277,669.2913612160327,0.32209640208484863,2.597727272727272,7.187045454545453,85278925.6198347,13482226797.609835,2484704727.2727275,2874304521.0610104,2430272727.2727275,54432000.0,13482226797.609835,188525253.37176794,845964.5108438235,violated,satisfied,satisfied,satisfied,satisfied,satisfied,satisfied,False
20260830-stress-fence:c1579,arm-grid-R-I,20.0,7500000.0,0.36,False,1.3,0.85,0.07,173.4028294701581,170.26363022838072,3.1312347175040456,4327.648624977277,669.2913612160327,0.2805817547050237,2.78327922077922,7.700405844155842,97896725.83909594,13767536649.609835,2658295636.3636365,3079611986.851083,2603863636.3636365,54432000.0,13767536649.609835,188525253.37176794,845964.5108438235,violated,satisfied,satisfied,satisfied,satisfied,satisfied,satisfied,False
20260830-stress-fence:c1580,arm-grid-R-I,20.0,8000000.0,0.36,False,1.3,0.85,0.07,176.4138291258976,173.20957507483482,3.1312347175040456,4327.648624977277,669.2913612160327,0.2466050578462122,2.9688311688311684,8.213766233766233,111384719.17692697,14052846501.609833,2831886545.454545,3284919452.6411557,2777454545.454545,54432000.0,14052846501.609833,188525253.37176794,845964.5108438235,violated,satisfied,satisfied,satisfied,satisfied,satisfied,satisfied,False
20260830-stress-fence:c1581,arm-grid-R-I,20.0,8500000.0,0.36,False,1.3,0.85,0.07,179.42482878163713,176.15551992128897,3.1312347175040456,4327.648624977277,669.2913612160327,0.21844600279802878,3.1543831168831167,8.727126623376623,125742905.63332772,14338156353.609833,3005477454.5454545,3490226918.431227,2951045454.5454545,54432000.0,14338156353.609833,188525253.37176794,845964.5108438235,violated,satisfied,satisfied,satisfied,satisfied,satisfied,satisfied,False
20260830-stress-fence:c1582,arm-grid-R-I,20.0,9000000.0,0.36,False,1.3,0.85,0.07,182.4358284373767,179.1014647677431,3.1312347175040456,4327.648624977277,669.2913612160327,0.19484844076737753,3.3399350649350645,9.240487012987012,140971285.2082982,14623466205.609833,3179068363.636363,3695534384.2213,3124636363.636363,54432000.0,14623466205.609833,188525253.37176794,845964.5108438235,violated,satisfied,satisfied,satisfied,satisfied,satisfied,satisfied,False
20260830-stress-fence:c1583,arm-grid-R-I,20.0,9500000.0,0.36,False,1.3,0.85,0.07,185.44682809311624,182.04740961419722,3.1312347175040456,4327.648624977277,669.2913612160327,0.17487782495465462,3.525487012987013,9.753847402597401,157069857.90183842,14908776057.609833,3352659272.727273,3900841850.011372,3298227272.727273,54432000.0,14908776057.609833,188525253.37176794,845964.5108438235,violated,satisfied,satisfied,satisfied,satisfied,satisfied,satisfied,False
20260830-stress-fence:c1584,arm-grid-R-I,20.0,10000000.0,0.36,False,1.3,0.85,0.07,188.45782774885578,184.9933544606514,3.1312347175040456,4327.648624977277,669.2913612160327,0.1578272370215758,3.7110389610389607,10.267207792207792,174038623.7139484,15194085909.609835,3526250181.818182,4106149315.8014436,3471818181.818182,54432000.0,15194085909.609835,188525253.37176794,845964.5108438235,violated,satisfied,satisfied,satisfied,satisfied,satisfied,satisfied,False
20260830-stress-fence:c1585,arm-grid-R-I,20.0,10500000.0,0.36,False,1.3,0.85,0.07,191.46882740459523,187.93929930710547,3.1312347175040456,4327.648624977277,669.2913612160327,0.14315395648215495,3.8965909090909085,10.78056818181818,191877582.64462808,15479395761.609829,3699841090.9090905,4311456781.591517,3645409090.9090905,54432000.0,15479395761.609829,188525253.37176794,845964.5108438235,violated,satisfied,satisfied,satisfied,satisfied,satisfied,satisfied,False
20260830-stress-fence:c1586,arm-grid-R-I,20.0,11000000.0,0.36,False,1.3,0.85,0.07,194.47982706033474,190.88524415355957,3.1312347175040456,4327.648624977277,669.2913612160327,0.1304357330756825,4.082142857142856,11.29392857142857,210586734.69387752,15764705613.609827,3873432000.0,4516764247.381589,3819000000.0,54432000.0,15764705613.609827,188525253.37176794,845964.5108438235,violated,satisfied,satisfied,satisfied,satisfied,satisfied,satisfied,False
20260830-stress-fence:c1587,arm-grid-R-I,20.0,11500000.0,0.36,False,1.3,0.85,0.07,197.49082671607425,193.8311890000137,3.1312347175040456,4327.648624977277,669.2913612160327,0.11934006580081345,4.267694805194805,11.80728896103896,230166079.86169675,16050015465.609825,4047022909.0909095,4722071713.171661,3992590909.0909095,54432000.0,16050015465.609825,188525253.37176794,845964.5108438235,violated,satisfied,satisfied,satisfied,satisfied,satisfied,satisfied,False
20260830-stress-fence:c1588,arm-grid-R-I,20.0,12000000.0,0.36,False,1.3,0.85,0.07,200.5018263718138,196.77713384646782,3.1312347175040456,4327.648624977277,669.2913612160327,0.10960224793164985,4.453246753246753,12.320649350649349,250615618.14808565,16335325317.609825,4220613818.181818,4927379178.961735,4166181818.181818,54432000.0,16335325317.609825,188525253.37176794,845964.5108438235,violated,satisfied,satisfied,satisfied,satisfied,satisfied,satisfied,False
20260830-stress-fence:c1589,arm-grid-R-I,20.0,12500000.0,0.36,False,1.3,0.85,0.07,203.51282602755327,199.72307869292192,3.1312347175040456,4327.648624977277,669.2913612160327,0.1010094316938085,4.638798701298701,12.83400974025974,271935349.5530444,16620635169.609821,4394204727.272727,5132686644.751806,4339772727.272727,54432000.0,16620635169.609821,188525253.37176794,845964.5108438235,violated,satisfied,satisfied,satisfied,satisfied,satisfied,satisfied,False
20260830-stress-fence:c1590,arm-grid-R-I,20.0,13000000.0,0.36,False,1.3,0.85,0.07,206.52382568329284,202.66902353937613,3.1312347175040456,4327.648624977277,669.2913612160327,0.09338889764590284,4.824350649350649,13.347370129870129,294125274.0765728,16905945021.609825,4567795636.363637,5337994110.541878,4513363636.363637,54432000.0,16905945021.609825,188525253.37176794,845964.5108438235,violated,satisfied,satisfied,satisfied,satisfied,satisfied,satisfied,False
20260830-stress-fence:c1591,arm-grid-R-I,20.0,13500000.0,0.36,False,1.3,0.85,0.07,209.53482533903238,205.61496838583025,3.1312347175040456,4327.648624977277,669.2913612160327,0.08659930700772335,5.009902597402597,13.860730519480517,317185391.71867096,17191254873.609825,4741386545.454545,5543301576.33195,4686954545.454545,54432000.0,17191254873.609825,188525253.37176794,845964.5108438235,violated,satisfied,satisfied,satisfied,satisfied,satisfied,satisfied,False
20260830-stress-fence:c1592,arm-grid-R-I,20.0,14000000.0,0.36,False,1.3,0.85,0.07,212.54582499477192,208.56091323228438,3.1312347175040456,4327.648624977277,669.2913612160327,0.08052410052121216,5.195454545454544,14.374090909090906,341115702.4793388,17476564725.609825,4914977454.545455,5748609042.122021,4860545454.545455,54432000.0,17476564725.609825,188525253.37176794,845964.5108438235,violated,satisfied,satisfied,satisfied,satisfied,satisfied,satisfied,False
20260830-stress-fence:c1593,arm-grid-R-I,20.0,14500000.0,0.36,False,1.3,0.85,0.07,215.55682465051143,211.50685807873853,3.1312347175040456,4327.648624977277,669.2913612160327,0.07506646231703963,5.381006493506493,14.887451298701297,365916206.3585765,17761874577.609825,5088568363.636363,5953916507.912094,5034136363.636363,54432000.0,17761874577.609825,188525253.37176794,845964.5108438235,violated,satisfied,satisfied,satisfied,satisfied,satisfied,satisfied,False
20260830-stress-fence:c1594,arm-grid-R-I,20.0,15000000.0,0.36,False,1.3,0.85,0.07,218.567824306251,214.45280292519266,3.1312347175040456,4327.648624977277,669.2913612160327,0.07014543867625593,5.56655844155844,15.400811688311684,391586903.35638374,18047184429.609825,5262159272.727273,6159223973.702166,5207727272.727273,54432000.0,18047184429.609825,188525253.37176794,845964.5108438235,violated,satisfied,satisfied,satisfied,satisfied,satisfied,satisfied,False
20260830-stress-fence:c1595,arm-grid-R-I,20.0,15500000.0,0.36,False,1.3,0.85,0.07,221.5788239619905,217.39874777164678,3.1312347175040456,4327.648624977277,669.2913612160327,0.06569291863541137,5.752110389610389,15.914172077922077,418127793.47276103,18332494281.609825,5435750181.818182,6364531439.49224,5381318181.818182,54432000.0,18332494281.609825,188525253.37176794,845964.5108438235,violated,satisfied,satisfied,satisfied,satisfied,satisfied,satisfied,False
20260830-stress-fence:c1596,arm-grid-R-I,20.0,16000000.0,0.36,False,1.3,0.85,0.07,224.58982361773005,220.34469261810094,3.1312347175040456,4327.648624977277,669.2913612160327,0.06165126446155305,5.937662337662337,16.427532467532465,445538876.7077079,18617804133.609825,5609341090.90909,6569838905.282311,5554909090.90909,54432000.0,18617804133.609825,188525253.37176794,845964.5108438235,violated,satisfied,satisfied,satisfied,satisfied,satisfied,satisfied,False
20260830-stress-fence:c1597,arm-grid-R-I,20.0,16500000.0,0.36,False,1.3,0.85,0.07,227.60082327346953,223.290637464555,3.1312347175040456,4327.648624977277,669.2913612160327,0.05797143692252555,6.123214285714285,16.940892857142856,473820153.0612245,18903113985.60982,5782931999.999999,6775146371.072383,5728499999.999999,54432000.0,18903113985.60982,188525253.37176794,845964.5108438235,violated,satisfied,satisfied,satisfied,satisfied,satisfied,satisfied,False
20260830-stress-fence:c1598,arm-grid-R-I,20.0,17000000.0,0.36,False,1.3,0.85,0.07,230.6118229292091,226.2365823110092,3.1312347175040456,4327.648624977277,669.2913612160327,0.054611500699507196,6.308766233766233,17.454253246753247,502971622.5333109,19188423837.609825,5956522909.090909,6980453836.862454,5902090909.090909,54432000.0,19188423837.609825,188525253.37176794,845964.5108438235,violated,satisfied,satisfied,satisfied,satisfied,satisfied,satisfied,False
20260830-stress-fence:c1599,arm-grid-R-I,20.0,17500000.0,0.36,False,1.3,0.85,0.07,233.62282258494864,229.18252715746337,3.1312347175040456,4327.648624977277,669.2913612160327,0.05153542433357578,6.494318181818181,17.967613636363634,532993285.1239669,19473733689.609825,6130113818.181818,7185761302.652529,6075681818.181818,54432000.0,19473733689.609825,188525253.37176794,845964.5108438235,violated,satisfied,satisfied,satisfied,satisfied,satisfied,satisfied,False
20260830-stress-fence:c1600,arm-grid-R-I,20.0,18000000.0,0.36,False,1.3,0.85,0.07,236.63382224068812,232.12847200391744,3.1312347175040456,4327.648624977277,669.2913612160327,0.048712110191844384,6.679870129870129,18.480974025974024,563885140.8331928,19759043541.60982,6303704727.272726,7391068768.4426,6249272727.272726,54432000.0,19759043541.60982,188525253.37176794,845964.5108438235,satisfied,satisfied,satisfied,satisfied,satisfied,satisfied,satisfied,True
20260830-stress-fence:c1601,arm-grid-R-I,20.0,18500000.0,0.36,False,1.3,0.85,0.07,239.64482189642766,235.07441685037162,3.1312347175040456,4327.648624977277,669.2913612160327,0.04611460541170952,6.8654220779220765,18.99433441558441,595647189.6609883,20044353393.609825,6477295636.363637,7596376234.232672,6422863636.363637,54432000.0,20044353393.609825,188525253.37176794,845964.5108438235,satisfied,satisfied,satisfied,satisfied,satisfied,satisfied,satisfied,True
20260830-stress-fence:c1602,arm-grid-R-I,20.0,19000000.0,0.36,False,1.3,0.85,0.07,242.65582155216723,238.02036169682574,3.1312347175040456,4327.648624977277,669.2913612160327,0.043719456238663655,7.050974025974026,19.507694805194802,628279431.6073537,20329663245.609825,6650886545.454546,7801683700.022744,6596454545.454546,54432000.0,20329663245.609825,188525253.37176794,845964.5108438235,satisfied,satisfied,satisfied,satisfied,satisfied,satisfied,satisfied,True
20260830-stress-fence:c1603,arm-grid-R-I,20.0,19500000.0,0.36,False,1.3,0.85,0.07,245.66682120790674,240.96630654327993,3.1312347175040456,4327.648624977277,669.2913612160327,0.04150617673151238,7.236525974025973,20.021055194805193,661781866.6722888,20614973097.609825,6824477454.545454,8006991165.812818,6770045454.545454,54432000.0,20614973097.609825,188525253.37176794,845964.5108438235,satisfied,satisfied,satisfied,satisfied,satisfied,satisfied,satisfied,True
20260830-stress-fence:c1604,arm-grid-R-I,20.0,20000000.0,0.36,False,1.3,0.85,0.07,248.67782086364625,243.91225138973405,3.1312347175040456,4327.648624977277,669.2913612160327,0.03945680925539395,7.422077922077921,20.534415584415584,696154494.8557936,20900282949.609825,6998068363.636364,8212298631.602887,6943636363.636364,54432000.0,20900282949.609825,188525253.37176794,845964.5108438235,satisfied,satisfied,satisfied,satisfied,satisfied,satisfied,satisfied,True
20260830-stress-fence:c1605,arm-grid-R-I,20.0,20500000.0,0.36,False,1.3,0.85,0.07,251.6888205193858,246.85819623618818,3.1312347175040456,4327.648624977277,669.2913612160327,0.037555559077115004,7.607629870129869,21.04777597402597,731397316.157868,21185592801.609825,7171659272.727274,8417606097.3929615,7117227272.727274,54432000.0,21185592801.609825,188525253.37176794,845964.5108438235,satisfied,satisfied,satisfied,satisfied,satisfied,satisfied,satisfied,True
20260830-stress-fence:c1606,arm-grid-R-I,20.0,21000000.0,0.36,False,1.3,0.85,0.07,254.69982017512532,249.8041410826423,3.1312347175040456,4327.648624977277,669.2913612160327,0.03578848912053874,7.793181818181817,21.56113636363636,767510330.5785123,21470902653.609825,7345250181.818181,8622913563.183035,7290818181.818181,54432000.0,21470902653.609825,188525253.37176794,845964.5108438235,satisfied,satisfied,satisfied,satisfied,satisfied,satisfied,satisfied,True
20260830-stress-fence:c1607,arm-grid-R-I,20.0,21500000.0,0.36,False,1.3,0.85,0.07,257.71081983086486,252.75008592909643,3.1312347175040456,4327.648624977277,669.2913612160327,0.03414326382294772,7.9787337662337645,22.07449675324675,804493538.1177263,21756212505.609825,7518841090.909092,8828221028.973104,7464409090.909092,54432000.0,21756212505.609825,188525253.37176794,845964.5108438235,satisfied,satisfied,satisfied,satisfied,satisfied,satisfied,violated,False
20260830-stress-fence:c1608,arm-grid-R-I,20.0,22000000.0,0.36,False,1.3,0.85,0.07,260.7218194866044,255.69603077555055,3.1312347175040456,4327.648624977277,669.2913612160327,0.03260893326892062,8.164285714285713,22.58785714285714,842346938.7755101,22041522357.609825,7692432000.0,9033528494.763178,7638000000.0,54432000.0,22041522357.609825,188525253.37176794,845964.5108438235,satisfied,satisfied,satisfied,satisfied,satisfied,satisfied,violated,False
20260830-stress-fence:c1609,arm-grid-R-I,20.0,22500000.0,0.36,False,1.3,0.85,0.07,263.7328191423439,258.64197562200474,3.1312347175040456,4327.648624977277,669.2913612160327,0.031175750522780404,8.349837662337661,23.10121753246753,881070532.5518637,22326832209.609825,7866022909.090908,9238835960.55325,7811590909.090908,54432000.0,22326832209.609825,188525253.37176794,845964.5108438235,satisfied,satisfied,satisfied,satisfied,satisfied,satisfied,violated,False
20260830-stress-fence:c1610,arm-grid-R-I,20.0,23000000.0,0.36,False,1.3,0.85,0.07,266.7438187980835,261.58792046845895,3.1312347175040456,4327.648624977277,669.2913612160327,0.029835016450203363,8.53538961038961,23.61457792207792,920664319.446787,22612142061.609833,8039613818.181819,9444143426.343323,7985181818.181819,54432000.0,22612142061.609833,188525253.37176794,845964.5108438235,satisfied,satisfied,satisfied,satisfied,satisfied,satisfied,violated,False
20260830-stress-fence:c1611,arm-grid-R-I,20.0,23500000.0,0.36,False,1.3,0.85,0.07,269.75481845382296,264.533865314913,3.1312347175040456,4327.648624977277,669.2913612160327,0.02857894740091912,8.720941558441556,24.127938311688304,961128299.4602797,22897451913.609825,8213204727.272727,9649450892.133392,8158772727.272727,54432000.0,22897451913.609825,188525253.37176794,845964.5108438235,satisfied,satisfied,satisfied,satisfied,satisfied,satisfied,violated,False
20260830-stress-fence:c1612,arm-grid-R-I,20.0,24000000.0,0.36,False,1.3,0.85,0.07,272.7658181095625,267.47981016136714,3.1312347175040456,4327.648624977277,669.2913612160327,0.027400561982912464,8.906493506493506,24.641298701298698,1002462472.5923426,23182761765.609825,8386795636.363636,9854758357.92347,8332363636.363636,54432000.0,23182761765.609825,188525253.37176794,845964.5108438235,satisfied,satisfied,satisfied,satisfied,satisfied,satisfied,violated,False
20260830-stress-fence:c1613,arm-grid-R-I,20.0,24500000.0,0.36,False,1.3,0.85,0.07,275.776817765302,270.42575500782124,3.1312347175040456,4327.648624977277,669.2913612160327,0.026293583843661105,9.092045454545454,25.15465909090909,1044666838.8429753,23468071617.60982,8560386545.454545,10060065823.713541,8505954545.454545,54432000.0,23468071617.60982,188525253.37176794,845964.5108438235,satisfied,satisfied,violated,satisfied,satisfied,satisfied,violated,False
20260830-stress-fence:c1614,arm-grid-R-I,20.0,25000000.0,0.36,False,1.3,0.85,0.07,278.7878174210415,273.3716998542754,3.1312347175040456,4327.648624977277,669.2913612160327,0.025252357923452123,9.277597402597403,25.66801948051948,1087741398.2121775,23753381469.60982,8733977454.545454,10265373289.503613,8679545454.545454,54432000.0,23753381469.60982,188525253.37176794,845964.5108438235,satisfied,satisfied,violated,satisfied,satisfied,satisfied,violated,False
20260830-stress-fence:c1615,arm-grid-R-I,20.0,25500000.0,0.36,False,1.3,0.85,0.07,281.79881707678106,276.3176447007295,3.1312347175040456,4327.648624977277,669.2913612160327,0.024271778088669867,9.46314935064935,26.181379870129867,1131686150.6999493,24038691321.60982,8907568363.636362,10470680755.293682,8853136363.636362,54432000.0,24038691321.60982,188525253.37176794,845964.5108438235,satisfied,satisfied,violated,satisfied,satisfied,satisfied,violated,False
20260830-stress-fence:c1616,arm-grid-R-I,20.0,26000000.0,0.36,False,1.3,0.85,0.07,284.80981673252063,279.2635895471837,3.1312347175040456,4327.648624977277,669.2913612160327,0.02334722441147571,9.648701298701297,26.694740259740257,1176501096.306291,24324001173.609825,9081159272.727274,10675988221.083755,9026727272.727274,54432000.0,24324001173.609825,188525253.37176794,845964.5108438235,satisfied,satisfied,violated,satisfied,satisfied,satisfied,violated,False
20260830-stress-fence:c1617,arm-grid-R-I,12.7,15400000.0,0.36,True,1.3,0.85,0.07,304.48161969642837,298.5446705787589,3.131234717504045,2748.0568768605704,425.0000143721807,0.026834157382368405,8.999999999999998,24.899999999999995,649999999.9999999,14573943975.500229,5401032000.0,6323469946.334224,5346600000.0,54432000.0,14573943975.500229,97066502.3745164,537187.4643858278,satisfied,satisfied,satisfied,satisfied,satisfied,satisfied,satisfied,True
20260830-stress-fence:c1618,arm-transect-wp-side,12.7,15400000.0,0.2,False,1.3,0.85,0.07,304.48161969642837,298.5446705787589,3.131234717504045,2748.0568768605704,425.0000143721807,0.026834157382368405,8.999999999999998,24.899999999999995,1169999999.9999995,14573943975.500229,5401032000.0,6323469946.334224,5346600000.0,54432000.0,14573943975.500229,97066502.3745164,537187.4643858278,satisfied,satisfied,satisfied,satisfied,satisfied,satisfied,violated,False
20260830-stress-fence:c1619,arm-transect-wp-side,12.7,15400000.0,0.22,False,1.3,0.85,0.07,304.48161969642837,298.5446705787589,3.131234717504045,2748.0568768605704,425.0000143721807,0.026834157382368405,8.999999999999998,24.899999999999995,1063636363.6363634,14573943975.500229,5401032000.0,6323469946.334224,5346600000.0,54432000.0,14573943975.500229,97066502.3745164,537187.4643858278,satisfied,satisfied,satisfied,satisfied,satisfied,satisfied,violated,False
20260830-stress-fence:c1620,arm-transect-wp-side,12.7,15400000.0,0.24,False,1.3,0.85,0.07,304.48161969642837,298.5446705787589,3.131234717504045,2748.0568768605704,425.0000143721807,0.026834157382368405,8.999999999999998,24.899999999999995,974999999.9999998,14573943975.500229,5401032000.0,6323469946.334224,5346600000.0,54432000.0,14573943975.500229,97066502.3745164,537187.4643858278,satisfied,satisfied,satisfied,satisfied,satisfied,satisfied,violated,False
20260830-stress-fence:c1621,arm-transect-wp-side,12.7,15400000.0,0.26,False,1.3,0.85,0.07,304.48161969642837,298.5446705787589,3.131234717504045,2748.0568768605704,425.0000143721807,0.026834157382368405,8.999999999999998,24.899999999999995,899999999.9999998,14573943975.500229,5401032000.0,6323469946.334224,5346600000.0,54432000.0,14573943975.500229,97066502.3745164,537187.4643858278,satisfied,satisfied,satisfied,satisfied,satisfied,satisfied,violated,False
20260830-stress-fence:c1622,arm-transect-wp-side,12.7,15400000.0,0.28,False,1.3,0.85,0.07,304.48161969642837,298.5446705787589,3.131234717504045,2748.0568768605704,425.0000143721807,0.026834157382368405,8.999999999999998,24.899999999999995,835714285.7142854,14573943975.500229,5401032000.0,6323469946.334224,5346600000.0,54432000.0,14573943975.500229,97066502.3745164,537187.4643858278,satisfied,satisfied,satisfied,satisfied,satisfied,satisfied,violated,False
20260830-stress-fence:c1623,arm-transect-wp-side,12.7,15400000.0,0.3,False,1.3,0.85,0.07,304.48161969642837,298.5446705787589,3.131234717504045,2748.0568768605704,425.0000143721807,0.026834157382368405,8.999999999999998,24.899999999999995,779999999.9999999,14573943975.500229,5401032000.0,6323469946.334224,5346600000.0,54432000.0,14573943975.500229,97066502.3745164,537187.4643858278,satisfied,satisfied,satisfied,satisfied,satisfied,satisfied,satisfied,True
20260830-stress-fence:c1624,arm-transect-wp-side,12.7,15400000.0,0.32,False,1.3,0.85,0.07,304.48161969642837,298.5446705787589,3.131234717504045,2748.0568768605704,425.0000143721807,0.026834157382368405,8.999999999999998,24.899999999999995,731249999.9999998,14573943975.500229,5401032000.0,6323469946.334224,5346600000.0,54432000.0,14573943975.500229,97066502.3745164,537187.4643858278,satisfied,satisfied,satisfied,satisfied,satisfied,satisfied,satisfied,True
20260830-stress-fence:c1625,arm-transect-wp-side,12.7,15400000.0,0.34,False,1.3,0.85,0.07,304.48161969642837,298.5446705787589,3.131234717504045,2748.0568768605704,425.0000143721807,0.026834157382368405,8.999999999999998,24.899999999999995,688235294.1176468,14573943975.500229,5401032000.0,6323469946.334224,5346600000.0,54432000.0,14573943975.500229,97066502.3745164,537187.4643858278,satisfied,satisfied,satisfied,satisfied,satisfied,satisfied,satisfied,True
20260830-stress-fence:c1626,arm-transect-wp-side,12.7,15400000.0,0.38,False,1.3,0.85,0.07,304.48161969642837,298.5446705787589,3.131234717504045,2748.0568768605704,425.0000143721807,0.026834157382368405,8.999999999999998,24.899999999999995,615789473.6842104,14573943975.500229,5401032000.0,6323469946.334224,5346600000.0,54432000.0,14573943975.500229,97066502.3745164,537187.4643858278,satisfied,satisfied,satisfied,satisfied,satisfied,satisfied,satisfied,True
20260830-stress-fence:c1627,arm-transect-wp-side,12.7,15400000.0,0.4,False,1.3,0.85,0.07,304.48161969642837,298.5446705787589,3.131234717504045,2748.0568768605704,425.0000143721807,0.026834157382368405,8.999999999999998,24.899999999999995,584999999.9999998,14573943975.500229,5401032000.0,6323469946.334224,5346600000.0,54432000.0,14573943975.500229,97066502.3745164,537187.4643858278,satisfied,satisfied,satisfied,satisfied,satisfied,satisfied,satisfied,True
20260830-stress-fence:c1628,arm-transect-wp-side,12.7,15400000.0,0.42,False,1.3,0.85,0.07,304.48161969642837,298.5446705787589,3.131234717504045,2748.0568768605704,425.0000143721807,0.026834157382368405,8.999999999999998,24.899999999999995,557142857.1428571,14573943975.500229,5401032000.0,6323469946.334224,5346600000.0,54432000.0,14573943975.500229,97066502.3745164,537187.4643858278,satisfied,satisfied,satisfied,satisfied,satisfied,satisfied,satisfied,True
20260830-stress-fence:c1629,arm-transect-wp-side,12.7,15400000.0,0.44,False,1.3,0.85,0.07,304.48161969642837,298.5446705787589,3.131234717504045,2748.0568768605704,425.0000143721807,0.026834157382368405,8.999999999999998,24.899999999999995,531818181.8181817,14573943975.500229,5401032000.0,6323469946.334224,5346600000.0,54432000.0,14573943975.500229,97066502.3745164,537187.4643858278,satisfied,satisfied,satisfied,satisfied,satisfied,satisfied,satisfied,True
20260830-stress-fence:c1630,arm-transect-wp-side,12.7,15400000.0,0.46,False,1.3,0.85,0.07,304.48161969642837,298.5446705787589,3.131234717504045,2748.0568768605704,425.0000143721807,0.026834157382368405,8.999999999999998,24.899999999999995,508695652.1739129,14573943975.500229,5401032000.0,6323469946.334224,5346600000.0,54432000.0,14573943975.500229,97066502.3745164,537187.4643858278,satisfied,satisfied,satisfied,satisfied,satisfied,satisfied,satisfied,True
20260830-stress-fence:c1631,arm-transect-wp-side,12.7,15400000.0,0.48,False,1.3,0.85,0.07,304.48161969642837,298.5446705787589,3.131234717504045,2748.0568768605704,425.0000143721807,0.026834157382368405,8.999999999999998,24.899999999999995,487499999.9999999,14573943975.500229,5401032000.0,6323469946.334224,5346600000.0,54432000.0,14573943975.500229,97066502.3745164,537187.4643858278,satisfied,satisfied,satisfied,satisfied,satisfied,satisfied,satisfied,True
20260830-stress-fence:c1632,arm-transect-wp-side,12.7,15400000.0,0.5,False,1.3,0.85,0.07,304.48161969642837,298.5446705787589,3.131234717504045,2748.0568768605704,425.0000143721807,0.026834157382368405,8.999999999999998,24.899999999999995,467999999.9999999,14573943975.500229,5401032000.0,6323469946.334224,5346600000.0,54432000.0,14573943975.500229,97066502.3745164,537187.4643858278,satisfied,satisfied,satisfied,satisfied,satisfied,satisfied,satisfied,True
20260830-stress-fence:c1633,arm-transect-wp-side,12.7,15400000.0,0.52,False,1.3,0.85,0.07,304.48161969642837,298.5446705787589,3.131234717504045,2748.0568768605704,425.0000143721807,0.026834157382368405,8.999999999999998,24.899999999999995,449999999.9999999,14573943975.500229,5401032000.0,6323469946.334224,5346600000.0,54432000.0,14573943975.500229,97066502.3745164,537187.4643858278,satisfied,satisfied,satisfied,satisfied,satisfied,satisfied,satisfied,True
