EEEEEFEFEEE....s.FE.................                                     [100%]
==================================== ERRORS ====================================
_______ ERROR at setup of test_the_summary_validates_against_its_schema ________

promoted_run = {'baseline_result': PosixPath('/tmp/pytest-of-reid/pytest-13028/stock_route_run0/baseline_result.json'), 'dir': PosixP...-13028/stock_route_run0/package_identity.json'), 'simkit': PosixPath('/home/reid/1cfe/teax/packages/teax-simkit'), ...}
tmp_path = PosixPath('/tmp/pytest-of-reid/pytest-13028/test_the_summary_validates_aga0')

    @pytest.fixture
    def summary(promoted_run, tmp_path):
        out = tmp_path / "verification_summary.json"
>       run_verify(promoted_run, out, expect=0)

tests/study/test_verify.py:70: 
_ _ _ _ _ _ _ _ _ _ _ _ _ _ _ _ _ _ _ _ _ _ _ _ _ _ _ _ _ _ _ _ _ _ _ _ _ _ _ _ 

promoted_run = {'baseline_result': PosixPath('/tmp/pytest-of-reid/pytest-13028/stock_route_run0/baseline_result.json'), 'dir': PosixP...-13028/stock_route_run0/package_identity.json'), 'simkit': PosixPath('/home/reid/1cfe/teax/packages/teax-simkit'), ...}
out = PosixPath('/tmp/pytest-of-reid/pytest-13028/test_the_summary_validates_aga0/verification_summary.json')
expect = 0, extra = ()
argv = ['--package', '/home/reid/1cfe/fusion-tea/exploration/stellarator_e2e/pkg/stellarator_tea', '--manifest', '/home/reid/...e/studies/manifest.json', '--identity', '/tmp/pytest-of-reid/pytest-13028/stock_route_run0/package_identity.json', ...]
done = CompletedProcess(args=['/home/reid/1cfe/fusion-tea/.venv/bin/python3', '/home/reid/1cfe/fusion-tea/scripts/study/verif...emas/cycle_mode_selection_output.py\n?? exploration/stellarator_e2e/generated/schemas/matched_steam_cycle_output.py\n')

    def run_verify(promoted_run, out, *extra, expect=None):
        argv = [
            "--package", str(PACKAGE),
            "--manifest", str(MANIFEST),
            "--identity", str(promoted_run["identity"]),
            "--store", str(promoted_run["store"]),
            "--out", str(out),
            *extra,
        ]
        done = subprocess.run(
            [sys.executable, str(VERIFY), *argv],
            capture_output=True, text=True, cwd=str(REPO_ROOT),
            env={**__import__("os").environ, "PYTHONPATH": str(promoted_run["simkit"])},
        )
        if expect is not None:
>           assert done.returncode == expect, f"exit {done.returncode}\n{done.stderr}"
E           AssertionError: exit 1
E             package tree is not git-clean: exploration/stellarator_e2e/generated
E             M exploration/stellarator_e2e/generated/IMPLEMENTATION_BACKLOG.md
E              M exploration/stellarator_e2e/generated/__init__.py
E              M exploration/stellarator_e2e/generated/contracts/generation_manifest.json
E              M exploration/stellarator_e2e/generated/contracts/model_contract.json
E              M exploration/stellarator_e2e/generated/contracts/package_contract.json
E              M exploration/stellarator_e2e/generated/handwritten/mfe_plant/mfe_power_plant/bop_capital_impl.py
E              M exploration/stellarator_e2e/generated/handwritten/mfe_plant/mfe_power_plant/cas20_capital_impl.py
E              M exploration/stellarator_e2e/generated/handwritten/mfe_plant/mfe_power_plant/cas22_capital_impl.py
E              M exploration/stellarator_e2e/generated/handwritten/mfe_plant/mfe_power_plant/cas23_to_28_capital_impl.py
E              M exploration/stellarator_e2e/generated/handwritten/mfe_plant/mfe_power_plant/cas2x_pre_contingency_impl.py
E              M exploration/stellarator_e2e/generated/handwritten/mfe_plant/mfe_power_plant/overnight_capital_impl.py
E              M exploration/stellarator_e2e/generated/handwritten/mfe_plant/mfe_power_plant/powercore_capital_impl.py
E              M exploration/stellarator_e2e/generated/handwritten/mfe_plant/mfe_power_plant/reactor_equipment_subtotal_impl.py
E              M exploration/stellarator_e2e/generated/handwritten/mfe_plant/mfe_power_plant/replacement_cost_per_event_impl.py
E              M exploration/stellarator_e2e/generated/handwritten/mfe_plant/mfe_power_plant/total_capital_impl.py
E              M exploration/stellarator_e2e/generated/handwritten/mfe_power_balance/mfe_power_balance_calc_impl.py
E              M exploration/stellarator_e2e/generated/handwritten/mfe_power_balance/reactor_source_heat_impl.py
E              M exploration/stellarator_e2e/generated/handwritten/stellarator_09/stellaris/buildings/cooling_initial_handoff_days_impl.py
E              M exploration/stellarator_e2e/generated/handwritten/stellarator_09/stellaris/buildings/initial_sector_start_days_impl.py
E              M exploration/stellarator_e2e/generated/handwritten/stellarator_09/stellaris/special_materials_capital_impl.py
E              M exploration/stellarator_e2e/generated/inputs/mfe_plant_systems_params.json
E              M exploration/stellarator_e2e/generated/inputs/stellarator_plant_params.json
E              M exploration/stellarator_e2e/generated/modules/constraints/constraintreportaggregatormodule.py
E              M exploration/stellarator_e2e/generated/modules/constraints/predicates.py
E              M exploration/stellarator_e2e/generated/modules/mfe_plant/mfe_power_plant/bop_capital.py
E              M exploration/stellarator_e2e/generated/modules/mfe_plant/mfe_power_plant/cas20_capital.py
E              M exploration/stellarator_e2e/generated/modules/mfe_plant/mfe_power_plant/cas22_capital.py
E              M exploration/stellarator_e2e/generated/modules/mfe_plant/mfe_power_plant/cas23_to_28_capital.py
E              M exploration/stellarator_e2e/generated/modules/mfe_plant/mfe_power_plant/cas2x_pre_contingency.py
E              M exploration/stellarator_e2e/generated/modules/mfe_plant/mfe_power_plant/overnight_capital.py
E              M exploration/stellarator_e2e/generated/modules/mfe_plant/mfe_power_plant/powercore_capital.py
E              M exploration/stellarator_e2e/generated/modules/mfe_plant/mfe_power_plant/reactor_equipment_subtotal.py
E              M exploration/stellarator_e2e/generated/modules/mfe_plant/mfe_power_plant/replacement_cost_per_event.py
E              M exploration/stellarator_e2e/generated/modules/mfe_plant/mfe_power_plant/total_capital.py
E              M exploration/stellarator_e2e/generated/modules/mfe_power_balance/mfe_power_balance_calc.py
E              M exploration/stellarator_e2e/generated/modules/mfe_power_balance/reactor_source_heat.py
E              M exploration/stellarator_e2e/generated/modules/stellarator_09/stellaris/buildings/cooling_initial_handoff_days.py
E              M exploration/stellarator_e2e/generated/modules/stellarator_09/stellaris/buildings/initial_sector_start_days.py
E              M exploration/stellarator_e2e/generated/modules/stellarator_09/stellaris/special_materials_capital.py
E              M exploration/stellarator_e2e/generated/pipelines/pipeline.yaml
E              M exploration/stellarator_e2e/generated/schemas/mfe_plant_systems_params.py
E              M exploration/stellarator_e2e/generated/schemas/stellarator_plant_params.py
E              M exploration/stellarator_e2e/generated/tests/test_implementations_runnable.py
E             ?? exploration/stellarator_e2e/generated/handwritten/mfe_matched_steam_cycle/__init__.py
E             ?? exploration/stellarator_e2e/generated/handwritten/mfe_matched_steam_cycle/cooling_water_rejection_impl.py
E             ?? exploration/stellarator_e2e/generated/handwritten/mfe_matched_steam_cycle/cycle_mode_selection_impl.py
E             ?? exploration/stellarator_e2e/generated/handwritten/mfe_matched_steam_cycle/matched_steam_cycle_impl.py
E             ?? exploration/stellarator_e2e/generated/modules/mfe_matched_steam_cycle/__init__.py
E             ?? exploration/stellarator_e2e/generated/modules/mfe_matched_steam_cycle/cooling_water_rejection.py
E             ?? exploration/stellarator_e2e/generated/modules/mfe_matched_steam_cycle/cycle_mode_selection.py
E             ?? exploration/stellarator_e2e/generated/modules/mfe_matched_steam_cycle/matched_steam_cycle.py
E             ?? exploration/stellarator_e2e/generated/modules/stellarator_09/stellariscoolingwaterheatdirectionconstraintmodule.py
E             ?? exploration/stellarator_e2e/generated/modules/stellarator_09/stellarismatchedmainheatdirectionconstraintmodule.py
E             ?? exploration/stellarator_e2e/generated/modules/stellarator_09/stellarismatchedreheatheatdirectionconstraintmodule.py
E             ?? exploration/stellarator_e2e/generated/schemas/cooling_water_rejection_output.py
E             ?? exploration/stellarator_e2e/generated/schemas/cycle_mode_selection_output.py
E             ?? exploration/stellarator_e2e/generated/schemas/matched_steam_cycle_output.py
E             
E           assert 1 == 0
E            +  where 1 = CompletedProcess(args=['/home/reid/1cfe/fusion-tea/.venv/bin/python3', '/home/reid/1cfe/fusion-tea/scripts/study/verif...emas/cycle_mode_selection_output.py\n?? exploration/stellarator_e2e/generated/schemas/matched_steam_cycle_output.py\n').returncode

tests/study/test_verify.py:63: AssertionError
_ ERROR at setup of test_the_summary_is_a_superset_of_the_committed_field_set __

promoted_run = {'baseline_result': PosixPath('/tmp/pytest-of-reid/pytest-13028/stock_route_run0/baseline_result.json'), 'dir': PosixP...-13028/stock_route_run0/package_identity.json'), 'simkit': PosixPath('/home/reid/1cfe/teax/packages/teax-simkit'), ...}
tmp_path = PosixPath('/tmp/pytest-of-reid/pytest-13028/test_the_summary_is_a_superset0')

    @pytest.fixture
    def summary(promoted_run, tmp_path):
        out = tmp_path / "verification_summary.json"
>       run_verify(promoted_run, out, expect=0)

tests/study/test_verify.py:70: 
_ _ _ _ _ _ _ _ _ _ _ _ _ _ _ _ _ _ _ _ _ _ _ _ _ _ _ _ _ _ _ _ _ _ _ _ _ _ _ _ 

promoted_run = {'baseline_result': PosixPath('/tmp/pytest-of-reid/pytest-13028/stock_route_run0/baseline_result.json'), 'dir': PosixP...-13028/stock_route_run0/package_identity.json'), 'simkit': PosixPath('/home/reid/1cfe/teax/packages/teax-simkit'), ...}
out = PosixPath('/tmp/pytest-of-reid/pytest-13028/test_the_summary_is_a_superset0/verification_summary.json')
expect = 0, extra = ()
argv = ['--package', '/home/reid/1cfe/fusion-tea/exploration/stellarator_e2e/pkg/stellarator_tea', '--manifest', '/home/reid/...e/studies/manifest.json', '--identity', '/tmp/pytest-of-reid/pytest-13028/stock_route_run0/package_identity.json', ...]
done = CompletedProcess(args=['/home/reid/1cfe/fusion-tea/.venv/bin/python3', '/home/reid/1cfe/fusion-tea/scripts/study/verif...emas/cycle_mode_selection_output.py\n?? exploration/stellarator_e2e/generated/schemas/matched_steam_cycle_output.py\n')

    def run_verify(promoted_run, out, *extra, expect=None):
        argv = [
            "--package", str(PACKAGE),
            "--manifest", str(MANIFEST),
            "--identity", str(promoted_run["identity"]),
            "--store", str(promoted_run["store"]),
            "--out", str(out),
            *extra,
        ]
        done = subprocess.run(
            [sys.executable, str(VERIFY), *argv],
            capture_output=True, text=True, cwd=str(REPO_ROOT),
            env={**__import__("os").environ, "PYTHONPATH": str(promoted_run["simkit"])},
        )
        if expect is not None:
>           assert done.returncode == expect, f"exit {done.returncode}\n{done.stderr}"
E           AssertionError: exit 1
E             package tree is not git-clean: exploration/stellarator_e2e/generated
E             M exploration/stellarator_e2e/generated/IMPLEMENTATION_BACKLOG.md
E              M exploration/stellarator_e2e/generated/__init__.py
E              M exploration/stellarator_e2e/generated/contracts/generation_manifest.json
E              M exploration/stellarator_e2e/generated/contracts/model_contract.json
E              M exploration/stellarator_e2e/generated/contracts/package_contract.json
E              M exploration/stellarator_e2e/generated/handwritten/mfe_plant/mfe_power_plant/bop_capital_impl.py
E              M exploration/stellarator_e2e/generated/handwritten/mfe_plant/mfe_power_plant/cas20_capital_impl.py
E              M exploration/stellarator_e2e/generated/handwritten/mfe_plant/mfe_power_plant/cas22_capital_impl.py
E              M exploration/stellarator_e2e/generated/handwritten/mfe_plant/mfe_power_plant/cas23_to_28_capital_impl.py
E              M exploration/stellarator_e2e/generated/handwritten/mfe_plant/mfe_power_plant/cas2x_pre_contingency_impl.py
E              M exploration/stellarator_e2e/generated/handwritten/mfe_plant/mfe_power_plant/overnight_capital_impl.py
E              M exploration/stellarator_e2e/generated/handwritten/mfe_plant/mfe_power_plant/powercore_capital_impl.py
E              M exploration/stellarator_e2e/generated/handwritten/mfe_plant/mfe_power_plant/reactor_equipment_subtotal_impl.py
E              M exploration/stellarator_e2e/generated/handwritten/mfe_plant/mfe_power_plant/replacement_cost_per_event_impl.py
E              M exploration/stellarator_e2e/generated/handwritten/mfe_plant/mfe_power_plant/total_capital_impl.py
E              M exploration/stellarator_e2e/generated/handwritten/mfe_power_balance/mfe_power_balance_calc_impl.py
E              M exploration/stellarator_e2e/generated/handwritten/mfe_power_balance/reactor_source_heat_impl.py
E              M exploration/stellarator_e2e/generated/handwritten/stellarator_09/stellaris/buildings/cooling_initial_handoff_days_impl.py
E              M exploration/stellarator_e2e/generated/handwritten/stellarator_09/stellaris/buildings/initial_sector_start_days_impl.py
E              M exploration/stellarator_e2e/generated/handwritten/stellarator_09/stellaris/special_materials_capital_impl.py
E              M exploration/stellarator_e2e/generated/inputs/mfe_plant_systems_params.json
E              M exploration/stellarator_e2e/generated/inputs/stellarator_plant_params.json
E              M exploration/stellarator_e2e/generated/modules/constraints/constraintreportaggregatormodule.py
E              M exploration/stellarator_e2e/generated/modules/constraints/predicates.py
E              M exploration/stellarator_e2e/generated/modules/mfe_plant/mfe_power_plant/bop_capital.py
E              M exploration/stellarator_e2e/generated/modules/mfe_plant/mfe_power_plant/cas20_capital.py
E              M exploration/stellarator_e2e/generated/modules/mfe_plant/mfe_power_plant/cas22_capital.py
E              M exploration/stellarator_e2e/generated/modules/mfe_plant/mfe_power_plant/cas23_to_28_capital.py
E              M exploration/stellarator_e2e/generated/modules/mfe_plant/mfe_power_plant/cas2x_pre_contingency.py
E              M exploration/stellarator_e2e/generated/modules/mfe_plant/mfe_power_plant/overnight_capital.py
E              M exploration/stellarator_e2e/generated/modules/mfe_plant/mfe_power_plant/powercore_capital.py
E              M exploration/stellarator_e2e/generated/modules/mfe_plant/mfe_power_plant/reactor_equipment_subtotal.py
E              M exploration/stellarator_e2e/generated/modules/mfe_plant/mfe_power_plant/replacement_cost_per_event.py
E              M exploration/stellarator_e2e/generated/modules/mfe_plant/mfe_power_plant/total_capital.py
E              M exploration/stellarator_e2e/generated/modules/mfe_power_balance/mfe_power_balance_calc.py
E              M exploration/stellarator_e2e/generated/modules/mfe_power_balance/reactor_source_heat.py
E              M exploration/stellarator_e2e/generated/modules/stellarator_09/stellaris/buildings/cooling_initial_handoff_days.py
E              M exploration/stellarator_e2e/generated/modules/stellarator_09/stellaris/buildings/initial_sector_start_days.py
E              M exploration/stellarator_e2e/generated/modules/stellarator_09/stellaris/special_materials_capital.py
E              M exploration/stellarator_e2e/generated/pipelines/pipeline.yaml
E              M exploration/stellarator_e2e/generated/schemas/mfe_plant_systems_params.py
E              M exploration/stellarator_e2e/generated/schemas/stellarator_plant_params.py
E              M exploration/stellarator_e2e/generated/tests/test_implementations_runnable.py
E             ?? exploration/stellarator_e2e/generated/handwritten/mfe_matched_steam_cycle/__init__.py
E             ?? exploration/stellarator_e2e/generated/handwritten/mfe_matched_steam_cycle/cooling_water_rejection_impl.py
E             ?? exploration/stellarator_e2e/generated/handwritten/mfe_matched_steam_cycle/cycle_mode_selection_impl.py
E             ?? exploration/stellarator_e2e/generated/handwritten/mfe_matched_steam_cycle/matched_steam_cycle_impl.py
E             ?? exploration/stellarator_e2e/generated/modules/mfe_matched_steam_cycle/__init__.py
E             ?? exploration/stellarator_e2e/generated/modules/mfe_matched_steam_cycle/cooling_water_rejection.py
E             ?? exploration/stellarator_e2e/generated/modules/mfe_matched_steam_cycle/cycle_mode_selection.py
E             ?? exploration/stellarator_e2e/generated/modules/mfe_matched_steam_cycle/matched_steam_cycle.py
E             ?? exploration/stellarator_e2e/generated/modules/stellarator_09/stellariscoolingwaterheatdirectionconstraintmodule.py
E             ?? exploration/stellarator_e2e/generated/modules/stellarator_09/stellarismatchedmainheatdirectionconstraintmodule.py
E             ?? exploration/stellarator_e2e/generated/modules/stellarator_09/stellarismatchedreheatheatdirectionconstraintmodule.py
E             ?? exploration/stellarator_e2e/generated/schemas/cooling_water_rejection_output.py
E             ?? exploration/stellarator_e2e/generated/schemas/cycle_mode_selection_output.py
E             ?? exploration/stellarator_e2e/generated/schemas/matched_steam_cycle_output.py
E             
E           assert 1 == 0
E            +  where 1 = CompletedProcess(args=['/home/reid/1cfe/fusion-tea/.venv/bin/python3', '/home/reid/1cfe/fusion-tea/scripts/study/verif...emas/cycle_mode_selection_output.py\n?? exploration/stellarator_e2e/generated/schemas/matched_steam_cycle_output.py\n').returncode

tests/study/test_verify.py:63: AssertionError
___ ERROR at setup of test_parity_holds_at_the_committed_order_of_magnitude ____

promoted_run = {'baseline_result': PosixPath('/tmp/pytest-of-reid/pytest-13028/stock_route_run0/baseline_result.json'), 'dir': PosixP...-13028/stock_route_run0/package_identity.json'), 'simkit': PosixPath('/home/reid/1cfe/teax/packages/teax-simkit'), ...}
tmp_path = PosixPath('/tmp/pytest-of-reid/pytest-13028/test_parity_holds_at_the_commi0')

    @pytest.fixture
    def summary(promoted_run, tmp_path):
        out = tmp_path / "verification_summary.json"
>       run_verify(promoted_run, out, expect=0)

tests/study/test_verify.py:70: 
_ _ _ _ _ _ _ _ _ _ _ _ _ _ _ _ _ _ _ _ _ _ _ _ _ _ _ _ _ _ _ _ _ _ _ _ _ _ _ _ 

promoted_run = {'baseline_result': PosixPath('/tmp/pytest-of-reid/pytest-13028/stock_route_run0/baseline_result.json'), 'dir': PosixP...-13028/stock_route_run0/package_identity.json'), 'simkit': PosixPath('/home/reid/1cfe/teax/packages/teax-simkit'), ...}
out = PosixPath('/tmp/pytest-of-reid/pytest-13028/test_parity_holds_at_the_commi0/verification_summary.json')
expect = 0, extra = ()
argv = ['--package', '/home/reid/1cfe/fusion-tea/exploration/stellarator_e2e/pkg/stellarator_tea', '--manifest', '/home/reid/...e/studies/manifest.json', '--identity', '/tmp/pytest-of-reid/pytest-13028/stock_route_run0/package_identity.json', ...]
done = CompletedProcess(args=['/home/reid/1cfe/fusion-tea/.venv/bin/python3', '/home/reid/1cfe/fusion-tea/scripts/study/verif...emas/cycle_mode_selection_output.py\n?? exploration/stellarator_e2e/generated/schemas/matched_steam_cycle_output.py\n')

    def run_verify(promoted_run, out, *extra, expect=None):
        argv = [
            "--package", str(PACKAGE),
            "--manifest", str(MANIFEST),
            "--identity", str(promoted_run["identity"]),
            "--store", str(promoted_run["store"]),
            "--out", str(out),
            *extra,
        ]
        done = subprocess.run(
            [sys.executable, str(VERIFY), *argv],
            capture_output=True, text=True, cwd=str(REPO_ROOT),
            env={**__import__("os").environ, "PYTHONPATH": str(promoted_run["simkit"])},
        )
        if expect is not None:
>           assert done.returncode == expect, f"exit {done.returncode}\n{done.stderr}"
E           AssertionError: exit 1
E             package tree is not git-clean: exploration/stellarator_e2e/generated
E             M exploration/stellarator_e2e/generated/IMPLEMENTATION_BACKLOG.md
E              M exploration/stellarator_e2e/generated/__init__.py
E              M exploration/stellarator_e2e/generated/contracts/generation_manifest.json
E              M exploration/stellarator_e2e/generated/contracts/model_contract.json
E              M exploration/stellarator_e2e/generated/contracts/package_contract.json
E              M exploration/stellarator_e2e/generated/handwritten/mfe_plant/mfe_power_plant/bop_capital_impl.py
E              M exploration/stellarator_e2e/generated/handwritten/mfe_plant/mfe_power_plant/cas20_capital_impl.py
E              M exploration/stellarator_e2e/generated/handwritten/mfe_plant/mfe_power_plant/cas22_capital_impl.py
E              M exploration/stellarator_e2e/generated/handwritten/mfe_plant/mfe_power_plant/cas23_to_28_capital_impl.py
E              M exploration/stellarator_e2e/generated/handwritten/mfe_plant/mfe_power_plant/cas2x_pre_contingency_impl.py
E              M exploration/stellarator_e2e/generated/handwritten/mfe_plant/mfe_power_plant/overnight_capital_impl.py
E              M exploration/stellarator_e2e/generated/handwritten/mfe_plant/mfe_power_plant/powercore_capital_impl.py
E              M exploration/stellarator_e2e/generated/handwritten/mfe_plant/mfe_power_plant/reactor_equipment_subtotal_impl.py
E              M exploration/stellarator_e2e/generated/handwritten/mfe_plant/mfe_power_plant/replacement_cost_per_event_impl.py
E              M exploration/stellarator_e2e/generated/handwritten/mfe_plant/mfe_power_plant/total_capital_impl.py
E              M exploration/stellarator_e2e/generated/handwritten/mfe_power_balance/mfe_power_balance_calc_impl.py
E              M exploration/stellarator_e2e/generated/handwritten/mfe_power_balance/reactor_source_heat_impl.py
E              M exploration/stellarator_e2e/generated/handwritten/stellarator_09/stellaris/buildings/cooling_initial_handoff_days_impl.py
E              M exploration/stellarator_e2e/generated/handwritten/stellarator_09/stellaris/buildings/initial_sector_start_days_impl.py
E              M exploration/stellarator_e2e/generated/handwritten/stellarator_09/stellaris/special_materials_capital_impl.py
E              M exploration/stellarator_e2e/generated/inputs/mfe_plant_systems_params.json
E              M exploration/stellarator_e2e/generated/inputs/stellarator_plant_params.json
E              M exploration/stellarator_e2e/generated/modules/constraints/constraintreportaggregatormodule.py
E              M exploration/stellarator_e2e/generated/modules/constraints/predicates.py
E              M exploration/stellarator_e2e/generated/modules/mfe_plant/mfe_power_plant/bop_capital.py
E              M exploration/stellarator_e2e/generated/modules/mfe_plant/mfe_power_plant/cas20_capital.py
E              M exploration/stellarator_e2e/generated/modules/mfe_plant/mfe_power_plant/cas22_capital.py
E              M exploration/stellarator_e2e/generated/modules/mfe_plant/mfe_power_plant/cas23_to_28_capital.py
E              M exploration/stellarator_e2e/generated/modules/mfe_plant/mfe_power_plant/cas2x_pre_contingency.py
E              M exploration/stellarator_e2e/generated/modules/mfe_plant/mfe_power_plant/overnight_capital.py
E              M exploration/stellarator_e2e/generated/modules/mfe_plant/mfe_power_plant/powercore_capital.py
E              M exploration/stellarator_e2e/generated/modules/mfe_plant/mfe_power_plant/reactor_equipment_subtotal.py
E              M exploration/stellarator_e2e/generated/modules/mfe_plant/mfe_power_plant/replacement_cost_per_event.py
E              M exploration/stellarator_e2e/generated/modules/mfe_plant/mfe_power_plant/total_capital.py
E              M exploration/stellarator_e2e/generated/modules/mfe_power_balance/mfe_power_balance_calc.py
E              M exploration/stellarator_e2e/generated/modules/mfe_power_balance/reactor_source_heat.py
E              M exploration/stellarator_e2e/generated/modules/stellarator_09/stellaris/buildings/cooling_initial_handoff_days.py
E              M exploration/stellarator_e2e/generated/modules/stellarator_09/stellaris/buildings/initial_sector_start_days.py
E              M exploration/stellarator_e2e/generated/modules/stellarator_09/stellaris/special_materials_capital.py
E              M exploration/stellarator_e2e/generated/pipelines/pipeline.yaml
E              M exploration/stellarator_e2e/generated/schemas/mfe_plant_systems_params.py
E              M exploration/stellarator_e2e/generated/schemas/stellarator_plant_params.py
E              M exploration/stellarator_e2e/generated/tests/test_implementations_runnable.py
E             ?? exploration/stellarator_e2e/generated/handwritten/mfe_matched_steam_cycle/__init__.py
E             ?? exploration/stellarator_e2e/generated/handwritten/mfe_matched_steam_cycle/cooling_water_rejection_impl.py
E             ?? exploration/stellarator_e2e/generated/handwritten/mfe_matched_steam_cycle/cycle_mode_selection_impl.py
E             ?? exploration/stellarator_e2e/generated/handwritten/mfe_matched_steam_cycle/matched_steam_cycle_impl.py
E             ?? exploration/stellarator_e2e/generated/modules/mfe_matched_steam_cycle/__init__.py
E             ?? exploration/stellarator_e2e/generated/modules/mfe_matched_steam_cycle/cooling_water_rejection.py
E             ?? exploration/stellarator_e2e/generated/modules/mfe_matched_steam_cycle/cycle_mode_selection.py
E             ?? exploration/stellarator_e2e/generated/modules/mfe_matched_steam_cycle/matched_steam_cycle.py
E             ?? exploration/stellarator_e2e/generated/modules/stellarator_09/stellariscoolingwaterheatdirectionconstraintmodule.py
E             ?? exploration/stellarator_e2e/generated/modules/stellarator_09/stellarismatchedmainheatdirectionconstraintmodule.py
E             ?? exploration/stellarator_e2e/generated/modules/stellarator_09/stellarismatchedreheatheatdirectionconstraintmodule.py
E             ?? exploration/stellarator_e2e/generated/schemas/cooling_water_rejection_output.py
E             ?? exploration/stellarator_e2e/generated/schemas/cycle_mode_selection_output.py
E             ?? exploration/stellarator_e2e/generated/schemas/matched_steam_cycle_output.py
E             
E           assert 1 == 0
E            +  where 1 = CompletedProcess(args=['/home/reid/1cfe/fusion-tea/.venv/bin/python3', '/home/reid/1cfe/fusion-tea/scripts/study/verif...emas/cycle_mode_selection_output.py\n?? exploration/stellarator_e2e/generated/schemas/matched_steam_cycle_output.py\n').returncode

tests/study/test_verify.py:63: AssertionError
_ ERROR at setup of test_every_catalog_constraint_is_rederived_with_its_operand_count _

promoted_run = {'baseline_result': PosixPath('/tmp/pytest-of-reid/pytest-13028/stock_route_run0/baseline_result.json'), 'dir': PosixP...-13028/stock_route_run0/package_identity.json'), 'simkit': PosixPath('/home/reid/1cfe/teax/packages/teax-simkit'), ...}
tmp_path = PosixPath('/tmp/pytest-of-reid/pytest-13028/test_every_catalog_constraint_0')

    @pytest.fixture
    def summary(promoted_run, tmp_path):
        out = tmp_path / "verification_summary.json"
>       run_verify(promoted_run, out, expect=0)

tests/study/test_verify.py:70: 
_ _ _ _ _ _ _ _ _ _ _ _ _ _ _ _ _ _ _ _ _ _ _ _ _ _ _ _ _ _ _ _ _ _ _ _ _ _ _ _ 

promoted_run = {'baseline_result': PosixPath('/tmp/pytest-of-reid/pytest-13028/stock_route_run0/baseline_result.json'), 'dir': PosixP...-13028/stock_route_run0/package_identity.json'), 'simkit': PosixPath('/home/reid/1cfe/teax/packages/teax-simkit'), ...}
out = PosixPath('/tmp/pytest-of-reid/pytest-13028/test_every_catalog_constraint_0/verification_summary.json')
expect = 0, extra = ()
argv = ['--package', '/home/reid/1cfe/fusion-tea/exploration/stellarator_e2e/pkg/stellarator_tea', '--manifest', '/home/reid/...e/studies/manifest.json', '--identity', '/tmp/pytest-of-reid/pytest-13028/stock_route_run0/package_identity.json', ...]
done = CompletedProcess(args=['/home/reid/1cfe/fusion-tea/.venv/bin/python3', '/home/reid/1cfe/fusion-tea/scripts/study/verif...emas/cycle_mode_selection_output.py\n?? exploration/stellarator_e2e/generated/schemas/matched_steam_cycle_output.py\n')

    def run_verify(promoted_run, out, *extra, expect=None):
        argv = [
            "--package", str(PACKAGE),
            "--manifest", str(MANIFEST),
            "--identity", str(promoted_run["identity"]),
            "--store", str(promoted_run["store"]),
            "--out", str(out),
            *extra,
        ]
        done = subprocess.run(
            [sys.executable, str(VERIFY), *argv],
            capture_output=True, text=True, cwd=str(REPO_ROOT),
            env={**__import__("os").environ, "PYTHONPATH": str(promoted_run["simkit"])},
        )
        if expect is not None:
>           assert done.returncode == expect, f"exit {done.returncode}\n{done.stderr}"
E           AssertionError: exit 1
E             package tree is not git-clean: exploration/stellarator_e2e/generated
E             M exploration/stellarator_e2e/generated/IMPLEMENTATION_BACKLOG.md
E              M exploration/stellarator_e2e/generated/__init__.py
E              M exploration/stellarator_e2e/generated/contracts/generation_manifest.json
E              M exploration/stellarator_e2e/generated/contracts/model_contract.json
E              M exploration/stellarator_e2e/generated/contracts/package_contract.json
E              M exploration/stellarator_e2e/generated/handwritten/mfe_plant/mfe_power_plant/bop_capital_impl.py
E              M exploration/stellarator_e2e/generated/handwritten/mfe_plant/mfe_power_plant/cas20_capital_impl.py
E              M exploration/stellarator_e2e/generated/handwritten/mfe_plant/mfe_power_plant/cas22_capital_impl.py
E              M exploration/stellarator_e2e/generated/handwritten/mfe_plant/mfe_power_plant/cas23_to_28_capital_impl.py
E              M exploration/stellarator_e2e/generated/handwritten/mfe_plant/mfe_power_plant/cas2x_pre_contingency_impl.py
E              M exploration/stellarator_e2e/generated/handwritten/mfe_plant/mfe_power_plant/overnight_capital_impl.py
E              M exploration/stellarator_e2e/generated/handwritten/mfe_plant/mfe_power_plant/powercore_capital_impl.py
E              M exploration/stellarator_e2e/generated/handwritten/mfe_plant/mfe_power_plant/reactor_equipment_subtotal_impl.py
E              M exploration/stellarator_e2e/generated/handwritten/mfe_plant/mfe_power_plant/replacement_cost_per_event_impl.py
E              M exploration/stellarator_e2e/generated/handwritten/mfe_plant/mfe_power_plant/total_capital_impl.py
E              M exploration/stellarator_e2e/generated/handwritten/mfe_power_balance/mfe_power_balance_calc_impl.py
E              M exploration/stellarator_e2e/generated/handwritten/mfe_power_balance/reactor_source_heat_impl.py
E              M exploration/stellarator_e2e/generated/handwritten/stellarator_09/stellaris/buildings/cooling_initial_handoff_days_impl.py
E              M exploration/stellarator_e2e/generated/handwritten/stellarator_09/stellaris/buildings/initial_sector_start_days_impl.py
E              M exploration/stellarator_e2e/generated/handwritten/stellarator_09/stellaris/special_materials_capital_impl.py
E              M exploration/stellarator_e2e/generated/inputs/mfe_plant_systems_params.json
E              M exploration/stellarator_e2e/generated/inputs/stellarator_plant_params.json
E              M exploration/stellarator_e2e/generated/modules/constraints/constraintreportaggregatormodule.py
E              M exploration/stellarator_e2e/generated/modules/constraints/predicates.py
E              M exploration/stellarator_e2e/generated/modules/mfe_plant/mfe_power_plant/bop_capital.py
E              M exploration/stellarator_e2e/generated/modules/mfe_plant/mfe_power_plant/cas20_capital.py
E              M exploration/stellarator_e2e/generated/modules/mfe_plant/mfe_power_plant/cas22_capital.py
E              M exploration/stellarator_e2e/generated/modules/mfe_plant/mfe_power_plant/cas23_to_28_capital.py
E              M exploration/stellarator_e2e/generated/modules/mfe_plant/mfe_power_plant/cas2x_pre_contingency.py
E              M exploration/stellarator_e2e/generated/modules/mfe_plant/mfe_power_plant/overnight_capital.py
E              M exploration/stellarator_e2e/generated/modules/mfe_plant/mfe_power_plant/powercore_capital.py
E              M exploration/stellarator_e2e/generated/modules/mfe_plant/mfe_power_plant/reactor_equipment_subtotal.py
E              M exploration/stellarator_e2e/generated/modules/mfe_plant/mfe_power_plant/replacement_cost_per_event.py
E              M exploration/stellarator_e2e/generated/modules/mfe_plant/mfe_power_plant/total_capital.py
E              M exploration/stellarator_e2e/generated/modules/mfe_power_balance/mfe_power_balance_calc.py
E              M exploration/stellarator_e2e/generated/modules/mfe_power_balance/reactor_source_heat.py
E              M exploration/stellarator_e2e/generated/modules/stellarator_09/stellaris/buildings/cooling_initial_handoff_days.py
E              M exploration/stellarator_e2e/generated/modules/stellarator_09/stellaris/buildings/initial_sector_start_days.py
E              M exploration/stellarator_e2e/generated/modules/stellarator_09/stellaris/special_materials_capital.py
E              M exploration/stellarator_e2e/generated/pipelines/pipeline.yaml
E              M exploration/stellarator_e2e/generated/schemas/mfe_plant_systems_params.py
E              M exploration/stellarator_e2e/generated/schemas/stellarator_plant_params.py
E              M exploration/stellarator_e2e/generated/tests/test_implementations_runnable.py
E             ?? exploration/stellarator_e2e/generated/handwritten/mfe_matched_steam_cycle/__init__.py
E             ?? exploration/stellarator_e2e/generated/handwritten/mfe_matched_steam_cycle/cooling_water_rejection_impl.py
E             ?? exploration/stellarator_e2e/generated/handwritten/mfe_matched_steam_cycle/cycle_mode_selection_impl.py
E             ?? exploration/stellarator_e2e/generated/handwritten/mfe_matched_steam_cycle/matched_steam_cycle_impl.py
E             ?? exploration/stellarator_e2e/generated/modules/mfe_matched_steam_cycle/__init__.py
E             ?? exploration/stellarator_e2e/generated/modules/mfe_matched_steam_cycle/cooling_water_rejection.py
E             ?? exploration/stellarator_e2e/generated/modules/mfe_matched_steam_cycle/cycle_mode_selection.py
E             ?? exploration/stellarator_e2e/generated/modules/mfe_matched_steam_cycle/matched_steam_cycle.py
E             ?? exploration/stellarator_e2e/generated/modules/stellarator_09/stellariscoolingwaterheatdirectionconstraintmodule.py
E             ?? exploration/stellarator_e2e/generated/modules/stellarator_09/stellarismatchedmainheatdirectionconstraintmodule.py
E             ?? exploration/stellarator_e2e/generated/modules/stellarator_09/stellarismatchedreheatheatdirectionconstraintmodule.py
E             ?? exploration/stellarator_e2e/generated/schemas/cooling_water_rejection_output.py
E             ?? exploration/stellarator_e2e/generated/schemas/cycle_mode_selection_output.py
E             ?? exploration/stellarator_e2e/generated/schemas/matched_steam_cycle_output.py
E             
E           assert 1 == 0
E            +  where 1 = CompletedProcess(args=['/home/reid/1cfe/fusion-tea/.venv/bin/python3', '/home/reid/1cfe/fusion-tea/scripts/study/verif...emas/cycle_mode_selection_output.py\n?? exploration/stellarator_e2e/generated/schemas/matched_steam_cycle_output.py\n').returncode

tests/study/test_verify.py:63: AssertionError
_ ERROR at setup of test_stratification_covers_every_observed_verdict_combination _

promoted_run = {'baseline_result': PosixPath('/tmp/pytest-of-reid/pytest-13028/stock_route_run0/baseline_result.json'), 'dir': PosixP...-13028/stock_route_run0/package_identity.json'), 'simkit': PosixPath('/home/reid/1cfe/teax/packages/teax-simkit'), ...}
tmp_path = PosixPath('/tmp/pytest-of-reid/pytest-13028/test_stratification_covers_eve0')

    @pytest.fixture
    def summary(promoted_run, tmp_path):
        out = tmp_path / "verification_summary.json"
>       run_verify(promoted_run, out, expect=0)

tests/study/test_verify.py:70: 
_ _ _ _ _ _ _ _ _ _ _ _ _ _ _ _ _ _ _ _ _ _ _ _ _ _ _ _ _ _ _ _ _ _ _ _ _ _ _ _ 

promoted_run = {'baseline_result': PosixPath('/tmp/pytest-of-reid/pytest-13028/stock_route_run0/baseline_result.json'), 'dir': PosixP...-13028/stock_route_run0/package_identity.json'), 'simkit': PosixPath('/home/reid/1cfe/teax/packages/teax-simkit'), ...}
out = PosixPath('/tmp/pytest-of-reid/pytest-13028/test_stratification_covers_eve0/verification_summary.json')
expect = 0, extra = ()
argv = ['--package', '/home/reid/1cfe/fusion-tea/exploration/stellarator_e2e/pkg/stellarator_tea', '--manifest', '/home/reid/...e/studies/manifest.json', '--identity', '/tmp/pytest-of-reid/pytest-13028/stock_route_run0/package_identity.json', ...]
done = CompletedProcess(args=['/home/reid/1cfe/fusion-tea/.venv/bin/python3', '/home/reid/1cfe/fusion-tea/scripts/study/verif...emas/cycle_mode_selection_output.py\n?? exploration/stellarator_e2e/generated/schemas/matched_steam_cycle_output.py\n')

    def run_verify(promoted_run, out, *extra, expect=None):
        argv = [
            "--package", str(PACKAGE),
            "--manifest", str(MANIFEST),
            "--identity", str(promoted_run["identity"]),
            "--store", str(promoted_run["store"]),
            "--out", str(out),
            *extra,
        ]
        done = subprocess.run(
            [sys.executable, str(VERIFY), *argv],
            capture_output=True, text=True, cwd=str(REPO_ROOT),
            env={**__import__("os").environ, "PYTHONPATH": str(promoted_run["simkit"])},
        )
        if expect is not None:
>           assert done.returncode == expect, f"exit {done.returncode}\n{done.stderr}"
E           AssertionError: exit 1
E             package tree is not git-clean: exploration/stellarator_e2e/generated
E             M exploration/stellarator_e2e/generated/IMPLEMENTATION_BACKLOG.md
E              M exploration/stellarator_e2e/generated/__init__.py
E              M exploration/stellarator_e2e/generated/contracts/generation_manifest.json
E              M exploration/stellarator_e2e/generated/contracts/model_contract.json
E              M exploration/stellarator_e2e/generated/contracts/package_contract.json
E              M exploration/stellarator_e2e/generated/handwritten/mfe_plant/mfe_power_plant/bop_capital_impl.py
E              M exploration/stellarator_e2e/generated/handwritten/mfe_plant/mfe_power_plant/cas20_capital_impl.py
E              M exploration/stellarator_e2e/generated/handwritten/mfe_plant/mfe_power_plant/cas22_capital_impl.py
E              M exploration/stellarator_e2e/generated/handwritten/mfe_plant/mfe_power_plant/cas23_to_28_capital_impl.py
E              M exploration/stellarator_e2e/generated/handwritten/mfe_plant/mfe_power_plant/cas2x_pre_contingency_impl.py
E              M exploration/stellarator_e2e/generated/handwritten/mfe_plant/mfe_power_plant/overnight_capital_impl.py
E              M exploration/stellarator_e2e/generated/handwritten/mfe_plant/mfe_power_plant/powercore_capital_impl.py
E              M exploration/stellarator_e2e/generated/handwritten/mfe_plant/mfe_power_plant/reactor_equipment_subtotal_impl.py
E              M exploration/stellarator_e2e/generated/handwritten/mfe_plant/mfe_power_plant/replacement_cost_per_event_impl.py
E              M exploration/stellarator_e2e/generated/handwritten/mfe_plant/mfe_power_plant/total_capital_impl.py
E              M exploration/stellarator_e2e/generated/handwritten/mfe_power_balance/mfe_power_balance_calc_impl.py
E              M exploration/stellarator_e2e/generated/handwritten/mfe_power_balance/reactor_source_heat_impl.py
E              M exploration/stellarator_e2e/generated/handwritten/stellarator_09/stellaris/buildings/cooling_initial_handoff_days_impl.py
E              M exploration/stellarator_e2e/generated/handwritten/stellarator_09/stellaris/buildings/initial_sector_start_days_impl.py
E              M exploration/stellarator_e2e/generated/handwritten/stellarator_09/stellaris/special_materials_capital_impl.py
E              M exploration/stellarator_e2e/generated/inputs/mfe_plant_systems_params.json
E              M exploration/stellarator_e2e/generated/inputs/stellarator_plant_params.json
E              M exploration/stellarator_e2e/generated/modules/constraints/constraintreportaggregatormodule.py
E              M exploration/stellarator_e2e/generated/modules/constraints/predicates.py
E              M exploration/stellarator_e2e/generated/modules/mfe_plant/mfe_power_plant/bop_capital.py
E              M exploration/stellarator_e2e/generated/modules/mfe_plant/mfe_power_plant/cas20_capital.py
E              M exploration/stellarator_e2e/generated/modules/mfe_plant/mfe_power_plant/cas22_capital.py
E              M exploration/stellarator_e2e/generated/modules/mfe_plant/mfe_power_plant/cas23_to_28_capital.py
E              M exploration/stellarator_e2e/generated/modules/mfe_plant/mfe_power_plant/cas2x_pre_contingency.py
E              M exploration/stellarator_e2e/generated/modules/mfe_plant/mfe_power_plant/overnight_capital.py
E              M exploration/stellarator_e2e/generated/modules/mfe_plant/mfe_power_plant/powercore_capital.py
E              M exploration/stellarator_e2e/generated/modules/mfe_plant/mfe_power_plant/reactor_equipment_subtotal.py
E              M exploration/stellarator_e2e/generated/modules/mfe_plant/mfe_power_plant/replacement_cost_per_event.py
E              M exploration/stellarator_e2e/generated/modules/mfe_plant/mfe_power_plant/total_capital.py
E              M exploration/stellarator_e2e/generated/modules/mfe_power_balance/mfe_power_balance_calc.py
E              M exploration/stellarator_e2e/generated/modules/mfe_power_balance/reactor_source_heat.py
E              M exploration/stellarator_e2e/generated/modules/stellarator_09/stellaris/buildings/cooling_initial_handoff_days.py
E              M exploration/stellarator_e2e/generated/modules/stellarator_09/stellaris/buildings/initial_sector_start_days.py
E              M exploration/stellarator_e2e/generated/modules/stellarator_09/stellaris/special_materials_capital.py
E              M exploration/stellarator_e2e/generated/pipelines/pipeline.yaml
E              M exploration/stellarator_e2e/generated/schemas/mfe_plant_systems_params.py
E              M exploration/stellarator_e2e/generated/schemas/stellarator_plant_params.py
E              M exploration/stellarator_e2e/generated/tests/test_implementations_runnable.py
E             ?? exploration/stellarator_e2e/generated/handwritten/mfe_matched_steam_cycle/__init__.py
E             ?? exploration/stellarator_e2e/generated/handwritten/mfe_matched_steam_cycle/cooling_water_rejection_impl.py
E             ?? exploration/stellarator_e2e/generated/handwritten/mfe_matched_steam_cycle/cycle_mode_selection_impl.py
E             ?? exploration/stellarator_e2e/generated/handwritten/mfe_matched_steam_cycle/matched_steam_cycle_impl.py
E             ?? exploration/stellarator_e2e/generated/modules/mfe_matched_steam_cycle/__init__.py
E             ?? exploration/stellarator_e2e/generated/modules/mfe_matched_steam_cycle/cooling_water_rejection.py
E             ?? exploration/stellarator_e2e/generated/modules/mfe_matched_steam_cycle/cycle_mode_selection.py
E             ?? exploration/stellarator_e2e/generated/modules/mfe_matched_steam_cycle/matched_steam_cycle.py
E             ?? exploration/stellarator_e2e/generated/modules/stellarator_09/stellariscoolingwaterheatdirectionconstraintmodule.py
E             ?? exploration/stellarator_e2e/generated/modules/stellarator_09/stellarismatchedmainheatdirectionconstraintmodule.py
E             ?? exploration/stellarator_e2e/generated/modules/stellarator_09/stellarismatchedreheatheatdirectionconstraintmodule.py
E             ?? exploration/stellarator_e2e/generated/schemas/cooling_water_rejection_output.py
E             ?? exploration/stellarator_e2e/generated/schemas/cycle_mode_selection_output.py
E             ?? exploration/stellarator_e2e/generated/schemas/matched_steam_cycle_output.py
E             
E           assert 1 == 0
E            +  where 1 = CompletedProcess(args=['/home/reid/1cfe/fusion-tea/.venv/bin/python3', '/home/reid/1cfe/fusion-tea/scripts/study/verif...emas/cycle_mode_selection_output.py\n?? exploration/stellarator_e2e/generated/schemas/matched_steam_cycle_output.py\n').returncode

tests/study/test_verify.py:63: AssertionError
_ ERROR at setup of test_the_derived_seed_reproduces_from_the_recorded_fields __

promoted_run = {'baseline_result': PosixPath('/tmp/pytest-of-reid/pytest-13028/stock_route_run0/baseline_result.json'), 'dir': PosixP...-13028/stock_route_run0/package_identity.json'), 'simkit': PosixPath('/home/reid/1cfe/teax/packages/teax-simkit'), ...}
tmp_path = PosixPath('/tmp/pytest-of-reid/pytest-13028/test_the_derived_seed_reproduc0')

    @pytest.fixture
    def summary(promoted_run, tmp_path):
        out = tmp_path / "verification_summary.json"
>       run_verify(promoted_run, out, expect=0)

tests/study/test_verify.py:70: 
_ _ _ _ _ _ _ _ _ _ _ _ _ _ _ _ _ _ _ _ _ _ _ _ _ _ _ _ _ _ _ _ _ _ _ _ _ _ _ _ 

promoted_run = {'baseline_result': PosixPath('/tmp/pytest-of-reid/pytest-13028/stock_route_run0/baseline_result.json'), 'dir': PosixP...-13028/stock_route_run0/package_identity.json'), 'simkit': PosixPath('/home/reid/1cfe/teax/packages/teax-simkit'), ...}
out = PosixPath('/tmp/pytest-of-reid/pytest-13028/test_the_derived_seed_reproduc0/verification_summary.json')
expect = 0, extra = ()
argv = ['--package', '/home/reid/1cfe/fusion-tea/exploration/stellarator_e2e/pkg/stellarator_tea', '--manifest', '/home/reid/...e/studies/manifest.json', '--identity', '/tmp/pytest-of-reid/pytest-13028/stock_route_run0/package_identity.json', ...]
done = CompletedProcess(args=['/home/reid/1cfe/fusion-tea/.venv/bin/python3', '/home/reid/1cfe/fusion-tea/scripts/study/verif...emas/cycle_mode_selection_output.py\n?? exploration/stellarator_e2e/generated/schemas/matched_steam_cycle_output.py\n')

    def run_verify(promoted_run, out, *extra, expect=None):
        argv = [
            "--package", str(PACKAGE),
            "--manifest", str(MANIFEST),
            "--identity", str(promoted_run["identity"]),
            "--store", str(promoted_run["store"]),
            "--out", str(out),
            *extra,
        ]
        done = subprocess.run(
            [sys.executable, str(VERIFY), *argv],
            capture_output=True, text=True, cwd=str(REPO_ROOT),
            env={**__import__("os").environ, "PYTHONPATH": str(promoted_run["simkit"])},
        )
        if expect is not None:
>           assert done.returncode == expect, f"exit {done.returncode}\n{done.stderr}"
E           AssertionError: exit 1
E             package tree is not git-clean: exploration/stellarator_e2e/generated
E             M exploration/stellarator_e2e/generated/IMPLEMENTATION_BACKLOG.md
E              M exploration/stellarator_e2e/generated/__init__.py
E              M exploration/stellarator_e2e/generated/contracts/generation_manifest.json
E              M exploration/stellarator_e2e/generated/contracts/model_contract.json
E              M exploration/stellarator_e2e/generated/contracts/package_contract.json
E              M exploration/stellarator_e2e/generated/handwritten/mfe_plant/mfe_power_plant/bop_capital_impl.py
E              M exploration/stellarator_e2e/generated/handwritten/mfe_plant/mfe_power_plant/cas20_capital_impl.py
E              M exploration/stellarator_e2e/generated/handwritten/mfe_plant/mfe_power_plant/cas22_capital_impl.py
E              M exploration/stellarator_e2e/generated/handwritten/mfe_plant/mfe_power_plant/cas23_to_28_capital_impl.py
E              M exploration/stellarator_e2e/generated/handwritten/mfe_plant/mfe_power_plant/cas2x_pre_contingency_impl.py
E              M exploration/stellarator_e2e/generated/handwritten/mfe_plant/mfe_power_plant/overnight_capital_impl.py
E              M exploration/stellarator_e2e/generated/handwritten/mfe_plant/mfe_power_plant/powercore_capital_impl.py
E              M exploration/stellarator_e2e/generated/handwritten/mfe_plant/mfe_power_plant/reactor_equipment_subtotal_impl.py
E              M exploration/stellarator_e2e/generated/handwritten/mfe_plant/mfe_power_plant/replacement_cost_per_event_impl.py
E              M exploration/stellarator_e2e/generated/handwritten/mfe_plant/mfe_power_plant/total_capital_impl.py
E              M exploration/stellarator_e2e/generated/handwritten/mfe_power_balance/mfe_power_balance_calc_impl.py
E              M exploration/stellarator_e2e/generated/handwritten/mfe_power_balance/reactor_source_heat_impl.py
E              M exploration/stellarator_e2e/generated/handwritten/stellarator_09/stellaris/buildings/cooling_initial_handoff_days_impl.py
E              M exploration/stellarator_e2e/generated/handwritten/stellarator_09/stellaris/buildings/initial_sector_start_days_impl.py
E              M exploration/stellarator_e2e/generated/handwritten/stellarator_09/stellaris/special_materials_capital_impl.py
E              M exploration/stellarator_e2e/generated/inputs/mfe_plant_systems_params.json
E              M exploration/stellarator_e2e/generated/inputs/stellarator_plant_params.json
E              M exploration/stellarator_e2e/generated/modules/constraints/constraintreportaggregatormodule.py
E              M exploration/stellarator_e2e/generated/modules/constraints/predicates.py
E              M exploration/stellarator_e2e/generated/modules/mfe_plant/mfe_power_plant/bop_capital.py
E              M exploration/stellarator_e2e/generated/modules/mfe_plant/mfe_power_plant/cas20_capital.py
E              M exploration/stellarator_e2e/generated/modules/mfe_plant/mfe_power_plant/cas22_capital.py
E              M exploration/stellarator_e2e/generated/modules/mfe_plant/mfe_power_plant/cas23_to_28_capital.py
E              M exploration/stellarator_e2e/generated/modules/mfe_plant/mfe_power_plant/cas2x_pre_contingency.py
E              M exploration/stellarator_e2e/generated/modules/mfe_plant/mfe_power_plant/overnight_capital.py
E              M exploration/stellarator_e2e/generated/modules/mfe_plant/mfe_power_plant/powercore_capital.py
E              M exploration/stellarator_e2e/generated/modules/mfe_plant/mfe_power_plant/reactor_equipment_subtotal.py
E              M exploration/stellarator_e2e/generated/modules/mfe_plant/mfe_power_plant/replacement_cost_per_event.py
E              M exploration/stellarator_e2e/generated/modules/mfe_plant/mfe_power_plant/total_capital.py
E              M exploration/stellarator_e2e/generated/modules/mfe_power_balance/mfe_power_balance_calc.py
E              M exploration/stellarator_e2e/generated/modules/mfe_power_balance/reactor_source_heat.py
E              M exploration/stellarator_e2e/generated/modules/stellarator_09/stellaris/buildings/cooling_initial_handoff_days.py
E              M exploration/stellarator_e2e/generated/modules/stellarator_09/stellaris/buildings/initial_sector_start_days.py
E              M exploration/stellarator_e2e/generated/modules/stellarator_09/stellaris/special_materials_capital.py
E              M exploration/stellarator_e2e/generated/pipelines/pipeline.yaml
E              M exploration/stellarator_e2e/generated/schemas/mfe_plant_systems_params.py
E              M exploration/stellarator_e2e/generated/schemas/stellarator_plant_params.py
E              M exploration/stellarator_e2e/generated/tests/test_implementations_runnable.py
E             ?? exploration/stellarator_e2e/generated/handwritten/mfe_matched_steam_cycle/__init__.py
E             ?? exploration/stellarator_e2e/generated/handwritten/mfe_matched_steam_cycle/cooling_water_rejection_impl.py
E             ?? exploration/stellarator_e2e/generated/handwritten/mfe_matched_steam_cycle/cycle_mode_selection_impl.py
E             ?? exploration/stellarator_e2e/generated/handwritten/mfe_matched_steam_cycle/matched_steam_cycle_impl.py
E             ?? exploration/stellarator_e2e/generated/modules/mfe_matched_steam_cycle/__init__.py
E             ?? exploration/stellarator_e2e/generated/modules/mfe_matched_steam_cycle/cooling_water_rejection.py
E             ?? exploration/stellarator_e2e/generated/modules/mfe_matched_steam_cycle/cycle_mode_selection.py
E             ?? exploration/stellarator_e2e/generated/modules/mfe_matched_steam_cycle/matched_steam_cycle.py
E             ?? exploration/stellarator_e2e/generated/modules/stellarator_09/stellariscoolingwaterheatdirectionconstraintmodule.py
E             ?? exploration/stellarator_e2e/generated/modules/stellarator_09/stellarismatchedmainheatdirectionconstraintmodule.py
E             ?? exploration/stellarator_e2e/generated/modules/stellarator_09/stellarismatchedreheatheatdirectionconstraintmodule.py
E             ?? exploration/stellarator_e2e/generated/schemas/cooling_water_rejection_output.py
E             ?? exploration/stellarator_e2e/generated/schemas/cycle_mode_selection_output.py
E             ?? exploration/stellarator_e2e/generated/schemas/matched_steam_cycle_output.py
E             
E           assert 1 == 0
E            +  where 1 = CompletedProcess(args=['/home/reid/1cfe/fusion-tea/.venv/bin/python3', '/home/reid/1cfe/fusion-tea/scripts/study/verif...emas/cycle_mode_selection_output.py\n?? exploration/stellarator_e2e/generated/schemas/matched_steam_cycle_output.py\n').returncode

tests/study/test_verify.py:63: AssertionError
_____ ERROR at setup of test_cas27_is_compared_and_nothing_is_undisclosed ______

promoted_run = {'baseline_result': PosixPath('/tmp/pytest-of-reid/pytest-13028/stock_route_run0/baseline_result.json'), 'dir': PosixP...-13028/stock_route_run0/package_identity.json'), 'simkit': PosixPath('/home/reid/1cfe/teax/packages/teax-simkit'), ...}
tmp_path = PosixPath('/tmp/pytest-of-reid/pytest-13028/test_cas27_is_compared_and_not0')

    @pytest.fixture
    def summary(promoted_run, tmp_path):
        out = tmp_path / "verification_summary.json"
>       run_verify(promoted_run, out, expect=0)

tests/study/test_verify.py:70: 
_ _ _ _ _ _ _ _ _ _ _ _ _ _ _ _ _ _ _ _ _ _ _ _ _ _ _ _ _ _ _ _ _ _ _ _ _ _ _ _ 

promoted_run = {'baseline_result': PosixPath('/tmp/pytest-of-reid/pytest-13028/stock_route_run0/baseline_result.json'), 'dir': PosixP...-13028/stock_route_run0/package_identity.json'), 'simkit': PosixPath('/home/reid/1cfe/teax/packages/teax-simkit'), ...}
out = PosixPath('/tmp/pytest-of-reid/pytest-13028/test_cas27_is_compared_and_not0/verification_summary.json')
expect = 0, extra = ()
argv = ['--package', '/home/reid/1cfe/fusion-tea/exploration/stellarator_e2e/pkg/stellarator_tea', '--manifest', '/home/reid/...e/studies/manifest.json', '--identity', '/tmp/pytest-of-reid/pytest-13028/stock_route_run0/package_identity.json', ...]
done = CompletedProcess(args=['/home/reid/1cfe/fusion-tea/.venv/bin/python3', '/home/reid/1cfe/fusion-tea/scripts/study/verif...emas/cycle_mode_selection_output.py\n?? exploration/stellarator_e2e/generated/schemas/matched_steam_cycle_output.py\n')

    def run_verify(promoted_run, out, *extra, expect=None):
        argv = [
            "--package", str(PACKAGE),
            "--manifest", str(MANIFEST),
            "--identity", str(promoted_run["identity"]),
            "--store", str(promoted_run["store"]),
            "--out", str(out),
            *extra,
        ]
        done = subprocess.run(
            [sys.executable, str(VERIFY), *argv],
            capture_output=True, text=True, cwd=str(REPO_ROOT),
            env={**__import__("os").environ, "PYTHONPATH": str(promoted_run["simkit"])},
        )
        if expect is not None:
>           assert done.returncode == expect, f"exit {done.returncode}\n{done.stderr}"
E           AssertionError: exit 1
E             package tree is not git-clean: exploration/stellarator_e2e/generated
E             M exploration/stellarator_e2e/generated/IMPLEMENTATION_BACKLOG.md
E              M exploration/stellarator_e2e/generated/__init__.py
E              M exploration/stellarator_e2e/generated/contracts/generation_manifest.json
E              M exploration/stellarator_e2e/generated/contracts/model_contract.json
E              M exploration/stellarator_e2e/generated/contracts/package_contract.json
E              M exploration/stellarator_e2e/generated/handwritten/mfe_plant/mfe_power_plant/bop_capital_impl.py
E              M exploration/stellarator_e2e/generated/handwritten/mfe_plant/mfe_power_plant/cas20_capital_impl.py
E              M exploration/stellarator_e2e/generated/handwritten/mfe_plant/mfe_power_plant/cas22_capital_impl.py
E              M exploration/stellarator_e2e/generated/handwritten/mfe_plant/mfe_power_plant/cas23_to_28_capital_impl.py
E              M exploration/stellarator_e2e/generated/handwritten/mfe_plant/mfe_power_plant/cas2x_pre_contingency_impl.py
E              M exploration/stellarator_e2e/generated/handwritten/mfe_plant/mfe_power_plant/overnight_capital_impl.py
E              M exploration/stellarator_e2e/generated/handwritten/mfe_plant/mfe_power_plant/powercore_capital_impl.py
E              M exploration/stellarator_e2e/generated/handwritten/mfe_plant/mfe_power_plant/reactor_equipment_subtotal_impl.py
E              M exploration/stellarator_e2e/generated/handwritten/mfe_plant/mfe_power_plant/replacement_cost_per_event_impl.py
E              M exploration/stellarator_e2e/generated/handwritten/mfe_plant/mfe_power_plant/total_capital_impl.py
E              M exploration/stellarator_e2e/generated/handwritten/mfe_power_balance/mfe_power_balance_calc_impl.py
E              M exploration/stellarator_e2e/generated/handwritten/mfe_power_balance/reactor_source_heat_impl.py
E              M exploration/stellarator_e2e/generated/handwritten/stellarator_09/stellaris/buildings/cooling_initial_handoff_days_impl.py
E              M exploration/stellarator_e2e/generated/handwritten/stellarator_09/stellaris/buildings/initial_sector_start_days_impl.py
E              M exploration/stellarator_e2e/generated/handwritten/stellarator_09/stellaris/special_materials_capital_impl.py
E              M exploration/stellarator_e2e/generated/inputs/mfe_plant_systems_params.json
E              M exploration/stellarator_e2e/generated/inputs/stellarator_plant_params.json
E              M exploration/stellarator_e2e/generated/modules/constraints/constraintreportaggregatormodule.py
E              M exploration/stellarator_e2e/generated/modules/constraints/predicates.py
E              M exploration/stellarator_e2e/generated/modules/mfe_plant/mfe_power_plant/bop_capital.py
E              M exploration/stellarator_e2e/generated/modules/mfe_plant/mfe_power_plant/cas20_capital.py
E              M exploration/stellarator_e2e/generated/modules/mfe_plant/mfe_power_plant/cas22_capital.py
E              M exploration/stellarator_e2e/generated/modules/mfe_plant/mfe_power_plant/cas23_to_28_capital.py
E              M exploration/stellarator_e2e/generated/modules/mfe_plant/mfe_power_plant/cas2x_pre_contingency.py
E              M exploration/stellarator_e2e/generated/modules/mfe_plant/mfe_power_plant/overnight_capital.py
E              M exploration/stellarator_e2e/generated/modules/mfe_plant/mfe_power_plant/powercore_capital.py
E              M exploration/stellarator_e2e/generated/modules/mfe_plant/mfe_power_plant/reactor_equipment_subtotal.py
E              M exploration/stellarator_e2e/generated/modules/mfe_plant/mfe_power_plant/replacement_cost_per_event.py
E              M exploration/stellarator_e2e/generated/modules/mfe_plant/mfe_power_plant/total_capital.py
E              M exploration/stellarator_e2e/generated/modules/mfe_power_balance/mfe_power_balance_calc.py
E              M exploration/stellarator_e2e/generated/modules/mfe_power_balance/reactor_source_heat.py
E              M exploration/stellarator_e2e/generated/modules/stellarator_09/stellaris/buildings/cooling_initial_handoff_days.py
E              M exploration/stellarator_e2e/generated/modules/stellarator_09/stellaris/buildings/initial_sector_start_days.py
E              M exploration/stellarator_e2e/generated/modules/stellarator_09/stellaris/special_materials_capital.py
E              M exploration/stellarator_e2e/generated/pipelines/pipeline.yaml
E              M exploration/stellarator_e2e/generated/schemas/mfe_plant_systems_params.py
E              M exploration/stellarator_e2e/generated/schemas/stellarator_plant_params.py
E              M exploration/stellarator_e2e/generated/tests/test_implementations_runnable.py
E             ?? exploration/stellarator_e2e/generated/handwritten/mfe_matched_steam_cycle/__init__.py
E             ?? exploration/stellarator_e2e/generated/handwritten/mfe_matched_steam_cycle/cooling_water_rejection_impl.py
E             ?? exploration/stellarator_e2e/generated/handwritten/mfe_matched_steam_cycle/cycle_mode_selection_impl.py
E             ?? exploration/stellarator_e2e/generated/handwritten/mfe_matched_steam_cycle/matched_steam_cycle_impl.py
E             ?? exploration/stellarator_e2e/generated/modules/mfe_matched_steam_cycle/__init__.py
E             ?? exploration/stellarator_e2e/generated/modules/mfe_matched_steam_cycle/cooling_water_rejection.py
E             ?? exploration/stellarator_e2e/generated/modules/mfe_matched_steam_cycle/cycle_mode_selection.py
E             ?? exploration/stellarator_e2e/generated/modules/mfe_matched_steam_cycle/matched_steam_cycle.py
E             ?? exploration/stellarator_e2e/generated/modules/stellarator_09/stellariscoolingwaterheatdirectionconstraintmodule.py
E             ?? exploration/stellarator_e2e/generated/modules/stellarator_09/stellarismatchedmainheatdirectionconstraintmodule.py
E             ?? exploration/stellarator_e2e/generated/modules/stellarator_09/stellarismatchedreheatheatdirectionconstraintmodule.py
E             ?? exploration/stellarator_e2e/generated/schemas/cooling_water_rejection_output.py
E             ?? exploration/stellarator_e2e/generated/schemas/cycle_mode_selection_output.py
E             ?? exploration/stellarator_e2e/generated/schemas/matched_steam_cycle_output.py
E             
E           assert 1 == 0
E            +  where 1 = CompletedProcess(args=['/home/reid/1cfe/fusion-tea/.venv/bin/python3', '/home/reid/1cfe/fusion-tea/scripts/study/verif...emas/cycle_mode_selection_output.py\n?? exploration/stellarator_e2e/generated/schemas/matched_steam_cycle_output.py\n').returncode

tests/study/test_verify.py:63: AssertionError
_________ ERROR at setup of test_the_command_carries_no_absolute_paths _________

promoted_run = {'baseline_result': PosixPath('/tmp/pytest-of-reid/pytest-13028/stock_route_run0/baseline_result.json'), 'dir': PosixP...-13028/stock_route_run0/package_identity.json'), 'simkit': PosixPath('/home/reid/1cfe/teax/packages/teax-simkit'), ...}
tmp_path = PosixPath('/tmp/pytest-of-reid/pytest-13028/test_the_command_carries_no_ab0')

    @pytest.fixture
    def summary(promoted_run, tmp_path):
        out = tmp_path / "verification_summary.json"
>       run_verify(promoted_run, out, expect=0)

tests/study/test_verify.py:70: 
_ _ _ _ _ _ _ _ _ _ _ _ _ _ _ _ _ _ _ _ _ _ _ _ _ _ _ _ _ _ _ _ _ _ _ _ _ _ _ _ 

promoted_run = {'baseline_result': PosixPath('/tmp/pytest-of-reid/pytest-13028/stock_route_run0/baseline_result.json'), 'dir': PosixP...-13028/stock_route_run0/package_identity.json'), 'simkit': PosixPath('/home/reid/1cfe/teax/packages/teax-simkit'), ...}
out = PosixPath('/tmp/pytest-of-reid/pytest-13028/test_the_command_carries_no_ab0/verification_summary.json')
expect = 0, extra = ()
argv = ['--package', '/home/reid/1cfe/fusion-tea/exploration/stellarator_e2e/pkg/stellarator_tea', '--manifest', '/home/reid/...e/studies/manifest.json', '--identity', '/tmp/pytest-of-reid/pytest-13028/stock_route_run0/package_identity.json', ...]
done = CompletedProcess(args=['/home/reid/1cfe/fusion-tea/.venv/bin/python3', '/home/reid/1cfe/fusion-tea/scripts/study/verif...emas/cycle_mode_selection_output.py\n?? exploration/stellarator_e2e/generated/schemas/matched_steam_cycle_output.py\n')

    def run_verify(promoted_run, out, *extra, expect=None):
        argv = [
            "--package", str(PACKAGE),
            "--manifest", str(MANIFEST),
            "--identity", str(promoted_run["identity"]),
            "--store", str(promoted_run["store"]),
            "--out", str(out),
            *extra,
        ]
        done = subprocess.run(
            [sys.executable, str(VERIFY), *argv],
            capture_output=True, text=True, cwd=str(REPO_ROOT),
            env={**__import__("os").environ, "PYTHONPATH": str(promoted_run["simkit"])},
        )
        if expect is not None:
>           assert done.returncode == expect, f"exit {done.returncode}\n{done.stderr}"
E           AssertionError: exit 1
E             package tree is not git-clean: exploration/stellarator_e2e/generated
E             M exploration/stellarator_e2e/generated/IMPLEMENTATION_BACKLOG.md
E              M exploration/stellarator_e2e/generated/__init__.py
E              M exploration/stellarator_e2e/generated/contracts/generation_manifest.json
E              M exploration/stellarator_e2e/generated/contracts/model_contract.json
E              M exploration/stellarator_e2e/generated/contracts/package_contract.json
E              M exploration/stellarator_e2e/generated/handwritten/mfe_plant/mfe_power_plant/bop_capital_impl.py
E              M exploration/stellarator_e2e/generated/handwritten/mfe_plant/mfe_power_plant/cas20_capital_impl.py
E              M exploration/stellarator_e2e/generated/handwritten/mfe_plant/mfe_power_plant/cas22_capital_impl.py
E              M exploration/stellarator_e2e/generated/handwritten/mfe_plant/mfe_power_plant/cas23_to_28_capital_impl.py
E              M exploration/stellarator_e2e/generated/handwritten/mfe_plant/mfe_power_plant/cas2x_pre_contingency_impl.py
E              M exploration/stellarator_e2e/generated/handwritten/mfe_plant/mfe_power_plant/overnight_capital_impl.py
E              M exploration/stellarator_e2e/generated/handwritten/mfe_plant/mfe_power_plant/powercore_capital_impl.py
E              M exploration/stellarator_e2e/generated/handwritten/mfe_plant/mfe_power_plant/reactor_equipment_subtotal_impl.py
E              M exploration/stellarator_e2e/generated/handwritten/mfe_plant/mfe_power_plant/replacement_cost_per_event_impl.py
E              M exploration/stellarator_e2e/generated/handwritten/mfe_plant/mfe_power_plant/total_capital_impl.py
E              M exploration/stellarator_e2e/generated/handwritten/mfe_power_balance/mfe_power_balance_calc_impl.py
E              M exploration/stellarator_e2e/generated/handwritten/mfe_power_balance/reactor_source_heat_impl.py
E              M exploration/stellarator_e2e/generated/handwritten/stellarator_09/stellaris/buildings/cooling_initial_handoff_days_impl.py
E              M exploration/stellarator_e2e/generated/handwritten/stellarator_09/stellaris/buildings/initial_sector_start_days_impl.py
E              M exploration/stellarator_e2e/generated/handwritten/stellarator_09/stellaris/special_materials_capital_impl.py
E              M exploration/stellarator_e2e/generated/inputs/mfe_plant_systems_params.json
E              M exploration/stellarator_e2e/generated/inputs/stellarator_plant_params.json
E              M exploration/stellarator_e2e/generated/modules/constraints/constraintreportaggregatormodule.py
E              M exploration/stellarator_e2e/generated/modules/constraints/predicates.py
E              M exploration/stellarator_e2e/generated/modules/mfe_plant/mfe_power_plant/bop_capital.py
E              M exploration/stellarator_e2e/generated/modules/mfe_plant/mfe_power_plant/cas20_capital.py
E              M exploration/stellarator_e2e/generated/modules/mfe_plant/mfe_power_plant/cas22_capital.py
E              M exploration/stellarator_e2e/generated/modules/mfe_plant/mfe_power_plant/cas23_to_28_capital.py
E              M exploration/stellarator_e2e/generated/modules/mfe_plant/mfe_power_plant/cas2x_pre_contingency.py
E              M exploration/stellarator_e2e/generated/modules/mfe_plant/mfe_power_plant/overnight_capital.py
E              M exploration/stellarator_e2e/generated/modules/mfe_plant/mfe_power_plant/powercore_capital.py
E              M exploration/stellarator_e2e/generated/modules/mfe_plant/mfe_power_plant/reactor_equipment_subtotal.py
E              M exploration/stellarator_e2e/generated/modules/mfe_plant/mfe_power_plant/replacement_cost_per_event.py
E              M exploration/stellarator_e2e/generated/modules/mfe_plant/mfe_power_plant/total_capital.py
E              M exploration/stellarator_e2e/generated/modules/mfe_power_balance/mfe_power_balance_calc.py
E              M exploration/stellarator_e2e/generated/modules/mfe_power_balance/reactor_source_heat.py
E              M exploration/stellarator_e2e/generated/modules/stellarator_09/stellaris/buildings/cooling_initial_handoff_days.py
E              M exploration/stellarator_e2e/generated/modules/stellarator_09/stellaris/buildings/initial_sector_start_days.py
E              M exploration/stellarator_e2e/generated/modules/stellarator_09/stellaris/special_materials_capital.py
E              M exploration/stellarator_e2e/generated/pipelines/pipeline.yaml
E              M exploration/stellarator_e2e/generated/schemas/mfe_plant_systems_params.py
E              M exploration/stellarator_e2e/generated/schemas/stellarator_plant_params.py
E              M exploration/stellarator_e2e/generated/tests/test_implementations_runnable.py
E             ?? exploration/stellarator_e2e/generated/handwritten/mfe_matched_steam_cycle/__init__.py
E             ?? exploration/stellarator_e2e/generated/handwritten/mfe_matched_steam_cycle/cooling_water_rejection_impl.py
E             ?? exploration/stellarator_e2e/generated/handwritten/mfe_matched_steam_cycle/cycle_mode_selection_impl.py
E             ?? exploration/stellarator_e2e/generated/handwritten/mfe_matched_steam_cycle/matched_steam_cycle_impl.py
E             ?? exploration/stellarator_e2e/generated/modules/mfe_matched_steam_cycle/__init__.py
E             ?? exploration/stellarator_e2e/generated/modules/mfe_matched_steam_cycle/cooling_water_rejection.py
E             ?? exploration/stellarator_e2e/generated/modules/mfe_matched_steam_cycle/cycle_mode_selection.py
E             ?? exploration/stellarator_e2e/generated/modules/mfe_matched_steam_cycle/matched_steam_cycle.py
E             ?? exploration/stellarator_e2e/generated/modules/stellarator_09/stellariscoolingwaterheatdirectionconstraintmodule.py
E             ?? exploration/stellarator_e2e/generated/modules/stellarator_09/stellarismatchedmainheatdirectionconstraintmodule.py
E             ?? exploration/stellarator_e2e/generated/modules/stellarator_09/stellarismatchedreheatheatdirectionconstraintmodule.py
E             ?? exploration/stellarator_e2e/generated/schemas/cooling_water_rejection_output.py
E             ?? exploration/stellarator_e2e/generated/schemas/cycle_mode_selection_output.py
E             ?? exploration/stellarator_e2e/generated/schemas/matched_steam_cycle_output.py
E             
E           assert 1 == 0
E            +  where 1 = CompletedProcess(args=['/home/reid/1cfe/fusion-tea/.venv/bin/python3', '/home/reid/1cfe/fusion-tea/scripts/study/verif...emas/cycle_mode_selection_output.py\n?? exploration/stellarator_e2e/generated/schemas/matched_steam_cycle_output.py\n').returncode

tests/study/test_verify.py:63: AssertionError
_ ERROR at setup of test_the_operand_bindings_digest_is_the_documented_canonicalization _

promoted_run = {'baseline_result': PosixPath('/tmp/pytest-of-reid/pytest-13028/stock_route_run0/baseline_result.json'), 'dir': PosixP...-13028/stock_route_run0/package_identity.json'), 'simkit': PosixPath('/home/reid/1cfe/teax/packages/teax-simkit'), ...}
tmp_path = PosixPath('/tmp/pytest-of-reid/pytest-13028/test_the_operand_bindings_dige0')

    @pytest.fixture
    def summary(promoted_run, tmp_path):
        out = tmp_path / "verification_summary.json"
>       run_verify(promoted_run, out, expect=0)

tests/study/test_verify.py:70: 
_ _ _ _ _ _ _ _ _ _ _ _ _ _ _ _ _ _ _ _ _ _ _ _ _ _ _ _ _ _ _ _ _ _ _ _ _ _ _ _ 

promoted_run = {'baseline_result': PosixPath('/tmp/pytest-of-reid/pytest-13028/stock_route_run0/baseline_result.json'), 'dir': PosixP...-13028/stock_route_run0/package_identity.json'), 'simkit': PosixPath('/home/reid/1cfe/teax/packages/teax-simkit'), ...}
out = PosixPath('/tmp/pytest-of-reid/pytest-13028/test_the_operand_bindings_dige0/verification_summary.json')
expect = 0, extra = ()
argv = ['--package', '/home/reid/1cfe/fusion-tea/exploration/stellarator_e2e/pkg/stellarator_tea', '--manifest', '/home/reid/...e/studies/manifest.json', '--identity', '/tmp/pytest-of-reid/pytest-13028/stock_route_run0/package_identity.json', ...]
done = CompletedProcess(args=['/home/reid/1cfe/fusion-tea/.venv/bin/python3', '/home/reid/1cfe/fusion-tea/scripts/study/verif...emas/cycle_mode_selection_output.py\n?? exploration/stellarator_e2e/generated/schemas/matched_steam_cycle_output.py\n')

    def run_verify(promoted_run, out, *extra, expect=None):
        argv = [
            "--package", str(PACKAGE),
            "--manifest", str(MANIFEST),
            "--identity", str(promoted_run["identity"]),
            "--store", str(promoted_run["store"]),
            "--out", str(out),
            *extra,
        ]
        done = subprocess.run(
            [sys.executable, str(VERIFY), *argv],
            capture_output=True, text=True, cwd=str(REPO_ROOT),
            env={**__import__("os").environ, "PYTHONPATH": str(promoted_run["simkit"])},
        )
        if expect is not None:
>           assert done.returncode == expect, f"exit {done.returncode}\n{done.stderr}"
E           AssertionError: exit 1
E             package tree is not git-clean: exploration/stellarator_e2e/generated
E             M exploration/stellarator_e2e/generated/IMPLEMENTATION_BACKLOG.md
E              M exploration/stellarator_e2e/generated/__init__.py
E              M exploration/stellarator_e2e/generated/contracts/generation_manifest.json
E              M exploration/stellarator_e2e/generated/contracts/model_contract.json
E              M exploration/stellarator_e2e/generated/contracts/package_contract.json
E              M exploration/stellarator_e2e/generated/handwritten/mfe_plant/mfe_power_plant/bop_capital_impl.py
E              M exploration/stellarator_e2e/generated/handwritten/mfe_plant/mfe_power_plant/cas20_capital_impl.py
E              M exploration/stellarator_e2e/generated/handwritten/mfe_plant/mfe_power_plant/cas22_capital_impl.py
E              M exploration/stellarator_e2e/generated/handwritten/mfe_plant/mfe_power_plant/cas23_to_28_capital_impl.py
E              M exploration/stellarator_e2e/generated/handwritten/mfe_plant/mfe_power_plant/cas2x_pre_contingency_impl.py
E              M exploration/stellarator_e2e/generated/handwritten/mfe_plant/mfe_power_plant/overnight_capital_impl.py
E              M exploration/stellarator_e2e/generated/handwritten/mfe_plant/mfe_power_plant/powercore_capital_impl.py
E              M exploration/stellarator_e2e/generated/handwritten/mfe_plant/mfe_power_plant/reactor_equipment_subtotal_impl.py
E              M exploration/stellarator_e2e/generated/handwritten/mfe_plant/mfe_power_plant/replacement_cost_per_event_impl.py
E              M exploration/stellarator_e2e/generated/handwritten/mfe_plant/mfe_power_plant/total_capital_impl.py
E              M exploration/stellarator_e2e/generated/handwritten/mfe_power_balance/mfe_power_balance_calc_impl.py
E              M exploration/stellarator_e2e/generated/handwritten/mfe_power_balance/reactor_source_heat_impl.py
E              M exploration/stellarator_e2e/generated/handwritten/stellarator_09/stellaris/buildings/cooling_initial_handoff_days_impl.py
E              M exploration/stellarator_e2e/generated/handwritten/stellarator_09/stellaris/buildings/initial_sector_start_days_impl.py
E              M exploration/stellarator_e2e/generated/handwritten/stellarator_09/stellaris/special_materials_capital_impl.py
E              M exploration/stellarator_e2e/generated/inputs/mfe_plant_systems_params.json
E              M exploration/stellarator_e2e/generated/inputs/stellarator_plant_params.json
E              M exploration/stellarator_e2e/generated/modules/constraints/constraintreportaggregatormodule.py
E              M exploration/stellarator_e2e/generated/modules/constraints/predicates.py
E              M exploration/stellarator_e2e/generated/modules/mfe_plant/mfe_power_plant/bop_capital.py
E              M exploration/stellarator_e2e/generated/modules/mfe_plant/mfe_power_plant/cas20_capital.py
E              M exploration/stellarator_e2e/generated/modules/mfe_plant/mfe_power_plant/cas22_capital.py
E              M exploration/stellarator_e2e/generated/modules/mfe_plant/mfe_power_plant/cas23_to_28_capital.py
E              M exploration/stellarator_e2e/generated/modules/mfe_plant/mfe_power_plant/cas2x_pre_contingency.py
E              M exploration/stellarator_e2e/generated/modules/mfe_plant/mfe_power_plant/overnight_capital.py
E              M exploration/stellarator_e2e/generated/modules/mfe_plant/mfe_power_plant/powercore_capital.py
E              M exploration/stellarator_e2e/generated/modules/mfe_plant/mfe_power_plant/reactor_equipment_subtotal.py
E              M exploration/stellarator_e2e/generated/modules/mfe_plant/mfe_power_plant/replacement_cost_per_event.py
E              M exploration/stellarator_e2e/generated/modules/mfe_plant/mfe_power_plant/total_capital.py
E              M exploration/stellarator_e2e/generated/modules/mfe_power_balance/mfe_power_balance_calc.py
E              M exploration/stellarator_e2e/generated/modules/mfe_power_balance/reactor_source_heat.py
E              M exploration/stellarator_e2e/generated/modules/stellarator_09/stellaris/buildings/cooling_initial_handoff_days.py
E              M exploration/stellarator_e2e/generated/modules/stellarator_09/stellaris/buildings/initial_sector_start_days.py
E              M exploration/stellarator_e2e/generated/modules/stellarator_09/stellaris/special_materials_capital.py
E              M exploration/stellarator_e2e/generated/pipelines/pipeline.yaml
E              M exploration/stellarator_e2e/generated/schemas/mfe_plant_systems_params.py
E              M exploration/stellarator_e2e/generated/schemas/stellarator_plant_params.py
E              M exploration/stellarator_e2e/generated/tests/test_implementations_runnable.py
E             ?? exploration/stellarator_e2e/generated/handwritten/mfe_matched_steam_cycle/__init__.py
E             ?? exploration/stellarator_e2e/generated/handwritten/mfe_matched_steam_cycle/cooling_water_rejection_impl.py
E             ?? exploration/stellarator_e2e/generated/handwritten/mfe_matched_steam_cycle/cycle_mode_selection_impl.py
E             ?? exploration/stellarator_e2e/generated/handwritten/mfe_matched_steam_cycle/matched_steam_cycle_impl.py
E             ?? exploration/stellarator_e2e/generated/modules/mfe_matched_steam_cycle/__init__.py
E             ?? exploration/stellarator_e2e/generated/modules/mfe_matched_steam_cycle/cooling_water_rejection.py
E             ?? exploration/stellarator_e2e/generated/modules/mfe_matched_steam_cycle/cycle_mode_selection.py
E             ?? exploration/stellarator_e2e/generated/modules/mfe_matched_steam_cycle/matched_steam_cycle.py
E             ?? exploration/stellarator_e2e/generated/modules/stellarator_09/stellariscoolingwaterheatdirectionconstraintmodule.py
E             ?? exploration/stellarator_e2e/generated/modules/stellarator_09/stellarismatchedmainheatdirectionconstraintmodule.py
E             ?? exploration/stellarator_e2e/generated/modules/stellarator_09/stellarismatchedreheatheatdirectionconstraintmodule.py
E             ?? exploration/stellarator_e2e/generated/schemas/cooling_water_rejection_output.py
E             ?? exploration/stellarator_e2e/generated/schemas/cycle_mode_selection_output.py
E             ?? exploration/stellarator_e2e/generated/schemas/matched_steam_cycle_output.py
E             
E           assert 1 == 0
E            +  where 1 = CompletedProcess(args=['/home/reid/1cfe/fusion-tea/.venv/bin/python3', '/home/reid/1cfe/fusion-tea/scripts/study/verif...emas/cycle_mode_selection_output.py\n?? exploration/stellarator_e2e/generated/schemas/matched_steam_cycle_output.py\n').returncode

tests/study/test_verify.py:63: AssertionError
_ ERROR at setup of test_stored_operating_controls_preserve_procurement_and_signed_capacity _

tmp_path_factory = TempPathFactory(_given_basetemp=None, _trace=<pluggy._tracing.TagTracerSub object at 0x71e457f61430>, _basetemp=PosixPath('/tmp/pytest-of-reid/pytest-13028'), _retention_count=3, _retention_policy='all')
stock_simkit_session_path = PosixPath('/home/reid/1cfe/teax/packages/teax-simkit')

    @pytest.fixture(scope="module")
    def operating_controls(tmp_path_factory, stock_simkit_session_path):
        """Stored native baseline, installed reserve and physical demand controls."""
        sys.path.insert(0, str(MANIFEST.parent))
        import study_route
    
        out = tmp_path_factory.mktemp("operating-controls")
        baseline = json.loads(MANIFEST.read_text())["baseline"]["point"]
        P = study_route.P
        proposals = [baseline, {**baseline, f"{P}heating__p_wallplug_heat": 120.0},
                     {**baseline, f"{P}plasma__f_alpha_fast": 0.96}]
        cases, db = study_route.run_points("operating-controls", proposals, out / "_work")
        assert len(cases) == 3 and all(case.state == "completed" for case in cases)
        ident = study_route.write_identity_document(study_route.PACKAGE_DIR, out / "identity.json")
>       summary = verify.build_summary(PACKAGE, MANIFEST, ident, [db], 3, None, [])
                  ^^^^^^^^^^^^^^^^^^^^^^^^^^^^^^^^^^^^^^^^^^^^^^^^^^^^^^^^^^^^^^^^^

tests/study/test_verify.py:319: 
_ _ _ _ _ _ _ _ _ _ _ _ _ _ _ _ _ _ _ _ _ _ _ _ _ _ _ _ _ _ _ _ _ _ _ _ _ _ _ _ 
scripts/study/verify.py:499: in build_summary
    common.assert_tree_clean(package_root)
_ _ _ _ _ _ _ _ _ _ _ _ _ _ _ _ _ _ _ _ _ _ _ _ _ _ _ _ _ _ _ _ _ _ _ _ _ _ _ _ 

tree = PosixPath('/home/reid/1cfe/fusion-tea/exploration/stellarator_e2e/pkg/stellarator_tea')

    def assert_tree_clean(tree: Path | str) -> None:
        """The gate: a package tree must be byte-untouched. Names every offending file."""
        dirty = git_status_porcelain(tree)
        if dirty:
>           raise ToolError(
                f"package tree is not git-clean: {manifest_mod.repo_relative_posix(tree)}\n{dirty}"
            )
E           scripts.study.common.ToolError: package tree is not git-clean: exploration/stellarator_e2e/generated
E           M exploration/stellarator_e2e/generated/IMPLEMENTATION_BACKLOG.md
E            M exploration/stellarator_e2e/generated/__init__.py
E            M exploration/stellarator_e2e/generated/contracts/generation_manifest.json
E            M exploration/stellarator_e2e/generated/contracts/model_contract.json
E            M exploration/stellarator_e2e/generated/contracts/package_contract.json
E            M exploration/stellarator_e2e/generated/handwritten/mfe_plant/mfe_power_plant/bop_capital_impl.py
E            M exploration/stellarator_e2e/generated/handwritten/mfe_plant/mfe_power_plant/cas20_capital_impl.py
E            M exploration/stellarator_e2e/generated/handwritten/mfe_plant/mfe_power_plant/cas22_capital_impl.py
E            M exploration/stellarator_e2e/generated/handwritten/mfe_plant/mfe_power_plant/cas23_to_28_capital_impl.py
E            M exploration/stellarator_e2e/generated/handwritten/mfe_plant/mfe_power_plant/cas2x_pre_contingency_impl.py
E            M exploration/stellarator_e2e/generated/handwritten/mfe_plant/mfe_power_plant/overnight_capital_impl.py
E            M exploration/stellarator_e2e/generated/handwritten/mfe_plant/mfe_power_plant/powercore_capital_impl.py
E            M exploration/stellarator_e2e/generated/handwritten/mfe_plant/mfe_power_plant/reactor_equipment_subtotal_impl.py
E            M exploration/stellarator_e2e/generated/handwritten/mfe_plant/mfe_power_plant/replacement_cost_per_event_impl.py
E            M exploration/stellarator_e2e/generated/handwritten/mfe_plant/mfe_power_plant/total_capital_impl.py
E            M exploration/stellarator_e2e/generated/handwritten/mfe_power_balance/mfe_power_balance_calc_impl.py
E            M exploration/stellarator_e2e/generated/handwritten/mfe_power_balance/reactor_source_heat_impl.py
E            M exploration/stellarator_e2e/generated/handwritten/stellarator_09/stellaris/buildings/cooling_initial_handoff_days_impl.py
E            M exploration/stellarator_e2e/generated/handwritten/stellarator_09/stellaris/buildings/initial_sector_start_days_impl.py
E            M exploration/stellarator_e2e/generated/handwritten/stellarator_09/stellaris/special_materials_capital_impl.py
E            M exploration/stellarator_e2e/generated/inputs/mfe_plant_systems_params.json
E            M exploration/stellarator_e2e/generated/inputs/stellarator_plant_params.json
E            M exploration/stellarator_e2e/generated/modules/constraints/constraintreportaggregatormodule.py
E            M exploration/stellarator_e2e/generated/modules/constraints/predicates.py
E            M exploration/stellarator_e2e/generated/modules/mfe_plant/mfe_power_plant/bop_capital.py
E            M exploration/stellarator_e2e/generated/modules/mfe_plant/mfe_power_plant/cas20_capital.py
E            M exploration/stellarator_e2e/generated/modules/mfe_plant/mfe_power_plant/cas22_capital.py
E            M exploration/stellarator_e2e/generated/modules/mfe_plant/mfe_power_plant/cas23_to_28_capital.py
E            M exploration/stellarator_e2e/generated/modules/mfe_plant/mfe_power_plant/cas2x_pre_contingency.py
E            M exploration/stellarator_e2e/generated/modules/mfe_plant/mfe_power_plant/overnight_capital.py
E            M exploration/stellarator_e2e/generated/modules/mfe_plant/mfe_power_plant/powercore_capital.py
E            M exploration/stellarator_e2e/generated/modules/mfe_plant/mfe_power_plant/reactor_equipment_subtotal.py
E            M exploration/stellarator_e2e/generated/modules/mfe_plant/mfe_power_plant/replacement_cost_per_event.py
E            M exploration/stellarator_e2e/generated/modules/mfe_plant/mfe_power_plant/total_capital.py
E            M exploration/stellarator_e2e/generated/modules/mfe_power_balance/mfe_power_balance_calc.py
E            M exploration/stellarator_e2e/generated/modules/mfe_power_balance/reactor_source_heat.py
E            M exploration/stellarator_e2e/generated/modules/stellarator_09/stellaris/buildings/cooling_initial_handoff_days.py
E            M exploration/stellarator_e2e/generated/modules/stellarator_09/stellaris/buildings/initial_sector_start_days.py
E            M exploration/stellarator_e2e/generated/modules/stellarator_09/stellaris/special_materials_capital.py
E            M exploration/stellarator_e2e/generated/pipelines/pipeline.yaml
E            M exploration/stellarator_e2e/generated/schemas/mfe_plant_systems_params.py
E            M exploration/stellarator_e2e/generated/schemas/stellarator_plant_params.py
E            M exploration/stellarator_e2e/generated/tests/test_implementations_runnable.py
E           ?? exploration/stellarator_e2e/generated/handwritten/mfe_matched_steam_cycle/__init__.py
E           ?? exploration/stellarator_e2e/generated/handwritten/mfe_matched_steam_cycle/cooling_water_rejection_impl.py
E           ?? exploration/stellarator_e2e/generated/handwritten/mfe_matched_steam_cycle/cycle_mode_selection_impl.py
E           ?? exploration/stellarator_e2e/generated/handwritten/mfe_matched_steam_cycle/matched_steam_cycle_impl.py
E           ?? exploration/stellarator_e2e/generated/modules/mfe_matched_steam_cycle/__init__.py
E           ?? exploration/stellarator_e2e/generated/modules/mfe_matched_steam_cycle/cooling_water_rejection.py
E           ?? exploration/stellarator_e2e/generated/modules/mfe_matched_steam_cycle/cycle_mode_selection.py
E           ?? exploration/stellarator_e2e/generated/modules/mfe_matched_steam_cycle/matched_steam_cycle.py
E           ?? exploration/stellarator_e2e/generated/modules/stellarator_09/stellariscoolingwaterheatdirectionconstraintmodule.py
E           ?? exploration/stellarator_e2e/generated/modules/stellarator_09/stellarismatchedmainheatdirectionconstraintmodule.py
E           ?? exploration/stellarator_e2e/generated/modules/stellarator_09/stellarismatchedreheatheatdirectionconstraintmodule.py
E           ?? exploration/stellarator_e2e/generated/schemas/cooling_water_rejection_output.py
E           ?? exploration/stellarator_e2e/generated/schemas/cycle_mode_selection_output.py
E           ?? exploration/stellarator_e2e/generated/schemas/matched_steam_cycle_output.py

scripts/study/common.py:81: ToolError
=================================== FAILURES ===================================
___________________ test_stratification_is_a_floor_not_a_cap ___________________

promoted_run = {'baseline_result': PosixPath('/tmp/pytest-of-reid/pytest-13028/stock_route_run0/baseline_result.json'), 'dir': PosixP...-13028/stock_route_run0/package_identity.json'), 'simkit': PosixPath('/home/reid/1cfe/teax/packages/teax-simkit'), ...}
tmp_path = PosixPath('/tmp/pytest-of-reid/pytest-13028/test_stratification_is_a_floor0')

    def test_stratification_is_a_floor_not_a_cap(promoted_run, tmp_path):
        """Asked for one row, every stratum still appears."""
        out = tmp_path / "summary.json"
>       run_verify(promoted_run, out, "--sample-size", "1", expect=0)

tests/study/test_verify.py:139: 
_ _ _ _ _ _ _ _ _ _ _ _ _ _ _ _ _ _ _ _ _ _ _ _ _ _ _ _ _ _ _ _ _ _ _ _ _ _ _ _ 

promoted_run = {'baseline_result': PosixPath('/tmp/pytest-of-reid/pytest-13028/stock_route_run0/baseline_result.json'), 'dir': PosixP...-13028/stock_route_run0/package_identity.json'), 'simkit': PosixPath('/home/reid/1cfe/teax/packages/teax-simkit'), ...}
out = PosixPath('/tmp/pytest-of-reid/pytest-13028/test_stratification_is_a_floor0/summary.json')
expect = 0, extra = ('--sample-size', '1')
argv = ['--package', '/home/reid/1cfe/fusion-tea/exploration/stellarator_e2e/pkg/stellarator_tea', '--manifest', '/home/reid/...e/studies/manifest.json', '--identity', '/tmp/pytest-of-reid/pytest-13028/stock_route_run0/package_identity.json', ...]
done = CompletedProcess(args=['/home/reid/1cfe/fusion-tea/.venv/bin/python3', '/home/reid/1cfe/fusion-tea/scripts/study/verif...emas/cycle_mode_selection_output.py\n?? exploration/stellarator_e2e/generated/schemas/matched_steam_cycle_output.py\n')

    def run_verify(promoted_run, out, *extra, expect=None):
        argv = [
            "--package", str(PACKAGE),
            "--manifest", str(MANIFEST),
            "--identity", str(promoted_run["identity"]),
            "--store", str(promoted_run["store"]),
            "--out", str(out),
            *extra,
        ]
        done = subprocess.run(
            [sys.executable, str(VERIFY), *argv],
            capture_output=True, text=True, cwd=str(REPO_ROOT),
            env={**__import__("os").environ, "PYTHONPATH": str(promoted_run["simkit"])},
        )
        if expect is not None:
>           assert done.returncode == expect, f"exit {done.returncode}\n{done.stderr}"
E           AssertionError: exit 1
E             package tree is not git-clean: exploration/stellarator_e2e/generated
E             M exploration/stellarator_e2e/generated/IMPLEMENTATION_BACKLOG.md
E              M exploration/stellarator_e2e/generated/__init__.py
E              M exploration/stellarator_e2e/generated/contracts/generation_manifest.json
E              M exploration/stellarator_e2e/generated/contracts/model_contract.json
E              M exploration/stellarator_e2e/generated/contracts/package_contract.json
E              M exploration/stellarator_e2e/generated/handwritten/mfe_plant/mfe_power_plant/bop_capital_impl.py
E              M exploration/stellarator_e2e/generated/handwritten/mfe_plant/mfe_power_plant/cas20_capital_impl.py
E              M exploration/stellarator_e2e/generated/handwritten/mfe_plant/mfe_power_plant/cas22_capital_impl.py
E              M exploration/stellarator_e2e/generated/handwritten/mfe_plant/mfe_power_plant/cas23_to_28_capital_impl.py
E              M exploration/stellarator_e2e/generated/handwritten/mfe_plant/mfe_power_plant/cas2x_pre_contingency_impl.py
E              M exploration/stellarator_e2e/generated/handwritten/mfe_plant/mfe_power_plant/overnight_capital_impl.py
E              M exploration/stellarator_e2e/generated/handwritten/mfe_plant/mfe_power_plant/powercore_capital_impl.py
E              M exploration/stellarator_e2e/generated/handwritten/mfe_plant/mfe_power_plant/reactor_equipment_subtotal_impl.py
E              M exploration/stellarator_e2e/generated/handwritten/mfe_plant/mfe_power_plant/replacement_cost_per_event_impl.py
E              M exploration/stellarator_e2e/generated/handwritten/mfe_plant/mfe_power_plant/total_capital_impl.py
E              M exploration/stellarator_e2e/generated/handwritten/mfe_power_balance/mfe_power_balance_calc_impl.py
E              M exploration/stellarator_e2e/generated/handwritten/mfe_power_balance/reactor_source_heat_impl.py
E              M exploration/stellarator_e2e/generated/handwritten/stellarator_09/stellaris/buildings/cooling_initial_handoff_days_impl.py
E              M exploration/stellarator_e2e/generated/handwritten/stellarator_09/stellaris/buildings/initial_sector_start_days_impl.py
E              M exploration/stellarator_e2e/generated/handwritten/stellarator_09/stellaris/special_materials_capital_impl.py
E              M exploration/stellarator_e2e/generated/inputs/mfe_plant_systems_params.json
E              M exploration/stellarator_e2e/generated/inputs/stellarator_plant_params.json
E              M exploration/stellarator_e2e/generated/modules/constraints/constraintreportaggregatormodule.py
E              M exploration/stellarator_e2e/generated/modules/constraints/predicates.py
E              M exploration/stellarator_e2e/generated/modules/mfe_plant/mfe_power_plant/bop_capital.py
E              M exploration/stellarator_e2e/generated/modules/mfe_plant/mfe_power_plant/cas20_capital.py
E              M exploration/stellarator_e2e/generated/modules/mfe_plant/mfe_power_plant/cas22_capital.py
E              M exploration/stellarator_e2e/generated/modules/mfe_plant/mfe_power_plant/cas23_to_28_capital.py
E              M exploration/stellarator_e2e/generated/modules/mfe_plant/mfe_power_plant/cas2x_pre_contingency.py
E              M exploration/stellarator_e2e/generated/modules/mfe_plant/mfe_power_plant/overnight_capital.py
E              M exploration/stellarator_e2e/generated/modules/mfe_plant/mfe_power_plant/powercore_capital.py
E              M exploration/stellarator_e2e/generated/modules/mfe_plant/mfe_power_plant/reactor_equipment_subtotal.py
E              M exploration/stellarator_e2e/generated/modules/mfe_plant/mfe_power_plant/replacement_cost_per_event.py
E              M exploration/stellarator_e2e/generated/modules/mfe_plant/mfe_power_plant/total_capital.py
E              M exploration/stellarator_e2e/generated/modules/mfe_power_balance/mfe_power_balance_calc.py
E              M exploration/stellarator_e2e/generated/modules/mfe_power_balance/reactor_source_heat.py
E              M exploration/stellarator_e2e/generated/modules/stellarator_09/stellaris/buildings/cooling_initial_handoff_days.py
E              M exploration/stellarator_e2e/generated/modules/stellarator_09/stellaris/buildings/initial_sector_start_days.py
E              M exploration/stellarator_e2e/generated/modules/stellarator_09/stellaris/special_materials_capital.py
E              M exploration/stellarator_e2e/generated/pipelines/pipeline.yaml
E              M exploration/stellarator_e2e/generated/schemas/mfe_plant_systems_params.py
E              M exploration/stellarator_e2e/generated/schemas/stellarator_plant_params.py
E              M exploration/stellarator_e2e/generated/tests/test_implementations_runnable.py
E             ?? exploration/stellarator_e2e/generated/handwritten/mfe_matched_steam_cycle/__init__.py
E             ?? exploration/stellarator_e2e/generated/handwritten/mfe_matched_steam_cycle/cooling_water_rejection_impl.py
E             ?? exploration/stellarator_e2e/generated/handwritten/mfe_matched_steam_cycle/cycle_mode_selection_impl.py
E             ?? exploration/stellarator_e2e/generated/handwritten/mfe_matched_steam_cycle/matched_steam_cycle_impl.py
E             ?? exploration/stellarator_e2e/generated/modules/mfe_matched_steam_cycle/__init__.py
E             ?? exploration/stellarator_e2e/generated/modules/mfe_matched_steam_cycle/cooling_water_rejection.py
E             ?? exploration/stellarator_e2e/generated/modules/mfe_matched_steam_cycle/cycle_mode_selection.py
E             ?? exploration/stellarator_e2e/generated/modules/mfe_matched_steam_cycle/matched_steam_cycle.py
E             ?? exploration/stellarator_e2e/generated/modules/stellarator_09/stellariscoolingwaterheatdirectionconstraintmodule.py
E             ?? exploration/stellarator_e2e/generated/modules/stellarator_09/stellarismatchedmainheatdirectionconstraintmodule.py
E             ?? exploration/stellarator_e2e/generated/modules/stellarator_09/stellarismatchedreheatheatdirectionconstraintmodule.py
E             ?? exploration/stellarator_e2e/generated/schemas/cooling_water_rejection_output.py
E             ?? exploration/stellarator_e2e/generated/schemas/cycle_mode_selection_output.py
E             ?? exploration/stellarator_e2e/generated/schemas/matched_steam_cycle_output.py
E             
E           assert 1 == 0
E            +  where 1 = CompletedProcess(args=['/home/reid/1cfe/fusion-tea/.venv/bin/python3', '/home/reid/1cfe/fusion-tea/scripts/study/verif...emas/cycle_mode_selection_output.py\n?? exploration/stellarator_e2e/generated/schemas/matched_steam_cycle_output.py\n').returncode

tests/study/test_verify.py:63: AssertionError
________________ test_an_explicit_seed_is_recorded_as_explicit _________________

promoted_run = {'baseline_result': PosixPath('/tmp/pytest-of-reid/pytest-13028/stock_route_run0/baseline_result.json'), 'dir': PosixP...-13028/stock_route_run0/package_identity.json'), 'simkit': PosixPath('/home/reid/1cfe/teax/packages/teax-simkit'), ...}
tmp_path = PosixPath('/tmp/pytest-of-reid/pytest-13028/test_an_explicit_seed_is_recor0')

    def test_an_explicit_seed_is_recorded_as_explicit(promoted_run, tmp_path):
        out = tmp_path / "summary.json"
>       run_verify(promoted_run, out, "--seed", "beef", expect=0)

tests/study/test_verify.py:155: 
_ _ _ _ _ _ _ _ _ _ _ _ _ _ _ _ _ _ _ _ _ _ _ _ _ _ _ _ _ _ _ _ _ _ _ _ _ _ _ _ 

promoted_run = {'baseline_result': PosixPath('/tmp/pytest-of-reid/pytest-13028/stock_route_run0/baseline_result.json'), 'dir': PosixP...-13028/stock_route_run0/package_identity.json'), 'simkit': PosixPath('/home/reid/1cfe/teax/packages/teax-simkit'), ...}
out = PosixPath('/tmp/pytest-of-reid/pytest-13028/test_an_explicit_seed_is_recor0/summary.json')
expect = 0, extra = ('--seed', 'beef')
argv = ['--package', '/home/reid/1cfe/fusion-tea/exploration/stellarator_e2e/pkg/stellarator_tea', '--manifest', '/home/reid/...e/studies/manifest.json', '--identity', '/tmp/pytest-of-reid/pytest-13028/stock_route_run0/package_identity.json', ...]
done = CompletedProcess(args=['/home/reid/1cfe/fusion-tea/.venv/bin/python3', '/home/reid/1cfe/fusion-tea/scripts/study/verif...emas/cycle_mode_selection_output.py\n?? exploration/stellarator_e2e/generated/schemas/matched_steam_cycle_output.py\n')

    def run_verify(promoted_run, out, *extra, expect=None):
        argv = [
            "--package", str(PACKAGE),
            "--manifest", str(MANIFEST),
            "--identity", str(promoted_run["identity"]),
            "--store", str(promoted_run["store"]),
            "--out", str(out),
            *extra,
        ]
        done = subprocess.run(
            [sys.executable, str(VERIFY), *argv],
            capture_output=True, text=True, cwd=str(REPO_ROOT),
            env={**__import__("os").environ, "PYTHONPATH": str(promoted_run["simkit"])},
        )
        if expect is not None:
>           assert done.returncode == expect, f"exit {done.returncode}\n{done.stderr}"
E           AssertionError: exit 1
E             package tree is not git-clean: exploration/stellarator_e2e/generated
E             M exploration/stellarator_e2e/generated/IMPLEMENTATION_BACKLOG.md
E              M exploration/stellarator_e2e/generated/__init__.py
E              M exploration/stellarator_e2e/generated/contracts/generation_manifest.json
E              M exploration/stellarator_e2e/generated/contracts/model_contract.json
E              M exploration/stellarator_e2e/generated/contracts/package_contract.json
E              M exploration/stellarator_e2e/generated/handwritten/mfe_plant/mfe_power_plant/bop_capital_impl.py
E              M exploration/stellarator_e2e/generated/handwritten/mfe_plant/mfe_power_plant/cas20_capital_impl.py
E              M exploration/stellarator_e2e/generated/handwritten/mfe_plant/mfe_power_plant/cas22_capital_impl.py
E              M exploration/stellarator_e2e/generated/handwritten/mfe_plant/mfe_power_plant/cas23_to_28_capital_impl.py
E              M exploration/stellarator_e2e/generated/handwritten/mfe_plant/mfe_power_plant/cas2x_pre_contingency_impl.py
E              M exploration/stellarator_e2e/generated/handwritten/mfe_plant/mfe_power_plant/overnight_capital_impl.py
E              M exploration/stellarator_e2e/generated/handwritten/mfe_plant/mfe_power_plant/powercore_capital_impl.py
E              M exploration/stellarator_e2e/generated/handwritten/mfe_plant/mfe_power_plant/reactor_equipment_subtotal_impl.py
E              M exploration/stellarator_e2e/generated/handwritten/mfe_plant/mfe_power_plant/replacement_cost_per_event_impl.py
E              M exploration/stellarator_e2e/generated/handwritten/mfe_plant/mfe_power_plant/total_capital_impl.py
E              M exploration/stellarator_e2e/generated/handwritten/mfe_power_balance/mfe_power_balance_calc_impl.py
E              M exploration/stellarator_e2e/generated/handwritten/mfe_power_balance/reactor_source_heat_impl.py
E              M exploration/stellarator_e2e/generated/handwritten/stellarator_09/stellaris/buildings/cooling_initial_handoff_days_impl.py
E              M exploration/stellarator_e2e/generated/handwritten/stellarator_09/stellaris/buildings/initial_sector_start_days_impl.py
E              M exploration/stellarator_e2e/generated/handwritten/stellarator_09/stellaris/special_materials_capital_impl.py
E              M exploration/stellarator_e2e/generated/inputs/mfe_plant_systems_params.json
E              M exploration/stellarator_e2e/generated/inputs/stellarator_plant_params.json
E              M exploration/stellarator_e2e/generated/modules/constraints/constraintreportaggregatormodule.py
E              M exploration/stellarator_e2e/generated/modules/constraints/predicates.py
E              M exploration/stellarator_e2e/generated/modules/mfe_plant/mfe_power_plant/bop_capital.py
E              M exploration/stellarator_e2e/generated/modules/mfe_plant/mfe_power_plant/cas20_capital.py
E              M exploration/stellarator_e2e/generated/modules/mfe_plant/mfe_power_plant/cas22_capital.py
E              M exploration/stellarator_e2e/generated/modules/mfe_plant/mfe_power_plant/cas23_to_28_capital.py
E              M exploration/stellarator_e2e/generated/modules/mfe_plant/mfe_power_plant/cas2x_pre_contingency.py
E              M exploration/stellarator_e2e/generated/modules/mfe_plant/mfe_power_plant/overnight_capital.py
E              M exploration/stellarator_e2e/generated/modules/mfe_plant/mfe_power_plant/powercore_capital.py
E              M exploration/stellarator_e2e/generated/modules/mfe_plant/mfe_power_plant/reactor_equipment_subtotal.py
E              M exploration/stellarator_e2e/generated/modules/mfe_plant/mfe_power_plant/replacement_cost_per_event.py
E              M exploration/stellarator_e2e/generated/modules/mfe_plant/mfe_power_plant/total_capital.py
E              M exploration/stellarator_e2e/generated/modules/mfe_power_balance/mfe_power_balance_calc.py
E              M exploration/stellarator_e2e/generated/modules/mfe_power_balance/reactor_source_heat.py
E              M exploration/stellarator_e2e/generated/modules/stellarator_09/stellaris/buildings/cooling_initial_handoff_days.py
E              M exploration/stellarator_e2e/generated/modules/stellarator_09/stellaris/buildings/initial_sector_start_days.py
E              M exploration/stellarator_e2e/generated/modules/stellarator_09/stellaris/special_materials_capital.py
E              M exploration/stellarator_e2e/generated/pipelines/pipeline.yaml
E              M exploration/stellarator_e2e/generated/schemas/mfe_plant_systems_params.py
E              M exploration/stellarator_e2e/generated/schemas/stellarator_plant_params.py
E              M exploration/stellarator_e2e/generated/tests/test_implementations_runnable.py
E             ?? exploration/stellarator_e2e/generated/handwritten/mfe_matched_steam_cycle/__init__.py
E             ?? exploration/stellarator_e2e/generated/handwritten/mfe_matched_steam_cycle/cooling_water_rejection_impl.py
E             ?? exploration/stellarator_e2e/generated/handwritten/mfe_matched_steam_cycle/cycle_mode_selection_impl.py
E             ?? exploration/stellarator_e2e/generated/handwritten/mfe_matched_steam_cycle/matched_steam_cycle_impl.py
E             ?? exploration/stellarator_e2e/generated/modules/mfe_matched_steam_cycle/__init__.py
E             ?? exploration/stellarator_e2e/generated/modules/mfe_matched_steam_cycle/cooling_water_rejection.py
E             ?? exploration/stellarator_e2e/generated/modules/mfe_matched_steam_cycle/cycle_mode_selection.py
E             ?? exploration/stellarator_e2e/generated/modules/mfe_matched_steam_cycle/matched_steam_cycle.py
E             ?? exploration/stellarator_e2e/generated/modules/stellarator_09/stellariscoolingwaterheatdirectionconstraintmodule.py
E             ?? exploration/stellarator_e2e/generated/modules/stellarator_09/stellarismatchedmainheatdirectionconstraintmodule.py
E             ?? exploration/stellarator_e2e/generated/modules/stellarator_09/stellarismatchedreheatheatdirectionconstraintmodule.py
E             ?? exploration/stellarator_e2e/generated/schemas/cooling_water_rejection_output.py
E             ?? exploration/stellarator_e2e/generated/schemas/cycle_mode_selection_output.py
E             ?? exploration/stellarator_e2e/generated/schemas/matched_steam_cycle_output.py
E             
E           assert 1 == 0
E            +  where 1 = CompletedProcess(args=['/home/reid/1cfe/fusion-tea/.venv/bin/python3', '/home/reid/1cfe/fusion-tea/scripts/study/verif...emas/cycle_mode_selection_output.py\n?? exploration/stellarator_e2e/generated/schemas/matched_steam_cycle_output.py\n').returncode

tests/study/test_verify.py:63: AssertionError
______________________ test_the_stores_are_never_written _______________________

promoted_run = {'baseline_result': PosixPath('/tmp/pytest-of-reid/pytest-13028/stock_route_run0/baseline_result.json'), 'dir': PosixP...-13028/stock_route_run0/package_identity.json'), 'simkit': PosixPath('/home/reid/1cfe/teax/packages/teax-simkit'), ...}
tmp_path = PosixPath('/tmp/pytest-of-reid/pytest-13028/test_the_stores_are_never_writ0')

    def test_the_stores_are_never_written(promoted_run, tmp_path):
        import hashlib
    
        before = hashlib.sha256(promoted_run["store"].read_bytes()).hexdigest()
>       run_verify(promoted_run, tmp_path / "summary.json", expect=0)

tests/study/test_verify.py:301: 
_ _ _ _ _ _ _ _ _ _ _ _ _ _ _ _ _ _ _ _ _ _ _ _ _ _ _ _ _ _ _ _ _ _ _ _ _ _ _ _ 

promoted_run = {'baseline_result': PosixPath('/tmp/pytest-of-reid/pytest-13028/stock_route_run0/baseline_result.json'), 'dir': PosixP...-13028/stock_route_run0/package_identity.json'), 'simkit': PosixPath('/home/reid/1cfe/teax/packages/teax-simkit'), ...}
out = PosixPath('/tmp/pytest-of-reid/pytest-13028/test_the_stores_are_never_writ0/summary.json')
expect = 0, extra = ()
argv = ['--package', '/home/reid/1cfe/fusion-tea/exploration/stellarator_e2e/pkg/stellarator_tea', '--manifest', '/home/reid/...e/studies/manifest.json', '--identity', '/tmp/pytest-of-reid/pytest-13028/stock_route_run0/package_identity.json', ...]
done = CompletedProcess(args=['/home/reid/1cfe/fusion-tea/.venv/bin/python3', '/home/reid/1cfe/fusion-tea/scripts/study/verif...emas/cycle_mode_selection_output.py\n?? exploration/stellarator_e2e/generated/schemas/matched_steam_cycle_output.py\n')

    def run_verify(promoted_run, out, *extra, expect=None):
        argv = [
            "--package", str(PACKAGE),
            "--manifest", str(MANIFEST),
            "--identity", str(promoted_run["identity"]),
            "--store", str(promoted_run["store"]),
            "--out", str(out),
            *extra,
        ]
        done = subprocess.run(
            [sys.executable, str(VERIFY), *argv],
            capture_output=True, text=True, cwd=str(REPO_ROOT),
            env={**__import__("os").environ, "PYTHONPATH": str(promoted_run["simkit"])},
        )
        if expect is not None:
>           assert done.returncode == expect, f"exit {done.returncode}\n{done.stderr}"
E           AssertionError: exit 1
E             package tree is not git-clean: exploration/stellarator_e2e/generated
E             M exploration/stellarator_e2e/generated/IMPLEMENTATION_BACKLOG.md
E              M exploration/stellarator_e2e/generated/__init__.py
E              M exploration/stellarator_e2e/generated/contracts/generation_manifest.json
E              M exploration/stellarator_e2e/generated/contracts/model_contract.json
E              M exploration/stellarator_e2e/generated/contracts/package_contract.json
E              M exploration/stellarator_e2e/generated/handwritten/mfe_plant/mfe_power_plant/bop_capital_impl.py
E              M exploration/stellarator_e2e/generated/handwritten/mfe_plant/mfe_power_plant/cas20_capital_impl.py
E              M exploration/stellarator_e2e/generated/handwritten/mfe_plant/mfe_power_plant/cas22_capital_impl.py
E              M exploration/stellarator_e2e/generated/handwritten/mfe_plant/mfe_power_plant/cas23_to_28_capital_impl.py
E              M exploration/stellarator_e2e/generated/handwritten/mfe_plant/mfe_power_plant/cas2x_pre_contingency_impl.py
E              M exploration/stellarator_e2e/generated/handwritten/mfe_plant/mfe_power_plant/overnight_capital_impl.py
E              M exploration/stellarator_e2e/generated/handwritten/mfe_plant/mfe_power_plant/powercore_capital_impl.py
E              M exploration/stellarator_e2e/generated/handwritten/mfe_plant/mfe_power_plant/reactor_equipment_subtotal_impl.py
E              M exploration/stellarator_e2e/generated/handwritten/mfe_plant/mfe_power_plant/replacement_cost_per_event_impl.py
E              M exploration/stellarator_e2e/generated/handwritten/mfe_plant/mfe_power_plant/total_capital_impl.py
E              M exploration/stellarator_e2e/generated/handwritten/mfe_power_balance/mfe_power_balance_calc_impl.py
E              M exploration/stellarator_e2e/generated/handwritten/mfe_power_balance/reactor_source_heat_impl.py
E              M exploration/stellarator_e2e/generated/handwritten/stellarator_09/stellaris/buildings/cooling_initial_handoff_days_impl.py
E              M exploration/stellarator_e2e/generated/handwritten/stellarator_09/stellaris/buildings/initial_sector_start_days_impl.py
E              M exploration/stellarator_e2e/generated/handwritten/stellarator_09/stellaris/special_materials_capital_impl.py
E              M exploration/stellarator_e2e/generated/inputs/mfe_plant_systems_params.json
E              M exploration/stellarator_e2e/generated/inputs/stellarator_plant_params.json
E              M exploration/stellarator_e2e/generated/modules/constraints/constraintreportaggregatormodule.py
E              M exploration/stellarator_e2e/generated/modules/constraints/predicates.py
E              M exploration/stellarator_e2e/generated/modules/mfe_plant/mfe_power_plant/bop_capital.py
E              M exploration/stellarator_e2e/generated/modules/mfe_plant/mfe_power_plant/cas20_capital.py
E              M exploration/stellarator_e2e/generated/modules/mfe_plant/mfe_power_plant/cas22_capital.py
E              M exploration/stellarator_e2e/generated/modules/mfe_plant/mfe_power_plant/cas23_to_28_capital.py
E              M exploration/stellarator_e2e/generated/modules/mfe_plant/mfe_power_plant/cas2x_pre_contingency.py
E              M exploration/stellarator_e2e/generated/modules/mfe_plant/mfe_power_plant/overnight_capital.py
E              M exploration/stellarator_e2e/generated/modules/mfe_plant/mfe_power_plant/powercore_capital.py
E              M exploration/stellarator_e2e/generated/modules/mfe_plant/mfe_power_plant/reactor_equipment_subtotal.py
E              M exploration/stellarator_e2e/generated/modules/mfe_plant/mfe_power_plant/replacement_cost_per_event.py
E              M exploration/stellarator_e2e/generated/modules/mfe_plant/mfe_power_plant/total_capital.py
E              M exploration/stellarator_e2e/generated/modules/mfe_power_balance/mfe_power_balance_calc.py
E              M exploration/stellarator_e2e/generated/modules/mfe_power_balance/reactor_source_heat.py
E              M exploration/stellarator_e2e/generated/modules/stellarator_09/stellaris/buildings/cooling_initial_handoff_days.py
E              M exploration/stellarator_e2e/generated/modules/stellarator_09/stellaris/buildings/initial_sector_start_days.py
E              M exploration/stellarator_e2e/generated/modules/stellarator_09/stellaris/special_materials_capital.py
E              M exploration/stellarator_e2e/generated/pipelines/pipeline.yaml
E              M exploration/stellarator_e2e/generated/schemas/mfe_plant_systems_params.py
E              M exploration/stellarator_e2e/generated/schemas/stellarator_plant_params.py
E              M exploration/stellarator_e2e/generated/tests/test_implementations_runnable.py
E             ?? exploration/stellarator_e2e/generated/handwritten/mfe_matched_steam_cycle/__init__.py
E             ?? exploration/stellarator_e2e/generated/handwritten/mfe_matched_steam_cycle/cooling_water_rejection_impl.py
E             ?? exploration/stellarator_e2e/generated/handwritten/mfe_matched_steam_cycle/cycle_mode_selection_impl.py
E             ?? exploration/stellarator_e2e/generated/handwritten/mfe_matched_steam_cycle/matched_steam_cycle_impl.py
E             ?? exploration/stellarator_e2e/generated/modules/mfe_matched_steam_cycle/__init__.py
E             ?? exploration/stellarator_e2e/generated/modules/mfe_matched_steam_cycle/cooling_water_rejection.py
E             ?? exploration/stellarator_e2e/generated/modules/mfe_matched_steam_cycle/cycle_mode_selection.py
E             ?? exploration/stellarator_e2e/generated/modules/mfe_matched_steam_cycle/matched_steam_cycle.py
E             ?? exploration/stellarator_e2e/generated/modules/stellarator_09/stellariscoolingwaterheatdirectionconstraintmodule.py
E             ?? exploration/stellarator_e2e/generated/modules/stellarator_09/stellarismatchedmainheatdirectionconstraintmodule.py
E             ?? exploration/stellarator_e2e/generated/modules/stellarator_09/stellarismatchedreheatheatdirectionconstraintmodule.py
E             ?? exploration/stellarator_e2e/generated/schemas/cooling_water_rejection_output.py
E             ?? exploration/stellarator_e2e/generated/schemas/cycle_mode_selection_output.py
E             ?? exploration/stellarator_e2e/generated/schemas/matched_steam_cycle_output.py
E             
E           assert 1 == 0
E            +  where 1 = CompletedProcess(args=['/home/reid/1cfe/fusion-tea/.venv/bin/python3', '/home/reid/1cfe/fusion-tea/scripts/study/verif...emas/cycle_mode_selection_output.py\n?? exploration/stellarator_e2e/generated/schemas/matched_steam_cycle_output.py\n').returncode

tests/study/test_verify.py:63: AssertionError
=============================== warnings summary ===============================
tests/study/test_verify.py::test_the_summary_validates_against_its_schema
  /home/reid/1cfe/fusion-tea/.venv/lib/python3.12/site-packages/pydantic/main.py:464: UserWarning: Pydantic serializer warnings:
    PydanticSerializationUnexpectedValue(Expected `bool` - serialized value may not be as expected [field_name='stellarator_09__stellaris__cryoplant__inventory_enabled', input_value=1.0, input_type=float])
    PydanticSerializationUnexpectedValue(Expected `bool` - serialized value may not be as expected [field_name='stellarator_09__stellaris__fuel_cycle__inventory_enabled', input_value=1.0, input_type=float])
    PydanticSerializationUnexpectedValue(Expected `bool` - serialized value may not be as expected [field_name='stellarator_09__stellaris__fuel_cycle__processing_enabled', input_value=1.0, input_type=float])
    PydanticSerializationUnexpectedValue(Expected `bool` - serialized value may not be as expected [field_name='stellarator_09__stellaris__fuel_cycle__processing_source_conditions', input_value=1.0, input_type=float])
    return self.__pydantic_serializer__.to_python(

tests/study/test_verify.py::test_the_summary_validates_against_its_schema
tests/study/test_verify.py::test_stored_operating_controls_preserve_procurement_and_signed_capacity
  /home/reid/1cfe/fusion-tea/.venv/lib/python3.12/site-packages/pydantic/main.py:464: UserWarning: Pydantic serializer warnings:
    PydanticSerializationUnexpectedValue(Expected `bool` - serialized value may not be as expected [field_name='stellarator_09__stellaris__buildings__facilities_enabled', input_value=1.0, input_type=float])
    PydanticSerializationUnexpectedValue(Expected `bool` - serialized value may not be as expected [field_name='stellarator_09__stellaris__cryoplant__inventory_enabled', input_value=1.0, input_type=float])
    PydanticSerializationUnexpectedValue(Expected `bool` - serialized value may not be as expected [field_name='stellarator_09__stellaris__fuel_cycle__inventory_enabled', input_value=1.0, input_type=float])
    PydanticSerializationUnexpectedValue(Expected `bool` - serialized value may not be as expected [field_name='stellarator_09__stellaris__fuel_cycle__processing_enabled', input_value=1.0, input_type=float])
    PydanticSerializationUnexpectedValue(Expected `bool` - serialized value may not be as expected [field_name='stellarator_09__stellaris__fuel_cycle__processing_source_conditions', input_value=1.0, input_type=float])
    PydanticSerializationUnexpectedValue(Expected `bool` - serialized value may not be as expected [field_name='stellarator_09__stellaris__heat_transport__equipment_enabled', input_value=1.0, input_type=float])
    return self.__pydantic_serializer__.to_python(

-- Docs: https://docs.pytest.org/en/stable/how-to/capture-warnings.html
=========================== short test summary info ============================
FAILED tests/study/test_verify.py::test_stratification_is_a_floor_not_a_cap
FAILED tests/study/test_verify.py::test_an_explicit_seed_is_recorded_as_explicit
FAILED tests/study/test_verify.py::test_the_stores_are_never_written - Assert...
ERROR tests/study/test_verify.py::test_the_summary_validates_against_its_schema
ERROR tests/study/test_verify.py::test_the_summary_is_a_superset_of_the_committed_field_set
ERROR tests/study/test_verify.py::test_parity_holds_at_the_committed_order_of_magnitude
ERROR tests/study/test_verify.py::test_every_catalog_constraint_is_rederived_with_its_operand_count
ERROR tests/study/test_verify.py::test_stratification_covers_every_observed_verdict_combination
ERROR tests/study/test_verify.py::test_the_derived_seed_reproduces_from_the_recorded_fields
ERROR tests/study/test_verify.py::test_cas27_is_compared_and_nothing_is_undisclosed
ERROR tests/study/test_verify.py::test_the_command_carries_no_absolute_paths
ERROR tests/study/test_verify.py::test_the_operand_bindings_digest_is_the_documented_canonicalization
ERROR tests/study/test_verify.py::test_stored_operating_controls_preserve_procurement_and_signed_capacity
3 failed, 22 passed, 1 skipped, 3 warnings, 10 errors in 187.53s (0:03:07)
