case,physical_design,uncertainty_setting,scenario,net_mw,annual_mwh,gross_makeup_kg_year,new_feed_kg_year,service_annual_usd2004,external_purchases_kg_year,curtailed_feed_kg_year,overnight_usd2004,unmet_heat_mw,nonfuel_nonsupply_lcoe_subtotal,passes_evaluated_checks,scientific_qualification,capital_lcoe,om_lcoe,tritium_lcoe,deuterium_lcoe,consumables_lcoe,imports_lcoe,supply_lcoe,replacement_lcoe,other_overhaul_lcoe,terminal_lcoe,salvage_lcoe,lcoe_sum,he_area_m2,he_ua_mw_k,he_price_factor,he_purchased_quantity_m2,he_capital_usd2004,pbli_area_m2,pbli_ua_mw_k,pbli_price_factor,pbli_purchased_quantity_m2,pbli_capital_usd2004,failed_checks,support_flags
baseline--no-credit,baseline,default,no-credit,423.10679410931664,3150453.1889379714,104.66770702324638,0.0,0.0,104.66770702324638,0.0,4350208470.0,0.0,122.69411097447015,True,not established,93.15598793699755,22.219025582029754,996.6919114122456,0.022061003786527138,1.587073255859268,0.0,0.0,3.301126391265427,1.5164458317718814,1.143064970682844,-0.2286129941365688,1119.4080833905023,50000.0,50.0,1.0,50000.0,58325700.00000001,50000.0,50.0,1.0,50000.0,58325700.00000001,{},"{""aries_integrated_plant__compressor_capacity__evaluate__supported"": 1.0, ""aries_integrated_plant__divertor_capacity__evaluate__supported"": 1.0, ""aries_integrated_plant__divertor_pump__evaluate__hydraulic_supported"": 0.0, ""aries_integrated_plant__divertor_pump__screen__supported"": 1.0, ""aries_integrated_plant__fuel_capacity__evaluate__supported"": 1.0, ""aries_integrated_plant__fuel_inventory__annual__breeding_supported"": 0.0, ""aries_integrated_plant__fuel_inventory__screen__supported"": 1.0, ""aries_integrated_plant__generator_capacity__evaluate__supported"": 1.0, ""aries_integrated_plant__he_capacity__evaluate__supported"": 1.0, ""aries_integrated_plant__he_pump__evaluate__hydraulic_supported"": 0.0, ""aries_integrated_plant__he_pump__screen__supported"": 1.0, ""aries_integrated_plant__lifecycle_accounts__evaluate__breeding_supported"": 0.0, ""aries_integrated_plant__lifecycle_accounts__evaluate__supply_supported"": 0.0, ""aries_integrated_plant__pbli_capacity__evaluate__supported"": 1.0, ""aries_integrated_plant__pbli_pump__evaluate__hydraulic_supported"": 0.0, ""aries_integrated_plant__pbli_pump__screen__supported"": 1.0, ""aries_integrated_plant__plant_ledger__evaluate__supported_breeding"": 0.0, ""aries_integrated_plant__plant_ledger__evaluate__supported_deposition"": 0.0, ""aries_integrated_plant__plant_ledger__evaluate__supported_hydraulics"": 0.0, ""aries_integrated_plant__plant_ledger__evaluate__supported_machine_map"": 0.0, ""aries_integrated_plant__plant_ledger__evaluate__supported_magnet"": 0.0, ""aries_integrated_plant__plant_ledger__evaluate__supported_materials"": 0.0, ""aries_integrated_plant__rejection_capacity__evaluate__supported"": 1.0, ""aries_integrated_plant__source_lifecycle_accounts__evaluate__breeding_supported"": 0.0, ""aries_integrated_plant__source_lifecycle_accounts__evaluate__supply_supported"": 0.0, ""aries_integrated_plant__turbine_capacity__evaluate__supported"": 1.0}"
baseline--feed100-service30m,baseline,default,feed100-service30m,423.10679410931664,3150453.1889379714,104.66770702324638,100.0,30000000.0,4.667707023246379,0.0,4350208470.0,0.0,122.69411097447015,True,not established,93.15598793699755,22.219025582029754,44.44795789668481,0.022061003786527138,1.587073255859268,0.0,9.522439535155609,3.301126391265427,1.5164458317718814,1.143064970682844,-0.2286129941365688,176.6865694100971,50000.0,50.0,1.0,50000.0,58325700.00000001,50000.0,50.0,1.0,50000.0,58325700.00000001,{},"{""aries_integrated_plant__compressor_capacity__evaluate__supported"": 1.0, ""aries_integrated_plant__divertor_capacity__evaluate__supported"": 1.0, ""aries_integrated_plant__divertor_pump__evaluate__hydraulic_supported"": 0.0, ""aries_integrated_plant__divertor_pump__screen__supported"": 1.0, ""aries_integrated_plant__fuel_capacity__evaluate__supported"": 1.0, ""aries_integrated_plant__fuel_inventory__annual__breeding_supported"": 0.0, ""aries_integrated_plant__fuel_inventory__screen__supported"": 1.0, ""aries_integrated_plant__generator_capacity__evaluate__supported"": 1.0, ""aries_integrated_plant__he_capacity__evaluate__supported"": 1.0, ""aries_integrated_plant__he_pump__evaluate__hydraulic_supported"": 0.0, ""aries_integrated_plant__he_pump__screen__supported"": 1.0, ""aries_integrated_plant__lifecycle_accounts__evaluate__breeding_supported"": 0.0, ""aries_integrated_plant__lifecycle_accounts__evaluate__supply_supported"": 0.0, ""aries_integrated_plant__pbli_capacity__evaluate__supported"": 1.0, ""aries_integrated_plant__pbli_pump__evaluate__hydraulic_supported"": 0.0, ""aries_integrated_plant__pbli_pump__screen__supported"": 1.0, ""aries_integrated_plant__plant_ledger__evaluate__supported_breeding"": 0.0, ""aries_integrated_plant__plant_ledger__evaluate__supported_deposition"": 0.0, ""aries_integrated_plant__plant_ledger__evaluate__supported_hydraulics"": 0.0, ""aries_integrated_plant__plant_ledger__evaluate__supported_machine_map"": 0.0, ""aries_integrated_plant__plant_ledger__evaluate__supported_magnet"": 0.0, ""aries_integrated_plant__plant_ledger__evaluate__supported_materials"": 0.0, ""aries_integrated_plant__rejection_capacity__evaluate__supported"": 1.0, ""aries_integrated_plant__source_lifecycle_accounts__evaluate__breeding_supported"": 0.0, ""aries_integrated_plant__source_lifecycle_accounts__evaluate__supply_supported"": 0.0, ""aries_integrated_plant__turbine_capacity__evaluate__supported"": 1.0}"
baseline__he_u=500--no-credit,baseline,he_u=500,no-credit,423.10679410931664,3150453.1889379714,104.66770702324638,0.0,0.0,104.66770702324638,0.0,4350208470.0,0.0,122.69411097447015,True,not established,93.15598793699755,22.219025582029754,996.6919114122456,0.022061003786527138,1.587073255859268,0.0,0.0,3.301126391265427,1.5164458317718814,1.143064970682844,-0.2286129941365688,1119.4080833905023,50000.0,25.0,1.0,50000.0,58325700.00000001,50000.0,50.0,1.0,50000.0,58325700.00000001,{},"{""aries_integrated_plant__compressor_capacity__evaluate__supported"": 1.0, ""aries_integrated_plant__divertor_capacity__evaluate__supported"": 1.0, ""aries_integrated_plant__divertor_pump__evaluate__hydraulic_supported"": 0.0, ""aries_integrated_plant__divertor_pump__screen__supported"": 1.0, ""aries_integrated_plant__fuel_capacity__evaluate__supported"": 1.0, ""aries_integrated_plant__fuel_inventory__annual__breeding_supported"": 0.0, ""aries_integrated_plant__fuel_inventory__screen__supported"": 1.0, ""aries_integrated_plant__generator_capacity__evaluate__supported"": 1.0, ""aries_integrated_plant__he_capacity__evaluate__supported"": 1.0, ""aries_integrated_plant__he_pump__evaluate__hydraulic_supported"": 0.0, ""aries_integrated_plant__he_pump__screen__supported"": 1.0, ""aries_integrated_plant__lifecycle_accounts__evaluate__breeding_supported"": 0.0, ""aries_integrated_plant__lifecycle_accounts__evaluate__supply_supported"": 0.0, ""aries_integrated_plant__pbli_capacity__evaluate__supported"": 1.0, ""aries_integrated_plant__pbli_pump__evaluate__hydraulic_supported"": 0.0, ""aries_integrated_plant__pbli_pump__screen__supported"": 1.0, ""aries_integrated_plant__plant_ledger__evaluate__supported_breeding"": 0.0, ""aries_integrated_plant__plant_ledger__evaluate__supported_deposition"": 0.0, ""aries_integrated_plant__plant_ledger__evaluate__supported_hydraulics"": 0.0, ""aries_integrated_plant__plant_ledger__evaluate__supported_machine_map"": 0.0, ""aries_integrated_plant__plant_ledger__evaluate__supported_magnet"": 0.0, ""aries_integrated_plant__plant_ledger__evaluate__supported_materials"": 0.0, ""aries_integrated_plant__rejection_capacity__evaluate__supported"": 1.0, ""aries_integrated_plant__source_lifecycle_accounts__evaluate__breeding_supported"": 0.0, ""aries_integrated_plant__source_lifecycle_accounts__evaluate__supply_supported"": 0.0, ""aries_integrated_plant__turbine_capacity__evaluate__supported"": 1.0}"
baseline__he_u=500--feed100-service30m,baseline,he_u=500,feed100-service30m,423.10679410931664,3150453.1889379714,104.66770702324638,100.0,30000000.0,4.667707023246379,0.0,4350208470.0,0.0,122.69411097447015,True,not established,93.15598793699755,22.219025582029754,44.44795789668481,0.022061003786527138,1.587073255859268,0.0,9.522439535155609,3.301126391265427,1.5164458317718814,1.143064970682844,-0.2286129941365688,176.6865694100971,50000.0,25.0,1.0,50000.0,58325700.00000001,50000.0,50.0,1.0,50000.0,58325700.00000001,{},"{""aries_integrated_plant__compressor_capacity__evaluate__supported"": 1.0, ""aries_integrated_plant__divertor_capacity__evaluate__supported"": 1.0, ""aries_integrated_plant__divertor_pump__evaluate__hydraulic_supported"": 0.0, ""aries_integrated_plant__divertor_pump__screen__supported"": 1.0, ""aries_integrated_plant__fuel_capacity__evaluate__supported"": 1.0, ""aries_integrated_plant__fuel_inventory__annual__breeding_supported"": 0.0, ""aries_integrated_plant__fuel_inventory__screen__supported"": 1.0, ""aries_integrated_plant__generator_capacity__evaluate__supported"": 1.0, ""aries_integrated_plant__he_capacity__evaluate__supported"": 1.0, ""aries_integrated_plant__he_pump__evaluate__hydraulic_supported"": 0.0, ""aries_integrated_plant__he_pump__screen__supported"": 1.0, ""aries_integrated_plant__lifecycle_accounts__evaluate__breeding_supported"": 0.0, ""aries_integrated_plant__lifecycle_accounts__evaluate__supply_supported"": 0.0, ""aries_integrated_plant__pbli_capacity__evaluate__supported"": 1.0, ""aries_integrated_plant__pbli_pump__evaluate__hydraulic_supported"": 0.0, ""aries_integrated_plant__pbli_pump__screen__supported"": 1.0, ""aries_integrated_plant__plant_ledger__evaluate__supported_breeding"": 0.0, ""aries_integrated_plant__plant_ledger__evaluate__supported_deposition"": 0.0, ""aries_integrated_plant__plant_ledger__evaluate__supported_hydraulics"": 0.0, ""aries_integrated_plant__plant_ledger__evaluate__supported_machine_map"": 0.0, ""aries_integrated_plant__plant_ledger__evaluate__supported_magnet"": 0.0, ""aries_integrated_plant__plant_ledger__evaluate__supported_materials"": 0.0, ""aries_integrated_plant__rejection_capacity__evaluate__supported"": 1.0, ""aries_integrated_plant__source_lifecycle_accounts__evaluate__breeding_supported"": 0.0, ""aries_integrated_plant__source_lifecycle_accounts__evaluate__supply_supported"": 0.0, ""aries_integrated_plant__turbine_capacity__evaluate__supported"": 1.0}"
baseline__he_u=1500--no-credit,baseline,he_u=1500,no-credit,423.10679410931664,3150453.1889379714,104.66770702324638,0.0,0.0,104.66770702324638,0.0,4350208470.0,0.0,122.69411097447015,True,not established,93.15598793699755,22.219025582029754,996.6919114122456,0.022061003786527138,1.587073255859268,0.0,0.0,3.301126391265427,1.5164458317718814,1.143064970682844,-0.2286129941365688,1119.4080833905023,50000.0,75.0,1.0,50000.0,58325700.00000001,50000.0,50.0,1.0,50000.0,58325700.00000001,{},"{""aries_integrated_plant__compressor_capacity__evaluate__supported"": 1.0, ""aries_integrated_plant__divertor_capacity__evaluate__supported"": 1.0, ""aries_integrated_plant__divertor_pump__evaluate__hydraulic_supported"": 0.0, ""aries_integrated_plant__divertor_pump__screen__supported"": 1.0, ""aries_integrated_plant__fuel_capacity__evaluate__supported"": 1.0, ""aries_integrated_plant__fuel_inventory__annual__breeding_supported"": 0.0, ""aries_integrated_plant__fuel_inventory__screen__supported"": 1.0, ""aries_integrated_plant__generator_capacity__evaluate__supported"": 1.0, ""aries_integrated_plant__he_capacity__evaluate__supported"": 1.0, ""aries_integrated_plant__he_pump__evaluate__hydraulic_supported"": 0.0, ""aries_integrated_plant__he_pump__screen__supported"": 1.0, ""aries_integrated_plant__lifecycle_accounts__evaluate__breeding_supported"": 0.0, ""aries_integrated_plant__lifecycle_accounts__evaluate__supply_supported"": 0.0, ""aries_integrated_plant__pbli_capacity__evaluate__supported"": 1.0, ""aries_integrated_plant__pbli_pump__evaluate__hydraulic_supported"": 0.0, ""aries_integrated_plant__pbli_pump__screen__supported"": 1.0, ""aries_integrated_plant__plant_ledger__evaluate__supported_breeding"": 0.0, ""aries_integrated_plant__plant_ledger__evaluate__supported_deposition"": 0.0, ""aries_integrated_plant__plant_ledger__evaluate__supported_hydraulics"": 0.0, ""aries_integrated_plant__plant_ledger__evaluate__supported_machine_map"": 0.0, ""aries_integrated_plant__plant_ledger__evaluate__supported_magnet"": 0.0, ""aries_integrated_plant__plant_ledger__evaluate__supported_materials"": 0.0, ""aries_integrated_plant__rejection_capacity__evaluate__supported"": 1.0, ""aries_integrated_plant__source_lifecycle_accounts__evaluate__breeding_supported"": 0.0, ""aries_integrated_plant__source_lifecycle_accounts__evaluate__supply_supported"": 0.0, ""aries_integrated_plant__turbine_capacity__evaluate__supported"": 1.0}"
baseline__he_u=1500--feed100-service30m,baseline,he_u=1500,feed100-service30m,423.10679410931664,3150453.1889379714,104.66770702324638,100.0,30000000.0,4.667707023246379,0.0,4350208470.0,0.0,122.69411097447015,True,not established,93.15598793699755,22.219025582029754,44.44795789668481,0.022061003786527138,1.587073255859268,0.0,9.522439535155609,3.301126391265427,1.5164458317718814,1.143064970682844,-0.2286129941365688,176.6865694100971,50000.0,75.0,1.0,50000.0,58325700.00000001,50000.0,50.0,1.0,50000.0,58325700.00000001,{},"{""aries_integrated_plant__compressor_capacity__evaluate__supported"": 1.0, ""aries_integrated_plant__divertor_capacity__evaluate__supported"": 1.0, ""aries_integrated_plant__divertor_pump__evaluate__hydraulic_supported"": 0.0, ""aries_integrated_plant__divertor_pump__screen__supported"": 1.0, ""aries_integrated_plant__fuel_capacity__evaluate__supported"": 1.0, ""aries_integrated_plant__fuel_inventory__annual__breeding_supported"": 0.0, ""aries_integrated_plant__fuel_inventory__screen__supported"": 1.0, ""aries_integrated_plant__generator_capacity__evaluate__supported"": 1.0, ""aries_integrated_plant__he_capacity__evaluate__supported"": 1.0, ""aries_integrated_plant__he_pump__evaluate__hydraulic_supported"": 0.0, ""aries_integrated_plant__he_pump__screen__supported"": 1.0, ""aries_integrated_plant__lifecycle_accounts__evaluate__breeding_supported"": 0.0, ""aries_integrated_plant__lifecycle_accounts__evaluate__supply_supported"": 0.0, ""aries_integrated_plant__pbli_capacity__evaluate__supported"": 1.0, ""aries_integrated_plant__pbli_pump__evaluate__hydraulic_supported"": 0.0, ""aries_integrated_plant__pbli_pump__screen__supported"": 1.0, ""aries_integrated_plant__plant_ledger__evaluate__supported_breeding"": 0.0, ""aries_integrated_plant__plant_ledger__evaluate__supported_deposition"": 0.0, ""aries_integrated_plant__plant_ledger__evaluate__supported_hydraulics"": 0.0, ""aries_integrated_plant__plant_ledger__evaluate__supported_machine_map"": 0.0, ""aries_integrated_plant__plant_ledger__evaluate__supported_magnet"": 0.0, ""aries_integrated_plant__plant_ledger__evaluate__supported_materials"": 0.0, ""aries_integrated_plant__rejection_capacity__evaluate__supported"": 1.0, ""aries_integrated_plant__source_lifecycle_accounts__evaluate__breeding_supported"": 0.0, ""aries_integrated_plant__source_lifecycle_accounts__evaluate__supply_supported"": 0.0, ""aries_integrated_plant__turbine_capacity__evaluate__supported"": 1.0}"
baseline__pbli_u=500--no-credit,baseline,pbli_u=500,no-credit,423.10679410931664,3150453.1889379714,104.66770702324638,0.0,0.0,104.66770702324638,0.0,4350208470.0,0.0,122.69411097447015,True,not established,93.15598793699755,22.219025582029754,996.6919114122456,0.022061003786527138,1.587073255859268,0.0,0.0,3.301126391265427,1.5164458317718814,1.143064970682844,-0.2286129941365688,1119.4080833905023,50000.0,50.0,1.0,50000.0,58325700.00000001,50000.0,25.0,1.0,50000.0,58325700.00000001,{},"{""aries_integrated_plant__compressor_capacity__evaluate__supported"": 1.0, ""aries_integrated_plant__divertor_capacity__evaluate__supported"": 1.0, ""aries_integrated_plant__divertor_pump__evaluate__hydraulic_supported"": 0.0, ""aries_integrated_plant__divertor_pump__screen__supported"": 1.0, ""aries_integrated_plant__fuel_capacity__evaluate__supported"": 1.0, ""aries_integrated_plant__fuel_inventory__annual__breeding_supported"": 0.0, ""aries_integrated_plant__fuel_inventory__screen__supported"": 1.0, ""aries_integrated_plant__generator_capacity__evaluate__supported"": 1.0, ""aries_integrated_plant__he_capacity__evaluate__supported"": 1.0, ""aries_integrated_plant__he_pump__evaluate__hydraulic_supported"": 0.0, ""aries_integrated_plant__he_pump__screen__supported"": 1.0, ""aries_integrated_plant__lifecycle_accounts__evaluate__breeding_supported"": 0.0, ""aries_integrated_plant__lifecycle_accounts__evaluate__supply_supported"": 0.0, ""aries_integrated_plant__pbli_capacity__evaluate__supported"": 1.0, ""aries_integrated_plant__pbli_pump__evaluate__hydraulic_supported"": 0.0, ""aries_integrated_plant__pbli_pump__screen__supported"": 1.0, ""aries_integrated_plant__plant_ledger__evaluate__supported_breeding"": 0.0, ""aries_integrated_plant__plant_ledger__evaluate__supported_deposition"": 0.0, ""aries_integrated_plant__plant_ledger__evaluate__supported_hydraulics"": 0.0, ""aries_integrated_plant__plant_ledger__evaluate__supported_machine_map"": 0.0, ""aries_integrated_plant__plant_ledger__evaluate__supported_magnet"": 0.0, ""aries_integrated_plant__plant_ledger__evaluate__supported_materials"": 0.0, ""aries_integrated_plant__rejection_capacity__evaluate__supported"": 1.0, ""aries_integrated_plant__source_lifecycle_accounts__evaluate__breeding_supported"": 0.0, ""aries_integrated_plant__source_lifecycle_accounts__evaluate__supply_supported"": 0.0, ""aries_integrated_plant__turbine_capacity__evaluate__supported"": 1.0}"
baseline__pbli_u=500--feed100-service30m,baseline,pbli_u=500,feed100-service30m,423.10679410931664,3150453.1889379714,104.66770702324638,100.0,30000000.0,4.667707023246379,0.0,4350208470.0,0.0,122.69411097447015,True,not established,93.15598793699755,22.219025582029754,44.44795789668481,0.022061003786527138,1.587073255859268,0.0,9.522439535155609,3.301126391265427,1.5164458317718814,1.143064970682844,-0.2286129941365688,176.6865694100971,50000.0,50.0,1.0,50000.0,58325700.00000001,50000.0,25.0,1.0,50000.0,58325700.00000001,{},"{""aries_integrated_plant__compressor_capacity__evaluate__supported"": 1.0, ""aries_integrated_plant__divertor_capacity__evaluate__supported"": 1.0, ""aries_integrated_plant__divertor_pump__evaluate__hydraulic_supported"": 0.0, ""aries_integrated_plant__divertor_pump__screen__supported"": 1.0, ""aries_integrated_plant__fuel_capacity__evaluate__supported"": 1.0, ""aries_integrated_plant__fuel_inventory__annual__breeding_supported"": 0.0, ""aries_integrated_plant__fuel_inventory__screen__supported"": 1.0, ""aries_integrated_plant__generator_capacity__evaluate__supported"": 1.0, ""aries_integrated_plant__he_capacity__evaluate__supported"": 1.0, ""aries_integrated_plant__he_pump__evaluate__hydraulic_supported"": 0.0, ""aries_integrated_plant__he_pump__screen__supported"": 1.0, ""aries_integrated_plant__lifecycle_accounts__evaluate__breeding_supported"": 0.0, ""aries_integrated_plant__lifecycle_accounts__evaluate__supply_supported"": 0.0, ""aries_integrated_plant__pbli_capacity__evaluate__supported"": 1.0, ""aries_integrated_plant__pbli_pump__evaluate__hydraulic_supported"": 0.0, ""aries_integrated_plant__pbli_pump__screen__supported"": 1.0, ""aries_integrated_plant__plant_ledger__evaluate__supported_breeding"": 0.0, ""aries_integrated_plant__plant_ledger__evaluate__supported_deposition"": 0.0, ""aries_integrated_plant__plant_ledger__evaluate__supported_hydraulics"": 0.0, ""aries_integrated_plant__plant_ledger__evaluate__supported_machine_map"": 0.0, ""aries_integrated_plant__plant_ledger__evaluate__supported_magnet"": 0.0, ""aries_integrated_plant__plant_ledger__evaluate__supported_materials"": 0.0, ""aries_integrated_plant__rejection_capacity__evaluate__supported"": 1.0, ""aries_integrated_plant__source_lifecycle_accounts__evaluate__breeding_supported"": 0.0, ""aries_integrated_plant__source_lifecycle_accounts__evaluate__supply_supported"": 0.0, ""aries_integrated_plant__turbine_capacity__evaluate__supported"": 1.0}"
baseline__pbli_u=1500--no-credit,baseline,pbli_u=1500,no-credit,423.10679410931664,3150453.1889379714,104.66770702324638,0.0,0.0,104.66770702324638,0.0,4350208470.0,0.0,122.69411097447015,True,not established,93.15598793699755,22.219025582029754,996.6919114122456,0.022061003786527138,1.587073255859268,0.0,0.0,3.301126391265427,1.5164458317718814,1.143064970682844,-0.2286129941365688,1119.4080833905023,50000.0,50.0,1.0,50000.0,58325700.00000001,50000.0,75.0,1.0,50000.0,58325700.00000001,{},"{""aries_integrated_plant__compressor_capacity__evaluate__supported"": 1.0, ""aries_integrated_plant__divertor_capacity__evaluate__supported"": 1.0, ""aries_integrated_plant__divertor_pump__evaluate__hydraulic_supported"": 0.0, ""aries_integrated_plant__divertor_pump__screen__supported"": 1.0, ""aries_integrated_plant__fuel_capacity__evaluate__supported"": 1.0, ""aries_integrated_plant__fuel_inventory__annual__breeding_supported"": 0.0, ""aries_integrated_plant__fuel_inventory__screen__supported"": 1.0, ""aries_integrated_plant__generator_capacity__evaluate__supported"": 1.0, ""aries_integrated_plant__he_capacity__evaluate__supported"": 1.0, ""aries_integrated_plant__he_pump__evaluate__hydraulic_supported"": 0.0, ""aries_integrated_plant__he_pump__screen__supported"": 1.0, ""aries_integrated_plant__lifecycle_accounts__evaluate__breeding_supported"": 0.0, ""aries_integrated_plant__lifecycle_accounts__evaluate__supply_supported"": 0.0, ""aries_integrated_plant__pbli_capacity__evaluate__supported"": 1.0, ""aries_integrated_plant__pbli_pump__evaluate__hydraulic_supported"": 0.0, ""aries_integrated_plant__pbli_pump__screen__supported"": 1.0, ""aries_integrated_plant__plant_ledger__evaluate__supported_breeding"": 0.0, ""aries_integrated_plant__plant_ledger__evaluate__supported_deposition"": 0.0, ""aries_integrated_plant__plant_ledger__evaluate__supported_hydraulics"": 0.0, ""aries_integrated_plant__plant_ledger__evaluate__supported_machine_map"": 0.0, ""aries_integrated_plant__plant_ledger__evaluate__supported_magnet"": 0.0, ""aries_integrated_plant__plant_ledger__evaluate__supported_materials"": 0.0, ""aries_integrated_plant__rejection_capacity__evaluate__supported"": 1.0, ""aries_integrated_plant__source_lifecycle_accounts__evaluate__breeding_supported"": 0.0, ""aries_integrated_plant__source_lifecycle_accounts__evaluate__supply_supported"": 0.0, ""aries_integrated_plant__turbine_capacity__evaluate__supported"": 1.0}"
baseline__pbli_u=1500--feed100-service30m,baseline,pbli_u=1500,feed100-service30m,423.10679410931664,3150453.1889379714,104.66770702324638,100.0,30000000.0,4.667707023246379,0.0,4350208470.0,0.0,122.69411097447015,True,not established,93.15598793699755,22.219025582029754,44.44795789668481,0.022061003786527138,1.587073255859268,0.0,9.522439535155609,3.301126391265427,1.5164458317718814,1.143064970682844,-0.2286129941365688,176.6865694100971,50000.0,50.0,1.0,50000.0,58325700.00000001,50000.0,75.0,1.0,50000.0,58325700.00000001,{},"{""aries_integrated_plant__compressor_capacity__evaluate__supported"": 1.0, ""aries_integrated_plant__divertor_capacity__evaluate__supported"": 1.0, ""aries_integrated_plant__divertor_pump__evaluate__hydraulic_supported"": 0.0, ""aries_integrated_plant__divertor_pump__screen__supported"": 1.0, ""aries_integrated_plant__fuel_capacity__evaluate__supported"": 1.0, ""aries_integrated_plant__fuel_inventory__annual__breeding_supported"": 0.0, ""aries_integrated_plant__fuel_inventory__screen__supported"": 1.0, ""aries_integrated_plant__generator_capacity__evaluate__supported"": 1.0, ""aries_integrated_plant__he_capacity__evaluate__supported"": 1.0, ""aries_integrated_plant__he_pump__evaluate__hydraulic_supported"": 0.0, ""aries_integrated_plant__he_pump__screen__supported"": 1.0, ""aries_integrated_plant__lifecycle_accounts__evaluate__breeding_supported"": 0.0, ""aries_integrated_plant__lifecycle_accounts__evaluate__supply_supported"": 0.0, ""aries_integrated_plant__pbli_capacity__evaluate__supported"": 1.0, ""aries_integrated_plant__pbli_pump__evaluate__hydraulic_supported"": 0.0, ""aries_integrated_plant__pbli_pump__screen__supported"": 1.0, ""aries_integrated_plant__plant_ledger__evaluate__supported_breeding"": 0.0, ""aries_integrated_plant__plant_ledger__evaluate__supported_deposition"": 0.0, ""aries_integrated_plant__plant_ledger__evaluate__supported_hydraulics"": 0.0, ""aries_integrated_plant__plant_ledger__evaluate__supported_machine_map"": 0.0, ""aries_integrated_plant__plant_ledger__evaluate__supported_magnet"": 0.0, ""aries_integrated_plant__plant_ledger__evaluate__supported_materials"": 0.0, ""aries_integrated_plant__rejection_capacity__evaluate__supported"": 1.0, ""aries_integrated_plant__source_lifecycle_accounts__evaluate__breeding_supported"": 0.0, ""aries_integrated_plant__source_lifecycle_accounts__evaluate__supply_supported"": 0.0, ""aries_integrated_plant__turbine_capacity__evaluate__supported"": 1.0}"
baseline__neutron_multiplier=1--no-credit,baseline,neutron_multiplier=1,no-credit,254.02200554038288,1891447.853253691,104.66770702324638,0.0,0.0,104.66770702324638,0.0,4350208470.0,0.0,204.3630505162987,True,not established,155.16345256884938,37.0086861657778,1660.1204232492441,0.036745480247250085,2.643477583269843,0.0,0.0,5.4984567238050905,2.525838393238873,1.9039238516971397,-0.380784770339428,1864.5202192457898,50000.0,50.0,1.0,50000.0,58325700.00000001,50000.0,50.0,1.0,50000.0,58325700.00000001,{},"{""aries_integrated_plant__compressor_capacity__evaluate__supported"": 1.0, ""aries_integrated_plant__divertor_capacity__evaluate__supported"": 1.0, ""aries_integrated_plant__divertor_pump__evaluate__hydraulic_supported"": 0.0, ""aries_integrated_plant__divertor_pump__screen__supported"": 1.0, ""aries_integrated_plant__fuel_capacity__evaluate__supported"": 1.0, ""aries_integrated_plant__fuel_inventory__annual__breeding_supported"": 0.0, ""aries_integrated_plant__fuel_inventory__screen__supported"": 1.0, ""aries_integrated_plant__generator_capacity__evaluate__supported"": 1.0, ""aries_integrated_plant__he_capacity__evaluate__supported"": 1.0, ""aries_integrated_plant__he_pump__evaluate__hydraulic_supported"": 0.0, ""aries_integrated_plant__he_pump__screen__supported"": 1.0, ""aries_integrated_plant__lifecycle_accounts__evaluate__breeding_supported"": 0.0, ""aries_integrated_plant__lifecycle_accounts__evaluate__supply_supported"": 0.0, ""aries_integrated_plant__pbli_capacity__evaluate__supported"": 1.0, ""aries_integrated_plant__pbli_pump__evaluate__hydraulic_supported"": 0.0, ""aries_integrated_plant__pbli_pump__screen__supported"": 1.0, ""aries_integrated_plant__plant_ledger__evaluate__supported_breeding"": 0.0, ""aries_integrated_plant__plant_ledger__evaluate__supported_deposition"": 0.0, ""aries_integrated_plant__plant_ledger__evaluate__supported_hydraulics"": 0.0, ""aries_integrated_plant__plant_ledger__evaluate__supported_machine_map"": 0.0, ""aries_integrated_plant__plant_ledger__evaluate__supported_magnet"": 0.0, ""aries_integrated_plant__plant_ledger__evaluate__supported_materials"": 0.0, ""aries_integrated_plant__rejection_capacity__evaluate__supported"": 1.0, ""aries_integrated_plant__source_lifecycle_accounts__evaluate__breeding_supported"": 0.0, ""aries_integrated_plant__source_lifecycle_accounts__evaluate__supply_supported"": 0.0, ""aries_integrated_plant__turbine_capacity__evaluate__supported"": 1.0}"
baseline__neutron_multiplier=1--feed100-service30m,baseline,neutron_multiplier=1,feed100-service30m,254.02200554038288,1891447.853253691,104.66770702324638,100.0,30000000.0,4.667707023246379,0.0,4350208470.0,0.0,204.3630505162987,True,not established,155.16345256884938,37.0086861657778,74.03387328733807,0.036745480247250085,2.643477583269843,0.0,15.86086549961906,5.4984567238050905,2.525838393238873,1.9039238516971397,-0.380784770339428,294.2945347835031,50000.0,50.0,1.0,50000.0,58325700.00000001,50000.0,50.0,1.0,50000.0,58325700.00000001,{},"{""aries_integrated_plant__compressor_capacity__evaluate__supported"": 1.0, ""aries_integrated_plant__divertor_capacity__evaluate__supported"": 1.0, ""aries_integrated_plant__divertor_pump__evaluate__hydraulic_supported"": 0.0, ""aries_integrated_plant__divertor_pump__screen__supported"": 1.0, ""aries_integrated_plant__fuel_capacity__evaluate__supported"": 1.0, ""aries_integrated_plant__fuel_inventory__annual__breeding_supported"": 0.0, ""aries_integrated_plant__fuel_inventory__screen__supported"": 1.0, ""aries_integrated_plant__generator_capacity__evaluate__supported"": 1.0, ""aries_integrated_plant__he_capacity__evaluate__supported"": 1.0, ""aries_integrated_plant__he_pump__evaluate__hydraulic_supported"": 0.0, ""aries_integrated_plant__he_pump__screen__supported"": 1.0, ""aries_integrated_plant__lifecycle_accounts__evaluate__breeding_supported"": 0.0, ""aries_integrated_plant__lifecycle_accounts__evaluate__supply_supported"": 0.0, ""aries_integrated_plant__pbli_capacity__evaluate__supported"": 1.0, ""aries_integrated_plant__pbli_pump__evaluate__hydraulic_supported"": 0.0, ""aries_integrated_plant__pbli_pump__screen__supported"": 1.0, ""aries_integrated_plant__plant_ledger__evaluate__supported_breeding"": 0.0, ""aries_integrated_plant__plant_ledger__evaluate__supported_deposition"": 0.0, ""aries_integrated_plant__plant_ledger__evaluate__supported_hydraulics"": 0.0, ""aries_integrated_plant__plant_ledger__evaluate__supported_machine_map"": 0.0, ""aries_integrated_plant__plant_ledger__evaluate__supported_magnet"": 0.0, ""aries_integrated_plant__plant_ledger__evaluate__supported_materials"": 0.0, ""aries_integrated_plant__rejection_capacity__evaluate__supported"": 1.0, ""aries_integrated_plant__source_lifecycle_accounts__evaluate__breeding_supported"": 0.0, ""aries_integrated_plant__source_lifecycle_accounts__evaluate__supply_supported"": 0.0, ""aries_integrated_plant__turbine_capacity__evaluate__supported"": 1.0}"
baseline__neutron_multiplier=1.25--no-credit,baseline,neutron_multiplier=1.25,no-credit,518.2169876653121,3858643.6901559136,104.66770702324638,0.0,0.0,104.66770702324638,0.0,4350208470.0,0.0,100.1756275578298,True,not established,76.05874053971604,18.14108936219803,813.7655256193179,0.01801206986479458,1.2957920972998593,0.0,0.0,2.695259008490943,1.2381271737387023,0.933274220482779,-0.1866548440965558,913.9591652470124,50000.0,50.0,1.0,50000.0,58325700.00000001,50000.0,50.0,1.0,50000.0,58325700.00000001,{},"{""aries_integrated_plant__compressor_capacity__evaluate__supported"": 1.0, ""aries_integrated_plant__divertor_capacity__evaluate__supported"": 1.0, ""aries_integrated_plant__divertor_pump__evaluate__hydraulic_supported"": 0.0, ""aries_integrated_plant__divertor_pump__screen__supported"": 1.0, ""aries_integrated_plant__fuel_capacity__evaluate__supported"": 1.0, ""aries_integrated_plant__fuel_inventory__annual__breeding_supported"": 0.0, ""aries_integrated_plant__fuel_inventory__screen__supported"": 1.0, ""aries_integrated_plant__generator_capacity__evaluate__supported"": 1.0, ""aries_integrated_plant__he_capacity__evaluate__supported"": 1.0, ""aries_integrated_plant__he_pump__evaluate__hydraulic_supported"": 0.0, ""aries_integrated_plant__he_pump__screen__supported"": 1.0, ""aries_integrated_plant__lifecycle_accounts__evaluate__breeding_supported"": 0.0, ""aries_integrated_plant__lifecycle_accounts__evaluate__supply_supported"": 0.0, ""aries_integrated_plant__pbli_capacity__evaluate__supported"": 1.0, ""aries_integrated_plant__pbli_pump__evaluate__hydraulic_supported"": 0.0, ""aries_integrated_plant__pbli_pump__screen__supported"": 1.0, ""aries_integrated_plant__plant_ledger__evaluate__supported_breeding"": 0.0, ""aries_integrated_plant__plant_ledger__evaluate__supported_deposition"": 0.0, ""aries_integrated_plant__plant_ledger__evaluate__supported_hydraulics"": 0.0, ""aries_integrated_plant__plant_ledger__evaluate__supported_machine_map"": 0.0, ""aries_integrated_plant__plant_ledger__evaluate__supported_magnet"": 0.0, ""aries_integrated_plant__plant_ledger__evaluate__supported_materials"": 0.0, ""aries_integrated_plant__rejection_capacity__evaluate__supported"": 1.0, ""aries_integrated_plant__source_lifecycle_accounts__evaluate__breeding_supported"": 0.0, ""aries_integrated_plant__source_lifecycle_accounts__evaluate__supply_supported"": 0.0, ""aries_integrated_plant__turbine_capacity__evaluate__supported"": 1.0}"
baseline__neutron_multiplier=1.25--feed100-service30m,baseline,neutron_multiplier=1.25,feed100-service30m,518.2169876653121,3858643.6901559136,104.66770702324638,100.0,30000000.0,4.667707023246379,0.0,4350208470.0,0.0,100.1756275578298,True,not established,76.05874053971604,18.14108936219803,36.290267239402255,0.01801206986479458,1.2957920972998593,0.0,7.774752583799156,2.695259008490943,1.2381271737387023,0.933274220482779,-0.1866548440965558,144.258659450896,50000.0,50.0,1.0,50000.0,58325700.00000001,50000.0,50.0,1.0,50000.0,58325700.00000001,{},"{""aries_integrated_plant__compressor_capacity__evaluate__supported"": 1.0, ""aries_integrated_plant__divertor_capacity__evaluate__supported"": 1.0, ""aries_integrated_plant__divertor_pump__evaluate__hydraulic_supported"": 0.0, ""aries_integrated_plant__divertor_pump__screen__supported"": 1.0, ""aries_integrated_plant__fuel_capacity__evaluate__supported"": 1.0, ""aries_integrated_plant__fuel_inventory__annual__breeding_supported"": 0.0, ""aries_integrated_plant__fuel_inventory__screen__supported"": 1.0, ""aries_integrated_plant__generator_capacity__evaluate__supported"": 1.0, ""aries_integrated_plant__he_capacity__evaluate__supported"": 1.0, ""aries_integrated_plant__he_pump__evaluate__hydraulic_supported"": 0.0, ""aries_integrated_plant__he_pump__screen__supported"": 1.0, ""aries_integrated_plant__lifecycle_accounts__evaluate__breeding_supported"": 0.0, ""aries_integrated_plant__lifecycle_accounts__evaluate__supply_supported"": 0.0, ""aries_integrated_plant__pbli_capacity__evaluate__supported"": 1.0, ""aries_integrated_plant__pbli_pump__evaluate__hydraulic_supported"": 0.0, ""aries_integrated_plant__pbli_pump__screen__supported"": 1.0, ""aries_integrated_plant__plant_ledger__evaluate__supported_breeding"": 0.0, ""aries_integrated_plant__plant_ledger__evaluate__supported_deposition"": 0.0, ""aries_integrated_plant__plant_ledger__evaluate__supported_hydraulics"": 0.0, ""aries_integrated_plant__plant_ledger__evaluate__supported_machine_map"": 0.0, ""aries_integrated_plant__plant_ledger__evaluate__supported_magnet"": 0.0, ""aries_integrated_plant__plant_ledger__evaluate__supported_materials"": 0.0, ""aries_integrated_plant__rejection_capacity__evaluate__supported"": 1.0, ""aries_integrated_plant__source_lifecycle_accounts__evaluate__breeding_supported"": 0.0, ""aries_integrated_plant__source_lifecycle_accounts__evaluate__supply_supported"": 0.0, ""aries_integrated_plant__turbine_capacity__evaluate__supported"": 1.0}"
baseline__helium_fraction=0.3--no-credit,baseline,helium_fraction=0.3,no-credit,423.10679410931664,3150453.1889379714,104.66770702324638,0.0,0.0,104.66770702324638,0.0,4350208470.0,0.0,122.69411097447015,True,not established,93.15598793699755,22.219025582029754,996.6919114122456,0.022061003786527138,1.587073255859268,0.0,0.0,3.301126391265427,1.5164458317718814,1.143064970682844,-0.2286129941365688,1119.4080833905023,50000.0,50.0,1.0,50000.0,58325700.00000001,50000.0,50.0,1.0,50000.0,58325700.00000001,{},"{""aries_integrated_plant__compressor_capacity__evaluate__supported"": 1.0, ""aries_integrated_plant__divertor_capacity__evaluate__supported"": 1.0, ""aries_integrated_plant__divertor_pump__evaluate__hydraulic_supported"": 0.0, ""aries_integrated_plant__divertor_pump__screen__supported"": 1.0, ""aries_integrated_plant__fuel_capacity__evaluate__supported"": 1.0, ""aries_integrated_plant__fuel_inventory__annual__breeding_supported"": 0.0, ""aries_integrated_plant__fuel_inventory__screen__supported"": 1.0, ""aries_integrated_plant__generator_capacity__evaluate__supported"": 1.0, ""aries_integrated_plant__he_capacity__evaluate__supported"": 1.0, ""aries_integrated_plant__he_pump__evaluate__hydraulic_supported"": 0.0, ""aries_integrated_plant__he_pump__screen__supported"": 1.0, ""aries_integrated_plant__lifecycle_accounts__evaluate__breeding_supported"": 0.0, ""aries_integrated_plant__lifecycle_accounts__evaluate__supply_supported"": 0.0, ""aries_integrated_plant__pbli_capacity__evaluate__supported"": 1.0, ""aries_integrated_plant__pbli_pump__evaluate__hydraulic_supported"": 0.0, ""aries_integrated_plant__pbli_pump__screen__supported"": 1.0, ""aries_integrated_plant__plant_ledger__evaluate__supported_breeding"": 0.0, ""aries_integrated_plant__plant_ledger__evaluate__supported_deposition"": 0.0, ""aries_integrated_plant__plant_ledger__evaluate__supported_hydraulics"": 0.0, ""aries_integrated_plant__plant_ledger__evaluate__supported_machine_map"": 0.0, ""aries_integrated_plant__plant_ledger__evaluate__supported_magnet"": 0.0, ""aries_integrated_plant__plant_ledger__evaluate__supported_materials"": 0.0, ""aries_integrated_plant__rejection_capacity__evaluate__supported"": 1.0, ""aries_integrated_plant__source_lifecycle_accounts__evaluate__breeding_supported"": 0.0, ""aries_integrated_plant__source_lifecycle_accounts__evaluate__supply_supported"": 0.0, ""aries_integrated_plant__turbine_capacity__evaluate__supported"": 1.0}"
baseline__helium_fraction=0.3--feed100-service30m,baseline,helium_fraction=0.3,feed100-service30m,423.10679410931664,3150453.1889379714,104.66770702324638,100.0,30000000.0,4.667707023246379,0.0,4350208470.0,0.0,122.69411097447015,True,not established,93.15598793699755,22.219025582029754,44.44795789668481,0.022061003786527138,1.587073255859268,0.0,9.522439535155609,3.301126391265427,1.5164458317718814,1.143064970682844,-0.2286129941365688,176.6865694100971,50000.0,50.0,1.0,50000.0,58325700.00000001,50000.0,50.0,1.0,50000.0,58325700.00000001,{},"{""aries_integrated_plant__compressor_capacity__evaluate__supported"": 1.0, ""aries_integrated_plant__divertor_capacity__evaluate__supported"": 1.0, ""aries_integrated_plant__divertor_pump__evaluate__hydraulic_supported"": 0.0, ""aries_integrated_plant__divertor_pump__screen__supported"": 1.0, ""aries_integrated_plant__fuel_capacity__evaluate__supported"": 1.0, ""aries_integrated_plant__fuel_inventory__annual__breeding_supported"": 0.0, ""aries_integrated_plant__fuel_inventory__screen__supported"": 1.0, ""aries_integrated_plant__generator_capacity__evaluate__supported"": 1.0, ""aries_integrated_plant__he_capacity__evaluate__supported"": 1.0, ""aries_integrated_plant__he_pump__evaluate__hydraulic_supported"": 0.0, ""aries_integrated_plant__he_pump__screen__supported"": 1.0, ""aries_integrated_plant__lifecycle_accounts__evaluate__breeding_supported"": 0.0, ""aries_integrated_plant__lifecycle_accounts__evaluate__supply_supported"": 0.0, ""aries_integrated_plant__pbli_capacity__evaluate__supported"": 1.0, ""aries_integrated_plant__pbli_pump__evaluate__hydraulic_supported"": 0.0, ""aries_integrated_plant__pbli_pump__screen__supported"": 1.0, ""aries_integrated_plant__plant_ledger__evaluate__supported_breeding"": 0.0, ""aries_integrated_plant__plant_ledger__evaluate__supported_deposition"": 0.0, ""aries_integrated_plant__plant_ledger__evaluate__supported_hydraulics"": 0.0, ""aries_integrated_plant__plant_ledger__evaluate__supported_machine_map"": 0.0, ""aries_integrated_plant__plant_ledger__evaluate__supported_magnet"": 0.0, ""aries_integrated_plant__plant_ledger__evaluate__supported_materials"": 0.0, ""aries_integrated_plant__rejection_capacity__evaluate__supported"": 1.0, ""aries_integrated_plant__source_lifecycle_accounts__evaluate__breeding_supported"": 0.0, ""aries_integrated_plant__source_lifecycle_accounts__evaluate__supply_supported"": 0.0, ""aries_integrated_plant__turbine_capacity__evaluate__supported"": 1.0}"
baseline__helium_fraction=0.46--no-credit,baseline,helium_fraction=0.46,no-credit,423.10679410931664,3150453.1889379714,104.66770702324638,0.0,0.0,104.66770702324638,0.0,4350208470.0,0.0,122.69411097447015,True,not established,93.15598793699755,22.219025582029754,996.6919114122456,0.022061003786527138,1.587073255859268,0.0,0.0,3.301126391265427,1.5164458317718814,1.143064970682844,-0.2286129941365688,1119.4080833905023,50000.0,50.0,1.0,50000.0,58325700.00000001,50000.0,50.0,1.0,50000.0,58325700.00000001,{},"{""aries_integrated_plant__compressor_capacity__evaluate__supported"": 1.0, ""aries_integrated_plant__divertor_capacity__evaluate__supported"": 1.0, ""aries_integrated_plant__divertor_pump__evaluate__hydraulic_supported"": 0.0, ""aries_integrated_plant__divertor_pump__screen__supported"": 1.0, ""aries_integrated_plant__fuel_capacity__evaluate__supported"": 1.0, ""aries_integrated_plant__fuel_inventory__annual__breeding_supported"": 0.0, ""aries_integrated_plant__fuel_inventory__screen__supported"": 1.0, ""aries_integrated_plant__generator_capacity__evaluate__supported"": 1.0, ""aries_integrated_plant__he_capacity__evaluate__supported"": 1.0, ""aries_integrated_plant__he_pump__evaluate__hydraulic_supported"": 0.0, ""aries_integrated_plant__he_pump__screen__supported"": 1.0, ""aries_integrated_plant__lifecycle_accounts__evaluate__breeding_supported"": 0.0, ""aries_integrated_plant__lifecycle_accounts__evaluate__supply_supported"": 0.0, ""aries_integrated_plant__pbli_capacity__evaluate__supported"": 1.0, ""aries_integrated_plant__pbli_pump__evaluate__hydraulic_supported"": 0.0, ""aries_integrated_plant__pbli_pump__screen__supported"": 1.0, ""aries_integrated_plant__plant_ledger__evaluate__supported_breeding"": 0.0, ""aries_integrated_plant__plant_ledger__evaluate__supported_deposition"": 0.0, ""aries_integrated_plant__plant_ledger__evaluate__supported_hydraulics"": 0.0, ""aries_integrated_plant__plant_ledger__evaluate__supported_machine_map"": 0.0, ""aries_integrated_plant__plant_ledger__evaluate__supported_magnet"": 0.0, ""aries_integrated_plant__plant_ledger__evaluate__supported_materials"": 0.0, ""aries_integrated_plant__rejection_capacity__evaluate__supported"": 1.0, ""aries_integrated_plant__source_lifecycle_accounts__evaluate__breeding_supported"": 0.0, ""aries_integrated_plant__source_lifecycle_accounts__evaluate__supply_supported"": 0.0, ""aries_integrated_plant__turbine_capacity__evaluate__supported"": 1.0}"
baseline__helium_fraction=0.46--feed100-service30m,baseline,helium_fraction=0.46,feed100-service30m,423.10679410931664,3150453.1889379714,104.66770702324638,100.0,30000000.0,4.667707023246379,0.0,4350208470.0,0.0,122.69411097447015,True,not established,93.15598793699755,22.219025582029754,44.44795789668481,0.022061003786527138,1.587073255859268,0.0,9.522439535155609,3.301126391265427,1.5164458317718814,1.143064970682844,-0.2286129941365688,176.6865694100971,50000.0,50.0,1.0,50000.0,58325700.00000001,50000.0,50.0,1.0,50000.0,58325700.00000001,{},"{""aries_integrated_plant__compressor_capacity__evaluate__supported"": 1.0, ""aries_integrated_plant__divertor_capacity__evaluate__supported"": 1.0, ""aries_integrated_plant__divertor_pump__evaluate__hydraulic_supported"": 0.0, ""aries_integrated_plant__divertor_pump__screen__supported"": 1.0, ""aries_integrated_plant__fuel_capacity__evaluate__supported"": 1.0, ""aries_integrated_plant__fuel_inventory__annual__breeding_supported"": 0.0, ""aries_integrated_plant__fuel_inventory__screen__supported"": 1.0, ""aries_integrated_plant__generator_capacity__evaluate__supported"": 1.0, ""aries_integrated_plant__he_capacity__evaluate__supported"": 1.0, ""aries_integrated_plant__he_pump__evaluate__hydraulic_supported"": 0.0, ""aries_integrated_plant__he_pump__screen__supported"": 1.0, ""aries_integrated_plant__lifecycle_accounts__evaluate__breeding_supported"": 0.0, ""aries_integrated_plant__lifecycle_accounts__evaluate__supply_supported"": 0.0, ""aries_integrated_plant__pbli_capacity__evaluate__supported"": 1.0, ""aries_integrated_plant__pbli_pump__evaluate__hydraulic_supported"": 0.0, ""aries_integrated_plant__pbli_pump__screen__supported"": 1.0, ""aries_integrated_plant__plant_ledger__evaluate__supported_breeding"": 0.0, ""aries_integrated_plant__plant_ledger__evaluate__supported_deposition"": 0.0, ""aries_integrated_plant__plant_ledger__evaluate__supported_hydraulics"": 0.0, ""aries_integrated_plant__plant_ledger__evaluate__supported_machine_map"": 0.0, ""aries_integrated_plant__plant_ledger__evaluate__supported_magnet"": 0.0, ""aries_integrated_plant__plant_ledger__evaluate__supported_materials"": 0.0, ""aries_integrated_plant__rejection_capacity__evaluate__supported"": 1.0, ""aries_integrated_plant__source_lifecycle_accounts__evaluate__breeding_supported"": 0.0, ""aries_integrated_plant__source_lifecycle_accounts__evaluate__supply_supported"": 0.0, ""aries_integrated_plant__turbine_capacity__evaluate__supported"": 1.0}"
baseline__exchange_fraction=0.02--no-credit,baseline,exchange_fraction=0.02,no-credit,423.10679410931664,3150453.1889379714,104.66770702324638,0.0,0.0,104.66770702324638,0.0,4350208470.0,0.0,122.69411097447015,True,not established,93.15598793699755,22.219025582029754,996.6919114122456,0.022061003786527138,1.587073255859268,0.0,0.0,3.301126391265427,1.5164458317718814,1.143064970682844,-0.2286129941365688,1119.4080833905023,50000.0,50.0,1.0,50000.0,58325700.00000001,50000.0,50.0,1.0,50000.0,58325700.00000001,{},"{""aries_integrated_plant__compressor_capacity__evaluate__supported"": 1.0, ""aries_integrated_plant__divertor_capacity__evaluate__supported"": 1.0, ""aries_integrated_plant__divertor_pump__evaluate__hydraulic_supported"": 0.0, ""aries_integrated_plant__divertor_pump__screen__supported"": 1.0, ""aries_integrated_plant__fuel_capacity__evaluate__supported"": 1.0, ""aries_integrated_plant__fuel_inventory__annual__breeding_supported"": 0.0, ""aries_integrated_plant__fuel_inventory__screen__supported"": 1.0, ""aries_integrated_plant__generator_capacity__evaluate__supported"": 1.0, ""aries_integrated_plant__he_capacity__evaluate__supported"": 1.0, ""aries_integrated_plant__he_pump__evaluate__hydraulic_supported"": 0.0, ""aries_integrated_plant__he_pump__screen__supported"": 1.0, ""aries_integrated_plant__lifecycle_accounts__evaluate__breeding_supported"": 0.0, ""aries_integrated_plant__lifecycle_accounts__evaluate__supply_supported"": 0.0, ""aries_integrated_plant__pbli_capacity__evaluate__supported"": 1.0, ""aries_integrated_plant__pbli_pump__evaluate__hydraulic_supported"": 0.0, ""aries_integrated_plant__pbli_pump__screen__supported"": 1.0, ""aries_integrated_plant__plant_ledger__evaluate__supported_breeding"": 0.0, ""aries_integrated_plant__plant_ledger__evaluate__supported_deposition"": 0.0, ""aries_integrated_plant__plant_ledger__evaluate__supported_hydraulics"": 0.0, ""aries_integrated_plant__plant_ledger__evaluate__supported_machine_map"": 0.0, ""aries_integrated_plant__plant_ledger__evaluate__supported_magnet"": 0.0, ""aries_integrated_plant__plant_ledger__evaluate__supported_materials"": 0.0, ""aries_integrated_plant__rejection_capacity__evaluate__supported"": 1.0, ""aries_integrated_plant__source_lifecycle_accounts__evaluate__breeding_supported"": 0.0, ""aries_integrated_plant__source_lifecycle_accounts__evaluate__supply_supported"": 0.0, ""aries_integrated_plant__turbine_capacity__evaluate__supported"": 1.0}"
baseline__exchange_fraction=0.02--feed100-service30m,baseline,exchange_fraction=0.02,feed100-service30m,423.10679410931664,3150453.1889379714,104.66770702324638,100.0,30000000.0,4.667707023246379,0.0,4350208470.0,0.0,122.69411097447015,True,not established,93.15598793699755,22.219025582029754,44.44795789668481,0.022061003786527138,1.587073255859268,0.0,9.522439535155609,3.301126391265427,1.5164458317718814,1.143064970682844,-0.2286129941365688,176.6865694100971,50000.0,50.0,1.0,50000.0,58325700.00000001,50000.0,50.0,1.0,50000.0,58325700.00000001,{},"{""aries_integrated_plant__compressor_capacity__evaluate__supported"": 1.0, ""aries_integrated_plant__divertor_capacity__evaluate__supported"": 1.0, ""aries_integrated_plant__divertor_pump__evaluate__hydraulic_supported"": 0.0, ""aries_integrated_plant__divertor_pump__screen__supported"": 1.0, ""aries_integrated_plant__fuel_capacity__evaluate__supported"": 1.0, ""aries_integrated_plant__fuel_inventory__annual__breeding_supported"": 0.0, ""aries_integrated_plant__fuel_inventory__screen__supported"": 1.0, ""aries_integrated_plant__generator_capacity__evaluate__supported"": 1.0, ""aries_integrated_plant__he_capacity__evaluate__supported"": 1.0, ""aries_integrated_plant__he_pump__evaluate__hydraulic_supported"": 0.0, ""aries_integrated_plant__he_pump__screen__supported"": 1.0, ""aries_integrated_plant__lifecycle_accounts__evaluate__breeding_supported"": 0.0, ""aries_integrated_plant__lifecycle_accounts__evaluate__supply_supported"": 0.0, ""aries_integrated_plant__pbli_capacity__evaluate__supported"": 1.0, ""aries_integrated_plant__pbli_pump__evaluate__hydraulic_supported"": 0.0, ""aries_integrated_plant__pbli_pump__screen__supported"": 1.0, ""aries_integrated_plant__plant_ledger__evaluate__supported_breeding"": 0.0, ""aries_integrated_plant__plant_ledger__evaluate__supported_deposition"": 0.0, ""aries_integrated_plant__plant_ledger__evaluate__supported_hydraulics"": 0.0, ""aries_integrated_plant__plant_ledger__evaluate__supported_machine_map"": 0.0, ""aries_integrated_plant__plant_ledger__evaluate__supported_magnet"": 0.0, ""aries_integrated_plant__plant_ledger__evaluate__supported_materials"": 0.0, ""aries_integrated_plant__rejection_capacity__evaluate__supported"": 1.0, ""aries_integrated_plant__source_lifecycle_accounts__evaluate__breeding_supported"": 0.0, ""aries_integrated_plant__source_lifecycle_accounts__evaluate__supply_supported"": 0.0, ""aries_integrated_plant__turbine_capacity__evaluate__supported"": 1.0}"
baseline__exchange_fraction=0.06--no-credit,baseline,exchange_fraction=0.06,no-credit,423.10679410931664,3150453.1889379714,104.66770702324638,0.0,0.0,104.66770702324638,0.0,4350208470.0,0.0,122.69411097447015,True,not established,93.15598793699755,22.219025582029754,996.6919114122456,0.022061003786527138,1.587073255859268,0.0,0.0,3.301126391265427,1.5164458317718814,1.143064970682844,-0.2286129941365688,1119.4080833905023,50000.0,50.0,1.0,50000.0,58325700.00000001,50000.0,50.0,1.0,50000.0,58325700.00000001,{},"{""aries_integrated_plant__compressor_capacity__evaluate__supported"": 1.0, ""aries_integrated_plant__divertor_capacity__evaluate__supported"": 1.0, ""aries_integrated_plant__divertor_pump__evaluate__hydraulic_supported"": 0.0, ""aries_integrated_plant__divertor_pump__screen__supported"": 1.0, ""aries_integrated_plant__fuel_capacity__evaluate__supported"": 1.0, ""aries_integrated_plant__fuel_inventory__annual__breeding_supported"": 0.0, ""aries_integrated_plant__fuel_inventory__screen__supported"": 1.0, ""aries_integrated_plant__generator_capacity__evaluate__supported"": 1.0, ""aries_integrated_plant__he_capacity__evaluate__supported"": 1.0, ""aries_integrated_plant__he_pump__evaluate__hydraulic_supported"": 0.0, ""aries_integrated_plant__he_pump__screen__supported"": 1.0, ""aries_integrated_plant__lifecycle_accounts__evaluate__breeding_supported"": 0.0, ""aries_integrated_plant__lifecycle_accounts__evaluate__supply_supported"": 0.0, ""aries_integrated_plant__pbli_capacity__evaluate__supported"": 1.0, ""aries_integrated_plant__pbli_pump__evaluate__hydraulic_supported"": 0.0, ""aries_integrated_plant__pbli_pump__screen__supported"": 1.0, ""aries_integrated_plant__plant_ledger__evaluate__supported_breeding"": 0.0, ""aries_integrated_plant__plant_ledger__evaluate__supported_deposition"": 0.0, ""aries_integrated_plant__plant_ledger__evaluate__supported_hydraulics"": 0.0, ""aries_integrated_plant__plant_ledger__evaluate__supported_machine_map"": 0.0, ""aries_integrated_plant__plant_ledger__evaluate__supported_magnet"": 0.0, ""aries_integrated_plant__plant_ledger__evaluate__supported_materials"": 0.0, ""aries_integrated_plant__rejection_capacity__evaluate__supported"": 1.0, ""aries_integrated_plant__source_lifecycle_accounts__evaluate__breeding_supported"": 0.0, ""aries_integrated_plant__source_lifecycle_accounts__evaluate__supply_supported"": 0.0, ""aries_integrated_plant__turbine_capacity__evaluate__supported"": 1.0}"
baseline__exchange_fraction=0.06--feed100-service30m,baseline,exchange_fraction=0.06,feed100-service30m,423.10679410931664,3150453.1889379714,104.66770702324638,100.0,30000000.0,4.667707023246379,0.0,4350208470.0,0.0,122.69411097447015,True,not established,93.15598793699755,22.219025582029754,44.44795789668481,0.022061003786527138,1.587073255859268,0.0,9.522439535155609,3.301126391265427,1.5164458317718814,1.143064970682844,-0.2286129941365688,176.6865694100971,50000.0,50.0,1.0,50000.0,58325700.00000001,50000.0,50.0,1.0,50000.0,58325700.00000001,{},"{""aries_integrated_plant__compressor_capacity__evaluate__supported"": 1.0, ""aries_integrated_plant__divertor_capacity__evaluate__supported"": 1.0, ""aries_integrated_plant__divertor_pump__evaluate__hydraulic_supported"": 0.0, ""aries_integrated_plant__divertor_pump__screen__supported"": 1.0, ""aries_integrated_plant__fuel_capacity__evaluate__supported"": 1.0, ""aries_integrated_plant__fuel_inventory__annual__breeding_supported"": 0.0, ""aries_integrated_plant__fuel_inventory__screen__supported"": 1.0, ""aries_integrated_plant__generator_capacity__evaluate__supported"": 1.0, ""aries_integrated_plant__he_capacity__evaluate__supported"": 1.0, ""aries_integrated_plant__he_pump__evaluate__hydraulic_supported"": 0.0, ""aries_integrated_plant__he_pump__screen__supported"": 1.0, ""aries_integrated_plant__lifecycle_accounts__evaluate__breeding_supported"": 0.0, ""aries_integrated_plant__lifecycle_accounts__evaluate__supply_supported"": 0.0, ""aries_integrated_plant__pbli_capacity__evaluate__supported"": 1.0, ""aries_integrated_plant__pbli_pump__evaluate__hydraulic_supported"": 0.0, ""aries_integrated_plant__pbli_pump__screen__supported"": 1.0, ""aries_integrated_plant__plant_ledger__evaluate__supported_breeding"": 0.0, ""aries_integrated_plant__plant_ledger__evaluate__supported_deposition"": 0.0, ""aries_integrated_plant__plant_ledger__evaluate__supported_hydraulics"": 0.0, ""aries_integrated_plant__plant_ledger__evaluate__supported_machine_map"": 0.0, ""aries_integrated_plant__plant_ledger__evaluate__supported_magnet"": 0.0, ""aries_integrated_plant__plant_ledger__evaluate__supported_materials"": 0.0, ""aries_integrated_plant__rejection_capacity__evaluate__supported"": 1.0, ""aries_integrated_plant__source_lifecycle_accounts__evaluate__breeding_supported"": 0.0, ""aries_integrated_plant__source_lifecycle_accounts__evaluate__supply_supported"": 0.0, ""aries_integrated_plant__turbine_capacity__evaluate__supported"": 1.0}"
baseline__other_load=2.5--no-credit,baseline,other_load=2.5,no-credit,425.60679410931664,3169068.1889379714,104.66770702324638,0.0,0.0,104.66770702324638,0.0,4350208470.0,0.0,121.97340989149498,True,not established,92.60879279569377,22.08851177274877,990.8373766326844,0.021931418191960355,1.5777508409106262,0.0,0.0,3.2817356858246587,1.5075382799378851,1.1363506454740853,-0.22727012909481706,1112.8327179423713,50000.0,50.0,1.0,50000.0,58325700.00000001,50000.0,50.0,1.0,50000.0,58325700.00000001,{},"{""aries_integrated_plant__compressor_capacity__evaluate__supported"": 1.0, ""aries_integrated_plant__divertor_capacity__evaluate__supported"": 1.0, ""aries_integrated_plant__divertor_pump__evaluate__hydraulic_supported"": 0.0, ""aries_integrated_plant__divertor_pump__screen__supported"": 1.0, ""aries_integrated_plant__fuel_capacity__evaluate__supported"": 1.0, ""aries_integrated_plant__fuel_inventory__annual__breeding_supported"": 0.0, ""aries_integrated_plant__fuel_inventory__screen__supported"": 1.0, ""aries_integrated_plant__generator_capacity__evaluate__supported"": 1.0, ""aries_integrated_plant__he_capacity__evaluate__supported"": 1.0, ""aries_integrated_plant__he_pump__evaluate__hydraulic_supported"": 0.0, ""aries_integrated_plant__he_pump__screen__supported"": 1.0, ""aries_integrated_plant__lifecycle_accounts__evaluate__breeding_supported"": 0.0, ""aries_integrated_plant__lifecycle_accounts__evaluate__supply_supported"": 0.0, ""aries_integrated_plant__pbli_capacity__evaluate__supported"": 1.0, ""aries_integrated_plant__pbli_pump__evaluate__hydraulic_supported"": 0.0, ""aries_integrated_plant__pbli_pump__screen__supported"": 1.0, ""aries_integrated_plant__plant_ledger__evaluate__supported_breeding"": 0.0, ""aries_integrated_plant__plant_ledger__evaluate__supported_deposition"": 0.0, ""aries_integrated_plant__plant_ledger__evaluate__supported_hydraulics"": 0.0, ""aries_integrated_plant__plant_ledger__evaluate__supported_machine_map"": 0.0, ""aries_integrated_plant__plant_ledger__evaluate__supported_magnet"": 0.0, ""aries_integrated_plant__plant_ledger__evaluate__supported_materials"": 0.0, ""aries_integrated_plant__rejection_capacity__evaluate__supported"": 1.0, ""aries_integrated_plant__source_lifecycle_accounts__evaluate__breeding_supported"": 0.0, ""aries_integrated_plant__source_lifecycle_accounts__evaluate__supply_supported"": 0.0, ""aries_integrated_plant__turbine_capacity__evaluate__supported"": 1.0}"
baseline__other_load=2.5--feed100-service30m,baseline,other_load=2.5,feed100-service30m,425.60679410931664,3169068.1889379714,104.66770702324638,100.0,30000000.0,4.667707023246379,0.0,4350208470.0,0.0,121.97340989149498,True,not established,92.60879279569377,22.08851177274877,44.18687208630846,0.021931418191960355,1.5777508409106262,0.0,9.466505045463759,3.2817356858246587,1.5075382799378851,1.1363506454740853,-0.22727012909481706,175.64871844145915,50000.0,50.0,1.0,50000.0,58325700.00000001,50000.0,50.0,1.0,50000.0,58325700.00000001,{},"{""aries_integrated_plant__compressor_capacity__evaluate__supported"": 1.0, ""aries_integrated_plant__divertor_capacity__evaluate__supported"": 1.0, ""aries_integrated_plant__divertor_pump__evaluate__hydraulic_supported"": 0.0, ""aries_integrated_plant__divertor_pump__screen__supported"": 1.0, ""aries_integrated_plant__fuel_capacity__evaluate__supported"": 1.0, ""aries_integrated_plant__fuel_inventory__annual__breeding_supported"": 0.0, ""aries_integrated_plant__fuel_inventory__screen__supported"": 1.0, ""aries_integrated_plant__generator_capacity__evaluate__supported"": 1.0, ""aries_integrated_plant__he_capacity__evaluate__supported"": 1.0, ""aries_integrated_plant__he_pump__evaluate__hydraulic_supported"": 0.0, ""aries_integrated_plant__he_pump__screen__supported"": 1.0, ""aries_integrated_plant__lifecycle_accounts__evaluate__breeding_supported"": 0.0, ""aries_integrated_plant__lifecycle_accounts__evaluate__supply_supported"": 0.0, ""aries_integrated_plant__pbli_capacity__evaluate__supported"": 1.0, ""aries_integrated_plant__pbli_pump__evaluate__hydraulic_supported"": 0.0, ""aries_integrated_plant__pbli_pump__screen__supported"": 1.0, ""aries_integrated_plant__plant_ledger__evaluate__supported_breeding"": 0.0, ""aries_integrated_plant__plant_ledger__evaluate__supported_deposition"": 0.0, ""aries_integrated_plant__plant_ledger__evaluate__supported_hydraulics"": 0.0, ""aries_integrated_plant__plant_ledger__evaluate__supported_machine_map"": 0.0, ""aries_integrated_plant__plant_ledger__evaluate__supported_magnet"": 0.0, ""aries_integrated_plant__plant_ledger__evaluate__supported_materials"": 0.0, ""aries_integrated_plant__rejection_capacity__evaluate__supported"": 1.0, ""aries_integrated_plant__source_lifecycle_accounts__evaluate__breeding_supported"": 0.0, ""aries_integrated_plant__source_lifecycle_accounts__evaluate__supply_supported"": 0.0, ""aries_integrated_plant__turbine_capacity__evaluate__supported"": 1.0}"
baseline__other_load=7.5--no-credit,baseline,other_load=7.5,no-credit,420.60679410931664,3131838.1889379714,104.66770702324638,0.0,0.0,104.66770702324638,0.0,4350208470.0,0.0,123.4233794545139,True,not established,93.70968790833459,22.351090885617403,1002.6160424853234,0.0221921298411671,1.5965064918298144,0.0,0.0,3.3207476054106717,1.5254592729062735,1.1498591130189384,-0.22997182260378768,1126.0616140696784,50000.0,50.0,1.0,50000.0,58325700.00000001,50000.0,50.0,1.0,50000.0,58325700.00000001,{},"{""aries_integrated_plant__compressor_capacity__evaluate__supported"": 1.0, ""aries_integrated_plant__divertor_capacity__evaluate__supported"": 1.0, ""aries_integrated_plant__divertor_pump__evaluate__hydraulic_supported"": 0.0, ""aries_integrated_plant__divertor_pump__screen__supported"": 1.0, ""aries_integrated_plant__fuel_capacity__evaluate__supported"": 1.0, ""aries_integrated_plant__fuel_inventory__annual__breeding_supported"": 0.0, ""aries_integrated_plant__fuel_inventory__screen__supported"": 1.0, ""aries_integrated_plant__generator_capacity__evaluate__supported"": 1.0, ""aries_integrated_plant__he_capacity__evaluate__supported"": 1.0, ""aries_integrated_plant__he_pump__evaluate__hydraulic_supported"": 0.0, ""aries_integrated_plant__he_pump__screen__supported"": 1.0, ""aries_integrated_plant__lifecycle_accounts__evaluate__breeding_supported"": 0.0, ""aries_integrated_plant__lifecycle_accounts__evaluate__supply_supported"": 0.0, ""aries_integrated_plant__pbli_capacity__evaluate__supported"": 1.0, ""aries_integrated_plant__pbli_pump__evaluate__hydraulic_supported"": 0.0, ""aries_integrated_plant__pbli_pump__screen__supported"": 1.0, ""aries_integrated_plant__plant_ledger__evaluate__supported_breeding"": 0.0, ""aries_integrated_plant__plant_ledger__evaluate__supported_deposition"": 0.0, ""aries_integrated_plant__plant_ledger__evaluate__supported_hydraulics"": 0.0, ""aries_integrated_plant__plant_ledger__evaluate__supported_machine_map"": 0.0, ""aries_integrated_plant__plant_ledger__evaluate__supported_magnet"": 0.0, ""aries_integrated_plant__plant_ledger__evaluate__supported_materials"": 0.0, ""aries_integrated_plant__rejection_capacity__evaluate__supported"": 1.0, ""aries_integrated_plant__source_lifecycle_accounts__evaluate__breeding_supported"": 0.0, ""aries_integrated_plant__source_lifecycle_accounts__evaluate__supply_supported"": 0.0, ""aries_integrated_plant__turbine_capacity__evaluate__supported"": 1.0}"
baseline__other_load=7.5--feed100-service30m,baseline,other_load=7.5,feed100-service30m,420.60679410931664,3131838.1889379714,104.66770702324638,100.0,30000000.0,4.667707023246379,0.0,4350208470.0,0.0,123.4233794545139,True,not established,93.70968790833459,22.351090885617403,44.71214738743477,0.0221921298411671,1.5965064918298144,0.0,9.579038950978886,3.3207476054106717,1.5254592729062735,1.1498591130189384,-0.22997182260378768,177.73675792276873,50000.0,50.0,1.0,50000.0,58325700.00000001,50000.0,50.0,1.0,50000.0,58325700.00000001,{},"{""aries_integrated_plant__compressor_capacity__evaluate__supported"": 1.0, ""aries_integrated_plant__divertor_capacity__evaluate__supported"": 1.0, ""aries_integrated_plant__divertor_pump__evaluate__hydraulic_supported"": 0.0, ""aries_integrated_plant__divertor_pump__screen__supported"": 1.0, ""aries_integrated_plant__fuel_capacity__evaluate__supported"": 1.0, ""aries_integrated_plant__fuel_inventory__annual__breeding_supported"": 0.0, ""aries_integrated_plant__fuel_inventory__screen__supported"": 1.0, ""aries_integrated_plant__generator_capacity__evaluate__supported"": 1.0, ""aries_integrated_plant__he_capacity__evaluate__supported"": 1.0, ""aries_integrated_plant__he_pump__evaluate__hydraulic_supported"": 0.0, ""aries_integrated_plant__he_pump__screen__supported"": 1.0, ""aries_integrated_plant__lifecycle_accounts__evaluate__breeding_supported"": 0.0, ""aries_integrated_plant__lifecycle_accounts__evaluate__supply_supported"": 0.0, ""aries_integrated_plant__pbli_capacity__evaluate__supported"": 1.0, ""aries_integrated_plant__pbli_pump__evaluate__hydraulic_supported"": 0.0, ""aries_integrated_plant__pbli_pump__screen__supported"": 1.0, ""aries_integrated_plant__plant_ledger__evaluate__supported_breeding"": 0.0, ""aries_integrated_plant__plant_ledger__evaluate__supported_deposition"": 0.0, ""aries_integrated_plant__plant_ledger__evaluate__supported_hydraulics"": 0.0, ""aries_integrated_plant__plant_ledger__evaluate__supported_machine_map"": 0.0, ""aries_integrated_plant__plant_ledger__evaluate__supported_magnet"": 0.0, ""aries_integrated_plant__plant_ledger__evaluate__supported_materials"": 0.0, ""aries_integrated_plant__rejection_capacity__evaluate__supported"": 1.0, ""aries_integrated_plant__source_lifecycle_accounts__evaluate__breeding_supported"": 0.0, ""aries_integrated_plant__source_lifecycle_accounts__evaluate__supply_supported"": 0.0, ""aries_integrated_plant__turbine_capacity__evaluate__supported"": 1.0}"
baseline__hx_price_factor=0.5--no-credit,baseline,hx_price_factor=0.5,no-credit,423.10679410931664,3150453.1889379714,104.66770702324638,0.0,0.0,104.66770702324638,0.0,4263303177.0,0.0,120.78454586513318,True,not established,91.29498553166472,22.219025582029754,996.6919114122456,0.022061003786527138,1.587073255859268,0.0,0.0,3.301126391265427,1.4861513826121235,1.1202296521273567,-0.22404593042547133,1117.4985182811654,50000.0,50.0,0.5,50000.0,29162850.000000004,50000.0,50.0,0.5,50000.0,29162850.000000004,{},"{""aries_integrated_plant__compressor_capacity__evaluate__supported"": 1.0, ""aries_integrated_plant__divertor_capacity__evaluate__supported"": 1.0, ""aries_integrated_plant__divertor_pump__evaluate__hydraulic_supported"": 0.0, ""aries_integrated_plant__divertor_pump__screen__supported"": 1.0, ""aries_integrated_plant__fuel_capacity__evaluate__supported"": 1.0, ""aries_integrated_plant__fuel_inventory__annual__breeding_supported"": 0.0, ""aries_integrated_plant__fuel_inventory__screen__supported"": 1.0, ""aries_integrated_plant__generator_capacity__evaluate__supported"": 1.0, ""aries_integrated_plant__he_capacity__evaluate__supported"": 1.0, ""aries_integrated_plant__he_pump__evaluate__hydraulic_supported"": 0.0, ""aries_integrated_plant__he_pump__screen__supported"": 1.0, ""aries_integrated_plant__lifecycle_accounts__evaluate__breeding_supported"": 0.0, ""aries_integrated_plant__lifecycle_accounts__evaluate__supply_supported"": 0.0, ""aries_integrated_plant__pbli_capacity__evaluate__supported"": 1.0, ""aries_integrated_plant__pbli_pump__evaluate__hydraulic_supported"": 0.0, ""aries_integrated_plant__pbli_pump__screen__supported"": 1.0, ""aries_integrated_plant__plant_ledger__evaluate__supported_breeding"": 0.0, ""aries_integrated_plant__plant_ledger__evaluate__supported_deposition"": 0.0, ""aries_integrated_plant__plant_ledger__evaluate__supported_hydraulics"": 0.0, ""aries_integrated_plant__plant_ledger__evaluate__supported_machine_map"": 0.0, ""aries_integrated_plant__plant_ledger__evaluate__supported_magnet"": 0.0, ""aries_integrated_plant__plant_ledger__evaluate__supported_materials"": 0.0, ""aries_integrated_plant__rejection_capacity__evaluate__supported"": 1.0, ""aries_integrated_plant__source_lifecycle_accounts__evaluate__breeding_supported"": 0.0, ""aries_integrated_plant__source_lifecycle_accounts__evaluate__supply_supported"": 0.0, ""aries_integrated_plant__turbine_capacity__evaluate__supported"": 1.0}"
baseline__hx_price_factor=0.5--feed100-service30m,baseline,hx_price_factor=0.5,feed100-service30m,423.10679410931664,3150453.1889379714,104.66770702324638,100.0,30000000.0,4.667707023246379,0.0,4263303177.0,0.0,120.78454586513318,True,not established,91.29498553166472,22.219025582029754,44.44795789668481,0.022061003786527138,1.587073255859268,0.0,9.522439535155609,3.301126391265427,1.4861513826121235,1.1202296521273567,-0.22404593042547133,174.77700430076013,50000.0,50.0,0.5,50000.0,29162850.000000004,50000.0,50.0,0.5,50000.0,29162850.000000004,{},"{""aries_integrated_plant__compressor_capacity__evaluate__supported"": 1.0, ""aries_integrated_plant__divertor_capacity__evaluate__supported"": 1.0, ""aries_integrated_plant__divertor_pump__evaluate__hydraulic_supported"": 0.0, ""aries_integrated_plant__divertor_pump__screen__supported"": 1.0, ""aries_integrated_plant__fuel_capacity__evaluate__supported"": 1.0, ""aries_integrated_plant__fuel_inventory__annual__breeding_supported"": 0.0, ""aries_integrated_plant__fuel_inventory__screen__supported"": 1.0, ""aries_integrated_plant__generator_capacity__evaluate__supported"": 1.0, ""aries_integrated_plant__he_capacity__evaluate__supported"": 1.0, ""aries_integrated_plant__he_pump__evaluate__hydraulic_supported"": 0.0, ""aries_integrated_plant__he_pump__screen__supported"": 1.0, ""aries_integrated_plant__lifecycle_accounts__evaluate__breeding_supported"": 0.0, ""aries_integrated_plant__lifecycle_accounts__evaluate__supply_supported"": 0.0, ""aries_integrated_plant__pbli_capacity__evaluate__supported"": 1.0, ""aries_integrated_plant__pbli_pump__evaluate__hydraulic_supported"": 0.0, ""aries_integrated_plant__pbli_pump__screen__supported"": 1.0, ""aries_integrated_plant__plant_ledger__evaluate__supported_breeding"": 0.0, ""aries_integrated_plant__plant_ledger__evaluate__supported_deposition"": 0.0, ""aries_integrated_plant__plant_ledger__evaluate__supported_hydraulics"": 0.0, ""aries_integrated_plant__plant_ledger__evaluate__supported_machine_map"": 0.0, ""aries_integrated_plant__plant_ledger__evaluate__supported_magnet"": 0.0, ""aries_integrated_plant__plant_ledger__evaluate__supported_materials"": 0.0, ""aries_integrated_plant__rejection_capacity__evaluate__supported"": 1.0, ""aries_integrated_plant__source_lifecycle_accounts__evaluate__breeding_supported"": 0.0, ""aries_integrated_plant__source_lifecycle_accounts__evaluate__supply_supported"": 0.0, ""aries_integrated_plant__turbine_capacity__evaluate__supported"": 1.0}"
baseline__hx_price_factor=1.5--no-credit,baseline,hx_price_factor=1.5,no-credit,423.10679410931664,3150453.1889379714,104.66770702324638,0.0,0.0,104.66770702324638,0.0,4437113763.0,0.0,124.60367608380713,True,not established,95.01699034233037,22.219025582029754,996.6919114122456,0.022061003786527138,1.587073255859268,0.0,0.0,3.301126391265427,1.5467402809316395,1.165900289238331,-0.23318005784766624,1121.3176484998394,50000.0,50.0,1.5,50000.0,87488550.00000001,50000.0,50.0,1.5,50000.0,87488550.00000001,{},"{""aries_integrated_plant__compressor_capacity__evaluate__supported"": 1.0, ""aries_integrated_plant__divertor_capacity__evaluate__supported"": 1.0, ""aries_integrated_plant__divertor_pump__evaluate__hydraulic_supported"": 0.0, ""aries_integrated_plant__divertor_pump__screen__supported"": 1.0, ""aries_integrated_plant__fuel_capacity__evaluate__supported"": 1.0, ""aries_integrated_plant__fuel_inventory__annual__breeding_supported"": 0.0, ""aries_integrated_plant__fuel_inventory__screen__supported"": 1.0, ""aries_integrated_plant__generator_capacity__evaluate__supported"": 1.0, ""aries_integrated_plant__he_capacity__evaluate__supported"": 1.0, ""aries_integrated_plant__he_pump__evaluate__hydraulic_supported"": 0.0, ""aries_integrated_plant__he_pump__screen__supported"": 1.0, ""aries_integrated_plant__lifecycle_accounts__evaluate__breeding_supported"": 0.0, ""aries_integrated_plant__lifecycle_accounts__evaluate__supply_supported"": 0.0, ""aries_integrated_plant__pbli_capacity__evaluate__supported"": 1.0, ""aries_integrated_plant__pbli_pump__evaluate__hydraulic_supported"": 0.0, ""aries_integrated_plant__pbli_pump__screen__supported"": 1.0, ""aries_integrated_plant__plant_ledger__evaluate__supported_breeding"": 0.0, ""aries_integrated_plant__plant_ledger__evaluate__supported_deposition"": 0.0, ""aries_integrated_plant__plant_ledger__evaluate__supported_hydraulics"": 0.0, ""aries_integrated_plant__plant_ledger__evaluate__supported_machine_map"": 0.0, ""aries_integrated_plant__plant_ledger__evaluate__supported_magnet"": 0.0, ""aries_integrated_plant__plant_ledger__evaluate__supported_materials"": 0.0, ""aries_integrated_plant__rejection_capacity__evaluate__supported"": 1.0, ""aries_integrated_plant__source_lifecycle_accounts__evaluate__breeding_supported"": 0.0, ""aries_integrated_plant__source_lifecycle_accounts__evaluate__supply_supported"": 0.0, ""aries_integrated_plant__turbine_capacity__evaluate__supported"": 1.0}"
baseline__hx_price_factor=1.5--feed100-service30m,baseline,hx_price_factor=1.5,feed100-service30m,423.10679410931664,3150453.1889379714,104.66770702324638,100.0,30000000.0,4.667707023246379,0.0,4437113763.0,0.0,124.60367608380713,True,not established,95.01699034233037,22.219025582029754,44.44795789668481,0.022061003786527138,1.587073255859268,0.0,9.522439535155609,3.301126391265427,1.5467402809316395,1.165900289238331,-0.23318005784766624,178.59613451943406,50000.0,50.0,1.5,50000.0,87488550.00000001,50000.0,50.0,1.5,50000.0,87488550.00000001,{},"{""aries_integrated_plant__compressor_capacity__evaluate__supported"": 1.0, ""aries_integrated_plant__divertor_capacity__evaluate__supported"": 1.0, ""aries_integrated_plant__divertor_pump__evaluate__hydraulic_supported"": 0.0, ""aries_integrated_plant__divertor_pump__screen__supported"": 1.0, ""aries_integrated_plant__fuel_capacity__evaluate__supported"": 1.0, ""aries_integrated_plant__fuel_inventory__annual__breeding_supported"": 0.0, ""aries_integrated_plant__fuel_inventory__screen__supported"": 1.0, ""aries_integrated_plant__generator_capacity__evaluate__supported"": 1.0, ""aries_integrated_plant__he_capacity__evaluate__supported"": 1.0, ""aries_integrated_plant__he_pump__evaluate__hydraulic_supported"": 0.0, ""aries_integrated_plant__he_pump__screen__supported"": 1.0, ""aries_integrated_plant__lifecycle_accounts__evaluate__breeding_supported"": 0.0, ""aries_integrated_plant__lifecycle_accounts__evaluate__supply_supported"": 0.0, ""aries_integrated_plant__pbli_capacity__evaluate__supported"": 1.0, ""aries_integrated_plant__pbli_pump__evaluate__hydraulic_supported"": 0.0, ""aries_integrated_plant__pbli_pump__screen__supported"": 1.0, ""aries_integrated_plant__plant_ledger__evaluate__supported_breeding"": 0.0, ""aries_integrated_plant__plant_ledger__evaluate__supported_deposition"": 0.0, ""aries_integrated_plant__plant_ledger__evaluate__supported_hydraulics"": 0.0, ""aries_integrated_plant__plant_ledger__evaluate__supported_machine_map"": 0.0, ""aries_integrated_plant__plant_ledger__evaluate__supported_magnet"": 0.0, ""aries_integrated_plant__plant_ledger__evaluate__supported_materials"": 0.0, ""aries_integrated_plant__rejection_capacity__evaluate__supported"": 1.0, ""aries_integrated_plant__source_lifecycle_accounts__evaluate__breeding_supported"": 0.0, ""aries_integrated_plant__source_lifecycle_accounts__evaluate__supply_supported"": 0.0, ""aries_integrated_plant__turbine_capacity__evaluate__supported"": 1.0}"
baseline__availability=0.75--no-credit,baseline,availability=0.75,no-credit,423.10679410931664,2779811.63729821,92.42000259460416,0.0,0.0,92.42000259460416,0.0,4350208470.0,0.0,138.4767825890604,True,not established,105.57678632859721,25.181562326300387,997.4057380855147,0.022061003786527138,1.7986830233071704,0.0,0.0,3.164733394761717,1.7186386093414654,1.2954736334405563,-0.2590947266881113,1135.9045816783616,50000.0,50.0,1.0,50000.0,58325700.00000001,50000.0,50.0,1.0,50000.0,58325700.00000001,{},"{""aries_integrated_plant__compressor_capacity__evaluate__supported"": 1.0, ""aries_integrated_plant__divertor_capacity__evaluate__supported"": 1.0, ""aries_integrated_plant__divertor_pump__evaluate__hydraulic_supported"": 0.0, ""aries_integrated_plant__divertor_pump__screen__supported"": 1.0, ""aries_integrated_plant__fuel_capacity__evaluate__supported"": 1.0, ""aries_integrated_plant__fuel_inventory__annual__breeding_supported"": 0.0, ""aries_integrated_plant__fuel_inventory__screen__supported"": 1.0, ""aries_integrated_plant__generator_capacity__evaluate__supported"": 1.0, ""aries_integrated_plant__he_capacity__evaluate__supported"": 1.0, ""aries_integrated_plant__he_pump__evaluate__hydraulic_supported"": 0.0, ""aries_integrated_plant__he_pump__screen__supported"": 1.0, ""aries_integrated_plant__lifecycle_accounts__evaluate__breeding_supported"": 0.0, ""aries_integrated_plant__lifecycle_accounts__evaluate__supply_supported"": 0.0, ""aries_integrated_plant__pbli_capacity__evaluate__supported"": 1.0, ""aries_integrated_plant__pbli_pump__evaluate__hydraulic_supported"": 0.0, ""aries_integrated_plant__pbli_pump__screen__supported"": 1.0, ""aries_integrated_plant__plant_ledger__evaluate__supported_breeding"": 0.0, ""aries_integrated_plant__plant_ledger__evaluate__supported_deposition"": 0.0, ""aries_integrated_plant__plant_ledger__evaluate__supported_hydraulics"": 0.0, ""aries_integrated_plant__plant_ledger__evaluate__supported_machine_map"": 0.0, ""aries_integrated_plant__plant_ledger__evaluate__supported_magnet"": 0.0, ""aries_integrated_plant__plant_ledger__evaluate__supported_materials"": 0.0, ""aries_integrated_plant__rejection_capacity__evaluate__supported"": 1.0, ""aries_integrated_plant__source_lifecycle_accounts__evaluate__breeding_supported"": 0.0, ""aries_integrated_plant__source_lifecycle_accounts__evaluate__supply_supported"": 0.0, ""aries_integrated_plant__turbine_capacity__evaluate__supported"": 1.0}"
baseline__availability=0.75--feed100-service30m,baseline,availability=0.75,feed100-service30m,423.10679410931664,2779811.63729821,92.42000259460416,100.0,30000000.0,0.0,7.579997405395844,4350208470.0,0.0,138.4767825890604,True,not established,105.57678632859721,25.181562326300387,0.0,0.022061003786527138,1.7986830233071704,0.0,10.792098139843022,3.164733394761717,1.7186386093414654,1.2954736334405563,-0.2590947266881113,149.29094173268993,50000.0,50.0,1.0,50000.0,58325700.00000001,50000.0,50.0,1.0,50000.0,58325700.00000001,{},"{""aries_integrated_plant__compressor_capacity__evaluate__supported"": 1.0, ""aries_integrated_plant__divertor_capacity__evaluate__supported"": 1.0, ""aries_integrated_plant__divertor_pump__evaluate__hydraulic_supported"": 0.0, ""aries_integrated_plant__divertor_pump__screen__supported"": 1.0, ""aries_integrated_plant__fuel_capacity__evaluate__supported"": 1.0, ""aries_integrated_plant__fuel_inventory__annual__breeding_supported"": 0.0, ""aries_integrated_plant__fuel_inventory__screen__supported"": 1.0, ""aries_integrated_plant__generator_capacity__evaluate__supported"": 1.0, ""aries_integrated_plant__he_capacity__evaluate__supported"": 1.0, ""aries_integrated_plant__he_pump__evaluate__hydraulic_supported"": 0.0, ""aries_integrated_plant__he_pump__screen__supported"": 1.0, ""aries_integrated_plant__lifecycle_accounts__evaluate__breeding_supported"": 0.0, ""aries_integrated_plant__lifecycle_accounts__evaluate__supply_supported"": 0.0, ""aries_integrated_plant__pbli_capacity__evaluate__supported"": 1.0, ""aries_integrated_plant__pbli_pump__evaluate__hydraulic_supported"": 0.0, ""aries_integrated_plant__pbli_pump__screen__supported"": 1.0, ""aries_integrated_plant__plant_ledger__evaluate__supported_breeding"": 0.0, ""aries_integrated_plant__plant_ledger__evaluate__supported_deposition"": 0.0, ""aries_integrated_plant__plant_ledger__evaluate__supported_hydraulics"": 0.0, ""aries_integrated_plant__plant_ledger__evaluate__supported_machine_map"": 0.0, ""aries_integrated_plant__plant_ledger__evaluate__supported_magnet"": 0.0, ""aries_integrated_plant__plant_ledger__evaluate__supported_materials"": 0.0, ""aries_integrated_plant__rejection_capacity__evaluate__supported"": 1.0, ""aries_integrated_plant__source_lifecycle_accounts__evaluate__breeding_supported"": 0.0, ""aries_integrated_plant__source_lifecycle_accounts__evaluate__supply_supported"": 0.0, ""aries_integrated_plant__turbine_capacity__evaluate__supported"": 1.0}"
baseline__availability=0.95--no-credit,baseline,availability=0.95,no-credit,423.10679410931664,3521094.7405777327,116.9154114518886,0.0,0.0,116.9154114518886,0.0,4350208470.0,0.0,110.23204777451915,True,not established,83.35009446994516,19.880180783921357,996.128364038612,0.022061003786527134,1.4200129131372399,0.0,0.0,3.406745779020196,1.3568199547432622,1.022742342189913,-0.20454846843798258,1106.3824728169177,50000.0,50.0,1.0,50000.0,58325700.00000001,50000.0,50.0,1.0,50000.0,58325700.00000001,{},"{""aries_integrated_plant__compressor_capacity__evaluate__supported"": 1.0, ""aries_integrated_plant__divertor_capacity__evaluate__supported"": 1.0, ""aries_integrated_plant__divertor_pump__evaluate__hydraulic_supported"": 0.0, ""aries_integrated_plant__divertor_pump__screen__supported"": 1.0, ""aries_integrated_plant__fuel_capacity__evaluate__supported"": 1.0, ""aries_integrated_plant__fuel_inventory__annual__breeding_supported"": 0.0, ""aries_integrated_plant__fuel_inventory__screen__supported"": 1.0, ""aries_integrated_plant__generator_capacity__evaluate__supported"": 1.0, ""aries_integrated_plant__he_capacity__evaluate__supported"": 1.0, ""aries_integrated_plant__he_pump__evaluate__hydraulic_supported"": 0.0, ""aries_integrated_plant__he_pump__screen__supported"": 1.0, ""aries_integrated_plant__lifecycle_accounts__evaluate__breeding_supported"": 0.0, ""aries_integrated_plant__lifecycle_accounts__evaluate__supply_supported"": 0.0, ""aries_integrated_plant__pbli_capacity__evaluate__supported"": 1.0, ""aries_integrated_plant__pbli_pump__evaluate__hydraulic_supported"": 0.0, ""aries_integrated_plant__pbli_pump__screen__supported"": 1.0, ""aries_integrated_plant__plant_ledger__evaluate__supported_breeding"": 0.0, ""aries_integrated_plant__plant_ledger__evaluate__supported_deposition"": 0.0, ""aries_integrated_plant__plant_ledger__evaluate__supported_hydraulics"": 0.0, ""aries_integrated_plant__plant_ledger__evaluate__supported_machine_map"": 0.0, ""aries_integrated_plant__plant_ledger__evaluate__supported_magnet"": 0.0, ""aries_integrated_plant__plant_ledger__evaluate__supported_materials"": 0.0, ""aries_integrated_plant__rejection_capacity__evaluate__supported"": 1.0, ""aries_integrated_plant__source_lifecycle_accounts__evaluate__breeding_supported"": 0.0, ""aries_integrated_plant__source_lifecycle_accounts__evaluate__supply_supported"": 0.0, ""aries_integrated_plant__turbine_capacity__evaluate__supported"": 1.0}"
baseline__availability=0.95--feed100-service30m,baseline,availability=0.95,feed100-service30m,423.10679410931664,3521094.7405777327,116.9154114518886,100.0,30000000.0,16.915411451888602,0.0,4350208470.0,0.0,110.23204777451915,True,not established,83.35009446994516,19.880180783921357,144.12061615626806,0.022061003786527134,1.4200129131372399,0.0,8.520077478823438,3.406745779020196,1.3568199547432622,1.022742342189913,-0.20454846843798258,262.89480241339714,50000.0,50.0,1.0,50000.0,58325700.00000001,50000.0,50.0,1.0,50000.0,58325700.00000001,{},"{""aries_integrated_plant__compressor_capacity__evaluate__supported"": 1.0, ""aries_integrated_plant__divertor_capacity__evaluate__supported"": 1.0, ""aries_integrated_plant__divertor_pump__evaluate__hydraulic_supported"": 0.0, ""aries_integrated_plant__divertor_pump__screen__supported"": 1.0, ""aries_integrated_plant__fuel_capacity__evaluate__supported"": 1.0, ""aries_integrated_plant__fuel_inventory__annual__breeding_supported"": 0.0, ""aries_integrated_plant__fuel_inventory__screen__supported"": 1.0, ""aries_integrated_plant__generator_capacity__evaluate__supported"": 1.0, ""aries_integrated_plant__he_capacity__evaluate__supported"": 1.0, ""aries_integrated_plant__he_pump__evaluate__hydraulic_supported"": 0.0, ""aries_integrated_plant__he_pump__screen__supported"": 1.0, ""aries_integrated_plant__lifecycle_accounts__evaluate__breeding_supported"": 0.0, ""aries_integrated_plant__lifecycle_accounts__evaluate__supply_supported"": 0.0, ""aries_integrated_plant__pbli_capacity__evaluate__supported"": 1.0, ""aries_integrated_plant__pbli_pump__evaluate__hydraulic_supported"": 0.0, ""aries_integrated_plant__pbli_pump__screen__supported"": 1.0, ""aries_integrated_plant__plant_ledger__evaluate__supported_breeding"": 0.0, ""aries_integrated_plant__plant_ledger__evaluate__supported_deposition"": 0.0, ""aries_integrated_plant__plant_ledger__evaluate__supported_hydraulics"": 0.0, ""aries_integrated_plant__plant_ledger__evaluate__supported_machine_map"": 0.0, ""aries_integrated_plant__plant_ledger__evaluate__supported_magnet"": 0.0, ""aries_integrated_plant__plant_ledger__evaluate__supported_materials"": 0.0, ""aries_integrated_plant__rejection_capacity__evaluate__supported"": 1.0, ""aries_integrated_plant__source_lifecycle_accounts__evaluate__breeding_supported"": 0.0, ""aries_integrated_plant__source_lifecycle_accounts__evaluate__supply_supported"": 0.0, ""aries_integrated_plant__turbine_capacity__evaluate__supported"": 1.0}"
baseline__tritium_price=10000000.0--no-credit,baseline,tritium_price=10000000.0,no-credit,423.10679410931664,3150453.1889379714,104.66770702324638,0.0,0.0,104.66770702324638,0.0,4052208470.0,0.0,116.1461737552444,True,not established,86.77457320787187,22.219025582029754,332.2306371374152,0.022061003786527138,1.587073255859268,0.0,0.0,3.301126391265427,1.412565555462268,1.0647622034447746,-0.21295244068895494,448.3988718964462,50000.0,50.0,1.0,50000.0,58325700.00000001,50000.0,50.0,1.0,50000.0,58325700.00000001,{},"{""aries_integrated_plant__compressor_capacity__evaluate__supported"": 1.0, ""aries_integrated_plant__divertor_capacity__evaluate__supported"": 1.0, ""aries_integrated_plant__divertor_pump__evaluate__hydraulic_supported"": 0.0, ""aries_integrated_plant__divertor_pump__screen__supported"": 1.0, ""aries_integrated_plant__fuel_capacity__evaluate__supported"": 1.0, ""aries_integrated_plant__fuel_inventory__annual__breeding_supported"": 0.0, ""aries_integrated_plant__fuel_inventory__screen__supported"": 1.0, ""aries_integrated_plant__generator_capacity__evaluate__supported"": 1.0, ""aries_integrated_plant__he_capacity__evaluate__supported"": 1.0, ""aries_integrated_plant__he_pump__evaluate__hydraulic_supported"": 0.0, ""aries_integrated_plant__he_pump__screen__supported"": 1.0, ""aries_integrated_plant__lifecycle_accounts__evaluate__breeding_supported"": 0.0, ""aries_integrated_plant__lifecycle_accounts__evaluate__supply_supported"": 0.0, ""aries_integrated_plant__pbli_capacity__evaluate__supported"": 1.0, ""aries_integrated_plant__pbli_pump__evaluate__hydraulic_supported"": 0.0, ""aries_integrated_plant__pbli_pump__screen__supported"": 1.0, ""aries_integrated_plant__plant_ledger__evaluate__supported_breeding"": 0.0, ""aries_integrated_plant__plant_ledger__evaluate__supported_deposition"": 0.0, ""aries_integrated_plant__plant_ledger__evaluate__supported_hydraulics"": 0.0, ""aries_integrated_plant__plant_ledger__evaluate__supported_machine_map"": 0.0, ""aries_integrated_plant__plant_ledger__evaluate__supported_magnet"": 0.0, ""aries_integrated_plant__plant_ledger__evaluate__supported_materials"": 0.0, ""aries_integrated_plant__rejection_capacity__evaluate__supported"": 1.0, ""aries_integrated_plant__source_lifecycle_accounts__evaluate__breeding_supported"": 0.0, ""aries_integrated_plant__source_lifecycle_accounts__evaluate__supply_supported"": 0.0, ""aries_integrated_plant__turbine_capacity__evaluate__supported"": 1.0}"
baseline__tritium_price=10000000.0--feed100-service30m,baseline,tritium_price=10000000.0,feed100-service30m,423.10679410931664,3150453.1889379714,104.66770702324638,100.0,30000000.0,4.667707023246379,0.0,4052208470.0,0.0,116.1461737552444,True,not established,86.77457320787187,22.219025582029754,14.815985965561607,0.022061003786527138,1.587073255859268,0.0,9.522439535155609,3.301126391265427,1.412565555462268,1.0647622034447746,-0.21295244068895494,140.50666025974814,50000.0,50.0,1.0,50000.0,58325700.00000001,50000.0,50.0,1.0,50000.0,58325700.00000001,{},"{""aries_integrated_plant__compressor_capacity__evaluate__supported"": 1.0, ""aries_integrated_plant__divertor_capacity__evaluate__supported"": 1.0, ""aries_integrated_plant__divertor_pump__evaluate__hydraulic_supported"": 0.0, ""aries_integrated_plant__divertor_pump__screen__supported"": 1.0, ""aries_integrated_plant__fuel_capacity__evaluate__supported"": 1.0, ""aries_integrated_plant__fuel_inventory__annual__breeding_supported"": 0.0, ""aries_integrated_plant__fuel_inventory__screen__supported"": 1.0, ""aries_integrated_plant__generator_capacity__evaluate__supported"": 1.0, ""aries_integrated_plant__he_capacity__evaluate__supported"": 1.0, ""aries_integrated_plant__he_pump__evaluate__hydraulic_supported"": 0.0, ""aries_integrated_plant__he_pump__screen__supported"": 1.0, ""aries_integrated_plant__lifecycle_accounts__evaluate__breeding_supported"": 0.0, ""aries_integrated_plant__lifecycle_accounts__evaluate__supply_supported"": 0.0, ""aries_integrated_plant__pbli_capacity__evaluate__supported"": 1.0, ""aries_integrated_plant__pbli_pump__evaluate__hydraulic_supported"": 0.0, ""aries_integrated_plant__pbli_pump__screen__supported"": 1.0, ""aries_integrated_plant__plant_ledger__evaluate__supported_breeding"": 0.0, ""aries_integrated_plant__plant_ledger__evaluate__supported_deposition"": 0.0, ""aries_integrated_plant__plant_ledger__evaluate__supported_hydraulics"": 0.0, ""aries_integrated_plant__plant_ledger__evaluate__supported_machine_map"": 0.0, ""aries_integrated_plant__plant_ledger__evaluate__supported_magnet"": 0.0, ""aries_integrated_plant__plant_ledger__evaluate__supported_materials"": 0.0, ""aries_integrated_plant__rejection_capacity__evaluate__supported"": 1.0, ""aries_integrated_plant__source_lifecycle_accounts__evaluate__breeding_supported"": 0.0, ""aries_integrated_plant__source_lifecycle_accounts__evaluate__supply_supported"": 0.0, ""aries_integrated_plant__turbine_capacity__evaluate__supported"": 1.0}"
baseline__tritium_price=100000000.0--no-credit,baseline,tritium_price=100000000.0,no-credit,423.10679410931664,3150453.1889379714,104.66770702324638,0.0,0.0,104.66770702324638,0.0,5393208470.0,0.0,145.61189124176025,True,not established,115.4909394889374,22.219025582029754,3322.306371374152,0.022061003786527138,1.587073255859268,0.0,0.0,3.301126391265427,1.8800267988555284,1.4171246560160862,-0.28342493120321727,3467.9403236196995,50000.0,50.0,1.0,50000.0,58325700.00000001,50000.0,50.0,1.0,50000.0,58325700.00000001,{},"{""aries_integrated_plant__compressor_capacity__evaluate__supported"": 1.0, ""aries_integrated_plant__divertor_capacity__evaluate__supported"": 1.0, ""aries_integrated_plant__divertor_pump__evaluate__hydraulic_supported"": 0.0, ""aries_integrated_plant__divertor_pump__screen__supported"": 1.0, ""aries_integrated_plant__fuel_capacity__evaluate__supported"": 1.0, ""aries_integrated_plant__fuel_inventory__annual__breeding_supported"": 0.0, ""aries_integrated_plant__fuel_inventory__screen__supported"": 1.0, ""aries_integrated_plant__generator_capacity__evaluate__supported"": 1.0, ""aries_integrated_plant__he_capacity__evaluate__supported"": 1.0, ""aries_integrated_plant__he_pump__evaluate__hydraulic_supported"": 0.0, ""aries_integrated_plant__he_pump__screen__supported"": 1.0, ""aries_integrated_plant__lifecycle_accounts__evaluate__breeding_supported"": 0.0, ""aries_integrated_plant__lifecycle_accounts__evaluate__supply_supported"": 0.0, ""aries_integrated_plant__pbli_capacity__evaluate__supported"": 1.0, ""aries_integrated_plant__pbli_pump__evaluate__hydraulic_supported"": 0.0, ""aries_integrated_plant__pbli_pump__screen__supported"": 1.0, ""aries_integrated_plant__plant_ledger__evaluate__supported_breeding"": 0.0, ""aries_integrated_plant__plant_ledger__evaluate__supported_deposition"": 0.0, ""aries_integrated_plant__plant_ledger__evaluate__supported_hydraulics"": 0.0, ""aries_integrated_plant__plant_ledger__evaluate__supported_machine_map"": 0.0, ""aries_integrated_plant__plant_ledger__evaluate__supported_magnet"": 0.0, ""aries_integrated_plant__plant_ledger__evaluate__supported_materials"": 0.0, ""aries_integrated_plant__rejection_capacity__evaluate__supported"": 1.0, ""aries_integrated_plant__source_lifecycle_accounts__evaluate__breeding_supported"": 0.0, ""aries_integrated_plant__source_lifecycle_accounts__evaluate__supply_supported"": 0.0, ""aries_integrated_plant__turbine_capacity__evaluate__supported"": 1.0}"
baseline__tritium_price=100000000.0--feed100-service30m,baseline,tritium_price=100000000.0,feed100-service30m,423.10679410931664,3150453.1889379714,104.66770702324638,100.0,30000000.0,4.667707023246379,0.0,5393208470.0,0.0,145.61189124176025,True,not established,115.4909394889374,22.219025582029754,148.15985965561606,0.022061003786527138,1.587073255859268,0.0,9.522439535155609,3.301126391265427,1.8800267988555284,1.4171246560160862,-0.28342493120321727,303.31625143631845,50000.0,50.0,1.0,50000.0,58325700.00000001,50000.0,50.0,1.0,50000.0,58325700.00000001,{},"{""aries_integrated_plant__compressor_capacity__evaluate__supported"": 1.0, ""aries_integrated_plant__divertor_capacity__evaluate__supported"": 1.0, ""aries_integrated_plant__divertor_pump__evaluate__hydraulic_supported"": 0.0, ""aries_integrated_plant__divertor_pump__screen__supported"": 1.0, ""aries_integrated_plant__fuel_capacity__evaluate__supported"": 1.0, ""aries_integrated_plant__fuel_inventory__annual__breeding_supported"": 0.0, ""aries_integrated_plant__fuel_inventory__screen__supported"": 1.0, ""aries_integrated_plant__generator_capacity__evaluate__supported"": 1.0, ""aries_integrated_plant__he_capacity__evaluate__supported"": 1.0, ""aries_integrated_plant__he_pump__evaluate__hydraulic_supported"": 0.0, ""aries_integrated_plant__he_pump__screen__supported"": 1.0, ""aries_integrated_plant__lifecycle_accounts__evaluate__breeding_supported"": 0.0, ""aries_integrated_plant__lifecycle_accounts__evaluate__supply_supported"": 0.0, ""aries_integrated_plant__pbli_capacity__evaluate__supported"": 1.0, ""aries_integrated_plant__pbli_pump__evaluate__hydraulic_supported"": 0.0, ""aries_integrated_plant__pbli_pump__screen__supported"": 1.0, ""aries_integrated_plant__plant_ledger__evaluate__supported_breeding"": 0.0, ""aries_integrated_plant__plant_ledger__evaluate__supported_deposition"": 0.0, ""aries_integrated_plant__plant_ledger__evaluate__supported_hydraulics"": 0.0, ""aries_integrated_plant__plant_ledger__evaluate__supported_machine_map"": 0.0, ""aries_integrated_plant__plant_ledger__evaluate__supported_magnet"": 0.0, ""aries_integrated_plant__plant_ledger__evaluate__supported_materials"": 0.0, ""aries_integrated_plant__rejection_capacity__evaluate__supported"": 1.0, ""aries_integrated_plant__source_lifecycle_accounts__evaluate__breeding_supported"": 0.0, ""aries_integrated_plant__source_lifecycle_accounts__evaluate__supply_supported"": 0.0, ""aries_integrated_plant__turbine_capacity__evaluate__supported"": 1.0}"
baseline__discount=0.03--no-credit,baseline,discount=0.03,no-credit,423.10679410931664,3150453.1889379714,104.66770702324638,0.0,0.0,104.66770702324638,0.0,4350208470.0,0.0,95.58464615147676,True,not established,65.27683651625871,22.219025582029754,996.6919114122456,0.022061003786527138,1.587073255859268,0.0,0.0,3.382912646736539,1.6537617213191231,1.8312955365917132,-0.36625910731834266,1092.2986185675088,50000.0,50.0,1.0,50000.0,58325700.00000001,50000.0,50.0,1.0,50000.0,58325700.00000001,{},"{""aries_integrated_plant__compressor_capacity__evaluate__supported"": 1.0, ""aries_integrated_plant__divertor_capacity__evaluate__supported"": 1.0, ""aries_integrated_plant__divertor_pump__evaluate__hydraulic_supported"": 0.0, ""aries_integrated_plant__divertor_pump__screen__supported"": 1.0, ""aries_integrated_plant__fuel_capacity__evaluate__supported"": 1.0, ""aries_integrated_plant__fuel_inventory__annual__breeding_supported"": 0.0, ""aries_integrated_plant__fuel_inventory__screen__supported"": 1.0, ""aries_integrated_plant__generator_capacity__evaluate__supported"": 1.0, ""aries_integrated_plant__he_capacity__evaluate__supported"": 1.0, ""aries_integrated_plant__he_pump__evaluate__hydraulic_supported"": 0.0, ""aries_integrated_plant__he_pump__screen__supported"": 1.0, ""aries_integrated_plant__lifecycle_accounts__evaluate__breeding_supported"": 0.0, ""aries_integrated_plant__lifecycle_accounts__evaluate__supply_supported"": 0.0, ""aries_integrated_plant__pbli_capacity__evaluate__supported"": 1.0, ""aries_integrated_plant__pbli_pump__evaluate__hydraulic_supported"": 0.0, ""aries_integrated_plant__pbli_pump__screen__supported"": 1.0, ""aries_integrated_plant__plant_ledger__evaluate__supported_breeding"": 0.0, ""aries_integrated_plant__plant_ledger__evaluate__supported_deposition"": 0.0, ""aries_integrated_plant__plant_ledger__evaluate__supported_hydraulics"": 0.0, ""aries_integrated_plant__plant_ledger__evaluate__supported_machine_map"": 0.0, ""aries_integrated_plant__plant_ledger__evaluate__supported_magnet"": 0.0, ""aries_integrated_plant__plant_ledger__evaluate__supported_materials"": 0.0, ""aries_integrated_plant__rejection_capacity__evaluate__supported"": 1.0, ""aries_integrated_plant__source_lifecycle_accounts__evaluate__breeding_supported"": 0.0, ""aries_integrated_plant__source_lifecycle_accounts__evaluate__supply_supported"": 0.0, ""aries_integrated_plant__turbine_capacity__evaluate__supported"": 1.0}"
baseline__discount=0.03--feed100-service30m,baseline,discount=0.03,feed100-service30m,423.10679410931664,3150453.1889379714,104.66770702324638,100.0,30000000.0,4.667707023246379,0.0,4350208470.0,0.0,95.58464615147676,True,not established,65.27683651625871,22.219025582029754,44.44795789668481,0.022061003786527138,1.587073255859268,0.0,9.522439535155609,3.382912646736539,1.6537617213191231,1.8312955365917132,-0.36625910731834266,149.57710458710372,50000.0,50.0,1.0,50000.0,58325700.00000001,50000.0,50.0,1.0,50000.0,58325700.00000001,{},"{""aries_integrated_plant__compressor_capacity__evaluate__supported"": 1.0, ""aries_integrated_plant__divertor_capacity__evaluate__supported"": 1.0, ""aries_integrated_plant__divertor_pump__evaluate__hydraulic_supported"": 0.0, ""aries_integrated_plant__divertor_pump__screen__supported"": 1.0, ""aries_integrated_plant__fuel_capacity__evaluate__supported"": 1.0, ""aries_integrated_plant__fuel_inventory__annual__breeding_supported"": 0.0, ""aries_integrated_plant__fuel_inventory__screen__supported"": 1.0, ""aries_integrated_plant__generator_capacity__evaluate__supported"": 1.0, ""aries_integrated_plant__he_capacity__evaluate__supported"": 1.0, ""aries_integrated_plant__he_pump__evaluate__hydraulic_supported"": 0.0, ""aries_integrated_plant__he_pump__screen__supported"": 1.0, ""aries_integrated_plant__lifecycle_accounts__evaluate__breeding_supported"": 0.0, ""aries_integrated_plant__lifecycle_accounts__evaluate__supply_supported"": 0.0, ""aries_integrated_plant__pbli_capacity__evaluate__supported"": 1.0, ""aries_integrated_plant__pbli_pump__evaluate__hydraulic_supported"": 0.0, ""aries_integrated_plant__pbli_pump__screen__supported"": 1.0, ""aries_integrated_plant__plant_ledger__evaluate__supported_breeding"": 0.0, ""aries_integrated_plant__plant_ledger__evaluate__supported_deposition"": 0.0, ""aries_integrated_plant__plant_ledger__evaluate__supported_hydraulics"": 0.0, ""aries_integrated_plant__plant_ledger__evaluate__supported_machine_map"": 0.0, ""aries_integrated_plant__plant_ledger__evaluate__supported_magnet"": 0.0, ""aries_integrated_plant__plant_ledger__evaluate__supported_materials"": 0.0, ""aries_integrated_plant__rejection_capacity__evaluate__supported"": 1.0, ""aries_integrated_plant__source_lifecycle_accounts__evaluate__breeding_supported"": 0.0, ""aries_integrated_plant__source_lifecycle_accounts__evaluate__supply_supported"": 0.0, ""aries_integrated_plant__turbine_capacity__evaluate__supported"": 1.0}"
baseline__discount=0.08--no-credit,baseline,discount=0.08,no-credit,423.10679410931664,3150453.1889379714,104.66770702324638,0.0,0.0,104.66770702324638,0.0,4350208470.0,0.0,174.47998977157533,True,not established,145.86933381082898,22.219025582029754,996.6919114122456,0.022061003786527138,1.587073255859268,0.0,0.0,3.135953243372784,1.242188852862294,0.5330187832778136,-0.10660375665556272,1171.1939621876072,50000.0,50.0,1.0,50000.0,58325700.00000001,50000.0,50.0,1.0,50000.0,58325700.00000001,{},"{""aries_integrated_plant__compressor_capacity__evaluate__supported"": 1.0, ""aries_integrated_plant__divertor_capacity__evaluate__supported"": 1.0, ""aries_integrated_plant__divertor_pump__evaluate__hydraulic_supported"": 0.0, ""aries_integrated_plant__divertor_pump__screen__supported"": 1.0, ""aries_integrated_plant__fuel_capacity__evaluate__supported"": 1.0, ""aries_integrated_plant__fuel_inventory__annual__breeding_supported"": 0.0, ""aries_integrated_plant__fuel_inventory__screen__supported"": 1.0, ""aries_integrated_plant__generator_capacity__evaluate__supported"": 1.0, ""aries_integrated_plant__he_capacity__evaluate__supported"": 1.0, ""aries_integrated_plant__he_pump__evaluate__hydraulic_supported"": 0.0, ""aries_integrated_plant__he_pump__screen__supported"": 1.0, ""aries_integrated_plant__lifecycle_accounts__evaluate__breeding_supported"": 0.0, ""aries_integrated_plant__lifecycle_accounts__evaluate__supply_supported"": 0.0, ""aries_integrated_plant__pbli_capacity__evaluate__supported"": 1.0, ""aries_integrated_plant__pbli_pump__evaluate__hydraulic_supported"": 0.0, ""aries_integrated_plant__pbli_pump__screen__supported"": 1.0, ""aries_integrated_plant__plant_ledger__evaluate__supported_breeding"": 0.0, ""aries_integrated_plant__plant_ledger__evaluate__supported_deposition"": 0.0, ""aries_integrated_plant__plant_ledger__evaluate__supported_hydraulics"": 0.0, ""aries_integrated_plant__plant_ledger__evaluate__supported_machine_map"": 0.0, ""aries_integrated_plant__plant_ledger__evaluate__supported_magnet"": 0.0, ""aries_integrated_plant__plant_ledger__evaluate__supported_materials"": 0.0, ""aries_integrated_plant__rejection_capacity__evaluate__supported"": 1.0, ""aries_integrated_plant__source_lifecycle_accounts__evaluate__breeding_supported"": 0.0, ""aries_integrated_plant__source_lifecycle_accounts__evaluate__supply_supported"": 0.0, ""aries_integrated_plant__turbine_capacity__evaluate__supported"": 1.0}"
baseline__discount=0.08--feed100-service30m,baseline,discount=0.08,feed100-service30m,423.10679410931664,3150453.1889379714,104.66770702324638,100.0,30000000.0,4.667707023246379,0.0,4350208470.0,0.0,174.47998977157533,True,not established,145.86933381082898,22.219025582029754,44.44795789668481,0.022061003786527138,1.587073255859268,0.0,9.522439535155609,3.135953243372784,1.242188852862294,0.5330187832778136,-0.10660375665556272,228.47244820720226,50000.0,50.0,1.0,50000.0,58325700.00000001,50000.0,50.0,1.0,50000.0,58325700.00000001,{},"{""aries_integrated_plant__compressor_capacity__evaluate__supported"": 1.0, ""aries_integrated_plant__divertor_capacity__evaluate__supported"": 1.0, ""aries_integrated_plant__divertor_pump__evaluate__hydraulic_supported"": 0.0, ""aries_integrated_plant__divertor_pump__screen__supported"": 1.0, ""aries_integrated_plant__fuel_capacity__evaluate__supported"": 1.0, ""aries_integrated_plant__fuel_inventory__annual__breeding_supported"": 0.0, ""aries_integrated_plant__fuel_inventory__screen__supported"": 1.0, ""aries_integrated_plant__generator_capacity__evaluate__supported"": 1.0, ""aries_integrated_plant__he_capacity__evaluate__supported"": 1.0, ""aries_integrated_plant__he_pump__evaluate__hydraulic_supported"": 0.0, ""aries_integrated_plant__he_pump__screen__supported"": 1.0, ""aries_integrated_plant__lifecycle_accounts__evaluate__breeding_supported"": 0.0, ""aries_integrated_plant__lifecycle_accounts__evaluate__supply_supported"": 0.0, ""aries_integrated_plant__pbli_capacity__evaluate__supported"": 1.0, ""aries_integrated_plant__pbli_pump__evaluate__hydraulic_supported"": 0.0, ""aries_integrated_plant__pbli_pump__screen__supported"": 1.0, ""aries_integrated_plant__plant_ledger__evaluate__supported_breeding"": 0.0, ""aries_integrated_plant__plant_ledger__evaluate__supported_deposition"": 0.0, ""aries_integrated_plant__plant_ledger__evaluate__supported_hydraulics"": 0.0, ""aries_integrated_plant__plant_ledger__evaluate__supported_machine_map"": 0.0, ""aries_integrated_plant__plant_ledger__evaluate__supported_magnet"": 0.0, ""aries_integrated_plant__plant_ledger__evaluate__supported_materials"": 0.0, ""aries_integrated_plant__rejection_capacity__evaluate__supported"": 1.0, ""aries_integrated_plant__source_lifecycle_accounts__evaluate__breeding_supported"": 0.0, ""aries_integrated_plant__source_lifecycle_accounts__evaluate__supply_supported"": 0.0, ""aries_integrated_plant__turbine_capacity__evaluate__supported"": 1.0}"
area45k__default--no-credit,area45k,default,no-credit,423.10679410931664,3150453.1889379714,104.66770702324638,0.0,0.0,104.66770702324638,0.0,4332827411.4,0.0,122.31219795260274,True,not established,92.78378745593096,22.219025582029754,996.6919114122456,0.022061003786527138,1.587073255859268,0.0,0.0,3.301126391265427,1.5103869419399298,1.1384979069717462,-0.2276995813943493,1119.026170368635,45000.0,45.0,1.0,45000.0,52493130.00000001,45000.0,45.0,1.0,45000.0,52493130.00000001,{},"{""aries_integrated_plant__compressor_capacity__evaluate__supported"": 1.0, ""aries_integrated_plant__divertor_capacity__evaluate__supported"": 1.0, ""aries_integrated_plant__divertor_pump__evaluate__hydraulic_supported"": 0.0, ""aries_integrated_plant__divertor_pump__screen__supported"": 1.0, ""aries_integrated_plant__fuel_capacity__evaluate__supported"": 1.0, ""aries_integrated_plant__fuel_inventory__annual__breeding_supported"": 0.0, ""aries_integrated_plant__fuel_inventory__screen__supported"": 1.0, ""aries_integrated_plant__generator_capacity__evaluate__supported"": 1.0, ""aries_integrated_plant__he_capacity__evaluate__supported"": 1.0, ""aries_integrated_plant__he_pump__evaluate__hydraulic_supported"": 0.0, ""aries_integrated_plant__he_pump__screen__supported"": 1.0, ""aries_integrated_plant__lifecycle_accounts__evaluate__breeding_supported"": 0.0, ""aries_integrated_plant__lifecycle_accounts__evaluate__supply_supported"": 0.0, ""aries_integrated_plant__pbli_capacity__evaluate__supported"": 1.0, ""aries_integrated_plant__pbli_pump__evaluate__hydraulic_supported"": 0.0, ""aries_integrated_plant__pbli_pump__screen__supported"": 1.0, ""aries_integrated_plant__plant_ledger__evaluate__supported_breeding"": 0.0, ""aries_integrated_plant__plant_ledger__evaluate__supported_deposition"": 0.0, ""aries_integrated_plant__plant_ledger__evaluate__supported_hydraulics"": 0.0, ""aries_integrated_plant__plant_ledger__evaluate__supported_machine_map"": 0.0, ""aries_integrated_plant__plant_ledger__evaluate__supported_magnet"": 0.0, ""aries_integrated_plant__plant_ledger__evaluate__supported_materials"": 0.0, ""aries_integrated_plant__rejection_capacity__evaluate__supported"": 1.0, ""aries_integrated_plant__source_lifecycle_accounts__evaluate__breeding_supported"": 0.0, ""aries_integrated_plant__source_lifecycle_accounts__evaluate__supply_supported"": 0.0, ""aries_integrated_plant__turbine_capacity__evaluate__supported"": 1.0}"
area45k__default--feed100-service30m,area45k,default,feed100-service30m,423.10679410931664,3150453.1889379714,104.66770702324638,100.0,30000000.0,4.667707023246379,0.0,4332827411.4,0.0,122.31219795260274,True,not established,92.78378745593096,22.219025582029754,44.44795789668481,0.022061003786527138,1.587073255859268,0.0,9.522439535155609,3.301126391265427,1.5103869419399298,1.1384979069717462,-0.2276995813943493,176.3046563882297,45000.0,45.0,1.0,45000.0,52493130.00000001,45000.0,45.0,1.0,45000.0,52493130.00000001,{},"{""aries_integrated_plant__compressor_capacity__evaluate__supported"": 1.0, ""aries_integrated_plant__divertor_capacity__evaluate__supported"": 1.0, ""aries_integrated_plant__divertor_pump__evaluate__hydraulic_supported"": 0.0, ""aries_integrated_plant__divertor_pump__screen__supported"": 1.0, ""aries_integrated_plant__fuel_capacity__evaluate__supported"": 1.0, ""aries_integrated_plant__fuel_inventory__annual__breeding_supported"": 0.0, ""aries_integrated_plant__fuel_inventory__screen__supported"": 1.0, ""aries_integrated_plant__generator_capacity__evaluate__supported"": 1.0, ""aries_integrated_plant__he_capacity__evaluate__supported"": 1.0, ""aries_integrated_plant__he_pump__evaluate__hydraulic_supported"": 0.0, ""aries_integrated_plant__he_pump__screen__supported"": 1.0, ""aries_integrated_plant__lifecycle_accounts__evaluate__breeding_supported"": 0.0, ""aries_integrated_plant__lifecycle_accounts__evaluate__supply_supported"": 0.0, ""aries_integrated_plant__pbli_capacity__evaluate__supported"": 1.0, ""aries_integrated_plant__pbli_pump__evaluate__hydraulic_supported"": 0.0, ""aries_integrated_plant__pbli_pump__screen__supported"": 1.0, ""aries_integrated_plant__plant_ledger__evaluate__supported_breeding"": 0.0, ""aries_integrated_plant__plant_ledger__evaluate__supported_deposition"": 0.0, ""aries_integrated_plant__plant_ledger__evaluate__supported_hydraulics"": 0.0, ""aries_integrated_plant__plant_ledger__evaluate__supported_machine_map"": 0.0, ""aries_integrated_plant__plant_ledger__evaluate__supported_magnet"": 0.0, ""aries_integrated_plant__plant_ledger__evaluate__supported_materials"": 0.0, ""aries_integrated_plant__rejection_capacity__evaluate__supported"": 1.0, ""aries_integrated_plant__source_lifecycle_accounts__evaluate__breeding_supported"": 0.0, ""aries_integrated_plant__source_lifecycle_accounts__evaluate__supply_supported"": 0.0, ""aries_integrated_plant__turbine_capacity__evaluate__supported"": 1.0}"
area45k__he_u=500--no-credit,area45k,he_u=500,no-credit,423.10679410931664,3150453.1889379714,104.66770702324638,0.0,0.0,104.66770702324638,0.0,4332827411.4,0.0,122.31219795260274,True,not established,92.78378745593096,22.219025582029754,996.6919114122456,0.022061003786527138,1.587073255859268,0.0,0.0,3.301126391265427,1.5103869419399298,1.1384979069717462,-0.2276995813943493,1119.026170368635,45000.0,22.5,1.0,45000.0,52493130.00000001,45000.0,45.0,1.0,45000.0,52493130.00000001,{},"{""aries_integrated_plant__compressor_capacity__evaluate__supported"": 1.0, ""aries_integrated_plant__divertor_capacity__evaluate__supported"": 1.0, ""aries_integrated_plant__divertor_pump__evaluate__hydraulic_supported"": 0.0, ""aries_integrated_plant__divertor_pump__screen__supported"": 1.0, ""aries_integrated_plant__fuel_capacity__evaluate__supported"": 1.0, ""aries_integrated_plant__fuel_inventory__annual__breeding_supported"": 0.0, ""aries_integrated_plant__fuel_inventory__screen__supported"": 1.0, ""aries_integrated_plant__generator_capacity__evaluate__supported"": 1.0, ""aries_integrated_plant__he_capacity__evaluate__supported"": 1.0, ""aries_integrated_plant__he_pump__evaluate__hydraulic_supported"": 0.0, ""aries_integrated_plant__he_pump__screen__supported"": 1.0, ""aries_integrated_plant__lifecycle_accounts__evaluate__breeding_supported"": 0.0, ""aries_integrated_plant__lifecycle_accounts__evaluate__supply_supported"": 0.0, ""aries_integrated_plant__pbli_capacity__evaluate__supported"": 1.0, ""aries_integrated_plant__pbli_pump__evaluate__hydraulic_supported"": 0.0, ""aries_integrated_plant__pbli_pump__screen__supported"": 1.0, ""aries_integrated_plant__plant_ledger__evaluate__supported_breeding"": 0.0, ""aries_integrated_plant__plant_ledger__evaluate__supported_deposition"": 0.0, ""aries_integrated_plant__plant_ledger__evaluate__supported_hydraulics"": 0.0, ""aries_integrated_plant__plant_ledger__evaluate__supported_machine_map"": 0.0, ""aries_integrated_plant__plant_ledger__evaluate__supported_magnet"": 0.0, ""aries_integrated_plant__plant_ledger__evaluate__supported_materials"": 0.0, ""aries_integrated_plant__rejection_capacity__evaluate__supported"": 1.0, ""aries_integrated_plant__source_lifecycle_accounts__evaluate__breeding_supported"": 0.0, ""aries_integrated_plant__source_lifecycle_accounts__evaluate__supply_supported"": 0.0, ""aries_integrated_plant__turbine_capacity__evaluate__supported"": 1.0}"
area45k__he_u=500--feed100-service30m,area45k,he_u=500,feed100-service30m,423.10679410931664,3150453.1889379714,104.66770702324638,100.0,30000000.0,4.667707023246379,0.0,4332827411.4,0.0,122.31219795260274,True,not established,92.78378745593096,22.219025582029754,44.44795789668481,0.022061003786527138,1.587073255859268,0.0,9.522439535155609,3.301126391265427,1.5103869419399298,1.1384979069717462,-0.2276995813943493,176.3046563882297,45000.0,22.5,1.0,45000.0,52493130.00000001,45000.0,45.0,1.0,45000.0,52493130.00000001,{},"{""aries_integrated_plant__compressor_capacity__evaluate__supported"": 1.0, ""aries_integrated_plant__divertor_capacity__evaluate__supported"": 1.0, ""aries_integrated_plant__divertor_pump__evaluate__hydraulic_supported"": 0.0, ""aries_integrated_plant__divertor_pump__screen__supported"": 1.0, ""aries_integrated_plant__fuel_capacity__evaluate__supported"": 1.0, ""aries_integrated_plant__fuel_inventory__annual__breeding_supported"": 0.0, ""aries_integrated_plant__fuel_inventory__screen__supported"": 1.0, ""aries_integrated_plant__generator_capacity__evaluate__supported"": 1.0, ""aries_integrated_plant__he_capacity__evaluate__supported"": 1.0, ""aries_integrated_plant__he_pump__evaluate__hydraulic_supported"": 0.0, ""aries_integrated_plant__he_pump__screen__supported"": 1.0, ""aries_integrated_plant__lifecycle_accounts__evaluate__breeding_supported"": 0.0, ""aries_integrated_plant__lifecycle_accounts__evaluate__supply_supported"": 0.0, ""aries_integrated_plant__pbli_capacity__evaluate__supported"": 1.0, ""aries_integrated_plant__pbli_pump__evaluate__hydraulic_supported"": 0.0, ""aries_integrated_plant__pbli_pump__screen__supported"": 1.0, ""aries_integrated_plant__plant_ledger__evaluate__supported_breeding"": 0.0, ""aries_integrated_plant__plant_ledger__evaluate__supported_deposition"": 0.0, ""aries_integrated_plant__plant_ledger__evaluate__supported_hydraulics"": 0.0, ""aries_integrated_plant__plant_ledger__evaluate__supported_machine_map"": 0.0, ""aries_integrated_plant__plant_ledger__evaluate__supported_magnet"": 0.0, ""aries_integrated_plant__plant_ledger__evaluate__supported_materials"": 0.0, ""aries_integrated_plant__rejection_capacity__evaluate__supported"": 1.0, ""aries_integrated_plant__source_lifecycle_accounts__evaluate__breeding_supported"": 0.0, ""aries_integrated_plant__source_lifecycle_accounts__evaluate__supply_supported"": 0.0, ""aries_integrated_plant__turbine_capacity__evaluate__supported"": 1.0}"
area45k__he_u=1500--no-credit,area45k,he_u=1500,no-credit,423.10679410931664,3150453.1889379714,104.66770702324638,0.0,0.0,104.66770702324638,0.0,4332827411.4,0.0,122.31219795260274,True,not established,92.78378745593096,22.219025582029754,996.6919114122456,0.022061003786527138,1.587073255859268,0.0,0.0,3.301126391265427,1.5103869419399298,1.1384979069717462,-0.2276995813943493,1119.026170368635,45000.0,67.5,1.0,45000.0,52493130.00000001,45000.0,45.0,1.0,45000.0,52493130.00000001,{},"{""aries_integrated_plant__compressor_capacity__evaluate__supported"": 1.0, ""aries_integrated_plant__divertor_capacity__evaluate__supported"": 1.0, ""aries_integrated_plant__divertor_pump__evaluate__hydraulic_supported"": 0.0, ""aries_integrated_plant__divertor_pump__screen__supported"": 1.0, ""aries_integrated_plant__fuel_capacity__evaluate__supported"": 1.0, ""aries_integrated_plant__fuel_inventory__annual__breeding_supported"": 0.0, ""aries_integrated_plant__fuel_inventory__screen__supported"": 1.0, ""aries_integrated_plant__generator_capacity__evaluate__supported"": 1.0, ""aries_integrated_plant__he_capacity__evaluate__supported"": 1.0, ""aries_integrated_plant__he_pump__evaluate__hydraulic_supported"": 0.0, ""aries_integrated_plant__he_pump__screen__supported"": 1.0, ""aries_integrated_plant__lifecycle_accounts__evaluate__breeding_supported"": 0.0, ""aries_integrated_plant__lifecycle_accounts__evaluate__supply_supported"": 0.0, ""aries_integrated_plant__pbli_capacity__evaluate__supported"": 1.0, ""aries_integrated_plant__pbli_pump__evaluate__hydraulic_supported"": 0.0, ""aries_integrated_plant__pbli_pump__screen__supported"": 1.0, ""aries_integrated_plant__plant_ledger__evaluate__supported_breeding"": 0.0, ""aries_integrated_plant__plant_ledger__evaluate__supported_deposition"": 0.0, ""aries_integrated_plant__plant_ledger__evaluate__supported_hydraulics"": 0.0, ""aries_integrated_plant__plant_ledger__evaluate__supported_machine_map"": 0.0, ""aries_integrated_plant__plant_ledger__evaluate__supported_magnet"": 0.0, ""aries_integrated_plant__plant_ledger__evaluate__supported_materials"": 0.0, ""aries_integrated_plant__rejection_capacity__evaluate__supported"": 1.0, ""aries_integrated_plant__source_lifecycle_accounts__evaluate__breeding_supported"": 0.0, ""aries_integrated_plant__source_lifecycle_accounts__evaluate__supply_supported"": 0.0, ""aries_integrated_plant__turbine_capacity__evaluate__supported"": 1.0}"
area45k__he_u=1500--feed100-service30m,area45k,he_u=1500,feed100-service30m,423.10679410931664,3150453.1889379714,104.66770702324638,100.0,30000000.0,4.667707023246379,0.0,4332827411.4,0.0,122.31219795260274,True,not established,92.78378745593096,22.219025582029754,44.44795789668481,0.022061003786527138,1.587073255859268,0.0,9.522439535155609,3.301126391265427,1.5103869419399298,1.1384979069717462,-0.2276995813943493,176.3046563882297,45000.0,67.5,1.0,45000.0,52493130.00000001,45000.0,45.0,1.0,45000.0,52493130.00000001,{},"{""aries_integrated_plant__compressor_capacity__evaluate__supported"": 1.0, ""aries_integrated_plant__divertor_capacity__evaluate__supported"": 1.0, ""aries_integrated_plant__divertor_pump__evaluate__hydraulic_supported"": 0.0, ""aries_integrated_plant__divertor_pump__screen__supported"": 1.0, ""aries_integrated_plant__fuel_capacity__evaluate__supported"": 1.0, ""aries_integrated_plant__fuel_inventory__annual__breeding_supported"": 0.0, ""aries_integrated_plant__fuel_inventory__screen__supported"": 1.0, ""aries_integrated_plant__generator_capacity__evaluate__supported"": 1.0, ""aries_integrated_plant__he_capacity__evaluate__supported"": 1.0, ""aries_integrated_plant__he_pump__evaluate__hydraulic_supported"": 0.0, ""aries_integrated_plant__he_pump__screen__supported"": 1.0, ""aries_integrated_plant__lifecycle_accounts__evaluate__breeding_supported"": 0.0, ""aries_integrated_plant__lifecycle_accounts__evaluate__supply_supported"": 0.0, ""aries_integrated_plant__pbli_capacity__evaluate__supported"": 1.0, ""aries_integrated_plant__pbli_pump__evaluate__hydraulic_supported"": 0.0, ""aries_integrated_plant__pbli_pump__screen__supported"": 1.0, ""aries_integrated_plant__plant_ledger__evaluate__supported_breeding"": 0.0, ""aries_integrated_plant__plant_ledger__evaluate__supported_deposition"": 0.0, ""aries_integrated_plant__plant_ledger__evaluate__supported_hydraulics"": 0.0, ""aries_integrated_plant__plant_ledger__evaluate__supported_machine_map"": 0.0, ""aries_integrated_plant__plant_ledger__evaluate__supported_magnet"": 0.0, ""aries_integrated_plant__plant_ledger__evaluate__supported_materials"": 0.0, ""aries_integrated_plant__rejection_capacity__evaluate__supported"": 1.0, ""aries_integrated_plant__source_lifecycle_accounts__evaluate__breeding_supported"": 0.0, ""aries_integrated_plant__source_lifecycle_accounts__evaluate__supply_supported"": 0.0, ""aries_integrated_plant__turbine_capacity__evaluate__supported"": 1.0}"
area45k__pbli_u=500--no-credit,area45k,pbli_u=500,no-credit,423.10679410931664,3150453.1889379714,104.66770702324638,0.0,0.0,104.66770702324638,0.0,4332827411.4,0.0,122.31219795260274,True,not established,92.78378745593096,22.219025582029754,996.6919114122456,0.022061003786527138,1.587073255859268,0.0,0.0,3.301126391265427,1.5103869419399298,1.1384979069717462,-0.2276995813943493,1119.026170368635,45000.0,45.0,1.0,45000.0,52493130.00000001,45000.0,22.5,1.0,45000.0,52493130.00000001,{},"{""aries_integrated_plant__compressor_capacity__evaluate__supported"": 1.0, ""aries_integrated_plant__divertor_capacity__evaluate__supported"": 1.0, ""aries_integrated_plant__divertor_pump__evaluate__hydraulic_supported"": 0.0, ""aries_integrated_plant__divertor_pump__screen__supported"": 1.0, ""aries_integrated_plant__fuel_capacity__evaluate__supported"": 1.0, ""aries_integrated_plant__fuel_inventory__annual__breeding_supported"": 0.0, ""aries_integrated_plant__fuel_inventory__screen__supported"": 1.0, ""aries_integrated_plant__generator_capacity__evaluate__supported"": 1.0, ""aries_integrated_plant__he_capacity__evaluate__supported"": 1.0, ""aries_integrated_plant__he_pump__evaluate__hydraulic_supported"": 0.0, ""aries_integrated_plant__he_pump__screen__supported"": 1.0, ""aries_integrated_plant__lifecycle_accounts__evaluate__breeding_supported"": 0.0, ""aries_integrated_plant__lifecycle_accounts__evaluate__supply_supported"": 0.0, ""aries_integrated_plant__pbli_capacity__evaluate__supported"": 1.0, ""aries_integrated_plant__pbli_pump__evaluate__hydraulic_supported"": 0.0, ""aries_integrated_plant__pbli_pump__screen__supported"": 1.0, ""aries_integrated_plant__plant_ledger__evaluate__supported_breeding"": 0.0, ""aries_integrated_plant__plant_ledger__evaluate__supported_deposition"": 0.0, ""aries_integrated_plant__plant_ledger__evaluate__supported_hydraulics"": 0.0, ""aries_integrated_plant__plant_ledger__evaluate__supported_machine_map"": 0.0, ""aries_integrated_plant__plant_ledger__evaluate__supported_magnet"": 0.0, ""aries_integrated_plant__plant_ledger__evaluate__supported_materials"": 0.0, ""aries_integrated_plant__rejection_capacity__evaluate__supported"": 1.0, ""aries_integrated_plant__source_lifecycle_accounts__evaluate__breeding_supported"": 0.0, ""aries_integrated_plant__source_lifecycle_accounts__evaluate__supply_supported"": 0.0, ""aries_integrated_plant__turbine_capacity__evaluate__supported"": 1.0}"
area45k__pbli_u=500--feed100-service30m,area45k,pbli_u=500,feed100-service30m,423.10679410931664,3150453.1889379714,104.66770702324638,100.0,30000000.0,4.667707023246379,0.0,4332827411.4,0.0,122.31219795260274,True,not established,92.78378745593096,22.219025582029754,44.44795789668481,0.022061003786527138,1.587073255859268,0.0,9.522439535155609,3.301126391265427,1.5103869419399298,1.1384979069717462,-0.2276995813943493,176.3046563882297,45000.0,45.0,1.0,45000.0,52493130.00000001,45000.0,22.5,1.0,45000.0,52493130.00000001,{},"{""aries_integrated_plant__compressor_capacity__evaluate__supported"": 1.0, ""aries_integrated_plant__divertor_capacity__evaluate__supported"": 1.0, ""aries_integrated_plant__divertor_pump__evaluate__hydraulic_supported"": 0.0, ""aries_integrated_plant__divertor_pump__screen__supported"": 1.0, ""aries_integrated_plant__fuel_capacity__evaluate__supported"": 1.0, ""aries_integrated_plant__fuel_inventory__annual__breeding_supported"": 0.0, ""aries_integrated_plant__fuel_inventory__screen__supported"": 1.0, ""aries_integrated_plant__generator_capacity__evaluate__supported"": 1.0, ""aries_integrated_plant__he_capacity__evaluate__supported"": 1.0, ""aries_integrated_plant__he_pump__evaluate__hydraulic_supported"": 0.0, ""aries_integrated_plant__he_pump__screen__supported"": 1.0, ""aries_integrated_plant__lifecycle_accounts__evaluate__breeding_supported"": 0.0, ""aries_integrated_plant__lifecycle_accounts__evaluate__supply_supported"": 0.0, ""aries_integrated_plant__pbli_capacity__evaluate__supported"": 1.0, ""aries_integrated_plant__pbli_pump__evaluate__hydraulic_supported"": 0.0, ""aries_integrated_plant__pbli_pump__screen__supported"": 1.0, ""aries_integrated_plant__plant_ledger__evaluate__supported_breeding"": 0.0, ""aries_integrated_plant__plant_ledger__evaluate__supported_deposition"": 0.0, ""aries_integrated_plant__plant_ledger__evaluate__supported_hydraulics"": 0.0, ""aries_integrated_plant__plant_ledger__evaluate__supported_machine_map"": 0.0, ""aries_integrated_plant__plant_ledger__evaluate__supported_magnet"": 0.0, ""aries_integrated_plant__plant_ledger__evaluate__supported_materials"": 0.0, ""aries_integrated_plant__rejection_capacity__evaluate__supported"": 1.0, ""aries_integrated_plant__source_lifecycle_accounts__evaluate__breeding_supported"": 0.0, ""aries_integrated_plant__source_lifecycle_accounts__evaluate__supply_supported"": 0.0, ""aries_integrated_plant__turbine_capacity__evaluate__supported"": 1.0}"
area45k__pbli_u=1500--no-credit,area45k,pbli_u=1500,no-credit,423.10679410931664,3150453.1889379714,104.66770702324638,0.0,0.0,104.66770702324638,0.0,4332827411.4,0.0,122.31219795260274,True,not established,92.78378745593096,22.219025582029754,996.6919114122456,0.022061003786527138,1.587073255859268,0.0,0.0,3.301126391265427,1.5103869419399298,1.1384979069717462,-0.2276995813943493,1119.026170368635,45000.0,45.0,1.0,45000.0,52493130.00000001,45000.0,67.5,1.0,45000.0,52493130.00000001,{},"{""aries_integrated_plant__compressor_capacity__evaluate__supported"": 1.0, ""aries_integrated_plant__divertor_capacity__evaluate__supported"": 1.0, ""aries_integrated_plant__divertor_pump__evaluate__hydraulic_supported"": 0.0, ""aries_integrated_plant__divertor_pump__screen__supported"": 1.0, ""aries_integrated_plant__fuel_capacity__evaluate__supported"": 1.0, ""aries_integrated_plant__fuel_inventory__annual__breeding_supported"": 0.0, ""aries_integrated_plant__fuel_inventory__screen__supported"": 1.0, ""aries_integrated_plant__generator_capacity__evaluate__supported"": 1.0, ""aries_integrated_plant__he_capacity__evaluate__supported"": 1.0, ""aries_integrated_plant__he_pump__evaluate__hydraulic_supported"": 0.0, ""aries_integrated_plant__he_pump__screen__supported"": 1.0, ""aries_integrated_plant__lifecycle_accounts__evaluate__breeding_supported"": 0.0, ""aries_integrated_plant__lifecycle_accounts__evaluate__supply_supported"": 0.0, ""aries_integrated_plant__pbli_capacity__evaluate__supported"": 1.0, ""aries_integrated_plant__pbli_pump__evaluate__hydraulic_supported"": 0.0, ""aries_integrated_plant__pbli_pump__screen__supported"": 1.0, ""aries_integrated_plant__plant_ledger__evaluate__supported_breeding"": 0.0, ""aries_integrated_plant__plant_ledger__evaluate__supported_deposition"": 0.0, ""aries_integrated_plant__plant_ledger__evaluate__supported_hydraulics"": 0.0, ""aries_integrated_plant__plant_ledger__evaluate__supported_machine_map"": 0.0, ""aries_integrated_plant__plant_ledger__evaluate__supported_magnet"": 0.0, ""aries_integrated_plant__plant_ledger__evaluate__supported_materials"": 0.0, ""aries_integrated_plant__rejection_capacity__evaluate__supported"": 1.0, ""aries_integrated_plant__source_lifecycle_accounts__evaluate__breeding_supported"": 0.0, ""aries_integrated_plant__source_lifecycle_accounts__evaluate__supply_supported"": 0.0, ""aries_integrated_plant__turbine_capacity__evaluate__supported"": 1.0}"
area45k__pbli_u=1500--feed100-service30m,area45k,pbli_u=1500,feed100-service30m,423.10679410931664,3150453.1889379714,104.66770702324638,100.0,30000000.0,4.667707023246379,0.0,4332827411.4,0.0,122.31219795260274,True,not established,92.78378745593096,22.219025582029754,44.44795789668481,0.022061003786527138,1.587073255859268,0.0,9.522439535155609,3.301126391265427,1.5103869419399298,1.1384979069717462,-0.2276995813943493,176.3046563882297,45000.0,45.0,1.0,45000.0,52493130.00000001,45000.0,67.5,1.0,45000.0,52493130.00000001,{},"{""aries_integrated_plant__compressor_capacity__evaluate__supported"": 1.0, ""aries_integrated_plant__divertor_capacity__evaluate__supported"": 1.0, ""aries_integrated_plant__divertor_pump__evaluate__hydraulic_supported"": 0.0, ""aries_integrated_plant__divertor_pump__screen__supported"": 1.0, ""aries_integrated_plant__fuel_capacity__evaluate__supported"": 1.0, ""aries_integrated_plant__fuel_inventory__annual__breeding_supported"": 0.0, ""aries_integrated_plant__fuel_inventory__screen__supported"": 1.0, ""aries_integrated_plant__generator_capacity__evaluate__supported"": 1.0, ""aries_integrated_plant__he_capacity__evaluate__supported"": 1.0, ""aries_integrated_plant__he_pump__evaluate__hydraulic_supported"": 0.0, ""aries_integrated_plant__he_pump__screen__supported"": 1.0, ""aries_integrated_plant__lifecycle_accounts__evaluate__breeding_supported"": 0.0, ""aries_integrated_plant__lifecycle_accounts__evaluate__supply_supported"": 0.0, ""aries_integrated_plant__pbli_capacity__evaluate__supported"": 1.0, ""aries_integrated_plant__pbli_pump__evaluate__hydraulic_supported"": 0.0, ""aries_integrated_plant__pbli_pump__screen__supported"": 1.0, ""aries_integrated_plant__plant_ledger__evaluate__supported_breeding"": 0.0, ""aries_integrated_plant__plant_ledger__evaluate__supported_deposition"": 0.0, ""aries_integrated_plant__plant_ledger__evaluate__supported_hydraulics"": 0.0, ""aries_integrated_plant__plant_ledger__evaluate__supported_machine_map"": 0.0, ""aries_integrated_plant__plant_ledger__evaluate__supported_magnet"": 0.0, ""aries_integrated_plant__plant_ledger__evaluate__supported_materials"": 0.0, ""aries_integrated_plant__rejection_capacity__evaluate__supported"": 1.0, ""aries_integrated_plant__source_lifecycle_accounts__evaluate__breeding_supported"": 0.0, ""aries_integrated_plant__source_lifecycle_accounts__evaluate__supply_supported"": 0.0, ""aries_integrated_plant__turbine_capacity__evaluate__supported"": 1.0}"
area45k__neutron_multiplier=1--no-credit,area45k,neutron_multiplier=1,no-credit,254.02200554038288,1891447.853253691,104.66770702324638,0.0,0.0,104.66770702324638,0.0,4332827411.4,0.0,203.72692454773482,True,not established,154.54350410424684,37.0086861657778,1660.1204232492441,0.036745480247250085,2.643477583269843,0.0,0.0,5.4984567238050905,2.5157465216815047,1.896316811192185,-0.3792633622384371,1863.884093277226,45000.0,45.0,1.0,45000.0,52493130.00000001,45000.0,45.0,1.0,45000.0,52493130.00000001,{},"{""aries_integrated_plant__compressor_capacity__evaluate__supported"": 1.0, ""aries_integrated_plant__divertor_capacity__evaluate__supported"": 1.0, ""aries_integrated_plant__divertor_pump__evaluate__hydraulic_supported"": 0.0, ""aries_integrated_plant__divertor_pump__screen__supported"": 1.0, ""aries_integrated_plant__fuel_capacity__evaluate__supported"": 1.0, ""aries_integrated_plant__fuel_inventory__annual__breeding_supported"": 0.0, ""aries_integrated_plant__fuel_inventory__screen__supported"": 1.0, ""aries_integrated_plant__generator_capacity__evaluate__supported"": 1.0, ""aries_integrated_plant__he_capacity__evaluate__supported"": 1.0, ""aries_integrated_plant__he_pump__evaluate__hydraulic_supported"": 0.0, ""aries_integrated_plant__he_pump__screen__supported"": 1.0, ""aries_integrated_plant__lifecycle_accounts__evaluate__breeding_supported"": 0.0, ""aries_integrated_plant__lifecycle_accounts__evaluate__supply_supported"": 0.0, ""aries_integrated_plant__pbli_capacity__evaluate__supported"": 1.0, ""aries_integrated_plant__pbli_pump__evaluate__hydraulic_supported"": 0.0, ""aries_integrated_plant__pbli_pump__screen__supported"": 1.0, ""aries_integrated_plant__plant_ledger__evaluate__supported_breeding"": 0.0, ""aries_integrated_plant__plant_ledger__evaluate__supported_deposition"": 0.0, ""aries_integrated_plant__plant_ledger__evaluate__supported_hydraulics"": 0.0, ""aries_integrated_plant__plant_ledger__evaluate__supported_machine_map"": 0.0, ""aries_integrated_plant__plant_ledger__evaluate__supported_magnet"": 0.0, ""aries_integrated_plant__plant_ledger__evaluate__supported_materials"": 0.0, ""aries_integrated_plant__rejection_capacity__evaluate__supported"": 1.0, ""aries_integrated_plant__source_lifecycle_accounts__evaluate__breeding_supported"": 0.0, ""aries_integrated_plant__source_lifecycle_accounts__evaluate__supply_supported"": 0.0, ""aries_integrated_plant__turbine_capacity__evaluate__supported"": 1.0}"
area45k__neutron_multiplier=1--feed100-service30m,area45k,neutron_multiplier=1,feed100-service30m,254.02200554038288,1891447.853253691,104.66770702324638,100.0,30000000.0,4.667707023246379,0.0,4332827411.4,0.0,203.72692454773482,True,not established,154.54350410424684,37.0086861657778,74.03387328733807,0.036745480247250085,2.643477583269843,0.0,15.86086549961906,5.4984567238050905,2.5157465216815047,1.896316811192185,-0.3792633622384371,293.65840881493915,45000.0,45.0,1.0,45000.0,52493130.00000001,45000.0,45.0,1.0,45000.0,52493130.00000001,{},"{""aries_integrated_plant__compressor_capacity__evaluate__supported"": 1.0, ""aries_integrated_plant__divertor_capacity__evaluate__supported"": 1.0, ""aries_integrated_plant__divertor_pump__evaluate__hydraulic_supported"": 0.0, ""aries_integrated_plant__divertor_pump__screen__supported"": 1.0, ""aries_integrated_plant__fuel_capacity__evaluate__supported"": 1.0, ""aries_integrated_plant__fuel_inventory__annual__breeding_supported"": 0.0, ""aries_integrated_plant__fuel_inventory__screen__supported"": 1.0, ""aries_integrated_plant__generator_capacity__evaluate__supported"": 1.0, ""aries_integrated_plant__he_capacity__evaluate__supported"": 1.0, ""aries_integrated_plant__he_pump__evaluate__hydraulic_supported"": 0.0, ""aries_integrated_plant__he_pump__screen__supported"": 1.0, ""aries_integrated_plant__lifecycle_accounts__evaluate__breeding_supported"": 0.0, ""aries_integrated_plant__lifecycle_accounts__evaluate__supply_supported"": 0.0, ""aries_integrated_plant__pbli_capacity__evaluate__supported"": 1.0, ""aries_integrated_plant__pbli_pump__evaluate__hydraulic_supported"": 0.0, ""aries_integrated_plant__pbli_pump__screen__supported"": 1.0, ""aries_integrated_plant__plant_ledger__evaluate__supported_breeding"": 0.0, ""aries_integrated_plant__plant_ledger__evaluate__supported_deposition"": 0.0, ""aries_integrated_plant__plant_ledger__evaluate__supported_hydraulics"": 0.0, ""aries_integrated_plant__plant_ledger__evaluate__supported_machine_map"": 0.0, ""aries_integrated_plant__plant_ledger__evaluate__supported_magnet"": 0.0, ""aries_integrated_plant__plant_ledger__evaluate__supported_materials"": 0.0, ""aries_integrated_plant__rejection_capacity__evaluate__supported"": 1.0, ""aries_integrated_plant__source_lifecycle_accounts__evaluate__breeding_supported"": 0.0, ""aries_integrated_plant__source_lifecycle_accounts__evaluate__supply_supported"": 0.0, ""aries_integrated_plant__turbine_capacity__evaluate__supported"": 1.0}"
area45k__neutron_multiplier=1.25--no-credit,area45k,neutron_multiplier=1.25,no-credit,518.2169876653121,3858643.6901559136,104.66770702324638,0.0,0.0,104.66770702324638,0.0,4332827411.4,0.0,99.86380838138999,True,not established,75.75485132716916,18.14108936219803,813.7655256193179,0.01801206986479458,1.2957920972998593,0.0,0.0,2.695259008490943,1.2331802933513802,0.9295453661007541,-0.18590907322015085,913.6473460705727,45000.0,45.0,1.0,45000.0,52493130.00000001,45000.0,45.0,1.0,45000.0,52493130.00000001,{},"{""aries_integrated_plant__compressor_capacity__evaluate__supported"": 1.0, ""aries_integrated_plant__divertor_capacity__evaluate__supported"": 1.0, ""aries_integrated_plant__divertor_pump__evaluate__hydraulic_supported"": 0.0, ""aries_integrated_plant__divertor_pump__screen__supported"": 1.0, ""aries_integrated_plant__fuel_capacity__evaluate__supported"": 1.0, ""aries_integrated_plant__fuel_inventory__annual__breeding_supported"": 0.0, ""aries_integrated_plant__fuel_inventory__screen__supported"": 1.0, ""aries_integrated_plant__generator_capacity__evaluate__supported"": 1.0, ""aries_integrated_plant__he_capacity__evaluate__supported"": 1.0, ""aries_integrated_plant__he_pump__evaluate__hydraulic_supported"": 0.0, ""aries_integrated_plant__he_pump__screen__supported"": 1.0, ""aries_integrated_plant__lifecycle_accounts__evaluate__breeding_supported"": 0.0, ""aries_integrated_plant__lifecycle_accounts__evaluate__supply_supported"": 0.0, ""aries_integrated_plant__pbli_capacity__evaluate__supported"": 1.0, ""aries_integrated_plant__pbli_pump__evaluate__hydraulic_supported"": 0.0, ""aries_integrated_plant__pbli_pump__screen__supported"": 1.0, ""aries_integrated_plant__plant_ledger__evaluate__supported_breeding"": 0.0, ""aries_integrated_plant__plant_ledger__evaluate__supported_deposition"": 0.0, ""aries_integrated_plant__plant_ledger__evaluate__supported_hydraulics"": 0.0, ""aries_integrated_plant__plant_ledger__evaluate__supported_machine_map"": 0.0, ""aries_integrated_plant__plant_ledger__evaluate__supported_magnet"": 0.0, ""aries_integrated_plant__plant_ledger__evaluate__supported_materials"": 0.0, ""aries_integrated_plant__rejection_capacity__evaluate__supported"": 1.0, ""aries_integrated_plant__source_lifecycle_accounts__evaluate__breeding_supported"": 0.0, ""aries_integrated_plant__source_lifecycle_accounts__evaluate__supply_supported"": 0.0, ""aries_integrated_plant__turbine_capacity__evaluate__supported"": 1.0}"
area45k__neutron_multiplier=1.25--feed100-service30m,area45k,neutron_multiplier=1.25,feed100-service30m,518.2169876653121,3858643.6901559136,104.66770702324638,100.0,30000000.0,4.667707023246379,0.0,4332827411.4,0.0,99.86380838138999,True,not established,75.75485132716916,18.14108936219803,36.290267239402255,0.01801206986479458,1.2957920972998593,0.0,7.774752583799156,2.695259008490943,1.2331802933513802,0.9295453661007541,-0.18590907322015085,143.94684027445618,45000.0,45.0,1.0,45000.0,52493130.00000001,45000.0,45.0,1.0,45000.0,52493130.00000001,{},"{""aries_integrated_plant__compressor_capacity__evaluate__supported"": 1.0, ""aries_integrated_plant__divertor_capacity__evaluate__supported"": 1.0, ""aries_integrated_plant__divertor_pump__evaluate__hydraulic_supported"": 0.0, ""aries_integrated_plant__divertor_pump__screen__supported"": 1.0, ""aries_integrated_plant__fuel_capacity__evaluate__supported"": 1.0, ""aries_integrated_plant__fuel_inventory__annual__breeding_supported"": 0.0, ""aries_integrated_plant__fuel_inventory__screen__supported"": 1.0, ""aries_integrated_plant__generator_capacity__evaluate__supported"": 1.0, ""aries_integrated_plant__he_capacity__evaluate__supported"": 1.0, ""aries_integrated_plant__he_pump__evaluate__hydraulic_supported"": 0.0, ""aries_integrated_plant__he_pump__screen__supported"": 1.0, ""aries_integrated_plant__lifecycle_accounts__evaluate__breeding_supported"": 0.0, ""aries_integrated_plant__lifecycle_accounts__evaluate__supply_supported"": 0.0, ""aries_integrated_plant__pbli_capacity__evaluate__supported"": 1.0, ""aries_integrated_plant__pbli_pump__evaluate__hydraulic_supported"": 0.0, ""aries_integrated_plant__pbli_pump__screen__supported"": 1.0, ""aries_integrated_plant__plant_ledger__evaluate__supported_breeding"": 0.0, ""aries_integrated_plant__plant_ledger__evaluate__supported_deposition"": 0.0, ""aries_integrated_plant__plant_ledger__evaluate__supported_hydraulics"": 0.0, ""aries_integrated_plant__plant_ledger__evaluate__supported_machine_map"": 0.0, ""aries_integrated_plant__plant_ledger__evaluate__supported_magnet"": 0.0, ""aries_integrated_plant__plant_ledger__evaluate__supported_materials"": 0.0, ""aries_integrated_plant__rejection_capacity__evaluate__supported"": 1.0, ""aries_integrated_plant__source_lifecycle_accounts__evaluate__breeding_supported"": 0.0, ""aries_integrated_plant__source_lifecycle_accounts__evaluate__supply_supported"": 0.0, ""aries_integrated_plant__turbine_capacity__evaluate__supported"": 1.0}"
area45k__helium_fraction=0.3--no-credit,area45k,helium_fraction=0.3,no-credit,423.10679410931664,3150453.1889379714,104.66770702324638,0.0,0.0,104.66770702324638,0.0,4332827411.4,0.0,122.31219795260274,True,not established,92.78378745593096,22.219025582029754,996.6919114122456,0.022061003786527138,1.587073255859268,0.0,0.0,3.301126391265427,1.5103869419399298,1.1384979069717462,-0.2276995813943493,1119.026170368635,45000.0,45.0,1.0,45000.0,52493130.00000001,45000.0,45.0,1.0,45000.0,52493130.00000001,{},"{""aries_integrated_plant__compressor_capacity__evaluate__supported"": 1.0, ""aries_integrated_plant__divertor_capacity__evaluate__supported"": 1.0, ""aries_integrated_plant__divertor_pump__evaluate__hydraulic_supported"": 0.0, ""aries_integrated_plant__divertor_pump__screen__supported"": 1.0, ""aries_integrated_plant__fuel_capacity__evaluate__supported"": 1.0, ""aries_integrated_plant__fuel_inventory__annual__breeding_supported"": 0.0, ""aries_integrated_plant__fuel_inventory__screen__supported"": 1.0, ""aries_integrated_plant__generator_capacity__evaluate__supported"": 1.0, ""aries_integrated_plant__he_capacity__evaluate__supported"": 1.0, ""aries_integrated_plant__he_pump__evaluate__hydraulic_supported"": 0.0, ""aries_integrated_plant__he_pump__screen__supported"": 1.0, ""aries_integrated_plant__lifecycle_accounts__evaluate__breeding_supported"": 0.0, ""aries_integrated_plant__lifecycle_accounts__evaluate__supply_supported"": 0.0, ""aries_integrated_plant__pbli_capacity__evaluate__supported"": 1.0, ""aries_integrated_plant__pbli_pump__evaluate__hydraulic_supported"": 0.0, ""aries_integrated_plant__pbli_pump__screen__supported"": 1.0, ""aries_integrated_plant__plant_ledger__evaluate__supported_breeding"": 0.0, ""aries_integrated_plant__plant_ledger__evaluate__supported_deposition"": 0.0, ""aries_integrated_plant__plant_ledger__evaluate__supported_hydraulics"": 0.0, ""aries_integrated_plant__plant_ledger__evaluate__supported_machine_map"": 0.0, ""aries_integrated_plant__plant_ledger__evaluate__supported_magnet"": 0.0, ""aries_integrated_plant__plant_ledger__evaluate__supported_materials"": 0.0, ""aries_integrated_plant__rejection_capacity__evaluate__supported"": 1.0, ""aries_integrated_plant__source_lifecycle_accounts__evaluate__breeding_supported"": 0.0, ""aries_integrated_plant__source_lifecycle_accounts__evaluate__supply_supported"": 0.0, ""aries_integrated_plant__turbine_capacity__evaluate__supported"": 1.0}"
area45k__helium_fraction=0.3--feed100-service30m,area45k,helium_fraction=0.3,feed100-service30m,423.10679410931664,3150453.1889379714,104.66770702324638,100.0,30000000.0,4.667707023246379,0.0,4332827411.4,0.0,122.31219795260274,True,not established,92.78378745593096,22.219025582029754,44.44795789668481,0.022061003786527138,1.587073255859268,0.0,9.522439535155609,3.301126391265427,1.5103869419399298,1.1384979069717462,-0.2276995813943493,176.3046563882297,45000.0,45.0,1.0,45000.0,52493130.00000001,45000.0,45.0,1.0,45000.0,52493130.00000001,{},"{""aries_integrated_plant__compressor_capacity__evaluate__supported"": 1.0, ""aries_integrated_plant__divertor_capacity__evaluate__supported"": 1.0, ""aries_integrated_plant__divertor_pump__evaluate__hydraulic_supported"": 0.0, ""aries_integrated_plant__divertor_pump__screen__supported"": 1.0, ""aries_integrated_plant__fuel_capacity__evaluate__supported"": 1.0, ""aries_integrated_plant__fuel_inventory__annual__breeding_supported"": 0.0, ""aries_integrated_plant__fuel_inventory__screen__supported"": 1.0, ""aries_integrated_plant__generator_capacity__evaluate__supported"": 1.0, ""aries_integrated_plant__he_capacity__evaluate__supported"": 1.0, ""aries_integrated_plant__he_pump__evaluate__hydraulic_supported"": 0.0, ""aries_integrated_plant__he_pump__screen__supported"": 1.0, ""aries_integrated_plant__lifecycle_accounts__evaluate__breeding_supported"": 0.0, ""aries_integrated_plant__lifecycle_accounts__evaluate__supply_supported"": 0.0, ""aries_integrated_plant__pbli_capacity__evaluate__supported"": 1.0, ""aries_integrated_plant__pbli_pump__evaluate__hydraulic_supported"": 0.0, ""aries_integrated_plant__pbli_pump__screen__supported"": 1.0, ""aries_integrated_plant__plant_ledger__evaluate__supported_breeding"": 0.0, ""aries_integrated_plant__plant_ledger__evaluate__supported_deposition"": 0.0, ""aries_integrated_plant__plant_ledger__evaluate__supported_hydraulics"": 0.0, ""aries_integrated_plant__plant_ledger__evaluate__supported_machine_map"": 0.0, ""aries_integrated_plant__plant_ledger__evaluate__supported_magnet"": 0.0, ""aries_integrated_plant__plant_ledger__evaluate__supported_materials"": 0.0, ""aries_integrated_plant__rejection_capacity__evaluate__supported"": 1.0, ""aries_integrated_plant__source_lifecycle_accounts__evaluate__breeding_supported"": 0.0, ""aries_integrated_plant__source_lifecycle_accounts__evaluate__supply_supported"": 0.0, ""aries_integrated_plant__turbine_capacity__evaluate__supported"": 1.0}"
area45k__helium_fraction=0.46--no-credit,area45k,helium_fraction=0.46,no-credit,423.10679410931664,3150453.1889379714,104.66770702324638,0.0,0.0,104.66770702324638,0.0,4332827411.4,0.0,122.31219795260274,True,not established,92.78378745593096,22.219025582029754,996.6919114122456,0.022061003786527138,1.587073255859268,0.0,0.0,3.301126391265427,1.5103869419399298,1.1384979069717462,-0.2276995813943493,1119.026170368635,45000.0,45.0,1.0,45000.0,52493130.00000001,45000.0,45.0,1.0,45000.0,52493130.00000001,{},"{""aries_integrated_plant__compressor_capacity__evaluate__supported"": 1.0, ""aries_integrated_plant__divertor_capacity__evaluate__supported"": 1.0, ""aries_integrated_plant__divertor_pump__evaluate__hydraulic_supported"": 0.0, ""aries_integrated_plant__divertor_pump__screen__supported"": 1.0, ""aries_integrated_plant__fuel_capacity__evaluate__supported"": 1.0, ""aries_integrated_plant__fuel_inventory__annual__breeding_supported"": 0.0, ""aries_integrated_plant__fuel_inventory__screen__supported"": 1.0, ""aries_integrated_plant__generator_capacity__evaluate__supported"": 1.0, ""aries_integrated_plant__he_capacity__evaluate__supported"": 1.0, ""aries_integrated_plant__he_pump__evaluate__hydraulic_supported"": 0.0, ""aries_integrated_plant__he_pump__screen__supported"": 1.0, ""aries_integrated_plant__lifecycle_accounts__evaluate__breeding_supported"": 0.0, ""aries_integrated_plant__lifecycle_accounts__evaluate__supply_supported"": 0.0, ""aries_integrated_plant__pbli_capacity__evaluate__supported"": 1.0, ""aries_integrated_plant__pbli_pump__evaluate__hydraulic_supported"": 0.0, ""aries_integrated_plant__pbli_pump__screen__supported"": 1.0, ""aries_integrated_plant__plant_ledger__evaluate__supported_breeding"": 0.0, ""aries_integrated_plant__plant_ledger__evaluate__supported_deposition"": 0.0, ""aries_integrated_plant__plant_ledger__evaluate__supported_hydraulics"": 0.0, ""aries_integrated_plant__plant_ledger__evaluate__supported_machine_map"": 0.0, ""aries_integrated_plant__plant_ledger__evaluate__supported_magnet"": 0.0, ""aries_integrated_plant__plant_ledger__evaluate__supported_materials"": 0.0, ""aries_integrated_plant__rejection_capacity__evaluate__supported"": 1.0, ""aries_integrated_plant__source_lifecycle_accounts__evaluate__breeding_supported"": 0.0, ""aries_integrated_plant__source_lifecycle_accounts__evaluate__supply_supported"": 0.0, ""aries_integrated_plant__turbine_capacity__evaluate__supported"": 1.0}"
area45k__helium_fraction=0.46--feed100-service30m,area45k,helium_fraction=0.46,feed100-service30m,423.10679410931664,3150453.1889379714,104.66770702324638,100.0,30000000.0,4.667707023246379,0.0,4332827411.4,0.0,122.31219795260274,True,not established,92.78378745593096,22.219025582029754,44.44795789668481,0.022061003786527138,1.587073255859268,0.0,9.522439535155609,3.301126391265427,1.5103869419399298,1.1384979069717462,-0.2276995813943493,176.3046563882297,45000.0,45.0,1.0,45000.0,52493130.00000001,45000.0,45.0,1.0,45000.0,52493130.00000001,{},"{""aries_integrated_plant__compressor_capacity__evaluate__supported"": 1.0, ""aries_integrated_plant__divertor_capacity__evaluate__supported"": 1.0, ""aries_integrated_plant__divertor_pump__evaluate__hydraulic_supported"": 0.0, ""aries_integrated_plant__divertor_pump__screen__supported"": 1.0, ""aries_integrated_plant__fuel_capacity__evaluate__supported"": 1.0, ""aries_integrated_plant__fuel_inventory__annual__breeding_supported"": 0.0, ""aries_integrated_plant__fuel_inventory__screen__supported"": 1.0, ""aries_integrated_plant__generator_capacity__evaluate__supported"": 1.0, ""aries_integrated_plant__he_capacity__evaluate__supported"": 1.0, ""aries_integrated_plant__he_pump__evaluate__hydraulic_supported"": 0.0, ""aries_integrated_plant__he_pump__screen__supported"": 1.0, ""aries_integrated_plant__lifecycle_accounts__evaluate__breeding_supported"": 0.0, ""aries_integrated_plant__lifecycle_accounts__evaluate__supply_supported"": 0.0, ""aries_integrated_plant__pbli_capacity__evaluate__supported"": 1.0, ""aries_integrated_plant__pbli_pump__evaluate__hydraulic_supported"": 0.0, ""aries_integrated_plant__pbli_pump__screen__supported"": 1.0, ""aries_integrated_plant__plant_ledger__evaluate__supported_breeding"": 0.0, ""aries_integrated_plant__plant_ledger__evaluate__supported_deposition"": 0.0, ""aries_integrated_plant__plant_ledger__evaluate__supported_hydraulics"": 0.0, ""aries_integrated_plant__plant_ledger__evaluate__supported_machine_map"": 0.0, ""aries_integrated_plant__plant_ledger__evaluate__supported_magnet"": 0.0, ""aries_integrated_plant__plant_ledger__evaluate__supported_materials"": 0.0, ""aries_integrated_plant__rejection_capacity__evaluate__supported"": 1.0, ""aries_integrated_plant__source_lifecycle_accounts__evaluate__breeding_supported"": 0.0, ""aries_integrated_plant__source_lifecycle_accounts__evaluate__supply_supported"": 0.0, ""aries_integrated_plant__turbine_capacity__evaluate__supported"": 1.0}"
area45k__exchange_fraction=0.02--no-credit,area45k,exchange_fraction=0.02,no-credit,423.10679410931664,3150453.1889379714,104.66770702324638,0.0,0.0,104.66770702324638,0.0,4332827411.4,0.0,122.31219795260274,True,not established,92.78378745593096,22.219025582029754,996.6919114122456,0.022061003786527138,1.587073255859268,0.0,0.0,3.301126391265427,1.5103869419399298,1.1384979069717462,-0.2276995813943493,1119.026170368635,45000.0,45.0,1.0,45000.0,52493130.00000001,45000.0,45.0,1.0,45000.0,52493130.00000001,{},"{""aries_integrated_plant__compressor_capacity__evaluate__supported"": 1.0, ""aries_integrated_plant__divertor_capacity__evaluate__supported"": 1.0, ""aries_integrated_plant__divertor_pump__evaluate__hydraulic_supported"": 0.0, ""aries_integrated_plant__divertor_pump__screen__supported"": 1.0, ""aries_integrated_plant__fuel_capacity__evaluate__supported"": 1.0, ""aries_integrated_plant__fuel_inventory__annual__breeding_supported"": 0.0, ""aries_integrated_plant__fuel_inventory__screen__supported"": 1.0, ""aries_integrated_plant__generator_capacity__evaluate__supported"": 1.0, ""aries_integrated_plant__he_capacity__evaluate__supported"": 1.0, ""aries_integrated_plant__he_pump__evaluate__hydraulic_supported"": 0.0, ""aries_integrated_plant__he_pump__screen__supported"": 1.0, ""aries_integrated_plant__lifecycle_accounts__evaluate__breeding_supported"": 0.0, ""aries_integrated_plant__lifecycle_accounts__evaluate__supply_supported"": 0.0, ""aries_integrated_plant__pbli_capacity__evaluate__supported"": 1.0, ""aries_integrated_plant__pbli_pump__evaluate__hydraulic_supported"": 0.0, ""aries_integrated_plant__pbli_pump__screen__supported"": 1.0, ""aries_integrated_plant__plant_ledger__evaluate__supported_breeding"": 0.0, ""aries_integrated_plant__plant_ledger__evaluate__supported_deposition"": 0.0, ""aries_integrated_plant__plant_ledger__evaluate__supported_hydraulics"": 0.0, ""aries_integrated_plant__plant_ledger__evaluate__supported_machine_map"": 0.0, ""aries_integrated_plant__plant_ledger__evaluate__supported_magnet"": 0.0, ""aries_integrated_plant__plant_ledger__evaluate__supported_materials"": 0.0, ""aries_integrated_plant__rejection_capacity__evaluate__supported"": 1.0, ""aries_integrated_plant__source_lifecycle_accounts__evaluate__breeding_supported"": 0.0, ""aries_integrated_plant__source_lifecycle_accounts__evaluate__supply_supported"": 0.0, ""aries_integrated_plant__turbine_capacity__evaluate__supported"": 1.0}"
area45k__exchange_fraction=0.02--feed100-service30m,area45k,exchange_fraction=0.02,feed100-service30m,423.10679410931664,3150453.1889379714,104.66770702324638,100.0,30000000.0,4.667707023246379,0.0,4332827411.4,0.0,122.31219795260274,True,not established,92.78378745593096,22.219025582029754,44.44795789668481,0.022061003786527138,1.587073255859268,0.0,9.522439535155609,3.301126391265427,1.5103869419399298,1.1384979069717462,-0.2276995813943493,176.3046563882297,45000.0,45.0,1.0,45000.0,52493130.00000001,45000.0,45.0,1.0,45000.0,52493130.00000001,{},"{""aries_integrated_plant__compressor_capacity__evaluate__supported"": 1.0, ""aries_integrated_plant__divertor_capacity__evaluate__supported"": 1.0, ""aries_integrated_plant__divertor_pump__evaluate__hydraulic_supported"": 0.0, ""aries_integrated_plant__divertor_pump__screen__supported"": 1.0, ""aries_integrated_plant__fuel_capacity__evaluate__supported"": 1.0, ""aries_integrated_plant__fuel_inventory__annual__breeding_supported"": 0.0, ""aries_integrated_plant__fuel_inventory__screen__supported"": 1.0, ""aries_integrated_plant__generator_capacity__evaluate__supported"": 1.0, ""aries_integrated_plant__he_capacity__evaluate__supported"": 1.0, ""aries_integrated_plant__he_pump__evaluate__hydraulic_supported"": 0.0, ""aries_integrated_plant__he_pump__screen__supported"": 1.0, ""aries_integrated_plant__lifecycle_accounts__evaluate__breeding_supported"": 0.0, ""aries_integrated_plant__lifecycle_accounts__evaluate__supply_supported"": 0.0, ""aries_integrated_plant__pbli_capacity__evaluate__supported"": 1.0, ""aries_integrated_plant__pbli_pump__evaluate__hydraulic_supported"": 0.0, ""aries_integrated_plant__pbli_pump__screen__supported"": 1.0, ""aries_integrated_plant__plant_ledger__evaluate__supported_breeding"": 0.0, ""aries_integrated_plant__plant_ledger__evaluate__supported_deposition"": 0.0, ""aries_integrated_plant__plant_ledger__evaluate__supported_hydraulics"": 0.0, ""aries_integrated_plant__plant_ledger__evaluate__supported_machine_map"": 0.0, ""aries_integrated_plant__plant_ledger__evaluate__supported_magnet"": 0.0, ""aries_integrated_plant__plant_ledger__evaluate__supported_materials"": 0.0, ""aries_integrated_plant__rejection_capacity__evaluate__supported"": 1.0, ""aries_integrated_plant__source_lifecycle_accounts__evaluate__breeding_supported"": 0.0, ""aries_integrated_plant__source_lifecycle_accounts__evaluate__supply_supported"": 0.0, ""aries_integrated_plant__turbine_capacity__evaluate__supported"": 1.0}"
area45k__exchange_fraction=0.06--no-credit,area45k,exchange_fraction=0.06,no-credit,423.10679410931664,3150453.1889379714,104.66770702324638,0.0,0.0,104.66770702324638,0.0,4332827411.4,0.0,122.31219795260274,True,not established,92.78378745593096,22.219025582029754,996.6919114122456,0.022061003786527138,1.587073255859268,0.0,0.0,3.301126391265427,1.5103869419399298,1.1384979069717462,-0.2276995813943493,1119.026170368635,45000.0,45.0,1.0,45000.0,52493130.00000001,45000.0,45.0,1.0,45000.0,52493130.00000001,{},"{""aries_integrated_plant__compressor_capacity__evaluate__supported"": 1.0, ""aries_integrated_plant__divertor_capacity__evaluate__supported"": 1.0, ""aries_integrated_plant__divertor_pump__evaluate__hydraulic_supported"": 0.0, ""aries_integrated_plant__divertor_pump__screen__supported"": 1.0, ""aries_integrated_plant__fuel_capacity__evaluate__supported"": 1.0, ""aries_integrated_plant__fuel_inventory__annual__breeding_supported"": 0.0, ""aries_integrated_plant__fuel_inventory__screen__supported"": 1.0, ""aries_integrated_plant__generator_capacity__evaluate__supported"": 1.0, ""aries_integrated_plant__he_capacity__evaluate__supported"": 1.0, ""aries_integrated_plant__he_pump__evaluate__hydraulic_supported"": 0.0, ""aries_integrated_plant__he_pump__screen__supported"": 1.0, ""aries_integrated_plant__lifecycle_accounts__evaluate__breeding_supported"": 0.0, ""aries_integrated_plant__lifecycle_accounts__evaluate__supply_supported"": 0.0, ""aries_integrated_plant__pbli_capacity__evaluate__supported"": 1.0, ""aries_integrated_plant__pbli_pump__evaluate__hydraulic_supported"": 0.0, ""aries_integrated_plant__pbli_pump__screen__supported"": 1.0, ""aries_integrated_plant__plant_ledger__evaluate__supported_breeding"": 0.0, ""aries_integrated_plant__plant_ledger__evaluate__supported_deposition"": 0.0, ""aries_integrated_plant__plant_ledger__evaluate__supported_hydraulics"": 0.0, ""aries_integrated_plant__plant_ledger__evaluate__supported_machine_map"": 0.0, ""aries_integrated_plant__plant_ledger__evaluate__supported_magnet"": 0.0, ""aries_integrated_plant__plant_ledger__evaluate__supported_materials"": 0.0, ""aries_integrated_plant__rejection_capacity__evaluate__supported"": 1.0, ""aries_integrated_plant__source_lifecycle_accounts__evaluate__breeding_supported"": 0.0, ""aries_integrated_plant__source_lifecycle_accounts__evaluate__supply_supported"": 0.0, ""aries_integrated_plant__turbine_capacity__evaluate__supported"": 1.0}"
area45k__exchange_fraction=0.06--feed100-service30m,area45k,exchange_fraction=0.06,feed100-service30m,423.10679410931664,3150453.1889379714,104.66770702324638,100.0,30000000.0,4.667707023246379,0.0,4332827411.4,0.0,122.31219795260274,True,not established,92.78378745593096,22.219025582029754,44.44795789668481,0.022061003786527138,1.587073255859268,0.0,9.522439535155609,3.301126391265427,1.5103869419399298,1.1384979069717462,-0.2276995813943493,176.3046563882297,45000.0,45.0,1.0,45000.0,52493130.00000001,45000.0,45.0,1.0,45000.0,52493130.00000001,{},"{""aries_integrated_plant__compressor_capacity__evaluate__supported"": 1.0, ""aries_integrated_plant__divertor_capacity__evaluate__supported"": 1.0, ""aries_integrated_plant__divertor_pump__evaluate__hydraulic_supported"": 0.0, ""aries_integrated_plant__divertor_pump__screen__supported"": 1.0, ""aries_integrated_plant__fuel_capacity__evaluate__supported"": 1.0, ""aries_integrated_plant__fuel_inventory__annual__breeding_supported"": 0.0, ""aries_integrated_plant__fuel_inventory__screen__supported"": 1.0, ""aries_integrated_plant__generator_capacity__evaluate__supported"": 1.0, ""aries_integrated_plant__he_capacity__evaluate__supported"": 1.0, ""aries_integrated_plant__he_pump__evaluate__hydraulic_supported"": 0.0, ""aries_integrated_plant__he_pump__screen__supported"": 1.0, ""aries_integrated_plant__lifecycle_accounts__evaluate__breeding_supported"": 0.0, ""aries_integrated_plant__lifecycle_accounts__evaluate__supply_supported"": 0.0, ""aries_integrated_plant__pbli_capacity__evaluate__supported"": 1.0, ""aries_integrated_plant__pbli_pump__evaluate__hydraulic_supported"": 0.0, ""aries_integrated_plant__pbli_pump__screen__supported"": 1.0, ""aries_integrated_plant__plant_ledger__evaluate__supported_breeding"": 0.0, ""aries_integrated_plant__plant_ledger__evaluate__supported_deposition"": 0.0, ""aries_integrated_plant__plant_ledger__evaluate__supported_hydraulics"": 0.0, ""aries_integrated_plant__plant_ledger__evaluate__supported_machine_map"": 0.0, ""aries_integrated_plant__plant_ledger__evaluate__supported_magnet"": 0.0, ""aries_integrated_plant__plant_ledger__evaluate__supported_materials"": 0.0, ""aries_integrated_plant__rejection_capacity__evaluate__supported"": 1.0, ""aries_integrated_plant__source_lifecycle_accounts__evaluate__breeding_supported"": 0.0, ""aries_integrated_plant__source_lifecycle_accounts__evaluate__supply_supported"": 0.0, ""aries_integrated_plant__turbine_capacity__evaluate__supported"": 1.0}"
area45k__other_load=2.5--no-credit,area45k,other_load=2.5,no-credit,425.60679410931664,3169068.1889379714,104.66770702324638,0.0,0.0,104.66770702324638,0.0,4332827411.4,0.0,121.59374021387838,True,not established,92.23877860773986,22.08851177274877,990.8373766326844,0.021931418191960355,1.5777508409106262,0.0,0.0,3.2817356858246587,1.501514979821111,1.1318104085416851,-0.22636208170833708,1112.4530482647547,45000.0,45.0,1.0,45000.0,52493130.00000001,45000.0,45.0,1.0,45000.0,52493130.00000001,{},"{""aries_integrated_plant__compressor_capacity__evaluate__supported"": 1.0, ""aries_integrated_plant__divertor_capacity__evaluate__supported"": 1.0, ""aries_integrated_plant__divertor_pump__evaluate__hydraulic_supported"": 0.0, ""aries_integrated_plant__divertor_pump__screen__supported"": 1.0, ""aries_integrated_plant__fuel_capacity__evaluate__supported"": 1.0, ""aries_integrated_plant__fuel_inventory__annual__breeding_supported"": 0.0, ""aries_integrated_plant__fuel_inventory__screen__supported"": 1.0, ""aries_integrated_plant__generator_capacity__evaluate__supported"": 1.0, ""aries_integrated_plant__he_capacity__evaluate__supported"": 1.0, ""aries_integrated_plant__he_pump__evaluate__hydraulic_supported"": 0.0, ""aries_integrated_plant__he_pump__screen__supported"": 1.0, ""aries_integrated_plant__lifecycle_accounts__evaluate__breeding_supported"": 0.0, ""aries_integrated_plant__lifecycle_accounts__evaluate__supply_supported"": 0.0, ""aries_integrated_plant__pbli_capacity__evaluate__supported"": 1.0, ""aries_integrated_plant__pbli_pump__evaluate__hydraulic_supported"": 0.0, ""aries_integrated_plant__pbli_pump__screen__supported"": 1.0, ""aries_integrated_plant__plant_ledger__evaluate__supported_breeding"": 0.0, ""aries_integrated_plant__plant_ledger__evaluate__supported_deposition"": 0.0, ""aries_integrated_plant__plant_ledger__evaluate__supported_hydraulics"": 0.0, ""aries_integrated_plant__plant_ledger__evaluate__supported_machine_map"": 0.0, ""aries_integrated_plant__plant_ledger__evaluate__supported_magnet"": 0.0, ""aries_integrated_plant__plant_ledger__evaluate__supported_materials"": 0.0, ""aries_integrated_plant__rejection_capacity__evaluate__supported"": 1.0, ""aries_integrated_plant__source_lifecycle_accounts__evaluate__breeding_supported"": 0.0, ""aries_integrated_plant__source_lifecycle_accounts__evaluate__supply_supported"": 0.0, ""aries_integrated_plant__turbine_capacity__evaluate__supported"": 1.0}"
area45k__other_load=2.5--feed100-service30m,area45k,other_load=2.5,feed100-service30m,425.60679410931664,3169068.1889379714,104.66770702324638,100.0,30000000.0,4.667707023246379,0.0,4332827411.4,0.0,121.59374021387838,True,not established,92.23877860773986,22.08851177274877,44.18687208630846,0.021931418191960355,1.5777508409106262,0.0,9.466505045463759,3.2817356858246587,1.501514979821111,1.1318104085416851,-0.22636208170833708,175.26904876384256,45000.0,45.0,1.0,45000.0,52493130.00000001,45000.0,45.0,1.0,45000.0,52493130.00000001,{},"{""aries_integrated_plant__compressor_capacity__evaluate__supported"": 1.0, ""aries_integrated_plant__divertor_capacity__evaluate__supported"": 1.0, ""aries_integrated_plant__divertor_pump__evaluate__hydraulic_supported"": 0.0, ""aries_integrated_plant__divertor_pump__screen__supported"": 1.0, ""aries_integrated_plant__fuel_capacity__evaluate__supported"": 1.0, ""aries_integrated_plant__fuel_inventory__annual__breeding_supported"": 0.0, ""aries_integrated_plant__fuel_inventory__screen__supported"": 1.0, ""aries_integrated_plant__generator_capacity__evaluate__supported"": 1.0, ""aries_integrated_plant__he_capacity__evaluate__supported"": 1.0, ""aries_integrated_plant__he_pump__evaluate__hydraulic_supported"": 0.0, ""aries_integrated_plant__he_pump__screen__supported"": 1.0, ""aries_integrated_plant__lifecycle_accounts__evaluate__breeding_supported"": 0.0, ""aries_integrated_plant__lifecycle_accounts__evaluate__supply_supported"": 0.0, ""aries_integrated_plant__pbli_capacity__evaluate__supported"": 1.0, ""aries_integrated_plant__pbli_pump__evaluate__hydraulic_supported"": 0.0, ""aries_integrated_plant__pbli_pump__screen__supported"": 1.0, ""aries_integrated_plant__plant_ledger__evaluate__supported_breeding"": 0.0, ""aries_integrated_plant__plant_ledger__evaluate__supported_deposition"": 0.0, ""aries_integrated_plant__plant_ledger__evaluate__supported_hydraulics"": 0.0, ""aries_integrated_plant__plant_ledger__evaluate__supported_machine_map"": 0.0, ""aries_integrated_plant__plant_ledger__evaluate__supported_magnet"": 0.0, ""aries_integrated_plant__plant_ledger__evaluate__supported_materials"": 0.0, ""aries_integrated_plant__rejection_capacity__evaluate__supported"": 1.0, ""aries_integrated_plant__source_lifecycle_accounts__evaluate__breeding_supported"": 0.0, ""aries_integrated_plant__source_lifecycle_accounts__evaluate__supply_supported"": 0.0, ""aries_integrated_plant__turbine_capacity__evaluate__supported"": 1.0}"
area45k__other_load=7.5--no-credit,area45k,other_load=7.5,no-credit,420.60679410931664,3131838.1889379714,104.66770702324638,0.0,0.0,104.66770702324638,0.0,4332827411.4,0.0,123.03919642044498,True,not established,93.33527514440502,22.351090885617403,1002.6160424853234,0.0221921298411671,1.5965064918298144,0.0,0.0,3.3207476054106717,1.519364370283297,1.1452649036234686,-0.2290529807246937,1125.6774310356095,45000.0,45.0,1.0,45000.0,52493130.00000001,45000.0,45.0,1.0,45000.0,52493130.00000001,{},"{""aries_integrated_plant__compressor_capacity__evaluate__supported"": 1.0, ""aries_integrated_plant__divertor_capacity__evaluate__supported"": 1.0, ""aries_integrated_plant__divertor_pump__evaluate__hydraulic_supported"": 0.0, ""aries_integrated_plant__divertor_pump__screen__supported"": 1.0, ""aries_integrated_plant__fuel_capacity__evaluate__supported"": 1.0, ""aries_integrated_plant__fuel_inventory__annual__breeding_supported"": 0.0, ""aries_integrated_plant__fuel_inventory__screen__supported"": 1.0, ""aries_integrated_plant__generator_capacity__evaluate__supported"": 1.0, ""aries_integrated_plant__he_capacity__evaluate__supported"": 1.0, ""aries_integrated_plant__he_pump__evaluate__hydraulic_supported"": 0.0, ""aries_integrated_plant__he_pump__screen__supported"": 1.0, ""aries_integrated_plant__lifecycle_accounts__evaluate__breeding_supported"": 0.0, ""aries_integrated_plant__lifecycle_accounts__evaluate__supply_supported"": 0.0, ""aries_integrated_plant__pbli_capacity__evaluate__supported"": 1.0, ""aries_integrated_plant__pbli_pump__evaluate__hydraulic_supported"": 0.0, ""aries_integrated_plant__pbli_pump__screen__supported"": 1.0, ""aries_integrated_plant__plant_ledger__evaluate__supported_breeding"": 0.0, ""aries_integrated_plant__plant_ledger__evaluate__supported_deposition"": 0.0, ""aries_integrated_plant__plant_ledger__evaluate__supported_hydraulics"": 0.0, ""aries_integrated_plant__plant_ledger__evaluate__supported_machine_map"": 0.0, ""aries_integrated_plant__plant_ledger__evaluate__supported_magnet"": 0.0, ""aries_integrated_plant__plant_ledger__evaluate__supported_materials"": 0.0, ""aries_integrated_plant__rejection_capacity__evaluate__supported"": 1.0, ""aries_integrated_plant__source_lifecycle_accounts__evaluate__breeding_supported"": 0.0, ""aries_integrated_plant__source_lifecycle_accounts__evaluate__supply_supported"": 0.0, ""aries_integrated_plant__turbine_capacity__evaluate__supported"": 1.0}"
area45k__other_load=7.5--feed100-service30m,area45k,other_load=7.5,feed100-service30m,420.60679410931664,3131838.1889379714,104.66770702324638,100.0,30000000.0,4.667707023246379,0.0,4332827411.4,0.0,123.03919642044498,True,not established,93.33527514440502,22.351090885617403,44.71214738743477,0.0221921298411671,1.5965064918298144,0.0,9.579038950978886,3.3207476054106717,1.519364370283297,1.1452649036234686,-0.2290529807246937,177.3525748886998,45000.0,45.0,1.0,45000.0,52493130.00000001,45000.0,45.0,1.0,45000.0,52493130.00000001,{},"{""aries_integrated_plant__compressor_capacity__evaluate__supported"": 1.0, ""aries_integrated_plant__divertor_capacity__evaluate__supported"": 1.0, ""aries_integrated_plant__divertor_pump__evaluate__hydraulic_supported"": 0.0, ""aries_integrated_plant__divertor_pump__screen__supported"": 1.0, ""aries_integrated_plant__fuel_capacity__evaluate__supported"": 1.0, ""aries_integrated_plant__fuel_inventory__annual__breeding_supported"": 0.0, ""aries_integrated_plant__fuel_inventory__screen__supported"": 1.0, ""aries_integrated_plant__generator_capacity__evaluate__supported"": 1.0, ""aries_integrated_plant__he_capacity__evaluate__supported"": 1.0, ""aries_integrated_plant__he_pump__evaluate__hydraulic_supported"": 0.0, ""aries_integrated_plant__he_pump__screen__supported"": 1.0, ""aries_integrated_plant__lifecycle_accounts__evaluate__breeding_supported"": 0.0, ""aries_integrated_plant__lifecycle_accounts__evaluate__supply_supported"": 0.0, ""aries_integrated_plant__pbli_capacity__evaluate__supported"": 1.0, ""aries_integrated_plant__pbli_pump__evaluate__hydraulic_supported"": 0.0, ""aries_integrated_plant__pbli_pump__screen__supported"": 1.0, ""aries_integrated_plant__plant_ledger__evaluate__supported_breeding"": 0.0, ""aries_integrated_plant__plant_ledger__evaluate__supported_deposition"": 0.0, ""aries_integrated_plant__plant_ledger__evaluate__supported_hydraulics"": 0.0, ""aries_integrated_plant__plant_ledger__evaluate__supported_machine_map"": 0.0, ""aries_integrated_plant__plant_ledger__evaluate__supported_magnet"": 0.0, ""aries_integrated_plant__plant_ledger__evaluate__supported_materials"": 0.0, ""aries_integrated_plant__rejection_capacity__evaluate__supported"": 1.0, ""aries_integrated_plant__source_lifecycle_accounts__evaluate__breeding_supported"": 0.0, ""aries_integrated_plant__source_lifecycle_accounts__evaluate__supply_supported"": 0.0, ""aries_integrated_plant__turbine_capacity__evaluate__supported"": 1.0}"
area45k__hx_price_factor=0.5--no-credit,area45k,hx_price_factor=0.5,no-credit,423.10679410931664,3150453.1889379714,104.66770702324638,0.0,0.0,104.66770702324638,0.0,4254612647.7,0.0,120.59358935419945,True,not established,91.10888529113141,22.219025582029754,996.6919114122456,0.022061003786527138,1.587073255859268,0.0,0.0,3.301126391265427,1.4831219376961475,1.1179461202718077,-0.22358922405436155,1117.3075617702318,45000.0,45.0,0.5,45000.0,26246565.000000004,45000.0,45.0,0.5,45000.0,26246565.000000004,{},"{""aries_integrated_plant__compressor_capacity__evaluate__supported"": 1.0, ""aries_integrated_plant__divertor_capacity__evaluate__supported"": 1.0, ""aries_integrated_plant__divertor_pump__evaluate__hydraulic_supported"": 0.0, ""aries_integrated_plant__divertor_pump__screen__supported"": 1.0, ""aries_integrated_plant__fuel_capacity__evaluate__supported"": 1.0, ""aries_integrated_plant__fuel_inventory__annual__breeding_supported"": 0.0, ""aries_integrated_plant__fuel_inventory__screen__supported"": 1.0, ""aries_integrated_plant__generator_capacity__evaluate__supported"": 1.0, ""aries_integrated_plant__he_capacity__evaluate__supported"": 1.0, ""aries_integrated_plant__he_pump__evaluate__hydraulic_supported"": 0.0, ""aries_integrated_plant__he_pump__screen__supported"": 1.0, ""aries_integrated_plant__lifecycle_accounts__evaluate__breeding_supported"": 0.0, ""aries_integrated_plant__lifecycle_accounts__evaluate__supply_supported"": 0.0, ""aries_integrated_plant__pbli_capacity__evaluate__supported"": 1.0, ""aries_integrated_plant__pbli_pump__evaluate__hydraulic_supported"": 0.0, ""aries_integrated_plant__pbli_pump__screen__supported"": 1.0, ""aries_integrated_plant__plant_ledger__evaluate__supported_breeding"": 0.0, ""aries_integrated_plant__plant_ledger__evaluate__supported_deposition"": 0.0, ""aries_integrated_plant__plant_ledger__evaluate__supported_hydraulics"": 0.0, ""aries_integrated_plant__plant_ledger__evaluate__supported_machine_map"": 0.0, ""aries_integrated_plant__plant_ledger__evaluate__supported_magnet"": 0.0, ""aries_integrated_plant__plant_ledger__evaluate__supported_materials"": 0.0, ""aries_integrated_plant__rejection_capacity__evaluate__supported"": 1.0, ""aries_integrated_plant__source_lifecycle_accounts__evaluate__breeding_supported"": 0.0, ""aries_integrated_plant__source_lifecycle_accounts__evaluate__supply_supported"": 0.0, ""aries_integrated_plant__turbine_capacity__evaluate__supported"": 1.0}"
area45k__hx_price_factor=0.5--feed100-service30m,area45k,hx_price_factor=0.5,feed100-service30m,423.10679410931664,3150453.1889379714,104.66770702324638,100.0,30000000.0,4.667707023246379,0.0,4254612647.7,0.0,120.59358935419945,True,not established,91.10888529113141,22.219025582029754,44.44795789668481,0.022061003786527138,1.587073255859268,0.0,9.522439535155609,3.301126391265427,1.4831219376961475,1.1179461202718077,-0.22358922405436155,174.58604778982638,45000.0,45.0,0.5,45000.0,26246565.000000004,45000.0,45.0,0.5,45000.0,26246565.000000004,{},"{""aries_integrated_plant__compressor_capacity__evaluate__supported"": 1.0, ""aries_integrated_plant__divertor_capacity__evaluate__supported"": 1.0, ""aries_integrated_plant__divertor_pump__evaluate__hydraulic_supported"": 0.0, ""aries_integrated_plant__divertor_pump__screen__supported"": 1.0, ""aries_integrated_plant__fuel_capacity__evaluate__supported"": 1.0, ""aries_integrated_plant__fuel_inventory__annual__breeding_supported"": 0.0, ""aries_integrated_plant__fuel_inventory__screen__supported"": 1.0, ""aries_integrated_plant__generator_capacity__evaluate__supported"": 1.0, ""aries_integrated_plant__he_capacity__evaluate__supported"": 1.0, ""aries_integrated_plant__he_pump__evaluate__hydraulic_supported"": 0.0, ""aries_integrated_plant__he_pump__screen__supported"": 1.0, ""aries_integrated_plant__lifecycle_accounts__evaluate__breeding_supported"": 0.0, ""aries_integrated_plant__lifecycle_accounts__evaluate__supply_supported"": 0.0, ""aries_integrated_plant__pbli_capacity__evaluate__supported"": 1.0, ""aries_integrated_plant__pbli_pump__evaluate__hydraulic_supported"": 0.0, ""aries_integrated_plant__pbli_pump__screen__supported"": 1.0, ""aries_integrated_plant__plant_ledger__evaluate__supported_breeding"": 0.0, ""aries_integrated_plant__plant_ledger__evaluate__supported_deposition"": 0.0, ""aries_integrated_plant__plant_ledger__evaluate__supported_hydraulics"": 0.0, ""aries_integrated_plant__plant_ledger__evaluate__supported_machine_map"": 0.0, ""aries_integrated_plant__plant_ledger__evaluate__supported_magnet"": 0.0, ""aries_integrated_plant__plant_ledger__evaluate__supported_materials"": 0.0, ""aries_integrated_plant__rejection_capacity__evaluate__supported"": 1.0, ""aries_integrated_plant__source_lifecycle_accounts__evaluate__breeding_supported"": 0.0, ""aries_integrated_plant__source_lifecycle_accounts__evaluate__supply_supported"": 0.0, ""aries_integrated_plant__turbine_capacity__evaluate__supported"": 1.0}"
area45k__hx_price_factor=1.5--no-credit,area45k,hx_price_factor=1.5,no-credit,423.10679410931664,3150453.1889379714,104.66770702324638,0.0,0.0,104.66770702324638,0.0,4411042175.1,0.0,124.03080655100604,True,not established,94.45868962073052,22.219025582029754,996.6919114122456,0.022061003786527138,1.587073255859268,0.0,0.0,3.301126391265427,1.5376519461837124,1.159049693671685,-0.23180993873433697,1120.7447789670382,45000.0,45.0,1.5,45000.0,78739695.00000001,45000.0,45.0,1.5,45000.0,78739695.00000001,{},"{""aries_integrated_plant__compressor_capacity__evaluate__supported"": 1.0, ""aries_integrated_plant__divertor_capacity__evaluate__supported"": 1.0, ""aries_integrated_plant__divertor_pump__evaluate__hydraulic_supported"": 0.0, ""aries_integrated_plant__divertor_pump__screen__supported"": 1.0, ""aries_integrated_plant__fuel_capacity__evaluate__supported"": 1.0, ""aries_integrated_plant__fuel_inventory__annual__breeding_supported"": 0.0, ""aries_integrated_plant__fuel_inventory__screen__supported"": 1.0, ""aries_integrated_plant__generator_capacity__evaluate__supported"": 1.0, ""aries_integrated_plant__he_capacity__evaluate__supported"": 1.0, ""aries_integrated_plant__he_pump__evaluate__hydraulic_supported"": 0.0, ""aries_integrated_plant__he_pump__screen__supported"": 1.0, ""aries_integrated_plant__lifecycle_accounts__evaluate__breeding_supported"": 0.0, ""aries_integrated_plant__lifecycle_accounts__evaluate__supply_supported"": 0.0, ""aries_integrated_plant__pbli_capacity__evaluate__supported"": 1.0, ""aries_integrated_plant__pbli_pump__evaluate__hydraulic_supported"": 0.0, ""aries_integrated_plant__pbli_pump__screen__supported"": 1.0, ""aries_integrated_plant__plant_ledger__evaluate__supported_breeding"": 0.0, ""aries_integrated_plant__plant_ledger__evaluate__supported_deposition"": 0.0, ""aries_integrated_plant__plant_ledger__evaluate__supported_hydraulics"": 0.0, ""aries_integrated_plant__plant_ledger__evaluate__supported_machine_map"": 0.0, ""aries_integrated_plant__plant_ledger__evaluate__supported_magnet"": 0.0, ""aries_integrated_plant__plant_ledger__evaluate__supported_materials"": 0.0, ""aries_integrated_plant__rejection_capacity__evaluate__supported"": 1.0, ""aries_integrated_plant__source_lifecycle_accounts__evaluate__breeding_supported"": 0.0, ""aries_integrated_plant__source_lifecycle_accounts__evaluate__supply_supported"": 0.0, ""aries_integrated_plant__turbine_capacity__evaluate__supported"": 1.0}"
area45k__hx_price_factor=1.5--feed100-service30m,area45k,hx_price_factor=1.5,feed100-service30m,423.10679410931664,3150453.1889379714,104.66770702324638,100.0,30000000.0,4.667707023246379,0.0,4411042175.1,0.0,124.03080655100604,True,not established,94.45868962073052,22.219025582029754,44.44795789668481,0.022061003786527138,1.587073255859268,0.0,9.522439535155609,3.301126391265427,1.5376519461837124,1.159049693671685,-0.23180993873433697,178.02326498663297,45000.0,45.0,1.5,45000.0,78739695.00000001,45000.0,45.0,1.5,45000.0,78739695.00000001,{},"{""aries_integrated_plant__compressor_capacity__evaluate__supported"": 1.0, ""aries_integrated_plant__divertor_capacity__evaluate__supported"": 1.0, ""aries_integrated_plant__divertor_pump__evaluate__hydraulic_supported"": 0.0, ""aries_integrated_plant__divertor_pump__screen__supported"": 1.0, ""aries_integrated_plant__fuel_capacity__evaluate__supported"": 1.0, ""aries_integrated_plant__fuel_inventory__annual__breeding_supported"": 0.0, ""aries_integrated_plant__fuel_inventory__screen__supported"": 1.0, ""aries_integrated_plant__generator_capacity__evaluate__supported"": 1.0, ""aries_integrated_plant__he_capacity__evaluate__supported"": 1.0, ""aries_integrated_plant__he_pump__evaluate__hydraulic_supported"": 0.0, ""aries_integrated_plant__he_pump__screen__supported"": 1.0, ""aries_integrated_plant__lifecycle_accounts__evaluate__breeding_supported"": 0.0, ""aries_integrated_plant__lifecycle_accounts__evaluate__supply_supported"": 0.0, ""aries_integrated_plant__pbli_capacity__evaluate__supported"": 1.0, ""aries_integrated_plant__pbli_pump__evaluate__hydraulic_supported"": 0.0, ""aries_integrated_plant__pbli_pump__screen__supported"": 1.0, ""aries_integrated_plant__plant_ledger__evaluate__supported_breeding"": 0.0, ""aries_integrated_plant__plant_ledger__evaluate__supported_deposition"": 0.0, ""aries_integrated_plant__plant_ledger__evaluate__supported_hydraulics"": 0.0, ""aries_integrated_plant__plant_ledger__evaluate__supported_machine_map"": 0.0, ""aries_integrated_plant__plant_ledger__evaluate__supported_magnet"": 0.0, ""aries_integrated_plant__plant_ledger__evaluate__supported_materials"": 0.0, ""aries_integrated_plant__rejection_capacity__evaluate__supported"": 1.0, ""aries_integrated_plant__source_lifecycle_accounts__evaluate__breeding_supported"": 0.0, ""aries_integrated_plant__source_lifecycle_accounts__evaluate__supply_supported"": 0.0, ""aries_integrated_plant__turbine_capacity__evaluate__supported"": 1.0}"
area45k__availability=0.75--no-credit,area45k,availability=0.75,no-credit,423.10679410931664,2779811.63729821,92.42000259460416,0.0,0.0,92.42000259460416,0.0,4332827411.4,0.0,138.043947830944,True,not established,105.15495911672176,25.181562326300387,997.4057380855147,0.022061003786527138,1.7986830233071704,0.0,0.0,3.164733394761717,1.7117718675319202,1.2902976279013123,-0.2580595255802625,1135.471746920245,45000.0,45.0,1.0,45000.0,52493130.00000001,45000.0,45.0,1.0,45000.0,52493130.00000001,{},"{""aries_integrated_plant__compressor_capacity__evaluate__supported"": 1.0, ""aries_integrated_plant__divertor_capacity__evaluate__supported"": 1.0, ""aries_integrated_plant__divertor_pump__evaluate__hydraulic_supported"": 0.0, ""aries_integrated_plant__divertor_pump__screen__supported"": 1.0, ""aries_integrated_plant__fuel_capacity__evaluate__supported"": 1.0, ""aries_integrated_plant__fuel_inventory__annual__breeding_supported"": 0.0, ""aries_integrated_plant__fuel_inventory__screen__supported"": 1.0, ""aries_integrated_plant__generator_capacity__evaluate__supported"": 1.0, ""aries_integrated_plant__he_capacity__evaluate__supported"": 1.0, ""aries_integrated_plant__he_pump__evaluate__hydraulic_supported"": 0.0, ""aries_integrated_plant__he_pump__screen__supported"": 1.0, ""aries_integrated_plant__lifecycle_accounts__evaluate__breeding_supported"": 0.0, ""aries_integrated_plant__lifecycle_accounts__evaluate__supply_supported"": 0.0, ""aries_integrated_plant__pbli_capacity__evaluate__supported"": 1.0, ""aries_integrated_plant__pbli_pump__evaluate__hydraulic_supported"": 0.0, ""aries_integrated_plant__pbli_pump__screen__supported"": 1.0, ""aries_integrated_plant__plant_ledger__evaluate__supported_breeding"": 0.0, ""aries_integrated_plant__plant_ledger__evaluate__supported_deposition"": 0.0, ""aries_integrated_plant__plant_ledger__evaluate__supported_hydraulics"": 0.0, ""aries_integrated_plant__plant_ledger__evaluate__supported_machine_map"": 0.0, ""aries_integrated_plant__plant_ledger__evaluate__supported_magnet"": 0.0, ""aries_integrated_plant__plant_ledger__evaluate__supported_materials"": 0.0, ""aries_integrated_plant__rejection_capacity__evaluate__supported"": 1.0, ""aries_integrated_plant__source_lifecycle_accounts__evaluate__breeding_supported"": 0.0, ""aries_integrated_plant__source_lifecycle_accounts__evaluate__supply_supported"": 0.0, ""aries_integrated_plant__turbine_capacity__evaluate__supported"": 1.0}"
area45k__availability=0.75--feed100-service30m,area45k,availability=0.75,feed100-service30m,423.10679410931664,2779811.63729821,92.42000259460416,100.0,30000000.0,0.0,7.579997405395844,4332827411.4,0.0,138.043947830944,True,not established,105.15495911672176,25.181562326300387,0.0,0.022061003786527138,1.7986830233071704,0.0,10.792098139843022,3.164733394761717,1.7117718675319202,1.2902976279013123,-0.2580595255802625,148.85810697457353,45000.0,45.0,1.0,45000.0,52493130.00000001,45000.0,45.0,1.0,45000.0,52493130.00000001,{},"{""aries_integrated_plant__compressor_capacity__evaluate__supported"": 1.0, ""aries_integrated_plant__divertor_capacity__evaluate__supported"": 1.0, ""aries_integrated_plant__divertor_pump__evaluate__hydraulic_supported"": 0.0, ""aries_integrated_plant__divertor_pump__screen__supported"": 1.0, ""aries_integrated_plant__fuel_capacity__evaluate__supported"": 1.0, ""aries_integrated_plant__fuel_inventory__annual__breeding_supported"": 0.0, ""aries_integrated_plant__fuel_inventory__screen__supported"": 1.0, ""aries_integrated_plant__generator_capacity__evaluate__supported"": 1.0, ""aries_integrated_plant__he_capacity__evaluate__supported"": 1.0, ""aries_integrated_plant__he_pump__evaluate__hydraulic_supported"": 0.0, ""aries_integrated_plant__he_pump__screen__supported"": 1.0, ""aries_integrated_plant__lifecycle_accounts__evaluate__breeding_supported"": 0.0, ""aries_integrated_plant__lifecycle_accounts__evaluate__supply_supported"": 0.0, ""aries_integrated_plant__pbli_capacity__evaluate__supported"": 1.0, ""aries_integrated_plant__pbli_pump__evaluate__hydraulic_supported"": 0.0, ""aries_integrated_plant__pbli_pump__screen__supported"": 1.0, ""aries_integrated_plant__plant_ledger__evaluate__supported_breeding"": 0.0, ""aries_integrated_plant__plant_ledger__evaluate__supported_deposition"": 0.0, ""aries_integrated_plant__plant_ledger__evaluate__supported_hydraulics"": 0.0, ""aries_integrated_plant__plant_ledger__evaluate__supported_machine_map"": 0.0, ""aries_integrated_plant__plant_ledger__evaluate__supported_magnet"": 0.0, ""aries_integrated_plant__plant_ledger__evaluate__supported_materials"": 0.0, ""aries_integrated_plant__rejection_capacity__evaluate__supported"": 1.0, ""aries_integrated_plant__source_lifecycle_accounts__evaluate__breeding_supported"": 0.0, ""aries_integrated_plant__source_lifecycle_accounts__evaluate__supply_supported"": 0.0, ""aries_integrated_plant__turbine_capacity__evaluate__supported"": 1.0}"
area45k__availability=0.95--no-credit,area45k,availability=0.95,no-credit,423.10679410931664,3521094.7405777327,116.9154114518886,0.0,0.0,116.9154114518886,0.0,4332827411.4,0.0,109.89033612337462,True,not established,83.0170729868856,19.880180783921357,996.128364038612,0.022061003786527134,1.4200129131372399,0.0,0.0,3.406745779020196,1.3513988427883583,1.018656022027352,-0.2037312044054704,1106.0407611657731,45000.0,45.0,1.0,45000.0,52493130.00000001,45000.0,45.0,1.0,45000.0,52493130.00000001,{},"{""aries_integrated_plant__compressor_capacity__evaluate__supported"": 1.0, ""aries_integrated_plant__divertor_capacity__evaluate__supported"": 1.0, ""aries_integrated_plant__divertor_pump__evaluate__hydraulic_supported"": 0.0, ""aries_integrated_plant__divertor_pump__screen__supported"": 1.0, ""aries_integrated_plant__fuel_capacity__evaluate__supported"": 1.0, ""aries_integrated_plant__fuel_inventory__annual__breeding_supported"": 0.0, ""aries_integrated_plant__fuel_inventory__screen__supported"": 1.0, ""aries_integrated_plant__generator_capacity__evaluate__supported"": 1.0, ""aries_integrated_plant__he_capacity__evaluate__supported"": 1.0, ""aries_integrated_plant__he_pump__evaluate__hydraulic_supported"": 0.0, ""aries_integrated_plant__he_pump__screen__supported"": 1.0, ""aries_integrated_plant__lifecycle_accounts__evaluate__breeding_supported"": 0.0, ""aries_integrated_plant__lifecycle_accounts__evaluate__supply_supported"": 0.0, ""aries_integrated_plant__pbli_capacity__evaluate__supported"": 1.0, ""aries_integrated_plant__pbli_pump__evaluate__hydraulic_supported"": 0.0, ""aries_integrated_plant__pbli_pump__screen__supported"": 1.0, ""aries_integrated_plant__plant_ledger__evaluate__supported_breeding"": 0.0, ""aries_integrated_plant__plant_ledger__evaluate__supported_deposition"": 0.0, ""aries_integrated_plant__plant_ledger__evaluate__supported_hydraulics"": 0.0, ""aries_integrated_plant__plant_ledger__evaluate__supported_machine_map"": 0.0, ""aries_integrated_plant__plant_ledger__evaluate__supported_magnet"": 0.0, ""aries_integrated_plant__plant_ledger__evaluate__supported_materials"": 0.0, ""aries_integrated_plant__rejection_capacity__evaluate__supported"": 1.0, ""aries_integrated_plant__source_lifecycle_accounts__evaluate__breeding_supported"": 0.0, ""aries_integrated_plant__source_lifecycle_accounts__evaluate__supply_supported"": 0.0, ""aries_integrated_plant__turbine_capacity__evaluate__supported"": 1.0}"
area45k__availability=0.95--feed100-service30m,area45k,availability=0.95,feed100-service30m,423.10679410931664,3521094.7405777327,116.9154114518886,100.0,30000000.0,16.915411451888602,0.0,4332827411.4,0.0,109.89033612337462,True,not established,83.0170729868856,19.880180783921357,144.12061615626806,0.022061003786527134,1.4200129131372399,0.0,8.520077478823438,3.406745779020196,1.3513988427883583,1.018656022027352,-0.2037312044054704,262.5530907622526,45000.0,45.0,1.0,45000.0,52493130.00000001,45000.0,45.0,1.0,45000.0,52493130.00000001,{},"{""aries_integrated_plant__compressor_capacity__evaluate__supported"": 1.0, ""aries_integrated_plant__divertor_capacity__evaluate__supported"": 1.0, ""aries_integrated_plant__divertor_pump__evaluate__hydraulic_supported"": 0.0, ""aries_integrated_plant__divertor_pump__screen__supported"": 1.0, ""aries_integrated_plant__fuel_capacity__evaluate__supported"": 1.0, ""aries_integrated_plant__fuel_inventory__annual__breeding_supported"": 0.0, ""aries_integrated_plant__fuel_inventory__screen__supported"": 1.0, ""aries_integrated_plant__generator_capacity__evaluate__supported"": 1.0, ""aries_integrated_plant__he_capacity__evaluate__supported"": 1.0, ""aries_integrated_plant__he_pump__evaluate__hydraulic_supported"": 0.0, ""aries_integrated_plant__he_pump__screen__supported"": 1.0, ""aries_integrated_plant__lifecycle_accounts__evaluate__breeding_supported"": 0.0, ""aries_integrated_plant__lifecycle_accounts__evaluate__supply_supported"": 0.0, ""aries_integrated_plant__pbli_capacity__evaluate__supported"": 1.0, ""aries_integrated_plant__pbli_pump__evaluate__hydraulic_supported"": 0.0, ""aries_integrated_plant__pbli_pump__screen__supported"": 1.0, ""aries_integrated_plant__plant_ledger__evaluate__supported_breeding"": 0.0, ""aries_integrated_plant__plant_ledger__evaluate__supported_deposition"": 0.0, ""aries_integrated_plant__plant_ledger__evaluate__supported_hydraulics"": 0.0, ""aries_integrated_plant__plant_ledger__evaluate__supported_machine_map"": 0.0, ""aries_integrated_plant__plant_ledger__evaluate__supported_magnet"": 0.0, ""aries_integrated_plant__plant_ledger__evaluate__supported_materials"": 0.0, ""aries_integrated_plant__rejection_capacity__evaluate__supported"": 1.0, ""aries_integrated_plant__source_lifecycle_accounts__evaluate__breeding_supported"": 0.0, ""aries_integrated_plant__source_lifecycle_accounts__evaluate__supply_supported"": 0.0, ""aries_integrated_plant__turbine_capacity__evaluate__supported"": 1.0}"
area45k__tritium_price=10000000.0--no-credit,area45k,tritium_price=10000000.0,no-credit,423.10679410931664,3150453.1889379714,104.66770702324638,0.0,0.0,104.66770702324638,0.0,4034827411.4,0.0,115.764260733377,True,not established,86.4023727268053,22.219025582029754,332.2306371374152,0.022061003786527138,1.587073255859268,0.0,0.0,3.301126391265427,1.4065066656303165,1.0601951397336773,-0.21203902794673543,448.0169588745788,45000.0,45.0,1.0,45000.0,52493130.00000001,45000.0,45.0,1.0,45000.0,52493130.00000001,{},"{""aries_integrated_plant__compressor_capacity__evaluate__supported"": 1.0, ""aries_integrated_plant__divertor_capacity__evaluate__supported"": 1.0, ""aries_integrated_plant__divertor_pump__evaluate__hydraulic_supported"": 0.0, ""aries_integrated_plant__divertor_pump__screen__supported"": 1.0, ""aries_integrated_plant__fuel_capacity__evaluate__supported"": 1.0, ""aries_integrated_plant__fuel_inventory__annual__breeding_supported"": 0.0, ""aries_integrated_plant__fuel_inventory__screen__supported"": 1.0, ""aries_integrated_plant__generator_capacity__evaluate__supported"": 1.0, ""aries_integrated_plant__he_capacity__evaluate__supported"": 1.0, ""aries_integrated_plant__he_pump__evaluate__hydraulic_supported"": 0.0, ""aries_integrated_plant__he_pump__screen__supported"": 1.0, ""aries_integrated_plant__lifecycle_accounts__evaluate__breeding_supported"": 0.0, ""aries_integrated_plant__lifecycle_accounts__evaluate__supply_supported"": 0.0, ""aries_integrated_plant__pbli_capacity__evaluate__supported"": 1.0, ""aries_integrated_plant__pbli_pump__evaluate__hydraulic_supported"": 0.0, ""aries_integrated_plant__pbli_pump__screen__supported"": 1.0, ""aries_integrated_plant__plant_ledger__evaluate__supported_breeding"": 0.0, ""aries_integrated_plant__plant_ledger__evaluate__supported_deposition"": 0.0, ""aries_integrated_plant__plant_ledger__evaluate__supported_hydraulics"": 0.0, ""aries_integrated_plant__plant_ledger__evaluate__supported_machine_map"": 0.0, ""aries_integrated_plant__plant_ledger__evaluate__supported_magnet"": 0.0, ""aries_integrated_plant__plant_ledger__evaluate__supported_materials"": 0.0, ""aries_integrated_plant__rejection_capacity__evaluate__supported"": 1.0, ""aries_integrated_plant__source_lifecycle_accounts__evaluate__breeding_supported"": 0.0, ""aries_integrated_plant__source_lifecycle_accounts__evaluate__supply_supported"": 0.0, ""aries_integrated_plant__turbine_capacity__evaluate__supported"": 1.0}"
area45k__tritium_price=10000000.0--feed100-service30m,area45k,tritium_price=10000000.0,feed100-service30m,423.10679410931664,3150453.1889379714,104.66770702324638,100.0,30000000.0,4.667707023246379,0.0,4034827411.4,0.0,115.764260733377,True,not established,86.4023727268053,22.219025582029754,14.815985965561607,0.022061003786527138,1.587073255859268,0.0,9.522439535155609,3.301126391265427,1.4065066656303165,1.0601951397336773,-0.21203902794673543,140.12474723788077,45000.0,45.0,1.0,45000.0,52493130.00000001,45000.0,45.0,1.0,45000.0,52493130.00000001,{},"{""aries_integrated_plant__compressor_capacity__evaluate__supported"": 1.0, ""aries_integrated_plant__divertor_capacity__evaluate__supported"": 1.0, ""aries_integrated_plant__divertor_pump__evaluate__hydraulic_supported"": 0.0, ""aries_integrated_plant__divertor_pump__screen__supported"": 1.0, ""aries_integrated_plant__fuel_capacity__evaluate__supported"": 1.0, ""aries_integrated_plant__fuel_inventory__annual__breeding_supported"": 0.0, ""aries_integrated_plant__fuel_inventory__screen__supported"": 1.0, ""aries_integrated_plant__generator_capacity__evaluate__supported"": 1.0, ""aries_integrated_plant__he_capacity__evaluate__supported"": 1.0, ""aries_integrated_plant__he_pump__evaluate__hydraulic_supported"": 0.0, ""aries_integrated_plant__he_pump__screen__supported"": 1.0, ""aries_integrated_plant__lifecycle_accounts__evaluate__breeding_supported"": 0.0, ""aries_integrated_plant__lifecycle_accounts__evaluate__supply_supported"": 0.0, ""aries_integrated_plant__pbli_capacity__evaluate__supported"": 1.0, ""aries_integrated_plant__pbli_pump__evaluate__hydraulic_supported"": 0.0, ""aries_integrated_plant__pbli_pump__screen__supported"": 1.0, ""aries_integrated_plant__plant_ledger__evaluate__supported_breeding"": 0.0, ""aries_integrated_plant__plant_ledger__evaluate__supported_deposition"": 0.0, ""aries_integrated_plant__plant_ledger__evaluate__supported_hydraulics"": 0.0, ""aries_integrated_plant__plant_ledger__evaluate__supported_machine_map"": 0.0, ""aries_integrated_plant__plant_ledger__evaluate__supported_magnet"": 0.0, ""aries_integrated_plant__plant_ledger__evaluate__supported_materials"": 0.0, ""aries_integrated_plant__rejection_capacity__evaluate__supported"": 1.0, ""aries_integrated_plant__source_lifecycle_accounts__evaluate__breeding_supported"": 0.0, ""aries_integrated_plant__source_lifecycle_accounts__evaluate__supply_supported"": 0.0, ""aries_integrated_plant__turbine_capacity__evaluate__supported"": 1.0}"
area45k__tritium_price=100000000.0--no-credit,area45k,tritium_price=100000000.0,no-credit,423.10679410931664,3150453.1889379714,104.66770702324638,0.0,0.0,104.66770702324638,0.0,5375827411.4,0.0,145.22997821989284,True,not established,115.11873900787083,22.219025582029754,3322.306371374152,0.022061003786527138,1.587073255859268,0.0,0.0,3.301126391265427,1.8739679090235768,1.4125575923049887,-0.28251151846099776,3467.5584105978314,45000.0,45.0,1.0,45000.0,52493130.00000001,45000.0,45.0,1.0,45000.0,52493130.00000001,{},"{""aries_integrated_plant__compressor_capacity__evaluate__supported"": 1.0, ""aries_integrated_plant__divertor_capacity__evaluate__supported"": 1.0, ""aries_integrated_plant__divertor_pump__evaluate__hydraulic_supported"": 0.0, ""aries_integrated_plant__divertor_pump__screen__supported"": 1.0, ""aries_integrated_plant__fuel_capacity__evaluate__supported"": 1.0, ""aries_integrated_plant__fuel_inventory__annual__breeding_supported"": 0.0, ""aries_integrated_plant__fuel_inventory__screen__supported"": 1.0, ""aries_integrated_plant__generator_capacity__evaluate__supported"": 1.0, ""aries_integrated_plant__he_capacity__evaluate__supported"": 1.0, ""aries_integrated_plant__he_pump__evaluate__hydraulic_supported"": 0.0, ""aries_integrated_plant__he_pump__screen__supported"": 1.0, ""aries_integrated_plant__lifecycle_accounts__evaluate__breeding_supported"": 0.0, ""aries_integrated_plant__lifecycle_accounts__evaluate__supply_supported"": 0.0, ""aries_integrated_plant__pbli_capacity__evaluate__supported"": 1.0, ""aries_integrated_plant__pbli_pump__evaluate__hydraulic_supported"": 0.0, ""aries_integrated_plant__pbli_pump__screen__supported"": 1.0, ""aries_integrated_plant__plant_ledger__evaluate__supported_breeding"": 0.0, ""aries_integrated_plant__plant_ledger__evaluate__supported_deposition"": 0.0, ""aries_integrated_plant__plant_ledger__evaluate__supported_hydraulics"": 0.0, ""aries_integrated_plant__plant_ledger__evaluate__supported_machine_map"": 0.0, ""aries_integrated_plant__plant_ledger__evaluate__supported_magnet"": 0.0, ""aries_integrated_plant__plant_ledger__evaluate__supported_materials"": 0.0, ""aries_integrated_plant__rejection_capacity__evaluate__supported"": 1.0, ""aries_integrated_plant__source_lifecycle_accounts__evaluate__breeding_supported"": 0.0, ""aries_integrated_plant__source_lifecycle_accounts__evaluate__supply_supported"": 0.0, ""aries_integrated_plant__turbine_capacity__evaluate__supported"": 1.0}"
area45k__tritium_price=100000000.0--feed100-service30m,area45k,tritium_price=100000000.0,feed100-service30m,423.10679410931664,3150453.1889379714,104.66770702324638,100.0,30000000.0,4.667707023246379,0.0,5375827411.4,0.0,145.22997821989284,True,not established,115.11873900787083,22.219025582029754,148.15985965561606,0.022061003786527138,1.587073255859268,0.0,9.522439535155609,3.301126391265427,1.8739679090235768,1.4125575923049887,-0.28251151846099776,302.934338414451,45000.0,45.0,1.0,45000.0,52493130.00000001,45000.0,45.0,1.0,45000.0,52493130.00000001,{},"{""aries_integrated_plant__compressor_capacity__evaluate__supported"": 1.0, ""aries_integrated_plant__divertor_capacity__evaluate__supported"": 1.0, ""aries_integrated_plant__divertor_pump__evaluate__hydraulic_supported"": 0.0, ""aries_integrated_plant__divertor_pump__screen__supported"": 1.0, ""aries_integrated_plant__fuel_capacity__evaluate__supported"": 1.0, ""aries_integrated_plant__fuel_inventory__annual__breeding_supported"": 0.0, ""aries_integrated_plant__fuel_inventory__screen__supported"": 1.0, ""aries_integrated_plant__generator_capacity__evaluate__supported"": 1.0, ""aries_integrated_plant__he_capacity__evaluate__supported"": 1.0, ""aries_integrated_plant__he_pump__evaluate__hydraulic_supported"": 0.0, ""aries_integrated_plant__he_pump__screen__supported"": 1.0, ""aries_integrated_plant__lifecycle_accounts__evaluate__breeding_supported"": 0.0, ""aries_integrated_plant__lifecycle_accounts__evaluate__supply_supported"": 0.0, ""aries_integrated_plant__pbli_capacity__evaluate__supported"": 1.0, ""aries_integrated_plant__pbli_pump__evaluate__hydraulic_supported"": 0.0, ""aries_integrated_plant__pbli_pump__screen__supported"": 1.0, ""aries_integrated_plant__plant_ledger__evaluate__supported_breeding"": 0.0, ""aries_integrated_plant__plant_ledger__evaluate__supported_deposition"": 0.0, ""aries_integrated_plant__plant_ledger__evaluate__supported_hydraulics"": 0.0, ""aries_integrated_plant__plant_ledger__evaluate__supported_machine_map"": 0.0, ""aries_integrated_plant__plant_ledger__evaluate__supported_magnet"": 0.0, ""aries_integrated_plant__plant_ledger__evaluate__supported_materials"": 0.0, ""aries_integrated_plant__rejection_capacity__evaluate__supported"": 1.0, ""aries_integrated_plant__source_lifecycle_accounts__evaluate__breeding_supported"": 0.0, ""aries_integrated_plant__source_lifecycle_accounts__evaluate__supply_supported"": 0.0, ""aries_integrated_plant__turbine_capacity__evaluate__supported"": 1.0}"
area45k__discount=0.03--no-credit,area45k,discount=0.03,no-credit,423.10679410931664,3150453.1889379714,104.66770702324638,0.0,0.0,104.66770702324638,0.0,4332827411.4,0.0,95.3113745272944,True,not established,65.01602590717272,22.219025582029754,996.6919114122456,0.022061003786527138,1.587073255859268,0.0,0.0,3.382912646736539,1.6471541921427835,1.823978679191677,-0.3647957358383354,1092.0253469433267,45000.0,45.0,1.0,45000.0,52493130.00000001,45000.0,45.0,1.0,45000.0,52493130.00000001,{},"{""aries_integrated_plant__compressor_capacity__evaluate__supported"": 1.0, ""aries_integrated_plant__divertor_capacity__evaluate__supported"": 1.0, ""aries_integrated_plant__divertor_pump__evaluate__hydraulic_supported"": 0.0, ""aries_integrated_plant__divertor_pump__screen__supported"": 1.0, ""aries_integrated_plant__fuel_capacity__evaluate__supported"": 1.0, ""aries_integrated_plant__fuel_inventory__annual__breeding_supported"": 0.0, ""aries_integrated_plant__fuel_inventory__screen__supported"": 1.0, ""aries_integrated_plant__generator_capacity__evaluate__supported"": 1.0, ""aries_integrated_plant__he_capacity__evaluate__supported"": 1.0, ""aries_integrated_plant__he_pump__evaluate__hydraulic_supported"": 0.0, ""aries_integrated_plant__he_pump__screen__supported"": 1.0, ""aries_integrated_plant__lifecycle_accounts__evaluate__breeding_supported"": 0.0, ""aries_integrated_plant__lifecycle_accounts__evaluate__supply_supported"": 0.0, ""aries_integrated_plant__pbli_capacity__evaluate__supported"": 1.0, ""aries_integrated_plant__pbli_pump__evaluate__hydraulic_supported"": 0.0, ""aries_integrated_plant__pbli_pump__screen__supported"": 1.0, ""aries_integrated_plant__plant_ledger__evaluate__supported_breeding"": 0.0, ""aries_integrated_plant__plant_ledger__evaluate__supported_deposition"": 0.0, ""aries_integrated_plant__plant_ledger__evaluate__supported_hydraulics"": 0.0, ""aries_integrated_plant__plant_ledger__evaluate__supported_machine_map"": 0.0, ""aries_integrated_plant__plant_ledger__evaluate__supported_magnet"": 0.0, ""aries_integrated_plant__plant_ledger__evaluate__supported_materials"": 0.0, ""aries_integrated_plant__rejection_capacity__evaluate__supported"": 1.0, ""aries_integrated_plant__source_lifecycle_accounts__evaluate__breeding_supported"": 0.0, ""aries_integrated_plant__source_lifecycle_accounts__evaluate__supply_supported"": 0.0, ""aries_integrated_plant__turbine_capacity__evaluate__supported"": 1.0}"
area45k__discount=0.03--feed100-service30m,area45k,discount=0.03,feed100-service30m,423.10679410931664,3150453.1889379714,104.66770702324638,100.0,30000000.0,4.667707023246379,0.0,4332827411.4,0.0,95.3113745272944,True,not established,65.01602590717272,22.219025582029754,44.44795789668481,0.022061003786527138,1.587073255859268,0.0,9.522439535155609,3.382912646736539,1.6471541921427835,1.823978679191677,-0.3647957358383354,149.30383296292138,45000.0,45.0,1.0,45000.0,52493130.00000001,45000.0,45.0,1.0,45000.0,52493130.00000001,{},"{""aries_integrated_plant__compressor_capacity__evaluate__supported"": 1.0, ""aries_integrated_plant__divertor_capacity__evaluate__supported"": 1.0, ""aries_integrated_plant__divertor_pump__evaluate__hydraulic_supported"": 0.0, ""aries_integrated_plant__divertor_pump__screen__supported"": 1.0, ""aries_integrated_plant__fuel_capacity__evaluate__supported"": 1.0, ""aries_integrated_plant__fuel_inventory__annual__breeding_supported"": 0.0, ""aries_integrated_plant__fuel_inventory__screen__supported"": 1.0, ""aries_integrated_plant__generator_capacity__evaluate__supported"": 1.0, ""aries_integrated_plant__he_capacity__evaluate__supported"": 1.0, ""aries_integrated_plant__he_pump__evaluate__hydraulic_supported"": 0.0, ""aries_integrated_plant__he_pump__screen__supported"": 1.0, ""aries_integrated_plant__lifecycle_accounts__evaluate__breeding_supported"": 0.0, ""aries_integrated_plant__lifecycle_accounts__evaluate__supply_supported"": 0.0, ""aries_integrated_plant__pbli_capacity__evaluate__supported"": 1.0, ""aries_integrated_plant__pbli_pump__evaluate__hydraulic_supported"": 0.0, ""aries_integrated_plant__pbli_pump__screen__supported"": 1.0, ""aries_integrated_plant__plant_ledger__evaluate__supported_breeding"": 0.0, ""aries_integrated_plant__plant_ledger__evaluate__supported_deposition"": 0.0, ""aries_integrated_plant__plant_ledger__evaluate__supported_hydraulics"": 0.0, ""aries_integrated_plant__plant_ledger__evaluate__supported_machine_map"": 0.0, ""aries_integrated_plant__plant_ledger__evaluate__supported_magnet"": 0.0, ""aries_integrated_plant__plant_ledger__evaluate__supported_materials"": 0.0, ""aries_integrated_plant__rejection_capacity__evaluate__supported"": 1.0, ""aries_integrated_plant__source_lifecycle_accounts__evaluate__breeding_supported"": 0.0, ""aries_integrated_plant__source_lifecycle_accounts__evaluate__supply_supported"": 0.0, ""aries_integrated_plant__turbine_capacity__evaluate__supported"": 1.0}"
area45k__discount=0.08--no-credit,area45k,discount=0.08,no-credit,423.10679410931664,3150453.1889379714,104.66770702324638,0.0,0.0,104.66770702324638,0.0,4332827411.4,0.0,173.890508702242,True,not established,145.28651957183482,22.219025582029754,996.6919114122456,0.022061003786527138,1.587073255859268,0.0,0.0,3.135953243372784,1.2372257442221541,0.5308891311540264,-0.10617782623080528,1170.6044811182742,45000.0,45.0,1.0,45000.0,52493130.00000001,45000.0,45.0,1.0,45000.0,52493130.00000001,{},"{""aries_integrated_plant__compressor_capacity__evaluate__supported"": 1.0, ""aries_integrated_plant__divertor_capacity__evaluate__supported"": 1.0, ""aries_integrated_plant__divertor_pump__evaluate__hydraulic_supported"": 0.0, ""aries_integrated_plant__divertor_pump__screen__supported"": 1.0, ""aries_integrated_plant__fuel_capacity__evaluate__supported"": 1.0, ""aries_integrated_plant__fuel_inventory__annual__breeding_supported"": 0.0, ""aries_integrated_plant__fuel_inventory__screen__supported"": 1.0, ""aries_integrated_plant__generator_capacity__evaluate__supported"": 1.0, ""aries_integrated_plant__he_capacity__evaluate__supported"": 1.0, ""aries_integrated_plant__he_pump__evaluate__hydraulic_supported"": 0.0, ""aries_integrated_plant__he_pump__screen__supported"": 1.0, ""aries_integrated_plant__lifecycle_accounts__evaluate__breeding_supported"": 0.0, ""aries_integrated_plant__lifecycle_accounts__evaluate__supply_supported"": 0.0, ""aries_integrated_plant__pbli_capacity__evaluate__supported"": 1.0, ""aries_integrated_plant__pbli_pump__evaluate__hydraulic_supported"": 0.0, ""aries_integrated_plant__pbli_pump__screen__supported"": 1.0, ""aries_integrated_plant__plant_ledger__evaluate__supported_breeding"": 0.0, ""aries_integrated_plant__plant_ledger__evaluate__supported_deposition"": 0.0, ""aries_integrated_plant__plant_ledger__evaluate__supported_hydraulics"": 0.0, ""aries_integrated_plant__plant_ledger__evaluate__supported_machine_map"": 0.0, ""aries_integrated_plant__plant_ledger__evaluate__supported_magnet"": 0.0, ""aries_integrated_plant__plant_ledger__evaluate__supported_materials"": 0.0, ""aries_integrated_plant__rejection_capacity__evaluate__supported"": 1.0, ""aries_integrated_plant__source_lifecycle_accounts__evaluate__breeding_supported"": 0.0, ""aries_integrated_plant__source_lifecycle_accounts__evaluate__supply_supported"": 0.0, ""aries_integrated_plant__turbine_capacity__evaluate__supported"": 1.0}"
area45k__discount=0.08--feed100-service30m,area45k,discount=0.08,feed100-service30m,423.10679410931664,3150453.1889379714,104.66770702324638,100.0,30000000.0,4.667707023246379,0.0,4332827411.4,0.0,173.890508702242,True,not established,145.28651957183482,22.219025582029754,44.44795789668481,0.022061003786527138,1.587073255859268,0.0,9.522439535155609,3.135953243372784,1.2372257442221541,0.5308891311540264,-0.10617782623080528,227.88296713786895,45000.0,45.0,1.0,45000.0,52493130.00000001,45000.0,45.0,1.0,45000.0,52493130.00000001,{},"{""aries_integrated_plant__compressor_capacity__evaluate__supported"": 1.0, ""aries_integrated_plant__divertor_capacity__evaluate__supported"": 1.0, ""aries_integrated_plant__divertor_pump__evaluate__hydraulic_supported"": 0.0, ""aries_integrated_plant__divertor_pump__screen__supported"": 1.0, ""aries_integrated_plant__fuel_capacity__evaluate__supported"": 1.0, ""aries_integrated_plant__fuel_inventory__annual__breeding_supported"": 0.0, ""aries_integrated_plant__fuel_inventory__screen__supported"": 1.0, ""aries_integrated_plant__generator_capacity__evaluate__supported"": 1.0, ""aries_integrated_plant__he_capacity__evaluate__supported"": 1.0, ""aries_integrated_plant__he_pump__evaluate__hydraulic_supported"": 0.0, ""aries_integrated_plant__he_pump__screen__supported"": 1.0, ""aries_integrated_plant__lifecycle_accounts__evaluate__breeding_supported"": 0.0, ""aries_integrated_plant__lifecycle_accounts__evaluate__supply_supported"": 0.0, ""aries_integrated_plant__pbli_capacity__evaluate__supported"": 1.0, ""aries_integrated_plant__pbli_pump__evaluate__hydraulic_supported"": 0.0, ""aries_integrated_plant__pbli_pump__screen__supported"": 1.0, ""aries_integrated_plant__plant_ledger__evaluate__supported_breeding"": 0.0, ""aries_integrated_plant__plant_ledger__evaluate__supported_deposition"": 0.0, ""aries_integrated_plant__plant_ledger__evaluate__supported_hydraulics"": 0.0, ""aries_integrated_plant__plant_ledger__evaluate__supported_machine_map"": 0.0, ""aries_integrated_plant__plant_ledger__evaluate__supported_magnet"": 0.0, ""aries_integrated_plant__plant_ledger__evaluate__supported_materials"": 0.0, ""aries_integrated_plant__rejection_capacity__evaluate__supported"": 1.0, ""aries_integrated_plant__source_lifecycle_accounts__evaluate__breeding_supported"": 0.0, ""aries_integrated_plant__source_lifecycle_accounts__evaluate__supply_supported"": 0.0, ""aries_integrated_plant__turbine_capacity__evaluate__supported"": 1.0}"
near-feed-floor__default--no-credit,near-feed-floor,default,no-credit,349.5962292524173,2603093.523013499,99.52749857085036,0.0,0.0,99.52749857085036,0.0,4332827411.4,0.0,148.0311216938906,True,not established,112.29369075218003,26.891081469467817,1147.0294596518909,0.025381527789773525,1.9207915335334154,0.0,0.0,3.995263356657943,1.8279801765463677,1.3778930068813142,-0.2755786013762629,1295.0859628735711,45000.0,45.0,1.0,45000.0,52493130.00000001,45000.0,45.0,1.0,45000.0,52493130.00000001,{},"{""aries_integrated_plant__compressor_capacity__evaluate__supported"": 1.0, ""aries_integrated_plant__divertor_capacity__evaluate__supported"": 1.0, ""aries_integrated_plant__divertor_pump__evaluate__hydraulic_supported"": 0.0, ""aries_integrated_plant__divertor_pump__screen__supported"": 1.0, ""aries_integrated_plant__fuel_capacity__evaluate__supported"": 1.0, ""aries_integrated_plant__fuel_inventory__annual__breeding_supported"": 0.0, ""aries_integrated_plant__fuel_inventory__screen__supported"": 1.0, ""aries_integrated_plant__generator_capacity__evaluate__supported"": 1.0, ""aries_integrated_plant__he_capacity__evaluate__supported"": 1.0, ""aries_integrated_plant__he_pump__evaluate__hydraulic_supported"": 0.0, ""aries_integrated_plant__he_pump__screen__supported"": 1.0, ""aries_integrated_plant__lifecycle_accounts__evaluate__breeding_supported"": 0.0, ""aries_integrated_plant__lifecycle_accounts__evaluate__supply_supported"": 0.0, ""aries_integrated_plant__pbli_capacity__evaluate__supported"": 1.0, ""aries_integrated_plant__pbli_pump__evaluate__hydraulic_supported"": 0.0, ""aries_integrated_plant__pbli_pump__screen__supported"": 1.0, ""aries_integrated_plant__plant_ledger__evaluate__supported_breeding"": 0.0, ""aries_integrated_plant__plant_ledger__evaluate__supported_deposition"": 0.0, ""aries_integrated_plant__plant_ledger__evaluate__supported_hydraulics"": 0.0, ""aries_integrated_plant__plant_ledger__evaluate__supported_machine_map"": 0.0, ""aries_integrated_plant__plant_ledger__evaluate__supported_magnet"": 0.0, ""aries_integrated_plant__plant_ledger__evaluate__supported_materials"": 0.0, ""aries_integrated_plant__rejection_capacity__evaluate__supported"": 1.0, ""aries_integrated_plant__source_lifecycle_accounts__evaluate__breeding_supported"": 0.0, ""aries_integrated_plant__source_lifecycle_accounts__evaluate__supply_supported"": 0.0, ""aries_integrated_plant__turbine_capacity__evaluate__supported"": 1.0}"
near-feed-floor__default--feed100-service30m,near-feed-floor,default,feed100-service30m,349.5962292524173,2603093.523013499,99.52749857085036,100.0,30000000.0,0.0,0.472501429149645,4332827411.4,0.0,148.0311216938906,True,not established,112.29369075218003,26.891081469467817,0.0,0.025381527789773525,1.9207915335334154,0.0,11.524749201200493,3.995263356657943,1.8279801765463677,1.3778930068813142,-0.2755786013762629,159.58125242288088,45000.0,45.0,1.0,45000.0,52493130.00000001,45000.0,45.0,1.0,45000.0,52493130.00000001,{},"{""aries_integrated_plant__compressor_capacity__evaluate__supported"": 1.0, ""aries_integrated_plant__divertor_capacity__evaluate__supported"": 1.0, ""aries_integrated_plant__divertor_pump__evaluate__hydraulic_supported"": 0.0, ""aries_integrated_plant__divertor_pump__screen__supported"": 1.0, ""aries_integrated_plant__fuel_capacity__evaluate__supported"": 1.0, ""aries_integrated_plant__fuel_inventory__annual__breeding_supported"": 0.0, ""aries_integrated_plant__fuel_inventory__screen__supported"": 1.0, ""aries_integrated_plant__generator_capacity__evaluate__supported"": 1.0, ""aries_integrated_plant__he_capacity__evaluate__supported"": 1.0, ""aries_integrated_plant__he_pump__evaluate__hydraulic_supported"": 0.0, ""aries_integrated_plant__he_pump__screen__supported"": 1.0, ""aries_integrated_plant__lifecycle_accounts__evaluate__breeding_supported"": 0.0, ""aries_integrated_plant__lifecycle_accounts__evaluate__supply_supported"": 0.0, ""aries_integrated_plant__pbli_capacity__evaluate__supported"": 1.0, ""aries_integrated_plant__pbli_pump__evaluate__hydraulic_supported"": 0.0, ""aries_integrated_plant__pbli_pump__screen__supported"": 1.0, ""aries_integrated_plant__plant_ledger__evaluate__supported_breeding"": 0.0, ""aries_integrated_plant__plant_ledger__evaluate__supported_deposition"": 0.0, ""aries_integrated_plant__plant_ledger__evaluate__supported_hydraulics"": 0.0, ""aries_integrated_plant__plant_ledger__evaluate__supported_machine_map"": 0.0, ""aries_integrated_plant__plant_ledger__evaluate__supported_magnet"": 0.0, ""aries_integrated_plant__plant_ledger__evaluate__supported_materials"": 0.0, ""aries_integrated_plant__rejection_capacity__evaluate__supported"": 1.0, ""aries_integrated_plant__source_lifecycle_accounts__evaluate__breeding_supported"": 0.0, ""aries_integrated_plant__source_lifecycle_accounts__evaluate__supply_supported"": 0.0, ""aries_integrated_plant__turbine_capacity__evaluate__supported"": 1.0}"
near-feed-floor__he_u=500--no-credit,near-feed-floor,he_u=500,no-credit,349.5962292524173,2603093.523013499,99.52749857085036,0.0,0.0,99.52749857085036,0.0,4332827411.4,0.0,148.0311216938906,True,not established,112.29369075218003,26.891081469467817,1147.0294596518909,0.025381527789773525,1.9207915335334154,0.0,0.0,3.995263356657943,1.8279801765463677,1.3778930068813142,-0.2755786013762629,1295.0859628735711,45000.0,22.5,1.0,45000.0,52493130.00000001,45000.0,45.0,1.0,45000.0,52493130.00000001,{},"{""aries_integrated_plant__compressor_capacity__evaluate__supported"": 1.0, ""aries_integrated_plant__divertor_capacity__evaluate__supported"": 1.0, ""aries_integrated_plant__divertor_pump__evaluate__hydraulic_supported"": 0.0, ""aries_integrated_plant__divertor_pump__screen__supported"": 1.0, ""aries_integrated_plant__fuel_capacity__evaluate__supported"": 1.0, ""aries_integrated_plant__fuel_inventory__annual__breeding_supported"": 0.0, ""aries_integrated_plant__fuel_inventory__screen__supported"": 1.0, ""aries_integrated_plant__generator_capacity__evaluate__supported"": 1.0, ""aries_integrated_plant__he_capacity__evaluate__supported"": 1.0, ""aries_integrated_plant__he_pump__evaluate__hydraulic_supported"": 0.0, ""aries_integrated_plant__he_pump__screen__supported"": 1.0, ""aries_integrated_plant__lifecycle_accounts__evaluate__breeding_supported"": 0.0, ""aries_integrated_plant__lifecycle_accounts__evaluate__supply_supported"": 0.0, ""aries_integrated_plant__pbli_capacity__evaluate__supported"": 1.0, ""aries_integrated_plant__pbli_pump__evaluate__hydraulic_supported"": 0.0, ""aries_integrated_plant__pbli_pump__screen__supported"": 1.0, ""aries_integrated_plant__plant_ledger__evaluate__supported_breeding"": 0.0, ""aries_integrated_plant__plant_ledger__evaluate__supported_deposition"": 0.0, ""aries_integrated_plant__plant_ledger__evaluate__supported_hydraulics"": 0.0, ""aries_integrated_plant__plant_ledger__evaluate__supported_machine_map"": 0.0, ""aries_integrated_plant__plant_ledger__evaluate__supported_magnet"": 0.0, ""aries_integrated_plant__plant_ledger__evaluate__supported_materials"": 0.0, ""aries_integrated_plant__rejection_capacity__evaluate__supported"": 1.0, ""aries_integrated_plant__source_lifecycle_accounts__evaluate__breeding_supported"": 0.0, ""aries_integrated_plant__source_lifecycle_accounts__evaluate__supply_supported"": 0.0, ""aries_integrated_plant__turbine_capacity__evaluate__supported"": 1.0}"
near-feed-floor__he_u=500--feed100-service30m,near-feed-floor,he_u=500,feed100-service30m,349.5962292524173,2603093.523013499,99.52749857085036,100.0,30000000.0,0.0,0.472501429149645,4332827411.4,0.0,148.0311216938906,True,not established,112.29369075218003,26.891081469467817,0.0,0.025381527789773525,1.9207915335334154,0.0,11.524749201200493,3.995263356657943,1.8279801765463677,1.3778930068813142,-0.2755786013762629,159.58125242288088,45000.0,22.5,1.0,45000.0,52493130.00000001,45000.0,45.0,1.0,45000.0,52493130.00000001,{},"{""aries_integrated_plant__compressor_capacity__evaluate__supported"": 1.0, ""aries_integrated_plant__divertor_capacity__evaluate__supported"": 1.0, ""aries_integrated_plant__divertor_pump__evaluate__hydraulic_supported"": 0.0, ""aries_integrated_plant__divertor_pump__screen__supported"": 1.0, ""aries_integrated_plant__fuel_capacity__evaluate__supported"": 1.0, ""aries_integrated_plant__fuel_inventory__annual__breeding_supported"": 0.0, ""aries_integrated_plant__fuel_inventory__screen__supported"": 1.0, ""aries_integrated_plant__generator_capacity__evaluate__supported"": 1.0, ""aries_integrated_plant__he_capacity__evaluate__supported"": 1.0, ""aries_integrated_plant__he_pump__evaluate__hydraulic_supported"": 0.0, ""aries_integrated_plant__he_pump__screen__supported"": 1.0, ""aries_integrated_plant__lifecycle_accounts__evaluate__breeding_supported"": 0.0, ""aries_integrated_plant__lifecycle_accounts__evaluate__supply_supported"": 0.0, ""aries_integrated_plant__pbli_capacity__evaluate__supported"": 1.0, ""aries_integrated_plant__pbli_pump__evaluate__hydraulic_supported"": 0.0, ""aries_integrated_plant__pbli_pump__screen__supported"": 1.0, ""aries_integrated_plant__plant_ledger__evaluate__supported_breeding"": 0.0, ""aries_integrated_plant__plant_ledger__evaluate__supported_deposition"": 0.0, ""aries_integrated_plant__plant_ledger__evaluate__supported_hydraulics"": 0.0, ""aries_integrated_plant__plant_ledger__evaluate__supported_machine_map"": 0.0, ""aries_integrated_plant__plant_ledger__evaluate__supported_magnet"": 0.0, ""aries_integrated_plant__plant_ledger__evaluate__supported_materials"": 0.0, ""aries_integrated_plant__rejection_capacity__evaluate__supported"": 1.0, ""aries_integrated_plant__source_lifecycle_accounts__evaluate__breeding_supported"": 0.0, ""aries_integrated_plant__source_lifecycle_accounts__evaluate__supply_supported"": 0.0, ""aries_integrated_plant__turbine_capacity__evaluate__supported"": 1.0}"
near-feed-floor__he_u=1500--no-credit,near-feed-floor,he_u=1500,no-credit,349.5962292524173,2603093.523013499,99.52749857085036,0.0,0.0,99.52749857085036,0.0,4332827411.4,0.0,148.0311216938906,True,not established,112.29369075218003,26.891081469467817,1147.0294596518909,0.025381527789773525,1.9207915335334154,0.0,0.0,3.995263356657943,1.8279801765463677,1.3778930068813142,-0.2755786013762629,1295.0859628735711,45000.0,67.5,1.0,45000.0,52493130.00000001,45000.0,45.0,1.0,45000.0,52493130.00000001,{},"{""aries_integrated_plant__compressor_capacity__evaluate__supported"": 1.0, ""aries_integrated_plant__divertor_capacity__evaluate__supported"": 1.0, ""aries_integrated_plant__divertor_pump__evaluate__hydraulic_supported"": 0.0, ""aries_integrated_plant__divertor_pump__screen__supported"": 1.0, ""aries_integrated_plant__fuel_capacity__evaluate__supported"": 1.0, ""aries_integrated_plant__fuel_inventory__annual__breeding_supported"": 0.0, ""aries_integrated_plant__fuel_inventory__screen__supported"": 1.0, ""aries_integrated_plant__generator_capacity__evaluate__supported"": 1.0, ""aries_integrated_plant__he_capacity__evaluate__supported"": 1.0, ""aries_integrated_plant__he_pump__evaluate__hydraulic_supported"": 0.0, ""aries_integrated_plant__he_pump__screen__supported"": 1.0, ""aries_integrated_plant__lifecycle_accounts__evaluate__breeding_supported"": 0.0, ""aries_integrated_plant__lifecycle_accounts__evaluate__supply_supported"": 0.0, ""aries_integrated_plant__pbli_capacity__evaluate__supported"": 1.0, ""aries_integrated_plant__pbli_pump__evaluate__hydraulic_supported"": 0.0, ""aries_integrated_plant__pbli_pump__screen__supported"": 1.0, ""aries_integrated_plant__plant_ledger__evaluate__supported_breeding"": 0.0, ""aries_integrated_plant__plant_ledger__evaluate__supported_deposition"": 0.0, ""aries_integrated_plant__plant_ledger__evaluate__supported_hydraulics"": 0.0, ""aries_integrated_plant__plant_ledger__evaluate__supported_machine_map"": 0.0, ""aries_integrated_plant__plant_ledger__evaluate__supported_magnet"": 0.0, ""aries_integrated_plant__plant_ledger__evaluate__supported_materials"": 0.0, ""aries_integrated_plant__rejection_capacity__evaluate__supported"": 1.0, ""aries_integrated_plant__source_lifecycle_accounts__evaluate__breeding_supported"": 0.0, ""aries_integrated_plant__source_lifecycle_accounts__evaluate__supply_supported"": 0.0, ""aries_integrated_plant__turbine_capacity__evaluate__supported"": 1.0}"
near-feed-floor__he_u=1500--feed100-service30m,near-feed-floor,he_u=1500,feed100-service30m,349.5962292524173,2603093.523013499,99.52749857085036,100.0,30000000.0,0.0,0.472501429149645,4332827411.4,0.0,148.0311216938906,True,not established,112.29369075218003,26.891081469467817,0.0,0.025381527789773525,1.9207915335334154,0.0,11.524749201200493,3.995263356657943,1.8279801765463677,1.3778930068813142,-0.2755786013762629,159.58125242288088,45000.0,67.5,1.0,45000.0,52493130.00000001,45000.0,45.0,1.0,45000.0,52493130.00000001,{},"{""aries_integrated_plant__compressor_capacity__evaluate__supported"": 1.0, ""aries_integrated_plant__divertor_capacity__evaluate__supported"": 1.0, ""aries_integrated_plant__divertor_pump__evaluate__hydraulic_supported"": 0.0, ""aries_integrated_plant__divertor_pump__screen__supported"": 1.0, ""aries_integrated_plant__fuel_capacity__evaluate__supported"": 1.0, ""aries_integrated_plant__fuel_inventory__annual__breeding_supported"": 0.0, ""aries_integrated_plant__fuel_inventory__screen__supported"": 1.0, ""aries_integrated_plant__generator_capacity__evaluate__supported"": 1.0, ""aries_integrated_plant__he_capacity__evaluate__supported"": 1.0, ""aries_integrated_plant__he_pump__evaluate__hydraulic_supported"": 0.0, ""aries_integrated_plant__he_pump__screen__supported"": 1.0, ""aries_integrated_plant__lifecycle_accounts__evaluate__breeding_supported"": 0.0, ""aries_integrated_plant__lifecycle_accounts__evaluate__supply_supported"": 0.0, ""aries_integrated_plant__pbli_capacity__evaluate__supported"": 1.0, ""aries_integrated_plant__pbli_pump__evaluate__hydraulic_supported"": 0.0, ""aries_integrated_plant__pbli_pump__screen__supported"": 1.0, ""aries_integrated_plant__plant_ledger__evaluate__supported_breeding"": 0.0, ""aries_integrated_plant__plant_ledger__evaluate__supported_deposition"": 0.0, ""aries_integrated_plant__plant_ledger__evaluate__supported_hydraulics"": 0.0, ""aries_integrated_plant__plant_ledger__evaluate__supported_machine_map"": 0.0, ""aries_integrated_plant__plant_ledger__evaluate__supported_magnet"": 0.0, ""aries_integrated_plant__plant_ledger__evaluate__supported_materials"": 0.0, ""aries_integrated_plant__rejection_capacity__evaluate__supported"": 1.0, ""aries_integrated_plant__source_lifecycle_accounts__evaluate__breeding_supported"": 0.0, ""aries_integrated_plant__source_lifecycle_accounts__evaluate__supply_supported"": 0.0, ""aries_integrated_plant__turbine_capacity__evaluate__supported"": 1.0}"
near-feed-floor__pbli_u=500--no-credit,near-feed-floor,pbli_u=500,no-credit,349.5962292524173,2603093.523013499,99.52749857085036,0.0,0.0,99.52749857085036,0.0,4332827411.4,0.0,148.0311216938906,True,not established,112.29369075218003,26.891081469467817,1147.0294596518909,0.025381527789773525,1.9207915335334154,0.0,0.0,3.995263356657943,1.8279801765463677,1.3778930068813142,-0.2755786013762629,1295.0859628735711,45000.0,45.0,1.0,45000.0,52493130.00000001,45000.0,22.5,1.0,45000.0,52493130.00000001,{},"{""aries_integrated_plant__compressor_capacity__evaluate__supported"": 1.0, ""aries_integrated_plant__divertor_capacity__evaluate__supported"": 1.0, ""aries_integrated_plant__divertor_pump__evaluate__hydraulic_supported"": 0.0, ""aries_integrated_plant__divertor_pump__screen__supported"": 1.0, ""aries_integrated_plant__fuel_capacity__evaluate__supported"": 1.0, ""aries_integrated_plant__fuel_inventory__annual__breeding_supported"": 0.0, ""aries_integrated_plant__fuel_inventory__screen__supported"": 1.0, ""aries_integrated_plant__generator_capacity__evaluate__supported"": 1.0, ""aries_integrated_plant__he_capacity__evaluate__supported"": 1.0, ""aries_integrated_plant__he_pump__evaluate__hydraulic_supported"": 0.0, ""aries_integrated_plant__he_pump__screen__supported"": 1.0, ""aries_integrated_plant__lifecycle_accounts__evaluate__breeding_supported"": 0.0, ""aries_integrated_plant__lifecycle_accounts__evaluate__supply_supported"": 0.0, ""aries_integrated_plant__pbli_capacity__evaluate__supported"": 1.0, ""aries_integrated_plant__pbli_pump__evaluate__hydraulic_supported"": 0.0, ""aries_integrated_plant__pbli_pump__screen__supported"": 1.0, ""aries_integrated_plant__plant_ledger__evaluate__supported_breeding"": 0.0, ""aries_integrated_plant__plant_ledger__evaluate__supported_deposition"": 0.0, ""aries_integrated_plant__plant_ledger__evaluate__supported_hydraulics"": 0.0, ""aries_integrated_plant__plant_ledger__evaluate__supported_machine_map"": 0.0, ""aries_integrated_plant__plant_ledger__evaluate__supported_magnet"": 0.0, ""aries_integrated_plant__plant_ledger__evaluate__supported_materials"": 0.0, ""aries_integrated_plant__rejection_capacity__evaluate__supported"": 1.0, ""aries_integrated_plant__source_lifecycle_accounts__evaluate__breeding_supported"": 0.0, ""aries_integrated_plant__source_lifecycle_accounts__evaluate__supply_supported"": 0.0, ""aries_integrated_plant__turbine_capacity__evaluate__supported"": 1.0}"
near-feed-floor__pbli_u=500--feed100-service30m,near-feed-floor,pbli_u=500,feed100-service30m,349.5962292524173,2603093.523013499,99.52749857085036,100.0,30000000.0,0.0,0.472501429149645,4332827411.4,0.0,148.0311216938906,True,not established,112.29369075218003,26.891081469467817,0.0,0.025381527789773525,1.9207915335334154,0.0,11.524749201200493,3.995263356657943,1.8279801765463677,1.3778930068813142,-0.2755786013762629,159.58125242288088,45000.0,45.0,1.0,45000.0,52493130.00000001,45000.0,22.5,1.0,45000.0,52493130.00000001,{},"{""aries_integrated_plant__compressor_capacity__evaluate__supported"": 1.0, ""aries_integrated_plant__divertor_capacity__evaluate__supported"": 1.0, ""aries_integrated_plant__divertor_pump__evaluate__hydraulic_supported"": 0.0, ""aries_integrated_plant__divertor_pump__screen__supported"": 1.0, ""aries_integrated_plant__fuel_capacity__evaluate__supported"": 1.0, ""aries_integrated_plant__fuel_inventory__annual__breeding_supported"": 0.0, ""aries_integrated_plant__fuel_inventory__screen__supported"": 1.0, ""aries_integrated_plant__generator_capacity__evaluate__supported"": 1.0, ""aries_integrated_plant__he_capacity__evaluate__supported"": 1.0, ""aries_integrated_plant__he_pump__evaluate__hydraulic_supported"": 0.0, ""aries_integrated_plant__he_pump__screen__supported"": 1.0, ""aries_integrated_plant__lifecycle_accounts__evaluate__breeding_supported"": 0.0, ""aries_integrated_plant__lifecycle_accounts__evaluate__supply_supported"": 0.0, ""aries_integrated_plant__pbli_capacity__evaluate__supported"": 1.0, ""aries_integrated_plant__pbli_pump__evaluate__hydraulic_supported"": 0.0, ""aries_integrated_plant__pbli_pump__screen__supported"": 1.0, ""aries_integrated_plant__plant_ledger__evaluate__supported_breeding"": 0.0, ""aries_integrated_plant__plant_ledger__evaluate__supported_deposition"": 0.0, ""aries_integrated_plant__plant_ledger__evaluate__supported_hydraulics"": 0.0, ""aries_integrated_plant__plant_ledger__evaluate__supported_machine_map"": 0.0, ""aries_integrated_plant__plant_ledger__evaluate__supported_magnet"": 0.0, ""aries_integrated_plant__plant_ledger__evaluate__supported_materials"": 0.0, ""aries_integrated_plant__rejection_capacity__evaluate__supported"": 1.0, ""aries_integrated_plant__source_lifecycle_accounts__evaluate__breeding_supported"": 0.0, ""aries_integrated_plant__source_lifecycle_accounts__evaluate__supply_supported"": 0.0, ""aries_integrated_plant__turbine_capacity__evaluate__supported"": 1.0}"
near-feed-floor__pbli_u=1500--no-credit,near-feed-floor,pbli_u=1500,no-credit,349.5962292524173,2603093.523013499,99.52749857085036,0.0,0.0,99.52749857085036,0.0,4332827411.4,0.0,148.0311216938906,True,not established,112.29369075218003,26.891081469467817,1147.0294596518909,0.025381527789773525,1.9207915335334154,0.0,0.0,3.995263356657943,1.8279801765463677,1.3778930068813142,-0.2755786013762629,1295.0859628735711,45000.0,45.0,1.0,45000.0,52493130.00000001,45000.0,67.5,1.0,45000.0,52493130.00000001,{},"{""aries_integrated_plant__compressor_capacity__evaluate__supported"": 1.0, ""aries_integrated_plant__divertor_capacity__evaluate__supported"": 1.0, ""aries_integrated_plant__divertor_pump__evaluate__hydraulic_supported"": 0.0, ""aries_integrated_plant__divertor_pump__screen__supported"": 1.0, ""aries_integrated_plant__fuel_capacity__evaluate__supported"": 1.0, ""aries_integrated_plant__fuel_inventory__annual__breeding_supported"": 0.0, ""aries_integrated_plant__fuel_inventory__screen__supported"": 1.0, ""aries_integrated_plant__generator_capacity__evaluate__supported"": 1.0, ""aries_integrated_plant__he_capacity__evaluate__supported"": 1.0, ""aries_integrated_plant__he_pump__evaluate__hydraulic_supported"": 0.0, ""aries_integrated_plant__he_pump__screen__supported"": 1.0, ""aries_integrated_plant__lifecycle_accounts__evaluate__breeding_supported"": 0.0, ""aries_integrated_plant__lifecycle_accounts__evaluate__supply_supported"": 0.0, ""aries_integrated_plant__pbli_capacity__evaluate__supported"": 1.0, ""aries_integrated_plant__pbli_pump__evaluate__hydraulic_supported"": 0.0, ""aries_integrated_plant__pbli_pump__screen__supported"": 1.0, ""aries_integrated_plant__plant_ledger__evaluate__supported_breeding"": 0.0, ""aries_integrated_plant__plant_ledger__evaluate__supported_deposition"": 0.0, ""aries_integrated_plant__plant_ledger__evaluate__supported_hydraulics"": 0.0, ""aries_integrated_plant__plant_ledger__evaluate__supported_machine_map"": 0.0, ""aries_integrated_plant__plant_ledger__evaluate__supported_magnet"": 0.0, ""aries_integrated_plant__plant_ledger__evaluate__supported_materials"": 0.0, ""aries_integrated_plant__rejection_capacity__evaluate__supported"": 1.0, ""aries_integrated_plant__source_lifecycle_accounts__evaluate__breeding_supported"": 0.0, ""aries_integrated_plant__source_lifecycle_accounts__evaluate__supply_supported"": 0.0, ""aries_integrated_plant__turbine_capacity__evaluate__supported"": 1.0}"
near-feed-floor__pbli_u=1500--feed100-service30m,near-feed-floor,pbli_u=1500,feed100-service30m,349.5962292524173,2603093.523013499,99.52749857085036,100.0,30000000.0,0.0,0.472501429149645,4332827411.4,0.0,148.0311216938906,True,not established,112.29369075218003,26.891081469467817,0.0,0.025381527789773525,1.9207915335334154,0.0,11.524749201200493,3.995263356657943,1.8279801765463677,1.3778930068813142,-0.2755786013762629,159.58125242288088,45000.0,45.0,1.0,45000.0,52493130.00000001,45000.0,67.5,1.0,45000.0,52493130.00000001,{},"{""aries_integrated_plant__compressor_capacity__evaluate__supported"": 1.0, ""aries_integrated_plant__divertor_capacity__evaluate__supported"": 1.0, ""aries_integrated_plant__divertor_pump__evaluate__hydraulic_supported"": 0.0, ""aries_integrated_plant__divertor_pump__screen__supported"": 1.0, ""aries_integrated_plant__fuel_capacity__evaluate__supported"": 1.0, ""aries_integrated_plant__fuel_inventory__annual__breeding_supported"": 0.0, ""aries_integrated_plant__fuel_inventory__screen__supported"": 1.0, ""aries_integrated_plant__generator_capacity__evaluate__supported"": 1.0, ""aries_integrated_plant__he_capacity__evaluate__supported"": 1.0, ""aries_integrated_plant__he_pump__evaluate__hydraulic_supported"": 0.0, ""aries_integrated_plant__he_pump__screen__supported"": 1.0, ""aries_integrated_plant__lifecycle_accounts__evaluate__breeding_supported"": 0.0, ""aries_integrated_plant__lifecycle_accounts__evaluate__supply_supported"": 0.0, ""aries_integrated_plant__pbli_capacity__evaluate__supported"": 1.0, ""aries_integrated_plant__pbli_pump__evaluate__hydraulic_supported"": 0.0, ""aries_integrated_plant__pbli_pump__screen__supported"": 1.0, ""aries_integrated_plant__plant_ledger__evaluate__supported_breeding"": 0.0, ""aries_integrated_plant__plant_ledger__evaluate__supported_deposition"": 0.0, ""aries_integrated_plant__plant_ledger__evaluate__supported_hydraulics"": 0.0, ""aries_integrated_plant__plant_ledger__evaluate__supported_machine_map"": 0.0, ""aries_integrated_plant__plant_ledger__evaluate__supported_magnet"": 0.0, ""aries_integrated_plant__plant_ledger__evaluate__supported_materials"": 0.0, ""aries_integrated_plant__rejection_capacity__evaluate__supported"": 1.0, ""aries_integrated_plant__source_lifecycle_accounts__evaluate__breeding_supported"": 0.0, ""aries_integrated_plant__source_lifecycle_accounts__evaluate__supply_supported"": 0.0, ""aries_integrated_plant__turbine_capacity__evaluate__supported"": 1.0}"
near-feed-floor__neutron_multiplier=1--no-credit,near-feed-floor,neutron_multiplier=1,no-credit,188.8600021342779,1406251.575891833,99.52749857085036,0.0,0.0,99.52749857085036,0.0,4332827411.4,0.0,274.0184336088022,True,not established,207.86535217704517,49.77772199516049,2123.250923457224,0.04698340732656263,3.555551571082892,0.0,0.0,7.395578675070171,3.3837497069094358,2.55059935441753,-0.5101198708835061,2397.3163404733523,45000.0,45.0,1.0,45000.0,52493130.00000001,45000.0,45.0,1.0,45000.0,52493130.00000001,{},"{""aries_integrated_plant__compressor_capacity__evaluate__supported"": 1.0, ""aries_integrated_plant__divertor_capacity__evaluate__supported"": 1.0, ""aries_integrated_plant__divertor_pump__evaluate__hydraulic_supported"": 0.0, ""aries_integrated_plant__divertor_pump__screen__supported"": 1.0, ""aries_integrated_plant__fuel_capacity__evaluate__supported"": 1.0, ""aries_integrated_plant__fuel_inventory__annual__breeding_supported"": 0.0, ""aries_integrated_plant__fuel_inventory__screen__supported"": 1.0, ""aries_integrated_plant__generator_capacity__evaluate__supported"": 1.0, ""aries_integrated_plant__he_capacity__evaluate__supported"": 1.0, ""aries_integrated_plant__he_pump__evaluate__hydraulic_supported"": 0.0, ""aries_integrated_plant__he_pump__screen__supported"": 1.0, ""aries_integrated_plant__lifecycle_accounts__evaluate__breeding_supported"": 0.0, ""aries_integrated_plant__lifecycle_accounts__evaluate__supply_supported"": 0.0, ""aries_integrated_plant__pbli_capacity__evaluate__supported"": 1.0, ""aries_integrated_plant__pbli_pump__evaluate__hydraulic_supported"": 0.0, ""aries_integrated_plant__pbli_pump__screen__supported"": 1.0, ""aries_integrated_plant__plant_ledger__evaluate__supported_breeding"": 0.0, ""aries_integrated_plant__plant_ledger__evaluate__supported_deposition"": 0.0, ""aries_integrated_plant__plant_ledger__evaluate__supported_hydraulics"": 0.0, ""aries_integrated_plant__plant_ledger__evaluate__supported_machine_map"": 0.0, ""aries_integrated_plant__plant_ledger__evaluate__supported_magnet"": 0.0, ""aries_integrated_plant__plant_ledger__evaluate__supported_materials"": 0.0, ""aries_integrated_plant__rejection_capacity__evaluate__supported"": 1.0, ""aries_integrated_plant__source_lifecycle_accounts__evaluate__breeding_supported"": 0.0, ""aries_integrated_plant__source_lifecycle_accounts__evaluate__supply_supported"": 0.0, ""aries_integrated_plant__turbine_capacity__evaluate__supported"": 1.0}"
near-feed-floor__neutron_multiplier=1--feed100-service30m,near-feed-floor,neutron_multiplier=1,feed100-service30m,188.8600021342779,1406251.575891833,99.52749857085036,100.0,30000000.0,0.0,0.472501429149645,4332827411.4,0.0,274.0184336088022,True,not established,207.86535217704517,49.77772199516049,0.0,0.04698340732656263,3.555551571082892,0.0,21.333309426497355,7.395578675070171,3.3837497069094358,2.55059935441753,-0.5101198708835061,295.39872644262607,45000.0,45.0,1.0,45000.0,52493130.00000001,45000.0,45.0,1.0,45000.0,52493130.00000001,{},"{""aries_integrated_plant__compressor_capacity__evaluate__supported"": 1.0, ""aries_integrated_plant__divertor_capacity__evaluate__supported"": 1.0, ""aries_integrated_plant__divertor_pump__evaluate__hydraulic_supported"": 0.0, ""aries_integrated_plant__divertor_pump__screen__supported"": 1.0, ""aries_integrated_plant__fuel_capacity__evaluate__supported"": 1.0, ""aries_integrated_plant__fuel_inventory__annual__breeding_supported"": 0.0, ""aries_integrated_plant__fuel_inventory__screen__supported"": 1.0, ""aries_integrated_plant__generator_capacity__evaluate__supported"": 1.0, ""aries_integrated_plant__he_capacity__evaluate__supported"": 1.0, ""aries_integrated_plant__he_pump__evaluate__hydraulic_supported"": 0.0, ""aries_integrated_plant__he_pump__screen__supported"": 1.0, ""aries_integrated_plant__lifecycle_accounts__evaluate__breeding_supported"": 0.0, ""aries_integrated_plant__lifecycle_accounts__evaluate__supply_supported"": 0.0, ""aries_integrated_plant__pbli_capacity__evaluate__supported"": 1.0, ""aries_integrated_plant__pbli_pump__evaluate__hydraulic_supported"": 0.0, ""aries_integrated_plant__pbli_pump__screen__supported"": 1.0, ""aries_integrated_plant__plant_ledger__evaluate__supported_breeding"": 0.0, ""aries_integrated_plant__plant_ledger__evaluate__supported_deposition"": 0.0, ""aries_integrated_plant__plant_ledger__evaluate__supported_hydraulics"": 0.0, ""aries_integrated_plant__plant_ledger__evaluate__supported_machine_map"": 0.0, ""aries_integrated_plant__plant_ledger__evaluate__supported_magnet"": 0.0, ""aries_integrated_plant__plant_ledger__evaluate__supported_materials"": 0.0, ""aries_integrated_plant__rejection_capacity__evaluate__supported"": 1.0, ""aries_integrated_plant__source_lifecycle_accounts__evaluate__breeding_supported"": 0.0, ""aries_integrated_plant__source_lifecycle_accounts__evaluate__supply_supported"": 0.0, ""aries_integrated_plant__turbine_capacity__evaluate__supported"": 1.0}"
near-feed-floor__neutron_multiplier=1.25--no-credit,near-feed-floor,neutron_multiplier=1.25,no-credit,440.01035701744684,3276317.118351909,99.52749857085036,0.0,0.0,99.52749857085036,0.0,4332827411.4,0.0,117.6134177999312,True,not established,89.21937911166619,21.36545318153214,911.3357618530757,0.020166085335165035,1.526103798680867,0.0,0.0,3.174309381773463,1.4523634879881682,1.0947610478629766,-0.21895220957259534,1028.969345738342,45000.0,45.0,1.0,45000.0,52493130.00000001,45000.0,45.0,1.0,45000.0,52493130.00000001,{},"{""aries_integrated_plant__compressor_capacity__evaluate__supported"": 1.0, ""aries_integrated_plant__divertor_capacity__evaluate__supported"": 1.0, ""aries_integrated_plant__divertor_pump__evaluate__hydraulic_supported"": 0.0, ""aries_integrated_plant__divertor_pump__screen__supported"": 1.0, ""aries_integrated_plant__fuel_capacity__evaluate__supported"": 1.0, ""aries_integrated_plant__fuel_inventory__annual__breeding_supported"": 0.0, ""aries_integrated_plant__fuel_inventory__screen__supported"": 1.0, ""aries_integrated_plant__generator_capacity__evaluate__supported"": 1.0, ""aries_integrated_plant__he_capacity__evaluate__supported"": 1.0, ""aries_integrated_plant__he_pump__evaluate__hydraulic_supported"": 0.0, ""aries_integrated_plant__he_pump__screen__supported"": 1.0, ""aries_integrated_plant__lifecycle_accounts__evaluate__breeding_supported"": 0.0, ""aries_integrated_plant__lifecycle_accounts__evaluate__supply_supported"": 0.0, ""aries_integrated_plant__pbli_capacity__evaluate__supported"": 1.0, ""aries_integrated_plant__pbli_pump__evaluate__hydraulic_supported"": 0.0, ""aries_integrated_plant__pbli_pump__screen__supported"": 1.0, ""aries_integrated_plant__plant_ledger__evaluate__supported_breeding"": 0.0, ""aries_integrated_plant__plant_ledger__evaluate__supported_deposition"": 0.0, ""aries_integrated_plant__plant_ledger__evaluate__supported_hydraulics"": 0.0, ""aries_integrated_plant__plant_ledger__evaluate__supported_machine_map"": 0.0, ""aries_integrated_plant__plant_ledger__evaluate__supported_magnet"": 0.0, ""aries_integrated_plant__plant_ledger__evaluate__supported_materials"": 0.0, ""aries_integrated_plant__rejection_capacity__evaluate__supported"": 1.0, ""aries_integrated_plant__source_lifecycle_accounts__evaluate__breeding_supported"": 0.0, ""aries_integrated_plant__source_lifecycle_accounts__evaluate__supply_supported"": 0.0, ""aries_integrated_plant__turbine_capacity__evaluate__supported"": 1.0}"
near-feed-floor__neutron_multiplier=1.25--feed100-service30m,near-feed-floor,neutron_multiplier=1.25,feed100-service30m,440.01035701744684,3276317.118351909,99.52749857085036,100.0,30000000.0,0.0,0.472501429149645,4332827411.4,0.0,117.6134177999312,True,not established,89.21937911166619,21.36545318153214,0.0,0.020166085335165035,1.526103798680867,0.0,9.156622792085201,3.174309381773463,1.4523634879881682,1.0947610478629766,-0.21895220957259534,126.79020667735156,45000.0,45.0,1.0,45000.0,52493130.00000001,45000.0,45.0,1.0,45000.0,52493130.00000001,{},"{""aries_integrated_plant__compressor_capacity__evaluate__supported"": 1.0, ""aries_integrated_plant__divertor_capacity__evaluate__supported"": 1.0, ""aries_integrated_plant__divertor_pump__evaluate__hydraulic_supported"": 0.0, ""aries_integrated_plant__divertor_pump__screen__supported"": 1.0, ""aries_integrated_plant__fuel_capacity__evaluate__supported"": 1.0, ""aries_integrated_plant__fuel_inventory__annual__breeding_supported"": 0.0, ""aries_integrated_plant__fuel_inventory__screen__supported"": 1.0, ""aries_integrated_plant__generator_capacity__evaluate__supported"": 1.0, ""aries_integrated_plant__he_capacity__evaluate__supported"": 1.0, ""aries_integrated_plant__he_pump__evaluate__hydraulic_supported"": 0.0, ""aries_integrated_plant__he_pump__screen__supported"": 1.0, ""aries_integrated_plant__lifecycle_accounts__evaluate__breeding_supported"": 0.0, ""aries_integrated_plant__lifecycle_accounts__evaluate__supply_supported"": 0.0, ""aries_integrated_plant__pbli_capacity__evaluate__supported"": 1.0, ""aries_integrated_plant__pbli_pump__evaluate__hydraulic_supported"": 0.0, ""aries_integrated_plant__pbli_pump__screen__supported"": 1.0, ""aries_integrated_plant__plant_ledger__evaluate__supported_breeding"": 0.0, ""aries_integrated_plant__plant_ledger__evaluate__supported_deposition"": 0.0, ""aries_integrated_plant__plant_ledger__evaluate__supported_hydraulics"": 0.0, ""aries_integrated_plant__plant_ledger__evaluate__supported_machine_map"": 0.0, ""aries_integrated_plant__plant_ledger__evaluate__supported_magnet"": 0.0, ""aries_integrated_plant__plant_ledger__evaluate__supported_materials"": 0.0, ""aries_integrated_plant__rejection_capacity__evaluate__supported"": 1.0, ""aries_integrated_plant__source_lifecycle_accounts__evaluate__breeding_supported"": 0.0, ""aries_integrated_plant__source_lifecycle_accounts__evaluate__supply_supported"": 0.0, ""aries_integrated_plant__turbine_capacity__evaluate__supported"": 1.0}"
near-feed-floor__helium_fraction=0.3--no-credit,near-feed-floor,helium_fraction=0.3,no-credit,349.5962292524173,2603093.523013499,99.52749857085036,0.0,0.0,99.52749857085036,0.0,4332827411.4,0.0,148.0311216938906,True,not established,112.29369075218003,26.891081469467817,1147.0294596518909,0.025381527789773525,1.9207915335334154,0.0,0.0,3.995263356657943,1.8279801765463677,1.3778930068813142,-0.2755786013762629,1295.0859628735711,45000.0,45.0,1.0,45000.0,52493130.00000001,45000.0,45.0,1.0,45000.0,52493130.00000001,{},"{""aries_integrated_plant__compressor_capacity__evaluate__supported"": 1.0, ""aries_integrated_plant__divertor_capacity__evaluate__supported"": 1.0, ""aries_integrated_plant__divertor_pump__evaluate__hydraulic_supported"": 0.0, ""aries_integrated_plant__divertor_pump__screen__supported"": 1.0, ""aries_integrated_plant__fuel_capacity__evaluate__supported"": 1.0, ""aries_integrated_plant__fuel_inventory__annual__breeding_supported"": 0.0, ""aries_integrated_plant__fuel_inventory__screen__supported"": 1.0, ""aries_integrated_plant__generator_capacity__evaluate__supported"": 1.0, ""aries_integrated_plant__he_capacity__evaluate__supported"": 1.0, ""aries_integrated_plant__he_pump__evaluate__hydraulic_supported"": 0.0, ""aries_integrated_plant__he_pump__screen__supported"": 1.0, ""aries_integrated_plant__lifecycle_accounts__evaluate__breeding_supported"": 0.0, ""aries_integrated_plant__lifecycle_accounts__evaluate__supply_supported"": 0.0, ""aries_integrated_plant__pbli_capacity__evaluate__supported"": 1.0, ""aries_integrated_plant__pbli_pump__evaluate__hydraulic_supported"": 0.0, ""aries_integrated_plant__pbli_pump__screen__supported"": 1.0, ""aries_integrated_plant__plant_ledger__evaluate__supported_breeding"": 0.0, ""aries_integrated_plant__plant_ledger__evaluate__supported_deposition"": 0.0, ""aries_integrated_plant__plant_ledger__evaluate__supported_hydraulics"": 0.0, ""aries_integrated_plant__plant_ledger__evaluate__supported_machine_map"": 0.0, ""aries_integrated_plant__plant_ledger__evaluate__supported_magnet"": 0.0, ""aries_integrated_plant__plant_ledger__evaluate__supported_materials"": 0.0, ""aries_integrated_plant__rejection_capacity__evaluate__supported"": 1.0, ""aries_integrated_plant__source_lifecycle_accounts__evaluate__breeding_supported"": 0.0, ""aries_integrated_plant__source_lifecycle_accounts__evaluate__supply_supported"": 0.0, ""aries_integrated_plant__turbine_capacity__evaluate__supported"": 1.0}"
near-feed-floor__helium_fraction=0.3--feed100-service30m,near-feed-floor,helium_fraction=0.3,feed100-service30m,349.5962292524173,2603093.523013499,99.52749857085036,100.0,30000000.0,0.0,0.472501429149645,4332827411.4,0.0,148.0311216938906,True,not established,112.29369075218003,26.891081469467817,0.0,0.025381527789773525,1.9207915335334154,0.0,11.524749201200493,3.995263356657943,1.8279801765463677,1.3778930068813142,-0.2755786013762629,159.58125242288088,45000.0,45.0,1.0,45000.0,52493130.00000001,45000.0,45.0,1.0,45000.0,52493130.00000001,{},"{""aries_integrated_plant__compressor_capacity__evaluate__supported"": 1.0, ""aries_integrated_plant__divertor_capacity__evaluate__supported"": 1.0, ""aries_integrated_plant__divertor_pump__evaluate__hydraulic_supported"": 0.0, ""aries_integrated_plant__divertor_pump__screen__supported"": 1.0, ""aries_integrated_plant__fuel_capacity__evaluate__supported"": 1.0, ""aries_integrated_plant__fuel_inventory__annual__breeding_supported"": 0.0, ""aries_integrated_plant__fuel_inventory__screen__supported"": 1.0, ""aries_integrated_plant__generator_capacity__evaluate__supported"": 1.0, ""aries_integrated_plant__he_capacity__evaluate__supported"": 1.0, ""aries_integrated_plant__he_pump__evaluate__hydraulic_supported"": 0.0, ""aries_integrated_plant__he_pump__screen__supported"": 1.0, ""aries_integrated_plant__lifecycle_accounts__evaluate__breeding_supported"": 0.0, ""aries_integrated_plant__lifecycle_accounts__evaluate__supply_supported"": 0.0, ""aries_integrated_plant__pbli_capacity__evaluate__supported"": 1.0, ""aries_integrated_plant__pbli_pump__evaluate__hydraulic_supported"": 0.0, ""aries_integrated_plant__pbli_pump__screen__supported"": 1.0, ""aries_integrated_plant__plant_ledger__evaluate__supported_breeding"": 0.0, ""aries_integrated_plant__plant_ledger__evaluate__supported_deposition"": 0.0, ""aries_integrated_plant__plant_ledger__evaluate__supported_hydraulics"": 0.0, ""aries_integrated_plant__plant_ledger__evaluate__supported_machine_map"": 0.0, ""aries_integrated_plant__plant_ledger__evaluate__supported_magnet"": 0.0, ""aries_integrated_plant__plant_ledger__evaluate__supported_materials"": 0.0, ""aries_integrated_plant__rejection_capacity__evaluate__supported"": 1.0, ""aries_integrated_plant__source_lifecycle_accounts__evaluate__breeding_supported"": 0.0, ""aries_integrated_plant__source_lifecycle_accounts__evaluate__supply_supported"": 0.0, ""aries_integrated_plant__turbine_capacity__evaluate__supported"": 1.0}"
near-feed-floor__helium_fraction=0.46--no-credit,near-feed-floor,helium_fraction=0.46,no-credit,349.5962292524173,2603093.523013499,99.52749857085036,0.0,0.0,99.52749857085036,0.0,4332827411.4,0.0,148.0311216938906,True,not established,112.29369075218003,26.891081469467817,1147.0294596518909,0.025381527789773525,1.9207915335334154,0.0,0.0,3.995263356657943,1.8279801765463677,1.3778930068813142,-0.2755786013762629,1295.0859628735711,45000.0,45.0,1.0,45000.0,52493130.00000001,45000.0,45.0,1.0,45000.0,52493130.00000001,{},"{""aries_integrated_plant__compressor_capacity__evaluate__supported"": 1.0, ""aries_integrated_plant__divertor_capacity__evaluate__supported"": 1.0, ""aries_integrated_plant__divertor_pump__evaluate__hydraulic_supported"": 0.0, ""aries_integrated_plant__divertor_pump__screen__supported"": 1.0, ""aries_integrated_plant__fuel_capacity__evaluate__supported"": 1.0, ""aries_integrated_plant__fuel_inventory__annual__breeding_supported"": 0.0, ""aries_integrated_plant__fuel_inventory__screen__supported"": 1.0, ""aries_integrated_plant__generator_capacity__evaluate__supported"": 1.0, ""aries_integrated_plant__he_capacity__evaluate__supported"": 1.0, ""aries_integrated_plant__he_pump__evaluate__hydraulic_supported"": 0.0, ""aries_integrated_plant__he_pump__screen__supported"": 1.0, ""aries_integrated_plant__lifecycle_accounts__evaluate__breeding_supported"": 0.0, ""aries_integrated_plant__lifecycle_accounts__evaluate__supply_supported"": 0.0, ""aries_integrated_plant__pbli_capacity__evaluate__supported"": 1.0, ""aries_integrated_plant__pbli_pump__evaluate__hydraulic_supported"": 0.0, ""aries_integrated_plant__pbli_pump__screen__supported"": 1.0, ""aries_integrated_plant__plant_ledger__evaluate__supported_breeding"": 0.0, ""aries_integrated_plant__plant_ledger__evaluate__supported_deposition"": 0.0, ""aries_integrated_plant__plant_ledger__evaluate__supported_hydraulics"": 0.0, ""aries_integrated_plant__plant_ledger__evaluate__supported_machine_map"": 0.0, ""aries_integrated_plant__plant_ledger__evaluate__supported_magnet"": 0.0, ""aries_integrated_plant__plant_ledger__evaluate__supported_materials"": 0.0, ""aries_integrated_plant__rejection_capacity__evaluate__supported"": 1.0, ""aries_integrated_plant__source_lifecycle_accounts__evaluate__breeding_supported"": 0.0, ""aries_integrated_plant__source_lifecycle_accounts__evaluate__supply_supported"": 0.0, ""aries_integrated_plant__turbine_capacity__evaluate__supported"": 1.0}"
near-feed-floor__helium_fraction=0.46--feed100-service30m,near-feed-floor,helium_fraction=0.46,feed100-service30m,349.5962292524173,2603093.523013499,99.52749857085036,100.0,30000000.0,0.0,0.472501429149645,4332827411.4,0.0,148.0311216938906,True,not established,112.29369075218003,26.891081469467817,0.0,0.025381527789773525,1.9207915335334154,0.0,11.524749201200493,3.995263356657943,1.8279801765463677,1.3778930068813142,-0.2755786013762629,159.58125242288088,45000.0,45.0,1.0,45000.0,52493130.00000001,45000.0,45.0,1.0,45000.0,52493130.00000001,{},"{""aries_integrated_plant__compressor_capacity__evaluate__supported"": 1.0, ""aries_integrated_plant__divertor_capacity__evaluate__supported"": 1.0, ""aries_integrated_plant__divertor_pump__evaluate__hydraulic_supported"": 0.0, ""aries_integrated_plant__divertor_pump__screen__supported"": 1.0, ""aries_integrated_plant__fuel_capacity__evaluate__supported"": 1.0, ""aries_integrated_plant__fuel_inventory__annual__breeding_supported"": 0.0, ""aries_integrated_plant__fuel_inventory__screen__supported"": 1.0, ""aries_integrated_plant__generator_capacity__evaluate__supported"": 1.0, ""aries_integrated_plant__he_capacity__evaluate__supported"": 1.0, ""aries_integrated_plant__he_pump__evaluate__hydraulic_supported"": 0.0, ""aries_integrated_plant__he_pump__screen__supported"": 1.0, ""aries_integrated_plant__lifecycle_accounts__evaluate__breeding_supported"": 0.0, ""aries_integrated_plant__lifecycle_accounts__evaluate__supply_supported"": 0.0, ""aries_integrated_plant__pbli_capacity__evaluate__supported"": 1.0, ""aries_integrated_plant__pbli_pump__evaluate__hydraulic_supported"": 0.0, ""aries_integrated_plant__pbli_pump__screen__supported"": 1.0, ""aries_integrated_plant__plant_ledger__evaluate__supported_breeding"": 0.0, ""aries_integrated_plant__plant_ledger__evaluate__supported_deposition"": 0.0, ""aries_integrated_plant__plant_ledger__evaluate__supported_hydraulics"": 0.0, ""aries_integrated_plant__plant_ledger__evaluate__supported_machine_map"": 0.0, ""aries_integrated_plant__plant_ledger__evaluate__supported_magnet"": 0.0, ""aries_integrated_plant__plant_ledger__evaluate__supported_materials"": 0.0, ""aries_integrated_plant__rejection_capacity__evaluate__supported"": 1.0, ""aries_integrated_plant__source_lifecycle_accounts__evaluate__breeding_supported"": 0.0, ""aries_integrated_plant__source_lifecycle_accounts__evaluate__supply_supported"": 0.0, ""aries_integrated_plant__turbine_capacity__evaluate__supported"": 1.0}"
near-feed-floor__exchange_fraction=0.02--no-credit,near-feed-floor,exchange_fraction=0.02,no-credit,349.5962292524173,2603093.523013499,99.52749857085036,0.0,0.0,99.52749857085036,0.0,4332827411.4,0.0,148.0311216938906,True,not established,112.29369075218003,26.891081469467817,1147.0294596518909,0.025381527789773525,1.9207915335334154,0.0,0.0,3.995263356657943,1.8279801765463677,1.3778930068813142,-0.2755786013762629,1295.0859628735711,45000.0,45.0,1.0,45000.0,52493130.00000001,45000.0,45.0,1.0,45000.0,52493130.00000001,{},"{""aries_integrated_plant__compressor_capacity__evaluate__supported"": 1.0, ""aries_integrated_plant__divertor_capacity__evaluate__supported"": 1.0, ""aries_integrated_plant__divertor_pump__evaluate__hydraulic_supported"": 0.0, ""aries_integrated_plant__divertor_pump__screen__supported"": 1.0, ""aries_integrated_plant__fuel_capacity__evaluate__supported"": 1.0, ""aries_integrated_plant__fuel_inventory__annual__breeding_supported"": 0.0, ""aries_integrated_plant__fuel_inventory__screen__supported"": 1.0, ""aries_integrated_plant__generator_capacity__evaluate__supported"": 1.0, ""aries_integrated_plant__he_capacity__evaluate__supported"": 1.0, ""aries_integrated_plant__he_pump__evaluate__hydraulic_supported"": 0.0, ""aries_integrated_plant__he_pump__screen__supported"": 1.0, ""aries_integrated_plant__lifecycle_accounts__evaluate__breeding_supported"": 0.0, ""aries_integrated_plant__lifecycle_accounts__evaluate__supply_supported"": 0.0, ""aries_integrated_plant__pbli_capacity__evaluate__supported"": 1.0, ""aries_integrated_plant__pbli_pump__evaluate__hydraulic_supported"": 0.0, ""aries_integrated_plant__pbli_pump__screen__supported"": 1.0, ""aries_integrated_plant__plant_ledger__evaluate__supported_breeding"": 0.0, ""aries_integrated_plant__plant_ledger__evaluate__supported_deposition"": 0.0, ""aries_integrated_plant__plant_ledger__evaluate__supported_hydraulics"": 0.0, ""aries_integrated_plant__plant_ledger__evaluate__supported_machine_map"": 0.0, ""aries_integrated_plant__plant_ledger__evaluate__supported_magnet"": 0.0, ""aries_integrated_plant__plant_ledger__evaluate__supported_materials"": 0.0, ""aries_integrated_plant__rejection_capacity__evaluate__supported"": 1.0, ""aries_integrated_plant__source_lifecycle_accounts__evaluate__breeding_supported"": 0.0, ""aries_integrated_plant__source_lifecycle_accounts__evaluate__supply_supported"": 0.0, ""aries_integrated_plant__turbine_capacity__evaluate__supported"": 1.0}"
near-feed-floor__exchange_fraction=0.02--feed100-service30m,near-feed-floor,exchange_fraction=0.02,feed100-service30m,349.5962292524173,2603093.523013499,99.52749857085036,100.0,30000000.0,0.0,0.472501429149645,4332827411.4,0.0,148.0311216938906,True,not established,112.29369075218003,26.891081469467817,0.0,0.025381527789773525,1.9207915335334154,0.0,11.524749201200493,3.995263356657943,1.8279801765463677,1.3778930068813142,-0.2755786013762629,159.58125242288088,45000.0,45.0,1.0,45000.0,52493130.00000001,45000.0,45.0,1.0,45000.0,52493130.00000001,{},"{""aries_integrated_plant__compressor_capacity__evaluate__supported"": 1.0, ""aries_integrated_plant__divertor_capacity__evaluate__supported"": 1.0, ""aries_integrated_plant__divertor_pump__evaluate__hydraulic_supported"": 0.0, ""aries_integrated_plant__divertor_pump__screen__supported"": 1.0, ""aries_integrated_plant__fuel_capacity__evaluate__supported"": 1.0, ""aries_integrated_plant__fuel_inventory__annual__breeding_supported"": 0.0, ""aries_integrated_plant__fuel_inventory__screen__supported"": 1.0, ""aries_integrated_plant__generator_capacity__evaluate__supported"": 1.0, ""aries_integrated_plant__he_capacity__evaluate__supported"": 1.0, ""aries_integrated_plant__he_pump__evaluate__hydraulic_supported"": 0.0, ""aries_integrated_plant__he_pump__screen__supported"": 1.0, ""aries_integrated_plant__lifecycle_accounts__evaluate__breeding_supported"": 0.0, ""aries_integrated_plant__lifecycle_accounts__evaluate__supply_supported"": 0.0, ""aries_integrated_plant__pbli_capacity__evaluate__supported"": 1.0, ""aries_integrated_plant__pbli_pump__evaluate__hydraulic_supported"": 0.0, ""aries_integrated_plant__pbli_pump__screen__supported"": 1.0, ""aries_integrated_plant__plant_ledger__evaluate__supported_breeding"": 0.0, ""aries_integrated_plant__plant_ledger__evaluate__supported_deposition"": 0.0, ""aries_integrated_plant__plant_ledger__evaluate__supported_hydraulics"": 0.0, ""aries_integrated_plant__plant_ledger__evaluate__supported_machine_map"": 0.0, ""aries_integrated_plant__plant_ledger__evaluate__supported_magnet"": 0.0, ""aries_integrated_plant__plant_ledger__evaluate__supported_materials"": 0.0, ""aries_integrated_plant__rejection_capacity__evaluate__supported"": 1.0, ""aries_integrated_plant__source_lifecycle_accounts__evaluate__breeding_supported"": 0.0, ""aries_integrated_plant__source_lifecycle_accounts__evaluate__supply_supported"": 0.0, ""aries_integrated_plant__turbine_capacity__evaluate__supported"": 1.0}"
near-feed-floor__exchange_fraction=0.06--no-credit,near-feed-floor,exchange_fraction=0.06,no-credit,349.5962292524173,2603093.523013499,99.52749857085036,0.0,0.0,99.52749857085036,0.0,4332827411.4,0.0,148.0311216938906,True,not established,112.29369075218003,26.891081469467817,1147.0294596518909,0.025381527789773525,1.9207915335334154,0.0,0.0,3.995263356657943,1.8279801765463677,1.3778930068813142,-0.2755786013762629,1295.0859628735711,45000.0,45.0,1.0,45000.0,52493130.00000001,45000.0,45.0,1.0,45000.0,52493130.00000001,{},"{""aries_integrated_plant__compressor_capacity__evaluate__supported"": 1.0, ""aries_integrated_plant__divertor_capacity__evaluate__supported"": 1.0, ""aries_integrated_plant__divertor_pump__evaluate__hydraulic_supported"": 0.0, ""aries_integrated_plant__divertor_pump__screen__supported"": 1.0, ""aries_integrated_plant__fuel_capacity__evaluate__supported"": 1.0, ""aries_integrated_plant__fuel_inventory__annual__breeding_supported"": 0.0, ""aries_integrated_plant__fuel_inventory__screen__supported"": 1.0, ""aries_integrated_plant__generator_capacity__evaluate__supported"": 1.0, ""aries_integrated_plant__he_capacity__evaluate__supported"": 1.0, ""aries_integrated_plant__he_pump__evaluate__hydraulic_supported"": 0.0, ""aries_integrated_plant__he_pump__screen__supported"": 1.0, ""aries_integrated_plant__lifecycle_accounts__evaluate__breeding_supported"": 0.0, ""aries_integrated_plant__lifecycle_accounts__evaluate__supply_supported"": 0.0, ""aries_integrated_plant__pbli_capacity__evaluate__supported"": 1.0, ""aries_integrated_plant__pbli_pump__evaluate__hydraulic_supported"": 0.0, ""aries_integrated_plant__pbli_pump__screen__supported"": 1.0, ""aries_integrated_plant__plant_ledger__evaluate__supported_breeding"": 0.0, ""aries_integrated_plant__plant_ledger__evaluate__supported_deposition"": 0.0, ""aries_integrated_plant__plant_ledger__evaluate__supported_hydraulics"": 0.0, ""aries_integrated_plant__plant_ledger__evaluate__supported_machine_map"": 0.0, ""aries_integrated_plant__plant_ledger__evaluate__supported_magnet"": 0.0, ""aries_integrated_plant__plant_ledger__evaluate__supported_materials"": 0.0, ""aries_integrated_plant__rejection_capacity__evaluate__supported"": 1.0, ""aries_integrated_plant__source_lifecycle_accounts__evaluate__breeding_supported"": 0.0, ""aries_integrated_plant__source_lifecycle_accounts__evaluate__supply_supported"": 0.0, ""aries_integrated_plant__turbine_capacity__evaluate__supported"": 1.0}"
near-feed-floor__exchange_fraction=0.06--feed100-service30m,near-feed-floor,exchange_fraction=0.06,feed100-service30m,349.5962292524173,2603093.523013499,99.52749857085036,100.0,30000000.0,0.0,0.472501429149645,4332827411.4,0.0,148.0311216938906,True,not established,112.29369075218003,26.891081469467817,0.0,0.025381527789773525,1.9207915335334154,0.0,11.524749201200493,3.995263356657943,1.8279801765463677,1.3778930068813142,-0.2755786013762629,159.58125242288088,45000.0,45.0,1.0,45000.0,52493130.00000001,45000.0,45.0,1.0,45000.0,52493130.00000001,{},"{""aries_integrated_plant__compressor_capacity__evaluate__supported"": 1.0, ""aries_integrated_plant__divertor_capacity__evaluate__supported"": 1.0, ""aries_integrated_plant__divertor_pump__evaluate__hydraulic_supported"": 0.0, ""aries_integrated_plant__divertor_pump__screen__supported"": 1.0, ""aries_integrated_plant__fuel_capacity__evaluate__supported"": 1.0, ""aries_integrated_plant__fuel_inventory__annual__breeding_supported"": 0.0, ""aries_integrated_plant__fuel_inventory__screen__supported"": 1.0, ""aries_integrated_plant__generator_capacity__evaluate__supported"": 1.0, ""aries_integrated_plant__he_capacity__evaluate__supported"": 1.0, ""aries_integrated_plant__he_pump__evaluate__hydraulic_supported"": 0.0, ""aries_integrated_plant__he_pump__screen__supported"": 1.0, ""aries_integrated_plant__lifecycle_accounts__evaluate__breeding_supported"": 0.0, ""aries_integrated_plant__lifecycle_accounts__evaluate__supply_supported"": 0.0, ""aries_integrated_plant__pbli_capacity__evaluate__supported"": 1.0, ""aries_integrated_plant__pbli_pump__evaluate__hydraulic_supported"": 0.0, ""aries_integrated_plant__pbli_pump__screen__supported"": 1.0, ""aries_integrated_plant__plant_ledger__evaluate__supported_breeding"": 0.0, ""aries_integrated_plant__plant_ledger__evaluate__supported_deposition"": 0.0, ""aries_integrated_plant__plant_ledger__evaluate__supported_hydraulics"": 0.0, ""aries_integrated_plant__plant_ledger__evaluate__supported_machine_map"": 0.0, ""aries_integrated_plant__plant_ledger__evaluate__supported_magnet"": 0.0, ""aries_integrated_plant__plant_ledger__evaluate__supported_materials"": 0.0, ""aries_integrated_plant__rejection_capacity__evaluate__supported"": 1.0, ""aries_integrated_plant__source_lifecycle_accounts__evaluate__breeding_supported"": 0.0, ""aries_integrated_plant__source_lifecycle_accounts__evaluate__supply_supported"": 0.0, ""aries_integrated_plant__turbine_capacity__evaluate__supported"": 1.0}"
near-feed-floor__other_load=2.5--no-credit,near-feed-floor,other_load=2.5,no-credit,352.0962292524173,2621708.523013499,99.52749857085036,0.0,0.0,99.52749857085036,0.0,4332827411.4,0.0,146.98005163551343,True,not established,111.49636830576668,26.70014587263848,1138.8851700773666,0.02520131052471175,1.9071532766170343,0.0,0.0,3.966895661801193,1.815000911045374,1.3681095095558324,-0.27362190191116653,1285.8904230234048,45000.0,45.0,1.0,45000.0,52493130.00000001,45000.0,45.0,1.0,45000.0,52493130.00000001,{},"{""aries_integrated_plant__compressor_capacity__evaluate__supported"": 1.0, ""aries_integrated_plant__divertor_capacity__evaluate__supported"": 1.0, ""aries_integrated_plant__divertor_pump__evaluate__hydraulic_supported"": 0.0, ""aries_integrated_plant__divertor_pump__screen__supported"": 1.0, ""aries_integrated_plant__fuel_capacity__evaluate__supported"": 1.0, ""aries_integrated_plant__fuel_inventory__annual__breeding_supported"": 0.0, ""aries_integrated_plant__fuel_inventory__screen__supported"": 1.0, ""aries_integrated_plant__generator_capacity__evaluate__supported"": 1.0, ""aries_integrated_plant__he_capacity__evaluate__supported"": 1.0, ""aries_integrated_plant__he_pump__evaluate__hydraulic_supported"": 0.0, ""aries_integrated_plant__he_pump__screen__supported"": 1.0, ""aries_integrated_plant__lifecycle_accounts__evaluate__breeding_supported"": 0.0, ""aries_integrated_plant__lifecycle_accounts__evaluate__supply_supported"": 0.0, ""aries_integrated_plant__pbli_capacity__evaluate__supported"": 1.0, ""aries_integrated_plant__pbli_pump__evaluate__hydraulic_supported"": 0.0, ""aries_integrated_plant__pbli_pump__screen__supported"": 1.0, ""aries_integrated_plant__plant_ledger__evaluate__supported_breeding"": 0.0, ""aries_integrated_plant__plant_ledger__evaluate__supported_deposition"": 0.0, ""aries_integrated_plant__plant_ledger__evaluate__supported_hydraulics"": 0.0, ""aries_integrated_plant__plant_ledger__evaluate__supported_machine_map"": 0.0, ""aries_integrated_plant__plant_ledger__evaluate__supported_magnet"": 0.0, ""aries_integrated_plant__plant_ledger__evaluate__supported_materials"": 0.0, ""aries_integrated_plant__rejection_capacity__evaluate__supported"": 1.0, ""aries_integrated_plant__source_lifecycle_accounts__evaluate__breeding_supported"": 0.0, ""aries_integrated_plant__source_lifecycle_accounts__evaluate__supply_supported"": 0.0, ""aries_integrated_plant__turbine_capacity__evaluate__supported"": 1.0}"
near-feed-floor__other_load=2.5--feed100-service30m,near-feed-floor,other_load=2.5,feed100-service30m,352.0962292524173,2621708.523013499,99.52749857085036,100.0,30000000.0,0.0,0.472501429149645,4332827411.4,0.0,146.98005163551343,True,not established,111.49636830576668,26.70014587263848,0.0,0.02520131052471175,1.9071532766170343,0.0,11.442919659702206,3.966895661801193,1.815000911045374,1.3681095095558324,-0.27362190191116653,158.44817260574033,45000.0,45.0,1.0,45000.0,52493130.00000001,45000.0,45.0,1.0,45000.0,52493130.00000001,{},"{""aries_integrated_plant__compressor_capacity__evaluate__supported"": 1.0, ""aries_integrated_plant__divertor_capacity__evaluate__supported"": 1.0, ""aries_integrated_plant__divertor_pump__evaluate__hydraulic_supported"": 0.0, ""aries_integrated_plant__divertor_pump__screen__supported"": 1.0, ""aries_integrated_plant__fuel_capacity__evaluate__supported"": 1.0, ""aries_integrated_plant__fuel_inventory__annual__breeding_supported"": 0.0, ""aries_integrated_plant__fuel_inventory__screen__supported"": 1.0, ""aries_integrated_plant__generator_capacity__evaluate__supported"": 1.0, ""aries_integrated_plant__he_capacity__evaluate__supported"": 1.0, ""aries_integrated_plant__he_pump__evaluate__hydraulic_supported"": 0.0, ""aries_integrated_plant__he_pump__screen__supported"": 1.0, ""aries_integrated_plant__lifecycle_accounts__evaluate__breeding_supported"": 0.0, ""aries_integrated_plant__lifecycle_accounts__evaluate__supply_supported"": 0.0, ""aries_integrated_plant__pbli_capacity__evaluate__supported"": 1.0, ""aries_integrated_plant__pbli_pump__evaluate__hydraulic_supported"": 0.0, ""aries_integrated_plant__pbli_pump__screen__supported"": 1.0, ""aries_integrated_plant__plant_ledger__evaluate__supported_breeding"": 0.0, ""aries_integrated_plant__plant_ledger__evaluate__supported_deposition"": 0.0, ""aries_integrated_plant__plant_ledger__evaluate__supported_hydraulics"": 0.0, ""aries_integrated_plant__plant_ledger__evaluate__supported_machine_map"": 0.0, ""aries_integrated_plant__plant_ledger__evaluate__supported_magnet"": 0.0, ""aries_integrated_plant__plant_ledger__evaluate__supported_materials"": 0.0, ""aries_integrated_plant__rejection_capacity__evaluate__supported"": 1.0, ""aries_integrated_plant__source_lifecycle_accounts__evaluate__breeding_supported"": 0.0, ""aries_integrated_plant__source_lifecycle_accounts__evaluate__supply_supported"": 0.0, ""aries_integrated_plant__turbine_capacity__evaluate__supported"": 1.0}"
near-feed-floor__other_load=7.5--no-credit,near-feed-floor,other_load=7.5,no-credit,347.0962292524173,2584478.523013499,99.52749857085036,0.0,0.0,99.52749857085036,0.0,4332827411.4,0.0,149.0973326551327,True,not established,113.10249880948764,27.084767536926588,1155.291069567118,0.025564341125461736,1.9346262526376135,0.0,0.0,4.024039694600759,1.841146411314198,1.3878174377073782,-0.2775634875414757,1304.413966563376,45000.0,45.0,1.0,45000.0,52493130.00000001,45000.0,45.0,1.0,45000.0,52493130.00000001,{},"{""aries_integrated_plant__compressor_capacity__evaluate__supported"": 1.0, ""aries_integrated_plant__divertor_capacity__evaluate__supported"": 1.0, ""aries_integrated_plant__divertor_pump__evaluate__hydraulic_supported"": 0.0, ""aries_integrated_plant__divertor_pump__screen__supported"": 1.0, ""aries_integrated_plant__fuel_capacity__evaluate__supported"": 1.0, ""aries_integrated_plant__fuel_inventory__annual__breeding_supported"": 0.0, ""aries_integrated_plant__fuel_inventory__screen__supported"": 1.0, ""aries_integrated_plant__generator_capacity__evaluate__supported"": 1.0, ""aries_integrated_plant__he_capacity__evaluate__supported"": 1.0, ""aries_integrated_plant__he_pump__evaluate__hydraulic_supported"": 0.0, ""aries_integrated_plant__he_pump__screen__supported"": 1.0, ""aries_integrated_plant__lifecycle_accounts__evaluate__breeding_supported"": 0.0, ""aries_integrated_plant__lifecycle_accounts__evaluate__supply_supported"": 0.0, ""aries_integrated_plant__pbli_capacity__evaluate__supported"": 1.0, ""aries_integrated_plant__pbli_pump__evaluate__hydraulic_supported"": 0.0, ""aries_integrated_plant__pbli_pump__screen__supported"": 1.0, ""aries_integrated_plant__plant_ledger__evaluate__supported_breeding"": 0.0, ""aries_integrated_plant__plant_ledger__evaluate__supported_deposition"": 0.0, ""aries_integrated_plant__plant_ledger__evaluate__supported_hydraulics"": 0.0, ""aries_integrated_plant__plant_ledger__evaluate__supported_machine_map"": 0.0, ""aries_integrated_plant__plant_ledger__evaluate__supported_magnet"": 0.0, ""aries_integrated_plant__plant_ledger__evaluate__supported_materials"": 0.0, ""aries_integrated_plant__rejection_capacity__evaluate__supported"": 1.0, ""aries_integrated_plant__source_lifecycle_accounts__evaluate__breeding_supported"": 0.0, ""aries_integrated_plant__source_lifecycle_accounts__evaluate__supply_supported"": 0.0, ""aries_integrated_plant__turbine_capacity__evaluate__supported"": 1.0}"
near-feed-floor__other_load=7.5--feed100-service30m,near-feed-floor,other_load=7.5,feed100-service30m,347.0962292524173,2584478.523013499,99.52749857085036,100.0,30000000.0,0.0,0.472501429149645,4332827411.4,0.0,149.0973326551327,True,not established,113.10249880948764,27.084767536926588,0.0,0.025564341125461736,1.9346262526376135,0.0,11.607757515825682,4.024039694600759,1.841146411314198,1.3878174377073782,-0.2775634875414757,160.73065451208385,45000.0,45.0,1.0,45000.0,52493130.00000001,45000.0,45.0,1.0,45000.0,52493130.00000001,{},"{""aries_integrated_plant__compressor_capacity__evaluate__supported"": 1.0, ""aries_integrated_plant__divertor_capacity__evaluate__supported"": 1.0, ""aries_integrated_plant__divertor_pump__evaluate__hydraulic_supported"": 0.0, ""aries_integrated_plant__divertor_pump__screen__supported"": 1.0, ""aries_integrated_plant__fuel_capacity__evaluate__supported"": 1.0, ""aries_integrated_plant__fuel_inventory__annual__breeding_supported"": 0.0, ""aries_integrated_plant__fuel_inventory__screen__supported"": 1.0, ""aries_integrated_plant__generator_capacity__evaluate__supported"": 1.0, ""aries_integrated_plant__he_capacity__evaluate__supported"": 1.0, ""aries_integrated_plant__he_pump__evaluate__hydraulic_supported"": 0.0, ""aries_integrated_plant__he_pump__screen__supported"": 1.0, ""aries_integrated_plant__lifecycle_accounts__evaluate__breeding_supported"": 0.0, ""aries_integrated_plant__lifecycle_accounts__evaluate__supply_supported"": 0.0, ""aries_integrated_plant__pbli_capacity__evaluate__supported"": 1.0, ""aries_integrated_plant__pbli_pump__evaluate__hydraulic_supported"": 0.0, ""aries_integrated_plant__pbli_pump__screen__supported"": 1.0, ""aries_integrated_plant__plant_ledger__evaluate__supported_breeding"": 0.0, ""aries_integrated_plant__plant_ledger__evaluate__supported_deposition"": 0.0, ""aries_integrated_plant__plant_ledger__evaluate__supported_hydraulics"": 0.0, ""aries_integrated_plant__plant_ledger__evaluate__supported_machine_map"": 0.0, ""aries_integrated_plant__plant_ledger__evaluate__supported_magnet"": 0.0, ""aries_integrated_plant__plant_ledger__evaluate__supported_materials"": 0.0, ""aries_integrated_plant__rejection_capacity__evaluate__supported"": 1.0, ""aries_integrated_plant__source_lifecycle_accounts__evaluate__breeding_supported"": 0.0, ""aries_integrated_plant__source_lifecycle_accounts__evaluate__supply_supported"": 0.0, ""aries_integrated_plant__turbine_capacity__evaluate__supported"": 1.0}"
near-feed-floor__hx_price_factor=0.5--no-credit,near-feed-floor,hx_price_factor=0.5,no-credit,349.5962292524173,2603093.523013499,99.52749857085036,0.0,0.0,99.52749857085036,0.0,4254612647.7,0.0,145.95113651798047,True,not established,110.26660228240303,26.891081469467817,1147.0294596518909,0.025381527789773525,1.9207915335334154,0.0,0.0,3.995263356657943,1.794982084542823,1.3530197392192909,-0.27060394784385816,1293.005977697661,45000.0,45.0,0.5,45000.0,26246565.000000004,45000.0,45.0,0.5,45000.0,26246565.000000004,{},"{""aries_integrated_plant__compressor_capacity__evaluate__supported"": 1.0, ""aries_integrated_plant__divertor_capacity__evaluate__supported"": 1.0, ""aries_integrated_plant__divertor_pump__evaluate__hydraulic_supported"": 0.0, ""aries_integrated_plant__divertor_pump__screen__supported"": 1.0, ""aries_integrated_plant__fuel_capacity__evaluate__supported"": 1.0, ""aries_integrated_plant__fuel_inventory__annual__breeding_supported"": 0.0, ""aries_integrated_plant__fuel_inventory__screen__supported"": 1.0, ""aries_integrated_plant__generator_capacity__evaluate__supported"": 1.0, ""aries_integrated_plant__he_capacity__evaluate__supported"": 1.0, ""aries_integrated_plant__he_pump__evaluate__hydraulic_supported"": 0.0, ""aries_integrated_plant__he_pump__screen__supported"": 1.0, ""aries_integrated_plant__lifecycle_accounts__evaluate__breeding_supported"": 0.0, ""aries_integrated_plant__lifecycle_accounts__evaluate__supply_supported"": 0.0, ""aries_integrated_plant__pbli_capacity__evaluate__supported"": 1.0, ""aries_integrated_plant__pbli_pump__evaluate__hydraulic_supported"": 0.0, ""aries_integrated_plant__pbli_pump__screen__supported"": 1.0, ""aries_integrated_plant__plant_ledger__evaluate__supported_breeding"": 0.0, ""aries_integrated_plant__plant_ledger__evaluate__supported_deposition"": 0.0, ""aries_integrated_plant__plant_ledger__evaluate__supported_hydraulics"": 0.0, ""aries_integrated_plant__plant_ledger__evaluate__supported_machine_map"": 0.0, ""aries_integrated_plant__plant_ledger__evaluate__supported_magnet"": 0.0, ""aries_integrated_plant__plant_ledger__evaluate__supported_materials"": 0.0, ""aries_integrated_plant__rejection_capacity__evaluate__supported"": 1.0, ""aries_integrated_plant__source_lifecycle_accounts__evaluate__breeding_supported"": 0.0, ""aries_integrated_plant__source_lifecycle_accounts__evaluate__supply_supported"": 0.0, ""aries_integrated_plant__turbine_capacity__evaluate__supported"": 1.0}"
near-feed-floor__hx_price_factor=0.5--feed100-service30m,near-feed-floor,hx_price_factor=0.5,feed100-service30m,349.5962292524173,2603093.523013499,99.52749857085036,100.0,30000000.0,0.0,0.472501429149645,4254612647.7,0.0,145.95113651798047,True,not established,110.26660228240303,26.891081469467817,0.0,0.025381527789773525,1.9207915335334154,0.0,11.524749201200493,3.995263356657943,1.794982084542823,1.3530197392192909,-0.27060394784385816,157.50126724697074,45000.0,45.0,0.5,45000.0,26246565.000000004,45000.0,45.0,0.5,45000.0,26246565.000000004,{},"{""aries_integrated_plant__compressor_capacity__evaluate__supported"": 1.0, ""aries_integrated_plant__divertor_capacity__evaluate__supported"": 1.0, ""aries_integrated_plant__divertor_pump__evaluate__hydraulic_supported"": 0.0, ""aries_integrated_plant__divertor_pump__screen__supported"": 1.0, ""aries_integrated_plant__fuel_capacity__evaluate__supported"": 1.0, ""aries_integrated_plant__fuel_inventory__annual__breeding_supported"": 0.0, ""aries_integrated_plant__fuel_inventory__screen__supported"": 1.0, ""aries_integrated_plant__generator_capacity__evaluate__supported"": 1.0, ""aries_integrated_plant__he_capacity__evaluate__supported"": 1.0, ""aries_integrated_plant__he_pump__evaluate__hydraulic_supported"": 0.0, ""aries_integrated_plant__he_pump__screen__supported"": 1.0, ""aries_integrated_plant__lifecycle_accounts__evaluate__breeding_supported"": 0.0, ""aries_integrated_plant__lifecycle_accounts__evaluate__supply_supported"": 0.0, ""aries_integrated_plant__pbli_capacity__evaluate__supported"": 1.0, ""aries_integrated_plant__pbli_pump__evaluate__hydraulic_supported"": 0.0, ""aries_integrated_plant__pbli_pump__screen__supported"": 1.0, ""aries_integrated_plant__plant_ledger__evaluate__supported_breeding"": 0.0, ""aries_integrated_plant__plant_ledger__evaluate__supported_deposition"": 0.0, ""aries_integrated_plant__plant_ledger__evaluate__supported_hydraulics"": 0.0, ""aries_integrated_plant__plant_ledger__evaluate__supported_machine_map"": 0.0, ""aries_integrated_plant__plant_ledger__evaluate__supported_magnet"": 0.0, ""aries_integrated_plant__plant_ledger__evaluate__supported_materials"": 0.0, ""aries_integrated_plant__rejection_capacity__evaluate__supported"": 1.0, ""aries_integrated_plant__source_lifecycle_accounts__evaluate__breeding_supported"": 0.0, ""aries_integrated_plant__source_lifecycle_accounts__evaluate__supply_supported"": 0.0, ""aries_integrated_plant__turbine_capacity__evaluate__supported"": 1.0}"
near-feed-floor__hx_price_factor=1.5--no-credit,near-feed-floor,hx_price_factor=1.5,no-credit,349.5962292524173,2603093.523013499,99.52749857085036,0.0,0.0,99.52749857085036,0.0,4411042175.1,0.0,150.11110686980078,True,not established,114.32077922195701,26.891081469467817,1147.0294596518909,0.025381527789773525,1.9207915335334154,0.0,0.0,3.995263356657943,1.860978268549913,1.402766274543338,-0.28055325490866756,1297.1659480494816,45000.0,45.0,1.5,45000.0,78739695.00000001,45000.0,45.0,1.5,45000.0,78739695.00000001,{},"{""aries_integrated_plant__compressor_capacity__evaluate__supported"": 1.0, ""aries_integrated_plant__divertor_capacity__evaluate__supported"": 1.0, ""aries_integrated_plant__divertor_pump__evaluate__hydraulic_supported"": 0.0, ""aries_integrated_plant__divertor_pump__screen__supported"": 1.0, ""aries_integrated_plant__fuel_capacity__evaluate__supported"": 1.0, ""aries_integrated_plant__fuel_inventory__annual__breeding_supported"": 0.0, ""aries_integrated_plant__fuel_inventory__screen__supported"": 1.0, ""aries_integrated_plant__generator_capacity__evaluate__supported"": 1.0, ""aries_integrated_plant__he_capacity__evaluate__supported"": 1.0, ""aries_integrated_plant__he_pump__evaluate__hydraulic_supported"": 0.0, ""aries_integrated_plant__he_pump__screen__supported"": 1.0, ""aries_integrated_plant__lifecycle_accounts__evaluate__breeding_supported"": 0.0, ""aries_integrated_plant__lifecycle_accounts__evaluate__supply_supported"": 0.0, ""aries_integrated_plant__pbli_capacity__evaluate__supported"": 1.0, ""aries_integrated_plant__pbli_pump__evaluate__hydraulic_supported"": 0.0, ""aries_integrated_plant__pbli_pump__screen__supported"": 1.0, ""aries_integrated_plant__plant_ledger__evaluate__supported_breeding"": 0.0, ""aries_integrated_plant__plant_ledger__evaluate__supported_deposition"": 0.0, ""aries_integrated_plant__plant_ledger__evaluate__supported_hydraulics"": 0.0, ""aries_integrated_plant__plant_ledger__evaluate__supported_machine_map"": 0.0, ""aries_integrated_plant__plant_ledger__evaluate__supported_magnet"": 0.0, ""aries_integrated_plant__plant_ledger__evaluate__supported_materials"": 0.0, ""aries_integrated_plant__rejection_capacity__evaluate__supported"": 1.0, ""aries_integrated_plant__source_lifecycle_accounts__evaluate__breeding_supported"": 0.0, ""aries_integrated_plant__source_lifecycle_accounts__evaluate__supply_supported"": 0.0, ""aries_integrated_plant__turbine_capacity__evaluate__supported"": 1.0}"
near-feed-floor__hx_price_factor=1.5--feed100-service30m,near-feed-floor,hx_price_factor=1.5,feed100-service30m,349.5962292524173,2603093.523013499,99.52749857085036,100.0,30000000.0,0.0,0.472501429149645,4411042175.1,0.0,150.11110686980078,True,not established,114.32077922195701,26.891081469467817,0.0,0.025381527789773525,1.9207915335334154,0.0,11.524749201200493,3.995263356657943,1.860978268549913,1.402766274543338,-0.28055325490866756,161.66123759879105,45000.0,45.0,1.5,45000.0,78739695.00000001,45000.0,45.0,1.5,45000.0,78739695.00000001,{},"{""aries_integrated_plant__compressor_capacity__evaluate__supported"": 1.0, ""aries_integrated_plant__divertor_capacity__evaluate__supported"": 1.0, ""aries_integrated_plant__divertor_pump__evaluate__hydraulic_supported"": 0.0, ""aries_integrated_plant__divertor_pump__screen__supported"": 1.0, ""aries_integrated_plant__fuel_capacity__evaluate__supported"": 1.0, ""aries_integrated_plant__fuel_inventory__annual__breeding_supported"": 0.0, ""aries_integrated_plant__fuel_inventory__screen__supported"": 1.0, ""aries_integrated_plant__generator_capacity__evaluate__supported"": 1.0, ""aries_integrated_plant__he_capacity__evaluate__supported"": 1.0, ""aries_integrated_plant__he_pump__evaluate__hydraulic_supported"": 0.0, ""aries_integrated_plant__he_pump__screen__supported"": 1.0, ""aries_integrated_plant__lifecycle_accounts__evaluate__breeding_supported"": 0.0, ""aries_integrated_plant__lifecycle_accounts__evaluate__supply_supported"": 0.0, ""aries_integrated_plant__pbli_capacity__evaluate__supported"": 1.0, ""aries_integrated_plant__pbli_pump__evaluate__hydraulic_supported"": 0.0, ""aries_integrated_plant__pbli_pump__screen__supported"": 1.0, ""aries_integrated_plant__plant_ledger__evaluate__supported_breeding"": 0.0, ""aries_integrated_plant__plant_ledger__evaluate__supported_deposition"": 0.0, ""aries_integrated_plant__plant_ledger__evaluate__supported_hydraulics"": 0.0, ""aries_integrated_plant__plant_ledger__evaluate__supported_machine_map"": 0.0, ""aries_integrated_plant__plant_ledger__evaluate__supported_magnet"": 0.0, ""aries_integrated_plant__plant_ledger__evaluate__supported_materials"": 0.0, ""aries_integrated_plant__rejection_capacity__evaluate__supported"": 1.0, ""aries_integrated_plant__source_lifecycle_accounts__evaluate__breeding_supported"": 0.0, ""aries_integrated_plant__source_lifecycle_accounts__evaluate__supply_supported"": 0.0, ""aries_integrated_plant__turbine_capacity__evaluate__supported"": 1.0}"
near-feed-floor__availability=0.75--no-credit,near-feed-floor,availability=0.75,no-credit,349.5962292524173,2296847.226188381,87.88452454837238,0.0,0.0,87.88452454837238,0.0,4332827411.4,0.0,167.07083007686822,True,not established,127.2661828524707,30.476558998730198,1147.8933846316384,0.02538152778977353,2.176897071337871,0.0,0.0,3.8301906280045097,2.0717108667525506,1.5616120744654898,-0.312322414893098,1314.9895962362962,45000.0,45.0,1.0,45000.0,52493130.00000001,45000.0,45.0,1.0,45000.0,52493130.00000001,{},"{""aries_integrated_plant__compressor_capacity__evaluate__supported"": 1.0, ""aries_integrated_plant__divertor_capacity__evaluate__supported"": 1.0, ""aries_integrated_plant__divertor_pump__evaluate__hydraulic_supported"": 0.0, ""aries_integrated_plant__divertor_pump__screen__supported"": 1.0, ""aries_integrated_plant__fuel_capacity__evaluate__supported"": 1.0, ""aries_integrated_plant__fuel_inventory__annual__breeding_supported"": 0.0, ""aries_integrated_plant__fuel_inventory__screen__supported"": 1.0, ""aries_integrated_plant__generator_capacity__evaluate__supported"": 1.0, ""aries_integrated_plant__he_capacity__evaluate__supported"": 1.0, ""aries_integrated_plant__he_pump__evaluate__hydraulic_supported"": 0.0, ""aries_integrated_plant__he_pump__screen__supported"": 1.0, ""aries_integrated_plant__lifecycle_accounts__evaluate__breeding_supported"": 0.0, ""aries_integrated_plant__lifecycle_accounts__evaluate__supply_supported"": 0.0, ""aries_integrated_plant__pbli_capacity__evaluate__supported"": 1.0, ""aries_integrated_plant__pbli_pump__evaluate__hydraulic_supported"": 0.0, ""aries_integrated_plant__pbli_pump__screen__supported"": 1.0, ""aries_integrated_plant__plant_ledger__evaluate__supported_breeding"": 0.0, ""aries_integrated_plant__plant_ledger__evaluate__supported_deposition"": 0.0, ""aries_integrated_plant__plant_ledger__evaluate__supported_hydraulics"": 0.0, ""aries_integrated_plant__plant_ledger__evaluate__supported_machine_map"": 0.0, ""aries_integrated_plant__plant_ledger__evaluate__supported_magnet"": 0.0, ""aries_integrated_plant__plant_ledger__evaluate__supported_materials"": 0.0, ""aries_integrated_plant__rejection_capacity__evaluate__supported"": 1.0, ""aries_integrated_plant__source_lifecycle_accounts__evaluate__breeding_supported"": 0.0, ""aries_integrated_plant__source_lifecycle_accounts__evaluate__supply_supported"": 0.0, ""aries_integrated_plant__turbine_capacity__evaluate__supported"": 1.0}"
near-feed-floor__availability=0.75--feed100-service30m,near-feed-floor,availability=0.75,feed100-service30m,349.5962292524173,2296847.226188381,87.88452454837238,100.0,30000000.0,0.0,12.115475451627617,4332827411.4,0.0,167.07083007686822,True,not established,127.2661828524707,30.476558998730198,0.0,0.02538152778977353,2.176897071337871,0.0,13.061382428027226,3.8301906280045097,2.0717108667525506,1.5616120744654898,-0.312322414893098,180.1575940326852,45000.0,45.0,1.0,45000.0,52493130.00000001,45000.0,45.0,1.0,45000.0,52493130.00000001,{},"{""aries_integrated_plant__compressor_capacity__evaluate__supported"": 1.0, ""aries_integrated_plant__divertor_capacity__evaluate__supported"": 1.0, ""aries_integrated_plant__divertor_pump__evaluate__hydraulic_supported"": 0.0, ""aries_integrated_plant__divertor_pump__screen__supported"": 1.0, ""aries_integrated_plant__fuel_capacity__evaluate__supported"": 1.0, ""aries_integrated_plant__fuel_inventory__annual__breeding_supported"": 0.0, ""aries_integrated_plant__fuel_inventory__screen__supported"": 1.0, ""aries_integrated_plant__generator_capacity__evaluate__supported"": 1.0, ""aries_integrated_plant__he_capacity__evaluate__supported"": 1.0, ""aries_integrated_plant__he_pump__evaluate__hydraulic_supported"": 0.0, ""aries_integrated_plant__he_pump__screen__supported"": 1.0, ""aries_integrated_plant__lifecycle_accounts__evaluate__breeding_supported"": 0.0, ""aries_integrated_plant__lifecycle_accounts__evaluate__supply_supported"": 0.0, ""aries_integrated_plant__pbli_capacity__evaluate__supported"": 1.0, ""aries_integrated_plant__pbli_pump__evaluate__hydraulic_supported"": 0.0, ""aries_integrated_plant__pbli_pump__screen__supported"": 1.0, ""aries_integrated_plant__plant_ledger__evaluate__supported_breeding"": 0.0, ""aries_integrated_plant__plant_ledger__evaluate__supported_deposition"": 0.0, ""aries_integrated_plant__plant_ledger__evaluate__supported_hydraulics"": 0.0, ""aries_integrated_plant__plant_ledger__evaluate__supported_machine_map"": 0.0, ""aries_integrated_plant__plant_ledger__evaluate__supported_magnet"": 0.0, ""aries_integrated_plant__plant_ledger__evaluate__supported_materials"": 0.0, ""aries_integrated_plant__rejection_capacity__evaluate__supported"": 1.0, ""aries_integrated_plant__source_lifecycle_accounts__evaluate__breeding_supported"": 0.0, ""aries_integrated_plant__source_lifecycle_accounts__evaluate__supply_supported"": 0.0, ""aries_integrated_plant__turbine_capacity__evaluate__supported"": 1.0}"
near-feed-floor__availability=0.95--no-credit,near-feed-floor,availability=0.95,no-credit,349.5962292524173,2909339.8198386165,111.17047259332833,0.0,0.0,111.17047259332833,0.0,4332827411.4,0.0,132.99728066341774,True,not established,100.47330225195054,24.060441314786996,1146.3474136152481,0.025381527789773525,1.718602951056214,0.0,0.0,4.1230916248411305,1.6355612105941186,1.2328516377359129,-0.24657032754718258,1279.3700758064556,45000.0,45.0,1.0,45000.0,52493130.00000001,45000.0,45.0,1.0,45000.0,52493130.00000001,{},"{""aries_integrated_plant__compressor_capacity__evaluate__supported"": 1.0, ""aries_integrated_plant__divertor_capacity__evaluate__supported"": 1.0, ""aries_integrated_plant__divertor_pump__evaluate__hydraulic_supported"": 0.0, ""aries_integrated_plant__divertor_pump__screen__supported"": 1.0, ""aries_integrated_plant__fuel_capacity__evaluate__supported"": 1.0, ""aries_integrated_plant__fuel_inventory__annual__breeding_supported"": 0.0, ""aries_integrated_plant__fuel_inventory__screen__supported"": 1.0, ""aries_integrated_plant__generator_capacity__evaluate__supported"": 1.0, ""aries_integrated_plant__he_capacity__evaluate__supported"": 1.0, ""aries_integrated_plant__he_pump__evaluate__hydraulic_supported"": 0.0, ""aries_integrated_plant__he_pump__screen__supported"": 1.0, ""aries_integrated_plant__lifecycle_accounts__evaluate__breeding_supported"": 0.0, ""aries_integrated_plant__lifecycle_accounts__evaluate__supply_supported"": 0.0, ""aries_integrated_plant__pbli_capacity__evaluate__supported"": 1.0, ""aries_integrated_plant__pbli_pump__evaluate__hydraulic_supported"": 0.0, ""aries_integrated_plant__pbli_pump__screen__supported"": 1.0, ""aries_integrated_plant__plant_ledger__evaluate__supported_breeding"": 0.0, ""aries_integrated_plant__plant_ledger__evaluate__supported_deposition"": 0.0, ""aries_integrated_plant__plant_ledger__evaluate__supported_hydraulics"": 0.0, ""aries_integrated_plant__plant_ledger__evaluate__supported_machine_map"": 0.0, ""aries_integrated_plant__plant_ledger__evaluate__supported_magnet"": 0.0, ""aries_integrated_plant__plant_ledger__evaluate__supported_materials"": 0.0, ""aries_integrated_plant__rejection_capacity__evaluate__supported"": 1.0, ""aries_integrated_plant__source_lifecycle_accounts__evaluate__breeding_supported"": 0.0, ""aries_integrated_plant__source_lifecycle_accounts__evaluate__supply_supported"": 0.0, ""aries_integrated_plant__turbine_capacity__evaluate__supported"": 1.0}"
near-feed-floor__availability=0.95--feed100-service30m,near-feed-floor,availability=0.95,feed100-service30m,349.5962292524173,2909339.8198386165,111.17047259332833,100.0,30000000.0,11.170472593328327,0.0,4332827411.4,0.0,132.99728066341774,True,not established,100.47330225195054,24.060441314786996,115.18564298151972,0.025381527789773525,1.718602951056214,0.0,10.311617706337284,4.1230916248411305,1.6355612105941186,1.2328516377359129,-0.24657032754718258,258.5199228790645,45000.0,45.0,1.0,45000.0,52493130.00000001,45000.0,45.0,1.0,45000.0,52493130.00000001,{},"{""aries_integrated_plant__compressor_capacity__evaluate__supported"": 1.0, ""aries_integrated_plant__divertor_capacity__evaluate__supported"": 1.0, ""aries_integrated_plant__divertor_pump__evaluate__hydraulic_supported"": 0.0, ""aries_integrated_plant__divertor_pump__screen__supported"": 1.0, ""aries_integrated_plant__fuel_capacity__evaluate__supported"": 1.0, ""aries_integrated_plant__fuel_inventory__annual__breeding_supported"": 0.0, ""aries_integrated_plant__fuel_inventory__screen__supported"": 1.0, ""aries_integrated_plant__generator_capacity__evaluate__supported"": 1.0, ""aries_integrated_plant__he_capacity__evaluate__supported"": 1.0, ""aries_integrated_plant__he_pump__evaluate__hydraulic_supported"": 0.0, ""aries_integrated_plant__he_pump__screen__supported"": 1.0, ""aries_integrated_plant__lifecycle_accounts__evaluate__breeding_supported"": 0.0, ""aries_integrated_plant__lifecycle_accounts__evaluate__supply_supported"": 0.0, ""aries_integrated_plant__pbli_capacity__evaluate__supported"": 1.0, ""aries_integrated_plant__pbli_pump__evaluate__hydraulic_supported"": 0.0, ""aries_integrated_plant__pbli_pump__screen__supported"": 1.0, ""aries_integrated_plant__plant_ledger__evaluate__supported_breeding"": 0.0, ""aries_integrated_plant__plant_ledger__evaluate__supported_deposition"": 0.0, ""aries_integrated_plant__plant_ledger__evaluate__supported_hydraulics"": 0.0, ""aries_integrated_plant__plant_ledger__evaluate__supported_machine_map"": 0.0, ""aries_integrated_plant__plant_ledger__evaluate__supported_magnet"": 0.0, ""aries_integrated_plant__plant_ledger__evaluate__supported_materials"": 0.0, ""aries_integrated_plant__rejection_capacity__evaluate__supported"": 1.0, ""aries_integrated_plant__source_lifecycle_accounts__evaluate__breeding_supported"": 0.0, ""aries_integrated_plant__source_lifecycle_accounts__evaluate__supply_supported"": 0.0, ""aries_integrated_plant__turbine_capacity__evaluate__supported"": 1.0}"
near-feed-floor__tritium_price=10000000.0--no-credit,near-feed-floor,tritium_price=10000000.0,no-credit,349.5962292524173,2603093.523013499,99.52749857085036,0.0,0.0,99.52749857085036,0.0,4034827411.4,0.0,140.10633162741846,True,not established,104.57043831980651,26.891081469467817,382.34315321729696,0.025381527789773525,1.9207915335334154,0.0,0.0,3.995263356657943,1.7022567075760668,1.2831253004708816,-0.2566250600941763,522.4748663725053,45000.0,45.0,1.0,45000.0,52493130.00000001,45000.0,45.0,1.0,45000.0,52493130.00000001,{},"{""aries_integrated_plant__compressor_capacity__evaluate__supported"": 1.0, ""aries_integrated_plant__divertor_capacity__evaluate__supported"": 1.0, ""aries_integrated_plant__divertor_pump__evaluate__hydraulic_supported"": 0.0, ""aries_integrated_plant__divertor_pump__screen__supported"": 1.0, ""aries_integrated_plant__fuel_capacity__evaluate__supported"": 1.0, ""aries_integrated_plant__fuel_inventory__annual__breeding_supported"": 0.0, ""aries_integrated_plant__fuel_inventory__screen__supported"": 1.0, ""aries_integrated_plant__generator_capacity__evaluate__supported"": 1.0, ""aries_integrated_plant__he_capacity__evaluate__supported"": 1.0, ""aries_integrated_plant__he_pump__evaluate__hydraulic_supported"": 0.0, ""aries_integrated_plant__he_pump__screen__supported"": 1.0, ""aries_integrated_plant__lifecycle_accounts__evaluate__breeding_supported"": 0.0, ""aries_integrated_plant__lifecycle_accounts__evaluate__supply_supported"": 0.0, ""aries_integrated_plant__pbli_capacity__evaluate__supported"": 1.0, ""aries_integrated_plant__pbli_pump__evaluate__hydraulic_supported"": 0.0, ""aries_integrated_plant__pbli_pump__screen__supported"": 1.0, ""aries_integrated_plant__plant_ledger__evaluate__supported_breeding"": 0.0, ""aries_integrated_plant__plant_ledger__evaluate__supported_deposition"": 0.0, ""aries_integrated_plant__plant_ledger__evaluate__supported_hydraulics"": 0.0, ""aries_integrated_plant__plant_ledger__evaluate__supported_machine_map"": 0.0, ""aries_integrated_plant__plant_ledger__evaluate__supported_magnet"": 0.0, ""aries_integrated_plant__plant_ledger__evaluate__supported_materials"": 0.0, ""aries_integrated_plant__rejection_capacity__evaluate__supported"": 1.0, ""aries_integrated_plant__source_lifecycle_accounts__evaluate__breeding_supported"": 0.0, ""aries_integrated_plant__source_lifecycle_accounts__evaluate__supply_supported"": 0.0, ""aries_integrated_plant__turbine_capacity__evaluate__supported"": 1.0}"
near-feed-floor__tritium_price=10000000.0--feed100-service30m,near-feed-floor,tritium_price=10000000.0,feed100-service30m,349.5962292524173,2603093.523013499,99.52749857085036,100.0,30000000.0,0.0,0.472501429149645,4034827411.4,0.0,140.10633162741846,True,not established,104.57043831980651,26.891081469467817,0.0,0.025381527789773525,1.9207915335334154,0.0,11.524749201200493,3.995263356657943,1.7022567075760668,1.2831253004708816,-0.2566250600941763,151.65646235640875,45000.0,45.0,1.0,45000.0,52493130.00000001,45000.0,45.0,1.0,45000.0,52493130.00000001,{},"{""aries_integrated_plant__compressor_capacity__evaluate__supported"": 1.0, ""aries_integrated_plant__divertor_capacity__evaluate__supported"": 1.0, ""aries_integrated_plant__divertor_pump__evaluate__hydraulic_supported"": 0.0, ""aries_integrated_plant__divertor_pump__screen__supported"": 1.0, ""aries_integrated_plant__fuel_capacity__evaluate__supported"": 1.0, ""aries_integrated_plant__fuel_inventory__annual__breeding_supported"": 0.0, ""aries_integrated_plant__fuel_inventory__screen__supported"": 1.0, ""aries_integrated_plant__generator_capacity__evaluate__supported"": 1.0, ""aries_integrated_plant__he_capacity__evaluate__supported"": 1.0, ""aries_integrated_plant__he_pump__evaluate__hydraulic_supported"": 0.0, ""aries_integrated_plant__he_pump__screen__supported"": 1.0, ""aries_integrated_plant__lifecycle_accounts__evaluate__breeding_supported"": 0.0, ""aries_integrated_plant__lifecycle_accounts__evaluate__supply_supported"": 0.0, ""aries_integrated_plant__pbli_capacity__evaluate__supported"": 1.0, ""aries_integrated_plant__pbli_pump__evaluate__hydraulic_supported"": 0.0, ""aries_integrated_plant__pbli_pump__screen__supported"": 1.0, ""aries_integrated_plant__plant_ledger__evaluate__supported_breeding"": 0.0, ""aries_integrated_plant__plant_ledger__evaluate__supported_deposition"": 0.0, ""aries_integrated_plant__plant_ledger__evaluate__supported_hydraulics"": 0.0, ""aries_integrated_plant__plant_ledger__evaluate__supported_machine_map"": 0.0, ""aries_integrated_plant__plant_ledger__evaluate__supported_magnet"": 0.0, ""aries_integrated_plant__plant_ledger__evaluate__supported_materials"": 0.0, ""aries_integrated_plant__rejection_capacity__evaluate__supported"": 1.0, ""aries_integrated_plant__source_lifecycle_accounts__evaluate__breeding_supported"": 0.0, ""aries_integrated_plant__source_lifecycle_accounts__evaluate__supply_supported"": 0.0, ""aries_integrated_plant__turbine_capacity__evaluate__supported"": 1.0}"
near-feed-floor__tritium_price=100000000.0--no-credit,near-feed-floor,tritium_price=100000000.0,no-credit,349.5962292524173,2603093.523013499,99.52749857085036,0.0,0.0,99.52749857085036,0.0,5375827411.4,0.0,175.76788692654313,True,not established,139.32507426548727,26.891081469467817,3823.431532172969,0.025381527789773525,1.9207915335334154,0.0,0.0,3.995263356657943,2.2680123179424214,1.70957997931783,-0.34191599586356597,3999.224800627301,45000.0,45.0,1.0,45000.0,52493130.00000001,45000.0,45.0,1.0,45000.0,52493130.00000001,{},"{""aries_integrated_plant__compressor_capacity__evaluate__supported"": 1.0, ""aries_integrated_plant__divertor_capacity__evaluate__supported"": 1.0, ""aries_integrated_plant__divertor_pump__evaluate__hydraulic_supported"": 0.0, ""aries_integrated_plant__divertor_pump__screen__supported"": 1.0, ""aries_integrated_plant__fuel_capacity__evaluate__supported"": 1.0, ""aries_integrated_plant__fuel_inventory__annual__breeding_supported"": 0.0, ""aries_integrated_plant__fuel_inventory__screen__supported"": 1.0, ""aries_integrated_plant__generator_capacity__evaluate__supported"": 1.0, ""aries_integrated_plant__he_capacity__evaluate__supported"": 1.0, ""aries_integrated_plant__he_pump__evaluate__hydraulic_supported"": 0.0, ""aries_integrated_plant__he_pump__screen__supported"": 1.0, ""aries_integrated_plant__lifecycle_accounts__evaluate__breeding_supported"": 0.0, ""aries_integrated_plant__lifecycle_accounts__evaluate__supply_supported"": 0.0, ""aries_integrated_plant__pbli_capacity__evaluate__supported"": 1.0, ""aries_integrated_plant__pbli_pump__evaluate__hydraulic_supported"": 0.0, ""aries_integrated_plant__pbli_pump__screen__supported"": 1.0, ""aries_integrated_plant__plant_ledger__evaluate__supported_breeding"": 0.0, ""aries_integrated_plant__plant_ledger__evaluate__supported_deposition"": 0.0, ""aries_integrated_plant__plant_ledger__evaluate__supported_hydraulics"": 0.0, ""aries_integrated_plant__plant_ledger__evaluate__supported_machine_map"": 0.0, ""aries_integrated_plant__plant_ledger__evaluate__supported_magnet"": 0.0, ""aries_integrated_plant__plant_ledger__evaluate__supported_materials"": 0.0, ""aries_integrated_plant__rejection_capacity__evaluate__supported"": 1.0, ""aries_integrated_plant__source_lifecycle_accounts__evaluate__breeding_supported"": 0.0, ""aries_integrated_plant__source_lifecycle_accounts__evaluate__supply_supported"": 0.0, ""aries_integrated_plant__turbine_capacity__evaluate__supported"": 1.0}"
near-feed-floor__tritium_price=100000000.0--feed100-service30m,near-feed-floor,tritium_price=100000000.0,feed100-service30m,349.5962292524173,2603093.523013499,99.52749857085036,100.0,30000000.0,0.0,0.472501429149645,5375827411.4,0.0,175.76788692654313,True,not established,139.32507426548727,26.891081469467817,0.0,0.025381527789773525,1.9207915335334154,0.0,11.524749201200493,3.995263356657943,2.2680123179424214,1.70957997931783,-0.34191599586356597,187.3180176555334,45000.0,45.0,1.0,45000.0,52493130.00000001,45000.0,45.0,1.0,45000.0,52493130.00000001,{},"{""aries_integrated_plant__compressor_capacity__evaluate__supported"": 1.0, ""aries_integrated_plant__divertor_capacity__evaluate__supported"": 1.0, ""aries_integrated_plant__divertor_pump__evaluate__hydraulic_supported"": 0.0, ""aries_integrated_plant__divertor_pump__screen__supported"": 1.0, ""aries_integrated_plant__fuel_capacity__evaluate__supported"": 1.0, ""aries_integrated_plant__fuel_inventory__annual__breeding_supported"": 0.0, ""aries_integrated_plant__fuel_inventory__screen__supported"": 1.0, ""aries_integrated_plant__generator_capacity__evaluate__supported"": 1.0, ""aries_integrated_plant__he_capacity__evaluate__supported"": 1.0, ""aries_integrated_plant__he_pump__evaluate__hydraulic_supported"": 0.0, ""aries_integrated_plant__he_pump__screen__supported"": 1.0, ""aries_integrated_plant__lifecycle_accounts__evaluate__breeding_supported"": 0.0, ""aries_integrated_plant__lifecycle_accounts__evaluate__supply_supported"": 0.0, ""aries_integrated_plant__pbli_capacity__evaluate__supported"": 1.0, ""aries_integrated_plant__pbli_pump__evaluate__hydraulic_supported"": 0.0, ""aries_integrated_plant__pbli_pump__screen__supported"": 1.0, ""aries_integrated_plant__plant_ledger__evaluate__supported_breeding"": 0.0, ""aries_integrated_plant__plant_ledger__evaluate__supported_deposition"": 0.0, ""aries_integrated_plant__plant_ledger__evaluate__supported_hydraulics"": 0.0, ""aries_integrated_plant__plant_ledger__evaluate__supported_machine_map"": 0.0, ""aries_integrated_plant__plant_ledger__evaluate__supported_magnet"": 0.0, ""aries_integrated_plant__plant_ledger__evaluate__supported_materials"": 0.0, ""aries_integrated_plant__rejection_capacity__evaluate__supported"": 1.0, ""aries_integrated_plant__source_lifecycle_accounts__evaluate__breeding_supported"": 0.0, ""aries_integrated_plant__source_lifecycle_accounts__evaluate__supply_supported"": 0.0, ""aries_integrated_plant__turbine_capacity__evaluate__supported"": 1.0}"
near-feed-floor__discount=0.03--no-credit,near-feed-floor,discount=0.03,no-credit,349.5962292524173,2603093.523013499,99.52749857085036,0.0,0.0,99.52749857085036,0.0,4332827411.4,0.0,115.35276053929884,True,not established,78.68712527631449,26.891081469467817,1147.0294596518909,0.025381527789773525,1.9207915335334154,0.0,0.0,4.094247033995042,1.9935058542581106,2.207511714662466,-0.44150234293249313,1262.4076017189798,45000.0,45.0,1.0,45000.0,52493130.00000001,45000.0,45.0,1.0,45000.0,52493130.00000001,{},"{""aries_integrated_plant__compressor_capacity__evaluate__supported"": 1.0, ""aries_integrated_plant__divertor_capacity__evaluate__supported"": 1.0, ""aries_integrated_plant__divertor_pump__evaluate__hydraulic_supported"": 0.0, ""aries_integrated_plant__divertor_pump__screen__supported"": 1.0, ""aries_integrated_plant__fuel_capacity__evaluate__supported"": 1.0, ""aries_integrated_plant__fuel_inventory__annual__breeding_supported"": 0.0, ""aries_integrated_plant__fuel_inventory__screen__supported"": 1.0, ""aries_integrated_plant__generator_capacity__evaluate__supported"": 1.0, ""aries_integrated_plant__he_capacity__evaluate__supported"": 1.0, ""aries_integrated_plant__he_pump__evaluate__hydraulic_supported"": 0.0, ""aries_integrated_plant__he_pump__screen__supported"": 1.0, ""aries_integrated_plant__lifecycle_accounts__evaluate__breeding_supported"": 0.0, ""aries_integrated_plant__lifecycle_accounts__evaluate__supply_supported"": 0.0, ""aries_integrated_plant__pbli_capacity__evaluate__supported"": 1.0, ""aries_integrated_plant__pbli_pump__evaluate__hydraulic_supported"": 0.0, ""aries_integrated_plant__pbli_pump__screen__supported"": 1.0, ""aries_integrated_plant__plant_ledger__evaluate__supported_breeding"": 0.0, ""aries_integrated_plant__plant_ledger__evaluate__supported_deposition"": 0.0, ""aries_integrated_plant__plant_ledger__evaluate__supported_hydraulics"": 0.0, ""aries_integrated_plant__plant_ledger__evaluate__supported_machine_map"": 0.0, ""aries_integrated_plant__plant_ledger__evaluate__supported_magnet"": 0.0, ""aries_integrated_plant__plant_ledger__evaluate__supported_materials"": 0.0, ""aries_integrated_plant__rejection_capacity__evaluate__supported"": 1.0, ""aries_integrated_plant__source_lifecycle_accounts__evaluate__breeding_supported"": 0.0, ""aries_integrated_plant__source_lifecycle_accounts__evaluate__supply_supported"": 0.0, ""aries_integrated_plant__turbine_capacity__evaluate__supported"": 1.0}"
near-feed-floor__discount=0.03--feed100-service30m,near-feed-floor,discount=0.03,feed100-service30m,349.5962292524173,2603093.523013499,99.52749857085036,100.0,30000000.0,0.0,0.472501429149645,4332827411.4,0.0,115.35276053929884,True,not established,78.68712527631449,26.891081469467817,0.0,0.025381527789773525,1.9207915335334154,0.0,11.524749201200493,4.094247033995042,1.9935058542581106,2.207511714662466,-0.44150234293249313,126.90289126828911,45000.0,45.0,1.0,45000.0,52493130.00000001,45000.0,45.0,1.0,45000.0,52493130.00000001,{},"{""aries_integrated_plant__compressor_capacity__evaluate__supported"": 1.0, ""aries_integrated_plant__divertor_capacity__evaluate__supported"": 1.0, ""aries_integrated_plant__divertor_pump__evaluate__hydraulic_supported"": 0.0, ""aries_integrated_plant__divertor_pump__screen__supported"": 1.0, ""aries_integrated_plant__fuel_capacity__evaluate__supported"": 1.0, ""aries_integrated_plant__fuel_inventory__annual__breeding_supported"": 0.0, ""aries_integrated_plant__fuel_inventory__screen__supported"": 1.0, ""aries_integrated_plant__generator_capacity__evaluate__supported"": 1.0, ""aries_integrated_plant__he_capacity__evaluate__supported"": 1.0, ""aries_integrated_plant__he_pump__evaluate__hydraulic_supported"": 0.0, ""aries_integrated_plant__he_pump__screen__supported"": 1.0, ""aries_integrated_plant__lifecycle_accounts__evaluate__breeding_supported"": 0.0, ""aries_integrated_plant__lifecycle_accounts__evaluate__supply_supported"": 0.0, ""aries_integrated_plant__pbli_capacity__evaluate__supported"": 1.0, ""aries_integrated_plant__pbli_pump__evaluate__hydraulic_supported"": 0.0, ""aries_integrated_plant__pbli_pump__screen__supported"": 1.0, ""aries_integrated_plant__plant_ledger__evaluate__supported_breeding"": 0.0, ""aries_integrated_plant__plant_ledger__evaluate__supported_deposition"": 0.0, ""aries_integrated_plant__plant_ledger__evaluate__supported_hydraulics"": 0.0, ""aries_integrated_plant__plant_ledger__evaluate__supported_machine_map"": 0.0, ""aries_integrated_plant__plant_ledger__evaluate__supported_magnet"": 0.0, ""aries_integrated_plant__plant_ledger__evaluate__supported_materials"": 0.0, ""aries_integrated_plant__rejection_capacity__evaluate__supported"": 1.0, ""aries_integrated_plant__source_lifecycle_accounts__evaluate__breeding_supported"": 0.0, ""aries_integrated_plant__source_lifecycle_accounts__evaluate__supply_supported"": 0.0, ""aries_integrated_plant__turbine_capacity__evaluate__supported"": 1.0}"
near-feed-floor__discount=0.08--no-credit,near-feed-floor,discount=0.08,no-credit,349.5962292524173,2603093.523013499,99.52749857085036,0.0,0.0,99.52749857085036,0.0,4332827411.4,0.0,210.45494632586943,True,not established,175.83631738474895,26.891081469467817,1147.0294596518909,0.025381527789773525,1.9207915335334154,0.0,0.0,3.7953587946801273,1.4973806191982242,0.642520655301111,-0.1285041310602222,1357.50978750555,45000.0,45.0,1.0,45000.0,52493130.00000001,45000.0,45.0,1.0,45000.0,52493130.00000001,{},"{""aries_integrated_plant__compressor_capacity__evaluate__supported"": 1.0, ""aries_integrated_plant__divertor_capacity__evaluate__supported"": 1.0, ""aries_integrated_plant__divertor_pump__evaluate__hydraulic_supported"": 0.0, ""aries_integrated_plant__divertor_pump__screen__supported"": 1.0, ""aries_integrated_plant__fuel_capacity__evaluate__supported"": 1.0, ""aries_integrated_plant__fuel_inventory__annual__breeding_supported"": 0.0, ""aries_integrated_plant__fuel_inventory__screen__supported"": 1.0, ""aries_integrated_plant__generator_capacity__evaluate__supported"": 1.0, ""aries_integrated_plant__he_capacity__evaluate__supported"": 1.0, ""aries_integrated_plant__he_pump__evaluate__hydraulic_supported"": 0.0, ""aries_integrated_plant__he_pump__screen__supported"": 1.0, ""aries_integrated_plant__lifecycle_accounts__evaluate__breeding_supported"": 0.0, ""aries_integrated_plant__lifecycle_accounts__evaluate__supply_supported"": 0.0, ""aries_integrated_plant__pbli_capacity__evaluate__supported"": 1.0, ""aries_integrated_plant__pbli_pump__evaluate__hydraulic_supported"": 0.0, ""aries_integrated_plant__pbli_pump__screen__supported"": 1.0, ""aries_integrated_plant__plant_ledger__evaluate__supported_breeding"": 0.0, ""aries_integrated_plant__plant_ledger__evaluate__supported_deposition"": 0.0, ""aries_integrated_plant__plant_ledger__evaluate__supported_hydraulics"": 0.0, ""aries_integrated_plant__plant_ledger__evaluate__supported_machine_map"": 0.0, ""aries_integrated_plant__plant_ledger__evaluate__supported_magnet"": 0.0, ""aries_integrated_plant__plant_ledger__evaluate__supported_materials"": 0.0, ""aries_integrated_plant__rejection_capacity__evaluate__supported"": 1.0, ""aries_integrated_plant__source_lifecycle_accounts__evaluate__breeding_supported"": 0.0, ""aries_integrated_plant__source_lifecycle_accounts__evaluate__supply_supported"": 0.0, ""aries_integrated_plant__turbine_capacity__evaluate__supported"": 1.0}"
near-feed-floor__discount=0.08--feed100-service30m,near-feed-floor,discount=0.08,feed100-service30m,349.5962292524173,2603093.523013499,99.52749857085036,100.0,30000000.0,0.0,0.472501429149645,4332827411.4,0.0,210.45494632586943,True,not established,175.83631738474895,26.891081469467817,0.0,0.025381527789773525,1.9207915335334154,0.0,11.524749201200493,3.7953587946801273,1.4973806191982242,0.642520655301111,-0.1285041310602222,222.00507705485973,45000.0,45.0,1.0,45000.0,52493130.00000001,45000.0,45.0,1.0,45000.0,52493130.00000001,{},"{""aries_integrated_plant__compressor_capacity__evaluate__supported"": 1.0, ""aries_integrated_plant__divertor_capacity__evaluate__supported"": 1.0, ""aries_integrated_plant__divertor_pump__evaluate__hydraulic_supported"": 0.0, ""aries_integrated_plant__divertor_pump__screen__supported"": 1.0, ""aries_integrated_plant__fuel_capacity__evaluate__supported"": 1.0, ""aries_integrated_plant__fuel_inventory__annual__breeding_supported"": 0.0, ""aries_integrated_plant__fuel_inventory__screen__supported"": 1.0, ""aries_integrated_plant__generator_capacity__evaluate__supported"": 1.0, ""aries_integrated_plant__he_capacity__evaluate__supported"": 1.0, ""aries_integrated_plant__he_pump__evaluate__hydraulic_supported"": 0.0, ""aries_integrated_plant__he_pump__screen__supported"": 1.0, ""aries_integrated_plant__lifecycle_accounts__evaluate__breeding_supported"": 0.0, ""aries_integrated_plant__lifecycle_accounts__evaluate__supply_supported"": 0.0, ""aries_integrated_plant__pbli_capacity__evaluate__supported"": 1.0, ""aries_integrated_plant__pbli_pump__evaluate__hydraulic_supported"": 0.0, ""aries_integrated_plant__pbli_pump__screen__supported"": 1.0, ""aries_integrated_plant__plant_ledger__evaluate__supported_breeding"": 0.0, ""aries_integrated_plant__plant_ledger__evaluate__supported_deposition"": 0.0, ""aries_integrated_plant__plant_ledger__evaluate__supported_hydraulics"": 0.0, ""aries_integrated_plant__plant_ledger__evaluate__supported_machine_map"": 0.0, ""aries_integrated_plant__plant_ledger__evaluate__supported_magnet"": 0.0, ""aries_integrated_plant__plant_ledger__evaluate__supported_materials"": 0.0, ""aries_integrated_plant__rejection_capacity__evaluate__supported"": 1.0, ""aries_integrated_plant__source_lifecycle_accounts__evaluate__breeding_supported"": 0.0, ""aries_integrated_plant__source_lifecycle_accounts__evaluate__supply_supported"": 0.0, ""aries_integrated_plant__turbine_capacity__evaluate__supported"": 1.0}"
high-density-demand__default--no-credit,high-density-demand,default,no-credit,575.7110046708067,4286744.140778827,115.33851950670083,0.0,0.0,115.33851950670083,0.0,4332827411.4,0.0,89.89079857137925,True,not established,68.18950921086997,16.329409384177108,807.1756726242064,0.017875135204333703,1.1663863845840792,0.0,0.0,2.4260939829639465,1.1100273777712342,0.8367152887661469,-0.16734305775322939,897.0843463307901,45000.0,45.0,1.0,45000.0,52493130.00000001,45000.0,45.0,1.0,45000.0,52493130.00000001,{},"{""aries_integrated_plant__compressor_capacity__evaluate__supported"": 1.0, ""aries_integrated_plant__divertor_capacity__evaluate__supported"": 1.0, ""aries_integrated_plant__divertor_pump__evaluate__hydraulic_supported"": 0.0, ""aries_integrated_plant__divertor_pump__screen__supported"": 1.0, ""aries_integrated_plant__fuel_capacity__evaluate__supported"": 1.0, ""aries_integrated_plant__fuel_inventory__annual__breeding_supported"": 0.0, ""aries_integrated_plant__fuel_inventory__screen__supported"": 1.0, ""aries_integrated_plant__generator_capacity__evaluate__supported"": 1.0, ""aries_integrated_plant__he_capacity__evaluate__supported"": 1.0, ""aries_integrated_plant__he_pump__evaluate__hydraulic_supported"": 0.0, ""aries_integrated_plant__he_pump__screen__supported"": 1.0, ""aries_integrated_plant__lifecycle_accounts__evaluate__breeding_supported"": 0.0, ""aries_integrated_plant__lifecycle_accounts__evaluate__supply_supported"": 0.0, ""aries_integrated_plant__pbli_capacity__evaluate__supported"": 1.0, ""aries_integrated_plant__pbli_pump__evaluate__hydraulic_supported"": 0.0, ""aries_integrated_plant__pbli_pump__screen__supported"": 1.0, ""aries_integrated_plant__plant_ledger__evaluate__supported_breeding"": 0.0, ""aries_integrated_plant__plant_ledger__evaluate__supported_deposition"": 0.0, ""aries_integrated_plant__plant_ledger__evaluate__supported_hydraulics"": 0.0, ""aries_integrated_plant__plant_ledger__evaluate__supported_machine_map"": 0.0, ""aries_integrated_plant__plant_ledger__evaluate__supported_magnet"": 0.0, ""aries_integrated_plant__plant_ledger__evaluate__supported_materials"": 0.0, ""aries_integrated_plant__rejection_capacity__evaluate__supported"": 1.0, ""aries_integrated_plant__source_lifecycle_accounts__evaluate__breeding_supported"": 0.0, ""aries_integrated_plant__source_lifecycle_accounts__evaluate__supply_supported"": 0.0, ""aries_integrated_plant__turbine_capacity__evaluate__supported"": 1.0}"
high-density-demand__default--feed100-service30m,high-density-demand,default,feed100-service30m,575.7110046708067,4286744.140778827,115.33851950670083,100.0,30000000.0,15.338519506700834,0.0,4332827411.4,0.0,89.89079857137925,True,not established,68.18950921086997,16.329409384177108,107.34384187375895,0.017875135204333703,1.1663863845840792,0.0,6.998318307504475,2.4260939829639465,1.1100273777712342,0.8367152887661469,-0.16734305775322939,204.250833887847,45000.0,45.0,1.0,45000.0,52493130.00000001,45000.0,45.0,1.0,45000.0,52493130.00000001,{},"{""aries_integrated_plant__compressor_capacity__evaluate__supported"": 1.0, ""aries_integrated_plant__divertor_capacity__evaluate__supported"": 1.0, ""aries_integrated_plant__divertor_pump__evaluate__hydraulic_supported"": 0.0, ""aries_integrated_plant__divertor_pump__screen__supported"": 1.0, ""aries_integrated_plant__fuel_capacity__evaluate__supported"": 1.0, ""aries_integrated_plant__fuel_inventory__annual__breeding_supported"": 0.0, ""aries_integrated_plant__fuel_inventory__screen__supported"": 1.0, ""aries_integrated_plant__generator_capacity__evaluate__supported"": 1.0, ""aries_integrated_plant__he_capacity__evaluate__supported"": 1.0, ""aries_integrated_plant__he_pump__evaluate__hydraulic_supported"": 0.0, ""aries_integrated_plant__he_pump__screen__supported"": 1.0, ""aries_integrated_plant__lifecycle_accounts__evaluate__breeding_supported"": 0.0, ""aries_integrated_plant__lifecycle_accounts__evaluate__supply_supported"": 0.0, ""aries_integrated_plant__pbli_capacity__evaluate__supported"": 1.0, ""aries_integrated_plant__pbli_pump__evaluate__hydraulic_supported"": 0.0, ""aries_integrated_plant__pbli_pump__screen__supported"": 1.0, ""aries_integrated_plant__plant_ledger__evaluate__supported_breeding"": 0.0, ""aries_integrated_plant__plant_ledger__evaluate__supported_deposition"": 0.0, ""aries_integrated_plant__plant_ledger__evaluate__supported_hydraulics"": 0.0, ""aries_integrated_plant__plant_ledger__evaluate__supported_machine_map"": 0.0, ""aries_integrated_plant__plant_ledger__evaluate__supported_magnet"": 0.0, ""aries_integrated_plant__plant_ledger__evaluate__supported_materials"": 0.0, ""aries_integrated_plant__rejection_capacity__evaluate__supported"": 1.0, ""aries_integrated_plant__source_lifecycle_accounts__evaluate__breeding_supported"": 0.0, ""aries_integrated_plant__source_lifecycle_accounts__evaluate__supply_supported"": 0.0, ""aries_integrated_plant__turbine_capacity__evaluate__supported"": 1.0}"
high-density-demand__he_u=500--no-credit,high-density-demand,he_u=500,no-credit,575.7110046708067,4286744.140778827,115.33851950670083,0.0,0.0,115.33851950670083,0.0,4332827411.4,0.0,89.89079857137925,True,not established,68.18950921086997,16.329409384177108,807.1756726242064,0.017875135204333703,1.1663863845840792,0.0,0.0,2.4260939829639465,1.1100273777712342,0.8367152887661469,-0.16734305775322939,897.0843463307901,45000.0,22.5,1.0,45000.0,52493130.00000001,45000.0,45.0,1.0,45000.0,52493130.00000001,{},"{""aries_integrated_plant__compressor_capacity__evaluate__supported"": 1.0, ""aries_integrated_plant__divertor_capacity__evaluate__supported"": 1.0, ""aries_integrated_plant__divertor_pump__evaluate__hydraulic_supported"": 0.0, ""aries_integrated_plant__divertor_pump__screen__supported"": 1.0, ""aries_integrated_plant__fuel_capacity__evaluate__supported"": 1.0, ""aries_integrated_plant__fuel_inventory__annual__breeding_supported"": 0.0, ""aries_integrated_plant__fuel_inventory__screen__supported"": 1.0, ""aries_integrated_plant__generator_capacity__evaluate__supported"": 1.0, ""aries_integrated_plant__he_capacity__evaluate__supported"": 1.0, ""aries_integrated_plant__he_pump__evaluate__hydraulic_supported"": 0.0, ""aries_integrated_plant__he_pump__screen__supported"": 1.0, ""aries_integrated_plant__lifecycle_accounts__evaluate__breeding_supported"": 0.0, ""aries_integrated_plant__lifecycle_accounts__evaluate__supply_supported"": 0.0, ""aries_integrated_plant__pbli_capacity__evaluate__supported"": 1.0, ""aries_integrated_plant__pbli_pump__evaluate__hydraulic_supported"": 0.0, ""aries_integrated_plant__pbli_pump__screen__supported"": 1.0, ""aries_integrated_plant__plant_ledger__evaluate__supported_breeding"": 0.0, ""aries_integrated_plant__plant_ledger__evaluate__supported_deposition"": 0.0, ""aries_integrated_plant__plant_ledger__evaluate__supported_hydraulics"": 0.0, ""aries_integrated_plant__plant_ledger__evaluate__supported_machine_map"": 0.0, ""aries_integrated_plant__plant_ledger__evaluate__supported_magnet"": 0.0, ""aries_integrated_plant__plant_ledger__evaluate__supported_materials"": 0.0, ""aries_integrated_plant__rejection_capacity__evaluate__supported"": 1.0, ""aries_integrated_plant__source_lifecycle_accounts__evaluate__breeding_supported"": 0.0, ""aries_integrated_plant__source_lifecycle_accounts__evaluate__supply_supported"": 0.0, ""aries_integrated_plant__turbine_capacity__evaluate__supported"": 1.0}"
high-density-demand__he_u=500--feed100-service30m,high-density-demand,he_u=500,feed100-service30m,575.7110046708067,4286744.140778827,115.33851950670083,100.0,30000000.0,15.338519506700834,0.0,4332827411.4,0.0,89.89079857137925,True,not established,68.18950921086997,16.329409384177108,107.34384187375895,0.017875135204333703,1.1663863845840792,0.0,6.998318307504475,2.4260939829639465,1.1100273777712342,0.8367152887661469,-0.16734305775322939,204.250833887847,45000.0,22.5,1.0,45000.0,52493130.00000001,45000.0,45.0,1.0,45000.0,52493130.00000001,{},"{""aries_integrated_plant__compressor_capacity__evaluate__supported"": 1.0, ""aries_integrated_plant__divertor_capacity__evaluate__supported"": 1.0, ""aries_integrated_plant__divertor_pump__evaluate__hydraulic_supported"": 0.0, ""aries_integrated_plant__divertor_pump__screen__supported"": 1.0, ""aries_integrated_plant__fuel_capacity__evaluate__supported"": 1.0, ""aries_integrated_plant__fuel_inventory__annual__breeding_supported"": 0.0, ""aries_integrated_plant__fuel_inventory__screen__supported"": 1.0, ""aries_integrated_plant__generator_capacity__evaluate__supported"": 1.0, ""aries_integrated_plant__he_capacity__evaluate__supported"": 1.0, ""aries_integrated_plant__he_pump__evaluate__hydraulic_supported"": 0.0, ""aries_integrated_plant__he_pump__screen__supported"": 1.0, ""aries_integrated_plant__lifecycle_accounts__evaluate__breeding_supported"": 0.0, ""aries_integrated_plant__lifecycle_accounts__evaluate__supply_supported"": 0.0, ""aries_integrated_plant__pbli_capacity__evaluate__supported"": 1.0, ""aries_integrated_plant__pbli_pump__evaluate__hydraulic_supported"": 0.0, ""aries_integrated_plant__pbli_pump__screen__supported"": 1.0, ""aries_integrated_plant__plant_ledger__evaluate__supported_breeding"": 0.0, ""aries_integrated_plant__plant_ledger__evaluate__supported_deposition"": 0.0, ""aries_integrated_plant__plant_ledger__evaluate__supported_hydraulics"": 0.0, ""aries_integrated_plant__plant_ledger__evaluate__supported_machine_map"": 0.0, ""aries_integrated_plant__plant_ledger__evaluate__supported_magnet"": 0.0, ""aries_integrated_plant__plant_ledger__evaluate__supported_materials"": 0.0, ""aries_integrated_plant__rejection_capacity__evaluate__supported"": 1.0, ""aries_integrated_plant__source_lifecycle_accounts__evaluate__breeding_supported"": 0.0, ""aries_integrated_plant__source_lifecycle_accounts__evaluate__supply_supported"": 0.0, ""aries_integrated_plant__turbine_capacity__evaluate__supported"": 1.0}"
high-density-demand__he_u=1500--no-credit,high-density-demand,he_u=1500,no-credit,575.7110046708067,4286744.140778827,115.33851950670083,0.0,0.0,115.33851950670083,0.0,4332827411.4,0.0,89.89079857137925,True,not established,68.18950921086997,16.329409384177108,807.1756726242064,0.017875135204333703,1.1663863845840792,0.0,0.0,2.4260939829639465,1.1100273777712342,0.8367152887661469,-0.16734305775322939,897.0843463307901,45000.0,67.5,1.0,45000.0,52493130.00000001,45000.0,45.0,1.0,45000.0,52493130.00000001,{},"{""aries_integrated_plant__compressor_capacity__evaluate__supported"": 1.0, ""aries_integrated_plant__divertor_capacity__evaluate__supported"": 1.0, ""aries_integrated_plant__divertor_pump__evaluate__hydraulic_supported"": 0.0, ""aries_integrated_plant__divertor_pump__screen__supported"": 1.0, ""aries_integrated_plant__fuel_capacity__evaluate__supported"": 1.0, ""aries_integrated_plant__fuel_inventory__annual__breeding_supported"": 0.0, ""aries_integrated_plant__fuel_inventory__screen__supported"": 1.0, ""aries_integrated_plant__generator_capacity__evaluate__supported"": 1.0, ""aries_integrated_plant__he_capacity__evaluate__supported"": 1.0, ""aries_integrated_plant__he_pump__evaluate__hydraulic_supported"": 0.0, ""aries_integrated_plant__he_pump__screen__supported"": 1.0, ""aries_integrated_plant__lifecycle_accounts__evaluate__breeding_supported"": 0.0, ""aries_integrated_plant__lifecycle_accounts__evaluate__supply_supported"": 0.0, ""aries_integrated_plant__pbli_capacity__evaluate__supported"": 1.0, ""aries_integrated_plant__pbli_pump__evaluate__hydraulic_supported"": 0.0, ""aries_integrated_plant__pbli_pump__screen__supported"": 1.0, ""aries_integrated_plant__plant_ledger__evaluate__supported_breeding"": 0.0, ""aries_integrated_plant__plant_ledger__evaluate__supported_deposition"": 0.0, ""aries_integrated_plant__plant_ledger__evaluate__supported_hydraulics"": 0.0, ""aries_integrated_plant__plant_ledger__evaluate__supported_machine_map"": 0.0, ""aries_integrated_plant__plant_ledger__evaluate__supported_magnet"": 0.0, ""aries_integrated_plant__plant_ledger__evaluate__supported_materials"": 0.0, ""aries_integrated_plant__rejection_capacity__evaluate__supported"": 1.0, ""aries_integrated_plant__source_lifecycle_accounts__evaluate__breeding_supported"": 0.0, ""aries_integrated_plant__source_lifecycle_accounts__evaluate__supply_supported"": 0.0, ""aries_integrated_plant__turbine_capacity__evaluate__supported"": 1.0}"
high-density-demand__he_u=1500--feed100-service30m,high-density-demand,he_u=1500,feed100-service30m,575.7110046708067,4286744.140778827,115.33851950670083,100.0,30000000.0,15.338519506700834,0.0,4332827411.4,0.0,89.89079857137925,True,not established,68.18950921086997,16.329409384177108,107.34384187375895,0.017875135204333703,1.1663863845840792,0.0,6.998318307504475,2.4260939829639465,1.1100273777712342,0.8367152887661469,-0.16734305775322939,204.250833887847,45000.0,67.5,1.0,45000.0,52493130.00000001,45000.0,45.0,1.0,45000.0,52493130.00000001,{},"{""aries_integrated_plant__compressor_capacity__evaluate__supported"": 1.0, ""aries_integrated_plant__divertor_capacity__evaluate__supported"": 1.0, ""aries_integrated_plant__divertor_pump__evaluate__hydraulic_supported"": 0.0, ""aries_integrated_plant__divertor_pump__screen__supported"": 1.0, ""aries_integrated_plant__fuel_capacity__evaluate__supported"": 1.0, ""aries_integrated_plant__fuel_inventory__annual__breeding_supported"": 0.0, ""aries_integrated_plant__fuel_inventory__screen__supported"": 1.0, ""aries_integrated_plant__generator_capacity__evaluate__supported"": 1.0, ""aries_integrated_plant__he_capacity__evaluate__supported"": 1.0, ""aries_integrated_plant__he_pump__evaluate__hydraulic_supported"": 0.0, ""aries_integrated_plant__he_pump__screen__supported"": 1.0, ""aries_integrated_plant__lifecycle_accounts__evaluate__breeding_supported"": 0.0, ""aries_integrated_plant__lifecycle_accounts__evaluate__supply_supported"": 0.0, ""aries_integrated_plant__pbli_capacity__evaluate__supported"": 1.0, ""aries_integrated_plant__pbli_pump__evaluate__hydraulic_supported"": 0.0, ""aries_integrated_plant__pbli_pump__screen__supported"": 1.0, ""aries_integrated_plant__plant_ledger__evaluate__supported_breeding"": 0.0, ""aries_integrated_plant__plant_ledger__evaluate__supported_deposition"": 0.0, ""aries_integrated_plant__plant_ledger__evaluate__supported_hydraulics"": 0.0, ""aries_integrated_plant__plant_ledger__evaluate__supported_machine_map"": 0.0, ""aries_integrated_plant__plant_ledger__evaluate__supported_magnet"": 0.0, ""aries_integrated_plant__plant_ledger__evaluate__supported_materials"": 0.0, ""aries_integrated_plant__rejection_capacity__evaluate__supported"": 1.0, ""aries_integrated_plant__source_lifecycle_accounts__evaluate__breeding_supported"": 0.0, ""aries_integrated_plant__source_lifecycle_accounts__evaluate__supply_supported"": 0.0, ""aries_integrated_plant__turbine_capacity__evaluate__supported"": 1.0}"
high-density-demand__pbli_u=500--no-credit,high-density-demand,pbli_u=500,no-credit,575.7110046708067,4286744.140778827,115.33851950670083,0.0,0.0,115.33851950670083,0.0,4332827411.4,0.0,89.89079857137925,True,not established,68.18950921086997,16.329409384177108,807.1756726242064,0.017875135204333703,1.1663863845840792,0.0,0.0,2.4260939829639465,1.1100273777712342,0.8367152887661469,-0.16734305775322939,897.0843463307901,45000.0,45.0,1.0,45000.0,52493130.00000001,45000.0,22.5,1.0,45000.0,52493130.00000001,{},"{""aries_integrated_plant__compressor_capacity__evaluate__supported"": 1.0, ""aries_integrated_plant__divertor_capacity__evaluate__supported"": 1.0, ""aries_integrated_plant__divertor_pump__evaluate__hydraulic_supported"": 0.0, ""aries_integrated_plant__divertor_pump__screen__supported"": 1.0, ""aries_integrated_plant__fuel_capacity__evaluate__supported"": 1.0, ""aries_integrated_plant__fuel_inventory__annual__breeding_supported"": 0.0, ""aries_integrated_plant__fuel_inventory__screen__supported"": 1.0, ""aries_integrated_plant__generator_capacity__evaluate__supported"": 1.0, ""aries_integrated_plant__he_capacity__evaluate__supported"": 1.0, ""aries_integrated_plant__he_pump__evaluate__hydraulic_supported"": 0.0, ""aries_integrated_plant__he_pump__screen__supported"": 1.0, ""aries_integrated_plant__lifecycle_accounts__evaluate__breeding_supported"": 0.0, ""aries_integrated_plant__lifecycle_accounts__evaluate__supply_supported"": 0.0, ""aries_integrated_plant__pbli_capacity__evaluate__supported"": 1.0, ""aries_integrated_plant__pbli_pump__evaluate__hydraulic_supported"": 0.0, ""aries_integrated_plant__pbli_pump__screen__supported"": 1.0, ""aries_integrated_plant__plant_ledger__evaluate__supported_breeding"": 0.0, ""aries_integrated_plant__plant_ledger__evaluate__supported_deposition"": 0.0, ""aries_integrated_plant__plant_ledger__evaluate__supported_hydraulics"": 0.0, ""aries_integrated_plant__plant_ledger__evaluate__supported_machine_map"": 0.0, ""aries_integrated_plant__plant_ledger__evaluate__supported_magnet"": 0.0, ""aries_integrated_plant__plant_ledger__evaluate__supported_materials"": 0.0, ""aries_integrated_plant__rejection_capacity__evaluate__supported"": 1.0, ""aries_integrated_plant__source_lifecycle_accounts__evaluate__breeding_supported"": 0.0, ""aries_integrated_plant__source_lifecycle_accounts__evaluate__supply_supported"": 0.0, ""aries_integrated_plant__turbine_capacity__evaluate__supported"": 1.0}"
high-density-demand__pbli_u=500--feed100-service30m,high-density-demand,pbli_u=500,feed100-service30m,575.7110046708067,4286744.140778827,115.33851950670083,100.0,30000000.0,15.338519506700834,0.0,4332827411.4,0.0,89.89079857137925,True,not established,68.18950921086997,16.329409384177108,107.34384187375895,0.017875135204333703,1.1663863845840792,0.0,6.998318307504475,2.4260939829639465,1.1100273777712342,0.8367152887661469,-0.16734305775322939,204.250833887847,45000.0,45.0,1.0,45000.0,52493130.00000001,45000.0,22.5,1.0,45000.0,52493130.00000001,{},"{""aries_integrated_plant__compressor_capacity__evaluate__supported"": 1.0, ""aries_integrated_plant__divertor_capacity__evaluate__supported"": 1.0, ""aries_integrated_plant__divertor_pump__evaluate__hydraulic_supported"": 0.0, ""aries_integrated_plant__divertor_pump__screen__supported"": 1.0, ""aries_integrated_plant__fuel_capacity__evaluate__supported"": 1.0, ""aries_integrated_plant__fuel_inventory__annual__breeding_supported"": 0.0, ""aries_integrated_plant__fuel_inventory__screen__supported"": 1.0, ""aries_integrated_plant__generator_capacity__evaluate__supported"": 1.0, ""aries_integrated_plant__he_capacity__evaluate__supported"": 1.0, ""aries_integrated_plant__he_pump__evaluate__hydraulic_supported"": 0.0, ""aries_integrated_plant__he_pump__screen__supported"": 1.0, ""aries_integrated_plant__lifecycle_accounts__evaluate__breeding_supported"": 0.0, ""aries_integrated_plant__lifecycle_accounts__evaluate__supply_supported"": 0.0, ""aries_integrated_plant__pbli_capacity__evaluate__supported"": 1.0, ""aries_integrated_plant__pbli_pump__evaluate__hydraulic_supported"": 0.0, ""aries_integrated_plant__pbli_pump__screen__supported"": 1.0, ""aries_integrated_plant__plant_ledger__evaluate__supported_breeding"": 0.0, ""aries_integrated_plant__plant_ledger__evaluate__supported_deposition"": 0.0, ""aries_integrated_plant__plant_ledger__evaluate__supported_hydraulics"": 0.0, ""aries_integrated_plant__plant_ledger__evaluate__supported_machine_map"": 0.0, ""aries_integrated_plant__plant_ledger__evaluate__supported_magnet"": 0.0, ""aries_integrated_plant__plant_ledger__evaluate__supported_materials"": 0.0, ""aries_integrated_plant__rejection_capacity__evaluate__supported"": 1.0, ""aries_integrated_plant__source_lifecycle_accounts__evaluate__breeding_supported"": 0.0, ""aries_integrated_plant__source_lifecycle_accounts__evaluate__supply_supported"": 0.0, ""aries_integrated_plant__turbine_capacity__evaluate__supported"": 1.0}"
high-density-demand__pbli_u=1500--no-credit,high-density-demand,pbli_u=1500,no-credit,575.7110046708067,4286744.140778827,115.33851950670083,0.0,0.0,115.33851950670083,0.0,4332827411.4,0.0,89.89079857137925,True,not established,68.18950921086997,16.329409384177108,807.1756726242064,0.017875135204333703,1.1663863845840792,0.0,0.0,2.4260939829639465,1.1100273777712342,0.8367152887661469,-0.16734305775322939,897.0843463307901,45000.0,45.0,1.0,45000.0,52493130.00000001,45000.0,67.5,1.0,45000.0,52493130.00000001,{},"{""aries_integrated_plant__compressor_capacity__evaluate__supported"": 1.0, ""aries_integrated_plant__divertor_capacity__evaluate__supported"": 1.0, ""aries_integrated_plant__divertor_pump__evaluate__hydraulic_supported"": 0.0, ""aries_integrated_plant__divertor_pump__screen__supported"": 1.0, ""aries_integrated_plant__fuel_capacity__evaluate__supported"": 1.0, ""aries_integrated_plant__fuel_inventory__annual__breeding_supported"": 0.0, ""aries_integrated_plant__fuel_inventory__screen__supported"": 1.0, ""aries_integrated_plant__generator_capacity__evaluate__supported"": 1.0, ""aries_integrated_plant__he_capacity__evaluate__supported"": 1.0, ""aries_integrated_plant__he_pump__evaluate__hydraulic_supported"": 0.0, ""aries_integrated_plant__he_pump__screen__supported"": 1.0, ""aries_integrated_plant__lifecycle_accounts__evaluate__breeding_supported"": 0.0, ""aries_integrated_plant__lifecycle_accounts__evaluate__supply_supported"": 0.0, ""aries_integrated_plant__pbli_capacity__evaluate__supported"": 1.0, ""aries_integrated_plant__pbli_pump__evaluate__hydraulic_supported"": 0.0, ""aries_integrated_plant__pbli_pump__screen__supported"": 1.0, ""aries_integrated_plant__plant_ledger__evaluate__supported_breeding"": 0.0, ""aries_integrated_plant__plant_ledger__evaluate__supported_deposition"": 0.0, ""aries_integrated_plant__plant_ledger__evaluate__supported_hydraulics"": 0.0, ""aries_integrated_plant__plant_ledger__evaluate__supported_machine_map"": 0.0, ""aries_integrated_plant__plant_ledger__evaluate__supported_magnet"": 0.0, ""aries_integrated_plant__plant_ledger__evaluate__supported_materials"": 0.0, ""aries_integrated_plant__rejection_capacity__evaluate__supported"": 1.0, ""aries_integrated_plant__source_lifecycle_accounts__evaluate__breeding_supported"": 0.0, ""aries_integrated_plant__source_lifecycle_accounts__evaluate__supply_supported"": 0.0, ""aries_integrated_plant__turbine_capacity__evaluate__supported"": 1.0}"
high-density-demand__pbli_u=1500--feed100-service30m,high-density-demand,pbli_u=1500,feed100-service30m,575.7110046708067,4286744.140778827,115.33851950670083,100.0,30000000.0,15.338519506700834,0.0,4332827411.4,0.0,89.89079857137925,True,not established,68.18950921086997,16.329409384177108,107.34384187375895,0.017875135204333703,1.1663863845840792,0.0,6.998318307504475,2.4260939829639465,1.1100273777712342,0.8367152887661469,-0.16734305775322939,204.250833887847,45000.0,45.0,1.0,45000.0,52493130.00000001,45000.0,67.5,1.0,45000.0,52493130.00000001,{},"{""aries_integrated_plant__compressor_capacity__evaluate__supported"": 1.0, ""aries_integrated_plant__divertor_capacity__evaluate__supported"": 1.0, ""aries_integrated_plant__divertor_pump__evaluate__hydraulic_supported"": 0.0, ""aries_integrated_plant__divertor_pump__screen__supported"": 1.0, ""aries_integrated_plant__fuel_capacity__evaluate__supported"": 1.0, ""aries_integrated_plant__fuel_inventory__annual__breeding_supported"": 0.0, ""aries_integrated_plant__fuel_inventory__screen__supported"": 1.0, ""aries_integrated_plant__generator_capacity__evaluate__supported"": 1.0, ""aries_integrated_plant__he_capacity__evaluate__supported"": 1.0, ""aries_integrated_plant__he_pump__evaluate__hydraulic_supported"": 0.0, ""aries_integrated_plant__he_pump__screen__supported"": 1.0, ""aries_integrated_plant__lifecycle_accounts__evaluate__breeding_supported"": 0.0, ""aries_integrated_plant__lifecycle_accounts__evaluate__supply_supported"": 0.0, ""aries_integrated_plant__pbli_capacity__evaluate__supported"": 1.0, ""aries_integrated_plant__pbli_pump__evaluate__hydraulic_supported"": 0.0, ""aries_integrated_plant__pbli_pump__screen__supported"": 1.0, ""aries_integrated_plant__plant_ledger__evaluate__supported_breeding"": 0.0, ""aries_integrated_plant__plant_ledger__evaluate__supported_deposition"": 0.0, ""aries_integrated_plant__plant_ledger__evaluate__supported_hydraulics"": 0.0, ""aries_integrated_plant__plant_ledger__evaluate__supported_machine_map"": 0.0, ""aries_integrated_plant__plant_ledger__evaluate__supported_magnet"": 0.0, ""aries_integrated_plant__plant_ledger__evaluate__supported_materials"": 0.0, ""aries_integrated_plant__rejection_capacity__evaluate__supported"": 1.0, ""aries_integrated_plant__source_lifecycle_accounts__evaluate__breeding_supported"": 0.0, ""aries_integrated_plant__source_lifecycle_accounts__evaluate__supply_supported"": 0.0, ""aries_integrated_plant__turbine_capacity__evaluate__supported"": 1.0}"
high-density-demand__neutron_multiplier=1--no-credit,high-density-demand,neutron_multiplier=1,no-credit,389.2950252835693,2898690.758261457,115.33851950670083,0.0,0.0,115.33851950670083,0.0,4332827411.4,0.0,132.9354823337222,True,not established,100.84241592145536,24.14883333121874,1193.6960075300742,0.02643473812596855,1.7249166665156244,0.0,0.0,3.5878419030414546,1.6415698515625248,1.237380824910617,-0.24747616498212344,1326.6579246019226,45000.0,45.0,1.0,45000.0,52493130.00000001,45000.0,45.0,1.0,45000.0,52493130.00000001,{},"{""aries_integrated_plant__compressor_capacity__evaluate__supported"": 1.0, ""aries_integrated_plant__divertor_capacity__evaluate__supported"": 1.0, ""aries_integrated_plant__divertor_pump__evaluate__hydraulic_supported"": 0.0, ""aries_integrated_plant__divertor_pump__screen__supported"": 1.0, ""aries_integrated_plant__fuel_capacity__evaluate__supported"": 1.0, ""aries_integrated_plant__fuel_inventory__annual__breeding_supported"": 0.0, ""aries_integrated_plant__fuel_inventory__screen__supported"": 1.0, ""aries_integrated_plant__generator_capacity__evaluate__supported"": 1.0, ""aries_integrated_plant__he_capacity__evaluate__supported"": 1.0, ""aries_integrated_plant__he_pump__evaluate__hydraulic_supported"": 0.0, ""aries_integrated_plant__he_pump__screen__supported"": 1.0, ""aries_integrated_plant__lifecycle_accounts__evaluate__breeding_supported"": 0.0, ""aries_integrated_plant__lifecycle_accounts__evaluate__supply_supported"": 0.0, ""aries_integrated_plant__pbli_capacity__evaluate__supported"": 1.0, ""aries_integrated_plant__pbli_pump__evaluate__hydraulic_supported"": 0.0, ""aries_integrated_plant__pbli_pump__screen__supported"": 1.0, ""aries_integrated_plant__plant_ledger__evaluate__supported_breeding"": 0.0, ""aries_integrated_plant__plant_ledger__evaluate__supported_deposition"": 0.0, ""aries_integrated_plant__plant_ledger__evaluate__supported_hydraulics"": 0.0, ""aries_integrated_plant__plant_ledger__evaluate__supported_machine_map"": 0.0, ""aries_integrated_plant__plant_ledger__evaluate__supported_magnet"": 0.0, ""aries_integrated_plant__plant_ledger__evaluate__supported_materials"": 0.0, ""aries_integrated_plant__rejection_capacity__evaluate__supported"": 1.0, ""aries_integrated_plant__source_lifecycle_accounts__evaluate__breeding_supported"": 0.0, ""aries_integrated_plant__source_lifecycle_accounts__evaluate__supply_supported"": 0.0, ""aries_integrated_plant__turbine_capacity__evaluate__supported"": 1.0}"
high-density-demand__neutron_multiplier=1--feed100-service30m,high-density-demand,neutron_multiplier=1,feed100-service30m,389.2950252835693,2898690.758261457,115.33851950670083,100.0,30000000.0,15.338519506700834,0.0,4332827411.4,0.0,132.9354823337222,True,not established,100.84241592145536,24.14883333121874,158.7460076206997,0.02643473812596855,1.7249166665156244,0.0,10.349499999093746,3.5878419030414546,1.6415698515625248,1.237380824910617,-0.24747616498212344,302.0574246916416,45000.0,45.0,1.0,45000.0,52493130.00000001,45000.0,45.0,1.0,45000.0,52493130.00000001,{},"{""aries_integrated_plant__compressor_capacity__evaluate__supported"": 1.0, ""aries_integrated_plant__divertor_capacity__evaluate__supported"": 1.0, ""aries_integrated_plant__divertor_pump__evaluate__hydraulic_supported"": 0.0, ""aries_integrated_plant__divertor_pump__screen__supported"": 1.0, ""aries_integrated_plant__fuel_capacity__evaluate__supported"": 1.0, ""aries_integrated_plant__fuel_inventory__annual__breeding_supported"": 0.0, ""aries_integrated_plant__fuel_inventory__screen__supported"": 1.0, ""aries_integrated_plant__generator_capacity__evaluate__supported"": 1.0, ""aries_integrated_plant__he_capacity__evaluate__supported"": 1.0, ""aries_integrated_plant__he_pump__evaluate__hydraulic_supported"": 0.0, ""aries_integrated_plant__he_pump__screen__supported"": 1.0, ""aries_integrated_plant__lifecycle_accounts__evaluate__breeding_supported"": 0.0, ""aries_integrated_plant__lifecycle_accounts__evaluate__supply_supported"": 0.0, ""aries_integrated_plant__pbli_capacity__evaluate__supported"": 1.0, ""aries_integrated_plant__pbli_pump__evaluate__hydraulic_supported"": 0.0, ""aries_integrated_plant__pbli_pump__screen__supported"": 1.0, ""aries_integrated_plant__plant_ledger__evaluate__supported_breeding"": 0.0, ""aries_integrated_plant__plant_ledger__evaluate__supported_deposition"": 0.0, ""aries_integrated_plant__plant_ledger__evaluate__supported_hydraulics"": 0.0, ""aries_integrated_plant__plant_ledger__evaluate__supported_machine_map"": 0.0, ""aries_integrated_plant__plant_ledger__evaluate__supported_magnet"": 0.0, ""aries_integrated_plant__plant_ledger__evaluate__supported_materials"": 0.0, ""aries_integrated_plant__rejection_capacity__evaluate__supported"": 1.0, ""aries_integrated_plant__source_lifecycle_accounts__evaluate__breeding_supported"": 0.0, ""aries_integrated_plant__source_lifecycle_accounts__evaluate__supply_supported"": 0.0, ""aries_integrated_plant__turbine_capacity__evaluate__supported"": 1.0}"
high-density-demand__neutron_multiplier=1.25--no-credit,high-density-demand,neutron_multiplier=1.25,no-credit,680.5699930753885,5067524.168439343,115.33851950670083,0.0,0.0,115.33851950670083,0.0,4332827411.4,0.0,76.04085176064655,True,not established,57.68319387459466,13.813451633040374,682.8098831281267,0.015121019368794755,0.986675116645741,0.0,0.0,2.0522929582104763,0.938999637614038,0.7077981756765798,-0.14155963513531597,758.8658559081421,45000.0,45.0,1.0,45000.0,52493130.00000001,45000.0,45.0,1.0,45000.0,52493130.00000001,{},"{""aries_integrated_plant__compressor_capacity__evaluate__supported"": 1.0, ""aries_integrated_plant__divertor_capacity__evaluate__supported"": 1.0, ""aries_integrated_plant__divertor_pump__evaluate__hydraulic_supported"": 0.0, ""aries_integrated_plant__divertor_pump__screen__supported"": 1.0, ""aries_integrated_plant__fuel_capacity__evaluate__supported"": 1.0, ""aries_integrated_plant__fuel_inventory__annual__breeding_supported"": 0.0, ""aries_integrated_plant__fuel_inventory__screen__supported"": 1.0, ""aries_integrated_plant__generator_capacity__evaluate__supported"": 1.0, ""aries_integrated_plant__he_capacity__evaluate__supported"": 1.0, ""aries_integrated_plant__he_pump__evaluate__hydraulic_supported"": 0.0, ""aries_integrated_plant__he_pump__screen__supported"": 1.0, ""aries_integrated_plant__lifecycle_accounts__evaluate__breeding_supported"": 0.0, ""aries_integrated_plant__lifecycle_accounts__evaluate__supply_supported"": 0.0, ""aries_integrated_plant__pbli_capacity__evaluate__supported"": 1.0, ""aries_integrated_plant__pbli_pump__evaluate__hydraulic_supported"": 0.0, ""aries_integrated_plant__pbli_pump__screen__supported"": 1.0, ""aries_integrated_plant__plant_ledger__evaluate__supported_breeding"": 0.0, ""aries_integrated_plant__plant_ledger__evaluate__supported_deposition"": 0.0, ""aries_integrated_plant__plant_ledger__evaluate__supported_hydraulics"": 0.0, ""aries_integrated_plant__plant_ledger__evaluate__supported_machine_map"": 0.0, ""aries_integrated_plant__plant_ledger__evaluate__supported_magnet"": 0.0, ""aries_integrated_plant__plant_ledger__evaluate__supported_materials"": 0.0, ""aries_integrated_plant__rejection_capacity__evaluate__supported"": 1.0, ""aries_integrated_plant__source_lifecycle_accounts__evaluate__breeding_supported"": 0.0, ""aries_integrated_plant__source_lifecycle_accounts__evaluate__supply_supported"": 0.0, ""aries_integrated_plant__turbine_capacity__evaluate__supported"": 1.0}"
high-density-demand__neutron_multiplier=1.25--feed100-service30m,high-density-demand,neutron_multiplier=1.25,feed100-service30m,680.5699930753885,5067524.168439343,115.33851950670083,100.0,30000000.0,15.338519506700834,0.0,4332827411.4,0.0,76.04085176064655,True,not established,57.68319387459466,13.813451633040374,90.80481314068211,0.015121019368794755,0.986675116645741,0.0,5.920050699874446,2.0522929582104763,0.938999637614038,0.7077981756765798,-0.14155963513531597,172.78083662057188,45000.0,45.0,1.0,45000.0,52493130.00000001,45000.0,45.0,1.0,45000.0,52493130.00000001,{},"{""aries_integrated_plant__compressor_capacity__evaluate__supported"": 1.0, ""aries_integrated_plant__divertor_capacity__evaluate__supported"": 1.0, ""aries_integrated_plant__divertor_pump__evaluate__hydraulic_supported"": 0.0, ""aries_integrated_plant__divertor_pump__screen__supported"": 1.0, ""aries_integrated_plant__fuel_capacity__evaluate__supported"": 1.0, ""aries_integrated_plant__fuel_inventory__annual__breeding_supported"": 0.0, ""aries_integrated_plant__fuel_inventory__screen__supported"": 1.0, ""aries_integrated_plant__generator_capacity__evaluate__supported"": 1.0, ""aries_integrated_plant__he_capacity__evaluate__supported"": 1.0, ""aries_integrated_plant__he_pump__evaluate__hydraulic_supported"": 0.0, ""aries_integrated_plant__he_pump__screen__supported"": 1.0, ""aries_integrated_plant__lifecycle_accounts__evaluate__breeding_supported"": 0.0, ""aries_integrated_plant__lifecycle_accounts__evaluate__supply_supported"": 0.0, ""aries_integrated_plant__pbli_capacity__evaluate__supported"": 1.0, ""aries_integrated_plant__pbli_pump__evaluate__hydraulic_supported"": 0.0, ""aries_integrated_plant__pbli_pump__screen__supported"": 1.0, ""aries_integrated_plant__plant_ledger__evaluate__supported_breeding"": 0.0, ""aries_integrated_plant__plant_ledger__evaluate__supported_deposition"": 0.0, ""aries_integrated_plant__plant_ledger__evaluate__supported_hydraulics"": 0.0, ""aries_integrated_plant__plant_ledger__evaluate__supported_machine_map"": 0.0, ""aries_integrated_plant__plant_ledger__evaluate__supported_magnet"": 0.0, ""aries_integrated_plant__plant_ledger__evaluate__supported_materials"": 0.0, ""aries_integrated_plant__rejection_capacity__evaluate__supported"": 1.0, ""aries_integrated_plant__source_lifecycle_accounts__evaluate__breeding_supported"": 0.0, ""aries_integrated_plant__source_lifecycle_accounts__evaluate__supply_supported"": 0.0, ""aries_integrated_plant__turbine_capacity__evaluate__supported"": 1.0}"
high-density-demand__helium_fraction=0.3--no-credit,high-density-demand,helium_fraction=0.3,no-credit,575.7110046708067,4286744.140778827,115.33851950670083,0.0,0.0,115.33851950670083,0.0,4332827411.4,0.0,89.89079857137925,True,not established,68.18950921086997,16.329409384177108,807.1756726242064,0.017875135204333703,1.1663863845840792,0.0,0.0,2.4260939829639465,1.1100273777712342,0.8367152887661469,-0.16734305775322939,897.0843463307901,45000.0,45.0,1.0,45000.0,52493130.00000001,45000.0,45.0,1.0,45000.0,52493130.00000001,{},"{""aries_integrated_plant__compressor_capacity__evaluate__supported"": 1.0, ""aries_integrated_plant__divertor_capacity__evaluate__supported"": 1.0, ""aries_integrated_plant__divertor_pump__evaluate__hydraulic_supported"": 0.0, ""aries_integrated_plant__divertor_pump__screen__supported"": 1.0, ""aries_integrated_plant__fuel_capacity__evaluate__supported"": 1.0, ""aries_integrated_plant__fuel_inventory__annual__breeding_supported"": 0.0, ""aries_integrated_plant__fuel_inventory__screen__supported"": 1.0, ""aries_integrated_plant__generator_capacity__evaluate__supported"": 1.0, ""aries_integrated_plant__he_capacity__evaluate__supported"": 1.0, ""aries_integrated_plant__he_pump__evaluate__hydraulic_supported"": 0.0, ""aries_integrated_plant__he_pump__screen__supported"": 1.0, ""aries_integrated_plant__lifecycle_accounts__evaluate__breeding_supported"": 0.0, ""aries_integrated_plant__lifecycle_accounts__evaluate__supply_supported"": 0.0, ""aries_integrated_plant__pbli_capacity__evaluate__supported"": 1.0, ""aries_integrated_plant__pbli_pump__evaluate__hydraulic_supported"": 0.0, ""aries_integrated_plant__pbli_pump__screen__supported"": 1.0, ""aries_integrated_plant__plant_ledger__evaluate__supported_breeding"": 0.0, ""aries_integrated_plant__plant_ledger__evaluate__supported_deposition"": 0.0, ""aries_integrated_plant__plant_ledger__evaluate__supported_hydraulics"": 0.0, ""aries_integrated_plant__plant_ledger__evaluate__supported_machine_map"": 0.0, ""aries_integrated_plant__plant_ledger__evaluate__supported_magnet"": 0.0, ""aries_integrated_plant__plant_ledger__evaluate__supported_materials"": 0.0, ""aries_integrated_plant__rejection_capacity__evaluate__supported"": 1.0, ""aries_integrated_plant__source_lifecycle_accounts__evaluate__breeding_supported"": 0.0, ""aries_integrated_plant__source_lifecycle_accounts__evaluate__supply_supported"": 0.0, ""aries_integrated_plant__turbine_capacity__evaluate__supported"": 1.0}"
high-density-demand__helium_fraction=0.3--feed100-service30m,high-density-demand,helium_fraction=0.3,feed100-service30m,575.7110046708067,4286744.140778827,115.33851950670083,100.0,30000000.0,15.338519506700834,0.0,4332827411.4,0.0,89.89079857137925,True,not established,68.18950921086997,16.329409384177108,107.34384187375895,0.017875135204333703,1.1663863845840792,0.0,6.998318307504475,2.4260939829639465,1.1100273777712342,0.8367152887661469,-0.16734305775322939,204.250833887847,45000.0,45.0,1.0,45000.0,52493130.00000001,45000.0,45.0,1.0,45000.0,52493130.00000001,{},"{""aries_integrated_plant__compressor_capacity__evaluate__supported"": 1.0, ""aries_integrated_plant__divertor_capacity__evaluate__supported"": 1.0, ""aries_integrated_plant__divertor_pump__evaluate__hydraulic_supported"": 0.0, ""aries_integrated_plant__divertor_pump__screen__supported"": 1.0, ""aries_integrated_plant__fuel_capacity__evaluate__supported"": 1.0, ""aries_integrated_plant__fuel_inventory__annual__breeding_supported"": 0.0, ""aries_integrated_plant__fuel_inventory__screen__supported"": 1.0, ""aries_integrated_plant__generator_capacity__evaluate__supported"": 1.0, ""aries_integrated_plant__he_capacity__evaluate__supported"": 1.0, ""aries_integrated_plant__he_pump__evaluate__hydraulic_supported"": 0.0, ""aries_integrated_plant__he_pump__screen__supported"": 1.0, ""aries_integrated_plant__lifecycle_accounts__evaluate__breeding_supported"": 0.0, ""aries_integrated_plant__lifecycle_accounts__evaluate__supply_supported"": 0.0, ""aries_integrated_plant__pbli_capacity__evaluate__supported"": 1.0, ""aries_integrated_plant__pbli_pump__evaluate__hydraulic_supported"": 0.0, ""aries_integrated_plant__pbli_pump__screen__supported"": 1.0, ""aries_integrated_plant__plant_ledger__evaluate__supported_breeding"": 0.0, ""aries_integrated_plant__plant_ledger__evaluate__supported_deposition"": 0.0, ""aries_integrated_plant__plant_ledger__evaluate__supported_hydraulics"": 0.0, ""aries_integrated_plant__plant_ledger__evaluate__supported_machine_map"": 0.0, ""aries_integrated_plant__plant_ledger__evaluate__supported_magnet"": 0.0, ""aries_integrated_plant__plant_ledger__evaluate__supported_materials"": 0.0, ""aries_integrated_plant__rejection_capacity__evaluate__supported"": 1.0, ""aries_integrated_plant__source_lifecycle_accounts__evaluate__breeding_supported"": 0.0, ""aries_integrated_plant__source_lifecycle_accounts__evaluate__supply_supported"": 0.0, ""aries_integrated_plant__turbine_capacity__evaluate__supported"": 1.0}"
high-density-demand__helium_fraction=0.46--no-credit,high-density-demand,helium_fraction=0.46,no-credit,575.7110046708067,4286744.140778827,115.33851950670083,0.0,0.0,115.33851950670083,0.0,4332827411.4,0.0,89.89079857137925,True,not established,68.18950921086997,16.329409384177108,807.1756726242064,0.017875135204333703,1.1663863845840792,0.0,0.0,2.4260939829639465,1.1100273777712342,0.8367152887661469,-0.16734305775322939,897.0843463307901,45000.0,45.0,1.0,45000.0,52493130.00000001,45000.0,45.0,1.0,45000.0,52493130.00000001,{},"{""aries_integrated_plant__compressor_capacity__evaluate__supported"": 1.0, ""aries_integrated_plant__divertor_capacity__evaluate__supported"": 1.0, ""aries_integrated_plant__divertor_pump__evaluate__hydraulic_supported"": 0.0, ""aries_integrated_plant__divertor_pump__screen__supported"": 1.0, ""aries_integrated_plant__fuel_capacity__evaluate__supported"": 1.0, ""aries_integrated_plant__fuel_inventory__annual__breeding_supported"": 0.0, ""aries_integrated_plant__fuel_inventory__screen__supported"": 1.0, ""aries_integrated_plant__generator_capacity__evaluate__supported"": 1.0, ""aries_integrated_plant__he_capacity__evaluate__supported"": 1.0, ""aries_integrated_plant__he_pump__evaluate__hydraulic_supported"": 0.0, ""aries_integrated_plant__he_pump__screen__supported"": 1.0, ""aries_integrated_plant__lifecycle_accounts__evaluate__breeding_supported"": 0.0, ""aries_integrated_plant__lifecycle_accounts__evaluate__supply_supported"": 0.0, ""aries_integrated_plant__pbli_capacity__evaluate__supported"": 1.0, ""aries_integrated_plant__pbli_pump__evaluate__hydraulic_supported"": 0.0, ""aries_integrated_plant__pbli_pump__screen__supported"": 1.0, ""aries_integrated_plant__plant_ledger__evaluate__supported_breeding"": 0.0, ""aries_integrated_plant__plant_ledger__evaluate__supported_deposition"": 0.0, ""aries_integrated_plant__plant_ledger__evaluate__supported_hydraulics"": 0.0, ""aries_integrated_plant__plant_ledger__evaluate__supported_machine_map"": 0.0, ""aries_integrated_plant__plant_ledger__evaluate__supported_magnet"": 0.0, ""aries_integrated_plant__plant_ledger__evaluate__supported_materials"": 0.0, ""aries_integrated_plant__rejection_capacity__evaluate__supported"": 1.0, ""aries_integrated_plant__source_lifecycle_accounts__evaluate__breeding_supported"": 0.0, ""aries_integrated_plant__source_lifecycle_accounts__evaluate__supply_supported"": 0.0, ""aries_integrated_plant__turbine_capacity__evaluate__supported"": 1.0}"
high-density-demand__helium_fraction=0.46--feed100-service30m,high-density-demand,helium_fraction=0.46,feed100-service30m,575.7110046708067,4286744.140778827,115.33851950670083,100.0,30000000.0,15.338519506700834,0.0,4332827411.4,0.0,89.89079857137925,True,not established,68.18950921086997,16.329409384177108,107.34384187375895,0.017875135204333703,1.1663863845840792,0.0,6.998318307504475,2.4260939829639465,1.1100273777712342,0.8367152887661469,-0.16734305775322939,204.250833887847,45000.0,45.0,1.0,45000.0,52493130.00000001,45000.0,45.0,1.0,45000.0,52493130.00000001,{},"{""aries_integrated_plant__compressor_capacity__evaluate__supported"": 1.0, ""aries_integrated_plant__divertor_capacity__evaluate__supported"": 1.0, ""aries_integrated_plant__divertor_pump__evaluate__hydraulic_supported"": 0.0, ""aries_integrated_plant__divertor_pump__screen__supported"": 1.0, ""aries_integrated_plant__fuel_capacity__evaluate__supported"": 1.0, ""aries_integrated_plant__fuel_inventory__annual__breeding_supported"": 0.0, ""aries_integrated_plant__fuel_inventory__screen__supported"": 1.0, ""aries_integrated_plant__generator_capacity__evaluate__supported"": 1.0, ""aries_integrated_plant__he_capacity__evaluate__supported"": 1.0, ""aries_integrated_plant__he_pump__evaluate__hydraulic_supported"": 0.0, ""aries_integrated_plant__he_pump__screen__supported"": 1.0, ""aries_integrated_plant__lifecycle_accounts__evaluate__breeding_supported"": 0.0, ""aries_integrated_plant__lifecycle_accounts__evaluate__supply_supported"": 0.0, ""aries_integrated_plant__pbli_capacity__evaluate__supported"": 1.0, ""aries_integrated_plant__pbli_pump__evaluate__hydraulic_supported"": 0.0, ""aries_integrated_plant__pbli_pump__screen__supported"": 1.0, ""aries_integrated_plant__plant_ledger__evaluate__supported_breeding"": 0.0, ""aries_integrated_plant__plant_ledger__evaluate__supported_deposition"": 0.0, ""aries_integrated_plant__plant_ledger__evaluate__supported_hydraulics"": 0.0, ""aries_integrated_plant__plant_ledger__evaluate__supported_machine_map"": 0.0, ""aries_integrated_plant__plant_ledger__evaluate__supported_magnet"": 0.0, ""aries_integrated_plant__plant_ledger__evaluate__supported_materials"": 0.0, ""aries_integrated_plant__rejection_capacity__evaluate__supported"": 1.0, ""aries_integrated_plant__source_lifecycle_accounts__evaluate__breeding_supported"": 0.0, ""aries_integrated_plant__source_lifecycle_accounts__evaluate__supply_supported"": 0.0, ""aries_integrated_plant__turbine_capacity__evaluate__supported"": 1.0}"
high-density-demand__exchange_fraction=0.02--no-credit,high-density-demand,exchange_fraction=0.02,no-credit,575.7110046708067,4286744.140778827,115.33851950670083,0.0,0.0,115.33851950670083,0.0,4332827411.4,0.0,89.89079857137925,True,not established,68.18950921086997,16.329409384177108,807.1756726242064,0.017875135204333703,1.1663863845840792,0.0,0.0,2.4260939829639465,1.1100273777712342,0.8367152887661469,-0.16734305775322939,897.0843463307901,45000.0,45.0,1.0,45000.0,52493130.00000001,45000.0,45.0,1.0,45000.0,52493130.00000001,{},"{""aries_integrated_plant__compressor_capacity__evaluate__supported"": 1.0, ""aries_integrated_plant__divertor_capacity__evaluate__supported"": 1.0, ""aries_integrated_plant__divertor_pump__evaluate__hydraulic_supported"": 0.0, ""aries_integrated_plant__divertor_pump__screen__supported"": 1.0, ""aries_integrated_plant__fuel_capacity__evaluate__supported"": 1.0, ""aries_integrated_plant__fuel_inventory__annual__breeding_supported"": 0.0, ""aries_integrated_plant__fuel_inventory__screen__supported"": 1.0, ""aries_integrated_plant__generator_capacity__evaluate__supported"": 1.0, ""aries_integrated_plant__he_capacity__evaluate__supported"": 1.0, ""aries_integrated_plant__he_pump__evaluate__hydraulic_supported"": 0.0, ""aries_integrated_plant__he_pump__screen__supported"": 1.0, ""aries_integrated_plant__lifecycle_accounts__evaluate__breeding_supported"": 0.0, ""aries_integrated_plant__lifecycle_accounts__evaluate__supply_supported"": 0.0, ""aries_integrated_plant__pbli_capacity__evaluate__supported"": 1.0, ""aries_integrated_plant__pbli_pump__evaluate__hydraulic_supported"": 0.0, ""aries_integrated_plant__pbli_pump__screen__supported"": 1.0, ""aries_integrated_plant__plant_ledger__evaluate__supported_breeding"": 0.0, ""aries_integrated_plant__plant_ledger__evaluate__supported_deposition"": 0.0, ""aries_integrated_plant__plant_ledger__evaluate__supported_hydraulics"": 0.0, ""aries_integrated_plant__plant_ledger__evaluate__supported_machine_map"": 0.0, ""aries_integrated_plant__plant_ledger__evaluate__supported_magnet"": 0.0, ""aries_integrated_plant__plant_ledger__evaluate__supported_materials"": 0.0, ""aries_integrated_plant__rejection_capacity__evaluate__supported"": 1.0, ""aries_integrated_plant__source_lifecycle_accounts__evaluate__breeding_supported"": 0.0, ""aries_integrated_plant__source_lifecycle_accounts__evaluate__supply_supported"": 0.0, ""aries_integrated_plant__turbine_capacity__evaluate__supported"": 1.0}"
high-density-demand__exchange_fraction=0.02--feed100-service30m,high-density-demand,exchange_fraction=0.02,feed100-service30m,575.7110046708067,4286744.140778827,115.33851950670083,100.0,30000000.0,15.338519506700834,0.0,4332827411.4,0.0,89.89079857137925,True,not established,68.18950921086997,16.329409384177108,107.34384187375895,0.017875135204333703,1.1663863845840792,0.0,6.998318307504475,2.4260939829639465,1.1100273777712342,0.8367152887661469,-0.16734305775322939,204.250833887847,45000.0,45.0,1.0,45000.0,52493130.00000001,45000.0,45.0,1.0,45000.0,52493130.00000001,{},"{""aries_integrated_plant__compressor_capacity__evaluate__supported"": 1.0, ""aries_integrated_plant__divertor_capacity__evaluate__supported"": 1.0, ""aries_integrated_plant__divertor_pump__evaluate__hydraulic_supported"": 0.0, ""aries_integrated_plant__divertor_pump__screen__supported"": 1.0, ""aries_integrated_plant__fuel_capacity__evaluate__supported"": 1.0, ""aries_integrated_plant__fuel_inventory__annual__breeding_supported"": 0.0, ""aries_integrated_plant__fuel_inventory__screen__supported"": 1.0, ""aries_integrated_plant__generator_capacity__evaluate__supported"": 1.0, ""aries_integrated_plant__he_capacity__evaluate__supported"": 1.0, ""aries_integrated_plant__he_pump__evaluate__hydraulic_supported"": 0.0, ""aries_integrated_plant__he_pump__screen__supported"": 1.0, ""aries_integrated_plant__lifecycle_accounts__evaluate__breeding_supported"": 0.0, ""aries_integrated_plant__lifecycle_accounts__evaluate__supply_supported"": 0.0, ""aries_integrated_plant__pbli_capacity__evaluate__supported"": 1.0, ""aries_integrated_plant__pbli_pump__evaluate__hydraulic_supported"": 0.0, ""aries_integrated_plant__pbli_pump__screen__supported"": 1.0, ""aries_integrated_plant__plant_ledger__evaluate__supported_breeding"": 0.0, ""aries_integrated_plant__plant_ledger__evaluate__supported_deposition"": 0.0, ""aries_integrated_plant__plant_ledger__evaluate__supported_hydraulics"": 0.0, ""aries_integrated_plant__plant_ledger__evaluate__supported_machine_map"": 0.0, ""aries_integrated_plant__plant_ledger__evaluate__supported_magnet"": 0.0, ""aries_integrated_plant__plant_ledger__evaluate__supported_materials"": 0.0, ""aries_integrated_plant__rejection_capacity__evaluate__supported"": 1.0, ""aries_integrated_plant__source_lifecycle_accounts__evaluate__breeding_supported"": 0.0, ""aries_integrated_plant__source_lifecycle_accounts__evaluate__supply_supported"": 0.0, ""aries_integrated_plant__turbine_capacity__evaluate__supported"": 1.0}"
high-density-demand__exchange_fraction=0.06--no-credit,high-density-demand,exchange_fraction=0.06,no-credit,575.7110046708067,4286744.140778827,115.33851950670083,0.0,0.0,115.33851950670083,0.0,4332827411.4,0.0,89.89079857137925,True,not established,68.18950921086997,16.329409384177108,807.1756726242064,0.017875135204333703,1.1663863845840792,0.0,0.0,2.4260939829639465,1.1100273777712342,0.8367152887661469,-0.16734305775322939,897.0843463307901,45000.0,45.0,1.0,45000.0,52493130.00000001,45000.0,45.0,1.0,45000.0,52493130.00000001,{},"{""aries_integrated_plant__compressor_capacity__evaluate__supported"": 1.0, ""aries_integrated_plant__divertor_capacity__evaluate__supported"": 1.0, ""aries_integrated_plant__divertor_pump__evaluate__hydraulic_supported"": 0.0, ""aries_integrated_plant__divertor_pump__screen__supported"": 1.0, ""aries_integrated_plant__fuel_capacity__evaluate__supported"": 1.0, ""aries_integrated_plant__fuel_inventory__annual__breeding_supported"": 0.0, ""aries_integrated_plant__fuel_inventory__screen__supported"": 1.0, ""aries_integrated_plant__generator_capacity__evaluate__supported"": 1.0, ""aries_integrated_plant__he_capacity__evaluate__supported"": 1.0, ""aries_integrated_plant__he_pump__evaluate__hydraulic_supported"": 0.0, ""aries_integrated_plant__he_pump__screen__supported"": 1.0, ""aries_integrated_plant__lifecycle_accounts__evaluate__breeding_supported"": 0.0, ""aries_integrated_plant__lifecycle_accounts__evaluate__supply_supported"": 0.0, ""aries_integrated_plant__pbli_capacity__evaluate__supported"": 1.0, ""aries_integrated_plant__pbli_pump__evaluate__hydraulic_supported"": 0.0, ""aries_integrated_plant__pbli_pump__screen__supported"": 1.0, ""aries_integrated_plant__plant_ledger__evaluate__supported_breeding"": 0.0, ""aries_integrated_plant__plant_ledger__evaluate__supported_deposition"": 0.0, ""aries_integrated_plant__plant_ledger__evaluate__supported_hydraulics"": 0.0, ""aries_integrated_plant__plant_ledger__evaluate__supported_machine_map"": 0.0, ""aries_integrated_plant__plant_ledger__evaluate__supported_magnet"": 0.0, ""aries_integrated_plant__plant_ledger__evaluate__supported_materials"": 0.0, ""aries_integrated_plant__rejection_capacity__evaluate__supported"": 1.0, ""aries_integrated_plant__source_lifecycle_accounts__evaluate__breeding_supported"": 0.0, ""aries_integrated_plant__source_lifecycle_accounts__evaluate__supply_supported"": 0.0, ""aries_integrated_plant__turbine_capacity__evaluate__supported"": 1.0}"
high-density-demand__exchange_fraction=0.06--feed100-service30m,high-density-demand,exchange_fraction=0.06,feed100-service30m,575.7110046708067,4286744.140778827,115.33851950670083,100.0,30000000.0,15.338519506700834,0.0,4332827411.4,0.0,89.89079857137925,True,not established,68.18950921086997,16.329409384177108,107.34384187375895,0.017875135204333703,1.1663863845840792,0.0,6.998318307504475,2.4260939829639465,1.1100273777712342,0.8367152887661469,-0.16734305775322939,204.250833887847,45000.0,45.0,1.0,45000.0,52493130.00000001,45000.0,45.0,1.0,45000.0,52493130.00000001,{},"{""aries_integrated_plant__compressor_capacity__evaluate__supported"": 1.0, ""aries_integrated_plant__divertor_capacity__evaluate__supported"": 1.0, ""aries_integrated_plant__divertor_pump__evaluate__hydraulic_supported"": 0.0, ""aries_integrated_plant__divertor_pump__screen__supported"": 1.0, ""aries_integrated_plant__fuel_capacity__evaluate__supported"": 1.0, ""aries_integrated_plant__fuel_inventory__annual__breeding_supported"": 0.0, ""aries_integrated_plant__fuel_inventory__screen__supported"": 1.0, ""aries_integrated_plant__generator_capacity__evaluate__supported"": 1.0, ""aries_integrated_plant__he_capacity__evaluate__supported"": 1.0, ""aries_integrated_plant__he_pump__evaluate__hydraulic_supported"": 0.0, ""aries_integrated_plant__he_pump__screen__supported"": 1.0, ""aries_integrated_plant__lifecycle_accounts__evaluate__breeding_supported"": 0.0, ""aries_integrated_plant__lifecycle_accounts__evaluate__supply_supported"": 0.0, ""aries_integrated_plant__pbli_capacity__evaluate__supported"": 1.0, ""aries_integrated_plant__pbli_pump__evaluate__hydraulic_supported"": 0.0, ""aries_integrated_plant__pbli_pump__screen__supported"": 1.0, ""aries_integrated_plant__plant_ledger__evaluate__supported_breeding"": 0.0, ""aries_integrated_plant__plant_ledger__evaluate__supported_deposition"": 0.0, ""aries_integrated_plant__plant_ledger__evaluate__supported_hydraulics"": 0.0, ""aries_integrated_plant__plant_ledger__evaluate__supported_machine_map"": 0.0, ""aries_integrated_plant__plant_ledger__evaluate__supported_magnet"": 0.0, ""aries_integrated_plant__plant_ledger__evaluate__supported_materials"": 0.0, ""aries_integrated_plant__rejection_capacity__evaluate__supported"": 1.0, ""aries_integrated_plant__source_lifecycle_accounts__evaluate__breeding_supported"": 0.0, ""aries_integrated_plant__source_lifecycle_accounts__evaluate__supply_supported"": 0.0, ""aries_integrated_plant__turbine_capacity__evaluate__supported"": 1.0}"
high-density-demand__other_load=2.5--no-credit,high-density-demand,other_load=2.5,no-credit,578.2110046708067,4305359.140778827,115.33851950670083,0.0,0.0,115.33851950670083,0.0,4332827411.4,0.0,89.5021394233985,True,not established,67.8946795178166,16.25880622524262,803.6857024139206,0.017797848819865326,1.1613433018030443,0.0,0.0,2.4156043262323816,1.1052279733634816,0.8330975986754743,-0.16661951973509487,893.2056396861391,45000.0,45.0,1.0,45000.0,52493130.00000001,45000.0,45.0,1.0,45000.0,52493130.00000001,{},"{""aries_integrated_plant__compressor_capacity__evaluate__supported"": 1.0, ""aries_integrated_plant__divertor_capacity__evaluate__supported"": 1.0, ""aries_integrated_plant__divertor_pump__evaluate__hydraulic_supported"": 0.0, ""aries_integrated_plant__divertor_pump__screen__supported"": 1.0, ""aries_integrated_plant__fuel_capacity__evaluate__supported"": 1.0, ""aries_integrated_plant__fuel_inventory__annual__breeding_supported"": 0.0, ""aries_integrated_plant__fuel_inventory__screen__supported"": 1.0, ""aries_integrated_plant__generator_capacity__evaluate__supported"": 1.0, ""aries_integrated_plant__he_capacity__evaluate__supported"": 1.0, ""aries_integrated_plant__he_pump__evaluate__hydraulic_supported"": 0.0, ""aries_integrated_plant__he_pump__screen__supported"": 1.0, ""aries_integrated_plant__lifecycle_accounts__evaluate__breeding_supported"": 0.0, ""aries_integrated_plant__lifecycle_accounts__evaluate__supply_supported"": 0.0, ""aries_integrated_plant__pbli_capacity__evaluate__supported"": 1.0, ""aries_integrated_plant__pbli_pump__evaluate__hydraulic_supported"": 0.0, ""aries_integrated_plant__pbli_pump__screen__supported"": 1.0, ""aries_integrated_plant__plant_ledger__evaluate__supported_breeding"": 0.0, ""aries_integrated_plant__plant_ledger__evaluate__supported_deposition"": 0.0, ""aries_integrated_plant__plant_ledger__evaluate__supported_hydraulics"": 0.0, ""aries_integrated_plant__plant_ledger__evaluate__supported_machine_map"": 0.0, ""aries_integrated_plant__plant_ledger__evaluate__supported_magnet"": 0.0, ""aries_integrated_plant__plant_ledger__evaluate__supported_materials"": 0.0, ""aries_integrated_plant__rejection_capacity__evaluate__supported"": 1.0, ""aries_integrated_plant__source_lifecycle_accounts__evaluate__breeding_supported"": 0.0, ""aries_integrated_plant__source_lifecycle_accounts__evaluate__supply_supported"": 0.0, ""aries_integrated_plant__turbine_capacity__evaluate__supported"": 1.0}"
high-density-demand__other_load=2.5--feed100-service30m,high-density-demand,other_load=2.5,feed100-service30m,578.2110046708067,4305359.140778827,115.33851950670083,100.0,30000000.0,15.338519506700834,0.0,4332827411.4,0.0,89.5021394233985,True,not established,67.8946795178166,16.25880622524262,106.87972133209408,0.017797848819865326,1.1613433018030443,0.0,6.968059810818265,2.4156043262323816,1.1052279733634816,0.8330975986754743,-0.16661951973509487,203.3677184151307,45000.0,45.0,1.0,45000.0,52493130.00000001,45000.0,45.0,1.0,45000.0,52493130.00000001,{},"{""aries_integrated_plant__compressor_capacity__evaluate__supported"": 1.0, ""aries_integrated_plant__divertor_capacity__evaluate__supported"": 1.0, ""aries_integrated_plant__divertor_pump__evaluate__hydraulic_supported"": 0.0, ""aries_integrated_plant__divertor_pump__screen__supported"": 1.0, ""aries_integrated_plant__fuel_capacity__evaluate__supported"": 1.0, ""aries_integrated_plant__fuel_inventory__annual__breeding_supported"": 0.0, ""aries_integrated_plant__fuel_inventory__screen__supported"": 1.0, ""aries_integrated_plant__generator_capacity__evaluate__supported"": 1.0, ""aries_integrated_plant__he_capacity__evaluate__supported"": 1.0, ""aries_integrated_plant__he_pump__evaluate__hydraulic_supported"": 0.0, ""aries_integrated_plant__he_pump__screen__supported"": 1.0, ""aries_integrated_plant__lifecycle_accounts__evaluate__breeding_supported"": 0.0, ""aries_integrated_plant__lifecycle_accounts__evaluate__supply_supported"": 0.0, ""aries_integrated_plant__pbli_capacity__evaluate__supported"": 1.0, ""aries_integrated_plant__pbli_pump__evaluate__hydraulic_supported"": 0.0, ""aries_integrated_plant__pbli_pump__screen__supported"": 1.0, ""aries_integrated_plant__plant_ledger__evaluate__supported_breeding"": 0.0, ""aries_integrated_plant__plant_ledger__evaluate__supported_deposition"": 0.0, ""aries_integrated_plant__plant_ledger__evaluate__supported_hydraulics"": 0.0, ""aries_integrated_plant__plant_ledger__evaluate__supported_machine_map"": 0.0, ""aries_integrated_plant__plant_ledger__evaluate__supported_magnet"": 0.0, ""aries_integrated_plant__plant_ledger__evaluate__supported_materials"": 0.0, ""aries_integrated_plant__rejection_capacity__evaluate__supported"": 1.0, ""aries_integrated_plant__source_lifecycle_accounts__evaluate__breeding_supported"": 0.0, ""aries_integrated_plant__source_lifecycle_accounts__evaluate__supply_supported"": 0.0, ""aries_integrated_plant__turbine_capacity__evaluate__supported"": 1.0}"
high-density-demand__other_load=7.5--no-credit,high-density-demand,other_load=7.5,no-credit,573.2110046708067,4268129.140778827,115.33851950670083,0.0,0.0,115.33851950670083,0.0,4332827411.4,0.0,90.28284791201867,True,not established,68.48691064182309,16.400628399736462,810.6960851164952,0.0179530957418089,1.1714734571240328,0.0,0.0,2.4366751387826366,1.1148686463822959,0.8403645352126917,-0.16807290704253836,900.9968861242556,45000.0,45.0,1.0,45000.0,52493130.00000001,45000.0,45.0,1.0,45000.0,52493130.00000001,{},"{""aries_integrated_plant__compressor_capacity__evaluate__supported"": 1.0, ""aries_integrated_plant__divertor_capacity__evaluate__supported"": 1.0, ""aries_integrated_plant__divertor_pump__evaluate__hydraulic_supported"": 0.0, ""aries_integrated_plant__divertor_pump__screen__supported"": 1.0, ""aries_integrated_plant__fuel_capacity__evaluate__supported"": 1.0, ""aries_integrated_plant__fuel_inventory__annual__breeding_supported"": 0.0, ""aries_integrated_plant__fuel_inventory__screen__supported"": 1.0, ""aries_integrated_plant__generator_capacity__evaluate__supported"": 1.0, ""aries_integrated_plant__he_capacity__evaluate__supported"": 1.0, ""aries_integrated_plant__he_pump__evaluate__hydraulic_supported"": 0.0, ""aries_integrated_plant__he_pump__screen__supported"": 1.0, ""aries_integrated_plant__lifecycle_accounts__evaluate__breeding_supported"": 0.0, ""aries_integrated_plant__lifecycle_accounts__evaluate__supply_supported"": 0.0, ""aries_integrated_plant__pbli_capacity__evaluate__supported"": 1.0, ""aries_integrated_plant__pbli_pump__evaluate__hydraulic_supported"": 0.0, ""aries_integrated_plant__pbli_pump__screen__supported"": 1.0, ""aries_integrated_plant__plant_ledger__evaluate__supported_breeding"": 0.0, ""aries_integrated_plant__plant_ledger__evaluate__supported_deposition"": 0.0, ""aries_integrated_plant__plant_ledger__evaluate__supported_hydraulics"": 0.0, ""aries_integrated_plant__plant_ledger__evaluate__supported_machine_map"": 0.0, ""aries_integrated_plant__plant_ledger__evaluate__supported_magnet"": 0.0, ""aries_integrated_plant__plant_ledger__evaluate__supported_materials"": 0.0, ""aries_integrated_plant__rejection_capacity__evaluate__supported"": 1.0, ""aries_integrated_plant__source_lifecycle_accounts__evaluate__breeding_supported"": 0.0, ""aries_integrated_plant__source_lifecycle_accounts__evaluate__supply_supported"": 0.0, ""aries_integrated_plant__turbine_capacity__evaluate__supported"": 1.0}"
high-density-demand__other_load=7.5--feed100-service30m,high-density-demand,other_load=7.5,feed100-service30m,573.2110046708067,4268129.140778827,115.33851950670083,100.0,30000000.0,15.338519506700834,0.0,4332827411.4,0.0,90.28284791201867,True,not established,68.48691064182309,16.400628399736462,107.81201084207545,0.0179530957418089,1.1714734571240328,0.0,7.0288407427441975,2.4366751387826366,1.1148686463822959,0.8403645352126917,-0.16807290704253836,205.1416525925801,45000.0,45.0,1.0,45000.0,52493130.00000001,45000.0,45.0,1.0,45000.0,52493130.00000001,{},"{""aries_integrated_plant__compressor_capacity__evaluate__supported"": 1.0, ""aries_integrated_plant__divertor_capacity__evaluate__supported"": 1.0, ""aries_integrated_plant__divertor_pump__evaluate__hydraulic_supported"": 0.0, ""aries_integrated_plant__divertor_pump__screen__supported"": 1.0, ""aries_integrated_plant__fuel_capacity__evaluate__supported"": 1.0, ""aries_integrated_plant__fuel_inventory__annual__breeding_supported"": 0.0, ""aries_integrated_plant__fuel_inventory__screen__supported"": 1.0, ""aries_integrated_plant__generator_capacity__evaluate__supported"": 1.0, ""aries_integrated_plant__he_capacity__evaluate__supported"": 1.0, ""aries_integrated_plant__he_pump__evaluate__hydraulic_supported"": 0.0, ""aries_integrated_plant__he_pump__screen__supported"": 1.0, ""aries_integrated_plant__lifecycle_accounts__evaluate__breeding_supported"": 0.0, ""aries_integrated_plant__lifecycle_accounts__evaluate__supply_supported"": 0.0, ""aries_integrated_plant__pbli_capacity__evaluate__supported"": 1.0, ""aries_integrated_plant__pbli_pump__evaluate__hydraulic_supported"": 0.0, ""aries_integrated_plant__pbli_pump__screen__supported"": 1.0, ""aries_integrated_plant__plant_ledger__evaluate__supported_breeding"": 0.0, ""aries_integrated_plant__plant_ledger__evaluate__supported_deposition"": 0.0, ""aries_integrated_plant__plant_ledger__evaluate__supported_hydraulics"": 0.0, ""aries_integrated_plant__plant_ledger__evaluate__supported_machine_map"": 0.0, ""aries_integrated_plant__plant_ledger__evaluate__supported_magnet"": 0.0, ""aries_integrated_plant__plant_ledger__evaluate__supported_materials"": 0.0, ""aries_integrated_plant__rejection_capacity__evaluate__supported"": 1.0, ""aries_integrated_plant__source_lifecycle_accounts__evaluate__breeding_supported"": 0.0, ""aries_integrated_plant__source_lifecycle_accounts__evaluate__supply_supported"": 0.0, ""aries_integrated_plant__turbine_capacity__evaluate__supported"": 1.0}"
high-density-demand__hx_price_factor=0.5--no-credit,high-density-demand,hx_price_factor=0.5,no-credit,575.7110046708067,4286744.140778827,115.33851950670083,0.0,0.0,115.33851950670083,0.0,4254612647.7,0.0,88.6277430304922,True,not established,66.95857480168614,16.329409384177108,807.1756726242064,0.017875135204333703,1.1663863845840792,0.0,0.0,2.4260939829639465,1.0899895316238255,0.8216111818213758,-0.16432223636427515,895.821290789903,45000.0,45.0,0.5,45000.0,26246565.000000004,45000.0,45.0,0.5,45000.0,26246565.000000004,{},"{""aries_integrated_plant__compressor_capacity__evaluate__supported"": 1.0, ""aries_integrated_plant__divertor_capacity__evaluate__supported"": 1.0, ""aries_integrated_plant__divertor_pump__evaluate__hydraulic_supported"": 0.0, ""aries_integrated_plant__divertor_pump__screen__supported"": 1.0, ""aries_integrated_plant__fuel_capacity__evaluate__supported"": 1.0, ""aries_integrated_plant__fuel_inventory__annual__breeding_supported"": 0.0, ""aries_integrated_plant__fuel_inventory__screen__supported"": 1.0, ""aries_integrated_plant__generator_capacity__evaluate__supported"": 1.0, ""aries_integrated_plant__he_capacity__evaluate__supported"": 1.0, ""aries_integrated_plant__he_pump__evaluate__hydraulic_supported"": 0.0, ""aries_integrated_plant__he_pump__screen__supported"": 1.0, ""aries_integrated_plant__lifecycle_accounts__evaluate__breeding_supported"": 0.0, ""aries_integrated_plant__lifecycle_accounts__evaluate__supply_supported"": 0.0, ""aries_integrated_plant__pbli_capacity__evaluate__supported"": 1.0, ""aries_integrated_plant__pbli_pump__evaluate__hydraulic_supported"": 0.0, ""aries_integrated_plant__pbli_pump__screen__supported"": 1.0, ""aries_integrated_plant__plant_ledger__evaluate__supported_breeding"": 0.0, ""aries_integrated_plant__plant_ledger__evaluate__supported_deposition"": 0.0, ""aries_integrated_plant__plant_ledger__evaluate__supported_hydraulics"": 0.0, ""aries_integrated_plant__plant_ledger__evaluate__supported_machine_map"": 0.0, ""aries_integrated_plant__plant_ledger__evaluate__supported_magnet"": 0.0, ""aries_integrated_plant__plant_ledger__evaluate__supported_materials"": 0.0, ""aries_integrated_plant__rejection_capacity__evaluate__supported"": 1.0, ""aries_integrated_plant__source_lifecycle_accounts__evaluate__breeding_supported"": 0.0, ""aries_integrated_plant__source_lifecycle_accounts__evaluate__supply_supported"": 0.0, ""aries_integrated_plant__turbine_capacity__evaluate__supported"": 1.0}"
high-density-demand__hx_price_factor=0.5--feed100-service30m,high-density-demand,hx_price_factor=0.5,feed100-service30m,575.7110046708067,4286744.140778827,115.33851950670083,100.0,30000000.0,15.338519506700834,0.0,4254612647.7,0.0,88.6277430304922,True,not established,66.95857480168614,16.329409384177108,107.34384187375895,0.017875135204333703,1.1663863845840792,0.0,6.998318307504475,2.4260939829639465,1.0899895316238255,0.8216111818213758,-0.16432223636427515,202.98777834695994,45000.0,45.0,0.5,45000.0,26246565.000000004,45000.0,45.0,0.5,45000.0,26246565.000000004,{},"{""aries_integrated_plant__compressor_capacity__evaluate__supported"": 1.0, ""aries_integrated_plant__divertor_capacity__evaluate__supported"": 1.0, ""aries_integrated_plant__divertor_pump__evaluate__hydraulic_supported"": 0.0, ""aries_integrated_plant__divertor_pump__screen__supported"": 1.0, ""aries_integrated_plant__fuel_capacity__evaluate__supported"": 1.0, ""aries_integrated_plant__fuel_inventory__annual__breeding_supported"": 0.0, ""aries_integrated_plant__fuel_inventory__screen__supported"": 1.0, ""aries_integrated_plant__generator_capacity__evaluate__supported"": 1.0, ""aries_integrated_plant__he_capacity__evaluate__supported"": 1.0, ""aries_integrated_plant__he_pump__evaluate__hydraulic_supported"": 0.0, ""aries_integrated_plant__he_pump__screen__supported"": 1.0, ""aries_integrated_plant__lifecycle_accounts__evaluate__breeding_supported"": 0.0, ""aries_integrated_plant__lifecycle_accounts__evaluate__supply_supported"": 0.0, ""aries_integrated_plant__pbli_capacity__evaluate__supported"": 1.0, ""aries_integrated_plant__pbli_pump__evaluate__hydraulic_supported"": 0.0, ""aries_integrated_plant__pbli_pump__screen__supported"": 1.0, ""aries_integrated_plant__plant_ledger__evaluate__supported_breeding"": 0.0, ""aries_integrated_plant__plant_ledger__evaluate__supported_deposition"": 0.0, ""aries_integrated_plant__plant_ledger__evaluate__supported_hydraulics"": 0.0, ""aries_integrated_plant__plant_ledger__evaluate__supported_machine_map"": 0.0, ""aries_integrated_plant__plant_ledger__evaluate__supported_magnet"": 0.0, ""aries_integrated_plant__plant_ledger__evaluate__supported_materials"": 0.0, ""aries_integrated_plant__rejection_capacity__evaluate__supported"": 1.0, ""aries_integrated_plant__source_lifecycle_accounts__evaluate__breeding_supported"": 0.0, ""aries_integrated_plant__source_lifecycle_accounts__evaluate__supply_supported"": 0.0, ""aries_integrated_plant__turbine_capacity__evaluate__supported"": 1.0}"
high-density-demand__hx_price_factor=1.5--no-credit,high-density-demand,hx_price_factor=1.5,no-credit,575.7110046708067,4286744.140778827,115.33851950670083,0.0,0.0,115.33851950670083,0.0,4411042175.1,0.0,91.15385411226632,True,not established,69.4204436200538,16.329409384177108,807.1756726242064,0.017875135204333703,1.1663863845840792,0.0,0.0,2.4260939829639465,1.1300652239186428,0.8518193957109182,-0.17036387914218362,898.3474018716773,45000.0,45.0,1.5,45000.0,78739695.00000001,45000.0,45.0,1.5,45000.0,78739695.00000001,{},"{""aries_integrated_plant__compressor_capacity__evaluate__supported"": 1.0, ""aries_integrated_plant__divertor_capacity__evaluate__supported"": 1.0, ""aries_integrated_plant__divertor_pump__evaluate__hydraulic_supported"": 0.0, ""aries_integrated_plant__divertor_pump__screen__supported"": 1.0, ""aries_integrated_plant__fuel_capacity__evaluate__supported"": 1.0, ""aries_integrated_plant__fuel_inventory__annual__breeding_supported"": 0.0, ""aries_integrated_plant__fuel_inventory__screen__supported"": 1.0, ""aries_integrated_plant__generator_capacity__evaluate__supported"": 1.0, ""aries_integrated_plant__he_capacity__evaluate__supported"": 1.0, ""aries_integrated_plant__he_pump__evaluate__hydraulic_supported"": 0.0, ""aries_integrated_plant__he_pump__screen__supported"": 1.0, ""aries_integrated_plant__lifecycle_accounts__evaluate__breeding_supported"": 0.0, ""aries_integrated_plant__lifecycle_accounts__evaluate__supply_supported"": 0.0, ""aries_integrated_plant__pbli_capacity__evaluate__supported"": 1.0, ""aries_integrated_plant__pbli_pump__evaluate__hydraulic_supported"": 0.0, ""aries_integrated_plant__pbli_pump__screen__supported"": 1.0, ""aries_integrated_plant__plant_ledger__evaluate__supported_breeding"": 0.0, ""aries_integrated_plant__plant_ledger__evaluate__supported_deposition"": 0.0, ""aries_integrated_plant__plant_ledger__evaluate__supported_hydraulics"": 0.0, ""aries_integrated_plant__plant_ledger__evaluate__supported_machine_map"": 0.0, ""aries_integrated_plant__plant_ledger__evaluate__supported_magnet"": 0.0, ""aries_integrated_plant__plant_ledger__evaluate__supported_materials"": 0.0, ""aries_integrated_plant__rejection_capacity__evaluate__supported"": 1.0, ""aries_integrated_plant__source_lifecycle_accounts__evaluate__breeding_supported"": 0.0, ""aries_integrated_plant__source_lifecycle_accounts__evaluate__supply_supported"": 0.0, ""aries_integrated_plant__turbine_capacity__evaluate__supported"": 1.0}"
high-density-demand__hx_price_factor=1.5--feed100-service30m,high-density-demand,hx_price_factor=1.5,feed100-service30m,575.7110046708067,4286744.140778827,115.33851950670083,100.0,30000000.0,15.338519506700834,0.0,4411042175.1,0.0,91.15385411226632,True,not established,69.4204436200538,16.329409384177108,107.34384187375895,0.017875135204333703,1.1663863845840792,0.0,6.998318307504475,2.4260939829639465,1.1300652239186428,0.8518193957109182,-0.17036387914218362,205.51388942873405,45000.0,45.0,1.5,45000.0,78739695.00000001,45000.0,45.0,1.5,45000.0,78739695.00000001,{},"{""aries_integrated_plant__compressor_capacity__evaluate__supported"": 1.0, ""aries_integrated_plant__divertor_capacity__evaluate__supported"": 1.0, ""aries_integrated_plant__divertor_pump__evaluate__hydraulic_supported"": 0.0, ""aries_integrated_plant__divertor_pump__screen__supported"": 1.0, ""aries_integrated_plant__fuel_capacity__evaluate__supported"": 1.0, ""aries_integrated_plant__fuel_inventory__annual__breeding_supported"": 0.0, ""aries_integrated_plant__fuel_inventory__screen__supported"": 1.0, ""aries_integrated_plant__generator_capacity__evaluate__supported"": 1.0, ""aries_integrated_plant__he_capacity__evaluate__supported"": 1.0, ""aries_integrated_plant__he_pump__evaluate__hydraulic_supported"": 0.0, ""aries_integrated_plant__he_pump__screen__supported"": 1.0, ""aries_integrated_plant__lifecycle_accounts__evaluate__breeding_supported"": 0.0, ""aries_integrated_plant__lifecycle_accounts__evaluate__supply_supported"": 0.0, ""aries_integrated_plant__pbli_capacity__evaluate__supported"": 1.0, ""aries_integrated_plant__pbli_pump__evaluate__hydraulic_supported"": 0.0, ""aries_integrated_plant__pbli_pump__screen__supported"": 1.0, ""aries_integrated_plant__plant_ledger__evaluate__supported_breeding"": 0.0, ""aries_integrated_plant__plant_ledger__evaluate__supported_deposition"": 0.0, ""aries_integrated_plant__plant_ledger__evaluate__supported_hydraulics"": 0.0, ""aries_integrated_plant__plant_ledger__evaluate__supported_machine_map"": 0.0, ""aries_integrated_plant__plant_ledger__evaluate__supported_magnet"": 0.0, ""aries_integrated_plant__plant_ledger__evaluate__supported_materials"": 0.0, ""aries_integrated_plant__rejection_capacity__evaluate__supported"": 1.0, ""aries_integrated_plant__source_lifecycle_accounts__evaluate__breeding_supported"": 0.0, ""aries_integrated_plant__source_lifecycle_accounts__evaluate__supply_supported"": 0.0, ""aries_integrated_plant__turbine_capacity__evaluate__supported"": 1.0}"
high-density-demand__availability=0.75--no-credit,high-density-demand,availability=0.75,no-credit,575.7110046708067,3782421.3006871995,101.83542537412279,0.0,0.0,101.83542537412279,0.0,4332827411.4,0.0,101.45251999541327,True,not established,77.2814437723193,18.506663968734056,807.7002846479933,0.017875135204333703,1.3219045691952898,0.0,0.0,2.3258547952092394,1.2580310281407319,0.9482773272682997,-0.18965546545365997,909.1706797786107,45000.0,45.0,1.0,45000.0,52493130.00000001,45000.0,45.0,1.0,45000.0,52493130.00000001,{},"{""aries_integrated_plant__compressor_capacity__evaluate__supported"": 1.0, ""aries_integrated_plant__divertor_capacity__evaluate__supported"": 1.0, ""aries_integrated_plant__divertor_pump__evaluate__hydraulic_supported"": 0.0, ""aries_integrated_plant__divertor_pump__screen__supported"": 1.0, ""aries_integrated_plant__fuel_capacity__evaluate__supported"": 1.0, ""aries_integrated_plant__fuel_inventory__annual__breeding_supported"": 0.0, ""aries_integrated_plant__fuel_inventory__screen__supported"": 1.0, ""aries_integrated_plant__generator_capacity__evaluate__supported"": 1.0, ""aries_integrated_plant__he_capacity__evaluate__supported"": 1.0, ""aries_integrated_plant__he_pump__evaluate__hydraulic_supported"": 0.0, ""aries_integrated_plant__he_pump__screen__supported"": 1.0, ""aries_integrated_plant__lifecycle_accounts__evaluate__breeding_supported"": 0.0, ""aries_integrated_plant__lifecycle_accounts__evaluate__supply_supported"": 0.0, ""aries_integrated_plant__pbli_capacity__evaluate__supported"": 1.0, ""aries_integrated_plant__pbli_pump__evaluate__hydraulic_supported"": 0.0, ""aries_integrated_plant__pbli_pump__screen__supported"": 1.0, ""aries_integrated_plant__plant_ledger__evaluate__supported_breeding"": 0.0, ""aries_integrated_plant__plant_ledger__evaluate__supported_deposition"": 0.0, ""aries_integrated_plant__plant_ledger__evaluate__supported_hydraulics"": 0.0, ""aries_integrated_plant__plant_ledger__evaluate__supported_machine_map"": 0.0, ""aries_integrated_plant__plant_ledger__evaluate__supported_magnet"": 0.0, ""aries_integrated_plant__plant_ledger__evaluate__supported_materials"": 0.0, ""aries_integrated_plant__rejection_capacity__evaluate__supported"": 1.0, ""aries_integrated_plant__source_lifecycle_accounts__evaluate__breeding_supported"": 0.0, ""aries_integrated_plant__source_lifecycle_accounts__evaluate__supply_supported"": 0.0, ""aries_integrated_plant__turbine_capacity__evaluate__supported"": 1.0}"
high-density-demand__availability=0.75--feed100-service30m,high-density-demand,availability=0.75,feed100-service30m,575.7110046708067,3782421.3006871995,101.83542537412279,100.0,30000000.0,1.8354253741227922,0.0,4332827411.4,0.0,101.45251999541327,True,not established,77.2814437723193,18.506663968734056,14.55754313081936,0.017875135204333703,1.3219045691952898,0.0,7.931427415171739,2.3258547952092394,1.2580310281407319,0.9482773272682997,-0.18965546545365997,123.95936567660868,45000.0,45.0,1.0,45000.0,52493130.00000001,45000.0,45.0,1.0,45000.0,52493130.00000001,{},"{""aries_integrated_plant__compressor_capacity__evaluate__supported"": 1.0, ""aries_integrated_plant__divertor_capacity__evaluate__supported"": 1.0, ""aries_integrated_plant__divertor_pump__evaluate__hydraulic_supported"": 0.0, ""aries_integrated_plant__divertor_pump__screen__supported"": 1.0, ""aries_integrated_plant__fuel_capacity__evaluate__supported"": 1.0, ""aries_integrated_plant__fuel_inventory__annual__breeding_supported"": 0.0, ""aries_integrated_plant__fuel_inventory__screen__supported"": 1.0, ""aries_integrated_plant__generator_capacity__evaluate__supported"": 1.0, ""aries_integrated_plant__he_capacity__evaluate__supported"": 1.0, ""aries_integrated_plant__he_pump__evaluate__hydraulic_supported"": 0.0, ""aries_integrated_plant__he_pump__screen__supported"": 1.0, ""aries_integrated_plant__lifecycle_accounts__evaluate__breeding_supported"": 0.0, ""aries_integrated_plant__lifecycle_accounts__evaluate__supply_supported"": 0.0, ""aries_integrated_plant__pbli_capacity__evaluate__supported"": 1.0, ""aries_integrated_plant__pbli_pump__evaluate__hydraulic_supported"": 0.0, ""aries_integrated_plant__pbli_pump__screen__supported"": 1.0, ""aries_integrated_plant__plant_ledger__evaluate__supported_breeding"": 0.0, ""aries_integrated_plant__plant_ledger__evaluate__supported_deposition"": 0.0, ""aries_integrated_plant__plant_ledger__evaluate__supported_hydraulics"": 0.0, ""aries_integrated_plant__plant_ledger__evaluate__supported_machine_map"": 0.0, ""aries_integrated_plant__plant_ledger__evaluate__supported_magnet"": 0.0, ""aries_integrated_plant__plant_ledger__evaluate__supported_materials"": 0.0, ""aries_integrated_plant__rejection_capacity__evaluate__supported"": 1.0, ""aries_integrated_plant__source_lifecycle_accounts__evaluate__breeding_supported"": 0.0, ""aries_integrated_plant__source_lifecycle_accounts__evaluate__supply_supported"": 0.0, ""aries_integrated_plant__turbine_capacity__evaluate__supported"": 1.0}"
high-density-demand__availability=0.95--no-credit,high-density-demand,availability=0.95,no-credit,575.7110046708067,4791066.980870453,128.84161363927888,0.0,0.0,128.84161363927888,0.0,4332827411.4,0.0,80.7616103279847,True,not established,61.011666136041555,14.610524185842676,806.7615052370064,0.017875135204333703,1.043608870417334,0.0,0.0,2.5037167488762666,0.9931823906374199,0.7486399952118156,-0.14972799904236314,887.5409907001955,45000.0,45.0,1.0,45000.0,52493130.00000001,45000.0,45.0,1.0,45000.0,52493130.00000001,{},"{""aries_integrated_plant__compressor_capacity__evaluate__supported"": 1.0, ""aries_integrated_plant__divertor_capacity__evaluate__supported"": 1.0, ""aries_integrated_plant__divertor_pump__evaluate__hydraulic_supported"": 0.0, ""aries_integrated_plant__divertor_pump__screen__supported"": 1.0, ""aries_integrated_plant__fuel_capacity__evaluate__supported"": 1.0, ""aries_integrated_plant__fuel_inventory__annual__breeding_supported"": 0.0, ""aries_integrated_plant__fuel_inventory__screen__supported"": 1.0, ""aries_integrated_plant__generator_capacity__evaluate__supported"": 1.0, ""aries_integrated_plant__he_capacity__evaluate__supported"": 1.0, ""aries_integrated_plant__he_pump__evaluate__hydraulic_supported"": 0.0, ""aries_integrated_plant__he_pump__screen__supported"": 1.0, ""aries_integrated_plant__lifecycle_accounts__evaluate__breeding_supported"": 0.0, ""aries_integrated_plant__lifecycle_accounts__evaluate__supply_supported"": 0.0, ""aries_integrated_plant__pbli_capacity__evaluate__supported"": 1.0, ""aries_integrated_plant__pbli_pump__evaluate__hydraulic_supported"": 0.0, ""aries_integrated_plant__pbli_pump__screen__supported"": 1.0, ""aries_integrated_plant__plant_ledger__evaluate__supported_breeding"": 0.0, ""aries_integrated_plant__plant_ledger__evaluate__supported_deposition"": 0.0, ""aries_integrated_plant__plant_ledger__evaluate__supported_hydraulics"": 0.0, ""aries_integrated_plant__plant_ledger__evaluate__supported_machine_map"": 0.0, ""aries_integrated_plant__plant_ledger__evaluate__supported_magnet"": 0.0, ""aries_integrated_plant__plant_ledger__evaluate__supported_materials"": 0.0, ""aries_integrated_plant__rejection_capacity__evaluate__supported"": 1.0, ""aries_integrated_plant__source_lifecycle_accounts__evaluate__breeding_supported"": 0.0, ""aries_integrated_plant__source_lifecycle_accounts__evaluate__supply_supported"": 0.0, ""aries_integrated_plant__turbine_capacity__evaluate__supported"": 1.0}"
high-density-demand__availability=0.95--feed100-service30m,high-density-demand,availability=0.95,feed100-service30m,575.7110046708067,4791066.980870453,128.84161363927888,100.0,30000000.0,28.841613639278876,0.0,4332827411.4,0.0,80.7616103279847,True,not established,61.011666136041555,14.610524185842676,180.596182986606,0.017875135204333703,1.043608870417334,0.0,6.2616532225040045,2.5037167488762666,0.9931823906374199,0.7486399952118156,-0.14972799904236314,267.63732167229904,45000.0,45.0,1.0,45000.0,52493130.00000001,45000.0,45.0,1.0,45000.0,52493130.00000001,{},"{""aries_integrated_plant__compressor_capacity__evaluate__supported"": 1.0, ""aries_integrated_plant__divertor_capacity__evaluate__supported"": 1.0, ""aries_integrated_plant__divertor_pump__evaluate__hydraulic_supported"": 0.0, ""aries_integrated_plant__divertor_pump__screen__supported"": 1.0, ""aries_integrated_plant__fuel_capacity__evaluate__supported"": 1.0, ""aries_integrated_plant__fuel_inventory__annual__breeding_supported"": 0.0, ""aries_integrated_plant__fuel_inventory__screen__supported"": 1.0, ""aries_integrated_plant__generator_capacity__evaluate__supported"": 1.0, ""aries_integrated_plant__he_capacity__evaluate__supported"": 1.0, ""aries_integrated_plant__he_pump__evaluate__hydraulic_supported"": 0.0, ""aries_integrated_plant__he_pump__screen__supported"": 1.0, ""aries_integrated_plant__lifecycle_accounts__evaluate__breeding_supported"": 0.0, ""aries_integrated_plant__lifecycle_accounts__evaluate__supply_supported"": 0.0, ""aries_integrated_plant__pbli_capacity__evaluate__supported"": 1.0, ""aries_integrated_plant__pbli_pump__evaluate__hydraulic_supported"": 0.0, ""aries_integrated_plant__pbli_pump__screen__supported"": 1.0, ""aries_integrated_plant__plant_ledger__evaluate__supported_breeding"": 0.0, ""aries_integrated_plant__plant_ledger__evaluate__supported_deposition"": 0.0, ""aries_integrated_plant__plant_ledger__evaluate__supported_hydraulics"": 0.0, ""aries_integrated_plant__plant_ledger__evaluate__supported_machine_map"": 0.0, ""aries_integrated_plant__plant_ledger__evaluate__supported_magnet"": 0.0, ""aries_integrated_plant__plant_ledger__evaluate__supported_materials"": 0.0, ""aries_integrated_plant__rejection_capacity__evaluate__supported"": 1.0, ""aries_integrated_plant__source_lifecycle_accounts__evaluate__breeding_supported"": 0.0, ""aries_integrated_plant__source_lifecycle_accounts__evaluate__supply_supported"": 0.0, ""aries_integrated_plant__turbine_capacity__evaluate__supported"": 1.0}"
high-density-demand__tritium_price=10000000.0--no-credit,high-density-demand,tritium_price=10000000.0,no-credit,575.7110046708067,4286744.140778827,115.33851950670083,0.0,0.0,115.33851950670083,0.0,4034827411.4,0.0,85.07852869573246,True,not established,63.49962156582449,16.329409384177108,269.05855754140214,0.017875135204333703,1.1663863845840792,0.0,0.0,2.4260939829639465,1.0336827355393514,0.7791683033043499,-0.15583366066086998,354.15496137233896,45000.0,45.0,1.0,45000.0,52493130.00000001,45000.0,45.0,1.0,45000.0,52493130.00000001,{},"{""aries_integrated_plant__compressor_capacity__evaluate__supported"": 1.0, ""aries_integrated_plant__divertor_capacity__evaluate__supported"": 1.0, ""aries_integrated_plant__divertor_pump__evaluate__hydraulic_supported"": 0.0, ""aries_integrated_plant__divertor_pump__screen__supported"": 1.0, ""aries_integrated_plant__fuel_capacity__evaluate__supported"": 1.0, ""aries_integrated_plant__fuel_inventory__annual__breeding_supported"": 0.0, ""aries_integrated_plant__fuel_inventory__screen__supported"": 1.0, ""aries_integrated_plant__generator_capacity__evaluate__supported"": 1.0, ""aries_integrated_plant__he_capacity__evaluate__supported"": 1.0, ""aries_integrated_plant__he_pump__evaluate__hydraulic_supported"": 0.0, ""aries_integrated_plant__he_pump__screen__supported"": 1.0, ""aries_integrated_plant__lifecycle_accounts__evaluate__breeding_supported"": 0.0, ""aries_integrated_plant__lifecycle_accounts__evaluate__supply_supported"": 0.0, ""aries_integrated_plant__pbli_capacity__evaluate__supported"": 1.0, ""aries_integrated_plant__pbli_pump__evaluate__hydraulic_supported"": 0.0, ""aries_integrated_plant__pbli_pump__screen__supported"": 1.0, ""aries_integrated_plant__plant_ledger__evaluate__supported_breeding"": 0.0, ""aries_integrated_plant__plant_ledger__evaluate__supported_deposition"": 0.0, ""aries_integrated_plant__plant_ledger__evaluate__supported_hydraulics"": 0.0, ""aries_integrated_plant__plant_ledger__evaluate__supported_machine_map"": 0.0, ""aries_integrated_plant__plant_ledger__evaluate__supported_magnet"": 0.0, ""aries_integrated_plant__plant_ledger__evaluate__supported_materials"": 0.0, ""aries_integrated_plant__rejection_capacity__evaluate__supported"": 1.0, ""aries_integrated_plant__source_lifecycle_accounts__evaluate__breeding_supported"": 0.0, ""aries_integrated_plant__source_lifecycle_accounts__evaluate__supply_supported"": 0.0, ""aries_integrated_plant__turbine_capacity__evaluate__supported"": 1.0}"
high-density-demand__tritium_price=10000000.0--feed100-service30m,high-density-demand,tritium_price=10000000.0,feed100-service30m,575.7110046708067,4286744.140778827,115.33851950670083,100.0,30000000.0,15.338519506700834,0.0,4034827411.4,0.0,85.07852869573246,True,not established,63.49962156582449,16.329409384177108,35.781280624586316,0.017875135204333703,1.1663863845840792,0.0,6.998318307504475,2.4260939829639465,1.0336827355393514,0.7791683033043499,-0.15583366066086998,127.87600276302759,45000.0,45.0,1.0,45000.0,52493130.00000001,45000.0,45.0,1.0,45000.0,52493130.00000001,{},"{""aries_integrated_plant__compressor_capacity__evaluate__supported"": 1.0, ""aries_integrated_plant__divertor_capacity__evaluate__supported"": 1.0, ""aries_integrated_plant__divertor_pump__evaluate__hydraulic_supported"": 0.0, ""aries_integrated_plant__divertor_pump__screen__supported"": 1.0, ""aries_integrated_plant__fuel_capacity__evaluate__supported"": 1.0, ""aries_integrated_plant__fuel_inventory__annual__breeding_supported"": 0.0, ""aries_integrated_plant__fuel_inventory__screen__supported"": 1.0, ""aries_integrated_plant__generator_capacity__evaluate__supported"": 1.0, ""aries_integrated_plant__he_capacity__evaluate__supported"": 1.0, ""aries_integrated_plant__he_pump__evaluate__hydraulic_supported"": 0.0, ""aries_integrated_plant__he_pump__screen__supported"": 1.0, ""aries_integrated_plant__lifecycle_accounts__evaluate__breeding_supported"": 0.0, ""aries_integrated_plant__lifecycle_accounts__evaluate__supply_supported"": 0.0, ""aries_integrated_plant__pbli_capacity__evaluate__supported"": 1.0, ""aries_integrated_plant__pbli_pump__evaluate__hydraulic_supported"": 0.0, ""aries_integrated_plant__pbli_pump__screen__supported"": 1.0, ""aries_integrated_plant__plant_ledger__evaluate__supported_breeding"": 0.0, ""aries_integrated_plant__plant_ledger__evaluate__supported_deposition"": 0.0, ""aries_integrated_plant__plant_ledger__evaluate__supported_hydraulics"": 0.0, ""aries_integrated_plant__plant_ledger__evaluate__supported_machine_map"": 0.0, ""aries_integrated_plant__plant_ledger__evaluate__supported_magnet"": 0.0, ""aries_integrated_plant__plant_ledger__evaluate__supported_materials"": 0.0, ""aries_integrated_plant__rejection_capacity__evaluate__supported"": 1.0, ""aries_integrated_plant__source_lifecycle_accounts__evaluate__breeding_supported"": 0.0, ""aries_integrated_plant__source_lifecycle_accounts__evaluate__supply_supported"": 0.0, ""aries_integrated_plant__turbine_capacity__evaluate__supported"": 1.0}"
high-density-demand__tritium_price=100000000.0--no-credit,high-density-demand,tritium_price=100000000.0,no-credit,575.7110046708067,4286744.140778827,115.33851950670083,0.0,0.0,115.33851950670083,0.0,5375827411.4,0.0,106.73374313614306,True,not established,84.60411596852916,16.329409384177108,2690.5855754140216,0.017875135204333703,1.1663863845840792,0.0,0.0,2.4260939829639465,1.377233625582824,1.0381297378824368,-0.20762594757648736,2797.337193685369,45000.0,45.0,1.0,45000.0,52493130.00000001,45000.0,45.0,1.0,45000.0,52493130.00000001,{},"{""aries_integrated_plant__compressor_capacity__evaluate__supported"": 1.0, ""aries_integrated_plant__divertor_capacity__evaluate__supported"": 1.0, ""aries_integrated_plant__divertor_pump__evaluate__hydraulic_supported"": 0.0, ""aries_integrated_plant__divertor_pump__screen__supported"": 1.0, ""aries_integrated_plant__fuel_capacity__evaluate__supported"": 1.0, ""aries_integrated_plant__fuel_inventory__annual__breeding_supported"": 0.0, ""aries_integrated_plant__fuel_inventory__screen__supported"": 1.0, ""aries_integrated_plant__generator_capacity__evaluate__supported"": 1.0, ""aries_integrated_plant__he_capacity__evaluate__supported"": 1.0, ""aries_integrated_plant__he_pump__evaluate__hydraulic_supported"": 0.0, ""aries_integrated_plant__he_pump__screen__supported"": 1.0, ""aries_integrated_plant__lifecycle_accounts__evaluate__breeding_supported"": 0.0, ""aries_integrated_plant__lifecycle_accounts__evaluate__supply_supported"": 0.0, ""aries_integrated_plant__pbli_capacity__evaluate__supported"": 1.0, ""aries_integrated_plant__pbli_pump__evaluate__hydraulic_supported"": 0.0, ""aries_integrated_plant__pbli_pump__screen__supported"": 1.0, ""aries_integrated_plant__plant_ledger__evaluate__supported_breeding"": 0.0, ""aries_integrated_plant__plant_ledger__evaluate__supported_deposition"": 0.0, ""aries_integrated_plant__plant_ledger__evaluate__supported_hydraulics"": 0.0, ""aries_integrated_plant__plant_ledger__evaluate__supported_machine_map"": 0.0, ""aries_integrated_plant__plant_ledger__evaluate__supported_magnet"": 0.0, ""aries_integrated_plant__plant_ledger__evaluate__supported_materials"": 0.0, ""aries_integrated_plant__rejection_capacity__evaluate__supported"": 1.0, ""aries_integrated_plant__source_lifecycle_accounts__evaluate__breeding_supported"": 0.0, ""aries_integrated_plant__source_lifecycle_accounts__evaluate__supply_supported"": 0.0, ""aries_integrated_plant__turbine_capacity__evaluate__supported"": 1.0}"
high-density-demand__tritium_price=100000000.0--feed100-service30m,high-density-demand,tritium_price=100000000.0,feed100-service30m,575.7110046708067,4286744.140778827,115.33851950670083,100.0,30000000.0,15.338519506700834,0.0,5375827411.4,0.0,106.73374313614306,True,not established,84.60411596852916,16.329409384177108,357.81280624586316,0.017875135204333703,1.1663863845840792,0.0,6.998318307504475,2.4260939829639465,1.377233625582824,1.0381297378824368,-0.20762594757648736,471.56274282471514,45000.0,45.0,1.0,45000.0,52493130.00000001,45000.0,45.0,1.0,45000.0,52493130.00000001,{},"{""aries_integrated_plant__compressor_capacity__evaluate__supported"": 1.0, ""aries_integrated_plant__divertor_capacity__evaluate__supported"": 1.0, ""aries_integrated_plant__divertor_pump__evaluate__hydraulic_supported"": 0.0, ""aries_integrated_plant__divertor_pump__screen__supported"": 1.0, ""aries_integrated_plant__fuel_capacity__evaluate__supported"": 1.0, ""aries_integrated_plant__fuel_inventory__annual__breeding_supported"": 0.0, ""aries_integrated_plant__fuel_inventory__screen__supported"": 1.0, ""aries_integrated_plant__generator_capacity__evaluate__supported"": 1.0, ""aries_integrated_plant__he_capacity__evaluate__supported"": 1.0, ""aries_integrated_plant__he_pump__evaluate__hydraulic_supported"": 0.0, ""aries_integrated_plant__he_pump__screen__supported"": 1.0, ""aries_integrated_plant__lifecycle_accounts__evaluate__breeding_supported"": 0.0, ""aries_integrated_plant__lifecycle_accounts__evaluate__supply_supported"": 0.0, ""aries_integrated_plant__pbli_capacity__evaluate__supported"": 1.0, ""aries_integrated_plant__pbli_pump__evaluate__hydraulic_supported"": 0.0, ""aries_integrated_plant__pbli_pump__screen__supported"": 1.0, ""aries_integrated_plant__plant_ledger__evaluate__supported_breeding"": 0.0, ""aries_integrated_plant__plant_ledger__evaluate__supported_deposition"": 0.0, ""aries_integrated_plant__plant_ledger__evaluate__supported_hydraulics"": 0.0, ""aries_integrated_plant__plant_ledger__evaluate__supported_machine_map"": 0.0, ""aries_integrated_plant__plant_ledger__evaluate__supported_magnet"": 0.0, ""aries_integrated_plant__plant_ledger__evaluate__supported_materials"": 0.0, ""aries_integrated_plant__rejection_capacity__evaluate__supported"": 1.0, ""aries_integrated_plant__source_lifecycle_accounts__evaluate__breeding_supported"": 0.0, ""aries_integrated_plant__source_lifecycle_accounts__evaluate__supply_supported"": 0.0, ""aries_integrated_plant__turbine_capacity__evaluate__supported"": 1.0}"
high-density-demand__discount=0.03--no-credit,high-density-demand,discount=0.03,no-credit,575.7110046708067,4286744.140778827,115.33851950670083,0.0,0.0,115.33851950670083,0.0,4332827411.4,0.0,70.04710660595232,True,not established,47.782172069199355,16.329409384177108,807.1756726242064,0.017875135204333703,1.1663863845840792,0.0,0.0,2.4862010854404297,1.2105416154755573,1.3404950838447462,-0.26809901676894926,877.2406543653632,45000.0,45.0,1.0,45000.0,52493130.00000001,45000.0,45.0,1.0,45000.0,52493130.00000001,{},"{""aries_integrated_plant__compressor_capacity__evaluate__supported"": 1.0, ""aries_integrated_plant__divertor_capacity__evaluate__supported"": 1.0, ""aries_integrated_plant__divertor_pump__evaluate__hydraulic_supported"": 0.0, ""aries_integrated_plant__divertor_pump__screen__supported"": 1.0, ""aries_integrated_plant__fuel_capacity__evaluate__supported"": 1.0, ""aries_integrated_plant__fuel_inventory__annual__breeding_supported"": 0.0, ""aries_integrated_plant__fuel_inventory__screen__supported"": 1.0, ""aries_integrated_plant__generator_capacity__evaluate__supported"": 1.0, ""aries_integrated_plant__he_capacity__evaluate__supported"": 1.0, ""aries_integrated_plant__he_pump__evaluate__hydraulic_supported"": 0.0, ""aries_integrated_plant__he_pump__screen__supported"": 1.0, ""aries_integrated_plant__lifecycle_accounts__evaluate__breeding_supported"": 0.0, ""aries_integrated_plant__lifecycle_accounts__evaluate__supply_supported"": 0.0, ""aries_integrated_plant__pbli_capacity__evaluate__supported"": 1.0, ""aries_integrated_plant__pbli_pump__evaluate__hydraulic_supported"": 0.0, ""aries_integrated_plant__pbli_pump__screen__supported"": 1.0, ""aries_integrated_plant__plant_ledger__evaluate__supported_breeding"": 0.0, ""aries_integrated_plant__plant_ledger__evaluate__supported_deposition"": 0.0, ""aries_integrated_plant__plant_ledger__evaluate__supported_hydraulics"": 0.0, ""aries_integrated_plant__plant_ledger__evaluate__supported_machine_map"": 0.0, ""aries_integrated_plant__plant_ledger__evaluate__supported_magnet"": 0.0, ""aries_integrated_plant__plant_ledger__evaluate__supported_materials"": 0.0, ""aries_integrated_plant__rejection_capacity__evaluate__supported"": 1.0, ""aries_integrated_plant__source_lifecycle_accounts__evaluate__breeding_supported"": 0.0, ""aries_integrated_plant__source_lifecycle_accounts__evaluate__supply_supported"": 0.0, ""aries_integrated_plant__turbine_capacity__evaluate__supported"": 1.0}"
high-density-demand__discount=0.03--feed100-service30m,high-density-demand,discount=0.03,feed100-service30m,575.7110046708067,4286744.140778827,115.33851950670083,100.0,30000000.0,15.338519506700834,0.0,4332827411.4,0.0,70.04710660595232,True,not established,47.782172069199355,16.329409384177108,107.34384187375895,0.017875135204333703,1.1663863845840792,0.0,6.998318307504475,2.4862010854404297,1.2105416154755573,1.3404950838447462,-0.26809901676894926,184.40714192242007,45000.0,45.0,1.0,45000.0,52493130.00000001,45000.0,45.0,1.0,45000.0,52493130.00000001,{},"{""aries_integrated_plant__compressor_capacity__evaluate__supported"": 1.0, ""aries_integrated_plant__divertor_capacity__evaluate__supported"": 1.0, ""aries_integrated_plant__divertor_pump__evaluate__hydraulic_supported"": 0.0, ""aries_integrated_plant__divertor_pump__screen__supported"": 1.0, ""aries_integrated_plant__fuel_capacity__evaluate__supported"": 1.0, ""aries_integrated_plant__fuel_inventory__annual__breeding_supported"": 0.0, ""aries_integrated_plant__fuel_inventory__screen__supported"": 1.0, ""aries_integrated_plant__generator_capacity__evaluate__supported"": 1.0, ""aries_integrated_plant__he_capacity__evaluate__supported"": 1.0, ""aries_integrated_plant__he_pump__evaluate__hydraulic_supported"": 0.0, ""aries_integrated_plant__he_pump__screen__supported"": 1.0, ""aries_integrated_plant__lifecycle_accounts__evaluate__breeding_supported"": 0.0, ""aries_integrated_plant__lifecycle_accounts__evaluate__supply_supported"": 0.0, ""aries_integrated_plant__pbli_capacity__evaluate__supported"": 1.0, ""aries_integrated_plant__pbli_pump__evaluate__hydraulic_supported"": 0.0, ""aries_integrated_plant__pbli_pump__screen__supported"": 1.0, ""aries_integrated_plant__plant_ledger__evaluate__supported_breeding"": 0.0, ""aries_integrated_plant__plant_ledger__evaluate__supported_deposition"": 0.0, ""aries_integrated_plant__plant_ledger__evaluate__supported_hydraulics"": 0.0, ""aries_integrated_plant__plant_ledger__evaluate__supported_machine_map"": 0.0, ""aries_integrated_plant__plant_ledger__evaluate__supported_magnet"": 0.0, ""aries_integrated_plant__plant_ledger__evaluate__supported_materials"": 0.0, ""aries_integrated_plant__rejection_capacity__evaluate__supported"": 1.0, ""aries_integrated_plant__source_lifecycle_accounts__evaluate__breeding_supported"": 0.0, ""aries_integrated_plant__source_lifecycle_accounts__evaluate__supply_supported"": 0.0, ""aries_integrated_plant__turbine_capacity__evaluate__supported"": 1.0}"
high-density-demand__discount=0.08--no-credit,high-density-demand,discount=0.08,no-credit,575.7110046708067,4286744.140778827,115.33851950670083,0.0,0.0,115.33851950670083,0.0,4332827411.4,0.0,127.79720218326173,True,not established,106.775297023355,16.329409384177108,807.1756726242064,0.017875135204333703,1.1663863845840792,0.0,0.0,2.3047034232720023,0.9092732533863507,0.3901658931089924,-0.0780331786217985,934.9907499426724,45000.0,45.0,1.0,45000.0,52493130.00000001,45000.0,45.0,1.0,45000.0,52493130.00000001,{},"{""aries_integrated_plant__compressor_capacity__evaluate__supported"": 1.0, ""aries_integrated_plant__divertor_capacity__evaluate__supported"": 1.0, ""aries_integrated_plant__divertor_pump__evaluate__hydraulic_supported"": 0.0, ""aries_integrated_plant__divertor_pump__screen__supported"": 1.0, ""aries_integrated_plant__fuel_capacity__evaluate__supported"": 1.0, ""aries_integrated_plant__fuel_inventory__annual__breeding_supported"": 0.0, ""aries_integrated_plant__fuel_inventory__screen__supported"": 1.0, ""aries_integrated_plant__generator_capacity__evaluate__supported"": 1.0, ""aries_integrated_plant__he_capacity__evaluate__supported"": 1.0, ""aries_integrated_plant__he_pump__evaluate__hydraulic_supported"": 0.0, ""aries_integrated_plant__he_pump__screen__supported"": 1.0, ""aries_integrated_plant__lifecycle_accounts__evaluate__breeding_supported"": 0.0, ""aries_integrated_plant__lifecycle_accounts__evaluate__supply_supported"": 0.0, ""aries_integrated_plant__pbli_capacity__evaluate__supported"": 1.0, ""aries_integrated_plant__pbli_pump__evaluate__hydraulic_supported"": 0.0, ""aries_integrated_plant__pbli_pump__screen__supported"": 1.0, ""aries_integrated_plant__plant_ledger__evaluate__supported_breeding"": 0.0, ""aries_integrated_plant__plant_ledger__evaluate__supported_deposition"": 0.0, ""aries_integrated_plant__plant_ledger__evaluate__supported_hydraulics"": 0.0, ""aries_integrated_plant__plant_ledger__evaluate__supported_machine_map"": 0.0, ""aries_integrated_plant__plant_ledger__evaluate__supported_magnet"": 0.0, ""aries_integrated_plant__plant_ledger__evaluate__supported_materials"": 0.0, ""aries_integrated_plant__rejection_capacity__evaluate__supported"": 1.0, ""aries_integrated_plant__source_lifecycle_accounts__evaluate__breeding_supported"": 0.0, ""aries_integrated_plant__source_lifecycle_accounts__evaluate__supply_supported"": 0.0, ""aries_integrated_plant__turbine_capacity__evaluate__supported"": 1.0}"
high-density-demand__discount=0.08--feed100-service30m,high-density-demand,discount=0.08,feed100-service30m,575.7110046708067,4286744.140778827,115.33851950670083,100.0,30000000.0,15.338519506700834,0.0,4332827411.4,0.0,127.79720218326173,True,not established,106.775297023355,16.329409384177108,107.34384187375895,0.017875135204333703,1.1663863845840792,0.0,6.998318307504475,2.3047034232720023,0.9092732533863507,0.3901658931089924,-0.0780331786217985,242.1572374997295,45000.0,45.0,1.0,45000.0,52493130.00000001,45000.0,45.0,1.0,45000.0,52493130.00000001,{},"{""aries_integrated_plant__compressor_capacity__evaluate__supported"": 1.0, ""aries_integrated_plant__divertor_capacity__evaluate__supported"": 1.0, ""aries_integrated_plant__divertor_pump__evaluate__hydraulic_supported"": 0.0, ""aries_integrated_plant__divertor_pump__screen__supported"": 1.0, ""aries_integrated_plant__fuel_capacity__evaluate__supported"": 1.0, ""aries_integrated_plant__fuel_inventory__annual__breeding_supported"": 0.0, ""aries_integrated_plant__fuel_inventory__screen__supported"": 1.0, ""aries_integrated_plant__generator_capacity__evaluate__supported"": 1.0, ""aries_integrated_plant__he_capacity__evaluate__supported"": 1.0, ""aries_integrated_plant__he_pump__evaluate__hydraulic_supported"": 0.0, ""aries_integrated_plant__he_pump__screen__supported"": 1.0, ""aries_integrated_plant__lifecycle_accounts__evaluate__breeding_supported"": 0.0, ""aries_integrated_plant__lifecycle_accounts__evaluate__supply_supported"": 0.0, ""aries_integrated_plant__pbli_capacity__evaluate__supported"": 1.0, ""aries_integrated_plant__pbli_pump__evaluate__hydraulic_supported"": 0.0, ""aries_integrated_plant__pbli_pump__screen__supported"": 1.0, ""aries_integrated_plant__plant_ledger__evaluate__supported_breeding"": 0.0, ""aries_integrated_plant__plant_ledger__evaluate__supported_deposition"": 0.0, ""aries_integrated_plant__plant_ledger__evaluate__supported_hydraulics"": 0.0, ""aries_integrated_plant__plant_ledger__evaluate__supported_machine_map"": 0.0, ""aries_integrated_plant__plant_ledger__evaluate__supported_magnet"": 0.0, ""aries_integrated_plant__plant_ledger__evaluate__supported_materials"": 0.0, ""aries_integrated_plant__rejection_capacity__evaluate__supported"": 1.0, ""aries_integrated_plant__source_lifecycle_accounts__evaluate__breeding_supported"": 0.0, ""aries_integrated_plant__source_lifecycle_accounts__evaluate__supply_supported"": 0.0, ""aries_integrated_plant__turbine_capacity__evaluate__supported"": 1.0}"
nominal-source-assumed--no-credit,nominal-source-assumed,default-source-control,no-credit,796.0052878870191,5927055.373606744,138.7304019114013,0.0,0.0,138.7304019114013,0.0,4350208470.0,158.72584788982817,65.21654157386578,False,not established,49.51591654966939,11.810249033898168,702.1888264913279,0.015563015057788693,0.843589216707012,0.0,0.0,1.7546730224186864,0.8060480804400194,0.6075820884156277,-0.12151641768312554,767.4209310802518,50000.0,50.0,1.0,50000.0,58325700.00000001,50000.0,50.0,1.0,50000.0,58325700.00000001,"{""aries_integrated_plant__plant_ledger__heat_removal_ok__695378663bcd8d07"": ""violated""}","{""aries_integrated_plant__compressor_capacity__evaluate__supported"": 1.0, ""aries_integrated_plant__divertor_capacity__evaluate__supported"": 1.0, ""aries_integrated_plant__divertor_pump__evaluate__hydraulic_supported"": 0.0, ""aries_integrated_plant__divertor_pump__screen__supported"": 1.0, ""aries_integrated_plant__fuel_capacity__evaluate__supported"": 1.0, ""aries_integrated_plant__fuel_inventory__annual__breeding_supported"": 0.0, ""aries_integrated_plant__fuel_inventory__screen__supported"": 1.0, ""aries_integrated_plant__generator_capacity__evaluate__supported"": 1.0, ""aries_integrated_plant__he_capacity__evaluate__supported"": 1.0, ""aries_integrated_plant__he_pump__evaluate__hydraulic_supported"": 0.0, ""aries_integrated_plant__he_pump__screen__supported"": 1.0, ""aries_integrated_plant__lifecycle_accounts__evaluate__breeding_supported"": 0.0, ""aries_integrated_plant__lifecycle_accounts__evaluate__supply_supported"": 0.0, ""aries_integrated_plant__pbli_capacity__evaluate__supported"": 1.0, ""aries_integrated_plant__pbli_pump__evaluate__hydraulic_supported"": 0.0, ""aries_integrated_plant__pbli_pump__screen__supported"": 1.0, ""aries_integrated_plant__plant_ledger__evaluate__supported_breeding"": 0.0, ""aries_integrated_plant__plant_ledger__evaluate__supported_deposition"": 0.0, ""aries_integrated_plant__plant_ledger__evaluate__supported_hydraulics"": 0.0, ""aries_integrated_plant__plant_ledger__evaluate__supported_machine_map"": 0.0, ""aries_integrated_plant__plant_ledger__evaluate__supported_magnet"": 0.0, ""aries_integrated_plant__plant_ledger__evaluate__supported_materials"": 0.0, ""aries_integrated_plant__rejection_capacity__evaluate__supported"": 1.0, ""aries_integrated_plant__source_lifecycle_accounts__evaluate__breeding_supported"": 0.0, ""aries_integrated_plant__source_lifecycle_accounts__evaluate__supply_supported"": 0.0, ""aries_integrated_plant__turbine_capacity__evaluate__supported"": 1.0}"
nominal-source-assumed--feed100-service30m,nominal-source-assumed,default-source-control,feed100-service30m,796.0052878870191,5927055.373606744,138.7304019114013,100.0,30000000.0,38.73040191140129,0.0,4350208470.0,158.72584788982817,65.21654157386578,False,not established,49.51591654966939,11.810249033898168,196.03529646712065,0.015563015057788693,0.843589216707012,0.0,5.061535300242072,1.7546730224186864,0.8060480804400194,0.6075820884156277,-0.12151641768312554,266.3289363562863,50000.0,50.0,1.0,50000.0,58325700.00000001,50000.0,50.0,1.0,50000.0,58325700.00000001,"{""aries_integrated_plant__plant_ledger__heat_removal_ok__695378663bcd8d07"": ""violated""}","{""aries_integrated_plant__compressor_capacity__evaluate__supported"": 1.0, ""aries_integrated_plant__divertor_capacity__evaluate__supported"": 1.0, ""aries_integrated_plant__divertor_pump__evaluate__hydraulic_supported"": 0.0, ""aries_integrated_plant__divertor_pump__screen__supported"": 1.0, ""aries_integrated_plant__fuel_capacity__evaluate__supported"": 1.0, ""aries_integrated_plant__fuel_inventory__annual__breeding_supported"": 0.0, ""aries_integrated_plant__fuel_inventory__screen__supported"": 1.0, ""aries_integrated_plant__generator_capacity__evaluate__supported"": 1.0, ""aries_integrated_plant__he_capacity__evaluate__supported"": 1.0, ""aries_integrated_plant__he_pump__evaluate__hydraulic_supported"": 0.0, ""aries_integrated_plant__he_pump__screen__supported"": 1.0, ""aries_integrated_plant__lifecycle_accounts__evaluate__breeding_supported"": 0.0, ""aries_integrated_plant__lifecycle_accounts__evaluate__supply_supported"": 0.0, ""aries_integrated_plant__pbli_capacity__evaluate__supported"": 1.0, ""aries_integrated_plant__pbli_pump__evaluate__hydraulic_supported"": 0.0, ""aries_integrated_plant__pbli_pump__screen__supported"": 1.0, ""aries_integrated_plant__plant_ledger__evaluate__supported_breeding"": 0.0, ""aries_integrated_plant__plant_ledger__evaluate__supported_deposition"": 0.0, ""aries_integrated_plant__plant_ledger__evaluate__supported_hydraulics"": 0.0, ""aries_integrated_plant__plant_ledger__evaluate__supported_machine_map"": 0.0, ""aries_integrated_plant__plant_ledger__evaluate__supported_magnet"": 0.0, ""aries_integrated_plant__plant_ledger__evaluate__supported_materials"": 0.0, ""aries_integrated_plant__rejection_capacity__evaluate__supported"": 1.0, ""aries_integrated_plant__source_lifecycle_accounts__evaluate__breeding_supported"": 0.0, ""aries_integrated_plant__source_lifecycle_accounts__evaluate__supply_supported"": 0.0, ""aries_integrated_plant__turbine_capacity__evaluate__supported"": 1.0}"
literal-Lyon-source-input--no-credit,literal-Lyon-source-input,default-source-control,no-credit,807.0166597175527,6009046.048256897,138.7304019114013,0.0,0.0,138.7304019114013,0.0,4350208470.0,398.90852433568705,64.32669180419359,False,not established,48.84029460049066,11.649103607769087,692.6077823200116,0.015350664862111838,0.8320788291263633,0.0,0.0,1.7307313145763468,0.795049924429065,0.5992919097525773,-0.11985838195051547,756.9498247890674,50000.0,50.0,1.0,50000.0,58325700.00000001,50000.0,50.0,1.0,50000.0,58325700.00000001,"{""aries_integrated_plant__plant_ledger__heat_removal_ok__695378663bcd8d07"": ""violated""}","{""aries_integrated_plant__compressor_capacity__evaluate__supported"": 1.0, ""aries_integrated_plant__divertor_capacity__evaluate__supported"": 1.0, ""aries_integrated_plant__divertor_pump__evaluate__hydraulic_supported"": 0.0, ""aries_integrated_plant__divertor_pump__screen__supported"": 1.0, ""aries_integrated_plant__fuel_capacity__evaluate__supported"": 1.0, ""aries_integrated_plant__fuel_inventory__annual__breeding_supported"": 0.0, ""aries_integrated_plant__fuel_inventory__screen__supported"": 1.0, ""aries_integrated_plant__generator_capacity__evaluate__supported"": 1.0, ""aries_integrated_plant__he_capacity__evaluate__supported"": 1.0, ""aries_integrated_plant__he_pump__evaluate__hydraulic_supported"": 0.0, ""aries_integrated_plant__he_pump__screen__supported"": 1.0, ""aries_integrated_plant__lifecycle_accounts__evaluate__breeding_supported"": 0.0, ""aries_integrated_plant__lifecycle_accounts__evaluate__supply_supported"": 0.0, ""aries_integrated_plant__pbli_capacity__evaluate__supported"": 1.0, ""aries_integrated_plant__pbli_pump__evaluate__hydraulic_supported"": 0.0, ""aries_integrated_plant__pbli_pump__screen__supported"": 1.0, ""aries_integrated_plant__plant_ledger__evaluate__supported_breeding"": 0.0, ""aries_integrated_plant__plant_ledger__evaluate__supported_deposition"": 0.0, ""aries_integrated_plant__plant_ledger__evaluate__supported_hydraulics"": 0.0, ""aries_integrated_plant__plant_ledger__evaluate__supported_machine_map"": 0.0, ""aries_integrated_plant__plant_ledger__evaluate__supported_magnet"": 0.0, ""aries_integrated_plant__plant_ledger__evaluate__supported_materials"": 0.0, ""aries_integrated_plant__rejection_capacity__evaluate__supported"": 1.0, ""aries_integrated_plant__source_lifecycle_accounts__evaluate__breeding_supported"": 0.0, ""aries_integrated_plant__source_lifecycle_accounts__evaluate__supply_supported"": 0.0, ""aries_integrated_plant__turbine_capacity__evaluate__supported"": 1.0}"
literal-Lyon-source-input--feed100-service30m,literal-Lyon-source-input,default-source-control,feed100-service30m,807.0166597175527,6009046.048256897,138.7304019114013,100.0,30000000.0,38.73040191140129,0.0,4350208470.0,398.90852433568705,64.32669180419359,False,not established,48.84029460049066,11.649103607769087,193.3604848441935,0.015350664862111838,0.8320788291263633,0.0,4.99247297475818,1.7307313145763468,0.795049924429065,0.5992919097525773,-0.11985838195051547,262.6950002880074,50000.0,50.0,1.0,50000.0,58325700.00000001,50000.0,50.0,1.0,50000.0,58325700.00000001,"{""aries_integrated_plant__plant_ledger__heat_removal_ok__695378663bcd8d07"": ""violated""}","{""aries_integrated_plant__compressor_capacity__evaluate__supported"": 1.0, ""aries_integrated_plant__divertor_capacity__evaluate__supported"": 1.0, ""aries_integrated_plant__divertor_pump__evaluate__hydraulic_supported"": 0.0, ""aries_integrated_plant__divertor_pump__screen__supported"": 1.0, ""aries_integrated_plant__fuel_capacity__evaluate__supported"": 1.0, ""aries_integrated_plant__fuel_inventory__annual__breeding_supported"": 0.0, ""aries_integrated_plant__fuel_inventory__screen__supported"": 1.0, ""aries_integrated_plant__generator_capacity__evaluate__supported"": 1.0, ""aries_integrated_plant__he_capacity__evaluate__supported"": 1.0, ""aries_integrated_plant__he_pump__evaluate__hydraulic_supported"": 0.0, ""aries_integrated_plant__he_pump__screen__supported"": 1.0, ""aries_integrated_plant__lifecycle_accounts__evaluate__breeding_supported"": 0.0, ""aries_integrated_plant__lifecycle_accounts__evaluate__supply_supported"": 0.0, ""aries_integrated_plant__pbli_capacity__evaluate__supported"": 1.0, ""aries_integrated_plant__pbli_pump__evaluate__hydraulic_supported"": 0.0, ""aries_integrated_plant__pbli_pump__screen__supported"": 1.0, ""aries_integrated_plant__plant_ledger__evaluate__supported_breeding"": 0.0, ""aries_integrated_plant__plant_ledger__evaluate__supported_deposition"": 0.0, ""aries_integrated_plant__plant_ledger__evaluate__supported_hydraulics"": 0.0, ""aries_integrated_plant__plant_ledger__evaluate__supported_machine_map"": 0.0, ""aries_integrated_plant__plant_ledger__evaluate__supported_magnet"": 0.0, ""aries_integrated_plant__plant_ledger__evaluate__supported_materials"": 0.0, ""aries_integrated_plant__rejection_capacity__evaluate__supported"": 1.0, ""aries_integrated_plant__source_lifecycle_accounts__evaluate__breeding_supported"": 0.0, ""aries_integrated_plant__source_lifecycle_accounts__evaluate__supply_supported"": 0.0, ""aries_integrated_plant__turbine_capacity__evaluate__supported"": 1.0}"
literal-Raffray-accounting--no-credit,literal-Raffray-accounting,default-source-control,no-credit,805.9108652992365,6000812.303018115,134.70333255190025,0.0,0.0,134.70333255190025,0.0,4350208470.0,502.1342023793469,64.41495478687393,False,not established,48.907308618397074,11.665087402382744,673.4254918329193,0.014923701044850475,0.8332205287416246,0.0,0.0,1.7331060598610537,0.796140816494889,0.6001142012456947,-0.12002284024913894,737.8553703208381,50000.0,50.0,1.0,50000.0,58325700.00000001,50000.0,50.0,1.0,50000.0,58325700.00000001,"{""aries_integrated_plant__plant_ledger__balances_ok__9af2e85b5e4e5535"": ""violated"", ""aries_integrated_plant__plant_ledger__heat_removal_ok__695378663bcd8d07"": ""violated""}","{""aries_integrated_plant__compressor_capacity__evaluate__supported"": 1.0, ""aries_integrated_plant__divertor_capacity__evaluate__supported"": 1.0, ""aries_integrated_plant__divertor_pump__evaluate__hydraulic_supported"": 0.0, ""aries_integrated_plant__divertor_pump__screen__supported"": 1.0, ""aries_integrated_plant__fuel_capacity__evaluate__supported"": 1.0, ""aries_integrated_plant__fuel_inventory__annual__breeding_supported"": 0.0, ""aries_integrated_plant__fuel_inventory__screen__supported"": 1.0, ""aries_integrated_plant__generator_capacity__evaluate__supported"": 1.0, ""aries_integrated_plant__he_capacity__evaluate__supported"": 1.0, ""aries_integrated_plant__he_pump__evaluate__hydraulic_supported"": 0.0, ""aries_integrated_plant__he_pump__screen__supported"": 1.0, ""aries_integrated_plant__lifecycle_accounts__evaluate__breeding_supported"": 0.0, ""aries_integrated_plant__lifecycle_accounts__evaluate__supply_supported"": 0.0, ""aries_integrated_plant__pbli_capacity__evaluate__supported"": 1.0, ""aries_integrated_plant__pbli_pump__evaluate__hydraulic_supported"": 0.0, ""aries_integrated_plant__pbli_pump__screen__supported"": 1.0, ""aries_integrated_plant__plant_ledger__evaluate__supported_breeding"": 0.0, ""aries_integrated_plant__plant_ledger__evaluate__supported_deposition"": 0.0, ""aries_integrated_plant__plant_ledger__evaluate__supported_hydraulics"": 0.0, ""aries_integrated_plant__plant_ledger__evaluate__supported_machine_map"": 0.0, ""aries_integrated_plant__plant_ledger__evaluate__supported_magnet"": 0.0, ""aries_integrated_plant__plant_ledger__evaluate__supported_materials"": 0.0, ""aries_integrated_plant__rejection_capacity__evaluate__supported"": 1.0, ""aries_integrated_plant__source_lifecycle_accounts__evaluate__breeding_supported"": 0.0, ""aries_integrated_plant__source_lifecycle_accounts__evaluate__supply_supported"": 0.0, ""aries_integrated_plant__turbine_capacity__evaluate__supported"": 1.0}"
literal-Raffray-accounting--feed100-service30m,literal-Raffray-accounting,default-source-control,feed100-service30m,805.9108652992365,6000812.303018115,134.70333255190025,100.0,30000000.0,34.703332551900246,0.0,4350208470.0,502.1342023793469,64.41495478687393,False,not established,48.907308618397074,11.665087402382744,173.49317458794454,0.014923701044850475,0.8332205287416246,0.0,4.999323172449747,1.7331060598610537,0.796140816494889,0.6001142012456947,-0.12002284024913894,242.92237624831307,50000.0,50.0,1.0,50000.0,58325700.00000001,50000.0,50.0,1.0,50000.0,58325700.00000001,"{""aries_integrated_plant__plant_ledger__balances_ok__9af2e85b5e4e5535"": ""violated"", ""aries_integrated_plant__plant_ledger__heat_removal_ok__695378663bcd8d07"": ""violated""}","{""aries_integrated_plant__compressor_capacity__evaluate__supported"": 1.0, ""aries_integrated_plant__divertor_capacity__evaluate__supported"": 1.0, ""aries_integrated_plant__divertor_pump__evaluate__hydraulic_supported"": 0.0, ""aries_integrated_plant__divertor_pump__screen__supported"": 1.0, ""aries_integrated_plant__fuel_capacity__evaluate__supported"": 1.0, ""aries_integrated_plant__fuel_inventory__annual__breeding_supported"": 0.0, ""aries_integrated_plant__fuel_inventory__screen__supported"": 1.0, ""aries_integrated_plant__generator_capacity__evaluate__supported"": 1.0, ""aries_integrated_plant__he_capacity__evaluate__supported"": 1.0, ""aries_integrated_plant__he_pump__evaluate__hydraulic_supported"": 0.0, ""aries_integrated_plant__he_pump__screen__supported"": 1.0, ""aries_integrated_plant__lifecycle_accounts__evaluate__breeding_supported"": 0.0, ""aries_integrated_plant__lifecycle_accounts__evaluate__supply_supported"": 0.0, ""aries_integrated_plant__pbli_capacity__evaluate__supported"": 1.0, ""aries_integrated_plant__pbli_pump__evaluate__hydraulic_supported"": 0.0, ""aries_integrated_plant__pbli_pump__screen__supported"": 1.0, ""aries_integrated_plant__plant_ledger__evaluate__supported_breeding"": 0.0, ""aries_integrated_plant__plant_ledger__evaluate__supported_deposition"": 0.0, ""aries_integrated_plant__plant_ledger__evaluate__supported_hydraulics"": 0.0, ""aries_integrated_plant__plant_ledger__evaluate__supported_machine_map"": 0.0, ""aries_integrated_plant__plant_ledger__evaluate__supported_magnet"": 0.0, ""aries_integrated_plant__plant_ledger__evaluate__supported_materials"": 0.0, ""aries_integrated_plant__rejection_capacity__evaluate__supported"": 1.0, ""aries_integrated_plant__source_lifecycle_accounts__evaluate__breeding_supported"": 0.0, ""aries_integrated_plant__source_lifecycle_accounts__evaluate__supply_supported"": 0.0, ""aries_integrated_plant__turbine_capacity__evaluate__supported"": 1.0}"
