.......s.ssssssssssss................................................... [ 12%]
........................................................................ [ 24%]
........................................................................ [ 37%]
........................................................................ [ 49%]
........................................................................ [ 62%]
........................................................................ [ 74%]
....................................F...........F.EEEEEEEEEEEEEEEEEEEEEE [ 87%]
EEEEEEEEEEEEEEEEEEEEEEEEE...EEEEEEE.E......FEEEEEE...................... [ 99%]
...                                                                      [100%]
==================================== ERRORS ====================================
______ ERROR at setup of test_complete_native_and_direct_parity[baseline] ______

tmp_path_factory = TempPathFactory(_given_basetemp=None, _trace=<pluggy._tracing.TagTracerSub object at 0x7406e6b690a0>, _basetemp=PosixPath('/tmp/pytest-of-reid/pytest-12321'), _retention_count=3, _retention_policy='all')

    @pytest.fixture(scope='module')
    def acceptance(tmp_path_factory):
        current=ROOT/'work/active/WI-052_mfe-financial-rate-limits/implementation'
        spec=importlib.util.spec_from_file_location('wi052_current_regressions',current/'current_regressions.py')
        module=importlib.util.module_from_spec(spec);spec.loader.exec_module(module)
>       return module.radius_acceptance(tmp_path_factory.mktemp('wi051')/'acceptance',H)
               ^^^^^^^^^^^^^^^^^^^^^^^^^^^^^^^^^^^^^^^^^^^^^^^^^^^^^^^^^^^^^^^^^^^^^^^^^

tests/models/test_mfe_major_radius.py:101: 
_ _ _ _ _ _ _ _ _ _ _ _ _ _ _ _ _ _ _ _ _ _ _ _ _ _ _ _ _ _ _ _ _ _ _ _ _ _ _ _ 

destination = PosixPath('/tmp/pytest-of-reid/pytest-12321/wi0510/acceptance')
historical = PosixPath('/home/reid/1cfe/fusion-tea-codex-test/work/active/WI-051_mfe-model-owned-major-radius/implementation')

    def radius_acceptance(destination,historical):
        """Run kept radius scenarios with financial tolerance only on WI-052 channels.
    
        Temporary driver copies use the frozen fixtures by absolute path. Baseline
        physical values and structured reports remain exact; changed financial
        scalars have the same 1e-9 tolerance independently verified by WI-052.
        """
        destination=Path(destination);destination.mkdir()
        drivers=destination/'drivers';drivers.mkdir()
        finance=json.loads((HERE/'scalar-ledger.json').read_text())['live_ordinary']
        names={r['name'] for r in finance if r['classification']=='changed finance'}
        before=hashes(PRODUCTION)
        for name in ('native','direct','standalone','cli_checks'):
            text=(historical/(name+'.py')).read_text()
            text=text.replace('Path(__file__).resolve().parent',f'Path({str(historical)!r})')
            if name=='native':
                text=text.replace("a['outputs'][k]==v if name=='baseline'",f"a['outputs'][k]==v if name=='baseline' and k not in {names!r}")
            if name=='direct':
                text=text.replace("if name=='baseline' or not isinstance(v,(int,float)):",f"if (name=='baseline' and k not in {names!r}) or not isinstance(v,(int,float)):")
                text=text.replace("scalar[k]==v if name=='baseline'",f"scalar[k]==v if name=='baseline' and k not in {names!r}")
            driver=drivers/(name+'.py');driver.write_text(text)
            command=[str(ROOT/'.codex-test/run'),'bash','-c','export PYTHONPATH="$PWD:$STOP_PARSER_TEAX_ROOT/packages/teax-simkit" STUDY_REQUIRE_TEAX=1; exec .codex-test/run python "$@"','wi052',str(driver),str(destination)]
            result=subprocess.run(command,cwd=ROOT,capture_output=True,text=True)
            (destination/(name+'.log')).write_text(result.stdout+result.stderr)
>           assert result.returncode==0,f'{name} failed: {destination/(name+".log")}'
                   ^^^^^^^^^^^^^^^^^^^^
E           AssertionError: native failed: /tmp/pytest-of-reid/pytest-12321/wi0510/acceptance/native.log

work/active/WI-052_mfe-financial-rate-limits/implementation/current_regressions.py:54: AssertionError
________ ERROR at setup of test_complete_native_and_direct_parity[R14] _________

tmp_path_factory = TempPathFactory(_given_basetemp=None, _trace=<pluggy._tracing.TagTracerSub object at 0x7406e6b690a0>, _basetemp=PosixPath('/tmp/pytest-of-reid/pytest-12321'), _retention_count=3, _retention_policy='all')

    @pytest.fixture(scope='module')
    def acceptance(tmp_path_factory):
        current=ROOT/'work/active/WI-052_mfe-financial-rate-limits/implementation'
        spec=importlib.util.spec_from_file_location('wi052_current_regressions',current/'current_regressions.py')
        module=importlib.util.module_from_spec(spec);spec.loader.exec_module(module)
>       return module.radius_acceptance(tmp_path_factory.mktemp('wi051')/'acceptance',H)
               ^^^^^^^^^^^^^^^^^^^^^^^^^^^^^^^^^^^^^^^^^^^^^^^^^^^^^^^^^^^^^^^^^^^^^^^^^

tests/models/test_mfe_major_radius.py:101: 
_ _ _ _ _ _ _ _ _ _ _ _ _ _ _ _ _ _ _ _ _ _ _ _ _ _ _ _ _ _ _ _ _ _ _ _ _ _ _ _ 

destination = PosixPath('/tmp/pytest-of-reid/pytest-12321/wi0510/acceptance')
historical = PosixPath('/home/reid/1cfe/fusion-tea-codex-test/work/active/WI-051_mfe-model-owned-major-radius/implementation')

    def radius_acceptance(destination,historical):
        """Run kept radius scenarios with financial tolerance only on WI-052 channels.
    
        Temporary driver copies use the frozen fixtures by absolute path. Baseline
        physical values and structured reports remain exact; changed financial
        scalars have the same 1e-9 tolerance independently verified by WI-052.
        """
        destination=Path(destination);destination.mkdir()
        drivers=destination/'drivers';drivers.mkdir()
        finance=json.loads((HERE/'scalar-ledger.json').read_text())['live_ordinary']
        names={r['name'] for r in finance if r['classification']=='changed finance'}
        before=hashes(PRODUCTION)
        for name in ('native','direct','standalone','cli_checks'):
            text=(historical/(name+'.py')).read_text()
            text=text.replace('Path(__file__).resolve().parent',f'Path({str(historical)!r})')
            if name=='native':
                text=text.replace("a['outputs'][k]==v if name=='baseline'",f"a['outputs'][k]==v if name=='baseline' and k not in {names!r}")
            if name=='direct':
                text=text.replace("if name=='baseline' or not isinstance(v,(int,float)):",f"if (name=='baseline' and k not in {names!r}) or not isinstance(v,(int,float)):")
                text=text.replace("scalar[k]==v if name=='baseline'",f"scalar[k]==v if name=='baseline' and k not in {names!r}")
            driver=drivers/(name+'.py');driver.write_text(text)
            command=[str(ROOT/'.codex-test/run'),'bash','-c','export PYTHONPATH="$PWD:$STOP_PARSER_TEAX_ROOT/packages/teax-simkit" STUDY_REQUIRE_TEAX=1; exec .codex-test/run python "$@"','wi052',str(driver),str(destination)]
            result=subprocess.run(command,cwd=ROOT,capture_output=True,text=True)
            (destination/(name+'.log')).write_text(result.stdout+result.stderr)
>           assert result.returncode==0,f'{name} failed: {destination/(name+".log")}'
                   ^^^^^^^^^^^^^^^^^^^^
E           AssertionError: native failed: /tmp/pytest-of-reid/pytest-12321/wi0510/acceptance/native.log

work/active/WI-052_mfe-financial-rate-limits/implementation/current_regressions.py:54: AssertionError
______ ERROR at setup of test_independent_radius_ratios_and_fixed_anchors ______

tmp_path_factory = TempPathFactory(_given_basetemp=None, _trace=<pluggy._tracing.TagTracerSub object at 0x7406e6b690a0>, _basetemp=PosixPath('/tmp/pytest-of-reid/pytest-12321'), _retention_count=3, _retention_policy='all')

    @pytest.fixture(scope='module')
    def acceptance(tmp_path_factory):
        current=ROOT/'work/active/WI-052_mfe-financial-rate-limits/implementation'
        spec=importlib.util.spec_from_file_location('wi052_current_regressions',current/'current_regressions.py')
        module=importlib.util.module_from_spec(spec);spec.loader.exec_module(module)
>       return module.radius_acceptance(tmp_path_factory.mktemp('wi051')/'acceptance',H)
               ^^^^^^^^^^^^^^^^^^^^^^^^^^^^^^^^^^^^^^^^^^^^^^^^^^^^^^^^^^^^^^^^^^^^^^^^^

tests/models/test_mfe_major_radius.py:101: 
_ _ _ _ _ _ _ _ _ _ _ _ _ _ _ _ _ _ _ _ _ _ _ _ _ _ _ _ _ _ _ _ _ _ _ _ _ _ _ _ 

destination = PosixPath('/tmp/pytest-of-reid/pytest-12321/wi0510/acceptance')
historical = PosixPath('/home/reid/1cfe/fusion-tea-codex-test/work/active/WI-051_mfe-model-owned-major-radius/implementation')

    def radius_acceptance(destination,historical):
        """Run kept radius scenarios with financial tolerance only on WI-052 channels.
    
        Temporary driver copies use the frozen fixtures by absolute path. Baseline
        physical values and structured reports remain exact; changed financial
        scalars have the same 1e-9 tolerance independently verified by WI-052.
        """
        destination=Path(destination);destination.mkdir()
        drivers=destination/'drivers';drivers.mkdir()
        finance=json.loads((HERE/'scalar-ledger.json').read_text())['live_ordinary']
        names={r['name'] for r in finance if r['classification']=='changed finance'}
        before=hashes(PRODUCTION)
        for name in ('native','direct','standalone','cli_checks'):
            text=(historical/(name+'.py')).read_text()
            text=text.replace('Path(__file__).resolve().parent',f'Path({str(historical)!r})')
            if name=='native':
                text=text.replace("a['outputs'][k]==v if name=='baseline'",f"a['outputs'][k]==v if name=='baseline' and k not in {names!r}")
            if name=='direct':
                text=text.replace("if name=='baseline' or not isinstance(v,(int,float)):",f"if (name=='baseline' and k not in {names!r}) or not isinstance(v,(int,float)):")
                text=text.replace("scalar[k]==v if name=='baseline'",f"scalar[k]==v if name=='baseline' and k not in {names!r}")
            driver=drivers/(name+'.py');driver.write_text(text)
            command=[str(ROOT/'.codex-test/run'),'bash','-c','export PYTHONPATH="$PWD:$STOP_PARSER_TEAX_ROOT/packages/teax-simkit" STUDY_REQUIRE_TEAX=1; exec .codex-test/run python "$@"','wi052',str(driver),str(destination)]
            result=subprocess.run(command,cwd=ROOT,capture_output=True,text=True)
            (destination/(name+'.log')).write_text(result.stdout+result.stderr)
>           assert result.returncode==0,f'{name} failed: {destination/(name+".log")}'
                   ^^^^^^^^^^^^^^^^^^^^
E           AssertionError: native failed: /tmp/pytest-of-reid/pytest-12321/wi0510/acceptance/native.log

work/active/WI-052_mfe-financial-rate-limits/implementation/current_regressions.py:54: AssertionError
________ ERROR at setup of test_standalone_radius_formals[coil_length] _________

tmp_path_factory = TempPathFactory(_given_basetemp=None, _trace=<pluggy._tracing.TagTracerSub object at 0x7406e6b690a0>, _basetemp=PosixPath('/tmp/pytest-of-reid/pytest-12321'), _retention_count=3, _retention_policy='all')

    @pytest.fixture(scope='module')
    def acceptance(tmp_path_factory):
        current=ROOT/'work/active/WI-052_mfe-financial-rate-limits/implementation'
        spec=importlib.util.spec_from_file_location('wi052_current_regressions',current/'current_regressions.py')
        module=importlib.util.module_from_spec(spec);spec.loader.exec_module(module)
>       return module.radius_acceptance(tmp_path_factory.mktemp('wi051')/'acceptance',H)
               ^^^^^^^^^^^^^^^^^^^^^^^^^^^^^^^^^^^^^^^^^^^^^^^^^^^^^^^^^^^^^^^^^^^^^^^^^

tests/models/test_mfe_major_radius.py:101: 
_ _ _ _ _ _ _ _ _ _ _ _ _ _ _ _ _ _ _ _ _ _ _ _ _ _ _ _ _ _ _ _ _ _ _ _ _ _ _ _ 

destination = PosixPath('/tmp/pytest-of-reid/pytest-12321/wi0510/acceptance')
historical = PosixPath('/home/reid/1cfe/fusion-tea-codex-test/work/active/WI-051_mfe-model-owned-major-radius/implementation')

    def radius_acceptance(destination,historical):
        """Run kept radius scenarios with financial tolerance only on WI-052 channels.
    
        Temporary driver copies use the frozen fixtures by absolute path. Baseline
        physical values and structured reports remain exact; changed financial
        scalars have the same 1e-9 tolerance independently verified by WI-052.
        """
        destination=Path(destination);destination.mkdir()
        drivers=destination/'drivers';drivers.mkdir()
        finance=json.loads((HERE/'scalar-ledger.json').read_text())['live_ordinary']
        names={r['name'] for r in finance if r['classification']=='changed finance'}
        before=hashes(PRODUCTION)
        for name in ('native','direct','standalone','cli_checks'):
            text=(historical/(name+'.py')).read_text()
            text=text.replace('Path(__file__).resolve().parent',f'Path({str(historical)!r})')
            if name=='native':
                text=text.replace("a['outputs'][k]==v if name=='baseline'",f"a['outputs'][k]==v if name=='baseline' and k not in {names!r}")
            if name=='direct':
                text=text.replace("if name=='baseline' or not isinstance(v,(int,float)):",f"if (name=='baseline' and k not in {names!r}) or not isinstance(v,(int,float)):")
                text=text.replace("scalar[k]==v if name=='baseline'",f"scalar[k]==v if name=='baseline' and k not in {names!r}")
            driver=drivers/(name+'.py');driver.write_text(text)
            command=[str(ROOT/'.codex-test/run'),'bash','-c','export PYTHONPATH="$PWD:$STOP_PARSER_TEAX_ROOT/packages/teax-simkit" STUDY_REQUIRE_TEAX=1; exec .codex-test/run python "$@"','wi052',str(driver),str(destination)]
            result=subprocess.run(command,cwd=ROOT,capture_output=True,text=True)
            (destination/(name+'.log')).write_text(result.stdout+result.stderr)
>           assert result.returncode==0,f'{name} failed: {destination/(name+".log")}'
                   ^^^^^^^^^^^^^^^^^^^^
E           AssertionError: native failed: /tmp/pytest-of-reid/pytest-12321/wi0510/acceptance/native.log

work/active/WI-052_mfe-financial-rate-limits/implementation/current_regressions.py:54: AssertionError
_________ ERROR at setup of test_standalone_radius_formals[field_calc] _________

tmp_path_factory = TempPathFactory(_given_basetemp=None, _trace=<pluggy._tracing.TagTracerSub object at 0x7406e6b690a0>, _basetemp=PosixPath('/tmp/pytest-of-reid/pytest-12321'), _retention_count=3, _retention_policy='all')

    @pytest.fixture(scope='module')
    def acceptance(tmp_path_factory):
        current=ROOT/'work/active/WI-052_mfe-financial-rate-limits/implementation'
        spec=importlib.util.spec_from_file_location('wi052_current_regressions',current/'current_regressions.py')
        module=importlib.util.module_from_spec(spec);spec.loader.exec_module(module)
>       return module.radius_acceptance(tmp_path_factory.mktemp('wi051')/'acceptance',H)
               ^^^^^^^^^^^^^^^^^^^^^^^^^^^^^^^^^^^^^^^^^^^^^^^^^^^^^^^^^^^^^^^^^^^^^^^^^

tests/models/test_mfe_major_radius.py:101: 
_ _ _ _ _ _ _ _ _ _ _ _ _ _ _ _ _ _ _ _ _ _ _ _ _ _ _ _ _ _ _ _ _ _ _ _ _ _ _ _ 

destination = PosixPath('/tmp/pytest-of-reid/pytest-12321/wi0510/acceptance')
historical = PosixPath('/home/reid/1cfe/fusion-tea-codex-test/work/active/WI-051_mfe-model-owned-major-radius/implementation')

    def radius_acceptance(destination,historical):
        """Run kept radius scenarios with financial tolerance only on WI-052 channels.
    
        Temporary driver copies use the frozen fixtures by absolute path. Baseline
        physical values and structured reports remain exact; changed financial
        scalars have the same 1e-9 tolerance independently verified by WI-052.
        """
        destination=Path(destination);destination.mkdir()
        drivers=destination/'drivers';drivers.mkdir()
        finance=json.loads((HERE/'scalar-ledger.json').read_text())['live_ordinary']
        names={r['name'] for r in finance if r['classification']=='changed finance'}
        before=hashes(PRODUCTION)
        for name in ('native','direct','standalone','cli_checks'):
            text=(historical/(name+'.py')).read_text()
            text=text.replace('Path(__file__).resolve().parent',f'Path({str(historical)!r})')
            if name=='native':
                text=text.replace("a['outputs'][k]==v if name=='baseline'",f"a['outputs'][k]==v if name=='baseline' and k not in {names!r}")
            if name=='direct':
                text=text.replace("if name=='baseline' or not isinstance(v,(int,float)):",f"if (name=='baseline' and k not in {names!r}) or not isinstance(v,(int,float)):")
                text=text.replace("scalar[k]==v if name=='baseline'",f"scalar[k]==v if name=='baseline' and k not in {names!r}")
            driver=drivers/(name+'.py');driver.write_text(text)
            command=[str(ROOT/'.codex-test/run'),'bash','-c','export PYTHONPATH="$PWD:$STOP_PARSER_TEAX_ROOT/packages/teax-simkit" STUDY_REQUIRE_TEAX=1; exec .codex-test/run python "$@"','wi052',str(driver),str(destination)]
            result=subprocess.run(command,cwd=ROOT,capture_output=True,text=True)
            (destination/(name+'.log')).write_text(result.stdout+result.stderr)
>           assert result.returncode==0,f'{name} failed: {destination/(name+".log")}'
                   ^^^^^^^^^^^^^^^^^^^^
E           AssertionError: native failed: /tmp/pytest-of-reid/pytest-12321/wi0510/acceptance/native.log

work/active/WI-052_mfe-financial-rate-limits/implementation/current_regressions.py:54: AssertionError
_______ ERROR at setup of test_standalone_radius_formals[stored_energy] ________

tmp_path_factory = TempPathFactory(_given_basetemp=None, _trace=<pluggy._tracing.TagTracerSub object at 0x7406e6b690a0>, _basetemp=PosixPath('/tmp/pytest-of-reid/pytest-12321'), _retention_count=3, _retention_policy='all')

    @pytest.fixture(scope='module')
    def acceptance(tmp_path_factory):
        current=ROOT/'work/active/WI-052_mfe-financial-rate-limits/implementation'
        spec=importlib.util.spec_from_file_location('wi052_current_regressions',current/'current_regressions.py')
        module=importlib.util.module_from_spec(spec);spec.loader.exec_module(module)
>       return module.radius_acceptance(tmp_path_factory.mktemp('wi051')/'acceptance',H)
               ^^^^^^^^^^^^^^^^^^^^^^^^^^^^^^^^^^^^^^^^^^^^^^^^^^^^^^^^^^^^^^^^^^^^^^^^^

tests/models/test_mfe_major_radius.py:101: 
_ _ _ _ _ _ _ _ _ _ _ _ _ _ _ _ _ _ _ _ _ _ _ _ _ _ _ _ _ _ _ _ _ _ _ _ _ _ _ _ 

destination = PosixPath('/tmp/pytest-of-reid/pytest-12321/wi0510/acceptance')
historical = PosixPath('/home/reid/1cfe/fusion-tea-codex-test/work/active/WI-051_mfe-model-owned-major-radius/implementation')

    def radius_acceptance(destination,historical):
        """Run kept radius scenarios with financial tolerance only on WI-052 channels.
    
        Temporary driver copies use the frozen fixtures by absolute path. Baseline
        physical values and structured reports remain exact; changed financial
        scalars have the same 1e-9 tolerance independently verified by WI-052.
        """
        destination=Path(destination);destination.mkdir()
        drivers=destination/'drivers';drivers.mkdir()
        finance=json.loads((HERE/'scalar-ledger.json').read_text())['live_ordinary']
        names={r['name'] for r in finance if r['classification']=='changed finance'}
        before=hashes(PRODUCTION)
        for name in ('native','direct','standalone','cli_checks'):
            text=(historical/(name+'.py')).read_text()
            text=text.replace('Path(__file__).resolve().parent',f'Path({str(historical)!r})')
            if name=='native':
                text=text.replace("a['outputs'][k]==v if name=='baseline'",f"a['outputs'][k]==v if name=='baseline' and k not in {names!r}")
            if name=='direct':
                text=text.replace("if name=='baseline' or not isinstance(v,(int,float)):",f"if (name=='baseline' and k not in {names!r}) or not isinstance(v,(int,float)):")
                text=text.replace("scalar[k]==v if name=='baseline'",f"scalar[k]==v if name=='baseline' and k not in {names!r}")
            driver=drivers/(name+'.py');driver.write_text(text)
            command=[str(ROOT/'.codex-test/run'),'bash','-c','export PYTHONPATH="$PWD:$STOP_PARSER_TEAX_ROOT/packages/teax-simkit" STUDY_REQUIRE_TEAX=1; exec .codex-test/run python "$@"','wi052',str(driver),str(destination)]
            result=subprocess.run(command,cwd=ROOT,capture_output=True,text=True)
            (destination/(name+'.log')).write_text(result.stdout+result.stderr)
>           assert result.returncode==0,f'{name} failed: {destination/(name+".log")}'
                   ^^^^^^^^^^^^^^^^^^^^
E           AssertionError: native failed: /tmp/pytest-of-reid/pytest-12321/wi0510/acceptance/native.log

work/active/WI-052_mfe-financial-rate-limits/implementation/current_regressions.py:54: AssertionError
________ ERROR at setup of test_standalone_radius_formals[magnet_cost] _________

tmp_path_factory = TempPathFactory(_given_basetemp=None, _trace=<pluggy._tracing.TagTracerSub object at 0x7406e6b690a0>, _basetemp=PosixPath('/tmp/pytest-of-reid/pytest-12321'), _retention_count=3, _retention_policy='all')

    @pytest.fixture(scope='module')
    def acceptance(tmp_path_factory):
        current=ROOT/'work/active/WI-052_mfe-financial-rate-limits/implementation'
        spec=importlib.util.spec_from_file_location('wi052_current_regressions',current/'current_regressions.py')
        module=importlib.util.module_from_spec(spec);spec.loader.exec_module(module)
>       return module.radius_acceptance(tmp_path_factory.mktemp('wi051')/'acceptance',H)
               ^^^^^^^^^^^^^^^^^^^^^^^^^^^^^^^^^^^^^^^^^^^^^^^^^^^^^^^^^^^^^^^^^^^^^^^^^

tests/models/test_mfe_major_radius.py:101: 
_ _ _ _ _ _ _ _ _ _ _ _ _ _ _ _ _ _ _ _ _ _ _ _ _ _ _ _ _ _ _ _ _ _ _ _ _ _ _ _ 

destination = PosixPath('/tmp/pytest-of-reid/pytest-12321/wi0510/acceptance')
historical = PosixPath('/home/reid/1cfe/fusion-tea-codex-test/work/active/WI-051_mfe-model-owned-major-radius/implementation')

    def radius_acceptance(destination,historical):
        """Run kept radius scenarios with financial tolerance only on WI-052 channels.
    
        Temporary driver copies use the frozen fixtures by absolute path. Baseline
        physical values and structured reports remain exact; changed financial
        scalars have the same 1e-9 tolerance independently verified by WI-052.
        """
        destination=Path(destination);destination.mkdir()
        drivers=destination/'drivers';drivers.mkdir()
        finance=json.loads((HERE/'scalar-ledger.json').read_text())['live_ordinary']
        names={r['name'] for r in finance if r['classification']=='changed finance'}
        before=hashes(PRODUCTION)
        for name in ('native','direct','standalone','cli_checks'):
            text=(historical/(name+'.py')).read_text()
            text=text.replace('Path(__file__).resolve().parent',f'Path({str(historical)!r})')
            if name=='native':
                text=text.replace("a['outputs'][k]==v if name=='baseline'",f"a['outputs'][k]==v if name=='baseline' and k not in {names!r}")
            if name=='direct':
                text=text.replace("if name=='baseline' or not isinstance(v,(int,float)):",f"if (name=='baseline' and k not in {names!r}) or not isinstance(v,(int,float)):")
                text=text.replace("scalar[k]==v if name=='baseline'",f"scalar[k]==v if name=='baseline' and k not in {names!r}")
            driver=drivers/(name+'.py');driver.write_text(text)
            command=[str(ROOT/'.codex-test/run'),'bash','-c','export PYTHONPATH="$PWD:$STOP_PARSER_TEAX_ROOT/packages/teax-simkit" STUDY_REQUIRE_TEAX=1; exec .codex-test/run python "$@"','wi052',str(driver),str(destination)]
            result=subprocess.run(command,cwd=ROOT,capture_output=True,text=True)
            (destination/(name+'.log')).write_text(result.stdout+result.stderr)
>           assert result.returncode==0,f'{name} failed: {destination/(name+".log")}'
                   ^^^^^^^^^^^^^^^^^^^^
E           AssertionError: native failed: /tmp/pytest-of-reid/pytest-12321/wi0510/acceptance/native.log

work/active/WI-052_mfe-financial-rate-limits/implementation/current_regressions.py:54: AssertionError
_________ ERROR at setup of test_retired_radius_refused[alone-native] __________

tmp_path_factory = TempPathFactory(_given_basetemp=None, _trace=<pluggy._tracing.TagTracerSub object at 0x7406e6b690a0>, _basetemp=PosixPath('/tmp/pytest-of-reid/pytest-12321'), _retention_count=3, _retention_policy='all')

    @pytest.fixture(scope='module')
    def acceptance(tmp_path_factory):
        current=ROOT/'work/active/WI-052_mfe-financial-rate-limits/implementation'
        spec=importlib.util.spec_from_file_location('wi052_current_regressions',current/'current_regressions.py')
        module=importlib.util.module_from_spec(spec);spec.loader.exec_module(module)
>       return module.radius_acceptance(tmp_path_factory.mktemp('wi051')/'acceptance',H)
               ^^^^^^^^^^^^^^^^^^^^^^^^^^^^^^^^^^^^^^^^^^^^^^^^^^^^^^^^^^^^^^^^^^^^^^^^^

tests/models/test_mfe_major_radius.py:101: 
_ _ _ _ _ _ _ _ _ _ _ _ _ _ _ _ _ _ _ _ _ _ _ _ _ _ _ _ _ _ _ _ _ _ _ _ _ _ _ _ 

destination = PosixPath('/tmp/pytest-of-reid/pytest-12321/wi0510/acceptance')
historical = PosixPath('/home/reid/1cfe/fusion-tea-codex-test/work/active/WI-051_mfe-model-owned-major-radius/implementation')

    def radius_acceptance(destination,historical):
        """Run kept radius scenarios with financial tolerance only on WI-052 channels.
    
        Temporary driver copies use the frozen fixtures by absolute path. Baseline
        physical values and structured reports remain exact; changed financial
        scalars have the same 1e-9 tolerance independently verified by WI-052.
        """
        destination=Path(destination);destination.mkdir()
        drivers=destination/'drivers';drivers.mkdir()
        finance=json.loads((HERE/'scalar-ledger.json').read_text())['live_ordinary']
        names={r['name'] for r in finance if r['classification']=='changed finance'}
        before=hashes(PRODUCTION)
        for name in ('native','direct','standalone','cli_checks'):
            text=(historical/(name+'.py')).read_text()
            text=text.replace('Path(__file__).resolve().parent',f'Path({str(historical)!r})')
            if name=='native':
                text=text.replace("a['outputs'][k]==v if name=='baseline'",f"a['outputs'][k]==v if name=='baseline' and k not in {names!r}")
            if name=='direct':
                text=text.replace("if name=='baseline' or not isinstance(v,(int,float)):",f"if (name=='baseline' and k not in {names!r}) or not isinstance(v,(int,float)):")
                text=text.replace("scalar[k]==v if name=='baseline'",f"scalar[k]==v if name=='baseline' and k not in {names!r}")
            driver=drivers/(name+'.py');driver.write_text(text)
            command=[str(ROOT/'.codex-test/run'),'bash','-c','export PYTHONPATH="$PWD:$STOP_PARSER_TEAX_ROOT/packages/teax-simkit" STUDY_REQUIRE_TEAX=1; exec .codex-test/run python "$@"','wi052',str(driver),str(destination)]
            result=subprocess.run(command,cwd=ROOT,capture_output=True,text=True)
            (destination/(name+'.log')).write_text(result.stdout+result.stderr)
>           assert result.returncode==0,f'{name} failed: {destination/(name+".log")}'
                   ^^^^^^^^^^^^^^^^^^^^
E           AssertionError: native failed: /tmp/pytest-of-reid/pytest-12321/wi0510/acceptance/native.log

work/active/WI-052_mfe-financial-rate-limits/implementation/current_regressions.py:54: AssertionError
_________ ERROR at setup of test_retired_radius_refused[alone-schema] __________

tmp_path_factory = TempPathFactory(_given_basetemp=None, _trace=<pluggy._tracing.TagTracerSub object at 0x7406e6b690a0>, _basetemp=PosixPath('/tmp/pytest-of-reid/pytest-12321'), _retention_count=3, _retention_policy='all')

    @pytest.fixture(scope='module')
    def acceptance(tmp_path_factory):
        current=ROOT/'work/active/WI-052_mfe-financial-rate-limits/implementation'
        spec=importlib.util.spec_from_file_location('wi052_current_regressions',current/'current_regressions.py')
        module=importlib.util.module_from_spec(spec);spec.loader.exec_module(module)
>       return module.radius_acceptance(tmp_path_factory.mktemp('wi051')/'acceptance',H)
               ^^^^^^^^^^^^^^^^^^^^^^^^^^^^^^^^^^^^^^^^^^^^^^^^^^^^^^^^^^^^^^^^^^^^^^^^^

tests/models/test_mfe_major_radius.py:101: 
_ _ _ _ _ _ _ _ _ _ _ _ _ _ _ _ _ _ _ _ _ _ _ _ _ _ _ _ _ _ _ _ _ _ _ _ _ _ _ _ 

destination = PosixPath('/tmp/pytest-of-reid/pytest-12321/wi0510/acceptance')
historical = PosixPath('/home/reid/1cfe/fusion-tea-codex-test/work/active/WI-051_mfe-model-owned-major-radius/implementation')

    def radius_acceptance(destination,historical):
        """Run kept radius scenarios with financial tolerance only on WI-052 channels.
    
        Temporary driver copies use the frozen fixtures by absolute path. Baseline
        physical values and structured reports remain exact; changed financial
        scalars have the same 1e-9 tolerance independently verified by WI-052.
        """
        destination=Path(destination);destination.mkdir()
        drivers=destination/'drivers';drivers.mkdir()
        finance=json.loads((HERE/'scalar-ledger.json').read_text())['live_ordinary']
        names={r['name'] for r in finance if r['classification']=='changed finance'}
        before=hashes(PRODUCTION)
        for name in ('native','direct','standalone','cli_checks'):
            text=(historical/(name+'.py')).read_text()
            text=text.replace('Path(__file__).resolve().parent',f'Path({str(historical)!r})')
            if name=='native':
                text=text.replace("a['outputs'][k]==v if name=='baseline'",f"a['outputs'][k]==v if name=='baseline' and k not in {names!r}")
            if name=='direct':
                text=text.replace("if name=='baseline' or not isinstance(v,(int,float)):",f"if (name=='baseline' and k not in {names!r}) or not isinstance(v,(int,float)):")
                text=text.replace("scalar[k]==v if name=='baseline'",f"scalar[k]==v if name=='baseline' and k not in {names!r}")
            driver=drivers/(name+'.py');driver.write_text(text)
            command=[str(ROOT/'.codex-test/run'),'bash','-c','export PYTHONPATH="$PWD:$STOP_PARSER_TEAX_ROOT/packages/teax-simkit" STUDY_REQUIRE_TEAX=1; exec .codex-test/run python "$@"','wi052',str(driver),str(destination)]
            result=subprocess.run(command,cwd=ROOT,capture_output=True,text=True)
            (destination/(name+'.log')).write_text(result.stdout+result.stderr)
>           assert result.returncode==0,f'{name} failed: {destination/(name+".log")}'
                   ^^^^^^^^^^^^^^^^^^^^
E           AssertionError: native failed: /tmp/pytest-of-reid/pytest-12321/wi0510/acceptance/native.log

work/active/WI-052_mfe-financial-rate-limits/implementation/current_regressions.py:54: AssertionError
_________ ERROR at setup of test_retired_radius_refused[alone-helper] __________

tmp_path_factory = TempPathFactory(_given_basetemp=None, _trace=<pluggy._tracing.TagTracerSub object at 0x7406e6b690a0>, _basetemp=PosixPath('/tmp/pytest-of-reid/pytest-12321'), _retention_count=3, _retention_policy='all')

    @pytest.fixture(scope='module')
    def acceptance(tmp_path_factory):
        current=ROOT/'work/active/WI-052_mfe-financial-rate-limits/implementation'
        spec=importlib.util.spec_from_file_location('wi052_current_regressions',current/'current_regressions.py')
        module=importlib.util.module_from_spec(spec);spec.loader.exec_module(module)
>       return module.radius_acceptance(tmp_path_factory.mktemp('wi051')/'acceptance',H)
               ^^^^^^^^^^^^^^^^^^^^^^^^^^^^^^^^^^^^^^^^^^^^^^^^^^^^^^^^^^^^^^^^^^^^^^^^^

tests/models/test_mfe_major_radius.py:101: 
_ _ _ _ _ _ _ _ _ _ _ _ _ _ _ _ _ _ _ _ _ _ _ _ _ _ _ _ _ _ _ _ _ _ _ _ _ _ _ _ 

destination = PosixPath('/tmp/pytest-of-reid/pytest-12321/wi0510/acceptance')
historical = PosixPath('/home/reid/1cfe/fusion-tea-codex-test/work/active/WI-051_mfe-model-owned-major-radius/implementation')

    def radius_acceptance(destination,historical):
        """Run kept radius scenarios with financial tolerance only on WI-052 channels.
    
        Temporary driver copies use the frozen fixtures by absolute path. Baseline
        physical values and structured reports remain exact; changed financial
        scalars have the same 1e-9 tolerance independently verified by WI-052.
        """
        destination=Path(destination);destination.mkdir()
        drivers=destination/'drivers';drivers.mkdir()
        finance=json.loads((HERE/'scalar-ledger.json').read_text())['live_ordinary']
        names={r['name'] for r in finance if r['classification']=='changed finance'}
        before=hashes(PRODUCTION)
        for name in ('native','direct','standalone','cli_checks'):
            text=(historical/(name+'.py')).read_text()
            text=text.replace('Path(__file__).resolve().parent',f'Path({str(historical)!r})')
            if name=='native':
                text=text.replace("a['outputs'][k]==v if name=='baseline'",f"a['outputs'][k]==v if name=='baseline' and k not in {names!r}")
            if name=='direct':
                text=text.replace("if name=='baseline' or not isinstance(v,(int,float)):",f"if (name=='baseline' and k not in {names!r}) or not isinstance(v,(int,float)):")
                text=text.replace("scalar[k]==v if name=='baseline'",f"scalar[k]==v if name=='baseline' and k not in {names!r}")
            driver=drivers/(name+'.py');driver.write_text(text)
            command=[str(ROOT/'.codex-test/run'),'bash','-c','export PYTHONPATH="$PWD:$STOP_PARSER_TEAX_ROOT/packages/teax-simkit" STUDY_REQUIRE_TEAX=1; exec .codex-test/run python "$@"','wi052',str(driver),str(destination)]
            result=subprocess.run(command,cwd=ROOT,capture_output=True,text=True)
            (destination/(name+'.log')).write_text(result.stdout+result.stderr)
>           assert result.returncode==0,f'{name} failed: {destination/(name+".log")}'
                   ^^^^^^^^^^^^^^^^^^^^
E           AssertionError: native failed: /tmp/pytest-of-reid/pytest-12321/wi0510/acceptance/native.log

work/active/WI-052_mfe-financial-rate-limits/implementation/current_regressions.py:54: AssertionError
_________ ERROR at setup of test_retired_radius_refused[alone-single] __________

tmp_path_factory = TempPathFactory(_given_basetemp=None, _trace=<pluggy._tracing.TagTracerSub object at 0x7406e6b690a0>, _basetemp=PosixPath('/tmp/pytest-of-reid/pytest-12321'), _retention_count=3, _retention_policy='all')

    @pytest.fixture(scope='module')
    def acceptance(tmp_path_factory):
        current=ROOT/'work/active/WI-052_mfe-financial-rate-limits/implementation'
        spec=importlib.util.spec_from_file_location('wi052_current_regressions',current/'current_regressions.py')
        module=importlib.util.module_from_spec(spec);spec.loader.exec_module(module)
>       return module.radius_acceptance(tmp_path_factory.mktemp('wi051')/'acceptance',H)
               ^^^^^^^^^^^^^^^^^^^^^^^^^^^^^^^^^^^^^^^^^^^^^^^^^^^^^^^^^^^^^^^^^^^^^^^^^

tests/models/test_mfe_major_radius.py:101: 
_ _ _ _ _ _ _ _ _ _ _ _ _ _ _ _ _ _ _ _ _ _ _ _ _ _ _ _ _ _ _ _ _ _ _ _ _ _ _ _ 

destination = PosixPath('/tmp/pytest-of-reid/pytest-12321/wi0510/acceptance')
historical = PosixPath('/home/reid/1cfe/fusion-tea-codex-test/work/active/WI-051_mfe-model-owned-major-radius/implementation')

    def radius_acceptance(destination,historical):
        """Run kept radius scenarios with financial tolerance only on WI-052 channels.
    
        Temporary driver copies use the frozen fixtures by absolute path. Baseline
        physical values and structured reports remain exact; changed financial
        scalars have the same 1e-9 tolerance independently verified by WI-052.
        """
        destination=Path(destination);destination.mkdir()
        drivers=destination/'drivers';drivers.mkdir()
        finance=json.loads((HERE/'scalar-ledger.json').read_text())['live_ordinary']
        names={r['name'] for r in finance if r['classification']=='changed finance'}
        before=hashes(PRODUCTION)
        for name in ('native','direct','standalone','cli_checks'):
            text=(historical/(name+'.py')).read_text()
            text=text.replace('Path(__file__).resolve().parent',f'Path({str(historical)!r})')
            if name=='native':
                text=text.replace("a['outputs'][k]==v if name=='baseline'",f"a['outputs'][k]==v if name=='baseline' and k not in {names!r}")
            if name=='direct':
                text=text.replace("if name=='baseline' or not isinstance(v,(int,float)):",f"if (name=='baseline' and k not in {names!r}) or not isinstance(v,(int,float)):")
                text=text.replace("scalar[k]==v if name=='baseline'",f"scalar[k]==v if name=='baseline' and k not in {names!r}")
            driver=drivers/(name+'.py');driver.write_text(text)
            command=[str(ROOT/'.codex-test/run'),'bash','-c','export PYTHONPATH="$PWD:$STOP_PARSER_TEAX_ROOT/packages/teax-simkit" STUDY_REQUIRE_TEAX=1; exec .codex-test/run python "$@"','wi052',str(driver),str(destination)]
            result=subprocess.run(command,cwd=ROOT,capture_output=True,text=True)
            (destination/(name+'.log')).write_text(result.stdout+result.stderr)
>           assert result.returncode==0,f'{name} failed: {destination/(name+".log")}'
                   ^^^^^^^^^^^^^^^^^^^^
E           AssertionError: native failed: /tmp/pytest-of-reid/pytest-12321/wi0510/acceptance/native.log

work/active/WI-052_mfe-financial-rate-limits/implementation/current_regressions.py:54: AssertionError
___________ ERROR at setup of test_retired_radius_refused[alone-cli] ___________

tmp_path_factory = TempPathFactory(_given_basetemp=None, _trace=<pluggy._tracing.TagTracerSub object at 0x7406e6b690a0>, _basetemp=PosixPath('/tmp/pytest-of-reid/pytest-12321'), _retention_count=3, _retention_policy='all')

    @pytest.fixture(scope='module')
    def acceptance(tmp_path_factory):
        current=ROOT/'work/active/WI-052_mfe-financial-rate-limits/implementation'
        spec=importlib.util.spec_from_file_location('wi052_current_regressions',current/'current_regressions.py')
        module=importlib.util.module_from_spec(spec);spec.loader.exec_module(module)
>       return module.radius_acceptance(tmp_path_factory.mktemp('wi051')/'acceptance',H)
               ^^^^^^^^^^^^^^^^^^^^^^^^^^^^^^^^^^^^^^^^^^^^^^^^^^^^^^^^^^^^^^^^^^^^^^^^^

tests/models/test_mfe_major_radius.py:101: 
_ _ _ _ _ _ _ _ _ _ _ _ _ _ _ _ _ _ _ _ _ _ _ _ _ _ _ _ _ _ _ _ _ _ _ _ _ _ _ _ 

destination = PosixPath('/tmp/pytest-of-reid/pytest-12321/wi0510/acceptance')
historical = PosixPath('/home/reid/1cfe/fusion-tea-codex-test/work/active/WI-051_mfe-model-owned-major-radius/implementation')

    def radius_acceptance(destination,historical):
        """Run kept radius scenarios with financial tolerance only on WI-052 channels.
    
        Temporary driver copies use the frozen fixtures by absolute path. Baseline
        physical values and structured reports remain exact; changed financial
        scalars have the same 1e-9 tolerance independently verified by WI-052.
        """
        destination=Path(destination);destination.mkdir()
        drivers=destination/'drivers';drivers.mkdir()
        finance=json.loads((HERE/'scalar-ledger.json').read_text())['live_ordinary']
        names={r['name'] for r in finance if r['classification']=='changed finance'}
        before=hashes(PRODUCTION)
        for name in ('native','direct','standalone','cli_checks'):
            text=(historical/(name+'.py')).read_text()
            text=text.replace('Path(__file__).resolve().parent',f'Path({str(historical)!r})')
            if name=='native':
                text=text.replace("a['outputs'][k]==v if name=='baseline'",f"a['outputs'][k]==v if name=='baseline' and k not in {names!r}")
            if name=='direct':
                text=text.replace("if name=='baseline' or not isinstance(v,(int,float)):",f"if (name=='baseline' and k not in {names!r}) or not isinstance(v,(int,float)):")
                text=text.replace("scalar[k]==v if name=='baseline'",f"scalar[k]==v if name=='baseline' and k not in {names!r}")
            driver=drivers/(name+'.py');driver.write_text(text)
            command=[str(ROOT/'.codex-test/run'),'bash','-c','export PYTHONPATH="$PWD:$STOP_PARSER_TEAX_ROOT/packages/teax-simkit" STUDY_REQUIRE_TEAX=1; exec .codex-test/run python "$@"','wi052',str(driver),str(destination)]
            result=subprocess.run(command,cwd=ROOT,capture_output=True,text=True)
            (destination/(name+'.log')).write_text(result.stdout+result.stderr)
>           assert result.returncode==0,f'{name} failed: {destination/(name+".log")}'
                   ^^^^^^^^^^^^^^^^^^^^
E           AssertionError: native failed: /tmp/pytest-of-reid/pytest-12321/wi0510/acceptance/native.log

work/active/WI-052_mfe-financial-rate-limits/implementation/current_regressions.py:54: AssertionError
_________ ERROR at setup of test_retired_radius_refused[equal-native] __________

tmp_path_factory = TempPathFactory(_given_basetemp=None, _trace=<pluggy._tracing.TagTracerSub object at 0x7406e6b690a0>, _basetemp=PosixPath('/tmp/pytest-of-reid/pytest-12321'), _retention_count=3, _retention_policy='all')

    @pytest.fixture(scope='module')
    def acceptance(tmp_path_factory):
        current=ROOT/'work/active/WI-052_mfe-financial-rate-limits/implementation'
        spec=importlib.util.spec_from_file_location('wi052_current_regressions',current/'current_regressions.py')
        module=importlib.util.module_from_spec(spec);spec.loader.exec_module(module)
>       return module.radius_acceptance(tmp_path_factory.mktemp('wi051')/'acceptance',H)
               ^^^^^^^^^^^^^^^^^^^^^^^^^^^^^^^^^^^^^^^^^^^^^^^^^^^^^^^^^^^^^^^^^^^^^^^^^

tests/models/test_mfe_major_radius.py:101: 
_ _ _ _ _ _ _ _ _ _ _ _ _ _ _ _ _ _ _ _ _ _ _ _ _ _ _ _ _ _ _ _ _ _ _ _ _ _ _ _ 

destination = PosixPath('/tmp/pytest-of-reid/pytest-12321/wi0510/acceptance')
historical = PosixPath('/home/reid/1cfe/fusion-tea-codex-test/work/active/WI-051_mfe-model-owned-major-radius/implementation')

    def radius_acceptance(destination,historical):
        """Run kept radius scenarios with financial tolerance only on WI-052 channels.
    
        Temporary driver copies use the frozen fixtures by absolute path. Baseline
        physical values and structured reports remain exact; changed financial
        scalars have the same 1e-9 tolerance independently verified by WI-052.
        """
        destination=Path(destination);destination.mkdir()
        drivers=destination/'drivers';drivers.mkdir()
        finance=json.loads((HERE/'scalar-ledger.json').read_text())['live_ordinary']
        names={r['name'] for r in finance if r['classification']=='changed finance'}
        before=hashes(PRODUCTION)
        for name in ('native','direct','standalone','cli_checks'):
            text=(historical/(name+'.py')).read_text()
            text=text.replace('Path(__file__).resolve().parent',f'Path({str(historical)!r})')
            if name=='native':
                text=text.replace("a['outputs'][k]==v if name=='baseline'",f"a['outputs'][k]==v if name=='baseline' and k not in {names!r}")
            if name=='direct':
                text=text.replace("if name=='baseline' or not isinstance(v,(int,float)):",f"if (name=='baseline' and k not in {names!r}) or not isinstance(v,(int,float)):")
                text=text.replace("scalar[k]==v if name=='baseline'",f"scalar[k]==v if name=='baseline' and k not in {names!r}")
            driver=drivers/(name+'.py');driver.write_text(text)
            command=[str(ROOT/'.codex-test/run'),'bash','-c','export PYTHONPATH="$PWD:$STOP_PARSER_TEAX_ROOT/packages/teax-simkit" STUDY_REQUIRE_TEAX=1; exec .codex-test/run python "$@"','wi052',str(driver),str(destination)]
            result=subprocess.run(command,cwd=ROOT,capture_output=True,text=True)
            (destination/(name+'.log')).write_text(result.stdout+result.stderr)
>           assert result.returncode==0,f'{name} failed: {destination/(name+".log")}'
                   ^^^^^^^^^^^^^^^^^^^^
E           AssertionError: native failed: /tmp/pytest-of-reid/pytest-12321/wi0510/acceptance/native.log

work/active/WI-052_mfe-financial-rate-limits/implementation/current_regressions.py:54: AssertionError
_________ ERROR at setup of test_retired_radius_refused[equal-schema] __________

tmp_path_factory = TempPathFactory(_given_basetemp=None, _trace=<pluggy._tracing.TagTracerSub object at 0x7406e6b690a0>, _basetemp=PosixPath('/tmp/pytest-of-reid/pytest-12321'), _retention_count=3, _retention_policy='all')

    @pytest.fixture(scope='module')
    def acceptance(tmp_path_factory):
        current=ROOT/'work/active/WI-052_mfe-financial-rate-limits/implementation'
        spec=importlib.util.spec_from_file_location('wi052_current_regressions',current/'current_regressions.py')
        module=importlib.util.module_from_spec(spec);spec.loader.exec_module(module)
>       return module.radius_acceptance(tmp_path_factory.mktemp('wi051')/'acceptance',H)
               ^^^^^^^^^^^^^^^^^^^^^^^^^^^^^^^^^^^^^^^^^^^^^^^^^^^^^^^^^^^^^^^^^^^^^^^^^

tests/models/test_mfe_major_radius.py:101: 
_ _ _ _ _ _ _ _ _ _ _ _ _ _ _ _ _ _ _ _ _ _ _ _ _ _ _ _ _ _ _ _ _ _ _ _ _ _ _ _ 

destination = PosixPath('/tmp/pytest-of-reid/pytest-12321/wi0510/acceptance')
historical = PosixPath('/home/reid/1cfe/fusion-tea-codex-test/work/active/WI-051_mfe-model-owned-major-radius/implementation')

    def radius_acceptance(destination,historical):
        """Run kept radius scenarios with financial tolerance only on WI-052 channels.
    
        Temporary driver copies use the frozen fixtures by absolute path. Baseline
        physical values and structured reports remain exact; changed financial
        scalars have the same 1e-9 tolerance independently verified by WI-052.
        """
        destination=Path(destination);destination.mkdir()
        drivers=destination/'drivers';drivers.mkdir()
        finance=json.loads((HERE/'scalar-ledger.json').read_text())['live_ordinary']
        names={r['name'] for r in finance if r['classification']=='changed finance'}
        before=hashes(PRODUCTION)
        for name in ('native','direct','standalone','cli_checks'):
            text=(historical/(name+'.py')).read_text()
            text=text.replace('Path(__file__).resolve().parent',f'Path({str(historical)!r})')
            if name=='native':
                text=text.replace("a['outputs'][k]==v if name=='baseline'",f"a['outputs'][k]==v if name=='baseline' and k not in {names!r}")
            if name=='direct':
                text=text.replace("if name=='baseline' or not isinstance(v,(int,float)):",f"if (name=='baseline' and k not in {names!r}) or not isinstance(v,(int,float)):")
                text=text.replace("scalar[k]==v if name=='baseline'",f"scalar[k]==v if name=='baseline' and k not in {names!r}")
            driver=drivers/(name+'.py');driver.write_text(text)
            command=[str(ROOT/'.codex-test/run'),'bash','-c','export PYTHONPATH="$PWD:$STOP_PARSER_TEAX_ROOT/packages/teax-simkit" STUDY_REQUIRE_TEAX=1; exec .codex-test/run python "$@"','wi052',str(driver),str(destination)]
            result=subprocess.run(command,cwd=ROOT,capture_output=True,text=True)
            (destination/(name+'.log')).write_text(result.stdout+result.stderr)
>           assert result.returncode==0,f'{name} failed: {destination/(name+".log")}'
                   ^^^^^^^^^^^^^^^^^^^^
E           AssertionError: native failed: /tmp/pytest-of-reid/pytest-12321/wi0510/acceptance/native.log

work/active/WI-052_mfe-financial-rate-limits/implementation/current_regressions.py:54: AssertionError
_________ ERROR at setup of test_retired_radius_refused[equal-helper] __________

tmp_path_factory = TempPathFactory(_given_basetemp=None, _trace=<pluggy._tracing.TagTracerSub object at 0x7406e6b690a0>, _basetemp=PosixPath('/tmp/pytest-of-reid/pytest-12321'), _retention_count=3, _retention_policy='all')

    @pytest.fixture(scope='module')
    def acceptance(tmp_path_factory):
        current=ROOT/'work/active/WI-052_mfe-financial-rate-limits/implementation'
        spec=importlib.util.spec_from_file_location('wi052_current_regressions',current/'current_regressions.py')
        module=importlib.util.module_from_spec(spec);spec.loader.exec_module(module)
>       return module.radius_acceptance(tmp_path_factory.mktemp('wi051')/'acceptance',H)
               ^^^^^^^^^^^^^^^^^^^^^^^^^^^^^^^^^^^^^^^^^^^^^^^^^^^^^^^^^^^^^^^^^^^^^^^^^

tests/models/test_mfe_major_radius.py:101: 
_ _ _ _ _ _ _ _ _ _ _ _ _ _ _ _ _ _ _ _ _ _ _ _ _ _ _ _ _ _ _ _ _ _ _ _ _ _ _ _ 

destination = PosixPath('/tmp/pytest-of-reid/pytest-12321/wi0510/acceptance')
historical = PosixPath('/home/reid/1cfe/fusion-tea-codex-test/work/active/WI-051_mfe-model-owned-major-radius/implementation')

    def radius_acceptance(destination,historical):
        """Run kept radius scenarios with financial tolerance only on WI-052 channels.
    
        Temporary driver copies use the frozen fixtures by absolute path. Baseline
        physical values and structured reports remain exact; changed financial
        scalars have the same 1e-9 tolerance independently verified by WI-052.
        """
        destination=Path(destination);destination.mkdir()
        drivers=destination/'drivers';drivers.mkdir()
        finance=json.loads((HERE/'scalar-ledger.json').read_text())['live_ordinary']
        names={r['name'] for r in finance if r['classification']=='changed finance'}
        before=hashes(PRODUCTION)
        for name in ('native','direct','standalone','cli_checks'):
            text=(historical/(name+'.py')).read_text()
            text=text.replace('Path(__file__).resolve().parent',f'Path({str(historical)!r})')
            if name=='native':
                text=text.replace("a['outputs'][k]==v if name=='baseline'",f"a['outputs'][k]==v if name=='baseline' and k not in {names!r}")
            if name=='direct':
                text=text.replace("if name=='baseline' or not isinstance(v,(int,float)):",f"if (name=='baseline' and k not in {names!r}) or not isinstance(v,(int,float)):")
                text=text.replace("scalar[k]==v if name=='baseline'",f"scalar[k]==v if name=='baseline' and k not in {names!r}")
            driver=drivers/(name+'.py');driver.write_text(text)
            command=[str(ROOT/'.codex-test/run'),'bash','-c','export PYTHONPATH="$PWD:$STOP_PARSER_TEAX_ROOT/packages/teax-simkit" STUDY_REQUIRE_TEAX=1; exec .codex-test/run python "$@"','wi052',str(driver),str(destination)]
            result=subprocess.run(command,cwd=ROOT,capture_output=True,text=True)
            (destination/(name+'.log')).write_text(result.stdout+result.stderr)
>           assert result.returncode==0,f'{name} failed: {destination/(name+".log")}'
                   ^^^^^^^^^^^^^^^^^^^^
E           AssertionError: native failed: /tmp/pytest-of-reid/pytest-12321/wi0510/acceptance/native.log

work/active/WI-052_mfe-financial-rate-limits/implementation/current_regressions.py:54: AssertionError
_________ ERROR at setup of test_retired_radius_refused[equal-single] __________

tmp_path_factory = TempPathFactory(_given_basetemp=None, _trace=<pluggy._tracing.TagTracerSub object at 0x7406e6b690a0>, _basetemp=PosixPath('/tmp/pytest-of-reid/pytest-12321'), _retention_count=3, _retention_policy='all')

    @pytest.fixture(scope='module')
    def acceptance(tmp_path_factory):
        current=ROOT/'work/active/WI-052_mfe-financial-rate-limits/implementation'
        spec=importlib.util.spec_from_file_location('wi052_current_regressions',current/'current_regressions.py')
        module=importlib.util.module_from_spec(spec);spec.loader.exec_module(module)
>       return module.radius_acceptance(tmp_path_factory.mktemp('wi051')/'acceptance',H)
               ^^^^^^^^^^^^^^^^^^^^^^^^^^^^^^^^^^^^^^^^^^^^^^^^^^^^^^^^^^^^^^^^^^^^^^^^^

tests/models/test_mfe_major_radius.py:101: 
_ _ _ _ _ _ _ _ _ _ _ _ _ _ _ _ _ _ _ _ _ _ _ _ _ _ _ _ _ _ _ _ _ _ _ _ _ _ _ _ 

destination = PosixPath('/tmp/pytest-of-reid/pytest-12321/wi0510/acceptance')
historical = PosixPath('/home/reid/1cfe/fusion-tea-codex-test/work/active/WI-051_mfe-model-owned-major-radius/implementation')

    def radius_acceptance(destination,historical):
        """Run kept radius scenarios with financial tolerance only on WI-052 channels.
    
        Temporary driver copies use the frozen fixtures by absolute path. Baseline
        physical values and structured reports remain exact; changed financial
        scalars have the same 1e-9 tolerance independently verified by WI-052.
        """
        destination=Path(destination);destination.mkdir()
        drivers=destination/'drivers';drivers.mkdir()
        finance=json.loads((HERE/'scalar-ledger.json').read_text())['live_ordinary']
        names={r['name'] for r in finance if r['classification']=='changed finance'}
        before=hashes(PRODUCTION)
        for name in ('native','direct','standalone','cli_checks'):
            text=(historical/(name+'.py')).read_text()
            text=text.replace('Path(__file__).resolve().parent',f'Path({str(historical)!r})')
            if name=='native':
                text=text.replace("a['outputs'][k]==v if name=='baseline'",f"a['outputs'][k]==v if name=='baseline' and k not in {names!r}")
            if name=='direct':
                text=text.replace("if name=='baseline' or not isinstance(v,(int,float)):",f"if (name=='baseline' and k not in {names!r}) or not isinstance(v,(int,float)):")
                text=text.replace("scalar[k]==v if name=='baseline'",f"scalar[k]==v if name=='baseline' and k not in {names!r}")
            driver=drivers/(name+'.py');driver.write_text(text)
            command=[str(ROOT/'.codex-test/run'),'bash','-c','export PYTHONPATH="$PWD:$STOP_PARSER_TEAX_ROOT/packages/teax-simkit" STUDY_REQUIRE_TEAX=1; exec .codex-test/run python "$@"','wi052',str(driver),str(destination)]
            result=subprocess.run(command,cwd=ROOT,capture_output=True,text=True)
            (destination/(name+'.log')).write_text(result.stdout+result.stderr)
>           assert result.returncode==0,f'{name} failed: {destination/(name+".log")}'
                   ^^^^^^^^^^^^^^^^^^^^
E           AssertionError: native failed: /tmp/pytest-of-reid/pytest-12321/wi0510/acceptance/native.log

work/active/WI-052_mfe-financial-rate-limits/implementation/current_regressions.py:54: AssertionError
___________ ERROR at setup of test_retired_radius_refused[equal-cli] ___________

tmp_path_factory = TempPathFactory(_given_basetemp=None, _trace=<pluggy._tracing.TagTracerSub object at 0x7406e6b690a0>, _basetemp=PosixPath('/tmp/pytest-of-reid/pytest-12321'), _retention_count=3, _retention_policy='all')

    @pytest.fixture(scope='module')
    def acceptance(tmp_path_factory):
        current=ROOT/'work/active/WI-052_mfe-financial-rate-limits/implementation'
        spec=importlib.util.spec_from_file_location('wi052_current_regressions',current/'current_regressions.py')
        module=importlib.util.module_from_spec(spec);spec.loader.exec_module(module)
>       return module.radius_acceptance(tmp_path_factory.mktemp('wi051')/'acceptance',H)
               ^^^^^^^^^^^^^^^^^^^^^^^^^^^^^^^^^^^^^^^^^^^^^^^^^^^^^^^^^^^^^^^^^^^^^^^^^

tests/models/test_mfe_major_radius.py:101: 
_ _ _ _ _ _ _ _ _ _ _ _ _ _ _ _ _ _ _ _ _ _ _ _ _ _ _ _ _ _ _ _ _ _ _ _ _ _ _ _ 

destination = PosixPath('/tmp/pytest-of-reid/pytest-12321/wi0510/acceptance')
historical = PosixPath('/home/reid/1cfe/fusion-tea-codex-test/work/active/WI-051_mfe-model-owned-major-radius/implementation')

    def radius_acceptance(destination,historical):
        """Run kept radius scenarios with financial tolerance only on WI-052 channels.
    
        Temporary driver copies use the frozen fixtures by absolute path. Baseline
        physical values and structured reports remain exact; changed financial
        scalars have the same 1e-9 tolerance independently verified by WI-052.
        """
        destination=Path(destination);destination.mkdir()
        drivers=destination/'drivers';drivers.mkdir()
        finance=json.loads((HERE/'scalar-ledger.json').read_text())['live_ordinary']
        names={r['name'] for r in finance if r['classification']=='changed finance'}
        before=hashes(PRODUCTION)
        for name in ('native','direct','standalone','cli_checks'):
            text=(historical/(name+'.py')).read_text()
            text=text.replace('Path(__file__).resolve().parent',f'Path({str(historical)!r})')
            if name=='native':
                text=text.replace("a['outputs'][k]==v if name=='baseline'",f"a['outputs'][k]==v if name=='baseline' and k not in {names!r}")
            if name=='direct':
                text=text.replace("if name=='baseline' or not isinstance(v,(int,float)):",f"if (name=='baseline' and k not in {names!r}) or not isinstance(v,(int,float)):")
                text=text.replace("scalar[k]==v if name=='baseline'",f"scalar[k]==v if name=='baseline' and k not in {names!r}")
            driver=drivers/(name+'.py');driver.write_text(text)
            command=[str(ROOT/'.codex-test/run'),'bash','-c','export PYTHONPATH="$PWD:$STOP_PARSER_TEAX_ROOT/packages/teax-simkit" STUDY_REQUIRE_TEAX=1; exec .codex-test/run python "$@"','wi052',str(driver),str(destination)]
            result=subprocess.run(command,cwd=ROOT,capture_output=True,text=True)
            (destination/(name+'.log')).write_text(result.stdout+result.stderr)
>           assert result.returncode==0,f'{name} failed: {destination/(name+".log")}'
                   ^^^^^^^^^^^^^^^^^^^^
E           AssertionError: native failed: /tmp/pytest-of-reid/pytest-12321/wi0510/acceptance/native.log

work/active/WI-052_mfe-financial-rate-limits/implementation/current_regressions.py:54: AssertionError
______ ERROR at setup of test_retired_radius_refused[conflicting-native] _______

tmp_path_factory = TempPathFactory(_given_basetemp=None, _trace=<pluggy._tracing.TagTracerSub object at 0x7406e6b690a0>, _basetemp=PosixPath('/tmp/pytest-of-reid/pytest-12321'), _retention_count=3, _retention_policy='all')

    @pytest.fixture(scope='module')
    def acceptance(tmp_path_factory):
        current=ROOT/'work/active/WI-052_mfe-financial-rate-limits/implementation'
        spec=importlib.util.spec_from_file_location('wi052_current_regressions',current/'current_regressions.py')
        module=importlib.util.module_from_spec(spec);spec.loader.exec_module(module)
>       return module.radius_acceptance(tmp_path_factory.mktemp('wi051')/'acceptance',H)
               ^^^^^^^^^^^^^^^^^^^^^^^^^^^^^^^^^^^^^^^^^^^^^^^^^^^^^^^^^^^^^^^^^^^^^^^^^

tests/models/test_mfe_major_radius.py:101: 
_ _ _ _ _ _ _ _ _ _ _ _ _ _ _ _ _ _ _ _ _ _ _ _ _ _ _ _ _ _ _ _ _ _ _ _ _ _ _ _ 

destination = PosixPath('/tmp/pytest-of-reid/pytest-12321/wi0510/acceptance')
historical = PosixPath('/home/reid/1cfe/fusion-tea-codex-test/work/active/WI-051_mfe-model-owned-major-radius/implementation')

    def radius_acceptance(destination,historical):
        """Run kept radius scenarios with financial tolerance only on WI-052 channels.
    
        Temporary driver copies use the frozen fixtures by absolute path. Baseline
        physical values and structured reports remain exact; changed financial
        scalars have the same 1e-9 tolerance independently verified by WI-052.
        """
        destination=Path(destination);destination.mkdir()
        drivers=destination/'drivers';drivers.mkdir()
        finance=json.loads((HERE/'scalar-ledger.json').read_text())['live_ordinary']
        names={r['name'] for r in finance if r['classification']=='changed finance'}
        before=hashes(PRODUCTION)
        for name in ('native','direct','standalone','cli_checks'):
            text=(historical/(name+'.py')).read_text()
            text=text.replace('Path(__file__).resolve().parent',f'Path({str(historical)!r})')
            if name=='native':
                text=text.replace("a['outputs'][k]==v if name=='baseline'",f"a['outputs'][k]==v if name=='baseline' and k not in {names!r}")
            if name=='direct':
                text=text.replace("if name=='baseline' or not isinstance(v,(int,float)):",f"if (name=='baseline' and k not in {names!r}) or not isinstance(v,(int,float)):")
                text=text.replace("scalar[k]==v if name=='baseline'",f"scalar[k]==v if name=='baseline' and k not in {names!r}")
            driver=drivers/(name+'.py');driver.write_text(text)
            command=[str(ROOT/'.codex-test/run'),'bash','-c','export PYTHONPATH="$PWD:$STOP_PARSER_TEAX_ROOT/packages/teax-simkit" STUDY_REQUIRE_TEAX=1; exec .codex-test/run python "$@"','wi052',str(driver),str(destination)]
            result=subprocess.run(command,cwd=ROOT,capture_output=True,text=True)
            (destination/(name+'.log')).write_text(result.stdout+result.stderr)
>           assert result.returncode==0,f'{name} failed: {destination/(name+".log")}'
                   ^^^^^^^^^^^^^^^^^^^^
E           AssertionError: native failed: /tmp/pytest-of-reid/pytest-12321/wi0510/acceptance/native.log

work/active/WI-052_mfe-financial-rate-limits/implementation/current_regressions.py:54: AssertionError
______ ERROR at setup of test_retired_radius_refused[conflicting-schema] _______

tmp_path_factory = TempPathFactory(_given_basetemp=None, _trace=<pluggy._tracing.TagTracerSub object at 0x7406e6b690a0>, _basetemp=PosixPath('/tmp/pytest-of-reid/pytest-12321'), _retention_count=3, _retention_policy='all')

    @pytest.fixture(scope='module')
    def acceptance(tmp_path_factory):
        current=ROOT/'work/active/WI-052_mfe-financial-rate-limits/implementation'
        spec=importlib.util.spec_from_file_location('wi052_current_regressions',current/'current_regressions.py')
        module=importlib.util.module_from_spec(spec);spec.loader.exec_module(module)
>       return module.radius_acceptance(tmp_path_factory.mktemp('wi051')/'acceptance',H)
               ^^^^^^^^^^^^^^^^^^^^^^^^^^^^^^^^^^^^^^^^^^^^^^^^^^^^^^^^^^^^^^^^^^^^^^^^^

tests/models/test_mfe_major_radius.py:101: 
_ _ _ _ _ _ _ _ _ _ _ _ _ _ _ _ _ _ _ _ _ _ _ _ _ _ _ _ _ _ _ _ _ _ _ _ _ _ _ _ 

destination = PosixPath('/tmp/pytest-of-reid/pytest-12321/wi0510/acceptance')
historical = PosixPath('/home/reid/1cfe/fusion-tea-codex-test/work/active/WI-051_mfe-model-owned-major-radius/implementation')

    def radius_acceptance(destination,historical):
        """Run kept radius scenarios with financial tolerance only on WI-052 channels.
    
        Temporary driver copies use the frozen fixtures by absolute path. Baseline
        physical values and structured reports remain exact; changed financial
        scalars have the same 1e-9 tolerance independently verified by WI-052.
        """
        destination=Path(destination);destination.mkdir()
        drivers=destination/'drivers';drivers.mkdir()
        finance=json.loads((HERE/'scalar-ledger.json').read_text())['live_ordinary']
        names={r['name'] for r in finance if r['classification']=='changed finance'}
        before=hashes(PRODUCTION)
        for name in ('native','direct','standalone','cli_checks'):
            text=(historical/(name+'.py')).read_text()
            text=text.replace('Path(__file__).resolve().parent',f'Path({str(historical)!r})')
            if name=='native':
                text=text.replace("a['outputs'][k]==v if name=='baseline'",f"a['outputs'][k]==v if name=='baseline' and k not in {names!r}")
            if name=='direct':
                text=text.replace("if name=='baseline' or not isinstance(v,(int,float)):",f"if (name=='baseline' and k not in {names!r}) or not isinstance(v,(int,float)):")
                text=text.replace("scalar[k]==v if name=='baseline'",f"scalar[k]==v if name=='baseline' and k not in {names!r}")
            driver=drivers/(name+'.py');driver.write_text(text)
            command=[str(ROOT/'.codex-test/run'),'bash','-c','export PYTHONPATH="$PWD:$STOP_PARSER_TEAX_ROOT/packages/teax-simkit" STUDY_REQUIRE_TEAX=1; exec .codex-test/run python "$@"','wi052',str(driver),str(destination)]
            result=subprocess.run(command,cwd=ROOT,capture_output=True,text=True)
            (destination/(name+'.log')).write_text(result.stdout+result.stderr)
>           assert result.returncode==0,f'{name} failed: {destination/(name+".log")}'
                   ^^^^^^^^^^^^^^^^^^^^
E           AssertionError: native failed: /tmp/pytest-of-reid/pytest-12321/wi0510/acceptance/native.log

work/active/WI-052_mfe-financial-rate-limits/implementation/current_regressions.py:54: AssertionError
______ ERROR at setup of test_retired_radius_refused[conflicting-helper] _______

tmp_path_factory = TempPathFactory(_given_basetemp=None, _trace=<pluggy._tracing.TagTracerSub object at 0x7406e6b690a0>, _basetemp=PosixPath('/tmp/pytest-of-reid/pytest-12321'), _retention_count=3, _retention_policy='all')

    @pytest.fixture(scope='module')
    def acceptance(tmp_path_factory):
        current=ROOT/'work/active/WI-052_mfe-financial-rate-limits/implementation'
        spec=importlib.util.spec_from_file_location('wi052_current_regressions',current/'current_regressions.py')
        module=importlib.util.module_from_spec(spec);spec.loader.exec_module(module)
>       return module.radius_acceptance(tmp_path_factory.mktemp('wi051')/'acceptance',H)
               ^^^^^^^^^^^^^^^^^^^^^^^^^^^^^^^^^^^^^^^^^^^^^^^^^^^^^^^^^^^^^^^^^^^^^^^^^

tests/models/test_mfe_major_radius.py:101: 
_ _ _ _ _ _ _ _ _ _ _ _ _ _ _ _ _ _ _ _ _ _ _ _ _ _ _ _ _ _ _ _ _ _ _ _ _ _ _ _ 

destination = PosixPath('/tmp/pytest-of-reid/pytest-12321/wi0510/acceptance')
historical = PosixPath('/home/reid/1cfe/fusion-tea-codex-test/work/active/WI-051_mfe-model-owned-major-radius/implementation')

    def radius_acceptance(destination,historical):
        """Run kept radius scenarios with financial tolerance only on WI-052 channels.
    
        Temporary driver copies use the frozen fixtures by absolute path. Baseline
        physical values and structured reports remain exact; changed financial
        scalars have the same 1e-9 tolerance independently verified by WI-052.
        """
        destination=Path(destination);destination.mkdir()
        drivers=destination/'drivers';drivers.mkdir()
        finance=json.loads((HERE/'scalar-ledger.json').read_text())['live_ordinary']
        names={r['name'] for r in finance if r['classification']=='changed finance'}
        before=hashes(PRODUCTION)
        for name in ('native','direct','standalone','cli_checks'):
            text=(historical/(name+'.py')).read_text()
            text=text.replace('Path(__file__).resolve().parent',f'Path({str(historical)!r})')
            if name=='native':
                text=text.replace("a['outputs'][k]==v if name=='baseline'",f"a['outputs'][k]==v if name=='baseline' and k not in {names!r}")
            if name=='direct':
                text=text.replace("if name=='baseline' or not isinstance(v,(int,float)):",f"if (name=='baseline' and k not in {names!r}) or not isinstance(v,(int,float)):")
                text=text.replace("scalar[k]==v if name=='baseline'",f"scalar[k]==v if name=='baseline' and k not in {names!r}")
            driver=drivers/(name+'.py');driver.write_text(text)
            command=[str(ROOT/'.codex-test/run'),'bash','-c','export PYTHONPATH="$PWD:$STOP_PARSER_TEAX_ROOT/packages/teax-simkit" STUDY_REQUIRE_TEAX=1; exec .codex-test/run python "$@"','wi052',str(driver),str(destination)]
            result=subprocess.run(command,cwd=ROOT,capture_output=True,text=True)
            (destination/(name+'.log')).write_text(result.stdout+result.stderr)
>           assert result.returncode==0,f'{name} failed: {destination/(name+".log")}'
                   ^^^^^^^^^^^^^^^^^^^^
E           AssertionError: native failed: /tmp/pytest-of-reid/pytest-12321/wi0510/acceptance/native.log

work/active/WI-052_mfe-financial-rate-limits/implementation/current_regressions.py:54: AssertionError
______ ERROR at setup of test_retired_radius_refused[conflicting-single] _______

tmp_path_factory = TempPathFactory(_given_basetemp=None, _trace=<pluggy._tracing.TagTracerSub object at 0x7406e6b690a0>, _basetemp=PosixPath('/tmp/pytest-of-reid/pytest-12321'), _retention_count=3, _retention_policy='all')

    @pytest.fixture(scope='module')
    def acceptance(tmp_path_factory):
        current=ROOT/'work/active/WI-052_mfe-financial-rate-limits/implementation'
        spec=importlib.util.spec_from_file_location('wi052_current_regressions',current/'current_regressions.py')
        module=importlib.util.module_from_spec(spec);spec.loader.exec_module(module)
>       return module.radius_acceptance(tmp_path_factory.mktemp('wi051')/'acceptance',H)
               ^^^^^^^^^^^^^^^^^^^^^^^^^^^^^^^^^^^^^^^^^^^^^^^^^^^^^^^^^^^^^^^^^^^^^^^^^

tests/models/test_mfe_major_radius.py:101: 
_ _ _ _ _ _ _ _ _ _ _ _ _ _ _ _ _ _ _ _ _ _ _ _ _ _ _ _ _ _ _ _ _ _ _ _ _ _ _ _ 

destination = PosixPath('/tmp/pytest-of-reid/pytest-12321/wi0510/acceptance')
historical = PosixPath('/home/reid/1cfe/fusion-tea-codex-test/work/active/WI-051_mfe-model-owned-major-radius/implementation')

    def radius_acceptance(destination,historical):
        """Run kept radius scenarios with financial tolerance only on WI-052 channels.
    
        Temporary driver copies use the frozen fixtures by absolute path. Baseline
        physical values and structured reports remain exact; changed financial
        scalars have the same 1e-9 tolerance independently verified by WI-052.
        """
        destination=Path(destination);destination.mkdir()
        drivers=destination/'drivers';drivers.mkdir()
        finance=json.loads((HERE/'scalar-ledger.json').read_text())['live_ordinary']
        names={r['name'] for r in finance if r['classification']=='changed finance'}
        before=hashes(PRODUCTION)
        for name in ('native','direct','standalone','cli_checks'):
            text=(historical/(name+'.py')).read_text()
            text=text.replace('Path(__file__).resolve().parent',f'Path({str(historical)!r})')
            if name=='native':
                text=text.replace("a['outputs'][k]==v if name=='baseline'",f"a['outputs'][k]==v if name=='baseline' and k not in {names!r}")
            if name=='direct':
                text=text.replace("if name=='baseline' or not isinstance(v,(int,float)):",f"if (name=='baseline' and k not in {names!r}) or not isinstance(v,(int,float)):")
                text=text.replace("scalar[k]==v if name=='baseline'",f"scalar[k]==v if name=='baseline' and k not in {names!r}")
            driver=drivers/(name+'.py');driver.write_text(text)
            command=[str(ROOT/'.codex-test/run'),'bash','-c','export PYTHONPATH="$PWD:$STOP_PARSER_TEAX_ROOT/packages/teax-simkit" STUDY_REQUIRE_TEAX=1; exec .codex-test/run python "$@"','wi052',str(driver),str(destination)]
            result=subprocess.run(command,cwd=ROOT,capture_output=True,text=True)
            (destination/(name+'.log')).write_text(result.stdout+result.stderr)
>           assert result.returncode==0,f'{name} failed: {destination/(name+".log")}'
                   ^^^^^^^^^^^^^^^^^^^^
E           AssertionError: native failed: /tmp/pytest-of-reid/pytest-12321/wi0510/acceptance/native.log

work/active/WI-052_mfe-financial-rate-limits/implementation/current_regressions.py:54: AssertionError
________ ERROR at setup of test_retired_radius_refused[conflicting-cli] ________

tmp_path_factory = TempPathFactory(_given_basetemp=None, _trace=<pluggy._tracing.TagTracerSub object at 0x7406e6b690a0>, _basetemp=PosixPath('/tmp/pytest-of-reid/pytest-12321'), _retention_count=3, _retention_policy='all')

    @pytest.fixture(scope='module')
    def acceptance(tmp_path_factory):
        current=ROOT/'work/active/WI-052_mfe-financial-rate-limits/implementation'
        spec=importlib.util.spec_from_file_location('wi052_current_regressions',current/'current_regressions.py')
        module=importlib.util.module_from_spec(spec);spec.loader.exec_module(module)
>       return module.radius_acceptance(tmp_path_factory.mktemp('wi051')/'acceptance',H)
               ^^^^^^^^^^^^^^^^^^^^^^^^^^^^^^^^^^^^^^^^^^^^^^^^^^^^^^^^^^^^^^^^^^^^^^^^^

tests/models/test_mfe_major_radius.py:101: 
_ _ _ _ _ _ _ _ _ _ _ _ _ _ _ _ _ _ _ _ _ _ _ _ _ _ _ _ _ _ _ _ _ _ _ _ _ _ _ _ 

destination = PosixPath('/tmp/pytest-of-reid/pytest-12321/wi0510/acceptance')
historical = PosixPath('/home/reid/1cfe/fusion-tea-codex-test/work/active/WI-051_mfe-model-owned-major-radius/implementation')

    def radius_acceptance(destination,historical):
        """Run kept radius scenarios with financial tolerance only on WI-052 channels.
    
        Temporary driver copies use the frozen fixtures by absolute path. Baseline
        physical values and structured reports remain exact; changed financial
        scalars have the same 1e-9 tolerance independently verified by WI-052.
        """
        destination=Path(destination);destination.mkdir()
        drivers=destination/'drivers';drivers.mkdir()
        finance=json.loads((HERE/'scalar-ledger.json').read_text())['live_ordinary']
        names={r['name'] for r in finance if r['classification']=='changed finance'}
        before=hashes(PRODUCTION)
        for name in ('native','direct','standalone','cli_checks'):
            text=(historical/(name+'.py')).read_text()
            text=text.replace('Path(__file__).resolve().parent',f'Path({str(historical)!r})')
            if name=='native':
                text=text.replace("a['outputs'][k]==v if name=='baseline'",f"a['outputs'][k]==v if name=='baseline' and k not in {names!r}")
            if name=='direct':
                text=text.replace("if name=='baseline' or not isinstance(v,(int,float)):",f"if (name=='baseline' and k not in {names!r}) or not isinstance(v,(int,float)):")
                text=text.replace("scalar[k]==v if name=='baseline'",f"scalar[k]==v if name=='baseline' and k not in {names!r}")
            driver=drivers/(name+'.py');driver.write_text(text)
            command=[str(ROOT/'.codex-test/run'),'bash','-c','export PYTHONPATH="$PWD:$STOP_PARSER_TEAX_ROOT/packages/teax-simkit" STUDY_REQUIRE_TEAX=1; exec .codex-test/run python "$@"','wi052',str(driver),str(destination)]
            result=subprocess.run(command,cwd=ROOT,capture_output=True,text=True)
            (destination/(name+'.log')).write_text(result.stdout+result.stderr)
>           assert result.returncode==0,f'{name} failed: {destination/(name+".log")}'
                   ^^^^^^^^^^^^^^^^^^^^
E           AssertionError: native failed: /tmp/pytest-of-reid/pytest-12321/wi0510/acceptance/native.log

work/active/WI-052_mfe-financial-rate-limits/implementation/current_regressions.py:54: AssertionError
__________ ERROR at setup of test_retired_radius_refused[zero-native] __________

tmp_path_factory = TempPathFactory(_given_basetemp=None, _trace=<pluggy._tracing.TagTracerSub object at 0x7406e6b690a0>, _basetemp=PosixPath('/tmp/pytest-of-reid/pytest-12321'), _retention_count=3, _retention_policy='all')

    @pytest.fixture(scope='module')
    def acceptance(tmp_path_factory):
        current=ROOT/'work/active/WI-052_mfe-financial-rate-limits/implementation'
        spec=importlib.util.spec_from_file_location('wi052_current_regressions',current/'current_regressions.py')
        module=importlib.util.module_from_spec(spec);spec.loader.exec_module(module)
>       return module.radius_acceptance(tmp_path_factory.mktemp('wi051')/'acceptance',H)
               ^^^^^^^^^^^^^^^^^^^^^^^^^^^^^^^^^^^^^^^^^^^^^^^^^^^^^^^^^^^^^^^^^^^^^^^^^

tests/models/test_mfe_major_radius.py:101: 
_ _ _ _ _ _ _ _ _ _ _ _ _ _ _ _ _ _ _ _ _ _ _ _ _ _ _ _ _ _ _ _ _ _ _ _ _ _ _ _ 

destination = PosixPath('/tmp/pytest-of-reid/pytest-12321/wi0510/acceptance')
historical = PosixPath('/home/reid/1cfe/fusion-tea-codex-test/work/active/WI-051_mfe-model-owned-major-radius/implementation')

    def radius_acceptance(destination,historical):
        """Run kept radius scenarios with financial tolerance only on WI-052 channels.
    
        Temporary driver copies use the frozen fixtures by absolute path. Baseline
        physical values and structured reports remain exact; changed financial
        scalars have the same 1e-9 tolerance independently verified by WI-052.
        """
        destination=Path(destination);destination.mkdir()
        drivers=destination/'drivers';drivers.mkdir()
        finance=json.loads((HERE/'scalar-ledger.json').read_text())['live_ordinary']
        names={r['name'] for r in finance if r['classification']=='changed finance'}
        before=hashes(PRODUCTION)
        for name in ('native','direct','standalone','cli_checks'):
            text=(historical/(name+'.py')).read_text()
            text=text.replace('Path(__file__).resolve().parent',f'Path({str(historical)!r})')
            if name=='native':
                text=text.replace("a['outputs'][k]==v if name=='baseline'",f"a['outputs'][k]==v if name=='baseline' and k not in {names!r}")
            if name=='direct':
                text=text.replace("if name=='baseline' or not isinstance(v,(int,float)):",f"if (name=='baseline' and k not in {names!r}) or not isinstance(v,(int,float)):")
                text=text.replace("scalar[k]==v if name=='baseline'",f"scalar[k]==v if name=='baseline' and k not in {names!r}")
            driver=drivers/(name+'.py');driver.write_text(text)
            command=[str(ROOT/'.codex-test/run'),'bash','-c','export PYTHONPATH="$PWD:$STOP_PARSER_TEAX_ROOT/packages/teax-simkit" STUDY_REQUIRE_TEAX=1; exec .codex-test/run python "$@"','wi052',str(driver),str(destination)]
            result=subprocess.run(command,cwd=ROOT,capture_output=True,text=True)
            (destination/(name+'.log')).write_text(result.stdout+result.stderr)
>           assert result.returncode==0,f'{name} failed: {destination/(name+".log")}'
                   ^^^^^^^^^^^^^^^^^^^^
E           AssertionError: native failed: /tmp/pytest-of-reid/pytest-12321/wi0510/acceptance/native.log

work/active/WI-052_mfe-financial-rate-limits/implementation/current_regressions.py:54: AssertionError
__________ ERROR at setup of test_retired_radius_refused[zero-schema] __________

tmp_path_factory = TempPathFactory(_given_basetemp=None, _trace=<pluggy._tracing.TagTracerSub object at 0x7406e6b690a0>, _basetemp=PosixPath('/tmp/pytest-of-reid/pytest-12321'), _retention_count=3, _retention_policy='all')

    @pytest.fixture(scope='module')
    def acceptance(tmp_path_factory):
        current=ROOT/'work/active/WI-052_mfe-financial-rate-limits/implementation'
        spec=importlib.util.spec_from_file_location('wi052_current_regressions',current/'current_regressions.py')
        module=importlib.util.module_from_spec(spec);spec.loader.exec_module(module)
>       return module.radius_acceptance(tmp_path_factory.mktemp('wi051')/'acceptance',H)
               ^^^^^^^^^^^^^^^^^^^^^^^^^^^^^^^^^^^^^^^^^^^^^^^^^^^^^^^^^^^^^^^^^^^^^^^^^

tests/models/test_mfe_major_radius.py:101: 
_ _ _ _ _ _ _ _ _ _ _ _ _ _ _ _ _ _ _ _ _ _ _ _ _ _ _ _ _ _ _ _ _ _ _ _ _ _ _ _ 

destination = PosixPath('/tmp/pytest-of-reid/pytest-12321/wi0510/acceptance')
historical = PosixPath('/home/reid/1cfe/fusion-tea-codex-test/work/active/WI-051_mfe-model-owned-major-radius/implementation')

    def radius_acceptance(destination,historical):
        """Run kept radius scenarios with financial tolerance only on WI-052 channels.
    
        Temporary driver copies use the frozen fixtures by absolute path. Baseline
        physical values and structured reports remain exact; changed financial
        scalars have the same 1e-9 tolerance independently verified by WI-052.
        """
        destination=Path(destination);destination.mkdir()
        drivers=destination/'drivers';drivers.mkdir()
        finance=json.loads((HERE/'scalar-ledger.json').read_text())['live_ordinary']
        names={r['name'] for r in finance if r['classification']=='changed finance'}
        before=hashes(PRODUCTION)
        for name in ('native','direct','standalone','cli_checks'):
            text=(historical/(name+'.py')).read_text()
            text=text.replace('Path(__file__).resolve().parent',f'Path({str(historical)!r})')
            if name=='native':
                text=text.replace("a['outputs'][k]==v if name=='baseline'",f"a['outputs'][k]==v if name=='baseline' and k not in {names!r}")
            if name=='direct':
                text=text.replace("if name=='baseline' or not isinstance(v,(int,float)):",f"if (name=='baseline' and k not in {names!r}) or not isinstance(v,(int,float)):")
                text=text.replace("scalar[k]==v if name=='baseline'",f"scalar[k]==v if name=='baseline' and k not in {names!r}")
            driver=drivers/(name+'.py');driver.write_text(text)
            command=[str(ROOT/'.codex-test/run'),'bash','-c','export PYTHONPATH="$PWD:$STOP_PARSER_TEAX_ROOT/packages/teax-simkit" STUDY_REQUIRE_TEAX=1; exec .codex-test/run python "$@"','wi052',str(driver),str(destination)]
            result=subprocess.run(command,cwd=ROOT,capture_output=True,text=True)
            (destination/(name+'.log')).write_text(result.stdout+result.stderr)
>           assert result.returncode==0,f'{name} failed: {destination/(name+".log")}'
                   ^^^^^^^^^^^^^^^^^^^^
E           AssertionError: native failed: /tmp/pytest-of-reid/pytest-12321/wi0510/acceptance/native.log

work/active/WI-052_mfe-financial-rate-limits/implementation/current_regressions.py:54: AssertionError
__________ ERROR at setup of test_retired_radius_refused[zero-helper] __________

tmp_path_factory = TempPathFactory(_given_basetemp=None, _trace=<pluggy._tracing.TagTracerSub object at 0x7406e6b690a0>, _basetemp=PosixPath('/tmp/pytest-of-reid/pytest-12321'), _retention_count=3, _retention_policy='all')

    @pytest.fixture(scope='module')
    def acceptance(tmp_path_factory):
        current=ROOT/'work/active/WI-052_mfe-financial-rate-limits/implementation'
        spec=importlib.util.spec_from_file_location('wi052_current_regressions',current/'current_regressions.py')
        module=importlib.util.module_from_spec(spec);spec.loader.exec_module(module)
>       return module.radius_acceptance(tmp_path_factory.mktemp('wi051')/'acceptance',H)
               ^^^^^^^^^^^^^^^^^^^^^^^^^^^^^^^^^^^^^^^^^^^^^^^^^^^^^^^^^^^^^^^^^^^^^^^^^

tests/models/test_mfe_major_radius.py:101: 
_ _ _ _ _ _ _ _ _ _ _ _ _ _ _ _ _ _ _ _ _ _ _ _ _ _ _ _ _ _ _ _ _ _ _ _ _ _ _ _ 

destination = PosixPath('/tmp/pytest-of-reid/pytest-12321/wi0510/acceptance')
historical = PosixPath('/home/reid/1cfe/fusion-tea-codex-test/work/active/WI-051_mfe-model-owned-major-radius/implementation')

    def radius_acceptance(destination,historical):
        """Run kept radius scenarios with financial tolerance only on WI-052 channels.
    
        Temporary driver copies use the frozen fixtures by absolute path. Baseline
        physical values and structured reports remain exact; changed financial
        scalars have the same 1e-9 tolerance independently verified by WI-052.
        """
        destination=Path(destination);destination.mkdir()
        drivers=destination/'drivers';drivers.mkdir()
        finance=json.loads((HERE/'scalar-ledger.json').read_text())['live_ordinary']
        names={r['name'] for r in finance if r['classification']=='changed finance'}
        before=hashes(PRODUCTION)
        for name in ('native','direct','standalone','cli_checks'):
            text=(historical/(name+'.py')).read_text()
            text=text.replace('Path(__file__).resolve().parent',f'Path({str(historical)!r})')
            if name=='native':
                text=text.replace("a['outputs'][k]==v if name=='baseline'",f"a['outputs'][k]==v if name=='baseline' and k not in {names!r}")
            if name=='direct':
                text=text.replace("if name=='baseline' or not isinstance(v,(int,float)):",f"if (name=='baseline' and k not in {names!r}) or not isinstance(v,(int,float)):")
                text=text.replace("scalar[k]==v if name=='baseline'",f"scalar[k]==v if name=='baseline' and k not in {names!r}")
            driver=drivers/(name+'.py');driver.write_text(text)
            command=[str(ROOT/'.codex-test/run'),'bash','-c','export PYTHONPATH="$PWD:$STOP_PARSER_TEAX_ROOT/packages/teax-simkit" STUDY_REQUIRE_TEAX=1; exec .codex-test/run python "$@"','wi052',str(driver),str(destination)]
            result=subprocess.run(command,cwd=ROOT,capture_output=True,text=True)
            (destination/(name+'.log')).write_text(result.stdout+result.stderr)
>           assert result.returncode==0,f'{name} failed: {destination/(name+".log")}'
                   ^^^^^^^^^^^^^^^^^^^^
E           AssertionError: native failed: /tmp/pytest-of-reid/pytest-12321/wi0510/acceptance/native.log

work/active/WI-052_mfe-financial-rate-limits/implementation/current_regressions.py:54: AssertionError
__________ ERROR at setup of test_retired_radius_refused[zero-single] __________

tmp_path_factory = TempPathFactory(_given_basetemp=None, _trace=<pluggy._tracing.TagTracerSub object at 0x7406e6b690a0>, _basetemp=PosixPath('/tmp/pytest-of-reid/pytest-12321'), _retention_count=3, _retention_policy='all')

    @pytest.fixture(scope='module')
    def acceptance(tmp_path_factory):
        current=ROOT/'work/active/WI-052_mfe-financial-rate-limits/implementation'
        spec=importlib.util.spec_from_file_location('wi052_current_regressions',current/'current_regressions.py')
        module=importlib.util.module_from_spec(spec);spec.loader.exec_module(module)
>       return module.radius_acceptance(tmp_path_factory.mktemp('wi051')/'acceptance',H)
               ^^^^^^^^^^^^^^^^^^^^^^^^^^^^^^^^^^^^^^^^^^^^^^^^^^^^^^^^^^^^^^^^^^^^^^^^^

tests/models/test_mfe_major_radius.py:101: 
_ _ _ _ _ _ _ _ _ _ _ _ _ _ _ _ _ _ _ _ _ _ _ _ _ _ _ _ _ _ _ _ _ _ _ _ _ _ _ _ 

destination = PosixPath('/tmp/pytest-of-reid/pytest-12321/wi0510/acceptance')
historical = PosixPath('/home/reid/1cfe/fusion-tea-codex-test/work/active/WI-051_mfe-model-owned-major-radius/implementation')

    def radius_acceptance(destination,historical):
        """Run kept radius scenarios with financial tolerance only on WI-052 channels.
    
        Temporary driver copies use the frozen fixtures by absolute path. Baseline
        physical values and structured reports remain exact; changed financial
        scalars have the same 1e-9 tolerance independently verified by WI-052.
        """
        destination=Path(destination);destination.mkdir()
        drivers=destination/'drivers';drivers.mkdir()
        finance=json.loads((HERE/'scalar-ledger.json').read_text())['live_ordinary']
        names={r['name'] for r in finance if r['classification']=='changed finance'}
        before=hashes(PRODUCTION)
        for name in ('native','direct','standalone','cli_checks'):
            text=(historical/(name+'.py')).read_text()
            text=text.replace('Path(__file__).resolve().parent',f'Path({str(historical)!r})')
            if name=='native':
                text=text.replace("a['outputs'][k]==v if name=='baseline'",f"a['outputs'][k]==v if name=='baseline' and k not in {names!r}")
            if name=='direct':
                text=text.replace("if name=='baseline' or not isinstance(v,(int,float)):",f"if (name=='baseline' and k not in {names!r}) or not isinstance(v,(int,float)):")
                text=text.replace("scalar[k]==v if name=='baseline'",f"scalar[k]==v if name=='baseline' and k not in {names!r}")
            driver=drivers/(name+'.py');driver.write_text(text)
            command=[str(ROOT/'.codex-test/run'),'bash','-c','export PYTHONPATH="$PWD:$STOP_PARSER_TEAX_ROOT/packages/teax-simkit" STUDY_REQUIRE_TEAX=1; exec .codex-test/run python "$@"','wi052',str(driver),str(destination)]
            result=subprocess.run(command,cwd=ROOT,capture_output=True,text=True)
            (destination/(name+'.log')).write_text(result.stdout+result.stderr)
>           assert result.returncode==0,f'{name} failed: {destination/(name+".log")}'
                   ^^^^^^^^^^^^^^^^^^^^
E           AssertionError: native failed: /tmp/pytest-of-reid/pytest-12321/wi0510/acceptance/native.log

work/active/WI-052_mfe-financial-rate-limits/implementation/current_regressions.py:54: AssertionError
___________ ERROR at setup of test_retired_radius_refused[zero-cli] ____________

tmp_path_factory = TempPathFactory(_given_basetemp=None, _trace=<pluggy._tracing.TagTracerSub object at 0x7406e6b690a0>, _basetemp=PosixPath('/tmp/pytest-of-reid/pytest-12321'), _retention_count=3, _retention_policy='all')

    @pytest.fixture(scope='module')
    def acceptance(tmp_path_factory):
        current=ROOT/'work/active/WI-052_mfe-financial-rate-limits/implementation'
        spec=importlib.util.spec_from_file_location('wi052_current_regressions',current/'current_regressions.py')
        module=importlib.util.module_from_spec(spec);spec.loader.exec_module(module)
>       return module.radius_acceptance(tmp_path_factory.mktemp('wi051')/'acceptance',H)
               ^^^^^^^^^^^^^^^^^^^^^^^^^^^^^^^^^^^^^^^^^^^^^^^^^^^^^^^^^^^^^^^^^^^^^^^^^

tests/models/test_mfe_major_radius.py:101: 
_ _ _ _ _ _ _ _ _ _ _ _ _ _ _ _ _ _ _ _ _ _ _ _ _ _ _ _ _ _ _ _ _ _ _ _ _ _ _ _ 

destination = PosixPath('/tmp/pytest-of-reid/pytest-12321/wi0510/acceptance')
historical = PosixPath('/home/reid/1cfe/fusion-tea-codex-test/work/active/WI-051_mfe-model-owned-major-radius/implementation')

    def radius_acceptance(destination,historical):
        """Run kept radius scenarios with financial tolerance only on WI-052 channels.
    
        Temporary driver copies use the frozen fixtures by absolute path. Baseline
        physical values and structured reports remain exact; changed financial
        scalars have the same 1e-9 tolerance independently verified by WI-052.
        """
        destination=Path(destination);destination.mkdir()
        drivers=destination/'drivers';drivers.mkdir()
        finance=json.loads((HERE/'scalar-ledger.json').read_text())['live_ordinary']
        names={r['name'] for r in finance if r['classification']=='changed finance'}
        before=hashes(PRODUCTION)
        for name in ('native','direct','standalone','cli_checks'):
            text=(historical/(name+'.py')).read_text()
            text=text.replace('Path(__file__).resolve().parent',f'Path({str(historical)!r})')
            if name=='native':
                text=text.replace("a['outputs'][k]==v if name=='baseline'",f"a['outputs'][k]==v if name=='baseline' and k not in {names!r}")
            if name=='direct':
                text=text.replace("if name=='baseline' or not isinstance(v,(int,float)):",f"if (name=='baseline' and k not in {names!r}) or not isinstance(v,(int,float)):")
                text=text.replace("scalar[k]==v if name=='baseline'",f"scalar[k]==v if name=='baseline' and k not in {names!r}")
            driver=drivers/(name+'.py');driver.write_text(text)
            command=[str(ROOT/'.codex-test/run'),'bash','-c','export PYTHONPATH="$PWD:$STOP_PARSER_TEAX_ROOT/packages/teax-simkit" STUDY_REQUIRE_TEAX=1; exec .codex-test/run python "$@"','wi052',str(driver),str(destination)]
            result=subprocess.run(command,cwd=ROOT,capture_output=True,text=True)
            (destination/(name+'.log')).write_text(result.stdout+result.stderr)
>           assert result.returncode==0,f'{name} failed: {destination/(name+".log")}'
                   ^^^^^^^^^^^^^^^^^^^^
E           AssertionError: native failed: /tmp/pytest-of-reid/pytest-12321/wi0510/acceptance/native.log

work/active/WI-052_mfe-financial-rate-limits/implementation/current_regressions.py:54: AssertionError
_______ ERROR at setup of test_unified_invalid_radius_failure[R4-native] _______

tmp_path_factory = TempPathFactory(_given_basetemp=None, _trace=<pluggy._tracing.TagTracerSub object at 0x7406e6b690a0>, _basetemp=PosixPath('/tmp/pytest-of-reid/pytest-12321'), _retention_count=3, _retention_policy='all')

    @pytest.fixture(scope='module')
    def acceptance(tmp_path_factory):
        current=ROOT/'work/active/WI-052_mfe-financial-rate-limits/implementation'
        spec=importlib.util.spec_from_file_location('wi052_current_regressions',current/'current_regressions.py')
        module=importlib.util.module_from_spec(spec);spec.loader.exec_module(module)
>       return module.radius_acceptance(tmp_path_factory.mktemp('wi051')/'acceptance',H)
               ^^^^^^^^^^^^^^^^^^^^^^^^^^^^^^^^^^^^^^^^^^^^^^^^^^^^^^^^^^^^^^^^^^^^^^^^^

tests/models/test_mfe_major_radius.py:101: 
_ _ _ _ _ _ _ _ _ _ _ _ _ _ _ _ _ _ _ _ _ _ _ _ _ _ _ _ _ _ _ _ _ _ _ _ _ _ _ _ 

destination = PosixPath('/tmp/pytest-of-reid/pytest-12321/wi0510/acceptance')
historical = PosixPath('/home/reid/1cfe/fusion-tea-codex-test/work/active/WI-051_mfe-model-owned-major-radius/implementation')

    def radius_acceptance(destination,historical):
        """Run kept radius scenarios with financial tolerance only on WI-052 channels.
    
        Temporary driver copies use the frozen fixtures by absolute path. Baseline
        physical values and structured reports remain exact; changed financial
        scalars have the same 1e-9 tolerance independently verified by WI-052.
        """
        destination=Path(destination);destination.mkdir()
        drivers=destination/'drivers';drivers.mkdir()
        finance=json.loads((HERE/'scalar-ledger.json').read_text())['live_ordinary']
        names={r['name'] for r in finance if r['classification']=='changed finance'}
        before=hashes(PRODUCTION)
        for name in ('native','direct','standalone','cli_checks'):
            text=(historical/(name+'.py')).read_text()
            text=text.replace('Path(__file__).resolve().parent',f'Path({str(historical)!r})')
            if name=='native':
                text=text.replace("a['outputs'][k]==v if name=='baseline'",f"a['outputs'][k]==v if name=='baseline' and k not in {names!r}")
            if name=='direct':
                text=text.replace("if name=='baseline' or not isinstance(v,(int,float)):",f"if (name=='baseline' and k not in {names!r}) or not isinstance(v,(int,float)):")
                text=text.replace("scalar[k]==v if name=='baseline'",f"scalar[k]==v if name=='baseline' and k not in {names!r}")
            driver=drivers/(name+'.py');driver.write_text(text)
            command=[str(ROOT/'.codex-test/run'),'bash','-c','export PYTHONPATH="$PWD:$STOP_PARSER_TEAX_ROOT/packages/teax-simkit" STUDY_REQUIRE_TEAX=1; exec .codex-test/run python "$@"','wi052',str(driver),str(destination)]
            result=subprocess.run(command,cwd=ROOT,capture_output=True,text=True)
            (destination/(name+'.log')).write_text(result.stdout+result.stderr)
>           assert result.returncode==0,f'{name} failed: {destination/(name+".log")}'
                   ^^^^^^^^^^^^^^^^^^^^
E           AssertionError: native failed: /tmp/pytest-of-reid/pytest-12321/wi0510/acceptance/native.log

work/active/WI-052_mfe-financial-rate-limits/implementation/current_regressions.py:54: AssertionError
_______ ERROR at setup of test_unified_invalid_radius_failure[R4-helper] _______

tmp_path_factory = TempPathFactory(_given_basetemp=None, _trace=<pluggy._tracing.TagTracerSub object at 0x7406e6b690a0>, _basetemp=PosixPath('/tmp/pytest-of-reid/pytest-12321'), _retention_count=3, _retention_policy='all')

    @pytest.fixture(scope='module')
    def acceptance(tmp_path_factory):
        current=ROOT/'work/active/WI-052_mfe-financial-rate-limits/implementation'
        spec=importlib.util.spec_from_file_location('wi052_current_regressions',current/'current_regressions.py')
        module=importlib.util.module_from_spec(spec);spec.loader.exec_module(module)
>       return module.radius_acceptance(tmp_path_factory.mktemp('wi051')/'acceptance',H)
               ^^^^^^^^^^^^^^^^^^^^^^^^^^^^^^^^^^^^^^^^^^^^^^^^^^^^^^^^^^^^^^^^^^^^^^^^^

tests/models/test_mfe_major_radius.py:101: 
_ _ _ _ _ _ _ _ _ _ _ _ _ _ _ _ _ _ _ _ _ _ _ _ _ _ _ _ _ _ _ _ _ _ _ _ _ _ _ _ 

destination = PosixPath('/tmp/pytest-of-reid/pytest-12321/wi0510/acceptance')
historical = PosixPath('/home/reid/1cfe/fusion-tea-codex-test/work/active/WI-051_mfe-model-owned-major-radius/implementation')

    def radius_acceptance(destination,historical):
        """Run kept radius scenarios with financial tolerance only on WI-052 channels.
    
        Temporary driver copies use the frozen fixtures by absolute path. Baseline
        physical values and structured reports remain exact; changed financial
        scalars have the same 1e-9 tolerance independently verified by WI-052.
        """
        destination=Path(destination);destination.mkdir()
        drivers=destination/'drivers';drivers.mkdir()
        finance=json.loads((HERE/'scalar-ledger.json').read_text())['live_ordinary']
        names={r['name'] for r in finance if r['classification']=='changed finance'}
        before=hashes(PRODUCTION)
        for name in ('native','direct','standalone','cli_checks'):
            text=(historical/(name+'.py')).read_text()
            text=text.replace('Path(__file__).resolve().parent',f'Path({str(historical)!r})')
            if name=='native':
                text=text.replace("a['outputs'][k]==v if name=='baseline'",f"a['outputs'][k]==v if name=='baseline' and k not in {names!r}")
            if name=='direct':
                text=text.replace("if name=='baseline' or not isinstance(v,(int,float)):",f"if (name=='baseline' and k not in {names!r}) or not isinstance(v,(int,float)):")
                text=text.replace("scalar[k]==v if name=='baseline'",f"scalar[k]==v if name=='baseline' and k not in {names!r}")
            driver=drivers/(name+'.py');driver.write_text(text)
            command=[str(ROOT/'.codex-test/run'),'bash','-c','export PYTHONPATH="$PWD:$STOP_PARSER_TEAX_ROOT/packages/teax-simkit" STUDY_REQUIRE_TEAX=1; exec .codex-test/run python "$@"','wi052',str(driver),str(destination)]
            result=subprocess.run(command,cwd=ROOT,capture_output=True,text=True)
            (destination/(name+'.log')).write_text(result.stdout+result.stderr)
>           assert result.returncode==0,f'{name} failed: {destination/(name+".log")}'
                   ^^^^^^^^^^^^^^^^^^^^
E           AssertionError: native failed: /tmp/pytest-of-reid/pytest-12321/wi0510/acceptance/native.log

work/active/WI-052_mfe-financial-rate-limits/implementation/current_regressions.py:54: AssertionError
_______ ERROR at setup of test_unified_invalid_radius_failure[R4-single] _______

tmp_path_factory = TempPathFactory(_given_basetemp=None, _trace=<pluggy._tracing.TagTracerSub object at 0x7406e6b690a0>, _basetemp=PosixPath('/tmp/pytest-of-reid/pytest-12321'), _retention_count=3, _retention_policy='all')

    @pytest.fixture(scope='module')
    def acceptance(tmp_path_factory):
        current=ROOT/'work/active/WI-052_mfe-financial-rate-limits/implementation'
        spec=importlib.util.spec_from_file_location('wi052_current_regressions',current/'current_regressions.py')
        module=importlib.util.module_from_spec(spec);spec.loader.exec_module(module)
>       return module.radius_acceptance(tmp_path_factory.mktemp('wi051')/'acceptance',H)
               ^^^^^^^^^^^^^^^^^^^^^^^^^^^^^^^^^^^^^^^^^^^^^^^^^^^^^^^^^^^^^^^^^^^^^^^^^

tests/models/test_mfe_major_radius.py:101: 
_ _ _ _ _ _ _ _ _ _ _ _ _ _ _ _ _ _ _ _ _ _ _ _ _ _ _ _ _ _ _ _ _ _ _ _ _ _ _ _ 

destination = PosixPath('/tmp/pytest-of-reid/pytest-12321/wi0510/acceptance')
historical = PosixPath('/home/reid/1cfe/fusion-tea-codex-test/work/active/WI-051_mfe-model-owned-major-radius/implementation')

    def radius_acceptance(destination,historical):
        """Run kept radius scenarios with financial tolerance only on WI-052 channels.
    
        Temporary driver copies use the frozen fixtures by absolute path. Baseline
        physical values and structured reports remain exact; changed financial
        scalars have the same 1e-9 tolerance independently verified by WI-052.
        """
        destination=Path(destination);destination.mkdir()
        drivers=destination/'drivers';drivers.mkdir()
        finance=json.loads((HERE/'scalar-ledger.json').read_text())['live_ordinary']
        names={r['name'] for r in finance if r['classification']=='changed finance'}
        before=hashes(PRODUCTION)
        for name in ('native','direct','standalone','cli_checks'):
            text=(historical/(name+'.py')).read_text()
            text=text.replace('Path(__file__).resolve().parent',f'Path({str(historical)!r})')
            if name=='native':
                text=text.replace("a['outputs'][k]==v if name=='baseline'",f"a['outputs'][k]==v if name=='baseline' and k not in {names!r}")
            if name=='direct':
                text=text.replace("if name=='baseline' or not isinstance(v,(int,float)):",f"if (name=='baseline' and k not in {names!r}) or not isinstance(v,(int,float)):")
                text=text.replace("scalar[k]==v if name=='baseline'",f"scalar[k]==v if name=='baseline' and k not in {names!r}")
            driver=drivers/(name+'.py');driver.write_text(text)
            command=[str(ROOT/'.codex-test/run'),'bash','-c','export PYTHONPATH="$PWD:$STOP_PARSER_TEAX_ROOT/packages/teax-simkit" STUDY_REQUIRE_TEAX=1; exec .codex-test/run python "$@"','wi052',str(driver),str(destination)]
            result=subprocess.run(command,cwd=ROOT,capture_output=True,text=True)
            (destination/(name+'.log')).write_text(result.stdout+result.stderr)
>           assert result.returncode==0,f'{name} failed: {destination/(name+".log")}'
                   ^^^^^^^^^^^^^^^^^^^^
E           AssertionError: native failed: /tmp/pytest-of-reid/pytest-12321/wi0510/acceptance/native.log

work/active/WI-052_mfe-financial-rate-limits/implementation/current_regressions.py:54: AssertionError
__ ERROR at setup of test_unified_invalid_radius_failure[coil-centre-native] ___

tmp_path_factory = TempPathFactory(_given_basetemp=None, _trace=<pluggy._tracing.TagTracerSub object at 0x7406e6b690a0>, _basetemp=PosixPath('/tmp/pytest-of-reid/pytest-12321'), _retention_count=3, _retention_policy='all')

    @pytest.fixture(scope='module')
    def acceptance(tmp_path_factory):
        current=ROOT/'work/active/WI-052_mfe-financial-rate-limits/implementation'
        spec=importlib.util.spec_from_file_location('wi052_current_regressions',current/'current_regressions.py')
        module=importlib.util.module_from_spec(spec);spec.loader.exec_module(module)
>       return module.radius_acceptance(tmp_path_factory.mktemp('wi051')/'acceptance',H)
               ^^^^^^^^^^^^^^^^^^^^^^^^^^^^^^^^^^^^^^^^^^^^^^^^^^^^^^^^^^^^^^^^^^^^^^^^^

tests/models/test_mfe_major_radius.py:101: 
_ _ _ _ _ _ _ _ _ _ _ _ _ _ _ _ _ _ _ _ _ _ _ _ _ _ _ _ _ _ _ _ _ _ _ _ _ _ _ _ 

destination = PosixPath('/tmp/pytest-of-reid/pytest-12321/wi0510/acceptance')
historical = PosixPath('/home/reid/1cfe/fusion-tea-codex-test/work/active/WI-051_mfe-model-owned-major-radius/implementation')

    def radius_acceptance(destination,historical):
        """Run kept radius scenarios with financial tolerance only on WI-052 channels.
    
        Temporary driver copies use the frozen fixtures by absolute path. Baseline
        physical values and structured reports remain exact; changed financial
        scalars have the same 1e-9 tolerance independently verified by WI-052.
        """
        destination=Path(destination);destination.mkdir()
        drivers=destination/'drivers';drivers.mkdir()
        finance=json.loads((HERE/'scalar-ledger.json').read_text())['live_ordinary']
        names={r['name'] for r in finance if r['classification']=='changed finance'}
        before=hashes(PRODUCTION)
        for name in ('native','direct','standalone','cli_checks'):
            text=(historical/(name+'.py')).read_text()
            text=text.replace('Path(__file__).resolve().parent',f'Path({str(historical)!r})')
            if name=='native':
                text=text.replace("a['outputs'][k]==v if name=='baseline'",f"a['outputs'][k]==v if name=='baseline' and k not in {names!r}")
            if name=='direct':
                text=text.replace("if name=='baseline' or not isinstance(v,(int,float)):",f"if (name=='baseline' and k not in {names!r}) or not isinstance(v,(int,float)):")
                text=text.replace("scalar[k]==v if name=='baseline'",f"scalar[k]==v if name=='baseline' and k not in {names!r}")
            driver=drivers/(name+'.py');driver.write_text(text)
            command=[str(ROOT/'.codex-test/run'),'bash','-c','export PYTHONPATH="$PWD:$STOP_PARSER_TEAX_ROOT/packages/teax-simkit" STUDY_REQUIRE_TEAX=1; exec .codex-test/run python "$@"','wi052',str(driver),str(destination)]
            result=subprocess.run(command,cwd=ROOT,capture_output=True,text=True)
            (destination/(name+'.log')).write_text(result.stdout+result.stderr)
>           assert result.returncode==0,f'{name} failed: {destination/(name+".log")}'
                   ^^^^^^^^^^^^^^^^^^^^
E           AssertionError: native failed: /tmp/pytest-of-reid/pytest-12321/wi0510/acceptance/native.log

work/active/WI-052_mfe-financial-rate-limits/implementation/current_regressions.py:54: AssertionError
__ ERROR at setup of test_unified_invalid_radius_failure[coil-centre-helper] ___

tmp_path_factory = TempPathFactory(_given_basetemp=None, _trace=<pluggy._tracing.TagTracerSub object at 0x7406e6b690a0>, _basetemp=PosixPath('/tmp/pytest-of-reid/pytest-12321'), _retention_count=3, _retention_policy='all')

    @pytest.fixture(scope='module')
    def acceptance(tmp_path_factory):
        current=ROOT/'work/active/WI-052_mfe-financial-rate-limits/implementation'
        spec=importlib.util.spec_from_file_location('wi052_current_regressions',current/'current_regressions.py')
        module=importlib.util.module_from_spec(spec);spec.loader.exec_module(module)
>       return module.radius_acceptance(tmp_path_factory.mktemp('wi051')/'acceptance',H)
               ^^^^^^^^^^^^^^^^^^^^^^^^^^^^^^^^^^^^^^^^^^^^^^^^^^^^^^^^^^^^^^^^^^^^^^^^^

tests/models/test_mfe_major_radius.py:101: 
_ _ _ _ _ _ _ _ _ _ _ _ _ _ _ _ _ _ _ _ _ _ _ _ _ _ _ _ _ _ _ _ _ _ _ _ _ _ _ _ 

destination = PosixPath('/tmp/pytest-of-reid/pytest-12321/wi0510/acceptance')
historical = PosixPath('/home/reid/1cfe/fusion-tea-codex-test/work/active/WI-051_mfe-model-owned-major-radius/implementation')

    def radius_acceptance(destination,historical):
        """Run kept radius scenarios with financial tolerance only on WI-052 channels.
    
        Temporary driver copies use the frozen fixtures by absolute path. Baseline
        physical values and structured reports remain exact; changed financial
        scalars have the same 1e-9 tolerance independently verified by WI-052.
        """
        destination=Path(destination);destination.mkdir()
        drivers=destination/'drivers';drivers.mkdir()
        finance=json.loads((HERE/'scalar-ledger.json').read_text())['live_ordinary']
        names={r['name'] for r in finance if r['classification']=='changed finance'}
        before=hashes(PRODUCTION)
        for name in ('native','direct','standalone','cli_checks'):
            text=(historical/(name+'.py')).read_text()
            text=text.replace('Path(__file__).resolve().parent',f'Path({str(historical)!r})')
            if name=='native':
                text=text.replace("a['outputs'][k]==v if name=='baseline'",f"a['outputs'][k]==v if name=='baseline' and k not in {names!r}")
            if name=='direct':
                text=text.replace("if name=='baseline' or not isinstance(v,(int,float)):",f"if (name=='baseline' and k not in {names!r}) or not isinstance(v,(int,float)):")
                text=text.replace("scalar[k]==v if name=='baseline'",f"scalar[k]==v if name=='baseline' and k not in {names!r}")
            driver=drivers/(name+'.py');driver.write_text(text)
            command=[str(ROOT/'.codex-test/run'),'bash','-c','export PYTHONPATH="$PWD:$STOP_PARSER_TEAX_ROOT/packages/teax-simkit" STUDY_REQUIRE_TEAX=1; exec .codex-test/run python "$@"','wi052',str(driver),str(destination)]
            result=subprocess.run(command,cwd=ROOT,capture_output=True,text=True)
            (destination/(name+'.log')).write_text(result.stdout+result.stderr)
>           assert result.returncode==0,f'{name} failed: {destination/(name+".log")}'
                   ^^^^^^^^^^^^^^^^^^^^
E           AssertionError: native failed: /tmp/pytest-of-reid/pytest-12321/wi0510/acceptance/native.log

work/active/WI-052_mfe-financial-rate-limits/implementation/current_regressions.py:54: AssertionError
__ ERROR at setup of test_unified_invalid_radius_failure[coil-centre-single] ___

tmp_path_factory = TempPathFactory(_given_basetemp=None, _trace=<pluggy._tracing.TagTracerSub object at 0x7406e6b690a0>, _basetemp=PosixPath('/tmp/pytest-of-reid/pytest-12321'), _retention_count=3, _retention_policy='all')

    @pytest.fixture(scope='module')
    def acceptance(tmp_path_factory):
        current=ROOT/'work/active/WI-052_mfe-financial-rate-limits/implementation'
        spec=importlib.util.spec_from_file_location('wi052_current_regressions',current/'current_regressions.py')
        module=importlib.util.module_from_spec(spec);spec.loader.exec_module(module)
>       return module.radius_acceptance(tmp_path_factory.mktemp('wi051')/'acceptance',H)
               ^^^^^^^^^^^^^^^^^^^^^^^^^^^^^^^^^^^^^^^^^^^^^^^^^^^^^^^^^^^^^^^^^^^^^^^^^

tests/models/test_mfe_major_radius.py:101: 
_ _ _ _ _ _ _ _ _ _ _ _ _ _ _ _ _ _ _ _ _ _ _ _ _ _ _ _ _ _ _ _ _ _ _ _ _ _ _ _ 

destination = PosixPath('/tmp/pytest-of-reid/pytest-12321/wi0510/acceptance')
historical = PosixPath('/home/reid/1cfe/fusion-tea-codex-test/work/active/WI-051_mfe-model-owned-major-radius/implementation')

    def radius_acceptance(destination,historical):
        """Run kept radius scenarios with financial tolerance only on WI-052 channels.
    
        Temporary driver copies use the frozen fixtures by absolute path. Baseline
        physical values and structured reports remain exact; changed financial
        scalars have the same 1e-9 tolerance independently verified by WI-052.
        """
        destination=Path(destination);destination.mkdir()
        drivers=destination/'drivers';drivers.mkdir()
        finance=json.loads((HERE/'scalar-ledger.json').read_text())['live_ordinary']
        names={r['name'] for r in finance if r['classification']=='changed finance'}
        before=hashes(PRODUCTION)
        for name in ('native','direct','standalone','cli_checks'):
            text=(historical/(name+'.py')).read_text()
            text=text.replace('Path(__file__).resolve().parent',f'Path({str(historical)!r})')
            if name=='native':
                text=text.replace("a['outputs'][k]==v if name=='baseline'",f"a['outputs'][k]==v if name=='baseline' and k not in {names!r}")
            if name=='direct':
                text=text.replace("if name=='baseline' or not isinstance(v,(int,float)):",f"if (name=='baseline' and k not in {names!r}) or not isinstance(v,(int,float)):")
                text=text.replace("scalar[k]==v if name=='baseline'",f"scalar[k]==v if name=='baseline' and k not in {names!r}")
            driver=drivers/(name+'.py');driver.write_text(text)
            command=[str(ROOT/'.codex-test/run'),'bash','-c','export PYTHONPATH="$PWD:$STOP_PARSER_TEAX_ROOT/packages/teax-simkit" STUDY_REQUIRE_TEAX=1; exec .codex-test/run python "$@"','wi052',str(driver),str(destination)]
            result=subprocess.run(command,cwd=ROOT,capture_output=True,text=True)
            (destination/(name+'.log')).write_text(result.stdout+result.stderr)
>           assert result.returncode==0,f'{name} failed: {destination/(name+".log")}'
                   ^^^^^^^^^^^^^^^^^^^^
E           AssertionError: native failed: /tmp/pytest-of-reid/pytest-12321/wi0510/acceptance/native.log

work/active/WI-052_mfe-financial-rate-limits/implementation/current_regressions.py:54: AssertionError
_______ ERROR at setup of test_unified_invalid_radius_failure[R3-native] _______

tmp_path_factory = TempPathFactory(_given_basetemp=None, _trace=<pluggy._tracing.TagTracerSub object at 0x7406e6b690a0>, _basetemp=PosixPath('/tmp/pytest-of-reid/pytest-12321'), _retention_count=3, _retention_policy='all')

    @pytest.fixture(scope='module')
    def acceptance(tmp_path_factory):
        current=ROOT/'work/active/WI-052_mfe-financial-rate-limits/implementation'
        spec=importlib.util.spec_from_file_location('wi052_current_regressions',current/'current_regressions.py')
        module=importlib.util.module_from_spec(spec);spec.loader.exec_module(module)
>       return module.radius_acceptance(tmp_path_factory.mktemp('wi051')/'acceptance',H)
               ^^^^^^^^^^^^^^^^^^^^^^^^^^^^^^^^^^^^^^^^^^^^^^^^^^^^^^^^^^^^^^^^^^^^^^^^^

tests/models/test_mfe_major_radius.py:101: 
_ _ _ _ _ _ _ _ _ _ _ _ _ _ _ _ _ _ _ _ _ _ _ _ _ _ _ _ _ _ _ _ _ _ _ _ _ _ _ _ 

destination = PosixPath('/tmp/pytest-of-reid/pytest-12321/wi0510/acceptance')
historical = PosixPath('/home/reid/1cfe/fusion-tea-codex-test/work/active/WI-051_mfe-model-owned-major-radius/implementation')

    def radius_acceptance(destination,historical):
        """Run kept radius scenarios with financial tolerance only on WI-052 channels.
    
        Temporary driver copies use the frozen fixtures by absolute path. Baseline
        physical values and structured reports remain exact; changed financial
        scalars have the same 1e-9 tolerance independently verified by WI-052.
        """
        destination=Path(destination);destination.mkdir()
        drivers=destination/'drivers';drivers.mkdir()
        finance=json.loads((HERE/'scalar-ledger.json').read_text())['live_ordinary']
        names={r['name'] for r in finance if r['classification']=='changed finance'}
        before=hashes(PRODUCTION)
        for name in ('native','direct','standalone','cli_checks'):
            text=(historical/(name+'.py')).read_text()
            text=text.replace('Path(__file__).resolve().parent',f'Path({str(historical)!r})')
            if name=='native':
                text=text.replace("a['outputs'][k]==v if name=='baseline'",f"a['outputs'][k]==v if name=='baseline' and k not in {names!r}")
            if name=='direct':
                text=text.replace("if name=='baseline' or not isinstance(v,(int,float)):",f"if (name=='baseline' and k not in {names!r}) or not isinstance(v,(int,float)):")
                text=text.replace("scalar[k]==v if name=='baseline'",f"scalar[k]==v if name=='baseline' and k not in {names!r}")
            driver=drivers/(name+'.py');driver.write_text(text)
            command=[str(ROOT/'.codex-test/run'),'bash','-c','export PYTHONPATH="$PWD:$STOP_PARSER_TEAX_ROOT/packages/teax-simkit" STUDY_REQUIRE_TEAX=1; exec .codex-test/run python "$@"','wi052',str(driver),str(destination)]
            result=subprocess.run(command,cwd=ROOT,capture_output=True,text=True)
            (destination/(name+'.log')).write_text(result.stdout+result.stderr)
>           assert result.returncode==0,f'{name} failed: {destination/(name+".log")}'
                   ^^^^^^^^^^^^^^^^^^^^
E           AssertionError: native failed: /tmp/pytest-of-reid/pytest-12321/wi0510/acceptance/native.log

work/active/WI-052_mfe-financial-rate-limits/implementation/current_regressions.py:54: AssertionError
_______ ERROR at setup of test_unified_invalid_radius_failure[R3-helper] _______

tmp_path_factory = TempPathFactory(_given_basetemp=None, _trace=<pluggy._tracing.TagTracerSub object at 0x7406e6b690a0>, _basetemp=PosixPath('/tmp/pytest-of-reid/pytest-12321'), _retention_count=3, _retention_policy='all')

    @pytest.fixture(scope='module')
    def acceptance(tmp_path_factory):
        current=ROOT/'work/active/WI-052_mfe-financial-rate-limits/implementation'
        spec=importlib.util.spec_from_file_location('wi052_current_regressions',current/'current_regressions.py')
        module=importlib.util.module_from_spec(spec);spec.loader.exec_module(module)
>       return module.radius_acceptance(tmp_path_factory.mktemp('wi051')/'acceptance',H)
               ^^^^^^^^^^^^^^^^^^^^^^^^^^^^^^^^^^^^^^^^^^^^^^^^^^^^^^^^^^^^^^^^^^^^^^^^^

tests/models/test_mfe_major_radius.py:101: 
_ _ _ _ _ _ _ _ _ _ _ _ _ _ _ _ _ _ _ _ _ _ _ _ _ _ _ _ _ _ _ _ _ _ _ _ _ _ _ _ 

destination = PosixPath('/tmp/pytest-of-reid/pytest-12321/wi0510/acceptance')
historical = PosixPath('/home/reid/1cfe/fusion-tea-codex-test/work/active/WI-051_mfe-model-owned-major-radius/implementation')

    def radius_acceptance(destination,historical):
        """Run kept radius scenarios with financial tolerance only on WI-052 channels.
    
        Temporary driver copies use the frozen fixtures by absolute path. Baseline
        physical values and structured reports remain exact; changed financial
        scalars have the same 1e-9 tolerance independently verified by WI-052.
        """
        destination=Path(destination);destination.mkdir()
        drivers=destination/'drivers';drivers.mkdir()
        finance=json.loads((HERE/'scalar-ledger.json').read_text())['live_ordinary']
        names={r['name'] for r in finance if r['classification']=='changed finance'}
        before=hashes(PRODUCTION)
        for name in ('native','direct','standalone','cli_checks'):
            text=(historical/(name+'.py')).read_text()
            text=text.replace('Path(__file__).resolve().parent',f'Path({str(historical)!r})')
            if name=='native':
                text=text.replace("a['outputs'][k]==v if name=='baseline'",f"a['outputs'][k]==v if name=='baseline' and k not in {names!r}")
            if name=='direct':
                text=text.replace("if name=='baseline' or not isinstance(v,(int,float)):",f"if (name=='baseline' and k not in {names!r}) or not isinstance(v,(int,float)):")
                text=text.replace("scalar[k]==v if name=='baseline'",f"scalar[k]==v if name=='baseline' and k not in {names!r}")
            driver=drivers/(name+'.py');driver.write_text(text)
            command=[str(ROOT/'.codex-test/run'),'bash','-c','export PYTHONPATH="$PWD:$STOP_PARSER_TEAX_ROOT/packages/teax-simkit" STUDY_REQUIRE_TEAX=1; exec .codex-test/run python "$@"','wi052',str(driver),str(destination)]
            result=subprocess.run(command,cwd=ROOT,capture_output=True,text=True)
            (destination/(name+'.log')).write_text(result.stdout+result.stderr)
>           assert result.returncode==0,f'{name} failed: {destination/(name+".log")}'
                   ^^^^^^^^^^^^^^^^^^^^
E           AssertionError: native failed: /tmp/pytest-of-reid/pytest-12321/wi0510/acceptance/native.log

work/active/WI-052_mfe-financial-rate-limits/implementation/current_regressions.py:54: AssertionError
_______ ERROR at setup of test_unified_invalid_radius_failure[R3-single] _______

tmp_path_factory = TempPathFactory(_given_basetemp=None, _trace=<pluggy._tracing.TagTracerSub object at 0x7406e6b690a0>, _basetemp=PosixPath('/tmp/pytest-of-reid/pytest-12321'), _retention_count=3, _retention_policy='all')

    @pytest.fixture(scope='module')
    def acceptance(tmp_path_factory):
        current=ROOT/'work/active/WI-052_mfe-financial-rate-limits/implementation'
        spec=importlib.util.spec_from_file_location('wi052_current_regressions',current/'current_regressions.py')
        module=importlib.util.module_from_spec(spec);spec.loader.exec_module(module)
>       return module.radius_acceptance(tmp_path_factory.mktemp('wi051')/'acceptance',H)
               ^^^^^^^^^^^^^^^^^^^^^^^^^^^^^^^^^^^^^^^^^^^^^^^^^^^^^^^^^^^^^^^^^^^^^^^^^

tests/models/test_mfe_major_radius.py:101: 
_ _ _ _ _ _ _ _ _ _ _ _ _ _ _ _ _ _ _ _ _ _ _ _ _ _ _ _ _ _ _ _ _ _ _ _ _ _ _ _ 

destination = PosixPath('/tmp/pytest-of-reid/pytest-12321/wi0510/acceptance')
historical = PosixPath('/home/reid/1cfe/fusion-tea-codex-test/work/active/WI-051_mfe-model-owned-major-radius/implementation')

    def radius_acceptance(destination,historical):
        """Run kept radius scenarios with financial tolerance only on WI-052 channels.
    
        Temporary driver copies use the frozen fixtures by absolute path. Baseline
        physical values and structured reports remain exact; changed financial
        scalars have the same 1e-9 tolerance independently verified by WI-052.
        """
        destination=Path(destination);destination.mkdir()
        drivers=destination/'drivers';drivers.mkdir()
        finance=json.loads((HERE/'scalar-ledger.json').read_text())['live_ordinary']
        names={r['name'] for r in finance if r['classification']=='changed finance'}
        before=hashes(PRODUCTION)
        for name in ('native','direct','standalone','cli_checks'):
            text=(historical/(name+'.py')).read_text()
            text=text.replace('Path(__file__).resolve().parent',f'Path({str(historical)!r})')
            if name=='native':
                text=text.replace("a['outputs'][k]==v if name=='baseline'",f"a['outputs'][k]==v if name=='baseline' and k not in {names!r}")
            if name=='direct':
                text=text.replace("if name=='baseline' or not isinstance(v,(int,float)):",f"if (name=='baseline' and k not in {names!r}) or not isinstance(v,(int,float)):")
                text=text.replace("scalar[k]==v if name=='baseline'",f"scalar[k]==v if name=='baseline' and k not in {names!r}")
            driver=drivers/(name+'.py');driver.write_text(text)
            command=[str(ROOT/'.codex-test/run'),'bash','-c','export PYTHONPATH="$PWD:$STOP_PARSER_TEAX_ROOT/packages/teax-simkit" STUDY_REQUIRE_TEAX=1; exec .codex-test/run python "$@"','wi052',str(driver),str(destination)]
            result=subprocess.run(command,cwd=ROOT,capture_output=True,text=True)
            (destination/(name+'.log')).write_text(result.stdout+result.stderr)
>           assert result.returncode==0,f'{name} failed: {destination/(name+".log")}'
                   ^^^^^^^^^^^^^^^^^^^^
E           AssertionError: native failed: /tmp/pytest-of-reid/pytest-12321/wi0510/acceptance/native.log

work/active/WI-052_mfe-financial-rate-limits/implementation/current_regressions.py:54: AssertionError
______ ERROR at setup of test_unified_invalid_radius_failure[zero-native] ______

tmp_path_factory = TempPathFactory(_given_basetemp=None, _trace=<pluggy._tracing.TagTracerSub object at 0x7406e6b690a0>, _basetemp=PosixPath('/tmp/pytest-of-reid/pytest-12321'), _retention_count=3, _retention_policy='all')

    @pytest.fixture(scope='module')
    def acceptance(tmp_path_factory):
        current=ROOT/'work/active/WI-052_mfe-financial-rate-limits/implementation'
        spec=importlib.util.spec_from_file_location('wi052_current_regressions',current/'current_regressions.py')
        module=importlib.util.module_from_spec(spec);spec.loader.exec_module(module)
>       return module.radius_acceptance(tmp_path_factory.mktemp('wi051')/'acceptance',H)
               ^^^^^^^^^^^^^^^^^^^^^^^^^^^^^^^^^^^^^^^^^^^^^^^^^^^^^^^^^^^^^^^^^^^^^^^^^

tests/models/test_mfe_major_radius.py:101: 
_ _ _ _ _ _ _ _ _ _ _ _ _ _ _ _ _ _ _ _ _ _ _ _ _ _ _ _ _ _ _ _ _ _ _ _ _ _ _ _ 

destination = PosixPath('/tmp/pytest-of-reid/pytest-12321/wi0510/acceptance')
historical = PosixPath('/home/reid/1cfe/fusion-tea-codex-test/work/active/WI-051_mfe-model-owned-major-radius/implementation')

    def radius_acceptance(destination,historical):
        """Run kept radius scenarios with financial tolerance only on WI-052 channels.
    
        Temporary driver copies use the frozen fixtures by absolute path. Baseline
        physical values and structured reports remain exact; changed financial
        scalars have the same 1e-9 tolerance independently verified by WI-052.
        """
        destination=Path(destination);destination.mkdir()
        drivers=destination/'drivers';drivers.mkdir()
        finance=json.loads((HERE/'scalar-ledger.json').read_text())['live_ordinary']
        names={r['name'] for r in finance if r['classification']=='changed finance'}
        before=hashes(PRODUCTION)
        for name in ('native','direct','standalone','cli_checks'):
            text=(historical/(name+'.py')).read_text()
            text=text.replace('Path(__file__).resolve().parent',f'Path({str(historical)!r})')
            if name=='native':
                text=text.replace("a['outputs'][k]==v if name=='baseline'",f"a['outputs'][k]==v if name=='baseline' and k not in {names!r}")
            if name=='direct':
                text=text.replace("if name=='baseline' or not isinstance(v,(int,float)):",f"if (name=='baseline' and k not in {names!r}) or not isinstance(v,(int,float)):")
                text=text.replace("scalar[k]==v if name=='baseline'",f"scalar[k]==v if name=='baseline' and k not in {names!r}")
            driver=drivers/(name+'.py');driver.write_text(text)
            command=[str(ROOT/'.codex-test/run'),'bash','-c','export PYTHONPATH="$PWD:$STOP_PARSER_TEAX_ROOT/packages/teax-simkit" STUDY_REQUIRE_TEAX=1; exec .codex-test/run python "$@"','wi052',str(driver),str(destination)]
            result=subprocess.run(command,cwd=ROOT,capture_output=True,text=True)
            (destination/(name+'.log')).write_text(result.stdout+result.stderr)
>           assert result.returncode==0,f'{name} failed: {destination/(name+".log")}'
                   ^^^^^^^^^^^^^^^^^^^^
E           AssertionError: native failed: /tmp/pytest-of-reid/pytest-12321/wi0510/acceptance/native.log

work/active/WI-052_mfe-financial-rate-limits/implementation/current_regressions.py:54: AssertionError
______ ERROR at setup of test_unified_invalid_radius_failure[zero-helper] ______

tmp_path_factory = TempPathFactory(_given_basetemp=None, _trace=<pluggy._tracing.TagTracerSub object at 0x7406e6b690a0>, _basetemp=PosixPath('/tmp/pytest-of-reid/pytest-12321'), _retention_count=3, _retention_policy='all')

    @pytest.fixture(scope='module')
    def acceptance(tmp_path_factory):
        current=ROOT/'work/active/WI-052_mfe-financial-rate-limits/implementation'
        spec=importlib.util.spec_from_file_location('wi052_current_regressions',current/'current_regressions.py')
        module=importlib.util.module_from_spec(spec);spec.loader.exec_module(module)
>       return module.radius_acceptance(tmp_path_factory.mktemp('wi051')/'acceptance',H)
               ^^^^^^^^^^^^^^^^^^^^^^^^^^^^^^^^^^^^^^^^^^^^^^^^^^^^^^^^^^^^^^^^^^^^^^^^^

tests/models/test_mfe_major_radius.py:101: 
_ _ _ _ _ _ _ _ _ _ _ _ _ _ _ _ _ _ _ _ _ _ _ _ _ _ _ _ _ _ _ _ _ _ _ _ _ _ _ _ 

destination = PosixPath('/tmp/pytest-of-reid/pytest-12321/wi0510/acceptance')
historical = PosixPath('/home/reid/1cfe/fusion-tea-codex-test/work/active/WI-051_mfe-model-owned-major-radius/implementation')

    def radius_acceptance(destination,historical):
        """Run kept radius scenarios with financial tolerance only on WI-052 channels.
    
        Temporary driver copies use the frozen fixtures by absolute path. Baseline
        physical values and structured reports remain exact; changed financial
        scalars have the same 1e-9 tolerance independently verified by WI-052.
        """
        destination=Path(destination);destination.mkdir()
        drivers=destination/'drivers';drivers.mkdir()
        finance=json.loads((HERE/'scalar-ledger.json').read_text())['live_ordinary']
        names={r['name'] for r in finance if r['classification']=='changed finance'}
        before=hashes(PRODUCTION)
        for name in ('native','direct','standalone','cli_checks'):
            text=(historical/(name+'.py')).read_text()
            text=text.replace('Path(__file__).resolve().parent',f'Path({str(historical)!r})')
            if name=='native':
                text=text.replace("a['outputs'][k]==v if name=='baseline'",f"a['outputs'][k]==v if name=='baseline' and k not in {names!r}")
            if name=='direct':
                text=text.replace("if name=='baseline' or not isinstance(v,(int,float)):",f"if (name=='baseline' and k not in {names!r}) or not isinstance(v,(int,float)):")
                text=text.replace("scalar[k]==v if name=='baseline'",f"scalar[k]==v if name=='baseline' and k not in {names!r}")
            driver=drivers/(name+'.py');driver.write_text(text)
            command=[str(ROOT/'.codex-test/run'),'bash','-c','export PYTHONPATH="$PWD:$STOP_PARSER_TEAX_ROOT/packages/teax-simkit" STUDY_REQUIRE_TEAX=1; exec .codex-test/run python "$@"','wi052',str(driver),str(destination)]
            result=subprocess.run(command,cwd=ROOT,capture_output=True,text=True)
            (destination/(name+'.log')).write_text(result.stdout+result.stderr)
>           assert result.returncode==0,f'{name} failed: {destination/(name+".log")}'
                   ^^^^^^^^^^^^^^^^^^^^
E           AssertionError: native failed: /tmp/pytest-of-reid/pytest-12321/wi0510/acceptance/native.log

work/active/WI-052_mfe-financial-rate-limits/implementation/current_regressions.py:54: AssertionError
______ ERROR at setup of test_unified_invalid_radius_failure[zero-single] ______

tmp_path_factory = TempPathFactory(_given_basetemp=None, _trace=<pluggy._tracing.TagTracerSub object at 0x7406e6b690a0>, _basetemp=PosixPath('/tmp/pytest-of-reid/pytest-12321'), _retention_count=3, _retention_policy='all')

    @pytest.fixture(scope='module')
    def acceptance(tmp_path_factory):
        current=ROOT/'work/active/WI-052_mfe-financial-rate-limits/implementation'
        spec=importlib.util.spec_from_file_location('wi052_current_regressions',current/'current_regressions.py')
        module=importlib.util.module_from_spec(spec);spec.loader.exec_module(module)
>       return module.radius_acceptance(tmp_path_factory.mktemp('wi051')/'acceptance',H)
               ^^^^^^^^^^^^^^^^^^^^^^^^^^^^^^^^^^^^^^^^^^^^^^^^^^^^^^^^^^^^^^^^^^^^^^^^^

tests/models/test_mfe_major_radius.py:101: 
_ _ _ _ _ _ _ _ _ _ _ _ _ _ _ _ _ _ _ _ _ _ _ _ _ _ _ _ _ _ _ _ _ _ _ _ _ _ _ _ 

destination = PosixPath('/tmp/pytest-of-reid/pytest-12321/wi0510/acceptance')
historical = PosixPath('/home/reid/1cfe/fusion-tea-codex-test/work/active/WI-051_mfe-model-owned-major-radius/implementation')

    def radius_acceptance(destination,historical):
        """Run kept radius scenarios with financial tolerance only on WI-052 channels.
    
        Temporary driver copies use the frozen fixtures by absolute path. Baseline
        physical values and structured reports remain exact; changed financial
        scalars have the same 1e-9 tolerance independently verified by WI-052.
        """
        destination=Path(destination);destination.mkdir()
        drivers=destination/'drivers';drivers.mkdir()
        finance=json.loads((HERE/'scalar-ledger.json').read_text())['live_ordinary']
        names={r['name'] for r in finance if r['classification']=='changed finance'}
        before=hashes(PRODUCTION)
        for name in ('native','direct','standalone','cli_checks'):
            text=(historical/(name+'.py')).read_text()
            text=text.replace('Path(__file__).resolve().parent',f'Path({str(historical)!r})')
            if name=='native':
                text=text.replace("a['outputs'][k]==v if name=='baseline'",f"a['outputs'][k]==v if name=='baseline' and k not in {names!r}")
            if name=='direct':
                text=text.replace("if name=='baseline' or not isinstance(v,(int,float)):",f"if (name=='baseline' and k not in {names!r}) or not isinstance(v,(int,float)):")
                text=text.replace("scalar[k]==v if name=='baseline'",f"scalar[k]==v if name=='baseline' and k not in {names!r}")
            driver=drivers/(name+'.py');driver.write_text(text)
            command=[str(ROOT/'.codex-test/run'),'bash','-c','export PYTHONPATH="$PWD:$STOP_PARSER_TEAX_ROOT/packages/teax-simkit" STUDY_REQUIRE_TEAX=1; exec .codex-test/run python "$@"','wi052',str(driver),str(destination)]
            result=subprocess.run(command,cwd=ROOT,capture_output=True,text=True)
            (destination/(name+'.log')).write_text(result.stdout+result.stderr)
>           assert result.returncode==0,f'{name} failed: {destination/(name+".log")}'
                   ^^^^^^^^^^^^^^^^^^^^
E           AssertionError: native failed: /tmp/pytest-of-reid/pytest-12321/wi0510/acceptance/native.log

work/active/WI-052_mfe-financial-rate-limits/implementation/current_regressions.py:54: AssertionError
____ ERROR at setup of test_unified_invalid_radius_failure[negative-native] ____

tmp_path_factory = TempPathFactory(_given_basetemp=None, _trace=<pluggy._tracing.TagTracerSub object at 0x7406e6b690a0>, _basetemp=PosixPath('/tmp/pytest-of-reid/pytest-12321'), _retention_count=3, _retention_policy='all')

    @pytest.fixture(scope='module')
    def acceptance(tmp_path_factory):
        current=ROOT/'work/active/WI-052_mfe-financial-rate-limits/implementation'
        spec=importlib.util.spec_from_file_location('wi052_current_regressions',current/'current_regressions.py')
        module=importlib.util.module_from_spec(spec);spec.loader.exec_module(module)
>       return module.radius_acceptance(tmp_path_factory.mktemp('wi051')/'acceptance',H)
               ^^^^^^^^^^^^^^^^^^^^^^^^^^^^^^^^^^^^^^^^^^^^^^^^^^^^^^^^^^^^^^^^^^^^^^^^^

tests/models/test_mfe_major_radius.py:101: 
_ _ _ _ _ _ _ _ _ _ _ _ _ _ _ _ _ _ _ _ _ _ _ _ _ _ _ _ _ _ _ _ _ _ _ _ _ _ _ _ 

destination = PosixPath('/tmp/pytest-of-reid/pytest-12321/wi0510/acceptance')
historical = PosixPath('/home/reid/1cfe/fusion-tea-codex-test/work/active/WI-051_mfe-model-owned-major-radius/implementation')

    def radius_acceptance(destination,historical):
        """Run kept radius scenarios with financial tolerance only on WI-052 channels.
    
        Temporary driver copies use the frozen fixtures by absolute path. Baseline
        physical values and structured reports remain exact; changed financial
        scalars have the same 1e-9 tolerance independently verified by WI-052.
        """
        destination=Path(destination);destination.mkdir()
        drivers=destination/'drivers';drivers.mkdir()
        finance=json.loads((HERE/'scalar-ledger.json').read_text())['live_ordinary']
        names={r['name'] for r in finance if r['classification']=='changed finance'}
        before=hashes(PRODUCTION)
        for name in ('native','direct','standalone','cli_checks'):
            text=(historical/(name+'.py')).read_text()
            text=text.replace('Path(__file__).resolve().parent',f'Path({str(historical)!r})')
            if name=='native':
                text=text.replace("a['outputs'][k]==v if name=='baseline'",f"a['outputs'][k]==v if name=='baseline' and k not in {names!r}")
            if name=='direct':
                text=text.replace("if name=='baseline' or not isinstance(v,(int,float)):",f"if (name=='baseline' and k not in {names!r}) or not isinstance(v,(int,float)):")
                text=text.replace("scalar[k]==v if name=='baseline'",f"scalar[k]==v if name=='baseline' and k not in {names!r}")
            driver=drivers/(name+'.py');driver.write_text(text)
            command=[str(ROOT/'.codex-test/run'),'bash','-c','export PYTHONPATH="$PWD:$STOP_PARSER_TEAX_ROOT/packages/teax-simkit" STUDY_REQUIRE_TEAX=1; exec .codex-test/run python "$@"','wi052',str(driver),str(destination)]
            result=subprocess.run(command,cwd=ROOT,capture_output=True,text=True)
            (destination/(name+'.log')).write_text(result.stdout+result.stderr)
>           assert result.returncode==0,f'{name} failed: {destination/(name+".log")}'
                   ^^^^^^^^^^^^^^^^^^^^
E           AssertionError: native failed: /tmp/pytest-of-reid/pytest-12321/wi0510/acceptance/native.log

work/active/WI-052_mfe-financial-rate-limits/implementation/current_regressions.py:54: AssertionError
____ ERROR at setup of test_unified_invalid_radius_failure[negative-helper] ____

tmp_path_factory = TempPathFactory(_given_basetemp=None, _trace=<pluggy._tracing.TagTracerSub object at 0x7406e6b690a0>, _basetemp=PosixPath('/tmp/pytest-of-reid/pytest-12321'), _retention_count=3, _retention_policy='all')

    @pytest.fixture(scope='module')
    def acceptance(tmp_path_factory):
        current=ROOT/'work/active/WI-052_mfe-financial-rate-limits/implementation'
        spec=importlib.util.spec_from_file_location('wi052_current_regressions',current/'current_regressions.py')
        module=importlib.util.module_from_spec(spec);spec.loader.exec_module(module)
>       return module.radius_acceptance(tmp_path_factory.mktemp('wi051')/'acceptance',H)
               ^^^^^^^^^^^^^^^^^^^^^^^^^^^^^^^^^^^^^^^^^^^^^^^^^^^^^^^^^^^^^^^^^^^^^^^^^

tests/models/test_mfe_major_radius.py:101: 
_ _ _ _ _ _ _ _ _ _ _ _ _ _ _ _ _ _ _ _ _ _ _ _ _ _ _ _ _ _ _ _ _ _ _ _ _ _ _ _ 

destination = PosixPath('/tmp/pytest-of-reid/pytest-12321/wi0510/acceptance')
historical = PosixPath('/home/reid/1cfe/fusion-tea-codex-test/work/active/WI-051_mfe-model-owned-major-radius/implementation')

    def radius_acceptance(destination,historical):
        """Run kept radius scenarios with financial tolerance only on WI-052 channels.
    
        Temporary driver copies use the frozen fixtures by absolute path. Baseline
        physical values and structured reports remain exact; changed financial
        scalars have the same 1e-9 tolerance independently verified by WI-052.
        """
        destination=Path(destination);destination.mkdir()
        drivers=destination/'drivers';drivers.mkdir()
        finance=json.loads((HERE/'scalar-ledger.json').read_text())['live_ordinary']
        names={r['name'] for r in finance if r['classification']=='changed finance'}
        before=hashes(PRODUCTION)
        for name in ('native','direct','standalone','cli_checks'):
            text=(historical/(name+'.py')).read_text()
            text=text.replace('Path(__file__).resolve().parent',f'Path({str(historical)!r})')
            if name=='native':
                text=text.replace("a['outputs'][k]==v if name=='baseline'",f"a['outputs'][k]==v if name=='baseline' and k not in {names!r}")
            if name=='direct':
                text=text.replace("if name=='baseline' or not isinstance(v,(int,float)):",f"if (name=='baseline' and k not in {names!r}) or not isinstance(v,(int,float)):")
                text=text.replace("scalar[k]==v if name=='baseline'",f"scalar[k]==v if name=='baseline' and k not in {names!r}")
            driver=drivers/(name+'.py');driver.write_text(text)
            command=[str(ROOT/'.codex-test/run'),'bash','-c','export PYTHONPATH="$PWD:$STOP_PARSER_TEAX_ROOT/packages/teax-simkit" STUDY_REQUIRE_TEAX=1; exec .codex-test/run python "$@"','wi052',str(driver),str(destination)]
            result=subprocess.run(command,cwd=ROOT,capture_output=True,text=True)
            (destination/(name+'.log')).write_text(result.stdout+result.stderr)
>           assert result.returncode==0,f'{name} failed: {destination/(name+".log")}'
                   ^^^^^^^^^^^^^^^^^^^^
E           AssertionError: native failed: /tmp/pytest-of-reid/pytest-12321/wi0510/acceptance/native.log

work/active/WI-052_mfe-financial-rate-limits/implementation/current_regressions.py:54: AssertionError
____ ERROR at setup of test_unified_invalid_radius_failure[negative-single] ____

tmp_path_factory = TempPathFactory(_given_basetemp=None, _trace=<pluggy._tracing.TagTracerSub object at 0x7406e6b690a0>, _basetemp=PosixPath('/tmp/pytest-of-reid/pytest-12321'), _retention_count=3, _retention_policy='all')

    @pytest.fixture(scope='module')
    def acceptance(tmp_path_factory):
        current=ROOT/'work/active/WI-052_mfe-financial-rate-limits/implementation'
        spec=importlib.util.spec_from_file_location('wi052_current_regressions',current/'current_regressions.py')
        module=importlib.util.module_from_spec(spec);spec.loader.exec_module(module)
>       return module.radius_acceptance(tmp_path_factory.mktemp('wi051')/'acceptance',H)
               ^^^^^^^^^^^^^^^^^^^^^^^^^^^^^^^^^^^^^^^^^^^^^^^^^^^^^^^^^^^^^^^^^^^^^^^^^

tests/models/test_mfe_major_radius.py:101: 
_ _ _ _ _ _ _ _ _ _ _ _ _ _ _ _ _ _ _ _ _ _ _ _ _ _ _ _ _ _ _ _ _ _ _ _ _ _ _ _ 

destination = PosixPath('/tmp/pytest-of-reid/pytest-12321/wi0510/acceptance')
historical = PosixPath('/home/reid/1cfe/fusion-tea-codex-test/work/active/WI-051_mfe-model-owned-major-radius/implementation')

    def radius_acceptance(destination,historical):
        """Run kept radius scenarios with financial tolerance only on WI-052 channels.
    
        Temporary driver copies use the frozen fixtures by absolute path. Baseline
        physical values and structured reports remain exact; changed financial
        scalars have the same 1e-9 tolerance independently verified by WI-052.
        """
        destination=Path(destination);destination.mkdir()
        drivers=destination/'drivers';drivers.mkdir()
        finance=json.loads((HERE/'scalar-ledger.json').read_text())['live_ordinary']
        names={r['name'] for r in finance if r['classification']=='changed finance'}
        before=hashes(PRODUCTION)
        for name in ('native','direct','standalone','cli_checks'):
            text=(historical/(name+'.py')).read_text()
            text=text.replace('Path(__file__).resolve().parent',f'Path({str(historical)!r})')
            if name=='native':
                text=text.replace("a['outputs'][k]==v if name=='baseline'",f"a['outputs'][k]==v if name=='baseline' and k not in {names!r}")
            if name=='direct':
                text=text.replace("if name=='baseline' or not isinstance(v,(int,float)):",f"if (name=='baseline' and k not in {names!r}) or not isinstance(v,(int,float)):")
                text=text.replace("scalar[k]==v if name=='baseline'",f"scalar[k]==v if name=='baseline' and k not in {names!r}")
            driver=drivers/(name+'.py');driver.write_text(text)
            command=[str(ROOT/'.codex-test/run'),'bash','-c','export PYTHONPATH="$PWD:$STOP_PARSER_TEAX_ROOT/packages/teax-simkit" STUDY_REQUIRE_TEAX=1; exec .codex-test/run python "$@"','wi052',str(driver),str(destination)]
            result=subprocess.run(command,cwd=ROOT,capture_output=True,text=True)
            (destination/(name+'.log')).write_text(result.stdout+result.stderr)
>           assert result.returncode==0,f'{name} failed: {destination/(name+".log")}'
                   ^^^^^^^^^^^^^^^^^^^^
E           AssertionError: native failed: /tmp/pytest-of-reid/pytest-12321/wi0510/acceptance/native.log

work/active/WI-052_mfe-financial-rate-limits/implementation/current_regressions.py:54: AssertionError
_______ ERROR at setup of test_peak_component_preserves_open_f07[valid] ________

tmp_path_factory = TempPathFactory(_given_basetemp=None, _trace=<pluggy._tracing.TagTracerSub object at 0x7406e6b690a0>, _basetemp=PosixPath('/tmp/pytest-of-reid/pytest-12321'), _retention_count=3, _retention_policy='all')

    @pytest.fixture(scope='module')
    def acceptance(tmp_path_factory):
        current=ROOT/'work/active/WI-052_mfe-financial-rate-limits/implementation'
        spec=importlib.util.spec_from_file_location('wi052_current_regressions',current/'current_regressions.py')
        module=importlib.util.module_from_spec(spec);spec.loader.exec_module(module)
>       return module.radius_acceptance(tmp_path_factory.mktemp('wi051')/'acceptance',H)
               ^^^^^^^^^^^^^^^^^^^^^^^^^^^^^^^^^^^^^^^^^^^^^^^^^^^^^^^^^^^^^^^^^^^^^^^^^

tests/models/test_mfe_major_radius.py:101: 
_ _ _ _ _ _ _ _ _ _ _ _ _ _ _ _ _ _ _ _ _ _ _ _ _ _ _ _ _ _ _ _ _ _ _ _ _ _ _ _ 

destination = PosixPath('/tmp/pytest-of-reid/pytest-12321/wi0510/acceptance')
historical = PosixPath('/home/reid/1cfe/fusion-tea-codex-test/work/active/WI-051_mfe-model-owned-major-radius/implementation')

    def radius_acceptance(destination,historical):
        """Run kept radius scenarios with financial tolerance only on WI-052 channels.
    
        Temporary driver copies use the frozen fixtures by absolute path. Baseline
        physical values and structured reports remain exact; changed financial
        scalars have the same 1e-9 tolerance independently verified by WI-052.
        """
        destination=Path(destination);destination.mkdir()
        drivers=destination/'drivers';drivers.mkdir()
        finance=json.loads((HERE/'scalar-ledger.json').read_text())['live_ordinary']
        names={r['name'] for r in finance if r['classification']=='changed finance'}
        before=hashes(PRODUCTION)
        for name in ('native','direct','standalone','cli_checks'):
            text=(historical/(name+'.py')).read_text()
            text=text.replace('Path(__file__).resolve().parent',f'Path({str(historical)!r})')
            if name=='native':
                text=text.replace("a['outputs'][k]==v if name=='baseline'",f"a['outputs'][k]==v if name=='baseline' and k not in {names!r}")
            if name=='direct':
                text=text.replace("if name=='baseline' or not isinstance(v,(int,float)):",f"if (name=='baseline' and k not in {names!r}) or not isinstance(v,(int,float)):")
                text=text.replace("scalar[k]==v if name=='baseline'",f"scalar[k]==v if name=='baseline' and k not in {names!r}")
            driver=drivers/(name+'.py');driver.write_text(text)
            command=[str(ROOT/'.codex-test/run'),'bash','-c','export PYTHONPATH="$PWD:$STOP_PARSER_TEAX_ROOT/packages/teax-simkit" STUDY_REQUIRE_TEAX=1; exec .codex-test/run python "$@"','wi052',str(driver),str(destination)]
            result=subprocess.run(command,cwd=ROOT,capture_output=True,text=True)
            (destination/(name+'.log')).write_text(result.stdout+result.stderr)
>           assert result.returncode==0,f'{name} failed: {destination/(name+".log")}'
                   ^^^^^^^^^^^^^^^^^^^^
E           AssertionError: native failed: /tmp/pytest-of-reid/pytest-12321/wi0510/acceptance/native.log

work/active/WI-052_mfe-financial-rate-limits/implementation/current_regressions.py:54: AssertionError
_ ERROR at setup of test_peak_component_preserves_open_f07[original_negative] __

tmp_path_factory = TempPathFactory(_given_basetemp=None, _trace=<pluggy._tracing.TagTracerSub object at 0x7406e6b690a0>, _basetemp=PosixPath('/tmp/pytest-of-reid/pytest-12321'), _retention_count=3, _retention_policy='all')

    @pytest.fixture(scope='module')
    def acceptance(tmp_path_factory):
        current=ROOT/'work/active/WI-052_mfe-financial-rate-limits/implementation'
        spec=importlib.util.spec_from_file_location('wi052_current_regressions',current/'current_regressions.py')
        module=importlib.util.module_from_spec(spec);spec.loader.exec_module(module)
>       return module.radius_acceptance(tmp_path_factory.mktemp('wi051')/'acceptance',H)
               ^^^^^^^^^^^^^^^^^^^^^^^^^^^^^^^^^^^^^^^^^^^^^^^^^^^^^^^^^^^^^^^^^^^^^^^^^

tests/models/test_mfe_major_radius.py:101: 
_ _ _ _ _ _ _ _ _ _ _ _ _ _ _ _ _ _ _ _ _ _ _ _ _ _ _ _ _ _ _ _ _ _ _ _ _ _ _ _ 

destination = PosixPath('/tmp/pytest-of-reid/pytest-12321/wi0510/acceptance')
historical = PosixPath('/home/reid/1cfe/fusion-tea-codex-test/work/active/WI-051_mfe-model-owned-major-radius/implementation')

    def radius_acceptance(destination,historical):
        """Run kept radius scenarios with financial tolerance only on WI-052 channels.
    
        Temporary driver copies use the frozen fixtures by absolute path. Baseline
        physical values and structured reports remain exact; changed financial
        scalars have the same 1e-9 tolerance independently verified by WI-052.
        """
        destination=Path(destination);destination.mkdir()
        drivers=destination/'drivers';drivers.mkdir()
        finance=json.loads((HERE/'scalar-ledger.json').read_text())['live_ordinary']
        names={r['name'] for r in finance if r['classification']=='changed finance'}
        before=hashes(PRODUCTION)
        for name in ('native','direct','standalone','cli_checks'):
            text=(historical/(name+'.py')).read_text()
            text=text.replace('Path(__file__).resolve().parent',f'Path({str(historical)!r})')
            if name=='native':
                text=text.replace("a['outputs'][k]==v if name=='baseline'",f"a['outputs'][k]==v if name=='baseline' and k not in {names!r}")
            if name=='direct':
                text=text.replace("if name=='baseline' or not isinstance(v,(int,float)):",f"if (name=='baseline' and k not in {names!r}) or not isinstance(v,(int,float)):")
                text=text.replace("scalar[k]==v if name=='baseline'",f"scalar[k]==v if name=='baseline' and k not in {names!r}")
            driver=drivers/(name+'.py');driver.write_text(text)
            command=[str(ROOT/'.codex-test/run'),'bash','-c','export PYTHONPATH="$PWD:$STOP_PARSER_TEAX_ROOT/packages/teax-simkit" STUDY_REQUIRE_TEAX=1; exec .codex-test/run python "$@"','wi052',str(driver),str(destination)]
            result=subprocess.run(command,cwd=ROOT,capture_output=True,text=True)
            (destination/(name+'.log')).write_text(result.stdout+result.stderr)
>           assert result.returncode==0,f'{name} failed: {destination/(name+".log")}'
                   ^^^^^^^^^^^^^^^^^^^^
E           AssertionError: native failed: /tmp/pytest-of-reid/pytest-12321/wi0510/acceptance/native.log

work/active/WI-052_mfe-financial-rate-limits/implementation/current_regressions.py:54: AssertionError
______ ERROR at setup of test_peak_component_preserves_open_f07[equality] ______

tmp_path_factory = TempPathFactory(_given_basetemp=None, _trace=<pluggy._tracing.TagTracerSub object at 0x7406e6b690a0>, _basetemp=PosixPath('/tmp/pytest-of-reid/pytest-12321'), _retention_count=3, _retention_policy='all')

    @pytest.fixture(scope='module')
    def acceptance(tmp_path_factory):
        current=ROOT/'work/active/WI-052_mfe-financial-rate-limits/implementation'
        spec=importlib.util.spec_from_file_location('wi052_current_regressions',current/'current_regressions.py')
        module=importlib.util.module_from_spec(spec);spec.loader.exec_module(module)
>       return module.radius_acceptance(tmp_path_factory.mktemp('wi051')/'acceptance',H)
               ^^^^^^^^^^^^^^^^^^^^^^^^^^^^^^^^^^^^^^^^^^^^^^^^^^^^^^^^^^^^^^^^^^^^^^^^^

tests/models/test_mfe_major_radius.py:101: 
_ _ _ _ _ _ _ _ _ _ _ _ _ _ _ _ _ _ _ _ _ _ _ _ _ _ _ _ _ _ _ _ _ _ _ _ _ _ _ _ 

destination = PosixPath('/tmp/pytest-of-reid/pytest-12321/wi0510/acceptance')
historical = PosixPath('/home/reid/1cfe/fusion-tea-codex-test/work/active/WI-051_mfe-model-owned-major-radius/implementation')

    def radius_acceptance(destination,historical):
        """Run kept radius scenarios with financial tolerance only on WI-052 channels.
    
        Temporary driver copies use the frozen fixtures by absolute path. Baseline
        physical values and structured reports remain exact; changed financial
        scalars have the same 1e-9 tolerance independently verified by WI-052.
        """
        destination=Path(destination);destination.mkdir()
        drivers=destination/'drivers';drivers.mkdir()
        finance=json.loads((HERE/'scalar-ledger.json').read_text())['live_ordinary']
        names={r['name'] for r in finance if r['classification']=='changed finance'}
        before=hashes(PRODUCTION)
        for name in ('native','direct','standalone','cli_checks'):
            text=(historical/(name+'.py')).read_text()
            text=text.replace('Path(__file__).resolve().parent',f'Path({str(historical)!r})')
            if name=='native':
                text=text.replace("a['outputs'][k]==v if name=='baseline'",f"a['outputs'][k]==v if name=='baseline' and k not in {names!r}")
            if name=='direct':
                text=text.replace("if name=='baseline' or not isinstance(v,(int,float)):",f"if (name=='baseline' and k not in {names!r}) or not isinstance(v,(int,float)):")
                text=text.replace("scalar[k]==v if name=='baseline'",f"scalar[k]==v if name=='baseline' and k not in {names!r}")
            driver=drivers/(name+'.py');driver.write_text(text)
            command=[str(ROOT/'.codex-test/run'),'bash','-c','export PYTHONPATH="$PWD:$STOP_PARSER_TEAX_ROOT/packages/teax-simkit" STUDY_REQUIRE_TEAX=1; exec .codex-test/run python "$@"','wi052',str(driver),str(destination)]
            result=subprocess.run(command,cwd=ROOT,capture_output=True,text=True)
            (destination/(name+'.log')).write_text(result.stdout+result.stderr)
>           assert result.returncode==0,f'{name} failed: {destination/(name+".log")}'
                   ^^^^^^^^^^^^^^^^^^^^
E           AssertionError: native failed: /tmp/pytest-of-reid/pytest-12321/wi0510/acceptance/native.log

work/active/WI-052_mfe-financial-rate-limits/implementation/current_regressions.py:54: AssertionError
__ ERROR at setup of test_peak_component_preserves_open_f07[reference_equal] ___

tmp_path_factory = TempPathFactory(_given_basetemp=None, _trace=<pluggy._tracing.TagTracerSub object at 0x7406e6b690a0>, _basetemp=PosixPath('/tmp/pytest-of-reid/pytest-12321'), _retention_count=3, _retention_policy='all')

    @pytest.fixture(scope='module')
    def acceptance(tmp_path_factory):
        current=ROOT/'work/active/WI-052_mfe-financial-rate-limits/implementation'
        spec=importlib.util.spec_from_file_location('wi052_current_regressions',current/'current_regressions.py')
        module=importlib.util.module_from_spec(spec);spec.loader.exec_module(module)
>       return module.radius_acceptance(tmp_path_factory.mktemp('wi051')/'acceptance',H)
               ^^^^^^^^^^^^^^^^^^^^^^^^^^^^^^^^^^^^^^^^^^^^^^^^^^^^^^^^^^^^^^^^^^^^^^^^^

tests/models/test_mfe_major_radius.py:101: 
_ _ _ _ _ _ _ _ _ _ _ _ _ _ _ _ _ _ _ _ _ _ _ _ _ _ _ _ _ _ _ _ _ _ _ _ _ _ _ _ 

destination = PosixPath('/tmp/pytest-of-reid/pytest-12321/wi0510/acceptance')
historical = PosixPath('/home/reid/1cfe/fusion-tea-codex-test/work/active/WI-051_mfe-model-owned-major-radius/implementation')

    def radius_acceptance(destination,historical):
        """Run kept radius scenarios with financial tolerance only on WI-052 channels.
    
        Temporary driver copies use the frozen fixtures by absolute path. Baseline
        physical values and structured reports remain exact; changed financial
        scalars have the same 1e-9 tolerance independently verified by WI-052.
        """
        destination=Path(destination);destination.mkdir()
        drivers=destination/'drivers';drivers.mkdir()
        finance=json.loads((HERE/'scalar-ledger.json').read_text())['live_ordinary']
        names={r['name'] for r in finance if r['classification']=='changed finance'}
        before=hashes(PRODUCTION)
        for name in ('native','direct','standalone','cli_checks'):
            text=(historical/(name+'.py')).read_text()
            text=text.replace('Path(__file__).resolve().parent',f'Path({str(historical)!r})')
            if name=='native':
                text=text.replace("a['outputs'][k]==v if name=='baseline'",f"a['outputs'][k]==v if name=='baseline' and k not in {names!r}")
            if name=='direct':
                text=text.replace("if name=='baseline' or not isinstance(v,(int,float)):",f"if (name=='baseline' and k not in {names!r}) or not isinstance(v,(int,float)):")
                text=text.replace("scalar[k]==v if name=='baseline'",f"scalar[k]==v if name=='baseline' and k not in {names!r}")
            driver=drivers/(name+'.py');driver.write_text(text)
            command=[str(ROOT/'.codex-test/run'),'bash','-c','export PYTHONPATH="$PWD:$STOP_PARSER_TEAX_ROOT/packages/teax-simkit" STUDY_REQUIRE_TEAX=1; exec .codex-test/run python "$@"','wi052',str(driver),str(destination)]
            result=subprocess.run(command,cwd=ROOT,capture_output=True,text=True)
            (destination/(name+'.log')).write_text(result.stdout+result.stderr)
>           assert result.returncode==0,f'{name} failed: {destination/(name+".log")}'
                   ^^^^^^^^^^^^^^^^^^^^
E           AssertionError: native failed: /tmp/pytest-of-reid/pytest-12321/wi0510/acceptance/native.log

work/active/WI-052_mfe-financial-rate-limits/implementation/current_regressions.py:54: AssertionError
_ ERROR at setup of test_peak_component_preserves_open_f07[reference_inverted] _

tmp_path_factory = TempPathFactory(_given_basetemp=None, _trace=<pluggy._tracing.TagTracerSub object at 0x7406e6b690a0>, _basetemp=PosixPath('/tmp/pytest-of-reid/pytest-12321'), _retention_count=3, _retention_policy='all')

    @pytest.fixture(scope='module')
    def acceptance(tmp_path_factory):
        current=ROOT/'work/active/WI-052_mfe-financial-rate-limits/implementation'
        spec=importlib.util.spec_from_file_location('wi052_current_regressions',current/'current_regressions.py')
        module=importlib.util.module_from_spec(spec);spec.loader.exec_module(module)
>       return module.radius_acceptance(tmp_path_factory.mktemp('wi051')/'acceptance',H)
               ^^^^^^^^^^^^^^^^^^^^^^^^^^^^^^^^^^^^^^^^^^^^^^^^^^^^^^^^^^^^^^^^^^^^^^^^^

tests/models/test_mfe_major_radius.py:101: 
_ _ _ _ _ _ _ _ _ _ _ _ _ _ _ _ _ _ _ _ _ _ _ _ _ _ _ _ _ _ _ _ _ _ _ _ _ _ _ _ 

destination = PosixPath('/tmp/pytest-of-reid/pytest-12321/wi0510/acceptance')
historical = PosixPath('/home/reid/1cfe/fusion-tea-codex-test/work/active/WI-051_mfe-model-owned-major-radius/implementation')

    def radius_acceptance(destination,historical):
        """Run kept radius scenarios with financial tolerance only on WI-052 channels.
    
        Temporary driver copies use the frozen fixtures by absolute path. Baseline
        physical values and structured reports remain exact; changed financial
        scalars have the same 1e-9 tolerance independently verified by WI-052.
        """
        destination=Path(destination);destination.mkdir()
        drivers=destination/'drivers';drivers.mkdir()
        finance=json.loads((HERE/'scalar-ledger.json').read_text())['live_ordinary']
        names={r['name'] for r in finance if r['classification']=='changed finance'}
        before=hashes(PRODUCTION)
        for name in ('native','direct','standalone','cli_checks'):
            text=(historical/(name+'.py')).read_text()
            text=text.replace('Path(__file__).resolve().parent',f'Path({str(historical)!r})')
            if name=='native':
                text=text.replace("a['outputs'][k]==v if name=='baseline'",f"a['outputs'][k]==v if name=='baseline' and k not in {names!r}")
            if name=='direct':
                text=text.replace("if name=='baseline' or not isinstance(v,(int,float)):",f"if (name=='baseline' and k not in {names!r}) or not isinstance(v,(int,float)):")
                text=text.replace("scalar[k]==v if name=='baseline'",f"scalar[k]==v if name=='baseline' and k not in {names!r}")
            driver=drivers/(name+'.py');driver.write_text(text)
            command=[str(ROOT/'.codex-test/run'),'bash','-c','export PYTHONPATH="$PWD:$STOP_PARSER_TEAX_ROOT/packages/teax-simkit" STUDY_REQUIRE_TEAX=1; exec .codex-test/run python "$@"','wi052',str(driver),str(destination)]
            result=subprocess.run(command,cwd=ROOT,capture_output=True,text=True)
            (destination/(name+'.log')).write_text(result.stdout+result.stderr)
>           assert result.returncode==0,f'{name} failed: {destination/(name+".log")}'
                   ^^^^^^^^^^^^^^^^^^^^
E           AssertionError: native failed: /tmp/pytest-of-reid/pytest-12321/wi0510/acceptance/native.log

work/active/WI-052_mfe-financial-rate-limits/implementation/current_regressions.py:54: AssertionError
__________ ERROR at setup of test_operating_heat_signed_demand_bounds __________

tmp_path_factory = TempPathFactory(_given_basetemp=None, _trace=<pluggy._tracing.TagTracerSub object at 0x7406e6b690a0>, _basetemp=PosixPath('/tmp/pytest-of-reid/pytest-12321'), _retention_count=3, _retention_policy='all')

    @pytest.fixture(scope='module')
    def native(tmp_path_factory):
        destination=tmp_path_factory.mktemp('wi050-evidence')
        harness=load('run_acceptance')
        import sys
        sys.path.insert(0,str(ROOT/'work/active/WI-052_mfe-financial-rate-limits/implementation'))
        from current_regressions import operating_acceptance
>       scratch,results,inputs=operating_acceptance(destination,harness)
                               ^^^^^^^^^^^^^^^^^^^^^^^^^^^^^^^^^^^^^^^^^

tests/models/test_mfe_operating_heating.py:28: 
_ _ _ _ _ _ _ _ _ _ _ _ _ _ _ _ _ _ _ _ _ _ _ _ _ _ _ _ _ _ _ _ _ _ _ _ _ _ _ _ 
work/active/WI-052_mfe-financial-rate-limits/implementation/current_regressions.py:20: in operating_acceptance
    package=seed_and_generate(scratch/'generated',models_path=models)
            ^^^^^^^^^^^^^^^^^^^^^^^^^^^^^^^^^^^^^^^^^^^^^^^^^^^^^^^^^
_ _ _ _ _ _ _ _ _ _ _ _ _ _ _ _ _ _ _ _ _ _ _ _ _ _ _ _ _ _ _ _ _ _ _ _ _ _ _ _ 

path = PosixPath('/tmp/wi052-operating-regression-edgrmhao/generated')
source = PosixPath('/home/reid/1cfe/fusion-tea-codex-test/exploration/stellarator_e2e/generated')
generator = None
kwargs = {'models_path': PosixPath('/tmp/wi052-operating-regression-edgrmhao/models')}
GenerationConfig = <class 'sysml_codegen.cli.GenerationConfig'>
run_codegen = <function run_codegen at 0x7406b9880540>
expected = {'handwritten/mfe_account_costs/financial_factors.py': 'cf99bae01ee130ba5beba273f227c62e743eec5015e1bfad582ba55dee8702..., 'handwritten/mfe_lcoe_dcf/lcoe_dcf_impl.py': '29dcfeb07a9022954d8a593740687e1e6676a52ae7885e528319e685147c927d', ...}
found = {'handwritten/mfe_account_costs/financial_factors.py', 'handwritten/mfe_account_costs/idc_closed_form_cost_impl.py', '...wer_impl.py', 'handwritten/mfe_lcoe_dcf/lcoe_dcf_impl.py', 'handwritten/mfe_lifecycle/lifecycle_calendar_impl.py', ...}

    def seed_and_generate(path,source=PRODUCTION,*,generator=None,**kwargs):
        from sysml_codegen.cli import GenerationConfig,run_codegen
        path,source=Path(path),Path(source)
        fresh_directory(path)
        expected=seed_inventory()
        if set(expected)!=NAMES:raise ValueError('Unexpected normative seed names')
        # Enumerate only handwritten Python; never walk source/research or study trees.
        if any((source/name).is_symlink() for name in NAMES):raise ValueError('Symlink normative seed')
        found={str(p.relative_to(source)) for p in (source/'handwritten').rglob('*.py') if p.name=='financial_factors.py' or re.search(r'^AUTO_IMPLEMENTED = False',p.read_text(),re.M)}
>       if found!=NAMES:raise ValueError('Missing or extra normative source seed')
                        ^^^^^^^^^^^^^^^^^^^^^^^^^^^^^^^^^^^^^^^^^^^^^^^^^^^^^^^^^^
E       ValueError: Missing or extra normative source seed

work/active/WI-052_mfe-financial-rate-limits/implementation/regenerate.py:35: ValueError
_____________ ERROR at setup of test_generic_heating_default_modes _____________

tmp_path_factory = TempPathFactory(_given_basetemp=None, _trace=<pluggy._tracing.TagTracerSub object at 0x7406e6b690a0>, _basetemp=PosixPath('/tmp/pytest-of-reid/pytest-12321'), _retention_count=3, _retention_policy='all')

    @pytest.fixture(scope='module')
    def native(tmp_path_factory):
        destination=tmp_path_factory.mktemp('wi050-evidence')
        harness=load('run_acceptance')
        import sys
        sys.path.insert(0,str(ROOT/'work/active/WI-052_mfe-financial-rate-limits/implementation'))
        from current_regressions import operating_acceptance
>       scratch,results,inputs=operating_acceptance(destination,harness)
                               ^^^^^^^^^^^^^^^^^^^^^^^^^^^^^^^^^^^^^^^^^

tests/models/test_mfe_operating_heating.py:28: 
_ _ _ _ _ _ _ _ _ _ _ _ _ _ _ _ _ _ _ _ _ _ _ _ _ _ _ _ _ _ _ _ _ _ _ _ _ _ _ _ 
work/active/WI-052_mfe-financial-rate-limits/implementation/current_regressions.py:20: in operating_acceptance
    package=seed_and_generate(scratch/'generated',models_path=models)
            ^^^^^^^^^^^^^^^^^^^^^^^^^^^^^^^^^^^^^^^^^^^^^^^^^^^^^^^^^
_ _ _ _ _ _ _ _ _ _ _ _ _ _ _ _ _ _ _ _ _ _ _ _ _ _ _ _ _ _ _ _ _ _ _ _ _ _ _ _ 

path = PosixPath('/tmp/wi052-operating-regression-edgrmhao/generated')
source = PosixPath('/home/reid/1cfe/fusion-tea-codex-test/exploration/stellarator_e2e/generated')
generator = None
kwargs = {'models_path': PosixPath('/tmp/wi052-operating-regression-edgrmhao/models')}
GenerationConfig = <class 'sysml_codegen.cli.GenerationConfig'>
run_codegen = <function run_codegen at 0x7406b9880540>
expected = {'handwritten/mfe_account_costs/financial_factors.py': 'cf99bae01ee130ba5beba273f227c62e743eec5015e1bfad582ba55dee8702..., 'handwritten/mfe_lcoe_dcf/lcoe_dcf_impl.py': '29dcfeb07a9022954d8a593740687e1e6676a52ae7885e528319e685147c927d', ...}
found = {'handwritten/mfe_account_costs/financial_factors.py', 'handwritten/mfe_account_costs/idc_closed_form_cost_impl.py', '...wer_impl.py', 'handwritten/mfe_lcoe_dcf/lcoe_dcf_impl.py', 'handwritten/mfe_lifecycle/lifecycle_calendar_impl.py', ...}

    def seed_and_generate(path,source=PRODUCTION,*,generator=None,**kwargs):
        from sysml_codegen.cli import GenerationConfig,run_codegen
        path,source=Path(path),Path(source)
        fresh_directory(path)
        expected=seed_inventory()
        if set(expected)!=NAMES:raise ValueError('Unexpected normative seed names')
        # Enumerate only handwritten Python; never walk source/research or study trees.
        if any((source/name).is_symlink() for name in NAMES):raise ValueError('Symlink normative seed')
        found={str(p.relative_to(source)) for p in (source/'handwritten').rglob('*.py') if p.name=='financial_factors.py' or re.search(r'^AUTO_IMPLEMENTED = False',p.read_text(),re.M)}
>       if found!=NAMES:raise ValueError('Missing or extra normative source seed')
                        ^^^^^^^^^^^^^^^^^^^^^^^^^^^^^^^^^^^^^^^^^^^^^^^^^^^^^^^^^^
E       ValueError: Missing or extra normative source seed

work/active/WI-052_mfe-financial-rate-limits/implementation/regenerate.py:35: ValueError
__________ ERROR at setup of test_heating_efficiency_scalar_consumers __________

tmp_path_factory = TempPathFactory(_given_basetemp=None, _trace=<pluggy._tracing.TagTracerSub object at 0x7406e6b690a0>, _basetemp=PosixPath('/tmp/pytest-of-reid/pytest-12321'), _retention_count=3, _retention_policy='all')

    @pytest.fixture(scope='module')
    def native(tmp_path_factory):
        destination=tmp_path_factory.mktemp('wi050-evidence')
        harness=load('run_acceptance')
        import sys
        sys.path.insert(0,str(ROOT/'work/active/WI-052_mfe-financial-rate-limits/implementation'))
        from current_regressions import operating_acceptance
>       scratch,results,inputs=operating_acceptance(destination,harness)
                               ^^^^^^^^^^^^^^^^^^^^^^^^^^^^^^^^^^^^^^^^^

tests/models/test_mfe_operating_heating.py:28: 
_ _ _ _ _ _ _ _ _ _ _ _ _ _ _ _ _ _ _ _ _ _ _ _ _ _ _ _ _ _ _ _ _ _ _ _ _ _ _ _ 
work/active/WI-052_mfe-financial-rate-limits/implementation/current_regressions.py:20: in operating_acceptance
    package=seed_and_generate(scratch/'generated',models_path=models)
            ^^^^^^^^^^^^^^^^^^^^^^^^^^^^^^^^^^^^^^^^^^^^^^^^^^^^^^^^^
_ _ _ _ _ _ _ _ _ _ _ _ _ _ _ _ _ _ _ _ _ _ _ _ _ _ _ _ _ _ _ _ _ _ _ _ _ _ _ _ 

path = PosixPath('/tmp/wi052-operating-regression-edgrmhao/generated')
source = PosixPath('/home/reid/1cfe/fusion-tea-codex-test/exploration/stellarator_e2e/generated')
generator = None
kwargs = {'models_path': PosixPath('/tmp/wi052-operating-regression-edgrmhao/models')}
GenerationConfig = <class 'sysml_codegen.cli.GenerationConfig'>
run_codegen = <function run_codegen at 0x7406b9880540>
expected = {'handwritten/mfe_account_costs/financial_factors.py': 'cf99bae01ee130ba5beba273f227c62e743eec5015e1bfad582ba55dee8702..., 'handwritten/mfe_lcoe_dcf/lcoe_dcf_impl.py': '29dcfeb07a9022954d8a593740687e1e6676a52ae7885e528319e685147c927d', ...}
found = {'handwritten/mfe_account_costs/financial_factors.py', 'handwritten/mfe_account_costs/idc_closed_form_cost_impl.py', '...wer_impl.py', 'handwritten/mfe_lcoe_dcf/lcoe_dcf_impl.py', 'handwritten/mfe_lifecycle/lifecycle_calendar_impl.py', ...}

    def seed_and_generate(path,source=PRODUCTION,*,generator=None,**kwargs):
        from sysml_codegen.cli import GenerationConfig,run_codegen
        path,source=Path(path),Path(source)
        fresh_directory(path)
        expected=seed_inventory()
        if set(expected)!=NAMES:raise ValueError('Unexpected normative seed names')
        # Enumerate only handwritten Python; never walk source/research or study trees.
        if any((source/name).is_symlink() for name in NAMES):raise ValueError('Symlink normative seed')
        found={str(p.relative_to(source)) for p in (source/'handwritten').rglob('*.py') if p.name=='financial_factors.py' or re.search(r'^AUTO_IMPLEMENTED = False',p.read_text(),re.M)}
>       if found!=NAMES:raise ValueError('Missing or extra normative source seed')
                        ^^^^^^^^^^^^^^^^^^^^^^^^^^^^^^^^^^^^^^^^^^^^^^^^^^^^^^^^^^
E       ValueError: Missing or extra normative source seed

work/active/WI-052_mfe-financial-rate-limits/implementation/regenerate.py:35: ValueError
_ ERROR at setup of test_stellarator_operating_heat_has_no_public_demand_input _

tmp_path_factory = TempPathFactory(_given_basetemp=None, _trace=<pluggy._tracing.TagTracerSub object at 0x7406e6b690a0>, _basetemp=PosixPath('/tmp/pytest-of-reid/pytest-12321'), _retention_count=3, _retention_policy='all')

    @pytest.fixture(scope='module')
    def native(tmp_path_factory):
        destination=tmp_path_factory.mktemp('wi050-evidence')
        harness=load('run_acceptance')
        import sys
        sys.path.insert(0,str(ROOT/'work/active/WI-052_mfe-financial-rate-limits/implementation'))
        from current_regressions import operating_acceptance
>       scratch,results,inputs=operating_acceptance(destination,harness)
                               ^^^^^^^^^^^^^^^^^^^^^^^^^^^^^^^^^^^^^^^^^

tests/models/test_mfe_operating_heating.py:28: 
_ _ _ _ _ _ _ _ _ _ _ _ _ _ _ _ _ _ _ _ _ _ _ _ _ _ _ _ _ _ _ _ _ _ _ _ _ _ _ _ 
work/active/WI-052_mfe-financial-rate-limits/implementation/current_regressions.py:20: in operating_acceptance
    package=seed_and_generate(scratch/'generated',models_path=models)
            ^^^^^^^^^^^^^^^^^^^^^^^^^^^^^^^^^^^^^^^^^^^^^^^^^^^^^^^^^
_ _ _ _ _ _ _ _ _ _ _ _ _ _ _ _ _ _ _ _ _ _ _ _ _ _ _ _ _ _ _ _ _ _ _ _ _ _ _ _ 

path = PosixPath('/tmp/wi052-operating-regression-edgrmhao/generated')
source = PosixPath('/home/reid/1cfe/fusion-tea-codex-test/exploration/stellarator_e2e/generated')
generator = None
kwargs = {'models_path': PosixPath('/tmp/wi052-operating-regression-edgrmhao/models')}
GenerationConfig = <class 'sysml_codegen.cli.GenerationConfig'>
run_codegen = <function run_codegen at 0x7406b9880540>
expected = {'handwritten/mfe_account_costs/financial_factors.py': 'cf99bae01ee130ba5beba273f227c62e743eec5015e1bfad582ba55dee8702..., 'handwritten/mfe_lcoe_dcf/lcoe_dcf_impl.py': '29dcfeb07a9022954d8a593740687e1e6676a52ae7885e528319e685147c927d', ...}
found = {'handwritten/mfe_account_costs/financial_factors.py', 'handwritten/mfe_account_costs/idc_closed_form_cost_impl.py', '...wer_impl.py', 'handwritten/mfe_lcoe_dcf/lcoe_dcf_impl.py', 'handwritten/mfe_lifecycle/lifecycle_calendar_impl.py', ...}

    def seed_and_generate(path,source=PRODUCTION,*,generator=None,**kwargs):
        from sysml_codegen.cli import GenerationConfig,run_codegen
        path,source=Path(path),Path(source)
        fresh_directory(path)
        expected=seed_inventory()
        if set(expected)!=NAMES:raise ValueError('Unexpected normative seed names')
        # Enumerate only handwritten Python; never walk source/research or study trees.
        if any((source/name).is_symlink() for name in NAMES):raise ValueError('Symlink normative seed')
        found={str(p.relative_to(source)) for p in (source/'handwritten').rglob('*.py') if p.name=='financial_factors.py' or re.search(r'^AUTO_IMPLEMENTED = False',p.read_text(),re.M)}
>       if found!=NAMES:raise ValueError('Missing or extra normative source seed')
                        ^^^^^^^^^^^^^^^^^^^^^^^^^^^^^^^^^^^^^^^^^^^^^^^^^^^^^^^^^^
E       ValueError: Missing or extra normative source seed

work/active/WI-052_mfe-financial-rate-limits/implementation/regenerate.py:35: ValueError
___________ ERROR at setup of test_operating_heat_reserve_invariance ___________

tmp_path_factory = TempPathFactory(_given_basetemp=None, _trace=<pluggy._tracing.TagTracerSub object at 0x7406e6b690a0>, _basetemp=PosixPath('/tmp/pytest-of-reid/pytest-12321'), _retention_count=3, _retention_policy='all')

    @pytest.fixture(scope='module')
    def native(tmp_path_factory):
        destination=tmp_path_factory.mktemp('wi050-evidence')
        harness=load('run_acceptance')
        import sys
        sys.path.insert(0,str(ROOT/'work/active/WI-052_mfe-financial-rate-limits/implementation'))
        from current_regressions import operating_acceptance
>       scratch,results,inputs=operating_acceptance(destination,harness)
                               ^^^^^^^^^^^^^^^^^^^^^^^^^^^^^^^^^^^^^^^^^

tests/models/test_mfe_operating_heating.py:28: 
_ _ _ _ _ _ _ _ _ _ _ _ _ _ _ _ _ _ _ _ _ _ _ _ _ _ _ _ _ _ _ _ _ _ _ _ _ _ _ _ 
work/active/WI-052_mfe-financial-rate-limits/implementation/current_regressions.py:20: in operating_acceptance
    package=seed_and_generate(scratch/'generated',models_path=models)
            ^^^^^^^^^^^^^^^^^^^^^^^^^^^^^^^^^^^^^^^^^^^^^^^^^^^^^^^^^
_ _ _ _ _ _ _ _ _ _ _ _ _ _ _ _ _ _ _ _ _ _ _ _ _ _ _ _ _ _ _ _ _ _ _ _ _ _ _ _ 

path = PosixPath('/tmp/wi052-operating-regression-edgrmhao/generated')
source = PosixPath('/home/reid/1cfe/fusion-tea-codex-test/exploration/stellarator_e2e/generated')
generator = None
kwargs = {'models_path': PosixPath('/tmp/wi052-operating-regression-edgrmhao/models')}
GenerationConfig = <class 'sysml_codegen.cli.GenerationConfig'>
run_codegen = <function run_codegen at 0x7406b9880540>
expected = {'handwritten/mfe_account_costs/financial_factors.py': 'cf99bae01ee130ba5beba273f227c62e743eec5015e1bfad582ba55dee8702..., 'handwritten/mfe_lcoe_dcf/lcoe_dcf_impl.py': '29dcfeb07a9022954d8a593740687e1e6676a52ae7885e528319e685147c927d', ...}
found = {'handwritten/mfe_account_costs/financial_factors.py', 'handwritten/mfe_account_costs/idc_closed_form_cost_impl.py', '...wer_impl.py', 'handwritten/mfe_lcoe_dcf/lcoe_dcf_impl.py', 'handwritten/mfe_lifecycle/lifecycle_calendar_impl.py', ...}

    def seed_and_generate(path,source=PRODUCTION,*,generator=None,**kwargs):
        from sysml_codegen.cli import GenerationConfig,run_codegen
        path,source=Path(path),Path(source)
        fresh_directory(path)
        expected=seed_inventory()
        if set(expected)!=NAMES:raise ValueError('Unexpected normative seed names')
        # Enumerate only handwritten Python; never walk source/research or study trees.
        if any((source/name).is_symlink() for name in NAMES):raise ValueError('Symlink normative seed')
        found={str(p.relative_to(source)) for p in (source/'handwritten').rglob('*.py') if p.name=='financial_factors.py' or re.search(r'^AUTO_IMPLEMENTED = False',p.read_text(),re.M)}
>       if found!=NAMES:raise ValueError('Missing or extra normative source seed')
                        ^^^^^^^^^^^^^^^^^^^^^^^^^^^^^^^^^^^^^^^^^^^^^^^^^^^^^^^^^^
E       ValueError: Missing or extra normative source seed

work/active/WI-052_mfe-financial-rate-limits/implementation/regenerate.py:35: ValueError
_________ ERROR at setup of test_operating_heat_financial_attribution __________

tmp_path_factory = TempPathFactory(_given_basetemp=None, _trace=<pluggy._tracing.TagTracerSub object at 0x7406e6b690a0>, _basetemp=PosixPath('/tmp/pytest-of-reid/pytest-12321'), _retention_count=3, _retention_policy='all')

    @pytest.fixture(scope='module')
    def native(tmp_path_factory):
        destination=tmp_path_factory.mktemp('wi050-evidence')
        harness=load('run_acceptance')
        import sys
        sys.path.insert(0,str(ROOT/'work/active/WI-052_mfe-financial-rate-limits/implementation'))
        from current_regressions import operating_acceptance
>       scratch,results,inputs=operating_acceptance(destination,harness)
                               ^^^^^^^^^^^^^^^^^^^^^^^^^^^^^^^^^^^^^^^^^

tests/models/test_mfe_operating_heating.py:28: 
_ _ _ _ _ _ _ _ _ _ _ _ _ _ _ _ _ _ _ _ _ _ _ _ _ _ _ _ _ _ _ _ _ _ _ _ _ _ _ _ 
work/active/WI-052_mfe-financial-rate-limits/implementation/current_regressions.py:20: in operating_acceptance
    package=seed_and_generate(scratch/'generated',models_path=models)
            ^^^^^^^^^^^^^^^^^^^^^^^^^^^^^^^^^^^^^^^^^^^^^^^^^^^^^^^^^
_ _ _ _ _ _ _ _ _ _ _ _ _ _ _ _ _ _ _ _ _ _ _ _ _ _ _ _ _ _ _ _ _ _ _ _ _ _ _ _ 

path = PosixPath('/tmp/wi052-operating-regression-edgrmhao/generated')
source = PosixPath('/home/reid/1cfe/fusion-tea-codex-test/exploration/stellarator_e2e/generated')
generator = None
kwargs = {'models_path': PosixPath('/tmp/wi052-operating-regression-edgrmhao/models')}
GenerationConfig = <class 'sysml_codegen.cli.GenerationConfig'>
run_codegen = <function run_codegen at 0x7406b9880540>
expected = {'handwritten/mfe_account_costs/financial_factors.py': 'cf99bae01ee130ba5beba273f227c62e743eec5015e1bfad582ba55dee8702..., 'handwritten/mfe_lcoe_dcf/lcoe_dcf_impl.py': '29dcfeb07a9022954d8a593740687e1e6676a52ae7885e528319e685147c927d', ...}
found = {'handwritten/mfe_account_costs/financial_factors.py', 'handwritten/mfe_account_costs/idc_closed_form_cost_impl.py', '...wer_impl.py', 'handwritten/mfe_lcoe_dcf/lcoe_dcf_impl.py', 'handwritten/mfe_lifecycle/lifecycle_calendar_impl.py', ...}

    def seed_and_generate(path,source=PRODUCTION,*,generator=None,**kwargs):
        from sysml_codegen.cli import GenerationConfig,run_codegen
        path,source=Path(path),Path(source)
        fresh_directory(path)
        expected=seed_inventory()
        if set(expected)!=NAMES:raise ValueError('Unexpected normative seed names')
        # Enumerate only handwritten Python; never walk source/research or study trees.
        if any((source/name).is_symlink() for name in NAMES):raise ValueError('Symlink normative seed')
        found={str(p.relative_to(source)) for p in (source/'handwritten').rglob('*.py') if p.name=='financial_factors.py' or re.search(r'^AUTO_IMPLEMENTED = False',p.read_text(),re.M)}
>       if found!=NAMES:raise ValueError('Missing or extra normative source seed')
                        ^^^^^^^^^^^^^^^^^^^^^^^^^^^^^^^^^^^^^^^^^^^^^^^^^^^^^^^^^^
E       ValueError: Missing or extra normative source seed

work/active/WI-052_mfe-financial-rate-limits/implementation/regenerate.py:35: ValueError
__________ ERROR at setup of test_operating_heat_direct_native_parity __________

tmp_path_factory = TempPathFactory(_given_basetemp=None, _trace=<pluggy._tracing.TagTracerSub object at 0x7406e6b690a0>, _basetemp=PosixPath('/tmp/pytest-of-reid/pytest-12321'), _retention_count=3, _retention_policy='all')

    @pytest.fixture(scope='module')
    def native(tmp_path_factory):
        destination=tmp_path_factory.mktemp('wi050-evidence')
        harness=load('run_acceptance')
        import sys
        sys.path.insert(0,str(ROOT/'work/active/WI-052_mfe-financial-rate-limits/implementation'))
        from current_regressions import operating_acceptance
>       scratch,results,inputs=operating_acceptance(destination,harness)
                               ^^^^^^^^^^^^^^^^^^^^^^^^^^^^^^^^^^^^^^^^^

tests/models/test_mfe_operating_heating.py:28: 
_ _ _ _ _ _ _ _ _ _ _ _ _ _ _ _ _ _ _ _ _ _ _ _ _ _ _ _ _ _ _ _ _ _ _ _ _ _ _ _ 
work/active/WI-052_mfe-financial-rate-limits/implementation/current_regressions.py:20: in operating_acceptance
    package=seed_and_generate(scratch/'generated',models_path=models)
            ^^^^^^^^^^^^^^^^^^^^^^^^^^^^^^^^^^^^^^^^^^^^^^^^^^^^^^^^^
_ _ _ _ _ _ _ _ _ _ _ _ _ _ _ _ _ _ _ _ _ _ _ _ _ _ _ _ _ _ _ _ _ _ _ _ _ _ _ _ 

path = PosixPath('/tmp/wi052-operating-regression-edgrmhao/generated')
source = PosixPath('/home/reid/1cfe/fusion-tea-codex-test/exploration/stellarator_e2e/generated')
generator = None
kwargs = {'models_path': PosixPath('/tmp/wi052-operating-regression-edgrmhao/models')}
GenerationConfig = <class 'sysml_codegen.cli.GenerationConfig'>
run_codegen = <function run_codegen at 0x7406b9880540>
expected = {'handwritten/mfe_account_costs/financial_factors.py': 'cf99bae01ee130ba5beba273f227c62e743eec5015e1bfad582ba55dee8702..., 'handwritten/mfe_lcoe_dcf/lcoe_dcf_impl.py': '29dcfeb07a9022954d8a593740687e1e6676a52ae7885e528319e685147c927d', ...}
found = {'handwritten/mfe_account_costs/financial_factors.py', 'handwritten/mfe_account_costs/idc_closed_form_cost_impl.py', '...wer_impl.py', 'handwritten/mfe_lcoe_dcf/lcoe_dcf_impl.py', 'handwritten/mfe_lifecycle/lifecycle_calendar_impl.py', ...}

    def seed_and_generate(path,source=PRODUCTION,*,generator=None,**kwargs):
        from sysml_codegen.cli import GenerationConfig,run_codegen
        path,source=Path(path),Path(source)
        fresh_directory(path)
        expected=seed_inventory()
        if set(expected)!=NAMES:raise ValueError('Unexpected normative seed names')
        # Enumerate only handwritten Python; never walk source/research or study trees.
        if any((source/name).is_symlink() for name in NAMES):raise ValueError('Symlink normative seed')
        found={str(p.relative_to(source)) for p in (source/'handwritten').rglob('*.py') if p.name=='financial_factors.py' or re.search(r'^AUTO_IMPLEMENTED = False',p.read_text(),re.M)}
>       if found!=NAMES:raise ValueError('Missing or extra normative source seed')
                        ^^^^^^^^^^^^^^^^^^^^^^^^^^^^^^^^^^^^^^^^^^^^^^^^^^^^^^^^^^
E       ValueError: Missing or extra normative source seed

work/active/WI-052_mfe-financial-rate-limits/implementation/regenerate.py:35: ValueError
__ ERROR at setup of test_operating_heat_complete_cost_operand_classification __

tmp_path_factory = TempPathFactory(_given_basetemp=None, _trace=<pluggy._tracing.TagTracerSub object at 0x7406e6b690a0>, _basetemp=PosixPath('/tmp/pytest-of-reid/pytest-12321'), _retention_count=3, _retention_policy='all')

    @pytest.fixture(scope='module')
    def native(tmp_path_factory):
        destination=tmp_path_factory.mktemp('wi050-evidence')
        harness=load('run_acceptance')
        import sys
        sys.path.insert(0,str(ROOT/'work/active/WI-052_mfe-financial-rate-limits/implementation'))
        from current_regressions import operating_acceptance
>       scratch,results,inputs=operating_acceptance(destination,harness)
                               ^^^^^^^^^^^^^^^^^^^^^^^^^^^^^^^^^^^^^^^^^

tests/models/test_mfe_operating_heating.py:28: 
_ _ _ _ _ _ _ _ _ _ _ _ _ _ _ _ _ _ _ _ _ _ _ _ _ _ _ _ _ _ _ _ _ _ _ _ _ _ _ _ 
work/active/WI-052_mfe-financial-rate-limits/implementation/current_regressions.py:20: in operating_acceptance
    package=seed_and_generate(scratch/'generated',models_path=models)
            ^^^^^^^^^^^^^^^^^^^^^^^^^^^^^^^^^^^^^^^^^^^^^^^^^^^^^^^^^
_ _ _ _ _ _ _ _ _ _ _ _ _ _ _ _ _ _ _ _ _ _ _ _ _ _ _ _ _ _ _ _ _ _ _ _ _ _ _ _ 

path = PosixPath('/tmp/wi052-operating-regression-edgrmhao/generated')
source = PosixPath('/home/reid/1cfe/fusion-tea-codex-test/exploration/stellarator_e2e/generated')
generator = None
kwargs = {'models_path': PosixPath('/tmp/wi052-operating-regression-edgrmhao/models')}
GenerationConfig = <class 'sysml_codegen.cli.GenerationConfig'>
run_codegen = <function run_codegen at 0x7406b9880540>
expected = {'handwritten/mfe_account_costs/financial_factors.py': 'cf99bae01ee130ba5beba273f227c62e743eec5015e1bfad582ba55dee8702..., 'handwritten/mfe_lcoe_dcf/lcoe_dcf_impl.py': '29dcfeb07a9022954d8a593740687e1e6676a52ae7885e528319e685147c927d', ...}
found = {'handwritten/mfe_account_costs/financial_factors.py', 'handwritten/mfe_account_costs/idc_closed_form_cost_impl.py', '...wer_impl.py', 'handwritten/mfe_lcoe_dcf/lcoe_dcf_impl.py', 'handwritten/mfe_lifecycle/lifecycle_calendar_impl.py', ...}

    def seed_and_generate(path,source=PRODUCTION,*,generator=None,**kwargs):
        from sysml_codegen.cli import GenerationConfig,run_codegen
        path,source=Path(path),Path(source)
        fresh_directory(path)
        expected=seed_inventory()
        if set(expected)!=NAMES:raise ValueError('Unexpected normative seed names')
        # Enumerate only handwritten Python; never walk source/research or study trees.
        if any((source/name).is_symlink() for name in NAMES):raise ValueError('Symlink normative seed')
        found={str(p.relative_to(source)) for p in (source/'handwritten').rglob('*.py') if p.name=='financial_factors.py' or re.search(r'^AUTO_IMPLEMENTED = False',p.read_text(),re.M)}
>       if found!=NAMES:raise ValueError('Missing or extra normative source seed')
                        ^^^^^^^^^^^^^^^^^^^^^^^^^^^^^^^^^^^^^^^^^^^^^^^^^^^^^^^^^^
E       ValueError: Missing or extra normative source seed

work/active/WI-052_mfe-financial-rate-limits/implementation/regenerate.py:35: ValueError
__ ERROR at setup of test_ife_census_is_19_entry_points_18_design_attributes ___

tmp_path_factory = TempPathFactory(_given_basetemp=None, _trace=<pluggy._tracing.TagTracerSub object at 0x7406e6b690a0>, _basetemp=PosixPath('/tmp/pytest-of-reid/pytest-12321'), _retention_count=3, _retention_policy='all')

    @pytest.fixture(scope="module")
    def baselines(tmp_path_factory) -> dict[str, Path]:
        """One live generation per family from its materialized canonical subset."""
        packages: dict[str, Path] = {}
        for name, family in FAMILIES.items():
            root = tmp_path_factory.mktemp(f"baseline-{name}")
            output = root / "package"
>           assert _generate(_subset(root, family), output, family.package_name), (
                   ^^^^^^^^^^^^^^^^^^^^^^^^^^^^^^^^^^^^^^^^^^^^^^^^^^^^^^^^^^^^^
                f"{name}: the canonical subset must generate with zero readiness diagnostics"
            )

tests/models/test_model_family_spines.py:249: 
_ _ _ _ _ _ _ _ _ _ _ _ _ _ _ _ _ _ _ _ _ _ _ _ _ _ _ _ _ _ _ _ _ _ _ _ _ _ _ _ 
tests/models/test_model_family_spines.py:124: in _generate
    seed_and_generate(output, models_path=models)
_ _ _ _ _ _ _ _ _ _ _ _ _ _ _ _ _ _ _ _ _ _ _ _ _ _ _ _ _ _ _ _ _ _ _ _ _ _ _ _ 

path = PosixPath('/tmp/pytest-of-reid/pytest-12321/baseline-mfe0/package')
source = PosixPath('/home/reid/1cfe/fusion-tea-codex-test/exploration/stellarator_e2e/generated')
generator = None
kwargs = {'models_path': PosixPath('/tmp/pytest-of-reid/pytest-12321/baseline-mfe0/model_copy')}
GenerationConfig = <class 'sysml_codegen.cli.GenerationConfig'>
run_codegen = <function run_codegen at 0x7406b9880540>
expected = {'handwritten/mfe_account_costs/financial_factors.py': 'cf99bae01ee130ba5beba273f227c62e743eec5015e1bfad582ba55dee8702..., 'handwritten/mfe_lcoe_dcf/lcoe_dcf_impl.py': '29dcfeb07a9022954d8a593740687e1e6676a52ae7885e528319e685147c927d', ...}
found = {'handwritten/mfe_account_costs/financial_factors.py', 'handwritten/mfe_account_costs/idc_closed_form_cost_impl.py', '...wer_impl.py', 'handwritten/mfe_lcoe_dcf/lcoe_dcf_impl.py', 'handwritten/mfe_lifecycle/lifecycle_calendar_impl.py', ...}

    def seed_and_generate(path,source=PRODUCTION,*,generator=None,**kwargs):
        from sysml_codegen.cli import GenerationConfig,run_codegen
        path,source=Path(path),Path(source)
        fresh_directory(path)
        expected=seed_inventory()
        if set(expected)!=NAMES:raise ValueError('Unexpected normative seed names')
        # Enumerate only handwritten Python; never walk source/research or study trees.
        if any((source/name).is_symlink() for name in NAMES):raise ValueError('Symlink normative seed')
        found={str(p.relative_to(source)) for p in (source/'handwritten').rglob('*.py') if p.name=='financial_factors.py' or re.search(r'^AUTO_IMPLEMENTED = False',p.read_text(),re.M)}
>       if found!=NAMES:raise ValueError('Missing or extra normative source seed')
                        ^^^^^^^^^^^^^^^^^^^^^^^^^^^^^^^^^^^^^^^^^^^^^^^^^^^^^^^^^^
E       ValueError: Missing or extra normative source seed

work/active/WI-052_mfe-financial-rate-limits/implementation/regenerate.py:35: ValueError
_ ERROR at setup of test_mfe_census_matches_current_generated_public_contract __

tmp_path_factory = TempPathFactory(_given_basetemp=None, _trace=<pluggy._tracing.TagTracerSub object at 0x7406e6b690a0>, _basetemp=PosixPath('/tmp/pytest-of-reid/pytest-12321'), _retention_count=3, _retention_policy='all')

    @pytest.fixture(scope="module")
    def baselines(tmp_path_factory) -> dict[str, Path]:
        """One live generation per family from its materialized canonical subset."""
        packages: dict[str, Path] = {}
        for name, family in FAMILIES.items():
            root = tmp_path_factory.mktemp(f"baseline-{name}")
            output = root / "package"
>           assert _generate(_subset(root, family), output, family.package_name), (
                   ^^^^^^^^^^^^^^^^^^^^^^^^^^^^^^^^^^^^^^^^^^^^^^^^^^^^^^^^^^^^^
                f"{name}: the canonical subset must generate with zero readiness diagnostics"
            )

tests/models/test_model_family_spines.py:249: 
_ _ _ _ _ _ _ _ _ _ _ _ _ _ _ _ _ _ _ _ _ _ _ _ _ _ _ _ _ _ _ _ _ _ _ _ _ _ _ _ 
tests/models/test_model_family_spines.py:124: in _generate
    seed_and_generate(output, models_path=models)
_ _ _ _ _ _ _ _ _ _ _ _ _ _ _ _ _ _ _ _ _ _ _ _ _ _ _ _ _ _ _ _ _ _ _ _ _ _ _ _ 

path = PosixPath('/tmp/pytest-of-reid/pytest-12321/baseline-mfe0/package')
source = PosixPath('/home/reid/1cfe/fusion-tea-codex-test/exploration/stellarator_e2e/generated')
generator = None
kwargs = {'models_path': PosixPath('/tmp/pytest-of-reid/pytest-12321/baseline-mfe0/model_copy')}
GenerationConfig = <class 'sysml_codegen.cli.GenerationConfig'>
run_codegen = <function run_codegen at 0x7406b9880540>
expected = {'handwritten/mfe_account_costs/financial_factors.py': 'cf99bae01ee130ba5beba273f227c62e743eec5015e1bfad582ba55dee8702..., 'handwritten/mfe_lcoe_dcf/lcoe_dcf_impl.py': '29dcfeb07a9022954d8a593740687e1e6676a52ae7885e528319e685147c927d', ...}
found = {'handwritten/mfe_account_costs/financial_factors.py', 'handwritten/mfe_account_costs/idc_closed_form_cost_impl.py', '...wer_impl.py', 'handwritten/mfe_lcoe_dcf/lcoe_dcf_impl.py', 'handwritten/mfe_lifecycle/lifecycle_calendar_impl.py', ...}

    def seed_and_generate(path,source=PRODUCTION,*,generator=None,**kwargs):
        from sysml_codegen.cli import GenerationConfig,run_codegen
        path,source=Path(path),Path(source)
        fresh_directory(path)
        expected=seed_inventory()
        if set(expected)!=NAMES:raise ValueError('Unexpected normative seed names')
        # Enumerate only handwritten Python; never walk source/research or study trees.
        if any((source/name).is_symlink() for name in NAMES):raise ValueError('Symlink normative seed')
        found={str(p.relative_to(source)) for p in (source/'handwritten').rglob('*.py') if p.name=='financial_factors.py' or re.search(r'^AUTO_IMPLEMENTED = False',p.read_text(),re.M)}
>       if found!=NAMES:raise ValueError('Missing or extra normative source seed')
                        ^^^^^^^^^^^^^^^^^^^^^^^^^^^^^^^^^^^^^^^^^^^^^^^^^^^^^^^^^^
E       ValueError: Missing or extra normative source seed

work/active/WI-052_mfe-financial-rate-limits/implementation/regenerate.py:35: ValueError
_ ERROR at setup of test_ife_gain_mutation_reaches_every_and_only_its_three_consumers _

tmp_path_factory = TempPathFactory(_given_basetemp=None, _trace=<pluggy._tracing.TagTracerSub object at 0x7406e6b690a0>, _basetemp=PosixPath('/tmp/pytest-of-reid/pytest-12321'), _retention_count=3, _retention_policy='all')

    @pytest.fixture(scope="module")
    def baselines(tmp_path_factory) -> dict[str, Path]:
        """One live generation per family from its materialized canonical subset."""
        packages: dict[str, Path] = {}
        for name, family in FAMILIES.items():
            root = tmp_path_factory.mktemp(f"baseline-{name}")
            output = root / "package"
>           assert _generate(_subset(root, family), output, family.package_name), (
                   ^^^^^^^^^^^^^^^^^^^^^^^^^^^^^^^^^^^^^^^^^^^^^^^^^^^^^^^^^^^^^
                f"{name}: the canonical subset must generate with zero readiness diagnostics"
            )

tests/models/test_model_family_spines.py:249: 
_ _ _ _ _ _ _ _ _ _ _ _ _ _ _ _ _ _ _ _ _ _ _ _ _ _ _ _ _ _ _ _ _ _ _ _ _ _ _ _ 
tests/models/test_model_family_spines.py:124: in _generate
    seed_and_generate(output, models_path=models)
_ _ _ _ _ _ _ _ _ _ _ _ _ _ _ _ _ _ _ _ _ _ _ _ _ _ _ _ _ _ _ _ _ _ _ _ _ _ _ _ 

path = PosixPath('/tmp/pytest-of-reid/pytest-12321/baseline-mfe0/package')
source = PosixPath('/home/reid/1cfe/fusion-tea-codex-test/exploration/stellarator_e2e/generated')
generator = None
kwargs = {'models_path': PosixPath('/tmp/pytest-of-reid/pytest-12321/baseline-mfe0/model_copy')}
GenerationConfig = <class 'sysml_codegen.cli.GenerationConfig'>
run_codegen = <function run_codegen at 0x7406b9880540>
expected = {'handwritten/mfe_account_costs/financial_factors.py': 'cf99bae01ee130ba5beba273f227c62e743eec5015e1bfad582ba55dee8702..., 'handwritten/mfe_lcoe_dcf/lcoe_dcf_impl.py': '29dcfeb07a9022954d8a593740687e1e6676a52ae7885e528319e685147c927d', ...}
found = {'handwritten/mfe_account_costs/financial_factors.py', 'handwritten/mfe_account_costs/idc_closed_form_cost_impl.py', '...wer_impl.py', 'handwritten/mfe_lcoe_dcf/lcoe_dcf_impl.py', 'handwritten/mfe_lifecycle/lifecycle_calendar_impl.py', ...}

    def seed_and_generate(path,source=PRODUCTION,*,generator=None,**kwargs):
        from sysml_codegen.cli import GenerationConfig,run_codegen
        path,source=Path(path),Path(source)
        fresh_directory(path)
        expected=seed_inventory()
        if set(expected)!=NAMES:raise ValueError('Unexpected normative seed names')
        # Enumerate only handwritten Python; never walk source/research or study trees.
        if any((source/name).is_symlink() for name in NAMES):raise ValueError('Symlink normative seed')
        found={str(p.relative_to(source)) for p in (source/'handwritten').rglob('*.py') if p.name=='financial_factors.py' or re.search(r'^AUTO_IMPLEMENTED = False',p.read_text(),re.M)}
>       if found!=NAMES:raise ValueError('Missing or extra normative source seed')
                        ^^^^^^^^^^^^^^^^^^^^^^^^^^^^^^^^^^^^^^^^^^^^^^^^^^^^^^^^^^
E       ValueError: Missing or extra normative source seed

work/active/WI-052_mfe-financial-rate-limits/implementation/regenerate.py:35: ValueError
___ ERROR at setup of test_ife_beam_energy_mutation_has_one_direct_consumer ____

tmp_path_factory = TempPathFactory(_given_basetemp=None, _trace=<pluggy._tracing.TagTracerSub object at 0x7406e6b690a0>, _basetemp=PosixPath('/tmp/pytest-of-reid/pytest-12321'), _retention_count=3, _retention_policy='all')

    @pytest.fixture(scope="module")
    def baselines(tmp_path_factory) -> dict[str, Path]:
        """One live generation per family from its materialized canonical subset."""
        packages: dict[str, Path] = {}
        for name, family in FAMILIES.items():
            root = tmp_path_factory.mktemp(f"baseline-{name}")
            output = root / "package"
>           assert _generate(_subset(root, family), output, family.package_name), (
                   ^^^^^^^^^^^^^^^^^^^^^^^^^^^^^^^^^^^^^^^^^^^^^^^^^^^^^^^^^^^^^
                f"{name}: the canonical subset must generate with zero readiness diagnostics"
            )

tests/models/test_model_family_spines.py:249: 
_ _ _ _ _ _ _ _ _ _ _ _ _ _ _ _ _ _ _ _ _ _ _ _ _ _ _ _ _ _ _ _ _ _ _ _ _ _ _ _ 
tests/models/test_model_family_spines.py:124: in _generate
    seed_and_generate(output, models_path=models)
_ _ _ _ _ _ _ _ _ _ _ _ _ _ _ _ _ _ _ _ _ _ _ _ _ _ _ _ _ _ _ _ _ _ _ _ _ _ _ _ 

path = PosixPath('/tmp/pytest-of-reid/pytest-12321/baseline-mfe0/package')
source = PosixPath('/home/reid/1cfe/fusion-tea-codex-test/exploration/stellarator_e2e/generated')
generator = None
kwargs = {'models_path': PosixPath('/tmp/pytest-of-reid/pytest-12321/baseline-mfe0/model_copy')}
GenerationConfig = <class 'sysml_codegen.cli.GenerationConfig'>
run_codegen = <function run_codegen at 0x7406b9880540>
expected = {'handwritten/mfe_account_costs/financial_factors.py': 'cf99bae01ee130ba5beba273f227c62e743eec5015e1bfad582ba55dee8702..., 'handwritten/mfe_lcoe_dcf/lcoe_dcf_impl.py': '29dcfeb07a9022954d8a593740687e1e6676a52ae7885e528319e685147c927d', ...}
found = {'handwritten/mfe_account_costs/financial_factors.py', 'handwritten/mfe_account_costs/idc_closed_form_cost_impl.py', '...wer_impl.py', 'handwritten/mfe_lcoe_dcf/lcoe_dcf_impl.py', 'handwritten/mfe_lifecycle/lifecycle_calendar_impl.py', ...}

    def seed_and_generate(path,source=PRODUCTION,*,generator=None,**kwargs):
        from sysml_codegen.cli import GenerationConfig,run_codegen
        path,source=Path(path),Path(source)
        fresh_directory(path)
        expected=seed_inventory()
        if set(expected)!=NAMES:raise ValueError('Unexpected normative seed names')
        # Enumerate only handwritten Python; never walk source/research or study trees.
        if any((source/name).is_symlink() for name in NAMES):raise ValueError('Symlink normative seed')
        found={str(p.relative_to(source)) for p in (source/'handwritten').rglob('*.py') if p.name=='financial_factors.py' or re.search(r'^AUTO_IMPLEMENTED = False',p.read_text(),re.M)}
>       if found!=NAMES:raise ValueError('Missing or extra normative source seed')
                        ^^^^^^^^^^^^^^^^^^^^^^^^^^^^^^^^^^^^^^^^^^^^^^^^^^^^^^^^^^
E       ValueError: Missing or extra normative source seed

work/active/WI-052_mfe-financial-rate-limits/implementation/regenerate.py:35: ValueError
_ ERROR at setup of test_mfe_cas28_capital_mutation_reaches_every_and_only_its_two_rollups _

tmp_path_factory = TempPathFactory(_given_basetemp=None, _trace=<pluggy._tracing.TagTracerSub object at 0x7406e6b690a0>, _basetemp=PosixPath('/tmp/pytest-of-reid/pytest-12321'), _retention_count=3, _retention_policy='all')

    @pytest.fixture(scope="module")
    def baselines(tmp_path_factory) -> dict[str, Path]:
        """One live generation per family from its materialized canonical subset."""
        packages: dict[str, Path] = {}
        for name, family in FAMILIES.items():
            root = tmp_path_factory.mktemp(f"baseline-{name}")
            output = root / "package"
>           assert _generate(_subset(root, family), output, family.package_name), (
                   ^^^^^^^^^^^^^^^^^^^^^^^^^^^^^^^^^^^^^^^^^^^^^^^^^^^^^^^^^^^^^
                f"{name}: the canonical subset must generate with zero readiness diagnostics"
            )

tests/models/test_model_family_spines.py:249: 
_ _ _ _ _ _ _ _ _ _ _ _ _ _ _ _ _ _ _ _ _ _ _ _ _ _ _ _ _ _ _ _ _ _ _ _ _ _ _ _ 
tests/models/test_model_family_spines.py:124: in _generate
    seed_and_generate(output, models_path=models)
_ _ _ _ _ _ _ _ _ _ _ _ _ _ _ _ _ _ _ _ _ _ _ _ _ _ _ _ _ _ _ _ _ _ _ _ _ _ _ _ 

path = PosixPath('/tmp/pytest-of-reid/pytest-12321/baseline-mfe0/package')
source = PosixPath('/home/reid/1cfe/fusion-tea-codex-test/exploration/stellarator_e2e/generated')
generator = None
kwargs = {'models_path': PosixPath('/tmp/pytest-of-reid/pytest-12321/baseline-mfe0/model_copy')}
GenerationConfig = <class 'sysml_codegen.cli.GenerationConfig'>
run_codegen = <function run_codegen at 0x7406b9880540>
expected = {'handwritten/mfe_account_costs/financial_factors.py': 'cf99bae01ee130ba5beba273f227c62e743eec5015e1bfad582ba55dee8702..., 'handwritten/mfe_lcoe_dcf/lcoe_dcf_impl.py': '29dcfeb07a9022954d8a593740687e1e6676a52ae7885e528319e685147c927d', ...}
found = {'handwritten/mfe_account_costs/financial_factors.py', 'handwritten/mfe_account_costs/idc_closed_form_cost_impl.py', '...wer_impl.py', 'handwritten/mfe_lcoe_dcf/lcoe_dcf_impl.py', 'handwritten/mfe_lifecycle/lifecycle_calendar_impl.py', ...}

    def seed_and_generate(path,source=PRODUCTION,*,generator=None,**kwargs):
        from sysml_codegen.cli import GenerationConfig,run_codegen
        path,source=Path(path),Path(source)
        fresh_directory(path)
        expected=seed_inventory()
        if set(expected)!=NAMES:raise ValueError('Unexpected normative seed names')
        # Enumerate only handwritten Python; never walk source/research or study trees.
        if any((source/name).is_symlink() for name in NAMES):raise ValueError('Symlink normative seed')
        found={str(p.relative_to(source)) for p in (source/'handwritten').rglob('*.py') if p.name=='financial_factors.py' or re.search(r'^AUTO_IMPLEMENTED = False',p.read_text(),re.M)}
>       if found!=NAMES:raise ValueError('Missing or extra normative source seed')
                        ^^^^^^^^^^^^^^^^^^^^^^^^^^^^^^^^^^^^^^^^^^^^^^^^^^^^^^^^^^
E       ValueError: Missing or extra normative source seed

work/active/WI-052_mfe-financial-rate-limits/implementation/regenerate.py:35: ValueError
_ ERROR at setup of test_mfe_blanket_thickness_mutation_reaches_the_radial_build_and_nothing_else _

tmp_path_factory = TempPathFactory(_given_basetemp=None, _trace=<pluggy._tracing.TagTracerSub object at 0x7406e6b690a0>, _basetemp=PosixPath('/tmp/pytest-of-reid/pytest-12321'), _retention_count=3, _retention_policy='all')

    @pytest.fixture(scope="module")
    def baselines(tmp_path_factory) -> dict[str, Path]:
        """One live generation per family from its materialized canonical subset."""
        packages: dict[str, Path] = {}
        for name, family in FAMILIES.items():
            root = tmp_path_factory.mktemp(f"baseline-{name}")
            output = root / "package"
>           assert _generate(_subset(root, family), output, family.package_name), (
                   ^^^^^^^^^^^^^^^^^^^^^^^^^^^^^^^^^^^^^^^^^^^^^^^^^^^^^^^^^^^^^
                f"{name}: the canonical subset must generate with zero readiness diagnostics"
            )

tests/models/test_model_family_spines.py:249: 
_ _ _ _ _ _ _ _ _ _ _ _ _ _ _ _ _ _ _ _ _ _ _ _ _ _ _ _ _ _ _ _ _ _ _ _ _ _ _ _ 
tests/models/test_model_family_spines.py:124: in _generate
    seed_and_generate(output, models_path=models)
_ _ _ _ _ _ _ _ _ _ _ _ _ _ _ _ _ _ _ _ _ _ _ _ _ _ _ _ _ _ _ _ _ _ _ _ _ _ _ _ 

path = PosixPath('/tmp/pytest-of-reid/pytest-12321/baseline-mfe0/package')
source = PosixPath('/home/reid/1cfe/fusion-tea-codex-test/exploration/stellarator_e2e/generated')
generator = None
kwargs = {'models_path': PosixPath('/tmp/pytest-of-reid/pytest-12321/baseline-mfe0/model_copy')}
GenerationConfig = <class 'sysml_codegen.cli.GenerationConfig'>
run_codegen = <function run_codegen at 0x7406b9880540>
expected = {'handwritten/mfe_account_costs/financial_factors.py': 'cf99bae01ee130ba5beba273f227c62e743eec5015e1bfad582ba55dee8702..., 'handwritten/mfe_lcoe_dcf/lcoe_dcf_impl.py': '29dcfeb07a9022954d8a593740687e1e6676a52ae7885e528319e685147c927d', ...}
found = {'handwritten/mfe_account_costs/financial_factors.py', 'handwritten/mfe_account_costs/idc_closed_form_cost_impl.py', '...wer_impl.py', 'handwritten/mfe_lcoe_dcf/lcoe_dcf_impl.py', 'handwritten/mfe_lifecycle/lifecycle_calendar_impl.py', ...}

    def seed_and_generate(path,source=PRODUCTION,*,generator=None,**kwargs):
        from sysml_codegen.cli import GenerationConfig,run_codegen
        path,source=Path(path),Path(source)
        fresh_directory(path)
        expected=seed_inventory()
        if set(expected)!=NAMES:raise ValueError('Unexpected normative seed names')
        # Enumerate only handwritten Python; never walk source/research or study trees.
        if any((source/name).is_symlink() for name in NAMES):raise ValueError('Symlink normative seed')
        found={str(p.relative_to(source)) for p in (source/'handwritten').rglob('*.py') if p.name=='financial_factors.py' or re.search(r'^AUTO_IMPLEMENTED = False',p.read_text(),re.M)}
>       if found!=NAMES:raise ValueError('Missing or extra normative source seed')
                        ^^^^^^^^^^^^^^^^^^^^^^^^^^^^^^^^^^^^^^^^^^^^^^^^^^^^^^^^^^
E       ValueError: Missing or extra normative source seed

work/active/WI-052_mfe-financial-rate-limits/implementation/regenerate.py:35: ValueError
=================================== FAILURES ===================================
______________ test_binding_documentation_and_source_preservation ______________

tmp_path = PosixPath('/tmp/pytest-of-reid/pytest-12321/test_binding_documentation_and0')

    def test_binding_documentation_and_source_preservation(tmp_path):
        from agentic_mbse.sysml.syside_adapter import get_syside
        models=materialize_canonical_subset(MFE,tmp_path/'models')
        syside=get_syside()
        model,diagnostics=syside.try_load_model([str(p) for p in sorted(models.rglob('*.sysml'))])
        for category in ('parser','sema'):
            assert not [d for d in getattr(diagnostics,category) if d.severity==syside.DiagnosticSeverity.Error]
        attached=[(e,d.body) for e in model.elements(syside.ReferenceUsage) for d in e.documentation if '[INHERITED: T-021@2f8856b7]' in d.body]
        assert len(attached)==1
        element,doc=attached[0]
        assert element.name=='R0' and str(element.qualified_name)=="mfe_plant::'MFE Power Plant'::magnet::R0"
        assert all(x in doc for x in ('Source: work/analysis/20260911-230953_radius-ownership-evidence/source-meaning.md','Ref:','Basis:','Last Updated:','## Assessment'))
        assert ':>> R0 = R {' in (models/'designs/generic_mfe/mfe_plant.sysml').read_text()
        assert ':>> R0 = 12.7;' not in (models/'designs/stellarator_09/stellarator_plant.sysml').read_text()
        for p in MFE.owned:
            assert canonical_path(p).read_bytes()==(MFE.twin/p).read_bytes()
            if p not in ('designs/generic_mfe/mfe_plant.sysml','designs/stellarator_09/stellarator_plant.sysml','analyses/mfe_account_costs.sysml','analyses/mfe_lcoe_dcf.sysml','analyses/mfe_lifecycle.sysml'):
>               assert (models/p).read_bytes()==(H/'entering-models'/p).read_bytes()
E               AssertionError: assert b'package mfe...;\n    }\n}\n' == b'package mfe...;\n    }\n}\n'
E                 
E                 At index 1497 diff: b'D' != b'*'
E                 Use -v to get more diff

tests/models/test_mfe_major_radius.py:35: AssertionError
___________ test_current_contract_edges_and_fresh_package_agreement ____________

    def test_current_contract_edges_and_fresh_package_agreement():
        import runpy
        runpy.run_path(str(H/'contract_checks.py'))
        expected=json.loads((H/'generated-hashes.json').read_text())
        for path in ('source-attempt-1','snapshot-attempt-1'):
            assert hashes(H/path)==expected
        # Historical generation receipts stay frozen; current package has WI-052 finance.
        current=ROOT/'work/active/WI-052_mfe-financial-rate-limits/implementation'
>       assert hashes(ROOT/'exploration/stellarator_e2e/generated')==json.loads((current/'production-hashes.json').read_text())
E       AssertionError: assert {'IMPLEMENTAT...0b07bc2', ...} == {'IMPLEMENTAT...0b07bc2', ...}
E         
E         Omitting 225 identical items, use -vv to show
E         Differing items:
E         {'modules/mfe_lcoe_dcf/lcoe_dcf.py': '943a8e8e3bd4323d52458682c651552b42bf84e83f285a3f4f88dd5180eabb48'} != {'modules/mfe_lcoe_dcf/lcoe_dcf.py': 'd1ed935cf283357d385cc4a5a33376801368134eef8e54479badea528e3c9606'}
E         {'schemas/annual_cost_rollup_output.py': '77a8eb444f3fde1c88826c709fa3bb6142bf320c64e9e07f42f739402ca0d75a'} != {'schemas/annual_cost_rollup_output.py': '7b52f42709b23fcf453605c35d3387dac679cd85efe72bf19c77f8cdeb29da2b'}
E         {'schemas/lifecycle_calendar_output.py': '2fbfea3b95934018c278f06e2bab9b9cdc11839fc...
E         
E         ...Full output truncated (21 lines hidden), use '-vv' to show

tests/models/test_mfe_major_radius.py:86: AssertionError
----------------------------- Captured stdout call -----------------------------
PASS all 246 surviving parameter records/default values exact; only five binding operands change; fixed anchor edges exact
PASS exact nine edges, six anchor edges, complete contract census and delta
__________ test_family_subset_generates_and_live_equals_snapshot[mfe] __________

family = 'mfe'
tmp_path = PosixPath('/tmp/pytest-of-reid/pytest-12321/test_family_subset_generates_a1')

    @pytest.mark.parametrize("family", sorted(FAMILIES))
    def test_family_subset_generates_and_live_equals_snapshot(family: str, tmp_path: Path) -> None:
        """Each family alone: generation (which seals) succeeds, and the v6 snapshot route
        reproduces the live package exactly."""
        spec = FAMILIES[family]
        models = _subset(tmp_path, spec)
        live = tmp_path / "live"
>       assert _generate(models, live, spec.package_name), family
               ^^^^^^^^^^^^^^^^^^^^^^^^^^^^^^^^^^^^^^^^^^

tests/models/test_model_family_spines.py:314: 
_ _ _ _ _ _ _ _ _ _ _ _ _ _ _ _ _ _ _ _ _ _ _ _ _ _ _ _ _ _ _ _ _ _ _ _ _ _ _ _ 
tests/models/test_model_family_spines.py:124: in _generate
    seed_and_generate(output, models_path=models)
_ _ _ _ _ _ _ _ _ _ _ _ _ _ _ _ _ _ _ _ _ _ _ _ _ _ _ _ _ _ _ _ _ _ _ _ _ _ _ _ 

path = PosixPath('/tmp/pytest-of-reid/pytest-12321/test_family_subset_generates_a1/live')
source = PosixPath('/home/reid/1cfe/fusion-tea-codex-test/exploration/stellarator_e2e/generated')
generator = None
kwargs = {'models_path': PosixPath('/tmp/pytest-of-reid/pytest-12321/test_family_subset_generates_a1/model_copy')}
GenerationConfig = <class 'sysml_codegen.cli.GenerationConfig'>
run_codegen = <function run_codegen at 0x7406b9880540>
expected = {'handwritten/mfe_account_costs/financial_factors.py': 'cf99bae01ee130ba5beba273f227c62e743eec5015e1bfad582ba55dee8702..., 'handwritten/mfe_lcoe_dcf/lcoe_dcf_impl.py': '29dcfeb07a9022954d8a593740687e1e6676a52ae7885e528319e685147c927d', ...}
found = {'handwritten/mfe_account_costs/financial_factors.py', 'handwritten/mfe_account_costs/idc_closed_form_cost_impl.py', '...wer_impl.py', 'handwritten/mfe_lcoe_dcf/lcoe_dcf_impl.py', 'handwritten/mfe_lifecycle/lifecycle_calendar_impl.py', ...}

    def seed_and_generate(path,source=PRODUCTION,*,generator=None,**kwargs):
        from sysml_codegen.cli import GenerationConfig,run_codegen
        path,source=Path(path),Path(source)
        fresh_directory(path)
        expected=seed_inventory()
        if set(expected)!=NAMES:raise ValueError('Unexpected normative seed names')
        # Enumerate only handwritten Python; never walk source/research or study trees.
        if any((source/name).is_symlink() for name in NAMES):raise ValueError('Symlink normative seed')
        found={str(p.relative_to(source)) for p in (source/'handwritten').rglob('*.py') if p.name=='financial_factors.py' or re.search(r'^AUTO_IMPLEMENTED = False',p.read_text(),re.M)}
>       if found!=NAMES:raise ValueError('Missing or extra normative source seed')
                        ^^^^^^^^^^^^^^^^^^^^^^^^^^^^^^^^^^^^^^^^^^^^^^^^^^^^^^^^^^
E       ValueError: Missing or extra normative source seed

work/active/WI-052_mfe-financial-rate-limits/implementation/regenerate.py:35: ValueError
=============================== warnings summary ===============================
tests/models/test_mfe_financial_calendar.py: 37 warnings
  tests/models/test_mfe_financial_calendar.py:112: PytestWarning: record_property is incompatible with junit_family 'xunit2' (use 'legacy' or 'xunit1')
    @pytest.mark.parametrize('name',CASES)

tests/models/test_mfe_financial_rate_limits.py: 11 warnings
  tests/models/test_mfe_financial_rate_limits.py:62: PytestWarning: record_property is incompatible with junit_family 'xunit2' (use 'legacy' or 'xunit1')
    @pytest.mark.parametrize('duration', DURATIONS)

tests/models/test_mfe_financial_rate_limits.py: 31 warnings
  tests/models/test_mfe_financial_rate_limits.py:96: PytestWarning: record_property is incompatible with junit_family 'xunit2' (use 'legacy' or 'xunit1')
    @pytest.mark.parametrize('n,t', [(n, t) for n in DURATIONS for t in (8., 8.5)]

-- Docs: https://docs.pytest.org/en/stable/how-to/capture-warnings.html
=========================== short test summary info ============================
FAILED tests/models/test_mfe_major_radius.py::test_binding_documentation_and_source_preservation
FAILED tests/models/test_mfe_major_radius.py::test_current_contract_edges_and_fresh_package_agreement
FAILED tests/models/test_model_family_spines.py::test_family_subset_generates_and_live_equals_snapshot[mfe]
ERROR tests/models/test_mfe_major_radius.py::test_complete_native_and_direct_parity[baseline]
ERROR tests/models/test_mfe_major_radius.py::test_complete_native_and_direct_parity[R14]
ERROR tests/models/test_mfe_major_radius.py::test_independent_radius_ratios_and_fixed_anchors
ERROR tests/models/test_mfe_major_radius.py::test_standalone_radius_formals[coil_length]
ERROR tests/models/test_mfe_major_radius.py::test_standalone_radius_formals[field_calc]
ERROR tests/models/test_mfe_major_radius.py::test_standalone_radius_formals[stored_energy]
ERROR tests/models/test_mfe_major_radius.py::test_standalone_radius_formals[magnet_cost]
ERROR tests/models/test_mfe_major_radius.py::test_retired_radius_refused[alone-native]
ERROR tests/models/test_mfe_major_radius.py::test_retired_radius_refused[alone-schema]
ERROR tests/models/test_mfe_major_radius.py::test_retired_radius_refused[alone-helper]
ERROR tests/models/test_mfe_major_radius.py::test_retired_radius_refused[alone-single]
ERROR tests/models/test_mfe_major_radius.py::test_retired_radius_refused[alone-cli]
ERROR tests/models/test_mfe_major_radius.py::test_retired_radius_refused[equal-native]
ERROR tests/models/test_mfe_major_radius.py::test_retired_radius_refused[equal-schema]
ERROR tests/models/test_mfe_major_radius.py::test_retired_radius_refused[equal-helper]
ERROR tests/models/test_mfe_major_radius.py::test_retired_radius_refused[equal-single]
ERROR tests/models/test_mfe_major_radius.py::test_retired_radius_refused[equal-cli]
ERROR tests/models/test_mfe_major_radius.py::test_retired_radius_refused[conflicting-native]
ERROR tests/models/test_mfe_major_radius.py::test_retired_radius_refused[conflicting-schema]
ERROR tests/models/test_mfe_major_radius.py::test_retired_radius_refused[conflicting-helper]
ERROR tests/models/test_mfe_major_radius.py::test_retired_radius_refused[conflicting-single]
ERROR tests/models/test_mfe_major_radius.py::test_retired_radius_refused[conflicting-cli]
ERROR tests/models/test_mfe_major_radius.py::test_retired_radius_refused[zero-native]
ERROR tests/models/test_mfe_major_radius.py::test_retired_radius_refused[zero-schema]
ERROR tests/models/test_mfe_major_radius.py::test_retired_radius_refused[zero-helper]
ERROR tests/models/test_mfe_major_radius.py::test_retired_radius_refused[zero-single]
ERROR tests/models/test_mfe_major_radius.py::test_retired_radius_refused[zero-cli]
ERROR tests/models/test_mfe_major_radius.py::test_unified_invalid_radius_failure[R4-native]
ERROR tests/models/test_mfe_major_radius.py::test_unified_invalid_radius_failure[R4-helper]
ERROR tests/models/test_mfe_major_radius.py::test_unified_invalid_radius_failure[R4-single]
ERROR tests/models/test_mfe_major_radius.py::test_unified_invalid_radius_failure[coil-centre-native]
ERROR tests/models/test_mfe_major_radius.py::test_unified_invalid_radius_failure[coil-centre-helper]
ERROR tests/models/test_mfe_major_radius.py::test_unified_invalid_radius_failure[coil-centre-single]
ERROR tests/models/test_mfe_major_radius.py::test_unified_invalid_radius_failure[R3-native]
ERROR tests/models/test_mfe_major_radius.py::test_unified_invalid_radius_failure[R3-helper]
ERROR tests/models/test_mfe_major_radius.py::test_unified_invalid_radius_failure[R3-single]
ERROR tests/models/test_mfe_major_radius.py::test_unified_invalid_radius_failure[zero-native]
ERROR tests/models/test_mfe_major_radius.py::test_unified_invalid_radius_failure[zero-helper]
ERROR tests/models/test_mfe_major_radius.py::test_unified_invalid_radius_failure[zero-single]
ERROR tests/models/test_mfe_major_radius.py::test_unified_invalid_radius_failure[negative-native]
ERROR tests/models/test_mfe_major_radius.py::test_unified_invalid_radius_failure[negative-helper]
ERROR tests/models/test_mfe_major_radius.py::test_unified_invalid_radius_failure[negative-single]
ERROR tests/models/test_mfe_major_radius.py::test_peak_component_preserves_open_f07[valid]
ERROR tests/models/test_mfe_major_radius.py::test_peak_component_preserves_open_f07[original_negative]
ERROR tests/models/test_mfe_major_radius.py::test_peak_component_preserves_open_f07[equality]
ERROR tests/models/test_mfe_major_radius.py::test_peak_component_preserves_open_f07[reference_equal]
ERROR tests/models/test_mfe_major_radius.py::test_peak_component_preserves_open_f07[reference_inverted]
ERROR tests/models/test_mfe_operating_heating.py::test_operating_heat_signed_demand_bounds
ERROR tests/models/test_mfe_operating_heating.py::test_generic_heating_default_modes
ERROR tests/models/test_mfe_operating_heating.py::test_heating_efficiency_scalar_consumers
ERROR tests/models/test_mfe_operating_heating.py::test_stellarator_operating_heat_has_no_public_demand_input
ERROR tests/models/test_mfe_operating_heating.py::test_operating_heat_reserve_invariance
ERROR tests/models/test_mfe_operating_heating.py::test_operating_heat_financial_attribution
ERROR tests/models/test_mfe_operating_heating.py::test_operating_heat_direct_native_parity
ERROR tests/models/test_mfe_operating_heating.py::test_operating_heat_complete_cost_operand_classification
ERROR tests/models/test_model_family_spines.py::test_ife_census_is_19_entry_points_18_design_attributes
ERROR tests/models/test_model_family_spines.py::test_mfe_census_matches_current_generated_public_contract
ERROR tests/models/test_model_family_spines.py::test_ife_gain_mutation_reaches_every_and_only_its_three_consumers
ERROR tests/models/test_model_family_spines.py::test_ife_beam_energy_mutation_has_one_direct_consumer
ERROR tests/models/test_model_family_spines.py::test_mfe_cas28_capital_mutation_reaches_every_and_only_its_two_rollups
ERROR tests/models/test_model_family_spines.py::test_mfe_blanket_thickness_mutation_reaches_the_radial_build_and_nothing_else
3 failed, 502 passed, 13 skipped, 79 warnings, 61 errors in 16.69s
