parameter,entry_type,direct_consumer_count,role_review_home,compliance,contract,role,interface_status,entering_consumer_count,direct_consumers,source_evidence,limitation,review_status
stellarator_09__stellaris__aux_per_mw,design_attribute,1,../../../../active/WI-074_design-choice-inventory-and-evaluation-contract/residual-dispositions.md,compliant-disclosed-proxy,R09,demand-matched or hybrid capital/annual cost proxy,retained,1,stellarator_09__stellaris__cryoplant__aux_cooling.aux_per_mw_in,models/library/analyses/mfe_account_costs.sysml;models/designs/generic_mfe/mfe_subsystems.sysml;models/designs/generic_mfe/mfe_plant.sysml;exploration/stellarator_e2e/studies/study_route.py:26,Explicit demand-matched cost estimate; independently supplied installed capacity and qualification absent,independently approved limited disposition; implementation-review.md
stellarator_09__stellaris__availability_direct,design_attribute,2,../../../../active/WI-074_design-choice-inventory-and-evaluation-contract/residual-dispositions.md,compliant-limited,R08,explicit replace-at-limit/availability policy,retained,2,stellarator_09__stellaris__calendar.availability_direct_in;stellarator_09__stellaris__buildings__layout.calendar_mode_in,models/library/analyses/mfe_lifecycle.sysml:14;models/designs/generic_mfe/mfe_plant.sysml,Physical fluence life distinct from chosen bundled replacement rule; no arbitrary schedules,independently approved limited disposition; implementation-review.md
stellarator_09__stellaris__beta_limit,design_attribute,1,../../../../active/WI-074_design-choice-inventory-and-evaluation-contract/residual-dispositions.md,compliant-limited,R15,chosen constant / criterion / load assumption,retained,1,stellarator_09__stellaris__beta_ok__82b78aad420730d5.beta_limit_in,models/library/analyses/mfe_viability.sysml;models/designs/generic_mfe/mfe_plant.sysml;models/designs/stellarator_09/stellarator_plant.sysml,Comparison or declared assumption; no whole-equipment qualification,independently approved limited disposition; implementation-review.md
stellarator_09__stellaris__blanket__blanket_cost__alpha,library_default,1,../../../../active/WI-074_design-choice-inventory-and-evaluation-contract/residual-dispositions.md,compliant-disclosed-proxy,R09,demand-matched or hybrid capital/annual cost proxy,retained,1,stellarator_09__stellaris__blanket__blanket_cost.alpha,models/library/analyses/mfe_account_costs.sysml;models/designs/generic_mfe/mfe_subsystems.sysml;models/designs/generic_mfe/mfe_plant.sysml;exploration/stellarator_e2e/studies/study_route.py:26,Explicit demand-matched cost estimate; independently supplied installed capacity and qualification absent,independently approved limited disposition; implementation-review.md
stellarator_09__stellaris__blanket__blanket_cost__p_th_ref,library_default,1,../../../../active/WI-074_design-choice-inventory-and-evaluation-contract/residual-dispositions.md,compliant-disclosed-proxy,R09,demand-matched or hybrid capital/annual cost proxy,retained,1,stellarator_09__stellaris__blanket__blanket_cost.p_th_ref,models/library/analyses/mfe_account_costs.sysml;models/designs/generic_mfe/mfe_subsystems.sysml;models/designs/generic_mfe/mfe_plant.sysml;exploration/stellarator_e2e/studies/study_route.py:26,Explicit demand-matched cost estimate; independently supplied installed capacity and qualification absent,independently approved limited disposition; implementation-review.md
stellarator_09__stellaris__blanket__blanket_t,design_attribute,2,../../../../active/WI-074_design-choice-inventory-and-evaluation-contract/residual-dispositions.md,compliant-limited,R01,chosen geometry / identity,retained,2,stellarator_09__stellaris__blanket__breeding.blanket_t_in;stellarator_09__stellaris__rb.blanket_t_in,models/library/analyses/mfe_plasma_scaling.sysml:4;models/library/analyses/mfe_plasma_scaling.sysml:52,Torus shape and layer identities; no automatic adequacy; hybrid price separate,independently approved limited disposition; implementation-review.md
stellarator_09__stellaris__blanket__first_wall__firstwall_t,design_attribute,2,../../../../active/WI-074_design-choice-inventory-and-evaluation-contract/residual-dispositions.md,compliant-limited,R01,chosen geometry / identity,retained,2,stellarator_09__stellaris__blanket__breeding.firstwall_t_in;stellarator_09__stellaris__rb.firstwall_t_in,models/library/analyses/mfe_plasma_scaling.sysml:4;models/library/analyses/mfe_plasma_scaling.sysml:52,Torus shape and layer identities; no automatic adequacy; hybrid price separate,independently approved limited disposition; implementation-review.md
stellarator_09__stellaris__blanket__first_wall__fluence_limit,design_attribute,2,../../../../active/WI-074_design-choice-inventory-and-evaluation-contract/residual-dispositions.md,compliant-limited,R08,explicit replace-at-limit/availability policy,retained,2,stellarator_09__stellaris__calendar.fluence_limit_in;stellarator_09__stellaris__buildings__layout.calendar_fluence_in,models/library/analyses/mfe_lifecycle.sysml:14;models/designs/generic_mfe/mfe_plant.sysml,Physical fluence life distinct from chosen bundled replacement rule; no arbitrary schedules,independently approved limited disposition; implementation-review.md
stellarator_09__stellaris__blanket__first_wall__vacuum_t,design_attribute,2,../../../../active/WI-074_design-choice-inventory-and-evaluation-contract/residual-dispositions.md,compliant-limited,R01,chosen geometry / identity,retained,2,stellarator_09__stellaris__blanket__breeding.vacuum_t_in;stellarator_09__stellaris__rb.vacuum_t_in,models/library/analyses/mfe_plasma_scaling.sysml:4;models/library/analyses/mfe_plasma_scaling.sysml:52,Torus shape and layer identities; no automatic adequacy; hybrid price separate,independently approved limited disposition; implementation-review.md
stellarator_09__stellaris__blanket__first_wall__wall_load_calc__ash_frac_in,library_default,1,../../../../active/WI-074_design-choice-inventory-and-evaluation-contract/residual-dispositions.md,compliant-limited,R03,calibration or adequacy criterion,retained,1,stellarator_09__stellaris__blanket__first_wall__wall_load_calc.ash_frac_in,models/library/analyses/mfe_plasma_scaling.sysml:237;models/library/analyses/mfe_tritium_breeding.sysml,Supported source domains and conditional breeding definedness remain separate,independently approved limited disposition; implementation-review.md
stellarator_09__stellaris__blanket__first_wall__wall_peak_R_ref,design_attribute,1,../../../../active/WI-074_design-choice-inventory-and-evaluation-contract/residual-dispositions.md,compliant-limited,R03,calibration or adequacy criterion,retained,1,stellarator_09__stellaris__blanket__first_wall__wall_peak_cal.R_ref,models/library/analyses/mfe_plasma_scaling.sysml:237;models/library/analyses/mfe_tritium_breeding.sysml,Supported source domains and conditional breeding definedness remain separate,independently approved limited disposition; implementation-review.md
stellarator_09__stellaris__blanket__first_wall__wall_peak_a_ref,design_attribute,1,../../../../active/WI-074_design-choice-inventory-and-evaluation-contract/residual-dispositions.md,compliant-limited,R03,calibration or adequacy criterion,retained,1,stellarator_09__stellaris__blanket__first_wall__wall_peak_cal.a_ref,models/library/analyses/mfe_plasma_scaling.sysml:237;models/library/analyses/mfe_tritium_breeding.sysml,Supported source domains and conditional breeding definedness remain separate,independently approved limited disposition; implementation-review.md
stellarator_09__stellaris__blanket__first_wall__wall_peak_cal__ash_frac_in,library_default,1,../../../../active/WI-074_design-choice-inventory-and-evaluation-contract/residual-dispositions.md,compliant-limited,R03,calibration or adequacy criterion,retained,1,stellarator_09__stellaris__blanket__first_wall__wall_peak_cal.ash_frac_in,models/library/analyses/mfe_plasma_scaling.sysml:237;models/library/analyses/mfe_tritium_breeding.sysml,Supported source domains and conditional breeding definedness remain separate,independently approved limited disposition; implementation-review.md
stellarator_09__stellaris__blanket__first_wall__wall_peak_cal__pi,library_default,1,../../../../active/WI-074_design-choice-inventory-and-evaluation-contract/residual-dispositions.md,compliant-limited,R03,calibration or adequacy criterion,retained,1,stellarator_09__stellaris__blanket__first_wall__wall_peak_cal.pi,models/library/analyses/mfe_plasma_scaling.sysml:237;models/library/analyses/mfe_tritium_breeding.sysml,Supported source domains and conditional breeding definedness remain separate,independently approved limited disposition; implementation-review.md
stellarator_09__stellaris__blanket__first_wall__wall_peak_calibration_direct,design_attribute,1,../../../../active/WI-074_design-choice-inventory-and-evaluation-contract/residual-dispositions.md,compliant-limited,R03,calibration or adequacy criterion,retained,1,stellarator_09__stellaris__blanket__first_wall__wall_peak_cal.calibration_direct,models/library/analyses/mfe_plasma_scaling.sysml:237;models/library/analyses/mfe_tritium_breeding.sysml,Supported source domains and conditional breeding definedness remain separate,independently approved limited disposition; implementation-review.md
stellarator_09__stellaris__blanket__first_wall__wall_peak_kappa_ref,design_attribute,1,../../../../active/WI-074_design-choice-inventory-and-evaluation-contract/residual-dispositions.md,compliant-limited,R03,calibration or adequacy criterion,retained,1,stellarator_09__stellaris__blanket__first_wall__wall_peak_cal.kappa_ref,models/library/analyses/mfe_plasma_scaling.sysml:237;models/library/analyses/mfe_tritium_breeding.sysml,Supported source domains and conditional breeding definedness remain separate,independently approved limited disposition; implementation-review.md
stellarator_09__stellaris__blanket__first_wall__wall_peak_p_fus_ref,design_attribute,1,../../../../active/WI-074_design-choice-inventory-and-evaluation-contract/residual-dispositions.md,compliant-limited,R03,calibration or adequacy criterion,retained,1,stellarator_09__stellaris__blanket__first_wall__wall_peak_cal.p_fus_ref,models/library/analyses/mfe_plasma_scaling.sysml:237;models/library/analyses/mfe_tritium_breeding.sysml,Supported source domains and conditional breeding definedness remain separate,independently approved limited disposition; implementation-review.md
stellarator_09__stellaris__blanket__first_wall__wall_peak_q_ref,design_attribute,1,../../../../active/WI-074_design-choice-inventory-and-evaluation-contract/residual-dispositions.md,compliant-limited,R03,calibration or adequacy criterion,retained,1,stellarator_09__stellaris__blanket__first_wall__wall_peak_cal.q_peak_ref,models/library/analyses/mfe_plasma_scaling.sysml:237;models/library/analyses/mfe_tritium_breeding.sysml,Supported source domains and conditional breeding definedness remain separate,independently approved limited disposition; implementation-review.md
stellarator_09__stellaris__blanket__first_wall__wall_peak_standoff_ref,design_attribute,1,../../../../active/WI-074_design-choice-inventory-and-evaluation-contract/residual-dispositions.md,compliant-limited,R03,calibration or adequacy criterion,retained,1,stellarator_09__stellaris__blanket__first_wall__wall_peak_cal.standoff_ref,models/library/analyses/mfe_plasma_scaling.sysml:237;models/library/analyses/mfe_tritium_breeding.sysml,Supported source domains and conditional breeding definedness remain separate,independently approved limited disposition; implementation-review.md
stellarator_09__stellaris__blanket__mn,design_attribute,2,../../../../active/WI-074_design-choice-inventory-and-evaluation-contract/residual-dispositions.md,compliant-limited,R03,calibration or adequacy criterion,retained,2,stellarator_09__stellaris__blanket__source_heat.mn_in;stellarator_09__stellaris__pb.mn_in,models/library/analyses/mfe_plasma_scaling.sysml:237;models/library/analyses/mfe_tritium_breeding.sysml,Supported source domains and conditional breeding definedness remain separate,independently approved limited disposition; implementation-review.md
stellarator_09__stellaris__blanket__reflector_t,design_attribute,2,../../../../active/WI-074_design-choice-inventory-and-evaluation-contract/residual-dispositions.md,compliant-limited,R01,chosen geometry / identity,retained,2,stellarator_09__stellaris__blanket__breeding.reflector_t_in;stellarator_09__stellaris__rb.reflector_t_in,models/library/analyses/mfe_plasma_scaling.sysml:4;models/library/analyses/mfe_plasma_scaling.sysml:52,Torus shape and layer identities; no automatic adequacy; hybrid price separate,independently approved limited disposition; implementation-review.md
stellarator_09__stellaris__blanket__structure_factor,design_attribute,1,../../../../active/WI-074_design-choice-inventory-and-evaluation-contract/residual-dispositions.md,compliant-disclosed-proxy,R09,demand-matched or hybrid capital/annual cost proxy,retained,1,stellarator_09__stellaris__blanket__blanket_cost.structure_factor,models/library/analyses/mfe_account_costs.sysml;models/designs/generic_mfe/mfe_subsystems.sysml;models/designs/generic_mfe/mfe_plant.sysml;exploration/stellarator_e2e/studies/study_route.py:26,Explicit demand-matched cost estimate; independently supplied installed capacity and qualification absent,independently approved limited disposition; implementation-review.md
stellarator_09__stellaris__blanket__unit_cost,design_attribute,1,../../../../active/WI-074_design-choice-inventory-and-evaluation-contract/residual-dispositions.md,compliant-disclosed-proxy,R09,demand-matched or hybrid capital/annual cost proxy,retained,1,stellarator_09__stellaris__blanket__blanket_cost.unit_cost,models/library/analyses/mfe_account_costs.sysml;models/designs/generic_mfe/mfe_subsystems.sysml;models/designs/generic_mfe/mfe_plant.sysml;exploration/stellarator_e2e/studies/study_route.py:26,Explicit demand-matched cost estimate; independently supplied installed capacity and qualification absent,independently approved limited disposition; implementation-review.md
stellarator_09__stellaris__buildings__administration_area_per_person,design_attribute,1,../../../../active/WI-074_design-choice-inventory-and-evaluation-contract/residual-dispositions.md,unverified-integrated-repair,F76,facility supplied geometry / requirements / policy / price parameter,retained,1,stellarator_09__stellaris__buildings__layout.administration_area_per_person_in,work/orchestration/goals/preserve-model-design-choices/evidence/facilities-binding-plan.md;work/active/WI-076_supplied-facility-design-evaluation/spec.md,Entering geometry/parcel/packages/positions violated; approved repair requires native independent acceptance,binding design approved; native integrated review pending
stellarator_09__stellaris__buildings__administration_occupants,design_attribute,1,../../../../active/WI-074_design-choice-inventory-and-evaluation-contract/residual-dispositions.md,unverified-integrated-repair,F76,facility supplied geometry / requirements / policy / price parameter,retained,1,stellarator_09__stellaris__buildings__layout.administration_occupants_in,work/orchestration/goals/preserve-model-design-choices/evidence/facilities-binding-plan.md;work/active/WI-076_supplied-facility-design-evaluation/spec.md,Entering geometry/parcel/packages/positions violated; approved repair requires native independent acceptance,binding design approved; native integrated review pending
stellarator_09__stellaris__buildings__bldg_et_base,design_attribute,1,../../../../active/WI-074_design-choice-inventory-and-evaluation-contract/residual-dispositions.md,compliant-disclosed-proxy,R10,legacy/dormant demand-matched allowance,retained,1,stellarator_09__stellaris__buildings__buildings_cost.et_base,models/library/analyses/mfe_account_costs.sysml:310;models/library/structure/mfe_plant_systems.sysml;models/designs/generic_mfe/mfe_plant.sysml;exploration/stellarator_e2e/studies/study_route.py:26,Explicit demand-matched cost estimate; independently supplied installed capacity and qualification absent,independently approved limited disposition; implementation-review.md
stellarator_09__stellaris__buildings__bldg_fixed_base,design_attribute,1,../../../../active/WI-074_design-choice-inventory-and-evaluation-contract/residual-dispositions.md,compliant-disclosed-proxy,R10,legacy/dormant demand-matched allowance,retained,1,stellarator_09__stellaris__buildings__buildings_cost.fixed_base,models/library/analyses/mfe_account_costs.sysml:310;models/library/structure/mfe_plant_systems.sysml;models/designs/generic_mfe/mfe_plant.sysml;exploration/stellarator_e2e/studies/study_route.py:26,Explicit demand-matched cost estimate; independently supplied installed capacity and qualification absent,independently approved limited disposition; implementation-review.md
stellarator_09__stellaris__buildings__bldg_fus_base,design_attribute,1,../../../../active/WI-074_design-choice-inventory-and-evaluation-contract/residual-dispositions.md,compliant-disclosed-proxy,R10,legacy/dormant demand-matched allowance,retained,1,stellarator_09__stellaris__buildings__buildings_cost.fus_base,models/library/analyses/mfe_account_costs.sysml:310;models/library/structure/mfe_plant_systems.sysml;models/designs/generic_mfe/mfe_plant.sysml;exploration/stellarator_e2e/studies/study_route.py:26,Explicit demand-matched cost estimate; independently supplied installed capacity and qualification absent,independently approved limited disposition; implementation-review.md
stellarator_09__stellaris__buildings__bldg_staff_base,design_attribute,1,../../../../active/WI-074_design-choice-inventory-and-evaluation-contract/residual-dispositions.md,compliant-disclosed-proxy,R10,legacy/dormant demand-matched allowance,retained,1,stellarator_09__stellaris__buildings__buildings_cost.staff_base,models/library/analyses/mfe_account_costs.sysml:310;models/library/structure/mfe_plant_systems.sysml;models/designs/generic_mfe/mfe_plant.sysml;exploration/stellarator_e2e/studies/study_route.py:26,Explicit demand-matched cost estimate; independently supplied installed capacity and qualification absent,independently approved limited disposition; implementation-review.md
stellarator_09__stellaris__buildings__bldg_th_base,design_attribute,1,../../../../active/WI-074_design-choice-inventory-and-evaluation-contract/residual-dispositions.md,compliant-disclosed-proxy,R10,legacy/dormant demand-matched allowance,retained,1,stellarator_09__stellaris__buildings__buildings_cost.th_base,models/library/analyses/mfe_account_costs.sysml:310;models/library/structure/mfe_plant_systems.sysml;models/designs/generic_mfe/mfe_plant.sysml;exploration/stellarator_e2e/studies/study_route.py:26,Explicit demand-matched cost estimate; independently supplied installed capacity and qualification absent,independently approved limited disposition; implementation-review.md
stellarator_09__stellaris__buildings__bldg_the_base,design_attribute,1,../../../../active/WI-074_design-choice-inventory-and-evaluation-contract/residual-dispositions.md,compliant-disclosed-proxy,R10,legacy/dormant demand-matched allowance,retained,1,stellarator_09__stellaris__buildings__buildings_cost.the_base,models/library/analyses/mfe_account_costs.sysml:310;models/library/structure/mfe_plant_systems.sysml;models/designs/generic_mfe/mfe_plant.sysml;exploration/stellarator_e2e/studies/study_route.py:26,Explicit demand-matched cost estimate; independently supplied installed capacity and qualification absent,independently approved limited disposition; implementation-review.md
stellarator_09__stellaris__buildings__building_separation,design_attribute,1,../../../../active/WI-074_design-choice-inventory-and-evaluation-contract/residual-dispositions.md,unverified-integrated-repair,F76,facility supplied geometry / requirements / policy / price parameter,retained,1,stellarator_09__stellaris__buildings__layout.building_separation_in,work/orchestration/goals/preserve-model-design-choices/evidence/facilities-binding-plan.md;work/active/WI-076_supplied-facility-design-evaluation/spec.md,Entering geometry/parcel/packages/positions violated; approved repair requires native independent acceptance,binding design approved; native integrated review pending
stellarator_09__stellaris__buildings__buildings_cost__n_mod_in,library_default,1,../../../../active/WI-074_design-choice-inventory-and-evaluation-contract/residual-dispositions.md,compliant-disclosed-proxy,R10,legacy/dormant demand-matched allowance,retained,1,stellarator_09__stellaris__buildings__buildings_cost.n_mod_in,models/library/analyses/mfe_account_costs.sysml:310;models/library/structure/mfe_plant_systems.sysml;models/designs/generic_mfe/mfe_plant.sysml;exploration/stellarator_e2e/studies/study_route.py:26,Explicit demand-matched cost estimate; independently supplied installed capacity and qualification absent,independently approved limited disposition; implementation-review.md
stellarator_09__stellaris__buildings__buildings_cost__p_et_ref,library_default,1,../../../../active/WI-074_design-choice-inventory-and-evaluation-contract/residual-dispositions.md,compliant-disclosed-proxy,R10,legacy/dormant demand-matched allowance,retained,1,stellarator_09__stellaris__buildings__buildings_cost.p_et_ref,models/library/analyses/mfe_account_costs.sysml:310;models/library/structure/mfe_plant_systems.sysml;models/designs/generic_mfe/mfe_plant.sysml;exploration/stellarator_e2e/studies/study_route.py:26,Explicit demand-matched cost estimate; independently supplied installed capacity and qualification absent,independently approved limited disposition; implementation-review.md
stellarator_09__stellaris__buildings__buildings_cost__p_fus_ref,library_default,1,../../../../active/WI-074_design-choice-inventory-and-evaluation-contract/residual-dispositions.md,compliant-disclosed-proxy,R10,legacy/dormant demand-matched allowance,retained,1,stellarator_09__stellaris__buildings__buildings_cost.p_fus_ref,models/library/analyses/mfe_account_costs.sysml:310;models/library/structure/mfe_plant_systems.sysml;models/designs/generic_mfe/mfe_plant.sysml;exploration/stellarator_e2e/studies/study_route.py:26,Explicit demand-matched cost estimate; independently supplied installed capacity and qualification absent,independently approved limited disposition; implementation-review.md
stellarator_09__stellaris__buildings__buildings_cost__p_th_ref,library_default,1,../../../../active/WI-074_design-choice-inventory-and-evaluation-contract/residual-dispositions.md,compliant-disclosed-proxy,R10,legacy/dormant demand-matched allowance,retained,1,stellarator_09__stellaris__buildings__buildings_cost.p_th_ref,models/library/analyses/mfe_account_costs.sysml:310;models/library/structure/mfe_plant_systems.sysml;models/designs/generic_mfe/mfe_plant.sysml;exploration/stellarator_e2e/studies/study_route.py:26,Explicit demand-matched cost estimate; independently supplied installed capacity and qualification absent,independently approved limited disposition; implementation-review.md
stellarator_09__stellaris__buildings__buildings_cost__p_the_ref,library_default,1,../../../../active/WI-074_design-choice-inventory-and-evaluation-contract/residual-dispositions.md,compliant-disclosed-proxy,R10,legacy/dormant demand-matched allowance,retained,1,stellarator_09__stellaris__buildings__buildings_cost.p_the_ref,models/library/analyses/mfe_account_costs.sysml:310;models/library/structure/mfe_plant_systems.sysml;models/designs/generic_mfe/mfe_plant.sysml;exploration/stellarator_e2e/studies/study_route.py:26,Explicit demand-matched cost estimate; independently supplied installed capacity and qualification absent,independently approved limited disposition; implementation-review.md
stellarator_09__stellaris__buildings__civil_cpi_ratio,design_attribute,25,../../../../active/WI-074_design-choice-inventory-and-evaluation-contract/residual-dispositions.md,unverified-integrated-repair,F76,facility supplied geometry / requirements / policy / price parameter,retained,25,stellarator_09__stellaris__buildings__cooling_link__civil.civil_cpi_ratio_in;stellarator_09__stellaris__buildings__cooling_hall__civil.civil_cpi_ratio_in;stellarator_09__stellaris__buildings__sector_link_south__civil.civil_cpi_ratio_in;stellarator_09__stellaris__buildings__cryo_compressors__civil.civil_cpi_ratio_in;stellarator_09__stellaris__buildings__security__civil.civil_cpi_ratio_in;stellarator_09__stellaris__buildings__cryo_coldbox__civil.civil_cpi_ratio_in;stellarator_09__stellaris__buildings__control__civil.civil_cpi_ratio_in;stellarator_09__stellaris__buildings__sector_wing_east__civil.civil_cpi_ratio_in;stellarator_09__stellaris__buildings__sector_wing_west__civil.civil_cpi_ratio_in;stellarator_09__stellaris__buildings__service_water_building__civil.civil_cpi_ratio_in;stellarator_09__stellaris__buildings__reactor_auxiliaries__civil.civil_cpi_ratio_in;stellarator_09__stellaris__buildings__sector_link_west__civil.civil_cpi_ratio_in;stellarator_09__stellaris__buildings__sector_wing_south__civil.civil_cpi_ratio_in;stellarator_09__stellaris__buildings__sector_wing_north__civil.civil_cpi_ratio_in;stellarator_09__stellaris__buildings__site_services_building__civil.civil_cpi_ratio_in;stellarator_09__stellaris__buildings__sector_link_east__civil.civil_cpi_ratio_in;stellarator_09__stellaris__buildings__maintenance_shop__civil.civil_cpi_ratio_in;stellarator_09__stellaris__buildings__fuel_building__civil.civil_cpi_ratio_in;stellarator_09__stellaris__buildings__sector_link_north__civil.civil_cpi_ratio_in;stellarator_09__stellaris__buildings__cooling_annex__civil.civil_cpi_ratio_in;stellarator_09__stellaris__buildings__power_supply_building__civil.civil_cpi_ratio_in;stellarator_09__stellaris__buildings__reactor_hall__civil.civil_cpi_ratio_in;stellarator_09__stellaris__buildings__administration__civil.civil_cpi_ratio_in;stellarator_09__stellaris__buildings__electrical_building__civil.civil_cpi_ratio_in;stellarator_09__stellaris__buildings__turbine_hall__civil.civil_cpi_ratio_in,work/orchestration/goals/preserve-model-design-choices/evidence/facilities-binding-plan.md;work/active/WI-076_supplied-facility-design-evaluation/spec.md,Entering geometry/parcel/packages/positions violated; approved repair requires native independent acceptance,binding design approved; native integrated review pending
stellarator_09__stellaris__buildings__civil_rate_multiplier,design_attribute,25,../../../../active/WI-074_design-choice-inventory-and-evaluation-contract/residual-dispositions.md,unverified-integrated-repair,F76,facility supplied geometry / requirements / policy / price parameter,retained,25,stellarator_09__stellaris__buildings__cooling_link__civil.civil_rate_multiplier_in;stellarator_09__stellaris__buildings__cooling_hall__civil.civil_rate_multiplier_in;stellarator_09__stellaris__buildings__sector_link_south__civil.civil_rate_multiplier_in;stellarator_09__stellaris__buildings__cryo_compressors__civil.civil_rate_multiplier_in;stellarator_09__stellaris__buildings__security__civil.civil_rate_multiplier_in;stellarator_09__stellaris__buildings__cryo_coldbox__civil.civil_rate_multiplier_in;stellarator_09__stellaris__buildings__control__civil.civil_rate_multiplier_in;stellarator_09__stellaris__buildings__sector_wing_east__civil.civil_rate_multiplier_in;stellarator_09__stellaris__buildings__sector_wing_west__civil.civil_rate_multiplier_in;stellarator_09__stellaris__buildings__service_water_building__civil.civil_rate_multiplier_in;stellarator_09__stellaris__buildings__reactor_auxiliaries__civil.civil_rate_multiplier_in;stellarator_09__stellaris__buildings__sector_link_west__civil.civil_rate_multiplier_in;stellarator_09__stellaris__buildings__sector_wing_south__civil.civil_rate_multiplier_in;stellarator_09__stellaris__buildings__sector_wing_north__civil.civil_rate_multiplier_in;stellarator_09__stellaris__buildings__site_services_building__civil.civil_rate_multiplier_in;stellarator_09__stellaris__buildings__sector_link_east__civil.civil_rate_multiplier_in;stellarator_09__stellaris__buildings__maintenance_shop__civil.civil_rate_multiplier_in;stellarator_09__stellaris__buildings__fuel_building__civil.civil_rate_multiplier_in;stellarator_09__stellaris__buildings__sector_link_north__civil.civil_rate_multiplier_in;stellarator_09__stellaris__buildings__cooling_annex__civil.civil_rate_multiplier_in;stellarator_09__stellaris__buildings__power_supply_building__civil.civil_rate_multiplier_in;stellarator_09__stellaris__buildings__reactor_hall__civil.civil_rate_multiplier_in;stellarator_09__stellaris__buildings__administration__civil.civil_rate_multiplier_in;stellarator_09__stellaris__buildings__electrical_building__civil.civil_rate_multiplier_in;stellarator_09__stellaris__buildings__turbine_hall__civil.civil_rate_multiplier_in,work/orchestration/goals/preserve-model-design-choices/evidence/facilities-binding-plan.md;work/active/WI-076_supplied-facility-design-evaluation/spec.md,Entering geometry/parcel/packages/positions violated; approved repair requires native independent acceptance,binding design approved; native integrated review pending
stellarator_09__stellaris__buildings__clean_positions,design_attribute,1,../../../../active/WI-074_design-choice-inventory-and-evaluation-contract/residual-dispositions.md,unverified-integrated-repair,F76,facility supplied geometry / requirements / policy / price parameter,retained,1,stellarator_09__stellaris__buildings__layout.clean_positions_in,work/orchestration/goals/preserve-model-design-choices/evidence/facilities-binding-plan.md;work/active/WI-076_supplied-facility-design-evaluation/spec.md,Entering geometry/parcel/packages/positions violated; approved repair requires native independent acceptance,binding design approved; native integrated review pending
stellarator_09__stellaris__buildings__component_handling_margin,design_attribute,1,../../../../active/WI-074_design-choice-inventory-and-evaluation-contract/residual-dispositions.md,unverified-integrated-repair,F76,facility supplied geometry / requirements / policy / price parameter,retained,1,stellarator_09__stellaris__buildings__layout.component_handling_margin_in,work/orchestration/goals/preserve-model-design-choices/evidence/facilities-binding-plan.md;work/active/WI-076_supplied-facility-design-evaluation/spec.md,Entering geometry/parcel/packages/positions violated; approved repair requires native independent acceptance,binding design approved; native integrated review pending
stellarator_09__stellaris__buildings__component_height,design_attribute,1,../../../../active/WI-074_design-choice-inventory-and-evaluation-contract/residual-dispositions.md,unverified-integrated-repair,F76,facility supplied geometry / requirements / policy / price parameter,retained,1,stellarator_09__stellaris__buildings__layout.component_height_in,work/orchestration/goals/preserve-model-design-choices/evidence/facilities-binding-plan.md;work/active/WI-076_supplied-facility-design-evaluation/spec.md,Entering geometry/parcel/packages/positions violated; approved repair requires native independent acceptance,binding design approved; native integrated review pending
stellarator_09__stellaris__buildings__component_hold_days,design_attribute,1,../../../../active/WI-074_design-choice-inventory-and-evaluation-contract/residual-dispositions.md,unverified-integrated-repair,F76,facility supplied geometry / requirements / policy / price parameter,retained,1,stellarator_09__stellaris__buildings__layout.component_hold_days_in,work/orchestration/goals/preserve-model-design-choices/evidence/facilities-binding-plan.md;work/active/WI-076_supplied-facility-design-evaluation/spec.md,Entering geometry/parcel/packages/positions violated; approved repair requires native independent acceptance,binding design approved; native integrated review pending
stellarator_09__stellaris__buildings__component_install_days,design_attribute,1,../../../../active/WI-074_design-choice-inventory-and-evaluation-contract/residual-dispositions.md,unverified-integrated-repair,F76,facility supplied geometry / requirements / policy / price parameter,retained,1,stellarator_09__stellaris__buildings__layout.component_install_days_in,work/orchestration/goals/preserve-model-design-choices/evidence/facilities-binding-plan.md;work/active/WI-076_supplied-facility-design-evaluation/spec.md,Entering geometry/parcel/packages/positions violated; approved repair requires native independent acceptance,binding design approved; native integrated review pending
stellarator_09__stellaris__buildings__component_length,design_attribute,1,../../../../active/WI-074_design-choice-inventory-and-evaluation-contract/residual-dispositions.md,unverified-integrated-repair,F76,facility supplied geometry / requirements / policy / price parameter,retained,1,stellarator_09__stellaris__buildings__layout.component_length_in,work/orchestration/goals/preserve-model-design-choices/evidence/facilities-binding-plan.md;work/active/WI-076_supplied-facility-design-evaluation/spec.md,Entering geometry/parcel/packages/positions violated; approved repair requires native independent acceptance,binding design approved; native integrated review pending
stellarator_09__stellaris__buildings__component_material_fraction,design_attribute,1,../../../../active/WI-074_design-choice-inventory-and-evaluation-contract/residual-dispositions.md,unverified-integrated-repair,F76,facility supplied geometry / requirements / policy / price parameter,retained,1,stellarator_09__stellaris__buildings__layout.component_material_fraction_in,work/orchestration/goals/preserve-model-design-choices/evidence/facilities-binding-plan.md;work/active/WI-076_supplied-facility-design-evaluation/spec.md,Entering geometry/parcel/packages/positions violated; approved repair requires native independent acceptance,binding design approved; native integrated review pending
stellarator_09__stellaris__buildings__component_prepare_days,design_attribute,1,../../../../active/WI-074_design-choice-inventory-and-evaluation-contract/residual-dispositions.md,unverified-integrated-repair,F76,facility supplied geometry / requirements / policy / price parameter,retained,1,stellarator_09__stellaris__buildings__layout.component_prepare_days_in,work/orchestration/goals/preserve-model-design-choices/evidence/facilities-binding-plan.md;work/active/WI-076_supplied-facility-design-evaluation/spec.md,Entering geometry/parcel/packages/positions violated; approved repair requires native independent acceptance,binding design approved; native integrated review pending
stellarator_09__stellaris__buildings__component_process_days,design_attribute,1,../../../../active/WI-074_design-choice-inventory-and-evaluation-contract/residual-dispositions.md,unverified-integrated-repair,F76,facility supplied geometry / requirements / policy / price parameter,retained,1,stellarator_09__stellaris__buildings__layout.component_process_days_in,work/orchestration/goals/preserve-model-design-choices/evidence/facilities-binding-plan.md;work/active/WI-076_supplied-facility-design-evaluation/spec.md,Entering geometry/parcel/packages/positions violated; approved repair requires native independent acceptance,binding design approved; native integrated review pending
stellarator_09__stellaris__buildings__component_receipt_lead_days,design_attribute,1,../../../../active/WI-074_design-choice-inventory-and-evaluation-contract/residual-dispositions.md,unverified-integrated-repair,F76,facility supplied geometry / requirements / policy / price parameter,retained,1,stellarator_09__stellaris__buildings__layout.component_receipt_lead_days_in,work/orchestration/goals/preserve-model-design-choices/evidence/facilities-binding-plan.md;work/active/WI-076_supplied-facility-design-evaluation/spec.md,Entering geometry/parcel/packages/positions violated; approved repair requires native independent acceptance,binding design approved; native integrated review pending
stellarator_09__stellaris__buildings__component_remove_days,design_attribute,1,../../../../active/WI-074_design-choice-inventory-and-evaluation-contract/residual-dispositions.md,unverified-integrated-repair,F76,facility supplied geometry / requirements / policy / price parameter,retained,1,stellarator_09__stellaris__buildings__layout.component_remove_days_in,work/orchestration/goals/preserve-model-design-choices/evidence/facilities-binding-plan.md;work/active/WI-076_supplied-facility-design-evaluation/spec.md,Entering geometry/parcel/packages/positions violated; approved repair requires native independent acceptance,binding design approved; native integrated review pending
stellarator_09__stellaris__buildings__component_width,design_attribute,1,../../../../active/WI-074_design-choice-inventory-and-evaluation-contract/residual-dispositions.md,unverified-integrated-repair,F76,facility supplied geometry / requirements / policy / price parameter,retained,1,stellarator_09__stellaris__buildings__layout.component_width_in,work/orchestration/goals/preserve-model-design-choices/evidence/facilities-binding-plan.md;work/active/WI-076_supplied-facility-design-evaluation/spec.md,Entering geometry/parcel/packages/positions violated; approved repair requires native independent acceptance,binding design approved; native integrated review pending
stellarator_09__stellaris__buildings__control_area_per_person,design_attribute,1,../../../../active/WI-074_design-choice-inventory-and-evaluation-contract/residual-dispositions.md,unverified-integrated-repair,F76,facility supplied geometry / requirements / policy / price parameter,retained,1,stellarator_09__stellaris__buildings__layout.control_area_per_person_in,work/orchestration/goals/preserve-model-design-choices/evidence/facilities-binding-plan.md;work/active/WI-076_supplied-facility-design-evaluation/spec.md,Entering geometry/parcel/packages/positions violated; approved repair requires native independent acceptance,binding design approved; native integrated review pending
stellarator_09__stellaris__buildings__control_occupants,design_attribute,1,../../../../active/WI-074_design-choice-inventory-and-evaluation-contract/residual-dispositions.md,unverified-integrated-repair,F76,facility supplied geometry / requirements / policy / price parameter,retained,1,stellarator_09__stellaris__buildings__layout.control_occupants_in,work/orchestration/goals/preserve-model-design-choices/evidence/facilities-binding-plan.md;work/active/WI-076_supplied-facility-design-evaluation/spec.md,Entering geometry/parcel/packages/positions violated; approved repair requires native independent acceptance,binding design approved; native integrated review pending
stellarator_09__stellaris__buildings__conventional_floor,design_attribute,1,../../../../active/WI-074_design-choice-inventory-and-evaluation-contract/residual-dispositions.md,unverified-integrated-repair,F76,facility supplied geometry / requirements / policy / price parameter,retained,1,stellarator_09__stellaris__buildings__layout.conventional_floor_in,work/orchestration/goals/preserve-model-design-choices/evidence/facilities-binding-plan.md;work/active/WI-076_supplied-facility-design-evaluation/spec.md,Entering geometry/parcel/packages/positions violated; approved repair requires native independent acceptance,binding design approved; native integrated review pending
stellarator_09__stellaris__buildings__conventional_rebar_density,design_attribute,1,../../../../active/WI-074_design-choice-inventory-and-evaluation-contract/residual-dispositions.md,unverified-integrated-repair,F76,facility supplied geometry / requirements / policy / price parameter,retained,1,stellarator_09__stellaris__buildings__layout.conventional_rebar_density_in,work/orchestration/goals/preserve-model-design-choices/evidence/facilities-binding-plan.md;work/active/WI-076_supplied-facility-design-evaluation/spec.md,Entering geometry/parcel/packages/positions violated; approved repair requires native independent acceptance,binding design approved; native integrated review pending
stellarator_09__stellaris__buildings__conventional_roof,design_attribute,1,../../../../active/WI-074_design-choice-inventory-and-evaluation-contract/residual-dispositions.md,unverified-integrated-repair,F76,facility supplied geometry / requirements / policy / price parameter,retained,1,stellarator_09__stellaris__buildings__layout.conventional_roof_in,work/orchestration/goals/preserve-model-design-choices/evidence/facilities-binding-plan.md;work/active/WI-076_supplied-facility-design-evaluation/spec.md,Entering geometry/parcel/packages/positions violated; approved repair requires native independent acceptance,binding design approved; native integrated review pending
stellarator_09__stellaris__buildings__conventional_shop_height,design_attribute,1,../../../../active/WI-074_design-choice-inventory-and-evaluation-contract/residual-dispositions.md,unverified-integrated-repair,F76,facility supplied geometry / requirements / policy / price parameter,retained,1,stellarator_09__stellaris__buildings__layout.conventional_shop_height_in,work/orchestration/goals/preserve-model-design-choices/evidence/facilities-binding-plan.md;work/active/WI-076_supplied-facility-design-evaluation/spec.md,Entering geometry/parcel/packages/positions violated; approved repair requires native independent acceptance,binding design approved; native integrated review pending
stellarator_09__stellaris__buildings__conventional_shop_length,design_attribute,1,../../../../active/WI-074_design-choice-inventory-and-evaluation-contract/residual-dispositions.md,unverified-integrated-repair,F76,facility supplied geometry / requirements / policy / price parameter,retained,1,stellarator_09__stellaris__buildings__layout.conventional_shop_length_in,work/orchestration/goals/preserve-model-design-choices/evidence/facilities-binding-plan.md;work/active/WI-076_supplied-facility-design-evaluation/spec.md,Entering geometry/parcel/packages/positions violated; approved repair requires native independent acceptance,binding design approved; native integrated review pending
stellarator_09__stellaris__buildings__conventional_shop_width,design_attribute,1,../../../../active/WI-074_design-choice-inventory-and-evaluation-contract/residual-dispositions.md,unverified-integrated-repair,F76,facility supplied geometry / requirements / policy / price parameter,retained,1,stellarator_09__stellaris__buildings__layout.conventional_shop_width_in,work/orchestration/goals/preserve-model-design-choices/evidence/facilities-binding-plan.md;work/active/WI-076_supplied-facility-design-evaluation/spec.md,Entering geometry/parcel/packages/positions violated; approved repair requires native independent acceptance,binding design approved; native integrated review pending
stellarator_09__stellaris__buildings__conventional_wall,design_attribute,1,../../../../active/WI-074_design-choice-inventory-and-evaluation-contract/residual-dispositions.md,unverified-integrated-repair,F76,facility supplied geometry / requirements / policy / price parameter,retained,1,stellarator_09__stellaris__buildings__layout.conventional_wall_in,work/orchestration/goals/preserve-model-design-choices/evidence/facilities-binding-plan.md;work/active/WI-076_supplied-facility-design-evaluation/spec.md,Entering geometry/parcel/packages/positions violated; approved repair requires native independent acceptance,binding design approved; native integrated review pending
stellarator_09__stellaris__buildings__cooldown_days,design_attribute,1,../../../../active/WI-074_design-choice-inventory-and-evaluation-contract/residual-dispositions.md,unverified-integrated-repair,F76,facility supplied geometry / requirements / policy / price parameter,retained,1,stellarator_09__stellaris__buildings__layout.cooldown_days_in,work/orchestration/goals/preserve-model-design-choices/evidence/facilities-binding-plan.md;work/active/WI-076_supplied-facility-design-evaluation/spec.md,Entering geometry/parcel/packages/positions violated; approved repair requires native independent acceptance,binding design approved; native integrated review pending
stellarator_09__stellaris__buildings__cooling_airlock_length,design_attribute,1,../../../../active/WI-074_design-choice-inventory-and-evaluation-contract/residual-dispositions.md,unverified-integrated-repair,F76,facility supplied geometry / requirements / policy / price parameter,retained,1,stellarator_09__stellaris__buildings__layout.cooling_airlock_length_in,work/orchestration/goals/preserve-model-design-choices/evidence/facilities-binding-plan.md;work/active/WI-076_supplied-facility-design-evaluation/spec.md,Entering geometry/parcel/packages/positions violated; approved repair requires native independent acceptance,binding design approved; native integrated review pending
stellarator_09__stellaris__buildings__cooling_aisle_width,design_attribute,1,../../../../active/WI-074_design-choice-inventory-and-evaluation-contract/residual-dispositions.md,unverified-integrated-repair,F76,facility supplied geometry / requirements / policy / price parameter,retained,1,stellarator_09__stellaris__buildings__layout.cooling_aisle_width_in,work/orchestration/goals/preserve-model-design-choices/evidence/facilities-binding-plan.md;work/active/WI-076_supplied-facility-design-evaluation/spec.md,Entering geometry/parcel/packages/positions violated; approved repair requires native independent acceptance,binding design approved; native integrated review pending
stellarator_09__stellaris__buildings__cooling_bundle_process_days,design_attribute,1,../../../../active/WI-074_design-choice-inventory-and-evaluation-contract/residual-dispositions.md,unverified-integrated-repair,F76,facility supplied geometry / requirements / policy / price parameter,retained,1,stellarator_09__stellaris__buildings__layout.cooling_bundle_process_days_in,work/orchestration/goals/preserve-model-design-choices/evidence/facilities-binding-plan.md;work/active/WI-076_supplied-facility-design-evaluation/spec.md,Entering geometry/parcel/packages/positions violated; approved repair requires native independent acceptance,binding design approved; native integrated review pending
stellarator_09__stellaris__buildings__cooling_bundle_stations,design_attribute,1,../../../../active/WI-074_design-choice-inventory-and-evaluation-contract/residual-dispositions.md,unverified-integrated-repair,F76,facility supplied geometry / requirements / policy / price parameter,retained,1,stellarator_09__stellaris__buildings__layout.cooling_bundle_stations_in,work/orchestration/goals/preserve-model-design-choices/evidence/facilities-binding-plan.md;work/active/WI-076_supplied-facility-design-evaluation/spec.md,Entering geometry/parcel/packages/positions violated; approved repair requires native independent acceptance,binding design approved; native integrated review pending
stellarator_09__stellaris__buildings__cooling_clean_bundle_positions,design_attribute,1,../../../../active/WI-074_design-choice-inventory-and-evaluation-contract/residual-dispositions.md,unverified-integrated-repair,F76,facility supplied geometry / requirements / policy / price parameter,retained,1,stellarator_09__stellaris__buildings__layout.cooling_clean_bundle_positions_in,work/orchestration/goals/preserve-model-design-choices/evidence/facilities-binding-plan.md;work/active/WI-076_supplied-facility-design-evaluation/spec.md,Entering geometry/parcel/packages/positions violated; approved repair requires native independent acceptance,binding design approved; native integrated review pending
stellarator_09__stellaris__buildings__cooling_clean_helium_positions,design_attribute,1,../../../../active/WI-074_design-choice-inventory-and-evaluation-contract/residual-dispositions.md,unverified-integrated-repair,F76,facility supplied geometry / requirements / policy / price parameter,retained,1,stellarator_09__stellaris__buildings__layout.cooling_clean_helium_positions_in,work/orchestration/goals/preserve-model-design-choices/evidence/facilities-binding-plan.md;work/active/WI-076_supplied-facility-design-evaluation/spec.md,Entering geometry/parcel/packages/positions violated; approved repair requires native independent acceptance,binding design approved; native integrated review pending
stellarator_09__stellaris__buildings__cooling_clean_salt_positions,design_attribute,1,../../../../active/WI-074_design-choice-inventory-and-evaluation-contract/residual-dispositions.md,unverified-integrated-repair,F76,facility supplied geometry / requirements / policy / price parameter,retained,1,stellarator_09__stellaris__buildings__layout.cooling_clean_salt_positions_in,work/orchestration/goals/preserve-model-design-choices/evidence/facilities-binding-plan.md;work/active/WI-076_supplied-facility-design-evaluation/spec.md,Entering geometry/parcel/packages/positions violated; approved repair requires native independent acceptance,binding design approved; native integrated review pending
stellarator_09__stellaris__buildings__cooling_cross_width,design_attribute,1,../../../../active/WI-074_design-choice-inventory-and-evaluation-contract/residual-dispositions.md,unverified-integrated-repair,F76,facility supplied geometry / requirements / policy / price parameter,retained,1,stellarator_09__stellaris__buildings__layout.cooling_cross_width_in,work/orchestration/goals/preserve-model-design-choices/evidence/facilities-binding-plan.md;work/active/WI-076_supplied-facility-design-evaluation/spec.md,Entering geometry/parcel/packages/positions violated; approved repair requires native independent acceptance,binding design approved; native integrated review pending
stellarator_09__stellaris__buildings__cooling_dirty_bundle_positions,design_attribute,1,../../../../active/WI-074_design-choice-inventory-and-evaluation-contract/residual-dispositions.md,unverified-integrated-repair,F76,facility supplied geometry / requirements / policy / price parameter,retained,1,stellarator_09__stellaris__buildings__layout.cooling_dirty_bundle_positions_in,work/orchestration/goals/preserve-model-design-choices/evidence/facilities-binding-plan.md;work/active/WI-076_supplied-facility-design-evaluation/spec.md,Entering geometry/parcel/packages/positions violated; approved repair requires native independent acceptance,binding design approved; native integrated review pending
stellarator_09__stellaris__buildings__cooling_dirty_helium_positions,design_attribute,1,../../../../active/WI-074_design-choice-inventory-and-evaluation-contract/residual-dispositions.md,unverified-integrated-repair,F76,facility supplied geometry / requirements / policy / price parameter,retained,1,stellarator_09__stellaris__buildings__layout.cooling_dirty_helium_positions_in,work/orchestration/goals/preserve-model-design-choices/evidence/facilities-binding-plan.md;work/active/WI-076_supplied-facility-design-evaluation/spec.md,Entering geometry/parcel/packages/positions violated; approved repair requires native independent acceptance,binding design approved; native integrated review pending
stellarator_09__stellaris__buildings__cooling_dirty_salt_positions,design_attribute,1,../../../../active/WI-074_design-choice-inventory-and-evaluation-contract/residual-dispositions.md,unverified-integrated-repair,F76,facility supplied geometry / requirements / policy / price parameter,retained,1,stellarator_09__stellaris__buildings__layout.cooling_dirty_salt_positions_in,work/orchestration/goals/preserve-model-design-choices/evidence/facilities-binding-plan.md;work/active/WI-076_supplied-facility-design-evaluation/spec.md,Entering geometry/parcel/packages/positions violated; approved repair requires native independent acceptance,binding design approved; native integrated review pending
stellarator_09__stellaris__buildings__cooling_field_cycle_days,design_attribute,1,../../../../active/WI-074_design-choice-inventory-and-evaluation-contract/residual-dispositions.md,unverified-integrated-repair,F76,facility supplied geometry / requirements / policy / price parameter,retained,1,stellarator_09__stellaris__buildings__layout.cooling_field_cycle_days_in,work/orchestration/goals/preserve-model-design-choices/evidence/facilities-binding-plan.md;work/active/WI-076_supplied-facility-design-evaluation/spec.md,Entering geometry/parcel/packages/positions violated; approved repair requires native independent acceptance,binding design approved; native integrated review pending
stellarator_09__stellaris__buildings__cooling_headroom,design_attribute,1,../../../../active/WI-074_design-choice-inventory-and-evaluation-contract/residual-dispositions.md,unverified-integrated-repair,F76,facility supplied geometry / requirements / policy / price parameter,retained,1,stellarator_09__stellaris__buildings__layout.cooling_headroom_in,work/orchestration/goals/preserve-model-design-choices/evidence/facilities-binding-plan.md;work/active/WI-076_supplied-facility-design-evaluation/spec.md,Entering geometry/parcel/packages/positions violated; approved repair requires native independent acceptance,binding design approved; native integrated review pending
stellarator_09__stellaris__buildings__cooling_hold_days,design_attribute,1,../../../../active/WI-074_design-choice-inventory-and-evaluation-contract/residual-dispositions.md,unverified-integrated-repair,F76,facility supplied geometry / requirements / policy / price parameter,retained,1,stellarator_09__stellaris__buildings__layout.cooling_hold_days_in,work/orchestration/goals/preserve-model-design-choices/evidence/facilities-binding-plan.md;work/active/WI-076_supplied-facility-design-evaluation/spec.md,Entering geometry/parcel/packages/positions violated; approved repair requires native independent acceptance,binding design approved; native integrated review pending
stellarator_09__stellaris__buildings__cooling_initial_receipt_lead_days,design_attribute,1,../../../../active/WI-074_design-choice-inventory-and-evaluation-contract/residual-dispositions.md,unverified-integrated-repair,F76,facility supplied geometry / requirements / policy / price parameter,retained,1,stellarator_09__stellaris__buildings__layout.cooling_initial_receipt_lead_days_in,work/orchestration/goals/preserve-model-design-choices/evidence/facilities-binding-plan.md;work/active/WI-076_supplied-facility-design-evaluation/spec.md,Entering geometry/parcel/packages/positions violated; approved repair requires native independent acceptance,binding design approved; native integrated review pending
stellarator_09__stellaris__buildings__cooling_internal_move_days,design_attribute,1,../../../../active/WI-074_design-choice-inventory-and-evaluation-contract/residual-dispositions.md,unverified-integrated-repair,F76,facility supplied geometry / requirements / policy / price parameter,retained,1,stellarator_09__stellaris__buildings__layout.cooling_internal_move_days_in,work/orchestration/goals/preserve-model-design-choices/evidence/facilities-binding-plan.md;work/active/WI-076_supplied-facility-design-evaluation/spec.md,Entering geometry/parcel/packages/positions violated; approved repair requires native independent acceptance,binding design approved; native integrated review pending
stellarator_09__stellaris__buildings__cooling_machine_process_days,design_attribute,1,../../../../active/WI-074_design-choice-inventory-and-evaluation-contract/residual-dispositions.md,unverified-integrated-repair,F76,facility supplied geometry / requirements / policy / price parameter,retained,1,stellarator_09__stellaris__buildings__layout.cooling_machine_process_days_in,work/orchestration/goals/preserve-model-design-choices/evidence/facilities-binding-plan.md;work/active/WI-076_supplied-facility-design-evaluation/spec.md,Entering geometry/parcel/packages/positions violated; approved repair requires native independent acceptance,binding design approved; native integrated review pending
stellarator_09__stellaris__buildings__cooling_machine_stations,design_attribute,1,../../../../active/WI-074_design-choice-inventory-and-evaluation-contract/residual-dispositions.md,unverified-integrated-repair,F76,facility supplied geometry / requirements / policy / price parameter,retained,1,stellarator_09__stellaris__buildings__layout.cooling_machine_stations_in,work/orchestration/goals/preserve-model-design-choices/evidence/facilities-binding-plan.md;work/active/WI-076_supplied-facility-design-evaluation/spec.md,Entering geometry/parcel/packages/positions violated; approved repair requires native independent acceptance,binding design approved; native integrated review pending
stellarator_09__stellaris__buildings__cooling_package_margin,design_attribute,1,../../../../active/WI-074_design-choice-inventory-and-evaluation-contract/residual-dispositions.md,unverified-integrated-repair,F76,facility supplied geometry / requirements / policy / price parameter,retained,1,stellarator_09__stellaris__buildings__layout.cooling_package_margin_in,work/orchestration/goals/preserve-model-design-choices/evidence/facilities-binding-plan.md;work/active/WI-076_supplied-facility-design-evaluation/spec.md,Entering geometry/parcel/packages/positions violated; approved repair requires native independent acceptance,binding design approved; native integrated review pending
stellarator_09__stellaris__buildings__cooling_prepare_bundle_days,design_attribute,1,../../../../active/WI-074_design-choice-inventory-and-evaluation-contract/residual-dispositions.md,unverified-integrated-repair,F76,facility supplied geometry / requirements / policy / price parameter,retained,1,stellarator_09__stellaris__buildings__layout.cooling_prepare_bundle_days_in,work/orchestration/goals/preserve-model-design-choices/evidence/facilities-binding-plan.md;work/active/WI-076_supplied-facility-design-evaluation/spec.md,Entering geometry/parcel/packages/positions violated; approved repair requires native independent acceptance,binding design approved; native integrated review pending
stellarator_09__stellaris__buildings__cooling_prepare_machine_days,design_attribute,1,../../../../active/WI-074_design-choice-inventory-and-evaluation-contract/residual-dispositions.md,unverified-integrated-repair,F76,facility supplied geometry / requirements / policy / price parameter,retained,1,stellarator_09__stellaris__buildings__layout.cooling_prepare_machine_days_in,work/orchestration/goals/preserve-model-design-choices/evidence/facilities-binding-plan.md;work/active/WI-076_supplied-facility-design-evaluation/spec.md,Entering geometry/parcel/packages/positions violated; approved repair requires native independent acceptance,binding design approved; native integrated review pending
stellarator_09__stellaris__buildings__cooling_prepare_stations,design_attribute,1,../../../../active/WI-074_design-choice-inventory-and-evaluation-contract/residual-dispositions.md,unverified-integrated-repair,F76,facility supplied geometry / requirements / policy / price parameter,retained,1,stellarator_09__stellaris__buildings__layout.cooling_prepare_stations_in,work/orchestration/goals/preserve-model-design-choices/evidence/facilities-binding-plan.md;work/active/WI-076_supplied-facility-design-evaluation/spec.md,Entering geometry/parcel/packages/positions violated; approved repair requires native independent acceptance,binding design approved; native integrated review pending
stellarator_09__stellaris__buildings__cooling_receipt_lead_days,design_attribute,1,../../../../active/WI-074_design-choice-inventory-and-evaluation-contract/residual-dispositions.md,unverified-integrated-repair,F76,facility supplied geometry / requirements / policy / price parameter,retained,1,stellarator_09__stellaris__buildings__layout.cooling_receipt_lead_days_in,work/orchestration/goals/preserve-model-design-choices/evidence/facilities-binding-plan.md;work/active/WI-076_supplied-facility-design-evaluation/spec.md,Entering geometry/parcel/packages/positions violated; approved repair requires native independent acceptance,binding design approved; native integrated review pending
stellarator_09__stellaris__buildings__cryo_coldbox_height,design_attribute,1,../../../../active/WI-074_design-choice-inventory-and-evaluation-contract/residual-dispositions.md,unverified-integrated-repair,F76,facility supplied geometry / requirements / policy / price parameter,retained,1,stellarator_09__stellaris__buildings__layout.cryo_coldbox_height_in,work/orchestration/goals/preserve-model-design-choices/evidence/facilities-binding-plan.md;work/active/WI-076_supplied-facility-design-evaluation/spec.md,Entering geometry/parcel/packages/positions violated; approved repair requires native independent acceptance,binding design approved; native integrated review pending
stellarator_09__stellaris__buildings__cryo_coldbox_length,design_attribute,1,../../../../active/WI-074_design-choice-inventory-and-evaluation-contract/residual-dispositions.md,unverified-integrated-repair,F76,facility supplied geometry / requirements / policy / price parameter,retained,1,stellarator_09__stellaris__buildings__layout.cryo_coldbox_length_in,work/orchestration/goals/preserve-model-design-choices/evidence/facilities-binding-plan.md;work/active/WI-076_supplied-facility-design-evaluation/spec.md,Entering geometry/parcel/packages/positions violated; approved repair requires native independent acceptance,binding design approved; native integrated review pending
stellarator_09__stellaris__buildings__cryo_coldbox_width,design_attribute,1,../../../../active/WI-074_design-choice-inventory-and-evaluation-contract/residual-dispositions.md,unverified-integrated-repair,F76,facility supplied geometry / requirements / policy / price parameter,retained,1,stellarator_09__stellaris__buildings__layout.cryo_coldbox_width_in,work/orchestration/goals/preserve-model-design-choices/evidence/facilities-binding-plan.md;work/active/WI-076_supplied-facility-design-evaluation/spec.md,Entering geometry/parcel/packages/positions violated; approved repair requires native independent acceptance,binding design approved; native integrated review pending
stellarator_09__stellaris__buildings__cryo_compressors_height,design_attribute,1,../../../../active/WI-074_design-choice-inventory-and-evaluation-contract/residual-dispositions.md,unverified-integrated-repair,F76,facility supplied geometry / requirements / policy / price parameter,retained,1,stellarator_09__stellaris__buildings__layout.cryo_compressors_height_in,work/orchestration/goals/preserve-model-design-choices/evidence/facilities-binding-plan.md;work/active/WI-076_supplied-facility-design-evaluation/spec.md,Entering geometry/parcel/packages/positions violated; approved repair requires native independent acceptance,binding design approved; native integrated review pending
stellarator_09__stellaris__buildings__cryo_compressors_length,design_attribute,1,../../../../active/WI-074_design-choice-inventory-and-evaluation-contract/residual-dispositions.md,unverified-integrated-repair,F76,facility supplied geometry / requirements / policy / price parameter,retained,1,stellarator_09__stellaris__buildings__layout.cryo_compressors_length_in,work/orchestration/goals/preserve-model-design-choices/evidence/facilities-binding-plan.md;work/active/WI-076_supplied-facility-design-evaluation/spec.md,Entering geometry/parcel/packages/positions violated; approved repair requires native independent acceptance,binding design approved; native integrated review pending
stellarator_09__stellaris__buildings__cryo_compressors_width,design_attribute,1,../../../../active/WI-074_design-choice-inventory-and-evaluation-contract/residual-dispositions.md,unverified-integrated-repair,F76,facility supplied geometry / requirements / policy / price parameter,retained,1,stellarator_09__stellaris__buildings__layout.cryo_compressors_width_in,work/orchestration/goals/preserve-model-design-choices/evidence/facilities-binding-plan.md;work/active/WI-076_supplied-facility-design-evaluation/spec.md,Entering geometry/parcel/packages/positions violated; approved repair requires native independent acceptance,binding design approved; native integrated review pending
stellarator_09__stellaris__buildings__dirty_buffer_positions,design_attribute,1,../../../../active/WI-074_design-choice-inventory-and-evaluation-contract/residual-dispositions.md,unverified-integrated-repair,F76,facility supplied geometry / requirements / policy / price parameter,retained,1,stellarator_09__stellaris__buildings__layout.dirty_buffer_positions_in,work/orchestration/goals/preserve-model-design-choices/evidence/facilities-binding-plan.md;work/active/WI-076_supplied-facility-design-evaluation/spec.md,Entering geometry/parcel/packages/positions violated; approved repair requires native independent acceptance,binding design approved; native integrated review pending
stellarator_09__stellaris__buildings__dirty_store_positions,design_attribute,1,../../../../active/WI-074_design-choice-inventory-and-evaluation-contract/residual-dispositions.md,unverified-integrated-repair,F76,facility supplied geometry / requirements / policy / price parameter,retained,1,stellarator_09__stellaris__buildings__layout.dirty_store_positions_in,work/orchestration/goals/preserve-model-design-choices/evidence/facilities-binding-plan.md;work/active/WI-076_supplied-facility-design-evaluation/spec.md,Entering geometry/parcel/packages/positions violated; approved repair requires native independent acceptance,binding design approved; native integrated review pending
stellarator_09__stellaris__buildings__divertor_packages_per_sector,design_attribute,1,../../../../active/WI-074_design-choice-inventory-and-evaluation-contract/residual-dispositions.md,unverified-integrated-repair,F76,facility supplied geometry / requirements / policy / price parameter,retained,1,stellarator_09__stellaris__buildings__layout.divertor_packages_per_sector_in,work/orchestration/goals/preserve-model-design-choices/evidence/facilities-binding-plan.md;work/active/WI-076_supplied-facility-design-evaluation/spec.md,Entering geometry/parcel/packages/positions violated; approved repair requires native independent acceptance,binding design approved; native integrated review pending
stellarator_09__stellaris__buildings__exterior_allowance,design_attribute,1,../../../../active/WI-074_design-choice-inventory-and-evaluation-contract/residual-dispositions.md,unverified-integrated-repair,F76,facility supplied geometry / requirements / policy / price parameter,retained,1,stellarator_09__stellaris__buildings__layout.exterior_allowance_in,work/orchestration/goals/preserve-model-design-choices/evidence/facilities-binding-plan.md;work/active/WI-076_supplied-facility-design-evaluation/spec.md,Entering geometry/parcel/packages/positions violated; approved repair requires native independent acceptance,binding design approved; native integrated review pending
stellarator_09__stellaris__buildings__external_access_width,design_attribute,1,../../../../active/WI-074_design-choice-inventory-and-evaluation-contract/residual-dispositions.md,unverified-integrated-repair,F76,facility supplied geometry / requirements / policy / price parameter,retained,1,stellarator_09__stellaris__buildings__layout.external_access_width_in,work/orchestration/goals/preserve-model-design-choices/evidence/facilities-binding-plan.md;work/active/WI-076_supplied-facility-design-evaluation/spec.md,Entering geometry/parcel/packages/positions violated; approved repair requires native independent acceptance,binding design approved; native integrated review pending
stellarator_09__stellaris__buildings__facilities_capacity_mode,design_attribute,0,../../../../active/WI-074_design-choice-inventory-and-evaluation-contract/residual-dispositions.md,retired-entering-interface,F76,facility supplied geometry / requirements / policy / price parameter,retired,1,,work/orchestration/goals/preserve-model-design-choices/evidence/facilities-binding-plan.md;work/active/WI-076_supplied-facility-design-evaluation/spec.md,Entering geometry/parcel/packages/positions violated; approved repair requires native independent acceptance; no current parameter/consumer; reject old key in new package,binding design approved; native integrated review pending
stellarator_09__stellaris__buildings__facilities_cost_mode,design_attribute,1,../../../../active/WI-074_design-choice-inventory-and-evaluation-contract/residual-dispositions.md,unverified-integrated-repair,F76,facility supplied geometry / requirements / policy / price parameter,retained,1,stellarator_09__stellaris__buildings__layout.facilities_cost_mode_in,work/orchestration/goals/preserve-model-design-choices/evidence/facilities-binding-plan.md;work/active/WI-076_supplied-facility-design-evaluation/spec.md,Entering geometry/parcel/packages/positions violated; approved repair requires native independent acceptance,binding design approved; native integrated review pending
stellarator_09__stellaris__buildings__facilities_enabled,design_attribute,26,../../../../active/WI-074_design-choice-inventory-and-evaluation-contract/residual-dispositions.md,unverified-integrated-repair,F76,facility supplied geometry / requirements / policy / price parameter,retained,26,stellarator_09__stellaris__buildings__layout.facilities_enabled_in;stellarator_09__stellaris__buildings__cooling_link__civil.enabled_in;stellarator_09__stellaris__buildings__cooling_hall__civil.enabled_in;stellarator_09__stellaris__buildings__sector_link_south__civil.enabled_in;stellarator_09__stellaris__buildings__cryo_compressors__civil.enabled_in;stellarator_09__stellaris__buildings__security__civil.enabled_in;stellarator_09__stellaris__buildings__cryo_coldbox__civil.enabled_in;stellarator_09__stellaris__buildings__control__civil.enabled_in;stellarator_09__stellaris__buildings__sector_wing_east__civil.enabled_in;stellarator_09__stellaris__buildings__sector_wing_west__civil.enabled_in;stellarator_09__stellaris__buildings__service_water_building__civil.enabled_in;stellarator_09__stellaris__buildings__reactor_auxiliaries__civil.enabled_in;stellarator_09__stellaris__buildings__sector_link_west__civil.enabled_in;stellarator_09__stellaris__buildings__sector_wing_south__civil.enabled_in;stellarator_09__stellaris__buildings__sector_wing_north__civil.enabled_in;stellarator_09__stellaris__buildings__site_services_building__civil.enabled_in;stellarator_09__stellaris__buildings__sector_link_east__civil.enabled_in;stellarator_09__stellaris__buildings__maintenance_shop__civil.enabled_in;stellarator_09__stellaris__buildings__fuel_building__civil.enabled_in;stellarator_09__stellaris__buildings__sector_link_north__civil.enabled_in;stellarator_09__stellaris__buildings__cooling_annex__civil.enabled_in;stellarator_09__stellaris__buildings__power_supply_building__civil.enabled_in;stellarator_09__stellaris__buildings__reactor_hall__civil.enabled_in;stellarator_09__stellaris__buildings__administration__civil.enabled_in;stellarator_09__stellaris__buildings__electrical_building__civil.enabled_in;stellarator_09__stellaris__buildings__turbine_hall__civil.enabled_in,work/orchestration/goals/preserve-model-design-choices/evidence/facilities-binding-plan.md;work/active/WI-076_supplied-facility-design-evaluation/spec.md,Entering geometry/parcel/packages/positions violated; approved repair requires native independent acceptance,binding design approved; native integrated review pending
stellarator_09__stellaris__buildings__fuel_height,design_attribute,1,../../../../active/WI-074_design-choice-inventory-and-evaluation-contract/residual-dispositions.md,unverified-integrated-repair,F76,facility supplied geometry / requirements / policy / price parameter,retained,1,stellarator_09__stellaris__buildings__layout.fuel_height_in,work/orchestration/goals/preserve-model-design-choices/evidence/facilities-binding-plan.md;work/active/WI-076_supplied-facility-design-evaluation/spec.md,Entering geometry/parcel/packages/positions violated; approved repair requires native independent acceptance,binding design approved; native integrated review pending
stellarator_09__stellaris__buildings__fuel_length,design_attribute,1,../../../../active/WI-074_design-choice-inventory-and-evaluation-contract/residual-dispositions.md,unverified-integrated-repair,F76,facility supplied geometry / requirements / policy / price parameter,retained,1,stellarator_09__stellaris__buildings__layout.fuel_length_in,work/orchestration/goals/preserve-model-design-choices/evidence/facilities-binding-plan.md;work/active/WI-076_supplied-facility-design-evaluation/spec.md,Entering geometry/parcel/packages/positions violated; approved repair requires native independent acceptance,binding design approved; native integrated review pending
stellarator_09__stellaris__buildings__fuel_width,design_attribute,1,../../../../active/WI-074_design-choice-inventory-and-evaluation-contract/residual-dispositions.md,unverified-integrated-repair,F76,facility supplied geometry / requirements / policy / price parameter,retained,1,stellarator_09__stellaris__buildings__layout.fuel_width_in,work/orchestration/goals/preserve-model-design-choices/evidence/facilities-binding-plan.md;work/active/WI-076_supplied-facility-design-evaluation/spec.md,Entering geometry/parcel/packages/positions violated; approved repair requires native independent acceptance,binding design approved; native integrated review pending
stellarator_09__stellaris__buildings__heat_rejection_length,design_attribute,1,../../../../active/WI-074_design-choice-inventory-and-evaluation-contract/residual-dispositions.md,unverified-integrated-repair,F76,facility supplied geometry / requirements / policy / price parameter,retained,1,stellarator_09__stellaris__buildings__layout.heat_rejection_length_in,work/orchestration/goals/preserve-model-design-choices/evidence/facilities-binding-plan.md;work/active/WI-076_supplied-facility-design-evaluation/spec.md,Entering geometry/parcel/packages/positions violated; approved repair requires native independent acceptance,binding design approved; native integrated review pending
stellarator_09__stellaris__buildings__heat_rejection_width,design_attribute,1,../../../../active/WI-074_design-choice-inventory-and-evaluation-contract/residual-dispositions.md,unverified-integrated-repair,F76,facility supplied geometry / requirements / policy / price parameter,retained,1,stellarator_09__stellaris__buildings__layout.heat_rejection_width_in,work/orchestration/goals/preserve-model-design-choices/evidence/facilities-binding-plan.md;work/active/WI-076_supplied-facility-design-evaluation/spec.md,Entering geometry/parcel/packages/positions violated; approved repair requires native independent acceptance,binding design approved; native integrated review pending
stellarator_09__stellaris__buildings__helium_package_height,design_attribute,1,../../../../active/WI-074_design-choice-inventory-and-evaluation-contract/residual-dispositions.md,unverified-integrated-repair,F76,facility supplied geometry / requirements / policy / price parameter,retained,1,stellarator_09__stellaris__buildings__layout.helium_package_height_in,work/orchestration/goals/preserve-model-design-choices/evidence/facilities-binding-plan.md;work/active/WI-076_supplied-facility-design-evaluation/spec.md,Entering geometry/parcel/packages/positions violated; approved repair requires native independent acceptance,binding design approved; native integrated review pending
stellarator_09__stellaris__buildings__helium_package_length,design_attribute,1,../../../../active/WI-074_design-choice-inventory-and-evaluation-contract/residual-dispositions.md,unverified-integrated-repair,F76,facility supplied geometry / requirements / policy / price parameter,retained,1,stellarator_09__stellaris__buildings__layout.helium_package_length_in,work/orchestration/goals/preserve-model-design-choices/evidence/facilities-binding-plan.md;work/active/WI-076_supplied-facility-design-evaluation/spec.md,Entering geometry/parcel/packages/positions violated; approved repair requires native independent acceptance,binding design approved; native integrated review pending
stellarator_09__stellaris__buildings__helium_package_width,design_attribute,1,../../../../active/WI-074_design-choice-inventory-and-evaluation-contract/residual-dispositions.md,unverified-integrated-repair,F76,facility supplied geometry / requirements / policy / price parameter,retained,1,stellarator_09__stellaris__buildings__layout.helium_package_width_in,work/orchestration/goals/preserve-model-design-choices/evidence/facilities-binding-plan.md;work/active/WI-076_supplied-facility-design-evaluation/spec.md,Entering geometry/parcel/packages/positions violated; approved repair requires native independent acceptance,binding design approved; native integrated review pending
stellarator_09__stellaris__buildings__hx_end_allowance,design_attribute,1,../../../../active/WI-074_design-choice-inventory-and-evaluation-contract/residual-dispositions.md,unverified-integrated-repair,F76,facility supplied geometry / requirements / policy / price parameter,retained,1,stellarator_09__stellaris__buildings__layout.hx_end_allowance_in,work/orchestration/goals/preserve-model-design-choices/evidence/facilities-binding-plan.md;work/active/WI-076_supplied-facility-design-evaluation/spec.md,Entering geometry/parcel/packages/positions violated; approved repair requires native independent acceptance,binding design approved; native integrated review pending
stellarator_09__stellaris__buildings__initial_receipt_lead_days,design_attribute,1,../../../../active/WI-074_design-choice-inventory-and-evaluation-contract/residual-dispositions.md,unverified-integrated-repair,F76,facility supplied geometry / requirements / policy / price parameter,retained,1,stellarator_09__stellaris__buildings__layout.initial_receipt_lead_days_in,work/orchestration/goals/preserve-model-design-choices/evidence/facilities-binding-plan.md;work/active/WI-076_supplied-facility-design-evaluation/spec.md,Entering geometry/parcel/packages/positions violated; approved repair requires native independent acceptance,binding design approved; native integrated review pending
stellarator_09__stellaris__buildings__land_rate_per_acre,design_attribute,1,../../../../active/WI-074_design-choice-inventory-and-evaluation-contract/residual-dispositions.md,unverified-integrated-repair,F76,facility supplied geometry / requirements / policy / price parameter,retained,1,stellarator_09__stellaris__buildings__facility_land.rate_per_acre_in,work/orchestration/goals/preserve-model-design-choices/evidence/facilities-binding-plan.md;work/active/WI-076_supplied-facility-design-evaluation/spec.md,Entering geometry/parcel/packages/positions violated; approved repair requires native independent acceptance,binding design approved; native integrated review pending
stellarator_09__stellaris__buildings__nuclear_floor,design_attribute,1,../../../../active/WI-074_design-choice-inventory-and-evaluation-contract/residual-dispositions.md,unverified-integrated-repair,F76,facility supplied geometry / requirements / policy / price parameter,retained,1,stellarator_09__stellaris__buildings__layout.nuclear_floor_in,work/orchestration/goals/preserve-model-design-choices/evidence/facilities-binding-plan.md;work/active/WI-076_supplied-facility-design-evaluation/spec.md,Entering geometry/parcel/packages/positions violated; approved repair requires native independent acceptance,binding design approved; native integrated review pending
stellarator_09__stellaris__buildings__nuclear_rebar_density,design_attribute,1,../../../../active/WI-074_design-choice-inventory-and-evaluation-contract/residual-dispositions.md,unverified-integrated-repair,F76,facility supplied geometry / requirements / policy / price parameter,retained,1,stellarator_09__stellaris__buildings__layout.nuclear_rebar_density_in,work/orchestration/goals/preserve-model-design-choices/evidence/facilities-binding-plan.md;work/active/WI-076_supplied-facility-design-evaluation/spec.md,Entering geometry/parcel/packages/positions violated; approved repair requires native independent acceptance,binding design approved; native integrated review pending
stellarator_09__stellaris__buildings__nuclear_roof,design_attribute,1,../../../../active/WI-074_design-choice-inventory-and-evaluation-contract/residual-dispositions.md,unverified-integrated-repair,F76,facility supplied geometry / requirements / policy / price parameter,retained,1,stellarator_09__stellaris__buildings__layout.nuclear_roof_in,work/orchestration/goals/preserve-model-design-choices/evidence/facilities-binding-plan.md;work/active/WI-076_supplied-facility-design-evaluation/spec.md,Entering geometry/parcel/packages/positions violated; approved repair requires native independent acceptance,binding design approved; native integrated review pending
stellarator_09__stellaris__buildings__nuclear_wall,design_attribute,1,../../../../active/WI-074_design-choice-inventory-and-evaluation-contract/residual-dispositions.md,unverified-integrated-repair,F76,facility supplied geometry / requirements / policy / price parameter,retained,1,stellarator_09__stellaris__buildings__layout.nuclear_wall_in,work/orchestration/goals/preserve-model-design-choices/evidence/facilities-binding-plan.md;work/active/WI-076_supplied-facility-design-evaluation/spec.md,Entering geometry/parcel/packages/positions violated; approved repair requires native independent acceptance,binding design approved; native integrated review pending
stellarator_09__stellaris__buildings__occupancy_aspect_ratio,design_attribute,0,../../../../active/WI-074_design-choice-inventory-and-evaluation-contract/residual-dispositions.md,retired-entering-interface,F76,facility supplied geometry / requirements / policy / price parameter,retired,1,,work/orchestration/goals/preserve-model-design-choices/evidence/facilities-binding-plan.md;work/active/WI-076_supplied-facility-design-evaluation/spec.md,Entering geometry/parcel/packages/positions violated; approved repair requires native independent acceptance; no current parameter/consumer; reject old key in new package,binding design approved; native integrated review pending
stellarator_09__stellaris__buildings__occupancy_circulation_factor,design_attribute,1,../../../../active/WI-074_design-choice-inventory-and-evaluation-contract/residual-dispositions.md,unverified-integrated-repair,F76,facility supplied geometry / requirements / policy / price parameter,retained,1,stellarator_09__stellaris__buildings__layout.occupancy_circulation_factor_in,work/orchestration/goals/preserve-model-design-choices/evidence/facilities-binding-plan.md;work/active/WI-076_supplied-facility-design-evaluation/spec.md,Entering geometry/parcel/packages/positions violated; approved repair requires native independent acceptance,binding design approved; native integrated review pending
stellarator_09__stellaris__buildings__occupancy_height,design_attribute,1,../../../../active/WI-074_design-choice-inventory-and-evaluation-contract/residual-dispositions.md,unverified-integrated-repair,F76,facility supplied geometry / requirements / policy / price parameter,retained,1,stellarator_09__stellaris__buildings__layout.occupancy_height_in,work/orchestration/goals/preserve-model-design-choices/evidence/facilities-binding-plan.md;work/active/WI-076_supplied-facility-design-evaluation/spec.md,Entering geometry/parcel/packages/positions violated; approved repair requires native independent acceptance,binding design approved; native integrated review pending
stellarator_09__stellaris__buildings__onsite_ac_height,design_attribute,1,../../../../active/WI-074_design-choice-inventory-and-evaluation-contract/residual-dispositions.md,unverified-integrated-repair,F76,facility supplied geometry / requirements / policy / price parameter,retained,1,stellarator_09__stellaris__buildings__layout.onsite_ac_height_in,work/orchestration/goals/preserve-model-design-choices/evidence/facilities-binding-plan.md;work/active/WI-076_supplied-facility-design-evaluation/spec.md,Entering geometry/parcel/packages/positions violated; approved repair requires native independent acceptance,binding design approved; native integrated review pending
stellarator_09__stellaris__buildings__onsite_ac_length,design_attribute,1,../../../../active/WI-074_design-choice-inventory-and-evaluation-contract/residual-dispositions.md,unverified-integrated-repair,F76,facility supplied geometry / requirements / policy / price parameter,retained,1,stellarator_09__stellaris__buildings__layout.onsite_ac_length_in,work/orchestration/goals/preserve-model-design-choices/evidence/facilities-binding-plan.md;work/active/WI-076_supplied-facility-design-evaluation/spec.md,Entering geometry/parcel/packages/positions violated; approved repair requires native independent acceptance,binding design approved; native integrated review pending
stellarator_09__stellaris__buildings__onsite_ac_width,design_attribute,1,../../../../active/WI-074_design-choice-inventory-and-evaluation-contract/residual-dispositions.md,unverified-integrated-repair,F76,facility supplied geometry / requirements / policy / price parameter,retained,1,stellarator_09__stellaris__buildings__layout.onsite_ac_width_in,work/orchestration/goals/preserve-model-design-choices/evidence/facilities-binding-plan.md;work/active/WI-076_supplied-facility-design-evaluation/spec.md,Entering geometry/parcel/packages/positions violated; approved repair requires native independent acceptance,binding design approved; native integrated review pending
stellarator_09__stellaris__buildings__parcel_origin_x_offset,design_attribute,1,../../../../active/WI-074_design-choice-inventory-and-evaluation-contract/residual-dispositions.md,unverified-integrated-repair,F76,facility supplied geometry / requirements / policy / price parameter,introduced,0,stellarator_09__stellaris__buildings__selected_parcel_x_min.parcel_origin_x_offset,work/orchestration/goals/preserve-model-design-choices/evidence/facilities-binding-plan.md;work/active/WI-076_supplied-facility-design-evaluation/spec.md,Entering geometry/parcel/packages/positions violated; approved repair requires native independent acceptance,binding design approved; native integrated review pending
stellarator_09__stellaris__buildings__parcel_origin_y_offset,design_attribute,1,../../../../active/WI-074_design-choice-inventory-and-evaluation-contract/residual-dispositions.md,unverified-integrated-repair,F76,facility supplied geometry / requirements / policy / price parameter,introduced,0,stellarator_09__stellaris__buildings__selected_parcel_y_min.parcel_origin_y_offset,work/orchestration/goals/preserve-model-design-choices/evidence/facilities-binding-plan.md;work/active/WI-076_supplied-facility-design-evaluation/spec.md,Entering geometry/parcel/packages/positions violated; approved repair requires native independent acceptance,binding design approved; native integrated review pending
stellarator_09__stellaris__buildings__power_supply_height,design_attribute,1,../../../../active/WI-074_design-choice-inventory-and-evaluation-contract/residual-dispositions.md,unverified-integrated-repair,F76,facility supplied geometry / requirements / policy / price parameter,retained,1,stellarator_09__stellaris__buildings__layout.power_supply_height_in,work/orchestration/goals/preserve-model-design-choices/evidence/facilities-binding-plan.md;work/active/WI-076_supplied-facility-design-evaluation/spec.md,Entering geometry/parcel/packages/positions violated; approved repair requires native independent acceptance,binding design approved; native integrated review pending
stellarator_09__stellaris__buildings__power_supply_length,design_attribute,1,../../../../active/WI-074_design-choice-inventory-and-evaluation-contract/residual-dispositions.md,unverified-integrated-repair,F76,facility supplied geometry / requirements / policy / price parameter,retained,1,stellarator_09__stellaris__buildings__layout.power_supply_length_in,work/orchestration/goals/preserve-model-design-choices/evidence/facilities-binding-plan.md;work/active/WI-076_supplied-facility-design-evaluation/spec.md,Entering geometry/parcel/packages/positions violated; approved repair requires native independent acceptance,binding design approved; native integrated review pending
stellarator_09__stellaris__buildings__power_supply_width,design_attribute,1,../../../../active/WI-074_design-choice-inventory-and-evaluation-contract/residual-dispositions.md,unverified-integrated-repair,F76,facility supplied geometry / requirements / policy / price parameter,retained,1,stellarator_09__stellaris__buildings__layout.power_supply_width_in,work/orchestration/goals/preserve-model-design-choices/evidence/facilities-binding-plan.md;work/active/WI-076_supplied-facility-design-evaluation/spec.md,Entering geometry/parcel/packages/positions violated; approved repair requires native independent acceptance,binding design approved; native integrated review pending
stellarator_09__stellaris__buildings__provisional_envelope_scale,design_attribute,1,../../../../active/WI-074_design-choice-inventory-and-evaluation-contract/residual-dispositions.md,unverified-integrated-repair,F76,facility supplied geometry / requirements / policy / price parameter,retained,1,stellarator_09__stellaris__buildings__layout.provisional_envelope_scale_in,work/orchestration/goals/preserve-model-design-choices/evidence/facilities-binding-plan.md;work/active/WI-076_supplied-facility-design-evaluation/spec.md,Entering geometry/parcel/packages/positions violated; approved repair requires native independent acceptance,binding design approved; native integrated review pending
stellarator_09__stellaris__buildings__reactor_aux_height,design_attribute,1,../../../../active/WI-074_design-choice-inventory-and-evaluation-contract/residual-dispositions.md,unverified-integrated-repair,F76,facility supplied geometry / requirements / policy / price parameter,retained,1,stellarator_09__stellaris__buildings__layout.reactor_aux_height_in,work/orchestration/goals/preserve-model-design-choices/evidence/facilities-binding-plan.md;work/active/WI-076_supplied-facility-design-evaluation/spec.md,Entering geometry/parcel/packages/positions violated; approved repair requires native independent acceptance,binding design approved; native integrated review pending
stellarator_09__stellaris__buildings__reactor_aux_length,design_attribute,1,../../../../active/WI-074_design-choice-inventory-and-evaluation-contract/residual-dispositions.md,unverified-integrated-repair,F76,facility supplied geometry / requirements / policy / price parameter,retained,1,stellarator_09__stellaris__buildings__layout.reactor_aux_length_in,work/orchestration/goals/preserve-model-design-choices/evidence/facilities-binding-plan.md;work/active/WI-076_supplied-facility-design-evaluation/spec.md,Entering geometry/parcel/packages/positions violated; approved repair requires native independent acceptance,binding design approved; native integrated review pending
stellarator_09__stellaris__buildings__reactor_aux_width,design_attribute,1,../../../../active/WI-074_design-choice-inventory-and-evaluation-contract/residual-dispositions.md,unverified-integrated-repair,F76,facility supplied geometry / requirements / policy / price parameter,retained,1,stellarator_09__stellaris__buildings__layout.reactor_aux_width_in,work/orchestration/goals/preserve-model-design-choices/evidence/facilities-binding-plan.md;work/active/WI-076_supplied-facility-design-evaluation/spec.md,Entering geometry/parcel/packages/positions violated; approved repair requires native independent acceptance,binding design approved; native integrated review pending
stellarator_09__stellaris__buildings__recommission_days,design_attribute,1,../../../../active/WI-074_design-choice-inventory-and-evaluation-contract/residual-dispositions.md,unverified-integrated-repair,F76,facility supplied geometry / requirements / policy / price parameter,retained,1,stellarator_09__stellaris__buildings__layout.recommission_days_in,work/orchestration/goals/preserve-model-design-choices/evidence/facilities-binding-plan.md;work/active/WI-076_supplied-facility-design-evaluation/spec.md,Entering geometry/parcel/packages/positions violated; approved repair requires native independent acceptance,binding design approved; native integrated review pending
stellarator_09__stellaris__buildings__retained_site_improvements,design_attribute,1,../../../../active/WI-074_design-choice-inventory-and-evaluation-contract/residual-dispositions.md,unverified-integrated-repair,F76,facility supplied geometry / requirements / policy / price parameter,retained,1,stellarator_09__stellaris__buildings__site_allowance.amount_in,work/orchestration/goals/preserve-model-design-choices/evidence/facilities-binding-plan.md;work/active/WI-076_supplied-facility-design-evaluation/spec.md,Entering geometry/parcel/packages/positions violated; approved repair requires native independent acceptance,binding design approved; native integrated review pending
stellarator_09__stellaris__buildings__salt_package_height,design_attribute,1,../../../../active/WI-074_design-choice-inventory-and-evaluation-contract/residual-dispositions.md,unverified-integrated-repair,F76,facility supplied geometry / requirements / policy / price parameter,retained,1,stellarator_09__stellaris__buildings__layout.salt_package_height_in,work/orchestration/goals/preserve-model-design-choices/evidence/facilities-binding-plan.md;work/active/WI-076_supplied-facility-design-evaluation/spec.md,Entering geometry/parcel/packages/positions violated; approved repair requires native independent acceptance,binding design approved; native integrated review pending
stellarator_09__stellaris__buildings__salt_package_length,design_attribute,1,../../../../active/WI-074_design-choice-inventory-and-evaluation-contract/residual-dispositions.md,unverified-integrated-repair,F76,facility supplied geometry / requirements / policy / price parameter,retained,1,stellarator_09__stellaris__buildings__layout.salt_package_length_in,work/orchestration/goals/preserve-model-design-choices/evidence/facilities-binding-plan.md;work/active/WI-076_supplied-facility-design-evaluation/spec.md,Entering geometry/parcel/packages/positions violated; approved repair requires native independent acceptance,binding design approved; native integrated review pending
stellarator_09__stellaris__buildings__salt_package_width,design_attribute,1,../../../../active/WI-074_design-choice-inventory-and-evaluation-contract/residual-dispositions.md,unverified-integrated-repair,F76,facility supplied geometry / requirements / policy / price parameter,retained,1,stellarator_09__stellaris__buildings__layout.salt_package_width_in,work/orchestration/goals/preserve-model-design-choices/evidence/facilities-binding-plan.md;work/active/WI-076_supplied-facility-design-evaluation/spec.md,Entering geometry/parcel/packages/positions violated; approved repair requires native independent acceptance,binding design approved; native integrated review pending
stellarator_09__stellaris__buildings__sector_bays,design_attribute,1,../../../../active/WI-074_design-choice-inventory-and-evaluation-contract/residual-dispositions.md,unverified-integrated-repair,F76,facility supplied geometry / requirements / policy / price parameter,retained,1,stellarator_09__stellaris__buildings__layout.sector_bays_in,work/orchestration/goals/preserve-model-design-choices/evidence/facilities-binding-plan.md;work/active/WI-076_supplied-facility-design-evaluation/spec.md,Entering geometry/parcel/packages/positions violated; approved repair requires native independent acceptance,binding design approved; native integrated review pending
stellarator_09__stellaris__buildings__sector_clean_days,design_attribute,1,../../../../active/WI-074_design-choice-inventory-and-evaluation-contract/residual-dispositions.md,unverified-integrated-repair,F76,facility supplied geometry / requirements / policy / price parameter,retained,1,stellarator_09__stellaris__buildings__layout.sector_clean_days_in,work/orchestration/goals/preserve-model-design-choices/evidence/facilities-binding-plan.md;work/active/WI-076_supplied-facility-design-evaluation/spec.md,Entering geometry/parcel/packages/positions violated; approved repair requires native independent acceptance,binding design approved; native integrated review pending
stellarator_09__stellaris__buildings__sector_count,design_attribute,1,../../../../active/WI-074_design-choice-inventory-and-evaluation-contract/residual-dispositions.md,unverified-integrated-repair,F76,facility supplied geometry / requirements / policy / price parameter,retained,1,stellarator_09__stellaris__buildings__layout.sector_count_in,work/orchestration/goals/preserve-model-design-choices/evidence/facilities-binding-plan.md;work/active/WI-076_supplied-facility-design-evaluation/spec.md,Entering geometry/parcel/packages/positions violated; approved repair requires native independent acceptance,binding design approved; native integrated review pending
stellarator_09__stellaris__buildings__sector_headroom,design_attribute,1,../../../../active/WI-074_design-choice-inventory-and-evaluation-contract/residual-dispositions.md,unverified-integrated-repair,F76,facility supplied geometry / requirements / policy / price parameter,retained,1,stellarator_09__stellaris__buildings__layout.sector_headroom_in,work/orchestration/goals/preserve-model-design-choices/evidence/facilities-binding-plan.md;work/active/WI-076_supplied-facility-design-evaluation/spec.md,Entering geometry/parcel/packages/positions violated; approved repair requires native independent acceptance,binding design approved; native integrated review pending
stellarator_09__stellaris__buildings__sector_join_days,design_attribute,1,../../../../active/WI-074_design-choice-inventory-and-evaluation-contract/residual-dispositions.md,unverified-integrated-repair,F76,facility supplied geometry / requirements / policy / price parameter,retained,1,stellarator_09__stellaris__buildings__layout.sector_join_days_in,work/orchestration/goals/preserve-model-design-choices/evidence/facilities-binding-plan.md;work/active/WI-076_supplied-facility-design-evaluation/spec.md,Entering geometry/parcel/packages/positions violated; approved repair requires native independent acceptance,binding design approved; native integrated review pending
stellarator_09__stellaris__buildings__sector_route_clearance,design_attribute,1,../../../../active/WI-074_design-choice-inventory-and-evaluation-contract/residual-dispositions.md,unverified-integrated-repair,F76,facility supplied geometry / requirements / policy / price parameter,retained,1,stellarator_09__stellaris__buildings__layout.sector_route_clearance_in,work/orchestration/goals/preserve-model-design-choices/evidence/facilities-binding-plan.md;work/active/WI-076_supplied-facility-design-evaluation/spec.md,Entering geometry/parcel/packages/positions violated; approved repair requires native independent acceptance,binding design approved; native integrated review pending
stellarator_09__stellaris__buildings__sector_service_teams,design_attribute,1,../../../../active/WI-074_design-choice-inventory-and-evaluation-contract/residual-dispositions.md,unverified-integrated-repair,F76,facility supplied geometry / requirements / policy / price parameter,retained,1,stellarator_09__stellaris__buildings__layout.sector_service_teams_in,work/orchestration/goals/preserve-model-design-choices/evidence/facilities-binding-plan.md;work/active/WI-076_supplied-facility-design-evaluation/spec.md,Entering geometry/parcel/packages/positions violated; approved repair requires native independent acceptance,binding design approved; native integrated review pending
stellarator_09__stellaris__buildings__sector_split_days,design_attribute,1,../../../../active/WI-074_design-choice-inventory-and-evaluation-contract/residual-dispositions.md,unverified-integrated-repair,F76,facility supplied geometry / requirements / policy / price parameter,retained,1,stellarator_09__stellaris__buildings__layout.sector_split_days_in,work/orchestration/goals/preserve-model-design-choices/evidence/facilities-binding-plan.md;work/active/WI-076_supplied-facility-design-evaluation/spec.md,Entering geometry/parcel/packages/positions violated; approved repair requires native independent acceptance,binding design approved; native integrated review pending
stellarator_09__stellaris__buildings__sector_test_days,design_attribute,1,../../../../active/WI-074_design-choice-inventory-and-evaluation-contract/residual-dispositions.md,unverified-integrated-repair,F76,facility supplied geometry / requirements / policy / price parameter,retained,1,stellarator_09__stellaris__buildings__layout.sector_test_days_in,work/orchestration/goals/preserve-model-design-choices/evidence/facilities-binding-plan.md;work/active/WI-076_supplied-facility-design-evaluation/spec.md,Entering geometry/parcel/packages/positions violated; approved repair requires native independent acceptance,binding design approved; native integrated review pending
stellarator_09__stellaris__buildings__sector_transport_days,design_attribute,1,../../../../active/WI-074_design-choice-inventory-and-evaluation-contract/residual-dispositions.md,unverified-integrated-repair,F76,facility supplied geometry / requirements / policy / price parameter,retained,1,stellarator_09__stellaris__buildings__layout.sector_transport_days_in,work/orchestration/goals/preserve-model-design-choices/evidence/facilities-binding-plan.md;work/active/WI-076_supplied-facility-design-evaluation/spec.md,Entering geometry/parcel/packages/positions violated; approved repair requires native independent acceptance,binding design approved; native integrated review pending
stellarator_09__stellaris__buildings__security_area_per_person,design_attribute,1,../../../../active/WI-074_design-choice-inventory-and-evaluation-contract/residual-dispositions.md,unverified-integrated-repair,F76,facility supplied geometry / requirements / policy / price parameter,retained,1,stellarator_09__stellaris__buildings__layout.security_area_per_person_in,work/orchestration/goals/preserve-model-design-choices/evidence/facilities-binding-plan.md;work/active/WI-076_supplied-facility-design-evaluation/spec.md,Entering geometry/parcel/packages/positions violated; approved repair requires native independent acceptance,binding design approved; native integrated review pending
stellarator_09__stellaris__buildings__security_occupants,design_attribute,1,../../../../active/WI-074_design-choice-inventory-and-evaluation-contract/residual-dispositions.md,unverified-integrated-repair,F76,facility supplied geometry / requirements / policy / price parameter,retained,1,stellarator_09__stellaris__buildings__layout.security_occupants_in,work/orchestration/goals/preserve-model-design-choices/evidence/facilities-binding-plan.md;work/active/WI-076_supplied-facility-design-evaluation/spec.md,Entering geometry/parcel/packages/positions violated; approved repair requires native independent acceptance,binding design approved; native integrated review pending
stellarator_09__stellaris__buildings__selected_administration_height,design_attribute,1,../../../../active/WI-074_design-choice-inventory-and-evaluation-contract/residual-dispositions.md,unverified-integrated-repair,F76,facility supplied geometry / requirements / policy / price parameter,introduced,0,stellarator_09__stellaris__buildings__layout.selected_administration_height_in,work/orchestration/goals/preserve-model-design-choices/evidence/facilities-binding-plan.md;work/active/WI-076_supplied-facility-design-evaluation/spec.md,Entering geometry/parcel/packages/positions violated; approved repair requires native independent acceptance,binding design approved; native integrated review pending
stellarator_09__stellaris__buildings__selected_administration_length,design_attribute,1,../../../../active/WI-074_design-choice-inventory-and-evaluation-contract/residual-dispositions.md,unverified-integrated-repair,F76,facility supplied geometry / requirements / policy / price parameter,introduced,0,stellarator_09__stellaris__buildings__layout.selected_administration_length_in,work/orchestration/goals/preserve-model-design-choices/evidence/facilities-binding-plan.md;work/active/WI-076_supplied-facility-design-evaluation/spec.md,Entering geometry/parcel/packages/positions violated; approved repair requires native independent acceptance,binding design approved; native integrated review pending
stellarator_09__stellaris__buildings__selected_administration_width,design_attribute,1,../../../../active/WI-074_design-choice-inventory-and-evaluation-contract/residual-dispositions.md,unverified-integrated-repair,F76,facility supplied geometry / requirements / policy / price parameter,introduced,0,stellarator_09__stellaris__buildings__layout.selected_administration_width_in,work/orchestration/goals/preserve-model-design-choices/evidence/facilities-binding-plan.md;work/active/WI-076_supplied-facility-design-evaluation/spec.md,Entering geometry/parcel/packages/positions violated; approved repair requires native independent acceptance,binding design approved; native integrated review pending
stellarator_09__stellaris__buildings__selected_blanket_packages_per_sector,design_attribute,1,../../../../active/WI-074_design-choice-inventory-and-evaluation-contract/residual-dispositions.md,unverified-integrated-repair,F76,facility supplied geometry / requirements / policy / price parameter,introduced,0,stellarator_09__stellaris__buildings__layout.selected_blanket_packages_per_sector_in,work/orchestration/goals/preserve-model-design-choices/evidence/facilities-binding-plan.md;work/active/WI-076_supplied-facility-design-evaluation/spec.md,Entering geometry/parcel/packages/positions violated; approved repair requires native independent acceptance,binding design approved; native integrated review pending
stellarator_09__stellaris__buildings__selected_control_height,design_attribute,1,../../../../active/WI-074_design-choice-inventory-and-evaluation-contract/residual-dispositions.md,unverified-integrated-repair,F76,facility supplied geometry / requirements / policy / price parameter,introduced,0,stellarator_09__stellaris__buildings__layout.selected_control_height_in,work/orchestration/goals/preserve-model-design-choices/evidence/facilities-binding-plan.md;work/active/WI-076_supplied-facility-design-evaluation/spec.md,Entering geometry/parcel/packages/positions violated; approved repair requires native independent acceptance,binding design approved; native integrated review pending
stellarator_09__stellaris__buildings__selected_control_length,design_attribute,1,../../../../active/WI-074_design-choice-inventory-and-evaluation-contract/residual-dispositions.md,unverified-integrated-repair,F76,facility supplied geometry / requirements / policy / price parameter,introduced,0,stellarator_09__stellaris__buildings__layout.selected_control_length_in,work/orchestration/goals/preserve-model-design-choices/evidence/facilities-binding-plan.md;work/active/WI-076_supplied-facility-design-evaluation/spec.md,Entering geometry/parcel/packages/positions violated; approved repair requires native independent acceptance,binding design approved; native integrated review pending
stellarator_09__stellaris__buildings__selected_control_width,design_attribute,1,../../../../active/WI-074_design-choice-inventory-and-evaluation-contract/residual-dispositions.md,unverified-integrated-repair,F76,facility supplied geometry / requirements / policy / price parameter,introduced,0,stellarator_09__stellaris__buildings__layout.selected_control_width_in,work/orchestration/goals/preserve-model-design-choices/evidence/facilities-binding-plan.md;work/active/WI-076_supplied-facility-design-evaluation/spec.md,Entering geometry/parcel/packages/positions violated; approved repair requires native independent acceptance,binding design approved; native integrated review pending
stellarator_09__stellaris__buildings__selected_cooling_annex_height,design_attribute,1,../../../../active/WI-074_design-choice-inventory-and-evaluation-contract/residual-dispositions.md,unverified-integrated-repair,F76,facility supplied geometry / requirements / policy / price parameter,introduced,0,stellarator_09__stellaris__buildings__layout.selected_cooling_annex_height_in,work/orchestration/goals/preserve-model-design-choices/evidence/facilities-binding-plan.md;work/active/WI-076_supplied-facility-design-evaluation/spec.md,Entering geometry/parcel/packages/positions violated; approved repair requires native independent acceptance,binding design approved; native integrated review pending
stellarator_09__stellaris__buildings__selected_cooling_annex_length,design_attribute,1,../../../../active/WI-074_design-choice-inventory-and-evaluation-contract/residual-dispositions.md,unverified-integrated-repair,F76,facility supplied geometry / requirements / policy / price parameter,introduced,0,stellarator_09__stellaris__buildings__layout.selected_cooling_annex_length_in,work/orchestration/goals/preserve-model-design-choices/evidence/facilities-binding-plan.md;work/active/WI-076_supplied-facility-design-evaluation/spec.md,Entering geometry/parcel/packages/positions violated; approved repair requires native independent acceptance,binding design approved; native integrated review pending
stellarator_09__stellaris__buildings__selected_cooling_annex_north_depth,design_attribute,1,../../../../active/WI-074_design-choice-inventory-and-evaluation-contract/residual-dispositions.md,unverified-integrated-repair,F76,facility supplied geometry / requirements / policy / price parameter,introduced,0,stellarator_09__stellaris__buildings__layout.selected_cooling_annex_north_depth_in,work/orchestration/goals/preserve-model-design-choices/evidence/facilities-binding-plan.md;work/active/WI-076_supplied-facility-design-evaluation/spec.md,Entering geometry/parcel/packages/positions violated; approved repair requires native independent acceptance,binding design approved; native integrated review pending
stellarator_09__stellaris__buildings__selected_cooling_annex_width,design_attribute,1,../../../../active/WI-074_design-choice-inventory-and-evaluation-contract/residual-dispositions.md,unverified-integrated-repair,F76,facility supplied geometry / requirements / policy / price parameter,introduced,0,stellarator_09__stellaris__buildings__layout.selected_cooling_annex_width_in,work/orchestration/goals/preserve-model-design-choices/evidence/facilities-binding-plan.md;work/active/WI-076_supplied-facility-design-evaluation/spec.md,Entering geometry/parcel/packages/positions violated; approved repair requires native independent acceptance,binding design approved; native integrated review pending
stellarator_09__stellaris__buildings__selected_cooling_bundle_store_width,design_attribute,1,../../../../active/WI-074_design-choice-inventory-and-evaluation-contract/residual-dispositions.md,unverified-integrated-repair,F76,facility supplied geometry / requirements / policy / price parameter,introduced,0,stellarator_09__stellaris__buildings__layout.selected_cooling_bundle_store_width_in,work/orchestration/goals/preserve-model-design-choices/evidence/facilities-binding-plan.md;work/active/WI-076_supplied-facility-design-evaluation/spec.md,Entering geometry/parcel/packages/positions violated; approved repair requires native independent acceptance,binding design approved; native integrated review pending
stellarator_09__stellaris__buildings__selected_cooling_hall_height,design_attribute,1,../../../../active/WI-074_design-choice-inventory-and-evaluation-contract/residual-dispositions.md,unverified-integrated-repair,F76,facility supplied geometry / requirements / policy / price parameter,introduced,0,stellarator_09__stellaris__buildings__layout.selected_cooling_hall_height_in,work/orchestration/goals/preserve-model-design-choices/evidence/facilities-binding-plan.md;work/active/WI-076_supplied-facility-design-evaluation/spec.md,Entering geometry/parcel/packages/positions violated; approved repair requires native independent acceptance,binding design approved; native integrated review pending
stellarator_09__stellaris__buildings__selected_cooling_hall_length,design_attribute,1,../../../../active/WI-074_design-choice-inventory-and-evaluation-contract/residual-dispositions.md,unverified-integrated-repair,F76,facility supplied geometry / requirements / policy / price parameter,introduced,0,stellarator_09__stellaris__buildings__layout.selected_cooling_hall_length_in,work/orchestration/goals/preserve-model-design-choices/evidence/facilities-binding-plan.md;work/active/WI-076_supplied-facility-design-evaluation/spec.md,Entering geometry/parcel/packages/positions violated; approved repair requires native independent acceptance,binding design approved; native integrated review pending
stellarator_09__stellaris__buildings__selected_cooling_hall_width,design_attribute,1,../../../../active/WI-074_design-choice-inventory-and-evaluation-contract/residual-dispositions.md,unverified-integrated-repair,F76,facility supplied geometry / requirements / policy / price parameter,introduced,0,stellarator_09__stellaris__buildings__layout.selected_cooling_hall_width_in,work/orchestration/goals/preserve-model-design-choices/evidence/facilities-binding-plan.md;work/active/WI-076_supplied-facility-design-evaluation/spec.md,Entering geometry/parcel/packages/positions violated; approved repair requires native independent acceptance,binding design approved; native integrated review pending
stellarator_09__stellaris__buildings__selected_cooling_helium_store_width,design_attribute,1,../../../../active/WI-074_design-choice-inventory-and-evaluation-contract/residual-dispositions.md,unverified-integrated-repair,F76,facility supplied geometry / requirements / policy / price parameter,introduced,0,stellarator_09__stellaris__buildings__layout.selected_cooling_helium_store_width_in,work/orchestration/goals/preserve-model-design-choices/evidence/facilities-binding-plan.md;work/active/WI-076_supplied-facility-design-evaluation/spec.md,Entering geometry/parcel/packages/positions violated; approved repair requires native independent acceptance,binding design approved; native integrated review pending
stellarator_09__stellaris__buildings__selected_cooling_link_height,design_attribute,1,../../../../active/WI-074_design-choice-inventory-and-evaluation-contract/residual-dispositions.md,unverified-integrated-repair,F76,facility supplied geometry / requirements / policy / price parameter,introduced,0,stellarator_09__stellaris__buildings__layout.selected_cooling_link_height_in,work/orchestration/goals/preserve-model-design-choices/evidence/facilities-binding-plan.md;work/active/WI-076_supplied-facility-design-evaluation/spec.md,Entering geometry/parcel/packages/positions violated; approved repair requires native independent acceptance,binding design approved; native integrated review pending
stellarator_09__stellaris__buildings__selected_cooling_link_length,design_attribute,1,../../../../active/WI-074_design-choice-inventory-and-evaluation-contract/residual-dispositions.md,unverified-integrated-repair,F76,facility supplied geometry / requirements / policy / price parameter,introduced,0,stellarator_09__stellaris__buildings__layout.selected_cooling_link_length_in,work/orchestration/goals/preserve-model-design-choices/evidence/facilities-binding-plan.md;work/active/WI-076_supplied-facility-design-evaluation/spec.md,Entering geometry/parcel/packages/positions violated; approved repair requires native independent acceptance,binding design approved; native integrated review pending
stellarator_09__stellaris__buildings__selected_cooling_link_width,design_attribute,1,../../../../active/WI-074_design-choice-inventory-and-evaluation-contract/residual-dispositions.md,unverified-integrated-repair,F76,facility supplied geometry / requirements / policy / price parameter,introduced,0,stellarator_09__stellaris__buildings__layout.selected_cooling_link_width_in,work/orchestration/goals/preserve-model-design-choices/evidence/facilities-binding-plan.md;work/active/WI-076_supplied-facility-design-evaluation/spec.md,Entering geometry/parcel/packages/positions violated; approved repair requires native independent acceptance,binding design approved; native integrated review pending
stellarator_09__stellaris__buildings__selected_cooling_salt_store_width,design_attribute,1,../../../../active/WI-074_design-choice-inventory-and-evaluation-contract/residual-dispositions.md,unverified-integrated-repair,F76,facility supplied geometry / requirements / policy / price parameter,introduced,0,stellarator_09__stellaris__buildings__layout.selected_cooling_salt_store_width_in,work/orchestration/goals/preserve-model-design-choices/evidence/facilities-binding-plan.md;work/active/WI-076_supplied-facility-design-evaluation/spec.md,Entering geometry/parcel/packages/positions violated; approved repair requires native independent acceptance,binding design approved; native integrated review pending
stellarator_09__stellaris__buildings__selected_cryo_coldbox_height,design_attribute,1,../../../../active/WI-074_design-choice-inventory-and-evaluation-contract/residual-dispositions.md,unverified-integrated-repair,F76,facility supplied geometry / requirements / policy / price parameter,introduced,0,stellarator_09__stellaris__buildings__layout.selected_cryo_coldbox_height_in,work/orchestration/goals/preserve-model-design-choices/evidence/facilities-binding-plan.md;work/active/WI-076_supplied-facility-design-evaluation/spec.md,Entering geometry/parcel/packages/positions violated; approved repair requires native independent acceptance,binding design approved; native integrated review pending
stellarator_09__stellaris__buildings__selected_cryo_coldbox_length,design_attribute,1,../../../../active/WI-074_design-choice-inventory-and-evaluation-contract/residual-dispositions.md,unverified-integrated-repair,F76,facility supplied geometry / requirements / policy / price parameter,introduced,0,stellarator_09__stellaris__buildings__layout.selected_cryo_coldbox_length_in,work/orchestration/goals/preserve-model-design-choices/evidence/facilities-binding-plan.md;work/active/WI-076_supplied-facility-design-evaluation/spec.md,Entering geometry/parcel/packages/positions violated; approved repair requires native independent acceptance,binding design approved; native integrated review pending
stellarator_09__stellaris__buildings__selected_cryo_coldbox_width,design_attribute,1,../../../../active/WI-074_design-choice-inventory-and-evaluation-contract/residual-dispositions.md,unverified-integrated-repair,F76,facility supplied geometry / requirements / policy / price parameter,introduced,0,stellarator_09__stellaris__buildings__layout.selected_cryo_coldbox_width_in,work/orchestration/goals/preserve-model-design-choices/evidence/facilities-binding-plan.md;work/active/WI-076_supplied-facility-design-evaluation/spec.md,Entering geometry/parcel/packages/positions violated; approved repair requires native independent acceptance,binding design approved; native integrated review pending
stellarator_09__stellaris__buildings__selected_cryo_compressors_height,design_attribute,1,../../../../active/WI-074_design-choice-inventory-and-evaluation-contract/residual-dispositions.md,unverified-integrated-repair,F76,facility supplied geometry / requirements / policy / price parameter,introduced,0,stellarator_09__stellaris__buildings__layout.selected_cryo_compressors_height_in,work/orchestration/goals/preserve-model-design-choices/evidence/facilities-binding-plan.md;work/active/WI-076_supplied-facility-design-evaluation/spec.md,Entering geometry/parcel/packages/positions violated; approved repair requires native independent acceptance,binding design approved; native integrated review pending
stellarator_09__stellaris__buildings__selected_cryo_compressors_length,design_attribute,1,../../../../active/WI-074_design-choice-inventory-and-evaluation-contract/residual-dispositions.md,unverified-integrated-repair,F76,facility supplied geometry / requirements / policy / price parameter,introduced,0,stellarator_09__stellaris__buildings__layout.selected_cryo_compressors_length_in,work/orchestration/goals/preserve-model-design-choices/evidence/facilities-binding-plan.md;work/active/WI-076_supplied-facility-design-evaluation/spec.md,Entering geometry/parcel/packages/positions violated; approved repair requires native independent acceptance,binding design approved; native integrated review pending
stellarator_09__stellaris__buildings__selected_cryo_compressors_width,design_attribute,1,../../../../active/WI-074_design-choice-inventory-and-evaluation-contract/residual-dispositions.md,unverified-integrated-repair,F76,facility supplied geometry / requirements / policy / price parameter,introduced,0,stellarator_09__stellaris__buildings__layout.selected_cryo_compressors_width_in,work/orchestration/goals/preserve-model-design-choices/evidence/facilities-binding-plan.md;work/active/WI-076_supplied-facility-design-evaluation/spec.md,Entering geometry/parcel/packages/positions violated; approved repair requires native independent acceptance,binding design approved; native integrated review pending
stellarator_09__stellaris__buildings__selected_electrical_building_height,design_attribute,1,../../../../active/WI-074_design-choice-inventory-and-evaluation-contract/residual-dispositions.md,unverified-integrated-repair,F76,facility supplied geometry / requirements / policy / price parameter,introduced,0,stellarator_09__stellaris__buildings__layout.selected_electrical_building_height_in,work/orchestration/goals/preserve-model-design-choices/evidence/facilities-binding-plan.md;work/active/WI-076_supplied-facility-design-evaluation/spec.md,Entering geometry/parcel/packages/positions violated; approved repair requires native independent acceptance,binding design approved; native integrated review pending
stellarator_09__stellaris__buildings__selected_electrical_building_length,design_attribute,1,../../../../active/WI-074_design-choice-inventory-and-evaluation-contract/residual-dispositions.md,unverified-integrated-repair,F76,facility supplied geometry / requirements / policy / price parameter,introduced,0,stellarator_09__stellaris__buildings__layout.selected_electrical_building_length_in,work/orchestration/goals/preserve-model-design-choices/evidence/facilities-binding-plan.md;work/active/WI-076_supplied-facility-design-evaluation/spec.md,Entering geometry/parcel/packages/positions violated; approved repair requires native independent acceptance,binding design approved; native integrated review pending
stellarator_09__stellaris__buildings__selected_electrical_building_width,design_attribute,1,../../../../active/WI-074_design-choice-inventory-and-evaluation-contract/residual-dispositions.md,unverified-integrated-repair,F76,facility supplied geometry / requirements / policy / price parameter,introduced,0,stellarator_09__stellaris__buildings__layout.selected_electrical_building_width_in,work/orchestration/goals/preserve-model-design-choices/evidence/facilities-binding-plan.md;work/active/WI-076_supplied-facility-design-evaluation/spec.md,Entering geometry/parcel/packages/positions violated; approved repair requires native independent acceptance,binding design approved; native integrated review pending
stellarator_09__stellaris__buildings__selected_fuel_building_height,design_attribute,1,../../../../active/WI-074_design-choice-inventory-and-evaluation-contract/residual-dispositions.md,unverified-integrated-repair,F76,facility supplied geometry / requirements / policy / price parameter,introduced,0,stellarator_09__stellaris__buildings__layout.selected_fuel_building_height_in,work/orchestration/goals/preserve-model-design-choices/evidence/facilities-binding-plan.md;work/active/WI-076_supplied-facility-design-evaluation/spec.md,Entering geometry/parcel/packages/positions violated; approved repair requires native independent acceptance,binding design approved; native integrated review pending
stellarator_09__stellaris__buildings__selected_fuel_building_length,design_attribute,1,../../../../active/WI-074_design-choice-inventory-and-evaluation-contract/residual-dispositions.md,unverified-integrated-repair,F76,facility supplied geometry / requirements / policy / price parameter,introduced,0,stellarator_09__stellaris__buildings__layout.selected_fuel_building_length_in,work/orchestration/goals/preserve-model-design-choices/evidence/facilities-binding-plan.md;work/active/WI-076_supplied-facility-design-evaluation/spec.md,Entering geometry/parcel/packages/positions violated; approved repair requires native independent acceptance,binding design approved; native integrated review pending
stellarator_09__stellaris__buildings__selected_fuel_building_width,design_attribute,1,../../../../active/WI-074_design-choice-inventory-and-evaluation-contract/residual-dispositions.md,unverified-integrated-repair,F76,facility supplied geometry / requirements / policy / price parameter,introduced,0,stellarator_09__stellaris__buildings__layout.selected_fuel_building_width_in,work/orchestration/goals/preserve-model-design-choices/evidence/facilities-binding-plan.md;work/active/WI-076_supplied-facility-design-evaluation/spec.md,Entering geometry/parcel/packages/positions violated; approved repair requires native independent acceptance,binding design approved; native integrated review pending
stellarator_09__stellaris__buildings__selected_maintenance_shop_height,design_attribute,1,../../../../active/WI-074_design-choice-inventory-and-evaluation-contract/residual-dispositions.md,unverified-integrated-repair,F76,facility supplied geometry / requirements / policy / price parameter,introduced,0,stellarator_09__stellaris__buildings__layout.selected_maintenance_shop_height_in,work/orchestration/goals/preserve-model-design-choices/evidence/facilities-binding-plan.md;work/active/WI-076_supplied-facility-design-evaluation/spec.md,Entering geometry/parcel/packages/positions violated; approved repair requires native independent acceptance,binding design approved; native integrated review pending
stellarator_09__stellaris__buildings__selected_maintenance_shop_length,design_attribute,1,../../../../active/WI-074_design-choice-inventory-and-evaluation-contract/residual-dispositions.md,unverified-integrated-repair,F76,facility supplied geometry / requirements / policy / price parameter,introduced,0,stellarator_09__stellaris__buildings__layout.selected_maintenance_shop_length_in,work/orchestration/goals/preserve-model-design-choices/evidence/facilities-binding-plan.md;work/active/WI-076_supplied-facility-design-evaluation/spec.md,Entering geometry/parcel/packages/positions violated; approved repair requires native independent acceptance,binding design approved; native integrated review pending
stellarator_09__stellaris__buildings__selected_maintenance_shop_width,design_attribute,1,../../../../active/WI-074_design-choice-inventory-and-evaluation-contract/residual-dispositions.md,unverified-integrated-repair,F76,facility supplied geometry / requirements / policy / price parameter,introduced,0,stellarator_09__stellaris__buildings__layout.selected_maintenance_shop_width_in,work/orchestration/goals/preserve-model-design-choices/evidence/facilities-binding-plan.md;work/active/WI-076_supplied-facility-design-evaluation/spec.md,Entering geometry/parcel/packages/positions violated; approved repair requires native independent acceptance,binding design approved; native integrated review pending
stellarator_09__stellaris__buildings__selected_parcel_length,design_attribute,1,../../../../active/WI-074_design-choice-inventory-and-evaluation-contract/residual-dispositions.md,unverified-integrated-repair,F76,facility supplied geometry / requirements / policy / price parameter,introduced,0,stellarator_09__stellaris__buildings__layout.selected_parcel_length_in,work/orchestration/goals/preserve-model-design-choices/evidence/facilities-binding-plan.md;work/active/WI-076_supplied-facility-design-evaluation/spec.md,Entering geometry/parcel/packages/positions violated; approved repair requires native independent acceptance,binding design approved; native integrated review pending
stellarator_09__stellaris__buildings__selected_parcel_width,design_attribute,1,../../../../active/WI-074_design-choice-inventory-and-evaluation-contract/residual-dispositions.md,unverified-integrated-repair,F76,facility supplied geometry / requirements / policy / price parameter,introduced,0,stellarator_09__stellaris__buildings__layout.selected_parcel_width_in,work/orchestration/goals/preserve-model-design-choices/evidence/facilities-binding-plan.md;work/active/WI-076_supplied-facility-design-evaluation/spec.md,Entering geometry/parcel/packages/positions violated; approved repair requires native independent acceptance,binding design approved; native integrated review pending
stellarator_09__stellaris__buildings__selected_power_supply_building_height,design_attribute,1,../../../../active/WI-074_design-choice-inventory-and-evaluation-contract/residual-dispositions.md,unverified-integrated-repair,F76,facility supplied geometry / requirements / policy / price parameter,introduced,0,stellarator_09__stellaris__buildings__layout.selected_power_supply_building_height_in,work/orchestration/goals/preserve-model-design-choices/evidence/facilities-binding-plan.md;work/active/WI-076_supplied-facility-design-evaluation/spec.md,Entering geometry/parcel/packages/positions violated; approved repair requires native independent acceptance,binding design approved; native integrated review pending
stellarator_09__stellaris__buildings__selected_power_supply_building_length,design_attribute,1,../../../../active/WI-074_design-choice-inventory-and-evaluation-contract/residual-dispositions.md,unverified-integrated-repair,F76,facility supplied geometry / requirements / policy / price parameter,introduced,0,stellarator_09__stellaris__buildings__layout.selected_power_supply_building_length_in,work/orchestration/goals/preserve-model-design-choices/evidence/facilities-binding-plan.md;work/active/WI-076_supplied-facility-design-evaluation/spec.md,Entering geometry/parcel/packages/positions violated; approved repair requires native independent acceptance,binding design approved; native integrated review pending
stellarator_09__stellaris__buildings__selected_power_supply_building_width,design_attribute,1,../../../../active/WI-074_design-choice-inventory-and-evaluation-contract/residual-dispositions.md,unverified-integrated-repair,F76,facility supplied geometry / requirements / policy / price parameter,introduced,0,stellarator_09__stellaris__buildings__layout.selected_power_supply_building_width_in,work/orchestration/goals/preserve-model-design-choices/evidence/facilities-binding-plan.md;work/active/WI-076_supplied-facility-design-evaluation/spec.md,Entering geometry/parcel/packages/positions violated; approved repair requires native independent acceptance,binding design approved; native integrated review pending
stellarator_09__stellaris__buildings__selected_reactor_auxiliaries_height,design_attribute,1,../../../../active/WI-074_design-choice-inventory-and-evaluation-contract/residual-dispositions.md,unverified-integrated-repair,F76,facility supplied geometry / requirements / policy / price parameter,introduced,0,stellarator_09__stellaris__buildings__layout.selected_reactor_auxiliaries_height_in,work/orchestration/goals/preserve-model-design-choices/evidence/facilities-binding-plan.md;work/active/WI-076_supplied-facility-design-evaluation/spec.md,Entering geometry/parcel/packages/positions violated; approved repair requires native independent acceptance,binding design approved; native integrated review pending
stellarator_09__stellaris__buildings__selected_reactor_auxiliaries_length,design_attribute,1,../../../../active/WI-074_design-choice-inventory-and-evaluation-contract/residual-dispositions.md,unverified-integrated-repair,F76,facility supplied geometry / requirements / policy / price parameter,introduced,0,stellarator_09__stellaris__buildings__layout.selected_reactor_auxiliaries_length_in,work/orchestration/goals/preserve-model-design-choices/evidence/facilities-binding-plan.md;work/active/WI-076_supplied-facility-design-evaluation/spec.md,Entering geometry/parcel/packages/positions violated; approved repair requires native independent acceptance,binding design approved; native integrated review pending
stellarator_09__stellaris__buildings__selected_reactor_auxiliaries_width,design_attribute,1,../../../../active/WI-074_design-choice-inventory-and-evaluation-contract/residual-dispositions.md,unverified-integrated-repair,F76,facility supplied geometry / requirements / policy / price parameter,introduced,0,stellarator_09__stellaris__buildings__layout.selected_reactor_auxiliaries_width_in,work/orchestration/goals/preserve-model-design-choices/evidence/facilities-binding-plan.md;work/active/WI-076_supplied-facility-design-evaluation/spec.md,Entering geometry/parcel/packages/positions violated; approved repair requires native independent acceptance,binding design approved; native integrated review pending
stellarator_09__stellaris__buildings__selected_reactor_hall_height,design_attribute,1,../../../../active/WI-074_design-choice-inventory-and-evaluation-contract/residual-dispositions.md,unverified-integrated-repair,F76,facility supplied geometry / requirements / policy / price parameter,introduced,0,stellarator_09__stellaris__buildings__layout.selected_reactor_hall_height_in,work/orchestration/goals/preserve-model-design-choices/evidence/facilities-binding-plan.md;work/active/WI-076_supplied-facility-design-evaluation/spec.md,Entering geometry/parcel/packages/positions violated; approved repair requires native independent acceptance,binding design approved; native integrated review pending
stellarator_09__stellaris__buildings__selected_reactor_hall_length,design_attribute,1,../../../../active/WI-074_design-choice-inventory-and-evaluation-contract/residual-dispositions.md,unverified-integrated-repair,F76,facility supplied geometry / requirements / policy / price parameter,introduced,0,stellarator_09__stellaris__buildings__layout.selected_reactor_hall_length_in,work/orchestration/goals/preserve-model-design-choices/evidence/facilities-binding-plan.md;work/active/WI-076_supplied-facility-design-evaluation/spec.md,Entering geometry/parcel/packages/positions violated; approved repair requires native independent acceptance,binding design approved; native integrated review pending
stellarator_09__stellaris__buildings__selected_reactor_hall_width,design_attribute,1,../../../../active/WI-074_design-choice-inventory-and-evaluation-contract/residual-dispositions.md,unverified-integrated-repair,F76,facility supplied geometry / requirements / policy / price parameter,introduced,0,stellarator_09__stellaris__buildings__layout.selected_reactor_hall_width_in,work/orchestration/goals/preserve-model-design-choices/evidence/facilities-binding-plan.md;work/active/WI-076_supplied-facility-design-evaluation/spec.md,Entering geometry/parcel/packages/positions violated; approved repair requires native independent acceptance,binding design approved; native integrated review pending
stellarator_09__stellaris__buildings__selected_sector_link_east_height,design_attribute,1,../../../../active/WI-074_design-choice-inventory-and-evaluation-contract/residual-dispositions.md,unverified-integrated-repair,F76,facility supplied geometry / requirements / policy / price parameter,introduced,0,stellarator_09__stellaris__buildings__layout.selected_sector_link_east_height_in,work/orchestration/goals/preserve-model-design-choices/evidence/facilities-binding-plan.md;work/active/WI-076_supplied-facility-design-evaluation/spec.md,Entering geometry/parcel/packages/positions violated; approved repair requires native independent acceptance,binding design approved; native integrated review pending
stellarator_09__stellaris__buildings__selected_sector_link_east_length,design_attribute,1,../../../../active/WI-074_design-choice-inventory-and-evaluation-contract/residual-dispositions.md,unverified-integrated-repair,F76,facility supplied geometry / requirements / policy / price parameter,introduced,0,stellarator_09__stellaris__buildings__layout.selected_sector_link_east_length_in,work/orchestration/goals/preserve-model-design-choices/evidence/facilities-binding-plan.md;work/active/WI-076_supplied-facility-design-evaluation/spec.md,Entering geometry/parcel/packages/positions violated; approved repair requires native independent acceptance,binding design approved; native integrated review pending
stellarator_09__stellaris__buildings__selected_sector_link_east_width,design_attribute,1,../../../../active/WI-074_design-choice-inventory-and-evaluation-contract/residual-dispositions.md,unverified-integrated-repair,F76,facility supplied geometry / requirements / policy / price parameter,introduced,0,stellarator_09__stellaris__buildings__layout.selected_sector_link_east_width_in,work/orchestration/goals/preserve-model-design-choices/evidence/facilities-binding-plan.md;work/active/WI-076_supplied-facility-design-evaluation/spec.md,Entering geometry/parcel/packages/positions violated; approved repair requires native independent acceptance,binding design approved; native integrated review pending
stellarator_09__stellaris__buildings__selected_sector_link_north_height,design_attribute,1,../../../../active/WI-074_design-choice-inventory-and-evaluation-contract/residual-dispositions.md,unverified-integrated-repair,F76,facility supplied geometry / requirements / policy / price parameter,introduced,0,stellarator_09__stellaris__buildings__layout.selected_sector_link_north_height_in,work/orchestration/goals/preserve-model-design-choices/evidence/facilities-binding-plan.md;work/active/WI-076_supplied-facility-design-evaluation/spec.md,Entering geometry/parcel/packages/positions violated; approved repair requires native independent acceptance,binding design approved; native integrated review pending
stellarator_09__stellaris__buildings__selected_sector_link_north_length,design_attribute,1,../../../../active/WI-074_design-choice-inventory-and-evaluation-contract/residual-dispositions.md,unverified-integrated-repair,F76,facility supplied geometry / requirements / policy / price parameter,introduced,0,stellarator_09__stellaris__buildings__layout.selected_sector_link_north_length_in,work/orchestration/goals/preserve-model-design-choices/evidence/facilities-binding-plan.md;work/active/WI-076_supplied-facility-design-evaluation/spec.md,Entering geometry/parcel/packages/positions violated; approved repair requires native independent acceptance,binding design approved; native integrated review pending
stellarator_09__stellaris__buildings__selected_sector_link_north_width,design_attribute,1,../../../../active/WI-074_design-choice-inventory-and-evaluation-contract/residual-dispositions.md,unverified-integrated-repair,F76,facility supplied geometry / requirements / policy / price parameter,introduced,0,stellarator_09__stellaris__buildings__layout.selected_sector_link_north_width_in,work/orchestration/goals/preserve-model-design-choices/evidence/facilities-binding-plan.md;work/active/WI-076_supplied-facility-design-evaluation/spec.md,Entering geometry/parcel/packages/positions violated; approved repair requires native independent acceptance,binding design approved; native integrated review pending
stellarator_09__stellaris__buildings__selected_sector_link_south_height,design_attribute,1,../../../../active/WI-074_design-choice-inventory-and-evaluation-contract/residual-dispositions.md,unverified-integrated-repair,F76,facility supplied geometry / requirements / policy / price parameter,introduced,0,stellarator_09__stellaris__buildings__layout.selected_sector_link_south_height_in,work/orchestration/goals/preserve-model-design-choices/evidence/facilities-binding-plan.md;work/active/WI-076_supplied-facility-design-evaluation/spec.md,Entering geometry/parcel/packages/positions violated; approved repair requires native independent acceptance,binding design approved; native integrated review pending
stellarator_09__stellaris__buildings__selected_sector_link_south_length,design_attribute,1,../../../../active/WI-074_design-choice-inventory-and-evaluation-contract/residual-dispositions.md,unverified-integrated-repair,F76,facility supplied geometry / requirements / policy / price parameter,introduced,0,stellarator_09__stellaris__buildings__layout.selected_sector_link_south_length_in,work/orchestration/goals/preserve-model-design-choices/evidence/facilities-binding-plan.md;work/active/WI-076_supplied-facility-design-evaluation/spec.md,Entering geometry/parcel/packages/positions violated; approved repair requires native independent acceptance,binding design approved; native integrated review pending
stellarator_09__stellaris__buildings__selected_sector_link_south_width,design_attribute,1,../../../../active/WI-074_design-choice-inventory-and-evaluation-contract/residual-dispositions.md,unverified-integrated-repair,F76,facility supplied geometry / requirements / policy / price parameter,introduced,0,stellarator_09__stellaris__buildings__layout.selected_sector_link_south_width_in,work/orchestration/goals/preserve-model-design-choices/evidence/facilities-binding-plan.md;work/active/WI-076_supplied-facility-design-evaluation/spec.md,Entering geometry/parcel/packages/positions violated; approved repair requires native independent acceptance,binding design approved; native integrated review pending
stellarator_09__stellaris__buildings__selected_sector_link_west_height,design_attribute,1,../../../../active/WI-074_design-choice-inventory-and-evaluation-contract/residual-dispositions.md,unverified-integrated-repair,F76,facility supplied geometry / requirements / policy / price parameter,introduced,0,stellarator_09__stellaris__buildings__layout.selected_sector_link_west_height_in,work/orchestration/goals/preserve-model-design-choices/evidence/facilities-binding-plan.md;work/active/WI-076_supplied-facility-design-evaluation/spec.md,Entering geometry/parcel/packages/positions violated; approved repair requires native independent acceptance,binding design approved; native integrated review pending
stellarator_09__stellaris__buildings__selected_sector_link_west_length,design_attribute,1,../../../../active/WI-074_design-choice-inventory-and-evaluation-contract/residual-dispositions.md,unverified-integrated-repair,F76,facility supplied geometry / requirements / policy / price parameter,introduced,0,stellarator_09__stellaris__buildings__layout.selected_sector_link_west_length_in,work/orchestration/goals/preserve-model-design-choices/evidence/facilities-binding-plan.md;work/active/WI-076_supplied-facility-design-evaluation/spec.md,Entering geometry/parcel/packages/positions violated; approved repair requires native independent acceptance,binding design approved; native integrated review pending
stellarator_09__stellaris__buildings__selected_sector_link_west_width,design_attribute,1,../../../../active/WI-074_design-choice-inventory-and-evaluation-contract/residual-dispositions.md,unverified-integrated-repair,F76,facility supplied geometry / requirements / policy / price parameter,introduced,0,stellarator_09__stellaris__buildings__layout.selected_sector_link_west_width_in,work/orchestration/goals/preserve-model-design-choices/evidence/facilities-binding-plan.md;work/active/WI-076_supplied-facility-design-evaluation/spec.md,Entering geometry/parcel/packages/positions violated; approved repair requires native independent acceptance,binding design approved; native integrated review pending
stellarator_09__stellaris__buildings__selected_sector_wing_east_height,design_attribute,1,../../../../active/WI-074_design-choice-inventory-and-evaluation-contract/residual-dispositions.md,unverified-integrated-repair,F76,facility supplied geometry / requirements / policy / price parameter,introduced,0,stellarator_09__stellaris__buildings__layout.selected_sector_wing_east_height_in,work/orchestration/goals/preserve-model-design-choices/evidence/facilities-binding-plan.md;work/active/WI-076_supplied-facility-design-evaluation/spec.md,Entering geometry/parcel/packages/positions violated; approved repair requires native independent acceptance,binding design approved; native integrated review pending
stellarator_09__stellaris__buildings__selected_sector_wing_east_length,design_attribute,1,../../../../active/WI-074_design-choice-inventory-and-evaluation-contract/residual-dispositions.md,unverified-integrated-repair,F76,facility supplied geometry / requirements / policy / price parameter,introduced,0,stellarator_09__stellaris__buildings__layout.selected_sector_wing_east_length_in,work/orchestration/goals/preserve-model-design-choices/evidence/facilities-binding-plan.md;work/active/WI-076_supplied-facility-design-evaluation/spec.md,Entering geometry/parcel/packages/positions violated; approved repair requires native independent acceptance,binding design approved; native integrated review pending
stellarator_09__stellaris__buildings__selected_sector_wing_east_width,design_attribute,1,../../../../active/WI-074_design-choice-inventory-and-evaluation-contract/residual-dispositions.md,unverified-integrated-repair,F76,facility supplied geometry / requirements / policy / price parameter,introduced,0,stellarator_09__stellaris__buildings__layout.selected_sector_wing_east_width_in,work/orchestration/goals/preserve-model-design-choices/evidence/facilities-binding-plan.md;work/active/WI-076_supplied-facility-design-evaluation/spec.md,Entering geometry/parcel/packages/positions violated; approved repair requires native independent acceptance,binding design approved; native integrated review pending
stellarator_09__stellaris__buildings__selected_sector_wing_north_height,design_attribute,1,../../../../active/WI-074_design-choice-inventory-and-evaluation-contract/residual-dispositions.md,unverified-integrated-repair,F76,facility supplied geometry / requirements / policy / price parameter,introduced,0,stellarator_09__stellaris__buildings__layout.selected_sector_wing_north_height_in,work/orchestration/goals/preserve-model-design-choices/evidence/facilities-binding-plan.md;work/active/WI-076_supplied-facility-design-evaluation/spec.md,Entering geometry/parcel/packages/positions violated; approved repair requires native independent acceptance,binding design approved; native integrated review pending
stellarator_09__stellaris__buildings__selected_sector_wing_north_length,design_attribute,1,../../../../active/WI-074_design-choice-inventory-and-evaluation-contract/residual-dispositions.md,unverified-integrated-repair,F76,facility supplied geometry / requirements / policy / price parameter,introduced,0,stellarator_09__stellaris__buildings__layout.selected_sector_wing_north_length_in,work/orchestration/goals/preserve-model-design-choices/evidence/facilities-binding-plan.md;work/active/WI-076_supplied-facility-design-evaluation/spec.md,Entering geometry/parcel/packages/positions violated; approved repair requires native independent acceptance,binding design approved; native integrated review pending
stellarator_09__stellaris__buildings__selected_sector_wing_north_width,design_attribute,1,../../../../active/WI-074_design-choice-inventory-and-evaluation-contract/residual-dispositions.md,unverified-integrated-repair,F76,facility supplied geometry / requirements / policy / price parameter,introduced,0,stellarator_09__stellaris__buildings__layout.selected_sector_wing_north_width_in,work/orchestration/goals/preserve-model-design-choices/evidence/facilities-binding-plan.md;work/active/WI-076_supplied-facility-design-evaluation/spec.md,Entering geometry/parcel/packages/positions violated; approved repair requires native independent acceptance,binding design approved; native integrated review pending
stellarator_09__stellaris__buildings__selected_sector_wing_south_height,design_attribute,1,../../../../active/WI-074_design-choice-inventory-and-evaluation-contract/residual-dispositions.md,unverified-integrated-repair,F76,facility supplied geometry / requirements / policy / price parameter,introduced,0,stellarator_09__stellaris__buildings__layout.selected_sector_wing_south_height_in,work/orchestration/goals/preserve-model-design-choices/evidence/facilities-binding-plan.md;work/active/WI-076_supplied-facility-design-evaluation/spec.md,Entering geometry/parcel/packages/positions violated; approved repair requires native independent acceptance,binding design approved; native integrated review pending
stellarator_09__stellaris__buildings__selected_sector_wing_south_length,design_attribute,1,../../../../active/WI-074_design-choice-inventory-and-evaluation-contract/residual-dispositions.md,unverified-integrated-repair,F76,facility supplied geometry / requirements / policy / price parameter,introduced,0,stellarator_09__stellaris__buildings__layout.selected_sector_wing_south_length_in,work/orchestration/goals/preserve-model-design-choices/evidence/facilities-binding-plan.md;work/active/WI-076_supplied-facility-design-evaluation/spec.md,Entering geometry/parcel/packages/positions violated; approved repair requires native independent acceptance,binding design approved; native integrated review pending
stellarator_09__stellaris__buildings__selected_sector_wing_south_width,design_attribute,1,../../../../active/WI-074_design-choice-inventory-and-evaluation-contract/residual-dispositions.md,unverified-integrated-repair,F76,facility supplied geometry / requirements / policy / price parameter,introduced,0,stellarator_09__stellaris__buildings__layout.selected_sector_wing_south_width_in,work/orchestration/goals/preserve-model-design-choices/evidence/facilities-binding-plan.md;work/active/WI-076_supplied-facility-design-evaluation/spec.md,Entering geometry/parcel/packages/positions violated; approved repair requires native independent acceptance,binding design approved; native integrated review pending
stellarator_09__stellaris__buildings__selected_sector_wing_west_height,design_attribute,1,../../../../active/WI-074_design-choice-inventory-and-evaluation-contract/residual-dispositions.md,unverified-integrated-repair,F76,facility supplied geometry / requirements / policy / price parameter,introduced,0,stellarator_09__stellaris__buildings__layout.selected_sector_wing_west_height_in,work/orchestration/goals/preserve-model-design-choices/evidence/facilities-binding-plan.md;work/active/WI-076_supplied-facility-design-evaluation/spec.md,Entering geometry/parcel/packages/positions violated; approved repair requires native independent acceptance,binding design approved; native integrated review pending
stellarator_09__stellaris__buildings__selected_sector_wing_west_length,design_attribute,1,../../../../active/WI-074_design-choice-inventory-and-evaluation-contract/residual-dispositions.md,unverified-integrated-repair,F76,facility supplied geometry / requirements / policy / price parameter,introduced,0,stellarator_09__stellaris__buildings__layout.selected_sector_wing_west_length_in,work/orchestration/goals/preserve-model-design-choices/evidence/facilities-binding-plan.md;work/active/WI-076_supplied-facility-design-evaluation/spec.md,Entering geometry/parcel/packages/positions violated; approved repair requires native independent acceptance,binding design approved; native integrated review pending
stellarator_09__stellaris__buildings__selected_sector_wing_west_width,design_attribute,1,../../../../active/WI-074_design-choice-inventory-and-evaluation-contract/residual-dispositions.md,unverified-integrated-repair,F76,facility supplied geometry / requirements / policy / price parameter,introduced,0,stellarator_09__stellaris__buildings__layout.selected_sector_wing_west_width_in,work/orchestration/goals/preserve-model-design-choices/evidence/facilities-binding-plan.md;work/active/WI-076_supplied-facility-design-evaluation/spec.md,Entering geometry/parcel/packages/positions violated; approved repair requires native independent acceptance,binding design approved; native integrated review pending
stellarator_09__stellaris__buildings__selected_security_height,design_attribute,1,../../../../active/WI-074_design-choice-inventory-and-evaluation-contract/residual-dispositions.md,unverified-integrated-repair,F76,facility supplied geometry / requirements / policy / price parameter,introduced,0,stellarator_09__stellaris__buildings__layout.selected_security_height_in,work/orchestration/goals/preserve-model-design-choices/evidence/facilities-binding-plan.md;work/active/WI-076_supplied-facility-design-evaluation/spec.md,Entering geometry/parcel/packages/positions violated; approved repair requires native independent acceptance,binding design approved; native integrated review pending
stellarator_09__stellaris__buildings__selected_security_length,design_attribute,1,../../../../active/WI-074_design-choice-inventory-and-evaluation-contract/residual-dispositions.md,unverified-integrated-repair,F76,facility supplied geometry / requirements / policy / price parameter,introduced,0,stellarator_09__stellaris__buildings__layout.selected_security_length_in,work/orchestration/goals/preserve-model-design-choices/evidence/facilities-binding-plan.md;work/active/WI-076_supplied-facility-design-evaluation/spec.md,Entering geometry/parcel/packages/positions violated; approved repair requires native independent acceptance,binding design approved; native integrated review pending
stellarator_09__stellaris__buildings__selected_security_width,design_attribute,1,../../../../active/WI-074_design-choice-inventory-and-evaluation-contract/residual-dispositions.md,unverified-integrated-repair,F76,facility supplied geometry / requirements / policy / price parameter,introduced,0,stellarator_09__stellaris__buildings__layout.selected_security_width_in,work/orchestration/goals/preserve-model-design-choices/evidence/facilities-binding-plan.md;work/active/WI-076_supplied-facility-design-evaluation/spec.md,Entering geometry/parcel/packages/positions violated; approved repair requires native independent acceptance,binding design approved; native integrated review pending
stellarator_09__stellaris__buildings__selected_service_water_building_height,design_attribute,1,../../../../active/WI-074_design-choice-inventory-and-evaluation-contract/residual-dispositions.md,unverified-integrated-repair,F76,facility supplied geometry / requirements / policy / price parameter,introduced,0,stellarator_09__stellaris__buildings__layout.selected_service_water_building_height_in,work/orchestration/goals/preserve-model-design-choices/evidence/facilities-binding-plan.md;work/active/WI-076_supplied-facility-design-evaluation/spec.md,Entering geometry/parcel/packages/positions violated; approved repair requires native independent acceptance,binding design approved; native integrated review pending
stellarator_09__stellaris__buildings__selected_service_water_building_length,design_attribute,1,../../../../active/WI-074_design-choice-inventory-and-evaluation-contract/residual-dispositions.md,unverified-integrated-repair,F76,facility supplied geometry / requirements / policy / price parameter,introduced,0,stellarator_09__stellaris__buildings__layout.selected_service_water_building_length_in,work/orchestration/goals/preserve-model-design-choices/evidence/facilities-binding-plan.md;work/active/WI-076_supplied-facility-design-evaluation/spec.md,Entering geometry/parcel/packages/positions violated; approved repair requires native independent acceptance,binding design approved; native integrated review pending
stellarator_09__stellaris__buildings__selected_service_water_building_width,design_attribute,1,../../../../active/WI-074_design-choice-inventory-and-evaluation-contract/residual-dispositions.md,unverified-integrated-repair,F76,facility supplied geometry / requirements / policy / price parameter,introduced,0,stellarator_09__stellaris__buildings__layout.selected_service_water_building_width_in,work/orchestration/goals/preserve-model-design-choices/evidence/facilities-binding-plan.md;work/active/WI-076_supplied-facility-design-evaluation/spec.md,Entering geometry/parcel/packages/positions violated; approved repair requires native independent acceptance,binding design approved; native integrated review pending
stellarator_09__stellaris__buildings__selected_site_services_building_height,design_attribute,1,../../../../active/WI-074_design-choice-inventory-and-evaluation-contract/residual-dispositions.md,unverified-integrated-repair,F76,facility supplied geometry / requirements / policy / price parameter,introduced,0,stellarator_09__stellaris__buildings__layout.selected_site_services_building_height_in,work/orchestration/goals/preserve-model-design-choices/evidence/facilities-binding-plan.md;work/active/WI-076_supplied-facility-design-evaluation/spec.md,Entering geometry/parcel/packages/positions violated; approved repair requires native independent acceptance,binding design approved; native integrated review pending
stellarator_09__stellaris__buildings__selected_site_services_building_length,design_attribute,1,../../../../active/WI-074_design-choice-inventory-and-evaluation-contract/residual-dispositions.md,unverified-integrated-repair,F76,facility supplied geometry / requirements / policy / price parameter,introduced,0,stellarator_09__stellaris__buildings__layout.selected_site_services_building_length_in,work/orchestration/goals/preserve-model-design-choices/evidence/facilities-binding-plan.md;work/active/WI-076_supplied-facility-design-evaluation/spec.md,Entering geometry/parcel/packages/positions violated; approved repair requires native independent acceptance,binding design approved; native integrated review pending
stellarator_09__stellaris__buildings__selected_site_services_building_width,design_attribute,1,../../../../active/WI-074_design-choice-inventory-and-evaluation-contract/residual-dispositions.md,unverified-integrated-repair,F76,facility supplied geometry / requirements / policy / price parameter,introduced,0,stellarator_09__stellaris__buildings__layout.selected_site_services_building_width_in,work/orchestration/goals/preserve-model-design-choices/evidence/facilities-binding-plan.md;work/active/WI-076_supplied-facility-design-evaluation/spec.md,Entering geometry/parcel/packages/positions violated; approved repair requires native independent acceptance,binding design approved; native integrated review pending
stellarator_09__stellaris__buildings__selected_turbine_hall_height,design_attribute,1,../../../../active/WI-074_design-choice-inventory-and-evaluation-contract/residual-dispositions.md,unverified-integrated-repair,F76,facility supplied geometry / requirements / policy / price parameter,introduced,0,stellarator_09__stellaris__buildings__layout.selected_turbine_hall_height_in,work/orchestration/goals/preserve-model-design-choices/evidence/facilities-binding-plan.md;work/active/WI-076_supplied-facility-design-evaluation/spec.md,Entering geometry/parcel/packages/positions violated; approved repair requires native independent acceptance,binding design approved; native integrated review pending
stellarator_09__stellaris__buildings__selected_turbine_hall_length,design_attribute,1,../../../../active/WI-074_design-choice-inventory-and-evaluation-contract/residual-dispositions.md,unverified-integrated-repair,F76,facility supplied geometry / requirements / policy / price parameter,introduced,0,stellarator_09__stellaris__buildings__layout.selected_turbine_hall_length_in,work/orchestration/goals/preserve-model-design-choices/evidence/facilities-binding-plan.md;work/active/WI-076_supplied-facility-design-evaluation/spec.md,Entering geometry/parcel/packages/positions violated; approved repair requires native independent acceptance,binding design approved; native integrated review pending
stellarator_09__stellaris__buildings__selected_turbine_hall_width,design_attribute,1,../../../../active/WI-074_design-choice-inventory-and-evaluation-contract/residual-dispositions.md,unverified-integrated-repair,F76,facility supplied geometry / requirements / policy / price parameter,introduced,0,stellarator_09__stellaris__buildings__layout.selected_turbine_hall_width_in,work/orchestration/goals/preserve-model-design-choices/evidence/facilities-binding-plan.md;work/active/WI-076_supplied-facility-design-evaluation/spec.md,Entering geometry/parcel/packages/positions violated; approved repair requires native independent acceptance,binding design approved; native integrated review pending
stellarator_09__stellaris__buildings__service_water_height,design_attribute,1,../../../../active/WI-074_design-choice-inventory-and-evaluation-contract/residual-dispositions.md,unverified-integrated-repair,F76,facility supplied geometry / requirements / policy / price parameter,retained,1,stellarator_09__stellaris__buildings__layout.service_water_height_in,work/orchestration/goals/preserve-model-design-choices/evidence/facilities-binding-plan.md;work/active/WI-076_supplied-facility-design-evaluation/spec.md,Entering geometry/parcel/packages/positions violated; approved repair requires native independent acceptance,binding design approved; native integrated review pending
stellarator_09__stellaris__buildings__service_water_length,design_attribute,1,../../../../active/WI-074_design-choice-inventory-and-evaluation-contract/residual-dispositions.md,unverified-integrated-repair,F76,facility supplied geometry / requirements / policy / price parameter,retained,1,stellarator_09__stellaris__buildings__layout.service_water_length_in,work/orchestration/goals/preserve-model-design-choices/evidence/facilities-binding-plan.md;work/active/WI-076_supplied-facility-design-evaluation/spec.md,Entering geometry/parcel/packages/positions violated; approved repair requires native independent acceptance,binding design approved; native integrated review pending
stellarator_09__stellaris__buildings__service_water_width,design_attribute,1,../../../../active/WI-074_design-choice-inventory-and-evaluation-contract/residual-dispositions.md,unverified-integrated-repair,F76,facility supplied geometry / requirements / policy / price parameter,retained,1,stellarator_09__stellaris__buildings__layout.service_water_width_in,work/orchestration/goals/preserve-model-design-choices/evidence/facilities-binding-plan.md;work/active/WI-076_supplied-facility-design-evaluation/spec.md,Entering geometry/parcel/packages/positions violated; approved repair requires native independent acceptance,binding design approved; native integrated review pending
stellarator_09__stellaris__buildings__site_services_height,design_attribute,1,../../../../active/WI-074_design-choice-inventory-and-evaluation-contract/residual-dispositions.md,unverified-integrated-repair,F76,facility supplied geometry / requirements / policy / price parameter,retained,1,stellarator_09__stellaris__buildings__layout.site_services_height_in,work/orchestration/goals/preserve-model-design-choices/evidence/facilities-binding-plan.md;work/active/WI-076_supplied-facility-design-evaluation/spec.md,Entering geometry/parcel/packages/positions violated; approved repair requires native independent acceptance,binding design approved; native integrated review pending
stellarator_09__stellaris__buildings__site_services_length,design_attribute,1,../../../../active/WI-074_design-choice-inventory-and-evaluation-contract/residual-dispositions.md,unverified-integrated-repair,F76,facility supplied geometry / requirements / policy / price parameter,retained,1,stellarator_09__stellaris__buildings__layout.site_services_length_in,work/orchestration/goals/preserve-model-design-choices/evidence/facilities-binding-plan.md;work/active/WI-076_supplied-facility-design-evaluation/spec.md,Entering geometry/parcel/packages/positions violated; approved repair requires native independent acceptance,binding design approved; native integrated review pending
stellarator_09__stellaris__buildings__site_services_width,design_attribute,1,../../../../active/WI-074_design-choice-inventory-and-evaluation-contract/residual-dispositions.md,unverified-integrated-repair,F76,facility supplied geometry / requirements / policy / price parameter,retained,1,stellarator_09__stellaris__buildings__layout.site_services_width_in,work/orchestration/goals/preserve-model-design-choices/evidence/facilities-binding-plan.md;work/active/WI-076_supplied-facility-design-evaluation/spec.md,Entering geometry/parcel/packages/positions violated; approved repair requires native independent acceptance,binding design approved; native integrated review pending
stellarator_09__stellaris__buildings__sub_concrete_rate,design_attribute,25,../../../../active/WI-074_design-choice-inventory-and-evaluation-contract/residual-dispositions.md,unverified-integrated-repair,F76,facility supplied geometry / requirements / policy / price parameter,retained,25,stellarator_09__stellaris__buildings__cooling_link__civil.sub_concrete_rate_in;stellarator_09__stellaris__buildings__cooling_hall__civil.sub_concrete_rate_in;stellarator_09__stellaris__buildings__sector_link_south__civil.sub_concrete_rate_in;stellarator_09__stellaris__buildings__cryo_compressors__civil.sub_concrete_rate_in;stellarator_09__stellaris__buildings__security__civil.sub_concrete_rate_in;stellarator_09__stellaris__buildings__cryo_coldbox__civil.sub_concrete_rate_in;stellarator_09__stellaris__buildings__control__civil.sub_concrete_rate_in;stellarator_09__stellaris__buildings__sector_wing_east__civil.sub_concrete_rate_in;stellarator_09__stellaris__buildings__sector_wing_west__civil.sub_concrete_rate_in;stellarator_09__stellaris__buildings__service_water_building__civil.sub_concrete_rate_in;stellarator_09__stellaris__buildings__reactor_auxiliaries__civil.sub_concrete_rate_in;stellarator_09__stellaris__buildings__sector_link_west__civil.sub_concrete_rate_in;stellarator_09__stellaris__buildings__sector_wing_south__civil.sub_concrete_rate_in;stellarator_09__stellaris__buildings__sector_wing_north__civil.sub_concrete_rate_in;stellarator_09__stellaris__buildings__site_services_building__civil.sub_concrete_rate_in;stellarator_09__stellaris__buildings__sector_link_east__civil.sub_concrete_rate_in;stellarator_09__stellaris__buildings__maintenance_shop__civil.sub_concrete_rate_in;stellarator_09__stellaris__buildings__fuel_building__civil.sub_concrete_rate_in;stellarator_09__stellaris__buildings__sector_link_north__civil.sub_concrete_rate_in;stellarator_09__stellaris__buildings__cooling_annex__civil.sub_concrete_rate_in;stellarator_09__stellaris__buildings__power_supply_building__civil.sub_concrete_rate_in;stellarator_09__stellaris__buildings__reactor_hall__civil.sub_concrete_rate_in;stellarator_09__stellaris__buildings__administration__civil.sub_concrete_rate_in;stellarator_09__stellaris__buildings__electrical_building__civil.sub_concrete_rate_in;stellarator_09__stellaris__buildings__turbine_hall__civil.sub_concrete_rate_in,work/orchestration/goals/preserve-model-design-choices/evidence/facilities-binding-plan.md;work/active/WI-076_supplied-facility-design-evaluation/spec.md,Entering geometry/parcel/packages/positions violated; approved repair requires native independent acceptance,binding design approved; native integrated review pending
stellarator_09__stellaris__buildings__sub_formwork_rate,design_attribute,25,../../../../active/WI-074_design-choice-inventory-and-evaluation-contract/residual-dispositions.md,unverified-integrated-repair,F76,facility supplied geometry / requirements / policy / price parameter,retained,25,stellarator_09__stellaris__buildings__cooling_link__civil.sub_formwork_rate_in;stellarator_09__stellaris__buildings__cooling_hall__civil.sub_formwork_rate_in;stellarator_09__stellaris__buildings__sector_link_south__civil.sub_formwork_rate_in;stellarator_09__stellaris__buildings__cryo_compressors__civil.sub_formwork_rate_in;stellarator_09__stellaris__buildings__security__civil.sub_formwork_rate_in;stellarator_09__stellaris__buildings__cryo_coldbox__civil.sub_formwork_rate_in;stellarator_09__stellaris__buildings__control__civil.sub_formwork_rate_in;stellarator_09__stellaris__buildings__sector_wing_east__civil.sub_formwork_rate_in;stellarator_09__stellaris__buildings__sector_wing_west__civil.sub_formwork_rate_in;stellarator_09__stellaris__buildings__service_water_building__civil.sub_formwork_rate_in;stellarator_09__stellaris__buildings__reactor_auxiliaries__civil.sub_formwork_rate_in;stellarator_09__stellaris__buildings__sector_link_west__civil.sub_formwork_rate_in;stellarator_09__stellaris__buildings__sector_wing_south__civil.sub_formwork_rate_in;stellarator_09__stellaris__buildings__sector_wing_north__civil.sub_formwork_rate_in;stellarator_09__stellaris__buildings__site_services_building__civil.sub_formwork_rate_in;stellarator_09__stellaris__buildings__sector_link_east__civil.sub_formwork_rate_in;stellarator_09__stellaris__buildings__maintenance_shop__civil.sub_formwork_rate_in;stellarator_09__stellaris__buildings__fuel_building__civil.sub_formwork_rate_in;stellarator_09__stellaris__buildings__sector_link_north__civil.sub_formwork_rate_in;stellarator_09__stellaris__buildings__cooling_annex__civil.sub_formwork_rate_in;stellarator_09__stellaris__buildings__power_supply_building__civil.sub_formwork_rate_in;stellarator_09__stellaris__buildings__reactor_hall__civil.sub_formwork_rate_in;stellarator_09__stellaris__buildings__administration__civil.sub_formwork_rate_in;stellarator_09__stellaris__buildings__electrical_building__civil.sub_formwork_rate_in;stellarator_09__stellaris__buildings__turbine_hall__civil.sub_formwork_rate_in,work/orchestration/goals/preserve-model-design-choices/evidence/facilities-binding-plan.md;work/active/WI-076_supplied-facility-design-evaluation/spec.md,Entering geometry/parcel/packages/positions violated; approved repair requires native independent acceptance,binding design approved; native integrated review pending
stellarator_09__stellaris__buildings__sub_rebar_rate,design_attribute,25,../../../../active/WI-074_design-choice-inventory-and-evaluation-contract/residual-dispositions.md,unverified-integrated-repair,F76,facility supplied geometry / requirements / policy / price parameter,retained,25,stellarator_09__stellaris__buildings__cooling_link__civil.sub_rebar_rate_in;stellarator_09__stellaris__buildings__cooling_hall__civil.sub_rebar_rate_in;stellarator_09__stellaris__buildings__sector_link_south__civil.sub_rebar_rate_in;stellarator_09__stellaris__buildings__cryo_compressors__civil.sub_rebar_rate_in;stellarator_09__stellaris__buildings__security__civil.sub_rebar_rate_in;stellarator_09__stellaris__buildings__cryo_coldbox__civil.sub_rebar_rate_in;stellarator_09__stellaris__buildings__control__civil.sub_rebar_rate_in;stellarator_09__stellaris__buildings__sector_wing_east__civil.sub_rebar_rate_in;stellarator_09__stellaris__buildings__sector_wing_west__civil.sub_rebar_rate_in;stellarator_09__stellaris__buildings__service_water_building__civil.sub_rebar_rate_in;stellarator_09__stellaris__buildings__reactor_auxiliaries__civil.sub_rebar_rate_in;stellarator_09__stellaris__buildings__sector_link_west__civil.sub_rebar_rate_in;stellarator_09__stellaris__buildings__sector_wing_south__civil.sub_rebar_rate_in;stellarator_09__stellaris__buildings__sector_wing_north__civil.sub_rebar_rate_in;stellarator_09__stellaris__buildings__site_services_building__civil.sub_rebar_rate_in;stellarator_09__stellaris__buildings__sector_link_east__civil.sub_rebar_rate_in;stellarator_09__stellaris__buildings__maintenance_shop__civil.sub_rebar_rate_in;stellarator_09__stellaris__buildings__fuel_building__civil.sub_rebar_rate_in;stellarator_09__stellaris__buildings__sector_link_north__civil.sub_rebar_rate_in;stellarator_09__stellaris__buildings__cooling_annex__civil.sub_rebar_rate_in;stellarator_09__stellaris__buildings__power_supply_building__civil.sub_rebar_rate_in;stellarator_09__stellaris__buildings__reactor_hall__civil.sub_rebar_rate_in;stellarator_09__stellaris__buildings__administration__civil.sub_rebar_rate_in;stellarator_09__stellaris__buildings__electrical_building__civil.sub_rebar_rate_in;stellarator_09__stellaris__buildings__turbine_hall__civil.sub_rebar_rate_in,work/orchestration/goals/preserve-model-design-choices/evidence/facilities-binding-plan.md;work/active/WI-076_supplied-facility-design-evaluation/spec.md,Entering geometry/parcel/packages/positions violated; approved repair requires native independent acceptance,binding design approved; native integrated review pending
stellarator_09__stellaris__buildings__super_concrete_rate,design_attribute,25,../../../../active/WI-074_design-choice-inventory-and-evaluation-contract/residual-dispositions.md,unverified-integrated-repair,F76,facility supplied geometry / requirements / policy / price parameter,retained,25,stellarator_09__stellaris__buildings__cooling_link__civil.super_concrete_rate_in;stellarator_09__stellaris__buildings__cooling_hall__civil.super_concrete_rate_in;stellarator_09__stellaris__buildings__sector_link_south__civil.super_concrete_rate_in;stellarator_09__stellaris__buildings__cryo_compressors__civil.super_concrete_rate_in;stellarator_09__stellaris__buildings__security__civil.super_concrete_rate_in;stellarator_09__stellaris__buildings__cryo_coldbox__civil.super_concrete_rate_in;stellarator_09__stellaris__buildings__control__civil.super_concrete_rate_in;stellarator_09__stellaris__buildings__sector_wing_east__civil.super_concrete_rate_in;stellarator_09__stellaris__buildings__sector_wing_west__civil.super_concrete_rate_in;stellarator_09__stellaris__buildings__service_water_building__civil.super_concrete_rate_in;stellarator_09__stellaris__buildings__reactor_auxiliaries__civil.super_concrete_rate_in;stellarator_09__stellaris__buildings__sector_link_west__civil.super_concrete_rate_in;stellarator_09__stellaris__buildings__sector_wing_south__civil.super_concrete_rate_in;stellarator_09__stellaris__buildings__sector_wing_north__civil.super_concrete_rate_in;stellarator_09__stellaris__buildings__site_services_building__civil.super_concrete_rate_in;stellarator_09__stellaris__buildings__sector_link_east__civil.super_concrete_rate_in;stellarator_09__stellaris__buildings__maintenance_shop__civil.super_concrete_rate_in;stellarator_09__stellaris__buildings__fuel_building__civil.super_concrete_rate_in;stellarator_09__stellaris__buildings__sector_link_north__civil.super_concrete_rate_in;stellarator_09__stellaris__buildings__cooling_annex__civil.super_concrete_rate_in;stellarator_09__stellaris__buildings__power_supply_building__civil.super_concrete_rate_in;stellarator_09__stellaris__buildings__reactor_hall__civil.super_concrete_rate_in;stellarator_09__stellaris__buildings__administration__civil.super_concrete_rate_in;stellarator_09__stellaris__buildings__electrical_building__civil.super_concrete_rate_in;stellarator_09__stellaris__buildings__turbine_hall__civil.super_concrete_rate_in,work/orchestration/goals/preserve-model-design-choices/evidence/facilities-binding-plan.md;work/active/WI-076_supplied-facility-design-evaluation/spec.md,Entering geometry/parcel/packages/positions violated; approved repair requires native independent acceptance,binding design approved; native integrated review pending
stellarator_09__stellaris__buildings__super_formwork_rate,design_attribute,25,../../../../active/WI-074_design-choice-inventory-and-evaluation-contract/residual-dispositions.md,unverified-integrated-repair,F76,facility supplied geometry / requirements / policy / price parameter,retained,25,stellarator_09__stellaris__buildings__cooling_link__civil.super_formwork_rate_in;stellarator_09__stellaris__buildings__cooling_hall__civil.super_formwork_rate_in;stellarator_09__stellaris__buildings__sector_link_south__civil.super_formwork_rate_in;stellarator_09__stellaris__buildings__cryo_compressors__civil.super_formwork_rate_in;stellarator_09__stellaris__buildings__security__civil.super_formwork_rate_in;stellarator_09__stellaris__buildings__cryo_coldbox__civil.super_formwork_rate_in;stellarator_09__stellaris__buildings__control__civil.super_formwork_rate_in;stellarator_09__stellaris__buildings__sector_wing_east__civil.super_formwork_rate_in;stellarator_09__stellaris__buildings__sector_wing_west__civil.super_formwork_rate_in;stellarator_09__stellaris__buildings__service_water_building__civil.super_formwork_rate_in;stellarator_09__stellaris__buildings__reactor_auxiliaries__civil.super_formwork_rate_in;stellarator_09__stellaris__buildings__sector_link_west__civil.super_formwork_rate_in;stellarator_09__stellaris__buildings__sector_wing_south__civil.super_formwork_rate_in;stellarator_09__stellaris__buildings__sector_wing_north__civil.super_formwork_rate_in;stellarator_09__stellaris__buildings__site_services_building__civil.super_formwork_rate_in;stellarator_09__stellaris__buildings__sector_link_east__civil.super_formwork_rate_in;stellarator_09__stellaris__buildings__maintenance_shop__civil.super_formwork_rate_in;stellarator_09__stellaris__buildings__fuel_building__civil.super_formwork_rate_in;stellarator_09__stellaris__buildings__sector_link_north__civil.super_formwork_rate_in;stellarator_09__stellaris__buildings__cooling_annex__civil.super_formwork_rate_in;stellarator_09__stellaris__buildings__power_supply_building__civil.super_formwork_rate_in;stellarator_09__stellaris__buildings__reactor_hall__civil.super_formwork_rate_in;stellarator_09__stellaris__buildings__administration__civil.super_formwork_rate_in;stellarator_09__stellaris__buildings__electrical_building__civil.super_formwork_rate_in;stellarator_09__stellaris__buildings__turbine_hall__civil.super_formwork_rate_in,work/orchestration/goals/preserve-model-design-choices/evidence/facilities-binding-plan.md;work/active/WI-076_supplied-facility-design-evaluation/spec.md,Entering geometry/parcel/packages/positions violated; approved repair requires native independent acceptance,binding design approved; native integrated review pending
stellarator_09__stellaris__buildings__super_rebar_rate,design_attribute,25,../../../../active/WI-074_design-choice-inventory-and-evaluation-contract/residual-dispositions.md,unverified-integrated-repair,F76,facility supplied geometry / requirements / policy / price parameter,retained,25,stellarator_09__stellaris__buildings__cooling_link__civil.super_rebar_rate_in;stellarator_09__stellaris__buildings__cooling_hall__civil.super_rebar_rate_in;stellarator_09__stellaris__buildings__sector_link_south__civil.super_rebar_rate_in;stellarator_09__stellaris__buildings__cryo_compressors__civil.super_rebar_rate_in;stellarator_09__stellaris__buildings__security__civil.super_rebar_rate_in;stellarator_09__stellaris__buildings__cryo_coldbox__civil.super_rebar_rate_in;stellarator_09__stellaris__buildings__control__civil.super_rebar_rate_in;stellarator_09__stellaris__buildings__sector_wing_east__civil.super_rebar_rate_in;stellarator_09__stellaris__buildings__sector_wing_west__civil.super_rebar_rate_in;stellarator_09__stellaris__buildings__service_water_building__civil.super_rebar_rate_in;stellarator_09__stellaris__buildings__reactor_auxiliaries__civil.super_rebar_rate_in;stellarator_09__stellaris__buildings__sector_link_west__civil.super_rebar_rate_in;stellarator_09__stellaris__buildings__sector_wing_south__civil.super_rebar_rate_in;stellarator_09__stellaris__buildings__sector_wing_north__civil.super_rebar_rate_in;stellarator_09__stellaris__buildings__site_services_building__civil.super_rebar_rate_in;stellarator_09__stellaris__buildings__sector_link_east__civil.super_rebar_rate_in;stellarator_09__stellaris__buildings__maintenance_shop__civil.super_rebar_rate_in;stellarator_09__stellaris__buildings__fuel_building__civil.super_rebar_rate_in;stellarator_09__stellaris__buildings__sector_link_north__civil.super_rebar_rate_in;stellarator_09__stellaris__buildings__cooling_annex__civil.super_rebar_rate_in;stellarator_09__stellaris__buildings__power_supply_building__civil.super_rebar_rate_in;stellarator_09__stellaris__buildings__reactor_hall__civil.super_rebar_rate_in;stellarator_09__stellaris__buildings__administration__civil.super_rebar_rate_in;stellarator_09__stellaris__buildings__electrical_building__civil.super_rebar_rate_in;stellarator_09__stellaris__buildings__turbine_hall__civil.super_rebar_rate_in,work/orchestration/goals/preserve-model-design-choices/evidence/facilities-binding-plan.md;work/active/WI-076_supplied-facility-design-evaluation/spec.md,Entering geometry/parcel/packages/positions violated; approved repair requires native independent acceptance,binding design approved; native integrated review pending
stellarator_09__stellaris__buildings__tonne_interpretation_kg,design_attribute,25,../../../../active/WI-074_design-choice-inventory-and-evaluation-contract/residual-dispositions.md,unverified-integrated-repair,F76,facility supplied geometry / requirements / policy / price parameter,retained,25,stellarator_09__stellaris__buildings__cooling_link__civil.tonne_interpretation_kg_in;stellarator_09__stellaris__buildings__cooling_hall__civil.tonne_interpretation_kg_in;stellarator_09__stellaris__buildings__sector_link_south__civil.tonne_interpretation_kg_in;stellarator_09__stellaris__buildings__cryo_compressors__civil.tonne_interpretation_kg_in;stellarator_09__stellaris__buildings__security__civil.tonne_interpretation_kg_in;stellarator_09__stellaris__buildings__cryo_coldbox__civil.tonne_interpretation_kg_in;stellarator_09__stellaris__buildings__control__civil.tonne_interpretation_kg_in;stellarator_09__stellaris__buildings__sector_wing_east__civil.tonne_interpretation_kg_in;stellarator_09__stellaris__buildings__sector_wing_west__civil.tonne_interpretation_kg_in;stellarator_09__stellaris__buildings__service_water_building__civil.tonne_interpretation_kg_in;stellarator_09__stellaris__buildings__reactor_auxiliaries__civil.tonne_interpretation_kg_in;stellarator_09__stellaris__buildings__sector_link_west__civil.tonne_interpretation_kg_in;stellarator_09__stellaris__buildings__sector_wing_south__civil.tonne_interpretation_kg_in;stellarator_09__stellaris__buildings__sector_wing_north__civil.tonne_interpretation_kg_in;stellarator_09__stellaris__buildings__site_services_building__civil.tonne_interpretation_kg_in;stellarator_09__stellaris__buildings__sector_link_east__civil.tonne_interpretation_kg_in;stellarator_09__stellaris__buildings__maintenance_shop__civil.tonne_interpretation_kg_in;stellarator_09__stellaris__buildings__fuel_building__civil.tonne_interpretation_kg_in;stellarator_09__stellaris__buildings__sector_link_north__civil.tonne_interpretation_kg_in;stellarator_09__stellaris__buildings__cooling_annex__civil.tonne_interpretation_kg_in;stellarator_09__stellaris__buildings__power_supply_building__civil.tonne_interpretation_kg_in;stellarator_09__stellaris__buildings__reactor_hall__civil.tonne_interpretation_kg_in;stellarator_09__stellaris__buildings__administration__civil.tonne_interpretation_kg_in;stellarator_09__stellaris__buildings__electrical_building__civil.tonne_interpretation_kg_in;stellarator_09__stellaris__buildings__turbine_hall__civil.tonne_interpretation_kg_in,work/orchestration/goals/preserve-model-design-choices/evidence/facilities-binding-plan.md;work/active/WI-076_supplied-facility-design-evaluation/spec.md,Entering geometry/parcel/packages/positions violated; approved repair requires native independent acceptance,binding design approved; native integrated review pending
stellarator_09__stellaris__buildings__turbine_height,design_attribute,1,../../../../active/WI-074_design-choice-inventory-and-evaluation-contract/residual-dispositions.md,unverified-integrated-repair,F76,facility supplied geometry / requirements / policy / price parameter,retained,1,stellarator_09__stellaris__buildings__layout.turbine_height_in,work/orchestration/goals/preserve-model-design-choices/evidence/facilities-binding-plan.md;work/active/WI-076_supplied-facility-design-evaluation/spec.md,Entering geometry/parcel/packages/positions violated; approved repair requires native independent acceptance,binding design approved; native integrated review pending
stellarator_09__stellaris__buildings__turbine_length,design_attribute,1,../../../../active/WI-074_design-choice-inventory-and-evaluation-contract/residual-dispositions.md,unverified-integrated-repair,F76,facility supplied geometry / requirements / policy / price parameter,retained,1,stellarator_09__stellaris__buildings__layout.turbine_length_in,work/orchestration/goals/preserve-model-design-choices/evidence/facilities-binding-plan.md;work/active/WI-076_supplied-facility-design-evaluation/spec.md,Entering geometry/parcel/packages/positions violated; approved repair requires native independent acceptance,binding design approved; native integrated review pending
stellarator_09__stellaris__buildings__turbine_width,design_attribute,1,../../../../active/WI-074_design-choice-inventory-and-evaluation-contract/residual-dispositions.md,unverified-integrated-repair,F76,facility supplied geometry / requirements / policy / price parameter,retained,1,stellarator_09__stellaris__buildings__layout.turbine_width_in,work/orchestration/goals/preserve-model-design-choices/evidence/facilities-binding-plan.md;work/active/WI-076_supplied-facility-design-evaluation/spec.md,Entering geometry/parcel/packages/positions violated; approved repair requires native independent acceptance,binding design approved; native integrated review pending
stellarator_09__stellaris__buildings__ventilation_coefficient,design_attribute,1,../../../../active/WI-074_design-choice-inventory-and-evaluation-contract/residual-dispositions.md,unverified-integrated-repair,F76,facility supplied geometry / requirements / policy / price parameter,retained,1,stellarator_09__stellaris__buildings__ventilation.coefficient_in,work/orchestration/goals/preserve-model-design-choices/evidence/facilities-binding-plan.md;work/active/WI-076_supplied-facility-design-evaluation/spec.md,Entering geometry/parcel/packages/positions violated; approved repair requires native independent acceptance,binding design approved; native integrated review pending
stellarator_09__stellaris__buildings__ventilation_cpi_ratio,design_attribute,1,../../../../active/WI-074_design-choice-inventory-and-evaluation-contract/residual-dispositions.md,unverified-integrated-repair,F76,facility supplied geometry / requirements / policy / price parameter,retained,1,stellarator_09__stellaris__buildings__ventilation.cpi_ratio_in,work/orchestration/goals/preserve-model-design-choices/evidence/facilities-binding-plan.md;work/active/WI-076_supplied-facility-design-evaluation/spec.md,Entering geometry/parcel/packages/positions violated; approved repair requires native independent acceptance,binding design approved; native integrated review pending
stellarator_09__stellaris__buildings__ventilation_exponent,design_attribute,1,../../../../active/WI-074_design-choice-inventory-and-evaluation-contract/residual-dispositions.md,unverified-integrated-repair,F76,facility supplied geometry / requirements / policy / price parameter,retained,1,stellarator_09__stellaris__buildings__ventilation.exponent_in,work/orchestration/goals/preserve-model-design-choices/evidence/facilities-binding-plan.md;work/active/WI-076_supplied-facility-design-evaluation/spec.md,Entering geometry/parcel/packages/positions violated; approved repair requires native independent acceptance,binding design approved; native integrated review pending
stellarator_09__stellaris__buildings__waste_package_yield,design_attribute,1,../../../../active/WI-074_design-choice-inventory-and-evaluation-contract/residual-dispositions.md,unverified-integrated-repair,F76,facility supplied geometry / requirements / policy / price parameter,retained,1,stellarator_09__stellaris__buildings__layout.waste_package_yield_in,work/orchestration/goals/preserve-model-design-choices/evidence/facilities-binding-plan.md;work/active/WI-076_supplied-facility-design-evaluation/spec.md,Entering geometry/parcel/packages/positions violated; approved repair requires native independent acceptance,binding design approved; native integrated review pending
stellarator_09__stellaris__cas28_capital,design_attribute,2,../../../../active/WI-074_design-choice-inventory-and-evaluation-contract/residual-dispositions.md,compliant-limited,R14,financial/accounting policy or scalar allowance,retained,2,stellarator_09__stellaris__cas23_to_28_capital.cas28_capital;stellarator_09__stellaris__cas2x_pre_contingency.cas28_capital,models/library/analyses/mfe_account_costs.sysml;models/library/analyses/mfe_lcoe_dcf.sysml;models/designs/generic_mfe/mfe_plant.sysml,Accounting identity/policy only; power-scaled account portion classified separately,independently approved limited disposition; implementation-review.md
stellarator_09__stellaris__concept_scale,design_attribute,1,../../../../active/WI-074_design-choice-inventory-and-evaluation-contract/residual-dispositions.md,compliant-limited,R14,financial/accounting policy or scalar allowance,retained,1,stellarator_09__stellaris__remote_handling.concept_scale_in,models/library/analyses/mfe_account_costs.sysml;models/library/analyses/mfe_lcoe_dcf.sysml;models/designs/generic_mfe/mfe_plant.sysml,Accounting identity/policy only; power-scaled account portion classified separately,independently approved limited disposition; implementation-review.md
stellarator_09__stellaris__construction_years,design_attribute,5,../../../../active/WI-074_design-choice-inventory-and-evaluation-contract/residual-dispositions.md,compliant-limited,R14,financial/accounting policy or scalar allowance,retained,5,stellarator_09__stellaris__cas71_calc.project_time;stellarator_09__stellaris__cas80_calc.project_time;stellarator_09__stellaris__indirect.construction_time;stellarator_09__stellaris__idc.construction_years_in;stellarator_09__stellaris__lcoe_calc.construction_years_in,models/library/analyses/mfe_account_costs.sysml;models/library/analyses/mfe_lcoe_dcf.sysml;models/designs/generic_mfe/mfe_plant.sysml,Accounting identity/policy only; power-scaled account portion classified separately,independently approved limited disposition; implementation-review.md
stellarator_09__stellaris__contingency_rate,design_attribute,3,../../../../active/WI-074_design-choice-inventory-and-evaluation-contract/residual-dispositions.md,compliant-limited,R14,financial/accounting policy or scalar allowance,retained,3,stellarator_09__stellaris__facility_shipping.contingency_in;stellarator_09__stellaris__contingency.contingency_rate_in;stellarator_09__stellaris__shipping_scope.contingency_in,models/library/analyses/mfe_account_costs.sysml;models/library/analyses/mfe_lcoe_dcf.sysml;models/designs/generic_mfe/mfe_plant.sysml,Accounting identity/policy only; power-scaled account portion classified separately,independently approved limited disposition; implementation-review.md
stellarator_09__stellaris__cryoplant__L0,design_attribute,1,../../../../active/WI-074_design-choice-inventory-and-evaluation-contract/residual-dispositions.md,compliant-limited,R12,chosen thermal scenario / operating heat balance,retained,1,stellarator_09__stellaris__cryoplant__inventory.L0,models/library/analyses/mfe_cryo_inventory.sysml;models/library/analyses/mfe_cryo_plant.sysml,Dependent on supplied WI075 geometry/masses; no refrigerator rating or structural qualification,independently approved limited disposition; implementation-review.md
stellarator_09__stellaris__cryoplant__T_amb_cryo,design_attribute,3,../../../../active/WI-074_design-choice-inventory-and-evaluation-contract/residual-dispositions.md,compliant-limited,R12,chosen thermal scenario / operating heat balance,retained,3,stellarator_09__stellaris__cryoplant__inventory.T_amb;stellarator_09__stellaris__cryoplant__shield_elec.T_amb;stellarator_09__stellaris__cryoplant__cryo_elec.T_amb,models/library/analyses/mfe_cryo_inventory.sysml;models/library/analyses/mfe_cryo_plant.sysml,Dependent on supplied WI075 geometry/masses; no refrigerator rating or structural qualification,independently approved limited disposition; implementation-review.md
stellarator_09__stellaris__cryoplant__T_cold_cryo,design_attribute,4,../../../../active/WI-074_design-choice-inventory-and-evaluation-contract/residual-dispositions.md,compliant-limited,R12,chosen thermal scenario / operating heat balance,retained,5,stellarator_09__stellaris__cryoplant__inventory.T_cold;stellarator_09__stellaris__cryoplant__cryo_elec.T_cold;stellarator_09__stellaris__magnet__material_inventory.temperature;stellarator_09__stellaris__magnet__conductor_current.temperature,models/library/analyses/mfe_cryo_inventory.sysml;models/library/analyses/mfe_cryo_plant.sysml,Dependent on supplied WI075 geometry/masses; no refrigerator rating or structural qualification,independently approved limited disposition; implementation-review.md
stellarator_09__stellaris__cryoplant__T_shield,design_attribute,2,../../../../active/WI-074_design-choice-inventory-and-evaluation-contract/residual-dispositions.md,compliant-limited,R12,chosen thermal scenario / operating heat balance,retained,2,stellarator_09__stellaris__cryoplant__inventory.T_shield;stellarator_09__stellaris__cryoplant__shield_elec.T_shield,models/library/analyses/mfe_cryo_inventory.sysml;models/library/analyses/mfe_cryo_plant.sysml,Dependent on supplied WI075 geometry/masses; no refrigerator rating or structural qualification,independently approved limited disposition; implementation-review.md
stellarator_09__stellaris__cryoplant__aux_cooling__alpha,library_default,1,../../../../active/WI-074_design-choice-inventory-and-evaluation-contract/residual-dispositions.md,compliant-disclosed-proxy,R09,demand-matched or hybrid capital/annual cost proxy,retained,1,stellarator_09__stellaris__cryoplant__aux_cooling.alpha,models/library/analyses/mfe_account_costs.sysml;models/designs/generic_mfe/mfe_subsystems.sysml;models/designs/generic_mfe/mfe_plant.sysml;exploration/stellarator_e2e/studies/study_route.py:26,Explicit demand-matched cost estimate; independently supplied installed capacity and qualification absent,independently approved limited disposition; implementation-review.md
stellarator_09__stellaris__cryoplant__aux_cooling__p_cryo_ref,library_default,1,../../../../active/WI-074_design-choice-inventory-and-evaluation-contract/residual-dispositions.md,compliant-disclosed-proxy,R09,demand-matched or hybrid capital/annual cost proxy,retained,1,stellarator_09__stellaris__cryoplant__aux_cooling.p_cryo_ref,models/library/analyses/mfe_account_costs.sysml;models/designs/generic_mfe/mfe_subsystems.sysml;models/designs/generic_mfe/mfe_plant.sysml;exploration/stellarator_e2e/studies/study_route.py:26,Explicit demand-matched cost estimate; independently supplied installed capacity and qualification absent,independently approved limited disposition; implementation-review.md
stellarator_09__stellaris__cryoplant__aux_cryo_base,design_attribute,1,../../../../active/WI-074_design-choice-inventory-and-evaluation-contract/residual-dispositions.md,compliant-disclosed-proxy,R09,demand-matched or hybrid capital/annual cost proxy,retained,1,stellarator_09__stellaris__cryoplant__aux_cooling.cryo_base,models/library/analyses/mfe_account_costs.sysml;models/designs/generic_mfe/mfe_subsystems.sysml;models/designs/generic_mfe/mfe_plant.sysml;exploration/stellarator_e2e/studies/study_route.py:26,Explicit demand-matched cost estimate; independently supplied installed capacity and qualification absent,independently approved limited disposition; implementation-review.md
stellarator_09__stellaris__cryoplant__cryo_elec__f_uplift,usage_literal,1,../../../../active/WI-074_design-choice-inventory-and-evaluation-contract/residual-dispositions.md,compliant-limited,R12,chosen thermal scenario / operating heat balance,retained,1,stellarator_09__stellaris__cryoplant__cryo_elec.f_uplift,models/library/analyses/mfe_cryo_inventory.sysml;models/library/analyses/mfe_cryo_plant.sysml,Dependent on supplied WI075 geometry/masses; no refrigerator rating or structural qualification,independently approved limited disposition; implementation-review.md
stellarator_09__stellaris__cryoplant__cryo_elec__q_nuc,usage_literal,1,../../../../active/WI-074_design-choice-inventory-and-evaluation-contract/residual-dispositions.md,compliant-limited,R12,chosen thermal scenario / operating heat balance,retained,1,stellarator_09__stellaris__cryoplant__cryo_elec.q_nuc,models/library/analyses/mfe_cryo_inventory.sysml;models/library/analyses/mfe_cryo_plant.sysml,Dependent on supplied WI075 geometry/masses; no refrigerator rating or structural qualification,independently approved limited disposition; implementation-review.md
stellarator_09__stellaris__cryoplant__cryo_elec__vol_cold,usage_literal,1,../../../../active/WI-074_design-choice-inventory-and-evaluation-contract/residual-dispositions.md,compliant-limited,R12,chosen thermal scenario / operating heat balance,retained,1,stellarator_09__stellaris__cryoplant__cryo_elec.vol_cold,models/library/analyses/mfe_cryo_inventory.sysml;models/library/analyses/mfe_cryo_plant.sysml,Dependent on supplied WI075 geometry/masses; no refrigerator rating or structural qualification,independently approved limited disposition; implementation-review.md
stellarator_09__stellaris__cryoplant__eps_eff,design_attribute,1,../../../../active/WI-074_design-choice-inventory-and-evaluation-contract/residual-dispositions.md,compliant-limited,R12,chosen thermal scenario / operating heat balance,retained,1,stellarator_09__stellaris__cryoplant__inventory.eps_eff,models/library/analyses/mfe_cryo_inventory.sysml;models/library/analyses/mfe_cryo_plant.sysml,Dependent on supplied WI075 geometry/masses; no refrigerator rating or structural qualification,independently approved limited disposition; implementation-review.md
stellarator_09__stellaris__cryoplant__f_carnot_cryo,design_attribute,2,../../../../active/WI-074_design-choice-inventory-and-evaluation-contract/residual-dispositions.md,compliant-limited,R12,chosen thermal scenario / operating heat balance,retained,2,stellarator_09__stellaris__cryoplant__inventory.f_carnot_cold;stellarator_09__stellaris__cryoplant__cryo_elec.f_carnot,models/library/analyses/mfe_cryo_inventory.sysml;models/library/analyses/mfe_cryo_plant.sysml,Dependent on supplied WI075 geometry/masses; no refrigerator rating or structural qualification,independently approved limited disposition; implementation-review.md
stellarator_09__stellaris__cryoplant__f_carnot_shield,design_attribute,2,../../../../active/WI-074_design-choice-inventory-and-evaluation-contract/residual-dispositions.md,compliant-limited,R12,chosen thermal scenario / operating heat balance,retained,2,stellarator_09__stellaris__cryoplant__inventory.f_carnot_shield;stellarator_09__stellaris__cryoplant__shield_elec.f_carnot,models/library/analyses/mfe_cryo_inventory.sysml;models/library/analyses/mfe_cryo_plant.sysml,Dependent on supplied WI075 geometry/masses; no refrigerator rating or structural qualification,independently approved limited disposition; implementation-review.md
stellarator_09__stellaris__cryoplant__f_lead,design_attribute,1,../../../../active/WI-074_design-choice-inventory-and-evaluation-contract/residual-dispositions.md,compliant-limited,R12,chosen thermal scenario / operating heat balance,retained,1,stellarator_09__stellaris__cryoplant__inventory.f_lead,models/library/analyses/mfe_cryo_inventory.sysml;models/library/analyses/mfe_cryo_plant.sysml,Dependent on supplied WI075 geometry/masses; no refrigerator rating or structural qualification,independently approved limited disposition; implementation-review.md
stellarator_09__stellaris__cryoplant__f_uplift_cryo,design_attribute,1,../../../../active/WI-074_design-choice-inventory-and-evaluation-contract/residual-dispositions.md,compliant-limited,R12,chosen thermal scenario / operating heat balance,retained,1,stellarator_09__stellaris__cryoplant__cold_load.f_uplift,models/library/analyses/mfe_cryo_inventory.sysml;models/library/analyses/mfe_cryo_plant.sysml,Dependent on supplied WI075 geometry/masses; no refrigerator rating or structural qualification,independently approved limited disposition; implementation-review.md
stellarator_09__stellaris__cryoplant__g_per_coil,design_attribute,1,../../../../active/WI-074_design-choice-inventory-and-evaluation-contract/residual-dispositions.md,compliant-limited,R12,chosen thermal scenario / operating heat balance,retained,1,stellarator_09__stellaris__cryoplant__inventory.g_per_coil,models/library/analyses/mfe_cryo_inventory.sysml;models/library/analyses/mfe_cryo_plant.sysml,Dependent on supplied WI075 geometry/masses; no refrigerator rating or structural qualification,independently approved limited disposition; implementation-review.md
stellarator_09__stellaris__cryoplant__inventory_enabled,design_attribute,2,../../../../active/WI-074_design-choice-inventory-and-evaluation-contract/residual-dispositions.md,compliant-limited,R12,chosen thermal scenario / operating heat balance,retained,2,stellarator_09__stellaris__cryoplant__inventory.inventory_enabled;stellarator_09__stellaris__cryoplant__shield_elec.inventory_enabled,models/library/analyses/mfe_cryo_inventory.sysml;models/library/analyses/mfe_cryo_plant.sysml,Dependent on supplied WI075 geometry/masses; no refrigerator rating or structural qualification,independently approved limited disposition; implementation-review.md
stellarator_09__stellaris__cryoplant__joint_drive_fraction,design_attribute,1,../../../../active/WI-074_design-choice-inventory-and-evaluation-contract/residual-dispositions.md,compliant-limited,R12,chosen thermal scenario / operating heat balance,retained,1,stellarator_09__stellaris__cryoplant__inventory.joint_drive_fraction,models/library/analyses/mfe_cryo_inventory.sysml;models/library/analyses/mfe_cryo_plant.sysml,Dependent on supplied WI075 geometry/masses; no refrigerator rating or structural qualification,independently approved limited disposition; implementation-review.md
stellarator_09__stellaris__cryoplant__k_c,design_attribute,1,../../../../active/WI-074_design-choice-inventory-and-evaluation-contract/residual-dispositions.md,compliant-limited,R12,chosen thermal scenario / operating heat balance,retained,1,stellarator_09__stellaris__cryoplant__inventory.k_c,models/library/analyses/mfe_cryo_inventory.sysml;models/library/analyses/mfe_cryo_plant.sysml,Dependent on supplied WI075 geometry/masses; no refrigerator rating or structural qualification,independently approved limited disposition; implementation-review.md
stellarator_09__stellaris__cryoplant__k_s,design_attribute,1,../../../../active/WI-074_design-choice-inventory-and-evaluation-contract/residual-dispositions.md,compliant-limited,R12,chosen thermal scenario / operating heat balance,retained,1,stellarator_09__stellaris__cryoplant__inventory.k_s,models/library/analyses/mfe_cryo_inventory.sysml;models/library/analyses/mfe_cryo_plant.sysml,Dependent on supplied WI075 geometry/masses; no refrigerator rating or structural qualification,independently approved limited disposition; implementation-review.md
stellarator_09__stellaris__cryoplant__n_leads,design_attribute,1,../../../../active/WI-074_design-choice-inventory-and-evaluation-contract/residual-dispositions.md,compliant-limited,R12,chosen thermal scenario / operating heat balance,retained,1,stellarator_09__stellaris__cryoplant__inventory.n_leads,models/library/analyses/mfe_cryo_inventory.sysml;models/library/analyses/mfe_cryo_plant.sysml,Dependent on supplied WI075 geometry/masses; no refrigerator rating or structural qualification,independently approved limited disposition; implementation-review.md
stellarator_09__stellaris__cryoplant__p_cryo,design_attribute,1,../../../../active/WI-074_design-choice-inventory-and-evaluation-contract/residual-dispositions.md,compliant-limited,R12,chosen thermal scenario / operating heat balance,retained,1,stellarator_09__stellaris__cryoplant__cryo_elec.p_direct,models/library/analyses/mfe_cryo_inventory.sysml;models/library/analyses/mfe_cryo_plant.sysml,Dependent on supplied WI075 geometry/masses; no refrigerator rating or structural qualification,independently approved limited disposition; implementation-review.md
stellarator_09__stellaris__cryoplant__p_fixed_cryo,design_attribute,2,../../../../active/WI-074_design-choice-inventory-and-evaluation-contract/residual-dispositions.md,compliant-limited,R12,chosen thermal scenario / operating heat balance,retained,2,stellarator_09__stellaris__cryoplant__inventory.p_joint;stellarator_09__stellaris__cryoplant__cold_load.p_fixed,models/library/analyses/mfe_cryo_inventory.sysml;models/library/analyses/mfe_cryo_plant.sysml,Dependent on supplied WI075 geometry/masses; no refrigerator rating or structural qualification,independently approved limited disposition; implementation-review.md
stellarator_09__stellaris__cryoplant__p_pfcool,design_attribute,1,../../../../active/WI-074_design-choice-inventory-and-evaluation-contract/residual-dispositions.md,compliant-limited,R12,chosen thermal scenario / operating heat balance,retained,1,stellarator_09__stellaris__pb.p_pfcool_in,models/library/analyses/mfe_cryo_inventory.sysml;models/library/analyses/mfe_cryo_plant.sysml,Dependent on supplied WI075 geometry/masses; no refrigerator rating or structural qualification,independently approved limited disposition; implementation-review.md
stellarator_09__stellaris__cryoplant__p_tfcool,design_attribute,1,../../../../active/WI-074_design-choice-inventory-and-evaluation-contract/residual-dispositions.md,compliant-limited,R12,chosen thermal scenario / operating heat balance,retained,1,stellarator_09__stellaris__pb.p_tfcool_in,models/library/analyses/mfe_cryo_inventory.sysml;models/library/analyses/mfe_cryo_plant.sysml,Dependent on supplied WI075 geometry/masses; no refrigerator rating or structural qualification,independently approved limited disposition; implementation-review.md
stellarator_09__stellaris__cryoplant__q_MLI,design_attribute,1,../../../../active/WI-074_design-choice-inventory-and-evaluation-contract/residual-dispositions.md,compliant-limited,R12,chosen thermal scenario / operating heat balance,retained,1,stellarator_09__stellaris__cryoplant__inventory.q_MLI,models/library/analyses/mfe_cryo_inventory.sysml;models/library/analyses/mfe_cryo_plant.sysml,Dependent on supplied WI075 geometry/masses; no refrigerator rating or structural qualification,independently approved limited disposition; implementation-review.md
stellarator_09__stellaris__cryoplant__q_nuc_structure,design_attribute,1,../../../../active/WI-074_design-choice-inventory-and-evaluation-contract/residual-dispositions.md,compliant-limited,R12,chosen thermal scenario / operating heat balance,retained,1,stellarator_09__stellaris__cryoplant__cold_load.q_nuc_structure,models/library/analyses/mfe_cryo_inventory.sysml;models/library/analyses/mfe_cryo_plant.sysml,Dependent on supplied WI075 geometry/masses; no refrigerator rating or structural qualification,independently approved limited disposition; implementation-review.md
stellarator_09__stellaris__cryoplant__rho_structure,design_attribute,1,../../../../active/WI-074_design-choice-inventory-and-evaluation-contract/residual-dispositions.md,compliant-limited,R12,chosen thermal scenario / operating heat balance,retained,1,stellarator_09__stellaris__cryoplant__cold_load.rho_structure,models/library/analyses/mfe_cryo_inventory.sysml;models/library/analyses/mfe_cryo_plant.sysml,Dependent on supplied WI075 geometry/masses; no refrigerator rating or structural qualification,independently approved limited disposition; implementation-review.md
stellarator_09__stellaris__cryoplant__shield_area_ratio,design_attribute,1,../../../../active/WI-074_design-choice-inventory-and-evaluation-contract/residual-dispositions.md,compliant-limited,R12,chosen thermal scenario / operating heat balance,retained,1,stellarator_09__stellaris__cryoplant__inventory.shield_area_ratio,models/library/analyses/mfe_cryo_inventory.sysml;models/library/analyses/mfe_cryo_plant.sysml,Dependent on supplied WI075 geometry/masses; no refrigerator rating or structural qualification,independently approved limited disposition; implementation-review.md
stellarator_09__stellaris__cryoplant__sigma_SB,design_attribute,1,../../../../active/WI-074_design-choice-inventory-and-evaluation-contract/residual-dispositions.md,compliant-limited,R12,chosen thermal scenario / operating heat balance,retained,1,stellarator_09__stellaris__cryoplant__inventory.sigma_SB,models/library/analyses/mfe_cryo_inventory.sysml;models/library/analyses/mfe_cryo_plant.sysml,Dependent on supplied WI075 geometry/masses; no refrigerator rating or structural qualification,independently approved limited disposition; implementation-review.md
stellarator_09__stellaris__cryoplant__t_case,design_attribute,1,../../../../active/WI-074_design-choice-inventory-and-evaluation-contract/residual-dispositions.md,compliant-limited,R12,chosen thermal scenario / operating heat balance,retained,1,stellarator_09__stellaris__cryoplant__inventory.t_case,models/library/analyses/mfe_cryo_inventory.sysml;models/library/analyses/mfe_cryo_plant.sysml,Dependent on supplied WI075 geometry/masses; no refrigerator rating or structural qualification,independently approved limited disposition; implementation-review.md
stellarator_09__stellaris__discount_rate,design_attribute,6,../../../../active/WI-074_design-choice-inventory-and-evaluation-contract/residual-dispositions.md,compliant-limited,R14,financial/accounting policy or scalar allowance,retained,6,stellarator_09__stellaris__heat_transport__equipment.discount_in;stellarator_09__stellaris__calendar.interest_rate;stellarator_09__stellaris__cas71_calc.interest_rate;stellarator_09__stellaris__cas80_calc.interest_rate;stellarator_09__stellaris__idc.interest_rate;stellarator_09__stellaris__lcoe_calc.discount_rate_in,models/library/analyses/mfe_account_costs.sysml;models/library/analyses/mfe_lcoe_dcf.sysml;models/designs/generic_mfe/mfe_plant.sysml,Accounting identity/policy only; power-scaled account portion classified separately,independently approved limited disposition; implementation-review.md
stellarator_09__stellaris__divertor__R_ref_divertor,design_attribute,1,../../../../active/WI-074_design-choice-inventory-and-evaluation-contract/residual-dispositions.md,compliant-limited,R04,fixed-profile heat ledger input,retained,1,stellarator_09__stellaris__divertor__divheat.R_ref_in,models/library/analyses/mfe_divertor_heat.sysml:4,Equivalent area is diagnostic; no independent installed target area or lifetime,independently approved limited disposition; implementation-review.md
stellarator_09__stellaris__divertor__divertor_base,design_attribute,1,../../../../active/WI-074_design-choice-inventory-and-evaluation-contract/residual-dispositions.md,compliant-disclosed-proxy,R09,demand-matched or hybrid capital/annual cost proxy,retained,1,stellarator_09__stellaris__divertor__divertor_cost.base,models/library/analyses/mfe_account_costs.sysml;models/designs/generic_mfe/mfe_subsystems.sysml;models/designs/generic_mfe/mfe_plant.sysml;exploration/stellarator_e2e/studies/study_route.py:26,Explicit demand-matched cost estimate; independently supplied installed capacity and qualification absent,independently approved limited disposition; implementation-review.md
stellarator_09__stellaris__divertor__divertor_cost__alpha,library_default,1,../../../../active/WI-074_design-choice-inventory-and-evaluation-contract/residual-dispositions.md,compliant-disclosed-proxy,R09,demand-matched or hybrid capital/annual cost proxy,retained,1,stellarator_09__stellaris__divertor__divertor_cost.alpha,models/library/analyses/mfe_account_costs.sysml;models/designs/generic_mfe/mfe_subsystems.sysml;models/designs/generic_mfe/mfe_plant.sysml;exploration/stellarator_e2e/studies/study_route.py:26,Explicit demand-matched cost estimate; independently supplied installed capacity and qualification absent,independently approved limited disposition; implementation-review.md
stellarator_09__stellaris__divertor__divertor_cost__p_th_ref,library_default,1,../../../../active/WI-074_design-choice-inventory-and-evaluation-contract/residual-dispositions.md,compliant-disclosed-proxy,R09,demand-matched or hybrid capital/annual cost proxy,retained,1,stellarator_09__stellaris__divertor__divertor_cost.p_th_ref,models/library/analyses/mfe_account_costs.sysml;models/designs/generic_mfe/mfe_subsystems.sysml;models/designs/generic_mfe/mfe_plant.sysml;exploration/stellarator_e2e/studies/study_route.py:26,Explicit demand-matched cost estimate; independently supplied installed capacity and qualification absent,independently approved limited disposition; implementation-review.md
stellarator_09__stellaris__divertor__f_rad_total,design_attribute,1,../../../../active/WI-074_design-choice-inventory-and-evaluation-contract/residual-dispositions.md,compliant-limited,R04,fixed-profile heat ledger input,retained,1,stellarator_09__stellaris__divertor__divheat.f_rad_total_in,models/library/analyses/mfe_divertor_heat.sysml:4,Equivalent area is diagnostic; no independent installed target area or lifetime,independently approved limited disposition; implementation-review.md
stellarator_09__stellaris__divertor__p_nonrad_ref,design_attribute,1,../../../../active/WI-074_design-choice-inventory-and-evaluation-contract/residual-dispositions.md,compliant-limited,R04,fixed-profile heat ledger input,retained,1,stellarator_09__stellaris__divertor__divheat.p_nonrad_ref_in,models/library/analyses/mfe_divertor_heat.sysml:4,Equivalent area is diagnostic; no independent installed target area or lifetime,independently approved limited disposition; implementation-review.md
stellarator_09__stellaris__divertor__q_target_limit,design_attribute,2,../../../../active/WI-074_design-choice-inventory-and-evaluation-contract/residual-dispositions.md,compliant-limited,R04,fixed-profile heat ledger input,retained,2,stellarator_09__stellaris__divertor__divheat.q_target_limit_in;stellarator_09__stellaris__divertor_heat_ok__26b4658f9fdfd7b7.q_target_limit_in,models/library/analyses/mfe_divertor_heat.sysml:4,Equivalent area is diagnostic; no independent installed target area or lifetime,independently approved limited disposition; implementation-review.md
stellarator_09__stellaris__divertor__q_target_ref,design_attribute,1,../../../../active/WI-074_design-choice-inventory-and-evaluation-contract/residual-dispositions.md,compliant-limited,R04,fixed-profile heat ledger input,retained,1,stellarator_09__stellaris__divertor__divheat.q_target_ref_in,models/library/analyses/mfe_divertor_heat.sysml:4,Equivalent area is diagnostic; no independent installed target area or lifetime,independently approved limited disposition; implementation-review.md
stellarator_09__stellaris__divertor__target_capture_fraction,design_attribute,1,../../../../active/WI-074_design-choice-inventory-and-evaluation-contract/residual-dispositions.md,compliant-limited,R04,fixed-profile heat ledger input,retained,1,stellarator_09__stellaris__divertor__divheat.target_capture_fraction_in,models/library/analyses/mfe_divertor_heat.sysml:4,Equivalent area is diagnostic; no independent installed target area or lifetime,independently approved limited disposition; implementation-review.md
stellarator_09__stellaris__electric_plant__cost_per_mw,design_attribute,1,../../../../active/WI-074_design-choice-inventory-and-evaluation-contract/residual-dispositions.md,compliant-disclosed-proxy,R09,demand-matched or hybrid capital/annual cost proxy,retained,1,stellarator_09__stellaris__electric_plant__electric_cost.cost_per_mw,models/library/analyses/mfe_account_costs.sysml;models/designs/generic_mfe/mfe_subsystems.sysml;models/designs/generic_mfe/mfe_plant.sysml;exploration/stellarator_e2e/studies/study_route.py:26,Explicit demand-matched cost estimate; independently supplied installed capacity and qualification absent,independently approved limited disposition; implementation-review.md
stellarator_09__stellaris__f_sub,design_attribute,1,../../../../active/WI-074_design-choice-inventory-and-evaluation-contract/residual-dispositions.md,compliant-limited,R15,chosen constant / criterion / load assumption,retained,1,stellarator_09__stellaris__pb.f_sub_in,models/library/analyses/mfe_viability.sysml;models/designs/generic_mfe/mfe_plant.sysml;models/designs/stellarator_09/stellarator_plant.sysml,Comparison or declared assumption; no whole-equipment qualification,independently approved limited disposition; implementation-review.md
stellarator_09__stellaris__fuel_cycle__G_stock,design_attribute,3,../../../../active/WI-074_design-choice-inventory-and-evaluation-contract/residual-dispositions.md,compliant-limited,R06,maintained nominal stock policy,retained,3,stellarator_09__stellaris__fuel_cycle__inventory.G_stock_in;stellarator_09__stellaris__fuel_cycle__fuel.G_stock_in;stellarator_09__stellaris__breeding_adequacy.G_stock_in,models/library/analyses/mfe_fuel_cycle.sysml:94;models/library/structure/mfe_plant_systems.sysml,Explicit stream-times-residence/coverage scenario; no active offered stock/tank evaluation,independently approved limited disposition; implementation-review.md
stellarator_09__stellaris__fuel_cycle__burn_fraction,design_attribute,4,../../../../active/WI-074_design-choice-inventory-and-evaluation-contract/residual-dispositions.md,compliant-limited,R07,fuel reaction/throughput/startup requirement,retained,4,stellarator_09__stellaris__fuel_cycle__fuel_calc.burn_fraction_in;stellarator_09__stellaris__fuel_cycle__inventory.burn_fraction_in;stellarator_09__stellaris__fuel_cycle__fuel.burn_fraction_in;stellarator_09__stellaris__breeding_adequacy.burn_fraction_in,models/library/analyses/mfe_fuel_cycle.sysml;models/designs/generic_mfe/mfe_plant.sysml,No external initial supply assurance/procurement cost; undefined breeding stays undefined,independently approved limited disposition; implementation-review.md
stellarator_09__stellaris__fuel_cycle__eta_extract,design_attribute,3,../../../../active/WI-074_design-choice-inventory-and-evaluation-contract/residual-dispositions.md,compliant-limited,R07,fuel reaction/throughput/startup requirement,retained,3,stellarator_09__stellaris__fuel_cycle__inventory.eta_extract_in;stellarator_09__stellaris__fuel_cycle__fuel.eta_extract_in;stellarator_09__stellaris__breeding_adequacy.eta_extract_in,models/library/analyses/mfe_fuel_cycle.sysml;models/designs/generic_mfe/mfe_plant.sysml,No external initial supply assurance/procurement cost; undefined breeding stays undefined,independently approved limited disposition; implementation-review.md
stellarator_09__stellaris__fuel_cycle__fuel__s_per_fpy_in,library_default,1,../../../../active/WI-074_design-choice-inventory-and-evaluation-contract/residual-dispositions.md,compliant-limited,R07,fuel reaction/throughput/startup requirement,retained,1,stellarator_09__stellaris__fuel_cycle__fuel.s_per_fpy_in,models/library/analyses/mfe_fuel_cycle.sysml;models/designs/generic_mfe/mfe_plant.sysml,No external initial supply assurance/procurement cost; undefined breeding stays undefined,independently approved limited disposition; implementation-review.md
stellarator_09__stellaris__fuel_cycle__fuel_cost_per_rxn,design_attribute,1,../../../../active/WI-074_design-choice-inventory-and-evaluation-contract/residual-dispositions.md,compliant-limited,R07,fuel reaction/throughput/startup requirement,retained,1,stellarator_09__stellaris__fuel_cycle__fuel_calc.cost_per_rxn,models/library/analyses/mfe_fuel_cycle.sysml;models/designs/generic_mfe/mfe_plant.sysml,No external initial supply assurance/procurement cost; undefined breeding stays undefined,independently approved limited disposition; implementation-review.md
stellarator_09__stellaris__fuel_cycle__fuel_handling__alpha,usage_literal,1,../../../../active/WI-074_design-choice-inventory-and-evaluation-contract/residual-dispositions.md,compliant-disclosed-proxy,R10,legacy/dormant demand-matched allowance,retained,1,stellarator_09__stellaris__fuel_cycle__fuel_handling.alpha,models/library/analyses/mfe_account_costs.sysml:310;models/library/structure/mfe_plant_systems.sysml;models/designs/generic_mfe/mfe_plant.sysml;exploration/stellarator_e2e/studies/study_route.py:26,Explicit demand-matched cost estimate; independently supplied installed capacity and qualification absent,independently approved limited disposition; implementation-review.md
stellarator_09__stellaris__fuel_cycle__fuel_handling__ref_power,usage_literal,1,../../../../active/WI-074_design-choice-inventory-and-evaluation-contract/residual-dispositions.md,compliant-disclosed-proxy,R10,legacy/dormant demand-matched allowance,retained,1,stellarator_09__stellaris__fuel_cycle__fuel_handling.ref_power,models/library/analyses/mfe_account_costs.sysml:310;models/library/structure/mfe_plant_systems.sysml;models/designs/generic_mfe/mfe_plant.sysml;exploration/stellarator_e2e/studies/study_route.py:26,Explicit demand-matched cost estimate; independently supplied installed capacity and qualification absent,independently approved limited disposition; implementation-review.md
stellarator_09__stellaris__fuel_cycle__fuel_handling_base,design_attribute,1,../../../../active/WI-074_design-choice-inventory-and-evaluation-contract/residual-dispositions.md,compliant-disclosed-proxy,R10,legacy/dormant demand-matched allowance,retained,1,stellarator_09__stellaris__fuel_cycle__fuel_handling.base,models/library/analyses/mfe_account_costs.sysml:310;models/library/structure/mfe_plant_systems.sysml;models/designs/generic_mfe/mfe_plant.sysml;exploration/stellarator_e2e/studies/study_route.py:26,Explicit demand-matched cost estimate; independently supplied installed capacity and qualification absent,independently approved limited disposition; implementation-review.md
stellarator_09__stellaris__fuel_cycle__fuel_q_eff,design_attribute,3,../../../../active/WI-074_design-choice-inventory-and-evaluation-contract/residual-dispositions.md,compliant-limited,R07,fuel reaction/throughput/startup requirement,retained,3,stellarator_09__stellaris__fuel_cycle__fuel_calc.q_eff;stellarator_09__stellaris__fuel_cycle__inventory.q_eff_in;stellarator_09__stellaris__fuel_cycle__fuel.q_eff_in,models/library/analyses/mfe_fuel_cycle.sysml;models/designs/generic_mfe/mfe_plant.sysml,No external initial supply assurance/procurement cost; undefined breeding stays undefined,independently approved limited disposition; implementation-review.md
stellarator_09__stellaris__fuel_cycle__fuel_recovery,design_attribute,1,../../../../active/WI-074_design-choice-inventory-and-evaluation-contract/residual-dispositions.md,compliant-limited,R07,fuel reaction/throughput/startup requirement,retained,1,stellarator_09__stellaris__fuel_cycle__fuel_calc.fuel_recovery_in,models/library/analyses/mfe_fuel_cycle.sysml;models/designs/generic_mfe/mfe_plant.sysml,No external initial supply assurance/procurement cost; undefined breeding stays undefined,independently approved limited disposition; implementation-review.md
stellarator_09__stellaris__fuel_cycle__held_inventory,design_attribute,1,../../../../active/WI-074_design-choice-inventory-and-evaluation-contract/residual-dispositions.md,compliant-limited,R06,maintained nominal stock policy,retained,1,stellarator_09__stellaris__fuel_cycle__inventory.held_inventory_in,models/library/analyses/mfe_fuel_cycle.sysml:94;models/library/structure/mfe_plant_systems.sysml,Explicit stream-times-residence/coverage scenario; no active offered stock/tank evaluation,independently approved limited disposition; implementation-review.md
stellarator_09__stellaris__fuel_cycle__inventory_enabled,design_attribute,2,../../../../active/WI-074_design-choice-inventory-and-evaluation-contract/residual-dispositions.md,compliant-limited,R06,maintained nominal stock policy,retained,2,stellarator_09__stellaris__fuel_cycle__inventory.enabled_in;stellarator_09__stellaris__fuel_cycle__processing_cost.inventory_enabled_in,models/library/analyses/mfe_fuel_cycle.sysml:94;models/library/structure/mfe_plant_systems.sysml,Explicit stream-times-residence/coverage scenario; no active offered stock/tank evaluation,independently approved limited disposition; implementation-review.md
stellarator_09__stellaris__fuel_cycle__lambda_T,design_attribute,3,../../../../active/WI-074_design-choice-inventory-and-evaluation-contract/residual-dispositions.md,compliant-limited,R07,fuel reaction/throughput/startup requirement,retained,3,stellarator_09__stellaris__fuel_cycle__inventory.lambda_T_in;stellarator_09__stellaris__fuel_cycle__fuel.lambda_T_in;stellarator_09__stellaris__breeding_adequacy.lambda_T_in,models/library/analyses/mfe_fuel_cycle.sysml;models/designs/generic_mfe/mfe_plant.sysml,No external initial supply assurance/procurement cost; undefined breeding stays undefined,independently approved limited disposition; implementation-review.md
stellarator_09__stellaris__fuel_cycle__m_D_kg,design_attribute,1,../../../../active/WI-074_design-choice-inventory-and-evaluation-contract/residual-dispositions.md,compliant-limited,R07,fuel reaction/throughput/startup requirement,retained,1,stellarator_09__stellaris__fuel_cycle__inventory.m_D_kg_in,models/library/analyses/mfe_fuel_cycle.sysml;models/designs/generic_mfe/mfe_plant.sysml,No external initial supply assurance/procurement cost; undefined breeding stays undefined,independently approved limited disposition; implementation-review.md
stellarator_09__stellaris__fuel_cycle__m_T_kg,design_attribute,2,../../../../active/WI-074_design-choice-inventory-and-evaluation-contract/residual-dispositions.md,compliant-limited,R07,fuel reaction/throughput/startup requirement,retained,2,stellarator_09__stellaris__fuel_cycle__inventory.m_T_kg_in;stellarator_09__stellaris__fuel_cycle__fuel.m_T_kg_in,models/library/analyses/mfe_fuel_cycle.sysml;models/designs/generic_mfe/mfe_plant.sysml,No external initial supply assurance/procurement cost; undefined breeding stays undefined,independently approved limited disposition; implementation-review.md
stellarator_09__stellaris__fuel_cycle__mev_to_joules,design_attribute,3,../../../../active/WI-074_design-choice-inventory-and-evaluation-contract/residual-dispositions.md,compliant-limited,R07,fuel reaction/throughput/startup requirement,retained,3,stellarator_09__stellaris__fuel_cycle__fuel_calc.mev_to_joules_in;stellarator_09__stellaris__fuel_cycle__inventory.mev_to_joules_in;stellarator_09__stellaris__fuel_cycle__fuel.mev_to_joules_in,models/library/analyses/mfe_fuel_cycle.sysml;models/designs/generic_mfe/mfe_plant.sysml,No external initial supply assurance/procurement cost; undefined breeding stays undefined,independently approved limited disposition; implementation-review.md
stellarator_09__stellaris__fuel_cycle__p_trit,design_attribute,1,../../../../active/WI-074_design-choice-inventory-and-evaluation-contract/residual-dispositions.md,compliant-limited,R15,chosen constant / criterion / load assumption,retained,1,stellarator_09__stellaris__pb.p_trit_in,models/library/analyses/mfe_viability.sysml;models/designs/generic_mfe/mfe_plant.sysml;models/designs/stellarator_09/stellarator_plant.sysml,Comparison or declared assumption; no whole-equipment qualification,independently approved limited disposition; implementation-review.md
stellarator_09__stellaris__fuel_cycle__processing_capacity_kg_s,design_attribute,1,../../../../active/WI-074_design-choice-inventory-and-evaluation-contract/residual-dispositions.md,unverified-integrated-repair,F77,processor supplied rating / price-source parameter,introduced,0,stellarator_09__stellaris__fuel_cycle__processing_cost.capacity_in,work/active/WI-077_supplied-fuel-processing-capacity-evaluation/spec.md;models/library/analyses/mfe_fuel_cycle.sysml:258,Entering demand-times-margin rating violated; source applicability separate from capacity adequacy,binding design approved; native integrated review pending
stellarator_09__stellaris__fuel_cycle__processing_capacity_margin,design_attribute,0,../../../../active/WI-074_design-choice-inventory-and-evaluation-contract/residual-dispositions.md,retired-entering-interface,F77,processor supplied rating / price-source parameter,retired,1,,work/active/WI-077_supplied-fuel-processing-capacity-evaluation/spec.md;models/library/analyses/mfe_fuel_cycle.sysml:258,Entering demand-times-margin rating violated; source applicability separate from capacity adequacy; no current parameter/consumer; reject old key in new package,binding design approved; native integrated review pending
stellarator_09__stellaris__fuel_cycle__processing_cleanup_capital,design_attribute,1,../../../../active/WI-074_design-choice-inventory-and-evaluation-contract/residual-dispositions.md,unverified-integrated-repair,F77,processor supplied rating / price-source parameter,retained,1,stellarator_09__stellaris__fuel_cycle__processing_cost.cleanup_capital_in,work/active/WI-077_supplied-fuel-processing-capacity-evaluation/spec.md;models/library/analyses/mfe_fuel_cycle.sysml:258,Entering demand-times-margin rating violated; source applicability separate from capacity adequacy,binding design approved; native integrated review pending
stellarator_09__stellaris__fuel_cycle__processing_cleanup_cpi,design_attribute,1,../../../../active/WI-074_design-choice-inventory-and-evaluation-contract/residual-dispositions.md,unverified-integrated-repair,F77,processor supplied rating / price-source parameter,retained,1,stellarator_09__stellaris__fuel_cycle__processing_cost.cleanup_cpi_in,work/active/WI-077_supplied-fuel-processing-capacity-evaluation/spec.md;models/library/analyses/mfe_fuel_cycle.sysml:258,Entering demand-times-margin rating violated; source applicability separate from capacity adequacy,binding design approved; native integrated review pending
stellarator_09__stellaris__fuel_cycle__processing_cleanup_installation,design_attribute,1,../../../../active/WI-074_design-choice-inventory-and-evaluation-contract/residual-dispositions.md,unverified-integrated-repair,F77,processor supplied rating / price-source parameter,retained,1,stellarator_09__stellaris__fuel_cycle__processing_cost.cleanup_installation_in,work/active/WI-077_supplied-fuel-processing-capacity-evaluation/spec.md;models/library/analyses/mfe_fuel_cycle.sysml:258,Entering demand-times-margin rating violated; source applicability separate from capacity adequacy,binding design approved; native integrated review pending
stellarator_09__stellaris__fuel_cycle__processing_containment_capital,design_attribute,1,../../../../active/WI-074_design-choice-inventory-and-evaluation-contract/residual-dispositions.md,unverified-integrated-repair,F77,processor supplied rating / price-source parameter,retained,1,stellarator_09__stellaris__fuel_cycle__processing_cost.containment_capital_in,work/active/WI-077_supplied-fuel-processing-capacity-evaluation/spec.md;models/library/analyses/mfe_fuel_cycle.sysml:258,Entering demand-times-margin rating violated; source applicability separate from capacity adequacy,binding design approved; native integrated review pending
stellarator_09__stellaris__fuel_cycle__processing_containment_cpi,design_attribute,1,../../../../active/WI-074_design-choice-inventory-and-evaluation-contract/residual-dispositions.md,unverified-integrated-repair,F77,processor supplied rating / price-source parameter,retained,1,stellarator_09__stellaris__fuel_cycle__processing_cost.containment_cpi_in,work/active/WI-077_supplied-fuel-processing-capacity-evaluation/spec.md;models/library/analyses/mfe_fuel_cycle.sysml:258,Entering demand-times-margin rating violated; source applicability separate from capacity adequacy,binding design approved; native integrated review pending
stellarator_09__stellaris__fuel_cycle__processing_containment_installation,design_attribute,1,../../../../active/WI-074_design-choice-inventory-and-evaluation-contract/residual-dispositions.md,unverified-integrated-repair,F77,processor supplied rating / price-source parameter,retained,1,stellarator_09__stellaris__fuel_cycle__processing_cost.containment_installation_in,work/active/WI-077_supplied-fuel-processing-capacity-evaluation/spec.md;models/library/analyses/mfe_fuel_cycle.sysml:258,Entering demand-times-margin rating violated; source applicability separate from capacity adequacy,binding design approved; native integrated review pending
stellarator_09__stellaris__fuel_cycle__processing_distiller_capital,design_attribute,1,../../../../active/WI-074_design-choice-inventory-and-evaluation-contract/residual-dispositions.md,unverified-integrated-repair,F77,processor supplied rating / price-source parameter,retained,1,stellarator_09__stellaris__fuel_cycle__processing_cost.distiller_capital_in,work/active/WI-077_supplied-fuel-processing-capacity-evaluation/spec.md;models/library/analyses/mfe_fuel_cycle.sysml:258,Entering demand-times-margin rating violated; source applicability separate from capacity adequacy,binding design approved; native integrated review pending
stellarator_09__stellaris__fuel_cycle__processing_distiller_cpi,design_attribute,1,../../../../active/WI-074_design-choice-inventory-and-evaluation-contract/residual-dispositions.md,unverified-integrated-repair,F77,processor supplied rating / price-source parameter,retained,1,stellarator_09__stellaris__fuel_cycle__processing_cost.distiller_cpi_in,work/active/WI-077_supplied-fuel-processing-capacity-evaluation/spec.md;models/library/analyses/mfe_fuel_cycle.sysml:258,Entering demand-times-margin rating violated; source applicability separate from capacity adequacy,binding design approved; native integrated review pending
stellarator_09__stellaris__fuel_cycle__processing_distiller_installation,design_attribute,1,../../../../active/WI-074_design-choice-inventory-and-evaluation-contract/residual-dispositions.md,unverified-integrated-repair,F77,processor supplied rating / price-source parameter,retained,1,stellarator_09__stellaris__fuel_cycle__processing_cost.distiller_installation_in,work/active/WI-077_supplied-fuel-processing-capacity-evaluation/spec.md;models/library/analyses/mfe_fuel_cycle.sysml:258,Entering demand-times-margin rating violated; source applicability separate from capacity adequacy,binding design approved; native integrated review pending
stellarator_09__stellaris__fuel_cycle__processing_enabled,design_attribute,1,../../../../active/WI-074_design-choice-inventory-and-evaluation-contract/residual-dispositions.md,unverified-integrated-repair,F77,processor supplied rating / price-source parameter,retained,1,stellarator_09__stellaris__fuel_cycle__processing_cost.enabled_in,work/active/WI-077_supplied-fuel-processing-capacity-evaluation/spec.md;models/library/analyses/mfe_fuel_cycle.sysml:258,Entering demand-times-margin rating violated; source applicability separate from capacity adequacy,binding design approved; native integrated review pending
stellarator_09__stellaris__fuel_cycle__processing_exponent,design_attribute,1,../../../../active/WI-074_design-choice-inventory-and-evaluation-contract/residual-dispositions.md,unverified-integrated-repair,F77,processor supplied rating / price-source parameter,retained,1,stellarator_09__stellaris__fuel_cycle__processing_cost.exponent_in,work/active/WI-077_supplied-fuel-processing-capacity-evaluation/spec.md;models/library/analyses/mfe_fuel_cycle.sysml:258,Entering demand-times-margin rating violated; source applicability separate from capacity adequacy,binding design approved; native integrated review pending
stellarator_09__stellaris__fuel_cycle__processing_price_multiplier,design_attribute,1,../../../../active/WI-074_design-choice-inventory-and-evaluation-contract/residual-dispositions.md,unverified-integrated-repair,F77,processor supplied rating / price-source parameter,retained,1,stellarator_09__stellaris__fuel_cycle__processing_cost.price_multiplier_in,work/active/WI-077_supplied-fuel-processing-capacity-evaluation/spec.md;models/library/analyses/mfe_fuel_cycle.sysml:258,Entering demand-times-margin rating violated; source applicability separate from capacity adequacy,binding design approved; native integrated review pending
stellarator_09__stellaris__fuel_cycle__processing_reference_flow,design_attribute,1,../../../../active/WI-074_design-choice-inventory-and-evaluation-contract/residual-dispositions.md,unverified-integrated-repair,F77,processor supplied rating / price-source parameter,retained,1,stellarator_09__stellaris__fuel_cycle__processing_cost.reference_flow_in,work/active/WI-077_supplied-fuel-processing-capacity-evaluation/spec.md;models/library/analyses/mfe_fuel_cycle.sysml:258,Entering demand-times-margin rating violated; source applicability separate from capacity adequacy,binding design approved; native integrated review pending
stellarator_09__stellaris__fuel_cycle__processing_source_conditions,design_attribute,1,../../../../active/WI-074_design-choice-inventory-and-evaluation-contract/residual-dispositions.md,unverified-integrated-repair,F77,processor supplied rating / price-source parameter,retained,1,stellarator_09__stellaris__fuel_cycle__processing_cost.source_conditions_in,work/active/WI-077_supplied-fuel-processing-capacity-evaluation/spec.md;models/library/analyses/mfe_fuel_cycle.sysml:258,Entering demand-times-margin rating violated; source applicability separate from capacity adequacy,binding design approved; native integrated review pending
stellarator_09__stellaris__fuel_cycle__processing_target_cpi,design_attribute,1,../../../../active/WI-074_design-choice-inventory-and-evaluation-contract/residual-dispositions.md,unverified-integrated-repair,F77,processor supplied rating / price-source parameter,retained,1,stellarator_09__stellaris__fuel_cycle__processing_cost.target_cpi_in,work/active/WI-077_supplied-fuel-processing-capacity-evaluation/spec.md;models/library/analyses/mfe_fuel_cycle.sysml:258,Entering demand-times-margin rating violated; source applicability separate from capacity adequacy,binding design approved; native integrated review pending
stellarator_09__stellaris__fuel_cycle__processing_transfer_capital,design_attribute,1,../../../../active/WI-074_design-choice-inventory-and-evaluation-contract/residual-dispositions.md,unverified-integrated-repair,F77,processor supplied rating / price-source parameter,retained,1,stellarator_09__stellaris__fuel_cycle__processing_cost.transfer_capital_in,work/active/WI-077_supplied-fuel-processing-capacity-evaluation/spec.md;models/library/analyses/mfe_fuel_cycle.sysml:258,Entering demand-times-margin rating violated; source applicability separate from capacity adequacy,binding design approved; native integrated review pending
stellarator_09__stellaris__fuel_cycle__processing_transfer_cpi,design_attribute,1,../../../../active/WI-074_design-choice-inventory-and-evaluation-contract/residual-dispositions.md,unverified-integrated-repair,F77,processor supplied rating / price-source parameter,retained,1,stellarator_09__stellaris__fuel_cycle__processing_cost.transfer_cpi_in,work/active/WI-077_supplied-fuel-processing-capacity-evaluation/spec.md;models/library/analyses/mfe_fuel_cycle.sysml:258,Entering demand-times-margin rating violated; source applicability separate from capacity adequacy,binding design approved; native integrated review pending
stellarator_09__stellaris__fuel_cycle__processing_transfer_installation,design_attribute,1,../../../../active/WI-074_design-choice-inventory-and-evaluation-contract/residual-dispositions.md,unverified-integrated-repair,F77,processor supplied rating / price-source parameter,retained,1,stellarator_09__stellaris__fuel_cycle__processing_cost.transfer_installation_in,work/active/WI-077_supplied-fuel-processing-capacity-evaluation/spec.md;models/library/analyses/mfe_fuel_cycle.sysml:258,Entering demand-times-margin rating violated; source applicability separate from capacity adequacy,binding design approved; native integrated review pending
stellarator_09__stellaris__fuel_cycle__reserve_fraction,design_attribute,1,../../../../active/WI-074_design-choice-inventory-and-evaluation-contract/residual-dispositions.md,compliant-limited,R06,maintained nominal stock policy,retained,1,stellarator_09__stellaris__fuel_cycle__inventory.reserve_fraction_in,models/library/analyses/mfe_fuel_cycle.sysml:94;models/library/structure/mfe_plant_systems.sysml,Explicit stream-times-residence/coverage scenario; no active offered stock/tank evaluation,independently approved limited disposition; implementation-review.md
stellarator_09__stellaris__fuel_cycle__s_per_year,design_attribute,1,../../../../active/WI-074_design-choice-inventory-and-evaluation-contract/residual-dispositions.md,compliant-limited,R07,fuel reaction/throughput/startup requirement,retained,1,stellarator_09__stellaris__fuel_cycle__inventory.s_per_year_in,models/library/analyses/mfe_fuel_cycle.sysml;models/designs/generic_mfe/mfe_plant.sysml,No external initial supply assurance/procurement cost; undefined breeding stays undefined,independently approved limited disposition; implementation-review.md
stellarator_09__stellaris__fuel_cycle__shutdown_duration,design_attribute,1,../../../../active/WI-074_design-choice-inventory-and-evaluation-contract/residual-dispositions.md,compliant-limited,R07,fuel reaction/throughput/startup requirement,retained,1,stellarator_09__stellaris__fuel_cycle__inventory.shutdown_duration_in,models/library/analyses/mfe_fuel_cycle.sysml;models/designs/generic_mfe/mfe_plant.sysml,No external initial supply assurance/procurement cost; undefined breeding stays undefined,independently approved limited disposition; implementation-review.md
stellarator_09__stellaris__fuel_cycle__startup_extension,design_attribute,1,../../../../active/WI-074_design-choice-inventory-and-evaluation-contract/residual-dispositions.md,compliant-limited,R07,fuel reaction/throughput/startup requirement,retained,1,stellarator_09__stellaris__fuel_cycle__inventory.startup_extension_in,models/library/analyses/mfe_fuel_cycle.sysml;models/designs/generic_mfe/mfe_plant.sysml,No external initial supply assurance/procurement cost; undefined breeding stays undefined,independently approved limited disposition; implementation-review.md
stellarator_09__stellaris__fuel_cycle__t_recycle,design_attribute,3,../../../../active/WI-074_design-choice-inventory-and-evaluation-contract/residual-dispositions.md,compliant-limited,R07,fuel reaction/throughput/startup requirement,retained,3,stellarator_09__stellaris__fuel_cycle__inventory.t_recycle_in;stellarator_09__stellaris__fuel_cycle__fuel.t_recycle_in;stellarator_09__stellaris__breeding_adequacy.t_recycle_in,models/library/analyses/mfe_fuel_cycle.sysml;models/designs/generic_mfe/mfe_plant.sysml,No external initial supply assurance/procurement cost; undefined breeding stays undefined,independently approved limited disposition; implementation-review.md
stellarator_09__stellaris__fuel_cycle__tau_blanket,design_attribute,1,../../../../active/WI-074_design-choice-inventory-and-evaluation-contract/residual-dispositions.md,compliant-limited,R06,maintained nominal stock policy,retained,1,stellarator_09__stellaris__fuel_cycle__inventory.tau_blanket_in,models/library/analyses/mfe_fuel_cycle.sysml:94;models/library/structure/mfe_plant_systems.sysml,Explicit stream-times-residence/coverage scenario; no active offered stock/tank evaluation,independently approved limited disposition; implementation-review.md
stellarator_09__stellaris__fuel_cycle__tau_buffer,design_attribute,1,../../../../active/WI-074_design-choice-inventory-and-evaluation-contract/residual-dispositions.md,compliant-limited,R06,maintained nominal stock policy,retained,1,stellarator_09__stellaris__fuel_cycle__inventory.tau_buffer_in,models/library/analyses/mfe_fuel_cycle.sysml:94;models/library/structure/mfe_plant_systems.sysml,Explicit stream-times-residence/coverage scenario; no active offered stock/tank evaluation,independently approved limited disposition; implementation-review.md
stellarator_09__stellaris__fuel_cycle__tau_extract,design_attribute,1,../../../../active/WI-074_design-choice-inventory-and-evaluation-contract/residual-dispositions.md,compliant-limited,R06,maintained nominal stock policy,retained,1,stellarator_09__stellaris__fuel_cycle__inventory.tau_extract_in,models/library/analyses/mfe_fuel_cycle.sysml:94;models/library/structure/mfe_plant_systems.sysml,Explicit stream-times-residence/coverage scenario; no active offered stock/tank evaluation,independently approved limited disposition; implementation-review.md
stellarator_09__stellaris__fuel_cycle__tau_feed,design_attribute,1,../../../../active/WI-074_design-choice-inventory-and-evaluation-contract/residual-dispositions.md,compliant-limited,R06,maintained nominal stock policy,retained,1,stellarator_09__stellaris__fuel_cycle__inventory.tau_feed_in,models/library/analyses/mfe_fuel_cycle.sysml:94;models/library/structure/mfe_plant_systems.sysml,Explicit stream-times-residence/coverage scenario; no active offered stock/tank evaluation,independently approved limited disposition; implementation-review.md
stellarator_09__stellaris__fuel_cycle__tau_process,design_attribute,1,../../../../active/WI-074_design-choice-inventory-and-evaluation-contract/residual-dispositions.md,compliant-limited,R06,maintained nominal stock policy,retained,1,stellarator_09__stellaris__fuel_cycle__inventory.tau_process_in,models/library/analyses/mfe_fuel_cycle.sysml:94;models/library/structure/mfe_plant_systems.sysml,Explicit stream-times-residence/coverage scenario; no active offered stock/tank evaluation,independently approved limited disposition; implementation-review.md
stellarator_09__stellaris__fuel_cycle__tau_reserve,design_attribute,1,../../../../active/WI-074_design-choice-inventory-and-evaluation-contract/residual-dispositions.md,compliant-limited,R06,maintained nominal stock policy,retained,1,stellarator_09__stellaris__fuel_cycle__inventory.tau_reserve_in,models/library/analyses/mfe_fuel_cycle.sysml:94;models/library/structure/mfe_plant_systems.sysml,Explicit stream-times-residence/coverage scenario; no active offered stock/tank evaluation,independently approved limited disposition; implementation-review.md
stellarator_09__stellaris__heat_rejection__circulating_water_pump__efficiency,design_attribute,1,../../../../active/WI-074_design-choice-inventory-and-evaluation-contract/residual-dispositions.md,compliant-limited,R11,specified-state thermal operating closure,retained,1,stellarator_09__stellaris__heat_rejection__cooling_water.eta_pump_in,models/library/analyses/mfe_power_cycle.sysml;models/library/analyses/mfe_matched_steam_cycle.sysml,Required steam/water work and flow; no independently installed equipment rating,independently approved limited disposition; implementation-review.md
stellarator_09__stellaris__heat_rejection__circulating_water_pump__head_m,design_attribute,1,../../../../active/WI-074_design-choice-inventory-and-evaluation-contract/residual-dispositions.md,compliant-limited,R11,specified-state thermal operating closure,retained,1,stellarator_09__stellaris__heat_rejection__cooling_water.head_m_in,models/library/analyses/mfe_power_cycle.sysml;models/library/analyses/mfe_matched_steam_cycle.sysml,Required steam/water work and flow; no independently installed equipment rating,independently approved limited disposition; implementation-review.md
stellarator_09__stellaris__heat_rejection__circulating_water_pump__motor_efficiency,design_attribute,1,../../../../active/WI-074_design-choice-inventory-and-evaluation-contract/residual-dispositions.md,compliant-limited,R11,specified-state thermal operating closure,retained,1,stellarator_09__stellaris__heat_rejection__cooling_water.eta_motor_in,models/library/analyses/mfe_power_cycle.sysml;models/library/analyses/mfe_matched_steam_cycle.sysml,Required steam/water work and flow; no independently installed equipment rating,independently approved limited disposition; implementation-review.md
stellarator_09__stellaris__heat_rejection__cooling_water_enabled,design_attribute,2,../../../../active/WI-074_design-choice-inventory-and-evaluation-contract/residual-dispositions.md,compliant-limited,R11,specified-state thermal operating closure,retained,2,stellarator_09__stellaris__heat_rejection__cooling_water.enabled_in;stellarator_09__stellaris__cooling_water_heat_direction__6719109cbd7ec328.enabled_in,models/library/analyses/mfe_power_cycle.sysml;models/library/analyses/mfe_matched_steam_cycle.sysml,Required steam/water work and flow; no independently installed equipment rating,independently approved limited disposition; implementation-review.md
stellarator_09__stellaris__heat_rejection__cost_per_mw,design_attribute,1,../../../../active/WI-074_design-choice-inventory-and-evaluation-contract/residual-dispositions.md,compliant-disclosed-proxy,R09,demand-matched or hybrid capital/annual cost proxy,retained,1,stellarator_09__stellaris__heat_rejection__heat_rejection_cost.cost_per_mw,models/library/analyses/mfe_account_costs.sysml;models/designs/generic_mfe/mfe_subsystems.sysml;models/designs/generic_mfe/mfe_plant.sysml;exploration/stellarator_e2e/studies/study_route.py:26,Explicit demand-matched cost estimate; independently supplied installed capacity and qualification absent,independently approved limited disposition; implementation-review.md
stellarator_09__stellaris__heat_rejection__water_inlet_C,design_attribute,1,../../../../active/WI-074_design-choice-inventory-and-evaluation-contract/residual-dispositions.md,compliant-limited,R11,specified-state thermal operating closure,retained,1,stellarator_09__stellaris__heat_rejection__cooling_water.water_inlet_C_in,models/library/analyses/mfe_power_cycle.sysml;models/library/analyses/mfe_matched_steam_cycle.sysml,Required steam/water work and flow; no independently installed equipment rating,independently approved limited disposition; implementation-review.md
stellarator_09__stellaris__heat_rejection__water_outlet_C,design_attribute,1,../../../../active/WI-074_design-choice-inventory-and-evaluation-contract/residual-dispositions.md,compliant-limited,R11,specified-state thermal operating closure,retained,1,stellarator_09__stellaris__heat_rejection__cooling_water.water_outlet_C_in,models/library/analyses/mfe_power_cycle.sysml;models/library/analyses/mfe_matched_steam_cycle.sysml,Required steam/water work and flow; no independently installed equipment rating,independently approved limited disposition; implementation-review.md
stellarator_09__stellaris__heat_transport__coolant__alpha,library_default,1,../../../../active/WI-074_design-choice-inventory-and-evaluation-contract/residual-dispositions.md,compliant-disclosed-proxy,R10,legacy/dormant demand-matched allowance,retained,1,stellarator_09__stellaris__heat_transport__coolant.alpha,models/library/analyses/mfe_account_costs.sysml:310;models/library/structure/mfe_plant_systems.sysml;models/designs/generic_mfe/mfe_plant.sysml;exploration/stellarator_e2e/studies/study_route.py:26,Explicit demand-matched cost estimate; independently supplied installed capacity and qualification absent,independently approved limited disposition; implementation-review.md
stellarator_09__stellaris__heat_transport__coolant__p_th_ref,library_default,1,../../../../active/WI-074_design-choice-inventory-and-evaluation-contract/residual-dispositions.md,compliant-disclosed-proxy,R10,legacy/dormant demand-matched allowance,retained,1,stellarator_09__stellaris__heat_transport__coolant.p_th_ref,models/library/analyses/mfe_account_costs.sysml:310;models/library/structure/mfe_plant_systems.sysml;models/designs/generic_mfe/mfe_plant.sysml;exploration/stellarator_e2e/studies/study_route.py:26,Explicit demand-matched cost estimate; independently supplied installed capacity and qualification absent,independently approved limited disposition; implementation-review.md
stellarator_09__stellaris__heat_transport__coolant__ref_net_power,library_default,1,../../../../active/WI-074_design-choice-inventory-and-evaluation-contract/residual-dispositions.md,compliant-disclosed-proxy,R10,legacy/dormant demand-matched allowance,retained,1,stellarator_09__stellaris__heat_transport__coolant.ref_net_power,models/library/analyses/mfe_account_costs.sysml:310;models/library/structure/mfe_plant_systems.sysml;models/designs/generic_mfe/mfe_plant.sysml;exploration/stellarator_e2e/studies/study_route.py:26,Explicit demand-matched cost estimate; independently supplied installed capacity and qualification absent,independently approved limited disposition; implementation-review.md
stellarator_09__stellaris__heat_transport__coolant_intermediate_base,design_attribute,1,../../../../active/WI-074_design-choice-inventory-and-evaluation-contract/residual-dispositions.md,compliant-disclosed-proxy,R10,legacy/dormant demand-matched allowance,retained,1,stellarator_09__stellaris__heat_transport__coolant.intermediate_base,models/library/analyses/mfe_account_costs.sysml:310;models/library/structure/mfe_plant_systems.sysml;models/designs/generic_mfe/mfe_plant.sysml;exploration/stellarator_e2e/studies/study_route.py:26,Explicit demand-matched cost estimate; independently supplied installed capacity and qualification absent,independently approved limited disposition; implementation-review.md
stellarator_09__stellaris__heat_transport__coolant_primary_base,design_attribute,1,../../../../active/WI-074_design-choice-inventory-and-evaluation-contract/residual-dispositions.md,compliant-disclosed-proxy,R10,legacy/dormant demand-matched allowance,retained,1,stellarator_09__stellaris__heat_transport__coolant.primary_base,models/library/analyses/mfe_account_costs.sysml:310;models/library/structure/mfe_plant_systems.sysml;models/designs/generic_mfe/mfe_plant.sysml;exploration/stellarator_e2e/studies/study_route.py:26,Explicit demand-matched cost estimate; independently supplied installed capacity and qualification absent,independently approved limited disposition; implementation-review.md
stellarator_09__stellaris__heat_transport__dp_loop_ref,design_attribute,1,../../../../active/WI-074_design-choice-inventory-and-evaluation-contract/residual-dispositions.md,unverified-integrated-repair,C78,cooling operating / selected design point / procurement / source parameter,retained,1,stellarator_09__stellaris__heat_transport__primary_loop.dp_loop_ref_in,work/orchestration/goals/preserve-model-design-choices/evidence/cooling-binding-plan.md;work/active/WI-078_supplied-cooling-design-point-evaluation/spec.md,Entering operating-point prices/purchased stock violated; off-design machine performance remains unavailable,binding design approved; native integrated review pending
stellarator_09__stellaris__heat_transport__equipment_accessory_mass,design_attribute,1,../../../../active/WI-074_design-choice-inventory-and-evaluation-contract/residual-dispositions.md,unverified-integrated-repair,C78,cooling operating / selected design point / procurement / source parameter,retained,1,stellarator_09__stellaris__heat_transport__equipment.accessory_mass_in,work/orchestration/goals/preserve-model-design-choices/evidence/cooling-binding-plan.md;work/active/WI-078_supplied-cooling-design-point-evaluation/spec.md,Entering operating-point prices/purchased stock violated; off-design machine performance remains unavailable,binding design approved; native integrated review pending
stellarator_09__stellaris__heat_transport__equipment_bundle_life,design_attribute,2,../../../../active/WI-074_design-choice-inventory-and-evaluation-contract/residual-dispositions.md,unverified-integrated-repair,C78,cooling operating / selected design point / procurement / source parameter,retained,2,stellarator_09__stellaris__heat_transport__equipment.bundle_life_in;stellarator_09__stellaris__buildings__layout.cooling_bundle_life_in,work/orchestration/goals/preserve-model-design-choices/evidence/cooling-binding-plan.md;work/active/WI-078_supplied-cooling-design-point-evaluation/spec.md,Entering operating-point prices/purchased stock violated; off-design machine performance remains unavailable,binding design approved; native integrated review pending
stellarator_09__stellaris__heat_transport__equipment_cost_mode,design_attribute,1,../../../../active/WI-074_design-choice-inventory-and-evaluation-contract/residual-dispositions.md,unverified-integrated-repair,C78,cooling operating / selected design point / procurement / source parameter,retained,1,stellarator_09__stellaris__heat_transport__cooling_guard.cost_mode_in,work/orchestration/goals/preserve-model-design-choices/evidence/cooling-binding-plan.md;work/active/WI-078_supplied-cooling-design-point-evaluation/spec.md,Entering operating-point prices/purchased stock violated; off-design machine performance remains unavailable,binding design approved; native integrated review pending
stellarator_09__stellaris__heat_transport__equipment_costscale,design_attribute,1,../../../../active/WI-074_design-choice-inventory-and-evaluation-contract/residual-dispositions.md,unverified-integrated-repair,C78,cooling operating / selected design point / procurement / source parameter,retained,1,stellarator_09__stellaris__heat_transport__equipment.costscale_in,work/orchestration/goals/preserve-model-design-choices/evidence/cooling-binding-plan.md;work/active/WI-078_supplied-cooling-design-point-evaluation/spec.md,Entering operating-point prices/purchased stock violated; off-design machine performance remains unavailable,binding design approved; native integrated review pending
stellarator_09__stellaris__heat_transport__equipment_enabled,design_attribute,2,../../../../active/WI-074_design-choice-inventory-and-evaluation-contract/residual-dispositions.md,unverified-integrated-repair,C78,cooling operating / selected design point / procurement / source parameter,retained,2,stellarator_09__stellaris__heat_transport__cooling_guard.equipment_enabled_in;stellarator_09__stellaris__heat_transport__equipment.enabled_in,work/orchestration/goals/preserve-model-design-choices/evidence/cooling-binding-plan.md;work/active/WI-078_supplied-cooling-design-point-evaluation/spec.md,Entering operating-point prices/purchased stock violated; off-design machine performance remains unavailable,binding design approved; native integrated review pending
stellarator_09__stellaris__heat_transport__equipment_eta_motor,design_attribute,1,../../../../active/WI-074_design-choice-inventory-and-evaluation-contract/residual-dispositions.md,unverified-integrated-repair,C78,cooling operating / selected design point / procurement / source parameter,retained,1,stellarator_09__stellaris__heat_transport__equipment.eta_motor_in,work/orchestration/goals/preserve-model-design-choices/evidence/cooling-binding-plan.md;work/active/WI-078_supplied-cooling-design-point-evaluation/spec.md,Entering operating-point prices/purchased stock violated; off-design machine performance remains unavailable,binding design approved; native integrated review pending
stellarator_09__stellaris__heat_transport__equipment_eta_p,design_attribute,1,../../../../active/WI-074_design-choice-inventory-and-evaluation-contract/residual-dispositions.md,unverified-integrated-repair,C78,cooling operating / selected design point / procurement / source parameter,retained,1,stellarator_09__stellaris__heat_transport__equipment.eta_p_in,work/orchestration/goals/preserve-model-design-choices/evidence/cooling-binding-plan.md;work/active/WI-078_supplied-cooling-design-point-evaluation/spec.md,Entering operating-point prices/purchased stock violated; off-design machine performance remains unavailable,binding design approved; native integrated review pending
stellarator_09__stellaris__heat_transport__equipment_helium_design_shaft_MW,design_attribute,1,../../../../active/WI-074_design-choice-inventory-and-evaluation-contract/residual-dispositions.md,unverified-integrated-repair,C78,cooling operating / selected design point / procurement / source parameter,introduced,0,stellarator_09__stellaris__heat_transport__equipment.helium_design_shaft_MW_in,work/orchestration/goals/preserve-model-design-choices/evidence/cooling-binding-plan.md;work/active/WI-078_supplied-cooling-design-point-evaluation/spec.md,Entering operating-point prices/purchased stock violated; off-design machine performance remains unavailable,binding design approved; native integrated review pending
stellarator_09__stellaris__heat_transport__equipment_helium_design_suction_Pa,design_attribute,1,../../../../active/WI-074_design-choice-inventory-and-evaluation-contract/residual-dispositions.md,unverified-integrated-repair,C78,cooling operating / selected design point / procurement / source parameter,introduced,0,stellarator_09__stellaris__heat_transport__equipment.helium_design_suction_Pa_in,work/orchestration/goals/preserve-model-design-choices/evidence/cooling-binding-plan.md;work/active/WI-078_supplied-cooling-design-point-evaluation/spec.md,Entering operating-point prices/purchased stock violated; off-design machine performance remains unavailable,binding design approved; native integrated review pending
stellarator_09__stellaris__heat_transport__equipment_helium_purchased_mass_kg,design_attribute,1,../../../../active/WI-074_design-choice-inventory-and-evaluation-contract/residual-dispositions.md,unverified-integrated-repair,C78,cooling operating / selected design point / procurement / source parameter,introduced,0,stellarator_09__stellaris__heat_transport__equipment.helium_purchased_mass_kg_in,work/orchestration/goals/preserve-model-design-choices/evidence/cooling-binding-plan.md;work/active/WI-078_supplied-cooling-design-point-evaluation/spec.md,Entering operating-point prices/purchased stock violated; off-design machine performance remains unavailable,binding design approved; native integrated review pending
stellarator_09__stellaris__heat_transport__equipment_inventory_reserve,design_attribute,1,../../../../active/WI-074_design-choice-inventory-and-evaluation-contract/residual-dispositions.md,unverified-integrated-repair,C78,cooling operating / selected design point / procurement / source parameter,retained,1,stellarator_09__stellaris__heat_transport__equipment.inventory_reserve_in,work/orchestration/goals/preserve-model-design-choices/evidence/cooling-binding-plan.md;work/active/WI-078_supplied-cooling-design-point-evaluation/spec.md,Entering operating-point prices/purchased stock violated; off-design machine performance remains unavailable,binding design approved; native integrated review pending
stellarator_09__stellaris__heat_transport__equipment_layout_multiplier,design_attribute,1,../../../../active/WI-074_design-choice-inventory-and-evaluation-contract/residual-dispositions.md,unverified-integrated-repair,C78,cooling operating / selected design point / procurement / source parameter,retained,1,stellarator_09__stellaris__heat_transport__equipment.layout_multiplier_in,work/orchestration/goals/preserve-model-design-choices/evidence/cooling-binding-plan.md;work/active/WI-078_supplied-cooling-design-point-evaluation/spec.md,Entering operating-point prices/purchased stock violated; off-design machine performance remains unavailable,binding design approved; native integrated review pending
stellarator_09__stellaris__heat_transport__equipment_machine_life,design_attribute,2,../../../../active/WI-074_design-choice-inventory-and-evaluation-contract/residual-dispositions.md,unverified-integrated-repair,C78,cooling operating / selected design point / procurement / source parameter,retained,2,stellarator_09__stellaris__heat_transport__equipment.machine_life_in;stellarator_09__stellaris__buildings__layout.cooling_machine_life_in,work/orchestration/goals/preserve-model-design-choices/evidence/cooling-binding-plan.md;work/active/WI-078_supplied-cooling-design-point-evaluation/spec.md,Entering operating-point prices/purchased stock violated; off-design machine performance remains unavailable,binding design approved; native integrated review pending
stellarator_09__stellaris__heat_transport__equipment_makeup_fraction,design_attribute,1,../../../../active/WI-074_design-choice-inventory-and-evaluation-contract/residual-dispositions.md,unverified-integrated-repair,C78,cooling operating / selected design point / procurement / source parameter,retained,1,stellarator_09__stellaris__heat_transport__equipment.makeup_fraction_in,work/orchestration/goals/preserve-model-design-choices/evidence/cooling-binding-plan.md;work/active/WI-078_supplied-cooling-design-point-evaluation/spec.md,Entering operating-point prices/purchased stock violated; off-design machine performance remains unavailable,binding design approved; native integrated review pending
stellarator_09__stellaris__heat_transport__equipment_removal_multiplier,design_attribute,1,../../../../active/WI-074_design-choice-inventory-and-evaluation-contract/residual-dispositions.md,unverified-integrated-repair,C78,cooling operating / selected design point / procurement / source parameter,retained,1,stellarator_09__stellaris__heat_transport__equipment.removal_multiplier_in,work/orchestration/goals/preserve-model-design-choices/evidence/cooling-binding-plan.md;work/active/WI-078_supplied-cooling-design-point-evaluation/spec.md,Entering operating-point prices/purchased stock violated; off-design machine performance remains unavailable,binding design approved; native integrated review pending
stellarator_09__stellaris__heat_transport__equipment_salt_design_eta_motor,design_attribute,1,../../../../active/WI-074_design-choice-inventory-and-evaluation-contract/residual-dispositions.md,unverified-integrated-repair,C78,cooling operating / selected design point / procurement / source parameter,introduced,0,stellarator_09__stellaris__heat_transport__equipment.salt_design_eta_motor_in,work/orchestration/goals/preserve-model-design-choices/evidence/cooling-binding-plan.md;work/active/WI-078_supplied-cooling-design-point-evaluation/spec.md,Entering operating-point prices/purchased stock violated; off-design machine performance remains unavailable,binding design approved; native integrated review pending
stellarator_09__stellaris__heat_transport__equipment_salt_design_eta_p,design_attribute,1,../../../../active/WI-074_design-choice-inventory-and-evaluation-contract/residual-dispositions.md,unverified-integrated-repair,C78,cooling operating / selected design point / procurement / source parameter,introduced,0,stellarator_09__stellaris__heat_transport__equipment.salt_design_eta_p_in,work/orchestration/goals/preserve-model-design-choices/evidence/cooling-binding-plan.md;work/active/WI-078_supplied-cooling-design-point-evaluation/spec.md,Entering operating-point prices/purchased stock violated; off-design machine performance remains unavailable,binding design approved; native integrated review pending
stellarator_09__stellaris__heat_transport__equipment_salt_design_flow_kg_s,design_attribute,1,../../../../active/WI-074_design-choice-inventory-and-evaluation-contract/residual-dispositions.md,unverified-integrated-repair,C78,cooling operating / selected design point / procurement / source parameter,introduced,0,stellarator_09__stellaris__heat_transport__equipment.salt_design_flow_kg_s_in,work/orchestration/goals/preserve-model-design-choices/evidence/cooling-binding-plan.md;work/active/WI-078_supplied-cooling-design-point-evaluation/spec.md,Entering operating-point prices/purchased stock violated; off-design machine performance remains unavailable,binding design approved; native integrated review pending
stellarator_09__stellaris__heat_transport__equipment_salt_design_head_m,design_attribute,1,../../../../active/WI-074_design-choice-inventory-and-evaluation-contract/residual-dispositions.md,unverified-integrated-repair,C78,cooling operating / selected design point / procurement / source parameter,introduced,0,stellarator_09__stellaris__heat_transport__equipment.salt_design_head_m_in,work/orchestration/goals/preserve-model-design-choices/evidence/cooling-binding-plan.md;work/active/WI-078_supplied-cooling-design-point-evaluation/spec.md,Entering operating-point prices/purchased stock violated; off-design machine performance remains unavailable,binding design approved; native integrated review pending
stellarator_09__stellaris__heat_transport__equipment_salt_purchased_mass_kg,design_attribute,1,../../../../active/WI-074_design-choice-inventory-and-evaluation-contract/residual-dispositions.md,unverified-integrated-repair,C78,cooling operating / selected design point / procurement / source parameter,introduced,0,stellarator_09__stellaris__heat_transport__equipment.salt_purchased_mass_kg_in,work/orchestration/goals/preserve-model-design-choices/evidence/cooling-binding-plan.md;work/active/WI-078_supplied-cooling-design-point-evaluation/spec.md,Entering operating-point prices/purchased stock violated; off-design machine performance remains unavailable,binding design approved; native integrated review pending
stellarator_09__stellaris__heat_transport__equipment_saltprice_source_choice,design_attribute,1,../../../../active/WI-074_design-choice-inventory-and-evaluation-contract/residual-dispositions.md,unverified-integrated-repair,C78,cooling operating / selected design point / procurement / source parameter,retained,1,stellarator_09__stellaris__heat_transport__equipment.saltprice_source_choice_in,work/orchestration/goals/preserve-model-design-choices/evidence/cooling-binding-plan.md;work/active/WI-078_supplied-cooling-design-point-evaluation/spec.md,Entering operating-point prices/purchased stock violated; off-design machine performance remains unavailable,binding design approved; native integrated review pending
stellarator_09__stellaris__heat_transport__equipment_secondary_head,design_attribute,1,../../../../active/WI-074_design-choice-inventory-and-evaluation-contract/residual-dispositions.md,unverified-integrated-repair,C78,cooling operating / selected design point / procurement / source parameter,retained,1,stellarator_09__stellaris__heat_transport__equipment.secondary_head_in,work/orchestration/goals/preserve-model-design-choices/evidence/cooling-binding-plan.md;work/active/WI-078_supplied-cooling-design-point-evaluation/spec.md,Entering operating-point prices/purchased stock violated; off-design machine performance remains unavailable,binding design approved; native integrated review pending
stellarator_09__stellaris__heat_transport__equipment_shell_wall,design_attribute,1,../../../../active/WI-074_design-choice-inventory-and-evaluation-contract/residual-dispositions.md,unverified-integrated-repair,C78,cooling operating / selected design point / procurement / source parameter,retained,1,stellarator_09__stellaris__heat_transport__equipment.shell_wall_in,work/orchestration/goals/preserve-model-design-choices/evidence/cooling-binding-plan.md;work/active/WI-078_supplied-cooling-design-point-evaluation/spec.md,Entering operating-point prices/purchased stock violated; off-design machine performance remains unavailable,binding design approved; native integrated review pending
stellarator_09__stellaris__heat_transport__equipment_stainless_fabrication_usd2017_per_kg,design_attribute,1,../../../../active/WI-074_design-choice-inventory-and-evaluation-contract/residual-dispositions.md,unverified-integrated-repair,C78,cooling operating / selected design point / procurement / source parameter,retained,1,stellarator_09__stellaris__heat_transport__equipment.stainless_fabrication_usd2017_per_kg_in,work/orchestration/goals/preserve-model-design-choices/evidence/cooling-binding-plan.md;work/active/WI-078_supplied-cooling-design-point-evaluation/spec.md,Entering operating-point prices/purchased stock violated; off-design machine performance remains unavailable,binding design approved; native integrated review pending
stellarator_09__stellaris__heat_transport__equipment_tube_wall,design_attribute,1,../../../../active/WI-074_design-choice-inventory-and-evaluation-contract/residual-dispositions.md,unverified-integrated-repair,C78,cooling operating / selected design point / procurement / source parameter,retained,1,stellarator_09__stellaris__heat_transport__equipment.tube_wall_in,work/orchestration/goals/preserve-model-design-choices/evidence/cooling-binding-plan.md;work/active/WI-078_supplied-cooling-design-point-evaluation/spec.md,Entering operating-point prices/purchased stock violated; off-design machine performance remains unavailable,binding design approved; native integrated review pending
stellarator_09__stellaris__heat_transport__eta_drive,design_attribute,1,../../../../active/WI-074_design-choice-inventory-and-evaluation-contract/residual-dispositions.md,unverified-integrated-repair,C78,cooling operating / selected design point / procurement / source parameter,retained,1,stellarator_09__stellaris__heat_transport__primary_loop.eta_drive_in,work/orchestration/goals/preserve-model-design-choices/evidence/cooling-binding-plan.md;work/active/WI-078_supplied-cooling-design-point-evaluation/spec.md,Entering operating-point prices/purchased stock violated; off-design machine performance remains unavailable,binding design approved; native integrated review pending
stellarator_09__stellaris__heat_transport__eta_is,design_attribute,1,../../../../active/WI-074_design-choice-inventory-and-evaluation-contract/residual-dispositions.md,unverified-integrated-repair,C78,cooling operating / selected design point / procurement / source parameter,retained,1,stellarator_09__stellaris__heat_transport__primary_loop.eta_is_in,work/orchestration/goals/preserve-model-design-choices/evidence/cooling-binding-plan.md;work/active/WI-078_supplied-cooling-design-point-evaluation/spec.md,Entering operating-point prices/purchased stock violated; off-design machine performance remains unavailable,binding design approved; native integrated review pending
stellarator_09__stellaris__heat_transport__eta_p_direct,design_attribute,1,../../../../active/WI-074_design-choice-inventory-and-evaluation-contract/residual-dispositions.md,unverified-integrated-repair,C78,cooling operating / selected design point / procurement / source parameter,retained,1,stellarator_09__stellaris__heat_transport__primary_loop.eta_p_direct_in,work/orchestration/goals/preserve-model-design-choices/evidence/cooling-binding-plan.md;work/active/WI-078_supplied-cooling-design-point-evaluation/spec.md,Entering operating-point prices/purchased stock violated; off-design machine performance remains unavailable,binding design approved; native integrated review pending
stellarator_09__stellaris__heat_transport__f_loss,design_attribute,1,../../../../active/WI-074_design-choice-inventory-and-evaluation-contract/residual-dispositions.md,unverified-integrated-repair,C78,cooling operating / selected design point / procurement / source parameter,retained,1,stellarator_09__stellaris__heat_transport__primary_loop.f_loss_in,work/orchestration/goals/preserve-model-design-choices/evidence/cooling-binding-plan.md;work/active/WI-078_supplied-cooling-design-point-evaluation/spec.md,Entering operating-point prices/purchased stock violated; off-design machine performance remains unavailable,binding design approved; native integrated review pending
stellarator_09__stellaris__heat_transport__loop_T_in,design_attribute,1,../../../../active/WI-074_design-choice-inventory-and-evaluation-contract/residual-dispositions.md,unverified-integrated-repair,C78,cooling operating / selected design point / procurement / source parameter,retained,1,stellarator_09__stellaris__heat_transport__primary_loop.T_in_in,work/orchestration/goals/preserve-model-design-choices/evidence/cooling-binding-plan.md;work/active/WI-078_supplied-cooling-design-point-evaluation/spec.md,Entering operating-point prices/purchased stock violated; off-design machine performance remains unavailable,binding design approved; native integrated review pending
stellarator_09__stellaris__heat_transport__loop_cp,design_attribute,2,../../../../active/WI-074_design-choice-inventory-and-evaluation-contract/residual-dispositions.md,unverified-integrated-repair,C78,cooling operating / selected design point / procurement / source parameter,retained,2,stellarator_09__stellaris__heat_transport__primary_loop.cp_in;stellarator_09__stellaris__heat_transport__equipment.helium_cp_in,work/orchestration/goals/preserve-model-design-choices/evidence/cooling-binding-plan.md;work/active/WI-078_supplied-cooling-design-point-evaluation/spec.md,Entering operating-point prices/purchased stock violated; off-design machine performance remains unavailable,binding design approved; native integrated review pending
stellarator_09__stellaris__heat_transport__loop_dT_blanket,design_attribute,1,../../../../active/WI-074_design-choice-inventory-and-evaluation-contract/residual-dispositions.md,unverified-integrated-repair,C78,cooling operating / selected design point / procurement / source parameter,retained,1,stellarator_09__stellaris__heat_transport__primary_loop.dT_blanket_in,work/orchestration/goals/preserve-model-design-choices/evidence/cooling-binding-plan.md;work/active/WI-078_supplied-cooling-design-point-evaluation/spec.md,Entering operating-point prices/purchased stock violated; off-design machine performance remains unavailable,binding design approved; native integrated review pending
stellarator_09__stellaris__heat_transport__loop_gamma,design_attribute,2,../../../../active/WI-074_design-choice-inventory-and-evaluation-contract/residual-dispositions.md,unverified-integrated-repair,C78,cooling operating / selected design point / procurement / source parameter,retained,2,stellarator_09__stellaris__heat_transport__primary_loop.gamma_in;stellarator_09__stellaris__heat_transport__equipment.helium_gamma_in,work/orchestration/goals/preserve-model-design-choices/evidence/cooling-binding-plan.md;work/active/WI-078_supplied-cooling-design-point-evaluation/spec.md,Entering operating-point prices/purchased stock violated; off-design machine performance remains unavailable,binding design approved; native integrated review pending
stellarator_09__stellaris__heat_transport__loop_live,design_attribute,1,../../../../active/WI-074_design-choice-inventory-and-evaluation-contract/residual-dispositions.md,unverified-integrated-repair,C78,cooling operating / selected design point / procurement / source parameter,retained,1,stellarator_09__stellaris__heat_transport__primary_loop.loop_live_in,work/orchestration/goals/preserve-model-design-choices/evidence/cooling-binding-plan.md;work/active/WI-078_supplied-cooling-design-point-evaluation/spec.md,Entering operating-point prices/purchased stock violated; off-design machine performance remains unavailable,binding design approved; native integrated review pending
stellarator_09__stellaris__heat_transport__loop_p,design_attribute,2,../../../../active/WI-074_design-choice-inventory-and-evaluation-contract/residual-dispositions.md,unverified-integrated-repair,C78,cooling operating / selected design point / procurement / source parameter,retained,2,stellarator_09__stellaris__heat_transport__primary_loop.p_loop_in;stellarator_09__stellaris__heat_transport__equipment.helium_discharge_Pa_in,work/orchestration/goals/preserve-model-design-choices/evidence/cooling-binding-plan.md;work/active/WI-078_supplied-cooling-design-point-evaluation/spec.md,Entering operating-point prices/purchased stock violated; off-design machine performance remains unavailable,binding design approved; native integrated review pending
stellarator_09__stellaris__heat_transport__mdot_loop_rated,design_attribute,2,../../../../active/WI-074_design-choice-inventory-and-evaluation-contract/residual-dispositions.md,unverified-integrated-repair,C78,cooling operating / selected design point / procurement / source parameter,introduced,0,stellarator_09__stellaris__heat_transport__primary_loop.mdot_loop_rated_in;stellarator_09__stellaris__loop_capacity_ok__d77f6027ceb27852.mdot_loop_rated_in,work/orchestration/goals/preserve-model-design-choices/evidence/cooling-binding-plan.md;work/active/WI-078_supplied-cooling-design-point-evaluation/spec.md,Entering operating-point prices/purchased stock violated; off-design machine performance remains unavailable,binding design approved; native integrated review pending
stellarator_09__stellaris__heat_transport__mdot_loop_ref,design_attribute,1,../../../../active/WI-074_design-choice-inventory-and-evaluation-contract/residual-dispositions.md,unverified-integrated-repair,C78,cooling operating / selected design point / procurement / source parameter,retained,2,stellarator_09__stellaris__heat_transport__primary_loop.mdot_loop_ref_in,work/orchestration/goals/preserve-model-design-choices/evidence/cooling-binding-plan.md;work/active/WI-078_supplied-cooling-design-point-evaluation/spec.md,Entering operating-point prices/purchased stock violated; off-design machine performance remains unavailable,binding design approved; native integrated review pending
stellarator_09__stellaris__heat_transport__n_loops,design_attribute,3,../../../../active/WI-074_design-choice-inventory-and-evaluation-contract/residual-dispositions.md,unverified-integrated-repair,C78,cooling operating / selected design point / procurement / source parameter,retained,3,stellarator_09__stellaris__heat_transport__primary_loop.n_loops_in;stellarator_09__stellaris__heat_transport__equipment.n_loops_in;stellarator_09__stellaris__buildings__layout.cooling_circuits_in,work/orchestration/goals/preserve-model-design-choices/evidence/cooling-binding-plan.md;work/active/WI-078_supplied-cooling-design-point-evaluation/spec.md,Entering operating-point prices/purchased stock violated; off-design machine performance remains unavailable,binding design approved; native integrated review pending
stellarator_09__stellaris__heat_transport__p_pump_direct,design_attribute,1,../../../../active/WI-074_design-choice-inventory-and-evaluation-contract/residual-dispositions.md,unverified-integrated-repair,C78,cooling operating / selected design point / procurement / source parameter,retained,1,stellarator_09__stellaris__heat_transport__primary_loop.p_pump_direct_in,work/orchestration/goals/preserve-model-design-choices/evidence/cooling-binding-plan.md;work/active/WI-078_supplied-cooling-design-point-evaluation/spec.md,Entering operating-point prices/purchased stock violated; off-design machine performance remains unavailable,binding design approved; native integrated review pending
stellarator_09__stellaris__heat_transport__salt_cp_kJ_kgK,design_attribute,1,../../../../active/WI-074_design-choice-inventory-and-evaluation-contract/residual-dispositions.md,unverified-integrated-repair,C78,cooling operating / selected design point / procurement / source parameter,retained,1,stellarator_09__stellaris__turbine__matched_cycle.salt_cp_kJ_kgK_in,work/orchestration/goals/preserve-model-design-choices/evidence/cooling-binding-plan.md;work/active/WI-078_supplied-cooling-design-point-evaluation/spec.md,Entering operating-point prices/purchased stock violated; off-design machine performance remains unavailable,binding design approved; native integrated review pending
stellarator_09__stellaris__heat_transport__salt_hot_C,design_attribute,1,../../../../active/WI-074_design-choice-inventory-and-evaluation-contract/residual-dispositions.md,unverified-integrated-repair,C78,cooling operating / selected design point / procurement / source parameter,retained,1,stellarator_09__stellaris__turbine__matched_cycle.salt_hot_C_in,work/orchestration/goals/preserve-model-design-choices/evidence/cooling-binding-plan.md;work/active/WI-078_supplied-cooling-design-point-evaluation/spec.md,Entering operating-point prices/purchased stock violated; off-design machine performance remains unavailable,binding design approved; native integrated review pending
stellarator_09__stellaris__heat_transport__secondary_energy_mode,design_attribute,1,../../../../active/WI-074_design-choice-inventory-and-evaluation-contract/residual-dispositions.md,unverified-integrated-repair,C78,cooling operating / selected design point / procurement / source parameter,retained,1,stellarator_09__stellaris__heat_transport__cooling_guard.energy_mode_in,work/orchestration/goals/preserve-model-design-choices/evidence/cooling-binding-plan.md;work/active/WI-078_supplied-cooling-design-point-evaluation/spec.md,Entering operating-point prices/purchased stock violated; off-design machine performance remains unavailable,binding design approved; native integrated review pending
stellarator_09__stellaris__heating__eta_couple_heat,design_attribute,4,../../../../active/WI-074_design-choice-inventory-and-evaluation-contract/residual-dispositions.md,compliant-limited,R13,chosen installed heating / efficiency / price,retained,4,stellarator_09__stellaris__heating__heat.eta_couple;stellarator_09__stellaris__operating_heat.eta_couple_in;stellarator_09__stellaris__heating_couple_positive_ok__697e87be76f504b7.efficiency;stellarator_09__stellaris__heating_couple_upper_ok__6cc9307cc149d650.efficiency,models/library/analyses/mfe_heating_chain.sysml;models/library/cost_structure/mfe_power_core.sysml,Stellarator zero-direct-term contract; generic direct-power consistency unverified,independently approved limited disposition; implementation-review.md
stellarator_09__stellaris__heating__eta_source_heat,design_attribute,4,../../../../active/WI-074_design-choice-inventory-and-evaluation-contract/residual-dispositions.md,compliant-limited,R13,chosen installed heating / efficiency / price,retained,4,stellarator_09__stellaris__heating__heat.eta_source;stellarator_09__stellaris__operating_heat.eta_source_in;stellarator_09__stellaris__heating_source_upper_ok__14ddae450a8eda6f.efficiency;stellarator_09__stellaris__heating_source_positive_ok__1e184791591370e5.efficiency,models/library/analyses/mfe_heating_chain.sysml;models/library/cost_structure/mfe_power_core.sysml,Stellarator zero-direct-term contract; generic direct-power consistency unverified,independently approved limited disposition; implementation-review.md
stellarator_09__stellaris__heating__heating_ecrh_per_mw,design_attribute,1,../../../../active/WI-074_design-choice-inventory-and-evaluation-contract/residual-dispositions.md,compliant-limited,R13,chosen installed heating / efficiency / price,retained,1,stellarator_09__stellaris__heating__heating_cost.ecrh_per_mw,models/library/analyses/mfe_heating_chain.sysml;models/library/cost_structure/mfe_power_core.sysml,Stellarator zero-direct-term contract; generic direct-power consistency unverified,independently approved limited disposition; implementation-review.md
stellarator_09__stellaris__heating__heating_icrf_per_mw,design_attribute,1,../../../../active/WI-074_design-choice-inventory-and-evaluation-contract/residual-dispositions.md,compliant-limited,R13,chosen installed heating / efficiency / price,retained,1,stellarator_09__stellaris__heating__heating_cost.icrf_per_mw,models/library/analyses/mfe_heating_chain.sysml;models/library/cost_structure/mfe_power_core.sysml,Stellarator zero-direct-term contract; generic direct-power consistency unverified,independently approved limited disposition; implementation-review.md
stellarator_09__stellaris__heating__heating_lhcd_per_mw,design_attribute,1,../../../../active/WI-074_design-choice-inventory-and-evaluation-contract/residual-dispositions.md,compliant-limited,R13,chosen installed heating / efficiency / price,retained,1,stellarator_09__stellaris__heating__heating_cost.lhcd_per_mw,models/library/analyses/mfe_heating_chain.sysml;models/library/cost_structure/mfe_power_core.sysml,Stellarator zero-direct-term contract; generic direct-power consistency unverified,independently approved limited disposition; implementation-review.md
stellarator_09__stellaris__heating__heating_nbi_per_mw,design_attribute,1,../../../../active/WI-074_design-choice-inventory-and-evaluation-contract/residual-dispositions.md,compliant-limited,R13,chosen installed heating / efficiency / price,retained,1,stellarator_09__stellaris__heating__heating_cost.nbi_per_mw,models/library/analyses/mfe_heating_chain.sysml;models/library/cost_structure/mfe_power_core.sysml,Stellarator zero-direct-term contract; generic direct-power consistency unverified,independently approved limited disposition; implementation-review.md
stellarator_09__stellaris__heating__p_coupled_direct_heat,design_attribute,1,../../../../active/WI-074_design-choice-inventory-and-evaluation-contract/residual-dispositions.md,compliant-limited,R13,chosen installed heating / efficiency / price,retained,1,stellarator_09__stellaris__heating__heat.p_coupled_direct,models/library/analyses/mfe_heating_chain.sysml;models/library/cost_structure/mfe_power_core.sysml,Stellarator zero-direct-term contract; generic direct-power consistency unverified,independently approved limited disposition; implementation-review.md
stellarator_09__stellaris__heating__p_delivered_direct_heat,design_attribute,1,../../../../active/WI-074_design-choice-inventory-and-evaluation-contract/residual-dispositions.md,compliant-limited,R13,chosen installed heating / efficiency / price,retained,1,stellarator_09__stellaris__heating__heat.p_delivered_direct,models/library/analyses/mfe_heating_chain.sysml;models/library/cost_structure/mfe_power_core.sysml,Stellarator zero-direct-term contract; generic direct-power consistency unverified,independently approved limited disposition; implementation-review.md
stellarator_09__stellaris__heating__p_icrf,design_attribute,1,../../../../active/WI-074_design-choice-inventory-and-evaluation-contract/residual-dispositions.md,compliant-limited,R13,chosen installed heating / efficiency / price,retained,1,stellarator_09__stellaris__heating__heating_cost.p_icrf_in,models/library/analyses/mfe_heating_chain.sysml;models/library/cost_structure/mfe_power_core.sysml,Stellarator zero-direct-term contract; generic direct-power consistency unverified,independently approved limited disposition; implementation-review.md
stellarator_09__stellaris__heating__p_lhcd,design_attribute,1,../../../../active/WI-074_design-choice-inventory-and-evaluation-contract/residual-dispositions.md,compliant-limited,R13,chosen installed heating / efficiency / price,retained,1,stellarator_09__stellaris__heating__heating_cost.p_lhcd_in,models/library/analyses/mfe_heating_chain.sysml;models/library/cost_structure/mfe_power_core.sysml,Stellarator zero-direct-term contract; generic direct-power consistency unverified,independently approved limited disposition; implementation-review.md
stellarator_09__stellaris__heating__p_nbi,design_attribute,1,../../../../active/WI-074_design-choice-inventory-and-evaluation-contract/residual-dispositions.md,compliant-limited,R13,chosen installed heating / efficiency / price,retained,1,stellarator_09__stellaris__heating__heating_cost.p_nbi_in,models/library/analyses/mfe_heating_chain.sysml;models/library/cost_structure/mfe_power_core.sysml,Stellarator zero-direct-term contract; generic direct-power consistency unverified,independently approved limited disposition; implementation-review.md
stellarator_09__stellaris__heating__p_wallplug_heat,design_attribute,1,../../../../active/WI-074_design-choice-inventory-and-evaluation-contract/residual-dispositions.md,compliant-limited,R13,chosen installed heating / efficiency / price,retained,1,stellarator_09__stellaris__heating__heat.p_wallplug,models/library/analyses/mfe_heating_chain.sysml;models/library/cost_structure/mfe_power_core.sysml,Stellarator zero-direct-term contract; generic direct-power consistency unverified,independently approved limited disposition; implementation-review.md
stellarator_09__stellaris__inc_base,design_attribute,1,../../../../active/WI-074_design-choice-inventory-and-evaluation-contract/residual-dispositions.md,compliant-disclosed-proxy,R09,demand-matched or hybrid capital/annual cost proxy,retained,1,stellarator_09__stellaris__inc_cost.base,models/library/analyses/mfe_account_costs.sysml;models/designs/generic_mfe/mfe_subsystems.sysml;models/designs/generic_mfe/mfe_plant.sysml;exploration/stellarator_e2e/studies/study_route.py:26,Explicit demand-matched cost estimate; independently supplied installed capacity and qualification absent,independently approved limited disposition; implementation-review.md
stellarator_09__stellaris__inc_cost__alpha,usage_literal,1,../../../../active/WI-074_design-choice-inventory-and-evaluation-contract/residual-dispositions.md,compliant-disclosed-proxy,R09,demand-matched or hybrid capital/annual cost proxy,retained,1,stellarator_09__stellaris__inc_cost.alpha,models/library/analyses/mfe_account_costs.sysml;models/designs/generic_mfe/mfe_subsystems.sysml;models/designs/generic_mfe/mfe_plant.sysml;exploration/stellarator_e2e/studies/study_route.py:26,Explicit demand-matched cost estimate; independently supplied installed capacity and qualification absent,independently approved limited disposition; implementation-review.md
stellarator_09__stellaris__inc_cost__ref_power,usage_literal,1,../../../../active/WI-074_design-choice-inventory-and-evaluation-contract/residual-dispositions.md,compliant-disclosed-proxy,R09,demand-matched or hybrid capital/annual cost proxy,retained,1,stellarator_09__stellaris__inc_cost.ref_power,models/library/analyses/mfe_account_costs.sysml;models/designs/generic_mfe/mfe_subsystems.sysml;models/designs/generic_mfe/mfe_plant.sysml;exploration/stellarator_e2e/studies/study_route.py:26,Explicit demand-matched cost estimate; independently supplied installed capacity and qualification absent,independently approved limited disposition; implementation-review.md
stellarator_09__stellaris__indirect__reference_construction_time,library_default,1,../../../../active/WI-074_design-choice-inventory-and-evaluation-contract/residual-dispositions.md,compliant-limited,R14,financial/accounting policy or scalar allowance,retained,1,stellarator_09__stellaris__indirect.reference_construction_time,models/library/analyses/mfe_account_costs.sysml;models/library/analyses/mfe_lcoe_dcf.sysml;models/designs/generic_mfe/mfe_plant.sysml,Accounting identity/policy only; power-scaled account portion classified separately,independently approved limited disposition; implementation-review.md
stellarator_09__stellaris__indirect_fraction,design_attribute,1,../../../../active/WI-074_design-choice-inventory-and-evaluation-contract/residual-dispositions.md,compliant-limited,R14,financial/accounting policy or scalar allowance,retained,1,stellarator_09__stellaris__indirect.indirect_fraction_in,models/library/analyses/mfe_account_costs.sysml;models/library/analyses/mfe_lcoe_dcf.sysml;models/designs/generic_mfe/mfe_plant.sysml,Accounting identity/policy only; power-scaled account portion classified separately,independently approved limited disposition; implementation-review.md
stellarator_09__stellaris__inflation_rate,design_attribute,2,../../../../active/WI-074_design-choice-inventory-and-evaluation-contract/residual-dispositions.md,compliant-limited,R14,financial/accounting policy or scalar allowance,retained,2,stellarator_09__stellaris__cas71_calc.inflation_rate_in;stellarator_09__stellaris__cas80_calc.inflation_rate_in,models/library/analyses/mfe_account_costs.sysml;models/library/analyses/mfe_lcoe_dcf.sysml;models/designs/generic_mfe/mfe_plant.sysml,Accounting identity/policy only; power-scaled account portion classified separately,independently approved limited disposition; implementation-review.md
stellarator_09__stellaris__installation_frac,design_attribute,1,../../../../active/WI-074_design-choice-inventory-and-evaluation-contract/residual-dispositions.md,compliant-limited,R14,financial/accounting policy or scalar allowance,retained,1,stellarator_09__stellaris__installation.installation_frac_in,models/library/analyses/mfe_account_costs.sysml;models/library/analyses/mfe_lcoe_dcf.sysml;models/designs/generic_mfe/mfe_plant.sysml,Accounting identity/policy only; power-scaled account portion classified separately,independently approved limited disposition; implementation-review.md
stellarator_09__stellaris__magnet__c_support,design_attribute,0,../../../../active/WI-074_design-choice-inventory-and-evaluation-contract/residual-dispositions.md,retired-entering-interface,M75,magnet supplied design / operating / price / domain parameter,retired,1,,work/orchestration/goals/preserve-model-design-choices/evidence/magnet-binding-plan.md;work/active/WI-075_supplied-magnet-design-evaluation/spec.md,Entering mandatory pack/turn/mass choices violated; approved repair requires native independent acceptance; no current parameter/consumer; reject old key in new package,binding design approved; native integrated review pending
stellarator_09__stellaris__magnet__casing__W_mag_ref,design_attribute,1,../../../../active/WI-074_design-choice-inventory-and-evaluation-contract/residual-dispositions.md,unverified-integrated-repair,M75,magnet supplied design / operating / price / domain parameter,retained,2,stellarator_09__stellaris__magnet__stored_energy.W_mag_ref,work/orchestration/goals/preserve-model-design-choices/evidence/magnet-binding-plan.md;work/active/WI-075_supplied-magnet-design-evaluation/spec.md,Entering mandatory pack/turn/mass choices violated; approved repair requires native independent acceptance,binding design approved; native integrated review pending
stellarator_09__stellaris__magnet__casing__assembly_clearance,design_attribute,1,../../../../active/WI-074_design-choice-inventory-and-evaluation-contract/residual-dispositions.md,unverified-integrated-repair,M75,magnet supplied design / operating / price / domain parameter,retained,1,stellarator_09__stellaris__magnet__wp_fit.assembly_clearance,work/orchestration/goals/preserve-model-design-choices/evidence/magnet-binding-plan.md;work/active/WI-075_supplied-magnet-design-evaluation/spec.md,Entering mandatory pack/turn/mass choices violated; approved repair requires native independent acceptance,binding design approved; native integrated review pending
stellarator_09__stellaris__magnet__casing__f_steel_fab,design_attribute,1,../../../../active/WI-074_design-choice-inventory-and-evaluation-contract/residual-dispositions.md,unverified-integrated-repair,M75,magnet supplied design / operating / price / domain parameter,retained,1,stellarator_09__stellaris__magnet__magnet_structure_cost.f_steel_fab,work/orchestration/goals/preserve-model-design-choices/evidence/magnet-binding-plan.md;work/active/WI-075_supplied-magnet-design-evaluation/spec.md,Entering mandatory pack/turn/mass choices violated; approved repair requires native independent acceptance,binding design approved; native integrated review pending
stellarator_09__stellaris__magnet__casing__interior_y,design_attribute,1,../../../../active/WI-074_design-choice-inventory-and-evaluation-contract/residual-dispositions.md,unverified-integrated-repair,M75,magnet supplied design / operating / price / domain parameter,retained,1,stellarator_09__stellaris__magnet__wp_fit.interior_y,work/orchestration/goals/preserve-model-design-choices/evidence/magnet-binding-plan.md;work/active/WI-075_supplied-magnet-design-evaluation/spec.md,Entering mandatory pack/turn/mass choices violated; approved repair requires native independent acceptance,binding design approved; native integrated review pending
stellarator_09__stellaris__magnet__casing__m_casing,design_attribute,1,../../../../active/WI-074_design-choice-inventory-and-evaluation-contract/residual-dispositions.md,unverified-integrated-repair,M75,magnet supplied design / operating / price / domain parameter,introduced,0,stellarator_09__stellaris__magnet__magnet_structure_cost.m_casing,work/orchestration/goals/preserve-model-design-choices/evidence/magnet-binding-plan.md;work/active/WI-075_supplied-magnet-design-evaluation/spec.md,Entering mandatory pack/turn/mass choices violated; approved repair requires native independent acceptance,binding design approved; native integrated review pending
stellarator_09__stellaris__magnet__casing__m_casing_ref,design_attribute,0,../../../../active/WI-074_design-choice-inventory-and-evaluation-contract/residual-dispositions.md,retired-entering-interface,M75,magnet supplied design / operating / price / domain parameter,retired,1,,work/orchestration/goals/preserve-model-design-choices/evidence/magnet-binding-plan.md;work/active/WI-075_supplied-magnet-design-evaluation/spec.md,Entering mandatory pack/turn/mass choices violated; approved repair requires native independent acceptance; no current parameter/consumer; reject old key in new package,binding design approved; native integrated review pending
stellarator_09__stellaris__magnet__casing__sigma_allow,design_attribute,1,../../../../active/WI-074_design-choice-inventory-and-evaluation-contract/residual-dispositions.md,unverified-integrated-repair,M75,magnet supplied design / operating / price / domain parameter,retained,1,stellarator_09__stellaris__wp_stress_ok__f38a102195da1dd0.sigma_allow_in,work/orchestration/goals/preserve-model-design-choices/evidence/magnet-binding-plan.md;work/active/WI-075_supplied-magnet-design-evaluation/spec.md,Entering mandatory pack/turn/mass choices violated; approved repair requires native independent acceptance,binding design approved; native integrated review pending
stellarator_09__stellaris__magnet__casing__steel_price,design_attribute,1,../../../../active/WI-074_design-choice-inventory-and-evaluation-contract/residual-dispositions.md,unverified-integrated-repair,M75,magnet supplied design / operating / price / domain parameter,retained,1,stellarator_09__stellaris__magnet__magnet_structure_cost.steel_price,work/orchestration/goals/preserve-model-design-choices/evidence/magnet-binding-plan.md;work/active/WI-075_supplied-magnet-design-evaluation/spec.md,Entering mandatory pack/turn/mass choices violated; approved repair requires native independent acceptance,binding design approved; native integrated review pending
stellarator_09__stellaris__magnet__casing__wall_thickness,design_attribute,1,../../../../active/WI-074_design-choice-inventory-and-evaluation-contract/residual-dispositions.md,unverified-integrated-repair,M75,magnet supplied design / operating / price / domain parameter,retained,1,stellarator_09__stellaris__magnet__wp_fit.wall_thickness,work/orchestration/goals/preserve-model-design-choices/evidence/magnet-binding-plan.md;work/active/WI-075_supplied-magnet-design-evaluation/spec.md,Entering mandatory pack/turn/mass choices violated; approved repair requires native independent acceptance,binding design approved; native integrated review pending
stellarator_09__stellaris__magnet__coil__G,design_attribute,1,../../../../active/WI-074_design-choice-inventory-and-evaluation-contract/residual-dispositions.md,unverified-integrated-repair,M75,magnet supplied design / operating / price / domain parameter,retained,1,stellarator_09__stellaris__magnet__magnet_cost.G,work/orchestration/goals/preserve-model-design-choices/evidence/magnet-binding-plan.md;work/active/WI-075_supplied-magnet-design-evaluation/spec.md,Entering mandatory pack/turn/mass choices violated; approved repair requires native independent acceptance,binding design approved; native integrated review pending
stellarator_09__stellaris__magnet__coil__I_coil,design_attribute,0,../../../../active/WI-074_design-choice-inventory-and-evaluation-contract/residual-dispositions.md,retired-entering-interface,M75,magnet supplied design / operating / price / domain parameter,retired,7,,work/orchestration/goals/preserve-model-design-choices/evidence/magnet-binding-plan.md;work/active/WI-075_supplied-magnet-design-evaluation/spec.md,Entering mandatory pack/turn/mass choices violated; approved repair requires native independent acceptance; no current parameter/consumer; reject old key in new package,binding design approved; native integrated review pending
stellarator_09__stellaris__magnet__coil__I_ref,design_attribute,1,../../../../active/WI-074_design-choice-inventory-and-evaluation-contract/residual-dispositions.md,unverified-integrated-repair,M75,magnet supplied design / operating / price / domain parameter,retained,1,stellarator_09__stellaris__magnet__stored_energy.I_ref,work/orchestration/goals/preserve-model-design-choices/evidence/magnet-binding-plan.md;work/active/WI-075_supplied-magnet-design-evaluation/spec.md,Entering mandatory pack/turn/mass choices violated; approved repair requires native independent acceptance,binding design approved; native integrated review pending
stellarator_09__stellaris__magnet__coil__R_ref,design_attribute,2,../../../../active/WI-074_design-choice-inventory-and-evaluation-contract/residual-dispositions.md,unverified-integrated-repair,M75,magnet supplied design / operating / price / domain parameter,retained,2,stellarator_09__stellaris__magnet__stored_energy.R_ref;stellarator_09__stellaris__magnet__peak_field_calc.R_ref_in,work/orchestration/goals/preserve-model-design-choices/evidence/magnet-binding-plan.md;work/active/WI-075_supplied-magnet-design-evaluation/spec.md,Entering mandatory pack/turn/mass choices violated; approved repair requires native independent acceptance,binding design approved; native integrated review pending
stellarator_09__stellaris__magnet__coil__a_coil_ref,design_attribute,3,../../../../active/WI-074_design-choice-inventory-and-evaluation-contract/residual-dispositions.md,unverified-integrated-repair,M75,magnet supplied design / operating / price / domain parameter,retained,3,stellarator_09__stellaris__magnet__coil_length.a_coil_ref;stellarator_09__stellaris__magnet__stored_energy.a_coil_ref;stellarator_09__stellaris__magnet__peak_field_calc.a_coil_ref_in,work/orchestration/goals/preserve-model-design-choices/evidence/magnet-binding-plan.md;work/active/WI-075_supplied-magnet-design-evaluation/spec.md,Entering mandatory pack/turn/mass choices violated; approved repair requires native independent acceptance,binding design approved; native integrated review pending
stellarator_09__stellaris__magnet__coil__c_coil_ref,design_attribute,1,../../../../active/WI-074_design-choice-inventory-and-evaluation-contract/residual-dispositions.md,unverified-integrated-repair,M75,magnet supplied design / operating / price / domain parameter,retained,1,stellarator_09__stellaris__magnet__coil_length.c_coil_ref,work/orchestration/goals/preserve-model-design-choices/evidence/magnet-binding-plan.md;work/active/WI-075_supplied-magnet-design-evaluation/spec.md,Entering mandatory pack/turn/mass choices violated; approved repair requires native independent acceptance,binding design approved; native integrated review pending
stellarator_09__stellaris__magnet__coil__coil_life_fpy,design_attribute,1,../../../../active/WI-074_design-choice-inventory-and-evaluation-contract/residual-dispositions.md,unverified-integrated-repair,M75,magnet supplied design / operating / price / domain parameter,retained,1,stellarator_09__stellaris__calendar.coil_life_fpy_in,work/orchestration/goals/preserve-model-design-choices/evidence/magnet-binding-plan.md;work/active/WI-075_supplied-magnet-design-evaluation/spec.md,Entering mandatory pack/turn/mass choices violated; approved repair requires native independent acceptance,binding design approved; native integrated review pending
stellarator_09__stellaris__magnet__coil__coil_markup,design_attribute,1,../../../../active/WI-074_design-choice-inventory-and-evaluation-contract/residual-dispositions.md,unverified-integrated-repair,M75,magnet supplied design / operating / price / domain parameter,retained,1,stellarator_09__stellaris__magnet__magnet_cost.coil_markup,work/orchestration/goals/preserve-model-design-choices/evidence/magnet-binding-plan.md;work/active/WI-075_supplied-magnet-design-evaluation/spec.md,Entering mandatory pack/turn/mass choices violated; approved repair requires native independent acceptance,binding design approved; native integrated review pending
stellarator_09__stellaris__magnet__coil__coil_t,design_attribute,2,../../../../active/WI-074_design-choice-inventory-and-evaluation-contract/residual-dispositions.md,unverified-integrated-repair,M75,magnet supplied design / operating / price / domain parameter,retained,2,stellarator_09__stellaris__magnet__wp_fit.radial_allocation;stellarator_09__stellaris__rb.coil_t_in,work/orchestration/goals/preserve-model-design-choices/evidence/magnet-binding-plan.md;work/active/WI-075_supplied-magnet-design-evaluation/spec.md,Entering mandatory pack/turn/mass choices violated; approved repair requires native independent acceptance,binding design approved; native integrated review pending
stellarator_09__stellaris__magnet__coil__cost_per_kAm,design_attribute,2,../../../../active/WI-074_design-choice-inventory-and-evaluation-contract/residual-dispositions.md,unverified-integrated-repair,M75,magnet supplied design / operating / price / domain parameter,retained,2,stellarator_09__stellaris__magnet__winding_pack_cost.cost_per_kAm;stellarator_09__stellaris__magnet__magnet_cost.cost_per_kAm,work/orchestration/goals/preserve-model-design-choices/evidence/magnet-binding-plan.md;work/active/WI-075_supplied-magnet-design-evaluation/spec.md,Entering mandatory pack/turn/mass choices violated; approved repair requires native independent acceptance,binding design approved; native integrated review pending
stellarator_09__stellaris__magnet__coil__f_set,design_attribute,3,../../../../active/WI-074_design-choice-inventory-and-evaluation-contract/residual-dispositions.md,unverified-integrated-repair,M75,magnet supplied design / operating / price / domain parameter,retained,3,stellarator_09__stellaris__magnet__winding_procurement.f_set;stellarator_09__stellaris__magnet__winding_pack_cost.f_set;stellarator_09__stellaris__magnet__conductor_current.f_set,work/orchestration/goals/preserve-model-design-choices/evidence/magnet-binding-plan.md;work/active/WI-075_supplied-magnet-design-evaluation/spec.md,Entering mandatory pack/turn/mass choices violated; approved repair requires native independent acceptance,binding design approved; native integrated review pending
stellarator_09__stellaris__magnet__coil__k_link,design_attribute,1,../../../../active/WI-074_design-choice-inventory-and-evaluation-contract/residual-dispositions.md,unverified-integrated-repair,M75,magnet supplied design / operating / price / domain parameter,retained,1,stellarator_09__stellaris__magnet__field_calc.k_link,work/orchestration/goals/preserve-model-design-choices/evidence/magnet-binding-plan.md;work/active/WI-075_supplied-magnet-design-evaluation/spec.md,Entering mandatory pack/turn/mass choices violated; approved repair requires native independent acceptance,binding design approved; native integrated review pending
stellarator_09__stellaris__magnet__coil__n_coils,design_attribute,7,../../../../active/WI-074_design-choice-inventory-and-evaluation-contract/residual-dispositions.md,unverified-integrated-repair,M75,magnet supplied design / operating / price / domain parameter,retained,7,stellarator_09__stellaris__magnet__magnet_structure_cost.n_coils;stellarator_09__stellaris__magnet__field_calc.n_coils;stellarator_09__stellaris__cryoplant__inventory.n_coils;stellarator_09__stellaris__magnet__wp_volume.n_coils;stellarator_09__stellaris__magnet__winding_procurement.n_coils;stellarator_09__stellaris__magnet__winding_pack_cost.n_coils;stellarator_09__stellaris__magnet__insulation_inventory.n_coils,work/orchestration/goals/preserve-model-design-choices/evidence/magnet-binding-plan.md;work/active/WI-075_supplied-magnet-design-evaluation/spec.md,Entering mandatory pack/turn/mass choices violated; approved repair requires native independent acceptance,binding design approved; native integrated review pending
stellarator_09__stellaris__magnet__coil__peak_ratio,design_attribute,1,../../../../active/WI-074_design-choice-inventory-and-evaluation-contract/residual-dispositions.md,unverified-integrated-repair,M75,magnet supplied design / operating / price / domain parameter,retained,1,stellarator_09__stellaris__magnet__peak_field_calc.peak_ratio_in,work/orchestration/goals/preserve-model-design-choices/evidence/magnet-binding-plan.md;work/active/WI-075_supplied-magnet-design-evaluation/spec.md,Entering mandatory pack/turn/mass choices violated; approved repair requires native independent acceptance,binding design approved; native integrated review pending
stellarator_09__stellaris__magnet__coil__reference_turns,design_attribute,2,../../../../active/WI-074_design-choice-inventory-and-evaluation-contract/residual-dispositions.md,unverified-integrated-repair,M75,magnet supplied design / operating / price / domain parameter,introduced,0,stellarator_09__stellaris__magnet__winding_state.reference_turns;stellarator_09__stellaris__magnet__winding_procurement.reference_turns,work/orchestration/goals/preserve-model-design-choices/evidence/magnet-binding-plan.md;work/active/WI-075_supplied-magnet-design-evaluation/spec.md,Entering mandatory pack/turn/mass choices violated; approved repair requires native independent acceptance,binding design approved; native integrated review pending
stellarator_09__stellaris__magnet__coil__turn_current,design_attribute,3,../../../../active/WI-074_design-choice-inventory-and-evaluation-contract/residual-dispositions.md,unverified-integrated-repair,M75,magnet supplied design / operating / price / domain parameter,retained,4,stellarator_09__stellaris__magnet__winding_state.turn_current;stellarator_09__stellaris__cryoplant__inventory.I_turn;stellarator_09__stellaris__magnet__conductor_current.turn_current,work/orchestration/goals/preserve-model-design-choices/evidence/magnet-binding-plan.md;work/active/WI-075_supplied-magnet-design-evaluation/spec.md,Entering mandatory pack/turn/mass choices violated; approved repair requires native independent acceptance,binding design approved; native integrated review pending
stellarator_09__stellaris__magnet__e_support,design_attribute,0,../../../../active/WI-074_design-choice-inventory-and-evaluation-contract/residual-dispositions.md,retired-entering-interface,M75,magnet supplied design / operating / price / domain parameter,retired,1,,work/orchestration/goals/preserve-model-design-choices/evidence/magnet-binding-plan.md;work/active/WI-075_supplied-magnet-design-evaluation/spec.md,Entering mandatory pack/turn/mass choices violated; approved repair requires native independent acceptance; no current parameter/consumer; reject old key in new package,binding design approved; native integrated review pending
stellarator_09__stellaris__magnet__field_calc__mu0,library_default,1,../../../../active/WI-074_design-choice-inventory-and-evaluation-contract/residual-dispositions.md,unverified-integrated-repair,M75,magnet supplied design / operating / price / domain parameter,retained,1,stellarator_09__stellaris__magnet__field_calc.mu0,work/orchestration/goals/preserve-model-design-choices/evidence/magnet-binding-plan.md;work/active/WI-075_supplied-magnet-design-evaluation/spec.md,Entering mandatory pack/turn/mass choices violated; approved repair requires native independent acceptance,binding design approved; native integrated review pending
stellarator_09__stellaris__magnet__field_calc__two_pi,library_default,1,../../../../active/WI-074_design-choice-inventory-and-evaluation-contract/residual-dispositions.md,unverified-integrated-repair,M75,magnet supplied design / operating / price / domain parameter,retained,1,stellarator_09__stellaris__magnet__field_calc.two_pi,work/orchestration/goals/preserve-model-design-choices/evidence/magnet-binding-plan.md;work/active/WI-075_supplied-magnet-design-evaluation/spec.md,Entering mandatory pack/turn/mass choices violated; approved repair requires native independent acceptance,binding design approved; native integrated review pending
stellarator_09__stellaris__magnet__gap2_t,design_attribute,1,../../../../active/WI-074_design-choice-inventory-and-evaluation-contract/residual-dispositions.md,unverified-integrated-repair,M75,magnet supplied design / operating / price / domain parameter,retained,1,stellarator_09__stellaris__rb.gap2_t_in,work/orchestration/goals/preserve-model-design-choices/evidence/magnet-binding-plan.md;work/active/WI-075_supplied-magnet-design-evaluation/spec.md,Entering mandatory pack/turn/mass choices violated; approved repair requires native independent acceptance,binding design approved; native integrated review pending
stellarator_09__stellaris__magnet__legacy_casing_fraction,design_attribute,1,../../../../active/WI-074_design-choice-inventory-and-evaluation-contract/residual-dispositions.md,unverified-integrated-repair,M75,magnet supplied design / operating / price / domain parameter,retained,1,stellarator_09__stellaris__magnet__magnet_structure_cost.legacy_casing_fraction,work/orchestration/goals/preserve-model-design-choices/evidence/magnet-binding-plan.md;work/active/WI-075_supplied-magnet-design-evaluation/spec.md,Entering mandatory pack/turn/mass choices violated; approved repair requires native independent acceptance,binding design approved; native integrated review pending
stellarator_09__stellaris__magnet__m_support,design_attribute,2,../../../../active/WI-074_design-choice-inventory-and-evaluation-contract/residual-dispositions.md,unverified-integrated-repair,M75,magnet supplied design / operating / price / domain parameter,introduced,0,stellarator_09__stellaris__magnet__magnet_structure_cost.m_support;stellarator_09__stellaris__cryoplant__cold_load.m_support,work/orchestration/goals/preserve-model-design-choices/evidence/magnet-binding-plan.md;work/active/WI-075_supplied-magnet-design-evaluation/spec.md,Entering mandatory pack/turn/mass choices violated; approved repair requires native independent acceptance,binding design approved; native integrated review pending
stellarator_09__stellaris__magnet__magnet_cost__mu0,library_default,1,../../../../active/WI-074_design-choice-inventory-and-evaluation-contract/residual-dispositions.md,unverified-integrated-repair,M75,magnet supplied design / operating / price / domain parameter,retained,1,stellarator_09__stellaris__magnet__magnet_cost.mu0,work/orchestration/goals/preserve-model-design-choices/evidence/magnet-binding-plan.md;work/active/WI-075_supplied-magnet-design-evaluation/spec.md,Entering mandatory pack/turn/mass choices violated; approved repair requires native independent acceptance,binding design approved; native integrated review pending
stellarator_09__stellaris__magnet__vol_cold_cryo,design_attribute,1,../../../../active/WI-074_design-choice-inventory-and-evaluation-contract/residual-dispositions.md,unverified-integrated-repair,M75,magnet supplied design / operating / price / domain parameter,retained,1,stellarator_09__stellaris__magnet__wp_volume.vol_extra,work/orchestration/goals/preserve-model-design-choices/evidence/magnet-binding-plan.md;work/active/WI-075_supplied-magnet-design-evaluation/spec.md,Entering mandatory pack/turn/mass choices violated; approved repair requires native independent acceptance,binding design approved; native integrated review pending
stellarator_09__stellaris__magnet__winding_pack__B_grade_ref,design_attribute,0,../../../../active/WI-074_design-choice-inventory-and-evaluation-contract/residual-dispositions.md,retired-entering-interface,M75,magnet supplied design / operating / price / domain parameter,retired,1,,work/orchestration/goals/preserve-model-design-choices/evidence/magnet-binding-plan.md;work/active/WI-075_supplied-magnet-design-evaluation/spec.md,Entering mandatory pack/turn/mass choices violated; approved repair requires native independent acceptance; no current parameter/consumer; reject old key in new package,binding design approved; native integrated review pending
stellarator_09__stellaris__magnet__winding_pack__B_max,design_attribute,1,../../../../active/WI-074_design-choice-inventory-and-evaluation-contract/residual-dispositions.md,unverified-integrated-repair,M75,magnet supplied design / operating / price / domain parameter,retained,2,stellarator_09__stellaris__peak_field_ok__49c6b8228a73cac5.B_max_in,work/orchestration/goals/preserve-model-design-choices/evidence/magnet-binding-plan.md;work/active/WI-075_supplied-magnet-design-evaluation/spec.md,Entering mandatory pack/turn/mass choices violated; approved repair requires native independent acceptance,binding design approved; native integrated review pending
stellarator_09__stellaris__magnet__winding_pack__E_wp,design_attribute,1,../../../../active/WI-074_design-choice-inventory-and-evaluation-contract/residual-dispositions.md,unverified-integrated-repair,M75,magnet supplied design / operating / price / domain parameter,retained,1,stellarator_09__stellaris__magnet__cond_strain.E_wp,work/orchestration/goals/preserve-model-design-choices/evidence/magnet-binding-plan.md;work/active/WI-075_supplied-magnet-design-evaluation/spec.md,Entering mandatory pack/turn/mass choices violated; approved repair requires native independent acceptance,binding design approved; native integrated review pending
stellarator_09__stellaris__magnet__winding_pack__allow_field_extrapolation,design_attribute,1,../../../../active/WI-074_design-choice-inventory-and-evaluation-contract/residual-dispositions.md,unverified-integrated-repair,M75,magnet supplied design / operating / price / domain parameter,retained,2,stellarator_09__stellaris__magnet__conductor_current.allow_field_extrapolation,work/orchestration/goals/preserve-model-design-choices/evidence/magnet-binding-plan.md;work/active/WI-075_supplied-magnet-design-evaluation/spec.md,Entering mandatory pack/turn/mass choices violated; approved repair requires native independent acceptance,binding design approved; native integrated review pending
stellarator_09__stellaris__magnet__winding_pack__allowable_fraction,design_attribute,1,../../../../active/WI-074_design-choice-inventory-and-evaluation-contract/residual-dispositions.md,unverified-integrated-repair,M75,magnet supplied design / operating / price / domain parameter,retained,2,stellarator_09__stellaris__magnet__conductor_current.allowable_fraction,work/orchestration/goals/preserve-model-design-choices/evidence/magnet-binding-plan.md;work/active/WI-075_supplied-magnet-design-evaluation/spec.md,Entering mandatory pack/turn/mass choices violated; approved repair requires native independent acceptance,binding design approved; native integrated review pending
stellarator_09__stellaris__magnet__winding_pack__cabling_factor,design_attribute,1,../../../../active/WI-074_design-choice-inventory-and-evaluation-contract/residual-dispositions.md,unverified-integrated-repair,M75,magnet supplied design / operating / price / domain parameter,retained,2,stellarator_09__stellaris__magnet__conductor_current.cabling_factor,work/orchestration/goals/preserve-model-design-choices/evidence/magnet-binding-plan.md;work/active/WI-075_supplied-magnet-design-evaluation/spec.md,Entering mandatory pack/turn/mass choices violated; approved repair requires native independent acceptance,binding design approved; native integrated review pending
stellarator_09__stellaris__magnet__winding_pack__cost_escalation,design_attribute,1,../../../../active/WI-074_design-choice-inventory-and-evaluation-contract/residual-dispositions.md,unverified-integrated-repair,M75,magnet supplied design / operating / price / domain parameter,retained,1,stellarator_09__stellaris__magnet__winding_procurement.cost_escalation,work/orchestration/goals/preserve-model-design-choices/evidence/magnet-binding-plan.md;work/active/WI-075_supplied-magnet-design-evaluation/spec.md,Entering mandatory pack/turn/mass choices violated; approved repair requires native independent acceptance,binding design approved; native integrated review pending
stellarator_09__stellaris__magnet__winding_pack__degradation_factor,design_attribute,1,../../../../active/WI-074_design-choice-inventory-and-evaluation-contract/residual-dispositions.md,unverified-integrated-repair,M75,magnet supplied design / operating / price / domain parameter,retained,2,stellarator_09__stellaris__magnet__conductor_current.degradation_factor,work/orchestration/goals/preserve-model-design-choices/evidence/magnet-binding-plan.md;work/active/WI-075_supplied-magnet-design-evaluation/spec.md,Entering mandatory pack/turn/mass choices violated; approved repair requires native independent acceptance,binding design approved; native integrated review pending
stellarator_09__stellaris__magnet__winding_pack__eps_cond_allow,design_attribute,1,../../../../active/WI-074_design-choice-inventory-and-evaluation-contract/residual-dispositions.md,unverified-integrated-repair,M75,magnet supplied design / operating / price / domain parameter,retained,1,stellarator_09__stellaris__cond_strain_ok__251d4c803804ab60.eps_cond_allow_in,work/orchestration/goals/preserve-model-design-choices/evidence/magnet-binding-plan.md;work/active/WI-075_supplied-magnet-design-evaluation/spec.md,Entering mandatory pack/turn/mass choices violated; approved repair requires native independent acceptance,binding design approved; native integrated review pending
stellarator_09__stellaris__magnet__winding_pack__f_cond,design_attribute,1,../../../../active/WI-074_design-choice-inventory-and-evaluation-contract/residual-dispositions.md,unverified-integrated-repair,M75,magnet supplied design / operating / price / domain parameter,retained,1,stellarator_09__stellaris__magnet__cond_strain.f_cond,work/orchestration/goals/preserve-model-design-choices/evidence/magnet-binding-plan.md;work/active/WI-075_supplied-magnet-design-evaluation/spec.md,Entering mandatory pack/turn/mass choices violated; approved repair requires native independent acceptance,binding design approved; native integrated review pending
stellarator_09__stellaris__magnet__winding_pack__f_copper,design_attribute,1,../../../../active/WI-074_design-choice-inventory-and-evaluation-contract/residual-dispositions.md,unverified-integrated-repair,M75,magnet supplied design / operating / price / domain parameter,retained,2,stellarator_09__stellaris__magnet__material_inventory.f_copper,work/orchestration/goals/preserve-model-design-choices/evidence/magnet-binding-plan.md;work/active/WI-075_supplied-magnet-design-evaluation/spec.md,Entering mandatory pack/turn/mass choices violated; approved repair requires native independent acceptance,binding design approved; native integrated review pending
stellarator_09__stellaris__magnet__winding_pack__f_helium,design_attribute,1,../../../../active/WI-074_design-choice-inventory-and-evaluation-contract/residual-dispositions.md,unverified-integrated-repair,M75,magnet supplied design / operating / price / domain parameter,retained,2,stellarator_09__stellaris__magnet__material_inventory.f_helium,work/orchestration/goals/preserve-model-design-choices/evidence/magnet-binding-plan.md;work/active/WI-075_supplied-magnet-design-evaluation/spec.md,Entering mandatory pack/turn/mass choices violated; approved repair requires native independent acceptance,binding design approved; native integrated review pending
stellarator_09__stellaris__magnet__winding_pack__f_solder,design_attribute,1,../../../../active/WI-074_design-choice-inventory-and-evaluation-contract/residual-dispositions.md,unverified-integrated-repair,M75,magnet supplied design / operating / price / domain parameter,retained,2,stellarator_09__stellaris__magnet__material_inventory.f_solder,work/orchestration/goals/preserve-model-design-choices/evidence/magnet-binding-plan.md;work/active/WI-075_supplied-magnet-design-evaluation/spec.md,Entering mandatory pack/turn/mass choices violated; approved repair requires native independent acceptance,binding design approved; native integrated review pending
stellarator_09__stellaris__magnet__winding_pack__f_steel,design_attribute,1,../../../../active/WI-074_design-choice-inventory-and-evaluation-contract/residual-dispositions.md,unverified-integrated-repair,M75,magnet supplied design / operating / price / domain parameter,retained,2,stellarator_09__stellaris__magnet__material_inventory.f_steel,work/orchestration/goals/preserve-model-design-choices/evidence/magnet-binding-plan.md;work/active/WI-075_supplied-magnet-design-evaluation/spec.md,Entering mandatory pack/turn/mass choices violated; approved repair requires native independent acceptance,binding design approved; native integrated review pending
stellarator_09__stellaris__magnet__winding_pack__f_wp_fab,design_attribute,1,../../../../active/WI-074_design-choice-inventory-and-evaluation-contract/residual-dispositions.md,unverified-integrated-repair,M75,magnet supplied design / operating / price / domain parameter,retained,1,stellarator_09__stellaris__magnet__winding_pack_cost.f_wp_fab,work/orchestration/goals/preserve-model-design-choices/evidence/magnet-binding-plan.md;work/active/WI-075_supplied-magnet-design-evaluation/spec.md,Entering mandatory pack/turn/mass choices violated; approved repair requires native independent acceptance,binding design approved; native integrated review pending
stellarator_09__stellaris__magnet__winding_pack__f_wp_perimeter,design_attribute,1,../../../../active/WI-074_design-choice-inventory-and-evaluation-contract/residual-dispositions.md,unverified-integrated-repair,M75,magnet supplied design / operating / price / domain parameter,retained,1,stellarator_09__stellaris__magnet__insulation_inventory.f_perimeter,work/orchestration/goals/preserve-model-design-choices/evidence/magnet-binding-plan.md;work/active/WI-075_supplied-magnet-design-evaluation/spec.md,Entering mandatory pack/turn/mass choices violated; approved repair requires native independent acceptance,binding design approved; native integrated review pending
stellarator_09__stellaris__magnet__winding_pack__f_wp_vol,design_attribute,2,../../../../active/WI-074_design-choice-inventory-and-evaluation-contract/residual-dispositions.md,unverified-integrated-repair,M75,magnet supplied design / operating / price / domain parameter,retained,2,stellarator_09__stellaris__magnet__wp_volume.f_wp_vol;stellarator_09__stellaris__magnet__conductor_current.f_wp_vol,work/orchestration/goals/preserve-model-design-choices/evidence/magnet-binding-plan.md;work/active/WI-075_supplied-magnet-design-evaluation/spec.md,Entering mandatory pack/turn/mass choices violated; approved repair requires native independent acceptance,binding design approved; native integrated review pending
stellarator_09__stellaris__magnet__winding_pack__field_exponent,design_attribute,0,../../../../active/WI-074_design-choice-inventory-and-evaluation-contract/residual-dispositions.md,retired-entering-interface,M75,magnet supplied design / operating / price / domain parameter,retired,1,,work/orchestration/goals/preserve-model-design-choices/evidence/magnet-binding-plan.md;work/active/WI-075_supplied-magnet-design-evaluation/spec.md,Entering mandatory pack/turn/mass choices violated; approved repair requires native independent acceptance; no current parameter/consumer; reject old key in new package,binding design approved; native integrated review pending
stellarator_09__stellaris__magnet__winding_pack__fit_aspect_ratio,design_attribute,2,../../../../active/WI-074_design-choice-inventory-and-evaluation-contract/residual-dispositions.md,unverified-integrated-repair,M75,magnet supplied design / operating / price / domain parameter,retained,2,stellarator_09__stellaris__magnet__wp_fit.aspect_ratio;stellarator_09__stellaris__magnet__insulation_inventory.aspect_ratio,work/orchestration/goals/preserve-model-design-choices/evidence/magnet-binding-plan.md;work/active/WI-075_supplied-magnet-design-evaluation/spec.md,Entering mandatory pack/turn/mass choices violated; approved repair requires native independent acceptance,binding design approved; native integrated review pending
stellarator_09__stellaris__magnet__winding_pack__ground_insulation,design_attribute,2,../../../../active/WI-074_design-choice-inventory-and-evaluation-contract/residual-dispositions.md,unverified-integrated-repair,M75,magnet supplied design / operating / price / domain parameter,retained,2,stellarator_09__stellaris__magnet__wp_fit.ground_insulation;stellarator_09__stellaris__magnet__insulation_inventory.ground_thickness,work/orchestration/goals/preserve-model-design-choices/evidence/magnet-binding-plan.md;work/active/WI-075_supplied-magnet-design-evaluation/spec.md,Entering mandatory pack/turn/mass choices violated; approved repair requires native independent acceptance,binding design approved; native integrated review pending
stellarator_09__stellaris__magnet__winding_pack__helium_gas_constant,design_attribute,1,../../../../active/WI-074_design-choice-inventory-and-evaluation-contract/residual-dispositions.md,unverified-integrated-repair,M75,magnet supplied design / operating / price / domain parameter,retained,1,stellarator_09__stellaris__magnet__material_inventory.helium_gas_constant,work/orchestration/goals/preserve-model-design-choices/evidence/magnet-binding-plan.md;work/active/WI-075_supplied-magnet-design-evaluation/spec.md,Entering mandatory pack/turn/mass choices violated; approved repair requires native independent acceptance,binding design approved; native integrated review pending
stellarator_09__stellaris__magnet__winding_pack__helium_pressure,design_attribute,1,../../../../active/WI-074_design-choice-inventory-and-evaluation-contract/residual-dispositions.md,unverified-integrated-repair,M75,magnet supplied design / operating / price / domain parameter,retained,1,stellarator_09__stellaris__magnet__material_inventory.helium_pressure,work/orchestration/goals/preserve-model-design-choices/evidence/magnet-binding-plan.md;work/active/WI-075_supplied-magnet-design-evaluation/spec.md,Entering mandatory pack/turn/mass choices violated; approved repair requires native independent acceptance,binding design approved; native integrated review pending
stellarator_09__stellaris__magnet__winding_pack__insulation_sheet_price,design_attribute,1,../../../../active/WI-074_design-choice-inventory-and-evaluation-contract/residual-dispositions.md,unverified-integrated-repair,M75,magnet supplied design / operating / price / domain parameter,retained,1,stellarator_09__stellaris__magnet__insulation_inventory.sheet_price,work/orchestration/goals/preserve-model-design-choices/evidence/magnet-binding-plan.md;work/active/WI-075_supplied-magnet-design-evaluation/spec.md,Entering mandatory pack/turn/mass choices violated; approved repair requires native independent acceptance,binding design approved; native integrated review pending
stellarator_09__stellaris__magnet__winding_pack__insulation_sheet_thickness,design_attribute,1,../../../../active/WI-074_design-choice-inventory-and-evaluation-contract/residual-dispositions.md,unverified-integrated-repair,M75,magnet supplied design / operating / price / domain parameter,retained,1,stellarator_09__stellaris__magnet__insulation_inventory.sheet_thickness,work/orchestration/goals/preserve-model-design-choices/evidence/magnet-binding-plan.md;work/active/WI-075_supplied-magnet-design-evaluation/spec.md,Entering mandatory pack/turn/mass choices violated; approved repair requires native independent acceptance,binding design approved; native integrated review pending
stellarator_09__stellaris__magnet__winding_pack__internal_build_x,design_attribute,2,../../../../active/WI-074_design-choice-inventory-and-evaluation-contract/residual-dispositions.md,unverified-integrated-repair,M75,magnet supplied design / operating / price / domain parameter,retained,2,stellarator_09__stellaris__magnet__wp_fit.internal_fraction_x;stellarator_09__stellaris__magnet__insulation_inventory.internal_fraction_x,work/orchestration/goals/preserve-model-design-choices/evidence/magnet-binding-plan.md;work/active/WI-075_supplied-magnet-design-evaluation/spec.md,Entering mandatory pack/turn/mass choices violated; approved repair requires native independent acceptance,binding design approved; native integrated review pending
stellarator_09__stellaris__magnet__winding_pack__internal_build_y,design_attribute,2,../../../../active/WI-074_design-choice-inventory-and-evaluation-contract/residual-dispositions.md,unverified-integrated-repair,M75,magnet supplied design / operating / price / domain parameter,retained,2,stellarator_09__stellaris__magnet__wp_fit.internal_fraction_y;stellarator_09__stellaris__magnet__insulation_inventory.internal_fraction_y,work/orchestration/goals/preserve-model-design-choices/evidence/magnet-binding-plan.md;work/active/WI-075_supplied-magnet-design-evaluation/spec.md,Entering mandatory pack/turn/mass choices violated; approved repair requires native independent acceptance,binding design approved; native integrated review pending
stellarator_09__stellaris__magnet__winding_pack__inventory_multiplier,design_attribute,0,../../../../active/WI-074_design-choice-inventory-and-evaluation-contract/residual-dispositions.md,retired-entering-interface,M75,magnet supplied design / operating / price / domain parameter,retired,1,,work/orchestration/goals/preserve-model-design-choices/evidence/magnet-binding-plan.md;work/active/WI-075_supplied-magnet-design-evaluation/spec.md,Entering mandatory pack/turn/mass choices violated; approved repair requires native independent acceptance; no current parameter/consumer; reject old key in new package,binding design approved; native integrated review pending
stellarator_09__stellaris__magnet__winding_pack__j_wp,design_attribute,0,../../../../active/WI-074_design-choice-inventory-and-evaluation-contract/residual-dispositions.md,retired-entering-interface,M75,magnet supplied design / operating / price / domain parameter,retired,1,,work/orchestration/goals/preserve-model-design-choices/evidence/magnet-binding-plan.md;work/active/WI-075_supplied-magnet-design-evaluation/spec.md,Entering mandatory pack/turn/mass choices violated; approved repair requires native independent acceptance; no current parameter/consumer; reject old key in new package,binding design approved; native integrated review pending
stellarator_09__stellaris__magnet__winding_pack__k_sigma,design_attribute,1,../../../../active/WI-074_design-choice-inventory-and-evaluation-contract/residual-dispositions.md,unverified-integrated-repair,M75,magnet supplied design / operating / price / domain parameter,retained,1,stellarator_09__stellaris__magnet__wp_stress.k_sigma,work/orchestration/goals/preserve-model-design-choices/evidence/magnet-binding-plan.md;work/active/WI-075_supplied-magnet-design-evaluation/spec.md,Entering mandatory pack/turn/mass choices violated; approved repair requires native independent acceptance,binding design approved; native integrated review pending
stellarator_09__stellaris__magnet__winding_pack__material_factor,design_attribute,1,../../../../active/WI-074_design-choice-inventory-and-evaluation-contract/residual-dispositions.md,unverified-integrated-repair,M75,magnet supplied design / operating / price / domain parameter,retained,2,stellarator_09__stellaris__magnet__conductor_current.material_factor,work/orchestration/goals/preserve-model-design-choices/evidence/magnet-binding-plan.md;work/active/WI-075_supplied-magnet-design-evaluation/spec.md,Entering mandatory pack/turn/mass choices violated; approved repair requires native independent acceptance,binding design approved; native integrated review pending
stellarator_09__stellaris__magnet__winding_pack__nonplanar_factor,design_attribute,1,../../../../active/WI-074_design-choice-inventory-and-evaluation-contract/residual-dispositions.md,unverified-integrated-repair,M75,magnet supplied design / operating / price / domain parameter,retained,1,stellarator_09__stellaris__magnet__winding_procurement.nonplanar_factor,work/orchestration/goals/preserve-model-design-choices/evidence/magnet-binding-plan.md;work/active/WI-075_supplied-magnet-design-evaluation/spec.md,Entering mandatory pack/turn/mass choices violated; approved repair requires native independent acceptance,binding design approved; native integrated review pending
stellarator_09__stellaris__magnet__winding_pack__orientation_factor,design_attribute,1,../../../../active/WI-074_design-choice-inventory-and-evaluation-contract/residual-dispositions.md,unverified-integrated-repair,M75,magnet supplied design / operating / price / domain parameter,retained,2,stellarator_09__stellaris__magnet__conductor_current.orientation_factor,work/orchestration/goals/preserve-model-design-choices/evidence/magnet-binding-plan.md;work/active/WI-075_supplied-magnet-design-evaluation/spec.md,Entering mandatory pack/turn/mass choices violated; approved repair requires native independent acceptance,binding design approved; native integrated review pending
stellarator_09__stellaris__magnet__winding_pack__price_copper,design_attribute,1,../../../../active/WI-074_design-choice-inventory-and-evaluation-contract/residual-dispositions.md,unverified-integrated-repair,M75,magnet supplied design / operating / price / domain parameter,retained,1,stellarator_09__stellaris__magnet__material_inventory.price_copper,work/orchestration/goals/preserve-model-design-choices/evidence/magnet-binding-plan.md;work/active/WI-075_supplied-magnet-design-evaluation/spec.md,Entering mandatory pack/turn/mass choices violated; approved repair requires native independent acceptance,binding design approved; native integrated review pending
stellarator_09__stellaris__magnet__winding_pack__price_helium,design_attribute,1,../../../../active/WI-074_design-choice-inventory-and-evaluation-contract/residual-dispositions.md,unverified-integrated-repair,M75,magnet supplied design / operating / price / domain parameter,retained,1,stellarator_09__stellaris__magnet__material_inventory.price_helium,work/orchestration/goals/preserve-model-design-choices/evidence/magnet-binding-plan.md;work/active/WI-075_supplied-magnet-design-evaluation/spec.md,Entering mandatory pack/turn/mass choices violated; approved repair requires native independent acceptance,binding design approved; native integrated review pending
stellarator_09__stellaris__magnet__winding_pack__price_solder,design_attribute,1,../../../../active/WI-074_design-choice-inventory-and-evaluation-contract/residual-dispositions.md,unverified-integrated-repair,M75,magnet supplied design / operating / price / domain parameter,retained,1,stellarator_09__stellaris__magnet__material_inventory.price_solder,work/orchestration/goals/preserve-model-design-choices/evidence/magnet-binding-plan.md;work/active/WI-075_supplied-magnet-design-evaluation/spec.md,Entering mandatory pack/turn/mass choices violated; approved repair requires native independent acceptance,binding design approved; native integrated review pending
stellarator_09__stellaris__magnet__winding_pack__price_steel,design_attribute,1,../../../../active/WI-074_design-choice-inventory-and-evaluation-contract/residual-dispositions.md,unverified-integrated-repair,M75,magnet supplied design / operating / price / domain parameter,retained,1,stellarator_09__stellaris__magnet__material_inventory.price_steel,work/orchestration/goals/preserve-model-design-choices/evidence/magnet-binding-plan.md;work/active/WI-075_supplied-magnet-design-evaluation/spec.md,Entering mandatory pack/turn/mass choices violated; approved repair requires native independent acceptance,binding design approved; native integrated review pending
stellarator_09__stellaris__magnet__winding_pack__q_nuc_cryo,design_attribute,1,../../../../active/WI-074_design-choice-inventory-and-evaluation-contract/residual-dispositions.md,unverified-integrated-repair,M75,magnet supplied design / operating / price / domain parameter,retained,1,stellarator_09__stellaris__cryoplant__cold_load.q_nuc,work/orchestration/goals/preserve-model-design-choices/evidence/magnet-binding-plan.md;work/active/WI-075_supplied-magnet-design-evaluation/spec.md,Entering mandatory pack/turn/mass choices violated; approved repair requires native independent acceptance,binding design approved; native integrated review pending
stellarator_09__stellaris__magnet__winding_pack__reference_tape_current,design_attribute,1,../../../../active/WI-074_design-choice-inventory-and-evaluation-contract/residual-dispositions.md,unverified-integrated-repair,M75,magnet supplied design / operating / price / domain parameter,retained,2,stellarator_09__stellaris__magnet__conductor_current.reference_tape_current,work/orchestration/goals/preserve-model-design-choices/evidence/magnet-binding-plan.md;work/active/WI-075_supplied-magnet-design-evaluation/spec.md,Entering mandatory pack/turn/mass choices violated; approved repair requires native independent acceptance,binding design approved; native integrated review pending
stellarator_09__stellaris__magnet__winding_pack__rho_copper,design_attribute,1,../../../../active/WI-074_design-choice-inventory-and-evaluation-contract/residual-dispositions.md,unverified-integrated-repair,M75,magnet supplied design / operating / price / domain parameter,retained,1,stellarator_09__stellaris__magnet__material_inventory.rho_copper,work/orchestration/goals/preserve-model-design-choices/evidence/magnet-binding-plan.md;work/active/WI-075_supplied-magnet-design-evaluation/spec.md,Entering mandatory pack/turn/mass choices violated; approved repair requires native independent acceptance,binding design approved; native integrated review pending
stellarator_09__stellaris__magnet__winding_pack__rho_solder,design_attribute,1,../../../../active/WI-074_design-choice-inventory-and-evaluation-contract/residual-dispositions.md,unverified-integrated-repair,M75,magnet supplied design / operating / price / domain parameter,retained,1,stellarator_09__stellaris__magnet__material_inventory.rho_solder,work/orchestration/goals/preserve-model-design-choices/evidence/magnet-binding-plan.md;work/active/WI-075_supplied-magnet-design-evaluation/spec.md,Entering mandatory pack/turn/mass choices violated; approved repair requires native independent acceptance,binding design approved; native integrated review pending
stellarator_09__stellaris__magnet__winding_pack__rho_steel,design_attribute,1,../../../../active/WI-074_design-choice-inventory-and-evaluation-contract/residual-dispositions.md,unverified-integrated-repair,M75,magnet supplied design / operating / price / domain parameter,retained,1,stellarator_09__stellaris__magnet__material_inventory.rho_steel,work/orchestration/goals/preserve-model-design-choices/evidence/magnet-binding-plan.md;work/active/WI-075_supplied-magnet-design-evaluation/spec.md,Entering mandatory pack/turn/mass choices violated; approved repair requires native independent acceptance,binding design approved; native integrated review pending
stellarator_09__stellaris__magnet__winding_pack__sharing_factor,design_attribute,1,../../../../active/WI-074_design-choice-inventory-and-evaluation-contract/residual-dispositions.md,unverified-integrated-repair,M75,magnet supplied design / operating / price / domain parameter,retained,2,stellarator_09__stellaris__magnet__conductor_current.sharing_factor,work/orchestration/goals/preserve-model-design-choices/evidence/magnet-binding-plan.md;work/active/WI-075_supplied-magnet-design-evaluation/spec.md,Entering mandatory pack/turn/mass choices violated; approved repair requires native independent acceptance,binding design approved; native integrated review pending
stellarator_09__stellaris__magnet__winding_pack__sizing_mode,design_attribute,0,../../../../active/WI-074_design-choice-inventory-and-evaluation-contract/residual-dispositions.md,retired-entering-interface,M75,magnet supplied design / operating / price / domain parameter,retired,1,,work/orchestration/goals/preserve-model-design-choices/evidence/magnet-binding-plan.md;work/active/WI-075_supplied-magnet-design-evaluation/spec.md,Entering mandatory pack/turn/mass choices violated; approved repair requires native independent acceptance; no current parameter/consumer; reject old key in new package,binding design approved; native integrated review pending
stellarator_09__stellaris__magnet__winding_pack__tape_price_per_m,design_attribute,1,../../../../active/WI-074_design-choice-inventory-and-evaluation-contract/residual-dispositions.md,unverified-integrated-repair,M75,magnet supplied design / operating / price / domain parameter,retained,1,stellarator_09__stellaris__magnet__winding_procurement.tape_price_per_m,work/orchestration/goals/preserve-model-design-choices/evidence/magnet-binding-plan.md;work/active/WI-075_supplied-magnet-design-evaluation/spec.md,Entering mandatory pack/turn/mass choices violated; approved repair requires native independent acceptance,binding design approved; native integrated review pending
stellarator_09__stellaris__magnet__winding_pack__tape_thickness,design_attribute,2,../../../../active/WI-074_design-choice-inventory-and-evaluation-contract/residual-dispositions.md,unverified-integrated-repair,M75,magnet supplied design / operating / price / domain parameter,retained,3,stellarator_09__stellaris__magnet__winding_procurement.tape_thickness;stellarator_09__stellaris__magnet__conductor_current.tape_thickness,work/orchestration/goals/preserve-model-design-choices/evidence/magnet-binding-plan.md;work/active/WI-075_supplied-magnet-design-evaluation/spec.md,Entering mandatory pack/turn/mass choices violated; approved repair requires native independent acceptance,binding design approved; native integrated review pending
stellarator_09__stellaris__magnet__winding_pack__tape_width,design_attribute,2,../../../../active/WI-074_design-choice-inventory-and-evaluation-contract/residual-dispositions.md,unverified-integrated-repair,M75,magnet supplied design / operating / price / domain parameter,retained,3,stellarator_09__stellaris__magnet__winding_procurement.tape_width;stellarator_09__stellaris__magnet__conductor_current.tape_width,work/orchestration/goals/preserve-model-design-choices/evidence/magnet-binding-plan.md;work/active/WI-075_supplied-magnet-design-evaluation/spec.md,Entering mandatory pack/turn/mass choices violated; approved repair requires native independent acceptance,binding design approved; native integrated review pending
stellarator_09__stellaris__magnet__winding_pack__winding_rate_1990,design_attribute,1,../../../../active/WI-074_design-choice-inventory-and-evaluation-contract/residual-dispositions.md,unverified-integrated-repair,M75,magnet supplied design / operating / price / domain parameter,retained,1,stellarator_09__stellaris__magnet__winding_procurement.winding_rate_1990,work/orchestration/goals/preserve-model-design-choices/evidence/magnet-binding-plan.md;work/active/WI-075_supplied-magnet-design-evaluation/spec.md,Entering mandatory pack/turn/mass choices violated; approved repair requires native independent acceptance,binding design approved; native integrated review pending
stellarator_09__stellaris__magnet__winding_pack__wp_side,design_attribute,6,../../../../active/WI-074_design-choice-inventory-and-evaluation-contract/residual-dispositions.md,unverified-integrated-repair,M75,magnet supplied design / operating / price / domain parameter,introduced,0,stellarator_09__stellaris__magnet__wp_fit.wp_side;stellarator_09__stellaris__magnet__winding_state.wp_side;stellarator_09__stellaris__cryoplant__inventory.wp_side;stellarator_09__stellaris__magnet__wp_volume.wp_side;stellarator_09__stellaris__magnet__insulation_inventory.wp_side;stellarator_09__stellaris__magnet__wp_stress.wp_side,work/orchestration/goals/preserve-model-design-choices/evidence/magnet-binding-plan.md;work/active/WI-075_supplied-magnet-design-evaluation/spec.md,Entering mandatory pack/turn/mass choices violated; approved repair requires native independent acceptance,binding design approved; native integrated review pending
stellarator_09__stellaris__misc_plant__cost_per_mw,design_attribute,1,../../../../active/WI-074_design-choice-inventory-and-evaluation-contract/residual-dispositions.md,compliant-disclosed-proxy,R09,demand-matched or hybrid capital/annual cost proxy,retained,1,stellarator_09__stellaris__misc_plant__misc_cost.cost_per_mw,models/library/analyses/mfe_account_costs.sysml;models/designs/generic_mfe/mfe_subsystems.sysml;models/designs/generic_mfe/mfe_plant.sysml;exploration/stellarator_e2e/studies/study_route.py:26,Explicit demand-matched cost estimate; independently supplied installed capacity and qualification absent,independently approved limited disposition; implementation-review.md
stellarator_09__stellaris__n_mod,design_attribute,18,../../../../active/WI-074_design-choice-inventory-and-evaluation-contract/residual-dispositions.md,compliant-limited,R15,chosen constant / criterion / load assumption,retained,18,stellarator_09__stellaris__heat_transport__equipment.n_mod_in;stellarator_09__stellaris__turbine__turbine_cost.n_mod_in;stellarator_09__stellaris__cryoplant__aux_cooling.n_mod_in;stellarator_09__stellaris__heat_rejection__heat_rejection_cost.n_mod_in;stellarator_09__stellaris__fuel_cycle__fuel_handling.n_mod_in;stellarator_09__stellaris__heat_transport__coolant.n_mod_in;stellarator_09__stellaris__electric_plant__electric_cost.n_mod_in;stellarator_09__stellaris__misc_plant__misc_cost.n_mod_in;stellarator_09__stellaris__owner.n_mod_in;stellarator_09__stellaris__other_rpe.n_mod_in;stellarator_09__stellaris__waste.n_mod_in;stellarator_09__stellaris__inc_cost.n_mod_in;stellarator_09__stellaris__replacement_cost_per_event.n_mod;stellarator_09__stellaris__fuel_cycle__fuel_calc.n_mod_in;stellarator_09__stellaris__fuel_cycle__processing_cost.n_mod_in;stellarator_09__stellaris__buildings__layout.n_mod_in;stellarator_09__stellaris__supplementary.n_mod_in;stellarator_09__stellaris__lcoe_1cfe_calc.n_mod_in,models/library/analyses/mfe_viability.sysml;models/designs/generic_mfe/mfe_plant.sysml;models/designs/stellarator_09/stellarator_plant.sysml,Comparison or declared assumption; no whole-equipment qualification,independently approved limited disposition; implementation-review.md
stellarator_09__stellaris__om_annual_ref,design_attribute,1,../../../../active/WI-074_design-choice-inventory-and-evaluation-contract/residual-dispositions.md,compliant-disclosed-proxy,R09,demand-matched or hybrid capital/annual cost proxy,retained,1,stellarator_09__stellaris__om_cost.om_ref,models/library/analyses/mfe_account_costs.sysml;models/designs/generic_mfe/mfe_subsystems.sysml;models/designs/generic_mfe/mfe_plant.sysml;exploration/stellarator_e2e/studies/study_route.py:26,Explicit demand-matched cost estimate; independently supplied installed capacity and qualification absent,independently approved limited disposition; implementation-review.md
stellarator_09__stellaris__om_cost__alpha,library_default,1,../../../../active/WI-074_design-choice-inventory-and-evaluation-contract/residual-dispositions.md,compliant-disclosed-proxy,R09,demand-matched or hybrid capital/annual cost proxy,retained,1,stellarator_09__stellaris__om_cost.alpha,models/library/analyses/mfe_account_costs.sysml;models/designs/generic_mfe/mfe_subsystems.sysml;models/designs/generic_mfe/mfe_plant.sysml;exploration/stellarator_e2e/studies/study_route.py:26,Explicit demand-matched cost estimate; independently supplied installed capacity and qualification absent,independently approved limited disposition; implementation-review.md
stellarator_09__stellaris__om_cost__n_mod_in,library_default,1,../../../../active/WI-074_design-choice-inventory-and-evaluation-contract/residual-dispositions.md,compliant-disclosed-proxy,R09,demand-matched or hybrid capital/annual cost proxy,retained,1,stellarator_09__stellaris__om_cost.n_mod_in,models/library/analyses/mfe_account_costs.sysml;models/designs/generic_mfe/mfe_subsystems.sysml;models/designs/generic_mfe/mfe_plant.sysml;exploration/stellarator_e2e/studies/study_route.py:26,Explicit demand-matched cost estimate; independently supplied installed capacity and qualification absent,independently approved limited disposition; implementation-review.md
stellarator_09__stellaris__om_cost__om_direct,library_default,1,../../../../active/WI-074_design-choice-inventory-and-evaluation-contract/residual-dispositions.md,compliant-disclosed-proxy,R09,demand-matched or hybrid capital/annual cost proxy,retained,1,stellarator_09__stellaris__om_cost.om_direct,models/library/analyses/mfe_account_costs.sysml;models/designs/generic_mfe/mfe_subsystems.sysml;models/designs/generic_mfe/mfe_plant.sysml;exploration/stellarator_e2e/studies/study_route.py:26,Explicit demand-matched cost estimate; independently supplied installed capacity and qualification absent,independently approved limited disposition; implementation-review.md
stellarator_09__stellaris__om_cost__ref_net_power,library_default,1,../../../../active/WI-074_design-choice-inventory-and-evaluation-contract/residual-dispositions.md,compliant-disclosed-proxy,R09,demand-matched or hybrid capital/annual cost proxy,retained,1,stellarator_09__stellaris__om_cost.ref_net_power,models/library/analyses/mfe_account_costs.sysml;models/designs/generic_mfe/mfe_subsystems.sysml;models/designs/generic_mfe/mfe_plant.sysml;exploration/stellarator_e2e/studies/study_route.py:26,Explicit demand-matched cost estimate; independently supplied installed capacity and qualification absent,independently approved limited disposition; implementation-review.md
stellarator_09__stellaris__operational_years,design_attribute,6,../../../../active/WI-074_design-choice-inventory-and-evaluation-contract/residual-dispositions.md,compliant-limited,R08,explicit replace-at-limit/availability policy,retained,6,stellarator_09__stellaris__heat_transport__equipment.years_in;stellarator_09__stellaris__calendar.operational_years_in;stellarator_09__stellaris__buildings__layout.calendar_years_in;stellarator_09__stellaris__cas71_calc.operational_years_in;stellarator_09__stellaris__cas80_calc.operational_years_in;stellarator_09__stellaris__lcoe_calc.operational_years_in,models/library/analyses/mfe_lifecycle.sysml:14;models/designs/generic_mfe/mfe_plant.sysml,Physical fluence life distinct from chosen bundled replacement rule; no arbitrary schedules,independently approved limited disposition; implementation-review.md
stellarator_09__stellaris__other_rpe__alpha,usage_literal,1,../../../../active/WI-074_design-choice-inventory-and-evaluation-contract/residual-dispositions.md,compliant-disclosed-proxy,R09,demand-matched or hybrid capital/annual cost proxy,retained,1,stellarator_09__stellaris__other_rpe.alpha,models/library/analyses/mfe_account_costs.sysml;models/designs/generic_mfe/mfe_subsystems.sysml;models/designs/generic_mfe/mfe_plant.sysml;exploration/stellarator_e2e/studies/study_route.py:26,Explicit demand-matched cost estimate; independently supplied installed capacity and qualification absent,independently approved limited disposition; implementation-review.md
stellarator_09__stellaris__other_rpe__ref_power,usage_literal,1,../../../../active/WI-074_design-choice-inventory-and-evaluation-contract/residual-dispositions.md,compliant-disclosed-proxy,R09,demand-matched or hybrid capital/annual cost proxy,retained,1,stellarator_09__stellaris__other_rpe.ref_power,models/library/analyses/mfe_account_costs.sysml;models/designs/generic_mfe/mfe_subsystems.sysml;models/designs/generic_mfe/mfe_plant.sysml;exploration/stellarator_e2e/studies/study_route.py:26,Explicit demand-matched cost estimate; independently supplied installed capacity and qualification absent,independently approved limited disposition; implementation-review.md
stellarator_09__stellaris__other_rpe_base,design_attribute,1,../../../../active/WI-074_design-choice-inventory-and-evaluation-contract/residual-dispositions.md,compliant-disclosed-proxy,R09,demand-matched or hybrid capital/annual cost proxy,retained,1,stellarator_09__stellaris__other_rpe.base,models/library/analyses/mfe_account_costs.sysml;models/designs/generic_mfe/mfe_subsystems.sysml;models/designs/generic_mfe/mfe_plant.sysml;exploration/stellarator_e2e/studies/study_route.py:26,Explicit demand-matched cost estimate; independently supplied installed capacity and qualification absent,independently approved limited disposition; implementation-review.md
stellarator_09__stellaris__outage_years,design_attribute,2,../../../../active/WI-074_design-choice-inventory-and-evaluation-contract/residual-dispositions.md,compliant-limited,R08,explicit replace-at-limit/availability policy,retained,2,stellarator_09__stellaris__calendar.outage_years_in;stellarator_09__stellaris__buildings__layout.calendar_outage_in,models/library/analyses/mfe_lifecycle.sysml:14;models/designs/generic_mfe/mfe_plant.sysml,Physical fluence life distinct from chosen bundled replacement rule; no arbitrary schedules,independently approved limited disposition; implementation-review.md
stellarator_09__stellaris__owner__alpha,usage_literal,1,../../../../active/WI-074_design-choice-inventory-and-evaluation-contract/residual-dispositions.md,compliant-disclosed-proxy,R09,demand-matched or hybrid capital/annual cost proxy,retained,1,stellarator_09__stellaris__owner.alpha,models/library/analyses/mfe_account_costs.sysml;models/designs/generic_mfe/mfe_subsystems.sysml;models/designs/generic_mfe/mfe_plant.sysml;exploration/stellarator_e2e/studies/study_route.py:26,Explicit demand-matched cost estimate; independently supplied installed capacity and qualification absent,independently approved limited disposition; implementation-review.md
stellarator_09__stellaris__owner__ref_power,usage_literal,1,../../../../active/WI-074_design-choice-inventory-and-evaluation-contract/residual-dispositions.md,compliant-disclosed-proxy,R09,demand-matched or hybrid capital/annual cost proxy,retained,1,stellarator_09__stellaris__owner.ref_power,models/library/analyses/mfe_account_costs.sysml;models/designs/generic_mfe/mfe_subsystems.sysml;models/designs/generic_mfe/mfe_plant.sysml;exploration/stellarator_e2e/studies/study_route.py:26,Explicit demand-matched cost estimate; independently supplied installed capacity and qualification absent,independently approved limited disposition; implementation-review.md
stellarator_09__stellaris__owner_base,design_attribute,1,../../../../active/WI-074_design-choice-inventory-and-evaluation-contract/residual-dispositions.md,compliant-disclosed-proxy,R09,demand-matched or hybrid capital/annual cost proxy,retained,1,stellarator_09__stellaris__owner.base,models/library/analyses/mfe_account_costs.sysml;models/designs/generic_mfe/mfe_subsystems.sysml;models/designs/generic_mfe/mfe_plant.sysml;exploration/stellarator_e2e/studies/study_route.py:26,Explicit demand-matched cost estimate; independently supplied installed capacity and qualification absent,independently approved limited disposition; implementation-review.md
stellarator_09__stellaris__p_house,design_attribute,1,../../../../active/WI-074_design-choice-inventory-and-evaluation-contract/residual-dispositions.md,compliant-limited,R15,chosen constant / criterion / load assumption,retained,1,stellarator_09__stellaris__pb.p_house_in,models/library/analyses/mfe_viability.sysml;models/designs/generic_mfe/mfe_plant.sysml;models/designs/stellarator_09/stellarator_plant.sysml,Comparison or declared assumption; no whole-equipment qualification,independently approved limited disposition; implementation-review.md
stellarator_09__stellaris__plasma__E_fus,design_attribute,2,../../../../active/WI-074_design-choice-inventory-and-evaluation-contract/residual-dispositions.md,compliant-limited,R02,chosen operating state / calculated balance,retained,2,stellarator_09__stellaris__plasma__sustain.E_fus_in;stellarator_09__stellaris__plasma__fusion.E_fus_in,models/library/analyses/mfe_plasma_sustainment.sysml;models/library/structure/mfe_plasma.sysml,Specified-state analysis; no inverse operating closure or guaranteed ignition,independently approved limited disposition; implementation-review.md
stellarator_09__stellaris__plasma__R,design_attribute,10,../../../../active/WI-074_design-choice-inventory-and-evaluation-contract/residual-dispositions.md,compliant-limited,R01,chosen geometry / identity,retained,10,stellarator_09__stellaris__blanket__breeding.R_in;stellarator_09__stellaris__plasma__geom.R_in;stellarator_09__stellaris__magnet__field_calc.R0;stellarator_09__stellaris__plasma__sustain.R_in;stellarator_09__stellaris__divertor__divheat.R_in;stellarator_09__stellaris__rb.R_in;stellarator_09__stellaris__magnet__stored_energy.R0;stellarator_09__stellaris__magnet__peak_field_calc.R_in;stellarator_09__stellaris__magnet__magnet_cost.R0;stellarator_09__stellaris__buildings__layout.major_radius_in,models/library/analyses/mfe_plasma_scaling.sysml:4;models/library/analyses/mfe_plasma_scaling.sysml:52,Torus shape and layer identities; no automatic adequacy; hybrid price separate,independently approved limited disposition; implementation-review.md
stellarator_09__stellaris__plasma__T_i0,design_attribute,2,../../../../active/WI-074_design-choice-inventory-and-evaluation-contract/residual-dispositions.md,compliant-limited,R02,chosen operating state / calculated balance,retained,2,stellarator_09__stellaris__plasma__sustain.T_i0_in;stellarator_09__stellaris__plasma__fusion.T_i0_in,models/library/analyses/mfe_plasma_sustainment.sysml;models/library/structure/mfe_plasma.sysml,Specified-state analysis; no inverse operating closure or guaranteed ignition,independently approved limited disposition; implementation-review.md
stellarator_09__stellaris__plasma__Ti_over_Te,design_attribute,1,../../../../active/WI-074_design-choice-inventory-and-evaluation-contract/residual-dispositions.md,compliant-limited,R02,chosen operating state / calculated balance,retained,1,stellarator_09__stellaris__plasma__sustain.r_TiTe_in,models/library/analyses/mfe_plasma_sustainment.sysml;models/library/structure/mfe_plasma.sysml,Specified-state analysis; no inverse operating closure or guaranteed ignition,independently approved limited disposition; implementation-review.md
stellarator_09__stellaris__plasma__Z_eff_core,design_attribute,1,../../../../active/WI-074_design-choice-inventory-and-evaluation-contract/residual-dispositions.md,compliant-limited,R02,chosen operating state / calculated balance,retained,1,stellarator_09__stellaris__plasma__sustain.Z_eff_in,models/library/analyses/mfe_plasma_sustainment.sysml;models/library/structure/mfe_plasma.sysml,Specified-state analysis; no inverse operating closure or guaranteed ignition,independently approved limited disposition; implementation-review.md
stellarator_09__stellaris__plasma__a,design_attribute,4,../../../../active/WI-074_design-choice-inventory-and-evaluation-contract/residual-dispositions.md,compliant-limited,R01,chosen geometry / identity,retained,4,stellarator_09__stellaris__blanket__breeding.a_in;stellarator_09__stellaris__plasma__geom.a_in;stellarator_09__stellaris__plasma__sustain.a_in;stellarator_09__stellaris__rb.a_in,models/library/analyses/mfe_plasma_scaling.sysml:4;models/library/analyses/mfe_plasma_scaling.sysml:52,Torus shape and layer identities; no automatic adequacy; hybrid price separate,independently approved limited disposition; implementation-review.md
stellarator_09__stellaris__plasma__alpha_T,design_attribute,2,../../../../active/WI-074_design-choice-inventory-and-evaluation-contract/residual-dispositions.md,compliant-limited,R02,chosen operating state / calculated balance,retained,2,stellarator_09__stellaris__plasma__sustain.alpha_T_in;stellarator_09__stellaris__plasma__fusion.alpha_T_in,models/library/analyses/mfe_plasma_sustainment.sysml;models/library/structure/mfe_plasma.sysml,Specified-state analysis; no inverse operating closure or guaranteed ignition,independently approved limited disposition; implementation-review.md
stellarator_09__stellaris__plasma__alpha_n,design_attribute,3,../../../../active/WI-074_design-choice-inventory-and-evaluation-contract/residual-dispositions.md,compliant-limited,R02,chosen operating state / calculated balance,retained,3,stellarator_09__stellaris__plasma__sustain.alpha_n_in;stellarator_09__stellaris__plasma__fusion.alpha_n_in;stellarator_09__stellaris__fuel_cycle__inventory.alpha_n_in,models/library/analyses/mfe_plasma_sustainment.sysml;models/library/structure/mfe_plasma.sysml,Specified-state analysis; no inverse operating closure or guaranteed ignition,independently approved limited disposition; implementation-review.md
stellarator_09__stellaris__plasma__beta_calc__mu0,library_default,1,../../../../active/WI-074_design-choice-inventory-and-evaluation-contract/residual-dispositions.md,compliant-limited,R02,chosen operating state / calculated balance,retained,1,stellarator_09__stellaris__plasma__beta_calc.mu0,models/library/analyses/mfe_plasma_sustainment.sysml;models/library/structure/mfe_plasma.sysml,Specified-state analysis; no inverse operating closure or guaranteed ignition,independently approved limited disposition; implementation-review.md
stellarator_09__stellaris__plasma__f_W_core,design_attribute,1,../../../../active/WI-074_design-choice-inventory-and-evaluation-contract/residual-dispositions.md,compliant-limited,R02,chosen operating state / calculated balance,retained,1,stellarator_09__stellaris__plasma__sustain.f_W_in,models/library/analyses/mfe_plasma_sustainment.sysml;models/library/structure/mfe_plasma.sysml,Specified-state analysis; no inverse operating closure or guaranteed ignition,independently approved limited disposition; implementation-review.md
stellarator_09__stellaris__plasma__f_alpha_fast,design_attribute,1,../../../../active/WI-074_design-choice-inventory-and-evaluation-contract/residual-dispositions.md,compliant-limited,R02,chosen operating state / calculated balance,retained,1,stellarator_09__stellaris__plasma__sustain.f_alpha_in,models/library/analyses/mfe_plasma_sustainment.sysml;models/library/structure/mfe_plasma.sysml,Specified-state analysis; no inverse operating closure or guaranteed ignition,independently approved limited disposition; implementation-review.md
stellarator_09__stellaris__plasma__f_ren,design_attribute,1,../../../../active/WI-074_design-choice-inventory-and-evaluation-contract/residual-dispositions.md,compliant-limited,R02,chosen operating state / calculated balance,retained,1,stellarator_09__stellaris__plasma__sustain.f_ren_in,models/library/analyses/mfe_plasma_sustainment.sysml;models/library/structure/mfe_plasma.sysml,Specified-state analysis; no inverse operating closure or guaranteed ignition,independently approved limited disposition; implementation-review.md
stellarator_09__stellaris__plasma__f_shape,design_attribute,1,../../../../active/WI-074_design-choice-inventory-and-evaluation-contract/residual-dispositions.md,compliant-limited,R02,chosen operating state / calculated balance,retained,1,stellarator_09__stellaris__plasma__geom.f_shape_in,models/library/analyses/mfe_plasma_sustainment.sysml;models/library/structure/mfe_plasma.sysml,Specified-state analysis; no inverse operating closure or guaranteed ignition,independently approved limited disposition; implementation-review.md
stellarator_09__stellaris__plasma__f_suppr_ash,design_attribute,1,../../../../active/WI-074_design-choice-inventory-and-evaluation-contract/residual-dispositions.md,compliant-limited,R02,chosen operating state / calculated balance,retained,1,stellarator_09__stellaris__plasma__sustain.f_suppr_in,models/library/analyses/mfe_plasma_sustainment.sysml;models/library/structure/mfe_plasma.sysml,Specified-state analysis; no inverse operating closure or guaranteed ignition,independently approved limited disposition; implementation-review.md
stellarator_09__stellaris__plasma__geom__pi,library_default,1,../../../../active/WI-074_design-choice-inventory-and-evaluation-contract/residual-dispositions.md,compliant-limited,R01,chosen geometry / identity,retained,1,stellarator_09__stellaris__plasma__geom.pi,models/library/analyses/mfe_plasma_scaling.sysml:4;models/library/analyses/mfe_plasma_scaling.sysml:52,Torus shape and layer identities; no automatic adequacy; hybrid price separate,independently approved limited disposition; implementation-review.md
stellarator_09__stellaris__plasma__iota_23,design_attribute,1,../../../../active/WI-074_design-choice-inventory-and-evaluation-contract/residual-dispositions.md,compliant-limited,R02,chosen operating state / calculated balance,retained,1,stellarator_09__stellaris__plasma__sustain.iota_23_in,models/library/analyses/mfe_plasma_sustainment.sysml;models/library/structure/mfe_plasma.sysml,Specified-state analysis; no inverse operating closure or guaranteed ignition,independently approved limited disposition; implementation-review.md
stellarator_09__stellaris__plasma__kappa,design_attribute,3,../../../../active/WI-074_design-choice-inventory-and-evaluation-contract/residual-dispositions.md,compliant-limited,R01,chosen geometry / identity,retained,3,stellarator_09__stellaris__blanket__breeding.kappa_in;stellarator_09__stellaris__plasma__geom.kappa_in;stellarator_09__stellaris__rb.kappa_in,models/library/analyses/mfe_plasma_scaling.sysml:4;models/library/analyses/mfe_plasma_scaling.sysml:52,Torus shape and layer identities; no automatic adequacy; hybrid price separate,independently approved limited disposition; implementation-review.md
stellarator_09__stellaris__plasma__n_e,design_attribute,1,../../../../active/WI-074_design-choice-inventory-and-evaluation-contract/residual-dispositions.md,compliant-limited,R02,chosen operating state / calculated balance,retained,1,stellarator_09__stellaris__plasma__fusion.n_e_in,models/library/analyses/mfe_plasma_sustainment.sysml;models/library/structure/mfe_plasma.sysml,Specified-state analysis; no inverse operating closure or guaranteed ignition,independently approved limited disposition; implementation-review.md
stellarator_09__stellaris__plasma__n_e0,design_attribute,1,../../../../active/WI-074_design-choice-inventory-and-evaluation-contract/residual-dispositions.md,compliant-limited,R02,chosen operating state / calculated balance,retained,1,stellarator_09__stellaris__plasma__sustain.n_e0_in,models/library/analyses/mfe_plasma_sustainment.sysml;models/library/structure/mfe_plasma.sysml,Specified-state analysis; no inverse operating closure or guaranteed ignition,independently approved limited disposition; implementation-review.md
stellarator_09__stellaris__plasma__sigma_v,design_attribute,1,../../../../active/WI-074_design-choice-inventory-and-evaluation-contract/residual-dispositions.md,compliant-limited,R02,chosen operating state / calculated balance,retained,1,stellarator_09__stellaris__plasma__fusion.sigma_v_in,models/library/analyses/mfe_plasma_sustainment.sysml;models/library/structure/mfe_plasma.sysml,Specified-state analysis; no inverse operating closure or guaranteed ignition,independently approved limited disposition; implementation-review.md
stellarator_09__stellaris__plasma__sustain__R_w_sync_in,library_default,1,../../../../active/WI-074_design-choice-inventory-and-evaluation-contract/residual-dispositions.md,compliant-limited,R02,chosen operating state / calculated balance,retained,1,stellarator_09__stellaris__plasma__sustain.R_w_sync_in,models/library/analyses/mfe_plasma_sustainment.sysml;models/library/structure/mfe_plasma.sysml,Specified-state analysis; no inverse operating closure or guaranteed ignition,independently approved limited disposition; implementation-review.md
stellarator_09__stellaris__plasma__sustain__ash_frac_in,library_default,1,../../../../active/WI-074_design-choice-inventory-and-evaluation-contract/residual-dispositions.md,compliant-limited,R02,chosen operating state / calculated balance,retained,1,stellarator_09__stellaris__plasma__sustain.ash_frac_in,models/library/analyses/mfe_plasma_sustainment.sysml;models/library/structure/mfe_plasma.sysml,Specified-state analysis; no inverse operating closure or guaranteed ignition,independently approved limited disposition; implementation-review.md
stellarator_09__stellaris__plasma__sustain__kappa_sync_in,library_default,1,../../../../active/WI-074_design-choice-inventory-and-evaluation-contract/residual-dispositions.md,compliant-limited,R02,chosen operating state / calculated balance,retained,1,stellarator_09__stellaris__plasma__sustain.kappa_sync_in,models/library/analyses/mfe_plasma_sustainment.sysml;models/library/structure/mfe_plasma.sysml,Specified-state analysis; no inverse operating closure or guaranteed ignition,independently approved limited disposition; implementation-review.md
stellarator_09__stellaris__plasma__tau_ratio_ash,design_attribute,1,../../../../active/WI-074_design-choice-inventory-and-evaluation-contract/residual-dispositions.md,compliant-limited,R02,chosen operating state / calculated balance,retained,1,stellarator_09__stellaris__plasma__sustain.tau_ratio_in,models/library/analyses/mfe_plasma_sustainment.sysml;models/library/structure/mfe_plasma.sysml,Specified-state analysis; no inverse operating closure or guaranteed ignition,independently approved limited disposition; implementation-review.md
stellarator_09__stellaris__power_supplies__base,design_attribute,1,../../../../active/WI-074_design-choice-inventory-and-evaluation-contract/residual-dispositions.md,compliant-disclosed-proxy,R09,demand-matched or hybrid capital/annual cost proxy,retained,1,stellarator_09__stellaris__power_supplies__power_supplies_cost.base,models/library/analyses/mfe_account_costs.sysml;models/designs/generic_mfe/mfe_subsystems.sysml;models/designs/generic_mfe/mfe_plant.sysml;exploration/stellarator_e2e/studies/study_route.py:26,Explicit demand-matched cost estimate; independently supplied installed capacity and qualification absent,independently approved limited disposition; implementation-review.md
stellarator_09__stellaris__power_supplies__p_pf,design_attribute,1,../../../../active/WI-074_design-choice-inventory-and-evaluation-contract/residual-dispositions.md,compliant-limited,R15,chosen constant / criterion / load assumption,retained,1,stellarator_09__stellaris__pb.p_pf_in,models/library/analyses/mfe_viability.sysml;models/designs/generic_mfe/mfe_plant.sysml;models/designs/stellarator_09/stellarator_plant.sysml,Comparison or declared assumption; no whole-equipment qualification,independently approved limited disposition; implementation-review.md
stellarator_09__stellaris__power_supplies__p_tf,design_attribute,1,../../../../active/WI-074_design-choice-inventory-and-evaluation-contract/residual-dispositions.md,compliant-limited,R15,chosen constant / criterion / load assumption,retained,1,stellarator_09__stellaris__power_supplies__tf_power.p_a,models/library/analyses/mfe_viability.sysml;models/designs/generic_mfe/mfe_plant.sysml;models/designs/stellarator_09/stellarator_plant.sysml,Comparison or declared assumption; no whole-equipment qualification,independently approved limited disposition; implementation-review.md
stellarator_09__stellaris__power_supplies__power_supplies_cost__alpha,library_default,1,../../../../active/WI-074_design-choice-inventory-and-evaluation-contract/residual-dispositions.md,compliant-disclosed-proxy,R09,demand-matched or hybrid capital/annual cost proxy,retained,1,stellarator_09__stellaris__power_supplies__power_supplies_cost.alpha,models/library/analyses/mfe_account_costs.sysml;models/designs/generic_mfe/mfe_subsystems.sysml;models/designs/generic_mfe/mfe_plant.sysml;exploration/stellarator_e2e/studies/study_route.py:26,Explicit demand-matched cost estimate; independently supplied installed capacity and qualification absent,independently approved limited disposition; implementation-review.md
stellarator_09__stellaris__power_supplies__power_supplies_cost__p_et_ref,library_default,1,../../../../active/WI-074_design-choice-inventory-and-evaluation-contract/residual-dispositions.md,compliant-disclosed-proxy,R09,demand-matched or hybrid capital/annual cost proxy,retained,1,stellarator_09__stellaris__power_supplies__power_supplies_cost.p_et_ref,models/library/analyses/mfe_account_costs.sysml;models/designs/generic_mfe/mfe_subsystems.sysml;models/designs/generic_mfe/mfe_plant.sysml;exploration/stellarator_e2e/studies/study_route.py:26,Explicit demand-matched cost estimate; independently supplied installed capacity and qualification absent,independently approved limited disposition; implementation-review.md
stellarator_09__stellaris__precon_cost__land_cost,library_default,1,../../../../active/WI-074_design-choice-inventory-and-evaluation-contract/residual-dispositions.md,compliant-disclosed-proxy,R10,legacy/dormant demand-matched allowance,retained,1,stellarator_09__stellaris__precon_cost.land_cost,models/library/analyses/mfe_account_costs.sysml:310;models/library/structure/mfe_plant_systems.sysml;models/designs/generic_mfe/mfe_plant.sysml;exploration/stellarator_e2e/studies/study_route.py:26,Explicit demand-matched cost estimate; independently supplied installed capacity and qualification absent,independently approved limited disposition; implementation-review.md
stellarator_09__stellaris__precon_cost__land_intensity,library_default,1,../../../../active/WI-074_design-choice-inventory-and-evaluation-contract/residual-dispositions.md,compliant-disclosed-proxy,R10,legacy/dormant demand-matched allowance,retained,1,stellarator_09__stellaris__precon_cost.land_intensity,models/library/analyses/mfe_account_costs.sysml:310;models/library/structure/mfe_plant_systems.sysml;models/designs/generic_mfe/mfe_plant.sysml;exploration/stellarator_e2e/studies/study_route.py:26,Explicit demand-matched cost estimate; independently supplied installed capacity and qualification absent,independently approved limited disposition; implementation-review.md
stellarator_09__stellaris__precon_cost__n_mod_in,library_default,1,../../../../active/WI-074_design-choice-inventory-and-evaluation-contract/residual-dispositions.md,compliant-disclosed-proxy,R10,legacy/dormant demand-matched allowance,retained,1,stellarator_09__stellaris__precon_cost.n_mod_in,models/library/analyses/mfe_account_costs.sysml:310;models/library/structure/mfe_plant_systems.sysml;models/designs/generic_mfe/mfe_plant.sysml;exploration/stellarator_e2e/studies/study_route.py:26,Explicit demand-matched cost estimate; independently supplied installed capacity and qualification absent,independently approved limited disposition; implementation-review.md
stellarator_09__stellaris__precon_cost__ref_net_power,library_default,1,../../../../active/WI-074_design-choice-inventory-and-evaluation-contract/residual-dispositions.md,compliant-disclosed-proxy,R10,legacy/dormant demand-matched allowance,retained,1,stellarator_09__stellaris__precon_cost.ref_net_power,models/library/analyses/mfe_account_costs.sysml:310;models/library/structure/mfe_plant_systems.sysml;models/designs/generic_mfe/mfe_plant.sysml;exploration/stellarator_e2e/studies/study_route.py:26,Explicit demand-matched cost estimate; independently supplied installed capacity and qualification absent,independently approved limited disposition; implementation-review.md
stellarator_09__stellaris__precon_fixed_base,design_attribute,2,../../../../active/WI-074_design-choice-inventory-and-evaluation-contract/residual-dispositions.md,compliant-limited,R14,financial/accounting policy or scalar allowance,retained,2,stellarator_09__stellaris__precon_cost.fixed_precon;stellarator_09__stellaris__facility_preconstruction.fixed_in,models/library/analyses/mfe_account_costs.sysml;models/library/analyses/mfe_lcoe_dcf.sysml;models/designs/generic_mfe/mfe_plant.sysml,Accounting identity/policy only; power-scaled account portion classified separately,independently approved limited disposition; implementation-review.md
stellarator_09__stellaris__rb__pi,library_default,1,../../../../active/WI-074_design-choice-inventory-and-evaluation-contract/residual-dispositions.md,compliant-limited,R01,chosen geometry / identity,retained,1,stellarator_09__stellaris__rb.pi,models/library/analyses/mfe_plasma_scaling.sysml:4;models/library/analyses/mfe_plasma_scaling.sysml:52,Torus shape and layer identities; no automatic adequacy; hybrid price separate,independently approved limited disposition; implementation-review.md
stellarator_09__stellaris__recirc_ok__threshold,library_default,1,../../../../active/WI-074_design-choice-inventory-and-evaluation-contract/residual-dispositions.md,compliant-limited,R15,chosen constant / criterion / load assumption,retained,1,stellarator_09__stellaris__recirc_ok__afc3be66f0a3421b.threshold,models/library/analyses/mfe_viability.sysml;models/designs/generic_mfe/mfe_plant.sysml;models/designs/stellarator_09/stellarator_plant.sysml,Comparison or declared assumption; no whole-equipment qualification,independently approved limited disposition; implementation-review.md
stellarator_09__stellaris__remote_handling__alpha,library_default,1,../../../../active/WI-074_design-choice-inventory-and-evaluation-contract/residual-dispositions.md,compliant-disclosed-proxy,R09,demand-matched or hybrid capital/annual cost proxy,retained,1,stellarator_09__stellaris__remote_handling.alpha,models/library/analyses/mfe_account_costs.sysml;models/designs/generic_mfe/mfe_subsystems.sysml;models/designs/generic_mfe/mfe_plant.sysml;exploration/stellarator_e2e/studies/study_route.py:26,Explicit demand-matched cost estimate; independently supplied installed capacity and qualification absent,independently approved limited disposition; implementation-review.md
stellarator_09__stellaris__remote_handling__p_et_ref,library_default,1,../../../../active/WI-074_design-choice-inventory-and-evaluation-contract/residual-dispositions.md,compliant-disclosed-proxy,R09,demand-matched or hybrid capital/annual cost proxy,retained,1,stellarator_09__stellaris__remote_handling.p_et_ref,models/library/analyses/mfe_account_costs.sysml;models/designs/generic_mfe/mfe_subsystems.sysml;models/designs/generic_mfe/mfe_plant.sysml;exploration/stellarator_e2e/studies/study_route.py:26,Explicit demand-matched cost estimate; independently supplied installed capacity and qualification absent,independently approved limited disposition; implementation-review.md
stellarator_09__stellaris__remote_handling_base,design_attribute,1,../../../../active/WI-074_design-choice-inventory-and-evaluation-contract/residual-dispositions.md,compliant-disclosed-proxy,R09,demand-matched or hybrid capital/annual cost proxy,retained,1,stellarator_09__stellaris__remote_handling.base,models/library/analyses/mfe_account_costs.sysml;models/designs/generic_mfe/mfe_subsystems.sysml;models/designs/generic_mfe/mfe_plant.sysml;exploration/stellarator_e2e/studies/study_route.py:26,Explicit demand-matched cost estimate; independently supplied installed capacity and qualification absent,independently approved limited disposition; implementation-review.md
stellarator_09__stellaris__shield__ht_shield_t,design_attribute,2,../../../../active/WI-074_design-choice-inventory-and-evaluation-contract/residual-dispositions.md,compliant-limited,R01,chosen geometry / identity,retained,2,stellarator_09__stellaris__blanket__breeding.ht_shield_t_in;stellarator_09__stellaris__rb.ht_shield_t_in,models/library/analyses/mfe_plasma_scaling.sysml:4;models/library/analyses/mfe_plasma_scaling.sysml:52,Torus shape and layer identities; no automatic adequacy; hybrid price separate,independently approved limited disposition; implementation-review.md
stellarator_09__stellaris__shield__lt_shield_t,design_attribute,1,../../../../active/WI-074_design-choice-inventory-and-evaluation-contract/residual-dispositions.md,compliant-limited,R01,chosen geometry / identity,retained,1,stellarator_09__stellaris__rb.lt_shield_t_in,models/library/analyses/mfe_plasma_scaling.sysml:4;models/library/analyses/mfe_plasma_scaling.sysml:52,Torus shape and layer identities; no automatic adequacy; hybrid price separate,independently approved limited disposition; implementation-review.md
stellarator_09__stellaris__shield__shield_cost__alpha,library_default,1,../../../../active/WI-074_design-choice-inventory-and-evaluation-contract/residual-dispositions.md,compliant-disclosed-proxy,R09,demand-matched or hybrid capital/annual cost proxy,retained,1,stellarator_09__stellaris__shield__shield_cost.alpha,models/library/analyses/mfe_account_costs.sysml;models/designs/generic_mfe/mfe_subsystems.sysml;models/designs/generic_mfe/mfe_plant.sysml;exploration/stellarator_e2e/studies/study_route.py:26,Explicit demand-matched cost estimate; independently supplied installed capacity and qualification absent,independently approved limited disposition; implementation-review.md
stellarator_09__stellaris__shield__shield_cost__p_th_ref,library_default,1,../../../../active/WI-074_design-choice-inventory-and-evaluation-contract/residual-dispositions.md,compliant-disclosed-proxy,R09,demand-matched or hybrid capital/annual cost proxy,retained,1,stellarator_09__stellaris__shield__shield_cost.p_th_ref,models/library/analyses/mfe_account_costs.sysml;models/designs/generic_mfe/mfe_subsystems.sysml;models/designs/generic_mfe/mfe_plant.sysml;exploration/stellarator_e2e/studies/study_route.py:26,Explicit demand-matched cost estimate; independently supplied installed capacity and qualification absent,independently approved limited disposition; implementation-review.md
stellarator_09__stellaris__shield__shield_scale,design_attribute,1,../../../../active/WI-074_design-choice-inventory-and-evaluation-contract/residual-dispositions.md,compliant-disclosed-proxy,R09,demand-matched or hybrid capital/annual cost proxy,retained,1,stellarator_09__stellaris__shield__shield_cost.shield_scale,models/library/analyses/mfe_account_costs.sysml;models/designs/generic_mfe/mfe_subsystems.sysml;models/designs/generic_mfe/mfe_plant.sysml;exploration/stellarator_e2e/studies/study_route.py:26,Explicit demand-matched cost estimate; independently supplied installed capacity and qualification absent,independently approved limited disposition; implementation-review.md
stellarator_09__stellaris__shield__unit_cost,design_attribute,1,../../../../active/WI-074_design-choice-inventory-and-evaluation-contract/residual-dispositions.md,compliant-disclosed-proxy,R09,demand-matched or hybrid capital/annual cost proxy,retained,1,stellarator_09__stellaris__shield__shield_cost.unit_cost,models/library/analyses/mfe_account_costs.sysml;models/designs/generic_mfe/mfe_subsystems.sysml;models/designs/generic_mfe/mfe_plant.sysml;exploration/stellarator_e2e/studies/study_route.py:26,Explicit demand-matched cost estimate; independently supplied installed capacity and qualification absent,independently approved limited disposition; implementation-review.md
stellarator_09__stellaris__structure__residual_fraction,design_attribute,1,../../../../active/WI-074_design-choice-inventory-and-evaluation-contract/residual-dispositions.md,compliant-disclosed-proxy,R09,demand-matched or hybrid capital/annual cost proxy,retained,1,stellarator_09__stellaris__structure__structure_cost.residual_fraction,models/library/analyses/mfe_account_costs.sysml;models/designs/generic_mfe/mfe_subsystems.sysml;models/designs/generic_mfe/mfe_plant.sysml;exploration/stellarator_e2e/studies/study_route.py:26,Explicit demand-matched cost estimate; independently supplied installed capacity and qualification absent,independently approved limited disposition; implementation-review.md
stellarator_09__stellaris__structure__structure_cost__alpha,library_default,1,../../../../active/WI-074_design-choice-inventory-and-evaluation-contract/residual-dispositions.md,compliant-disclosed-proxy,R09,demand-matched or hybrid capital/annual cost proxy,retained,1,stellarator_09__stellaris__structure__structure_cost.alpha,models/library/analyses/mfe_account_costs.sysml;models/designs/generic_mfe/mfe_subsystems.sysml;models/designs/generic_mfe/mfe_plant.sysml;exploration/stellarator_e2e/studies/study_route.py:26,Explicit demand-matched cost estimate; independently supplied installed capacity and qualification absent,independently approved limited disposition; implementation-review.md
stellarator_09__stellaris__structure__structure_cost__p_et_ref,library_default,1,../../../../active/WI-074_design-choice-inventory-and-evaluation-contract/residual-dispositions.md,compliant-disclosed-proxy,R09,demand-matched or hybrid capital/annual cost proxy,retained,1,stellarator_09__stellaris__structure__structure_cost.p_et_ref,models/library/analyses/mfe_account_costs.sysml;models/designs/generic_mfe/mfe_subsystems.sysml;models/designs/generic_mfe/mfe_plant.sysml;exploration/stellarator_e2e/studies/study_route.py:26,Explicit demand-matched cost estimate; independently supplied installed capacity and qualification absent,independently approved limited disposition; implementation-review.md
stellarator_09__stellaris__structure__structure_t,design_attribute,2,../../../../active/WI-074_design-choice-inventory-and-evaluation-contract/residual-dispositions.md,compliant-limited,R01,chosen geometry / identity,retained,2,stellarator_09__stellaris__blanket__breeding.structure_t_in;stellarator_09__stellaris__rb.structure_t_in,models/library/analyses/mfe_plasma_scaling.sysml:4;models/library/analyses/mfe_plasma_scaling.sysml:52,Torus shape and layer identities; no automatic adequacy; hybrid price separate,independently approved limited disposition; implementation-review.md
stellarator_09__stellaris__structure__unit_cost,design_attribute,1,../../../../active/WI-074_design-choice-inventory-and-evaluation-contract/residual-dispositions.md,compliant-disclosed-proxy,R09,demand-matched or hybrid capital/annual cost proxy,retained,1,stellarator_09__stellaris__structure__structure_cost.unit_cost,models/library/analyses/mfe_account_costs.sysml;models/designs/generic_mfe/mfe_subsystems.sysml;models/designs/generic_mfe/mfe_plant.sysml;exploration/stellarator_e2e/studies/study_route.py:26,Explicit demand-matched cost estimate; independently supplied installed capacity and qualification absent,independently approved limited disposition; implementation-review.md
stellarator_09__stellaris__supplementary__contingency_rate_in,library_default,1,../../../../active/WI-074_design-choice-inventory-and-evaluation-contract/residual-dispositions.md,compliant-limited,R14,financial/accounting policy or scalar allowance,retained,1,stellarator_09__stellaris__supplementary.contingency_rate_in,models/library/analyses/mfe_account_costs.sysml;models/library/analyses/mfe_lcoe_dcf.sysml;models/designs/generic_mfe/mfe_plant.sysml,Accounting identity/policy only; power-scaled account portion classified separately,independently approved limited disposition; implementation-review.md
stellarator_09__stellaris__supplementary__insurance_frac,library_default,1,../../../../active/WI-074_design-choice-inventory-and-evaluation-contract/residual-dispositions.md,compliant-limited,R14,financial/accounting policy or scalar allowance,retained,1,stellarator_09__stellaris__supplementary.insurance_frac,models/library/analyses/mfe_account_costs.sysml;models/library/analyses/mfe_lcoe_dcf.sysml;models/designs/generic_mfe/mfe_plant.sysml,Accounting identity/policy only; power-scaled account portion classified separately,independently approved limited disposition; implementation-review.md
stellarator_09__stellaris__supplementary__ref_net_power,library_default,1,../../../../active/WI-074_design-choice-inventory-and-evaluation-contract/residual-dispositions.md,compliant-limited,R14,financial/accounting policy or scalar allowance,retained,1,stellarator_09__stellaris__supplementary.ref_net_power,models/library/analyses/mfe_account_costs.sysml;models/library/analyses/mfe_lcoe_dcf.sysml;models/designs/generic_mfe/mfe_plant.sysml,Accounting identity/policy only; power-scaled account portion classified separately,independently approved limited disposition; implementation-review.md
stellarator_09__stellaris__supplementary__shipping_frac,library_default,1,../../../../active/WI-074_design-choice-inventory-and-evaluation-contract/residual-dispositions.md,compliant-limited,R14,financial/accounting policy or scalar allowance,retained,1,stellarator_09__stellaris__supplementary.shipping_frac,models/library/analyses/mfe_account_costs.sysml;models/library/analyses/mfe_lcoe_dcf.sysml;models/designs/generic_mfe/mfe_plant.sysml,Accounting identity/policy only; power-scaled account portion classified separately,independently approved limited disposition; implementation-review.md
stellarator_09__stellaris__supplementary__tax_frac,library_default,1,../../../../active/WI-074_design-choice-inventory-and-evaluation-contract/residual-dispositions.md,compliant-limited,R14,financial/accounting policy or scalar allowance,retained,1,stellarator_09__stellaris__supplementary.tax_frac,models/library/analyses/mfe_account_costs.sysml;models/library/analyses/mfe_lcoe_dcf.sysml;models/designs/generic_mfe/mfe_plant.sysml,Accounting identity/policy only; power-scaled account portion classified separately,independently approved limited disposition; implementation-review.md
stellarator_09__stellaris__supplementary_decom_base,design_attribute,1,../../../../active/WI-074_design-choice-inventory-and-evaluation-contract/residual-dispositions.md,compliant-limited,R14,financial/accounting policy or scalar allowance,retained,1,stellarator_09__stellaris__supplementary.decom_base,models/library/analyses/mfe_account_costs.sysml;models/library/analyses/mfe_lcoe_dcf.sysml;models/designs/generic_mfe/mfe_plant.sysml,Accounting identity/policy only; power-scaled account portion classified separately,independently approved limited disposition; implementation-review.md
stellarator_09__stellaris__supplementary_spares_frac,design_attribute,1,../../../../active/WI-074_design-choice-inventory-and-evaluation-contract/residual-dispositions.md,compliant-limited,R14,financial/accounting policy or scalar allowance,retained,1,stellarator_09__stellaris__supplementary.spares_frac,models/library/analyses/mfe_account_costs.sysml;models/library/analyses/mfe_lcoe_dcf.sysml;models/designs/generic_mfe/mfe_plant.sysml,Accounting identity/policy only; power-scaled account portion classified separately,independently approved limited disposition; implementation-review.md
stellarator_09__stellaris__supplementary_startup_base,design_attribute,1,../../../../active/WI-074_design-choice-inventory-and-evaluation-contract/residual-dispositions.md,compliant-limited,R14,financial/accounting policy or scalar allowance,retained,1,stellarator_09__stellaris__supplementary.startup_fuel_base,models/library/analyses/mfe_account_costs.sysml;models/library/analyses/mfe_lcoe_dcf.sysml;models/designs/generic_mfe/mfe_plant.sysml,Accounting identity/policy only; power-scaled account portion classified separately,independently approved limited disposition; implementation-review.md
stellarator_09__stellaris__tbr_floor,design_attribute,1,../../../../active/WI-074_design-choice-inventory-and-evaluation-contract/residual-dispositions.md,compliant-limited,R15,chosen constant / criterion / load assumption,retained,1,stellarator_09__stellaris__breeding_adequacy.tbr_floor_in,models/library/analyses/mfe_viability.sysml;models/designs/generic_mfe/mfe_plant.sysml;models/designs/stellarator_09/stellarator_plant.sysml,Comparison or declared assumption; no whole-equipment qualification,independently approved limited disposition; implementation-review.md
stellarator_09__stellaris__turbine__T2_max,design_attribute,1,../../../../active/WI-074_design-choice-inventory-and-evaluation-contract/residual-dispositions.md,compliant-limited,R11,specified-state thermal operating closure,retained,1,stellarator_09__stellaris__turbine__cycle.T2_max_in,models/library/analyses/mfe_power_cycle.sysml;models/library/analyses/mfe_matched_steam_cycle.sysml,Required steam/water work and flow; no independently installed equipment rating,independently approved limited disposition; implementation-review.md
stellarator_09__stellaris__turbine__T2_min,design_attribute,1,../../../../active/WI-074_design-choice-inventory-and-evaluation-contract/residual-dispositions.md,compliant-limited,R11,specified-state thermal operating closure,retained,1,stellarator_09__stellaris__turbine__cycle.T2_min_in,models/library/analyses/mfe_power_cycle.sysml;models/library/analyses/mfe_matched_steam_cycle.sysml,Required steam/water work and flow; no independently installed equipment rating,independently approved limited disposition; implementation-review.md
stellarator_09__stellaris__turbine__T_offset_fit,design_attribute,1,../../../../active/WI-074_design-choice-inventory-and-evaluation-contract/residual-dispositions.md,compliant-limited,R11,specified-state thermal operating closure,retained,1,stellarator_09__stellaris__turbine__cycle.T_offset_fit_in,models/library/analyses/mfe_power_cycle.sysml;models/library/analyses/mfe_matched_steam_cycle.sysml,Required steam/water work and flow; no independently installed equipment rating,independently approved limited disposition; implementation-review.md
stellarator_09__stellaris__turbine__a_fit,design_attribute,1,../../../../active/WI-074_design-choice-inventory-and-evaluation-contract/residual-dispositions.md,compliant-limited,R11,specified-state thermal operating closure,retained,1,stellarator_09__stellaris__turbine__cycle.a_fit_in,models/library/analyses/mfe_power_cycle.sysml;models/library/analyses/mfe_matched_steam_cycle.sysml,Required steam/water work and flow; no independently installed equipment rating,independently approved limited disposition; implementation-review.md
stellarator_09__stellaris__turbine__b_fit,design_attribute,1,../../../../active/WI-074_design-choice-inventory-and-evaluation-contract/residual-dispositions.md,compliant-limited,R11,specified-state thermal operating closure,retained,1,stellarator_09__stellaris__turbine__cycle.b_fit_in,models/library/analyses/mfe_power_cycle.sysml;models/library/analyses/mfe_matched_steam_cycle.sysml,Required steam/water work and flow; no independently installed equipment rating,independently approved limited disposition; implementation-review.md
stellarator_09__stellaris__turbine__condensate_pump__efficiency,design_attribute,1,../../../../active/WI-074_design-choice-inventory-and-evaluation-contract/residual-dispositions.md,compliant-limited,R11,specified-state thermal operating closure,retained,1,stellarator_09__stellaris__turbine__matched_cycle.eta_condensate_pump_in,models/library/analyses/mfe_power_cycle.sysml;models/library/analyses/mfe_matched_steam_cycle.sysml,Required steam/water work and flow; no independently installed equipment rating,independently approved limited disposition; implementation-review.md
stellarator_09__stellaris__turbine__condenser__temperature_C,design_attribute,1,../../../../active/WI-074_design-choice-inventory-and-evaluation-contract/residual-dispositions.md,compliant-limited,R11,specified-state thermal operating closure,retained,1,stellarator_09__stellaris__turbine__matched_cycle.condenser_temperature_C_in,models/library/analyses/mfe_power_cycle.sysml;models/library/analyses/mfe_matched_steam_cycle.sysml,Required steam/water work and flow; no independently installed equipment rating,independently approved limited disposition; implementation-review.md
stellarator_09__stellaris__turbine__cost_per_mw,design_attribute,1,../../../../active/WI-074_design-choice-inventory-and-evaluation-contract/residual-dispositions.md,compliant-disclosed-proxy,R09,demand-matched or hybrid capital/annual cost proxy,retained,1,stellarator_09__stellaris__turbine__turbine_cost.cost_per_mw,models/library/analyses/mfe_account_costs.sysml;models/designs/generic_mfe/mfe_subsystems.sysml;models/designs/generic_mfe/mfe_plant.sysml;exploration/stellarator_e2e/studies/study_route.py:26,Explicit demand-matched cost estimate; independently supplied installed capacity and qualification absent,independently approved limited disposition; implementation-review.md
stellarator_09__stellaris__turbine__cycle_live,design_attribute,1,../../../../active/WI-074_design-choice-inventory-and-evaluation-contract/residual-dispositions.md,compliant-limited,R11,specified-state thermal operating closure,retained,1,stellarator_09__stellaris__turbine__cycle.cycle_live_in,models/library/analyses/mfe_power_cycle.sysml;models/library/analyses/mfe_matched_steam_cycle.sysml,Required steam/water work and flow; no independently installed equipment rating,independently approved limited disposition; implementation-review.md
stellarator_09__stellaris__turbine__dT_approach,design_attribute,1,../../../../active/WI-074_design-choice-inventory-and-evaluation-contract/residual-dispositions.md,compliant-limited,R11,specified-state thermal operating closure,retained,1,stellarator_09__stellaris__turbine__cycle.dT_approach_in,models/library/analyses/mfe_power_cycle.sysml;models/library/analyses/mfe_matched_steam_cycle.sysml,Required steam/water work and flow; no independently installed equipment rating,independently approved limited disposition; implementation-review.md
stellarator_09__stellaris__turbine__delta_eta,design_attribute,1,../../../../active/WI-074_design-choice-inventory-and-evaluation-contract/residual-dispositions.md,compliant-limited,R11,specified-state thermal operating closure,retained,1,stellarator_09__stellaris__turbine__cycle.delta_eta_in,models/library/analyses/mfe_power_cycle.sysml;models/library/analyses/mfe_matched_steam_cycle.sysml,Required steam/water work and flow; no independently installed equipment rating,independently approved limited disposition; implementation-review.md
stellarator_09__stellaris__turbine__eta_th_direct,design_attribute,1,../../../../active/WI-074_design-choice-inventory-and-evaluation-contract/residual-dispositions.md,compliant-limited,R11,specified-state thermal operating closure,retained,1,stellarator_09__stellaris__turbine__cycle.eta_th_direct_in,models/library/analyses/mfe_power_cycle.sysml;models/library/analyses/mfe_matched_steam_cycle.sysml,Required steam/water work and flow; no independently installed equipment rating,independently approved limited disposition; implementation-review.md
stellarator_09__stellaris__turbine__feedwater_pump__efficiency,design_attribute,1,../../../../active/WI-074_design-choice-inventory-and-evaluation-contract/residual-dispositions.md,compliant-limited,R11,specified-state thermal operating closure,retained,1,stellarator_09__stellaris__turbine__matched_cycle.eta_feedwater_pump_in,models/library/analyses/mfe_power_cycle.sysml;models/library/analyses/mfe_matched_steam_cycle.sysml,Required steam/water work and flow; no independently installed equipment rating,independently approved limited disposition; implementation-review.md
stellarator_09__stellaris__turbine__generator__generator_efficiency,design_attribute,1,../../../../active/WI-074_design-choice-inventory-and-evaluation-contract/residual-dispositions.md,compliant-limited,R11,specified-state thermal operating closure,retained,1,stellarator_09__stellaris__turbine__matched_cycle.eta_generator_in,models/library/analyses/mfe_power_cycle.sysml;models/library/analyses/mfe_matched_steam_cycle.sysml,Required steam/water work and flow; no independently installed equipment rating,independently approved limited disposition; implementation-review.md
stellarator_09__stellaris__turbine__generator__mechanical_efficiency,design_attribute,1,../../../../active/WI-074_design-choice-inventory-and-evaluation-contract/residual-dispositions.md,compliant-limited,R11,specified-state thermal operating closure,retained,1,stellarator_09__stellaris__turbine__matched_cycle.eta_mechanical_in,models/library/analyses/mfe_power_cycle.sysml;models/library/analyses/mfe_matched_steam_cycle.sysml,Required steam/water work and flow; no independently installed equipment rating,independently approved limited disposition; implementation-review.md
stellarator_09__stellaris__turbine__hp_turbine__efficiency,design_attribute,1,../../../../active/WI-074_design-choice-inventory-and-evaluation-contract/residual-dispositions.md,compliant-limited,R11,specified-state thermal operating closure,retained,1,stellarator_09__stellaris__turbine__matched_cycle.eta_hp_in,models/library/analyses/mfe_power_cycle.sysml;models/library/analyses/mfe_matched_steam_cycle.sysml,Required steam/water work and flow; no independently installed equipment rating,independently approved limited disposition; implementation-review.md
stellarator_09__stellaris__turbine__lp_turbine__efficiency,design_attribute,1,../../../../active/WI-074_design-choice-inventory-and-evaluation-contract/residual-dispositions.md,compliant-limited,R11,specified-state thermal operating closure,retained,1,stellarator_09__stellaris__turbine__matched_cycle.eta_lp_in,models/library/analyses/mfe_power_cycle.sysml;models/library/analyses/mfe_matched_steam_cycle.sysml,Required steam/water work and flow; no independently installed equipment rating,independently approved limited disposition; implementation-review.md
stellarator_09__stellaris__turbine__main_steam_generator__outlet_temperature_C,design_attribute,1,../../../../active/WI-074_design-choice-inventory-and-evaluation-contract/residual-dispositions.md,compliant-limited,R11,specified-state thermal operating closure,retained,1,stellarator_09__stellaris__turbine__matched_cycle.steam_temperature_C_in,models/library/analyses/mfe_power_cycle.sysml;models/library/analyses/mfe_matched_steam_cycle.sysml,Required steam/water work and flow; no independently installed equipment rating,independently approved limited disposition; implementation-review.md
stellarator_09__stellaris__turbine__main_steam_generator__pressure_MPa,design_attribute,1,../../../../active/WI-074_design-choice-inventory-and-evaluation-contract/residual-dispositions.md,compliant-limited,R11,specified-state thermal operating closure,retained,1,stellarator_09__stellaris__turbine__matched_cycle.main_pressure_MPa_in,models/library/analyses/mfe_power_cycle.sysml;models/library/analyses/mfe_matched_steam_cycle.sysml,Required steam/water work and flow; no independently installed equipment rating,independently approved limited disposition; implementation-review.md
stellarator_09__stellaris__turbine__matched_cycle_enabled,design_attribute,5,../../../../active/WI-074_design-choice-inventory-and-evaluation-contract/residual-dispositions.md,compliant-limited,R11,specified-state thermal operating closure,retained,5,stellarator_09__stellaris__turbine__matched_cycle.enabled_in;stellarator_09__stellaris__turbine__cycle_selection.matched_enabled_in;stellarator_09__stellaris__heat_rejection__cooling_water.cycle_active_in;stellarator_09__stellaris__matched_main_heat_direction__0768c1b90a9f4f87.enabled_in;stellarator_09__stellaris__matched_reheat_heat_direction__31add2a272bf6444.enabled_in,models/library/analyses/mfe_power_cycle.sysml;models/library/analyses/mfe_matched_steam_cycle.sysml,Required steam/water work and flow; no independently installed equipment rating,independently approved limited disposition; implementation-review.md
stellarator_09__stellaris__turbine__open_feedwater_heater__pressure_MPa,design_attribute,1,../../../../active/WI-074_design-choice-inventory-and-evaluation-contract/residual-dispositions.md,compliant-limited,R11,specified-state thermal operating closure,retained,1,stellarator_09__stellaris__turbine__matched_cycle.extraction_pressure_MPa_in,models/library/analyses/mfe_power_cycle.sysml;models/library/analyses/mfe_matched_steam_cycle.sysml,Required steam/water work and flow; no independently installed equipment rating,independently approved limited disposition; implementation-review.md
stellarator_09__stellaris__turbine__pump_motor_efficiency,design_attribute,1,../../../../active/WI-074_design-choice-inventory-and-evaluation-contract/residual-dispositions.md,compliant-limited,R11,specified-state thermal operating closure,retained,1,stellarator_09__stellaris__turbine__matched_cycle.eta_pump_motor_in,models/library/analyses/mfe_power_cycle.sysml;models/library/analyses/mfe_matched_steam_cycle.sysml,Required steam/water work and flow; no independently installed equipment rating,independently approved limited disposition; implementation-review.md
stellarator_09__stellaris__turbine__reheater__outlet_temperature_C,design_attribute,1,../../../../active/WI-074_design-choice-inventory-and-evaluation-contract/residual-dispositions.md,compliant-limited,R11,specified-state thermal operating closure,retained,1,stellarator_09__stellaris__turbine__matched_cycle.reheat_temperature_C_in,models/library/analyses/mfe_power_cycle.sysml;models/library/analyses/mfe_matched_steam_cycle.sysml,Required steam/water work and flow; no independently installed equipment rating,independently approved limited disposition; implementation-review.md
stellarator_09__stellaris__unplanned_fraction,design_attribute,2,../../../../active/WI-074_design-choice-inventory-and-evaluation-contract/residual-dispositions.md,compliant-limited,R08,explicit replace-at-limit/availability policy,retained,2,stellarator_09__stellaris__calendar.unplanned_fraction_in;stellarator_09__stellaris__buildings__layout.calendar_unplanned_in,models/library/analyses/mfe_lifecycle.sysml:14;models/designs/generic_mfe/mfe_plant.sysml,Physical fluence life distinct from chosen bundled replacement rule; no arbitrary schedules,independently approved limited disposition; implementation-review.md
stellarator_09__stellaris__vacuum_pumping__T_gas,design_attribute,1,../../../../active/WI-074_design-choice-inventory-and-evaluation-contract/residual-dispositions.md,compliant-limited,R05,exhaust-boundary assumption / gas balance,retained,1,stellarator_09__stellaris__vacuum_pumping__vacuum.T_gas_in,models/library/analyses/mfe_vacuum.sysml:4,Required effective speed only; no selected pumps or conductance/cost evaluation,independently approved limited disposition; implementation-review.md
stellarator_09__stellaris__vacuum_pumping__p_exhaust,design_attribute,1,../../../../active/WI-074_design-choice-inventory-and-evaluation-contract/residual-dispositions.md,compliant-limited,R05,exhaust-boundary assumption / gas balance,retained,1,stellarator_09__stellaris__vacuum_pumping__vacuum.p_exhaust_in,models/library/analyses/mfe_vacuum.sysml:4,Required effective speed only; no selected pumps or conductance/cost evaluation,independently approved limited disposition; implementation-review.md
stellarator_09__stellaris__vacuum_pumping__vacuum__k_B_in,library_default,1,../../../../active/WI-074_design-choice-inventory-and-evaluation-contract/residual-dispositions.md,compliant-limited,R05,exhaust-boundary assumption / gas balance,retained,1,stellarator_09__stellaris__vacuum_pumping__vacuum.k_B_in,models/library/analyses/mfe_vacuum.sysml:4,Required effective speed only; no selected pumps or conductance/cost evaluation,independently approved limited disposition; implementation-review.md
stellarator_09__stellaris__vessel__gap1_t,design_attribute,2,../../../../active/WI-074_design-choice-inventory-and-evaluation-contract/residual-dispositions.md,compliant-limited,R01,chosen geometry / identity,retained,2,stellarator_09__stellaris__blanket__breeding.gap1_t_in;stellarator_09__stellaris__rb.gap1_t_in,models/library/analyses/mfe_plasma_scaling.sysml:4;models/library/analyses/mfe_plasma_scaling.sysml:52,Torus shape and layer identities; no automatic adequacy; hybrid price separate,independently approved limited disposition; implementation-review.md
stellarator_09__stellaris__vessel__unit_cost,design_attribute,1,../../../../active/WI-074_design-choice-inventory-and-evaluation-contract/residual-dispositions.md,compliant-disclosed-proxy,R09,demand-matched or hybrid capital/annual cost proxy,retained,1,stellarator_09__stellaris__vessel__vessel_cost.unit_cost,models/library/analyses/mfe_account_costs.sysml;models/designs/generic_mfe/mfe_subsystems.sysml;models/designs/generic_mfe/mfe_plant.sysml;exploration/stellarator_e2e/studies/study_route.py:26,Explicit demand-matched cost estimate; independently supplied installed capacity and qualification absent,independently approved limited disposition; implementation-review.md
stellarator_09__stellaris__vessel__vessel_cost__alpha,library_default,1,../../../../active/WI-074_design-choice-inventory-and-evaluation-contract/residual-dispositions.md,compliant-disclosed-proxy,R09,demand-matched or hybrid capital/annual cost proxy,retained,1,stellarator_09__stellaris__vessel__vessel_cost.alpha,models/library/analyses/mfe_account_costs.sysml;models/designs/generic_mfe/mfe_subsystems.sysml;models/designs/generic_mfe/mfe_plant.sysml;exploration/stellarator_e2e/studies/study_route.py:26,Explicit demand-matched cost estimate; independently supplied installed capacity and qualification absent,independently approved limited disposition; implementation-review.md
stellarator_09__stellaris__vessel__vessel_cost__p_et_ref,library_default,1,../../../../active/WI-074_design-choice-inventory-and-evaluation-contract/residual-dispositions.md,compliant-disclosed-proxy,R09,demand-matched or hybrid capital/annual cost proxy,retained,1,stellarator_09__stellaris__vessel__vessel_cost.p_et_ref,models/library/analyses/mfe_account_costs.sysml;models/designs/generic_mfe/mfe_subsystems.sysml;models/designs/generic_mfe/mfe_plant.sysml;exploration/stellarator_e2e/studies/study_route.py:26,Explicit demand-matched cost estimate; independently supplied installed capacity and qualification absent,independently approved limited disposition; implementation-review.md
stellarator_09__stellaris__vessel__vessel_t,design_attribute,2,../../../../active/WI-074_design-choice-inventory-and-evaluation-contract/residual-dispositions.md,compliant-limited,R01,chosen geometry / identity,retained,2,stellarator_09__stellaris__blanket__breeding.vessel_t_in;stellarator_09__stellaris__rb.vessel_t_in,models/library/analyses/mfe_plasma_scaling.sysml:4;models/library/analyses/mfe_plasma_scaling.sysml:52,Torus shape and layer identities; no automatic adequacy; hybrid price separate,independently approved limited disposition; implementation-review.md
stellarator_09__stellaris__wall_load_limit,design_attribute,1,../../../../active/WI-074_design-choice-inventory-and-evaluation-contract/residual-dispositions.md,compliant-limited,R15,chosen constant / criterion / load assumption,retained,1,stellarator_09__stellaris__wall_load_ok__ab2c790419af93bb.wall_load_limit_in,models/library/analyses/mfe_viability.sysml;models/designs/generic_mfe/mfe_plant.sysml;models/designs/stellarator_09/stellarator_plant.sysml,Comparison or declared assumption; no whole-equipment qualification,independently approved limited disposition; implementation-review.md
stellarator_09__stellaris__waste__alpha,usage_literal,1,../../../../active/WI-074_design-choice-inventory-and-evaluation-contract/residual-dispositions.md,compliant-disclosed-proxy,R09,demand-matched or hybrid capital/annual cost proxy,retained,1,stellarator_09__stellaris__waste.alpha,models/library/analyses/mfe_account_costs.sysml;models/designs/generic_mfe/mfe_subsystems.sysml;models/designs/generic_mfe/mfe_plant.sysml;exploration/stellarator_e2e/studies/study_route.py:26,Explicit demand-matched cost estimate; independently supplied installed capacity and qualification absent,independently approved limited disposition; implementation-review.md
stellarator_09__stellaris__waste__ref_power,usage_literal,1,../../../../active/WI-074_design-choice-inventory-and-evaluation-contract/residual-dispositions.md,compliant-disclosed-proxy,R09,demand-matched or hybrid capital/annual cost proxy,retained,1,stellarator_09__stellaris__waste.ref_power,models/library/analyses/mfe_account_costs.sysml;models/designs/generic_mfe/mfe_subsystems.sysml;models/designs/generic_mfe/mfe_plant.sysml;exploration/stellarator_e2e/studies/study_route.py:26,Explicit demand-matched cost estimate; independently supplied installed capacity and qualification absent,independently approved limited disposition; implementation-review.md
stellarator_09__stellaris__waste_base,design_attribute,1,../../../../active/WI-074_design-choice-inventory-and-evaluation-contract/residual-dispositions.md,compliant-disclosed-proxy,R09,demand-matched or hybrid capital/annual cost proxy,retained,1,stellarator_09__stellaris__waste.base,models/library/analyses/mfe_account_costs.sysml;models/designs/generic_mfe/mfe_subsystems.sysml;models/designs/generic_mfe/mfe_plant.sysml;exploration/stellarator_e2e/studies/study_route.py:26,Explicit demand-matched cost estimate; independently supplied installed capacity and qualification absent,independently approved limited disposition; implementation-review.md
