...........................EEEEEEEEEEEEEEEEEEEEEEEEEEEEEEEEEEEEEEEEEEEEE [ 84%]
E............                                                            [100%]
==================================== ERRORS ====================================
______ ERROR at setup of test_complete_native_and_direct_parity[baseline] ______

tmp_path_factory = TempPathFactory(_given_basetemp=None, _trace=<pluggy._tracing.TagTracerSub object at 0x7b80acf69160>, _basetemp=PosixPath('/tmp/pytest-of-reid/pytest-12843'), _retention_count=3, _retention_policy='all')

    @pytest.fixture(scope='module')
    def acceptance(tmp_path_factory):
        from tests.models.current_mfe_regressions import radius_acceptance
>       return radius_acceptance(tmp_path_factory.mktemp('wi051')/'acceptance',H)
               ^^^^^^^^^^^^^^^^^^^^^^^^^^^^^^^^^^^^^^^^^^^^^^^^^^^^^^^^^^^^^^^^^^

tests/models/test_mfe_major_radius.py:140: 
_ _ _ _ _ _ _ _ _ _ _ _ _ _ _ _ _ _ _ _ _ _ _ _ _ _ _ _ _ _ _ _ _ _ _ _ _ _ _ _ 

destination = PosixPath('/tmp/pytest-of-reid/pytest-12843/wi0510/acceptance')
historical = PosixPath('/home/reid/1cfe/fusion-tea/work/active/WI-051_mfe-model-owned-major-radius/implementation')

    def radius_acceptance(destination, historical):
        destination = Path(destination)
        destination.mkdir()
        drivers = destination / 'drivers'
        drivers.mkdir()
        ledger = json.loads((FINANCE_EVIDENCE / 'scalar-ledger.json').read_text())['live_ordinary']
        finance = {row['name'] for row in ledger if row['classification'] == 'changed finance'}
        generation = current_generation()
        before = generation.inventory(generation.PACKAGE)
        # WI-057 (2026-09-13): the drivers read the frozen evidence and the package under the new names.
        forward, _ = structure_ledger()
        translated, modules = translate_frozen_radius_evidence(Path(historical), destination, forward)
        # Current economic expectations are independently recomputed; baseline arithmetic may
        # differ by roundoff. This is a bounded tolerance, never omission of these comparisons.
        finance |= restate_wi040_radius_costs(translated)
        for name in ('native', 'direct', 'standalone', 'cli_checks'):
            text = (historical / (name + '.py')).read_text()
            if "Path(__file__).resolve().parent.parent/'prototype'" in text:
                text = replace_once(text, "Path(__file__).resolve().parent.parent/'prototype'", f'Path({str(translated)!r})')
            text = text.replace('Path(__file__).resolve().parent', f'Path({str(historical)!r})')
            if name in ('native', 'direct'):
                text = text.replace("P+'R'", "P+'plasma__R'")
            if name == 'native':
                text = replace_once(text, 'bridge.build(change)', f'bridge.build({WI059_REPLAY!r} | change)')
                text = replace_once(text, "'entering-package/contracts/model_contract.json'", repr(str(translated / 'entering-package/contracts/model_contract.json')))
                text = replace_once(text, "delta['added']==[]",
                                    f"{{x[1] for x in delta['added']}}=={WI040_PARAMETERS | WI038_PARAMETERS | WI058_PARAMETERS | WI059_PARAMETERS | WI059_NATIVE_ONLY_PARAMETERS | WI060_PARAMETERS | WI061_PARAMETERS | WI062_PARAMETERS | WI063_PARAMETERS!r}")
                # WI-058: evaluate R14 at the R-form's length (see K_COIL_RETIRED) so the frozen row stays exact.
                text = replace_once(text, "('R14',{P+'plasma__R':14.0})",
                                    f"('R14',{{P+'plasma__R':14.0,P+'magnet__coil__c_coil_ref':{K_COIL_RETIRED * 14.0!r}}})")
            if name in ('native', 'direct'):
                text = 'from tests.models.current_mfe_regressions import pre_fit_report\n' + text
            if name == 'native':
                text = replace_once(text, "assert a['responses']==b['responses']", "assert {k:v for k,v in a['responses'].items() if 'wp_fit_ok' not in k and 'reference_conductor_current_ok' not in k}==b['responses']")
                text = text.replace("a['report']==b['report']", "pre_fit_report(a['report'], b['report'])==b['report']")
            if name == 'direct':
                text = replace_once(text, "assert set(raw)==set(expected)", "assert set(raw)-{k for k in raw if 'wp_fit_ok' in k or 'reference_conductor_current_ok' in k}==set(expected)\n        raw['constraint_report'] = pre_fit_report(raw['constraint_report'], expected['constraint_report'])")
            if name == 'standalone':
                # WI-058: the winding length no longer takes R0 -- its R0-only check leaves the replay (its bore
                # response is tested in test_winding_length_bore.py); the other three magnet calcs keep theirs.
                text = replace_once(text, "('coil_length','mfe_magnet_field','coil_winding_length','Coil_Winding_Length',14/12.7),", '')
                for suffix in ('field_calc', 'stored_energy', 'magnet_cost'):
                    text = replace_once(text, f"('{suffix}',", f"('{modules[suffix]}',")
            if name == 'native':
                text = replace_once(text, "a['outputs'][k]==v if name=='baseline'", f"a['outputs'][k]==v if name=='baseline' and k not in {finance!r}")
                text = replace_once(text,
                    "    assert component[name].get('B_peak',component[name].get('error'))==row.get('B_peak',row.get('error'))",
                    "    if name == 'valid':\n"
                    "        assert component[name]['B_peak'] == row['B_peak']\n"
                    "    else:\n"
                    "        assert component[name]['error'] == 'ValueError'\n"
                    "        domain = 'reference' if name.startswith('reference') else 'live'\n"
                    "        assert domain + ' clearance' in component[name]['message']")
            if name == 'direct':
                text = replace_once(text, 'values.update(change)', f'values.update({WI059_REPLAY!r} | change)')
                # WI-058: evaluate R14 at the R-form's length (see K_COIL_RETIRED) so the frozen row stays exact.
                text = replace_once(text, "'R14':{P+'plasma__R':14.0,",
                                    f"'R14':{{P+'plasma__R':14.0,P+'magnet__coil__c_coil_ref':{K_COIL_RETIRED * 14.0!r},")
                text = replace_once(text, "if name=='baseline' or not isinstance(v,(int,float)):",
                                    f"if (name=='baseline' and k not in {finance!r}) or not isinstance(v,(int,float)):")
                text = replace_once(text, "scalar[k]==v if name=='baseline'", f"scalar[k]==v if name=='baseline' and k not in {finance!r}")
                # WI-053 read the magnet clearance refusal (ValueError) first at three invalid radii. WI-057
                # (2026-09-13): the calcs live on their parts and the regenerated pipeline executes the plasma's
                # sustainment module before the magnet's peak-field module. At the coil-centre and R3 radii the first
                # refusal is the plasma's deliberate SustainmentError (accepted: a different deliberate rejection).
                # At the negative radius it is an incidental TypeError inside plasma__sustain -- an UNRESOLVED
                # regression of the diagnostic, documented here, not repaired (goal structural-decomposition
                # trail, Amendment 2026-09-13; a deliberate non-positive-radius refusal is a model item). The
                # clearance check itself is unchanged and still refuses when reached
                # (test_peak_component_preserves_valid_and_rejects_invalid_domains).
                text = replace_once(text,
                    "classes=['SustainmentError','ZeroDivisionError','SustainmentError','ZeroDivisionError','TypeError']",
                    "classes=['SustainmentError','SustainmentError','SustainmentError','ZeroDivisionError','TypeError']")
            driver = drivers / (name + '.py')
            driver.write_text(text)
            command = [str(ROOT / '.codex-test/run'), 'bash', '-c',
                       'export PYTHONPATH="$PWD:$STOP_PARSER_TEAX_ROOT/packages/teax-simkit" STUDY_REQUIRE_TEAX=1; exec .codex-test/run python "$@"',
                       'current-mfe', str(driver), str(destination)]
            result = subprocess.run(command, cwd=ROOT, capture_output=True, text=True)
            (destination / (name + '.log')).write_text(result.stdout + result.stderr)
>           assert result.returncode == 0, f'{name} failed: {destination / (name + ".log")}'
                   ^^^^^^^^^^^^^^^^^^^^^^
E           AssertionError: cli_checks failed: /tmp/pytest-of-reid/pytest-12843/wi0510/acceptance/cli_checks.log

tests/models/current_mfe_regressions.py:391: AssertionError
________ ERROR at setup of test_complete_native_and_direct_parity[R14] _________

tmp_path_factory = TempPathFactory(_given_basetemp=None, _trace=<pluggy._tracing.TagTracerSub object at 0x7b80acf69160>, _basetemp=PosixPath('/tmp/pytest-of-reid/pytest-12843'), _retention_count=3, _retention_policy='all')

    @pytest.fixture(scope='module')
    def acceptance(tmp_path_factory):
        from tests.models.current_mfe_regressions import radius_acceptance
>       return radius_acceptance(tmp_path_factory.mktemp('wi051')/'acceptance',H)
               ^^^^^^^^^^^^^^^^^^^^^^^^^^^^^^^^^^^^^^^^^^^^^^^^^^^^^^^^^^^^^^^^^^

tests/models/test_mfe_major_radius.py:140: 
_ _ _ _ _ _ _ _ _ _ _ _ _ _ _ _ _ _ _ _ _ _ _ _ _ _ _ _ _ _ _ _ _ _ _ _ _ _ _ _ 

destination = PosixPath('/tmp/pytest-of-reid/pytest-12843/wi0510/acceptance')
historical = PosixPath('/home/reid/1cfe/fusion-tea/work/active/WI-051_mfe-model-owned-major-radius/implementation')

    def radius_acceptance(destination, historical):
        destination = Path(destination)
        destination.mkdir()
        drivers = destination / 'drivers'
        drivers.mkdir()
        ledger = json.loads((FINANCE_EVIDENCE / 'scalar-ledger.json').read_text())['live_ordinary']
        finance = {row['name'] for row in ledger if row['classification'] == 'changed finance'}
        generation = current_generation()
        before = generation.inventory(generation.PACKAGE)
        # WI-057 (2026-09-13): the drivers read the frozen evidence and the package under the new names.
        forward, _ = structure_ledger()
        translated, modules = translate_frozen_radius_evidence(Path(historical), destination, forward)
        # Current economic expectations are independently recomputed; baseline arithmetic may
        # differ by roundoff. This is a bounded tolerance, never omission of these comparisons.
        finance |= restate_wi040_radius_costs(translated)
        for name in ('native', 'direct', 'standalone', 'cli_checks'):
            text = (historical / (name + '.py')).read_text()
            if "Path(__file__).resolve().parent.parent/'prototype'" in text:
                text = replace_once(text, "Path(__file__).resolve().parent.parent/'prototype'", f'Path({str(translated)!r})')
            text = text.replace('Path(__file__).resolve().parent', f'Path({str(historical)!r})')
            if name in ('native', 'direct'):
                text = text.replace("P+'R'", "P+'plasma__R'")
            if name == 'native':
                text = replace_once(text, 'bridge.build(change)', f'bridge.build({WI059_REPLAY!r} | change)')
                text = replace_once(text, "'entering-package/contracts/model_contract.json'", repr(str(translated / 'entering-package/contracts/model_contract.json')))
                text = replace_once(text, "delta['added']==[]",
                                    f"{{x[1] for x in delta['added']}}=={WI040_PARAMETERS | WI038_PARAMETERS | WI058_PARAMETERS | WI059_PARAMETERS | WI059_NATIVE_ONLY_PARAMETERS | WI060_PARAMETERS | WI061_PARAMETERS | WI062_PARAMETERS | WI063_PARAMETERS!r}")
                # WI-058: evaluate R14 at the R-form's length (see K_COIL_RETIRED) so the frozen row stays exact.
                text = replace_once(text, "('R14',{P+'plasma__R':14.0})",
                                    f"('R14',{{P+'plasma__R':14.0,P+'magnet__coil__c_coil_ref':{K_COIL_RETIRED * 14.0!r}}})")
            if name in ('native', 'direct'):
                text = 'from tests.models.current_mfe_regressions import pre_fit_report\n' + text
            if name == 'native':
                text = replace_once(text, "assert a['responses']==b['responses']", "assert {k:v for k,v in a['responses'].items() if 'wp_fit_ok' not in k and 'reference_conductor_current_ok' not in k}==b['responses']")
                text = text.replace("a['report']==b['report']", "pre_fit_report(a['report'], b['report'])==b['report']")
            if name == 'direct':
                text = replace_once(text, "assert set(raw)==set(expected)", "assert set(raw)-{k for k in raw if 'wp_fit_ok' in k or 'reference_conductor_current_ok' in k}==set(expected)\n        raw['constraint_report'] = pre_fit_report(raw['constraint_report'], expected['constraint_report'])")
            if name == 'standalone':
                # WI-058: the winding length no longer takes R0 -- its R0-only check leaves the replay (its bore
                # response is tested in test_winding_length_bore.py); the other three magnet calcs keep theirs.
                text = replace_once(text, "('coil_length','mfe_magnet_field','coil_winding_length','Coil_Winding_Length',14/12.7),", '')
                for suffix in ('field_calc', 'stored_energy', 'magnet_cost'):
                    text = replace_once(text, f"('{suffix}',", f"('{modules[suffix]}',")
            if name == 'native':
                text = replace_once(text, "a['outputs'][k]==v if name=='baseline'", f"a['outputs'][k]==v if name=='baseline' and k not in {finance!r}")
                text = replace_once(text,
                    "    assert component[name].get('B_peak',component[name].get('error'))==row.get('B_peak',row.get('error'))",
                    "    if name == 'valid':\n"
                    "        assert component[name]['B_peak'] == row['B_peak']\n"
                    "    else:\n"
                    "        assert component[name]['error'] == 'ValueError'\n"
                    "        domain = 'reference' if name.startswith('reference') else 'live'\n"
                    "        assert domain + ' clearance' in component[name]['message']")
            if name == 'direct':
                text = replace_once(text, 'values.update(change)', f'values.update({WI059_REPLAY!r} | change)')
                # WI-058: evaluate R14 at the R-form's length (see K_COIL_RETIRED) so the frozen row stays exact.
                text = replace_once(text, "'R14':{P+'plasma__R':14.0,",
                                    f"'R14':{{P+'plasma__R':14.0,P+'magnet__coil__c_coil_ref':{K_COIL_RETIRED * 14.0!r},")
                text = replace_once(text, "if name=='baseline' or not isinstance(v,(int,float)):",
                                    f"if (name=='baseline' and k not in {finance!r}) or not isinstance(v,(int,float)):")
                text = replace_once(text, "scalar[k]==v if name=='baseline'", f"scalar[k]==v if name=='baseline' and k not in {finance!r}")
                # WI-053 read the magnet clearance refusal (ValueError) first at three invalid radii. WI-057
                # (2026-09-13): the calcs live on their parts and the regenerated pipeline executes the plasma's
                # sustainment module before the magnet's peak-field module. At the coil-centre and R3 radii the first
                # refusal is the plasma's deliberate SustainmentError (accepted: a different deliberate rejection).
                # At the negative radius it is an incidental TypeError inside plasma__sustain -- an UNRESOLVED
                # regression of the diagnostic, documented here, not repaired (goal structural-decomposition
                # trail, Amendment 2026-09-13; a deliberate non-positive-radius refusal is a model item). The
                # clearance check itself is unchanged and still refuses when reached
                # (test_peak_component_preserves_valid_and_rejects_invalid_domains).
                text = replace_once(text,
                    "classes=['SustainmentError','ZeroDivisionError','SustainmentError','ZeroDivisionError','TypeError']",
                    "classes=['SustainmentError','SustainmentError','SustainmentError','ZeroDivisionError','TypeError']")
            driver = drivers / (name + '.py')
            driver.write_text(text)
            command = [str(ROOT / '.codex-test/run'), 'bash', '-c',
                       'export PYTHONPATH="$PWD:$STOP_PARSER_TEAX_ROOT/packages/teax-simkit" STUDY_REQUIRE_TEAX=1; exec .codex-test/run python "$@"',
                       'current-mfe', str(driver), str(destination)]
            result = subprocess.run(command, cwd=ROOT, capture_output=True, text=True)
            (destination / (name + '.log')).write_text(result.stdout + result.stderr)
>           assert result.returncode == 0, f'{name} failed: {destination / (name + ".log")}'
                   ^^^^^^^^^^^^^^^^^^^^^^
E           AssertionError: cli_checks failed: /tmp/pytest-of-reid/pytest-12843/wi0510/acceptance/cli_checks.log

tests/models/current_mfe_regressions.py:391: AssertionError
______ ERROR at setup of test_independent_radius_ratios_and_fixed_anchors ______

tmp_path_factory = TempPathFactory(_given_basetemp=None, _trace=<pluggy._tracing.TagTracerSub object at 0x7b80acf69160>, _basetemp=PosixPath('/tmp/pytest-of-reid/pytest-12843'), _retention_count=3, _retention_policy='all')

    @pytest.fixture(scope='module')
    def acceptance(tmp_path_factory):
        from tests.models.current_mfe_regressions import radius_acceptance
>       return radius_acceptance(tmp_path_factory.mktemp('wi051')/'acceptance',H)
               ^^^^^^^^^^^^^^^^^^^^^^^^^^^^^^^^^^^^^^^^^^^^^^^^^^^^^^^^^^^^^^^^^^

tests/models/test_mfe_major_radius.py:140: 
_ _ _ _ _ _ _ _ _ _ _ _ _ _ _ _ _ _ _ _ _ _ _ _ _ _ _ _ _ _ _ _ _ _ _ _ _ _ _ _ 

destination = PosixPath('/tmp/pytest-of-reid/pytest-12843/wi0510/acceptance')
historical = PosixPath('/home/reid/1cfe/fusion-tea/work/active/WI-051_mfe-model-owned-major-radius/implementation')

    def radius_acceptance(destination, historical):
        destination = Path(destination)
        destination.mkdir()
        drivers = destination / 'drivers'
        drivers.mkdir()
        ledger = json.loads((FINANCE_EVIDENCE / 'scalar-ledger.json').read_text())['live_ordinary']
        finance = {row['name'] for row in ledger if row['classification'] == 'changed finance'}
        generation = current_generation()
        before = generation.inventory(generation.PACKAGE)
        # WI-057 (2026-09-13): the drivers read the frozen evidence and the package under the new names.
        forward, _ = structure_ledger()
        translated, modules = translate_frozen_radius_evidence(Path(historical), destination, forward)
        # Current economic expectations are independently recomputed; baseline arithmetic may
        # differ by roundoff. This is a bounded tolerance, never omission of these comparisons.
        finance |= restate_wi040_radius_costs(translated)
        for name in ('native', 'direct', 'standalone', 'cli_checks'):
            text = (historical / (name + '.py')).read_text()
            if "Path(__file__).resolve().parent.parent/'prototype'" in text:
                text = replace_once(text, "Path(__file__).resolve().parent.parent/'prototype'", f'Path({str(translated)!r})')
            text = text.replace('Path(__file__).resolve().parent', f'Path({str(historical)!r})')
            if name in ('native', 'direct'):
                text = text.replace("P+'R'", "P+'plasma__R'")
            if name == 'native':
                text = replace_once(text, 'bridge.build(change)', f'bridge.build({WI059_REPLAY!r} | change)')
                text = replace_once(text, "'entering-package/contracts/model_contract.json'", repr(str(translated / 'entering-package/contracts/model_contract.json')))
                text = replace_once(text, "delta['added']==[]",
                                    f"{{x[1] for x in delta['added']}}=={WI040_PARAMETERS | WI038_PARAMETERS | WI058_PARAMETERS | WI059_PARAMETERS | WI059_NATIVE_ONLY_PARAMETERS | WI060_PARAMETERS | WI061_PARAMETERS | WI062_PARAMETERS | WI063_PARAMETERS!r}")
                # WI-058: evaluate R14 at the R-form's length (see K_COIL_RETIRED) so the frozen row stays exact.
                text = replace_once(text, "('R14',{P+'plasma__R':14.0})",
                                    f"('R14',{{P+'plasma__R':14.0,P+'magnet__coil__c_coil_ref':{K_COIL_RETIRED * 14.0!r}}})")
            if name in ('native', 'direct'):
                text = 'from tests.models.current_mfe_regressions import pre_fit_report\n' + text
            if name == 'native':
                text = replace_once(text, "assert a['responses']==b['responses']", "assert {k:v for k,v in a['responses'].items() if 'wp_fit_ok' not in k and 'reference_conductor_current_ok' not in k}==b['responses']")
                text = text.replace("a['report']==b['report']", "pre_fit_report(a['report'], b['report'])==b['report']")
            if name == 'direct':
                text = replace_once(text, "assert set(raw)==set(expected)", "assert set(raw)-{k for k in raw if 'wp_fit_ok' in k or 'reference_conductor_current_ok' in k}==set(expected)\n        raw['constraint_report'] = pre_fit_report(raw['constraint_report'], expected['constraint_report'])")
            if name == 'standalone':
                # WI-058: the winding length no longer takes R0 -- its R0-only check leaves the replay (its bore
                # response is tested in test_winding_length_bore.py); the other three magnet calcs keep theirs.
                text = replace_once(text, "('coil_length','mfe_magnet_field','coil_winding_length','Coil_Winding_Length',14/12.7),", '')
                for suffix in ('field_calc', 'stored_energy', 'magnet_cost'):
                    text = replace_once(text, f"('{suffix}',", f"('{modules[suffix]}',")
            if name == 'native':
                text = replace_once(text, "a['outputs'][k]==v if name=='baseline'", f"a['outputs'][k]==v if name=='baseline' and k not in {finance!r}")
                text = replace_once(text,
                    "    assert component[name].get('B_peak',component[name].get('error'))==row.get('B_peak',row.get('error'))",
                    "    if name == 'valid':\n"
                    "        assert component[name]['B_peak'] == row['B_peak']\n"
                    "    else:\n"
                    "        assert component[name]['error'] == 'ValueError'\n"
                    "        domain = 'reference' if name.startswith('reference') else 'live'\n"
                    "        assert domain + ' clearance' in component[name]['message']")
            if name == 'direct':
                text = replace_once(text, 'values.update(change)', f'values.update({WI059_REPLAY!r} | change)')
                # WI-058: evaluate R14 at the R-form's length (see K_COIL_RETIRED) so the frozen row stays exact.
                text = replace_once(text, "'R14':{P+'plasma__R':14.0,",
                                    f"'R14':{{P+'plasma__R':14.0,P+'magnet__coil__c_coil_ref':{K_COIL_RETIRED * 14.0!r},")
                text = replace_once(text, "if name=='baseline' or not isinstance(v,(int,float)):",
                                    f"if (name=='baseline' and k not in {finance!r}) or not isinstance(v,(int,float)):")
                text = replace_once(text, "scalar[k]==v if name=='baseline'", f"scalar[k]==v if name=='baseline' and k not in {finance!r}")
                # WI-053 read the magnet clearance refusal (ValueError) first at three invalid radii. WI-057
                # (2026-09-13): the calcs live on their parts and the regenerated pipeline executes the plasma's
                # sustainment module before the magnet's peak-field module. At the coil-centre and R3 radii the first
                # refusal is the plasma's deliberate SustainmentError (accepted: a different deliberate rejection).
                # At the negative radius it is an incidental TypeError inside plasma__sustain -- an UNRESOLVED
                # regression of the diagnostic, documented here, not repaired (goal structural-decomposition
                # trail, Amendment 2026-09-13; a deliberate non-positive-radius refusal is a model item). The
                # clearance check itself is unchanged and still refuses when reached
                # (test_peak_component_preserves_valid_and_rejects_invalid_domains).
                text = replace_once(text,
                    "classes=['SustainmentError','ZeroDivisionError','SustainmentError','ZeroDivisionError','TypeError']",
                    "classes=['SustainmentError','SustainmentError','SustainmentError','ZeroDivisionError','TypeError']")
            driver = drivers / (name + '.py')
            driver.write_text(text)
            command = [str(ROOT / '.codex-test/run'), 'bash', '-c',
                       'export PYTHONPATH="$PWD:$STOP_PARSER_TEAX_ROOT/packages/teax-simkit" STUDY_REQUIRE_TEAX=1; exec .codex-test/run python "$@"',
                       'current-mfe', str(driver), str(destination)]
            result = subprocess.run(command, cwd=ROOT, capture_output=True, text=True)
            (destination / (name + '.log')).write_text(result.stdout + result.stderr)
>           assert result.returncode == 0, f'{name} failed: {destination / (name + ".log")}'
                   ^^^^^^^^^^^^^^^^^^^^^^
E           AssertionError: cli_checks failed: /tmp/pytest-of-reid/pytest-12843/wi0510/acceptance/cli_checks.log

tests/models/current_mfe_regressions.py:391: AssertionError
_________ ERROR at setup of test_standalone_radius_formals[field_calc] _________

tmp_path_factory = TempPathFactory(_given_basetemp=None, _trace=<pluggy._tracing.TagTracerSub object at 0x7b80acf69160>, _basetemp=PosixPath('/tmp/pytest-of-reid/pytest-12843'), _retention_count=3, _retention_policy='all')

    @pytest.fixture(scope='module')
    def acceptance(tmp_path_factory):
        from tests.models.current_mfe_regressions import radius_acceptance
>       return radius_acceptance(tmp_path_factory.mktemp('wi051')/'acceptance',H)
               ^^^^^^^^^^^^^^^^^^^^^^^^^^^^^^^^^^^^^^^^^^^^^^^^^^^^^^^^^^^^^^^^^^

tests/models/test_mfe_major_radius.py:140: 
_ _ _ _ _ _ _ _ _ _ _ _ _ _ _ _ _ _ _ _ _ _ _ _ _ _ _ _ _ _ _ _ _ _ _ _ _ _ _ _ 

destination = PosixPath('/tmp/pytest-of-reid/pytest-12843/wi0510/acceptance')
historical = PosixPath('/home/reid/1cfe/fusion-tea/work/active/WI-051_mfe-model-owned-major-radius/implementation')

    def radius_acceptance(destination, historical):
        destination = Path(destination)
        destination.mkdir()
        drivers = destination / 'drivers'
        drivers.mkdir()
        ledger = json.loads((FINANCE_EVIDENCE / 'scalar-ledger.json').read_text())['live_ordinary']
        finance = {row['name'] for row in ledger if row['classification'] == 'changed finance'}
        generation = current_generation()
        before = generation.inventory(generation.PACKAGE)
        # WI-057 (2026-09-13): the drivers read the frozen evidence and the package under the new names.
        forward, _ = structure_ledger()
        translated, modules = translate_frozen_radius_evidence(Path(historical), destination, forward)
        # Current economic expectations are independently recomputed; baseline arithmetic may
        # differ by roundoff. This is a bounded tolerance, never omission of these comparisons.
        finance |= restate_wi040_radius_costs(translated)
        for name in ('native', 'direct', 'standalone', 'cli_checks'):
            text = (historical / (name + '.py')).read_text()
            if "Path(__file__).resolve().parent.parent/'prototype'" in text:
                text = replace_once(text, "Path(__file__).resolve().parent.parent/'prototype'", f'Path({str(translated)!r})')
            text = text.replace('Path(__file__).resolve().parent', f'Path({str(historical)!r})')
            if name in ('native', 'direct'):
                text = text.replace("P+'R'", "P+'plasma__R'")
            if name == 'native':
                text = replace_once(text, 'bridge.build(change)', f'bridge.build({WI059_REPLAY!r} | change)')
                text = replace_once(text, "'entering-package/contracts/model_contract.json'", repr(str(translated / 'entering-package/contracts/model_contract.json')))
                text = replace_once(text, "delta['added']==[]",
                                    f"{{x[1] for x in delta['added']}}=={WI040_PARAMETERS | WI038_PARAMETERS | WI058_PARAMETERS | WI059_PARAMETERS | WI059_NATIVE_ONLY_PARAMETERS | WI060_PARAMETERS | WI061_PARAMETERS | WI062_PARAMETERS | WI063_PARAMETERS!r}")
                # WI-058: evaluate R14 at the R-form's length (see K_COIL_RETIRED) so the frozen row stays exact.
                text = replace_once(text, "('R14',{P+'plasma__R':14.0})",
                                    f"('R14',{{P+'plasma__R':14.0,P+'magnet__coil__c_coil_ref':{K_COIL_RETIRED * 14.0!r}}})")
            if name in ('native', 'direct'):
                text = 'from tests.models.current_mfe_regressions import pre_fit_report\n' + text
            if name == 'native':
                text = replace_once(text, "assert a['responses']==b['responses']", "assert {k:v for k,v in a['responses'].items() if 'wp_fit_ok' not in k and 'reference_conductor_current_ok' not in k}==b['responses']")
                text = text.replace("a['report']==b['report']", "pre_fit_report(a['report'], b['report'])==b['report']")
            if name == 'direct':
                text = replace_once(text, "assert set(raw)==set(expected)", "assert set(raw)-{k for k in raw if 'wp_fit_ok' in k or 'reference_conductor_current_ok' in k}==set(expected)\n        raw['constraint_report'] = pre_fit_report(raw['constraint_report'], expected['constraint_report'])")
            if name == 'standalone':
                # WI-058: the winding length no longer takes R0 -- its R0-only check leaves the replay (its bore
                # response is tested in test_winding_length_bore.py); the other three magnet calcs keep theirs.
                text = replace_once(text, "('coil_length','mfe_magnet_field','coil_winding_length','Coil_Winding_Length',14/12.7),", '')
                for suffix in ('field_calc', 'stored_energy', 'magnet_cost'):
                    text = replace_once(text, f"('{suffix}',", f"('{modules[suffix]}',")
            if name == 'native':
                text = replace_once(text, "a['outputs'][k]==v if name=='baseline'", f"a['outputs'][k]==v if name=='baseline' and k not in {finance!r}")
                text = replace_once(text,
                    "    assert component[name].get('B_peak',component[name].get('error'))==row.get('B_peak',row.get('error'))",
                    "    if name == 'valid':\n"
                    "        assert component[name]['B_peak'] == row['B_peak']\n"
                    "    else:\n"
                    "        assert component[name]['error'] == 'ValueError'\n"
                    "        domain = 'reference' if name.startswith('reference') else 'live'\n"
                    "        assert domain + ' clearance' in component[name]['message']")
            if name == 'direct':
                text = replace_once(text, 'values.update(change)', f'values.update({WI059_REPLAY!r} | change)')
                # WI-058: evaluate R14 at the R-form's length (see K_COIL_RETIRED) so the frozen row stays exact.
                text = replace_once(text, "'R14':{P+'plasma__R':14.0,",
                                    f"'R14':{{P+'plasma__R':14.0,P+'magnet__coil__c_coil_ref':{K_COIL_RETIRED * 14.0!r},")
                text = replace_once(text, "if name=='baseline' or not isinstance(v,(int,float)):",
                                    f"if (name=='baseline' and k not in {finance!r}) or not isinstance(v,(int,float)):")
                text = replace_once(text, "scalar[k]==v if name=='baseline'", f"scalar[k]==v if name=='baseline' and k not in {finance!r}")
                # WI-053 read the magnet clearance refusal (ValueError) first at three invalid radii. WI-057
                # (2026-09-13): the calcs live on their parts and the regenerated pipeline executes the plasma's
                # sustainment module before the magnet's peak-field module. At the coil-centre and R3 radii the first
                # refusal is the plasma's deliberate SustainmentError (accepted: a different deliberate rejection).
                # At the negative radius it is an incidental TypeError inside plasma__sustain -- an UNRESOLVED
                # regression of the diagnostic, documented here, not repaired (goal structural-decomposition
                # trail, Amendment 2026-09-13; a deliberate non-positive-radius refusal is a model item). The
                # clearance check itself is unchanged and still refuses when reached
                # (test_peak_component_preserves_valid_and_rejects_invalid_domains).
                text = replace_once(text,
                    "classes=['SustainmentError','ZeroDivisionError','SustainmentError','ZeroDivisionError','TypeError']",
                    "classes=['SustainmentError','SustainmentError','SustainmentError','ZeroDivisionError','TypeError']")
            driver = drivers / (name + '.py')
            driver.write_text(text)
            command = [str(ROOT / '.codex-test/run'), 'bash', '-c',
                       'export PYTHONPATH="$PWD:$STOP_PARSER_TEAX_ROOT/packages/teax-simkit" STUDY_REQUIRE_TEAX=1; exec .codex-test/run python "$@"',
                       'current-mfe', str(driver), str(destination)]
            result = subprocess.run(command, cwd=ROOT, capture_output=True, text=True)
            (destination / (name + '.log')).write_text(result.stdout + result.stderr)
>           assert result.returncode == 0, f'{name} failed: {destination / (name + ".log")}'
                   ^^^^^^^^^^^^^^^^^^^^^^
E           AssertionError: cli_checks failed: /tmp/pytest-of-reid/pytest-12843/wi0510/acceptance/cli_checks.log

tests/models/current_mfe_regressions.py:391: AssertionError
_______ ERROR at setup of test_standalone_radius_formals[stored_energy] ________

tmp_path_factory = TempPathFactory(_given_basetemp=None, _trace=<pluggy._tracing.TagTracerSub object at 0x7b80acf69160>, _basetemp=PosixPath('/tmp/pytest-of-reid/pytest-12843'), _retention_count=3, _retention_policy='all')

    @pytest.fixture(scope='module')
    def acceptance(tmp_path_factory):
        from tests.models.current_mfe_regressions import radius_acceptance
>       return radius_acceptance(tmp_path_factory.mktemp('wi051')/'acceptance',H)
               ^^^^^^^^^^^^^^^^^^^^^^^^^^^^^^^^^^^^^^^^^^^^^^^^^^^^^^^^^^^^^^^^^^

tests/models/test_mfe_major_radius.py:140: 
_ _ _ _ _ _ _ _ _ _ _ _ _ _ _ _ _ _ _ _ _ _ _ _ _ _ _ _ _ _ _ _ _ _ _ _ _ _ _ _ 

destination = PosixPath('/tmp/pytest-of-reid/pytest-12843/wi0510/acceptance')
historical = PosixPath('/home/reid/1cfe/fusion-tea/work/active/WI-051_mfe-model-owned-major-radius/implementation')

    def radius_acceptance(destination, historical):
        destination = Path(destination)
        destination.mkdir()
        drivers = destination / 'drivers'
        drivers.mkdir()
        ledger = json.loads((FINANCE_EVIDENCE / 'scalar-ledger.json').read_text())['live_ordinary']
        finance = {row['name'] for row in ledger if row['classification'] == 'changed finance'}
        generation = current_generation()
        before = generation.inventory(generation.PACKAGE)
        # WI-057 (2026-09-13): the drivers read the frozen evidence and the package under the new names.
        forward, _ = structure_ledger()
        translated, modules = translate_frozen_radius_evidence(Path(historical), destination, forward)
        # Current economic expectations are independently recomputed; baseline arithmetic may
        # differ by roundoff. This is a bounded tolerance, never omission of these comparisons.
        finance |= restate_wi040_radius_costs(translated)
        for name in ('native', 'direct', 'standalone', 'cli_checks'):
            text = (historical / (name + '.py')).read_text()
            if "Path(__file__).resolve().parent.parent/'prototype'" in text:
                text = replace_once(text, "Path(__file__).resolve().parent.parent/'prototype'", f'Path({str(translated)!r})')
            text = text.replace('Path(__file__).resolve().parent', f'Path({str(historical)!r})')
            if name in ('native', 'direct'):
                text = text.replace("P+'R'", "P+'plasma__R'")
            if name == 'native':
                text = replace_once(text, 'bridge.build(change)', f'bridge.build({WI059_REPLAY!r} | change)')
                text = replace_once(text, "'entering-package/contracts/model_contract.json'", repr(str(translated / 'entering-package/contracts/model_contract.json')))
                text = replace_once(text, "delta['added']==[]",
                                    f"{{x[1] for x in delta['added']}}=={WI040_PARAMETERS | WI038_PARAMETERS | WI058_PARAMETERS | WI059_PARAMETERS | WI059_NATIVE_ONLY_PARAMETERS | WI060_PARAMETERS | WI061_PARAMETERS | WI062_PARAMETERS | WI063_PARAMETERS!r}")
                # WI-058: evaluate R14 at the R-form's length (see K_COIL_RETIRED) so the frozen row stays exact.
                text = replace_once(text, "('R14',{P+'plasma__R':14.0})",
                                    f"('R14',{{P+'plasma__R':14.0,P+'magnet__coil__c_coil_ref':{K_COIL_RETIRED * 14.0!r}}})")
            if name in ('native', 'direct'):
                text = 'from tests.models.current_mfe_regressions import pre_fit_report\n' + text
            if name == 'native':
                text = replace_once(text, "assert a['responses']==b['responses']", "assert {k:v for k,v in a['responses'].items() if 'wp_fit_ok' not in k and 'reference_conductor_current_ok' not in k}==b['responses']")
                text = text.replace("a['report']==b['report']", "pre_fit_report(a['report'], b['report'])==b['report']")
            if name == 'direct':
                text = replace_once(text, "assert set(raw)==set(expected)", "assert set(raw)-{k for k in raw if 'wp_fit_ok' in k or 'reference_conductor_current_ok' in k}==set(expected)\n        raw['constraint_report'] = pre_fit_report(raw['constraint_report'], expected['constraint_report'])")
            if name == 'standalone':
                # WI-058: the winding length no longer takes R0 -- its R0-only check leaves the replay (its bore
                # response is tested in test_winding_length_bore.py); the other three magnet calcs keep theirs.
                text = replace_once(text, "('coil_length','mfe_magnet_field','coil_winding_length','Coil_Winding_Length',14/12.7),", '')
                for suffix in ('field_calc', 'stored_energy', 'magnet_cost'):
                    text = replace_once(text, f"('{suffix}',", f"('{modules[suffix]}',")
            if name == 'native':
                text = replace_once(text, "a['outputs'][k]==v if name=='baseline'", f"a['outputs'][k]==v if name=='baseline' and k not in {finance!r}")
                text = replace_once(text,
                    "    assert component[name].get('B_peak',component[name].get('error'))==row.get('B_peak',row.get('error'))",
                    "    if name == 'valid':\n"
                    "        assert component[name]['B_peak'] == row['B_peak']\n"
                    "    else:\n"
                    "        assert component[name]['error'] == 'ValueError'\n"
                    "        domain = 'reference' if name.startswith('reference') else 'live'\n"
                    "        assert domain + ' clearance' in component[name]['message']")
            if name == 'direct':
                text = replace_once(text, 'values.update(change)', f'values.update({WI059_REPLAY!r} | change)')
                # WI-058: evaluate R14 at the R-form's length (see K_COIL_RETIRED) so the frozen row stays exact.
                text = replace_once(text, "'R14':{P+'plasma__R':14.0,",
                                    f"'R14':{{P+'plasma__R':14.0,P+'magnet__coil__c_coil_ref':{K_COIL_RETIRED * 14.0!r},")
                text = replace_once(text, "if name=='baseline' or not isinstance(v,(int,float)):",
                                    f"if (name=='baseline' and k not in {finance!r}) or not isinstance(v,(int,float)):")
                text = replace_once(text, "scalar[k]==v if name=='baseline'", f"scalar[k]==v if name=='baseline' and k not in {finance!r}")
                # WI-053 read the magnet clearance refusal (ValueError) first at three invalid radii. WI-057
                # (2026-09-13): the calcs live on their parts and the regenerated pipeline executes the plasma's
                # sustainment module before the magnet's peak-field module. At the coil-centre and R3 radii the first
                # refusal is the plasma's deliberate SustainmentError (accepted: a different deliberate rejection).
                # At the negative radius it is an incidental TypeError inside plasma__sustain -- an UNRESOLVED
                # regression of the diagnostic, documented here, not repaired (goal structural-decomposition
                # trail, Amendment 2026-09-13; a deliberate non-positive-radius refusal is a model item). The
                # clearance check itself is unchanged and still refuses when reached
                # (test_peak_component_preserves_valid_and_rejects_invalid_domains).
                text = replace_once(text,
                    "classes=['SustainmentError','ZeroDivisionError','SustainmentError','ZeroDivisionError','TypeError']",
                    "classes=['SustainmentError','SustainmentError','SustainmentError','ZeroDivisionError','TypeError']")
            driver = drivers / (name + '.py')
            driver.write_text(text)
            command = [str(ROOT / '.codex-test/run'), 'bash', '-c',
                       'export PYTHONPATH="$PWD:$STOP_PARSER_TEAX_ROOT/packages/teax-simkit" STUDY_REQUIRE_TEAX=1; exec .codex-test/run python "$@"',
                       'current-mfe', str(driver), str(destination)]
            result = subprocess.run(command, cwd=ROOT, capture_output=True, text=True)
            (destination / (name + '.log')).write_text(result.stdout + result.stderr)
>           assert result.returncode == 0, f'{name} failed: {destination / (name + ".log")}'
                   ^^^^^^^^^^^^^^^^^^^^^^
E           AssertionError: cli_checks failed: /tmp/pytest-of-reid/pytest-12843/wi0510/acceptance/cli_checks.log

tests/models/current_mfe_regressions.py:391: AssertionError
________ ERROR at setup of test_standalone_radius_formals[magnet_cost] _________

tmp_path_factory = TempPathFactory(_given_basetemp=None, _trace=<pluggy._tracing.TagTracerSub object at 0x7b80acf69160>, _basetemp=PosixPath('/tmp/pytest-of-reid/pytest-12843'), _retention_count=3, _retention_policy='all')

    @pytest.fixture(scope='module')
    def acceptance(tmp_path_factory):
        from tests.models.current_mfe_regressions import radius_acceptance
>       return radius_acceptance(tmp_path_factory.mktemp('wi051')/'acceptance',H)
               ^^^^^^^^^^^^^^^^^^^^^^^^^^^^^^^^^^^^^^^^^^^^^^^^^^^^^^^^^^^^^^^^^^

tests/models/test_mfe_major_radius.py:140: 
_ _ _ _ _ _ _ _ _ _ _ _ _ _ _ _ _ _ _ _ _ _ _ _ _ _ _ _ _ _ _ _ _ _ _ _ _ _ _ _ 

destination = PosixPath('/tmp/pytest-of-reid/pytest-12843/wi0510/acceptance')
historical = PosixPath('/home/reid/1cfe/fusion-tea/work/active/WI-051_mfe-model-owned-major-radius/implementation')

    def radius_acceptance(destination, historical):
        destination = Path(destination)
        destination.mkdir()
        drivers = destination / 'drivers'
        drivers.mkdir()
        ledger = json.loads((FINANCE_EVIDENCE / 'scalar-ledger.json').read_text())['live_ordinary']
        finance = {row['name'] for row in ledger if row['classification'] == 'changed finance'}
        generation = current_generation()
        before = generation.inventory(generation.PACKAGE)
        # WI-057 (2026-09-13): the drivers read the frozen evidence and the package under the new names.
        forward, _ = structure_ledger()
        translated, modules = translate_frozen_radius_evidence(Path(historical), destination, forward)
        # Current economic expectations are independently recomputed; baseline arithmetic may
        # differ by roundoff. This is a bounded tolerance, never omission of these comparisons.
        finance |= restate_wi040_radius_costs(translated)
        for name in ('native', 'direct', 'standalone', 'cli_checks'):
            text = (historical / (name + '.py')).read_text()
            if "Path(__file__).resolve().parent.parent/'prototype'" in text:
                text = replace_once(text, "Path(__file__).resolve().parent.parent/'prototype'", f'Path({str(translated)!r})')
            text = text.replace('Path(__file__).resolve().parent', f'Path({str(historical)!r})')
            if name in ('native', 'direct'):
                text = text.replace("P+'R'", "P+'plasma__R'")
            if name == 'native':
                text = replace_once(text, 'bridge.build(change)', f'bridge.build({WI059_REPLAY!r} | change)')
                text = replace_once(text, "'entering-package/contracts/model_contract.json'", repr(str(translated / 'entering-package/contracts/model_contract.json')))
                text = replace_once(text, "delta['added']==[]",
                                    f"{{x[1] for x in delta['added']}}=={WI040_PARAMETERS | WI038_PARAMETERS | WI058_PARAMETERS | WI059_PARAMETERS | WI059_NATIVE_ONLY_PARAMETERS | WI060_PARAMETERS | WI061_PARAMETERS | WI062_PARAMETERS | WI063_PARAMETERS!r}")
                # WI-058: evaluate R14 at the R-form's length (see K_COIL_RETIRED) so the frozen row stays exact.
                text = replace_once(text, "('R14',{P+'plasma__R':14.0})",
                                    f"('R14',{{P+'plasma__R':14.0,P+'magnet__coil__c_coil_ref':{K_COIL_RETIRED * 14.0!r}}})")
            if name in ('native', 'direct'):
                text = 'from tests.models.current_mfe_regressions import pre_fit_report\n' + text
            if name == 'native':
                text = replace_once(text, "assert a['responses']==b['responses']", "assert {k:v for k,v in a['responses'].items() if 'wp_fit_ok' not in k and 'reference_conductor_current_ok' not in k}==b['responses']")
                text = text.replace("a['report']==b['report']", "pre_fit_report(a['report'], b['report'])==b['report']")
            if name == 'direct':
                text = replace_once(text, "assert set(raw)==set(expected)", "assert set(raw)-{k for k in raw if 'wp_fit_ok' in k or 'reference_conductor_current_ok' in k}==set(expected)\n        raw['constraint_report'] = pre_fit_report(raw['constraint_report'], expected['constraint_report'])")
            if name == 'standalone':
                # WI-058: the winding length no longer takes R0 -- its R0-only check leaves the replay (its bore
                # response is tested in test_winding_length_bore.py); the other three magnet calcs keep theirs.
                text = replace_once(text, "('coil_length','mfe_magnet_field','coil_winding_length','Coil_Winding_Length',14/12.7),", '')
                for suffix in ('field_calc', 'stored_energy', 'magnet_cost'):
                    text = replace_once(text, f"('{suffix}',", f"('{modules[suffix]}',")
            if name == 'native':
                text = replace_once(text, "a['outputs'][k]==v if name=='baseline'", f"a['outputs'][k]==v if name=='baseline' and k not in {finance!r}")
                text = replace_once(text,
                    "    assert component[name].get('B_peak',component[name].get('error'))==row.get('B_peak',row.get('error'))",
                    "    if name == 'valid':\n"
                    "        assert component[name]['B_peak'] == row['B_peak']\n"
                    "    else:\n"
                    "        assert component[name]['error'] == 'ValueError'\n"
                    "        domain = 'reference' if name.startswith('reference') else 'live'\n"
                    "        assert domain + ' clearance' in component[name]['message']")
            if name == 'direct':
                text = replace_once(text, 'values.update(change)', f'values.update({WI059_REPLAY!r} | change)')
                # WI-058: evaluate R14 at the R-form's length (see K_COIL_RETIRED) so the frozen row stays exact.
                text = replace_once(text, "'R14':{P+'plasma__R':14.0,",
                                    f"'R14':{{P+'plasma__R':14.0,P+'magnet__coil__c_coil_ref':{K_COIL_RETIRED * 14.0!r},")
                text = replace_once(text, "if name=='baseline' or not isinstance(v,(int,float)):",
                                    f"if (name=='baseline' and k not in {finance!r}) or not isinstance(v,(int,float)):")
                text = replace_once(text, "scalar[k]==v if name=='baseline'", f"scalar[k]==v if name=='baseline' and k not in {finance!r}")
                # WI-053 read the magnet clearance refusal (ValueError) first at three invalid radii. WI-057
                # (2026-09-13): the calcs live on their parts and the regenerated pipeline executes the plasma's
                # sustainment module before the magnet's peak-field module. At the coil-centre and R3 radii the first
                # refusal is the plasma's deliberate SustainmentError (accepted: a different deliberate rejection).
                # At the negative radius it is an incidental TypeError inside plasma__sustain -- an UNRESOLVED
                # regression of the diagnostic, documented here, not repaired (goal structural-decomposition
                # trail, Amendment 2026-09-13; a deliberate non-positive-radius refusal is a model item). The
                # clearance check itself is unchanged and still refuses when reached
                # (test_peak_component_preserves_valid_and_rejects_invalid_domains).
                text = replace_once(text,
                    "classes=['SustainmentError','ZeroDivisionError','SustainmentError','ZeroDivisionError','TypeError']",
                    "classes=['SustainmentError','SustainmentError','SustainmentError','ZeroDivisionError','TypeError']")
            driver = drivers / (name + '.py')
            driver.write_text(text)
            command = [str(ROOT / '.codex-test/run'), 'bash', '-c',
                       'export PYTHONPATH="$PWD:$STOP_PARSER_TEAX_ROOT/packages/teax-simkit" STUDY_REQUIRE_TEAX=1; exec .codex-test/run python "$@"',
                       'current-mfe', str(driver), str(destination)]
            result = subprocess.run(command, cwd=ROOT, capture_output=True, text=True)
            (destination / (name + '.log')).write_text(result.stdout + result.stderr)
>           assert result.returncode == 0, f'{name} failed: {destination / (name + ".log")}'
                   ^^^^^^^^^^^^^^^^^^^^^^
E           AssertionError: cli_checks failed: /tmp/pytest-of-reid/pytest-12843/wi0510/acceptance/cli_checks.log

tests/models/current_mfe_regressions.py:391: AssertionError
_________ ERROR at setup of test_retired_radius_refused[alone-native] __________

tmp_path_factory = TempPathFactory(_given_basetemp=None, _trace=<pluggy._tracing.TagTracerSub object at 0x7b80acf69160>, _basetemp=PosixPath('/tmp/pytest-of-reid/pytest-12843'), _retention_count=3, _retention_policy='all')

    @pytest.fixture(scope='module')
    def acceptance(tmp_path_factory):
        from tests.models.current_mfe_regressions import radius_acceptance
>       return radius_acceptance(tmp_path_factory.mktemp('wi051')/'acceptance',H)
               ^^^^^^^^^^^^^^^^^^^^^^^^^^^^^^^^^^^^^^^^^^^^^^^^^^^^^^^^^^^^^^^^^^

tests/models/test_mfe_major_radius.py:140: 
_ _ _ _ _ _ _ _ _ _ _ _ _ _ _ _ _ _ _ _ _ _ _ _ _ _ _ _ _ _ _ _ _ _ _ _ _ _ _ _ 

destination = PosixPath('/tmp/pytest-of-reid/pytest-12843/wi0510/acceptance')
historical = PosixPath('/home/reid/1cfe/fusion-tea/work/active/WI-051_mfe-model-owned-major-radius/implementation')

    def radius_acceptance(destination, historical):
        destination = Path(destination)
        destination.mkdir()
        drivers = destination / 'drivers'
        drivers.mkdir()
        ledger = json.loads((FINANCE_EVIDENCE / 'scalar-ledger.json').read_text())['live_ordinary']
        finance = {row['name'] for row in ledger if row['classification'] == 'changed finance'}
        generation = current_generation()
        before = generation.inventory(generation.PACKAGE)
        # WI-057 (2026-09-13): the drivers read the frozen evidence and the package under the new names.
        forward, _ = structure_ledger()
        translated, modules = translate_frozen_radius_evidence(Path(historical), destination, forward)
        # Current economic expectations are independently recomputed; baseline arithmetic may
        # differ by roundoff. This is a bounded tolerance, never omission of these comparisons.
        finance |= restate_wi040_radius_costs(translated)
        for name in ('native', 'direct', 'standalone', 'cli_checks'):
            text = (historical / (name + '.py')).read_text()
            if "Path(__file__).resolve().parent.parent/'prototype'" in text:
                text = replace_once(text, "Path(__file__).resolve().parent.parent/'prototype'", f'Path({str(translated)!r})')
            text = text.replace('Path(__file__).resolve().parent', f'Path({str(historical)!r})')
            if name in ('native', 'direct'):
                text = text.replace("P+'R'", "P+'plasma__R'")
            if name == 'native':
                text = replace_once(text, 'bridge.build(change)', f'bridge.build({WI059_REPLAY!r} | change)')
                text = replace_once(text, "'entering-package/contracts/model_contract.json'", repr(str(translated / 'entering-package/contracts/model_contract.json')))
                text = replace_once(text, "delta['added']==[]",
                                    f"{{x[1] for x in delta['added']}}=={WI040_PARAMETERS | WI038_PARAMETERS | WI058_PARAMETERS | WI059_PARAMETERS | WI059_NATIVE_ONLY_PARAMETERS | WI060_PARAMETERS | WI061_PARAMETERS | WI062_PARAMETERS | WI063_PARAMETERS!r}")
                # WI-058: evaluate R14 at the R-form's length (see K_COIL_RETIRED) so the frozen row stays exact.
                text = replace_once(text, "('R14',{P+'plasma__R':14.0})",
                                    f"('R14',{{P+'plasma__R':14.0,P+'magnet__coil__c_coil_ref':{K_COIL_RETIRED * 14.0!r}}})")
            if name in ('native', 'direct'):
                text = 'from tests.models.current_mfe_regressions import pre_fit_report\n' + text
            if name == 'native':
                text = replace_once(text, "assert a['responses']==b['responses']", "assert {k:v for k,v in a['responses'].items() if 'wp_fit_ok' not in k and 'reference_conductor_current_ok' not in k}==b['responses']")
                text = text.replace("a['report']==b['report']", "pre_fit_report(a['report'], b['report'])==b['report']")
            if name == 'direct':
                text = replace_once(text, "assert set(raw)==set(expected)", "assert set(raw)-{k for k in raw if 'wp_fit_ok' in k or 'reference_conductor_current_ok' in k}==set(expected)\n        raw['constraint_report'] = pre_fit_report(raw['constraint_report'], expected['constraint_report'])")
            if name == 'standalone':
                # WI-058: the winding length no longer takes R0 -- its R0-only check leaves the replay (its bore
                # response is tested in test_winding_length_bore.py); the other three magnet calcs keep theirs.
                text = replace_once(text, "('coil_length','mfe_magnet_field','coil_winding_length','Coil_Winding_Length',14/12.7),", '')
                for suffix in ('field_calc', 'stored_energy', 'magnet_cost'):
                    text = replace_once(text, f"('{suffix}',", f"('{modules[suffix]}',")
            if name == 'native':
                text = replace_once(text, "a['outputs'][k]==v if name=='baseline'", f"a['outputs'][k]==v if name=='baseline' and k not in {finance!r}")
                text = replace_once(text,
                    "    assert component[name].get('B_peak',component[name].get('error'))==row.get('B_peak',row.get('error'))",
                    "    if name == 'valid':\n"
                    "        assert component[name]['B_peak'] == row['B_peak']\n"
                    "    else:\n"
                    "        assert component[name]['error'] == 'ValueError'\n"
                    "        domain = 'reference' if name.startswith('reference') else 'live'\n"
                    "        assert domain + ' clearance' in component[name]['message']")
            if name == 'direct':
                text = replace_once(text, 'values.update(change)', f'values.update({WI059_REPLAY!r} | change)')
                # WI-058: evaluate R14 at the R-form's length (see K_COIL_RETIRED) so the frozen row stays exact.
                text = replace_once(text, "'R14':{P+'plasma__R':14.0,",
                                    f"'R14':{{P+'plasma__R':14.0,P+'magnet__coil__c_coil_ref':{K_COIL_RETIRED * 14.0!r},")
                text = replace_once(text, "if name=='baseline' or not isinstance(v,(int,float)):",
                                    f"if (name=='baseline' and k not in {finance!r}) or not isinstance(v,(int,float)):")
                text = replace_once(text, "scalar[k]==v if name=='baseline'", f"scalar[k]==v if name=='baseline' and k not in {finance!r}")
                # WI-053 read the magnet clearance refusal (ValueError) first at three invalid radii. WI-057
                # (2026-09-13): the calcs live on their parts and the regenerated pipeline executes the plasma's
                # sustainment module before the magnet's peak-field module. At the coil-centre and R3 radii the first
                # refusal is the plasma's deliberate SustainmentError (accepted: a different deliberate rejection).
                # At the negative radius it is an incidental TypeError inside plasma__sustain -- an UNRESOLVED
                # regression of the diagnostic, documented here, not repaired (goal structural-decomposition
                # trail, Amendment 2026-09-13; a deliberate non-positive-radius refusal is a model item). The
                # clearance check itself is unchanged and still refuses when reached
                # (test_peak_component_preserves_valid_and_rejects_invalid_domains).
                text = replace_once(text,
                    "classes=['SustainmentError','ZeroDivisionError','SustainmentError','ZeroDivisionError','TypeError']",
                    "classes=['SustainmentError','SustainmentError','SustainmentError','ZeroDivisionError','TypeError']")
            driver = drivers / (name + '.py')
            driver.write_text(text)
            command = [str(ROOT / '.codex-test/run'), 'bash', '-c',
                       'export PYTHONPATH="$PWD:$STOP_PARSER_TEAX_ROOT/packages/teax-simkit" STUDY_REQUIRE_TEAX=1; exec .codex-test/run python "$@"',
                       'current-mfe', str(driver), str(destination)]
            result = subprocess.run(command, cwd=ROOT, capture_output=True, text=True)
            (destination / (name + '.log')).write_text(result.stdout + result.stderr)
>           assert result.returncode == 0, f'{name} failed: {destination / (name + ".log")}'
                   ^^^^^^^^^^^^^^^^^^^^^^
E           AssertionError: cli_checks failed: /tmp/pytest-of-reid/pytest-12843/wi0510/acceptance/cli_checks.log

tests/models/current_mfe_regressions.py:391: AssertionError
_________ ERROR at setup of test_retired_radius_refused[alone-schema] __________

tmp_path_factory = TempPathFactory(_given_basetemp=None, _trace=<pluggy._tracing.TagTracerSub object at 0x7b80acf69160>, _basetemp=PosixPath('/tmp/pytest-of-reid/pytest-12843'), _retention_count=3, _retention_policy='all')

    @pytest.fixture(scope='module')
    def acceptance(tmp_path_factory):
        from tests.models.current_mfe_regressions import radius_acceptance
>       return radius_acceptance(tmp_path_factory.mktemp('wi051')/'acceptance',H)
               ^^^^^^^^^^^^^^^^^^^^^^^^^^^^^^^^^^^^^^^^^^^^^^^^^^^^^^^^^^^^^^^^^^

tests/models/test_mfe_major_radius.py:140: 
_ _ _ _ _ _ _ _ _ _ _ _ _ _ _ _ _ _ _ _ _ _ _ _ _ _ _ _ _ _ _ _ _ _ _ _ _ _ _ _ 

destination = PosixPath('/tmp/pytest-of-reid/pytest-12843/wi0510/acceptance')
historical = PosixPath('/home/reid/1cfe/fusion-tea/work/active/WI-051_mfe-model-owned-major-radius/implementation')

    def radius_acceptance(destination, historical):
        destination = Path(destination)
        destination.mkdir()
        drivers = destination / 'drivers'
        drivers.mkdir()
        ledger = json.loads((FINANCE_EVIDENCE / 'scalar-ledger.json').read_text())['live_ordinary']
        finance = {row['name'] for row in ledger if row['classification'] == 'changed finance'}
        generation = current_generation()
        before = generation.inventory(generation.PACKAGE)
        # WI-057 (2026-09-13): the drivers read the frozen evidence and the package under the new names.
        forward, _ = structure_ledger()
        translated, modules = translate_frozen_radius_evidence(Path(historical), destination, forward)
        # Current economic expectations are independently recomputed; baseline arithmetic may
        # differ by roundoff. This is a bounded tolerance, never omission of these comparisons.
        finance |= restate_wi040_radius_costs(translated)
        for name in ('native', 'direct', 'standalone', 'cli_checks'):
            text = (historical / (name + '.py')).read_text()
            if "Path(__file__).resolve().parent.parent/'prototype'" in text:
                text = replace_once(text, "Path(__file__).resolve().parent.parent/'prototype'", f'Path({str(translated)!r})')
            text = text.replace('Path(__file__).resolve().parent', f'Path({str(historical)!r})')
            if name in ('native', 'direct'):
                text = text.replace("P+'R'", "P+'plasma__R'")
            if name == 'native':
                text = replace_once(text, 'bridge.build(change)', f'bridge.build({WI059_REPLAY!r} | change)')
                text = replace_once(text, "'entering-package/contracts/model_contract.json'", repr(str(translated / 'entering-package/contracts/model_contract.json')))
                text = replace_once(text, "delta['added']==[]",
                                    f"{{x[1] for x in delta['added']}}=={WI040_PARAMETERS | WI038_PARAMETERS | WI058_PARAMETERS | WI059_PARAMETERS | WI059_NATIVE_ONLY_PARAMETERS | WI060_PARAMETERS | WI061_PARAMETERS | WI062_PARAMETERS | WI063_PARAMETERS!r}")
                # WI-058: evaluate R14 at the R-form's length (see K_COIL_RETIRED) so the frozen row stays exact.
                text = replace_once(text, "('R14',{P+'plasma__R':14.0})",
                                    f"('R14',{{P+'plasma__R':14.0,P+'magnet__coil__c_coil_ref':{K_COIL_RETIRED * 14.0!r}}})")
            if name in ('native', 'direct'):
                text = 'from tests.models.current_mfe_regressions import pre_fit_report\n' + text
            if name == 'native':
                text = replace_once(text, "assert a['responses']==b['responses']", "assert {k:v for k,v in a['responses'].items() if 'wp_fit_ok' not in k and 'reference_conductor_current_ok' not in k}==b['responses']")
                text = text.replace("a['report']==b['report']", "pre_fit_report(a['report'], b['report'])==b['report']")
            if name == 'direct':
                text = replace_once(text, "assert set(raw)==set(expected)", "assert set(raw)-{k for k in raw if 'wp_fit_ok' in k or 'reference_conductor_current_ok' in k}==set(expected)\n        raw['constraint_report'] = pre_fit_report(raw['constraint_report'], expected['constraint_report'])")
            if name == 'standalone':
                # WI-058: the winding length no longer takes R0 -- its R0-only check leaves the replay (its bore
                # response is tested in test_winding_length_bore.py); the other three magnet calcs keep theirs.
                text = replace_once(text, "('coil_length','mfe_magnet_field','coil_winding_length','Coil_Winding_Length',14/12.7),", '')
                for suffix in ('field_calc', 'stored_energy', 'magnet_cost'):
                    text = replace_once(text, f"('{suffix}',", f"('{modules[suffix]}',")
            if name == 'native':
                text = replace_once(text, "a['outputs'][k]==v if name=='baseline'", f"a['outputs'][k]==v if name=='baseline' and k not in {finance!r}")
                text = replace_once(text,
                    "    assert component[name].get('B_peak',component[name].get('error'))==row.get('B_peak',row.get('error'))",
                    "    if name == 'valid':\n"
                    "        assert component[name]['B_peak'] == row['B_peak']\n"
                    "    else:\n"
                    "        assert component[name]['error'] == 'ValueError'\n"
                    "        domain = 'reference' if name.startswith('reference') else 'live'\n"
                    "        assert domain + ' clearance' in component[name]['message']")
            if name == 'direct':
                text = replace_once(text, 'values.update(change)', f'values.update({WI059_REPLAY!r} | change)')
                # WI-058: evaluate R14 at the R-form's length (see K_COIL_RETIRED) so the frozen row stays exact.
                text = replace_once(text, "'R14':{P+'plasma__R':14.0,",
                                    f"'R14':{{P+'plasma__R':14.0,P+'magnet__coil__c_coil_ref':{K_COIL_RETIRED * 14.0!r},")
                text = replace_once(text, "if name=='baseline' or not isinstance(v,(int,float)):",
                                    f"if (name=='baseline' and k not in {finance!r}) or not isinstance(v,(int,float)):")
                text = replace_once(text, "scalar[k]==v if name=='baseline'", f"scalar[k]==v if name=='baseline' and k not in {finance!r}")
                # WI-053 read the magnet clearance refusal (ValueError) first at three invalid radii. WI-057
                # (2026-09-13): the calcs live on their parts and the regenerated pipeline executes the plasma's
                # sustainment module before the magnet's peak-field module. At the coil-centre and R3 radii the first
                # refusal is the plasma's deliberate SustainmentError (accepted: a different deliberate rejection).
                # At the negative radius it is an incidental TypeError inside plasma__sustain -- an UNRESOLVED
                # regression of the diagnostic, documented here, not repaired (goal structural-decomposition
                # trail, Amendment 2026-09-13; a deliberate non-positive-radius refusal is a model item). The
                # clearance check itself is unchanged and still refuses when reached
                # (test_peak_component_preserves_valid_and_rejects_invalid_domains).
                text = replace_once(text,
                    "classes=['SustainmentError','ZeroDivisionError','SustainmentError','ZeroDivisionError','TypeError']",
                    "classes=['SustainmentError','SustainmentError','SustainmentError','ZeroDivisionError','TypeError']")
            driver = drivers / (name + '.py')
            driver.write_text(text)
            command = [str(ROOT / '.codex-test/run'), 'bash', '-c',
                       'export PYTHONPATH="$PWD:$STOP_PARSER_TEAX_ROOT/packages/teax-simkit" STUDY_REQUIRE_TEAX=1; exec .codex-test/run python "$@"',
                       'current-mfe', str(driver), str(destination)]
            result = subprocess.run(command, cwd=ROOT, capture_output=True, text=True)
            (destination / (name + '.log')).write_text(result.stdout + result.stderr)
>           assert result.returncode == 0, f'{name} failed: {destination / (name + ".log")}'
                   ^^^^^^^^^^^^^^^^^^^^^^
E           AssertionError: cli_checks failed: /tmp/pytest-of-reid/pytest-12843/wi0510/acceptance/cli_checks.log

tests/models/current_mfe_regressions.py:391: AssertionError
_________ ERROR at setup of test_retired_radius_refused[alone-helper] __________

tmp_path_factory = TempPathFactory(_given_basetemp=None, _trace=<pluggy._tracing.TagTracerSub object at 0x7b80acf69160>, _basetemp=PosixPath('/tmp/pytest-of-reid/pytest-12843'), _retention_count=3, _retention_policy='all')

    @pytest.fixture(scope='module')
    def acceptance(tmp_path_factory):
        from tests.models.current_mfe_regressions import radius_acceptance
>       return radius_acceptance(tmp_path_factory.mktemp('wi051')/'acceptance',H)
               ^^^^^^^^^^^^^^^^^^^^^^^^^^^^^^^^^^^^^^^^^^^^^^^^^^^^^^^^^^^^^^^^^^

tests/models/test_mfe_major_radius.py:140: 
_ _ _ _ _ _ _ _ _ _ _ _ _ _ _ _ _ _ _ _ _ _ _ _ _ _ _ _ _ _ _ _ _ _ _ _ _ _ _ _ 

destination = PosixPath('/tmp/pytest-of-reid/pytest-12843/wi0510/acceptance')
historical = PosixPath('/home/reid/1cfe/fusion-tea/work/active/WI-051_mfe-model-owned-major-radius/implementation')

    def radius_acceptance(destination, historical):
        destination = Path(destination)
        destination.mkdir()
        drivers = destination / 'drivers'
        drivers.mkdir()
        ledger = json.loads((FINANCE_EVIDENCE / 'scalar-ledger.json').read_text())['live_ordinary']
        finance = {row['name'] for row in ledger if row['classification'] == 'changed finance'}
        generation = current_generation()
        before = generation.inventory(generation.PACKAGE)
        # WI-057 (2026-09-13): the drivers read the frozen evidence and the package under the new names.
        forward, _ = structure_ledger()
        translated, modules = translate_frozen_radius_evidence(Path(historical), destination, forward)
        # Current economic expectations are independently recomputed; baseline arithmetic may
        # differ by roundoff. This is a bounded tolerance, never omission of these comparisons.
        finance |= restate_wi040_radius_costs(translated)
        for name in ('native', 'direct', 'standalone', 'cli_checks'):
            text = (historical / (name + '.py')).read_text()
            if "Path(__file__).resolve().parent.parent/'prototype'" in text:
                text = replace_once(text, "Path(__file__).resolve().parent.parent/'prototype'", f'Path({str(translated)!r})')
            text = text.replace('Path(__file__).resolve().parent', f'Path({str(historical)!r})')
            if name in ('native', 'direct'):
                text = text.replace("P+'R'", "P+'plasma__R'")
            if name == 'native':
                text = replace_once(text, 'bridge.build(change)', f'bridge.build({WI059_REPLAY!r} | change)')
                text = replace_once(text, "'entering-package/contracts/model_contract.json'", repr(str(translated / 'entering-package/contracts/model_contract.json')))
                text = replace_once(text, "delta['added']==[]",
                                    f"{{x[1] for x in delta['added']}}=={WI040_PARAMETERS | WI038_PARAMETERS | WI058_PARAMETERS | WI059_PARAMETERS | WI059_NATIVE_ONLY_PARAMETERS | WI060_PARAMETERS | WI061_PARAMETERS | WI062_PARAMETERS | WI063_PARAMETERS!r}")
                # WI-058: evaluate R14 at the R-form's length (see K_COIL_RETIRED) so the frozen row stays exact.
                text = replace_once(text, "('R14',{P+'plasma__R':14.0})",
                                    f"('R14',{{P+'plasma__R':14.0,P+'magnet__coil__c_coil_ref':{K_COIL_RETIRED * 14.0!r}}})")
            if name in ('native', 'direct'):
                text = 'from tests.models.current_mfe_regressions import pre_fit_report\n' + text
            if name == 'native':
                text = replace_once(text, "assert a['responses']==b['responses']", "assert {k:v for k,v in a['responses'].items() if 'wp_fit_ok' not in k and 'reference_conductor_current_ok' not in k}==b['responses']")
                text = text.replace("a['report']==b['report']", "pre_fit_report(a['report'], b['report'])==b['report']")
            if name == 'direct':
                text = replace_once(text, "assert set(raw)==set(expected)", "assert set(raw)-{k for k in raw if 'wp_fit_ok' in k or 'reference_conductor_current_ok' in k}==set(expected)\n        raw['constraint_report'] = pre_fit_report(raw['constraint_report'], expected['constraint_report'])")
            if name == 'standalone':
                # WI-058: the winding length no longer takes R0 -- its R0-only check leaves the replay (its bore
                # response is tested in test_winding_length_bore.py); the other three magnet calcs keep theirs.
                text = replace_once(text, "('coil_length','mfe_magnet_field','coil_winding_length','Coil_Winding_Length',14/12.7),", '')
                for suffix in ('field_calc', 'stored_energy', 'magnet_cost'):
                    text = replace_once(text, f"('{suffix}',", f"('{modules[suffix]}',")
            if name == 'native':
                text = replace_once(text, "a['outputs'][k]==v if name=='baseline'", f"a['outputs'][k]==v if name=='baseline' and k not in {finance!r}")
                text = replace_once(text,
                    "    assert component[name].get('B_peak',component[name].get('error'))==row.get('B_peak',row.get('error'))",
                    "    if name == 'valid':\n"
                    "        assert component[name]['B_peak'] == row['B_peak']\n"
                    "    else:\n"
                    "        assert component[name]['error'] == 'ValueError'\n"
                    "        domain = 'reference' if name.startswith('reference') else 'live'\n"
                    "        assert domain + ' clearance' in component[name]['message']")
            if name == 'direct':
                text = replace_once(text, 'values.update(change)', f'values.update({WI059_REPLAY!r} | change)')
                # WI-058: evaluate R14 at the R-form's length (see K_COIL_RETIRED) so the frozen row stays exact.
                text = replace_once(text, "'R14':{P+'plasma__R':14.0,",
                                    f"'R14':{{P+'plasma__R':14.0,P+'magnet__coil__c_coil_ref':{K_COIL_RETIRED * 14.0!r},")
                text = replace_once(text, "if name=='baseline' or not isinstance(v,(int,float)):",
                                    f"if (name=='baseline' and k not in {finance!r}) or not isinstance(v,(int,float)):")
                text = replace_once(text, "scalar[k]==v if name=='baseline'", f"scalar[k]==v if name=='baseline' and k not in {finance!r}")
                # WI-053 read the magnet clearance refusal (ValueError) first at three invalid radii. WI-057
                # (2026-09-13): the calcs live on their parts and the regenerated pipeline executes the plasma's
                # sustainment module before the magnet's peak-field module. At the coil-centre and R3 radii the first
                # refusal is the plasma's deliberate SustainmentError (accepted: a different deliberate rejection).
                # At the negative radius it is an incidental TypeError inside plasma__sustain -- an UNRESOLVED
                # regression of the diagnostic, documented here, not repaired (goal structural-decomposition
                # trail, Amendment 2026-09-13; a deliberate non-positive-radius refusal is a model item). The
                # clearance check itself is unchanged and still refuses when reached
                # (test_peak_component_preserves_valid_and_rejects_invalid_domains).
                text = replace_once(text,
                    "classes=['SustainmentError','ZeroDivisionError','SustainmentError','ZeroDivisionError','TypeError']",
                    "classes=['SustainmentError','SustainmentError','SustainmentError','ZeroDivisionError','TypeError']")
            driver = drivers / (name + '.py')
            driver.write_text(text)
            command = [str(ROOT / '.codex-test/run'), 'bash', '-c',
                       'export PYTHONPATH="$PWD:$STOP_PARSER_TEAX_ROOT/packages/teax-simkit" STUDY_REQUIRE_TEAX=1; exec .codex-test/run python "$@"',
                       'current-mfe', str(driver), str(destination)]
            result = subprocess.run(command, cwd=ROOT, capture_output=True, text=True)
            (destination / (name + '.log')).write_text(result.stdout + result.stderr)
>           assert result.returncode == 0, f'{name} failed: {destination / (name + ".log")}'
                   ^^^^^^^^^^^^^^^^^^^^^^
E           AssertionError: cli_checks failed: /tmp/pytest-of-reid/pytest-12843/wi0510/acceptance/cli_checks.log

tests/models/current_mfe_regressions.py:391: AssertionError
_________ ERROR at setup of test_retired_radius_refused[alone-single] __________

tmp_path_factory = TempPathFactory(_given_basetemp=None, _trace=<pluggy._tracing.TagTracerSub object at 0x7b80acf69160>, _basetemp=PosixPath('/tmp/pytest-of-reid/pytest-12843'), _retention_count=3, _retention_policy='all')

    @pytest.fixture(scope='module')
    def acceptance(tmp_path_factory):
        from tests.models.current_mfe_regressions import radius_acceptance
>       return radius_acceptance(tmp_path_factory.mktemp('wi051')/'acceptance',H)
               ^^^^^^^^^^^^^^^^^^^^^^^^^^^^^^^^^^^^^^^^^^^^^^^^^^^^^^^^^^^^^^^^^^

tests/models/test_mfe_major_radius.py:140: 
_ _ _ _ _ _ _ _ _ _ _ _ _ _ _ _ _ _ _ _ _ _ _ _ _ _ _ _ _ _ _ _ _ _ _ _ _ _ _ _ 

destination = PosixPath('/tmp/pytest-of-reid/pytest-12843/wi0510/acceptance')
historical = PosixPath('/home/reid/1cfe/fusion-tea/work/active/WI-051_mfe-model-owned-major-radius/implementation')

    def radius_acceptance(destination, historical):
        destination = Path(destination)
        destination.mkdir()
        drivers = destination / 'drivers'
        drivers.mkdir()
        ledger = json.loads((FINANCE_EVIDENCE / 'scalar-ledger.json').read_text())['live_ordinary']
        finance = {row['name'] for row in ledger if row['classification'] == 'changed finance'}
        generation = current_generation()
        before = generation.inventory(generation.PACKAGE)
        # WI-057 (2026-09-13): the drivers read the frozen evidence and the package under the new names.
        forward, _ = structure_ledger()
        translated, modules = translate_frozen_radius_evidence(Path(historical), destination, forward)
        # Current economic expectations are independently recomputed; baseline arithmetic may
        # differ by roundoff. This is a bounded tolerance, never omission of these comparisons.
        finance |= restate_wi040_radius_costs(translated)
        for name in ('native', 'direct', 'standalone', 'cli_checks'):
            text = (historical / (name + '.py')).read_text()
            if "Path(__file__).resolve().parent.parent/'prototype'" in text:
                text = replace_once(text, "Path(__file__).resolve().parent.parent/'prototype'", f'Path({str(translated)!r})')
            text = text.replace('Path(__file__).resolve().parent', f'Path({str(historical)!r})')
            if name in ('native', 'direct'):
                text = text.replace("P+'R'", "P+'plasma__R'")
            if name == 'native':
                text = replace_once(text, 'bridge.build(change)', f'bridge.build({WI059_REPLAY!r} | change)')
                text = replace_once(text, "'entering-package/contracts/model_contract.json'", repr(str(translated / 'entering-package/contracts/model_contract.json')))
                text = replace_once(text, "delta['added']==[]",
                                    f"{{x[1] for x in delta['added']}}=={WI040_PARAMETERS | WI038_PARAMETERS | WI058_PARAMETERS | WI059_PARAMETERS | WI059_NATIVE_ONLY_PARAMETERS | WI060_PARAMETERS | WI061_PARAMETERS | WI062_PARAMETERS | WI063_PARAMETERS!r}")
                # WI-058: evaluate R14 at the R-form's length (see K_COIL_RETIRED) so the frozen row stays exact.
                text = replace_once(text, "('R14',{P+'plasma__R':14.0})",
                                    f"('R14',{{P+'plasma__R':14.0,P+'magnet__coil__c_coil_ref':{K_COIL_RETIRED * 14.0!r}}})")
            if name in ('native', 'direct'):
                text = 'from tests.models.current_mfe_regressions import pre_fit_report\n' + text
            if name == 'native':
                text = replace_once(text, "assert a['responses']==b['responses']", "assert {k:v for k,v in a['responses'].items() if 'wp_fit_ok' not in k and 'reference_conductor_current_ok' not in k}==b['responses']")
                text = text.replace("a['report']==b['report']", "pre_fit_report(a['report'], b['report'])==b['report']")
            if name == 'direct':
                text = replace_once(text, "assert set(raw)==set(expected)", "assert set(raw)-{k for k in raw if 'wp_fit_ok' in k or 'reference_conductor_current_ok' in k}==set(expected)\n        raw['constraint_report'] = pre_fit_report(raw['constraint_report'], expected['constraint_report'])")
            if name == 'standalone':
                # WI-058: the winding length no longer takes R0 -- its R0-only check leaves the replay (its bore
                # response is tested in test_winding_length_bore.py); the other three magnet calcs keep theirs.
                text = replace_once(text, "('coil_length','mfe_magnet_field','coil_winding_length','Coil_Winding_Length',14/12.7),", '')
                for suffix in ('field_calc', 'stored_energy', 'magnet_cost'):
                    text = replace_once(text, f"('{suffix}',", f"('{modules[suffix]}',")
            if name == 'native':
                text = replace_once(text, "a['outputs'][k]==v if name=='baseline'", f"a['outputs'][k]==v if name=='baseline' and k not in {finance!r}")
                text = replace_once(text,
                    "    assert component[name].get('B_peak',component[name].get('error'))==row.get('B_peak',row.get('error'))",
                    "    if name == 'valid':\n"
                    "        assert component[name]['B_peak'] == row['B_peak']\n"
                    "    else:\n"
                    "        assert component[name]['error'] == 'ValueError'\n"
                    "        domain = 'reference' if name.startswith('reference') else 'live'\n"
                    "        assert domain + ' clearance' in component[name]['message']")
            if name == 'direct':
                text = replace_once(text, 'values.update(change)', f'values.update({WI059_REPLAY!r} | change)')
                # WI-058: evaluate R14 at the R-form's length (see K_COIL_RETIRED) so the frozen row stays exact.
                text = replace_once(text, "'R14':{P+'plasma__R':14.0,",
                                    f"'R14':{{P+'plasma__R':14.0,P+'magnet__coil__c_coil_ref':{K_COIL_RETIRED * 14.0!r},")
                text = replace_once(text, "if name=='baseline' or not isinstance(v,(int,float)):",
                                    f"if (name=='baseline' and k not in {finance!r}) or not isinstance(v,(int,float)):")
                text = replace_once(text, "scalar[k]==v if name=='baseline'", f"scalar[k]==v if name=='baseline' and k not in {finance!r}")
                # WI-053 read the magnet clearance refusal (ValueError) first at three invalid radii. WI-057
                # (2026-09-13): the calcs live on their parts and the regenerated pipeline executes the plasma's
                # sustainment module before the magnet's peak-field module. At the coil-centre and R3 radii the first
                # refusal is the plasma's deliberate SustainmentError (accepted: a different deliberate rejection).
                # At the negative radius it is an incidental TypeError inside plasma__sustain -- an UNRESOLVED
                # regression of the diagnostic, documented here, not repaired (goal structural-decomposition
                # trail, Amendment 2026-09-13; a deliberate non-positive-radius refusal is a model item). The
                # clearance check itself is unchanged and still refuses when reached
                # (test_peak_component_preserves_valid_and_rejects_invalid_domains).
                text = replace_once(text,
                    "classes=['SustainmentError','ZeroDivisionError','SustainmentError','ZeroDivisionError','TypeError']",
                    "classes=['SustainmentError','SustainmentError','SustainmentError','ZeroDivisionError','TypeError']")
            driver = drivers / (name + '.py')
            driver.write_text(text)
            command = [str(ROOT / '.codex-test/run'), 'bash', '-c',
                       'export PYTHONPATH="$PWD:$STOP_PARSER_TEAX_ROOT/packages/teax-simkit" STUDY_REQUIRE_TEAX=1; exec .codex-test/run python "$@"',
                       'current-mfe', str(driver), str(destination)]
            result = subprocess.run(command, cwd=ROOT, capture_output=True, text=True)
            (destination / (name + '.log')).write_text(result.stdout + result.stderr)
>           assert result.returncode == 0, f'{name} failed: {destination / (name + ".log")}'
                   ^^^^^^^^^^^^^^^^^^^^^^
E           AssertionError: cli_checks failed: /tmp/pytest-of-reid/pytest-12843/wi0510/acceptance/cli_checks.log

tests/models/current_mfe_regressions.py:391: AssertionError
___________ ERROR at setup of test_retired_radius_refused[alone-cli] ___________

tmp_path_factory = TempPathFactory(_given_basetemp=None, _trace=<pluggy._tracing.TagTracerSub object at 0x7b80acf69160>, _basetemp=PosixPath('/tmp/pytest-of-reid/pytest-12843'), _retention_count=3, _retention_policy='all')

    @pytest.fixture(scope='module')
    def acceptance(tmp_path_factory):
        from tests.models.current_mfe_regressions import radius_acceptance
>       return radius_acceptance(tmp_path_factory.mktemp('wi051')/'acceptance',H)
               ^^^^^^^^^^^^^^^^^^^^^^^^^^^^^^^^^^^^^^^^^^^^^^^^^^^^^^^^^^^^^^^^^^

tests/models/test_mfe_major_radius.py:140: 
_ _ _ _ _ _ _ _ _ _ _ _ _ _ _ _ _ _ _ _ _ _ _ _ _ _ _ _ _ _ _ _ _ _ _ _ _ _ _ _ 

destination = PosixPath('/tmp/pytest-of-reid/pytest-12843/wi0510/acceptance')
historical = PosixPath('/home/reid/1cfe/fusion-tea/work/active/WI-051_mfe-model-owned-major-radius/implementation')

    def radius_acceptance(destination, historical):
        destination = Path(destination)
        destination.mkdir()
        drivers = destination / 'drivers'
        drivers.mkdir()
        ledger = json.loads((FINANCE_EVIDENCE / 'scalar-ledger.json').read_text())['live_ordinary']
        finance = {row['name'] for row in ledger if row['classification'] == 'changed finance'}
        generation = current_generation()
        before = generation.inventory(generation.PACKAGE)
        # WI-057 (2026-09-13): the drivers read the frozen evidence and the package under the new names.
        forward, _ = structure_ledger()
        translated, modules = translate_frozen_radius_evidence(Path(historical), destination, forward)
        # Current economic expectations are independently recomputed; baseline arithmetic may
        # differ by roundoff. This is a bounded tolerance, never omission of these comparisons.
        finance |= restate_wi040_radius_costs(translated)
        for name in ('native', 'direct', 'standalone', 'cli_checks'):
            text = (historical / (name + '.py')).read_text()
            if "Path(__file__).resolve().parent.parent/'prototype'" in text:
                text = replace_once(text, "Path(__file__).resolve().parent.parent/'prototype'", f'Path({str(translated)!r})')
            text = text.replace('Path(__file__).resolve().parent', f'Path({str(historical)!r})')
            if name in ('native', 'direct'):
                text = text.replace("P+'R'", "P+'plasma__R'")
            if name == 'native':
                text = replace_once(text, 'bridge.build(change)', f'bridge.build({WI059_REPLAY!r} | change)')
                text = replace_once(text, "'entering-package/contracts/model_contract.json'", repr(str(translated / 'entering-package/contracts/model_contract.json')))
                text = replace_once(text, "delta['added']==[]",
                                    f"{{x[1] for x in delta['added']}}=={WI040_PARAMETERS | WI038_PARAMETERS | WI058_PARAMETERS | WI059_PARAMETERS | WI059_NATIVE_ONLY_PARAMETERS | WI060_PARAMETERS | WI061_PARAMETERS | WI062_PARAMETERS | WI063_PARAMETERS!r}")
                # WI-058: evaluate R14 at the R-form's length (see K_COIL_RETIRED) so the frozen row stays exact.
                text = replace_once(text, "('R14',{P+'plasma__R':14.0})",
                                    f"('R14',{{P+'plasma__R':14.0,P+'magnet__coil__c_coil_ref':{K_COIL_RETIRED * 14.0!r}}})")
            if name in ('native', 'direct'):
                text = 'from tests.models.current_mfe_regressions import pre_fit_report\n' + text
            if name == 'native':
                text = replace_once(text, "assert a['responses']==b['responses']", "assert {k:v for k,v in a['responses'].items() if 'wp_fit_ok' not in k and 'reference_conductor_current_ok' not in k}==b['responses']")
                text = text.replace("a['report']==b['report']", "pre_fit_report(a['report'], b['report'])==b['report']")
            if name == 'direct':
                text = replace_once(text, "assert set(raw)==set(expected)", "assert set(raw)-{k for k in raw if 'wp_fit_ok' in k or 'reference_conductor_current_ok' in k}==set(expected)\n        raw['constraint_report'] = pre_fit_report(raw['constraint_report'], expected['constraint_report'])")
            if name == 'standalone':
                # WI-058: the winding length no longer takes R0 -- its R0-only check leaves the replay (its bore
                # response is tested in test_winding_length_bore.py); the other three magnet calcs keep theirs.
                text = replace_once(text, "('coil_length','mfe_magnet_field','coil_winding_length','Coil_Winding_Length',14/12.7),", '')
                for suffix in ('field_calc', 'stored_energy', 'magnet_cost'):
                    text = replace_once(text, f"('{suffix}',", f"('{modules[suffix]}',")
            if name == 'native':
                text = replace_once(text, "a['outputs'][k]==v if name=='baseline'", f"a['outputs'][k]==v if name=='baseline' and k not in {finance!r}")
                text = replace_once(text,
                    "    assert component[name].get('B_peak',component[name].get('error'))==row.get('B_peak',row.get('error'))",
                    "    if name == 'valid':\n"
                    "        assert component[name]['B_peak'] == row['B_peak']\n"
                    "    else:\n"
                    "        assert component[name]['error'] == 'ValueError'\n"
                    "        domain = 'reference' if name.startswith('reference') else 'live'\n"
                    "        assert domain + ' clearance' in component[name]['message']")
            if name == 'direct':
                text = replace_once(text, 'values.update(change)', f'values.update({WI059_REPLAY!r} | change)')
                # WI-058: evaluate R14 at the R-form's length (see K_COIL_RETIRED) so the frozen row stays exact.
                text = replace_once(text, "'R14':{P+'plasma__R':14.0,",
                                    f"'R14':{{P+'plasma__R':14.0,P+'magnet__coil__c_coil_ref':{K_COIL_RETIRED * 14.0!r},")
                text = replace_once(text, "if name=='baseline' or not isinstance(v,(int,float)):",
                                    f"if (name=='baseline' and k not in {finance!r}) or not isinstance(v,(int,float)):")
                text = replace_once(text, "scalar[k]==v if name=='baseline'", f"scalar[k]==v if name=='baseline' and k not in {finance!r}")
                # WI-053 read the magnet clearance refusal (ValueError) first at three invalid radii. WI-057
                # (2026-09-13): the calcs live on their parts and the regenerated pipeline executes the plasma's
                # sustainment module before the magnet's peak-field module. At the coil-centre and R3 radii the first
                # refusal is the plasma's deliberate SustainmentError (accepted: a different deliberate rejection).
                # At the negative radius it is an incidental TypeError inside plasma__sustain -- an UNRESOLVED
                # regression of the diagnostic, documented here, not repaired (goal structural-decomposition
                # trail, Amendment 2026-09-13; a deliberate non-positive-radius refusal is a model item). The
                # clearance check itself is unchanged and still refuses when reached
                # (test_peak_component_preserves_valid_and_rejects_invalid_domains).
                text = replace_once(text,
                    "classes=['SustainmentError','ZeroDivisionError','SustainmentError','ZeroDivisionError','TypeError']",
                    "classes=['SustainmentError','SustainmentError','SustainmentError','ZeroDivisionError','TypeError']")
            driver = drivers / (name + '.py')
            driver.write_text(text)
            command = [str(ROOT / '.codex-test/run'), 'bash', '-c',
                       'export PYTHONPATH="$PWD:$STOP_PARSER_TEAX_ROOT/packages/teax-simkit" STUDY_REQUIRE_TEAX=1; exec .codex-test/run python "$@"',
                       'current-mfe', str(driver), str(destination)]
            result = subprocess.run(command, cwd=ROOT, capture_output=True, text=True)
            (destination / (name + '.log')).write_text(result.stdout + result.stderr)
>           assert result.returncode == 0, f'{name} failed: {destination / (name + ".log")}'
                   ^^^^^^^^^^^^^^^^^^^^^^
E           AssertionError: cli_checks failed: /tmp/pytest-of-reid/pytest-12843/wi0510/acceptance/cli_checks.log

tests/models/current_mfe_regressions.py:391: AssertionError
_________ ERROR at setup of test_retired_radius_refused[equal-native] __________

tmp_path_factory = TempPathFactory(_given_basetemp=None, _trace=<pluggy._tracing.TagTracerSub object at 0x7b80acf69160>, _basetemp=PosixPath('/tmp/pytest-of-reid/pytest-12843'), _retention_count=3, _retention_policy='all')

    @pytest.fixture(scope='module')
    def acceptance(tmp_path_factory):
        from tests.models.current_mfe_regressions import radius_acceptance
>       return radius_acceptance(tmp_path_factory.mktemp('wi051')/'acceptance',H)
               ^^^^^^^^^^^^^^^^^^^^^^^^^^^^^^^^^^^^^^^^^^^^^^^^^^^^^^^^^^^^^^^^^^

tests/models/test_mfe_major_radius.py:140: 
_ _ _ _ _ _ _ _ _ _ _ _ _ _ _ _ _ _ _ _ _ _ _ _ _ _ _ _ _ _ _ _ _ _ _ _ _ _ _ _ 

destination = PosixPath('/tmp/pytest-of-reid/pytest-12843/wi0510/acceptance')
historical = PosixPath('/home/reid/1cfe/fusion-tea/work/active/WI-051_mfe-model-owned-major-radius/implementation')

    def radius_acceptance(destination, historical):
        destination = Path(destination)
        destination.mkdir()
        drivers = destination / 'drivers'
        drivers.mkdir()
        ledger = json.loads((FINANCE_EVIDENCE / 'scalar-ledger.json').read_text())['live_ordinary']
        finance = {row['name'] for row in ledger if row['classification'] == 'changed finance'}
        generation = current_generation()
        before = generation.inventory(generation.PACKAGE)
        # WI-057 (2026-09-13): the drivers read the frozen evidence and the package under the new names.
        forward, _ = structure_ledger()
        translated, modules = translate_frozen_radius_evidence(Path(historical), destination, forward)
        # Current economic expectations are independently recomputed; baseline arithmetic may
        # differ by roundoff. This is a bounded tolerance, never omission of these comparisons.
        finance |= restate_wi040_radius_costs(translated)
        for name in ('native', 'direct', 'standalone', 'cli_checks'):
            text = (historical / (name + '.py')).read_text()
            if "Path(__file__).resolve().parent.parent/'prototype'" in text:
                text = replace_once(text, "Path(__file__).resolve().parent.parent/'prototype'", f'Path({str(translated)!r})')
            text = text.replace('Path(__file__).resolve().parent', f'Path({str(historical)!r})')
            if name in ('native', 'direct'):
                text = text.replace("P+'R'", "P+'plasma__R'")
            if name == 'native':
                text = replace_once(text, 'bridge.build(change)', f'bridge.build({WI059_REPLAY!r} | change)')
                text = replace_once(text, "'entering-package/contracts/model_contract.json'", repr(str(translated / 'entering-package/contracts/model_contract.json')))
                text = replace_once(text, "delta['added']==[]",
                                    f"{{x[1] for x in delta['added']}}=={WI040_PARAMETERS | WI038_PARAMETERS | WI058_PARAMETERS | WI059_PARAMETERS | WI059_NATIVE_ONLY_PARAMETERS | WI060_PARAMETERS | WI061_PARAMETERS | WI062_PARAMETERS | WI063_PARAMETERS!r}")
                # WI-058: evaluate R14 at the R-form's length (see K_COIL_RETIRED) so the frozen row stays exact.
                text = replace_once(text, "('R14',{P+'plasma__R':14.0})",
                                    f"('R14',{{P+'plasma__R':14.0,P+'magnet__coil__c_coil_ref':{K_COIL_RETIRED * 14.0!r}}})")
            if name in ('native', 'direct'):
                text = 'from tests.models.current_mfe_regressions import pre_fit_report\n' + text
            if name == 'native':
                text = replace_once(text, "assert a['responses']==b['responses']", "assert {k:v for k,v in a['responses'].items() if 'wp_fit_ok' not in k and 'reference_conductor_current_ok' not in k}==b['responses']")
                text = text.replace("a['report']==b['report']", "pre_fit_report(a['report'], b['report'])==b['report']")
            if name == 'direct':
                text = replace_once(text, "assert set(raw)==set(expected)", "assert set(raw)-{k for k in raw if 'wp_fit_ok' in k or 'reference_conductor_current_ok' in k}==set(expected)\n        raw['constraint_report'] = pre_fit_report(raw['constraint_report'], expected['constraint_report'])")
            if name == 'standalone':
                # WI-058: the winding length no longer takes R0 -- its R0-only check leaves the replay (its bore
                # response is tested in test_winding_length_bore.py); the other three magnet calcs keep theirs.
                text = replace_once(text, "('coil_length','mfe_magnet_field','coil_winding_length','Coil_Winding_Length',14/12.7),", '')
                for suffix in ('field_calc', 'stored_energy', 'magnet_cost'):
                    text = replace_once(text, f"('{suffix}',", f"('{modules[suffix]}',")
            if name == 'native':
                text = replace_once(text, "a['outputs'][k]==v if name=='baseline'", f"a['outputs'][k]==v if name=='baseline' and k not in {finance!r}")
                text = replace_once(text,
                    "    assert component[name].get('B_peak',component[name].get('error'))==row.get('B_peak',row.get('error'))",
                    "    if name == 'valid':\n"
                    "        assert component[name]['B_peak'] == row['B_peak']\n"
                    "    else:\n"
                    "        assert component[name]['error'] == 'ValueError'\n"
                    "        domain = 'reference' if name.startswith('reference') else 'live'\n"
                    "        assert domain + ' clearance' in component[name]['message']")
            if name == 'direct':
                text = replace_once(text, 'values.update(change)', f'values.update({WI059_REPLAY!r} | change)')
                # WI-058: evaluate R14 at the R-form's length (see K_COIL_RETIRED) so the frozen row stays exact.
                text = replace_once(text, "'R14':{P+'plasma__R':14.0,",
                                    f"'R14':{{P+'plasma__R':14.0,P+'magnet__coil__c_coil_ref':{K_COIL_RETIRED * 14.0!r},")
                text = replace_once(text, "if name=='baseline' or not isinstance(v,(int,float)):",
                                    f"if (name=='baseline' and k not in {finance!r}) or not isinstance(v,(int,float)):")
                text = replace_once(text, "scalar[k]==v if name=='baseline'", f"scalar[k]==v if name=='baseline' and k not in {finance!r}")
                # WI-053 read the magnet clearance refusal (ValueError) first at three invalid radii. WI-057
                # (2026-09-13): the calcs live on their parts and the regenerated pipeline executes the plasma's
                # sustainment module before the magnet's peak-field module. At the coil-centre and R3 radii the first
                # refusal is the plasma's deliberate SustainmentError (accepted: a different deliberate rejection).
                # At the negative radius it is an incidental TypeError inside plasma__sustain -- an UNRESOLVED
                # regression of the diagnostic, documented here, not repaired (goal structural-decomposition
                # trail, Amendment 2026-09-13; a deliberate non-positive-radius refusal is a model item). The
                # clearance check itself is unchanged and still refuses when reached
                # (test_peak_component_preserves_valid_and_rejects_invalid_domains).
                text = replace_once(text,
                    "classes=['SustainmentError','ZeroDivisionError','SustainmentError','ZeroDivisionError','TypeError']",
                    "classes=['SustainmentError','SustainmentError','SustainmentError','ZeroDivisionError','TypeError']")
            driver = drivers / (name + '.py')
            driver.write_text(text)
            command = [str(ROOT / '.codex-test/run'), 'bash', '-c',
                       'export PYTHONPATH="$PWD:$STOP_PARSER_TEAX_ROOT/packages/teax-simkit" STUDY_REQUIRE_TEAX=1; exec .codex-test/run python "$@"',
                       'current-mfe', str(driver), str(destination)]
            result = subprocess.run(command, cwd=ROOT, capture_output=True, text=True)
            (destination / (name + '.log')).write_text(result.stdout + result.stderr)
>           assert result.returncode == 0, f'{name} failed: {destination / (name + ".log")}'
                   ^^^^^^^^^^^^^^^^^^^^^^
E           AssertionError: cli_checks failed: /tmp/pytest-of-reid/pytest-12843/wi0510/acceptance/cli_checks.log

tests/models/current_mfe_regressions.py:391: AssertionError
_________ ERROR at setup of test_retired_radius_refused[equal-schema] __________

tmp_path_factory = TempPathFactory(_given_basetemp=None, _trace=<pluggy._tracing.TagTracerSub object at 0x7b80acf69160>, _basetemp=PosixPath('/tmp/pytest-of-reid/pytest-12843'), _retention_count=3, _retention_policy='all')

    @pytest.fixture(scope='module')
    def acceptance(tmp_path_factory):
        from tests.models.current_mfe_regressions import radius_acceptance
>       return radius_acceptance(tmp_path_factory.mktemp('wi051')/'acceptance',H)
               ^^^^^^^^^^^^^^^^^^^^^^^^^^^^^^^^^^^^^^^^^^^^^^^^^^^^^^^^^^^^^^^^^^

tests/models/test_mfe_major_radius.py:140: 
_ _ _ _ _ _ _ _ _ _ _ _ _ _ _ _ _ _ _ _ _ _ _ _ _ _ _ _ _ _ _ _ _ _ _ _ _ _ _ _ 

destination = PosixPath('/tmp/pytest-of-reid/pytest-12843/wi0510/acceptance')
historical = PosixPath('/home/reid/1cfe/fusion-tea/work/active/WI-051_mfe-model-owned-major-radius/implementation')

    def radius_acceptance(destination, historical):
        destination = Path(destination)
        destination.mkdir()
        drivers = destination / 'drivers'
        drivers.mkdir()
        ledger = json.loads((FINANCE_EVIDENCE / 'scalar-ledger.json').read_text())['live_ordinary']
        finance = {row['name'] for row in ledger if row['classification'] == 'changed finance'}
        generation = current_generation()
        before = generation.inventory(generation.PACKAGE)
        # WI-057 (2026-09-13): the drivers read the frozen evidence and the package under the new names.
        forward, _ = structure_ledger()
        translated, modules = translate_frozen_radius_evidence(Path(historical), destination, forward)
        # Current economic expectations are independently recomputed; baseline arithmetic may
        # differ by roundoff. This is a bounded tolerance, never omission of these comparisons.
        finance |= restate_wi040_radius_costs(translated)
        for name in ('native', 'direct', 'standalone', 'cli_checks'):
            text = (historical / (name + '.py')).read_text()
            if "Path(__file__).resolve().parent.parent/'prototype'" in text:
                text = replace_once(text, "Path(__file__).resolve().parent.parent/'prototype'", f'Path({str(translated)!r})')
            text = text.replace('Path(__file__).resolve().parent', f'Path({str(historical)!r})')
            if name in ('native', 'direct'):
                text = text.replace("P+'R'", "P+'plasma__R'")
            if name == 'native':
                text = replace_once(text, 'bridge.build(change)', f'bridge.build({WI059_REPLAY!r} | change)')
                text = replace_once(text, "'entering-package/contracts/model_contract.json'", repr(str(translated / 'entering-package/contracts/model_contract.json')))
                text = replace_once(text, "delta['added']==[]",
                                    f"{{x[1] for x in delta['added']}}=={WI040_PARAMETERS | WI038_PARAMETERS | WI058_PARAMETERS | WI059_PARAMETERS | WI059_NATIVE_ONLY_PARAMETERS | WI060_PARAMETERS | WI061_PARAMETERS | WI062_PARAMETERS | WI063_PARAMETERS!r}")
                # WI-058: evaluate R14 at the R-form's length (see K_COIL_RETIRED) so the frozen row stays exact.
                text = replace_once(text, "('R14',{P+'plasma__R':14.0})",
                                    f"('R14',{{P+'plasma__R':14.0,P+'magnet__coil__c_coil_ref':{K_COIL_RETIRED * 14.0!r}}})")
            if name in ('native', 'direct'):
                text = 'from tests.models.current_mfe_regressions import pre_fit_report\n' + text
            if name == 'native':
                text = replace_once(text, "assert a['responses']==b['responses']", "assert {k:v for k,v in a['responses'].items() if 'wp_fit_ok' not in k and 'reference_conductor_current_ok' not in k}==b['responses']")
                text = text.replace("a['report']==b['report']", "pre_fit_report(a['report'], b['report'])==b['report']")
            if name == 'direct':
                text = replace_once(text, "assert set(raw)==set(expected)", "assert set(raw)-{k for k in raw if 'wp_fit_ok' in k or 'reference_conductor_current_ok' in k}==set(expected)\n        raw['constraint_report'] = pre_fit_report(raw['constraint_report'], expected['constraint_report'])")
            if name == 'standalone':
                # WI-058: the winding length no longer takes R0 -- its R0-only check leaves the replay (its bore
                # response is tested in test_winding_length_bore.py); the other three magnet calcs keep theirs.
                text = replace_once(text, "('coil_length','mfe_magnet_field','coil_winding_length','Coil_Winding_Length',14/12.7),", '')
                for suffix in ('field_calc', 'stored_energy', 'magnet_cost'):
                    text = replace_once(text, f"('{suffix}',", f"('{modules[suffix]}',")
            if name == 'native':
                text = replace_once(text, "a['outputs'][k]==v if name=='baseline'", f"a['outputs'][k]==v if name=='baseline' and k not in {finance!r}")
                text = replace_once(text,
                    "    assert component[name].get('B_peak',component[name].get('error'))==row.get('B_peak',row.get('error'))",
                    "    if name == 'valid':\n"
                    "        assert component[name]['B_peak'] == row['B_peak']\n"
                    "    else:\n"
                    "        assert component[name]['error'] == 'ValueError'\n"
                    "        domain = 'reference' if name.startswith('reference') else 'live'\n"
                    "        assert domain + ' clearance' in component[name]['message']")
            if name == 'direct':
                text = replace_once(text, 'values.update(change)', f'values.update({WI059_REPLAY!r} | change)')
                # WI-058: evaluate R14 at the R-form's length (see K_COIL_RETIRED) so the frozen row stays exact.
                text = replace_once(text, "'R14':{P+'plasma__R':14.0,",
                                    f"'R14':{{P+'plasma__R':14.0,P+'magnet__coil__c_coil_ref':{K_COIL_RETIRED * 14.0!r},")
                text = replace_once(text, "if name=='baseline' or not isinstance(v,(int,float)):",
                                    f"if (name=='baseline' and k not in {finance!r}) or not isinstance(v,(int,float)):")
                text = replace_once(text, "scalar[k]==v if name=='baseline'", f"scalar[k]==v if name=='baseline' and k not in {finance!r}")
                # WI-053 read the magnet clearance refusal (ValueError) first at three invalid radii. WI-057
                # (2026-09-13): the calcs live on their parts and the regenerated pipeline executes the plasma's
                # sustainment module before the magnet's peak-field module. At the coil-centre and R3 radii the first
                # refusal is the plasma's deliberate SustainmentError (accepted: a different deliberate rejection).
                # At the negative radius it is an incidental TypeError inside plasma__sustain -- an UNRESOLVED
                # regression of the diagnostic, documented here, not repaired (goal structural-decomposition
                # trail, Amendment 2026-09-13; a deliberate non-positive-radius refusal is a model item). The
                # clearance check itself is unchanged and still refuses when reached
                # (test_peak_component_preserves_valid_and_rejects_invalid_domains).
                text = replace_once(text,
                    "classes=['SustainmentError','ZeroDivisionError','SustainmentError','ZeroDivisionError','TypeError']",
                    "classes=['SustainmentError','SustainmentError','SustainmentError','ZeroDivisionError','TypeError']")
            driver = drivers / (name + '.py')
            driver.write_text(text)
            command = [str(ROOT / '.codex-test/run'), 'bash', '-c',
                       'export PYTHONPATH="$PWD:$STOP_PARSER_TEAX_ROOT/packages/teax-simkit" STUDY_REQUIRE_TEAX=1; exec .codex-test/run python "$@"',
                       'current-mfe', str(driver), str(destination)]
            result = subprocess.run(command, cwd=ROOT, capture_output=True, text=True)
            (destination / (name + '.log')).write_text(result.stdout + result.stderr)
>           assert result.returncode == 0, f'{name} failed: {destination / (name + ".log")}'
                   ^^^^^^^^^^^^^^^^^^^^^^
E           AssertionError: cli_checks failed: /tmp/pytest-of-reid/pytest-12843/wi0510/acceptance/cli_checks.log

tests/models/current_mfe_regressions.py:391: AssertionError
_________ ERROR at setup of test_retired_radius_refused[equal-helper] __________

tmp_path_factory = TempPathFactory(_given_basetemp=None, _trace=<pluggy._tracing.TagTracerSub object at 0x7b80acf69160>, _basetemp=PosixPath('/tmp/pytest-of-reid/pytest-12843'), _retention_count=3, _retention_policy='all')

    @pytest.fixture(scope='module')
    def acceptance(tmp_path_factory):
        from tests.models.current_mfe_regressions import radius_acceptance
>       return radius_acceptance(tmp_path_factory.mktemp('wi051')/'acceptance',H)
               ^^^^^^^^^^^^^^^^^^^^^^^^^^^^^^^^^^^^^^^^^^^^^^^^^^^^^^^^^^^^^^^^^^

tests/models/test_mfe_major_radius.py:140: 
_ _ _ _ _ _ _ _ _ _ _ _ _ _ _ _ _ _ _ _ _ _ _ _ _ _ _ _ _ _ _ _ _ _ _ _ _ _ _ _ 

destination = PosixPath('/tmp/pytest-of-reid/pytest-12843/wi0510/acceptance')
historical = PosixPath('/home/reid/1cfe/fusion-tea/work/active/WI-051_mfe-model-owned-major-radius/implementation')

    def radius_acceptance(destination, historical):
        destination = Path(destination)
        destination.mkdir()
        drivers = destination / 'drivers'
        drivers.mkdir()
        ledger = json.loads((FINANCE_EVIDENCE / 'scalar-ledger.json').read_text())['live_ordinary']
        finance = {row['name'] for row in ledger if row['classification'] == 'changed finance'}
        generation = current_generation()
        before = generation.inventory(generation.PACKAGE)
        # WI-057 (2026-09-13): the drivers read the frozen evidence and the package under the new names.
        forward, _ = structure_ledger()
        translated, modules = translate_frozen_radius_evidence(Path(historical), destination, forward)
        # Current economic expectations are independently recomputed; baseline arithmetic may
        # differ by roundoff. This is a bounded tolerance, never omission of these comparisons.
        finance |= restate_wi040_radius_costs(translated)
        for name in ('native', 'direct', 'standalone', 'cli_checks'):
            text = (historical / (name + '.py')).read_text()
            if "Path(__file__).resolve().parent.parent/'prototype'" in text:
                text = replace_once(text, "Path(__file__).resolve().parent.parent/'prototype'", f'Path({str(translated)!r})')
            text = text.replace('Path(__file__).resolve().parent', f'Path({str(historical)!r})')
            if name in ('native', 'direct'):
                text = text.replace("P+'R'", "P+'plasma__R'")
            if name == 'native':
                text = replace_once(text, 'bridge.build(change)', f'bridge.build({WI059_REPLAY!r} | change)')
                text = replace_once(text, "'entering-package/contracts/model_contract.json'", repr(str(translated / 'entering-package/contracts/model_contract.json')))
                text = replace_once(text, "delta['added']==[]",
                                    f"{{x[1] for x in delta['added']}}=={WI040_PARAMETERS | WI038_PARAMETERS | WI058_PARAMETERS | WI059_PARAMETERS | WI059_NATIVE_ONLY_PARAMETERS | WI060_PARAMETERS | WI061_PARAMETERS | WI062_PARAMETERS | WI063_PARAMETERS!r}")
                # WI-058: evaluate R14 at the R-form's length (see K_COIL_RETIRED) so the frozen row stays exact.
                text = replace_once(text, "('R14',{P+'plasma__R':14.0})",
                                    f"('R14',{{P+'plasma__R':14.0,P+'magnet__coil__c_coil_ref':{K_COIL_RETIRED * 14.0!r}}})")
            if name in ('native', 'direct'):
                text = 'from tests.models.current_mfe_regressions import pre_fit_report\n' + text
            if name == 'native':
                text = replace_once(text, "assert a['responses']==b['responses']", "assert {k:v for k,v in a['responses'].items() if 'wp_fit_ok' not in k and 'reference_conductor_current_ok' not in k}==b['responses']")
                text = text.replace("a['report']==b['report']", "pre_fit_report(a['report'], b['report'])==b['report']")
            if name == 'direct':
                text = replace_once(text, "assert set(raw)==set(expected)", "assert set(raw)-{k for k in raw if 'wp_fit_ok' in k or 'reference_conductor_current_ok' in k}==set(expected)\n        raw['constraint_report'] = pre_fit_report(raw['constraint_report'], expected['constraint_report'])")
            if name == 'standalone':
                # WI-058: the winding length no longer takes R0 -- its R0-only check leaves the replay (its bore
                # response is tested in test_winding_length_bore.py); the other three magnet calcs keep theirs.
                text = replace_once(text, "('coil_length','mfe_magnet_field','coil_winding_length','Coil_Winding_Length',14/12.7),", '')
                for suffix in ('field_calc', 'stored_energy', 'magnet_cost'):
                    text = replace_once(text, f"('{suffix}',", f"('{modules[suffix]}',")
            if name == 'native':
                text = replace_once(text, "a['outputs'][k]==v if name=='baseline'", f"a['outputs'][k]==v if name=='baseline' and k not in {finance!r}")
                text = replace_once(text,
                    "    assert component[name].get('B_peak',component[name].get('error'))==row.get('B_peak',row.get('error'))",
                    "    if name == 'valid':\n"
                    "        assert component[name]['B_peak'] == row['B_peak']\n"
                    "    else:\n"
                    "        assert component[name]['error'] == 'ValueError'\n"
                    "        domain = 'reference' if name.startswith('reference') else 'live'\n"
                    "        assert domain + ' clearance' in component[name]['message']")
            if name == 'direct':
                text = replace_once(text, 'values.update(change)', f'values.update({WI059_REPLAY!r} | change)')
                # WI-058: evaluate R14 at the R-form's length (see K_COIL_RETIRED) so the frozen row stays exact.
                text = replace_once(text, "'R14':{P+'plasma__R':14.0,",
                                    f"'R14':{{P+'plasma__R':14.0,P+'magnet__coil__c_coil_ref':{K_COIL_RETIRED * 14.0!r},")
                text = replace_once(text, "if name=='baseline' or not isinstance(v,(int,float)):",
                                    f"if (name=='baseline' and k not in {finance!r}) or not isinstance(v,(int,float)):")
                text = replace_once(text, "scalar[k]==v if name=='baseline'", f"scalar[k]==v if name=='baseline' and k not in {finance!r}")
                # WI-053 read the magnet clearance refusal (ValueError) first at three invalid radii. WI-057
                # (2026-09-13): the calcs live on their parts and the regenerated pipeline executes the plasma's
                # sustainment module before the magnet's peak-field module. At the coil-centre and R3 radii the first
                # refusal is the plasma's deliberate SustainmentError (accepted: a different deliberate rejection).
                # At the negative radius it is an incidental TypeError inside plasma__sustain -- an UNRESOLVED
                # regression of the diagnostic, documented here, not repaired (goal structural-decomposition
                # trail, Amendment 2026-09-13; a deliberate non-positive-radius refusal is a model item). The
                # clearance check itself is unchanged and still refuses when reached
                # (test_peak_component_preserves_valid_and_rejects_invalid_domains).
                text = replace_once(text,
                    "classes=['SustainmentError','ZeroDivisionError','SustainmentError','ZeroDivisionError','TypeError']",
                    "classes=['SustainmentError','SustainmentError','SustainmentError','ZeroDivisionError','TypeError']")
            driver = drivers / (name + '.py')
            driver.write_text(text)
            command = [str(ROOT / '.codex-test/run'), 'bash', '-c',
                       'export PYTHONPATH="$PWD:$STOP_PARSER_TEAX_ROOT/packages/teax-simkit" STUDY_REQUIRE_TEAX=1; exec .codex-test/run python "$@"',
                       'current-mfe', str(driver), str(destination)]
            result = subprocess.run(command, cwd=ROOT, capture_output=True, text=True)
            (destination / (name + '.log')).write_text(result.stdout + result.stderr)
>           assert result.returncode == 0, f'{name} failed: {destination / (name + ".log")}'
                   ^^^^^^^^^^^^^^^^^^^^^^
E           AssertionError: cli_checks failed: /tmp/pytest-of-reid/pytest-12843/wi0510/acceptance/cli_checks.log

tests/models/current_mfe_regressions.py:391: AssertionError
_________ ERROR at setup of test_retired_radius_refused[equal-single] __________

tmp_path_factory = TempPathFactory(_given_basetemp=None, _trace=<pluggy._tracing.TagTracerSub object at 0x7b80acf69160>, _basetemp=PosixPath('/tmp/pytest-of-reid/pytest-12843'), _retention_count=3, _retention_policy='all')

    @pytest.fixture(scope='module')
    def acceptance(tmp_path_factory):
        from tests.models.current_mfe_regressions import radius_acceptance
>       return radius_acceptance(tmp_path_factory.mktemp('wi051')/'acceptance',H)
               ^^^^^^^^^^^^^^^^^^^^^^^^^^^^^^^^^^^^^^^^^^^^^^^^^^^^^^^^^^^^^^^^^^

tests/models/test_mfe_major_radius.py:140: 
_ _ _ _ _ _ _ _ _ _ _ _ _ _ _ _ _ _ _ _ _ _ _ _ _ _ _ _ _ _ _ _ _ _ _ _ _ _ _ _ 

destination = PosixPath('/tmp/pytest-of-reid/pytest-12843/wi0510/acceptance')
historical = PosixPath('/home/reid/1cfe/fusion-tea/work/active/WI-051_mfe-model-owned-major-radius/implementation')

    def radius_acceptance(destination, historical):
        destination = Path(destination)
        destination.mkdir()
        drivers = destination / 'drivers'
        drivers.mkdir()
        ledger = json.loads((FINANCE_EVIDENCE / 'scalar-ledger.json').read_text())['live_ordinary']
        finance = {row['name'] for row in ledger if row['classification'] == 'changed finance'}
        generation = current_generation()
        before = generation.inventory(generation.PACKAGE)
        # WI-057 (2026-09-13): the drivers read the frozen evidence and the package under the new names.
        forward, _ = structure_ledger()
        translated, modules = translate_frozen_radius_evidence(Path(historical), destination, forward)
        # Current economic expectations are independently recomputed; baseline arithmetic may
        # differ by roundoff. This is a bounded tolerance, never omission of these comparisons.
        finance |= restate_wi040_radius_costs(translated)
        for name in ('native', 'direct', 'standalone', 'cli_checks'):
            text = (historical / (name + '.py')).read_text()
            if "Path(__file__).resolve().parent.parent/'prototype'" in text:
                text = replace_once(text, "Path(__file__).resolve().parent.parent/'prototype'", f'Path({str(translated)!r})')
            text = text.replace('Path(__file__).resolve().parent', f'Path({str(historical)!r})')
            if name in ('native', 'direct'):
                text = text.replace("P+'R'", "P+'plasma__R'")
            if name == 'native':
                text = replace_once(text, 'bridge.build(change)', f'bridge.build({WI059_REPLAY!r} | change)')
                text = replace_once(text, "'entering-package/contracts/model_contract.json'", repr(str(translated / 'entering-package/contracts/model_contract.json')))
                text = replace_once(text, "delta['added']==[]",
                                    f"{{x[1] for x in delta['added']}}=={WI040_PARAMETERS | WI038_PARAMETERS | WI058_PARAMETERS | WI059_PARAMETERS | WI059_NATIVE_ONLY_PARAMETERS | WI060_PARAMETERS | WI061_PARAMETERS | WI062_PARAMETERS | WI063_PARAMETERS!r}")
                # WI-058: evaluate R14 at the R-form's length (see K_COIL_RETIRED) so the frozen row stays exact.
                text = replace_once(text, "('R14',{P+'plasma__R':14.0})",
                                    f"('R14',{{P+'plasma__R':14.0,P+'magnet__coil__c_coil_ref':{K_COIL_RETIRED * 14.0!r}}})")
            if name in ('native', 'direct'):
                text = 'from tests.models.current_mfe_regressions import pre_fit_report\n' + text
            if name == 'native':
                text = replace_once(text, "assert a['responses']==b['responses']", "assert {k:v for k,v in a['responses'].items() if 'wp_fit_ok' not in k and 'reference_conductor_current_ok' not in k}==b['responses']")
                text = text.replace("a['report']==b['report']", "pre_fit_report(a['report'], b['report'])==b['report']")
            if name == 'direct':
                text = replace_once(text, "assert set(raw)==set(expected)", "assert set(raw)-{k for k in raw if 'wp_fit_ok' in k or 'reference_conductor_current_ok' in k}==set(expected)\n        raw['constraint_report'] = pre_fit_report(raw['constraint_report'], expected['constraint_report'])")
            if name == 'standalone':
                # WI-058: the winding length no longer takes R0 -- its R0-only check leaves the replay (its bore
                # response is tested in test_winding_length_bore.py); the other three magnet calcs keep theirs.
                text = replace_once(text, "('coil_length','mfe_magnet_field','coil_winding_length','Coil_Winding_Length',14/12.7),", '')
                for suffix in ('field_calc', 'stored_energy', 'magnet_cost'):
                    text = replace_once(text, f"('{suffix}',", f"('{modules[suffix]}',")
            if name == 'native':
                text = replace_once(text, "a['outputs'][k]==v if name=='baseline'", f"a['outputs'][k]==v if name=='baseline' and k not in {finance!r}")
                text = replace_once(text,
                    "    assert component[name].get('B_peak',component[name].get('error'))==row.get('B_peak',row.get('error'))",
                    "    if name == 'valid':\n"
                    "        assert component[name]['B_peak'] == row['B_peak']\n"
                    "    else:\n"
                    "        assert component[name]['error'] == 'ValueError'\n"
                    "        domain = 'reference' if name.startswith('reference') else 'live'\n"
                    "        assert domain + ' clearance' in component[name]['message']")
            if name == 'direct':
                text = replace_once(text, 'values.update(change)', f'values.update({WI059_REPLAY!r} | change)')
                # WI-058: evaluate R14 at the R-form's length (see K_COIL_RETIRED) so the frozen row stays exact.
                text = replace_once(text, "'R14':{P+'plasma__R':14.0,",
                                    f"'R14':{{P+'plasma__R':14.0,P+'magnet__coil__c_coil_ref':{K_COIL_RETIRED * 14.0!r},")
                text = replace_once(text, "if name=='baseline' or not isinstance(v,(int,float)):",
                                    f"if (name=='baseline' and k not in {finance!r}) or not isinstance(v,(int,float)):")
                text = replace_once(text, "scalar[k]==v if name=='baseline'", f"scalar[k]==v if name=='baseline' and k not in {finance!r}")
                # WI-053 read the magnet clearance refusal (ValueError) first at three invalid radii. WI-057
                # (2026-09-13): the calcs live on their parts and the regenerated pipeline executes the plasma's
                # sustainment module before the magnet's peak-field module. At the coil-centre and R3 radii the first
                # refusal is the plasma's deliberate SustainmentError (accepted: a different deliberate rejection).
                # At the negative radius it is an incidental TypeError inside plasma__sustain -- an UNRESOLVED
                # regression of the diagnostic, documented here, not repaired (goal structural-decomposition
                # trail, Amendment 2026-09-13; a deliberate non-positive-radius refusal is a model item). The
                # clearance check itself is unchanged and still refuses when reached
                # (test_peak_component_preserves_valid_and_rejects_invalid_domains).
                text = replace_once(text,
                    "classes=['SustainmentError','ZeroDivisionError','SustainmentError','ZeroDivisionError','TypeError']",
                    "classes=['SustainmentError','SustainmentError','SustainmentError','ZeroDivisionError','TypeError']")
            driver = drivers / (name + '.py')
            driver.write_text(text)
            command = [str(ROOT / '.codex-test/run'), 'bash', '-c',
                       'export PYTHONPATH="$PWD:$STOP_PARSER_TEAX_ROOT/packages/teax-simkit" STUDY_REQUIRE_TEAX=1; exec .codex-test/run python "$@"',
                       'current-mfe', str(driver), str(destination)]
            result = subprocess.run(command, cwd=ROOT, capture_output=True, text=True)
            (destination / (name + '.log')).write_text(result.stdout + result.stderr)
>           assert result.returncode == 0, f'{name} failed: {destination / (name + ".log")}'
                   ^^^^^^^^^^^^^^^^^^^^^^
E           AssertionError: cli_checks failed: /tmp/pytest-of-reid/pytest-12843/wi0510/acceptance/cli_checks.log

tests/models/current_mfe_regressions.py:391: AssertionError
___________ ERROR at setup of test_retired_radius_refused[equal-cli] ___________

tmp_path_factory = TempPathFactory(_given_basetemp=None, _trace=<pluggy._tracing.TagTracerSub object at 0x7b80acf69160>, _basetemp=PosixPath('/tmp/pytest-of-reid/pytest-12843'), _retention_count=3, _retention_policy='all')

    @pytest.fixture(scope='module')
    def acceptance(tmp_path_factory):
        from tests.models.current_mfe_regressions import radius_acceptance
>       return radius_acceptance(tmp_path_factory.mktemp('wi051')/'acceptance',H)
               ^^^^^^^^^^^^^^^^^^^^^^^^^^^^^^^^^^^^^^^^^^^^^^^^^^^^^^^^^^^^^^^^^^

tests/models/test_mfe_major_radius.py:140: 
_ _ _ _ _ _ _ _ _ _ _ _ _ _ _ _ _ _ _ _ _ _ _ _ _ _ _ _ _ _ _ _ _ _ _ _ _ _ _ _ 

destination = PosixPath('/tmp/pytest-of-reid/pytest-12843/wi0510/acceptance')
historical = PosixPath('/home/reid/1cfe/fusion-tea/work/active/WI-051_mfe-model-owned-major-radius/implementation')

    def radius_acceptance(destination, historical):
        destination = Path(destination)
        destination.mkdir()
        drivers = destination / 'drivers'
        drivers.mkdir()
        ledger = json.loads((FINANCE_EVIDENCE / 'scalar-ledger.json').read_text())['live_ordinary']
        finance = {row['name'] for row in ledger if row['classification'] == 'changed finance'}
        generation = current_generation()
        before = generation.inventory(generation.PACKAGE)
        # WI-057 (2026-09-13): the drivers read the frozen evidence and the package under the new names.
        forward, _ = structure_ledger()
        translated, modules = translate_frozen_radius_evidence(Path(historical), destination, forward)
        # Current economic expectations are independently recomputed; baseline arithmetic may
        # differ by roundoff. This is a bounded tolerance, never omission of these comparisons.
        finance |= restate_wi040_radius_costs(translated)
        for name in ('native', 'direct', 'standalone', 'cli_checks'):
            text = (historical / (name + '.py')).read_text()
            if "Path(__file__).resolve().parent.parent/'prototype'" in text:
                text = replace_once(text, "Path(__file__).resolve().parent.parent/'prototype'", f'Path({str(translated)!r})')
            text = text.replace('Path(__file__).resolve().parent', f'Path({str(historical)!r})')
            if name in ('native', 'direct'):
                text = text.replace("P+'R'", "P+'plasma__R'")
            if name == 'native':
                text = replace_once(text, 'bridge.build(change)', f'bridge.build({WI059_REPLAY!r} | change)')
                text = replace_once(text, "'entering-package/contracts/model_contract.json'", repr(str(translated / 'entering-package/contracts/model_contract.json')))
                text = replace_once(text, "delta['added']==[]",
                                    f"{{x[1] for x in delta['added']}}=={WI040_PARAMETERS | WI038_PARAMETERS | WI058_PARAMETERS | WI059_PARAMETERS | WI059_NATIVE_ONLY_PARAMETERS | WI060_PARAMETERS | WI061_PARAMETERS | WI062_PARAMETERS | WI063_PARAMETERS!r}")
                # WI-058: evaluate R14 at the R-form's length (see K_COIL_RETIRED) so the frozen row stays exact.
                text = replace_once(text, "('R14',{P+'plasma__R':14.0})",
                                    f"('R14',{{P+'plasma__R':14.0,P+'magnet__coil__c_coil_ref':{K_COIL_RETIRED * 14.0!r}}})")
            if name in ('native', 'direct'):
                text = 'from tests.models.current_mfe_regressions import pre_fit_report\n' + text
            if name == 'native':
                text = replace_once(text, "assert a['responses']==b['responses']", "assert {k:v for k,v in a['responses'].items() if 'wp_fit_ok' not in k and 'reference_conductor_current_ok' not in k}==b['responses']")
                text = text.replace("a['report']==b['report']", "pre_fit_report(a['report'], b['report'])==b['report']")
            if name == 'direct':
                text = replace_once(text, "assert set(raw)==set(expected)", "assert set(raw)-{k for k in raw if 'wp_fit_ok' in k or 'reference_conductor_current_ok' in k}==set(expected)\n        raw['constraint_report'] = pre_fit_report(raw['constraint_report'], expected['constraint_report'])")
            if name == 'standalone':
                # WI-058: the winding length no longer takes R0 -- its R0-only check leaves the replay (its bore
                # response is tested in test_winding_length_bore.py); the other three magnet calcs keep theirs.
                text = replace_once(text, "('coil_length','mfe_magnet_field','coil_winding_length','Coil_Winding_Length',14/12.7),", '')
                for suffix in ('field_calc', 'stored_energy', 'magnet_cost'):
                    text = replace_once(text, f"('{suffix}',", f"('{modules[suffix]}',")
            if name == 'native':
                text = replace_once(text, "a['outputs'][k]==v if name=='baseline'", f"a['outputs'][k]==v if name=='baseline' and k not in {finance!r}")
                text = replace_once(text,
                    "    assert component[name].get('B_peak',component[name].get('error'))==row.get('B_peak',row.get('error'))",
                    "    if name == 'valid':\n"
                    "        assert component[name]['B_peak'] == row['B_peak']\n"
                    "    else:\n"
                    "        assert component[name]['error'] == 'ValueError'\n"
                    "        domain = 'reference' if name.startswith('reference') else 'live'\n"
                    "        assert domain + ' clearance' in component[name]['message']")
            if name == 'direct':
                text = replace_once(text, 'values.update(change)', f'values.update({WI059_REPLAY!r} | change)')
                # WI-058: evaluate R14 at the R-form's length (see K_COIL_RETIRED) so the frozen row stays exact.
                text = replace_once(text, "'R14':{P+'plasma__R':14.0,",
                                    f"'R14':{{P+'plasma__R':14.0,P+'magnet__coil__c_coil_ref':{K_COIL_RETIRED * 14.0!r},")
                text = replace_once(text, "if name=='baseline' or not isinstance(v,(int,float)):",
                                    f"if (name=='baseline' and k not in {finance!r}) or not isinstance(v,(int,float)):")
                text = replace_once(text, "scalar[k]==v if name=='baseline'", f"scalar[k]==v if name=='baseline' and k not in {finance!r}")
                # WI-053 read the magnet clearance refusal (ValueError) first at three invalid radii. WI-057
                # (2026-09-13): the calcs live on their parts and the regenerated pipeline executes the plasma's
                # sustainment module before the magnet's peak-field module. At the coil-centre and R3 radii the first
                # refusal is the plasma's deliberate SustainmentError (accepted: a different deliberate rejection).
                # At the negative radius it is an incidental TypeError inside plasma__sustain -- an UNRESOLVED
                # regression of the diagnostic, documented here, not repaired (goal structural-decomposition
                # trail, Amendment 2026-09-13; a deliberate non-positive-radius refusal is a model item). The
                # clearance check itself is unchanged and still refuses when reached
                # (test_peak_component_preserves_valid_and_rejects_invalid_domains).
                text = replace_once(text,
                    "classes=['SustainmentError','ZeroDivisionError','SustainmentError','ZeroDivisionError','TypeError']",
                    "classes=['SustainmentError','SustainmentError','SustainmentError','ZeroDivisionError','TypeError']")
            driver = drivers / (name + '.py')
            driver.write_text(text)
            command = [str(ROOT / '.codex-test/run'), 'bash', '-c',
                       'export PYTHONPATH="$PWD:$STOP_PARSER_TEAX_ROOT/packages/teax-simkit" STUDY_REQUIRE_TEAX=1; exec .codex-test/run python "$@"',
                       'current-mfe', str(driver), str(destination)]
            result = subprocess.run(command, cwd=ROOT, capture_output=True, text=True)
            (destination / (name + '.log')).write_text(result.stdout + result.stderr)
>           assert result.returncode == 0, f'{name} failed: {destination / (name + ".log")}'
                   ^^^^^^^^^^^^^^^^^^^^^^
E           AssertionError: cli_checks failed: /tmp/pytest-of-reid/pytest-12843/wi0510/acceptance/cli_checks.log

tests/models/current_mfe_regressions.py:391: AssertionError
______ ERROR at setup of test_retired_radius_refused[conflicting-native] _______

tmp_path_factory = TempPathFactory(_given_basetemp=None, _trace=<pluggy._tracing.TagTracerSub object at 0x7b80acf69160>, _basetemp=PosixPath('/tmp/pytest-of-reid/pytest-12843'), _retention_count=3, _retention_policy='all')

    @pytest.fixture(scope='module')
    def acceptance(tmp_path_factory):
        from tests.models.current_mfe_regressions import radius_acceptance
>       return radius_acceptance(tmp_path_factory.mktemp('wi051')/'acceptance',H)
               ^^^^^^^^^^^^^^^^^^^^^^^^^^^^^^^^^^^^^^^^^^^^^^^^^^^^^^^^^^^^^^^^^^

tests/models/test_mfe_major_radius.py:140: 
_ _ _ _ _ _ _ _ _ _ _ _ _ _ _ _ _ _ _ _ _ _ _ _ _ _ _ _ _ _ _ _ _ _ _ _ _ _ _ _ 

destination = PosixPath('/tmp/pytest-of-reid/pytest-12843/wi0510/acceptance')
historical = PosixPath('/home/reid/1cfe/fusion-tea/work/active/WI-051_mfe-model-owned-major-radius/implementation')

    def radius_acceptance(destination, historical):
        destination = Path(destination)
        destination.mkdir()
        drivers = destination / 'drivers'
        drivers.mkdir()
        ledger = json.loads((FINANCE_EVIDENCE / 'scalar-ledger.json').read_text())['live_ordinary']
        finance = {row['name'] for row in ledger if row['classification'] == 'changed finance'}
        generation = current_generation()
        before = generation.inventory(generation.PACKAGE)
        # WI-057 (2026-09-13): the drivers read the frozen evidence and the package under the new names.
        forward, _ = structure_ledger()
        translated, modules = translate_frozen_radius_evidence(Path(historical), destination, forward)
        # Current economic expectations are independently recomputed; baseline arithmetic may
        # differ by roundoff. This is a bounded tolerance, never omission of these comparisons.
        finance |= restate_wi040_radius_costs(translated)
        for name in ('native', 'direct', 'standalone', 'cli_checks'):
            text = (historical / (name + '.py')).read_text()
            if "Path(__file__).resolve().parent.parent/'prototype'" in text:
                text = replace_once(text, "Path(__file__).resolve().parent.parent/'prototype'", f'Path({str(translated)!r})')
            text = text.replace('Path(__file__).resolve().parent', f'Path({str(historical)!r})')
            if name in ('native', 'direct'):
                text = text.replace("P+'R'", "P+'plasma__R'")
            if name == 'native':
                text = replace_once(text, 'bridge.build(change)', f'bridge.build({WI059_REPLAY!r} | change)')
                text = replace_once(text, "'entering-package/contracts/model_contract.json'", repr(str(translated / 'entering-package/contracts/model_contract.json')))
                text = replace_once(text, "delta['added']==[]",
                                    f"{{x[1] for x in delta['added']}}=={WI040_PARAMETERS | WI038_PARAMETERS | WI058_PARAMETERS | WI059_PARAMETERS | WI059_NATIVE_ONLY_PARAMETERS | WI060_PARAMETERS | WI061_PARAMETERS | WI062_PARAMETERS | WI063_PARAMETERS!r}")
                # WI-058: evaluate R14 at the R-form's length (see K_COIL_RETIRED) so the frozen row stays exact.
                text = replace_once(text, "('R14',{P+'plasma__R':14.0})",
                                    f"('R14',{{P+'plasma__R':14.0,P+'magnet__coil__c_coil_ref':{K_COIL_RETIRED * 14.0!r}}})")
            if name in ('native', 'direct'):
                text = 'from tests.models.current_mfe_regressions import pre_fit_report\n' + text
            if name == 'native':
                text = replace_once(text, "assert a['responses']==b['responses']", "assert {k:v for k,v in a['responses'].items() if 'wp_fit_ok' not in k and 'reference_conductor_current_ok' not in k}==b['responses']")
                text = text.replace("a['report']==b['report']", "pre_fit_report(a['report'], b['report'])==b['report']")
            if name == 'direct':
                text = replace_once(text, "assert set(raw)==set(expected)", "assert set(raw)-{k for k in raw if 'wp_fit_ok' in k or 'reference_conductor_current_ok' in k}==set(expected)\n        raw['constraint_report'] = pre_fit_report(raw['constraint_report'], expected['constraint_report'])")
            if name == 'standalone':
                # WI-058: the winding length no longer takes R0 -- its R0-only check leaves the replay (its bore
                # response is tested in test_winding_length_bore.py); the other three magnet calcs keep theirs.
                text = replace_once(text, "('coil_length','mfe_magnet_field','coil_winding_length','Coil_Winding_Length',14/12.7),", '')
                for suffix in ('field_calc', 'stored_energy', 'magnet_cost'):
                    text = replace_once(text, f"('{suffix}',", f"('{modules[suffix]}',")
            if name == 'native':
                text = replace_once(text, "a['outputs'][k]==v if name=='baseline'", f"a['outputs'][k]==v if name=='baseline' and k not in {finance!r}")
                text = replace_once(text,
                    "    assert component[name].get('B_peak',component[name].get('error'))==row.get('B_peak',row.get('error'))",
                    "    if name == 'valid':\n"
                    "        assert component[name]['B_peak'] == row['B_peak']\n"
                    "    else:\n"
                    "        assert component[name]['error'] == 'ValueError'\n"
                    "        domain = 'reference' if name.startswith('reference') else 'live'\n"
                    "        assert domain + ' clearance' in component[name]['message']")
            if name == 'direct':
                text = replace_once(text, 'values.update(change)', f'values.update({WI059_REPLAY!r} | change)')
                # WI-058: evaluate R14 at the R-form's length (see K_COIL_RETIRED) so the frozen row stays exact.
                text = replace_once(text, "'R14':{P+'plasma__R':14.0,",
                                    f"'R14':{{P+'plasma__R':14.0,P+'magnet__coil__c_coil_ref':{K_COIL_RETIRED * 14.0!r},")
                text = replace_once(text, "if name=='baseline' or not isinstance(v,(int,float)):",
                                    f"if (name=='baseline' and k not in {finance!r}) or not isinstance(v,(int,float)):")
                text = replace_once(text, "scalar[k]==v if name=='baseline'", f"scalar[k]==v if name=='baseline' and k not in {finance!r}")
                # WI-053 read the magnet clearance refusal (ValueError) first at three invalid radii. WI-057
                # (2026-09-13): the calcs live on their parts and the regenerated pipeline executes the plasma's
                # sustainment module before the magnet's peak-field module. At the coil-centre and R3 radii the first
                # refusal is the plasma's deliberate SustainmentError (accepted: a different deliberate rejection).
                # At the negative radius it is an incidental TypeError inside plasma__sustain -- an UNRESOLVED
                # regression of the diagnostic, documented here, not repaired (goal structural-decomposition
                # trail, Amendment 2026-09-13; a deliberate non-positive-radius refusal is a model item). The
                # clearance check itself is unchanged and still refuses when reached
                # (test_peak_component_preserves_valid_and_rejects_invalid_domains).
                text = replace_once(text,
                    "classes=['SustainmentError','ZeroDivisionError','SustainmentError','ZeroDivisionError','TypeError']",
                    "classes=['SustainmentError','SustainmentError','SustainmentError','ZeroDivisionError','TypeError']")
            driver = drivers / (name + '.py')
            driver.write_text(text)
            command = [str(ROOT / '.codex-test/run'), 'bash', '-c',
                       'export PYTHONPATH="$PWD:$STOP_PARSER_TEAX_ROOT/packages/teax-simkit" STUDY_REQUIRE_TEAX=1; exec .codex-test/run python "$@"',
                       'current-mfe', str(driver), str(destination)]
            result = subprocess.run(command, cwd=ROOT, capture_output=True, text=True)
            (destination / (name + '.log')).write_text(result.stdout + result.stderr)
>           assert result.returncode == 0, f'{name} failed: {destination / (name + ".log")}'
                   ^^^^^^^^^^^^^^^^^^^^^^
E           AssertionError: cli_checks failed: /tmp/pytest-of-reid/pytest-12843/wi0510/acceptance/cli_checks.log

tests/models/current_mfe_regressions.py:391: AssertionError
______ ERROR at setup of test_retired_radius_refused[conflicting-schema] _______

tmp_path_factory = TempPathFactory(_given_basetemp=None, _trace=<pluggy._tracing.TagTracerSub object at 0x7b80acf69160>, _basetemp=PosixPath('/tmp/pytest-of-reid/pytest-12843'), _retention_count=3, _retention_policy='all')

    @pytest.fixture(scope='module')
    def acceptance(tmp_path_factory):
        from tests.models.current_mfe_regressions import radius_acceptance
>       return radius_acceptance(tmp_path_factory.mktemp('wi051')/'acceptance',H)
               ^^^^^^^^^^^^^^^^^^^^^^^^^^^^^^^^^^^^^^^^^^^^^^^^^^^^^^^^^^^^^^^^^^

tests/models/test_mfe_major_radius.py:140: 
_ _ _ _ _ _ _ _ _ _ _ _ _ _ _ _ _ _ _ _ _ _ _ _ _ _ _ _ _ _ _ _ _ _ _ _ _ _ _ _ 

destination = PosixPath('/tmp/pytest-of-reid/pytest-12843/wi0510/acceptance')
historical = PosixPath('/home/reid/1cfe/fusion-tea/work/active/WI-051_mfe-model-owned-major-radius/implementation')

    def radius_acceptance(destination, historical):
        destination = Path(destination)
        destination.mkdir()
        drivers = destination / 'drivers'
        drivers.mkdir()
        ledger = json.loads((FINANCE_EVIDENCE / 'scalar-ledger.json').read_text())['live_ordinary']
        finance = {row['name'] for row in ledger if row['classification'] == 'changed finance'}
        generation = current_generation()
        before = generation.inventory(generation.PACKAGE)
        # WI-057 (2026-09-13): the drivers read the frozen evidence and the package under the new names.
        forward, _ = structure_ledger()
        translated, modules = translate_frozen_radius_evidence(Path(historical), destination, forward)
        # Current economic expectations are independently recomputed; baseline arithmetic may
        # differ by roundoff. This is a bounded tolerance, never omission of these comparisons.
        finance |= restate_wi040_radius_costs(translated)
        for name in ('native', 'direct', 'standalone', 'cli_checks'):
            text = (historical / (name + '.py')).read_text()
            if "Path(__file__).resolve().parent.parent/'prototype'" in text:
                text = replace_once(text, "Path(__file__).resolve().parent.parent/'prototype'", f'Path({str(translated)!r})')
            text = text.replace('Path(__file__).resolve().parent', f'Path({str(historical)!r})')
            if name in ('native', 'direct'):
                text = text.replace("P+'R'", "P+'plasma__R'")
            if name == 'native':
                text = replace_once(text, 'bridge.build(change)', f'bridge.build({WI059_REPLAY!r} | change)')
                text = replace_once(text, "'entering-package/contracts/model_contract.json'", repr(str(translated / 'entering-package/contracts/model_contract.json')))
                text = replace_once(text, "delta['added']==[]",
                                    f"{{x[1] for x in delta['added']}}=={WI040_PARAMETERS | WI038_PARAMETERS | WI058_PARAMETERS | WI059_PARAMETERS | WI059_NATIVE_ONLY_PARAMETERS | WI060_PARAMETERS | WI061_PARAMETERS | WI062_PARAMETERS | WI063_PARAMETERS!r}")
                # WI-058: evaluate R14 at the R-form's length (see K_COIL_RETIRED) so the frozen row stays exact.
                text = replace_once(text, "('R14',{P+'plasma__R':14.0})",
                                    f"('R14',{{P+'plasma__R':14.0,P+'magnet__coil__c_coil_ref':{K_COIL_RETIRED * 14.0!r}}})")
            if name in ('native', 'direct'):
                text = 'from tests.models.current_mfe_regressions import pre_fit_report\n' + text
            if name == 'native':
                text = replace_once(text, "assert a['responses']==b['responses']", "assert {k:v for k,v in a['responses'].items() if 'wp_fit_ok' not in k and 'reference_conductor_current_ok' not in k}==b['responses']")
                text = text.replace("a['report']==b['report']", "pre_fit_report(a['report'], b['report'])==b['report']")
            if name == 'direct':
                text = replace_once(text, "assert set(raw)==set(expected)", "assert set(raw)-{k for k in raw if 'wp_fit_ok' in k or 'reference_conductor_current_ok' in k}==set(expected)\n        raw['constraint_report'] = pre_fit_report(raw['constraint_report'], expected['constraint_report'])")
            if name == 'standalone':
                # WI-058: the winding length no longer takes R0 -- its R0-only check leaves the replay (its bore
                # response is tested in test_winding_length_bore.py); the other three magnet calcs keep theirs.
                text = replace_once(text, "('coil_length','mfe_magnet_field','coil_winding_length','Coil_Winding_Length',14/12.7),", '')
                for suffix in ('field_calc', 'stored_energy', 'magnet_cost'):
                    text = replace_once(text, f"('{suffix}',", f"('{modules[suffix]}',")
            if name == 'native':
                text = replace_once(text, "a['outputs'][k]==v if name=='baseline'", f"a['outputs'][k]==v if name=='baseline' and k not in {finance!r}")
                text = replace_once(text,
                    "    assert component[name].get('B_peak',component[name].get('error'))==row.get('B_peak',row.get('error'))",
                    "    if name == 'valid':\n"
                    "        assert component[name]['B_peak'] == row['B_peak']\n"
                    "    else:\n"
                    "        assert component[name]['error'] == 'ValueError'\n"
                    "        domain = 'reference' if name.startswith('reference') else 'live'\n"
                    "        assert domain + ' clearance' in component[name]['message']")
            if name == 'direct':
                text = replace_once(text, 'values.update(change)', f'values.update({WI059_REPLAY!r} | change)')
                # WI-058: evaluate R14 at the R-form's length (see K_COIL_RETIRED) so the frozen row stays exact.
                text = replace_once(text, "'R14':{P+'plasma__R':14.0,",
                                    f"'R14':{{P+'plasma__R':14.0,P+'magnet__coil__c_coil_ref':{K_COIL_RETIRED * 14.0!r},")
                text = replace_once(text, "if name=='baseline' or not isinstance(v,(int,float)):",
                                    f"if (name=='baseline' and k not in {finance!r}) or not isinstance(v,(int,float)):")
                text = replace_once(text, "scalar[k]==v if name=='baseline'", f"scalar[k]==v if name=='baseline' and k not in {finance!r}")
                # WI-053 read the magnet clearance refusal (ValueError) first at three invalid radii. WI-057
                # (2026-09-13): the calcs live on their parts and the regenerated pipeline executes the plasma's
                # sustainment module before the magnet's peak-field module. At the coil-centre and R3 radii the first
                # refusal is the plasma's deliberate SustainmentError (accepted: a different deliberate rejection).
                # At the negative radius it is an incidental TypeError inside plasma__sustain -- an UNRESOLVED
                # regression of the diagnostic, documented here, not repaired (goal structural-decomposition
                # trail, Amendment 2026-09-13; a deliberate non-positive-radius refusal is a model item). The
                # clearance check itself is unchanged and still refuses when reached
                # (test_peak_component_preserves_valid_and_rejects_invalid_domains).
                text = replace_once(text,
                    "classes=['SustainmentError','ZeroDivisionError','SustainmentError','ZeroDivisionError','TypeError']",
                    "classes=['SustainmentError','SustainmentError','SustainmentError','ZeroDivisionError','TypeError']")
            driver = drivers / (name + '.py')
            driver.write_text(text)
            command = [str(ROOT / '.codex-test/run'), 'bash', '-c',
                       'export PYTHONPATH="$PWD:$STOP_PARSER_TEAX_ROOT/packages/teax-simkit" STUDY_REQUIRE_TEAX=1; exec .codex-test/run python "$@"',
                       'current-mfe', str(driver), str(destination)]
            result = subprocess.run(command, cwd=ROOT, capture_output=True, text=True)
            (destination / (name + '.log')).write_text(result.stdout + result.stderr)
>           assert result.returncode == 0, f'{name} failed: {destination / (name + ".log")}'
                   ^^^^^^^^^^^^^^^^^^^^^^
E           AssertionError: cli_checks failed: /tmp/pytest-of-reid/pytest-12843/wi0510/acceptance/cli_checks.log

tests/models/current_mfe_regressions.py:391: AssertionError
______ ERROR at setup of test_retired_radius_refused[conflicting-helper] _______

tmp_path_factory = TempPathFactory(_given_basetemp=None, _trace=<pluggy._tracing.TagTracerSub object at 0x7b80acf69160>, _basetemp=PosixPath('/tmp/pytest-of-reid/pytest-12843'), _retention_count=3, _retention_policy='all')

    @pytest.fixture(scope='module')
    def acceptance(tmp_path_factory):
        from tests.models.current_mfe_regressions import radius_acceptance
>       return radius_acceptance(tmp_path_factory.mktemp('wi051')/'acceptance',H)
               ^^^^^^^^^^^^^^^^^^^^^^^^^^^^^^^^^^^^^^^^^^^^^^^^^^^^^^^^^^^^^^^^^^

tests/models/test_mfe_major_radius.py:140: 
_ _ _ _ _ _ _ _ _ _ _ _ _ _ _ _ _ _ _ _ _ _ _ _ _ _ _ _ _ _ _ _ _ _ _ _ _ _ _ _ 

destination = PosixPath('/tmp/pytest-of-reid/pytest-12843/wi0510/acceptance')
historical = PosixPath('/home/reid/1cfe/fusion-tea/work/active/WI-051_mfe-model-owned-major-radius/implementation')

    def radius_acceptance(destination, historical):
        destination = Path(destination)
        destination.mkdir()
        drivers = destination / 'drivers'
        drivers.mkdir()
        ledger = json.loads((FINANCE_EVIDENCE / 'scalar-ledger.json').read_text())['live_ordinary']
        finance = {row['name'] for row in ledger if row['classification'] == 'changed finance'}
        generation = current_generation()
        before = generation.inventory(generation.PACKAGE)
        # WI-057 (2026-09-13): the drivers read the frozen evidence and the package under the new names.
        forward, _ = structure_ledger()
        translated, modules = translate_frozen_radius_evidence(Path(historical), destination, forward)
        # Current economic expectations are independently recomputed; baseline arithmetic may
        # differ by roundoff. This is a bounded tolerance, never omission of these comparisons.
        finance |= restate_wi040_radius_costs(translated)
        for name in ('native', 'direct', 'standalone', 'cli_checks'):
            text = (historical / (name + '.py')).read_text()
            if "Path(__file__).resolve().parent.parent/'prototype'" in text:
                text = replace_once(text, "Path(__file__).resolve().parent.parent/'prototype'", f'Path({str(translated)!r})')
            text = text.replace('Path(__file__).resolve().parent', f'Path({str(historical)!r})')
            if name in ('native', 'direct'):
                text = text.replace("P+'R'", "P+'plasma__R'")
            if name == 'native':
                text = replace_once(text, 'bridge.build(change)', f'bridge.build({WI059_REPLAY!r} | change)')
                text = replace_once(text, "'entering-package/contracts/model_contract.json'", repr(str(translated / 'entering-package/contracts/model_contract.json')))
                text = replace_once(text, "delta['added']==[]",
                                    f"{{x[1] for x in delta['added']}}=={WI040_PARAMETERS | WI038_PARAMETERS | WI058_PARAMETERS | WI059_PARAMETERS | WI059_NATIVE_ONLY_PARAMETERS | WI060_PARAMETERS | WI061_PARAMETERS | WI062_PARAMETERS | WI063_PARAMETERS!r}")
                # WI-058: evaluate R14 at the R-form's length (see K_COIL_RETIRED) so the frozen row stays exact.
                text = replace_once(text, "('R14',{P+'plasma__R':14.0})",
                                    f"('R14',{{P+'plasma__R':14.0,P+'magnet__coil__c_coil_ref':{K_COIL_RETIRED * 14.0!r}}})")
            if name in ('native', 'direct'):
                text = 'from tests.models.current_mfe_regressions import pre_fit_report\n' + text
            if name == 'native':
                text = replace_once(text, "assert a['responses']==b['responses']", "assert {k:v for k,v in a['responses'].items() if 'wp_fit_ok' not in k and 'reference_conductor_current_ok' not in k}==b['responses']")
                text = text.replace("a['report']==b['report']", "pre_fit_report(a['report'], b['report'])==b['report']")
            if name == 'direct':
                text = replace_once(text, "assert set(raw)==set(expected)", "assert set(raw)-{k for k in raw if 'wp_fit_ok' in k or 'reference_conductor_current_ok' in k}==set(expected)\n        raw['constraint_report'] = pre_fit_report(raw['constraint_report'], expected['constraint_report'])")
            if name == 'standalone':
                # WI-058: the winding length no longer takes R0 -- its R0-only check leaves the replay (its bore
                # response is tested in test_winding_length_bore.py); the other three magnet calcs keep theirs.
                text = replace_once(text, "('coil_length','mfe_magnet_field','coil_winding_length','Coil_Winding_Length',14/12.7),", '')
                for suffix in ('field_calc', 'stored_energy', 'magnet_cost'):
                    text = replace_once(text, f"('{suffix}',", f"('{modules[suffix]}',")
            if name == 'native':
                text = replace_once(text, "a['outputs'][k]==v if name=='baseline'", f"a['outputs'][k]==v if name=='baseline' and k not in {finance!r}")
                text = replace_once(text,
                    "    assert component[name].get('B_peak',component[name].get('error'))==row.get('B_peak',row.get('error'))",
                    "    if name == 'valid':\n"
                    "        assert component[name]['B_peak'] == row['B_peak']\n"
                    "    else:\n"
                    "        assert component[name]['error'] == 'ValueError'\n"
                    "        domain = 'reference' if name.startswith('reference') else 'live'\n"
                    "        assert domain + ' clearance' in component[name]['message']")
            if name == 'direct':
                text = replace_once(text, 'values.update(change)', f'values.update({WI059_REPLAY!r} | change)')
                # WI-058: evaluate R14 at the R-form's length (see K_COIL_RETIRED) so the frozen row stays exact.
                text = replace_once(text, "'R14':{P+'plasma__R':14.0,",
                                    f"'R14':{{P+'plasma__R':14.0,P+'magnet__coil__c_coil_ref':{K_COIL_RETIRED * 14.0!r},")
                text = replace_once(text, "if name=='baseline' or not isinstance(v,(int,float)):",
                                    f"if (name=='baseline' and k not in {finance!r}) or not isinstance(v,(int,float)):")
                text = replace_once(text, "scalar[k]==v if name=='baseline'", f"scalar[k]==v if name=='baseline' and k not in {finance!r}")
                # WI-053 read the magnet clearance refusal (ValueError) first at three invalid radii. WI-057
                # (2026-09-13): the calcs live on their parts and the regenerated pipeline executes the plasma's
                # sustainment module before the magnet's peak-field module. At the coil-centre and R3 radii the first
                # refusal is the plasma's deliberate SustainmentError (accepted: a different deliberate rejection).
                # At the negative radius it is an incidental TypeError inside plasma__sustain -- an UNRESOLVED
                # regression of the diagnostic, documented here, not repaired (goal structural-decomposition
                # trail, Amendment 2026-09-13; a deliberate non-positive-radius refusal is a model item). The
                # clearance check itself is unchanged and still refuses when reached
                # (test_peak_component_preserves_valid_and_rejects_invalid_domains).
                text = replace_once(text,
                    "classes=['SustainmentError','ZeroDivisionError','SustainmentError','ZeroDivisionError','TypeError']",
                    "classes=['SustainmentError','SustainmentError','SustainmentError','ZeroDivisionError','TypeError']")
            driver = drivers / (name + '.py')
            driver.write_text(text)
            command = [str(ROOT / '.codex-test/run'), 'bash', '-c',
                       'export PYTHONPATH="$PWD:$STOP_PARSER_TEAX_ROOT/packages/teax-simkit" STUDY_REQUIRE_TEAX=1; exec .codex-test/run python "$@"',
                       'current-mfe', str(driver), str(destination)]
            result = subprocess.run(command, cwd=ROOT, capture_output=True, text=True)
            (destination / (name + '.log')).write_text(result.stdout + result.stderr)
>           assert result.returncode == 0, f'{name} failed: {destination / (name + ".log")}'
                   ^^^^^^^^^^^^^^^^^^^^^^
E           AssertionError: cli_checks failed: /tmp/pytest-of-reid/pytest-12843/wi0510/acceptance/cli_checks.log

tests/models/current_mfe_regressions.py:391: AssertionError
______ ERROR at setup of test_retired_radius_refused[conflicting-single] _______

tmp_path_factory = TempPathFactory(_given_basetemp=None, _trace=<pluggy._tracing.TagTracerSub object at 0x7b80acf69160>, _basetemp=PosixPath('/tmp/pytest-of-reid/pytest-12843'), _retention_count=3, _retention_policy='all')

    @pytest.fixture(scope='module')
    def acceptance(tmp_path_factory):
        from tests.models.current_mfe_regressions import radius_acceptance
>       return radius_acceptance(tmp_path_factory.mktemp('wi051')/'acceptance',H)
               ^^^^^^^^^^^^^^^^^^^^^^^^^^^^^^^^^^^^^^^^^^^^^^^^^^^^^^^^^^^^^^^^^^

tests/models/test_mfe_major_radius.py:140: 
_ _ _ _ _ _ _ _ _ _ _ _ _ _ _ _ _ _ _ _ _ _ _ _ _ _ _ _ _ _ _ _ _ _ _ _ _ _ _ _ 

destination = PosixPath('/tmp/pytest-of-reid/pytest-12843/wi0510/acceptance')
historical = PosixPath('/home/reid/1cfe/fusion-tea/work/active/WI-051_mfe-model-owned-major-radius/implementation')

    def radius_acceptance(destination, historical):
        destination = Path(destination)
        destination.mkdir()
        drivers = destination / 'drivers'
        drivers.mkdir()
        ledger = json.loads((FINANCE_EVIDENCE / 'scalar-ledger.json').read_text())['live_ordinary']
        finance = {row['name'] for row in ledger if row['classification'] == 'changed finance'}
        generation = current_generation()
        before = generation.inventory(generation.PACKAGE)
        # WI-057 (2026-09-13): the drivers read the frozen evidence and the package under the new names.
        forward, _ = structure_ledger()
        translated, modules = translate_frozen_radius_evidence(Path(historical), destination, forward)
        # Current economic expectations are independently recomputed; baseline arithmetic may
        # differ by roundoff. This is a bounded tolerance, never omission of these comparisons.
        finance |= restate_wi040_radius_costs(translated)
        for name in ('native', 'direct', 'standalone', 'cli_checks'):
            text = (historical / (name + '.py')).read_text()
            if "Path(__file__).resolve().parent.parent/'prototype'" in text:
                text = replace_once(text, "Path(__file__).resolve().parent.parent/'prototype'", f'Path({str(translated)!r})')
            text = text.replace('Path(__file__).resolve().parent', f'Path({str(historical)!r})')
            if name in ('native', 'direct'):
                text = text.replace("P+'R'", "P+'plasma__R'")
            if name == 'native':
                text = replace_once(text, 'bridge.build(change)', f'bridge.build({WI059_REPLAY!r} | change)')
                text = replace_once(text, "'entering-package/contracts/model_contract.json'", repr(str(translated / 'entering-package/contracts/model_contract.json')))
                text = replace_once(text, "delta['added']==[]",
                                    f"{{x[1] for x in delta['added']}}=={WI040_PARAMETERS | WI038_PARAMETERS | WI058_PARAMETERS | WI059_PARAMETERS | WI059_NATIVE_ONLY_PARAMETERS | WI060_PARAMETERS | WI061_PARAMETERS | WI062_PARAMETERS | WI063_PARAMETERS!r}")
                # WI-058: evaluate R14 at the R-form's length (see K_COIL_RETIRED) so the frozen row stays exact.
                text = replace_once(text, "('R14',{P+'plasma__R':14.0})",
                                    f"('R14',{{P+'plasma__R':14.0,P+'magnet__coil__c_coil_ref':{K_COIL_RETIRED * 14.0!r}}})")
            if name in ('native', 'direct'):
                text = 'from tests.models.current_mfe_regressions import pre_fit_report\n' + text
            if name == 'native':
                text = replace_once(text, "assert a['responses']==b['responses']", "assert {k:v for k,v in a['responses'].items() if 'wp_fit_ok' not in k and 'reference_conductor_current_ok' not in k}==b['responses']")
                text = text.replace("a['report']==b['report']", "pre_fit_report(a['report'], b['report'])==b['report']")
            if name == 'direct':
                text = replace_once(text, "assert set(raw)==set(expected)", "assert set(raw)-{k for k in raw if 'wp_fit_ok' in k or 'reference_conductor_current_ok' in k}==set(expected)\n        raw['constraint_report'] = pre_fit_report(raw['constraint_report'], expected['constraint_report'])")
            if name == 'standalone':
                # WI-058: the winding length no longer takes R0 -- its R0-only check leaves the replay (its bore
                # response is tested in test_winding_length_bore.py); the other three magnet calcs keep theirs.
                text = replace_once(text, "('coil_length','mfe_magnet_field','coil_winding_length','Coil_Winding_Length',14/12.7),", '')
                for suffix in ('field_calc', 'stored_energy', 'magnet_cost'):
                    text = replace_once(text, f"('{suffix}',", f"('{modules[suffix]}',")
            if name == 'native':
                text = replace_once(text, "a['outputs'][k]==v if name=='baseline'", f"a['outputs'][k]==v if name=='baseline' and k not in {finance!r}")
                text = replace_once(text,
                    "    assert component[name].get('B_peak',component[name].get('error'))==row.get('B_peak',row.get('error'))",
                    "    if name == 'valid':\n"
                    "        assert component[name]['B_peak'] == row['B_peak']\n"
                    "    else:\n"
                    "        assert component[name]['error'] == 'ValueError'\n"
                    "        domain = 'reference' if name.startswith('reference') else 'live'\n"
                    "        assert domain + ' clearance' in component[name]['message']")
            if name == 'direct':
                text = replace_once(text, 'values.update(change)', f'values.update({WI059_REPLAY!r} | change)')
                # WI-058: evaluate R14 at the R-form's length (see K_COIL_RETIRED) so the frozen row stays exact.
                text = replace_once(text, "'R14':{P+'plasma__R':14.0,",
                                    f"'R14':{{P+'plasma__R':14.0,P+'magnet__coil__c_coil_ref':{K_COIL_RETIRED * 14.0!r},")
                text = replace_once(text, "if name=='baseline' or not isinstance(v,(int,float)):",
                                    f"if (name=='baseline' and k not in {finance!r}) or not isinstance(v,(int,float)):")
                text = replace_once(text, "scalar[k]==v if name=='baseline'", f"scalar[k]==v if name=='baseline' and k not in {finance!r}")
                # WI-053 read the magnet clearance refusal (ValueError) first at three invalid radii. WI-057
                # (2026-09-13): the calcs live on their parts and the regenerated pipeline executes the plasma's
                # sustainment module before the magnet's peak-field module. At the coil-centre and R3 radii the first
                # refusal is the plasma's deliberate SustainmentError (accepted: a different deliberate rejection).
                # At the negative radius it is an incidental TypeError inside plasma__sustain -- an UNRESOLVED
                # regression of the diagnostic, documented here, not repaired (goal structural-decomposition
                # trail, Amendment 2026-09-13; a deliberate non-positive-radius refusal is a model item). The
                # clearance check itself is unchanged and still refuses when reached
                # (test_peak_component_preserves_valid_and_rejects_invalid_domains).
                text = replace_once(text,
                    "classes=['SustainmentError','ZeroDivisionError','SustainmentError','ZeroDivisionError','TypeError']",
                    "classes=['SustainmentError','SustainmentError','SustainmentError','ZeroDivisionError','TypeError']")
            driver = drivers / (name + '.py')
            driver.write_text(text)
            command = [str(ROOT / '.codex-test/run'), 'bash', '-c',
                       'export PYTHONPATH="$PWD:$STOP_PARSER_TEAX_ROOT/packages/teax-simkit" STUDY_REQUIRE_TEAX=1; exec .codex-test/run python "$@"',
                       'current-mfe', str(driver), str(destination)]
            result = subprocess.run(command, cwd=ROOT, capture_output=True, text=True)
            (destination / (name + '.log')).write_text(result.stdout + result.stderr)
>           assert result.returncode == 0, f'{name} failed: {destination / (name + ".log")}'
                   ^^^^^^^^^^^^^^^^^^^^^^
E           AssertionError: cli_checks failed: /tmp/pytest-of-reid/pytest-12843/wi0510/acceptance/cli_checks.log

tests/models/current_mfe_regressions.py:391: AssertionError
________ ERROR at setup of test_retired_radius_refused[conflicting-cli] ________

tmp_path_factory = TempPathFactory(_given_basetemp=None, _trace=<pluggy._tracing.TagTracerSub object at 0x7b80acf69160>, _basetemp=PosixPath('/tmp/pytest-of-reid/pytest-12843'), _retention_count=3, _retention_policy='all')

    @pytest.fixture(scope='module')
    def acceptance(tmp_path_factory):
        from tests.models.current_mfe_regressions import radius_acceptance
>       return radius_acceptance(tmp_path_factory.mktemp('wi051')/'acceptance',H)
               ^^^^^^^^^^^^^^^^^^^^^^^^^^^^^^^^^^^^^^^^^^^^^^^^^^^^^^^^^^^^^^^^^^

tests/models/test_mfe_major_radius.py:140: 
_ _ _ _ _ _ _ _ _ _ _ _ _ _ _ _ _ _ _ _ _ _ _ _ _ _ _ _ _ _ _ _ _ _ _ _ _ _ _ _ 

destination = PosixPath('/tmp/pytest-of-reid/pytest-12843/wi0510/acceptance')
historical = PosixPath('/home/reid/1cfe/fusion-tea/work/active/WI-051_mfe-model-owned-major-radius/implementation')

    def radius_acceptance(destination, historical):
        destination = Path(destination)
        destination.mkdir()
        drivers = destination / 'drivers'
        drivers.mkdir()
        ledger = json.loads((FINANCE_EVIDENCE / 'scalar-ledger.json').read_text())['live_ordinary']
        finance = {row['name'] for row in ledger if row['classification'] == 'changed finance'}
        generation = current_generation()
        before = generation.inventory(generation.PACKAGE)
        # WI-057 (2026-09-13): the drivers read the frozen evidence and the package under the new names.
        forward, _ = structure_ledger()
        translated, modules = translate_frozen_radius_evidence(Path(historical), destination, forward)
        # Current economic expectations are independently recomputed; baseline arithmetic may
        # differ by roundoff. This is a bounded tolerance, never omission of these comparisons.
        finance |= restate_wi040_radius_costs(translated)
        for name in ('native', 'direct', 'standalone', 'cli_checks'):
            text = (historical / (name + '.py')).read_text()
            if "Path(__file__).resolve().parent.parent/'prototype'" in text:
                text = replace_once(text, "Path(__file__).resolve().parent.parent/'prototype'", f'Path({str(translated)!r})')
            text = text.replace('Path(__file__).resolve().parent', f'Path({str(historical)!r})')
            if name in ('native', 'direct'):
                text = text.replace("P+'R'", "P+'plasma__R'")
            if name == 'native':
                text = replace_once(text, 'bridge.build(change)', f'bridge.build({WI059_REPLAY!r} | change)')
                text = replace_once(text, "'entering-package/contracts/model_contract.json'", repr(str(translated / 'entering-package/contracts/model_contract.json')))
                text = replace_once(text, "delta['added']==[]",
                                    f"{{x[1] for x in delta['added']}}=={WI040_PARAMETERS | WI038_PARAMETERS | WI058_PARAMETERS | WI059_PARAMETERS | WI059_NATIVE_ONLY_PARAMETERS | WI060_PARAMETERS | WI061_PARAMETERS | WI062_PARAMETERS | WI063_PARAMETERS!r}")
                # WI-058: evaluate R14 at the R-form's length (see K_COIL_RETIRED) so the frozen row stays exact.
                text = replace_once(text, "('R14',{P+'plasma__R':14.0})",
                                    f"('R14',{{P+'plasma__R':14.0,P+'magnet__coil__c_coil_ref':{K_COIL_RETIRED * 14.0!r}}})")
            if name in ('native', 'direct'):
                text = 'from tests.models.current_mfe_regressions import pre_fit_report\n' + text
            if name == 'native':
                text = replace_once(text, "assert a['responses']==b['responses']", "assert {k:v for k,v in a['responses'].items() if 'wp_fit_ok' not in k and 'reference_conductor_current_ok' not in k}==b['responses']")
                text = text.replace("a['report']==b['report']", "pre_fit_report(a['report'], b['report'])==b['report']")
            if name == 'direct':
                text = replace_once(text, "assert set(raw)==set(expected)", "assert set(raw)-{k for k in raw if 'wp_fit_ok' in k or 'reference_conductor_current_ok' in k}==set(expected)\n        raw['constraint_report'] = pre_fit_report(raw['constraint_report'], expected['constraint_report'])")
            if name == 'standalone':
                # WI-058: the winding length no longer takes R0 -- its R0-only check leaves the replay (its bore
                # response is tested in test_winding_length_bore.py); the other three magnet calcs keep theirs.
                text = replace_once(text, "('coil_length','mfe_magnet_field','coil_winding_length','Coil_Winding_Length',14/12.7),", '')
                for suffix in ('field_calc', 'stored_energy', 'magnet_cost'):
                    text = replace_once(text, f"('{suffix}',", f"('{modules[suffix]}',")
            if name == 'native':
                text = replace_once(text, "a['outputs'][k]==v if name=='baseline'", f"a['outputs'][k]==v if name=='baseline' and k not in {finance!r}")
                text = replace_once(text,
                    "    assert component[name].get('B_peak',component[name].get('error'))==row.get('B_peak',row.get('error'))",
                    "    if name == 'valid':\n"
                    "        assert component[name]['B_peak'] == row['B_peak']\n"
                    "    else:\n"
                    "        assert component[name]['error'] == 'ValueError'\n"
                    "        domain = 'reference' if name.startswith('reference') else 'live'\n"
                    "        assert domain + ' clearance' in component[name]['message']")
            if name == 'direct':
                text = replace_once(text, 'values.update(change)', f'values.update({WI059_REPLAY!r} | change)')
                # WI-058: evaluate R14 at the R-form's length (see K_COIL_RETIRED) so the frozen row stays exact.
                text = replace_once(text, "'R14':{P+'plasma__R':14.0,",
                                    f"'R14':{{P+'plasma__R':14.0,P+'magnet__coil__c_coil_ref':{K_COIL_RETIRED * 14.0!r},")
                text = replace_once(text, "if name=='baseline' or not isinstance(v,(int,float)):",
                                    f"if (name=='baseline' and k not in {finance!r}) or not isinstance(v,(int,float)):")
                text = replace_once(text, "scalar[k]==v if name=='baseline'", f"scalar[k]==v if name=='baseline' and k not in {finance!r}")
                # WI-053 read the magnet clearance refusal (ValueError) first at three invalid radii. WI-057
                # (2026-09-13): the calcs live on their parts and the regenerated pipeline executes the plasma's
                # sustainment module before the magnet's peak-field module. At the coil-centre and R3 radii the first
                # refusal is the plasma's deliberate SustainmentError (accepted: a different deliberate rejection).
                # At the negative radius it is an incidental TypeError inside plasma__sustain -- an UNRESOLVED
                # regression of the diagnostic, documented here, not repaired (goal structural-decomposition
                # trail, Amendment 2026-09-13; a deliberate non-positive-radius refusal is a model item). The
                # clearance check itself is unchanged and still refuses when reached
                # (test_peak_component_preserves_valid_and_rejects_invalid_domains).
                text = replace_once(text,
                    "classes=['SustainmentError','ZeroDivisionError','SustainmentError','ZeroDivisionError','TypeError']",
                    "classes=['SustainmentError','SustainmentError','SustainmentError','ZeroDivisionError','TypeError']")
            driver = drivers / (name + '.py')
            driver.write_text(text)
            command = [str(ROOT / '.codex-test/run'), 'bash', '-c',
                       'export PYTHONPATH="$PWD:$STOP_PARSER_TEAX_ROOT/packages/teax-simkit" STUDY_REQUIRE_TEAX=1; exec .codex-test/run python "$@"',
                       'current-mfe', str(driver), str(destination)]
            result = subprocess.run(command, cwd=ROOT, capture_output=True, text=True)
            (destination / (name + '.log')).write_text(result.stdout + result.stderr)
>           assert result.returncode == 0, f'{name} failed: {destination / (name + ".log")}'
                   ^^^^^^^^^^^^^^^^^^^^^^
E           AssertionError: cli_checks failed: /tmp/pytest-of-reid/pytest-12843/wi0510/acceptance/cli_checks.log

tests/models/current_mfe_regressions.py:391: AssertionError
__________ ERROR at setup of test_retired_radius_refused[zero-native] __________

tmp_path_factory = TempPathFactory(_given_basetemp=None, _trace=<pluggy._tracing.TagTracerSub object at 0x7b80acf69160>, _basetemp=PosixPath('/tmp/pytest-of-reid/pytest-12843'), _retention_count=3, _retention_policy='all')

    @pytest.fixture(scope='module')
    def acceptance(tmp_path_factory):
        from tests.models.current_mfe_regressions import radius_acceptance
>       return radius_acceptance(tmp_path_factory.mktemp('wi051')/'acceptance',H)
               ^^^^^^^^^^^^^^^^^^^^^^^^^^^^^^^^^^^^^^^^^^^^^^^^^^^^^^^^^^^^^^^^^^

tests/models/test_mfe_major_radius.py:140: 
_ _ _ _ _ _ _ _ _ _ _ _ _ _ _ _ _ _ _ _ _ _ _ _ _ _ _ _ _ _ _ _ _ _ _ _ _ _ _ _ 

destination = PosixPath('/tmp/pytest-of-reid/pytest-12843/wi0510/acceptance')
historical = PosixPath('/home/reid/1cfe/fusion-tea/work/active/WI-051_mfe-model-owned-major-radius/implementation')

    def radius_acceptance(destination, historical):
        destination = Path(destination)
        destination.mkdir()
        drivers = destination / 'drivers'
        drivers.mkdir()
        ledger = json.loads((FINANCE_EVIDENCE / 'scalar-ledger.json').read_text())['live_ordinary']
        finance = {row['name'] for row in ledger if row['classification'] == 'changed finance'}
        generation = current_generation()
        before = generation.inventory(generation.PACKAGE)
        # WI-057 (2026-09-13): the drivers read the frozen evidence and the package under the new names.
        forward, _ = structure_ledger()
        translated, modules = translate_frozen_radius_evidence(Path(historical), destination, forward)
        # Current economic expectations are independently recomputed; baseline arithmetic may
        # differ by roundoff. This is a bounded tolerance, never omission of these comparisons.
        finance |= restate_wi040_radius_costs(translated)
        for name in ('native', 'direct', 'standalone', 'cli_checks'):
            text = (historical / (name + '.py')).read_text()
            if "Path(__file__).resolve().parent.parent/'prototype'" in text:
                text = replace_once(text, "Path(__file__).resolve().parent.parent/'prototype'", f'Path({str(translated)!r})')
            text = text.replace('Path(__file__).resolve().parent', f'Path({str(historical)!r})')
            if name in ('native', 'direct'):
                text = text.replace("P+'R'", "P+'plasma__R'")
            if name == 'native':
                text = replace_once(text, 'bridge.build(change)', f'bridge.build({WI059_REPLAY!r} | change)')
                text = replace_once(text, "'entering-package/contracts/model_contract.json'", repr(str(translated / 'entering-package/contracts/model_contract.json')))
                text = replace_once(text, "delta['added']==[]",
                                    f"{{x[1] for x in delta['added']}}=={WI040_PARAMETERS | WI038_PARAMETERS | WI058_PARAMETERS | WI059_PARAMETERS | WI059_NATIVE_ONLY_PARAMETERS | WI060_PARAMETERS | WI061_PARAMETERS | WI062_PARAMETERS | WI063_PARAMETERS!r}")
                # WI-058: evaluate R14 at the R-form's length (see K_COIL_RETIRED) so the frozen row stays exact.
                text = replace_once(text, "('R14',{P+'plasma__R':14.0})",
                                    f"('R14',{{P+'plasma__R':14.0,P+'magnet__coil__c_coil_ref':{K_COIL_RETIRED * 14.0!r}}})")
            if name in ('native', 'direct'):
                text = 'from tests.models.current_mfe_regressions import pre_fit_report\n' + text
            if name == 'native':
                text = replace_once(text, "assert a['responses']==b['responses']", "assert {k:v for k,v in a['responses'].items() if 'wp_fit_ok' not in k and 'reference_conductor_current_ok' not in k}==b['responses']")
                text = text.replace("a['report']==b['report']", "pre_fit_report(a['report'], b['report'])==b['report']")
            if name == 'direct':
                text = replace_once(text, "assert set(raw)==set(expected)", "assert set(raw)-{k for k in raw if 'wp_fit_ok' in k or 'reference_conductor_current_ok' in k}==set(expected)\n        raw['constraint_report'] = pre_fit_report(raw['constraint_report'], expected['constraint_report'])")
            if name == 'standalone':
                # WI-058: the winding length no longer takes R0 -- its R0-only check leaves the replay (its bore
                # response is tested in test_winding_length_bore.py); the other three magnet calcs keep theirs.
                text = replace_once(text, "('coil_length','mfe_magnet_field','coil_winding_length','Coil_Winding_Length',14/12.7),", '')
                for suffix in ('field_calc', 'stored_energy', 'magnet_cost'):
                    text = replace_once(text, f"('{suffix}',", f"('{modules[suffix]}',")
            if name == 'native':
                text = replace_once(text, "a['outputs'][k]==v if name=='baseline'", f"a['outputs'][k]==v if name=='baseline' and k not in {finance!r}")
                text = replace_once(text,
                    "    assert component[name].get('B_peak',component[name].get('error'))==row.get('B_peak',row.get('error'))",
                    "    if name == 'valid':\n"
                    "        assert component[name]['B_peak'] == row['B_peak']\n"
                    "    else:\n"
                    "        assert component[name]['error'] == 'ValueError'\n"
                    "        domain = 'reference' if name.startswith('reference') else 'live'\n"
                    "        assert domain + ' clearance' in component[name]['message']")
            if name == 'direct':
                text = replace_once(text, 'values.update(change)', f'values.update({WI059_REPLAY!r} | change)')
                # WI-058: evaluate R14 at the R-form's length (see K_COIL_RETIRED) so the frozen row stays exact.
                text = replace_once(text, "'R14':{P+'plasma__R':14.0,",
                                    f"'R14':{{P+'plasma__R':14.0,P+'magnet__coil__c_coil_ref':{K_COIL_RETIRED * 14.0!r},")
                text = replace_once(text, "if name=='baseline' or not isinstance(v,(int,float)):",
                                    f"if (name=='baseline' and k not in {finance!r}) or not isinstance(v,(int,float)):")
                text = replace_once(text, "scalar[k]==v if name=='baseline'", f"scalar[k]==v if name=='baseline' and k not in {finance!r}")
                # WI-053 read the magnet clearance refusal (ValueError) first at three invalid radii. WI-057
                # (2026-09-13): the calcs live on their parts and the regenerated pipeline executes the plasma's
                # sustainment module before the magnet's peak-field module. At the coil-centre and R3 radii the first
                # refusal is the plasma's deliberate SustainmentError (accepted: a different deliberate rejection).
                # At the negative radius it is an incidental TypeError inside plasma__sustain -- an UNRESOLVED
                # regression of the diagnostic, documented here, not repaired (goal structural-decomposition
                # trail, Amendment 2026-09-13; a deliberate non-positive-radius refusal is a model item). The
                # clearance check itself is unchanged and still refuses when reached
                # (test_peak_component_preserves_valid_and_rejects_invalid_domains).
                text = replace_once(text,
                    "classes=['SustainmentError','ZeroDivisionError','SustainmentError','ZeroDivisionError','TypeError']",
                    "classes=['SustainmentError','SustainmentError','SustainmentError','ZeroDivisionError','TypeError']")
            driver = drivers / (name + '.py')
            driver.write_text(text)
            command = [str(ROOT / '.codex-test/run'), 'bash', '-c',
                       'export PYTHONPATH="$PWD:$STOP_PARSER_TEAX_ROOT/packages/teax-simkit" STUDY_REQUIRE_TEAX=1; exec .codex-test/run python "$@"',
                       'current-mfe', str(driver), str(destination)]
            result = subprocess.run(command, cwd=ROOT, capture_output=True, text=True)
            (destination / (name + '.log')).write_text(result.stdout + result.stderr)
>           assert result.returncode == 0, f'{name} failed: {destination / (name + ".log")}'
                   ^^^^^^^^^^^^^^^^^^^^^^
E           AssertionError: cli_checks failed: /tmp/pytest-of-reid/pytest-12843/wi0510/acceptance/cli_checks.log

tests/models/current_mfe_regressions.py:391: AssertionError
__________ ERROR at setup of test_retired_radius_refused[zero-schema] __________

tmp_path_factory = TempPathFactory(_given_basetemp=None, _trace=<pluggy._tracing.TagTracerSub object at 0x7b80acf69160>, _basetemp=PosixPath('/tmp/pytest-of-reid/pytest-12843'), _retention_count=3, _retention_policy='all')

    @pytest.fixture(scope='module')
    def acceptance(tmp_path_factory):
        from tests.models.current_mfe_regressions import radius_acceptance
>       return radius_acceptance(tmp_path_factory.mktemp('wi051')/'acceptance',H)
               ^^^^^^^^^^^^^^^^^^^^^^^^^^^^^^^^^^^^^^^^^^^^^^^^^^^^^^^^^^^^^^^^^^

tests/models/test_mfe_major_radius.py:140: 
_ _ _ _ _ _ _ _ _ _ _ _ _ _ _ _ _ _ _ _ _ _ _ _ _ _ _ _ _ _ _ _ _ _ _ _ _ _ _ _ 

destination = PosixPath('/tmp/pytest-of-reid/pytest-12843/wi0510/acceptance')
historical = PosixPath('/home/reid/1cfe/fusion-tea/work/active/WI-051_mfe-model-owned-major-radius/implementation')

    def radius_acceptance(destination, historical):
        destination = Path(destination)
        destination.mkdir()
        drivers = destination / 'drivers'
        drivers.mkdir()
        ledger = json.loads((FINANCE_EVIDENCE / 'scalar-ledger.json').read_text())['live_ordinary']
        finance = {row['name'] for row in ledger if row['classification'] == 'changed finance'}
        generation = current_generation()
        before = generation.inventory(generation.PACKAGE)
        # WI-057 (2026-09-13): the drivers read the frozen evidence and the package under the new names.
        forward, _ = structure_ledger()
        translated, modules = translate_frozen_radius_evidence(Path(historical), destination, forward)
        # Current economic expectations are independently recomputed; baseline arithmetic may
        # differ by roundoff. This is a bounded tolerance, never omission of these comparisons.
        finance |= restate_wi040_radius_costs(translated)
        for name in ('native', 'direct', 'standalone', 'cli_checks'):
            text = (historical / (name + '.py')).read_text()
            if "Path(__file__).resolve().parent.parent/'prototype'" in text:
                text = replace_once(text, "Path(__file__).resolve().parent.parent/'prototype'", f'Path({str(translated)!r})')
            text = text.replace('Path(__file__).resolve().parent', f'Path({str(historical)!r})')
            if name in ('native', 'direct'):
                text = text.replace("P+'R'", "P+'plasma__R'")
            if name == 'native':
                text = replace_once(text, 'bridge.build(change)', f'bridge.build({WI059_REPLAY!r} | change)')
                text = replace_once(text, "'entering-package/contracts/model_contract.json'", repr(str(translated / 'entering-package/contracts/model_contract.json')))
                text = replace_once(text, "delta['added']==[]",
                                    f"{{x[1] for x in delta['added']}}=={WI040_PARAMETERS | WI038_PARAMETERS | WI058_PARAMETERS | WI059_PARAMETERS | WI059_NATIVE_ONLY_PARAMETERS | WI060_PARAMETERS | WI061_PARAMETERS | WI062_PARAMETERS | WI063_PARAMETERS!r}")
                # WI-058: evaluate R14 at the R-form's length (see K_COIL_RETIRED) so the frozen row stays exact.
                text = replace_once(text, "('R14',{P+'plasma__R':14.0})",
                                    f"('R14',{{P+'plasma__R':14.0,P+'magnet__coil__c_coil_ref':{K_COIL_RETIRED * 14.0!r}}})")
            if name in ('native', 'direct'):
                text = 'from tests.models.current_mfe_regressions import pre_fit_report\n' + text
            if name == 'native':
                text = replace_once(text, "assert a['responses']==b['responses']", "assert {k:v for k,v in a['responses'].items() if 'wp_fit_ok' not in k and 'reference_conductor_current_ok' not in k}==b['responses']")
                text = text.replace("a['report']==b['report']", "pre_fit_report(a['report'], b['report'])==b['report']")
            if name == 'direct':
                text = replace_once(text, "assert set(raw)==set(expected)", "assert set(raw)-{k for k in raw if 'wp_fit_ok' in k or 'reference_conductor_current_ok' in k}==set(expected)\n        raw['constraint_report'] = pre_fit_report(raw['constraint_report'], expected['constraint_report'])")
            if name == 'standalone':
                # WI-058: the winding length no longer takes R0 -- its R0-only check leaves the replay (its bore
                # response is tested in test_winding_length_bore.py); the other three magnet calcs keep theirs.
                text = replace_once(text, "('coil_length','mfe_magnet_field','coil_winding_length','Coil_Winding_Length',14/12.7),", '')
                for suffix in ('field_calc', 'stored_energy', 'magnet_cost'):
                    text = replace_once(text, f"('{suffix}',", f"('{modules[suffix]}',")
            if name == 'native':
                text = replace_once(text, "a['outputs'][k]==v if name=='baseline'", f"a['outputs'][k]==v if name=='baseline' and k not in {finance!r}")
                text = replace_once(text,
                    "    assert component[name].get('B_peak',component[name].get('error'))==row.get('B_peak',row.get('error'))",
                    "    if name == 'valid':\n"
                    "        assert component[name]['B_peak'] == row['B_peak']\n"
                    "    else:\n"
                    "        assert component[name]['error'] == 'ValueError'\n"
                    "        domain = 'reference' if name.startswith('reference') else 'live'\n"
                    "        assert domain + ' clearance' in component[name]['message']")
            if name == 'direct':
                text = replace_once(text, 'values.update(change)', f'values.update({WI059_REPLAY!r} | change)')
                # WI-058: evaluate R14 at the R-form's length (see K_COIL_RETIRED) so the frozen row stays exact.
                text = replace_once(text, "'R14':{P+'plasma__R':14.0,",
                                    f"'R14':{{P+'plasma__R':14.0,P+'magnet__coil__c_coil_ref':{K_COIL_RETIRED * 14.0!r},")
                text = replace_once(text, "if name=='baseline' or not isinstance(v,(int,float)):",
                                    f"if (name=='baseline' and k not in {finance!r}) or not isinstance(v,(int,float)):")
                text = replace_once(text, "scalar[k]==v if name=='baseline'", f"scalar[k]==v if name=='baseline' and k not in {finance!r}")
                # WI-053 read the magnet clearance refusal (ValueError) first at three invalid radii. WI-057
                # (2026-09-13): the calcs live on their parts and the regenerated pipeline executes the plasma's
                # sustainment module before the magnet's peak-field module. At the coil-centre and R3 radii the first
                # refusal is the plasma's deliberate SustainmentError (accepted: a different deliberate rejection).
                # At the negative radius it is an incidental TypeError inside plasma__sustain -- an UNRESOLVED
                # regression of the diagnostic, documented here, not repaired (goal structural-decomposition
                # trail, Amendment 2026-09-13; a deliberate non-positive-radius refusal is a model item). The
                # clearance check itself is unchanged and still refuses when reached
                # (test_peak_component_preserves_valid_and_rejects_invalid_domains).
                text = replace_once(text,
                    "classes=['SustainmentError','ZeroDivisionError','SustainmentError','ZeroDivisionError','TypeError']",
                    "classes=['SustainmentError','SustainmentError','SustainmentError','ZeroDivisionError','TypeError']")
            driver = drivers / (name + '.py')
            driver.write_text(text)
            command = [str(ROOT / '.codex-test/run'), 'bash', '-c',
                       'export PYTHONPATH="$PWD:$STOP_PARSER_TEAX_ROOT/packages/teax-simkit" STUDY_REQUIRE_TEAX=1; exec .codex-test/run python "$@"',
                       'current-mfe', str(driver), str(destination)]
            result = subprocess.run(command, cwd=ROOT, capture_output=True, text=True)
            (destination / (name + '.log')).write_text(result.stdout + result.stderr)
>           assert result.returncode == 0, f'{name} failed: {destination / (name + ".log")}'
                   ^^^^^^^^^^^^^^^^^^^^^^
E           AssertionError: cli_checks failed: /tmp/pytest-of-reid/pytest-12843/wi0510/acceptance/cli_checks.log

tests/models/current_mfe_regressions.py:391: AssertionError
__________ ERROR at setup of test_retired_radius_refused[zero-helper] __________

tmp_path_factory = TempPathFactory(_given_basetemp=None, _trace=<pluggy._tracing.TagTracerSub object at 0x7b80acf69160>, _basetemp=PosixPath('/tmp/pytest-of-reid/pytest-12843'), _retention_count=3, _retention_policy='all')

    @pytest.fixture(scope='module')
    def acceptance(tmp_path_factory):
        from tests.models.current_mfe_regressions import radius_acceptance
>       return radius_acceptance(tmp_path_factory.mktemp('wi051')/'acceptance',H)
               ^^^^^^^^^^^^^^^^^^^^^^^^^^^^^^^^^^^^^^^^^^^^^^^^^^^^^^^^^^^^^^^^^^

tests/models/test_mfe_major_radius.py:140: 
_ _ _ _ _ _ _ _ _ _ _ _ _ _ _ _ _ _ _ _ _ _ _ _ _ _ _ _ _ _ _ _ _ _ _ _ _ _ _ _ 

destination = PosixPath('/tmp/pytest-of-reid/pytest-12843/wi0510/acceptance')
historical = PosixPath('/home/reid/1cfe/fusion-tea/work/active/WI-051_mfe-model-owned-major-radius/implementation')

    def radius_acceptance(destination, historical):
        destination = Path(destination)
        destination.mkdir()
        drivers = destination / 'drivers'
        drivers.mkdir()
        ledger = json.loads((FINANCE_EVIDENCE / 'scalar-ledger.json').read_text())['live_ordinary']
        finance = {row['name'] for row in ledger if row['classification'] == 'changed finance'}
        generation = current_generation()
        before = generation.inventory(generation.PACKAGE)
        # WI-057 (2026-09-13): the drivers read the frozen evidence and the package under the new names.
        forward, _ = structure_ledger()
        translated, modules = translate_frozen_radius_evidence(Path(historical), destination, forward)
        # Current economic expectations are independently recomputed; baseline arithmetic may
        # differ by roundoff. This is a bounded tolerance, never omission of these comparisons.
        finance |= restate_wi040_radius_costs(translated)
        for name in ('native', 'direct', 'standalone', 'cli_checks'):
            text = (historical / (name + '.py')).read_text()
            if "Path(__file__).resolve().parent.parent/'prototype'" in text:
                text = replace_once(text, "Path(__file__).resolve().parent.parent/'prototype'", f'Path({str(translated)!r})')
            text = text.replace('Path(__file__).resolve().parent', f'Path({str(historical)!r})')
            if name in ('native', 'direct'):
                text = text.replace("P+'R'", "P+'plasma__R'")
            if name == 'native':
                text = replace_once(text, 'bridge.build(change)', f'bridge.build({WI059_REPLAY!r} | change)')
                text = replace_once(text, "'entering-package/contracts/model_contract.json'", repr(str(translated / 'entering-package/contracts/model_contract.json')))
                text = replace_once(text, "delta['added']==[]",
                                    f"{{x[1] for x in delta['added']}}=={WI040_PARAMETERS | WI038_PARAMETERS | WI058_PARAMETERS | WI059_PARAMETERS | WI059_NATIVE_ONLY_PARAMETERS | WI060_PARAMETERS | WI061_PARAMETERS | WI062_PARAMETERS | WI063_PARAMETERS!r}")
                # WI-058: evaluate R14 at the R-form's length (see K_COIL_RETIRED) so the frozen row stays exact.
                text = replace_once(text, "('R14',{P+'plasma__R':14.0})",
                                    f"('R14',{{P+'plasma__R':14.0,P+'magnet__coil__c_coil_ref':{K_COIL_RETIRED * 14.0!r}}})")
            if name in ('native', 'direct'):
                text = 'from tests.models.current_mfe_regressions import pre_fit_report\n' + text
            if name == 'native':
                text = replace_once(text, "assert a['responses']==b['responses']", "assert {k:v for k,v in a['responses'].items() if 'wp_fit_ok' not in k and 'reference_conductor_current_ok' not in k}==b['responses']")
                text = text.replace("a['report']==b['report']", "pre_fit_report(a['report'], b['report'])==b['report']")
            if name == 'direct':
                text = replace_once(text, "assert set(raw)==set(expected)", "assert set(raw)-{k for k in raw if 'wp_fit_ok' in k or 'reference_conductor_current_ok' in k}==set(expected)\n        raw['constraint_report'] = pre_fit_report(raw['constraint_report'], expected['constraint_report'])")
            if name == 'standalone':
                # WI-058: the winding length no longer takes R0 -- its R0-only check leaves the replay (its bore
                # response is tested in test_winding_length_bore.py); the other three magnet calcs keep theirs.
                text = replace_once(text, "('coil_length','mfe_magnet_field','coil_winding_length','Coil_Winding_Length',14/12.7),", '')
                for suffix in ('field_calc', 'stored_energy', 'magnet_cost'):
                    text = replace_once(text, f"('{suffix}',", f"('{modules[suffix]}',")
            if name == 'native':
                text = replace_once(text, "a['outputs'][k]==v if name=='baseline'", f"a['outputs'][k]==v if name=='baseline' and k not in {finance!r}")
                text = replace_once(text,
                    "    assert component[name].get('B_peak',component[name].get('error'))==row.get('B_peak',row.get('error'))",
                    "    if name == 'valid':\n"
                    "        assert component[name]['B_peak'] == row['B_peak']\n"
                    "    else:\n"
                    "        assert component[name]['error'] == 'ValueError'\n"
                    "        domain = 'reference' if name.startswith('reference') else 'live'\n"
                    "        assert domain + ' clearance' in component[name]['message']")
            if name == 'direct':
                text = replace_once(text, 'values.update(change)', f'values.update({WI059_REPLAY!r} | change)')
                # WI-058: evaluate R14 at the R-form's length (see K_COIL_RETIRED) so the frozen row stays exact.
                text = replace_once(text, "'R14':{P+'plasma__R':14.0,",
                                    f"'R14':{{P+'plasma__R':14.0,P+'magnet__coil__c_coil_ref':{K_COIL_RETIRED * 14.0!r},")
                text = replace_once(text, "if name=='baseline' or not isinstance(v,(int,float)):",
                                    f"if (name=='baseline' and k not in {finance!r}) or not isinstance(v,(int,float)):")
                text = replace_once(text, "scalar[k]==v if name=='baseline'", f"scalar[k]==v if name=='baseline' and k not in {finance!r}")
                # WI-053 read the magnet clearance refusal (ValueError) first at three invalid radii. WI-057
                # (2026-09-13): the calcs live on their parts and the regenerated pipeline executes the plasma's
                # sustainment module before the magnet's peak-field module. At the coil-centre and R3 radii the first
                # refusal is the plasma's deliberate SustainmentError (accepted: a different deliberate rejection).
                # At the negative radius it is an incidental TypeError inside plasma__sustain -- an UNRESOLVED
                # regression of the diagnostic, documented here, not repaired (goal structural-decomposition
                # trail, Amendment 2026-09-13; a deliberate non-positive-radius refusal is a model item). The
                # clearance check itself is unchanged and still refuses when reached
                # (test_peak_component_preserves_valid_and_rejects_invalid_domains).
                text = replace_once(text,
                    "classes=['SustainmentError','ZeroDivisionError','SustainmentError','ZeroDivisionError','TypeError']",
                    "classes=['SustainmentError','SustainmentError','SustainmentError','ZeroDivisionError','TypeError']")
            driver = drivers / (name + '.py')
            driver.write_text(text)
            command = [str(ROOT / '.codex-test/run'), 'bash', '-c',
                       'export PYTHONPATH="$PWD:$STOP_PARSER_TEAX_ROOT/packages/teax-simkit" STUDY_REQUIRE_TEAX=1; exec .codex-test/run python "$@"',
                       'current-mfe', str(driver), str(destination)]
            result = subprocess.run(command, cwd=ROOT, capture_output=True, text=True)
            (destination / (name + '.log')).write_text(result.stdout + result.stderr)
>           assert result.returncode == 0, f'{name} failed: {destination / (name + ".log")}'
                   ^^^^^^^^^^^^^^^^^^^^^^
E           AssertionError: cli_checks failed: /tmp/pytest-of-reid/pytest-12843/wi0510/acceptance/cli_checks.log

tests/models/current_mfe_regressions.py:391: AssertionError
__________ ERROR at setup of test_retired_radius_refused[zero-single] __________

tmp_path_factory = TempPathFactory(_given_basetemp=None, _trace=<pluggy._tracing.TagTracerSub object at 0x7b80acf69160>, _basetemp=PosixPath('/tmp/pytest-of-reid/pytest-12843'), _retention_count=3, _retention_policy='all')

    @pytest.fixture(scope='module')
    def acceptance(tmp_path_factory):
        from tests.models.current_mfe_regressions import radius_acceptance
>       return radius_acceptance(tmp_path_factory.mktemp('wi051')/'acceptance',H)
               ^^^^^^^^^^^^^^^^^^^^^^^^^^^^^^^^^^^^^^^^^^^^^^^^^^^^^^^^^^^^^^^^^^

tests/models/test_mfe_major_radius.py:140: 
_ _ _ _ _ _ _ _ _ _ _ _ _ _ _ _ _ _ _ _ _ _ _ _ _ _ _ _ _ _ _ _ _ _ _ _ _ _ _ _ 

destination = PosixPath('/tmp/pytest-of-reid/pytest-12843/wi0510/acceptance')
historical = PosixPath('/home/reid/1cfe/fusion-tea/work/active/WI-051_mfe-model-owned-major-radius/implementation')

    def radius_acceptance(destination, historical):
        destination = Path(destination)
        destination.mkdir()
        drivers = destination / 'drivers'
        drivers.mkdir()
        ledger = json.loads((FINANCE_EVIDENCE / 'scalar-ledger.json').read_text())['live_ordinary']
        finance = {row['name'] for row in ledger if row['classification'] == 'changed finance'}
        generation = current_generation()
        before = generation.inventory(generation.PACKAGE)
        # WI-057 (2026-09-13): the drivers read the frozen evidence and the package under the new names.
        forward, _ = structure_ledger()
        translated, modules = translate_frozen_radius_evidence(Path(historical), destination, forward)
        # Current economic expectations are independently recomputed; baseline arithmetic may
        # differ by roundoff. This is a bounded tolerance, never omission of these comparisons.
        finance |= restate_wi040_radius_costs(translated)
        for name in ('native', 'direct', 'standalone', 'cli_checks'):
            text = (historical / (name + '.py')).read_text()
            if "Path(__file__).resolve().parent.parent/'prototype'" in text:
                text = replace_once(text, "Path(__file__).resolve().parent.parent/'prototype'", f'Path({str(translated)!r})')
            text = text.replace('Path(__file__).resolve().parent', f'Path({str(historical)!r})')
            if name in ('native', 'direct'):
                text = text.replace("P+'R'", "P+'plasma__R'")
            if name == 'native':
                text = replace_once(text, 'bridge.build(change)', f'bridge.build({WI059_REPLAY!r} | change)')
                text = replace_once(text, "'entering-package/contracts/model_contract.json'", repr(str(translated / 'entering-package/contracts/model_contract.json')))
                text = replace_once(text, "delta['added']==[]",
                                    f"{{x[1] for x in delta['added']}}=={WI040_PARAMETERS | WI038_PARAMETERS | WI058_PARAMETERS | WI059_PARAMETERS | WI059_NATIVE_ONLY_PARAMETERS | WI060_PARAMETERS | WI061_PARAMETERS | WI062_PARAMETERS | WI063_PARAMETERS!r}")
                # WI-058: evaluate R14 at the R-form's length (see K_COIL_RETIRED) so the frozen row stays exact.
                text = replace_once(text, "('R14',{P+'plasma__R':14.0})",
                                    f"('R14',{{P+'plasma__R':14.0,P+'magnet__coil__c_coil_ref':{K_COIL_RETIRED * 14.0!r}}})")
            if name in ('native', 'direct'):
                text = 'from tests.models.current_mfe_regressions import pre_fit_report\n' + text
            if name == 'native':
                text = replace_once(text, "assert a['responses']==b['responses']", "assert {k:v for k,v in a['responses'].items() if 'wp_fit_ok' not in k and 'reference_conductor_current_ok' not in k}==b['responses']")
                text = text.replace("a['report']==b['report']", "pre_fit_report(a['report'], b['report'])==b['report']")
            if name == 'direct':
                text = replace_once(text, "assert set(raw)==set(expected)", "assert set(raw)-{k for k in raw if 'wp_fit_ok' in k or 'reference_conductor_current_ok' in k}==set(expected)\n        raw['constraint_report'] = pre_fit_report(raw['constraint_report'], expected['constraint_report'])")
            if name == 'standalone':
                # WI-058: the winding length no longer takes R0 -- its R0-only check leaves the replay (its bore
                # response is tested in test_winding_length_bore.py); the other three magnet calcs keep theirs.
                text = replace_once(text, "('coil_length','mfe_magnet_field','coil_winding_length','Coil_Winding_Length',14/12.7),", '')
                for suffix in ('field_calc', 'stored_energy', 'magnet_cost'):
                    text = replace_once(text, f"('{suffix}',", f"('{modules[suffix]}',")
            if name == 'native':
                text = replace_once(text, "a['outputs'][k]==v if name=='baseline'", f"a['outputs'][k]==v if name=='baseline' and k not in {finance!r}")
                text = replace_once(text,
                    "    assert component[name].get('B_peak',component[name].get('error'))==row.get('B_peak',row.get('error'))",
                    "    if name == 'valid':\n"
                    "        assert component[name]['B_peak'] == row['B_peak']\n"
                    "    else:\n"
                    "        assert component[name]['error'] == 'ValueError'\n"
                    "        domain = 'reference' if name.startswith('reference') else 'live'\n"
                    "        assert domain + ' clearance' in component[name]['message']")
            if name == 'direct':
                text = replace_once(text, 'values.update(change)', f'values.update({WI059_REPLAY!r} | change)')
                # WI-058: evaluate R14 at the R-form's length (see K_COIL_RETIRED) so the frozen row stays exact.
                text = replace_once(text, "'R14':{P+'plasma__R':14.0,",
                                    f"'R14':{{P+'plasma__R':14.0,P+'magnet__coil__c_coil_ref':{K_COIL_RETIRED * 14.0!r},")
                text = replace_once(text, "if name=='baseline' or not isinstance(v,(int,float)):",
                                    f"if (name=='baseline' and k not in {finance!r}) or not isinstance(v,(int,float)):")
                text = replace_once(text, "scalar[k]==v if name=='baseline'", f"scalar[k]==v if name=='baseline' and k not in {finance!r}")
                # WI-053 read the magnet clearance refusal (ValueError) first at three invalid radii. WI-057
                # (2026-09-13): the calcs live on their parts and the regenerated pipeline executes the plasma's
                # sustainment module before the magnet's peak-field module. At the coil-centre and R3 radii the first
                # refusal is the plasma's deliberate SustainmentError (accepted: a different deliberate rejection).
                # At the negative radius it is an incidental TypeError inside plasma__sustain -- an UNRESOLVED
                # regression of the diagnostic, documented here, not repaired (goal structural-decomposition
                # trail, Amendment 2026-09-13; a deliberate non-positive-radius refusal is a model item). The
                # clearance check itself is unchanged and still refuses when reached
                # (test_peak_component_preserves_valid_and_rejects_invalid_domains).
                text = replace_once(text,
                    "classes=['SustainmentError','ZeroDivisionError','SustainmentError','ZeroDivisionError','TypeError']",
                    "classes=['SustainmentError','SustainmentError','SustainmentError','ZeroDivisionError','TypeError']")
            driver = drivers / (name + '.py')
            driver.write_text(text)
            command = [str(ROOT / '.codex-test/run'), 'bash', '-c',
                       'export PYTHONPATH="$PWD:$STOP_PARSER_TEAX_ROOT/packages/teax-simkit" STUDY_REQUIRE_TEAX=1; exec .codex-test/run python "$@"',
                       'current-mfe', str(driver), str(destination)]
            result = subprocess.run(command, cwd=ROOT, capture_output=True, text=True)
            (destination / (name + '.log')).write_text(result.stdout + result.stderr)
>           assert result.returncode == 0, f'{name} failed: {destination / (name + ".log")}'
                   ^^^^^^^^^^^^^^^^^^^^^^
E           AssertionError: cli_checks failed: /tmp/pytest-of-reid/pytest-12843/wi0510/acceptance/cli_checks.log

tests/models/current_mfe_regressions.py:391: AssertionError
___________ ERROR at setup of test_retired_radius_refused[zero-cli] ____________

tmp_path_factory = TempPathFactory(_given_basetemp=None, _trace=<pluggy._tracing.TagTracerSub object at 0x7b80acf69160>, _basetemp=PosixPath('/tmp/pytest-of-reid/pytest-12843'), _retention_count=3, _retention_policy='all')

    @pytest.fixture(scope='module')
    def acceptance(tmp_path_factory):
        from tests.models.current_mfe_regressions import radius_acceptance
>       return radius_acceptance(tmp_path_factory.mktemp('wi051')/'acceptance',H)
               ^^^^^^^^^^^^^^^^^^^^^^^^^^^^^^^^^^^^^^^^^^^^^^^^^^^^^^^^^^^^^^^^^^

tests/models/test_mfe_major_radius.py:140: 
_ _ _ _ _ _ _ _ _ _ _ _ _ _ _ _ _ _ _ _ _ _ _ _ _ _ _ _ _ _ _ _ _ _ _ _ _ _ _ _ 

destination = PosixPath('/tmp/pytest-of-reid/pytest-12843/wi0510/acceptance')
historical = PosixPath('/home/reid/1cfe/fusion-tea/work/active/WI-051_mfe-model-owned-major-radius/implementation')

    def radius_acceptance(destination, historical):
        destination = Path(destination)
        destination.mkdir()
        drivers = destination / 'drivers'
        drivers.mkdir()
        ledger = json.loads((FINANCE_EVIDENCE / 'scalar-ledger.json').read_text())['live_ordinary']
        finance = {row['name'] for row in ledger if row['classification'] == 'changed finance'}
        generation = current_generation()
        before = generation.inventory(generation.PACKAGE)
        # WI-057 (2026-09-13): the drivers read the frozen evidence and the package under the new names.
        forward, _ = structure_ledger()
        translated, modules = translate_frozen_radius_evidence(Path(historical), destination, forward)
        # Current economic expectations are independently recomputed; baseline arithmetic may
        # differ by roundoff. This is a bounded tolerance, never omission of these comparisons.
        finance |= restate_wi040_radius_costs(translated)
        for name in ('native', 'direct', 'standalone', 'cli_checks'):
            text = (historical / (name + '.py')).read_text()
            if "Path(__file__).resolve().parent.parent/'prototype'" in text:
                text = replace_once(text, "Path(__file__).resolve().parent.parent/'prototype'", f'Path({str(translated)!r})')
            text = text.replace('Path(__file__).resolve().parent', f'Path({str(historical)!r})')
            if name in ('native', 'direct'):
                text = text.replace("P+'R'", "P+'plasma__R'")
            if name == 'native':
                text = replace_once(text, 'bridge.build(change)', f'bridge.build({WI059_REPLAY!r} | change)')
                text = replace_once(text, "'entering-package/contracts/model_contract.json'", repr(str(translated / 'entering-package/contracts/model_contract.json')))
                text = replace_once(text, "delta['added']==[]",
                                    f"{{x[1] for x in delta['added']}}=={WI040_PARAMETERS | WI038_PARAMETERS | WI058_PARAMETERS | WI059_PARAMETERS | WI059_NATIVE_ONLY_PARAMETERS | WI060_PARAMETERS | WI061_PARAMETERS | WI062_PARAMETERS | WI063_PARAMETERS!r}")
                # WI-058: evaluate R14 at the R-form's length (see K_COIL_RETIRED) so the frozen row stays exact.
                text = replace_once(text, "('R14',{P+'plasma__R':14.0})",
                                    f"('R14',{{P+'plasma__R':14.0,P+'magnet__coil__c_coil_ref':{K_COIL_RETIRED * 14.0!r}}})")
            if name in ('native', 'direct'):
                text = 'from tests.models.current_mfe_regressions import pre_fit_report\n' + text
            if name == 'native':
                text = replace_once(text, "assert a['responses']==b['responses']", "assert {k:v for k,v in a['responses'].items() if 'wp_fit_ok' not in k and 'reference_conductor_current_ok' not in k}==b['responses']")
                text = text.replace("a['report']==b['report']", "pre_fit_report(a['report'], b['report'])==b['report']")
            if name == 'direct':
                text = replace_once(text, "assert set(raw)==set(expected)", "assert set(raw)-{k for k in raw if 'wp_fit_ok' in k or 'reference_conductor_current_ok' in k}==set(expected)\n        raw['constraint_report'] = pre_fit_report(raw['constraint_report'], expected['constraint_report'])")
            if name == 'standalone':
                # WI-058: the winding length no longer takes R0 -- its R0-only check leaves the replay (its bore
                # response is tested in test_winding_length_bore.py); the other three magnet calcs keep theirs.
                text = replace_once(text, "('coil_length','mfe_magnet_field','coil_winding_length','Coil_Winding_Length',14/12.7),", '')
                for suffix in ('field_calc', 'stored_energy', 'magnet_cost'):
                    text = replace_once(text, f"('{suffix}',", f"('{modules[suffix]}',")
            if name == 'native':
                text = replace_once(text, "a['outputs'][k]==v if name=='baseline'", f"a['outputs'][k]==v if name=='baseline' and k not in {finance!r}")
                text = replace_once(text,
                    "    assert component[name].get('B_peak',component[name].get('error'))==row.get('B_peak',row.get('error'))",
                    "    if name == 'valid':\n"
                    "        assert component[name]['B_peak'] == row['B_peak']\n"
                    "    else:\n"
                    "        assert component[name]['error'] == 'ValueError'\n"
                    "        domain = 'reference' if name.startswith('reference') else 'live'\n"
                    "        assert domain + ' clearance' in component[name]['message']")
            if name == 'direct':
                text = replace_once(text, 'values.update(change)', f'values.update({WI059_REPLAY!r} | change)')
                # WI-058: evaluate R14 at the R-form's length (see K_COIL_RETIRED) so the frozen row stays exact.
                text = replace_once(text, "'R14':{P+'plasma__R':14.0,",
                                    f"'R14':{{P+'plasma__R':14.0,P+'magnet__coil__c_coil_ref':{K_COIL_RETIRED * 14.0!r},")
                text = replace_once(text, "if name=='baseline' or not isinstance(v,(int,float)):",
                                    f"if (name=='baseline' and k not in {finance!r}) or not isinstance(v,(int,float)):")
                text = replace_once(text, "scalar[k]==v if name=='baseline'", f"scalar[k]==v if name=='baseline' and k not in {finance!r}")
                # WI-053 read the magnet clearance refusal (ValueError) first at three invalid radii. WI-057
                # (2026-09-13): the calcs live on their parts and the regenerated pipeline executes the plasma's
                # sustainment module before the magnet's peak-field module. At the coil-centre and R3 radii the first
                # refusal is the plasma's deliberate SustainmentError (accepted: a different deliberate rejection).
                # At the negative radius it is an incidental TypeError inside plasma__sustain -- an UNRESOLVED
                # regression of the diagnostic, documented here, not repaired (goal structural-decomposition
                # trail, Amendment 2026-09-13; a deliberate non-positive-radius refusal is a model item). The
                # clearance check itself is unchanged and still refuses when reached
                # (test_peak_component_preserves_valid_and_rejects_invalid_domains).
                text = replace_once(text,
                    "classes=['SustainmentError','ZeroDivisionError','SustainmentError','ZeroDivisionError','TypeError']",
                    "classes=['SustainmentError','SustainmentError','SustainmentError','ZeroDivisionError','TypeError']")
            driver = drivers / (name + '.py')
            driver.write_text(text)
            command = [str(ROOT / '.codex-test/run'), 'bash', '-c',
                       'export PYTHONPATH="$PWD:$STOP_PARSER_TEAX_ROOT/packages/teax-simkit" STUDY_REQUIRE_TEAX=1; exec .codex-test/run python "$@"',
                       'current-mfe', str(driver), str(destination)]
            result = subprocess.run(command, cwd=ROOT, capture_output=True, text=True)
            (destination / (name + '.log')).write_text(result.stdout + result.stderr)
>           assert result.returncode == 0, f'{name} failed: {destination / (name + ".log")}'
                   ^^^^^^^^^^^^^^^^^^^^^^
E           AssertionError: cli_checks failed: /tmp/pytest-of-reid/pytest-12843/wi0510/acceptance/cli_checks.log

tests/models/current_mfe_regressions.py:391: AssertionError
_______ ERROR at setup of test_unified_invalid_radius_failure[R4-native] _______

tmp_path_factory = TempPathFactory(_given_basetemp=None, _trace=<pluggy._tracing.TagTracerSub object at 0x7b80acf69160>, _basetemp=PosixPath('/tmp/pytest-of-reid/pytest-12843'), _retention_count=3, _retention_policy='all')

    @pytest.fixture(scope='module')
    def acceptance(tmp_path_factory):
        from tests.models.current_mfe_regressions import radius_acceptance
>       return radius_acceptance(tmp_path_factory.mktemp('wi051')/'acceptance',H)
               ^^^^^^^^^^^^^^^^^^^^^^^^^^^^^^^^^^^^^^^^^^^^^^^^^^^^^^^^^^^^^^^^^^

tests/models/test_mfe_major_radius.py:140: 
_ _ _ _ _ _ _ _ _ _ _ _ _ _ _ _ _ _ _ _ _ _ _ _ _ _ _ _ _ _ _ _ _ _ _ _ _ _ _ _ 

destination = PosixPath('/tmp/pytest-of-reid/pytest-12843/wi0510/acceptance')
historical = PosixPath('/home/reid/1cfe/fusion-tea/work/active/WI-051_mfe-model-owned-major-radius/implementation')

    def radius_acceptance(destination, historical):
        destination = Path(destination)
        destination.mkdir()
        drivers = destination / 'drivers'
        drivers.mkdir()
        ledger = json.loads((FINANCE_EVIDENCE / 'scalar-ledger.json').read_text())['live_ordinary']
        finance = {row['name'] for row in ledger if row['classification'] == 'changed finance'}
        generation = current_generation()
        before = generation.inventory(generation.PACKAGE)
        # WI-057 (2026-09-13): the drivers read the frozen evidence and the package under the new names.
        forward, _ = structure_ledger()
        translated, modules = translate_frozen_radius_evidence(Path(historical), destination, forward)
        # Current economic expectations are independently recomputed; baseline arithmetic may
        # differ by roundoff. This is a bounded tolerance, never omission of these comparisons.
        finance |= restate_wi040_radius_costs(translated)
        for name in ('native', 'direct', 'standalone', 'cli_checks'):
            text = (historical / (name + '.py')).read_text()
            if "Path(__file__).resolve().parent.parent/'prototype'" in text:
                text = replace_once(text, "Path(__file__).resolve().parent.parent/'prototype'", f'Path({str(translated)!r})')
            text = text.replace('Path(__file__).resolve().parent', f'Path({str(historical)!r})')
            if name in ('native', 'direct'):
                text = text.replace("P+'R'", "P+'plasma__R'")
            if name == 'native':
                text = replace_once(text, 'bridge.build(change)', f'bridge.build({WI059_REPLAY!r} | change)')
                text = replace_once(text, "'entering-package/contracts/model_contract.json'", repr(str(translated / 'entering-package/contracts/model_contract.json')))
                text = replace_once(text, "delta['added']==[]",
                                    f"{{x[1] for x in delta['added']}}=={WI040_PARAMETERS | WI038_PARAMETERS | WI058_PARAMETERS | WI059_PARAMETERS | WI059_NATIVE_ONLY_PARAMETERS | WI060_PARAMETERS | WI061_PARAMETERS | WI062_PARAMETERS | WI063_PARAMETERS!r}")
                # WI-058: evaluate R14 at the R-form's length (see K_COIL_RETIRED) so the frozen row stays exact.
                text = replace_once(text, "('R14',{P+'plasma__R':14.0})",
                                    f"('R14',{{P+'plasma__R':14.0,P+'magnet__coil__c_coil_ref':{K_COIL_RETIRED * 14.0!r}}})")
            if name in ('native', 'direct'):
                text = 'from tests.models.current_mfe_regressions import pre_fit_report\n' + text
            if name == 'native':
                text = replace_once(text, "assert a['responses']==b['responses']", "assert {k:v for k,v in a['responses'].items() if 'wp_fit_ok' not in k and 'reference_conductor_current_ok' not in k}==b['responses']")
                text = text.replace("a['report']==b['report']", "pre_fit_report(a['report'], b['report'])==b['report']")
            if name == 'direct':
                text = replace_once(text, "assert set(raw)==set(expected)", "assert set(raw)-{k for k in raw if 'wp_fit_ok' in k or 'reference_conductor_current_ok' in k}==set(expected)\n        raw['constraint_report'] = pre_fit_report(raw['constraint_report'], expected['constraint_report'])")
            if name == 'standalone':
                # WI-058: the winding length no longer takes R0 -- its R0-only check leaves the replay (its bore
                # response is tested in test_winding_length_bore.py); the other three magnet calcs keep theirs.
                text = replace_once(text, "('coil_length','mfe_magnet_field','coil_winding_length','Coil_Winding_Length',14/12.7),", '')
                for suffix in ('field_calc', 'stored_energy', 'magnet_cost'):
                    text = replace_once(text, f"('{suffix}',", f"('{modules[suffix]}',")
            if name == 'native':
                text = replace_once(text, "a['outputs'][k]==v if name=='baseline'", f"a['outputs'][k]==v if name=='baseline' and k not in {finance!r}")
                text = replace_once(text,
                    "    assert component[name].get('B_peak',component[name].get('error'))==row.get('B_peak',row.get('error'))",
                    "    if name == 'valid':\n"
                    "        assert component[name]['B_peak'] == row['B_peak']\n"
                    "    else:\n"
                    "        assert component[name]['error'] == 'ValueError'\n"
                    "        domain = 'reference' if name.startswith('reference') else 'live'\n"
                    "        assert domain + ' clearance' in component[name]['message']")
            if name == 'direct':
                text = replace_once(text, 'values.update(change)', f'values.update({WI059_REPLAY!r} | change)')
                # WI-058: evaluate R14 at the R-form's length (see K_COIL_RETIRED) so the frozen row stays exact.
                text = replace_once(text, "'R14':{P+'plasma__R':14.0,",
                                    f"'R14':{{P+'plasma__R':14.0,P+'magnet__coil__c_coil_ref':{K_COIL_RETIRED * 14.0!r},")
                text = replace_once(text, "if name=='baseline' or not isinstance(v,(int,float)):",
                                    f"if (name=='baseline' and k not in {finance!r}) or not isinstance(v,(int,float)):")
                text = replace_once(text, "scalar[k]==v if name=='baseline'", f"scalar[k]==v if name=='baseline' and k not in {finance!r}")
                # WI-053 read the magnet clearance refusal (ValueError) first at three invalid radii. WI-057
                # (2026-09-13): the calcs live on their parts and the regenerated pipeline executes the plasma's
                # sustainment module before the magnet's peak-field module. At the coil-centre and R3 radii the first
                # refusal is the plasma's deliberate SustainmentError (accepted: a different deliberate rejection).
                # At the negative radius it is an incidental TypeError inside plasma__sustain -- an UNRESOLVED
                # regression of the diagnostic, documented here, not repaired (goal structural-decomposition
                # trail, Amendment 2026-09-13; a deliberate non-positive-radius refusal is a model item). The
                # clearance check itself is unchanged and still refuses when reached
                # (test_peak_component_preserves_valid_and_rejects_invalid_domains).
                text = replace_once(text,
                    "classes=['SustainmentError','ZeroDivisionError','SustainmentError','ZeroDivisionError','TypeError']",
                    "classes=['SustainmentError','SustainmentError','SustainmentError','ZeroDivisionError','TypeError']")
            driver = drivers / (name + '.py')
            driver.write_text(text)
            command = [str(ROOT / '.codex-test/run'), 'bash', '-c',
                       'export PYTHONPATH="$PWD:$STOP_PARSER_TEAX_ROOT/packages/teax-simkit" STUDY_REQUIRE_TEAX=1; exec .codex-test/run python "$@"',
                       'current-mfe', str(driver), str(destination)]
            result = subprocess.run(command, cwd=ROOT, capture_output=True, text=True)
            (destination / (name + '.log')).write_text(result.stdout + result.stderr)
>           assert result.returncode == 0, f'{name} failed: {destination / (name + ".log")}'
                   ^^^^^^^^^^^^^^^^^^^^^^
E           AssertionError: cli_checks failed: /tmp/pytest-of-reid/pytest-12843/wi0510/acceptance/cli_checks.log

tests/models/current_mfe_regressions.py:391: AssertionError
_______ ERROR at setup of test_unified_invalid_radius_failure[R4-helper] _______

tmp_path_factory = TempPathFactory(_given_basetemp=None, _trace=<pluggy._tracing.TagTracerSub object at 0x7b80acf69160>, _basetemp=PosixPath('/tmp/pytest-of-reid/pytest-12843'), _retention_count=3, _retention_policy='all')

    @pytest.fixture(scope='module')
    def acceptance(tmp_path_factory):
        from tests.models.current_mfe_regressions import radius_acceptance
>       return radius_acceptance(tmp_path_factory.mktemp('wi051')/'acceptance',H)
               ^^^^^^^^^^^^^^^^^^^^^^^^^^^^^^^^^^^^^^^^^^^^^^^^^^^^^^^^^^^^^^^^^^

tests/models/test_mfe_major_radius.py:140: 
_ _ _ _ _ _ _ _ _ _ _ _ _ _ _ _ _ _ _ _ _ _ _ _ _ _ _ _ _ _ _ _ _ _ _ _ _ _ _ _ 

destination = PosixPath('/tmp/pytest-of-reid/pytest-12843/wi0510/acceptance')
historical = PosixPath('/home/reid/1cfe/fusion-tea/work/active/WI-051_mfe-model-owned-major-radius/implementation')

    def radius_acceptance(destination, historical):
        destination = Path(destination)
        destination.mkdir()
        drivers = destination / 'drivers'
        drivers.mkdir()
        ledger = json.loads((FINANCE_EVIDENCE / 'scalar-ledger.json').read_text())['live_ordinary']
        finance = {row['name'] for row in ledger if row['classification'] == 'changed finance'}
        generation = current_generation()
        before = generation.inventory(generation.PACKAGE)
        # WI-057 (2026-09-13): the drivers read the frozen evidence and the package under the new names.
        forward, _ = structure_ledger()
        translated, modules = translate_frozen_radius_evidence(Path(historical), destination, forward)
        # Current economic expectations are independently recomputed; baseline arithmetic may
        # differ by roundoff. This is a bounded tolerance, never omission of these comparisons.
        finance |= restate_wi040_radius_costs(translated)
        for name in ('native', 'direct', 'standalone', 'cli_checks'):
            text = (historical / (name + '.py')).read_text()
            if "Path(__file__).resolve().parent.parent/'prototype'" in text:
                text = replace_once(text, "Path(__file__).resolve().parent.parent/'prototype'", f'Path({str(translated)!r})')
            text = text.replace('Path(__file__).resolve().parent', f'Path({str(historical)!r})')
            if name in ('native', 'direct'):
                text = text.replace("P+'R'", "P+'plasma__R'")
            if name == 'native':
                text = replace_once(text, 'bridge.build(change)', f'bridge.build({WI059_REPLAY!r} | change)')
                text = replace_once(text, "'entering-package/contracts/model_contract.json'", repr(str(translated / 'entering-package/contracts/model_contract.json')))
                text = replace_once(text, "delta['added']==[]",
                                    f"{{x[1] for x in delta['added']}}=={WI040_PARAMETERS | WI038_PARAMETERS | WI058_PARAMETERS | WI059_PARAMETERS | WI059_NATIVE_ONLY_PARAMETERS | WI060_PARAMETERS | WI061_PARAMETERS | WI062_PARAMETERS | WI063_PARAMETERS!r}")
                # WI-058: evaluate R14 at the R-form's length (see K_COIL_RETIRED) so the frozen row stays exact.
                text = replace_once(text, "('R14',{P+'plasma__R':14.0})",
                                    f"('R14',{{P+'plasma__R':14.0,P+'magnet__coil__c_coil_ref':{K_COIL_RETIRED * 14.0!r}}})")
            if name in ('native', 'direct'):
                text = 'from tests.models.current_mfe_regressions import pre_fit_report\n' + text
            if name == 'native':
                text = replace_once(text, "assert a['responses']==b['responses']", "assert {k:v for k,v in a['responses'].items() if 'wp_fit_ok' not in k and 'reference_conductor_current_ok' not in k}==b['responses']")
                text = text.replace("a['report']==b['report']", "pre_fit_report(a['report'], b['report'])==b['report']")
            if name == 'direct':
                text = replace_once(text, "assert set(raw)==set(expected)", "assert set(raw)-{k for k in raw if 'wp_fit_ok' in k or 'reference_conductor_current_ok' in k}==set(expected)\n        raw['constraint_report'] = pre_fit_report(raw['constraint_report'], expected['constraint_report'])")
            if name == 'standalone':
                # WI-058: the winding length no longer takes R0 -- its R0-only check leaves the replay (its bore
                # response is tested in test_winding_length_bore.py); the other three magnet calcs keep theirs.
                text = replace_once(text, "('coil_length','mfe_magnet_field','coil_winding_length','Coil_Winding_Length',14/12.7),", '')
                for suffix in ('field_calc', 'stored_energy', 'magnet_cost'):
                    text = replace_once(text, f"('{suffix}',", f"('{modules[suffix]}',")
            if name == 'native':
                text = replace_once(text, "a['outputs'][k]==v if name=='baseline'", f"a['outputs'][k]==v if name=='baseline' and k not in {finance!r}")
                text = replace_once(text,
                    "    assert component[name].get('B_peak',component[name].get('error'))==row.get('B_peak',row.get('error'))",
                    "    if name == 'valid':\n"
                    "        assert component[name]['B_peak'] == row['B_peak']\n"
                    "    else:\n"
                    "        assert component[name]['error'] == 'ValueError'\n"
                    "        domain = 'reference' if name.startswith('reference') else 'live'\n"
                    "        assert domain + ' clearance' in component[name]['message']")
            if name == 'direct':
                text = replace_once(text, 'values.update(change)', f'values.update({WI059_REPLAY!r} | change)')
                # WI-058: evaluate R14 at the R-form's length (see K_COIL_RETIRED) so the frozen row stays exact.
                text = replace_once(text, "'R14':{P+'plasma__R':14.0,",
                                    f"'R14':{{P+'plasma__R':14.0,P+'magnet__coil__c_coil_ref':{K_COIL_RETIRED * 14.0!r},")
                text = replace_once(text, "if name=='baseline' or not isinstance(v,(int,float)):",
                                    f"if (name=='baseline' and k not in {finance!r}) or not isinstance(v,(int,float)):")
                text = replace_once(text, "scalar[k]==v if name=='baseline'", f"scalar[k]==v if name=='baseline' and k not in {finance!r}")
                # WI-053 read the magnet clearance refusal (ValueError) first at three invalid radii. WI-057
                # (2026-09-13): the calcs live on their parts and the regenerated pipeline executes the plasma's
                # sustainment module before the magnet's peak-field module. At the coil-centre and R3 radii the first
                # refusal is the plasma's deliberate SustainmentError (accepted: a different deliberate rejection).
                # At the negative radius it is an incidental TypeError inside plasma__sustain -- an UNRESOLVED
                # regression of the diagnostic, documented here, not repaired (goal structural-decomposition
                # trail, Amendment 2026-09-13; a deliberate non-positive-radius refusal is a model item). The
                # clearance check itself is unchanged and still refuses when reached
                # (test_peak_component_preserves_valid_and_rejects_invalid_domains).
                text = replace_once(text,
                    "classes=['SustainmentError','ZeroDivisionError','SustainmentError','ZeroDivisionError','TypeError']",
                    "classes=['SustainmentError','SustainmentError','SustainmentError','ZeroDivisionError','TypeError']")
            driver = drivers / (name + '.py')
            driver.write_text(text)
            command = [str(ROOT / '.codex-test/run'), 'bash', '-c',
                       'export PYTHONPATH="$PWD:$STOP_PARSER_TEAX_ROOT/packages/teax-simkit" STUDY_REQUIRE_TEAX=1; exec .codex-test/run python "$@"',
                       'current-mfe', str(driver), str(destination)]
            result = subprocess.run(command, cwd=ROOT, capture_output=True, text=True)
            (destination / (name + '.log')).write_text(result.stdout + result.stderr)
>           assert result.returncode == 0, f'{name} failed: {destination / (name + ".log")}'
                   ^^^^^^^^^^^^^^^^^^^^^^
E           AssertionError: cli_checks failed: /tmp/pytest-of-reid/pytest-12843/wi0510/acceptance/cli_checks.log

tests/models/current_mfe_regressions.py:391: AssertionError
_______ ERROR at setup of test_unified_invalid_radius_failure[R4-single] _______

tmp_path_factory = TempPathFactory(_given_basetemp=None, _trace=<pluggy._tracing.TagTracerSub object at 0x7b80acf69160>, _basetemp=PosixPath('/tmp/pytest-of-reid/pytest-12843'), _retention_count=3, _retention_policy='all')

    @pytest.fixture(scope='module')
    def acceptance(tmp_path_factory):
        from tests.models.current_mfe_regressions import radius_acceptance
>       return radius_acceptance(tmp_path_factory.mktemp('wi051')/'acceptance',H)
               ^^^^^^^^^^^^^^^^^^^^^^^^^^^^^^^^^^^^^^^^^^^^^^^^^^^^^^^^^^^^^^^^^^

tests/models/test_mfe_major_radius.py:140: 
_ _ _ _ _ _ _ _ _ _ _ _ _ _ _ _ _ _ _ _ _ _ _ _ _ _ _ _ _ _ _ _ _ _ _ _ _ _ _ _ 

destination = PosixPath('/tmp/pytest-of-reid/pytest-12843/wi0510/acceptance')
historical = PosixPath('/home/reid/1cfe/fusion-tea/work/active/WI-051_mfe-model-owned-major-radius/implementation')

    def radius_acceptance(destination, historical):
        destination = Path(destination)
        destination.mkdir()
        drivers = destination / 'drivers'
        drivers.mkdir()
        ledger = json.loads((FINANCE_EVIDENCE / 'scalar-ledger.json').read_text())['live_ordinary']
        finance = {row['name'] for row in ledger if row['classification'] == 'changed finance'}
        generation = current_generation()
        before = generation.inventory(generation.PACKAGE)
        # WI-057 (2026-09-13): the drivers read the frozen evidence and the package under the new names.
        forward, _ = structure_ledger()
        translated, modules = translate_frozen_radius_evidence(Path(historical), destination, forward)
        # Current economic expectations are independently recomputed; baseline arithmetic may
        # differ by roundoff. This is a bounded tolerance, never omission of these comparisons.
        finance |= restate_wi040_radius_costs(translated)
        for name in ('native', 'direct', 'standalone', 'cli_checks'):
            text = (historical / (name + '.py')).read_text()
            if "Path(__file__).resolve().parent.parent/'prototype'" in text:
                text = replace_once(text, "Path(__file__).resolve().parent.parent/'prototype'", f'Path({str(translated)!r})')
            text = text.replace('Path(__file__).resolve().parent', f'Path({str(historical)!r})')
            if name in ('native', 'direct'):
                text = text.replace("P+'R'", "P+'plasma__R'")
            if name == 'native':
                text = replace_once(text, 'bridge.build(change)', f'bridge.build({WI059_REPLAY!r} | change)')
                text = replace_once(text, "'entering-package/contracts/model_contract.json'", repr(str(translated / 'entering-package/contracts/model_contract.json')))
                text = replace_once(text, "delta['added']==[]",
                                    f"{{x[1] for x in delta['added']}}=={WI040_PARAMETERS | WI038_PARAMETERS | WI058_PARAMETERS | WI059_PARAMETERS | WI059_NATIVE_ONLY_PARAMETERS | WI060_PARAMETERS | WI061_PARAMETERS | WI062_PARAMETERS | WI063_PARAMETERS!r}")
                # WI-058: evaluate R14 at the R-form's length (see K_COIL_RETIRED) so the frozen row stays exact.
                text = replace_once(text, "('R14',{P+'plasma__R':14.0})",
                                    f"('R14',{{P+'plasma__R':14.0,P+'magnet__coil__c_coil_ref':{K_COIL_RETIRED * 14.0!r}}})")
            if name in ('native', 'direct'):
                text = 'from tests.models.current_mfe_regressions import pre_fit_report\n' + text
            if name == 'native':
                text = replace_once(text, "assert a['responses']==b['responses']", "assert {k:v for k,v in a['responses'].items() if 'wp_fit_ok' not in k and 'reference_conductor_current_ok' not in k}==b['responses']")
                text = text.replace("a['report']==b['report']", "pre_fit_report(a['report'], b['report'])==b['report']")
            if name == 'direct':
                text = replace_once(text, "assert set(raw)==set(expected)", "assert set(raw)-{k for k in raw if 'wp_fit_ok' in k or 'reference_conductor_current_ok' in k}==set(expected)\n        raw['constraint_report'] = pre_fit_report(raw['constraint_report'], expected['constraint_report'])")
            if name == 'standalone':
                # WI-058: the winding length no longer takes R0 -- its R0-only check leaves the replay (its bore
                # response is tested in test_winding_length_bore.py); the other three magnet calcs keep theirs.
                text = replace_once(text, "('coil_length','mfe_magnet_field','coil_winding_length','Coil_Winding_Length',14/12.7),", '')
                for suffix in ('field_calc', 'stored_energy', 'magnet_cost'):
                    text = replace_once(text, f"('{suffix}',", f"('{modules[suffix]}',")
            if name == 'native':
                text = replace_once(text, "a['outputs'][k]==v if name=='baseline'", f"a['outputs'][k]==v if name=='baseline' and k not in {finance!r}")
                text = replace_once(text,
                    "    assert component[name].get('B_peak',component[name].get('error'))==row.get('B_peak',row.get('error'))",
                    "    if name == 'valid':\n"
                    "        assert component[name]['B_peak'] == row['B_peak']\n"
                    "    else:\n"
                    "        assert component[name]['error'] == 'ValueError'\n"
                    "        domain = 'reference' if name.startswith('reference') else 'live'\n"
                    "        assert domain + ' clearance' in component[name]['message']")
            if name == 'direct':
                text = replace_once(text, 'values.update(change)', f'values.update({WI059_REPLAY!r} | change)')
                # WI-058: evaluate R14 at the R-form's length (see K_COIL_RETIRED) so the frozen row stays exact.
                text = replace_once(text, "'R14':{P+'plasma__R':14.0,",
                                    f"'R14':{{P+'plasma__R':14.0,P+'magnet__coil__c_coil_ref':{K_COIL_RETIRED * 14.0!r},")
                text = replace_once(text, "if name=='baseline' or not isinstance(v,(int,float)):",
                                    f"if (name=='baseline' and k not in {finance!r}) or not isinstance(v,(int,float)):")
                text = replace_once(text, "scalar[k]==v if name=='baseline'", f"scalar[k]==v if name=='baseline' and k not in {finance!r}")
                # WI-053 read the magnet clearance refusal (ValueError) first at three invalid radii. WI-057
                # (2026-09-13): the calcs live on their parts and the regenerated pipeline executes the plasma's
                # sustainment module before the magnet's peak-field module. At the coil-centre and R3 radii the first
                # refusal is the plasma's deliberate SustainmentError (accepted: a different deliberate rejection).
                # At the negative radius it is an incidental TypeError inside plasma__sustain -- an UNRESOLVED
                # regression of the diagnostic, documented here, not repaired (goal structural-decomposition
                # trail, Amendment 2026-09-13; a deliberate non-positive-radius refusal is a model item). The
                # clearance check itself is unchanged and still refuses when reached
                # (test_peak_component_preserves_valid_and_rejects_invalid_domains).
                text = replace_once(text,
                    "classes=['SustainmentError','ZeroDivisionError','SustainmentError','ZeroDivisionError','TypeError']",
                    "classes=['SustainmentError','SustainmentError','SustainmentError','ZeroDivisionError','TypeError']")
            driver = drivers / (name + '.py')
            driver.write_text(text)
            command = [str(ROOT / '.codex-test/run'), 'bash', '-c',
                       'export PYTHONPATH="$PWD:$STOP_PARSER_TEAX_ROOT/packages/teax-simkit" STUDY_REQUIRE_TEAX=1; exec .codex-test/run python "$@"',
                       'current-mfe', str(driver), str(destination)]
            result = subprocess.run(command, cwd=ROOT, capture_output=True, text=True)
            (destination / (name + '.log')).write_text(result.stdout + result.stderr)
>           assert result.returncode == 0, f'{name} failed: {destination / (name + ".log")}'
                   ^^^^^^^^^^^^^^^^^^^^^^
E           AssertionError: cli_checks failed: /tmp/pytest-of-reid/pytest-12843/wi0510/acceptance/cli_checks.log

tests/models/current_mfe_regressions.py:391: AssertionError
__ ERROR at setup of test_unified_invalid_radius_failure[coil-centre-native] ___

tmp_path_factory = TempPathFactory(_given_basetemp=None, _trace=<pluggy._tracing.TagTracerSub object at 0x7b80acf69160>, _basetemp=PosixPath('/tmp/pytest-of-reid/pytest-12843'), _retention_count=3, _retention_policy='all')

    @pytest.fixture(scope='module')
    def acceptance(tmp_path_factory):
        from tests.models.current_mfe_regressions import radius_acceptance
>       return radius_acceptance(tmp_path_factory.mktemp('wi051')/'acceptance',H)
               ^^^^^^^^^^^^^^^^^^^^^^^^^^^^^^^^^^^^^^^^^^^^^^^^^^^^^^^^^^^^^^^^^^

tests/models/test_mfe_major_radius.py:140: 
_ _ _ _ _ _ _ _ _ _ _ _ _ _ _ _ _ _ _ _ _ _ _ _ _ _ _ _ _ _ _ _ _ _ _ _ _ _ _ _ 

destination = PosixPath('/tmp/pytest-of-reid/pytest-12843/wi0510/acceptance')
historical = PosixPath('/home/reid/1cfe/fusion-tea/work/active/WI-051_mfe-model-owned-major-radius/implementation')

    def radius_acceptance(destination, historical):
        destination = Path(destination)
        destination.mkdir()
        drivers = destination / 'drivers'
        drivers.mkdir()
        ledger = json.loads((FINANCE_EVIDENCE / 'scalar-ledger.json').read_text())['live_ordinary']
        finance = {row['name'] for row in ledger if row['classification'] == 'changed finance'}
        generation = current_generation()
        before = generation.inventory(generation.PACKAGE)
        # WI-057 (2026-09-13): the drivers read the frozen evidence and the package under the new names.
        forward, _ = structure_ledger()
        translated, modules = translate_frozen_radius_evidence(Path(historical), destination, forward)
        # Current economic expectations are independently recomputed; baseline arithmetic may
        # differ by roundoff. This is a bounded tolerance, never omission of these comparisons.
        finance |= restate_wi040_radius_costs(translated)
        for name in ('native', 'direct', 'standalone', 'cli_checks'):
            text = (historical / (name + '.py')).read_text()
            if "Path(__file__).resolve().parent.parent/'prototype'" in text:
                text = replace_once(text, "Path(__file__).resolve().parent.parent/'prototype'", f'Path({str(translated)!r})')
            text = text.replace('Path(__file__).resolve().parent', f'Path({str(historical)!r})')
            if name in ('native', 'direct'):
                text = text.replace("P+'R'", "P+'plasma__R'")
            if name == 'native':
                text = replace_once(text, 'bridge.build(change)', f'bridge.build({WI059_REPLAY!r} | change)')
                text = replace_once(text, "'entering-package/contracts/model_contract.json'", repr(str(translated / 'entering-package/contracts/model_contract.json')))
                text = replace_once(text, "delta['added']==[]",
                                    f"{{x[1] for x in delta['added']}}=={WI040_PARAMETERS | WI038_PARAMETERS | WI058_PARAMETERS | WI059_PARAMETERS | WI059_NATIVE_ONLY_PARAMETERS | WI060_PARAMETERS | WI061_PARAMETERS | WI062_PARAMETERS | WI063_PARAMETERS!r}")
                # WI-058: evaluate R14 at the R-form's length (see K_COIL_RETIRED) so the frozen row stays exact.
                text = replace_once(text, "('R14',{P+'plasma__R':14.0})",
                                    f"('R14',{{P+'plasma__R':14.0,P+'magnet__coil__c_coil_ref':{K_COIL_RETIRED * 14.0!r}}})")
            if name in ('native', 'direct'):
                text = 'from tests.models.current_mfe_regressions import pre_fit_report\n' + text
            if name == 'native':
                text = replace_once(text, "assert a['responses']==b['responses']", "assert {k:v for k,v in a['responses'].items() if 'wp_fit_ok' not in k and 'reference_conductor_current_ok' not in k}==b['responses']")
                text = text.replace("a['report']==b['report']", "pre_fit_report(a['report'], b['report'])==b['report']")
            if name == 'direct':
                text = replace_once(text, "assert set(raw)==set(expected)", "assert set(raw)-{k for k in raw if 'wp_fit_ok' in k or 'reference_conductor_current_ok' in k}==set(expected)\n        raw['constraint_report'] = pre_fit_report(raw['constraint_report'], expected['constraint_report'])")
            if name == 'standalone':
                # WI-058: the winding length no longer takes R0 -- its R0-only check leaves the replay (its bore
                # response is tested in test_winding_length_bore.py); the other three magnet calcs keep theirs.
                text = replace_once(text, "('coil_length','mfe_magnet_field','coil_winding_length','Coil_Winding_Length',14/12.7),", '')
                for suffix in ('field_calc', 'stored_energy', 'magnet_cost'):
                    text = replace_once(text, f"('{suffix}',", f"('{modules[suffix]}',")
            if name == 'native':
                text = replace_once(text, "a['outputs'][k]==v if name=='baseline'", f"a['outputs'][k]==v if name=='baseline' and k not in {finance!r}")
                text = replace_once(text,
                    "    assert component[name].get('B_peak',component[name].get('error'))==row.get('B_peak',row.get('error'))",
                    "    if name == 'valid':\n"
                    "        assert component[name]['B_peak'] == row['B_peak']\n"
                    "    else:\n"
                    "        assert component[name]['error'] == 'ValueError'\n"
                    "        domain = 'reference' if name.startswith('reference') else 'live'\n"
                    "        assert domain + ' clearance' in component[name]['message']")
            if name == 'direct':
                text = replace_once(text, 'values.update(change)', f'values.update({WI059_REPLAY!r} | change)')
                # WI-058: evaluate R14 at the R-form's length (see K_COIL_RETIRED) so the frozen row stays exact.
                text = replace_once(text, "'R14':{P+'plasma__R':14.0,",
                                    f"'R14':{{P+'plasma__R':14.0,P+'magnet__coil__c_coil_ref':{K_COIL_RETIRED * 14.0!r},")
                text = replace_once(text, "if name=='baseline' or not isinstance(v,(int,float)):",
                                    f"if (name=='baseline' and k not in {finance!r}) or not isinstance(v,(int,float)):")
                text = replace_once(text, "scalar[k]==v if name=='baseline'", f"scalar[k]==v if name=='baseline' and k not in {finance!r}")
                # WI-053 read the magnet clearance refusal (ValueError) first at three invalid radii. WI-057
                # (2026-09-13): the calcs live on their parts and the regenerated pipeline executes the plasma's
                # sustainment module before the magnet's peak-field module. At the coil-centre and R3 radii the first
                # refusal is the plasma's deliberate SustainmentError (accepted: a different deliberate rejection).
                # At the negative radius it is an incidental TypeError inside plasma__sustain -- an UNRESOLVED
                # regression of the diagnostic, documented here, not repaired (goal structural-decomposition
                # trail, Amendment 2026-09-13; a deliberate non-positive-radius refusal is a model item). The
                # clearance check itself is unchanged and still refuses when reached
                # (test_peak_component_preserves_valid_and_rejects_invalid_domains).
                text = replace_once(text,
                    "classes=['SustainmentError','ZeroDivisionError','SustainmentError','ZeroDivisionError','TypeError']",
                    "classes=['SustainmentError','SustainmentError','SustainmentError','ZeroDivisionError','TypeError']")
            driver = drivers / (name + '.py')
            driver.write_text(text)
            command = [str(ROOT / '.codex-test/run'), 'bash', '-c',
                       'export PYTHONPATH="$PWD:$STOP_PARSER_TEAX_ROOT/packages/teax-simkit" STUDY_REQUIRE_TEAX=1; exec .codex-test/run python "$@"',
                       'current-mfe', str(driver), str(destination)]
            result = subprocess.run(command, cwd=ROOT, capture_output=True, text=True)
            (destination / (name + '.log')).write_text(result.stdout + result.stderr)
>           assert result.returncode == 0, f'{name} failed: {destination / (name + ".log")}'
                   ^^^^^^^^^^^^^^^^^^^^^^
E           AssertionError: cli_checks failed: /tmp/pytest-of-reid/pytest-12843/wi0510/acceptance/cli_checks.log

tests/models/current_mfe_regressions.py:391: AssertionError
__ ERROR at setup of test_unified_invalid_radius_failure[coil-centre-helper] ___

tmp_path_factory = TempPathFactory(_given_basetemp=None, _trace=<pluggy._tracing.TagTracerSub object at 0x7b80acf69160>, _basetemp=PosixPath('/tmp/pytest-of-reid/pytest-12843'), _retention_count=3, _retention_policy='all')

    @pytest.fixture(scope='module')
    def acceptance(tmp_path_factory):
        from tests.models.current_mfe_regressions import radius_acceptance
>       return radius_acceptance(tmp_path_factory.mktemp('wi051')/'acceptance',H)
               ^^^^^^^^^^^^^^^^^^^^^^^^^^^^^^^^^^^^^^^^^^^^^^^^^^^^^^^^^^^^^^^^^^

tests/models/test_mfe_major_radius.py:140: 
_ _ _ _ _ _ _ _ _ _ _ _ _ _ _ _ _ _ _ _ _ _ _ _ _ _ _ _ _ _ _ _ _ _ _ _ _ _ _ _ 

destination = PosixPath('/tmp/pytest-of-reid/pytest-12843/wi0510/acceptance')
historical = PosixPath('/home/reid/1cfe/fusion-tea/work/active/WI-051_mfe-model-owned-major-radius/implementation')

    def radius_acceptance(destination, historical):
        destination = Path(destination)
        destination.mkdir()
        drivers = destination / 'drivers'
        drivers.mkdir()
        ledger = json.loads((FINANCE_EVIDENCE / 'scalar-ledger.json').read_text())['live_ordinary']
        finance = {row['name'] for row in ledger if row['classification'] == 'changed finance'}
        generation = current_generation()
        before = generation.inventory(generation.PACKAGE)
        # WI-057 (2026-09-13): the drivers read the frozen evidence and the package under the new names.
        forward, _ = structure_ledger()
        translated, modules = translate_frozen_radius_evidence(Path(historical), destination, forward)
        # Current economic expectations are independently recomputed; baseline arithmetic may
        # differ by roundoff. This is a bounded tolerance, never omission of these comparisons.
        finance |= restate_wi040_radius_costs(translated)
        for name in ('native', 'direct', 'standalone', 'cli_checks'):
            text = (historical / (name + '.py')).read_text()
            if "Path(__file__).resolve().parent.parent/'prototype'" in text:
                text = replace_once(text, "Path(__file__).resolve().parent.parent/'prototype'", f'Path({str(translated)!r})')
            text = text.replace('Path(__file__).resolve().parent', f'Path({str(historical)!r})')
            if name in ('native', 'direct'):
                text = text.replace("P+'R'", "P+'plasma__R'")
            if name == 'native':
                text = replace_once(text, 'bridge.build(change)', f'bridge.build({WI059_REPLAY!r} | change)')
                text = replace_once(text, "'entering-package/contracts/model_contract.json'", repr(str(translated / 'entering-package/contracts/model_contract.json')))
                text = replace_once(text, "delta['added']==[]",
                                    f"{{x[1] for x in delta['added']}}=={WI040_PARAMETERS | WI038_PARAMETERS | WI058_PARAMETERS | WI059_PARAMETERS | WI059_NATIVE_ONLY_PARAMETERS | WI060_PARAMETERS | WI061_PARAMETERS | WI062_PARAMETERS | WI063_PARAMETERS!r}")
                # WI-058: evaluate R14 at the R-form's length (see K_COIL_RETIRED) so the frozen row stays exact.
                text = replace_once(text, "('R14',{P+'plasma__R':14.0})",
                                    f"('R14',{{P+'plasma__R':14.0,P+'magnet__coil__c_coil_ref':{K_COIL_RETIRED * 14.0!r}}})")
            if name in ('native', 'direct'):
                text = 'from tests.models.current_mfe_regressions import pre_fit_report\n' + text
            if name == 'native':
                text = replace_once(text, "assert a['responses']==b['responses']", "assert {k:v for k,v in a['responses'].items() if 'wp_fit_ok' not in k and 'reference_conductor_current_ok' not in k}==b['responses']")
                text = text.replace("a['report']==b['report']", "pre_fit_report(a['report'], b['report'])==b['report']")
            if name == 'direct':
                text = replace_once(text, "assert set(raw)==set(expected)", "assert set(raw)-{k for k in raw if 'wp_fit_ok' in k or 'reference_conductor_current_ok' in k}==set(expected)\n        raw['constraint_report'] = pre_fit_report(raw['constraint_report'], expected['constraint_report'])")
            if name == 'standalone':
                # WI-058: the winding length no longer takes R0 -- its R0-only check leaves the replay (its bore
                # response is tested in test_winding_length_bore.py); the other three magnet calcs keep theirs.
                text = replace_once(text, "('coil_length','mfe_magnet_field','coil_winding_length','Coil_Winding_Length',14/12.7),", '')
                for suffix in ('field_calc', 'stored_energy', 'magnet_cost'):
                    text = replace_once(text, f"('{suffix}',", f"('{modules[suffix]}',")
            if name == 'native':
                text = replace_once(text, "a['outputs'][k]==v if name=='baseline'", f"a['outputs'][k]==v if name=='baseline' and k not in {finance!r}")
                text = replace_once(text,
                    "    assert component[name].get('B_peak',component[name].get('error'))==row.get('B_peak',row.get('error'))",
                    "    if name == 'valid':\n"
                    "        assert component[name]['B_peak'] == row['B_peak']\n"
                    "    else:\n"
                    "        assert component[name]['error'] == 'ValueError'\n"
                    "        domain = 'reference' if name.startswith('reference') else 'live'\n"
                    "        assert domain + ' clearance' in component[name]['message']")
            if name == 'direct':
                text = replace_once(text, 'values.update(change)', f'values.update({WI059_REPLAY!r} | change)')
                # WI-058: evaluate R14 at the R-form's length (see K_COIL_RETIRED) so the frozen row stays exact.
                text = replace_once(text, "'R14':{P+'plasma__R':14.0,",
                                    f"'R14':{{P+'plasma__R':14.0,P+'magnet__coil__c_coil_ref':{K_COIL_RETIRED * 14.0!r},")
                text = replace_once(text, "if name=='baseline' or not isinstance(v,(int,float)):",
                                    f"if (name=='baseline' and k not in {finance!r}) or not isinstance(v,(int,float)):")
                text = replace_once(text, "scalar[k]==v if name=='baseline'", f"scalar[k]==v if name=='baseline' and k not in {finance!r}")
                # WI-053 read the magnet clearance refusal (ValueError) first at three invalid radii. WI-057
                # (2026-09-13): the calcs live on their parts and the regenerated pipeline executes the plasma's
                # sustainment module before the magnet's peak-field module. At the coil-centre and R3 radii the first
                # refusal is the plasma's deliberate SustainmentError (accepted: a different deliberate rejection).
                # At the negative radius it is an incidental TypeError inside plasma__sustain -- an UNRESOLVED
                # regression of the diagnostic, documented here, not repaired (goal structural-decomposition
                # trail, Amendment 2026-09-13; a deliberate non-positive-radius refusal is a model item). The
                # clearance check itself is unchanged and still refuses when reached
                # (test_peak_component_preserves_valid_and_rejects_invalid_domains).
                text = replace_once(text,
                    "classes=['SustainmentError','ZeroDivisionError','SustainmentError','ZeroDivisionError','TypeError']",
                    "classes=['SustainmentError','SustainmentError','SustainmentError','ZeroDivisionError','TypeError']")
            driver = drivers / (name + '.py')
            driver.write_text(text)
            command = [str(ROOT / '.codex-test/run'), 'bash', '-c',
                       'export PYTHONPATH="$PWD:$STOP_PARSER_TEAX_ROOT/packages/teax-simkit" STUDY_REQUIRE_TEAX=1; exec .codex-test/run python "$@"',
                       'current-mfe', str(driver), str(destination)]
            result = subprocess.run(command, cwd=ROOT, capture_output=True, text=True)
            (destination / (name + '.log')).write_text(result.stdout + result.stderr)
>           assert result.returncode == 0, f'{name} failed: {destination / (name + ".log")}'
                   ^^^^^^^^^^^^^^^^^^^^^^
E           AssertionError: cli_checks failed: /tmp/pytest-of-reid/pytest-12843/wi0510/acceptance/cli_checks.log

tests/models/current_mfe_regressions.py:391: AssertionError
__ ERROR at setup of test_unified_invalid_radius_failure[coil-centre-single] ___

tmp_path_factory = TempPathFactory(_given_basetemp=None, _trace=<pluggy._tracing.TagTracerSub object at 0x7b80acf69160>, _basetemp=PosixPath('/tmp/pytest-of-reid/pytest-12843'), _retention_count=3, _retention_policy='all')

    @pytest.fixture(scope='module')
    def acceptance(tmp_path_factory):
        from tests.models.current_mfe_regressions import radius_acceptance
>       return radius_acceptance(tmp_path_factory.mktemp('wi051')/'acceptance',H)
               ^^^^^^^^^^^^^^^^^^^^^^^^^^^^^^^^^^^^^^^^^^^^^^^^^^^^^^^^^^^^^^^^^^

tests/models/test_mfe_major_radius.py:140: 
_ _ _ _ _ _ _ _ _ _ _ _ _ _ _ _ _ _ _ _ _ _ _ _ _ _ _ _ _ _ _ _ _ _ _ _ _ _ _ _ 

destination = PosixPath('/tmp/pytest-of-reid/pytest-12843/wi0510/acceptance')
historical = PosixPath('/home/reid/1cfe/fusion-tea/work/active/WI-051_mfe-model-owned-major-radius/implementation')

    def radius_acceptance(destination, historical):
        destination = Path(destination)
        destination.mkdir()
        drivers = destination / 'drivers'
        drivers.mkdir()
        ledger = json.loads((FINANCE_EVIDENCE / 'scalar-ledger.json').read_text())['live_ordinary']
        finance = {row['name'] for row in ledger if row['classification'] == 'changed finance'}
        generation = current_generation()
        before = generation.inventory(generation.PACKAGE)
        # WI-057 (2026-09-13): the drivers read the frozen evidence and the package under the new names.
        forward, _ = structure_ledger()
        translated, modules = translate_frozen_radius_evidence(Path(historical), destination, forward)
        # Current economic expectations are independently recomputed; baseline arithmetic may
        # differ by roundoff. This is a bounded tolerance, never omission of these comparisons.
        finance |= restate_wi040_radius_costs(translated)
        for name in ('native', 'direct', 'standalone', 'cli_checks'):
            text = (historical / (name + '.py')).read_text()
            if "Path(__file__).resolve().parent.parent/'prototype'" in text:
                text = replace_once(text, "Path(__file__).resolve().parent.parent/'prototype'", f'Path({str(translated)!r})')
            text = text.replace('Path(__file__).resolve().parent', f'Path({str(historical)!r})')
            if name in ('native', 'direct'):
                text = text.replace("P+'R'", "P+'plasma__R'")
            if name == 'native':
                text = replace_once(text, 'bridge.build(change)', f'bridge.build({WI059_REPLAY!r} | change)')
                text = replace_once(text, "'entering-package/contracts/model_contract.json'", repr(str(translated / 'entering-package/contracts/model_contract.json')))
                text = replace_once(text, "delta['added']==[]",
                                    f"{{x[1] for x in delta['added']}}=={WI040_PARAMETERS | WI038_PARAMETERS | WI058_PARAMETERS | WI059_PARAMETERS | WI059_NATIVE_ONLY_PARAMETERS | WI060_PARAMETERS | WI061_PARAMETERS | WI062_PARAMETERS | WI063_PARAMETERS!r}")
                # WI-058: evaluate R14 at the R-form's length (see K_COIL_RETIRED) so the frozen row stays exact.
                text = replace_once(text, "('R14',{P+'plasma__R':14.0})",
                                    f"('R14',{{P+'plasma__R':14.0,P+'magnet__coil__c_coil_ref':{K_COIL_RETIRED * 14.0!r}}})")
            if name in ('native', 'direct'):
                text = 'from tests.models.current_mfe_regressions import pre_fit_report\n' + text
            if name == 'native':
                text = replace_once(text, "assert a['responses']==b['responses']", "assert {k:v for k,v in a['responses'].items() if 'wp_fit_ok' not in k and 'reference_conductor_current_ok' not in k}==b['responses']")
                text = text.replace("a['report']==b['report']", "pre_fit_report(a['report'], b['report'])==b['report']")
            if name == 'direct':
                text = replace_once(text, "assert set(raw)==set(expected)", "assert set(raw)-{k for k in raw if 'wp_fit_ok' in k or 'reference_conductor_current_ok' in k}==set(expected)\n        raw['constraint_report'] = pre_fit_report(raw['constraint_report'], expected['constraint_report'])")
            if name == 'standalone':
                # WI-058: the winding length no longer takes R0 -- its R0-only check leaves the replay (its bore
                # response is tested in test_winding_length_bore.py); the other three magnet calcs keep theirs.
                text = replace_once(text, "('coil_length','mfe_magnet_field','coil_winding_length','Coil_Winding_Length',14/12.7),", '')
                for suffix in ('field_calc', 'stored_energy', 'magnet_cost'):
                    text = replace_once(text, f"('{suffix}',", f"('{modules[suffix]}',")
            if name == 'native':
                text = replace_once(text, "a['outputs'][k]==v if name=='baseline'", f"a['outputs'][k]==v if name=='baseline' and k not in {finance!r}")
                text = replace_once(text,
                    "    assert component[name].get('B_peak',component[name].get('error'))==row.get('B_peak',row.get('error'))",
                    "    if name == 'valid':\n"
                    "        assert component[name]['B_peak'] == row['B_peak']\n"
                    "    else:\n"
                    "        assert component[name]['error'] == 'ValueError'\n"
                    "        domain = 'reference' if name.startswith('reference') else 'live'\n"
                    "        assert domain + ' clearance' in component[name]['message']")
            if name == 'direct':
                text = replace_once(text, 'values.update(change)', f'values.update({WI059_REPLAY!r} | change)')
                # WI-058: evaluate R14 at the R-form's length (see K_COIL_RETIRED) so the frozen row stays exact.
                text = replace_once(text, "'R14':{P+'plasma__R':14.0,",
                                    f"'R14':{{P+'plasma__R':14.0,P+'magnet__coil__c_coil_ref':{K_COIL_RETIRED * 14.0!r},")
                text = replace_once(text, "if name=='baseline' or not isinstance(v,(int,float)):",
                                    f"if (name=='baseline' and k not in {finance!r}) or not isinstance(v,(int,float)):")
                text = replace_once(text, "scalar[k]==v if name=='baseline'", f"scalar[k]==v if name=='baseline' and k not in {finance!r}")
                # WI-053 read the magnet clearance refusal (ValueError) first at three invalid radii. WI-057
                # (2026-09-13): the calcs live on their parts and the regenerated pipeline executes the plasma's
                # sustainment module before the magnet's peak-field module. At the coil-centre and R3 radii the first
                # refusal is the plasma's deliberate SustainmentError (accepted: a different deliberate rejection).
                # At the negative radius it is an incidental TypeError inside plasma__sustain -- an UNRESOLVED
                # regression of the diagnostic, documented here, not repaired (goal structural-decomposition
                # trail, Amendment 2026-09-13; a deliberate non-positive-radius refusal is a model item). The
                # clearance check itself is unchanged and still refuses when reached
                # (test_peak_component_preserves_valid_and_rejects_invalid_domains).
                text = replace_once(text,
                    "classes=['SustainmentError','ZeroDivisionError','SustainmentError','ZeroDivisionError','TypeError']",
                    "classes=['SustainmentError','SustainmentError','SustainmentError','ZeroDivisionError','TypeError']")
            driver = drivers / (name + '.py')
            driver.write_text(text)
            command = [str(ROOT / '.codex-test/run'), 'bash', '-c',
                       'export PYTHONPATH="$PWD:$STOP_PARSER_TEAX_ROOT/packages/teax-simkit" STUDY_REQUIRE_TEAX=1; exec .codex-test/run python "$@"',
                       'current-mfe', str(driver), str(destination)]
            result = subprocess.run(command, cwd=ROOT, capture_output=True, text=True)
            (destination / (name + '.log')).write_text(result.stdout + result.stderr)
>           assert result.returncode == 0, f'{name} failed: {destination / (name + ".log")}'
                   ^^^^^^^^^^^^^^^^^^^^^^
E           AssertionError: cli_checks failed: /tmp/pytest-of-reid/pytest-12843/wi0510/acceptance/cli_checks.log

tests/models/current_mfe_regressions.py:391: AssertionError
_______ ERROR at setup of test_unified_invalid_radius_failure[R3-native] _______

tmp_path_factory = TempPathFactory(_given_basetemp=None, _trace=<pluggy._tracing.TagTracerSub object at 0x7b80acf69160>, _basetemp=PosixPath('/tmp/pytest-of-reid/pytest-12843'), _retention_count=3, _retention_policy='all')

    @pytest.fixture(scope='module')
    def acceptance(tmp_path_factory):
        from tests.models.current_mfe_regressions import radius_acceptance
>       return radius_acceptance(tmp_path_factory.mktemp('wi051')/'acceptance',H)
               ^^^^^^^^^^^^^^^^^^^^^^^^^^^^^^^^^^^^^^^^^^^^^^^^^^^^^^^^^^^^^^^^^^

tests/models/test_mfe_major_radius.py:140: 
_ _ _ _ _ _ _ _ _ _ _ _ _ _ _ _ _ _ _ _ _ _ _ _ _ _ _ _ _ _ _ _ _ _ _ _ _ _ _ _ 

destination = PosixPath('/tmp/pytest-of-reid/pytest-12843/wi0510/acceptance')
historical = PosixPath('/home/reid/1cfe/fusion-tea/work/active/WI-051_mfe-model-owned-major-radius/implementation')

    def radius_acceptance(destination, historical):
        destination = Path(destination)
        destination.mkdir()
        drivers = destination / 'drivers'
        drivers.mkdir()
        ledger = json.loads((FINANCE_EVIDENCE / 'scalar-ledger.json').read_text())['live_ordinary']
        finance = {row['name'] for row in ledger if row['classification'] == 'changed finance'}
        generation = current_generation()
        before = generation.inventory(generation.PACKAGE)
        # WI-057 (2026-09-13): the drivers read the frozen evidence and the package under the new names.
        forward, _ = structure_ledger()
        translated, modules = translate_frozen_radius_evidence(Path(historical), destination, forward)
        # Current economic expectations are independently recomputed; baseline arithmetic may
        # differ by roundoff. This is a bounded tolerance, never omission of these comparisons.
        finance |= restate_wi040_radius_costs(translated)
        for name in ('native', 'direct', 'standalone', 'cli_checks'):
            text = (historical / (name + '.py')).read_text()
            if "Path(__file__).resolve().parent.parent/'prototype'" in text:
                text = replace_once(text, "Path(__file__).resolve().parent.parent/'prototype'", f'Path({str(translated)!r})')
            text = text.replace('Path(__file__).resolve().parent', f'Path({str(historical)!r})')
            if name in ('native', 'direct'):
                text = text.replace("P+'R'", "P+'plasma__R'")
            if name == 'native':
                text = replace_once(text, 'bridge.build(change)', f'bridge.build({WI059_REPLAY!r} | change)')
                text = replace_once(text, "'entering-package/contracts/model_contract.json'", repr(str(translated / 'entering-package/contracts/model_contract.json')))
                text = replace_once(text, "delta['added']==[]",
                                    f"{{x[1] for x in delta['added']}}=={WI040_PARAMETERS | WI038_PARAMETERS | WI058_PARAMETERS | WI059_PARAMETERS | WI059_NATIVE_ONLY_PARAMETERS | WI060_PARAMETERS | WI061_PARAMETERS | WI062_PARAMETERS | WI063_PARAMETERS!r}")
                # WI-058: evaluate R14 at the R-form's length (see K_COIL_RETIRED) so the frozen row stays exact.
                text = replace_once(text, "('R14',{P+'plasma__R':14.0})",
                                    f"('R14',{{P+'plasma__R':14.0,P+'magnet__coil__c_coil_ref':{K_COIL_RETIRED * 14.0!r}}})")
            if name in ('native', 'direct'):
                text = 'from tests.models.current_mfe_regressions import pre_fit_report\n' + text
            if name == 'native':
                text = replace_once(text, "assert a['responses']==b['responses']", "assert {k:v for k,v in a['responses'].items() if 'wp_fit_ok' not in k and 'reference_conductor_current_ok' not in k}==b['responses']")
                text = text.replace("a['report']==b['report']", "pre_fit_report(a['report'], b['report'])==b['report']")
            if name == 'direct':
                text = replace_once(text, "assert set(raw)==set(expected)", "assert set(raw)-{k for k in raw if 'wp_fit_ok' in k or 'reference_conductor_current_ok' in k}==set(expected)\n        raw['constraint_report'] = pre_fit_report(raw['constraint_report'], expected['constraint_report'])")
            if name == 'standalone':
                # WI-058: the winding length no longer takes R0 -- its R0-only check leaves the replay (its bore
                # response is tested in test_winding_length_bore.py); the other three magnet calcs keep theirs.
                text = replace_once(text, "('coil_length','mfe_magnet_field','coil_winding_length','Coil_Winding_Length',14/12.7),", '')
                for suffix in ('field_calc', 'stored_energy', 'magnet_cost'):
                    text = replace_once(text, f"('{suffix}',", f"('{modules[suffix]}',")
            if name == 'native':
                text = replace_once(text, "a['outputs'][k]==v if name=='baseline'", f"a['outputs'][k]==v if name=='baseline' and k not in {finance!r}")
                text = replace_once(text,
                    "    assert component[name].get('B_peak',component[name].get('error'))==row.get('B_peak',row.get('error'))",
                    "    if name == 'valid':\n"
                    "        assert component[name]['B_peak'] == row['B_peak']\n"
                    "    else:\n"
                    "        assert component[name]['error'] == 'ValueError'\n"
                    "        domain = 'reference' if name.startswith('reference') else 'live'\n"
                    "        assert domain + ' clearance' in component[name]['message']")
            if name == 'direct':
                text = replace_once(text, 'values.update(change)', f'values.update({WI059_REPLAY!r} | change)')
                # WI-058: evaluate R14 at the R-form's length (see K_COIL_RETIRED) so the frozen row stays exact.
                text = replace_once(text, "'R14':{P+'plasma__R':14.0,",
                                    f"'R14':{{P+'plasma__R':14.0,P+'magnet__coil__c_coil_ref':{K_COIL_RETIRED * 14.0!r},")
                text = replace_once(text, "if name=='baseline' or not isinstance(v,(int,float)):",
                                    f"if (name=='baseline' and k not in {finance!r}) or not isinstance(v,(int,float)):")
                text = replace_once(text, "scalar[k]==v if name=='baseline'", f"scalar[k]==v if name=='baseline' and k not in {finance!r}")
                # WI-053 read the magnet clearance refusal (ValueError) first at three invalid radii. WI-057
                # (2026-09-13): the calcs live on their parts and the regenerated pipeline executes the plasma's
                # sustainment module before the magnet's peak-field module. At the coil-centre and R3 radii the first
                # refusal is the plasma's deliberate SustainmentError (accepted: a different deliberate rejection).
                # At the negative radius it is an incidental TypeError inside plasma__sustain -- an UNRESOLVED
                # regression of the diagnostic, documented here, not repaired (goal structural-decomposition
                # trail, Amendment 2026-09-13; a deliberate non-positive-radius refusal is a model item). The
                # clearance check itself is unchanged and still refuses when reached
                # (test_peak_component_preserves_valid_and_rejects_invalid_domains).
                text = replace_once(text,
                    "classes=['SustainmentError','ZeroDivisionError','SustainmentError','ZeroDivisionError','TypeError']",
                    "classes=['SustainmentError','SustainmentError','SustainmentError','ZeroDivisionError','TypeError']")
            driver = drivers / (name + '.py')
            driver.write_text(text)
            command = [str(ROOT / '.codex-test/run'), 'bash', '-c',
                       'export PYTHONPATH="$PWD:$STOP_PARSER_TEAX_ROOT/packages/teax-simkit" STUDY_REQUIRE_TEAX=1; exec .codex-test/run python "$@"',
                       'current-mfe', str(driver), str(destination)]
            result = subprocess.run(command, cwd=ROOT, capture_output=True, text=True)
            (destination / (name + '.log')).write_text(result.stdout + result.stderr)
>           assert result.returncode == 0, f'{name} failed: {destination / (name + ".log")}'
                   ^^^^^^^^^^^^^^^^^^^^^^
E           AssertionError: cli_checks failed: /tmp/pytest-of-reid/pytest-12843/wi0510/acceptance/cli_checks.log

tests/models/current_mfe_regressions.py:391: AssertionError
_______ ERROR at setup of test_unified_invalid_radius_failure[R3-helper] _______

tmp_path_factory = TempPathFactory(_given_basetemp=None, _trace=<pluggy._tracing.TagTracerSub object at 0x7b80acf69160>, _basetemp=PosixPath('/tmp/pytest-of-reid/pytest-12843'), _retention_count=3, _retention_policy='all')

    @pytest.fixture(scope='module')
    def acceptance(tmp_path_factory):
        from tests.models.current_mfe_regressions import radius_acceptance
>       return radius_acceptance(tmp_path_factory.mktemp('wi051')/'acceptance',H)
               ^^^^^^^^^^^^^^^^^^^^^^^^^^^^^^^^^^^^^^^^^^^^^^^^^^^^^^^^^^^^^^^^^^

tests/models/test_mfe_major_radius.py:140: 
_ _ _ _ _ _ _ _ _ _ _ _ _ _ _ _ _ _ _ _ _ _ _ _ _ _ _ _ _ _ _ _ _ _ _ _ _ _ _ _ 

destination = PosixPath('/tmp/pytest-of-reid/pytest-12843/wi0510/acceptance')
historical = PosixPath('/home/reid/1cfe/fusion-tea/work/active/WI-051_mfe-model-owned-major-radius/implementation')

    def radius_acceptance(destination, historical):
        destination = Path(destination)
        destination.mkdir()
        drivers = destination / 'drivers'
        drivers.mkdir()
        ledger = json.loads((FINANCE_EVIDENCE / 'scalar-ledger.json').read_text())['live_ordinary']
        finance = {row['name'] for row in ledger if row['classification'] == 'changed finance'}
        generation = current_generation()
        before = generation.inventory(generation.PACKAGE)
        # WI-057 (2026-09-13): the drivers read the frozen evidence and the package under the new names.
        forward, _ = structure_ledger()
        translated, modules = translate_frozen_radius_evidence(Path(historical), destination, forward)
        # Current economic expectations are independently recomputed; baseline arithmetic may
        # differ by roundoff. This is a bounded tolerance, never omission of these comparisons.
        finance |= restate_wi040_radius_costs(translated)
        for name in ('native', 'direct', 'standalone', 'cli_checks'):
            text = (historical / (name + '.py')).read_text()
            if "Path(__file__).resolve().parent.parent/'prototype'" in text:
                text = replace_once(text, "Path(__file__).resolve().parent.parent/'prototype'", f'Path({str(translated)!r})')
            text = text.replace('Path(__file__).resolve().parent', f'Path({str(historical)!r})')
            if name in ('native', 'direct'):
                text = text.replace("P+'R'", "P+'plasma__R'")
            if name == 'native':
                text = replace_once(text, 'bridge.build(change)', f'bridge.build({WI059_REPLAY!r} | change)')
                text = replace_once(text, "'entering-package/contracts/model_contract.json'", repr(str(translated / 'entering-package/contracts/model_contract.json')))
                text = replace_once(text, "delta['added']==[]",
                                    f"{{x[1] for x in delta['added']}}=={WI040_PARAMETERS | WI038_PARAMETERS | WI058_PARAMETERS | WI059_PARAMETERS | WI059_NATIVE_ONLY_PARAMETERS | WI060_PARAMETERS | WI061_PARAMETERS | WI062_PARAMETERS | WI063_PARAMETERS!r}")
                # WI-058: evaluate R14 at the R-form's length (see K_COIL_RETIRED) so the frozen row stays exact.
                text = replace_once(text, "('R14',{P+'plasma__R':14.0})",
                                    f"('R14',{{P+'plasma__R':14.0,P+'magnet__coil__c_coil_ref':{K_COIL_RETIRED * 14.0!r}}})")
            if name in ('native', 'direct'):
                text = 'from tests.models.current_mfe_regressions import pre_fit_report\n' + text
            if name == 'native':
                text = replace_once(text, "assert a['responses']==b['responses']", "assert {k:v for k,v in a['responses'].items() if 'wp_fit_ok' not in k and 'reference_conductor_current_ok' not in k}==b['responses']")
                text = text.replace("a['report']==b['report']", "pre_fit_report(a['report'], b['report'])==b['report']")
            if name == 'direct':
                text = replace_once(text, "assert set(raw)==set(expected)", "assert set(raw)-{k for k in raw if 'wp_fit_ok' in k or 'reference_conductor_current_ok' in k}==set(expected)\n        raw['constraint_report'] = pre_fit_report(raw['constraint_report'], expected['constraint_report'])")
            if name == 'standalone':
                # WI-058: the winding length no longer takes R0 -- its R0-only check leaves the replay (its bore
                # response is tested in test_winding_length_bore.py); the other three magnet calcs keep theirs.
                text = replace_once(text, "('coil_length','mfe_magnet_field','coil_winding_length','Coil_Winding_Length',14/12.7),", '')
                for suffix in ('field_calc', 'stored_energy', 'magnet_cost'):
                    text = replace_once(text, f"('{suffix}',", f"('{modules[suffix]}',")
            if name == 'native':
                text = replace_once(text, "a['outputs'][k]==v if name=='baseline'", f"a['outputs'][k]==v if name=='baseline' and k not in {finance!r}")
                text = replace_once(text,
                    "    assert component[name].get('B_peak',component[name].get('error'))==row.get('B_peak',row.get('error'))",
                    "    if name == 'valid':\n"
                    "        assert component[name]['B_peak'] == row['B_peak']\n"
                    "    else:\n"
                    "        assert component[name]['error'] == 'ValueError'\n"
                    "        domain = 'reference' if name.startswith('reference') else 'live'\n"
                    "        assert domain + ' clearance' in component[name]['message']")
            if name == 'direct':
                text = replace_once(text, 'values.update(change)', f'values.update({WI059_REPLAY!r} | change)')
                # WI-058: evaluate R14 at the R-form's length (see K_COIL_RETIRED) so the frozen row stays exact.
                text = replace_once(text, "'R14':{P+'plasma__R':14.0,",
                                    f"'R14':{{P+'plasma__R':14.0,P+'magnet__coil__c_coil_ref':{K_COIL_RETIRED * 14.0!r},")
                text = replace_once(text, "if name=='baseline' or not isinstance(v,(int,float)):",
                                    f"if (name=='baseline' and k not in {finance!r}) or not isinstance(v,(int,float)):")
                text = replace_once(text, "scalar[k]==v if name=='baseline'", f"scalar[k]==v if name=='baseline' and k not in {finance!r}")
                # WI-053 read the magnet clearance refusal (ValueError) first at three invalid radii. WI-057
                # (2026-09-13): the calcs live on their parts and the regenerated pipeline executes the plasma's
                # sustainment module before the magnet's peak-field module. At the coil-centre and R3 radii the first
                # refusal is the plasma's deliberate SustainmentError (accepted: a different deliberate rejection).
                # At the negative radius it is an incidental TypeError inside plasma__sustain -- an UNRESOLVED
                # regression of the diagnostic, documented here, not repaired (goal structural-decomposition
                # trail, Amendment 2026-09-13; a deliberate non-positive-radius refusal is a model item). The
                # clearance check itself is unchanged and still refuses when reached
                # (test_peak_component_preserves_valid_and_rejects_invalid_domains).
                text = replace_once(text,
                    "classes=['SustainmentError','ZeroDivisionError','SustainmentError','ZeroDivisionError','TypeError']",
                    "classes=['SustainmentError','SustainmentError','SustainmentError','ZeroDivisionError','TypeError']")
            driver = drivers / (name + '.py')
            driver.write_text(text)
            command = [str(ROOT / '.codex-test/run'), 'bash', '-c',
                       'export PYTHONPATH="$PWD:$STOP_PARSER_TEAX_ROOT/packages/teax-simkit" STUDY_REQUIRE_TEAX=1; exec .codex-test/run python "$@"',
                       'current-mfe', str(driver), str(destination)]
            result = subprocess.run(command, cwd=ROOT, capture_output=True, text=True)
            (destination / (name + '.log')).write_text(result.stdout + result.stderr)
>           assert result.returncode == 0, f'{name} failed: {destination / (name + ".log")}'
                   ^^^^^^^^^^^^^^^^^^^^^^
E           AssertionError: cli_checks failed: /tmp/pytest-of-reid/pytest-12843/wi0510/acceptance/cli_checks.log

tests/models/current_mfe_regressions.py:391: AssertionError
_______ ERROR at setup of test_unified_invalid_radius_failure[R3-single] _______

tmp_path_factory = TempPathFactory(_given_basetemp=None, _trace=<pluggy._tracing.TagTracerSub object at 0x7b80acf69160>, _basetemp=PosixPath('/tmp/pytest-of-reid/pytest-12843'), _retention_count=3, _retention_policy='all')

    @pytest.fixture(scope='module')
    def acceptance(tmp_path_factory):
        from tests.models.current_mfe_regressions import radius_acceptance
>       return radius_acceptance(tmp_path_factory.mktemp('wi051')/'acceptance',H)
               ^^^^^^^^^^^^^^^^^^^^^^^^^^^^^^^^^^^^^^^^^^^^^^^^^^^^^^^^^^^^^^^^^^

tests/models/test_mfe_major_radius.py:140: 
_ _ _ _ _ _ _ _ _ _ _ _ _ _ _ _ _ _ _ _ _ _ _ _ _ _ _ _ _ _ _ _ _ _ _ _ _ _ _ _ 

destination = PosixPath('/tmp/pytest-of-reid/pytest-12843/wi0510/acceptance')
historical = PosixPath('/home/reid/1cfe/fusion-tea/work/active/WI-051_mfe-model-owned-major-radius/implementation')

    def radius_acceptance(destination, historical):
        destination = Path(destination)
        destination.mkdir()
        drivers = destination / 'drivers'
        drivers.mkdir()
        ledger = json.loads((FINANCE_EVIDENCE / 'scalar-ledger.json').read_text())['live_ordinary']
        finance = {row['name'] for row in ledger if row['classification'] == 'changed finance'}
        generation = current_generation()
        before = generation.inventory(generation.PACKAGE)
        # WI-057 (2026-09-13): the drivers read the frozen evidence and the package under the new names.
        forward, _ = structure_ledger()
        translated, modules = translate_frozen_radius_evidence(Path(historical), destination, forward)
        # Current economic expectations are independently recomputed; baseline arithmetic may
        # differ by roundoff. This is a bounded tolerance, never omission of these comparisons.
        finance |= restate_wi040_radius_costs(translated)
        for name in ('native', 'direct', 'standalone', 'cli_checks'):
            text = (historical / (name + '.py')).read_text()
            if "Path(__file__).resolve().parent.parent/'prototype'" in text:
                text = replace_once(text, "Path(__file__).resolve().parent.parent/'prototype'", f'Path({str(translated)!r})')
            text = text.replace('Path(__file__).resolve().parent', f'Path({str(historical)!r})')
            if name in ('native', 'direct'):
                text = text.replace("P+'R'", "P+'plasma__R'")
            if name == 'native':
                text = replace_once(text, 'bridge.build(change)', f'bridge.build({WI059_REPLAY!r} | change)')
                text = replace_once(text, "'entering-package/contracts/model_contract.json'", repr(str(translated / 'entering-package/contracts/model_contract.json')))
                text = replace_once(text, "delta['added']==[]",
                                    f"{{x[1] for x in delta['added']}}=={WI040_PARAMETERS | WI038_PARAMETERS | WI058_PARAMETERS | WI059_PARAMETERS | WI059_NATIVE_ONLY_PARAMETERS | WI060_PARAMETERS | WI061_PARAMETERS | WI062_PARAMETERS | WI063_PARAMETERS!r}")
                # WI-058: evaluate R14 at the R-form's length (see K_COIL_RETIRED) so the frozen row stays exact.
                text = replace_once(text, "('R14',{P+'plasma__R':14.0})",
                                    f"('R14',{{P+'plasma__R':14.0,P+'magnet__coil__c_coil_ref':{K_COIL_RETIRED * 14.0!r}}})")
            if name in ('native', 'direct'):
                text = 'from tests.models.current_mfe_regressions import pre_fit_report\n' + text
            if name == 'native':
                text = replace_once(text, "assert a['responses']==b['responses']", "assert {k:v for k,v in a['responses'].items() if 'wp_fit_ok' not in k and 'reference_conductor_current_ok' not in k}==b['responses']")
                text = text.replace("a['report']==b['report']", "pre_fit_report(a['report'], b['report'])==b['report']")
            if name == 'direct':
                text = replace_once(text, "assert set(raw)==set(expected)", "assert set(raw)-{k for k in raw if 'wp_fit_ok' in k or 'reference_conductor_current_ok' in k}==set(expected)\n        raw['constraint_report'] = pre_fit_report(raw['constraint_report'], expected['constraint_report'])")
            if name == 'standalone':
                # WI-058: the winding length no longer takes R0 -- its R0-only check leaves the replay (its bore
                # response is tested in test_winding_length_bore.py); the other three magnet calcs keep theirs.
                text = replace_once(text, "('coil_length','mfe_magnet_field','coil_winding_length','Coil_Winding_Length',14/12.7),", '')
                for suffix in ('field_calc', 'stored_energy', 'magnet_cost'):
                    text = replace_once(text, f"('{suffix}',", f"('{modules[suffix]}',")
            if name == 'native':
                text = replace_once(text, "a['outputs'][k]==v if name=='baseline'", f"a['outputs'][k]==v if name=='baseline' and k not in {finance!r}")
                text = replace_once(text,
                    "    assert component[name].get('B_peak',component[name].get('error'))==row.get('B_peak',row.get('error'))",
                    "    if name == 'valid':\n"
                    "        assert component[name]['B_peak'] == row['B_peak']\n"
                    "    else:\n"
                    "        assert component[name]['error'] == 'ValueError'\n"
                    "        domain = 'reference' if name.startswith('reference') else 'live'\n"
                    "        assert domain + ' clearance' in component[name]['message']")
            if name == 'direct':
                text = replace_once(text, 'values.update(change)', f'values.update({WI059_REPLAY!r} | change)')
                # WI-058: evaluate R14 at the R-form's length (see K_COIL_RETIRED) so the frozen row stays exact.
                text = replace_once(text, "'R14':{P+'plasma__R':14.0,",
                                    f"'R14':{{P+'plasma__R':14.0,P+'magnet__coil__c_coil_ref':{K_COIL_RETIRED * 14.0!r},")
                text = replace_once(text, "if name=='baseline' or not isinstance(v,(int,float)):",
                                    f"if (name=='baseline' and k not in {finance!r}) or not isinstance(v,(int,float)):")
                text = replace_once(text, "scalar[k]==v if name=='baseline'", f"scalar[k]==v if name=='baseline' and k not in {finance!r}")
                # WI-053 read the magnet clearance refusal (ValueError) first at three invalid radii. WI-057
                # (2026-09-13): the calcs live on their parts and the regenerated pipeline executes the plasma's
                # sustainment module before the magnet's peak-field module. At the coil-centre and R3 radii the first
                # refusal is the plasma's deliberate SustainmentError (accepted: a different deliberate rejection).
                # At the negative radius it is an incidental TypeError inside plasma__sustain -- an UNRESOLVED
                # regression of the diagnostic, documented here, not repaired (goal structural-decomposition
                # trail, Amendment 2026-09-13; a deliberate non-positive-radius refusal is a model item). The
                # clearance check itself is unchanged and still refuses when reached
                # (test_peak_component_preserves_valid_and_rejects_invalid_domains).
                text = replace_once(text,
                    "classes=['SustainmentError','ZeroDivisionError','SustainmentError','ZeroDivisionError','TypeError']",
                    "classes=['SustainmentError','SustainmentError','SustainmentError','ZeroDivisionError','TypeError']")
            driver = drivers / (name + '.py')
            driver.write_text(text)
            command = [str(ROOT / '.codex-test/run'), 'bash', '-c',
                       'export PYTHONPATH="$PWD:$STOP_PARSER_TEAX_ROOT/packages/teax-simkit" STUDY_REQUIRE_TEAX=1; exec .codex-test/run python "$@"',
                       'current-mfe', str(driver), str(destination)]
            result = subprocess.run(command, cwd=ROOT, capture_output=True, text=True)
            (destination / (name + '.log')).write_text(result.stdout + result.stderr)
>           assert result.returncode == 0, f'{name} failed: {destination / (name + ".log")}'
                   ^^^^^^^^^^^^^^^^^^^^^^
E           AssertionError: cli_checks failed: /tmp/pytest-of-reid/pytest-12843/wi0510/acceptance/cli_checks.log

tests/models/current_mfe_regressions.py:391: AssertionError
______ ERROR at setup of test_unified_invalid_radius_failure[zero-native] ______

tmp_path_factory = TempPathFactory(_given_basetemp=None, _trace=<pluggy._tracing.TagTracerSub object at 0x7b80acf69160>, _basetemp=PosixPath('/tmp/pytest-of-reid/pytest-12843'), _retention_count=3, _retention_policy='all')

    @pytest.fixture(scope='module')
    def acceptance(tmp_path_factory):
        from tests.models.current_mfe_regressions import radius_acceptance
>       return radius_acceptance(tmp_path_factory.mktemp('wi051')/'acceptance',H)
               ^^^^^^^^^^^^^^^^^^^^^^^^^^^^^^^^^^^^^^^^^^^^^^^^^^^^^^^^^^^^^^^^^^

tests/models/test_mfe_major_radius.py:140: 
_ _ _ _ _ _ _ _ _ _ _ _ _ _ _ _ _ _ _ _ _ _ _ _ _ _ _ _ _ _ _ _ _ _ _ _ _ _ _ _ 

destination = PosixPath('/tmp/pytest-of-reid/pytest-12843/wi0510/acceptance')
historical = PosixPath('/home/reid/1cfe/fusion-tea/work/active/WI-051_mfe-model-owned-major-radius/implementation')

    def radius_acceptance(destination, historical):
        destination = Path(destination)
        destination.mkdir()
        drivers = destination / 'drivers'
        drivers.mkdir()
        ledger = json.loads((FINANCE_EVIDENCE / 'scalar-ledger.json').read_text())['live_ordinary']
        finance = {row['name'] for row in ledger if row['classification'] == 'changed finance'}
        generation = current_generation()
        before = generation.inventory(generation.PACKAGE)
        # WI-057 (2026-09-13): the drivers read the frozen evidence and the package under the new names.
        forward, _ = structure_ledger()
        translated, modules = translate_frozen_radius_evidence(Path(historical), destination, forward)
        # Current economic expectations are independently recomputed; baseline arithmetic may
        # differ by roundoff. This is a bounded tolerance, never omission of these comparisons.
        finance |= restate_wi040_radius_costs(translated)
        for name in ('native', 'direct', 'standalone', 'cli_checks'):
            text = (historical / (name + '.py')).read_text()
            if "Path(__file__).resolve().parent.parent/'prototype'" in text:
                text = replace_once(text, "Path(__file__).resolve().parent.parent/'prototype'", f'Path({str(translated)!r})')
            text = text.replace('Path(__file__).resolve().parent', f'Path({str(historical)!r})')
            if name in ('native', 'direct'):
                text = text.replace("P+'R'", "P+'plasma__R'")
            if name == 'native':
                text = replace_once(text, 'bridge.build(change)', f'bridge.build({WI059_REPLAY!r} | change)')
                text = replace_once(text, "'entering-package/contracts/model_contract.json'", repr(str(translated / 'entering-package/contracts/model_contract.json')))
                text = replace_once(text, "delta['added']==[]",
                                    f"{{x[1] for x in delta['added']}}=={WI040_PARAMETERS | WI038_PARAMETERS | WI058_PARAMETERS | WI059_PARAMETERS | WI059_NATIVE_ONLY_PARAMETERS | WI060_PARAMETERS | WI061_PARAMETERS | WI062_PARAMETERS | WI063_PARAMETERS!r}")
                # WI-058: evaluate R14 at the R-form's length (see K_COIL_RETIRED) so the frozen row stays exact.
                text = replace_once(text, "('R14',{P+'plasma__R':14.0})",
                                    f"('R14',{{P+'plasma__R':14.0,P+'magnet__coil__c_coil_ref':{K_COIL_RETIRED * 14.0!r}}})")
            if name in ('native', 'direct'):
                text = 'from tests.models.current_mfe_regressions import pre_fit_report\n' + text
            if name == 'native':
                text = replace_once(text, "assert a['responses']==b['responses']", "assert {k:v for k,v in a['responses'].items() if 'wp_fit_ok' not in k and 'reference_conductor_current_ok' not in k}==b['responses']")
                text = text.replace("a['report']==b['report']", "pre_fit_report(a['report'], b['report'])==b['report']")
            if name == 'direct':
                text = replace_once(text, "assert set(raw)==set(expected)", "assert set(raw)-{k for k in raw if 'wp_fit_ok' in k or 'reference_conductor_current_ok' in k}==set(expected)\n        raw['constraint_report'] = pre_fit_report(raw['constraint_report'], expected['constraint_report'])")
            if name == 'standalone':
                # WI-058: the winding length no longer takes R0 -- its R0-only check leaves the replay (its bore
                # response is tested in test_winding_length_bore.py); the other three magnet calcs keep theirs.
                text = replace_once(text, "('coil_length','mfe_magnet_field','coil_winding_length','Coil_Winding_Length',14/12.7),", '')
                for suffix in ('field_calc', 'stored_energy', 'magnet_cost'):
                    text = replace_once(text, f"('{suffix}',", f"('{modules[suffix]}',")
            if name == 'native':
                text = replace_once(text, "a['outputs'][k]==v if name=='baseline'", f"a['outputs'][k]==v if name=='baseline' and k not in {finance!r}")
                text = replace_once(text,
                    "    assert component[name].get('B_peak',component[name].get('error'))==row.get('B_peak',row.get('error'))",
                    "    if name == 'valid':\n"
                    "        assert component[name]['B_peak'] == row['B_peak']\n"
                    "    else:\n"
                    "        assert component[name]['error'] == 'ValueError'\n"
                    "        domain = 'reference' if name.startswith('reference') else 'live'\n"
                    "        assert domain + ' clearance' in component[name]['message']")
            if name == 'direct':
                text = replace_once(text, 'values.update(change)', f'values.update({WI059_REPLAY!r} | change)')
                # WI-058: evaluate R14 at the R-form's length (see K_COIL_RETIRED) so the frozen row stays exact.
                text = replace_once(text, "'R14':{P+'plasma__R':14.0,",
                                    f"'R14':{{P+'plasma__R':14.0,P+'magnet__coil__c_coil_ref':{K_COIL_RETIRED * 14.0!r},")
                text = replace_once(text, "if name=='baseline' or not isinstance(v,(int,float)):",
                                    f"if (name=='baseline' and k not in {finance!r}) or not isinstance(v,(int,float)):")
                text = replace_once(text, "scalar[k]==v if name=='baseline'", f"scalar[k]==v if name=='baseline' and k not in {finance!r}")
                # WI-053 read the magnet clearance refusal (ValueError) first at three invalid radii. WI-057
                # (2026-09-13): the calcs live on their parts and the regenerated pipeline executes the plasma's
                # sustainment module before the magnet's peak-field module. At the coil-centre and R3 radii the first
                # refusal is the plasma's deliberate SustainmentError (accepted: a different deliberate rejection).
                # At the negative radius it is an incidental TypeError inside plasma__sustain -- an UNRESOLVED
                # regression of the diagnostic, documented here, not repaired (goal structural-decomposition
                # trail, Amendment 2026-09-13; a deliberate non-positive-radius refusal is a model item). The
                # clearance check itself is unchanged and still refuses when reached
                # (test_peak_component_preserves_valid_and_rejects_invalid_domains).
                text = replace_once(text,
                    "classes=['SustainmentError','ZeroDivisionError','SustainmentError','ZeroDivisionError','TypeError']",
                    "classes=['SustainmentError','SustainmentError','SustainmentError','ZeroDivisionError','TypeError']")
            driver = drivers / (name + '.py')
            driver.write_text(text)
            command = [str(ROOT / '.codex-test/run'), 'bash', '-c',
                       'export PYTHONPATH="$PWD:$STOP_PARSER_TEAX_ROOT/packages/teax-simkit" STUDY_REQUIRE_TEAX=1; exec .codex-test/run python "$@"',
                       'current-mfe', str(driver), str(destination)]
            result = subprocess.run(command, cwd=ROOT, capture_output=True, text=True)
            (destination / (name + '.log')).write_text(result.stdout + result.stderr)
>           assert result.returncode == 0, f'{name} failed: {destination / (name + ".log")}'
                   ^^^^^^^^^^^^^^^^^^^^^^
E           AssertionError: cli_checks failed: /tmp/pytest-of-reid/pytest-12843/wi0510/acceptance/cli_checks.log

tests/models/current_mfe_regressions.py:391: AssertionError
______ ERROR at setup of test_unified_invalid_radius_failure[zero-helper] ______

tmp_path_factory = TempPathFactory(_given_basetemp=None, _trace=<pluggy._tracing.TagTracerSub object at 0x7b80acf69160>, _basetemp=PosixPath('/tmp/pytest-of-reid/pytest-12843'), _retention_count=3, _retention_policy='all')

    @pytest.fixture(scope='module')
    def acceptance(tmp_path_factory):
        from tests.models.current_mfe_regressions import radius_acceptance
>       return radius_acceptance(tmp_path_factory.mktemp('wi051')/'acceptance',H)
               ^^^^^^^^^^^^^^^^^^^^^^^^^^^^^^^^^^^^^^^^^^^^^^^^^^^^^^^^^^^^^^^^^^

tests/models/test_mfe_major_radius.py:140: 
_ _ _ _ _ _ _ _ _ _ _ _ _ _ _ _ _ _ _ _ _ _ _ _ _ _ _ _ _ _ _ _ _ _ _ _ _ _ _ _ 

destination = PosixPath('/tmp/pytest-of-reid/pytest-12843/wi0510/acceptance')
historical = PosixPath('/home/reid/1cfe/fusion-tea/work/active/WI-051_mfe-model-owned-major-radius/implementation')

    def radius_acceptance(destination, historical):
        destination = Path(destination)
        destination.mkdir()
        drivers = destination / 'drivers'
        drivers.mkdir()
        ledger = json.loads((FINANCE_EVIDENCE / 'scalar-ledger.json').read_text())['live_ordinary']
        finance = {row['name'] for row in ledger if row['classification'] == 'changed finance'}
        generation = current_generation()
        before = generation.inventory(generation.PACKAGE)
        # WI-057 (2026-09-13): the drivers read the frozen evidence and the package under the new names.
        forward, _ = structure_ledger()
        translated, modules = translate_frozen_radius_evidence(Path(historical), destination, forward)
        # Current economic expectations are independently recomputed; baseline arithmetic may
        # differ by roundoff. This is a bounded tolerance, never omission of these comparisons.
        finance |= restate_wi040_radius_costs(translated)
        for name in ('native', 'direct', 'standalone', 'cli_checks'):
            text = (historical / (name + '.py')).read_text()
            if "Path(__file__).resolve().parent.parent/'prototype'" in text:
                text = replace_once(text, "Path(__file__).resolve().parent.parent/'prototype'", f'Path({str(translated)!r})')
            text = text.replace('Path(__file__).resolve().parent', f'Path({str(historical)!r})')
            if name in ('native', 'direct'):
                text = text.replace("P+'R'", "P+'plasma__R'")
            if name == 'native':
                text = replace_once(text, 'bridge.build(change)', f'bridge.build({WI059_REPLAY!r} | change)')
                text = replace_once(text, "'entering-package/contracts/model_contract.json'", repr(str(translated / 'entering-package/contracts/model_contract.json')))
                text = replace_once(text, "delta['added']==[]",
                                    f"{{x[1] for x in delta['added']}}=={WI040_PARAMETERS | WI038_PARAMETERS | WI058_PARAMETERS | WI059_PARAMETERS | WI059_NATIVE_ONLY_PARAMETERS | WI060_PARAMETERS | WI061_PARAMETERS | WI062_PARAMETERS | WI063_PARAMETERS!r}")
                # WI-058: evaluate R14 at the R-form's length (see K_COIL_RETIRED) so the frozen row stays exact.
                text = replace_once(text, "('R14',{P+'plasma__R':14.0})",
                                    f"('R14',{{P+'plasma__R':14.0,P+'magnet__coil__c_coil_ref':{K_COIL_RETIRED * 14.0!r}}})")
            if name in ('native', 'direct'):
                text = 'from tests.models.current_mfe_regressions import pre_fit_report\n' + text
            if name == 'native':
                text = replace_once(text, "assert a['responses']==b['responses']", "assert {k:v for k,v in a['responses'].items() if 'wp_fit_ok' not in k and 'reference_conductor_current_ok' not in k}==b['responses']")
                text = text.replace("a['report']==b['report']", "pre_fit_report(a['report'], b['report'])==b['report']")
            if name == 'direct':
                text = replace_once(text, "assert set(raw)==set(expected)", "assert set(raw)-{k for k in raw if 'wp_fit_ok' in k or 'reference_conductor_current_ok' in k}==set(expected)\n        raw['constraint_report'] = pre_fit_report(raw['constraint_report'], expected['constraint_report'])")
            if name == 'standalone':
                # WI-058: the winding length no longer takes R0 -- its R0-only check leaves the replay (its bore
                # response is tested in test_winding_length_bore.py); the other three magnet calcs keep theirs.
                text = replace_once(text, "('coil_length','mfe_magnet_field','coil_winding_length','Coil_Winding_Length',14/12.7),", '')
                for suffix in ('field_calc', 'stored_energy', 'magnet_cost'):
                    text = replace_once(text, f"('{suffix}',", f"('{modules[suffix]}',")
            if name == 'native':
                text = replace_once(text, "a['outputs'][k]==v if name=='baseline'", f"a['outputs'][k]==v if name=='baseline' and k not in {finance!r}")
                text = replace_once(text,
                    "    assert component[name].get('B_peak',component[name].get('error'))==row.get('B_peak',row.get('error'))",
                    "    if name == 'valid':\n"
                    "        assert component[name]['B_peak'] == row['B_peak']\n"
                    "    else:\n"
                    "        assert component[name]['error'] == 'ValueError'\n"
                    "        domain = 'reference' if name.startswith('reference') else 'live'\n"
                    "        assert domain + ' clearance' in component[name]['message']")
            if name == 'direct':
                text = replace_once(text, 'values.update(change)', f'values.update({WI059_REPLAY!r} | change)')
                # WI-058: evaluate R14 at the R-form's length (see K_COIL_RETIRED) so the frozen row stays exact.
                text = replace_once(text, "'R14':{P+'plasma__R':14.0,",
                                    f"'R14':{{P+'plasma__R':14.0,P+'magnet__coil__c_coil_ref':{K_COIL_RETIRED * 14.0!r},")
                text = replace_once(text, "if name=='baseline' or not isinstance(v,(int,float)):",
                                    f"if (name=='baseline' and k not in {finance!r}) or not isinstance(v,(int,float)):")
                text = replace_once(text, "scalar[k]==v if name=='baseline'", f"scalar[k]==v if name=='baseline' and k not in {finance!r}")
                # WI-053 read the magnet clearance refusal (ValueError) first at three invalid radii. WI-057
                # (2026-09-13): the calcs live on their parts and the regenerated pipeline executes the plasma's
                # sustainment module before the magnet's peak-field module. At the coil-centre and R3 radii the first
                # refusal is the plasma's deliberate SustainmentError (accepted: a different deliberate rejection).
                # At the negative radius it is an incidental TypeError inside plasma__sustain -- an UNRESOLVED
                # regression of the diagnostic, documented here, not repaired (goal structural-decomposition
                # trail, Amendment 2026-09-13; a deliberate non-positive-radius refusal is a model item). The
                # clearance check itself is unchanged and still refuses when reached
                # (test_peak_component_preserves_valid_and_rejects_invalid_domains).
                text = replace_once(text,
                    "classes=['SustainmentError','ZeroDivisionError','SustainmentError','ZeroDivisionError','TypeError']",
                    "classes=['SustainmentError','SustainmentError','SustainmentError','ZeroDivisionError','TypeError']")
            driver = drivers / (name + '.py')
            driver.write_text(text)
            command = [str(ROOT / '.codex-test/run'), 'bash', '-c',
                       'export PYTHONPATH="$PWD:$STOP_PARSER_TEAX_ROOT/packages/teax-simkit" STUDY_REQUIRE_TEAX=1; exec .codex-test/run python "$@"',
                       'current-mfe', str(driver), str(destination)]
            result = subprocess.run(command, cwd=ROOT, capture_output=True, text=True)
            (destination / (name + '.log')).write_text(result.stdout + result.stderr)
>           assert result.returncode == 0, f'{name} failed: {destination / (name + ".log")}'
                   ^^^^^^^^^^^^^^^^^^^^^^
E           AssertionError: cli_checks failed: /tmp/pytest-of-reid/pytest-12843/wi0510/acceptance/cli_checks.log

tests/models/current_mfe_regressions.py:391: AssertionError
______ ERROR at setup of test_unified_invalid_radius_failure[zero-single] ______

tmp_path_factory = TempPathFactory(_given_basetemp=None, _trace=<pluggy._tracing.TagTracerSub object at 0x7b80acf69160>, _basetemp=PosixPath('/tmp/pytest-of-reid/pytest-12843'), _retention_count=3, _retention_policy='all')

    @pytest.fixture(scope='module')
    def acceptance(tmp_path_factory):
        from tests.models.current_mfe_regressions import radius_acceptance
>       return radius_acceptance(tmp_path_factory.mktemp('wi051')/'acceptance',H)
               ^^^^^^^^^^^^^^^^^^^^^^^^^^^^^^^^^^^^^^^^^^^^^^^^^^^^^^^^^^^^^^^^^^

tests/models/test_mfe_major_radius.py:140: 
_ _ _ _ _ _ _ _ _ _ _ _ _ _ _ _ _ _ _ _ _ _ _ _ _ _ _ _ _ _ _ _ _ _ _ _ _ _ _ _ 

destination = PosixPath('/tmp/pytest-of-reid/pytest-12843/wi0510/acceptance')
historical = PosixPath('/home/reid/1cfe/fusion-tea/work/active/WI-051_mfe-model-owned-major-radius/implementation')

    def radius_acceptance(destination, historical):
        destination = Path(destination)
        destination.mkdir()
        drivers = destination / 'drivers'
        drivers.mkdir()
        ledger = json.loads((FINANCE_EVIDENCE / 'scalar-ledger.json').read_text())['live_ordinary']
        finance = {row['name'] for row in ledger if row['classification'] == 'changed finance'}
        generation = current_generation()
        before = generation.inventory(generation.PACKAGE)
        # WI-057 (2026-09-13): the drivers read the frozen evidence and the package under the new names.
        forward, _ = structure_ledger()
        translated, modules = translate_frozen_radius_evidence(Path(historical), destination, forward)
        # Current economic expectations are independently recomputed; baseline arithmetic may
        # differ by roundoff. This is a bounded tolerance, never omission of these comparisons.
        finance |= restate_wi040_radius_costs(translated)
        for name in ('native', 'direct', 'standalone', 'cli_checks'):
            text = (historical / (name + '.py')).read_text()
            if "Path(__file__).resolve().parent.parent/'prototype'" in text:
                text = replace_once(text, "Path(__file__).resolve().parent.parent/'prototype'", f'Path({str(translated)!r})')
            text = text.replace('Path(__file__).resolve().parent', f'Path({str(historical)!r})')
            if name in ('native', 'direct'):
                text = text.replace("P+'R'", "P+'plasma__R'")
            if name == 'native':
                text = replace_once(text, 'bridge.build(change)', f'bridge.build({WI059_REPLAY!r} | change)')
                text = replace_once(text, "'entering-package/contracts/model_contract.json'", repr(str(translated / 'entering-package/contracts/model_contract.json')))
                text = replace_once(text, "delta['added']==[]",
                                    f"{{x[1] for x in delta['added']}}=={WI040_PARAMETERS | WI038_PARAMETERS | WI058_PARAMETERS | WI059_PARAMETERS | WI059_NATIVE_ONLY_PARAMETERS | WI060_PARAMETERS | WI061_PARAMETERS | WI062_PARAMETERS | WI063_PARAMETERS!r}")
                # WI-058: evaluate R14 at the R-form's length (see K_COIL_RETIRED) so the frozen row stays exact.
                text = replace_once(text, "('R14',{P+'plasma__R':14.0})",
                                    f"('R14',{{P+'plasma__R':14.0,P+'magnet__coil__c_coil_ref':{K_COIL_RETIRED * 14.0!r}}})")
            if name in ('native', 'direct'):
                text = 'from tests.models.current_mfe_regressions import pre_fit_report\n' + text
            if name == 'native':
                text = replace_once(text, "assert a['responses']==b['responses']", "assert {k:v for k,v in a['responses'].items() if 'wp_fit_ok' not in k and 'reference_conductor_current_ok' not in k}==b['responses']")
                text = text.replace("a['report']==b['report']", "pre_fit_report(a['report'], b['report'])==b['report']")
            if name == 'direct':
                text = replace_once(text, "assert set(raw)==set(expected)", "assert set(raw)-{k for k in raw if 'wp_fit_ok' in k or 'reference_conductor_current_ok' in k}==set(expected)\n        raw['constraint_report'] = pre_fit_report(raw['constraint_report'], expected['constraint_report'])")
            if name == 'standalone':
                # WI-058: the winding length no longer takes R0 -- its R0-only check leaves the replay (its bore
                # response is tested in test_winding_length_bore.py); the other three magnet calcs keep theirs.
                text = replace_once(text, "('coil_length','mfe_magnet_field','coil_winding_length','Coil_Winding_Length',14/12.7),", '')
                for suffix in ('field_calc', 'stored_energy', 'magnet_cost'):
                    text = replace_once(text, f"('{suffix}',", f"('{modules[suffix]}',")
            if name == 'native':
                text = replace_once(text, "a['outputs'][k]==v if name=='baseline'", f"a['outputs'][k]==v if name=='baseline' and k not in {finance!r}")
                text = replace_once(text,
                    "    assert component[name].get('B_peak',component[name].get('error'))==row.get('B_peak',row.get('error'))",
                    "    if name == 'valid':\n"
                    "        assert component[name]['B_peak'] == row['B_peak']\n"
                    "    else:\n"
                    "        assert component[name]['error'] == 'ValueError'\n"
                    "        domain = 'reference' if name.startswith('reference') else 'live'\n"
                    "        assert domain + ' clearance' in component[name]['message']")
            if name == 'direct':
                text = replace_once(text, 'values.update(change)', f'values.update({WI059_REPLAY!r} | change)')
                # WI-058: evaluate R14 at the R-form's length (see K_COIL_RETIRED) so the frozen row stays exact.
                text = replace_once(text, "'R14':{P+'plasma__R':14.0,",
                                    f"'R14':{{P+'plasma__R':14.0,P+'magnet__coil__c_coil_ref':{K_COIL_RETIRED * 14.0!r},")
                text = replace_once(text, "if name=='baseline' or not isinstance(v,(int,float)):",
                                    f"if (name=='baseline' and k not in {finance!r}) or not isinstance(v,(int,float)):")
                text = replace_once(text, "scalar[k]==v if name=='baseline'", f"scalar[k]==v if name=='baseline' and k not in {finance!r}")
                # WI-053 read the magnet clearance refusal (ValueError) first at three invalid radii. WI-057
                # (2026-09-13): the calcs live on their parts and the regenerated pipeline executes the plasma's
                # sustainment module before the magnet's peak-field module. At the coil-centre and R3 radii the first
                # refusal is the plasma's deliberate SustainmentError (accepted: a different deliberate rejection).
                # At the negative radius it is an incidental TypeError inside plasma__sustain -- an UNRESOLVED
                # regression of the diagnostic, documented here, not repaired (goal structural-decomposition
                # trail, Amendment 2026-09-13; a deliberate non-positive-radius refusal is a model item). The
                # clearance check itself is unchanged and still refuses when reached
                # (test_peak_component_preserves_valid_and_rejects_invalid_domains).
                text = replace_once(text,
                    "classes=['SustainmentError','ZeroDivisionError','SustainmentError','ZeroDivisionError','TypeError']",
                    "classes=['SustainmentError','SustainmentError','SustainmentError','ZeroDivisionError','TypeError']")
            driver = drivers / (name + '.py')
            driver.write_text(text)
            command = [str(ROOT / '.codex-test/run'), 'bash', '-c',
                       'export PYTHONPATH="$PWD:$STOP_PARSER_TEAX_ROOT/packages/teax-simkit" STUDY_REQUIRE_TEAX=1; exec .codex-test/run python "$@"',
                       'current-mfe', str(driver), str(destination)]
            result = subprocess.run(command, cwd=ROOT, capture_output=True, text=True)
            (destination / (name + '.log')).write_text(result.stdout + result.stderr)
>           assert result.returncode == 0, f'{name} failed: {destination / (name + ".log")}'
                   ^^^^^^^^^^^^^^^^^^^^^^
E           AssertionError: cli_checks failed: /tmp/pytest-of-reid/pytest-12843/wi0510/acceptance/cli_checks.log

tests/models/current_mfe_regressions.py:391: AssertionError
____ ERROR at setup of test_unified_invalid_radius_failure[negative-native] ____

tmp_path_factory = TempPathFactory(_given_basetemp=None, _trace=<pluggy._tracing.TagTracerSub object at 0x7b80acf69160>, _basetemp=PosixPath('/tmp/pytest-of-reid/pytest-12843'), _retention_count=3, _retention_policy='all')

    @pytest.fixture(scope='module')
    def acceptance(tmp_path_factory):
        from tests.models.current_mfe_regressions import radius_acceptance
>       return radius_acceptance(tmp_path_factory.mktemp('wi051')/'acceptance',H)
               ^^^^^^^^^^^^^^^^^^^^^^^^^^^^^^^^^^^^^^^^^^^^^^^^^^^^^^^^^^^^^^^^^^

tests/models/test_mfe_major_radius.py:140: 
_ _ _ _ _ _ _ _ _ _ _ _ _ _ _ _ _ _ _ _ _ _ _ _ _ _ _ _ _ _ _ _ _ _ _ _ _ _ _ _ 

destination = PosixPath('/tmp/pytest-of-reid/pytest-12843/wi0510/acceptance')
historical = PosixPath('/home/reid/1cfe/fusion-tea/work/active/WI-051_mfe-model-owned-major-radius/implementation')

    def radius_acceptance(destination, historical):
        destination = Path(destination)
        destination.mkdir()
        drivers = destination / 'drivers'
        drivers.mkdir()
        ledger = json.loads((FINANCE_EVIDENCE / 'scalar-ledger.json').read_text())['live_ordinary']
        finance = {row['name'] for row in ledger if row['classification'] == 'changed finance'}
        generation = current_generation()
        before = generation.inventory(generation.PACKAGE)
        # WI-057 (2026-09-13): the drivers read the frozen evidence and the package under the new names.
        forward, _ = structure_ledger()
        translated, modules = translate_frozen_radius_evidence(Path(historical), destination, forward)
        # Current economic expectations are independently recomputed; baseline arithmetic may
        # differ by roundoff. This is a bounded tolerance, never omission of these comparisons.
        finance |= restate_wi040_radius_costs(translated)
        for name in ('native', 'direct', 'standalone', 'cli_checks'):
            text = (historical / (name + '.py')).read_text()
            if "Path(__file__).resolve().parent.parent/'prototype'" in text:
                text = replace_once(text, "Path(__file__).resolve().parent.parent/'prototype'", f'Path({str(translated)!r})')
            text = text.replace('Path(__file__).resolve().parent', f'Path({str(historical)!r})')
            if name in ('native', 'direct'):
                text = text.replace("P+'R'", "P+'plasma__R'")
            if name == 'native':
                text = replace_once(text, 'bridge.build(change)', f'bridge.build({WI059_REPLAY!r} | change)')
                text = replace_once(text, "'entering-package/contracts/model_contract.json'", repr(str(translated / 'entering-package/contracts/model_contract.json')))
                text = replace_once(text, "delta['added']==[]",
                                    f"{{x[1] for x in delta['added']}}=={WI040_PARAMETERS | WI038_PARAMETERS | WI058_PARAMETERS | WI059_PARAMETERS | WI059_NATIVE_ONLY_PARAMETERS | WI060_PARAMETERS | WI061_PARAMETERS | WI062_PARAMETERS | WI063_PARAMETERS!r}")
                # WI-058: evaluate R14 at the R-form's length (see K_COIL_RETIRED) so the frozen row stays exact.
                text = replace_once(text, "('R14',{P+'plasma__R':14.0})",
                                    f"('R14',{{P+'plasma__R':14.0,P+'magnet__coil__c_coil_ref':{K_COIL_RETIRED * 14.0!r}}})")
            if name in ('native', 'direct'):
                text = 'from tests.models.current_mfe_regressions import pre_fit_report\n' + text
            if name == 'native':
                text = replace_once(text, "assert a['responses']==b['responses']", "assert {k:v for k,v in a['responses'].items() if 'wp_fit_ok' not in k and 'reference_conductor_current_ok' not in k}==b['responses']")
                text = text.replace("a['report']==b['report']", "pre_fit_report(a['report'], b['report'])==b['report']")
            if name == 'direct':
                text = replace_once(text, "assert set(raw)==set(expected)", "assert set(raw)-{k for k in raw if 'wp_fit_ok' in k or 'reference_conductor_current_ok' in k}==set(expected)\n        raw['constraint_report'] = pre_fit_report(raw['constraint_report'], expected['constraint_report'])")
            if name == 'standalone':
                # WI-058: the winding length no longer takes R0 -- its R0-only check leaves the replay (its bore
                # response is tested in test_winding_length_bore.py); the other three magnet calcs keep theirs.
                text = replace_once(text, "('coil_length','mfe_magnet_field','coil_winding_length','Coil_Winding_Length',14/12.7),", '')
                for suffix in ('field_calc', 'stored_energy', 'magnet_cost'):
                    text = replace_once(text, f"('{suffix}',", f"('{modules[suffix]}',")
            if name == 'native':
                text = replace_once(text, "a['outputs'][k]==v if name=='baseline'", f"a['outputs'][k]==v if name=='baseline' and k not in {finance!r}")
                text = replace_once(text,
                    "    assert component[name].get('B_peak',component[name].get('error'))==row.get('B_peak',row.get('error'))",
                    "    if name == 'valid':\n"
                    "        assert component[name]['B_peak'] == row['B_peak']\n"
                    "    else:\n"
                    "        assert component[name]['error'] == 'ValueError'\n"
                    "        domain = 'reference' if name.startswith('reference') else 'live'\n"
                    "        assert domain + ' clearance' in component[name]['message']")
            if name == 'direct':
                text = replace_once(text, 'values.update(change)', f'values.update({WI059_REPLAY!r} | change)')
                # WI-058: evaluate R14 at the R-form's length (see K_COIL_RETIRED) so the frozen row stays exact.
                text = replace_once(text, "'R14':{P+'plasma__R':14.0,",
                                    f"'R14':{{P+'plasma__R':14.0,P+'magnet__coil__c_coil_ref':{K_COIL_RETIRED * 14.0!r},")
                text = replace_once(text, "if name=='baseline' or not isinstance(v,(int,float)):",
                                    f"if (name=='baseline' and k not in {finance!r}) or not isinstance(v,(int,float)):")
                text = replace_once(text, "scalar[k]==v if name=='baseline'", f"scalar[k]==v if name=='baseline' and k not in {finance!r}")
                # WI-053 read the magnet clearance refusal (ValueError) first at three invalid radii. WI-057
                # (2026-09-13): the calcs live on their parts and the regenerated pipeline executes the plasma's
                # sustainment module before the magnet's peak-field module. At the coil-centre and R3 radii the first
                # refusal is the plasma's deliberate SustainmentError (accepted: a different deliberate rejection).
                # At the negative radius it is an incidental TypeError inside plasma__sustain -- an UNRESOLVED
                # regression of the diagnostic, documented here, not repaired (goal structural-decomposition
                # trail, Amendment 2026-09-13; a deliberate non-positive-radius refusal is a model item). The
                # clearance check itself is unchanged and still refuses when reached
                # (test_peak_component_preserves_valid_and_rejects_invalid_domains).
                text = replace_once(text,
                    "classes=['SustainmentError','ZeroDivisionError','SustainmentError','ZeroDivisionError','TypeError']",
                    "classes=['SustainmentError','SustainmentError','SustainmentError','ZeroDivisionError','TypeError']")
            driver = drivers / (name + '.py')
            driver.write_text(text)
            command = [str(ROOT / '.codex-test/run'), 'bash', '-c',
                       'export PYTHONPATH="$PWD:$STOP_PARSER_TEAX_ROOT/packages/teax-simkit" STUDY_REQUIRE_TEAX=1; exec .codex-test/run python "$@"',
                       'current-mfe', str(driver), str(destination)]
            result = subprocess.run(command, cwd=ROOT, capture_output=True, text=True)
            (destination / (name + '.log')).write_text(result.stdout + result.stderr)
>           assert result.returncode == 0, f'{name} failed: {destination / (name + ".log")}'
                   ^^^^^^^^^^^^^^^^^^^^^^
E           AssertionError: cli_checks failed: /tmp/pytest-of-reid/pytest-12843/wi0510/acceptance/cli_checks.log

tests/models/current_mfe_regressions.py:391: AssertionError
____ ERROR at setup of test_unified_invalid_radius_failure[negative-helper] ____

tmp_path_factory = TempPathFactory(_given_basetemp=None, _trace=<pluggy._tracing.TagTracerSub object at 0x7b80acf69160>, _basetemp=PosixPath('/tmp/pytest-of-reid/pytest-12843'), _retention_count=3, _retention_policy='all')

    @pytest.fixture(scope='module')
    def acceptance(tmp_path_factory):
        from tests.models.current_mfe_regressions import radius_acceptance
>       return radius_acceptance(tmp_path_factory.mktemp('wi051')/'acceptance',H)
               ^^^^^^^^^^^^^^^^^^^^^^^^^^^^^^^^^^^^^^^^^^^^^^^^^^^^^^^^^^^^^^^^^^

tests/models/test_mfe_major_radius.py:140: 
_ _ _ _ _ _ _ _ _ _ _ _ _ _ _ _ _ _ _ _ _ _ _ _ _ _ _ _ _ _ _ _ _ _ _ _ _ _ _ _ 

destination = PosixPath('/tmp/pytest-of-reid/pytest-12843/wi0510/acceptance')
historical = PosixPath('/home/reid/1cfe/fusion-tea/work/active/WI-051_mfe-model-owned-major-radius/implementation')

    def radius_acceptance(destination, historical):
        destination = Path(destination)
        destination.mkdir()
        drivers = destination / 'drivers'
        drivers.mkdir()
        ledger = json.loads((FINANCE_EVIDENCE / 'scalar-ledger.json').read_text())['live_ordinary']
        finance = {row['name'] for row in ledger if row['classification'] == 'changed finance'}
        generation = current_generation()
        before = generation.inventory(generation.PACKAGE)
        # WI-057 (2026-09-13): the drivers read the frozen evidence and the package under the new names.
        forward, _ = structure_ledger()
        translated, modules = translate_frozen_radius_evidence(Path(historical), destination, forward)
        # Current economic expectations are independently recomputed; baseline arithmetic may
        # differ by roundoff. This is a bounded tolerance, never omission of these comparisons.
        finance |= restate_wi040_radius_costs(translated)
        for name in ('native', 'direct', 'standalone', 'cli_checks'):
            text = (historical / (name + '.py')).read_text()
            if "Path(__file__).resolve().parent.parent/'prototype'" in text:
                text = replace_once(text, "Path(__file__).resolve().parent.parent/'prototype'", f'Path({str(translated)!r})')
            text = text.replace('Path(__file__).resolve().parent', f'Path({str(historical)!r})')
            if name in ('native', 'direct'):
                text = text.replace("P+'R'", "P+'plasma__R'")
            if name == 'native':
                text = replace_once(text, 'bridge.build(change)', f'bridge.build({WI059_REPLAY!r} | change)')
                text = replace_once(text, "'entering-package/contracts/model_contract.json'", repr(str(translated / 'entering-package/contracts/model_contract.json')))
                text = replace_once(text, "delta['added']==[]",
                                    f"{{x[1] for x in delta['added']}}=={WI040_PARAMETERS | WI038_PARAMETERS | WI058_PARAMETERS | WI059_PARAMETERS | WI059_NATIVE_ONLY_PARAMETERS | WI060_PARAMETERS | WI061_PARAMETERS | WI062_PARAMETERS | WI063_PARAMETERS!r}")
                # WI-058: evaluate R14 at the R-form's length (see K_COIL_RETIRED) so the frozen row stays exact.
                text = replace_once(text, "('R14',{P+'plasma__R':14.0})",
                                    f"('R14',{{P+'plasma__R':14.0,P+'magnet__coil__c_coil_ref':{K_COIL_RETIRED * 14.0!r}}})")
            if name in ('native', 'direct'):
                text = 'from tests.models.current_mfe_regressions import pre_fit_report\n' + text
            if name == 'native':
                text = replace_once(text, "assert a['responses']==b['responses']", "assert {k:v for k,v in a['responses'].items() if 'wp_fit_ok' not in k and 'reference_conductor_current_ok' not in k}==b['responses']")
                text = text.replace("a['report']==b['report']", "pre_fit_report(a['report'], b['report'])==b['report']")
            if name == 'direct':
                text = replace_once(text, "assert set(raw)==set(expected)", "assert set(raw)-{k for k in raw if 'wp_fit_ok' in k or 'reference_conductor_current_ok' in k}==set(expected)\n        raw['constraint_report'] = pre_fit_report(raw['constraint_report'], expected['constraint_report'])")
            if name == 'standalone':
                # WI-058: the winding length no longer takes R0 -- its R0-only check leaves the replay (its bore
                # response is tested in test_winding_length_bore.py); the other three magnet calcs keep theirs.
                text = replace_once(text, "('coil_length','mfe_magnet_field','coil_winding_length','Coil_Winding_Length',14/12.7),", '')
                for suffix in ('field_calc', 'stored_energy', 'magnet_cost'):
                    text = replace_once(text, f"('{suffix}',", f"('{modules[suffix]}',")
            if name == 'native':
                text = replace_once(text, "a['outputs'][k]==v if name=='baseline'", f"a['outputs'][k]==v if name=='baseline' and k not in {finance!r}")
                text = replace_once(text,
                    "    assert component[name].get('B_peak',component[name].get('error'))==row.get('B_peak',row.get('error'))",
                    "    if name == 'valid':\n"
                    "        assert component[name]['B_peak'] == row['B_peak']\n"
                    "    else:\n"
                    "        assert component[name]['error'] == 'ValueError'\n"
                    "        domain = 'reference' if name.startswith('reference') else 'live'\n"
                    "        assert domain + ' clearance' in component[name]['message']")
            if name == 'direct':
                text = replace_once(text, 'values.update(change)', f'values.update({WI059_REPLAY!r} | change)')
                # WI-058: evaluate R14 at the R-form's length (see K_COIL_RETIRED) so the frozen row stays exact.
                text = replace_once(text, "'R14':{P+'plasma__R':14.0,",
                                    f"'R14':{{P+'plasma__R':14.0,P+'magnet__coil__c_coil_ref':{K_COIL_RETIRED * 14.0!r},")
                text = replace_once(text, "if name=='baseline' or not isinstance(v,(int,float)):",
                                    f"if (name=='baseline' and k not in {finance!r}) or not isinstance(v,(int,float)):")
                text = replace_once(text, "scalar[k]==v if name=='baseline'", f"scalar[k]==v if name=='baseline' and k not in {finance!r}")
                # WI-053 read the magnet clearance refusal (ValueError) first at three invalid radii. WI-057
                # (2026-09-13): the calcs live on their parts and the regenerated pipeline executes the plasma's
                # sustainment module before the magnet's peak-field module. At the coil-centre and R3 radii the first
                # refusal is the plasma's deliberate SustainmentError (accepted: a different deliberate rejection).
                # At the negative radius it is an incidental TypeError inside plasma__sustain -- an UNRESOLVED
                # regression of the diagnostic, documented here, not repaired (goal structural-decomposition
                # trail, Amendment 2026-09-13; a deliberate non-positive-radius refusal is a model item). The
                # clearance check itself is unchanged and still refuses when reached
                # (test_peak_component_preserves_valid_and_rejects_invalid_domains).
                text = replace_once(text,
                    "classes=['SustainmentError','ZeroDivisionError','SustainmentError','ZeroDivisionError','TypeError']",
                    "classes=['SustainmentError','SustainmentError','SustainmentError','ZeroDivisionError','TypeError']")
            driver = drivers / (name + '.py')
            driver.write_text(text)
            command = [str(ROOT / '.codex-test/run'), 'bash', '-c',
                       'export PYTHONPATH="$PWD:$STOP_PARSER_TEAX_ROOT/packages/teax-simkit" STUDY_REQUIRE_TEAX=1; exec .codex-test/run python "$@"',
                       'current-mfe', str(driver), str(destination)]
            result = subprocess.run(command, cwd=ROOT, capture_output=True, text=True)
            (destination / (name + '.log')).write_text(result.stdout + result.stderr)
>           assert result.returncode == 0, f'{name} failed: {destination / (name + ".log")}'
                   ^^^^^^^^^^^^^^^^^^^^^^
E           AssertionError: cli_checks failed: /tmp/pytest-of-reid/pytest-12843/wi0510/acceptance/cli_checks.log

tests/models/current_mfe_regressions.py:391: AssertionError
____ ERROR at setup of test_unified_invalid_radius_failure[negative-single] ____

tmp_path_factory = TempPathFactory(_given_basetemp=None, _trace=<pluggy._tracing.TagTracerSub object at 0x7b80acf69160>, _basetemp=PosixPath('/tmp/pytest-of-reid/pytest-12843'), _retention_count=3, _retention_policy='all')

    @pytest.fixture(scope='module')
    def acceptance(tmp_path_factory):
        from tests.models.current_mfe_regressions import radius_acceptance
>       return radius_acceptance(tmp_path_factory.mktemp('wi051')/'acceptance',H)
               ^^^^^^^^^^^^^^^^^^^^^^^^^^^^^^^^^^^^^^^^^^^^^^^^^^^^^^^^^^^^^^^^^^

tests/models/test_mfe_major_radius.py:140: 
_ _ _ _ _ _ _ _ _ _ _ _ _ _ _ _ _ _ _ _ _ _ _ _ _ _ _ _ _ _ _ _ _ _ _ _ _ _ _ _ 

destination = PosixPath('/tmp/pytest-of-reid/pytest-12843/wi0510/acceptance')
historical = PosixPath('/home/reid/1cfe/fusion-tea/work/active/WI-051_mfe-model-owned-major-radius/implementation')

    def radius_acceptance(destination, historical):
        destination = Path(destination)
        destination.mkdir()
        drivers = destination / 'drivers'
        drivers.mkdir()
        ledger = json.loads((FINANCE_EVIDENCE / 'scalar-ledger.json').read_text())['live_ordinary']
        finance = {row['name'] for row in ledger if row['classification'] == 'changed finance'}
        generation = current_generation()
        before = generation.inventory(generation.PACKAGE)
        # WI-057 (2026-09-13): the drivers read the frozen evidence and the package under the new names.
        forward, _ = structure_ledger()
        translated, modules = translate_frozen_radius_evidence(Path(historical), destination, forward)
        # Current economic expectations are independently recomputed; baseline arithmetic may
        # differ by roundoff. This is a bounded tolerance, never omission of these comparisons.
        finance |= restate_wi040_radius_costs(translated)
        for name in ('native', 'direct', 'standalone', 'cli_checks'):
            text = (historical / (name + '.py')).read_text()
            if "Path(__file__).resolve().parent.parent/'prototype'" in text:
                text = replace_once(text, "Path(__file__).resolve().parent.parent/'prototype'", f'Path({str(translated)!r})')
            text = text.replace('Path(__file__).resolve().parent', f'Path({str(historical)!r})')
            if name in ('native', 'direct'):
                text = text.replace("P+'R'", "P+'plasma__R'")
            if name == 'native':
                text = replace_once(text, 'bridge.build(change)', f'bridge.build({WI059_REPLAY!r} | change)')
                text = replace_once(text, "'entering-package/contracts/model_contract.json'", repr(str(translated / 'entering-package/contracts/model_contract.json')))
                text = replace_once(text, "delta['added']==[]",
                                    f"{{x[1] for x in delta['added']}}=={WI040_PARAMETERS | WI038_PARAMETERS | WI058_PARAMETERS | WI059_PARAMETERS | WI059_NATIVE_ONLY_PARAMETERS | WI060_PARAMETERS | WI061_PARAMETERS | WI062_PARAMETERS | WI063_PARAMETERS!r}")
                # WI-058: evaluate R14 at the R-form's length (see K_COIL_RETIRED) so the frozen row stays exact.
                text = replace_once(text, "('R14',{P+'plasma__R':14.0})",
                                    f"('R14',{{P+'plasma__R':14.0,P+'magnet__coil__c_coil_ref':{K_COIL_RETIRED * 14.0!r}}})")
            if name in ('native', 'direct'):
                text = 'from tests.models.current_mfe_regressions import pre_fit_report\n' + text
            if name == 'native':
                text = replace_once(text, "assert a['responses']==b['responses']", "assert {k:v for k,v in a['responses'].items() if 'wp_fit_ok' not in k and 'reference_conductor_current_ok' not in k}==b['responses']")
                text = text.replace("a['report']==b['report']", "pre_fit_report(a['report'], b['report'])==b['report']")
            if name == 'direct':
                text = replace_once(text, "assert set(raw)==set(expected)", "assert set(raw)-{k for k in raw if 'wp_fit_ok' in k or 'reference_conductor_current_ok' in k}==set(expected)\n        raw['constraint_report'] = pre_fit_report(raw['constraint_report'], expected['constraint_report'])")
            if name == 'standalone':
                # WI-058: the winding length no longer takes R0 -- its R0-only check leaves the replay (its bore
                # response is tested in test_winding_length_bore.py); the other three magnet calcs keep theirs.
                text = replace_once(text, "('coil_length','mfe_magnet_field','coil_winding_length','Coil_Winding_Length',14/12.7),", '')
                for suffix in ('field_calc', 'stored_energy', 'magnet_cost'):
                    text = replace_once(text, f"('{suffix}',", f"('{modules[suffix]}',")
            if name == 'native':
                text = replace_once(text, "a['outputs'][k]==v if name=='baseline'", f"a['outputs'][k]==v if name=='baseline' and k not in {finance!r}")
                text = replace_once(text,
                    "    assert component[name].get('B_peak',component[name].get('error'))==row.get('B_peak',row.get('error'))",
                    "    if name == 'valid':\n"
                    "        assert component[name]['B_peak'] == row['B_peak']\n"
                    "    else:\n"
                    "        assert component[name]['error'] == 'ValueError'\n"
                    "        domain = 'reference' if name.startswith('reference') else 'live'\n"
                    "        assert domain + ' clearance' in component[name]['message']")
            if name == 'direct':
                text = replace_once(text, 'values.update(change)', f'values.update({WI059_REPLAY!r} | change)')
                # WI-058: evaluate R14 at the R-form's length (see K_COIL_RETIRED) so the frozen row stays exact.
                text = replace_once(text, "'R14':{P+'plasma__R':14.0,",
                                    f"'R14':{{P+'plasma__R':14.0,P+'magnet__coil__c_coil_ref':{K_COIL_RETIRED * 14.0!r},")
                text = replace_once(text, "if name=='baseline' or not isinstance(v,(int,float)):",
                                    f"if (name=='baseline' and k not in {finance!r}) or not isinstance(v,(int,float)):")
                text = replace_once(text, "scalar[k]==v if name=='baseline'", f"scalar[k]==v if name=='baseline' and k not in {finance!r}")
                # WI-053 read the magnet clearance refusal (ValueError) first at three invalid radii. WI-057
                # (2026-09-13): the calcs live on their parts and the regenerated pipeline executes the plasma's
                # sustainment module before the magnet's peak-field module. At the coil-centre and R3 radii the first
                # refusal is the plasma's deliberate SustainmentError (accepted: a different deliberate rejection).
                # At the negative radius it is an incidental TypeError inside plasma__sustain -- an UNRESOLVED
                # regression of the diagnostic, documented here, not repaired (goal structural-decomposition
                # trail, Amendment 2026-09-13; a deliberate non-positive-radius refusal is a model item). The
                # clearance check itself is unchanged and still refuses when reached
                # (test_peak_component_preserves_valid_and_rejects_invalid_domains).
                text = replace_once(text,
                    "classes=['SustainmentError','ZeroDivisionError','SustainmentError','ZeroDivisionError','TypeError']",
                    "classes=['SustainmentError','SustainmentError','SustainmentError','ZeroDivisionError','TypeError']")
            driver = drivers / (name + '.py')
            driver.write_text(text)
            command = [str(ROOT / '.codex-test/run'), 'bash', '-c',
                       'export PYTHONPATH="$PWD:$STOP_PARSER_TEAX_ROOT/packages/teax-simkit" STUDY_REQUIRE_TEAX=1; exec .codex-test/run python "$@"',
                       'current-mfe', str(driver), str(destination)]
            result = subprocess.run(command, cwd=ROOT, capture_output=True, text=True)
            (destination / (name + '.log')).write_text(result.stdout + result.stderr)
>           assert result.returncode == 0, f'{name} failed: {destination / (name + ".log")}'
                   ^^^^^^^^^^^^^^^^^^^^^^
E           AssertionError: cli_checks failed: /tmp/pytest-of-reid/pytest-12843/wi0510/acceptance/cli_checks.log

tests/models/current_mfe_regressions.py:391: AssertionError
_ ERROR at setup of test_peak_component_preserves_valid_and_rejects_invalid_domains[valid] _

tmp_path_factory = TempPathFactory(_given_basetemp=None, _trace=<pluggy._tracing.TagTracerSub object at 0x7b80acf69160>, _basetemp=PosixPath('/tmp/pytest-of-reid/pytest-12843'), _retention_count=3, _retention_policy='all')

    @pytest.fixture(scope='module')
    def acceptance(tmp_path_factory):
        from tests.models.current_mfe_regressions import radius_acceptance
>       return radius_acceptance(tmp_path_factory.mktemp('wi051')/'acceptance',H)
               ^^^^^^^^^^^^^^^^^^^^^^^^^^^^^^^^^^^^^^^^^^^^^^^^^^^^^^^^^^^^^^^^^^

tests/models/test_mfe_major_radius.py:140: 
_ _ _ _ _ _ _ _ _ _ _ _ _ _ _ _ _ _ _ _ _ _ _ _ _ _ _ _ _ _ _ _ _ _ _ _ _ _ _ _ 

destination = PosixPath('/tmp/pytest-of-reid/pytest-12843/wi0510/acceptance')
historical = PosixPath('/home/reid/1cfe/fusion-tea/work/active/WI-051_mfe-model-owned-major-radius/implementation')

    def radius_acceptance(destination, historical):
        destination = Path(destination)
        destination.mkdir()
        drivers = destination / 'drivers'
        drivers.mkdir()
        ledger = json.loads((FINANCE_EVIDENCE / 'scalar-ledger.json').read_text())['live_ordinary']
        finance = {row['name'] for row in ledger if row['classification'] == 'changed finance'}
        generation = current_generation()
        before = generation.inventory(generation.PACKAGE)
        # WI-057 (2026-09-13): the drivers read the frozen evidence and the package under the new names.
        forward, _ = structure_ledger()
        translated, modules = translate_frozen_radius_evidence(Path(historical), destination, forward)
        # Current economic expectations are independently recomputed; baseline arithmetic may
        # differ by roundoff. This is a bounded tolerance, never omission of these comparisons.
        finance |= restate_wi040_radius_costs(translated)
        for name in ('native', 'direct', 'standalone', 'cli_checks'):
            text = (historical / (name + '.py')).read_text()
            if "Path(__file__).resolve().parent.parent/'prototype'" in text:
                text = replace_once(text, "Path(__file__).resolve().parent.parent/'prototype'", f'Path({str(translated)!r})')
            text = text.replace('Path(__file__).resolve().parent', f'Path({str(historical)!r})')
            if name in ('native', 'direct'):
                text = text.replace("P+'R'", "P+'plasma__R'")
            if name == 'native':
                text = replace_once(text, 'bridge.build(change)', f'bridge.build({WI059_REPLAY!r} | change)')
                text = replace_once(text, "'entering-package/contracts/model_contract.json'", repr(str(translated / 'entering-package/contracts/model_contract.json')))
                text = replace_once(text, "delta['added']==[]",
                                    f"{{x[1] for x in delta['added']}}=={WI040_PARAMETERS | WI038_PARAMETERS | WI058_PARAMETERS | WI059_PARAMETERS | WI059_NATIVE_ONLY_PARAMETERS | WI060_PARAMETERS | WI061_PARAMETERS | WI062_PARAMETERS | WI063_PARAMETERS!r}")
                # WI-058: evaluate R14 at the R-form's length (see K_COIL_RETIRED) so the frozen row stays exact.
                text = replace_once(text, "('R14',{P+'plasma__R':14.0})",
                                    f"('R14',{{P+'plasma__R':14.0,P+'magnet__coil__c_coil_ref':{K_COIL_RETIRED * 14.0!r}}})")
            if name in ('native', 'direct'):
                text = 'from tests.models.current_mfe_regressions import pre_fit_report\n' + text
            if name == 'native':
                text = replace_once(text, "assert a['responses']==b['responses']", "assert {k:v for k,v in a['responses'].items() if 'wp_fit_ok' not in k and 'reference_conductor_current_ok' not in k}==b['responses']")
                text = text.replace("a['report']==b['report']", "pre_fit_report(a['report'], b['report'])==b['report']")
            if name == 'direct':
                text = replace_once(text, "assert set(raw)==set(expected)", "assert set(raw)-{k for k in raw if 'wp_fit_ok' in k or 'reference_conductor_current_ok' in k}==set(expected)\n        raw['constraint_report'] = pre_fit_report(raw['constraint_report'], expected['constraint_report'])")
            if name == 'standalone':
                # WI-058: the winding length no longer takes R0 -- its R0-only check leaves the replay (its bore
                # response is tested in test_winding_length_bore.py); the other three magnet calcs keep theirs.
                text = replace_once(text, "('coil_length','mfe_magnet_field','coil_winding_length','Coil_Winding_Length',14/12.7),", '')
                for suffix in ('field_calc', 'stored_energy', 'magnet_cost'):
                    text = replace_once(text, f"('{suffix}',", f"('{modules[suffix]}',")
            if name == 'native':
                text = replace_once(text, "a['outputs'][k]==v if name=='baseline'", f"a['outputs'][k]==v if name=='baseline' and k not in {finance!r}")
                text = replace_once(text,
                    "    assert component[name].get('B_peak',component[name].get('error'))==row.get('B_peak',row.get('error'))",
                    "    if name == 'valid':\n"
                    "        assert component[name]['B_peak'] == row['B_peak']\n"
                    "    else:\n"
                    "        assert component[name]['error'] == 'ValueError'\n"
                    "        domain = 'reference' if name.startswith('reference') else 'live'\n"
                    "        assert domain + ' clearance' in component[name]['message']")
            if name == 'direct':
                text = replace_once(text, 'values.update(change)', f'values.update({WI059_REPLAY!r} | change)')
                # WI-058: evaluate R14 at the R-form's length (see K_COIL_RETIRED) so the frozen row stays exact.
                text = replace_once(text, "'R14':{P+'plasma__R':14.0,",
                                    f"'R14':{{P+'plasma__R':14.0,P+'magnet__coil__c_coil_ref':{K_COIL_RETIRED * 14.0!r},")
                text = replace_once(text, "if name=='baseline' or not isinstance(v,(int,float)):",
                                    f"if (name=='baseline' and k not in {finance!r}) or not isinstance(v,(int,float)):")
                text = replace_once(text, "scalar[k]==v if name=='baseline'", f"scalar[k]==v if name=='baseline' and k not in {finance!r}")
                # WI-053 read the magnet clearance refusal (ValueError) first at three invalid radii. WI-057
                # (2026-09-13): the calcs live on their parts and the regenerated pipeline executes the plasma's
                # sustainment module before the magnet's peak-field module. At the coil-centre and R3 radii the first
                # refusal is the plasma's deliberate SustainmentError (accepted: a different deliberate rejection).
                # At the negative radius it is an incidental TypeError inside plasma__sustain -- an UNRESOLVED
                # regression of the diagnostic, documented here, not repaired (goal structural-decomposition
                # trail, Amendment 2026-09-13; a deliberate non-positive-radius refusal is a model item). The
                # clearance check itself is unchanged and still refuses when reached
                # (test_peak_component_preserves_valid_and_rejects_invalid_domains).
                text = replace_once(text,
                    "classes=['SustainmentError','ZeroDivisionError','SustainmentError','ZeroDivisionError','TypeError']",
                    "classes=['SustainmentError','SustainmentError','SustainmentError','ZeroDivisionError','TypeError']")
            driver = drivers / (name + '.py')
            driver.write_text(text)
            command = [str(ROOT / '.codex-test/run'), 'bash', '-c',
                       'export PYTHONPATH="$PWD:$STOP_PARSER_TEAX_ROOT/packages/teax-simkit" STUDY_REQUIRE_TEAX=1; exec .codex-test/run python "$@"',
                       'current-mfe', str(driver), str(destination)]
            result = subprocess.run(command, cwd=ROOT, capture_output=True, text=True)
            (destination / (name + '.log')).write_text(result.stdout + result.stderr)
>           assert result.returncode == 0, f'{name} failed: {destination / (name + ".log")}'
                   ^^^^^^^^^^^^^^^^^^^^^^
E           AssertionError: cli_checks failed: /tmp/pytest-of-reid/pytest-12843/wi0510/acceptance/cli_checks.log

tests/models/current_mfe_regressions.py:391: AssertionError
_ ERROR at setup of test_peak_component_preserves_valid_and_rejects_invalid_domains[original_negative] _

tmp_path_factory = TempPathFactory(_given_basetemp=None, _trace=<pluggy._tracing.TagTracerSub object at 0x7b80acf69160>, _basetemp=PosixPath('/tmp/pytest-of-reid/pytest-12843'), _retention_count=3, _retention_policy='all')

    @pytest.fixture(scope='module')
    def acceptance(tmp_path_factory):
        from tests.models.current_mfe_regressions import radius_acceptance
>       return radius_acceptance(tmp_path_factory.mktemp('wi051')/'acceptance',H)
               ^^^^^^^^^^^^^^^^^^^^^^^^^^^^^^^^^^^^^^^^^^^^^^^^^^^^^^^^^^^^^^^^^^

tests/models/test_mfe_major_radius.py:140: 
_ _ _ _ _ _ _ _ _ _ _ _ _ _ _ _ _ _ _ _ _ _ _ _ _ _ _ _ _ _ _ _ _ _ _ _ _ _ _ _ 

destination = PosixPath('/tmp/pytest-of-reid/pytest-12843/wi0510/acceptance')
historical = PosixPath('/home/reid/1cfe/fusion-tea/work/active/WI-051_mfe-model-owned-major-radius/implementation')

    def radius_acceptance(destination, historical):
        destination = Path(destination)
        destination.mkdir()
        drivers = destination / 'drivers'
        drivers.mkdir()
        ledger = json.loads((FINANCE_EVIDENCE / 'scalar-ledger.json').read_text())['live_ordinary']
        finance = {row['name'] for row in ledger if row['classification'] == 'changed finance'}
        generation = current_generation()
        before = generation.inventory(generation.PACKAGE)
        # WI-057 (2026-09-13): the drivers read the frozen evidence and the package under the new names.
        forward, _ = structure_ledger()
        translated, modules = translate_frozen_radius_evidence(Path(historical), destination, forward)
        # Current economic expectations are independently recomputed; baseline arithmetic may
        # differ by roundoff. This is a bounded tolerance, never omission of these comparisons.
        finance |= restate_wi040_radius_costs(translated)
        for name in ('native', 'direct', 'standalone', 'cli_checks'):
            text = (historical / (name + '.py')).read_text()
            if "Path(__file__).resolve().parent.parent/'prototype'" in text:
                text = replace_once(text, "Path(__file__).resolve().parent.parent/'prototype'", f'Path({str(translated)!r})')
            text = text.replace('Path(__file__).resolve().parent', f'Path({str(historical)!r})')
            if name in ('native', 'direct'):
                text = text.replace("P+'R'", "P+'plasma__R'")
            if name == 'native':
                text = replace_once(text, 'bridge.build(change)', f'bridge.build({WI059_REPLAY!r} | change)')
                text = replace_once(text, "'entering-package/contracts/model_contract.json'", repr(str(translated / 'entering-package/contracts/model_contract.json')))
                text = replace_once(text, "delta['added']==[]",
                                    f"{{x[1] for x in delta['added']}}=={WI040_PARAMETERS | WI038_PARAMETERS | WI058_PARAMETERS | WI059_PARAMETERS | WI059_NATIVE_ONLY_PARAMETERS | WI060_PARAMETERS | WI061_PARAMETERS | WI062_PARAMETERS | WI063_PARAMETERS!r}")
                # WI-058: evaluate R14 at the R-form's length (see K_COIL_RETIRED) so the frozen row stays exact.
                text = replace_once(text, "('R14',{P+'plasma__R':14.0})",
                                    f"('R14',{{P+'plasma__R':14.0,P+'magnet__coil__c_coil_ref':{K_COIL_RETIRED * 14.0!r}}})")
            if name in ('native', 'direct'):
                text = 'from tests.models.current_mfe_regressions import pre_fit_report\n' + text
            if name == 'native':
                text = replace_once(text, "assert a['responses']==b['responses']", "assert {k:v for k,v in a['responses'].items() if 'wp_fit_ok' not in k and 'reference_conductor_current_ok' not in k}==b['responses']")
                text = text.replace("a['report']==b['report']", "pre_fit_report(a['report'], b['report'])==b['report']")
            if name == 'direct':
                text = replace_once(text, "assert set(raw)==set(expected)", "assert set(raw)-{k for k in raw if 'wp_fit_ok' in k or 'reference_conductor_current_ok' in k}==set(expected)\n        raw['constraint_report'] = pre_fit_report(raw['constraint_report'], expected['constraint_report'])")
            if name == 'standalone':
                # WI-058: the winding length no longer takes R0 -- its R0-only check leaves the replay (its bore
                # response is tested in test_winding_length_bore.py); the other three magnet calcs keep theirs.
                text = replace_once(text, "('coil_length','mfe_magnet_field','coil_winding_length','Coil_Winding_Length',14/12.7),", '')
                for suffix in ('field_calc', 'stored_energy', 'magnet_cost'):
                    text = replace_once(text, f"('{suffix}',", f"('{modules[suffix]}',")
            if name == 'native':
                text = replace_once(text, "a['outputs'][k]==v if name=='baseline'", f"a['outputs'][k]==v if name=='baseline' and k not in {finance!r}")
                text = replace_once(text,
                    "    assert component[name].get('B_peak',component[name].get('error'))==row.get('B_peak',row.get('error'))",
                    "    if name == 'valid':\n"
                    "        assert component[name]['B_peak'] == row['B_peak']\n"
                    "    else:\n"
                    "        assert component[name]['error'] == 'ValueError'\n"
                    "        domain = 'reference' if name.startswith('reference') else 'live'\n"
                    "        assert domain + ' clearance' in component[name]['message']")
            if name == 'direct':
                text = replace_once(text, 'values.update(change)', f'values.update({WI059_REPLAY!r} | change)')
                # WI-058: evaluate R14 at the R-form's length (see K_COIL_RETIRED) so the frozen row stays exact.
                text = replace_once(text, "'R14':{P+'plasma__R':14.0,",
                                    f"'R14':{{P+'plasma__R':14.0,P+'magnet__coil__c_coil_ref':{K_COIL_RETIRED * 14.0!r},")
                text = replace_once(text, "if name=='baseline' or not isinstance(v,(int,float)):",
                                    f"if (name=='baseline' and k not in {finance!r}) or not isinstance(v,(int,float)):")
                text = replace_once(text, "scalar[k]==v if name=='baseline'", f"scalar[k]==v if name=='baseline' and k not in {finance!r}")
                # WI-053 read the magnet clearance refusal (ValueError) first at three invalid radii. WI-057
                # (2026-09-13): the calcs live on their parts and the regenerated pipeline executes the plasma's
                # sustainment module before the magnet's peak-field module. At the coil-centre and R3 radii the first
                # refusal is the plasma's deliberate SustainmentError (accepted: a different deliberate rejection).
                # At the negative radius it is an incidental TypeError inside plasma__sustain -- an UNRESOLVED
                # regression of the diagnostic, documented here, not repaired (goal structural-decomposition
                # trail, Amendment 2026-09-13; a deliberate non-positive-radius refusal is a model item). The
                # clearance check itself is unchanged and still refuses when reached
                # (test_peak_component_preserves_valid_and_rejects_invalid_domains).
                text = replace_once(text,
                    "classes=['SustainmentError','ZeroDivisionError','SustainmentError','ZeroDivisionError','TypeError']",
                    "classes=['SustainmentError','SustainmentError','SustainmentError','ZeroDivisionError','TypeError']")
            driver = drivers / (name + '.py')
            driver.write_text(text)
            command = [str(ROOT / '.codex-test/run'), 'bash', '-c',
                       'export PYTHONPATH="$PWD:$STOP_PARSER_TEAX_ROOT/packages/teax-simkit" STUDY_REQUIRE_TEAX=1; exec .codex-test/run python "$@"',
                       'current-mfe', str(driver), str(destination)]
            result = subprocess.run(command, cwd=ROOT, capture_output=True, text=True)
            (destination / (name + '.log')).write_text(result.stdout + result.stderr)
>           assert result.returncode == 0, f'{name} failed: {destination / (name + ".log")}'
                   ^^^^^^^^^^^^^^^^^^^^^^
E           AssertionError: cli_checks failed: /tmp/pytest-of-reid/pytest-12843/wi0510/acceptance/cli_checks.log

tests/models/current_mfe_regressions.py:391: AssertionError
_ ERROR at setup of test_peak_component_preserves_valid_and_rejects_invalid_domains[equality] _

tmp_path_factory = TempPathFactory(_given_basetemp=None, _trace=<pluggy._tracing.TagTracerSub object at 0x7b80acf69160>, _basetemp=PosixPath('/tmp/pytest-of-reid/pytest-12843'), _retention_count=3, _retention_policy='all')

    @pytest.fixture(scope='module')
    def acceptance(tmp_path_factory):
        from tests.models.current_mfe_regressions import radius_acceptance
>       return radius_acceptance(tmp_path_factory.mktemp('wi051')/'acceptance',H)
               ^^^^^^^^^^^^^^^^^^^^^^^^^^^^^^^^^^^^^^^^^^^^^^^^^^^^^^^^^^^^^^^^^^

tests/models/test_mfe_major_radius.py:140: 
_ _ _ _ _ _ _ _ _ _ _ _ _ _ _ _ _ _ _ _ _ _ _ _ _ _ _ _ _ _ _ _ _ _ _ _ _ _ _ _ 

destination = PosixPath('/tmp/pytest-of-reid/pytest-12843/wi0510/acceptance')
historical = PosixPath('/home/reid/1cfe/fusion-tea/work/active/WI-051_mfe-model-owned-major-radius/implementation')

    def radius_acceptance(destination, historical):
        destination = Path(destination)
        destination.mkdir()
        drivers = destination / 'drivers'
        drivers.mkdir()
        ledger = json.loads((FINANCE_EVIDENCE / 'scalar-ledger.json').read_text())['live_ordinary']
        finance = {row['name'] for row in ledger if row['classification'] == 'changed finance'}
        generation = current_generation()
        before = generation.inventory(generation.PACKAGE)
        # WI-057 (2026-09-13): the drivers read the frozen evidence and the package under the new names.
        forward, _ = structure_ledger()
        translated, modules = translate_frozen_radius_evidence(Path(historical), destination, forward)
        # Current economic expectations are independently recomputed; baseline arithmetic may
        # differ by roundoff. This is a bounded tolerance, never omission of these comparisons.
        finance |= restate_wi040_radius_costs(translated)
        for name in ('native', 'direct', 'standalone', 'cli_checks'):
            text = (historical / (name + '.py')).read_text()
            if "Path(__file__).resolve().parent.parent/'prototype'" in text:
                text = replace_once(text, "Path(__file__).resolve().parent.parent/'prototype'", f'Path({str(translated)!r})')
            text = text.replace('Path(__file__).resolve().parent', f'Path({str(historical)!r})')
            if name in ('native', 'direct'):
                text = text.replace("P+'R'", "P+'plasma__R'")
            if name == 'native':
                text = replace_once(text, 'bridge.build(change)', f'bridge.build({WI059_REPLAY!r} | change)')
                text = replace_once(text, "'entering-package/contracts/model_contract.json'", repr(str(translated / 'entering-package/contracts/model_contract.json')))
                text = replace_once(text, "delta['added']==[]",
                                    f"{{x[1] for x in delta['added']}}=={WI040_PARAMETERS | WI038_PARAMETERS | WI058_PARAMETERS | WI059_PARAMETERS | WI059_NATIVE_ONLY_PARAMETERS | WI060_PARAMETERS | WI061_PARAMETERS | WI062_PARAMETERS | WI063_PARAMETERS!r}")
                # WI-058: evaluate R14 at the R-form's length (see K_COIL_RETIRED) so the frozen row stays exact.
                text = replace_once(text, "('R14',{P+'plasma__R':14.0})",
                                    f"('R14',{{P+'plasma__R':14.0,P+'magnet__coil__c_coil_ref':{K_COIL_RETIRED * 14.0!r}}})")
            if name in ('native', 'direct'):
                text = 'from tests.models.current_mfe_regressions import pre_fit_report\n' + text
            if name == 'native':
                text = replace_once(text, "assert a['responses']==b['responses']", "assert {k:v for k,v in a['responses'].items() if 'wp_fit_ok' not in k and 'reference_conductor_current_ok' not in k}==b['responses']")
                text = text.replace("a['report']==b['report']", "pre_fit_report(a['report'], b['report'])==b['report']")
            if name == 'direct':
                text = replace_once(text, "assert set(raw)==set(expected)", "assert set(raw)-{k for k in raw if 'wp_fit_ok' in k or 'reference_conductor_current_ok' in k}==set(expected)\n        raw['constraint_report'] = pre_fit_report(raw['constraint_report'], expected['constraint_report'])")
            if name == 'standalone':
                # WI-058: the winding length no longer takes R0 -- its R0-only check leaves the replay (its bore
                # response is tested in test_winding_length_bore.py); the other three magnet calcs keep theirs.
                text = replace_once(text, "('coil_length','mfe_magnet_field','coil_winding_length','Coil_Winding_Length',14/12.7),", '')
                for suffix in ('field_calc', 'stored_energy', 'magnet_cost'):
                    text = replace_once(text, f"('{suffix}',", f"('{modules[suffix]}',")
            if name == 'native':
                text = replace_once(text, "a['outputs'][k]==v if name=='baseline'", f"a['outputs'][k]==v if name=='baseline' and k not in {finance!r}")
                text = replace_once(text,
                    "    assert component[name].get('B_peak',component[name].get('error'))==row.get('B_peak',row.get('error'))",
                    "    if name == 'valid':\n"
                    "        assert component[name]['B_peak'] == row['B_peak']\n"
                    "    else:\n"
                    "        assert component[name]['error'] == 'ValueError'\n"
                    "        domain = 'reference' if name.startswith('reference') else 'live'\n"
                    "        assert domain + ' clearance' in component[name]['message']")
            if name == 'direct':
                text = replace_once(text, 'values.update(change)', f'values.update({WI059_REPLAY!r} | change)')
                # WI-058: evaluate R14 at the R-form's length (see K_COIL_RETIRED) so the frozen row stays exact.
                text = replace_once(text, "'R14':{P+'plasma__R':14.0,",
                                    f"'R14':{{P+'plasma__R':14.0,P+'magnet__coil__c_coil_ref':{K_COIL_RETIRED * 14.0!r},")
                text = replace_once(text, "if name=='baseline' or not isinstance(v,(int,float)):",
                                    f"if (name=='baseline' and k not in {finance!r}) or not isinstance(v,(int,float)):")
                text = replace_once(text, "scalar[k]==v if name=='baseline'", f"scalar[k]==v if name=='baseline' and k not in {finance!r}")
                # WI-053 read the magnet clearance refusal (ValueError) first at three invalid radii. WI-057
                # (2026-09-13): the calcs live on their parts and the regenerated pipeline executes the plasma's
                # sustainment module before the magnet's peak-field module. At the coil-centre and R3 radii the first
                # refusal is the plasma's deliberate SustainmentError (accepted: a different deliberate rejection).
                # At the negative radius it is an incidental TypeError inside plasma__sustain -- an UNRESOLVED
                # regression of the diagnostic, documented here, not repaired (goal structural-decomposition
                # trail, Amendment 2026-09-13; a deliberate non-positive-radius refusal is a model item). The
                # clearance check itself is unchanged and still refuses when reached
                # (test_peak_component_preserves_valid_and_rejects_invalid_domains).
                text = replace_once(text,
                    "classes=['SustainmentError','ZeroDivisionError','SustainmentError','ZeroDivisionError','TypeError']",
                    "classes=['SustainmentError','SustainmentError','SustainmentError','ZeroDivisionError','TypeError']")
            driver = drivers / (name + '.py')
            driver.write_text(text)
            command = [str(ROOT / '.codex-test/run'), 'bash', '-c',
                       'export PYTHONPATH="$PWD:$STOP_PARSER_TEAX_ROOT/packages/teax-simkit" STUDY_REQUIRE_TEAX=1; exec .codex-test/run python "$@"',
                       'current-mfe', str(driver), str(destination)]
            result = subprocess.run(command, cwd=ROOT, capture_output=True, text=True)
            (destination / (name + '.log')).write_text(result.stdout + result.stderr)
>           assert result.returncode == 0, f'{name} failed: {destination / (name + ".log")}'
                   ^^^^^^^^^^^^^^^^^^^^^^
E           AssertionError: cli_checks failed: /tmp/pytest-of-reid/pytest-12843/wi0510/acceptance/cli_checks.log

tests/models/current_mfe_regressions.py:391: AssertionError
_ ERROR at setup of test_peak_component_preserves_valid_and_rejects_invalid_domains[reference_equal] _

tmp_path_factory = TempPathFactory(_given_basetemp=None, _trace=<pluggy._tracing.TagTracerSub object at 0x7b80acf69160>, _basetemp=PosixPath('/tmp/pytest-of-reid/pytest-12843'), _retention_count=3, _retention_policy='all')

    @pytest.fixture(scope='module')
    def acceptance(tmp_path_factory):
        from tests.models.current_mfe_regressions import radius_acceptance
>       return radius_acceptance(tmp_path_factory.mktemp('wi051')/'acceptance',H)
               ^^^^^^^^^^^^^^^^^^^^^^^^^^^^^^^^^^^^^^^^^^^^^^^^^^^^^^^^^^^^^^^^^^

tests/models/test_mfe_major_radius.py:140: 
_ _ _ _ _ _ _ _ _ _ _ _ _ _ _ _ _ _ _ _ _ _ _ _ _ _ _ _ _ _ _ _ _ _ _ _ _ _ _ _ 

destination = PosixPath('/tmp/pytest-of-reid/pytest-12843/wi0510/acceptance')
historical = PosixPath('/home/reid/1cfe/fusion-tea/work/active/WI-051_mfe-model-owned-major-radius/implementation')

    def radius_acceptance(destination, historical):
        destination = Path(destination)
        destination.mkdir()
        drivers = destination / 'drivers'
        drivers.mkdir()
        ledger = json.loads((FINANCE_EVIDENCE / 'scalar-ledger.json').read_text())['live_ordinary']
        finance = {row['name'] for row in ledger if row['classification'] == 'changed finance'}
        generation = current_generation()
        before = generation.inventory(generation.PACKAGE)
        # WI-057 (2026-09-13): the drivers read the frozen evidence and the package under the new names.
        forward, _ = structure_ledger()
        translated, modules = translate_frozen_radius_evidence(Path(historical), destination, forward)
        # Current economic expectations are independently recomputed; baseline arithmetic may
        # differ by roundoff. This is a bounded tolerance, never omission of these comparisons.
        finance |= restate_wi040_radius_costs(translated)
        for name in ('native', 'direct', 'standalone', 'cli_checks'):
            text = (historical / (name + '.py')).read_text()
            if "Path(__file__).resolve().parent.parent/'prototype'" in text:
                text = replace_once(text, "Path(__file__).resolve().parent.parent/'prototype'", f'Path({str(translated)!r})')
            text = text.replace('Path(__file__).resolve().parent', f'Path({str(historical)!r})')
            if name in ('native', 'direct'):
                text = text.replace("P+'R'", "P+'plasma__R'")
            if name == 'native':
                text = replace_once(text, 'bridge.build(change)', f'bridge.build({WI059_REPLAY!r} | change)')
                text = replace_once(text, "'entering-package/contracts/model_contract.json'", repr(str(translated / 'entering-package/contracts/model_contract.json')))
                text = replace_once(text, "delta['added']==[]",
                                    f"{{x[1] for x in delta['added']}}=={WI040_PARAMETERS | WI038_PARAMETERS | WI058_PARAMETERS | WI059_PARAMETERS | WI059_NATIVE_ONLY_PARAMETERS | WI060_PARAMETERS | WI061_PARAMETERS | WI062_PARAMETERS | WI063_PARAMETERS!r}")
                # WI-058: evaluate R14 at the R-form's length (see K_COIL_RETIRED) so the frozen row stays exact.
                text = replace_once(text, "('R14',{P+'plasma__R':14.0})",
                                    f"('R14',{{P+'plasma__R':14.0,P+'magnet__coil__c_coil_ref':{K_COIL_RETIRED * 14.0!r}}})")
            if name in ('native', 'direct'):
                text = 'from tests.models.current_mfe_regressions import pre_fit_report\n' + text
            if name == 'native':
                text = replace_once(text, "assert a['responses']==b['responses']", "assert {k:v for k,v in a['responses'].items() if 'wp_fit_ok' not in k and 'reference_conductor_current_ok' not in k}==b['responses']")
                text = text.replace("a['report']==b['report']", "pre_fit_report(a['report'], b['report'])==b['report']")
            if name == 'direct':
                text = replace_once(text, "assert set(raw)==set(expected)", "assert set(raw)-{k for k in raw if 'wp_fit_ok' in k or 'reference_conductor_current_ok' in k}==set(expected)\n        raw['constraint_report'] = pre_fit_report(raw['constraint_report'], expected['constraint_report'])")
            if name == 'standalone':
                # WI-058: the winding length no longer takes R0 -- its R0-only check leaves the replay (its bore
                # response is tested in test_winding_length_bore.py); the other three magnet calcs keep theirs.
                text = replace_once(text, "('coil_length','mfe_magnet_field','coil_winding_length','Coil_Winding_Length',14/12.7),", '')
                for suffix in ('field_calc', 'stored_energy', 'magnet_cost'):
                    text = replace_once(text, f"('{suffix}',", f"('{modules[suffix]}',")
            if name == 'native':
                text = replace_once(text, "a['outputs'][k]==v if name=='baseline'", f"a['outputs'][k]==v if name=='baseline' and k not in {finance!r}")
                text = replace_once(text,
                    "    assert component[name].get('B_peak',component[name].get('error'))==row.get('B_peak',row.get('error'))",
                    "    if name == 'valid':\n"
                    "        assert component[name]['B_peak'] == row['B_peak']\n"
                    "    else:\n"
                    "        assert component[name]['error'] == 'ValueError'\n"
                    "        domain = 'reference' if name.startswith('reference') else 'live'\n"
                    "        assert domain + ' clearance' in component[name]['message']")
            if name == 'direct':
                text = replace_once(text, 'values.update(change)', f'values.update({WI059_REPLAY!r} | change)')
                # WI-058: evaluate R14 at the R-form's length (see K_COIL_RETIRED) so the frozen row stays exact.
                text = replace_once(text, "'R14':{P+'plasma__R':14.0,",
                                    f"'R14':{{P+'plasma__R':14.0,P+'magnet__coil__c_coil_ref':{K_COIL_RETIRED * 14.0!r},")
                text = replace_once(text, "if name=='baseline' or not isinstance(v,(int,float)):",
                                    f"if (name=='baseline' and k not in {finance!r}) or not isinstance(v,(int,float)):")
                text = replace_once(text, "scalar[k]==v if name=='baseline'", f"scalar[k]==v if name=='baseline' and k not in {finance!r}")
                # WI-053 read the magnet clearance refusal (ValueError) first at three invalid radii. WI-057
                # (2026-09-13): the calcs live on their parts and the regenerated pipeline executes the plasma's
                # sustainment module before the magnet's peak-field module. At the coil-centre and R3 radii the first
                # refusal is the plasma's deliberate SustainmentError (accepted: a different deliberate rejection).
                # At the negative radius it is an incidental TypeError inside plasma__sustain -- an UNRESOLVED
                # regression of the diagnostic, documented here, not repaired (goal structural-decomposition
                # trail, Amendment 2026-09-13; a deliberate non-positive-radius refusal is a model item). The
                # clearance check itself is unchanged and still refuses when reached
                # (test_peak_component_preserves_valid_and_rejects_invalid_domains).
                text = replace_once(text,
                    "classes=['SustainmentError','ZeroDivisionError','SustainmentError','ZeroDivisionError','TypeError']",
                    "classes=['SustainmentError','SustainmentError','SustainmentError','ZeroDivisionError','TypeError']")
            driver = drivers / (name + '.py')
            driver.write_text(text)
            command = [str(ROOT / '.codex-test/run'), 'bash', '-c',
                       'export PYTHONPATH="$PWD:$STOP_PARSER_TEAX_ROOT/packages/teax-simkit" STUDY_REQUIRE_TEAX=1; exec .codex-test/run python "$@"',
                       'current-mfe', str(driver), str(destination)]
            result = subprocess.run(command, cwd=ROOT, capture_output=True, text=True)
            (destination / (name + '.log')).write_text(result.stdout + result.stderr)
>           assert result.returncode == 0, f'{name} failed: {destination / (name + ".log")}'
                   ^^^^^^^^^^^^^^^^^^^^^^
E           AssertionError: cli_checks failed: /tmp/pytest-of-reid/pytest-12843/wi0510/acceptance/cli_checks.log

tests/models/current_mfe_regressions.py:391: AssertionError
_ ERROR at setup of test_peak_component_preserves_valid_and_rejects_invalid_domains[reference_inverted] _

tmp_path_factory = TempPathFactory(_given_basetemp=None, _trace=<pluggy._tracing.TagTracerSub object at 0x7b80acf69160>, _basetemp=PosixPath('/tmp/pytest-of-reid/pytest-12843'), _retention_count=3, _retention_policy='all')

    @pytest.fixture(scope='module')
    def acceptance(tmp_path_factory):
        from tests.models.current_mfe_regressions import radius_acceptance
>       return radius_acceptance(tmp_path_factory.mktemp('wi051')/'acceptance',H)
               ^^^^^^^^^^^^^^^^^^^^^^^^^^^^^^^^^^^^^^^^^^^^^^^^^^^^^^^^^^^^^^^^^^

tests/models/test_mfe_major_radius.py:140: 
_ _ _ _ _ _ _ _ _ _ _ _ _ _ _ _ _ _ _ _ _ _ _ _ _ _ _ _ _ _ _ _ _ _ _ _ _ _ _ _ 

destination = PosixPath('/tmp/pytest-of-reid/pytest-12843/wi0510/acceptance')
historical = PosixPath('/home/reid/1cfe/fusion-tea/work/active/WI-051_mfe-model-owned-major-radius/implementation')

    def radius_acceptance(destination, historical):
        destination = Path(destination)
        destination.mkdir()
        drivers = destination / 'drivers'
        drivers.mkdir()
        ledger = json.loads((FINANCE_EVIDENCE / 'scalar-ledger.json').read_text())['live_ordinary']
        finance = {row['name'] for row in ledger if row['classification'] == 'changed finance'}
        generation = current_generation()
        before = generation.inventory(generation.PACKAGE)
        # WI-057 (2026-09-13): the drivers read the frozen evidence and the package under the new names.
        forward, _ = structure_ledger()
        translated, modules = translate_frozen_radius_evidence(Path(historical), destination, forward)
        # Current economic expectations are independently recomputed; baseline arithmetic may
        # differ by roundoff. This is a bounded tolerance, never omission of these comparisons.
        finance |= restate_wi040_radius_costs(translated)
        for name in ('native', 'direct', 'standalone', 'cli_checks'):
            text = (historical / (name + '.py')).read_text()
            if "Path(__file__).resolve().parent.parent/'prototype'" in text:
                text = replace_once(text, "Path(__file__).resolve().parent.parent/'prototype'", f'Path({str(translated)!r})')
            text = text.replace('Path(__file__).resolve().parent', f'Path({str(historical)!r})')
            if name in ('native', 'direct'):
                text = text.replace("P+'R'", "P+'plasma__R'")
            if name == 'native':
                text = replace_once(text, 'bridge.build(change)', f'bridge.build({WI059_REPLAY!r} | change)')
                text = replace_once(text, "'entering-package/contracts/model_contract.json'", repr(str(translated / 'entering-package/contracts/model_contract.json')))
                text = replace_once(text, "delta['added']==[]",
                                    f"{{x[1] for x in delta['added']}}=={WI040_PARAMETERS | WI038_PARAMETERS | WI058_PARAMETERS | WI059_PARAMETERS | WI059_NATIVE_ONLY_PARAMETERS | WI060_PARAMETERS | WI061_PARAMETERS | WI062_PARAMETERS | WI063_PARAMETERS!r}")
                # WI-058: evaluate R14 at the R-form's length (see K_COIL_RETIRED) so the frozen row stays exact.
                text = replace_once(text, "('R14',{P+'plasma__R':14.0})",
                                    f"('R14',{{P+'plasma__R':14.0,P+'magnet__coil__c_coil_ref':{K_COIL_RETIRED * 14.0!r}}})")
            if name in ('native', 'direct'):
                text = 'from tests.models.current_mfe_regressions import pre_fit_report\n' + text
            if name == 'native':
                text = replace_once(text, "assert a['responses']==b['responses']", "assert {k:v for k,v in a['responses'].items() if 'wp_fit_ok' not in k and 'reference_conductor_current_ok' not in k}==b['responses']")
                text = text.replace("a['report']==b['report']", "pre_fit_report(a['report'], b['report'])==b['report']")
            if name == 'direct':
                text = replace_once(text, "assert set(raw)==set(expected)", "assert set(raw)-{k for k in raw if 'wp_fit_ok' in k or 'reference_conductor_current_ok' in k}==set(expected)\n        raw['constraint_report'] = pre_fit_report(raw['constraint_report'], expected['constraint_report'])")
            if name == 'standalone':
                # WI-058: the winding length no longer takes R0 -- its R0-only check leaves the replay (its bore
                # response is tested in test_winding_length_bore.py); the other three magnet calcs keep theirs.
                text = replace_once(text, "('coil_length','mfe_magnet_field','coil_winding_length','Coil_Winding_Length',14/12.7),", '')
                for suffix in ('field_calc', 'stored_energy', 'magnet_cost'):
                    text = replace_once(text, f"('{suffix}',", f"('{modules[suffix]}',")
            if name == 'native':
                text = replace_once(text, "a['outputs'][k]==v if name=='baseline'", f"a['outputs'][k]==v if name=='baseline' and k not in {finance!r}")
                text = replace_once(text,
                    "    assert component[name].get('B_peak',component[name].get('error'))==row.get('B_peak',row.get('error'))",
                    "    if name == 'valid':\n"
                    "        assert component[name]['B_peak'] == row['B_peak']\n"
                    "    else:\n"
                    "        assert component[name]['error'] == 'ValueError'\n"
                    "        domain = 'reference' if name.startswith('reference') else 'live'\n"
                    "        assert domain + ' clearance' in component[name]['message']")
            if name == 'direct':
                text = replace_once(text, 'values.update(change)', f'values.update({WI059_REPLAY!r} | change)')
                # WI-058: evaluate R14 at the R-form's length (see K_COIL_RETIRED) so the frozen row stays exact.
                text = replace_once(text, "'R14':{P+'plasma__R':14.0,",
                                    f"'R14':{{P+'plasma__R':14.0,P+'magnet__coil__c_coil_ref':{K_COIL_RETIRED * 14.0!r},")
                text = replace_once(text, "if name=='baseline' or not isinstance(v,(int,float)):",
                                    f"if (name=='baseline' and k not in {finance!r}) or not isinstance(v,(int,float)):")
                text = replace_once(text, "scalar[k]==v if name=='baseline'", f"scalar[k]==v if name=='baseline' and k not in {finance!r}")
                # WI-053 read the magnet clearance refusal (ValueError) first at three invalid radii. WI-057
                # (2026-09-13): the calcs live on their parts and the regenerated pipeline executes the plasma's
                # sustainment module before the magnet's peak-field module. At the coil-centre and R3 radii the first
                # refusal is the plasma's deliberate SustainmentError (accepted: a different deliberate rejection).
                # At the negative radius it is an incidental TypeError inside plasma__sustain -- an UNRESOLVED
                # regression of the diagnostic, documented here, not repaired (goal structural-decomposition
                # trail, Amendment 2026-09-13; a deliberate non-positive-radius refusal is a model item). The
                # clearance check itself is unchanged and still refuses when reached
                # (test_peak_component_preserves_valid_and_rejects_invalid_domains).
                text = replace_once(text,
                    "classes=['SustainmentError','ZeroDivisionError','SustainmentError','ZeroDivisionError','TypeError']",
                    "classes=['SustainmentError','SustainmentError','SustainmentError','ZeroDivisionError','TypeError']")
            driver = drivers / (name + '.py')
            driver.write_text(text)
            command = [str(ROOT / '.codex-test/run'), 'bash', '-c',
                       'export PYTHONPATH="$PWD:$STOP_PARSER_TEAX_ROOT/packages/teax-simkit" STUDY_REQUIRE_TEAX=1; exec .codex-test/run python "$@"',
                       'current-mfe', str(driver), str(destination)]
            result = subprocess.run(command, cwd=ROOT, capture_output=True, text=True)
            (destination / (name + '.log')).write_text(result.stdout + result.stderr)
>           assert result.returncode == 0, f'{name} failed: {destination / (name + ".log")}'
                   ^^^^^^^^^^^^^^^^^^^^^^
E           AssertionError: cli_checks failed: /tmp/pytest-of-reid/pytest-12843/wi0510/acceptance/cli_checks.log

tests/models/current_mfe_regressions.py:391: AssertionError
=========================== short test summary info ============================
ERROR tests/models/test_mfe_major_radius.py::test_complete_native_and_direct_parity[baseline]
ERROR tests/models/test_mfe_major_radius.py::test_complete_native_and_direct_parity[R14]
ERROR tests/models/test_mfe_major_radius.py::test_independent_radius_ratios_and_fixed_anchors
ERROR tests/models/test_mfe_major_radius.py::test_standalone_radius_formals[field_calc]
ERROR tests/models/test_mfe_major_radius.py::test_standalone_radius_formals[stored_energy]
ERROR tests/models/test_mfe_major_radius.py::test_standalone_radius_formals[magnet_cost]
ERROR tests/models/test_mfe_major_radius.py::test_retired_radius_refused[alone-native]
ERROR tests/models/test_mfe_major_radius.py::test_retired_radius_refused[alone-schema]
ERROR tests/models/test_mfe_major_radius.py::test_retired_radius_refused[alone-helper]
ERROR tests/models/test_mfe_major_radius.py::test_retired_radius_refused[alone-single]
ERROR tests/models/test_mfe_major_radius.py::test_retired_radius_refused[alone-cli]
ERROR tests/models/test_mfe_major_radius.py::test_retired_radius_refused[equal-native]
ERROR tests/models/test_mfe_major_radius.py::test_retired_radius_refused[equal-schema]
ERROR tests/models/test_mfe_major_radius.py::test_retired_radius_refused[equal-helper]
ERROR tests/models/test_mfe_major_radius.py::test_retired_radius_refused[equal-single]
ERROR tests/models/test_mfe_major_radius.py::test_retired_radius_refused[equal-cli]
ERROR tests/models/test_mfe_major_radius.py::test_retired_radius_refused[conflicting-native]
ERROR tests/models/test_mfe_major_radius.py::test_retired_radius_refused[conflicting-schema]
ERROR tests/models/test_mfe_major_radius.py::test_retired_radius_refused[conflicting-helper]
ERROR tests/models/test_mfe_major_radius.py::test_retired_radius_refused[conflicting-single]
ERROR tests/models/test_mfe_major_radius.py::test_retired_radius_refused[conflicting-cli]
ERROR tests/models/test_mfe_major_radius.py::test_retired_radius_refused[zero-native]
ERROR tests/models/test_mfe_major_radius.py::test_retired_radius_refused[zero-schema]
ERROR tests/models/test_mfe_major_radius.py::test_retired_radius_refused[zero-helper]
ERROR tests/models/test_mfe_major_radius.py::test_retired_radius_refused[zero-single]
ERROR tests/models/test_mfe_major_radius.py::test_retired_radius_refused[zero-cli]
ERROR tests/models/test_mfe_major_radius.py::test_unified_invalid_radius_failure[R4-native]
ERROR tests/models/test_mfe_major_radius.py::test_unified_invalid_radius_failure[R4-helper]
ERROR tests/models/test_mfe_major_radius.py::test_unified_invalid_radius_failure[R4-single]
ERROR tests/models/test_mfe_major_radius.py::test_unified_invalid_radius_failure[coil-centre-native]
ERROR tests/models/test_mfe_major_radius.py::test_unified_invalid_radius_failure[coil-centre-helper]
ERROR tests/models/test_mfe_major_radius.py::test_unified_invalid_radius_failure[coil-centre-single]
ERROR tests/models/test_mfe_major_radius.py::test_unified_invalid_radius_failure[R3-native]
ERROR tests/models/test_mfe_major_radius.py::test_unified_invalid_radius_failure[R3-helper]
ERROR tests/models/test_mfe_major_radius.py::test_unified_invalid_radius_failure[R3-single]
ERROR tests/models/test_mfe_major_radius.py::test_unified_invalid_radius_failure[zero-native]
ERROR tests/models/test_mfe_major_radius.py::test_unified_invalid_radius_failure[zero-helper]
ERROR tests/models/test_mfe_major_radius.py::test_unified_invalid_radius_failure[zero-single]
ERROR tests/models/test_mfe_major_radius.py::test_unified_invalid_radius_failure[negative-native]
ERROR tests/models/test_mfe_major_radius.py::test_unified_invalid_radius_failure[negative-helper]
ERROR tests/models/test_mfe_major_radius.py::test_unified_invalid_radius_failure[negative-single]
ERROR tests/models/test_mfe_major_radius.py::test_peak_component_preserves_valid_and_rejects_invalid_domains[valid]
ERROR tests/models/test_mfe_major_radius.py::test_peak_component_preserves_valid_and_rejects_invalid_domains[original_negative]
ERROR tests/models/test_mfe_major_radius.py::test_peak_component_preserves_valid_and_rejects_invalid_domains[equality]
ERROR tests/models/test_mfe_major_radius.py::test_peak_component_preserves_valid_and_rejects_invalid_domains[reference_equal]
ERROR tests/models/test_mfe_major_radius.py::test_peak_component_preserves_valid_and_rejects_invalid_domains[reference_inverted]
39 passed, 46 errors in 89.12s (0:01:29)
