eta,gain,eta_g,old_viable,new_verdict,new_viable,at_boundary,match
0.02,10.0,0.2,False,violated,False,False,True
0.02,15.0,0.3,False,violated,False,False,True
0.02,20.0,0.4,False,violated,False,False,True
0.02,25.0,0.5,False,violated,False,False,True
0.02,30.0,0.6,False,violated,False,False,True
0.02,35.0,0.7000000000000001,False,violated,False,False,True
0.02,40.0,0.8,False,violated,False,False,True
0.02,45.0,0.9,False,violated,False,False,True
0.02,50.0,1.0,False,violated,False,False,True
0.02,55.0,1.1,False,violated,False,False,True
0.02,60.0,1.2,False,violated,False,False,True
0.02,65.0,1.3,False,violated,False,False,True
0.02,70.0,1.4000000000000001,False,violated,False,False,True
0.02,75.0,1.5,False,violated,False,False,True
0.02,80.0,1.6,False,violated,False,False,True
0.02,85.0,1.7,False,violated,False,False,True
0.02,90.0,1.8,False,violated,False,False,True
0.02,95.0,1.9000000000000001,False,violated,False,False,True
0.02,100.0,2.0,False,violated,False,False,True
0.02,105.0,2.1,False,violated,False,False,True
0.02,110.0,2.2,False,violated,False,False,True
0.02,115.0,2.3000000000000003,False,violated,False,False,True
0.02,120.0,2.4,False,violated,False,False,True
0.02,125.0,2.5,False,violated,False,False,True
0.02,130.0,2.6,False,violated,False,False,True
0.02,135.0,2.7,False,violated,False,False,True
0.02,140.0,2.8000000000000003,False,violated,False,False,True
0.02,145.0,2.9,False,violated,False,False,True
0.02,150.0,3.0,False,violated,False,False,True
0.02,155.0,3.1,False,violated,False,False,True
0.02,160.0,3.2,False,violated,False,False,True
0.02,165.0,3.3000000000000003,False,violated,False,False,True
0.02,170.0,3.4,False,violated,False,False,True
0.02,175.0,3.5,False,violated,False,False,True
0.02,180.0,3.6,False,violated,False,False,True
0.02,185.0,3.7,False,violated,False,False,True
0.02,190.0,3.8000000000000003,False,violated,False,False,True
0.02,195.0,3.9,False,violated,False,False,True
0.02,200.0,4.0,False,violated,False,False,True
0.02,205.0,4.1,False,violated,False,False,True
0.02,210.0,4.2,False,violated,False,False,True
0.02,215.0,4.3,False,violated,False,False,True
0.02,220.0,4.4,False,violated,False,False,True
0.02,225.0,4.5,False,violated,False,False,True
0.02,230.0,4.6000000000000005,False,violated,False,False,True
0.02,235.0,4.7,False,violated,False,False,True
0.02,240.0,4.8,False,violated,False,False,True
0.02,245.0,4.9,False,violated,False,False,True
0.02,250.0,5.0,False,violated,False,False,True
0.02,255.0,5.1000000000000005,False,violated,False,False,True
0.02,260.0,5.2,False,violated,False,False,True
0.02,265.0,5.3,False,violated,False,False,True
0.02,270.0,5.4,False,violated,False,False,True
0.02,275.0,5.5,False,violated,False,False,True
0.02,280.0,5.6000000000000005,False,violated,False,False,True
0.02,285.0,5.7,False,violated,False,False,True
0.02,290.0,5.8,False,violated,False,False,True
0.02,295.0,5.9,False,violated,False,False,True
0.02,300.0,6.0,False,violated,False,False,True
0.03,10.0,0.3,False,violated,False,False,True
0.03,15.0,0.44999999999999996,False,violated,False,False,True
0.03,20.0,0.6,False,violated,False,False,True
0.03,25.0,0.75,False,violated,False,False,True
0.03,30.0,0.8999999999999999,False,violated,False,False,True
0.03,35.0,1.05,False,violated,False,False,True
0.03,40.0,1.2,False,violated,False,False,True
0.03,45.0,1.3499999999999999,False,violated,False,False,True
0.03,50.0,1.5,False,violated,False,False,True
0.03,55.0,1.65,False,violated,False,False,True
0.03,60.0,1.7999999999999998,False,violated,False,False,True
0.03,65.0,1.95,False,violated,False,False,True
0.03,70.0,2.1,False,violated,False,False,True
0.03,75.0,2.25,False,violated,False,False,True
0.03,80.0,2.4,False,violated,False,False,True
0.03,85.0,2.55,False,violated,False,False,True
0.03,90.0,2.6999999999999997,False,violated,False,False,True
0.03,95.0,2.85,False,violated,False,False,True
0.03,100.0,3.0,False,violated,False,False,True
0.03,105.0,3.15,False,violated,False,False,True
0.03,110.0,3.3,False,violated,False,False,True
0.03,115.0,3.4499999999999997,False,violated,False,False,True
0.03,120.0,3.5999999999999996,False,violated,False,False,True
0.03,125.0,3.75,False,violated,False,False,True
0.03,130.0,3.9,False,violated,False,False,True
0.03,135.0,4.05,False,violated,False,False,True
0.03,140.0,4.2,False,violated,False,False,True
0.03,145.0,4.35,False,violated,False,False,True
0.03,150.0,4.5,False,violated,False,False,True
0.03,155.0,4.6499999999999995,False,violated,False,False,True
0.03,160.0,4.8,False,violated,False,False,True
0.03,165.0,4.95,False,violated,False,False,True
0.03,170.0,5.1,False,violated,False,False,True
0.03,175.0,5.25,False,violated,False,False,True
0.03,180.0,5.3999999999999995,False,violated,False,False,True
0.03,185.0,5.55,False,violated,False,False,True
0.03,190.0,5.7,False,violated,False,False,True
0.03,195.0,5.85,False,violated,False,False,True
0.03,200.0,6.0,False,violated,False,False,True
0.03,205.0,6.1499999999999995,False,violated,False,False,True
0.03,210.0,6.3,False,violated,False,False,True
0.03,215.0,6.45,False,violated,False,False,True
0.03,220.0,6.6,False,violated,False,False,True
0.03,225.0,6.75,False,violated,False,False,True
0.03,230.0,6.8999999999999995,False,violated,False,False,True
0.03,235.0,7.05,False,violated,False,False,True
0.03,240.0,7.199999999999999,False,violated,False,False,True
0.03,245.0,7.35,False,violated,False,False,True
0.03,250.0,7.5,False,violated,False,False,True
0.03,255.0,7.6499999999999995,False,violated,False,False,True
0.03,260.0,7.8,False,violated,False,False,True
0.03,265.0,7.949999999999999,False,violated,False,False,True
0.03,270.0,8.1,False,violated,False,False,True
0.03,275.0,8.25,False,violated,False,False,True
0.03,280.0,8.4,False,violated,False,False,True
0.03,285.0,8.549999999999999,False,violated,False,False,True
0.03,290.0,8.7,False,violated,False,False,True
0.03,295.0,8.85,False,violated,False,False,True
0.03,300.0,9.0,False,violated,False,False,True
0.04,10.0,0.4,False,violated,False,False,True
0.04,15.0,0.6,False,violated,False,False,True
0.04,20.0,0.8,False,violated,False,False,True
0.04,25.0,1.0,False,violated,False,False,True
0.04,30.0,1.2,False,violated,False,False,True
0.04,35.0,1.4000000000000001,False,violated,False,False,True
0.04,40.0,1.6,False,violated,False,False,True
0.04,45.0,1.8,False,violated,False,False,True
0.04,50.0,2.0,False,violated,False,False,True
0.04,55.0,2.2,False,violated,False,False,True
0.04,60.0,2.4,False,violated,False,False,True
0.04,65.0,2.6,False,violated,False,False,True
0.04,70.0,2.8000000000000003,False,violated,False,False,True
0.04,75.0,3.0,False,violated,False,False,True
0.04,80.0,3.2,False,violated,False,False,True
0.04,85.0,3.4,False,violated,False,False,True
0.04,90.0,3.6,False,violated,False,False,True
0.04,95.0,3.8000000000000003,False,violated,False,False,True
0.04,100.0,4.0,False,violated,False,False,True
0.04,105.0,4.2,False,violated,False,False,True
0.04,110.0,4.4,False,violated,False,False,True
0.04,115.0,4.6000000000000005,False,violated,False,False,True
0.04,120.0,4.8,False,violated,False,False,True
0.04,125.0,5.0,False,violated,False,False,True
0.04,130.0,5.2,False,violated,False,False,True
0.04,135.0,5.4,False,violated,False,False,True
0.04,140.0,5.6000000000000005,False,violated,False,False,True
0.04,145.0,5.8,False,violated,False,False,True
0.04,150.0,6.0,False,violated,False,False,True
0.04,155.0,6.2,False,violated,False,False,True
0.04,160.0,6.4,False,violated,False,False,True
0.04,165.0,6.6000000000000005,False,violated,False,False,True
0.04,170.0,6.8,False,violated,False,False,True
0.04,175.0,7.0,False,violated,False,False,True
0.04,180.0,7.2,False,violated,False,False,True
0.04,185.0,7.4,False,violated,False,False,True
0.04,190.0,7.6000000000000005,False,violated,False,False,True
0.04,195.0,7.8,False,violated,False,False,True
0.04,200.0,8.0,False,violated,False,False,True
0.04,205.0,8.2,False,violated,False,False,True
0.04,210.0,8.4,False,violated,False,False,True
0.04,215.0,8.6,False,violated,False,False,True
0.04,220.0,8.8,False,violated,False,False,True
0.04,225.0,9.0,False,violated,False,False,True
0.04,230.0,9.200000000000001,False,violated,False,False,True
0.04,235.0,9.4,False,violated,False,False,True
0.04,240.0,9.6,False,violated,False,False,True
0.04,245.0,9.8,False,violated,False,False,True
0.04,250.0,10.0,False,satisfied,True,True,True
0.04,255.0,10.200000000000001,True,satisfied,True,False,True
0.04,260.0,10.4,True,satisfied,True,False,True
0.04,265.0,10.6,True,satisfied,True,False,True
0.04,270.0,10.8,True,satisfied,True,False,True
0.04,275.0,11.0,True,satisfied,True,False,True
0.04,280.0,11.200000000000001,True,satisfied,True,False,True
0.04,285.0,11.4,True,satisfied,True,False,True
0.04,290.0,11.6,True,satisfied,True,False,True
0.04,295.0,11.8,True,satisfied,True,False,True
0.04,300.0,12.0,True,satisfied,True,False,True
0.05,10.0,0.5,False,violated,False,False,True
0.05,15.0,0.75,False,violated,False,False,True
0.05,20.0,1.0,False,violated,False,False,True
0.05,25.0,1.25,False,violated,False,False,True
0.05,30.0,1.5,False,violated,False,False,True
0.05,35.0,1.75,False,violated,False,False,True
0.05,40.0,2.0,False,violated,False,False,True
0.05,45.0,2.25,False,violated,False,False,True
0.05,50.0,2.5,False,violated,False,False,True
0.05,55.0,2.75,False,violated,False,False,True
0.05,60.0,3.0,False,violated,False,False,True
0.05,65.0,3.25,False,violated,False,False,True
0.05,70.0,3.5,False,violated,False,False,True
0.05,75.0,3.75,False,violated,False,False,True
0.05,80.0,4.0,False,violated,False,False,True
0.05,85.0,4.25,False,violated,False,False,True
0.05,90.0,4.5,False,violated,False,False,True
0.05,95.0,4.75,False,violated,False,False,True
0.05,100.0,5.0,False,violated,False,False,True
0.05,105.0,5.25,False,violated,False,False,True
0.05,110.0,5.5,False,violated,False,False,True
0.05,115.0,5.75,False,violated,False,False,True
0.05,120.0,6.0,False,violated,False,False,True
0.05,125.0,6.25,False,violated,False,False,True
0.05,130.0,6.5,False,violated,False,False,True
0.05,135.0,6.75,False,violated,False,False,True
0.05,140.0,7.0,False,violated,False,False,True
0.05,145.0,7.25,False,violated,False,False,True
0.05,150.0,7.5,False,violated,False,False,True
0.05,155.0,7.75,False,violated,False,False,True
0.05,160.0,8.0,False,violated,False,False,True
0.05,165.0,8.25,False,violated,False,False,True
0.05,170.0,8.5,False,violated,False,False,True
0.05,175.0,8.75,False,violated,False,False,True
0.05,180.0,9.0,False,violated,False,False,True
0.05,185.0,9.25,False,violated,False,False,True
0.05,190.0,9.5,False,violated,False,False,True
0.05,195.0,9.75,False,violated,False,False,True
0.05,200.0,10.0,False,satisfied,True,True,True
0.05,205.0,10.25,True,satisfied,True,False,True
0.05,210.0,10.5,True,satisfied,True,False,True
0.05,215.0,10.75,True,satisfied,True,False,True
0.05,220.0,11.0,True,satisfied,True,False,True
0.05,225.0,11.25,True,satisfied,True,False,True
0.05,230.0,11.5,True,satisfied,True,False,True
0.05,235.0,11.75,True,satisfied,True,False,True
0.05,240.0,12.0,True,satisfied,True,False,True
0.05,245.0,12.25,True,satisfied,True,False,True
0.05,250.0,12.5,True,satisfied,True,False,True
0.05,255.0,12.75,True,satisfied,True,False,True
0.05,260.0,13.0,True,satisfied,True,False,True
0.05,265.0,13.25,True,satisfied,True,False,True
0.05,270.0,13.5,True,satisfied,True,False,True
0.05,275.0,13.75,True,satisfied,True,False,True
0.05,280.0,14.0,True,satisfied,True,False,True
0.05,285.0,14.25,True,satisfied,True,False,True
0.05,290.0,14.5,True,satisfied,True,False,True
0.05,295.0,14.75,True,satisfied,True,False,True
0.05,300.0,15.0,True,satisfied,True,False,True
0.06,10.0,0.6,False,violated,False,False,True
0.06,15.0,0.8999999999999999,False,violated,False,False,True
0.06,20.0,1.2,False,violated,False,False,True
0.06,25.0,1.5,False,violated,False,False,True
0.06,30.0,1.7999999999999998,False,violated,False,False,True
0.06,35.0,2.1,False,violated,False,False,True
0.06,40.0,2.4,False,violated,False,False,True
0.06,45.0,2.6999999999999997,False,violated,False,False,True
0.06,50.0,3.0,False,violated,False,False,True
0.06,55.0,3.3,False,violated,False,False,True
0.06,60.0,3.5999999999999996,False,violated,False,False,True
0.06,65.0,3.9,False,violated,False,False,True
0.06,70.0,4.2,False,violated,False,False,True
0.06,75.0,4.5,False,violated,False,False,True
0.06,80.0,4.8,False,violated,False,False,True
0.06,85.0,5.1,False,violated,False,False,True
0.06,90.0,5.3999999999999995,False,violated,False,False,True
0.06,95.0,5.7,False,violated,False,False,True
0.06,100.0,6.0,False,violated,False,False,True
0.06,105.0,6.3,False,violated,False,False,True
0.06,110.0,6.6,False,violated,False,False,True
0.06,115.0,6.8999999999999995,False,violated,False,False,True
0.06,120.0,7.199999999999999,False,violated,False,False,True
0.06,125.0,7.5,False,violated,False,False,True
0.06,130.0,7.8,False,violated,False,False,True
0.06,135.0,8.1,False,violated,False,False,True
0.06,140.0,8.4,False,violated,False,False,True
0.06,145.0,8.7,False,violated,False,False,True
0.06,150.0,9.0,False,violated,False,False,True
0.06,155.0,9.299999999999999,False,violated,False,False,True
0.06,160.0,9.6,False,violated,False,False,True
0.06,165.0,9.9,False,violated,False,False,True
0.06,170.0,10.2,True,satisfied,True,False,True
0.06,175.0,10.5,True,satisfied,True,False,True
0.06,180.0,10.799999999999999,True,satisfied,True,False,True
0.06,185.0,11.1,True,satisfied,True,False,True
0.06,190.0,11.4,True,satisfied,True,False,True
0.06,195.0,11.7,True,satisfied,True,False,True
0.06,200.0,12.0,True,satisfied,True,False,True
0.06,205.0,12.299999999999999,True,satisfied,True,False,True
0.06,210.0,12.6,True,satisfied,True,False,True
0.06,215.0,12.9,True,satisfied,True,False,True
0.06,220.0,13.2,True,satisfied,True,False,True
0.06,225.0,13.5,True,satisfied,True,False,True
0.06,230.0,13.799999999999999,True,satisfied,True,False,True
0.06,235.0,14.1,True,satisfied,True,False,True
0.06,240.0,14.399999999999999,True,satisfied,True,False,True
0.06,245.0,14.7,True,satisfied,True,False,True
0.06,250.0,15.0,True,satisfied,True,False,True
0.06,255.0,15.299999999999999,True,satisfied,True,False,True
0.06,260.0,15.6,True,satisfied,True,False,True
0.06,265.0,15.899999999999999,True,satisfied,True,False,True
0.06,270.0,16.2,True,satisfied,True,False,True
0.06,275.0,16.5,True,satisfied,True,False,True
0.06,280.0,16.8,True,satisfied,True,False,True
0.06,285.0,17.099999999999998,True,satisfied,True,False,True
0.06,290.0,17.4,True,satisfied,True,False,True
0.06,295.0,17.7,True,satisfied,True,False,True
0.06,300.0,18.0,True,satisfied,True,False,True
0.07,10.0,0.7000000000000001,False,violated,False,False,True
0.07,15.0,1.05,False,violated,False,False,True
0.07,20.0,1.4000000000000001,False,violated,False,False,True
0.07,25.0,1.7500000000000002,False,violated,False,False,True
0.07,30.0,2.1,False,violated,False,False,True
0.07,35.0,2.45,False,violated,False,False,True
0.07,40.0,2.8000000000000003,False,violated,False,False,True
0.07,45.0,3.1500000000000004,False,violated,False,False,True
0.07,50.0,3.5000000000000004,False,violated,False,False,True
0.07,55.0,3.8500000000000005,False,violated,False,False,True
0.07,60.0,4.2,False,violated,False,False,True
0.07,65.0,4.550000000000001,False,violated,False,False,True
0.07,70.0,4.9,False,violated,False,False,True
0.07,75.0,5.250000000000001,False,violated,False,False,True
0.07,80.0,5.6000000000000005,False,violated,False,False,True
0.07,85.0,5.95,False,violated,False,False,True
0.07,90.0,6.300000000000001,False,violated,False,False,True
0.07,95.0,6.65,False,violated,False,False,True
0.07,100.0,7.000000000000001,False,violated,False,False,True
0.07,105.0,7.3500000000000005,False,violated,False,False,True
0.07,110.0,7.700000000000001,False,violated,False,False,True
0.07,115.0,8.05,False,violated,False,False,True
0.07,120.0,8.4,False,violated,False,False,True
0.07,125.0,8.75,False,violated,False,False,True
0.07,130.0,9.100000000000001,False,violated,False,False,True
0.07,135.0,9.450000000000001,False,violated,False,False,True
0.07,140.0,9.8,False,violated,False,False,True
0.07,145.0,10.15,True,satisfied,True,False,True
0.07,150.0,10.500000000000002,True,satisfied,True,False,True
0.07,155.0,10.850000000000001,True,satisfied,True,False,True
0.07,160.0,11.200000000000001,True,satisfied,True,False,True
0.07,165.0,11.55,True,satisfied,True,False,True
0.07,170.0,11.9,True,satisfied,True,False,True
0.07,175.0,12.250000000000002,True,satisfied,True,False,True
0.07,180.0,12.600000000000001,True,satisfied,True,False,True
0.07,185.0,12.950000000000001,True,satisfied,True,False,True
0.07,190.0,13.3,True,satisfied,True,False,True
0.07,195.0,13.650000000000002,True,satisfied,True,False,True
0.07,200.0,14.000000000000002,True,satisfied,True,False,True
0.07,205.0,14.350000000000001,True,satisfied,True,False,True
0.07,210.0,14.700000000000001,True,satisfied,True,False,True
0.07,215.0,15.05,True,satisfied,True,False,True
0.07,220.0,15.400000000000002,True,satisfied,True,False,True
0.07,225.0,15.750000000000002,True,satisfied,True,False,True
0.07,230.0,16.1,True,satisfied,True,False,True
0.07,235.0,16.450000000000003,True,satisfied,True,False,True
0.07,240.0,16.8,True,satisfied,True,False,True
0.07,245.0,17.150000000000002,True,satisfied,True,False,True
0.07,250.0,17.5,True,satisfied,True,False,True
0.07,255.0,17.85,True,satisfied,True,False,True
0.07,260.0,18.200000000000003,True,satisfied,True,False,True
0.07,265.0,18.55,True,satisfied,True,False,True
0.07,270.0,18.900000000000002,True,satisfied,True,False,True
0.07,275.0,19.250000000000004,True,satisfied,True,False,True
0.07,280.0,19.6,True,satisfied,True,False,True
0.07,285.0,19.950000000000003,True,satisfied,True,False,True
0.07,290.0,20.3,True,satisfied,True,False,True
0.07,295.0,20.650000000000002,True,satisfied,True,False,True
0.07,300.0,21.000000000000004,True,satisfied,True,False,True
0.08,10.0,0.8,False,violated,False,False,True
0.08,15.0,1.2,False,violated,False,False,True
0.08,20.0,1.6,False,violated,False,False,True
0.08,25.0,2.0,False,violated,False,False,True
0.08,30.0,2.4,False,violated,False,False,True
0.08,35.0,2.8000000000000003,False,violated,False,False,True
0.08,40.0,3.2,False,violated,False,False,True
0.08,45.0,3.6,False,violated,False,False,True
0.08,50.0,4.0,False,violated,False,False,True
0.08,55.0,4.4,False,violated,False,False,True
0.08,60.0,4.8,False,violated,False,False,True
0.08,65.0,5.2,False,violated,False,False,True
0.08,70.0,5.6000000000000005,False,violated,False,False,True
0.08,75.0,6.0,False,violated,False,False,True
0.08,80.0,6.4,False,violated,False,False,True
0.08,85.0,6.8,False,violated,False,False,True
0.08,90.0,7.2,False,violated,False,False,True
0.08,95.0,7.6000000000000005,False,violated,False,False,True
0.08,100.0,8.0,False,violated,False,False,True
0.08,105.0,8.4,False,violated,False,False,True
0.08,110.0,8.8,False,violated,False,False,True
0.08,115.0,9.200000000000001,False,violated,False,False,True
0.08,120.0,9.6,False,violated,False,False,True
0.08,125.0,10.0,False,satisfied,True,True,True
0.08,130.0,10.4,True,satisfied,True,False,True
0.08,135.0,10.8,True,satisfied,True,False,True
0.08,140.0,11.200000000000001,True,satisfied,True,False,True
0.08,145.0,11.6,True,satisfied,True,False,True
0.08,150.0,12.0,True,satisfied,True,False,True
0.08,155.0,12.4,True,satisfied,True,False,True
0.08,160.0,12.8,True,satisfied,True,False,True
0.08,165.0,13.200000000000001,True,satisfied,True,False,True
0.08,170.0,13.6,True,satisfied,True,False,True
0.08,175.0,14.0,True,satisfied,True,False,True
0.08,180.0,14.4,True,satisfied,True,False,True
0.08,185.0,14.8,True,satisfied,True,False,True
0.08,190.0,15.200000000000001,True,satisfied,True,False,True
0.08,195.0,15.6,True,satisfied,True,False,True
0.08,200.0,16.0,True,satisfied,True,False,True
0.08,205.0,16.4,True,satisfied,True,False,True
0.08,210.0,16.8,True,satisfied,True,False,True
0.08,215.0,17.2,True,satisfied,True,False,True
0.08,220.0,17.6,True,satisfied,True,False,True
0.08,225.0,18.0,True,satisfied,True,False,True
0.08,230.0,18.400000000000002,True,satisfied,True,False,True
0.08,235.0,18.8,True,satisfied,True,False,True
0.08,240.0,19.2,True,satisfied,True,False,True
0.08,245.0,19.6,True,satisfied,True,False,True
0.08,250.0,20.0,True,satisfied,True,False,True
0.08,255.0,20.400000000000002,True,satisfied,True,False,True
0.08,260.0,20.8,True,satisfied,True,False,True
0.08,265.0,21.2,True,satisfied,True,False,True
0.08,270.0,21.6,True,satisfied,True,False,True
0.08,275.0,22.0,True,satisfied,True,False,True
0.08,280.0,22.400000000000002,True,satisfied,True,False,True
0.08,285.0,22.8,True,satisfied,True,False,True
0.08,290.0,23.2,True,satisfied,True,False,True
0.08,295.0,23.6,True,satisfied,True,False,True
0.08,300.0,24.0,True,satisfied,True,False,True
0.09000000000000001,10.0,0.9000000000000001,False,violated,False,False,True
0.09000000000000001,15.0,1.35,False,violated,False,False,True
0.09000000000000001,20.0,1.8000000000000003,False,violated,False,False,True
0.09000000000000001,25.0,2.2500000000000004,False,violated,False,False,True
0.09000000000000001,30.0,2.7,False,violated,False,False,True
0.09000000000000001,35.0,3.1500000000000004,False,violated,False,False,True
0.09000000000000001,40.0,3.6000000000000005,False,violated,False,False,True
0.09000000000000001,45.0,4.050000000000001,False,violated,False,False,True
0.09000000000000001,50.0,4.500000000000001,False,violated,False,False,True
0.09000000000000001,55.0,4.95,False,violated,False,False,True
0.09000000000000001,60.0,5.4,False,violated,False,False,True
0.09000000000000001,65.0,5.8500000000000005,False,violated,False,False,True
0.09000000000000001,70.0,6.300000000000001,False,violated,False,False,True
0.09000000000000001,75.0,6.750000000000001,False,violated,False,False,True
0.09000000000000001,80.0,7.200000000000001,False,violated,False,False,True
0.09000000000000001,85.0,7.650000000000001,False,violated,False,False,True
0.09000000000000001,90.0,8.100000000000001,False,violated,False,False,True
0.09000000000000001,95.0,8.55,False,violated,False,False,True
0.09000000000000001,100.0,9.000000000000002,False,violated,False,False,True
0.09000000000000001,105.0,9.450000000000001,False,violated,False,False,True
0.09000000000000001,110.0,9.9,False,violated,False,False,True
0.09000000000000001,115.0,10.350000000000001,True,satisfied,True,False,True
0.09000000000000001,120.0,10.8,True,satisfied,True,False,True
0.09000000000000001,125.0,11.250000000000002,True,satisfied,True,False,True
0.09000000000000001,130.0,11.700000000000001,True,satisfied,True,False,True
0.09000000000000001,135.0,12.150000000000002,True,satisfied,True,False,True
0.09000000000000001,140.0,12.600000000000001,True,satisfied,True,False,True
0.09000000000000001,145.0,13.05,True,satisfied,True,False,True
0.09000000000000001,150.0,13.500000000000002,True,satisfied,True,False,True
0.09000000000000001,155.0,13.950000000000001,True,satisfied,True,False,True
0.09000000000000001,160.0,14.400000000000002,True,satisfied,True,False,True
0.09000000000000001,165.0,14.850000000000001,True,satisfied,True,False,True
0.09000000000000001,170.0,15.300000000000002,True,satisfied,True,False,True
0.09000000000000001,175.0,15.750000000000002,True,satisfied,True,False,True
0.09000000000000001,180.0,16.200000000000003,True,satisfied,True,False,True
0.09000000000000001,185.0,16.650000000000002,True,satisfied,True,False,True
0.09000000000000001,190.0,17.1,True,satisfied,True,False,True
0.09000000000000001,195.0,17.55,True,satisfied,True,False,True
0.09000000000000001,200.0,18.000000000000004,True,satisfied,True,False,True
0.09000000000000001,205.0,18.450000000000003,True,satisfied,True,False,True
0.09000000000000001,210.0,18.900000000000002,True,satisfied,True,False,True
0.09000000000000001,215.0,19.35,True,satisfied,True,False,True
0.09000000000000001,220.0,19.8,True,satisfied,True,False,True
0.09000000000000001,225.0,20.250000000000004,True,satisfied,True,False,True
0.09000000000000001,230.0,20.700000000000003,True,satisfied,True,False,True
0.09000000000000001,235.0,21.150000000000002,True,satisfied,True,False,True
0.09000000000000001,240.0,21.6,True,satisfied,True,False,True
0.09000000000000001,245.0,22.050000000000004,True,satisfied,True,False,True
0.09000000000000001,250.0,22.500000000000004,True,satisfied,True,False,True
0.09000000000000001,255.0,22.950000000000003,True,satisfied,True,False,True
0.09000000000000001,260.0,23.400000000000002,True,satisfied,True,False,True
0.09000000000000001,265.0,23.85,True,satisfied,True,False,True
0.09000000000000001,270.0,24.300000000000004,True,satisfied,True,False,True
0.09000000000000001,275.0,24.750000000000004,True,satisfied,True,False,True
0.09000000000000001,280.0,25.200000000000003,True,satisfied,True,False,True
0.09000000000000001,285.0,25.650000000000002,True,satisfied,True,False,True
0.09000000000000001,290.0,26.1,True,satisfied,True,False,True
0.09000000000000001,295.0,26.550000000000004,True,satisfied,True,False,True
0.09000000000000001,300.0,27.000000000000004,True,satisfied,True,False,True
0.1,10.0,1.0,False,violated,False,False,True
0.1,15.0,1.5,False,violated,False,False,True
0.1,20.0,2.0,False,violated,False,False,True
0.1,25.0,2.5,False,violated,False,False,True
0.1,30.0,3.0,False,violated,False,False,True
0.1,35.0,3.5,False,violated,False,False,True
0.1,40.0,4.0,False,violated,False,False,True
0.1,45.0,4.5,False,violated,False,False,True
0.1,50.0,5.0,False,violated,False,False,True
0.1,55.0,5.5,False,violated,False,False,True
0.1,60.0,6.0,False,violated,False,False,True
0.1,65.0,6.5,False,violated,False,False,True
0.1,70.0,7.0,False,violated,False,False,True
0.1,75.0,7.5,False,violated,False,False,True
0.1,80.0,8.0,False,violated,False,False,True
0.1,85.0,8.5,False,violated,False,False,True
0.1,90.0,9.0,False,violated,False,False,True
0.1,95.0,9.5,False,violated,False,False,True
0.1,100.0,10.0,False,satisfied,True,True,True
0.1,105.0,10.5,True,satisfied,True,False,True
0.1,110.0,11.0,True,satisfied,True,False,True
0.1,115.0,11.5,True,satisfied,True,False,True
0.1,120.0,12.0,True,satisfied,True,False,True
0.1,125.0,12.5,True,satisfied,True,False,True
0.1,130.0,13.0,True,satisfied,True,False,True
0.1,135.0,13.5,True,satisfied,True,False,True
0.1,140.0,14.0,True,satisfied,True,False,True
0.1,145.0,14.5,True,satisfied,True,False,True
0.1,150.0,15.0,True,satisfied,True,False,True
0.1,155.0,15.5,True,satisfied,True,False,True
0.1,160.0,16.0,True,satisfied,True,False,True
0.1,165.0,16.5,True,satisfied,True,False,True
0.1,170.0,17.0,True,satisfied,True,False,True
0.1,175.0,17.5,True,satisfied,True,False,True
0.1,180.0,18.0,True,satisfied,True,False,True
0.1,185.0,18.5,True,satisfied,True,False,True
0.1,190.0,19.0,True,satisfied,True,False,True
0.1,195.0,19.5,True,satisfied,True,False,True
0.1,200.0,20.0,True,satisfied,True,False,True
0.1,205.0,20.5,True,satisfied,True,False,True
0.1,210.0,21.0,True,satisfied,True,False,True
0.1,215.0,21.5,True,satisfied,True,False,True
0.1,220.0,22.0,True,satisfied,True,False,True
0.1,225.0,22.5,True,satisfied,True,False,True
0.1,230.0,23.0,True,satisfied,True,False,True
0.1,235.0,23.5,True,satisfied,True,False,True
0.1,240.0,24.0,True,satisfied,True,False,True
0.1,245.0,24.5,True,satisfied,True,False,True
0.1,250.0,25.0,True,satisfied,True,False,True
0.1,255.0,25.5,True,satisfied,True,False,True
0.1,260.0,26.0,True,satisfied,True,False,True
0.1,265.0,26.5,True,satisfied,True,False,True
0.1,270.0,27.0,True,satisfied,True,False,True
0.1,275.0,27.5,True,satisfied,True,False,True
0.1,280.0,28.0,True,satisfied,True,False,True
0.1,285.0,28.5,True,satisfied,True,False,True
0.1,290.0,29.0,True,satisfied,True,False,True
0.1,295.0,29.5,True,satisfied,True,False,True
0.1,300.0,30.0,True,satisfied,True,False,True
0.11,10.0,1.1,False,violated,False,False,True
0.11,15.0,1.65,False,violated,False,False,True
0.11,20.0,2.2,False,violated,False,False,True
0.11,25.0,2.75,False,violated,False,False,True
0.11,30.0,3.3,False,violated,False,False,True
0.11,35.0,3.85,False,violated,False,False,True
0.11,40.0,4.4,False,violated,False,False,True
0.11,45.0,4.95,False,violated,False,False,True
0.11,50.0,5.5,False,violated,False,False,True
0.11,55.0,6.05,False,violated,False,False,True
0.11,60.0,6.6,False,violated,False,False,True
0.11,65.0,7.15,False,violated,False,False,True
0.11,70.0,7.7,False,violated,False,False,True
0.11,75.0,8.25,False,violated,False,False,True
0.11,80.0,8.8,False,violated,False,False,True
0.11,85.0,9.35,False,violated,False,False,True
0.11,90.0,9.9,False,violated,False,False,True
0.11,95.0,10.45,True,satisfied,True,False,True
0.11,100.0,11.0,True,satisfied,True,False,True
0.11,105.0,11.55,True,satisfied,True,False,True
0.11,110.0,12.1,True,satisfied,True,False,True
0.11,115.0,12.65,True,satisfied,True,False,True
0.11,120.0,13.2,True,satisfied,True,False,True
0.11,125.0,13.75,True,satisfied,True,False,True
0.11,130.0,14.3,True,satisfied,True,False,True
0.11,135.0,14.85,True,satisfied,True,False,True
0.11,140.0,15.4,True,satisfied,True,False,True
0.11,145.0,15.95,True,satisfied,True,False,True
0.11,150.0,16.5,True,satisfied,True,False,True
0.11,155.0,17.05,True,satisfied,True,False,True
0.11,160.0,17.6,True,satisfied,True,False,True
0.11,165.0,18.15,True,satisfied,True,False,True
0.11,170.0,18.7,True,satisfied,True,False,True
0.11,175.0,19.25,True,satisfied,True,False,True
0.11,180.0,19.8,True,satisfied,True,False,True
0.11,185.0,20.35,True,satisfied,True,False,True
0.11,190.0,20.9,True,satisfied,True,False,True
0.11,195.0,21.45,True,satisfied,True,False,True
0.11,200.0,22.0,True,satisfied,True,False,True
0.11,205.0,22.55,True,satisfied,True,False,True
0.11,210.0,23.1,True,satisfied,True,False,True
0.11,215.0,23.65,True,satisfied,True,False,True
0.11,220.0,24.2,True,satisfied,True,False,True
0.11,225.0,24.75,True,satisfied,True,False,True
0.11,230.0,25.3,True,satisfied,True,False,True
0.11,235.0,25.85,True,satisfied,True,False,True
0.11,240.0,26.4,True,satisfied,True,False,True
0.11,245.0,26.95,True,satisfied,True,False,True
0.11,250.0,27.5,True,satisfied,True,False,True
0.11,255.0,28.05,True,satisfied,True,False,True
0.11,260.0,28.6,True,satisfied,True,False,True
0.11,265.0,29.15,True,satisfied,True,False,True
0.11,270.0,29.7,True,satisfied,True,False,True
0.11,275.0,30.25,True,satisfied,True,False,True
0.11,280.0,30.8,True,satisfied,True,False,True
0.11,285.0,31.35,True,satisfied,True,False,True
0.11,290.0,31.9,True,satisfied,True,False,True
0.11,295.0,32.45,True,satisfied,True,False,True
0.11,300.0,33.0,True,satisfied,True,False,True
0.12000000000000001,10.0,1.2000000000000002,False,violated,False,False,True
0.12000000000000001,15.0,1.8,False,violated,False,False,True
0.12000000000000001,20.0,2.4000000000000004,False,violated,False,False,True
0.12000000000000001,25.0,3.0000000000000004,False,violated,False,False,True
0.12000000000000001,30.0,3.6,False,violated,False,False,True
0.12000000000000001,35.0,4.2,False,violated,False,False,True
0.12000000000000001,40.0,4.800000000000001,False,violated,False,False,True
0.12000000000000001,45.0,5.4,False,violated,False,False,True
0.12000000000000001,50.0,6.000000000000001,False,violated,False,False,True
0.12000000000000001,55.0,6.6000000000000005,False,violated,False,False,True
0.12000000000000001,60.0,7.2,False,violated,False,False,True
0.12000000000000001,65.0,7.800000000000001,False,violated,False,False,True
0.12000000000000001,70.0,8.4,False,violated,False,False,True
0.12000000000000001,75.0,9.0,False,violated,False,False,True
0.12000000000000001,80.0,9.600000000000001,False,violated,False,False,True
0.12000000000000001,85.0,10.200000000000001,True,satisfied,True,False,True
0.12000000000000001,90.0,10.8,True,satisfied,True,False,True
0.12000000000000001,95.0,11.4,True,satisfied,True,False,True
0.12000000000000001,100.0,12.000000000000002,True,satisfied,True,False,True
0.12000000000000001,105.0,12.600000000000001,True,satisfied,True,False,True
0.12000000000000001,110.0,13.200000000000001,True,satisfied,True,False,True
0.12000000000000001,115.0,13.8,True,satisfied,True,False,True
0.12000000000000001,120.0,14.4,True,satisfied,True,False,True
0.12000000000000001,125.0,15.000000000000002,True,satisfied,True,False,True
0.12000000000000001,130.0,15.600000000000001,True,satisfied,True,False,True
0.12000000000000001,135.0,16.200000000000003,True,satisfied,True,False,True
0.12000000000000001,140.0,16.8,True,satisfied,True,False,True
0.12000000000000001,145.0,17.400000000000002,True,satisfied,True,False,True
0.12000000000000001,150.0,18.0,True,satisfied,True,False,True
0.12000000000000001,155.0,18.6,True,satisfied,True,False,True
0.12000000000000001,160.0,19.200000000000003,True,satisfied,True,False,True
0.12000000000000001,165.0,19.8,True,satisfied,True,False,True
0.12000000000000001,170.0,20.400000000000002,True,satisfied,True,False,True
0.12000000000000001,175.0,21.0,True,satisfied,True,False,True
0.12000000000000001,180.0,21.6,True,satisfied,True,False,True
0.12000000000000001,185.0,22.200000000000003,True,satisfied,True,False,True
0.12000000000000001,190.0,22.8,True,satisfied,True,False,True
0.12000000000000001,195.0,23.400000000000002,True,satisfied,True,False,True
0.12000000000000001,200.0,24.000000000000004,True,satisfied,True,False,True
0.12000000000000001,205.0,24.6,True,satisfied,True,False,True
0.12000000000000001,210.0,25.200000000000003,True,satisfied,True,False,True
0.12000000000000001,215.0,25.8,True,satisfied,True,False,True
0.12000000000000001,220.0,26.400000000000002,True,satisfied,True,False,True
0.12000000000000001,225.0,27.000000000000004,True,satisfied,True,False,True
0.12000000000000001,230.0,27.6,True,satisfied,True,False,True
0.12000000000000001,235.0,28.200000000000003,True,satisfied,True,False,True
0.12000000000000001,240.0,28.8,True,satisfied,True,False,True
0.12000000000000001,245.0,29.400000000000002,True,satisfied,True,False,True
0.12000000000000001,250.0,30.000000000000004,True,satisfied,True,False,True
0.12000000000000001,255.0,30.6,True,satisfied,True,False,True
0.12000000000000001,260.0,31.200000000000003,True,satisfied,True,False,True
0.12000000000000001,265.0,31.800000000000004,True,satisfied,True,False,True
0.12000000000000001,270.0,32.400000000000006,True,satisfied,True,False,True
0.12000000000000001,275.0,33.0,True,satisfied,True,False,True
0.12000000000000001,280.0,33.6,True,satisfied,True,False,True
0.12000000000000001,285.0,34.2,True,satisfied,True,False,True
0.12000000000000001,290.0,34.800000000000004,True,satisfied,True,False,True
0.12000000000000001,295.0,35.400000000000006,True,satisfied,True,False,True
0.12000000000000001,300.0,36.0,True,satisfied,True,False,True
0.13,10.0,1.3,False,violated,False,False,True
0.13,15.0,1.9500000000000002,False,violated,False,False,True
0.13,20.0,2.6,False,violated,False,False,True
0.13,25.0,3.25,False,violated,False,False,True
0.13,30.0,3.9000000000000004,False,violated,False,False,True
0.13,35.0,4.55,False,violated,False,False,True
0.13,40.0,5.2,False,violated,False,False,True
0.13,45.0,5.8500000000000005,False,violated,False,False,True
0.13,50.0,6.5,False,violated,False,False,True
0.13,55.0,7.15,False,violated,False,False,True
0.13,60.0,7.800000000000001,False,violated,False,False,True
0.13,65.0,8.450000000000001,False,violated,False,False,True
0.13,70.0,9.1,False,violated,False,False,True
0.13,75.0,9.75,False,violated,False,False,True
0.13,80.0,10.4,True,satisfied,True,False,True
0.13,85.0,11.05,True,satisfied,True,False,True
0.13,90.0,11.700000000000001,True,satisfied,True,False,True
0.13,95.0,12.35,True,satisfied,True,False,True
0.13,100.0,13.0,True,satisfied,True,False,True
0.13,105.0,13.65,True,satisfied,True,False,True
0.13,110.0,14.3,True,satisfied,True,False,True
0.13,115.0,14.950000000000001,True,satisfied,True,False,True
0.13,120.0,15.600000000000001,True,satisfied,True,False,True
0.13,125.0,16.25,True,satisfied,True,False,True
0.13,130.0,16.900000000000002,True,satisfied,True,False,True
0.13,135.0,17.55,True,satisfied,True,False,True
0.13,140.0,18.2,True,satisfied,True,False,True
0.13,145.0,18.85,True,satisfied,True,False,True
0.13,150.0,19.5,True,satisfied,True,False,True
0.13,155.0,20.150000000000002,True,satisfied,True,False,True
0.13,160.0,20.8,True,satisfied,True,False,True
0.13,165.0,21.45,True,satisfied,True,False,True
0.13,170.0,22.1,True,satisfied,True,False,True
0.13,175.0,22.75,True,satisfied,True,False,True
0.13,180.0,23.400000000000002,True,satisfied,True,False,True
0.13,185.0,24.05,True,satisfied,True,False,True
0.13,190.0,24.7,True,satisfied,True,False,True
0.13,195.0,25.35,True,satisfied,True,False,True
0.13,200.0,26.0,True,satisfied,True,False,True
0.13,205.0,26.650000000000002,True,satisfied,True,False,True
0.13,210.0,27.3,True,satisfied,True,False,True
0.13,215.0,27.95,True,satisfied,True,False,True
0.13,220.0,28.6,True,satisfied,True,False,True
0.13,225.0,29.25,True,satisfied,True,False,True
0.13,230.0,29.900000000000002,True,satisfied,True,False,True
0.13,235.0,30.55,True,satisfied,True,False,True
0.13,240.0,31.200000000000003,True,satisfied,True,False,True
0.13,245.0,31.85,True,satisfied,True,False,True
0.13,250.0,32.5,True,satisfied,True,False,True
0.13,255.0,33.15,True,satisfied,True,False,True
0.13,260.0,33.800000000000004,True,satisfied,True,False,True
0.13,265.0,34.45,True,satisfied,True,False,True
0.13,270.0,35.1,True,satisfied,True,False,True
0.13,275.0,35.75,True,satisfied,True,False,True
0.13,280.0,36.4,True,satisfied,True,False,True
0.13,285.0,37.050000000000004,True,satisfied,True,False,True
0.13,290.0,37.7,True,satisfied,True,False,True
0.13,295.0,38.35,True,satisfied,True,False,True
0.13,300.0,39.0,True,satisfied,True,False,True
0.13999999999999999,10.0,1.4,False,violated,False,False,True
0.13999999999999999,15.0,2.0999999999999996,False,violated,False,False,True
0.13999999999999999,20.0,2.8,False,violated,False,False,True
0.13999999999999999,25.0,3.4999999999999996,False,violated,False,False,True
0.13999999999999999,30.0,4.199999999999999,False,violated,False,False,True
0.13999999999999999,35.0,4.8999999999999995,False,violated,False,False,True
0.13999999999999999,40.0,5.6,False,violated,False,False,True
0.13999999999999999,45.0,6.299999999999999,False,violated,False,False,True
0.13999999999999999,50.0,6.999999999999999,False,violated,False,False,True
0.13999999999999999,55.0,7.699999999999999,False,violated,False,False,True
0.13999999999999999,60.0,8.399999999999999,False,violated,False,False,True
0.13999999999999999,65.0,9.1,False,violated,False,False,True
0.13999999999999999,70.0,9.799999999999999,False,violated,False,False,True
0.13999999999999999,75.0,10.499999999999998,True,satisfied,True,False,True
0.13999999999999999,80.0,11.2,True,satisfied,True,False,True
0.13999999999999999,85.0,11.899999999999999,True,satisfied,True,False,True
0.13999999999999999,90.0,12.599999999999998,True,satisfied,True,False,True
0.13999999999999999,95.0,13.299999999999999,True,satisfied,True,False,True
0.13999999999999999,100.0,13.999999999999998,True,satisfied,True,False,True
0.13999999999999999,105.0,14.7,True,satisfied,True,False,True
0.13999999999999999,110.0,15.399999999999999,True,satisfied,True,False,True
0.13999999999999999,115.0,16.099999999999998,True,satisfied,True,False,True
0.13999999999999999,120.0,16.799999999999997,True,satisfied,True,False,True
0.13999999999999999,125.0,17.499999999999996,True,satisfied,True,False,True
0.13999999999999999,130.0,18.2,True,satisfied,True,False,True
0.13999999999999999,135.0,18.9,True,satisfied,True,False,True
0.13999999999999999,140.0,19.599999999999998,True,satisfied,True,False,True
0.13999999999999999,145.0,20.299999999999997,True,satisfied,True,False,True
0.13999999999999999,150.0,20.999999999999996,True,satisfied,True,False,True
0.13999999999999999,155.0,21.7,True,satisfied,True,False,True
0.13999999999999999,160.0,22.4,True,satisfied,True,False,True
0.13999999999999999,165.0,23.099999999999998,True,satisfied,True,False,True
0.13999999999999999,170.0,23.799999999999997,True,satisfied,True,False,True
0.13999999999999999,175.0,24.499999999999996,True,satisfied,True,False,True
0.13999999999999999,180.0,25.199999999999996,True,satisfied,True,False,True
0.13999999999999999,185.0,25.9,True,satisfied,True,False,True
0.13999999999999999,190.0,26.599999999999998,True,satisfied,True,False,True
0.13999999999999999,195.0,27.299999999999997,True,satisfied,True,False,True
0.13999999999999999,200.0,27.999999999999996,True,satisfied,True,False,True
0.13999999999999999,205.0,28.699999999999996,True,satisfied,True,False,True
0.13999999999999999,210.0,29.4,True,satisfied,True,False,True
0.13999999999999999,215.0,30.099999999999998,True,satisfied,True,False,True
0.13999999999999999,220.0,30.799999999999997,True,satisfied,True,False,True
0.13999999999999999,225.0,31.499999999999996,True,satisfied,True,False,True
0.13999999999999999,230.0,32.199999999999996,True,satisfied,True,False,True
0.13999999999999999,235.0,32.9,True,satisfied,True,False,True
0.13999999999999999,240.0,33.599999999999994,True,satisfied,True,False,True
0.13999999999999999,245.0,34.3,True,satisfied,True,False,True
0.13999999999999999,250.0,34.99999999999999,True,satisfied,True,False,True
0.13999999999999999,255.0,35.699999999999996,True,satisfied,True,False,True
0.13999999999999999,260.0,36.4,True,satisfied,True,False,True
0.13999999999999999,265.0,37.099999999999994,True,satisfied,True,False,True
0.13999999999999999,270.0,37.8,True,satisfied,True,False,True
0.13999999999999999,275.0,38.49999999999999,True,satisfied,True,False,True
0.13999999999999999,280.0,39.199999999999996,True,satisfied,True,False,True
0.13999999999999999,285.0,39.9,True,satisfied,True,False,True
0.13999999999999999,290.0,40.599999999999994,True,satisfied,True,False,True
0.13999999999999999,295.0,41.3,True,satisfied,True,False,True
0.13999999999999999,300.0,41.99999999999999,True,satisfied,True,False,True
0.15,10.0,1.5,False,violated,False,False,True
0.15,15.0,2.25,False,violated,False,False,True
0.15,20.0,3.0,False,violated,False,False,True
0.15,25.0,3.75,False,violated,False,False,True
0.15,30.0,4.5,False,violated,False,False,True
0.15,35.0,5.25,False,violated,False,False,True
0.15,40.0,6.0,False,violated,False,False,True
0.15,45.0,6.75,False,violated,False,False,True
0.15,50.0,7.5,False,violated,False,False,True
0.15,55.0,8.25,False,violated,False,False,True
0.15,60.0,9.0,False,violated,False,False,True
0.15,65.0,9.75,False,violated,False,False,True
0.15,70.0,10.5,True,satisfied,True,False,True
0.15,75.0,11.25,True,satisfied,True,False,True
0.15,80.0,12.0,True,satisfied,True,False,True
0.15,85.0,12.75,True,satisfied,True,False,True
0.15,90.0,13.5,True,satisfied,True,False,True
0.15,95.0,14.25,True,satisfied,True,False,True
0.15,100.0,15.0,True,satisfied,True,False,True
0.15,105.0,15.75,True,satisfied,True,False,True
0.15,110.0,16.5,True,satisfied,True,False,True
0.15,115.0,17.25,True,satisfied,True,False,True
0.15,120.0,18.0,True,satisfied,True,False,True
0.15,125.0,18.75,True,satisfied,True,False,True
0.15,130.0,19.5,True,satisfied,True,False,True
0.15,135.0,20.25,True,satisfied,True,False,True
0.15,140.0,21.0,True,satisfied,True,False,True
0.15,145.0,21.75,True,satisfied,True,False,True
0.15,150.0,22.5,True,satisfied,True,False,True
0.15,155.0,23.25,True,satisfied,True,False,True
0.15,160.0,24.0,True,satisfied,True,False,True
0.15,165.0,24.75,True,satisfied,True,False,True
0.15,170.0,25.5,True,satisfied,True,False,True
0.15,175.0,26.25,True,satisfied,True,False,True
0.15,180.0,27.0,True,satisfied,True,False,True
0.15,185.0,27.75,True,satisfied,True,False,True
0.15,190.0,28.5,True,satisfied,True,False,True
0.15,195.0,29.25,True,satisfied,True,False,True
0.15,200.0,30.0,True,satisfied,True,False,True
0.15,205.0,30.75,True,satisfied,True,False,True
0.15,210.0,31.5,True,satisfied,True,False,True
0.15,215.0,32.25,True,satisfied,True,False,True
0.15,220.0,33.0,True,satisfied,True,False,True
0.15,225.0,33.75,True,satisfied,True,False,True
0.15,230.0,34.5,True,satisfied,True,False,True
0.15,235.0,35.25,True,satisfied,True,False,True
0.15,240.0,36.0,True,satisfied,True,False,True
0.15,245.0,36.75,True,satisfied,True,False,True
0.15,250.0,37.5,True,satisfied,True,False,True
0.15,255.0,38.25,True,satisfied,True,False,True
0.15,260.0,39.0,True,satisfied,True,False,True
0.15,265.0,39.75,True,satisfied,True,False,True
0.15,270.0,40.5,True,satisfied,True,False,True
0.15,275.0,41.25,True,satisfied,True,False,True
0.15,280.0,42.0,True,satisfied,True,False,True
0.15,285.0,42.75,True,satisfied,True,False,True
0.15,290.0,43.5,True,satisfied,True,False,True
0.15,295.0,44.25,True,satisfied,True,False,True
0.15,300.0,45.0,True,satisfied,True,False,True
0.16,10.0,1.6,False,violated,False,False,True
0.16,15.0,2.4,False,violated,False,False,True
0.16,20.0,3.2,False,violated,False,False,True
0.16,25.0,4.0,False,violated,False,False,True
0.16,30.0,4.8,False,violated,False,False,True
0.16,35.0,5.6000000000000005,False,violated,False,False,True
0.16,40.0,6.4,False,violated,False,False,True
0.16,45.0,7.2,False,violated,False,False,True
0.16,50.0,8.0,False,violated,False,False,True
0.16,55.0,8.8,False,violated,False,False,True
0.16,60.0,9.6,False,violated,False,False,True
0.16,65.0,10.4,True,satisfied,True,False,True
0.16,70.0,11.200000000000001,True,satisfied,True,False,True
0.16,75.0,12.0,True,satisfied,True,False,True
0.16,80.0,12.8,True,satisfied,True,False,True
0.16,85.0,13.6,True,satisfied,True,False,True
0.16,90.0,14.4,True,satisfied,True,False,True
0.16,95.0,15.200000000000001,True,satisfied,True,False,True
0.16,100.0,16.0,True,satisfied,True,False,True
0.16,105.0,16.8,True,satisfied,True,False,True
0.16,110.0,17.6,True,satisfied,True,False,True
0.16,115.0,18.400000000000002,True,satisfied,True,False,True
0.16,120.0,19.2,True,satisfied,True,False,True
0.16,125.0,20.0,True,satisfied,True,False,True
0.16,130.0,20.8,True,satisfied,True,False,True
0.16,135.0,21.6,True,satisfied,True,False,True
0.16,140.0,22.400000000000002,True,satisfied,True,False,True
0.16,145.0,23.2,True,satisfied,True,False,True
0.16,150.0,24.0,True,satisfied,True,False,True
0.16,155.0,24.8,True,satisfied,True,False,True
0.16,160.0,25.6,True,satisfied,True,False,True
0.16,165.0,26.400000000000002,True,satisfied,True,False,True
0.16,170.0,27.2,True,satisfied,True,False,True
0.16,175.0,28.0,True,satisfied,True,False,True
0.16,180.0,28.8,True,satisfied,True,False,True
0.16,185.0,29.6,True,satisfied,True,False,True
0.16,190.0,30.400000000000002,True,satisfied,True,False,True
0.16,195.0,31.2,True,satisfied,True,False,True
0.16,200.0,32.0,True,satisfied,True,False,True
0.16,205.0,32.8,True,satisfied,True,False,True
0.16,210.0,33.6,True,satisfied,True,False,True
0.16,215.0,34.4,True,satisfied,True,False,True
0.16,220.0,35.2,True,satisfied,True,False,True
0.16,225.0,36.0,True,satisfied,True,False,True
0.16,230.0,36.800000000000004,True,satisfied,True,False,True
0.16,235.0,37.6,True,satisfied,True,False,True
0.16,240.0,38.4,True,satisfied,True,False,True
0.16,245.0,39.2,True,satisfied,True,False,True
0.16,250.0,40.0,True,satisfied,True,False,True
0.16,255.0,40.800000000000004,True,satisfied,True,False,True
0.16,260.0,41.6,True,satisfied,True,False,True
0.16,265.0,42.4,True,satisfied,True,False,True
0.16,270.0,43.2,True,satisfied,True,False,True
0.16,275.0,44.0,True,satisfied,True,False,True
0.16,280.0,44.800000000000004,True,satisfied,True,False,True
0.16,285.0,45.6,True,satisfied,True,False,True
0.16,290.0,46.4,True,satisfied,True,False,True
0.16,295.0,47.2,True,satisfied,True,False,True
0.16,300.0,48.0,True,satisfied,True,False,True
0.16999999999999998,10.0,1.6999999999999997,False,violated,False,False,True
0.16999999999999998,15.0,2.55,False,violated,False,False,True
0.16999999999999998,20.0,3.3999999999999995,False,violated,False,False,True
0.16999999999999998,25.0,4.25,False,violated,False,False,True
0.16999999999999998,30.0,5.1,False,violated,False,False,True
0.16999999999999998,35.0,5.949999999999999,False,violated,False,False,True
0.16999999999999998,40.0,6.799999999999999,False,violated,False,False,True
0.16999999999999998,45.0,7.6499999999999995,False,violated,False,False,True
0.16999999999999998,50.0,8.5,False,violated,False,False,True
0.16999999999999998,55.0,9.35,False,violated,False,False,True
0.16999999999999998,60.0,10.2,True,satisfied,True,False,True
0.16999999999999998,65.0,11.049999999999999,True,satisfied,True,False,True
0.16999999999999998,70.0,11.899999999999999,True,satisfied,True,False,True
0.16999999999999998,75.0,12.749999999999998,True,satisfied,True,False,True
0.16999999999999998,80.0,13.599999999999998,True,satisfied,True,False,True
0.16999999999999998,85.0,14.45,True,satisfied,True,False,True
0.16999999999999998,90.0,15.299999999999999,True,satisfied,True,False,True
0.16999999999999998,95.0,16.15,True,satisfied,True,False,True
0.16999999999999998,100.0,17.0,True,satisfied,True,False,True
0.16999999999999998,105.0,17.849999999999998,True,satisfied,True,False,True
0.16999999999999998,110.0,18.7,True,satisfied,True,False,True
0.16999999999999998,115.0,19.549999999999997,True,satisfied,True,False,True
0.16999999999999998,120.0,20.4,True,satisfied,True,False,True
0.16999999999999998,125.0,21.249999999999996,True,satisfied,True,False,True
0.16999999999999998,130.0,22.099999999999998,True,satisfied,True,False,True
0.16999999999999998,135.0,22.95,True,satisfied,True,False,True
0.16999999999999998,140.0,23.799999999999997,True,satisfied,True,False,True
0.16999999999999998,145.0,24.65,True,satisfied,True,False,True
0.16999999999999998,150.0,25.499999999999996,True,satisfied,True,False,True
0.16999999999999998,155.0,26.349999999999998,True,satisfied,True,False,True
0.16999999999999998,160.0,27.199999999999996,True,satisfied,True,False,True
0.16999999999999998,165.0,28.049999999999997,True,satisfied,True,False,True
0.16999999999999998,170.0,28.9,True,satisfied,True,False,True
0.16999999999999998,175.0,29.749999999999996,True,satisfied,True,False,True
0.16999999999999998,180.0,30.599999999999998,True,satisfied,True,False,True
0.16999999999999998,185.0,31.449999999999996,True,satisfied,True,False,True
0.16999999999999998,190.0,32.3,True,satisfied,True,False,True
0.16999999999999998,195.0,33.15,True,satisfied,True,False,True
0.16999999999999998,200.0,34.0,True,satisfied,True,False,True
0.16999999999999998,205.0,34.849999999999994,True,satisfied,True,False,True
0.16999999999999998,210.0,35.699999999999996,True,satisfied,True,False,True
0.16999999999999998,215.0,36.55,True,satisfied,True,False,True
0.16999999999999998,220.0,37.4,True,satisfied,True,False,True
0.16999999999999998,225.0,38.25,True,satisfied,True,False,True
0.16999999999999998,230.0,39.099999999999994,True,satisfied,True,False,True
0.16999999999999998,235.0,39.949999999999996,True,satisfied,True,False,True
0.16999999999999998,240.0,40.8,True,satisfied,True,False,True
0.16999999999999998,245.0,41.65,True,satisfied,True,False,True
0.16999999999999998,250.0,42.49999999999999,True,satisfied,True,False,True
0.16999999999999998,255.0,43.349999999999994,True,satisfied,True,False,True
0.16999999999999998,260.0,44.199999999999996,True,satisfied,True,False,True
0.16999999999999998,265.0,45.05,True,satisfied,True,False,True
0.16999999999999998,270.0,45.9,True,satisfied,True,False,True
0.16999999999999998,275.0,46.74999999999999,True,satisfied,True,False,True
0.16999999999999998,280.0,47.599999999999994,True,satisfied,True,False,True
0.16999999999999998,285.0,48.449999999999996,True,satisfied,True,False,True
0.16999999999999998,290.0,49.3,True,satisfied,True,False,True
0.16999999999999998,295.0,50.15,True,satisfied,True,False,True
0.16999999999999998,300.0,50.99999999999999,True,satisfied,True,False,True
0.18,10.0,1.7999999999999998,False,violated,False,False,True
0.18,15.0,2.6999999999999997,False,violated,False,False,True
0.18,20.0,3.5999999999999996,False,violated,False,False,True
0.18,25.0,4.5,False,violated,False,False,True
0.18,30.0,5.3999999999999995,False,violated,False,False,True
0.18,35.0,6.3,False,violated,False,False,True
0.18,40.0,7.199999999999999,False,violated,False,False,True
0.18,45.0,8.1,False,violated,False,False,True
0.18,50.0,9.0,False,violated,False,False,True
0.18,55.0,9.9,False,violated,False,False,True
0.18,60.0,10.799999999999999,True,satisfied,True,False,True
0.18,65.0,11.7,True,satisfied,True,False,True
0.18,70.0,12.6,True,satisfied,True,False,True
0.18,75.0,13.5,True,satisfied,True,False,True
0.18,80.0,14.399999999999999,True,satisfied,True,False,True
0.18,85.0,15.299999999999999,True,satisfied,True,False,True
0.18,90.0,16.2,True,satisfied,True,False,True
0.18,95.0,17.099999999999998,True,satisfied,True,False,True
0.18,100.0,18.0,True,satisfied,True,False,True
0.18,105.0,18.9,True,satisfied,True,False,True
0.18,110.0,19.8,True,satisfied,True,False,True
0.18,115.0,20.7,True,satisfied,True,False,True
0.18,120.0,21.599999999999998,True,satisfied,True,False,True
0.18,125.0,22.5,True,satisfied,True,False,True
0.18,130.0,23.4,True,satisfied,True,False,True
0.18,135.0,24.3,True,satisfied,True,False,True
0.18,140.0,25.2,True,satisfied,True,False,True
0.18,145.0,26.099999999999998,True,satisfied,True,False,True
0.18,150.0,27.0,True,satisfied,True,False,True
0.18,155.0,27.9,True,satisfied,True,False,True
0.18,160.0,28.799999999999997,True,satisfied,True,False,True
0.18,165.0,29.7,True,satisfied,True,False,True
0.18,170.0,30.599999999999998,True,satisfied,True,False,True
0.18,175.0,31.5,True,satisfied,True,False,True
0.18,180.0,32.4,True,satisfied,True,False,True
0.18,185.0,33.3,True,satisfied,True,False,True
0.18,190.0,34.199999999999996,True,satisfied,True,False,True
0.18,195.0,35.1,True,satisfied,True,False,True
0.18,200.0,36.0,True,satisfied,True,False,True
0.18,205.0,36.9,True,satisfied,True,False,True
0.18,210.0,37.8,True,satisfied,True,False,True
0.18,215.0,38.699999999999996,True,satisfied,True,False,True
0.18,220.0,39.6,True,satisfied,True,False,True
0.18,225.0,40.5,True,satisfied,True,False,True
0.18,230.0,41.4,True,satisfied,True,False,True
0.18,235.0,42.3,True,satisfied,True,False,True
0.18,240.0,43.199999999999996,True,satisfied,True,False,True
0.18,245.0,44.1,True,satisfied,True,False,True
0.18,250.0,45.0,True,satisfied,True,False,True
0.18,255.0,45.9,True,satisfied,True,False,True
0.18,260.0,46.8,True,satisfied,True,False,True
0.18,265.0,47.699999999999996,True,satisfied,True,False,True
0.18,270.0,48.6,True,satisfied,True,False,True
0.18,275.0,49.5,True,satisfied,True,False,True
0.18,280.0,50.4,True,satisfied,True,False,True
0.18,285.0,51.3,True,satisfied,True,False,True
0.18,290.0,52.199999999999996,True,satisfied,True,False,True
0.18,295.0,53.1,True,satisfied,True,False,True
0.18,300.0,54.0,True,satisfied,True,False,True
0.19,10.0,1.9,False,violated,False,False,True
0.19,15.0,2.85,False,violated,False,False,True
0.19,20.0,3.8,False,violated,False,False,True
0.19,25.0,4.75,False,violated,False,False,True
0.19,30.0,5.7,False,violated,False,False,True
0.19,35.0,6.65,False,violated,False,False,True
0.19,40.0,7.6,False,violated,False,False,True
0.19,45.0,8.55,False,violated,False,False,True
0.19,50.0,9.5,False,violated,False,False,True
0.19,55.0,10.45,True,satisfied,True,False,True
0.19,60.0,11.4,True,satisfied,True,False,True
0.19,65.0,12.35,True,satisfied,True,False,True
0.19,70.0,13.3,True,satisfied,True,False,True
0.19,75.0,14.25,True,satisfied,True,False,True
0.19,80.0,15.2,True,satisfied,True,False,True
0.19,85.0,16.15,True,satisfied,True,False,True
0.19,90.0,17.1,True,satisfied,True,False,True
0.19,95.0,18.05,True,satisfied,True,False,True
0.19,100.0,19.0,True,satisfied,True,False,True
0.19,105.0,19.95,True,satisfied,True,False,True
0.19,110.0,20.9,True,satisfied,True,False,True
0.19,115.0,21.85,True,satisfied,True,False,True
0.19,120.0,22.8,True,satisfied,True,False,True
0.19,125.0,23.75,True,satisfied,True,False,True
0.19,130.0,24.7,True,satisfied,True,False,True
0.19,135.0,25.65,True,satisfied,True,False,True
0.19,140.0,26.6,True,satisfied,True,False,True
0.19,145.0,27.55,True,satisfied,True,False,True
0.19,150.0,28.5,True,satisfied,True,False,True
0.19,155.0,29.45,True,satisfied,True,False,True
0.19,160.0,30.4,True,satisfied,True,False,True
0.19,165.0,31.35,True,satisfied,True,False,True
0.19,170.0,32.3,True,satisfied,True,False,True
0.19,175.0,33.25,True,satisfied,True,False,True
0.19,180.0,34.2,True,satisfied,True,False,True
0.19,185.0,35.15,True,satisfied,True,False,True
0.19,190.0,36.1,True,satisfied,True,False,True
0.19,195.0,37.05,True,satisfied,True,False,True
0.19,200.0,38.0,True,satisfied,True,False,True
0.19,205.0,38.95,True,satisfied,True,False,True
0.19,210.0,39.9,True,satisfied,True,False,True
0.19,215.0,40.85,True,satisfied,True,False,True
0.19,220.0,41.8,True,satisfied,True,False,True
0.19,225.0,42.75,True,satisfied,True,False,True
0.19,230.0,43.7,True,satisfied,True,False,True
0.19,235.0,44.65,True,satisfied,True,False,True
0.19,240.0,45.6,True,satisfied,True,False,True
0.19,245.0,46.55,True,satisfied,True,False,True
0.19,250.0,47.5,True,satisfied,True,False,True
0.19,255.0,48.45,True,satisfied,True,False,True
0.19,260.0,49.4,True,satisfied,True,False,True
0.19,265.0,50.35,True,satisfied,True,False,True
0.19,270.0,51.3,True,satisfied,True,False,True
0.19,275.0,52.25,True,satisfied,True,False,True
0.19,280.0,53.2,True,satisfied,True,False,True
0.19,285.0,54.15,True,satisfied,True,False,True
0.19,290.0,55.1,True,satisfied,True,False,True
0.19,295.0,56.05,True,satisfied,True,False,True
0.19,300.0,57.0,True,satisfied,True,False,True
0.19999999999999998,10.0,1.9999999999999998,False,violated,False,False,True
0.19999999999999998,15.0,2.9999999999999996,False,violated,False,False,True
0.19999999999999998,20.0,3.9999999999999996,False,violated,False,False,True
0.19999999999999998,25.0,5.0,False,violated,False,False,True
0.19999999999999998,30.0,5.999999999999999,False,violated,False,False,True
0.19999999999999998,35.0,6.999999999999999,False,violated,False,False,True
0.19999999999999998,40.0,7.999999999999999,False,violated,False,False,True
0.19999999999999998,45.0,9.0,False,violated,False,False,True
0.19999999999999998,50.0,10.0,False,satisfied,True,True,True
0.19999999999999998,55.0,10.999999999999998,True,satisfied,True,False,True
0.19999999999999998,60.0,11.999999999999998,True,satisfied,True,False,True
0.19999999999999998,65.0,12.999999999999998,True,satisfied,True,False,True
0.19999999999999998,70.0,13.999999999999998,True,satisfied,True,False,True
0.19999999999999998,75.0,14.999999999999998,True,satisfied,True,False,True
0.19999999999999998,80.0,15.999999999999998,True,satisfied,True,False,True
0.19999999999999998,85.0,17.0,True,satisfied,True,False,True
0.19999999999999998,90.0,18.0,True,satisfied,True,False,True
0.19999999999999998,95.0,19.0,True,satisfied,True,False,True
0.19999999999999998,100.0,20.0,True,satisfied,True,False,True
0.19999999999999998,105.0,21.0,True,satisfied,True,False,True
0.19999999999999998,110.0,21.999999999999996,True,satisfied,True,False,True
0.19999999999999998,115.0,22.999999999999996,True,satisfied,True,False,True
0.19999999999999998,120.0,23.999999999999996,True,satisfied,True,False,True
0.19999999999999998,125.0,24.999999999999996,True,satisfied,True,False,True
0.19999999999999998,130.0,25.999999999999996,True,satisfied,True,False,True
0.19999999999999998,135.0,26.999999999999996,True,satisfied,True,False,True
0.19999999999999998,140.0,27.999999999999996,True,satisfied,True,False,True
0.19999999999999998,145.0,28.999999999999996,True,satisfied,True,False,True
0.19999999999999998,150.0,29.999999999999996,True,satisfied,True,False,True
0.19999999999999998,155.0,30.999999999999996,True,satisfied,True,False,True
0.19999999999999998,160.0,31.999999999999996,True,satisfied,True,False,True
0.19999999999999998,165.0,33.0,True,satisfied,True,False,True
0.19999999999999998,170.0,34.0,True,satisfied,True,False,True
0.19999999999999998,175.0,35.0,True,satisfied,True,False,True
0.19999999999999998,180.0,36.0,True,satisfied,True,False,True
0.19999999999999998,185.0,37.0,True,satisfied,True,False,True
0.19999999999999998,190.0,38.0,True,satisfied,True,False,True
0.19999999999999998,195.0,39.0,True,satisfied,True,False,True
0.19999999999999998,200.0,40.0,True,satisfied,True,False,True
0.19999999999999998,205.0,41.0,True,satisfied,True,False,True
0.19999999999999998,210.0,42.0,True,satisfied,True,False,True
0.19999999999999998,215.0,42.99999999999999,True,satisfied,True,False,True
0.19999999999999998,220.0,43.99999999999999,True,satisfied,True,False,True
0.19999999999999998,225.0,44.99999999999999,True,satisfied,True,False,True
0.19999999999999998,230.0,45.99999999999999,True,satisfied,True,False,True
0.19999999999999998,235.0,46.99999999999999,True,satisfied,True,False,True
0.19999999999999998,240.0,47.99999999999999,True,satisfied,True,False,True
0.19999999999999998,245.0,48.99999999999999,True,satisfied,True,False,True
0.19999999999999998,250.0,49.99999999999999,True,satisfied,True,False,True
0.19999999999999998,255.0,50.99999999999999,True,satisfied,True,False,True
0.19999999999999998,260.0,51.99999999999999,True,satisfied,True,False,True
0.19999999999999998,265.0,52.99999999999999,True,satisfied,True,False,True
0.19999999999999998,270.0,53.99999999999999,True,satisfied,True,False,True
0.19999999999999998,275.0,54.99999999999999,True,satisfied,True,False,True
0.19999999999999998,280.0,55.99999999999999,True,satisfied,True,False,True
0.19999999999999998,285.0,56.99999999999999,True,satisfied,True,False,True
0.19999999999999998,290.0,57.99999999999999,True,satisfied,True,False,True
0.19999999999999998,295.0,58.99999999999999,True,satisfied,True,False,True
0.19999999999999998,300.0,59.99999999999999,True,satisfied,True,False,True
0.21,10.0,2.1,False,violated,False,False,True
0.21,15.0,3.15,False,violated,False,False,True
0.21,20.0,4.2,False,violated,False,False,True
0.21,25.0,5.25,False,violated,False,False,True
0.21,30.0,6.3,False,violated,False,False,True
0.21,35.0,7.35,False,violated,False,False,True
0.21,40.0,8.4,False,violated,False,False,True
0.21,45.0,9.45,False,violated,False,False,True
0.21,50.0,10.5,True,satisfied,True,False,True
0.21,55.0,11.549999999999999,True,satisfied,True,False,True
0.21,60.0,12.6,True,satisfied,True,False,True
0.21,65.0,13.65,True,satisfied,True,False,True
0.21,70.0,14.7,True,satisfied,True,False,True
0.21,75.0,15.75,True,satisfied,True,False,True
0.21,80.0,16.8,True,satisfied,True,False,True
0.21,85.0,17.849999999999998,True,satisfied,True,False,True
0.21,90.0,18.9,True,satisfied,True,False,True
0.21,95.0,19.95,True,satisfied,True,False,True
0.21,100.0,21.0,True,satisfied,True,False,True
0.21,105.0,22.05,True,satisfied,True,False,True
0.21,110.0,23.099999999999998,True,satisfied,True,False,True
0.21,115.0,24.15,True,satisfied,True,False,True
0.21,120.0,25.2,True,satisfied,True,False,True
0.21,125.0,26.25,True,satisfied,True,False,True
0.21,130.0,27.3,True,satisfied,True,False,True
0.21,135.0,28.349999999999998,True,satisfied,True,False,True
0.21,140.0,29.4,True,satisfied,True,False,True
0.21,145.0,30.45,True,satisfied,True,False,True
0.21,150.0,31.5,True,satisfied,True,False,True
0.21,155.0,32.55,True,satisfied,True,False,True
0.21,160.0,33.6,True,satisfied,True,False,True
0.21,165.0,34.65,True,satisfied,True,False,True
0.21,170.0,35.699999999999996,True,satisfied,True,False,True
0.21,175.0,36.75,True,satisfied,True,False,True
0.21,180.0,37.8,True,satisfied,True,False,True
0.21,185.0,38.85,True,satisfied,True,False,True
0.21,190.0,39.9,True,satisfied,True,False,True
0.21,195.0,40.949999999999996,True,satisfied,True,False,True
0.21,200.0,42.0,True,satisfied,True,False,True
0.21,205.0,43.05,True,satisfied,True,False,True
0.21,210.0,44.1,True,satisfied,True,False,True
0.21,215.0,45.15,True,satisfied,True,False,True
0.21,220.0,46.199999999999996,True,satisfied,True,False,True
0.21,225.0,47.25,True,satisfied,True,False,True
0.21,230.0,48.3,True,satisfied,True,False,True
0.21,235.0,49.35,True,satisfied,True,False,True
0.21,240.0,50.4,True,satisfied,True,False,True
0.21,245.0,51.449999999999996,True,satisfied,True,False,True
0.21,250.0,52.5,True,satisfied,True,False,True
0.21,255.0,53.55,True,satisfied,True,False,True
0.21,260.0,54.6,True,satisfied,True,False,True
0.21,265.0,55.65,True,satisfied,True,False,True
0.21,270.0,56.699999999999996,True,satisfied,True,False,True
0.21,275.0,57.75,True,satisfied,True,False,True
0.21,280.0,58.8,True,satisfied,True,False,True
0.21,285.0,59.849999999999994,True,satisfied,True,False,True
0.21,290.0,60.9,True,satisfied,True,False,True
0.21,295.0,61.949999999999996,True,satisfied,True,False,True
0.21,300.0,63.0,True,satisfied,True,False,True
0.22,10.0,2.2,False,violated,False,False,True
0.22,15.0,3.3,False,violated,False,False,True
0.22,20.0,4.4,False,violated,False,False,True
0.22,25.0,5.5,False,violated,False,False,True
0.22,30.0,6.6,False,violated,False,False,True
0.22,35.0,7.7,False,violated,False,False,True
0.22,40.0,8.8,False,violated,False,False,True
0.22,45.0,9.9,False,violated,False,False,True
0.22,50.0,11.0,True,satisfied,True,False,True
0.22,55.0,12.1,True,satisfied,True,False,True
0.22,60.0,13.2,True,satisfied,True,False,True
0.22,65.0,14.3,True,satisfied,True,False,True
0.22,70.0,15.4,True,satisfied,True,False,True
0.22,75.0,16.5,True,satisfied,True,False,True
0.22,80.0,17.6,True,satisfied,True,False,True
0.22,85.0,18.7,True,satisfied,True,False,True
0.22,90.0,19.8,True,satisfied,True,False,True
0.22,95.0,20.9,True,satisfied,True,False,True
0.22,100.0,22.0,True,satisfied,True,False,True
0.22,105.0,23.1,True,satisfied,True,False,True
0.22,110.0,24.2,True,satisfied,True,False,True
0.22,115.0,25.3,True,satisfied,True,False,True
0.22,120.0,26.4,True,satisfied,True,False,True
0.22,125.0,27.5,True,satisfied,True,False,True
0.22,130.0,28.6,True,satisfied,True,False,True
0.22,135.0,29.7,True,satisfied,True,False,True
0.22,140.0,30.8,True,satisfied,True,False,True
0.22,145.0,31.9,True,satisfied,True,False,True
0.22,150.0,33.0,True,satisfied,True,False,True
0.22,155.0,34.1,True,satisfied,True,False,True
0.22,160.0,35.2,True,satisfied,True,False,True
0.22,165.0,36.3,True,satisfied,True,False,True
0.22,170.0,37.4,True,satisfied,True,False,True
0.22,175.0,38.5,True,satisfied,True,False,True
0.22,180.0,39.6,True,satisfied,True,False,True
0.22,185.0,40.7,True,satisfied,True,False,True
0.22,190.0,41.8,True,satisfied,True,False,True
0.22,195.0,42.9,True,satisfied,True,False,True
0.22,200.0,44.0,True,satisfied,True,False,True
0.22,205.0,45.1,True,satisfied,True,False,True
0.22,210.0,46.2,True,satisfied,True,False,True
0.22,215.0,47.3,True,satisfied,True,False,True
0.22,220.0,48.4,True,satisfied,True,False,True
0.22,225.0,49.5,True,satisfied,True,False,True
0.22,230.0,50.6,True,satisfied,True,False,True
0.22,235.0,51.7,True,satisfied,True,False,True
0.22,240.0,52.8,True,satisfied,True,False,True
0.22,245.0,53.9,True,satisfied,True,False,True
0.22,250.0,55.0,True,satisfied,True,False,True
0.22,255.0,56.1,True,satisfied,True,False,True
0.22,260.0,57.2,True,satisfied,True,False,True
0.22,265.0,58.3,True,satisfied,True,False,True
0.22,270.0,59.4,True,satisfied,True,False,True
0.22,275.0,60.5,True,satisfied,True,False,True
0.22,280.0,61.6,True,satisfied,True,False,True
0.22,285.0,62.7,True,satisfied,True,False,True
0.22,290.0,63.8,True,satisfied,True,False,True
0.22,295.0,64.9,True,satisfied,True,False,True
0.22,300.0,66.0,True,satisfied,True,False,True
0.22999999999999998,10.0,2.3,False,violated,False,False,True
0.22999999999999998,15.0,3.4499999999999997,False,violated,False,False,True
0.22999999999999998,20.0,4.6,False,violated,False,False,True
0.22999999999999998,25.0,5.75,False,violated,False,False,True
0.22999999999999998,30.0,6.8999999999999995,False,violated,False,False,True
0.22999999999999998,35.0,8.049999999999999,False,violated,False,False,True
0.22999999999999998,40.0,9.2,False,violated,False,False,True
0.22999999999999998,45.0,10.35,True,satisfied,True,False,True
0.22999999999999998,50.0,11.5,True,satisfied,True,False,True
0.22999999999999998,55.0,12.649999999999999,True,satisfied,True,False,True
0.22999999999999998,60.0,13.799999999999999,True,satisfied,True,False,True
0.22999999999999998,65.0,14.95,True,satisfied,True,False,True
0.22999999999999998,70.0,16.099999999999998,True,satisfied,True,False,True
0.22999999999999998,75.0,17.25,True,satisfied,True,False,True
0.22999999999999998,80.0,18.4,True,satisfied,True,False,True
0.22999999999999998,85.0,19.549999999999997,True,satisfied,True,False,True
0.22999999999999998,90.0,20.7,True,satisfied,True,False,True
0.22999999999999998,95.0,21.849999999999998,True,satisfied,True,False,True
0.22999999999999998,100.0,23.0,True,satisfied,True,False,True
0.22999999999999998,105.0,24.15,True,satisfied,True,False,True
0.22999999999999998,110.0,25.299999999999997,True,satisfied,True,False,True
0.22999999999999998,115.0,26.45,True,satisfied,True,False,True
0.22999999999999998,120.0,27.599999999999998,True,satisfied,True,False,True
0.22999999999999998,125.0,28.749999999999996,True,satisfied,True,False,True
0.22999999999999998,130.0,29.9,True,satisfied,True,False,True
0.22999999999999998,135.0,31.049999999999997,True,satisfied,True,False,True
0.22999999999999998,140.0,32.199999999999996,True,satisfied,True,False,True
0.22999999999999998,145.0,33.349999999999994,True,satisfied,True,False,True
0.22999999999999998,150.0,34.5,True,satisfied,True,False,True
0.22999999999999998,155.0,35.65,True,satisfied,True,False,True
0.22999999999999998,160.0,36.8,True,satisfied,True,False,True
0.22999999999999998,165.0,37.949999999999996,True,satisfied,True,False,True
0.22999999999999998,170.0,39.099999999999994,True,satisfied,True,False,True
0.22999999999999998,175.0,40.25,True,satisfied,True,False,True
0.22999999999999998,180.0,41.4,True,satisfied,True,False,True
0.22999999999999998,185.0,42.55,True,satisfied,True,False,True
0.22999999999999998,190.0,43.699999999999996,True,satisfied,True,False,True
0.22999999999999998,195.0,44.849999999999994,True,satisfied,True,False,True
0.22999999999999998,200.0,46.0,True,satisfied,True,False,True
0.22999999999999998,205.0,47.15,True,satisfied,True,False,True
0.22999999999999998,210.0,48.3,True,satisfied,True,False,True
0.22999999999999998,215.0,49.449999999999996,True,satisfied,True,False,True
0.22999999999999998,220.0,50.599999999999994,True,satisfied,True,False,True
0.22999999999999998,225.0,51.74999999999999,True,satisfied,True,False,True
0.22999999999999998,230.0,52.9,True,satisfied,True,False,True
0.22999999999999998,235.0,54.05,True,satisfied,True,False,True
0.22999999999999998,240.0,55.199999999999996,True,satisfied,True,False,True
0.22999999999999998,245.0,56.349999999999994,True,satisfied,True,False,True
0.22999999999999998,250.0,57.49999999999999,True,satisfied,True,False,True
0.22999999999999998,255.0,58.65,True,satisfied,True,False,True
0.22999999999999998,260.0,59.8,True,satisfied,True,False,True
0.22999999999999998,265.0,60.949999999999996,True,satisfied,True,False,True
0.22999999999999998,270.0,62.099999999999994,True,satisfied,True,False,True
0.22999999999999998,275.0,63.24999999999999,True,satisfied,True,False,True
0.22999999999999998,280.0,64.39999999999999,True,satisfied,True,False,True
0.22999999999999998,285.0,65.55,True,satisfied,True,False,True
0.22999999999999998,290.0,66.69999999999999,True,satisfied,True,False,True
0.22999999999999998,295.0,67.85,True,satisfied,True,False,True
0.22999999999999998,300.0,69.0,True,satisfied,True,False,True
0.24,10.0,2.4,False,violated,False,False,True
0.24,15.0,3.5999999999999996,False,violated,False,False,True
0.24,20.0,4.8,False,violated,False,False,True
0.24,25.0,6.0,False,violated,False,False,True
0.24,30.0,7.199999999999999,False,violated,False,False,True
0.24,35.0,8.4,False,violated,False,False,True
0.24,40.0,9.6,False,violated,False,False,True
0.24,45.0,10.799999999999999,True,satisfied,True,False,True
0.24,50.0,12.0,True,satisfied,True,False,True
0.24,55.0,13.2,True,satisfied,True,False,True
0.24,60.0,14.399999999999999,True,satisfied,True,False,True
0.24,65.0,15.6,True,satisfied,True,False,True
0.24,70.0,16.8,True,satisfied,True,False,True
0.24,75.0,18.0,True,satisfied,True,False,True
0.24,80.0,19.2,True,satisfied,True,False,True
0.24,85.0,20.4,True,satisfied,True,False,True
0.24,90.0,21.599999999999998,True,satisfied,True,False,True
0.24,95.0,22.8,True,satisfied,True,False,True
0.24,100.0,24.0,True,satisfied,True,False,True
0.24,105.0,25.2,True,satisfied,True,False,True
0.24,110.0,26.4,True,satisfied,True,False,True
0.24,115.0,27.599999999999998,True,satisfied,True,False,True
0.24,120.0,28.799999999999997,True,satisfied,True,False,True
0.24,125.0,30.0,True,satisfied,True,False,True
0.24,130.0,31.2,True,satisfied,True,False,True
0.24,135.0,32.4,True,satisfied,True,False,True
0.24,140.0,33.6,True,satisfied,True,False,True
0.24,145.0,34.8,True,satisfied,True,False,True
0.24,150.0,36.0,True,satisfied,True,False,True
0.24,155.0,37.199999999999996,True,satisfied,True,False,True
0.24,160.0,38.4,True,satisfied,True,False,True
0.24,165.0,39.6,True,satisfied,True,False,True
0.24,170.0,40.8,True,satisfied,True,False,True
0.24,175.0,42.0,True,satisfied,True,False,True
0.24,180.0,43.199999999999996,True,satisfied,True,False,True
0.24,185.0,44.4,True,satisfied,True,False,True
0.24,190.0,45.6,True,satisfied,True,False,True
0.24,195.0,46.8,True,satisfied,True,False,True
0.24,200.0,48.0,True,satisfied,True,False,True
0.24,205.0,49.199999999999996,True,satisfied,True,False,True
0.24,210.0,50.4,True,satisfied,True,False,True
0.24,215.0,51.6,True,satisfied,True,False,True
0.24,220.0,52.8,True,satisfied,True,False,True
0.24,225.0,54.0,True,satisfied,True,False,True
0.24,230.0,55.199999999999996,True,satisfied,True,False,True
0.24,235.0,56.4,True,satisfied,True,False,True
0.24,240.0,57.599999999999994,True,satisfied,True,False,True
0.24,245.0,58.8,True,satisfied,True,False,True
0.24,250.0,60.0,True,satisfied,True,False,True
0.24,255.0,61.199999999999996,True,satisfied,True,False,True
0.24,260.0,62.4,True,satisfied,True,False,True
0.24,265.0,63.599999999999994,True,satisfied,True,False,True
0.24,270.0,64.8,True,satisfied,True,False,True
0.24,275.0,66.0,True,satisfied,True,False,True
0.24,280.0,67.2,True,satisfied,True,False,True
0.24,285.0,68.39999999999999,True,satisfied,True,False,True
0.24,290.0,69.6,True,satisfied,True,False,True
0.24,295.0,70.8,True,satisfied,True,False,True
0.24,300.0,72.0,True,satisfied,True,False,True
0.25,10.0,2.5,False,violated,False,False,True
0.25,15.0,3.75,False,violated,False,False,True
0.25,20.0,5.0,False,violated,False,False,True
0.25,25.0,6.25,False,violated,False,False,True
0.25,30.0,7.5,False,violated,False,False,True
0.25,35.0,8.75,False,violated,False,False,True
0.25,40.0,10.0,False,satisfied,True,True,True
0.25,45.0,11.25,True,satisfied,True,False,True
0.25,50.0,12.5,True,satisfied,True,False,True
0.25,55.0,13.75,True,satisfied,True,False,True
0.25,60.0,15.0,True,satisfied,True,False,True
0.25,65.0,16.25,True,satisfied,True,False,True
0.25,70.0,17.5,True,satisfied,True,False,True
0.25,75.0,18.75,True,satisfied,True,False,True
0.25,80.0,20.0,True,satisfied,True,False,True
0.25,85.0,21.25,True,satisfied,True,False,True
0.25,90.0,22.5,True,satisfied,True,False,True
0.25,95.0,23.75,True,satisfied,True,False,True
0.25,100.0,25.0,True,satisfied,True,False,True
0.25,105.0,26.25,True,satisfied,True,False,True
0.25,110.0,27.5,True,satisfied,True,False,True
0.25,115.0,28.75,True,satisfied,True,False,True
0.25,120.0,30.0,True,satisfied,True,False,True
0.25,125.0,31.25,True,satisfied,True,False,True
0.25,130.0,32.5,True,satisfied,True,False,True
0.25,135.0,33.75,True,satisfied,True,False,True
0.25,140.0,35.0,True,satisfied,True,False,True
0.25,145.0,36.25,True,satisfied,True,False,True
0.25,150.0,37.5,True,satisfied,True,False,True
0.25,155.0,38.75,True,satisfied,True,False,True
0.25,160.0,40.0,True,satisfied,True,False,True
0.25,165.0,41.25,True,satisfied,True,False,True
0.25,170.0,42.5,True,satisfied,True,False,True
0.25,175.0,43.75,True,satisfied,True,False,True
0.25,180.0,45.0,True,satisfied,True,False,True
0.25,185.0,46.25,True,satisfied,True,False,True
0.25,190.0,47.5,True,satisfied,True,False,True
0.25,195.0,48.75,True,satisfied,True,False,True
0.25,200.0,50.0,True,satisfied,True,False,True
0.25,205.0,51.25,True,satisfied,True,False,True
0.25,210.0,52.5,True,satisfied,True,False,True
0.25,215.0,53.75,True,satisfied,True,False,True
0.25,220.0,55.0,True,satisfied,True,False,True
0.25,225.0,56.25,True,satisfied,True,False,True
0.25,230.0,57.5,True,satisfied,True,False,True
0.25,235.0,58.75,True,satisfied,True,False,True
0.25,240.0,60.0,True,satisfied,True,False,True
0.25,245.0,61.25,True,satisfied,True,False,True
0.25,250.0,62.5,True,satisfied,True,False,True
0.25,255.0,63.75,True,satisfied,True,False,True
0.25,260.0,65.0,True,satisfied,True,False,True
0.25,265.0,66.25,True,satisfied,True,False,True
0.25,270.0,67.5,True,satisfied,True,False,True
0.25,275.0,68.75,True,satisfied,True,False,True
0.25,280.0,70.0,True,satisfied,True,False,True
0.25,285.0,71.25,True,satisfied,True,False,True
0.25,290.0,72.5,True,satisfied,True,False,True
0.25,295.0,73.75,True,satisfied,True,False,True
0.25,300.0,75.0,True,satisfied,True,False,True
0.26,10.0,2.6,False,violated,False,False,True
0.26,15.0,3.9000000000000004,False,violated,False,False,True
0.26,20.0,5.2,False,violated,False,False,True
0.26,25.0,6.5,False,violated,False,False,True
0.26,30.0,7.800000000000001,False,violated,False,False,True
0.26,35.0,9.1,False,violated,False,False,True
0.26,40.0,10.4,True,satisfied,True,False,True
0.26,45.0,11.700000000000001,True,satisfied,True,False,True
0.26,50.0,13.0,True,satisfied,True,False,True
0.26,55.0,14.3,True,satisfied,True,False,True
0.26,60.0,15.600000000000001,True,satisfied,True,False,True
0.26,65.0,16.900000000000002,True,satisfied,True,False,True
0.26,70.0,18.2,True,satisfied,True,False,True
0.26,75.0,19.5,True,satisfied,True,False,True
0.26,80.0,20.8,True,satisfied,True,False,True
0.26,85.0,22.1,True,satisfied,True,False,True
0.26,90.0,23.400000000000002,True,satisfied,True,False,True
0.26,95.0,24.7,True,satisfied,True,False,True
0.26,100.0,26.0,True,satisfied,True,False,True
0.26,105.0,27.3,True,satisfied,True,False,True
0.26,110.0,28.6,True,satisfied,True,False,True
0.26,115.0,29.900000000000002,True,satisfied,True,False,True
0.26,120.0,31.200000000000003,True,satisfied,True,False,True
0.26,125.0,32.5,True,satisfied,True,False,True
0.26,130.0,33.800000000000004,True,satisfied,True,False,True
0.26,135.0,35.1,True,satisfied,True,False,True
0.26,140.0,36.4,True,satisfied,True,False,True
0.26,145.0,37.7,True,satisfied,True,False,True
0.26,150.0,39.0,True,satisfied,True,False,True
0.26,155.0,40.300000000000004,True,satisfied,True,False,True
0.26,160.0,41.6,True,satisfied,True,False,True
0.26,165.0,42.9,True,satisfied,True,False,True
0.26,170.0,44.2,True,satisfied,True,False,True
0.26,175.0,45.5,True,satisfied,True,False,True
0.26,180.0,46.800000000000004,True,satisfied,True,False,True
0.26,185.0,48.1,True,satisfied,True,False,True
0.26,190.0,49.4,True,satisfied,True,False,True
0.26,195.0,50.7,True,satisfied,True,False,True
0.26,200.0,52.0,True,satisfied,True,False,True
0.26,205.0,53.300000000000004,True,satisfied,True,False,True
0.26,210.0,54.6,True,satisfied,True,False,True
0.26,215.0,55.9,True,satisfied,True,False,True
0.26,220.0,57.2,True,satisfied,True,False,True
0.26,225.0,58.5,True,satisfied,True,False,True
0.26,230.0,59.800000000000004,True,satisfied,True,False,True
0.26,235.0,61.1,True,satisfied,True,False,True
0.26,240.0,62.400000000000006,True,satisfied,True,False,True
0.26,245.0,63.7,True,satisfied,True,False,True
0.26,250.0,65.0,True,satisfied,True,False,True
0.26,255.0,66.3,True,satisfied,True,False,True
0.26,260.0,67.60000000000001,True,satisfied,True,False,True
0.26,265.0,68.9,True,satisfied,True,False,True
0.26,270.0,70.2,True,satisfied,True,False,True
0.26,275.0,71.5,True,satisfied,True,False,True
0.26,280.0,72.8,True,satisfied,True,False,True
0.26,285.0,74.10000000000001,True,satisfied,True,False,True
0.26,290.0,75.4,True,satisfied,True,False,True
0.26,295.0,76.7,True,satisfied,True,False,True
0.26,300.0,78.0,True,satisfied,True,False,True
0.27,10.0,2.7,False,violated,False,False,True
0.27,15.0,4.050000000000001,False,violated,False,False,True
0.27,20.0,5.4,False,violated,False,False,True
0.27,25.0,6.75,False,violated,False,False,True
0.27,30.0,8.100000000000001,False,violated,False,False,True
0.27,35.0,9.450000000000001,False,violated,False,False,True
0.27,40.0,10.8,True,satisfied,True,False,True
0.27,45.0,12.15,True,satisfied,True,False,True
0.27,50.0,13.5,True,satisfied,True,False,True
0.27,55.0,14.850000000000001,True,satisfied,True,False,True
0.27,60.0,16.200000000000003,True,satisfied,True,False,True
0.27,65.0,17.55,True,satisfied,True,False,True
0.27,70.0,18.900000000000002,True,satisfied,True,False,True
0.27,75.0,20.25,True,satisfied,True,False,True
0.27,80.0,21.6,True,satisfied,True,False,True
0.27,85.0,22.950000000000003,True,satisfied,True,False,True
0.27,90.0,24.3,True,satisfied,True,False,True
0.27,95.0,25.650000000000002,True,satisfied,True,False,True
0.27,100.0,27.0,True,satisfied,True,False,True
0.27,105.0,28.35,True,satisfied,True,False,True
0.27,110.0,29.700000000000003,True,satisfied,True,False,True
0.27,115.0,31.05,True,satisfied,True,False,True
0.27,120.0,32.400000000000006,True,satisfied,True,False,True
0.27,125.0,33.75,True,satisfied,True,False,True
0.27,130.0,35.1,True,satisfied,True,False,True
0.27,135.0,36.45,True,satisfied,True,False,True
0.27,140.0,37.800000000000004,True,satisfied,True,False,True
0.27,145.0,39.150000000000006,True,satisfied,True,False,True
0.27,150.0,40.5,True,satisfied,True,False,True
0.27,155.0,41.85,True,satisfied,True,False,True
0.27,160.0,43.2,True,satisfied,True,False,True
0.27,165.0,44.550000000000004,True,satisfied,True,False,True
0.27,170.0,45.900000000000006,True,satisfied,True,False,True
0.27,175.0,47.25,True,satisfied,True,False,True
0.27,180.0,48.6,True,satisfied,True,False,True
0.27,185.0,49.95,True,satisfied,True,False,True
0.27,190.0,51.300000000000004,True,satisfied,True,False,True
0.27,195.0,52.650000000000006,True,satisfied,True,False,True
0.27,200.0,54.0,True,satisfied,True,False,True
0.27,205.0,55.35,True,satisfied,True,False,True
0.27,210.0,56.7,True,satisfied,True,False,True
0.27,215.0,58.050000000000004,True,satisfied,True,False,True
0.27,220.0,59.400000000000006,True,satisfied,True,False,True
0.27,225.0,60.75000000000001,True,satisfied,True,False,True
0.27,230.0,62.1,True,satisfied,True,False,True
0.27,235.0,63.45,True,satisfied,True,False,True
0.27,240.0,64.80000000000001,True,satisfied,True,False,True
0.27,245.0,66.15,True,satisfied,True,False,True
0.27,250.0,67.5,True,satisfied,True,False,True
0.27,255.0,68.85000000000001,True,satisfied,True,False,True
0.27,260.0,70.2,True,satisfied,True,False,True
0.27,265.0,71.55000000000001,True,satisfied,True,False,True
0.27,270.0,72.9,True,satisfied,True,False,True
0.27,275.0,74.25,True,satisfied,True,False,True
0.27,280.0,75.60000000000001,True,satisfied,True,False,True
0.27,285.0,76.95,True,satisfied,True,False,True
0.27,290.0,78.30000000000001,True,satisfied,True,False,True
0.27,295.0,79.65,True,satisfied,True,False,True
0.27,300.0,81.0,True,satisfied,True,False,True
0.28,10.0,2.8000000000000003,False,violated,False,False,True
0.28,15.0,4.2,False,violated,False,False,True
0.28,20.0,5.6000000000000005,False,violated,False,False,True
0.28,25.0,7.000000000000001,False,violated,False,False,True
0.28,30.0,8.4,False,violated,False,False,True
0.28,35.0,9.8,False,violated,False,False,True
0.28,40.0,11.200000000000001,True,satisfied,True,False,True
0.28,45.0,12.600000000000001,True,satisfied,True,False,True
0.28,50.0,14.000000000000002,True,satisfied,True,False,True
0.28,55.0,15.400000000000002,True,satisfied,True,False,True
0.28,60.0,16.8,True,satisfied,True,False,True
0.28,65.0,18.200000000000003,True,satisfied,True,False,True
0.28,70.0,19.6,True,satisfied,True,False,True
0.28,75.0,21.000000000000004,True,satisfied,True,False,True
0.28,80.0,22.400000000000002,True,satisfied,True,False,True
0.28,85.0,23.8,True,satisfied,True,False,True
0.28,90.0,25.200000000000003,True,satisfied,True,False,True
0.28,95.0,26.6,True,satisfied,True,False,True
0.28,100.0,28.000000000000004,True,satisfied,True,False,True
0.28,105.0,29.400000000000002,True,satisfied,True,False,True
0.28,110.0,30.800000000000004,True,satisfied,True,False,True
0.28,115.0,32.2,True,satisfied,True,False,True
0.28,120.0,33.6,True,satisfied,True,False,True
0.28,125.0,35.0,True,satisfied,True,False,True
0.28,130.0,36.400000000000006,True,satisfied,True,False,True
0.28,135.0,37.800000000000004,True,satisfied,True,False,True
0.28,140.0,39.2,True,satisfied,True,False,True
0.28,145.0,40.6,True,satisfied,True,False,True
0.28,150.0,42.00000000000001,True,satisfied,True,False,True
0.28,155.0,43.400000000000006,True,satisfied,True,False,True
0.28,160.0,44.800000000000004,True,satisfied,True,False,True
0.28,165.0,46.2,True,satisfied,True,False,True
0.28,170.0,47.6,True,satisfied,True,False,True
0.28,175.0,49.00000000000001,True,satisfied,True,False,True
0.28,180.0,50.400000000000006,True,satisfied,True,False,True
0.28,185.0,51.800000000000004,True,satisfied,True,False,True
0.28,190.0,53.2,True,satisfied,True,False,True
0.28,195.0,54.60000000000001,True,satisfied,True,False,True
0.28,200.0,56.00000000000001,True,satisfied,True,False,True
0.28,205.0,57.400000000000006,True,satisfied,True,False,True
0.28,210.0,58.800000000000004,True,satisfied,True,False,True
0.28,215.0,60.2,True,satisfied,True,False,True
0.28,220.0,61.60000000000001,True,satisfied,True,False,True
0.28,225.0,63.00000000000001,True,satisfied,True,False,True
0.28,230.0,64.4,True,satisfied,True,False,True
0.28,235.0,65.80000000000001,True,satisfied,True,False,True
0.28,240.0,67.2,True,satisfied,True,False,True
0.28,245.0,68.60000000000001,True,satisfied,True,False,True
0.28,250.0,70.0,True,satisfied,True,False,True
0.28,255.0,71.4,True,satisfied,True,False,True
0.28,260.0,72.80000000000001,True,satisfied,True,False,True
0.28,265.0,74.2,True,satisfied,True,False,True
0.28,270.0,75.60000000000001,True,satisfied,True,False,True
0.28,275.0,77.00000000000001,True,satisfied,True,False,True
0.28,280.0,78.4,True,satisfied,True,False,True
0.28,285.0,79.80000000000001,True,satisfied,True,False,True
0.28,290.0,81.2,True,satisfied,True,False,True
0.28,295.0,82.60000000000001,True,satisfied,True,False,True
0.28,300.0,84.00000000000001,True,satisfied,True,False,True
0.29000000000000004,10.0,2.9000000000000004,False,violated,False,False,True
0.29000000000000004,15.0,4.3500000000000005,False,violated,False,False,True
0.29000000000000004,20.0,5.800000000000001,False,violated,False,False,True
0.29000000000000004,25.0,7.250000000000001,False,violated,False,False,True
0.29000000000000004,30.0,8.700000000000001,False,violated,False,False,True
0.29000000000000004,35.0,10.150000000000002,True,satisfied,True,False,True
0.29000000000000004,40.0,11.600000000000001,True,satisfied,True,False,True
0.29000000000000004,45.0,13.05,True,satisfied,True,False,True
0.29000000000000004,50.0,14.500000000000002,True,satisfied,True,False,True
0.29000000000000004,55.0,15.950000000000003,True,satisfied,True,False,True
0.29000000000000004,60.0,17.400000000000002,True,satisfied,True,False,True
0.29000000000000004,65.0,18.85,True,satisfied,True,False,True
0.29000000000000004,70.0,20.300000000000004,True,satisfied,True,False,True
0.29000000000000004,75.0,21.750000000000004,True,satisfied,True,False,True
0.29000000000000004,80.0,23.200000000000003,True,satisfied,True,False,True
0.29000000000000004,85.0,24.650000000000002,True,satisfied,True,False,True
0.29000000000000004,90.0,26.1,True,satisfied,True,False,True
0.29000000000000004,95.0,27.550000000000004,True,satisfied,True,False,True
0.29000000000000004,100.0,29.000000000000004,True,satisfied,True,False,True
0.29000000000000004,105.0,30.450000000000003,True,satisfied,True,False,True
0.29000000000000004,110.0,31.900000000000006,True,satisfied,True,False,True
0.29000000000000004,115.0,33.35,True,satisfied,True,False,True
0.29000000000000004,120.0,34.800000000000004,True,satisfied,True,False,True
0.29000000000000004,125.0,36.25000000000001,True,satisfied,True,False,True
0.29000000000000004,130.0,37.7,True,satisfied,True,False,True
0.29000000000000004,135.0,39.150000000000006,True,satisfied,True,False,True
0.29000000000000004,140.0,40.60000000000001,True,satisfied,True,False,True
0.29000000000000004,145.0,42.050000000000004,True,satisfied,True,False,True
0.29000000000000004,150.0,43.50000000000001,True,satisfied,True,False,True
0.29000000000000004,155.0,44.95,True,satisfied,True,False,True
0.29000000000000004,160.0,46.400000000000006,True,satisfied,True,False,True
0.29000000000000004,165.0,47.85000000000001,True,satisfied,True,False,True
0.29000000000000004,170.0,49.300000000000004,True,satisfied,True,False,True
0.29000000000000004,175.0,50.75000000000001,True,satisfied,True,False,True
0.29000000000000004,180.0,52.2,True,satisfied,True,False,True
0.29000000000000004,185.0,53.650000000000006,True,satisfied,True,False,True
0.29000000000000004,190.0,55.10000000000001,True,satisfied,True,False,True
0.29000000000000004,195.0,56.550000000000004,True,satisfied,True,False,True
0.29000000000000004,200.0,58.00000000000001,True,satisfied,True,False,True
0.29000000000000004,205.0,59.45000000000001,True,satisfied,True,False,True
0.29000000000000004,210.0,60.900000000000006,True,satisfied,True,False,True
0.29000000000000004,215.0,62.35000000000001,True,satisfied,True,False,True
0.29000000000000004,220.0,63.80000000000001,True,satisfied,True,False,True
0.29000000000000004,225.0,65.25000000000001,True,satisfied,True,False,True
0.29000000000000004,230.0,66.7,True,satisfied,True,False,True
0.29000000000000004,235.0,68.15,True,satisfied,True,False,True
0.29000000000000004,240.0,69.60000000000001,True,satisfied,True,False,True
0.29000000000000004,245.0,71.05000000000001,True,satisfied,True,False,True
0.29000000000000004,250.0,72.50000000000001,True,satisfied,True,False,True
0.29000000000000004,255.0,73.95,True,satisfied,True,False,True
0.29000000000000004,260.0,75.4,True,satisfied,True,False,True
0.29000000000000004,265.0,76.85000000000001,True,satisfied,True,False,True
0.29000000000000004,270.0,78.30000000000001,True,satisfied,True,False,True
0.29000000000000004,275.0,79.75000000000001,True,satisfied,True,False,True
0.29000000000000004,280.0,81.20000000000002,True,satisfied,True,False,True
0.29000000000000004,285.0,82.65,True,satisfied,True,False,True
0.29000000000000004,290.0,84.10000000000001,True,satisfied,True,False,True
0.29000000000000004,295.0,85.55000000000001,True,satisfied,True,False,True
0.29000000000000004,300.0,87.00000000000001,True,satisfied,True,False,True
0.30000000000000004,10.0,3.0000000000000004,False,violated,False,False,True
0.30000000000000004,15.0,4.500000000000001,False,violated,False,False,True
0.30000000000000004,20.0,6.000000000000001,False,violated,False,False,True
0.30000000000000004,25.0,7.500000000000001,False,violated,False,False,True
0.30000000000000004,30.0,9.000000000000002,False,violated,False,False,True
0.30000000000000004,35.0,10.500000000000002,True,satisfied,True,False,True
0.30000000000000004,40.0,12.000000000000002,True,satisfied,True,False,True
0.30000000000000004,45.0,13.500000000000002,True,satisfied,True,False,True
0.30000000000000004,50.0,15.000000000000002,True,satisfied,True,False,True
0.30000000000000004,55.0,16.500000000000004,True,satisfied,True,False,True
0.30000000000000004,60.0,18.000000000000004,True,satisfied,True,False,True
0.30000000000000004,65.0,19.500000000000004,True,satisfied,True,False,True
0.30000000000000004,70.0,21.000000000000004,True,satisfied,True,False,True
0.30000000000000004,75.0,22.500000000000004,True,satisfied,True,False,True
0.30000000000000004,80.0,24.000000000000004,True,satisfied,True,False,True
0.30000000000000004,85.0,25.500000000000004,True,satisfied,True,False,True
0.30000000000000004,90.0,27.000000000000004,True,satisfied,True,False,True
0.30000000000000004,95.0,28.500000000000004,True,satisfied,True,False,True
0.30000000000000004,100.0,30.000000000000004,True,satisfied,True,False,True
0.30000000000000004,105.0,31.500000000000004,True,satisfied,True,False,True
0.30000000000000004,110.0,33.00000000000001,True,satisfied,True,False,True
0.30000000000000004,115.0,34.50000000000001,True,satisfied,True,False,True
0.30000000000000004,120.0,36.00000000000001,True,satisfied,True,False,True
0.30000000000000004,125.0,37.50000000000001,True,satisfied,True,False,True
0.30000000000000004,130.0,39.00000000000001,True,satisfied,True,False,True
0.30000000000000004,135.0,40.50000000000001,True,satisfied,True,False,True
0.30000000000000004,140.0,42.00000000000001,True,satisfied,True,False,True
0.30000000000000004,145.0,43.50000000000001,True,satisfied,True,False,True
0.30000000000000004,150.0,45.00000000000001,True,satisfied,True,False,True
0.30000000000000004,155.0,46.50000000000001,True,satisfied,True,False,True
0.30000000000000004,160.0,48.00000000000001,True,satisfied,True,False,True
0.30000000000000004,165.0,49.50000000000001,True,satisfied,True,False,True
0.30000000000000004,170.0,51.00000000000001,True,satisfied,True,False,True
0.30000000000000004,175.0,52.50000000000001,True,satisfied,True,False,True
0.30000000000000004,180.0,54.00000000000001,True,satisfied,True,False,True
0.30000000000000004,185.0,55.50000000000001,True,satisfied,True,False,True
0.30000000000000004,190.0,57.00000000000001,True,satisfied,True,False,True
0.30000000000000004,195.0,58.50000000000001,True,satisfied,True,False,True
0.30000000000000004,200.0,60.00000000000001,True,satisfied,True,False,True
0.30000000000000004,205.0,61.50000000000001,True,satisfied,True,False,True
0.30000000000000004,210.0,63.00000000000001,True,satisfied,True,False,True
0.30000000000000004,215.0,64.50000000000001,True,satisfied,True,False,True
0.30000000000000004,220.0,66.00000000000001,True,satisfied,True,False,True
0.30000000000000004,225.0,67.50000000000001,True,satisfied,True,False,True
0.30000000000000004,230.0,69.00000000000001,True,satisfied,True,False,True
0.30000000000000004,235.0,70.50000000000001,True,satisfied,True,False,True
0.30000000000000004,240.0,72.00000000000001,True,satisfied,True,False,True
0.30000000000000004,245.0,73.50000000000001,True,satisfied,True,False,True
0.30000000000000004,250.0,75.00000000000001,True,satisfied,True,False,True
0.30000000000000004,255.0,76.50000000000001,True,satisfied,True,False,True
0.30000000000000004,260.0,78.00000000000001,True,satisfied,True,False,True
0.30000000000000004,265.0,79.50000000000001,True,satisfied,True,False,True
0.30000000000000004,270.0,81.00000000000001,True,satisfied,True,False,True
0.30000000000000004,275.0,82.50000000000001,True,satisfied,True,False,True
0.30000000000000004,280.0,84.00000000000001,True,satisfied,True,False,True
0.30000000000000004,285.0,85.50000000000001,True,satisfied,True,False,True
0.30000000000000004,290.0,87.00000000000001,True,satisfied,True,False,True
0.30000000000000004,295.0,88.50000000000001,True,satisfied,True,False,True
0.30000000000000004,300.0,90.00000000000001,True,satisfied,True,False,True
0.31,10.0,3.1,False,violated,False,False,True
0.31,15.0,4.65,False,violated,False,False,True
0.31,20.0,6.2,False,violated,False,False,True
0.31,25.0,7.75,False,violated,False,False,True
0.31,30.0,9.3,False,violated,False,False,True
0.31,35.0,10.85,True,satisfied,True,False,True
0.31,40.0,12.4,True,satisfied,True,False,True
0.31,45.0,13.95,True,satisfied,True,False,True
0.31,50.0,15.5,True,satisfied,True,False,True
0.31,55.0,17.05,True,satisfied,True,False,True
0.31,60.0,18.6,True,satisfied,True,False,True
0.31,65.0,20.15,True,satisfied,True,False,True
0.31,70.0,21.7,True,satisfied,True,False,True
0.31,75.0,23.25,True,satisfied,True,False,True
0.31,80.0,24.8,True,satisfied,True,False,True
0.31,85.0,26.35,True,satisfied,True,False,True
0.31,90.0,27.9,True,satisfied,True,False,True
0.31,95.0,29.45,True,satisfied,True,False,True
0.31,100.0,31.0,True,satisfied,True,False,True
0.31,105.0,32.55,True,satisfied,True,False,True
0.31,110.0,34.1,True,satisfied,True,False,True
0.31,115.0,35.65,True,satisfied,True,False,True
0.31,120.0,37.2,True,satisfied,True,False,True
0.31,125.0,38.75,True,satisfied,True,False,True
0.31,130.0,40.3,True,satisfied,True,False,True
0.31,135.0,41.85,True,satisfied,True,False,True
0.31,140.0,43.4,True,satisfied,True,False,True
0.31,145.0,44.95,True,satisfied,True,False,True
0.31,150.0,46.5,True,satisfied,True,False,True
0.31,155.0,48.05,True,satisfied,True,False,True
0.31,160.0,49.6,True,satisfied,True,False,True
0.31,165.0,51.15,True,satisfied,True,False,True
0.31,170.0,52.7,True,satisfied,True,False,True
0.31,175.0,54.25,True,satisfied,True,False,True
0.31,180.0,55.8,True,satisfied,True,False,True
0.31,185.0,57.35,True,satisfied,True,False,True
0.31,190.0,58.9,True,satisfied,True,False,True
0.31,195.0,60.45,True,satisfied,True,False,True
0.31,200.0,62.0,True,satisfied,True,False,True
0.31,205.0,63.55,True,satisfied,True,False,True
0.31,210.0,65.1,True,satisfied,True,False,True
0.31,215.0,66.65,True,satisfied,True,False,True
0.31,220.0,68.2,True,satisfied,True,False,True
0.31,225.0,69.75,True,satisfied,True,False,True
0.31,230.0,71.3,True,satisfied,True,False,True
0.31,235.0,72.85,True,satisfied,True,False,True
0.31,240.0,74.4,True,satisfied,True,False,True
0.31,245.0,75.95,True,satisfied,True,False,True
0.31,250.0,77.5,True,satisfied,True,False,True
0.31,255.0,79.05,True,satisfied,True,False,True
0.31,260.0,80.6,True,satisfied,True,False,True
0.31,265.0,82.15,True,satisfied,True,False,True
0.31,270.0,83.7,True,satisfied,True,False,True
0.31,275.0,85.25,True,satisfied,True,False,True
0.31,280.0,86.8,True,satisfied,True,False,True
0.31,285.0,88.35,True,satisfied,True,False,True
0.31,290.0,89.9,True,satisfied,True,False,True
0.31,295.0,91.45,True,satisfied,True,False,True
0.31,300.0,93.0,True,satisfied,True,False,True
0.32,10.0,3.2,False,violated,False,False,True
0.32,15.0,4.8,False,violated,False,False,True
0.32,20.0,6.4,False,violated,False,False,True
0.32,25.0,8.0,False,violated,False,False,True
0.32,30.0,9.6,False,violated,False,False,True
0.32,35.0,11.200000000000001,True,satisfied,True,False,True
0.32,40.0,12.8,True,satisfied,True,False,True
0.32,45.0,14.4,True,satisfied,True,False,True
0.32,50.0,16.0,True,satisfied,True,False,True
0.32,55.0,17.6,True,satisfied,True,False,True
0.32,60.0,19.2,True,satisfied,True,False,True
0.32,65.0,20.8,True,satisfied,True,False,True
0.32,70.0,22.400000000000002,True,satisfied,True,False,True
0.32,75.0,24.0,True,satisfied,True,False,True
0.32,80.0,25.6,True,satisfied,True,False,True
0.32,85.0,27.2,True,satisfied,True,False,True
0.32,90.0,28.8,True,satisfied,True,False,True
0.32,95.0,30.400000000000002,True,satisfied,True,False,True
0.32,100.0,32.0,True,satisfied,True,False,True
0.32,105.0,33.6,True,satisfied,True,False,True
0.32,110.0,35.2,True,satisfied,True,False,True
0.32,115.0,36.800000000000004,True,satisfied,True,False,True
0.32,120.0,38.4,True,satisfied,True,False,True
0.32,125.0,40.0,True,satisfied,True,False,True
0.32,130.0,41.6,True,satisfied,True,False,True
0.32,135.0,43.2,True,satisfied,True,False,True
0.32,140.0,44.800000000000004,True,satisfied,True,False,True
0.32,145.0,46.4,True,satisfied,True,False,True
0.32,150.0,48.0,True,satisfied,True,False,True
0.32,155.0,49.6,True,satisfied,True,False,True
0.32,160.0,51.2,True,satisfied,True,False,True
0.32,165.0,52.800000000000004,True,satisfied,True,False,True
0.32,170.0,54.4,True,satisfied,True,False,True
0.32,175.0,56.0,True,satisfied,True,False,True
0.32,180.0,57.6,True,satisfied,True,False,True
0.32,185.0,59.2,True,satisfied,True,False,True
0.32,190.0,60.800000000000004,True,satisfied,True,False,True
0.32,195.0,62.4,True,satisfied,True,False,True
0.32,200.0,64.0,True,satisfied,True,False,True
0.32,205.0,65.6,True,satisfied,True,False,True
0.32,210.0,67.2,True,satisfied,True,False,True
0.32,215.0,68.8,True,satisfied,True,False,True
0.32,220.0,70.4,True,satisfied,True,False,True
0.32,225.0,72.0,True,satisfied,True,False,True
0.32,230.0,73.60000000000001,True,satisfied,True,False,True
0.32,235.0,75.2,True,satisfied,True,False,True
0.32,240.0,76.8,True,satisfied,True,False,True
0.32,245.0,78.4,True,satisfied,True,False,True
0.32,250.0,80.0,True,satisfied,True,False,True
0.32,255.0,81.60000000000001,True,satisfied,True,False,True
0.32,260.0,83.2,True,satisfied,True,False,True
0.32,265.0,84.8,True,satisfied,True,False,True
0.32,270.0,86.4,True,satisfied,True,False,True
0.32,275.0,88.0,True,satisfied,True,False,True
0.32,280.0,89.60000000000001,True,satisfied,True,False,True
0.32,285.0,91.2,True,satisfied,True,False,True
0.32,290.0,92.8,True,satisfied,True,False,True
0.32,295.0,94.4,True,satisfied,True,False,True
0.32,300.0,96.0,True,satisfied,True,False,True
0.33,10.0,3.3000000000000003,False,violated,False,False,True
0.33,15.0,4.95,False,violated,False,False,True
0.33,20.0,6.6000000000000005,False,violated,False,False,True
0.33,25.0,8.25,False,violated,False,False,True
0.33,30.0,9.9,False,violated,False,False,True
0.33,35.0,11.55,True,satisfied,True,False,True
0.33,40.0,13.200000000000001,True,satisfied,True,False,True
0.33,45.0,14.850000000000001,True,satisfied,True,False,True
0.33,50.0,16.5,True,satisfied,True,False,True
0.33,55.0,18.150000000000002,True,satisfied,True,False,True
0.33,60.0,19.8,True,satisfied,True,False,True
0.33,65.0,21.45,True,satisfied,True,False,True
0.33,70.0,23.1,True,satisfied,True,False,True
0.33,75.0,24.75,True,satisfied,True,False,True
0.33,80.0,26.400000000000002,True,satisfied,True,False,True
0.33,85.0,28.05,True,satisfied,True,False,True
0.33,90.0,29.700000000000003,True,satisfied,True,False,True
0.33,95.0,31.35,True,satisfied,True,False,True
0.33,100.0,33.0,True,satisfied,True,False,True
0.33,105.0,34.65,True,satisfied,True,False,True
0.33,110.0,36.300000000000004,True,satisfied,True,False,True
0.33,115.0,37.95,True,satisfied,True,False,True
0.33,120.0,39.6,True,satisfied,True,False,True
0.33,125.0,41.25,True,satisfied,True,False,True
0.33,130.0,42.9,True,satisfied,True,False,True
0.33,135.0,44.550000000000004,True,satisfied,True,False,True
0.33,140.0,46.2,True,satisfied,True,False,True
0.33,145.0,47.85,True,satisfied,True,False,True
0.33,150.0,49.5,True,satisfied,True,False,True
0.33,155.0,51.150000000000006,True,satisfied,True,False,True
0.33,160.0,52.800000000000004,True,satisfied,True,False,True
0.33,165.0,54.45,True,satisfied,True,False,True
0.33,170.0,56.1,True,satisfied,True,False,True
0.33,175.0,57.75,True,satisfied,True,False,True
0.33,180.0,59.400000000000006,True,satisfied,True,False,True
0.33,185.0,61.050000000000004,True,satisfied,True,False,True
0.33,190.0,62.7,True,satisfied,True,False,True
0.33,195.0,64.35000000000001,True,satisfied,True,False,True
0.33,200.0,66.0,True,satisfied,True,False,True
0.33,205.0,67.65,True,satisfied,True,False,True
0.33,210.0,69.3,True,satisfied,True,False,True
0.33,215.0,70.95,True,satisfied,True,False,True
0.33,220.0,72.60000000000001,True,satisfied,True,False,True
0.33,225.0,74.25,True,satisfied,True,False,True
0.33,230.0,75.9,True,satisfied,True,False,True
0.33,235.0,77.55,True,satisfied,True,False,True
0.33,240.0,79.2,True,satisfied,True,False,True
0.33,245.0,80.85000000000001,True,satisfied,True,False,True
0.33,250.0,82.5,True,satisfied,True,False,True
0.33,255.0,84.15,True,satisfied,True,False,True
0.33,260.0,85.8,True,satisfied,True,False,True
0.33,265.0,87.45,True,satisfied,True,False,True
0.33,270.0,89.10000000000001,True,satisfied,True,False,True
0.33,275.0,90.75,True,satisfied,True,False,True
0.33,280.0,92.4,True,satisfied,True,False,True
0.33,285.0,94.05000000000001,True,satisfied,True,False,True
0.33,290.0,95.7,True,satisfied,True,False,True
0.33,295.0,97.35000000000001,True,satisfied,True,False,True
0.33,300.0,99.0,True,satisfied,True,False,True
0.34,10.0,3.4000000000000004,False,violated,False,False,True
0.34,15.0,5.1000000000000005,False,violated,False,False,True
0.34,20.0,6.800000000000001,False,violated,False,False,True
0.34,25.0,8.5,False,violated,False,False,True
0.34,30.0,10.200000000000001,True,satisfied,True,False,True
0.34,35.0,11.9,True,satisfied,True,False,True
0.34,40.0,13.600000000000001,True,satisfied,True,False,True
0.34,45.0,15.3,True,satisfied,True,False,True
0.34,50.0,17.0,True,satisfied,True,False,True
0.34,55.0,18.700000000000003,True,satisfied,True,False,True
0.34,60.0,20.400000000000002,True,satisfied,True,False,True
0.34,65.0,22.1,True,satisfied,True,False,True
0.34,70.0,23.8,True,satisfied,True,False,True
0.34,75.0,25.500000000000004,True,satisfied,True,False,True
0.34,80.0,27.200000000000003,True,satisfied,True,False,True
0.34,85.0,28.900000000000002,True,satisfied,True,False,True
0.34,90.0,30.6,True,satisfied,True,False,True
0.34,95.0,32.300000000000004,True,satisfied,True,False,True
0.34,100.0,34.0,True,satisfied,True,False,True
0.34,105.0,35.7,True,satisfied,True,False,True
0.34,110.0,37.400000000000006,True,satisfied,True,False,True
0.34,115.0,39.1,True,satisfied,True,False,True
0.34,120.0,40.800000000000004,True,satisfied,True,False,True
0.34,125.0,42.5,True,satisfied,True,False,True
0.34,130.0,44.2,True,satisfied,True,False,True
0.34,135.0,45.900000000000006,True,satisfied,True,False,True
0.34,140.0,47.6,True,satisfied,True,False,True
0.34,145.0,49.300000000000004,True,satisfied,True,False,True
0.34,150.0,51.00000000000001,True,satisfied,True,False,True
0.34,155.0,52.7,True,satisfied,True,False,True
0.34,160.0,54.400000000000006,True,satisfied,True,False,True
0.34,165.0,56.1,True,satisfied,True,False,True
0.34,170.0,57.800000000000004,True,satisfied,True,False,True
0.34,175.0,59.50000000000001,True,satisfied,True,False,True
0.34,180.0,61.2,True,satisfied,True,False,True
0.34,185.0,62.900000000000006,True,satisfied,True,False,True
0.34,190.0,64.60000000000001,True,satisfied,True,False,True
0.34,195.0,66.30000000000001,True,satisfied,True,False,True
0.34,200.0,68.0,True,satisfied,True,False,True
0.34,205.0,69.7,True,satisfied,True,False,True
0.34,210.0,71.4,True,satisfied,True,False,True
0.34,215.0,73.10000000000001,True,satisfied,True,False,True
0.34,220.0,74.80000000000001,True,satisfied,True,False,True
0.34,225.0,76.5,True,satisfied,True,False,True
0.34,230.0,78.2,True,satisfied,True,False,True
0.34,235.0,79.9,True,satisfied,True,False,True
0.34,240.0,81.60000000000001,True,satisfied,True,False,True
0.34,245.0,83.30000000000001,True,satisfied,True,False,True
0.34,250.0,85.0,True,satisfied,True,False,True
0.34,255.0,86.7,True,satisfied,True,False,True
0.34,260.0,88.4,True,satisfied,True,False,True
0.34,265.0,90.10000000000001,True,satisfied,True,False,True
0.34,270.0,91.80000000000001,True,satisfied,True,False,True
0.34,275.0,93.5,True,satisfied,True,False,True
0.34,280.0,95.2,True,satisfied,True,False,True
0.34,285.0,96.9,True,satisfied,True,False,True
0.34,290.0,98.60000000000001,True,satisfied,True,False,True
0.34,295.0,100.30000000000001,True,satisfied,True,False,True
0.34,300.0,102.00000000000001,True,satisfied,True,False,True
0.35000000000000003,10.0,3.5000000000000004,False,violated,False,False,True
0.35000000000000003,15.0,5.250000000000001,False,violated,False,False,True
0.35000000000000003,20.0,7.000000000000001,False,violated,False,False,True
0.35000000000000003,25.0,8.75,False,violated,False,False,True
0.35000000000000003,30.0,10.500000000000002,True,satisfied,True,False,True
0.35000000000000003,35.0,12.250000000000002,True,satisfied,True,False,True
0.35000000000000003,40.0,14.000000000000002,True,satisfied,True,False,True
0.35000000000000003,45.0,15.750000000000002,True,satisfied,True,False,True
0.35000000000000003,50.0,17.5,True,satisfied,True,False,True
0.35000000000000003,55.0,19.250000000000004,True,satisfied,True,False,True
0.35000000000000003,60.0,21.000000000000004,True,satisfied,True,False,True
0.35000000000000003,65.0,22.750000000000004,True,satisfied,True,False,True
0.35000000000000003,70.0,24.500000000000004,True,satisfied,True,False,True
0.35000000000000003,75.0,26.250000000000004,True,satisfied,True,False,True
0.35000000000000003,80.0,28.000000000000004,True,satisfied,True,False,True
0.35000000000000003,85.0,29.750000000000004,True,satisfied,True,False,True
0.35000000000000003,90.0,31.500000000000004,True,satisfied,True,False,True
0.35000000000000003,95.0,33.25,True,satisfied,True,False,True
0.35000000000000003,100.0,35.0,True,satisfied,True,False,True
0.35000000000000003,105.0,36.75,True,satisfied,True,False,True
0.35000000000000003,110.0,38.50000000000001,True,satisfied,True,False,True
0.35000000000000003,115.0,40.25000000000001,True,satisfied,True,False,True
0.35000000000000003,120.0,42.00000000000001,True,satisfied,True,False,True
0.35000000000000003,125.0,43.75000000000001,True,satisfied,True,False,True
0.35000000000000003,130.0,45.50000000000001,True,satisfied,True,False,True
0.35000000000000003,135.0,47.25000000000001,True,satisfied,True,False,True
0.35000000000000003,140.0,49.00000000000001,True,satisfied,True,False,True
0.35000000000000003,145.0,50.75000000000001,True,satisfied,True,False,True
0.35000000000000003,150.0,52.50000000000001,True,satisfied,True,False,True
0.35000000000000003,155.0,54.25000000000001,True,satisfied,True,False,True
0.35000000000000003,160.0,56.00000000000001,True,satisfied,True,False,True
0.35000000000000003,165.0,57.75000000000001,True,satisfied,True,False,True
0.35000000000000003,170.0,59.50000000000001,True,satisfied,True,False,True
0.35000000000000003,175.0,61.25000000000001,True,satisfied,True,False,True
0.35000000000000003,180.0,63.00000000000001,True,satisfied,True,False,True
0.35000000000000003,185.0,64.75,True,satisfied,True,False,True
0.35000000000000003,190.0,66.5,True,satisfied,True,False,True
0.35000000000000003,195.0,68.25,True,satisfied,True,False,True
0.35000000000000003,200.0,70.0,True,satisfied,True,False,True
0.35000000000000003,205.0,71.75,True,satisfied,True,False,True
0.35000000000000003,210.0,73.5,True,satisfied,True,False,True
0.35000000000000003,215.0,75.25000000000001,True,satisfied,True,False,True
0.35000000000000003,220.0,77.00000000000001,True,satisfied,True,False,True
0.35000000000000003,225.0,78.75000000000001,True,satisfied,True,False,True
0.35000000000000003,230.0,80.50000000000001,True,satisfied,True,False,True
0.35000000000000003,235.0,82.25000000000001,True,satisfied,True,False,True
0.35000000000000003,240.0,84.00000000000001,True,satisfied,True,False,True
0.35000000000000003,245.0,85.75000000000001,True,satisfied,True,False,True
0.35000000000000003,250.0,87.50000000000001,True,satisfied,True,False,True
0.35000000000000003,255.0,89.25000000000001,True,satisfied,True,False,True
0.35000000000000003,260.0,91.00000000000001,True,satisfied,True,False,True
0.35000000000000003,265.0,92.75000000000001,True,satisfied,True,False,True
0.35000000000000003,270.0,94.50000000000001,True,satisfied,True,False,True
0.35000000000000003,275.0,96.25000000000001,True,satisfied,True,False,True
0.35000000000000003,280.0,98.00000000000001,True,satisfied,True,False,True
0.35000000000000003,285.0,99.75000000000001,True,satisfied,True,False,True
0.35000000000000003,290.0,101.50000000000001,True,satisfied,True,False,True
0.35000000000000003,295.0,103.25000000000001,True,satisfied,True,False,True
0.35000000000000003,300.0,105.00000000000001,True,satisfied,True,False,True
0.36000000000000004,10.0,3.6000000000000005,False,violated,False,False,True
0.36000000000000004,15.0,5.4,False,violated,False,False,True
0.36000000000000004,20.0,7.200000000000001,False,violated,False,False,True
0.36000000000000004,25.0,9.000000000000002,False,violated,False,False,True
0.36000000000000004,30.0,10.8,True,satisfied,True,False,True
0.36000000000000004,35.0,12.600000000000001,True,satisfied,True,False,True
0.36000000000000004,40.0,14.400000000000002,True,satisfied,True,False,True
0.36000000000000004,45.0,16.200000000000003,True,satisfied,True,False,True
0.36000000000000004,50.0,18.000000000000004,True,satisfied,True,False,True
0.36000000000000004,55.0,19.8,True,satisfied,True,False,True
0.36000000000000004,60.0,21.6,True,satisfied,True,False,True
0.36000000000000004,65.0,23.400000000000002,True,satisfied,True,False,True
0.36000000000000004,70.0,25.200000000000003,True,satisfied,True,False,True
0.36000000000000004,75.0,27.000000000000004,True,satisfied,True,False,True
0.36000000000000004,80.0,28.800000000000004,True,satisfied,True,False,True
0.36000000000000004,85.0,30.600000000000005,True,satisfied,True,False,True
0.36000000000000004,90.0,32.400000000000006,True,satisfied,True,False,True
0.36000000000000004,95.0,34.2,True,satisfied,True,False,True
0.36000000000000004,100.0,36.00000000000001,True,satisfied,True,False,True
0.36000000000000004,105.0,37.800000000000004,True,satisfied,True,False,True
0.36000000000000004,110.0,39.6,True,satisfied,True,False,True
0.36000000000000004,115.0,41.400000000000006,True,satisfied,True,False,True
0.36000000000000004,120.0,43.2,True,satisfied,True,False,True
0.36000000000000004,125.0,45.00000000000001,True,satisfied,True,False,True
0.36000000000000004,130.0,46.800000000000004,True,satisfied,True,False,True
0.36000000000000004,135.0,48.60000000000001,True,satisfied,True,False,True
0.36000000000000004,140.0,50.400000000000006,True,satisfied,True,False,True
0.36000000000000004,145.0,52.2,True,satisfied,True,False,True
0.36000000000000004,150.0,54.00000000000001,True,satisfied,True,False,True
0.36000000000000004,155.0,55.800000000000004,True,satisfied,True,False,True
0.36000000000000004,160.0,57.60000000000001,True,satisfied,True,False,True
0.36000000000000004,165.0,59.400000000000006,True,satisfied,True,False,True
0.36000000000000004,170.0,61.20000000000001,True,satisfied,True,False,True
0.36000000000000004,175.0,63.00000000000001,True,satisfied,True,False,True
0.36000000000000004,180.0,64.80000000000001,True,satisfied,True,False,True
0.36000000000000004,185.0,66.60000000000001,True,satisfied,True,False,True
0.36000000000000004,190.0,68.4,True,satisfied,True,False,True
0.36000000000000004,195.0,70.2,True,satisfied,True,False,True
0.36000000000000004,200.0,72.00000000000001,True,satisfied,True,False,True
0.36000000000000004,205.0,73.80000000000001,True,satisfied,True,False,True
0.36000000000000004,210.0,75.60000000000001,True,satisfied,True,False,True
0.36000000000000004,215.0,77.4,True,satisfied,True,False,True
0.36000000000000004,220.0,79.2,True,satisfied,True,False,True
0.36000000000000004,225.0,81.00000000000001,True,satisfied,True,False,True
0.36000000000000004,230.0,82.80000000000001,True,satisfied,True,False,True
0.36000000000000004,235.0,84.60000000000001,True,satisfied,True,False,True
0.36000000000000004,240.0,86.4,True,satisfied,True,False,True
0.36000000000000004,245.0,88.20000000000002,True,satisfied,True,False,True
0.36000000000000004,250.0,90.00000000000001,True,satisfied,True,False,True
0.36000000000000004,255.0,91.80000000000001,True,satisfied,True,False,True
0.36000000000000004,260.0,93.60000000000001,True,satisfied,True,False,True
0.36000000000000004,265.0,95.4,True,satisfied,True,False,True
0.36000000000000004,270.0,97.20000000000002,True,satisfied,True,False,True
0.36000000000000004,275.0,99.00000000000001,True,satisfied,True,False,True
0.36000000000000004,280.0,100.80000000000001,True,satisfied,True,False,True
0.36000000000000004,285.0,102.60000000000001,True,satisfied,True,False,True
0.36000000000000004,290.0,104.4,True,satisfied,True,False,True
0.36000000000000004,295.0,106.20000000000002,True,satisfied,True,False,True
0.36000000000000004,300.0,108.00000000000001,True,satisfied,True,False,True
0.37000000000000005,10.0,3.7000000000000006,False,violated,False,False,True
0.37000000000000005,15.0,5.550000000000001,False,violated,False,False,True
0.37000000000000005,20.0,7.400000000000001,False,violated,False,False,True
0.37000000000000005,25.0,9.250000000000002,False,violated,False,False,True
0.37000000000000005,30.0,11.100000000000001,True,satisfied,True,False,True
0.37000000000000005,35.0,12.950000000000001,True,satisfied,True,False,True
0.37000000000000005,40.0,14.800000000000002,True,satisfied,True,False,True
0.37000000000000005,45.0,16.650000000000002,True,satisfied,True,False,True
0.37000000000000005,50.0,18.500000000000004,True,satisfied,True,False,True
0.37000000000000005,55.0,20.35,True,satisfied,True,False,True
0.37000000000000005,60.0,22.200000000000003,True,satisfied,True,False,True
0.37000000000000005,65.0,24.050000000000004,True,satisfied,True,False,True
0.37000000000000005,70.0,25.900000000000002,True,satisfied,True,False,True
0.37000000000000005,75.0,27.750000000000004,True,satisfied,True,False,True
0.37000000000000005,80.0,29.600000000000005,True,satisfied,True,False,True
0.37000000000000005,85.0,31.450000000000003,True,satisfied,True,False,True
0.37000000000000005,90.0,33.300000000000004,True,satisfied,True,False,True
0.37000000000000005,95.0,35.150000000000006,True,satisfied,True,False,True
0.37000000000000005,100.0,37.00000000000001,True,satisfied,True,False,True
0.37000000000000005,105.0,38.85000000000001,True,satisfied,True,False,True
0.37000000000000005,110.0,40.7,True,satisfied,True,False,True
0.37000000000000005,115.0,42.550000000000004,True,satisfied,True,False,True
0.37000000000000005,120.0,44.400000000000006,True,satisfied,True,False,True
0.37000000000000005,125.0,46.25000000000001,True,satisfied,True,False,True
0.37000000000000005,130.0,48.10000000000001,True,satisfied,True,False,True
0.37000000000000005,135.0,49.95000000000001,True,satisfied,True,False,True
0.37000000000000005,140.0,51.800000000000004,True,satisfied,True,False,True
0.37000000000000005,145.0,53.650000000000006,True,satisfied,True,False,True
0.37000000000000005,150.0,55.50000000000001,True,satisfied,True,False,True
0.37000000000000005,155.0,57.35000000000001,True,satisfied,True,False,True
0.37000000000000005,160.0,59.20000000000001,True,satisfied,True,False,True
0.37000000000000005,165.0,61.05000000000001,True,satisfied,True,False,True
0.37000000000000005,170.0,62.900000000000006,True,satisfied,True,False,True
0.37000000000000005,175.0,64.75000000000001,True,satisfied,True,False,True
0.37000000000000005,180.0,66.60000000000001,True,satisfied,True,False,True
0.37000000000000005,185.0,68.45,True,satisfied,True,False,True
0.37000000000000005,190.0,70.30000000000001,True,satisfied,True,False,True
0.37000000000000005,195.0,72.15,True,satisfied,True,False,True
0.37000000000000005,200.0,74.00000000000001,True,satisfied,True,False,True
0.37000000000000005,205.0,75.85000000000001,True,satisfied,True,False,True
0.37000000000000005,210.0,77.70000000000002,True,satisfied,True,False,True
0.37000000000000005,215.0,79.55000000000001,True,satisfied,True,False,True
0.37000000000000005,220.0,81.4,True,satisfied,True,False,True
0.37000000000000005,225.0,83.25000000000001,True,satisfied,True,False,True
0.37000000000000005,230.0,85.10000000000001,True,satisfied,True,False,True
0.37000000000000005,235.0,86.95000000000002,True,satisfied,True,False,True
0.37000000000000005,240.0,88.80000000000001,True,satisfied,True,False,True
0.37000000000000005,245.0,90.65,True,satisfied,True,False,True
0.37000000000000005,250.0,92.50000000000001,True,satisfied,True,False,True
0.37000000000000005,255.0,94.35000000000001,True,satisfied,True,False,True
0.37000000000000005,260.0,96.20000000000002,True,satisfied,True,False,True
0.37000000000000005,265.0,98.05000000000001,True,satisfied,True,False,True
0.37000000000000005,270.0,99.90000000000002,True,satisfied,True,False,True
0.37000000000000005,275.0,101.75000000000001,True,satisfied,True,False,True
0.37000000000000005,280.0,103.60000000000001,True,satisfied,True,False,True
0.37000000000000005,285.0,105.45000000000002,True,satisfied,True,False,True
0.37000000000000005,290.0,107.30000000000001,True,satisfied,True,False,True
0.37000000000000005,295.0,109.15000000000002,True,satisfied,True,False,True
0.37000000000000005,300.0,111.00000000000001,True,satisfied,True,False,True
0.38,10.0,3.8,False,violated,False,False,True
0.38,15.0,5.7,False,violated,False,False,True
0.38,20.0,7.6,False,violated,False,False,True
0.38,25.0,9.5,False,violated,False,False,True
0.38,30.0,11.4,True,satisfied,True,False,True
0.38,35.0,13.3,True,satisfied,True,False,True
0.38,40.0,15.2,True,satisfied,True,False,True
0.38,45.0,17.1,True,satisfied,True,False,True
0.38,50.0,19.0,True,satisfied,True,False,True
0.38,55.0,20.9,True,satisfied,True,False,True
0.38,60.0,22.8,True,satisfied,True,False,True
0.38,65.0,24.7,True,satisfied,True,False,True
0.38,70.0,26.6,True,satisfied,True,False,True
0.38,75.0,28.5,True,satisfied,True,False,True
0.38,80.0,30.4,True,satisfied,True,False,True
0.38,85.0,32.3,True,satisfied,True,False,True
0.38,90.0,34.2,True,satisfied,True,False,True
0.38,95.0,36.1,True,satisfied,True,False,True
0.38,100.0,38.0,True,satisfied,True,False,True
0.38,105.0,39.9,True,satisfied,True,False,True
0.38,110.0,41.8,True,satisfied,True,False,True
0.38,115.0,43.7,True,satisfied,True,False,True
0.38,120.0,45.6,True,satisfied,True,False,True
0.38,125.0,47.5,True,satisfied,True,False,True
0.38,130.0,49.4,True,satisfied,True,False,True
0.38,135.0,51.3,True,satisfied,True,False,True
0.38,140.0,53.2,True,satisfied,True,False,True
0.38,145.0,55.1,True,satisfied,True,False,True
0.38,150.0,57.0,True,satisfied,True,False,True
0.38,155.0,58.9,True,satisfied,True,False,True
0.38,160.0,60.8,True,satisfied,True,False,True
0.38,165.0,62.7,True,satisfied,True,False,True
0.38,170.0,64.6,True,satisfied,True,False,True
0.38,175.0,66.5,True,satisfied,True,False,True
0.38,180.0,68.4,True,satisfied,True,False,True
0.38,185.0,70.3,True,satisfied,True,False,True
0.38,190.0,72.2,True,satisfied,True,False,True
0.38,195.0,74.1,True,satisfied,True,False,True
0.38,200.0,76.0,True,satisfied,True,False,True
0.38,205.0,77.9,True,satisfied,True,False,True
0.38,210.0,79.8,True,satisfied,True,False,True
0.38,215.0,81.7,True,satisfied,True,False,True
0.38,220.0,83.6,True,satisfied,True,False,True
0.38,225.0,85.5,True,satisfied,True,False,True
0.38,230.0,87.4,True,satisfied,True,False,True
0.38,235.0,89.3,True,satisfied,True,False,True
0.38,240.0,91.2,True,satisfied,True,False,True
0.38,245.0,93.1,True,satisfied,True,False,True
0.38,250.0,95.0,True,satisfied,True,False,True
0.38,255.0,96.9,True,satisfied,True,False,True
0.38,260.0,98.8,True,satisfied,True,False,True
0.38,265.0,100.7,True,satisfied,True,False,True
0.38,270.0,102.6,True,satisfied,True,False,True
0.38,275.0,104.5,True,satisfied,True,False,True
0.38,280.0,106.4,True,satisfied,True,False,True
0.38,285.0,108.3,True,satisfied,True,False,True
0.38,290.0,110.2,True,satisfied,True,False,True
0.38,295.0,112.1,True,satisfied,True,False,True
0.38,300.0,114.0,True,satisfied,True,False,True
0.39,10.0,3.9000000000000004,False,violated,False,False,True
0.39,15.0,5.8500000000000005,False,violated,False,False,True
0.39,20.0,7.800000000000001,False,violated,False,False,True
0.39,25.0,9.75,False,violated,False,False,True
0.39,30.0,11.700000000000001,True,satisfied,True,False,True
0.39,35.0,13.65,True,satisfied,True,False,True
0.39,40.0,15.600000000000001,True,satisfied,True,False,True
0.39,45.0,17.55,True,satisfied,True,False,True
0.39,50.0,19.5,True,satisfied,True,False,True
0.39,55.0,21.45,True,satisfied,True,False,True
0.39,60.0,23.400000000000002,True,satisfied,True,False,True
0.39,65.0,25.35,True,satisfied,True,False,True
0.39,70.0,27.3,True,satisfied,True,False,True
0.39,75.0,29.25,True,satisfied,True,False,True
0.39,80.0,31.200000000000003,True,satisfied,True,False,True
0.39,85.0,33.15,True,satisfied,True,False,True
0.39,90.0,35.1,True,satisfied,True,False,True
0.39,95.0,37.050000000000004,True,satisfied,True,False,True
0.39,100.0,39.0,True,satisfied,True,False,True
0.39,105.0,40.95,True,satisfied,True,False,True
0.39,110.0,42.9,True,satisfied,True,False,True
0.39,115.0,44.85,True,satisfied,True,False,True
0.39,120.0,46.800000000000004,True,satisfied,True,False,True
0.39,125.0,48.75,True,satisfied,True,False,True
0.39,130.0,50.7,True,satisfied,True,False,True
0.39,135.0,52.65,True,satisfied,True,False,True
0.39,140.0,54.6,True,satisfied,True,False,True
0.39,145.0,56.550000000000004,True,satisfied,True,False,True
0.39,150.0,58.5,True,satisfied,True,False,True
0.39,155.0,60.45,True,satisfied,True,False,True
0.39,160.0,62.400000000000006,True,satisfied,True,False,True
0.39,165.0,64.35000000000001,True,satisfied,True,False,True
0.39,170.0,66.3,True,satisfied,True,False,True
0.39,175.0,68.25,True,satisfied,True,False,True
0.39,180.0,70.2,True,satisfied,True,False,True
0.39,185.0,72.15,True,satisfied,True,False,True
0.39,190.0,74.10000000000001,True,satisfied,True,False,True
0.39,195.0,76.05,True,satisfied,True,False,True
0.39,200.0,78.0,True,satisfied,True,False,True
0.39,205.0,79.95,True,satisfied,True,False,True
0.39,210.0,81.9,True,satisfied,True,False,True
0.39,215.0,83.85000000000001,True,satisfied,True,False,True
0.39,220.0,85.8,True,satisfied,True,False,True
0.39,225.0,87.75,True,satisfied,True,False,True
0.39,230.0,89.7,True,satisfied,True,False,True
0.39,235.0,91.65,True,satisfied,True,False,True
0.39,240.0,93.60000000000001,True,satisfied,True,False,True
0.39,245.0,95.55,True,satisfied,True,False,True
0.39,250.0,97.5,True,satisfied,True,False,True
0.39,255.0,99.45,True,satisfied,True,False,True
0.39,260.0,101.4,True,satisfied,True,False,True
0.39,265.0,103.35000000000001,True,satisfied,True,False,True
0.39,270.0,105.3,True,satisfied,True,False,True
0.39,275.0,107.25,True,satisfied,True,False,True
0.39,280.0,109.2,True,satisfied,True,False,True
0.39,285.0,111.15,True,satisfied,True,False,True
0.39,290.0,113.10000000000001,True,satisfied,True,False,True
0.39,295.0,115.05,True,satisfied,True,False,True
0.39,300.0,117.0,True,satisfied,True,False,True
0.4,10.0,4.0,False,violated,False,False,True
0.4,15.0,6.0,False,violated,False,False,True
0.4,20.0,8.0,False,violated,False,False,True
0.4,25.0,10.0,False,satisfied,True,True,True
0.4,30.0,12.0,True,satisfied,True,False,True
0.4,35.0,14.0,True,satisfied,True,False,True
0.4,40.0,16.0,True,satisfied,True,False,True
0.4,45.0,18.0,True,satisfied,True,False,True
0.4,50.0,20.0,True,satisfied,True,False,True
0.4,55.0,22.0,True,satisfied,True,False,True
0.4,60.0,24.0,True,satisfied,True,False,True
0.4,65.0,26.0,True,satisfied,True,False,True
0.4,70.0,28.0,True,satisfied,True,False,True
0.4,75.0,30.0,True,satisfied,True,False,True
0.4,80.0,32.0,True,satisfied,True,False,True
0.4,85.0,34.0,True,satisfied,True,False,True
0.4,90.0,36.0,True,satisfied,True,False,True
0.4,95.0,38.0,True,satisfied,True,False,True
0.4,100.0,40.0,True,satisfied,True,False,True
0.4,105.0,42.0,True,satisfied,True,False,True
0.4,110.0,44.0,True,satisfied,True,False,True
0.4,115.0,46.0,True,satisfied,True,False,True
0.4,120.0,48.0,True,satisfied,True,False,True
0.4,125.0,50.0,True,satisfied,True,False,True
0.4,130.0,52.0,True,satisfied,True,False,True
0.4,135.0,54.0,True,satisfied,True,False,True
0.4,140.0,56.0,True,satisfied,True,False,True
0.4,145.0,58.0,True,satisfied,True,False,True
0.4,150.0,60.0,True,satisfied,True,False,True
0.4,155.0,62.0,True,satisfied,True,False,True
0.4,160.0,64.0,True,satisfied,True,False,True
0.4,165.0,66.0,True,satisfied,True,False,True
0.4,170.0,68.0,True,satisfied,True,False,True
0.4,175.0,70.0,True,satisfied,True,False,True
0.4,180.0,72.0,True,satisfied,True,False,True
0.4,185.0,74.0,True,satisfied,True,False,True
0.4,190.0,76.0,True,satisfied,True,False,True
0.4,195.0,78.0,True,satisfied,True,False,True
0.4,200.0,80.0,True,satisfied,True,False,True
0.4,205.0,82.0,True,satisfied,True,False,True
0.4,210.0,84.0,True,satisfied,True,False,True
0.4,215.0,86.0,True,satisfied,True,False,True
0.4,220.0,88.0,True,satisfied,True,False,True
0.4,225.0,90.0,True,satisfied,True,False,True
0.4,230.0,92.0,True,satisfied,True,False,True
0.4,235.0,94.0,True,satisfied,True,False,True
0.4,240.0,96.0,True,satisfied,True,False,True
0.4,245.0,98.0,True,satisfied,True,False,True
0.4,250.0,100.0,True,satisfied,True,False,True
0.4,255.0,102.0,True,satisfied,True,False,True
0.4,260.0,104.0,True,satisfied,True,False,True
0.4,265.0,106.0,True,satisfied,True,False,True
0.4,270.0,108.0,True,satisfied,True,False,True
0.4,275.0,110.0,True,satisfied,True,False,True
0.4,280.0,112.0,True,satisfied,True,False,True
0.4,285.0,114.0,True,satisfied,True,False,True
0.4,290.0,116.0,True,satisfied,True,False,True
0.4,295.0,118.0,True,satisfied,True,False,True
0.4,300.0,120.0,True,satisfied,True,False,True
