........................................................................ [  6%]
....s.ssssssssssss...................................................... [ 13%]
........................................................................ [ 20%]
........................................................................ [ 27%]
........................................................................ [ 34%]
........................................................................ [ 41%]
........................................................................ [ 48%]
...............................................EEEEEEEEEEEEEEEEEEEEEEEEE [ 55%]
EEEEEEEEEEEEEEEEEEEEE.....F.F............F.............................. [ 62%]
..........................................................F............. [ 69%]
........................................................................ [ 76%]
........................................................................ [ 83%]
........................................................................ [ 90%]
........................................................................ [ 97%]
.......................                                                  [100%]
==================================== ERRORS ====================================
______ ERROR at setup of test_complete_native_and_direct_parity[baseline] ______

tmp_path_factory = TempPathFactory(_given_basetemp=None, _trace=<pluggy._tracing.TagTracerSub object at 0x7da6d9ef0c20>, _basetemp=PosixPath('/tmp/pytest-of-reid/pytest-12808'), _retention_count=3, _retention_policy='all')

    @pytest.fixture(scope='module')
    def acceptance(tmp_path_factory):
        from tests.models.current_mfe_regressions import radius_acceptance
>       return radius_acceptance(tmp_path_factory.mktemp('wi051')/'acceptance',H)
               ^^^^^^^^^^^^^^^^^^^^^^^^^^^^^^^^^^^^^^^^^^^^^^^^^^^^^^^^^^^^^^^^^^

tests/models/test_mfe_major_radius.py:137: 
_ _ _ _ _ _ _ _ _ _ _ _ _ _ _ _ _ _ _ _ _ _ _ _ _ _ _ _ _ _ _ _ _ _ _ _ _ _ _ _ 

destination = PosixPath('/tmp/pytest-of-reid/pytest-12808/wi0510/acceptance')
historical = PosixPath('/home/reid/1cfe/fusion-tea/work/active/WI-051_mfe-model-owned-major-radius/implementation')

    def radius_acceptance(destination, historical):
        destination = Path(destination)
        destination.mkdir()
        drivers = destination / 'drivers'
        drivers.mkdir()
        ledger = json.loads((FINANCE_EVIDENCE / 'scalar-ledger.json').read_text())['live_ordinary']
        finance = {row['name'] for row in ledger if row['classification'] == 'changed finance'}
        generation = current_generation()
        before = generation.inventory(generation.PACKAGE)
        # WI-057 (2026-09-13): the drivers read the frozen evidence and the package under the new names.
        forward, _ = structure_ledger()
        translated, modules = translate_frozen_radius_evidence(Path(historical), destination, forward)
        # Current economic expectations are independently recomputed; baseline arithmetic may
        # differ by roundoff. This is a bounded tolerance, never omission of these comparisons.
        finance |= restate_wi040_radius_costs(translated)
        for name in ('native', 'direct', 'standalone', 'cli_checks'):
            text = (historical / (name + '.py')).read_text()
            if "Path(__file__).resolve().parent.parent/'prototype'" in text:
                text = replace_once(text, "Path(__file__).resolve().parent.parent/'prototype'", f'Path({str(translated)!r})')
            text = text.replace('Path(__file__).resolve().parent', f'Path({str(historical)!r})')
            if name in ('native', 'direct'):
                text = text.replace("P+'R'", "P+'plasma__R'")
            if name == 'native':
                text = replace_once(text, 'bridge.build(change)', f'bridge.build({WI059_REPLAY!r} | change)')
                text = replace_once(text, "'entering-package/contracts/model_contract.json'", repr(str(translated / 'entering-package/contracts/model_contract.json')))
                text = replace_once(text, "delta['added']==[]",
                                    f"{{x[1] for x in delta['added']}}=={WI040_PARAMETERS | WI038_PARAMETERS | WI058_PARAMETERS | WI059_PARAMETERS | WI059_NATIVE_ONLY_PARAMETERS | WI060_PARAMETERS | WI061_PARAMETERS!r}")
                # WI-058: evaluate R14 at the R-form's length (see K_COIL_RETIRED) so the frozen row stays exact.
                text = replace_once(text, "('R14',{P+'plasma__R':14.0})",
                                    f"('R14',{{P+'plasma__R':14.0,P+'magnet__coil__c_coil_ref':{K_COIL_RETIRED * 14.0!r}}})")
            if name == 'standalone':
                # WI-058: the winding length no longer takes R0 -- its R0-only check leaves the replay (its bore
                # response is tested in test_winding_length_bore.py); the other three magnet calcs keep theirs.
                text = replace_once(text, "('coil_length','mfe_magnet_field','coil_winding_length','Coil_Winding_Length',14/12.7),", '')
                for suffix in ('field_calc', 'stored_energy', 'magnet_cost'):
                    text = replace_once(text, f"('{suffix}',", f"('{modules[suffix]}',")
            if name == 'native':
                text = replace_once(text, "a['outputs'][k]==v if name=='baseline'", f"a['outputs'][k]==v if name=='baseline' and k not in {finance!r}")
                text = replace_once(text,
                    "    assert component[name].get('B_peak',component[name].get('error'))==row.get('B_peak',row.get('error'))",
                    "    if name == 'valid':\n"
                    "        assert component[name]['B_peak'] == row['B_peak']\n"
                    "    else:\n"
                    "        assert component[name]['error'] == 'ValueError'\n"
                    "        domain = 'reference' if name.startswith('reference') else 'live'\n"
                    "        assert domain + ' clearance' in component[name]['message']")
            if name == 'direct':
                text = replace_once(text, 'values.update(change)', f'values.update({WI059_REPLAY!r} | change)')
                # WI-058: evaluate R14 at the R-form's length (see K_COIL_RETIRED) so the frozen row stays exact.
                text = replace_once(text, "'R14':{P+'plasma__R':14.0,",
                                    f"'R14':{{P+'plasma__R':14.0,P+'magnet__coil__c_coil_ref':{K_COIL_RETIRED * 14.0!r},")
                text = replace_once(text, "if name=='baseline' or not isinstance(v,(int,float)):",
                                    f"if (name=='baseline' and k not in {finance!r}) or not isinstance(v,(int,float)):")
                text = replace_once(text, "scalar[k]==v if name=='baseline'", f"scalar[k]==v if name=='baseline' and k not in {finance!r}")
                # WI-053 read the magnet clearance refusal (ValueError) first at three invalid radii. WI-057
                # (2026-09-13): the calcs live on their parts and the regenerated pipeline executes the plasma's
                # sustainment module before the magnet's peak-field module. At the coil-centre and R3 radii the first
                # refusal is the plasma's deliberate SustainmentError (accepted: a different deliberate rejection).
                # At the negative radius it is an incidental TypeError inside plasma__sustain -- an UNRESOLVED
                # regression of the diagnostic, documented here, not repaired (goal structural-decomposition
                # trail, Amendment 2026-09-13; a deliberate non-positive-radius refusal is a model item). The
                # clearance check itself is unchanged and still refuses when reached
                # (test_peak_component_preserves_valid_and_rejects_invalid_domains).
                text = replace_once(text,
                    "classes=['SustainmentError','ZeroDivisionError','SustainmentError','ZeroDivisionError','TypeError']",
                    "classes=['SustainmentError','SustainmentError','SustainmentError','ZeroDivisionError','TypeError']")
            driver = drivers / (name + '.py')
            driver.write_text(text)
            command = [str(ROOT / '.codex-test/run'), 'bash', '-c',
                       'export PYTHONPATH="$PWD:$STOP_PARSER_TEAX_ROOT/packages/teax-simkit" STUDY_REQUIRE_TEAX=1; exec .codex-test/run python "$@"',
                       'current-mfe', str(driver), str(destination)]
            result = subprocess.run(command, cwd=ROOT, capture_output=True, text=True)
            (destination / (name + '.log')).write_text(result.stdout + result.stderr)
>           assert result.returncode == 0, f'{name} failed: {destination / (name + ".log")}'
                   ^^^^^^^^^^^^^^^^^^^^^^
E           AssertionError: native failed: /tmp/pytest-of-reid/pytest-12808/wi0510/acceptance/native.log

tests/models/current_mfe_regressions.py:352: AssertionError
________ ERROR at setup of test_complete_native_and_direct_parity[R14] _________

tmp_path_factory = TempPathFactory(_given_basetemp=None, _trace=<pluggy._tracing.TagTracerSub object at 0x7da6d9ef0c20>, _basetemp=PosixPath('/tmp/pytest-of-reid/pytest-12808'), _retention_count=3, _retention_policy='all')

    @pytest.fixture(scope='module')
    def acceptance(tmp_path_factory):
        from tests.models.current_mfe_regressions import radius_acceptance
>       return radius_acceptance(tmp_path_factory.mktemp('wi051')/'acceptance',H)
               ^^^^^^^^^^^^^^^^^^^^^^^^^^^^^^^^^^^^^^^^^^^^^^^^^^^^^^^^^^^^^^^^^^

tests/models/test_mfe_major_radius.py:137: 
_ _ _ _ _ _ _ _ _ _ _ _ _ _ _ _ _ _ _ _ _ _ _ _ _ _ _ _ _ _ _ _ _ _ _ _ _ _ _ _ 

destination = PosixPath('/tmp/pytest-of-reid/pytest-12808/wi0510/acceptance')
historical = PosixPath('/home/reid/1cfe/fusion-tea/work/active/WI-051_mfe-model-owned-major-radius/implementation')

    def radius_acceptance(destination, historical):
        destination = Path(destination)
        destination.mkdir()
        drivers = destination / 'drivers'
        drivers.mkdir()
        ledger = json.loads((FINANCE_EVIDENCE / 'scalar-ledger.json').read_text())['live_ordinary']
        finance = {row['name'] for row in ledger if row['classification'] == 'changed finance'}
        generation = current_generation()
        before = generation.inventory(generation.PACKAGE)
        # WI-057 (2026-09-13): the drivers read the frozen evidence and the package under the new names.
        forward, _ = structure_ledger()
        translated, modules = translate_frozen_radius_evidence(Path(historical), destination, forward)
        # Current economic expectations are independently recomputed; baseline arithmetic may
        # differ by roundoff. This is a bounded tolerance, never omission of these comparisons.
        finance |= restate_wi040_radius_costs(translated)
        for name in ('native', 'direct', 'standalone', 'cli_checks'):
            text = (historical / (name + '.py')).read_text()
            if "Path(__file__).resolve().parent.parent/'prototype'" in text:
                text = replace_once(text, "Path(__file__).resolve().parent.parent/'prototype'", f'Path({str(translated)!r})')
            text = text.replace('Path(__file__).resolve().parent', f'Path({str(historical)!r})')
            if name in ('native', 'direct'):
                text = text.replace("P+'R'", "P+'plasma__R'")
            if name == 'native':
                text = replace_once(text, 'bridge.build(change)', f'bridge.build({WI059_REPLAY!r} | change)')
                text = replace_once(text, "'entering-package/contracts/model_contract.json'", repr(str(translated / 'entering-package/contracts/model_contract.json')))
                text = replace_once(text, "delta['added']==[]",
                                    f"{{x[1] for x in delta['added']}}=={WI040_PARAMETERS | WI038_PARAMETERS | WI058_PARAMETERS | WI059_PARAMETERS | WI059_NATIVE_ONLY_PARAMETERS | WI060_PARAMETERS | WI061_PARAMETERS!r}")
                # WI-058: evaluate R14 at the R-form's length (see K_COIL_RETIRED) so the frozen row stays exact.
                text = replace_once(text, "('R14',{P+'plasma__R':14.0})",
                                    f"('R14',{{P+'plasma__R':14.0,P+'magnet__coil__c_coil_ref':{K_COIL_RETIRED * 14.0!r}}})")
            if name == 'standalone':
                # WI-058: the winding length no longer takes R0 -- its R0-only check leaves the replay (its bore
                # response is tested in test_winding_length_bore.py); the other three magnet calcs keep theirs.
                text = replace_once(text, "('coil_length','mfe_magnet_field','coil_winding_length','Coil_Winding_Length',14/12.7),", '')
                for suffix in ('field_calc', 'stored_energy', 'magnet_cost'):
                    text = replace_once(text, f"('{suffix}',", f"('{modules[suffix]}',")
            if name == 'native':
                text = replace_once(text, "a['outputs'][k]==v if name=='baseline'", f"a['outputs'][k]==v if name=='baseline' and k not in {finance!r}")
                text = replace_once(text,
                    "    assert component[name].get('B_peak',component[name].get('error'))==row.get('B_peak',row.get('error'))",
                    "    if name == 'valid':\n"
                    "        assert component[name]['B_peak'] == row['B_peak']\n"
                    "    else:\n"
                    "        assert component[name]['error'] == 'ValueError'\n"
                    "        domain = 'reference' if name.startswith('reference') else 'live'\n"
                    "        assert domain + ' clearance' in component[name]['message']")
            if name == 'direct':
                text = replace_once(text, 'values.update(change)', f'values.update({WI059_REPLAY!r} | change)')
                # WI-058: evaluate R14 at the R-form's length (see K_COIL_RETIRED) so the frozen row stays exact.
                text = replace_once(text, "'R14':{P+'plasma__R':14.0,",
                                    f"'R14':{{P+'plasma__R':14.0,P+'magnet__coil__c_coil_ref':{K_COIL_RETIRED * 14.0!r},")
                text = replace_once(text, "if name=='baseline' or not isinstance(v,(int,float)):",
                                    f"if (name=='baseline' and k not in {finance!r}) or not isinstance(v,(int,float)):")
                text = replace_once(text, "scalar[k]==v if name=='baseline'", f"scalar[k]==v if name=='baseline' and k not in {finance!r}")
                # WI-053 read the magnet clearance refusal (ValueError) first at three invalid radii. WI-057
                # (2026-09-13): the calcs live on their parts and the regenerated pipeline executes the plasma's
                # sustainment module before the magnet's peak-field module. At the coil-centre and R3 radii the first
                # refusal is the plasma's deliberate SustainmentError (accepted: a different deliberate rejection).
                # At the negative radius it is an incidental TypeError inside plasma__sustain -- an UNRESOLVED
                # regression of the diagnostic, documented here, not repaired (goal structural-decomposition
                # trail, Amendment 2026-09-13; a deliberate non-positive-radius refusal is a model item). The
                # clearance check itself is unchanged and still refuses when reached
                # (test_peak_component_preserves_valid_and_rejects_invalid_domains).
                text = replace_once(text,
                    "classes=['SustainmentError','ZeroDivisionError','SustainmentError','ZeroDivisionError','TypeError']",
                    "classes=['SustainmentError','SustainmentError','SustainmentError','ZeroDivisionError','TypeError']")
            driver = drivers / (name + '.py')
            driver.write_text(text)
            command = [str(ROOT / '.codex-test/run'), 'bash', '-c',
                       'export PYTHONPATH="$PWD:$STOP_PARSER_TEAX_ROOT/packages/teax-simkit" STUDY_REQUIRE_TEAX=1; exec .codex-test/run python "$@"',
                       'current-mfe', str(driver), str(destination)]
            result = subprocess.run(command, cwd=ROOT, capture_output=True, text=True)
            (destination / (name + '.log')).write_text(result.stdout + result.stderr)
>           assert result.returncode == 0, f'{name} failed: {destination / (name + ".log")}'
                   ^^^^^^^^^^^^^^^^^^^^^^
E           AssertionError: native failed: /tmp/pytest-of-reid/pytest-12808/wi0510/acceptance/native.log

tests/models/current_mfe_regressions.py:352: AssertionError
______ ERROR at setup of test_independent_radius_ratios_and_fixed_anchors ______

tmp_path_factory = TempPathFactory(_given_basetemp=None, _trace=<pluggy._tracing.TagTracerSub object at 0x7da6d9ef0c20>, _basetemp=PosixPath('/tmp/pytest-of-reid/pytest-12808'), _retention_count=3, _retention_policy='all')

    @pytest.fixture(scope='module')
    def acceptance(tmp_path_factory):
        from tests.models.current_mfe_regressions import radius_acceptance
>       return radius_acceptance(tmp_path_factory.mktemp('wi051')/'acceptance',H)
               ^^^^^^^^^^^^^^^^^^^^^^^^^^^^^^^^^^^^^^^^^^^^^^^^^^^^^^^^^^^^^^^^^^

tests/models/test_mfe_major_radius.py:137: 
_ _ _ _ _ _ _ _ _ _ _ _ _ _ _ _ _ _ _ _ _ _ _ _ _ _ _ _ _ _ _ _ _ _ _ _ _ _ _ _ 

destination = PosixPath('/tmp/pytest-of-reid/pytest-12808/wi0510/acceptance')
historical = PosixPath('/home/reid/1cfe/fusion-tea/work/active/WI-051_mfe-model-owned-major-radius/implementation')

    def radius_acceptance(destination, historical):
        destination = Path(destination)
        destination.mkdir()
        drivers = destination / 'drivers'
        drivers.mkdir()
        ledger = json.loads((FINANCE_EVIDENCE / 'scalar-ledger.json').read_text())['live_ordinary']
        finance = {row['name'] for row in ledger if row['classification'] == 'changed finance'}
        generation = current_generation()
        before = generation.inventory(generation.PACKAGE)
        # WI-057 (2026-09-13): the drivers read the frozen evidence and the package under the new names.
        forward, _ = structure_ledger()
        translated, modules = translate_frozen_radius_evidence(Path(historical), destination, forward)
        # Current economic expectations are independently recomputed; baseline arithmetic may
        # differ by roundoff. This is a bounded tolerance, never omission of these comparisons.
        finance |= restate_wi040_radius_costs(translated)
        for name in ('native', 'direct', 'standalone', 'cli_checks'):
            text = (historical / (name + '.py')).read_text()
            if "Path(__file__).resolve().parent.parent/'prototype'" in text:
                text = replace_once(text, "Path(__file__).resolve().parent.parent/'prototype'", f'Path({str(translated)!r})')
            text = text.replace('Path(__file__).resolve().parent', f'Path({str(historical)!r})')
            if name in ('native', 'direct'):
                text = text.replace("P+'R'", "P+'plasma__R'")
            if name == 'native':
                text = replace_once(text, 'bridge.build(change)', f'bridge.build({WI059_REPLAY!r} | change)')
                text = replace_once(text, "'entering-package/contracts/model_contract.json'", repr(str(translated / 'entering-package/contracts/model_contract.json')))
                text = replace_once(text, "delta['added']==[]",
                                    f"{{x[1] for x in delta['added']}}=={WI040_PARAMETERS | WI038_PARAMETERS | WI058_PARAMETERS | WI059_PARAMETERS | WI059_NATIVE_ONLY_PARAMETERS | WI060_PARAMETERS | WI061_PARAMETERS!r}")
                # WI-058: evaluate R14 at the R-form's length (see K_COIL_RETIRED) so the frozen row stays exact.
                text = replace_once(text, "('R14',{P+'plasma__R':14.0})",
                                    f"('R14',{{P+'plasma__R':14.0,P+'magnet__coil__c_coil_ref':{K_COIL_RETIRED * 14.0!r}}})")
            if name == 'standalone':
                # WI-058: the winding length no longer takes R0 -- its R0-only check leaves the replay (its bore
                # response is tested in test_winding_length_bore.py); the other three magnet calcs keep theirs.
                text = replace_once(text, "('coil_length','mfe_magnet_field','coil_winding_length','Coil_Winding_Length',14/12.7),", '')
                for suffix in ('field_calc', 'stored_energy', 'magnet_cost'):
                    text = replace_once(text, f"('{suffix}',", f"('{modules[suffix]}',")
            if name == 'native':
                text = replace_once(text, "a['outputs'][k]==v if name=='baseline'", f"a['outputs'][k]==v if name=='baseline' and k not in {finance!r}")
                text = replace_once(text,
                    "    assert component[name].get('B_peak',component[name].get('error'))==row.get('B_peak',row.get('error'))",
                    "    if name == 'valid':\n"
                    "        assert component[name]['B_peak'] == row['B_peak']\n"
                    "    else:\n"
                    "        assert component[name]['error'] == 'ValueError'\n"
                    "        domain = 'reference' if name.startswith('reference') else 'live'\n"
                    "        assert domain + ' clearance' in component[name]['message']")
            if name == 'direct':
                text = replace_once(text, 'values.update(change)', f'values.update({WI059_REPLAY!r} | change)')
                # WI-058: evaluate R14 at the R-form's length (see K_COIL_RETIRED) so the frozen row stays exact.
                text = replace_once(text, "'R14':{P+'plasma__R':14.0,",
                                    f"'R14':{{P+'plasma__R':14.0,P+'magnet__coil__c_coil_ref':{K_COIL_RETIRED * 14.0!r},")
                text = replace_once(text, "if name=='baseline' or not isinstance(v,(int,float)):",
                                    f"if (name=='baseline' and k not in {finance!r}) or not isinstance(v,(int,float)):")
                text = replace_once(text, "scalar[k]==v if name=='baseline'", f"scalar[k]==v if name=='baseline' and k not in {finance!r}")
                # WI-053 read the magnet clearance refusal (ValueError) first at three invalid radii. WI-057
                # (2026-09-13): the calcs live on their parts and the regenerated pipeline executes the plasma's
                # sustainment module before the magnet's peak-field module. At the coil-centre and R3 radii the first
                # refusal is the plasma's deliberate SustainmentError (accepted: a different deliberate rejection).
                # At the negative radius it is an incidental TypeError inside plasma__sustain -- an UNRESOLVED
                # regression of the diagnostic, documented here, not repaired (goal structural-decomposition
                # trail, Amendment 2026-09-13; a deliberate non-positive-radius refusal is a model item). The
                # clearance check itself is unchanged and still refuses when reached
                # (test_peak_component_preserves_valid_and_rejects_invalid_domains).
                text = replace_once(text,
                    "classes=['SustainmentError','ZeroDivisionError','SustainmentError','ZeroDivisionError','TypeError']",
                    "classes=['SustainmentError','SustainmentError','SustainmentError','ZeroDivisionError','TypeError']")
            driver = drivers / (name + '.py')
            driver.write_text(text)
            command = [str(ROOT / '.codex-test/run'), 'bash', '-c',
                       'export PYTHONPATH="$PWD:$STOP_PARSER_TEAX_ROOT/packages/teax-simkit" STUDY_REQUIRE_TEAX=1; exec .codex-test/run python "$@"',
                       'current-mfe', str(driver), str(destination)]
            result = subprocess.run(command, cwd=ROOT, capture_output=True, text=True)
            (destination / (name + '.log')).write_text(result.stdout + result.stderr)
>           assert result.returncode == 0, f'{name} failed: {destination / (name + ".log")}'
                   ^^^^^^^^^^^^^^^^^^^^^^
E           AssertionError: native failed: /tmp/pytest-of-reid/pytest-12808/wi0510/acceptance/native.log

tests/models/current_mfe_regressions.py:352: AssertionError
_________ ERROR at setup of test_standalone_radius_formals[field_calc] _________

tmp_path_factory = TempPathFactory(_given_basetemp=None, _trace=<pluggy._tracing.TagTracerSub object at 0x7da6d9ef0c20>, _basetemp=PosixPath('/tmp/pytest-of-reid/pytest-12808'), _retention_count=3, _retention_policy='all')

    @pytest.fixture(scope='module')
    def acceptance(tmp_path_factory):
        from tests.models.current_mfe_regressions import radius_acceptance
>       return radius_acceptance(tmp_path_factory.mktemp('wi051')/'acceptance',H)
               ^^^^^^^^^^^^^^^^^^^^^^^^^^^^^^^^^^^^^^^^^^^^^^^^^^^^^^^^^^^^^^^^^^

tests/models/test_mfe_major_radius.py:137: 
_ _ _ _ _ _ _ _ _ _ _ _ _ _ _ _ _ _ _ _ _ _ _ _ _ _ _ _ _ _ _ _ _ _ _ _ _ _ _ _ 

destination = PosixPath('/tmp/pytest-of-reid/pytest-12808/wi0510/acceptance')
historical = PosixPath('/home/reid/1cfe/fusion-tea/work/active/WI-051_mfe-model-owned-major-radius/implementation')

    def radius_acceptance(destination, historical):
        destination = Path(destination)
        destination.mkdir()
        drivers = destination / 'drivers'
        drivers.mkdir()
        ledger = json.loads((FINANCE_EVIDENCE / 'scalar-ledger.json').read_text())['live_ordinary']
        finance = {row['name'] for row in ledger if row['classification'] == 'changed finance'}
        generation = current_generation()
        before = generation.inventory(generation.PACKAGE)
        # WI-057 (2026-09-13): the drivers read the frozen evidence and the package under the new names.
        forward, _ = structure_ledger()
        translated, modules = translate_frozen_radius_evidence(Path(historical), destination, forward)
        # Current economic expectations are independently recomputed; baseline arithmetic may
        # differ by roundoff. This is a bounded tolerance, never omission of these comparisons.
        finance |= restate_wi040_radius_costs(translated)
        for name in ('native', 'direct', 'standalone', 'cli_checks'):
            text = (historical / (name + '.py')).read_text()
            if "Path(__file__).resolve().parent.parent/'prototype'" in text:
                text = replace_once(text, "Path(__file__).resolve().parent.parent/'prototype'", f'Path({str(translated)!r})')
            text = text.replace('Path(__file__).resolve().parent', f'Path({str(historical)!r})')
            if name in ('native', 'direct'):
                text = text.replace("P+'R'", "P+'plasma__R'")
            if name == 'native':
                text = replace_once(text, 'bridge.build(change)', f'bridge.build({WI059_REPLAY!r} | change)')
                text = replace_once(text, "'entering-package/contracts/model_contract.json'", repr(str(translated / 'entering-package/contracts/model_contract.json')))
                text = replace_once(text, "delta['added']==[]",
                                    f"{{x[1] for x in delta['added']}}=={WI040_PARAMETERS | WI038_PARAMETERS | WI058_PARAMETERS | WI059_PARAMETERS | WI059_NATIVE_ONLY_PARAMETERS | WI060_PARAMETERS | WI061_PARAMETERS!r}")
                # WI-058: evaluate R14 at the R-form's length (see K_COIL_RETIRED) so the frozen row stays exact.
                text = replace_once(text, "('R14',{P+'plasma__R':14.0})",
                                    f"('R14',{{P+'plasma__R':14.0,P+'magnet__coil__c_coil_ref':{K_COIL_RETIRED * 14.0!r}}})")
            if name == 'standalone':
                # WI-058: the winding length no longer takes R0 -- its R0-only check leaves the replay (its bore
                # response is tested in test_winding_length_bore.py); the other three magnet calcs keep theirs.
                text = replace_once(text, "('coil_length','mfe_magnet_field','coil_winding_length','Coil_Winding_Length',14/12.7),", '')
                for suffix in ('field_calc', 'stored_energy', 'magnet_cost'):
                    text = replace_once(text, f"('{suffix}',", f"('{modules[suffix]}',")
            if name == 'native':
                text = replace_once(text, "a['outputs'][k]==v if name=='baseline'", f"a['outputs'][k]==v if name=='baseline' and k not in {finance!r}")
                text = replace_once(text,
                    "    assert component[name].get('B_peak',component[name].get('error'))==row.get('B_peak',row.get('error'))",
                    "    if name == 'valid':\n"
                    "        assert component[name]['B_peak'] == row['B_peak']\n"
                    "    else:\n"
                    "        assert component[name]['error'] == 'ValueError'\n"
                    "        domain = 'reference' if name.startswith('reference') else 'live'\n"
                    "        assert domain + ' clearance' in component[name]['message']")
            if name == 'direct':
                text = replace_once(text, 'values.update(change)', f'values.update({WI059_REPLAY!r} | change)')
                # WI-058: evaluate R14 at the R-form's length (see K_COIL_RETIRED) so the frozen row stays exact.
                text = replace_once(text, "'R14':{P+'plasma__R':14.0,",
                                    f"'R14':{{P+'plasma__R':14.0,P+'magnet__coil__c_coil_ref':{K_COIL_RETIRED * 14.0!r},")
                text = replace_once(text, "if name=='baseline' or not isinstance(v,(int,float)):",
                                    f"if (name=='baseline' and k not in {finance!r}) or not isinstance(v,(int,float)):")
                text = replace_once(text, "scalar[k]==v if name=='baseline'", f"scalar[k]==v if name=='baseline' and k not in {finance!r}")
                # WI-053 read the magnet clearance refusal (ValueError) first at three invalid radii. WI-057
                # (2026-09-13): the calcs live on their parts and the regenerated pipeline executes the plasma's
                # sustainment module before the magnet's peak-field module. At the coil-centre and R3 radii the first
                # refusal is the plasma's deliberate SustainmentError (accepted: a different deliberate rejection).
                # At the negative radius it is an incidental TypeError inside plasma__sustain -- an UNRESOLVED
                # regression of the diagnostic, documented here, not repaired (goal structural-decomposition
                # trail, Amendment 2026-09-13; a deliberate non-positive-radius refusal is a model item). The
                # clearance check itself is unchanged and still refuses when reached
                # (test_peak_component_preserves_valid_and_rejects_invalid_domains).
                text = replace_once(text,
                    "classes=['SustainmentError','ZeroDivisionError','SustainmentError','ZeroDivisionError','TypeError']",
                    "classes=['SustainmentError','SustainmentError','SustainmentError','ZeroDivisionError','TypeError']")
            driver = drivers / (name + '.py')
            driver.write_text(text)
            command = [str(ROOT / '.codex-test/run'), 'bash', '-c',
                       'export PYTHONPATH="$PWD:$STOP_PARSER_TEAX_ROOT/packages/teax-simkit" STUDY_REQUIRE_TEAX=1; exec .codex-test/run python "$@"',
                       'current-mfe', str(driver), str(destination)]
            result = subprocess.run(command, cwd=ROOT, capture_output=True, text=True)
            (destination / (name + '.log')).write_text(result.stdout + result.stderr)
>           assert result.returncode == 0, f'{name} failed: {destination / (name + ".log")}'
                   ^^^^^^^^^^^^^^^^^^^^^^
E           AssertionError: native failed: /tmp/pytest-of-reid/pytest-12808/wi0510/acceptance/native.log

tests/models/current_mfe_regressions.py:352: AssertionError
_______ ERROR at setup of test_standalone_radius_formals[stored_energy] ________

tmp_path_factory = TempPathFactory(_given_basetemp=None, _trace=<pluggy._tracing.TagTracerSub object at 0x7da6d9ef0c20>, _basetemp=PosixPath('/tmp/pytest-of-reid/pytest-12808'), _retention_count=3, _retention_policy='all')

    @pytest.fixture(scope='module')
    def acceptance(tmp_path_factory):
        from tests.models.current_mfe_regressions import radius_acceptance
>       return radius_acceptance(tmp_path_factory.mktemp('wi051')/'acceptance',H)
               ^^^^^^^^^^^^^^^^^^^^^^^^^^^^^^^^^^^^^^^^^^^^^^^^^^^^^^^^^^^^^^^^^^

tests/models/test_mfe_major_radius.py:137: 
_ _ _ _ _ _ _ _ _ _ _ _ _ _ _ _ _ _ _ _ _ _ _ _ _ _ _ _ _ _ _ _ _ _ _ _ _ _ _ _ 

destination = PosixPath('/tmp/pytest-of-reid/pytest-12808/wi0510/acceptance')
historical = PosixPath('/home/reid/1cfe/fusion-tea/work/active/WI-051_mfe-model-owned-major-radius/implementation')

    def radius_acceptance(destination, historical):
        destination = Path(destination)
        destination.mkdir()
        drivers = destination / 'drivers'
        drivers.mkdir()
        ledger = json.loads((FINANCE_EVIDENCE / 'scalar-ledger.json').read_text())['live_ordinary']
        finance = {row['name'] for row in ledger if row['classification'] == 'changed finance'}
        generation = current_generation()
        before = generation.inventory(generation.PACKAGE)
        # WI-057 (2026-09-13): the drivers read the frozen evidence and the package under the new names.
        forward, _ = structure_ledger()
        translated, modules = translate_frozen_radius_evidence(Path(historical), destination, forward)
        # Current economic expectations are independently recomputed; baseline arithmetic may
        # differ by roundoff. This is a bounded tolerance, never omission of these comparisons.
        finance |= restate_wi040_radius_costs(translated)
        for name in ('native', 'direct', 'standalone', 'cli_checks'):
            text = (historical / (name + '.py')).read_text()
            if "Path(__file__).resolve().parent.parent/'prototype'" in text:
                text = replace_once(text, "Path(__file__).resolve().parent.parent/'prototype'", f'Path({str(translated)!r})')
            text = text.replace('Path(__file__).resolve().parent', f'Path({str(historical)!r})')
            if name in ('native', 'direct'):
                text = text.replace("P+'R'", "P+'plasma__R'")
            if name == 'native':
                text = replace_once(text, 'bridge.build(change)', f'bridge.build({WI059_REPLAY!r} | change)')
                text = replace_once(text, "'entering-package/contracts/model_contract.json'", repr(str(translated / 'entering-package/contracts/model_contract.json')))
                text = replace_once(text, "delta['added']==[]",
                                    f"{{x[1] for x in delta['added']}}=={WI040_PARAMETERS | WI038_PARAMETERS | WI058_PARAMETERS | WI059_PARAMETERS | WI059_NATIVE_ONLY_PARAMETERS | WI060_PARAMETERS | WI061_PARAMETERS!r}")
                # WI-058: evaluate R14 at the R-form's length (see K_COIL_RETIRED) so the frozen row stays exact.
                text = replace_once(text, "('R14',{P+'plasma__R':14.0})",
                                    f"('R14',{{P+'plasma__R':14.0,P+'magnet__coil__c_coil_ref':{K_COIL_RETIRED * 14.0!r}}})")
            if name == 'standalone':
                # WI-058: the winding length no longer takes R0 -- its R0-only check leaves the replay (its bore
                # response is tested in test_winding_length_bore.py); the other three magnet calcs keep theirs.
                text = replace_once(text, "('coil_length','mfe_magnet_field','coil_winding_length','Coil_Winding_Length',14/12.7),", '')
                for suffix in ('field_calc', 'stored_energy', 'magnet_cost'):
                    text = replace_once(text, f"('{suffix}',", f"('{modules[suffix]}',")
            if name == 'native':
                text = replace_once(text, "a['outputs'][k]==v if name=='baseline'", f"a['outputs'][k]==v if name=='baseline' and k not in {finance!r}")
                text = replace_once(text,
                    "    assert component[name].get('B_peak',component[name].get('error'))==row.get('B_peak',row.get('error'))",
                    "    if name == 'valid':\n"
                    "        assert component[name]['B_peak'] == row['B_peak']\n"
                    "    else:\n"
                    "        assert component[name]['error'] == 'ValueError'\n"
                    "        domain = 'reference' if name.startswith('reference') else 'live'\n"
                    "        assert domain + ' clearance' in component[name]['message']")
            if name == 'direct':
                text = replace_once(text, 'values.update(change)', f'values.update({WI059_REPLAY!r} | change)')
                # WI-058: evaluate R14 at the R-form's length (see K_COIL_RETIRED) so the frozen row stays exact.
                text = replace_once(text, "'R14':{P+'plasma__R':14.0,",
                                    f"'R14':{{P+'plasma__R':14.0,P+'magnet__coil__c_coil_ref':{K_COIL_RETIRED * 14.0!r},")
                text = replace_once(text, "if name=='baseline' or not isinstance(v,(int,float)):",
                                    f"if (name=='baseline' and k not in {finance!r}) or not isinstance(v,(int,float)):")
                text = replace_once(text, "scalar[k]==v if name=='baseline'", f"scalar[k]==v if name=='baseline' and k not in {finance!r}")
                # WI-053 read the magnet clearance refusal (ValueError) first at three invalid radii. WI-057
                # (2026-09-13): the calcs live on their parts and the regenerated pipeline executes the plasma's
                # sustainment module before the magnet's peak-field module. At the coil-centre and R3 radii the first
                # refusal is the plasma's deliberate SustainmentError (accepted: a different deliberate rejection).
                # At the negative radius it is an incidental TypeError inside plasma__sustain -- an UNRESOLVED
                # regression of the diagnostic, documented here, not repaired (goal structural-decomposition
                # trail, Amendment 2026-09-13; a deliberate non-positive-radius refusal is a model item). The
                # clearance check itself is unchanged and still refuses when reached
                # (test_peak_component_preserves_valid_and_rejects_invalid_domains).
                text = replace_once(text,
                    "classes=['SustainmentError','ZeroDivisionError','SustainmentError','ZeroDivisionError','TypeError']",
                    "classes=['SustainmentError','SustainmentError','SustainmentError','ZeroDivisionError','TypeError']")
            driver = drivers / (name + '.py')
            driver.write_text(text)
            command = [str(ROOT / '.codex-test/run'), 'bash', '-c',
                       'export PYTHONPATH="$PWD:$STOP_PARSER_TEAX_ROOT/packages/teax-simkit" STUDY_REQUIRE_TEAX=1; exec .codex-test/run python "$@"',
                       'current-mfe', str(driver), str(destination)]
            result = subprocess.run(command, cwd=ROOT, capture_output=True, text=True)
            (destination / (name + '.log')).write_text(result.stdout + result.stderr)
>           assert result.returncode == 0, f'{name} failed: {destination / (name + ".log")}'
                   ^^^^^^^^^^^^^^^^^^^^^^
E           AssertionError: native failed: /tmp/pytest-of-reid/pytest-12808/wi0510/acceptance/native.log

tests/models/current_mfe_regressions.py:352: AssertionError
________ ERROR at setup of test_standalone_radius_formals[magnet_cost] _________

tmp_path_factory = TempPathFactory(_given_basetemp=None, _trace=<pluggy._tracing.TagTracerSub object at 0x7da6d9ef0c20>, _basetemp=PosixPath('/tmp/pytest-of-reid/pytest-12808'), _retention_count=3, _retention_policy='all')

    @pytest.fixture(scope='module')
    def acceptance(tmp_path_factory):
        from tests.models.current_mfe_regressions import radius_acceptance
>       return radius_acceptance(tmp_path_factory.mktemp('wi051')/'acceptance',H)
               ^^^^^^^^^^^^^^^^^^^^^^^^^^^^^^^^^^^^^^^^^^^^^^^^^^^^^^^^^^^^^^^^^^

tests/models/test_mfe_major_radius.py:137: 
_ _ _ _ _ _ _ _ _ _ _ _ _ _ _ _ _ _ _ _ _ _ _ _ _ _ _ _ _ _ _ _ _ _ _ _ _ _ _ _ 

destination = PosixPath('/tmp/pytest-of-reid/pytest-12808/wi0510/acceptance')
historical = PosixPath('/home/reid/1cfe/fusion-tea/work/active/WI-051_mfe-model-owned-major-radius/implementation')

    def radius_acceptance(destination, historical):
        destination = Path(destination)
        destination.mkdir()
        drivers = destination / 'drivers'
        drivers.mkdir()
        ledger = json.loads((FINANCE_EVIDENCE / 'scalar-ledger.json').read_text())['live_ordinary']
        finance = {row['name'] for row in ledger if row['classification'] == 'changed finance'}
        generation = current_generation()
        before = generation.inventory(generation.PACKAGE)
        # WI-057 (2026-09-13): the drivers read the frozen evidence and the package under the new names.
        forward, _ = structure_ledger()
        translated, modules = translate_frozen_radius_evidence(Path(historical), destination, forward)
        # Current economic expectations are independently recomputed; baseline arithmetic may
        # differ by roundoff. This is a bounded tolerance, never omission of these comparisons.
        finance |= restate_wi040_radius_costs(translated)
        for name in ('native', 'direct', 'standalone', 'cli_checks'):
            text = (historical / (name + '.py')).read_text()
            if "Path(__file__).resolve().parent.parent/'prototype'" in text:
                text = replace_once(text, "Path(__file__).resolve().parent.parent/'prototype'", f'Path({str(translated)!r})')
            text = text.replace('Path(__file__).resolve().parent', f'Path({str(historical)!r})')
            if name in ('native', 'direct'):
                text = text.replace("P+'R'", "P+'plasma__R'")
            if name == 'native':
                text = replace_once(text, 'bridge.build(change)', f'bridge.build({WI059_REPLAY!r} | change)')
                text = replace_once(text, "'entering-package/contracts/model_contract.json'", repr(str(translated / 'entering-package/contracts/model_contract.json')))
                text = replace_once(text, "delta['added']==[]",
                                    f"{{x[1] for x in delta['added']}}=={WI040_PARAMETERS | WI038_PARAMETERS | WI058_PARAMETERS | WI059_PARAMETERS | WI059_NATIVE_ONLY_PARAMETERS | WI060_PARAMETERS | WI061_PARAMETERS!r}")
                # WI-058: evaluate R14 at the R-form's length (see K_COIL_RETIRED) so the frozen row stays exact.
                text = replace_once(text, "('R14',{P+'plasma__R':14.0})",
                                    f"('R14',{{P+'plasma__R':14.0,P+'magnet__coil__c_coil_ref':{K_COIL_RETIRED * 14.0!r}}})")
            if name == 'standalone':
                # WI-058: the winding length no longer takes R0 -- its R0-only check leaves the replay (its bore
                # response is tested in test_winding_length_bore.py); the other three magnet calcs keep theirs.
                text = replace_once(text, "('coil_length','mfe_magnet_field','coil_winding_length','Coil_Winding_Length',14/12.7),", '')
                for suffix in ('field_calc', 'stored_energy', 'magnet_cost'):
                    text = replace_once(text, f"('{suffix}',", f"('{modules[suffix]}',")
            if name == 'native':
                text = replace_once(text, "a['outputs'][k]==v if name=='baseline'", f"a['outputs'][k]==v if name=='baseline' and k not in {finance!r}")
                text = replace_once(text,
                    "    assert component[name].get('B_peak',component[name].get('error'))==row.get('B_peak',row.get('error'))",
                    "    if name == 'valid':\n"
                    "        assert component[name]['B_peak'] == row['B_peak']\n"
                    "    else:\n"
                    "        assert component[name]['error'] == 'ValueError'\n"
                    "        domain = 'reference' if name.startswith('reference') else 'live'\n"
                    "        assert domain + ' clearance' in component[name]['message']")
            if name == 'direct':
                text = replace_once(text, 'values.update(change)', f'values.update({WI059_REPLAY!r} | change)')
                # WI-058: evaluate R14 at the R-form's length (see K_COIL_RETIRED) so the frozen row stays exact.
                text = replace_once(text, "'R14':{P+'plasma__R':14.0,",
                                    f"'R14':{{P+'plasma__R':14.0,P+'magnet__coil__c_coil_ref':{K_COIL_RETIRED * 14.0!r},")
                text = replace_once(text, "if name=='baseline' or not isinstance(v,(int,float)):",
                                    f"if (name=='baseline' and k not in {finance!r}) or not isinstance(v,(int,float)):")
                text = replace_once(text, "scalar[k]==v if name=='baseline'", f"scalar[k]==v if name=='baseline' and k not in {finance!r}")
                # WI-053 read the magnet clearance refusal (ValueError) first at three invalid radii. WI-057
                # (2026-09-13): the calcs live on their parts and the regenerated pipeline executes the plasma's
                # sustainment module before the magnet's peak-field module. At the coil-centre and R3 radii the first
                # refusal is the plasma's deliberate SustainmentError (accepted: a different deliberate rejection).
                # At the negative radius it is an incidental TypeError inside plasma__sustain -- an UNRESOLVED
                # regression of the diagnostic, documented here, not repaired (goal structural-decomposition
                # trail, Amendment 2026-09-13; a deliberate non-positive-radius refusal is a model item). The
                # clearance check itself is unchanged and still refuses when reached
                # (test_peak_component_preserves_valid_and_rejects_invalid_domains).
                text = replace_once(text,
                    "classes=['SustainmentError','ZeroDivisionError','SustainmentError','ZeroDivisionError','TypeError']",
                    "classes=['SustainmentError','SustainmentError','SustainmentError','ZeroDivisionError','TypeError']")
            driver = drivers / (name + '.py')
            driver.write_text(text)
            command = [str(ROOT / '.codex-test/run'), 'bash', '-c',
                       'export PYTHONPATH="$PWD:$STOP_PARSER_TEAX_ROOT/packages/teax-simkit" STUDY_REQUIRE_TEAX=1; exec .codex-test/run python "$@"',
                       'current-mfe', str(driver), str(destination)]
            result = subprocess.run(command, cwd=ROOT, capture_output=True, text=True)
            (destination / (name + '.log')).write_text(result.stdout + result.stderr)
>           assert result.returncode == 0, f'{name} failed: {destination / (name + ".log")}'
                   ^^^^^^^^^^^^^^^^^^^^^^
E           AssertionError: native failed: /tmp/pytest-of-reid/pytest-12808/wi0510/acceptance/native.log

tests/models/current_mfe_regressions.py:352: AssertionError
_________ ERROR at setup of test_retired_radius_refused[alone-native] __________

tmp_path_factory = TempPathFactory(_given_basetemp=None, _trace=<pluggy._tracing.TagTracerSub object at 0x7da6d9ef0c20>, _basetemp=PosixPath('/tmp/pytest-of-reid/pytest-12808'), _retention_count=3, _retention_policy='all')

    @pytest.fixture(scope='module')
    def acceptance(tmp_path_factory):
        from tests.models.current_mfe_regressions import radius_acceptance
>       return radius_acceptance(tmp_path_factory.mktemp('wi051')/'acceptance',H)
               ^^^^^^^^^^^^^^^^^^^^^^^^^^^^^^^^^^^^^^^^^^^^^^^^^^^^^^^^^^^^^^^^^^

tests/models/test_mfe_major_radius.py:137: 
_ _ _ _ _ _ _ _ _ _ _ _ _ _ _ _ _ _ _ _ _ _ _ _ _ _ _ _ _ _ _ _ _ _ _ _ _ _ _ _ 

destination = PosixPath('/tmp/pytest-of-reid/pytest-12808/wi0510/acceptance')
historical = PosixPath('/home/reid/1cfe/fusion-tea/work/active/WI-051_mfe-model-owned-major-radius/implementation')

    def radius_acceptance(destination, historical):
        destination = Path(destination)
        destination.mkdir()
        drivers = destination / 'drivers'
        drivers.mkdir()
        ledger = json.loads((FINANCE_EVIDENCE / 'scalar-ledger.json').read_text())['live_ordinary']
        finance = {row['name'] for row in ledger if row['classification'] == 'changed finance'}
        generation = current_generation()
        before = generation.inventory(generation.PACKAGE)
        # WI-057 (2026-09-13): the drivers read the frozen evidence and the package under the new names.
        forward, _ = structure_ledger()
        translated, modules = translate_frozen_radius_evidence(Path(historical), destination, forward)
        # Current economic expectations are independently recomputed; baseline arithmetic may
        # differ by roundoff. This is a bounded tolerance, never omission of these comparisons.
        finance |= restate_wi040_radius_costs(translated)
        for name in ('native', 'direct', 'standalone', 'cli_checks'):
            text = (historical / (name + '.py')).read_text()
            if "Path(__file__).resolve().parent.parent/'prototype'" in text:
                text = replace_once(text, "Path(__file__).resolve().parent.parent/'prototype'", f'Path({str(translated)!r})')
            text = text.replace('Path(__file__).resolve().parent', f'Path({str(historical)!r})')
            if name in ('native', 'direct'):
                text = text.replace("P+'R'", "P+'plasma__R'")
            if name == 'native':
                text = replace_once(text, 'bridge.build(change)', f'bridge.build({WI059_REPLAY!r} | change)')
                text = replace_once(text, "'entering-package/contracts/model_contract.json'", repr(str(translated / 'entering-package/contracts/model_contract.json')))
                text = replace_once(text, "delta['added']==[]",
                                    f"{{x[1] for x in delta['added']}}=={WI040_PARAMETERS | WI038_PARAMETERS | WI058_PARAMETERS | WI059_PARAMETERS | WI059_NATIVE_ONLY_PARAMETERS | WI060_PARAMETERS | WI061_PARAMETERS!r}")
                # WI-058: evaluate R14 at the R-form's length (see K_COIL_RETIRED) so the frozen row stays exact.
                text = replace_once(text, "('R14',{P+'plasma__R':14.0})",
                                    f"('R14',{{P+'plasma__R':14.0,P+'magnet__coil__c_coil_ref':{K_COIL_RETIRED * 14.0!r}}})")
            if name == 'standalone':
                # WI-058: the winding length no longer takes R0 -- its R0-only check leaves the replay (its bore
                # response is tested in test_winding_length_bore.py); the other three magnet calcs keep theirs.
                text = replace_once(text, "('coil_length','mfe_magnet_field','coil_winding_length','Coil_Winding_Length',14/12.7),", '')
                for suffix in ('field_calc', 'stored_energy', 'magnet_cost'):
                    text = replace_once(text, f"('{suffix}',", f"('{modules[suffix]}',")
            if name == 'native':
                text = replace_once(text, "a['outputs'][k]==v if name=='baseline'", f"a['outputs'][k]==v if name=='baseline' and k not in {finance!r}")
                text = replace_once(text,
                    "    assert component[name].get('B_peak',component[name].get('error'))==row.get('B_peak',row.get('error'))",
                    "    if name == 'valid':\n"
                    "        assert component[name]['B_peak'] == row['B_peak']\n"
                    "    else:\n"
                    "        assert component[name]['error'] == 'ValueError'\n"
                    "        domain = 'reference' if name.startswith('reference') else 'live'\n"
                    "        assert domain + ' clearance' in component[name]['message']")
            if name == 'direct':
                text = replace_once(text, 'values.update(change)', f'values.update({WI059_REPLAY!r} | change)')
                # WI-058: evaluate R14 at the R-form's length (see K_COIL_RETIRED) so the frozen row stays exact.
                text = replace_once(text, "'R14':{P+'plasma__R':14.0,",
                                    f"'R14':{{P+'plasma__R':14.0,P+'magnet__coil__c_coil_ref':{K_COIL_RETIRED * 14.0!r},")
                text = replace_once(text, "if name=='baseline' or not isinstance(v,(int,float)):",
                                    f"if (name=='baseline' and k not in {finance!r}) or not isinstance(v,(int,float)):")
                text = replace_once(text, "scalar[k]==v if name=='baseline'", f"scalar[k]==v if name=='baseline' and k not in {finance!r}")
                # WI-053 read the magnet clearance refusal (ValueError) first at three invalid radii. WI-057
                # (2026-09-13): the calcs live on their parts and the regenerated pipeline executes the plasma's
                # sustainment module before the magnet's peak-field module. At the coil-centre and R3 radii the first
                # refusal is the plasma's deliberate SustainmentError (accepted: a different deliberate rejection).
                # At the negative radius it is an incidental TypeError inside plasma__sustain -- an UNRESOLVED
                # regression of the diagnostic, documented here, not repaired (goal structural-decomposition
                # trail, Amendment 2026-09-13; a deliberate non-positive-radius refusal is a model item). The
                # clearance check itself is unchanged and still refuses when reached
                # (test_peak_component_preserves_valid_and_rejects_invalid_domains).
                text = replace_once(text,
                    "classes=['SustainmentError','ZeroDivisionError','SustainmentError','ZeroDivisionError','TypeError']",
                    "classes=['SustainmentError','SustainmentError','SustainmentError','ZeroDivisionError','TypeError']")
            driver = drivers / (name + '.py')
            driver.write_text(text)
            command = [str(ROOT / '.codex-test/run'), 'bash', '-c',
                       'export PYTHONPATH="$PWD:$STOP_PARSER_TEAX_ROOT/packages/teax-simkit" STUDY_REQUIRE_TEAX=1; exec .codex-test/run python "$@"',
                       'current-mfe', str(driver), str(destination)]
            result = subprocess.run(command, cwd=ROOT, capture_output=True, text=True)
            (destination / (name + '.log')).write_text(result.stdout + result.stderr)
>           assert result.returncode == 0, f'{name} failed: {destination / (name + ".log")}'
                   ^^^^^^^^^^^^^^^^^^^^^^
E           AssertionError: native failed: /tmp/pytest-of-reid/pytest-12808/wi0510/acceptance/native.log

tests/models/current_mfe_regressions.py:352: AssertionError
_________ ERROR at setup of test_retired_radius_refused[alone-schema] __________

tmp_path_factory = TempPathFactory(_given_basetemp=None, _trace=<pluggy._tracing.TagTracerSub object at 0x7da6d9ef0c20>, _basetemp=PosixPath('/tmp/pytest-of-reid/pytest-12808'), _retention_count=3, _retention_policy='all')

    @pytest.fixture(scope='module')
    def acceptance(tmp_path_factory):
        from tests.models.current_mfe_regressions import radius_acceptance
>       return radius_acceptance(tmp_path_factory.mktemp('wi051')/'acceptance',H)
               ^^^^^^^^^^^^^^^^^^^^^^^^^^^^^^^^^^^^^^^^^^^^^^^^^^^^^^^^^^^^^^^^^^

tests/models/test_mfe_major_radius.py:137: 
_ _ _ _ _ _ _ _ _ _ _ _ _ _ _ _ _ _ _ _ _ _ _ _ _ _ _ _ _ _ _ _ _ _ _ _ _ _ _ _ 

destination = PosixPath('/tmp/pytest-of-reid/pytest-12808/wi0510/acceptance')
historical = PosixPath('/home/reid/1cfe/fusion-tea/work/active/WI-051_mfe-model-owned-major-radius/implementation')

    def radius_acceptance(destination, historical):
        destination = Path(destination)
        destination.mkdir()
        drivers = destination / 'drivers'
        drivers.mkdir()
        ledger = json.loads((FINANCE_EVIDENCE / 'scalar-ledger.json').read_text())['live_ordinary']
        finance = {row['name'] for row in ledger if row['classification'] == 'changed finance'}
        generation = current_generation()
        before = generation.inventory(generation.PACKAGE)
        # WI-057 (2026-09-13): the drivers read the frozen evidence and the package under the new names.
        forward, _ = structure_ledger()
        translated, modules = translate_frozen_radius_evidence(Path(historical), destination, forward)
        # Current economic expectations are independently recomputed; baseline arithmetic may
        # differ by roundoff. This is a bounded tolerance, never omission of these comparisons.
        finance |= restate_wi040_radius_costs(translated)
        for name in ('native', 'direct', 'standalone', 'cli_checks'):
            text = (historical / (name + '.py')).read_text()
            if "Path(__file__).resolve().parent.parent/'prototype'" in text:
                text = replace_once(text, "Path(__file__).resolve().parent.parent/'prototype'", f'Path({str(translated)!r})')
            text = text.replace('Path(__file__).resolve().parent', f'Path({str(historical)!r})')
            if name in ('native', 'direct'):
                text = text.replace("P+'R'", "P+'plasma__R'")
            if name == 'native':
                text = replace_once(text, 'bridge.build(change)', f'bridge.build({WI059_REPLAY!r} | change)')
                text = replace_once(text, "'entering-package/contracts/model_contract.json'", repr(str(translated / 'entering-package/contracts/model_contract.json')))
                text = replace_once(text, "delta['added']==[]",
                                    f"{{x[1] for x in delta['added']}}=={WI040_PARAMETERS | WI038_PARAMETERS | WI058_PARAMETERS | WI059_PARAMETERS | WI059_NATIVE_ONLY_PARAMETERS | WI060_PARAMETERS | WI061_PARAMETERS!r}")
                # WI-058: evaluate R14 at the R-form's length (see K_COIL_RETIRED) so the frozen row stays exact.
                text = replace_once(text, "('R14',{P+'plasma__R':14.0})",
                                    f"('R14',{{P+'plasma__R':14.0,P+'magnet__coil__c_coil_ref':{K_COIL_RETIRED * 14.0!r}}})")
            if name == 'standalone':
                # WI-058: the winding length no longer takes R0 -- its R0-only check leaves the replay (its bore
                # response is tested in test_winding_length_bore.py); the other three magnet calcs keep theirs.
                text = replace_once(text, "('coil_length','mfe_magnet_field','coil_winding_length','Coil_Winding_Length',14/12.7),", '')
                for suffix in ('field_calc', 'stored_energy', 'magnet_cost'):
                    text = replace_once(text, f"('{suffix}',", f"('{modules[suffix]}',")
            if name == 'native':
                text = replace_once(text, "a['outputs'][k]==v if name=='baseline'", f"a['outputs'][k]==v if name=='baseline' and k not in {finance!r}")
                text = replace_once(text,
                    "    assert component[name].get('B_peak',component[name].get('error'))==row.get('B_peak',row.get('error'))",
                    "    if name == 'valid':\n"
                    "        assert component[name]['B_peak'] == row['B_peak']\n"
                    "    else:\n"
                    "        assert component[name]['error'] == 'ValueError'\n"
                    "        domain = 'reference' if name.startswith('reference') else 'live'\n"
                    "        assert domain + ' clearance' in component[name]['message']")
            if name == 'direct':
                text = replace_once(text, 'values.update(change)', f'values.update({WI059_REPLAY!r} | change)')
                # WI-058: evaluate R14 at the R-form's length (see K_COIL_RETIRED) so the frozen row stays exact.
                text = replace_once(text, "'R14':{P+'plasma__R':14.0,",
                                    f"'R14':{{P+'plasma__R':14.0,P+'magnet__coil__c_coil_ref':{K_COIL_RETIRED * 14.0!r},")
                text = replace_once(text, "if name=='baseline' or not isinstance(v,(int,float)):",
                                    f"if (name=='baseline' and k not in {finance!r}) or not isinstance(v,(int,float)):")
                text = replace_once(text, "scalar[k]==v if name=='baseline'", f"scalar[k]==v if name=='baseline' and k not in {finance!r}")
                # WI-053 read the magnet clearance refusal (ValueError) first at three invalid radii. WI-057
                # (2026-09-13): the calcs live on their parts and the regenerated pipeline executes the plasma's
                # sustainment module before the magnet's peak-field module. At the coil-centre and R3 radii the first
                # refusal is the plasma's deliberate SustainmentError (accepted: a different deliberate rejection).
                # At the negative radius it is an incidental TypeError inside plasma__sustain -- an UNRESOLVED
                # regression of the diagnostic, documented here, not repaired (goal structural-decomposition
                # trail, Amendment 2026-09-13; a deliberate non-positive-radius refusal is a model item). The
                # clearance check itself is unchanged and still refuses when reached
                # (test_peak_component_preserves_valid_and_rejects_invalid_domains).
                text = replace_once(text,
                    "classes=['SustainmentError','ZeroDivisionError','SustainmentError','ZeroDivisionError','TypeError']",
                    "classes=['SustainmentError','SustainmentError','SustainmentError','ZeroDivisionError','TypeError']")
            driver = drivers / (name + '.py')
            driver.write_text(text)
            command = [str(ROOT / '.codex-test/run'), 'bash', '-c',
                       'export PYTHONPATH="$PWD:$STOP_PARSER_TEAX_ROOT/packages/teax-simkit" STUDY_REQUIRE_TEAX=1; exec .codex-test/run python "$@"',
                       'current-mfe', str(driver), str(destination)]
            result = subprocess.run(command, cwd=ROOT, capture_output=True, text=True)
            (destination / (name + '.log')).write_text(result.stdout + result.stderr)
>           assert result.returncode == 0, f'{name} failed: {destination / (name + ".log")}'
                   ^^^^^^^^^^^^^^^^^^^^^^
E           AssertionError: native failed: /tmp/pytest-of-reid/pytest-12808/wi0510/acceptance/native.log

tests/models/current_mfe_regressions.py:352: AssertionError
_________ ERROR at setup of test_retired_radius_refused[alone-helper] __________

tmp_path_factory = TempPathFactory(_given_basetemp=None, _trace=<pluggy._tracing.TagTracerSub object at 0x7da6d9ef0c20>, _basetemp=PosixPath('/tmp/pytest-of-reid/pytest-12808'), _retention_count=3, _retention_policy='all')

    @pytest.fixture(scope='module')
    def acceptance(tmp_path_factory):
        from tests.models.current_mfe_regressions import radius_acceptance
>       return radius_acceptance(tmp_path_factory.mktemp('wi051')/'acceptance',H)
               ^^^^^^^^^^^^^^^^^^^^^^^^^^^^^^^^^^^^^^^^^^^^^^^^^^^^^^^^^^^^^^^^^^

tests/models/test_mfe_major_radius.py:137: 
_ _ _ _ _ _ _ _ _ _ _ _ _ _ _ _ _ _ _ _ _ _ _ _ _ _ _ _ _ _ _ _ _ _ _ _ _ _ _ _ 

destination = PosixPath('/tmp/pytest-of-reid/pytest-12808/wi0510/acceptance')
historical = PosixPath('/home/reid/1cfe/fusion-tea/work/active/WI-051_mfe-model-owned-major-radius/implementation')

    def radius_acceptance(destination, historical):
        destination = Path(destination)
        destination.mkdir()
        drivers = destination / 'drivers'
        drivers.mkdir()
        ledger = json.loads((FINANCE_EVIDENCE / 'scalar-ledger.json').read_text())['live_ordinary']
        finance = {row['name'] for row in ledger if row['classification'] == 'changed finance'}
        generation = current_generation()
        before = generation.inventory(generation.PACKAGE)
        # WI-057 (2026-09-13): the drivers read the frozen evidence and the package under the new names.
        forward, _ = structure_ledger()
        translated, modules = translate_frozen_radius_evidence(Path(historical), destination, forward)
        # Current economic expectations are independently recomputed; baseline arithmetic may
        # differ by roundoff. This is a bounded tolerance, never omission of these comparisons.
        finance |= restate_wi040_radius_costs(translated)
        for name in ('native', 'direct', 'standalone', 'cli_checks'):
            text = (historical / (name + '.py')).read_text()
            if "Path(__file__).resolve().parent.parent/'prototype'" in text:
                text = replace_once(text, "Path(__file__).resolve().parent.parent/'prototype'", f'Path({str(translated)!r})')
            text = text.replace('Path(__file__).resolve().parent', f'Path({str(historical)!r})')
            if name in ('native', 'direct'):
                text = text.replace("P+'R'", "P+'plasma__R'")
            if name == 'native':
                text = replace_once(text, 'bridge.build(change)', f'bridge.build({WI059_REPLAY!r} | change)')
                text = replace_once(text, "'entering-package/contracts/model_contract.json'", repr(str(translated / 'entering-package/contracts/model_contract.json')))
                text = replace_once(text, "delta['added']==[]",
                                    f"{{x[1] for x in delta['added']}}=={WI040_PARAMETERS | WI038_PARAMETERS | WI058_PARAMETERS | WI059_PARAMETERS | WI059_NATIVE_ONLY_PARAMETERS | WI060_PARAMETERS | WI061_PARAMETERS!r}")
                # WI-058: evaluate R14 at the R-form's length (see K_COIL_RETIRED) so the frozen row stays exact.
                text = replace_once(text, "('R14',{P+'plasma__R':14.0})",
                                    f"('R14',{{P+'plasma__R':14.0,P+'magnet__coil__c_coil_ref':{K_COIL_RETIRED * 14.0!r}}})")
            if name == 'standalone':
                # WI-058: the winding length no longer takes R0 -- its R0-only check leaves the replay (its bore
                # response is tested in test_winding_length_bore.py); the other three magnet calcs keep theirs.
                text = replace_once(text, "('coil_length','mfe_magnet_field','coil_winding_length','Coil_Winding_Length',14/12.7),", '')
                for suffix in ('field_calc', 'stored_energy', 'magnet_cost'):
                    text = replace_once(text, f"('{suffix}',", f"('{modules[suffix]}',")
            if name == 'native':
                text = replace_once(text, "a['outputs'][k]==v if name=='baseline'", f"a['outputs'][k]==v if name=='baseline' and k not in {finance!r}")
                text = replace_once(text,
                    "    assert component[name].get('B_peak',component[name].get('error'))==row.get('B_peak',row.get('error'))",
                    "    if name == 'valid':\n"
                    "        assert component[name]['B_peak'] == row['B_peak']\n"
                    "    else:\n"
                    "        assert component[name]['error'] == 'ValueError'\n"
                    "        domain = 'reference' if name.startswith('reference') else 'live'\n"
                    "        assert domain + ' clearance' in component[name]['message']")
            if name == 'direct':
                text = replace_once(text, 'values.update(change)', f'values.update({WI059_REPLAY!r} | change)')
                # WI-058: evaluate R14 at the R-form's length (see K_COIL_RETIRED) so the frozen row stays exact.
                text = replace_once(text, "'R14':{P+'plasma__R':14.0,",
                                    f"'R14':{{P+'plasma__R':14.0,P+'magnet__coil__c_coil_ref':{K_COIL_RETIRED * 14.0!r},")
                text = replace_once(text, "if name=='baseline' or not isinstance(v,(int,float)):",
                                    f"if (name=='baseline' and k not in {finance!r}) or not isinstance(v,(int,float)):")
                text = replace_once(text, "scalar[k]==v if name=='baseline'", f"scalar[k]==v if name=='baseline' and k not in {finance!r}")
                # WI-053 read the magnet clearance refusal (ValueError) first at three invalid radii. WI-057
                # (2026-09-13): the calcs live on their parts and the regenerated pipeline executes the plasma's
                # sustainment module before the magnet's peak-field module. At the coil-centre and R3 radii the first
                # refusal is the plasma's deliberate SustainmentError (accepted: a different deliberate rejection).
                # At the negative radius it is an incidental TypeError inside plasma__sustain -- an UNRESOLVED
                # regression of the diagnostic, documented here, not repaired (goal structural-decomposition
                # trail, Amendment 2026-09-13; a deliberate non-positive-radius refusal is a model item). The
                # clearance check itself is unchanged and still refuses when reached
                # (test_peak_component_preserves_valid_and_rejects_invalid_domains).
                text = replace_once(text,
                    "classes=['SustainmentError','ZeroDivisionError','SustainmentError','ZeroDivisionError','TypeError']",
                    "classes=['SustainmentError','SustainmentError','SustainmentError','ZeroDivisionError','TypeError']")
            driver = drivers / (name + '.py')
            driver.write_text(text)
            command = [str(ROOT / '.codex-test/run'), 'bash', '-c',
                       'export PYTHONPATH="$PWD:$STOP_PARSER_TEAX_ROOT/packages/teax-simkit" STUDY_REQUIRE_TEAX=1; exec .codex-test/run python "$@"',
                       'current-mfe', str(driver), str(destination)]
            result = subprocess.run(command, cwd=ROOT, capture_output=True, text=True)
            (destination / (name + '.log')).write_text(result.stdout + result.stderr)
>           assert result.returncode == 0, f'{name} failed: {destination / (name + ".log")}'
                   ^^^^^^^^^^^^^^^^^^^^^^
E           AssertionError: native failed: /tmp/pytest-of-reid/pytest-12808/wi0510/acceptance/native.log

tests/models/current_mfe_regressions.py:352: AssertionError
_________ ERROR at setup of test_retired_radius_refused[alone-single] __________

tmp_path_factory = TempPathFactory(_given_basetemp=None, _trace=<pluggy._tracing.TagTracerSub object at 0x7da6d9ef0c20>, _basetemp=PosixPath('/tmp/pytest-of-reid/pytest-12808'), _retention_count=3, _retention_policy='all')

    @pytest.fixture(scope='module')
    def acceptance(tmp_path_factory):
        from tests.models.current_mfe_regressions import radius_acceptance
>       return radius_acceptance(tmp_path_factory.mktemp('wi051')/'acceptance',H)
               ^^^^^^^^^^^^^^^^^^^^^^^^^^^^^^^^^^^^^^^^^^^^^^^^^^^^^^^^^^^^^^^^^^

tests/models/test_mfe_major_radius.py:137: 
_ _ _ _ _ _ _ _ _ _ _ _ _ _ _ _ _ _ _ _ _ _ _ _ _ _ _ _ _ _ _ _ _ _ _ _ _ _ _ _ 

destination = PosixPath('/tmp/pytest-of-reid/pytest-12808/wi0510/acceptance')
historical = PosixPath('/home/reid/1cfe/fusion-tea/work/active/WI-051_mfe-model-owned-major-radius/implementation')

    def radius_acceptance(destination, historical):
        destination = Path(destination)
        destination.mkdir()
        drivers = destination / 'drivers'
        drivers.mkdir()
        ledger = json.loads((FINANCE_EVIDENCE / 'scalar-ledger.json').read_text())['live_ordinary']
        finance = {row['name'] for row in ledger if row['classification'] == 'changed finance'}
        generation = current_generation()
        before = generation.inventory(generation.PACKAGE)
        # WI-057 (2026-09-13): the drivers read the frozen evidence and the package under the new names.
        forward, _ = structure_ledger()
        translated, modules = translate_frozen_radius_evidence(Path(historical), destination, forward)
        # Current economic expectations are independently recomputed; baseline arithmetic may
        # differ by roundoff. This is a bounded tolerance, never omission of these comparisons.
        finance |= restate_wi040_radius_costs(translated)
        for name in ('native', 'direct', 'standalone', 'cli_checks'):
            text = (historical / (name + '.py')).read_text()
            if "Path(__file__).resolve().parent.parent/'prototype'" in text:
                text = replace_once(text, "Path(__file__).resolve().parent.parent/'prototype'", f'Path({str(translated)!r})')
            text = text.replace('Path(__file__).resolve().parent', f'Path({str(historical)!r})')
            if name in ('native', 'direct'):
                text = text.replace("P+'R'", "P+'plasma__R'")
            if name == 'native':
                text = replace_once(text, 'bridge.build(change)', f'bridge.build({WI059_REPLAY!r} | change)')
                text = replace_once(text, "'entering-package/contracts/model_contract.json'", repr(str(translated / 'entering-package/contracts/model_contract.json')))
                text = replace_once(text, "delta['added']==[]",
                                    f"{{x[1] for x in delta['added']}}=={WI040_PARAMETERS | WI038_PARAMETERS | WI058_PARAMETERS | WI059_PARAMETERS | WI059_NATIVE_ONLY_PARAMETERS | WI060_PARAMETERS | WI061_PARAMETERS!r}")
                # WI-058: evaluate R14 at the R-form's length (see K_COIL_RETIRED) so the frozen row stays exact.
                text = replace_once(text, "('R14',{P+'plasma__R':14.0})",
                                    f"('R14',{{P+'plasma__R':14.0,P+'magnet__coil__c_coil_ref':{K_COIL_RETIRED * 14.0!r}}})")
            if name == 'standalone':
                # WI-058: the winding length no longer takes R0 -- its R0-only check leaves the replay (its bore
                # response is tested in test_winding_length_bore.py); the other three magnet calcs keep theirs.
                text = replace_once(text, "('coil_length','mfe_magnet_field','coil_winding_length','Coil_Winding_Length',14/12.7),", '')
                for suffix in ('field_calc', 'stored_energy', 'magnet_cost'):
                    text = replace_once(text, f"('{suffix}',", f"('{modules[suffix]}',")
            if name == 'native':
                text = replace_once(text, "a['outputs'][k]==v if name=='baseline'", f"a['outputs'][k]==v if name=='baseline' and k not in {finance!r}")
                text = replace_once(text,
                    "    assert component[name].get('B_peak',component[name].get('error'))==row.get('B_peak',row.get('error'))",
                    "    if name == 'valid':\n"
                    "        assert component[name]['B_peak'] == row['B_peak']\n"
                    "    else:\n"
                    "        assert component[name]['error'] == 'ValueError'\n"
                    "        domain = 'reference' if name.startswith('reference') else 'live'\n"
                    "        assert domain + ' clearance' in component[name]['message']")
            if name == 'direct':
                text = replace_once(text, 'values.update(change)', f'values.update({WI059_REPLAY!r} | change)')
                # WI-058: evaluate R14 at the R-form's length (see K_COIL_RETIRED) so the frozen row stays exact.
                text = replace_once(text, "'R14':{P+'plasma__R':14.0,",
                                    f"'R14':{{P+'plasma__R':14.0,P+'magnet__coil__c_coil_ref':{K_COIL_RETIRED * 14.0!r},")
                text = replace_once(text, "if name=='baseline' or not isinstance(v,(int,float)):",
                                    f"if (name=='baseline' and k not in {finance!r}) or not isinstance(v,(int,float)):")
                text = replace_once(text, "scalar[k]==v if name=='baseline'", f"scalar[k]==v if name=='baseline' and k not in {finance!r}")
                # WI-053 read the magnet clearance refusal (ValueError) first at three invalid radii. WI-057
                # (2026-09-13): the calcs live on their parts and the regenerated pipeline executes the plasma's
                # sustainment module before the magnet's peak-field module. At the coil-centre and R3 radii the first
                # refusal is the plasma's deliberate SustainmentError (accepted: a different deliberate rejection).
                # At the negative radius it is an incidental TypeError inside plasma__sustain -- an UNRESOLVED
                # regression of the diagnostic, documented here, not repaired (goal structural-decomposition
                # trail, Amendment 2026-09-13; a deliberate non-positive-radius refusal is a model item). The
                # clearance check itself is unchanged and still refuses when reached
                # (test_peak_component_preserves_valid_and_rejects_invalid_domains).
                text = replace_once(text,
                    "classes=['SustainmentError','ZeroDivisionError','SustainmentError','ZeroDivisionError','TypeError']",
                    "classes=['SustainmentError','SustainmentError','SustainmentError','ZeroDivisionError','TypeError']")
            driver = drivers / (name + '.py')
            driver.write_text(text)
            command = [str(ROOT / '.codex-test/run'), 'bash', '-c',
                       'export PYTHONPATH="$PWD:$STOP_PARSER_TEAX_ROOT/packages/teax-simkit" STUDY_REQUIRE_TEAX=1; exec .codex-test/run python "$@"',
                       'current-mfe', str(driver), str(destination)]
            result = subprocess.run(command, cwd=ROOT, capture_output=True, text=True)
            (destination / (name + '.log')).write_text(result.stdout + result.stderr)
>           assert result.returncode == 0, f'{name} failed: {destination / (name + ".log")}'
                   ^^^^^^^^^^^^^^^^^^^^^^
E           AssertionError: native failed: /tmp/pytest-of-reid/pytest-12808/wi0510/acceptance/native.log

tests/models/current_mfe_regressions.py:352: AssertionError
___________ ERROR at setup of test_retired_radius_refused[alone-cli] ___________

tmp_path_factory = TempPathFactory(_given_basetemp=None, _trace=<pluggy._tracing.TagTracerSub object at 0x7da6d9ef0c20>, _basetemp=PosixPath('/tmp/pytest-of-reid/pytest-12808'), _retention_count=3, _retention_policy='all')

    @pytest.fixture(scope='module')
    def acceptance(tmp_path_factory):
        from tests.models.current_mfe_regressions import radius_acceptance
>       return radius_acceptance(tmp_path_factory.mktemp('wi051')/'acceptance',H)
               ^^^^^^^^^^^^^^^^^^^^^^^^^^^^^^^^^^^^^^^^^^^^^^^^^^^^^^^^^^^^^^^^^^

tests/models/test_mfe_major_radius.py:137: 
_ _ _ _ _ _ _ _ _ _ _ _ _ _ _ _ _ _ _ _ _ _ _ _ _ _ _ _ _ _ _ _ _ _ _ _ _ _ _ _ 

destination = PosixPath('/tmp/pytest-of-reid/pytest-12808/wi0510/acceptance')
historical = PosixPath('/home/reid/1cfe/fusion-tea/work/active/WI-051_mfe-model-owned-major-radius/implementation')

    def radius_acceptance(destination, historical):
        destination = Path(destination)
        destination.mkdir()
        drivers = destination / 'drivers'
        drivers.mkdir()
        ledger = json.loads((FINANCE_EVIDENCE / 'scalar-ledger.json').read_text())['live_ordinary']
        finance = {row['name'] for row in ledger if row['classification'] == 'changed finance'}
        generation = current_generation()
        before = generation.inventory(generation.PACKAGE)
        # WI-057 (2026-09-13): the drivers read the frozen evidence and the package under the new names.
        forward, _ = structure_ledger()
        translated, modules = translate_frozen_radius_evidence(Path(historical), destination, forward)
        # Current economic expectations are independently recomputed; baseline arithmetic may
        # differ by roundoff. This is a bounded tolerance, never omission of these comparisons.
        finance |= restate_wi040_radius_costs(translated)
        for name in ('native', 'direct', 'standalone', 'cli_checks'):
            text = (historical / (name + '.py')).read_text()
            if "Path(__file__).resolve().parent.parent/'prototype'" in text:
                text = replace_once(text, "Path(__file__).resolve().parent.parent/'prototype'", f'Path({str(translated)!r})')
            text = text.replace('Path(__file__).resolve().parent', f'Path({str(historical)!r})')
            if name in ('native', 'direct'):
                text = text.replace("P+'R'", "P+'plasma__R'")
            if name == 'native':
                text = replace_once(text, 'bridge.build(change)', f'bridge.build({WI059_REPLAY!r} | change)')
                text = replace_once(text, "'entering-package/contracts/model_contract.json'", repr(str(translated / 'entering-package/contracts/model_contract.json')))
                text = replace_once(text, "delta['added']==[]",
                                    f"{{x[1] for x in delta['added']}}=={WI040_PARAMETERS | WI038_PARAMETERS | WI058_PARAMETERS | WI059_PARAMETERS | WI059_NATIVE_ONLY_PARAMETERS | WI060_PARAMETERS | WI061_PARAMETERS!r}")
                # WI-058: evaluate R14 at the R-form's length (see K_COIL_RETIRED) so the frozen row stays exact.
                text = replace_once(text, "('R14',{P+'plasma__R':14.0})",
                                    f"('R14',{{P+'plasma__R':14.0,P+'magnet__coil__c_coil_ref':{K_COIL_RETIRED * 14.0!r}}})")
            if name == 'standalone':
                # WI-058: the winding length no longer takes R0 -- its R0-only check leaves the replay (its bore
                # response is tested in test_winding_length_bore.py); the other three magnet calcs keep theirs.
                text = replace_once(text, "('coil_length','mfe_magnet_field','coil_winding_length','Coil_Winding_Length',14/12.7),", '')
                for suffix in ('field_calc', 'stored_energy', 'magnet_cost'):
                    text = replace_once(text, f"('{suffix}',", f"('{modules[suffix]}',")
            if name == 'native':
                text = replace_once(text, "a['outputs'][k]==v if name=='baseline'", f"a['outputs'][k]==v if name=='baseline' and k not in {finance!r}")
                text = replace_once(text,
                    "    assert component[name].get('B_peak',component[name].get('error'))==row.get('B_peak',row.get('error'))",
                    "    if name == 'valid':\n"
                    "        assert component[name]['B_peak'] == row['B_peak']\n"
                    "    else:\n"
                    "        assert component[name]['error'] == 'ValueError'\n"
                    "        domain = 'reference' if name.startswith('reference') else 'live'\n"
                    "        assert domain + ' clearance' in component[name]['message']")
            if name == 'direct':
                text = replace_once(text, 'values.update(change)', f'values.update({WI059_REPLAY!r} | change)')
                # WI-058: evaluate R14 at the R-form's length (see K_COIL_RETIRED) so the frozen row stays exact.
                text = replace_once(text, "'R14':{P+'plasma__R':14.0,",
                                    f"'R14':{{P+'plasma__R':14.0,P+'magnet__coil__c_coil_ref':{K_COIL_RETIRED * 14.0!r},")
                text = replace_once(text, "if name=='baseline' or not isinstance(v,(int,float)):",
                                    f"if (name=='baseline' and k not in {finance!r}) or not isinstance(v,(int,float)):")
                text = replace_once(text, "scalar[k]==v if name=='baseline'", f"scalar[k]==v if name=='baseline' and k not in {finance!r}")
                # WI-053 read the magnet clearance refusal (ValueError) first at three invalid radii. WI-057
                # (2026-09-13): the calcs live on their parts and the regenerated pipeline executes the plasma's
                # sustainment module before the magnet's peak-field module. At the coil-centre and R3 radii the first
                # refusal is the plasma's deliberate SustainmentError (accepted: a different deliberate rejection).
                # At the negative radius it is an incidental TypeError inside plasma__sustain -- an UNRESOLVED
                # regression of the diagnostic, documented here, not repaired (goal structural-decomposition
                # trail, Amendment 2026-09-13; a deliberate non-positive-radius refusal is a model item). The
                # clearance check itself is unchanged and still refuses when reached
                # (test_peak_component_preserves_valid_and_rejects_invalid_domains).
                text = replace_once(text,
                    "classes=['SustainmentError','ZeroDivisionError','SustainmentError','ZeroDivisionError','TypeError']",
                    "classes=['SustainmentError','SustainmentError','SustainmentError','ZeroDivisionError','TypeError']")
            driver = drivers / (name + '.py')
            driver.write_text(text)
            command = [str(ROOT / '.codex-test/run'), 'bash', '-c',
                       'export PYTHONPATH="$PWD:$STOP_PARSER_TEAX_ROOT/packages/teax-simkit" STUDY_REQUIRE_TEAX=1; exec .codex-test/run python "$@"',
                       'current-mfe', str(driver), str(destination)]
            result = subprocess.run(command, cwd=ROOT, capture_output=True, text=True)
            (destination / (name + '.log')).write_text(result.stdout + result.stderr)
>           assert result.returncode == 0, f'{name} failed: {destination / (name + ".log")}'
                   ^^^^^^^^^^^^^^^^^^^^^^
E           AssertionError: native failed: /tmp/pytest-of-reid/pytest-12808/wi0510/acceptance/native.log

tests/models/current_mfe_regressions.py:352: AssertionError
_________ ERROR at setup of test_retired_radius_refused[equal-native] __________

tmp_path_factory = TempPathFactory(_given_basetemp=None, _trace=<pluggy._tracing.TagTracerSub object at 0x7da6d9ef0c20>, _basetemp=PosixPath('/tmp/pytest-of-reid/pytest-12808'), _retention_count=3, _retention_policy='all')

    @pytest.fixture(scope='module')
    def acceptance(tmp_path_factory):
        from tests.models.current_mfe_regressions import radius_acceptance
>       return radius_acceptance(tmp_path_factory.mktemp('wi051')/'acceptance',H)
               ^^^^^^^^^^^^^^^^^^^^^^^^^^^^^^^^^^^^^^^^^^^^^^^^^^^^^^^^^^^^^^^^^^

tests/models/test_mfe_major_radius.py:137: 
_ _ _ _ _ _ _ _ _ _ _ _ _ _ _ _ _ _ _ _ _ _ _ _ _ _ _ _ _ _ _ _ _ _ _ _ _ _ _ _ 

destination = PosixPath('/tmp/pytest-of-reid/pytest-12808/wi0510/acceptance')
historical = PosixPath('/home/reid/1cfe/fusion-tea/work/active/WI-051_mfe-model-owned-major-radius/implementation')

    def radius_acceptance(destination, historical):
        destination = Path(destination)
        destination.mkdir()
        drivers = destination / 'drivers'
        drivers.mkdir()
        ledger = json.loads((FINANCE_EVIDENCE / 'scalar-ledger.json').read_text())['live_ordinary']
        finance = {row['name'] for row in ledger if row['classification'] == 'changed finance'}
        generation = current_generation()
        before = generation.inventory(generation.PACKAGE)
        # WI-057 (2026-09-13): the drivers read the frozen evidence and the package under the new names.
        forward, _ = structure_ledger()
        translated, modules = translate_frozen_radius_evidence(Path(historical), destination, forward)
        # Current economic expectations are independently recomputed; baseline arithmetic may
        # differ by roundoff. This is a bounded tolerance, never omission of these comparisons.
        finance |= restate_wi040_radius_costs(translated)
        for name in ('native', 'direct', 'standalone', 'cli_checks'):
            text = (historical / (name + '.py')).read_text()
            if "Path(__file__).resolve().parent.parent/'prototype'" in text:
                text = replace_once(text, "Path(__file__).resolve().parent.parent/'prototype'", f'Path({str(translated)!r})')
            text = text.replace('Path(__file__).resolve().parent', f'Path({str(historical)!r})')
            if name in ('native', 'direct'):
                text = text.replace("P+'R'", "P+'plasma__R'")
            if name == 'native':
                text = replace_once(text, 'bridge.build(change)', f'bridge.build({WI059_REPLAY!r} | change)')
                text = replace_once(text, "'entering-package/contracts/model_contract.json'", repr(str(translated / 'entering-package/contracts/model_contract.json')))
                text = replace_once(text, "delta['added']==[]",
                                    f"{{x[1] for x in delta['added']}}=={WI040_PARAMETERS | WI038_PARAMETERS | WI058_PARAMETERS | WI059_PARAMETERS | WI059_NATIVE_ONLY_PARAMETERS | WI060_PARAMETERS | WI061_PARAMETERS!r}")
                # WI-058: evaluate R14 at the R-form's length (see K_COIL_RETIRED) so the frozen row stays exact.
                text = replace_once(text, "('R14',{P+'plasma__R':14.0})",
                                    f"('R14',{{P+'plasma__R':14.0,P+'magnet__coil__c_coil_ref':{K_COIL_RETIRED * 14.0!r}}})")
            if name == 'standalone':
                # WI-058: the winding length no longer takes R0 -- its R0-only check leaves the replay (its bore
                # response is tested in test_winding_length_bore.py); the other three magnet calcs keep theirs.
                text = replace_once(text, "('coil_length','mfe_magnet_field','coil_winding_length','Coil_Winding_Length',14/12.7),", '')
                for suffix in ('field_calc', 'stored_energy', 'magnet_cost'):
                    text = replace_once(text, f"('{suffix}',", f"('{modules[suffix]}',")
            if name == 'native':
                text = replace_once(text, "a['outputs'][k]==v if name=='baseline'", f"a['outputs'][k]==v if name=='baseline' and k not in {finance!r}")
                text = replace_once(text,
                    "    assert component[name].get('B_peak',component[name].get('error'))==row.get('B_peak',row.get('error'))",
                    "    if name == 'valid':\n"
                    "        assert component[name]['B_peak'] == row['B_peak']\n"
                    "    else:\n"
                    "        assert component[name]['error'] == 'ValueError'\n"
                    "        domain = 'reference' if name.startswith('reference') else 'live'\n"
                    "        assert domain + ' clearance' in component[name]['message']")
            if name == 'direct':
                text = replace_once(text, 'values.update(change)', f'values.update({WI059_REPLAY!r} | change)')
                # WI-058: evaluate R14 at the R-form's length (see K_COIL_RETIRED) so the frozen row stays exact.
                text = replace_once(text, "'R14':{P+'plasma__R':14.0,",
                                    f"'R14':{{P+'plasma__R':14.0,P+'magnet__coil__c_coil_ref':{K_COIL_RETIRED * 14.0!r},")
                text = replace_once(text, "if name=='baseline' or not isinstance(v,(int,float)):",
                                    f"if (name=='baseline' and k not in {finance!r}) or not isinstance(v,(int,float)):")
                text = replace_once(text, "scalar[k]==v if name=='baseline'", f"scalar[k]==v if name=='baseline' and k not in {finance!r}")
                # WI-053 read the magnet clearance refusal (ValueError) first at three invalid radii. WI-057
                # (2026-09-13): the calcs live on their parts and the regenerated pipeline executes the plasma's
                # sustainment module before the magnet's peak-field module. At the coil-centre and R3 radii the first
                # refusal is the plasma's deliberate SustainmentError (accepted: a different deliberate rejection).
                # At the negative radius it is an incidental TypeError inside plasma__sustain -- an UNRESOLVED
                # regression of the diagnostic, documented here, not repaired (goal structural-decomposition
                # trail, Amendment 2026-09-13; a deliberate non-positive-radius refusal is a model item). The
                # clearance check itself is unchanged and still refuses when reached
                # (test_peak_component_preserves_valid_and_rejects_invalid_domains).
                text = replace_once(text,
                    "classes=['SustainmentError','ZeroDivisionError','SustainmentError','ZeroDivisionError','TypeError']",
                    "classes=['SustainmentError','SustainmentError','SustainmentError','ZeroDivisionError','TypeError']")
            driver = drivers / (name + '.py')
            driver.write_text(text)
            command = [str(ROOT / '.codex-test/run'), 'bash', '-c',
                       'export PYTHONPATH="$PWD:$STOP_PARSER_TEAX_ROOT/packages/teax-simkit" STUDY_REQUIRE_TEAX=1; exec .codex-test/run python "$@"',
                       'current-mfe', str(driver), str(destination)]
            result = subprocess.run(command, cwd=ROOT, capture_output=True, text=True)
            (destination / (name + '.log')).write_text(result.stdout + result.stderr)
>           assert result.returncode == 0, f'{name} failed: {destination / (name + ".log")}'
                   ^^^^^^^^^^^^^^^^^^^^^^
E           AssertionError: native failed: /tmp/pytest-of-reid/pytest-12808/wi0510/acceptance/native.log

tests/models/current_mfe_regressions.py:352: AssertionError
_________ ERROR at setup of test_retired_radius_refused[equal-schema] __________

tmp_path_factory = TempPathFactory(_given_basetemp=None, _trace=<pluggy._tracing.TagTracerSub object at 0x7da6d9ef0c20>, _basetemp=PosixPath('/tmp/pytest-of-reid/pytest-12808'), _retention_count=3, _retention_policy='all')

    @pytest.fixture(scope='module')
    def acceptance(tmp_path_factory):
        from tests.models.current_mfe_regressions import radius_acceptance
>       return radius_acceptance(tmp_path_factory.mktemp('wi051')/'acceptance',H)
               ^^^^^^^^^^^^^^^^^^^^^^^^^^^^^^^^^^^^^^^^^^^^^^^^^^^^^^^^^^^^^^^^^^

tests/models/test_mfe_major_radius.py:137: 
_ _ _ _ _ _ _ _ _ _ _ _ _ _ _ _ _ _ _ _ _ _ _ _ _ _ _ _ _ _ _ _ _ _ _ _ _ _ _ _ 

destination = PosixPath('/tmp/pytest-of-reid/pytest-12808/wi0510/acceptance')
historical = PosixPath('/home/reid/1cfe/fusion-tea/work/active/WI-051_mfe-model-owned-major-radius/implementation')

    def radius_acceptance(destination, historical):
        destination = Path(destination)
        destination.mkdir()
        drivers = destination / 'drivers'
        drivers.mkdir()
        ledger = json.loads((FINANCE_EVIDENCE / 'scalar-ledger.json').read_text())['live_ordinary']
        finance = {row['name'] for row in ledger if row['classification'] == 'changed finance'}
        generation = current_generation()
        before = generation.inventory(generation.PACKAGE)
        # WI-057 (2026-09-13): the drivers read the frozen evidence and the package under the new names.
        forward, _ = structure_ledger()
        translated, modules = translate_frozen_radius_evidence(Path(historical), destination, forward)
        # Current economic expectations are independently recomputed; baseline arithmetic may
        # differ by roundoff. This is a bounded tolerance, never omission of these comparisons.
        finance |= restate_wi040_radius_costs(translated)
        for name in ('native', 'direct', 'standalone', 'cli_checks'):
            text = (historical / (name + '.py')).read_text()
            if "Path(__file__).resolve().parent.parent/'prototype'" in text:
                text = replace_once(text, "Path(__file__).resolve().parent.parent/'prototype'", f'Path({str(translated)!r})')
            text = text.replace('Path(__file__).resolve().parent', f'Path({str(historical)!r})')
            if name in ('native', 'direct'):
                text = text.replace("P+'R'", "P+'plasma__R'")
            if name == 'native':
                text = replace_once(text, 'bridge.build(change)', f'bridge.build({WI059_REPLAY!r} | change)')
                text = replace_once(text, "'entering-package/contracts/model_contract.json'", repr(str(translated / 'entering-package/contracts/model_contract.json')))
                text = replace_once(text, "delta['added']==[]",
                                    f"{{x[1] for x in delta['added']}}=={WI040_PARAMETERS | WI038_PARAMETERS | WI058_PARAMETERS | WI059_PARAMETERS | WI059_NATIVE_ONLY_PARAMETERS | WI060_PARAMETERS | WI061_PARAMETERS!r}")
                # WI-058: evaluate R14 at the R-form's length (see K_COIL_RETIRED) so the frozen row stays exact.
                text = replace_once(text, "('R14',{P+'plasma__R':14.0})",
                                    f"('R14',{{P+'plasma__R':14.0,P+'magnet__coil__c_coil_ref':{K_COIL_RETIRED * 14.0!r}}})")
            if name == 'standalone':
                # WI-058: the winding length no longer takes R0 -- its R0-only check leaves the replay (its bore
                # response is tested in test_winding_length_bore.py); the other three magnet calcs keep theirs.
                text = replace_once(text, "('coil_length','mfe_magnet_field','coil_winding_length','Coil_Winding_Length',14/12.7),", '')
                for suffix in ('field_calc', 'stored_energy', 'magnet_cost'):
                    text = replace_once(text, f"('{suffix}',", f"('{modules[suffix]}',")
            if name == 'native':
                text = replace_once(text, "a['outputs'][k]==v if name=='baseline'", f"a['outputs'][k]==v if name=='baseline' and k not in {finance!r}")
                text = replace_once(text,
                    "    assert component[name].get('B_peak',component[name].get('error'))==row.get('B_peak',row.get('error'))",
                    "    if name == 'valid':\n"
                    "        assert component[name]['B_peak'] == row['B_peak']\n"
                    "    else:\n"
                    "        assert component[name]['error'] == 'ValueError'\n"
                    "        domain = 'reference' if name.startswith('reference') else 'live'\n"
                    "        assert domain + ' clearance' in component[name]['message']")
            if name == 'direct':
                text = replace_once(text, 'values.update(change)', f'values.update({WI059_REPLAY!r} | change)')
                # WI-058: evaluate R14 at the R-form's length (see K_COIL_RETIRED) so the frozen row stays exact.
                text = replace_once(text, "'R14':{P+'plasma__R':14.0,",
                                    f"'R14':{{P+'plasma__R':14.0,P+'magnet__coil__c_coil_ref':{K_COIL_RETIRED * 14.0!r},")
                text = replace_once(text, "if name=='baseline' or not isinstance(v,(int,float)):",
                                    f"if (name=='baseline' and k not in {finance!r}) or not isinstance(v,(int,float)):")
                text = replace_once(text, "scalar[k]==v if name=='baseline'", f"scalar[k]==v if name=='baseline' and k not in {finance!r}")
                # WI-053 read the magnet clearance refusal (ValueError) first at three invalid radii. WI-057
                # (2026-09-13): the calcs live on their parts and the regenerated pipeline executes the plasma's
                # sustainment module before the magnet's peak-field module. At the coil-centre and R3 radii the first
                # refusal is the plasma's deliberate SustainmentError (accepted: a different deliberate rejection).
                # At the negative radius it is an incidental TypeError inside plasma__sustain -- an UNRESOLVED
                # regression of the diagnostic, documented here, not repaired (goal structural-decomposition
                # trail, Amendment 2026-09-13; a deliberate non-positive-radius refusal is a model item). The
                # clearance check itself is unchanged and still refuses when reached
                # (test_peak_component_preserves_valid_and_rejects_invalid_domains).
                text = replace_once(text,
                    "classes=['SustainmentError','ZeroDivisionError','SustainmentError','ZeroDivisionError','TypeError']",
                    "classes=['SustainmentError','SustainmentError','SustainmentError','ZeroDivisionError','TypeError']")
            driver = drivers / (name + '.py')
            driver.write_text(text)
            command = [str(ROOT / '.codex-test/run'), 'bash', '-c',
                       'export PYTHONPATH="$PWD:$STOP_PARSER_TEAX_ROOT/packages/teax-simkit" STUDY_REQUIRE_TEAX=1; exec .codex-test/run python "$@"',
                       'current-mfe', str(driver), str(destination)]
            result = subprocess.run(command, cwd=ROOT, capture_output=True, text=True)
            (destination / (name + '.log')).write_text(result.stdout + result.stderr)
>           assert result.returncode == 0, f'{name} failed: {destination / (name + ".log")}'
                   ^^^^^^^^^^^^^^^^^^^^^^
E           AssertionError: native failed: /tmp/pytest-of-reid/pytest-12808/wi0510/acceptance/native.log

tests/models/current_mfe_regressions.py:352: AssertionError
_________ ERROR at setup of test_retired_radius_refused[equal-helper] __________

tmp_path_factory = TempPathFactory(_given_basetemp=None, _trace=<pluggy._tracing.TagTracerSub object at 0x7da6d9ef0c20>, _basetemp=PosixPath('/tmp/pytest-of-reid/pytest-12808'), _retention_count=3, _retention_policy='all')

    @pytest.fixture(scope='module')
    def acceptance(tmp_path_factory):
        from tests.models.current_mfe_regressions import radius_acceptance
>       return radius_acceptance(tmp_path_factory.mktemp('wi051')/'acceptance',H)
               ^^^^^^^^^^^^^^^^^^^^^^^^^^^^^^^^^^^^^^^^^^^^^^^^^^^^^^^^^^^^^^^^^^

tests/models/test_mfe_major_radius.py:137: 
_ _ _ _ _ _ _ _ _ _ _ _ _ _ _ _ _ _ _ _ _ _ _ _ _ _ _ _ _ _ _ _ _ _ _ _ _ _ _ _ 

destination = PosixPath('/tmp/pytest-of-reid/pytest-12808/wi0510/acceptance')
historical = PosixPath('/home/reid/1cfe/fusion-tea/work/active/WI-051_mfe-model-owned-major-radius/implementation')

    def radius_acceptance(destination, historical):
        destination = Path(destination)
        destination.mkdir()
        drivers = destination / 'drivers'
        drivers.mkdir()
        ledger = json.loads((FINANCE_EVIDENCE / 'scalar-ledger.json').read_text())['live_ordinary']
        finance = {row['name'] for row in ledger if row['classification'] == 'changed finance'}
        generation = current_generation()
        before = generation.inventory(generation.PACKAGE)
        # WI-057 (2026-09-13): the drivers read the frozen evidence and the package under the new names.
        forward, _ = structure_ledger()
        translated, modules = translate_frozen_radius_evidence(Path(historical), destination, forward)
        # Current economic expectations are independently recomputed; baseline arithmetic may
        # differ by roundoff. This is a bounded tolerance, never omission of these comparisons.
        finance |= restate_wi040_radius_costs(translated)
        for name in ('native', 'direct', 'standalone', 'cli_checks'):
            text = (historical / (name + '.py')).read_text()
            if "Path(__file__).resolve().parent.parent/'prototype'" in text:
                text = replace_once(text, "Path(__file__).resolve().parent.parent/'prototype'", f'Path({str(translated)!r})')
            text = text.replace('Path(__file__).resolve().parent', f'Path({str(historical)!r})')
            if name in ('native', 'direct'):
                text = text.replace("P+'R'", "P+'plasma__R'")
            if name == 'native':
                text = replace_once(text, 'bridge.build(change)', f'bridge.build({WI059_REPLAY!r} | change)')
                text = replace_once(text, "'entering-package/contracts/model_contract.json'", repr(str(translated / 'entering-package/contracts/model_contract.json')))
                text = replace_once(text, "delta['added']==[]",
                                    f"{{x[1] for x in delta['added']}}=={WI040_PARAMETERS | WI038_PARAMETERS | WI058_PARAMETERS | WI059_PARAMETERS | WI059_NATIVE_ONLY_PARAMETERS | WI060_PARAMETERS | WI061_PARAMETERS!r}")
                # WI-058: evaluate R14 at the R-form's length (see K_COIL_RETIRED) so the frozen row stays exact.
                text = replace_once(text, "('R14',{P+'plasma__R':14.0})",
                                    f"('R14',{{P+'plasma__R':14.0,P+'magnet__coil__c_coil_ref':{K_COIL_RETIRED * 14.0!r}}})")
            if name == 'standalone':
                # WI-058: the winding length no longer takes R0 -- its R0-only check leaves the replay (its bore
                # response is tested in test_winding_length_bore.py); the other three magnet calcs keep theirs.
                text = replace_once(text, "('coil_length','mfe_magnet_field','coil_winding_length','Coil_Winding_Length',14/12.7),", '')
                for suffix in ('field_calc', 'stored_energy', 'magnet_cost'):
                    text = replace_once(text, f"('{suffix}',", f"('{modules[suffix]}',")
            if name == 'native':
                text = replace_once(text, "a['outputs'][k]==v if name=='baseline'", f"a['outputs'][k]==v if name=='baseline' and k not in {finance!r}")
                text = replace_once(text,
                    "    assert component[name].get('B_peak',component[name].get('error'))==row.get('B_peak',row.get('error'))",
                    "    if name == 'valid':\n"
                    "        assert component[name]['B_peak'] == row['B_peak']\n"
                    "    else:\n"
                    "        assert component[name]['error'] == 'ValueError'\n"
                    "        domain = 'reference' if name.startswith('reference') else 'live'\n"
                    "        assert domain + ' clearance' in component[name]['message']")
            if name == 'direct':
                text = replace_once(text, 'values.update(change)', f'values.update({WI059_REPLAY!r} | change)')
                # WI-058: evaluate R14 at the R-form's length (see K_COIL_RETIRED) so the frozen row stays exact.
                text = replace_once(text, "'R14':{P+'plasma__R':14.0,",
                                    f"'R14':{{P+'plasma__R':14.0,P+'magnet__coil__c_coil_ref':{K_COIL_RETIRED * 14.0!r},")
                text = replace_once(text, "if name=='baseline' or not isinstance(v,(int,float)):",
                                    f"if (name=='baseline' and k not in {finance!r}) or not isinstance(v,(int,float)):")
                text = replace_once(text, "scalar[k]==v if name=='baseline'", f"scalar[k]==v if name=='baseline' and k not in {finance!r}")
                # WI-053 read the magnet clearance refusal (ValueError) first at three invalid radii. WI-057
                # (2026-09-13): the calcs live on their parts and the regenerated pipeline executes the plasma's
                # sustainment module before the magnet's peak-field module. At the coil-centre and R3 radii the first
                # refusal is the plasma's deliberate SustainmentError (accepted: a different deliberate rejection).
                # At the negative radius it is an incidental TypeError inside plasma__sustain -- an UNRESOLVED
                # regression of the diagnostic, documented here, not repaired (goal structural-decomposition
                # trail, Amendment 2026-09-13; a deliberate non-positive-radius refusal is a model item). The
                # clearance check itself is unchanged and still refuses when reached
                # (test_peak_component_preserves_valid_and_rejects_invalid_domains).
                text = replace_once(text,
                    "classes=['SustainmentError','ZeroDivisionError','SustainmentError','ZeroDivisionError','TypeError']",
                    "classes=['SustainmentError','SustainmentError','SustainmentError','ZeroDivisionError','TypeError']")
            driver = drivers / (name + '.py')
            driver.write_text(text)
            command = [str(ROOT / '.codex-test/run'), 'bash', '-c',
                       'export PYTHONPATH="$PWD:$STOP_PARSER_TEAX_ROOT/packages/teax-simkit" STUDY_REQUIRE_TEAX=1; exec .codex-test/run python "$@"',
                       'current-mfe', str(driver), str(destination)]
            result = subprocess.run(command, cwd=ROOT, capture_output=True, text=True)
            (destination / (name + '.log')).write_text(result.stdout + result.stderr)
>           assert result.returncode == 0, f'{name} failed: {destination / (name + ".log")}'
                   ^^^^^^^^^^^^^^^^^^^^^^
E           AssertionError: native failed: /tmp/pytest-of-reid/pytest-12808/wi0510/acceptance/native.log

tests/models/current_mfe_regressions.py:352: AssertionError
_________ ERROR at setup of test_retired_radius_refused[equal-single] __________

tmp_path_factory = TempPathFactory(_given_basetemp=None, _trace=<pluggy._tracing.TagTracerSub object at 0x7da6d9ef0c20>, _basetemp=PosixPath('/tmp/pytest-of-reid/pytest-12808'), _retention_count=3, _retention_policy='all')

    @pytest.fixture(scope='module')
    def acceptance(tmp_path_factory):
        from tests.models.current_mfe_regressions import radius_acceptance
>       return radius_acceptance(tmp_path_factory.mktemp('wi051')/'acceptance',H)
               ^^^^^^^^^^^^^^^^^^^^^^^^^^^^^^^^^^^^^^^^^^^^^^^^^^^^^^^^^^^^^^^^^^

tests/models/test_mfe_major_radius.py:137: 
_ _ _ _ _ _ _ _ _ _ _ _ _ _ _ _ _ _ _ _ _ _ _ _ _ _ _ _ _ _ _ _ _ _ _ _ _ _ _ _ 

destination = PosixPath('/tmp/pytest-of-reid/pytest-12808/wi0510/acceptance')
historical = PosixPath('/home/reid/1cfe/fusion-tea/work/active/WI-051_mfe-model-owned-major-radius/implementation')

    def radius_acceptance(destination, historical):
        destination = Path(destination)
        destination.mkdir()
        drivers = destination / 'drivers'
        drivers.mkdir()
        ledger = json.loads((FINANCE_EVIDENCE / 'scalar-ledger.json').read_text())['live_ordinary']
        finance = {row['name'] for row in ledger if row['classification'] == 'changed finance'}
        generation = current_generation()
        before = generation.inventory(generation.PACKAGE)
        # WI-057 (2026-09-13): the drivers read the frozen evidence and the package under the new names.
        forward, _ = structure_ledger()
        translated, modules = translate_frozen_radius_evidence(Path(historical), destination, forward)
        # Current economic expectations are independently recomputed; baseline arithmetic may
        # differ by roundoff. This is a bounded tolerance, never omission of these comparisons.
        finance |= restate_wi040_radius_costs(translated)
        for name in ('native', 'direct', 'standalone', 'cli_checks'):
            text = (historical / (name + '.py')).read_text()
            if "Path(__file__).resolve().parent.parent/'prototype'" in text:
                text = replace_once(text, "Path(__file__).resolve().parent.parent/'prototype'", f'Path({str(translated)!r})')
            text = text.replace('Path(__file__).resolve().parent', f'Path({str(historical)!r})')
            if name in ('native', 'direct'):
                text = text.replace("P+'R'", "P+'plasma__R'")
            if name == 'native':
                text = replace_once(text, 'bridge.build(change)', f'bridge.build({WI059_REPLAY!r} | change)')
                text = replace_once(text, "'entering-package/contracts/model_contract.json'", repr(str(translated / 'entering-package/contracts/model_contract.json')))
                text = replace_once(text, "delta['added']==[]",
                                    f"{{x[1] for x in delta['added']}}=={WI040_PARAMETERS | WI038_PARAMETERS | WI058_PARAMETERS | WI059_PARAMETERS | WI059_NATIVE_ONLY_PARAMETERS | WI060_PARAMETERS | WI061_PARAMETERS!r}")
                # WI-058: evaluate R14 at the R-form's length (see K_COIL_RETIRED) so the frozen row stays exact.
                text = replace_once(text, "('R14',{P+'plasma__R':14.0})",
                                    f"('R14',{{P+'plasma__R':14.0,P+'magnet__coil__c_coil_ref':{K_COIL_RETIRED * 14.0!r}}})")
            if name == 'standalone':
                # WI-058: the winding length no longer takes R0 -- its R0-only check leaves the replay (its bore
                # response is tested in test_winding_length_bore.py); the other three magnet calcs keep theirs.
                text = replace_once(text, "('coil_length','mfe_magnet_field','coil_winding_length','Coil_Winding_Length',14/12.7),", '')
                for suffix in ('field_calc', 'stored_energy', 'magnet_cost'):
                    text = replace_once(text, f"('{suffix}',", f"('{modules[suffix]}',")
            if name == 'native':
                text = replace_once(text, "a['outputs'][k]==v if name=='baseline'", f"a['outputs'][k]==v if name=='baseline' and k not in {finance!r}")
                text = replace_once(text,
                    "    assert component[name].get('B_peak',component[name].get('error'))==row.get('B_peak',row.get('error'))",
                    "    if name == 'valid':\n"
                    "        assert component[name]['B_peak'] == row['B_peak']\n"
                    "    else:\n"
                    "        assert component[name]['error'] == 'ValueError'\n"
                    "        domain = 'reference' if name.startswith('reference') else 'live'\n"
                    "        assert domain + ' clearance' in component[name]['message']")
            if name == 'direct':
                text = replace_once(text, 'values.update(change)', f'values.update({WI059_REPLAY!r} | change)')
                # WI-058: evaluate R14 at the R-form's length (see K_COIL_RETIRED) so the frozen row stays exact.
                text = replace_once(text, "'R14':{P+'plasma__R':14.0,",
                                    f"'R14':{{P+'plasma__R':14.0,P+'magnet__coil__c_coil_ref':{K_COIL_RETIRED * 14.0!r},")
                text = replace_once(text, "if name=='baseline' or not isinstance(v,(int,float)):",
                                    f"if (name=='baseline' and k not in {finance!r}) or not isinstance(v,(int,float)):")
                text = replace_once(text, "scalar[k]==v if name=='baseline'", f"scalar[k]==v if name=='baseline' and k not in {finance!r}")
                # WI-053 read the magnet clearance refusal (ValueError) first at three invalid radii. WI-057
                # (2026-09-13): the calcs live on their parts and the regenerated pipeline executes the plasma's
                # sustainment module before the magnet's peak-field module. At the coil-centre and R3 radii the first
                # refusal is the plasma's deliberate SustainmentError (accepted: a different deliberate rejection).
                # At the negative radius it is an incidental TypeError inside plasma__sustain -- an UNRESOLVED
                # regression of the diagnostic, documented here, not repaired (goal structural-decomposition
                # trail, Amendment 2026-09-13; a deliberate non-positive-radius refusal is a model item). The
                # clearance check itself is unchanged and still refuses when reached
                # (test_peak_component_preserves_valid_and_rejects_invalid_domains).
                text = replace_once(text,
                    "classes=['SustainmentError','ZeroDivisionError','SustainmentError','ZeroDivisionError','TypeError']",
                    "classes=['SustainmentError','SustainmentError','SustainmentError','ZeroDivisionError','TypeError']")
            driver = drivers / (name + '.py')
            driver.write_text(text)
            command = [str(ROOT / '.codex-test/run'), 'bash', '-c',
                       'export PYTHONPATH="$PWD:$STOP_PARSER_TEAX_ROOT/packages/teax-simkit" STUDY_REQUIRE_TEAX=1; exec .codex-test/run python "$@"',
                       'current-mfe', str(driver), str(destination)]
            result = subprocess.run(command, cwd=ROOT, capture_output=True, text=True)
            (destination / (name + '.log')).write_text(result.stdout + result.stderr)
>           assert result.returncode == 0, f'{name} failed: {destination / (name + ".log")}'
                   ^^^^^^^^^^^^^^^^^^^^^^
E           AssertionError: native failed: /tmp/pytest-of-reid/pytest-12808/wi0510/acceptance/native.log

tests/models/current_mfe_regressions.py:352: AssertionError
___________ ERROR at setup of test_retired_radius_refused[equal-cli] ___________

tmp_path_factory = TempPathFactory(_given_basetemp=None, _trace=<pluggy._tracing.TagTracerSub object at 0x7da6d9ef0c20>, _basetemp=PosixPath('/tmp/pytest-of-reid/pytest-12808'), _retention_count=3, _retention_policy='all')

    @pytest.fixture(scope='module')
    def acceptance(tmp_path_factory):
        from tests.models.current_mfe_regressions import radius_acceptance
>       return radius_acceptance(tmp_path_factory.mktemp('wi051')/'acceptance',H)
               ^^^^^^^^^^^^^^^^^^^^^^^^^^^^^^^^^^^^^^^^^^^^^^^^^^^^^^^^^^^^^^^^^^

tests/models/test_mfe_major_radius.py:137: 
_ _ _ _ _ _ _ _ _ _ _ _ _ _ _ _ _ _ _ _ _ _ _ _ _ _ _ _ _ _ _ _ _ _ _ _ _ _ _ _ 

destination = PosixPath('/tmp/pytest-of-reid/pytest-12808/wi0510/acceptance')
historical = PosixPath('/home/reid/1cfe/fusion-tea/work/active/WI-051_mfe-model-owned-major-radius/implementation')

    def radius_acceptance(destination, historical):
        destination = Path(destination)
        destination.mkdir()
        drivers = destination / 'drivers'
        drivers.mkdir()
        ledger = json.loads((FINANCE_EVIDENCE / 'scalar-ledger.json').read_text())['live_ordinary']
        finance = {row['name'] for row in ledger if row['classification'] == 'changed finance'}
        generation = current_generation()
        before = generation.inventory(generation.PACKAGE)
        # WI-057 (2026-09-13): the drivers read the frozen evidence and the package under the new names.
        forward, _ = structure_ledger()
        translated, modules = translate_frozen_radius_evidence(Path(historical), destination, forward)
        # Current economic expectations are independently recomputed; baseline arithmetic may
        # differ by roundoff. This is a bounded tolerance, never omission of these comparisons.
        finance |= restate_wi040_radius_costs(translated)
        for name in ('native', 'direct', 'standalone', 'cli_checks'):
            text = (historical / (name + '.py')).read_text()
            if "Path(__file__).resolve().parent.parent/'prototype'" in text:
                text = replace_once(text, "Path(__file__).resolve().parent.parent/'prototype'", f'Path({str(translated)!r})')
            text = text.replace('Path(__file__).resolve().parent', f'Path({str(historical)!r})')
            if name in ('native', 'direct'):
                text = text.replace("P+'R'", "P+'plasma__R'")
            if name == 'native':
                text = replace_once(text, 'bridge.build(change)', f'bridge.build({WI059_REPLAY!r} | change)')
                text = replace_once(text, "'entering-package/contracts/model_contract.json'", repr(str(translated / 'entering-package/contracts/model_contract.json')))
                text = replace_once(text, "delta['added']==[]",
                                    f"{{x[1] for x in delta['added']}}=={WI040_PARAMETERS | WI038_PARAMETERS | WI058_PARAMETERS | WI059_PARAMETERS | WI059_NATIVE_ONLY_PARAMETERS | WI060_PARAMETERS | WI061_PARAMETERS!r}")
                # WI-058: evaluate R14 at the R-form's length (see K_COIL_RETIRED) so the frozen row stays exact.
                text = replace_once(text, "('R14',{P+'plasma__R':14.0})",
                                    f"('R14',{{P+'plasma__R':14.0,P+'magnet__coil__c_coil_ref':{K_COIL_RETIRED * 14.0!r}}})")
            if name == 'standalone':
                # WI-058: the winding length no longer takes R0 -- its R0-only check leaves the replay (its bore
                # response is tested in test_winding_length_bore.py); the other three magnet calcs keep theirs.
                text = replace_once(text, "('coil_length','mfe_magnet_field','coil_winding_length','Coil_Winding_Length',14/12.7),", '')
                for suffix in ('field_calc', 'stored_energy', 'magnet_cost'):
                    text = replace_once(text, f"('{suffix}',", f"('{modules[suffix]}',")
            if name == 'native':
                text = replace_once(text, "a['outputs'][k]==v if name=='baseline'", f"a['outputs'][k]==v if name=='baseline' and k not in {finance!r}")
                text = replace_once(text,
                    "    assert component[name].get('B_peak',component[name].get('error'))==row.get('B_peak',row.get('error'))",
                    "    if name == 'valid':\n"
                    "        assert component[name]['B_peak'] == row['B_peak']\n"
                    "    else:\n"
                    "        assert component[name]['error'] == 'ValueError'\n"
                    "        domain = 'reference' if name.startswith('reference') else 'live'\n"
                    "        assert domain + ' clearance' in component[name]['message']")
            if name == 'direct':
                text = replace_once(text, 'values.update(change)', f'values.update({WI059_REPLAY!r} | change)')
                # WI-058: evaluate R14 at the R-form's length (see K_COIL_RETIRED) so the frozen row stays exact.
                text = replace_once(text, "'R14':{P+'plasma__R':14.0,",
                                    f"'R14':{{P+'plasma__R':14.0,P+'magnet__coil__c_coil_ref':{K_COIL_RETIRED * 14.0!r},")
                text = replace_once(text, "if name=='baseline' or not isinstance(v,(int,float)):",
                                    f"if (name=='baseline' and k not in {finance!r}) or not isinstance(v,(int,float)):")
                text = replace_once(text, "scalar[k]==v if name=='baseline'", f"scalar[k]==v if name=='baseline' and k not in {finance!r}")
                # WI-053 read the magnet clearance refusal (ValueError) first at three invalid radii. WI-057
                # (2026-09-13): the calcs live on their parts and the regenerated pipeline executes the plasma's
                # sustainment module before the magnet's peak-field module. At the coil-centre and R3 radii the first
                # refusal is the plasma's deliberate SustainmentError (accepted: a different deliberate rejection).
                # At the negative radius it is an incidental TypeError inside plasma__sustain -- an UNRESOLVED
                # regression of the diagnostic, documented here, not repaired (goal structural-decomposition
                # trail, Amendment 2026-09-13; a deliberate non-positive-radius refusal is a model item). The
                # clearance check itself is unchanged and still refuses when reached
                # (test_peak_component_preserves_valid_and_rejects_invalid_domains).
                text = replace_once(text,
                    "classes=['SustainmentError','ZeroDivisionError','SustainmentError','ZeroDivisionError','TypeError']",
                    "classes=['SustainmentError','SustainmentError','SustainmentError','ZeroDivisionError','TypeError']")
            driver = drivers / (name + '.py')
            driver.write_text(text)
            command = [str(ROOT / '.codex-test/run'), 'bash', '-c',
                       'export PYTHONPATH="$PWD:$STOP_PARSER_TEAX_ROOT/packages/teax-simkit" STUDY_REQUIRE_TEAX=1; exec .codex-test/run python "$@"',
                       'current-mfe', str(driver), str(destination)]
            result = subprocess.run(command, cwd=ROOT, capture_output=True, text=True)
            (destination / (name + '.log')).write_text(result.stdout + result.stderr)
>           assert result.returncode == 0, f'{name} failed: {destination / (name + ".log")}'
                   ^^^^^^^^^^^^^^^^^^^^^^
E           AssertionError: native failed: /tmp/pytest-of-reid/pytest-12808/wi0510/acceptance/native.log

tests/models/current_mfe_regressions.py:352: AssertionError
______ ERROR at setup of test_retired_radius_refused[conflicting-native] _______

tmp_path_factory = TempPathFactory(_given_basetemp=None, _trace=<pluggy._tracing.TagTracerSub object at 0x7da6d9ef0c20>, _basetemp=PosixPath('/tmp/pytest-of-reid/pytest-12808'), _retention_count=3, _retention_policy='all')

    @pytest.fixture(scope='module')
    def acceptance(tmp_path_factory):
        from tests.models.current_mfe_regressions import radius_acceptance
>       return radius_acceptance(tmp_path_factory.mktemp('wi051')/'acceptance',H)
               ^^^^^^^^^^^^^^^^^^^^^^^^^^^^^^^^^^^^^^^^^^^^^^^^^^^^^^^^^^^^^^^^^^

tests/models/test_mfe_major_radius.py:137: 
_ _ _ _ _ _ _ _ _ _ _ _ _ _ _ _ _ _ _ _ _ _ _ _ _ _ _ _ _ _ _ _ _ _ _ _ _ _ _ _ 

destination = PosixPath('/tmp/pytest-of-reid/pytest-12808/wi0510/acceptance')
historical = PosixPath('/home/reid/1cfe/fusion-tea/work/active/WI-051_mfe-model-owned-major-radius/implementation')

    def radius_acceptance(destination, historical):
        destination = Path(destination)
        destination.mkdir()
        drivers = destination / 'drivers'
        drivers.mkdir()
        ledger = json.loads((FINANCE_EVIDENCE / 'scalar-ledger.json').read_text())['live_ordinary']
        finance = {row['name'] for row in ledger if row['classification'] == 'changed finance'}
        generation = current_generation()
        before = generation.inventory(generation.PACKAGE)
        # WI-057 (2026-09-13): the drivers read the frozen evidence and the package under the new names.
        forward, _ = structure_ledger()
        translated, modules = translate_frozen_radius_evidence(Path(historical), destination, forward)
        # Current economic expectations are independently recomputed; baseline arithmetic may
        # differ by roundoff. This is a bounded tolerance, never omission of these comparisons.
        finance |= restate_wi040_radius_costs(translated)
        for name in ('native', 'direct', 'standalone', 'cli_checks'):
            text = (historical / (name + '.py')).read_text()
            if "Path(__file__).resolve().parent.parent/'prototype'" in text:
                text = replace_once(text, "Path(__file__).resolve().parent.parent/'prototype'", f'Path({str(translated)!r})')
            text = text.replace('Path(__file__).resolve().parent', f'Path({str(historical)!r})')
            if name in ('native', 'direct'):
                text = text.replace("P+'R'", "P+'plasma__R'")
            if name == 'native':
                text = replace_once(text, 'bridge.build(change)', f'bridge.build({WI059_REPLAY!r} | change)')
                text = replace_once(text, "'entering-package/contracts/model_contract.json'", repr(str(translated / 'entering-package/contracts/model_contract.json')))
                text = replace_once(text, "delta['added']==[]",
                                    f"{{x[1] for x in delta['added']}}=={WI040_PARAMETERS | WI038_PARAMETERS | WI058_PARAMETERS | WI059_PARAMETERS | WI059_NATIVE_ONLY_PARAMETERS | WI060_PARAMETERS | WI061_PARAMETERS!r}")
                # WI-058: evaluate R14 at the R-form's length (see K_COIL_RETIRED) so the frozen row stays exact.
                text = replace_once(text, "('R14',{P+'plasma__R':14.0})",
                                    f"('R14',{{P+'plasma__R':14.0,P+'magnet__coil__c_coil_ref':{K_COIL_RETIRED * 14.0!r}}})")
            if name == 'standalone':
                # WI-058: the winding length no longer takes R0 -- its R0-only check leaves the replay (its bore
                # response is tested in test_winding_length_bore.py); the other three magnet calcs keep theirs.
                text = replace_once(text, "('coil_length','mfe_magnet_field','coil_winding_length','Coil_Winding_Length',14/12.7),", '')
                for suffix in ('field_calc', 'stored_energy', 'magnet_cost'):
                    text = replace_once(text, f"('{suffix}',", f"('{modules[suffix]}',")
            if name == 'native':
                text = replace_once(text, "a['outputs'][k]==v if name=='baseline'", f"a['outputs'][k]==v if name=='baseline' and k not in {finance!r}")
                text = replace_once(text,
                    "    assert component[name].get('B_peak',component[name].get('error'))==row.get('B_peak',row.get('error'))",
                    "    if name == 'valid':\n"
                    "        assert component[name]['B_peak'] == row['B_peak']\n"
                    "    else:\n"
                    "        assert component[name]['error'] == 'ValueError'\n"
                    "        domain = 'reference' if name.startswith('reference') else 'live'\n"
                    "        assert domain + ' clearance' in component[name]['message']")
            if name == 'direct':
                text = replace_once(text, 'values.update(change)', f'values.update({WI059_REPLAY!r} | change)')
                # WI-058: evaluate R14 at the R-form's length (see K_COIL_RETIRED) so the frozen row stays exact.
                text = replace_once(text, "'R14':{P+'plasma__R':14.0,",
                                    f"'R14':{{P+'plasma__R':14.0,P+'magnet__coil__c_coil_ref':{K_COIL_RETIRED * 14.0!r},")
                text = replace_once(text, "if name=='baseline' or not isinstance(v,(int,float)):",
                                    f"if (name=='baseline' and k not in {finance!r}) or not isinstance(v,(int,float)):")
                text = replace_once(text, "scalar[k]==v if name=='baseline'", f"scalar[k]==v if name=='baseline' and k not in {finance!r}")
                # WI-053 read the magnet clearance refusal (ValueError) first at three invalid radii. WI-057
                # (2026-09-13): the calcs live on their parts and the regenerated pipeline executes the plasma's
                # sustainment module before the magnet's peak-field module. At the coil-centre and R3 radii the first
                # refusal is the plasma's deliberate SustainmentError (accepted: a different deliberate rejection).
                # At the negative radius it is an incidental TypeError inside plasma__sustain -- an UNRESOLVED
                # regression of the diagnostic, documented here, not repaired (goal structural-decomposition
                # trail, Amendment 2026-09-13; a deliberate non-positive-radius refusal is a model item). The
                # clearance check itself is unchanged and still refuses when reached
                # (test_peak_component_preserves_valid_and_rejects_invalid_domains).
                text = replace_once(text,
                    "classes=['SustainmentError','ZeroDivisionError','SustainmentError','ZeroDivisionError','TypeError']",
                    "classes=['SustainmentError','SustainmentError','SustainmentError','ZeroDivisionError','TypeError']")
            driver = drivers / (name + '.py')
            driver.write_text(text)
            command = [str(ROOT / '.codex-test/run'), 'bash', '-c',
                       'export PYTHONPATH="$PWD:$STOP_PARSER_TEAX_ROOT/packages/teax-simkit" STUDY_REQUIRE_TEAX=1; exec .codex-test/run python "$@"',
                       'current-mfe', str(driver), str(destination)]
            result = subprocess.run(command, cwd=ROOT, capture_output=True, text=True)
            (destination / (name + '.log')).write_text(result.stdout + result.stderr)
>           assert result.returncode == 0, f'{name} failed: {destination / (name + ".log")}'
                   ^^^^^^^^^^^^^^^^^^^^^^
E           AssertionError: native failed: /tmp/pytest-of-reid/pytest-12808/wi0510/acceptance/native.log

tests/models/current_mfe_regressions.py:352: AssertionError
______ ERROR at setup of test_retired_radius_refused[conflicting-schema] _______

tmp_path_factory = TempPathFactory(_given_basetemp=None, _trace=<pluggy._tracing.TagTracerSub object at 0x7da6d9ef0c20>, _basetemp=PosixPath('/tmp/pytest-of-reid/pytest-12808'), _retention_count=3, _retention_policy='all')

    @pytest.fixture(scope='module')
    def acceptance(tmp_path_factory):
        from tests.models.current_mfe_regressions import radius_acceptance
>       return radius_acceptance(tmp_path_factory.mktemp('wi051')/'acceptance',H)
               ^^^^^^^^^^^^^^^^^^^^^^^^^^^^^^^^^^^^^^^^^^^^^^^^^^^^^^^^^^^^^^^^^^

tests/models/test_mfe_major_radius.py:137: 
_ _ _ _ _ _ _ _ _ _ _ _ _ _ _ _ _ _ _ _ _ _ _ _ _ _ _ _ _ _ _ _ _ _ _ _ _ _ _ _ 

destination = PosixPath('/tmp/pytest-of-reid/pytest-12808/wi0510/acceptance')
historical = PosixPath('/home/reid/1cfe/fusion-tea/work/active/WI-051_mfe-model-owned-major-radius/implementation')

    def radius_acceptance(destination, historical):
        destination = Path(destination)
        destination.mkdir()
        drivers = destination / 'drivers'
        drivers.mkdir()
        ledger = json.loads((FINANCE_EVIDENCE / 'scalar-ledger.json').read_text())['live_ordinary']
        finance = {row['name'] for row in ledger if row['classification'] == 'changed finance'}
        generation = current_generation()
        before = generation.inventory(generation.PACKAGE)
        # WI-057 (2026-09-13): the drivers read the frozen evidence and the package under the new names.
        forward, _ = structure_ledger()
        translated, modules = translate_frozen_radius_evidence(Path(historical), destination, forward)
        # Current economic expectations are independently recomputed; baseline arithmetic may
        # differ by roundoff. This is a bounded tolerance, never omission of these comparisons.
        finance |= restate_wi040_radius_costs(translated)
        for name in ('native', 'direct', 'standalone', 'cli_checks'):
            text = (historical / (name + '.py')).read_text()
            if "Path(__file__).resolve().parent.parent/'prototype'" in text:
                text = replace_once(text, "Path(__file__).resolve().parent.parent/'prototype'", f'Path({str(translated)!r})')
            text = text.replace('Path(__file__).resolve().parent', f'Path({str(historical)!r})')
            if name in ('native', 'direct'):
                text = text.replace("P+'R'", "P+'plasma__R'")
            if name == 'native':
                text = replace_once(text, 'bridge.build(change)', f'bridge.build({WI059_REPLAY!r} | change)')
                text = replace_once(text, "'entering-package/contracts/model_contract.json'", repr(str(translated / 'entering-package/contracts/model_contract.json')))
                text = replace_once(text, "delta['added']==[]",
                                    f"{{x[1] for x in delta['added']}}=={WI040_PARAMETERS | WI038_PARAMETERS | WI058_PARAMETERS | WI059_PARAMETERS | WI059_NATIVE_ONLY_PARAMETERS | WI060_PARAMETERS | WI061_PARAMETERS!r}")
                # WI-058: evaluate R14 at the R-form's length (see K_COIL_RETIRED) so the frozen row stays exact.
                text = replace_once(text, "('R14',{P+'plasma__R':14.0})",
                                    f"('R14',{{P+'plasma__R':14.0,P+'magnet__coil__c_coil_ref':{K_COIL_RETIRED * 14.0!r}}})")
            if name == 'standalone':
                # WI-058: the winding length no longer takes R0 -- its R0-only check leaves the replay (its bore
                # response is tested in test_winding_length_bore.py); the other three magnet calcs keep theirs.
                text = replace_once(text, "('coil_length','mfe_magnet_field','coil_winding_length','Coil_Winding_Length',14/12.7),", '')
                for suffix in ('field_calc', 'stored_energy', 'magnet_cost'):
                    text = replace_once(text, f"('{suffix}',", f"('{modules[suffix]}',")
            if name == 'native':
                text = replace_once(text, "a['outputs'][k]==v if name=='baseline'", f"a['outputs'][k]==v if name=='baseline' and k not in {finance!r}")
                text = replace_once(text,
                    "    assert component[name].get('B_peak',component[name].get('error'))==row.get('B_peak',row.get('error'))",
                    "    if name == 'valid':\n"
                    "        assert component[name]['B_peak'] == row['B_peak']\n"
                    "    else:\n"
                    "        assert component[name]['error'] == 'ValueError'\n"
                    "        domain = 'reference' if name.startswith('reference') else 'live'\n"
                    "        assert domain + ' clearance' in component[name]['message']")
            if name == 'direct':
                text = replace_once(text, 'values.update(change)', f'values.update({WI059_REPLAY!r} | change)')
                # WI-058: evaluate R14 at the R-form's length (see K_COIL_RETIRED) so the frozen row stays exact.
                text = replace_once(text, "'R14':{P+'plasma__R':14.0,",
                                    f"'R14':{{P+'plasma__R':14.0,P+'magnet__coil__c_coil_ref':{K_COIL_RETIRED * 14.0!r},")
                text = replace_once(text, "if name=='baseline' or not isinstance(v,(int,float)):",
                                    f"if (name=='baseline' and k not in {finance!r}) or not isinstance(v,(int,float)):")
                text = replace_once(text, "scalar[k]==v if name=='baseline'", f"scalar[k]==v if name=='baseline' and k not in {finance!r}")
                # WI-053 read the magnet clearance refusal (ValueError) first at three invalid radii. WI-057
                # (2026-09-13): the calcs live on their parts and the regenerated pipeline executes the plasma's
                # sustainment module before the magnet's peak-field module. At the coil-centre and R3 radii the first
                # refusal is the plasma's deliberate SustainmentError (accepted: a different deliberate rejection).
                # At the negative radius it is an incidental TypeError inside plasma__sustain -- an UNRESOLVED
                # regression of the diagnostic, documented here, not repaired (goal structural-decomposition
                # trail, Amendment 2026-09-13; a deliberate non-positive-radius refusal is a model item). The
                # clearance check itself is unchanged and still refuses when reached
                # (test_peak_component_preserves_valid_and_rejects_invalid_domains).
                text = replace_once(text,
                    "classes=['SustainmentError','ZeroDivisionError','SustainmentError','ZeroDivisionError','TypeError']",
                    "classes=['SustainmentError','SustainmentError','SustainmentError','ZeroDivisionError','TypeError']")
            driver = drivers / (name + '.py')
            driver.write_text(text)
            command = [str(ROOT / '.codex-test/run'), 'bash', '-c',
                       'export PYTHONPATH="$PWD:$STOP_PARSER_TEAX_ROOT/packages/teax-simkit" STUDY_REQUIRE_TEAX=1; exec .codex-test/run python "$@"',
                       'current-mfe', str(driver), str(destination)]
            result = subprocess.run(command, cwd=ROOT, capture_output=True, text=True)
            (destination / (name + '.log')).write_text(result.stdout + result.stderr)
>           assert result.returncode == 0, f'{name} failed: {destination / (name + ".log")}'
                   ^^^^^^^^^^^^^^^^^^^^^^
E           AssertionError: native failed: /tmp/pytest-of-reid/pytest-12808/wi0510/acceptance/native.log

tests/models/current_mfe_regressions.py:352: AssertionError
______ ERROR at setup of test_retired_radius_refused[conflicting-helper] _______

tmp_path_factory = TempPathFactory(_given_basetemp=None, _trace=<pluggy._tracing.TagTracerSub object at 0x7da6d9ef0c20>, _basetemp=PosixPath('/tmp/pytest-of-reid/pytest-12808'), _retention_count=3, _retention_policy='all')

    @pytest.fixture(scope='module')
    def acceptance(tmp_path_factory):
        from tests.models.current_mfe_regressions import radius_acceptance
>       return radius_acceptance(tmp_path_factory.mktemp('wi051')/'acceptance',H)
               ^^^^^^^^^^^^^^^^^^^^^^^^^^^^^^^^^^^^^^^^^^^^^^^^^^^^^^^^^^^^^^^^^^

tests/models/test_mfe_major_radius.py:137: 
_ _ _ _ _ _ _ _ _ _ _ _ _ _ _ _ _ _ _ _ _ _ _ _ _ _ _ _ _ _ _ _ _ _ _ _ _ _ _ _ 

destination = PosixPath('/tmp/pytest-of-reid/pytest-12808/wi0510/acceptance')
historical = PosixPath('/home/reid/1cfe/fusion-tea/work/active/WI-051_mfe-model-owned-major-radius/implementation')

    def radius_acceptance(destination, historical):
        destination = Path(destination)
        destination.mkdir()
        drivers = destination / 'drivers'
        drivers.mkdir()
        ledger = json.loads((FINANCE_EVIDENCE / 'scalar-ledger.json').read_text())['live_ordinary']
        finance = {row['name'] for row in ledger if row['classification'] == 'changed finance'}
        generation = current_generation()
        before = generation.inventory(generation.PACKAGE)
        # WI-057 (2026-09-13): the drivers read the frozen evidence and the package under the new names.
        forward, _ = structure_ledger()
        translated, modules = translate_frozen_radius_evidence(Path(historical), destination, forward)
        # Current economic expectations are independently recomputed; baseline arithmetic may
        # differ by roundoff. This is a bounded tolerance, never omission of these comparisons.
        finance |= restate_wi040_radius_costs(translated)
        for name in ('native', 'direct', 'standalone', 'cli_checks'):
            text = (historical / (name + '.py')).read_text()
            if "Path(__file__).resolve().parent.parent/'prototype'" in text:
                text = replace_once(text, "Path(__file__).resolve().parent.parent/'prototype'", f'Path({str(translated)!r})')
            text = text.replace('Path(__file__).resolve().parent', f'Path({str(historical)!r})')
            if name in ('native', 'direct'):
                text = text.replace("P+'R'", "P+'plasma__R'")
            if name == 'native':
                text = replace_once(text, 'bridge.build(change)', f'bridge.build({WI059_REPLAY!r} | change)')
                text = replace_once(text, "'entering-package/contracts/model_contract.json'", repr(str(translated / 'entering-package/contracts/model_contract.json')))
                text = replace_once(text, "delta['added']==[]",
                                    f"{{x[1] for x in delta['added']}}=={WI040_PARAMETERS | WI038_PARAMETERS | WI058_PARAMETERS | WI059_PARAMETERS | WI059_NATIVE_ONLY_PARAMETERS | WI060_PARAMETERS | WI061_PARAMETERS!r}")
                # WI-058: evaluate R14 at the R-form's length (see K_COIL_RETIRED) so the frozen row stays exact.
                text = replace_once(text, "('R14',{P+'plasma__R':14.0})",
                                    f"('R14',{{P+'plasma__R':14.0,P+'magnet__coil__c_coil_ref':{K_COIL_RETIRED * 14.0!r}}})")
            if name == 'standalone':
                # WI-058: the winding length no longer takes R0 -- its R0-only check leaves the replay (its bore
                # response is tested in test_winding_length_bore.py); the other three magnet calcs keep theirs.
                text = replace_once(text, "('coil_length','mfe_magnet_field','coil_winding_length','Coil_Winding_Length',14/12.7),", '')
                for suffix in ('field_calc', 'stored_energy', 'magnet_cost'):
                    text = replace_once(text, f"('{suffix}',", f"('{modules[suffix]}',")
            if name == 'native':
                text = replace_once(text, "a['outputs'][k]==v if name=='baseline'", f"a['outputs'][k]==v if name=='baseline' and k not in {finance!r}")
                text = replace_once(text,
                    "    assert component[name].get('B_peak',component[name].get('error'))==row.get('B_peak',row.get('error'))",
                    "    if name == 'valid':\n"
                    "        assert component[name]['B_peak'] == row['B_peak']\n"
                    "    else:\n"
                    "        assert component[name]['error'] == 'ValueError'\n"
                    "        domain = 'reference' if name.startswith('reference') else 'live'\n"
                    "        assert domain + ' clearance' in component[name]['message']")
            if name == 'direct':
                text = replace_once(text, 'values.update(change)', f'values.update({WI059_REPLAY!r} | change)')
                # WI-058: evaluate R14 at the R-form's length (see K_COIL_RETIRED) so the frozen row stays exact.
                text = replace_once(text, "'R14':{P+'plasma__R':14.0,",
                                    f"'R14':{{P+'plasma__R':14.0,P+'magnet__coil__c_coil_ref':{K_COIL_RETIRED * 14.0!r},")
                text = replace_once(text, "if name=='baseline' or not isinstance(v,(int,float)):",
                                    f"if (name=='baseline' and k not in {finance!r}) or not isinstance(v,(int,float)):")
                text = replace_once(text, "scalar[k]==v if name=='baseline'", f"scalar[k]==v if name=='baseline' and k not in {finance!r}")
                # WI-053 read the magnet clearance refusal (ValueError) first at three invalid radii. WI-057
                # (2026-09-13): the calcs live on their parts and the regenerated pipeline executes the plasma's
                # sustainment module before the magnet's peak-field module. At the coil-centre and R3 radii the first
                # refusal is the plasma's deliberate SustainmentError (accepted: a different deliberate rejection).
                # At the negative radius it is an incidental TypeError inside plasma__sustain -- an UNRESOLVED
                # regression of the diagnostic, documented here, not repaired (goal structural-decomposition
                # trail, Amendment 2026-09-13; a deliberate non-positive-radius refusal is a model item). The
                # clearance check itself is unchanged and still refuses when reached
                # (test_peak_component_preserves_valid_and_rejects_invalid_domains).
                text = replace_once(text,
                    "classes=['SustainmentError','ZeroDivisionError','SustainmentError','ZeroDivisionError','TypeError']",
                    "classes=['SustainmentError','SustainmentError','SustainmentError','ZeroDivisionError','TypeError']")
            driver = drivers / (name + '.py')
            driver.write_text(text)
            command = [str(ROOT / '.codex-test/run'), 'bash', '-c',
                       'export PYTHONPATH="$PWD:$STOP_PARSER_TEAX_ROOT/packages/teax-simkit" STUDY_REQUIRE_TEAX=1; exec .codex-test/run python "$@"',
                       'current-mfe', str(driver), str(destination)]
            result = subprocess.run(command, cwd=ROOT, capture_output=True, text=True)
            (destination / (name + '.log')).write_text(result.stdout + result.stderr)
>           assert result.returncode == 0, f'{name} failed: {destination / (name + ".log")}'
                   ^^^^^^^^^^^^^^^^^^^^^^
E           AssertionError: native failed: /tmp/pytest-of-reid/pytest-12808/wi0510/acceptance/native.log

tests/models/current_mfe_regressions.py:352: AssertionError
______ ERROR at setup of test_retired_radius_refused[conflicting-single] _______

tmp_path_factory = TempPathFactory(_given_basetemp=None, _trace=<pluggy._tracing.TagTracerSub object at 0x7da6d9ef0c20>, _basetemp=PosixPath('/tmp/pytest-of-reid/pytest-12808'), _retention_count=3, _retention_policy='all')

    @pytest.fixture(scope='module')
    def acceptance(tmp_path_factory):
        from tests.models.current_mfe_regressions import radius_acceptance
>       return radius_acceptance(tmp_path_factory.mktemp('wi051')/'acceptance',H)
               ^^^^^^^^^^^^^^^^^^^^^^^^^^^^^^^^^^^^^^^^^^^^^^^^^^^^^^^^^^^^^^^^^^

tests/models/test_mfe_major_radius.py:137: 
_ _ _ _ _ _ _ _ _ _ _ _ _ _ _ _ _ _ _ _ _ _ _ _ _ _ _ _ _ _ _ _ _ _ _ _ _ _ _ _ 

destination = PosixPath('/tmp/pytest-of-reid/pytest-12808/wi0510/acceptance')
historical = PosixPath('/home/reid/1cfe/fusion-tea/work/active/WI-051_mfe-model-owned-major-radius/implementation')

    def radius_acceptance(destination, historical):
        destination = Path(destination)
        destination.mkdir()
        drivers = destination / 'drivers'
        drivers.mkdir()
        ledger = json.loads((FINANCE_EVIDENCE / 'scalar-ledger.json').read_text())['live_ordinary']
        finance = {row['name'] for row in ledger if row['classification'] == 'changed finance'}
        generation = current_generation()
        before = generation.inventory(generation.PACKAGE)
        # WI-057 (2026-09-13): the drivers read the frozen evidence and the package under the new names.
        forward, _ = structure_ledger()
        translated, modules = translate_frozen_radius_evidence(Path(historical), destination, forward)
        # Current economic expectations are independently recomputed; baseline arithmetic may
        # differ by roundoff. This is a bounded tolerance, never omission of these comparisons.
        finance |= restate_wi040_radius_costs(translated)
        for name in ('native', 'direct', 'standalone', 'cli_checks'):
            text = (historical / (name + '.py')).read_text()
            if "Path(__file__).resolve().parent.parent/'prototype'" in text:
                text = replace_once(text, "Path(__file__).resolve().parent.parent/'prototype'", f'Path({str(translated)!r})')
            text = text.replace('Path(__file__).resolve().parent', f'Path({str(historical)!r})')
            if name in ('native', 'direct'):
                text = text.replace("P+'R'", "P+'plasma__R'")
            if name == 'native':
                text = replace_once(text, 'bridge.build(change)', f'bridge.build({WI059_REPLAY!r} | change)')
                text = replace_once(text, "'entering-package/contracts/model_contract.json'", repr(str(translated / 'entering-package/contracts/model_contract.json')))
                text = replace_once(text, "delta['added']==[]",
                                    f"{{x[1] for x in delta['added']}}=={WI040_PARAMETERS | WI038_PARAMETERS | WI058_PARAMETERS | WI059_PARAMETERS | WI059_NATIVE_ONLY_PARAMETERS | WI060_PARAMETERS | WI061_PARAMETERS!r}")
                # WI-058: evaluate R14 at the R-form's length (see K_COIL_RETIRED) so the frozen row stays exact.
                text = replace_once(text, "('R14',{P+'plasma__R':14.0})",
                                    f"('R14',{{P+'plasma__R':14.0,P+'magnet__coil__c_coil_ref':{K_COIL_RETIRED * 14.0!r}}})")
            if name == 'standalone':
                # WI-058: the winding length no longer takes R0 -- its R0-only check leaves the replay (its bore
                # response is tested in test_winding_length_bore.py); the other three magnet calcs keep theirs.
                text = replace_once(text, "('coil_length','mfe_magnet_field','coil_winding_length','Coil_Winding_Length',14/12.7),", '')
                for suffix in ('field_calc', 'stored_energy', 'magnet_cost'):
                    text = replace_once(text, f"('{suffix}',", f"('{modules[suffix]}',")
            if name == 'native':
                text = replace_once(text, "a['outputs'][k]==v if name=='baseline'", f"a['outputs'][k]==v if name=='baseline' and k not in {finance!r}")
                text = replace_once(text,
                    "    assert component[name].get('B_peak',component[name].get('error'))==row.get('B_peak',row.get('error'))",
                    "    if name == 'valid':\n"
                    "        assert component[name]['B_peak'] == row['B_peak']\n"
                    "    else:\n"
                    "        assert component[name]['error'] == 'ValueError'\n"
                    "        domain = 'reference' if name.startswith('reference') else 'live'\n"
                    "        assert domain + ' clearance' in component[name]['message']")
            if name == 'direct':
                text = replace_once(text, 'values.update(change)', f'values.update({WI059_REPLAY!r} | change)')
                # WI-058: evaluate R14 at the R-form's length (see K_COIL_RETIRED) so the frozen row stays exact.
                text = replace_once(text, "'R14':{P+'plasma__R':14.0,",
                                    f"'R14':{{P+'plasma__R':14.0,P+'magnet__coil__c_coil_ref':{K_COIL_RETIRED * 14.0!r},")
                text = replace_once(text, "if name=='baseline' or not isinstance(v,(int,float)):",
                                    f"if (name=='baseline' and k not in {finance!r}) or not isinstance(v,(int,float)):")
                text = replace_once(text, "scalar[k]==v if name=='baseline'", f"scalar[k]==v if name=='baseline' and k not in {finance!r}")
                # WI-053 read the magnet clearance refusal (ValueError) first at three invalid radii. WI-057
                # (2026-09-13): the calcs live on their parts and the regenerated pipeline executes the plasma's
                # sustainment module before the magnet's peak-field module. At the coil-centre and R3 radii the first
                # refusal is the plasma's deliberate SustainmentError (accepted: a different deliberate rejection).
                # At the negative radius it is an incidental TypeError inside plasma__sustain -- an UNRESOLVED
                # regression of the diagnostic, documented here, not repaired (goal structural-decomposition
                # trail, Amendment 2026-09-13; a deliberate non-positive-radius refusal is a model item). The
                # clearance check itself is unchanged and still refuses when reached
                # (test_peak_component_preserves_valid_and_rejects_invalid_domains).
                text = replace_once(text,
                    "classes=['SustainmentError','ZeroDivisionError','SustainmentError','ZeroDivisionError','TypeError']",
                    "classes=['SustainmentError','SustainmentError','SustainmentError','ZeroDivisionError','TypeError']")
            driver = drivers / (name + '.py')
            driver.write_text(text)
            command = [str(ROOT / '.codex-test/run'), 'bash', '-c',
                       'export PYTHONPATH="$PWD:$STOP_PARSER_TEAX_ROOT/packages/teax-simkit" STUDY_REQUIRE_TEAX=1; exec .codex-test/run python "$@"',
                       'current-mfe', str(driver), str(destination)]
            result = subprocess.run(command, cwd=ROOT, capture_output=True, text=True)
            (destination / (name + '.log')).write_text(result.stdout + result.stderr)
>           assert result.returncode == 0, f'{name} failed: {destination / (name + ".log")}'
                   ^^^^^^^^^^^^^^^^^^^^^^
E           AssertionError: native failed: /tmp/pytest-of-reid/pytest-12808/wi0510/acceptance/native.log

tests/models/current_mfe_regressions.py:352: AssertionError
________ ERROR at setup of test_retired_radius_refused[conflicting-cli] ________

tmp_path_factory = TempPathFactory(_given_basetemp=None, _trace=<pluggy._tracing.TagTracerSub object at 0x7da6d9ef0c20>, _basetemp=PosixPath('/tmp/pytest-of-reid/pytest-12808'), _retention_count=3, _retention_policy='all')

    @pytest.fixture(scope='module')
    def acceptance(tmp_path_factory):
        from tests.models.current_mfe_regressions import radius_acceptance
>       return radius_acceptance(tmp_path_factory.mktemp('wi051')/'acceptance',H)
               ^^^^^^^^^^^^^^^^^^^^^^^^^^^^^^^^^^^^^^^^^^^^^^^^^^^^^^^^^^^^^^^^^^

tests/models/test_mfe_major_radius.py:137: 
_ _ _ _ _ _ _ _ _ _ _ _ _ _ _ _ _ _ _ _ _ _ _ _ _ _ _ _ _ _ _ _ _ _ _ _ _ _ _ _ 

destination = PosixPath('/tmp/pytest-of-reid/pytest-12808/wi0510/acceptance')
historical = PosixPath('/home/reid/1cfe/fusion-tea/work/active/WI-051_mfe-model-owned-major-radius/implementation')

    def radius_acceptance(destination, historical):
        destination = Path(destination)
        destination.mkdir()
        drivers = destination / 'drivers'
        drivers.mkdir()
        ledger = json.loads((FINANCE_EVIDENCE / 'scalar-ledger.json').read_text())['live_ordinary']
        finance = {row['name'] for row in ledger if row['classification'] == 'changed finance'}
        generation = current_generation()
        before = generation.inventory(generation.PACKAGE)
        # WI-057 (2026-09-13): the drivers read the frozen evidence and the package under the new names.
        forward, _ = structure_ledger()
        translated, modules = translate_frozen_radius_evidence(Path(historical), destination, forward)
        # Current economic expectations are independently recomputed; baseline arithmetic may
        # differ by roundoff. This is a bounded tolerance, never omission of these comparisons.
        finance |= restate_wi040_radius_costs(translated)
        for name in ('native', 'direct', 'standalone', 'cli_checks'):
            text = (historical / (name + '.py')).read_text()
            if "Path(__file__).resolve().parent.parent/'prototype'" in text:
                text = replace_once(text, "Path(__file__).resolve().parent.parent/'prototype'", f'Path({str(translated)!r})')
            text = text.replace('Path(__file__).resolve().parent', f'Path({str(historical)!r})')
            if name in ('native', 'direct'):
                text = text.replace("P+'R'", "P+'plasma__R'")
            if name == 'native':
                text = replace_once(text, 'bridge.build(change)', f'bridge.build({WI059_REPLAY!r} | change)')
                text = replace_once(text, "'entering-package/contracts/model_contract.json'", repr(str(translated / 'entering-package/contracts/model_contract.json')))
                text = replace_once(text, "delta['added']==[]",
                                    f"{{x[1] for x in delta['added']}}=={WI040_PARAMETERS | WI038_PARAMETERS | WI058_PARAMETERS | WI059_PARAMETERS | WI059_NATIVE_ONLY_PARAMETERS | WI060_PARAMETERS | WI061_PARAMETERS!r}")
                # WI-058: evaluate R14 at the R-form's length (see K_COIL_RETIRED) so the frozen row stays exact.
                text = replace_once(text, "('R14',{P+'plasma__R':14.0})",
                                    f"('R14',{{P+'plasma__R':14.0,P+'magnet__coil__c_coil_ref':{K_COIL_RETIRED * 14.0!r}}})")
            if name == 'standalone':
                # WI-058: the winding length no longer takes R0 -- its R0-only check leaves the replay (its bore
                # response is tested in test_winding_length_bore.py); the other three magnet calcs keep theirs.
                text = replace_once(text, "('coil_length','mfe_magnet_field','coil_winding_length','Coil_Winding_Length',14/12.7),", '')
                for suffix in ('field_calc', 'stored_energy', 'magnet_cost'):
                    text = replace_once(text, f"('{suffix}',", f"('{modules[suffix]}',")
            if name == 'native':
                text = replace_once(text, "a['outputs'][k]==v if name=='baseline'", f"a['outputs'][k]==v if name=='baseline' and k not in {finance!r}")
                text = replace_once(text,
                    "    assert component[name].get('B_peak',component[name].get('error'))==row.get('B_peak',row.get('error'))",
                    "    if name == 'valid':\n"
                    "        assert component[name]['B_peak'] == row['B_peak']\n"
                    "    else:\n"
                    "        assert component[name]['error'] == 'ValueError'\n"
                    "        domain = 'reference' if name.startswith('reference') else 'live'\n"
                    "        assert domain + ' clearance' in component[name]['message']")
            if name == 'direct':
                text = replace_once(text, 'values.update(change)', f'values.update({WI059_REPLAY!r} | change)')
                # WI-058: evaluate R14 at the R-form's length (see K_COIL_RETIRED) so the frozen row stays exact.
                text = replace_once(text, "'R14':{P+'plasma__R':14.0,",
                                    f"'R14':{{P+'plasma__R':14.0,P+'magnet__coil__c_coil_ref':{K_COIL_RETIRED * 14.0!r},")
                text = replace_once(text, "if name=='baseline' or not isinstance(v,(int,float)):",
                                    f"if (name=='baseline' and k not in {finance!r}) or not isinstance(v,(int,float)):")
                text = replace_once(text, "scalar[k]==v if name=='baseline'", f"scalar[k]==v if name=='baseline' and k not in {finance!r}")
                # WI-053 read the magnet clearance refusal (ValueError) first at three invalid radii. WI-057
                # (2026-09-13): the calcs live on their parts and the regenerated pipeline executes the plasma's
                # sustainment module before the magnet's peak-field module. At the coil-centre and R3 radii the first
                # refusal is the plasma's deliberate SustainmentError (accepted: a different deliberate rejection).
                # At the negative radius it is an incidental TypeError inside plasma__sustain -- an UNRESOLVED
                # regression of the diagnostic, documented here, not repaired (goal structural-decomposition
                # trail, Amendment 2026-09-13; a deliberate non-positive-radius refusal is a model item). The
                # clearance check itself is unchanged and still refuses when reached
                # (test_peak_component_preserves_valid_and_rejects_invalid_domains).
                text = replace_once(text,
                    "classes=['SustainmentError','ZeroDivisionError','SustainmentError','ZeroDivisionError','TypeError']",
                    "classes=['SustainmentError','SustainmentError','SustainmentError','ZeroDivisionError','TypeError']")
            driver = drivers / (name + '.py')
            driver.write_text(text)
            command = [str(ROOT / '.codex-test/run'), 'bash', '-c',
                       'export PYTHONPATH="$PWD:$STOP_PARSER_TEAX_ROOT/packages/teax-simkit" STUDY_REQUIRE_TEAX=1; exec .codex-test/run python "$@"',
                       'current-mfe', str(driver), str(destination)]
            result = subprocess.run(command, cwd=ROOT, capture_output=True, text=True)
            (destination / (name + '.log')).write_text(result.stdout + result.stderr)
>           assert result.returncode == 0, f'{name} failed: {destination / (name + ".log")}'
                   ^^^^^^^^^^^^^^^^^^^^^^
E           AssertionError: native failed: /tmp/pytest-of-reid/pytest-12808/wi0510/acceptance/native.log

tests/models/current_mfe_regressions.py:352: AssertionError
__________ ERROR at setup of test_retired_radius_refused[zero-native] __________

tmp_path_factory = TempPathFactory(_given_basetemp=None, _trace=<pluggy._tracing.TagTracerSub object at 0x7da6d9ef0c20>, _basetemp=PosixPath('/tmp/pytest-of-reid/pytest-12808'), _retention_count=3, _retention_policy='all')

    @pytest.fixture(scope='module')
    def acceptance(tmp_path_factory):
        from tests.models.current_mfe_regressions import radius_acceptance
>       return radius_acceptance(tmp_path_factory.mktemp('wi051')/'acceptance',H)
               ^^^^^^^^^^^^^^^^^^^^^^^^^^^^^^^^^^^^^^^^^^^^^^^^^^^^^^^^^^^^^^^^^^

tests/models/test_mfe_major_radius.py:137: 
_ _ _ _ _ _ _ _ _ _ _ _ _ _ _ _ _ _ _ _ _ _ _ _ _ _ _ _ _ _ _ _ _ _ _ _ _ _ _ _ 

destination = PosixPath('/tmp/pytest-of-reid/pytest-12808/wi0510/acceptance')
historical = PosixPath('/home/reid/1cfe/fusion-tea/work/active/WI-051_mfe-model-owned-major-radius/implementation')

    def radius_acceptance(destination, historical):
        destination = Path(destination)
        destination.mkdir()
        drivers = destination / 'drivers'
        drivers.mkdir()
        ledger = json.loads((FINANCE_EVIDENCE / 'scalar-ledger.json').read_text())['live_ordinary']
        finance = {row['name'] for row in ledger if row['classification'] == 'changed finance'}
        generation = current_generation()
        before = generation.inventory(generation.PACKAGE)
        # WI-057 (2026-09-13): the drivers read the frozen evidence and the package under the new names.
        forward, _ = structure_ledger()
        translated, modules = translate_frozen_radius_evidence(Path(historical), destination, forward)
        # Current economic expectations are independently recomputed; baseline arithmetic may
        # differ by roundoff. This is a bounded tolerance, never omission of these comparisons.
        finance |= restate_wi040_radius_costs(translated)
        for name in ('native', 'direct', 'standalone', 'cli_checks'):
            text = (historical / (name + '.py')).read_text()
            if "Path(__file__).resolve().parent.parent/'prototype'" in text:
                text = replace_once(text, "Path(__file__).resolve().parent.parent/'prototype'", f'Path({str(translated)!r})')
            text = text.replace('Path(__file__).resolve().parent', f'Path({str(historical)!r})')
            if name in ('native', 'direct'):
                text = text.replace("P+'R'", "P+'plasma__R'")
            if name == 'native':
                text = replace_once(text, 'bridge.build(change)', f'bridge.build({WI059_REPLAY!r} | change)')
                text = replace_once(text, "'entering-package/contracts/model_contract.json'", repr(str(translated / 'entering-package/contracts/model_contract.json')))
                text = replace_once(text, "delta['added']==[]",
                                    f"{{x[1] for x in delta['added']}}=={WI040_PARAMETERS | WI038_PARAMETERS | WI058_PARAMETERS | WI059_PARAMETERS | WI059_NATIVE_ONLY_PARAMETERS | WI060_PARAMETERS | WI061_PARAMETERS!r}")
                # WI-058: evaluate R14 at the R-form's length (see K_COIL_RETIRED) so the frozen row stays exact.
                text = replace_once(text, "('R14',{P+'plasma__R':14.0})",
                                    f"('R14',{{P+'plasma__R':14.0,P+'magnet__coil__c_coil_ref':{K_COIL_RETIRED * 14.0!r}}})")
            if name == 'standalone':
                # WI-058: the winding length no longer takes R0 -- its R0-only check leaves the replay (its bore
                # response is tested in test_winding_length_bore.py); the other three magnet calcs keep theirs.
                text = replace_once(text, "('coil_length','mfe_magnet_field','coil_winding_length','Coil_Winding_Length',14/12.7),", '')
                for suffix in ('field_calc', 'stored_energy', 'magnet_cost'):
                    text = replace_once(text, f"('{suffix}',", f"('{modules[suffix]}',")
            if name == 'native':
                text = replace_once(text, "a['outputs'][k]==v if name=='baseline'", f"a['outputs'][k]==v if name=='baseline' and k not in {finance!r}")
                text = replace_once(text,
                    "    assert component[name].get('B_peak',component[name].get('error'))==row.get('B_peak',row.get('error'))",
                    "    if name == 'valid':\n"
                    "        assert component[name]['B_peak'] == row['B_peak']\n"
                    "    else:\n"
                    "        assert component[name]['error'] == 'ValueError'\n"
                    "        domain = 'reference' if name.startswith('reference') else 'live'\n"
                    "        assert domain + ' clearance' in component[name]['message']")
            if name == 'direct':
                text = replace_once(text, 'values.update(change)', f'values.update({WI059_REPLAY!r} | change)')
                # WI-058: evaluate R14 at the R-form's length (see K_COIL_RETIRED) so the frozen row stays exact.
                text = replace_once(text, "'R14':{P+'plasma__R':14.0,",
                                    f"'R14':{{P+'plasma__R':14.0,P+'magnet__coil__c_coil_ref':{K_COIL_RETIRED * 14.0!r},")
                text = replace_once(text, "if name=='baseline' or not isinstance(v,(int,float)):",
                                    f"if (name=='baseline' and k not in {finance!r}) or not isinstance(v,(int,float)):")
                text = replace_once(text, "scalar[k]==v if name=='baseline'", f"scalar[k]==v if name=='baseline' and k not in {finance!r}")
                # WI-053 read the magnet clearance refusal (ValueError) first at three invalid radii. WI-057
                # (2026-09-13): the calcs live on their parts and the regenerated pipeline executes the plasma's
                # sustainment module before the magnet's peak-field module. At the coil-centre and R3 radii the first
                # refusal is the plasma's deliberate SustainmentError (accepted: a different deliberate rejection).
                # At the negative radius it is an incidental TypeError inside plasma__sustain -- an UNRESOLVED
                # regression of the diagnostic, documented here, not repaired (goal structural-decomposition
                # trail, Amendment 2026-09-13; a deliberate non-positive-radius refusal is a model item). The
                # clearance check itself is unchanged and still refuses when reached
                # (test_peak_component_preserves_valid_and_rejects_invalid_domains).
                text = replace_once(text,
                    "classes=['SustainmentError','ZeroDivisionError','SustainmentError','ZeroDivisionError','TypeError']",
                    "classes=['SustainmentError','SustainmentError','SustainmentError','ZeroDivisionError','TypeError']")
            driver = drivers / (name + '.py')
            driver.write_text(text)
            command = [str(ROOT / '.codex-test/run'), 'bash', '-c',
                       'export PYTHONPATH="$PWD:$STOP_PARSER_TEAX_ROOT/packages/teax-simkit" STUDY_REQUIRE_TEAX=1; exec .codex-test/run python "$@"',
                       'current-mfe', str(driver), str(destination)]
            result = subprocess.run(command, cwd=ROOT, capture_output=True, text=True)
            (destination / (name + '.log')).write_text(result.stdout + result.stderr)
>           assert result.returncode == 0, f'{name} failed: {destination / (name + ".log")}'
                   ^^^^^^^^^^^^^^^^^^^^^^
E           AssertionError: native failed: /tmp/pytest-of-reid/pytest-12808/wi0510/acceptance/native.log

tests/models/current_mfe_regressions.py:352: AssertionError
__________ ERROR at setup of test_retired_radius_refused[zero-schema] __________

tmp_path_factory = TempPathFactory(_given_basetemp=None, _trace=<pluggy._tracing.TagTracerSub object at 0x7da6d9ef0c20>, _basetemp=PosixPath('/tmp/pytest-of-reid/pytest-12808'), _retention_count=3, _retention_policy='all')

    @pytest.fixture(scope='module')
    def acceptance(tmp_path_factory):
        from tests.models.current_mfe_regressions import radius_acceptance
>       return radius_acceptance(tmp_path_factory.mktemp('wi051')/'acceptance',H)
               ^^^^^^^^^^^^^^^^^^^^^^^^^^^^^^^^^^^^^^^^^^^^^^^^^^^^^^^^^^^^^^^^^^

tests/models/test_mfe_major_radius.py:137: 
_ _ _ _ _ _ _ _ _ _ _ _ _ _ _ _ _ _ _ _ _ _ _ _ _ _ _ _ _ _ _ _ _ _ _ _ _ _ _ _ 

destination = PosixPath('/tmp/pytest-of-reid/pytest-12808/wi0510/acceptance')
historical = PosixPath('/home/reid/1cfe/fusion-tea/work/active/WI-051_mfe-model-owned-major-radius/implementation')

    def radius_acceptance(destination, historical):
        destination = Path(destination)
        destination.mkdir()
        drivers = destination / 'drivers'
        drivers.mkdir()
        ledger = json.loads((FINANCE_EVIDENCE / 'scalar-ledger.json').read_text())['live_ordinary']
        finance = {row['name'] for row in ledger if row['classification'] == 'changed finance'}
        generation = current_generation()
        before = generation.inventory(generation.PACKAGE)
        # WI-057 (2026-09-13): the drivers read the frozen evidence and the package under the new names.
        forward, _ = structure_ledger()
        translated, modules = translate_frozen_radius_evidence(Path(historical), destination, forward)
        # Current economic expectations are independently recomputed; baseline arithmetic may
        # differ by roundoff. This is a bounded tolerance, never omission of these comparisons.
        finance |= restate_wi040_radius_costs(translated)
        for name in ('native', 'direct', 'standalone', 'cli_checks'):
            text = (historical / (name + '.py')).read_text()
            if "Path(__file__).resolve().parent.parent/'prototype'" in text:
                text = replace_once(text, "Path(__file__).resolve().parent.parent/'prototype'", f'Path({str(translated)!r})')
            text = text.replace('Path(__file__).resolve().parent', f'Path({str(historical)!r})')
            if name in ('native', 'direct'):
                text = text.replace("P+'R'", "P+'plasma__R'")
            if name == 'native':
                text = replace_once(text, 'bridge.build(change)', f'bridge.build({WI059_REPLAY!r} | change)')
                text = replace_once(text, "'entering-package/contracts/model_contract.json'", repr(str(translated / 'entering-package/contracts/model_contract.json')))
                text = replace_once(text, "delta['added']==[]",
                                    f"{{x[1] for x in delta['added']}}=={WI040_PARAMETERS | WI038_PARAMETERS | WI058_PARAMETERS | WI059_PARAMETERS | WI059_NATIVE_ONLY_PARAMETERS | WI060_PARAMETERS | WI061_PARAMETERS!r}")
                # WI-058: evaluate R14 at the R-form's length (see K_COIL_RETIRED) so the frozen row stays exact.
                text = replace_once(text, "('R14',{P+'plasma__R':14.0})",
                                    f"('R14',{{P+'plasma__R':14.0,P+'magnet__coil__c_coil_ref':{K_COIL_RETIRED * 14.0!r}}})")
            if name == 'standalone':
                # WI-058: the winding length no longer takes R0 -- its R0-only check leaves the replay (its bore
                # response is tested in test_winding_length_bore.py); the other three magnet calcs keep theirs.
                text = replace_once(text, "('coil_length','mfe_magnet_field','coil_winding_length','Coil_Winding_Length',14/12.7),", '')
                for suffix in ('field_calc', 'stored_energy', 'magnet_cost'):
                    text = replace_once(text, f"('{suffix}',", f"('{modules[suffix]}',")
            if name == 'native':
                text = replace_once(text, "a['outputs'][k]==v if name=='baseline'", f"a['outputs'][k]==v if name=='baseline' and k not in {finance!r}")
                text = replace_once(text,
                    "    assert component[name].get('B_peak',component[name].get('error'))==row.get('B_peak',row.get('error'))",
                    "    if name == 'valid':\n"
                    "        assert component[name]['B_peak'] == row['B_peak']\n"
                    "    else:\n"
                    "        assert component[name]['error'] == 'ValueError'\n"
                    "        domain = 'reference' if name.startswith('reference') else 'live'\n"
                    "        assert domain + ' clearance' in component[name]['message']")
            if name == 'direct':
                text = replace_once(text, 'values.update(change)', f'values.update({WI059_REPLAY!r} | change)')
                # WI-058: evaluate R14 at the R-form's length (see K_COIL_RETIRED) so the frozen row stays exact.
                text = replace_once(text, "'R14':{P+'plasma__R':14.0,",
                                    f"'R14':{{P+'plasma__R':14.0,P+'magnet__coil__c_coil_ref':{K_COIL_RETIRED * 14.0!r},")
                text = replace_once(text, "if name=='baseline' or not isinstance(v,(int,float)):",
                                    f"if (name=='baseline' and k not in {finance!r}) or not isinstance(v,(int,float)):")
                text = replace_once(text, "scalar[k]==v if name=='baseline'", f"scalar[k]==v if name=='baseline' and k not in {finance!r}")
                # WI-053 read the magnet clearance refusal (ValueError) first at three invalid radii. WI-057
                # (2026-09-13): the calcs live on their parts and the regenerated pipeline executes the plasma's
                # sustainment module before the magnet's peak-field module. At the coil-centre and R3 radii the first
                # refusal is the plasma's deliberate SustainmentError (accepted: a different deliberate rejection).
                # At the negative radius it is an incidental TypeError inside plasma__sustain -- an UNRESOLVED
                # regression of the diagnostic, documented here, not repaired (goal structural-decomposition
                # trail, Amendment 2026-09-13; a deliberate non-positive-radius refusal is a model item). The
                # clearance check itself is unchanged and still refuses when reached
                # (test_peak_component_preserves_valid_and_rejects_invalid_domains).
                text = replace_once(text,
                    "classes=['SustainmentError','ZeroDivisionError','SustainmentError','ZeroDivisionError','TypeError']",
                    "classes=['SustainmentError','SustainmentError','SustainmentError','ZeroDivisionError','TypeError']")
            driver = drivers / (name + '.py')
            driver.write_text(text)
            command = [str(ROOT / '.codex-test/run'), 'bash', '-c',
                       'export PYTHONPATH="$PWD:$STOP_PARSER_TEAX_ROOT/packages/teax-simkit" STUDY_REQUIRE_TEAX=1; exec .codex-test/run python "$@"',
                       'current-mfe', str(driver), str(destination)]
            result = subprocess.run(command, cwd=ROOT, capture_output=True, text=True)
            (destination / (name + '.log')).write_text(result.stdout + result.stderr)
>           assert result.returncode == 0, f'{name} failed: {destination / (name + ".log")}'
                   ^^^^^^^^^^^^^^^^^^^^^^
E           AssertionError: native failed: /tmp/pytest-of-reid/pytest-12808/wi0510/acceptance/native.log

tests/models/current_mfe_regressions.py:352: AssertionError
__________ ERROR at setup of test_retired_radius_refused[zero-helper] __________

tmp_path_factory = TempPathFactory(_given_basetemp=None, _trace=<pluggy._tracing.TagTracerSub object at 0x7da6d9ef0c20>, _basetemp=PosixPath('/tmp/pytest-of-reid/pytest-12808'), _retention_count=3, _retention_policy='all')

    @pytest.fixture(scope='module')
    def acceptance(tmp_path_factory):
        from tests.models.current_mfe_regressions import radius_acceptance
>       return radius_acceptance(tmp_path_factory.mktemp('wi051')/'acceptance',H)
               ^^^^^^^^^^^^^^^^^^^^^^^^^^^^^^^^^^^^^^^^^^^^^^^^^^^^^^^^^^^^^^^^^^

tests/models/test_mfe_major_radius.py:137: 
_ _ _ _ _ _ _ _ _ _ _ _ _ _ _ _ _ _ _ _ _ _ _ _ _ _ _ _ _ _ _ _ _ _ _ _ _ _ _ _ 

destination = PosixPath('/tmp/pytest-of-reid/pytest-12808/wi0510/acceptance')
historical = PosixPath('/home/reid/1cfe/fusion-tea/work/active/WI-051_mfe-model-owned-major-radius/implementation')

    def radius_acceptance(destination, historical):
        destination = Path(destination)
        destination.mkdir()
        drivers = destination / 'drivers'
        drivers.mkdir()
        ledger = json.loads((FINANCE_EVIDENCE / 'scalar-ledger.json').read_text())['live_ordinary']
        finance = {row['name'] for row in ledger if row['classification'] == 'changed finance'}
        generation = current_generation()
        before = generation.inventory(generation.PACKAGE)
        # WI-057 (2026-09-13): the drivers read the frozen evidence and the package under the new names.
        forward, _ = structure_ledger()
        translated, modules = translate_frozen_radius_evidence(Path(historical), destination, forward)
        # Current economic expectations are independently recomputed; baseline arithmetic may
        # differ by roundoff. This is a bounded tolerance, never omission of these comparisons.
        finance |= restate_wi040_radius_costs(translated)
        for name in ('native', 'direct', 'standalone', 'cli_checks'):
            text = (historical / (name + '.py')).read_text()
            if "Path(__file__).resolve().parent.parent/'prototype'" in text:
                text = replace_once(text, "Path(__file__).resolve().parent.parent/'prototype'", f'Path({str(translated)!r})')
            text = text.replace('Path(__file__).resolve().parent', f'Path({str(historical)!r})')
            if name in ('native', 'direct'):
                text = text.replace("P+'R'", "P+'plasma__R'")
            if name == 'native':
                text = replace_once(text, 'bridge.build(change)', f'bridge.build({WI059_REPLAY!r} | change)')
                text = replace_once(text, "'entering-package/contracts/model_contract.json'", repr(str(translated / 'entering-package/contracts/model_contract.json')))
                text = replace_once(text, "delta['added']==[]",
                                    f"{{x[1] for x in delta['added']}}=={WI040_PARAMETERS | WI038_PARAMETERS | WI058_PARAMETERS | WI059_PARAMETERS | WI059_NATIVE_ONLY_PARAMETERS | WI060_PARAMETERS | WI061_PARAMETERS!r}")
                # WI-058: evaluate R14 at the R-form's length (see K_COIL_RETIRED) so the frozen row stays exact.
                text = replace_once(text, "('R14',{P+'plasma__R':14.0})",
                                    f"('R14',{{P+'plasma__R':14.0,P+'magnet__coil__c_coil_ref':{K_COIL_RETIRED * 14.0!r}}})")
            if name == 'standalone':
                # WI-058: the winding length no longer takes R0 -- its R0-only check leaves the replay (its bore
                # response is tested in test_winding_length_bore.py); the other three magnet calcs keep theirs.
                text = replace_once(text, "('coil_length','mfe_magnet_field','coil_winding_length','Coil_Winding_Length',14/12.7),", '')
                for suffix in ('field_calc', 'stored_energy', 'magnet_cost'):
                    text = replace_once(text, f"('{suffix}',", f"('{modules[suffix]}',")
            if name == 'native':
                text = replace_once(text, "a['outputs'][k]==v if name=='baseline'", f"a['outputs'][k]==v if name=='baseline' and k not in {finance!r}")
                text = replace_once(text,
                    "    assert component[name].get('B_peak',component[name].get('error'))==row.get('B_peak',row.get('error'))",
                    "    if name == 'valid':\n"
                    "        assert component[name]['B_peak'] == row['B_peak']\n"
                    "    else:\n"
                    "        assert component[name]['error'] == 'ValueError'\n"
                    "        domain = 'reference' if name.startswith('reference') else 'live'\n"
                    "        assert domain + ' clearance' in component[name]['message']")
            if name == 'direct':
                text = replace_once(text, 'values.update(change)', f'values.update({WI059_REPLAY!r} | change)')
                # WI-058: evaluate R14 at the R-form's length (see K_COIL_RETIRED) so the frozen row stays exact.
                text = replace_once(text, "'R14':{P+'plasma__R':14.0,",
                                    f"'R14':{{P+'plasma__R':14.0,P+'magnet__coil__c_coil_ref':{K_COIL_RETIRED * 14.0!r},")
                text = replace_once(text, "if name=='baseline' or not isinstance(v,(int,float)):",
                                    f"if (name=='baseline' and k not in {finance!r}) or not isinstance(v,(int,float)):")
                text = replace_once(text, "scalar[k]==v if name=='baseline'", f"scalar[k]==v if name=='baseline' and k not in {finance!r}")
                # WI-053 read the magnet clearance refusal (ValueError) first at three invalid radii. WI-057
                # (2026-09-13): the calcs live on their parts and the regenerated pipeline executes the plasma's
                # sustainment module before the magnet's peak-field module. At the coil-centre and R3 radii the first
                # refusal is the plasma's deliberate SustainmentError (accepted: a different deliberate rejection).
                # At the negative radius it is an incidental TypeError inside plasma__sustain -- an UNRESOLVED
                # regression of the diagnostic, documented here, not repaired (goal structural-decomposition
                # trail, Amendment 2026-09-13; a deliberate non-positive-radius refusal is a model item). The
                # clearance check itself is unchanged and still refuses when reached
                # (test_peak_component_preserves_valid_and_rejects_invalid_domains).
                text = replace_once(text,
                    "classes=['SustainmentError','ZeroDivisionError','SustainmentError','ZeroDivisionError','TypeError']",
                    "classes=['SustainmentError','SustainmentError','SustainmentError','ZeroDivisionError','TypeError']")
            driver = drivers / (name + '.py')
            driver.write_text(text)
            command = [str(ROOT / '.codex-test/run'), 'bash', '-c',
                       'export PYTHONPATH="$PWD:$STOP_PARSER_TEAX_ROOT/packages/teax-simkit" STUDY_REQUIRE_TEAX=1; exec .codex-test/run python "$@"',
                       'current-mfe', str(driver), str(destination)]
            result = subprocess.run(command, cwd=ROOT, capture_output=True, text=True)
            (destination / (name + '.log')).write_text(result.stdout + result.stderr)
>           assert result.returncode == 0, f'{name} failed: {destination / (name + ".log")}'
                   ^^^^^^^^^^^^^^^^^^^^^^
E           AssertionError: native failed: /tmp/pytest-of-reid/pytest-12808/wi0510/acceptance/native.log

tests/models/current_mfe_regressions.py:352: AssertionError
__________ ERROR at setup of test_retired_radius_refused[zero-single] __________

tmp_path_factory = TempPathFactory(_given_basetemp=None, _trace=<pluggy._tracing.TagTracerSub object at 0x7da6d9ef0c20>, _basetemp=PosixPath('/tmp/pytest-of-reid/pytest-12808'), _retention_count=3, _retention_policy='all')

    @pytest.fixture(scope='module')
    def acceptance(tmp_path_factory):
        from tests.models.current_mfe_regressions import radius_acceptance
>       return radius_acceptance(tmp_path_factory.mktemp('wi051')/'acceptance',H)
               ^^^^^^^^^^^^^^^^^^^^^^^^^^^^^^^^^^^^^^^^^^^^^^^^^^^^^^^^^^^^^^^^^^

tests/models/test_mfe_major_radius.py:137: 
_ _ _ _ _ _ _ _ _ _ _ _ _ _ _ _ _ _ _ _ _ _ _ _ _ _ _ _ _ _ _ _ _ _ _ _ _ _ _ _ 

destination = PosixPath('/tmp/pytest-of-reid/pytest-12808/wi0510/acceptance')
historical = PosixPath('/home/reid/1cfe/fusion-tea/work/active/WI-051_mfe-model-owned-major-radius/implementation')

    def radius_acceptance(destination, historical):
        destination = Path(destination)
        destination.mkdir()
        drivers = destination / 'drivers'
        drivers.mkdir()
        ledger = json.loads((FINANCE_EVIDENCE / 'scalar-ledger.json').read_text())['live_ordinary']
        finance = {row['name'] for row in ledger if row['classification'] == 'changed finance'}
        generation = current_generation()
        before = generation.inventory(generation.PACKAGE)
        # WI-057 (2026-09-13): the drivers read the frozen evidence and the package under the new names.
        forward, _ = structure_ledger()
        translated, modules = translate_frozen_radius_evidence(Path(historical), destination, forward)
        # Current economic expectations are independently recomputed; baseline arithmetic may
        # differ by roundoff. This is a bounded tolerance, never omission of these comparisons.
        finance |= restate_wi040_radius_costs(translated)
        for name in ('native', 'direct', 'standalone', 'cli_checks'):
            text = (historical / (name + '.py')).read_text()
            if "Path(__file__).resolve().parent.parent/'prototype'" in text:
                text = replace_once(text, "Path(__file__).resolve().parent.parent/'prototype'", f'Path({str(translated)!r})')
            text = text.replace('Path(__file__).resolve().parent', f'Path({str(historical)!r})')
            if name in ('native', 'direct'):
                text = text.replace("P+'R'", "P+'plasma__R'")
            if name == 'native':
                text = replace_once(text, 'bridge.build(change)', f'bridge.build({WI059_REPLAY!r} | change)')
                text = replace_once(text, "'entering-package/contracts/model_contract.json'", repr(str(translated / 'entering-package/contracts/model_contract.json')))
                text = replace_once(text, "delta['added']==[]",
                                    f"{{x[1] for x in delta['added']}}=={WI040_PARAMETERS | WI038_PARAMETERS | WI058_PARAMETERS | WI059_PARAMETERS | WI059_NATIVE_ONLY_PARAMETERS | WI060_PARAMETERS | WI061_PARAMETERS!r}")
                # WI-058: evaluate R14 at the R-form's length (see K_COIL_RETIRED) so the frozen row stays exact.
                text = replace_once(text, "('R14',{P+'plasma__R':14.0})",
                                    f"('R14',{{P+'plasma__R':14.0,P+'magnet__coil__c_coil_ref':{K_COIL_RETIRED * 14.0!r}}})")
            if name == 'standalone':
                # WI-058: the winding length no longer takes R0 -- its R0-only check leaves the replay (its bore
                # response is tested in test_winding_length_bore.py); the other three magnet calcs keep theirs.
                text = replace_once(text, "('coil_length','mfe_magnet_field','coil_winding_length','Coil_Winding_Length',14/12.7),", '')
                for suffix in ('field_calc', 'stored_energy', 'magnet_cost'):
                    text = replace_once(text, f"('{suffix}',", f"('{modules[suffix]}',")
            if name == 'native':
                text = replace_once(text, "a['outputs'][k]==v if name=='baseline'", f"a['outputs'][k]==v if name=='baseline' and k not in {finance!r}")
                text = replace_once(text,
                    "    assert component[name].get('B_peak',component[name].get('error'))==row.get('B_peak',row.get('error'))",
                    "    if name == 'valid':\n"
                    "        assert component[name]['B_peak'] == row['B_peak']\n"
                    "    else:\n"
                    "        assert component[name]['error'] == 'ValueError'\n"
                    "        domain = 'reference' if name.startswith('reference') else 'live'\n"
                    "        assert domain + ' clearance' in component[name]['message']")
            if name == 'direct':
                text = replace_once(text, 'values.update(change)', f'values.update({WI059_REPLAY!r} | change)')
                # WI-058: evaluate R14 at the R-form's length (see K_COIL_RETIRED) so the frozen row stays exact.
                text = replace_once(text, "'R14':{P+'plasma__R':14.0,",
                                    f"'R14':{{P+'plasma__R':14.0,P+'magnet__coil__c_coil_ref':{K_COIL_RETIRED * 14.0!r},")
                text = replace_once(text, "if name=='baseline' or not isinstance(v,(int,float)):",
                                    f"if (name=='baseline' and k not in {finance!r}) or not isinstance(v,(int,float)):")
                text = replace_once(text, "scalar[k]==v if name=='baseline'", f"scalar[k]==v if name=='baseline' and k not in {finance!r}")
                # WI-053 read the magnet clearance refusal (ValueError) first at three invalid radii. WI-057
                # (2026-09-13): the calcs live on their parts and the regenerated pipeline executes the plasma's
                # sustainment module before the magnet's peak-field module. At the coil-centre and R3 radii the first
                # refusal is the plasma's deliberate SustainmentError (accepted: a different deliberate rejection).
                # At the negative radius it is an incidental TypeError inside plasma__sustain -- an UNRESOLVED
                # regression of the diagnostic, documented here, not repaired (goal structural-decomposition
                # trail, Amendment 2026-09-13; a deliberate non-positive-radius refusal is a model item). The
                # clearance check itself is unchanged and still refuses when reached
                # (test_peak_component_preserves_valid_and_rejects_invalid_domains).
                text = replace_once(text,
                    "classes=['SustainmentError','ZeroDivisionError','SustainmentError','ZeroDivisionError','TypeError']",
                    "classes=['SustainmentError','SustainmentError','SustainmentError','ZeroDivisionError','TypeError']")
            driver = drivers / (name + '.py')
            driver.write_text(text)
            command = [str(ROOT / '.codex-test/run'), 'bash', '-c',
                       'export PYTHONPATH="$PWD:$STOP_PARSER_TEAX_ROOT/packages/teax-simkit" STUDY_REQUIRE_TEAX=1; exec .codex-test/run python "$@"',
                       'current-mfe', str(driver), str(destination)]
            result = subprocess.run(command, cwd=ROOT, capture_output=True, text=True)
            (destination / (name + '.log')).write_text(result.stdout + result.stderr)
>           assert result.returncode == 0, f'{name} failed: {destination / (name + ".log")}'
                   ^^^^^^^^^^^^^^^^^^^^^^
E           AssertionError: native failed: /tmp/pytest-of-reid/pytest-12808/wi0510/acceptance/native.log

tests/models/current_mfe_regressions.py:352: AssertionError
___________ ERROR at setup of test_retired_radius_refused[zero-cli] ____________

tmp_path_factory = TempPathFactory(_given_basetemp=None, _trace=<pluggy._tracing.TagTracerSub object at 0x7da6d9ef0c20>, _basetemp=PosixPath('/tmp/pytest-of-reid/pytest-12808'), _retention_count=3, _retention_policy='all')

    @pytest.fixture(scope='module')
    def acceptance(tmp_path_factory):
        from tests.models.current_mfe_regressions import radius_acceptance
>       return radius_acceptance(tmp_path_factory.mktemp('wi051')/'acceptance',H)
               ^^^^^^^^^^^^^^^^^^^^^^^^^^^^^^^^^^^^^^^^^^^^^^^^^^^^^^^^^^^^^^^^^^

tests/models/test_mfe_major_radius.py:137: 
_ _ _ _ _ _ _ _ _ _ _ _ _ _ _ _ _ _ _ _ _ _ _ _ _ _ _ _ _ _ _ _ _ _ _ _ _ _ _ _ 

destination = PosixPath('/tmp/pytest-of-reid/pytest-12808/wi0510/acceptance')
historical = PosixPath('/home/reid/1cfe/fusion-tea/work/active/WI-051_mfe-model-owned-major-radius/implementation')

    def radius_acceptance(destination, historical):
        destination = Path(destination)
        destination.mkdir()
        drivers = destination / 'drivers'
        drivers.mkdir()
        ledger = json.loads((FINANCE_EVIDENCE / 'scalar-ledger.json').read_text())['live_ordinary']
        finance = {row['name'] for row in ledger if row['classification'] == 'changed finance'}
        generation = current_generation()
        before = generation.inventory(generation.PACKAGE)
        # WI-057 (2026-09-13): the drivers read the frozen evidence and the package under the new names.
        forward, _ = structure_ledger()
        translated, modules = translate_frozen_radius_evidence(Path(historical), destination, forward)
        # Current economic expectations are independently recomputed; baseline arithmetic may
        # differ by roundoff. This is a bounded tolerance, never omission of these comparisons.
        finance |= restate_wi040_radius_costs(translated)
        for name in ('native', 'direct', 'standalone', 'cli_checks'):
            text = (historical / (name + '.py')).read_text()
            if "Path(__file__).resolve().parent.parent/'prototype'" in text:
                text = replace_once(text, "Path(__file__).resolve().parent.parent/'prototype'", f'Path({str(translated)!r})')
            text = text.replace('Path(__file__).resolve().parent', f'Path({str(historical)!r})')
            if name in ('native', 'direct'):
                text = text.replace("P+'R'", "P+'plasma__R'")
            if name == 'native':
                text = replace_once(text, 'bridge.build(change)', f'bridge.build({WI059_REPLAY!r} | change)')
                text = replace_once(text, "'entering-package/contracts/model_contract.json'", repr(str(translated / 'entering-package/contracts/model_contract.json')))
                text = replace_once(text, "delta['added']==[]",
                                    f"{{x[1] for x in delta['added']}}=={WI040_PARAMETERS | WI038_PARAMETERS | WI058_PARAMETERS | WI059_PARAMETERS | WI059_NATIVE_ONLY_PARAMETERS | WI060_PARAMETERS | WI061_PARAMETERS!r}")
                # WI-058: evaluate R14 at the R-form's length (see K_COIL_RETIRED) so the frozen row stays exact.
                text = replace_once(text, "('R14',{P+'plasma__R':14.0})",
                                    f"('R14',{{P+'plasma__R':14.0,P+'magnet__coil__c_coil_ref':{K_COIL_RETIRED * 14.0!r}}})")
            if name == 'standalone':
                # WI-058: the winding length no longer takes R0 -- its R0-only check leaves the replay (its bore
                # response is tested in test_winding_length_bore.py); the other three magnet calcs keep theirs.
                text = replace_once(text, "('coil_length','mfe_magnet_field','coil_winding_length','Coil_Winding_Length',14/12.7),", '')
                for suffix in ('field_calc', 'stored_energy', 'magnet_cost'):
                    text = replace_once(text, f"('{suffix}',", f"('{modules[suffix]}',")
            if name == 'native':
                text = replace_once(text, "a['outputs'][k]==v if name=='baseline'", f"a['outputs'][k]==v if name=='baseline' and k not in {finance!r}")
                text = replace_once(text,
                    "    assert component[name].get('B_peak',component[name].get('error'))==row.get('B_peak',row.get('error'))",
                    "    if name == 'valid':\n"
                    "        assert component[name]['B_peak'] == row['B_peak']\n"
                    "    else:\n"
                    "        assert component[name]['error'] == 'ValueError'\n"
                    "        domain = 'reference' if name.startswith('reference') else 'live'\n"
                    "        assert domain + ' clearance' in component[name]['message']")
            if name == 'direct':
                text = replace_once(text, 'values.update(change)', f'values.update({WI059_REPLAY!r} | change)')
                # WI-058: evaluate R14 at the R-form's length (see K_COIL_RETIRED) so the frozen row stays exact.
                text = replace_once(text, "'R14':{P+'plasma__R':14.0,",
                                    f"'R14':{{P+'plasma__R':14.0,P+'magnet__coil__c_coil_ref':{K_COIL_RETIRED * 14.0!r},")
                text = replace_once(text, "if name=='baseline' or not isinstance(v,(int,float)):",
                                    f"if (name=='baseline' and k not in {finance!r}) or not isinstance(v,(int,float)):")
                text = replace_once(text, "scalar[k]==v if name=='baseline'", f"scalar[k]==v if name=='baseline' and k not in {finance!r}")
                # WI-053 read the magnet clearance refusal (ValueError) first at three invalid radii. WI-057
                # (2026-09-13): the calcs live on their parts and the regenerated pipeline executes the plasma's
                # sustainment module before the magnet's peak-field module. At the coil-centre and R3 radii the first
                # refusal is the plasma's deliberate SustainmentError (accepted: a different deliberate rejection).
                # At the negative radius it is an incidental TypeError inside plasma__sustain -- an UNRESOLVED
                # regression of the diagnostic, documented here, not repaired (goal structural-decomposition
                # trail, Amendment 2026-09-13; a deliberate non-positive-radius refusal is a model item). The
                # clearance check itself is unchanged and still refuses when reached
                # (test_peak_component_preserves_valid_and_rejects_invalid_domains).
                text = replace_once(text,
                    "classes=['SustainmentError','ZeroDivisionError','SustainmentError','ZeroDivisionError','TypeError']",
                    "classes=['SustainmentError','SustainmentError','SustainmentError','ZeroDivisionError','TypeError']")
            driver = drivers / (name + '.py')
            driver.write_text(text)
            command = [str(ROOT / '.codex-test/run'), 'bash', '-c',
                       'export PYTHONPATH="$PWD:$STOP_PARSER_TEAX_ROOT/packages/teax-simkit" STUDY_REQUIRE_TEAX=1; exec .codex-test/run python "$@"',
                       'current-mfe', str(driver), str(destination)]
            result = subprocess.run(command, cwd=ROOT, capture_output=True, text=True)
            (destination / (name + '.log')).write_text(result.stdout + result.stderr)
>           assert result.returncode == 0, f'{name} failed: {destination / (name + ".log")}'
                   ^^^^^^^^^^^^^^^^^^^^^^
E           AssertionError: native failed: /tmp/pytest-of-reid/pytest-12808/wi0510/acceptance/native.log

tests/models/current_mfe_regressions.py:352: AssertionError
_______ ERROR at setup of test_unified_invalid_radius_failure[R4-native] _______

tmp_path_factory = TempPathFactory(_given_basetemp=None, _trace=<pluggy._tracing.TagTracerSub object at 0x7da6d9ef0c20>, _basetemp=PosixPath('/tmp/pytest-of-reid/pytest-12808'), _retention_count=3, _retention_policy='all')

    @pytest.fixture(scope='module')
    def acceptance(tmp_path_factory):
        from tests.models.current_mfe_regressions import radius_acceptance
>       return radius_acceptance(tmp_path_factory.mktemp('wi051')/'acceptance',H)
               ^^^^^^^^^^^^^^^^^^^^^^^^^^^^^^^^^^^^^^^^^^^^^^^^^^^^^^^^^^^^^^^^^^

tests/models/test_mfe_major_radius.py:137: 
_ _ _ _ _ _ _ _ _ _ _ _ _ _ _ _ _ _ _ _ _ _ _ _ _ _ _ _ _ _ _ _ _ _ _ _ _ _ _ _ 

destination = PosixPath('/tmp/pytest-of-reid/pytest-12808/wi0510/acceptance')
historical = PosixPath('/home/reid/1cfe/fusion-tea/work/active/WI-051_mfe-model-owned-major-radius/implementation')

    def radius_acceptance(destination, historical):
        destination = Path(destination)
        destination.mkdir()
        drivers = destination / 'drivers'
        drivers.mkdir()
        ledger = json.loads((FINANCE_EVIDENCE / 'scalar-ledger.json').read_text())['live_ordinary']
        finance = {row['name'] for row in ledger if row['classification'] == 'changed finance'}
        generation = current_generation()
        before = generation.inventory(generation.PACKAGE)
        # WI-057 (2026-09-13): the drivers read the frozen evidence and the package under the new names.
        forward, _ = structure_ledger()
        translated, modules = translate_frozen_radius_evidence(Path(historical), destination, forward)
        # Current economic expectations are independently recomputed; baseline arithmetic may
        # differ by roundoff. This is a bounded tolerance, never omission of these comparisons.
        finance |= restate_wi040_radius_costs(translated)
        for name in ('native', 'direct', 'standalone', 'cli_checks'):
            text = (historical / (name + '.py')).read_text()
            if "Path(__file__).resolve().parent.parent/'prototype'" in text:
                text = replace_once(text, "Path(__file__).resolve().parent.parent/'prototype'", f'Path({str(translated)!r})')
            text = text.replace('Path(__file__).resolve().parent', f'Path({str(historical)!r})')
            if name in ('native', 'direct'):
                text = text.replace("P+'R'", "P+'plasma__R'")
            if name == 'native':
                text = replace_once(text, 'bridge.build(change)', f'bridge.build({WI059_REPLAY!r} | change)')
                text = replace_once(text, "'entering-package/contracts/model_contract.json'", repr(str(translated / 'entering-package/contracts/model_contract.json')))
                text = replace_once(text, "delta['added']==[]",
                                    f"{{x[1] for x in delta['added']}}=={WI040_PARAMETERS | WI038_PARAMETERS | WI058_PARAMETERS | WI059_PARAMETERS | WI059_NATIVE_ONLY_PARAMETERS | WI060_PARAMETERS | WI061_PARAMETERS!r}")
                # WI-058: evaluate R14 at the R-form's length (see K_COIL_RETIRED) so the frozen row stays exact.
                text = replace_once(text, "('R14',{P+'plasma__R':14.0})",
                                    f"('R14',{{P+'plasma__R':14.0,P+'magnet__coil__c_coil_ref':{K_COIL_RETIRED * 14.0!r}}})")
            if name == 'standalone':
                # WI-058: the winding length no longer takes R0 -- its R0-only check leaves the replay (its bore
                # response is tested in test_winding_length_bore.py); the other three magnet calcs keep theirs.
                text = replace_once(text, "('coil_length','mfe_magnet_field','coil_winding_length','Coil_Winding_Length',14/12.7),", '')
                for suffix in ('field_calc', 'stored_energy', 'magnet_cost'):
                    text = replace_once(text, f"('{suffix}',", f"('{modules[suffix]}',")
            if name == 'native':
                text = replace_once(text, "a['outputs'][k]==v if name=='baseline'", f"a['outputs'][k]==v if name=='baseline' and k not in {finance!r}")
                text = replace_once(text,
                    "    assert component[name].get('B_peak',component[name].get('error'))==row.get('B_peak',row.get('error'))",
                    "    if name == 'valid':\n"
                    "        assert component[name]['B_peak'] == row['B_peak']\n"
                    "    else:\n"
                    "        assert component[name]['error'] == 'ValueError'\n"
                    "        domain = 'reference' if name.startswith('reference') else 'live'\n"
                    "        assert domain + ' clearance' in component[name]['message']")
            if name == 'direct':
                text = replace_once(text, 'values.update(change)', f'values.update({WI059_REPLAY!r} | change)')
                # WI-058: evaluate R14 at the R-form's length (see K_COIL_RETIRED) so the frozen row stays exact.
                text = replace_once(text, "'R14':{P+'plasma__R':14.0,",
                                    f"'R14':{{P+'plasma__R':14.0,P+'magnet__coil__c_coil_ref':{K_COIL_RETIRED * 14.0!r},")
                text = replace_once(text, "if name=='baseline' or not isinstance(v,(int,float)):",
                                    f"if (name=='baseline' and k not in {finance!r}) or not isinstance(v,(int,float)):")
                text = replace_once(text, "scalar[k]==v if name=='baseline'", f"scalar[k]==v if name=='baseline' and k not in {finance!r}")
                # WI-053 read the magnet clearance refusal (ValueError) first at three invalid radii. WI-057
                # (2026-09-13): the calcs live on their parts and the regenerated pipeline executes the plasma's
                # sustainment module before the magnet's peak-field module. At the coil-centre and R3 radii the first
                # refusal is the plasma's deliberate SustainmentError (accepted: a different deliberate rejection).
                # At the negative radius it is an incidental TypeError inside plasma__sustain -- an UNRESOLVED
                # regression of the diagnostic, documented here, not repaired (goal structural-decomposition
                # trail, Amendment 2026-09-13; a deliberate non-positive-radius refusal is a model item). The
                # clearance check itself is unchanged and still refuses when reached
                # (test_peak_component_preserves_valid_and_rejects_invalid_domains).
                text = replace_once(text,
                    "classes=['SustainmentError','ZeroDivisionError','SustainmentError','ZeroDivisionError','TypeError']",
                    "classes=['SustainmentError','SustainmentError','SustainmentError','ZeroDivisionError','TypeError']")
            driver = drivers / (name + '.py')
            driver.write_text(text)
            command = [str(ROOT / '.codex-test/run'), 'bash', '-c',
                       'export PYTHONPATH="$PWD:$STOP_PARSER_TEAX_ROOT/packages/teax-simkit" STUDY_REQUIRE_TEAX=1; exec .codex-test/run python "$@"',
                       'current-mfe', str(driver), str(destination)]
            result = subprocess.run(command, cwd=ROOT, capture_output=True, text=True)
            (destination / (name + '.log')).write_text(result.stdout + result.stderr)
>           assert result.returncode == 0, f'{name} failed: {destination / (name + ".log")}'
                   ^^^^^^^^^^^^^^^^^^^^^^
E           AssertionError: native failed: /tmp/pytest-of-reid/pytest-12808/wi0510/acceptance/native.log

tests/models/current_mfe_regressions.py:352: AssertionError
_______ ERROR at setup of test_unified_invalid_radius_failure[R4-helper] _______

tmp_path_factory = TempPathFactory(_given_basetemp=None, _trace=<pluggy._tracing.TagTracerSub object at 0x7da6d9ef0c20>, _basetemp=PosixPath('/tmp/pytest-of-reid/pytest-12808'), _retention_count=3, _retention_policy='all')

    @pytest.fixture(scope='module')
    def acceptance(tmp_path_factory):
        from tests.models.current_mfe_regressions import radius_acceptance
>       return radius_acceptance(tmp_path_factory.mktemp('wi051')/'acceptance',H)
               ^^^^^^^^^^^^^^^^^^^^^^^^^^^^^^^^^^^^^^^^^^^^^^^^^^^^^^^^^^^^^^^^^^

tests/models/test_mfe_major_radius.py:137: 
_ _ _ _ _ _ _ _ _ _ _ _ _ _ _ _ _ _ _ _ _ _ _ _ _ _ _ _ _ _ _ _ _ _ _ _ _ _ _ _ 

destination = PosixPath('/tmp/pytest-of-reid/pytest-12808/wi0510/acceptance')
historical = PosixPath('/home/reid/1cfe/fusion-tea/work/active/WI-051_mfe-model-owned-major-radius/implementation')

    def radius_acceptance(destination, historical):
        destination = Path(destination)
        destination.mkdir()
        drivers = destination / 'drivers'
        drivers.mkdir()
        ledger = json.loads((FINANCE_EVIDENCE / 'scalar-ledger.json').read_text())['live_ordinary']
        finance = {row['name'] for row in ledger if row['classification'] == 'changed finance'}
        generation = current_generation()
        before = generation.inventory(generation.PACKAGE)
        # WI-057 (2026-09-13): the drivers read the frozen evidence and the package under the new names.
        forward, _ = structure_ledger()
        translated, modules = translate_frozen_radius_evidence(Path(historical), destination, forward)
        # Current economic expectations are independently recomputed; baseline arithmetic may
        # differ by roundoff. This is a bounded tolerance, never omission of these comparisons.
        finance |= restate_wi040_radius_costs(translated)
        for name in ('native', 'direct', 'standalone', 'cli_checks'):
            text = (historical / (name + '.py')).read_text()
            if "Path(__file__).resolve().parent.parent/'prototype'" in text:
                text = replace_once(text, "Path(__file__).resolve().parent.parent/'prototype'", f'Path({str(translated)!r})')
            text = text.replace('Path(__file__).resolve().parent', f'Path({str(historical)!r})')
            if name in ('native', 'direct'):
                text = text.replace("P+'R'", "P+'plasma__R'")
            if name == 'native':
                text = replace_once(text, 'bridge.build(change)', f'bridge.build({WI059_REPLAY!r} | change)')
                text = replace_once(text, "'entering-package/contracts/model_contract.json'", repr(str(translated / 'entering-package/contracts/model_contract.json')))
                text = replace_once(text, "delta['added']==[]",
                                    f"{{x[1] for x in delta['added']}}=={WI040_PARAMETERS | WI038_PARAMETERS | WI058_PARAMETERS | WI059_PARAMETERS | WI059_NATIVE_ONLY_PARAMETERS | WI060_PARAMETERS | WI061_PARAMETERS!r}")
                # WI-058: evaluate R14 at the R-form's length (see K_COIL_RETIRED) so the frozen row stays exact.
                text = replace_once(text, "('R14',{P+'plasma__R':14.0})",
                                    f"('R14',{{P+'plasma__R':14.0,P+'magnet__coil__c_coil_ref':{K_COIL_RETIRED * 14.0!r}}})")
            if name == 'standalone':
                # WI-058: the winding length no longer takes R0 -- its R0-only check leaves the replay (its bore
                # response is tested in test_winding_length_bore.py); the other three magnet calcs keep theirs.
                text = replace_once(text, "('coil_length','mfe_magnet_field','coil_winding_length','Coil_Winding_Length',14/12.7),", '')
                for suffix in ('field_calc', 'stored_energy', 'magnet_cost'):
                    text = replace_once(text, f"('{suffix}',", f"('{modules[suffix]}',")
            if name == 'native':
                text = replace_once(text, "a['outputs'][k]==v if name=='baseline'", f"a['outputs'][k]==v if name=='baseline' and k not in {finance!r}")
                text = replace_once(text,
                    "    assert component[name].get('B_peak',component[name].get('error'))==row.get('B_peak',row.get('error'))",
                    "    if name == 'valid':\n"
                    "        assert component[name]['B_peak'] == row['B_peak']\n"
                    "    else:\n"
                    "        assert component[name]['error'] == 'ValueError'\n"
                    "        domain = 'reference' if name.startswith('reference') else 'live'\n"
                    "        assert domain + ' clearance' in component[name]['message']")
            if name == 'direct':
                text = replace_once(text, 'values.update(change)', f'values.update({WI059_REPLAY!r} | change)')
                # WI-058: evaluate R14 at the R-form's length (see K_COIL_RETIRED) so the frozen row stays exact.
                text = replace_once(text, "'R14':{P+'plasma__R':14.0,",
                                    f"'R14':{{P+'plasma__R':14.0,P+'magnet__coil__c_coil_ref':{K_COIL_RETIRED * 14.0!r},")
                text = replace_once(text, "if name=='baseline' or not isinstance(v,(int,float)):",
                                    f"if (name=='baseline' and k not in {finance!r}) or not isinstance(v,(int,float)):")
                text = replace_once(text, "scalar[k]==v if name=='baseline'", f"scalar[k]==v if name=='baseline' and k not in {finance!r}")
                # WI-053 read the magnet clearance refusal (ValueError) first at three invalid radii. WI-057
                # (2026-09-13): the calcs live on their parts and the regenerated pipeline executes the plasma's
                # sustainment module before the magnet's peak-field module. At the coil-centre and R3 radii the first
                # refusal is the plasma's deliberate SustainmentError (accepted: a different deliberate rejection).
                # At the negative radius it is an incidental TypeError inside plasma__sustain -- an UNRESOLVED
                # regression of the diagnostic, documented here, not repaired (goal structural-decomposition
                # trail, Amendment 2026-09-13; a deliberate non-positive-radius refusal is a model item). The
                # clearance check itself is unchanged and still refuses when reached
                # (test_peak_component_preserves_valid_and_rejects_invalid_domains).
                text = replace_once(text,
                    "classes=['SustainmentError','ZeroDivisionError','SustainmentError','ZeroDivisionError','TypeError']",
                    "classes=['SustainmentError','SustainmentError','SustainmentError','ZeroDivisionError','TypeError']")
            driver = drivers / (name + '.py')
            driver.write_text(text)
            command = [str(ROOT / '.codex-test/run'), 'bash', '-c',
                       'export PYTHONPATH="$PWD:$STOP_PARSER_TEAX_ROOT/packages/teax-simkit" STUDY_REQUIRE_TEAX=1; exec .codex-test/run python "$@"',
                       'current-mfe', str(driver), str(destination)]
            result = subprocess.run(command, cwd=ROOT, capture_output=True, text=True)
            (destination / (name + '.log')).write_text(result.stdout + result.stderr)
>           assert result.returncode == 0, f'{name} failed: {destination / (name + ".log")}'
                   ^^^^^^^^^^^^^^^^^^^^^^
E           AssertionError: native failed: /tmp/pytest-of-reid/pytest-12808/wi0510/acceptance/native.log

tests/models/current_mfe_regressions.py:352: AssertionError
_______ ERROR at setup of test_unified_invalid_radius_failure[R4-single] _______

tmp_path_factory = TempPathFactory(_given_basetemp=None, _trace=<pluggy._tracing.TagTracerSub object at 0x7da6d9ef0c20>, _basetemp=PosixPath('/tmp/pytest-of-reid/pytest-12808'), _retention_count=3, _retention_policy='all')

    @pytest.fixture(scope='module')
    def acceptance(tmp_path_factory):
        from tests.models.current_mfe_regressions import radius_acceptance
>       return radius_acceptance(tmp_path_factory.mktemp('wi051')/'acceptance',H)
               ^^^^^^^^^^^^^^^^^^^^^^^^^^^^^^^^^^^^^^^^^^^^^^^^^^^^^^^^^^^^^^^^^^

tests/models/test_mfe_major_radius.py:137: 
_ _ _ _ _ _ _ _ _ _ _ _ _ _ _ _ _ _ _ _ _ _ _ _ _ _ _ _ _ _ _ _ _ _ _ _ _ _ _ _ 

destination = PosixPath('/tmp/pytest-of-reid/pytest-12808/wi0510/acceptance')
historical = PosixPath('/home/reid/1cfe/fusion-tea/work/active/WI-051_mfe-model-owned-major-radius/implementation')

    def radius_acceptance(destination, historical):
        destination = Path(destination)
        destination.mkdir()
        drivers = destination / 'drivers'
        drivers.mkdir()
        ledger = json.loads((FINANCE_EVIDENCE / 'scalar-ledger.json').read_text())['live_ordinary']
        finance = {row['name'] for row in ledger if row['classification'] == 'changed finance'}
        generation = current_generation()
        before = generation.inventory(generation.PACKAGE)
        # WI-057 (2026-09-13): the drivers read the frozen evidence and the package under the new names.
        forward, _ = structure_ledger()
        translated, modules = translate_frozen_radius_evidence(Path(historical), destination, forward)
        # Current economic expectations are independently recomputed; baseline arithmetic may
        # differ by roundoff. This is a bounded tolerance, never omission of these comparisons.
        finance |= restate_wi040_radius_costs(translated)
        for name in ('native', 'direct', 'standalone', 'cli_checks'):
            text = (historical / (name + '.py')).read_text()
            if "Path(__file__).resolve().parent.parent/'prototype'" in text:
                text = replace_once(text, "Path(__file__).resolve().parent.parent/'prototype'", f'Path({str(translated)!r})')
            text = text.replace('Path(__file__).resolve().parent', f'Path({str(historical)!r})')
            if name in ('native', 'direct'):
                text = text.replace("P+'R'", "P+'plasma__R'")
            if name == 'native':
                text = replace_once(text, 'bridge.build(change)', f'bridge.build({WI059_REPLAY!r} | change)')
                text = replace_once(text, "'entering-package/contracts/model_contract.json'", repr(str(translated / 'entering-package/contracts/model_contract.json')))
                text = replace_once(text, "delta['added']==[]",
                                    f"{{x[1] for x in delta['added']}}=={WI040_PARAMETERS | WI038_PARAMETERS | WI058_PARAMETERS | WI059_PARAMETERS | WI059_NATIVE_ONLY_PARAMETERS | WI060_PARAMETERS | WI061_PARAMETERS!r}")
                # WI-058: evaluate R14 at the R-form's length (see K_COIL_RETIRED) so the frozen row stays exact.
                text = replace_once(text, "('R14',{P+'plasma__R':14.0})",
                                    f"('R14',{{P+'plasma__R':14.0,P+'magnet__coil__c_coil_ref':{K_COIL_RETIRED * 14.0!r}}})")
            if name == 'standalone':
                # WI-058: the winding length no longer takes R0 -- its R0-only check leaves the replay (its bore
                # response is tested in test_winding_length_bore.py); the other three magnet calcs keep theirs.
                text = replace_once(text, "('coil_length','mfe_magnet_field','coil_winding_length','Coil_Winding_Length',14/12.7),", '')
                for suffix in ('field_calc', 'stored_energy', 'magnet_cost'):
                    text = replace_once(text, f"('{suffix}',", f"('{modules[suffix]}',")
            if name == 'native':
                text = replace_once(text, "a['outputs'][k]==v if name=='baseline'", f"a['outputs'][k]==v if name=='baseline' and k not in {finance!r}")
                text = replace_once(text,
                    "    assert component[name].get('B_peak',component[name].get('error'))==row.get('B_peak',row.get('error'))",
                    "    if name == 'valid':\n"
                    "        assert component[name]['B_peak'] == row['B_peak']\n"
                    "    else:\n"
                    "        assert component[name]['error'] == 'ValueError'\n"
                    "        domain = 'reference' if name.startswith('reference') else 'live'\n"
                    "        assert domain + ' clearance' in component[name]['message']")
            if name == 'direct':
                text = replace_once(text, 'values.update(change)', f'values.update({WI059_REPLAY!r} | change)')
                # WI-058: evaluate R14 at the R-form's length (see K_COIL_RETIRED) so the frozen row stays exact.
                text = replace_once(text, "'R14':{P+'plasma__R':14.0,",
                                    f"'R14':{{P+'plasma__R':14.0,P+'magnet__coil__c_coil_ref':{K_COIL_RETIRED * 14.0!r},")
                text = replace_once(text, "if name=='baseline' or not isinstance(v,(int,float)):",
                                    f"if (name=='baseline' and k not in {finance!r}) or not isinstance(v,(int,float)):")
                text = replace_once(text, "scalar[k]==v if name=='baseline'", f"scalar[k]==v if name=='baseline' and k not in {finance!r}")
                # WI-053 read the magnet clearance refusal (ValueError) first at three invalid radii. WI-057
                # (2026-09-13): the calcs live on their parts and the regenerated pipeline executes the plasma's
                # sustainment module before the magnet's peak-field module. At the coil-centre and R3 radii the first
                # refusal is the plasma's deliberate SustainmentError (accepted: a different deliberate rejection).
                # At the negative radius it is an incidental TypeError inside plasma__sustain -- an UNRESOLVED
                # regression of the diagnostic, documented here, not repaired (goal structural-decomposition
                # trail, Amendment 2026-09-13; a deliberate non-positive-radius refusal is a model item). The
                # clearance check itself is unchanged and still refuses when reached
                # (test_peak_component_preserves_valid_and_rejects_invalid_domains).
                text = replace_once(text,
                    "classes=['SustainmentError','ZeroDivisionError','SustainmentError','ZeroDivisionError','TypeError']",
                    "classes=['SustainmentError','SustainmentError','SustainmentError','ZeroDivisionError','TypeError']")
            driver = drivers / (name + '.py')
            driver.write_text(text)
            command = [str(ROOT / '.codex-test/run'), 'bash', '-c',
                       'export PYTHONPATH="$PWD:$STOP_PARSER_TEAX_ROOT/packages/teax-simkit" STUDY_REQUIRE_TEAX=1; exec .codex-test/run python "$@"',
                       'current-mfe', str(driver), str(destination)]
            result = subprocess.run(command, cwd=ROOT, capture_output=True, text=True)
            (destination / (name + '.log')).write_text(result.stdout + result.stderr)
>           assert result.returncode == 0, f'{name} failed: {destination / (name + ".log")}'
                   ^^^^^^^^^^^^^^^^^^^^^^
E           AssertionError: native failed: /tmp/pytest-of-reid/pytest-12808/wi0510/acceptance/native.log

tests/models/current_mfe_regressions.py:352: AssertionError
__ ERROR at setup of test_unified_invalid_radius_failure[coil-centre-native] ___

tmp_path_factory = TempPathFactory(_given_basetemp=None, _trace=<pluggy._tracing.TagTracerSub object at 0x7da6d9ef0c20>, _basetemp=PosixPath('/tmp/pytest-of-reid/pytest-12808'), _retention_count=3, _retention_policy='all')

    @pytest.fixture(scope='module')
    def acceptance(tmp_path_factory):
        from tests.models.current_mfe_regressions import radius_acceptance
>       return radius_acceptance(tmp_path_factory.mktemp('wi051')/'acceptance',H)
               ^^^^^^^^^^^^^^^^^^^^^^^^^^^^^^^^^^^^^^^^^^^^^^^^^^^^^^^^^^^^^^^^^^

tests/models/test_mfe_major_radius.py:137: 
_ _ _ _ _ _ _ _ _ _ _ _ _ _ _ _ _ _ _ _ _ _ _ _ _ _ _ _ _ _ _ _ _ _ _ _ _ _ _ _ 

destination = PosixPath('/tmp/pytest-of-reid/pytest-12808/wi0510/acceptance')
historical = PosixPath('/home/reid/1cfe/fusion-tea/work/active/WI-051_mfe-model-owned-major-radius/implementation')

    def radius_acceptance(destination, historical):
        destination = Path(destination)
        destination.mkdir()
        drivers = destination / 'drivers'
        drivers.mkdir()
        ledger = json.loads((FINANCE_EVIDENCE / 'scalar-ledger.json').read_text())['live_ordinary']
        finance = {row['name'] for row in ledger if row['classification'] == 'changed finance'}
        generation = current_generation()
        before = generation.inventory(generation.PACKAGE)
        # WI-057 (2026-09-13): the drivers read the frozen evidence and the package under the new names.
        forward, _ = structure_ledger()
        translated, modules = translate_frozen_radius_evidence(Path(historical), destination, forward)
        # Current economic expectations are independently recomputed; baseline arithmetic may
        # differ by roundoff. This is a bounded tolerance, never omission of these comparisons.
        finance |= restate_wi040_radius_costs(translated)
        for name in ('native', 'direct', 'standalone', 'cli_checks'):
            text = (historical / (name + '.py')).read_text()
            if "Path(__file__).resolve().parent.parent/'prototype'" in text:
                text = replace_once(text, "Path(__file__).resolve().parent.parent/'prototype'", f'Path({str(translated)!r})')
            text = text.replace('Path(__file__).resolve().parent', f'Path({str(historical)!r})')
            if name in ('native', 'direct'):
                text = text.replace("P+'R'", "P+'plasma__R'")
            if name == 'native':
                text = replace_once(text, 'bridge.build(change)', f'bridge.build({WI059_REPLAY!r} | change)')
                text = replace_once(text, "'entering-package/contracts/model_contract.json'", repr(str(translated / 'entering-package/contracts/model_contract.json')))
                text = replace_once(text, "delta['added']==[]",
                                    f"{{x[1] for x in delta['added']}}=={WI040_PARAMETERS | WI038_PARAMETERS | WI058_PARAMETERS | WI059_PARAMETERS | WI059_NATIVE_ONLY_PARAMETERS | WI060_PARAMETERS | WI061_PARAMETERS!r}")
                # WI-058: evaluate R14 at the R-form's length (see K_COIL_RETIRED) so the frozen row stays exact.
                text = replace_once(text, "('R14',{P+'plasma__R':14.0})",
                                    f"('R14',{{P+'plasma__R':14.0,P+'magnet__coil__c_coil_ref':{K_COIL_RETIRED * 14.0!r}}})")
            if name == 'standalone':
                # WI-058: the winding length no longer takes R0 -- its R0-only check leaves the replay (its bore
                # response is tested in test_winding_length_bore.py); the other three magnet calcs keep theirs.
                text = replace_once(text, "('coil_length','mfe_magnet_field','coil_winding_length','Coil_Winding_Length',14/12.7),", '')
                for suffix in ('field_calc', 'stored_energy', 'magnet_cost'):
                    text = replace_once(text, f"('{suffix}',", f"('{modules[suffix]}',")
            if name == 'native':
                text = replace_once(text, "a['outputs'][k]==v if name=='baseline'", f"a['outputs'][k]==v if name=='baseline' and k not in {finance!r}")
                text = replace_once(text,
                    "    assert component[name].get('B_peak',component[name].get('error'))==row.get('B_peak',row.get('error'))",
                    "    if name == 'valid':\n"
                    "        assert component[name]['B_peak'] == row['B_peak']\n"
                    "    else:\n"
                    "        assert component[name]['error'] == 'ValueError'\n"
                    "        domain = 'reference' if name.startswith('reference') else 'live'\n"
                    "        assert domain + ' clearance' in component[name]['message']")
            if name == 'direct':
                text = replace_once(text, 'values.update(change)', f'values.update({WI059_REPLAY!r} | change)')
                # WI-058: evaluate R14 at the R-form's length (see K_COIL_RETIRED) so the frozen row stays exact.
                text = replace_once(text, "'R14':{P+'plasma__R':14.0,",
                                    f"'R14':{{P+'plasma__R':14.0,P+'magnet__coil__c_coil_ref':{K_COIL_RETIRED * 14.0!r},")
                text = replace_once(text, "if name=='baseline' or not isinstance(v,(int,float)):",
                                    f"if (name=='baseline' and k not in {finance!r}) or not isinstance(v,(int,float)):")
                text = replace_once(text, "scalar[k]==v if name=='baseline'", f"scalar[k]==v if name=='baseline' and k not in {finance!r}")
                # WI-053 read the magnet clearance refusal (ValueError) first at three invalid radii. WI-057
                # (2026-09-13): the calcs live on their parts and the regenerated pipeline executes the plasma's
                # sustainment module before the magnet's peak-field module. At the coil-centre and R3 radii the first
                # refusal is the plasma's deliberate SustainmentError (accepted: a different deliberate rejection).
                # At the negative radius it is an incidental TypeError inside plasma__sustain -- an UNRESOLVED
                # regression of the diagnostic, documented here, not repaired (goal structural-decomposition
                # trail, Amendment 2026-09-13; a deliberate non-positive-radius refusal is a model item). The
                # clearance check itself is unchanged and still refuses when reached
                # (test_peak_component_preserves_valid_and_rejects_invalid_domains).
                text = replace_once(text,
                    "classes=['SustainmentError','ZeroDivisionError','SustainmentError','ZeroDivisionError','TypeError']",
                    "classes=['SustainmentError','SustainmentError','SustainmentError','ZeroDivisionError','TypeError']")
            driver = drivers / (name + '.py')
            driver.write_text(text)
            command = [str(ROOT / '.codex-test/run'), 'bash', '-c',
                       'export PYTHONPATH="$PWD:$STOP_PARSER_TEAX_ROOT/packages/teax-simkit" STUDY_REQUIRE_TEAX=1; exec .codex-test/run python "$@"',
                       'current-mfe', str(driver), str(destination)]
            result = subprocess.run(command, cwd=ROOT, capture_output=True, text=True)
            (destination / (name + '.log')).write_text(result.stdout + result.stderr)
>           assert result.returncode == 0, f'{name} failed: {destination / (name + ".log")}'
                   ^^^^^^^^^^^^^^^^^^^^^^
E           AssertionError: native failed: /tmp/pytest-of-reid/pytest-12808/wi0510/acceptance/native.log

tests/models/current_mfe_regressions.py:352: AssertionError
__ ERROR at setup of test_unified_invalid_radius_failure[coil-centre-helper] ___

tmp_path_factory = TempPathFactory(_given_basetemp=None, _trace=<pluggy._tracing.TagTracerSub object at 0x7da6d9ef0c20>, _basetemp=PosixPath('/tmp/pytest-of-reid/pytest-12808'), _retention_count=3, _retention_policy='all')

    @pytest.fixture(scope='module')
    def acceptance(tmp_path_factory):
        from tests.models.current_mfe_regressions import radius_acceptance
>       return radius_acceptance(tmp_path_factory.mktemp('wi051')/'acceptance',H)
               ^^^^^^^^^^^^^^^^^^^^^^^^^^^^^^^^^^^^^^^^^^^^^^^^^^^^^^^^^^^^^^^^^^

tests/models/test_mfe_major_radius.py:137: 
_ _ _ _ _ _ _ _ _ _ _ _ _ _ _ _ _ _ _ _ _ _ _ _ _ _ _ _ _ _ _ _ _ _ _ _ _ _ _ _ 

destination = PosixPath('/tmp/pytest-of-reid/pytest-12808/wi0510/acceptance')
historical = PosixPath('/home/reid/1cfe/fusion-tea/work/active/WI-051_mfe-model-owned-major-radius/implementation')

    def radius_acceptance(destination, historical):
        destination = Path(destination)
        destination.mkdir()
        drivers = destination / 'drivers'
        drivers.mkdir()
        ledger = json.loads((FINANCE_EVIDENCE / 'scalar-ledger.json').read_text())['live_ordinary']
        finance = {row['name'] for row in ledger if row['classification'] == 'changed finance'}
        generation = current_generation()
        before = generation.inventory(generation.PACKAGE)
        # WI-057 (2026-09-13): the drivers read the frozen evidence and the package under the new names.
        forward, _ = structure_ledger()
        translated, modules = translate_frozen_radius_evidence(Path(historical), destination, forward)
        # Current economic expectations are independently recomputed; baseline arithmetic may
        # differ by roundoff. This is a bounded tolerance, never omission of these comparisons.
        finance |= restate_wi040_radius_costs(translated)
        for name in ('native', 'direct', 'standalone', 'cli_checks'):
            text = (historical / (name + '.py')).read_text()
            if "Path(__file__).resolve().parent.parent/'prototype'" in text:
                text = replace_once(text, "Path(__file__).resolve().parent.parent/'prototype'", f'Path({str(translated)!r})')
            text = text.replace('Path(__file__).resolve().parent', f'Path({str(historical)!r})')
            if name in ('native', 'direct'):
                text = text.replace("P+'R'", "P+'plasma__R'")
            if name == 'native':
                text = replace_once(text, 'bridge.build(change)', f'bridge.build({WI059_REPLAY!r} | change)')
                text = replace_once(text, "'entering-package/contracts/model_contract.json'", repr(str(translated / 'entering-package/contracts/model_contract.json')))
                text = replace_once(text, "delta['added']==[]",
                                    f"{{x[1] for x in delta['added']}}=={WI040_PARAMETERS | WI038_PARAMETERS | WI058_PARAMETERS | WI059_PARAMETERS | WI059_NATIVE_ONLY_PARAMETERS | WI060_PARAMETERS | WI061_PARAMETERS!r}")
                # WI-058: evaluate R14 at the R-form's length (see K_COIL_RETIRED) so the frozen row stays exact.
                text = replace_once(text, "('R14',{P+'plasma__R':14.0})",
                                    f"('R14',{{P+'plasma__R':14.0,P+'magnet__coil__c_coil_ref':{K_COIL_RETIRED * 14.0!r}}})")
            if name == 'standalone':
                # WI-058: the winding length no longer takes R0 -- its R0-only check leaves the replay (its bore
                # response is tested in test_winding_length_bore.py); the other three magnet calcs keep theirs.
                text = replace_once(text, "('coil_length','mfe_magnet_field','coil_winding_length','Coil_Winding_Length',14/12.7),", '')
                for suffix in ('field_calc', 'stored_energy', 'magnet_cost'):
                    text = replace_once(text, f"('{suffix}',", f"('{modules[suffix]}',")
            if name == 'native':
                text = replace_once(text, "a['outputs'][k]==v if name=='baseline'", f"a['outputs'][k]==v if name=='baseline' and k not in {finance!r}")
                text = replace_once(text,
                    "    assert component[name].get('B_peak',component[name].get('error'))==row.get('B_peak',row.get('error'))",
                    "    if name == 'valid':\n"
                    "        assert component[name]['B_peak'] == row['B_peak']\n"
                    "    else:\n"
                    "        assert component[name]['error'] == 'ValueError'\n"
                    "        domain = 'reference' if name.startswith('reference') else 'live'\n"
                    "        assert domain + ' clearance' in component[name]['message']")
            if name == 'direct':
                text = replace_once(text, 'values.update(change)', f'values.update({WI059_REPLAY!r} | change)')
                # WI-058: evaluate R14 at the R-form's length (see K_COIL_RETIRED) so the frozen row stays exact.
                text = replace_once(text, "'R14':{P+'plasma__R':14.0,",
                                    f"'R14':{{P+'plasma__R':14.0,P+'magnet__coil__c_coil_ref':{K_COIL_RETIRED * 14.0!r},")
                text = replace_once(text, "if name=='baseline' or not isinstance(v,(int,float)):",
                                    f"if (name=='baseline' and k not in {finance!r}) or not isinstance(v,(int,float)):")
                text = replace_once(text, "scalar[k]==v if name=='baseline'", f"scalar[k]==v if name=='baseline' and k not in {finance!r}")
                # WI-053 read the magnet clearance refusal (ValueError) first at three invalid radii. WI-057
                # (2026-09-13): the calcs live on their parts and the regenerated pipeline executes the plasma's
                # sustainment module before the magnet's peak-field module. At the coil-centre and R3 radii the first
                # refusal is the plasma's deliberate SustainmentError (accepted: a different deliberate rejection).
                # At the negative radius it is an incidental TypeError inside plasma__sustain -- an UNRESOLVED
                # regression of the diagnostic, documented here, not repaired (goal structural-decomposition
                # trail, Amendment 2026-09-13; a deliberate non-positive-radius refusal is a model item). The
                # clearance check itself is unchanged and still refuses when reached
                # (test_peak_component_preserves_valid_and_rejects_invalid_domains).
                text = replace_once(text,
                    "classes=['SustainmentError','ZeroDivisionError','SustainmentError','ZeroDivisionError','TypeError']",
                    "classes=['SustainmentError','SustainmentError','SustainmentError','ZeroDivisionError','TypeError']")
            driver = drivers / (name + '.py')
            driver.write_text(text)
            command = [str(ROOT / '.codex-test/run'), 'bash', '-c',
                       'export PYTHONPATH="$PWD:$STOP_PARSER_TEAX_ROOT/packages/teax-simkit" STUDY_REQUIRE_TEAX=1; exec .codex-test/run python "$@"',
                       'current-mfe', str(driver), str(destination)]
            result = subprocess.run(command, cwd=ROOT, capture_output=True, text=True)
            (destination / (name + '.log')).write_text(result.stdout + result.stderr)
>           assert result.returncode == 0, f'{name} failed: {destination / (name + ".log")}'
                   ^^^^^^^^^^^^^^^^^^^^^^
E           AssertionError: native failed: /tmp/pytest-of-reid/pytest-12808/wi0510/acceptance/native.log

tests/models/current_mfe_regressions.py:352: AssertionError
__ ERROR at setup of test_unified_invalid_radius_failure[coil-centre-single] ___

tmp_path_factory = TempPathFactory(_given_basetemp=None, _trace=<pluggy._tracing.TagTracerSub object at 0x7da6d9ef0c20>, _basetemp=PosixPath('/tmp/pytest-of-reid/pytest-12808'), _retention_count=3, _retention_policy='all')

    @pytest.fixture(scope='module')
    def acceptance(tmp_path_factory):
        from tests.models.current_mfe_regressions import radius_acceptance
>       return radius_acceptance(tmp_path_factory.mktemp('wi051')/'acceptance',H)
               ^^^^^^^^^^^^^^^^^^^^^^^^^^^^^^^^^^^^^^^^^^^^^^^^^^^^^^^^^^^^^^^^^^

tests/models/test_mfe_major_radius.py:137: 
_ _ _ _ _ _ _ _ _ _ _ _ _ _ _ _ _ _ _ _ _ _ _ _ _ _ _ _ _ _ _ _ _ _ _ _ _ _ _ _ 

destination = PosixPath('/tmp/pytest-of-reid/pytest-12808/wi0510/acceptance')
historical = PosixPath('/home/reid/1cfe/fusion-tea/work/active/WI-051_mfe-model-owned-major-radius/implementation')

    def radius_acceptance(destination, historical):
        destination = Path(destination)
        destination.mkdir()
        drivers = destination / 'drivers'
        drivers.mkdir()
        ledger = json.loads((FINANCE_EVIDENCE / 'scalar-ledger.json').read_text())['live_ordinary']
        finance = {row['name'] for row in ledger if row['classification'] == 'changed finance'}
        generation = current_generation()
        before = generation.inventory(generation.PACKAGE)
        # WI-057 (2026-09-13): the drivers read the frozen evidence and the package under the new names.
        forward, _ = structure_ledger()
        translated, modules = translate_frozen_radius_evidence(Path(historical), destination, forward)
        # Current economic expectations are independently recomputed; baseline arithmetic may
        # differ by roundoff. This is a bounded tolerance, never omission of these comparisons.
        finance |= restate_wi040_radius_costs(translated)
        for name in ('native', 'direct', 'standalone', 'cli_checks'):
            text = (historical / (name + '.py')).read_text()
            if "Path(__file__).resolve().parent.parent/'prototype'" in text:
                text = replace_once(text, "Path(__file__).resolve().parent.parent/'prototype'", f'Path({str(translated)!r})')
            text = text.replace('Path(__file__).resolve().parent', f'Path({str(historical)!r})')
            if name in ('native', 'direct'):
                text = text.replace("P+'R'", "P+'plasma__R'")
            if name == 'native':
                text = replace_once(text, 'bridge.build(change)', f'bridge.build({WI059_REPLAY!r} | change)')
                text = replace_once(text, "'entering-package/contracts/model_contract.json'", repr(str(translated / 'entering-package/contracts/model_contract.json')))
                text = replace_once(text, "delta['added']==[]",
                                    f"{{x[1] for x in delta['added']}}=={WI040_PARAMETERS | WI038_PARAMETERS | WI058_PARAMETERS | WI059_PARAMETERS | WI059_NATIVE_ONLY_PARAMETERS | WI060_PARAMETERS | WI061_PARAMETERS!r}")
                # WI-058: evaluate R14 at the R-form's length (see K_COIL_RETIRED) so the frozen row stays exact.
                text = replace_once(text, "('R14',{P+'plasma__R':14.0})",
                                    f"('R14',{{P+'plasma__R':14.0,P+'magnet__coil__c_coil_ref':{K_COIL_RETIRED * 14.0!r}}})")
            if name == 'standalone':
                # WI-058: the winding length no longer takes R0 -- its R0-only check leaves the replay (its bore
                # response is tested in test_winding_length_bore.py); the other three magnet calcs keep theirs.
                text = replace_once(text, "('coil_length','mfe_magnet_field','coil_winding_length','Coil_Winding_Length',14/12.7),", '')
                for suffix in ('field_calc', 'stored_energy', 'magnet_cost'):
                    text = replace_once(text, f"('{suffix}',", f"('{modules[suffix]}',")
            if name == 'native':
                text = replace_once(text, "a['outputs'][k]==v if name=='baseline'", f"a['outputs'][k]==v if name=='baseline' and k not in {finance!r}")
                text = replace_once(text,
                    "    assert component[name].get('B_peak',component[name].get('error'))==row.get('B_peak',row.get('error'))",
                    "    if name == 'valid':\n"
                    "        assert component[name]['B_peak'] == row['B_peak']\n"
                    "    else:\n"
                    "        assert component[name]['error'] == 'ValueError'\n"
                    "        domain = 'reference' if name.startswith('reference') else 'live'\n"
                    "        assert domain + ' clearance' in component[name]['message']")
            if name == 'direct':
                text = replace_once(text, 'values.update(change)', f'values.update({WI059_REPLAY!r} | change)')
                # WI-058: evaluate R14 at the R-form's length (see K_COIL_RETIRED) so the frozen row stays exact.
                text = replace_once(text, "'R14':{P+'plasma__R':14.0,",
                                    f"'R14':{{P+'plasma__R':14.0,P+'magnet__coil__c_coil_ref':{K_COIL_RETIRED * 14.0!r},")
                text = replace_once(text, "if name=='baseline' or not isinstance(v,(int,float)):",
                                    f"if (name=='baseline' and k not in {finance!r}) or not isinstance(v,(int,float)):")
                text = replace_once(text, "scalar[k]==v if name=='baseline'", f"scalar[k]==v if name=='baseline' and k not in {finance!r}")
                # WI-053 read the magnet clearance refusal (ValueError) first at three invalid radii. WI-057
                # (2026-09-13): the calcs live on their parts and the regenerated pipeline executes the plasma's
                # sustainment module before the magnet's peak-field module. At the coil-centre and R3 radii the first
                # refusal is the plasma's deliberate SustainmentError (accepted: a different deliberate rejection).
                # At the negative radius it is an incidental TypeError inside plasma__sustain -- an UNRESOLVED
                # regression of the diagnostic, documented here, not repaired (goal structural-decomposition
                # trail, Amendment 2026-09-13; a deliberate non-positive-radius refusal is a model item). The
                # clearance check itself is unchanged and still refuses when reached
                # (test_peak_component_preserves_valid_and_rejects_invalid_domains).
                text = replace_once(text,
                    "classes=['SustainmentError','ZeroDivisionError','SustainmentError','ZeroDivisionError','TypeError']",
                    "classes=['SustainmentError','SustainmentError','SustainmentError','ZeroDivisionError','TypeError']")
            driver = drivers / (name + '.py')
            driver.write_text(text)
            command = [str(ROOT / '.codex-test/run'), 'bash', '-c',
                       'export PYTHONPATH="$PWD:$STOP_PARSER_TEAX_ROOT/packages/teax-simkit" STUDY_REQUIRE_TEAX=1; exec .codex-test/run python "$@"',
                       'current-mfe', str(driver), str(destination)]
            result = subprocess.run(command, cwd=ROOT, capture_output=True, text=True)
            (destination / (name + '.log')).write_text(result.stdout + result.stderr)
>           assert result.returncode == 0, f'{name} failed: {destination / (name + ".log")}'
                   ^^^^^^^^^^^^^^^^^^^^^^
E           AssertionError: native failed: /tmp/pytest-of-reid/pytest-12808/wi0510/acceptance/native.log

tests/models/current_mfe_regressions.py:352: AssertionError
_______ ERROR at setup of test_unified_invalid_radius_failure[R3-native] _______

tmp_path_factory = TempPathFactory(_given_basetemp=None, _trace=<pluggy._tracing.TagTracerSub object at 0x7da6d9ef0c20>, _basetemp=PosixPath('/tmp/pytest-of-reid/pytest-12808'), _retention_count=3, _retention_policy='all')

    @pytest.fixture(scope='module')
    def acceptance(tmp_path_factory):
        from tests.models.current_mfe_regressions import radius_acceptance
>       return radius_acceptance(tmp_path_factory.mktemp('wi051')/'acceptance',H)
               ^^^^^^^^^^^^^^^^^^^^^^^^^^^^^^^^^^^^^^^^^^^^^^^^^^^^^^^^^^^^^^^^^^

tests/models/test_mfe_major_radius.py:137: 
_ _ _ _ _ _ _ _ _ _ _ _ _ _ _ _ _ _ _ _ _ _ _ _ _ _ _ _ _ _ _ _ _ _ _ _ _ _ _ _ 

destination = PosixPath('/tmp/pytest-of-reid/pytest-12808/wi0510/acceptance')
historical = PosixPath('/home/reid/1cfe/fusion-tea/work/active/WI-051_mfe-model-owned-major-radius/implementation')

    def radius_acceptance(destination, historical):
        destination = Path(destination)
        destination.mkdir()
        drivers = destination / 'drivers'
        drivers.mkdir()
        ledger = json.loads((FINANCE_EVIDENCE / 'scalar-ledger.json').read_text())['live_ordinary']
        finance = {row['name'] for row in ledger if row['classification'] == 'changed finance'}
        generation = current_generation()
        before = generation.inventory(generation.PACKAGE)
        # WI-057 (2026-09-13): the drivers read the frozen evidence and the package under the new names.
        forward, _ = structure_ledger()
        translated, modules = translate_frozen_radius_evidence(Path(historical), destination, forward)
        # Current economic expectations are independently recomputed; baseline arithmetic may
        # differ by roundoff. This is a bounded tolerance, never omission of these comparisons.
        finance |= restate_wi040_radius_costs(translated)
        for name in ('native', 'direct', 'standalone', 'cli_checks'):
            text = (historical / (name + '.py')).read_text()
            if "Path(__file__).resolve().parent.parent/'prototype'" in text:
                text = replace_once(text, "Path(__file__).resolve().parent.parent/'prototype'", f'Path({str(translated)!r})')
            text = text.replace('Path(__file__).resolve().parent', f'Path({str(historical)!r})')
            if name in ('native', 'direct'):
                text = text.replace("P+'R'", "P+'plasma__R'")
            if name == 'native':
                text = replace_once(text, 'bridge.build(change)', f'bridge.build({WI059_REPLAY!r} | change)')
                text = replace_once(text, "'entering-package/contracts/model_contract.json'", repr(str(translated / 'entering-package/contracts/model_contract.json')))
                text = replace_once(text, "delta['added']==[]",
                                    f"{{x[1] for x in delta['added']}}=={WI040_PARAMETERS | WI038_PARAMETERS | WI058_PARAMETERS | WI059_PARAMETERS | WI059_NATIVE_ONLY_PARAMETERS | WI060_PARAMETERS | WI061_PARAMETERS!r}")
                # WI-058: evaluate R14 at the R-form's length (see K_COIL_RETIRED) so the frozen row stays exact.
                text = replace_once(text, "('R14',{P+'plasma__R':14.0})",
                                    f"('R14',{{P+'plasma__R':14.0,P+'magnet__coil__c_coil_ref':{K_COIL_RETIRED * 14.0!r}}})")
            if name == 'standalone':
                # WI-058: the winding length no longer takes R0 -- its R0-only check leaves the replay (its bore
                # response is tested in test_winding_length_bore.py); the other three magnet calcs keep theirs.
                text = replace_once(text, "('coil_length','mfe_magnet_field','coil_winding_length','Coil_Winding_Length',14/12.7),", '')
                for suffix in ('field_calc', 'stored_energy', 'magnet_cost'):
                    text = replace_once(text, f"('{suffix}',", f"('{modules[suffix]}',")
            if name == 'native':
                text = replace_once(text, "a['outputs'][k]==v if name=='baseline'", f"a['outputs'][k]==v if name=='baseline' and k not in {finance!r}")
                text = replace_once(text,
                    "    assert component[name].get('B_peak',component[name].get('error'))==row.get('B_peak',row.get('error'))",
                    "    if name == 'valid':\n"
                    "        assert component[name]['B_peak'] == row['B_peak']\n"
                    "    else:\n"
                    "        assert component[name]['error'] == 'ValueError'\n"
                    "        domain = 'reference' if name.startswith('reference') else 'live'\n"
                    "        assert domain + ' clearance' in component[name]['message']")
            if name == 'direct':
                text = replace_once(text, 'values.update(change)', f'values.update({WI059_REPLAY!r} | change)')
                # WI-058: evaluate R14 at the R-form's length (see K_COIL_RETIRED) so the frozen row stays exact.
                text = replace_once(text, "'R14':{P+'plasma__R':14.0,",
                                    f"'R14':{{P+'plasma__R':14.0,P+'magnet__coil__c_coil_ref':{K_COIL_RETIRED * 14.0!r},")
                text = replace_once(text, "if name=='baseline' or not isinstance(v,(int,float)):",
                                    f"if (name=='baseline' and k not in {finance!r}) or not isinstance(v,(int,float)):")
                text = replace_once(text, "scalar[k]==v if name=='baseline'", f"scalar[k]==v if name=='baseline' and k not in {finance!r}")
                # WI-053 read the magnet clearance refusal (ValueError) first at three invalid radii. WI-057
                # (2026-09-13): the calcs live on their parts and the regenerated pipeline executes the plasma's
                # sustainment module before the magnet's peak-field module. At the coil-centre and R3 radii the first
                # refusal is the plasma's deliberate SustainmentError (accepted: a different deliberate rejection).
                # At the negative radius it is an incidental TypeError inside plasma__sustain -- an UNRESOLVED
                # regression of the diagnostic, documented here, not repaired (goal structural-decomposition
                # trail, Amendment 2026-09-13; a deliberate non-positive-radius refusal is a model item). The
                # clearance check itself is unchanged and still refuses when reached
                # (test_peak_component_preserves_valid_and_rejects_invalid_domains).
                text = replace_once(text,
                    "classes=['SustainmentError','ZeroDivisionError','SustainmentError','ZeroDivisionError','TypeError']",
                    "classes=['SustainmentError','SustainmentError','SustainmentError','ZeroDivisionError','TypeError']")
            driver = drivers / (name + '.py')
            driver.write_text(text)
            command = [str(ROOT / '.codex-test/run'), 'bash', '-c',
                       'export PYTHONPATH="$PWD:$STOP_PARSER_TEAX_ROOT/packages/teax-simkit" STUDY_REQUIRE_TEAX=1; exec .codex-test/run python "$@"',
                       'current-mfe', str(driver), str(destination)]
            result = subprocess.run(command, cwd=ROOT, capture_output=True, text=True)
            (destination / (name + '.log')).write_text(result.stdout + result.stderr)
>           assert result.returncode == 0, f'{name} failed: {destination / (name + ".log")}'
                   ^^^^^^^^^^^^^^^^^^^^^^
E           AssertionError: native failed: /tmp/pytest-of-reid/pytest-12808/wi0510/acceptance/native.log

tests/models/current_mfe_regressions.py:352: AssertionError
_______ ERROR at setup of test_unified_invalid_radius_failure[R3-helper] _______

tmp_path_factory = TempPathFactory(_given_basetemp=None, _trace=<pluggy._tracing.TagTracerSub object at 0x7da6d9ef0c20>, _basetemp=PosixPath('/tmp/pytest-of-reid/pytest-12808'), _retention_count=3, _retention_policy='all')

    @pytest.fixture(scope='module')
    def acceptance(tmp_path_factory):
        from tests.models.current_mfe_regressions import radius_acceptance
>       return radius_acceptance(tmp_path_factory.mktemp('wi051')/'acceptance',H)
               ^^^^^^^^^^^^^^^^^^^^^^^^^^^^^^^^^^^^^^^^^^^^^^^^^^^^^^^^^^^^^^^^^^

tests/models/test_mfe_major_radius.py:137: 
_ _ _ _ _ _ _ _ _ _ _ _ _ _ _ _ _ _ _ _ _ _ _ _ _ _ _ _ _ _ _ _ _ _ _ _ _ _ _ _ 

destination = PosixPath('/tmp/pytest-of-reid/pytest-12808/wi0510/acceptance')
historical = PosixPath('/home/reid/1cfe/fusion-tea/work/active/WI-051_mfe-model-owned-major-radius/implementation')

    def radius_acceptance(destination, historical):
        destination = Path(destination)
        destination.mkdir()
        drivers = destination / 'drivers'
        drivers.mkdir()
        ledger = json.loads((FINANCE_EVIDENCE / 'scalar-ledger.json').read_text())['live_ordinary']
        finance = {row['name'] for row in ledger if row['classification'] == 'changed finance'}
        generation = current_generation()
        before = generation.inventory(generation.PACKAGE)
        # WI-057 (2026-09-13): the drivers read the frozen evidence and the package under the new names.
        forward, _ = structure_ledger()
        translated, modules = translate_frozen_radius_evidence(Path(historical), destination, forward)
        # Current economic expectations are independently recomputed; baseline arithmetic may
        # differ by roundoff. This is a bounded tolerance, never omission of these comparisons.
        finance |= restate_wi040_radius_costs(translated)
        for name in ('native', 'direct', 'standalone', 'cli_checks'):
            text = (historical / (name + '.py')).read_text()
            if "Path(__file__).resolve().parent.parent/'prototype'" in text:
                text = replace_once(text, "Path(__file__).resolve().parent.parent/'prototype'", f'Path({str(translated)!r})')
            text = text.replace('Path(__file__).resolve().parent', f'Path({str(historical)!r})')
            if name in ('native', 'direct'):
                text = text.replace("P+'R'", "P+'plasma__R'")
            if name == 'native':
                text = replace_once(text, 'bridge.build(change)', f'bridge.build({WI059_REPLAY!r} | change)')
                text = replace_once(text, "'entering-package/contracts/model_contract.json'", repr(str(translated / 'entering-package/contracts/model_contract.json')))
                text = replace_once(text, "delta['added']==[]",
                                    f"{{x[1] for x in delta['added']}}=={WI040_PARAMETERS | WI038_PARAMETERS | WI058_PARAMETERS | WI059_PARAMETERS | WI059_NATIVE_ONLY_PARAMETERS | WI060_PARAMETERS | WI061_PARAMETERS!r}")
                # WI-058: evaluate R14 at the R-form's length (see K_COIL_RETIRED) so the frozen row stays exact.
                text = replace_once(text, "('R14',{P+'plasma__R':14.0})",
                                    f"('R14',{{P+'plasma__R':14.0,P+'magnet__coil__c_coil_ref':{K_COIL_RETIRED * 14.0!r}}})")
            if name == 'standalone':
                # WI-058: the winding length no longer takes R0 -- its R0-only check leaves the replay (its bore
                # response is tested in test_winding_length_bore.py); the other three magnet calcs keep theirs.
                text = replace_once(text, "('coil_length','mfe_magnet_field','coil_winding_length','Coil_Winding_Length',14/12.7),", '')
                for suffix in ('field_calc', 'stored_energy', 'magnet_cost'):
                    text = replace_once(text, f"('{suffix}',", f"('{modules[suffix]}',")
            if name == 'native':
                text = replace_once(text, "a['outputs'][k]==v if name=='baseline'", f"a['outputs'][k]==v if name=='baseline' and k not in {finance!r}")
                text = replace_once(text,
                    "    assert component[name].get('B_peak',component[name].get('error'))==row.get('B_peak',row.get('error'))",
                    "    if name == 'valid':\n"
                    "        assert component[name]['B_peak'] == row['B_peak']\n"
                    "    else:\n"
                    "        assert component[name]['error'] == 'ValueError'\n"
                    "        domain = 'reference' if name.startswith('reference') else 'live'\n"
                    "        assert domain + ' clearance' in component[name]['message']")
            if name == 'direct':
                text = replace_once(text, 'values.update(change)', f'values.update({WI059_REPLAY!r} | change)')
                # WI-058: evaluate R14 at the R-form's length (see K_COIL_RETIRED) so the frozen row stays exact.
                text = replace_once(text, "'R14':{P+'plasma__R':14.0,",
                                    f"'R14':{{P+'plasma__R':14.0,P+'magnet__coil__c_coil_ref':{K_COIL_RETIRED * 14.0!r},")
                text = replace_once(text, "if name=='baseline' or not isinstance(v,(int,float)):",
                                    f"if (name=='baseline' and k not in {finance!r}) or not isinstance(v,(int,float)):")
                text = replace_once(text, "scalar[k]==v if name=='baseline'", f"scalar[k]==v if name=='baseline' and k not in {finance!r}")
                # WI-053 read the magnet clearance refusal (ValueError) first at three invalid radii. WI-057
                # (2026-09-13): the calcs live on their parts and the regenerated pipeline executes the plasma's
                # sustainment module before the magnet's peak-field module. At the coil-centre and R3 radii the first
                # refusal is the plasma's deliberate SustainmentError (accepted: a different deliberate rejection).
                # At the negative radius it is an incidental TypeError inside plasma__sustain -- an UNRESOLVED
                # regression of the diagnostic, documented here, not repaired (goal structural-decomposition
                # trail, Amendment 2026-09-13; a deliberate non-positive-radius refusal is a model item). The
                # clearance check itself is unchanged and still refuses when reached
                # (test_peak_component_preserves_valid_and_rejects_invalid_domains).
                text = replace_once(text,
                    "classes=['SustainmentError','ZeroDivisionError','SustainmentError','ZeroDivisionError','TypeError']",
                    "classes=['SustainmentError','SustainmentError','SustainmentError','ZeroDivisionError','TypeError']")
            driver = drivers / (name + '.py')
            driver.write_text(text)
            command = [str(ROOT / '.codex-test/run'), 'bash', '-c',
                       'export PYTHONPATH="$PWD:$STOP_PARSER_TEAX_ROOT/packages/teax-simkit" STUDY_REQUIRE_TEAX=1; exec .codex-test/run python "$@"',
                       'current-mfe', str(driver), str(destination)]
            result = subprocess.run(command, cwd=ROOT, capture_output=True, text=True)
            (destination / (name + '.log')).write_text(result.stdout + result.stderr)
>           assert result.returncode == 0, f'{name} failed: {destination / (name + ".log")}'
                   ^^^^^^^^^^^^^^^^^^^^^^
E           AssertionError: native failed: /tmp/pytest-of-reid/pytest-12808/wi0510/acceptance/native.log

tests/models/current_mfe_regressions.py:352: AssertionError
_______ ERROR at setup of test_unified_invalid_radius_failure[R3-single] _______

tmp_path_factory = TempPathFactory(_given_basetemp=None, _trace=<pluggy._tracing.TagTracerSub object at 0x7da6d9ef0c20>, _basetemp=PosixPath('/tmp/pytest-of-reid/pytest-12808'), _retention_count=3, _retention_policy='all')

    @pytest.fixture(scope='module')
    def acceptance(tmp_path_factory):
        from tests.models.current_mfe_regressions import radius_acceptance
>       return radius_acceptance(tmp_path_factory.mktemp('wi051')/'acceptance',H)
               ^^^^^^^^^^^^^^^^^^^^^^^^^^^^^^^^^^^^^^^^^^^^^^^^^^^^^^^^^^^^^^^^^^

tests/models/test_mfe_major_radius.py:137: 
_ _ _ _ _ _ _ _ _ _ _ _ _ _ _ _ _ _ _ _ _ _ _ _ _ _ _ _ _ _ _ _ _ _ _ _ _ _ _ _ 

destination = PosixPath('/tmp/pytest-of-reid/pytest-12808/wi0510/acceptance')
historical = PosixPath('/home/reid/1cfe/fusion-tea/work/active/WI-051_mfe-model-owned-major-radius/implementation')

    def radius_acceptance(destination, historical):
        destination = Path(destination)
        destination.mkdir()
        drivers = destination / 'drivers'
        drivers.mkdir()
        ledger = json.loads((FINANCE_EVIDENCE / 'scalar-ledger.json').read_text())['live_ordinary']
        finance = {row['name'] for row in ledger if row['classification'] == 'changed finance'}
        generation = current_generation()
        before = generation.inventory(generation.PACKAGE)
        # WI-057 (2026-09-13): the drivers read the frozen evidence and the package under the new names.
        forward, _ = structure_ledger()
        translated, modules = translate_frozen_radius_evidence(Path(historical), destination, forward)
        # Current economic expectations are independently recomputed; baseline arithmetic may
        # differ by roundoff. This is a bounded tolerance, never omission of these comparisons.
        finance |= restate_wi040_radius_costs(translated)
        for name in ('native', 'direct', 'standalone', 'cli_checks'):
            text = (historical / (name + '.py')).read_text()
            if "Path(__file__).resolve().parent.parent/'prototype'" in text:
                text = replace_once(text, "Path(__file__).resolve().parent.parent/'prototype'", f'Path({str(translated)!r})')
            text = text.replace('Path(__file__).resolve().parent', f'Path({str(historical)!r})')
            if name in ('native', 'direct'):
                text = text.replace("P+'R'", "P+'plasma__R'")
            if name == 'native':
                text = replace_once(text, 'bridge.build(change)', f'bridge.build({WI059_REPLAY!r} | change)')
                text = replace_once(text, "'entering-package/contracts/model_contract.json'", repr(str(translated / 'entering-package/contracts/model_contract.json')))
                text = replace_once(text, "delta['added']==[]",
                                    f"{{x[1] for x in delta['added']}}=={WI040_PARAMETERS | WI038_PARAMETERS | WI058_PARAMETERS | WI059_PARAMETERS | WI059_NATIVE_ONLY_PARAMETERS | WI060_PARAMETERS | WI061_PARAMETERS!r}")
                # WI-058: evaluate R14 at the R-form's length (see K_COIL_RETIRED) so the frozen row stays exact.
                text = replace_once(text, "('R14',{P+'plasma__R':14.0})",
                                    f"('R14',{{P+'plasma__R':14.0,P+'magnet__coil__c_coil_ref':{K_COIL_RETIRED * 14.0!r}}})")
            if name == 'standalone':
                # WI-058: the winding length no longer takes R0 -- its R0-only check leaves the replay (its bore
                # response is tested in test_winding_length_bore.py); the other three magnet calcs keep theirs.
                text = replace_once(text, "('coil_length','mfe_magnet_field','coil_winding_length','Coil_Winding_Length',14/12.7),", '')
                for suffix in ('field_calc', 'stored_energy', 'magnet_cost'):
                    text = replace_once(text, f"('{suffix}',", f"('{modules[suffix]}',")
            if name == 'native':
                text = replace_once(text, "a['outputs'][k]==v if name=='baseline'", f"a['outputs'][k]==v if name=='baseline' and k not in {finance!r}")
                text = replace_once(text,
                    "    assert component[name].get('B_peak',component[name].get('error'))==row.get('B_peak',row.get('error'))",
                    "    if name == 'valid':\n"
                    "        assert component[name]['B_peak'] == row['B_peak']\n"
                    "    else:\n"
                    "        assert component[name]['error'] == 'ValueError'\n"
                    "        domain = 'reference' if name.startswith('reference') else 'live'\n"
                    "        assert domain + ' clearance' in component[name]['message']")
            if name == 'direct':
                text = replace_once(text, 'values.update(change)', f'values.update({WI059_REPLAY!r} | change)')
                # WI-058: evaluate R14 at the R-form's length (see K_COIL_RETIRED) so the frozen row stays exact.
                text = replace_once(text, "'R14':{P+'plasma__R':14.0,",
                                    f"'R14':{{P+'plasma__R':14.0,P+'magnet__coil__c_coil_ref':{K_COIL_RETIRED * 14.0!r},")
                text = replace_once(text, "if name=='baseline' or not isinstance(v,(int,float)):",
                                    f"if (name=='baseline' and k not in {finance!r}) or not isinstance(v,(int,float)):")
                text = replace_once(text, "scalar[k]==v if name=='baseline'", f"scalar[k]==v if name=='baseline' and k not in {finance!r}")
                # WI-053 read the magnet clearance refusal (ValueError) first at three invalid radii. WI-057
                # (2026-09-13): the calcs live on their parts and the regenerated pipeline executes the plasma's
                # sustainment module before the magnet's peak-field module. At the coil-centre and R3 radii the first
                # refusal is the plasma's deliberate SustainmentError (accepted: a different deliberate rejection).
                # At the negative radius it is an incidental TypeError inside plasma__sustain -- an UNRESOLVED
                # regression of the diagnostic, documented here, not repaired (goal structural-decomposition
                # trail, Amendment 2026-09-13; a deliberate non-positive-radius refusal is a model item). The
                # clearance check itself is unchanged and still refuses when reached
                # (test_peak_component_preserves_valid_and_rejects_invalid_domains).
                text = replace_once(text,
                    "classes=['SustainmentError','ZeroDivisionError','SustainmentError','ZeroDivisionError','TypeError']",
                    "classes=['SustainmentError','SustainmentError','SustainmentError','ZeroDivisionError','TypeError']")
            driver = drivers / (name + '.py')
            driver.write_text(text)
            command = [str(ROOT / '.codex-test/run'), 'bash', '-c',
                       'export PYTHONPATH="$PWD:$STOP_PARSER_TEAX_ROOT/packages/teax-simkit" STUDY_REQUIRE_TEAX=1; exec .codex-test/run python "$@"',
                       'current-mfe', str(driver), str(destination)]
            result = subprocess.run(command, cwd=ROOT, capture_output=True, text=True)
            (destination / (name + '.log')).write_text(result.stdout + result.stderr)
>           assert result.returncode == 0, f'{name} failed: {destination / (name + ".log")}'
                   ^^^^^^^^^^^^^^^^^^^^^^
E           AssertionError: native failed: /tmp/pytest-of-reid/pytest-12808/wi0510/acceptance/native.log

tests/models/current_mfe_regressions.py:352: AssertionError
______ ERROR at setup of test_unified_invalid_radius_failure[zero-native] ______

tmp_path_factory = TempPathFactory(_given_basetemp=None, _trace=<pluggy._tracing.TagTracerSub object at 0x7da6d9ef0c20>, _basetemp=PosixPath('/tmp/pytest-of-reid/pytest-12808'), _retention_count=3, _retention_policy='all')

    @pytest.fixture(scope='module')
    def acceptance(tmp_path_factory):
        from tests.models.current_mfe_regressions import radius_acceptance
>       return radius_acceptance(tmp_path_factory.mktemp('wi051')/'acceptance',H)
               ^^^^^^^^^^^^^^^^^^^^^^^^^^^^^^^^^^^^^^^^^^^^^^^^^^^^^^^^^^^^^^^^^^

tests/models/test_mfe_major_radius.py:137: 
_ _ _ _ _ _ _ _ _ _ _ _ _ _ _ _ _ _ _ _ _ _ _ _ _ _ _ _ _ _ _ _ _ _ _ _ _ _ _ _ 

destination = PosixPath('/tmp/pytest-of-reid/pytest-12808/wi0510/acceptance')
historical = PosixPath('/home/reid/1cfe/fusion-tea/work/active/WI-051_mfe-model-owned-major-radius/implementation')

    def radius_acceptance(destination, historical):
        destination = Path(destination)
        destination.mkdir()
        drivers = destination / 'drivers'
        drivers.mkdir()
        ledger = json.loads((FINANCE_EVIDENCE / 'scalar-ledger.json').read_text())['live_ordinary']
        finance = {row['name'] for row in ledger if row['classification'] == 'changed finance'}
        generation = current_generation()
        before = generation.inventory(generation.PACKAGE)
        # WI-057 (2026-09-13): the drivers read the frozen evidence and the package under the new names.
        forward, _ = structure_ledger()
        translated, modules = translate_frozen_radius_evidence(Path(historical), destination, forward)
        # Current economic expectations are independently recomputed; baseline arithmetic may
        # differ by roundoff. This is a bounded tolerance, never omission of these comparisons.
        finance |= restate_wi040_radius_costs(translated)
        for name in ('native', 'direct', 'standalone', 'cli_checks'):
            text = (historical / (name + '.py')).read_text()
            if "Path(__file__).resolve().parent.parent/'prototype'" in text:
                text = replace_once(text, "Path(__file__).resolve().parent.parent/'prototype'", f'Path({str(translated)!r})')
            text = text.replace('Path(__file__).resolve().parent', f'Path({str(historical)!r})')
            if name in ('native', 'direct'):
                text = text.replace("P+'R'", "P+'plasma__R'")
            if name == 'native':
                text = replace_once(text, 'bridge.build(change)', f'bridge.build({WI059_REPLAY!r} | change)')
                text = replace_once(text, "'entering-package/contracts/model_contract.json'", repr(str(translated / 'entering-package/contracts/model_contract.json')))
                text = replace_once(text, "delta['added']==[]",
                                    f"{{x[1] for x in delta['added']}}=={WI040_PARAMETERS | WI038_PARAMETERS | WI058_PARAMETERS | WI059_PARAMETERS | WI059_NATIVE_ONLY_PARAMETERS | WI060_PARAMETERS | WI061_PARAMETERS!r}")
                # WI-058: evaluate R14 at the R-form's length (see K_COIL_RETIRED) so the frozen row stays exact.
                text = replace_once(text, "('R14',{P+'plasma__R':14.0})",
                                    f"('R14',{{P+'plasma__R':14.0,P+'magnet__coil__c_coil_ref':{K_COIL_RETIRED * 14.0!r}}})")
            if name == 'standalone':
                # WI-058: the winding length no longer takes R0 -- its R0-only check leaves the replay (its bore
                # response is tested in test_winding_length_bore.py); the other three magnet calcs keep theirs.
                text = replace_once(text, "('coil_length','mfe_magnet_field','coil_winding_length','Coil_Winding_Length',14/12.7),", '')
                for suffix in ('field_calc', 'stored_energy', 'magnet_cost'):
                    text = replace_once(text, f"('{suffix}',", f"('{modules[suffix]}',")
            if name == 'native':
                text = replace_once(text, "a['outputs'][k]==v if name=='baseline'", f"a['outputs'][k]==v if name=='baseline' and k not in {finance!r}")
                text = replace_once(text,
                    "    assert component[name].get('B_peak',component[name].get('error'))==row.get('B_peak',row.get('error'))",
                    "    if name == 'valid':\n"
                    "        assert component[name]['B_peak'] == row['B_peak']\n"
                    "    else:\n"
                    "        assert component[name]['error'] == 'ValueError'\n"
                    "        domain = 'reference' if name.startswith('reference') else 'live'\n"
                    "        assert domain + ' clearance' in component[name]['message']")
            if name == 'direct':
                text = replace_once(text, 'values.update(change)', f'values.update({WI059_REPLAY!r} | change)')
                # WI-058: evaluate R14 at the R-form's length (see K_COIL_RETIRED) so the frozen row stays exact.
                text = replace_once(text, "'R14':{P+'plasma__R':14.0,",
                                    f"'R14':{{P+'plasma__R':14.0,P+'magnet__coil__c_coil_ref':{K_COIL_RETIRED * 14.0!r},")
                text = replace_once(text, "if name=='baseline' or not isinstance(v,(int,float)):",
                                    f"if (name=='baseline' and k not in {finance!r}) or not isinstance(v,(int,float)):")
                text = replace_once(text, "scalar[k]==v if name=='baseline'", f"scalar[k]==v if name=='baseline' and k not in {finance!r}")
                # WI-053 read the magnet clearance refusal (ValueError) first at three invalid radii. WI-057
                # (2026-09-13): the calcs live on their parts and the regenerated pipeline executes the plasma's
                # sustainment module before the magnet's peak-field module. At the coil-centre and R3 radii the first
                # refusal is the plasma's deliberate SustainmentError (accepted: a different deliberate rejection).
                # At the negative radius it is an incidental TypeError inside plasma__sustain -- an UNRESOLVED
                # regression of the diagnostic, documented here, not repaired (goal structural-decomposition
                # trail, Amendment 2026-09-13; a deliberate non-positive-radius refusal is a model item). The
                # clearance check itself is unchanged and still refuses when reached
                # (test_peak_component_preserves_valid_and_rejects_invalid_domains).
                text = replace_once(text,
                    "classes=['SustainmentError','ZeroDivisionError','SustainmentError','ZeroDivisionError','TypeError']",
                    "classes=['SustainmentError','SustainmentError','SustainmentError','ZeroDivisionError','TypeError']")
            driver = drivers / (name + '.py')
            driver.write_text(text)
            command = [str(ROOT / '.codex-test/run'), 'bash', '-c',
                       'export PYTHONPATH="$PWD:$STOP_PARSER_TEAX_ROOT/packages/teax-simkit" STUDY_REQUIRE_TEAX=1; exec .codex-test/run python "$@"',
                       'current-mfe', str(driver), str(destination)]
            result = subprocess.run(command, cwd=ROOT, capture_output=True, text=True)
            (destination / (name + '.log')).write_text(result.stdout + result.stderr)
>           assert result.returncode == 0, f'{name} failed: {destination / (name + ".log")}'
                   ^^^^^^^^^^^^^^^^^^^^^^
E           AssertionError: native failed: /tmp/pytest-of-reid/pytest-12808/wi0510/acceptance/native.log

tests/models/current_mfe_regressions.py:352: AssertionError
______ ERROR at setup of test_unified_invalid_radius_failure[zero-helper] ______

tmp_path_factory = TempPathFactory(_given_basetemp=None, _trace=<pluggy._tracing.TagTracerSub object at 0x7da6d9ef0c20>, _basetemp=PosixPath('/tmp/pytest-of-reid/pytest-12808'), _retention_count=3, _retention_policy='all')

    @pytest.fixture(scope='module')
    def acceptance(tmp_path_factory):
        from tests.models.current_mfe_regressions import radius_acceptance
>       return radius_acceptance(tmp_path_factory.mktemp('wi051')/'acceptance',H)
               ^^^^^^^^^^^^^^^^^^^^^^^^^^^^^^^^^^^^^^^^^^^^^^^^^^^^^^^^^^^^^^^^^^

tests/models/test_mfe_major_radius.py:137: 
_ _ _ _ _ _ _ _ _ _ _ _ _ _ _ _ _ _ _ _ _ _ _ _ _ _ _ _ _ _ _ _ _ _ _ _ _ _ _ _ 

destination = PosixPath('/tmp/pytest-of-reid/pytest-12808/wi0510/acceptance')
historical = PosixPath('/home/reid/1cfe/fusion-tea/work/active/WI-051_mfe-model-owned-major-radius/implementation')

    def radius_acceptance(destination, historical):
        destination = Path(destination)
        destination.mkdir()
        drivers = destination / 'drivers'
        drivers.mkdir()
        ledger = json.loads((FINANCE_EVIDENCE / 'scalar-ledger.json').read_text())['live_ordinary']
        finance = {row['name'] for row in ledger if row['classification'] == 'changed finance'}
        generation = current_generation()
        before = generation.inventory(generation.PACKAGE)
        # WI-057 (2026-09-13): the drivers read the frozen evidence and the package under the new names.
        forward, _ = structure_ledger()
        translated, modules = translate_frozen_radius_evidence(Path(historical), destination, forward)
        # Current economic expectations are independently recomputed; baseline arithmetic may
        # differ by roundoff. This is a bounded tolerance, never omission of these comparisons.
        finance |= restate_wi040_radius_costs(translated)
        for name in ('native', 'direct', 'standalone', 'cli_checks'):
            text = (historical / (name + '.py')).read_text()
            if "Path(__file__).resolve().parent.parent/'prototype'" in text:
                text = replace_once(text, "Path(__file__).resolve().parent.parent/'prototype'", f'Path({str(translated)!r})')
            text = text.replace('Path(__file__).resolve().parent', f'Path({str(historical)!r})')
            if name in ('native', 'direct'):
                text = text.replace("P+'R'", "P+'plasma__R'")
            if name == 'native':
                text = replace_once(text, 'bridge.build(change)', f'bridge.build({WI059_REPLAY!r} | change)')
                text = replace_once(text, "'entering-package/contracts/model_contract.json'", repr(str(translated / 'entering-package/contracts/model_contract.json')))
                text = replace_once(text, "delta['added']==[]",
                                    f"{{x[1] for x in delta['added']}}=={WI040_PARAMETERS | WI038_PARAMETERS | WI058_PARAMETERS | WI059_PARAMETERS | WI059_NATIVE_ONLY_PARAMETERS | WI060_PARAMETERS | WI061_PARAMETERS!r}")
                # WI-058: evaluate R14 at the R-form's length (see K_COIL_RETIRED) so the frozen row stays exact.
                text = replace_once(text, "('R14',{P+'plasma__R':14.0})",
                                    f"('R14',{{P+'plasma__R':14.0,P+'magnet__coil__c_coil_ref':{K_COIL_RETIRED * 14.0!r}}})")
            if name == 'standalone':
                # WI-058: the winding length no longer takes R0 -- its R0-only check leaves the replay (its bore
                # response is tested in test_winding_length_bore.py); the other three magnet calcs keep theirs.
                text = replace_once(text, "('coil_length','mfe_magnet_field','coil_winding_length','Coil_Winding_Length',14/12.7),", '')
                for suffix in ('field_calc', 'stored_energy', 'magnet_cost'):
                    text = replace_once(text, f"('{suffix}',", f"('{modules[suffix]}',")
            if name == 'native':
                text = replace_once(text, "a['outputs'][k]==v if name=='baseline'", f"a['outputs'][k]==v if name=='baseline' and k not in {finance!r}")
                text = replace_once(text,
                    "    assert component[name].get('B_peak',component[name].get('error'))==row.get('B_peak',row.get('error'))",
                    "    if name == 'valid':\n"
                    "        assert component[name]['B_peak'] == row['B_peak']\n"
                    "    else:\n"
                    "        assert component[name]['error'] == 'ValueError'\n"
                    "        domain = 'reference' if name.startswith('reference') else 'live'\n"
                    "        assert domain + ' clearance' in component[name]['message']")
            if name == 'direct':
                text = replace_once(text, 'values.update(change)', f'values.update({WI059_REPLAY!r} | change)')
                # WI-058: evaluate R14 at the R-form's length (see K_COIL_RETIRED) so the frozen row stays exact.
                text = replace_once(text, "'R14':{P+'plasma__R':14.0,",
                                    f"'R14':{{P+'plasma__R':14.0,P+'magnet__coil__c_coil_ref':{K_COIL_RETIRED * 14.0!r},")
                text = replace_once(text, "if name=='baseline' or not isinstance(v,(int,float)):",
                                    f"if (name=='baseline' and k not in {finance!r}) or not isinstance(v,(int,float)):")
                text = replace_once(text, "scalar[k]==v if name=='baseline'", f"scalar[k]==v if name=='baseline' and k not in {finance!r}")
                # WI-053 read the magnet clearance refusal (ValueError) first at three invalid radii. WI-057
                # (2026-09-13): the calcs live on their parts and the regenerated pipeline executes the plasma's
                # sustainment module before the magnet's peak-field module. At the coil-centre and R3 radii the first
                # refusal is the plasma's deliberate SustainmentError (accepted: a different deliberate rejection).
                # At the negative radius it is an incidental TypeError inside plasma__sustain -- an UNRESOLVED
                # regression of the diagnostic, documented here, not repaired (goal structural-decomposition
                # trail, Amendment 2026-09-13; a deliberate non-positive-radius refusal is a model item). The
                # clearance check itself is unchanged and still refuses when reached
                # (test_peak_component_preserves_valid_and_rejects_invalid_domains).
                text = replace_once(text,
                    "classes=['SustainmentError','ZeroDivisionError','SustainmentError','ZeroDivisionError','TypeError']",
                    "classes=['SustainmentError','SustainmentError','SustainmentError','ZeroDivisionError','TypeError']")
            driver = drivers / (name + '.py')
            driver.write_text(text)
            command = [str(ROOT / '.codex-test/run'), 'bash', '-c',
                       'export PYTHONPATH="$PWD:$STOP_PARSER_TEAX_ROOT/packages/teax-simkit" STUDY_REQUIRE_TEAX=1; exec .codex-test/run python "$@"',
                       'current-mfe', str(driver), str(destination)]
            result = subprocess.run(command, cwd=ROOT, capture_output=True, text=True)
            (destination / (name + '.log')).write_text(result.stdout + result.stderr)
>           assert result.returncode == 0, f'{name} failed: {destination / (name + ".log")}'
                   ^^^^^^^^^^^^^^^^^^^^^^
E           AssertionError: native failed: /tmp/pytest-of-reid/pytest-12808/wi0510/acceptance/native.log

tests/models/current_mfe_regressions.py:352: AssertionError
______ ERROR at setup of test_unified_invalid_radius_failure[zero-single] ______

tmp_path_factory = TempPathFactory(_given_basetemp=None, _trace=<pluggy._tracing.TagTracerSub object at 0x7da6d9ef0c20>, _basetemp=PosixPath('/tmp/pytest-of-reid/pytest-12808'), _retention_count=3, _retention_policy='all')

    @pytest.fixture(scope='module')
    def acceptance(tmp_path_factory):
        from tests.models.current_mfe_regressions import radius_acceptance
>       return radius_acceptance(tmp_path_factory.mktemp('wi051')/'acceptance',H)
               ^^^^^^^^^^^^^^^^^^^^^^^^^^^^^^^^^^^^^^^^^^^^^^^^^^^^^^^^^^^^^^^^^^

tests/models/test_mfe_major_radius.py:137: 
_ _ _ _ _ _ _ _ _ _ _ _ _ _ _ _ _ _ _ _ _ _ _ _ _ _ _ _ _ _ _ _ _ _ _ _ _ _ _ _ 

destination = PosixPath('/tmp/pytest-of-reid/pytest-12808/wi0510/acceptance')
historical = PosixPath('/home/reid/1cfe/fusion-tea/work/active/WI-051_mfe-model-owned-major-radius/implementation')

    def radius_acceptance(destination, historical):
        destination = Path(destination)
        destination.mkdir()
        drivers = destination / 'drivers'
        drivers.mkdir()
        ledger = json.loads((FINANCE_EVIDENCE / 'scalar-ledger.json').read_text())['live_ordinary']
        finance = {row['name'] for row in ledger if row['classification'] == 'changed finance'}
        generation = current_generation()
        before = generation.inventory(generation.PACKAGE)
        # WI-057 (2026-09-13): the drivers read the frozen evidence and the package under the new names.
        forward, _ = structure_ledger()
        translated, modules = translate_frozen_radius_evidence(Path(historical), destination, forward)
        # Current economic expectations are independently recomputed; baseline arithmetic may
        # differ by roundoff. This is a bounded tolerance, never omission of these comparisons.
        finance |= restate_wi040_radius_costs(translated)
        for name in ('native', 'direct', 'standalone', 'cli_checks'):
            text = (historical / (name + '.py')).read_text()
            if "Path(__file__).resolve().parent.parent/'prototype'" in text:
                text = replace_once(text, "Path(__file__).resolve().parent.parent/'prototype'", f'Path({str(translated)!r})')
            text = text.replace('Path(__file__).resolve().parent', f'Path({str(historical)!r})')
            if name in ('native', 'direct'):
                text = text.replace("P+'R'", "P+'plasma__R'")
            if name == 'native':
                text = replace_once(text, 'bridge.build(change)', f'bridge.build({WI059_REPLAY!r} | change)')
                text = replace_once(text, "'entering-package/contracts/model_contract.json'", repr(str(translated / 'entering-package/contracts/model_contract.json')))
                text = replace_once(text, "delta['added']==[]",
                                    f"{{x[1] for x in delta['added']}}=={WI040_PARAMETERS | WI038_PARAMETERS | WI058_PARAMETERS | WI059_PARAMETERS | WI059_NATIVE_ONLY_PARAMETERS | WI060_PARAMETERS | WI061_PARAMETERS!r}")
                # WI-058: evaluate R14 at the R-form's length (see K_COIL_RETIRED) so the frozen row stays exact.
                text = replace_once(text, "('R14',{P+'plasma__R':14.0})",
                                    f"('R14',{{P+'plasma__R':14.0,P+'magnet__coil__c_coil_ref':{K_COIL_RETIRED * 14.0!r}}})")
            if name == 'standalone':
                # WI-058: the winding length no longer takes R0 -- its R0-only check leaves the replay (its bore
                # response is tested in test_winding_length_bore.py); the other three magnet calcs keep theirs.
                text = replace_once(text, "('coil_length','mfe_magnet_field','coil_winding_length','Coil_Winding_Length',14/12.7),", '')
                for suffix in ('field_calc', 'stored_energy', 'magnet_cost'):
                    text = replace_once(text, f"('{suffix}',", f"('{modules[suffix]}',")
            if name == 'native':
                text = replace_once(text, "a['outputs'][k]==v if name=='baseline'", f"a['outputs'][k]==v if name=='baseline' and k not in {finance!r}")
                text = replace_once(text,
                    "    assert component[name].get('B_peak',component[name].get('error'))==row.get('B_peak',row.get('error'))",
                    "    if name == 'valid':\n"
                    "        assert component[name]['B_peak'] == row['B_peak']\n"
                    "    else:\n"
                    "        assert component[name]['error'] == 'ValueError'\n"
                    "        domain = 'reference' if name.startswith('reference') else 'live'\n"
                    "        assert domain + ' clearance' in component[name]['message']")
            if name == 'direct':
                text = replace_once(text, 'values.update(change)', f'values.update({WI059_REPLAY!r} | change)')
                # WI-058: evaluate R14 at the R-form's length (see K_COIL_RETIRED) so the frozen row stays exact.
                text = replace_once(text, "'R14':{P+'plasma__R':14.0,",
                                    f"'R14':{{P+'plasma__R':14.0,P+'magnet__coil__c_coil_ref':{K_COIL_RETIRED * 14.0!r},")
                text = replace_once(text, "if name=='baseline' or not isinstance(v,(int,float)):",
                                    f"if (name=='baseline' and k not in {finance!r}) or not isinstance(v,(int,float)):")
                text = replace_once(text, "scalar[k]==v if name=='baseline'", f"scalar[k]==v if name=='baseline' and k not in {finance!r}")
                # WI-053 read the magnet clearance refusal (ValueError) first at three invalid radii. WI-057
                # (2026-09-13): the calcs live on their parts and the regenerated pipeline executes the plasma's
                # sustainment module before the magnet's peak-field module. At the coil-centre and R3 radii the first
                # refusal is the plasma's deliberate SustainmentError (accepted: a different deliberate rejection).
                # At the negative radius it is an incidental TypeError inside plasma__sustain -- an UNRESOLVED
                # regression of the diagnostic, documented here, not repaired (goal structural-decomposition
                # trail, Amendment 2026-09-13; a deliberate non-positive-radius refusal is a model item). The
                # clearance check itself is unchanged and still refuses when reached
                # (test_peak_component_preserves_valid_and_rejects_invalid_domains).
                text = replace_once(text,
                    "classes=['SustainmentError','ZeroDivisionError','SustainmentError','ZeroDivisionError','TypeError']",
                    "classes=['SustainmentError','SustainmentError','SustainmentError','ZeroDivisionError','TypeError']")
            driver = drivers / (name + '.py')
            driver.write_text(text)
            command = [str(ROOT / '.codex-test/run'), 'bash', '-c',
                       'export PYTHONPATH="$PWD:$STOP_PARSER_TEAX_ROOT/packages/teax-simkit" STUDY_REQUIRE_TEAX=1; exec .codex-test/run python "$@"',
                       'current-mfe', str(driver), str(destination)]
            result = subprocess.run(command, cwd=ROOT, capture_output=True, text=True)
            (destination / (name + '.log')).write_text(result.stdout + result.stderr)
>           assert result.returncode == 0, f'{name} failed: {destination / (name + ".log")}'
                   ^^^^^^^^^^^^^^^^^^^^^^
E           AssertionError: native failed: /tmp/pytest-of-reid/pytest-12808/wi0510/acceptance/native.log

tests/models/current_mfe_regressions.py:352: AssertionError
____ ERROR at setup of test_unified_invalid_radius_failure[negative-native] ____

tmp_path_factory = TempPathFactory(_given_basetemp=None, _trace=<pluggy._tracing.TagTracerSub object at 0x7da6d9ef0c20>, _basetemp=PosixPath('/tmp/pytest-of-reid/pytest-12808'), _retention_count=3, _retention_policy='all')

    @pytest.fixture(scope='module')
    def acceptance(tmp_path_factory):
        from tests.models.current_mfe_regressions import radius_acceptance
>       return radius_acceptance(tmp_path_factory.mktemp('wi051')/'acceptance',H)
               ^^^^^^^^^^^^^^^^^^^^^^^^^^^^^^^^^^^^^^^^^^^^^^^^^^^^^^^^^^^^^^^^^^

tests/models/test_mfe_major_radius.py:137: 
_ _ _ _ _ _ _ _ _ _ _ _ _ _ _ _ _ _ _ _ _ _ _ _ _ _ _ _ _ _ _ _ _ _ _ _ _ _ _ _ 

destination = PosixPath('/tmp/pytest-of-reid/pytest-12808/wi0510/acceptance')
historical = PosixPath('/home/reid/1cfe/fusion-tea/work/active/WI-051_mfe-model-owned-major-radius/implementation')

    def radius_acceptance(destination, historical):
        destination = Path(destination)
        destination.mkdir()
        drivers = destination / 'drivers'
        drivers.mkdir()
        ledger = json.loads((FINANCE_EVIDENCE / 'scalar-ledger.json').read_text())['live_ordinary']
        finance = {row['name'] for row in ledger if row['classification'] == 'changed finance'}
        generation = current_generation()
        before = generation.inventory(generation.PACKAGE)
        # WI-057 (2026-09-13): the drivers read the frozen evidence and the package under the new names.
        forward, _ = structure_ledger()
        translated, modules = translate_frozen_radius_evidence(Path(historical), destination, forward)
        # Current economic expectations are independently recomputed; baseline arithmetic may
        # differ by roundoff. This is a bounded tolerance, never omission of these comparisons.
        finance |= restate_wi040_radius_costs(translated)
        for name in ('native', 'direct', 'standalone', 'cli_checks'):
            text = (historical / (name + '.py')).read_text()
            if "Path(__file__).resolve().parent.parent/'prototype'" in text:
                text = replace_once(text, "Path(__file__).resolve().parent.parent/'prototype'", f'Path({str(translated)!r})')
            text = text.replace('Path(__file__).resolve().parent', f'Path({str(historical)!r})')
            if name in ('native', 'direct'):
                text = text.replace("P+'R'", "P+'plasma__R'")
            if name == 'native':
                text = replace_once(text, 'bridge.build(change)', f'bridge.build({WI059_REPLAY!r} | change)')
                text = replace_once(text, "'entering-package/contracts/model_contract.json'", repr(str(translated / 'entering-package/contracts/model_contract.json')))
                text = replace_once(text, "delta['added']==[]",
                                    f"{{x[1] for x in delta['added']}}=={WI040_PARAMETERS | WI038_PARAMETERS | WI058_PARAMETERS | WI059_PARAMETERS | WI059_NATIVE_ONLY_PARAMETERS | WI060_PARAMETERS | WI061_PARAMETERS!r}")
                # WI-058: evaluate R14 at the R-form's length (see K_COIL_RETIRED) so the frozen row stays exact.
                text = replace_once(text, "('R14',{P+'plasma__R':14.0})",
                                    f"('R14',{{P+'plasma__R':14.0,P+'magnet__coil__c_coil_ref':{K_COIL_RETIRED * 14.0!r}}})")
            if name == 'standalone':
                # WI-058: the winding length no longer takes R0 -- its R0-only check leaves the replay (its bore
                # response is tested in test_winding_length_bore.py); the other three magnet calcs keep theirs.
                text = replace_once(text, "('coil_length','mfe_magnet_field','coil_winding_length','Coil_Winding_Length',14/12.7),", '')
                for suffix in ('field_calc', 'stored_energy', 'magnet_cost'):
                    text = replace_once(text, f"('{suffix}',", f"('{modules[suffix]}',")
            if name == 'native':
                text = replace_once(text, "a['outputs'][k]==v if name=='baseline'", f"a['outputs'][k]==v if name=='baseline' and k not in {finance!r}")
                text = replace_once(text,
                    "    assert component[name].get('B_peak',component[name].get('error'))==row.get('B_peak',row.get('error'))",
                    "    if name == 'valid':\n"
                    "        assert component[name]['B_peak'] == row['B_peak']\n"
                    "    else:\n"
                    "        assert component[name]['error'] == 'ValueError'\n"
                    "        domain = 'reference' if name.startswith('reference') else 'live'\n"
                    "        assert domain + ' clearance' in component[name]['message']")
            if name == 'direct':
                text = replace_once(text, 'values.update(change)', f'values.update({WI059_REPLAY!r} | change)')
                # WI-058: evaluate R14 at the R-form's length (see K_COIL_RETIRED) so the frozen row stays exact.
                text = replace_once(text, "'R14':{P+'plasma__R':14.0,",
                                    f"'R14':{{P+'plasma__R':14.0,P+'magnet__coil__c_coil_ref':{K_COIL_RETIRED * 14.0!r},")
                text = replace_once(text, "if name=='baseline' or not isinstance(v,(int,float)):",
                                    f"if (name=='baseline' and k not in {finance!r}) or not isinstance(v,(int,float)):")
                text = replace_once(text, "scalar[k]==v if name=='baseline'", f"scalar[k]==v if name=='baseline' and k not in {finance!r}")
                # WI-053 read the magnet clearance refusal (ValueError) first at three invalid radii. WI-057
                # (2026-09-13): the calcs live on their parts and the regenerated pipeline executes the plasma's
                # sustainment module before the magnet's peak-field module. At the coil-centre and R3 radii the first
                # refusal is the plasma's deliberate SustainmentError (accepted: a different deliberate rejection).
                # At the negative radius it is an incidental TypeError inside plasma__sustain -- an UNRESOLVED
                # regression of the diagnostic, documented here, not repaired (goal structural-decomposition
                # trail, Amendment 2026-09-13; a deliberate non-positive-radius refusal is a model item). The
                # clearance check itself is unchanged and still refuses when reached
                # (test_peak_component_preserves_valid_and_rejects_invalid_domains).
                text = replace_once(text,
                    "classes=['SustainmentError','ZeroDivisionError','SustainmentError','ZeroDivisionError','TypeError']",
                    "classes=['SustainmentError','SustainmentError','SustainmentError','ZeroDivisionError','TypeError']")
            driver = drivers / (name + '.py')
            driver.write_text(text)
            command = [str(ROOT / '.codex-test/run'), 'bash', '-c',
                       'export PYTHONPATH="$PWD:$STOP_PARSER_TEAX_ROOT/packages/teax-simkit" STUDY_REQUIRE_TEAX=1; exec .codex-test/run python "$@"',
                       'current-mfe', str(driver), str(destination)]
            result = subprocess.run(command, cwd=ROOT, capture_output=True, text=True)
            (destination / (name + '.log')).write_text(result.stdout + result.stderr)
>           assert result.returncode == 0, f'{name} failed: {destination / (name + ".log")}'
                   ^^^^^^^^^^^^^^^^^^^^^^
E           AssertionError: native failed: /tmp/pytest-of-reid/pytest-12808/wi0510/acceptance/native.log

tests/models/current_mfe_regressions.py:352: AssertionError
____ ERROR at setup of test_unified_invalid_radius_failure[negative-helper] ____

tmp_path_factory = TempPathFactory(_given_basetemp=None, _trace=<pluggy._tracing.TagTracerSub object at 0x7da6d9ef0c20>, _basetemp=PosixPath('/tmp/pytest-of-reid/pytest-12808'), _retention_count=3, _retention_policy='all')

    @pytest.fixture(scope='module')
    def acceptance(tmp_path_factory):
        from tests.models.current_mfe_regressions import radius_acceptance
>       return radius_acceptance(tmp_path_factory.mktemp('wi051')/'acceptance',H)
               ^^^^^^^^^^^^^^^^^^^^^^^^^^^^^^^^^^^^^^^^^^^^^^^^^^^^^^^^^^^^^^^^^^

tests/models/test_mfe_major_radius.py:137: 
_ _ _ _ _ _ _ _ _ _ _ _ _ _ _ _ _ _ _ _ _ _ _ _ _ _ _ _ _ _ _ _ _ _ _ _ _ _ _ _ 

destination = PosixPath('/tmp/pytest-of-reid/pytest-12808/wi0510/acceptance')
historical = PosixPath('/home/reid/1cfe/fusion-tea/work/active/WI-051_mfe-model-owned-major-radius/implementation')

    def radius_acceptance(destination, historical):
        destination = Path(destination)
        destination.mkdir()
        drivers = destination / 'drivers'
        drivers.mkdir()
        ledger = json.loads((FINANCE_EVIDENCE / 'scalar-ledger.json').read_text())['live_ordinary']
        finance = {row['name'] for row in ledger if row['classification'] == 'changed finance'}
        generation = current_generation()
        before = generation.inventory(generation.PACKAGE)
        # WI-057 (2026-09-13): the drivers read the frozen evidence and the package under the new names.
        forward, _ = structure_ledger()
        translated, modules = translate_frozen_radius_evidence(Path(historical), destination, forward)
        # Current economic expectations are independently recomputed; baseline arithmetic may
        # differ by roundoff. This is a bounded tolerance, never omission of these comparisons.
        finance |= restate_wi040_radius_costs(translated)
        for name in ('native', 'direct', 'standalone', 'cli_checks'):
            text = (historical / (name + '.py')).read_text()
            if "Path(__file__).resolve().parent.parent/'prototype'" in text:
                text = replace_once(text, "Path(__file__).resolve().parent.parent/'prototype'", f'Path({str(translated)!r})')
            text = text.replace('Path(__file__).resolve().parent', f'Path({str(historical)!r})')
            if name in ('native', 'direct'):
                text = text.replace("P+'R'", "P+'plasma__R'")
            if name == 'native':
                text = replace_once(text, 'bridge.build(change)', f'bridge.build({WI059_REPLAY!r} | change)')
                text = replace_once(text, "'entering-package/contracts/model_contract.json'", repr(str(translated / 'entering-package/contracts/model_contract.json')))
                text = replace_once(text, "delta['added']==[]",
                                    f"{{x[1] for x in delta['added']}}=={WI040_PARAMETERS | WI038_PARAMETERS | WI058_PARAMETERS | WI059_PARAMETERS | WI059_NATIVE_ONLY_PARAMETERS | WI060_PARAMETERS | WI061_PARAMETERS!r}")
                # WI-058: evaluate R14 at the R-form's length (see K_COIL_RETIRED) so the frozen row stays exact.
                text = replace_once(text, "('R14',{P+'plasma__R':14.0})",
                                    f"('R14',{{P+'plasma__R':14.0,P+'magnet__coil__c_coil_ref':{K_COIL_RETIRED * 14.0!r}}})")
            if name == 'standalone':
                # WI-058: the winding length no longer takes R0 -- its R0-only check leaves the replay (its bore
                # response is tested in test_winding_length_bore.py); the other three magnet calcs keep theirs.
                text = replace_once(text, "('coil_length','mfe_magnet_field','coil_winding_length','Coil_Winding_Length',14/12.7),", '')
                for suffix in ('field_calc', 'stored_energy', 'magnet_cost'):
                    text = replace_once(text, f"('{suffix}',", f"('{modules[suffix]}',")
            if name == 'native':
                text = replace_once(text, "a['outputs'][k]==v if name=='baseline'", f"a['outputs'][k]==v if name=='baseline' and k not in {finance!r}")
                text = replace_once(text,
                    "    assert component[name].get('B_peak',component[name].get('error'))==row.get('B_peak',row.get('error'))",
                    "    if name == 'valid':\n"
                    "        assert component[name]['B_peak'] == row['B_peak']\n"
                    "    else:\n"
                    "        assert component[name]['error'] == 'ValueError'\n"
                    "        domain = 'reference' if name.startswith('reference') else 'live'\n"
                    "        assert domain + ' clearance' in component[name]['message']")
            if name == 'direct':
                text = replace_once(text, 'values.update(change)', f'values.update({WI059_REPLAY!r} | change)')
                # WI-058: evaluate R14 at the R-form's length (see K_COIL_RETIRED) so the frozen row stays exact.
                text = replace_once(text, "'R14':{P+'plasma__R':14.0,",
                                    f"'R14':{{P+'plasma__R':14.0,P+'magnet__coil__c_coil_ref':{K_COIL_RETIRED * 14.0!r},")
                text = replace_once(text, "if name=='baseline' or not isinstance(v,(int,float)):",
                                    f"if (name=='baseline' and k not in {finance!r}) or not isinstance(v,(int,float)):")
                text = replace_once(text, "scalar[k]==v if name=='baseline'", f"scalar[k]==v if name=='baseline' and k not in {finance!r}")
                # WI-053 read the magnet clearance refusal (ValueError) first at three invalid radii. WI-057
                # (2026-09-13): the calcs live on their parts and the regenerated pipeline executes the plasma's
                # sustainment module before the magnet's peak-field module. At the coil-centre and R3 radii the first
                # refusal is the plasma's deliberate SustainmentError (accepted: a different deliberate rejection).
                # At the negative radius it is an incidental TypeError inside plasma__sustain -- an UNRESOLVED
                # regression of the diagnostic, documented here, not repaired (goal structural-decomposition
                # trail, Amendment 2026-09-13; a deliberate non-positive-radius refusal is a model item). The
                # clearance check itself is unchanged and still refuses when reached
                # (test_peak_component_preserves_valid_and_rejects_invalid_domains).
                text = replace_once(text,
                    "classes=['SustainmentError','ZeroDivisionError','SustainmentError','ZeroDivisionError','TypeError']",
                    "classes=['SustainmentError','SustainmentError','SustainmentError','ZeroDivisionError','TypeError']")
            driver = drivers / (name + '.py')
            driver.write_text(text)
            command = [str(ROOT / '.codex-test/run'), 'bash', '-c',
                       'export PYTHONPATH="$PWD:$STOP_PARSER_TEAX_ROOT/packages/teax-simkit" STUDY_REQUIRE_TEAX=1; exec .codex-test/run python "$@"',
                       'current-mfe', str(driver), str(destination)]
            result = subprocess.run(command, cwd=ROOT, capture_output=True, text=True)
            (destination / (name + '.log')).write_text(result.stdout + result.stderr)
>           assert result.returncode == 0, f'{name} failed: {destination / (name + ".log")}'
                   ^^^^^^^^^^^^^^^^^^^^^^
E           AssertionError: native failed: /tmp/pytest-of-reid/pytest-12808/wi0510/acceptance/native.log

tests/models/current_mfe_regressions.py:352: AssertionError
____ ERROR at setup of test_unified_invalid_radius_failure[negative-single] ____

tmp_path_factory = TempPathFactory(_given_basetemp=None, _trace=<pluggy._tracing.TagTracerSub object at 0x7da6d9ef0c20>, _basetemp=PosixPath('/tmp/pytest-of-reid/pytest-12808'), _retention_count=3, _retention_policy='all')

    @pytest.fixture(scope='module')
    def acceptance(tmp_path_factory):
        from tests.models.current_mfe_regressions import radius_acceptance
>       return radius_acceptance(tmp_path_factory.mktemp('wi051')/'acceptance',H)
               ^^^^^^^^^^^^^^^^^^^^^^^^^^^^^^^^^^^^^^^^^^^^^^^^^^^^^^^^^^^^^^^^^^

tests/models/test_mfe_major_radius.py:137: 
_ _ _ _ _ _ _ _ _ _ _ _ _ _ _ _ _ _ _ _ _ _ _ _ _ _ _ _ _ _ _ _ _ _ _ _ _ _ _ _ 

destination = PosixPath('/tmp/pytest-of-reid/pytest-12808/wi0510/acceptance')
historical = PosixPath('/home/reid/1cfe/fusion-tea/work/active/WI-051_mfe-model-owned-major-radius/implementation')

    def radius_acceptance(destination, historical):
        destination = Path(destination)
        destination.mkdir()
        drivers = destination / 'drivers'
        drivers.mkdir()
        ledger = json.loads((FINANCE_EVIDENCE / 'scalar-ledger.json').read_text())['live_ordinary']
        finance = {row['name'] for row in ledger if row['classification'] == 'changed finance'}
        generation = current_generation()
        before = generation.inventory(generation.PACKAGE)
        # WI-057 (2026-09-13): the drivers read the frozen evidence and the package under the new names.
        forward, _ = structure_ledger()
        translated, modules = translate_frozen_radius_evidence(Path(historical), destination, forward)
        # Current economic expectations are independently recomputed; baseline arithmetic may
        # differ by roundoff. This is a bounded tolerance, never omission of these comparisons.
        finance |= restate_wi040_radius_costs(translated)
        for name in ('native', 'direct', 'standalone', 'cli_checks'):
            text = (historical / (name + '.py')).read_text()
            if "Path(__file__).resolve().parent.parent/'prototype'" in text:
                text = replace_once(text, "Path(__file__).resolve().parent.parent/'prototype'", f'Path({str(translated)!r})')
            text = text.replace('Path(__file__).resolve().parent', f'Path({str(historical)!r})')
            if name in ('native', 'direct'):
                text = text.replace("P+'R'", "P+'plasma__R'")
            if name == 'native':
                text = replace_once(text, 'bridge.build(change)', f'bridge.build({WI059_REPLAY!r} | change)')
                text = replace_once(text, "'entering-package/contracts/model_contract.json'", repr(str(translated / 'entering-package/contracts/model_contract.json')))
                text = replace_once(text, "delta['added']==[]",
                                    f"{{x[1] for x in delta['added']}}=={WI040_PARAMETERS | WI038_PARAMETERS | WI058_PARAMETERS | WI059_PARAMETERS | WI059_NATIVE_ONLY_PARAMETERS | WI060_PARAMETERS | WI061_PARAMETERS!r}")
                # WI-058: evaluate R14 at the R-form's length (see K_COIL_RETIRED) so the frozen row stays exact.
                text = replace_once(text, "('R14',{P+'plasma__R':14.0})",
                                    f"('R14',{{P+'plasma__R':14.0,P+'magnet__coil__c_coil_ref':{K_COIL_RETIRED * 14.0!r}}})")
            if name == 'standalone':
                # WI-058: the winding length no longer takes R0 -- its R0-only check leaves the replay (its bore
                # response is tested in test_winding_length_bore.py); the other three magnet calcs keep theirs.
                text = replace_once(text, "('coil_length','mfe_magnet_field','coil_winding_length','Coil_Winding_Length',14/12.7),", '')
                for suffix in ('field_calc', 'stored_energy', 'magnet_cost'):
                    text = replace_once(text, f"('{suffix}',", f"('{modules[suffix]}',")
            if name == 'native':
                text = replace_once(text, "a['outputs'][k]==v if name=='baseline'", f"a['outputs'][k]==v if name=='baseline' and k not in {finance!r}")
                text = replace_once(text,
                    "    assert component[name].get('B_peak',component[name].get('error'))==row.get('B_peak',row.get('error'))",
                    "    if name == 'valid':\n"
                    "        assert component[name]['B_peak'] == row['B_peak']\n"
                    "    else:\n"
                    "        assert component[name]['error'] == 'ValueError'\n"
                    "        domain = 'reference' if name.startswith('reference') else 'live'\n"
                    "        assert domain + ' clearance' in component[name]['message']")
            if name == 'direct':
                text = replace_once(text, 'values.update(change)', f'values.update({WI059_REPLAY!r} | change)')
                # WI-058: evaluate R14 at the R-form's length (see K_COIL_RETIRED) so the frozen row stays exact.
                text = replace_once(text, "'R14':{P+'plasma__R':14.0,",
                                    f"'R14':{{P+'plasma__R':14.0,P+'magnet__coil__c_coil_ref':{K_COIL_RETIRED * 14.0!r},")
                text = replace_once(text, "if name=='baseline' or not isinstance(v,(int,float)):",
                                    f"if (name=='baseline' and k not in {finance!r}) or not isinstance(v,(int,float)):")
                text = replace_once(text, "scalar[k]==v if name=='baseline'", f"scalar[k]==v if name=='baseline' and k not in {finance!r}")
                # WI-053 read the magnet clearance refusal (ValueError) first at three invalid radii. WI-057
                # (2026-09-13): the calcs live on their parts and the regenerated pipeline executes the plasma's
                # sustainment module before the magnet's peak-field module. At the coil-centre and R3 radii the first
                # refusal is the plasma's deliberate SustainmentError (accepted: a different deliberate rejection).
                # At the negative radius it is an incidental TypeError inside plasma__sustain -- an UNRESOLVED
                # regression of the diagnostic, documented here, not repaired (goal structural-decomposition
                # trail, Amendment 2026-09-13; a deliberate non-positive-radius refusal is a model item). The
                # clearance check itself is unchanged and still refuses when reached
                # (test_peak_component_preserves_valid_and_rejects_invalid_domains).
                text = replace_once(text,
                    "classes=['SustainmentError','ZeroDivisionError','SustainmentError','ZeroDivisionError','TypeError']",
                    "classes=['SustainmentError','SustainmentError','SustainmentError','ZeroDivisionError','TypeError']")
            driver = drivers / (name + '.py')
            driver.write_text(text)
            command = [str(ROOT / '.codex-test/run'), 'bash', '-c',
                       'export PYTHONPATH="$PWD:$STOP_PARSER_TEAX_ROOT/packages/teax-simkit" STUDY_REQUIRE_TEAX=1; exec .codex-test/run python "$@"',
                       'current-mfe', str(driver), str(destination)]
            result = subprocess.run(command, cwd=ROOT, capture_output=True, text=True)
            (destination / (name + '.log')).write_text(result.stdout + result.stderr)
>           assert result.returncode == 0, f'{name} failed: {destination / (name + ".log")}'
                   ^^^^^^^^^^^^^^^^^^^^^^
E           AssertionError: native failed: /tmp/pytest-of-reid/pytest-12808/wi0510/acceptance/native.log

tests/models/current_mfe_regressions.py:352: AssertionError
_ ERROR at setup of test_peak_component_preserves_valid_and_rejects_invalid_domains[valid] _

tmp_path_factory = TempPathFactory(_given_basetemp=None, _trace=<pluggy._tracing.TagTracerSub object at 0x7da6d9ef0c20>, _basetemp=PosixPath('/tmp/pytest-of-reid/pytest-12808'), _retention_count=3, _retention_policy='all')

    @pytest.fixture(scope='module')
    def acceptance(tmp_path_factory):
        from tests.models.current_mfe_regressions import radius_acceptance
>       return radius_acceptance(tmp_path_factory.mktemp('wi051')/'acceptance',H)
               ^^^^^^^^^^^^^^^^^^^^^^^^^^^^^^^^^^^^^^^^^^^^^^^^^^^^^^^^^^^^^^^^^^

tests/models/test_mfe_major_radius.py:137: 
_ _ _ _ _ _ _ _ _ _ _ _ _ _ _ _ _ _ _ _ _ _ _ _ _ _ _ _ _ _ _ _ _ _ _ _ _ _ _ _ 

destination = PosixPath('/tmp/pytest-of-reid/pytest-12808/wi0510/acceptance')
historical = PosixPath('/home/reid/1cfe/fusion-tea/work/active/WI-051_mfe-model-owned-major-radius/implementation')

    def radius_acceptance(destination, historical):
        destination = Path(destination)
        destination.mkdir()
        drivers = destination / 'drivers'
        drivers.mkdir()
        ledger = json.loads((FINANCE_EVIDENCE / 'scalar-ledger.json').read_text())['live_ordinary']
        finance = {row['name'] for row in ledger if row['classification'] == 'changed finance'}
        generation = current_generation()
        before = generation.inventory(generation.PACKAGE)
        # WI-057 (2026-09-13): the drivers read the frozen evidence and the package under the new names.
        forward, _ = structure_ledger()
        translated, modules = translate_frozen_radius_evidence(Path(historical), destination, forward)
        # Current economic expectations are independently recomputed; baseline arithmetic may
        # differ by roundoff. This is a bounded tolerance, never omission of these comparisons.
        finance |= restate_wi040_radius_costs(translated)
        for name in ('native', 'direct', 'standalone', 'cli_checks'):
            text = (historical / (name + '.py')).read_text()
            if "Path(__file__).resolve().parent.parent/'prototype'" in text:
                text = replace_once(text, "Path(__file__).resolve().parent.parent/'prototype'", f'Path({str(translated)!r})')
            text = text.replace('Path(__file__).resolve().parent', f'Path({str(historical)!r})')
            if name in ('native', 'direct'):
                text = text.replace("P+'R'", "P+'plasma__R'")
            if name == 'native':
                text = replace_once(text, 'bridge.build(change)', f'bridge.build({WI059_REPLAY!r} | change)')
                text = replace_once(text, "'entering-package/contracts/model_contract.json'", repr(str(translated / 'entering-package/contracts/model_contract.json')))
                text = replace_once(text, "delta['added']==[]",
                                    f"{{x[1] for x in delta['added']}}=={WI040_PARAMETERS | WI038_PARAMETERS | WI058_PARAMETERS | WI059_PARAMETERS | WI059_NATIVE_ONLY_PARAMETERS | WI060_PARAMETERS | WI061_PARAMETERS!r}")
                # WI-058: evaluate R14 at the R-form's length (see K_COIL_RETIRED) so the frozen row stays exact.
                text = replace_once(text, "('R14',{P+'plasma__R':14.0})",
                                    f"('R14',{{P+'plasma__R':14.0,P+'magnet__coil__c_coil_ref':{K_COIL_RETIRED * 14.0!r}}})")
            if name == 'standalone':
                # WI-058: the winding length no longer takes R0 -- its R0-only check leaves the replay (its bore
                # response is tested in test_winding_length_bore.py); the other three magnet calcs keep theirs.
                text = replace_once(text, "('coil_length','mfe_magnet_field','coil_winding_length','Coil_Winding_Length',14/12.7),", '')
                for suffix in ('field_calc', 'stored_energy', 'magnet_cost'):
                    text = replace_once(text, f"('{suffix}',", f"('{modules[suffix]}',")
            if name == 'native':
                text = replace_once(text, "a['outputs'][k]==v if name=='baseline'", f"a['outputs'][k]==v if name=='baseline' and k not in {finance!r}")
                text = replace_once(text,
                    "    assert component[name].get('B_peak',component[name].get('error'))==row.get('B_peak',row.get('error'))",
                    "    if name == 'valid':\n"
                    "        assert component[name]['B_peak'] == row['B_peak']\n"
                    "    else:\n"
                    "        assert component[name]['error'] == 'ValueError'\n"
                    "        domain = 'reference' if name.startswith('reference') else 'live'\n"
                    "        assert domain + ' clearance' in component[name]['message']")
            if name == 'direct':
                text = replace_once(text, 'values.update(change)', f'values.update({WI059_REPLAY!r} | change)')
                # WI-058: evaluate R14 at the R-form's length (see K_COIL_RETIRED) so the frozen row stays exact.
                text = replace_once(text, "'R14':{P+'plasma__R':14.0,",
                                    f"'R14':{{P+'plasma__R':14.0,P+'magnet__coil__c_coil_ref':{K_COIL_RETIRED * 14.0!r},")
                text = replace_once(text, "if name=='baseline' or not isinstance(v,(int,float)):",
                                    f"if (name=='baseline' and k not in {finance!r}) or not isinstance(v,(int,float)):")
                text = replace_once(text, "scalar[k]==v if name=='baseline'", f"scalar[k]==v if name=='baseline' and k not in {finance!r}")
                # WI-053 read the magnet clearance refusal (ValueError) first at three invalid radii. WI-057
                # (2026-09-13): the calcs live on their parts and the regenerated pipeline executes the plasma's
                # sustainment module before the magnet's peak-field module. At the coil-centre and R3 radii the first
                # refusal is the plasma's deliberate SustainmentError (accepted: a different deliberate rejection).
                # At the negative radius it is an incidental TypeError inside plasma__sustain -- an UNRESOLVED
                # regression of the diagnostic, documented here, not repaired (goal structural-decomposition
                # trail, Amendment 2026-09-13; a deliberate non-positive-radius refusal is a model item). The
                # clearance check itself is unchanged and still refuses when reached
                # (test_peak_component_preserves_valid_and_rejects_invalid_domains).
                text = replace_once(text,
                    "classes=['SustainmentError','ZeroDivisionError','SustainmentError','ZeroDivisionError','TypeError']",
                    "classes=['SustainmentError','SustainmentError','SustainmentError','ZeroDivisionError','TypeError']")
            driver = drivers / (name + '.py')
            driver.write_text(text)
            command = [str(ROOT / '.codex-test/run'), 'bash', '-c',
                       'export PYTHONPATH="$PWD:$STOP_PARSER_TEAX_ROOT/packages/teax-simkit" STUDY_REQUIRE_TEAX=1; exec .codex-test/run python "$@"',
                       'current-mfe', str(driver), str(destination)]
            result = subprocess.run(command, cwd=ROOT, capture_output=True, text=True)
            (destination / (name + '.log')).write_text(result.stdout + result.stderr)
>           assert result.returncode == 0, f'{name} failed: {destination / (name + ".log")}'
                   ^^^^^^^^^^^^^^^^^^^^^^
E           AssertionError: native failed: /tmp/pytest-of-reid/pytest-12808/wi0510/acceptance/native.log

tests/models/current_mfe_regressions.py:352: AssertionError
_ ERROR at setup of test_peak_component_preserves_valid_and_rejects_invalid_domains[original_negative] _

tmp_path_factory = TempPathFactory(_given_basetemp=None, _trace=<pluggy._tracing.TagTracerSub object at 0x7da6d9ef0c20>, _basetemp=PosixPath('/tmp/pytest-of-reid/pytest-12808'), _retention_count=3, _retention_policy='all')

    @pytest.fixture(scope='module')
    def acceptance(tmp_path_factory):
        from tests.models.current_mfe_regressions import radius_acceptance
>       return radius_acceptance(tmp_path_factory.mktemp('wi051')/'acceptance',H)
               ^^^^^^^^^^^^^^^^^^^^^^^^^^^^^^^^^^^^^^^^^^^^^^^^^^^^^^^^^^^^^^^^^^

tests/models/test_mfe_major_radius.py:137: 
_ _ _ _ _ _ _ _ _ _ _ _ _ _ _ _ _ _ _ _ _ _ _ _ _ _ _ _ _ _ _ _ _ _ _ _ _ _ _ _ 

destination = PosixPath('/tmp/pytest-of-reid/pytest-12808/wi0510/acceptance')
historical = PosixPath('/home/reid/1cfe/fusion-tea/work/active/WI-051_mfe-model-owned-major-radius/implementation')

    def radius_acceptance(destination, historical):
        destination = Path(destination)
        destination.mkdir()
        drivers = destination / 'drivers'
        drivers.mkdir()
        ledger = json.loads((FINANCE_EVIDENCE / 'scalar-ledger.json').read_text())['live_ordinary']
        finance = {row['name'] for row in ledger if row['classification'] == 'changed finance'}
        generation = current_generation()
        before = generation.inventory(generation.PACKAGE)
        # WI-057 (2026-09-13): the drivers read the frozen evidence and the package under the new names.
        forward, _ = structure_ledger()
        translated, modules = translate_frozen_radius_evidence(Path(historical), destination, forward)
        # Current economic expectations are independently recomputed; baseline arithmetic may
        # differ by roundoff. This is a bounded tolerance, never omission of these comparisons.
        finance |= restate_wi040_radius_costs(translated)
        for name in ('native', 'direct', 'standalone', 'cli_checks'):
            text = (historical / (name + '.py')).read_text()
            if "Path(__file__).resolve().parent.parent/'prototype'" in text:
                text = replace_once(text, "Path(__file__).resolve().parent.parent/'prototype'", f'Path({str(translated)!r})')
            text = text.replace('Path(__file__).resolve().parent', f'Path({str(historical)!r})')
            if name in ('native', 'direct'):
                text = text.replace("P+'R'", "P+'plasma__R'")
            if name == 'native':
                text = replace_once(text, 'bridge.build(change)', f'bridge.build({WI059_REPLAY!r} | change)')
                text = replace_once(text, "'entering-package/contracts/model_contract.json'", repr(str(translated / 'entering-package/contracts/model_contract.json')))
                text = replace_once(text, "delta['added']==[]",
                                    f"{{x[1] for x in delta['added']}}=={WI040_PARAMETERS | WI038_PARAMETERS | WI058_PARAMETERS | WI059_PARAMETERS | WI059_NATIVE_ONLY_PARAMETERS | WI060_PARAMETERS | WI061_PARAMETERS!r}")
                # WI-058: evaluate R14 at the R-form's length (see K_COIL_RETIRED) so the frozen row stays exact.
                text = replace_once(text, "('R14',{P+'plasma__R':14.0})",
                                    f"('R14',{{P+'plasma__R':14.0,P+'magnet__coil__c_coil_ref':{K_COIL_RETIRED * 14.0!r}}})")
            if name == 'standalone':
                # WI-058: the winding length no longer takes R0 -- its R0-only check leaves the replay (its bore
                # response is tested in test_winding_length_bore.py); the other three magnet calcs keep theirs.
                text = replace_once(text, "('coil_length','mfe_magnet_field','coil_winding_length','Coil_Winding_Length',14/12.7),", '')
                for suffix in ('field_calc', 'stored_energy', 'magnet_cost'):
                    text = replace_once(text, f"('{suffix}',", f"('{modules[suffix]}',")
            if name == 'native':
                text = replace_once(text, "a['outputs'][k]==v if name=='baseline'", f"a['outputs'][k]==v if name=='baseline' and k not in {finance!r}")
                text = replace_once(text,
                    "    assert component[name].get('B_peak',component[name].get('error'))==row.get('B_peak',row.get('error'))",
                    "    if name == 'valid':\n"
                    "        assert component[name]['B_peak'] == row['B_peak']\n"
                    "    else:\n"
                    "        assert component[name]['error'] == 'ValueError'\n"
                    "        domain = 'reference' if name.startswith('reference') else 'live'\n"
                    "        assert domain + ' clearance' in component[name]['message']")
            if name == 'direct':
                text = replace_once(text, 'values.update(change)', f'values.update({WI059_REPLAY!r} | change)')
                # WI-058: evaluate R14 at the R-form's length (see K_COIL_RETIRED) so the frozen row stays exact.
                text = replace_once(text, "'R14':{P+'plasma__R':14.0,",
                                    f"'R14':{{P+'plasma__R':14.0,P+'magnet__coil__c_coil_ref':{K_COIL_RETIRED * 14.0!r},")
                text = replace_once(text, "if name=='baseline' or not isinstance(v,(int,float)):",
                                    f"if (name=='baseline' and k not in {finance!r}) or not isinstance(v,(int,float)):")
                text = replace_once(text, "scalar[k]==v if name=='baseline'", f"scalar[k]==v if name=='baseline' and k not in {finance!r}")
                # WI-053 read the magnet clearance refusal (ValueError) first at three invalid radii. WI-057
                # (2026-09-13): the calcs live on their parts and the regenerated pipeline executes the plasma's
                # sustainment module before the magnet's peak-field module. At the coil-centre and R3 radii the first
                # refusal is the plasma's deliberate SustainmentError (accepted: a different deliberate rejection).
                # At the negative radius it is an incidental TypeError inside plasma__sustain -- an UNRESOLVED
                # regression of the diagnostic, documented here, not repaired (goal structural-decomposition
                # trail, Amendment 2026-09-13; a deliberate non-positive-radius refusal is a model item). The
                # clearance check itself is unchanged and still refuses when reached
                # (test_peak_component_preserves_valid_and_rejects_invalid_domains).
                text = replace_once(text,
                    "classes=['SustainmentError','ZeroDivisionError','SustainmentError','ZeroDivisionError','TypeError']",
                    "classes=['SustainmentError','SustainmentError','SustainmentError','ZeroDivisionError','TypeError']")
            driver = drivers / (name + '.py')
            driver.write_text(text)
            command = [str(ROOT / '.codex-test/run'), 'bash', '-c',
                       'export PYTHONPATH="$PWD:$STOP_PARSER_TEAX_ROOT/packages/teax-simkit" STUDY_REQUIRE_TEAX=1; exec .codex-test/run python "$@"',
                       'current-mfe', str(driver), str(destination)]
            result = subprocess.run(command, cwd=ROOT, capture_output=True, text=True)
            (destination / (name + '.log')).write_text(result.stdout + result.stderr)
>           assert result.returncode == 0, f'{name} failed: {destination / (name + ".log")}'
                   ^^^^^^^^^^^^^^^^^^^^^^
E           AssertionError: native failed: /tmp/pytest-of-reid/pytest-12808/wi0510/acceptance/native.log

tests/models/current_mfe_regressions.py:352: AssertionError
_ ERROR at setup of test_peak_component_preserves_valid_and_rejects_invalid_domains[equality] _

tmp_path_factory = TempPathFactory(_given_basetemp=None, _trace=<pluggy._tracing.TagTracerSub object at 0x7da6d9ef0c20>, _basetemp=PosixPath('/tmp/pytest-of-reid/pytest-12808'), _retention_count=3, _retention_policy='all')

    @pytest.fixture(scope='module')
    def acceptance(tmp_path_factory):
        from tests.models.current_mfe_regressions import radius_acceptance
>       return radius_acceptance(tmp_path_factory.mktemp('wi051')/'acceptance',H)
               ^^^^^^^^^^^^^^^^^^^^^^^^^^^^^^^^^^^^^^^^^^^^^^^^^^^^^^^^^^^^^^^^^^

tests/models/test_mfe_major_radius.py:137: 
_ _ _ _ _ _ _ _ _ _ _ _ _ _ _ _ _ _ _ _ _ _ _ _ _ _ _ _ _ _ _ _ _ _ _ _ _ _ _ _ 

destination = PosixPath('/tmp/pytest-of-reid/pytest-12808/wi0510/acceptance')
historical = PosixPath('/home/reid/1cfe/fusion-tea/work/active/WI-051_mfe-model-owned-major-radius/implementation')

    def radius_acceptance(destination, historical):
        destination = Path(destination)
        destination.mkdir()
        drivers = destination / 'drivers'
        drivers.mkdir()
        ledger = json.loads((FINANCE_EVIDENCE / 'scalar-ledger.json').read_text())['live_ordinary']
        finance = {row['name'] for row in ledger if row['classification'] == 'changed finance'}
        generation = current_generation()
        before = generation.inventory(generation.PACKAGE)
        # WI-057 (2026-09-13): the drivers read the frozen evidence and the package under the new names.
        forward, _ = structure_ledger()
        translated, modules = translate_frozen_radius_evidence(Path(historical), destination, forward)
        # Current economic expectations are independently recomputed; baseline arithmetic may
        # differ by roundoff. This is a bounded tolerance, never omission of these comparisons.
        finance |= restate_wi040_radius_costs(translated)
        for name in ('native', 'direct', 'standalone', 'cli_checks'):
            text = (historical / (name + '.py')).read_text()
            if "Path(__file__).resolve().parent.parent/'prototype'" in text:
                text = replace_once(text, "Path(__file__).resolve().parent.parent/'prototype'", f'Path({str(translated)!r})')
            text = text.replace('Path(__file__).resolve().parent', f'Path({str(historical)!r})')
            if name in ('native', 'direct'):
                text = text.replace("P+'R'", "P+'plasma__R'")
            if name == 'native':
                text = replace_once(text, 'bridge.build(change)', f'bridge.build({WI059_REPLAY!r} | change)')
                text = replace_once(text, "'entering-package/contracts/model_contract.json'", repr(str(translated / 'entering-package/contracts/model_contract.json')))
                text = replace_once(text, "delta['added']==[]",
                                    f"{{x[1] for x in delta['added']}}=={WI040_PARAMETERS | WI038_PARAMETERS | WI058_PARAMETERS | WI059_PARAMETERS | WI059_NATIVE_ONLY_PARAMETERS | WI060_PARAMETERS | WI061_PARAMETERS!r}")
                # WI-058: evaluate R14 at the R-form's length (see K_COIL_RETIRED) so the frozen row stays exact.
                text = replace_once(text, "('R14',{P+'plasma__R':14.0})",
                                    f"('R14',{{P+'plasma__R':14.0,P+'magnet__coil__c_coil_ref':{K_COIL_RETIRED * 14.0!r}}})")
            if name == 'standalone':
                # WI-058: the winding length no longer takes R0 -- its R0-only check leaves the replay (its bore
                # response is tested in test_winding_length_bore.py); the other three magnet calcs keep theirs.
                text = replace_once(text, "('coil_length','mfe_magnet_field','coil_winding_length','Coil_Winding_Length',14/12.7),", '')
                for suffix in ('field_calc', 'stored_energy', 'magnet_cost'):
                    text = replace_once(text, f"('{suffix}',", f"('{modules[suffix]}',")
            if name == 'native':
                text = replace_once(text, "a['outputs'][k]==v if name=='baseline'", f"a['outputs'][k]==v if name=='baseline' and k not in {finance!r}")
                text = replace_once(text,
                    "    assert component[name].get('B_peak',component[name].get('error'))==row.get('B_peak',row.get('error'))",
                    "    if name == 'valid':\n"
                    "        assert component[name]['B_peak'] == row['B_peak']\n"
                    "    else:\n"
                    "        assert component[name]['error'] == 'ValueError'\n"
                    "        domain = 'reference' if name.startswith('reference') else 'live'\n"
                    "        assert domain + ' clearance' in component[name]['message']")
            if name == 'direct':
                text = replace_once(text, 'values.update(change)', f'values.update({WI059_REPLAY!r} | change)')
                # WI-058: evaluate R14 at the R-form's length (see K_COIL_RETIRED) so the frozen row stays exact.
                text = replace_once(text, "'R14':{P+'plasma__R':14.0,",
                                    f"'R14':{{P+'plasma__R':14.0,P+'magnet__coil__c_coil_ref':{K_COIL_RETIRED * 14.0!r},")
                text = replace_once(text, "if name=='baseline' or not isinstance(v,(int,float)):",
                                    f"if (name=='baseline' and k not in {finance!r}) or not isinstance(v,(int,float)):")
                text = replace_once(text, "scalar[k]==v if name=='baseline'", f"scalar[k]==v if name=='baseline' and k not in {finance!r}")
                # WI-053 read the magnet clearance refusal (ValueError) first at three invalid radii. WI-057
                # (2026-09-13): the calcs live on their parts and the regenerated pipeline executes the plasma's
                # sustainment module before the magnet's peak-field module. At the coil-centre and R3 radii the first
                # refusal is the plasma's deliberate SustainmentError (accepted: a different deliberate rejection).
                # At the negative radius it is an incidental TypeError inside plasma__sustain -- an UNRESOLVED
                # regression of the diagnostic, documented here, not repaired (goal structural-decomposition
                # trail, Amendment 2026-09-13; a deliberate non-positive-radius refusal is a model item). The
                # clearance check itself is unchanged and still refuses when reached
                # (test_peak_component_preserves_valid_and_rejects_invalid_domains).
                text = replace_once(text,
                    "classes=['SustainmentError','ZeroDivisionError','SustainmentError','ZeroDivisionError','TypeError']",
                    "classes=['SustainmentError','SustainmentError','SustainmentError','ZeroDivisionError','TypeError']")
            driver = drivers / (name + '.py')
            driver.write_text(text)
            command = [str(ROOT / '.codex-test/run'), 'bash', '-c',
                       'export PYTHONPATH="$PWD:$STOP_PARSER_TEAX_ROOT/packages/teax-simkit" STUDY_REQUIRE_TEAX=1; exec .codex-test/run python "$@"',
                       'current-mfe', str(driver), str(destination)]
            result = subprocess.run(command, cwd=ROOT, capture_output=True, text=True)
            (destination / (name + '.log')).write_text(result.stdout + result.stderr)
>           assert result.returncode == 0, f'{name} failed: {destination / (name + ".log")}'
                   ^^^^^^^^^^^^^^^^^^^^^^
E           AssertionError: native failed: /tmp/pytest-of-reid/pytest-12808/wi0510/acceptance/native.log

tests/models/current_mfe_regressions.py:352: AssertionError
_ ERROR at setup of test_peak_component_preserves_valid_and_rejects_invalid_domains[reference_equal] _

tmp_path_factory = TempPathFactory(_given_basetemp=None, _trace=<pluggy._tracing.TagTracerSub object at 0x7da6d9ef0c20>, _basetemp=PosixPath('/tmp/pytest-of-reid/pytest-12808'), _retention_count=3, _retention_policy='all')

    @pytest.fixture(scope='module')
    def acceptance(tmp_path_factory):
        from tests.models.current_mfe_regressions import radius_acceptance
>       return radius_acceptance(tmp_path_factory.mktemp('wi051')/'acceptance',H)
               ^^^^^^^^^^^^^^^^^^^^^^^^^^^^^^^^^^^^^^^^^^^^^^^^^^^^^^^^^^^^^^^^^^

tests/models/test_mfe_major_radius.py:137: 
_ _ _ _ _ _ _ _ _ _ _ _ _ _ _ _ _ _ _ _ _ _ _ _ _ _ _ _ _ _ _ _ _ _ _ _ _ _ _ _ 

destination = PosixPath('/tmp/pytest-of-reid/pytest-12808/wi0510/acceptance')
historical = PosixPath('/home/reid/1cfe/fusion-tea/work/active/WI-051_mfe-model-owned-major-radius/implementation')

    def radius_acceptance(destination, historical):
        destination = Path(destination)
        destination.mkdir()
        drivers = destination / 'drivers'
        drivers.mkdir()
        ledger = json.loads((FINANCE_EVIDENCE / 'scalar-ledger.json').read_text())['live_ordinary']
        finance = {row['name'] for row in ledger if row['classification'] == 'changed finance'}
        generation = current_generation()
        before = generation.inventory(generation.PACKAGE)
        # WI-057 (2026-09-13): the drivers read the frozen evidence and the package under the new names.
        forward, _ = structure_ledger()
        translated, modules = translate_frozen_radius_evidence(Path(historical), destination, forward)
        # Current economic expectations are independently recomputed; baseline arithmetic may
        # differ by roundoff. This is a bounded tolerance, never omission of these comparisons.
        finance |= restate_wi040_radius_costs(translated)
        for name in ('native', 'direct', 'standalone', 'cli_checks'):
            text = (historical / (name + '.py')).read_text()
            if "Path(__file__).resolve().parent.parent/'prototype'" in text:
                text = replace_once(text, "Path(__file__).resolve().parent.parent/'prototype'", f'Path({str(translated)!r})')
            text = text.replace('Path(__file__).resolve().parent', f'Path({str(historical)!r})')
            if name in ('native', 'direct'):
                text = text.replace("P+'R'", "P+'plasma__R'")
            if name == 'native':
                text = replace_once(text, 'bridge.build(change)', f'bridge.build({WI059_REPLAY!r} | change)')
                text = replace_once(text, "'entering-package/contracts/model_contract.json'", repr(str(translated / 'entering-package/contracts/model_contract.json')))
                text = replace_once(text, "delta['added']==[]",
                                    f"{{x[1] for x in delta['added']}}=={WI040_PARAMETERS | WI038_PARAMETERS | WI058_PARAMETERS | WI059_PARAMETERS | WI059_NATIVE_ONLY_PARAMETERS | WI060_PARAMETERS | WI061_PARAMETERS!r}")
                # WI-058: evaluate R14 at the R-form's length (see K_COIL_RETIRED) so the frozen row stays exact.
                text = replace_once(text, "('R14',{P+'plasma__R':14.0})",
                                    f"('R14',{{P+'plasma__R':14.0,P+'magnet__coil__c_coil_ref':{K_COIL_RETIRED * 14.0!r}}})")
            if name == 'standalone':
                # WI-058: the winding length no longer takes R0 -- its R0-only check leaves the replay (its bore
                # response is tested in test_winding_length_bore.py); the other three magnet calcs keep theirs.
                text = replace_once(text, "('coil_length','mfe_magnet_field','coil_winding_length','Coil_Winding_Length',14/12.7),", '')
                for suffix in ('field_calc', 'stored_energy', 'magnet_cost'):
                    text = replace_once(text, f"('{suffix}',", f"('{modules[suffix]}',")
            if name == 'native':
                text = replace_once(text, "a['outputs'][k]==v if name=='baseline'", f"a['outputs'][k]==v if name=='baseline' and k not in {finance!r}")
                text = replace_once(text,
                    "    assert component[name].get('B_peak',component[name].get('error'))==row.get('B_peak',row.get('error'))",
                    "    if name == 'valid':\n"
                    "        assert component[name]['B_peak'] == row['B_peak']\n"
                    "    else:\n"
                    "        assert component[name]['error'] == 'ValueError'\n"
                    "        domain = 'reference' if name.startswith('reference') else 'live'\n"
                    "        assert domain + ' clearance' in component[name]['message']")
            if name == 'direct':
                text = replace_once(text, 'values.update(change)', f'values.update({WI059_REPLAY!r} | change)')
                # WI-058: evaluate R14 at the R-form's length (see K_COIL_RETIRED) so the frozen row stays exact.
                text = replace_once(text, "'R14':{P+'plasma__R':14.0,",
                                    f"'R14':{{P+'plasma__R':14.0,P+'magnet__coil__c_coil_ref':{K_COIL_RETIRED * 14.0!r},")
                text = replace_once(text, "if name=='baseline' or not isinstance(v,(int,float)):",
                                    f"if (name=='baseline' and k not in {finance!r}) or not isinstance(v,(int,float)):")
                text = replace_once(text, "scalar[k]==v if name=='baseline'", f"scalar[k]==v if name=='baseline' and k not in {finance!r}")
                # WI-053 read the magnet clearance refusal (ValueError) first at three invalid radii. WI-057
                # (2026-09-13): the calcs live on their parts and the regenerated pipeline executes the plasma's
                # sustainment module before the magnet's peak-field module. At the coil-centre and R3 radii the first
                # refusal is the plasma's deliberate SustainmentError (accepted: a different deliberate rejection).
                # At the negative radius it is an incidental TypeError inside plasma__sustain -- an UNRESOLVED
                # regression of the diagnostic, documented here, not repaired (goal structural-decomposition
                # trail, Amendment 2026-09-13; a deliberate non-positive-radius refusal is a model item). The
                # clearance check itself is unchanged and still refuses when reached
                # (test_peak_component_preserves_valid_and_rejects_invalid_domains).
                text = replace_once(text,
                    "classes=['SustainmentError','ZeroDivisionError','SustainmentError','ZeroDivisionError','TypeError']",
                    "classes=['SustainmentError','SustainmentError','SustainmentError','ZeroDivisionError','TypeError']")
            driver = drivers / (name + '.py')
            driver.write_text(text)
            command = [str(ROOT / '.codex-test/run'), 'bash', '-c',
                       'export PYTHONPATH="$PWD:$STOP_PARSER_TEAX_ROOT/packages/teax-simkit" STUDY_REQUIRE_TEAX=1; exec .codex-test/run python "$@"',
                       'current-mfe', str(driver), str(destination)]
            result = subprocess.run(command, cwd=ROOT, capture_output=True, text=True)
            (destination / (name + '.log')).write_text(result.stdout + result.stderr)
>           assert result.returncode == 0, f'{name} failed: {destination / (name + ".log")}'
                   ^^^^^^^^^^^^^^^^^^^^^^
E           AssertionError: native failed: /tmp/pytest-of-reid/pytest-12808/wi0510/acceptance/native.log

tests/models/current_mfe_regressions.py:352: AssertionError
_ ERROR at setup of test_peak_component_preserves_valid_and_rejects_invalid_domains[reference_inverted] _

tmp_path_factory = TempPathFactory(_given_basetemp=None, _trace=<pluggy._tracing.TagTracerSub object at 0x7da6d9ef0c20>, _basetemp=PosixPath('/tmp/pytest-of-reid/pytest-12808'), _retention_count=3, _retention_policy='all')

    @pytest.fixture(scope='module')
    def acceptance(tmp_path_factory):
        from tests.models.current_mfe_regressions import radius_acceptance
>       return radius_acceptance(tmp_path_factory.mktemp('wi051')/'acceptance',H)
               ^^^^^^^^^^^^^^^^^^^^^^^^^^^^^^^^^^^^^^^^^^^^^^^^^^^^^^^^^^^^^^^^^^

tests/models/test_mfe_major_radius.py:137: 
_ _ _ _ _ _ _ _ _ _ _ _ _ _ _ _ _ _ _ _ _ _ _ _ _ _ _ _ _ _ _ _ _ _ _ _ _ _ _ _ 

destination = PosixPath('/tmp/pytest-of-reid/pytest-12808/wi0510/acceptance')
historical = PosixPath('/home/reid/1cfe/fusion-tea/work/active/WI-051_mfe-model-owned-major-radius/implementation')

    def radius_acceptance(destination, historical):
        destination = Path(destination)
        destination.mkdir()
        drivers = destination / 'drivers'
        drivers.mkdir()
        ledger = json.loads((FINANCE_EVIDENCE / 'scalar-ledger.json').read_text())['live_ordinary']
        finance = {row['name'] for row in ledger if row['classification'] == 'changed finance'}
        generation = current_generation()
        before = generation.inventory(generation.PACKAGE)
        # WI-057 (2026-09-13): the drivers read the frozen evidence and the package under the new names.
        forward, _ = structure_ledger()
        translated, modules = translate_frozen_radius_evidence(Path(historical), destination, forward)
        # Current economic expectations are independently recomputed; baseline arithmetic may
        # differ by roundoff. This is a bounded tolerance, never omission of these comparisons.
        finance |= restate_wi040_radius_costs(translated)
        for name in ('native', 'direct', 'standalone', 'cli_checks'):
            text = (historical / (name + '.py')).read_text()
            if "Path(__file__).resolve().parent.parent/'prototype'" in text:
                text = replace_once(text, "Path(__file__).resolve().parent.parent/'prototype'", f'Path({str(translated)!r})')
            text = text.replace('Path(__file__).resolve().parent', f'Path({str(historical)!r})')
            if name in ('native', 'direct'):
                text = text.replace("P+'R'", "P+'plasma__R'")
            if name == 'native':
                text = replace_once(text, 'bridge.build(change)', f'bridge.build({WI059_REPLAY!r} | change)')
                text = replace_once(text, "'entering-package/contracts/model_contract.json'", repr(str(translated / 'entering-package/contracts/model_contract.json')))
                text = replace_once(text, "delta['added']==[]",
                                    f"{{x[1] for x in delta['added']}}=={WI040_PARAMETERS | WI038_PARAMETERS | WI058_PARAMETERS | WI059_PARAMETERS | WI059_NATIVE_ONLY_PARAMETERS | WI060_PARAMETERS | WI061_PARAMETERS!r}")
                # WI-058: evaluate R14 at the R-form's length (see K_COIL_RETIRED) so the frozen row stays exact.
                text = replace_once(text, "('R14',{P+'plasma__R':14.0})",
                                    f"('R14',{{P+'plasma__R':14.0,P+'magnet__coil__c_coil_ref':{K_COIL_RETIRED * 14.0!r}}})")
            if name == 'standalone':
                # WI-058: the winding length no longer takes R0 -- its R0-only check leaves the replay (its bore
                # response is tested in test_winding_length_bore.py); the other three magnet calcs keep theirs.
                text = replace_once(text, "('coil_length','mfe_magnet_field','coil_winding_length','Coil_Winding_Length',14/12.7),", '')
                for suffix in ('field_calc', 'stored_energy', 'magnet_cost'):
                    text = replace_once(text, f"('{suffix}',", f"('{modules[suffix]}',")
            if name == 'native':
                text = replace_once(text, "a['outputs'][k]==v if name=='baseline'", f"a['outputs'][k]==v if name=='baseline' and k not in {finance!r}")
                text = replace_once(text,
                    "    assert component[name].get('B_peak',component[name].get('error'))==row.get('B_peak',row.get('error'))",
                    "    if name == 'valid':\n"
                    "        assert component[name]['B_peak'] == row['B_peak']\n"
                    "    else:\n"
                    "        assert component[name]['error'] == 'ValueError'\n"
                    "        domain = 'reference' if name.startswith('reference') else 'live'\n"
                    "        assert domain + ' clearance' in component[name]['message']")
            if name == 'direct':
                text = replace_once(text, 'values.update(change)', f'values.update({WI059_REPLAY!r} | change)')
                # WI-058: evaluate R14 at the R-form's length (see K_COIL_RETIRED) so the frozen row stays exact.
                text = replace_once(text, "'R14':{P+'plasma__R':14.0,",
                                    f"'R14':{{P+'plasma__R':14.0,P+'magnet__coil__c_coil_ref':{K_COIL_RETIRED * 14.0!r},")
                text = replace_once(text, "if name=='baseline' or not isinstance(v,(int,float)):",
                                    f"if (name=='baseline' and k not in {finance!r}) or not isinstance(v,(int,float)):")
                text = replace_once(text, "scalar[k]==v if name=='baseline'", f"scalar[k]==v if name=='baseline' and k not in {finance!r}")
                # WI-053 read the magnet clearance refusal (ValueError) first at three invalid radii. WI-057
                # (2026-09-13): the calcs live on their parts and the regenerated pipeline executes the plasma's
                # sustainment module before the magnet's peak-field module. At the coil-centre and R3 radii the first
                # refusal is the plasma's deliberate SustainmentError (accepted: a different deliberate rejection).
                # At the negative radius it is an incidental TypeError inside plasma__sustain -- an UNRESOLVED
                # regression of the diagnostic, documented here, not repaired (goal structural-decomposition
                # trail, Amendment 2026-09-13; a deliberate non-positive-radius refusal is a model item). The
                # clearance check itself is unchanged and still refuses when reached
                # (test_peak_component_preserves_valid_and_rejects_invalid_domains).
                text = replace_once(text,
                    "classes=['SustainmentError','ZeroDivisionError','SustainmentError','ZeroDivisionError','TypeError']",
                    "classes=['SustainmentError','SustainmentError','SustainmentError','ZeroDivisionError','TypeError']")
            driver = drivers / (name + '.py')
            driver.write_text(text)
            command = [str(ROOT / '.codex-test/run'), 'bash', '-c',
                       'export PYTHONPATH="$PWD:$STOP_PARSER_TEAX_ROOT/packages/teax-simkit" STUDY_REQUIRE_TEAX=1; exec .codex-test/run python "$@"',
                       'current-mfe', str(driver), str(destination)]
            result = subprocess.run(command, cwd=ROOT, capture_output=True, text=True)
            (destination / (name + '.log')).write_text(result.stdout + result.stderr)
>           assert result.returncode == 0, f'{name} failed: {destination / (name + ".log")}'
                   ^^^^^^^^^^^^^^^^^^^^^^
E           AssertionError: native failed: /tmp/pytest-of-reid/pytest-12808/wi0510/acceptance/native.log

tests/models/current_mfe_regressions.py:352: AssertionError
=================================== FAILURES ===================================
___________________ test_heating_efficiency_scalar_consumers ___________________

native = (PosixPath('/tmp/wi052-operating-regression-eg3u7_8_'), {'availability': {'outputs': {'stellarator_09__stellaris__aux_...total': 0.0, 'stellarator_09__stellaris__R': 12.7, ...}, PosixPath('/tmp/pytest-of-reid/pytest-12808/wi050-evidence0'))
boundaries = {'couple_negative': {'outputs': {'boundary_fixture__allzero__heat__eta_pin_eff': 1.0, 'boundary_fixture__allzero__heat...le_zero': {'error': 'EvaluationFailed', 'message': 'module_execution: ZeroDivisionError: float division by zero'}, ...}

    def test_heating_efficiency_scalar_consumers(native,boundaries):
        from scripts.study import indicators,verify
        scratch,_,_,_=native
        entries=json.loads((scratch/'generated/contracts/model_contract.json').read_text())['constraint_catalog']['concrete_entries']
        assert len(entries)==19
>       assert sum(len(verify.feature_refs(json.loads(e['predicate_ir']))) for e in entries)==28
E       assert 29 == 28
E        +  where 29 = sum(<generator object test_heating_efficiency_scalar_consumers.<locals>.<genexpr> at 0x7da6a0a75f40>)

tests/models/test_mfe_operating_heating.py:82: AssertionError
____________________ test_operating_heat_reserve_invariance ____________________

native = (PosixPath('/tmp/wi052-operating-regression-eg3u7_8_'), {'availability': {'outputs': {'stellarator_09__stellaris__aux_...total': 0.0, 'stellarator_09__stellaris__R': 12.7, ...}, PosixPath('/tmp/pytest-of-reid/pytest-12808/wi050-evidence0'))

    def test_operating_heat_reserve_invariance(native):
        _,results,inputs,_=native
        # Frozen WI-050 checker retains its original eighteen-predicate scope.
>       historical = {name: dict(row, responses={k: v for k, v in row['responses'].items() if 'wp_fit_ok' not in k}) for name, row in results.items()}
                                                                  ^^^^^^^^^^^^^^^^
E       KeyError: 'responses'

tests/models/test_mfe_operating_heating.py:139: KeyError
__________ test_mfe_census_matches_current_generated_public_contract ___________

baselines = {'ife': PosixPath('/tmp/pytest-of-reid/pytest-12808/baseline-ife0/package'), 'mfe': PosixPath('/tmp/pytest-of-reid/pytest-12808/baseline-mfe0/package')}

    def test_mfe_census_matches_current_generated_public_contract(baselines) -> None:
        """Bound to the semantic fingerprint it was derived against: a regenerated model
        re-derives the fixture from the new package, never patches it to match."""
        output = baselines["mfe"]
        expected = json.loads((DATA / "mfe_census.json").read_text())
        assert _contract(output)["semantic_fingerprint"] == (
            expected["derived_against_semantic_fingerprint"]
        ), "model meaning moved — re-derive tests/models/data/mfe_census.json from the new package"
>       assert len(_contract(output)["parameters"]) == expected["entry_points"] == 265 + len(WI059_PARAMETERS | WI060_PARAMETERS | WI059_NATIVE_ONLY_PARAMETERS)  # WI-040/038: 17 cost inputs and 2 conductor references.
        ^^^^^^^^^^^^^^^^^^^^^^^^^^^^^^^^^^^^^^^^^^^^^^^^^^^^^^^^^^^^^^^^^^^^^^^^^^^^^^^^^^^^^^^^^^^^^^^^^^^^^^^^^^^^^^^^^^^^^^^^^^^^^^^^^^^^^^^^^^^^^^^^^^^^^^^^
E       AssertionError: assert 299 == (265 + 27)
E        +  where 27 = len((({'stellarator_09__stellaris__cryoplant__L0', 'stellarator_09__stellaris__cryoplant__T_shield', 'stellarator_09__stella...arnot_shield', 'stellarator_09__stellaris__cryoplant__f_lead', 'stellarator_09__stellaris__cryoplant__g_per_coil', ...} | {'stellarator_09__stellaris__magnet__winding_pack__tape_price_per_m', 'stellarator_09__stellaris__magnet__winding_pack__tape_thickness', 'stellarator_09__stellaris__magnet__winding_pack__tape_width'}) | {'stellarator_09__stellaris__cryoplant__cryo_elec__f_uplift', 'stellarator_09__stellaris__cryoplant__cryo_elec__q_nuc', 'stellarator_09__stellaris__cryoplant__cryo_elec__vol_cold'}))

tests/models/test_model_family_spines.py:364: AssertionError
__________ test_ledger_is_a_verified_bijection_onto_the_live_package ___________

    def test_ledger_is_a_verified_bijection_onto_the_live_package():
        ledger = json.loads((STRUCTURE_EVIDENCE / 'ledger.json').read_text())
        params, outputs = ledger['parameters'], ledger['outputs']
        assert set(params) == {x['qualified_name'] for x in ENTERING['parameters']}
        assert set(outputs) == {x['channel_name'] for x in ENTERING['outputs']}
        assert len(set(params.values())) == len(params) and len(set(outputs.values())) == len(outputs)
        # WI-040 (2026-09-13): the historical bijection is preserved; only this explicit
        # material-account ABI is added by the current model.
        # WI-058 (2026-09-14): k_coil retired from the live contract, c_coil_ref added (the winding length
        # follows the coil bore); the historical bijection is otherwise preserved.
>       assert (set(params.values()) - WI058_RETIRED) | WI040_PARAMETERS | WI038_PARAMETERS | WI058_PARAMETERS | WI059_PARAMETERS | WI060_PARAMETERS | WI059_NATIVE_ONLY_PARAMETERS == LIVE_PARAMS
E       AssertionError: assert {'stellarator...anket_t', ...} == {'stellarator...anket_t', ...}
E         
E         Extra items in the right set:
E         'stellarator_09__stellaris__magnet__winding_pack__ground_insulation'
E         'stellarator_09__stellaris__magnet__winding_pack__fit_aspect_ratio'
E         'stellarator_09__stellaris__magnet__winding_pack__internal_build_x'
E         'stellarator_09__stellaris__magnet__casing__wall_thickness'
E         'stellarator_09__stellaris__magnet__casing__assembly_clearance'...
E         
E         ...Full output truncated (3 lines hidden), use '-vv' to show

tests/models/test_structure_translation.py:39: AssertionError
=============================== warnings summary ===============================
tests/models/test_conductor_grade.py: 3 warnings
tests/models/test_tape_procurement.py: 13 warnings
tests/models/test_winding_pack_cost.py: 2 warnings
tests/models/test_winding_pack_fit.py: 11 warnings
  /home/reid/1cfe/fusion-tea/.venv/lib/python3.12/site-packages/pydantic/main.py:464: UserWarning: Pydantic serializer warnings:
    PydanticSerializationUnexpectedValue(Expected `bool` - serialized value may not be as expected [field_name='stellarator_09__stellaris__cryoplant__inventory_enabled', input_value=1.0, input_type=float])
    return self.__pydantic_serializer__.to_python(

-- Docs: https://docs.pytest.org/en/stable/how-to/capture-warnings.html
=========================== short test summary info ============================
FAILED tests/models/test_mfe_operating_heating.py::test_heating_efficiency_scalar_consumers
FAILED tests/models/test_mfe_operating_heating.py::test_operating_heat_reserve_invariance
FAILED tests/models/test_model_family_spines.py::test_mfe_census_matches_current_generated_public_contract
FAILED tests/models/test_structure_translation.py::test_ledger_is_a_verified_bijection_onto_the_live_package
ERROR tests/models/test_mfe_major_radius.py::test_complete_native_and_direct_parity[baseline]
ERROR tests/models/test_mfe_major_radius.py::test_complete_native_and_direct_parity[R14]
ERROR tests/models/test_mfe_major_radius.py::test_independent_radius_ratios_and_fixed_anchors
ERROR tests/models/test_mfe_major_radius.py::test_standalone_radius_formals[field_calc]
ERROR tests/models/test_mfe_major_radius.py::test_standalone_radius_formals[stored_energy]
ERROR tests/models/test_mfe_major_radius.py::test_standalone_radius_formals[magnet_cost]
ERROR tests/models/test_mfe_major_radius.py::test_retired_radius_refused[alone-native]
ERROR tests/models/test_mfe_major_radius.py::test_retired_radius_refused[alone-schema]
ERROR tests/models/test_mfe_major_radius.py::test_retired_radius_refused[alone-helper]
ERROR tests/models/test_mfe_major_radius.py::test_retired_radius_refused[alone-single]
ERROR tests/models/test_mfe_major_radius.py::test_retired_radius_refused[alone-cli]
ERROR tests/models/test_mfe_major_radius.py::test_retired_radius_refused[equal-native]
ERROR tests/models/test_mfe_major_radius.py::test_retired_radius_refused[equal-schema]
ERROR tests/models/test_mfe_major_radius.py::test_retired_radius_refused[equal-helper]
ERROR tests/models/test_mfe_major_radius.py::test_retired_radius_refused[equal-single]
ERROR tests/models/test_mfe_major_radius.py::test_retired_radius_refused[equal-cli]
ERROR tests/models/test_mfe_major_radius.py::test_retired_radius_refused[conflicting-native]
ERROR tests/models/test_mfe_major_radius.py::test_retired_radius_refused[conflicting-schema]
ERROR tests/models/test_mfe_major_radius.py::test_retired_radius_refused[conflicting-helper]
ERROR tests/models/test_mfe_major_radius.py::test_retired_radius_refused[conflicting-single]
ERROR tests/models/test_mfe_major_radius.py::test_retired_radius_refused[conflicting-cli]
ERROR tests/models/test_mfe_major_radius.py::test_retired_radius_refused[zero-native]
ERROR tests/models/test_mfe_major_radius.py::test_retired_radius_refused[zero-schema]
ERROR tests/models/test_mfe_major_radius.py::test_retired_radius_refused[zero-helper]
ERROR tests/models/test_mfe_major_radius.py::test_retired_radius_refused[zero-single]
ERROR tests/models/test_mfe_major_radius.py::test_retired_radius_refused[zero-cli]
ERROR tests/models/test_mfe_major_radius.py::test_unified_invalid_radius_failure[R4-native]
ERROR tests/models/test_mfe_major_radius.py::test_unified_invalid_radius_failure[R4-helper]
ERROR tests/models/test_mfe_major_radius.py::test_unified_invalid_radius_failure[R4-single]
ERROR tests/models/test_mfe_major_radius.py::test_unified_invalid_radius_failure[coil-centre-native]
ERROR tests/models/test_mfe_major_radius.py::test_unified_invalid_radius_failure[coil-centre-helper]
ERROR tests/models/test_mfe_major_radius.py::test_unified_invalid_radius_failure[coil-centre-single]
ERROR tests/models/test_mfe_major_radius.py::test_unified_invalid_radius_failure[R3-native]
ERROR tests/models/test_mfe_major_radius.py::test_unified_invalid_radius_failure[R3-helper]
ERROR tests/models/test_mfe_major_radius.py::test_unified_invalid_radius_failure[R3-single]
ERROR tests/models/test_mfe_major_radius.py::test_unified_invalid_radius_failure[zero-native]
ERROR tests/models/test_mfe_major_radius.py::test_unified_invalid_radius_failure[zero-helper]
ERROR tests/models/test_mfe_major_radius.py::test_unified_invalid_radius_failure[zero-single]
ERROR tests/models/test_mfe_major_radius.py::test_unified_invalid_radius_failure[negative-native]
ERROR tests/models/test_mfe_major_radius.py::test_unified_invalid_radius_failure[negative-helper]
ERROR tests/models/test_mfe_major_radius.py::test_unified_invalid_radius_failure[negative-single]
ERROR tests/models/test_mfe_major_radius.py::test_peak_component_preserves_valid_and_rejects_invalid_domains[valid]
ERROR tests/models/test_mfe_major_radius.py::test_peak_component_preserves_valid_and_rejects_invalid_domains[original_negative]
ERROR tests/models/test_mfe_major_radius.py::test_peak_component_preserves_valid_and_rejects_invalid_domains[equality]
ERROR tests/models/test_mfe_major_radius.py::test_peak_component_preserves_valid_and_rejects_invalid_domains[reference_equal]
ERROR tests/models/test_mfe_major_radius.py::test_peak_component_preserves_valid_and_rejects_invalid_domains[reference_inverted]
4 failed, 968 passed, 13 skipped, 29 warnings, 46 errors in 190.99s (0:03:10)
