case,candidate_id,state,roles,aliases,status,all_checks_pass,verification_status,numerical_verification_mismatch,numeric_mismatches,predicate_mismatches,failed_constraints,cooler_no_root,cooler_invalid,source_MW,delivered_heat_MW,gas_flow_kg_s,stage_ratio,cooler_UA,steam_circuits,salt_pumps_per_circuit,salt_pump_design_kg_s,steam_net_MW,gas_net_MW,steam_cost_per_MWh,gas_cost_per_MWh,steam_gross_electric,steam_electrical_load,steam_net_electric,steam_total_rejected,steam_unremoved_heat,steam_energy_residual,steam_conversion_energy_residual,steam_capital_total,steam_recurring_base,steam_annual_service,steam_annual_makeup,steam_machine_replacement_pv,steam_bundle_replacement_pv,steam_conversion_replacement_pv,steam_replacement_pv,steam_annuity_factor,steam_annual_energy,steam_discounted_energy,steam_accounted_pv,steam_corrected_pv,steam_cost_per_net_MWh,steam_economic_defined,steam_service_pv,steam_makeup_pv,gas_gross_electric,gas_electrical_load,gas_net_electric,gas_total_rejected,gas_unremoved_heat,gas_energy_residual,gas_conversion_energy_residual,gas_capital_total,gas_recurring_base,gas_annual_service,gas_annual_makeup,gas_machine_replacement_pv,gas_bundle_replacement_pv,gas_conversion_replacement_pv,gas_replacement_pv,gas_annuity_factor,gas_annual_energy,gas_discounted_energy,gas_accounted_pv,gas_corrected_pv,gas_cost_per_net_MWh,gas_economic_defined,gas_service_pv,gas_makeup_pv
gas-q2500-m1500-r1.2-ua25-25-20,20260926-design-study-component-alternatives:c0000,completed,"[""gas_catalog""]",[],equipment_or_coupling_insufficient,False,diagnostic_agreement_not_released,False,[],[],"[""component_alternatives__plant__gas_boundary__source_adequate_ok__dd6d7a3461399330""]",[],[],2500.0,2598.4236983110704,1500.0,1.2,"[25.0, 25.0, 20.0]",14.0,4.0,250.0,937.5789564279194,386.7263681061826,45.308945567890376,48.85402073159052,960.2748911376034,22.695934709684032,937.5789564279194,1660.8447418831506,0.0,4.547473508864641e-13,4.547473508864641e-13,3416541628.17324,2684142269.0865183,53682845.38173037,2832.210038746655,5500364.330206227,356935332.75198704,258223665.0278619,620659362.1100552,15.372451026882835,6981212.909562288,107318353.56048849,4862481439.907787,4862481439.907787,45.308945567890376,1.0,825236911.6143736,43538.01011847889,388.9409062099279,2.214538103745311,386.7263681061826,893.6710721222389,1318.0262580907504,1318.0262580826488,-8.10143774288008e-09,1540673674.8191283,1540673674.8191283,30813473.496382564,0.0,0.0,0.0,148218076.03332967,148218076.03332967,15.372451026882835,2879564.5369186355,44265964.82253028,2162570363.143751,2162570363.143751,48.85402073159052,1.0,473678612.2912932,0.0
gas-q2500-m1500-r1.2-ua25-25-25,20260926-design-study-component-alternatives:c0001,completed,"[""gas_catalog""]",[],cooler_no_root,False,diagnostic_agreement_not_released,False,[],[],"[""component_alternatives__plant__gas_boundary__source_adequate_ok__dd6d7a3461399330"", ""component_alternatives__plant__gas_ledger__balance__a530b58ca455c8b8"", ""component_alternatives__plant__water_pre__evaluation_defined_ok__bc4741b386520ff5""]","[""water_pre""]",[],2500.0,2598.4236983110704,1500.0,1.2,"[25.0, 25.0, 25.0]",14.0,4.0,250.0,937.5789564279194,387.9376695236703,45.308945567890376,48.70147832797499,960.2748911376034,22.695934709684032,937.5789564279194,1660.8447418831506,0.0,4.547473508864641e-13,4.547473508864641e-13,3416541628.17324,2684142269.0865183,53682845.38173037,2832.210038746655,5500364.330206227,356935332.75198704,258223665.0278619,620659362.1100552,15.372451026882835,6981212.909562288,107318353.56048849,4862481439.907787,4862481439.907787,45.308945567890376,1.0,825236911.6143736,43538.01011847889,388.9409062099279,1.0032366862576023,387.9376695236703,417.0179233823881,1318.0262580907504,1793.4681054050122,475.44184731426157,1540673674.8191283,1540673674.8191283,30813473.496382564,0.0,0.0,0.0,148218076.03332967,148218076.03332967,15.372451026882835,2888583.887273249,44404614.34415087,2162570363.143751,2162570363.143751,48.70147832797499,1.0,473678612.2912932,0.0
gas-q2500-m1500-r1.2-ua25-25-40,20260926-design-study-component-alternatives:c0002,completed,"[""gas_catalog""]",[],cooler_no_root,False,diagnostic_agreement_not_released,False,[],[],"[""component_alternatives__plant__gas_boundary__source_adequate_ok__dd6d7a3461399330"", ""component_alternatives__plant__gas_ledger__balance__a530b58ca455c8b8"", ""component_alternatives__plant__water_pre__evaluation_defined_ok__bc4741b386520ff5""]","[""water_pre""]",[],2500.0,2598.4236983110704,1500.0,1.2,"[25.0, 25.0, 40.0]",14.0,4.0,250.0,937.5789564279194,387.9376695236703,45.308945567890376,48.70147832797499,960.2748911376034,22.695934709684032,937.5789564279194,1660.8447418831506,0.0,4.547473508864641e-13,4.547473508864641e-13,3416541628.17324,2684142269.0865183,53682845.38173037,2832.210038746655,5500364.330206227,356935332.75198704,258223665.0278619,620659362.1100552,15.372451026882835,6981212.909562288,107318353.56048849,4862481439.907787,4862481439.907787,45.308945567890376,1.0,825236911.6143736,43538.01011847889,388.9409062099279,1.0032366862576023,387.9376695236703,417.0179233823881,1318.0262580907504,1793.4681054050122,475.44184731426157,1540673674.8191283,1540673674.8191283,30813473.496382564,0.0,0.0,0.0,148218076.03332967,148218076.03332967,15.372451026882835,2888583.887273249,44404614.34415087,2162570363.143751,2162570363.143751,48.70147832797499,1.0,473678612.2912932,0.0
gas-q2500-m1500-r1.2-ua30-30-50,20260926-design-study-component-alternatives:c0003,completed,"[""gas_catalog""]",[],cooler_no_root,False,diagnostic_agreement_not_released,False,[],[],"[""component_alternatives__plant__gas_boundary__source_adequate_ok__dd6d7a3461399330"", ""component_alternatives__plant__gas_ledger__balance__a530b58ca455c8b8"", ""component_alternatives__plant__water_pre__evaluation_defined_ok__bc4741b386520ff5""]","[""water_pre""]",[],2500.0,2598.4236983110704,1500.0,1.2,"[30.0, 30.0, 50.0]",14.0,4.0,250.0,937.5789564279194,387.99697728137824,45.308945567890376,49.54111482788995,960.2748911376034,22.695934709684032,937.5789564279194,1660.8447418831506,0.0,4.547473508864641e-13,4.547473508864641e-13,3416541628.17324,2684142269.0865183,53682845.38173037,2832.210038746655,5500364.330206227,356935332.75198704,258223665.0278619,620659362.1100552,15.372451026882835,6981212.909562288,107318353.56048849,4862481439.907787,4862481439.907787,45.308945567890376,1.0,825236911.6143736,43538.01011847889,388.9409062099279,0.9439289285496514,387.99697728137824,416.95861562468014,1318.0262580907504,1793.468105405012,475.4418473142617,1567475215.369684,1567475215.369684,31349504.30739368,0.0,0.0,0.0,150796475.88532883,150796475.88532883,15.372451026882835,2889025.492837142,44411402.904055014,2200190410.9374747,2200190410.9374747,49.54111482788995,1.0,481918719.68246186,0.0
gas-q2500-m1500-r1.2-ua40-40-60,20260926-design-study-component-alternatives:c0004,completed,"[""gas_catalog""]",[],cooler_no_root,False,diagnostic_agreement_not_released,False,[],[],"[""component_alternatives__plant__gas_boundary__source_adequate_ok__dd6d7a3461399330"", ""component_alternatives__plant__gas_ledger__balance__a530b58ca455c8b8"", ""component_alternatives__plant__water_pre__evaluation_defined_ok__bc4741b386520ff5""]","[""water_pre""]",[],2500.0,2598.4236983110704,1500.0,1.2,"[40.0, 40.0, 60.0]",14.0,4.0,250.0,937.5789564279194,388.4227990575695,45.308945567890376,50.33295586990541,960.2748911376034,22.695934709684032,937.5789564279194,1660.8447418831506,0.0,4.547473508864641e-13,4.547473508864641e-13,3416541628.17324,2684142269.0865183,53682845.38173037,2832.210038746655,5500364.330206227,356935332.75198704,258223665.0278619,620659362.1100552,15.372451026882835,6981212.909562288,107318353.56048849,4862481439.907787,4862481439.907787,45.308945567890376,1.0,825236911.6143736,43538.01011847889,389.3143532243193,0.8915541667497897,388.4227990575695,416.913862230521,1379.3092330047111,1793.08703702298,413.77780401826885,1594276755.92024,1594276755.92024,31885535.1184048,0.0,0.0,0.0,153374875.737328,153374875.737328,15.372451026882835,2892196.1617826624,44460143.857142486,2237810458.7311983,2237810458.7311983,50.33295586990541,1.0,490158827.0736306,0.0
gas-q2500-m1500-r1.35-ua25-25-20,20260926-design-study-component-alternatives:c0005,completed,"[""gas_catalog""]",[],cooler_no_root,False,diagnostic_agreement_not_released,False,[],[],"[""component_alternatives__plant__gas_boundary__source_adequate_ok__dd6d7a3461399330"", ""component_alternatives__plant__gas_ledger__balance__a530b58ca455c8b8"", ""component_alternatives__plant__water_ic1__evaluation_defined_ok__49d1611637350e3c"", ""component_alternatives__plant__water_ic2__evaluation_defined_ok__06ab6aea3f7f761b""]","[""water_ic1"", ""water_ic2""]",[],2500.0,2598.4236983110704,1500.0,1.35,"[25.0, 25.0, 20.0]",14.0,4.0,250.0,937.5789564279194,558.4032915347095,45.308945567890376,33.83421675933618,960.2748911376034,22.695934709684032,937.5789564279194,1660.8447418831506,0.0,4.547473508864641e-13,4.547473508864641e-13,3416541628.17324,2684142269.0865183,53682845.38173037,2832.210038746655,5500364.330206227,356935332.75198704,258223665.0278619,620659362.1100552,15.372451026882835,6981212.909562288,107318353.56048849,4862481439.907787,4862481439.907787,45.308945567890376,1.0,825236911.6143736,43538.01011847889,560.026796342278,1.6235048075684528,558.4032915347095,541.9092503684756,810.1374246746695,1498.1111564078853,687.9737317332158,1540673674.8191283,1540673674.8191283,30813473.496382564,0.0,0.0,0.0,148218076.03332967,148218076.03332967,15.372451026882835,4157870.908767447,63916666.92112841,2162570363.143751,2162570363.143751,33.83421675933618,1.0,473678612.2912932,0.0
gas-q2500-m1500-r1.35-ua25-25-25,20260926-design-study-component-alternatives:c0006,completed,"[""gas_catalog""]",[],cooler_no_root,False,diagnostic_agreement_not_released,False,[],[],"[""component_alternatives__plant__gas_boundary__source_adequate_ok__dd6d7a3461399330"", ""component_alternatives__plant__gas_ledger__balance__a530b58ca455c8b8"", ""component_alternatives__plant__water_ic1__evaluation_defined_ok__49d1611637350e3c"", ""component_alternatives__plant__water_ic2__evaluation_defined_ok__06ab6aea3f7f761b"", ""component_alternatives__plant__water_pre__evaluation_defined_ok__bc4741b386520ff5""]","[""water_ic1"", ""water_ic2"", ""water_pre""]",[],2500.0,2598.4236983110704,1500.0,1.35,"[25.0, 25.0, 25.0]",14.0,4.0,250.0,937.5789564279194,559.8551823316635,45.308945567890376,33.746473375894695,960.2748911376034,22.695934709684032,937.5789564279194,1660.8447418831506,0.0,4.547473508864641e-13,4.547473508864641e-13,3416541628.17324,2684142269.0865183,53682845.38173037,2832.210038746655,5500364.330206227,356935332.75198704,258223665.0278619,620659362.1100552,15.372451026882835,6981212.909562288,107318353.56048849,4862481439.907787,4862481439.907787,45.308945567890376,1.0,825236911.6143736,43538.01011847889,560.026796342278,0.17161401061441833,559.8551823316635,11.600732303313931,810.1374246746695,2026.9677836760932,1216.8303590014236,1540673674.8191283,1540673674.8191283,30813473.496382564,0.0,0.0,0.0,148218076.03332967,148218076.03332967,15.372451026882835,4168681.6876415666,64082855.08993327,2162570363.143751,2162570363.143751,33.746473375894695,1.0,473678612.2912932,0.0
gas-q2500-m1500-r1.35-ua25-25-40,20260926-design-study-component-alternatives:c0007,completed,"[""gas_catalog""]",[],cooler_no_root,False,diagnostic_agreement_not_released,False,[],[],"[""component_alternatives__plant__gas_boundary__source_adequate_ok__dd6d7a3461399330"", ""component_alternatives__plant__gas_ledger__balance__a530b58ca455c8b8"", ""component_alternatives__plant__water_ic1__evaluation_defined_ok__49d1611637350e3c"", ""component_alternatives__plant__water_ic2__evaluation_defined_ok__06ab6aea3f7f761b"", ""component_alternatives__plant__water_pre__evaluation_defined_ok__bc4741b386520ff5""]","[""water_ic1"", ""water_ic2"", ""water_pre""]",[],2500.0,2598.4236983110704,1500.0,1.35,"[25.0, 25.0, 40.0]",14.0,4.0,250.0,937.5789564279194,559.8551823316635,45.308945567890376,33.746473375894695,960.2748911376034,22.695934709684032,937.5789564279194,1660.8447418831506,0.0,4.547473508864641e-13,4.547473508864641e-13,3416541628.17324,2684142269.0865183,53682845.38173037,2832.210038746655,5500364.330206227,356935332.75198704,258223665.0278619,620659362.1100552,15.372451026882835,6981212.909562288,107318353.56048849,4862481439.907787,4862481439.907787,45.308945567890376,1.0,825236911.6143736,43538.01011847889,560.026796342278,0.17161401061441833,559.8551823316635,11.600732303313931,810.1374246746695,2026.9677836760932,1216.8303590014236,1540673674.8191283,1540673674.8191283,30813473.496382564,0.0,0.0,0.0,148218076.03332967,148218076.03332967,15.372451026882835,4168681.6876415666,64082855.08993327,2162570363.143751,2162570363.143751,33.746473375894695,1.0,473678612.2912932,0.0
gas-q2500-m1500-r1.35-ua30-30-50,20260926-design-study-component-alternatives:c0008,completed,"[""gas_catalog""]",[],cooler_no_root,False,diagnostic_agreement_not_released,False,[],[],"[""component_alternatives__plant__gas_boundary__source_adequate_ok__dd6d7a3461399330"", ""component_alternatives__plant__gas_ledger__balance__a530b58ca455c8b8"", ""component_alternatives__plant__water_ic1__evaluation_defined_ok__49d1611637350e3c"", ""component_alternatives__plant__water_ic2__evaluation_defined_ok__06ab6aea3f7f761b"", ""component_alternatives__plant__water_pre__evaluation_defined_ok__bc4741b386520ff5""]","[""water_ic1"", ""water_ic2"", ""water_pre""]",[],2500.0,2598.4236983110704,1500.0,1.35,"[30.0, 30.0, 50.0]",14.0,4.0,250.0,937.5789564279194,559.8551823316635,45.308945567890376,34.333526617216855,960.2748911376034,22.695934709684032,937.5789564279194,1660.8447418831506,0.0,4.547473508864641e-13,4.547473508864641e-13,3416541628.17324,2684142269.0865183,53682845.38173037,2832.210038746655,5500364.330206227,356935332.75198704,258223665.0278619,620659362.1100552,15.372451026882835,6981212.909562288,107318353.56048849,4862481439.907787,4862481439.907787,45.308945567890376,1.0,825236911.6143736,43538.01011847889,560.026796342278,0.17161401061441833,559.8551823316635,11.600732303313931,810.1374246746695,2026.9677836760932,1216.8303590014236,1567475215.369684,1567475215.369684,31349504.30739368,0.0,0.0,0.0,150796475.88532883,150796475.88532883,15.372451026882835,4168681.6876415666,64082855.08993327,2200190410.9374747,2200190410.9374747,34.333526617216855,1.0,481918719.68246186,0.0
gas-q2500-m1500-r1.35-ua40-40-60,20260926-design-study-component-alternatives:c0009,completed,"[""gas_catalog""]",[],cooler_no_root,False,diagnostic_agreement_not_released,False,[],[],"[""component_alternatives__plant__gas_boundary__source_adequate_ok__dd6d7a3461399330"", ""component_alternatives__plant__gas_ledger__balance__a530b58ca455c8b8"", ""component_alternatives__plant__water_ic1__evaluation_defined_ok__49d1611637350e3c"", ""component_alternatives__plant__water_ic2__evaluation_defined_ok__06ab6aea3f7f761b"", ""component_alternatives__plant__water_pre__evaluation_defined_ok__bc4741b386520ff5""]","[""water_ic1"", ""water_ic2"", ""water_pre""]",[],2500.0,2598.4236983110704,1500.0,1.35,"[40.0, 40.0, 60.0]",14.0,4.0,250.0,937.5789564279194,560.2592900861256,45.308945567890376,34.89539209751327,960.2748911376034,22.695934709684032,937.5789564279194,1660.8447418831506,0.0,4.547473508864641e-13,4.547473508864641e-13,3416541628.17324,2684142269.0865183,53682845.38173037,2832.210038746655,5500364.330206227,356935332.75198704,258223665.0278619,620659362.1100552,15.372451026882835,6981212.909562288,107318353.56048849,4862481439.907787,4862481439.907787,45.308945567890376,1.0,825236911.6143736,43538.01011847889,560.4309553307163,0.17166524459070615,560.2592900861256,11.609031679911475,851.7422704571002,2026.5553765450336,1174.8131060879332,1594276755.92024,1594276755.92024,31885535.1184048,0.0,0.0,0.0,153374875.737328,153374875.737328,15.372451026882835,4171690.673981291,64129110.58508124,2237810458.7311983,2237810458.7311983,34.89539209751327,1.0,490158827.0736306,0.0
gas-q2500-m1500-r1.5-ua25-25-20,20260926-design-study-component-alternatives:c0010,completed,"[""gas_catalog""]",[],cooler_no_root,False,diagnostic_agreement_not_released,False,[],[],"[""component_alternatives__plant__gas_boundary__source_adequate_ok__dd6d7a3461399330"", ""component_alternatives__plant__gas_ledger__balance__a530b58ca455c8b8"", ""component_alternatives__plant__water_ic1__evaluation_defined_ok__49d1611637350e3c"", ""component_alternatives__plant__water_ic2__evaluation_defined_ok__06ab6aea3f7f761b""]","[""water_ic1"", ""water_ic2""]",[],2500.0,2598.4236983110704,1500.0,1.5,"[25.0, 25.0, 20.0]",14.0,4.0,250.0,937.5789564279194,626.4036160341426,45.308945567890376,30.161285026621513,960.2748911376034,22.695934709684032,937.5789564279194,1660.8447418831506,0.0,4.547473508864641e-13,4.547473508864641e-13,3416541628.17324,2684142269.0865183,53682845.38173037,2832.210038746655,5500364.330206227,356935332.75198704,258223665.0278619,620659362.1100552,15.372451026882835,6981212.909562288,107318353.56048849,4862481439.907787,4862481439.907787,45.308945567890376,1.0,825236911.6143736,43538.01011847889,628.3985943033726,1.9949782692300875,626.4036160341426,604.7321274786708,417.5159564033329,1367.287954798257,949.7719983949243,1540673674.8191283,1540673674.8191283,30813473.496382564,0.0,0.0,0.0,148218076.03332967,148218076.03332967,15.372451026882835,4664201.324990225,71700206.44793427,2162570363.143751,2162570363.143751,30.161285026621513,1.0,473678612.2912932,0.0
gas-q2500-m1500-r1.5-ua25-25-25,20260926-design-study-component-alternatives:c0011,completed,"[""gas_catalog""]",[],cooler_no_root,False,diagnostic_agreement_not_released,False,[],[],"[""component_alternatives__plant__gas_boundary__source_adequate_ok__dd6d7a3461399330"", ""component_alternatives__plant__gas_ledger__balance__a530b58ca455c8b8"", ""component_alternatives__plant__water_ic1__evaluation_defined_ok__49d1611637350e3c"", ""component_alternatives__plant__water_ic2__evaluation_defined_ok__06ab6aea3f7f761b"", ""component_alternatives__plant__water_pre__evaluation_defined_ok__bc4741b386520ff5""]","[""water_ic1"", ""water_ic2"", ""water_pre""]",[],2500.0,2598.4236983110704,1500.0,1.5,"[25.0, 25.0, 25.0]",14.0,4.0,250.0,937.5789564279194,628.2183130128618,45.308945567890376,30.074159911548684,960.2748911376034,22.695934709684032,937.5789564279194,1660.8447418831506,0.0,4.547473508864641e-13,4.547473508864641e-13,3416541628.17324,2684142269.0865183,53682845.38173037,2832.210038746655,5500364.330206227,356935332.75198704,258223665.0278619,620659362.1100552,15.372451026882835,6981212.909562288,107318353.56048849,4862481439.907787,4862481439.907787,45.308945567890376,1.0,825236911.6143736,43538.01011847889,628.3985943033726,0.18028129051088504,628.2183130128618,13.004742398742957,417.5159564033329,1957.2006428994655,1539.6846864961326,1540673674.8191283,1540673674.8191283,30813473.496382564,0.0,0.0,0.0,148218076.03332967,148218076.03332967,15.372451026882835,4677713.558693769,71907922.5988058,2162570363.143751,2162570363.143751,30.074159911548684,1.0,473678612.2912932,0.0
gas-q2500-m1500-r1.5-ua25-25-40,20260926-design-study-component-alternatives:c0012,completed,"[""gas_catalog""]",[],cooler_no_root,False,diagnostic_agreement_not_released,False,[],[],"[""component_alternatives__plant__gas_boundary__source_adequate_ok__dd6d7a3461399330"", ""component_alternatives__plant__gas_ledger__balance__a530b58ca455c8b8"", ""component_alternatives__plant__water_ic1__evaluation_defined_ok__49d1611637350e3c"", ""component_alternatives__plant__water_ic2__evaluation_defined_ok__06ab6aea3f7f761b"", ""component_alternatives__plant__water_pre__evaluation_defined_ok__bc4741b386520ff5""]","[""water_ic1"", ""water_ic2"", ""water_pre""]",[],2500.0,2598.4236983110704,1500.0,1.5,"[25.0, 25.0, 40.0]",14.0,4.0,250.0,937.5789564279194,628.2183130128618,45.308945567890376,30.074159911548684,960.2748911376034,22.695934709684032,937.5789564279194,1660.8447418831506,0.0,4.547473508864641e-13,4.547473508864641e-13,3416541628.17324,2684142269.0865183,53682845.38173037,2832.210038746655,5500364.330206227,356935332.75198704,258223665.0278619,620659362.1100552,15.372451026882835,6981212.909562288,107318353.56048849,4862481439.907787,4862481439.907787,45.308945567890376,1.0,825236911.6143736,43538.01011847889,628.3985943033726,0.18028129051088504,628.2183130128618,13.004742398742957,417.5159564033329,1957.2006428994655,1539.6846864961326,1540673674.8191283,1540673674.8191283,30813473.496382564,0.0,0.0,0.0,148218076.03332967,148218076.03332967,15.372451026882835,4677713.558693769,71907922.5988058,2162570363.143751,2162570363.143751,30.074159911548684,1.0,473678612.2912932,0.0
gas-q2500-m1500-r1.5-ua30-30-50,20260926-design-study-component-alternatives:c0013,completed,"[""gas_catalog""]",[],cooler_no_root,False,diagnostic_agreement_not_released,False,[],[],"[""component_alternatives__plant__gas_boundary__source_adequate_ok__dd6d7a3461399330"", ""component_alternatives__plant__gas_ledger__balance__a530b58ca455c8b8"", ""component_alternatives__plant__water_ic1__evaluation_defined_ok__49d1611637350e3c"", ""component_alternatives__plant__water_ic2__evaluation_defined_ok__06ab6aea3f7f761b"", ""component_alternatives__plant__water_pre__evaluation_defined_ok__bc4741b386520ff5""]","[""water_ic1"", ""water_ic2"", ""water_pre""]",[],2500.0,2598.4236983110704,1500.0,1.5,"[30.0, 30.0, 50.0]",14.0,4.0,250.0,937.5789564279194,628.2183130128618,45.308945567890376,30.597329632409853,960.2748911376034,22.695934709684032,937.5789564279194,1660.8447418831506,0.0,4.547473508864641e-13,4.547473508864641e-13,3416541628.17324,2684142269.0865183,53682845.38173037,2832.210038746655,5500364.330206227,356935332.75198704,258223665.0278619,620659362.1100552,15.372451026882835,6981212.909562288,107318353.56048849,4862481439.907787,4862481439.907787,45.308945567890376,1.0,825236911.6143736,43538.01011847889,628.3985943033726,0.18028129051088504,628.2183130128618,13.004742398742957,417.5159564033329,1957.2006428994655,1539.6846864961326,1567475215.369684,1567475215.369684,31349504.30739368,0.0,0.0,0.0,150796475.88532883,150796475.88532883,15.372451026882835,4677713.558693769,71907922.5988058,2200190410.9374747,2200190410.9374747,30.597329632409853,1.0,481918719.68246186,0.0
gas-q2500-m1500-r1.5-ua40-40-60,20260926-design-study-component-alternatives:c0014,completed,"[""gas_catalog""]",[],cooler_no_root,False,diagnostic_agreement_not_released,False,[],[],"[""component_alternatives__plant__gas_boundary__source_adequate_ok__dd6d7a3461399330"", ""component_alternatives__plant__gas_ledger__balance__a530b58ca455c8b8"", ""component_alternatives__plant__water_ic1__evaluation_defined_ok__49d1611637350e3c"", ""component_alternatives__plant__water_ic2__evaluation_defined_ok__06ab6aea3f7f761b"", ""component_alternatives__plant__water_pre__evaluation_defined_ok__bc4741b386520ff5""]","[""water_ic1"", ""water_ic2"", ""water_pre""]",[],2500.0,2598.4236983110704,1500.0,1.5,"[40.0, 40.0, 60.0]",14.0,4.0,250.0,937.5789564279194,628.5422166916713,45.308945567890376,31.104462173970695,960.2748911376034,22.695934709684032,937.5789564279194,1660.8447418831506,0.0,4.547473508864641e-13,4.547473508864641e-13,3416541628.17324,2684142269.0865183,53682845.38173037,2832.210038746655,5500364.330206227,356935332.75198704,258223665.0278619,620659362.1100552,15.372451026882835,6981212.909562288,107318353.56048849,4862481439.907787,4862481439.907787,45.308945567890376,1.0,825236911.6143736,43538.01011847889,628.7225390476486,0.18032235597725219,628.5422166916713,13.01139458143946,443.33548111775735,1956.8700870379596,1513.5346059202022,1594276755.92024,1594276755.92024,31885535.1184048,0.0,0.0,0.0,153374875.737328,153374875.737328,15.372451026882835,4680125.345486185,71944997.67315948,2237810458.7311983,2237810458.7311983,31.104462173970695,1.0,490158827.0736306,0.0
gas-q2500-m1500-r1.65-ua25-25-20,20260926-design-study-component-alternatives:c0015,completed,"[""gas_catalog""]",[],cooler_no_root,False,diagnostic_agreement_not_released,False,[],[],"[""component_alternatives__plant__gas_boundary__source_adequate_ok__dd6d7a3461399330"", ""component_alternatives__plant__gas_ledger__balance__a530b58ca455c8b8"", ""component_alternatives__plant__water_ic1__evaluation_defined_ok__49d1611637350e3c"", ""component_alternatives__plant__water_ic2__evaluation_defined_ok__06ab6aea3f7f761b""]","[""water_ic1"", ""water_ic2""]",[],2500.0,2598.4236983110704,1500.0,1.65,"[25.0, 25.0, 20.0]",14.0,4.0,250.0,937.5789564279194,625.3355524147062,45.308945567890376,30.212800043044282,960.2748911376034,22.695934709684032,937.5789564279194,1660.8447418831506,0.0,4.547473508864641e-13,4.547473508864641e-13,3416541628.17324,2684142269.0865183,53682845.38173037,2832.210038746655,5500364.330206227,356935332.75198704,258223665.0278619,620659362.1100552,15.372451026882835,6981212.909562288,107318353.56048849,4862481439.907787,4862481439.907787,45.308945567890376,1.0,825236911.6143736,43538.01011847889,627.891062951086,2.5555105363798223,625.3355524147062,670.6305680942826,106.16546295018588,1302.4575778020817,1196.2921148518958,1540673674.8191283,1540673674.8191283,30813473.496382564,0.0,0.0,0.0,148218076.03332967,148218076.03332967,15.372451026882835,4656248.523279902,71577952.3931158,2162570363.143751,2162570363.143751,30.212800043044282,1.0,473678612.2912932,0.0
gas-q2500-m1500-r1.65-ua25-25-25,20260926-design-study-component-alternatives:c0016,completed,"[""gas_catalog""]",[],cooler_no_root,False,diagnostic_agreement_not_released,False,[],[],"[""component_alternatives__plant__gas_boundary__source_adequate_ok__dd6d7a3461399330"", ""component_alternatives__plant__gas_ledger__balance__a530b58ca455c8b8"", ""component_alternatives__plant__water_ic1__evaluation_defined_ok__49d1611637350e3c"", ""component_alternatives__plant__water_ic2__evaluation_defined_ok__06ab6aea3f7f761b"", ""component_alternatives__plant__water_pre__evaluation_defined_ok__bc4741b386520ff5""]","[""water_ic1"", ""water_ic2"", ""water_pre""]",[],2500.0,2598.4236983110704,1500.0,1.65,"[25.0, 25.0, 25.0]",14.0,4.0,250.0,937.5789564279194,627.710845998744,45.308945567890376,30.098473087320137,960.2748911376034,22.695934709684032,937.5789564279194,1660.8447418831506,0.0,4.547473508864641e-13,4.547473508864641e-13,3416541628.17324,2684142269.0865183,53682845.38173037,2832.210038746655,5500364.330206227,356935332.75198704,258223665.0278619,620659362.1100552,15.372451026882835,6981212.909562288,107318353.56048849,4862481439.907787,4862481439.907787,45.308945567890376,1.0,825236911.6143736,43538.01011847889,627.891062951086,0.1802169523419667,627.710845998744,12.994320277874381,106.16546295018588,1957.7185320344522,1851.5530690842663,1540673674.8191283,1540673674.8191283,30813473.496382564,0.0,0.0,0.0,148218076.03332967,148218076.03332967,15.372451026882835,4673934.959306648,71849836.26477706,2162570363.143751,2162570363.143751,30.098473087320137,1.0,473678612.2912932,0.0
gas-q2500-m1500-r1.65-ua25-25-40,20260926-design-study-component-alternatives:c0017,completed,"[""gas_catalog""]",[],cooler_no_root,False,diagnostic_agreement_not_released,False,[],[],"[""component_alternatives__plant__gas_boundary__source_adequate_ok__dd6d7a3461399330"", ""component_alternatives__plant__gas_ledger__balance__a530b58ca455c8b8"", ""component_alternatives__plant__water_ic1__evaluation_defined_ok__49d1611637350e3c"", ""component_alternatives__plant__water_ic2__evaluation_defined_ok__06ab6aea3f7f761b"", ""component_alternatives__plant__water_pre__evaluation_defined_ok__bc4741b386520ff5""]","[""water_ic1"", ""water_ic2"", ""water_pre""]",[],2500.0,2598.4236983110704,1500.0,1.65,"[25.0, 25.0, 40.0]",14.0,4.0,250.0,937.5789564279194,627.710845998744,45.308945567890376,30.098473087320137,960.2748911376034,22.695934709684032,937.5789564279194,1660.8447418831506,0.0,4.547473508864641e-13,4.547473508864641e-13,3416541628.17324,2684142269.0865183,53682845.38173037,2832.210038746655,5500364.330206227,356935332.75198704,258223665.0278619,620659362.1100552,15.372451026882835,6981212.909562288,107318353.56048849,4862481439.907787,4862481439.907787,45.308945567890376,1.0,825236911.6143736,43538.01011847889,627.891062951086,0.1802169523419667,627.710845998744,12.994320277874381,106.16546295018588,1957.7185320344522,1851.5530690842663,1540673674.8191283,1540673674.8191283,30813473.496382564,0.0,0.0,0.0,148218076.03332967,148218076.03332967,15.372451026882835,4673934.959306648,71849836.26477706,2162570363.143751,2162570363.143751,30.098473087320137,1.0,473678612.2912932,0.0
gas-q2500-m1500-r1.65-ua30-30-50,20260926-design-study-component-alternatives:c0018,completed,"[""gas_catalog""]",[],cooler_no_root,False,diagnostic_agreement_not_released,False,[],[],"[""component_alternatives__plant__gas_boundary__source_adequate_ok__dd6d7a3461399330"", ""component_alternatives__plant__gas_ledger__balance__a530b58ca455c8b8"", ""component_alternatives__plant__water_ic1__evaluation_defined_ok__49d1611637350e3c"", ""component_alternatives__plant__water_ic2__evaluation_defined_ok__06ab6aea3f7f761b"", ""component_alternatives__plant__water_pre__evaluation_defined_ok__bc4741b386520ff5""]","[""water_ic1"", ""water_ic2"", ""water_pre""]",[],2500.0,2598.4236983110704,1500.0,1.65,"[30.0, 30.0, 50.0]",14.0,4.0,250.0,937.5789564279194,627.710845998744,45.308945567890376,30.622065759891978,960.2748911376034,22.695934709684032,937.5789564279194,1660.8447418831506,0.0,4.547473508864641e-13,4.547473508864641e-13,3416541628.17324,2684142269.0865183,53682845.38173037,2832.210038746655,5500364.330206227,356935332.75198704,258223665.0278619,620659362.1100552,15.372451026882835,6981212.909562288,107318353.56048849,4862481439.907787,4862481439.907787,45.308945567890376,1.0,825236911.6143736,43538.01011847889,627.891062951086,0.1802169523419667,627.710845998744,12.994320277874381,106.16546295018588,1957.7185320344522,1851.5530690842663,1567475215.369684,1567475215.369684,31349504.30739368,0.0,0.0,0.0,150796475.88532883,150796475.88532883,15.372451026882835,4673934.959306648,71849836.26477706,2200190410.9374747,2200190410.9374747,30.622065759891978,1.0,481918719.68246186,0.0
gas-q2500-m1500-r1.65-ua40-40-60,20260926-design-study-component-alternatives:c0019,completed,"[""gas_catalog""]",[],cooler_no_root,False,diagnostic_agreement_not_released,False,[],[],"[""component_alternatives__plant__gas_boundary__source_adequate_ok__dd6d7a3461399330"", ""component_alternatives__plant__gas_ledger__balance__a530b58ca455c8b8"", ""component_alternatives__plant__water_ic1__evaluation_defined_ok__49d1611637350e3c"", ""component_alternatives__plant__water_ic2__evaluation_defined_ok__06ab6aea3f7f761b"", ""component_alternatives__plant__water_pre__evaluation_defined_ok__bc4741b386520ff5""]","[""water_ic1"", ""water_ic2"", ""water_pre""]",[],2500.0,2598.4236983110704,1500.0,1.65,"[40.0, 40.0, 60.0]",14.0,4.0,250.0,937.5789564279194,627.900395176355,45.308945567890376,31.13625625022699,960.2748911376034,22.695934709684032,937.5789564279194,1660.8447418831506,0.0,4.547473508864641e-13,4.547473508864641e-13,3416541628.17324,2684142269.0865183,53682845.38173037,2832.210038746655,5500364.330206227,356935332.75198704,258223665.0278619,620659362.1100552,15.372451026882835,6981212.909562288,107318353.56048849,4862481439.907787,4862481439.907787,45.308945567890376,1.0,825236911.6143736,43538.01011847889,628.0806361603023,0.18024098394730909,627.900395176355,12.998213150484142,118.95916597624046,1957.5250899842313,1838.5659240079908,1594276755.92024,1594276755.92024,31885535.1184048,0.0,0.0,0.0,153374875.737328,153374875.737328,15.372451026882835,4675346.34248314,71871532.68353784,2237810458.7311983,2237810458.7311983,31.13625625022699,1.0,490158827.0736306,0.0
gas-q2500-m1500-r1.8-ua25-25-20,20260926-design-study-component-alternatives:c0020,completed,"[""gas_catalog""]",[],cooler_no_root,False,diagnostic_agreement_not_released,False,[],[],"[""component_alternatives__plant__gas_ledger__balance__a530b58ca455c8b8"", ""component_alternatives__plant__water_ic1__evaluation_defined_ok__49d1611637350e3c"", ""component_alternatives__plant__water_ic2__evaluation_defined_ok__06ab6aea3f7f761b""]","[""water_ic1"", ""water_ic2""]",[],2500.0,2598.4236983110704,1500.0,1.8,"[25.0, 25.0, 20.0]",14.0,4.0,250.0,937.5789564279194,483.04317709234806,45.308945567890376,39.11273132691443,960.2748911376034,22.695934709684032,937.5789564279194,1660.8447418831506,0.0,4.547473508864641e-13,4.547473508864641e-13,3416541628.17324,2684142269.0865183,53682845.38173037,2832.210038746655,5500364.330206227,356935332.75198704,258223665.0278619,620659362.1100552,15.372451026882835,6981212.909562288,107318353.56048849,4862481439.907787,4862481439.907787,45.308945567890376,1.0,825236911.6143736,43538.01011847889,485.7811548787219,2.7379777863738566,483.04317709234806,685.677585738241,0.0,1429.7029354804818,1429.7029354804818,1540673674.8191283,1540673674.8191283,30813473.496382564,0.0,0.0,0.0,148218076.03332967,148218076.03332967,15.372451026882835,3596739.496629623,55290701.768394105,2162570363.143751,2162570363.143751,39.11273132691443,1.0,473678612.2912932,0.0
gas-q2500-m1500-r1.8-ua25-25-25,20260926-design-study-component-alternatives:c0021,completed,"[""gas_catalog""]",[],cooler_no_root,False,diagnostic_agreement_not_released,False,[],[],"[""component_alternatives__plant__gas_ledger__balance__a530b58ca455c8b8"", ""component_alternatives__plant__water_ic1__evaluation_defined_ok__49d1611637350e3c"", ""component_alternatives__plant__water_ic2__evaluation_defined_ok__06ab6aea3f7f761b"", ""component_alternatives__plant__water_pre__evaluation_defined_ok__bc4741b386520ff5""]","[""water_ic1"", ""water_ic2"", ""water_pre""]",[],2500.0,2598.4236983110704,1500.0,1.8,"[25.0, 25.0, 25.0]",14.0,4.0,250.0,937.5789564279194,485.6189527568518,45.308945567890376,38.90527315224433,960.2748911376034,22.695934709684032,937.5789564279194,1660.8447418831506,0.0,4.547473508864641e-13,4.547473508864641e-13,3416541628.17324,2684142269.0865183,53682845.38173037,2832.210038746655,5500364.330206227,356935332.75198704,258223665.0278619,620659362.1100552,15.372451026882835,6981212.909562288,107318353.56048849,4862481439.907787,4862481439.907787,45.308945567890376,1.0,825236911.6143736,43538.01011847889,485.7811548787219,0.16220212187012184,485.6189527568518,10.076103241844022,0.0,2102.7286423123746,2102.7286423123746,1540673674.8191283,1540673674.8191283,30813473.496382564,0.0,0.0,0.0,148218076.03332967,148218076.03332967,15.372451026882835,3615918.7222275184,55585533.47463129,2162570363.143751,2162570363.143751,38.90527315224433,1.0,473678612.2912932,0.0
gas-q2500-m1500-r1.8-ua25-25-40,20260926-design-study-component-alternatives:c0022,completed,"[""gas_catalog""]",[],cooler_no_root,False,diagnostic_agreement_not_released,False,[],[],"[""component_alternatives__plant__gas_ledger__balance__a530b58ca455c8b8"", ""component_alternatives__plant__water_ic1__evaluation_defined_ok__49d1611637350e3c"", ""component_alternatives__plant__water_ic2__evaluation_defined_ok__06ab6aea3f7f761b"", ""component_alternatives__plant__water_pre__evaluation_defined_ok__bc4741b386520ff5""]","[""water_ic1"", ""water_ic2"", ""water_pre""]",[],2500.0,2598.4236983110704,1500.0,1.8,"[25.0, 25.0, 40.0]",14.0,4.0,250.0,937.5789564279194,485.6189527568518,45.308945567890376,38.90527315224433,960.2748911376034,22.695934709684032,937.5789564279194,1660.8447418831506,0.0,4.547473508864641e-13,4.547473508864641e-13,3416541628.17324,2684142269.0865183,53682845.38173037,2832.210038746655,5500364.330206227,356935332.75198704,258223665.0278619,620659362.1100552,15.372451026882835,6981212.909562288,107318353.56048849,4862481439.907787,4862481439.907787,45.308945567890376,1.0,825236911.6143736,43538.01011847889,485.7811548787219,0.16220212187012184,485.6189527568518,10.076103241844022,0.0,2102.7286423123746,2102.7286423123746,1540673674.8191283,1540673674.8191283,30813473.496382564,0.0,0.0,0.0,148218076.03332967,148218076.03332967,15.372451026882835,3615918.7222275184,55585533.47463129,2162570363.143751,2162570363.143751,38.90527315224433,1.0,473678612.2912932,0.0
gas-q2500-m1500-r1.8-ua30-30-50,20260926-design-study-component-alternatives:c0023,completed,"[""gas_catalog""]",[],cooler_no_root,False,diagnostic_agreement_not_released,False,[],[],"[""component_alternatives__plant__gas_ledger__balance__a530b58ca455c8b8"", ""component_alternatives__plant__water_ic1__evaluation_defined_ok__49d1611637350e3c"", ""component_alternatives__plant__water_ic2__evaluation_defined_ok__06ab6aea3f7f761b"", ""component_alternatives__plant__water_pre__evaluation_defined_ok__bc4741b386520ff5""]","[""water_ic1"", ""water_ic2"", ""water_pre""]",[],2500.0,2598.4236983110704,1500.0,1.8,"[30.0, 30.0, 50.0]",14.0,4.0,250.0,937.5789564279194,485.6189527568518,45.308945567890376,39.582068811872084,960.2748911376034,22.695934709684032,937.5789564279194,1660.8447418831506,0.0,4.547473508864641e-13,4.547473508864641e-13,3416541628.17324,2684142269.0865183,53682845.38173037,2832.210038746655,5500364.330206227,356935332.75198704,258223665.0278619,620659362.1100552,15.372451026882835,6981212.909562288,107318353.56048849,4862481439.907787,4862481439.907787,45.308945567890376,1.0,825236911.6143736,43538.01011847889,485.7811548787219,0.16220212187012184,485.6189527568518,10.076103241844022,0.0,2102.7286423123746,2102.7286423123746,1567475215.369684,1567475215.369684,31349504.30739368,0.0,0.0,0.0,150796475.88532883,150796475.88532883,15.372451026882835,3615918.7222275184,55585533.47463129,2200190410.9374747,2200190410.9374747,39.582068811872084,1.0,481918719.68246186,0.0
gas-q2500-m1500-r1.8-ua40-40-60,20260926-design-study-component-alternatives:c0024,completed,"[""gas_catalog""]",[],cooler_no_root,False,diagnostic_agreement_not_released,False,[],[],"[""component_alternatives__plant__gas_ledger__balance__a530b58ca455c8b8"", ""component_alternatives__plant__water_ic1__evaluation_defined_ok__49d1611637350e3c"", ""component_alternatives__plant__water_ic2__evaluation_defined_ok__06ab6aea3f7f761b"", ""component_alternatives__plant__water_pre__evaluation_defined_ok__bc4741b386520ff5""]","[""water_ic1"", ""water_ic2"", ""water_pre""]",[],2500.0,2598.4236983110704,1500.0,1.8,"[40.0, 40.0, 60.0]",14.0,4.0,250.0,937.5789564279194,485.6189527568518,45.308945567890376,40.25886447149984,960.2748911376034,22.695934709684032,937.5789564279194,1660.8447418831506,0.0,4.547473508864641e-13,4.547473508864641e-13,3416541628.17324,2684142269.0865183,53682845.38173037,2832.210038746655,5500364.330206227,356935332.75198704,258223665.0278619,620659362.1100552,15.372451026882835,6981212.909562288,107318353.56048849,4862481439.907787,4862481439.907787,45.308945567890376,1.0,825236911.6143736,43538.01011847889,485.7811548787219,0.16220212187012184,485.6189527568518,10.076103241844022,0.0,2102.7286423123746,2102.7286423123746,1594276755.92024,1594276755.92024,31885535.1184048,0.0,0.0,0.0,153374875.737328,153374875.737328,15.372451026882835,3615918.7222275184,55585533.47463129,2237810458.7311983,2237810458.7311983,40.25886447149984,1.0,490158827.0736306,0.0
gas-q2500-m1750-r1.2-ua25-25-20,20260926-design-study-component-alternatives:c0025,completed,"[""gas_catalog""]",[],equipment_or_coupling_insufficient,False,diagnostic_agreement_not_released,False,[],[],"[""component_alternatives__plant__gas_boundary__source_adequate_ok__dd6d7a3461399330""]",[],[],2500.0,2598.4236983110704,1750.0,1.2,"[25.0, 25.0, 20.0]",14.0,4.0,250.0,937.5789564279194,437.86732362026,45.308945567890376,43.14808844082006,960.2748911376034,22.695934709684032,937.5789564279194,1660.8447418831506,0.0,4.547473508864641e-13,4.547473508864641e-13,3416541628.17324,2684142269.0865183,53682845.38173037,2832.210038746655,5500364.330206227,356935332.75198704,258223665.0278619,620659362.1100552,15.372451026882835,6981212.909562288,107318353.56048849,4862481439.907787,4862481439.907787,45.308945567890376,1.0,825236911.6143736,43538.01011847889,443.17075269452107,5.303429074261095,437.86732362026,1083.9522828776096,1076.6040918171047,1076.604091813201,-3.903778633684851e-09,1540673674.8191283,1540673674.8191283,30813473.496382564,0.0,0.0,0.0,148218076.03332967,148218076.03332967,15.372451026882835,3260360.0916764555,50119725.839299545,2162570363.143751,2162570363.143751,43.14808844082006,1.0,473678612.2912932,0.0
gas-q2500-m1750-r1.2-ua25-25-25,20260926-design-study-component-alternatives:c0026,completed,"[""gas_catalog""]",[],equipment_or_coupling_insufficient,False,diagnostic_agreement_not_released,False,[],[],"[""component_alternatives__plant__gas_boundary__source_adequate_ok__dd6d7a3461399330""]",[],[],2500.0,2598.4236983110704,1750.0,1.2,"[25.0, 25.0, 25.0]",14.0,4.0,250.0,937.5789564279194,440.6450591983419,45.308945567890376,42.876091789804974,960.2748911376034,22.695934709684032,937.5789564279194,1660.8447418831506,0.0,4.547473508864641e-13,4.547473508864641e-13,3416541628.17324,2684142269.0865183,53682845.38173037,2832.210038746655,5500364.330206227,356935332.75198704,258223665.0278619,620659362.1100552,15.372451026882835,6981212.909562288,107318353.56048849,4862481439.907787,4862481439.907787,45.308945567890376,1.0,825236911.6143736,43538.01011847889,443.17075269452107,2.525693496179124,440.6450591983419,1081.1745472995276,1076.6040918171047,1076.6040918132007,-3.903778633684851e-09,1540673674.8191283,1540673674.8191283,30813473.496382564,0.0,0.0,0.0,148218076.03332967,148218076.03332967,15.372451026882835,3281043.110790854,50437674.53772371,2162570363.143751,2162570363.143751,42.876091789804974,1.0,473678612.2912932,0.0
gas-q2500-m1750-r1.2-ua25-25-40,20260926-design-study-component-alternatives:c0027,completed,"[""gas_catalog""]",[],cooler_no_root,False,diagnostic_agreement_not_released,False,[],[],"[""component_alternatives__plant__gas_boundary__source_adequate_ok__dd6d7a3461399330"", ""component_alternatives__plant__gas_ledger__balance__a530b58ca455c8b8"", ""component_alternatives__plant__water_pre__evaluation_defined_ok__bc4741b386520ff5""]","[""water_pre""]",[],2500.0,2598.4236983110704,1750.0,1.2,"[25.0, 25.0, 40.0]",14.0,4.0,250.0,937.5789564279194,441.92602944110837,45.308945567890376,42.75181081504926,960.2748911376034,22.695934709684032,937.5789564279194,1660.8447418831506,0.0,4.547473508864641e-13,4.547473508864641e-13,3416541628.17324,2684142269.0865183,53682845.38173037,2832.210038746655,5500364.330206227,356935332.75198704,258223665.0278619,620659362.1100552,15.372451026882835,6981212.909562288,107318353.56048849,4862481439.907787,4862481439.907787,45.308945567890376,1.0,825236911.6143736,43538.01011847889,443.17075269452107,1.2447232534127144,441.92602944110837,486.37899437406026,1076.6040918171047,1670.1186744959018,593.5145826787971,1540673674.8191283,1540673674.8191283,30813473.496382564,0.0,0.0,0.0,148218076.03332967,148218076.03332967,15.372451026882835,3290581.215218493,50584298.58092689,2162570363.143751,2162570363.143751,42.75181081504926,1.0,473678612.2912932,0.0
gas-q2500-m1750-r1.2-ua30-30-50,20260926-design-study-component-alternatives:c0028,completed,"[""gas_catalog""]",[],cooler_no_root,False,diagnostic_agreement_not_released,False,[],[],"[""component_alternatives__plant__gas_boundary__source_adequate_ok__dd6d7a3461399330"", ""component_alternatives__plant__gas_ledger__balance__a530b58ca455c8b8"", ""component_alternatives__plant__water_pre__evaluation_defined_ok__bc4741b386520ff5""]","[""water_pre""]",[],2500.0,2598.4236983110704,1750.0,1.2,"[30.0, 30.0, 50.0]",14.0,4.0,250.0,937.5789564279194,442.03139742794554,45.308945567890376,43.485152675165494,960.2748911376034,22.695934709684032,937.5789564279194,1660.8447418831506,0.0,4.547473508864641e-13,4.547473508864641e-13,3416541628.17324,2684142269.0865183,53682845.38173037,2832.210038746655,5500364.330206227,356935332.75198704,258223665.0278619,620659362.1100552,15.372451026882835,6981212.909562288,107318353.56048849,4862481439.907787,4862481439.907787,45.308945567890376,1.0,825236911.6143736,43538.01011847889,443.17075269452107,1.139355266575558,442.03139742794554,486.2736263872231,1076.6040918171047,1670.1186744959018,593.514582678797,1567475215.369684,1567475215.369684,31349504.30739368,0.0,0.0,0.0,150796475.88532883,150796475.88532883,15.372451026882835,3291365.785248482,50596359.34529006,2200190410.9374747,2200190410.9374747,43.485152675165494,1.0,481918719.68246186,0.0
gas-q2500-m1750-r1.2-ua40-40-60,20260926-design-study-component-alternatives:c0029,completed,"[""gas_catalog""]",[],cooler_no_root,False,diagnostic_agreement_not_released,False,[],[],"[""component_alternatives__plant__gas_boundary__source_adequate_ok__dd6d7a3461399330"", ""component_alternatives__plant__gas_ledger__balance__a530b58ca455c8b8"", ""component_alternatives__plant__water_pre__evaluation_defined_ok__bc4741b386520ff5""]","[""water_pre""]",[],2500.0,2598.4236983110704,1750.0,1.2,"[40.0, 40.0, 60.0]",14.0,4.0,250.0,937.5789564279194,443.13402209311414,45.308945567890376,44.11863370698654,960.2748911376034,22.695934709684032,937.5789564279194,1660.8447418831506,0.0,4.547473508864641e-13,4.547473508864641e-13,3416541628.17324,2684142269.0865183,53682845.38173037,2832.210038746655,5500364.330206227,356935332.75198704,258223665.0278619,620659362.1100552,15.372451026882835,6981212.909562288,107318353.56048849,4862481439.907787,4862481439.907787,45.308945567890376,1.0,825236911.6143736,43538.01011847889,444.18352181143246,1.049499718318309,443.13402209311414,486.2044395964539,1154.853900094178,1669.0852366215022,514.2313365273244,1594276755.92024,1594276755.92024,31885535.1184048,0.0,0.0,0.0,153374875.737328,153374875.737328,15.372451026882835,3299575.9285053276,50722569.370429605,2237810458.7311983,2237810458.7311983,44.11863370698654,1.0,490158827.0736306,0.0
gas-q2500-m1750-r1.35-ua25-25-20,20260926-design-study-component-alternatives:c0030,completed,"[""gas_catalog""]",[],equipment_or_coupling_insufficient,False,diagnostic_agreement_not_released,False,[],[],"[""component_alternatives__plant__gas_boundary__source_adequate_ok__dd6d7a3461399330""]",[],[],2500.0,2598.4236983110704,1750.0,1.35,"[25.0, 25.0, 20.0]",14.0,4.0,250.0,937.5789564279194,622.2169611459085,45.308945567890376,30.364228532307322,960.2748911376034,22.695934709684032,937.5789564279194,1660.8447418831506,0.0,4.547473508864641e-13,4.547473508864641e-13,3416541628.17324,2684142269.0865183,53682845.38173037,2832.210038746655,5500364.330206227,356935332.75198704,258223665.0278619,620659362.1100552,15.372451026882835,6981212.909562288,107318353.56048849,4862481439.907787,4862481439.907787,45.308945567890376,1.0,825236911.6143736,43538.01011847889,630.5925162338253,8.375555087916807,622.2169611459085,1463.80031474713,512.4064224175904,512.406422418032,4.4155967771075666e-10,1540673674.8191283,1540673674.8191283,30813473.496382564,0.0,0.0,0.0,148218076.03332967,148218076.03332967,15.372451026882835,4633027.492692435,71220988.23761623,2162570363.143751,2162570363.143751,30.364228532307322,1.0,473678612.2912932,0.0
gas-q2500-m1750-r1.35-ua25-25-25,20260926-design-study-component-alternatives:c0031,completed,"[""gas_catalog""]",[],equipment_or_coupling_insufficient,False,diagnostic_agreement_not_released,False,[],[],"[""component_alternatives__plant__gas_boundary__source_adequate_ok__dd6d7a3461399330""]",[],[],2500.0,2598.4236983110704,1750.0,1.35,"[25.0, 25.0, 25.0]",14.0,4.0,250.0,937.5789564279194,627.3283128305305,45.308945567890376,30.11682657788161,960.2748911376034,22.695934709684032,937.5789564279194,1660.8447418831506,0.0,4.547473508864641e-13,4.547473508864641e-13,3416541628.17324,2684142269.0865183,53682845.38173037,2832.210038746655,5500364.330206227,356935332.75198704,258223665.0278619,620659362.1100552,15.372451026882835,6981212.909562288,107318353.56048849,4862481439.907787,4862481439.907787,45.308945567890376,1.0,825236911.6143736,43538.01011847889,630.5925162338253,3.2642034032947693,627.3283128305305,1458.6889630625078,512.4064224175904,512.406422418032,4.4155967771075666e-10,1540673674.8191283,1540673674.8191283,30813473.496382564,0.0,0.0,0.0,148218076.03332967,148218076.03332967,15.372451026882835,4671086.617336131,71806050.26732747,2162570363.143751,2162570363.143751,30.11682657788161,1.0,473678612.2912932,0.0
gas-q2500-m1750-r1.35-ua25-25-40,20260926-design-study-component-alternatives:c0032,completed,"[""gas_catalog""]",[],cooler_no_root,False,diagnostic_agreement_not_released,False,[],[],"[""component_alternatives__plant__gas_boundary__source_adequate_ok__dd6d7a3461399330"", ""component_alternatives__plant__gas_ledger__balance__a530b58ca455c8b8"", ""component_alternatives__plant__water_pre__evaluation_defined_ok__bc4741b386520ff5""]","[""water_pre""]",[],2500.0,2598.4236983110704,1750.0,1.35,"[25.0, 25.0, 40.0]",14.0,4.0,250.0,937.5789564279194,628.7507137820922,45.308945567890376,30.048694324759047,960.2748911376034,22.695934709684032,937.5789564279194,1660.8447418831506,0.0,4.547473508864641e-13,4.547473508864641e-13,3416541628.17324,2684142269.0865183,53682845.38173037,2832.210038746655,5500364.330206227,356935332.75198704,258223665.0278619,620659362.1100552,15.372451026882835,6981212.909562288,107318353.56048849,4862481439.907787,4862481439.907787,45.308945567890376,1.0,825236911.6143736,43538.01011847889,630.5925162338253,1.8418024517330625,628.7507137820922,817.3470578314581,512.4064224175904,1152.3259266975201,639.9195042799298,1540673674.8191283,1540673674.8191283,30813473.496382564,0.0,0.0,0.0,148218076.03332967,148218076.03332967,15.372451026882835,4681677.814821458,71968862.93198672,2162570363.143751,2162570363.143751,30.048694324759047,1.0,473678612.2912932,0.0
gas-q2500-m1750-r1.35-ua30-30-50,20260926-design-study-component-alternatives:c0033,completed,"[""gas_catalog""]",[],cooler_no_root,False,diagnostic_agreement_not_released,False,[],[],"[""component_alternatives__plant__gas_boundary__source_adequate_ok__dd6d7a3461399330"", ""component_alternatives__plant__gas_ledger__balance__a530b58ca455c8b8"", ""component_alternatives__plant__water_ic1__evaluation_defined_ok__49d1611637350e3c"", ""component_alternatives__plant__water_ic2__evaluation_defined_ok__06ab6aea3f7f761b"", ""component_alternatives__plant__water_pre__evaluation_defined_ok__bc4741b386520ff5""]","[""water_ic1"", ""water_ic2"", ""water_pre""]",[],2500.0,2598.4236983110704,1750.0,1.35,"[30.0, 30.0, 50.0]",14.0,4.0,250.0,937.5789564279194,630.4119568266639,45.308945567890376,30.490860137121622,960.2748911376034,22.695934709684032,937.5789564279194,1660.8447418831506,0.0,4.547473508864641e-13,4.547473508864641e-13,3416541628.17324,2684142269.0865183,53682845.38173037,2832.210038746655,5500364.330206227,356935332.75198704,258223665.0278619,620659362.1100552,15.372451026882835,6981212.909562288,107318353.56048849,4862481439.907787,4862481439.907787,45.308945567890376,1.0,825236911.6143736,43538.01011847889,630.5925162338253,0.18055940716145316,630.4119568266639,13.049794432341614,512.4064224175904,1954.9619470520652,1442.5555246344748,1567475215.369684,1567475215.369684,31349504.30739368,0.0,0.0,0.0,150796475.88532883,150796475.88532883,15.372451026882835,4694047.43053134,72159014.24370822,2200190410.9374747,2200190410.9374747,30.490860137121622,1.0,481918719.68246186,0.0
gas-q2500-m1750-r1.35-ua40-40-60,20260926-design-study-component-alternatives:c0034,completed,"[""gas_catalog""]",[],cooler_no_root,False,diagnostic_agreement_not_released,False,[],[],"[""component_alternatives__plant__gas_boundary__source_adequate_ok__dd6d7a3461399330"", ""component_alternatives__plant__gas_ledger__balance__a530b58ca455c8b8"", ""component_alternatives__plant__water_ic1__evaluation_defined_ok__49d1611637350e3c"", ""component_alternatives__plant__water_ic2__evaluation_defined_ok__06ab6aea3f7f761b"", ""component_alternatives__plant__water_pre__evaluation_defined_ok__bc4741b386520ff5""]","[""water_ic1"", ""water_ic2"", ""water_pre""]",[],2500.0,2598.4236983110704,1750.0,1.35,"[40.0, 40.0, 60.0]",14.0,4.0,250.0,937.5789564279194,631.4880628623571,45.308945567890376,30.959362106091177,960.2748911376034,22.695934709684032,937.5789564279194,1660.8447418831506,0.0,4.547473508864641e-13,4.547473508864641e-13,3416541628.17324,2684142269.0865183,53682845.38173037,2832.210038746655,5500364.330206227,356935332.75198704,258223665.0278619,620659362.1100552,15.372451026882835,6981212.909562288,107318353.56048849,4862481439.907787,4862481439.907787,45.308945567890376,1.0,825236911.6143736,43538.01011847889,631.6687587014244,0.1806958390673166,631.4880628623571,13.071894996239285,564.569569301713,1953.863740452474,1389.294171150761,1594276755.92024,1594276755.92024,31885535.1184048,0.0,0.0,0.0,153374875.737328,153374875.737328,15.372451026882835,4702060.116073111,72282188.85979292,2237810458.7311983,2237810458.7311983,30.959362106091177,1.0,490158827.0736306,0.0
gas-q2500-m1750-r1.5-ua25-25-20,20260926-design-study-component-alternatives:c0035,completed,"[""gas_catalog""]",[],equipment_or_coupling_insufficient,False,numerical_mismatch,True,"[{""channel"": ""component_alternatives__plant__water_pre__evaluate__flow_margin"", ""native"": 14530.146798748945, ""oracle"": 14530.146814067703, ""relative_deviation"": 1.0542741034333448e-09, ""absolute_error"": 1.53187575051561e-05, ""absolute_limit"": 0.0}]",[],"[""component_alternatives__plant__gas_boundary__source_adequate_ok__dd6d7a3461399330""]",[],[],2500.0,2598.4236983110704,1750.0,1.5,"[25.0, 25.0, 20.0]",14.0,4.0,250.0,937.5789564279194,673.336437063366,45.308945567890376,28.058986510979754,960.2748911376034,22.695934709684032,937.5789564279194,1660.8447418831506,0.0,4.547473508864641e-13,4.547473508864641e-13,3416541628.17324,2684142269.0865183,53682845.38173037,2832.210038746655,5500364.330206227,356935332.75198704,258223665.0278619,620659362.1100552,15.372451026882835,6981212.909562288,107318353.56048849,4862481439.907787,4862481439.907787,45.308945567890376,1.0,825236911.6143736,43538.01011847889,697.9284366251794,24.591999561813413,673.336437063366,1845.6926556226786,79.39460563019566,79.39460562502586,-5.169795258552767e-09,1540673674.8191283,1540673674.8191283,30813473.496382564,0.0,0.0,0.0,148218076.03332967,148218076.03332967,15.372451026882835,5013663.110373823,77072290.62951067,2162570363.143751,2162570363.143751,28.058986510979754,1.0,473678612.2912932,0.0
gas-q2500-m1750-r1.5-ua25-25-25,20260926-design-study-component-alternatives:c0036,completed,"[""gas_catalog""]",[],equipment_or_coupling_insufficient,False,diagnostic_agreement_not_released,False,[],[],"[""component_alternatives__plant__gas_boundary__source_adequate_ok__dd6d7a3461399330""]",[],[],2500.0,2598.4236983110704,1750.0,1.5,"[25.0, 25.0, 25.0]",14.0,4.0,250.0,937.5789564279194,693.7639690181704,45.308945567890376,27.232803732442502,960.2748911376034,22.695934709684032,937.5789564279194,1660.8447418831506,0.0,4.547473508864641e-13,4.547473508864641e-13,3416541628.17324,2684142269.0865183,53682845.38173037,2832.210038746655,5500364.330206227,356935332.75198704,258223665.0278619,620659362.1100552,15.372451026882835,6981212.909562288,107318353.56048849,4862481439.907787,4862481439.907787,45.308945567890376,1.0,825236911.6143736,43538.01011847889,697.9284366251794,4.164467607008943,693.7639690181704,1825.2651236678741,79.39460563019566,79.39460562502586,-5.169795258552767e-09,1540673674.8191283,1540673674.8191283,30813473.496382564,0.0,0.0,0.0,148218076.03332967,148218076.03332967,15.372451026882835,5165766.513309296,79410492.74215846,2162570363.143751,2162570363.143751,27.232803732442502,1.0,473678612.2912932,0.0
gas-q2500-m1750-r1.5-ua25-25-40,20260926-design-study-component-alternatives:c0037,completed,"[""gas_catalog""]",[],cooler_no_root,False,diagnostic_agreement_not_released,False,[],[],"[""component_alternatives__plant__gas_boundary__source_adequate_ok__dd6d7a3461399330"", ""component_alternatives__plant__gas_ledger__balance__a530b58ca455c8b8"", ""component_alternatives__plant__water_pre__evaluation_defined_ok__bc4741b386520ff5""]","[""water_pre""]",[],2500.0,2598.4236983110704,1750.0,1.5,"[25.0, 25.0, 40.0]",14.0,4.0,250.0,937.5789564279194,695.3936195869462,45.308945567890376,27.168983828373925,960.2748911376034,22.695934709684032,937.5789564279194,1660.8447418831506,0.0,4.547473508864641e-13,4.547473508864641e-13,3416541628.17324,2684142269.0865183,53682845.38173037,2832.210038746655,5500364.330206227,356935332.75198704,258223665.0278619,620659362.1100552,15.372451026882835,6981212.909562288,107318353.56048849,4862481439.907787,4862481439.907787,45.308945567890376,1.0,825236911.6143736,43538.01011847889,697.9284366251794,2.5348170382331894,695.3936195869462,1124.8455859826536,79.39460563019566,778.1844927414706,698.789887111275,1540673674.8191283,1540673674.8191283,30813473.496382564,0.0,0.0,0.0,148218076.03332967,148218076.03332967,15.372451026882835,5177900.891444402,79597027.87578204,2162570363.143751,2162570363.143751,27.168983828373925,1.0,473678612.2912932,0.0
gas-q2500-m1750-r1.5-ua30-30-50,20260926-design-study-component-alternatives:c0038,completed,"[""gas_catalog""]",[],cooler_no_root,False,diagnostic_agreement_not_released,False,[],[],"[""component_alternatives__plant__gas_boundary__source_adequate_ok__dd6d7a3461399330"", ""component_alternatives__plant__gas_ledger__balance__a530b58ca455c8b8"", ""component_alternatives__plant__water_ic1__evaluation_defined_ok__49d1611637350e3c"", ""component_alternatives__plant__water_ic2__evaluation_defined_ok__06ab6aea3f7f761b"", ""component_alternatives__plant__water_pre__evaluation_defined_ok__bc4741b386520ff5""]","[""water_ic1"", ""water_ic2"", ""water_pre""]",[],2500.0,2598.4236983110704,1750.0,1.5,"[30.0, 30.0, 50.0]",14.0,4.0,250.0,937.5789564279194,697.739341253095,45.308945567890376,27.548687121253398,960.2748911376034,22.695934709684032,937.5789564279194,1660.8447418831506,0.0,4.547473508864641e-13,4.547473508864641e-13,3416541628.17324,2684142269.0865183,53682845.38173037,2832.210038746655,5500364.330206227,356935332.75198704,258223665.0278619,620659362.1100552,15.372451026882835,6981212.909562288,107318353.56048849,4862481439.907787,4862481439.907787,45.308945567890376,1.0,825236911.6143736,43538.01011847889,697.9284366251794,0.1890953720844487,697.739341253095,14.432532854230981,79.39460563019566,1886.2518242037445,1806.8572185735488,1567475215.369684,1567475215.369684,31349504.30739368,0.0,0.0,0.0,150796475.88532883,150796475.88532883,15.372451026882835,5195367.134970545,79865526.84901129,2200190410.9374747,2200190410.9374747,27.548687121253398,1.0,481918719.68246186,0.0
gas-q2500-m1750-r1.5-ua40-40-60,20260926-design-study-component-alternatives:c0039,completed,"[""gas_catalog""]",[],cooler_no_root,False,diagnostic_agreement_not_released,False,[],[],"[""component_alternatives__plant__gas_boundary__source_adequate_ok__dd6d7a3461399330"", ""component_alternatives__plant__gas_ledger__balance__a530b58ca455c8b8"", ""component_alternatives__plant__water_ic1__evaluation_defined_ok__49d1611637350e3c"", ""component_alternatives__plant__water_ic2__evaluation_defined_ok__06ab6aea3f7f761b"", ""component_alternatives__plant__water_pre__evaluation_defined_ok__bc4741b386520ff5""]","[""water_ic1"", ""water_ic2"", ""water_pre""]",[],2500.0,2598.4236983110704,1750.0,1.5,"[40.0, 40.0, 60.0]",14.0,4.0,250.0,937.5789564279194,698.5780449149712,45.308945567890376,27.986089379905156,960.2748911376034,22.695934709684032,937.5789564279194,1660.8447418831506,0.0,4.547473508864641e-13,4.547473508864641e-13,3416541628.17324,2684142269.0865183,53682845.38173037,2832.210038746655,5500364.330206227,356935332.75198704,258223665.0278619,620659362.1100552,15.372451026882835,6981212.909562288,107318353.56048849,4862481439.907787,4862481439.907787,45.308945567890376,1.0,825236911.6143736,43538.01011847889,698.7672466203865,0.18920170541522596,698.5780449149712,14.449757758892556,110.87229772709634,1885.3958956372069,1774.5235979101105,1594276755.92024,1594276755.92024,31885535.1184048,0.0,0.0,0.0,153374875.737328,153374875.737328,15.372451026882835,5201612.1224368755,79961527.61300094,2237810458.7311983,2237810458.7311983,27.986089379905156,1.0,490158827.0736306,0.0
gas-q2500-m1750-r1.65-ua25-25-20,20260926-design-study-component-alternatives:c0040,completed,"[""gas_catalog""]",[],equipment_or_coupling_insufficient,False,numerical_mismatch,True,"[{""channel"": ""component_alternatives__plant__gas_ledger__evaluate__annual_energy"", ""native"": 1176630.4152317059, ""oracle"": 1176630.4137183127, ""relative_deviation"": 1.2862094269439192e-09, ""absolute_error"": 0.0015133931301534176, ""absolute_limit"": 0.0}, {""channel"": ""component_alternatives__plant__gas_ledger__evaluate__cost_per_net_MWh"", ""native"": 119.56031712546974, ""oracle"": 119.56031727924935, ""relative_deviation"": 1.286209446330245e-09, ""absolute_error"": 1.537796094908117e-07, ""absolute_limit"": 0.0}, {""channel"": ""component_alternatives__plant__gas_ledger__evaluate__discounted_energy"", ""native"": 18087693.434890214, ""oracle"": 18087693.411625654, ""relative_deviation"": 1.2862093755703243e-09, ""absolute_error"": 0.023264560848474503, ""absolute_limit"": 0.0}, {""channel"": ""component_alternatives__plant__gas_ledger__evaluate__net_electric"", ""native"": 158.0218124136054, ""oracle"": 158.02181221035625, ""relative_deviation"": 1.2862095118735024e-09, ""absolute_error"": 2.0324915794844856e-07, ""absolute_limit"": 0.0}]",[],"[""component_alternatives__plant__water_pre__flow_margin_ok__129a83656acb8a06"", ""component_alternatives__plant__water_pre__power_margin_ok__d793d504da406d97""]",[],[],2500.0,2598.4236983110704,1750.0,1.65,"[25.0, 25.0, 20.0]",14.0,4.0,250.0,937.5789564279194,158.0218124136054,45.308945567890376,119.56031712546974,960.2748911376034,22.695934709684032,937.5789564279194,1660.8447418831506,0.0,4.547473508864641e-13,4.547473508864641e-13,3416541628.17324,2684142269.0865183,53682845.38173037,2832.210038746655,5500364.330206227,356935332.75198704,258223665.0278619,620659362.1100552,15.372451026882835,6981212.909562288,107318353.56048849,4862481439.907787,4862481439.907787,45.308945567890376,1.0,825236911.6143736,43538.01011847889,469.69147939348824,311.66966697988283,158.0218124136054,2440.401885896252,0.0,1.2128111848141998e-09,1.2128111848141998e-09,1540673674.8191283,1540673674.8191283,30813473.496382564,0.0,0.0,0.0,148218076.03332967,148218076.03332967,15.372451026882835,1176630.4152317059,18087693.434890214,2162570363.143751,2162570363.143751,119.56031712546974,1.0,473678612.2912932,0.0
gas-q2500-m1750-r1.65-ua25-25-25,20260926-design-study-component-alternatives:c0041,completed,"[""gas_catalog""]",[],pass,True,diagnostic_agreement_not_released,False,[],[],[],[],[],2500.0,2598.4236983110704,1750.0,1.65,"[25.0, 25.0, 25.0]",14.0,4.0,250.0,937.5789564279194,464.5514137968552,45.308945567890376,40.6696383732759,960.2748911376034,22.695934709684032,937.5789564279194,1660.8447418831506,0.0,4.547473508864641e-13,4.547473508864641e-13,3416541628.17324,2684142269.0865183,53682845.38173037,2832.210038746655,5500364.330206227,356935332.75198704,258223665.0278619,620659362.1100552,15.372451026882835,6981212.909562288,107318353.56048849,4862481439.907787,4862481439.907787,45.308945567890376,1.0,825236911.6143736,43538.01011847889,469.69147939348824,5.140065596633061,464.5514137968552,2133.8722845130023,0.0,1.2128111848141998e-09,1.2128111848141998e-09,1540673674.8191283,1540673674.8191283,30813473.496382564,0.0,0.0,0.0,148218076.03332967,148218076.03332967,15.372451026882835,3459049.8271313836,53174074.06712473,2162570363.143751,2162570363.143751,40.6696383732759,1.0,473678612.2912932,0.0
gas-q2500-m1750-r1.65-ua25-25-40,20260926-design-study-component-alternatives:c0042,completed,"[""gas_catalog""]",[],cooler_no_root,False,diagnostic_agreement_not_released,False,[],[],"[""component_alternatives__plant__gas_ledger__balance__a530b58ca455c8b8"", ""component_alternatives__plant__water_pre__evaluation_defined_ok__bc4741b386520ff5""]","[""water_pre""]",[],2500.0,2598.4236983110704,1750.0,1.65,"[25.0, 25.0, 40.0]",14.0,4.0,250.0,937.5789564279194,466.279306149085,45.308945567890376,40.5189287960195,960.2748911376034,22.695934709684032,937.5789564279194,1660.8447418831506,0.0,4.547473508864641e-13,4.547473508864641e-13,3416541628.17324,2684142269.0865183,53682845.38173037,2832.210038746655,5500364.330206227,356935332.75198704,258223665.0278619,620659362.1100552,15.372451026882835,6981212.909562288,107318353.56048849,4862481439.907787,4862481439.907787,45.308945567890376,1.0,825236911.6143736,43538.01011847889,469.69147939348824,3.4121732444031934,466.279306149085,1408.671847630564,0.0,723.4725445314214,723.4725445314214,1540673674.8191283,1540673674.8191283,30813473.496382564,0.0,0.0,0.0,148218076.03332967,148218076.03332967,15.372451026882835,3471915.713586087,53371854.276567094,2162570363.143751,2162570363.143751,40.5189287960195,1.0,473678612.2912932,0.0
gas-q2500-m1750-r1.65-ua30-30-50,20260926-design-study-component-alternatives:c0043,completed,"[""gas_catalog""]",[],cooler_no_root,False,diagnostic_agreement_not_released,False,[],[],"[""component_alternatives__plant__gas_ledger__balance__a530b58ca455c8b8"", ""component_alternatives__plant__water_ic1__evaluation_defined_ok__49d1611637350e3c"", ""component_alternatives__plant__water_ic2__evaluation_defined_ok__06ab6aea3f7f761b"", ""component_alternatives__plant__water_pre__evaluation_defined_ok__bc4741b386520ff5""]","[""water_ic1"", ""water_ic2"", ""water_pre""]",[],2500.0,2598.4236983110704,1750.0,1.65,"[30.0, 30.0, 50.0]",14.0,4.0,250.0,937.5789564279194,469.53131690967115,45.308945567890376,40.93827634519398,960.2748911376034,22.695934709684032,937.5789564279194,1660.8447418831506,0.0,4.547473508864641e-13,4.547473508864641e-13,3416541628.17324,2684142269.0865183,53682845.38173037,2832.210038746655,5500364.330206227,356935332.75198704,258223665.0278619,620659362.1100552,15.372451026882835,6981212.909562288,107318353.56048849,4862481439.907787,4862481439.907787,45.308945567890376,1.0,825236911.6143736,43538.01011847889,469.69147939348824,0.16016248381711667,469.53131690967115,9.745702879602588,0.0,2119.1466785217967,2119.1466785217967,1567475215.369684,1567475215.369684,31349504.30739368,0.0,0.0,0.0,150796475.88532883,150796475.88532883,15.372451026882835,3496130.1857094113,53744090.063424714,2200190410.9374747,2200190410.9374747,40.93827634519398,1.0,481918719.68246186,0.0
gas-q2500-m1750-r1.65-ua40-40-60,20260926-design-study-component-alternatives:c0044,completed,"[""gas_catalog""]",[],cooler_no_root,False,diagnostic_agreement_not_released,False,[],[],"[""component_alternatives__plant__gas_ledger__balance__a530b58ca455c8b8"", ""component_alternatives__plant__water_ic1__evaluation_defined_ok__49d1611637350e3c"", ""component_alternatives__plant__water_ic2__evaluation_defined_ok__06ab6aea3f7f761b"", ""component_alternatives__plant__water_pre__evaluation_defined_ok__bc4741b386520ff5""]","[""water_ic1"", ""water_ic2"", ""water_pre""]",[],2500.0,2598.4236983110704,1750.0,1.65,"[40.0, 40.0, 60.0]",14.0,4.0,250.0,937.5789564279194,474.45032177377414,45.308945567890376,41.20656411558252,960.2748911376034,22.695934709684032,937.5789564279194,1660.8447418831506,0.0,4.547473508864641e-13,4.547473508864641e-13,3416541628.17324,2684142269.0865183,53682845.38173037,2832.210038746655,5500364.330206227,356935332.75198704,258223665.0278619,620659362.1100552,15.372451026882835,6981212.909562288,107318353.56048849,4862481439.907787,4862481439.907787,45.308945567890376,1.0,825236911.6143736,43538.01011847889,474.6111079035762,0.16078612980208595,474.45032177377414,9.846727107426085,0.0,2114.12664942987,2114.12664942987,1594276755.92024,1594276755.92024,31885535.1184048,0.0,0.0,0.0,153374875.737328,153374875.737328,15.372451026882835,3532757.095927522,54307135.44701866,2237810458.7311983,2237810458.7311983,41.20656411558252,1.0,490158827.0736306,0.0
gas-q2500-m1750-r1.8-ua25-25-20,20260926-design-study-component-alternatives:c0045,completed,"[""gas_catalog""]",[],pass,True,diagnostic_agreement_not_released,False,[],[],[],[],[],2500.0,2598.4236983110704,1750.0,1.8,"[25.0, 25.0, 20.0]",14.0,4.0,250.0,937.5789564279194,362.9424913860444,45.308945567890376,52.055459069454706,960.2748911376034,22.695934709684032,937.5789564279194,1660.8447418831506,0.0,4.547473508864641e-13,4.547473508864641e-13,3416541628.17324,2684142269.0865183,53682845.38173037,2832.210038746655,5500364.330206227,356935332.75198704,258223665.0278619,620659362.1100552,15.372451026882835,6981212.909562288,107318353.56048849,4862481439.907787,4862481439.907787,45.308945567890376,1.0,825236911.6143736,43538.01011847889,370.6258955983409,7.683404212296463,362.9424913860444,2235.4812069339782,0.0,-8.952156349550933e-09,-8.952156349550933e-09,1540673674.8191283,1540673674.8191283,30813473.496382564,0.0,0.0,0.0,148218076.03332967,148218076.03332967,15.372451026882835,2702469.7908604867,41543584.51163313,2162570363.143751,2162570363.143751,52.055459069454706,1.0,473678612.2912932,0.0
gas-q2500-m1750-r1.8-ua25-25-25,20260926-design-study-component-alternatives:c0046,completed,"[""gas_catalog""]",[],pass,True,diagnostic_agreement_not_released,False,[],[],[],[],[],2500.0,2598.4236983110704,1750.0,1.8,"[25.0, 25.0, 25.0]",14.0,4.0,250.0,937.5789564279194,364.74315202039423,45.308945567890376,51.7984721584458,960.2748911376034,22.695934709684032,937.5789564279194,1660.8447418831506,0.0,4.547473508864641e-13,4.547473508864641e-13,3416541628.17324,2684142269.0865183,53682845.38173037,2832.210038746655,5500364.330206227,356935332.75198704,258223665.0278619,620659362.1100552,15.372451026882835,6981212.909562288,107318353.56048849,4862481439.907787,4862481439.907787,45.308945567890376,1.0,825236911.6143736,43538.01011847889,370.6258955983409,5.882743577946655,364.74315202039423,2233.6805462996285,0.0,-8.952156349550933e-09,-8.952156349550933e-09,1540673674.8191283,1540673674.8191283,30813473.496382564,0.0,0.0,0.0,148218076.03332967,148218076.03332967,15.372451026882835,2715877.5099438555,41749694.01662442,2162570363.143751,2162570363.143751,51.7984721584458,1.0,473678612.2912932,0.0
gas-q2500-m1750-r1.8-ua25-25-40,20260926-design-study-component-alternatives:c0047,completed,"[""gas_catalog""]",[],cooler_no_root,False,diagnostic_agreement_not_released,False,[],[],"[""component_alternatives__plant__gas_ledger__balance__a530b58ca455c8b8"", ""component_alternatives__plant__water_pre__evaluation_defined_ok__bc4741b386520ff5""]","[""water_pre""]",[],2500.0,2598.4236983110704,1750.0,1.8,"[25.0, 25.0, 40.0]",14.0,4.0,250.0,937.5789564279194,365.9113544151632,45.308945567890376,51.63310123324567,960.2748911376034,22.695934709684032,937.5789564279194,1660.8447418831506,0.0,4.547473508864641e-13,4.547473508864641e-13,3416541628.17324,2684142269.0865183,53682845.38173037,2832.210038746655,5500364.330206227,356935332.75198704,258223665.0278619,620659362.1100552,15.372451026882835,6981212.909562288,107318353.56048849,4862481439.907787,4862481439.907787,45.308945567890376,1.0,825236911.6143736,43538.01011847889,370.6258955983409,4.714541183177677,365.9113544151632,1680.2650930377895,0.0,552.2472508581177,552.2472508581177,1540673674.8191283,1540673674.8191283,30813473.496382564,0.0,0.0,0.0,148218076.03332967,148218076.03332967,15.372451026882835,2724575.944975305,41883410.283155896,2162570363.143751,2162570363.143751,51.63310123324567,1.0,473678612.2912932,0.0
gas-q2500-m1750-r1.8-ua30-30-50,20260926-design-study-component-alternatives:c0048,completed,"[""gas_catalog""]",[],cooler_no_root,False,diagnostic_agreement_not_released,False,[],[],"[""component_alternatives__plant__gas_ledger__balance__a530b58ca455c8b8"", ""component_alternatives__plant__water_ic1__evaluation_defined_ok__49d1611637350e3c"", ""component_alternatives__plant__water_ic2__evaluation_defined_ok__06ab6aea3f7f761b"", ""component_alternatives__plant__water_pre__evaluation_defined_ok__bc4741b386520ff5""]","[""water_ic1"", ""water_ic2"", ""water_pre""]",[],2500.0,2598.4236983110704,1750.0,1.8,"[30.0, 30.0, 50.0]",14.0,4.0,250.0,937.5789564279194,370.47829135006043,45.308945567890376,51.8837493401429,960.2748911376034,22.695934709684032,937.5789564279194,1660.8447418831506,0.0,4.547473508864641e-13,4.547473508864641e-13,3416541628.17324,2684142269.0865183,53682845.38173037,2832.210038746655,5500364.330206227,356935332.75198704,258223665.0278619,620659362.1100552,15.372451026882835,6981212.909562288,107318353.56048849,4862481439.907787,4862481439.907787,45.308945567890376,1.0,825236911.6143736,43538.01011847889,370.6258955983409,0.14760424828047053,370.47829135006043,7.711398036001708,0.0,2220.2340089250083,2220.2340089250083,1567475215.369684,1567475215.369684,31349504.30739368,0.0,0.0,0.0,150796475.88532883,150796475.88532883,15.372451026882835,2758581.35739255,42406156.820188954,2200190410.9374747,2200190410.9374747,51.8837493401429,1.0,481918719.68246186,0.0
gas-q2500-m1750-r1.8-ua40-40-60,20260926-design-study-component-alternatives:c0049,completed,"[""gas_catalog""]",[],cooler_no_root,False,diagnostic_agreement_not_released,False,[],[],"[""component_alternatives__plant__gas_ledger__balance__a530b58ca455c8b8"", ""component_alternatives__plant__water_ic1__evaluation_defined_ok__49d1611637350e3c"", ""component_alternatives__plant__water_ic2__evaluation_defined_ok__06ab6aea3f7f761b"", ""component_alternatives__plant__water_pre__evaluation_defined_ok__bc4741b386520ff5""]","[""water_ic1"", ""water_ic2"", ""water_pre""]",[],2500.0,2598.4236983110704,1750.0,1.8,"[40.0, 40.0, 60.0]",14.0,4.0,250.0,937.5789564279194,370.47829135006043,45.308945567890376,52.77088579896516,960.2748911376034,22.695934709684032,937.5789564279194,1660.8447418831506,0.0,4.547473508864641e-13,4.547473508864641e-13,3416541628.17324,2684142269.0865183,53682845.38173037,2832.210038746655,5500364.330206227,356935332.75198704,258223665.0278619,620659362.1100552,15.372451026882835,6981212.909562288,107318353.56048849,4862481439.907787,4862481439.907787,45.308945567890376,1.0,825236911.6143736,43538.01011847889,370.6258955983409,0.14760424828047053,370.47829135006043,7.711398036001708,0.0,2220.2340089250083,2220.2340089250083,1594276755.92024,1594276755.92024,31885535.1184048,0.0,0.0,0.0,153374875.737328,153374875.737328,15.372451026882835,2758581.35739255,42406156.820188954,2237810458.7311983,2237810458.7311983,52.77088579896516,1.0,490158827.0736306,0.0
gas-q2500-m2000-r1.2-ua25-25-20,20260926-design-study-component-alternatives:c0050,completed,"[""gas_catalog""]",[],cooler_no_root,False,diagnostic_agreement_not_released,False,[],[],"[""component_alternatives__plant__gas_boundary__source_adequate_ok__dd6d7a3461399330"", ""component_alternatives__plant__gas_ledger__balance__a530b58ca455c8b8"", ""component_alternatives__plant__water_pre__evaluation_defined_ok__bc4741b386520ff5""]","[""water_pre""]",[],2500.0,2598.4236983110704,2000.0,1.2,"[25.0, 25.0, 20.0]",14.0,4.0,250.0,937.5789564279194,488.2814112069644,45.308945567890376,38.693133859449865,960.2748911376034,22.695934709684032,937.5789564279194,1660.8447418831506,0.0,4.547473508864641e-13,4.547473508864641e-13,3416541628.17324,2684142269.0865183,53682845.38173037,2832.210038746655,5500364.330206227,356935332.75198704,258223665.0278619,620659362.1100552,15.372451026882835,6981212.909562288,107318353.56048849,4862481439.907787,4862481439.907787,45.308945567890376,1.0,825236911.6143736,43538.01011847889,489.8293315374345,1.5479203304701057,488.2814112069644,555.647260209478,839.060999857626,1554.495026894628,715.4340270370021,1540673674.8191283,1540673674.8191283,30813473.496382564,0.0,0.0,0.0,148218076.03332967,148218076.03332967,15.372451026882835,3635743.387847056,55890287.17599196,2162570363.143751,2162570363.143751,38.693133859449865,1.0,473678612.2912932,0.0
gas-q2500-m2000-r1.2-ua25-25-25,20260926-design-study-component-alternatives:c0051,completed,"[""gas_catalog""]",[],equipment_or_coupling_insufficient,False,diagnostic_agreement_not_released,False,[],[],"[""component_alternatives__plant__gas_boundary__source_adequate_ok__dd6d7a3461399330""]",[],[],2500.0,2598.4236983110704,2000.0,1.2,"[25.0, 25.0, 25.0]",14.0,4.0,250.0,937.5789564279194,485.5576755543055,45.308945567890376,38.91018298360545,960.2748911376034,22.695934709684032,937.5789564279194,1660.8447418831506,0.0,4.547473508864641e-13,4.547473508864641e-13,3416541628.17324,2684142269.0865183,53682845.38173037,2832.210038746655,5500364.330206227,356935332.75198704,258223665.0278619,620659362.1100552,15.372451026882835,6981212.909562288,107318353.56048849,4862481439.907787,4862481439.907787,45.308945567890376,1.0,825236911.6143736,43538.01011847889,489.8293315374345,4.271655983129005,485.5576755543055,1273.8050229026837,839.060999857626,839.060999854081,-3.544755600159988e-09,1540673674.8191283,1540673674.8191283,30813473.496382564,0.0,0.0,0.0,148218076.03332967,148218076.03332967,15.372451026882835,3615462.4521773583,55578519.48563017,2162570363.143751,2162570363.143751,38.91018298360545,1.0,473678612.2912932,0.0
gas-q2500-m2000-r1.2-ua25-25-40,20260926-design-study-component-alternatives:c0052,completed,"[""gas_catalog""]",[],cooler_no_root,False,diagnostic_agreement_not_released,False,[],[],"[""component_alternatives__plant__gas_boundary__source_adequate_ok__dd6d7a3461399330"", ""component_alternatives__plant__gas_ledger__balance__a530b58ca455c8b8"", ""component_alternatives__plant__water_pre__evaluation_defined_ok__bc4741b386520ff5""]","[""water_pre""]",[],2500.0,2598.4236983110704,2000.0,1.2,"[25.0, 25.0, 40.0]",14.0,4.0,250.0,937.5789564279194,488.2814112069644,45.308945567890376,38.693133859449865,960.2748911376034,22.695934709684032,937.5789564279194,1660.8447418831506,0.0,4.547473508864641e-13,4.547473508864641e-13,3416541628.17324,2684142269.0865183,53682845.38173037,2832.210038746655,5500364.330206227,356935332.75198704,258223665.0278619,620659362.1100552,15.372451026882835,6981212.909562288,107318353.56048849,4862481439.907787,4862481439.907787,45.308945567890376,1.0,825236911.6143736,43538.01011847889,489.8293315374345,1.5479203304701057,488.2814112069644,555.647260209478,839.060999857626,1554.495026894628,715.4340270370021,1540673674.8191283,1540673674.8191283,30813473.496382564,0.0,0.0,0.0,148218076.03332967,148218076.03332967,15.372451026882835,3635743.387847056,55890287.17599196,2162570363.143751,2162570363.143751,38.693133859449865,1.0,473678612.2912932,0.0
gas-q2500-m2000-r1.2-ua30-30-50,20260926-design-study-component-alternatives:c0053,completed,"[""gas_catalog""]",[],cooler_no_root,False,diagnostic_agreement_not_released,False,[],[],"[""component_alternatives__plant__gas_boundary__source_adequate_ok__dd6d7a3461399330"", ""component_alternatives__plant__gas_ledger__balance__a530b58ca455c8b8"", ""component_alternatives__plant__water_pre__evaluation_defined_ok__bc4741b386520ff5""]","[""water_pre""]",[],2500.0,2598.4236983110704,2000.0,1.2,"[30.0, 30.0, 50.0]",14.0,4.0,250.0,937.5789564279194,488.4619136717051,45.308945567890376,39.35169204878874,960.2748911376034,22.695934709684032,937.5789564279194,1660.8447418831506,0.0,4.547473508864641e-13,4.547473508864641e-13,3416541628.17324,2684142269.0865183,53682845.38173037,2832.210038746655,5500364.330206227,356935332.75198704,258223665.0278619,620659362.1100552,15.372451026882835,6981212.909562288,107318353.56048849,4862481439.907787,4862481439.907787,45.308945567890376,1.0,825236911.6143736,43538.01011847889,489.8293315374345,1.3674178657294231,488.4619136717051,555.4667577447373,839.060999857626,1554.4950268946282,715.434027037002,1567475215.369684,1567475215.369684,31349504.30739368,0.0,0.0,0.0,150796475.88532883,150796475.88532883,15.372451026882835,3637087.4091995154,55910948.07841172,2200190410.9374747,2200190410.9374747,39.35169204878874,1.0,481918719.68246186,0.0
gas-q2500-m2000-r1.2-ua40-40-60,20260926-design-study-component-alternatives:c0054,completed,"[""gas_catalog""]",[],cooler_no_root,False,diagnostic_agreement_not_released,False,[],[],"[""component_alternatives__plant__gas_boundary__source_adequate_ok__dd6d7a3461399330"", ""component_alternatives__plant__gas_ledger__balance__a530b58ca455c8b8"", ""component_alternatives__plant__water_pre__evaluation_defined_ok__bc4741b386520ff5""]","[""water_pre""]",[],2500.0,2598.4236983110704,2000.0,1.2,"[40.0, 40.0, 60.0]",14.0,4.0,250.0,937.5789564279194,490.7165034066256,45.308945567890376,39.84065640366196,960.2748911376034,22.695934709684032,937.5789564279194,1660.8447418831506,0.0,4.547473508864641e-13,4.547473508864641e-13,3416541628.17324,2684142269.0865183,53682845.38173037,2832.210038746655,5500364.330206227,356935332.75198704,258223665.0278619,620659362.1100552,15.372451026882835,6981212.909562288,107318353.56048849,4862481439.907787,4862481439.907787,45.308945567890376,1.0,825236911.6143736,43538.01011847889,491.93815662364887,1.221653217023298,490.7165034066256,555.3640303426887,933.8007853567015,1552.343164561756,618.5423792050547,1594276755.92024,1594276755.92024,31885535.1184048,0.0,0.0,0.0,153374875.737328,153374875.737328,15.372451026882835,3653875.0843657334,56169015.79275963,2237810458.7311983,2237810458.7311983,39.84065640366196,1.0,490158827.0736306,0.0
gas-q2500-m2000-r1.35-ua25-25-20,20260926-design-study-component-alternatives:c0055,completed,"[""gas_catalog""]",[],cooler_no_root,False,diagnostic_agreement_not_released,False,[],[],"[""component_alternatives__plant__gas_boundary__source_adequate_ok__dd6d7a3461399330"", ""component_alternatives__plant__gas_ledger__balance__a530b58ca455c8b8"", ""component_alternatives__plant__water_pre__evaluation_defined_ok__bc4741b386520ff5""]","[""water_pre""]",[],2500.0,2598.4236983110704,2000.0,1.35,"[25.0, 25.0, 20.0]",14.0,4.0,250.0,937.5789564279194,683.2689863923069,45.308945567890376,27.65109844172619,960.2748911376034,22.695934709684032,937.5789564279194,1660.8447418831506,0.0,4.547473508864641e-13,4.547473508864641e-13,3416541628.17324,2684142269.0865183,53682845.38173037,2832.210038746655,5500364.330206227,356935332.75198704,258223665.0278619,620659362.1100552,15.372451026882835,6981212.909562288,107318353.56048849,4862481439.907787,4862481439.907787,45.308945567890376,1.0,825236911.6143736,43538.01011847889,685.8587232443751,2.5897368520681456,683.2689863923069,933.8851626295965,230.95909746628422,981.269549289167,750.3104518228828,1540673674.8191283,1540673674.8191283,30813473.496382564,0.0,0.0,0.0,148218076.03332967,148218076.03332967,15.372451026882835,5087620.872677118,78209202.7085759,2162570363.143751,2162570363.143751,27.65109844172619,1.0,473678612.2912932,0.0
gas-q2500-m2000-r1.35-ua25-25-25,20260926-design-study-component-alternatives:c0056,completed,"[""gas_catalog""]",[],equipment_or_coupling_insufficient,False,diagnostic_agreement_not_released,False,[],[],"[""component_alternatives__plant__gas_boundary__source_adequate_ok__dd6d7a3461399330""]",[],[],2500.0,2598.4236983110704,2000.0,1.35,"[25.0, 25.0, 25.0]",14.0,4.0,250.0,937.5789564279194,680.1395465234673,45.308945567890376,27.778325935441355,960.2748911376034,22.695934709684032,937.5789564279194,1660.8447418831506,0.0,4.547473508864641e-13,4.547473508864641e-13,3416541628.17324,2684142269.0865183,53682845.38173037,2832.210038746655,5500364.330206227,356935332.75198704,258223665.0278619,620659362.1100552,15.372451026882835,6981212.909562288,107318353.56048849,4862481439.907787,4862481439.907787,45.308945567890376,1.0,825236911.6143736,43538.01011847889,685.8587232443751,5.7191767209078535,680.1395465234673,1687.3250543163779,230.95909746628422,230.95909747122528,4.941057341056876e-09,1540673674.8191283,1540673674.8191283,30813473.496382564,0.0,0.0,0.0,148218076.03332967,148218076.03332967,15.372451026882835,5064319.063413737,77850996.78683683,2162570363.143751,2162570363.143751,27.778325935441355,1.0,473678612.2912932,0.0
gas-q2500-m2000-r1.35-ua25-25-40,20260926-design-study-component-alternatives:c0057,completed,"[""gas_catalog""]",[],cooler_no_root,False,diagnostic_agreement_not_released,False,[],[],"[""component_alternatives__plant__gas_boundary__source_adequate_ok__dd6d7a3461399330"", ""component_alternatives__plant__gas_ledger__balance__a530b58ca455c8b8"", ""component_alternatives__plant__water_pre__evaluation_defined_ok__bc4741b386520ff5""]","[""water_pre""]",[],2500.0,2598.4236983110704,2000.0,1.35,"[25.0, 25.0, 40.0]",14.0,4.0,250.0,937.5789564279194,683.2689863923069,45.308945567890376,27.65109844172619,960.2748911376034,22.695934709684032,937.5789564279194,1660.8447418831506,0.0,4.547473508864641e-13,4.547473508864641e-13,3416541628.17324,2684142269.0865183,53682845.38173037,2832.210038746655,5500364.330206227,356935332.75198704,258223665.0278619,620659362.1100552,15.372451026882835,6981212.909562288,107318353.56048849,4862481439.907787,4862481439.907787,45.308945567890376,1.0,825236911.6143736,43538.01011847889,685.8587232443751,2.5897368520681456,683.2689863923069,933.8851626295965,230.95909746628422,981.269549289167,750.3104518228828,1540673674.8191283,1540673674.8191283,30813473.496382564,0.0,0.0,0.0,148218076.03332967,148218076.03332967,15.372451026882835,5087620.872677118,78209202.7085759,2162570363.143751,2162570363.143751,27.65109844172619,1.0,473678612.2912932,0.0
gas-q2500-m2000-r1.35-ua30-30-50,20260926-design-study-component-alternatives:c0058,completed,"[""gas_catalog""]",[],cooler_no_root,False,diagnostic_agreement_not_released,False,[],[],"[""component_alternatives__plant__gas_boundary__source_adequate_ok__dd6d7a3461399330"", ""component_alternatives__plant__gas_ledger__balance__a530b58ca455c8b8"", ""component_alternatives__plant__water_pre__evaluation_defined_ok__bc4741b386520ff5""]","[""water_pre""]",[],2500.0,2598.4236983110704,2000.0,1.35,"[30.0, 30.0, 50.0]",14.0,4.0,250.0,937.5789564279194,683.8914251026918,45.308945567890376,28.10651237728951,960.2748911376034,22.695934709684032,937.5789564279194,1660.8447418831506,0.0,4.547473508864641e-13,4.547473508864641e-13,3416541628.17324,2684142269.0865183,53682845.38173037,2832.210038746655,5500364.330206227,356935332.75198704,258223665.0278619,620659362.1100552,15.372451026882835,6981212.909562288,107318353.56048849,4862481439.907787,4862481439.907787,45.308945567890376,1.0,825236911.6143736,43538.01011847889,685.8587232443751,1.9672981416833502,683.8914251026918,933.2627239192117,230.95909746628422,981.269549289167,750.3104518228828,1567475215.369684,1567475215.369684,31349504.30739368,0.0,0.0,0.0,150796475.88532883,150796475.88532883,15.372451026882835,5092255.551314643,78280449.0789566,2200190410.9374747,2200190410.9374747,28.10651237728951,1.0,481918719.68246186,0.0
gas-q2500-m2000-r1.35-ua40-40-60,20260926-design-study-component-alternatives:c0059,completed,"[""gas_catalog""]",[],cooler_no_root,False,diagnostic_agreement_not_released,False,[],[],"[""component_alternatives__plant__gas_boundary__source_adequate_ok__dd6d7a3461399330"", ""component_alternatives__plant__gas_ledger__balance__a530b58ca455c8b8"", ""component_alternatives__plant__water_ic1__evaluation_defined_ok__49d1611637350e3c"", ""component_alternatives__plant__water_ic2__evaluation_defined_ok__06ab6aea3f7f761b"", ""component_alternatives__plant__water_pre__evaluation_defined_ok__bc4741b386520ff5""]","[""water_ic1"", ""water_ic2"", ""water_pre""]",[],2500.0,2598.4236983110704,2000.0,1.35,"[40.0, 40.0, 60.0]",14.0,4.0,250.0,937.5789564279194,687.8570287767087,45.308945567890376,28.42228368095404,960.2748911376034,22.695934709684032,937.5789564279194,1660.8447418831506,0.0,4.547473508864641e-13,4.547473508864641e-13,3416541628.17324,2684142269.0865183,53682845.38173037,2832.210038746655,5500364.330206227,356935332.75198704,258223665.0278619,620659362.1100552,15.372451026882835,6981212.909562288,107318353.56048849,4862481439.907787,4862481439.907787,45.308945567890376,1.0,825236911.6143736,43538.01011847889,688.0448712399898,0.18784246328106716,687.8570287767087,14.229574529403289,292.56924150704845,1896.3370950049584,1603.76785349791,1594276755.92024,1594276755.92024,31885535.1184048,0.0,0.0,0.0,153374875.737328,153374875.737328,15.372451026882835,5121783.436271373,78734365.04438137,2237810458.7311983,2237810458.7311983,28.42228368095404,1.0,490158827.0736306,0.0
gas-q2500-m2000-r1.5-ua25-25-20,20260926-design-study-component-alternatives:c0060,completed,"[""gas_catalog""]",[],cooler_no_root,False,diagnostic_agreement_not_released,False,[],[],"[""component_alternatives__plant__gas_ledger__balance__a530b58ca455c8b8"", ""component_alternatives__plant__water_pre__evaluation_defined_ok__bc4741b386520ff5""]","[""water_pre""]",[],2500.0,2598.4236983110704,2000.0,1.5,"[25.0, 25.0, 20.0]",14.0,4.0,250.0,937.5789564279194,562.6655922290437,45.308945567890376,33.577916023024464,960.2748911376034,22.695934709684032,937.5789564279194,1660.8447418831506,0.0,4.547473508864641e-13,4.547473508864641e-13,3416541628.17324,2684142269.0865183,53682845.38173037,2832.210038746655,5500364.330206227,356935332.75198704,258223665.0278619,620659362.1100552,15.372451026882835,6981212.909562288,107318353.56048849,4862481439.907787,4862481439.907787,45.308945567890376,1.0,825236911.6143736,43538.01011847889,566.9107451152818,4.245152886238136,562.6655922290437,1282.1774244577202,0.0,753.5806816243064,753.5806816243064,1540673674.8191283,1540673674.8191283,30813473.496382564,0.0,0.0,0.0,148218076.03332967,148218076.03332967,15.372451026882835,4189607.999737459,64404543.79780064,2162570363.143751,2162570363.143751,33.577916023024464,1.0,473678612.2912932,0.0
gas-q2500-m2000-r1.5-ua25-25-25,20260926-design-study-component-alternatives:c0061,completed,"[""gas_catalog"", ""steam_connector_catalog""]","[""steam-q2500-n14-k4-pump250""]",pass,True,diagnostic_agreement_not_released,False,[],[],[],[],[],2500.0,2598.4236983110704,2000.0,1.5,"[25.0, 25.0, 25.0]",14.0,4.0,250.0,937.5789564279194,559.4931629141395,45.308945567890376,33.7683089932799,960.2748911376034,22.695934709684032,937.5789564279194,1660.8447418831506,0.0,4.547473508864641e-13,4.547473508864641e-13,3416541628.17324,2684142269.0865183,53682845.38173037,2832.210038746655,5500364.330206227,356935332.75198704,258223665.0278619,620659362.1100552,15.372451026882835,6981212.909562288,107318353.56048849,4862481439.907787,4862481439.907787,45.308945567890376,1.0,825236911.6143736,43538.01011847889,566.9107451152818,7.417582201142323,559.4931629141395,2038.9305353922855,0.0,4.645471562980674e-09,4.645471562980674e-09,1540673674.8191283,1540673674.8191283,30813473.496382564,0.0,0.0,0.0,148218076.03332967,148218076.03332967,15.372451026882835,4165986.0910586827,64041417.16347466,2162570363.143751,2162570363.143751,33.7683089932799,1.0,473678612.2912932,0.0
gas-q2500-m2000-r1.5-ua25-25-40,20260926-design-study-component-alternatives:c0062,completed,"[""gas_catalog""]",[],cooler_no_root,False,diagnostic_agreement_not_released,False,[],[],"[""component_alternatives__plant__gas_ledger__balance__a530b58ca455c8b8"", ""component_alternatives__plant__water_pre__evaluation_defined_ok__bc4741b386520ff5""]","[""water_pre""]",[],2500.0,2598.4236983110704,2000.0,1.5,"[25.0, 25.0, 40.0]",14.0,4.0,250.0,937.5789564279194,562.6655922290437,45.308945567890376,33.577916023024464,960.2748911376034,22.695934709684032,937.5789564279194,1660.8447418831506,0.0,4.547473508864641e-13,4.547473508864641e-13,3416541628.17324,2684142269.0865183,53682845.38173037,2832.210038746655,5500364.330206227,356935332.75198704,258223665.0278619,620659362.1100552,15.372451026882835,6981212.909562288,107318353.56048849,4862481439.907787,4862481439.907787,45.308945567890376,1.0,825236911.6143736,43538.01011847889,566.9107451152818,4.245152886238136,562.6655922290437,1282.1774244577202,0.0,753.5806816243064,753.5806816243064,1540673674.8191283,1540673674.8191283,30813473.496382564,0.0,0.0,0.0,148218076.03332967,148218076.03332967,15.372451026882835,4189607.999737459,64404543.79780064,2162570363.143751,2162570363.143751,33.577916023024464,1.0,473678612.2912932,0.0
gas-q2500-m2000-r1.5-ua30-30-50,20260926-design-study-component-alternatives:c0063,completed,"[""gas_catalog""]",[],cooler_no_root,False,diagnostic_agreement_not_released,False,[],[],"[""component_alternatives__plant__gas_ledger__balance__a530b58ca455c8b8"", ""component_alternatives__plant__water_pre__evaluation_defined_ok__bc4741b386520ff5""]","[""water_pre""]",[],2500.0,2598.4236983110704,2000.0,1.5,"[30.0, 30.0, 50.0]",14.0,4.0,250.0,937.5789564279194,564.322193465349,45.308945567890376,34.06175235876354,960.2748911376034,22.695934709684032,937.5789564279194,1660.8447418831506,0.0,4.547473508864641e-13,4.547473508864641e-13,3416541628.17324,2684142269.0865183,53682845.38173037,2832.210038746655,5500364.330206227,356935332.75198704,258223665.0278619,620659362.1100552,15.372451026882835,6981212.909562288,107318353.56048849,4862481439.907787,4862481439.907787,45.308945567890376,1.0,825236911.6143736,43538.01011847889,566.9107451152818,2.5885516499328545,564.322193465349,1280.520823221415,0.0,753.5806816243066,753.5806816243066,1567475215.369684,1567475215.369684,31349504.30739368,0.0,0.0,0.0,150796475.88532883,150796475.88532883,15.372451026882835,4201943.052542988,64594163.792967655,2200190410.9374747,2200190410.9374747,34.06175235876354,1.0,481918719.68246186,0.0
gas-q2500-m2000-r1.5-ua40-40-60,20260926-design-study-component-alternatives:c0064,completed,"[""gas_catalog""]",[],cooler_no_root,False,diagnostic_agreement_not_released,False,[],[],"[""component_alternatives__plant__gas_ledger__balance__a530b58ca455c8b8"", ""component_alternatives__plant__water_ic1__evaluation_defined_ok__49d1611637350e3c"", ""component_alternatives__plant__water_ic2__evaluation_defined_ok__06ab6aea3f7f761b"", ""component_alternatives__plant__water_pre__evaluation_defined_ok__bc4741b386520ff5""]","[""water_ic1"", ""water_ic2"", ""water_pre""]",[],2500.0,2598.4236983110704,2000.0,1.5,"[40.0, 40.0, 60.0]",14.0,4.0,250.0,937.5789564279194,588.2132115538924,45.308945567890376,33.23704265700356,960.2748911376034,22.695934709684032,937.5789564279194,1660.8447418831506,0.0,4.547473508864641e-13,4.547473508864641e-13,3416541628.17324,2684142269.0865183,53682845.38173037,2832.210038746655,5500364.330206227,356935332.75198704,258223665.0278619,620659362.1100552,15.372451026882835,6981212.909562288,107318353.56048849,4862481439.907787,4862481439.907787,45.308945567890376,1.0,825236911.6143736,43538.01011847889,588.3884208793224,0.17520932543005274,588.2132115538924,12.183136282150945,0.0,1998.0273504750269,1998.0273504750269,1594276755.92024,1594276755.92024,31885535.1184048,0.0,0.0,0.0,153374875.737328,153374875.737328,15.372451026882835,4379835.573230282,67328807.85528183,2237810458.7311983,2237810458.7311983,33.23704265700356,1.0,490158827.0736306,0.0
gas-q2500-m2000-r1.65-ua25-25-20,20260926-design-study-component-alternatives:c0065,completed,"[""gas_catalog""]",[],cooler_no_root,False,diagnostic_agreement_not_released,False,[],[],"[""component_alternatives__plant__gas_ledger__balance__a530b58ca455c8b8"", ""component_alternatives__plant__water_pre__evaluation_defined_ok__bc4741b386520ff5""]","[""water_pre""]",[],2500.0,2598.4236983110704,2000.0,1.65,"[25.0, 25.0, 20.0]",14.0,4.0,250.0,937.5789564279194,301.72699987489284,45.308945567890376,62.61666344989328,960.2748911376034,22.695934709684032,937.5789564279194,1660.8447418831506,0.0,4.547473508864641e-13,4.547473508864641e-13,3416541628.17324,2684142269.0865183,53682845.38173037,2832.210038746655,5500364.330206227,356935332.75198704,258223665.0278619,620659362.1100552,15.372451026882835,6981212.909562288,107318353.56048849,4862481439.907787,4862481439.907787,45.308945567890376,1.0,825236911.6143736,43538.01011847889,309.58706010993507,7.860060235042251,301.72699987489284,1609.2343166344497,0.0,687.4623818017278,687.4623818017278,1540673674.8191283,1540673674.8191283,30813473.496382564,0.0,0.0,0.0,148218076.03332967,148218076.03332967,15.372451026882835,2246659.2410684517,34536659.157418534,2162570363.143751,2162570363.143751,62.61666344989328,1.0,473678612.2912932,0.0
gas-q2500-m2000-r1.65-ua25-25-25,20260926-design-study-component-alternatives:c0066,completed,"[""gas_catalog""]",[],pass,True,diagnostic_agreement_not_released,False,[],[],[],[],[],2500.0,2598.4236983110704,2000.0,1.65,"[25.0, 25.0, 25.0]",14.0,4.0,250.0,937.5789564279194,299.2719382380008,45.308945567890376,63.13033596182707,960.2748911376034,22.695934709684032,937.5789564279194,1660.8447418831506,0.0,4.547473508864641e-13,4.547473508864641e-13,3416541628.17324,2684142269.0865183,53682845.38173037,2832.210038746655,5500364.330206227,356935332.75198704,258223665.0278619,620659362.1100552,15.372451026882835,6981212.909562288,107318353.56048849,4862481439.907787,4862481439.907787,45.308945567890376,1.0,825236911.6143736,43538.01011847889,309.58706010993507,10.315121871934226,299.2719382380008,2299.1517600769903,0.0,-3.920831659343094e-09,-3.920831659343094e-09,1540673674.8191283,1540673674.8191283,30813473.496382564,0.0,0.0,0.0,148218076.03332967,148218076.03332967,15.372451026882835,2228378.852120154,34255644.77355845,2162570363.143751,2162570363.143751,63.13033596182707,1.0,473678612.2912932,0.0
gas-q2500-m2000-r1.65-ua25-25-40,20260926-design-study-component-alternatives:c0067,completed,"[""gas_catalog""]",[],cooler_no_root,False,diagnostic_agreement_not_released,False,[],[],"[""component_alternatives__plant__gas_ledger__balance__a530b58ca455c8b8"", ""component_alternatives__plant__water_pre__evaluation_defined_ok__bc4741b386520ff5""]","[""water_pre""]",[],2500.0,2598.4236983110704,2000.0,1.65,"[25.0, 25.0, 40.0]",14.0,4.0,250.0,937.5789564279194,301.72699987489284,45.308945567890376,62.61666344989328,960.2748911376034,22.695934709684032,937.5789564279194,1660.8447418831506,0.0,4.547473508864641e-13,4.547473508864641e-13,3416541628.17324,2684142269.0865183,53682845.38173037,2832.210038746655,5500364.330206227,356935332.75198704,258223665.0278619,620659362.1100552,15.372451026882835,6981212.909562288,107318353.56048849,4862481439.907787,4862481439.907787,45.308945567890376,1.0,825236911.6143736,43538.01011847889,309.58706010993507,7.860060235042251,301.72699987489284,1609.2343166344497,0.0,687.4623818017278,687.4623818017278,1540673674.8191283,1540673674.8191283,30813473.496382564,0.0,0.0,0.0,148218076.03332967,148218076.03332967,15.372451026882835,2246659.2410684517,34536659.157418534,2162570363.143751,2162570363.143751,62.61666344989328,1.0,473678612.2912932,0.0
gas-q2500-m2000-r1.65-ua30-30-50,20260926-design-study-component-alternatives:c0068,completed,"[""gas_catalog""]",[],cooler_no_root,False,diagnostic_agreement_not_released,False,[],[],"[""component_alternatives__plant__gas_ledger__balance__a530b58ca455c8b8"", ""component_alternatives__plant__water_pre__evaluation_defined_ok__bc4741b386520ff5""]","[""water_pre""]",[],2500.0,2598.4236983110704,2000.0,1.65,"[30.0, 30.0, 50.0]",14.0,4.0,250.0,937.5789564279194,306.26222392685065,45.308945567890376,62.76256522241543,960.2748911376034,22.695934709684032,937.5789564279194,1660.8447418831506,0.0,4.547473508864641e-13,4.547473508864641e-13,3416541628.17324,2684142269.0865183,53682845.38173037,2832.210038746655,5500364.330206227,356935332.75198704,258223665.0278619,620659362.1100552,15.372451026882835,6981212.909562288,107318353.56048849,4862481439.907787,4862481439.907787,45.308945567890376,1.0,825236911.6143736,43538.01011847889,309.58706010993507,3.324836183084435,306.26222392685065,1604.6990925824919,0.0,687.4623818017278,687.4623818017278,1567475215.369684,1567475215.369684,31349504.30739368,0.0,0.0,0.0,150796475.88532883,150796475.88532883,15.372451026882835,2280428.51935933,35055775.73415824,2200190410.9374747,2200190410.9374747,62.76256522241543,1.0,481918719.68246186,0.0
gas-q2500-m2000-r1.65-ua40-40-60,20260926-design-study-component-alternatives:c0069,completed,"[""gas_catalog""]",[],cooler_no_root,False,diagnostic_agreement_not_released,False,[],[],"[""component_alternatives__plant__gas_ledger__balance__a530b58ca455c8b8"", ""component_alternatives__plant__water_ic1__evaluation_defined_ok__49d1611637350e3c"", ""component_alternatives__plant__water_ic2__evaluation_defined_ok__06ab6aea3f7f761b"", ""component_alternatives__plant__water_pre__evaluation_defined_ok__bc4741b386520ff5""]","[""water_ic1"", ""water_ic2"", ""water_pre""]",[],2500.0,2598.4236983110704,2000.0,1.65,"[40.0, 40.0, 60.0]",14.0,4.0,250.0,937.5789564279194,309.4471935647355,45.308945567890376,63.17868770634003,960.2748911376034,22.695934709684032,937.5789564279194,1660.8447418831506,0.0,4.547473508864641e-13,4.547473508864641e-13,3416541628.17324,2684142269.0865183,53682845.38173037,2832.210038746655,5500364.330206227,356935332.75198704,258223665.0278619,620659362.1100552,15.372451026882835,6981212.909562288,107318353.56048849,4862481439.907787,4862481439.907787,45.308945567890376,1.0,825236911.6143736,43538.01011847889,309.58706010993507,0.13986654519953903,309.4471935647355,6.457969812749241,0.0,2282.5185349335857,2282.5185349335857,1594276755.92024,1594276755.92024,31885535.1184048,0.0,0.0,0.0,153374875.737328,153374875.737328,15.372451026882835,2304143.803283021,35420337.774863794,2237810458.7311983,2237810458.7311983,63.17868770634003,1.0,490158827.0736306,0.0
gas-q2500-m2000-r1.8-ua25-25-20,20260926-design-study-component-alternatives:c0070,completed,"[""gas_catalog""]",[],pass,True,diagnostic_agreement_not_released,False,[],[],[],[],[],2500.0,2598.4236983110704,2000.0,1.8,"[25.0, 25.0, 20.0]",14.0,4.0,250.0,937.5789564279194,229.67993330747808,45.308945567890376,82.25854881113821,960.2748911376034,22.695934709684032,937.5789564279194,1660.8447418831506,0.0,4.547473508864641e-13,4.547473508864641e-13,3416541628.17324,2684142269.0865183,53682845.38173037,2832.210038746655,5500364.330206227,356935332.75198704,258223665.0278619,620659362.1100552,15.372451026882835,6981212.909562288,107318353.56048849,4862481439.907787,4862481439.907787,45.308945567890376,1.0,825236911.6143736,43538.01011847889,255.47063630837923,25.790703000901136,229.67993330747808,2368.743764994916,0.0,8.676124707562849e-09,8.676124707562849e-09,1540673674.8191283,1540673674.8191283,30813473.496382564,0.0,0.0,0.0,148218076.03332967,148218076.03332967,15.372451026882835,1710196.7834074816,26289916.299264062,2162570363.143751,2162570363.143751,82.25854881113821,1.0,473678612.2912932,0.0
gas-q2500-m2000-r1.8-ua25-25-25,20260926-design-study-component-alternatives:c0071,completed,"[""gas_catalog""]",[],pass,True,diagnostic_agreement_not_released,False,[],[],[],[],[],2500.0,2598.4236983110704,2000.0,1.8,"[25.0, 25.0, 25.0]",14.0,4.0,250.0,937.5789564279194,230.87918860590003,45.308945567890376,81.83127339884174,960.2748911376034,22.695934709684032,937.5789564279194,1660.8447418831506,0.0,4.547473508864641e-13,4.547473508864641e-13,3416541628.17324,2684142269.0865183,53682845.38173037,2832.210038746655,5500364.330206227,356935332.75198704,258223665.0278619,620659362.1100552,15.372451026882835,6981212.909562288,107318353.56048849,4862481439.907787,4862481439.907787,45.308945567890376,1.0,825236911.6143736,43538.01011847889,255.47063630837923,24.591447702479186,230.87918860590003,2367.544509696494,0.0,8.676579454913735e-09,8.676579454913735e-09,1540673674.8191283,1540673674.8191283,30813473.496382564,0.0,0.0,0.0,148218076.03332967,148218076.03332967,15.372451026882835,1719126.4383595316,26427186.982701413,2162570363.143751,2162570363.143751,81.83127339884174,1.0,473678612.2912932,0.0
gas-q2500-m2000-r1.8-ua25-25-40,20260926-design-study-component-alternatives:c0072,completed,"[""gas_catalog""]",[],cooler_no_root,False,diagnostic_agreement_not_released,False,[],[],"[""component_alternatives__plant__gas_ledger__balance__a530b58ca455c8b8"", ""component_alternatives__plant__water_pre__evaluation_defined_ok__bc4741b386520ff5""]","[""water_pre""]",[],2500.0,2598.4236983110704,2000.0,1.8,"[25.0, 25.0, 40.0]",14.0,4.0,250.0,937.5789564279194,231.99035918320538,45.308945567890376,81.43932390738716,960.2748911376034,22.695934709684032,937.5789564279194,1660.8447418831506,0.0,4.547473508864641e-13,4.547473508864641e-13,3416541628.17324,2684142269.0865183,53682845.38173037,2832.210038746655,5500364.330206227,356935332.75198704,258223665.0278619,620659362.1100552,15.372451026882835,6981212.909562288,107318353.56048849,4862481439.907787,4862481439.907787,45.308945567890376,1.0,825236911.6143736,43538.01011847889,255.47063630837923,23.480277125173846,231.99035918320538,1934.9645442283218,0.0,431.46879489954335,431.46879489954335,1540673674.8191283,1540673674.8191283,30813473.496382564,0.0,0.0,0.0,148218076.03332967,148218076.03332967,15.372451026882835,1727400.2144781472,26554375.200892225,2162570363.143751,2162570363.143751,81.43932390738716,1.0,473678612.2912932,0.0
gas-q2500-m2000-r1.8-ua30-30-50,20260926-design-study-component-alternatives:c0073,completed,"[""gas_catalog""]",[],cooler_no_root,False,diagnostic_agreement_not_released,False,[],[],"[""component_alternatives__plant__gas_ledger__balance__a530b58ca455c8b8"", ""component_alternatives__plant__water_pre__evaluation_defined_ok__bc4741b386520ff5""]","[""water_pre""]",[],2500.0,2598.4236983110704,2000.0,1.8,"[30.0, 30.0, 50.0]",14.0,4.0,250.0,937.5789564279194,251.16384214097567,45.308945567890376,76.5309315246976,960.2748911376034,22.695934709684032,937.5789564279194,1660.8447418831506,0.0,4.547473508864641e-13,4.547473508864641e-13,3416541628.17324,2684142269.0865183,53682845.38173037,2832.210038746655,5500364.330206227,356935332.75198704,258223665.0278619,620659362.1100552,15.372451026882835,6981212.909562288,107318353.56048849,4862481439.907787,4862481439.907787,45.308945567890376,1.0,825236911.6143736,43538.01011847889,255.47063630837923,4.306794167403563,251.16384214097567,1915.7910612705514,0.0,431.46879489954335,431.46879489954335,1567475215.369684,1567475215.369684,31349504.30739368,0.0,0.0,0.0,150796475.88532883,150796475.88532883,15.372451026882835,1870165.9685817047,28749034.76416516,2200190410.9374747,2200190410.9374747,76.5309315246976,1.0,481918719.68246186,0.0
gas-q2500-m2000-r1.8-ua40-40-60,20260926-design-study-component-alternatives:c0074,completed,"[""gas_catalog""]",[],cooler_no_root,False,diagnostic_agreement_not_released,False,[],[],"[""component_alternatives__plant__gas_ledger__balance__a530b58ca455c8b8"", ""component_alternatives__plant__water_ic1__evaluation_defined_ok__49d1611637350e3c"", ""component_alternatives__plant__water_ic2__evaluation_defined_ok__06ab6aea3f7f761b"", ""component_alternatives__plant__water_pre__evaluation_defined_ok__bc4741b386520ff5""]","[""water_ic1"", ""water_ic2"", ""water_pre""]",[],2500.0,2598.4236983110704,2000.0,1.8,"[40.0, 40.0, 60.0]",14.0,4.0,250.0,937.5789564279194,255.3376299336896,45.308945567890376,76.56712255419218,960.2748911376034,22.695934709684032,937.5789564279194,1660.8447418831506,0.0,4.547473508864641e-13,4.547473508864641e-13,3416541628.17324,2684142269.0865183,53682845.38173037,2832.210038746655,5500364.330206227,356935332.75198704,258223665.0278619,620659362.1100552,15.372451026882835,6981212.909562288,107318353.56048849,4862481439.907787,4862481439.907787,45.308945567890376,1.0,825236911.6143736,43538.01011847889,255.47063630837923,0.13300637468960472,255.3376299336896,5.3466928299626675,0.0,2337.739375547418,2337.739375547418,1594276755.92024,1594276755.92024,31885535.1184048,0.0,0.0,0.0,153374875.737328,153374875.737328,15.372451026882835,1901243.9924862527,29226780.164650116,2237810458.7311983,2237810458.7311983,76.56712255419218,1.0,490158827.0736306,0.0
gas-q2500-m2250-r1.2-ua25-25-20,20260926-design-study-component-alternatives:c0075,completed,"[""gas_catalog""]",[],cooler_no_root,False,diagnostic_agreement_not_released,False,[],[],"[""component_alternatives__plant__gas_boundary__source_adequate_ok__dd6d7a3461399330"", ""component_alternatives__plant__gas_ledger__balance__a530b58ca455c8b8"", ""component_alternatives__plant__water_pre__evaluation_defined_ok__bc4741b386520ff5""]","[""water_pre""]",[],2500.0,2598.4236983110704,2250.0,1.2,"[25.0, 25.0, 20.0]",14.0,4.0,250.0,937.5789564279194,526.4662292320819,45.308945567890376,35.88670451373529,960.2748911376034,22.695934709684032,937.5789564279194,1660.8447418831506,0.0,4.547473508864641e-13,4.547473508864641e-13,3416541628.17324,2684142269.0865183,53682845.38173037,2832.210038746655,5500364.330206227,356935332.75198704,258223665.0278619,620659362.1100552,15.372451026882835,6981212.909562288,107318353.56048849,4862481439.907787,4862481439.907787,45.308945567890376,1.0,825236911.6143736,43538.01011847889,528.4116777872366,1.9454485551546954,526.4662292320819,624.8450361191942,608.6007015428713,1447.1124329597944,838.5117314169231,1540673674.8191283,1540673674.8191283,30813473.496382564,0.0,0.0,0.0,148218076.03332967,148218076.03332967,15.372451026882835,3920067.542862082,60261046.324720286,2162570363.143751,2162570363.143751,35.88670451373529,1.0,473678612.2912932,0.0
gas-q2500-m2250-r1.2-ua25-25-25,20260926-design-study-component-alternatives:c0076,completed,"[""gas_catalog""]",[],equipment_or_coupling_insufficient,False,diagnostic_agreement_not_released,False,[],[],"[""component_alternatives__plant__gas_boundary__source_adequate_ok__dd6d7a3461399330"", ""component_alternatives__plant__water_pre__flow_margin_ok__129a83656acb8a06""]",[],[],2500.0,2598.4236983110704,2250.0,1.2,"[25.0, 25.0, 25.0]",14.0,4.0,250.0,937.5789564279194,499.08240331905995,45.308945567890376,37.85574862841618,960.2748911376034,22.695934709684032,937.5789564279194,1660.8447418831506,0.0,4.547473508864641e-13,4.547473508864641e-13,3416541628.17324,2684142269.0865183,53682845.38173037,2832.210038746655,5500364.330206227,356935332.75198704,258223665.0278619,620659362.1100552,15.372451026882835,6981212.909562288,107318353.56048849,4862481439.907787,4862481439.907787,45.308945567890376,1.0,825236911.6143736,43538.01011847889,528.4116777872366,29.329274468176664,499.08240331905995,1490.7405934481178,608.6007015428713,608.6007015438925,1.0213625500909984e-09,1540673674.8191283,1540673674.8191283,30813473.496382564,0.0,0.0,0.0,148218076.03332967,148218076.03332967,15.372451026882835,3716167.5751137203,57126604.0561256,2162570363.143751,2162570363.143751,37.85574862841618,1.0,473678612.2912932,0.0
gas-q2500-m2250-r1.2-ua25-25-40,20260926-design-study-component-alternatives:c0077,completed,"[""gas_catalog""]",[],cooler_no_root,False,diagnostic_agreement_not_released,False,[],[],"[""component_alternatives__plant__gas_boundary__source_adequate_ok__dd6d7a3461399330"", ""component_alternatives__plant__gas_ledger__balance__a530b58ca455c8b8"", ""component_alternatives__plant__water_pre__evaluation_defined_ok__bc4741b386520ff5""]","[""water_pre""]",[],2500.0,2598.4236983110704,2250.0,1.2,"[25.0, 25.0, 40.0]",14.0,4.0,250.0,937.5789564279194,526.4662292320819,45.308945567890376,35.88670451373529,960.2748911376034,22.695934709684032,937.5789564279194,1660.8447418831506,0.0,4.547473508864641e-13,4.547473508864641e-13,3416541628.17324,2684142269.0865183,53682845.38173037,2832.210038746655,5500364.330206227,356935332.75198704,258223665.0278619,620659362.1100552,15.372451026882835,6981212.909562288,107318353.56048849,4862481439.907787,4862481439.907787,45.308945567890376,1.0,825236911.6143736,43538.01011847889,528.4116777872366,1.9454485551546954,526.4662292320819,624.8450361191942,608.6007015428713,1447.1124329597944,838.5117314169231,1540673674.8191283,1540673674.8191283,30813473.496382564,0.0,0.0,0.0,148218076.03332967,148218076.03332967,15.372451026882835,3920067.542862082,60261046.324720286,2162570363.143751,2162570363.143751,35.88670451373529,1.0,473678612.2912932,0.0
gas-q2500-m2250-r1.2-ua30-30-50,20260926-design-study-component-alternatives:c0078,completed,"[""gas_catalog""]",[],cooler_no_root,False,diagnostic_agreement_not_released,False,[],[],"[""component_alternatives__plant__gas_boundary__source_adequate_ok__dd6d7a3461399330"", ""component_alternatives__plant__gas_ledger__balance__a530b58ca455c8b8"", ""component_alternatives__plant__water_pre__evaluation_defined_ok__bc4741b386520ff5""]","[""water_pre""]",[],2500.0,2598.4236983110704,2250.0,1.2,"[30.0, 30.0, 50.0]",14.0,4.0,250.0,937.5789564279194,526.7715569934309,45.308945567890376,36.48982666049806,960.2748911376034,22.695934709684032,937.5789564279194,1660.8447418831506,0.0,4.547473508864641e-13,4.547473508864641e-13,3416541628.17324,2684142269.0865183,53682845.38173037,2832.210038746655,5500364.330206227,356935332.75198704,258223665.0278619,620659362.1100552,15.372451026882835,6981212.909562288,107318353.56048849,4862481439.907787,4862481439.907787,45.308945567890376,1.0,825236911.6143736,43538.01011847889,528.4116777872366,1.640120793805716,526.7715569934309,624.5397083578453,608.6007015428713,1447.1124329597944,838.5117314169231,1567475215.369684,1567475215.369684,31349504.30739368,0.0,0.0,0.0,150796475.88532883,150796475.88532883,15.372451026882835,3922341.013373086,60295995.13881176,2200190410.9374747,2200190410.9374747,36.48982666049806,1.0,481918719.68246186,0.0
gas-q2500-m2250-r1.2-ua40-40-60,20260926-design-study-component-alternatives:c0079,completed,"[""gas_catalog""]",[],cooler_no_root,False,diagnostic_agreement_not_released,False,[],[],"[""component_alternatives__plant__gas_boundary__source_adequate_ok__dd6d7a3461399330"", ""component_alternatives__plant__gas_ledger__balance__a530b58ca455c8b8"", ""component_alternatives__plant__water_pre__evaluation_defined_ok__bc4741b386520ff5""]","[""water_pre""]",[],2500.0,2598.4236983110704,2250.0,1.2,"[40.0, 40.0, 60.0]",14.0,4.0,250.0,937.5789564279194,530.6883701374882,45.308945567890376,36.83982673063806,960.2748911376034,22.695934709684032,937.5789564279194,1660.8447418831506,0.0,4.547473508864641e-13,4.547473508864641e-13,3416541628.17324,2684142269.0865183,53682845.38173037,2832.210038746655,5500364.330206227,356935332.75198704,258223665.0278619,620659362.1100552,15.372451026882835,6981212.909562288,107318353.56048849,4862481439.907787,4862481439.907787,45.308945567890376,1.0,825236911.6143736,43538.01011847889,532.0999737216226,1.4116035841344814,530.6883701374882,624.3864624937736,718.6258589497643,1443.3488656798086,724.7230067300444,1594276755.92024,1594276755.92024,31885535.1184048,0.0,0.0,0.0,153374875.737328,153374875.737328,15.372451026882835,3951505.604043737,60744326.38061543,2237810458.7311983,2237810458.7311983,36.83982673063806,1.0,490158827.0736306,0.0
gas-q2500-m2250-r1.35-ua25-25-20,20260926-design-study-component-alternatives:c0080,completed,"[""gas_catalog""]",[],cooler_no_root,False,diagnostic_agreement_not_released,False,[],[],"[""component_alternatives__plant__gas_ledger__balance__a530b58ca455c8b8"", ""component_alternatives__plant__water_pre__evaluation_defined_ok__bc4741b386520ff5""]","[""water_pre""]",[],2500.0,2598.4236983110704,2250.0,1.35,"[25.0, 25.0, 20.0]",14.0,4.0,250.0,937.5789564279194,700.1780488192102,45.308945567890376,26.98333379170312,960.2748911376034,22.695934709684032,937.5789564279194,1660.8447418831506,0.0,4.547473508864641e-13,4.547473508864641e-13,3416541628.17324,2684142269.0865183,53682845.38173037,2832.210038746655,5500364.330206227,356935332.75198704,258223665.0278619,620659362.1100552,15.372451026882835,6981212.909562288,107318353.56048849,4862481439.907787,4862481439.907787,45.308945567890376,1.0,825236911.6143736,43538.01011847889,704.1277452961507,3.9496964769405394,700.1780488192102,1050.280248061277,0.0,847.9654014305831,847.9654014305831,1540673674.8191283,1540673674.8191283,30813473.496382564,0.0,0.0,0.0,148218076.03332967,148218076.03332967,15.372451026882835,5213525.751507839,80144669.29244679,2162570363.143751,2162570363.143751,26.98333379170312,1.0,473678612.2912932,0.0
gas-q2500-m2250-r1.35-ua25-25-25,20260926-design-study-component-alternatives:c0081,completed,"[""gas_catalog""]",[],equipment_or_coupling_insufficient,False,diagnostic_agreement_not_released,False,[],[],"[""component_alternatives__plant__water_pre__flow_margin_ok__129a83656acb8a06"", ""component_alternatives__plant__water_pre__power_margin_ok__d793d504da406d97""]",[],[],2500.0,2598.4236983110704,2250.0,1.35,"[25.0, 25.0, 25.0]",14.0,4.0,250.0,937.5789564279194,661.0466366549244,45.308945567890376,28.580643115463932,960.2748911376034,22.695934709684032,937.5789564279194,1660.8447418831506,0.0,4.547473508864641e-13,4.547473508864641e-13,3416541628.17324,2684142269.0865183,53682845.38173037,2832.210038746655,5500364.330206227,356935332.75198704,258223665.0278619,620659362.1100552,15.372451026882835,6981212.909562288,107318353.56048849,4862481439.907787,4862481439.907787,45.308945567890376,1.0,825236911.6143736,43538.01011847889,704.1277452961507,43.08110864122622,661.0466366549244,1937.3770616600875,0.0,-3.941522663808428e-09,-3.941522663808428e-09,1540673674.8191283,1540673674.8191283,30813473.496382564,0.0,0.0,0.0,148218076.03332967,148218076.03332967,15.372451026882835,4922153.256532568,75665559.88285875,2162570363.143751,2162570363.143751,28.580643115463932,1.0,473678612.2912932,0.0
gas-q2500-m2250-r1.35-ua25-25-40,20260926-design-study-component-alternatives:c0082,completed,"[""gas_catalog""]",[],cooler_no_root,False,diagnostic_agreement_not_released,False,[],[],"[""component_alternatives__plant__gas_ledger__balance__a530b58ca455c8b8"", ""component_alternatives__plant__water_pre__evaluation_defined_ok__bc4741b386520ff5""]","[""water_pre""]",[],2500.0,2598.4236983110704,2250.0,1.35,"[25.0, 25.0, 40.0]",14.0,4.0,250.0,937.5789564279194,700.1780488192102,45.308945567890376,26.98333379170312,960.2748911376034,22.695934709684032,937.5789564279194,1660.8447418831506,0.0,4.547473508864641e-13,4.547473508864641e-13,3416541628.17324,2684142269.0865183,53682845.38173037,2832.210038746655,5500364.330206227,356935332.75198704,258223665.0278619,620659362.1100552,15.372451026882835,6981212.909562288,107318353.56048849,4862481439.907787,4862481439.907787,45.308945567890376,1.0,825236911.6143736,43538.01011847889,704.1277452961507,3.9496964769405394,700.1780488192102,1050.280248061277,0.0,847.9654014305831,847.9654014305831,1540673674.8191283,1540673674.8191283,30813473.496382564,0.0,0.0,0.0,148218076.03332967,148218076.03332967,15.372451026882835,5213525.751507839,80144669.29244679,2162570363.143751,2162570363.143751,26.98333379170312,1.0,473678612.2912932,0.0
gas-q2500-m2250-r1.35-ua30-30-50,20260926-design-study-component-alternatives:c0083,completed,"[""gas_catalog""]",[],cooler_no_root,False,diagnostic_agreement_not_released,False,[],[],"[""component_alternatives__plant__gas_ledger__balance__a530b58ca455c8b8"", ""component_alternatives__plant__water_pre__evaluation_defined_ok__bc4741b386520ff5""]","[""water_pre""]",[],2500.0,2598.4236983110704,2250.0,1.35,"[30.0, 30.0, 50.0]",14.0,4.0,250.0,937.5789564279194,701.5563499309392,45.308945567890376,27.39880097480858,960.2748911376034,22.695934709684032,937.5789564279194,1660.8447418831506,0.0,4.547473508864641e-13,4.547473508864641e-13,3416541628.17324,2684142269.0865183,53682845.38173037,2832.210038746655,5500364.330206227,356935332.75198704,258223665.0278619,620659362.1100552,15.372451026882835,6981212.909562288,107318353.56048849,4862481439.907787,4862481439.907787,45.308945567890376,1.0,825236911.6143736,43538.01011847889,704.1277452961507,2.5713953652115156,701.5563499309392,1048.901946949548,0.0,847.9654014305834,847.9654014305834,1567475215.369684,1567475215.369684,31349504.30739368,0.0,0.0,0.0,150796475.88532883,150796475.88532883,15.372451026882835,5223788.581585773,80302434.14521705,2200190410.9374747,2200190410.9374747,27.39880097480858,1.0,481918719.68246186,0.0
gas-q2500-m2250-r1.35-ua40-40-60,20260926-design-study-component-alternatives:c0084,completed,"[""gas_catalog""]",[],cooler_no_root,False,diagnostic_agreement_not_released,False,[],[],"[""component_alternatives__plant__gas_boundary__source_adequate_ok__dd6d7a3461399330"", ""component_alternatives__plant__gas_ledger__balance__a530b58ca455c8b8"", ""component_alternatives__plant__water_ic1__evaluation_defined_ok__49d1611637350e3c"", ""component_alternatives__plant__water_ic2__evaluation_defined_ok__06ab6aea3f7f761b"", ""component_alternatives__plant__water_pre__evaluation_defined_ok__bc4741b386520ff5""]","[""water_ic1"", ""water_ic2"", ""water_pre""]",[],2500.0,2598.4236983110704,2250.0,1.35,"[40.0, 40.0, 60.0]",14.0,4.0,250.0,937.5789564279194,729.074249344786,45.308945567890376,26.815468549876304,960.2748911376034,22.695934709684032,937.5789564279194,1660.8447418831506,0.0,4.547473508864641e-13,4.547473508864641e-13,3416541628.17324,2684142269.0865183,53682845.38173037,2832.210038746655,5500364.330206227,356935332.75198704,258223665.0278619,620659362.1100552,15.372451026882835,6981212.909562288,107318353.56048849,4862481439.907787,4862481439.907787,45.308945567890376,1.0,825236911.6143736,43538.01011847889,729.2673174491936,0.19306810440747907,729.074249344786,15.076074582962468,37.890981655370524,1854.2733743833219,1816.3823927279514,1594276755.92024,1594276755.92024,31885535.1184048,0.0,0.0,0.0,153374875.737328,153374875.737328,15.372451026882835,5428686.860621276,83452222.9051829,2237810458.7311983,2237810458.7311983,26.815468549876304,1.0,490158827.0736306,0.0
gas-q2500-m2250-r1.5-ua25-25-20,20260926-design-study-component-alternatives:c0085,completed,"[""gas_catalog""]",[],cooler_no_root,False,diagnostic_agreement_not_released,False,[],[],"[""component_alternatives__plant__gas_ledger__balance__a530b58ca455c8b8"", ""component_alternatives__plant__water_pre__evaluation_defined_ok__bc4741b386520ff5""]","[""water_pre""]",[],2500.0,2598.4236983110704,2250.0,1.5,"[25.0, 25.0, 20.0]",14.0,4.0,250.0,937.5789564279194,373.14228745905046,45.308945567890376,50.63252984154344,960.2748911376034,22.695934709684032,937.5789564279194,1660.8447418831506,0.0,4.547473508864641e-13,4.547473508864641e-13,3416541628.17324,2684142269.0865183,53682845.38173037,2832.210038746655,5500364.330206227,356935332.75198704,258223665.0278619,620659362.1100552,15.372451026882835,6981212.909562288,107318353.56048849,4862481439.907787,4862481439.907787,45.308945567890376,1.0,825236911.6143736,43538.01011847889,383.38153034975943,10.239242890708978,373.14228745905046,1442.7213533493418,0.0,782.5600575026783,782.5600575026783,1540673674.8191283,1540673674.8191283,30813473.496382564,0.0,0.0,0.0,148218076.03332967,148218076.03332967,15.372451026882835,2778417.47242009,42711086.52701342,2162570363.143751,2162570363.143751,50.63252984154344,1.0,473678612.2912932,0.0
gas-q2500-m2250-r1.5-ua25-25-25,20260926-design-study-component-alternatives:c0086,completed,"[""gas_catalog""]",[],pass,True,diagnostic_agreement_not_released,False,[],[],[],[],[],2500.0,2598.4236983110704,2250.0,1.5,"[25.0, 25.0, 25.0]",14.0,4.0,250.0,937.5789564279194,363.5700345890984,45.308945567890376,51.96560829405236,960.2748911376034,22.695934709684032,937.5789564279194,1660.8447418831506,0.0,4.547473508864641e-13,4.547473508864641e-13,3416541628.17324,2684142269.0865183,53682845.38173037,2832.210038746655,5500364.330206227,356935332.75198704,258223665.0278619,620659362.1100552,15.372451026882835,6981212.909562288,107318353.56048849,4862481439.907787,4862481439.907787,45.308945567890376,1.0,825236911.6143736,43538.01011847889,383.38153034975943,19.811495760661053,363.5700345890984,2234.853663718864,0.0,3.1081981433089823e-09,3.1081981433089823e-09,1540673674.8191283,1540673674.8191283,30813473.496382564,0.0,0.0,0.0,148218076.03332967,148218076.03332967,15.372451026882835,2707142.4775504265,41615415.1589382,2162570363.143751,2162570363.143751,51.96560829405236,1.0,473678612.2912932,0.0
gas-q2500-m2250-r1.5-ua25-25-40,20260926-design-study-component-alternatives:c0087,completed,"[""gas_catalog""]",[],cooler_no_root,False,diagnostic_agreement_not_released,False,[],[],"[""component_alternatives__plant__gas_ledger__balance__a530b58ca455c8b8"", ""component_alternatives__plant__water_pre__evaluation_defined_ok__bc4741b386520ff5""]","[""water_pre""]",[],2500.0,2598.4236983110704,2250.0,1.5,"[25.0, 25.0, 40.0]",14.0,4.0,250.0,937.5789564279194,373.14228745905046,45.308945567890376,50.63252984154344,960.2748911376034,22.695934709684032,937.5789564279194,1660.8447418831506,0.0,4.547473508864641e-13,4.547473508864641e-13,3416541628.17324,2684142269.0865183,53682845.38173037,2832.210038746655,5500364.330206227,356935332.75198704,258223665.0278619,620659362.1100552,15.372451026882835,6981212.909562288,107318353.56048849,4862481439.907787,4862481439.907787,45.308945567890376,1.0,825236911.6143736,43538.01011847889,383.38153034975943,10.239242890708978,373.14228745905046,1442.7213533493418,0.0,782.5600575026783,782.5600575026783,1540673674.8191283,1540673674.8191283,30813473.496382564,0.0,0.0,0.0,148218076.03332967,148218076.03332967,15.372451026882835,2778417.47242009,42711086.52701342,2162570363.143751,2162570363.143751,50.63252984154344,1.0,473678612.2912932,0.0
gas-q2500-m2250-r1.5-ua30-30-50,20260926-design-study-component-alternatives:c0088,completed,"[""gas_catalog""]",[],cooler_no_root,False,diagnostic_agreement_not_released,False,[],[],"[""component_alternatives__plant__gas_ledger__balance__a530b58ca455c8b8"", ""component_alternatives__plant__water_pre__evaluation_defined_ok__bc4741b386520ff5""]","[""water_pre""]",[],2500.0,2598.4236983110704,2250.0,1.5,"[30.0, 30.0, 50.0]",14.0,4.0,250.0,937.5789564279194,379.6050751540856,45.308945567890376,50.636316694576955,960.2748911376034,22.695934709684032,937.5789564279194,1660.8447418831506,0.0,4.547473508864641e-13,4.547473508864641e-13,3416541628.17324,2684142269.0865183,53682845.38173037,2832.210038746655,5500364.330206227,356935332.75198704,258223665.0278619,620659362.1100552,15.372451026882835,6981212.909562288,107318353.56048849,4862481439.907787,4862481439.907787,45.308945567890376,1.0,825236911.6143736,43538.01011847889,383.38153034975943,3.7764551956738264,379.6050751540856,1436.2585656543067,0.0,782.5600575026781,782.5600575026781,1567475215.369684,1567475215.369684,31349504.30739368,0.0,0.0,0.0,150796475.88532883,150796475.88532883,15.372451026882835,2826539.3895973214,43450838.34214012,2200190410.9374747,2200190410.9374747,50.636316694576955,1.0,481918719.68246186,0.0
gas-q2500-m2250-r1.5-ua40-40-60,20260926-design-study-component-alternatives:c0089,completed,"[""gas_catalog""]",[],cooler_no_root,False,diagnostic_agreement_not_released,False,[],[],"[""component_alternatives__plant__gas_ledger__balance__a530b58ca455c8b8"", ""component_alternatives__plant__water_ic1__evaluation_defined_ok__49d1611637350e3c"", ""component_alternatives__plant__water_ic2__evaluation_defined_ok__06ab6aea3f7f761b"", ""component_alternatives__plant__water_pre__evaluation_defined_ok__bc4741b386520ff5""]","[""water_ic1"", ""water_ic2"", ""water_pre""]",[],2500.0,2598.4236983110704,2250.0,1.5,"[40.0, 40.0, 60.0]",14.0,4.0,250.0,937.5789564279194,395.3472846360957,45.308945567890376,49.45137696297915,960.2748911376034,22.695934709684032,937.5789564279194,1660.8447418831506,0.0,4.547473508864641e-13,4.547473508864641e-13,3416541628.17324,2684142269.0865183,53682845.38173037,2832.210038746655,5500364.330206227,356935332.75198704,258223665.0278619,620659362.1100552,15.372451026882835,6981212.909562288,107318353.56048849,4862481439.907787,4862481439.907787,45.308945567890376,1.0,825236911.6143736,43538.01011847889,395.4980418488968,0.1507572128010479,395.3472846360957,8.222145821962195,0.0,2194.8542678530125,2194.8542678530125,1594276755.92024,1594276755.92024,31885535.1184048,0.0,0.0,0.0,153374875.737328,153374875.737328,15.372451026882835,2943755.8814003686,45252743.12192548,2237810458.7311983,2237810458.7311983,49.45137696297915,1.0,490158827.0736306,0.0
gas-q2500-m2250-r1.65-ua25-25-20,20260926-design-study-component-alternatives:c0090,completed,"[""gas_catalog""]",[],cooler_no_root,False,diagnostic_agreement_not_released,False,[],[],"[""component_alternatives__plant__gas_ledger__balance__a530b58ca455c8b8"", ""component_alternatives__plant__water_ic1__evaluation_defined_ok__49d1611637350e3c"", ""component_alternatives__plant__water_ic2__evaluation_defined_ok__06ab6aea3f7f761b"", ""component_alternatives__plant__water_pre__evaluation_defined_ok__bc4741b386520ff5""]","[""water_ic1"", ""water_ic2"", ""water_pre""]",[],2500.0,2598.4236983110704,2250.0,1.65,"[25.0, 25.0, 20.0]",14.0,4.0,250.0,937.5789564279194,217.46001355161638,45.308945567890376,86.88097501855289,960.2748911376034,22.695934709684032,937.5789564279194,1660.8447418831506,0.0,4.547473508864641e-13,4.547473508864641e-13,3416541628.17324,2684142269.0865183,53682845.38173037,2832.210038746655,5500364.330206227,356935332.75198704,258223665.0278619,620659362.1100552,15.372451026882835,6981212.909562288,107318353.56048849,4862481439.907787,4862481439.907787,45.308945567890376,1.0,825236911.6143736,43538.01011847889,217.5882176900754,0.12820413845900572,217.46001355161638,4.568780009685036,0.0,2376.394904749769,2376.394904749769,1540673674.8191283,1540673674.8191283,30813473.496382564,0.0,0.0,0.0,148218076.03332967,148218076.03332967,15.372451026882835,1619207.2609053354,24891184.320640367,2162570363.143751,2162570363.143751,86.88097501855289,1.0,473678612.2912932,0.0
gas-q2500-m2250-r1.65-ua25-25-25,20260926-design-study-component-alternatives:c0091,completed,"[""gas_catalog""]",[],cooler_no_root,False,diagnostic_agreement_not_released,False,[],[],"[""component_alternatives__plant__gas_ledger__balance__a530b58ca455c8b8"", ""component_alternatives__plant__water_ic1__evaluation_defined_ok__49d1611637350e3c"", ""component_alternatives__plant__water_ic2__evaluation_defined_ok__06ab6aea3f7f761b""]","[""water_ic1"", ""water_ic2""]",[],2500.0,2598.4236983110704,2250.0,1.65,"[25.0, 25.0, 25.0]",14.0,4.0,250.0,937.5789564279194,214.99099672003942,45.308945567890376,87.87874047355918,960.2748911376034,22.695934709684032,937.5789564279194,1660.8447418831506,0.0,4.547473508864641e-13,4.547473508864641e-13,3416541628.17324,2684142269.0865183,53682845.38173037,2832.210038746655,5500364.330206227,356935332.75198704,258223665.0278619,620659362.1100552,15.372451026882835,6981212.909562288,107318353.56048849,4862481439.907787,4862481439.907787,45.308945567890376,1.0,825236911.6143736,43538.01011847889,217.5882176900754,2.5972209700359707,214.99099672003942,588.9945293106084,0.0,1794.4381722804228,1794.4381722804228,1540673674.8191283,1540673674.8191283,30813473.496382564,0.0,0.0,0.0,148218076.03332967,148218076.03332967,15.372451026882835,1600822.9615774134,24608572.57955833,2162570363.143751,2162570363.143751,87.87874047355918,1.0,473678612.2912932,0.0
gas-q2500-m2250-r1.65-ua25-25-40,20260926-design-study-component-alternatives:c0092,completed,"[""gas_catalog""]",[],cooler_no_root,False,diagnostic_agreement_not_released,False,[],[],"[""component_alternatives__plant__gas_ledger__balance__a530b58ca455c8b8"", ""component_alternatives__plant__water_ic1__evaluation_defined_ok__49d1611637350e3c"", ""component_alternatives__plant__water_ic2__evaluation_defined_ok__06ab6aea3f7f761b"", ""component_alternatives__plant__water_pre__evaluation_defined_ok__bc4741b386520ff5""]","[""water_ic1"", ""water_ic2"", ""water_pre""]",[],2500.0,2598.4236983110704,2250.0,1.65,"[25.0, 25.0, 40.0]",14.0,4.0,250.0,937.5789564279194,217.46001355161638,45.308945567890376,86.88097501855289,960.2748911376034,22.695934709684032,937.5789564279194,1660.8447418831506,0.0,4.547473508864641e-13,4.547473508864641e-13,3416541628.17324,2684142269.0865183,53682845.38173037,2832.210038746655,5500364.330206227,356935332.75198704,258223665.0278619,620659362.1100552,15.372451026882835,6981212.909562288,107318353.56048849,4862481439.907787,4862481439.907787,45.308945567890376,1.0,825236911.6143736,43538.01011847889,217.5882176900754,0.12820413845900572,217.46001355161638,4.568780009685036,0.0,2376.394904749769,2376.394904749769,1540673674.8191283,1540673674.8191283,30813473.496382564,0.0,0.0,0.0,148218076.03332967,148218076.03332967,15.372451026882835,1619207.2609053354,24891184.320640367,2162570363.143751,2162570363.143751,86.88097501855289,1.0,473678612.2912932,0.0
gas-q2500-m2250-r1.65-ua30-30-50,20260926-design-study-component-alternatives:c0093,completed,"[""gas_catalog""]",[],cooler_no_root,False,diagnostic_agreement_not_released,False,[],[],"[""component_alternatives__plant__gas_ledger__balance__a530b58ca455c8b8"", ""component_alternatives__plant__water_pre__evaluation_defined_ok__bc4741b386520ff5""]","[""water_pre""]",[],2500.0,2598.4236983110704,2250.0,1.65,"[30.0, 30.0, 50.0]",14.0,4.0,250.0,937.5789564279194,211.83961482187777,45.308945567890376,90.73752716428103,960.2748911376034,22.695934709684032,937.5789564279194,1660.8447418831506,0.0,4.547473508864641e-13,4.547473508864641e-13,3416541628.17324,2684142269.0865183,53682845.38173037,2832.210038746655,5500364.330206227,356935332.75198704,258223665.0278619,620659362.1100552,15.372451026882835,6981212.909562288,107318353.56048849,4862481439.907787,4862481439.907787,45.308945567890376,1.0,825236911.6143736,43538.01011847889,217.5882176900754,5.748602868197626,211.83961482187777,1804.6273510127633,0.0,581.9567324764296,581.9567324764296,1567475215.369684,1567475215.369684,31349504.30739368,0.0,0.0,0.0,150796475.88532883,150796475.88532883,15.372451026882835,1577357.7719637018,24247855.10138503,2200190410.9374747,2200190410.9374747,90.73752716428103,1.0,481918719.68246186,0.0
gas-q2500-m2250-r1.65-ua40-40-60,20260926-design-study-component-alternatives:c0094,completed,"[""gas_catalog""]",[],cooler_no_root,False,diagnostic_agreement_not_released,False,[],[],"[""component_alternatives__plant__gas_ledger__balance__a530b58ca455c8b8"", ""component_alternatives__plant__water_ic1__evaluation_defined_ok__49d1611637350e3c"", ""component_alternatives__plant__water_ic2__evaluation_defined_ok__06ab6aea3f7f761b"", ""component_alternatives__plant__water_pre__evaluation_defined_ok__bc4741b386520ff5""]","[""water_ic1"", ""water_ic2"", ""water_pre""]",[],2500.0,2598.4236983110704,2250.0,1.65,"[40.0, 40.0, 60.0]",14.0,4.0,250.0,937.5789564279194,217.46001355161638,45.308945567890376,89.90373579273817,960.2748911376034,22.695934709684032,937.5789564279194,1660.8447418831506,0.0,4.547473508864641e-13,4.547473508864641e-13,3416541628.17324,2684142269.0865183,53682845.38173037,2832.210038746655,5500364.330206227,356935332.75198704,258223665.0278619,620659362.1100552,15.372451026882835,6981212.909562288,107318353.56048849,4862481439.907787,4862481439.907787,45.308945567890376,1.0,825236911.6143736,43538.01011847889,217.5882176900754,0.12820413845900572,217.46001355161638,4.568780009685036,0.0,2376.394904749769,2376.394904749769,1594276755.92024,1594276755.92024,31885535.1184048,0.0,0.0,0.0,153374875.737328,153374875.737328,15.372451026882835,1619207.2609053354,24891184.320640367,2237810458.7311983,2237810458.7311983,89.90373579273817,1.0,490158827.0736306,0.0
gas-q2500-m2250-r1.8-ua25-25-20,20260926-design-study-component-alternatives:c0095,completed,"[""gas_catalog""]",[],cooler_no_root,False,diagnostic_agreement_not_released,False,[],[],"[""component_alternatives__plant__compressor_capacity__capacity_ok__e8c94ef170d28993"", ""component_alternatives__plant__gas_ledger__balance__a530b58ca455c8b8"", ""component_alternatives__plant__water_ic1__evaluation_defined_ok__49d1611637350e3c"", ""component_alternatives__plant__water_ic2__evaluation_defined_ok__06ab6aea3f7f761b""]","[""water_ic1"", ""water_ic2""]",[],2500.0,2598.4236983110704,2250.0,1.8,"[25.0, 25.0, 20.0]",14.0,4.0,250.0,937.5789564279194,138.78796197213964,45.308945567890376,136.12951538768738,960.2748911376034,22.695934709684032,937.5789564279194,1660.8447418831506,0.0,4.547473508864641e-13,4.547473508864641e-13,3416541628.17324,2684142269.0865183,53682845.38173037,2832.210038746655,5500364.330206227,356935332.75198704,258223665.0278619,620659362.1100552,15.372451026882835,6981212.909562288,107318353.56048849,4862481439.907787,4862481439.907787,45.308945567890376,1.0,825236911.6143736,43538.01011847889,140.31537702799645,1.5274150558567965,138.78796197213964,315.08133310491945,0.0,2144.5544032340113,2144.5544032340113,1540673674.8191283,1540673674.8191283,30813473.496382564,0.0,0.0,0.0,148218076.03332967,148218076.03332967,15.372451026882835,1033415.1648445517,15886124.012010923,2162570363.143751,2162570363.143751,136.12951538768738,1.0,473678612.2912932,0.0
gas-q2500-m2250-r1.8-ua25-25-25,20260926-design-study-component-alternatives:c0096,completed,"[""gas_catalog""]",[],cooler_no_root,False,diagnostic_agreement_not_released,False,[],[],"[""component_alternatives__plant__compressor_capacity__capacity_ok__e8c94ef170d28993"", ""component_alternatives__plant__gas_ledger__balance__a530b58ca455c8b8"", ""component_alternatives__plant__water_ic1__evaluation_defined_ok__49d1611637350e3c"", ""component_alternatives__plant__water_ic2__evaluation_defined_ok__06ab6aea3f7f761b""]","[""water_ic1"", ""water_ic2""]",[],2500.0,2598.4236983110704,2250.0,1.8,"[25.0, 25.0, 25.0]",14.0,4.0,250.0,937.5789564279194,139.29342644161633,45.308945567890376,135.63553203877177,960.2748911376034,22.695934709684032,937.5789564279194,1660.8447418831506,0.0,4.547473508864641e-13,4.547473508864641e-13,3416541628.17324,2684142269.0865183,53682845.38173037,2832.210038746655,5500364.330206227,356935332.75198704,258223665.0278619,620659362.1100552,15.372451026882835,6981212.909562288,107318353.56048849,4862481439.907787,4862481439.907787,45.308945567890376,1.0,825236911.6143736,43538.01011847889,140.31537702799645,1.0219505863801168,139.29342644161633,314.57586863544276,0.0,2144.5544032340113,2144.5544032340113,1540673674.8191283,1540673674.8191283,30813473.496382564,0.0,0.0,0.0,148218076.03332967,148218076.03332967,15.372451026882835,1037178.8532842753,15943981.128231019,2162570363.143751,2162570363.143751,135.63553203877177,1.0,473678612.2912932,0.0
gas-q2500-m2250-r1.8-ua25-25-40,20260926-design-study-component-alternatives:c0097,completed,"[""gas_catalog""]",[],cooler_no_root,False,diagnostic_agreement_not_released,False,[],[],"[""component_alternatives__plant__compressor_capacity__capacity_ok__e8c94ef170d28993"", ""component_alternatives__plant__gas_ledger__balance__a530b58ca455c8b8"", ""component_alternatives__plant__water_ic1__evaluation_defined_ok__49d1611637350e3c"", ""component_alternatives__plant__water_ic2__evaluation_defined_ok__06ab6aea3f7f761b""]","[""water_ic1"", ""water_ic2""]",[],2500.0,2598.4236983110704,2250.0,1.8,"[25.0, 25.0, 40.0]",14.0,4.0,250.0,937.5789564279194,139.57000259985486,45.308945567890376,135.36675254695308,960.2748911376034,22.695934709684032,937.5789564279194,1660.8447418831506,0.0,4.547473508864641e-13,4.547473508864641e-13,3416541628.17324,2684142269.0865183,53682845.38173037,2832.210038746655,5500364.330206227,356935332.75198704,258223665.0278619,620659362.1100552,15.372451026882835,6981212.909562288,107318353.56048849,4862481439.907787,4862481439.907787,45.308945567890376,1.0,825236911.6143736,43538.01011847889,140.31537702799645,0.7453744281415874,139.57000259985486,314.29929247720423,0.0,2144.5544032340113,2144.5544032340113,1540673674.8191283,1540673674.8191283,30813473.496382564,0.0,0.0,0.0,148218076.03332967,148218076.03332967,15.372451026882835,1039238.2393585193,15975638.93980278,2162570363.143751,2162570363.143751,135.36675254695308,1.0,473678612.2912932,0.0
gas-q2500-m2250-r1.8-ua30-30-50,20260926-design-study-component-alternatives:c0098,completed,"[""gas_catalog""]",[],equipment_or_coupling_insufficient,False,diagnostic_agreement_not_released,False,[],[],"[""component_alternatives__plant__compressor_capacity__capacity_ok__e8c94ef170d28993""]",[],[],2500.0,2598.4236983110704,2250.0,1.8,"[30.0, 30.0, 50.0]",14.0,4.0,250.0,937.5789564279194,130.08744094516766,45.308945567890376,147.760634421835,960.2748911376034,22.695934709684032,937.5789564279194,1660.8447418831506,0.0,4.547473508864641e-13,4.547473508864641e-13,3416541628.17324,2684142269.0865183,53682845.38173037,2832.210038746655,5500364.330206227,356935332.75198704,258223665.0278619,620659362.1100552,15.372451026882835,6981212.909562288,107318353.56048849,4862481439.907787,4862481439.907787,45.308945567890376,1.0,825236911.6143736,43538.01011847889,140.31537702799645,10.227936082828778,130.08744094516766,2468.3362573607506,0.0,5.1522874855436385e-09,5.1522874855436385e-09,1567475215.369684,1567475215.369684,31349504.30739368,0.0,0.0,0.0,150796475.88532883,150796475.88532883,15.372451026882835,968631.0852777183,14890233.921548095,2200190410.9374747,2200190410.9374747,147.760634421835,1.0,481918719.68246186,0.0
gas-q2500-m2250-r1.8-ua40-40-60,20260926-design-study-component-alternatives:c0099,completed,"[""gas_catalog""]",[],cooler_no_root,False,diagnostic_agreement_not_released,False,[],[],"[""component_alternatives__plant__compressor_capacity__capacity_ok__e8c94ef170d28993"", ""component_alternatives__plant__gas_ledger__balance__a530b58ca455c8b8"", ""component_alternatives__plant__water_ic1__evaluation_defined_ok__49d1611637350e3c"", ""component_alternatives__plant__water_ic2__evaluation_defined_ok__06ab6aea3f7f761b""]","[""water_ic1"", ""water_ic2""]",[],2500.0,2598.4236983110704,2250.0,1.8,"[40.0, 40.0, 60.0]",14.0,4.0,250.0,937.5789564279194,139.63745582563277,45.308945567890376,140.00876403994872,960.2748911376034,22.695934709684032,937.5789564279194,1660.8447418831506,0.0,4.547473508864641e-13,4.547473508864641e-13,3416541628.17324,2684142269.0865183,53682845.38173037,2832.210038746655,5500364.330206227,356935332.75198704,258223665.0278619,620659362.1100552,15.372451026882835,6981212.909562288,107318353.56048849,4862481439.907787,4862481439.907787,45.308945567890376,1.0,825236911.6143736,43538.01011847889,140.31537702799645,0.6779212023636657,139.63745582563277,314.2318392514263,0.0,2144.5544032340113,2144.5544032340113,1594276755.92024,1594276755.92024,31885535.1184048,0.0,0.0,0.0,153374875.737328,153374875.737328,15.372451026882835,1039740.4960776616,15983359.856620718,2237810458.7311983,2237810458.7311983,140.00876403994872,1.0,490158827.0736306,0.0
gas-q2500-m2500-r1.2-ua25-25-20,20260926-design-study-component-alternatives:c0100,completed,"[""gas_catalog""]",[],cooler_no_root,False,diagnostic_agreement_not_released,False,[],[],"[""component_alternatives__plant__gas_boundary__source_adequate_ok__dd6d7a3461399330"", ""component_alternatives__plant__gas_ledger__balance__a530b58ca455c8b8"", ""component_alternatives__plant__water_pre__evaluation_defined_ok__bc4741b386520ff5""]","[""water_pre""]",[],2500.0,2598.4236983110704,2500.0,1.2,"[25.0, 25.0, 20.0]",14.0,4.0,250.0,937.5789564279194,556.4987730561998,45.308945567890376,33.95000837316162,960.2748911376034,22.695934709684032,937.5789564279194,1660.8447418831506,0.0,4.547473508864641e-13,4.547473508864641e-13,3416541628.17324,2684142269.0865183,53682845.38173037,2832.210038746655,5500364.330206227,356935332.75198704,258223665.0278619,620659362.1100552,15.372451026882835,6981212.909562288,107318353.56048849,4862481439.907787,4862481439.907787,45.308945567890376,1.0,825236911.6143736,43538.01011847889,558.9950929770117,2.496319920812024,556.4987730561998,694.032911678862,387.3017202868409,1347.8920135760086,960.5902932891678,1540673674.8191283,1540673674.8191283,30813473.496382564,0.0,0.0,0.0,148218076.03332967,148218076.03332967,15.372451026882835,4143689.864176464,63698669.507643476,2162570363.143751,2162570363.143751,33.95000837316162,1.0,473678612.2912932,0.0
gas-q2500-m2500-r1.2-ua25-25-25,20260926-design-study-component-alternatives:c0101,completed,"[""gas_catalog""]",[],cooler_no_root,False,diagnostic_agreement_not_released,False,[],[],"[""component_alternatives__plant__gas_boundary__source_adequate_ok__dd6d7a3461399330"", ""component_alternatives__plant__gas_ledger__balance__a530b58ca455c8b8"", ""component_alternatives__plant__water_pre__evaluation_defined_ok__bc4741b386520ff5""]","[""water_pre""]",[],2500.0,2598.4236983110704,2500.0,1.2,"[25.0, 25.0, 25.0]",14.0,4.0,250.0,937.5789564279194,556.4987730561998,45.308945567890376,33.95000837316162,960.2748911376034,22.695934709684032,937.5789564279194,1660.8447418831506,0.0,4.547473508864641e-13,4.547473508864641e-13,3416541628.17324,2684142269.0865183,53682845.38173037,2832.210038746655,5500364.330206227,356935332.75198704,258223665.0278619,620659362.1100552,15.372451026882835,6981212.909562288,107318353.56048849,4862481439.907787,4862481439.907787,45.308945567890376,1.0,825236911.6143736,43538.01011847889,558.9950929770117,2.496319920812024,556.4987730561998,694.032911678862,387.3017202868409,1347.8920135760086,960.5902932891678,1540673674.8191283,1540673674.8191283,30813473.496382564,0.0,0.0,0.0,148218076.03332967,148218076.03332967,15.372451026882835,4143689.864176464,63698669.507643476,2162570363.143751,2162570363.143751,33.95000837316162,1.0,473678612.2912932,0.0
gas-q2500-m2500-r1.2-ua25-25-40,20260926-design-study-component-alternatives:c0102,completed,"[""gas_catalog""]",[],cooler_no_root,False,diagnostic_agreement_not_released,False,[],[],"[""component_alternatives__plant__gas_boundary__source_adequate_ok__dd6d7a3461399330"", ""component_alternatives__plant__gas_ledger__balance__a530b58ca455c8b8"", ""component_alternatives__plant__water_pre__evaluation_defined_ok__bc4741b386520ff5""]","[""water_pre""]",[],2500.0,2598.4236983110704,2500.0,1.2,"[25.0, 25.0, 40.0]",14.0,4.0,250.0,937.5789564279194,556.4987730561998,45.308945567890376,33.95000837316162,960.2748911376034,22.695934709684032,937.5789564279194,1660.8447418831506,0.0,4.547473508864641e-13,4.547473508864641e-13,3416541628.17324,2684142269.0865183,53682845.38173037,2832.210038746655,5500364.330206227,356935332.75198704,258223665.0278619,620659362.1100552,15.372451026882835,6981212.909562288,107318353.56048849,4862481439.907787,4862481439.907787,45.308945567890376,1.0,825236911.6143736,43538.01011847889,558.9950929770117,2.496319920812024,556.4987730561998,694.032911678862,387.3017202868409,1347.8920135760086,960.5902932891678,1540673674.8191283,1540673674.8191283,30813473.496382564,0.0,0.0,0.0,148218076.03332967,148218076.03332967,15.372451026882835,4143689.864176464,63698669.507643476,2162570363.143751,2162570363.143751,33.95000837316162,1.0,473678612.2912932,0.0
gas-q2500-m2500-r1.2-ua30-30-50,20260926-design-study-component-alternatives:c0103,completed,"[""gas_catalog""]",[],cooler_no_root,False,diagnostic_agreement_not_released,False,[],[],"[""component_alternatives__plant__gas_boundary__source_adequate_ok__dd6d7a3461399330"", ""component_alternatives__plant__gas_ledger__balance__a530b58ca455c8b8"", ""component_alternatives__plant__water_pre__evaluation_defined_ok__bc4741b386520ff5""]","[""water_pre""]",[],2500.0,2598.4236983110704,2500.0,1.2,"[30.0, 30.0, 50.0]",14.0,4.0,250.0,937.5789564279194,557.0196383267335,45.308945567890376,34.5083036248283,960.2748911376034,22.695934709684032,937.5789564279194,1660.8447418831506,0.0,4.547473508864641e-13,4.547473508864641e-13,3416541628.17324,2684142269.0865183,53682845.38173037,2832.210038746655,5500364.330206227,356935332.75198704,258223665.0278619,620659362.1100552,15.372451026882835,6981212.909562288,107318353.56048849,4862481439.907787,4862481439.907787,45.308945567890376,1.0,825236911.6143736,43538.01011847889,558.9950929770117,1.9754546502782115,557.0196383267335,693.5120464083282,387.3017202868409,1347.8920135760088,960.5902932891679,1567475215.369684,1567475215.369684,31349504.30739368,0.0,0.0,0.0,150796475.88532883,150796475.88532883,15.372451026882835,4147568.2269808576,63758289.4499185,2200190410.9374747,2200190410.9374747,34.5083036248283,1.0,481918719.68246186,0.0
gas-q2500-m2500-r1.2-ua40-40-60,20260926-design-study-component-alternatives:c0104,completed,"[""gas_catalog""]",[],cooler_no_root,False,diagnostic_agreement_not_released,False,[],[],"[""component_alternatives__plant__gas_boundary__source_adequate_ok__dd6d7a3461399330"", ""component_alternatives__plant__gas_ledger__balance__a530b58ca455c8b8"", ""component_alternatives__plant__water_pre__evaluation_defined_ok__bc4741b386520ff5""]","[""water_pre""]",[],2500.0,2598.4236983110704,2500.0,1.2,"[40.0, 40.0, 60.0]",14.0,4.0,250.0,937.5789564279194,563.0878907072414,45.308945567890376,34.720099519942245,960.2748911376034,22.695934709684032,937.5789564279194,1660.8447418831506,0.0,4.547473508864641e-13,4.547473508864641e-13,3416541628.17324,2684142269.0865183,53682845.38173037,2832.210038746655,5500364.330206227,356935332.75198704,258223665.0278619,620659362.1100552,15.372451026882835,6981212.909562288,107318353.56048849,4862481439.907787,4862481439.907787,45.308945567890376,1.0,825236911.6143736,43538.01011847889,564.7118046053502,1.6239138981087187,563.0878907072414,693.2771732404104,510.931041266851,1342.0586343634186,831.1275930965675,1594276755.92024,1594276755.92024,31885535.1184048,0.0,0.0,0.0,153374875.737328,153374875.737328,15.372451026882835,4192752.4342061193,64452881.46267737,2237810458.7311983,2237810458.7311983,34.720099519942245,1.0,490158827.0736306,0.0
gas-q2500-m2500-r1.35-ua25-25-20,20260926-design-study-component-alternatives:c0105,completed,"[""gas_catalog""]",[],cooler_no_root,False,diagnostic_agreement_not_released,False,[],[],"[""component_alternatives__plant__gas_ledger__balance__a530b58ca455c8b8"", ""component_alternatives__plant__water_pre__evaluation_defined_ok__bc4741b386520ff5""]","[""water_pre""]",[],2500.0,2598.4236983110704,2500.0,1.35,"[25.0, 25.0, 20.0]",14.0,4.0,250.0,937.5789564279194,562.0368476967138,45.308945567890376,33.615479273891424,960.2748911376034,22.695934709684032,937.5789564279194,1660.8447418831506,0.0,4.547473508864641e-13,4.547473508864641e-13,3416541628.17324,2684142269.0865183,53682845.38173037,2832.210038746655,5500364.330206227,356935332.75198704,258223665.0278619,620659362.1100552,15.372451026882835,6981212.909562288,107318353.56048849,4862481439.907787,4862481439.907787,45.308945567890376,1.0,825236911.6143736,43538.01011847889,569.3016235897321,7.26477589301826,562.0368476967138,1165.5060625952196,0.0,870.8807880191371,870.8807880191371,1540673674.8191283,1540673674.8191283,30813473.496382564,0.0,0.0,0.0,148218076.03332967,148218076.03332967,15.372451026882835,4184926.3679497307,64332575.64241789,2162570363.143751,2162570363.143751,33.615479273891424,1.0,473678612.2912932,0.0
gas-q2500-m2500-r1.35-ua25-25-25,20260926-design-study-component-alternatives:c0106,completed,"[""gas_catalog""]",[],cooler_no_root,False,diagnostic_agreement_not_released,False,[],[],"[""component_alternatives__plant__gas_ledger__balance__a530b58ca455c8b8"", ""component_alternatives__plant__water_pre__evaluation_defined_ok__bc4741b386520ff5""]","[""water_pre""]",[],2500.0,2598.4236983110704,2500.0,1.35,"[25.0, 25.0, 25.0]",14.0,4.0,250.0,937.5789564279194,562.0368476967138,45.308945567890376,33.615479273891424,960.2748911376034,22.695934709684032,937.5789564279194,1660.8447418831506,0.0,4.547473508864641e-13,4.547473508864641e-13,3416541628.17324,2684142269.0865183,53682845.38173037,2832.210038746655,5500364.330206227,356935332.75198704,258223665.0278619,620659362.1100552,15.372451026882835,6981212.909562288,107318353.56048849,4862481439.907787,4862481439.907787,45.308945567890376,1.0,825236911.6143736,43538.01011847889,569.3016235897321,7.26477589301826,562.0368476967138,1165.5060625952196,0.0,870.8807880191371,870.8807880191371,1540673674.8191283,1540673674.8191283,30813473.496382564,0.0,0.0,0.0,148218076.03332967,148218076.03332967,15.372451026882835,4184926.3679497307,64332575.64241789,2162570363.143751,2162570363.143751,33.615479273891424,1.0,473678612.2912932,0.0
gas-q2500-m2500-r1.35-ua25-25-40,20260926-design-study-component-alternatives:c0107,completed,"[""gas_catalog""]",[],cooler_no_root,False,diagnostic_agreement_not_released,False,[],[],"[""component_alternatives__plant__gas_ledger__balance__a530b58ca455c8b8"", ""component_alternatives__plant__water_pre__evaluation_defined_ok__bc4741b386520ff5""]","[""water_pre""]",[],2500.0,2598.4236983110704,2500.0,1.35,"[25.0, 25.0, 40.0]",14.0,4.0,250.0,937.5789564279194,562.0368476967138,45.308945567890376,33.615479273891424,960.2748911376034,22.695934709684032,937.5789564279194,1660.8447418831506,0.0,4.547473508864641e-13,4.547473508864641e-13,3416541628.17324,2684142269.0865183,53682845.38173037,2832.210038746655,5500364.330206227,356935332.75198704,258223665.0278619,620659362.1100552,15.372451026882835,6981212.909562288,107318353.56048849,4862481439.907787,4862481439.907787,45.308945567890376,1.0,825236911.6143736,43538.01011847889,569.3016235897321,7.26477589301826,562.0368476967138,1165.5060625952196,0.0,870.8807880191371,870.8807880191371,1540673674.8191283,1540673674.8191283,30813473.496382564,0.0,0.0,0.0,148218076.03332967,148218076.03332967,15.372451026882835,4184926.3679497307,64332575.64241789,2162570363.143751,2162570363.143751,33.615479273891424,1.0,473678612.2912932,0.0
gas-q2500-m2500-r1.35-ua30-30-50,20260926-design-study-component-alternatives:c0108,completed,"[""gas_catalog""]",[],cooler_no_root,False,diagnostic_agreement_not_released,False,[],[],"[""component_alternatives__plant__gas_ledger__balance__a530b58ca455c8b8"", ""component_alternatives__plant__water_pre__evaluation_defined_ok__bc4741b386520ff5""]","[""water_pre""]",[],2500.0,2598.4236983110704,2500.0,1.35,"[30.0, 30.0, 50.0]",14.0,4.0,250.0,937.5789564279194,565.8216313729399,45.308945567890376,33.97148807784205,960.2748911376034,22.695934709684032,937.5789564279194,1660.8447418831506,0.0,4.547473508864641e-13,4.547473508864641e-13,3416541628.17324,2684142269.0865183,53682845.38173037,2832.210038746655,5500364.330206227,356935332.75198704,258223665.0278619,620659362.1100552,15.372451026882835,6981212.909562288,107318353.56048849,4862481439.907787,4862481439.907787,45.308945567890376,1.0,825236911.6143736,43538.01011847889,569.3016235897321,3.479992216792244,565.8216313729399,1161.7212789189937,0.0,870.8807880191368,870.8807880191368,1567475215.369684,1567475215.369684,31349504.30739368,0.0,0.0,0.0,150796475.88532883,150796475.88532883,15.372451026882835,4213107.867202911,64765794.359551534,2200190410.9374747,2200190410.9374747,33.97148807784205,1.0,481918719.68246186,0.0
gas-q2500-m2500-r1.35-ua40-40-60,20260926-design-study-component-alternatives:c0109,completed,"[""gas_catalog""]",[],cooler_no_root,False,diagnostic_agreement_not_released,False,[],[],"[""component_alternatives__plant__gas_ledger__balance__a530b58ca455c8b8"", ""component_alternatives__plant__water_pre__evaluation_defined_ok__bc4741b386520ff5""]","[""water_pre""]",[],2500.0,2598.4236983110704,2500.0,1.35,"[40.0, 40.0, 60.0]",14.0,4.0,250.0,937.5789564279194,612.5393855033093,45.308945567890376,31.917078422256264,960.2748911376034,22.695934709684032,937.5789564279194,1660.8447418831506,0.0,4.547473508864641e-13,4.547473508864641e-13,3416541628.17324,2684142269.0865183,53682845.38173037,2832.210038746655,5500364.330206227,356935332.75198704,258223665.0278619,620659362.1100552,15.372451026882835,6981212.909562288,107318353.56048849,4862481439.907787,4862481439.907787,45.308945567890376,1.0,825236911.6143736,43538.01011847889,614.7854721216178,2.246086618308518,612.5393855033093,1161.415615127283,0.0,824.468697680478,824.468697680478,1594276755.92024,1594276755.92024,31885535.1184048,0.0,0.0,0.0,153374875.737328,153374875.737328,15.372451026882835,4560968.26445764,70113261.28054188,2237810458.7311983,2237810458.7311983,31.917078422256264,1.0,490158827.0736306,0.0
gas-q2500-m2500-r1.5-ua25-25-20,20260926-design-study-component-alternatives:c0110,completed,"[""gas_catalog""]",[],cooler_no_root,False,diagnostic_agreement_not_released,False,[],[],"[""component_alternatives__plant__gas_ledger__balance__a530b58ca455c8b8"", ""component_alternatives__plant__water_ic1__evaluation_defined_ok__49d1611637350e3c"", ""component_alternatives__plant__water_ic2__evaluation_defined_ok__06ab6aea3f7f761b"", ""component_alternatives__plant__water_pre__evaluation_defined_ok__bc4741b386520ff5""]","[""water_ic1"", ""water_ic2"", ""water_pre""]",[],2500.0,2598.4236983110704,2500.0,1.5,"[25.0, 25.0, 20.0]",14.0,4.0,250.0,937.5789564279194,208.47980379831174,45.308945567890376,90.62334893210961,960.2748911376034,22.695934709684032,937.5789564279194,1660.8447418831506,0.0,4.547473508864641e-13,4.547473508864641e-13,3416541628.17324,2684142269.0865183,53682845.38173037,2832.210038746655,5500364.330206227,356935332.75198704,258223665.0278619,620659362.1100552,15.372451026882835,6981212.909562288,107318353.56048849,4862481439.907787,4862481439.907787,45.308945567890376,1.0,825236911.6143736,43538.01011847889,208.60686939921862,0.12706560090688804,208.47980379831174,4.384348649870531,0.0,2385.559545862888,2385.559545862888,1540673674.8191283,1540673674.8191283,30813473.496382564,0.0,0.0,0.0,148218076.03332967,148218076.03332967,15.372451026882835,1552340.619082229,23863280.143882547,2162570363.143751,2162570363.143751,90.62334893210961,1.0,473678612.2912932,0.0
gas-q2500-m2500-r1.5-ua25-25-25,20260926-design-study-component-alternatives:c0111,completed,"[""gas_catalog""]",[],cooler_no_root,False,diagnostic_agreement_not_released,False,[],[],"[""component_alternatives__plant__gas_ledger__balance__a530b58ca455c8b8"", ""component_alternatives__plant__water_ic1__evaluation_defined_ok__49d1611637350e3c"", ""component_alternatives__plant__water_ic2__evaluation_defined_ok__06ab6aea3f7f761b"", ""component_alternatives__plant__water_pre__evaluation_defined_ok__bc4741b386520ff5""]","[""water_ic1"", ""water_ic2"", ""water_pre""]",[],2500.0,2598.4236983110704,2500.0,1.5,"[25.0, 25.0, 25.0]",14.0,4.0,250.0,937.5789564279194,208.47980379831174,45.308945567890376,90.62334893210961,960.2748911376034,22.695934709684032,937.5789564279194,1660.8447418831506,0.0,4.547473508864641e-13,4.547473508864641e-13,3416541628.17324,2684142269.0865183,53682845.38173037,2832.210038746655,5500364.330206227,356935332.75198704,258223665.0278619,620659362.1100552,15.372451026882835,6981212.909562288,107318353.56048849,4862481439.907787,4862481439.907787,45.308945567890376,1.0,825236911.6143736,43538.01011847889,208.60686939921862,0.12706560090688804,208.47980379831174,4.384348649870531,0.0,2385.559545862888,2385.559545862888,1540673674.8191283,1540673674.8191283,30813473.496382564,0.0,0.0,0.0,148218076.03332967,148218076.03332967,15.372451026882835,1552340.619082229,23863280.143882547,2162570363.143751,2162570363.143751,90.62334893210961,1.0,473678612.2912932,0.0
gas-q2500-m2500-r1.5-ua25-25-40,20260926-design-study-component-alternatives:c0112,completed,"[""gas_catalog""]",[],cooler_no_root,False,diagnostic_agreement_not_released,False,[],[],"[""component_alternatives__plant__gas_ledger__balance__a530b58ca455c8b8"", ""component_alternatives__plant__water_ic1__evaluation_defined_ok__49d1611637350e3c"", ""component_alternatives__plant__water_ic2__evaluation_defined_ok__06ab6aea3f7f761b"", ""component_alternatives__plant__water_pre__evaluation_defined_ok__bc4741b386520ff5""]","[""water_ic1"", ""water_ic2"", ""water_pre""]",[],2500.0,2598.4236983110704,2500.0,1.5,"[25.0, 25.0, 40.0]",14.0,4.0,250.0,937.5789564279194,208.47980379831174,45.308945567890376,90.62334893210961,960.2748911376034,22.695934709684032,937.5789564279194,1660.8447418831506,0.0,4.547473508864641e-13,4.547473508864641e-13,3416541628.17324,2684142269.0865183,53682845.38173037,2832.210038746655,5500364.330206227,356935332.75198704,258223665.0278619,620659362.1100552,15.372451026882835,6981212.909562288,107318353.56048849,4862481439.907787,4862481439.907787,45.308945567890376,1.0,825236911.6143736,43538.01011847889,208.60686939921862,0.12706560090688804,208.47980379831174,4.384348649870531,0.0,2385.559545862888,2385.559545862888,1540673674.8191283,1540673674.8191283,30813473.496382564,0.0,0.0,0.0,148218076.03332967,148218076.03332967,15.372451026882835,1552340.619082229,23863280.143882547,2162570363.143751,2162570363.143751,90.62334893210961,1.0,473678612.2912932,0.0
gas-q2500-m2500-r1.5-ua30-30-50,20260926-design-study-component-alternatives:c0113,completed,"[""gas_catalog""]",[],cooler_no_root,False,diagnostic_agreement_not_released,False,[],[],"[""component_alternatives__plant__gas_ledger__balance__a530b58ca455c8b8"", ""component_alternatives__plant__water_pre__evaluation_defined_ok__bc4741b386520ff5""]","[""water_pre""]",[],2500.0,2598.4236983110704,2500.0,1.5,"[30.0, 30.0, 50.0]",14.0,4.0,250.0,937.5789564279194,202.27778885648098,45.308945567890376,95.02675955197984,960.2748911376034,22.695934709684032,937.5789564279194,1660.8447418831506,0.0,4.547473508864641e-13,4.547473508864641e-13,3416541628.17324,2684142269.0865183,53682845.38173037,2832.210038746655,5500364.330206227,356935332.75198704,258223665.0278619,620659362.1100552,15.372451026882835,6981212.909562288,107318353.56048849,4862481439.907787,4862481439.907787,45.308945567890376,1.0,825236911.6143736,43538.01011847889,208.60686939921862,6.329080542737652,202.27778885648098,1593.5396942520927,0.0,802.6062152024967,802.6062152024967,1567475215.369684,1567475215.369684,31349504.30739368,0.0,0.0,0.0,150796475.88532883,150796475.88532883,15.372451026882835,1506160.4158253574,23153377.230904795,2200190410.9374747,2200190410.9374747,95.02675955197984,1.0,481918719.68246186,0.0
gas-q2500-m2500-r1.5-ua40-40-60,20260926-design-study-component-alternatives:c0114,completed,"[""gas_catalog""]",[],cooler_no_root,False,diagnostic_agreement_not_released,False,[],[],"[""component_alternatives__plant__gas_ledger__balance__a530b58ca455c8b8"", ""component_alternatives__plant__water_ic1__evaluation_defined_ok__49d1611637350e3c"", ""component_alternatives__plant__water_ic2__evaluation_defined_ok__06ab6aea3f7f761b"", ""component_alternatives__plant__water_pre__evaluation_defined_ok__bc4741b386520ff5""]","[""water_ic1"", ""water_ic2"", ""water_pre""]",[],2500.0,2598.4236983110704,2500.0,1.5,"[40.0, 40.0, 60.0]",14.0,4.0,250.0,937.5789564279194,210.33857367310645,45.308945567890376,92.94760947753575,960.2748911376034,22.695934709684032,937.5789564279194,1660.8447418831506,0.0,4.547473508864641e-13,4.547473508864641e-13,3416541628.17324,2684142269.0865183,53682845.38173037,2832.210038746655,5500364.330206227,356935332.75198704,258223665.0278619,620659362.1100552,15.372451026882835,6981212.909562288,107318353.56048849,4862481439.907787,4862481439.907787,45.308945567890376,1.0,825236911.6143736,43538.01011847889,210.4658749343555,0.12730126124905544,210.33857367310645,4.422523198684882,0.0,2383.662601439279,2383.662601439279,1594276755.92024,1594276755.92024,31885535.1184048,0.0,0.0,0.0,153374875.737328,153374875.737328,15.372451026882835,1566181.0195699506,24076041.022572495,2237810458.7311983,2237810458.7311983,92.94760947753575,1.0,490158827.0736306,0.0
gas-q2500-m2500-r1.65-ua25-25-20,20260926-design-study-component-alternatives:c0115,completed,"[""gas_catalog""]",[],cooler_no_root,False,diagnostic_agreement_not_released,False,[],[],"[""component_alternatives__plant__gas_ledger__balance__a530b58ca455c8b8"", ""component_alternatives__plant__water_ic1__evaluation_defined_ok__49d1611637350e3c"", ""component_alternatives__plant__water_ic2__evaluation_defined_ok__06ab6aea3f7f761b"", ""component_alternatives__plant__water_pre__evaluation_defined_ok__bc4741b386520ff5""]","[""water_ic1"", ""water_ic2"", ""water_pre""]",[],2500.0,2598.4236983110704,2500.0,1.65,"[25.0, 25.0, 20.0]",14.0,4.0,250.0,937.5789564279194,125.4728335458723,45.308945567890376,150.57552675739092,960.2748911376034,22.695934709684032,937.5789564279194,1660.8447418831506,0.0,4.547473508864641e-13,4.547473508864641e-13,3416541628.17324,2684142269.0865183,53682845.38173037,2832.210038746655,5500364.330206227,356935332.75198704,258223665.0278619,620659362.1100552,15.372451026882835,6981212.909562288,107318353.56048849,4862481439.907787,4862481439.907787,45.308945567890376,1.0,825236911.6143736,43538.01011847889,125.58937527759171,0.11654173171940749,125.4728335458723,2.6795902067723025,0.0,2470.271274558426,2470.271274558426,1540673674.8191283,1540673674.8191283,30813473.496382564,0.0,0.0,0.0,148218076.03332967,148218076.03332967,15.372451026882835,934270.7185825652,14362030.86726112,2162570363.143751,2162570363.143751,150.57552675739092,1.0,473678612.2912932,0.0
gas-q2500-m2500-r1.65-ua25-25-25,20260926-design-study-component-alternatives:c0116,completed,"[""gas_catalog""]",[],cooler_no_root,False,diagnostic_agreement_not_released,False,[],[],"[""component_alternatives__plant__gas_ledger__balance__a530b58ca455c8b8"", ""component_alternatives__plant__water_ic1__evaluation_defined_ok__49d1611637350e3c"", ""component_alternatives__plant__water_ic2__evaluation_defined_ok__06ab6aea3f7f761b""]","[""water_ic1"", ""water_ic2""]",[],2500.0,2598.4236983110704,2500.0,1.65,"[25.0, 25.0, 25.0]",14.0,4.0,250.0,937.5789564279194,123.38573536081634,45.308945567890376,153.12254653800164,960.2748911376034,22.695934709684032,937.5789564279194,1660.8447418831506,0.0,4.547473508864641e-13,4.547473508864641e-13,3416541628.17324,2684142269.0865183,53682845.38173037,2832.210038746655,5500364.330206227,356935332.75198704,258223665.0278619,620659362.1100552,15.372451026882835,6981212.909562288,107318353.56048849,4862481439.907787,4862481439.907787,45.308945567890376,1.0,825236911.6143736,43538.01011847889,125.58937527759171,2.2036399167753777,123.38573536081634,481.2177715356785,0.0,1993.8201914145757,1993.8201914145757,1540673674.8191283,1540673674.8191283,30813473.496382564,0.0,0.0,0.0,148218076.03332967,148218076.03332967,15.372451026882835,918730.1854966384,14123134.783466058,2162570363.143751,2162570363.143751,153.12254653800164,1.0,473678612.2912932,0.0
gas-q2500-m2500-r1.65-ua25-25-40,20260926-design-study-component-alternatives:c0117,completed,"[""gas_catalog""]",[],cooler_no_root,False,diagnostic_agreement_not_released,False,[],[],"[""component_alternatives__plant__gas_ledger__balance__a530b58ca455c8b8"", ""component_alternatives__plant__water_ic1__evaluation_defined_ok__49d1611637350e3c"", ""component_alternatives__plant__water_ic2__evaluation_defined_ok__06ab6aea3f7f761b""]","[""water_ic1"", ""water_ic2""]",[],2500.0,2598.4236983110704,2500.0,1.65,"[25.0, 25.0, 40.0]",14.0,4.0,250.0,937.5789564279194,124.56808295794383,45.308945567890376,151.6691720405682,960.2748911376034,22.695934709684032,937.5789564279194,1660.8447418831506,0.0,4.547473508864641e-13,4.547473508864641e-13,3416541628.17324,2684142269.0865183,53682845.38173037,2832.210038746655,5500364.330206227,356935332.75198704,258223665.0278619,620659362.1100552,15.372451026882835,6981212.909562288,107318353.56048849,4862481439.907787,4862481439.907787,45.308945567890376,1.0,825236911.6143736,43538.01011847889,125.58937527759171,1.0212923196478803,124.56808295794383,480.03542393855093,0.0,1993.8201914145757,1993.8201914145757,1540673674.8191283,1540673674.8191283,30813473.496382564,0.0,0.0,0.0,148218076.03332967,148218076.03332967,15.372451026882835,927533.9457048497,14258470.156119205,2162570363.143751,2162570363.143751,151.6691720405682,1.0,473678612.2912932,0.0
gas-q2500-m2500-r1.65-ua30-30-50,20260926-design-study-component-alternatives:c0118,completed,"[""gas_catalog""]",[],cooler_no_root,False,diagnostic_agreement_not_released,False,[],[],"[""component_alternatives__plant__gas_ledger__balance__a530b58ca455c8b8"", ""component_alternatives__plant__water_pre__evaluation_defined_ok__bc4741b386520ff5""]","[""water_pre""]",[],2500.0,2598.4236983110704,2500.0,1.65,"[30.0, 30.0, 50.0]",14.0,4.0,250.0,937.5789564279194,110.14147812234164,45.308945567890376,174.51920141311342,960.2748911376034,22.695934709684032,937.5789564279194,1660.8447418831506,0.0,4.547473508864641e-13,4.547473508864641e-13,3416541628.17324,2684142269.0865183,53682845.38173037,2832.210038746655,5500364.330206227,356935332.75198704,258223665.0278619,620659362.1100552,15.372451026882835,6981212.909562288,107318353.56048849,4862481439.907787,4862481439.907787,45.308945567890376,1.0,825236911.6143736,43538.01011847889,125.58937527759171,15.447897155250079,110.14147812234164,2011.831137045125,0.0,476.4510831436039,476.4510831436039,1567475215.369684,1567475215.369684,31349504.30739368,0.0,0.0,0.0,150796475.88532883,150796475.88532883,15.372451026882835,820113.4460989558,12607153.786644313,2200190410.9374747,2200190410.9374747,174.51920141311342,1.0,481918719.68246186,0.0
gas-q2500-m2500-r1.65-ua40-40-60,20260926-design-study-component-alternatives:c0119,completed,"[""gas_catalog""]",[],cooler_no_root,False,diagnostic_agreement_not_released,False,[],[],"[""component_alternatives__plant__gas_ledger__balance__a530b58ca455c8b8"", ""component_alternatives__plant__water_ic1__evaluation_defined_ok__49d1611637350e3c"", ""component_alternatives__plant__water_ic2__evaluation_defined_ok__06ab6aea3f7f761b"", ""component_alternatives__plant__water_pre__evaluation_defined_ok__bc4741b386520ff5""]","[""water_ic1"", ""water_ic2"", ""water_pre""]",[],2500.0,2598.4236983110704,2500.0,1.65,"[40.0, 40.0, 60.0]",14.0,4.0,250.0,937.5789564279194,125.4728335458723,45.308945567890376,155.8143468297639,960.2748911376034,22.695934709684032,937.5789564279194,1660.8447418831506,0.0,4.547473508864641e-13,4.547473508864641e-13,3416541628.17324,2684142269.0865183,53682845.38173037,2832.210038746655,5500364.330206227,356935332.75198704,258223665.0278619,620659362.1100552,15.372451026882835,6981212.909562288,107318353.56048849,4862481439.907787,4862481439.907787,45.308945567890376,1.0,825236911.6143736,43538.01011847889,125.58937527759171,0.11654173171940749,125.4728335458723,2.6795902067723025,0.0,2470.271274558426,2470.271274558426,1594276755.92024,1594276755.92024,31885535.1184048,0.0,0.0,0.0,153374875.737328,153374875.737328,15.372451026882835,934270.7185825652,14362030.86726112,2237810458.7311983,2237810458.7311983,155.8143468297639,1.0,490158827.0736306,0.0
gas-q2500-m2500-r1.8-ua25-25-20,20260926-design-study-component-alternatives:c0120,completed,"[""gas_catalog""]",[],cooler_no_root,False,diagnostic_agreement_not_released,False,[],[],"[""component_alternatives__plant__compressor_capacity__capacity_ok__e8c94ef170d28993"", ""component_alternatives__plant__gas_ledger__balance__a530b58ca455c8b8"", ""component_alternatives__plant__water_ic1__evaluation_defined_ok__49d1611637350e3c"", ""component_alternatives__plant__water_ic2__evaluation_defined_ok__06ab6aea3f7f761b""]","[""water_ic1"", ""water_ic2""]",[],2500.0,2598.4236983110704,2500.0,1.8,"[25.0, 25.0, 20.0]",14.0,4.0,250.0,937.5789564279194,24.299960961521055,45.308945567890376,777.4966402139247,960.2748911376034,22.695934709684032,937.5789564279194,1660.8447418831506,0.0,4.547473508864641e-13,4.547473508864641e-13,3416541628.17324,2684142269.0865183,53682845.38173037,2832.210038746655,5500364.330206227,356935332.75198704,258223665.0278619,620659362.1100552,15.372451026882835,6981212.909562288,107318353.56048849,4862481439.907787,4862481439.907787,45.308945567890376,1.0,825236911.6143736,43538.01011847889,25.160117746017338,0.8601567844962813,24.299960961521055,191.28551153455354,0.0,2382.8382258149954,2382.8382258149954,1540673674.8191283,1540673674.8191283,30813473.496382564,0.0,0.0,0.0,148218076.03332967,148218076.03332967,15.372451026882835,180937.50931948578,2781453.0009399517,2162570363.143751,2162570363.143751,777.4966402139247,1.0,473678612.2912932,0.0
gas-q2500-m2500-r1.8-ua25-25-25,20260926-design-study-component-alternatives:c0121,completed,"[""gas_catalog""]",[],cooler_no_root,False,diagnostic_agreement_not_released,False,[],[],"[""component_alternatives__plant__compressor_capacity__capacity_ok__e8c94ef170d28993"", ""component_alternatives__plant__gas_ledger__balance__a530b58ca455c8b8"", ""component_alternatives__plant__water_ic1__evaluation_defined_ok__49d1611637350e3c"", ""component_alternatives__plant__water_ic2__evaluation_defined_ok__06ab6aea3f7f761b""]","[""water_ic1"", ""water_ic2""]",[],2500.0,2598.4236983110704,2500.0,1.8,"[25.0, 25.0, 25.0]",14.0,4.0,250.0,937.5789564279194,24.43636799120748,45.308945567890376,773.1565514036353,960.2748911376034,22.695934709684032,937.5789564279194,1660.8447418831506,0.0,4.547473508864641e-13,4.547473508864641e-13,3416541628.17324,2684142269.0865183,53682845.38173037,2832.210038746655,5500364.330206227,356935332.75198704,258223665.0278619,620659362.1100552,15.372451026882835,6981212.909562288,107318353.56048849,4862481439.907787,4862481439.907787,45.308945567890376,1.0,825236911.6143736,43538.01011847889,25.160117746017338,0.7237497548098585,24.43636799120748,191.14910450486713,0.0,2382.838225814996,2382.838225814996,1540673674.8191283,1540673674.8191283,30813473.496382564,0.0,0.0,0.0,148218076.03332967,148218076.03332967,15.372451026882835,181953.1960625309,2797066.5956560667,2162570363.143751,2162570363.143751,773.1565514036353,1.0,473678612.2912932,0.0
gas-q2500-m2500-r1.8-ua25-25-40,20260926-design-study-component-alternatives:c0122,completed,"[""gas_catalog""]",[],cooler_no_root,False,diagnostic_agreement_not_released,False,[],[],"[""component_alternatives__plant__compressor_capacity__capacity_ok__e8c94ef170d28993"", ""component_alternatives__plant__gas_ledger__balance__a530b58ca455c8b8"", ""component_alternatives__plant__water_ic1__evaluation_defined_ok__49d1611637350e3c"", ""component_alternatives__plant__water_ic2__evaluation_defined_ok__06ab6aea3f7f761b""]","[""water_ic1"", ""water_ic2""]",[],2500.0,2598.4236983110704,2500.0,1.8,"[25.0, 25.0, 40.0]",14.0,4.0,250.0,937.5789564279194,24.54169561279565,45.308945567890376,769.8383315886931,960.2748911376034,22.695934709684032,937.5789564279194,1660.8447418831506,0.0,4.547473508864641e-13,4.547473508864641e-13,3416541628.17324,2684142269.0865183,53682845.38173037,2832.210038746655,5500364.330206227,356935332.75198704,258223665.0278619,620659362.1100552,15.372451026882835,6981212.909562288,107318353.56048849,4862481439.907787,4862481439.907787,45.308945567890376,1.0,825236911.6143736,43538.01011847889,25.160117746017338,0.6184221332216885,24.54169561279565,191.04377688327895,0.0,2382.838225814996,2382.838225814996,1540673674.8191283,1540673674.8191283,30813473.496382564,0.0,0.0,0.0,148218076.03332967,148218076.03332967,15.372451026882835,182737.4655328764,2809122.7396808327,2162570363.143751,2162570363.143751,769.8383315886931,1.0,473678612.2912932,0.0
gas-q2500-m2500-r1.8-ua30-30-50,20260926-design-study-component-alternatives:c0123,completed,"[""gas_catalog""]",[],cooler_no_root,False,diagnostic_agreement_not_released,False,[],[],"[""component_alternatives__plant__compressor_capacity__capacity_ok__e8c94ef170d28993"", ""component_alternatives__plant__gas_ledger__balance__a530b58ca455c8b8"", ""component_alternatives__plant__water_ic1__evaluation_defined_ok__49d1611637350e3c"", ""component_alternatives__plant__water_ic2__evaluation_defined_ok__06ab6aea3f7f761b""]","[""water_ic1"", ""water_ic2""]",[],2500.0,2598.4236983110704,2500.0,1.8,"[30.0, 30.0, 50.0]",14.0,4.0,250.0,937.5789564279194,24.560365758415497,45.308945567890376,782.6350386408518,960.2748911376034,22.695934709684032,937.5789564279194,1660.8447418831506,0.0,4.547473508864641e-13,4.547473508864641e-13,3416541628.17324,2684142269.0865183,53682845.38173037,2832.210038746655,5500364.330206227,356935332.75198704,258223665.0278619,620659362.1100552,15.372451026882835,6981212.909562288,107318353.56048849,4862481439.907787,4862481439.907787,45.308945567890376,1.0,825236911.6143736,43538.01011847889,25.160117746017338,0.5997519876018421,24.560365758415497,191.0251067376591,0.0,2382.838225814996,2382.838225814996,1567475215.369684,1567475215.369684,31349504.30739368,0.0,0.0,0.0,150796475.88532883,150796475.88532883,15.372451026882835,182876.48343716178,2811259.7856063196,2200190410.9374747,2200190410.9374747,782.6350386408518,1.0,481918719.68246186,0.0
gas-q2500-m2500-r1.8-ua40-40-60,20260926-design-study-component-alternatives:c0124,completed,"[""gas_catalog""]",[],cooler_no_root,False,diagnostic_agreement_not_released,False,[],[],"[""component_alternatives__plant__compressor_capacity__capacity_ok__e8c94ef170d28993"", ""component_alternatives__plant__gas_ledger__balance__a530b58ca455c8b8"", ""component_alternatives__plant__water_ic1__evaluation_defined_ok__49d1611637350e3c"", ""component_alternatives__plant__water_ic2__evaluation_defined_ok__06ab6aea3f7f761b""]","[""water_ic1"", ""water_ic2""]",[],2500.0,2598.4236983110704,2500.0,1.8,"[40.0, 40.0, 60.0]",14.0,4.0,250.0,937.5789564279194,24.56906865541676,45.308945567890376,795.7349901222029,960.2748911376034,22.695934709684032,937.5789564279194,1660.8447418831506,0.0,4.547473508864641e-13,4.547473508864641e-13,3416541628.17324,2684142269.0865183,53682845.38173037,2832.210038746655,5500364.330206227,356935332.75198704,258223665.0278619,620659362.1100552,15.372451026882835,6981212.909562288,107318353.56048849,4862481439.907787,4862481439.907787,45.308945567890376,1.0,825236911.6143736,43538.01011847889,25.160117746017338,0.5910490906005792,24.56906865541676,191.01640384065783,0.0,2382.838225814996,2382.838225814996,1594276755.92024,1594276755.92024,31885535.1184048,0.0,0.0,0.0,153374875.737328,153374875.737328,15.372451026882835,182941.2852082332,2812255.94765857,2237810458.7311983,2237810458.7311983,795.7349901222029,1.0,490158827.0736306,0.0
gas-q2800-m1500-r1.2-ua25-25-20,20260926-design-study-component-alternatives:c0125,completed,"[""gas_catalog""]",[],equipment_or_coupling_insufficient,False,diagnostic_agreement_not_released,False,[],[],"[""component_alternatives__plant__gas_boundary__source_adequate_ok__dd6d7a3461399330""]",[],[],2800.0,2938.4527131777613,1500.0,1.2,"[25.0, 25.0, 20.0]",14.0,4.0,250.0,1060.283449630589,388.72319917839667,40.065431481735075,48.603062654466186,1085.9362008951196,25.652751264530504,1060.283449630589,1878.1692635471718,0.0,4.547473508864641e-13,4.547473508864641e-13,3416541628.17324,2684142269.0865183,53682845.38173037,2832.210038746655,5500364.330206227,356935332.75198704,258223665.0278619,620659362.1100552,15.372451026882835,7894870.5659493655,121363511.1386354,4862481439.907787,4862481439.907787,40.065431481735075,1.0,825236911.6143736,43538.01011847889,390.9426283339003,2.2194291555036525,388.72319917839667,894.8720484019492,1654.8574655995353,1654.8574655974157,-2.119918462994974e-09,1540673674.8191283,1540673674.8191283,30813473.496382564,0.0,0.0,0.0,148218076.03332967,148218076.03332967,15.372451026882835,2894432.9410823416,44494528.63738475,2162570363.143751,2162570363.143751,48.603062654466186,1.0,473678612.2912932,0.0
gas-q2800-m1500-r1.2-ua25-25-25,20260926-design-study-component-alternatives:c0126,completed,"[""gas_catalog""]",[],cooler_no_root,False,diagnostic_agreement_not_released,False,[],[],"[""component_alternatives__plant__gas_boundary__source_adequate_ok__dd6d7a3461399330"", ""component_alternatives__plant__gas_ledger__balance__a530b58ca455c8b8"", ""component_alternatives__plant__water_pre__evaluation_defined_ok__bc4741b386520ff5""]","[""water_pre""]",[],2800.0,2938.4527131777613,1500.0,1.2,"[25.0, 25.0, 25.0]",14.0,4.0,250.0,1060.283449630589,389.939137895563,40.065431481735075,48.45150478322154,1085.9362008951196,25.652751264530504,1060.283449630589,1878.1692635471718,0.0,4.547473508864641e-13,4.547473508864641e-13,3416541628.17324,2684142269.0865183,53682845.38173037,2832.210038746655,5500364.330206227,356935332.75198704,258223665.0278619,620659362.1100552,15.372451026882835,7894870.5659493655,121363511.1386354,4862481439.907787,4862481439.907787,40.065431481735075,1.0,825236911.6143736,43538.01011847889,390.9426283339003,1.0034904383372725,389.939137895563,417.0590286063856,1654.8574655995353,2131.4545466758127,476.5970810762774,1540673674.8191283,1540673674.8191283,30813473.496382564,0.0,0.0,0.0,148218076.03332967,148218076.03332967,15.372451026882835,2903486.820770362,44633708.95949213,2162570363.143751,2162570363.143751,48.45150478322154,1.0,473678612.2912932,0.0
gas-q2800-m1500-r1.2-ua25-25-40,20260926-design-study-component-alternatives:c0127,completed,"[""gas_catalog""]",[],cooler_no_root,False,diagnostic_agreement_not_released,False,[],[],"[""component_alternatives__plant__gas_boundary__source_adequate_ok__dd6d7a3461399330"", ""component_alternatives__plant__gas_ledger__balance__a530b58ca455c8b8"", ""component_alternatives__plant__water_pre__evaluation_defined_ok__bc4741b386520ff5""]","[""water_pre""]",[],2800.0,2938.4527131777613,1500.0,1.2,"[25.0, 25.0, 40.0]",14.0,4.0,250.0,1060.283449630589,389.939137895563,40.065431481735075,48.45150478322154,1085.9362008951196,25.652751264530504,1060.283449630589,1878.1692635471718,0.0,4.547473508864641e-13,4.547473508864641e-13,3416541628.17324,2684142269.0865183,53682845.38173037,2832.210038746655,5500364.330206227,356935332.75198704,258223665.0278619,620659362.1100552,15.372451026882835,7894870.5659493655,121363511.1386354,4862481439.907787,4862481439.907787,40.065431481735075,1.0,825236911.6143736,43538.01011847889,390.9426283339003,1.0034904383372725,389.939137895563,417.0590286063856,1654.8574655995353,2131.4545466758127,476.5970810762774,1540673674.8191283,1540673674.8191283,30813473.496382564,0.0,0.0,0.0,148218076.03332967,148218076.03332967,15.372451026882835,2903486.820770362,44633708.95949213,2162570363.143751,2162570363.143751,48.45150478322154,1.0,473678612.2912932,0.0
gas-q2800-m1500-r1.2-ua30-30-50,20260926-design-study-component-alternatives:c0128,completed,"[""gas_catalog""]",[],cooler_no_root,False,diagnostic_agreement_not_released,False,[],[],"[""component_alternatives__plant__gas_boundary__source_adequate_ok__dd6d7a3461399330"", ""component_alternatives__plant__gas_ledger__balance__a530b58ca455c8b8"", ""component_alternatives__plant__water_pre__evaluation_defined_ok__bc4741b386520ff5""]","[""water_pre""]",[],2800.0,2938.4527131777613,1500.0,1.2,"[30.0, 30.0, 50.0]",14.0,4.0,250.0,1060.283449630589,389.998445653271,40.065431481735075,49.286870290401495,1085.9362008951196,25.652751264530504,1060.283449630589,1878.1692635471718,0.0,4.547473508864641e-13,4.547473508864641e-13,3416541628.17324,2684142269.0865183,53682845.38173037,2832.210038746655,5500364.330206227,356935332.75198704,258223665.0278619,620659362.1100552,15.372451026882835,7894870.5659493655,121363511.1386354,4862481439.907787,4862481439.907787,40.065431481735075,1.0,825236911.6143736,43538.01011847889,390.9426283339003,0.9441826806293215,389.998445653271,416.9997208486776,1654.8574655995353,2131.4545466758127,476.5970810762774,1567475215.369684,1567475215.369684,31349504.30739368,0.0,0.0,0.0,150796475.88532883,150796475.88532883,15.372451026882835,2903928.426334256,44640497.51939629,2200190410.9374747,2200190410.9374747,49.286870290401495,1.0,481918719.68246186,0.0
gas-q2800-m1500-r1.2-ua40-40-60,20260926-design-study-component-alternatives:c0129,completed,"[""gas_catalog""]",[],cooler_no_root,False,diagnostic_agreement_not_released,False,[],[],"[""component_alternatives__plant__gas_boundary__source_adequate_ok__dd6d7a3461399330"", ""component_alternatives__plant__gas_ledger__balance__a530b58ca455c8b8"", ""component_alternatives__plant__water_pre__evaluation_defined_ok__bc4741b386520ff5""]","[""water_pre""]",[],2800.0,2938.4527131777613,1500.0,1.2,"[40.0, 40.0, 60.0]",14.0,4.0,250.0,1060.283449630589,390.32959706823294,40.065431481735075,50.08707448954272,1085.9362008951196,25.652751264530504,1060.283449630589,1878.1692635471718,0.0,4.547473508864641e-13,4.547473508864641e-13,3416541628.17324,2684142269.0865183,53682845.38173037,2832.210038746655,5500364.330206227,356935332.75198704,258223665.0278619,620659362.1100552,15.372451026882835,7894870.5659493655,121363511.1386354,4862481439.907787,4862481439.907787,40.065431481735075,1.0,825236911.6143736,43538.01011847889,391.221392984474,0.891795916241069,390.32959706823294,416.9530231587909,1716.5424322626845,2131.1700929507374,414.6276606880529,1594276755.92024,1594276755.92024,31885535.1184048,0.0,0.0,0.0,153374875.737328,153374875.737328,15.372451026882835,2906394.1797700627,44678402.1933326,2237810458.7311983,2237810458.7311983,50.08707448954272,1.0,490158827.0736306,0.0
gas-q2800-m1500-r1.35-ua25-25-20,20260926-design-study-component-alternatives:c0130,completed,"[""gas_catalog""]",[],cooler_no_root,False,diagnostic_agreement_not_released,False,[],[],"[""component_alternatives__plant__gas_boundary__source_adequate_ok__dd6d7a3461399330"", ""component_alternatives__plant__gas_ledger__balance__a530b58ca455c8b8"", ""component_alternatives__plant__water_ic1__evaluation_defined_ok__49d1611637350e3c"", ""component_alternatives__plant__water_ic2__evaluation_defined_ok__06ab6aea3f7f761b""]","[""water_ic1"", ""water_ic2""]",[],2800.0,2938.4527131777613,1500.0,1.35,"[25.0, 25.0, 20.0]",14.0,4.0,250.0,1060.283449630589,562.8415403627328,40.065431481735075,33.567419335708855,1085.9362008951196,25.652751264530504,1060.283449630589,1878.1692635471718,0.0,4.547473508864641e-13,4.547473508864641e-13,3416541628.17324,2684142269.0865183,53682845.38173037,2832.210038746655,5500364.330206227,356935332.75198704,258223665.0278619,620659362.1100552,15.372451026882835,7894870.5659493655,121363511.1386354,4862481439.907787,4862481439.907787,40.065431481735075,1.0,825236911.6143736,43538.01011847889,564.4728111034912,1.631270740758364,562.8415403627328,543.4230644850638,1144.214376588511,1832.1881083299647,687.9737317414538,1540673674.8191283,1540673674.8191283,30813473.496382564,0.0,0.0,0.0,148218076.03332967,148218076.03332967,15.372451026882835,4190918.109540908,64424683.396594,2162570363.143751,2162570363.143751,33.567419335708855,1.0,473678612.2912932,0.0
gas-q2800-m1500-r1.35-ua25-25-25,20260926-design-study-component-alternatives:c0131,completed,"[""gas_catalog""]",[],cooler_no_root,False,diagnostic_agreement_not_released,False,[],[],"[""component_alternatives__plant__gas_boundary__source_adequate_ok__dd6d7a3461399330"", ""component_alternatives__plant__gas_ledger__balance__a530b58ca455c8b8"", ""component_alternatives__plant__water_ic1__evaluation_defined_ok__49d1611637350e3c"", ""component_alternatives__plant__water_ic2__evaluation_defined_ok__06ab6aea3f7f761b"", ""component_alternatives__plant__water_pre__evaluation_defined_ok__bc4741b386520ff5""]","[""water_ic1"", ""water_ic2"", ""water_pre""]",[],2800.0,2938.4527131777613,1500.0,1.35,"[25.0, 25.0, 25.0]",14.0,4.0,250.0,1060.283449630589,564.3006334854317,40.065431481735075,33.480625191252614,1085.9362008951196,25.652751264530504,1060.283449630589,1878.1692635471718,0.0,4.547473508864641e-13,4.547473508864641e-13,3416541628.17324,2684142269.0865183,53682845.38173037,2832.210038746655,5500364.330206227,356935332.75198704,258223665.0278619,620659362.1100552,15.372451026882835,7894870.5659493655,121363511.1386354,4862481439.907787,4862481439.907787,40.065431481735075,1.0,825236911.6143736,43538.01011847889,564.4728111034912,0.17217761805942344,564.3006334854317,11.692030905885746,1144.214376588511,2362.460048786444,1218.245672197933,1540673674.8191283,1540673674.8191283,30813473.496382564,0.0,0.0,0.0,148218076.03332967,148218076.03332967,15.372451026882835,4201782.516932525,64591695.96715774,2162570363.143751,2162570363.143751,33.480625191252614,1.0,473678612.2912932,0.0
gas-q2800-m1500-r1.35-ua25-25-40,20260926-design-study-component-alternatives:c0132,completed,"[""gas_catalog""]",[],cooler_no_root,False,diagnostic_agreement_not_released,False,[],[],"[""component_alternatives__plant__gas_boundary__source_adequate_ok__dd6d7a3461399330"", ""component_alternatives__plant__gas_ledger__balance__a530b58ca455c8b8"", ""component_alternatives__plant__water_ic1__evaluation_defined_ok__49d1611637350e3c"", ""component_alternatives__plant__water_ic2__evaluation_defined_ok__06ab6aea3f7f761b"", ""component_alternatives__plant__water_pre__evaluation_defined_ok__bc4741b386520ff5""]","[""water_ic1"", ""water_ic2"", ""water_pre""]",[],2800.0,2938.4527131777613,1500.0,1.35,"[25.0, 25.0, 40.0]",14.0,4.0,250.0,1060.283449630589,564.3006334854317,40.065431481735075,33.480625191252614,1085.9362008951196,25.652751264530504,1060.283449630589,1878.1692635471718,0.0,4.547473508864641e-13,4.547473508864641e-13,3416541628.17324,2684142269.0865183,53682845.38173037,2832.210038746655,5500364.330206227,356935332.75198704,258223665.0278619,620659362.1100552,15.372451026882835,7894870.5659493655,121363511.1386354,4862481439.907787,4862481439.907787,40.065431481735075,1.0,825236911.6143736,43538.01011847889,564.4728111034912,0.17217761805942344,564.3006334854317,11.692030905885746,1144.214376588511,2362.460048786444,1218.245672197933,1540673674.8191283,1540673674.8191283,30813473.496382564,0.0,0.0,0.0,148218076.03332967,148218076.03332967,15.372451026882835,4201782.516932525,64591695.96715774,2162570363.143751,2162570363.143751,33.480625191252614,1.0,473678612.2912932,0.0
gas-q2800-m1500-r1.35-ua30-30-50,20260926-design-study-component-alternatives:c0133,completed,"[""gas_catalog""]",[],cooler_no_root,False,diagnostic_agreement_not_released,False,[],[],"[""component_alternatives__plant__gas_boundary__source_adequate_ok__dd6d7a3461399330"", ""component_alternatives__plant__gas_ledger__balance__a530b58ca455c8b8"", ""component_alternatives__plant__water_ic1__evaluation_defined_ok__49d1611637350e3c"", ""component_alternatives__plant__water_ic2__evaluation_defined_ok__06ab6aea3f7f761b"", ""component_alternatives__plant__water_pre__evaluation_defined_ok__bc4741b386520ff5""]","[""water_ic1"", ""water_ic2"", ""water_pre""]",[],2800.0,2938.4527131777613,1500.0,1.35,"[30.0, 30.0, 50.0]",14.0,4.0,250.0,1060.283449630589,564.3006334854317,40.065431481735075,34.063053740780894,1085.9362008951196,25.652751264530504,1060.283449630589,1878.1692635471718,0.0,4.547473508864641e-13,4.547473508864641e-13,3416541628.17324,2684142269.0865183,53682845.38173037,2832.210038746655,5500364.330206227,356935332.75198704,258223665.0278619,620659362.1100552,15.372451026882835,7894870.5659493655,121363511.1386354,4862481439.907787,4862481439.907787,40.065431481735075,1.0,825236911.6143736,43538.01011847889,564.4728111034912,0.17217761805942344,564.3006334854317,11.692030905885746,1144.214376588511,2362.460048786444,1218.245672197933,1567475215.369684,1567475215.369684,31349504.30739368,0.0,0.0,0.0,150796475.88532883,150796475.88532883,15.372451026882835,4201782.516932525,64591695.96715774,2200190410.9374747,2200190410.9374747,34.063053740780894,1.0,481918719.68246186,0.0
gas-q2800-m1500-r1.35-ua40-40-60,20260926-design-study-component-alternatives:c0134,completed,"[""gas_catalog""]",[],cooler_no_root,False,diagnostic_agreement_not_released,False,[],[],"[""component_alternatives__plant__gas_boundary__source_adequate_ok__dd6d7a3461399330"", ""component_alternatives__plant__gas_ledger__balance__a530b58ca455c8b8"", ""component_alternatives__plant__water_ic1__evaluation_defined_ok__49d1611637350e3c"", ""component_alternatives__plant__water_ic2__evaluation_defined_ok__06ab6aea3f7f761b"", ""component_alternatives__plant__water_pre__evaluation_defined_ok__bc4741b386520ff5""]","[""water_ic1"", ""water_ic2"", ""water_pre""]",[],2800.0,2938.4527131777613,1500.0,1.35,"[40.0, 40.0, 60.0]",14.0,4.0,250.0,1060.283449630589,564.603564909794,40.065431481735075,34.626893662907236,1085.9362008951196,25.652751264530504,1060.283449630589,1878.1692635471718,0.0,4.547473508864641e-13,4.547473508864641e-13,3416541628.17324,2684142269.0865183,53682845.38173037,2832.210038746655,5500364.330206227,356935332.75198704,258223665.0278619,620659362.1100552,15.372451026882835,7894870.5659493655,121363511.1386354,4862481439.907787,4862481439.907787,40.065431481735075,1.0,825236911.6143736,43538.01011847889,564.7757809343954,0.1722160246013449,564.603564909794,11.698252370201235,1186.2697834118276,2362.150895897766,1175.8811124859385,1594276755.92024,1594276755.92024,31885535.1184048,0.0,0.0,0.0,153374875.737328,153374875.737328,15.372451026882835,4204038.144318326,64626370.48868087,2237810458.7311983,2237810458.7311983,34.626893662907236,1.0,490158827.0736306,0.0
gas-q2800-m1500-r1.5-ua25-25-20,20260926-design-study-component-alternatives:c0135,completed,"[""gas_catalog""]",[],cooler_no_root,False,diagnostic_agreement_not_released,False,[],[],"[""component_alternatives__plant__gas_boundary__source_adequate_ok__dd6d7a3461399330"", ""component_alternatives__plant__gas_ledger__balance__a530b58ca455c8b8"", ""component_alternatives__plant__water_ic1__evaluation_defined_ok__49d1611637350e3c"", ""component_alternatives__plant__water_ic2__evaluation_defined_ok__06ab6aea3f7f761b""]","[""water_ic1"", ""water_ic2""]",[],2800.0,2938.4527131777613,1500.0,1.5,"[25.0, 25.0, 20.0]",14.0,4.0,250.0,1060.283449630589,633.3818533393621,40.065431481735075,29.82898531952308,1085.9362008951196,25.652751264530504,1060.283449630589,1878.1692635471718,0.0,4.547473508864641e-13,4.547473508864641e-13,3416541628.17324,2684142269.0865183,53682845.38173037,2832.210038746655,5500364.330206227,356935332.75198704,258223665.0278619,620659362.1100552,15.372451026882835,7894870.5659493655,121363511.1386354,4862481439.907787,4862481439.907787,40.065431481735075,1.0,825236911.6143736,43538.01011847889,635.3884836818128,2.0066303424506198,633.3818533393621,606.4242273999688,748.8746340374555,1698.64663243843,949.7719984009749,1540673674.8191283,1540673674.8191283,30813473.496382564,0.0,0.0,0.0,148218076.03332967,148218076.03332967,15.372451026882835,4716161.27996489,72498958.31114134,2162570363.143751,2162570363.143751,29.82898531952308,1.0,473678612.2912932,0.0
gas-q2800-m1500-r1.5-ua25-25-25,20260926-design-study-component-alternatives:c0136,completed,"[""gas_catalog""]",[],cooler_no_root,False,diagnostic_agreement_not_released,False,[],[],"[""component_alternatives__plant__gas_boundary__source_adequate_ok__dd6d7a3461399330"", ""component_alternatives__plant__gas_ledger__balance__a530b58ca455c8b8"", ""component_alternatives__plant__water_ic1__evaluation_defined_ok__49d1611637350e3c"", ""component_alternatives__plant__water_ic2__evaluation_defined_ok__06ab6aea3f7f761b"", ""component_alternatives__plant__water_pre__evaluation_defined_ok__bc4741b386520ff5""]","[""water_ic1"", ""water_ic2"", ""water_pre""]",[],2800.0,2938.4527131777613,1500.0,1.5,"[25.0, 25.0, 25.0]",14.0,4.0,250.0,1060.283449630589,635.2073163047941,40.065431481735075,29.74326258522908,1085.9362008951196,25.652751264530504,1060.283449630589,1878.1692635471718,0.0,4.547473508864641e-13,4.547473508864641e-13,3416541628.17324,2684142269.0865183,53682845.38173037,2832.210038746655,5500364.330206227,356935332.75198704,258223665.0278619,620659362.1100552,15.372451026882835,7894870.5659493655,121363511.1386354,4862481439.907787,4862481439.907787,40.065431481735075,1.0,825236911.6143736,43538.01011847889,635.3884836818128,0.1811673770186989,635.2073163047941,13.148279288892457,748.8746340374555,2290.097117584075,1541.2224835466195,1540673674.8191283,1540673674.8191283,30813473.496382564,0.0,0.0,0.0,148218076.03332967,148218076.03332967,15.372451026882835,4729753.6772054965,72707906.7720605,2162570363.143751,2162570363.143751,29.74326258522908,1.0,473678612.2912932,0.0
gas-q2800-m1500-r1.5-ua25-25-40,20260926-design-study-component-alternatives:c0137,completed,"[""gas_catalog""]",[],cooler_no_root,False,diagnostic_agreement_not_released,False,[],[],"[""component_alternatives__plant__gas_boundary__source_adequate_ok__dd6d7a3461399330"", ""component_alternatives__plant__gas_ledger__balance__a530b58ca455c8b8"", ""component_alternatives__plant__water_ic1__evaluation_defined_ok__49d1611637350e3c"", ""component_alternatives__plant__water_ic2__evaluation_defined_ok__06ab6aea3f7f761b"", ""component_alternatives__plant__water_pre__evaluation_defined_ok__bc4741b386520ff5""]","[""water_ic1"", ""water_ic2"", ""water_pre""]",[],2800.0,2938.4527131777613,1500.0,1.5,"[25.0, 25.0, 40.0]",14.0,4.0,250.0,1060.283449630589,635.2073163047941,40.065431481735075,29.74326258522908,1085.9362008951196,25.652751264530504,1060.283449630589,1878.1692635471718,0.0,4.547473508864641e-13,4.547473508864641e-13,3416541628.17324,2684142269.0865183,53682845.38173037,2832.210038746655,5500364.330206227,356935332.75198704,258223665.0278619,620659362.1100552,15.372451026882835,7894870.5659493655,121363511.1386354,4862481439.907787,4862481439.907787,40.065431481735075,1.0,825236911.6143736,43538.01011847889,635.3884836818128,0.1811673770186989,635.2073163047941,13.148279288892457,748.8746340374555,2290.097117584075,1541.2224835466195,1540673674.8191283,1540673674.8191283,30813473.496382564,0.0,0.0,0.0,148218076.03332967,148218076.03332967,15.372451026882835,4729753.6772054965,72707906.7720605,2162570363.143751,2162570363.143751,29.74326258522908,1.0,473678612.2912932,0.0
gas-q2800-m1500-r1.5-ua30-30-50,20260926-design-study-component-alternatives:c0138,completed,"[""gas_catalog""]",[],cooler_no_root,False,diagnostic_agreement_not_released,False,[],[],"[""component_alternatives__plant__gas_boundary__source_adequate_ok__dd6d7a3461399330"", ""component_alternatives__plant__gas_ledger__balance__a530b58ca455c8b8"", ""component_alternatives__plant__water_ic1__evaluation_defined_ok__49d1611637350e3c"", ""component_alternatives__plant__water_ic2__evaluation_defined_ok__06ab6aea3f7f761b"", ""component_alternatives__plant__water_pre__evaluation_defined_ok__bc4741b386520ff5""]","[""water_ic1"", ""water_ic2"", ""water_pre""]",[],2800.0,2938.4527131777613,1500.0,1.5,"[30.0, 30.0, 50.0]",14.0,4.0,250.0,1060.283449630589,635.2073163047941,40.065431481735075,30.26067602021714,1085.9362008951196,25.652751264530504,1060.283449630589,1878.1692635471718,0.0,4.547473508864641e-13,4.547473508864641e-13,3416541628.17324,2684142269.0865183,53682845.38173037,2832.210038746655,5500364.330206227,356935332.75198704,258223665.0278619,620659362.1100552,15.372451026882835,7894870.5659493655,121363511.1386354,4862481439.907787,4862481439.907787,40.065431481735075,1.0,825236911.6143736,43538.01011847889,635.3884836818128,0.1811673770186989,635.2073163047941,13.148279288892457,748.8746340374555,2290.097117584075,1541.2224835466195,1567475215.369684,1567475215.369684,31349504.30739368,0.0,0.0,0.0,150796475.88532883,150796475.88532883,15.372451026882835,4729753.6772054965,72707906.7720605,2200190410.9374747,2200190410.9374747,30.26067602021714,1.0,481918719.68246186,0.0
gas-q2800-m1500-r1.5-ua40-40-60,20260926-design-study-component-alternatives:c0139,completed,"[""gas_catalog""]",[],cooler_no_root,False,diagnostic_agreement_not_released,False,[],[],"[""component_alternatives__plant__gas_boundary__source_adequate_ok__dd6d7a3461399330"", ""component_alternatives__plant__gas_ledger__balance__a530b58ca455c8b8"", ""component_alternatives__plant__water_ic1__evaluation_defined_ok__49d1611637350e3c"", ""component_alternatives__plant__water_ic2__evaluation_defined_ok__06ab6aea3f7f761b"", ""component_alternatives__plant__water_pre__evaluation_defined_ok__bc4741b386520ff5""]","[""water_ic1"", ""water_ic2"", ""water_pre""]",[],2800.0,2938.4527131777613,1500.0,1.5,"[40.0, 40.0, 60.0]",14.0,4.0,250.0,1060.283449630589,635.4516633821283,40.065431481735075,30.76625450907526,1085.9362008951196,25.652751264530504,1060.283449630589,1878.1692635471718,0.0,4.547473508864641e-13,4.547473508864641e-13,3416541628.17324,2684142269.0865183,53682845.38173037,2832.210038746655,5500364.330206227,356935332.75198704,258223665.0278619,620659362.1100552,15.372451026882835,7894870.5659493655,121363511.1386354,4862481439.907787,4862481439.907787,40.065431481735075,1.0,825236911.6143736,43538.01011847889,635.6328617381922,0.18119835606383672,635.4516633821283,13.153297575210635,775.139203603248,2289.847752220422,1514.7085486171743,1594276755.92024,1594276755.92024,31885535.1184048,0.0,0.0,0.0,153374875.737328,153374875.737328,15.372451026882835,4731573.085543328,72735875.53763172,2237810458.7311983,2237810458.7311983,30.76625450907526,1.0,490158827.0736306,0.0
gas-q2800-m1500-r1.65-ua25-25-20,20260926-design-study-component-alternatives:c0140,completed,"[""gas_catalog""]",[],cooler_no_root,False,diagnostic_agreement_not_released,False,[],[],"[""component_alternatives__plant__gas_boundary__source_adequate_ok__dd6d7a3461399330"", ""component_alternatives__plant__gas_ledger__balance__a530b58ca455c8b8"", ""component_alternatives__plant__water_ic1__evaluation_defined_ok__49d1611637350e3c"", ""component_alternatives__plant__water_ic2__evaluation_defined_ok__06ab6aea3f7f761b""]","[""water_ic1"", ""water_ic2""]",[],2800.0,2938.4527131777613,1500.0,1.65,"[25.0, 25.0, 20.0]",14.0,4.0,250.0,1060.283449630589,634.7370834548221,40.065431481735075,29.765297313461417,1085.9362008951196,25.652751264530504,1060.283449630589,1878.1692635471718,0.0,4.547473508864641e-13,4.547473508864641e-13,3416541628.17324,2684142269.0865183,53682845.38173037,2832.210038746655,5500364.330206227,356935332.75198704,258223665.0278619,620659362.1100552,15.372451026882835,7894870.5659493655,121363511.1386354,4862481439.907787,4862481439.907787,40.065431481735075,1.0,825236911.6143736,43538.01011847889,637.3106403471621,2.573556892339954,634.7370834548221,672.4262598946318,434.9972549734448,1631.2893698283076,1196.2921148548626,1540673674.8191283,1540673674.8191283,30813473.496382564,0.0,0.0,0.0,148218076.03332967,148218076.03332967,15.372451026882835,4726252.3234046055,72654082.38222851,2162570363.143751,2162570363.143751,29.765297313461417,1.0,473678612.2912932,0.0
gas-q2800-m1500-r1.65-ua25-25-25,20260926-design-study-component-alternatives:c0141,completed,"[""gas_catalog""]",[],cooler_no_root,False,diagnostic_agreement_not_released,False,[],[],"[""component_alternatives__plant__gas_boundary__source_adequate_ok__dd6d7a3461399330"", ""component_alternatives__plant__gas_ledger__balance__a530b58ca455c8b8"", ""component_alternatives__plant__water_ic1__evaluation_defined_ok__49d1611637350e3c"", ""component_alternatives__plant__water_ic2__evaluation_defined_ok__06ab6aea3f7f761b"", ""component_alternatives__plant__water_pre__evaluation_defined_ok__bc4741b386520ff5""]","[""water_ic1"", ""water_ic2"", ""water_pre""]",[],2800.0,2938.4527131777613,1500.0,1.65,"[25.0, 25.0, 25.0]",14.0,4.0,250.0,1060.283449630589,637.1292293043291,40.065431481735075,29.65354144172801,1085.9362008951196,25.652751264530504,1060.283449630589,1878.1692635471718,0.0,4.547473508864641e-13,4.547473508864641e-13,3416541628.17324,2684142269.0865183,53682845.38173037,2832.210038746655,5500364.330206227,356935332.75198704,258223665.0278619,620659362.1100552,15.372451026882835,7894870.5659493655,121363511.1386354,4862481439.907787,4862481439.907787,40.065431481735075,1.0,825236911.6143736,43538.01011847889,637.3106403471621,0.18141104283297116,637.1292293043291,13.187750641754699,434.9972549734448,2288.135733231678,1853.1384782582327,1540673674.8191283,1540673674.8191283,30813473.496382564,0.0,0.0,0.0,148218076.03332967,148218076.03332967,15.372451026882835,4744064.241400035,72927895.21930811,2162570363.143751,2162570363.143751,29.65354144172801,1.0,473678612.2912932,0.0
gas-q2800-m1500-r1.65-ua25-25-40,20260926-design-study-component-alternatives:c0142,completed,"[""gas_catalog""]",[],cooler_no_root,False,diagnostic_agreement_not_released,False,[],[],"[""component_alternatives__plant__gas_boundary__source_adequate_ok__dd6d7a3461399330"", ""component_alternatives__plant__gas_ledger__balance__a530b58ca455c8b8"", ""component_alternatives__plant__water_ic1__evaluation_defined_ok__49d1611637350e3c"", ""component_alternatives__plant__water_ic2__evaluation_defined_ok__06ab6aea3f7f761b"", ""component_alternatives__plant__water_pre__evaluation_defined_ok__bc4741b386520ff5""]","[""water_ic1"", ""water_ic2"", ""water_pre""]",[],2800.0,2938.4527131777613,1500.0,1.65,"[25.0, 25.0, 40.0]",14.0,4.0,250.0,1060.283449630589,637.1292293043291,40.065431481735075,29.65354144172801,1085.9362008951196,25.652751264530504,1060.283449630589,1878.1692635471718,0.0,4.547473508864641e-13,4.547473508864641e-13,3416541628.17324,2684142269.0865183,53682845.38173037,2832.210038746655,5500364.330206227,356935332.75198704,258223665.0278619,620659362.1100552,15.372451026882835,7894870.5659493655,121363511.1386354,4862481439.907787,4862481439.907787,40.065431481735075,1.0,825236911.6143736,43538.01011847889,637.3106403471621,0.18141104283297116,637.1292293043291,13.187750641754699,434.9972549734448,2288.135733231678,1853.1384782582327,1540673674.8191283,1540673674.8191283,30813473.496382564,0.0,0.0,0.0,148218076.03332967,148218076.03332967,15.372451026882835,4744064.241400035,72927895.21930811,2162570363.143751,2162570363.143751,29.65354144172801,1.0,473678612.2912932,0.0
gas-q2800-m1500-r1.65-ua30-30-50,20260926-design-study-component-alternatives:c0143,completed,"[""gas_catalog""]",[],cooler_no_root,False,diagnostic_agreement_not_released,False,[],[],"[""component_alternatives__plant__gas_boundary__source_adequate_ok__dd6d7a3461399330"", ""component_alternatives__plant__gas_ledger__balance__a530b58ca455c8b8"", ""component_alternatives__plant__water_ic1__evaluation_defined_ok__49d1611637350e3c"", ""component_alternatives__plant__water_ic2__evaluation_defined_ok__06ab6aea3f7f761b"", ""component_alternatives__plant__water_pre__evaluation_defined_ok__bc4741b386520ff5""]","[""water_ic1"", ""water_ic2"", ""water_pre""]",[],2800.0,2938.4527131777613,1500.0,1.65,"[30.0, 30.0, 50.0]",14.0,4.0,250.0,1060.283449630589,637.1292293043291,40.065431481735075,30.169394088792522,1085.9362008951196,25.652751264530504,1060.283449630589,1878.1692635471718,0.0,4.547473508864641e-13,4.547473508864641e-13,3416541628.17324,2684142269.0865183,53682845.38173037,2832.210038746655,5500364.330206227,356935332.75198704,258223665.0278619,620659362.1100552,15.372451026882835,7894870.5659493655,121363511.1386354,4862481439.907787,4862481439.907787,40.065431481735075,1.0,825236911.6143736,43538.01011847889,637.3106403471621,0.18141104283297116,637.1292293043291,13.187750641754699,434.9972549734448,2288.135733231678,1853.1384782582327,1567475215.369684,1567475215.369684,31349504.30739368,0.0,0.0,0.0,150796475.88532883,150796475.88532883,15.372451026882835,4744064.241400035,72927895.21930811,2200190410.9374747,2200190410.9374747,30.169394088792522,1.0,481918719.68246186,0.0
gas-q2800-m1500-r1.65-ua40-40-60,20260926-design-study-component-alternatives:c0144,completed,"[""gas_catalog""]",[],cooler_no_root,False,diagnostic_agreement_not_released,False,[],[],"[""component_alternatives__plant__gas_boundary__source_adequate_ok__dd6d7a3461399330"", ""component_alternatives__plant__gas_ledger__balance__a530b58ca455c8b8"", ""component_alternatives__plant__water_ic1__evaluation_defined_ok__49d1611637350e3c"", ""component_alternatives__plant__water_ic2__evaluation_defined_ok__06ab6aea3f7f761b"", ""component_alternatives__plant__water_pre__evaluation_defined_ok__bc4741b386520ff5""]","[""water_ic1"", ""water_ic2"", ""water_pre""]",[],2800.0,2938.4527131777613,1500.0,1.65,"[40.0, 40.0, 60.0]",14.0,4.0,250.0,1060.283449630589,637.2743291780976,40.065431481735075,30.678260065871974,1085.9362008951196,25.652751264530504,1060.283449630589,1878.1692635471718,0.0,4.547473508864641e-13,4.547473508864641e-13,3416541628.17324,2684142269.0865183,53682845.38173037,2832.210038746655,5500364.330206227,356935332.75198704,258223665.0278619,620659362.1100552,15.372451026882835,7894870.5659493655,121363511.1386354,4862481439.907787,4862481439.907787,40.065431481735075,1.0,825236911.6143736,43538.01011847889,637.4557586171217,0.18142943902410996,637.2743291780976,13.190730635291866,448.20328204481757,2287.987653364372,1839.7843713195543,1594276755.92024,1594276755.92024,31885535.1184048,0.0,0.0,0.0,153374875.737328,153374875.737328,15.372451026882835,4745144.655060114,72944503.82538645,2237810458.7311983,2237810458.7311983,30.678260065871974,1.0,490158827.0736306,0.0
gas-q2800-m1500-r1.8-ua25-25-20,20260926-design-study-component-alternatives:c0145,completed,"[""gas_catalog""]",[],cooler_no_root,False,diagnostic_agreement_not_released,False,[],[],"[""component_alternatives__plant__gas_boundary__source_adequate_ok__dd6d7a3461399330"", ""component_alternatives__plant__gas_ledger__balance__a530b58ca455c8b8"", ""component_alternatives__plant__water_ic1__evaluation_defined_ok__49d1611637350e3c"", ""component_alternatives__plant__water_ic2__evaluation_defined_ok__06ab6aea3f7f761b""]","[""water_ic1"", ""water_ic2""]",[],2800.0,2938.4527131777613,1500.0,1.8,"[25.0, 25.0, 20.0]",14.0,4.0,250.0,1060.283449630589,588.0131062687683,40.065431481735075,32.130470908715594,1085.9362008951196,25.652751264530504,1060.283449630589,1878.1692635471718,0.0,4.547473508864641e-13,4.547473508864641e-13,3416541628.17324,2684142269.0865183,53682845.38173037,2832.210038746655,5500364.330206227,356935332.75198704,258223665.0278619,620659362.1100552,15.372451026882835,7894870.5659493655,121363511.1386354,4862481439.907787,4862481439.907787,40.065431481735075,1.0,825236911.6143736,43538.01011847889,591.5367927236609,3.5236864548926965,588.0131062687683,740.0754660905592,180.66120533768026,1610.364140818434,1429.7029354807537,1540673674.8191283,1540673674.8191283,30813473.496382564,0.0,0.0,0.0,148218076.03332967,148218076.03332967,15.372451026882835,4378345.589277249,67305903.14993298,2162570363.143751,2162570363.143751,32.130470908715594,1.0,473678612.2912932,0.0
gas-q2800-m1500-r1.8-ua25-25-25,20260926-design-study-component-alternatives:c0146,completed,"[""gas_catalog""]",[],cooler_no_root,False,diagnostic_agreement_not_released,False,[],[],"[""component_alternatives__plant__gas_boundary__source_adequate_ok__dd6d7a3461399330"", ""component_alternatives__plant__gas_ledger__balance__a530b58ca455c8b8"", ""component_alternatives__plant__water_ic1__evaluation_defined_ok__49d1611637350e3c"", ""component_alternatives__plant__water_ic2__evaluation_defined_ok__06ab6aea3f7f761b"", ""component_alternatives__plant__water_pre__evaluation_defined_ok__bc4741b386520ff5""]","[""water_ic1"", ""water_ic2"", ""water_pre""]",[],2800.0,2938.4527131777613,1500.0,1.8,"[25.0, 25.0, 25.0]",14.0,4.0,250.0,1060.283449630589,591.3611842889372,40.065431481735075,31.948559538329498,1085.9362008951196,25.652751264530504,1060.283449630589,1878.1692635471718,0.0,4.547473508864641e-13,4.547473508864641e-13,3416541628.17324,2684142269.0865183,53682845.38173037,2832.210038746655,5500364.330206227,356935332.75198704,258223665.0278619,620659362.1100552,15.372451026882835,7894870.5659493655,121363511.1386354,4862481439.907787,4862481439.907787,40.065431481735075,1.0,825236911.6143736,43538.01011847889,591.5367927236609,0.17560843472374943,591.3611842889372,12.247787878063768,180.66120533768026,2334.8437410107604,2154.18253567308,1540673674.8191283,1540673674.8191283,30813473.496382564,0.0,0.0,0.0,148218076.03332967,148218076.03332967,15.372451026882835,4403275.378215427,67689135.10949564,2162570363.143751,2162570363.143751,31.948559538329498,1.0,473678612.2912932,0.0
gas-q2800-m1500-r1.8-ua25-25-40,20260926-design-study-component-alternatives:c0147,completed,"[""gas_catalog""]",[],cooler_no_root,False,diagnostic_agreement_not_released,False,[],[],"[""component_alternatives__plant__gas_boundary__source_adequate_ok__dd6d7a3461399330"", ""component_alternatives__plant__gas_ledger__balance__a530b58ca455c8b8"", ""component_alternatives__plant__water_ic1__evaluation_defined_ok__49d1611637350e3c"", ""component_alternatives__plant__water_ic2__evaluation_defined_ok__06ab6aea3f7f761b"", ""component_alternatives__plant__water_pre__evaluation_defined_ok__bc4741b386520ff5""]","[""water_ic1"", ""water_ic2"", ""water_pre""]",[],2800.0,2938.4527131777613,1500.0,1.8,"[25.0, 25.0, 40.0]",14.0,4.0,250.0,1060.283449630589,591.3611842889372,40.065431481735075,31.948559538329498,1085.9362008951196,25.652751264530504,1060.283449630589,1878.1692635471718,0.0,4.547473508864641e-13,4.547473508864641e-13,3416541628.17324,2684142269.0865183,53682845.38173037,2832.210038746655,5500364.330206227,356935332.75198704,258223665.0278619,620659362.1100552,15.372451026882835,7894870.5659493655,121363511.1386354,4862481439.907787,4862481439.907787,40.065431481735075,1.0,825236911.6143736,43538.01011847889,591.5367927236609,0.17560843472374943,591.3611842889372,12.247787878063768,180.66120533768026,2334.8437410107604,2154.18253567308,1540673674.8191283,1540673674.8191283,30813473.496382564,0.0,0.0,0.0,148218076.03332967,148218076.03332967,15.372451026882835,4403275.378215427,67689135.10949564,2162570363.143751,2162570363.143751,31.948559538329498,1.0,473678612.2912932,0.0
gas-q2800-m1500-r1.8-ua30-30-50,20260926-design-study-component-alternatives:c0148,completed,"[""gas_catalog""]",[],cooler_no_root,False,diagnostic_agreement_not_released,False,[],[],"[""component_alternatives__plant__gas_boundary__source_adequate_ok__dd6d7a3461399330"", ""component_alternatives__plant__gas_ledger__balance__a530b58ca455c8b8"", ""component_alternatives__plant__water_ic1__evaluation_defined_ok__49d1611637350e3c"", ""component_alternatives__plant__water_ic2__evaluation_defined_ok__06ab6aea3f7f761b"", ""component_alternatives__plant__water_pre__evaluation_defined_ok__bc4741b386520ff5""]","[""water_ic1"", ""water_ic2"", ""water_pre""]",[],2800.0,2938.4527131777613,1500.0,1.8,"[30.0, 30.0, 50.0]",14.0,4.0,250.0,1060.283449630589,591.3611842889372,40.065431481735075,32.50433629235167,1085.9362008951196,25.652751264530504,1060.283449630589,1878.1692635471718,0.0,4.547473508864641e-13,4.547473508864641e-13,3416541628.17324,2684142269.0865183,53682845.38173037,2832.210038746655,5500364.330206227,356935332.75198704,258223665.0278619,620659362.1100552,15.372451026882835,7894870.5659493655,121363511.1386354,4862481439.907787,4862481439.907787,40.065431481735075,1.0,825236911.6143736,43538.01011847889,591.5367927236609,0.17560843472374943,591.3611842889372,12.247787878063768,180.66120533768026,2334.8437410107604,2154.18253567308,1567475215.369684,1567475215.369684,31349504.30739368,0.0,0.0,0.0,150796475.88532883,150796475.88532883,15.372451026882835,4403275.378215427,67689135.10949564,2200190410.9374747,2200190410.9374747,32.50433629235167,1.0,481918719.68246186,0.0
gas-q2800-m1500-r1.8-ua40-40-60,20260926-design-study-component-alternatives:c0149,completed,"[""gas_catalog""]",[],cooler_no_root,False,diagnostic_agreement_not_released,False,[],[],"[""component_alternatives__plant__gas_boundary__source_adequate_ok__dd6d7a3461399330"", ""component_alternatives__plant__gas_ledger__balance__a530b58ca455c8b8"", ""component_alternatives__plant__water_ic1__evaluation_defined_ok__49d1611637350e3c"", ""component_alternatives__plant__water_ic2__evaluation_defined_ok__06ab6aea3f7f761b"", ""component_alternatives__plant__water_pre__evaluation_defined_ok__bc4741b386520ff5""]","[""water_ic1"", ""water_ic2"", ""water_pre""]",[],2800.0,2938.4527131777613,1500.0,1.8,"[40.0, 40.0, 60.0]",14.0,4.0,250.0,1060.283449630589,591.3879348910731,40.065431481735075,33.05861761862077,1085.9362008951196,25.652751264530504,1060.283449630589,1878.1692635471718,0.0,4.547473508864641e-13,4.547473508864641e-13,3416541628.17324,2684142269.0865183,53682845.38173037,2832.210038746655,5500364.330206227,356935332.75198704,258223665.0278619,620659362.1100552,15.372451026882835,7894870.5659493655,121363511.1386354,4862481439.907787,4862481439.907787,40.065431481735075,1.0,825236911.6143736,43538.01011847889,591.5635467173173,0.17561182624420474,591.3879348910731,12.24833726945472,182.82454445215126,2334.8164410172335,2151.9918965650822,1594276755.92024,1594276755.92024,31885535.1184048,0.0,0.0,0.0,153374875.737328,153374875.737328,15.372451026882835,4403474.56319893,67692197.07089983,2237810458.7311983,2237810458.7311983,33.05861761862077,1.0,490158827.0736306,0.0
gas-q2800-m1750-r1.2-ua25-25-20,20260926-design-study-component-alternatives:c0150,completed,"[""gas_catalog""]",[],equipment_or_coupling_insufficient,False,diagnostic_agreement_not_released,False,[],[],"[""component_alternatives__plant__gas_boundary__source_adequate_ok__dd6d7a3461399330""]",[],[],2800.0,2938.4527131777613,1750.0,1.2,"[25.0, 25.0, 20.0]",14.0,4.0,250.0,1060.283449630589,442.3834250575978,40.065431481735075,42.7076082302412,1085.9362008951196,25.652751264530504,1060.283449630589,1878.1692635471718,0.0,4.547473508864641e-13,4.547473508864641e-13,3416541628.17324,2684142269.0865183,53682845.38173037,2832.210038746655,5500364.330206227,356935332.75198704,258223665.0278619,620659362.1100552,15.372451026882835,7894870.5659493655,121363511.1386354,4862481439.907787,4862481439.907787,40.065431481735075,1.0,825236911.6143736,43538.01011847889,447.7957283343361,5.4123032767383,442.3834250575978,1087.2110542865546,1408.858233832326,1408.858233833609,1.2828422768507153e-09,1540673674.8191283,1540673674.8191283,30813473.496382564,0.0,0.0,0.0,148218076.03332967,148218076.03332967,15.372451026882835,3293986.982978873,50636653.579032265,2162570363.143751,2162570363.143751,42.7076082302412,1.0,473678612.2912932,0.0
gas-q2800-m1750-r1.2-ua25-25-25,20260926-design-study-component-alternatives:c0151,completed,"[""gas_catalog""]",[],equipment_or_coupling_insufficient,False,diagnostic_agreement_not_released,False,[],[],"[""component_alternatives__plant__gas_boundary__source_adequate_ok__dd6d7a3461399330""]",[],[],2800.0,2938.4527131777613,1750.0,1.2,"[25.0, 25.0, 25.0]",14.0,4.0,250.0,1060.283449630589,445.26064325430656,40.065431481735075,42.43163704482525,1085.9362008951196,25.652751264530504,1060.283449630589,1878.1692635471718,0.0,4.547473508864641e-13,4.547473508864641e-13,3416541628.17324,2684142269.0865183,53682845.38173037,2832.210038746655,5500364.330206227,356935332.75198704,258223665.0278619,620659362.1100552,15.372451026882835,7894870.5659493655,121363511.1386354,4862481439.907787,4862481439.907787,40.065431481735075,1.0,825236911.6143736,43538.01011847889,447.7957283343361,2.535085080029521,445.26064325430656,1084.3338360898458,1408.858233832326,1408.858233833609,1.2828422768507153e-09,1540673674.8191283,1540673674.8191283,30813473.496382564,0.0,0.0,0.0,148218076.03332967,148218076.03332967,15.372451026882835,3315410.7496715663,50965989.38332706,2162570363.143751,2162570363.143751,42.43163704482525,1.0,473678612.2912932,0.0
gas-q2800-m1750-r1.2-ua25-25-40,20260926-design-study-component-alternatives:c0152,completed,"[""gas_catalog""]",[],cooler_no_root,False,diagnostic_agreement_not_released,False,[],[],"[""component_alternatives__plant__gas_boundary__source_adequate_ok__dd6d7a3461399330"", ""component_alternatives__plant__gas_ledger__balance__a530b58ca455c8b8"", ""component_alternatives__plant__water_pre__evaluation_defined_ok__bc4741b386520ff5""]","[""water_pre""]",[],2800.0,2938.4527131777613,1750.0,1.2,"[25.0, 25.0, 40.0]",14.0,4.0,250.0,1060.283449630589,446.55041878716514,40.065431481735075,42.30908137142964,1085.9362008951196,25.652751264530504,1060.283449630589,1878.1692635471718,0.0,4.547473508864641e-13,4.547473508864641e-13,3416541628.17324,2684142269.0865183,53682845.38173037,2832.210038746655,5500364.330206227,356935332.75198704,258223665.0278619,620659362.1100552,15.372451026882835,7894870.5659493655,121363511.1386354,4862481439.907787,4862481439.907787,40.065431481735075,1.0,825236911.6143736,43538.01011847889,447.7957283343361,1.24530954717096,446.55041878716514,486.47396792577393,1408.858233832326,2005.4283264648222,596.5700926324962,1540673674.8191283,1540673674.8191283,30813473.496382564,0.0,0.0,0.0,148218076.03332967,148218076.03332967,15.372451026882835,3325014.4182892316,51113621.30883053,2162570363.143751,2162570363.143751,42.30908137142964,1.0,473678612.2912932,0.0
gas-q2800-m1750-r1.2-ua30-30-50,20260926-design-study-component-alternatives:c0153,completed,"[""gas_catalog""]",[],cooler_no_root,False,diagnostic_agreement_not_released,False,[],[],"[""component_alternatives__plant__gas_boundary__source_adequate_ok__dd6d7a3461399330"", ""component_alternatives__plant__gas_ledger__balance__a530b58ca455c8b8"", ""component_alternatives__plant__water_pre__evaluation_defined_ok__bc4741b386520ff5""]","[""water_pre""]",[],2800.0,2938.4527131777613,1750.0,1.2,"[30.0, 30.0, 50.0]",14.0,4.0,250.0,1060.283449630589,446.6557867740023,40.065431481735075,43.03493511905794,1085.9362008951196,25.652751264530504,1060.283449630589,1878.1692635471718,0.0,4.547473508864641e-13,4.547473508864641e-13,3416541628.17324,2684142269.0865183,53682845.38173037,2832.210038746655,5500364.330206227,356935332.75198704,258223665.0278619,620659362.1100552,15.372451026882835,7894870.5659493655,121363511.1386354,4862481439.907787,4862481439.907787,40.065431481735075,1.0,825236911.6143736,43538.01011847889,447.7957283343361,1.1399415603338037,446.6557867740023,486.36859993893677,1408.858233832326,2005.4283264648225,596.5700926324962,1567475215.369684,1567475215.369684,31349504.30739368,0.0,0.0,0.0,150796475.88532883,150796475.88532883,15.372451026882835,3325798.988319221,51125682.07319371,2200190410.9374747,2200190410.9374747,43.03493511905794,1.0,481918719.68246186,0.0
gas-q2800-m1750-r1.2-ua40-40-60,20260926-design-study-component-alternatives:c0154,completed,"[""gas_catalog""]",[],cooler_no_root,False,diagnostic_agreement_not_released,False,[],[],"[""component_alternatives__plant__gas_boundary__source_adequate_ok__dd6d7a3461399330"", ""component_alternatives__plant__gas_ledger__balance__a530b58ca455c8b8"", ""component_alternatives__plant__water_pre__evaluation_defined_ok__bc4741b386520ff5""]","[""water_pre""]",[],2800.0,2938.4527131777613,1750.0,1.2,"[40.0, 40.0, 60.0]",14.0,4.0,250.0,1060.283449630589,447.5269471026828,40.065431481735075,43.685565149541766,1085.9362008951196,25.652751264530504,1060.283449630589,1878.1692635471718,0.0,4.547473508864641e-13,4.547473508864641e-13,3416541628.17324,2684142269.0865183,53682845.38173037,2832.210038746655,5500364.330206227,356935332.75198704,258223665.0278619,620659362.1100552,15.372451026882835,7894870.5659493655,121363511.1386354,4862481439.907787,4862481439.907787,40.065431481735075,1.0,825236911.6143736,43538.01011847889,448.5770037690262,1.0500566663434026,447.5269471026828,486.29465944157266,1488.1488185039598,2004.631106633506,516.4822881295461,1594276755.92024,1594276755.92024,31885535.1184048,0.0,0.0,0.0,153374875.737328,153374875.737328,15.372451026882835,3332285.648126576,51225397.93341032,2237810458.7311983,2237810458.7311983,43.685565149541766,1.0,490158827.0736306,0.0
gas-q2800-m1750-r1.35-ua25-25-20,20260926-design-study-component-alternatives:c0155,completed,"[""gas_catalog""]",[],equipment_or_coupling_insufficient,False,diagnostic_agreement_not_released,False,[],[],"[""component_alternatives__plant__gas_boundary__source_adequate_ok__dd6d7a3461399330""]",[],[],2800.0,2938.4527131777613,1750.0,1.35,"[25.0, 25.0, 20.0]",14.0,4.0,250.0,1060.283449630589,631.9557860223882,40.065431481735075,29.89629721380987,1085.9362008951196,25.652751264530504,1060.283449630589,1878.1692635471718,0.0,4.547473508864641e-13,4.547473508864641e-13,3416541628.17324,2684142269.0865183,53682845.38173037,2832.210038746655,5500364.330206227,356935332.75198704,258223665.0278619,620659362.1100552,15.372451026882835,7894870.5659493655,121363511.1386354,4862481439.907787,4862481439.907787,40.065431481735075,1.0,825236911.6143736,43538.01011847889,640.6472991724622,8.691513150073964,631.9557860223882,1467.985532016127,838.5113951485009,838.5113951392461,-9.254790711565875e-09,1540673674.8191283,1540673674.8191283,30813473.496382564,0.0,0.0,0.0,148218076.03332967,148218076.03332967,15.372451026882835,4705542.782722703,72335725.98230673,2162570363.143751,2162570363.143751,29.89629721380987,1.0,473678612.2912932,0.0
gas-q2800-m1750-r1.35-ua25-25-25,20260926-design-study-component-alternatives:c0156,completed,"[""gas_catalog""]",[],equipment_or_coupling_insufficient,False,diagnostic_agreement_not_released,False,[],[],"[""component_alternatives__plant__gas_boundary__source_adequate_ok__dd6d7a3461399330""]",[],[],2800.0,2938.4527131777613,1750.0,1.35,"[25.0, 25.0, 25.0]",14.0,4.0,250.0,1060.283449630589,637.3699001681549,40.065431481735075,29.642344264967093,1085.9362008951196,25.652751264530504,1060.283449630589,1878.1692635471718,0.0,4.547473508864641e-13,4.547473508864641e-13,3416541628.17324,2684142269.0865183,53682845.38173037,2832.210038746655,5500364.330206227,356935332.75198704,258223665.0278619,620659362.1100552,15.372451026882835,7894870.5659493655,121363511.1386354,4862481439.907787,4862481439.907787,40.065431481735075,1.0,825236911.6143736,43538.01011847889,640.6472991724622,3.2773990043072923,637.3699001681549,1462.5714178703604,838.5113951485009,838.5113951392461,-9.254790711565875e-09,1540673674.8191283,1540673674.8191283,30813473.496382564,0.0,0.0,0.0,148218076.03332967,148218076.03332967,15.372451026882835,4745856.276652081,72955443.19345863,2162570363.143751,2162570363.143751,29.642344264967093,1.0,473678612.2912932,0.0
gas-q2800-m1750-r1.35-ua25-25-40,20260926-design-study-component-alternatives:c0157,completed,"[""gas_catalog""]",[],cooler_no_root,False,diagnostic_agreement_not_released,False,[],[],"[""component_alternatives__plant__gas_boundary__source_adequate_ok__dd6d7a3461399330"", ""component_alternatives__plant__gas_ledger__balance__a530b58ca455c8b8"", ""component_alternatives__plant__water_pre__evaluation_defined_ok__bc4741b386520ff5""]","[""water_pre""]",[],2800.0,2938.4527131777613,1750.0,1.35,"[25.0, 25.0, 40.0]",14.0,4.0,250.0,1060.283449630589,638.8042221072097,40.065431481735075,29.57578762173764,1085.9362008951196,25.652751264530504,1060.283449630589,1878.1692635471718,0.0,4.547473508864641e-13,4.547473508864641e-13,3416541628.17324,2684142269.0865183,53682845.38173037,2832.210038746655,5500364.330206227,356935332.75198704,258223665.0278619,620659362.1100552,15.372451026882835,7894870.5659493655,121363511.1386354,4862481439.907787,4862481439.907787,40.065431481735075,1.0,825236911.6143736,43538.01011847889,640.6472991724622,1.8430770652524697,638.8042221072097,817.5535320967864,838.5113951485009,1482.0949589737652,643.5835638252644,1540673674.8191283,1540673674.8191283,30813473.496382564,0.0,0.0,0.0,148218076.03332967,148218076.03332967,15.372451026882835,4756536.237810283,73119620.3733321,2162570363.143751,2162570363.143751,29.57578762173764,1.0,473678612.2912932,0.0
gas-q2800-m1750-r1.35-ua30-30-50,20260926-design-study-component-alternatives:c0158,completed,"[""gas_catalog""]",[],cooler_no_root,False,diagnostic_agreement_not_released,False,[],[],"[""component_alternatives__plant__gas_boundary__source_adequate_ok__dd6d7a3461399330"", ""component_alternatives__plant__gas_ledger__balance__a530b58ca455c8b8"", ""component_alternatives__plant__water_ic1__evaluation_defined_ok__49d1611637350e3c"", ""component_alternatives__plant__water_ic2__evaluation_defined_ok__06ab6aea3f7f761b"", ""component_alternatives__plant__water_pre__evaluation_defined_ok__bc4741b386520ff5""]","[""water_ic1"", ""water_ic2"", ""water_pre""]",[],2800.0,2938.4527131777613,1750.0,1.35,"[30.0, 30.0, 50.0]",14.0,4.0,250.0,1060.283449630589,640.4654651517814,40.065431481735075,30.01223930132699,1085.9362008951196,25.652751264530504,1060.283449630589,1878.1692635471718,0.0,4.547473508864641e-13,4.547473508864641e-13,3416541628.17324,2684142269.0865183,53682845.38173037,2832.210038746655,5500364.330206227,356935332.75198704,258223665.0278619,620659362.1100552,15.372451026882835,7894870.5659493655,121363511.1386354,4862481439.907787,4862481439.907787,40.065431481735075,1.0,825236911.6143736,43538.01011847889,640.6472991724622,0.18183402068086033,640.4654651517814,13.256268697669945,838.5113951485009,2284.7309793283102,1446.2195841798093,1567475215.369684,1567475215.369684,31349504.30739368,0.0,0.0,0.0,150796475.88532883,150796475.88532883,15.372451026882835,4768905.853520164,73309771.68505362,2200190410.9374747,2200190410.9374747,30.01223930132699,1.0,481918719.68246186,0.0
gas-q2800-m1750-r1.35-ua40-40-60,20260926-design-study-component-alternatives:c0159,completed,"[""gas_catalog""]",[],cooler_no_root,False,diagnostic_agreement_not_released,False,[],[],"[""component_alternatives__plant__gas_boundary__source_adequate_ok__dd6d7a3461399330"", ""component_alternatives__plant__gas_ledger__balance__a530b58ca455c8b8"", ""component_alternatives__plant__water_ic1__evaluation_defined_ok__49d1611637350e3c"", ""component_alternatives__plant__water_ic2__evaluation_defined_ok__06ab6aea3f7f761b"", ""component_alternatives__plant__water_pre__evaluation_defined_ok__bc4741b386520ff5""]","[""water_ic1"", ""water_ic2"", ""water_pre""]",[],2800.0,2938.4527131777613,1750.0,1.35,"[40.0, 40.0, 60.0]",14.0,4.0,250.0,1060.283449630589,641.302515293432,40.065431481735075,30.485562020420804,1085.9362008951196,25.652751264530504,1060.283449630589,1878.1692635471718,0.0,4.547473508864641e-13,4.547473508864641e-13,3416541628.17324,2684142269.0865183,53682845.38173037,2832.210038746655,5500364.330206227,356935332.75198704,258223665.0278619,620659362.1100552,15.372451026882835,7894870.5659493655,121363511.1386354,4862481439.907787,4862481439.907787,40.065431481735075,1.0,825236911.6143736,43538.01011847889,641.4844554378054,0.18194014437345213,641.302515293432,13.273459643104141,891.8086465464235,2283.876738241225,1392.0680916948018,1594276755.92024,1594276755.92024,31885535.1184048,0.0,0.0,0.0,153374875.737328,153374875.737328,15.372451026882835,4775138.528874895,73405583.18171066,2237810458.7311983,2237810458.7311983,30.485562020420804,1.0,490158827.0736306,0.0
gas-q2800-m1750-r1.5-ua25-25-20,20260926-design-study-component-alternatives:c0160,completed,"[""gas_catalog""]",[],equipment_or_coupling_insufficient,False,numerical_mismatch,True,"[{""channel"": ""component_alternatives__plant__water_pre__evaluate__flow_margin"", ""native"": -608.7376620943251, ""oracle"": -608.7376674751285, ""relative_deviation"": 8.839281309221994e-09, ""absolute_error"": 5.380803486332297e-06, ""absolute_limit"": 0.0}]",[],"[""component_alternatives__plant__gas_boundary__source_adequate_ok__dd6d7a3461399330"", ""component_alternatives__plant__water_pre__flow_margin_ok__129a83656acb8a06""]",[],[],2800.0,2938.4527131777613,1750.0,1.5,"[25.0, 25.0, 20.0]",14.0,4.0,250.0,1060.283449630589,685.0475593605876,40.065431481735075,27.579308541069334,1085.9362008951196,25.652751264530504,1060.283449630589,1878.1692635471718,0.0,4.547473508864641e-13,4.547473508864641e-13,3416541628.17324,2684142269.0865183,53682845.38173037,2832.210038746655,5500364.330206227,356935332.75198704,258223665.0278619,620659362.1100552,15.372451026882835,7894870.5659493655,121363511.1386354,4862481439.907787,4862481439.907787,40.065431481735075,1.0,825236911.6143736,43538.01011847889,713.5484269488217,28.50086758823409,685.0475593605876,1853.854147647241,399.5510061705104,399.55100616993286,-5.775291356258094e-10,1540673674.8191283,1540673674.8191283,30813473.496382564,0.0,0.0,0.0,148218076.03332967,148218076.03332967,15.372451026882835,5100864.126998935,78412783.9870746,2162570363.143751,2162570363.143751,27.579308541069334,1.0,473678612.2912932,0.0
gas-q2800-m1750-r1.5-ua25-25-25,20260926-design-study-component-alternatives:c0161,completed,"[""gas_catalog""]",[],equipment_or_coupling_insufficient,False,diagnostic_agreement_not_released,False,[],[],"[""component_alternatives__plant__gas_boundary__source_adequate_ok__dd6d7a3461399330""]",[],[],2800.0,2938.4527131777613,1750.0,1.5,"[25.0, 25.0, 25.0]",14.0,4.0,250.0,1060.283449630589,709.3668176913258,40.065431481735075,26.633805717612976,1085.9362008951196,25.652751264530504,1060.283449630589,1878.1692635471718,0.0,4.547473508864641e-13,4.547473508864641e-13,3416541628.17324,2684142269.0865183,53682845.38173037,2832.210038746655,5500364.330206227,356935332.75198704,258223665.0278619,620659362.1100552,15.372451026882835,7894870.5659493655,121363511.1386354,4862481439.907787,4862481439.907787,40.065431481735075,1.0,825236911.6143736,43538.01011847889,713.5484269488217,4.181609257495869,709.3668176913258,1829.5348893165028,399.5510061705104,399.55100616993286,-5.775291356258094e-10,1540673674.8191283,1540673674.8191283,30813473.496382564,0.0,0.0,0.0,148218076.03332967,148218076.03332967,15.372451026882835,5281945.3245296115,81196445.82800421,2162570363.143751,2162570363.143751,26.633805717612976,1.0,473678612.2912932,0.0
gas-q2800-m1750-r1.5-ua25-25-40,20260926-design-study-component-alternatives:c0162,completed,"[""gas_catalog""]",[],cooler_no_root,False,diagnostic_agreement_not_released,False,[],[],"[""component_alternatives__plant__gas_boundary__source_adequate_ok__dd6d7a3461399330"", ""component_alternatives__plant__gas_ledger__balance__a530b58ca455c8b8"", ""component_alternatives__plant__water_pre__evaluation_defined_ok__bc4741b386520ff5""]","[""water_pre""]",[],2800.0,2938.4527131777613,1750.0,1.5,"[25.0, 25.0, 40.0]",14.0,4.0,250.0,1060.283449630589,711.0116298130606,40.065431481735075,26.572192651587912,1085.9362008951196,25.652751264530504,1060.283449630589,1878.1692635471718,0.0,4.547473508864641e-13,4.547473508864641e-13,3416541628.17324,2684142269.0865183,53682845.38173037,2832.210038746655,5500364.330206227,356935332.75198704,258223665.0278619,620659362.1100552,15.372451026882835,7894870.5659493655,121363511.1386354,4862481439.907787,4862481439.907787,40.065431481735075,1.0,825236911.6143736,43538.01011847889,713.5484269488217,2.536797135761006,711.0116298130606,1125.1663413929089,399.5510061705104,1102.2747419717919,702.7237358012815,1540673674.8191283,1540673674.8191283,30813473.496382564,0.0,0.0,0.0,148218076.03332967,148218076.03332967,15.372451026882835,5294192.595588049,81384716.402563,2162570363.143751,2162570363.143751,26.572192651587912,1.0,473678612.2912932,0.0
gas-q2800-m1750-r1.5-ua30-30-50,20260926-design-study-component-alternatives:c0163,completed,"[""gas_catalog""]",[],cooler_no_root,False,diagnostic_agreement_not_released,False,[],[],"[""component_alternatives__plant__gas_boundary__source_adequate_ok__dd6d7a3461399330"", ""component_alternatives__plant__gas_ledger__balance__a530b58ca455c8b8"", ""component_alternatives__plant__water_ic1__evaluation_defined_ok__49d1611637350e3c"", ""component_alternatives__plant__water_ic2__evaluation_defined_ok__06ab6aea3f7f761b"", ""component_alternatives__plant__water_pre__evaluation_defined_ok__bc4741b386520ff5""]","[""water_ic1"", ""water_ic2"", ""water_pre""]",[],2800.0,2938.4527131777613,1750.0,1.5,"[30.0, 30.0, 50.0]",14.0,4.0,250.0,1060.283449630589,713.3573514792093,40.065431481735075,26.945545264954323,1085.9362008951196,25.652751264530504,1060.283449630589,1878.1692635471718,0.0,4.547473508864641e-13,4.547473508864641e-13,3416541628.17324,2684142269.0865183,53682845.38173037,2832.210038746655,5500364.330206227,356935332.75198704,258223665.0278619,620659362.1100552,15.372451026882835,7894870.5659493655,121363511.1386354,4862481439.907787,4862481439.907787,40.065431481735075,1.0,825236911.6143736,43538.01011847889,713.5484269488217,0.19107546961226513,713.3573514792093,14.753288264486237,399.5510061705104,2210.3420734340657,1810.7910672635555,1567475215.369684,1567475215.369684,31349504.30739368,0.0,0.0,0.0,150796475.88532883,150796475.88532883,15.372451026882835,5311658.839114193,81653215.37579226,2200190410.9374747,2200190410.9374747,26.945545264954323,1.0,481918719.68246186,0.0
gas-q2800-m1750-r1.5-ua40-40-60,20260926-design-study-component-alternatives:c0164,completed,"[""gas_catalog""]",[],cooler_no_root,False,diagnostic_agreement_not_released,False,[],[],"[""component_alternatives__plant__gas_boundary__source_adequate_ok__dd6d7a3461399330"", ""component_alternatives__plant__gas_ledger__balance__a530b58ca455c8b8"", ""component_alternatives__plant__water_ic1__evaluation_defined_ok__49d1611637350e3c"", ""component_alternatives__plant__water_ic2__evaluation_defined_ok__06ab6aea3f7f761b"", ""component_alternatives__plant__water_pre__evaluation_defined_ok__bc4741b386520ff5""]","[""water_ic1"", ""water_ic2"", ""water_pre""]",[],2800.0,2938.4527131777613,1750.0,1.5,"[40.0, 40.0, 60.0]",14.0,4.0,250.0,1060.283449630589,714.0181573537657,40.065431481735075,27.38091097891136,1085.9362008951196,25.652751264530504,1060.283449630589,1878.1692635471718,0.0,4.547473508864641e-13,4.547473508864641e-13,3416541628.17324,2684142269.0865183,53682845.38173037,2832.210038746655,5500364.330206227,356935332.75198704,258223665.0278619,620659362.1100552,15.372451026882835,7894870.5659493655,121363511.1386354,4862481439.907787,4862481439.907787,40.065431481735075,1.0,825236911.6143736,43538.01011847889,714.2093166023011,0.19115924853542016,714.0181573537657,14.766859587357878,432.12813909175065,2209.6676962366378,1777.539557144887,1594276755.92024,1594276755.92024,31885535.1184048,0.0,0.0,0.0,153374875.737328,153374875.737328,15.372451026882835,5316579.199656139,81728853.37725794,2237810458.7311983,2237810458.7311983,27.38091097891136,1.0,490158827.0736306,0.0
gas-q2800-m1750-r1.65-ua25-25-20,20260926-design-study-component-alternatives:c0165,completed,"[""gas_catalog""]",[],cooler_no_root,False,diagnostic_agreement_not_released,False,[],[],"[""component_alternatives__plant__gas_boundary__source_adequate_ok__dd6d7a3461399330"", ""component_alternatives__plant__gas_ledger__balance__a530b58ca455c8b8"", ""component_alternatives__plant__water_pre__evaluation_defined_ok__bc4741b386520ff5""]","[""water_pre""]",[],2800.0,2938.4527131777613,1750.0,1.65,"[25.0, 25.0, 20.0]",14.0,4.0,250.0,1060.283449630589,703.0431175209766,40.065431481735075,26.87337025861496,1085.9362008951196,25.652751264530504,1060.283449630589,1878.1692635471718,0.0,4.547473508864641e-13,4.547473508864641e-13,3416541628.17324,2684142269.0865183,53682845.38173037,2832.210038746655,5500364.330206227,356935332.75198704,258223665.0278619,620659362.1100552,15.372451026882835,7894870.5659493655,121363511.1386354,4862481439.907787,4862481439.907787,40.065431481735075,1.0,825236911.6143736,43538.01011847889,706.485308381631,3.4421908606543283,703.0431175209766,1413.534392369022,52.77916931160462,821.8752032877628,769.0960339761582,1540673674.8191283,1540673674.8191283,30813473.496382564,0.0,0.0,0.0,148218076.03332967,148218076.03332967,15.372451026882835,5234859.053061192,80472614.42581743,2162570363.143751,2162570363.143751,26.87337025861496,1.0,473678612.2912932,0.0
gas-q2800-m1750-r1.65-ua25-25-25,20260926-design-study-component-alternatives:c0166,completed,"[""gas_catalog""]",[],equipment_or_coupling_insufficient,False,diagnostic_agreement_not_released,False,[],[],"[""component_alternatives__plant__gas_boundary__source_adequate_ok__dd6d7a3461399330""]",[],[],2800.0,2938.4527131777613,1750.0,1.65,"[25.0, 25.0, 25.0]",14.0,4.0,250.0,1060.283449630589,701.1117571016158,40.065431481735075,26.947398633016892,1085.9362008951196,25.652751264530504,1060.283449630589,1878.1692635471718,0.0,4.547473508864641e-13,4.547473508864641e-13,3416541628.17324,2684142269.0865183,53682845.38173037,2832.210038746655,5500364.330206227,356935332.75198704,258223665.0278619,620659362.1100552,15.372451026882835,7894870.5659493655,121363511.1386354,4862481439.907787,4862481439.907787,40.065431481735075,1.0,825236911.6143736,43538.01011847889,706.485308381631,5.373551280015088,701.1117571016158,2184.561786764509,52.77916931160462,52.77916931163645,3.183231456205249e-11,1540673674.8191283,1540673674.8191283,30813473.496382564,0.0,0.0,0.0,148218076.03332967,148218076.03332967,15.372451026882835,5220478.143378631,80251544.59600024,2162570363.143751,2162570363.143751,26.947398633016892,1.0,473678612.2912932,0.0
gas-q2800-m1750-r1.65-ua25-25-40,20260926-design-study-component-alternatives:c0167,completed,"[""gas_catalog""]",[],cooler_no_root,False,diagnostic_agreement_not_released,False,[],[],"[""component_alternatives__plant__gas_boundary__source_adequate_ok__dd6d7a3461399330"", ""component_alternatives__plant__gas_ledger__balance__a530b58ca455c8b8"", ""component_alternatives__plant__water_pre__evaluation_defined_ok__bc4741b386520ff5""]","[""water_pre""]",[],2800.0,2938.4527131777613,1750.0,1.65,"[25.0, 25.0, 40.0]",14.0,4.0,250.0,1060.283449630589,703.0431175209766,40.065431481735075,26.87337025861496,1085.9362008951196,25.652751264530504,1060.283449630589,1878.1692635471718,0.0,4.547473508864641e-13,4.547473508864641e-13,3416541628.17324,2684142269.0865183,53682845.38173037,2832.210038746655,5500364.330206227,356935332.75198704,258223665.0278619,620659362.1100552,15.372451026882835,7894870.5659493655,121363511.1386354,4862481439.907787,4862481439.907787,40.065431481735075,1.0,825236911.6143736,43538.01011847889,706.485308381631,3.4421908606543283,703.0431175209766,1413.534392369022,52.77916931160462,821.8752032877628,769.0960339761582,1540673674.8191283,1540673674.8191283,30813473.496382564,0.0,0.0,0.0,148218076.03332967,148218076.03332967,15.372451026882835,5234859.053061192,80472614.42581743,2162570363.143751,2162570363.143751,26.87337025861496,1.0,473678612.2912932,0.0
gas-q2800-m1750-r1.65-ua30-30-50,20260926-design-study-component-alternatives:c0168,completed,"[""gas_catalog""]",[],cooler_no_root,False,diagnostic_agreement_not_released,False,[],[],"[""component_alternatives__plant__gas_boundary__source_adequate_ok__dd6d7a3461399330"", ""component_alternatives__plant__gas_ledger__balance__a530b58ca455c8b8"", ""component_alternatives__plant__water_ic1__evaluation_defined_ok__49d1611637350e3c"", ""component_alternatives__plant__water_ic2__evaluation_defined_ok__06ab6aea3f7f761b"", ""component_alternatives__plant__water_pre__evaluation_defined_ok__bc4741b386520ff5""]","[""water_ic1"", ""water_ic2"", ""water_pre""]",[],2800.0,2938.4527131777613,1750.0,1.65,"[30.0, 30.0, 50.0]",14.0,4.0,250.0,1060.283449630589,706.2951282815627,40.065431481735075,27.214972940756635,1085.9362008951196,25.652751264530504,1060.283449630589,1878.1692635471718,0.0,4.547473508864641e-13,4.547473508864641e-13,3416541628.17324,2684142269.0865183,53682845.38173037,2832.210038746655,5500364.330206227,356935332.75198704,258223665.0278619,620659362.1100552,15.372451026882835,7894870.5659493655,121363511.1386354,4862481439.907787,4862481439.907787,40.065431481735075,1.0,825236911.6143736,43538.01011847889,706.485308381631,0.19018010006825153,706.2951282815627,14.608247618060677,52.77916931160462,2217.5493372781375,2164.7701679665333,1567475215.369684,1567475215.369684,31349504.30739368,0.0,0.0,0.0,150796475.88532883,150796475.88532883,15.372451026882835,5259073.525184516,80844850.21267505,2200190410.9374747,2200190410.9374747,27.214972940756635,1.0,481918719.68246186,0.0
gas-q2800-m1750-r1.65-ua40-40-60,20260926-design-study-component-alternatives:c0169,completed,"[""gas_catalog""]",[],cooler_no_root,False,diagnostic_agreement_not_released,False,[],[],"[""component_alternatives__plant__gas_boundary__source_adequate_ok__dd6d7a3461399330"", ""component_alternatives__plant__gas_ledger__balance__a530b58ca455c8b8"", ""component_alternatives__plant__water_ic1__evaluation_defined_ok__49d1611637350e3c"", ""component_alternatives__plant__water_ic2__evaluation_defined_ok__06ab6aea3f7f761b"", ""component_alternatives__plant__water_pre__evaluation_defined_ok__bc4741b386520ff5""]","[""water_ic1"", ""water_ic2"", ""water_pre""]",[],2800.0,2938.4527131777613,1750.0,1.65,"[40.0, 40.0, 60.0]",14.0,4.0,250.0,1060.283449630589,706.6679193752193,40.065431481735075,27.66570700013492,1085.9362008951196,25.652751264530504,1060.283449630589,1878.1692635471718,0.0,4.547473508864641e-13,4.547473508864641e-13,3416541628.17324,2684142269.0865183,53682845.38173037,2832.210038746655,5500364.330206227,356935332.75198704,258223665.0278619,620659362.1100552,15.372451026882835,7894870.5659493655,121363511.1386354,4862481439.907787,4862481439.907787,40.065431481735075,1.0,825236911.6143736,43538.01011847889,706.858146738845,0.19022736362566092,706.6679193752193,14.61590382768369,68.34049168611136,2217.1688899748583,2148.828398288747,1594276755.92024,1594276755.92024,31885535.1184048,0.0,0.0,0.0,153374875.737328,153374875.737328,15.372451026882835,5261849.327667883,80887521.1004109,2237810458.7311983,2237810458.7311983,27.66570700013492,1.0,490158827.0736306,0.0
gas-q2800-m1750-r1.8-ua25-25-20,20260926-design-study-component-alternatives:c0170,completed,"[""gas_catalog""]",[],cooler_no_root,False,diagnostic_agreement_not_released,False,[],[],"[""component_alternatives__plant__gas_ledger__balance__a530b58ca455c8b8"", ""component_alternatives__plant__water_pre__evaluation_defined_ok__bc4741b386520ff5""]","[""water_pre""]",[],2800.0,2938.4527131777613,1750.0,1.8,"[25.0, 25.0, 20.0]",14.0,4.0,250.0,1060.283449630589,519.8761379451511,40.065431481735075,36.34161413829971,1085.9362008951196,25.652751264530504,1060.283449630589,1878.1692635471718,0.0,4.547473508864641e-13,4.547473508864641e-13,3416541628.17324,2684142269.0865183,53682845.38173037,2832.210038746655,5500364.330206227,356935332.75198704,258223665.0278619,620659362.1100552,15.372451026882835,7894870.5659493655,121363511.1386354,4862481439.907787,4862481439.907787,40.065431481735075,1.0,825236911.6143736,43538.01011847889,524.6101992389462,4.734061293795143,519.8761379451511,1683.4271499573988,0.0,735.1494252752113,735.1494252752113,1540673674.8191283,1540673674.8191283,30813473.496382564,0.0,0.0,0.0,148218076.03332967,148218076.03332967,15.372451026882835,3870997.7231395952,59506722.92413839,2162570363.143751,2162570363.143751,36.34161413829971,1.0,473678612.2912932,0.0
gas-q2800-m1750-r1.8-ua25-25-25,20260926-design-study-component-alternatives:c0171,completed,"[""gas_catalog"", ""steam_connector_catalog""]","[""steam-q2800-n14-k4-pump250""]",pass,True,diagnostic_agreement_not_released,False,[],[],[],[],[],2800.0,2938.4527131777613,1750.0,1.8,"[25.0, 25.0, 25.0]",14.0,4.0,250.0,1060.283449630589,518.099044056604,40.065431481735075,36.46626686855654,1085.9362008951196,25.652751264530504,1060.283449630589,1878.1692635471718,0.0,4.547473508864641e-13,4.547473508864641e-13,3416541628.17324,2684142269.0865183,53682845.38173037,2832.210038746655,5500364.330206227,356935332.75198704,258223665.0278619,620659362.1100552,15.372451026882835,7894870.5659493655,121363511.1386354,4862481439.907787,4862481439.907787,40.065431481735075,1.0,825236911.6143736,43538.01011847889,524.6101992389462,6.511155182342151,518.099044056604,2420.353669123378,0.0,-2.2205313143786043e-09,-2.2205313143786043e-09,1540673674.8191283,1540673674.8191283,30813473.496382564,0.0,0.0,0.0,148218076.03332967,148218076.03332967,15.372451026882835,3857765.4820454735,59303310.945943095,2162570363.143751,2162570363.143751,36.46626686855654,1.0,473678612.2912932,0.0
gas-q2800-m1750-r1.8-ua25-25-40,20260926-design-study-component-alternatives:c0172,completed,"[""gas_catalog""]",[],cooler_no_root,False,diagnostic_agreement_not_released,False,[],[],"[""component_alternatives__plant__gas_ledger__balance__a530b58ca455c8b8"", ""component_alternatives__plant__water_pre__evaluation_defined_ok__bc4741b386520ff5""]","[""water_pre""]",[],2800.0,2938.4527131777613,1750.0,1.8,"[25.0, 25.0, 40.0]",14.0,4.0,250.0,1060.283449630589,519.8761379451511,40.065431481735075,36.34161413829971,1085.9362008951196,25.652751264530504,1060.283449630589,1878.1692635471718,0.0,4.547473508864641e-13,4.547473508864641e-13,3416541628.17324,2684142269.0865183,53682845.38173037,2832.210038746655,5500364.330206227,356935332.75198704,258223665.0278619,620659362.1100552,15.372451026882835,7894870.5659493655,121363511.1386354,4862481439.907787,4862481439.907787,40.065431481735075,1.0,825236911.6143736,43538.01011847889,524.6101992389462,4.734061293795143,519.8761379451511,1683.4271499573988,0.0,735.1494252752113,735.1494252752113,1540673674.8191283,1540673674.8191283,30813473.496382564,0.0,0.0,0.0,148218076.03332967,148218076.03332967,15.372451026882835,3870997.7231395952,59506722.92413839,2162570363.143751,2162570363.143751,36.34161413829971,1.0,473678612.2912932,0.0
gas-q2800-m1750-r1.8-ua30-30-50,20260926-design-study-component-alternatives:c0173,completed,"[""gas_catalog""]",[],cooler_no_root,False,diagnostic_agreement_not_released,False,[],[],"[""component_alternatives__plant__gas_ledger__balance__a530b58ca455c8b8"", ""component_alternatives__plant__water_ic1__evaluation_defined_ok__49d1611637350e3c"", ""component_alternatives__plant__water_ic2__evaluation_defined_ok__06ab6aea3f7f761b"", ""component_alternatives__plant__water_pre__evaluation_defined_ok__bc4741b386520ff5""]","[""water_ic1"", ""water_ic2"", ""water_pre""]",[],2800.0,2938.4527131777613,1750.0,1.8,"[30.0, 30.0, 50.0]",14.0,4.0,250.0,1060.283449630589,524.4430748800482,40.065431481735075,36.651838350172554,1085.9362008951196,25.652751264530504,1060.283449630589,1878.1692635471718,0.0,4.547473508864641e-13,4.547473508864641e-13,3416541628.17324,2684142269.0865183,53682845.38173037,2832.210038746655,5500364.330206227,356935332.75198704,258223665.0278619,620659362.1100552,15.372451026882835,7894870.5659493655,121363511.1386354,4862481439.907787,4862481439.907787,40.065431481735075,1.0,825236911.6143736,43538.01011847889,524.6101992389462,0.16712435889793698,524.4430748800482,10.873454955611138,0.0,2403.136183342102,2403.136183342102,1567475215.369684,1567475215.369684,31349504.30739368,0.0,0.0,0.0,150796475.88532883,150796475.88532883,15.372451026882835,3905003.135556839,60029469.46117142,2200190410.9374747,2200190410.9374747,36.651838350172554,1.0,481918719.68246186,0.0
gas-q2800-m1750-r1.8-ua40-40-60,20260926-design-study-component-alternatives:c0174,completed,"[""gas_catalog""]",[],cooler_no_root,False,diagnostic_agreement_not_released,False,[],[],"[""component_alternatives__plant__gas_ledger__balance__a530b58ca455c8b8"", ""component_alternatives__plant__water_ic1__evaluation_defined_ok__49d1611637350e3c"", ""component_alternatives__plant__water_ic2__evaluation_defined_ok__06ab6aea3f7f761b"", ""component_alternatives__plant__water_pre__evaluation_defined_ok__bc4741b386520ff5""]","[""water_ic1"", ""water_ic2"", ""water_pre""]",[],2800.0,2938.4527131777613,1750.0,1.8,"[40.0, 40.0, 60.0]",14.0,4.0,250.0,1060.283449630589,524.4430748800482,40.065431481735075,37.27853134165497,1085.9362008951196,25.652751264530504,1060.283449630589,1878.1692635471718,0.0,4.547473508864641e-13,4.547473508864641e-13,3416541628.17324,2684142269.0865183,53682845.38173037,2832.210038746655,5500364.330206227,356935332.75198704,258223665.0278619,620659362.1100552,15.372451026882835,7894870.5659493655,121363511.1386354,4862481439.907787,4862481439.907787,40.065431481735075,1.0,825236911.6143736,43538.01011847889,524.6101992389462,0.16712435889793698,524.4430748800482,10.873454955611138,0.0,2403.136183342102,2403.136183342102,1594276755.92024,1594276755.92024,31885535.1184048,0.0,0.0,0.0,153374875.737328,153374875.737328,15.372451026882835,3905003.135556839,60029469.46117142,2237810458.7311983,2237810458.7311983,37.27853134165497,1.0,490158827.0736306,0.0
gas-q2800-m2000-r1.2-ua25-25-20,20260926-design-study-component-alternatives:c0175,completed,"[""gas_catalog""]",[],cooler_no_root,False,diagnostic_agreement_not_released,False,[],[],"[""component_alternatives__plant__gas_boundary__source_adequate_ok__dd6d7a3461399330"", ""component_alternatives__plant__gas_ledger__balance__a530b58ca455c8b8"", ""component_alternatives__plant__water_pre__evaluation_defined_ok__bc4741b386520ff5""]","[""water_pre""]",[],2800.0,2938.4527131777613,2000.0,1.2,"[25.0, 25.0, 20.0]",14.0,4.0,250.0,1060.283449630589,496.6969436159476,40.065431481735075,38.03755639680475,1085.9362008951196,25.652751264530504,1060.283449630589,1878.1692635471718,0.0,4.547473508864641e-13,4.547473508864641e-13,3416541628.17324,2684142269.0865183,53682845.38173037,2832.210038746655,5500364.330206227,356935332.75198704,258223665.0278619,620659362.1100552,15.372451026882835,7894870.5659493655,121363511.1386354,4862481439.907787,4862481439.907787,40.065431481735075,1.0,825236911.6143736,43538.01011847889,498.245930892506,1.5489872765584378,496.6969436159476,555.8200944893433,1164.2640466408313,1885.9356750724705,721.671628431639,1540673674.8191283,1540673674.8191283,30813473.496382564,0.0,0.0,0.0,148218076.03332967,148218076.03332967,15.372451026882835,3698405.442164345,56853556.53722835,2162570363.143751,2162570363.143751,38.03755639680475,1.0,473678612.2912932,0.0
gas-q2800-m2000-r1.2-ua25-25-25,20260926-design-study-component-alternatives:c0176,completed,"[""gas_catalog""]",[],equipment_or_coupling_insufficient,False,diagnostic_agreement_not_released,False,[],[],"[""component_alternatives__plant__gas_boundary__source_adequate_ok__dd6d7a3461399330""]",[],[],2800.0,2938.4527131777613,2000.0,1.2,"[25.0, 25.0, 25.0]",14.0,4.0,250.0,1060.283449630589,493.90702745692766,40.065431481735075,38.25241787344233,1085.9362008951196,25.652751264530504,1060.283449630589,1878.1692635471718,0.0,4.547473508864641e-13,4.547473508864641e-13,3416541628.17324,2684142269.0865183,53682845.38173037,2832.210038746655,5500364.330206227,356935332.75198704,258223665.0278619,620659362.1100552,15.372451026882835,7894870.5659493655,121363511.1386354,4862481439.907787,4862481439.907787,40.065431481735075,1.0,825236911.6143736,43538.01011847889,498.245930892506,4.3389034355783345,493.90702745692766,1280.281639077499,1164.2640466408313,1164.2640466433347,2.503384166629985e-09,1540673674.8191283,1540673674.8191283,30813473.496382564,0.0,0.0,0.0,148218076.03332967,148218076.03332967,15.372451026882835,3677631.7264442835,56534213.60967532,2162570363.143751,2162570363.143751,38.25241787344233,1.0,473678612.2912932,0.0
gas-q2800-m2000-r1.2-ua25-25-40,20260926-design-study-component-alternatives:c0177,completed,"[""gas_catalog""]",[],cooler_no_root,False,diagnostic_agreement_not_released,False,[],[],"[""component_alternatives__plant__gas_boundary__source_adequate_ok__dd6d7a3461399330"", ""component_alternatives__plant__gas_ledger__balance__a530b58ca455c8b8"", ""component_alternatives__plant__water_pre__evaluation_defined_ok__bc4741b386520ff5""]","[""water_pre""]",[],2800.0,2938.4527131777613,2000.0,1.2,"[25.0, 25.0, 40.0]",14.0,4.0,250.0,1060.283449630589,496.6969436159476,40.065431481735075,38.03755639680475,1085.9362008951196,25.652751264530504,1060.283449630589,1878.1692635471718,0.0,4.547473508864641e-13,4.547473508864641e-13,3416541628.17324,2684142269.0865183,53682845.38173037,2832.210038746655,5500364.330206227,356935332.75198704,258223665.0278619,620659362.1100552,15.372451026882835,7894870.5659493655,121363511.1386354,4862481439.907787,4862481439.907787,40.065431481735075,1.0,825236911.6143736,43538.01011847889,498.245930892506,1.5489872765584378,496.6969436159476,555.8200944893433,1164.2640466408313,1885.9356750724705,721.671628431639,1540673674.8191283,1540673674.8191283,30813473.496382564,0.0,0.0,0.0,148218076.03332967,148218076.03332967,15.372451026882835,3698405.442164345,56853556.53722835,2162570363.143751,2162570363.143751,38.03755639680475,1.0,473678612.2912932,0.0
gas-q2800-m2000-r1.2-ua30-30-50,20260926-design-study-component-alternatives:c0178,completed,"[""gas_catalog""]",[],cooler_no_root,False,diagnostic_agreement_not_released,False,[],[],"[""component_alternatives__plant__gas_boundary__source_adequate_ok__dd6d7a3461399330"", ""component_alternatives__plant__gas_ledger__balance__a530b58ca455c8b8"", ""component_alternatives__plant__water_pre__evaluation_defined_ok__bc4741b386520ff5""]","[""water_pre""]",[],2800.0,2938.4527131777613,2000.0,1.2,"[30.0, 30.0, 50.0]",14.0,4.0,250.0,1060.283449630589,496.87744608068823,40.065431481735075,38.685198847301926,1085.9362008951196,25.652751264530504,1060.283449630589,1878.1692635471718,0.0,4.547473508864641e-13,4.547473508864641e-13,3416541628.17324,2684142269.0865183,53682845.38173037,2832.210038746655,5500364.330206227,356935332.75198704,258223665.0278619,620659362.1100552,15.372451026882835,7894870.5659493655,121363511.1386354,4862481439.907787,4862481439.907787,40.065431481735075,1.0,825236911.6143736,43538.01011847889,498.245930892506,1.3684848118177553,496.87744608068823,555.6395920246026,1164.2640466408313,1885.9356750724705,721.6716284316391,1567475215.369684,1567475215.369684,31349504.30739368,0.0,0.0,0.0,150796475.88532883,150796475.88532883,15.372451026882835,3699749.4635168044,56874217.43964812,2200190410.9374747,2200190410.9374747,38.685198847301926,1.0,481918719.68246186,0.0
gas-q2800-m2000-r1.2-ua40-40-60,20260926-design-study-component-alternatives:c0179,completed,"[""gas_catalog""]",[],cooler_no_root,False,diagnostic_agreement_not_released,False,[],[],"[""component_alternatives__plant__gas_boundary__source_adequate_ok__dd6d7a3461399330"", ""component_alternatives__plant__gas_ledger__balance__a530b58ca455c8b8"", ""component_alternatives__plant__water_pre__evaluation_defined_ok__bc4741b386520ff5""]","[""water_pre""]",[],2800.0,2938.4527131777613,2000.0,1.2,"[40.0, 40.0, 60.0]",14.0,4.0,250.0,1060.283449630589,498.70088611545816,40.065431481735075,39.20279299303972,1085.9362008951196,25.652751264530504,1060.283449630589,1878.1692635471718,0.0,4.547473508864641e-13,4.547473508864641e-13,3416541628.17324,2684142269.0865183,53682845.38173037,2832.210038746655,5500364.330206227,356935332.75198704,258223665.0278619,620659362.1100552,15.372451026882835,7894870.5659493655,121363511.1386354,4862481439.907787,4862481439.907787,40.065431481735075,1.0,825236911.6143736,43538.01011847889,499.9235516161356,1.2226655006774898,498.70088611545816,555.5280098710874,1261.072907285817,1884.2238171912159,623.1509099053986,1594276755.92024,1594276755.92024,31885535.1184048,0.0,0.0,0.0,153374875.737328,153374875.737328,15.372451026882835,3713326.798015701,57082934.349308014,2237810458.7311983,2237810458.7311983,39.20279299303972,1.0,490158827.0736306,0.0
gas-q2800-m2000-r1.35-ua25-25-20,20260926-design-study-component-alternatives:c0180,completed,"[""gas_catalog""]",[],cooler_no_root,False,diagnostic_agreement_not_released,False,[],[],"[""component_alternatives__plant__gas_boundary__source_adequate_ok__dd6d7a3461399330"", ""component_alternatives__plant__gas_ledger__balance__a530b58ca455c8b8"", ""component_alternatives__plant__water_pre__evaluation_defined_ok__bc4741b386520ff5""]","[""water_pre""]",[],2800.0,2938.4527131777613,2000.0,1.35,"[25.0, 25.0, 20.0]",14.0,4.0,250.0,1060.283449630589,701.1656097109418,40.065431481735075,26.945328954026884,1085.9362008951196,25.652751264530504,1060.283449630589,1878.1692635471718,0.0,4.547473508864641e-13,4.547473508864641e-13,3416541628.17324,2684142269.0865183,53682845.38173037,2832.210038746655,5500364.330206227,356935332.75198704,258223665.0278619,620659362.1100552,15.372451026882835,7894870.5659493655,121363511.1386354,4862481439.907787,4862481439.907787,40.065431481735075,1.0,825236911.6143736,43538.01011847889,703.7576155498448,2.5920058389029883,701.1656097109418,934.2527151328696,545.4071111368967,1303.0343883339501,757.6272771970533,1540673674.8191283,1540673674.8191283,30813473.496382564,0.0,0.0,0.0,148218076.03332967,148218076.03332967,15.372451026882835,5220879.129907672,80257708.74178036,2162570363.143751,2162570363.143751,26.945328954026884,1.0,473678612.2912932,0.0
gas-q2800-m2000-r1.35-ua25-25-25,20260926-design-study-component-alternatives:c0181,completed,"[""gas_catalog""]",[],equipment_or_coupling_insufficient,False,diagnostic_agreement_not_released,False,[],[],"[""component_alternatives__plant__gas_boundary__source_adequate_ok__dd6d7a3461399330""]",[],[],2800.0,2938.4527131777613,2000.0,1.35,"[25.0, 25.0, 25.0]",14.0,4.0,250.0,1060.283449630589,697.9386363372465,40.065431481735075,27.069912770644954,1085.9362008951196,25.652751264530504,1060.283449630589,1878.1692635471718,0.0,4.547473508864641e-13,4.547473508864641e-13,3416541628.17324,2684142269.0865183,53682845.38173037,2832.210038746655,5500364.330206227,356935332.75198704,258223665.0278619,620659362.1100552,15.372451026882835,7894870.5659493655,121363511.1386354,4862481439.907787,4862481439.907787,40.065431481735075,1.0,825236911.6143736,43538.01011847889,703.7576155498448,5.818979212598299,697.9386363372465,1695.1069657025469,545.4071111368967,545.4071111379681,1.0713847586885095e-09,1540673674.8191283,1540673674.8191283,30813473.496382564,0.0,0.0,0.0,148218076.03332967,148218076.03332967,15.372451026882835,5196851.086167137,79888338.81610718,2162570363.143751,2162570363.143751,27.069912770644954,1.0,473678612.2912932,0.0
gas-q2800-m2000-r1.35-ua25-25-40,20260926-design-study-component-alternatives:c0182,completed,"[""gas_catalog""]",[],cooler_no_root,False,diagnostic_agreement_not_released,False,[],[],"[""component_alternatives__plant__gas_boundary__source_adequate_ok__dd6d7a3461399330"", ""component_alternatives__plant__gas_ledger__balance__a530b58ca455c8b8"", ""component_alternatives__plant__water_pre__evaluation_defined_ok__bc4741b386520ff5""]","[""water_pre""]",[],2800.0,2938.4527131777613,2000.0,1.35,"[25.0, 25.0, 40.0]",14.0,4.0,250.0,1060.283449630589,701.1656097109418,40.065431481735075,26.945328954026884,1085.9362008951196,25.652751264530504,1060.283449630589,1878.1692635471718,0.0,4.547473508864641e-13,4.547473508864641e-13,3416541628.17324,2684142269.0865183,53682845.38173037,2832.210038746655,5500364.330206227,356935332.75198704,258223665.0278619,620659362.1100552,15.372451026882835,7894870.5659493655,121363511.1386354,4862481439.907787,4862481439.907787,40.065431481735075,1.0,825236911.6143736,43538.01011847889,703.7576155498448,2.5920058389029883,701.1656097109418,934.2527151328696,545.4071111368967,1303.0343883339501,757.6272771970533,1540673674.8191283,1540673674.8191283,30813473.496382564,0.0,0.0,0.0,148218076.03332967,148218076.03332967,15.372451026882835,5220879.129907672,80257708.74178036,2162570363.143751,2162570363.143751,26.945328954026884,1.0,473678612.2912932,0.0
gas-q2800-m2000-r1.35-ua30-30-50,20260926-design-study-component-alternatives:c0183,completed,"[""gas_catalog""]",[],cooler_no_root,False,diagnostic_agreement_not_released,False,[],[],"[""component_alternatives__plant__gas_boundary__source_adequate_ok__dd6d7a3461399330"", ""component_alternatives__plant__gas_ledger__balance__a530b58ca455c8b8"", ""component_alternatives__plant__water_pre__evaluation_defined_ok__bc4741b386520ff5""]","[""water_pre""]",[],2800.0,2938.4527131777613,2000.0,1.35,"[30.0, 30.0, 50.0]",14.0,4.0,250.0,1060.283449630589,701.7880484213266,40.065431481735075,27.389755137053765,1085.9362008951196,25.652751264530504,1060.283449630589,1878.1692635471718,0.0,4.547473508864641e-13,4.547473508864641e-13,3416541628.17324,2684142269.0865183,53682845.38173037,2832.210038746655,5500364.330206227,356935332.75198704,258223665.0278619,620659362.1100552,15.372451026882835,7894870.5659493655,121363511.1386354,4862481439.907787,4862481439.907787,40.065431481735075,1.0,825236911.6143736,43538.01011847889,703.7576155498448,1.9695671285181928,701.7880484213266,933.6302764224848,545.4071111368967,1303.0343883339501,757.6272771970533,1567475215.369684,1567475215.369684,31349504.30739368,0.0,0.0,0.0,150796475.88532883,150796475.88532883,15.372451026882835,5225513.808545197,80328955.11216106,2200190410.9374747,2200190410.9374747,27.389755137053765,1.0,481918719.68246186,0.0
gas-q2800-m2000-r1.35-ua40-40-60,20260926-design-study-component-alternatives:c0184,completed,"[""gas_catalog""]",[],cooler_no_root,False,diagnostic_agreement_not_released,False,[],[],"[""component_alternatives__plant__gas_boundary__source_adequate_ok__dd6d7a3461399330"", ""component_alternatives__plant__gas_ledger__balance__a530b58ca455c8b8"", ""component_alternatives__plant__water_ic1__evaluation_defined_ok__49d1611637350e3c"", ""component_alternatives__plant__water_ic2__evaluation_defined_ok__06ab6aea3f7f761b"", ""component_alternatives__plant__water_pre__evaluation_defined_ok__bc4741b386520ff5""]","[""water_ic1"", ""water_ic2"", ""water_pre""]",[],2800.0,2938.4527131777613,2000.0,1.35,"[40.0, 40.0, 60.0]",14.0,4.0,250.0,1060.283449630589,705.3299182070137,40.065431481735075,27.718188466367785,1085.9362008951196,25.652751264530504,1060.283449630589,1878.1692635471718,0.0,4.547473508864641e-13,4.547473508864641e-13,3416541628.17324,2684142269.0865183,53682845.38173037,2832.210038746655,5500364.330206227,356935332.75198704,258223665.0278619,620659362.1100552,15.372451026882835,7894870.5659493655,121363511.1386354,4862481439.907787,4862481439.907787,40.065431481735075,1.0,825236911.6143736,43538.01011847889,705.5199759348941,0.19005772788032477,705.3299182070137,14.588424583694499,609.2036144992858,2218.534370387053,1609.3307558877675,1594276755.92024,1594276755.92024,31885535.1184048,0.0,0.0,0.0,153374875.737328,153374875.737328,15.372451026882835,5251886.570969424,80734369.1109711,2237810458.7311983,2237810458.7311983,27.718188466367785,1.0,490158827.0736306,0.0
gas-q2800-m2000-r1.5-ua25-25-20,20260926-design-study-component-alternatives:c0185,completed,"[""gas_catalog""]",[],cooler_no_root,False,diagnostic_agreement_not_released,False,[],[],"[""component_alternatives__plant__gas_boundary__source_adequate_ok__dd6d7a3461399330"", ""component_alternatives__plant__gas_ledger__balance__a530b58ca455c8b8"", ""component_alternatives__plant__water_pre__evaluation_defined_ok__bc4741b386520ff5""]","[""water_pre""]",[],2800.0,2938.4527131777613,2000.0,1.5,"[25.0, 25.0, 20.0]",14.0,4.0,250.0,1060.283449630589,767.8295870461957,40.065431481735075,24.605899959642304,1085.9362008951196,25.652751264530504,1060.283449630589,1878.1692635471718,0.0,4.547473508864641e-13,4.547473508864641e-13,3416541628.17324,2684142269.0865183,53682845.38173037,2832.210038746655,5500364.330206227,356935332.75198704,258223665.0278619,620659362.1100552,15.372451026882835,7894870.5659493655,121363511.1386354,4862481439.907787,4862481439.907787,40.065431481735075,1.0,825236911.6143736,43538.01011847889,772.1007512304835,4.2711641842878105,767.8295870461957,1286.390986900978,72.68192407112565,884.2321392305876,811.5502151594619,1540673674.8191283,1540673674.8191283,30813473.496382564,0.0,0.0,0.0,148218076.03332967,148218076.03332967,15.372451026882835,5717259.105145973,87888285.60185646,2162570363.143751,2162570363.143751,24.605899959642304,1.0,473678612.2912932,0.0
gas-q2800-m2000-r1.5-ua25-25-25,20260926-design-study-component-alternatives:c0186,completed,"[""gas_catalog""]",[],equipment_or_coupling_insufficient,False,diagnostic_agreement_not_released,False,[],[],"[""component_alternatives__plant__gas_boundary__source_adequate_ok__dd6d7a3461399330""]",[],[],2800.0,2938.4527131777613,2000.0,1.5,"[25.0, 25.0, 25.0]",14.0,4.0,250.0,1060.283449630589,763.695575609929,40.065431481735075,24.739095797200424,1085.9362008951196,25.652751264530504,1060.283449630589,1878.1692635471718,0.0,4.547473508864641e-13,4.547473508864641e-13,3416541628.17324,2684142269.0865183,53682845.38173037,2832.210038746655,5500364.330206227,356935332.75198704,258223665.0278619,620659362.1100552,15.372451026882835,7894870.5659493655,121363511.1386354,4862481439.907787,4862481439.907787,40.065431481735075,1.0,825236911.6143736,43538.01011847889,772.1007512304835,8.40517562055447,763.695575609929,2102.075213488803,72.68192407112565,72.68192407902916,7.903508958406746e-09,1540673674.8191283,1540673674.8191283,30813473.496382564,0.0,0.0,0.0,148218076.03332967,148218076.03332967,15.372451026882835,5686477.255991532,87415093.13321291,2162570363.143751,2162570363.143751,24.739095797200424,1.0,473678612.2912932,0.0
gas-q2800-m2000-r1.5-ua25-25-40,20260926-design-study-component-alternatives:c0187,completed,"[""gas_catalog""]",[],cooler_no_root,False,diagnostic_agreement_not_released,False,[],[],"[""component_alternatives__plant__gas_boundary__source_adequate_ok__dd6d7a3461399330"", ""component_alternatives__plant__gas_ledger__balance__a530b58ca455c8b8"", ""component_alternatives__plant__water_pre__evaluation_defined_ok__bc4741b386520ff5""]","[""water_pre""]",[],2800.0,2938.4527131777613,2000.0,1.5,"[25.0, 25.0, 40.0]",14.0,4.0,250.0,1060.283449630589,767.8295870461957,40.065431481735075,24.605899959642304,1085.9362008951196,25.652751264530504,1060.283449630589,1878.1692635471718,0.0,4.547473508864641e-13,4.547473508864641e-13,3416541628.17324,2684142269.0865183,53682845.38173037,2832.210038746655,5500364.330206227,356935332.75198704,258223665.0278619,620659362.1100552,15.372451026882835,7894870.5659493655,121363511.1386354,4862481439.907787,4862481439.907787,40.065431481735075,1.0,825236911.6143736,43538.01011847889,772.1007512304835,4.2711641842878105,767.8295870461957,1286.390986900978,72.68192407112565,884.2321392305876,811.5502151594619,1540673674.8191283,1540673674.8191283,30813473.496382564,0.0,0.0,0.0,148218076.03332967,148218076.03332967,15.372451026882835,5717259.105145973,87888285.60185646,2162570363.143751,2162570363.143751,24.605899959642304,1.0,473678612.2912932,0.0
gas-q2800-m2000-r1.5-ua30-30-50,20260926-design-study-component-alternatives:c0188,completed,"[""gas_catalog""]",[],cooler_no_root,False,diagnostic_agreement_not_released,False,[],[],"[""component_alternatives__plant__gas_boundary__source_adequate_ok__dd6d7a3461399330"", ""component_alternatives__plant__gas_ledger__balance__a530b58ca455c8b8"", ""component_alternatives__plant__water_pre__evaluation_defined_ok__bc4741b386520ff5""]","[""water_pre""]",[],2800.0,2938.4527131777613,2000.0,1.5,"[30.0, 30.0, 50.0]",14.0,4.0,250.0,1060.283449630589,769.486188282501,40.065431481735075,24.98004915107596,1085.9362008951196,25.652751264530504,1060.283449630589,1878.1692635471718,0.0,4.547473508864641e-13,4.547473508864641e-13,3416541628.17324,2684142269.0865183,53682845.38173037,2832.210038746655,5500364.330206227,356935332.75198704,258223665.0278619,620659362.1100552,15.372451026882835,7894870.5659493655,121363511.1386354,4862481439.907787,4862481439.907787,40.065431481735075,1.0,825236911.6143736,43538.01011847889,772.1007512304835,2.6145629479825288,769.486188282501,1284.7343856646728,72.68192407112565,884.2321392305878,811.5502151594621,1567475215.369684,1567475215.369684,31349504.30739368,0.0,0.0,0.0,150796475.88532883,150796475.88532883,15.372451026882835,5729594.157951502,88077905.59702346,2200190410.9374747,2200190410.9374747,24.98004915107596,1.0,481918719.68246186,0.0
gas-q2800-m2000-r1.5-ua40-40-60,20260926-design-study-component-alternatives:c0189,completed,"[""gas_catalog""]",[],cooler_no_root,False,diagnostic_agreement_not_released,False,[],[],"[""component_alternatives__plant__gas_boundary__source_adequate_ok__dd6d7a3461399330"", ""component_alternatives__plant__gas_ledger__balance__a530b58ca455c8b8"", ""component_alternatives__plant__water_ic1__evaluation_defined_ok__49d1611637350e3c"", ""component_alternatives__plant__water_ic2__evaluation_defined_ok__06ab6aea3f7f761b"", ""component_alternatives__plant__water_pre__evaluation_defined_ok__bc4741b386520ff5""]","[""water_ic1"", ""water_ic2"", ""water_pre""]",[],2800.0,2938.4527131777613,2000.0,1.5,"[40.0, 40.0, 60.0]",14.0,4.0,250.0,1060.283449630589,773.2505884257605,40.065431481735075,25.283482349017074,1085.9362008951196,25.652751264530504,1060.283449630589,1878.1692635471718,0.0,4.547473508864641e-13,4.547473508864641e-13,3416541628.17324,2684142269.0865183,53682845.38173037,2832.210038746655,5500364.330206227,356935332.75198704,258223665.0278619,620659362.1100552,15.372451026882835,7894870.5659493655,121363511.1386354,4862481439.907787,4862481439.907787,40.065431481735075,1.0,825236911.6143736,43538.01011847889,773.4492573370912,0.1986689113307544,773.2505884257605,15.983347632495919,110.47747654447357,2149.2187771195045,2038.7413005750311,1594276755.92024,1594276755.92024,31885535.1184048,0.0,0.0,0.0,153374875.737328,153374875.737328,15.372451026882835,5757623.881418212,88508791.14831254,2237810458.7311983,2237810458.7311983,25.283482349017074,1.0,490158827.0736306,0.0
gas-q2800-m2000-r1.65-ua25-25-20,20260926-design-study-component-alternatives:c0190,completed,"[""gas_catalog""]",[],cooler_no_root,False,diagnostic_agreement_not_released,False,[],[],"[""component_alternatives__plant__gas_ledger__balance__a530b58ca455c8b8"", ""component_alternatives__plant__water_pre__evaluation_defined_ok__bc4741b386520ff5""]","[""water_pre""]",[],2800.0,2938.4527131777613,2000.0,1.65,"[25.0, 25.0, 20.0]",14.0,4.0,250.0,1060.283449630589,500.8087548026974,40.065431481735075,37.72525504741913,1085.9362008951196,25.652751264530504,1060.283449630589,1878.1692635471718,0.0,4.547473508864641e-13,4.547473508864641e-13,3416541628.17324,2684142269.0865183,53682845.38173037,2832.210038746655,5500364.330206227,356935332.75198704,258223665.0278619,620659362.1100552,15.372451026882835,7894870.5659493655,121363511.1386354,4862481439.907787,4862481439.907787,40.065431481735075,1.0,825236911.6143736,43538.01011847889,508.69405521142755,7.885300408730107,500.8087548026974,1613.3229648714332,0.0,824.3209935036307,824.3209935036307,1540673674.8191283,1540673674.8191283,30813473.496382564,0.0,0.0,0.0,148218076.03332967,148218076.03332967,15.372451026882835,3729021.9882608852,57324207.89270972,2162570363.143751,2162570363.143751,37.72525504741913,1.0,473678612.2912932,0.0
gas-q2800-m2000-r1.65-ua25-25-25,20260926-design-study-component-alternatives:c0191,completed,"[""gas_catalog""]",[],pass,True,diagnostic_agreement_not_released,False,[],[],[],[],[],2800.0,2938.4527131777613,2000.0,1.65,"[25.0, 25.0, 25.0]",14.0,4.0,250.0,1060.283449630589,496.3948873297039,40.065431481735075,38.06070224966558,1085.9362008951196,25.652751264530504,1060.283449630589,1878.1692635471718,0.0,4.547473508864641e-13,4.547473508864641e-13,3416541628.17324,2684142269.0865183,53682845.38173037,2832.210038746655,5500364.330206227,356935332.75198704,258223665.0278619,620659362.1100552,15.372451026882835,7894870.5659493655,121363511.1386354,4862481439.907787,4862481439.907787,40.065431481735075,1.0,825236911.6143736,43538.01011847889,508.69405521142755,12.29916788172365,496.3948873297039,2442.0578258386295,0.0,9.427822078578174e-09,9.427822078578174e-09,1540673674.8191283,1540673674.8191283,30813473.496382564,0.0,0.0,0.0,148218076.03332967,148218076.03332967,15.372451026882835,3696156.3310569753,56818982.18687629,2162570363.143751,2162570363.143751,38.06070224966558,1.0,473678612.2912932,0.0
gas-q2800-m2000-r1.65-ua25-25-40,20260926-design-study-component-alternatives:c0192,completed,"[""gas_catalog""]",[],cooler_no_root,False,diagnostic_agreement_not_released,False,[],[],"[""component_alternatives__plant__gas_ledger__balance__a530b58ca455c8b8"", ""component_alternatives__plant__water_pre__evaluation_defined_ok__bc4741b386520ff5""]","[""water_pre""]",[],2800.0,2938.4527131777613,2000.0,1.65,"[25.0, 25.0, 40.0]",14.0,4.0,250.0,1060.283449630589,500.8087548026974,40.065431481735075,37.72525504741913,1085.9362008951196,25.652751264530504,1060.283449630589,1878.1692635471718,0.0,4.547473508864641e-13,4.547473508864641e-13,3416541628.17324,2684142269.0865183,53682845.38173037,2832.210038746655,5500364.330206227,356935332.75198704,258223665.0278619,620659362.1100552,15.372451026882835,7894870.5659493655,121363511.1386354,4862481439.907787,4862481439.907787,40.065431481735075,1.0,825236911.6143736,43538.01011847889,508.69405521142755,7.885300408730107,500.8087548026974,1613.3229648714332,0.0,824.3209935036307,824.3209935036307,1540673674.8191283,1540673674.8191283,30813473.496382564,0.0,0.0,0.0,148218076.03332967,148218076.03332967,15.372451026882835,3729021.9882608852,57324207.89270972,2162570363.143751,2162570363.143751,37.72525504741913,1.0,473678612.2912932,0.0
gas-q2800-m2000-r1.65-ua30-30-50,20260926-design-study-component-alternatives:c0193,completed,"[""gas_catalog""]",[],cooler_no_root,False,diagnostic_agreement_not_released,False,[],[],"[""component_alternatives__plant__gas_ledger__balance__a530b58ca455c8b8"", ""component_alternatives__plant__water_pre__evaluation_defined_ok__bc4741b386520ff5""]","[""water_pre""]",[],2800.0,2938.4527131777613,2000.0,1.65,"[30.0, 30.0, 50.0]",14.0,4.0,250.0,1060.283449630589,505.34397885465523,40.065431481735075,38.037067044781104,1085.9362008951196,25.652751264530504,1060.283449630589,1878.1692635471718,0.0,4.547473508864641e-13,4.547473508864641e-13,3416541628.17324,2684142269.0865183,53682845.38173037,2832.210038746655,5500364.330206227,356935332.75198704,258223665.0278619,620659362.1100552,15.372451026882835,7894870.5659493655,121363511.1386354,4862481439.907787,4862481439.907787,40.065431481735075,1.0,825236911.6143736,43538.01011847889,508.69405521142755,3.3500763567722913,505.34397885465523,1608.7877408194754,0.0,824.3209935036307,824.3209935036307,1567475215.369684,1567475215.369684,31349504.30739368,0.0,0.0,0.0,150796475.88532883,150796475.88532883,15.372451026882835,3762791.266551763,57843324.46944941,2200190410.9374747,2200190410.9374747,38.037067044781104,1.0,481918719.68246186,0.0
gas-q2800-m2000-r1.65-ua40-40-60,20260926-design-study-component-alternatives:c0194,completed,"[""gas_catalog""]",[],cooler_no_root,False,diagnostic_agreement_not_released,False,[],[],"[""component_alternatives__plant__gas_ledger__balance__a530b58ca455c8b8"", ""component_alternatives__plant__water_ic1__evaluation_defined_ok__49d1611637350e3c"", ""component_alternatives__plant__water_ic2__evaluation_defined_ok__06ab6aea3f7f761b"", ""component_alternatives__plant__water_pre__evaluation_defined_ok__bc4741b386520ff5""]","[""water_ic1"", ""water_ic2"", ""water_pre""]",[],2800.0,2938.4527131777613,2000.0,1.65,"[40.0, 40.0, 60.0]",14.0,4.0,250.0,1060.283449630589,513.5156671418514,40.065431481735075,38.07180355887612,1085.9362008951196,25.652751264530504,1060.283449630589,1878.1692635471718,0.0,4.547473508864641e-13,4.547473508864641e-13,3416541628.17324,2684142269.0865183,53682845.38173037,2832.210038746655,5500364.330206227,356935332.75198704,258223665.0278619,620659362.1100552,15.372451026882835,7894870.5659493655,121363511.1386354,4862481439.907787,4862481439.907787,40.065431481735075,1.0,825236911.6143736,43538.01011847889,513.6814060916777,0.1657389498263212,513.5156671418514,10.649032951697265,0.0,2414.2880130842127,2414.2880130842127,1594276755.92024,1594276755.92024,31885535.1184048,0.0,0.0,0.0,153374875.737328,153374875.737328,15.372451026882835,3823637.6575382254,58778682.63505137,2237810458.7311983,2237810458.7311983,38.07180355887612,1.0,490158827.0736306,0.0
gas-q2800-m2000-r1.8-ua25-25-20,20260926-design-study-component-alternatives:c0195,completed,"[""gas_catalog""]",[],cooler_no_root,False,diagnostic_agreement_not_released,False,[],[],"[""component_alternatives__plant__gas_ledger__balance__a530b58ca455c8b8"", ""component_alternatives__plant__water_pre__evaluation_defined_ok__bc4741b386520ff5""]","[""water_pre""]",[],2800.0,2938.4527131777613,2000.0,1.8,"[25.0, 25.0, 20.0]",14.0,4.0,250.0,1060.283449630589,385.95514272197323,40.065431481735075,48.951642078577045,1085.9362008951196,25.652751264530504,1060.283449630589,1878.1692635471718,0.0,4.547473508864641e-13,4.547473508864641e-13,3416541628.17324,2684142269.0865183,53682845.38173037,2832.210038746655,5500364.330206227,356935332.75198704,258223665.0278619,620659362.1100552,15.372451026882835,7894870.5659493655,121363511.1386354,4862481439.907787,4862481439.907787,40.065431481735075,1.0,825236911.6143736,43538.01011847889,409.45493995776565,23.499797235792425,385.95514272197323,1938.1266011481116,0.0,614.3709693076767,614.3709693076767,1540673674.8191283,1540673674.8191283,30813473.496382564,0.0,0.0,0.0,148218076.03332967,148218076.03332967,15.372451026882835,2873821.9927078127,44177687.84287969,2162570363.143751,2162570363.143751,48.951642078577045,1.0,473678612.2912932,0.0
gas-q2800-m2000-r1.8-ua25-25-25,20260926-design-study-component-alternatives:c0196,completed,"[""gas_catalog""]",[],pass,True,diagnostic_agreement_not_released,False,[],[],[],[],[],2800.0,2938.4527131777613,2000.0,1.8,"[25.0, 25.0, 25.0]",14.0,4.0,250.0,1060.283449630589,384.0398138287716,40.065431481735075,49.195779511902025,1085.9362008951196,25.652751264530504,1060.283449630589,1878.1692635471718,0.0,4.547473508864641e-13,4.547473508864641e-13,3416541628.17324,2684142269.0865183,53682845.38173037,2832.210038746655,5500364.330206227,356935332.75198704,258223665.0278619,620659362.1100552,15.372451026882835,7894870.5659493655,121363511.1386354,4862481439.907787,4862481439.907787,40.065431481735075,1.0,825236911.6143736,43538.01011847889,409.45493995776565,25.415126128994043,384.0398138287716,2554.4128993529735,0.0,-3.983586793765426e-09,-3.983586793765426e-09,1540673674.8191283,1540673674.8191283,30813473.496382564,0.0,0.0,0.0,148218076.03332967,148218076.03332967,15.372451026882835,2859560.453769034,43958453.03397533,2162570363.143751,2162570363.143751,49.195779511902025,1.0,473678612.2912932,0.0
gas-q2800-m2000-r1.8-ua25-25-40,20260926-design-study-component-alternatives:c0197,completed,"[""gas_catalog""]",[],cooler_no_root,False,diagnostic_agreement_not_released,False,[],[],"[""component_alternatives__plant__gas_ledger__balance__a530b58ca455c8b8"", ""component_alternatives__plant__water_pre__evaluation_defined_ok__bc4741b386520ff5""]","[""water_pre""]",[],2800.0,2938.4527131777613,2000.0,1.8,"[25.0, 25.0, 40.0]",14.0,4.0,250.0,1060.283449630589,385.95514272197323,40.065431481735075,48.951642078577045,1085.9362008951196,25.652751264530504,1060.283449630589,1878.1692635471718,0.0,4.547473508864641e-13,4.547473508864641e-13,3416541628.17324,2684142269.0865183,53682845.38173037,2832.210038746655,5500364.330206227,356935332.75198704,258223665.0278619,620659362.1100552,15.372451026882835,7894870.5659493655,121363511.1386354,4862481439.907787,4862481439.907787,40.065431481735075,1.0,825236911.6143736,43538.01011847889,409.45493995776565,23.499797235792425,385.95514272197323,1938.1266011481116,0.0,614.3709693076767,614.3709693076767,1540673674.8191283,1540673674.8191283,30813473.496382564,0.0,0.0,0.0,148218076.03332967,148218076.03332967,15.372451026882835,2873821.9927078127,44177687.84287969,2162570363.143751,2162570363.143751,48.951642078577045,1.0,473678612.2912932,0.0
gas-q2800-m2000-r1.8-ua30-30-50,20260926-design-study-component-alternatives:c0198,completed,"[""gas_catalog""]",[],cooler_no_root,False,diagnostic_agreement_not_released,False,[],[],"[""component_alternatives__plant__gas_ledger__balance__a530b58ca455c8b8"", ""component_alternatives__plant__water_pre__evaluation_defined_ok__bc4741b386520ff5""]","[""water_pre""]",[],2800.0,2938.4527131777613,2000.0,1.8,"[30.0, 30.0, 50.0]",14.0,4.0,250.0,1060.283449630589,405.1286256797435,40.065431481735075,47.446172859594256,1085.9362008951196,25.652751264530504,1060.283449630589,1878.1692635471718,0.0,4.547473508864641e-13,4.547473508864641e-13,3416541628.17324,2684142269.0865183,53682845.38173037,2832.210038746655,5500364.330206227,356935332.75198704,258223665.0278619,620659362.1100552,15.372451026882835,7894870.5659493655,121363511.1386354,4862481439.907787,4862481439.907787,40.065431481735075,1.0,825236911.6143736,43538.01011847889,409.45493995776565,4.326314278022143,405.1286256797435,1918.9531181903412,0.0,614.3709693076767,614.3709693076767,1567475215.369684,1567475215.369684,31349504.30739368,0.0,0.0,0.0,150796475.88532883,150796475.88532883,15.372451026882835,3016587.74681137,46372347.40615262,2200190410.9374747,2200190410.9374747,47.446172859594256,1.0,481918719.68246186,0.0
gas-q2800-m2000-r1.8-ua40-40-60,20260926-design-study-component-alternatives:c0199,completed,"[""gas_catalog""]",[],cooler_no_root,False,diagnostic_agreement_not_released,False,[],[],"[""component_alternatives__plant__gas_ledger__balance__a530b58ca455c8b8"", ""component_alternatives__plant__water_ic1__evaluation_defined_ok__49d1611637350e3c"", ""component_alternatives__plant__water_ic2__evaluation_defined_ok__06ab6aea3f7f761b"", ""component_alternatives__plant__water_pre__evaluation_defined_ok__bc4741b386520ff5""]","[""water_ic1"", ""water_ic2"", ""water_pre""]",[],2800.0,2938.4527131777613,2000.0,1.8,"[40.0, 40.0, 60.0]",14.0,4.0,250.0,1060.283449630589,409.3024134724575,40.065431481735075,47.765336729795166,1085.9362008951196,25.652751264530504,1060.283449630589,1878.1692635471718,0.0,4.547473508864641e-13,4.547473508864641e-13,3416541628.17324,2684142269.0865183,53682845.38173037,2832.210038746655,5500364.330206227,356935332.75198704,258223665.0278619,620659362.1100552,15.372451026882835,7894870.5659493655,121363511.1386354,4862481439.907787,4862481439.907787,40.065431481735075,1.0,825236911.6143736,43538.01011847889,409.45493995776565,0.1525264853081843,409.3024134724575,8.50874974975241,0.0,2520.6415499555515,2520.6415499555515,1594276755.92024,1594276755.92024,31885535.1184048,0.0,0.0,0.0,153374875.737328,153374875.737328,15.372451026882835,3047665.7707159184,46850092.806637585,2237810458.7311983,2237810458.7311983,47.765336729795166,1.0,490158827.0736306,0.0
gas-q2800-m2250-r1.2-ua25-25-20,20260926-design-study-component-alternatives:c0200,completed,"[""gas_catalog""]",[],cooler_no_root,False,diagnostic_agreement_not_released,False,[],[],"[""component_alternatives__plant__gas_boundary__source_adequate_ok__dd6d7a3461399330"", ""component_alternatives__plant__gas_ledger__balance__a530b58ca455c8b8"", ""component_alternatives__plant__water_pre__evaluation_defined_ok__bc4741b386520ff5""]","[""water_pre""]",[],2800.0,2938.4527131777613,2250.0,1.2,"[25.0, 25.0, 20.0]",14.0,4.0,250.0,1060.283449630589,539.6233056477776,40.065431481735075,35.01171614934672,1085.9362008951196,25.652751264530504,1060.283449630589,1878.1692635471718,0.0,4.547473508864641e-13,4.547473508864641e-13,3416541628.17324,2684142269.0865183,53682845.38173037,2832.210038746655,5500364.330206227,356935332.75198704,258223665.0278619,620659362.1100552,15.372451026882835,7894870.5659493655,121363511.1386354,4862481439.907787,4862481439.907787,40.065431481735075,1.0,825236911.6143736,43538.01011847889,541.5704222959932,1.9471166482156435,539.6233056477776,625.1152500185563,924.4300754926396,1773.7141575114274,849.284082018788,1540673674.8191283,1540673674.8191283,30813473.496382564,0.0,0.0,0.0,148218076.03332967,148218076.03332967,15.372451026882835,4018035.1338533517,61767048.319455266,2162570363.143751,2162570363.143751,35.01171614934672,1.0,473678612.2912932,0.0
gas-q2800-m2250-r1.2-ua25-25-25,20260926-design-study-component-alternatives:c0201,completed,"[""gas_catalog""]",[],equipment_or_coupling_insufficient,False,diagnostic_agreement_not_released,False,[],[],"[""component_alternatives__plant__gas_boundary__source_adequate_ok__dd6d7a3461399330"", ""component_alternatives__plant__water_pre__flow_margin_ok__129a83656acb8a06"", ""component_alternatives__plant__water_pre__power_margin_ok__d793d504da406d97""]",[],[],2800.0,2938.4527131777613,2250.0,1.2,"[25.0, 25.0, 25.0]",14.0,4.0,250.0,1060.283449630589,498.0206076640658,40.065431481735075,37.93645827936564,1085.9362008951196,25.652751264530504,1060.283449630589,1878.1692635471718,0.0,4.547473508864641e-13,4.547473508864641e-13,3416541628.17324,2684142269.0865183,53682845.38173037,2832.210038746655,5500364.330206227,356935332.75198704,258223665.0278619,620659362.1100552,15.372451026882835,7894870.5659493655,121363511.1386354,4862481439.907787,4862481439.907787,40.065431481735075,1.0,825236911.6143736,43538.01011847889,541.5704222959932,43.549814631927454,498.0206076640658,1516.0020300261504,924.4300754926396,924.4300754875453,-5.0945345719810575e-09,1540673674.8191283,1540673674.8191283,30813473.496382564,0.0,0.0,0.0,148218076.03332967,148218076.03332967,15.372451026882835,3708261.444666634,57005067.453015625,2162570363.143751,2162570363.143751,37.93645827936564,1.0,473678612.2912932,0.0
gas-q2800-m2250-r1.2-ua25-25-40,20260926-design-study-component-alternatives:c0202,completed,"[""gas_catalog""]",[],cooler_no_root,False,diagnostic_agreement_not_released,False,[],[],"[""component_alternatives__plant__gas_boundary__source_adequate_ok__dd6d7a3461399330"", ""component_alternatives__plant__gas_ledger__balance__a530b58ca455c8b8"", ""component_alternatives__plant__water_pre__evaluation_defined_ok__bc4741b386520ff5""]","[""water_pre""]",[],2800.0,2938.4527131777613,2250.0,1.2,"[25.0, 25.0, 40.0]",14.0,4.0,250.0,1060.283449630589,539.6233056477776,40.065431481735075,35.01171614934672,1085.9362008951196,25.652751264530504,1060.283449630589,1878.1692635471718,0.0,4.547473508864641e-13,4.547473508864641e-13,3416541628.17324,2684142269.0865183,53682845.38173037,2832.210038746655,5500364.330206227,356935332.75198704,258223665.0278619,620659362.1100552,15.372451026882835,7894870.5659493655,121363511.1386354,4862481439.907787,4862481439.907787,40.065431481735075,1.0,825236911.6143736,43538.01011847889,541.5704222959932,1.9471166482156435,539.6233056477776,625.1152500185563,924.4300754926396,1773.7141575114274,849.284082018788,1540673674.8191283,1540673674.8191283,30813473.496382564,0.0,0.0,0.0,148218076.03332967,148218076.03332967,15.372451026882835,4018035.1338533517,61767048.319455266,2162570363.143751,2162570363.143751,35.01171614934672,1.0,473678612.2912932,0.0
gas-q2800-m2250-r1.2-ua30-30-50,20260926-design-study-component-alternatives:c0203,completed,"[""gas_catalog""]",[],cooler_no_root,False,diagnostic_agreement_not_released,False,[],[],"[""component_alternatives__plant__gas_boundary__source_adequate_ok__dd6d7a3461399330"", ""component_alternatives__plant__gas_ledger__balance__a530b58ca455c8b8"", ""component_alternatives__plant__water_pre__evaluation_defined_ok__bc4741b386520ff5""]","[""water_pre""]",[],2800.0,2938.4527131777613,2250.0,1.2,"[30.0, 30.0, 50.0]",14.0,4.0,250.0,1060.283449630589,539.9286334091265,40.065431481735075,35.600636111857774,1085.9362008951196,25.652751264530504,1060.283449630589,1878.1692635471718,0.0,4.547473508864641e-13,4.547473508864641e-13,3416541628.17324,2684142269.0865183,53682845.38173037,2832.210038746655,5500364.330206227,356935332.75198704,258223665.0278619,620659362.1100552,15.372451026882835,7894870.5659493655,121363511.1386354,4862481439.907787,4862481439.907787,40.065431481735075,1.0,825236911.6143736,43538.01011847889,541.5704222959932,1.6417888868666641,539.9286334091265,624.8099222572073,924.4300754926396,1773.7141575114274,849.284082018788,1567475215.369684,1567475215.369684,31349504.30739368,0.0,0.0,0.0,150796475.88532883,150796475.88532883,15.372451026882835,4020308.6043643556,61801997.13354674,2200190410.9374747,2200190410.9374747,35.600636111857774,1.0,481918719.68246186,0.0
gas-q2800-m2250-r1.2-ua40-40-60,20260926-design-study-component-alternatives:c0204,completed,"[""gas_catalog""]",[],cooler_no_root,False,diagnostic_agreement_not_released,False,[],[],"[""component_alternatives__plant__gas_boundary__source_adequate_ok__dd6d7a3461399330"", ""component_alternatives__plant__gas_ledger__balance__a530b58ca455c8b8"", ""component_alternatives__plant__water_pre__evaluation_defined_ok__bc4741b386520ff5""]","[""water_pre""]",[],2800.0,2938.4527131777613,2250.0,1.2,"[40.0, 40.0, 60.0]",14.0,4.0,250.0,1060.283449630589,543.1744568545276,40.065431481735075,35.99298044507598,1085.9362008951196,25.652751264530504,1060.283449630589,1878.1692635471718,0.0,4.547473508864641e-13,4.547473508864641e-13,3416541628.17324,2684142269.0865183,53682845.38173037,2832.210038746655,5500364.330206227,356935332.75198704,258223665.0278619,620659362.1100552,15.372451026882835,7894870.5659493655,121363511.1386354,4862481439.907787,4862481439.907787,40.065431481735075,1.0,825236911.6143736,43538.01011847889,544.5876434616646,1.4131866071369363,543.1744568545276,624.6428959196342,1037.919415761204,1770.6353604035994,732.7159446423957,1594276755.92024,1594276755.92024,31885535.1184048,0.0,0.0,0.0,153374875.737328,153374875.737328,15.372451026882835,4044477.005738813,62173524.70007363,2237810458.7311983,2237810458.7311983,35.99298044507598,1.0,490158827.0736306,0.0
gas-q2800-m2250-r1.35-ua25-25-20,20260926-design-study-component-alternatives:c0205,completed,"[""gas_catalog""]",[],cooler_no_root,False,diagnostic_agreement_not_released,False,[],[],"[""component_alternatives__plant__gas_boundary__source_adequate_ok__dd6d7a3461399330"", ""component_alternatives__plant__gas_ledger__balance__a530b58ca455c8b8"", ""component_alternatives__plant__water_pre__evaluation_defined_ok__bc4741b386520ff5""]","[""water_pre""]",[],2800.0,2938.4527131777613,2250.0,1.35,"[25.0, 25.0, 20.0]",14.0,4.0,250.0,1060.283449630589,748.9738102735133,40.065431481735075,25.22536535424741,1085.9362008951196,25.652751264530504,1060.283449630589,1878.1692635471718,0.0,4.547473508864641e-13,4.547473508864641e-13,3416541628.17324,2684142269.0865183,53682845.38173037,2832.210038746655,5500364.330206227,356935332.75198704,258223665.0278619,620659362.1100552,15.372451026882835,7894870.5659493655,121363511.1386354,4862481439.907787,4862481439.907787,40.065431481735075,1.0,825236911.6143736,43538.01011847889,752.9296932214079,3.9558829478945667,748.9738102735133,1051.2823926531546,268.1942974303388,1138.1965102510935,870.0022128207547,1540673674.8191283,1540673674.8191283,30813473.496382564,0.0,0.0,0.0,148218076.03332967,148218076.03332967,15.372451026882835,5576858.99129658,85729991.72753789,2162570363.143751,2162570363.143751,25.22536535424741,1.0,473678612.2912932,0.0
gas-q2800-m2250-r1.35-ua25-25-25,20260926-design-study-component-alternatives:c0206,completed,"[""gas_catalog""]",[],equipment_or_coupling_insufficient,False,numerical_mismatch,True,"[{""channel"": ""component_alternatives__plant__gas_ledger__evaluate__annual_energy"", ""native"": -8284329.920145388, ""oracle"": -8284330.085954271, ""relative_deviation"": 2.0014760611331836e-08, ""absolute_error"": 0.16580888349562883, ""absolute_limit"": 0.0}, {""channel"": ""component_alternatives__plant__gas_ledger__evaluate__discounted_energy"", ""native"": -127350455.98797517, ""oracle"": -127350458.53686412, ""relative_deviation"": 2.0014760691279074e-08, ""absolute_error"": 2.5488889515399933, ""absolute_limit"": 0.0}, {""channel"": ""component_alternatives__plant__gas_ledger__evaluate__electrical_load"", ""native"": 1865.5176491904367, ""oracle"": 1865.517671460416, ""relative_deviation"": 1.1937694128899071e-08, ""absolute_error"": 2.2269979353950475e-05, ""absolute_limit"": 0.0}, {""channel"": ""component_alternatives__plant__gas_ledger__evaluate__net_electric"", ""native"": -1112.5879559690288, ""oracle"": -1112.5879782372108, ""relative_deviation"": 2.0014760540849903e-08, ""absolute_error"": 2.2268181965046097e-05, ""absolute_limit"": 0.0}, {""channel"": ""component_alternatives__plant__gas_ledger__evaluate__total_rejected"", ""native"": 3782.846371710214, ""oracle"": 3782.846393981042, ""relative_deviation"": 5.887320239943244e-09, ""absolute_error"": 2.2270828139880905e-05, ""absolute_limit"": 0.0}, {""channel"": ""component_alternatives__plant__rejection_capacity__evaluate__margin"", ""native"": 1217.153628289786, ""oracle"": 1217.1536060189578, ""relative_deviation"": 1.8297467164168288e-08, ""absolute_error"": 2.2270828139880905e-05, ""absolute_limit"": 0.0}, {""channel"": ""component_alternatives__plant__water_pre__evaluate__flow_margin"", ""native"": -7113405.915089925, ""oracle"": -7113406.001384442, ""relative_deviation"": 1.2131251457353676e-08, ""absolute_error"": 0.0862945169210434, ""absolute_limit"": 0.0}, {""channel"": ""component_alternatives__plant__water_pre__evaluate__power_margin"", ""native"": -1831.561766242542, ""oracle"": -1831.5617885125455, ""relative_deviation"": 1.2159023842513152e-08, ""absolute_error"": 2.2270003455560072e-05, ""absolute_limit"": 0.0}, {""channel"": ""component_alternatives__plant__water_pre__evaluate__pump_electric"", ""native"": 1861.561766242542, ""oracle"": 1861.5617885125455, ""relative_deviation"": 1.1963075087265624e-08, ""absolute_error"": 2.2270003455560072e-05, ""absolute_limit"": 0.0}, {""channel"": ""component_alternatives__plant__water_pre__evaluate__total_rejection"", ""native"": 2731.5639790570594, ""oracle"": 2731.564001327875, ""relative_deviation"": 8.15313695601814e-09, ""absolute_error"": 2.227081540695508e-05, ""absolute_limit"": 0.0}, {""channel"": ""component_alternatives__plant__water_pre__evaluate__water_flow"", ""native"": 7213405.915089925, ""oracle"": 7213406.001384442, ""relative_deviation"": 1.1963074989052496e-08, ""absolute_error"": 0.0862945169210434, ""absolute_limit"": 0.0}]",[],"[""component_alternatives__plant__gas_boundary__source_adequate_ok__dd6d7a3461399330"", ""component_alternatives__plant__gas_ledger__net_positive__ee25ae39167c9ad3"", ""component_alternatives__plant__water_pre__flow_margin_ok__129a83656acb8a06"", ""component_alternatives__plant__water_pre__power_margin_ok__d793d504da406d97""]",[],[],2800.0,2938.4527131777613,2250.0,1.35,"[25.0, 25.0, 25.0]",14.0,4.0,250.0,1060.283449630589,-1112.5879559690288,40.065431481735075,0.0,1085.9362008951196,25.652751264530504,1060.283449630589,1878.1692635471718,0.0,4.547473508864641e-13,4.547473508864641e-13,3416541628.17324,2684142269.0865183,53682845.38173037,2832.210038746655,5500364.330206227,356935332.75198704,258223665.0278619,620659362.1100552,15.372451026882835,7894870.5659493655,121363511.1386354,4862481439.907787,4862481439.907787,40.065431481735075,1.0,825236911.6143736,43538.01011847889,752.9296932214079,1865.5176491904367,-1112.5879559690288,3782.846371710214,268.1942974303388,268.1942974365761,6.237314664758742e-09,1540673674.8191283,1540673674.8191283,30813473.496382564,0.0,0.0,0.0,148218076.03332967,148218076.03332967,15.372451026882835,-8284329.920145388,-127350455.98797517,2162570363.143751,2162570363.143751,0.0,0.0,473678612.2912932,0.0
gas-q2800-m2250-r1.35-ua25-25-40,20260926-design-study-component-alternatives:c0207,completed,"[""gas_catalog""]",[],cooler_no_root,False,diagnostic_agreement_not_released,False,[],[],"[""component_alternatives__plant__gas_boundary__source_adequate_ok__dd6d7a3461399330"", ""component_alternatives__plant__gas_ledger__balance__a530b58ca455c8b8"", ""component_alternatives__plant__water_pre__evaluation_defined_ok__bc4741b386520ff5""]","[""water_pre""]",[],2800.0,2938.4527131777613,2250.0,1.35,"[25.0, 25.0, 40.0]",14.0,4.0,250.0,1060.283449630589,748.9738102735133,40.065431481735075,25.22536535424741,1085.9362008951196,25.652751264530504,1060.283449630589,1878.1692635471718,0.0,4.547473508864641e-13,4.547473508864641e-13,3416541628.17324,2684142269.0865183,53682845.38173037,2832.210038746655,5500364.330206227,356935332.75198704,258223665.0278619,620659362.1100552,15.372451026882835,7894870.5659493655,121363511.1386354,4862481439.907787,4862481439.907787,40.065431481735075,1.0,825236911.6143736,43538.01011847889,752.9296932214079,3.9558829478945667,748.9738102735133,1051.2823926531546,268.1942974303388,1138.1965102510935,870.0022128207547,1540673674.8191283,1540673674.8191283,30813473.496382564,0.0,0.0,0.0,148218076.03332967,148218076.03332967,15.372451026882835,5576858.99129658,85729991.72753789,2162570363.143751,2162570363.143751,25.22536535424741,1.0,473678612.2912932,0.0
gas-q2800-m2250-r1.35-ua30-30-50,20260926-design-study-component-alternatives:c0208,completed,"[""gas_catalog""]",[],cooler_no_root,False,diagnostic_agreement_not_released,False,[],[],"[""component_alternatives__plant__gas_boundary__source_adequate_ok__dd6d7a3461399330"", ""component_alternatives__plant__gas_ledger__balance__a530b58ca455c8b8"", ""component_alternatives__plant__water_pre__evaluation_defined_ok__bc4741b386520ff5""]","[""water_pre""]",[],2800.0,2938.4527131777613,2250.0,1.35,"[30.0, 30.0, 50.0]",14.0,4.0,250.0,1060.283449630589,750.3521113852423,40.065431481735075,25.617043668851885,1085.9362008951196,25.652751264530504,1060.283449630589,1878.1692635471718,0.0,4.547473508864641e-13,4.547473508864641e-13,3416541628.17324,2684142269.0865183,53682845.38173037,2832.210038746655,5500364.330206227,356935332.75198704,258223665.0278619,620659362.1100552,15.372451026882835,7894870.5659493655,121363511.1386354,4862481439.907787,4862481439.907787,40.065431481735075,1.0,825236911.6143736,43538.01011847889,752.9296932214079,2.577581836165543,750.3521113852423,1049.9040915414255,268.1942974303388,1138.1965102510937,870.0022128207547,1567475215.369684,1567475215.369684,31349504.30739368,0.0,0.0,0.0,150796475.88532883,150796475.88532883,15.372451026882835,5587121.821374514,85887756.58030815,2200190410.9374747,2200190410.9374747,25.617043668851885,1.0,481918719.68246186,0.0
gas-q2800-m2250-r1.35-ua40-40-60,20260926-design-study-component-alternatives:c0209,completed,"[""gas_catalog""]",[],cooler_no_root,False,diagnostic_agreement_not_released,False,[],[],"[""component_alternatives__plant__gas_boundary__source_adequate_ok__dd6d7a3461399330"", ""component_alternatives__plant__gas_ledger__balance__a530b58ca455c8b8"", ""component_alternatives__plant__water_ic1__evaluation_defined_ok__49d1611637350e3c"", ""component_alternatives__plant__water_ic2__evaluation_defined_ok__06ab6aea3f7f761b"", ""component_alternatives__plant__water_pre__evaluation_defined_ok__bc4741b386520ff5""]","[""water_ic1"", ""water_ic2"", ""water_pre""]",[],2800.0,2938.4527131777613,2250.0,1.35,"[40.0, 40.0, 60.0]",14.0,4.0,250.0,1060.283449630589,755.8261295189208,40.065431481735075,25.86635581952366,1085.9362008951196,25.652751264530504,1060.283449630589,1878.1692635471718,0.0,4.547473508864641e-13,4.547473508864641e-13,3416541628.17324,2684142269.0865183,53682845.38173037,2832.210038746655,5500364.330206227,356935332.75198704,258223665.0278619,620659362.1100552,15.372451026882835,7894870.5659493655,121363511.1386354,4862481439.907787,4862481439.907787,40.065431481735075,1.0,825236911.6143736,43538.01011847889,756.0225893058173,0.19645978689649835,755.8261295189208,15.625492221709095,341.1726544751041,2167.0010914371314,1825.8284369620274,1594276755.92024,1594276755.92024,31885535.1184048,0.0,0.0,0.0,153374875.737328,153374875.737328,15.372451026882835,5627881.360397885,86514330.59782323,2237810458.7311983,2237810458.7311983,25.86635581952366,1.0,490158827.0736306,0.0
gas-q2800-m2250-r1.5-ua25-25-20,20260926-design-study-component-alternatives:c0210,completed,"[""gas_catalog""]",[],cooler_no_root,False,diagnostic_agreement_not_released,False,[],[],"[""component_alternatives__plant__gas_ledger__balance__a530b58ca455c8b8"", ""component_alternatives__plant__water_pre__evaluation_defined_ok__bc4741b386520ff5""]","[""water_pre""]",[],2800.0,2938.4527131777613,2250.0,1.5,"[25.0, 25.0, 20.0]",14.0,4.0,250.0,1060.283449630589,628.2944558095669,40.065431481735075,30.07051523408409,1085.9362008951196,25.652751264530504,1060.283449630589,1878.1692635471718,0.0,4.547473508864641e-13,4.547473508864641e-13,3416541628.17324,2684142269.0865183,53682845.38173037,2832.210038746655,5500364.330206227,356935332.75198704,258223665.0278619,620659362.1100552,15.372451026882835,7894870.5659493655,121363511.1386354,4862481439.907787,4862481439.907787,40.065431481735075,1.0,825236911.6143736,43538.01011847889,638.5660476468096,10.271591837242706,628.2944558095669,1447.9615495876521,0.0,862.1967077805423,862.1967077805423,1540673674.8191283,1540673674.8191283,30813473.496382564,0.0,0.0,0.0,148218076.03332967,148218076.03332967,15.372451026882835,4678280.517958035,71916638.15232995,2162570363.143751,2162570363.143751,30.07051523408409,1.0,473678612.2912932,0.0
gas-q2800-m2250-r1.5-ua25-25-25,20260926-design-study-component-alternatives:c0211,completed,"[""gas_catalog""]",[],equipment_or_coupling_insufficient,False,diagnostic_agreement_not_released,False,[],[],"[""component_alternatives__plant__water_pre__flow_margin_ok__129a83656acb8a06"", ""component_alternatives__plant__water_pre__power_margin_ok__d793d504da406d97""]",[],[],2800.0,2938.4527131777613,2250.0,1.5,"[25.0, 25.0, 25.0]",14.0,4.0,250.0,1060.283449630589,520.9323048183326,40.065431481735075,36.26793314632476,1085.9362008951196,25.652751264530504,1060.283449630589,1878.1692635471718,0.0,4.547473508864641e-13,4.547473508864641e-13,3416541628.17324,2684142269.0865183,53682845.38173037,2832.210038746655,5500364.330206227,356935332.75198704,258223665.0278619,620659362.1100552,15.372451026882835,7894870.5659493655,121363511.1386354,4862481439.907787,4862481439.907787,40.065431481735075,1.0,825236911.6143736,43538.01011847889,638.5660476468096,117.63374282847704,520.9323048183326,2417.5204083611097,0.0,-1.6807462088763714e-09,-1.6807462088763714e-09,1540673674.8191283,1540673674.8191283,30813473.496382564,0.0,0.0,0.0,148218076.03332967,148218076.03332967,15.372451026882835,3878861.941677304,59627615.23847402,2162570363.143751,2162570363.143751,36.26793314632476,1.0,473678612.2912932,0.0
gas-q2800-m2250-r1.5-ua25-25-40,20260926-design-study-component-alternatives:c0212,completed,"[""gas_catalog""]",[],cooler_no_root,False,diagnostic_agreement_not_released,False,[],[],"[""component_alternatives__plant__gas_ledger__balance__a530b58ca455c8b8"", ""component_alternatives__plant__water_pre__evaluation_defined_ok__bc4741b386520ff5""]","[""water_pre""]",[],2800.0,2938.4527131777613,2250.0,1.5,"[25.0, 25.0, 40.0]",14.0,4.0,250.0,1060.283449630589,628.2944558095669,40.065431481735075,30.07051523408409,1085.9362008951196,25.652751264530504,1060.283449630589,1878.1692635471718,0.0,4.547473508864641e-13,4.547473508864641e-13,3416541628.17324,2684142269.0865183,53682845.38173037,2832.210038746655,5500364.330206227,356935332.75198704,258223665.0278619,620659362.1100552,15.372451026882835,7894870.5659493655,121363511.1386354,4862481439.907787,4862481439.907787,40.065431481735075,1.0,825236911.6143736,43538.01011847889,638.5660476468096,10.271591837242706,628.2944558095669,1447.9615495876521,0.0,862.1967077805423,862.1967077805423,1540673674.8191283,1540673674.8191283,30813473.496382564,0.0,0.0,0.0,148218076.03332967,148218076.03332967,15.372451026882835,4678280.517958035,71916638.15232995,2162570363.143751,2162570363.143751,30.07051523408409,1.0,473678612.2912932,0.0
gas-q2800-m2250-r1.5-ua30-30-50,20260926-design-study-component-alternatives:c0213,completed,"[""gas_catalog""]",[],cooler_no_root,False,diagnostic_agreement_not_released,False,[],[],"[""component_alternatives__plant__gas_ledger__balance__a530b58ca455c8b8"", ""component_alternatives__plant__water_pre__evaluation_defined_ok__bc4741b386520ff5""]","[""water_pre""]",[],2800.0,2938.4527131777613,2250.0,1.5,"[30.0, 30.0, 50.0]",14.0,4.0,250.0,1060.283449630589,634.757243504602,40.065431481735075,30.282132265626686,1085.9362008951196,25.652751264530504,1060.283449630589,1878.1692635471718,0.0,4.547473508864641e-13,4.547473508864641e-13,3416541628.17324,2684142269.0865183,53682845.38173037,2832.210038746655,5500364.330206227,356935332.75198704,258223665.0278619,620659362.1100552,15.372451026882835,7894870.5659493655,121363511.1386354,4862481439.907787,4862481439.907787,40.065431481735075,1.0,825236911.6143736,43538.01011847889,638.5660476468096,3.808804142207554,634.757243504602,1441.498761892617,0.0,862.196707780542,862.196707780542,1567475215.369684,1567475215.369684,31349504.30739368,0.0,0.0,0.0,150796475.88532883,150796475.88532883,15.372451026882835,4726402.435135267,72656389.96745667,2200190410.9374747,2200190410.9374747,30.282132265626686,1.0,481918719.68246186,0.0
gas-q2800-m2250-r1.5-ua40-40-60,20260926-design-study-component-alternatives:c0214,completed,"[""gas_catalog""]",[],cooler_no_root,False,diagnostic_agreement_not_released,False,[],[],"[""component_alternatives__plant__gas_ledger__balance__a530b58ca455c8b8"", ""component_alternatives__plant__water_ic1__evaluation_defined_ok__49d1611637350e3c"", ""component_alternatives__plant__water_ic2__evaluation_defined_ok__06ab6aea3f7f761b"", ""component_alternatives__plant__water_pre__evaluation_defined_ok__bc4741b386520ff5""]","[""water_ic1"", ""water_ic2"", ""water_pre""]",[],2800.0,2938.4527131777613,2250.0,1.5,"[40.0, 40.0, 60.0]",14.0,4.0,250.0,1060.283449630589,664.2369088469723,40.065431481735075,29.432973903492982,1085.9362008951196,25.652751264530504,1060.283449630589,1878.1692635471718,0.0,4.547473508864641e-13,4.547473508864641e-13,3416541628.17324,2684142269.0865183,53682845.38173037,2832.210038746655,5500364.330206227,356935332.75198704,258223665.0278619,620659362.1100552,15.372451026882835,7894870.5659493655,121363511.1386354,4862481439.907787,4862481439.907787,40.065431481735075,1.0,825236911.6143736,43538.01011847889,664.4217566815905,0.18484783461823084,664.2369088469723,13.744475521997591,0.0,2260.4713288087914,2260.4713288087914,1594276755.92024,1594276755.92024,31885535.1184048,0.0,0.0,0.0,153374875.737328,153374875.737328,15.372451026882835,4945908.023274556,76030728.871255,2237810458.7311983,2237810458.7311983,29.432973903492982,1.0,490158827.0736306,0.0
gas-q2800-m2250-r1.65-ua25-25-20,20260926-design-study-component-alternatives:c0215,completed,"[""gas_catalog""]",[],cooler_no_root,False,diagnostic_agreement_not_released,False,[],[],"[""component_alternatives__plant__gas_ledger__balance__a530b58ca455c8b8"", ""component_alternatives__plant__water_ic1__evaluation_defined_ok__49d1611637350e3c"", ""component_alternatives__plant__water_ic2__evaluation_defined_ok__06ab6aea3f7f761b"", ""component_alternatives__plant__water_pre__evaluation_defined_ok__bc4741b386520ff5""]","[""water_ic1"", ""water_ic2"", ""water_pre""]",[],2800.0,2938.4527131777613,2250.0,1.65,"[25.0, 25.0, 20.0]",14.0,4.0,250.0,1060.283449630589,354.26669381795045,40.065431481735075,53.33026879072326,1085.9362008951196,25.652751264530504,1060.283449630589,1878.1692635471718,0.0,4.547473508864641e-13,4.547473508864641e-13,3416541628.17324,2684142269.0865183,53682845.38173037,2832.210038746655,5500364.330206227,356935332.75198704,258223665.0278619,620659362.1100552,15.372451026882835,7894870.5659493655,121363511.1386354,4862481439.907787,4862481439.907787,40.065431481735075,1.0,825236911.6143736,43538.01011847889,354.41224271194886,0.14554889399842483,354.26669381795045,7.378451806487207,0.0,2576.8075675533237,2576.8075675533237,1540673674.8191283,1540673674.8191283,30813473.496382564,0.0,0.0,0.0,148218076.03332967,148218076.03332967,15.372451026882835,2637869.8021684587,40550524.34912775,2162570363.143751,2162570363.143751,53.33026879072326,1.0,473678612.2912932,0.0
gas-q2800-m2250-r1.65-ua25-25-25,20260926-design-study-component-alternatives:c0216,completed,"[""gas_catalog""]",[],cooler_no_root,False,diagnostic_agreement_not_released,False,[],[],"[""component_alternatives__plant__gas_ledger__balance__a530b58ca455c8b8"", ""component_alternatives__plant__water_ic1__evaluation_defined_ok__49d1611637350e3c"", ""component_alternatives__plant__water_ic2__evaluation_defined_ok__06ab6aea3f7f761b""]","[""water_ic1"", ""water_ic2""]",[],2800.0,2938.4527131777613,2250.0,1.65,"[25.0, 25.0, 25.0]",14.0,4.0,250.0,1060.283449630589,344.71647940536394,40.065431481735075,54.807759807430216,1085.9362008951196,25.652751264530504,1060.283449630589,1878.1692635471718,0.0,4.547473508864641e-13,4.547473508864641e-13,3416541628.17324,2684142269.0865183,53682845.38173037,2832.210038746655,5500364.330206227,356935332.75198704,258223665.0278619,620659362.1100552,15.372451026882835,7894870.5659493655,121363511.1386354,4862481439.907787,4862481439.907787,40.065431481735075,1.0,825236911.6143736,43538.01011847889,354.41224271194886,9.69576330658494,344.71647940536394,799.298061499492,0.0,1794.4381722729056,1794.4381722729056,1540673674.8191283,1540673674.8191283,30813473.496382564,0.0,0.0,0.0,148218076.03332967,148218076.03332967,15.372451026882835,2566758.90565234,39457375.57495598,2162570363.143751,2162570363.143751,54.807759807430216,1.0,473678612.2912932,0.0
gas-q2800-m2250-r1.65-ua25-25-40,20260926-design-study-component-alternatives:c0217,completed,"[""gas_catalog""]",[],cooler_no_root,False,diagnostic_agreement_not_released,False,[],[],"[""component_alternatives__plant__gas_ledger__balance__a530b58ca455c8b8"", ""component_alternatives__plant__water_ic1__evaluation_defined_ok__49d1611637350e3c"", ""component_alternatives__plant__water_ic2__evaluation_defined_ok__06ab6aea3f7f761b"", ""component_alternatives__plant__water_pre__evaluation_defined_ok__bc4741b386520ff5""]","[""water_ic1"", ""water_ic2"", ""water_pre""]",[],2800.0,2938.4527131777613,2250.0,1.65,"[25.0, 25.0, 40.0]",14.0,4.0,250.0,1060.283449630589,354.26669381795045,40.065431481735075,53.33026879072326,1085.9362008951196,25.652751264530504,1060.283449630589,1878.1692635471718,0.0,4.547473508864641e-13,4.547473508864641e-13,3416541628.17324,2684142269.0865183,53682845.38173037,2832.210038746655,5500364.330206227,356935332.75198704,258223665.0278619,620659362.1100552,15.372451026882835,7894870.5659493655,121363511.1386354,4862481439.907787,4862481439.907787,40.065431481735075,1.0,825236911.6143736,43538.01011847889,354.41224271194886,0.14554889399842483,354.26669381795045,7.378451806487207,0.0,2576.8075675533237,2576.8075675533237,1540673674.8191283,1540673674.8191283,30813473.496382564,0.0,0.0,0.0,148218076.03332967,148218076.03332967,15.372451026882835,2637869.8021684587,40550524.34912775,2162570363.143751,2162570363.143751,53.33026879072326,1.0,473678612.2912932,0.0
gas-q2800-m2250-r1.65-ua30-30-50,20260926-design-study-component-alternatives:c0218,completed,"[""gas_catalog""]",[],cooler_no_root,False,diagnostic_agreement_not_released,False,[],[],"[""component_alternatives__plant__gas_ledger__balance__a530b58ca455c8b8"", ""component_alternatives__plant__water_pre__evaluation_defined_ok__bc4741b386520ff5""]","[""water_pre""]",[],2800.0,2938.4527131777613,2250.0,1.65,"[30.0, 30.0, 50.0]",14.0,4.0,250.0,1060.283449630589,348.64629508821184,40.065431481735075,55.13267479153223,1085.9362008951196,25.652751264530504,1060.283449630589,1878.1692635471718,0.0,4.547473508864641e-13,4.547473508864641e-13,3416541628.17324,2684142269.0865183,53682845.38173037,2832.210038746655,5500364.330206227,356935332.75198704,258223665.0278619,620659362.1100552,15.372451026882835,7894870.5659493655,121363511.1386354,4862481439.907787,4862481439.907787,40.065431481735075,1.0,825236911.6143736,43538.01011847889,354.41224271194886,5.765947623737045,348.64629508821184,1807.4370228095654,0.0,782.369395279984,782.369395279984,1567475215.369684,1567475215.369684,31349504.30739368,0.0,0.0,0.0,150796475.88532883,150796475.88532883,15.372451026882835,2596020.3132268256,39907195.12987241,2200190410.9374747,2200190410.9374747,55.13267479153223,1.0,481918719.68246186,0.0
gas-q2800-m2250-r1.65-ua40-40-60,20260926-design-study-component-alternatives:c0219,completed,"[""gas_catalog""]",[],cooler_no_root,False,diagnostic_agreement_not_released,False,[],[],"[""component_alternatives__plant__gas_ledger__balance__a530b58ca455c8b8"", ""component_alternatives__plant__water_ic1__evaluation_defined_ok__49d1611637350e3c"", ""component_alternatives__plant__water_ic2__evaluation_defined_ok__06ab6aea3f7f761b"", ""component_alternatives__plant__water_pre__evaluation_defined_ok__bc4741b386520ff5""]","[""water_ic1"", ""water_ic2"", ""water_pre""]",[],2800.0,2938.4527131777613,2250.0,1.65,"[40.0, 40.0, 60.0]",14.0,4.0,250.0,1060.283449630589,354.26669381795045,40.065431481735075,55.1857342081283,1085.9362008951196,25.652751264530504,1060.283449630589,1878.1692635471718,0.0,4.547473508864641e-13,4.547473508864641e-13,3416541628.17324,2684142269.0865183,53682845.38173037,2832.210038746655,5500364.330206227,356935332.75198704,258223665.0278619,620659362.1100552,15.372451026882835,7894870.5659493655,121363511.1386354,4862481439.907787,4862481439.907787,40.065431481735075,1.0,825236911.6143736,43538.01011847889,354.41224271194886,0.14554889399842483,354.26669381795045,7.378451806487207,0.0,2576.8075675533237,2576.8075675533237,1594276755.92024,1594276755.92024,31885535.1184048,0.0,0.0,0.0,153374875.737328,153374875.737328,15.372451026882835,2637869.8021684587,40550524.34912775,2237810458.7311983,2237810458.7311983,55.1857342081283,1.0,490158827.0736306,0.0
gas-q2800-m2250-r1.8-ua25-25-20,20260926-design-study-component-alternatives:c0220,completed,"[""gas_catalog""]",[],cooler_no_root,False,diagnostic_agreement_not_released,False,[],[],"[""component_alternatives__plant__compressor_capacity__capacity_ok__e8c94ef170d28993"", ""component_alternatives__plant__gas_ledger__balance__a530b58ca455c8b8"", ""component_alternatives__plant__water_ic1__evaluation_defined_ok__49d1611637350e3c"", ""component_alternatives__plant__water_ic2__evaluation_defined_ok__06ab6aea3f7f761b""]","[""water_ic1"", ""water_ic2""]",[],2800.0,2938.4527131777613,2250.0,1.8,"[25.0, 25.0, 20.0]",14.0,4.0,250.0,1060.283449630589,282.2452050938598,40.065431481735075,66.93873860010943,1085.9362008951196,25.652751264530504,1060.283449630589,1878.1692635471718,0.0,4.547473508864641e-13,4.547473508864641e-13,3416541628.17324,2684142269.0865183,53682845.38173037,2832.210038746655,5500364.330206227,356935332.75198704,258223665.0278619,620659362.1100552,15.372451026882835,7894870.5659493655,121363511.1386354,4862481439.907787,4862481439.907787,40.065431481735075,1.0,825236911.6143736,43538.01011847889,294.2996806773838,12.054475583523963,282.2452050938598,511.65310486255146,0.0,2144.5544032213497,2144.5544032213497,1540673674.8191283,1540673674.8191283,30813473.496382564,0.0,0.0,0.0,148218076.03332967,148218076.03332967,15.372451026882835,2101597.79712888,32306709.214568555,2162570363.143751,2162570363.143751,66.93873860010943,1.0,473678612.2912932,0.0
gas-q2800-m2250-r1.8-ua25-25-25,20260926-design-study-component-alternatives:c0221,completed,"[""gas_catalog""]",[],cooler_no_root,False,diagnostic_agreement_not_released,False,[],[],"[""component_alternatives__plant__compressor_capacity__capacity_ok__e8c94ef170d28993"", ""component_alternatives__plant__gas_ledger__balance__a530b58ca455c8b8"", ""component_alternatives__plant__water_ic1__evaluation_defined_ok__49d1611637350e3c"", ""component_alternatives__plant__water_ic2__evaluation_defined_ok__06ab6aea3f7f761b""]","[""water_ic1"", ""water_ic2""]",[],2800.0,2938.4527131777613,2250.0,1.8,"[25.0, 25.0, 25.0]",14.0,4.0,250.0,1060.283449630589,292.43619851907283,40.065431481735075,64.60601697255319,1085.9362008951196,25.652751264530504,1060.283449630589,1878.1692635471718,0.0,4.547473508864641e-13,4.547473508864641e-13,3416541628.17324,2684142269.0865183,53682845.38173037,2832.210038746655,5500364.330206227,356935332.75198704,258223665.0278619,620659362.1100552,15.372451026882835,7894870.5659493655,121363511.1386354,4862481439.907787,4862481439.907787,40.065431481735075,1.0,825236911.6143736,43538.01011847889,294.2996806773838,1.8634821583109196,292.43619851907283,501.4621114373384,0.0,2144.55440322135,2144.55440322135,1540673674.8191283,1540673674.8191283,30813473.496382564,0.0,0.0,0.0,148218076.03332967,148218076.03332967,15.372451026882835,2177479.9341730163,33473203.650094755,2162570363.143751,2162570363.143751,64.60601697255319,1.0,473678612.2912932,0.0
gas-q2800-m2250-r1.8-ua25-25-40,20260926-design-study-component-alternatives:c0222,completed,"[""gas_catalog""]",[],cooler_no_root,False,diagnostic_agreement_not_released,False,[],[],"[""component_alternatives__plant__compressor_capacity__capacity_ok__e8c94ef170d28993"", ""component_alternatives__plant__gas_ledger__balance__a530b58ca455c8b8"", ""component_alternatives__plant__water_ic1__evaluation_defined_ok__49d1611637350e3c"", ""component_alternatives__plant__water_ic2__evaluation_defined_ok__06ab6aea3f7f761b"", ""component_alternatives__plant__water_pre__evaluation_defined_ok__bc4741b386520ff5""]","[""water_ic1"", ""water_ic2"", ""water_pre""]",[],2800.0,2938.4527131777613,2250.0,1.8,"[25.0, 25.0, 40.0]",14.0,4.0,250.0,1060.283449630589,294.16175206566527,40.065431481735075,64.22703792128172,1085.9362008951196,25.652751264530504,1060.283449630589,1878.1692635471718,0.0,4.547473508864641e-13,4.547473508864641e-13,3416541628.17324,2684142269.0865183,53682845.38173037,2832.210038746655,5500364.330206227,356935332.75198704,258223665.0278619,620659362.1100552,15.372451026882835,7894870.5659493655,121363511.1386354,4862481439.907787,4862481439.907787,40.065431481735075,1.0,825236911.6143736,43538.01011847889,294.2996806773838,0.1379286117185326,294.16175206566527,6.144044543910038,0.0,2638.1469165681856,2638.1469165681856,1540673674.8191283,1540673674.8191283,30813473.496382564,0.0,0.0,0.0,148218076.03332967,148218076.03332967,15.372451026882835,2190328.4058809434,33670716.152195156,2162570363.143751,2162570363.143751,64.22703792128172,1.0,473678612.2912932,0.0
gas-q2800-m2250-r1.8-ua30-30-50,20260926-design-study-component-alternatives:c0223,completed,"[""gas_catalog""]",[],cooler_no_root,False,diagnostic_agreement_not_released,False,[],[],"[""component_alternatives__plant__compressor_capacity__capacity_ok__e8c94ef170d28993"", ""component_alternatives__plant__gas_ledger__balance__a530b58ca455c8b8"", ""component_alternatives__plant__water_pre__evaluation_defined_ok__bc4741b386520ff5""]","[""water_pre""]",[],2800.0,2938.4527131777613,2250.0,1.8,"[30.0, 30.0, 50.0]",14.0,4.0,250.0,1060.283449630589,284.6339671791861,40.065431481735075,67.53165475949761,1085.9362008951196,25.652751264530504,1060.283449630589,1878.1692635471718,0.0,4.547473508864641e-13,4.547473508864641e-13,3416541628.17324,2684142269.0865183,53682845.38173037,2832.210038746655,5500364.330206227,356935332.75198704,258223665.0278619,620659362.1100552,15.372451026882835,7894870.5659493655,121363511.1386354,4862481439.907787,4862481439.907787,40.065431481735075,1.0,825236911.6143736,43538.01011847889,294.2996806773838,9.665713498197698,284.6339671791861,2160.2262326592486,0.0,493.5925133393266,493.5925133393266,1567475215.369684,1567475215.369684,31349504.30739368,0.0,0.0,0.0,150796475.88532883,150796475.88532883,15.372451026882835,2119384.519616219,32580134.734933935,2200190410.9374747,2200190410.9374747,67.53165475949761,1.0,481918719.68246186,0.0
gas-q2800-m2250-r1.8-ua40-40-60,20260926-design-study-component-alternatives:c0224,completed,"[""gas_catalog""]",[],cooler_no_root,False,diagnostic_agreement_not_released,False,[],[],"[""component_alternatives__plant__compressor_capacity__capacity_ok__e8c94ef170d28993"", ""component_alternatives__plant__gas_ledger__balance__a530b58ca455c8b8"", ""component_alternatives__plant__water_ic1__evaluation_defined_ok__49d1611637350e3c"", ""component_alternatives__plant__water_ic2__evaluation_defined_ok__06ab6aea3f7f761b"", ""component_alternatives__plant__water_pre__evaluation_defined_ok__bc4741b386520ff5""]","[""water_ic1"", ""water_ic2"", ""water_pre""]",[],2800.0,2938.4527131777613,2250.0,1.8,"[40.0, 40.0, 60.0]",14.0,4.0,250.0,1060.283449630589,294.16175206566527,40.065431481735075,66.46162346580518,1085.9362008951196,25.652751264530504,1060.283449630589,1878.1692635471718,0.0,4.547473508864641e-13,4.547473508864641e-13,3416541628.17324,2684142269.0865183,53682845.38173037,2832.210038746655,5500364.330206227,356935332.75198704,258223665.0278619,620659362.1100552,15.372451026882835,7894870.5659493655,121363511.1386354,4862481439.907787,4862481439.907787,40.065431481735075,1.0,825236911.6143736,43538.01011847889,294.2996806773838,0.1379286117185326,294.16175206566527,6.144044543910038,0.0,2638.1469165681856,2638.1469165681856,1594276755.92024,1594276755.92024,31885535.1184048,0.0,0.0,0.0,153374875.737328,153374875.737328,15.372451026882835,2190328.4058809434,33670716.152195156,2237810458.7311983,2237810458.7311983,66.46162346580518,1.0,490158827.0736306,0.0
gas-q2800-m2500-r1.2-ua25-25-20,20260926-design-study-component-alternatives:c0225,completed,"[""gas_catalog""]",[],cooler_no_root,False,diagnostic_agreement_not_released,False,[],[],"[""component_alternatives__plant__gas_boundary__source_adequate_ok__dd6d7a3461399330"", ""component_alternatives__plant__gas_ledger__balance__a530b58ca455c8b8"", ""component_alternatives__plant__water_pre__evaluation_defined_ok__bc4741b386520ff5""]","[""water_pre""]",[],2800.0,2938.4527131777613,2500.0,1.2,"[25.0, 25.0, 20.0]",14.0,4.0,250.0,1060.283449630589,575.0857888664351,40.065431481735075,32.85272975037838,1085.9362008951196,25.652751264530504,1060.283449630589,1878.1692635471718,0.0,4.547473508864641e-13,4.547473508864641e-13,3416541628.17324,2684142269.0865183,53682845.38173037,2832.210038746655,5500364.330206227,356935332.75198704,258223665.0278619,620659362.1100552,15.372451026882835,7894870.5659493655,121363511.1386354,4862481439.907787,4862481439.907787,40.065431481735075,1.0,825236911.6143736,43538.01011847889,577.5844653040839,2.498676437648836,575.0857888664351,694.4146431411493,691.7537616747395,1668.952281170177,977.1985194954375,1540673674.8191283,1540673674.8191283,30813473.496382564,0.0,0.0,0.0,148218076.03332967,148218076.03332967,15.372451026882835,4282088.783899476,65826200.12325897,2162570363.143751,2162570363.143751,32.85272975037838,1.0,473678612.2912932,0.0
gas-q2800-m2500-r1.2-ua25-25-25,20260926-design-study-component-alternatives:c0226,completed,"[""gas_catalog""]",[],cooler_no_root,False,diagnostic_agreement_not_released,False,[],[],"[""component_alternatives__plant__gas_boundary__source_adequate_ok__dd6d7a3461399330"", ""component_alternatives__plant__gas_ledger__balance__a530b58ca455c8b8"", ""component_alternatives__plant__water_pre__evaluation_defined_ok__bc4741b386520ff5""]","[""water_pre""]",[],2800.0,2938.4527131777613,2500.0,1.2,"[25.0, 25.0, 25.0]",14.0,4.0,250.0,1060.283449630589,575.0857888664351,40.065431481735075,32.85272975037838,1085.9362008951196,25.652751264530504,1060.283449630589,1878.1692635471718,0.0,4.547473508864641e-13,4.547473508864641e-13,3416541628.17324,2684142269.0865183,53682845.38173037,2832.210038746655,5500364.330206227,356935332.75198704,258223665.0278619,620659362.1100552,15.372451026882835,7894870.5659493655,121363511.1386354,4862481439.907787,4862481439.907787,40.065431481735075,1.0,825236911.6143736,43538.01011847889,577.5844653040839,2.498676437648836,575.0857888664351,694.4146431411493,691.7537616747395,1668.952281170177,977.1985194954375,1540673674.8191283,1540673674.8191283,30813473.496382564,0.0,0.0,0.0,148218076.03332967,148218076.03332967,15.372451026882835,4282088.783899476,65826200.12325897,2162570363.143751,2162570363.143751,32.85272975037838,1.0,473678612.2912932,0.0
gas-q2800-m2500-r1.2-ua25-25-40,20260926-design-study-component-alternatives:c0227,completed,"[""gas_catalog""]",[],cooler_no_root,False,diagnostic_agreement_not_released,False,[],[],"[""component_alternatives__plant__gas_boundary__source_adequate_ok__dd6d7a3461399330"", ""component_alternatives__plant__gas_ledger__balance__a530b58ca455c8b8"", ""component_alternatives__plant__water_pre__evaluation_defined_ok__bc4741b386520ff5""]","[""water_pre""]",[],2800.0,2938.4527131777613,2500.0,1.2,"[25.0, 25.0, 40.0]",14.0,4.0,250.0,1060.283449630589,575.0857888664351,40.065431481735075,32.85272975037838,1085.9362008951196,25.652751264530504,1060.283449630589,1878.1692635471718,0.0,4.547473508864641e-13,4.547473508864641e-13,3416541628.17324,2684142269.0865183,53682845.38173037,2832.210038746655,5500364.330206227,356935332.75198704,258223665.0278619,620659362.1100552,15.372451026882835,7894870.5659493655,121363511.1386354,4862481439.907787,4862481439.907787,40.065431481735075,1.0,825236911.6143736,43538.01011847889,577.5844653040839,2.498676437648836,575.0857888664351,694.4146431411493,691.7537616747395,1668.952281170177,977.1985194954375,1540673674.8191283,1540673674.8191283,30813473.496382564,0.0,0.0,0.0,148218076.03332967,148218076.03332967,15.372451026882835,4282088.783899476,65826200.12325897,2162570363.143751,2162570363.143751,32.85272975037838,1.0,473678612.2912932,0.0
gas-q2800-m2500-r1.2-ua30-30-50,20260926-design-study-component-alternatives:c0228,completed,"[""gas_catalog""]",[],cooler_no_root,False,diagnostic_agreement_not_released,False,[],[],"[""component_alternatives__plant__gas_boundary__source_adequate_ok__dd6d7a3461399330"", ""component_alternatives__plant__gas_ledger__balance__a530b58ca455c8b8"", ""component_alternatives__plant__water_pre__evaluation_defined_ok__bc4741b386520ff5""]","[""water_pre""]",[],2800.0,2938.4527131777613,2500.0,1.2,"[30.0, 30.0, 50.0]",14.0,4.0,250.0,1060.283449630589,575.6066541369688,40.065431481735075,33.39398991693558,1085.9362008951196,25.652751264530504,1060.283449630589,1878.1692635471718,0.0,4.547473508864641e-13,4.547473508864641e-13,3416541628.17324,2684142269.0865183,53682845.38173037,2832.210038746655,5500364.330206227,356935332.75198704,258223665.0278619,620659362.1100552,15.372451026882835,7894870.5659493655,121363511.1386354,4862481439.907787,4862481439.907787,40.065431481735075,1.0,825236911.6143736,43538.01011847889,577.5844653040839,1.9778111671150231,575.6066541369688,693.8937778706155,691.7537616747395,1668.9522811701772,977.1985194954376,1567475215.369684,1567475215.369684,31349504.30739368,0.0,0.0,0.0,150796475.88532883,150796475.88532883,15.372451026882835,4285967.14670387,65885820.065534,2200190410.9374747,2200190410.9374747,33.39398991693558,1.0,481918719.68246186,0.0
gas-q2800-m2500-r1.2-ua40-40-60,20260926-design-study-component-alternatives:c0229,completed,"[""gas_catalog""]",[],cooler_no_root,False,diagnostic_agreement_not_released,False,[],[],"[""component_alternatives__plant__gas_boundary__source_adequate_ok__dd6d7a3461399330"", ""component_alternatives__plant__gas_ledger__balance__a530b58ca455c8b8"", ""component_alternatives__plant__water_pre__evaluation_defined_ok__bc4741b386520ff5""]","[""water_pre""]",[],2800.0,2938.4527131777613,2500.0,1.2,"[40.0, 40.0, 60.0]",14.0,4.0,250.0,1060.283449630589,580.7536568673695,40.065431481735075,33.663959533697174,1085.9362008951196,25.652751264530504,1060.283449630589,1878.1692635471718,0.0,4.547473508864641e-13,4.547473508864641e-13,3416541628.17324,2684142269.0865183,53682845.38173037,2832.210038746655,5500364.330206227,356935332.75198704,258223665.0278619,620659362.1100552,15.372451026882835,7894870.5659493655,121363511.1386354,4862481439.907787,4862481439.907787,40.065431481735075,1.0,825236911.6143736,43538.01011847889,582.3798104835597,1.6261536161902297,580.7536568673695,693.639984507027,820.5416991894817,1664.059071803365,843.5173726138831,1594276755.92024,1594276755.92024,31885535.1184048,0.0,0.0,0.0,153374875.737328,153374875.737328,15.372451026882835,4324291.729034433,66474962.83053632,2237810458.7311983,2237810458.7311983,33.663959533697174,1.0,490158827.0736306,0.0
gas-q2800-m2500-r1.35-ua25-25-20,20260926-design-study-component-alternatives:c0230,completed,"[""gas_catalog""]",[],cooler_no_root,False,diagnostic_agreement_not_released,False,[],[],"[""component_alternatives__plant__gas_boundary__source_adequate_ok__dd6d7a3461399330"", ""component_alternatives__plant__gas_ledger__balance__a530b58ca455c8b8"", ""component_alternatives__plant__water_pre__evaluation_defined_ok__bc4741b386520ff5""]","[""water_pre""]",[],2800.0,2938.4527131777613,2500.0,1.35,"[25.0, 25.0, 20.0]",14.0,4.0,250.0,1060.283449630589,781.1260525417351,40.065431481735075,24.187053988834542,1085.9362008951196,25.652751264530504,1060.283449630589,1878.1692635471718,0.0,4.547473508864641e-13,4.547473508864641e-13,3416541628.17324,2684142269.0865183,53682845.38173037,2832.210038746655,5500364.330206227,356935332.75198704,258223665.0278619,620659362.1100552,15.372451026882835,7894870.5659493655,121363511.1386354,4862481439.907787,4862481439.907787,40.065431481735075,1.0,825236911.6143736,43538.01011847889,788.4186052121152,7.292552670380044,781.1260525417351,1170.0056145077322,8.4585645879215,987.321046128294,978.8624815403725,1540673674.8191283,1540673674.8191283,30813473.496382564,0.0,0.0,0.0,148218076.03332967,148218076.03332967,15.372451026882835,5816264.587225759,89410242.5265209,2162570363.143751,2162570363.143751,24.187053988834542,1.0,473678612.2912932,0.0
gas-q2800-m2500-r1.35-ua25-25-25,20260926-design-study-component-alternatives:c0231,completed,"[""gas_catalog""]",[],cooler_no_root,False,diagnostic_agreement_not_released,False,[],[],"[""component_alternatives__plant__gas_boundary__source_adequate_ok__dd6d7a3461399330"", ""component_alternatives__plant__gas_ledger__balance__a530b58ca455c8b8"", ""component_alternatives__plant__water_pre__evaluation_defined_ok__bc4741b386520ff5""]","[""water_pre""]",[],2800.0,2938.4527131777613,2500.0,1.35,"[25.0, 25.0, 25.0]",14.0,4.0,250.0,1060.283449630589,781.1260525417351,40.065431481735075,24.187053988834542,1085.9362008951196,25.652751264530504,1060.283449630589,1878.1692635471718,0.0,4.547473508864641e-13,4.547473508864641e-13,3416541628.17324,2684142269.0865183,53682845.38173037,2832.210038746655,5500364.330206227,356935332.75198704,258223665.0278619,620659362.1100552,15.372451026882835,7894870.5659493655,121363511.1386354,4862481439.907787,4862481439.907787,40.065431481735075,1.0,825236911.6143736,43538.01011847889,788.4186052121152,7.292552670380044,781.1260525417351,1170.0056145077322,8.4585645879215,987.321046128294,978.8624815403725,1540673674.8191283,1540673674.8191283,30813473.496382564,0.0,0.0,0.0,148218076.03332967,148218076.03332967,15.372451026882835,5816264.587225759,89410242.5265209,2162570363.143751,2162570363.143751,24.187053988834542,1.0,473678612.2912932,0.0
gas-q2800-m2500-r1.35-ua25-25-40,20260926-design-study-component-alternatives:c0232,completed,"[""gas_catalog""]",[],cooler_no_root,False,diagnostic_agreement_not_released,False,[],[],"[""component_alternatives__plant__gas_boundary__source_adequate_ok__dd6d7a3461399330"", ""component_alternatives__plant__gas_ledger__balance__a530b58ca455c8b8"", ""component_alternatives__plant__water_pre__evaluation_defined_ok__bc4741b386520ff5""]","[""water_pre""]",[],2800.0,2938.4527131777613,2500.0,1.35,"[25.0, 25.0, 40.0]",14.0,4.0,250.0,1060.283449630589,781.1260525417351,40.065431481735075,24.187053988834542,1085.9362008951196,25.652751264530504,1060.283449630589,1878.1692635471718,0.0,4.547473508864641e-13,4.547473508864641e-13,3416541628.17324,2684142269.0865183,53682845.38173037,2832.210038746655,5500364.330206227,356935332.75198704,258223665.0278619,620659362.1100552,15.372451026882835,7894870.5659493655,121363511.1386354,4862481439.907787,4862481439.907787,40.065431481735075,1.0,825236911.6143736,43538.01011847889,788.4186052121152,7.292552670380044,781.1260525417351,1170.0056145077322,8.4585645879215,987.321046128294,978.8624815403725,1540673674.8191283,1540673674.8191283,30813473.496382564,0.0,0.0,0.0,148218076.03332967,148218076.03332967,15.372451026882835,5816264.587225759,89410242.5265209,2162570363.143751,2162570363.143751,24.187053988834542,1.0,473678612.2912932,0.0
gas-q2800-m2500-r1.35-ua30-30-50,20260926-design-study-component-alternatives:c0233,completed,"[""gas_catalog""]",[],cooler_no_root,False,diagnostic_agreement_not_released,False,[],[],"[""component_alternatives__plant__gas_boundary__source_adequate_ok__dd6d7a3461399330"", ""component_alternatives__plant__gas_ledger__balance__a530b58ca455c8b8"", ""component_alternatives__plant__water_pre__evaluation_defined_ok__bc4741b386520ff5""]","[""water_pre""]",[],2800.0,2938.4527131777613,2500.0,1.35,"[30.0, 30.0, 50.0]",14.0,4.0,250.0,1060.283449630589,784.9108362179611,40.065431481735075,24.489154586003554,1085.9362008951196,25.652751264530504,1060.283449630589,1878.1692635471718,0.0,4.547473508864641e-13,4.547473508864641e-13,3416541628.17324,2684142269.0865183,53682845.38173037,2832.210038746655,5500364.330206227,356935332.75198704,258223665.0278619,620659362.1100552,15.372451026882835,7894870.5659493655,121363511.1386354,4862481439.907787,4862481439.907787,40.065431481735075,1.0,825236911.6143736,43538.01011847889,788.4186052121152,3.5077689941540267,784.9108362179611,1166.2208308315062,8.4585645879215,987.3210461282938,978.8624815403723,1567475215.369684,1567475215.369684,31349504.30739368,0.0,0.0,0.0,150796475.88532883,150796475.88532883,15.372451026882835,5844446.086478938,89843461.24365452,2200190410.9374747,2200190410.9374747,24.489154586003554,1.0,481918719.68246186,0.0
gas-q2800-m2500-r1.35-ua40-40-60,20260926-design-study-component-alternatives:c0234,completed,"[""gas_catalog""]",[],cooler_no_root,False,diagnostic_agreement_not_released,False,[],[],"[""component_alternatives__plant__gas_boundary__source_adequate_ok__dd6d7a3461399330"", ""component_alternatives__plant__gas_ledger__balance__a530b58ca455c8b8"", ""component_alternatives__plant__water_pre__evaluation_defined_ok__bc4741b386520ff5""]","[""water_pre""]",[],2800.0,2938.4527131777613,2500.0,1.35,"[40.0, 40.0, 60.0]",14.0,4.0,250.0,1060.283449630589,790.9284797616929,40.065431481735075,24.718376065709947,1085.9362008951196,25.652751264530504,1060.283449630589,1878.1692635471718,0.0,4.547473508864641e-13,4.547473508864641e-13,3416541628.17324,2684142269.0865183,53682845.38173037,2832.210038746655,5500364.330206227,356935332.75198704,258223665.0278619,620659362.1100552,15.372451026882835,7894870.5659493655,121363511.1386354,4862481439.907787,4862481439.907787,40.065431481735075,1.0,825236911.6143736,43538.01011847889,793.1971830769696,2.2687033152767255,790.9284797616929,1165.0792871498707,88.96578054682368,982.4449462661978,893.4791657193741,1594276755.92024,1594276755.92024,31885535.1184048,0.0,0.0,0.0,153374875.737328,153374875.737328,15.372451026882835,5889253.460305565,90532260.40344757,2237810458.7311983,2237810458.7311983,24.718376065709947,1.0,490158827.0736306,0.0
gas-q2800-m2500-r1.5-ua25-25-20,20260926-design-study-component-alternatives:c0235,completed,"[""gas_catalog""]",[],cooler_no_root,False,diagnostic_agreement_not_released,False,[],[],"[""component_alternatives__plant__gas_ledger__balance__a530b58ca455c8b8"", ""component_alternatives__plant__water_ic1__evaluation_defined_ok__49d1611637350e3c"", ""component_alternatives__plant__water_ic2__evaluation_defined_ok__06ab6aea3f7f761b"", ""component_alternatives__plant__water_pre__evaluation_defined_ok__bc4741b386520ff5""]","[""water_ic1"", ""water_ic2"", ""water_pre""]",[],2800.0,2938.4527131777613,2500.0,1.5,"[25.0, 25.0, 20.0]",14.0,4.0,250.0,1060.283449630589,458.28764447747284,40.065431481735075,41.225501565623915,1085.9362008951196,25.652751264530504,1060.283449630589,1878.1692635471718,0.0,4.547473508864641e-13,4.547473508864641e-13,3416541628.17324,2684142269.0865183,53682845.38173037,2832.210038746655,5500364.330206227,356935332.75198704,258223665.0278619,620659362.1100552,15.372451026882835,7894870.5659493655,121363511.1386354,4862481439.907787,4862481439.907787,40.065431481735075,1.0,825236911.6143736,43538.01011847889,458.44638145524505,0.15873697777222084,458.28764447747284,9.51478557889966,0.0,2470.650283121389,2470.650283121389,1540673674.8191283,1540673674.8191283,30813473.496382564,0.0,0.0,0.0,148218076.03332967,148218076.03332967,15.372451026882835,3412409.8007792626,52457102.546134226,2162570363.143751,2162570363.143751,41.225501565623915,1.0,473678612.2912932,0.0
gas-q2800-m2500-r1.5-ua25-25-25,20260926-design-study-component-alternatives:c0236,completed,"[""gas_catalog""]",[],cooler_no_root,False,diagnostic_agreement_not_released,False,[],[],"[""component_alternatives__plant__gas_ledger__balance__a530b58ca455c8b8"", ""component_alternatives__plant__water_ic1__evaluation_defined_ok__49d1611637350e3c"", ""component_alternatives__plant__water_ic2__evaluation_defined_ok__06ab6aea3f7f761b"", ""component_alternatives__plant__water_pre__evaluation_defined_ok__bc4741b386520ff5""]","[""water_ic1"", ""water_ic2"", ""water_pre""]",[],2800.0,2938.4527131777613,2500.0,1.5,"[25.0, 25.0, 25.0]",14.0,4.0,250.0,1060.283449630589,458.28764447747284,40.065431481735075,41.225501565623915,1085.9362008951196,25.652751264530504,1060.283449630589,1878.1692635471718,0.0,4.547473508864641e-13,4.547473508864641e-13,3416541628.17324,2684142269.0865183,53682845.38173037,2832.210038746655,5500364.330206227,356935332.75198704,258223665.0278619,620659362.1100552,15.372451026882835,7894870.5659493655,121363511.1386354,4862481439.907787,4862481439.907787,40.065431481735075,1.0,825236911.6143736,43538.01011847889,458.44638145524505,0.15873697777222084,458.28764447747284,9.51478557889966,0.0,2470.650283121389,2470.650283121389,1540673674.8191283,1540673674.8191283,30813473.496382564,0.0,0.0,0.0,148218076.03332967,148218076.03332967,15.372451026882835,3412409.8007792626,52457102.546134226,2162570363.143751,2162570363.143751,41.225501565623915,1.0,473678612.2912932,0.0
gas-q2800-m2500-r1.5-ua25-25-40,20260926-design-study-component-alternatives:c0237,completed,"[""gas_catalog""]",[],cooler_no_root,False,diagnostic_agreement_not_released,False,[],[],"[""component_alternatives__plant__gas_ledger__balance__a530b58ca455c8b8"", ""component_alternatives__plant__water_ic1__evaluation_defined_ok__49d1611637350e3c"", ""component_alternatives__plant__water_ic2__evaluation_defined_ok__06ab6aea3f7f761b"", ""component_alternatives__plant__water_pre__evaluation_defined_ok__bc4741b386520ff5""]","[""water_ic1"", ""water_ic2"", ""water_pre""]",[],2800.0,2938.4527131777613,2500.0,1.5,"[25.0, 25.0, 40.0]",14.0,4.0,250.0,1060.283449630589,458.28764447747284,40.065431481735075,41.225501565623915,1085.9362008951196,25.652751264530504,1060.283449630589,1878.1692635471718,0.0,4.547473508864641e-13,4.547473508864641e-13,3416541628.17324,2684142269.0865183,53682845.38173037,2832.210038746655,5500364.330206227,356935332.75198704,258223665.0278619,620659362.1100552,15.372451026882835,7894870.5659493655,121363511.1386354,4862481439.907787,4862481439.907787,40.065431481735075,1.0,825236911.6143736,43538.01011847889,458.44638145524505,0.15873697777222084,458.28764447747284,9.51478557889966,0.0,2470.650283121389,2470.650283121389,1540673674.8191283,1540673674.8191283,30813473.496382564,0.0,0.0,0.0,148218076.03332967,148218076.03332967,15.372451026882835,3412409.8007792626,52457102.546134226,2162570363.143751,2162570363.143751,41.225501565623915,1.0,473678612.2912932,0.0
gas-q2800-m2500-r1.5-ua30-30-50,20260926-design-study-component-alternatives:c0238,completed,"[""gas_catalog""]",[],cooler_no_root,False,diagnostic_agreement_not_released,False,[],[],"[""component_alternatives__plant__gas_ledger__balance__a530b58ca455c8b8"", ""component_alternatives__plant__water_pre__evaluation_defined_ok__bc4741b386520ff5""]","[""water_pre""]",[],2800.0,2938.4527131777613,2500.0,1.5,"[30.0, 30.0, 50.0]",14.0,4.0,250.0,1060.283449630589,452.08562953564206,40.065431481735075,42.51805752842567,1085.9362008951196,25.652751264530504,1060.283449630589,1878.1692635471718,0.0,4.547473508864641e-13,4.547473508864641e-13,3416541628.17324,2684142269.0865183,53682845.38173037,2832.210038746655,5500364.330206227,356935332.75198704,258223665.0278619,620659362.1100552,15.372451026882835,7894870.5659493655,121363511.1386354,4862481439.907787,4862481439.907787,40.065431481735075,1.0,825236911.6143736,43538.01011847889,458.44638145524505,6.360751919602985,452.08562953564206,1598.6701311811216,0.0,887.6969524609976,887.6969524609976,1567475215.369684,1567475215.369684,31349504.30739368,0.0,0.0,0.0,150796475.88532883,150796475.88532883,15.372451026882835,3366229.5975223905,51747199.63315646,2200190410.9374747,2200190410.9374747,42.51805752842567,1.0,481918719.68246186,0.0
gas-q2800-m2500-r1.5-ua40-40-60,20260926-design-study-component-alternatives:c0239,completed,"[""gas_catalog""]",[],cooler_no_root,False,diagnostic_agreement_not_released,False,[],[],"[""component_alternatives__plant__gas_ledger__balance__a530b58ca455c8b8"", ""component_alternatives__plant__water_ic1__evaluation_defined_ok__49d1611637350e3c"", ""component_alternatives__plant__water_ic2__evaluation_defined_ok__06ab6aea3f7f761b"", ""component_alternatives__plant__water_pre__evaluation_defined_ok__bc4741b386520ff5""]","[""water_ic1"", ""water_ic2"", ""water_pre""]",[],2800.0,2938.4527131777613,2500.0,1.5,"[40.0, 40.0, 60.0]",14.0,4.0,250.0,1060.283449630589,474.3575999487674,40.065431481735075,41.21461868839313,1085.9362008951196,25.652751264530504,1060.283449630589,1878.1692635471718,0.0,4.547473508864641e-13,4.547473508864641e-13,3416541628.17324,2684142269.0865183,53682845.38173037,2832.210038746655,5500364.330206227,356935332.75198704,258223665.0278619,620659362.1100552,15.372451026882835,7894870.5659493655,121363511.1386354,4862481439.907787,4862481439.907787,40.065431481735075,1.0,825236911.6143736,43538.01011847889,474.5183743230223,0.1607743742548804,474.3575999487674,9.844822829826763,0.0,2454.250290399167,2454.250290399167,1594276755.92024,1594276755.92024,31885535.1184048,0.0,0.0,0.0,153374875.737328,153374875.737328,15.372451026882835,3532066.689218522,54296522.20369592,2237810458.7311983,2237810458.7311983,41.21461868839313,1.0,490158827.0736306,0.0
gas-q2800-m2500-r1.65-ua25-25-20,20260926-design-study-component-alternatives:c0240,completed,"[""gas_catalog""]",[],cooler_no_root,False,diagnostic_agreement_not_released,False,[],[],"[""component_alternatives__plant__gas_ledger__balance__a530b58ca455c8b8"", ""component_alternatives__plant__water_ic1__evaluation_defined_ok__49d1611637350e3c"", ""component_alternatives__plant__water_ic2__evaluation_defined_ok__06ab6aea3f7f761b"", ""component_alternatives__plant__water_pre__evaluation_defined_ok__bc4741b386520ff5""]","[""water_ic1"", ""water_ic2"", ""water_pre""]",[],2800.0,2938.4527131777613,2500.0,1.65,"[25.0, 25.0, 20.0]",14.0,4.0,250.0,1060.283449630589,262.2795138070446,40.065431481735075,72.03436414332981,1085.9362008951196,25.652751264530504,1060.283449630589,1878.1692635471718,0.0,4.547473508864641e-13,4.547473508864641e-13,3416541628.17324,2684142269.0865183,53682845.38173037,2832.210038746655,5500364.330206227,356935332.75198704,258223665.0278619,620659362.1100552,15.372451026882835,7894870.5659493655,121363511.1386354,4862481439.907787,4862481439.907787,40.065431481735075,1.0,825236911.6143736,43538.01011847889,262.4134002943028,0.13388648725817187,262.2795138070446,5.489262003468416,0.0,2670.6839373672483,2670.6839373672483,1540673674.8191283,1540673674.8191283,30813473.496382564,0.0,0.0,0.0,148218076.03332967,148218076.03332967,15.372451026882835,1952933.2598072544,30021370.895157672,2162570363.143751,2162570363.143751,72.03436414332981,1.0,473678612.2912932,0.0
gas-q2800-m2500-r1.65-ua25-25-25,20260926-design-study-component-alternatives:c0241,completed,"[""gas_catalog""]",[],cooler_no_root,False,diagnostic_agreement_not_released,False,[],[],"[""component_alternatives__plant__gas_ledger__balance__a530b58ca455c8b8"", ""component_alternatives__plant__water_ic1__evaluation_defined_ok__49d1611637350e3c"", ""component_alternatives__plant__water_ic2__evaluation_defined_ok__06ab6aea3f7f761b""]","[""water_ic1"", ""water_ic2""]",[],2800.0,2938.4527131777613,2500.0,1.65,"[25.0, 25.0, 25.0]",14.0,4.0,250.0,1060.283449630589,253.27943107829773,40.065431481735075,74.59404786435897,1085.9362008951196,25.652751264530504,1060.283449630589,1878.1692635471718,0.0,4.547473508864641e-13,4.547473508864641e-13,3416541628.17324,2684142269.0865183,53682845.38173037,2832.210038746655,5500364.330206227,356935332.75198704,258223665.0278619,620659362.1100552,15.372451026882835,7894870.5659493655,121363511.1386354,4862481439.907787,4862481439.907787,40.065431481735075,1.0,825236911.6143736,43538.01011847889,262.4134002943028,9.13396921600505,253.27943107829773,691.3530906795751,0.0,1993.8201914198885,1993.8201914198885,1540673674.8191283,1540673674.8191283,30813473.496382564,0.0,0.0,0.0,148218076.03332967,148218076.03332967,15.372451026882835,1885918.6438090052,28991191.992639225,2162570363.143751,2162570363.143751,74.59404786435897,1.0,473678612.2912932,0.0
gas-q2800-m2500-r1.65-ua25-25-40,20260926-design-study-component-alternatives:c0242,completed,"[""gas_catalog""]",[],cooler_no_root,False,diagnostic_agreement_not_released,False,[],[],"[""component_alternatives__plant__gas_ledger__balance__a530b58ca455c8b8"", ""component_alternatives__plant__water_ic1__evaluation_defined_ok__49d1611637350e3c"", ""component_alternatives__plant__water_ic2__evaluation_defined_ok__06ab6aea3f7f761b"", ""component_alternatives__plant__water_pre__evaluation_defined_ok__bc4741b386520ff5""]","[""water_ic1"", ""water_ic2"", ""water_pre""]",[],2800.0,2938.4527131777613,2500.0,1.65,"[25.0, 25.0, 40.0]",14.0,4.0,250.0,1060.283449630589,262.2795138070446,40.065431481735075,72.03436414332981,1085.9362008951196,25.652751264530504,1060.283449630589,1878.1692635471718,0.0,4.547473508864641e-13,4.547473508864641e-13,3416541628.17324,2684142269.0865183,53682845.38173037,2832.210038746655,5500364.330206227,356935332.75198704,258223665.0278619,620659362.1100552,15.372451026882835,7894870.5659493655,121363511.1386354,4862481439.907787,4862481439.907787,40.065431481735075,1.0,825236911.6143736,43538.01011847889,262.4134002943028,0.13388648725817187,262.2795138070446,5.489262003468416,0.0,2670.6839373672483,2670.6839373672483,1540673674.8191283,1540673674.8191283,30813473.496382564,0.0,0.0,0.0,148218076.03332967,148218076.03332967,15.372451026882835,1952933.2598072544,30021370.895157672,2162570363.143751,2162570363.143751,72.03436414332981,1.0,473678612.2912932,0.0
gas-q2800-m2500-r1.65-ua30-30-50,20260926-design-study-component-alternatives:c0243,completed,"[""gas_catalog""]",[],cooler_no_root,False,diagnostic_agreement_not_released,False,[],[],"[""component_alternatives__plant__gas_ledger__balance__a530b58ca455c8b8"", ""component_alternatives__plant__water_pre__evaluation_defined_ok__bc4741b386520ff5""]","[""water_pre""]",[],2800.0,2938.4527131777613,2500.0,1.65,"[30.0, 30.0, 50.0]",14.0,4.0,250.0,1060.283449630589,246.94815838351394,40.065431481735075,77.83740089496533,1085.9362008951196,25.652751264530504,1060.283449630589,1878.1692635471718,0.0,4.547473508864641e-13,4.547473508864641e-13,3416541628.17324,2684142269.0865183,53682845.38173037,2832.210038746655,5500364.330206227,356935332.75198704,258223665.0278619,620659362.1100552,15.372451026882835,7894870.5659493655,121363511.1386354,4862481439.907787,4862481439.907787,40.065431481735075,1.0,825236911.6143736,43538.01011847889,262.4134002943028,15.465241910788844,246.94815838351394,2014.6408088418211,0.0,676.8637459524261,676.8637459524261,1567475215.369684,1567475215.369684,31349504.30739368,0.0,0.0,0.0,150796475.88532883,150796475.88532883,15.372451026882835,1838775.9873236446,28266493.81454086,2200190410.9374747,2200190410.9374747,77.83740089496533,1.0,481918719.68246186,0.0
gas-q2800-m2500-r1.65-ua40-40-60,20260926-design-study-component-alternatives:c0244,completed,"[""gas_catalog""]",[],cooler_no_root,False,diagnostic_agreement_not_released,False,[],[],"[""component_alternatives__plant__gas_ledger__balance__a530b58ca455c8b8"", ""component_alternatives__plant__water_ic1__evaluation_defined_ok__49d1611637350e3c"", ""component_alternatives__plant__water_ic2__evaluation_defined_ok__06ab6aea3f7f761b"", ""component_alternatives__plant__water_pre__evaluation_defined_ok__bc4741b386520ff5""]","[""water_ic1"", ""water_ic2"", ""water_pre""]",[],2800.0,2938.4527131777613,2500.0,1.65,"[40.0, 40.0, 60.0]",14.0,4.0,250.0,1060.283449630589,262.2795138070446,40.065431481735075,74.54058199228166,1085.9362008951196,25.652751264530504,1060.283449630589,1878.1692635471718,0.0,4.547473508864641e-13,4.547473508864641e-13,3416541628.17324,2684142269.0865183,53682845.38173037,2832.210038746655,5500364.330206227,356935332.75198704,258223665.0278619,620659362.1100552,15.372451026882835,7894870.5659493655,121363511.1386354,4862481439.907787,4862481439.907787,40.065431481735075,1.0,825236911.6143736,43538.01011847889,262.4134002943028,0.13388648725817187,262.2795138070446,5.489262003468416,0.0,2670.6839373672483,2670.6839373672483,1594276755.92024,1594276755.92024,31885535.1184048,0.0,0.0,0.0,153374875.737328,153374875.737328,15.372451026882835,1952933.2598072544,30021370.895157672,2237810458.7311983,2237810458.7311983,74.54058199228166,1.0,490158827.0736306,0.0
gas-q2800-m2500-r1.8-ua25-25-20,20260926-design-study-component-alternatives:c0245,completed,"[""gas_catalog""]",[],cooler_no_root,False,diagnostic_agreement_not_released,False,[],[],"[""component_alternatives__plant__compressor_capacity__capacity_ok__e8c94ef170d28993"", ""component_alternatives__plant__gas_ledger__balance__a530b58ca455c8b8"", ""component_alternatives__plant__water_ic1__evaluation_defined_ok__49d1611637350e3c"", ""component_alternatives__plant__water_ic2__evaluation_defined_ok__06ab6aea3f7f761b""]","[""water_ic1"", ""water_ic2""]",[],2800.0,2938.4527131777613,2500.0,1.8,"[25.0, 25.0, 20.0]",14.0,4.0,250.0,1060.283449630589,175.86771913589652,40.065431481735075,107.42811755188026,1085.9362008951196,25.652751264530504,1060.283449630589,1878.1692635471718,0.0,4.547473508864641e-13,4.547473508864641e-13,3416541628.17324,2684142269.0865183,53682845.38173037,2832.210038746655,5500364.330206227,356935332.75198704,258223665.0278619,620659362.1100552,15.372451026882835,7894870.5659493655,121363511.1386354,4862481439.907787,4862481439.907787,40.065431481735075,1.0,825236911.6143736,43538.01011847889,179.14442138901936,3.276702253122822,175.86771913589652,379.7467682254302,0.0,2382.8382258164347,2382.8382258164347,1540673674.8191283,1540673674.8191283,30813473.496382564,0.0,0.0,0.0,148218076.03332967,148218076.03332967,15.372451026882835,1309511.0366858854,20130394.280616347,2162570363.143751,2162570363.143751,107.42811755188026,1.0,473678612.2912932,0.0
gas-q2800-m2500-r1.8-ua25-25-25,20260926-design-study-component-alternatives:c0246,completed,"[""gas_catalog""]",[],cooler_no_root,False,diagnostic_agreement_not_released,False,[],[],"[""component_alternatives__plant__compressor_capacity__capacity_ok__e8c94ef170d28993"", ""component_alternatives__plant__gas_ledger__balance__a530b58ca455c8b8"", ""component_alternatives__plant__water_ic1__evaluation_defined_ok__49d1611637350e3c"", ""component_alternatives__plant__water_ic2__evaluation_defined_ok__06ab6aea3f7f761b""]","[""water_ic1"", ""water_ic2""]",[],2800.0,2938.4527131777613,2500.0,1.8,"[25.0, 25.0, 25.0]",14.0,4.0,250.0,1060.283449630589,177.6933939581362,40.065431481735075,106.32436909479762,1085.9362008951196,25.652751264530504,1060.283449630589,1878.1692635471718,0.0,4.547473508864641e-13,4.547473508864641e-13,3416541628.17324,2684142269.0865183,53682845.38173037,2832.210038746655,5500364.330206227,356935332.75198704,258223665.0278619,620659362.1100552,15.372451026882835,7894870.5659493655,121363511.1386354,4862481439.907787,4862481439.907787,40.065431481735075,1.0,825236911.6143736,43538.01011847889,179.14442138901936,1.4510274308831557,177.6933939581362,377.9210934031905,0.0,2382.8382258164347,2382.8382258164347,1540673674.8191283,1540673674.8191283,30813473.496382564,0.0,0.0,0.0,148218076.03332967,148218076.03332967,15.372451026882835,1323105.011412282,20339366.99135856,2162570363.143751,2162570363.143751,106.32436909479762,1.0,473678612.2912932,0.0
gas-q2800-m2500-r1.8-ua25-25-40,20260926-design-study-component-alternatives:c0247,completed,"[""gas_catalog""]",[],cooler_no_root,False,diagnostic_agreement_not_released,False,[],[],"[""component_alternatives__plant__compressor_capacity__capacity_ok__e8c94ef170d28993"", ""component_alternatives__plant__gas_ledger__balance__a530b58ca455c8b8"", ""component_alternatives__plant__water_ic1__evaluation_defined_ok__49d1611637350e3c"", ""component_alternatives__plant__water_ic2__evaluation_defined_ok__06ab6aea3f7f761b""]","[""water_ic1"", ""water_ic2""]",[],2800.0,2938.4527131777613,2500.0,1.8,"[25.0, 25.0, 40.0]",14.0,4.0,250.0,1060.283449630589,178.2520513501611,40.065431481735075,105.99113929857772,1085.9362008951196,25.652751264530504,1060.283449630589,1878.1692635471718,0.0,4.547473508864641e-13,4.547473508864641e-13,3416541628.17324,2684142269.0865183,53682845.38173037,2832.210038746655,5500364.330206227,356935332.75198704,258223665.0278619,620659362.1100552,15.372451026882835,7894870.5659493655,121363511.1386354,4862481439.907787,4862481439.907787,40.065431481735075,1.0,825236911.6143736,43538.01011847889,179.14442138901936,0.8923700388582416,178.2520513501611,377.3624360111656,0.0,2382.8382258164343,2382.8382258164343,1540673674.8191283,1540673674.8191283,30813473.496382564,0.0,0.0,0.0,148218076.03332967,148218076.03332967,15.372451026882835,1327264.7743532995,20403312.743452795,2162570363.143751,2162570363.143751,105.99113929857772,1.0,473678612.2912932,0.0
gas-q2800-m2500-r1.8-ua30-30-50,20260926-design-study-component-alternatives:c0248,completed,"[""gas_catalog""]",[],cooler_no_root,False,diagnostic_agreement_not_released,False,[],[],"[""component_alternatives__plant__compressor_capacity__capacity_ok__e8c94ef170d28993"", ""component_alternatives__plant__gas_ledger__balance__a530b58ca455c8b8"", ""component_alternatives__plant__water_ic1__evaluation_defined_ok__49d1611637350e3c"", ""component_alternatives__plant__water_ic2__evaluation_defined_ok__06ab6aea3f7f761b""]","[""water_ic1"", ""water_ic2""]",[],2800.0,2938.4527131777613,2500.0,1.8,"[30.0, 30.0, 50.0]",14.0,4.0,250.0,1060.283449630589,178.32850208731665,40.065431481735075,107.78873023314699,1085.9362008951196,25.652751264530504,1060.283449630589,1878.1692635471718,0.0,4.547473508864641e-13,4.547473508864641e-13,3416541628.17324,2684142269.0865183,53682845.38173037,2832.210038746655,5500364.330206227,356935332.75198704,258223665.0278619,620659362.1100552,15.372451026882835,7894870.5659493655,121363511.1386354,4862481439.907787,4862481439.907787,40.065431481735075,1.0,825236911.6143736,43538.01011847889,179.14442138901936,0.8159193017027154,178.32850208731665,377.2859852740101,0.0,2382.8382258164343,2382.8382258164343,1567475215.369684,1567475215.369684,31349504.30739368,0.0,0.0,0.0,150796475.88532883,150796475.88532883,15.372451026882835,1327834.0265421597,20412063.544847995,2200190410.9374747,2200190410.9374747,107.78873023314699,1.0,481918719.68246186,0.0
gas-q2800-m2500-r1.8-ua40-40-60,20260926-design-study-component-alternatives:c0249,completed,"[""gas_catalog""]",[],cooler_no_root,False,diagnostic_agreement_not_released,False,[],[],"[""component_alternatives__plant__compressor_capacity__capacity_ok__e8c94ef170d28993"", ""component_alternatives__plant__gas_ledger__balance__a530b58ca455c8b8"", ""component_alternatives__plant__water_ic1__evaluation_defined_ok__49d1611637350e3c"", ""component_alternatives__plant__water_ic2__evaluation_defined_ok__06ab6aea3f7f761b"", ""component_alternatives__plant__water_pre__evaluation_defined_ok__bc4741b386520ff5""]","[""water_ic1"", ""water_ic2"", ""water_pre""]",[],2800.0,2938.4527131777613,2500.0,1.8,"[40.0, 40.0, 60.0]",14.0,4.0,250.0,1060.283449630589,179.0210906508915,40.065431481735075,109.20762203351275,1085.9362008951196,25.652751264530504,1060.283449630589,1878.1692635471718,0.0,4.547473508864641e-13,4.547473508864641e-13,3416541628.17324,2684142269.0865183,53682845.38173037,2832.210038746655,5500364.330206227,356935332.75198704,258223665.0278619,620659362.1100552,15.372451026882835,7894870.5659493655,121363511.1386354,4862481439.907787,4862481439.907787,40.065431481735075,1.0,825236911.6143736,43538.01011847889,179.14442138901936,0.12333073812786913,179.0210906508915,3.779339337903771,0.0,2755.652283188966,2755.652283188966,1594276755.92024,1594276755.92024,31885535.1184048,0.0,0.0,0.0,153374875.737328,153374875.737328,15.372451026882835,1332991.0409865382,20491339.49683913,2237810458.7311983,2237810458.7311983,109.20762203351275,1.0,490158827.0736306,0.0
gas-q3000-m1500-r1.2-ua25-25-20,20260926-design-study-component-alternatives:c0250,completed,"[""gas_catalog""]",[],equipment_or_coupling_insufficient,False,diagnostic_agreement_not_released,False,[],[],"[""component_alternatives__plant__gas_boundary__source_adequate_ok__dd6d7a3461399330""]",[],[],3000.0,3170.44843056949,1500.0,1.2,"[25.0, 25.0, 20.0]",14.0,4.0,250.0,1144.0025314827728,389.6260072873492,37.13340900332769,48.490443788518625,1171.6726658171167,27.67013433434378,1144.0025314827728,2026.4458990867172,0.0,0.0,0.0,3416541628.17324,2684142269.0865183,53682845.38173037,2832.210038746655,5500364.330206227,356935332.75198704,258223665.0278619,620659362.1100552,15.372451026882835,8518242.849420726,130946271.03781502,4862481439.907787,4862481439.907787,37.13340900332769,1.0,825236911.6143736,43538.01011847889,391.8476550587782,2.2216477714289766,389.6260072873492,895.4150459219812,1885.4073773581067,1885.4073773601594,2.0528432287392206e-09,1540673674.8191283,1540673674.8191283,30813473.496382564,0.0,0.0,0.0,148218076.03332967,148218076.03332967,15.372451026882835,2901155.250261602,44597867.00603049,2162570363.143751,2162570363.143751,48.490443788518625,1.0,473678612.2912932,0.0
gas-q3000-m1500-r1.2-ua25-25-25,20260926-design-study-component-alternatives:c0251,completed,"[""gas_catalog""]",[],cooler_no_root,False,diagnostic_agreement_not_released,False,[],[],"[""component_alternatives__plant__gas_boundary__source_adequate_ok__dd6d7a3461399330"", ""component_alternatives__plant__gas_ledger__balance__a530b58ca455c8b8"", ""component_alternatives__plant__water_pre__evaluation_defined_ok__bc4741b386520ff5""]","[""water_pre""]",[],3000.0,3170.44843056949,1500.0,1.2,"[25.0, 25.0, 25.0]",14.0,4.0,250.0,1144.0025314827728,390.8440498930215,37.13340900332769,48.33932615856228,1171.6726658171167,27.67013433434378,1144.0025314827728,2026.4458990867172,0.0,0.0,0.0,3416541628.17324,2684142269.0865183,53682845.38173037,2832.210038746655,5500364.330206227,356935332.75198704,258223665.0278619,620659362.1100552,15.372451026882835,8518242.849420726,130946271.03781502,4862481439.907787,4862481439.907787,37.13340900332769,1.0,825236911.6143736,43538.01011847889,391.8476550587782,1.0036051657566503,390.8440498930215,417.0776132669657,1885.4073773581067,2362.5267674095026,477.11939005139607,1540673674.8191283,1540673674.8191283,30813473.496382564,0.0,0.0,0.0,148218076.03332967,148218076.03332967,15.372451026882835,2910224.795503438,44737288.146096714,2162570363.143751,2162570363.143751,48.33932615856228,1.0,473678612.2912932,0.0
gas-q3000-m1500-r1.2-ua25-25-40,20260926-design-study-component-alternatives:c0252,completed,"[""gas_catalog""]",[],cooler_no_root,False,diagnostic_agreement_not_released,False,[],[],"[""component_alternatives__plant__gas_boundary__source_adequate_ok__dd6d7a3461399330"", ""component_alternatives__plant__gas_ledger__balance__a530b58ca455c8b8"", ""component_alternatives__plant__water_pre__evaluation_defined_ok__bc4741b386520ff5""]","[""water_pre""]",[],3000.0,3170.44843056949,1500.0,1.2,"[25.0, 25.0, 40.0]",14.0,4.0,250.0,1144.0025314827728,390.8440498930215,37.13340900332769,48.33932615856228,1171.6726658171167,27.67013433434378,1144.0025314827728,2026.4458990867172,0.0,0.0,0.0,3416541628.17324,2684142269.0865183,53682845.38173037,2832.210038746655,5500364.330206227,356935332.75198704,258223665.0278619,620659362.1100552,15.372451026882835,8518242.849420726,130946271.03781502,4862481439.907787,4862481439.907787,37.13340900332769,1.0,825236911.6143736,43538.01011847889,391.8476550587782,1.0036051657566503,390.8440498930215,417.0776132669657,1885.4073773581067,2362.5267674095026,477.11939005139607,1540673674.8191283,1540673674.8191283,30813473.496382564,0.0,0.0,0.0,148218076.03332967,148218076.03332967,15.372451026882835,2910224.795503438,44737288.146096714,2162570363.143751,2162570363.143751,48.33932615856228,1.0,473678612.2912932,0.0
gas-q3000-m1500-r1.2-ua30-30-50,20260926-design-study-component-alternatives:c0253,completed,"[""gas_catalog""]",[],cooler_no_root,False,diagnostic_agreement_not_released,False,[],[],"[""component_alternatives__plant__gas_boundary__source_adequate_ok__dd6d7a3461399330"", ""component_alternatives__plant__gas_ledger__balance__a530b58ca455c8b8"", ""component_alternatives__plant__water_pre__evaluation_defined_ok__bc4741b386520ff5""]","[""water_pre""]",[],3000.0,3170.44843056949,1500.0,1.2,"[30.0, 30.0, 50.0]",14.0,4.0,250.0,1144.0025314827728,390.90335765072945,37.13340900332769,49.172774876867564,1171.6726658171167,27.67013433434378,1144.0025314827728,2026.4458990867172,0.0,0.0,0.0,3416541628.17324,2684142269.0865183,53682845.38173037,2832.210038746655,5500364.330206227,356935332.75198704,258223665.0278619,620659362.1100552,15.372451026882835,8518242.849420726,130946271.03781502,4862481439.907787,4862481439.907787,37.13340900332769,1.0,825236911.6143736,43538.01011847889,391.8476550587782,0.9442974080486992,390.90335765072945,417.01830550925774,1885.4073773581067,2362.526767409503,477.11939005139607,1567475215.369684,1567475215.369684,31349504.30739368,0.0,0.0,0.0,150796475.88532883,150796475.88532883,15.372451026882835,2910666.4010673314,44744076.706000865,2200190410.9374747,2200190410.9374747,49.172774876867564,1.0,481918719.68246186,0.0
gas-q3000-m1500-r1.2-ua40-40-60,20260926-design-study-component-alternatives:c0254,completed,"[""gas_catalog""]",[],cooler_no_root,False,diagnostic_agreement_not_released,False,[],[],"[""component_alternatives__plant__gas_boundary__source_adequate_ok__dd6d7a3461399330"", ""component_alternatives__plant__gas_ledger__balance__a530b58ca455c8b8"", ""component_alternatives__plant__water_pre__evaluation_defined_ok__bc4741b386520ff5""]","[""water_pre""]",[],3000.0,3170.44843056949,1500.0,1.2,"[40.0, 40.0, 60.0]",14.0,4.0,250.0,1144.0025314827728,391.1914513494701,37.13340900332769,49.97672504444482,1171.6726658171167,27.67013433434378,1144.0025314827728,2026.4458990867172,0.0,0.0,0.0,3416541628.17324,2684142269.0865183,53682845.38173037,2832.210038746655,5500364.330206227,356935332.75198704,258223665.0278619,620659362.1100552,15.372451026882835,8518242.849420726,130946271.03781502,4862481439.907787,4862481439.907787,37.13340900332769,1.0,825236911.6143736,43538.01011847889,392.083356534146,0.8919051846758379,391.1914513494701,416.9707235200761,1947.2744680079247,2362.2862556999435,415.01178769201914,1594276755.92024,1594276755.92024,31885535.1184048,0.0,0.0,0.0,153374875.737328,153374875.737328,15.372451026882835,2912811.546748155,44777052.85292485,2237810458.7311983,2237810458.7311983,49.97672504444482,1.0,490158827.0736306,0.0
gas-q3000-m1500-r1.35-ua25-25-20,20260926-design-study-component-alternatives:c0255,completed,"[""gas_catalog""]",[],cooler_no_root,False,diagnostic_agreement_not_released,False,[],[],"[""component_alternatives__plant__gas_boundary__source_adequate_ok__dd6d7a3461399330"", ""component_alternatives__plant__gas_ledger__balance__a530b58ca455c8b8"", ""component_alternatives__plant__water_ic1__evaluation_defined_ok__49d1611637350e3c"", ""component_alternatives__plant__water_ic2__evaluation_defined_ok__06ab6aea3f7f761b""]","[""water_ic1"", ""water_ic2""]",[],3000.0,3170.44843056949,1500.0,1.35,"[25.0, 25.0, 20.0]",14.0,4.0,250.0,1144.0025314827728,564.8505792720587,37.13340900332769,33.44802802408445,1171.6726658171167,27.67013433434378,1144.0025314827728,2026.4458990867172,0.0,0.0,0.0,3416541628.17324,2684142269.0865183,53682845.38173037,2832.210038746655,5500364.330206227,356935332.75198704,258223665.0278619,620659362.1100552,15.372451026882835,8518242.849420726,130946271.03781502,4862481439.907787,4862481439.907787,37.13340900332769,1.0,825236911.6143736,43538.01011847889,566.4853814378044,1.6348021657457368,564.8505792720587,544.1083363132537,1373.5157832519571,2061.4895149841777,687.9737317322205,1540673674.8191283,1540673674.8191283,30813473.496382564,0.0,0.0,0.0,148218076.03332967,148218076.03332967,15.372451026882835,4205877.413259748,64654644.560408145,2162570363.143751,2162570363.143751,33.44802802408445,1.0,473678612.2912932,0.0
gas-q3000-m1500-r1.35-ua25-25-25,20260926-design-study-component-alternatives:c0256,completed,"[""gas_catalog""]",[],cooler_no_root,False,diagnostic_agreement_not_released,False,[],[],"[""component_alternatives__plant__gas_boundary__source_adequate_ok__dd6d7a3461399330"", ""component_alternatives__plant__gas_ledger__balance__a530b58ca455c8b8"", ""component_alternatives__plant__water_ic1__evaluation_defined_ok__49d1611637350e3c"", ""component_alternatives__plant__water_ic2__evaluation_defined_ok__06ab6aea3f7f761b"", ""component_alternatives__plant__water_pre__evaluation_defined_ok__bc4741b386520ff5""]","[""water_ic1"", ""water_ic2"", ""water_pre""]",[],3000.0,3170.44843056949,1500.0,1.35,"[25.0, 25.0, 25.0]",14.0,4.0,250.0,1144.0025314827728,566.3129486924715,37.13340900332769,33.36165639251843,1171.6726658171167,27.67013433434378,1144.0025314827728,2026.4458990867172,0.0,0.0,0.0,3416541628.17324,2684142269.0865183,53682845.38173037,2832.210038746655,5500364.330206227,356935332.75198704,258223665.0278619,620659362.1100552,15.372451026882835,8518242.849420726,130946271.03781502,4862481439.907787,4862481439.907787,37.13340900332769,1.0,825236911.6143736,43538.01011847889,566.4853814378044,0.17243274533293407,566.3129486924715,11.733358897124866,1373.5157832519571,2592.4021229798936,1218.8863397279365,1540673674.8191283,1540673674.8191283,30813473.496382564,0.0,0.0,0.0,148218076.03332967,148218076.03332967,15.372451026882835,4216766.215964143,64822032.14672284,2162570363.143751,2162570363.143751,33.36165639251843,1.0,473678612.2912932,0.0
gas-q3000-m1500-r1.35-ua25-25-40,20260926-design-study-component-alternatives:c0257,completed,"[""gas_catalog""]",[],cooler_no_root,False,diagnostic_agreement_not_released,False,[],[],"[""component_alternatives__plant__gas_boundary__source_adequate_ok__dd6d7a3461399330"", ""component_alternatives__plant__gas_ledger__balance__a530b58ca455c8b8"", ""component_alternatives__plant__water_ic1__evaluation_defined_ok__49d1611637350e3c"", ""component_alternatives__plant__water_ic2__evaluation_defined_ok__06ab6aea3f7f761b"", ""component_alternatives__plant__water_pre__evaluation_defined_ok__bc4741b386520ff5""]","[""water_ic1"", ""water_ic2"", ""water_pre""]",[],3000.0,3170.44843056949,1500.0,1.35,"[25.0, 25.0, 40.0]",14.0,4.0,250.0,1144.0025314827728,566.3129486924715,37.13340900332769,33.36165639251843,1171.6726658171167,27.67013433434378,1144.0025314827728,2026.4458990867172,0.0,0.0,0.0,3416541628.17324,2684142269.0865183,53682845.38173037,2832.210038746655,5500364.330206227,356935332.75198704,258223665.0278619,620659362.1100552,15.372451026882835,8518242.849420726,130946271.03781502,4862481439.907787,4862481439.907787,37.13340900332769,1.0,825236911.6143736,43538.01011847889,566.4853814378044,0.17243274533293407,566.3129486924715,11.733358897124866,1373.5157832519571,2592.4021229798936,1218.8863397279365,1540673674.8191283,1540673674.8191283,30813473.496382564,0.0,0.0,0.0,148218076.03332967,148218076.03332967,15.372451026882835,4216766.215964143,64822032.14672284,2162570363.143751,2162570363.143751,33.36165639251843,1.0,473678612.2912932,0.0
gas-q3000-m1500-r1.35-ua30-30-50,20260926-design-study-component-alternatives:c0258,completed,"[""gas_catalog""]",[],cooler_no_root,False,diagnostic_agreement_not_released,False,[],[],"[""component_alternatives__plant__gas_boundary__source_adequate_ok__dd6d7a3461399330"", ""component_alternatives__plant__gas_ledger__balance__a530b58ca455c8b8"", ""component_alternatives__plant__water_ic1__evaluation_defined_ok__49d1611637350e3c"", ""component_alternatives__plant__water_ic2__evaluation_defined_ok__06ab6aea3f7f761b"", ""component_alternatives__plant__water_pre__evaluation_defined_ok__bc4741b386520ff5""]","[""water_ic1"", ""water_ic2"", ""water_pre""]",[],3000.0,3170.44843056949,1500.0,1.35,"[30.0, 30.0, 50.0]",14.0,4.0,250.0,1144.0025314827728,566.3129486924715,37.13340900332769,33.94201536226766,1171.6726658171167,27.67013433434378,1144.0025314827728,2026.4458990867172,0.0,0.0,0.0,3416541628.17324,2684142269.0865183,53682845.38173037,2832.210038746655,5500364.330206227,356935332.75198704,258223665.0278619,620659362.1100552,15.372451026882835,8518242.849420726,130946271.03781502,4862481439.907787,4862481439.907787,37.13340900332769,1.0,825236911.6143736,43538.01011847889,566.4853814378044,0.17243274533293407,566.3129486924715,11.733358897124866,1373.5157832519571,2592.4021229798936,1218.8863397279365,1567475215.369684,1567475215.369684,31349504.30739368,0.0,0.0,0.0,150796475.88532883,150796475.88532883,15.372451026882835,4216766.215964143,64822032.14672284,2200190410.9374747,2200190410.9374747,33.94201536226766,1.0,481918719.68246186,0.0
gas-q3000-m1500-r1.35-ua40-40-60,20260926-design-study-component-alternatives:c0259,completed,"[""gas_catalog""]",[],cooler_no_root,False,diagnostic_agreement_not_released,False,[],[],"[""component_alternatives__plant__gas_boundary__source_adequate_ok__dd6d7a3461399330"", ""component_alternatives__plant__gas_ledger__balance__a530b58ca455c8b8"", ""component_alternatives__plant__water_ic1__evaluation_defined_ok__49d1611637350e3c"", ""component_alternatives__plant__water_ic2__evaluation_defined_ok__06ab6aea3f7f761b"", ""component_alternatives__plant__water_pre__evaluation_defined_ok__bc4741b386520ff5""]","[""water_ic1"", ""water_ic2"", ""water_pre""]",[],3000.0,3170.44843056949,1500.0,1.35,"[40.0, 40.0, 60.0]",14.0,4.0,250.0,1144.0025314827728,566.5695721033908,37.13340900332769,34.50673768315624,1171.6726658171167,27.67013433434378,1144.0025314827728,2026.4458990867172,0.0,0.0,0.0,3416541628.17324,2684142269.0865183,53682845.38173037,2832.210038746655,5500364.330206227,356935332.75198704,258223665.0278619,620659362.1100552,15.372451026882835,8518242.849420726,130946271.03781502,4862481439.907787,4862481439.907787,37.13340900332769,1.0,825236911.6143736,43538.01011847889,566.7420373841987,0.1724652808079521,566.5695721033908,11.738629309056929,1415.7757889814015,2592.1402291570425,1176.3644401756408,1594276755.92024,1594276755.92024,31885535.1184048,0.0,0.0,0.0,153374875.737328,153374875.737328,15.372451026882835,4218677.033881848,64851406.10158405,2237810458.7311983,2237810458.7311983,34.50673768315624,1.0,490158827.0736306,0.0
gas-q3000-m1500-r1.5-ua25-25-20,20260926-design-study-component-alternatives:c0260,completed,"[""gas_catalog""]",[],cooler_no_root,False,diagnostic_agreement_not_released,False,[],[],"[""component_alternatives__plant__gas_boundary__source_adequate_ok__dd6d7a3461399330"", ""component_alternatives__plant__gas_ledger__balance__a530b58ca455c8b8"", ""component_alternatives__plant__water_ic1__evaluation_defined_ok__49d1611637350e3c"", ""component_alternatives__plant__water_ic2__evaluation_defined_ok__06ab6aea3f7f761b""]","[""water_ic1"", ""water_ic2""]",[],3000.0,3170.44843056949,1500.0,1.5,"[25.0, 25.0, 20.0]",14.0,4.0,250.0,1144.0025314827728,636.5436103200807,37.13340900332769,29.680822646875516,1171.6726658171167,27.67013433434378,1144.0025314827728,2026.4458990867172,0.0,0.0,0.0,3416541628.17324,2684142269.0865183,53682845.38173037,2832.210038746655,5500364.330206227,356935332.75198704,258223665.0278619,620659362.1100552,15.372451026882835,8518242.849420726,130946271.03781502,4862481439.907787,4862481439.907787,37.13340900332769,1.0,825236911.6143736,43538.01011847889,638.5555514265052,2.0119411064245125,636.5436103200807,607.1909367910374,976.9418850613488,1926.713883458372,949.7719983970231,1540673674.8191283,1540673674.8191283,30813473.496382564,0.0,0.0,0.0,148218076.03332967,148218076.03332967,15.372451026882835,4739703.722443321,72860863.35519423,2162570363.143751,2162570363.143751,29.680822646875516,1.0,473678612.2912932,0.0
gas-q3000-m1500-r1.5-ua25-25-25,20260926-design-study-component-alternatives:c0261,completed,"[""gas_catalog""]",[],cooler_no_root,False,diagnostic_agreement_not_released,False,[],[],"[""component_alternatives__plant__gas_boundary__source_adequate_ok__dd6d7a3461399330"", ""component_alternatives__plant__gas_ledger__balance__a530b58ca455c8b8"", ""component_alternatives__plant__water_ic1__evaluation_defined_ok__49d1611637350e3c"", ""component_alternatives__plant__water_ic2__evaluation_defined_ok__06ab6aea3f7f761b"", ""component_alternatives__plant__water_pre__evaluation_defined_ok__bc4741b386520ff5""]","[""water_ic1"", ""water_ic2"", ""water_pre""]",[],3000.0,3170.44843056949,1500.0,1.5,"[25.0, 25.0, 25.0]",14.0,4.0,250.0,1144.0025314827728,638.3739825701717,37.13340900332769,29.595720566251885,1171.6726658171167,27.67013433434378,1144.0025314827728,2026.4458990867172,0.0,0.0,0.0,3416541628.17324,2684142269.0865183,53682845.38173037,2832.210038746655,5500364.330206227,356935332.75198704,258223665.0278619,620659362.1100552,15.372451026882835,8518242.849420726,130946271.03781502,4862481439.907787,4862481439.907787,37.13340900332769,1.0,825236911.6143736,43538.01011847889,638.5555514265052,0.18156885633345887,638.3739825701717,13.213314803813207,976.9418850613488,2518.861133195505,1541.919248134156,1540673674.8191283,1540673674.8191283,30813473.496382564,0.0,0.0,0.0,148218076.03332967,148218076.03332967,15.372451026882835,4753332.674217499,73070373.74889052,2162570363.143751,2162570363.143751,29.595720566251885,1.0,473678612.2912932,0.0
gas-q3000-m1500-r1.5-ua25-25-40,20260926-design-study-component-alternatives:c0262,completed,"[""gas_catalog""]",[],cooler_no_root,False,diagnostic_agreement_not_released,False,[],[],"[""component_alternatives__plant__gas_boundary__source_adequate_ok__dd6d7a3461399330"", ""component_alternatives__plant__gas_ledger__balance__a530b58ca455c8b8"", ""component_alternatives__plant__water_ic1__evaluation_defined_ok__49d1611637350e3c"", ""component_alternatives__plant__water_ic2__evaluation_defined_ok__06ab6aea3f7f761b"", ""component_alternatives__plant__water_pre__evaluation_defined_ok__bc4741b386520ff5""]","[""water_ic1"", ""water_ic2"", ""water_pre""]",[],3000.0,3170.44843056949,1500.0,1.5,"[25.0, 25.0, 40.0]",14.0,4.0,250.0,1144.0025314827728,638.3739825701717,37.13340900332769,29.595720566251885,1171.6726658171167,27.67013433434378,1144.0025314827728,2026.4458990867172,0.0,0.0,0.0,3416541628.17324,2684142269.0865183,53682845.38173037,2832.210038746655,5500364.330206227,356935332.75198704,258223665.0278619,620659362.1100552,15.372451026882835,8518242.849420726,130946271.03781502,4862481439.907787,4862481439.907787,37.13340900332769,1.0,825236911.6143736,43538.01011847889,638.5555514265052,0.18156885633345887,638.3739825701717,13.213314803813207,976.9418850613488,2518.861133195505,1541.919248134156,1540673674.8191283,1540673674.8191283,30813473.496382564,0.0,0.0,0.0,148218076.03332967,148218076.03332967,15.372451026882835,4753332.674217499,73070373.74889052,2162570363.143751,2162570363.143751,29.595720566251885,1.0,473678612.2912932,0.0
gas-q3000-m1500-r1.5-ua30-30-50,20260926-design-study-component-alternatives:c0263,completed,"[""gas_catalog""]",[],cooler_no_root,False,diagnostic_agreement_not_released,False,[],[],"[""component_alternatives__plant__gas_boundary__source_adequate_ok__dd6d7a3461399330"", ""component_alternatives__plant__gas_ledger__balance__a530b58ca455c8b8"", ""component_alternatives__plant__water_ic1__evaluation_defined_ok__49d1611637350e3c"", ""component_alternatives__plant__water_ic2__evaluation_defined_ok__06ab6aea3f7f761b"", ""component_alternatives__plant__water_pre__evaluation_defined_ok__bc4741b386520ff5""]","[""water_ic1"", ""water_ic2"", ""water_pre""]",[],3000.0,3170.44843056949,1500.0,1.5,"[30.0, 30.0, 50.0]",14.0,4.0,250.0,1144.0025314827728,638.3739825701717,37.13340900332769,30.11056736206829,1171.6726658171167,27.67013433434378,1144.0025314827728,2026.4458990867172,0.0,0.0,0.0,3416541628.17324,2684142269.0865183,53682845.38173037,2832.210038746655,5500364.330206227,356935332.75198704,258223665.0278619,620659362.1100552,15.372451026882835,8518242.849420726,130946271.03781502,4862481439.907787,4862481439.907787,37.13340900332769,1.0,825236911.6143736,43538.01011847889,638.5555514265052,0.18156885633345887,638.3739825701717,13.213314803813207,976.9418850613488,2518.861133195505,1541.919248134156,1567475215.369684,1567475215.369684,31349504.30739368,0.0,0.0,0.0,150796475.88532883,150796475.88532883,15.372451026882835,4753332.674217499,73070373.74889052,2200190410.9374747,2200190410.9374747,30.11056736206829,1.0,481918719.68246186,0.0
gas-q3000-m1500-r1.5-ua40-40-60,20260926-design-study-component-alternatives:c0264,completed,"[""gas_catalog""]",[],cooler_no_root,False,diagnostic_agreement_not_released,False,[],[],"[""component_alternatives__plant__gas_boundary__source_adequate_ok__dd6d7a3461399330"", ""component_alternatives__plant__gas_ledger__balance__a530b58ca455c8b8"", ""component_alternatives__plant__water_ic1__evaluation_defined_ok__49d1611637350e3c"", ""component_alternatives__plant__water_ic2__evaluation_defined_ok__06ab6aea3f7f761b"", ""component_alternatives__plant__water_pre__evaluation_defined_ok__bc4741b386520ff5""]","[""water_ic1"", ""water_ic2"", ""water_pre""]",[],3000.0,3170.44843056949,1500.0,1.5,"[40.0, 40.0, 60.0]",14.0,4.0,250.0,1144.0025314827728,638.5815632871031,37.13340900332769,30.61545889798887,1171.6726658171167,27.67013433434378,1144.0025314827728,2026.4458990867172,0.0,0.0,0.0,3416541628.17324,2684142269.0865183,53682845.38173037,2832.210038746655,5500364.330206227,356935332.75198704,258223665.0278619,620659362.1100552,15.372451026882835,8518242.849420726,130946271.03781502,4862481439.907787,4862481439.907787,37.13340900332769,1.0,825236911.6143736,43538.01011847889,638.7631584611338,0.1815951740306853,638.5815632871031,13.217577999768077,1003.4089581063345,2518.649289282619,1515.2403311762844,1594276755.92024,1594276755.92024,31885535.1184048,0.0,0.0,0.0,153374875.737328,153374875.737328,15.372451026882835,4754878.320235769,73094134.11661129,2237810458.7311983,2237810458.7311983,30.61545889798887,1.0,490158827.0736306,0.0
gas-q3000-m1500-r1.65-ua25-25-20,20260926-design-study-component-alternatives:c0265,completed,"[""gas_catalog""]",[],cooler_no_root,False,diagnostic_agreement_not_released,False,[],[],"[""component_alternatives__plant__gas_boundary__source_adequate_ok__dd6d7a3461399330"", ""component_alternatives__plant__gas_ledger__balance__a530b58ca455c8b8"", ""component_alternatives__plant__water_ic1__evaluation_defined_ok__49d1611637350e3c"", ""component_alternatives__plant__water_ic2__evaluation_defined_ok__06ab6aea3f7f761b""]","[""water_ic1"", ""water_ic2""]",[],3000.0,3170.44843056949,1500.0,1.65,"[25.0, 25.0, 20.0]",14.0,4.0,250.0,1144.0025314827728,638.999974739482,37.13340900332769,29.566727311084506,1171.6726658171167,27.67013433434378,1144.0025314827728,2026.4458990867172,0.0,0.0,0.0,3416541628.17324,2684142269.0865183,53682845.38173037,2832.210038746655,5500364.330206227,356935332.75198704,258223665.0278619,620659362.1100552,15.372451026882835,8518242.849420726,130946271.03781502,4862481439.907787,4862481439.907787,37.13340900332769,1.0,825236911.6143736,43538.01011847889,641.5817777687462,2.5818030292641168,638.999974739482,673.2405472859122,661.9157936962688,1858.207908544096,1196.2921148478272,1540673674.8191283,1540673674.8191283,30813473.496382564,0.0,0.0,0.0,148218076.03332967,148218076.03332967,15.372451026882835,4757993.811910183,73142026.85980088,2162570363.143751,2162570363.143751,29.566727311084506,1.0,473678612.2912932,0.0
gas-q3000-m1500-r1.65-ua25-25-25,20260926-design-study-component-alternatives:c0266,completed,"[""gas_catalog""]",[],cooler_no_root,False,diagnostic_agreement_not_released,False,[],[],"[""component_alternatives__plant__gas_boundary__source_adequate_ok__dd6d7a3461399330"", ""component_alternatives__plant__gas_ledger__balance__a530b58ca455c8b8"", ""component_alternatives__plant__water_ic1__evaluation_defined_ok__49d1611637350e3c"", ""component_alternatives__plant__water_ic2__evaluation_defined_ok__06ab6aea3f7f761b"", ""component_alternatives__plant__water_pre__evaluation_defined_ok__bc4741b386520ff5""]","[""water_ic1"", ""water_ic2"", ""water_pre""]",[],3000.0,3170.44843056949,1500.0,1.65,"[25.0, 25.0, 25.0]",14.0,4.0,250.0,1144.0025314827728,641.3998252871239,37.13340900332769,29.45610095302817,1171.6726658171167,27.67013433434378,1144.0025314827728,2026.4458990867172,0.0,0.0,0.0,3416541628.17324,2684142269.0865183,53682845.38173037,2832.210038746655,5500364.330206227,356935332.75198704,258223665.0278619,620659362.1100552,15.372451026882835,8518242.849420726,130946271.03781502,4862481439.907787,4862481439.907787,37.13340900332769,1.0,825236911.6143736,43538.01011847889,641.5817777687462,0.18195248162225358,641.3998252871239,13.275458150372167,661.9157936962688,2515.773147131994,1853.8573534357254,1540673674.8191283,1540673674.8191283,30813473.496382564,0.0,0.0,0.0,148218076.03332967,148218076.03332967,15.372451026882835,4775863.099087925,73416721.60182601,2162570363.143751,2162570363.143751,29.45610095302817,1.0,473678612.2912932,0.0
gas-q3000-m1500-r1.65-ua25-25-40,20260926-design-study-component-alternatives:c0267,completed,"[""gas_catalog""]",[],cooler_no_root,False,diagnostic_agreement_not_released,False,[],[],"[""component_alternatives__plant__gas_boundary__source_adequate_ok__dd6d7a3461399330"", ""component_alternatives__plant__gas_ledger__balance__a530b58ca455c8b8"", ""component_alternatives__plant__water_ic1__evaluation_defined_ok__49d1611637350e3c"", ""component_alternatives__plant__water_ic2__evaluation_defined_ok__06ab6aea3f7f761b"", ""component_alternatives__plant__water_pre__evaluation_defined_ok__bc4741b386520ff5""]","[""water_ic1"", ""water_ic2"", ""water_pre""]",[],3000.0,3170.44843056949,1500.0,1.65,"[25.0, 25.0, 40.0]",14.0,4.0,250.0,1144.0025314827728,641.3998252871239,37.13340900332769,29.45610095302817,1171.6726658171167,27.67013433434378,1144.0025314827728,2026.4458990867172,0.0,0.0,0.0,3416541628.17324,2684142269.0865183,53682845.38173037,2832.210038746655,5500364.330206227,356935332.75198704,258223665.0278619,620659362.1100552,15.372451026882835,8518242.849420726,130946271.03781502,4862481439.907787,4862481439.907787,37.13340900332769,1.0,825236911.6143736,43538.01011847889,641.5817777687462,0.18195248162225358,641.3998252871239,13.275458150372167,661.9157936962688,2515.773147131994,1853.8573534357254,1540673674.8191283,1540673674.8191283,30813473.496382564,0.0,0.0,0.0,148218076.03332967,148218076.03332967,15.372451026882835,4775863.099087925,73416721.60182601,2162570363.143751,2162570363.143751,29.45610095302817,1.0,473678612.2912932,0.0
gas-q3000-m1500-r1.65-ua30-30-50,20260926-design-study-component-alternatives:c0268,completed,"[""gas_catalog""]",[],cooler_no_root,False,diagnostic_agreement_not_released,False,[],[],"[""component_alternatives__plant__gas_boundary__source_adequate_ok__dd6d7a3461399330"", ""component_alternatives__plant__gas_ledger__balance__a530b58ca455c8b8"", ""component_alternatives__plant__water_ic1__evaluation_defined_ok__49d1611637350e3c"", ""component_alternatives__plant__water_ic2__evaluation_defined_ok__06ab6aea3f7f761b"", ""component_alternatives__plant__water_pre__evaluation_defined_ok__bc4741b386520ff5""]","[""water_ic1"", ""water_ic2"", ""water_pre""]",[],3000.0,3170.44843056949,1500.0,1.65,"[30.0, 30.0, 50.0]",14.0,4.0,250.0,1144.0025314827728,641.3998252871239,37.13340900332769,29.96851892774727,1171.6726658171167,27.67013433434378,1144.0025314827728,2026.4458990867172,0.0,0.0,0.0,3416541628.17324,2684142269.0865183,53682845.38173037,2832.210038746655,5500364.330206227,356935332.75198704,258223665.0278619,620659362.1100552,15.372451026882835,8518242.849420726,130946271.03781502,4862481439.907787,4862481439.907787,37.13340900332769,1.0,825236911.6143736,43538.01011847889,641.5817777687462,0.18195248162225358,641.3998252871239,13.275458150372167,661.9157936962688,2515.773147131994,1853.8573534357254,1567475215.369684,1567475215.369684,31349504.30739368,0.0,0.0,0.0,150796475.88532883,150796475.88532883,15.372451026882835,4775863.099087925,73416721.60182601,2200190410.9374747,2200190410.9374747,29.96851892774727,1.0,481918719.68246186,0.0
gas-q3000-m1500-r1.65-ua40-40-60,20260926-design-study-component-alternatives:c0269,completed,"[""gas_catalog""]",[],cooler_no_root,False,diagnostic_agreement_not_released,False,[],[],"[""component_alternatives__plant__gas_boundary__source_adequate_ok__dd6d7a3461399330"", ""component_alternatives__plant__gas_ledger__balance__a530b58ca455c8b8"", ""component_alternatives__plant__water_ic1__evaluation_defined_ok__49d1611637350e3c"", ""component_alternatives__plant__water_ic2__evaluation_defined_ok__06ab6aea3f7f761b"", ""component_alternatives__plant__water_pre__evaluation_defined_ok__bc4741b386520ff5""]","[""water_ic1"", ""water_ic2"", ""water_pre""]",[],3000.0,3170.44843056949,1500.0,1.65,"[40.0, 40.0, 60.0]",14.0,4.0,250.0,1144.0025314827728,641.5238903195605,37.13340900332769,30.475042159522946,1171.6726658171167,27.67013433434378,1144.0025314827728,2026.4458990867172,0.0,0.0,0.0,3416541628.17324,2684142269.0865183,53682845.38173037,2832.210038746655,5500364.330206227,356935332.75198704,258223665.0278619,620659362.1100552,15.372451026882835,8518242.849420726,130946271.03781502,4862481439.907787,4862481439.907787,37.13340900332769,1.0,825236911.6143736,43538.01011847889,641.7058585305144,0.1819682109539968,641.5238903195605,13.27800614014815,675.3097942407576,2515.6465341097814,1840.3367398690239,1594276755.92024,1594276755.92024,31885535.1184048,0.0,0.0,0.0,153374875.737328,153374875.737328,15.372451026882835,4776786.8873194475,73430922.49117431,2237810458.7311983,2237810458.7311983,30.475042159522946,1.0,490158827.0736306,0.0
gas-q3000-m1500-r1.8-ua25-25-20,20260926-design-study-component-alternatives:c0270,completed,"[""gas_catalog""]",[],cooler_no_root,False,diagnostic_agreement_not_released,False,[],[],"[""component_alternatives__plant__gas_boundary__source_adequate_ok__dd6d7a3461399330"", ""component_alternatives__plant__gas_ledger__balance__a530b58ca455c8b8"", ""component_alternatives__plant__water_ic1__evaluation_defined_ok__49d1611637350e3c"", ""component_alternatives__plant__water_ic2__evaluation_defined_ok__06ab6aea3f7f761b""]","[""water_ic1"", ""water_ic2""]",[],3000.0,3170.44843056949,1500.0,1.8,"[25.0, 25.0, 20.0]",14.0,4.0,250.0,1144.0025314827728,593.2885555047048,37.13340900332769,31.844770693140955,1171.6726658171167,27.67013433434378,1144.0025314827728,2026.4458990867172,0.0,0.0,0.0,3416541628.17324,2684142269.0865183,53682845.38173037,2832.210038746655,5500364.330206227,356935332.75198704,258223665.0278619,620659362.1100552,15.372451026882835,8518242.849420726,130946271.03781502,4862481439.907787,4862481439.907787,37.13340900332769,1.0,825236911.6143736,43538.01011847889,596.826463819523,3.5379083148182358,593.2885555047048,740.9196088982964,406.5373306810284,1836.2402661664892,1429.7029354854603,1540673674.8191283,1540673674.8191283,30813473.496382564,0.0,0.0,0.0,148218076.03332967,148218076.03332967,15.372451026882835,4417626.584288032,67909748.32202347,2162570363.143751,2162570363.143751,31.844770693140955,1.0,473678612.2912932,0.0
gas-q3000-m1500-r1.8-ua25-25-25,20260926-design-study-component-alternatives:c0271,completed,"[""gas_catalog""]",[],cooler_no_root,False,diagnostic_agreement_not_released,False,[],[],"[""component_alternatives__plant__gas_boundary__source_adequate_ok__dd6d7a3461399330"", ""component_alternatives__plant__gas_ledger__balance__a530b58ca455c8b8"", ""component_alternatives__plant__water_ic1__evaluation_defined_ok__49d1611637350e3c"", ""component_alternatives__plant__water_ic2__evaluation_defined_ok__06ab6aea3f7f761b"", ""component_alternatives__plant__water_pre__evaluation_defined_ok__bc4741b386520ff5""]","[""water_ic1"", ""water_ic2"", ""water_pre""]",[],3000.0,3170.44843056949,1500.0,1.8,"[25.0, 25.0, 25.0]",14.0,4.0,250.0,1144.0025314827728,596.6501848296682,37.13340900332769,31.665351801249788,1171.6726658171167,27.67013433434378,1144.0025314827728,2026.4458990867172,0.0,0.0,0.0,3416541628.17324,2684142269.0865183,53682845.38173037,2832.210038746655,5500364.330206227,356935332.75198704,258223665.0278619,620659362.1100552,15.372451026882835,8518242.849420726,130946271.03781502,4862481439.907787,4862481439.907787,37.13340900332769,1.0,825236911.6143736,43538.01011847889,596.826463819523,0.1762789898548894,596.6501848296682,12.356410904539015,406.5373306810284,2561.441834835283,2154.904504154254,1540673674.8191283,1540673674.8191283,30813473.496382564,0.0,0.0,0.0,148218076.03332967,148218076.03332967,15.372451026882835,4442657.2762417095,68294531.40825036,2162570363.143751,2162570363.143751,31.665351801249788,1.0,473678612.2912932,0.0
gas-q3000-m1500-r1.8-ua25-25-40,20260926-design-study-component-alternatives:c0272,completed,"[""gas_catalog""]",[],cooler_no_root,False,diagnostic_agreement_not_released,False,[],[],"[""component_alternatives__plant__gas_boundary__source_adequate_ok__dd6d7a3461399330"", ""component_alternatives__plant__gas_ledger__balance__a530b58ca455c8b8"", ""component_alternatives__plant__water_ic1__evaluation_defined_ok__49d1611637350e3c"", ""component_alternatives__plant__water_ic2__evaluation_defined_ok__06ab6aea3f7f761b"", ""component_alternatives__plant__water_pre__evaluation_defined_ok__bc4741b386520ff5""]","[""water_ic1"", ""water_ic2"", ""water_pre""]",[],3000.0,3170.44843056949,1500.0,1.8,"[25.0, 25.0, 40.0]",14.0,4.0,250.0,1144.0025314827728,596.6501848296682,37.13340900332769,31.665351801249788,1171.6726658171167,27.67013433434378,1144.0025314827728,2026.4458990867172,0.0,0.0,0.0,3416541628.17324,2684142269.0865183,53682845.38173037,2832.210038746655,5500364.330206227,356935332.75198704,258223665.0278619,620659362.1100552,15.372451026882835,8518242.849420726,130946271.03781502,4862481439.907787,4862481439.907787,37.13340900332769,1.0,825236911.6143736,43538.01011847889,596.826463819523,0.1762789898548894,596.6501848296682,12.356410904539015,406.5373306810284,2561.441834835283,2154.904504154254,1540673674.8191283,1540673674.8191283,30813473.496382564,0.0,0.0,0.0,148218076.03332967,148218076.03332967,15.372451026882835,4442657.2762417095,68294531.40825036,2162570363.143751,2162570363.143751,31.665351801249788,1.0,473678612.2912932,0.0
gas-q3000-m1500-r1.8-ua30-30-50,20260926-design-study-component-alternatives:c0273,completed,"[""gas_catalog""]",[],cooler_no_root,False,diagnostic_agreement_not_released,False,[],[],"[""component_alternatives__plant__gas_boundary__source_adequate_ok__dd6d7a3461399330"", ""component_alternatives__plant__gas_ledger__balance__a530b58ca455c8b8"", ""component_alternatives__plant__water_ic1__evaluation_defined_ok__49d1611637350e3c"", ""component_alternatives__plant__water_ic2__evaluation_defined_ok__06ab6aea3f7f761b"", ""component_alternatives__plant__water_pre__evaluation_defined_ok__bc4741b386520ff5""]","[""water_ic1"", ""water_ic2"", ""water_pre""]",[],3000.0,3170.44843056949,1500.0,1.8,"[30.0, 30.0, 50.0]",14.0,4.0,250.0,1144.0025314827728,596.6501848296682,37.13340900332769,32.21620187691454,1171.6726658171167,27.67013433434378,1144.0025314827728,2026.4458990867172,0.0,0.0,0.0,3416541628.17324,2684142269.0865183,53682845.38173037,2832.210038746655,5500364.330206227,356935332.75198704,258223665.0278619,620659362.1100552,15.372451026882835,8518242.849420726,130946271.03781502,4862481439.907787,4862481439.907787,37.13340900332769,1.0,825236911.6143736,43538.01011847889,596.826463819523,0.1762789898548894,596.6501848296682,12.356410904539015,406.5373306810284,2561.441834835283,2154.904504154254,1567475215.369684,1567475215.369684,31349504.30739368,0.0,0.0,0.0,150796475.88532883,150796475.88532883,15.372451026882835,4442657.2762417095,68294531.40825036,2200190410.9374747,2200190410.9374747,32.21620187691454,1.0,481918719.68246186,0.0
gas-q3000-m1500-r1.8-ua40-40-60,20260926-design-study-component-alternatives:c0274,completed,"[""gas_catalog""]",[],cooler_no_root,False,diagnostic_agreement_not_released,False,[],[],"[""component_alternatives__plant__gas_boundary__source_adequate_ok__dd6d7a3461399330"", ""component_alternatives__plant__gas_ledger__balance__a530b58ca455c8b8"", ""component_alternatives__plant__water_ic1__evaluation_defined_ok__49d1611637350e3c"", ""component_alternatives__plant__water_ic2__evaluation_defined_ok__06ab6aea3f7f761b"", ""component_alternatives__plant__water_pre__evaluation_defined_ok__bc4741b386520ff5""]","[""water_ic1"", ""water_ic2"", ""water_pre""]",[],3000.0,3170.44843056949,1500.0,1.8,"[40.0, 40.0, 60.0]",14.0,4.0,250.0,1144.0025314827728,596.6744798552085,37.13340900332769,32.76571776385338,1171.6726658171167,27.67013433434378,1144.0025314827728,2026.4458990867172,0.0,0.0,0.0,3416541628.17324,2684142269.0865183,53682845.38173037,2832.210038746655,5500364.330206227,356935332.75198704,258223665.0278619,620659362.1100552,15.372451026882835,8518242.849420726,130946271.03781502,4862481439.907787,4862481439.907787,37.13340900332769,1.0,825236911.6143736,43538.01011847889,596.8507619252586,0.1762820700500815,596.6744798552085,12.356909864443072,408.8679118088148,2561.4170408498385,2152.5491290410237,1594276755.92024,1594276755.92024,31885535.1184048,0.0,0.0,0.0,153374875.737328,153374875.737328,15.372451026882835,4442838.177001882,68297312.29632685,2237810458.7311983,2237810458.7311983,32.76571776385338,1.0,490158827.0736306,0.0
gas-q3000-m1750-r1.2-ua25-25-20,20260926-design-study-component-alternatives:c0275,completed,"[""gas_catalog""]",[],equipment_or_coupling_insufficient,False,diagnostic_agreement_not_released,False,[],[],"[""component_alternatives__plant__gas_boundary__source_adequate_ok__dd6d7a3461399330""]",[],[],3000.0,3170.44843056949,1750.0,1.2,"[25.0, 25.0, 20.0]",14.0,4.0,250.0,1144.0025314827728,444.49154280860074,37.13340900332769,42.50505619416833,1171.6726658171167,27.67013433434378,1144.0025314827728,2026.4458990867172,0.0,0.0,0.0,3416541628.17324,2684142269.0865183,53682845.38173037,2832.210038746655,5500364.330206227,356935332.75198704,258223665.0278619,620659362.1100552,15.372451026882835,8518242.849420726,130946271.03781502,4862481439.907787,4862481439.907787,37.13340900332769,1.0,825236911.6143736,43538.01011847889,449.9564837537842,5.464940945183437,444.49154280860074,1088.735301318946,1637.2215864456468,1637.2215864419434,-3.703689799294807e-09,1540673674.8191283,1540673674.8191283,30813473.496382564,0.0,0.0,0.0,148218076.03332967,148218076.03332967,15.372451026882835,3309684.027752841,50877955.63108688,2162570363.143751,2162570363.143751,42.50505619416833,1.0,473678612.2912932,0.0
gas-q3000-m1750-r1.2-ua25-25-25,20260926-design-study-component-alternatives:c0276,completed,"[""gas_catalog""]",[],equipment_or_coupling_insufficient,False,diagnostic_agreement_not_released,False,[],[],"[""component_alternatives__plant__gas_boundary__source_adequate_ok__dd6d7a3461399330""]",[],[],3000.0,3170.44843056949,1750.0,1.2,"[25.0, 25.0, 25.0]",14.0,4.0,250.0,1144.0025314827728,447.41698799352196,37.13340900332769,42.22713600938573,1171.6726658171167,27.67013433434378,1144.0025314827728,2026.4458990867172,0.0,0.0,0.0,3416541628.17324,2684142269.0865183,53682845.38173037,2832.210038746655,5500364.330206227,356935332.75198704,258223665.0278619,620659362.1100552,15.372451026882835,8518242.849420726,130946271.03781502,4862481439.907787,4862481439.907787,37.13340900332769,1.0,825236911.6143736,43538.01011847889,449.9564837537842,2.5394957602622656,447.41698799352196,1085.8098561340248,1637.2215864456468,1637.2215864419431,-3.7034624256193638e-09,1540673674.8191283,1540673674.8191283,30813473.496382564,0.0,0.0,0.0,148218076.03332967,148218076.03332967,15.372451026882835,3331466.8925997643,51212811.654171415,2162570363.143751,2162570363.143751,42.22713600938573,1.0,473678612.2912932,0.0
gas-q3000-m1750-r1.2-ua25-25-40,20260926-design-study-component-alternatives:c0277,completed,"[""gas_catalog""]",[],cooler_no_root,False,diagnostic_agreement_not_released,False,[],[],"[""component_alternatives__plant__gas_boundary__source_adequate_ok__dd6d7a3461399330"", ""component_alternatives__plant__gas_ledger__balance__a530b58ca455c8b8"", ""component_alternatives__plant__water_pre__evaluation_defined_ok__bc4741b386520ff5""]","[""water_pre""]",[],3000.0,3170.44843056949,1750.0,1.2,"[25.0, 25.0, 40.0]",14.0,4.0,250.0,1144.0025314827728,448.710900294378,37.13340900332769,42.10536894137686,1171.6726658171167,27.67013433434378,1144.0025314827728,2026.4458990867172,0.0,0.0,0.0,3416541628.17324,2684142269.0865183,53682845.38173037,2832.210038746655,5500364.330206227,356935332.75198704,258223665.0278619,620659362.1100552,15.372451026882835,8518242.849420726,130946271.03781502,4862481439.907787,4862481439.907787,37.13340900332769,1.0,825236911.6143736,43538.01011847889,449.9564837537842,1.2455834594062185,448.710900294378,486.51833888738565,1637.2215864456468,2235.2191913877264,597.9976049420795,1540673674.8191283,1540673674.8191283,30813473.496382564,0.0,0.0,0.0,148218076.03332967,148218076.03332967,15.372451026882835,3341101.3635919387,51360917.08766854,2162570363.143751,2162570363.143751,42.10536894137686,1.0,473678612.2912932,0.0
gas-q3000-m1750-r1.2-ua30-30-50,20260926-design-study-component-alternatives:c0278,completed,"[""gas_catalog""]",[],cooler_no_root,False,diagnostic_agreement_not_released,False,[],[],"[""component_alternatives__plant__gas_boundary__source_adequate_ok__dd6d7a3461399330"", ""component_alternatives__plant__gas_ledger__balance__a530b58ca455c8b8"", ""component_alternatives__plant__water_pre__evaluation_defined_ok__bc4741b386520ff5""]","[""water_pre""]",[],3000.0,3170.44843056949,1750.0,1.2,"[30.0, 30.0, 50.0]",14.0,4.0,250.0,1144.0025314827728,448.8162682812151,37.13340900332769,42.82777644844003,1171.6726658171167,27.67013433434378,1144.0025314827728,2026.4458990867172,0.0,0.0,0.0,3416541628.17324,2684142269.0865183,53682845.38173037,2832.210038746655,5500364.330206227,356935332.75198704,258223665.0278619,620659362.1100552,15.372451026882835,8518242.849420726,130946271.03781502,4862481439.907787,4862481439.907787,37.13340900332769,1.0,825236911.6143736,43538.01011847889,449.9564837537842,1.140215472569062,448.8162682812151,486.4129709005485,1637.2215864456468,2235.219191387727,597.9976049420795,1567475215.369684,1567475215.369684,31349504.30739368,0.0,0.0,0.0,150796475.88532883,150796475.88532883,15.372451026882835,3341885.9336219276,51372977.85203171,2200190410.9374747,2200190410.9374747,42.82777644844003,1.0,481918719.68246186,0.0
gas-q3000-m1750-r1.2-ua40-40-60,20260926-design-study-component-alternatives:c0279,completed,"[""gas_catalog""]",[],cooler_no_root,False,diagnostic_agreement_not_released,False,[],[],"[""component_alternatives__plant__gas_boundary__source_adequate_ok__dd6d7a3461399330"", ""component_alternatives__plant__gas_ledger__balance__a530b58ca455c8b8"", ""component_alternatives__plant__water_pre__evaluation_defined_ok__bc4741b386520ff5""]","[""water_pre""]",[],3000.0,3170.44843056949,1750.0,1.2,"[40.0, 40.0, 60.0]",14.0,4.0,250.0,1144.0025314827728,449.57796011585066,37.13340900332769,43.48626787396755,1171.6726658171167,27.67013433434378,1144.0025314827728,2026.4458990867172,0.0,0.0,0.0,3416541628.17324,2684142269.0865183,53682845.38173037,2832.210038746655,5500364.330206227,356935332.75198704,258223665.0278619,620659362.1100552,15.372451026882835,8518242.849420726,130946271.03781502,4862481439.907787,4862481439.907787,37.13340900332769,1.0,825236911.6143736,43538.01011847889,450.6282768156899,1.0503166998392253,449.57796011585066,486.3367821903065,1717.0004532089893,2234.533688263333,517.5332350543437,1594276755.92024,1594276755.92024,31885535.1184048,0.0,0.0,0.0,153374875.737328,153374875.737328,15.372451026882835,3347557.491022624,51460163.59042007,2237810458.7311983,2237810458.7311983,43.48626787396755,1.0,490158827.0736306,0.0
gas-q3000-m1750-r1.35-ua25-25-20,20260926-design-study-component-alternatives:c0280,completed,"[""gas_catalog""]",[],equipment_or_coupling_insufficient,False,diagnostic_agreement_not_released,False,[],[],"[""component_alternatives__plant__gas_boundary__source_adequate_ok__dd6d7a3461399330""]",[],[],3000.0,3170.44843056949,1750.0,1.35,"[25.0, 25.0, 20.0]",14.0,4.0,250.0,1144.0025314827728,636.5062242467858,37.13340900332769,29.68256599103879,1171.6726658171167,27.67013433434378,1144.0025314827728,2026.4458990867172,0.0,0.0,0.0,3416541628.17324,2684142269.0865183,53682845.38173037,2832.210038746655,5500364.330206227,356935332.75198704,258223665.0278619,620659362.1100552,15.372451026882835,8518242.849420726,130946271.03781502,4862481439.907787,4862481439.907787,37.13340900332769,1.0,825236911.6143736,43538.01011847889,645.3555677410722,8.849343494286366,636.5062242467858,1469.9551877988943,1063.9870185231443,1063.98701852381,6.657501216977835e-10,1540673674.8191283,1540673674.8191283,30813473.496382564,0.0,0.0,0.0,148218076.03332967,148218076.03332967,15.372451026882835,4739425.345741567,72856584.0229795,2162570363.143751,2162570363.143751,29.68256599103879,1.0,473678612.2912932,0.0
gas-q3000-m1750-r1.35-ua25-25-25,20260926-design-study-component-alternatives:c0281,completed,"[""gas_catalog""]",[],equipment_or_coupling_insufficient,False,diagnostic_agreement_not_released,False,[],[],"[""component_alternatives__plant__gas_boundary__source_adequate_ok__dd6d7a3461399330""]",[],[],3000.0,3170.44843056949,1750.0,1.35,"[25.0, 25.0, 25.0]",14.0,4.0,250.0,1144.0025314827728,642.07194876931,37.13340900332769,29.42526618882126,1171.6726658171167,27.67013433434378,1144.0025314827728,2026.4458990867172,0.0,0.0,0.0,3416541628.17324,2684142269.0865183,53682845.38173037,2832.210038746655,5500364.330206227,356935332.75198704,258223665.0278619,620659362.1100552,15.372451026882835,8518242.849420726,130946271.03781502,4862481439.907787,4862481439.907787,37.13340900332769,1.0,825236911.6143736,43538.01011847889,645.3555677410722,3.283618971762117,642.07194876931,1464.38946327637,1063.9870185231443,1063.98701852381,6.657501216977835e-10,1540673674.8191283,1540673674.8191283,30813473.496382564,0.0,0.0,0.0,148218076.03332967,148218076.03332967,15.372451026882835,4780867.730536282,73493655.05367348,2162570363.143751,2162570363.143751,29.42526618882126,1.0,473678612.2912932,0.0
gas-q3000-m1750-r1.35-ua25-25-40,20260926-design-study-component-alternatives:c0282,completed,"[""gas_catalog""]",[],cooler_no_root,False,diagnostic_agreement_not_released,False,[],[],"[""component_alternatives__plant__gas_boundary__source_adequate_ok__dd6d7a3461399330"", ""component_alternatives__plant__gas_ledger__balance__a530b58ca455c8b8"", ""component_alternatives__plant__water_pre__evaluation_defined_ok__bc4741b386520ff5""]","[""water_pre""]",[],3000.0,3170.44843056949,1750.0,1.35,"[25.0, 25.0, 40.0]",14.0,4.0,250.0,1144.0025314827728,643.5118938232763,37.13340900332769,29.359423168797967,1171.6726658171167,27.67013433434378,1144.0025314827728,2026.4458990867172,0.0,0.0,0.0,3416541628.17324,2684142269.0865183,53682845.38173037,2832.210038746655,5500364.330206227,356935332.75198704,258223665.0278619,620659362.1100552,15.372451026882835,8518242.849420726,130946271.03781502,4862481439.907787,4862481439.907787,37.13340900332769,1.0,825236911.6143736,43538.01011847889,645.3555677410722,1.8436739177958978,643.5118938232763,817.6502160629748,1063.9870185231443,1709.286320683239,645.2993021600946,1540673674.8191283,1540673674.8191283,30813473.496382564,0.0,0.0,0.0,148218076.03332967,148218076.03332967,15.372451026882835,4791589.561408115,73658475.87366925,2162570363.143751,2162570363.143751,29.359423168797967,1.0,473678612.2912932,0.0
gas-q3000-m1750-r1.35-ua30-30-50,20260926-design-study-component-alternatives:c0283,completed,"[""gas_catalog""]",[],cooler_no_root,False,diagnostic_agreement_not_released,False,[],[],"[""component_alternatives__plant__gas_boundary__source_adequate_ok__dd6d7a3461399330"", ""component_alternatives__plant__gas_ledger__balance__a530b58ca455c8b8"", ""component_alternatives__plant__water_ic1__evaluation_defined_ok__49d1611637350e3c"", ""component_alternatives__plant__water_ic2__evaluation_defined_ok__06ab6aea3f7f761b"", ""component_alternatives__plant__water_pre__evaluation_defined_ok__bc4741b386520ff5""]","[""water_ic1"", ""water_ic2"", ""water_pre""]",[],3000.0,3170.44843056949,1750.0,1.35,"[30.0, 30.0, 50.0]",14.0,4.0,250.0,1144.0025314827728,645.1731368678479,37.13340900332769,29.793247278843545,1171.6726658171167,27.67013433434378,1144.0025314827728,2026.4458990867172,0.0,0.0,0.0,3416541628.17324,2684142269.0865183,53682845.38173037,2832.210038746655,5500364.330206227,356935332.75198704,258223665.0278619,620659362.1100552,15.372451026882835,8518242.849420726,130946271.03781502,4862481439.907787,4862481439.907787,37.13340900332769,1.0,825236911.6143736,43538.01011847889,645.3555677410722,0.18243087322428855,645.1731368678479,13.352952663858385,1063.9870185231443,2511.9223410377836,1447.9353225146394,1567475215.369684,1567475215.369684,31349504.30739368,0.0,0.0,0.0,150796475.88532883,150796475.88532883,15.372451026882835,4803959.177117996,73848627.18539076,2200190410.9374747,2200190410.9374747,29.793247278843545,1.0,481918719.68246186,0.0
gas-q3000-m1750-r1.35-ua40-40-60,20260926-design-study-component-alternatives:c0284,completed,"[""gas_catalog""]",[],cooler_no_root,False,diagnostic_agreement_not_released,False,[],[],"[""component_alternatives__plant__gas_boundary__source_adequate_ok__dd6d7a3461399330"", ""component_alternatives__plant__gas_ledger__balance__a530b58ca455c8b8"", ""component_alternatives__plant__water_ic1__evaluation_defined_ok__49d1611637350e3c"", ""component_alternatives__plant__water_ic2__evaluation_defined_ok__06ab6aea3f7f761b"", ""component_alternatives__plant__water_pre__evaluation_defined_ok__bc4741b386520ff5""]","[""water_ic1"", ""water_ic2"", ""water_pre""]",[],3000.0,3170.44843056949,1750.0,1.35,"[40.0, 40.0, 60.0]",14.0,4.0,250.0,1144.0025314827728,645.8956566334106,37.13340900332769,30.268770819318256,1171.6726658171167,27.67013433434378,1144.0025314827728,2026.4458990867172,0.0,0.0,0.0,3416541628.17324,2684142269.0865183,53682845.38173037,2832.210038746655,5500364.330206227,356935332.75198704,258223665.0278619,620659362.1100552,15.372451026882835,8518242.849420726,130946271.03781502,4862481439.907787,4862481439.907787,37.13340900332769,1.0,825236911.6143736,43538.01011847889,646.0781791098276,0.18252247641706942,645.8956566334106,13.367791437842165,1117.8187023393643,2511.1849824982373,1393.366280158873,1594276755.92024,1594276755.92024,31885535.1184048,0.0,0.0,0.0,153374875.737328,153374875.737328,15.372451026882835,4809339.059292375,73931329.1606468,2237810458.7311983,2237810458.7311983,30.268770819318256,1.0,490158827.0736306,0.0
gas-q3000-m1750-r1.5-ua25-25-20,20260926-design-study-component-alternatives:c0285,completed,"[""gas_catalog""]",[],equipment_or_coupling_insufficient,False,diagnostic_agreement_not_released,False,[],[],"[""component_alternatives__plant__gas_boundary__source_adequate_ok__dd6d7a3461399330"", ""component_alternatives__plant__water_pre__flow_margin_ok__129a83656acb8a06""]",[],[],3000.0,3170.44843056949,1750.0,1.5,"[25.0, 25.0, 20.0]",14.0,4.0,250.0,1144.0025314827728,690.0331458165937,37.13340900332769,27.380044160855174,1171.6726658171167,27.67013433434378,1144.0025314827728,2026.4458990867172,0.0,0.0,0.0,3416541628.17324,2684142269.0865183,53682845.38173037,2832.210038746655,5500364.330206227,356935332.75198704,258223665.0278619,620659362.1100552,15.372451026882835,8518242.849420726,130946271.03781502,4862481439.907787,4862481439.907787,37.13340900332769,1.0,825236911.6143736,43538.01011847889,720.8756272274288,30.84248141083515,690.0331458165937,1858.190630038795,622.2246547131267,622.2246547141012,9.745235729496926e-10,1540673674.8191283,1540673674.8191283,30813473.496382564,0.0,0.0,0.0,148218076.03332967,148218076.03332967,15.372451026882835,5137986.803750357,78983450.51742263,2162570363.143751,2162570363.143751,27.380044160855174,1.0,473678612.2912932,0.0
gas-q3000-m1750-r1.5-ua25-25-25,20260926-design-study-component-alternatives:c0286,completed,"[""gas_catalog""]",[],equipment_or_coupling_insufficient,False,diagnostic_agreement_not_released,False,[],[],"[""component_alternatives__plant__gas_boundary__source_adequate_ok__dd6d7a3461399330""]",[],[],3000.0,3170.44843056949,1750.0,1.5,"[25.0, 25.0, 25.0]",14.0,4.0,250.0,1144.0025314827728,716.6859142047523,37.13340900332769,26.361810146466073,1171.6726658171167,27.67013433434378,1144.0025314827728,2026.4458990867172,0.0,0.0,0.0,3416541628.17324,2684142269.0865183,53682845.38173037,2832.210038746655,5500364.330206227,356935332.75198704,258223665.0278619,620659362.1100552,15.372451026882835,8518242.849420726,130946271.03781502,4862481439.907787,4862481439.907787,37.13340900332769,1.0,825236911.6143736,43538.01011847889,720.8756272274288,4.1897130226765515,716.6859142047523,1831.5378616506364,622.2246547131267,622.2246547141012,9.745235729496926e-10,1540673674.8191283,1540673674.8191283,30813473.496382564,0.0,0.0,0.0,148218076.03332967,148218076.03332967,15.372451026882835,5336443.317168586,82034213.55091028,2162570363.143751,2162570363.143751,26.361810146466073,1.0,473678612.2912932,0.0
gas-q3000-m1750-r1.5-ua25-25-40,20260926-design-study-component-alternatives:c0287,completed,"[""gas_catalog""]",[],cooler_no_root,False,diagnostic_agreement_not_released,False,[],[],"[""component_alternatives__plant__gas_boundary__source_adequate_ok__dd6d7a3461399330"", ""component_alternatives__plant__gas_ledger__balance__a530b58ca455c8b8"", ""component_alternatives__plant__water_pre__evaluation_defined_ok__bc4741b386520ff5""]","[""water_pre""]",[],3000.0,3170.44843056949,1750.0,1.5,"[25.0, 25.0, 40.0]",14.0,4.0,250.0,1144.0025314827728,718.3379012453076,37.13340900332769,26.301184960669747,1171.6726658171167,27.67013433434378,1144.0025314827728,2026.4458990867172,0.0,0.0,0.0,3416541628.17324,2684142269.0865183,53682845.38173037,2832.210038746655,5500364.330206227,356935332.75198704,258223665.0278619,620659362.1100552,15.372451026882835,8518242.849420726,130946271.03781502,4862481439.907787,4862481439.907787,37.13340900332769,1.0,825236911.6143736,43538.01011847889,720.8756272274288,2.537725982121142,718.3379012453076,1125.3168049388323,622.2246547131267,1326.7937243853503,704.5690696722233,1540673674.8191283,1540673674.8191283,30813473.496382564,0.0,0.0,0.0,148218076.03332967,148218076.03332967,15.372451026882835,5348744.01267256,82223305.39014171,2162570363.143751,2162570363.143751,26.301184960669747,1.0,473678612.2912932,0.0
gas-q3000-m1750-r1.5-ua30-30-50,20260926-design-study-component-alternatives:c0288,completed,"[""gas_catalog""]",[],cooler_no_root,False,diagnostic_agreement_not_released,False,[],[],"[""component_alternatives__plant__gas_boundary__source_adequate_ok__dd6d7a3461399330"", ""component_alternatives__plant__gas_ledger__balance__a530b58ca455c8b8"", ""component_alternatives__plant__water_ic1__evaluation_defined_ok__49d1611637350e3c"", ""component_alternatives__plant__water_ic2__evaluation_defined_ok__06ab6aea3f7f761b"", ""component_alternatives__plant__water_pre__evaluation_defined_ok__bc4741b386520ff5""]","[""water_ic1"", ""water_ic2"", ""water_pre""]",[],3000.0,3170.44843056949,1750.0,1.5,"[30.0, 30.0, 50.0]",14.0,4.0,250.0,1144.0025314827728,720.6836229114564,37.13340900332769,26.671624265191006,1171.6726658171167,27.67013433434378,1144.0025314827728,2026.4458990867172,0.0,0.0,0.0,3416541628.17324,2684142269.0865183,53682845.38173037,2832.210038746655,5500364.330206227,356935332.75198704,258223665.0278619,620659362.1100552,15.372451026882835,8518242.849420726,130946271.03781502,4862481439.907787,4862481439.907787,37.13340900332769,1.0,825236911.6143736,43538.01011847889,720.8756272274288,0.19200431597240125,720.6836229114564,14.903751810409705,622.2246547131267,2434.861055847624,1812.6364011344972,1567475215.369684,1567475215.369684,31349504.30739368,0.0,0.0,0.0,150796475.88532883,150796475.88532883,15.372451026882835,5366210.256198704,82491804.36337097,2200190410.9374747,2200190410.9374747,26.671624265191006,1.0,481918719.68246186,0.0
gas-q3000-m1750-r1.5-ua40-40-60,20260926-design-study-component-alternatives:c0289,completed,"[""gas_catalog""]",[],cooler_no_root,False,diagnostic_agreement_not_released,False,[],[],"[""component_alternatives__plant__gas_boundary__source_adequate_ok__dd6d7a3461399330"", ""component_alternatives__plant__gas_ledger__balance__a530b58ca455c8b8"", ""component_alternatives__plant__water_ic1__evaluation_defined_ok__49d1611637350e3c"", ""component_alternatives__plant__water_ic2__evaluation_defined_ok__06ab6aea3f7f761b"", ""component_alternatives__plant__water_pre__evaluation_defined_ok__bc4741b386520ff5""]","[""water_ic1"", ""water_ic2"", ""water_pre""]",[],3000.0,3170.44843056949,1750.0,1.5,"[40.0, 40.0, 60.0]",14.0,4.0,250.0,1144.0025314827728,721.2573669797725,37.13340900332769,27.10609069505431,1171.6726658171167,27.67013433434378,1144.0025314827728,2026.4458990867172,0.0,0.0,0.0,3416541628.17324,2684142269.0865183,53682845.38173037,2832.210038746655,5500364.330206227,356935332.75198704,258223665.0278619,620659362.1100552,15.372451026882835,8518242.849420726,130946271.03781502,4862481439.907787,4862481439.907787,37.13340900332769,1.0,825236911.6143736,43538.01011847889,721.4494440367148,0.1920770569422707,721.2573669797725,14.915535098507934,655.3219168145938,2434.2755284912096,1778.9536116766158,1594276755.92024,1594276755.92024,31885535.1184048,0.0,0.0,0.0,153374875.737328,153374875.737328,15.372451026882835,5370482.354531386,82557476.98577215,2237810458.7311983,2237810458.7311983,27.10609069505431,1.0,490158827.0736306,0.0
gas-q3000-m1750-r1.65-ua25-25-20,20260926-design-study-component-alternatives:c0290,completed,"[""gas_catalog""]",[],cooler_no_root,False,diagnostic_agreement_not_released,False,[],[],"[""component_alternatives__plant__gas_boundary__source_adequate_ok__dd6d7a3461399330"", ""component_alternatives__plant__gas_ledger__balance__a530b58ca455c8b8"", ""component_alternatives__plant__water_pre__evaluation_defined_ok__bc4741b386520ff5""]","[""water_pre""]",[],3000.0,3170.44843056949,1750.0,1.65,"[25.0, 25.0, 20.0]",14.0,4.0,250.0,1144.0025314827728,712.8507030901711,37.13340900332769,26.503639433911438,1171.6726658171167,27.67013433434378,1144.0025314827728,2026.4458990867172,0.0,0.0,0.0,3416541628.17324,2684142269.0865183,53682845.38173037,2832.210038746655,5500364.330206227,356935332.75198704,258223665.0278619,620659362.1100552,15.372451026882835,8518242.849420726,130946271.03781502,4862481439.907787,4862481439.907787,37.13340900332769,1.0,825236911.6143736,43538.01011847889,716.2941373855306,3.443434295359406,712.8507030901711,1413.7358159874802,272.8759929303683,1043.8619114918388,770.9859185614705,1540673674.8191283,1540673674.8191283,30813473.496382564,0.0,0.0,0.0,148218076.03332967,148218076.03332967,15.372451026882835,5307886.335209414,81595222.74426733,2162570363.143751,2162570363.143751,26.503639433911438,1.0,473678612.2912932,0.0
gas-q3000-m1750-r1.65-ua25-25-25,20260926-design-study-component-alternatives:c0291,completed,"[""gas_catalog""]",[],equipment_or_coupling_insufficient,False,diagnostic_agreement_not_released,False,[],[],"[""component_alternatives__plant__gas_boundary__source_adequate_ok__dd6d7a3461399330""]",[],[],3000.0,3170.44843056949,1750.0,1.65,"[25.0, 25.0, 25.0]",14.0,4.0,250.0,1144.0025314827728,710.9102202521982,37.13340900332769,26.575983108260477,1171.6726658171167,27.67013433434378,1144.0025314827728,2026.4458990867172,0.0,0.0,0.0,3416541628.17324,2684142269.0865183,53682845.38173037,2832.210038746655,5500364.330206227,356935332.75198704,258223665.0278619,620659362.1100552,15.372451026882835,8518242.849420726,130946271.03781502,4862481439.907787,4862481439.907787,37.13340900332769,1.0,825236911.6143736,43538.01011847889,716.2941373855306,5.383917133332383,710.9102202521982,2186.662217383659,272.8759929303683,272.8759929336329,3.264631232013926e-09,1540673674.8191283,1540673674.8191283,30813473.496382564,0.0,0.0,0.0,148218076.03332967,148218076.03332967,15.372451026882835,5293437.499997867,81373108.73258233,2162570363.143751,2162570363.143751,26.575983108260477,1.0,473678612.2912932,0.0
gas-q3000-m1750-r1.65-ua25-25-40,20260926-design-study-component-alternatives:c0292,completed,"[""gas_catalog""]",[],cooler_no_root,False,diagnostic_agreement_not_released,False,[],[],"[""component_alternatives__plant__gas_boundary__source_adequate_ok__dd6d7a3461399330"", ""component_alternatives__plant__gas_ledger__balance__a530b58ca455c8b8"", ""component_alternatives__plant__water_pre__evaluation_defined_ok__bc4741b386520ff5""]","[""water_pre""]",[],3000.0,3170.44843056949,1750.0,1.65,"[25.0, 25.0, 40.0]",14.0,4.0,250.0,1144.0025314827728,712.8507030901711,37.13340900332769,26.503639433911438,1171.6726658171167,27.67013433434378,1144.0025314827728,2026.4458990867172,0.0,0.0,0.0,3416541628.17324,2684142269.0865183,53682845.38173037,2832.210038746655,5500364.330206227,356935332.75198704,258223665.0278619,620659362.1100552,15.372451026882835,8518242.849420726,130946271.03781502,4862481439.907787,4862481439.907787,37.13340900332769,1.0,825236911.6143736,43538.01011847889,716.2941373855306,3.443434295359406,712.8507030901711,1413.7358159874802,272.8759929303683,1043.8619114918388,770.9859185614705,1540673674.8191283,1540673674.8191283,30813473.496382564,0.0,0.0,0.0,148218076.03332967,148218076.03332967,15.372451026882835,5307886.335209414,81595222.74426733,2162570363.143751,2162570363.143751,26.503639433911438,1.0,473678612.2912932,0.0
gas-q3000-m1750-r1.65-ua30-30-50,20260926-design-study-component-alternatives:c0293,completed,"[""gas_catalog""]",[],cooler_no_root,False,diagnostic_agreement_not_released,False,[],[],"[""component_alternatives__plant__gas_boundary__source_adequate_ok__dd6d7a3461399330"", ""component_alternatives__plant__gas_ledger__balance__a530b58ca455c8b8"", ""component_alternatives__plant__water_ic1__evaluation_defined_ok__49d1611637350e3c"", ""component_alternatives__plant__water_ic2__evaluation_defined_ok__06ab6aea3f7f761b"", ""component_alternatives__plant__water_pre__evaluation_defined_ok__bc4741b386520ff5""]","[""water_ic1"", ""water_ic2"", ""water_pre""]",[],3000.0,3170.44843056949,1750.0,1.65,"[30.0, 30.0, 50.0]",14.0,4.0,250.0,1144.0025314827728,716.1027138507573,37.13340900332769,26.842242645622722,1171.6726658171167,27.67013433434378,1144.0025314827728,2026.4458990867172,0.0,0.0,0.0,3416541628.17324,2684142269.0865183,53682845.38173037,2832.210038746655,5500364.330206227,356935332.75198704,258223665.0278619,620659362.1100552,15.372451026882835,8518242.849420726,130946271.03781502,4862481439.907787,4862481439.907787,37.13340900332769,1.0,825236911.6143736,43538.01011847889,716.2941373855306,0.19142353477332946,716.1027138507573,14.809671236518861,272.8759929303683,2439.5360454822135,2166.6600525518456,1567475215.369684,1567475215.369684,31349504.30739368,0.0,0.0,0.0,150796475.88532883,150796475.88532883,15.372451026882835,5332100.807332739,81967458.53112496,2200190410.9374747,2200190410.9374747,26.842242645622722,1.0,481918719.68246186,0.0
gas-q3000-m1750-r1.65-ua40-40-60,20260926-design-study-component-alternatives:c0294,completed,"[""gas_catalog""]",[],cooler_no_root,False,diagnostic_agreement_not_released,False,[],[],"[""component_alternatives__plant__gas_boundary__source_adequate_ok__dd6d7a3461399330"", ""component_alternatives__plant__gas_ledger__balance__a530b58ca455c8b8"", ""component_alternatives__plant__water_ic1__evaluation_defined_ok__49d1611637350e3c"", ""component_alternatives__plant__water_ic2__evaluation_defined_ok__06ab6aea3f7f761b"", ""component_alternatives__plant__water_pre__evaluation_defined_ok__bc4741b386520ff5""]","[""water_ic1"", ""water_ic2"", ""water_pre""]",[],3000.0,3170.44843056949,1750.0,1.65,"[40.0, 40.0, 60.0]",14.0,4.0,250.0,1144.0025314827728,716.4310537203452,37.13340900332769,27.288693730270932,1171.6726658171167,27.67013433434378,1144.0025314827728,2026.4458990867172,0.0,0.0,0.0,3416541628.17324,2684142269.0865183,53682845.38173037,2832.210038746655,5500364.330206227,356935332.75198704,258223665.0278619,620659362.1100552,15.372451026882835,8518242.849420726,130946271.03781502,4862481439.907787,4862481439.907787,37.13340900332769,1.0,825236911.6143736,43538.01011847889,716.6225188830183,0.19146516267308364,716.4310537203452,14.816414527632631,288.9135969328536,2439.200962321512,2150.2873653886586,1594276755.92024,1594276755.92024,31885535.1184048,0.0,0.0,0.0,153374875.737328,153374875.737328,15.372451026882835,5334545.6260016905,82005041.38638303,2237810458.7311983,2237810458.7311983,27.288693730270932,1.0,490158827.0736306,0.0
gas-q3000-m1750-r1.8-ua25-25-20,20260926-design-study-component-alternatives:c0295,completed,"[""gas_catalog""]",[],cooler_no_root,False,diagnostic_agreement_not_released,False,[],[],"[""component_alternatives__plant__gas_ledger__balance__a530b58ca455c8b8"", ""component_alternatives__plant__water_pre__evaluation_defined_ok__bc4741b386520ff5""]","[""water_pre""]",[],3000.0,3170.44843056949,1750.0,1.8,"[25.0, 25.0, 20.0]",14.0,4.0,250.0,1144.0025314827728,644.0720132040507,37.13340900332769,29.33389064822873,1171.6726658171167,27.67013433434378,1144.0025314827728,2026.4458990867172,0.0,0.0,0.0,3416541628.17324,2684142269.0865183,53682845.38173037,2832.210038746655,5500364.330206227,356935332.75198704,258223665.0278619,620659362.1100552,15.372451026882835,8518242.849420726,130946271.03781502,4862481439.907787,4862481439.907787,37.13340900332769,1.0,825236911.6143736,43538.01011847889,648.8218204182291,4.7498072141783885,644.0720132040507,1685.9778269222572,0.0,840.3985904431822,840.3985904431822,1540673674.8191283,1540673674.8191283,30813473.496382564,0.0,0.0,0.0,148218076.03332967,148218076.03332967,15.372451026882835,4795760.210317361,73722588.96977696,2162570363.143751,2162570363.143751,29.33389064822873,1.0,473678612.2912932,0.0
gas-q3000-m1750-r1.8-ua25-25-25,20260926-design-study-component-alternatives:c0296,completed,"[""gas_catalog""]",[],pass,True,diagnostic_agreement_not_released,False,[],[],[],[],[],3000.0,3170.44843056949,1750.0,1.8,"[25.0, 25.0, 25.0]",14.0,4.0,250.0,1144.0025314827728,641.7488229127446,37.13340900332769,29.440082054472207,1171.6726658171167,27.67013433434378,1144.0025314827728,2026.4458990867172,0.0,0.0,0.0,3416541628.17324,2684142269.0865183,53682845.38173037,2832.210038746655,5500364.330206227,356935332.75198704,258223665.0278619,620659362.1100552,15.372451026882835,8518242.849420726,130946271.03781502,4862481439.907787,4862481439.907787,37.13340900332769,1.0,825236911.6143736,43538.01011847889,648.8218204182291,7.072997505484519,641.7488229127446,2528.699607657721,0.0,-9.754330676514655e-10,-9.754330676514655e-10,1540673674.8191283,1540673674.8191283,30813473.496382564,0.0,0.0,0.0,148218076.03332967,148218076.03332967,15.372451026882835,4778461.735408296,73456669.0113976,2162570363.143751,2162570363.143751,29.440082054472207,1.0,473678612.2912932,0.0
gas-q3000-m1750-r1.8-ua25-25-40,20260926-design-study-component-alternatives:c0297,completed,"[""gas_catalog""]",[],cooler_no_root,False,diagnostic_agreement_not_released,False,[],[],"[""component_alternatives__plant__gas_ledger__balance__a530b58ca455c8b8"", ""component_alternatives__plant__water_pre__evaluation_defined_ok__bc4741b386520ff5""]","[""water_pre""]",[],3000.0,3170.44843056949,1750.0,1.8,"[25.0, 25.0, 40.0]",14.0,4.0,250.0,1144.0025314827728,644.0720132040507,37.13340900332769,29.33389064822873,1171.6726658171167,27.67013433434378,1144.0025314827728,2026.4458990867172,0.0,0.0,0.0,3416541628.17324,2684142269.0865183,53682845.38173037,2832.210038746655,5500364.330206227,356935332.75198704,258223665.0278619,620659362.1100552,15.372451026882835,8518242.849420726,130946271.03781502,4862481439.907787,4862481439.907787,37.13340900332769,1.0,825236911.6143736,43538.01011847889,648.8218204182291,4.7498072141783885,644.0720132040507,1685.9778269222572,0.0,840.3985904431822,840.3985904431822,1540673674.8191283,1540673674.8191283,30813473.496382564,0.0,0.0,0.0,148218076.03332967,148218076.03332967,15.372451026882835,4795760.210317361,73722588.96977696,2162570363.143751,2162570363.143751,29.33389064822873,1.0,473678612.2912932,0.0
gas-q3000-m1750-r1.8-ua30-30-50,20260926-design-study-component-alternatives:c0298,completed,"[""gas_catalog""]",[],cooler_no_root,False,diagnostic_agreement_not_released,False,[],[],"[""component_alternatives__plant__gas_ledger__balance__a530b58ca455c8b8"", ""component_alternatives__plant__water_ic1__evaluation_defined_ok__49d1611637350e3c"", ""component_alternatives__plant__water_ic2__evaluation_defined_ok__06ab6aea3f7f761b"", ""component_alternatives__plant__water_pre__evaluation_defined_ok__bc4741b386520ff5""]","[""water_ic1"", ""water_ic2"", ""water_pre""]",[],3000.0,3170.44843056949,1750.0,1.8,"[30.0, 30.0, 50.0]",14.0,4.0,250.0,1144.0025314827728,648.638950138948,37.13340900332769,29.634055741261566,1171.6726658171167,27.67013433434378,1144.0025314827728,2026.4458990867172,0.0,0.0,0.0,3416541628.17324,2684142269.0865183,53682845.38173037,2832.210038746655,5500364.330206227,356935332.75198704,258223665.0278619,620659362.1100552,15.372451026882835,8518242.849420726,130946271.03781502,4862481439.907787,4862481439.907787,37.13340900332769,1.0,825236911.6143736,43538.01011847889,648.8218204182291,0.18287027928118194,648.638950138948,13.424131920469497,0.0,2508.3853485100726,2508.3853485100726,1567475215.369684,1567475215.369684,31349504.30739368,0.0,0.0,0.0,150796475.88532883,150796475.88532883,15.372451026882835,4829765.622734606,74245335.50681001,2200190410.9374747,2200190410.9374747,29.634055741261566,1.0,481918719.68246186,0.0
gas-q3000-m1750-r1.8-ua40-40-60,20260926-design-study-component-alternatives:c0299,completed,"[""gas_catalog""]",[],cooler_no_root,False,diagnostic_agreement_not_released,False,[],[],"[""component_alternatives__plant__gas_ledger__balance__a530b58ca455c8b8"", ""component_alternatives__plant__water_ic1__evaluation_defined_ok__49d1611637350e3c"", ""component_alternatives__plant__water_ic2__evaluation_defined_ok__06ab6aea3f7f761b"", ""component_alternatives__plant__water_pre__evaluation_defined_ok__bc4741b386520ff5""]","[""water_ic1"", ""water_ic2"", ""water_pre""]",[],3000.0,3170.44843056949,1750.0,1.8,"[40.0, 40.0, 60.0]",14.0,4.0,250.0,1144.0025314827728,649.8984156593331,37.13340900332769,30.08234384445375,1171.6726658171167,27.67013433434378,1144.0025314827728,2026.4458990867172,0.0,0.0,0.0,3416541628.17324,2684142269.0865183,53682845.38173037,2832.210038746655,5500364.330206227,356935332.75198704,258223665.0278619,620659362.1100552,15.372451026882835,8518242.849420726,130946271.03781502,4862481439.907787,4862481439.907787,37.13340900332769,1.0,825236911.6143736,43538.01011847889,650.0814456173779,0.18302995804481328,649.8984156593331,13.449998235950488,0.0,2507.100016674207,2507.100016674207,1594276755.92024,1594276755.92024,31885535.1184048,0.0,0.0,0.0,153374875.737328,153374875.737328,15.372451026882835,4839143.602999394,74389498.04916154,2237810458.7311983,2237810458.7311983,30.08234384445375,1.0,490158827.0736306,0.0
gas-q3000-m2000-r1.2-ua25-25-20,20260926-design-study-component-alternatives:c0300,completed,"[""gas_catalog""]",[],cooler_no_root,False,diagnostic_agreement_not_released,False,[],[],"[""component_alternatives__plant__gas_boundary__source_adequate_ok__dd6d7a3461399330"", ""component_alternatives__plant__gas_ledger__balance__a530b58ca455c8b8"", ""component_alternatives__plant__water_pre__evaluation_defined_ok__bc4741b386520ff5""]","[""water_pre""]",[],3000.0,3170.44843056949,2000.0,1.2,"[25.0, 25.0, 20.0]",14.0,4.0,250.0,1144.0025314827728,500.74640882925644,37.13340900332769,37.7299520711177,1171.6726658171167,27.67013433434378,1144.0025314827728,2026.4458990867172,0.0,0.0,0.0,3416541628.17324,2684142269.0865183,53682845.38173037,2832.210038746655,5500364.330206227,356935332.75198704,258223665.0278619,620659362.1100552,15.372451026882835,8518242.849420726,130946271.03781502,4862481439.907787,4862481439.907787,37.13340900332769,1.0,825236911.6143736,43538.01011847889,502.2959095089912,1.5495006797347555,500.74640882925644,555.9032605173459,1389.1256649544066,2113.798761222888,724.6730962684812,1540673674.8191283,1540673674.8191283,30813473.496382564,0.0,0.0,0.0,148218076.03332967,148218076.03332967,15.372451026882835,3728557.760142643,57317071.56869674,2162570363.143751,2162570363.143751,37.7299520711177,1.0,473678612.2912932,0.0
gas-q3000-m2000-r1.2-ua25-25-25,20260926-design-study-component-alternatives:c0301,completed,"[""gas_catalog""]",[],equipment_or_coupling_insufficient,False,diagnostic_agreement_not_released,False,[],[],"[""component_alternatives__plant__gas_boundary__source_adequate_ok__dd6d7a3461399330""]",[],[],3000.0,3170.44843056949,2000.0,1.2,"[25.0, 25.0, 25.0]",14.0,4.0,250.0,1144.0025314827728,497.9237371550801,37.13340900332769,37.943838775109086,1171.6726658171167,27.67013433434378,1144.0025314827728,2026.4458990867172,0.0,0.0,0.0,3416541628.17324,2684142269.0865183,53682845.38173037,2832.210038746655,5500364.330206227,356935332.75198704,258223665.0278619,620659362.1100552,15.372451026882835,8518242.849420726,130946271.03781502,4862481439.907787,4862481439.907787,37.13340900332769,1.0,825236911.6143736,43538.01011847889,502.2959095089912,4.372172353911091,497.9237371550801,1283.3990284553747,1389.1256649544066,1389.125664959035,4.628645910997875e-09,1540673674.8191283,1540673674.8191283,30813473.496382564,0.0,0.0,0.0,148218076.03332967,148218076.03332967,15.372451026882835,3707540.1468567266,56993979.33775703,2162570363.143751,2162570363.143751,37.943838775109086,1.0,473678612.2912932,0.0
gas-q3000-m2000-r1.2-ua25-25-40,20260926-design-study-component-alternatives:c0302,completed,"[""gas_catalog""]",[],cooler_no_root,False,diagnostic_agreement_not_released,False,[],[],"[""component_alternatives__plant__gas_boundary__source_adequate_ok__dd6d7a3461399330"", ""component_alternatives__plant__gas_ledger__balance__a530b58ca455c8b8"", ""component_alternatives__plant__water_pre__evaluation_defined_ok__bc4741b386520ff5""]","[""water_pre""]",[],3000.0,3170.44843056949,2000.0,1.2,"[25.0, 25.0, 40.0]",14.0,4.0,250.0,1144.0025314827728,500.74640882925644,37.13340900332769,37.7299520711177,1171.6726658171167,27.67013433434378,1144.0025314827728,2026.4458990867172,0.0,0.0,0.0,3416541628.17324,2684142269.0865183,53682845.38173037,2832.210038746655,5500364.330206227,356935332.75198704,258223665.0278619,620659362.1100552,15.372451026882835,8518242.849420726,130946271.03781502,4862481439.907787,4862481439.907787,37.13340900332769,1.0,825236911.6143736,43538.01011847889,502.2959095089912,1.5495006797347555,500.74640882925644,555.9032605173459,1389.1256649544066,2113.798761222888,724.6730962684812,1540673674.8191283,1540673674.8191283,30813473.496382564,0.0,0.0,0.0,148218076.03332967,148218076.03332967,15.372451026882835,3728557.760142643,57317071.56869674,2162570363.143751,2162570363.143751,37.7299520711177,1.0,473678612.2912932,0.0
gas-q3000-m2000-r1.2-ua30-30-50,20260926-design-study-component-alternatives:c0303,completed,"[""gas_catalog""]",[],cooler_no_root,False,diagnostic_agreement_not_released,False,[],[],"[""component_alternatives__plant__gas_boundary__source_adequate_ok__dd6d7a3461399330"", ""component_alternatives__plant__gas_ledger__balance__a530b58ca455c8b8"", ""component_alternatives__plant__water_pre__evaluation_defined_ok__bc4741b386520ff5""]","[""water_pre""]",[],3000.0,3170.44843056949,2000.0,1.2,"[30.0, 30.0, 50.0]",14.0,4.0,250.0,1144.0025314827728,500.92691129399714,37.13340900332769,38.372469857363214,1171.6726658171167,27.67013433434378,1144.0025314827728,2026.4458990867172,0.0,0.0,0.0,3416541628.17324,2684142269.0865183,53682845.38173037,2832.210038746655,5500364.330206227,356935332.75198704,258223665.0278619,620659362.1100552,15.372451026882835,8518242.849420726,130946271.03781502,4862481439.907787,4862481439.907787,37.13340900332769,1.0,825236911.6143736,43538.01011847889,502.2959095089912,1.368998214994073,500.92691129399714,555.7227580526052,1389.1256649544066,2113.798761222888,724.6730962684811,1567475215.369684,1567475215.369684,31349504.30739368,0.0,0.0,0.0,150796475.88532883,150796475.88532883,15.372451026882835,3729901.781495103,57337732.47111651,2200190410.9374747,2200190410.9374747,38.372469857363214,1.0,481918719.68246186,0.0
gas-q3000-m2000-r1.2-ua40-40-60,20260926-design-study-component-alternatives:c0304,completed,"[""gas_catalog""]",[],cooler_no_root,False,diagnostic_agreement_not_released,False,[],[],"[""component_alternatives__plant__gas_boundary__source_adequate_ok__dd6d7a3461399330"", ""component_alternatives__plant__gas_ledger__balance__a530b58ca455c8b8"", ""component_alternatives__plant__water_pre__evaluation_defined_ok__bc4741b386520ff5""]","[""water_pre""]",[],3000.0,3170.44843056949,2000.0,1.2,"[40.0, 40.0, 60.0]",14.0,4.0,250.0,1144.0025314827728,502.5385804272931,37.13340900332769,38.90341630528471,1171.6726658171167,27.67013433434378,1144.0025314827728,2026.4458990867172,0.0,0.0,0.0,3416541628.17324,2684142269.0865183,53682845.38173037,2832.210038746655,5500364.330206227,356935332.75198704,258223665.0278619,620659362.1100552,15.372451026882835,8518242.849420726,130946271.03781502,4862481439.907787,4862481439.907787,37.13340900332769,1.0,825236911.6143736,43538.01011847889,503.7617324822057,1.2231520549125918,502.5385804272931,555.6068266470792,1486.9370228850214,2112.3030234951175,625.3660006100964,1594276755.92024,1594276755.92024,31885535.1184048,0.0,0.0,0.0,153374875.737328,153374875.737328,15.372451026882835,3741902.269861624,57522209.39082953,2237810458.7311983,2237810458.7311983,38.90341630528471,1.0,490158827.0736306,0.0
gas-q3000-m2000-r1.35-ua25-25-20,20260926-design-study-component-alternatives:c0305,completed,"[""gas_catalog""]",[],cooler_no_root,False,diagnostic_agreement_not_released,False,[],[],"[""component_alternatives__plant__gas_boundary__source_adequate_ok__dd6d7a3461399330"", ""component_alternatives__plant__gas_ledger__balance__a530b58ca455c8b8"", ""component_alternatives__plant__water_pre__evaluation_defined_ok__bc4741b386520ff5""]","[""water_pre""]",[],3000.0,3170.44843056949,2000.0,1.35,"[25.0, 25.0, 20.0]",14.0,4.0,250.0,1144.0025314827728,709.8073931505515,37.13340900332769,26.617274189062837,1171.6726658171167,27.67013433434378,1144.0025314827728,2026.4458990867172,0.0,0.0,0.0,3416541628.17324,2684142269.0865183,53682845.38173037,2832.210038746655,5500364.330206227,356935332.75198704,258223665.0278619,620659362.1100552,15.372451026882835,8518242.849420726,130946271.03781502,4862481439.907787,4862481439.907787,37.13340900332769,1.0,825236911.6143736,43538.01011847889,712.4004946203177,2.593101469766136,709.8073931505515,934.4301960508852,765.0504719745354,1526.2108413680535,761.160369393518,1540673674.8191283,1540673674.8191283,30813473.496382564,0.0,0.0,0.0,148218076.03332967,148218076.03332967,15.372451026882835,5285225.849399007,81246875.53590147,2162570363.143751,2162570363.143751,26.617274189062837,1.0,473678612.2912932,0.0
gas-q3000-m2000-r1.35-ua25-25-25,20260926-design-study-component-alternatives:c0306,completed,"[""gas_catalog""]",[],equipment_or_coupling_insufficient,False,diagnostic_agreement_not_released,False,[],[],"[""component_alternatives__plant__gas_boundary__source_adequate_ok__dd6d7a3461399330""]",[],[],3000.0,3170.44843056949,2000.0,1.35,"[25.0, 25.0, 25.0]",14.0,4.0,250.0,1144.0025314827728,706.5315302016129,37.13340900332769,26.740686292543643,1171.6726658171167,27.67013433434378,1144.0025314827728,2026.4458990867172,0.0,0.0,0.0,3416541628.17324,2684142269.0865183,53682845.38173037,2832.210038746655,5500364.330206227,356935332.75198704,258223665.0278619,620659362.1100552,15.372451026882835,8518242.849420726,130946271.03781502,4862481439.907787,4862481439.907787,37.13340900332769,1.0,825236911.6143736,43538.01011847889,712.4004946203177,5.868964418704716,706.5315302016129,1698.8664284030176,765.0504719745354,765.0504719648595,-9.67588675848674e-09,1540673674.8191283,1540673674.8191283,30813473.496382564,0.0,0.0,0.0,148218076.03332967,148218076.03332967,15.372451026882835,5260833.773881209,80871909.5495601,2162570363.143751,2162570363.143751,26.740686292543643,1.0,473678612.2912932,0.0
gas-q3000-m2000-r1.35-ua25-25-40,20260926-design-study-component-alternatives:c0307,completed,"[""gas_catalog""]",[],cooler_no_root,False,diagnostic_agreement_not_released,False,[],[],"[""component_alternatives__plant__gas_boundary__source_adequate_ok__dd6d7a3461399330"", ""component_alternatives__plant__gas_ledger__balance__a530b58ca455c8b8"", ""component_alternatives__plant__water_pre__evaluation_defined_ok__bc4741b386520ff5""]","[""water_pre""]",[],3000.0,3170.44843056949,2000.0,1.35,"[25.0, 25.0, 40.0]",14.0,4.0,250.0,1144.0025314827728,709.8073931505515,37.13340900332769,26.617274189062837,1171.6726658171167,27.67013433434378,1144.0025314827728,2026.4458990867172,0.0,0.0,0.0,3416541628.17324,2684142269.0865183,53682845.38173037,2832.210038746655,5500364.330206227,356935332.75198704,258223665.0278619,620659362.1100552,15.372451026882835,8518242.849420726,130946271.03781502,4862481439.907787,4862481439.907787,37.13340900332769,1.0,825236911.6143736,43538.01011847889,712.4004946203177,2.593101469766136,709.8073931505515,934.4301960508852,765.0504719745354,1526.2108413680535,761.160369393518,1540673674.8191283,1540673674.8191283,30813473.496382564,0.0,0.0,0.0,148218076.03332967,148218076.03332967,15.372451026882835,5285225.849399007,81246875.53590147,2162570363.143751,2162570363.143751,26.617274189062837,1.0,473678612.2912932,0.0
gas-q3000-m2000-r1.35-ua30-30-50,20260926-design-study-component-alternatives:c0308,completed,"[""gas_catalog""]",[],cooler_no_root,False,diagnostic_agreement_not_released,False,[],[],"[""component_alternatives__plant__gas_boundary__source_adequate_ok__dd6d7a3461399330"", ""component_alternatives__plant__gas_ledger__balance__a530b58ca455c8b8"", ""component_alternatives__plant__water_pre__evaluation_defined_ok__bc4741b386520ff5""]","[""water_pre""]",[],3000.0,3170.44843056949,2000.0,1.35,"[30.0, 30.0, 50.0]",14.0,4.0,250.0,1144.0025314827728,710.4298318609364,37.13340900332769,27.056581723237027,1171.6726658171167,27.67013433434378,1144.0025314827728,2026.4458990867172,0.0,0.0,0.0,3416541628.17324,2684142269.0865183,53682845.38173037,2832.210038746655,5500364.330206227,356935332.75198704,258223665.0278619,620659362.1100552,15.372451026882835,8518242.849420726,130946271.03781502,4862481439.907787,4862481439.907787,37.13340900332769,1.0,825236911.6143736,43538.01011847889,712.4004946203177,1.9706627593813408,710.4298318609364,933.8077573405004,765.0504719745354,1526.2108413680535,761.160369393518,1567475215.369684,1567475215.369684,31349504.30739368,0.0,0.0,0.0,150796475.88532883,150796475.88532883,15.372451026882835,5289860.528036532,81318121.90628216,2200190410.9374747,2200190410.9374747,27.056581723237027,1.0,481918719.68246186,0.0
gas-q3000-m2000-r1.35-ua40-40-60,20260926-design-study-component-alternatives:c0309,completed,"[""gas_catalog""]",[],cooler_no_root,False,diagnostic_agreement_not_released,False,[],[],"[""component_alternatives__plant__gas_boundary__source_adequate_ok__dd6d7a3461399330"", ""component_alternatives__plant__gas_ledger__balance__a530b58ca455c8b8"", ""component_alternatives__plant__water_ic1__evaluation_defined_ok__49d1611637350e3c"", ""component_alternatives__plant__water_ic2__evaluation_defined_ok__06ab6aea3f7f761b"", ""component_alternatives__plant__water_pre__evaluation_defined_ok__bc4741b386520ff5""]","[""water_ic1"", ""water_ic2"", ""water_pre""]",[],3000.0,3170.44843056949,2000.0,1.35,"[40.0, 40.0, 60.0]",14.0,4.0,250.0,1144.0025314827728,713.7589322363791,37.13340900332769,27.39085526057579,1171.6726658171167,27.67013433434378,1144.0025314827728,2026.4458990867172,0.0,0.0,0.0,3416541628.17324,2684142269.0865183,53682845.38173037,2832.210038746655,5500364.330206227,356935332.75198704,258223665.0278619,620659362.1100552,15.372451026882835,8518242.849420726,130946271.03781502,4862481439.907787,4862481439.907787,37.13340900332769,1.0,825236911.6143736,43538.01011847889,713.9500586195875,0.19112638320836184,713.7589322363791,14.761535742791798,829.9136332463427,2441.927962590319,1612.0143293439764,1594276755.92024,1594276755.92024,31885535.1184048,0.0,0.0,0.0,153374875.737328,153374875.737328,15.372451026882835,5314649.009432078,81699181.622566,2237810458.7311983,2237810458.7311983,27.39085526057579,1.0,490158827.0736306,0.0
gas-q3000-m2000-r1.5-ua25-25-20,20260926-design-study-component-alternatives:c0310,completed,"[""gas_catalog""]",[],cooler_no_root,False,diagnostic_agreement_not_released,False,[],[],"[""component_alternatives__plant__gas_boundary__source_adequate_ok__dd6d7a3461399330"", ""component_alternatives__plant__gas_ledger__balance__a530b58ca455c8b8"", ""component_alternatives__plant__water_pre__evaluation_defined_ok__bc4741b386520ff5""]","[""water_pre""]",[],3000.0,3170.44843056949,2000.0,1.5,"[25.0, 25.0, 20.0]",14.0,4.0,250.0,1144.0025314827728,781.1179437764254,37.13340900332769,24.187305074020706,1171.6726658171167,27.67013433434378,1144.0025314827728,2026.4458990867172,0.0,0.0,0.0,3416541628.17324,2684142269.0865183,53682845.38173037,2832.210038746655,5500364.330206227,356935332.75198704,258223665.0278619,620659362.1100552,15.372451026882835,8518242.849420726,130946271.03781502,4862481439.907787,4862481439.907787,37.13340900332769,1.0,825236911.6143736,43538.01011847889,785.3907926978807,4.2728489214553065,781.1179437764254,1286.6638969742148,287.36172053781956,1102.6665898188498,815.3048692810303,1540673674.8191283,1540673674.8191283,30813473.496382564,0.0,0.0,0.0,148218076.03332967,148218076.03332967,15.372451026882835,5816204.209359263,89409314.37072508,2162570363.143751,2162570363.143751,24.187305074020706,1.0,473678612.2912932,0.0
gas-q3000-m2000-r1.5-ua25-25-25,20260926-design-study-component-alternatives:c0311,completed,"[""gas_catalog""]",[],equipment_or_coupling_insufficient,False,diagnostic_agreement_not_released,False,[],[],"[""component_alternatives__plant__gas_boundary__source_adequate_ok__dd6d7a3461399330""]",[],[],3000.0,3170.44843056949,2000.0,1.5,"[25.0, 25.0, 25.0]",14.0,4.0,250.0,1144.0025314827728,776.904895220121,37.13340900332769,24.318469507852885,1171.6726658171167,27.67013433434378,1144.0025314827728,2026.4458990867172,0.0,0.0,0.0,3416541628.17324,2684142269.0865183,53682845.38173037,2832.210038746655,5500364.330206227,356935332.75198704,258223665.0278619,620659362.1100552,15.372451026882835,8518242.849420726,130946271.03781502,4862481439.907787,4862481439.907787,37.13340900332769,1.0,825236911.6143736,43538.01011847889,785.3907926978807,8.485897477759668,776.904895220121,2106.18181481495,287.36172053781956,287.36172053441896,-3.4006006899289787e-09,1540673674.8191283,1540673674.8191283,30813473.496382564,0.0,0.0,0.0,148218076.03332967,148218076.03332967,15.372451026882835,5784833.849809021,88927075.05484326,2162570363.143751,2162570363.143751,24.318469507852885,1.0,473678612.2912932,0.0
gas-q3000-m2000-r1.5-ua25-25-40,20260926-design-study-component-alternatives:c0312,completed,"[""gas_catalog""]",[],cooler_no_root,False,diagnostic_agreement_not_released,False,[],[],"[""component_alternatives__plant__gas_boundary__source_adequate_ok__dd6d7a3461399330"", ""component_alternatives__plant__gas_ledger__balance__a530b58ca455c8b8"", ""component_alternatives__plant__water_pre__evaluation_defined_ok__bc4741b386520ff5""]","[""water_pre""]",[],3000.0,3170.44843056949,2000.0,1.5,"[25.0, 25.0, 40.0]",14.0,4.0,250.0,1144.0025314827728,781.1179437764254,37.13340900332769,24.187305074020706,1171.6726658171167,27.67013433434378,1144.0025314827728,2026.4458990867172,0.0,0.0,0.0,3416541628.17324,2684142269.0865183,53682845.38173037,2832.210038746655,5500364.330206227,356935332.75198704,258223665.0278619,620659362.1100552,15.372451026882835,8518242.849420726,130946271.03781502,4862481439.907787,4862481439.907787,37.13340900332769,1.0,825236911.6143736,43538.01011847889,785.3907926978807,4.2728489214553065,781.1179437764254,1286.6638969742148,287.36172053781956,1102.6665898188498,815.3048692810303,1540673674.8191283,1540673674.8191283,30813473.496382564,0.0,0.0,0.0,148218076.03332967,148218076.03332967,15.372451026882835,5816204.209359263,89409314.37072508,2162570363.143751,2162570363.143751,24.187305074020706,1.0,473678612.2912932,0.0
gas-q3000-m2000-r1.5-ua30-30-50,20260926-design-study-component-alternatives:c0313,completed,"[""gas_catalog""]",[],cooler_no_root,False,diagnostic_agreement_not_released,False,[],[],"[""component_alternatives__plant__gas_boundary__source_adequate_ok__dd6d7a3461399330"", ""component_alternatives__plant__gas_ledger__balance__a530b58ca455c8b8"", ""component_alternatives__plant__water_pre__evaluation_defined_ok__bc4741b386520ff5""]","[""water_pre""]",[],3000.0,3170.44843056949,2000.0,1.5,"[30.0, 30.0, 50.0]",14.0,4.0,250.0,1144.0025314827728,782.7745450127306,37.13340900332769,24.55598860085359,1171.6726658171167,27.67013433434378,1144.0025314827728,2026.4458990867172,0.0,0.0,0.0,3416541628.17324,2684142269.0865183,53682845.38173037,2832.210038746655,5500364.330206227,356935332.75198704,258223665.0278619,620659362.1100552,15.372451026882835,8518242.849420726,130946271.03781502,4862481439.907787,4862481439.907787,37.13340900332769,1.0,825236911.6143736,43538.01011847889,785.3907926978807,2.6162476851500247,782.7745450127306,1285.0072957379095,287.36172053781956,1102.6665898188496,815.30486928103,1567475215.369684,1567475215.369684,31349504.30739368,0.0,0.0,0.0,150796475.88532883,150796475.88532883,15.372451026882835,5828539.262164792,89598934.36589208,2200190410.9374747,2200190410.9374747,24.55598860085359,1.0,481918719.68246186,0.0
gas-q3000-m2000-r1.5-ua40-40-60,20260926-design-study-component-alternatives:c0314,completed,"[""gas_catalog""]",[],cooler_no_root,False,diagnostic_agreement_not_released,False,[],[],"[""component_alternatives__plant__gas_boundary__source_adequate_ok__dd6d7a3461399330"", ""component_alternatives__plant__gas_ledger__balance__a530b58ca455c8b8"", ""component_alternatives__plant__water_ic1__evaluation_defined_ok__49d1611637350e3c"", ""component_alternatives__plant__water_ic2__evaluation_defined_ok__06ab6aea3f7f761b"", ""component_alternatives__plant__water_pre__evaluation_defined_ok__bc4741b386520ff5""]","[""water_ic1"", ""water_ic2"", ""water_pre""]",[],3000.0,3170.44843056949,2000.0,1.5,"[40.0, 40.0, 60.0]",14.0,4.0,250.0,1144.0025314827728,786.3880509407417,37.13340900332769,24.861094443693435,1171.6726658171167,27.67013433434378,1144.0025314827728,2026.4458990867172,0.0,0.0,0.0,3416541628.17324,2684142269.0865183,53682845.38173037,2832.210038746655,5500364.330206227,356935332.75198704,258223665.0278619,620659362.1100552,15.372451026882835,8518242.849420726,130946271.03781502,4862481439.907787,4862481439.907787,37.13340900332769,1.0,825236911.6143736,43538.01011847889,786.588385458425,0.20033451768336086,786.3880509407417,16.25315871071246,326.1752719659121,2367.807220918036,2041.6319489521236,1594276755.92024,1594276755.92024,31885535.1184048,0.0,0.0,0.0,153374875.737328,153374875.737328,15.372451026882835,5855445.427304762,90012548.0718275,2237810458.7311983,2237810458.7311983,24.861094443693435,1.0,490158827.0736306,0.0
gas-q3000-m2000-r1.65-ua25-25-20,20260926-design-study-component-alternatives:c0315,completed,"[""gas_catalog""]",[],cooler_no_root,False,diagnostic_agreement_not_released,False,[],[],"[""component_alternatives__plant__gas_ledger__balance__a530b58ca455c8b8"", ""component_alternatives__plant__water_pre__evaluation_defined_ok__bc4741b386520ff5""]","[""water_pre""]",[],3000.0,3170.44843056949,2000.0,1.65,"[25.0, 25.0, 20.0]",14.0,4.0,250.0,1144.0025314827728,688.4013437407721,37.13340900332769,27.444946435239167,1171.6726658171167,27.67013433434378,1144.0025314827728,2026.4458990867172,0.0,0.0,0.0,3416541628.17324,2684142269.0865183,53682845.38173037,2832.210038746655,5500364.330206227,356935332.75198704,258223665.0278619,620659362.1100552,15.372451026882835,8518242.849420726,130946271.03781502,4862481439.907787,4862481439.907787,37.13340900332769,1.0,825236911.6143736,43538.01011847889,696.3104276927459,7.90908395197378,688.4013437407721,1617.1756539755202,0.0,864.8714328531978,864.8714328531978,1540673674.8191283,1540673674.8191283,30813473.496382564,0.0,0.0,0.0,148218076.03332967,148218076.03332967,15.372451026882835,5125836.405493788,78796669.11526641,2162570363.143751,2162570363.143751,27.444946435239167,1.0,473678612.2912932,0.0
gas-q3000-m2000-r1.65-ua25-25-25,20260926-design-study-component-alternatives:c0316,completed,"[""gas_catalog"", ""steam_connector_catalog""]","[""steam-q3000-n14-k4-pump250""]",pass,True,diagnostic_agreement_not_released,False,[],[],[],[],[],3000.0,3170.44843056949,2000.0,1.65,"[25.0, 25.0, 25.0]",14.0,4.0,250.0,1144.0025314827728,682.8340513797204,37.13340900332769,27.66871096533201,1171.6726658171167,27.67013433434378,1144.0025314827728,2026.4458990867172,0.0,0.0,0.0,3416541628.17324,2684142269.0865183,53682845.38173037,2832.210038746655,5500364.330206227,356935332.75198704,258223665.0278619,620659362.1100552,15.372451026882835,8518242.849420726,130946271.03781502,4862481439.907787,4862481439.907787,37.13340900332769,1.0,825236911.6143736,43538.01011847889,696.3104276927459,13.476376313025407,682.8340513797204,2487.6143791862573,0.0,3.5120137908961624e-09,3.5120137908961624e-09,1540673674.8191283,1540673674.8191283,30813473.496382564,0.0,0.0,0.0,148218076.03332967,148218076.03332967,15.372451026882835,5084382.346573398,78159418.6246472,2162570363.143751,2162570363.143751,27.66871096533201,1.0,473678612.2912932,0.0
gas-q3000-m2000-r1.65-ua25-25-40,20260926-design-study-component-alternatives:c0317,completed,"[""gas_catalog""]",[],cooler_no_root,False,diagnostic_agreement_not_released,False,[],[],"[""component_alternatives__plant__gas_ledger__balance__a530b58ca455c8b8"", ""component_alternatives__plant__water_pre__evaluation_defined_ok__bc4741b386520ff5""]","[""water_pre""]",[],3000.0,3170.44843056949,2000.0,1.65,"[25.0, 25.0, 40.0]",14.0,4.0,250.0,1144.0025314827728,688.4013437407721,37.13340900332769,27.444946435239167,1171.6726658171167,27.67013433434378,1144.0025314827728,2026.4458990867172,0.0,0.0,0.0,3416541628.17324,2684142269.0865183,53682845.38173037,2832.210038746655,5500364.330206227,356935332.75198704,258223665.0278619,620659362.1100552,15.372451026882835,8518242.849420726,130946271.03781502,4862481439.907787,4862481439.907787,37.13340900332769,1.0,825236911.6143736,43538.01011847889,696.3104276927459,7.90908395197378,688.4013437407721,1617.1756539755202,0.0,864.8714328531978,864.8714328531978,1540673674.8191283,1540673674.8191283,30813473.496382564,0.0,0.0,0.0,148218076.03332967,148218076.03332967,15.372451026882835,5125836.405493788,78796669.11526641,2162570363.143751,2162570363.143751,27.444946435239167,1.0,473678612.2912932,0.0
gas-q3000-m2000-r1.65-ua30-30-50,20260926-design-study-component-alternatives:c0318,completed,"[""gas_catalog""]",[],cooler_no_root,False,diagnostic_agreement_not_released,False,[],[],"[""component_alternatives__plant__gas_ledger__balance__a530b58ca455c8b8"", ""component_alternatives__plant__water_pre__evaluation_defined_ok__bc4741b386520ff5""]","[""water_pre""]",[],3000.0,3170.44843056949,2000.0,1.65,"[30.0, 30.0, 50.0]",14.0,4.0,250.0,1144.0025314827728,692.9365677927299,37.13340900332769,27.739628268717034,1171.6726658171167,27.67013433434378,1144.0025314827728,2026.4458990867172,0.0,0.0,0.0,3416541628.17324,2684142269.0865183,53682845.38173037,2832.210038746655,5500364.330206227,356935332.75198704,258223665.0278619,620659362.1100552,15.372451026882835,8518242.849420726,130946271.03781502,4862481439.907787,4862481439.907787,37.13340900332769,1.0,825236911.6143736,43538.01011847889,696.3104276927459,3.373859900015964,692.9365677927299,1612.6404299235624,0.0,864.8714328531978,864.8714328531978,1567475215.369684,1567475215.369684,31349504.30739368,0.0,0.0,0.0,150796475.88532883,150796475.88532883,15.372451026882835,5159605.6837846665,79315785.69200611,2200190410.9374747,2200190410.9374747,27.739628268717034,1.0,481918719.68246186,0.0
gas-q3000-m2000-r1.65-ua40-40-60,20260926-design-study-component-alternatives:c0319,completed,"[""gas_catalog""]",[],cooler_no_root,False,diagnostic_agreement_not_released,False,[],[],"[""component_alternatives__plant__gas_ledger__balance__a530b58ca455c8b8"", ""component_alternatives__plant__water_ic1__evaluation_defined_ok__49d1611637350e3c"", ""component_alternatives__plant__water_ic2__evaluation_defined_ok__06ab6aea3f7f761b"", ""component_alternatives__plant__water_pre__evaluation_defined_ok__bc4741b386520ff5""]","[""water_ic1"", ""water_ic2"", ""water_pre""]",[],3000.0,3170.44843056949,2000.0,1.65,"[40.0, 40.0, 60.0]",14.0,4.0,250.0,1144.0025314827728,708.6555355573249,37.13340900332769,27.588111039666458,1171.6726658171167,27.67013433434378,1144.0025314827728,2026.4458990867172,0.0,0.0,0.0,3416541628.17324,2684142269.0865183,53682845.38173037,2832.210038746655,5500364.330206227,356935332.75198704,258223665.0278619,620659362.1100552,15.372451026882835,8518242.849420726,130946271.03781502,4862481439.907787,4862481439.907787,37.13340900332769,1.0,825236911.6143736,43538.01011847889,708.8460149168087,0.19047935948374162,708.6555355573249,14.656724561867643,0.0,2447.1361704502974,2447.1361704502974,1594276755.92024,1594276755.92024,31885535.1184048,0.0,0.0,0.0,153374875.737328,153374875.737328,15.372451026882835,5276649.1177598415,81115030.14880769,2237810458.7311983,2237810458.7311983,27.588111039666458,1.0,490158827.0736306,0.0
gas-q3000-m2000-r1.8-ua25-25-20,20260926-design-study-component-alternatives:c0320,completed,"[""gas_catalog""]",[],cooler_no_root,False,diagnostic_agreement_not_released,False,[],[],"[""component_alternatives__plant__gas_ledger__balance__a530b58ca455c8b8"", ""component_alternatives__plant__water_pre__evaluation_defined_ok__bc4741b386520ff5""]","[""water_pre""]",[],3000.0,3170.44843056949,2000.0,1.8,"[25.0, 25.0, 20.0]",14.0,4.0,250.0,1144.0025314827728,491.00256175716254,37.13340900332769,38.4786953805268,1171.6726658171167,27.67013433434378,1144.0025314827728,2026.4458990867172,0.0,0.0,0.0,3416541628.17324,2684142269.0865183,53682845.38173037,2832.210038746655,5500364.330206227,356935332.75198704,258223665.0278619,620659362.1100552,15.372451026882835,8518242.849420726,130946271.03781502,4862481439.907787,4862481439.907787,37.13340900332769,1.0,825236911.6143736,43538.01011847889,514.5156772154253,23.51311545826274,491.00256175716254,1940.2840160493095,0.0,739.1618527630183,739.1618527630183,1540673674.8191283,1540673674.8191283,30813473.496382564,0.0,0.0,0.0,148218076.03332967,148218076.03332967,15.372451026882835,3656005.074843832,56201758.96707192,2162570363.143751,2162570363.143751,38.4786953805268,1.0,473678612.2912932,0.0
gas-q3000-m2000-r1.8-ua25-25-25,20260926-design-study-component-alternatives:c0321,completed,"[""gas_catalog""]",[],pass,True,diagnostic_agreement_not_released,False,[],[],[],[],[],3000.0,3170.44843056949,2000.0,1.8,"[25.0, 25.0, 25.0]",14.0,4.0,250.0,1144.0025314827728,488.012801949217,37.13340900332769,38.71443111625212,1171.6726658171167,27.67013433434378,1144.0025314827728,2026.4458990867172,0.0,0.0,0.0,3416541628.17324,2684142269.0865183,53682845.38173037,2832.210038746655,5500364.330206227,356935332.75198704,258223665.0278619,620659362.1100552,15.372451026882835,8518242.849420726,130946271.03781502,4862481439.907787,4862481439.907787,37.13340900332769,1.0,825236911.6143736,43538.01011847889,514.5156772154253,26.50287526620825,488.012801949217,2682.435628624354,0.0,-4.0813574742060155e-09,-4.0813574742060155e-09,1540673674.8191283,1540673674.8191283,30813473.496382564,0.0,0.0,0.0,148218076.03332967,148218076.03332967,15.372451026882835,3633743.32331387,55859541.28190495,2162570363.143751,2162570363.143751,38.71443111625212,1.0,473678612.2912932,0.0
gas-q3000-m2000-r1.8-ua25-25-40,20260926-design-study-component-alternatives:c0322,completed,"[""gas_catalog""]",[],cooler_no_root,False,diagnostic_agreement_not_released,False,[],[],"[""component_alternatives__plant__gas_ledger__balance__a530b58ca455c8b8"", ""component_alternatives__plant__water_pre__evaluation_defined_ok__bc4741b386520ff5""]","[""water_pre""]",[],3000.0,3170.44843056949,2000.0,1.8,"[25.0, 25.0, 40.0]",14.0,4.0,250.0,1144.0025314827728,491.00256175716254,37.13340900332769,38.4786953805268,1171.6726658171167,27.67013433434378,1144.0025314827728,2026.4458990867172,0.0,0.0,0.0,3416541628.17324,2684142269.0865183,53682845.38173037,2832.210038746655,5500364.330206227,356935332.75198704,258223665.0278619,620659362.1100552,15.372451026882835,8518242.849420726,130946271.03781502,4862481439.907787,4862481439.907787,37.13340900332769,1.0,825236911.6143736,43538.01011847889,514.5156772154253,23.51311545826274,491.00256175716254,1940.2840160493095,0.0,739.1618527630183,739.1618527630183,1540673674.8191283,1540673674.8191283,30813473.496382564,0.0,0.0,0.0,148218076.03332967,148218076.03332967,15.372451026882835,3656005.074843832,56201758.96707192,2162570363.143751,2162570363.143751,38.4786953805268,1.0,473678612.2912932,0.0
gas-q3000-m2000-r1.8-ua30-30-50,20260926-design-study-component-alternatives:c0323,completed,"[""gas_catalog""]",[],cooler_no_root,False,diagnostic_agreement_not_released,False,[],[],"[""component_alternatives__plant__gas_ledger__balance__a530b58ca455c8b8"", ""component_alternatives__plant__water_pre__evaluation_defined_ok__bc4741b386520ff5""]","[""water_pre""]",[],3000.0,3170.44843056949,2000.0,1.8,"[30.0, 30.0, 50.0]",14.0,4.0,250.0,1144.0025314827728,510.1760447149328,37.13340900332769,37.676803925812294,1171.6726658171167,27.67013433434378,1144.0025314827728,2026.4458990867172,0.0,0.0,0.0,3416541628.17324,2684142269.0865183,53682845.38173037,2832.210038746655,5500364.330206227,356935332.75198704,258223665.0278619,620659362.1100552,15.372451026882835,8518242.849420726,130946271.03781502,4862481439.907787,4862481439.907787,37.13340900332769,1.0,825236911.6143736,43538.01011847889,514.5156772154253,4.339632500492457,510.1760447149328,1921.110533091539,0.0,739.1618527630183,739.1618527630183,1567475215.369684,1567475215.369684,31349504.30739368,0.0,0.0,0.0,150796475.88532883,150796475.88532883,15.372451026882835,3798770.828947389,58396418.53034485,2200190410.9374747,2200190410.9374747,37.676803925812294,1.0,481918719.68246186,0.0
gas-q3000-m2000-r1.8-ua40-40-60,20260926-design-study-component-alternatives:c0324,completed,"[""gas_catalog""]",[],cooler_no_root,False,diagnostic_agreement_not_released,False,[],[],"[""component_alternatives__plant__gas_ledger__balance__a530b58ca455c8b8"", ""component_alternatives__plant__water_ic1__evaluation_defined_ok__49d1611637350e3c"", ""component_alternatives__plant__water_ic2__evaluation_defined_ok__06ab6aea3f7f761b"", ""component_alternatives__plant__water_pre__evaluation_defined_ok__bc4741b386520ff5""]","[""water_ic1"", ""water_ic2"", ""water_pre""]",[],3000.0,3170.44843056949,2000.0,1.8,"[40.0, 40.0, 60.0]",14.0,4.0,250.0,1144.0025314827728,514.3498325076467,37.13340900332769,38.01005924025284,1171.6726658171167,27.67013433434378,1144.0025314827728,2026.4458990867172,0.0,0.0,0.0,3416541628.17324,2684142269.0865183,53682845.38173037,2832.210038746655,5500364.330206227,356935332.75198704,258223665.0278619,620659362.1100552,15.372451026882835,8518242.849420726,130946271.03781502,4862481439.907787,4862481439.907787,37.13340900332769,1.0,825236911.6143736,43538.01011847889,514.5156772154253,0.16584470777849875,514.3498325076467,10.666164650950416,0.0,2645.432433410893,2645.432433410893,1594276755.92024,1594276755.92024,31885535.1184048,0.0,0.0,0.0,153374875.737328,153374875.737328,15.372451026882835,3829848.8528519375,58874163.930829816,2237810458.7311983,2237810458.7311983,38.01005924025284,1.0,490158827.0736306,0.0
gas-q3000-m2250-r1.2-ua25-25-20,20260926-design-study-component-alternatives:c0325,completed,"[""gas_catalog""]",[],cooler_no_root,False,diagnostic_agreement_not_released,False,[],[],"[""component_alternatives__plant__gas_boundary__source_adequate_ok__dd6d7a3461399330"", ""component_alternatives__plant__gas_ledger__balance__a530b58ca455c8b8"", ""component_alternatives__plant__water_pre__evaluation_defined_ok__bc4741b386520ff5""]","[""water_pre""]",[],3000.0,3170.44843056949,2250.0,1.2,"[25.0, 25.0, 20.0]",14.0,4.0,250.0,1144.0025314827728,546.1193242307722,37.13340900332769,34.59525632337545,1171.6726658171167,27.67013433434378,1144.0025314827728,2026.4458990867172,0.0,0.0,0.0,3416541628.17324,2684142269.0865183,53682845.38173037,2832.210038746655,5500364.330206227,356935332.75198704,258223665.0278619,620659362.1100552,15.372451026882835,8518242.849420726,130946271.03781502,4862481439.907787,4862481439.907787,37.13340900332769,1.0,825236911.6143736,43538.01011847889,548.0672644634362,1.9479402326640216,546.1193242307722,625.2486622186668,1144.4777496963036,1999.080444120051,854.6026944237474,1540673674.8191283,1540673674.8191283,30813473.496382564,0.0,0.0,0.0,148218076.03332967,148218076.03332967,15.372451026882835,4066404.4882223303,62510603.850694336,2162570363.143751,2162570363.143751,34.59525632337545,1.0,473678612.2912932,0.0
gas-q3000-m2250-r1.2-ua25-25-25,20260926-design-study-component-alternatives:c0326,completed,"[""gas_catalog""]",[],equipment_or_coupling_insufficient,False,diagnostic_agreement_not_released,False,[],[],"[""component_alternatives__plant__gas_boundary__source_adequate_ok__dd6d7a3461399330"", ""component_alternatives__plant__water_pre__flow_margin_ok__129a83656acb8a06"", ""component_alternatives__plant__water_pre__power_margin_ok__d793d504da406d97""]",[],[],3000.0,3170.44843056949,2250.0,1.2,"[25.0, 25.0, 25.0]",14.0,4.0,250.0,1144.0025314827728,490.38341994394676,37.13340900332769,38.52727730287401,1171.6726658171167,27.67013433434378,1144.0025314827728,2026.4458990867172,0.0,0.0,0.0,3416541628.17324,2684142269.0865183,53682845.38173037,2832.210038746655,5500364.330206227,356935332.75198704,258223665.0278619,620659362.1100552,15.372451026882835,8518242.849420726,130946271.03781502,4862481439.907787,4862481439.907787,37.13340900332769,1.0,825236911.6143736,43538.01011847889,548.0672644634362,57.68384451948948,490.38341994394676,1535.5872609263113,1144.4777496963036,1144.4777496992322,2.9283455660333857e-09,1540673674.8191283,1540673674.8191283,30813473.496382564,0.0,0.0,0.0,148218076.03332967,148218076.03332967,15.372451026882835,3651394.9449026273,56130889.97032319,2162570363.143751,2162570363.143751,38.52727730287401,1.0,473678612.2912932,0.0
gas-q3000-m2250-r1.2-ua25-25-40,20260926-design-study-component-alternatives:c0327,completed,"[""gas_catalog""]",[],cooler_no_root,False,diagnostic_agreement_not_released,False,[],[],"[""component_alternatives__plant__gas_boundary__source_adequate_ok__dd6d7a3461399330"", ""component_alternatives__plant__gas_ledger__balance__a530b58ca455c8b8"", ""component_alternatives__plant__water_pre__evaluation_defined_ok__bc4741b386520ff5""]","[""water_pre""]",[],3000.0,3170.44843056949,2250.0,1.2,"[25.0, 25.0, 40.0]",14.0,4.0,250.0,1144.0025314827728,546.1193242307722,37.13340900332769,34.59525632337545,1171.6726658171167,27.67013433434378,1144.0025314827728,2026.4458990867172,0.0,0.0,0.0,3416541628.17324,2684142269.0865183,53682845.38173037,2832.210038746655,5500364.330206227,356935332.75198704,258223665.0278619,620659362.1100552,15.372451026882835,8518242.849420726,130946271.03781502,4862481439.907787,4862481439.907787,37.13340900332769,1.0,825236911.6143736,43538.01011847889,548.0672644634362,1.9479402326640216,546.1193242307722,625.2486622186668,1144.4777496963036,1999.080444120051,854.6026944237474,1540673674.8191283,1540673674.8191283,30813473.496382564,0.0,0.0,0.0,148218076.03332967,148218076.03332967,15.372451026882835,4066404.4882223303,62510603.850694336,2162570363.143751,2162570363.143751,34.59525632337545,1.0,473678612.2912932,0.0
gas-q3000-m2250-r1.2-ua30-30-50,20260926-design-study-component-alternatives:c0328,completed,"[""gas_catalog""]",[],cooler_no_root,False,diagnostic_agreement_not_released,False,[],[],"[""component_alternatives__plant__gas_boundary__source_adequate_ok__dd6d7a3461399330"", ""component_alternatives__plant__gas_ledger__balance__a530b58ca455c8b8"", ""component_alternatives__plant__water_pre__evaluation_defined_ok__bc4741b386520ff5""]","[""water_pre""]",[],3000.0,3170.44843056949,2250.0,1.2,"[30.0, 30.0, 50.0]",14.0,4.0,250.0,1144.0025314827728,546.4246519921212,37.13340900332769,35.17740778036515,1171.6726658171167,27.67013433434378,1144.0025314827728,2026.4458990867172,0.0,0.0,0.0,3416541628.17324,2684142269.0865183,53682845.38173037,2832.210038746655,5500364.330206227,356935332.75198704,258223665.0278619,620659362.1100552,15.372451026882835,8518242.849420726,130946271.03781502,4862481439.907787,4862481439.907787,37.13340900332769,1.0,825236911.6143736,43538.01011847889,548.0672644634362,1.6426124713150423,546.4246519921212,624.9433344573179,1144.4777496963036,1999.080444120051,854.6026944237474,1567475215.369684,1567475215.369684,31349504.30739368,0.0,0.0,0.0,150796475.88532883,150796475.88532883,15.372451026882835,4068677.9587333347,62545552.66478581,2200190410.9374747,2200190410.9374747,35.17740778036515,1.0,481918719.68246186,0.0
gas-q3000-m2250-r1.2-ua40-40-60,20260926-design-study-component-alternatives:c0329,completed,"[""gas_catalog""]",[],cooler_no_root,False,diagnostic_agreement_not_released,False,[],[],"[""component_alternatives__plant__gas_boundary__source_adequate_ok__dd6d7a3461399330"", ""component_alternatives__plant__gas_ledger__balance__a530b58ca455c8b8"", ""component_alternatives__plant__water_pre__evaluation_defined_ok__bc4741b386520ff5""]","[""water_pre""]",[],3000.0,3170.44843056949,2250.0,1.2,"[40.0, 40.0, 60.0]",14.0,4.0,250.0,1144.0025314827728,549.3289048514544,37.13340900332769,35.589730362207106,1171.6726658171167,27.67013433434378,1144.0025314827728,2026.4458990867172,0.0,0.0,0.0,3416541628.17324,2684142269.0865183,53682845.38173037,2832.210038746655,5500364.330206227,356935332.75198704,258223665.0278619,620659362.1100552,15.372451026882835,8518242.849420726,130946271.03781502,4862481439.907787,4862481439.907787,37.13340900332769,1.0,825236911.6143736,43538.01011847889,550.7428717377105,1.4139668862561934,549.3289048514544,624.7692931023461,1259.6945331368343,1996.3502326156895,736.6556994788554,1594276755.92024,1594276755.92024,31885535.1184048,0.0,0.0,0.0,153374875.737328,153374875.737328,15.372451026882835,4090303.025523929,62877982.94497729,2237810458.7311983,2237810458.7311983,35.589730362207106,1.0,490158827.0736306,0.0
gas-q3000-m2250-r1.35-ua25-25-20,20260926-design-study-component-alternatives:c0330,completed,"[""gas_catalog""]",[],cooler_no_root,False,diagnostic_agreement_not_released,False,[],[],"[""component_alternatives__plant__gas_boundary__source_adequate_ok__dd6d7a3461399330"", ""component_alternatives__plant__gas_ledger__balance__a530b58ca455c8b8"", ""component_alternatives__plant__water_pre__evaluation_defined_ok__bc4741b386520ff5""]","[""water_pre""]",[],3000.0,3170.44843056949,2250.0,1.35,"[25.0, 25.0, 20.0]",14.0,4.0,250.0,1144.0025314827728,762.5499081727653,37.13340900332769,24.776264218802677,1171.6726658171167,27.67013433434378,1144.0025314827728,2026.4458990867172,0.0,0.0,0.0,3416541628.17324,2684142269.0865183,53682845.38173037,2832.210038746655,5500364.330206227,356935332.75198704,258223665.0278619,620659362.1100552,15.372451026882835,8518242.849420726,130946271.03781502,4862481439.907787,4862481439.907787,37.13340900332769,1.0,825236911.6143736,43538.01011847889,766.5075123385038,3.9576041657384864,762.5499081727653,1051.561212220327,480.203951948693,1356.3373101763978,876.1333582277048,1540673674.8191283,1540673674.8191283,30813473.496382564,0.0,0.0,0.0,148218076.03332967,148218076.03332967,15.372451026882835,5677946.616254411,87283956.29162604,2162570363.143751,2162570363.143751,24.776264218802677,1.0,473678612.2912932,0.0
gas-q3000-m2250-r1.35-ua25-25-25,20260926-design-study-component-alternatives:c0331,completed,"[""gas_catalog""]",[],cooler_no_root,False,diagnostic_agreement_not_released,False,[],[],"[""component_alternatives__plant__gas_boundary__source_adequate_ok__dd6d7a3461399330"", ""component_alternatives__plant__gas_ledger__balance__a530b58ca455c8b8"", ""component_alternatives__plant__water_pre__evaluation_defined_ok__bc4741b386520ff5""]","[""water_pre""]",[],3000.0,3170.44843056949,2250.0,1.35,"[25.0, 25.0, 25.0]",14.0,4.0,250.0,1144.0025314827728,762.5499081727653,37.13340900332769,24.776264218802677,1171.6726658171167,27.67013433434378,1144.0025314827728,2026.4458990867172,0.0,0.0,0.0,3416541628.17324,2684142269.0865183,53682845.38173037,2832.210038746655,5500364.330206227,356935332.75198704,258223665.0278619,620659362.1100552,15.372451026882835,8518242.849420726,130946271.03781502,4862481439.907787,4862481439.907787,37.13340900332769,1.0,825236911.6143736,43538.01011847889,766.5075123385038,3.9576041657384864,762.5499081727653,1051.561212220327,480.203951948693,1356.3373101763978,876.1333582277048,1540673674.8191283,1540673674.8191283,30813473.496382564,0.0,0.0,0.0,148218076.03332967,148218076.03332967,15.372451026882835,5677946.616254411,87283956.29162604,2162570363.143751,2162570363.143751,24.776264218802677,1.0,473678612.2912932,0.0
gas-q3000-m2250-r1.35-ua25-25-40,20260926-design-study-component-alternatives:c0332,completed,"[""gas_catalog""]",[],cooler_no_root,False,diagnostic_agreement_not_released,False,[],[],"[""component_alternatives__plant__gas_boundary__source_adequate_ok__dd6d7a3461399330"", ""component_alternatives__plant__gas_ledger__balance__a530b58ca455c8b8"", ""component_alternatives__plant__water_pre__evaluation_defined_ok__bc4741b386520ff5""]","[""water_pre""]",[],3000.0,3170.44843056949,2250.0,1.35,"[25.0, 25.0, 40.0]",14.0,4.0,250.0,1144.0025314827728,762.5499081727653,37.13340900332769,24.776264218802677,1171.6726658171167,27.67013433434378,1144.0025314827728,2026.4458990867172,0.0,0.0,0.0,3416541628.17324,2684142269.0865183,53682845.38173037,2832.210038746655,5500364.330206227,356935332.75198704,258223665.0278619,620659362.1100552,15.372451026882835,8518242.849420726,130946271.03781502,4862481439.907787,4862481439.907787,37.13340900332769,1.0,825236911.6143736,43538.01011847889,766.5075123385038,3.9576041657384864,762.5499081727653,1051.561212220327,480.203951948693,1356.3373101763978,876.1333582277048,1540673674.8191283,1540673674.8191283,30813473.496382564,0.0,0.0,0.0,148218076.03332967,148218076.03332967,15.372451026882835,5677946.616254411,87283956.29162604,2162570363.143751,2162570363.143751,24.776264218802677,1.0,473678612.2912932,0.0
gas-q3000-m2250-r1.35-ua30-30-50,20260926-design-study-component-alternatives:c0333,completed,"[""gas_catalog""]",[],cooler_no_root,False,diagnostic_agreement_not_released,False,[],[],"[""component_alternatives__plant__gas_boundary__source_adequate_ok__dd6d7a3461399330"", ""component_alternatives__plant__gas_ledger__balance__a530b58ca455c8b8"", ""component_alternatives__plant__water_pre__evaluation_defined_ok__bc4741b386520ff5""]","[""water_pre""]",[],3000.0,3170.44843056949,2250.0,1.35,"[30.0, 30.0, 50.0]",14.0,4.0,250.0,1144.0025314827728,763.9282092844944,37.13340900332769,25.161792130145802,1171.6726658171167,27.67013433434378,1144.0025314827728,2026.4458990867172,0.0,0.0,0.0,3416541628.17324,2684142269.0865183,53682845.38173037,2832.210038746655,5500364.330206227,356935332.75198704,258223665.0278619,620659362.1100552,15.372451026882835,8518242.849420726,130946271.03781502,4862481439.907787,4862481439.907787,37.13340900332769,1.0,825236911.6143736,43538.01011847889,766.5075123385038,2.5793030540094626,763.9282092844944,1050.1829111085979,480.203951948693,1356.3373101763975,876.1333582277048,1567475215.369684,1567475215.369684,31349504.30739368,0.0,0.0,0.0,150796475.88532883,150796475.88532883,15.372451026882835,5688209.446332345,87441721.1443963,2200190410.9374747,2200190410.9374747,25.161792130145802,1.0,481918719.68246186,0.0
gas-q3000-m2250-r1.35-ua40-40-60,20260926-design-study-component-alternatives:c0334,completed,"[""gas_catalog""]",[],cooler_no_root,False,diagnostic_agreement_not_released,False,[],[],"[""component_alternatives__plant__gas_boundary__source_adequate_ok__dd6d7a3461399330"", ""component_alternatives__plant__gas_ledger__balance__a530b58ca455c8b8"", ""component_alternatives__plant__water_ic1__evaluation_defined_ok__49d1611637350e3c"", ""component_alternatives__plant__water_ic2__evaluation_defined_ok__06ab6aea3f7f761b"", ""component_alternatives__plant__water_pre__evaluation_defined_ok__bc4741b386520ff5""]","[""water_ic1"", ""water_ic2"", ""water_pre""]",[],3000.0,3170.44843056949,2250.0,1.35,"[40.0, 40.0, 60.0]",14.0,4.0,250.0,1144.0025314827728,769.0770137467397,37.13340900332769,25.420689026428025,1171.6726658171167,27.67013433434378,1144.0025314827728,2026.4458990867172,0.0,0.0,0.0,3416541628.17324,2684142269.0865183,53682845.38173037,2832.210038746655,5500364.330206227,356935332.75198704,258223665.0278619,620659362.1100552,15.372451026882835,8518242.849420726,130946271.03781502,4862481439.907787,4862481439.907787,37.13340900332769,1.0,825236911.6143736,43538.01011847889,769.275153519929,0.19813977318931147,769.0770137467397,15.897632702167513,554.9664820660796,2385.473784120583,1830.507302054503,1594276755.92024,1594276755.92024,31885535.1184048,0.0,0.0,0.0,153374875.737328,153374875.737328,15.372451026882835,5726547.444358224,88031070.14151786,2237810458.7311983,2237810458.7311983,25.420689026428025,1.0,490158827.0736306,0.0
gas-q3000-m2250-r1.5-ua25-25-20,20260926-design-study-component-alternatives:c0335,completed,"[""gas_catalog""]",[],cooler_no_root,False,diagnostic_agreement_not_released,False,[],[],"[""component_alternatives__plant__gas_ledger__balance__a530b58ca455c8b8"", ""component_alternatives__plant__water_pre__evaluation_defined_ok__bc4741b386520ff5""]","[""water_pre""]",[],3000.0,3170.44843056949,2250.0,1.5,"[25.0, 25.0, 20.0]",14.0,4.0,250.0,1144.0025314827728,802.3802183574618,37.13340900332769,23.54636564145108,1171.6726658171167,27.67013433434378,1144.0025314827728,2026.4458990867172,0.0,0.0,0.0,3416541628.17324,2684142269.0865183,53682845.38173037,2832.210038746655,5500364.330206227,356935332.75198704,258223665.0278619,620659362.1100552,15.372451026882835,8518242.849420726,130946271.03781502,4862481439.907787,4862481439.907787,37.13340900332769,1.0,825236911.6143736,43538.01011847889,812.6738813025511,10.293662945089254,802.3802183574618,1451.5368417905138,0.0,916.5313704215146,916.5313704215146,1540673674.8191283,1540673674.8191283,30813473.496382564,0.0,0.0,0.0,148218076.03332967,148218076.03332967,15.372451026882835,5974523.10588966,91843063.85426873,2162570363.143751,2162570363.143751,23.54636564145108,1.0,473678612.2912932,0.0
gas-q3000-m2250-r1.5-ua25-25-25,20260926-design-study-component-alternatives:c0336,completed,"[""gas_catalog""]",[],cooler_no_root,False,diagnostic_agreement_not_released,False,[],[],"[""component_alternatives__plant__gas_ledger__balance__a530b58ca455c8b8"", ""component_alternatives__plant__water_pre__evaluation_defined_ok__bc4741b386520ff5""]","[""water_pre""]",[],3000.0,3170.44843056949,2250.0,1.5,"[25.0, 25.0, 25.0]",14.0,4.0,250.0,1144.0025314827728,802.3802183574618,37.13340900332769,23.54636564145108,1171.6726658171167,27.67013433434378,1144.0025314827728,2026.4458990867172,0.0,0.0,0.0,3416541628.17324,2684142269.0865183,53682845.38173037,2832.210038746655,5500364.330206227,356935332.75198704,258223665.0278619,620659362.1100552,15.372451026882835,8518242.849420726,130946271.03781502,4862481439.907787,4862481439.907787,37.13340900332769,1.0,825236911.6143736,43538.01011847889,812.6738813025511,10.293662945089254,802.3802183574618,1451.5368417905138,0.0,916.5313704215146,916.5313704215146,1540673674.8191283,1540673674.8191283,30813473.496382564,0.0,0.0,0.0,148218076.03332967,148218076.03332967,15.372451026882835,5974523.10588966,91843063.85426873,2162570363.143751,2162570363.143751,23.54636564145108,1.0,473678612.2912932,0.0
gas-q3000-m2250-r1.5-ua25-25-40,20260926-design-study-component-alternatives:c0337,completed,"[""gas_catalog""]",[],cooler_no_root,False,diagnostic_agreement_not_released,False,[],[],"[""component_alternatives__plant__gas_ledger__balance__a530b58ca455c8b8"", ""component_alternatives__plant__water_pre__evaluation_defined_ok__bc4741b386520ff5""]","[""water_pre""]",[],3000.0,3170.44843056949,2250.0,1.5,"[25.0, 25.0, 40.0]",14.0,4.0,250.0,1144.0025314827728,802.3802183574618,37.13340900332769,23.54636564145108,1171.6726658171167,27.67013433434378,1144.0025314827728,2026.4458990867172,0.0,0.0,0.0,3416541628.17324,2684142269.0865183,53682845.38173037,2832.210038746655,5500364.330206227,356935332.75198704,258223665.0278619,620659362.1100552,15.372451026882835,8518242.849420726,130946271.03781502,4862481439.907787,4862481439.907787,37.13340900332769,1.0,825236911.6143736,43538.01011847889,812.6738813025511,10.293662945089254,802.3802183574618,1451.5368417905138,0.0,916.5313704215146,916.5313704215146,1540673674.8191283,1540673674.8191283,30813473.496382564,0.0,0.0,0.0,148218076.03332967,148218076.03332967,15.372451026882835,5974523.10588966,91843063.85426873,2162570363.143751,2162570363.143751,23.54636564145108,1.0,473678612.2912932,0.0
gas-q3000-m2250-r1.5-ua30-30-50,20260926-design-study-component-alternatives:c0338,completed,"[""gas_catalog""]",[],cooler_no_root,False,diagnostic_agreement_not_released,False,[],[],"[""component_alternatives__plant__gas_ledger__balance__a530b58ca455c8b8"", ""component_alternatives__plant__water_pre__evaluation_defined_ok__bc4741b386520ff5""]","[""water_pre""]",[],3000.0,3170.44843056949,2250.0,1.5,"[30.0, 30.0, 50.0]",14.0,4.0,250.0,1144.0025314827728,808.843006052497,37.13340900332769,23.764565756934292,1171.6726658171167,27.67013433434378,1144.0025314827728,2026.4458990867172,0.0,0.0,0.0,3416541628.17324,2684142269.0865183,53682845.38173037,2832.210038746655,5500364.330206227,356935332.75198704,258223665.0278619,620659362.1100552,15.372451026882835,8518242.849420726,130946271.03781502,4862481439.907787,4862481439.907787,37.13340900332769,1.0,825236911.6143736,43538.01011847889,812.6738813025511,3.8308752500541026,808.843006052497,1445.0740540954787,0.0,916.5313704215143,916.5313704215143,1567475215.369684,1567475215.369684,31349504.30739368,0.0,0.0,0.0,150796475.88532883,150796475.88532883,15.372451026882835,6022645.023066892,92582815.66939545,2200190410.9374747,2200190410.9374747,23.764565756934292,1.0,481918719.68246186,0.0
gas-q3000-m2250-r1.5-ua40-40-60,20260926-design-study-component-alternatives:c0339,completed,"[""gas_catalog""]",[],cooler_no_root,False,diagnostic_agreement_not_released,False,[],[],"[""component_alternatives__plant__gas_boundary__source_adequate_ok__dd6d7a3461399330"", ""component_alternatives__plant__gas_ledger__balance__a530b58ca455c8b8"", ""component_alternatives__plant__water_ic1__evaluation_defined_ok__49d1611637350e3c"", ""component_alternatives__plant__water_ic2__evaluation_defined_ok__06ab6aea3f7f761b"", ""component_alternatives__plant__water_pre__evaluation_defined_ok__bc4741b386520ff5""]","[""water_ic1"", ""water_ic2"", ""water_pre""]",[],3000.0,3170.44843056949,2250.0,1.5,"[40.0, 40.0, 60.0]",14.0,4.0,250.0,1144.0025314827728,832.7526820534017,37.13340900332769,23.476919408559855,1171.6726658171167,27.67013433434378,1144.0025314827728,2026.4458990867172,0.0,0.0,0.0,3416541628.17324,2684142269.0865183,53682845.38173037,2832.210038746655,5500364.330206227,356935332.75198704,258223665.0278619,620659362.1100552,15.372451026882835,8518242.849420726,130946271.03781502,4862481439.907787,4862481439.907787,37.13340900332769,1.0,825236911.6143736,43538.01011847889,832.9588948161442,0.20621276274243894,832.7526820534017,17.2053738814393,18.89618809772537,2320.490374634649,2301.5941865369236,1594276755.92024,1594276755.92024,31885535.1184048,0.0,0.0,0.0,153374875.737328,153374875.737328,15.372451026882835,6200676.470569629,95319595.37737633,2237810458.7311983,2237810458.7311983,23.476919408559855,1.0,490158827.0736306,0.0
gas-q3000-m2250-r1.65-ua25-25-20,20260926-design-study-component-alternatives:c0340,completed,"[""gas_catalog""]",[],cooler_no_root,False,diagnostic_agreement_not_released,False,[],[],"[""component_alternatives__plant__gas_ledger__balance__a530b58ca455c8b8"", ""component_alternatives__plant__water_ic1__evaluation_defined_ok__49d1611637350e3c"", ""component_alternatives__plant__water_ic2__evaluation_defined_ok__06ab6aea3f7f761b"", ""component_alternatives__plant__water_pre__evaluation_defined_ok__bc4741b386520ff5""]","[""water_ic1"", ""water_ic2"", ""water_pre""]",[],3000.0,3170.44843056949,2250.0,1.65,"[25.0, 25.0, 20.0]",14.0,4.0,250.0,1144.0025314827728,462.15548866165796,37.13340900332769,40.880479553806055,1171.6726658171167,27.67013433434378,1144.0025314827728,2026.4458990867172,0.0,0.0,0.0,3416541628.17324,2684142269.0865183,53682845.38173037,2832.210038746655,5500364.330206227,356935332.75198704,258223665.0278619,620659362.1100552,15.372451026882835,8518242.849420726,130946271.03781502,4862481439.907787,4862481439.907787,37.13340900332769,1.0,825236911.6143736,43538.01011847889,462.3147160161553,0.1592273544973096,462.15548866165796,9.594221558908648,0.0,2698.6987203489234,2698.6987203489234,1540673674.8191283,1540673674.8191283,30813473.496382564,0.0,0.0,0.0,148218076.03332967,148218076.03332967,15.372451026882835,3441209.768574705,52899828.64064547,2162570363.143751,2162570363.143751,40.880479553806055,1.0,473678612.2912932,0.0
gas-q3000-m2250-r1.65-ua25-25-25,20260926-design-study-component-alternatives:c0341,completed,"[""gas_catalog""]",[],cooler_no_root,False,diagnostic_agreement_not_released,False,[],[],"[""component_alternatives__plant__gas_ledger__balance__a530b58ca455c8b8"", ""component_alternatives__plant__water_ic1__evaluation_defined_ok__49d1611637350e3c"", ""component_alternatives__plant__water_ic2__evaluation_defined_ok__06ab6aea3f7f761b"", ""component_alternatives__plant__water_pre__evaluation_defined_ok__bc4741b386520ff5""]","[""water_ic1"", ""water_ic2"", ""water_pre""]",[],3000.0,3170.44843056949,2250.0,1.65,"[25.0, 25.0, 25.0]",14.0,4.0,250.0,1144.0025314827728,462.15548866165796,37.13340900332769,40.880479553806055,1171.6726658171167,27.67013433434378,1144.0025314827728,2026.4458990867172,0.0,0.0,0.0,3416541628.17324,2684142269.0865183,53682845.38173037,2832.210038746655,5500364.330206227,356935332.75198704,258223665.0278619,620659362.1100552,15.372451026882835,8518242.849420726,130946271.03781502,4862481439.907787,4862481439.907787,37.13340900332769,1.0,825236911.6143736,43538.01011847889,462.3147160161553,0.1592273544973096,462.15548866165796,9.594221558908648,0.0,2698.6987203489234,2698.6987203489234,1540673674.8191283,1540673674.8191283,30813473.496382564,0.0,0.0,0.0,148218076.03332967,148218076.03332967,15.372451026882835,3441209.768574705,52899828.64064547,2162570363.143751,2162570363.143751,40.880479553806055,1.0,473678612.2912932,0.0
gas-q3000-m2250-r1.65-ua25-25-40,20260926-design-study-component-alternatives:c0342,completed,"[""gas_catalog""]",[],cooler_no_root,False,diagnostic_agreement_not_released,False,[],[],"[""component_alternatives__plant__gas_ledger__balance__a530b58ca455c8b8"", ""component_alternatives__plant__water_ic1__evaluation_defined_ok__49d1611637350e3c"", ""component_alternatives__plant__water_ic2__evaluation_defined_ok__06ab6aea3f7f761b"", ""component_alternatives__plant__water_pre__evaluation_defined_ok__bc4741b386520ff5""]","[""water_ic1"", ""water_ic2"", ""water_pre""]",[],3000.0,3170.44843056949,2250.0,1.65,"[25.0, 25.0, 40.0]",14.0,4.0,250.0,1144.0025314827728,462.15548866165796,37.13340900332769,40.880479553806055,1171.6726658171167,27.67013433434378,1144.0025314827728,2026.4458990867172,0.0,0.0,0.0,3416541628.17324,2684142269.0865183,53682845.38173037,2832.210038746655,5500364.330206227,356935332.75198704,258223665.0278619,620659362.1100552,15.372451026882835,8518242.849420726,130946271.03781502,4862481439.907787,4862481439.907787,37.13340900332769,1.0,825236911.6143736,43538.01011847889,462.3147160161553,0.1592273544973096,462.15548866165796,9.594221558908648,0.0,2698.6987203489234,2698.6987203489234,1540673674.8191283,1540673674.8191283,30813473.496382564,0.0,0.0,0.0,148218076.03332967,148218076.03332967,15.372451026882835,3441209.768574705,52899828.64064547,2162570363.143751,2162570363.143751,40.880479553806055,1.0,473678612.2912932,0.0
gas-q3000-m2250-r1.65-ua30-30-50,20260926-design-study-component-alternatives:c0343,completed,"[""gas_catalog""]",[],cooler_no_root,False,diagnostic_agreement_not_released,False,[],[],"[""component_alternatives__plant__gas_ledger__balance__a530b58ca455c8b8"", ""component_alternatives__plant__water_pre__evaluation_defined_ok__bc4741b386520ff5""]","[""water_pre""]",[],3000.0,3170.44843056949,2250.0,1.65,"[30.0, 30.0, 50.0]",14.0,4.0,250.0,1144.0025314827728,456.53508993191934,37.13340900332769,42.10367007547527,1171.6726658171167,27.67013433434378,1144.0025314827728,2026.4458990867172,0.0,0.0,0.0,3416541628.17324,2684142269.0865183,53682845.38173037,2832.210038746655,5500364.330206227,356935332.75198704,258223665.0278619,620659362.1100552,15.372451026882835,8518242.849420726,130946271.03781502,4862481439.907787,4862481439.907787,37.13340900332769,1.0,825236911.6143736,43538.01011847889,462.3147160161553,5.77962608423593,456.53508993191934,1809.6527925619869,0.0,904.260548075584,904.260548075584,1567475215.369684,1567475215.369684,31349504.30739368,0.0,0.0,0.0,150796475.88532883,150796475.88532883,15.372451026882835,3399360.2796330717,52256499.42139014,2200190410.9374747,2200190410.9374747,42.10367007547527,1.0,481918719.68246186,0.0
gas-q3000-m2250-r1.65-ua40-40-60,20260926-design-study-component-alternatives:c0344,completed,"[""gas_catalog""]",[],cooler_no_root,False,diagnostic_agreement_not_released,False,[],[],"[""component_alternatives__plant__gas_ledger__balance__a530b58ca455c8b8"", ""component_alternatives__plant__water_ic1__evaluation_defined_ok__49d1611637350e3c"", ""component_alternatives__plant__water_ic2__evaluation_defined_ok__06ab6aea3f7f761b"", ""component_alternatives__plant__water_pre__evaluation_defined_ok__bc4741b386520ff5""]","[""water_ic1"", ""water_ic2"", ""water_pre""]",[],3000.0,3170.44843056949,2250.0,1.65,"[40.0, 40.0, 60.0]",14.0,4.0,250.0,1144.0025314827728,463.42784429208115,37.13340900332769,42.186648568116375,1171.6726658171167,27.67013433434378,1144.0025314827728,2026.4458990867172,0.0,0.0,0.0,3416541628.17324,2684142269.0865183,53682845.38173037,2832.210038746655,5500364.330206227,356935332.75198704,258223665.0278619,620659362.1100552,15.372451026882835,8518242.849420726,130946271.03781502,4862481439.907787,4862481439.907787,37.13340900332769,1.0,825236911.6143736,43538.01011847889,463.58723295958833,0.15938866750721475,463.42784429208115,9.620352605458008,0.0,2697.400233671951,2697.400233671951,1594276755.92024,1594276755.92024,31885535.1184048,0.0,0.0,0.0,153374875.737328,153374875.737328,15.372451026882835,3450683.728598836,53045466.62714706,2237810458.7311983,2237810458.7311983,42.186648568116375,1.0,490158827.0736306,0.0
gas-q3000-m2250-r1.8-ua25-25-20,20260926-design-study-component-alternatives:c0345,completed,"[""gas_catalog""]",[],cooler_no_root,False,diagnostic_agreement_not_released,False,[],[],"[""component_alternatives__plant__compressor_capacity__capacity_ok__e8c94ef170d28993"", ""component_alternatives__plant__gas_ledger__balance__a530b58ca455c8b8"", ""component_alternatives__plant__water_ic1__evaluation_defined_ok__49d1611637350e3c"", ""component_alternatives__plant__water_ic2__evaluation_defined_ok__06ab6aea3f7f761b"", ""component_alternatives__plant__water_pre__evaluation_defined_ok__bc4741b386520ff5""]","[""water_ic1"", ""water_ic2"", ""water_pre""]",[],3000.0,3170.44843056949,2250.0,1.8,"[25.0, 25.0, 20.0]",14.0,4.0,250.0,1144.0025314827728,399.2091710984621,37.13340900332769,47.326412749802024,1171.6726658171167,27.67013433434378,1144.0025314827728,2026.4458990867172,0.0,0.0,0.0,3416541628.17324,2684142269.0865183,53682845.38173037,2832.210038746655,5500364.330206227,356935332.75198704,258223665.0278619,620659362.1100552,15.372451026882835,8518242.849420726,130946271.03781502,4862481439.907787,4862481439.907787,37.13340900332769,1.0,825236911.6143736,43538.01011847889,399.36041793265065,0.1512468341885441,399.2091710984621,8.30145944505897,0.0,2762.9378000259694,2762.9378000259694,1540673674.8191283,1540673674.8191283,30813473.496382564,0.0,0.0,0.0,148218076.03332967,148218076.03332967,15.372451026882835,2972511.4879991487,45694787.27611354,2162570363.143751,2162570363.143751,47.326412749802024,1.0,473678612.2912932,0.0
gas-q3000-m2250-r1.8-ua25-25-25,20260926-design-study-component-alternatives:c0346,completed,"[""gas_catalog""]",[],cooler_no_root,False,diagnostic_agreement_not_released,False,[],[],"[""component_alternatives__plant__compressor_capacity__capacity_ok__e8c94ef170d28993"", ""component_alternatives__plant__gas_ledger__balance__a530b58ca455c8b8"", ""component_alternatives__plant__water_ic1__evaluation_defined_ok__49d1611637350e3c"", ""component_alternatives__plant__water_ic2__evaluation_defined_ok__06ab6aea3f7f761b""]","[""water_ic1"", ""water_ic2""]",[],3000.0,3170.44843056949,2250.0,1.8,"[25.0, 25.0, 25.0]",14.0,4.0,250.0,1144.0025314827728,396.2860750009564,37.13340900332769,47.67550311947387,1171.6726658171167,27.67013433434378,1144.0025314827728,2026.4458990867172,0.0,0.0,0.0,3416541628.17324,2684142269.0865183,53682845.38173037,2832.210038746655,5500364.330206227,356935332.75198704,258223665.0278619,620659362.1100552,15.372451026882835,8518242.849420726,130946271.03781502,4862481439.907787,4862481439.907787,37.13340900332769,1.0,825236911.6143736,43538.01011847889,399.36041793265065,3.074342931694295,396.2860750009564,629.6079523419969,0.0,2144.554403226537,2144.554403226537,1540673674.8191283,1540673674.8191283,30813473.496382564,0.0,0.0,0.0,148218076.03332967,148218076.03332967,15.372451026882835,2950746.114457121,45360200.137256905,2162570363.143751,2162570363.143751,47.67550311947387,1.0,473678612.2912932,0.0
gas-q3000-m2250-r1.8-ua25-25-40,20260926-design-study-component-alternatives:c0347,completed,"[""gas_catalog""]",[],cooler_no_root,False,diagnostic_agreement_not_released,False,[],[],"[""component_alternatives__plant__compressor_capacity__capacity_ok__e8c94ef170d28993"", ""component_alternatives__plant__gas_ledger__balance__a530b58ca455c8b8"", ""component_alternatives__plant__water_ic1__evaluation_defined_ok__49d1611637350e3c"", ""component_alternatives__plant__water_ic2__evaluation_defined_ok__06ab6aea3f7f761b"", ""component_alternatives__plant__water_pre__evaluation_defined_ok__bc4741b386520ff5""]","[""water_ic1"", ""water_ic2"", ""water_pre""]",[],3000.0,3170.44843056949,2250.0,1.8,"[25.0, 25.0, 40.0]",14.0,4.0,250.0,1144.0025314827728,399.2091710984621,37.13340900332769,47.326412749802024,1171.6726658171167,27.67013433434378,1144.0025314827728,2026.4458990867172,0.0,0.0,0.0,3416541628.17324,2684142269.0865183,53682845.38173037,2832.210038746655,5500364.330206227,356935332.75198704,258223665.0278619,620659362.1100552,15.372451026882835,8518242.849420726,130946271.03781502,4862481439.907787,4862481439.907787,37.13340900332769,1.0,825236911.6143736,43538.01011847889,399.36041793265065,0.1512468341885441,399.2091710984621,8.30145944505897,0.0,2762.9378000259694,2762.9378000259694,1540673674.8191283,1540673674.8191283,30813473.496382564,0.0,0.0,0.0,148218076.03332967,148218076.03332967,15.372451026882835,2972511.4879991487,45694787.27611354,2162570363.143751,2162570363.143751,47.326412749802024,1.0,473678612.2912932,0.0
gas-q3000-m2250-r1.8-ua30-30-50,20260926-design-study-component-alternatives:c0348,completed,"[""gas_catalog""]",[],cooler_no_root,False,diagnostic_agreement_not_released,False,[],[],"[""component_alternatives__plant__compressor_capacity__capacity_ok__e8c94ef170d28993"", ""component_alternatives__plant__gas_ledger__balance__a530b58ca455c8b8"", ""component_alternatives__plant__water_pre__evaluation_defined_ok__bc4741b386520ff5""]","[""water_pre""]",[],3000.0,3170.44843056949,2250.0,1.8,"[30.0, 30.0, 50.0]",14.0,4.0,250.0,1144.0025314827728,389.68138621198295,37.13340900332769,49.326971942956725,1171.6726658171167,27.67013433434378,1144.0025314827728,2026.4458990867172,0.0,0.0,0.0,3416541628.17324,2684142269.0865183,53682845.38173037,2832.210038746655,5500364.330206227,356935332.75198704,258223665.0278619,620659362.1100552,15.372451026882835,8518242.849420726,130946271.03781502,4862481439.907787,4862481439.907787,37.13340900332769,1.0,825236911.6143736,43538.01011847889,399.36041793265065,9.67903172066771,389.68138621198295,2162.383647560397,0.0,618.38339679711,618.38339679711,1567475215.369684,1567475215.369684,31349504.30739368,0.0,0.0,0.0,150796475.88532883,150796475.88532883,15.372451026882835,2901567.601734425,44604205.85885233,2200190410.9374747,2200190410.9374747,49.326971942956725,1.0,481918719.68246186,0.0
gas-q3000-m2250-r1.8-ua40-40-60,20260926-design-study-component-alternatives:c0349,completed,"[""gas_catalog""]",[],cooler_no_root,False,diagnostic_agreement_not_released,False,[],[],"[""component_alternatives__plant__compressor_capacity__capacity_ok__e8c94ef170d28993"", ""component_alternatives__plant__gas_ledger__balance__a530b58ca455c8b8"", ""component_alternatives__plant__water_ic1__evaluation_defined_ok__49d1611637350e3c"", ""component_alternatives__plant__water_ic2__evaluation_defined_ok__06ab6aea3f7f761b"", ""component_alternatives__plant__water_pre__evaluation_defined_ok__bc4741b386520ff5""]","[""water_ic1"", ""water_ic2"", ""water_pre""]",[],3000.0,3170.44843056949,2250.0,1.8,"[40.0, 40.0, 60.0]",14.0,4.0,250.0,1144.0025314827728,399.2091710984621,37.13340900332769,48.972992153548994,1171.6726658171167,27.67013433434378,1144.0025314827728,2026.4458990867172,0.0,0.0,0.0,3416541628.17324,2684142269.0865183,53682845.38173037,2832.210038746655,5500364.330206227,356935332.75198704,258223665.0278619,620659362.1100552,15.372451026882835,8518242.849420726,130946271.03781502,4862481439.907787,4862481439.907787,37.13340900332769,1.0,825236911.6143736,43538.01011847889,399.36041793265065,0.1512468341885441,399.2091710984621,8.30145944505897,0.0,2762.9378000259694,2762.9378000259694,1594276755.92024,1594276755.92024,31885535.1184048,0.0,0.0,0.0,153374875.737328,153374875.737328,15.372451026882835,2972511.4879991487,45694787.27611354,2237810458.7311983,2237810458.7311983,48.972992153548994,1.0,490158827.0736306,0.0
gas-q3000-m2500-r1.2-ua25-25-20,20260926-design-study-component-alternatives:c0350,completed,"[""gas_catalog""]",[],cooler_no_root,False,diagnostic_agreement_not_released,False,[],[],"[""component_alternatives__plant__gas_boundary__source_adequate_ok__dd6d7a3461399330"", ""component_alternatives__plant__gas_ledger__balance__a530b58ca455c8b8"", ""component_alternatives__plant__water_pre__evaluation_defined_ok__bc4741b386520ff5""]","[""water_pre""]",[],3000.0,3170.44843056949,2500.0,1.2,"[25.0, 25.0, 20.0]",14.0,4.0,250.0,1144.0025314827728,584.4684212169808,37.13340900332769,32.32533584205087,1171.6726658171167,27.67013433434378,1144.0025314827728,2026.4458990867172,0.0,0.0,0.0,3416541628.17324,2684142269.0865183,53682845.38173037,2832.210038746655,5500364.330206227,356935332.75198704,258223665.0278619,620659362.1100552,15.372451026882835,8518242.849420726,130946271.03781502,4862481439.907787,4862481439.907787,37.13340900332769,1.0,825236911.6143736,43538.01011847889,586.9682872125088,2.4998659955280242,584.4684212169808,694.6073392685882,905.7904012902427,1891.3726700839209,985.5822687936782,1540673674.8191283,1540673674.8191283,30813473.496382564,0.0,0.0,0.0,148218076.03332967,148218076.03332967,15.372451026882835,4351951.864381638,66900166.906558186,2162570363.143751,2162570363.143751,32.32533584205087,1.0,473678612.2912932,0.0
gas-q3000-m2500-r1.2-ua25-25-25,20260926-design-study-component-alternatives:c0351,completed,"[""gas_catalog""]",[],cooler_no_root,False,diagnostic_agreement_not_released,False,[],[],"[""component_alternatives__plant__gas_boundary__source_adequate_ok__dd6d7a3461399330"", ""component_alternatives__plant__gas_ledger__balance__a530b58ca455c8b8"", ""component_alternatives__plant__water_pre__evaluation_defined_ok__bc4741b386520ff5""]","[""water_pre""]",[],3000.0,3170.44843056949,2500.0,1.2,"[25.0, 25.0, 25.0]",14.0,4.0,250.0,1144.0025314827728,584.4684212169808,37.13340900332769,32.32533584205087,1171.6726658171167,27.67013433434378,1144.0025314827728,2026.4458990867172,0.0,0.0,0.0,3416541628.17324,2684142269.0865183,53682845.38173037,2832.210038746655,5500364.330206227,356935332.75198704,258223665.0278619,620659362.1100552,15.372451026882835,8518242.849420726,130946271.03781502,4862481439.907787,4862481439.907787,37.13340900332769,1.0,825236911.6143736,43538.01011847889,586.9682872125088,2.4998659955280242,584.4684212169808,694.6073392685882,905.7904012902427,1891.3726700839209,985.5822687936782,1540673674.8191283,1540673674.8191283,30813473.496382564,0.0,0.0,0.0,148218076.03332967,148218076.03332967,15.372451026882835,4351951.864381638,66900166.906558186,2162570363.143751,2162570363.143751,32.32533584205087,1.0,473678612.2912932,0.0
gas-q3000-m2500-r1.2-ua25-25-40,20260926-design-study-component-alternatives:c0352,completed,"[""gas_catalog""]",[],cooler_no_root,False,diagnostic_agreement_not_released,False,[],[],"[""component_alternatives__plant__gas_boundary__source_adequate_ok__dd6d7a3461399330"", ""component_alternatives__plant__gas_ledger__balance__a530b58ca455c8b8"", ""component_alternatives__plant__water_pre__evaluation_defined_ok__bc4741b386520ff5""]","[""water_pre""]",[],3000.0,3170.44843056949,2500.0,1.2,"[25.0, 25.0, 40.0]",14.0,4.0,250.0,1144.0025314827728,584.4684212169808,37.13340900332769,32.32533584205087,1171.6726658171167,27.67013433434378,1144.0025314827728,2026.4458990867172,0.0,0.0,0.0,3416541628.17324,2684142269.0865183,53682845.38173037,2832.210038746655,5500364.330206227,356935332.75198704,258223665.0278619,620659362.1100552,15.372451026882835,8518242.849420726,130946271.03781502,4862481439.907787,4862481439.907787,37.13340900332769,1.0,825236911.6143736,43538.01011847889,586.9682872125088,2.4998659955280242,584.4684212169808,694.6073392685882,905.7904012902427,1891.3726700839209,985.5822687936782,1540673674.8191283,1540673674.8191283,30813473.496382564,0.0,0.0,0.0,148218076.03332967,148218076.03332967,15.372451026882835,4351951.864381638,66900166.906558186,2162570363.143751,2162570363.143751,32.32533584205087,1.0,473678612.2912932,0.0
gas-q3000-m2500-r1.2-ua30-30-50,20260926-design-study-component-alternatives:c0353,completed,"[""gas_catalog""]",[],cooler_no_root,False,diagnostic_agreement_not_released,False,[],[],"[""component_alternatives__plant__gas_boundary__source_adequate_ok__dd6d7a3461399330"", ""component_alternatives__plant__gas_ledger__balance__a530b58ca455c8b8"", ""component_alternatives__plant__water_pre__evaluation_defined_ok__bc4741b386520ff5""]","[""water_pre""]",[],3000.0,3170.44843056949,2500.0,1.2,"[30.0, 30.0, 50.0]",14.0,4.0,250.0,1144.0025314827728,584.9892864875146,37.13340900332769,32.85838433005424,1171.6726658171167,27.67013433434378,1144.0025314827728,2026.4458990867172,0.0,0.0,0.0,3416541628.17324,2684142269.0865183,53682845.38173037,2832.210038746655,5500364.330206227,356935332.75198704,258223665.0278619,620659362.1100552,15.372451026882835,8518242.849420726,130946271.03781502,4862481439.907787,4862481439.907787,37.13340900332769,1.0,825236911.6143736,43538.01011847889,586.9682872125088,1.9790007249942119,584.9892864875146,694.0864739980544,905.7904012902427,1891.372670083921,985.5822687936783,1567475215.369684,1567475215.369684,31349504.30739368,0.0,0.0,0.0,150796475.88532883,150796475.88532883,15.372451026882835,4355830.227186034,66959786.84883325,2200190410.9374747,2200190410.9374747,32.85838433005424,1.0,481918719.68246186,0.0
gas-q3000-m2500-r1.2-ua40-40-60,20260926-design-study-component-alternatives:c0354,completed,"[""gas_catalog""]",[],cooler_no_root,False,diagnostic_agreement_not_released,False,[],[],"[""component_alternatives__plant__gas_boundary__source_adequate_ok__dd6d7a3461399330"", ""component_alternatives__plant__gas_ledger__balance__a530b58ca455c8b8"", ""component_alternatives__plant__water_pre__evaluation_defined_ok__bc4741b386520ff5""]","[""water_pre""]",[],3000.0,3170.44843056949,2500.0,1.2,"[40.0, 40.0, 60.0]",14.0,4.0,250.0,1144.0025314827728,589.6512106036439,37.13340900332769,33.155986542985936,1171.6726658171167,27.67013433434378,1144.0025314827728,2026.4458990867172,0.0,0.0,0.0,3416541628.17324,2684142269.0865183,53682845.38173037,2832.210038746655,5500364.330206227,356935332.75198704,258223665.0278619,620659362.1100552,15.372451026882835,8518242.849420726,130946271.03781502,4862481439.907787,4862481439.907787,37.13340900332769,1.0,825236911.6143736,43538.01011847889,591.278492278012,1.627281674368047,589.6512106036439,693.8227183161118,1037.216882894123,1886.9745016497343,849.7576187556112,1594276755.92024,1594276755.92024,31885535.1184048,0.0,0.0,0.0,153374875.737328,153374875.737328,15.372451026882835,4390542.914154733,67493405.92927107,2237810458.7311983,2237810458.7311983,33.155986542985936,1.0,490158827.0736306,0.0
gas-q3000-m2500-r1.35-ua25-25-20,20260926-design-study-component-alternatives:c0355,completed,"[""gas_catalog""]",[],cooler_no_root,False,diagnostic_agreement_not_released,False,[],[],"[""component_alternatives__plant__gas_boundary__source_adequate_ok__dd6d7a3461399330"", ""component_alternatives__plant__gas_ledger__balance__a530b58ca455c8b8"", ""component_alternatives__plant__water_pre__evaluation_defined_ok__bc4741b386520ff5""]","[""water_pre""]",[],3000.0,3170.44843056949,2500.0,1.35,"[25.0, 25.0, 20.0]",14.0,4.0,250.0,1144.0025314827728,800.3364867878271,37.13340900332769,23.60649341471397,1171.6726658171167,27.67013433434378,1144.0025314827728,2026.4458990867172,0.0,0.0,0.0,3416541628.17324,2684142269.0865183,53682845.38173037,2832.210038746655,5500364.330206227,356935332.75198704,258223665.0278619,620659362.1100552,15.372451026882835,8518242.849420726,130946271.03781502,4862481439.907787,4862481439.907787,37.13340900332769,1.0,825236911.6143736,43538.01011847889,807.6314750138771,7.294988226049956,800.3364867878271,1170.4001494471115,211.38113646126567,1199.7117943345513,988.3306578732856,1540673674.8191283,1540673674.8191283,30813473.496382564,0.0,0.0,0.0,148218076.03332967,148218076.03332967,15.372451026882835,5959305.48062216,91609131.65509863,2162570363.143751,2162570363.143751,23.60649341471397,1.0,473678612.2912932,0.0
gas-q3000-m2500-r1.35-ua25-25-25,20260926-design-study-component-alternatives:c0356,completed,"[""gas_catalog""]",[],cooler_no_root,False,diagnostic_agreement_not_released,False,[],[],"[""component_alternatives__plant__gas_boundary__source_adequate_ok__dd6d7a3461399330"", ""component_alternatives__plant__gas_ledger__balance__a530b58ca455c8b8"", ""component_alternatives__plant__water_pre__evaluation_defined_ok__bc4741b386520ff5""]","[""water_pre""]",[],3000.0,3170.44843056949,2500.0,1.35,"[25.0, 25.0, 25.0]",14.0,4.0,250.0,1144.0025314827728,800.3364867878271,37.13340900332769,23.60649341471397,1171.6726658171167,27.67013433434378,1144.0025314827728,2026.4458990867172,0.0,0.0,0.0,3416541628.17324,2684142269.0865183,53682845.38173037,2832.210038746655,5500364.330206227,356935332.75198704,258223665.0278619,620659362.1100552,15.372451026882835,8518242.849420726,130946271.03781502,4862481439.907787,4862481439.907787,37.13340900332769,1.0,825236911.6143736,43538.01011847889,807.6314750138771,7.294988226049956,800.3364867878271,1170.4001494471115,211.38113646126567,1199.7117943345513,988.3306578732856,1540673674.8191283,1540673674.8191283,30813473.496382564,0.0,0.0,0.0,148218076.03332967,148218076.03332967,15.372451026882835,5959305.48062216,91609131.65509863,2162570363.143751,2162570363.143751,23.60649341471397,1.0,473678612.2912932,0.0
gas-q3000-m2500-r1.35-ua25-25-40,20260926-design-study-component-alternatives:c0357,completed,"[""gas_catalog""]",[],cooler_no_root,False,diagnostic_agreement_not_released,False,[],[],"[""component_alternatives__plant__gas_boundary__source_adequate_ok__dd6d7a3461399330"", ""component_alternatives__plant__gas_ledger__balance__a530b58ca455c8b8"", ""component_alternatives__plant__water_pre__evaluation_defined_ok__bc4741b386520ff5""]","[""water_pre""]",[],3000.0,3170.44843056949,2500.0,1.35,"[25.0, 25.0, 40.0]",14.0,4.0,250.0,1144.0025314827728,800.3364867878271,37.13340900332769,23.60649341471397,1171.6726658171167,27.67013433434378,1144.0025314827728,2026.4458990867172,0.0,0.0,0.0,3416541628.17324,2684142269.0865183,53682845.38173037,2832.210038746655,5500364.330206227,356935332.75198704,258223665.0278619,620659362.1100552,15.372451026882835,8518242.849420726,130946271.03781502,4862481439.907787,4862481439.907787,37.13340900332769,1.0,825236911.6143736,43538.01011847889,807.6314750138771,7.294988226049956,800.3364867878271,1170.4001494471115,211.38113646126567,1199.7117943345513,988.3306578732856,1540673674.8191283,1540673674.8191283,30813473.496382564,0.0,0.0,0.0,148218076.03332967,148218076.03332967,15.372451026882835,5959305.48062216,91609131.65509863,2162570363.143751,2162570363.143751,23.60649341471397,1.0,473678612.2912932,0.0
gas-q3000-m2500-r1.35-ua30-30-50,20260926-design-study-component-alternatives:c0358,completed,"[""gas_catalog""]",[],cooler_no_root,False,diagnostic_agreement_not_released,False,[],[],"[""component_alternatives__plant__gas_boundary__source_adequate_ok__dd6d7a3461399330"", ""component_alternatives__plant__gas_ledger__balance__a530b58ca455c8b8"", ""component_alternatives__plant__water_pre__evaluation_defined_ok__bc4741b386520ff5""]","[""water_pre""]",[],3000.0,3170.44843056949,2500.0,1.35,"[30.0, 30.0, 50.0]",14.0,4.0,250.0,1144.0025314827728,804.1212704640532,37.13340900332769,23.904109380514445,1171.6726658171167,27.67013433434378,1144.0025314827728,2026.4458990867172,0.0,0.0,0.0,3416541628.17324,2684142269.0865183,53682845.38173037,2832.210038746655,5500364.330206227,356935332.75198704,258223665.0278619,620659362.1100552,15.372451026882835,8518242.849420726,130946271.03781502,4862481439.907787,4862481439.907787,37.13340900332769,1.0,825236911.6143736,43538.01011847889,807.6314750138771,3.510204549823939,804.1212704640532,1166.6153657708855,211.38113646126567,1199.711794334551,988.3306578732854,1567475215.369684,1567475215.369684,31349504.30739368,0.0,0.0,0.0,150796475.88532883,150796475.88532883,15.372451026882835,5987486.979875339,92042350.37223226,2200190410.9374747,2200190410.9374747,23.904109380514445,1.0,481918719.68246186,0.0
gas-q3000-m2500-r1.35-ua40-40-60,20260926-design-study-component-alternatives:c0359,completed,"[""gas_catalog""]",[],cooler_no_root,False,diagnostic_agreement_not_released,False,[],[],"[""component_alternatives__plant__gas_boundary__source_adequate_ok__dd6d7a3461399330"", ""component_alternatives__plant__gas_ledger__balance__a530b58ca455c8b8"", ""component_alternatives__plant__water_pre__evaluation_defined_ok__bc4741b386520ff5""]","[""water_pre""]",[],3000.0,3170.44843056949,2500.0,1.35,"[40.0, 40.0, 60.0]",14.0,4.0,250.0,1144.0025314827728,809.7075075660899,37.13340900332769,24.145098595660528,1171.6726658171167,27.67013433434378,1144.0025314827728,2026.4458990867172,0.0,0.0,0.0,3416541628.17324,2684142269.0865183,53682845.38173037,2832.210038746655,5500364.330206227,356935332.75198704,258223665.0278619,620659362.1100552,15.372451026882835,8518242.849420726,130946271.03781502,4862481439.907787,4862481439.907787,37.13340900332769,1.0,825236911.6143736,43538.01011847889,811.978591742052,2.2710841759620446,809.7075075660899,1165.4649620649454,294.53206019670597,1195.2759609384545,900.7439007417486,1594276755.92024,1594276755.92024,31885535.1184048,0.0,0.0,0.0,153374875.737328,153374875.737328,15.372451026882835,6029082.101337105,92681769.3398605,2237810458.7311983,2237810458.7311983,24.145098595660528,1.0,490158827.0736306,0.0
gas-q3000-m2500-r1.5-ua25-25-20,20260926-design-study-component-alternatives:c0360,completed,"[""gas_catalog""]",[],cooler_no_root,False,diagnostic_agreement_not_released,False,[],[],"[""component_alternatives__plant__gas_ledger__balance__a530b58ca455c8b8"", ""component_alternatives__plant__water_ic1__evaluation_defined_ok__49d1611637350e3c"", ""component_alternatives__plant__water_ic2__evaluation_defined_ok__06ab6aea3f7f761b"", ""component_alternatives__plant__water_pre__evaluation_defined_ok__bc4741b386520ff5""]","[""water_ic1"", ""water_ic2"", ""water_pre""]",[],3000.0,3170.44843056949,2500.0,1.5,"[25.0, 25.0, 20.0]",14.0,4.0,250.0,1144.0025314827728,628.7270678110826,37.13340900332769,30.049824434454102,1171.6726658171167,27.67013433434378,1144.0025314827728,2026.4458990867172,0.0,0.0,0.0,3416541628.17324,2684142269.0865183,53682845.38173037,2832.210038746655,5500364.330206227,356935332.75198704,258223665.0278619,620659362.1100552,15.372451026882835,8518242.849420726,130946271.03781502,4862481439.907787,4862481439.907787,37.13340900332769,1.0,825236911.6143736,43538.01011847889,628.9074136030315,0.1803457919488816,628.7270678110826,13.015190967521008,0.0,2528.7061717908864,2528.7061717908864,1540673674.8191283,1540673674.8191283,30813473.496382564,0.0,0.0,0.0,148218076.03332967,148218076.03332967,15.372451026882835,4681501.746921321,71966156.33681445,2162570363.143751,2162570363.143751,30.049824434454102,1.0,473678612.2912932,0.0
gas-q3000-m2500-r1.5-ua25-25-25,20260926-design-study-component-alternatives:c0361,completed,"[""gas_catalog""]",[],cooler_no_root,False,diagnostic_agreement_not_released,False,[],[],"[""component_alternatives__plant__gas_ledger__balance__a530b58ca455c8b8"", ""component_alternatives__plant__water_ic1__evaluation_defined_ok__49d1611637350e3c"", ""component_alternatives__plant__water_ic2__evaluation_defined_ok__06ab6aea3f7f761b"", ""component_alternatives__plant__water_pre__evaluation_defined_ok__bc4741b386520ff5""]","[""water_ic1"", ""water_ic2"", ""water_pre""]",[],3000.0,3170.44843056949,2500.0,1.5,"[25.0, 25.0, 25.0]",14.0,4.0,250.0,1144.0025314827728,628.7270678110826,37.13340900332769,30.049824434454102,1171.6726658171167,27.67013433434378,1144.0025314827728,2026.4458990867172,0.0,0.0,0.0,3416541628.17324,2684142269.0865183,53682845.38173037,2832.210038746655,5500364.330206227,356935332.75198704,258223665.0278619,620659362.1100552,15.372451026882835,8518242.849420726,130946271.03781502,4862481439.907787,4862481439.907787,37.13340900332769,1.0,825236911.6143736,43538.01011847889,628.9074136030315,0.1803457919488816,628.7270678110826,13.015190967521008,0.0,2528.7061717908864,2528.7061717908864,1540673674.8191283,1540673674.8191283,30813473.496382564,0.0,0.0,0.0,148218076.03332967,148218076.03332967,15.372451026882835,4681501.746921321,71966156.33681445,2162570363.143751,2162570363.143751,30.049824434454102,1.0,473678612.2912932,0.0
gas-q3000-m2500-r1.5-ua25-25-40,20260926-design-study-component-alternatives:c0362,completed,"[""gas_catalog""]",[],cooler_no_root,False,diagnostic_agreement_not_released,False,[],[],"[""component_alternatives__plant__gas_ledger__balance__a530b58ca455c8b8"", ""component_alternatives__plant__water_ic1__evaluation_defined_ok__49d1611637350e3c"", ""component_alternatives__plant__water_ic2__evaluation_defined_ok__06ab6aea3f7f761b"", ""component_alternatives__plant__water_pre__evaluation_defined_ok__bc4741b386520ff5""]","[""water_ic1"", ""water_ic2"", ""water_pre""]",[],3000.0,3170.44843056949,2500.0,1.5,"[25.0, 25.0, 40.0]",14.0,4.0,250.0,1144.0025314827728,628.7270678110826,37.13340900332769,30.049824434454102,1171.6726658171167,27.67013433434378,1144.0025314827728,2026.4458990867172,0.0,0.0,0.0,3416541628.17324,2684142269.0865183,53682845.38173037,2832.210038746655,5500364.330206227,356935332.75198704,258223665.0278619,620659362.1100552,15.372451026882835,8518242.849420726,130946271.03781502,4862481439.907787,4862481439.907787,37.13340900332769,1.0,825236911.6143736,43538.01011847889,628.9074136030315,0.1803457919488816,628.7270678110826,13.015190967521008,0.0,2528.7061717908864,2528.7061717908864,1540673674.8191283,1540673674.8191283,30813473.496382564,0.0,0.0,0.0,148218076.03332967,148218076.03332967,15.372451026882835,4681501.746921321,71966156.33681445,2162570363.143751,2162570363.143751,30.049824434454102,1.0,473678612.2912932,0.0
gas-q3000-m2500-r1.5-ua30-30-50,20260926-design-study-component-alternatives:c0363,completed,"[""gas_catalog""]",[],cooler_no_root,False,diagnostic_agreement_not_released,False,[],[],"[""component_alternatives__plant__gas_ledger__balance__a530b58ca455c8b8"", ""component_alternatives__plant__water_pre__evaluation_defined_ok__bc4741b386520ff5""]","[""water_pre""]",[],3000.0,3170.44843056949,2500.0,1.5,"[30.0, 30.0, 50.0]",14.0,4.0,250.0,1144.0025314827728,622.5250528692519,37.13340900332769,30.877155410495742,1171.6726658171167,27.67013433434378,1144.0025314827728,2026.4458990867172,0.0,0.0,0.0,3416541628.17324,2684142269.0865183,53682845.38173037,2832.210038746655,5500364.330206227,356935332.75198704,258223665.0278619,620659362.1100552,15.372451026882835,8518242.849420726,130946271.03781502,4862481439.907787,4862481439.907787,37.13340900332769,1.0,825236911.6143736,43538.01011847889,628.9074136030315,6.382360733779646,622.5250528692519,1602.170536569743,0.0,945.7528411304952,945.7528411304952,1567475215.369684,1567475215.369684,31349504.30739368,0.0,0.0,0.0,150796475.88532883,150796475.88532883,15.372451026882835,4635321.543664449,71256253.4238367,2200190410.9374747,2200190410.9374747,30.877155410495742,1.0,481918719.68246186,0.0
gas-q3000-m2500-r1.5-ua40-40-60,20260926-design-study-component-alternatives:c0364,completed,"[""gas_catalog""]",[],cooler_no_root,False,diagnostic_agreement_not_released,False,[],[],"[""component_alternatives__plant__gas_ledger__balance__a530b58ca455c8b8"", ""component_alternatives__plant__water_ic1__evaluation_defined_ok__49d1611637350e3c"", ""component_alternatives__plant__water_ic2__evaluation_defined_ok__06ab6aea3f7f761b"", ""component_alternatives__plant__water_pre__evaluation_defined_ok__bc4741b386520ff5""]","[""water_ic1"", ""water_ic2"", ""water_pre""]",[],3000.0,3170.44843056949,2500.0,1.5,"[40.0, 40.0, 60.0]",14.0,4.0,250.0,1144.0025314827728,654.4930611158094,37.13340900332769,29.871161002836697,1171.6726658171167,27.67013433434378,1144.0025314827728,2026.4458990867172,0.0,0.0,0.0,3416541628.17324,2684142269.0865183,53682845.38173037,2832.210038746655,5500364.330206227,356935332.75198704,258223665.0278619,620659362.1100552,15.372451026882835,8518242.849420726,130946271.03781502,4862481439.907787,4862481439.907787,37.13340900332769,1.0,825236911.6143736,43538.01011847889,654.6766735965941,0.18361248078476855,654.4930611158094,13.544360921531643,0.0,2502.411008532149,2502.411008532149,1594276755.92024,1594276755.92024,31885535.1184048,0.0,0.0,0.0,153374875.737328,153374875.737328,15.372451026882835,4873355.333068317,74915416.194191,2237810458.7311983,2237810458.7311983,29.871161002836697,1.0,490158827.0736306,0.0
gas-q3000-m2500-r1.65-ua25-25-20,20260926-design-study-component-alternatives:c0365,completed,"[""gas_catalog""]",[],cooler_no_root,False,diagnostic_agreement_not_released,False,[],[],"[""component_alternatives__plant__gas_ledger__balance__a530b58ca455c8b8"", ""component_alternatives__plant__water_ic1__evaluation_defined_ok__49d1611637350e3c"", ""component_alternatives__plant__water_ic2__evaluation_defined_ok__06ab6aea3f7f761b"", ""component_alternatives__plant__water_pre__evaluation_defined_ok__bc4741b386520ff5""]","[""water_ic1"", ""water_ic2"", ""water_pre""]",[],3000.0,3170.44843056949,2500.0,1.65,"[25.0, 25.0, 20.0]",14.0,4.0,250.0,1144.0025314827728,355.62026575756585,37.13340900332769,53.1272816094008,1171.6726658171167,27.67013433434378,1144.0025314827728,2026.4458990867172,0.0,0.0,0.0,3416541628.17324,2684142269.0865183,53682845.38173037,2832.210038746655,5500364.330206227,356935332.75198704,258223665.0278619,620659362.1100552,15.372451026882835,8518242.849420726,130946271.03781502,4862481439.907787,4862481439.907787,37.13340900332769,1.0,825236911.6143736,43538.01011847889,355.76598626141805,0.14572050385221225,355.62026575756585,7.4062508357179215,0.0,2807.4219139762063,2807.4219139762063,1540673674.8191283,1540673674.8191283,30813473.496382564,0.0,0.0,0.0,148218076.03332967,148218076.03332967,15.372451026882835,2647948.4988308353,40705458.61998494,2162570363.143751,2162570363.143751,53.1272816094008,1.0,473678612.2912932,0.0
gas-q3000-m2500-r1.65-ua25-25-25,20260926-design-study-component-alternatives:c0366,completed,"[""gas_catalog""]",[],cooler_no_root,False,diagnostic_agreement_not_released,False,[],[],"[""component_alternatives__plant__gas_ledger__balance__a530b58ca455c8b8"", ""component_alternatives__plant__water_ic1__evaluation_defined_ok__49d1611637350e3c"", ""component_alternatives__plant__water_ic2__evaluation_defined_ok__06ab6aea3f7f761b"", ""component_alternatives__plant__water_pre__evaluation_defined_ok__bc4741b386520ff5""]","[""water_ic1"", ""water_ic2"", ""water_pre""]",[],3000.0,3170.44843056949,2500.0,1.65,"[25.0, 25.0, 25.0]",14.0,4.0,250.0,1144.0025314827728,355.62026575756585,37.13340900332769,53.1272816094008,1171.6726658171167,27.67013433434378,1144.0025314827728,2026.4458990867172,0.0,0.0,0.0,3416541628.17324,2684142269.0865183,53682845.38173037,2832.210038746655,5500364.330206227,356935332.75198704,258223665.0278619,620659362.1100552,15.372451026882835,8518242.849420726,130946271.03781502,4862481439.907787,4862481439.907787,37.13340900332769,1.0,825236911.6143736,43538.01011847889,355.76598626141805,0.14572050385221225,355.62026575756585,7.4062508357179215,0.0,2807.4219139762063,2807.4219139762063,1540673674.8191283,1540673674.8191283,30813473.496382564,0.0,0.0,0.0,148218076.03332967,148218076.03332967,15.372451026882835,2647948.4988308353,40705458.61998494,2162570363.143751,2162570363.143751,53.1272816094008,1.0,473678612.2912932,0.0
gas-q3000-m2500-r1.65-ua25-25-40,20260926-design-study-component-alternatives:c0367,completed,"[""gas_catalog""]",[],cooler_no_root,False,diagnostic_agreement_not_released,False,[],[],"[""component_alternatives__plant__gas_ledger__balance__a530b58ca455c8b8"", ""component_alternatives__plant__water_ic1__evaluation_defined_ok__49d1611637350e3c"", ""component_alternatives__plant__water_ic2__evaluation_defined_ok__06ab6aea3f7f761b"", ""component_alternatives__plant__water_pre__evaluation_defined_ok__bc4741b386520ff5""]","[""water_ic1"", ""water_ic2"", ""water_pre""]",[],3000.0,3170.44843056949,2500.0,1.65,"[25.0, 25.0, 40.0]",14.0,4.0,250.0,1144.0025314827728,355.62026575756585,37.13340900332769,53.1272816094008,1171.6726658171167,27.67013433434378,1144.0025314827728,2026.4458990867172,0.0,0.0,0.0,3416541628.17324,2684142269.0865183,53682845.38173037,2832.210038746655,5500364.330206227,356935332.75198704,258223665.0278619,620659362.1100552,15.372451026882835,8518242.849420726,130946271.03781502,4862481439.907787,4862481439.907787,37.13340900332769,1.0,825236911.6143736,43538.01011847889,355.76598626141805,0.14572050385221225,355.62026575756585,7.4062508357179215,0.0,2807.4219139762063,2807.4219139762063,1540673674.8191283,1540673674.8191283,30813473.496382564,0.0,0.0,0.0,148218076.03332967,148218076.03332967,15.372451026882835,2647948.4988308353,40705458.61998494,2162570363.143751,2162570363.143751,53.1272816094008,1.0,473678612.2912932,0.0
gas-q3000-m2500-r1.65-ua30-30-50,20260926-design-study-component-alternatives:c0368,completed,"[""gas_catalog""]",[],cooler_no_root,False,diagnostic_agreement_not_released,False,[],[],"[""component_alternatives__plant__gas_ledger__balance__a530b58ca455c8b8"", ""component_alternatives__plant__water_pre__evaluation_defined_ok__bc4741b386520ff5""]","[""water_pre""]",[],3000.0,3170.44843056949,2500.0,1.65,"[30.0, 30.0, 50.0]",14.0,4.0,250.0,1144.0025314827728,340.28891033403517,37.13340900332769,56.48671531935148,1171.6726658171167,27.67013433434378,1144.0025314827728,2026.4458990867172,0.0,0.0,0.0,3416541628.17324,2684142269.0865183,53682845.38173037,2832.210038746655,5500364.330206227,356935332.75198704,258223665.0278619,620659362.1100552,15.372451026882835,8518242.849420726,130946271.03781502,4862481439.907787,4862481439.907787,37.13340900332769,1.0,825236911.6143736,43538.01011847889,355.76598626141805,15.477075927382884,340.28891033403517,2016.5577976740706,0.0,813.6017225613841,813.6017225613841,1567475215.369684,1567475215.369684,31349504.30739368,0.0,0.0,0.0,150796475.88532883,150796475.88532883,15.372451026882835,2533791.2263472257,38950581.53936813,2200190410.9374747,2200190410.9374747,56.48671531935148,1.0,481918719.68246186,0.0
gas-q3000-m2500-r1.65-ua40-40-60,20260926-design-study-component-alternatives:c0369,completed,"[""gas_catalog""]",[],cooler_no_root,False,diagnostic_agreement_not_released,False,[],[],"[""component_alternatives__plant__gas_ledger__balance__a530b58ca455c8b8"", ""component_alternatives__plant__water_ic1__evaluation_defined_ok__49d1611637350e3c"", ""component_alternatives__plant__water_ic2__evaluation_defined_ok__06ab6aea3f7f761b"", ""component_alternatives__plant__water_pre__evaluation_defined_ok__bc4741b386520ff5""]","[""water_ic1"", ""water_ic2"", ""water_pre""]",[],3000.0,3170.44843056949,2500.0,1.65,"[40.0, 40.0, 60.0]",14.0,4.0,250.0,1144.0025314827728,355.62026575756585,37.13340900332769,54.975684701719906,1171.6726658171167,27.67013433434378,1144.0025314827728,2026.4458990867172,0.0,0.0,0.0,3416541628.17324,2684142269.0865183,53682845.38173037,2832.210038746655,5500364.330206227,356935332.75198704,258223665.0278619,620659362.1100552,15.372451026882835,8518242.849420726,130946271.03781502,4862481439.907787,4862481439.907787,37.13340900332769,1.0,825236911.6143736,43538.01011847889,355.76598626141805,0.14572050385221225,355.62026575756585,7.4062508357179215,0.0,2807.4219139762063,2807.4219139762063,1594276755.92024,1594276755.92024,31885535.1184048,0.0,0.0,0.0,153374875.737328,153374875.737328,15.372451026882835,2647948.4988308353,40705458.61998494,2237810458.7311983,2237810458.7311983,54.975684701719906,1.0,490158827.0736306,0.0
gas-q3000-m2500-r1.8-ua25-25-20,20260926-design-study-component-alternatives:c0370,completed,"[""gas_catalog""]",[],cooler_no_root,False,diagnostic_agreement_not_released,False,[],[],"[""component_alternatives__plant__compressor_capacity__capacity_ok__e8c94ef170d28993"", ""component_alternatives__plant__gas_ledger__balance__a530b58ca455c8b8"", ""component_alternatives__plant__water_ic1__evaluation_defined_ok__49d1611637350e3c"", ""component_alternatives__plant__water_ic2__evaluation_defined_ok__06ab6aea3f7f761b"", ""component_alternatives__plant__water_pre__evaluation_defined_ok__bc4741b386520ff5""]","[""water_ic1"", ""water_ic2"", ""water_pre""]",[],3000.0,3170.44843056949,2500.0,1.8,"[25.0, 25.0, 20.0]",14.0,4.0,250.0,1144.0025314827728,284.0685096924657,37.13340900332769,66.5090897451674,1171.6726658171167,27.67013433434378,1144.0025314827728,2026.4458990867172,0.0,0.0,0.0,3416541628.17324,2684142269.0865183,53682845.38173037,2832.210038746655,5500364.330206227,356935332.75198704,258223665.0278619,620659362.1100552,15.372451026882835,8518242.849420726,130946271.03781502,4862481439.907787,4862481439.907787,37.13340900332769,1.0,825236911.6143736,43538.01011847889,284.2051586530647,0.13664896059899337,284.0685096924657,5.9367542392329575,0.0,2880.4431666377914,2880.4431666377914,1540673674.8191283,1540673674.8191283,30813473.496382564,0.0,0.0,0.0,148218076.03332967,148218076.03332967,15.372451026882835,2115174.123170099,32515410.621762194,2162570363.143751,2162570363.143751,66.5090897451674,1.0,473678612.2912932,0.0
gas-q3000-m2500-r1.8-ua25-25-25,20260926-design-study-component-alternatives:c0371,completed,"[""gas_catalog""]",[],cooler_no_root,False,diagnostic_agreement_not_released,False,[],[],"[""component_alternatives__plant__compressor_capacity__capacity_ok__e8c94ef170d28993"", ""component_alternatives__plant__gas_ledger__balance__a530b58ca455c8b8"", ""component_alternatives__plant__water_ic1__evaluation_defined_ok__49d1611637350e3c"", ""component_alternatives__plant__water_ic2__evaluation_defined_ok__06ab6aea3f7f761b""]","[""water_ic1"", ""water_ic2""]",[],3000.0,3170.44843056949,2500.0,1.8,"[25.0, 25.0, 25.0]",14.0,4.0,250.0,1144.0025314827728,281.75464244490996,37.13340900332769,67.0552855525929,1171.6726658171167,27.67013433434378,1144.0025314827728,2026.4458990867172,0.0,0.0,0.0,3416541628.17324,2684142269.0865183,53682845.38173037,2832.210038746655,5500364.330206227,356935332.75198704,258223665.0278619,620659362.1100552,15.372451026882835,8518242.849420726,130946271.03781502,4862481439.907787,4862481439.907787,37.13340900332769,1.0,825236911.6143736,43538.01011847889,284.2051586530647,2.4505162081547627,281.75464244490996,505.85556232234364,0.0,2382.838225802236,2382.838225802236,1540673674.8191283,1540673674.8191283,30813473.496382564,0.0,0.0,0.0,148218076.03332967,148218076.03332967,15.372451026882835,2097945.0676447996,32250557.809460077,2162570363.143751,2162570363.143751,67.0552855525929,1.0,473678612.2912932,0.0
gas-q3000-m2500-r1.8-ua25-25-40,20260926-design-study-component-alternatives:c0372,completed,"[""gas_catalog""]",[],cooler_no_root,False,diagnostic_agreement_not_released,False,[],[],"[""component_alternatives__plant__compressor_capacity__capacity_ok__e8c94ef170d28993"", ""component_alternatives__plant__gas_ledger__balance__a530b58ca455c8b8"", ""component_alternatives__plant__water_ic1__evaluation_defined_ok__49d1611637350e3c"", ""component_alternatives__plant__water_ic2__evaluation_defined_ok__06ab6aea3f7f761b""]","[""water_ic1"", ""water_ic2""]",[],3000.0,3170.44843056949,2500.0,1.8,"[25.0, 25.0, 40.0]",14.0,4.0,250.0,1144.0025314827728,283.1358910463213,37.13340900332769,66.72816340977845,1171.6726658171167,27.67013433434378,1144.0025314827728,2026.4458990867172,0.0,0.0,0.0,3416541628.17324,2684142269.0865183,53682845.38173037,2832.210038746655,5500364.330206227,356935332.75198704,258223665.0278619,620659362.1100552,15.372451026882835,8518242.849420726,130946271.03781502,4862481439.907787,4862481439.907787,37.13340900332769,1.0,825236911.6143736,43538.01011847889,284.2051586530647,1.0692676067433877,283.1358910463213,504.4743137209323,0.0,2382.8382258022366,2382.8382258022366,1540673674.8191283,1540673674.8191283,30813473.496382564,0.0,0.0,0.0,148218076.03332967,148218076.03332967,15.372451026882835,2108229.8447309085,32408660.041538697,2162570363.143751,2162570363.143751,66.72816340977845,1.0,473678612.2912932,0.0
gas-q3000-m2500-r1.8-ua30-30-50,20260926-design-study-component-alternatives:c0373,completed,"[""gas_catalog""]",[],cooler_no_root,False,diagnostic_agreement_not_released,False,[],[],"[""component_alternatives__plant__compressor_capacity__capacity_ok__e8c94ef170d28993"", ""component_alternatives__plant__gas_ledger__balance__a530b58ca455c8b8"", ""component_alternatives__plant__water_ic1__evaluation_defined_ok__49d1611637350e3c"", ""component_alternatives__plant__water_ic2__evaluation_defined_ok__06ab6aea3f7f761b"", ""component_alternatives__plant__water_pre__evaluation_defined_ok__bc4741b386520ff5""]","[""water_ic1"", ""water_ic2"", ""water_pre""]",[],3000.0,3170.44843056949,2500.0,1.8,"[30.0, 30.0, 50.0]",14.0,4.0,250.0,1144.0025314827728,284.0685096924657,37.13340900332769,67.66608106326396,1171.6726658171167,27.67013433434378,1144.0025314827728,2026.4458990867172,0.0,0.0,0.0,3416541628.17324,2684142269.0865183,53682845.38173037,2832.210038746655,5500364.330206227,356935332.75198704,258223665.0278619,620659362.1100552,15.372451026882835,8518242.849420726,130946271.03781502,4862481439.907787,4862481439.907787,37.13340900332769,1.0,825236911.6143736,43538.01011847889,284.2051586530647,0.13664896059899337,284.0685096924657,5.9367542392329575,0.0,2880.4431666377914,2880.4431666377914,1567475215.369684,1567475215.369684,31349504.30739368,0.0,0.0,0.0,150796475.88532883,150796475.88532883,15.372451026882835,2115174.123170099,32515410.621762194,2200190410.9374747,2200190410.9374747,67.66608106326396,1.0,481918719.68246186,0.0
gas-q3000-m2500-r1.8-ua40-40-60,20260926-design-study-component-alternatives:c0374,completed,"[""gas_catalog""]",[],cooler_no_root,False,diagnostic_agreement_not_released,False,[],[],"[""component_alternatives__plant__compressor_capacity__capacity_ok__e8c94ef170d28993"", ""component_alternatives__plant__gas_ledger__balance__a530b58ca455c8b8"", ""component_alternatives__plant__water_ic1__evaluation_defined_ok__49d1611637350e3c"", ""component_alternatives__plant__water_ic2__evaluation_defined_ok__06ab6aea3f7f761b"", ""component_alternatives__plant__water_pre__evaluation_defined_ok__bc4741b386520ff5""]","[""water_ic1"", ""water_ic2"", ""water_pre""]",[],3000.0,3170.44843056949,2500.0,1.8,"[40.0, 40.0, 60.0]",14.0,4.0,250.0,1144.0025314827728,284.0685096924657,37.13340900332769,68.82307238136055,1171.6726658171167,27.67013433434378,1144.0025314827728,2026.4458990867172,0.0,0.0,0.0,3416541628.17324,2684142269.0865183,53682845.38173037,2832.210038746655,5500364.330206227,356935332.75198704,258223665.0278619,620659362.1100552,15.372451026882835,8518242.849420726,130946271.03781502,4862481439.907787,4862481439.907787,37.13340900332769,1.0,825236911.6143736,43538.01011847889,284.2051586530647,0.13664896059899337,284.0685096924657,5.9367542392329575,0.0,2880.4431666377914,2880.4431666377914,1594276755.92024,1594276755.92024,31885535.1184048,0.0,0.0,0.0,153374875.737328,153374875.737328,15.372451026882835,2115174.123170099,32515410.621762194,2237810458.7311983,2237810458.7311983,68.82307238136055,1.0,490158827.0736306,0.0
steam-q2500-n10-k2-pump225,20260926-design-study-component-alternatives:c0375,completed,"[""steam_connector_catalog""]",[],equipment_or_coupling_insufficient,False,diagnostic_agreement_not_released,False,[],[],"[""component_alternatives__plant__salt_electric_capacity__capacity_requirement__d0a6e35468ded9cc"", ""component_alternatives__plant__salt_flow_capacity__capacity_requirement__1f3f2b5125f26aed"", ""component_alternatives__plant__salt_shaft_capacity__capacity_requirement__419a029d2df87f3c"", ""component_alternatives__plant__steam_transport__motor_factor_ok_required__eed87936beb69817"", ""component_alternatives__plant__steam_transport__pump_type_ok_required__a1706d503ff60f4c""]",[],[],2500.0,2598.4236983110704,2000.0,1.5,"[25.0, 25.0, 25.0]",10.0,2.0,225.0,937.5789564279194,559.4931629141395,33.73125961238233,33.7683089932799,960.2748911376034,22.695934709684032,937.5789564279194,1660.8447418831506,0.0,4.547473508864641e-13,4.547473508864641e-13,2546185180.1406074,2023944606.8029425,40478892.13605885,2832.210038746655,1830538.5867038742,254953809.10856223,194710392.2922443,451494739.9875104,15.372451026882835,6981212.909562288,107318353.56048849,3619983245.1222734,3619983245.1222734,33.73125961238233,1.0,622259786.9840374,43538.01011847889,566.9107451152818,7.417582201142323,559.4931629141395,2038.9305353922855,0.0,4.645471562980674e-09,4.645471562980674e-09,1540673674.8191283,1540673674.8191283,30813473.496382564,0.0,0.0,0.0,148218076.03332967,148218076.03332967,15.372451026882835,4165986.0910586827,64041417.16347466,2162570363.143751,2162570363.143751,33.7683089932799,1.0,473678612.2912932,0.0
steam-q2500-n10-k2-pump250,20260926-design-study-component-alternatives:c0376,completed,"[""steam_connector_catalog""]",[],equipment_or_coupling_insufficient,False,diagnostic_agreement_not_released,False,[],[],"[""component_alternatives__plant__salt_electric_capacity__capacity_requirement__d0a6e35468ded9cc"", ""component_alternatives__plant__salt_flow_capacity__capacity_requirement__1f3f2b5125f26aed"", ""component_alternatives__plant__salt_shaft_capacity__capacity_requirement__419a029d2df87f3c"", ""component_alternatives__plant__steam_transport__motor_factor_ok_required__eed87936beb69817"", ""component_alternatives__plant__steam_transport__pump_type_ok_required__a1706d503ff60f4c""]",[],[],2500.0,2598.4236983110704,2000.0,1.5,"[25.0, 25.0, 25.0]",10.0,2.0,250.0,937.5789564279194,559.4931629141395,33.733578752611045,33.7683089932799,960.2748911376034,22.695934709684032,937.5789564279194,1660.8447418831506,0.0,4.547473508864641e-13,4.547473508864641e-13,2546298509.662189,2023948767.6694694,40478975.35338939,2832.210038746655,1964415.8322165094,254953809.10856223,194710792.58183274,451629017.5226115,15.372451026882835,6981212.909562288,107318353.56048849,3620232131.433295,3620232131.433295,33.733578752611045,1.0,622261066.2383757,43538.01011847889,566.9107451152818,7.417582201142323,559.4931629141395,2038.9305353922855,0.0,4.645471562980674e-09,4.645471562980674e-09,1540673674.8191283,1540673674.8191283,30813473.496382564,0.0,0.0,0.0,148218076.03332967,148218076.03332967,15.372451026882835,4165986.0910586827,64041417.16347466,2162570363.143751,2162570363.143751,33.7683089932799,1.0,473678612.2912932,0.0
steam-q2500-n10-k3-pump225,20260926-design-study-component-alternatives:c0377,completed,"[""steam_connector_catalog""]",[],equipment_or_coupling_insufficient,False,diagnostic_agreement_not_released,False,[],[],"[""component_alternatives__plant__salt_electric_capacity__capacity_requirement__d0a6e35468ded9cc"", ""component_alternatives__plant__salt_flow_capacity__capacity_requirement__1f3f2b5125f26aed"", ""component_alternatives__plant__salt_shaft_capacity__capacity_requirement__419a029d2df87f3c""]",[],[],2500.0,2598.4236983110704,2000.0,1.5,"[25.0, 25.0, 25.0]",10.0,3.0,225.0,937.5789564279194,559.4931629141395,33.74674265905864,33.7683089932799,960.2748911376034,22.695934709684032,937.5789564279194,1660.8447418831506,0.0,4.547473508864641e-13,4.547473508864641e-13,2546931525.924656,2023944606.8029428,40478892.13605886,2832.210038746655,2745807.8800558113,254953809.10856223,194710392.2922443,452410009.28086233,15.372451026882835,6981212.909562288,107318353.56048849,3621644860.199674,3621644860.199674,33.74674265905864,1.0,622259786.9840375,43538.01011847889,566.9107451152818,7.417582201142323,559.4931629141395,2038.9305353922855,0.0,4.645471562980674e-09,4.645471562980674e-09,1540673674.8191283,1540673674.8191283,30813473.496382564,0.0,0.0,0.0,148218076.03332967,148218076.03332967,15.372451026882835,4165986.0910586827,64041417.16347466,2162570363.143751,2162570363.143751,33.7683089932799,1.0,473678612.2912932,0.0
steam-q2500-n10-k3-pump250,20260926-design-study-component-alternatives:c0378,completed,"[""steam_connector_catalog""]",[],equipment_or_coupling_insufficient,False,diagnostic_agreement_not_released,False,[],[],"[""component_alternatives__plant__salt_electric_capacity__capacity_requirement__d0a6e35468ded9cc"", ""component_alternatives__plant__salt_flow_capacity__capacity_requirement__1f3f2b5125f26aed"", ""component_alternatives__plant__salt_shaft_capacity__capacity_requirement__419a029d2df87f3c""]",[],[],2500.0,2598.4236983110704,2000.0,1.5,"[25.0, 25.0, 25.0]",10.0,3.0,250.0,937.5789564279194,559.4931629141395,33.7501941587231,33.7683089932799,960.2748911376034,22.695934709684032,937.5789564279194,1660.8447418831506,0.0,4.547473508864641e-13,4.547473508864641e-13,2547099439.773765,2023948767.6694694,40478975.35338939,2832.210038746655,2946623.748324764,254953809.10856223,194710792.58183274,452611225.43871975,15.372451026882835,6981212.909562288,107318353.56048849,3622015269.460979,3622015269.460979,33.7501941587231,1.0,622261066.2383757,43538.01011847889,566.9107451152818,7.417582201142323,559.4931629141395,2038.9305353922855,0.0,4.645471562980674e-09,4.645471562980674e-09,1540673674.8191283,1540673674.8191283,30813473.496382564,0.0,0.0,0.0,148218076.03332967,148218076.03332967,15.372451026882835,4165986.0910586827,64041417.16347466,2162570363.143751,2162570363.143751,33.7683089932799,1.0,473678612.2912932,0.0
steam-q2500-n10-k4-pump225,20260926-design-study-component-alternatives:c0379,completed,"[""steam_connector_catalog""]",[],pass,True,diagnostic_agreement_not_released,False,[],[],[],[],[],2500.0,2598.4236983110704,2000.0,1.5,"[25.0, 25.0, 25.0]",10.0,4.0,225.0,937.5789564279194,559.4931629141395,33.762225705734934,33.7683089932799,960.2748911376034,22.695934709684032,937.5789564279194,1660.8447418831506,0.0,4.547473508864641e-13,4.547473508864641e-13,2547677871.7087045,2023944606.8029428,40478892.13605886,2832.210038746655,3661077.1734077483,254953809.10856223,194710392.2922443,453325278.5742142,15.372451026882835,6981212.909562288,107318353.56048849,3623306475.277075,3623306475.277075,33.762225705734934,1.0,622259786.9840375,43538.01011847889,566.9107451152818,7.417582201142323,559.4931629141395,2038.9305353922855,0.0,4.645471562980674e-09,4.645471562980674e-09,1540673674.8191283,1540673674.8191283,30813473.496382564,0.0,0.0,0.0,148218076.03332967,148218076.03332967,15.372451026882835,4165986.0910586827,64041417.16347466,2162570363.143751,2162570363.143751,33.7683089932799,1.0,473678612.2912932,0.0
steam-q2500-n10-k4-pump250,20260926-design-study-component-alternatives:c0380,completed,"[""steam_connector_catalog""]",[],pass,True,diagnostic_agreement_not_released,False,[],[],[],[],[],2500.0,2598.4236983110704,2000.0,1.5,"[25.0, 25.0, 25.0]",10.0,4.0,250.0,937.5789564279194,559.4931629141395,33.76680956483514,33.7683089932799,960.2748911376034,22.695934709684032,937.5789564279194,1660.8447418831506,0.0,4.547473508864641e-13,4.547473508864641e-13,2547900369.8853407,2023948767.6694689,40478975.353389375,2832.210038746655,3928831.664433019,254953809.10856223,194710792.5818327,453593433.354828,15.372451026882835,6981212.909562288,107318353.56048849,3623798407.4886627,3623798407.4886627,33.76680956483514,1.0,622261066.2383754,43538.01011847889,566.9107451152818,7.417582201142323,559.4931629141395,2038.9305353922855,0.0,4.645471562980674e-09,4.645471562980674e-09,1540673674.8191283,1540673674.8191283,30813473.496382564,0.0,0.0,0.0,148218076.03332967,148218076.03332967,15.372451026882835,4165986.0910586827,64041417.16347466,2162570363.143751,2162570363.143751,33.7683089932799,1.0,473678612.2912932,0.0
steam-q2500-n11-k2-pump225,20260926-design-study-component-alternatives:c0381,completed,"[""steam_connector_catalog""]",[],equipment_or_coupling_insufficient,False,diagnostic_agreement_not_released,False,[],[],"[""component_alternatives__plant__salt_electric_capacity__capacity_requirement__d0a6e35468ded9cc"", ""component_alternatives__plant__salt_flow_capacity__capacity_requirement__1f3f2b5125f26aed"", ""component_alternatives__plant__salt_shaft_capacity__capacity_requirement__419a029d2df87f3c"", ""component_alternatives__plant__steam_transport__motor_factor_ok_required__eed87936beb69817"", ""component_alternatives__plant__steam_transport__pump_type_ok_required__a1706d503ff60f4c""]",[],[],2500.0,2598.4236983110704,2000.0,1.5,"[25.0, 25.0, 25.0]",11.0,2.0,225.0,937.5789564279194,559.4931629141395,36.61324406003658,33.7683089932799,960.2748911376034,22.695934709684032,937.5789564279194,1660.8447418831506,0.0,4.547473508864641e-13,4.547473508864641e-13,2763174391.8247614,2188992982.157205,43779859.6431441,2832.210038746655,2013592.4453742611,280449190.0194184,210588610.4037516,493051392.8685443,15.372451026882835,6981212.909562288,107318353.56048849,3929273071.031461,3929273071.031461,36.61324406003658,1.0,673003748.3280369,43538.01011847889,566.9107451152818,7.417582201142323,559.4931629141395,2038.9305353922855,0.0,4.645471562980674e-09,4.645471562980674e-09,1540673674.8191283,1540673674.8191283,30813473.496382564,0.0,0.0,0.0,148218076.03332967,148218076.03332967,15.372451026882835,4165986.0910586827,64041417.16347466,2162570363.143751,2162570363.143751,33.7683089932799,1.0,473678612.2912932,0.0
steam-q2500-n11-k2-pump250,20260926-design-study-component-alternatives:c0382,completed,"[""steam_connector_catalog""]",[],equipment_or_coupling_insufficient,False,diagnostic_agreement_not_released,False,[],[],"[""component_alternatives__plant__salt_electric_capacity__capacity_requirement__d0a6e35468ded9cc"", ""component_alternatives__plant__salt_flow_capacity__capacity_requirement__1f3f2b5125f26aed"", ""component_alternatives__plant__salt_shaft_capacity__capacity_requirement__419a029d2df87f3c"", ""component_alternatives__plant__steam_transport__motor_factor_ok_required__eed87936beb69817"", ""component_alternatives__plant__steam_transport__pump_type_ok_required__a1706d503ff60f4c""]",[],[],2500.0,2598.4236983110704,2000.0,1.5,"[25.0, 25.0, 25.0]",11.0,2.0,250.0,937.5789564279194,559.4931629141395,36.61578967215244,33.7683089932799,960.2748911376034,22.695934709684032,937.5789564279194,1660.8447418831506,0.0,4.547473508864641e-13,4.547473508864641e-13,2763298638.2118483,2188997143.023731,43779942.860474624,2832.210038746655,2160857.4154381603,280449190.0194184,210589010.69334,493199058.1281966,15.372451026882835,6981212.909562288,107318353.56048849,3929546261.9325385,3929546261.9325385,36.61578967215244,1.0,673005027.5823749,43538.01011847889,566.9107451152818,7.417582201142323,559.4931629141395,2038.9305353922855,0.0,4.645471562980674e-09,4.645471562980674e-09,1540673674.8191283,1540673674.8191283,30813473.496382564,0.0,0.0,0.0,148218076.03332967,148218076.03332967,15.372451026882835,4165986.0910586827,64041417.16347466,2162570363.143751,2162570363.143751,33.7683089932799,1.0,473678612.2912932,0.0
steam-q2500-n11-k3-pump225,20260926-design-study-component-alternatives:c0383,completed,"[""steam_connector_catalog""]",[],equipment_or_coupling_insufficient,False,diagnostic_agreement_not_released,False,[],[],"[""component_alternatives__plant__salt_electric_capacity__capacity_requirement__d0a6e35468ded9cc"", ""component_alternatives__plant__salt_flow_capacity__capacity_requirement__1f3f2b5125f26aed"", ""component_alternatives__plant__salt_shaft_capacity__capacity_requirement__419a029d2df87f3c""]",[],[],2500.0,2598.4236983110704,2000.0,1.5,"[25.0, 25.0, 25.0]",11.0,3.0,225.0,937.5789564279194,559.4931629141395,36.63027541138051,33.7683089932799,960.2748911376034,22.695934709684032,937.5789564279194,1660.8447418831506,0.0,4.547473508864641e-13,4.547473508864641e-13,2763995372.1872144,2188992982.1572046,43779859.64314409,2832.210038746655,3020388.6680613915,280449190.0194184,210588610.40375155,494058189.09123135,15.372451026882835,6981212.909562288,107318353.56048849,3931100847.616601,3931100847.616601,36.63027541138051,1.0,673003748.3280368,43538.01011847889,566.9107451152818,7.417582201142323,559.4931629141395,2038.9305353922855,0.0,4.645471562980674e-09,4.645471562980674e-09,1540673674.8191283,1540673674.8191283,30813473.496382564,0.0,0.0,0.0,148218076.03332967,148218076.03332967,15.372451026882835,4165986.0910586827,64041417.16347466,2162570363.143751,2162570363.143751,33.7683089932799,1.0,473678612.2912932,0.0
steam-q2500-n11-k3-pump250,20260926-design-study-component-alternatives:c0384,completed,"[""steam_connector_catalog""]",[],equipment_or_coupling_insufficient,False,diagnostic_agreement_not_released,False,[],[],"[""component_alternatives__plant__salt_electric_capacity__capacity_requirement__d0a6e35468ded9cc"", ""component_alternatives__plant__salt_flow_capacity__capacity_requirement__1f3f2b5125f26aed"", ""component_alternatives__plant__salt_shaft_capacity__capacity_requirement__419a029d2df87f3c""]",[],[],2500.0,2598.4236983110704,2000.0,1.5,"[25.0, 25.0, 25.0]",11.0,3.0,250.0,937.5789564279194,559.4931629141395,36.63406661887569,33.7683089932799,960.2748911376034,22.695934709684032,937.5789564279194,1660.8447418831506,0.0,4.547473508864641e-13,4.547473508864641e-13,2764179661.334582,2188997143.023731,43779942.860474624,2832.210038746655,3241286.1231572414,280449190.0194184,210589010.69334,494279486.8359157,15.372451026882835,6981212.909562288,107318353.56048849,3931507713.762991,3931507713.762991,36.63406661887569,1.0,673005027.5823749,43538.01011847889,566.9107451152818,7.417582201142323,559.4931629141395,2038.9305353922855,0.0,4.645471562980674e-09,4.645471562980674e-09,1540673674.8191283,1540673674.8191283,30813473.496382564,0.0,0.0,0.0,148218076.03332967,148218076.03332967,15.372451026882835,4165986.0910586827,64041417.16347466,2162570363.143751,2162570363.143751,33.7683089932799,1.0,473678612.2912932,0.0
steam-q2500-n11-k4-pump225,20260926-design-study-component-alternatives:c0385,completed,"[""steam_connector_catalog""]",[],pass,True,diagnostic_agreement_not_released,False,[],[],[],[],[],2500.0,2598.4236983110704,2000.0,1.5,"[25.0, 25.0, 25.0]",11.0,4.0,225.0,937.5789564279194,559.4931629141395,36.64730676272443,33.7683089932799,960.2748911376034,22.695934709684032,937.5789564279194,1660.8447418831506,0.0,4.547473508864641e-13,4.547473508864641e-13,2764816352.549668,2188992982.1572046,43779859.64314409,2832.210038746655,4027184.8907485222,280449190.0194184,210588610.40375155,495064985.3139185,15.372451026882835,6981212.909562288,107318353.56048849,3932928624.2017417,3932928624.2017417,36.64730676272443,1.0,673003748.3280368,43538.01011847889,566.9107451152818,7.417582201142323,559.4931629141395,2038.9305353922855,0.0,4.645471562980674e-09,4.645471562980674e-09,1540673674.8191283,1540673674.8191283,30813473.496382564,0.0,0.0,0.0,148218076.03332967,148218076.03332967,15.372451026882835,4165986.0910586827,64041417.16347466,2162570363.143751,2162570363.143751,33.7683089932799,1.0,473678612.2912932,0.0
steam-q2500-n11-k4-pump250,20260926-design-study-component-alternatives:c0386,completed,"[""steam_connector_catalog""]",[],pass,True,diagnostic_agreement_not_released,False,[],[],[],[],[],2500.0,2598.4236983110704,2000.0,1.5,"[25.0, 25.0, 25.0]",11.0,4.0,250.0,937.5789564279194,559.4931629141395,36.652343565598954,33.7683089932799,960.2748911376034,22.695934709684032,937.5789564279194,1660.8447418831506,0.0,4.547473508864641e-13,4.547473508864641e-13,2765060684.4573154,2188997143.023731,43779942.860474624,2832.210038746655,4321714.830876321,280449190.0194184,210589010.69334,495359915.5436347,15.372451026882835,6981212.909562288,107318353.56048849,3933469165.593444,3933469165.593444,36.652343565598954,1.0,673005027.5823749,43538.01011847889,566.9107451152818,7.417582201142323,559.4931629141395,2038.9305353922855,0.0,4.645471562980674e-09,4.645471562980674e-09,1540673674.8191283,1540673674.8191283,30813473.496382564,0.0,0.0,0.0,148218076.03332967,148218076.03332967,15.372451026882835,4165986.0910586827,64041417.16347466,2162570363.143751,2162570363.143751,33.7683089932799,1.0,473678612.2912932,0.0
steam-q2500-n12-k2-pump225,20260926-design-study-component-alternatives:c0387,completed,"[""steam_connector_catalog""]",[],equipment_or_coupling_insufficient,False,diagnostic_agreement_not_released,False,[],[],"[""component_alternatives__plant__salt_electric_capacity__capacity_requirement__d0a6e35468ded9cc"", ""component_alternatives__plant__salt_flow_capacity__capacity_requirement__1f3f2b5125f26aed"", ""component_alternatives__plant__salt_shaft_capacity__capacity_requirement__419a029d2df87f3c"", ""component_alternatives__plant__steam_transport__motor_factor_ok_required__eed87936beb69817"", ""component_alternatives__plant__steam_transport__pump_type_ok_required__a1706d503ff60f4c""]",[],[],2500.0,2598.4236983110704,2000.0,1.5,"[25.0, 25.0, 25.0]",12.0,2.0,225.0,937.5789564279194,559.4931629141395,39.49522850769082,33.7683089932799,960.2748911376034,22.695934709684032,937.5789564279194,1660.8447418831506,0.0,4.547473508864641e-13,4.547473508864641e-13,2980163603.5089154,2354041357.511467,47080827.15022934,2832.210038746655,2196646.3040446485,305944570.9302746,226466828.51525885,534608045.7495781,15.372451026882835,6981212.909562288,107318353.56048849,4238562896.940648,4238562896.940648,39.49522850769082,1.0,723747709.6720363,43538.01011847889,566.9107451152818,7.417582201142323,559.4931629141395,2038.9305353922855,0.0,4.645471562980674e-09,4.645471562980674e-09,1540673674.8191283,1540673674.8191283,30813473.496382564,0.0,0.0,0.0,148218076.03332967,148218076.03332967,15.372451026882835,4165986.0910586827,64041417.16347466,2162570363.143751,2162570363.143751,33.7683089932799,1.0,473678612.2912932,0.0
steam-q2500-n12-k2-pump250,20260926-design-study-component-alternatives:c0388,completed,"[""steam_connector_catalog""]",[],equipment_or_coupling_insufficient,False,diagnostic_agreement_not_released,False,[],[],"[""component_alternatives__plant__salt_electric_capacity__capacity_requirement__d0a6e35468ded9cc"", ""component_alternatives__plant__salt_flow_capacity__capacity_requirement__1f3f2b5125f26aed"", ""component_alternatives__plant__salt_shaft_capacity__capacity_requirement__419a029d2df87f3c"", ""component_alternatives__plant__steam_transport__motor_factor_ok_required__eed87936beb69817"", ""component_alternatives__plant__steam_transport__pump_type_ok_required__a1706d503ff60f4c""]",[],[],2500.0,2598.4236983110704,2000.0,1.5,"[25.0, 25.0, 25.0]",12.0,2.0,250.0,937.5789564279194,559.4931629141395,39.49800059169384,33.7683089932799,960.2748911376034,22.695934709684032,937.5789564279194,1660.8447418831506,0.0,4.547473508864641e-13,4.547473508864641e-13,2980298766.761508,2354045518.3779936,47080910.36755987,2832.210038746655,2357298.998659812,305944570.9302746,226467228.8048473,534769098.7337817,15.372451026882835,6981212.909562288,107318353.56048849,4238860392.4317827,4238860392.4317827,39.49800059169384,1.0,723748988.9263744,43538.01011847889,566.9107451152818,7.417582201142323,559.4931629141395,2038.9305353922855,0.0,4.645471562980674e-09,4.645471562980674e-09,1540673674.8191283,1540673674.8191283,30813473.496382564,0.0,0.0,0.0,148218076.03332967,148218076.03332967,15.372451026882835,4165986.0910586827,64041417.16347466,2162570363.143751,2162570363.143751,33.7683089932799,1.0,473678612.2912932,0.0
steam-q2500-n12-k3-pump225,20260926-design-study-component-alternatives:c0389,completed,"[""steam_connector_catalog""]",[],equipment_or_coupling_insufficient,False,diagnostic_agreement_not_released,False,[],[],"[""component_alternatives__plant__salt_electric_capacity__capacity_requirement__d0a6e35468ded9cc"", ""component_alternatives__plant__salt_flow_capacity__capacity_requirement__1f3f2b5125f26aed"", ""component_alternatives__plant__salt_shaft_capacity__capacity_requirement__419a029d2df87f3c""]",[],[],2500.0,2598.4236983110704,2000.0,1.5,"[25.0, 25.0, 25.0]",12.0,3.0,225.0,937.5789564279194,559.4931629141395,39.513808163702386,33.7683089932799,960.2748911376034,22.695934709684032,937.5789564279194,1660.8447418831506,0.0,4.547473508864641e-13,4.547473508864641e-13,2981059218.449774,2354041357.5114675,47080827.15022935,2832.210038746655,3294969.4560669735,305944570.9302746,226466828.5152589,535706368.9016005,15.372451026882835,6981212.909562288,107318353.56048849,4240556835.0335293,4240556835.0335293,39.513808163702386,1.0,723747709.6720364,43538.01011847889,566.9107451152818,7.417582201142323,559.4931629141395,2038.9305353922855,0.0,4.645471562980674e-09,4.645471562980674e-09,1540673674.8191283,1540673674.8191283,30813473.496382564,0.0,0.0,0.0,148218076.03332967,148218076.03332967,15.372451026882835,4165986.0910586827,64041417.16347466,2162570363.143751,2162570363.143751,33.7683089932799,1.0,473678612.2912932,0.0
steam-q2500-n12-k3-pump250,20260926-design-study-component-alternatives:c0390,completed,"[""steam_connector_catalog""]",[],pass,True,diagnostic_agreement_not_released,False,[],[],[],[],[],2500.0,2598.4236983110704,2000.0,1.5,"[25.0, 25.0, 25.0]",12.0,3.0,250.0,937.5789564279194,559.4931629141395,39.517939079028295,33.7683089932799,960.2748911376034,22.695934709684032,937.5789564279194,1660.8447418831506,0.0,4.547473508864641e-13,4.547473508864641e-13,2981259882.895399,2354045518.3779936,47080910.36755987,2832.210038746655,3535948.497989718,305944570.9302746,226467228.8048473,535947748.2331116,15.372451026882835,6981212.909562288,107318353.56048849,4241000158.0650034,4241000158.0650034,39.517939079028295,1.0,723748988.9263744,43538.01011847889,566.9107451152818,7.417582201142323,559.4931629141395,2038.9305353922855,0.0,4.645471562980674e-09,4.645471562980674e-09,1540673674.8191283,1540673674.8191283,30813473.496382564,0.0,0.0,0.0,148218076.03332967,148218076.03332967,15.372451026882835,4165986.0910586827,64041417.16347466,2162570363.143751,2162570363.143751,33.7683089932799,1.0,473678612.2912932,0.0
steam-q2500-n12-k4-pump225,20260926-design-study-component-alternatives:c0391,completed,"[""steam_connector_catalog""]",[],pass,True,diagnostic_agreement_not_released,False,[],[],[],[],[],2500.0,2598.4236983110704,2000.0,1.5,"[25.0, 25.0, 25.0]",12.0,4.0,225.0,937.5789564279194,559.4931629141395,39.532387819713946,33.7683089932799,960.2748911376034,22.695934709684032,937.5789564279194,1660.8447418831506,0.0,4.547473508864641e-13,4.547473508864641e-13,2981954833.390632,2354041357.5114675,47080827.15022935,2832.210038746655,4393292.608089297,305944570.9302746,226466828.5152589,536804692.0536228,15.372451026882835,6981212.909562288,107318353.56048849,4242550773.1264095,4242550773.1264095,39.532387819713946,1.0,723747709.6720364,43538.01011847889,566.9107451152818,7.417582201142323,559.4931629141395,2038.9305353922855,0.0,4.645471562980674e-09,4.645471562980674e-09,1540673674.8191283,1540673674.8191283,30813473.496382564,0.0,0.0,0.0,148218076.03332967,148218076.03332967,15.372451026882835,4165986.0910586827,64041417.16347466,2162570363.143751,2162570363.143751,33.7683089932799,1.0,473678612.2912932,0.0
steam-q2500-n12-k4-pump250,20260926-design-study-component-alternatives:c0392,completed,"[""steam_connector_catalog""]",[],pass,True,diagnostic_agreement_not_released,False,[],[],[],[],[],2500.0,2598.4236983110704,2000.0,1.5,"[25.0, 25.0, 25.0]",12.0,4.0,250.0,937.5789564279194,559.4931629141395,39.53787756636276,33.7683089932799,960.2748911376034,22.695934709684032,937.5789564279194,1660.8447418831506,0.0,4.547473508864641e-13,4.547473508864641e-13,2982220999.0292907,2354045518.377994,47080910.36755988,2832.210038746655,4714597.997319624,305944570.9302746,226467228.80484736,537126397.7324417,15.372451026882835,6981212.909562288,107318353.56048849,4243139923.698225,4243139923.698225,39.53787756636276,1.0,723748988.9263746,43538.01011847889,566.9107451152818,7.417582201142323,559.4931629141395,2038.9305353922855,0.0,4.645471562980674e-09,4.645471562980674e-09,1540673674.8191283,1540673674.8191283,30813473.496382564,0.0,0.0,0.0,148218076.03332967,148218076.03332967,15.372451026882835,4165986.0910586827,64041417.16347466,2162570363.143751,2162570363.143751,33.7683089932799,1.0,473678612.2912932,0.0
steam-q2500-n14-k2-pump225,20260926-design-study-component-alternatives:c0393,completed,"[""steam_connector_catalog""]",[],equipment_or_coupling_insufficient,False,diagnostic_agreement_not_released,False,[],[],"[""component_alternatives__plant__salt_electric_capacity__capacity_requirement__d0a6e35468ded9cc"", ""component_alternatives__plant__salt_flow_capacity__capacity_requirement__1f3f2b5125f26aed"", ""component_alternatives__plant__salt_shaft_capacity__capacity_requirement__419a029d2df87f3c"", ""component_alternatives__plant__steam_transport__pump_type_ok_required__a1706d503ff60f4c""]",[],[],2500.0,2598.4236983110704,2000.0,1.5,"[25.0, 25.0, 25.0]",14.0,2.0,225.0,937.5789564279194,559.4931629141395,45.25919740299931,33.7683089932799,960.2748911376034,22.695934709684032,937.5789564279194,1660.8447418831506,0.0,4.547473508864641e-13,4.547473508864641e-13,3414142026.8772235,2684138108.2199917,53682762.16439983,2832.210038746655,2562754.0213854234,356935332.75198704,258223264.73827347,617721351.5116459,15.372451026882835,6981212.909562288,107318353.56048849,4857142548.759023,4857142548.759023,45.25919740299931,1.0,825235632.3600352,43538.01011847889,566.9107451152818,7.417582201142323,559.4931629141395,2038.9305353922855,0.0,4.645471562980674e-09,4.645471562980674e-09,1540673674.8191283,1540673674.8191283,30813473.496382564,0.0,0.0,0.0,148218076.03332967,148218076.03332967,15.372451026882835,4165986.0910586827,64041417.16347466,2162570363.143751,2162570363.143751,33.7683089932799,1.0,473678612.2912932,0.0
steam-q2500-n14-k2-pump250,20260926-design-study-component-alternatives:c0394,completed,"[""steam_connector_catalog""]",[],equipment_or_coupling_insufficient,False,diagnostic_agreement_not_released,False,[],[],"[""component_alternatives__plant__salt_electric_capacity__capacity_requirement__d0a6e35468ded9cc"", ""component_alternatives__plant__salt_flow_capacity__capacity_requirement__1f3f2b5125f26aed"", ""component_alternatives__plant__salt_shaft_capacity__capacity_requirement__419a029d2df87f3c"", ""component_alternatives__plant__steam_transport__pump_type_ok_required__a1706d503ff60f4c""]",[],[],2500.0,2598.4236983110704,2000.0,1.5,"[25.0, 25.0, 25.0]",14.0,2.0,250.0,937.5789564279194,559.4931629141395,45.262422430776624,33.7683089932799,960.2748911376034,22.695934709684032,937.5789564279194,1660.8447418831506,0.0,4.547473508864641e-13,4.547473508864641e-13,3414299023.860827,2684142269.0865183,53682845.38173037,2832.210038746655,2750182.1651031133,356935332.75198704,258223665.0278619,617909179.944952,15.372451026882835,6981212.909562288,107318353.56048849,4857488653.430271,4857488653.430271,45.262422430776624,1.0,825236911.6143736,43538.01011847889,566.9107451152818,7.417582201142323,559.4931629141395,2038.9305353922855,0.0,4.645471562980674e-09,4.645471562980674e-09,1540673674.8191283,1540673674.8191283,30813473.496382564,0.0,0.0,0.0,148218076.03332967,148218076.03332967,15.372451026882835,4165986.0910586827,64041417.16347466,2162570363.143751,2162570363.143751,33.7683089932799,1.0,473678612.2912932,0.0
steam-q2500-n14-k3-pump225,20260926-design-study-component-alternatives:c0395,completed,"[""steam_connector_catalog""]",[],pass,True,diagnostic_agreement_not_released,False,[],[],[],[],[],2500.0,2598.4236983110704,2000.0,1.5,"[25.0, 25.0, 25.0]",14.0,3.0,225.0,937.5789564279194,559.4931629141395,45.28087366834614,33.7683089932799,960.2748911376034,22.695934709684032,937.5789564279194,1660.8447418831506,0.0,4.547473508864641e-13,4.547473508864641e-13,3415186910.9748917,2684138108.2199917,53682762.16439983,2832.210038746655,3844131.0320781358,356935332.75198704,258223264.73827347,619002728.5223386,15.372451026882835,6981212.909562288,107318353.56048849,4859468809.867384,4859468809.867384,45.28087366834614,1.0,825235632.3600352,43538.01011847889,566.9107451152818,7.417582201142323,559.4931629141395,2038.9305353922855,0.0,4.645471562980674e-09,4.645471562980674e-09,1540673674.8191283,1540673674.8191283,30813473.496382564,0.0,0.0,0.0,148218076.03332967,148218076.03332967,15.372451026882835,4165986.0910586827,64041417.16347466,2162570363.143751,2162570363.143751,33.7683089932799,1.0,473678612.2912932,0.0
steam-q2500-n14-k3-pump250,20260926-design-study-component-alternatives:c0396,completed,"[""steam_connector_catalog""]",[],pass,True,diagnostic_agreement_not_released,False,[],[],[],[],[],2500.0,2598.4236983110704,2000.0,1.5,"[25.0, 25.0, 25.0]",14.0,3.0,250.0,937.5789564279194,559.4931629141395,45.28568399933349,33.7683089932799,960.2748911376034,22.695934709684032,937.5789564279194,1660.8447418831506,0.0,4.547473508864641e-13,4.547473508864641e-13,3415420326.0170336,2684142269.0865183,53682845.38173037,2832.210038746655,4125273.2476546704,356935332.75198704,258223665.0278619,619284271.0275036,15.372451026882835,6981212.909562288,107318353.56048849,4859985046.669029,4859985046.669029,45.28568399933349,1.0,825236911.6143736,43538.01011847889,566.9107451152818,7.417582201142323,559.4931629141395,2038.9305353922855,0.0,4.645471562980674e-09,4.645471562980674e-09,1540673674.8191283,1540673674.8191283,30813473.496382564,0.0,0.0,0.0,148218076.03332967,148218076.03332967,15.372451026882835,4165986.0910586827,64041417.16347466,2162570363.143751,2162570363.143751,33.7683089932799,1.0,473678612.2912932,0.0
steam-q2500-n14-k4-pump225,20260926-design-study-component-alternatives:c0397,completed,"[""steam_connector_catalog""]",[],pass,True,diagnostic_agreement_not_released,False,[],[],[],[],[],2500.0,2598.4236983110704,2000.0,1.5,"[25.0, 25.0, 25.0]",14.0,4.0,225.0,937.5789564279194,559.4931629141395,45.302549933692944,33.7683089932799,960.2748911376034,22.695934709684032,937.5789564279194,1660.8447418831506,0.0,4.547473508864641e-13,4.547473508864641e-13,3416231795.0725594,2684138108.2199917,53682762.16439983,2832.210038746655,5125508.042770847,356935332.75198704,258223264.73827347,620284105.5330313,15.372451026882835,6981212.909562288,107318353.56048849,4861795070.975744,4861795070.975744,45.302549933692944,1.0,825235632.3600352,43538.01011847889,566.9107451152818,7.417582201142323,559.4931629141395,2038.9305353922855,0.0,4.645471562980674e-09,4.645471562980674e-09,1540673674.8191283,1540673674.8191283,30813473.496382564,0.0,0.0,0.0,148218076.03332967,148218076.03332967,15.372451026882835,4165986.0910586827,64041417.16347466,2162570363.143751,2162570363.143751,33.7683089932799,1.0,473678612.2912932,0.0
steam-q2800-n10-k2-pump225,20260926-design-study-component-alternatives:c0398,completed,"[""steam_connector_catalog""]",[],equipment_or_coupling_insufficient,False,diagnostic_agreement_not_released,False,[],[],"[""component_alternatives__plant__salt_electric_capacity__capacity_requirement__d0a6e35468ded9cc"", ""component_alternatives__plant__salt_flow_capacity__capacity_requirement__1f3f2b5125f26aed"", ""component_alternatives__plant__salt_shaft_capacity__capacity_requirement__419a029d2df87f3c"", ""component_alternatives__plant__steam_boundary__source_adequate_ok__eaa371ee289234f1"", ""component_alternatives__plant__steam_condensate_electric_capacity__capacity_requirement__7f87933904cdde5d"", ""component_alternatives__plant__steam_condensate_flow_capacity__capacity_requirement__a06233d7139b47ec"", ""component_alternatives__plant__steam_condensate_pressure_capacity__capacity_requirement__d523b96c0c76de1b"", ""component_alternatives__plant__steam_condenser_capacity__capacity_requirement__67922fb363412df0"", ""component_alternatives__plant__steam_conditions__supported_required__92a5d05764f5fff9"", ""component_alternatives__plant__steam_feed_electric_capacity__capacity_requirement__02f57441b4cf6746"", ""component_alternatives__plant__steam_feed_flow_capacity__capacity_requirement__f522084f390b88ed"", ""component_alternatives__plant__steam_feed_pressure_capacity__capacity_requirement__2b0a04222feb552b"", ""component_alternatives__plant__steam_gross_capacity__capacity_requirement__4252a99565636ed5"", ""component_alternatives__plant__steam_hp_flow_capacity__capacity_requirement__7d80da68d49ab07e"", ""component_alternatives__plant__steam_hp_shaft_capacity__capacity_requirement__08512b73f01b2ff4"", ""component_alternatives__plant__steam_lp_flow_capacity__capacity_requirement__704e61a5a8c7bf24"", ""component_alternatives__plant__steam_lp_shaft_capacity__capacity_requirement__145e6e0999fc7f4f"", ""component_alternatives__plant__steam_main_ua_capacity__capacity_requirement__c2efdc04c52106da"", ""component_alternatives__plant__steam_reheat_ua_capacity__capacity_requirement__ff5775187764fbbd"", ""component_alternatives__plant__steam_transport__ihx_capacity_ok_required__a8ade32d723ec9f2"", ""component_alternatives__plant__steam_transport__motor_factor_ok_required__eed87936beb69817"", ""component_alternatives__plant__steam_transport__pump_type_ok_required__a1706d503ff60f4c""]",[],[],2800.0,2938.4527131777613,1750.0,1.8,"[25.0, 25.0, 25.0]",10.0,2.0,225.0,1051.0153017578757,518.099044056604,30.090636295666727,36.46626686855654,1076.4920971795252,25.476795421649506,1051.0153017578757,1861.838517594512,25.59889382537267,25.59889382537358,9.094947017729282e-13,2546185180.1406074,2023944606.8029425,40478892.13605885,2832.210038746655,1830538.5867038742,254953809.10856223,194710392.2922443,451494739.9875104,15.372451026882835,7825859.936889143,120302648.62307274,3619983245.1222734,3619983245.1222734,30.090636295666727,1.0,622259786.9840374,43538.01011847889,524.6101992389462,6.511155182342151,518.099044056604,2420.353669123378,0.0,-2.2205313143786043e-09,-2.2205313143786043e-09,1540673674.8191283,1540673674.8191283,30813473.496382564,0.0,0.0,0.0,148218076.03332967,148218076.03332967,15.372451026882835,3857765.4820454735,59303310.945943095,2162570363.143751,2162570363.143751,36.46626686855654,1.0,473678612.2912932,0.0
steam-q2800-n10-k2-pump250,20260926-design-study-component-alternatives:c0399,completed,"[""steam_connector_catalog""]",[],equipment_or_coupling_insufficient,False,diagnostic_agreement_not_released,False,[],[],"[""component_alternatives__plant__salt_electric_capacity__capacity_requirement__d0a6e35468ded9cc"", ""component_alternatives__plant__salt_flow_capacity__capacity_requirement__1f3f2b5125f26aed"", ""component_alternatives__plant__salt_shaft_capacity__capacity_requirement__419a029d2df87f3c"", ""component_alternatives__plant__steam_boundary__source_adequate_ok__eaa371ee289234f1"", ""component_alternatives__plant__steam_condensate_electric_capacity__capacity_requirement__7f87933904cdde5d"", ""component_alternatives__plant__steam_condensate_flow_capacity__capacity_requirement__a06233d7139b47ec"", ""component_alternatives__plant__steam_condensate_pressure_capacity__capacity_requirement__d523b96c0c76de1b"", ""component_alternatives__plant__steam_condenser_capacity__capacity_requirement__67922fb363412df0"", ""component_alternatives__plant__steam_conditions__supported_required__92a5d05764f5fff9"", ""component_alternatives__plant__steam_feed_electric_capacity__capacity_requirement__02f57441b4cf6746"", ""component_alternatives__plant__steam_feed_flow_capacity__capacity_requirement__f522084f390b88ed"", ""component_alternatives__plant__steam_feed_pressure_capacity__capacity_requirement__2b0a04222feb552b"", ""component_alternatives__plant__steam_gross_capacity__capacity_requirement__4252a99565636ed5"", ""component_alternatives__plant__steam_hp_flow_capacity__capacity_requirement__7d80da68d49ab07e"", ""component_alternatives__plant__steam_hp_shaft_capacity__capacity_requirement__08512b73f01b2ff4"", ""component_alternatives__plant__steam_lp_flow_capacity__capacity_requirement__704e61a5a8c7bf24"", ""component_alternatives__plant__steam_lp_shaft_capacity__capacity_requirement__145e6e0999fc7f4f"", ""component_alternatives__plant__steam_main_ua_capacity__capacity_requirement__c2efdc04c52106da"", ""component_alternatives__plant__steam_reheat_ua_capacity__capacity_requirement__ff5775187764fbbd"", ""component_alternatives__plant__steam_transport__ihx_capacity_ok_required__a8ade32d723ec9f2"", ""component_alternatives__plant__steam_transport__motor_factor_ok_required__eed87936beb69817"", ""component_alternatives__plant__steam_transport__pump_type_ok_required__a1706d503ff60f4c""]",[],[],2800.0,2938.4527131777613,1750.0,1.8,"[25.0, 25.0, 25.0]",10.0,2.0,250.0,1051.0153017578757,518.099044056604,30.09270513050844,36.46626686855654,1076.4920971795252,25.476795421649506,1051.0153017578757,1861.838517594512,25.59889382537267,25.59889382537358,9.094947017729282e-13,2546298509.662189,2023948767.6694694,40478975.35338939,2832.210038746655,1964415.8322165094,254953809.10856223,194710792.58183274,451629017.5226115,15.372451026882835,7825859.936889143,120302648.62307274,3620232131.433295,3620232131.433295,30.09270513050844,1.0,622261066.2383757,43538.01011847889,524.6101992389462,6.511155182342151,518.099044056604,2420.353669123378,0.0,-2.2205313143786043e-09,-2.2205313143786043e-09,1540673674.8191283,1540673674.8191283,30813473.496382564,0.0,0.0,0.0,148218076.03332967,148218076.03332967,15.372451026882835,3857765.4820454735,59303310.945943095,2162570363.143751,2162570363.143751,36.46626686855654,1.0,473678612.2912932,0.0
steam-q2800-n10-k3-pump225,20260926-design-study-component-alternatives:c0400,completed,"[""steam_connector_catalog""]",[],equipment_or_coupling_insufficient,False,diagnostic_agreement_not_released,False,[],[],"[""component_alternatives__plant__salt_electric_capacity__capacity_requirement__d0a6e35468ded9cc"", ""component_alternatives__plant__salt_flow_capacity__capacity_requirement__1f3f2b5125f26aed"", ""component_alternatives__plant__salt_shaft_capacity__capacity_requirement__419a029d2df87f3c"", ""component_alternatives__plant__steam_boundary__source_adequate_ok__eaa371ee289234f1"", ""component_alternatives__plant__steam_condensate_electric_capacity__capacity_requirement__7f87933904cdde5d"", ""component_alternatives__plant__steam_condensate_flow_capacity__capacity_requirement__a06233d7139b47ec"", ""component_alternatives__plant__steam_condensate_pressure_capacity__capacity_requirement__d523b96c0c76de1b"", ""component_alternatives__plant__steam_condenser_capacity__capacity_requirement__67922fb363412df0"", ""component_alternatives__plant__steam_conditions__supported_required__92a5d05764f5fff9"", ""component_alternatives__plant__steam_feed_electric_capacity__capacity_requirement__02f57441b4cf6746"", ""component_alternatives__plant__steam_feed_flow_capacity__capacity_requirement__f522084f390b88ed"", ""component_alternatives__plant__steam_feed_pressure_capacity__capacity_requirement__2b0a04222feb552b"", ""component_alternatives__plant__steam_gross_capacity__capacity_requirement__4252a99565636ed5"", ""component_alternatives__plant__steam_hp_flow_capacity__capacity_requirement__7d80da68d49ab07e"", ""component_alternatives__plant__steam_hp_shaft_capacity__capacity_requirement__08512b73f01b2ff4"", ""component_alternatives__plant__steam_lp_flow_capacity__capacity_requirement__704e61a5a8c7bf24"", ""component_alternatives__plant__steam_lp_shaft_capacity__capacity_requirement__145e6e0999fc7f4f"", ""component_alternatives__plant__steam_main_ua_capacity__capacity_requirement__c2efdc04c52106da"", ""component_alternatives__plant__steam_reheat_ua_capacity__capacity_requirement__ff5775187764fbbd"", ""component_alternatives__plant__steam_transport__ihx_capacity_ok_required__a8ade32d723ec9f2"", ""component_alternatives__plant__steam_transport__pump_type_ok_required__a1706d503ff60f4c""]",[],[],2800.0,2938.4527131777613,1750.0,1.8,"[25.0, 25.0, 25.0]",10.0,3.0,225.0,1051.0153017578757,518.099044056604,30.10444825322892,36.46626686855654,1076.4920971795252,25.476795421649506,1051.0153017578757,1861.838517594512,25.59889382537267,25.59889382537358,9.094947017729282e-13,2546931525.924656,2023944606.8029428,40478892.13605886,2832.210038746655,2745807.8800558113,254953809.10856223,194710392.2922443,452410009.28086233,15.372451026882835,7825859.936889143,120302648.62307274,3621644860.199674,3621644860.199674,30.10444825322892,1.0,622259786.9840375,43538.01011847889,524.6101992389462,6.511155182342151,518.099044056604,2420.353669123378,0.0,-2.2205313143786043e-09,-2.2205313143786043e-09,1540673674.8191283,1540673674.8191283,30813473.496382564,0.0,0.0,0.0,148218076.03332967,148218076.03332967,15.372451026882835,3857765.4820454735,59303310.945943095,2162570363.143751,2162570363.143751,36.46626686855654,1.0,473678612.2912932,0.0
steam-q2800-n10-k3-pump250,20260926-design-study-component-alternatives:c0401,completed,"[""steam_connector_catalog""]",[],equipment_or_coupling_insufficient,False,diagnostic_agreement_not_released,False,[],[],"[""component_alternatives__plant__salt_electric_capacity__capacity_requirement__d0a6e35468ded9cc"", ""component_alternatives__plant__salt_flow_capacity__capacity_requirement__1f3f2b5125f26aed"", ""component_alternatives__plant__salt_shaft_capacity__capacity_requirement__419a029d2df87f3c"", ""component_alternatives__plant__steam_boundary__source_adequate_ok__eaa371ee289234f1"", ""component_alternatives__plant__steam_condensate_electric_capacity__capacity_requirement__7f87933904cdde5d"", ""component_alternatives__plant__steam_condensate_flow_capacity__capacity_requirement__a06233d7139b47ec"", ""component_alternatives__plant__steam_condensate_pressure_capacity__capacity_requirement__d523b96c0c76de1b"", ""component_alternatives__plant__steam_condenser_capacity__capacity_requirement__67922fb363412df0"", ""component_alternatives__plant__steam_conditions__supported_required__92a5d05764f5fff9"", ""component_alternatives__plant__steam_feed_electric_capacity__capacity_requirement__02f57441b4cf6746"", ""component_alternatives__plant__steam_feed_flow_capacity__capacity_requirement__f522084f390b88ed"", ""component_alternatives__plant__steam_feed_pressure_capacity__capacity_requirement__2b0a04222feb552b"", ""component_alternatives__plant__steam_gross_capacity__capacity_requirement__4252a99565636ed5"", ""component_alternatives__plant__steam_hp_flow_capacity__capacity_requirement__7d80da68d49ab07e"", ""component_alternatives__plant__steam_hp_shaft_capacity__capacity_requirement__08512b73f01b2ff4"", ""component_alternatives__plant__steam_lp_flow_capacity__capacity_requirement__704e61a5a8c7bf24"", ""component_alternatives__plant__steam_lp_shaft_capacity__capacity_requirement__145e6e0999fc7f4f"", ""component_alternatives__plant__steam_main_ua_capacity__capacity_requirement__c2efdc04c52106da"", ""component_alternatives__plant__steam_reheat_ua_capacity__capacity_requirement__ff5775187764fbbd"", ""component_alternatives__plant__steam_transport__ihx_capacity_ok_required__a8ade32d723ec9f2"", ""component_alternatives__plant__steam_transport__pump_type_ok_required__a1706d503ff60f4c""]",[],[],2800.0,2938.4527131777613,1750.0,1.8,"[25.0, 25.0, 25.0]",10.0,3.0,250.0,1051.0153017578757,518.099044056604,30.107527231668247,36.46626686855654,1076.4920971795252,25.476795421649506,1051.0153017578757,1861.838517594512,25.59889382537267,25.59889382537358,9.094947017729282e-13,2547099439.773765,2023948767.6694694,40478975.35338939,2832.210038746655,2946623.748324764,254953809.10856223,194710792.58183274,452611225.43871975,15.372451026882835,7825859.936889143,120302648.62307274,3622015269.460979,3622015269.460979,30.107527231668247,1.0,622261066.2383757,43538.01011847889,524.6101992389462,6.511155182342151,518.099044056604,2420.353669123378,0.0,-2.2205313143786043e-09,-2.2205313143786043e-09,1540673674.8191283,1540673674.8191283,30813473.496382564,0.0,0.0,0.0,148218076.03332967,148218076.03332967,15.372451026882835,3857765.4820454735,59303310.945943095,2162570363.143751,2162570363.143751,36.46626686855654,1.0,473678612.2912932,0.0
steam-q2800-n10-k4-pump225,20260926-design-study-component-alternatives:c0402,completed,"[""steam_connector_catalog""]",[],equipment_or_coupling_insufficient,False,diagnostic_agreement_not_released,False,[],[],"[""component_alternatives__plant__salt_electric_capacity__capacity_requirement__d0a6e35468ded9cc"", ""component_alternatives__plant__salt_flow_capacity__capacity_requirement__1f3f2b5125f26aed"", ""component_alternatives__plant__salt_shaft_capacity__capacity_requirement__419a029d2df87f3c"", ""component_alternatives__plant__steam_boundary__source_adequate_ok__eaa371ee289234f1"", ""component_alternatives__plant__steam_condensate_electric_capacity__capacity_requirement__7f87933904cdde5d"", ""component_alternatives__plant__steam_condensate_flow_capacity__capacity_requirement__a06233d7139b47ec"", ""component_alternatives__plant__steam_condensate_pressure_capacity__capacity_requirement__d523b96c0c76de1b"", ""component_alternatives__plant__steam_condenser_capacity__capacity_requirement__67922fb363412df0"", ""component_alternatives__plant__steam_conditions__supported_required__92a5d05764f5fff9"", ""component_alternatives__plant__steam_feed_electric_capacity__capacity_requirement__02f57441b4cf6746"", ""component_alternatives__plant__steam_feed_flow_capacity__capacity_requirement__f522084f390b88ed"", ""component_alternatives__plant__steam_feed_pressure_capacity__capacity_requirement__2b0a04222feb552b"", ""component_alternatives__plant__steam_gross_capacity__capacity_requirement__4252a99565636ed5"", ""component_alternatives__plant__steam_hp_flow_capacity__capacity_requirement__7d80da68d49ab07e"", ""component_alternatives__plant__steam_hp_shaft_capacity__capacity_requirement__08512b73f01b2ff4"", ""component_alternatives__plant__steam_lp_flow_capacity__capacity_requirement__704e61a5a8c7bf24"", ""component_alternatives__plant__steam_lp_shaft_capacity__capacity_requirement__145e6e0999fc7f4f"", ""component_alternatives__plant__steam_main_ua_capacity__capacity_requirement__c2efdc04c52106da"", ""component_alternatives__plant__steam_reheat_ua_capacity__capacity_requirement__ff5775187764fbbd"", ""component_alternatives__plant__steam_transport__ihx_capacity_ok_required__a8ade32d723ec9f2""]",[],[],2800.0,2938.4527131777613,1750.0,1.8,"[25.0, 25.0, 25.0]",10.0,4.0,225.0,1051.0153017578757,518.099044056604,30.118260210791103,36.46626686855654,1076.4920971795252,25.476795421649506,1051.0153017578757,1861.838517594512,25.59889382537267,25.59889382537358,9.094947017729282e-13,2547677871.7087045,2023944606.8029428,40478892.13605886,2832.210038746655,3661077.1734077483,254953809.10856223,194710392.2922443,453325278.5742142,15.372451026882835,7825859.936889143,120302648.62307274,3623306475.277075,3623306475.277075,30.118260210791103,1.0,622259786.9840375,43538.01011847889,524.6101992389462,6.511155182342151,518.099044056604,2420.353669123378,0.0,-2.2205313143786043e-09,-2.2205313143786043e-09,1540673674.8191283,1540673674.8191283,30813473.496382564,0.0,0.0,0.0,148218076.03332967,148218076.03332967,15.372451026882835,3857765.4820454735,59303310.945943095,2162570363.143751,2162570363.143751,36.46626686855654,1.0,473678612.2912932,0.0
steam-q2800-n10-k4-pump250,20260926-design-study-component-alternatives:c0403,completed,"[""steam_connector_catalog""]",[],equipment_or_coupling_insufficient,False,diagnostic_agreement_not_released,False,[],[],"[""component_alternatives__plant__steam_boundary__source_adequate_ok__eaa371ee289234f1"", ""component_alternatives__plant__steam_condensate_electric_capacity__capacity_requirement__7f87933904cdde5d"", ""component_alternatives__plant__steam_condensate_flow_capacity__capacity_requirement__a06233d7139b47ec"", ""component_alternatives__plant__steam_condensate_pressure_capacity__capacity_requirement__d523b96c0c76de1b"", ""component_alternatives__plant__steam_condenser_capacity__capacity_requirement__67922fb363412df0"", ""component_alternatives__plant__steam_conditions__supported_required__92a5d05764f5fff9"", ""component_alternatives__plant__steam_feed_electric_capacity__capacity_requirement__02f57441b4cf6746"", ""component_alternatives__plant__steam_feed_flow_capacity__capacity_requirement__f522084f390b88ed"", ""component_alternatives__plant__steam_feed_pressure_capacity__capacity_requirement__2b0a04222feb552b"", ""component_alternatives__plant__steam_gross_capacity__capacity_requirement__4252a99565636ed5"", ""component_alternatives__plant__steam_hp_flow_capacity__capacity_requirement__7d80da68d49ab07e"", ""component_alternatives__plant__steam_hp_shaft_capacity__capacity_requirement__08512b73f01b2ff4"", ""component_alternatives__plant__steam_lp_flow_capacity__capacity_requirement__704e61a5a8c7bf24"", ""component_alternatives__plant__steam_lp_shaft_capacity__capacity_requirement__145e6e0999fc7f4f"", ""component_alternatives__plant__steam_main_ua_capacity__capacity_requirement__c2efdc04c52106da"", ""component_alternatives__plant__steam_reheat_ua_capacity__capacity_requirement__ff5775187764fbbd"", ""component_alternatives__plant__steam_transport__ihx_capacity_ok_required__a8ade32d723ec9f2""]",[],[],2800.0,2938.4527131777613,1750.0,1.8,"[25.0, 25.0, 25.0]",10.0,4.0,250.0,1051.0153017578757,518.099044056604,30.122349332828055,36.46626686855654,1076.4920971795252,25.476795421649506,1051.0153017578757,1861.838517594512,25.59889382537267,25.59889382537358,9.094947017729282e-13,2547900369.8853407,2023948767.6694689,40478975.353389375,2832.210038746655,3928831.664433019,254953809.10856223,194710792.5818327,453593433.354828,15.372451026882835,7825859.936889143,120302648.62307274,3623798407.4886627,3623798407.4886627,30.122349332828055,1.0,622261066.2383754,43538.01011847889,524.6101992389462,6.511155182342151,518.099044056604,2420.353669123378,0.0,-2.2205313143786043e-09,-2.2205313143786043e-09,1540673674.8191283,1540673674.8191283,30813473.496382564,0.0,0.0,0.0,148218076.03332967,148218076.03332967,15.372451026882835,3857765.4820454735,59303310.945943095,2162570363.143751,2162570363.143751,36.46626686855654,1.0,473678612.2912932,0.0
steam-q2800-n11-k2-pump225,20260926-design-study-component-alternatives:c0404,completed,"[""steam_connector_catalog""]",[],equipment_or_coupling_insufficient,False,diagnostic_agreement_not_released,False,[],[],"[""component_alternatives__plant__salt_electric_capacity__capacity_requirement__d0a6e35468ded9cc"", ""component_alternatives__plant__salt_flow_capacity__capacity_requirement__1f3f2b5125f26aed"", ""component_alternatives__plant__salt_shaft_capacity__capacity_requirement__419a029d2df87f3c"", ""component_alternatives__plant__steam_transport__motor_factor_ok_required__eed87936beb69817"", ""component_alternatives__plant__steam_transport__pump_type_ok_required__a1706d503ff60f4c""]",[],[],2800.0,2938.4527131777613,1750.0,1.8,"[25.0, 25.0, 25.0]",11.0,2.0,225.0,1060.283449630589,518.099044056604,32.37606620117469,36.46626686855654,1085.9362008951196,25.652751264530504,1060.283449630589,1878.1692635471718,0.0,4.547473508864641e-13,4.547473508864641e-13,2763174391.8247614,2188992982.157205,43779859.6431441,2832.210038746655,2013592.4453742611,280449190.0194184,210588610.4037516,493051392.8685443,15.372451026882835,7894870.5659493655,121363511.1386354,3929273071.031461,3929273071.031461,32.37606620117469,1.0,673003748.3280369,43538.01011847889,524.6101992389462,6.511155182342151,518.099044056604,2420.353669123378,0.0,-2.2205313143786043e-09,-2.2205313143786043e-09,1540673674.8191283,1540673674.8191283,30813473.496382564,0.0,0.0,0.0,148218076.03332967,148218076.03332967,15.372451026882835,3857765.4820454735,59303310.945943095,2162570363.143751,2162570363.143751,36.46626686855654,1.0,473678612.2912932,0.0
steam-q2800-n11-k2-pump250,20260926-design-study-component-alternatives:c0405,completed,"[""steam_connector_catalog""]",[],equipment_or_coupling_insufficient,False,diagnostic_agreement_not_released,False,[],[],"[""component_alternatives__plant__salt_electric_capacity__capacity_requirement__d0a6e35468ded9cc"", ""component_alternatives__plant__salt_flow_capacity__capacity_requirement__1f3f2b5125f26aed"", ""component_alternatives__plant__salt_shaft_capacity__capacity_requirement__419a029d2df87f3c"", ""component_alternatives__plant__steam_transport__motor_factor_ok_required__eed87936beb69817"", ""component_alternatives__plant__steam_transport__pump_type_ok_required__a1706d503ff60f4c""]",[],[],2800.0,2938.4527131777613,1750.0,1.8,"[25.0, 25.0, 25.0]",11.0,2.0,250.0,1060.283449630589,518.099044056604,32.37831721466725,36.46626686855654,1085.9362008951196,25.652751264530504,1060.283449630589,1878.1692635471718,0.0,4.547473508864641e-13,4.547473508864641e-13,2763298638.2118483,2188997143.023731,43779942.860474624,2832.210038746655,2160857.4154381603,280449190.0194184,210589010.69334,493199058.1281966,15.372451026882835,7894870.5659493655,121363511.1386354,3929546261.9325385,3929546261.9325385,32.37831721466725,1.0,673005027.5823749,43538.01011847889,524.6101992389462,6.511155182342151,518.099044056604,2420.353669123378,0.0,-2.2205313143786043e-09,-2.2205313143786043e-09,1540673674.8191283,1540673674.8191283,30813473.496382564,0.0,0.0,0.0,148218076.03332967,148218076.03332967,15.372451026882835,3857765.4820454735,59303310.945943095,2162570363.143751,2162570363.143751,36.46626686855654,1.0,473678612.2912932,0.0
steam-q2800-n11-k3-pump225,20260926-design-study-component-alternatives:c0406,completed,"[""steam_connector_catalog""]",[],equipment_or_coupling_insufficient,False,diagnostic_agreement_not_released,False,[],[],"[""component_alternatives__plant__salt_electric_capacity__capacity_requirement__d0a6e35468ded9cc"", ""component_alternatives__plant__salt_flow_capacity__capacity_requirement__1f3f2b5125f26aed"", ""component_alternatives__plant__salt_shaft_capacity__capacity_requirement__419a029d2df87f3c"", ""component_alternatives__plant__steam_transport__pump_type_ok_required__a1706d503ff60f4c""]",[],[],2800.0,2938.4527131777613,1750.0,1.8,"[25.0, 25.0, 25.0]",11.0,3.0,225.0,1060.283449630589,518.099044056604,32.391126548127346,36.46626686855654,1085.9362008951196,25.652751264530504,1060.283449630589,1878.1692635471718,0.0,4.547473508864641e-13,4.547473508864641e-13,2763995372.1872144,2188992982.1572046,43779859.64314409,2832.210038746655,3020388.6680613915,280449190.0194184,210588610.40375155,494058189.09123135,15.372451026882835,7894870.5659493655,121363511.1386354,3931100847.616601,3931100847.616601,32.391126548127346,1.0,673003748.3280368,43538.01011847889,524.6101992389462,6.511155182342151,518.099044056604,2420.353669123378,0.0,-2.2205313143786043e-09,-2.2205313143786043e-09,1540673674.8191283,1540673674.8191283,30813473.496382564,0.0,0.0,0.0,148218076.03332967,148218076.03332967,15.372451026882835,3857765.4820454735,59303310.945943095,2162570363.143751,2162570363.143751,36.46626686855654,1.0,473678612.2912932,0.0
steam-q2800-n11-k3-pump250,20260926-design-study-component-alternatives:c0407,completed,"[""steam_connector_catalog""]",[],equipment_or_coupling_insufficient,False,diagnostic_agreement_not_released,False,[],[],"[""component_alternatives__plant__salt_electric_capacity__capacity_requirement__d0a6e35468ded9cc"", ""component_alternatives__plant__salt_flow_capacity__capacity_requirement__1f3f2b5125f26aed"", ""component_alternatives__plant__salt_shaft_capacity__capacity_requirement__419a029d2df87f3c"", ""component_alternatives__plant__steam_transport__pump_type_ok_required__a1706d503ff60f4c""]",[],[],2800.0,2938.4527131777613,1750.0,1.8,"[25.0, 25.0, 25.0]",11.0,3.0,250.0,1060.283449630589,518.099044056604,32.394479006725255,36.46626686855654,1085.9362008951196,25.652751264530504,1060.283449630589,1878.1692635471718,0.0,4.547473508864641e-13,4.547473508864641e-13,2764179661.334582,2188997143.023731,43779942.860474624,2832.210038746655,3241286.1231572414,280449190.0194184,210589010.69334,494279486.8359157,15.372451026882835,7894870.5659493655,121363511.1386354,3931507713.762991,3931507713.762991,32.394479006725255,1.0,673005027.5823749,43538.01011847889,524.6101992389462,6.511155182342151,518.099044056604,2420.353669123378,0.0,-2.2205313143786043e-09,-2.2205313143786043e-09,1540673674.8191283,1540673674.8191283,30813473.496382564,0.0,0.0,0.0,148218076.03332967,148218076.03332967,15.372451026882835,3857765.4820454735,59303310.945943095,2162570363.143751,2162570363.143751,36.46626686855654,1.0,473678612.2912932,0.0
steam-q2800-n11-k4-pump225,20260926-design-study-component-alternatives:c0408,completed,"[""steam_connector_catalog""]",[],pass,True,diagnostic_agreement_not_released,False,[],[],[],[],[],2800.0,2938.4527131777613,1750.0,1.8,"[25.0, 25.0, 25.0]",11.0,4.0,225.0,1060.283449630589,518.099044056604,32.406186895080005,36.46626686855654,1085.9362008951196,25.652751264530504,1060.283449630589,1878.1692635471718,0.0,4.547473508864641e-13,4.547473508864641e-13,2764816352.549668,2188992982.1572046,43779859.64314409,2832.210038746655,4027184.8907485222,280449190.0194184,210588610.40375155,495064985.3139185,15.372451026882835,7894870.5659493655,121363511.1386354,3932928624.2017417,3932928624.2017417,32.406186895080005,1.0,673003748.3280368,43538.01011847889,524.6101992389462,6.511155182342151,518.099044056604,2420.353669123378,0.0,-2.2205313143786043e-09,-2.2205313143786043e-09,1540673674.8191283,1540673674.8191283,30813473.496382564,0.0,0.0,0.0,148218076.03332967,148218076.03332967,15.372451026882835,3857765.4820454735,59303310.945943095,2162570363.143751,2162570363.143751,36.46626686855654,1.0,473678612.2912932,0.0
steam-q2800-n11-k4-pump250,20260926-design-study-component-alternatives:c0409,completed,"[""steam_connector_catalog""]",[],pass,True,diagnostic_agreement_not_released,False,[],[],[],[],[],2800.0,2938.4527131777613,1750.0,1.8,"[25.0, 25.0, 25.0]",11.0,4.0,250.0,1060.283449630589,518.099044056604,32.41064079878327,36.46626686855654,1085.9362008951196,25.652751264530504,1060.283449630589,1878.1692635471718,0.0,4.547473508864641e-13,4.547473508864641e-13,2765060684.4573154,2188997143.023731,43779942.860474624,2832.210038746655,4321714.830876321,280449190.0194184,210589010.69334,495359915.5436347,15.372451026882835,7894870.5659493655,121363511.1386354,3933469165.593444,3933469165.593444,32.41064079878327,1.0,673005027.5823749,43538.01011847889,524.6101992389462,6.511155182342151,518.099044056604,2420.353669123378,0.0,-2.2205313143786043e-09,-2.2205313143786043e-09,1540673674.8191283,1540673674.8191283,30813473.496382564,0.0,0.0,0.0,148218076.03332967,148218076.03332967,15.372451026882835,3857765.4820454735,59303310.945943095,2162570363.143751,2162570363.143751,36.46626686855654,1.0,473678612.2912932,0.0
steam-q2800-n12-k2-pump225,20260926-design-study-component-alternatives:c0410,completed,"[""steam_connector_catalog""]",[],equipment_or_coupling_insufficient,False,diagnostic_agreement_not_released,False,[],[],"[""component_alternatives__plant__salt_electric_capacity__capacity_requirement__d0a6e35468ded9cc"", ""component_alternatives__plant__salt_flow_capacity__capacity_requirement__1f3f2b5125f26aed"", ""component_alternatives__plant__salt_shaft_capacity__capacity_requirement__419a029d2df87f3c"", ""component_alternatives__plant__steam_transport__motor_factor_ok_required__eed87936beb69817"", ""component_alternatives__plant__steam_transport__pump_type_ok_required__a1706d503ff60f4c""]",[],[],2800.0,2938.4527131777613,1750.0,1.8,"[25.0, 25.0, 25.0]",12.0,2.0,225.0,1060.283449630589,518.099044056604,34.92452432509861,36.46626686855654,1085.9362008951196,25.652751264530504,1060.283449630589,1878.1692635471718,0.0,4.547473508864641e-13,4.547473508864641e-13,2980163603.5089154,2354041357.511467,47080827.15022934,2832.210038746655,2196646.3040446485,305944570.9302746,226466828.51525885,534608045.7495781,15.372451026882835,7894870.5659493655,121363511.1386354,4238562896.940648,4238562896.940648,34.92452432509861,1.0,723747709.6720363,43538.01011847889,524.6101992389462,6.511155182342151,518.099044056604,2420.353669123378,0.0,-2.2205313143786043e-09,-2.2205313143786043e-09,1540673674.8191283,1540673674.8191283,30813473.496382564,0.0,0.0,0.0,148218076.03332967,148218076.03332967,15.372451026882835,3857765.4820454735,59303310.945943095,2162570363.143751,2162570363.143751,36.46626686855654,1.0,473678612.2912932,0.0
steam-q2800-n12-k2-pump250,20260926-design-study-component-alternatives:c0411,completed,"[""steam_connector_catalog""]",[],equipment_or_coupling_insufficient,False,diagnostic_agreement_not_released,False,[],[],"[""component_alternatives__plant__salt_electric_capacity__capacity_requirement__d0a6e35468ded9cc"", ""component_alternatives__plant__salt_flow_capacity__capacity_requirement__1f3f2b5125f26aed"", ""component_alternatives__plant__salt_shaft_capacity__capacity_requirement__419a029d2df87f3c"", ""component_alternatives__plant__steam_transport__motor_factor_ok_required__eed87936beb69817"", ""component_alternatives__plant__steam_transport__pump_type_ok_required__a1706d503ff60f4c""]",[],[],2800.0,2938.4527131777613,1750.0,1.8,"[25.0, 25.0, 25.0]",12.0,2.0,250.0,1060.283449630589,518.099044056604,34.9269756013376,36.46626686855654,1085.9362008951196,25.652751264530504,1060.283449630589,1878.1692635471718,0.0,4.547473508864641e-13,4.547473508864641e-13,2980298766.761508,2354045518.3779936,47080910.36755987,2832.210038746655,2357298.998659812,305944570.9302746,226467228.8048473,534769098.7337817,15.372451026882835,7894870.5659493655,121363511.1386354,4238860392.4317827,4238860392.4317827,34.9269756013376,1.0,723748988.9263744,43538.01011847889,524.6101992389462,6.511155182342151,518.099044056604,2420.353669123378,0.0,-2.2205313143786043e-09,-2.2205313143786043e-09,1540673674.8191283,1540673674.8191283,30813473.496382564,0.0,0.0,0.0,148218076.03332967,148218076.03332967,15.372451026882835,3857765.4820454735,59303310.945943095,2162570363.143751,2162570363.143751,36.46626686855654,1.0,473678612.2912932,0.0
steam-q2800-n12-k3-pump225,20260926-design-study-component-alternatives:c0412,completed,"[""steam_connector_catalog""]",[],equipment_or_coupling_insufficient,False,diagnostic_agreement_not_released,False,[],[],"[""component_alternatives__plant__salt_electric_capacity__capacity_requirement__d0a6e35468ded9cc"", ""component_alternatives__plant__salt_flow_capacity__capacity_requirement__1f3f2b5125f26aed"", ""component_alternatives__plant__salt_shaft_capacity__capacity_requirement__419a029d2df87f3c""]",[],[],2800.0,2938.4527131777613,1750.0,1.8,"[25.0, 25.0, 25.0]",12.0,3.0,225.0,1060.283449630589,518.099044056604,34.94095379450151,36.46626686855654,1085.9362008951196,25.652751264530504,1060.283449630589,1878.1692635471718,0.0,4.547473508864641e-13,4.547473508864641e-13,2981059218.449774,2354041357.5114675,47080827.15022935,2832.210038746655,3294969.4560669735,305944570.9302746,226466828.5152589,535706368.9016005,15.372451026882835,7894870.5659493655,121363511.1386354,4240556835.0335293,4240556835.0335293,34.94095379450151,1.0,723747709.6720364,43538.01011847889,524.6101992389462,6.511155182342151,518.099044056604,2420.353669123378,0.0,-2.2205313143786043e-09,-2.2205313143786043e-09,1540673674.8191283,1540673674.8191283,30813473.496382564,0.0,0.0,0.0,148218076.03332967,148218076.03332967,15.372451026882835,3857765.4820454735,59303310.945943095,2162570363.143751,2162570363.143751,36.46626686855654,1.0,473678612.2912932,0.0
steam-q2800-n12-k3-pump250,20260926-design-study-component-alternatives:c0413,completed,"[""steam_connector_catalog""]",[],equipment_or_coupling_insufficient,False,diagnostic_agreement_not_released,False,[],[],"[""component_alternatives__plant__salt_electric_capacity__capacity_requirement__d0a6e35468ded9cc"", ""component_alternatives__plant__salt_flow_capacity__capacity_requirement__1f3f2b5125f26aed"", ""component_alternatives__plant__salt_shaft_capacity__capacity_requirement__419a029d2df87f3c""]",[],[],2800.0,2938.4527131777613,1750.0,1.8,"[25.0, 25.0, 25.0]",12.0,3.0,250.0,1060.283449630589,518.099044056604,34.94460664721907,36.46626686855654,1085.9362008951196,25.652751264530504,1060.283449630589,1878.1692635471718,0.0,4.547473508864641e-13,4.547473508864641e-13,2981259882.895399,2354045518.3779936,47080910.36755987,2832.210038746655,3535948.497989718,305944570.9302746,226467228.8048473,535947748.2331116,15.372451026882835,7894870.5659493655,121363511.1386354,4241000158.0650034,4241000158.0650034,34.94460664721907,1.0,723748988.9263744,43538.01011847889,524.6101992389462,6.511155182342151,518.099044056604,2420.353669123378,0.0,-2.2205313143786043e-09,-2.2205313143786043e-09,1540673674.8191283,1540673674.8191283,30813473.496382564,0.0,0.0,0.0,148218076.03332967,148218076.03332967,15.372451026882835,3857765.4820454735,59303310.945943095,2162570363.143751,2162570363.143751,36.46626686855654,1.0,473678612.2912932,0.0
steam-q2800-n12-k4-pump225,20260926-design-study-component-alternatives:c0414,completed,"[""steam_connector_catalog""]",[],pass,True,diagnostic_agreement_not_released,False,[],[],[],[],[],2800.0,2938.4527131777613,1750.0,1.8,"[25.0, 25.0, 25.0]",12.0,4.0,225.0,1060.283449630589,518.099044056604,34.95738326390442,36.46626686855654,1085.9362008951196,25.652751264530504,1060.283449630589,1878.1692635471718,0.0,4.547473508864641e-13,4.547473508864641e-13,2981954833.390632,2354041357.5114675,47080827.15022935,2832.210038746655,4393292.608089297,305944570.9302746,226466828.5152589,536804692.0536228,15.372451026882835,7894870.5659493655,121363511.1386354,4242550773.1264095,4242550773.1264095,34.95738326390442,1.0,723747709.6720364,43538.01011847889,524.6101992389462,6.511155182342151,518.099044056604,2420.353669123378,0.0,-2.2205313143786043e-09,-2.2205313143786043e-09,1540673674.8191283,1540673674.8191283,30813473.496382564,0.0,0.0,0.0,148218076.03332967,148218076.03332967,15.372451026882835,3857765.4820454735,59303310.945943095,2162570363.143751,2162570363.143751,36.46626686855654,1.0,473678612.2912932,0.0
steam-q2800-n12-k4-pump250,20260926-design-study-component-alternatives:c0415,completed,"[""steam_connector_catalog""]",[],pass,True,diagnostic_agreement_not_released,False,[],[],[],[],[],2800.0,2938.4527131777613,1750.0,1.8,"[25.0, 25.0, 25.0]",12.0,4.0,250.0,1060.283449630589,518.099044056604,34.96223769310053,36.46626686855654,1085.9362008951196,25.652751264530504,1060.283449630589,1878.1692635471718,0.0,4.547473508864641e-13,4.547473508864641e-13,2982220999.0292907,2354045518.377994,47080910.36755988,2832.210038746655,4714597.997319624,305944570.9302746,226467228.80484736,537126397.7324417,15.372451026882835,7894870.5659493655,121363511.1386354,4243139923.698225,4243139923.698225,34.96223769310053,1.0,723748988.9263746,43538.01011847889,524.6101992389462,6.511155182342151,518.099044056604,2420.353669123378,0.0,-2.2205313143786043e-09,-2.2205313143786043e-09,1540673674.8191283,1540673674.8191283,30813473.496382564,0.0,0.0,0.0,148218076.03332967,148218076.03332967,15.372451026882835,3857765.4820454735,59303310.945943095,2162570363.143751,2162570363.143751,36.46626686855654,1.0,473678612.2912932,0.0
steam-q2800-n14-k2-pump225,20260926-design-study-component-alternatives:c0416,completed,"[""steam_connector_catalog""]",[],equipment_or_coupling_insufficient,False,diagnostic_agreement_not_released,False,[],[],"[""component_alternatives__plant__salt_electric_capacity__capacity_requirement__d0a6e35468ded9cc"", ""component_alternatives__plant__salt_flow_capacity__capacity_requirement__1f3f2b5125f26aed"", ""component_alternatives__plant__salt_shaft_capacity__capacity_requirement__419a029d2df87f3c"", ""component_alternatives__plant__steam_transport__motor_factor_ok_required__eed87936beb69817"", ""component_alternatives__plant__steam_transport__pump_type_ok_required__a1706d503ff60f4c""]",[],[],2800.0,2938.4527131777613,1750.0,1.8,"[25.0, 25.0, 25.0]",14.0,2.0,225.0,1060.283449630589,518.099044056604,40.02144057294647,36.46626686855654,1085.9362008951196,25.652751264530504,1060.283449630589,1878.1692635471718,0.0,4.547473508864641e-13,4.547473508864641e-13,3414142026.8772235,2684138108.2199917,53682762.16439983,2832.210038746655,2562754.0213854234,356935332.75198704,258223264.73827347,617721351.5116459,15.372451026882835,7894870.5659493655,121363511.1386354,4857142548.759023,4857142548.759023,40.02144057294647,1.0,825235632.3600352,43538.01011847889,524.6101992389462,6.511155182342151,518.099044056604,2420.353669123378,0.0,-2.2205313143786043e-09,-2.2205313143786043e-09,1540673674.8191283,1540673674.8191283,30813473.496382564,0.0,0.0,0.0,148218076.03332967,148218076.03332967,15.372451026882835,3857765.4820454735,59303310.945943095,2162570363.143751,2162570363.143751,36.46626686855654,1.0,473678612.2912932,0.0
steam-q2800-n14-k2-pump250,20260926-design-study-component-alternatives:c0417,completed,"[""steam_connector_catalog""]",[],equipment_or_coupling_insufficient,False,diagnostic_agreement_not_released,False,[],[],"[""component_alternatives__plant__salt_electric_capacity__capacity_requirement__d0a6e35468ded9cc"", ""component_alternatives__plant__salt_flow_capacity__capacity_requirement__1f3f2b5125f26aed"", ""component_alternatives__plant__salt_shaft_capacity__capacity_requirement__419a029d2df87f3c"", ""component_alternatives__plant__steam_transport__motor_factor_ok_required__eed87936beb69817"", ""component_alternatives__plant__steam_transport__pump_type_ok_required__a1706d503ff60f4c""]",[],[],2800.0,2938.4527131777613,1750.0,1.8,"[25.0, 25.0, 25.0]",14.0,2.0,250.0,1060.283449630589,518.099044056604,40.02429237467831,36.46626686855654,1085.9362008951196,25.652751264530504,1060.283449630589,1878.1692635471718,0.0,4.547473508864641e-13,4.547473508864641e-13,3414299023.860827,2684142269.0865183,53682845.38173037,2832.210038746655,2750182.1651031133,356935332.75198704,258223665.0278619,617909179.944952,15.372451026882835,7894870.5659493655,121363511.1386354,4857488653.430271,4857488653.430271,40.02429237467831,1.0,825236911.6143736,43538.01011847889,524.6101992389462,6.511155182342151,518.099044056604,2420.353669123378,0.0,-2.2205313143786043e-09,-2.2205313143786043e-09,1540673674.8191283,1540673674.8191283,30813473.496382564,0.0,0.0,0.0,148218076.03332967,148218076.03332967,15.372451026882835,3857765.4820454735,59303310.945943095,2162570363.143751,2162570363.143751,36.46626686855654,1.0,473678612.2912932,0.0
steam-q2800-n14-k3-pump225,20260926-design-study-component-alternatives:c0418,completed,"[""steam_connector_catalog""]",[],equipment_or_coupling_insufficient,False,diagnostic_agreement_not_released,False,[],[],"[""component_alternatives__plant__salt_electric_capacity__capacity_requirement__d0a6e35468ded9cc"", ""component_alternatives__plant__salt_flow_capacity__capacity_requirement__1f3f2b5125f26aed"", ""component_alternatives__plant__salt_shaft_capacity__capacity_requirement__419a029d2df87f3c""]",[],[],2800.0,2938.4527131777613,1750.0,1.8,"[25.0, 25.0, 25.0]",14.0,3.0,225.0,1060.283449630589,518.099044056604,40.04060828724985,36.46626686855654,1085.9362008951196,25.652751264530504,1060.283449630589,1878.1692635471718,0.0,4.547473508864641e-13,4.547473508864641e-13,3415186910.9748917,2684138108.2199917,53682762.16439983,2832.210038746655,3844131.0320781358,356935332.75198704,258223264.73827347,619002728.5223386,15.372451026882835,7894870.5659493655,121363511.1386354,4859468809.867384,4859468809.867384,40.04060828724985,1.0,825235632.3600352,43538.01011847889,524.6101992389462,6.511155182342151,518.099044056604,2420.353669123378,0.0,-2.2205313143786043e-09,-2.2205313143786043e-09,1540673674.8191283,1540673674.8191283,30813473.496382564,0.0,0.0,0.0,148218076.03332967,148218076.03332967,15.372451026882835,3857765.4820454735,59303310.945943095,2162570363.143751,2162570363.143751,36.46626686855654,1.0,473678612.2912932,0.0
steam-q2800-n14-k3-pump250,20260926-design-study-component-alternatives:c0419,completed,"[""steam_connector_catalog""]",[],pass,True,diagnostic_agreement_not_released,False,[],[],[],[],[],2800.0,2938.4527131777613,1750.0,1.8,"[25.0, 25.0, 25.0]",14.0,3.0,250.0,1060.283449630589,518.099044056604,40.044861928206686,36.46626686855654,1085.9362008951196,25.652751264530504,1060.283449630589,1878.1692635471718,0.0,4.547473508864641e-13,4.547473508864641e-13,3415420326.0170336,2684142269.0865183,53682845.38173037,2832.210038746655,4125273.2476546704,356935332.75198704,258223665.0278619,619284271.0275036,15.372451026882835,7894870.5659493655,121363511.1386354,4859985046.669029,4859985046.669029,40.044861928206686,1.0,825236911.6143736,43538.01011847889,524.6101992389462,6.511155182342151,518.099044056604,2420.353669123378,0.0,-2.2205313143786043e-09,-2.2205313143786043e-09,1540673674.8191283,1540673674.8191283,30813473.496382564,0.0,0.0,0.0,148218076.03332967,148218076.03332967,15.372451026882835,3857765.4820454735,59303310.945943095,2162570363.143751,2162570363.143751,36.46626686855654,1.0,473678612.2912932,0.0
steam-q2800-n14-k4-pump225,20260926-design-study-component-alternatives:c0420,completed,"[""steam_connector_catalog""]",[],pass,True,diagnostic_agreement_not_released,False,[],[],[],[],[],2800.0,2938.4527131777613,1750.0,1.8,"[25.0, 25.0, 25.0]",14.0,4.0,225.0,1060.283449630589,518.099044056604,40.05977600155323,36.46626686855654,1085.9362008951196,25.652751264530504,1060.283449630589,1878.1692635471718,0.0,4.547473508864641e-13,4.547473508864641e-13,3416231795.0725594,2684138108.2199917,53682762.16439983,2832.210038746655,5125508.042770847,356935332.75198704,258223264.73827347,620284105.5330313,15.372451026882835,7894870.5659493655,121363511.1386354,4861795070.975744,4861795070.975744,40.05977600155323,1.0,825235632.3600352,43538.01011847889,524.6101992389462,6.511155182342151,518.099044056604,2420.353669123378,0.0,-2.2205313143786043e-09,-2.2205313143786043e-09,1540673674.8191283,1540673674.8191283,30813473.496382564,0.0,0.0,0.0,148218076.03332967,148218076.03332967,15.372451026882835,3857765.4820454735,59303310.945943095,2162570363.143751,2162570363.143751,36.46626686855654,1.0,473678612.2912932,0.0
steam-q3000-n10-k2-pump225,20260926-design-study-component-alternatives:c0421,completed,"[""steam_connector_catalog""]",[],equipment_or_coupling_insufficient,False,diagnostic_agreement_not_released,False,[],[],"[""component_alternatives__plant__salt_electric_capacity__capacity_requirement__d0a6e35468ded9cc"", ""component_alternatives__plant__salt_flow_capacity__capacity_requirement__1f3f2b5125f26aed"", ""component_alternatives__plant__salt_shaft_capacity__capacity_requirement__419a029d2df87f3c"", ""component_alternatives__plant__steam_boundary__source_adequate_ok__eaa371ee289234f1"", ""component_alternatives__plant__steam_condensate_electric_capacity__capacity_requirement__7f87933904cdde5d"", ""component_alternatives__plant__steam_condensate_flow_capacity__capacity_requirement__a06233d7139b47ec"", ""component_alternatives__plant__steam_condensate_pressure_capacity__capacity_requirement__d523b96c0c76de1b"", ""component_alternatives__plant__steam_condenser_capacity__capacity_requirement__67922fb363412df0"", ""component_alternatives__plant__steam_conditions__supported_required__92a5d05764f5fff9"", ""component_alternatives__plant__steam_feed_electric_capacity__capacity_requirement__02f57441b4cf6746"", ""component_alternatives__plant__steam_feed_flow_capacity__capacity_requirement__f522084f390b88ed"", ""component_alternatives__plant__steam_feed_pressure_capacity__capacity_requirement__2b0a04222feb552b"", ""component_alternatives__plant__steam_gross_capacity__capacity_requirement__4252a99565636ed5"", ""component_alternatives__plant__steam_hp_flow_capacity__capacity_requirement__7d80da68d49ab07e"", ""component_alternatives__plant__steam_hp_shaft_capacity__capacity_requirement__08512b73f01b2ff4"", ""component_alternatives__plant__steam_lp_flow_capacity__capacity_requirement__704e61a5a8c7bf24"", ""component_alternatives__plant__steam_lp_shaft_capacity__capacity_requirement__145e6e0999fc7f4f"", ""component_alternatives__plant__steam_main_ua_capacity__capacity_requirement__c2efdc04c52106da"", ""component_alternatives__plant__steam_reheat_ua_capacity__capacity_requirement__ff5775187764fbbd"", ""component_alternatives__plant__steam_transport__ihx_capacity_ok_required__a8ade32d723ec9f2"", ""component_alternatives__plant__steam_transport__motor_factor_ok_required__eed87936beb69817"", ""component_alternatives__plant__steam_transport__pump_type_ok_required__a1706d503ff60f4c""]",[],[],3000.0,3170.44843056949,2000.0,1.65,"[25.0, 25.0, 25.0]",10.0,2.0,225.0,1119.0118039769418,682.8340513797204,28.262185505085455,27.66871096533201,1146.2074891998893,27.195685222947517,1119.0118039769418,1982.4115108060305,69.02511578651774,69.02511578651774,0.0,2546185180.1406074,2023944606.8029425,40478892.13605885,2832.210038746655,1830538.5867038742,254953809.10856223,194710392.2922443,451494739.9875104,15.372451026882835,8332161.892412309,128085750.63916762,3619983245.1222734,3619983245.1222734,28.262185505085455,1.0,622259786.9840374,43538.01011847889,696.3104276927459,13.476376313025407,682.8340513797204,2487.6143791862573,0.0,3.5120137908961624e-09,3.5120137908961624e-09,1540673674.8191283,1540673674.8191283,30813473.496382564,0.0,0.0,0.0,148218076.03332967,148218076.03332967,15.372451026882835,5084382.346573398,78159418.6246472,2162570363.143751,2162570363.143751,27.66871096533201,1.0,473678612.2912932,0.0
steam-q3000-n10-k2-pump250,20260926-design-study-component-alternatives:c0422,completed,"[""steam_connector_catalog""]",[],equipment_or_coupling_insufficient,False,diagnostic_agreement_not_released,False,[],[],"[""component_alternatives__plant__salt_electric_capacity__capacity_requirement__d0a6e35468ded9cc"", ""component_alternatives__plant__salt_flow_capacity__capacity_requirement__1f3f2b5125f26aed"", ""component_alternatives__plant__salt_shaft_capacity__capacity_requirement__419a029d2df87f3c"", ""component_alternatives__plant__steam_boundary__source_adequate_ok__eaa371ee289234f1"", ""component_alternatives__plant__steam_condensate_electric_capacity__capacity_requirement__7f87933904cdde5d"", ""component_alternatives__plant__steam_condensate_flow_capacity__capacity_requirement__a06233d7139b47ec"", ""component_alternatives__plant__steam_condensate_pressure_capacity__capacity_requirement__d523b96c0c76de1b"", ""component_alternatives__plant__steam_condenser_capacity__capacity_requirement__67922fb363412df0"", ""component_alternatives__plant__steam_conditions__supported_required__92a5d05764f5fff9"", ""component_alternatives__plant__steam_feed_electric_capacity__capacity_requirement__02f57441b4cf6746"", ""component_alternatives__plant__steam_feed_flow_capacity__capacity_requirement__f522084f390b88ed"", ""component_alternatives__plant__steam_feed_pressure_capacity__capacity_requirement__2b0a04222feb552b"", ""component_alternatives__plant__steam_gross_capacity__capacity_requirement__4252a99565636ed5"", ""component_alternatives__plant__steam_hp_flow_capacity__capacity_requirement__7d80da68d49ab07e"", ""component_alternatives__plant__steam_hp_shaft_capacity__capacity_requirement__08512b73f01b2ff4"", ""component_alternatives__plant__steam_lp_flow_capacity__capacity_requirement__704e61a5a8c7bf24"", ""component_alternatives__plant__steam_lp_shaft_capacity__capacity_requirement__145e6e0999fc7f4f"", ""component_alternatives__plant__steam_main_ua_capacity__capacity_requirement__c2efdc04c52106da"", ""component_alternatives__plant__steam_reheat_ua_capacity__capacity_requirement__ff5775187764fbbd"", ""component_alternatives__plant__steam_transport__ihx_capacity_ok_required__a8ade32d723ec9f2"", ""component_alternatives__plant__steam_transport__motor_factor_ok_required__eed87936beb69817"", ""component_alternatives__plant__steam_transport__pump_type_ok_required__a1706d503ff60f4c""]",[],[],3000.0,3170.44843056949,2000.0,1.65,"[25.0, 25.0, 25.0]",10.0,2.0,250.0,1119.0118039769418,682.8340513797204,28.264128627640304,27.66871096533201,1146.2074891998893,27.195685222947517,1119.0118039769418,1982.4115108060305,69.02511578651774,69.02511578651774,0.0,2546298509.662189,2023948767.6694694,40478975.35338939,2832.210038746655,1964415.8322165094,254953809.10856223,194710792.58183274,451629017.5226115,15.372451026882835,8332161.892412309,128085750.63916762,3620232131.433295,3620232131.433295,28.264128627640304,1.0,622261066.2383757,43538.01011847889,696.3104276927459,13.476376313025407,682.8340513797204,2487.6143791862573,0.0,3.5120137908961624e-09,3.5120137908961624e-09,1540673674.8191283,1540673674.8191283,30813473.496382564,0.0,0.0,0.0,148218076.03332967,148218076.03332967,15.372451026882835,5084382.346573398,78159418.6246472,2162570363.143751,2162570363.143751,27.66871096533201,1.0,473678612.2912932,0.0
steam-q3000-n10-k3-pump225,20260926-design-study-component-alternatives:c0423,completed,"[""steam_connector_catalog""]",[],equipment_or_coupling_insufficient,False,diagnostic_agreement_not_released,False,[],[],"[""component_alternatives__plant__salt_electric_capacity__capacity_requirement__d0a6e35468ded9cc"", ""component_alternatives__plant__salt_flow_capacity__capacity_requirement__1f3f2b5125f26aed"", ""component_alternatives__plant__salt_shaft_capacity__capacity_requirement__419a029d2df87f3c"", ""component_alternatives__plant__steam_boundary__source_adequate_ok__eaa371ee289234f1"", ""component_alternatives__plant__steam_condensate_electric_capacity__capacity_requirement__7f87933904cdde5d"", ""component_alternatives__plant__steam_condensate_flow_capacity__capacity_requirement__a06233d7139b47ec"", ""component_alternatives__plant__steam_condensate_pressure_capacity__capacity_requirement__d523b96c0c76de1b"", ""component_alternatives__plant__steam_condenser_capacity__capacity_requirement__67922fb363412df0"", ""component_alternatives__plant__steam_conditions__supported_required__92a5d05764f5fff9"", ""component_alternatives__plant__steam_feed_electric_capacity__capacity_requirement__02f57441b4cf6746"", ""component_alternatives__plant__steam_feed_flow_capacity__capacity_requirement__f522084f390b88ed"", ""component_alternatives__plant__steam_feed_pressure_capacity__capacity_requirement__2b0a04222feb552b"", ""component_alternatives__plant__steam_gross_capacity__capacity_requirement__4252a99565636ed5"", ""component_alternatives__plant__steam_hp_flow_capacity__capacity_requirement__7d80da68d49ab07e"", ""component_alternatives__plant__steam_hp_shaft_capacity__capacity_requirement__08512b73f01b2ff4"", ""component_alternatives__plant__steam_lp_flow_capacity__capacity_requirement__704e61a5a8c7bf24"", ""component_alternatives__plant__steam_lp_shaft_capacity__capacity_requirement__145e6e0999fc7f4f"", ""component_alternatives__plant__steam_main_ua_capacity__capacity_requirement__c2efdc04c52106da"", ""component_alternatives__plant__steam_reheat_ua_capacity__capacity_requirement__ff5775187764fbbd"", ""component_alternatives__plant__steam_transport__ihx_capacity_ok_required__a8ade32d723ec9f2"", ""component_alternatives__plant__steam_transport__motor_factor_ok_required__eed87936beb69817"", ""component_alternatives__plant__steam_transport__pump_type_ok_required__a1706d503ff60f4c""]",[],[],3000.0,3170.44843056949,2000.0,1.65,"[25.0, 25.0, 25.0]",10.0,3.0,225.0,1119.0118039769418,682.8340513797204,28.275158182132742,27.66871096533201,1146.2074891998893,27.195685222947517,1119.0118039769418,1982.4115108060305,69.02511578651774,69.02511578651774,0.0,2546931525.924656,2023944606.8029428,40478892.13605886,2832.210038746655,2745807.8800558113,254953809.10856223,194710392.2922443,452410009.28086233,15.372451026882835,8332161.892412309,128085750.63916762,3621644860.199674,3621644860.199674,28.275158182132742,1.0,622259786.9840375,43538.01011847889,696.3104276927459,13.476376313025407,682.8340513797204,2487.6143791862573,0.0,3.5120137908961624e-09,3.5120137908961624e-09,1540673674.8191283,1540673674.8191283,30813473.496382564,0.0,0.0,0.0,148218076.03332967,148218076.03332967,15.372451026882835,5084382.346573398,78159418.6246472,2162570363.143751,2162570363.143751,27.66871096533201,1.0,473678612.2912932,0.0
steam-q3000-n10-k3-pump250,20260926-design-study-component-alternatives:c0424,completed,"[""steam_connector_catalog""]",[],equipment_or_coupling_insufficient,False,diagnostic_agreement_not_released,False,[],[],"[""component_alternatives__plant__salt_electric_capacity__capacity_requirement__d0a6e35468ded9cc"", ""component_alternatives__plant__salt_flow_capacity__capacity_requirement__1f3f2b5125f26aed"", ""component_alternatives__plant__salt_shaft_capacity__capacity_requirement__419a029d2df87f3c"", ""component_alternatives__plant__steam_boundary__source_adequate_ok__eaa371ee289234f1"", ""component_alternatives__plant__steam_condensate_electric_capacity__capacity_requirement__7f87933904cdde5d"", ""component_alternatives__plant__steam_condensate_flow_capacity__capacity_requirement__a06233d7139b47ec"", ""component_alternatives__plant__steam_condensate_pressure_capacity__capacity_requirement__d523b96c0c76de1b"", ""component_alternatives__plant__steam_condenser_capacity__capacity_requirement__67922fb363412df0"", ""component_alternatives__plant__steam_conditions__supported_required__92a5d05764f5fff9"", ""component_alternatives__plant__steam_feed_electric_capacity__capacity_requirement__02f57441b4cf6746"", ""component_alternatives__plant__steam_feed_flow_capacity__capacity_requirement__f522084f390b88ed"", ""component_alternatives__plant__steam_feed_pressure_capacity__capacity_requirement__2b0a04222feb552b"", ""component_alternatives__plant__steam_gross_capacity__capacity_requirement__4252a99565636ed5"", ""component_alternatives__plant__steam_hp_flow_capacity__capacity_requirement__7d80da68d49ab07e"", ""component_alternatives__plant__steam_hp_shaft_capacity__capacity_requirement__08512b73f01b2ff4"", ""component_alternatives__plant__steam_lp_flow_capacity__capacity_requirement__704e61a5a8c7bf24"", ""component_alternatives__plant__steam_lp_shaft_capacity__capacity_requirement__145e6e0999fc7f4f"", ""component_alternatives__plant__steam_main_ua_capacity__capacity_requirement__c2efdc04c52106da"", ""component_alternatives__plant__steam_reheat_ua_capacity__capacity_requirement__ff5775187764fbbd"", ""component_alternatives__plant__steam_transport__ihx_capacity_ok_required__a8ade32d723ec9f2"", ""component_alternatives__plant__steam_transport__motor_factor_ok_required__eed87936beb69817"", ""component_alternatives__plant__steam_transport__pump_type_ok_required__a1706d503ff60f4c""]",[],[],3000.0,3170.44843056949,2000.0,1.65,"[25.0, 25.0, 25.0]",10.0,3.0,250.0,1119.0118039769418,682.8340513797204,28.278050067135222,27.66871096533201,1146.2074891998893,27.195685222947517,1119.0118039769418,1982.4115108060305,69.02511578651774,69.02511578651774,0.0,2547099439.773765,2023948767.6694694,40478975.35338939,2832.210038746655,2946623.748324764,254953809.10856223,194710792.58183274,452611225.43871975,15.372451026882835,8332161.892412309,128085750.63916762,3622015269.460979,3622015269.460979,28.278050067135222,1.0,622261066.2383757,43538.01011847889,696.3104276927459,13.476376313025407,682.8340513797204,2487.6143791862573,0.0,3.5120137908961624e-09,3.5120137908961624e-09,1540673674.8191283,1540673674.8191283,30813473.496382564,0.0,0.0,0.0,148218076.03332967,148218076.03332967,15.372451026882835,5084382.346573398,78159418.6246472,2162570363.143751,2162570363.143751,27.66871096533201,1.0,473678612.2912932,0.0
steam-q3000-n10-k4-pump225,20260926-design-study-component-alternatives:c0425,completed,"[""steam_connector_catalog""]",[],equipment_or_coupling_insufficient,False,diagnostic_agreement_not_released,False,[],[],"[""component_alternatives__plant__salt_electric_capacity__capacity_requirement__d0a6e35468ded9cc"", ""component_alternatives__plant__salt_flow_capacity__capacity_requirement__1f3f2b5125f26aed"", ""component_alternatives__plant__salt_shaft_capacity__capacity_requirement__419a029d2df87f3c"", ""component_alternatives__plant__steam_boundary__source_adequate_ok__eaa371ee289234f1"", ""component_alternatives__plant__steam_condensate_electric_capacity__capacity_requirement__7f87933904cdde5d"", ""component_alternatives__plant__steam_condensate_flow_capacity__capacity_requirement__a06233d7139b47ec"", ""component_alternatives__plant__steam_condensate_pressure_capacity__capacity_requirement__d523b96c0c76de1b"", ""component_alternatives__plant__steam_condenser_capacity__capacity_requirement__67922fb363412df0"", ""component_alternatives__plant__steam_conditions__supported_required__92a5d05764f5fff9"", ""component_alternatives__plant__steam_feed_electric_capacity__capacity_requirement__02f57441b4cf6746"", ""component_alternatives__plant__steam_feed_flow_capacity__capacity_requirement__f522084f390b88ed"", ""component_alternatives__plant__steam_feed_pressure_capacity__capacity_requirement__2b0a04222feb552b"", ""component_alternatives__plant__steam_gross_capacity__capacity_requirement__4252a99565636ed5"", ""component_alternatives__plant__steam_hp_flow_capacity__capacity_requirement__7d80da68d49ab07e"", ""component_alternatives__plant__steam_hp_shaft_capacity__capacity_requirement__08512b73f01b2ff4"", ""component_alternatives__plant__steam_lp_flow_capacity__capacity_requirement__704e61a5a8c7bf24"", ""component_alternatives__plant__steam_lp_shaft_capacity__capacity_requirement__145e6e0999fc7f4f"", ""component_alternatives__plant__steam_main_ua_capacity__capacity_requirement__c2efdc04c52106da"", ""component_alternatives__plant__steam_reheat_ua_capacity__capacity_requirement__ff5775187764fbbd"", ""component_alternatives__plant__steam_transport__ihx_capacity_ok_required__a8ade32d723ec9f2""]",[],[],3000.0,3170.44843056949,2000.0,1.65,"[25.0, 25.0, 25.0]",10.0,4.0,225.0,1119.0118039769418,682.8340513797204,28.288130859180026,27.66871096533201,1146.2074891998893,27.195685222947517,1119.0118039769418,1982.4115108060305,69.02511578651774,69.02511578651774,0.0,2547677871.7087045,2023944606.8029428,40478892.13605886,2832.210038746655,3661077.1734077483,254953809.10856223,194710392.2922443,453325278.5742142,15.372451026882835,8332161.892412309,128085750.63916762,3623306475.277075,3623306475.277075,28.288130859180026,1.0,622259786.9840375,43538.01011847889,696.3104276927459,13.476376313025407,682.8340513797204,2487.6143791862573,0.0,3.5120137908961624e-09,3.5120137908961624e-09,1540673674.8191283,1540673674.8191283,30813473.496382564,0.0,0.0,0.0,148218076.03332967,148218076.03332967,15.372451026882835,5084382.346573398,78159418.6246472,2162570363.143751,2162570363.143751,27.66871096533201,1.0,473678612.2912932,0.0
steam-q3000-n10-k4-pump250,20260926-design-study-component-alternatives:c0426,completed,"[""steam_connector_catalog""]",[],equipment_or_coupling_insufficient,False,diagnostic_agreement_not_released,False,[],[],"[""component_alternatives__plant__salt_electric_capacity__capacity_requirement__d0a6e35468ded9cc"", ""component_alternatives__plant__salt_flow_capacity__capacity_requirement__1f3f2b5125f26aed"", ""component_alternatives__plant__salt_shaft_capacity__capacity_requirement__419a029d2df87f3c"", ""component_alternatives__plant__steam_boundary__source_adequate_ok__eaa371ee289234f1"", ""component_alternatives__plant__steam_condensate_electric_capacity__capacity_requirement__7f87933904cdde5d"", ""component_alternatives__plant__steam_condensate_flow_capacity__capacity_requirement__a06233d7139b47ec"", ""component_alternatives__plant__steam_condensate_pressure_capacity__capacity_requirement__d523b96c0c76de1b"", ""component_alternatives__plant__steam_condenser_capacity__capacity_requirement__67922fb363412df0"", ""component_alternatives__plant__steam_conditions__supported_required__92a5d05764f5fff9"", ""component_alternatives__plant__steam_feed_electric_capacity__capacity_requirement__02f57441b4cf6746"", ""component_alternatives__plant__steam_feed_flow_capacity__capacity_requirement__f522084f390b88ed"", ""component_alternatives__plant__steam_feed_pressure_capacity__capacity_requirement__2b0a04222feb552b"", ""component_alternatives__plant__steam_gross_capacity__capacity_requirement__4252a99565636ed5"", ""component_alternatives__plant__steam_hp_flow_capacity__capacity_requirement__7d80da68d49ab07e"", ""component_alternatives__plant__steam_hp_shaft_capacity__capacity_requirement__08512b73f01b2ff4"", ""component_alternatives__plant__steam_lp_flow_capacity__capacity_requirement__704e61a5a8c7bf24"", ""component_alternatives__plant__steam_lp_shaft_capacity__capacity_requirement__145e6e0999fc7f4f"", ""component_alternatives__plant__steam_main_ua_capacity__capacity_requirement__c2efdc04c52106da"", ""component_alternatives__plant__steam_reheat_ua_capacity__capacity_requirement__ff5775187764fbbd"", ""component_alternatives__plant__steam_transport__ihx_capacity_ok_required__a8ade32d723ec9f2""]",[],[],3000.0,3170.44843056949,2000.0,1.65,"[25.0, 25.0, 25.0]",10.0,4.0,250.0,1119.0118039769418,682.8340513797204,28.291971506630134,27.66871096533201,1146.2074891998893,27.195685222947517,1119.0118039769418,1982.4115108060305,69.02511578651774,69.02511578651774,0.0,2547900369.8853407,2023948767.6694689,40478975.353389375,2832.210038746655,3928831.664433019,254953809.10856223,194710792.5818327,453593433.354828,15.372451026882835,8332161.892412309,128085750.63916762,3623798407.4886627,3623798407.4886627,28.291971506630134,1.0,622261066.2383754,43538.01011847889,696.3104276927459,13.476376313025407,682.8340513797204,2487.6143791862573,0.0,3.5120137908961624e-09,3.5120137908961624e-09,1540673674.8191283,1540673674.8191283,30813473.496382564,0.0,0.0,0.0,148218076.03332967,148218076.03332967,15.372451026882835,5084382.346573398,78159418.6246472,2162570363.143751,2162570363.143751,27.66871096533201,1.0,473678612.2912932,0.0
steam-q3000-n11-k2-pump225,20260926-design-study-component-alternatives:c0427,completed,"[""steam_connector_catalog""]",[],equipment_or_coupling_insufficient,False,diagnostic_agreement_not_released,False,[],[],"[""component_alternatives__plant__salt_electric_capacity__capacity_requirement__d0a6e35468ded9cc"", ""component_alternatives__plant__salt_flow_capacity__capacity_requirement__1f3f2b5125f26aed"", ""component_alternatives__plant__salt_shaft_capacity__capacity_requirement__419a029d2df87f3c"", ""component_alternatives__plant__steam_boundary__source_adequate_ok__eaa371ee289234f1"", ""component_alternatives__plant__steam_condensate_electric_capacity__capacity_requirement__7f87933904cdde5d"", ""component_alternatives__plant__steam_condensate_flow_capacity__capacity_requirement__a06233d7139b47ec"", ""component_alternatives__plant__steam_condensate_pressure_capacity__capacity_requirement__d523b96c0c76de1b"", ""component_alternatives__plant__steam_condenser_capacity__capacity_requirement__67922fb363412df0"", ""component_alternatives__plant__steam_conditions__supported_required__92a5d05764f5fff9"", ""component_alternatives__plant__steam_feed_electric_capacity__capacity_requirement__02f57441b4cf6746"", ""component_alternatives__plant__steam_feed_flow_capacity__capacity_requirement__f522084f390b88ed"", ""component_alternatives__plant__steam_feed_pressure_capacity__capacity_requirement__2b0a04222feb552b"", ""component_alternatives__plant__steam_gross_capacity__capacity_requirement__4252a99565636ed5"", ""component_alternatives__plant__steam_hp_flow_capacity__capacity_requirement__7d80da68d49ab07e"", ""component_alternatives__plant__steam_hp_shaft_capacity__capacity_requirement__08512b73f01b2ff4"", ""component_alternatives__plant__steam_lp_flow_capacity__capacity_requirement__704e61a5a8c7bf24"", ""component_alternatives__plant__steam_lp_shaft_capacity__capacity_requirement__145e6e0999fc7f4f"", ""component_alternatives__plant__steam_main_ua_capacity__capacity_requirement__c2efdc04c52106da"", ""component_alternatives__plant__steam_reheat_ua_capacity__capacity_requirement__ff5775187764fbbd"", ""component_alternatives__plant__steam_transport__ihx_capacity_ok_required__a8ade32d723ec9f2"", ""component_alternatives__plant__steam_transport__motor_factor_ok_required__eed87936beb69817"", ""component_alternatives__plant__steam_transport__pump_type_ok_required__a1706d503ff60f4c""]",[],[],3000.0,3170.44843056949,2000.0,1.65,"[25.0, 25.0, 25.0]",11.0,2.0,225.0,1132.3903140171499,682.8340513797204,30.314465544545385,27.66871096533201,1159.83999033335,27.449676316200076,1132.3903140171499,2005.984834375348,32.07328217699205,32.07328217699205,0.0,2763174391.8247614,2188992982.157205,43779859.6431441,2832.210038746655,2013592.4453742611,280449190.0194184,210588610.4037516,493051392.8685443,15.372451026882835,8431778.278171698,129617098.6507289,3929273071.031461,3929273071.031461,30.314465544545385,1.0,673003748.3280369,43538.01011847889,696.3104276927459,13.476376313025407,682.8340513797204,2487.6143791862573,0.0,3.5120137908961624e-09,3.5120137908961624e-09,1540673674.8191283,1540673674.8191283,30813473.496382564,0.0,0.0,0.0,148218076.03332967,148218076.03332967,15.372451026882835,5084382.346573398,78159418.6246472,2162570363.143751,2162570363.143751,27.66871096533201,1.0,473678612.2912932,0.0
steam-q3000-n11-k2-pump250,20260926-design-study-component-alternatives:c0428,completed,"[""steam_connector_catalog""]",[],equipment_or_coupling_insufficient,False,diagnostic_agreement_not_released,False,[],[],"[""component_alternatives__plant__salt_electric_capacity__capacity_requirement__d0a6e35468ded9cc"", ""component_alternatives__plant__salt_flow_capacity__capacity_requirement__1f3f2b5125f26aed"", ""component_alternatives__plant__salt_shaft_capacity__capacity_requirement__419a029d2df87f3c"", ""component_alternatives__plant__steam_boundary__source_adequate_ok__eaa371ee289234f1"", ""component_alternatives__plant__steam_condensate_electric_capacity__capacity_requirement__7f87933904cdde5d"", ""component_alternatives__plant__steam_condensate_flow_capacity__capacity_requirement__a06233d7139b47ec"", ""component_alternatives__plant__steam_condensate_pressure_capacity__capacity_requirement__d523b96c0c76de1b"", ""component_alternatives__plant__steam_condenser_capacity__capacity_requirement__67922fb363412df0"", ""component_alternatives__plant__steam_conditions__supported_required__92a5d05764f5fff9"", ""component_alternatives__plant__steam_feed_electric_capacity__capacity_requirement__02f57441b4cf6746"", ""component_alternatives__plant__steam_feed_flow_capacity__capacity_requirement__f522084f390b88ed"", ""component_alternatives__plant__steam_feed_pressure_capacity__capacity_requirement__2b0a04222feb552b"", ""component_alternatives__plant__steam_gross_capacity__capacity_requirement__4252a99565636ed5"", ""component_alternatives__plant__steam_hp_flow_capacity__capacity_requirement__7d80da68d49ab07e"", ""component_alternatives__plant__steam_hp_shaft_capacity__capacity_requirement__08512b73f01b2ff4"", ""component_alternatives__plant__steam_lp_flow_capacity__capacity_requirement__704e61a5a8c7bf24"", ""component_alternatives__plant__steam_lp_shaft_capacity__capacity_requirement__145e6e0999fc7f4f"", ""component_alternatives__plant__steam_main_ua_capacity__capacity_requirement__c2efdc04c52106da"", ""component_alternatives__plant__steam_reheat_ua_capacity__capacity_requirement__ff5775187764fbbd"", ""component_alternatives__plant__steam_transport__ihx_capacity_ok_required__a8ade32d723ec9f2"", ""component_alternatives__plant__steam_transport__motor_factor_ok_required__eed87936beb69817"", ""component_alternatives__plant__steam_transport__pump_type_ok_required__a1706d503ff60f4c""]",[],[],3000.0,3170.44843056949,2000.0,1.65,"[25.0, 25.0, 25.0]",11.0,2.0,250.0,1132.3903140171499,682.8340513797204,30.31657322095476,27.66871096533201,1159.83999033335,27.449676316200076,1132.3903140171499,2005.984834375348,32.07328217699205,32.07328217699205,0.0,2763298638.2118483,2188997143.023731,43779942.860474624,2832.210038746655,2160857.4154381603,280449190.0194184,210589010.69334,493199058.1281966,15.372451026882835,8431778.278171698,129617098.6507289,3929546261.9325385,3929546261.9325385,30.31657322095476,1.0,673005027.5823749,43538.01011847889,696.3104276927459,13.476376313025407,682.8340513797204,2487.6143791862573,0.0,3.5120137908961624e-09,3.5120137908961624e-09,1540673674.8191283,1540673674.8191283,30813473.496382564,0.0,0.0,0.0,148218076.03332967,148218076.03332967,15.372451026882835,5084382.346573398,78159418.6246472,2162570363.143751,2162570363.143751,27.66871096533201,1.0,473678612.2912932,0.0
steam-q3000-n11-k3-pump225,20260926-design-study-component-alternatives:c0429,completed,"[""steam_connector_catalog""]",[],equipment_or_coupling_insufficient,False,diagnostic_agreement_not_released,False,[],[],"[""component_alternatives__plant__salt_electric_capacity__capacity_requirement__d0a6e35468ded9cc"", ""component_alternatives__plant__salt_flow_capacity__capacity_requirement__1f3f2b5125f26aed"", ""component_alternatives__plant__salt_shaft_capacity__capacity_requirement__419a029d2df87f3c"", ""component_alternatives__plant__steam_boundary__source_adequate_ok__eaa371ee289234f1"", ""component_alternatives__plant__steam_condensate_electric_capacity__capacity_requirement__7f87933904cdde5d"", ""component_alternatives__plant__steam_condensate_flow_capacity__capacity_requirement__a06233d7139b47ec"", ""component_alternatives__plant__steam_condensate_pressure_capacity__capacity_requirement__d523b96c0c76de1b"", ""component_alternatives__plant__steam_condenser_capacity__capacity_requirement__67922fb363412df0"", ""component_alternatives__plant__steam_conditions__supported_required__92a5d05764f5fff9"", ""component_alternatives__plant__steam_feed_electric_capacity__capacity_requirement__02f57441b4cf6746"", ""component_alternatives__plant__steam_feed_flow_capacity__capacity_requirement__f522084f390b88ed"", ""component_alternatives__plant__steam_feed_pressure_capacity__capacity_requirement__2b0a04222feb552b"", ""component_alternatives__plant__steam_gross_capacity__capacity_requirement__4252a99565636ed5"", ""component_alternatives__plant__steam_hp_flow_capacity__capacity_requirement__7d80da68d49ab07e"", ""component_alternatives__plant__steam_hp_shaft_capacity__capacity_requirement__08512b73f01b2ff4"", ""component_alternatives__plant__steam_lp_flow_capacity__capacity_requirement__704e61a5a8c7bf24"", ""component_alternatives__plant__steam_lp_shaft_capacity__capacity_requirement__145e6e0999fc7f4f"", ""component_alternatives__plant__steam_main_ua_capacity__capacity_requirement__c2efdc04c52106da"", ""component_alternatives__plant__steam_reheat_ua_capacity__capacity_requirement__ff5775187764fbbd"", ""component_alternatives__plant__steam_transport__ihx_capacity_ok_required__a8ade32d723ec9f2"", ""component_alternatives__plant__steam_transport__pump_type_ok_required__a1706d503ff60f4c""]",[],[],3000.0,3170.44843056949,2000.0,1.65,"[25.0, 25.0, 25.0]",11.0,3.0,225.0,1132.3903140171499,682.8340513797204,30.328566898488397,27.66871096533201,1159.83999033335,27.449676316200076,1132.3903140171499,2005.984834375348,32.07328217699205,32.07328217699205,0.0,2763995372.1872144,2188992982.1572046,43779859.64314409,2832.210038746655,3020388.6680613915,280449190.0194184,210588610.40375155,494058189.09123135,15.372451026882835,8431778.278171698,129617098.6507289,3931100847.616601,3931100847.616601,30.328566898488397,1.0,673003748.3280368,43538.01011847889,696.3104276927459,13.476376313025407,682.8340513797204,2487.6143791862573,0.0,3.5120137908961624e-09,3.5120137908961624e-09,1540673674.8191283,1540673674.8191283,30813473.496382564,0.0,0.0,0.0,148218076.03332967,148218076.03332967,15.372451026882835,5084382.346573398,78159418.6246472,2162570363.143751,2162570363.143751,27.66871096533201,1.0,473678612.2912932,0.0
steam-q3000-n11-k3-pump250,20260926-design-study-component-alternatives:c0430,completed,"[""steam_connector_catalog""]",[],equipment_or_coupling_insufficient,False,diagnostic_agreement_not_released,False,[],[],"[""component_alternatives__plant__salt_electric_capacity__capacity_requirement__d0a6e35468ded9cc"", ""component_alternatives__plant__salt_flow_capacity__capacity_requirement__1f3f2b5125f26aed"", ""component_alternatives__plant__salt_shaft_capacity__capacity_requirement__419a029d2df87f3c"", ""component_alternatives__plant__steam_boundary__source_adequate_ok__eaa371ee289234f1"", ""component_alternatives__plant__steam_condensate_electric_capacity__capacity_requirement__7f87933904cdde5d"", ""component_alternatives__plant__steam_condensate_flow_capacity__capacity_requirement__a06233d7139b47ec"", ""component_alternatives__plant__steam_condensate_pressure_capacity__capacity_requirement__d523b96c0c76de1b"", ""component_alternatives__plant__steam_condenser_capacity__capacity_requirement__67922fb363412df0"", ""component_alternatives__plant__steam_conditions__supported_required__92a5d05764f5fff9"", ""component_alternatives__plant__steam_feed_electric_capacity__capacity_requirement__02f57441b4cf6746"", ""component_alternatives__plant__steam_feed_flow_capacity__capacity_requirement__f522084f390b88ed"", ""component_alternatives__plant__steam_feed_pressure_capacity__capacity_requirement__2b0a04222feb552b"", ""component_alternatives__plant__steam_gross_capacity__capacity_requirement__4252a99565636ed5"", ""component_alternatives__plant__steam_hp_flow_capacity__capacity_requirement__7d80da68d49ab07e"", ""component_alternatives__plant__steam_hp_shaft_capacity__capacity_requirement__08512b73f01b2ff4"", ""component_alternatives__plant__steam_lp_flow_capacity__capacity_requirement__704e61a5a8c7bf24"", ""component_alternatives__plant__steam_lp_shaft_capacity__capacity_requirement__145e6e0999fc7f4f"", ""component_alternatives__plant__steam_main_ua_capacity__capacity_requirement__c2efdc04c52106da"", ""component_alternatives__plant__steam_reheat_ua_capacity__capacity_requirement__ff5775187764fbbd"", ""component_alternatives__plant__steam_transport__ihx_capacity_ok_required__a8ade32d723ec9f2"", ""component_alternatives__plant__steam_transport__pump_type_ok_required__a1706d503ff60f4c""]",[],[],3000.0,3170.44843056949,2000.0,1.65,"[25.0, 25.0, 25.0]",11.0,3.0,250.0,1132.3903140171499,682.8340513797204,30.331705883627123,27.66871096533201,1159.83999033335,27.449676316200076,1132.3903140171499,2005.984834375348,32.07328217699205,32.07328217699205,0.0,2764179661.334582,2188997143.023731,43779942.860474624,2832.210038746655,3241286.1231572414,280449190.0194184,210589010.69334,494279486.8359157,15.372451026882835,8431778.278171698,129617098.6507289,3931507713.762991,3931507713.762991,30.331705883627123,1.0,673005027.5823749,43538.01011847889,696.3104276927459,13.476376313025407,682.8340513797204,2487.6143791862573,0.0,3.5120137908961624e-09,3.5120137908961624e-09,1540673674.8191283,1540673674.8191283,30813473.496382564,0.0,0.0,0.0,148218076.03332967,148218076.03332967,15.372451026882835,5084382.346573398,78159418.6246472,2162570363.143751,2162570363.143751,27.66871096533201,1.0,473678612.2912932,0.0
steam-q3000-n11-k4-pump225,20260926-design-study-component-alternatives:c0431,completed,"[""steam_connector_catalog""]",[],equipment_or_coupling_insufficient,False,diagnostic_agreement_not_released,False,[],[],"[""component_alternatives__plant__salt_electric_capacity__capacity_requirement__d0a6e35468ded9cc"", ""component_alternatives__plant__salt_flow_capacity__capacity_requirement__1f3f2b5125f26aed"", ""component_alternatives__plant__salt_shaft_capacity__capacity_requirement__419a029d2df87f3c"", ""component_alternatives__plant__steam_boundary__source_adequate_ok__eaa371ee289234f1"", ""component_alternatives__plant__steam_condensate_electric_capacity__capacity_requirement__7f87933904cdde5d"", ""component_alternatives__plant__steam_condensate_flow_capacity__capacity_requirement__a06233d7139b47ec"", ""component_alternatives__plant__steam_condensate_pressure_capacity__capacity_requirement__d523b96c0c76de1b"", ""component_alternatives__plant__steam_condenser_capacity__capacity_requirement__67922fb363412df0"", ""component_alternatives__plant__steam_conditions__supported_required__92a5d05764f5fff9"", ""component_alternatives__plant__steam_feed_electric_capacity__capacity_requirement__02f57441b4cf6746"", ""component_alternatives__plant__steam_feed_flow_capacity__capacity_requirement__f522084f390b88ed"", ""component_alternatives__plant__steam_feed_pressure_capacity__capacity_requirement__2b0a04222feb552b"", ""component_alternatives__plant__steam_gross_capacity__capacity_requirement__4252a99565636ed5"", ""component_alternatives__plant__steam_hp_flow_capacity__capacity_requirement__7d80da68d49ab07e"", ""component_alternatives__plant__steam_hp_shaft_capacity__capacity_requirement__08512b73f01b2ff4"", ""component_alternatives__plant__steam_lp_flow_capacity__capacity_requirement__704e61a5a8c7bf24"", ""component_alternatives__plant__steam_lp_shaft_capacity__capacity_requirement__145e6e0999fc7f4f"", ""component_alternatives__plant__steam_main_ua_capacity__capacity_requirement__c2efdc04c52106da"", ""component_alternatives__plant__steam_reheat_ua_capacity__capacity_requirement__ff5775187764fbbd"", ""component_alternatives__plant__steam_transport__ihx_capacity_ok_required__a8ade32d723ec9f2""]",[],[],3000.0,3170.44843056949,2000.0,1.65,"[25.0, 25.0, 25.0]",11.0,4.0,225.0,1132.3903140171499,682.8340513797204,30.342668252431412,27.66871096533201,1159.83999033335,27.449676316200076,1132.3903140171499,2005.984834375348,32.07328217699205,32.07328217699205,0.0,2764816352.549668,2188992982.1572046,43779859.64314409,2832.210038746655,4027184.8907485222,280449190.0194184,210588610.40375155,495064985.3139185,15.372451026882835,8431778.278171698,129617098.6507289,3932928624.2017417,3932928624.2017417,30.342668252431412,1.0,673003748.3280368,43538.01011847889,696.3104276927459,13.476376313025407,682.8340513797204,2487.6143791862573,0.0,3.5120137908961624e-09,3.5120137908961624e-09,1540673674.8191283,1540673674.8191283,30813473.496382564,0.0,0.0,0.0,148218076.03332967,148218076.03332967,15.372451026882835,5084382.346573398,78159418.6246472,2162570363.143751,2162570363.143751,27.66871096533201,1.0,473678612.2912932,0.0
steam-q3000-n11-k4-pump250,20260926-design-study-component-alternatives:c0432,completed,"[""steam_connector_catalog""]",[],equipment_or_coupling_insufficient,False,diagnostic_agreement_not_released,False,[],[],"[""component_alternatives__plant__steam_boundary__source_adequate_ok__eaa371ee289234f1"", ""component_alternatives__plant__steam_condensate_electric_capacity__capacity_requirement__7f87933904cdde5d"", ""component_alternatives__plant__steam_condensate_flow_capacity__capacity_requirement__a06233d7139b47ec"", ""component_alternatives__plant__steam_condensate_pressure_capacity__capacity_requirement__d523b96c0c76de1b"", ""component_alternatives__plant__steam_condenser_capacity__capacity_requirement__67922fb363412df0"", ""component_alternatives__plant__steam_conditions__supported_required__92a5d05764f5fff9"", ""component_alternatives__plant__steam_feed_electric_capacity__capacity_requirement__02f57441b4cf6746"", ""component_alternatives__plant__steam_feed_flow_capacity__capacity_requirement__f522084f390b88ed"", ""component_alternatives__plant__steam_feed_pressure_capacity__capacity_requirement__2b0a04222feb552b"", ""component_alternatives__plant__steam_gross_capacity__capacity_requirement__4252a99565636ed5"", ""component_alternatives__plant__steam_hp_flow_capacity__capacity_requirement__7d80da68d49ab07e"", ""component_alternatives__plant__steam_hp_shaft_capacity__capacity_requirement__08512b73f01b2ff4"", ""component_alternatives__plant__steam_lp_flow_capacity__capacity_requirement__704e61a5a8c7bf24"", ""component_alternatives__plant__steam_lp_shaft_capacity__capacity_requirement__145e6e0999fc7f4f"", ""component_alternatives__plant__steam_main_ua_capacity__capacity_requirement__c2efdc04c52106da"", ""component_alternatives__plant__steam_reheat_ua_capacity__capacity_requirement__ff5775187764fbbd"", ""component_alternatives__plant__steam_transport__ihx_capacity_ok_required__a8ade32d723ec9f2""]",[],[],3000.0,3170.44843056949,2000.0,1.65,"[25.0, 25.0, 25.0]",11.0,4.0,250.0,1132.3903140171499,682.8340513797204,30.346838546299495,27.66871096533201,1159.83999033335,27.449676316200076,1132.3903140171499,2005.984834375348,32.07328217699205,32.07328217699205,0.0,2765060684.4573154,2188997143.023731,43779942.860474624,2832.210038746655,4321714.830876321,280449190.0194184,210589010.69334,495359915.5436347,15.372451026882835,8431778.278171698,129617098.6507289,3933469165.593444,3933469165.593444,30.346838546299495,1.0,673005027.5823749,43538.01011847889,696.3104276927459,13.476376313025407,682.8340513797204,2487.6143791862573,0.0,3.5120137908961624e-09,3.5120137908961624e-09,1540673674.8191283,1540673674.8191283,30813473.496382564,0.0,0.0,0.0,148218076.03332967,148218076.03332967,15.372451026882835,5084382.346573398,78159418.6246472,2162570363.143751,2162570363.143751,27.66871096533201,1.0,473678612.2912932,0.0
steam-q3000-n12-k2-pump225,20260926-design-study-component-alternatives:c0433,completed,"[""steam_connector_catalog""]",[],equipment_or_coupling_insufficient,False,diagnostic_agreement_not_released,False,[],[],"[""component_alternatives__plant__salt_electric_capacity__capacity_requirement__d0a6e35468ded9cc"", ""component_alternatives__plant__salt_flow_capacity__capacity_requirement__1f3f2b5125f26aed"", ""component_alternatives__plant__salt_shaft_capacity__capacity_requirement__419a029d2df87f3c"", ""component_alternatives__plant__steam_boundary__source_adequate_ok__eaa371ee289234f1"", ""component_alternatives__plant__steam_condensate_electric_capacity__capacity_requirement__7f87933904cdde5d"", ""component_alternatives__plant__steam_condensate_flow_capacity__capacity_requirement__a06233d7139b47ec"", ""component_alternatives__plant__steam_condensate_pressure_capacity__capacity_requirement__d523b96c0c76de1b"", ""component_alternatives__plant__steam_condenser_capacity__capacity_requirement__67922fb363412df0"", ""component_alternatives__plant__steam_conditions__supported_required__92a5d05764f5fff9"", ""component_alternatives__plant__steam_feed_electric_capacity__capacity_requirement__02f57441b4cf6746"", ""component_alternatives__plant__steam_feed_flow_capacity__capacity_requirement__f522084f390b88ed"", ""component_alternatives__plant__steam_feed_pressure_capacity__capacity_requirement__2b0a04222feb552b"", ""component_alternatives__plant__steam_gross_capacity__capacity_requirement__4252a99565636ed5"", ""component_alternatives__plant__steam_hp_flow_capacity__capacity_requirement__7d80da68d49ab07e"", ""component_alternatives__plant__steam_hp_shaft_capacity__capacity_requirement__08512b73f01b2ff4"", ""component_alternatives__plant__steam_lp_flow_capacity__capacity_requirement__704e61a5a8c7bf24"", ""component_alternatives__plant__steam_lp_shaft_capacity__capacity_requirement__145e6e0999fc7f4f"", ""component_alternatives__plant__steam_main_ua_capacity__capacity_requirement__c2efdc04c52106da"", ""component_alternatives__plant__steam_reheat_ua_capacity__capacity_requirement__ff5775187764fbbd"", ""component_alternatives__plant__steam_transport__ihx_capacity_ok_required__a8ade32d723ec9f2"", ""component_alternatives__plant__steam_transport__motor_factor_ok_required__eed87936beb69817"", ""component_alternatives__plant__steam_transport__pump_type_ok_required__a1706d503ff60f4c""]",[],[],3000.0,3170.44843056949,2000.0,1.65,"[25.0, 25.0, 25.0]",12.0,2.0,225.0,1143.7275659778475,682.8340513797204,32.37649963998524,27.66871096533201,1171.392480090433,27.664914112585684,1143.7275659778475,2025.961401874507,0.7594627171347383,0.7594627171356478,9.094947017729282e-13,2980163603.5089154,2354041357.511467,47080827.15022934,2832.210038746655,2196646.3040446485,305944570.9302746,226466828.51525885,534608045.7495781,15.372451026882835,8516195.456271052,130914797.58688888,4238562896.940648,4238562896.940648,32.37649963998524,1.0,723747709.6720363,43538.01011847889,696.3104276927459,13.476376313025407,682.8340513797204,2487.6143791862573,0.0,3.5120137908961624e-09,3.5120137908961624e-09,1540673674.8191283,1540673674.8191283,30813473.496382564,0.0,0.0,0.0,148218076.03332967,148218076.03332967,15.372451026882835,5084382.346573398,78159418.6246472,2162570363.143751,2162570363.143751,27.66871096533201,1.0,473678612.2912932,0.0
steam-q3000-n12-k2-pump250,20260926-design-study-component-alternatives:c0434,completed,"[""steam_connector_catalog""]",[],equipment_or_coupling_insufficient,False,diagnostic_agreement_not_released,False,[],[],"[""component_alternatives__plant__salt_electric_capacity__capacity_requirement__d0a6e35468ded9cc"", ""component_alternatives__plant__salt_flow_capacity__capacity_requirement__1f3f2b5125f26aed"", ""component_alternatives__plant__salt_shaft_capacity__capacity_requirement__419a029d2df87f3c"", ""component_alternatives__plant__steam_boundary__source_adequate_ok__eaa371ee289234f1"", ""component_alternatives__plant__steam_condensate_electric_capacity__capacity_requirement__7f87933904cdde5d"", ""component_alternatives__plant__steam_condensate_flow_capacity__capacity_requirement__a06233d7139b47ec"", ""component_alternatives__plant__steam_condensate_pressure_capacity__capacity_requirement__d523b96c0c76de1b"", ""component_alternatives__plant__steam_condenser_capacity__capacity_requirement__67922fb363412df0"", ""component_alternatives__plant__steam_conditions__supported_required__92a5d05764f5fff9"", ""component_alternatives__plant__steam_feed_electric_capacity__capacity_requirement__02f57441b4cf6746"", ""component_alternatives__plant__steam_feed_flow_capacity__capacity_requirement__f522084f390b88ed"", ""component_alternatives__plant__steam_feed_pressure_capacity__capacity_requirement__2b0a04222feb552b"", ""component_alternatives__plant__steam_gross_capacity__capacity_requirement__4252a99565636ed5"", ""component_alternatives__plant__steam_hp_flow_capacity__capacity_requirement__7d80da68d49ab07e"", ""component_alternatives__plant__steam_hp_shaft_capacity__capacity_requirement__08512b73f01b2ff4"", ""component_alternatives__plant__steam_lp_flow_capacity__capacity_requirement__704e61a5a8c7bf24"", ""component_alternatives__plant__steam_lp_shaft_capacity__capacity_requirement__145e6e0999fc7f4f"", ""component_alternatives__plant__steam_main_ua_capacity__capacity_requirement__c2efdc04c52106da"", ""component_alternatives__plant__steam_reheat_ua_capacity__capacity_requirement__ff5775187764fbbd"", ""component_alternatives__plant__steam_transport__ihx_capacity_ok_required__a8ade32d723ec9f2"", ""component_alternatives__plant__steam_transport__motor_factor_ok_required__eed87936beb69817"", ""component_alternatives__plant__steam_transport__pump_type_ok_required__a1706d503ff60f4c""]",[],[],3000.0,3170.44843056949,2000.0,1.65,"[25.0, 25.0, 25.0]",12.0,2.0,250.0,1143.7275659778475,682.8340513797204,32.3787720759254,27.66871096533201,1171.392480090433,27.664914112585684,1143.7275659778475,2025.961401874507,0.7594627171347383,0.7594627171356478,9.094947017729282e-13,2980298766.761508,2354045518.3779936,47080910.36755987,2832.210038746655,2357298.998659812,305944570.9302746,226467228.8048473,534769098.7337817,15.372451026882835,8516195.456271052,130914797.58688888,4238860392.4317827,4238860392.4317827,32.3787720759254,1.0,723748988.9263744,43538.01011847889,696.3104276927459,13.476376313025407,682.8340513797204,2487.6143791862573,0.0,3.5120137908961624e-09,3.5120137908961624e-09,1540673674.8191283,1540673674.8191283,30813473.496382564,0.0,0.0,0.0,148218076.03332967,148218076.03332967,15.372451026882835,5084382.346573398,78159418.6246472,2162570363.143751,2162570363.143751,27.66871096533201,1.0,473678612.2912932,0.0
steam-q3000-n12-k3-pump225,20260926-design-study-component-alternatives:c0435,completed,"[""steam_connector_catalog""]",[],equipment_or_coupling_insufficient,False,diagnostic_agreement_not_released,False,[],[],"[""component_alternatives__plant__salt_electric_capacity__capacity_requirement__d0a6e35468ded9cc"", ""component_alternatives__plant__salt_flow_capacity__capacity_requirement__1f3f2b5125f26aed"", ""component_alternatives__plant__salt_shaft_capacity__capacity_requirement__419a029d2df87f3c"", ""component_alternatives__plant__steam_boundary__source_adequate_ok__eaa371ee289234f1"", ""component_alternatives__plant__steam_condensate_electric_capacity__capacity_requirement__7f87933904cdde5d"", ""component_alternatives__plant__steam_condensate_flow_capacity__capacity_requirement__a06233d7139b47ec"", ""component_alternatives__plant__steam_condensate_pressure_capacity__capacity_requirement__d523b96c0c76de1b"", ""component_alternatives__plant__steam_condenser_capacity__capacity_requirement__67922fb363412df0"", ""component_alternatives__plant__steam_conditions__supported_required__92a5d05764f5fff9"", ""component_alternatives__plant__steam_feed_electric_capacity__capacity_requirement__02f57441b4cf6746"", ""component_alternatives__plant__steam_feed_flow_capacity__capacity_requirement__f522084f390b88ed"", ""component_alternatives__plant__steam_feed_pressure_capacity__capacity_requirement__2b0a04222feb552b"", ""component_alternatives__plant__steam_gross_capacity__capacity_requirement__4252a99565636ed5"", ""component_alternatives__plant__steam_hp_flow_capacity__capacity_requirement__7d80da68d49ab07e"", ""component_alternatives__plant__steam_hp_shaft_capacity__capacity_requirement__08512b73f01b2ff4"", ""component_alternatives__plant__steam_lp_flow_capacity__capacity_requirement__704e61a5a8c7bf24"", ""component_alternatives__plant__steam_lp_shaft_capacity__capacity_requirement__145e6e0999fc7f4f"", ""component_alternatives__plant__steam_main_ua_capacity__capacity_requirement__c2efdc04c52106da"", ""component_alternatives__plant__steam_reheat_ua_capacity__capacity_requirement__ff5775187764fbbd"", ""component_alternatives__plant__steam_transport__ihx_capacity_ok_required__a8ade32d723ec9f2"", ""component_alternatives__plant__steam_transport__pump_type_ok_required__a1706d503ff60f4c""]",[],[],3000.0,3170.44843056949,2000.0,1.65,"[25.0, 25.0, 25.0]",12.0,3.0,225.0,1143.7275659778475,682.8340513797204,32.39173044757639,27.66871096533201,1171.392480090433,27.664914112585684,1143.7275659778475,2025.961401874507,0.7594627171347383,0.7594627171356478,9.094947017729282e-13,2981059218.449774,2354041357.5114675,47080827.15022935,2832.210038746655,3294969.4560669735,305944570.9302746,226466828.5152589,535706368.9016005,15.372451026882835,8516195.456271052,130914797.58688888,4240556835.0335293,4240556835.0335293,32.39173044757639,1.0,723747709.6720364,43538.01011847889,696.3104276927459,13.476376313025407,682.8340513797204,2487.6143791862573,0.0,3.5120137908961624e-09,3.5120137908961624e-09,1540673674.8191283,1540673674.8191283,30813473.496382564,0.0,0.0,0.0,148218076.03332967,148218076.03332967,15.372451026882835,5084382.346573398,78159418.6246472,2162570363.143751,2162570363.143751,27.66871096533201,1.0,473678612.2912932,0.0
steam-q3000-n12-k3-pump250,20260926-design-study-component-alternatives:c0436,completed,"[""steam_connector_catalog""]",[],equipment_or_coupling_insufficient,False,diagnostic_agreement_not_released,False,[],[],"[""component_alternatives__plant__salt_electric_capacity__capacity_requirement__d0a6e35468ded9cc"", ""component_alternatives__plant__salt_flow_capacity__capacity_requirement__1f3f2b5125f26aed"", ""component_alternatives__plant__salt_shaft_capacity__capacity_requirement__419a029d2df87f3c"", ""component_alternatives__plant__steam_boundary__source_adequate_ok__eaa371ee289234f1"", ""component_alternatives__plant__steam_condensate_electric_capacity__capacity_requirement__7f87933904cdde5d"", ""component_alternatives__plant__steam_condensate_flow_capacity__capacity_requirement__a06233d7139b47ec"", ""component_alternatives__plant__steam_condensate_pressure_capacity__capacity_requirement__d523b96c0c76de1b"", ""component_alternatives__plant__steam_condenser_capacity__capacity_requirement__67922fb363412df0"", ""component_alternatives__plant__steam_conditions__supported_required__92a5d05764f5fff9"", ""component_alternatives__plant__steam_feed_electric_capacity__capacity_requirement__02f57441b4cf6746"", ""component_alternatives__plant__steam_feed_flow_capacity__capacity_requirement__f522084f390b88ed"", ""component_alternatives__plant__steam_feed_pressure_capacity__capacity_requirement__2b0a04222feb552b"", ""component_alternatives__plant__steam_gross_capacity__capacity_requirement__4252a99565636ed5"", ""component_alternatives__plant__steam_hp_flow_capacity__capacity_requirement__7d80da68d49ab07e"", ""component_alternatives__plant__steam_hp_shaft_capacity__capacity_requirement__08512b73f01b2ff4"", ""component_alternatives__plant__steam_lp_flow_capacity__capacity_requirement__704e61a5a8c7bf24"", ""component_alternatives__plant__steam_lp_shaft_capacity__capacity_requirement__145e6e0999fc7f4f"", ""component_alternatives__plant__steam_main_ua_capacity__capacity_requirement__c2efdc04c52106da"", ""component_alternatives__plant__steam_reheat_ua_capacity__capacity_requirement__ff5775187764fbbd"", ""component_alternatives__plant__steam_transport__ihx_capacity_ok_required__a8ade32d723ec9f2"", ""component_alternatives__plant__steam_transport__pump_type_ok_required__a1706d503ff60f4c""]",[],[],3000.0,3170.44843056949,2000.0,1.65,"[25.0, 25.0, 25.0]",12.0,3.0,250.0,1143.7275659778475,682.8340513797204,32.39511679533575,27.66871096533201,1171.392480090433,27.664914112585684,1143.7275659778475,2025.961401874507,0.7594627171347383,0.7594627171356478,9.094947017729282e-13,2981259882.895399,2354045518.3779936,47080910.36755987,2832.210038746655,3535948.497989718,305944570.9302746,226467228.8048473,535947748.2331116,15.372451026882835,8516195.456271052,130914797.58688888,4241000158.0650034,4241000158.0650034,32.39511679533575,1.0,723748988.9263744,43538.01011847889,696.3104276927459,13.476376313025407,682.8340513797204,2487.6143791862573,0.0,3.5120137908961624e-09,3.5120137908961624e-09,1540673674.8191283,1540673674.8191283,30813473.496382564,0.0,0.0,0.0,148218076.03332967,148218076.03332967,15.372451026882835,5084382.346573398,78159418.6246472,2162570363.143751,2162570363.143751,27.66871096533201,1.0,473678612.2912932,0.0
steam-q3000-n12-k4-pump225,20260926-design-study-component-alternatives:c0437,completed,"[""steam_connector_catalog""]",[],equipment_or_coupling_insufficient,False,diagnostic_agreement_not_released,False,[],[],"[""component_alternatives__plant__steam_boundary__source_adequate_ok__eaa371ee289234f1"", ""component_alternatives__plant__steam_condensate_electric_capacity__capacity_requirement__7f87933904cdde5d"", ""component_alternatives__plant__steam_condensate_flow_capacity__capacity_requirement__a06233d7139b47ec"", ""component_alternatives__plant__steam_condensate_pressure_capacity__capacity_requirement__d523b96c0c76de1b"", ""component_alternatives__plant__steam_condenser_capacity__capacity_requirement__67922fb363412df0"", ""component_alternatives__plant__steam_conditions__supported_required__92a5d05764f5fff9"", ""component_alternatives__plant__steam_feed_electric_capacity__capacity_requirement__02f57441b4cf6746"", ""component_alternatives__plant__steam_feed_flow_capacity__capacity_requirement__f522084f390b88ed"", ""component_alternatives__plant__steam_feed_pressure_capacity__capacity_requirement__2b0a04222feb552b"", ""component_alternatives__plant__steam_gross_capacity__capacity_requirement__4252a99565636ed5"", ""component_alternatives__plant__steam_hp_flow_capacity__capacity_requirement__7d80da68d49ab07e"", ""component_alternatives__plant__steam_hp_shaft_capacity__capacity_requirement__08512b73f01b2ff4"", ""component_alternatives__plant__steam_lp_flow_capacity__capacity_requirement__704e61a5a8c7bf24"", ""component_alternatives__plant__steam_lp_shaft_capacity__capacity_requirement__145e6e0999fc7f4f"", ""component_alternatives__plant__steam_main_ua_capacity__capacity_requirement__c2efdc04c52106da"", ""component_alternatives__plant__steam_reheat_ua_capacity__capacity_requirement__ff5775187764fbbd"", ""component_alternatives__plant__steam_transport__ihx_capacity_ok_required__a8ade32d723ec9f2""]",[],[],3000.0,3170.44843056949,2000.0,1.65,"[25.0, 25.0, 25.0]",12.0,4.0,225.0,1143.7275659778475,682.8340513797204,32.40696125516755,27.66871096533201,1171.392480090433,27.664914112585684,1143.7275659778475,2025.961401874507,0.7594627171347383,0.7594627171356478,9.094947017729282e-13,2981954833.390632,2354041357.5114675,47080827.15022935,2832.210038746655,4393292.608089297,305944570.9302746,226466828.5152589,536804692.0536228,15.372451026882835,8516195.456271052,130914797.58688888,4242550773.1264095,4242550773.1264095,32.40696125516755,1.0,723747709.6720364,43538.01011847889,696.3104276927459,13.476376313025407,682.8340513797204,2487.6143791862573,0.0,3.5120137908961624e-09,3.5120137908961624e-09,1540673674.8191283,1540673674.8191283,30813473.496382564,0.0,0.0,0.0,148218076.03332967,148218076.03332967,15.372451026882835,5084382.346573398,78159418.6246472,2162570363.143751,2162570363.143751,27.66871096533201,1.0,473678612.2912932,0.0
steam-q3000-n12-k4-pump250,20260926-design-study-component-alternatives:c0438,completed,"[""steam_connector_catalog""]",[],equipment_or_coupling_insufficient,False,diagnostic_agreement_not_released,False,[],[],"[""component_alternatives__plant__steam_boundary__source_adequate_ok__eaa371ee289234f1"", ""component_alternatives__plant__steam_condensate_electric_capacity__capacity_requirement__7f87933904cdde5d"", ""component_alternatives__plant__steam_condensate_flow_capacity__capacity_requirement__a06233d7139b47ec"", ""component_alternatives__plant__steam_condensate_pressure_capacity__capacity_requirement__d523b96c0c76de1b"", ""component_alternatives__plant__steam_condenser_capacity__capacity_requirement__67922fb363412df0"", ""component_alternatives__plant__steam_conditions__supported_required__92a5d05764f5fff9"", ""component_alternatives__plant__steam_feed_electric_capacity__capacity_requirement__02f57441b4cf6746"", ""component_alternatives__plant__steam_feed_flow_capacity__capacity_requirement__f522084f390b88ed"", ""component_alternatives__plant__steam_feed_pressure_capacity__capacity_requirement__2b0a04222feb552b"", ""component_alternatives__plant__steam_gross_capacity__capacity_requirement__4252a99565636ed5"", ""component_alternatives__plant__steam_hp_flow_capacity__capacity_requirement__7d80da68d49ab07e"", ""component_alternatives__plant__steam_hp_shaft_capacity__capacity_requirement__08512b73f01b2ff4"", ""component_alternatives__plant__steam_lp_flow_capacity__capacity_requirement__704e61a5a8c7bf24"", ""component_alternatives__plant__steam_lp_shaft_capacity__capacity_requirement__145e6e0999fc7f4f"", ""component_alternatives__plant__steam_main_ua_capacity__capacity_requirement__c2efdc04c52106da"", ""component_alternatives__plant__steam_reheat_ua_capacity__capacity_requirement__ff5775187764fbbd"", ""component_alternatives__plant__steam_transport__ihx_capacity_ok_required__a8ade32d723ec9f2""]",[],[],3000.0,3170.44843056949,2000.0,1.65,"[25.0, 25.0, 25.0]",12.0,4.0,250.0,1143.7275659778475,682.8340513797204,32.4114615147461,27.66871096533201,1171.392480090433,27.664914112585684,1143.7275659778475,2025.961401874507,0.7594627171347383,0.7594627171356478,9.094947017729282e-13,2982220999.0292907,2354045518.377994,47080910.36755988,2832.210038746655,4714597.997319624,305944570.9302746,226467228.80484736,537126397.7324417,15.372451026882835,8516195.456271052,130914797.58688888,4243139923.698225,4243139923.698225,32.4114615147461,1.0,723748988.9263746,43538.01011847889,696.3104276927459,13.476376313025407,682.8340513797204,2487.6143791862573,0.0,3.5120137908961624e-09,3.5120137908961624e-09,1540673674.8191283,1540673674.8191283,30813473.496382564,0.0,0.0,0.0,148218076.03332967,148218076.03332967,15.372451026882835,5084382.346573398,78159418.6246472,2162570363.143751,2162570363.143751,27.66871096533201,1.0,473678612.2912932,0.0
steam-q3000-n14-k2-pump225,20260926-design-study-component-alternatives:c0439,completed,"[""steam_connector_catalog""]",[],equipment_or_coupling_insufficient,False,diagnostic_agreement_not_released,False,[],[],"[""component_alternatives__plant__salt_electric_capacity__capacity_requirement__d0a6e35468ded9cc"", ""component_alternatives__plant__salt_flow_capacity__capacity_requirement__1f3f2b5125f26aed"", ""component_alternatives__plant__salt_shaft_capacity__capacity_requirement__419a029d2df87f3c"", ""component_alternatives__plant__steam_transport__motor_factor_ok_required__eed87936beb69817"", ""component_alternatives__plant__steam_transport__pump_type_ok_required__a1706d503ff60f4c""]",[],[],3000.0,3170.44843056949,2000.0,1.65,"[25.0, 25.0, 25.0]",14.0,2.0,225.0,1144.0025314827728,682.8340513797204,37.09263738679786,27.66871096533201,1171.6726658171167,27.67013433434378,1144.0025314827728,2026.4458990867172,0.0,0.0,0.0,3414142026.8772235,2684138108.2199917,53682762.16439983,2832.210038746655,2562754.0213854234,356935332.75198704,258223264.73827347,617721351.5116459,15.372451026882835,8518242.849420726,130946271.03781502,4857142548.759023,4857142548.759023,37.09263738679786,1.0,825235632.3600352,43538.01011847889,696.3104276927459,13.476376313025407,682.8340513797204,2487.6143791862573,0.0,3.5120137908961624e-09,3.5120137908961624e-09,1540673674.8191283,1540673674.8191283,30813473.496382564,0.0,0.0,0.0,148218076.03332967,148218076.03332967,15.372451026882835,5084382.346573398,78159418.6246472,2162570363.143751,2162570363.143751,27.66871096533201,1.0,473678612.2912932,0.0
steam-q3000-n14-k2-pump250,20260926-design-study-component-alternatives:c0440,completed,"[""steam_connector_catalog""]",[],equipment_or_coupling_insufficient,False,diagnostic_agreement_not_released,False,[],[],"[""component_alternatives__plant__salt_electric_capacity__capacity_requirement__d0a6e35468ded9cc"", ""component_alternatives__plant__salt_flow_capacity__capacity_requirement__1f3f2b5125f26aed"", ""component_alternatives__plant__salt_shaft_capacity__capacity_requirement__419a029d2df87f3c"", ""component_alternatives__plant__steam_transport__motor_factor_ok_required__eed87936beb69817"", ""component_alternatives__plant__steam_transport__pump_type_ok_required__a1706d503ff60f4c""]",[],[],3000.0,3170.44843056949,2000.0,1.65,"[25.0, 25.0, 25.0]",14.0,2.0,250.0,1144.0025314827728,682.8340513797204,37.09528049124447,27.66871096533201,1171.6726658171167,27.67013433434378,1144.0025314827728,2026.4458990867172,0.0,0.0,0.0,3414299023.860827,2684142269.0865183,53682845.38173037,2832.210038746655,2750182.1651031133,356935332.75198704,258223665.0278619,617909179.944952,15.372451026882835,8518242.849420726,130946271.03781502,4857488653.430271,4857488653.430271,37.09528049124447,1.0,825236911.6143736,43538.01011847889,696.3104276927459,13.476376313025407,682.8340513797204,2487.6143791862573,0.0,3.5120137908961624e-09,3.5120137908961624e-09,1540673674.8191283,1540673674.8191283,30813473.496382564,0.0,0.0,0.0,148218076.03332967,148218076.03332967,15.372451026882835,5084382.346573398,78159418.6246472,2162570363.143751,2162570363.143751,27.66871096533201,1.0,473678612.2912932,0.0
steam-q3000-n14-k3-pump225,20260926-design-study-component-alternatives:c0441,completed,"[""steam_connector_catalog""]",[],equipment_or_coupling_insufficient,False,diagnostic_agreement_not_released,False,[],[],"[""component_alternatives__plant__salt_electric_capacity__capacity_requirement__d0a6e35468ded9cc"", ""component_alternatives__plant__salt_flow_capacity__capacity_requirement__1f3f2b5125f26aed"", ""component_alternatives__plant__salt_shaft_capacity__capacity_requirement__419a029d2df87f3c""]",[],[],3000.0,3170.44843056949,2000.0,1.65,"[25.0, 25.0, 25.0]",14.0,3.0,225.0,1144.0025314827728,682.8340513797204,37.110402391405664,27.66871096533201,1171.6726658171167,27.67013433434378,1144.0025314827728,2026.4458990867172,0.0,0.0,0.0,3415186910.9748917,2684138108.2199917,53682762.16439983,2832.210038746655,3844131.0320781358,356935332.75198704,258223264.73827347,619002728.5223386,15.372451026882835,8518242.849420726,130946271.03781502,4859468809.867384,4859468809.867384,37.110402391405664,1.0,825235632.3600352,43538.01011847889,696.3104276927459,13.476376313025407,682.8340513797204,2487.6143791862573,0.0,3.5120137908961624e-09,3.5120137908961624e-09,1540673674.8191283,1540673674.8191283,30813473.496382564,0.0,0.0,0.0,148218076.03332967,148218076.03332967,15.372451026882835,5084382.346573398,78159418.6246472,2162570363.143751,2162570363.143751,27.66871096533201,1.0,473678612.2912932,0.0
steam-q3000-n14-k3-pump250,20260926-design-study-component-alternatives:c0442,completed,"[""steam_connector_catalog""]",[],pass,True,diagnostic_agreement_not_released,False,[],[],[],[],[],3000.0,3170.44843056949,2000.0,1.65,"[25.0, 25.0, 25.0]",14.0,3.0,250.0,1144.0025314827728,682.8340513797204,37.114344747286076,27.66871096533201,1171.6726658171167,27.67013433434378,1144.0025314827728,2026.4458990867172,0.0,0.0,0.0,3415420326.0170336,2684142269.0865183,53682845.38173037,2832.210038746655,4125273.2476546704,356935332.75198704,258223665.0278619,619284271.0275036,15.372451026882835,8518242.849420726,130946271.03781502,4859985046.669029,4859985046.669029,37.114344747286076,1.0,825236911.6143736,43538.01011847889,696.3104276927459,13.476376313025407,682.8340513797204,2487.6143791862573,0.0,3.5120137908961624e-09,3.5120137908961624e-09,1540673674.8191283,1540673674.8191283,30813473.496382564,0.0,0.0,0.0,148218076.03332967,148218076.03332967,15.372451026882835,5084382.346573398,78159418.6246472,2162570363.143751,2162570363.143751,27.66871096533201,1.0,473678612.2912932,0.0
steam-q3000-n14-k4-pump225,20260926-design-study-component-alternatives:c0443,completed,"[""steam_connector_catalog""]",[],pass,True,diagnostic_agreement_not_released,False,[],[],[],[],[],3000.0,3170.44843056949,2000.0,1.65,"[25.0, 25.0, 25.0]",14.0,4.0,225.0,1144.0025314827728,682.8340513797204,37.12816739601345,27.66871096533201,1171.6726658171167,27.67013433434378,1144.0025314827728,2026.4458990867172,0.0,0.0,0.0,3416231795.0725594,2684138108.2199917,53682762.16439983,2832.210038746655,5125508.042770847,356935332.75198704,258223264.73827347,620284105.5330313,15.372451026882835,8518242.849420726,130946271.03781502,4861795070.975744,4861795070.975744,37.12816739601345,1.0,825235632.3600352,43538.01011847889,696.3104276927459,13.476376313025407,682.8340513797204,2487.6143791862573,0.0,3.5120137908961624e-09,3.5120137908961624e-09,1540673674.8191283,1540673674.8191283,30813473.496382564,0.0,0.0,0.0,148218076.03332967,148218076.03332967,15.372451026882835,5084382.346573398,78159418.6246472,2162570363.143751,2162570363.143751,27.66871096533201,1.0,473678612.2912932,0.0
sensitivity-q2500-gas-eta-0.03,20260926-design-study-component-alternatives:c0444,completed,"[""sensitivity""]",[],pass,True,diagnostic_agreement_not_released,False,[],[],[],[],[],2500.0,2598.4236983110704,2000.0,1.5,"[25.0, 25.0, 25.0]",10.0,4.0,225.0,937.5789564279194,469.37600295556746,33.762225705734934,40.25160614506454,960.2748911376034,22.695934709684032,937.5789564279194,1660.8447418831506,0.0,4.547473508864641e-13,4.547473508864641e-13,2547677871.7087045,2023944606.8029428,40478892.13605886,2832.210038746655,3661077.1734077483,254953809.10856223,194710392.2922443,453325278.5742142,15.372451026882835,6981212.909562288,107318353.56048849,3623306475.277075,3623306475.277075,33.762225705734934,1.0,622259786.9840375,43538.01011847889,477.83478348851395,8.458780532946466,469.37600295556746,2129.04769536491,0.0,-9.406903700437397e-09,-9.406903700437397e-09,1540673674.8191283,1540673674.8191283,30813473.496382564,0.0,0.0,0.0,148218076.03332967,148218076.03332967,15.372451026882835,3494973.718007155,53726312.32030761,2162570363.143751,2162570363.143751,40.25160614506454,1.0,473678612.2912932,0.0
sensitivity-q2500-gas-eta+0.03,20260926-design-study-component-alternatives:c0445,completed,"[""sensitivity""]",[],pass,True,diagnostic_agreement_not_released,False,[],[],[],[],[],2500.0,2598.4236983110704,2000.0,1.5,"[25.0, 25.0, 25.0]",10.0,4.0,225.0,937.5789564279194,644.0881469315822,33.762225705734934,29.333155865262437,960.2748911376034,22.695934709684032,937.5789564279194,1660.8447418831506,0.0,4.547473508864641e-13,4.547473508864641e-13,2547677871.7087045,2023944606.8029428,40478892.13605886,2832.210038746655,3661077.1734077483,254953809.10856223,194710392.2922443,453325278.5742142,15.372451026882835,6981212.909562288,107318353.56048849,3623306475.277075,3623306475.277075,33.762225705734934,1.0,622259786.9840375,43538.01011847889,650.7407552363779,6.652608304795782,644.0881469315822,1954.3355513792105,0.0,2.7762325771618634e-10,2.7762325771618634e-10,1540673674.8191283,1540673674.8191283,30813473.496382564,0.0,0.0,0.0,148218076.03332967,148218076.03332967,15.372451026882835,4795880.34205256,73724435.68899308,2162570363.143751,2162570363.143751,29.333155865262437,1.0,473678612.2912932,0.0
sensitivity-q2500-steam-eta-0.03,20260926-design-study-component-alternatives:c0446,completed,"[""sensitivity""]",[],pass,True,diagnostic_agreement_not_released,False,[],[],[],[],[],2500.0,2598.4236983110704,2000.0,1.5,"[25.0, 25.0, 25.0]",10.0,4.0,225.0,909.7842427353746,559.4931629141395,34.79369157756905,33.7683089932799,932.6824486446592,22.89820590928455,909.7842427353746,1688.6394555756954,0.0,4.547473508864641e-13,4.547473508864641e-13,2547677871.7087045,2023944606.8029428,40478892.13605886,2832.210038746655,3661077.1734077483,254953809.10856223,194710392.2922443,453325278.5742142,15.372451026882835,6774253.471407599,104136879.73290436,3623306475.277075,3623306475.277075,34.79369157756905,1.0,622259786.9840375,43538.01011847889,566.9107451152818,7.417582201142323,559.4931629141395,2038.9305353922855,0.0,4.645471562980674e-09,4.645471562980674e-09,1540673674.8191283,1540673674.8191283,30813473.496382564,0.0,0.0,0.0,148218076.03332967,148218076.03332967,15.372451026882835,4165986.0910586827,64041417.16347466,2162570363.143751,2162570363.143751,33.7683089932799,1.0,473678612.2912932,0.0
sensitivity-q2500-steam-eta+0.03,20260926-design-study-component-alternatives:c0447,completed,"[""sensitivity""]",[],pass,True,diagnostic_agreement_not_released,False,[],[],[],[],[],2500.0,2598.4236983110704,2000.0,1.5,"[25.0, 25.0, 25.0]",10.0,4.0,225.0,965.1075880959482,559.4931629141395,32.79919537915788,33.7683089932799,987.6032274964815,22.495639400533268,965.1075880959482,1633.3161102151216,0.0,4.547473508864641e-13,4.547473508864641e-13,2547677871.7087045,2023944606.8029428,40478892.13605886,2832.210038746655,3661077.1734077483,254953809.10856223,194710392.2922443,453325278.5742142,15.372451026882835,7186191.100962431,110469370.76936622,3623306475.277075,3623306475.277075,32.79919537915788,1.0,622259786.9840375,43538.01011847889,566.9107451152818,7.417582201142323,559.4931629141395,2038.9305353922855,0.0,4.645471562980674e-09,4.645471562980674e-09,1540673674.8191283,1540673674.8191283,30813473.496382564,0.0,0.0,0.0,148218076.03332967,148218076.03332967,15.372451026882835,4165986.0910586827,64041417.16347466,2162570363.143751,2162570363.143751,33.7683089932799,1.0,473678612.2912932,0.0
sensitivity-q2500-both-eta-0.03,20260926-design-study-component-alternatives:c0448,completed,"[""sensitivity""]",[],pass,True,diagnostic_agreement_not_released,False,[],[],[],[],[],2500.0,2598.4236983110704,2000.0,1.5,"[25.0, 25.0, 25.0]",10.0,4.0,225.0,909.7842427353746,469.37600295556746,34.79369157756905,40.25160614506454,932.6824486446592,22.89820590928455,909.7842427353746,1688.6394555756954,0.0,4.547473508864641e-13,4.547473508864641e-13,2547677871.7087045,2023944606.8029428,40478892.13605886,2832.210038746655,3661077.1734077483,254953809.10856223,194710392.2922443,453325278.5742142,15.372451026882835,6774253.471407599,104136879.73290436,3623306475.277075,3623306475.277075,34.79369157756905,1.0,622259786.9840375,43538.01011847889,477.83478348851395,8.458780532946466,469.37600295556746,2129.04769536491,0.0,-9.406903700437397e-09,-9.406903700437397e-09,1540673674.8191283,1540673674.8191283,30813473.496382564,0.0,0.0,0.0,148218076.03332967,148218076.03332967,15.372451026882835,3494973.718007155,53726312.32030761,2162570363.143751,2162570363.143751,40.25160614506454,1.0,473678612.2912932,0.0
sensitivity-q2500-both-eta+0.03,20260926-design-study-component-alternatives:c0449,completed,"[""sensitivity""]",[],pass,True,diagnostic_agreement_not_released,False,[],[],[],[],[],2500.0,2598.4236983110704,2000.0,1.5,"[25.0, 25.0, 25.0]",10.0,4.0,225.0,965.1075880959482,644.0881469315822,32.79919537915788,29.333155865262437,987.6032274964815,22.495639400533268,965.1075880959482,1633.3161102151216,0.0,4.547473508864641e-13,4.547473508864641e-13,2547677871.7087045,2023944606.8029428,40478892.13605886,2832.210038746655,3661077.1734077483,254953809.10856223,194710392.2922443,453325278.5742142,15.372451026882835,7186191.100962431,110469370.76936622,3623306475.277075,3623306475.277075,32.79919537915788,1.0,622259786.9840375,43538.01011847889,650.7407552363779,6.652608304795782,644.0881469315822,1954.3355513792105,0.0,2.7762325771618634e-10,2.7762325771618634e-10,1540673674.8191283,1540673674.8191283,30813473.496382564,0.0,0.0,0.0,148218076.03332967,148218076.03332967,15.372451026882835,4795880.34205256,73724435.68899308,2162570363.143751,2162570363.143751,29.333155865262437,1.0,473678612.2912932,0.0
sensitivity-q2500-gas-quote-x0.5,20260926-design-study-component-alternatives:c0450,completed,"[""sensitivity""]",[],pass,True,diagnostic_agreement_not_released,False,[],[],[],[],[],2500.0,2598.4236983110704,2000.0,1.5,"[25.0, 25.0, 25.0]",10.0,4.0,225.0,937.5789564279194,559.4931629141395,33.762225705734934,16.88415449663995,960.2748911376034,22.695934709684032,937.5789564279194,1660.8447418831506,0.0,4.547473508864641e-13,4.547473508864641e-13,2547677871.7087045,2023944606.8029428,40478892.13605886,2832.210038746655,3661077.1734077483,254953809.10856223,194710392.2922443,453325278.5742142,15.372451026882835,6981212.909562288,107318353.56048849,3623306475.277075,3623306475.277075,33.762225705734934,1.0,622259786.9840375,43538.01011847889,566.9107451152818,7.417582201142323,559.4931629141395,2038.9305353922855,0.0,4.645471562980674e-09,4.645471562980674e-09,770336837.4095641,770336837.4095641,15406736.748191282,0.0,0.0,0.0,74109038.01666483,74109038.01666483,15.372451026882835,4165986.0910586827,64041417.16347466,1081285181.5718756,1081285181.5718756,16.88415449663995,1.0,236839306.1456466,0.0
sensitivity-q2500-gas-quote-x1.5,20260926-design-study-component-alternatives:c0451,completed,"[""sensitivity""]",[],pass,True,diagnostic_agreement_not_released,False,[],[],[],[],[],2500.0,2598.4236983110704,2000.0,1.5,"[25.0, 25.0, 25.0]",10.0,4.0,225.0,937.5789564279194,559.4931629141395,33.762225705734934,50.652463489919846,960.2748911376034,22.695934709684032,937.5789564279194,1660.8447418831506,0.0,4.547473508864641e-13,4.547473508864641e-13,2547677871.7087045,2023944606.8029428,40478892.13605886,2832.210038746655,3661077.1734077483,254953809.10856223,194710392.2922443,453325278.5742142,15.372451026882835,6981212.909562288,107318353.56048849,3623306475.277075,3623306475.277075,33.762225705734934,1.0,622259786.9840375,43538.01011847889,566.9107451152818,7.417582201142323,559.4931629141395,2038.9305353922855,0.0,4.645471562980674e-09,4.645471562980674e-09,2311010512.228692,2311010512.228692,46220210.24457384,0.0,0.0,0.0,222327114.04999447,222327114.04999447,15.372451026882835,4165986.0910586827,64041417.16347466,3243855544.7156262,3243855544.7156262,50.652463489919846,1.0,710517918.4369397,0.0
sensitivity-q2500-steam-quote-x0.5,20260926-design-study-component-alternatives:c0452,completed,"[""sensitivity""]",[],pass,True,diagnostic_agreement_not_released,False,[],[],[],[],[],2500.0,2598.4236983110704,2000.0,1.5,"[25.0, 25.0, 25.0]",10.0,4.0,225.0,937.5789564279194,559.4931629141395,16.881112852867467,33.7683089932799,960.2748911376034,22.695934709684032,937.5789564279194,1660.8447418831506,0.0,4.547473508864641e-13,4.547473508864641e-13,1273838935.8543522,1011972303.4014714,20239446.06802943,1416.1050193733274,1830538.5867038742,127476904.55428112,97355196.14612214,226662639.2871071,15.372451026882835,6981212.909562288,107318353.56048849,1811653237.6385374,1811653237.6385374,16.881112852867467,1.0,311129893.49201876,21769.005059239444,566.9107451152818,7.417582201142323,559.4931629141395,2038.9305353922855,0.0,4.645471562980674e-09,4.645471562980674e-09,1540673674.8191283,1540673674.8191283,30813473.496382564,0.0,0.0,0.0,148218076.03332967,148218076.03332967,15.372451026882835,4165986.0910586827,64041417.16347466,2162570363.143751,2162570363.143751,33.7683089932799,1.0,473678612.2912932,0.0
sensitivity-q2500-steam-quote-x1.5,20260926-design-study-component-alternatives:c0453,completed,"[""sensitivity""]",[],pass,True,diagnostic_agreement_not_released,False,[],[],[],[],[],2500.0,2598.4236983110704,2000.0,1.5,"[25.0, 25.0, 25.0]",10.0,4.0,225.0,937.5789564279194,559.4931629141395,50.64333855860239,33.7683089932799,960.2748911376034,22.695934709684032,937.5789564279194,1660.8447418831506,0.0,4.547473508864641e-13,4.547473508864641e-13,3821516807.5630565,3035916910.2044144,60718338.204088286,4248.3150581199825,5491615.760111621,382430713.66284335,292065588.4383665,679987917.8613214,15.372451026882835,6981212.909562288,107318353.56048849,5434959712.915611,5434959712.915611,50.64333855860239,1.0,933389680.4760562,65307.015177718335,566.9107451152818,7.417582201142323,559.4931629141395,2038.9305353922855,0.0,4.645471562980674e-09,4.645471562980674e-09,1540673674.8191283,1540673674.8191283,30813473.496382564,0.0,0.0,0.0,148218076.03332967,148218076.03332967,15.372451026882835,4165986.0910586827,64041417.16347466,2162570363.143751,2162570363.143751,33.7683089932799,1.0,473678612.2912932,0.0
sensitivity-q2500-gas-quote-x0.5-steam-x1.5,20260926-design-study-component-alternatives:c0454,completed,"[""sensitivity""]",[],pass,True,diagnostic_agreement_not_released,False,[],[],[],[],[],2500.0,2598.4236983110704,2000.0,1.5,"[25.0, 25.0, 25.0]",10.0,4.0,225.0,937.5789564279194,559.4931629141395,50.64333855860239,16.88415449663995,960.2748911376034,22.695934709684032,937.5789564279194,1660.8447418831506,0.0,4.547473508864641e-13,4.547473508864641e-13,3821516807.5630565,3035916910.2044144,60718338.204088286,4248.3150581199825,5491615.760111621,382430713.66284335,292065588.4383665,679987917.8613214,15.372451026882835,6981212.909562288,107318353.56048849,5434959712.915611,5434959712.915611,50.64333855860239,1.0,933389680.4760562,65307.015177718335,566.9107451152818,7.417582201142323,559.4931629141395,2038.9305353922855,0.0,4.645471562980674e-09,4.645471562980674e-09,770336837.4095641,770336837.4095641,15406736.748191282,0.0,0.0,0.0,74109038.01666483,74109038.01666483,15.372451026882835,4165986.0910586827,64041417.16347466,1081285181.5718756,1081285181.5718756,16.88415449663995,1.0,236839306.1456466,0.0
sensitivity-q2500-gas-quote-x1.5-steam-x0.5,20260926-design-study-component-alternatives:c0455,completed,"[""sensitivity""]",[],pass,True,diagnostic_agreement_not_released,False,[],[],[],[],[],2500.0,2598.4236983110704,2000.0,1.5,"[25.0, 25.0, 25.0]",10.0,4.0,225.0,937.5789564279194,559.4931629141395,16.881112852867467,50.652463489919846,960.2748911376034,22.695934709684032,937.5789564279194,1660.8447418831506,0.0,4.547473508864641e-13,4.547473508864641e-13,1273838935.8543522,1011972303.4014714,20239446.06802943,1416.1050193733274,1830538.5867038742,127476904.55428112,97355196.14612214,226662639.2871071,15.372451026882835,6981212.909562288,107318353.56048849,1811653237.6385374,1811653237.6385374,16.881112852867467,1.0,311129893.49201876,21769.005059239444,566.9107451152818,7.417582201142323,559.4931629141395,2038.9305353922855,0.0,4.645471562980674e-09,4.645471562980674e-09,2311010512.228692,2311010512.228692,46220210.24457384,0.0,0.0,0.0,222327114.04999447,222327114.04999447,15.372451026882835,4165986.0910586827,64041417.16347466,3243855544.7156262,3243855544.7156262,50.652463489919846,1.0,710517918.4369397,0.0
sensitivity-q2500-recurring-x0.5,20260926-design-study-component-alternatives:c0456,completed,"[""sensitivity""]",[],pass,True,diagnostic_agreement_not_released,False,[],[],[],[],[],2500.0,2598.4236983110704,2000.0,1.5,"[25.0, 25.0, 25.0]",10.0,4.0,225.0,937.5789564279194,559.4931629141395,29.955932782987997,28.91288327138227,960.2748911376034,22.695934709684032,937.5789564279194,1660.8447418831506,0.0,4.547473508864641e-13,4.547473508864641e-13,2547677871.7087045,2023944606.8029428,20239446.06802943,2832.210038746655,3661077.1734077483,254953809.10856223,97355196.14612214,355970082.4280921,15.372451026882835,6981212.909562288,107318353.56048849,3214821385.6389337,3214821385.6389337,29.955932782987997,1.0,311129893.49201876,43538.01011847889,566.9107451152818,7.417582201142323,559.4931629141395,2038.9305353922855,0.0,4.645471562980674e-09,4.645471562980674e-09,1540673674.8191283,1540673674.8191283,15406736.748191282,0.0,0.0,0.0,74109038.01666483,74109038.01666483,15.372451026882835,4165986.0910586827,64041417.16347466,1851622018.9814396,1851622018.9814396,28.91288327138227,1.0,236839306.1456466,0.0
sensitivity-q2500-recurring-x1.5,20260926-design-study-component-alternatives:c0457,completed,"[""sensitivity""]",[],pass,True,diagnostic_agreement_not_released,False,[],[],[],[],[],2500.0,2598.4236983110704,2000.0,1.5,"[25.0, 25.0, 25.0]",10.0,4.0,225.0,937.5789564279194,559.4931629141395,37.56851862848187,38.623734715177534,960.2748911376034,22.695934709684032,937.5789564279194,1660.8447418831506,0.0,4.547473508864641e-13,4.547473508864641e-13,2547677871.7087045,2023944606.8029428,60718338.20408828,2832.210038746655,3661077.1734077483,254953809.10856223,292065588.4383665,550680474.7203364,15.372451026882835,6981212.909562288,107318353.56048849,4031791564.9152155,4031791564.9152155,37.56851862848187,1.0,933389680.4760561,43538.01011847889,566.9107451152818,7.417582201142323,559.4931629141395,2038.9305353922855,0.0,4.645471562980674e-09,4.645471562980674e-09,1540673674.8191283,1540673674.8191283,46220210.24457385,0.0,0.0,0.0,222327114.04999453,222327114.04999453,15.372451026882835,4165986.0910586827,64041417.16347466,2473518707.3060627,2473518707.3060627,38.623734715177534,1.0,710517918.4369397,0.0
sensitivity-q2500-common-source-pv-5e+08,20260926-design-study-component-alternatives:c0458,completed,"[""sensitivity""]",[],pass,True,diagnostic_agreement_not_released,False,[],[],[],[],[],2500.0,2598.4236983110704,2000.0,1.5,"[25.0, 25.0, 25.0]",10.0,4.0,225.0,937.5789564279194,559.4931629141395,38.42126102832011,41.57575645690614,960.2748911376034,22.695934709684032,937.5789564279194,1660.8447418831506,0.0,4.547473508864641e-13,4.547473508864641e-13,2547677871.7087045,2023944606.8029428,40478892.13605886,2832.210038746655,3661077.1734077483,254953809.10856223,194710392.2922443,453325278.5742142,15.372451026882835,6981212.909562288,107318353.56048849,3623306475.277075,4123306475.277075,38.42126102832011,1.0,622259786.9840375,43538.01011847889,566.9107451152818,7.417582201142323,559.4931629141395,2038.9305353922855,0.0,4.645471562980674e-09,4.645471562980674e-09,1540673674.8191283,1540673674.8191283,30813473.496382564,0.0,0.0,0.0,148218076.03332967,148218076.03332967,15.372451026882835,4165986.0910586827,64041417.16347466,2162570363.143751,2662570363.143751,41.57575645690614,1.0,473678612.2912932,0.0
sensitivity-q2500-common-source-pv-2e+09,20260926-design-study-component-alternatives:c0459,completed,"[""sensitivity""]",[],pass,True,diagnostic_agreement_not_released,False,[],[],[],[],[],2500.0,2598.4236983110704,2000.0,1.5,"[25.0, 25.0, 25.0]",10.0,4.0,225.0,937.5789564279194,559.4931629141395,52.398366996075616,64.99809884778486,960.2748911376034,22.695934709684032,937.5789564279194,1660.8447418831506,0.0,4.547473508864641e-13,4.547473508864641e-13,2547677871.7087045,2023944606.8029428,40478892.13605886,2832.210038746655,3661077.1734077483,254953809.10856223,194710392.2922443,453325278.5742142,15.372451026882835,6981212.909562288,107318353.56048849,3623306475.277075,5623306475.277075,52.398366996075616,1.0,622259786.9840375,43538.01011847889,566.9107451152818,7.417582201142323,559.4931629141395,2038.9305353922855,0.0,4.645471562980674e-09,4.645471562980674e-09,1540673674.8191283,1540673674.8191283,30813473.496382564,0.0,0.0,0.0,148218076.03332967,148218076.03332967,15.372451026882835,4165986.0910586827,64041417.16347466,2162570363.143751,4162570363.143751,64.99809884778486,1.0,473678612.2912932,0.0
controller-q2500-gas-500,20260926-design-study-component-alternatives:c0460,completed,"[""adverse_controller_offer""]",[],equipment_or_coupling_insufficient,False,diagnostic_agreement_not_released,False,[],[],"[""component_alternatives__plant__gas_boundary__bypass_flow_margin_ok__840f5556c962fa45"", ""component_alternatives__plant__gas_boundary__controller_capacity_ok_ok__3c7a992b7ef572ac""]",[],[],2500.0,2598.4236983110704,2000.0,1.5,"[25.0, 25.0, 25.0]",10.0,4.0,225.0,937.5789564279194,559.4931629141395,33.762225705734934,33.72447322254507,960.2748911376034,22.695934709684032,937.5789564279194,1660.8447418831506,0.0,4.547473508864641e-13,4.547473508864641e-13,2547677871.7087045,2023944606.8029428,40478892.13605886,2832.210038746655,3661077.1734077483,254953809.10856223,194710392.2922443,453325278.5742142,15.372451026882835,6981212.909562288,107318353.56048849,3623306475.277075,3623306475.277075,33.762225705734934,1.0,622259786.9840375,43538.01011847889,566.9107451152818,7.417582201142323,559.4931629141395,2038.9305353922855,0.0,4.645471562980674e-09,4.645471562980674e-09,1538673674.8191283,1538673674.8191283,30773473.496382564,0.0,0.0,0.0,148025669.1940933,148025669.1940933,15.372451026882835,4165986.0910586827,64041417.16347466,2159763058.263439,2159763058.263439,33.72447322254507,1.0,473063714.25021785,0.0
controller-q2500-steam-500,20260926-design-study-component-alternatives:c0461,completed,"[""adverse_controller_offer""]",[],pass,True,diagnostic_agreement_not_released,False,[],[],[],[],[],2500.0,2598.4236983110704,2000.0,1.5,"[25.0, 25.0, 25.0]",10.0,4.0,225.0,937.5789564279194,559.4931629141395,33.736067040537655,33.7683089932799,960.2748911376034,22.695934709684032,937.5789564279194,1660.8447418831506,0.0,4.547473508864641e-13,4.547473508864641e-13,2545677871.7087045,2021944606.8029428,40438892.13605886,2832.210038746655,3661077.1734077483,254953809.10856223,194517985.4530079,453132871.73497784,15.372451026882835,6981212.909562288,107318353.56048849,3620499170.396763,3620499170.396763,33.736067040537655,1.0,621644888.9429623,43538.01011847889,566.9107451152818,7.417582201142323,559.4931629141395,2038.9305353922855,0.0,4.645471562980674e-09,4.645471562980674e-09,1540673674.8191283,1540673674.8191283,30813473.496382564,0.0,0.0,0.0,148218076.03332967,148218076.03332967,15.372451026882835,4165986.0910586827,64041417.16347466,2162570363.143751,2162570363.143751,33.7683089932799,1.0,473678612.2912932,0.0
sensitivity-q2800-gas-eta-0.03,20260926-design-study-component-alternatives:c0462,completed,"[""sensitivity""]",[],pass,True,diagnostic_agreement_not_released,False,[],[],[],[],[],2800.0,2938.4527131777613,1750.0,1.8,"[25.0, 25.0, 25.0]",11.0,4.0,225.0,1060.283449630589,348.3391243643385,32.406186895080005,54.23777199701303,1085.9362008951196,25.652751264530504,1060.283449630589,1878.1692635471718,0.0,4.547473508864641e-13,4.547473508864641e-13,2764816352.549668,2188992982.1572046,43779859.64314409,2832.210038746655,4027184.8907485222,280449190.0194184,210588610.40375155,495064985.3139185,15.372451026882835,7894870.5659493655,121363511.1386354,3932928624.2017417,3932928624.2017417,32.406186895080005,1.0,673003748.3280368,43538.01011847889,355.8094850988624,7.4703607345239424,348.3391243643385,2590.1135888042686,0.0,9.154064173344523e-09,9.154064173344523e-09,1540673674.8191283,1540673674.8191283,30813473.496382564,0.0,0.0,0.0,148218076.03332967,148218076.03332967,15.372451026882835,2593733.120016864,39872035.36426326,2162570363.143751,2162570363.143751,54.23777199701303,1.0,473678612.2912932,0.0
sensitivity-q2800-gas-eta+0.03,20260926-design-study-component-alternatives:c0463,completed,"[""sensitivity""]",[],pass,True,diagnostic_agreement_not_released,False,[],[],[],[],[],2800.0,2938.4527131777613,1750.0,1.8,"[25.0, 25.0, 25.0]",11.0,4.0,225.0,1060.283449630589,682.0621485899487,32.406186895080005,27.700024175173198,1085.9362008951196,25.652751264530504,1060.283449630589,1878.1692635471718,0.0,4.547473508864641e-13,4.547473508864641e-13,2764816352.549668,2188992982.1572046,43779859.64314409,2832.210038746655,4027184.8907485222,280449190.0194184,210588610.40375155,495064985.3139185,15.372451026882835,7894870.5659493655,121363511.1386354,3932928624.2017417,3932928624.2017417,32.406186895080005,1.0,673003748.3280368,43538.01011847889,687.8696427912636,5.807494201314907,682.0621485899487,2256.390564579147,0.0,8.66566551849246e-09,8.66566551849246e-09,1540673674.8191283,1540673674.8191283,30813473.496382564,0.0,0.0,0.0,148218076.03332967,148218076.03332967,15.372451026882835,5078634.758400758,78071064.10694058,2162570363.143751,2162570363.143751,27.700024175173198,1.0,473678612.2912932,0.0
sensitivity-q2800-steam-eta-0.03,20260926-design-study-component-alternatives:c0464,completed,"[""sensitivity""]",[],pass,True,diagnostic_agreement_not_released,False,[],[],[],[],[],2800.0,2938.4527131777613,1750.0,1.8,"[25.0, 25.0, 25.0]",11.0,4.0,225.0,1028.8515273020853,518.099044056604,33.396211910759504,36.46626686855654,1054.733018920104,25.881491618018728,1028.8515273020853,1909.6011858756756,0.0,4.547473508864641e-13,4.547473508864641e-13,2764816352.549668,2188992982.1572046,43779859.64314409,2832.210038746655,4027184.8907485222,280449190.0194184,210588610.40375155,495064985.3139185,15.372451026882835,7660828.472291327,117765710.51564807,3932928624.2017417,3932928624.2017417,33.396211910759504,1.0,673003748.3280368,43538.01011847889,524.6101992389462,6.511155182342151,518.099044056604,2420.353669123378,0.0,-2.2205313143786043e-09,-2.2205313143786043e-09,1540673674.8191283,1540673674.8191283,30813473.496382564,0.0,0.0,0.0,148218076.03332967,148218076.03332967,15.372451026882835,3857765.4820454735,59303310.945943095,2162570363.143751,2162570363.143751,36.46626686855654,1.0,473678612.2912932,0.0
sensitivity-q2800-steam-eta+0.03,20260926-design-study-component-alternatives:c0465,completed,"[""sensitivity""]",[],pass,True,diagnostic_agreement_not_released,False,[],[],[],[],[],2800.0,2938.4527131777613,1750.0,1.8,"[25.0, 25.0, 25.0]",11.0,4.0,225.0,1091.4144705135839,518.099044056604,31.481847234736076,36.46626686855654,1116.84071587956,25.42624536597616,1091.4144705135839,1847.038242664177,0.0,4.547473508864641e-13,4.547473508864641e-13,2764816352.549668,2188992982.1572046,43779859.64314409,2832.210038746655,4027184.8907485222,280449190.0194184,210588610.40375155,495064985.3139185,15.372451026882835,8126672.147444146,124926869.59811789,3932928624.2017417,3932928624.2017417,31.481847234736076,1.0,673003748.3280368,43538.01011847889,524.6101992389462,6.511155182342151,518.099044056604,2420.353669123378,0.0,-2.2205313143786043e-09,-2.2205313143786043e-09,1540673674.8191283,1540673674.8191283,30813473.496382564,0.0,0.0,0.0,148218076.03332967,148218076.03332967,15.372451026882835,3857765.4820454735,59303310.945943095,2162570363.143751,2162570363.143751,36.46626686855654,1.0,473678612.2912932,0.0
sensitivity-q2800-both-eta-0.03,20260926-design-study-component-alternatives:c0466,completed,"[""sensitivity""]",[],pass,True,diagnostic_agreement_not_released,False,[],[],[],[],[],2800.0,2938.4527131777613,1750.0,1.8,"[25.0, 25.0, 25.0]",11.0,4.0,225.0,1028.8515273020853,348.3391243643385,33.396211910759504,54.23777199701303,1054.733018920104,25.881491618018728,1028.8515273020853,1909.6011858756756,0.0,4.547473508864641e-13,4.547473508864641e-13,2764816352.549668,2188992982.1572046,43779859.64314409,2832.210038746655,4027184.8907485222,280449190.0194184,210588610.40375155,495064985.3139185,15.372451026882835,7660828.472291327,117765710.51564807,3932928624.2017417,3932928624.2017417,33.396211910759504,1.0,673003748.3280368,43538.01011847889,355.8094850988624,7.4703607345239424,348.3391243643385,2590.1135888042686,0.0,9.154064173344523e-09,9.154064173344523e-09,1540673674.8191283,1540673674.8191283,30813473.496382564,0.0,0.0,0.0,148218076.03332967,148218076.03332967,15.372451026882835,2593733.120016864,39872035.36426326,2162570363.143751,2162570363.143751,54.23777199701303,1.0,473678612.2912932,0.0
sensitivity-q2800-both-eta+0.03,20260926-design-study-component-alternatives:c0467,completed,"[""sensitivity""]",[],pass,True,diagnostic_agreement_not_released,False,[],[],[],[],[],2800.0,2938.4527131777613,1750.0,1.8,"[25.0, 25.0, 25.0]",11.0,4.0,225.0,1091.4144705135839,682.0621485899487,31.481847234736076,27.700024175173198,1116.84071587956,25.42624536597616,1091.4144705135839,1847.038242664177,0.0,4.547473508864641e-13,4.547473508864641e-13,2764816352.549668,2188992982.1572046,43779859.64314409,2832.210038746655,4027184.8907485222,280449190.0194184,210588610.40375155,495064985.3139185,15.372451026882835,8126672.147444146,124926869.59811789,3932928624.2017417,3932928624.2017417,31.481847234736076,1.0,673003748.3280368,43538.01011847889,687.8696427912636,5.807494201314907,682.0621485899487,2256.390564579147,0.0,8.66566551849246e-09,8.66566551849246e-09,1540673674.8191283,1540673674.8191283,30813473.496382564,0.0,0.0,0.0,148218076.03332967,148218076.03332967,15.372451026882835,5078634.758400758,78071064.10694058,2162570363.143751,2162570363.143751,27.700024175173198,1.0,473678612.2912932,0.0
sensitivity-q2800-gas-quote-x0.5,20260926-design-study-component-alternatives:c0468,completed,"[""sensitivity""]",[],pass,True,diagnostic_agreement_not_released,False,[],[],[],[],[],2800.0,2938.4527131777613,1750.0,1.8,"[25.0, 25.0, 25.0]",11.0,4.0,225.0,1060.283449630589,518.099044056604,32.406186895080005,18.23313343427827,1085.9362008951196,25.652751264530504,1060.283449630589,1878.1692635471718,0.0,4.547473508864641e-13,4.547473508864641e-13,2764816352.549668,2188992982.1572046,43779859.64314409,2832.210038746655,4027184.8907485222,280449190.0194184,210588610.40375155,495064985.3139185,15.372451026882835,7894870.5659493655,121363511.1386354,3932928624.2017417,3932928624.2017417,32.406186895080005,1.0,673003748.3280368,43538.01011847889,524.6101992389462,6.511155182342151,518.099044056604,2420.353669123378,0.0,-2.2205313143786043e-09,-2.2205313143786043e-09,770336837.4095641,770336837.4095641,15406736.748191282,0.0,0.0,0.0,74109038.01666483,74109038.01666483,15.372451026882835,3857765.4820454735,59303310.945943095,1081285181.5718756,1081285181.5718756,18.23313343427827,1.0,236839306.1456466,0.0
sensitivity-q2800-gas-quote-x1.5,20260926-design-study-component-alternatives:c0469,completed,"[""sensitivity""]",[],pass,True,diagnostic_agreement_not_released,False,[],[],[],[],[],2800.0,2938.4527131777613,1750.0,1.8,"[25.0, 25.0, 25.0]",11.0,4.0,225.0,1060.283449630589,518.099044056604,32.406186895080005,54.699400302834796,1085.9362008951196,25.652751264530504,1060.283449630589,1878.1692635471718,0.0,4.547473508864641e-13,4.547473508864641e-13,2764816352.549668,2188992982.1572046,43779859.64314409,2832.210038746655,4027184.8907485222,280449190.0194184,210588610.40375155,495064985.3139185,15.372451026882835,7894870.5659493655,121363511.1386354,3932928624.2017417,3932928624.2017417,32.406186895080005,1.0,673003748.3280368,43538.01011847889,524.6101992389462,6.511155182342151,518.099044056604,2420.353669123378,0.0,-2.2205313143786043e-09,-2.2205313143786043e-09,2311010512.228692,2311010512.228692,46220210.24457384,0.0,0.0,0.0,222327114.04999447,222327114.04999447,15.372451026882835,3857765.4820454735,59303310.945943095,3243855544.7156262,3243855544.7156262,54.699400302834796,1.0,710517918.4369397,0.0
sensitivity-q2800-steam-quote-x0.5,20260926-design-study-component-alternatives:c0470,completed,"[""sensitivity""]",[],pass,True,diagnostic_agreement_not_released,False,[],[],[],[],[],2800.0,2938.4527131777613,1750.0,1.8,"[25.0, 25.0, 25.0]",11.0,4.0,225.0,1060.283449630589,518.099044056604,16.203093447540002,36.46626686855654,1085.9362008951196,25.652751264530504,1060.283449630589,1878.1692635471718,0.0,4.547473508864641e-13,4.547473508864641e-13,1382408176.274834,1094496491.0786023,21889929.821572047,1416.1050193733274,2013592.4453742611,140224595.0097092,105294305.20187578,247532492.65695924,15.372451026882835,7894870.5659493655,121363511.1386354,1966464312.1008708,1966464312.1008708,16.203093447540002,1.0,336501874.1640184,21769.005059239444,524.6101992389462,6.511155182342151,518.099044056604,2420.353669123378,0.0,-2.2205313143786043e-09,-2.2205313143786043e-09,1540673674.8191283,1540673674.8191283,30813473.496382564,0.0,0.0,0.0,148218076.03332967,148218076.03332967,15.372451026882835,3857765.4820454735,59303310.945943095,2162570363.143751,2162570363.143751,36.46626686855654,1.0,473678612.2912932,0.0
sensitivity-q2800-steam-quote-x1.5,20260926-design-study-component-alternatives:c0471,completed,"[""sensitivity""]",[],pass,True,diagnostic_agreement_not_released,False,[],[],[],[],[],2800.0,2938.4527131777613,1750.0,1.8,"[25.0, 25.0, 25.0]",11.0,4.0,225.0,1060.283449630589,518.099044056604,48.60928034262,36.46626686855654,1085.9362008951196,25.652751264530504,1060.283449630589,1878.1692635471718,0.0,4.547473508864641e-13,4.547473508864641e-13,4147224528.824502,3283489473.235808,65669789.46471616,4248.3150581199825,6040777.336122783,420673785.0291276,315882915.6056274,742597477.9708779,15.372451026882835,7894870.5659493655,121363511.1386354,5899392936.302613,5899392936.302613,48.60928034262,1.0,1009505622.4920555,65307.015177718335,524.6101992389462,6.511155182342151,518.099044056604,2420.353669123378,0.0,-2.2205313143786043e-09,-2.2205313143786043e-09,1540673674.8191283,1540673674.8191283,30813473.496382564,0.0,0.0,0.0,148218076.03332967,148218076.03332967,15.372451026882835,3857765.4820454735,59303310.945943095,2162570363.143751,2162570363.143751,36.46626686855654,1.0,473678612.2912932,0.0
sensitivity-q2800-gas-quote-x0.5-steam-x1.5,20260926-design-study-component-alternatives:c0472,completed,"[""sensitivity""]",[],pass,True,diagnostic_agreement_not_released,False,[],[],[],[],[],2800.0,2938.4527131777613,1750.0,1.8,"[25.0, 25.0, 25.0]",11.0,4.0,225.0,1060.283449630589,518.099044056604,48.60928034262,18.23313343427827,1085.9362008951196,25.652751264530504,1060.283449630589,1878.1692635471718,0.0,4.547473508864641e-13,4.547473508864641e-13,4147224528.824502,3283489473.235808,65669789.46471616,4248.3150581199825,6040777.336122783,420673785.0291276,315882915.6056274,742597477.9708779,15.372451026882835,7894870.5659493655,121363511.1386354,5899392936.302613,5899392936.302613,48.60928034262,1.0,1009505622.4920555,65307.015177718335,524.6101992389462,6.511155182342151,518.099044056604,2420.353669123378,0.0,-2.2205313143786043e-09,-2.2205313143786043e-09,770336837.4095641,770336837.4095641,15406736.748191282,0.0,0.0,0.0,74109038.01666483,74109038.01666483,15.372451026882835,3857765.4820454735,59303310.945943095,1081285181.5718756,1081285181.5718756,18.23313343427827,1.0,236839306.1456466,0.0
sensitivity-q2800-gas-quote-x1.5-steam-x0.5,20260926-design-study-component-alternatives:c0473,completed,"[""sensitivity""]",[],pass,True,diagnostic_agreement_not_released,False,[],[],[],[],[],2800.0,2938.4527131777613,1750.0,1.8,"[25.0, 25.0, 25.0]",11.0,4.0,225.0,1060.283449630589,518.099044056604,16.203093447540002,54.699400302834796,1085.9362008951196,25.652751264530504,1060.283449630589,1878.1692635471718,0.0,4.547473508864641e-13,4.547473508864641e-13,1382408176.274834,1094496491.0786023,21889929.821572047,1416.1050193733274,2013592.4453742611,140224595.0097092,105294305.20187578,247532492.65695924,15.372451026882835,7894870.5659493655,121363511.1386354,1966464312.1008708,1966464312.1008708,16.203093447540002,1.0,336501874.1640184,21769.005059239444,524.6101992389462,6.511155182342151,518.099044056604,2420.353669123378,0.0,-2.2205313143786043e-09,-2.2205313143786043e-09,2311010512.228692,2311010512.228692,46220210.24457384,0.0,0.0,0.0,222327114.04999447,222327114.04999447,15.372451026882835,3857765.4820454735,59303310.945943095,3243855544.7156262,3243855544.7156262,54.699400302834796,1.0,710517918.4369397,0.0
sensitivity-q2800-recurring-x0.5,20260926-design-study-component-alternatives:c0474,completed,"[""sensitivity""]",[],pass,True,diagnostic_agreement_not_released,False,[],[],[],[],[],2800.0,2938.4527131777613,1750.0,1.8,"[25.0, 25.0, 25.0]",11.0,4.0,225.0,1060.283449630589,518.099044056604,28.765914994399544,31.222911325629923,1085.9362008951196,25.652751264530504,1060.283449630589,1878.1692635471718,0.0,4.547473508864641e-13,4.547473508864641e-13,2764816352.549668,2188992982.1572046,21889929.821572047,2832.210038746655,4027184.8907485222,280449190.0194184,105294305.20187578,389770680.11204267,15.372451026882835,7894870.5659493655,121363511.1386354,3491132444.835848,3491132444.835848,28.765914994399544,1.0,336501874.1640184,43538.01011847889,524.6101992389462,6.511155182342151,518.099044056604,2420.353669123378,0.0,-2.2205313143786043e-09,-2.2205313143786043e-09,1540673674.8191283,1540673674.8191283,15406736.748191282,0.0,0.0,0.0,74109038.01666483,74109038.01666483,15.372451026882835,3857765.4820454735,59303310.945943095,1851622018.9814396,1851622018.9814396,31.222911325629923,1.0,236839306.1456466,0.0
sensitivity-q2800-recurring-x1.5,20260926-design-study-component-alternatives:c0475,completed,"[""sensitivity""]",[],pass,True,diagnostic_agreement_not_released,False,[],[],[],[],[],2800.0,2938.4527131777613,1750.0,1.8,"[25.0, 25.0, 25.0]",11.0,4.0,225.0,1060.283449630589,518.099044056604,36.04645879576045,41.70962241148315,1085.9362008951196,25.652751264530504,1060.283449630589,1878.1692635471718,0.0,4.547473508864641e-13,4.547473508864641e-13,2764816352.549668,2188992982.1572046,65669789.46471614,2832.210038746655,4027184.8907485222,280449190.0194184,315882915.60562736,600359290.5157943,15.372451026882835,7894870.5659493655,121363511.1386354,4374724803.567636,4374724803.567636,36.04645879576045,1.0,1009505622.4920552,43538.01011847889,524.6101992389462,6.511155182342151,518.099044056604,2420.353669123378,0.0,-2.2205313143786043e-09,-2.2205313143786043e-09,1540673674.8191283,1540673674.8191283,46220210.24457385,0.0,0.0,0.0,222327114.04999453,222327114.04999453,15.372451026882835,3857765.4820454735,59303310.945943095,2473518707.3060627,2473518707.3060627,41.70962241148315,1.0,710517918.4369397,0.0
sensitivity-q2800-common-source-pv-5e+08,20260926-design-study-component-alternatives:c0476,completed,"[""sensitivity""]",[],pass,True,diagnostic_agreement_not_released,False,[],[],[],[],[],2800.0,2938.4527131777613,1750.0,1.8,"[25.0, 25.0, 25.0]",11.0,4.0,225.0,1060.283449630589,518.099044056604,36.52604133327966,44.89749932462912,1085.9362008951196,25.652751264530504,1060.283449630589,1878.1692635471718,0.0,4.547473508864641e-13,4.547473508864641e-13,2764816352.549668,2188992982.1572046,43779859.64314409,2832.210038746655,4027184.8907485222,280449190.0194184,210588610.40375155,495064985.3139185,15.372451026882835,7894870.5659493655,121363511.1386354,3932928624.2017417,4432928624.201742,36.52604133327966,1.0,673003748.3280368,43538.01011847889,524.6101992389462,6.511155182342151,518.099044056604,2420.353669123378,0.0,-2.2205313143786043e-09,-2.2205313143786043e-09,1540673674.8191283,1540673674.8191283,30813473.496382564,0.0,0.0,0.0,148218076.03332967,148218076.03332967,15.372451026882835,3857765.4820454735,59303310.945943095,2162570363.143751,2662570363.143751,44.89749932462912,1.0,473678612.2912932,0.0
sensitivity-q2800-common-source-pv-2e+09,20260926-design-study-component-alternatives:c0477,completed,"[""sensitivity""]",[],pass,True,diagnostic_agreement_not_released,False,[],[],[],[],[],2800.0,2938.4527131777613,1750.0,1.8,"[25.0, 25.0, 25.0]",11.0,4.0,225.0,1060.283449630589,518.099044056604,48.88560464787861,70.19119669284689,1085.9362008951196,25.652751264530504,1060.283449630589,1878.1692635471718,0.0,4.547473508864641e-13,4.547473508864641e-13,2764816352.549668,2188992982.1572046,43779859.64314409,2832.210038746655,4027184.8907485222,280449190.0194184,210588610.40375155,495064985.3139185,15.372451026882835,7894870.5659493655,121363511.1386354,3932928624.2017417,5932928624.201742,48.88560464787861,1.0,673003748.3280368,43538.01011847889,524.6101992389462,6.511155182342151,518.099044056604,2420.353669123378,0.0,-2.2205313143786043e-09,-2.2205313143786043e-09,1540673674.8191283,1540673674.8191283,30813473.496382564,0.0,0.0,0.0,148218076.03332967,148218076.03332967,15.372451026882835,3857765.4820454735,59303310.945943095,2162570363.143751,4162570363.143751,70.19119669284689,1.0,473678612.2912932,0.0
controller-q2800-gas-500,20260926-design-study-component-alternatives:c0478,completed,"[""adverse_controller_offer""]",[],equipment_or_coupling_insufficient,False,diagnostic_agreement_not_released,False,[],[],"[""component_alternatives__plant__gas_boundary__bypass_flow_margin_ok__840f5556c962fa45"", ""component_alternatives__plant__gas_boundary__controller_capacity_ok_ok__3c7a992b7ef572ac""]",[],[],2800.0,2938.4527131777613,1750.0,1.8,"[25.0, 25.0, 25.0]",11.0,4.0,225.0,1060.283449630589,518.099044056604,32.406186895080005,36.41892878851459,1085.9362008951196,25.652751264530504,1060.283449630589,1878.1692635471718,0.0,4.547473508864641e-13,4.547473508864641e-13,2764816352.549668,2188992982.1572046,43779859.64314409,2832.210038746655,4027184.8907485222,280449190.0194184,210588610.40375155,495064985.3139185,15.372451026882835,7894870.5659493655,121363511.1386354,3932928624.2017417,3932928624.2017417,32.406186895080005,1.0,673003748.3280368,43538.01011847889,524.6101992389462,6.511155182342151,518.099044056604,2420.353669123378,0.0,-2.2205313143786043e-09,-2.2205313143786043e-09,1538673674.8191283,1538673674.8191283,30773473.496382564,0.0,0.0,0.0,148025669.1940933,148025669.1940933,15.372451026882835,3857765.4820454735,59303310.945943095,2159763058.263439,2159763058.263439,36.41892878851459,1.0,473063714.25021785,0.0
controller-q2800-steam-500,20260926-design-study-component-alternatives:c0479,completed,"[""adverse_controller_offer""]",[],pass,True,diagnostic_agreement_not_released,False,[],[],[],[],[],2800.0,2938.4527131777613,1750.0,1.8,"[25.0, 25.0, 25.0]",11.0,4.0,225.0,1060.283449630589,518.099044056604,32.38305552013894,36.46626686855654,1085.9362008951196,25.652751264530504,1060.283449630589,1878.1692635471718,0.0,4.547473508864641e-13,4.547473508864641e-13,2762816352.549668,2186992982.1572046,43739859.64314409,2832.210038746655,4027184.8907485222,280449190.0194184,210396203.56451517,494872578.4746821,15.372451026882835,7894870.5659493655,121363511.1386354,3930121319.32143,3930121319.32143,32.38305552013894,1.0,672388850.2869616,43538.01011847889,524.6101992389462,6.511155182342151,518.099044056604,2420.353669123378,0.0,-2.2205313143786043e-09,-2.2205313143786043e-09,1540673674.8191283,1540673674.8191283,30813473.496382564,0.0,0.0,0.0,148218076.03332967,148218076.03332967,15.372451026882835,3857765.4820454735,59303310.945943095,2162570363.143751,2162570363.143751,36.46626686855654,1.0,473678612.2912932,0.0
sensitivity-q3000-gas-eta-0.03,20260926-design-study-component-alternatives:c0480,completed,"[""sensitivity""]",[],pass,True,numerical_mismatch,True,"[{""channel"": ""component_alternatives__plant__gas_boundary__evaluate__bypass_flow"", ""native"": 6.979494101063665, ""oracle"": 6.979494118551429, ""relative_deviation"": 2.5055919281037223e-09, ""absolute_error"": 1.7487764125689864e-08, ""absolute_limit"": 0.0}, {""channel"": ""component_alternatives__plant__heat_exchangers__evaluate__he_hot_bound_margin"", ""native"": 0.13846356435738016, ""oracle"": 0.13846356477915833, ""relative_deviation"": 3.0461310787419645e-09, ""absolute_error"": 4.2177816794719547e-10, ""absolute_limit"": 0.0}]",[],[],[],[],3000.0,3170.44843056949,2000.0,1.65,"[25.0, 25.0, 25.0]",14.0,3.0,250.0,1144.0025314827728,570.6551350005058,37.114344747286076,33.10780337566823,1171.6726658171167,27.67013433434378,1144.0025314827728,2026.4458990867172,0.0,0.0,0.0,3415420326.0170336,2684142269.0865183,53682845.38173037,2832.210038746655,4125273.2476546704,356935332.75198704,258223665.0278619,619284271.0275036,15.372451026882835,8518242.849420726,130946271.03781502,4859985046.669029,4859985046.669029,37.114344747286076,1.0,825236911.6143736,43538.01011847889,588.0377652227903,17.382630222284504,570.6551350005058,2599.793295573128,0.0,-4.143657861277461e-09,-4.143657861277461e-09,1540673674.8191283,1540673674.8191283,30813473.496382564,0.0,0.0,0.0,148218076.03332967,148218076.03332967,15.372451026882835,4249098.135213765,65319052.99199279,2162570363.143751,2162570363.143751,33.10780337566823,1.0,473678612.2912932,0.0
sensitivity-q3000-gas-eta+0.03,20260926-design-study-component-alternatives:c0481,completed,"[""sensitivity""]",[],pass,True,diagnostic_agreement_not_released,False,[],[],[],[],[],3000.0,3170.44843056949,2000.0,1.65,"[25.0, 25.0, 25.0]",14.0,3.0,250.0,1144.0025314827728,786.8630426547882,37.114344747286076,24.01070704905496,1171.6726658171167,27.67013433434378,1144.0025314827728,2026.4458990867172,0.0,0.0,0.0,3415420326.0170336,2684142269.0865183,53682845.38173037,2832.210038746655,4125273.2476546704,356935332.75198704,258223665.0278619,619284271.0275036,15.372451026882835,8518242.849420726,130946271.03781502,4859985046.669029,4859985046.669029,37.114344747286076,1.0,825236911.6143736,43538.01011847889,798.0827947882428,11.219752133454707,786.8630426547882,2383.5853879231227,0.0,-8.421011443715543e-09,-8.421011443715543e-09,1540673674.8191283,1540673674.8191283,30813473.496382564,0.0,0.0,0.0,148218076.03332967,148218076.03332967,15.372451026882835,5858982.215607552,90066917.17680459,2162570363.143751,2162570363.143751,24.01070704905496,1.0,473678612.2912932,0.0
sensitivity-q3000-steam-eta-0.03,20260926-design-study-component-alternatives:c0482,completed,"[""sensitivity""]",[],pass,True,diagnostic_agreement_not_released,False,[],[],[],[],[],3000.0,3170.44843056949,2000.0,1.65,"[25.0, 25.0, 25.0]",14.0,3.0,250.0,1110.0890067323885,682.8340513797204,38.24819819646704,27.66871096533201,1138.0059408506704,27.916934118281898,1110.0890067323885,2060.3594238371015,0.0,0.0,0.0,3415420326.0170336,2684142269.0865183,53682845.38173037,2832.210038746655,4125273.2476546704,356935332.75198704,258223665.0278619,619284271.0275036,15.372451026882835,8265722.744129364,127064418.08592026,4859985046.669029,4859985046.669029,38.24819819646704,1.0,825236911.6143736,43538.01011847889,696.3104276927459,13.476376313025407,682.8340513797204,2487.6143791862573,0.0,3.5120137908961624e-09,3.5120137908961624e-09,1540673674.8191283,1540673674.8191283,30813473.496382564,0.0,0.0,0.0,148218076.03332967,148218076.03332967,15.372451026882835,5084382.346573398,78159418.6246472,2162570363.143751,2162570363.143751,27.66871096533201,1.0,473678612.2912932,0.0
sensitivity-q3000-steam-eta+0.03,20260926-design-study-component-alternatives:c0483,completed,"[""sensitivity""]",[],pass,True,diagnostic_agreement_not_released,False,[],[],[],[],[],3000.0,3170.44843056949,2000.0,1.65,"[25.0, 25.0, 25.0]",14.0,3.0,250.0,1177.5913981192482,682.8340513797204,36.055718828306226,27.66871096533201,1205.0171435385123,27.425745419264132,1177.5913981192482,1992.8570324502416,0.0,2.2737367544323206e-13,2.2737367544323206e-13,3415420326.0170336,2684142269.0865183,53682845.38173037,2832.210038746655,4125273.2476546704,356935332.75198704,258223665.0278619,619284271.0275036,15.372451026882835,8768345.55039592,134790962.5602473,4859985046.669029,4859985046.669029,36.055718828306226,1.0,825236911.6143736,43538.01011847889,696.3104276927459,13.476376313025407,682.8340513797204,2487.6143791862573,0.0,3.5120137908961624e-09,3.5120137908961624e-09,1540673674.8191283,1540673674.8191283,30813473.496382564,0.0,0.0,0.0,148218076.03332967,148218076.03332967,15.372451026882835,5084382.346573398,78159418.6246472,2162570363.143751,2162570363.143751,27.66871096533201,1.0,473678612.2912932,0.0
sensitivity-q3000-both-eta-0.03,20260926-design-study-component-alternatives:c0484,completed,"[""sensitivity""]",[],pass,True,numerical_mismatch,True,"[{""channel"": ""component_alternatives__plant__gas_boundary__evaluate__bypass_flow"", ""native"": 6.979494101063665, ""oracle"": 6.979494118551429, ""relative_deviation"": 2.5055919281037223e-09, ""absolute_error"": 1.7487764125689864e-08, ""absolute_limit"": 0.0}, {""channel"": ""component_alternatives__plant__heat_exchangers__evaluate__he_hot_bound_margin"", ""native"": 0.13846356435738016, ""oracle"": 0.13846356477915833, ""relative_deviation"": 3.0461310787419645e-09, ""absolute_error"": 4.2177816794719547e-10, ""absolute_limit"": 0.0}]",[],[],[],[],3000.0,3170.44843056949,2000.0,1.65,"[25.0, 25.0, 25.0]",14.0,3.0,250.0,1110.0890067323885,570.6551350005058,38.24819819646704,33.10780337566823,1138.0059408506704,27.916934118281898,1110.0890067323885,2060.3594238371015,0.0,0.0,0.0,3415420326.0170336,2684142269.0865183,53682845.38173037,2832.210038746655,4125273.2476546704,356935332.75198704,258223665.0278619,619284271.0275036,15.372451026882835,8265722.744129364,127064418.08592026,4859985046.669029,4859985046.669029,38.24819819646704,1.0,825236911.6143736,43538.01011847889,588.0377652227903,17.382630222284504,570.6551350005058,2599.793295573128,0.0,-4.143657861277461e-09,-4.143657861277461e-09,1540673674.8191283,1540673674.8191283,30813473.496382564,0.0,0.0,0.0,148218076.03332967,148218076.03332967,15.372451026882835,4249098.135213765,65319052.99199279,2162570363.143751,2162570363.143751,33.10780337566823,1.0,473678612.2912932,0.0
sensitivity-q3000-both-eta+0.03,20260926-design-study-component-alternatives:c0485,completed,"[""sensitivity""]",[],pass,True,diagnostic_agreement_not_released,False,[],[],[],[],[],3000.0,3170.44843056949,2000.0,1.65,"[25.0, 25.0, 25.0]",14.0,3.0,250.0,1177.5913981192482,786.8630426547882,36.055718828306226,24.01070704905496,1205.0171435385123,27.425745419264132,1177.5913981192482,1992.8570324502416,0.0,2.2737367544323206e-13,2.2737367544323206e-13,3415420326.0170336,2684142269.0865183,53682845.38173037,2832.210038746655,4125273.2476546704,356935332.75198704,258223665.0278619,619284271.0275036,15.372451026882835,8768345.55039592,134790962.5602473,4859985046.669029,4859985046.669029,36.055718828306226,1.0,825236911.6143736,43538.01011847889,798.0827947882428,11.219752133454707,786.8630426547882,2383.5853879231227,0.0,-8.421011443715543e-09,-8.421011443715543e-09,1540673674.8191283,1540673674.8191283,30813473.496382564,0.0,0.0,0.0,148218076.03332967,148218076.03332967,15.372451026882835,5858982.215607552,90066917.17680459,2162570363.143751,2162570363.143751,24.01070704905496,1.0,473678612.2912932,0.0
sensitivity-q3000-gas-quote-x0.5,20260926-design-study-component-alternatives:c0486,completed,"[""sensitivity""]",[],pass,True,diagnostic_agreement_not_released,False,[],[],[],[],[],3000.0,3170.44843056949,2000.0,1.65,"[25.0, 25.0, 25.0]",14.0,3.0,250.0,1144.0025314827728,682.8340513797204,37.114344747286076,13.834355482666005,1171.6726658171167,27.67013433434378,1144.0025314827728,2026.4458990867172,0.0,0.0,0.0,3415420326.0170336,2684142269.0865183,53682845.38173037,2832.210038746655,4125273.2476546704,356935332.75198704,258223665.0278619,619284271.0275036,15.372451026882835,8518242.849420726,130946271.03781502,4859985046.669029,4859985046.669029,37.114344747286076,1.0,825236911.6143736,43538.01011847889,696.3104276927459,13.476376313025407,682.8340513797204,2487.6143791862573,0.0,3.5120137908961624e-09,3.5120137908961624e-09,770336837.4095641,770336837.4095641,15406736.748191282,0.0,0.0,0.0,74109038.01666483,74109038.01666483,15.372451026882835,5084382.346573398,78159418.6246472,1081285181.5718756,1081285181.5718756,13.834355482666005,1.0,236839306.1456466,0.0
sensitivity-q3000-gas-quote-x1.5,20260926-design-study-component-alternatives:c0487,completed,"[""sensitivity""]",[],pass,True,diagnostic_agreement_not_released,False,[],[],[],[],[],3000.0,3170.44843056949,2000.0,1.65,"[25.0, 25.0, 25.0]",14.0,3.0,250.0,1144.0025314827728,682.8340513797204,37.114344747286076,41.50306644799801,1171.6726658171167,27.67013433434378,1144.0025314827728,2026.4458990867172,0.0,0.0,0.0,3415420326.0170336,2684142269.0865183,53682845.38173037,2832.210038746655,4125273.2476546704,356935332.75198704,258223665.0278619,619284271.0275036,15.372451026882835,8518242.849420726,130946271.03781502,4859985046.669029,4859985046.669029,37.114344747286076,1.0,825236911.6143736,43538.01011847889,696.3104276927459,13.476376313025407,682.8340513797204,2487.6143791862573,0.0,3.5120137908961624e-09,3.5120137908961624e-09,2311010512.228692,2311010512.228692,46220210.24457384,0.0,0.0,0.0,222327114.04999447,222327114.04999447,15.372451026882835,5084382.346573398,78159418.6246472,3243855544.7156262,3243855544.7156262,41.50306644799801,1.0,710517918.4369397,0.0
sensitivity-q3000-steam-quote-x0.5,20260926-design-study-component-alternatives:c0488,completed,"[""sensitivity""]",[],pass,True,diagnostic_agreement_not_released,False,[],[],[],[],[],3000.0,3170.44843056949,2000.0,1.65,"[25.0, 25.0, 25.0]",14.0,3.0,250.0,1144.0025314827728,682.8340513797204,18.557172373643038,27.66871096533201,1171.6726658171167,27.67013433434378,1144.0025314827728,2026.4458990867172,0.0,0.0,0.0,1707710163.0085168,1342071134.5432591,26841422.690865185,1416.1050193733274,2062636.6238273352,178467666.37599352,129111832.51393095,309642135.5137518,15.372451026882835,8518242.849420726,130946271.03781502,2429992523.3345146,2429992523.3345146,18.557172373643038,1.0,412618455.8071868,21769.005059239444,696.3104276927459,13.476376313025407,682.8340513797204,2487.6143791862573,0.0,3.5120137908961624e-09,3.5120137908961624e-09,1540673674.8191283,1540673674.8191283,30813473.496382564,0.0,0.0,0.0,148218076.03332967,148218076.03332967,15.372451026882835,5084382.346573398,78159418.6246472,2162570363.143751,2162570363.143751,27.66871096533201,1.0,473678612.2912932,0.0
sensitivity-q3000-steam-quote-x1.5,20260926-design-study-component-alternatives:c0489,completed,"[""sensitivity""]",[],pass,True,diagnostic_agreement_not_released,False,[],[],[],[],[],3000.0,3170.44843056949,2000.0,1.65,"[25.0, 25.0, 25.0]",14.0,3.0,250.0,1144.0025314827728,682.8340513797204,55.67151712092914,27.66871096533201,1171.6726658171167,27.67013433434378,1144.0025314827728,2026.4458990867172,0.0,0.0,0.0,5123130489.025551,4026213403.629779,80524268.07259558,4248.3150581199825,6187909.871482005,535402999.12798053,387335497.541793,928926406.5412555,15.372451026882835,8518242.849420726,130946271.03781502,7289977570.003546,7289977570.003546,55.67151712092914,1.0,1237855367.4215608,65307.015177718335,696.3104276927459,13.476376313025407,682.8340513797204,2487.6143791862573,0.0,3.5120137908961624e-09,3.5120137908961624e-09,1540673674.8191283,1540673674.8191283,30813473.496382564,0.0,0.0,0.0,148218076.03332967,148218076.03332967,15.372451026882835,5084382.346573398,78159418.6246472,2162570363.143751,2162570363.143751,27.66871096533201,1.0,473678612.2912932,0.0
sensitivity-q3000-gas-quote-x0.5-steam-x1.5,20260926-design-study-component-alternatives:c0490,completed,"[""sensitivity""]",[],pass,True,diagnostic_agreement_not_released,False,[],[],[],[],[],3000.0,3170.44843056949,2000.0,1.65,"[25.0, 25.0, 25.0]",14.0,3.0,250.0,1144.0025314827728,682.8340513797204,55.67151712092914,13.834355482666005,1171.6726658171167,27.67013433434378,1144.0025314827728,2026.4458990867172,0.0,0.0,0.0,5123130489.025551,4026213403.629779,80524268.07259558,4248.3150581199825,6187909.871482005,535402999.12798053,387335497.541793,928926406.5412555,15.372451026882835,8518242.849420726,130946271.03781502,7289977570.003546,7289977570.003546,55.67151712092914,1.0,1237855367.4215608,65307.015177718335,696.3104276927459,13.476376313025407,682.8340513797204,2487.6143791862573,0.0,3.5120137908961624e-09,3.5120137908961624e-09,770336837.4095641,770336837.4095641,15406736.748191282,0.0,0.0,0.0,74109038.01666483,74109038.01666483,15.372451026882835,5084382.346573398,78159418.6246472,1081285181.5718756,1081285181.5718756,13.834355482666005,1.0,236839306.1456466,0.0
sensitivity-q3000-gas-quote-x1.5-steam-x0.5,20260926-design-study-component-alternatives:c0491,completed,"[""sensitivity""]",[],pass,True,diagnostic_agreement_not_released,False,[],[],[],[],[],3000.0,3170.44843056949,2000.0,1.65,"[25.0, 25.0, 25.0]",14.0,3.0,250.0,1144.0025314827728,682.8340513797204,18.557172373643038,41.50306644799801,1171.6726658171167,27.67013433434378,1144.0025314827728,2026.4458990867172,0.0,0.0,0.0,1707710163.0085168,1342071134.5432591,26841422.690865185,1416.1050193733274,2062636.6238273352,178467666.37599352,129111832.51393095,309642135.5137518,15.372451026882835,8518242.849420726,130946271.03781502,2429992523.3345146,2429992523.3345146,18.557172373643038,1.0,412618455.8071868,21769.005059239444,696.3104276927459,13.476376313025407,682.8340513797204,2487.6143791862573,0.0,3.5120137908961624e-09,3.5120137908961624e-09,2311010512.228692,2311010512.228692,46220210.24457384,0.0,0.0,0.0,222327114.04999447,222327114.04999447,15.372451026882835,5084382.346573398,78159418.6246472,3243855544.7156262,3243855544.7156262,41.50306644799801,1.0,710517918.4369397,0.0
sensitivity-q3000-recurring-x0.5,20260926-design-study-component-alternatives:c0492,completed,"[""sensitivity""]",[],pass,True,diagnostic_agreement_not_released,False,[],[],[],[],[],3000.0,3170.44843056949,2000.0,1.65,"[25.0, 25.0, 25.0]",14.0,3.0,250.0,1144.0025314827728,682.8340513797204,32.977302248651846,23.690324871448563,1171.6726658171167,27.67013433434378,1144.0025314827728,2026.4458990867172,0.0,0.0,0.0,3415420326.0170336,2684142269.0865183,26841422.690865185,2832.210038746655,4125273.2476546704,356935332.75198704,129111832.51393095,490172438.5135727,15.372451026882835,8518242.849420726,130946271.03781502,4318254758.347912,4318254758.347912,32.977302248651846,1.0,412618455.8071868,43538.01011847889,696.3104276927459,13.476376313025407,682.8340513797204,2487.6143791862573,0.0,3.5120137908961624e-09,3.5120137908961624e-09,1540673674.8191283,1540673674.8191283,15406736.748191282,0.0,0.0,0.0,74109038.01666483,74109038.01666483,15.372451026882835,5084382.346573398,78159418.6246472,1851622018.9814396,1851622018.9814396,23.690324871448563,1.0,236839306.1456466,0.0
sensitivity-q3000-recurring-x1.5,20260926-design-study-component-alternatives:c0493,completed,"[""sensitivity""]",[],pass,True,diagnostic_agreement_not_released,False,[],[],[],[],[],3000.0,3170.44843056949,2000.0,1.65,"[25.0, 25.0, 25.0]",14.0,3.0,250.0,1144.0025314827728,682.8340513797204,41.25138724592032,31.64709705921546,1171.6726658171167,27.67013433434378,1144.0025314827728,2026.4458990867172,0.0,0.0,0.0,3415420326.0170336,2684142269.0865183,80524268.07259555,2832.210038746655,4125273.2476546704,356935332.75198704,387335497.54179287,748396103.5414345,15.372451026882835,8518242.849420726,130946271.03781502,5401715334.990147,5401715334.990147,41.25138724592032,1.0,1237855367.4215603,43538.01011847889,696.3104276927459,13.476376313025407,682.8340513797204,2487.6143791862573,0.0,3.5120137908961624e-09,3.5120137908961624e-09,1540673674.8191283,1540673674.8191283,46220210.24457385,0.0,0.0,0.0,222327114.04999453,222327114.04999453,15.372451026882835,5084382.346573398,78159418.6246472,2473518707.3060627,2473518707.3060627,31.64709705921546,1.0,710517918.4369397,0.0
sensitivity-q3000-common-source-pv-5e+08,20260926-design-study-component-alternatives:c0494,completed,"[""sensitivity""]",[],pass,True,diagnostic_agreement_not_released,False,[],[],[],[],[],3000.0,3170.44843056949,2000.0,1.65,"[25.0, 25.0, 25.0]",14.0,3.0,250.0,1144.0025314827728,682.8340513797204,40.93270472071066,34.06589263324078,1171.6726658171167,27.67013433434378,1144.0025314827728,2026.4458990867172,0.0,0.0,0.0,3415420326.0170336,2684142269.0865183,53682845.38173037,2832.210038746655,4125273.2476546704,356935332.75198704,258223665.0278619,619284271.0275036,15.372451026882835,8518242.849420726,130946271.03781502,4859985046.669029,5359985046.669029,40.93270472071066,1.0,825236911.6143736,43538.01011847889,696.3104276927459,13.476376313025407,682.8340513797204,2487.6143791862573,0.0,3.5120137908961624e-09,3.5120137908961624e-09,1540673674.8191283,1540673674.8191283,30813473.496382564,0.0,0.0,0.0,148218076.03332967,148218076.03332967,15.372451026882835,5084382.346573398,78159418.6246472,2162570363.143751,2662570363.143751,34.06589263324078,1.0,473678612.2912932,0.0
sensitivity-q3000-common-source-pv-2e+09,20260926-design-study-component-alternatives:c0495,completed,"[""sensitivity""]",[],pass,True,diagnostic_agreement_not_released,False,[],[],[],[],[],3000.0,3170.44843056949,2000.0,1.65,"[25.0, 25.0, 25.0]",14.0,3.0,250.0,1144.0025314827728,682.8340513797204,52.38778464098442,53.25743763696708,1171.6726658171167,27.67013433434378,1144.0025314827728,2026.4458990867172,0.0,0.0,0.0,3415420326.0170336,2684142269.0865183,53682845.38173037,2832.210038746655,4125273.2476546704,356935332.75198704,258223665.0278619,619284271.0275036,15.372451026882835,8518242.849420726,130946271.03781502,4859985046.669029,6859985046.669029,52.38778464098442,1.0,825236911.6143736,43538.01011847889,696.3104276927459,13.476376313025407,682.8340513797204,2487.6143791862573,0.0,3.5120137908961624e-09,3.5120137908961624e-09,1540673674.8191283,1540673674.8191283,30813473.496382564,0.0,0.0,0.0,148218076.03332967,148218076.03332967,15.372451026882835,5084382.346573398,78159418.6246472,2162570363.143751,4162570363.143751,53.25743763696708,1.0,473678612.2912932,0.0
controller-q3000-gas-500,20260926-design-study-component-alternatives:c0496,completed,"[""adverse_controller_offer""]",[],equipment_or_coupling_insufficient,False,diagnostic_agreement_not_released,False,[],[],"[""component_alternatives__plant__gas_boundary__bypass_flow_margin_ok__840f5556c962fa45"", ""component_alternatives__plant__gas_boundary__controller_capacity_ok_ok__3c7a992b7ef572ac""]",[],[],3000.0,3170.44843056949,2000.0,1.65,"[25.0, 25.0, 25.0]",14.0,3.0,250.0,1144.0025314827728,682.8340513797204,37.114344747286076,27.63279328669889,1171.6726658171167,27.67013433434378,1144.0025314827728,2026.4458990867172,0.0,0.0,0.0,3415420326.0170336,2684142269.0865183,53682845.38173037,2832.210038746655,4125273.2476546704,356935332.75198704,258223665.0278619,619284271.0275036,15.372451026882835,8518242.849420726,130946271.03781502,4859985046.669029,4859985046.669029,37.114344747286076,1.0,825236911.6143736,43538.01011847889,696.3104276927459,13.476376313025407,682.8340513797204,2487.6143791862573,0.0,3.5120137908961624e-09,3.5120137908961624e-09,1538673674.8191283,1538673674.8191283,30773473.496382564,0.0,0.0,0.0,148025669.1940933,148025669.1940933,15.372451026882835,5084382.346573398,78159418.6246472,2159763058.263439,2159763058.263439,27.63279328669889,1.0,473063714.25021785,0.0
controller-q3000-steam-500,20260926-design-study-component-alternatives:c0497,completed,"[""adverse_controller_offer""]",[],pass,True,diagnostic_agreement_not_released,False,[],[],[],[],[],3000.0,3170.44843056949,2000.0,1.65,"[25.0, 25.0, 25.0]",14.0,3.0,250.0,1144.0025314827728,682.8340513797204,37.09290614610972,27.66871096533201,1171.6726658171167,27.67013433434378,1144.0025314827728,2026.4458990867172,0.0,0.0,0.0,3413420326.0170336,2682142269.0865183,53642845.38173037,2832.210038746655,4125273.2476546704,356935332.75198704,258031258.18862548,619091864.1882672,15.372451026882835,8518242.849420726,130946271.03781502,4857177741.788717,4857177741.788717,37.09290614610972,1.0,824622013.5732982,43538.01011847889,696.3104276927459,13.476376313025407,682.8340513797204,2487.6143791862573,0.0,3.5120137908961624e-09,3.5120137908961624e-09,1540673674.8191283,1540673674.8191283,30813473.496382564,0.0,0.0,0.0,148218076.03332967,148218076.03332967,15.372451026882835,5084382.346573398,78159418.6246472,2162570363.143751,2162570363.143751,27.66871096533201,1.0,473678612.2912932,0.0
