frequency_hz,eta,gain,eta_g,lcoe_per_mwh,f_recirc,p_net_mw,power_positive,viable,attractive
1.0,0.02,10.0,0.2,nan,10.416666666666666,-9.52,False,False,False
1.0,0.02,15.0,0.3,nan,6.944444444444445,-9.28,False,False,False
1.0,0.02,20.0,0.4,nan,5.208333333333333,-9.04,False,False,False
1.0,0.02,25.0,0.5,nan,4.166666666666667,-8.8,False,False,False
1.0,0.02,30.0,0.6,nan,3.4722222222222223,-8.56,False,False,False
1.0,0.02,35.0,0.7,nan,2.9761904761904754,-8.32,False,False,False
1.0,0.02,40.0,0.8,nan,2.6041666666666665,-8.08,False,False,False
1.0,0.02,45.0,0.9,nan,2.3148148148148144,-7.84,False,False,False
1.0,0.02,50.0,1.0,nan,2.0833333333333335,-7.6,False,False,False
1.0,0.02,55.0,1.1,nan,1.8939393939393938,-7.36,False,False,False
1.0,0.02,60.0,1.2,nan,1.7361111111111112,-7.12,False,False,False
1.0,0.02,65.0,1.3,nan,1.6025641025641022,-6.879999999999999,False,False,False
1.0,0.02,70.0,1.4,nan,1.4880952380952377,-6.639999999999999,False,False,False
1.0,0.02,75.0,1.5,nan,1.3888888888888888,-6.4,False,False,False
1.0,0.02,80.0,1.6,nan,1.3020833333333333,-6.16,False,False,False
1.0,0.02,85.0,1.7,nan,1.2254901960784312,-5.920000000000001,False,False,False
1.0,0.02,90.0,1.8,nan,1.1574074074074072,-5.680000000000001,False,False,False
1.0,0.02,95.0,1.9,nan,1.0964912280701753,-5.44,False,False,False
1.0,0.02,100.0,2.0,nan,1.0416666666666667,-5.2,False,False,False
1.0,0.02,105.0,2.1,nan,0.9920634920634921,-4.96,False,False,False
1.0,0.02,110.0,2.2,nan,0.9469696969696969,-4.72,False,False,False
1.0,0.02,115.0,2.3,nan,0.9057971014492753,-4.480000000000001,False,False,False
1.0,0.02,120.0,2.4,nan,0.8680555555555556,-4.24,False,False,False
1.0,0.02,125.0,2.5,nan,0.8333333333333333,-4.0,False,False,False
1.0,0.02,130.0,2.6,nan,0.8012820512820511,-3.76,False,False,False
1.0,0.02,135.0,2.7,nan,0.7716049382716048,-3.52,False,False,False
1.0,0.02,140.0,2.8,nan,0.7440476190476188,-3.2799999999999994,False,False,False
1.0,0.02,145.0,2.9,nan,0.7183908045977011,-3.0400000000000005,False,False,False
1.0,0.02,150.0,3.0,nan,0.6944444444444444,-2.8000000000000003,False,False,False
1.0,0.02,155.0,3.1,nan,0.6720430107526881,-2.560000000000001,False,False,False
1.0,0.02,160.0,3.2,nan,0.6510416666666666,-2.32,False,False,False
1.0,0.02,165.0,3.3,nan,0.6313131313131313,-2.0799999999999996,False,False,False
1.0,0.02,170.0,3.4,nan,0.6127450980392156,-1.8400000000000005,False,False,False
1.0,0.02,175.0,3.5,nan,0.5952380952380952,-1.6000000000000003,False,False,False
1.0,0.02,180.0,3.6,nan,0.5787037037037036,-1.3600000000000012,False,False,False
1.0,0.02,185.0,3.7,nan,0.563063063063063,-1.12,False,False,False
1.0,0.02,190.0,3.8,nan,0.5482456140350876,-0.8799999999999997,False,False,False
1.0,0.02,195.0,3.9,nan,0.5341880341880342,-0.6400000000000006,False,False,False
1.0,0.02,200.0,4.0,nan,0.5208333333333334,-0.40000000000000036,False,False,False
1.0,0.02,205.0,4.1,nan,0.508130081300813,-0.16000000000000014,False,False,False
1.0,0.02,210.0,4.2,26385.50358082622,0.49603174603174605,0.08000000000000007,True,False,False
1.0,0.02,215.0,4.3,6618.92676745458,0.48449612403100784,0.3200000000000003,True,False,False
1.0,0.02,220.0,4.4,3795.1300798300604,0.47348484848484845,0.5600000000000005,True,False,False
1.0,0.02,225.0,4.5,2665.611404780252,0.462962962962963,0.8000000000000007,True,False,False
1.0,0.02,230.0,4.6,2057.4090412918977,0.45289855072463764,1.0399999999999987,True,False,False
1.0,0.02,235.0,4.7,1677.2825641116724,0.44326241134751776,1.279999999999999,True,False,False
1.0,0.02,240.0,4.8,1417.196027093624,0.4340277777777778,1.5199999999999991,True,False,False
1.0,0.02,245.0,4.9,1228.0421819895887,0.4251700680272109,1.7599999999999993,True,False,False
1.0,0.02,250.0,5.0,1084.2852597105216,0.41666666666666663,1.9999999999999996,True,False,False
1.0,0.02,255.0,5.1,971.3333922055403,0.4084967320261437,2.24,True,False,False
1.0,0.02,260.0,5.2,880.243176475717,0.40064102564102555,2.48,True,False,False
1.0,0.02,265.0,5.3,805.2277046982156,0.3930817610062893,2.72,True,False,False
1.0,0.02,270.0,5.4,742.3769040197683,0.3858024691358024,2.9600000000000004,True,False,False
1.0,0.02,275.0,5.5,688.9537234430879,0.3787878787878788,3.2000000000000006,True,False,False
1.0,0.02,280.0,5.6,642.984940156177,0.3720238095238094,3.440000000000001,True,False,False
1.0,0.02,285.0,5.7,603.0120851240812,0.36549707602339176,3.6799999999999984,True,False,False
1.0,0.02,290.0,5.8,567.9338654020373,0.35919540229885055,3.919999999999999,True,False,False
1.0,0.02,295.0,5.9,536.9031325709985,0.3531073446327683,4.159999999999999,True,False,False
1.0,0.02,300.0,6.0,509.25757059425496,0.3472222222222222,4.3999999999999995,True,False,False
1.0,0.03,10.0,0.3,nan,6.944444444444445,-9.28,False,False,False
1.0,0.03,15.0,0.45,nan,4.629629629629631,-8.92,False,False,False
1.0,0.03,20.0,0.6,nan,3.4722222222222223,-8.56,False,False,False
1.0,0.03,25.0,0.75,nan,2.7777777777777777,-8.200000000000001,False,False,False
1.0,0.03,30.0,0.9,nan,2.3148148148148153,-7.84,False,False,False
1.0,0.03,35.0,1.05,nan,1.9841269841269842,-7.48,False,False,False
1.0,0.03,40.0,1.2,nan,1.7361111111111112,-7.12,False,False,False
1.0,0.03,45.0,1.35,nan,1.5432098765432098,-6.76,False,False,False
1.0,0.03,50.0,1.5,nan,1.3888888888888888,-6.4,False,False,False
1.0,0.03,55.0,1.65,nan,1.2626262626262628,-6.040000000000001,False,False,False
1.0,0.03,60.0,1.8,nan,1.1574074074074077,-5.680000000000001,False,False,False
1.0,0.03,65.0,1.95,nan,1.0683760683760684,-5.32,False,False,False
1.0,0.03,70.0,2.1,nan,0.9920634920634921,-4.96,False,False,False
1.0,0.03,75.0,2.25,nan,0.925925925925926,-4.6,False,False,False
1.0,0.03,80.0,2.4,nan,0.8680555555555556,-4.24,False,False,False
1.0,0.03,85.0,2.55,nan,0.8169934640522876,-3.88,False,False,False
1.0,0.03,90.0,2.7,nan,0.7716049382716049,-3.520000000000001,False,False,False
1.0,0.03,95.0,2.85,nan,0.7309941520467835,-3.1600000000000006,False,False,False
1.0,0.03,100.0,3.0,nan,0.6944444444444444,-2.8000000000000003,False,False,False
1.0,0.03,105.0,3.15,nan,0.6613756613756614,-2.44,False,False,False
1.0,0.03,110.0,3.3,nan,0.6313131313131314,-2.0800000000000005,False,False,False
1.0,0.03,115.0,3.45,nan,0.6038647342995169,-1.7200000000000004,False,False,False
1.0,0.03,120.0,3.6,nan,0.5787037037037038,-1.3600000000000012,False,False,False
1.0,0.03,125.0,3.75,nan,0.5555555555555556,-1.0000000000000009,False,False,False
1.0,0.03,130.0,3.9,nan,0.5341880341880342,-0.6400000000000006,False,False,False
1.0,0.03,135.0,4.05,nan,0.51440329218107,-0.28000000000000025,False,False,False
1.0,0.03,140.0,4.2,26385.50358082622,0.49603174603174605,0.08000000000000007,True,False,False
1.0,0.03,145.0,4.35,4821.9652389662715,0.4789272030651341,0.43999999999999817,True,False,False
1.0,0.03,150.0,4.5,2665.611404780252,0.462962962962963,0.8000000000000007,True,False,False
1.0,0.03,155.0,4.65,1847.6840883648767,0.4480286738351255,1.1599999999999988,True,False,False
1.0,0.03,160.0,4.8,1417.196027093624,0.4340277777777778,1.5199999999999991,True,False,False
1.0,0.03,165.0,4.95,1151.575733968808,0.4208754208754208,1.8799999999999994,True,False,False
1.0,0.03,170.0,5.1,971.3333922055403,0.4084967320261438,2.24,True,False,False
1.0,0.03,175.0,5.25,841.0043143151778,0.3968253968253968,2.6,True,False,False
1.0,0.03,180.0,5.4,742.3769040197687,0.38580246913580246,2.959999999999998,True,False,False
1.0,0.03,185.0,5.55,665.1385706558937,0.3753753753753754,3.3199999999999985,True,False,False
1.0,0.03,190.0,5.7,603.0120851240812,0.36549707602339176,3.6799999999999984,True,False,False
1.0,0.03,195.0,5.85,551.9576465187303,0.3561253561253562,4.039999999999999,True,False,False
1.0,0.03,200.0,6.0,509.25757059425496,0.3472222222222222,4.3999999999999995,True,False,False
1.0,0.03,205.0,6.15,473.0163296835661,0.33875338753387535,4.759999999999997,True,False,False
1.0,0.03,210.0,6.3,441.8715132759425,0.3306878306878307,5.12,True,False,False
1.0,0.03,215.0,6.45,414.81871654231327,0.32299741602067183,5.48,True,False,False
1.0,0.03,220.0,6.6,391.1011961183099,0.3156565656565657,5.839999999999998,True,False,False
1.0,0.03,225.0,6.75,370.1379683887066,0.30864197530864196,6.199999999999999,True,False,False
1.0,0.03,230.0,6.9,351.4755827269867,0.30193236714975846,6.559999999999999,True,False,False
1.0,0.03,235.0,7.05,334.7549481745787,0.29550827423167847,6.919999999999999,True,False,False
1.0,0.03,240.0,7.2,319.68800275372763,0.2893518518518519,7.279999999999998,True,False,False
1.0,0.03,245.0,7.35,306.04097889086233,0.28344671201814065,7.639999999999998,True,False,False
1.0,0.03,250.0,7.5,293.62218717565503,0.2777777777777778,7.999999999999998,True,False,False
1.0,0.03,255.0,7.65,282.2729564694129,0.27233115468409586,8.359999999999998,True,False,False
1.0,0.03,260.0,7.8,271.8608182068055,0.2670940170940171,8.719999999999999,True,False,False
1.0,0.03,265.0,7.95,262.27431205312735,0.2620545073375262,9.079999999999997,True,False,False
1.0,0.03,270.0,8.1,253.4189800976109,0.257201646090535,9.44,True,False,False
1.0,0.03,275.0,8.25,245.21424395923455,0.2525252525252525,9.8,True,False,False
1.0,0.03,280.0,8.4,237.5909458149164,0.24801587301587302,10.16,True,False,False
1.0,0.03,285.0,8.55,230.48939431165428,0.24366471734892792,10.519999999999996,True,False,False
1.0,0.03,290.0,8.7,223.85779842257864,0.23946360153256704,10.879999999999995,True,False,False
1.0,0.03,295.0,8.85,217.65100227016967,0.23540489642184556,11.239999999999997,True,False,False
1.0,0.03,300.0,9.0,211.82945553411702,0.2314814814814815,11.600000000000001,True,False,False
1.0,0.04,10.0,0.4,nan,5.208333333333333,-9.04,False,False,False
1.0,0.04,15.0,0.6,nan,3.4722222222222223,-8.56,False,False,False
1.0,0.04,20.0,0.8,nan,2.6041666666666665,-8.08,False,False,False
1.0,0.04,25.0,1.0,nan,2.0833333333333335,-7.6,False,False,False
1.0,0.04,30.0,1.2,nan,1.7361111111111112,-7.12,False,False,False
1.0,0.04,35.0,1.4,nan,1.4880952380952377,-6.639999999999999,False,False,False
1.0,0.04,40.0,1.6,nan,1.3020833333333333,-6.16,False,False,False
1.0,0.04,45.0,1.8,nan,1.1574074074074072,-5.680000000000001,False,False,False
1.0,0.04,50.0,2.0,nan,1.0416666666666667,-5.2,False,False,False
1.0,0.04,55.0,2.2,nan,0.9469696969696969,-4.72,False,False,False
1.0,0.04,60.0,2.4,nan,0.8680555555555556,-4.24,False,False,False
1.0,0.04,65.0,2.6,nan,0.8012820512820511,-3.76,False,False,False
1.0,0.04,70.0,2.8,nan,0.7440476190476188,-3.2799999999999994,False,False,False
1.0,0.04,75.0,3.0,nan,0.6944444444444444,-2.8000000000000003,False,False,False
1.0,0.04,80.0,3.2,nan,0.6510416666666666,-2.32,False,False,False
1.0,0.04,85.0,3.4,nan,0.6127450980392156,-1.8400000000000005,False,False,False
1.0,0.04,90.0,3.6,nan,0.5787037037037036,-1.3600000000000012,False,False,False
1.0,0.04,95.0,3.8,nan,0.5482456140350876,-0.8799999999999997,False,False,False
1.0,0.04,100.0,4.0,nan,0.5208333333333334,-0.40000000000000036,False,False,False
1.0,0.04,105.0,4.2,26385.50358082622,0.49603174603174605,0.08000000000000007,True,False,False
1.0,0.04,110.0,4.4,3795.1300798300604,0.47348484848484845,0.5600000000000005,True,False,False
1.0,0.04,115.0,4.6,2057.4090412918977,0.45289855072463764,1.0399999999999987,True,False,False
1.0,0.04,120.0,4.8,1417.196027093624,0.4340277777777778,1.5199999999999991,True,False,False
1.0,0.04,125.0,5.0,1084.2852597105216,0.41666666666666663,1.9999999999999996,True,False,False
1.0,0.04,130.0,5.2,880.243176475717,0.40064102564102555,2.48,True,False,False
1.0,0.04,135.0,5.4,742.3769040197683,0.3858024691358024,2.9600000000000004,True,False,False
1.0,0.04,140.0,5.6,642.984940156177,0.3720238095238094,3.440000000000001,True,False,False
1.0,0.04,145.0,5.8,567.9338654020373,0.35919540229885055,3.919999999999999,True,False,False
1.0,0.04,150.0,6.0,509.25757059425496,0.3472222222222222,4.3999999999999995,True,False,False
1.0,0.04,155.0,6.2,462.12415345357743,0.33602150537634407,4.879999999999998,True,False,False
1.0,0.04,160.0,6.4,423.4325423679465,0.3255208333333333,5.36,True,False,False
1.0,0.04,165.0,6.6,391.10119611830964,0.31565656565656564,5.840000000000001,True,False,False
1.0,0.04,170.0,6.8,363.68094043823805,0.3063725490196078,6.319999999999999,True,False,False
1.0,0.04,175.0,7.0,340.131779677706,0.2976190476190476,6.799999999999999,True,False,False
1.0,0.04,180.0,7.2,319.68800275372763,0.2893518518518518,7.279999999999998,True,False,False
1.0,0.04,185.0,7.4,301.7733528718907,0.2815315315315315,7.76,True,False,False
1.0,0.04,190.0,7.6,285.9458466656077,0.2741228070175438,8.24,True,False,False
1.0,0.04,195.0,7.8,271.8608182068055,0.2670940170940171,8.719999999999999,True,False,False
1.0,0.04,200.0,8.0,259.24553184805205,0.2604166666666667,9.2,True,False,False
1.0,0.04,205.0,8.2,247.88134826867923,0.2540650406504065,9.68,True,False,False
1.0,0.04,210.0,8.4,237.5909458149164,0.24801587301587302,10.16,True,False,False
1.0,0.04,215.0,8.6,228.22900072540284,0.24224806201550392,10.64,True,False,False
1.0,0.04,220.0,8.8,219.67528111124292,0.23674242424242423,11.120000000000001,True,False,False
1.0,0.04,225.0,9.0,211.82945553411702,0.2314814814814815,11.600000000000001,True,False,False
1.0,0.04,230.0,9.2,204.60713927437865,0.22644927536231882,12.079999999999998,True,False,False
1.0,0.04,235.0,9.4,197.9368471873591,0.22163120567375888,12.559999999999999,True,False,False
1.0,0.04,240.0,9.6,191.75761954846362,0.2170138888888889,13.039999999999997,True,False,False
1.0,0.04,245.0,9.8,186.01715363540688,0.21258503401360546,13.519999999999998,True,False,False
1.0,0.04,250.0,10.0,180.67031967067405,0.20833333333333331,14.0,True,False,False
1.0,0.04,255.0,10.2,175.67797193564726,0.20424836601307186,14.48,True,True,False
1.0,0.04,260.0,10.4,171.00598876115694,0.20032051282051277,14.96,True,True,False
1.0,0.04,265.0,10.6,166.6244915871531,0.19654088050314464,15.44,True,True,False
1.0,0.04,270.0,10.8,162.50720529801382,0.1929012345679012,15.92,True,True,False
1.0,0.04,275.0,11.0,158.63093088921437,0.1893939393939394,16.400000000000002,True,True,False
1.0,0.04,280.0,11.2,154.9751081055599,0.1860119047619047,16.88,True,True,False
1.0,0.04,285.0,11.4,151.52145063713064,0.18274853801169588,17.359999999999996,True,True,False
1.0,0.04,290.0,11.6,148.25364020736117,0.17959770114942528,17.839999999999996,True,True,False
1.0,0.04,295.0,11.8,145.15706875207744,0.17655367231638416,18.32,True,True,False
1.0,0.04,300.0,12.0,142.21862009451036,0.1736111111111111,18.8,True,True,False
1.0,0.05,10.0,0.5,nan,4.166666666666667,-8.8,False,False,False
1.0,0.05,15.0,0.75,nan,2.7777777777777777,-8.200000000000001,False,False,False
1.0,0.05,20.0,1.0,nan,2.0833333333333335,-7.6,False,False,False
1.0,0.05,25.0,1.25,nan,1.6666666666666665,-7.0,False,False,False
1.0,0.05,30.0,1.5,nan,1.3888888888888888,-6.4,False,False,False
1.0,0.05,35.0,1.75,nan,1.1904761904761905,-5.8,False,False,False
1.0,0.05,40.0,2.0,nan,1.0416666666666667,-5.2,False,False,False
1.0,0.05,45.0,2.25,nan,0.925925925925926,-4.6000000000000005,False,False,False
1.0,0.05,50.0,2.5,nan,0.8333333333333333,-3.999999999999999,False,False,False
1.0,0.05,55.0,2.75,nan,0.7575757575757576,-3.3999999999999995,False,False,False
1.0,0.05,60.0,3.0,nan,0.6944444444444444,-2.8000000000000003,False,False,False
1.0,0.05,65.0,3.25,nan,0.641025641025641,-2.1999999999999997,False,False,False
1.0,0.05,70.0,3.5,nan,0.5952380952380952,-1.5999999999999992,False,False,False
1.0,0.05,75.0,3.75,nan,0.5555555555555556,-0.9999999999999998,False,False,False
1.0,0.05,80.0,4.0,nan,0.5208333333333334,-0.40000000000000036,False,False,False
1.0,0.05,85.0,4.25,10572.24213012891,0.49019607843137253,0.20000000000000018,True,False,False
1.0,0.05,90.0,4.5,2665.611404780259,0.462962962962963,0.7999999999999985,True,False,False
1.0,0.05,95.0,4.75,1536.092729730444,0.43859649122807015,1.4000000000000012,True,False,False
1.0,0.05,100.0,5.0,1084.2852597105204,0.41666666666666663,2.0000000000000018,True,False,False
1.0,0.05,105.0,5.25,841.0043143151778,0.3968253968253968,2.6,True,False,False
1.0,0.05,110.0,5.5,688.9537234430879,0.3787878787878788,3.2000000000000006,True,False,False
1.0,0.05,115.0,5.75,584.9191086358691,0.3623188405797102,3.799999999999999,True,False,False
1.0,0.05,120.0,6.0,509.25757059425496,0.3472222222222222,4.3999999999999995,True,False,False
1.0,0.05,125.0,6.25,451.7548016826282,0.3333333333333333,5.0,True,False,False
1.0,0.05,130.0,6.5,406.5740546806358,0.3205128205128205,5.6000000000000005,True,False,False
1.0,0.05,135.0,6.75,370.13796838870644,0.30864197530864196,6.200000000000001,True,False,False
1.0,0.05,140.0,7.0,340.1317796777058,0.2976190476190476,6.800000000000002,True,False,False
1.0,0.05,145.0,7.25,314.99145940632707,0.28735632183908044,7.4,True,False,False
1.0,0.05,150.0,7.5,293.622187175655,0.2777777777777778,8.0,True,False,False
1.0,0.05,155.0,7.75,275.23467386089067,0.2688172043010753,8.599999999999998,True,False,False
1.0,0.05,160.0,8.0,259.24553184805205,0.2604166666666667,9.2,True,False,False
1.0,0.05,165.0,8.25,245.2142439592345,0.2525252525252525,9.800000000000002,True,False,False
1.0,0.05,170.0,8.5,232.80195082681908,0.24509803921568626,10.4,True,False,False
1.0,0.05,175.0,8.75,221.74372603612164,0.23809523809523808,11.0,True,False,False
1.0,0.05,180.0,9.0,211.8294555341171,0.2314814814814815,11.599999999999996,True,False,False
1.0,0.05,185.0,9.25,202.89035917985058,0.2252252252252252,12.200000000000001,True,False,False
1.0,0.05,190.0,9.5,194.78930310879664,0.21929824561403508,12.800000000000002,True,False,False
1.0,0.05,195.0,9.75,187.41371474559833,0.2136752136752137,13.399999999999999,True,False,False
1.0,0.05,200.0,10.0,180.670319670674,0.20833333333333331,14.000000000000004,True,False,False
1.0,0.05,205.0,10.25,174.48117624574357,0.2032520325203252,14.6,True,True,False
1.0,0.05,210.0,10.5,168.78064940699187,0.1984126984126984,15.2,True,True,False
1.0,0.05,215.0,10.75,163.5130739737149,0.19379844961240308,15.8,True,True,False
1.0,0.05,220.0,11.0,158.63093088921437,0.1893939393939394,16.400000000000002,True,True,False
1.0,0.05,225.0,11.25,154.09340966950208,0.18518518518518517,17.0,True,True,False
1.0,0.05,230.0,11.5,149.86526489658837,0.1811594202898551,17.599999999999998,True,True,False
1.0,0.05,235.0,11.75,145.91589889991064,0.17730496453900707,18.200000000000003,True,True,False
1.0,0.05,240.0,12.0,142.21862009451036,0.1736111111111111,18.8,True,True,False
1.0,0.05,245.0,12.25,138.750038947176,0.17006802721088435,19.4,True,True,False
1.0,0.05,250.0,12.5,135.48957266868166,0.16666666666666666,20.0,True,True,False
1.0,0.05,255.0,12.75,132.41903646466278,0.16339869281045752,20.6,True,True,False
1.0,0.05,260.0,13.0,129.52230419672046,0.16025641025641024,21.2,True,True,False
1.0,0.05,265.0,13.25,126.78502508114188,0.15723270440251574,21.799999999999997,True,True,False
1.0,0.05,270.0,13.5,124.1943859181836,0.15432098765432098,22.400000000000002,True,True,False
1.0,0.05,275.0,13.75,121.73891053764052,0.1515151515151515,23.000000000000004,True,True,False
1.0,0.05,280.0,14.0,119.40828983746404,0.1488095238095238,23.600000000000005,True,True,False
1.0,0.05,285.0,14.25,117.19323710589138,0.14619883040935672,24.2,True,True,False
1.0,0.05,290.0,14.5,115.08536434520127,0.14367816091954022,24.8,True,True,False
1.0,0.05,295.0,14.75,113.07707612438627,0.14124293785310735,25.4,True,True,False
1.0,0.05,300.0,15.0,111.16147812914734,0.1388888888888889,26.0,True,True,False
1.0,0.06,10.0,0.6,nan,3.4722222222222223,-8.56,False,False,False
1.0,0.06,15.0,0.9,nan,2.3148148148148153,-7.84,False,False,False
1.0,0.06,20.0,1.2,nan,1.7361111111111112,-7.12,False,False,False
1.0,0.06,25.0,1.5,nan,1.3888888888888888,-6.4,False,False,False
1.0,0.06,30.0,1.8,nan,1.1574074074074077,-5.680000000000001,False,False,False
1.0,0.06,35.0,2.1,nan,0.9920634920634921,-4.96,False,False,False
1.0,0.06,40.0,2.4,nan,0.8680555555555556,-4.24,False,False,False
1.0,0.06,45.0,2.7,nan,0.7716049382716049,-3.520000000000001,False,False,False
1.0,0.06,50.0,3.0,nan,0.6944444444444444,-2.8000000000000003,False,False,False
1.0,0.06,55.0,3.3,nan,0.6313131313131314,-2.0800000000000005,False,False,False
1.0,0.06,60.0,3.6,nan,0.5787037037037038,-1.3600000000000012,False,False,False
1.0,0.06,65.0,3.9,nan,0.5341880341880342,-0.6400000000000006,False,False,False
1.0,0.06,70.0,4.2,26385.50358082622,0.49603174603174605,0.08000000000000007,True,False,False
1.0,0.06,75.0,4.5,2665.611404780252,0.462962962962963,0.8000000000000007,True,False,False
1.0,0.06,80.0,4.8,1417.196027093624,0.4340277777777778,1.5199999999999991,True,False,False
1.0,0.06,85.0,5.1,971.3333922055403,0.4084967320261438,2.24,True,False,False
1.0,0.06,90.0,5.4,742.3769040197687,0.38580246913580246,2.959999999999998,True,False,False
1.0,0.06,95.0,5.7,603.0120851240812,0.36549707602339176,3.6799999999999984,True,False,False
1.0,0.06,100.0,6.0,509.25757059425496,0.3472222222222222,4.3999999999999995,True,False,False
1.0,0.06,105.0,6.3,441.8715132759425,0.3306878306878307,5.12,True,False,False
1.0,0.06,110.0,6.6,391.1011961183099,0.3156565656565657,5.839999999999998,True,False,False
1.0,0.06,115.0,6.9,351.4755827269867,0.30193236714975846,6.559999999999999,True,False,False
1.0,0.06,120.0,7.2,319.68800275372763,0.2893518518518519,7.279999999999998,True,False,False
1.0,0.06,125.0,7.5,293.62218717565503,0.2777777777777778,7.999999999999998,True,False,False
1.0,0.06,130.0,7.8,271.8608182068055,0.2670940170940171,8.719999999999999,True,False,False
1.0,0.06,135.0,8.1,253.4189800976109,0.257201646090535,9.44,True,False,False
1.0,0.06,140.0,8.4,237.5909458149164,0.24801587301587302,10.16,True,False,False
1.0,0.06,145.0,8.7,223.85779842257864,0.23946360153256704,10.879999999999995,True,False,False
1.0,0.06,150.0,9.0,211.82945553411702,0.2314814814814815,11.600000000000001,True,False,False
1.0,0.06,155.0,9.3,201.2070228533979,0.22401433691756276,12.319999999999999,True,False,False
1.0,0.06,160.0,9.6,191.75761954846362,0.2170138888888889,13.039999999999997,True,False,False
1.0,0.06,165.0,9.9,183.29710728706897,0.2104377104377104,13.759999999999998,True,False,False
1.0,0.06,170.0,10.2,175.67797193564726,0.2042483660130719,14.48,True,True,False
1.0,0.06,175.0,10.5,168.78064940699187,0.1984126984126984,15.2,True,True,False
1.0,0.06,180.0,10.8,162.50720529801384,0.19290123456790123,15.919999999999996,True,True,False
1.0,0.06,185.0,11.1,156.77665539077427,0.1876876876876877,16.639999999999997,True,True,False
1.0,0.06,190.0,11.4,151.52145063713064,0.18274853801169588,17.359999999999996,True,True,False
1.0,0.06,195.0,11.7,146.68480201430813,0.1780626780626781,18.08,True,True,False
1.0,0.06,200.0,12.0,142.21862009451036,0.1736111111111111,18.8,True,True,False
1.0,0.06,205.0,12.3,138.08191061141898,0.16937669376693767,19.519999999999996,True,True,False
1.0,0.06,210.0,12.6,134.23951247495066,0.16534391534391535,20.24,True,True,False
1.0,0.06,215.0,12.9,130.66109588984278,0.16149870801033592,20.96,True,True,False
1.0,0.06,220.0,13.2,127.32036011112591,0.15782828282828285,21.679999999999996,True,True,False
1.0,0.06,225.0,13.5,124.19438591818361,0.15432098765432098,22.399999999999995,True,True,False
1.0,0.06,230.0,13.8,121.26310907981906,0.15096618357487923,23.12,True,True,False
1.0,0.06,235.0,14.1,118.50888923169128,0.14775413711583923,23.84,True,True,False
1.0,0.06,240.0,14.4,115.91615458638532,0.14467592592592596,24.559999999999995,True,True,False
1.0,0.06,245.0,14.7,113.47110735758416,0.14172335600907032,25.279999999999998,True,True,False
1.0,0.06,250.0,15.0,111.16147812914734,0.1388888888888889,25.999999999999996,True,True,False
1.0,0.06,255.0,15.3,108.97631993697361,0.13616557734204793,26.719999999999995,True,True,False
1.0,0.06,260.0,15.6,106.90583476946206,0.13354700854700854,27.439999999999998,True,True,False
1.0,0.06,265.0,15.9,104.94122668438006,0.1310272536687631,28.159999999999993,True,True,False
1.0,0.06,270.0,16.2,103.07457689716915,0.1286008230452675,28.88,True,True,False
1.0,0.06,275.0,16.5,101.2987370996064,0.12626262626262624,29.6,True,True,False
1.0,0.06,280.0,16.8,99.60723797844503,0.12400793650793651,30.32,True,True,True
1.0,0.06,285.0,17.1,97.99421046599734,0.12183235867446396,31.039999999999992,True,True,True
1.0,0.06,290.0,17.4,96.45431770222484,0.11973180076628352,31.75999999999999,True,True,True
1.0,0.06,295.0,17.7,94.9826960462058,0.11770244821092278,32.47999999999999,True,True,True
1.0,0.06,300.0,18.0,93.57490376321888,0.11574074074074076,33.2,True,True,True
1.0,0.07,10.0,0.7,nan,2.9761904761904754,-8.32,False,False,False
1.0,0.07,15.0,1.05,nan,1.9841269841269842,-7.48,False,False,False
1.0,0.07,20.0,1.4,nan,1.4880952380952377,-6.639999999999999,False,False,False
1.0,0.07,25.0,1.75,nan,1.1904761904761905,-5.8,False,False,False
1.0,0.07,30.0,2.1,nan,0.9920634920634921,-4.96,False,False,False
1.0,0.07,35.0,2.45,nan,0.8503401360544218,-4.119999999999999,False,False,False
1.0,0.07,40.0,2.8,nan,0.7440476190476188,-3.2799999999999994,False,False,False
1.0,0.07,45.0,3.15,nan,0.6613756613756613,-2.44,False,False,False
1.0,0.07,50.0,3.5,nan,0.5952380952380952,-1.5999999999999992,False,False,False
1.0,0.07,55.0,3.85,nan,0.5411255411255411,-0.7599999999999996,False,False,False
1.0,0.07,60.0,4.2,26385.50358082622,0.49603174603174605,0.08000000000000007,True,False,False
1.0,0.07,65.0,4.55,2321.8448515042237,0.45787545787545775,0.9200000000000008,True,False,False
1.0,0.07,70.0,4.9,1228.0421819895869,0.4251700680272109,1.7600000000000016,True,False,False
1.0,0.07,75.0,5.25,841.0043143151773,0.39682539682539675,2.6000000000000023,True,False,False
1.0,0.07,80.0,5.6,642.984940156177,0.3720238095238094,3.440000000000001,True,False,False
1.0,0.07,85.0,5.95,522.6927969754762,0.350140056022409,4.279999999999999,True,False,False
1.0,0.07,90.0,6.3,441.8715132759425,0.33068783068783064,5.12,True,False,False
1.0,0.07,95.0,6.65,383.8320679346664,0.3132832080200501,5.960000000000003,True,False,False
1.0,0.07,100.0,7.0,340.1317796777058,0.2976190476190476,6.800000000000002,True,False,False
1.0,0.07,105.0,7.35,306.0409788908623,0.28344671201814053,7.64,True,False,False
1.0,0.07,110.0,7.7,278.70401599575183,0.27056277056277056,8.48,True,False,False
1.0,0.07,115.0,8.05,256.29474598302176,0.25879917184265006,9.32,True,False,False
1.0,0.07,120.0,8.4,237.5909458149164,0.24801587301587302,10.16,True,False,False
1.0,0.07,125.0,8.75,221.74372603612164,0.23809523809523808,11.0,True,False,False
1.0,0.07,130.0,9.1,208.14509825296668,0.22893772893772887,11.840000000000002,True,False,False
1.0,0.07,135.0,9.45,196.34818140638117,0.2204585537918871,12.680000000000001,True,False,False
1.0,0.07,140.0,9.8,186.01715363540686,0.21258503401360546,13.520000000000003,True,False,False
1.0,0.07,145.0,10.15,176.89476978192818,0.20525451559934318,14.36,True,True,False
1.0,0.07,150.0,10.5,168.7806494069918,0.19841269841269837,15.200000000000003,True,True,False
1.0,0.07,155.0,10.85,161.51638702643788,0.1920122887864823,16.04,True,True,False
1.0,0.07,160.0,11.2,154.9751081055599,0.1860119047619047,16.88,True,True,False
1.0,0.07,165.0,11.55,149.05399558350103,0.18037518037518036,17.720000000000002,True,True,False
1.0,0.07,170.0,11.9,143.66884583283547,0.1750700280112045,18.56,True,True,False
1.0,0.07,175.0,12.25,138.75003894717594,0.17006802721088432,19.400000000000002,True,True,False
1.0,0.07,180.0,12.6,134.23951247495066,0.16534391534391532,20.24,True,True,False
1.0,0.07,185.0,12.95,130.08845870070158,0.16087516087516085,21.08,True,True,False
1.0,0.07,190.0,13.3,126.25555138360292,0.15664160401002505,21.92000000000001,True,True,False
1.0,0.07,195.0,13.65,122.70556516899666,0.15262515262515258,22.760000000000005,True,True,False
1.0,0.07,200.0,14.0,119.40828983746404,0.1488095238095238,23.600000000000005,True,True,False
1.0,0.07,205.0,14.35,116.33766845670783,0.1451800232288037,24.44,True,True,False
1.0,0.07,210.0,14.7,113.47110735758416,0.14172335600907027,25.28,True,True,False
1.0,0.07,215.0,15.05,110.78891925411618,0.13842746400885936,26.120000000000005,True,True,False
1.0,0.07,220.0,15.4,108.27387046866849,0.13528138528138528,26.96,True,True,False
1.0,0.07,225.0,15.75,105.91081024291691,0.13227513227513224,27.800000000000004,True,True,False
1.0,0.07,230.0,16.1,103.68636528180438,0.12939958592132503,28.64,True,True,False
1.0,0.07,235.0,16.45,101.58868651928985,0.1266464032421479,29.480000000000004,True,True,False
1.0,0.07,240.0,16.8,99.60723797844503,0.12400793650793651,30.32,True,True,True
1.0,0.07,245.0,17.15,97.73261978254942,0.1214771622934888,31.160000000000004,True,True,True
1.0,0.07,250.0,17.5,95.95641904193837,0.11904761904761904,32.0,True,True,True
1.0,0.07,255.0,17.85,94.27108362545117,0.11671335200746964,32.839999999999996,True,True,True
1.0,0.07,260.0,18.2,92.66981482118776,0.11446886446886444,33.68,True,True,True
1.0,0.07,265.0,18.55,91.14647566904375,0.11230907457322549,34.52,True,True,True
1.0,0.07,270.0,18.9,89.69551235896996,0.11022927689594356,35.36000000000001,True,True,True
1.0,0.07,275.0,19.25,88.3118865726786,0.1082251082251082,36.2,True,True,True
1.0,0.07,280.0,19.6,86.9910170315538,0.10629251700680273,37.040000000000006,True,True,True
1.0,0.07,285.0,19.95,85.72872882171438,0.10442773600668337,37.88,True,True,True
1.0,0.07,290.0,20.3,84.52120931519444,0.10262725779967159,38.72,True,True,True
1.0,0.07,295.0,20.65,83.36496970682799,0.10088781275221953,39.56000000000001,True,True,True
1.0,0.07,300.0,21.0,82.25681134950254,0.09920634920634919,40.400000000000006,True,True,True
1.0,0.08,10.0,0.8,nan,2.6041666666666665,-8.08,False,False,False
1.0,0.08,15.0,1.2,nan,1.7361111111111112,-7.12,False,False,False
1.0,0.08,20.0,1.6,nan,1.3020833333333333,-6.16,False,False,False
1.0,0.08,25.0,2.0,nan,1.0416666666666667,-5.2,False,False,False
1.0,0.08,30.0,2.4,nan,0.8680555555555556,-4.24,False,False,False
1.0,0.08,35.0,2.8,nan,0.7440476190476188,-3.2799999999999994,False,False,False
1.0,0.08,40.0,3.2,nan,0.6510416666666666,-2.32,False,False,False
1.0,0.08,45.0,3.6,nan,0.5787037037037036,-1.3600000000000012,False,False,False
1.0,0.08,50.0,4.0,nan,0.5208333333333334,-0.40000000000000036,False,False,False
1.0,0.08,55.0,4.4,3795.1300798300604,0.47348484848484845,0.5600000000000005,True,False,False
1.0,0.08,60.0,4.8,1417.196027093624,0.4340277777777778,1.5199999999999991,True,False,False
1.0,0.08,65.0,5.2,880.243176475717,0.40064102564102555,2.48,True,False,False
1.0,0.08,70.0,5.6,642.984940156177,0.3720238095238094,3.440000000000001,True,False,False
1.0,0.08,75.0,6.0,509.25757059425496,0.3472222222222222,4.3999999999999995,True,False,False
1.0,0.08,80.0,6.4,423.4325423679465,0.3255208333333333,5.36,True,False,False
1.0,0.08,85.0,6.8,363.68094043823805,0.3063725490196078,6.319999999999999,True,False,False
1.0,0.08,90.0,7.2,319.68800275372763,0.2893518518518518,7.279999999999998,True,False,False
1.0,0.08,95.0,7.6,285.9458466656077,0.2741228070175438,8.24,True,False,False
1.0,0.08,100.0,8.0,259.24553184805205,0.2604166666666667,9.2,True,False,False
1.0,0.08,105.0,8.4,237.5909458149164,0.24801587301587302,10.16,True,False,False
1.0,0.08,110.0,8.8,219.67528111124292,0.23674242424242423,11.120000000000001,True,False,False
1.0,0.08,115.0,9.2,204.60713927437865,0.22644927536231882,12.079999999999998,True,False,False
1.0,0.08,120.0,9.6,191.75761954846362,0.2170138888888889,13.039999999999997,True,False,False
1.0,0.08,125.0,10.0,180.67031967067405,0.20833333333333331,14.0,True,False,False
1.0,0.08,130.0,10.4,171.00598876115694,0.20032051282051277,14.96,True,True,False
1.0,0.08,135.0,10.8,162.50720529801382,0.1929012345679012,15.92,True,True,False
1.0,0.08,140.0,11.2,154.9751081055599,0.1860119047619047,16.88,True,True,False
1.0,0.08,145.0,11.6,148.25364020736117,0.17959770114942528,17.839999999999996,True,True,False
1.0,0.08,150.0,12.0,142.21862009451036,0.1736111111111111,18.8,True,True,False
1.0,0.08,155.0,12.4,136.76999869707828,0.16801075268817203,19.759999999999998,True,True,False
1.0,0.08,160.0,12.8,131.82626885770932,0.16276041666666666,20.72,True,True,False
1.0,0.08,165.0,13.2,127.32036011112591,0.15782828282828282,21.68,True,True,False
1.0,0.08,170.0,13.6,123.19657790135517,0.1531862745098039,22.639999999999997,True,True,False
1.0,0.08,175.0,14.0,119.40828983746404,0.1488095238095238,23.6,True,True,False
1.0,0.08,180.0,14.4,115.91615458638532,0.1446759259259259,24.559999999999995,True,True,False
1.0,0.08,185.0,14.8,112.68675051407112,0.14076576576576574,25.52,True,True,False
1.0,0.08,190.0,15.2,109.69150262826915,0.1370614035087719,26.48,True,True,False
1.0,0.08,195.0,15.6,106.90583476946206,0.13354700854700854,27.439999999999998,True,True,False
1.0,0.08,200.0,16.0,104.30849375181371,0.13020833333333334,28.4,True,True,False
1.0,0.08,205.0,16.4,101.88100609771733,0.12703252032520326,29.36,True,True,False
1.0,0.08,210.0,16.8,99.60723797844503,0.12400793650793651,30.32,True,True,True
1.0,0.08,215.0,17.2,97.47303618874437,0.12112403100775196,31.28,True,True,True
1.0,0.08,220.0,17.6,95.4659332649316,0.11837121212121211,32.24,True,True,True
1.0,0.08,225.0,18.0,93.57490376321888,0.11574074074074076,33.2,True,True,True
1.0,0.08,230.0,18.4,91.79016163396778,0.11322463768115941,34.15999999999999,True,True,True
1.0,0.08,235.0,18.8,90.10299082841148,0.11081560283687944,35.11999999999999,True,True,True
1.0,0.08,240.0,19.2,88.50560294820626,0.10850694444444445,36.08,True,True,True
1.0,0.08,245.0,19.6,86.99101703155382,0.10629251700680273,37.04,True,True,True
1.0,0.08,250.0,20.0,85.55295756121645,0.10416666666666666,38.0,True,True,True
1.0,0.08,255.0,20.4,84.18576755142959,0.10212418300653593,38.96,True,True,True
1.0,0.08,260.0,20.8,82.88433417537996,0.10016025641025639,39.92,True,True,True
1.0,0.08,265.0,21.2,81.64402487178668,0.09827044025157232,40.88,True,True,True
1.0,0.08,270.0,21.6,80.46063224751701,0.0964506172839506,41.84,True,True,True
1.0,0.08,275.0,22.0,79.33032639517717,0.0946969696969697,42.8,True,True,True
1.0,0.08,280.0,22.4,78.24961348699848,0.09300595238095236,43.76,True,True,True
1.0,0.08,285.0,22.8,77.21529970189012,0.09137426900584794,44.71999999999999,True,True,True
1.0,0.08,290.0,23.2,76.22445970109453,0.08979885057471264,45.67999999999999,True,True,True
1.0,0.08,295.0,23.6,75.27440899707265,0.08827683615819208,46.64,True,True,True
1.0,0.08,300.0,24.0,74.36267966598615,0.08680555555555555,47.6,True,True,True
1.0,0.09,10.0,0.9,nan,2.3148148148148144,-7.84,False,False,False
1.0,0.09,15.0,1.35,nan,1.5432098765432096,-6.759999999999999,False,False,False
1.0,0.09,20.0,1.8,nan,1.1574074074074072,-5.679999999999999,False,False,False
1.0,0.09,25.0,2.25,nan,0.9259259259259257,-4.6,False,False,False
1.0,0.09,30.0,2.7,nan,0.7716049382716048,-3.52,False,False,False
1.0,0.09,35.0,3.15,nan,0.6613756613756613,-2.439999999999999,False,False,False
1.0,0.09,40.0,3.6,nan,0.5787037037037036,-1.359999999999999,False,False,False
1.0,0.09,45.0,4.05,nan,0.51440329218107,-0.28000000000000025,False,False,False
1.0,0.09,50.0,4.5,2665.611404780252,0.46296296296296285,0.8000000000000007,True,False,False
1.0,0.09,55.0,4.95,1151.575733968807,0.4208754208754208,1.8800000000000017,True,False,False
1.0,0.09,60.0,5.4,742.3769040197683,0.3858024691358024,2.9600000000000004,True,False,False
1.0,0.09,65.0,5.85,551.9576465187299,0.3561253561253561,4.040000000000002,True,False,False
1.0,0.09,70.0,6.3,441.8715132759423,0.33068783068783064,5.120000000000002,True,False,False
1.0,0.09,75.0,6.75,370.13796838870644,0.3086419753086419,6.200000000000001,True,False,False
1.0,0.09,80.0,7.2,319.68800275372746,0.2893518518518518,7.280000000000002,True,False,False
1.0,0.09,85.0,7.65,282.27295646941286,0.2723311546840958,8.360000000000001,True,False,False
1.0,0.09,90.0,8.1,253.4189800976109,0.257201646090535,9.44,True,False,False
1.0,0.09,95.0,8.55,230.48939431165417,0.24366471734892786,10.520000000000005,True,False,False
1.0,0.09,100.0,9.0,211.82945553411702,0.23148148148148143,11.600000000000001,True,False,False
1.0,0.09,105.0,9.45,196.34818140638117,0.2204585537918871,12.680000000000001,True,False,False
1.0,0.09,110.0,9.9,183.29710728706888,0.2104377104377104,13.760000000000003,True,False,False
1.0,0.09,115.0,10.35,172.1456504250151,0.20128824476650561,14.84,True,True,False
1.0,0.09,120.0,10.8,162.50720529801382,0.1929012345679012,15.92,True,True,False
1.0,0.09,125.0,11.25,154.09340966950208,0.18518518518518515,17.0,True,True,False
1.0,0.09,130.0,11.7,146.6848020143081,0.17806267806267806,18.080000000000005,True,True,False
1.0,0.09,135.0,12.15,140.111402737779,0.17146776406035663,19.160000000000004,True,True,False
1.0,0.09,140.0,12.6,134.23951247495063,0.16534391534391532,20.240000000000002,True,True,False
1.0,0.09,145.0,13.05,128.9625229141725,0.15964240102171137,21.32,True,True,False
1.0,0.09,150.0,13.5,124.1943859181836,0.15432098765432095,22.400000000000002,True,True,False
1.0,0.09,155.0,13.95,119.86488503426185,0.1493428912783751,23.48,True,True,False
1.0,0.09,160.0,14.4,115.91615458638532,0.1446759259259259,24.560000000000002,True,True,False
1.0,0.09,165.0,14.85,112.30007849761229,0.14029180695847362,25.640000000000004,True,True,False
1.0,0.09,170.0,15.3,108.9763199369736,0.1361655773420479,26.72,True,True,False
1.0,0.09,175.0,15.75,105.91081024291691,0.13227513227513224,27.800000000000004,True,True,False
1.0,0.09,180.0,16.2,103.07457689716915,0.1286008230452675,28.88,True,True,False
1.0,0.09,185.0,16.65,100.44282499423902,0.1251251251251251,29.960000000000004,True,True,False
1.0,0.09,190.0,17.1,97.99421046599727,0.12183235867446393,31.04000000000001,True,True,True
1.0,0.09,195.0,17.55,95.71025992844682,0.11870845204178539,32.120000000000005,True,True,True
1.0,0.09,200.0,18.0,93.57490376321888,0.11574074074074071,33.2,True,True,True
1.0,0.09,205.0,18.45,91.57409746137756,0.1129177958446251,34.28,True,True,True
1.0,0.09,210.0,18.9,89.69551235896996,0.11022927689594356,35.36000000000001,True,True,True
1.0,0.09,215.0,19.35,87.92828136801134,0.10766580534022392,36.440000000000005,True,True,True
1.0,0.09,220.0,19.8,86.26278862173479,0.1052188552188552,37.52000000000001,True,True,True
1.0,0.09,225.0,20.25,84.69049443328097,0.10288065843621397,38.6,True,True,True
1.0,0.09,230.0,20.7,83.2037888397631,0.10064412238325281,39.68,True,True,True
1.0,0.09,235.0,21.15,81.79586842980753,0.09850275807722615,40.760000000000005,True,True,True
1.0,0.09,240.0,21.6,80.46063224751701,0.0964506172839506,41.84,True,True,True
1.0,0.09,245.0,22.05,79.19259341270423,0.09448223733938017,42.92000000000001,True,True,True
1.0,0.09,250.0,22.5,77.98680375705506,0.09259259259259257,44.0,True,True,True
1.0,0.09,255.0,22.95,76.83878929342453,0.09077705156136527,45.08,True,True,True
1.0,0.09,260.0,23.4,75.74449474403667,0.08903133903133903,46.16000000000001,True,True,True
1.0,0.09,265.0,23.85,74.70023567785539,0.08735150244584207,47.24,True,True,True
1.0,0.09,270.0,24.3,73.70265706661928,0.08573388203017832,48.32000000000001,True,True,True
1.0,0.09,275.0,24.75,72.74869727725098,0.08417508417508415,49.400000000000006,True,True,True
1.0,0.09,280.0,25.2,71.83555668647692,0.08267195767195766,50.480000000000004,True,True,True
1.0,0.09,285.0,25.65,70.96067023992457,0.08122157244964262,51.56,True,True,True
1.0,0.09,290.0,26.1,70.12168338920338,0.07982120051085569,52.64,True,True,True
1.0,0.09,295.0,26.55,69.3164309315864,0.07846829880728184,53.720000000000006,True,True,True
1.0,0.09,300.0,27.0,68.54291835186088,0.07716049382716048,54.800000000000004,True,True,True
1.0,0.1,10.0,1.0,nan,2.0833333333333335,-7.6,False,False,False
1.0,0.1,15.0,1.5,nan,1.3888888888888888,-6.4,False,False,False
1.0,0.1,20.0,2.0,nan,1.0416666666666667,-5.2,False,False,False
1.0,0.1,25.0,2.5,nan,0.8333333333333333,-3.999999999999999,False,False,False
1.0,0.1,30.0,3.0,nan,0.6944444444444444,-2.8000000000000003,False,False,False
1.0,0.1,35.0,3.5,nan,0.5952380952380952,-1.5999999999999992,False,False,False
1.0,0.1,40.0,4.0,nan,0.5208333333333334,-0.40000000000000036,False,False,False
1.0,0.1,45.0,4.5,2665.611404780259,0.462962962962963,0.7999999999999985,True,False,False
1.0,0.1,50.0,5.0,1084.2852597105204,0.41666666666666663,2.0000000000000018,True,False,False
1.0,0.1,55.0,5.5,688.9537234430879,0.3787878787878788,3.2000000000000006,True,False,False
1.0,0.1,60.0,6.0,509.25757059425496,0.3472222222222222,4.3999999999999995,True,False,False
1.0,0.1,65.0,6.5,406.5740546806358,0.3205128205128205,5.6000000000000005,True,False,False
1.0,0.1,70.0,7.0,340.1317796777058,0.2976190476190476,6.800000000000002,True,False,False
1.0,0.1,75.0,7.5,293.622187175655,0.2777777777777778,8.0,True,False,False
1.0,0.1,80.0,8.0,259.24553184805205,0.2604166666666667,9.2,True,False,False
1.0,0.1,85.0,8.5,232.80195082681908,0.24509803921568626,10.4,True,False,False
1.0,0.1,90.0,9.0,211.8294555341171,0.2314814814814815,11.599999999999996,True,False,False
1.0,0.1,95.0,9.5,194.78930310879664,0.21929824561403508,12.800000000000002,True,False,False
1.0,0.1,100.0,10.0,180.670319670674,0.20833333333333331,14.000000000000004,True,False,False
1.0,0.1,105.0,10.5,168.78064940699187,0.1984126984126984,15.2,True,True,False
1.0,0.1,110.0,11.0,158.63093088921437,0.1893939393939394,16.400000000000002,True,True,False
1.0,0.1,115.0,11.5,149.86526489658837,0.1811594202898551,17.599999999999998,True,True,False
1.0,0.1,120.0,12.0,142.21862009451036,0.1736111111111111,18.8,True,True,False
1.0,0.1,125.0,12.5,135.48957266868166,0.16666666666666666,20.0,True,True,False
1.0,0.1,130.0,13.0,129.52230419672046,0.16025641025641024,21.2,True,True,False
1.0,0.1,135.0,13.5,124.1943859181836,0.15432098765432098,22.400000000000002,True,True,False
1.0,0.1,140.0,14.0,119.40828983746404,0.1488095238095238,23.600000000000005,True,True,False
1.0,0.1,145.0,14.5,115.08536434520127,0.14367816091954022,24.8,True,True,False
1.0,0.1,150.0,15.0,111.16147812914734,0.1388888888888889,26.0,True,True,False
1.0,0.1,155.0,15.5,107.58381716745112,0.13440860215053765,27.199999999999996,True,True,False
1.0,0.1,160.0,16.0,104.30849375181371,0.13020833333333334,28.4,True,True,False
1.0,0.1,165.0,16.5,101.29873709960638,0.12626262626262624,29.600000000000005,True,True,False
1.0,0.1,170.0,17.0,98.52350693977887,0.12254901960784313,30.8,True,True,True
1.0,0.1,175.0,17.5,95.95641904193837,0.11904761904761904,32.0,True,True,True
1.0,0.1,180.0,18.0,93.57490376321891,0.11574074074074076,33.199999999999996,True,True,True
1.0,0.1,185.0,18.5,91.35954071324728,0.1126126126126126,34.400000000000006,True,True,True
1.0,0.1,190.0,19.0,89.2935279812513,0.10964912280701754,35.60000000000001,True,True,True
1.0,0.1,195.0,19.5,87.36225521003765,0.10683760683760685,36.8,True,True,True
1.0,0.1,200.0,20.0,85.55295756121643,0.10416666666666666,38.00000000000001,True,True,True
1.0,0.1,205.0,20.5,83.85443323783328,0.1016260162601626,39.2,True,True,True
1.0,0.1,210.0,21.0,82.25681134950256,0.0992063492063492,40.4,True,True,True
1.0,0.1,215.0,21.5,80.75135995472941,0.09689922480620154,41.6,True,True,True
1.0,0.1,220.0,22.0,79.33032639517717,0.0946969696969697,42.8,True,True,True
1.0,0.1,225.0,22.5,77.98680375705506,0.09259259259259259,44.0,True,True,True
1.0,0.1,230.0,23.0,76.71461860414296,0.09057971014492755,45.199999999999996,True,True,True
1.0,0.1,235.0,23.5,75.5082361315539,0.08865248226950354,46.400000000000006,True,True,True
1.0,0.1,240.0,24.0,74.36267966598615,0.08680555555555555,47.6,True,True,True
1.0,0.1,245.0,24.5,73.2734620429873,0.08503401360544217,48.8,True,True,True
1.0,0.1,250.0,25.0,72.23652686589239,0.08333333333333333,50.0,True,True,True
1.0,0.1,255.0,25.5,71.2481980252238,0.08169934640522876,51.2,True,True,True
1.0,0.1,260.0,26.0,70.30513615435683,0.08012820512820512,52.4,True,True,True
1.0,0.1,265.0,26.5,69.40430093442421,0.07861635220125787,53.599999999999994,True,True,True
1.0,0.1,270.0,27.0,68.54291835186088,0.07716049382716049,54.800000000000004,True,True,True
1.0,0.1,275.0,27.5,67.71845216569315,0.07575757575757575,56.00000000000001,True,True,True
1.0,0.1,280.0,28.0,66.9285789663576,0.0744047619047619,57.20000000000001,True,True,True
1.0,0.1,285.0,28.5,66.17116630946053,0.07309941520467836,58.4,True,True,True
1.0,0.1,290.0,29.0,65.44425349109622,0.07183908045977011,59.6,True,True,True
1.0,0.1,295.0,29.5,64.7460345997726,0.07062146892655367,60.8,True,True,True
1.0,0.1,300.0,30.0,64.07484353650023,0.06944444444444445,62.0,True,True,True
1.0,0.11,10.0,1.1,nan,1.8939393939393938,-7.36,False,False,False
1.0,0.11,15.0,1.65,nan,1.2626262626262628,-6.040000000000001,False,False,False
1.0,0.11,20.0,2.2,nan,0.9469696969696969,-4.72,False,False,False
1.0,0.11,25.0,2.75,nan,0.7575757575757576,-3.3999999999999995,False,False,False
1.0,0.11,30.0,3.3,nan,0.6313131313131314,-2.0800000000000005,False,False,False
1.0,0.11,35.0,3.85,nan,0.5411255411255411,-0.7599999999999996,False,False,False
1.0,0.11,40.0,4.4,3795.1300798300604,0.47348484848484845,0.5600000000000005,True,False,False
1.0,0.11,45.0,4.95,1151.575733968808,0.4208754208754208,1.8799999999999994,True,False,False
1.0,0.11,50.0,5.5,688.9537234430879,0.3787878787878788,3.2000000000000006,True,False,False
1.0,0.11,55.0,6.05,496.53571906513395,0.34435261707988984,4.52,True,False,False
1.0,0.11,60.0,6.6,391.1011961183099,0.3156565656565657,5.839999999999998,True,False,False
1.0,0.11,65.0,7.15,324.541972135119,0.29137529137529133,7.16,True,False,False
1.0,0.11,70.0,7.7,278.70401599575183,0.27056277056277056,8.48,True,False,False
1.0,0.11,75.0,8.25,245.21424395923455,0.2525252525252525,9.8,True,False,False
1.0,0.11,80.0,8.8,219.67528111124292,0.23674242424242423,11.120000000000001,True,False,False
1.0,0.11,85.0,9.35,199.55616246893456,0.22281639928698754,12.439999999999998,True,False,False
1.0,0.11,90.0,9.9,183.29710728706897,0.2104377104377104,13.759999999999998,True,False,False
1.0,0.11,95.0,10.45,169.884464948713,0.19936204146730463,15.08,True,True,False
1.0,0.11,100.0,11.0,158.63093088921437,0.1893939393939394,16.400000000000002,True,True,False
1.0,0.11,105.0,11.55,149.0539955835011,0.18037518037518036,17.719999999999995,True,True,False
1.0,0.11,110.0,12.1,140.8049546689161,0.17217630853994492,19.04,True,True,False
1.0,0.11,115.0,12.65,133.6255339907999,0.16469038208168643,20.359999999999996,True,True,False
1.0,0.11,120.0,13.2,127.32036011112591,0.15782828282828285,21.679999999999996,True,True,False
1.0,0.11,125.0,13.75,121.73891053764052,0.1515151515151515,23.0,True,True,False
1.0,0.11,130.0,14.3,116.76334200338222,0.14568764568764567,24.32,True,True,False
1.0,0.11,135.0,14.85,112.30007849761229,0.14029180695847362,25.64,True,True,False
1.0,0.11,140.0,15.4,108.27387046866849,0.13528138528138528,26.96,True,True,False
1.0,0.11,145.0,15.95,104.62351778613244,0.13061650992685478,28.28,True,True,False
1.0,0.11,150.0,16.5,101.2987370996064,0.12626262626262624,29.6,True,True,False
1.0,0.11,155.0,17.05,98.25783160753146,0.12218963831867057,30.919999999999995,True,True,True
1.0,0.11,160.0,17.6,95.4659332649316,0.11837121212121211,32.24,True,True,True
1.0,0.11,165.0,18.15,92.8936598217497,0.1147842056932966,33.56,True,True,True
1.0,0.11,170.0,18.7,90.516076799726,0.11140819964349377,34.879999999999995,True,True,True
1.0,0.11,175.0,19.25,88.3118865726786,0.10822510822510822,36.2,True,True,True
1.0,0.11,180.0,19.8,86.2627886217348,0.1052188552188552,37.52,True,True,True
1.0,0.11,185.0,20.35,84.35297024315173,0.10237510237510236,38.83999999999999,True,True,True
1.0,0.11,190.0,20.9,82.56869769423645,0.09968102073365231,40.16,True,True,True
1.0,0.11,195.0,21.45,80.89798540397925,0.09712509712509713,41.48,True,True,True
1.0,0.11,200.0,22.0,79.33032639517717,0.0946969696969697,42.8,True,True,True
1.0,0.11,205.0,22.55,77.85647109859714,0.09238728750923873,44.12,True,True,True
1.0,0.11,210.0,23.1,76.4682447188959,0.09018759018759018,45.43999999999999,True,True,True
1.0,0.11,215.0,23.65,75.1583955342847,0.08809020436927413,46.76,True,True,True
1.0,0.11,220.0,24.2,73.92046818510141,0.08608815426997246,48.08,True,True,True
1.0,0.11,225.0,24.75,72.74869727725098,0.08417508417508417,49.400000000000006,True,True,True
1.0,0.11,230.0,25.3,71.63791759961993,0.08234519104084322,50.71999999999999,True,True,True
1.0,0.11,235.0,25.85,70.58348800555814,0.08059316569954866,52.04,True,True,True
1.0,0.11,240.0,26.4,69.58122659231203,0.07891414141414142,53.35999999999999,True,True,True
1.0,0.11,245.0,26.95,68.62735526924456,0.07730364873222016,54.68,True,True,True
1.0,0.11,250.0,27.5,67.71845216569315,0.07575757575757575,56.0,True,True,True
1.0,0.11,255.0,28.05,66.85141061471285,0.07427213309566251,57.31999999999999,True,True,True
1.0,0.11,260.0,28.6,66.02340367653245,0.07284382284382283,58.64,True,True,True
1.0,0.11,265.0,29.15,65.23185334803847,0.07146941109205261,59.959999999999994,True,True,True
1.0,0.11,270.0,29.7,64.47440375171198,0.07014590347923681,61.28,True,True,True
1.0,0.11,275.0,30.25,63.748897716636314,0.06887052341597796,62.6,True,True,True
1.0,0.11,280.0,30.8,63.053356261232096,0.06764069264069264,63.92,True,True,True
1.0,0.11,285.0,31.35,62.38596056674557,0.06645401382243488,65.24,True,True,True
1.0,0.11,290.0,31.9,61.7450360957182,0.06530825496342739,66.56,True,True,True
1.0,0.11,295.0,32.45,61.12903856345797,0.06420133538777606,67.88,True,True,True
1.0,0.11,300.0,33.0,60.53654151508742,0.06313131313131312,69.2,True,True,True
1.0,0.12,10.0,1.2,nan,1.736111111111111,-7.12,False,False,False
1.0,0.12,15.0,1.8,nan,1.1574074074074072,-5.680000000000001,False,False,False
1.0,0.12,20.0,2.4,nan,0.8680555555555555,-4.239999999999999,False,False,False
1.0,0.12,25.0,3.0,nan,0.6944444444444443,-2.799999999999999,False,False,False
1.0,0.12,30.0,3.6,nan,0.5787037037037036,-1.36,False,False,False
1.0,0.12,35.0,4.2,26385.50358082549,0.49603174603174605,0.08000000000000229,True,False,False
1.0,0.12,40.0,4.8,1417.1960270936218,0.43402777777777773,1.5200000000000014,True,False,False
1.0,0.12,45.0,5.4,742.3769040197683,0.3858024691358024,2.9600000000000004,True,False,False
1.0,0.12,50.0,6.0,509.2575705942547,0.34722222222222215,4.400000000000002,True,False,False
1.0,0.12,55.0,6.6,391.10119611830964,0.31565656565656564,5.840000000000001,True,False,False
1.0,0.12,60.0,7.2,319.6880027537275,0.2893518518518518,7.28,True,False,False
1.0,0.12,65.0,7.8,271.8608182068054,0.26709401709401703,8.720000000000002,True,False,False
1.0,0.12,70.0,8.4,237.59094581491632,0.24801587301587302,10.160000000000004,True,False,False
1.0,0.12,75.0,9.0,211.82945553411702,0.2314814814814815,11.600000000000001,True,False,False
1.0,0.12,80.0,9.6,191.75761954846357,0.21701388888888887,13.040000000000003,True,False,False
1.0,0.12,85.0,10.2,175.67797193564726,0.20424836601307186,14.48,True,True,False
1.0,0.12,90.0,10.8,162.50720529801382,0.1929012345679012,15.92,True,True,False
1.0,0.12,95.0,11.4,151.52145063713056,0.18274853801169588,17.360000000000003,True,True,False
1.0,0.12,100.0,12.0,142.21862009451033,0.17361111111111108,18.800000000000004,True,True,False
1.0,0.12,105.0,12.6,134.23951247495066,0.16534391534391532,20.24,True,True,False
1.0,0.12,110.0,13.2,127.32036011112591,0.15782828282828282,21.68,True,True,False
1.0,0.12,115.0,13.8,121.26310907981906,0.15096618357487923,23.12,True,True,False
1.0,0.12,120.0,14.4,115.9161545863853,0.1446759259259259,24.56,True,True,False
1.0,0.12,125.0,15.0,111.16147812914734,0.1388888888888889,26.0,True,True,False
1.0,0.12,130.0,15.6,106.90583476946203,0.13354700854700852,27.440000000000005,True,True,False
1.0,0.12,135.0,16.2,103.07457689716915,0.1286008230452675,28.880000000000003,True,True,False
1.0,0.12,140.0,16.8,99.60723797844499,0.12400793650793651,30.320000000000007,True,True,True
1.0,0.12,145.0,17.4,96.45431770222481,0.1197318007662835,31.76,True,True,True
1.0,0.12,150.0,18.0,93.57490376321888,0.11574074074074076,33.2,True,True,True
1.0,0.12,155.0,18.6,90.9348868260703,0.11200716845878135,34.63999999999999,True,True,True
1.0,0.12,160.0,19.2,88.50560294820626,0.10850694444444443,36.080000000000005,True,True,True
1.0,0.12,165.0,19.8,86.26278862173479,0.1052188552188552,37.52000000000001,True,True,True
1.0,0.12,170.0,20.4,84.18576755142959,0.10212418300653593,38.96,True,True,True
1.0,0.12,175.0,21.0,82.25681134950256,0.0992063492063492,40.4,True,True,True
1.0,0.12,180.0,21.6,80.46063224751701,0.0964506172839506,41.84,True,True,True
1.0,0.12,185.0,22.2,78.78397707838074,0.09384384384384382,43.28,True,True,True
1.0,0.12,190.0,22.8,77.21529970189009,0.09137426900584794,44.720000000000006,True,True,True
1.0,0.12,195.0,23.4,75.74449474403667,0.08903133903133903,46.16,True,True,True
1.0,0.12,200.0,24.0,74.36267966598615,0.08680555555555554,47.60000000000001,True,True,True
1.0,0.12,205.0,24.6,73.06201522873465,0.08468834688346884,49.04,True,True,True
1.0,0.12,210.0,25.2,71.83555668647692,0.08267195767195766,50.48,True,True,True
1.0,0.12,215.0,25.8,70.67712974286522,0.08074935400516796,51.92000000000001,True,True,True
1.0,0.12,220.0,26.4,69.58122659231202,0.07891414141414141,53.36,True,True,True
1.0,0.12,225.0,27.0,68.54291835186088,0.07716049382716048,54.800000000000004,True,True,True
1.0,0.12,230.0,27.6,67.55778094591365,0.07548309178743962,56.24,True,True,True
1.0,0.12,235.0,28.2,66.62183209282925,0.07387706855791962,57.68000000000001,True,True,True
1.0,0.12,240.0,28.8,65.73147750051757,0.07233796296296295,59.12,True,True,True
1.0,0.12,245.0,29.4,64.88346473822334,0.07086167800453513,60.56,True,True,True
1.0,0.12,250.0,30.0,64.07484353650023,0.06944444444444445,62.0,True,True,True
1.0,0.12,255.0,30.6,63.302931493997804,0.06808278867102396,63.44,True,True,True
1.0,0.12,260.0,31.2,62.565284351039274,0.06677350427350426,64.88000000000001,True,True,True
1.0,0.12,265.0,31.8,61.85967013588112,0.06551362683438154,66.32,True,True,True
1.0,0.12,270.0,32.4,61.18404660755375,0.06430041152263374,67.76,True,True,True
1.0,0.12,275.0,33.0,60.536541515087414,0.06313131313131312,69.20000000000002,True,True,True
1.0,0.12,280.0,33.6,59.91543527123807,0.062003968253968256,70.64000000000001,True,True,True
1.0,0.12,285.0,34.2,59.3191457030586,0.060916179337231965,72.08,True,True,True
1.0,0.12,290.0,34.8,58.746214594568436,0.05986590038314175,73.52,True,True,True
1.0,0.12,295.0,35.4,58.195295780534664,0.05885122410546139,74.96,True,True,True
1.0,0.12,300.0,36.0,57.66514458671578,0.05787037037037038,76.4,True,True,True
1.0,0.13,10.0,1.3,nan,1.6025641025641022,-6.879999999999999,False,False,False
1.0,0.13,15.0,1.95,nan,1.0683760683760681,-5.32,False,False,False
1.0,0.13,20.0,2.6,nan,0.8012820512820511,-3.76,False,False,False
1.0,0.13,25.0,3.25,nan,0.641025641025641,-2.1999999999999997,False,False,False
1.0,0.13,30.0,3.9,nan,0.5341880341880341,-0.6400000000000006,False,False,False
1.0,0.13,35.0,4.55,2321.8448515042237,0.45787545787545786,0.9200000000000008,True,False,False
1.0,0.13,40.0,5.2,880.243176475717,0.40064102564102555,2.48,True,False,False
1.0,0.13,45.0,5.85,551.9576465187303,0.3561253561253561,4.039999999999999,True,False,False
1.0,0.13,50.0,6.5,406.5740546806358,0.3205128205128205,5.6000000000000005,True,False,False
1.0,0.13,55.0,7.15,324.541972135119,0.29137529137529133,7.16,True,False,False
1.0,0.13,60.0,7.8,271.8608182068055,0.26709401709401703,8.719999999999999,True,False,False
1.0,0.13,65.0,8.45,235.16849698825237,0.2465483234714004,10.28,True,False,False
1.0,0.13,70.0,9.1,208.14509825296668,0.22893772893772893,11.840000000000002,True,False,False
1.0,0.13,75.0,9.75,187.41371474559833,0.2136752136752137,13.399999999999999,True,False,False
1.0,0.13,80.0,10.4,171.00598876115694,0.20032051282051277,14.96,True,True,False
1.0,0.13,85.0,11.05,157.69705848322033,0.1885369532428356,16.519999999999996,True,True,False
1.0,0.13,90.0,11.7,146.68480201430813,0.17806267806267806,18.08,True,True,False
1.0,0.13,95.0,12.35,137.42194677670983,0.16869095816464239,19.640000000000004,True,True,False
1.0,0.13,100.0,13.0,129.52230419672046,0.16025641025641024,21.2,True,True,False
1.0,0.13,105.0,13.65,122.70556516899671,0.15262515262515264,22.759999999999998,True,True,False
1.0,0.13,110.0,14.3,116.76334200338222,0.14568764568764567,24.32,True,True,False
1.0,0.13,115.0,14.95,111.53749195510616,0.1393534002229654,25.879999999999995,True,True,False
1.0,0.13,120.0,15.6,106.90583476946206,0.13354700854700852,27.439999999999998,True,True,False
1.0,0.13,125.0,16.25,102.77248001206654,0.1282051282051282,29.000000000000004,True,True,False
1.0,0.13,130.0,16.9,99.0611169707402,0.1232741617357002,30.56,True,True,True
1.0,0.13,135.0,17.55,95.71025992844683,0.11870845204178539,32.12,True,True,True
1.0,0.13,140.0,18.2,92.66981482118776,0.11446886446886446,33.68,True,True,True
1.0,0.13,145.0,18.85,89.89855781650097,0.11052166224580018,35.24,True,True,True
1.0,0.13,150.0,19.5,87.36225521003765,0.10683760683760685,36.8,True,True,True
1.0,0.13,155.0,20.15,85.03224207521578,0.10339123242349046,38.35999999999999,True,True,True
1.0,0.13,160.0,20.8,82.88433417537996,0.10016025641025639,39.92,True,True,True
1.0,0.13,165.0,21.45,80.89798540397923,0.09712509712509713,41.480000000000004,True,True,True
1.0,0.13,170.0,22.1,79.05562845801465,0.0942684766214178,43.03999999999999,True,True,True
1.0,0.13,175.0,22.75,77.34215388136418,0.09157509157509156,44.6,True,True,True
1.0,0.13,180.0,23.4,75.74449474403667,0.08903133903133903,46.16,True,True,True
1.0,0.13,185.0,24.05,74.25129278417066,0.08662508662508663,47.72,True,True,True
1.0,0.13,190.0,24.7,72.8526279613741,0.08434547908232119,49.28000000000001,True,True,True
1.0,0.13,195.0,25.35,71.53979780118817,0.08218277449046679,50.84,True,True,True
1.0,0.13,200.0,26.0,70.30513615435683,0.08012820512820512,52.4,True,True,True
1.0,0.13,205.0,26.65,69.14186339444383,0.07817385866166353,53.96,True,True,True
1.0,0.13,210.0,27.3,68.04396187031847,0.07631257631257632,55.519999999999996,True,True,True
1.0,0.13,215.0,27.95,67.0060717819897,0.07453786523553965,57.08,True,True,True
1.0,0.13,220.0,28.6,66.02340367653245,0.07284382284382283,58.64,True,True,True
1.0,0.13,225.0,29.25,65.09166454929824,0.07122507122507123,60.20000000000001,True,True,True
1.0,0.13,230.0,29.9,64.20699514481292,0.0696767001114827,61.75999999999999,True,True,True
1.0,0.13,235.0,30.55,63.365916525892864,0.06819421713038734,63.32,True,True,True
1.0,0.13,240.0,31.2,62.56528435103928,0.06677350427350426,64.88,True,True,True
1.0,0.13,245.0,31.85,61.80224959318662,0.06541077969649398,66.44,True,True,True
1.0,0.13,250.0,32.5,61.07422466540015,0.0641025641025641,68.0,True,True,True
1.0,0.13,255.0,33.15,60.378854104702434,0.0628456510809452,69.56,True,True,True
1.0,0.13,260.0,33.8,59.71398911415906,0.0616370808678501,71.12,True,True,True
1.0,0.13,265.0,34.45,59.077665383528945,0.06047411707789066,72.67999999999998,True,True,True
1.0,0.13,270.0,35.1,58.4680837062335,0.05935422602089269,74.24,True,True,True
1.0,0.13,275.0,35.75,57.883592989797705,0.05827505827505827,75.8,True,True,True
1.0,0.13,280.0,36.4,57.32267532190482,0.05723443223443223,77.36,True,True,True
1.0,0.13,285.0,37.05,56.78393280763367,0.056230319388214114,78.92,True,True,True
1.0,0.13,290.0,37.7,56.26607593755393,0.05526083112290009,80.48,True,True,True
1.0,0.13,295.0,38.35,55.767913282913604,0.054324206866579745,82.04,True,True,True
1.0,0.13,300.0,39.0,55.28834234457085,0.05341880341880342,83.6,True,True,True
1.0,0.14,10.0,1.4,nan,1.488095238095238,-6.64,False,False,False
1.0,0.14,15.0,2.1,nan,0.9920634920634923,-4.960000000000001,False,False,False
1.0,0.14,20.0,2.8,nan,0.744047619047619,-3.2800000000000002,False,False,False
1.0,0.14,25.0,3.5,nan,0.5952380952380953,-1.6000000000000014,False,False,False
1.0,0.14,30.0,4.2,26385.50358082696,0.49603174603174616,0.07999999999999785,True,False,False
1.0,0.14,35.0,4.9,1228.0421819895887,0.4251700680272109,1.7599999999999993,True,False,False
1.0,0.14,40.0,5.6,642.9849401561776,0.3720238095238095,3.4399999999999986,True,False,False
1.0,0.14,45.0,6.3,441.87151327594256,0.33068783068783075,5.119999999999998,True,False,False
1.0,0.14,50.0,7.0,340.1317796777061,0.29761904761904767,6.799999999999997,True,False,False
1.0,0.14,55.0,7.7,278.70401599575194,0.27056277056277056,8.479999999999997,True,False,False
1.0,0.14,60.0,8.4,237.5909458149165,0.24801587301587308,10.159999999999997,True,False,False
1.0,0.14,65.0,9.1,208.14509825296676,0.22893772893772893,11.839999999999996,True,False,False
1.0,0.14,70.0,9.8,186.01715363540688,0.21258503401360546,13.519999999999998,True,False,False
1.0,0.14,75.0,10.5,168.78064940699193,0.19841269841269846,15.199999999999996,True,True,False
1.0,0.14,80.0,11.2,154.97510810555997,0.18601190476190474,16.879999999999995,True,True,False
1.0,0.14,85.0,11.9,143.66884583283553,0.1750700280112045,18.55999999999999,True,True,False
1.0,0.14,90.0,12.6,134.23951247495066,0.16534391534391538,20.239999999999995,True,True,False
1.0,0.14,95.0,13.3,126.25555138360299,0.15664160401002508,21.919999999999995,True,True,False
1.0,0.14,100.0,14.0,119.4082898374641,0.14880952380952384,23.599999999999994,True,True,False
1.0,0.14,105.0,14.7,113.47110735758416,0.14172335600907032,25.279999999999998,True,True,False
1.0,0.14,110.0,15.4,108.27387046866853,0.13528138528138528,26.959999999999994,True,True,False
1.0,0.14,115.0,16.1,103.6863652818044,0.12939958592132508,28.639999999999993,True,True,False
1.0,0.14,120.0,16.8,99.60723797844501,0.12400793650793654,30.319999999999993,True,True,True
1.0,0.14,125.0,17.5,95.95641904193839,0.11904761904761907,31.999999999999993,True,True,True
1.0,0.14,130.0,18.2,92.66981482118774,0.11446886446886446,33.67999999999999,True,True,True
1.0,0.14,135.0,18.9,89.69551235897,0.11022927689594357,35.35999999999999,True,True,True
1.0,0.14,140.0,19.6,86.99101703155382,0.10629251700680273,37.04,True,True,True
1.0,0.14,145.0,20.3,84.52120931519445,0.10262725779967159,38.71999999999999,True,True,True
1.0,0.14,150.0,21.0,82.25681134950257,0.09920634920634923,40.39999999999999,True,True,True
1.0,0.14,155.0,21.7,80.17322082593822,0.09600614439324116,42.07999999999999,True,True,True
1.0,0.14,160.0,22.4,78.2496134869985,0.09300595238095237,43.75999999999999,True,True,True
1.0,0.14,165.0,23.1,76.4682447188959,0.09018759018759019,45.43999999999999,True,True,True
1.0,0.14,170.0,23.8,74.81390054885834,0.08753501400560225,47.11999999999998,True,True,True
1.0,0.14,175.0,24.5,73.27346204298729,0.08503401360544219,48.79999999999999,True,True,True
1.0,0.14,180.0,25.2,71.83555668647692,0.08267195767195769,50.47999999999999,True,True,True
1.0,0.14,185.0,25.9,70.49027713514054,0.08043758043758044,52.15999999999999,True,True,True
1.0,0.14,190.0,26.6,69.22895262266911,0.07832080200501254,53.83999999999999,True,True,True
1.0,0.14,195.0,27.3,68.04396187031847,0.07631257631257632,55.51999999999998,True,True,True
1.0,0.14,200.0,28.0,66.92857896635762,0.07440476190476192,57.19999999999999,True,True,True
1.0,0.14,205.0,28.7,65.87684563028587,0.07259001161440187,58.879999999999995,True,True,True
1.0,0.14,210.0,29.4,64.88346473822335,0.07086167800453516,60.559999999999995,True,True,True
1.0,0.14,215.0,30.1,63.94371109226193,0.06921373200442968,62.239999999999995,True,True,True
1.0,0.14,220.0,30.8,63.05335626123212,0.06764069264069264,63.91999999999999,True,True,True
1.0,0.14,225.0,31.5,62.20860497032823,0.06613756613756615,65.6,True,True,True
1.0,0.14,230.0,32.2,61.406041020943924,0.06469979296066254,67.27999999999999,True,True,True
1.0,0.14,235.0,32.9,60.64258111549714,0.06332320162107397,68.95999999999998,True,True,True
1.0,0.14,240.0,33.6,59.91543527123808,0.06200396825396827,70.63999999999999,True,True,True
1.0,0.14,245.0,34.3,59.222072751601665,0.060738581146744415,72.32,True,True,True
1.0,0.14,250.0,35.0,58.560192638262265,0.059523809523809534,73.99999999999999,True,True,True
1.0,0.14,255.0,35.7,57.927698322766695,0.05835667600373483,75.67999999999998,True,True,True
1.0,0.14,260.0,36.4,57.322675321904846,0.05723443223443223,77.35999999999999,True,True,True
1.0,0.14,265.0,37.1,56.74337192229421,0.05615453728661277,79.03999999999999,True,True,True
1.0,0.14,270.0,37.8,56.18818224199342,0.055114638447971785,80.71999999999998,True,True,True
1.0,0.14,275.0,38.5,55.65563136419034,0.05411255411255412,82.39999999999999,True,True,True
1.0,0.14,280.0,39.2,55.14436225315007,0.053146258503401364,84.08,True,True,True
1.0,0.14,285.0,39.9,54.65312420802746,0.05221386800334169,85.75999999999998,True,True,True
1.0,0.14,290.0,40.6,54.180762647712825,0.051313628899835796,87.43999999999998,True,True,True
1.0,0.14,295.0,41.3,53.72621005107255,0.05044390637610977,89.11999999999999,True,True,True
1.0,0.14,300.0,42.0,53.28847790294228,0.049603174603174614,90.79999999999998,True,True,True
1.0,0.15,10.0,1.5,nan,1.3888888888888888,-6.4,False,False,False
1.0,0.15,15.0,2.25,nan,0.925925925925926,-4.6000000000000005,False,False,False
1.0,0.15,20.0,3.0,nan,0.6944444444444444,-2.8000000000000003,False,False,False
1.0,0.15,25.0,3.75,nan,0.5555555555555556,-1.0000000000000009,False,False,False
1.0,0.15,30.0,4.5,2665.611404780259,0.462962962962963,0.7999999999999985,True,False,False
1.0,0.15,35.0,5.25,841.0043143151778,0.3968253968253968,2.6,True,False,False
1.0,0.15,40.0,6.0,509.25757059425496,0.3472222222222222,4.3999999999999995,True,False,False
1.0,0.15,45.0,6.75,370.1379683887066,0.30864197530864196,6.199999999999999,True,False,False
1.0,0.15,50.0,7.5,293.62218717565503,0.2777777777777778,7.999999999999998,True,False,False
1.0,0.15,55.0,8.25,245.2142439592346,0.2525252525252525,9.799999999999999,True,False,False
1.0,0.15,60.0,9.0,211.8294555341171,0.2314814814814815,11.599999999999996,True,False,False
1.0,0.15,65.0,9.75,187.41371474559833,0.2136752136752137,13.399999999999999,True,False,False
1.0,0.15,70.0,10.5,168.78064940699187,0.1984126984126984,15.2,True,True,False
1.0,0.15,75.0,11.25,154.0934096695021,0.18518518518518517,16.999999999999996,True,True,False
1.0,0.15,80.0,12.0,142.21862009451036,0.1736111111111111,18.8,True,True,False
1.0,0.15,85.0,12.75,132.41903646466278,0.16339869281045752,20.599999999999998,True,True,False
1.0,0.15,90.0,13.5,124.19438591818361,0.15432098765432098,22.399999999999995,True,True,False
1.0,0.15,95.0,14.25,117.19323710589138,0.14619883040935672,24.2,True,True,False
1.0,0.15,100.0,15.0,111.16147812914734,0.1388888888888889,25.999999999999996,True,True,False
1.0,0.15,105.0,15.75,105.91081024291692,0.1322751322751323,27.799999999999997,True,True,False
1.0,0.15,110.0,16.5,101.2987370996064,0.12626262626262624,29.599999999999998,True,True,False
1.0,0.15,115.0,17.25,97.21543667336334,0.12077294685990339,31.399999999999995,True,True,True
1.0,0.15,120.0,18.0,93.57490376321891,0.11574074074074076,33.199999999999996,True,True,True
1.0,0.15,125.0,18.75,90.30882566668933,0.1111111111111111,35.0,True,True,True
1.0,0.15,130.0,19.5,87.36225521003765,0.10683760683760685,36.8,True,True,True
1.0,0.15,135.0,20.25,84.69049443328097,0.10288065843621398,38.599999999999994,True,True,True
1.0,0.15,140.0,21.0,82.25681134950256,0.0992063492063492,40.4,True,True,True
1.0,0.15,145.0,21.75,80.03074104064368,0.09578544061302682,42.2,True,True,True
1.0,0.15,150.0,22.5,77.98680375705507,0.09259259259259259,43.99999999999999,True,True,True
1.0,0.15,155.0,23.25,76.10352529925069,0.08960573476702509,45.79999999999999,True,True,True
1.0,0.15,160.0,24.0,74.36267966598615,0.08680555555555555,47.6,True,True,True
1.0,0.15,165.0,24.75,72.74869727725098,0.08417508417508417,49.400000000000006,True,True,True
1.0,0.15,170.0,25.5,71.24819802522381,0.08169934640522876,51.199999999999996,True,True,True
1.0,0.15,175.0,26.25,69.84961947710788,0.07936507936507936,53.0,True,True,True
1.0,0.15,180.0,27.0,68.54291835186089,0.07716049382716049,54.79999999999999,True,True,True
1.0,0.15,185.0,27.75,67.31932895896176,0.07507507507507508,56.599999999999994,True,True,True
1.0,0.15,190.0,28.5,66.17116630946053,0.07309941520467836,58.4,True,True,True
1.0,0.15,195.0,29.25,65.09166454929824,0.07122507122507123,60.199999999999996,True,True,True
1.0,0.15,200.0,30.0,64.07484353650023,0.06944444444444445,61.99999999999999,True,True,True
1.0,0.15,205.0,30.75,63.11539800404817,0.06775067750677508,63.79999999999999,True,True,True
1.0,0.15,210.0,31.5,62.20860497032823,0.06613756613756615,65.6,True,True,True
1.0,0.15,215.0,32.25,61.3502459858871,0.06459948320413438,67.4,True,True,True
1.0,0.15,220.0,33.0,60.536541515087436,0.06313131313131312,69.19999999999999,True,True,True
1.0,0.15,225.0,33.75,59.76409529914519,0.0617283950617284,71.0,True,True,True
1.0,0.15,230.0,34.5,59.02984697300231,0.060386473429951695,72.8,True,True,True
1.0,0.15,235.0,35.25,58.33103154195479,0.059101654846335706,74.59999999999998,True,True,True
1.0,0.15,240.0,36.0,57.66514458671579,0.05787037037037038,76.39999999999999,True,True,True
1.0,0.15,245.0,36.75,57.02991227391747,0.056689342403628114,78.19999999999999,True,True,True
1.0,0.15,250.0,37.5,56.423265415195054,0.05555555555555555,80.0,True,True,True
1.0,0.15,255.0,38.25,55.84331695123305,0.054466230936819175,81.8,True,True,True
1.0,0.15,260.0,39.0,55.28834234457085,0.05341880341880342,83.6,True,True,True
1.0,0.15,265.0,39.75,54.75676245200682,0.052410901467505246,85.39999999999999,True,True,True
1.0,0.15,270.0,40.5,54.247128518310106,0.05144032921810699,87.19999999999999,True,True,True
1.0,0.15,275.0,41.25,53.75810899092023,0.050505050505050504,89.0,True,True,True
1.0,0.15,280.0,42.0,53.28847790294228,0.0496031746031746,90.8,True,True,True
1.0,0.15,285.0,42.75,52.83710461104124,0.04873294346978558,92.59999999999998,True,True,True
1.0,0.15,290.0,43.5,52.402944707390645,0.04789272030651341,94.4,True,True,True
1.0,0.15,295.0,44.25,51.98503195190163,0.047080979284369114,96.19999999999999,True,True,True
1.0,0.15,300.0,45.0,51.58247109355302,0.046296296296296294,97.99999999999999,True,True,True
1.0,0.16,10.0,1.6,nan,1.3020833333333333,-6.16,False,False,False
1.0,0.16,15.0,2.4,nan,0.8680555555555556,-4.24,False,False,False
1.0,0.16,20.0,3.2,nan,0.6510416666666666,-2.32,False,False,False
1.0,0.16,25.0,4.0,nan,0.5208333333333334,-0.40000000000000036,False,False,False
1.0,0.16,30.0,4.8,1417.196027093624,0.4340277777777778,1.5199999999999991,True,False,False
1.0,0.16,35.0,5.6,642.984940156177,0.3720238095238094,3.440000000000001,True,False,False
1.0,0.16,40.0,6.4,423.4325423679465,0.3255208333333333,5.36,True,False,False
1.0,0.16,45.0,7.2,319.68800275372763,0.2893518518518518,7.279999999999998,True,False,False
1.0,0.16,50.0,8.0,259.24553184805205,0.2604166666666667,9.2,True,False,False
1.0,0.16,55.0,8.8,219.67528111124292,0.23674242424242423,11.120000000000001,True,False,False
1.0,0.16,60.0,9.6,191.75761954846362,0.2170138888888889,13.039999999999997,True,False,False
1.0,0.16,65.0,10.4,171.00598876115694,0.20032051282051277,14.96,True,True,False
1.0,0.16,70.0,11.2,154.9751081055599,0.1860119047619047,16.88,True,True,False
1.0,0.16,75.0,12.0,142.21862009451036,0.1736111111111111,18.8,True,True,False
1.0,0.16,80.0,12.8,131.82626885770932,0.16276041666666666,20.72,True,True,False
1.0,0.16,85.0,13.6,123.19657790135517,0.1531862745098039,22.639999999999997,True,True,False
1.0,0.16,90.0,14.4,115.91615458638532,0.1446759259259259,24.559999999999995,True,True,False
1.0,0.16,95.0,15.2,109.69150262826915,0.1370614035087719,26.48,True,True,False
1.0,0.16,100.0,16.0,104.30849375181371,0.13020833333333334,28.4,True,True,False
1.0,0.16,105.0,16.8,99.60723797844503,0.12400793650793651,30.32,True,True,True
1.0,0.16,110.0,17.6,95.4659332649316,0.11837121212121211,32.24,True,True,True
1.0,0.16,115.0,18.4,91.79016163396778,0.11322463768115941,34.15999999999999,True,True,True
1.0,0.16,120.0,19.2,88.50560294820626,0.10850694444444445,36.08,True,True,True
1.0,0.16,125.0,20.0,85.55295756121645,0.10416666666666666,38.0,True,True,True
1.0,0.16,130.0,20.8,82.88433417537996,0.10016025641025639,39.92,True,True,True
1.0,0.16,135.0,21.6,80.46063224751701,0.0964506172839506,41.84,True,True,True
1.0,0.16,140.0,22.4,78.24961348699848,0.09300595238095236,43.76,True,True,True
1.0,0.16,145.0,23.2,76.22445970109453,0.08979885057471264,45.67999999999999,True,True,True
1.0,0.16,150.0,24.0,74.36267966598615,0.08680555555555555,47.6,True,True,True
1.0,0.16,155.0,24.8,72.64527029595888,0.08400537634408602,49.519999999999996,True,True,True
1.0,0.16,160.0,25.6,71.05606566895075,0.08138020833333333,51.44,True,True,True
1.0,0.16,165.0,26.4,69.58122659231202,0.07891414141414141,53.36,True,True,True
1.0,0.16,170.0,27.2,68.20883653981028,0.07659313725490195,55.279999999999994,True,True,True
1.0,0.16,175.0,28.0,66.9285789663576,0.0744047619047619,57.2,True,True,True
1.0,0.16,180.0,28.8,65.73147750051757,0.07233796296296295,59.11999999999999,True,True,True
1.0,0.16,185.0,29.6,64.60968517014321,0.07038288288288287,61.04,True,True,True
1.0,0.16,190.0,30.4,63.556312194099185,0.06853070175438596,62.96,True,True,True
1.0,0.16,195.0,31.2,62.56528435103928,0.06677350427350427,64.88,True,True,True
1.0,0.16,200.0,32.0,61.63122577320915,0.06510416666666667,66.8,True,True,True
1.0,0.16,205.0,32.8,60.74936138831948,0.06351626016260163,68.72,True,True,True
1.0,0.16,210.0,33.6,59.915435271238074,0.062003968253968256,70.64,True,True,True
1.0,0.16,215.0,34.4,59.12564195858876,0.06056201550387598,72.56,True,True,True
1.0,0.16,220.0,35.2,58.37656838708571,0.05918560606060606,74.48,True,True,True
1.0,0.16,225.0,36.0,57.66514458671578,0.05787037037037038,76.4,True,True,True
1.0,0.16,230.0,36.8,56.98860162640488,0.056612318840579705,78.31999999999998,True,True,True
1.0,0.16,235.0,37.6,56.34443559739498,0.05540780141843972,80.23999999999998,True,True,True
1.0,0.16,240.0,38.4,55.73037664666402,0.054253472222222224,82.16,True,True,True
1.0,0.16,245.0,39.2,55.14436225315007,0.053146258503401364,84.08,True,True,True
1.0,0.16,250.0,40.0,54.584514083718624,0.05208333333333333,86.0,True,True,True
1.0,0.16,255.0,40.8,54.04911788165088,0.051062091503267966,87.92,True,True,True
1.0,0.16,260.0,41.6,53.53660593399029,0.050080128205128194,89.84,True,True,True
1.0,0.16,265.0,42.4,53.04554174002431,0.04913522012578616,91.76,True,True,True
1.0,0.16,270.0,43.2,52.574606565110734,0.0482253086419753,93.68,True,True,True
1.0,0.16,275.0,44.0,52.1225876147962,0.04734848484848485,95.6,True,True,True
1.0,0.16,280.0,44.8,51.68836760592144,0.04650297619047618,97.52,True,True,True
1.0,0.16,285.0,45.6,51.270915545901076,0.04568713450292397,99.43999999999998,True,True,True
1.0,0.16,290.0,46.4,50.869278559977765,0.04489942528735632,101.35999999999999,True,True,True
1.0,0.16,295.0,47.2,50.482574630076385,0.04413841807909604,103.28,True,True,True
1.0,0.16,300.0,48.0,50.10998612879499,0.043402777777777776,105.2,True,True,True
1.0,0.17,10.0,1.7,nan,1.2254901960784317,-5.920000000000001,False,False,False
1.0,0.17,15.0,2.55,nan,0.8169934640522876,-3.8800000000000012,False,False,False
1.0,0.17,20.0,3.4,nan,0.6127450980392158,-1.8400000000000005,False,False,False
1.0,0.17,25.0,4.25,10572.24213012891,0.49019607843137253,0.20000000000000018,True,False,False
1.0,0.17,30.0,5.1,971.3333922055415,0.4084967320261438,2.2399999999999975,True,False,False
1.0,0.17,35.0,5.95,522.6927969754762,0.350140056022409,4.279999999999999,True,False,False
1.0,0.17,40.0,6.8,363.68094043823805,0.3063725490196079,6.319999999999999,True,False,False
1.0,0.17,45.0,7.65,282.272956469413,0.27233115468409586,8.359999999999996,True,False,False
1.0,0.17,50.0,8.5,232.80195082681908,0.24509803921568626,10.4,True,False,False
1.0,0.17,55.0,9.35,199.55616246893456,0.22281639928698754,12.439999999999998,True,False,False
1.0,0.17,60.0,10.2,175.67797193564732,0.2042483660130719,14.479999999999995,True,True,False
1.0,0.17,65.0,11.05,157.69705848322033,0.18853695324283562,16.519999999999996,True,True,False
1.0,0.17,70.0,11.9,143.66884583283547,0.1750700280112045,18.56,True,True,False
1.0,0.17,75.0,12.75,132.41903646466278,0.16339869281045755,20.599999999999998,True,True,False
1.0,0.17,80.0,13.6,123.19657790135517,0.15318627450980396,22.639999999999997,True,True,False
1.0,0.17,85.0,14.45,115.49873971642253,0.14417531718569782,24.679999999999996,True,True,False
1.0,0.17,90.0,15.3,108.97631993697364,0.13616557734204793,26.71999999999999,True,True,False
1.0,0.17,95.0,16.15,103.37919475766904,0.12899896800825594,28.76,True,True,False
1.0,0.17,100.0,17.0,98.52350693977887,0.12254901960784313,30.8,True,True,True
1.0,0.17,105.0,17.85,94.27108362545117,0.11671335200746966,32.839999999999996,True,True,True
1.0,0.17,110.0,18.7,90.516076799726,0.11140819964349377,34.879999999999995,True,True,True
1.0,0.17,115.0,19.55,87.17603280847969,0.10656436487638535,36.919999999999995,True,True,True
1.0,0.17,120.0,20.4,84.1857675514296,0.10212418300653595,38.959999999999994,True,True,True
1.0,0.17,125.0,21.25,81.49307015410544,0.09803921568627452,41.0,True,True,True
1.0,0.17,130.0,22.1,79.05562845801465,0.09426847662141781,43.03999999999999,True,True,True
1.0,0.17,135.0,22.95,76.83878929342454,0.09077705156136529,45.07999999999999,True,True,True
1.0,0.17,140.0,23.8,74.81390054885833,0.08753501400560225,47.12,True,True,True
1.0,0.17,145.0,24.65,72.95706603695753,0.08451656524678837,49.15999999999998,True,True,True
1.0,0.17,150.0,25.5,71.24819802522381,0.08169934640522877,51.199999999999996,True,True,True
1.0,0.17,155.0,26.35,69.67028759215037,0.07906388361796332,53.239999999999995,True,True,True
1.0,0.17,160.0,27.2,68.20883653981028,0.07659313725490198,55.279999999999994,True,True,True
1.0,0.17,165.0,28.05,66.85141061471285,0.07427213309566251,57.31999999999999,True,True,True
1.0,0.17,170.0,28.9,65.58728485427842,0.07208765859284891,59.35999999999999,True,True,True
1.0,0.17,175.0,29.75,64.40715963297384,0.0700280112044818,61.4,True,True,True
1.0,0.17,180.0,30.6,63.30293149399781,0.06808278867102396,63.43999999999998,True,True,True
1.0,0.17,185.0,31.45,62.26750681878204,0.06624271330153683,65.47999999999999,True,True,True
1.0,0.17,190.0,32.3,61.294649274414624,0.06449948400412797,67.52,True,True,True
1.0,0.17,195.0,33.15,60.37885410470245,0.0628456510809452,69.55999999999999,True,True,True
1.0,0.17,200.0,34.0,59.515243911141454,0.061274509803921566,71.6,True,True,True
1.0,0.17,205.0,34.85,58.69948175655019,0.05978000956480154,73.63999999999999,True,True,True
1.0,0.17,210.0,35.7,57.92769832276668,0.05835667600373483,75.68,True,True,True
1.0,0.17,215.0,36.55,57.19643054016481,0.056999544003647984,77.72,True,True,True
1.0,0.17,220.0,37.4,56.50256963510829,0.055704099821746886,79.75999999999999,True,True,True
1.0,0.17,225.0,38.25,55.84331695123305,0.054466230936819175,81.8,True,True,True
1.0,0.17,230.0,39.1,55.21614622048534,0.053282182438192674,83.83999999999999,True,True,True
1.0,0.17,235.0,39.95,54.618771211459226,0.05214851898206092,85.87999999999998,True,True,True
1.0,0.17,240.0,40.8,54.04911788165088,0.05106209150326797,87.91999999999999,True,True,True
1.0,0.17,245.0,41.65,53.505300318690225,0.05002000800320128,89.95999999999998,True,True,True
1.0,0.17,250.0,42.5,52.98559988243477,0.04901960784313726,92.0,True,True,True
1.0,0.17,255.0,43.35,52.48844706187395,0.04805843906189928,94.03999999999999,True,True,True
1.0,0.17,260.0,44.2,52.012405643351926,0.047134238310708905,96.07999999999998,True,True,True
1.0,0.17,265.0,45.05,51.55615885372891,0.04624491305956345,98.11999999999998,True,True,True
1.0,0.17,270.0,45.9,51.118497196910006,0.04538852578068264,100.15999999999998,True,True,True
1.0,0.17,275.0,46.75,50.698307747134386,0.04456327985739751,102.19999999999999,True,True,True
1.0,0.17,280.0,47.6,50.29456469946048,0.043767507002801125,104.24,True,True,True
1.0,0.17,285.0,48.45,49.9063210085283,0.042999656002751976,106.27999999999999,True,True,True
1.0,0.17,290.0,49.3,49.532700972129035,0.042258282623394185,108.31999999999996,True,True,True
1.0,0.17,295.0,50.15,49.172893637329125,0.04154204054503157,110.35999999999999,True,True,True
1.0,0.17,300.0,51.0,48.826146924646515,0.04084967320261439,112.39999999999999,True,True,True
1.0,0.18,10.0,1.8,nan,1.1574074074074077,-5.680000000000001,False,False,False
1.0,0.18,15.0,2.7,nan,0.7716049382716049,-3.520000000000001,False,False,False
1.0,0.18,20.0,3.6,nan,0.5787037037037038,-1.36,False,False,False
1.0,0.18,25.0,4.5,2665.611404780252,0.462962962962963,0.8000000000000007,True,False,False
1.0,0.18,30.0,5.4,742.3769040197687,0.38580246913580246,2.959999999999998,True,False,False
1.0,0.18,35.0,6.3,441.8715132759425,0.3306878306878307,5.12,True,False,False
1.0,0.18,40.0,7.2,319.6880027537275,0.2893518518518519,7.28,True,False,False
1.0,0.18,45.0,8.1,253.41898009761093,0.257201646090535,9.439999999999998,True,False,False
1.0,0.18,50.0,9.0,211.82945553411702,0.2314814814814815,11.600000000000001,True,False,False
1.0,0.18,55.0,9.9,183.29710728706897,0.2104377104377104,13.759999999999998,True,False,False
1.0,0.18,60.0,10.8,162.50720529801384,0.19290123456790123,15.919999999999996,True,True,False
1.0,0.18,65.0,11.7,146.68480201430813,0.1780626780626781,18.08,True,True,False
1.0,0.18,70.0,12.6,134.23951247495066,0.16534391534391535,20.24,True,True,False
1.0,0.18,75.0,13.5,124.19438591818361,0.15432098765432098,22.399999999999995,True,True,False
1.0,0.18,80.0,14.4,115.9161545863853,0.14467592592592596,24.56,True,True,False
1.0,0.18,85.0,15.3,108.97631993697361,0.13616557734204793,26.719999999999995,True,True,False
1.0,0.18,90.0,16.2,103.07457689716917,0.1286008230452675,28.879999999999995,True,True,False
1.0,0.18,95.0,17.1,97.99421046599731,0.12183235867446396,31.04,True,True,True
1.0,0.18,100.0,18.0,93.57490376321888,0.11574074074074076,33.2,True,True,True
1.0,0.18,105.0,18.9,89.69551235897,0.11022927689594357,35.35999999999999,True,True,True
1.0,0.18,110.0,19.8,86.2627886217348,0.1052188552188552,37.52,True,True,True
1.0,0.18,115.0,20.7,83.20378883976315,0.10064412238325282,39.67999999999999,True,True,True
1.0,0.18,120.0,21.6,80.46063224751701,0.09645061728395062,41.83999999999999,True,True,True
1.0,0.18,125.0,22.5,77.98680375705507,0.09259259259259259,43.99999999999999,True,True,True
1.0,0.18,130.0,23.4,75.74449474403667,0.08903133903133904,46.16,True,True,True
1.0,0.18,135.0,24.3,73.70265706661928,0.08573388203017832,48.32,True,True,True
1.0,0.18,140.0,25.2,71.83555668647692,0.08267195767195767,50.48,True,True,True
1.0,0.18,145.0,26.1,70.12168338920338,0.07982120051085569,52.63999999999999,True,True,True
1.0,0.18,150.0,27.0,68.54291835186089,0.07716049382716049,54.79999999999999,True,True,True
1.0,0.18,155.0,27.9,67.0838911122944,0.07467144563918758,56.95999999999999,True,True,True
1.0,0.18,160.0,28.8,65.73147750051757,0.07233796296296298,59.12,True,True,True
1.0,0.18,165.0,29.7,64.47440375171198,0.07014590347923681,61.28,True,True,True
1.0,0.18,170.0,30.6,63.30293149399781,0.06808278867102396,63.43999999999999,True,True,True
1.0,0.18,175.0,31.5,62.20860497032823,0.06613756613756615,65.6,True,True,True
1.0,0.18,180.0,32.4,61.18404660755377,0.06430041152263374,67.75999999999999,True,True,True
1.0,0.18,185.0,33.3,60.22279047771959,0.06256256256256257,69.91999999999999,True,True,True
1.0,0.18,190.0,34.2,59.3191457030586,0.06091617933723198,72.08,True,True,True
1.0,0.18,195.0,35.1,58.4680837062335,0.05935422602089269,74.24,True,True,True
1.0,0.18,200.0,36.0,57.66514458671578,0.05787037037037038,76.4,True,True,True
1.0,0.18,205.0,36.9,56.906358942202104,0.05645889792231256,78.55999999999999,True,True,True
1.0,0.18,210.0,37.8,56.18818224199342,0.055114638447971785,80.71999999999998,True,True,True
1.0,0.18,215.0,38.7,55.50743946245197,0.05383290267011198,82.88,True,True,True
1.0,0.18,220.0,39.6,54.861278159952136,0.0526094276094276,85.04,True,True,True
1.0,0.18,225.0,40.5,54.247128518310106,0.05144032921810699,87.19999999999999,True,True,True
1.0,0.18,230.0,41.4,53.66266919058811,0.05032206119162641,89.35999999999999,True,True,True
1.0,0.18,235.0,42.3,53.10579797798583,0.049251379038613076,91.51999999999998,True,True,True
1.0,0.18,240.0,43.2,52.57460656511074,0.04822530864197531,93.67999999999998,True,True,True
1.0,0.18,245.0,44.1,52.067358671680765,0.047241118669690094,95.84,True,True,True
1.0,0.18,250.0,45.0,51.58247109355302,0.046296296296296294,97.99999999999999,True,True,True
1.0,0.18,255.0,45.9,51.118497196910006,0.04538852578068264,100.15999999999998,True,True,True
1.0,0.18,260.0,46.8,50.67411250309635,0.04451566951566952,102.32,True,True,True
1.0,0.18,265.0,47.7,50.24810206155368,0.043675751222921035,104.47999999999999,True,True,True
1.0,0.18,270.0,48.6,49.83934935732783,0.04286694101508916,106.64,True,True,True
1.0,0.18,275.0,49.5,49.44682653988741,0.04208754208754208,108.79999999999998,True,True,True
1.0,0.18,280.0,50.4,49.069585793205306,0.04133597883597884,110.96,True,True,True
1.0,0.18,285.0,51.3,48.70675169455776,0.04061078622482132,113.11999999999998,True,True,True
1.0,0.18,290.0,52.2,48.35751443236193,0.03991060025542784,115.27999999999999,True,True,True
1.0,0.18,295.0,53.1,48.02112377245396,0.03923414940364093,117.44,True,True,True
1.0,0.18,300.0,54.0,47.69688367818817,0.038580246913580245,119.59999999999998,True,True,True
1.0,0.19,10.0,1.9,nan,1.0964912280701755,-5.44,False,False,False
1.0,0.19,15.0,2.85,nan,0.7309941520467835,-3.1600000000000006,False,False,False
1.0,0.19,20.0,3.8,nan,0.5482456140350878,-0.8800000000000008,False,False,False
1.0,0.19,25.0,4.75,1536.092729730444,0.43859649122807015,1.4000000000000012,True,False,False
1.0,0.19,30.0,5.7,603.0120851240812,0.36549707602339176,3.6799999999999984,True,False,False
1.0,0.19,35.0,6.65,383.8320679346664,0.3132832080200501,5.960000000000001,True,False,False
1.0,0.19,40.0,7.6,285.94584666560775,0.2741228070175439,8.239999999999998,True,False,False
1.0,0.19,45.0,8.55,230.48939431165428,0.24366471734892786,10.519999999999996,True,False,False
1.0,0.19,50.0,9.5,194.78930310879664,0.21929824561403508,12.800000000000002,True,False,False
1.0,0.19,55.0,10.45,169.884464948713,0.19936204146730463,15.08,True,True,False
1.0,0.19,60.0,11.4,151.52145063713064,0.18274853801169588,17.359999999999996,True,True,False
1.0,0.19,65.0,12.35,137.42194677670986,0.16869095816464239,19.64,True,True,False
1.0,0.19,70.0,13.3,126.25555138360296,0.15664160401002505,21.92,True,True,False
1.0,0.19,75.0,14.25,117.19323710589138,0.14619883040935672,24.2,True,True,False
1.0,0.19,80.0,15.2,109.69150262826916,0.13706140350877194,26.479999999999997,True,True,False
1.0,0.19,85.0,16.15,103.37919475766904,0.12899896800825594,28.76,True,True,False
1.0,0.19,90.0,17.1,97.99421046599734,0.12183235867446393,31.039999999999992,True,True,True
1.0,0.19,95.0,18.05,93.3461868096804,0.11542012927054479,33.32,True,True,True
1.0,0.19,100.0,19.0,89.2935279812513,0.10964912280701754,35.60000000000001,True,True,True
1.0,0.19,105.0,19.95,85.72872882171438,0.10442773600668338,37.88,True,True,True
1.0,0.19,110.0,20.9,82.56869769423645,0.09968102073365231,40.16,True,True,True
1.0,0.19,115.0,21.85,79.74819865774109,0.09534706331045002,42.44,True,True,True
1.0,0.19,120.0,22.8,77.21529970189012,0.09137426900584794,44.71999999999999,True,True,True
1.0,0.19,125.0,23.75,74.92814583622385,0.08771929824561403,47.0,True,True,True
1.0,0.19,130.0,24.7,72.8526279613741,0.08434547908232119,49.28,True,True,True
1.0,0.19,135.0,25.65,70.96067023992457,0.08122157244964263,51.56,True,True,True
1.0,0.19,140.0,26.6,69.22895262266911,0.07832080200501253,53.84,True,True,True
1.0,0.19,145.0,27.55,67.63794477616715,0.07562008469449484,56.11999999999999,True,True,True
1.0,0.19,150.0,28.5,66.17116630946053,0.07309941520467836,58.4,True,True,True
1.0,0.19,155.0,29.45,64.81461377894678,0.07074136955291455,60.67999999999999,True,True,True
1.0,0.19,160.0,30.4,63.5563121940992,0.06853070175438597,62.959999999999994,True,True,True
1.0,0.19,165.0,31.35,62.38596056674555,0.06645401382243488,65.24,True,True,True
1.0,0.19,170.0,32.3,61.294649274414624,0.06449948400412797,67.52,True,True,True
1.0,0.19,175.0,33.25,60.274632817227356,0.06265664160401002,69.8,True,True,True
1.0,0.19,180.0,34.2,59.3191457030586,0.060916179337231965,72.07999999999998,True,True,True
1.0,0.19,185.0,35.15,58.422252204282664,0.05926979611190138,74.36,True,True,True
1.0,0.19,190.0,36.1,57.578722932469404,0.057710064635272396,76.64,True,True,True
1.0,0.19,195.0,37.05,56.78393280763367,0.05623031938821413,78.92,True,True,True
1.0,0.19,200.0,38.0,56.03377621690202,0.05482456140350877,81.20000000000002,True,True,True
1.0,0.19,205.0,38.95,55.32459607626305,0.05348737697903294,83.47999999999999,True,True,True
1.0,0.19,210.0,39.9,54.65312420802746,0.05221386800334169,85.76,True,True,True
1.0,0.19,215.0,40.85,54.01643098267184,0.05099959200326396,88.04,True,True,True
1.0,0.19,220.0,41.8,53.411882588002925,0.04984051036682616,90.32,True,True,True
1.0,0.19,225.0,42.75,52.83710461104124,0.04873294346978558,92.6,True,True,True
1.0,0.19,230.0,43.7,52.289950870746345,0.04767353165522501,94.88,True,True,True
1.0,0.19,235.0,44.65,51.7684766390532,0.046659201194475544,97.16,True,True,True
1.0,0.19,240.0,45.6,51.270915545901076,0.04568713450292397,99.43999999999998,True,True,True
1.0,0.19,245.0,46.55,50.795659590231985,0.044754744002864305,101.71999999999998,True,True,True
1.0,0.19,250.0,47.5,50.34124178031147,0.043859649122807015,104.0,True,True,True
1.0,0.19,255.0,48.45,49.9063210085283,0.042999656002751976,106.28,True,True,True
1.0,0.19,260.0,49.4,49.48966883217007,0.042172739541160596,108.56,True,True,True
1.0,0.19,265.0,50.35,49.090157885730584,0.04137702747434624,110.84,True,True,True
1.0,0.19,270.0,51.3,48.70675169455774,0.04061078622482132,113.12,True,True,True
1.0,0.19,275.0,52.25,48.33849569603438,0.03987240829346093,115.40000000000002,True,True,True
1.0,0.19,280.0,53.2,47.98450930452381,0.039160401002506263,117.68,True,True,True
1.0,0.19,285.0,54.15,47.64397888121338,0.038473376423514935,119.95999999999998,True,True,True
1.0,0.19,290.0,55.1,47.316151490709686,0.03781004234724742,122.23999999999998,True,True,True
1.0,0.19,295.0,56.05,47.00032934354599,0.03716919417187036,124.52,True,True,True
1.0,0.19,300.0,57.0,46.69586483826767,0.03654970760233918,126.8,True,True,True
1.0,0.2,10.0,2.0,nan,1.0416666666666667,-5.2,False,False,False
1.0,0.2,15.0,3.0,nan,0.6944444444444445,-2.8000000000000016,False,False,False
1.0,0.2,20.0,4.0,nan,0.5208333333333334,-0.40000000000000147,False,False,False
1.0,0.2,25.0,5.0,1084.2852597105216,0.41666666666666663,1.9999999999999996,True,False,False
1.0,0.2,30.0,6.0,509.2575705942552,0.34722222222222227,4.399999999999997,True,False,False
1.0,0.2,35.0,7.0,340.131779677706,0.29761904761904767,6.799999999999999,True,False,False
1.0,0.2,40.0,8.0,259.24553184805217,0.2604166666666667,9.199999999999996,True,False,False
1.0,0.2,45.0,9.0,211.8294555341171,0.2314814814814815,11.599999999999996,True,False,False
1.0,0.2,50.0,10.0,180.67031967067405,0.20833333333333331,14.0,True,False,False
1.0,0.2,55.0,11.0,158.6309308892144,0.18939393939393942,16.399999999999995,True,True,False
1.0,0.2,60.0,12.0,142.21862009451036,0.17361111111111113,18.799999999999997,True,True,False
1.0,0.2,65.0,13.0,129.52230419672046,0.16025641025641027,21.199999999999996,True,True,False
1.0,0.2,70.0,14.0,119.40828983746404,0.14880952380952384,23.6,True,True,False
1.0,0.2,75.0,15.0,111.16147812914734,0.1388888888888889,25.999999999999996,True,True,False
1.0,0.2,80.0,16.0,104.30849375181374,0.13020833333333334,28.39999999999999,True,True,False
1.0,0.2,85.0,17.0,98.52350693977885,0.12254901960784313,30.799999999999994,True,True,True
1.0,0.2,90.0,18.0,93.57490376321891,0.11574074074074076,33.199999999999996,True,True,True
1.0,0.2,95.0,19.0,89.29352798125133,0.10964912280701754,35.599999999999994,True,True,True
1.0,0.2,100.0,20.0,85.55295756121645,0.10416666666666666,38.0,True,True,True
1.0,0.2,105.0,21.0,82.25681134950257,0.0992063492063492,40.39999999999999,True,True,True
1.0,0.2,110.0,22.0,79.33032639517718,0.09469696969696971,42.79999999999999,True,True,True
1.0,0.2,115.0,23.0,76.71461860414297,0.09057971014492755,45.19999999999999,True,True,True
1.0,0.2,120.0,24.0,74.36267966598615,0.08680555555555557,47.599999999999994,True,True,True
1.0,0.2,125.0,25.0,72.2365268658924,0.08333333333333334,49.99999999999999,True,True,True
1.0,0.2,130.0,26.0,70.30513615435683,0.08012820512820513,52.39999999999999,True,True,True
1.0,0.2,135.0,27.0,68.54291835186089,0.0771604938271605,54.79999999999999,True,True,True
1.0,0.2,140.0,28.0,66.9285789663576,0.07440476190476192,57.2,True,True,True
1.0,0.2,145.0,29.0,65.44425349109622,0.07183908045977011,59.599999999999994,True,True,True
1.0,0.2,150.0,30.0,64.07484353650023,0.06944444444444445,61.99999999999999,True,True,True
1.0,0.2,155.0,31.0,62.80750140460703,0.06720430107526883,64.39999999999999,True,True,True
1.0,0.2,160.0,32.0,61.63122577320915,0.06510416666666667,66.79999999999998,True,True,True
1.0,0.2,165.0,33.0,60.53654151508742,0.06313131313131312,69.2,True,True,True
1.0,0.2,170.0,34.0,59.515243911141475,0.061274509803921566,71.59999999999998,True,True,True
1.0,0.2,175.0,35.0,58.560192638262265,0.05952380952380952,73.99999999999999,True,True,True
1.0,0.2,180.0,36.0,57.66514458671579,0.05787037037037038,76.39999999999999,True,True,True
1.0,0.2,185.0,37.0,56.824617228664536,0.0563063063063063,78.79999999999998,True,True,True
1.0,0.2,190.0,38.0,56.033776216902034,0.05482456140350877,81.19999999999999,True,True,True
1.0,0.2,195.0,39.0,55.28834234457085,0.05341880341880342,83.6,True,True,True
1.0,0.2,200.0,40.0,54.584514083718624,0.05208333333333333,86.0,True,True,True
1.0,0.2,205.0,41.0,53.9189027420077,0.0508130081300813,88.39999999999999,True,True,True
1.0,0.2,210.0,42.0,53.28847790294228,0.0496031746031746,90.79999999999998,True,True,True
1.0,0.2,215.0,43.0,52.690521295931745,0.048449612403100785,93.2,True,True,True
1.0,0.2,220.0,44.0,52.1225876147962,0.047348484848484855,95.59999999999998,True,True,True
1.0,0.2,225.0,45.0,51.58247109355302,0.0462962962962963,97.99999999999999,True,True,True
1.0,0.2,230.0,46.0,51.06817687611429,0.045289855072463775,100.39999999999998,True,True,True
1.0,0.2,235.0,47.0,50.5778963964548,0.044326241134751775,102.8,True,True,True
1.0,0.2,240.0,48.0,50.109986128794986,0.04340277777777778,105.19999999999999,True,True,True
1.0,0.2,245.0,49.0,49.66294918162557,0.042517006802721094,107.59999999999998,True,True,True
1.0,0.2,250.0,50.0,49.23541930124173,0.04166666666666667,109.99999999999999,True,True,True
1.0,0.2,255.0,51.0,48.826146924646515,0.04084967320261439,112.39999999999999,True,True,True
1.0,0.2,260.0,52.0,48.433986981915915,0.04006410256410257,114.79999999999998,True,True,True
1.0,0.2,265.0,53.0,48.05788819724938,0.039308176100628936,117.19999999999997,True,True,True
1.0,0.2,270.0,54.0,47.69688367818817,0.03858024691358025,119.59999999999998,True,True,True
1.0,0.2,275.0,55.0,47.350082615614625,0.03787878787878789,122.0,True,True,True
1.0,0.2,280.0,56.0,47.016662944523006,0.03720238095238096,124.4,True,True,True
1.0,0.2,285.0,57.0,46.69586483826768,0.03654970760233918,126.79999999999998,True,True,True
1.0,0.2,290.0,58.0,46.38698492791038,0.035919540229885055,129.2,True,True,True
1.0,0.2,295.0,59.0,46.089371154101066,0.035310734463276844,131.6,True,True,True
1.0,0.2,300.0,60.0,45.80241817218939,0.034722222222222224,133.99999999999997,True,True,True
1.0,0.21,10.0,2.1,nan,0.9920634920634921,-4.96,False,False,False
1.0,0.21,15.0,3.15,nan,0.6613756613756614,-2.440000000000001,False,False,False
1.0,0.21,20.0,4.2,26385.50358082622,0.49603174603174605,0.08000000000000007,True,False,False
1.0,0.21,25.0,5.25,841.0043143151778,0.3968253968253968,2.6,True,False,False
1.0,0.21,30.0,6.3,441.87151327594256,0.3306878306878307,5.119999999999998,True,False,False
1.0,0.21,35.0,7.35,306.0409788908623,0.28344671201814065,7.64,True,False,False
1.0,0.21,40.0,8.4,237.5909458149164,0.24801587301587302,10.16,True,False,False
1.0,0.21,45.0,9.45,196.3481814063812,0.22045855379188714,12.679999999999998,True,False,False
1.0,0.21,50.0,10.5,168.78064940699187,0.1984126984126984,15.2,True,True,False
1.0,0.21,55.0,11.55,149.0539955835011,0.18037518037518038,17.719999999999995,True,True,False
1.0,0.21,60.0,12.6,134.23951247495066,0.16534391534391535,20.239999999999995,True,True,False
1.0,0.21,65.0,13.65,122.70556516899671,0.15262515262515264,22.759999999999998,True,True,False
1.0,0.21,70.0,14.7,113.47110735758416,0.14172335600907032,25.28,True,True,False
1.0,0.21,75.0,15.75,105.91081024291692,0.1322751322751323,27.799999999999997,True,True,False
1.0,0.21,80.0,16.8,99.60723797844503,0.12400793650793651,30.32,True,True,True
1.0,0.21,85.0,17.85,94.27108362545117,0.11671335200746966,32.839999999999996,True,True,True
1.0,0.21,90.0,18.9,89.69551235897,0.11022927689594357,35.35999999999999,True,True,True
1.0,0.21,95.0,19.95,85.72872882171438,0.10442773600668338,37.88,True,True,True
1.0,0.21,100.0,21.0,82.25681134950256,0.0992063492063492,40.4,True,True,True
1.0,0.21,105.0,22.05,79.19259341270426,0.09448223733938019,42.92,True,True,True
1.0,0.21,110.0,23.1,76.4682447188959,0.09018759018759019,45.43999999999999,True,True,True
1.0,0.21,115.0,24.15,74.03019121726422,0.0862663906142167,47.959999999999994,True,True,True
1.0,0.21,120.0,25.2,71.83555668647692,0.08267195767195767,50.47999999999999,True,True,True
1.0,0.21,125.0,26.25,69.84961947710788,0.07936507936507936,53.0,True,True,True
1.0,0.21,130.0,27.3,68.04396187031847,0.07631257631257632,55.519999999999996,True,True,True
1.0,0.21,135.0,28.35,66.39510154709585,0.07348618459729571,58.03999999999999,True,True,True
1.0,0.21,140.0,29.4,64.88346473822334,0.07086167800453516,60.56,True,True,True
1.0,0.21,145.0,30.45,63.492605505709726,0.06841817186644773,63.07999999999999,True,True,True
1.0,0.21,150.0,31.5,62.20860497032823,0.06613756613756615,65.6,True,True,True
1.0,0.21,155.0,32.55,61.019603887359004,0.06400409626216079,68.11999999999999,True,True,True
1.0,0.21,160.0,33.6,59.915435271238074,0.062003968253968256,70.64,True,True,True
1.0,0.21,165.0,34.65,58.887332945784856,0.06012506012506012,73.16,True,True,True
1.0,0.21,170.0,35.7,57.92769832276668,0.05835667600373483,75.68,True,True,True
1.0,0.21,175.0,36.75,57.02991227391746,0.056689342403628114,78.2,True,True,True
1.0,0.21,180.0,37.8,56.18818224199342,0.055114638447971785,80.71999999999998,True,True,True
1.0,0.21,185.0,38.85,55.39741712310272,0.053625053625053626,83.24,True,True,True
1.0,0.21,190.0,39.9,54.65312420802746,0.05221386800334169,85.76,True,True,True
1.0,0.21,195.0,40.95,53.95132377473717,0.05087505087505088,88.28,True,True,True
1.0,0.21,200.0,42.0,53.28847790294228,0.0496031746031746,90.8,True,True,True
1.0,0.21,205.0,43.05,52.661430822337365,0.0483933410762679,93.31999999999998,True,True,True
1.0,0.21,210.0,44.1,52.067358671680765,0.047241118669690094,95.84,True,True,True
1.0,0.21,215.0,45.15,51.50372698096022,0.04614248800295312,98.36,True,True,True
1.0,0.21,220.0,46.2,50.968254526175755,0.045093795093795096,100.87999999999998,True,True,True
1.0,0.21,225.0,47.25,50.458882469574206,0.04409171075837742,103.4,True,True,True
1.0,0.21,230.0,48.3,49.973747905091926,0.04313319530710835,105.91999999999999,True,True,True
1.0,0.21,235.0,49.35,49.511161092407775,0.042215467747382635,108.44,True,True,True
1.0,0.21,240.0,50.4,49.06958579320531,0.04133597883597884,110.95999999999998,True,True,True
1.0,0.21,245.0,51.45,48.64762222741827,0.04049238743116294,113.47999999999999,True,True,True
1.0,0.21,250.0,52.5,48.24399225104126,0.03968253968253968,116.0,True,True,True
1.0,0.21,255.0,53.55,47.857526424857824,0.03890445066915656,118.51999999999998,True,True,True
1.0,0.21,260.0,54.6,47.487152698508865,0.03815628815628816,121.03999999999999,True,True,True
1.0,0.21,265.0,55.65,47.13188647928842,0.037436358191075166,123.55999999999999,True,True,True
1.0,0.21,270.0,56.7,46.79082189192765,0.036743092298647854,126.07999999999998,True,True,True
1.0,0.21,275.0,57.75,46.46312406600001,0.03607503607503608,128.6,True,True,True
1.0,0.21,280.0,58.8,46.148022312698004,0.03543083900226758,131.12,True,True,True
1.0,0.21,285.0,59.85,45.8448040735882,0.03480924533556113,133.63999999999996,True,True,True
1.0,0.21,290.0,60.9,45.55280954133144,0.034209085933223866,136.15999999999997,True,True,True
1.0,0.21,295.0,61.95,45.27142686689539,0.033629270917406515,138.68,True,True,True
1.0,0.21,300.0,63.0,45.00008787998878,0.033068783068783074,141.2,True,True,True
1.0,0.22,10.0,2.2,nan,0.9469696969696969,-4.72,False,False,False
1.0,0.22,15.0,3.3,nan,0.6313131313131314,-2.0800000000000005,False,False,False
1.0,0.22,20.0,4.4,3795.1300798300604,0.47348484848484845,0.5600000000000005,True,False,False
1.0,0.22,25.0,5.5,688.9537234430879,0.3787878787878788,3.2000000000000006,True,False,False
1.0,0.22,30.0,6.6,391.1011961183099,0.3156565656565657,5.839999999999998,True,False,False
1.0,0.22,35.0,7.7,278.70401599575183,0.27056277056277056,8.48,True,False,False
1.0,0.22,40.0,8.8,219.67528111124292,0.23674242424242423,11.120000000000001,True,False,False
1.0,0.22,45.0,9.9,183.29710728706897,0.2104377104377104,13.759999999999998,True,False,False
1.0,0.22,50.0,11.0,158.63093088921437,0.1893939393939394,16.400000000000002,True,True,False
1.0,0.22,55.0,12.1,140.8049546689161,0.17217630853994492,19.04,True,True,False
1.0,0.22,60.0,13.2,127.32036011112591,0.15782828282828285,21.679999999999996,True,True,False
1.0,0.22,65.0,14.3,116.76334200338222,0.14568764568764567,24.32,True,True,False
1.0,0.22,70.0,15.4,108.27387046866849,0.13528138528138528,26.96,True,True,False
1.0,0.22,75.0,16.5,101.2987370996064,0.12626262626262624,29.6,True,True,False
1.0,0.22,80.0,17.6,95.4659332649316,0.11837121212121211,32.24,True,True,True
1.0,0.22,85.0,18.7,90.516076799726,0.11140819964349377,34.879999999999995,True,True,True
1.0,0.22,90.0,19.8,86.2627886217348,0.1052188552188552,37.52,True,True,True
1.0,0.22,95.0,20.9,82.56869769423645,0.09968102073365231,40.16,True,True,True
1.0,0.22,100.0,22.0,79.33032639517717,0.0946969696969697,42.8,True,True,True
1.0,0.22,105.0,23.1,76.4682447188959,0.09018759018759018,45.43999999999999,True,True,True
1.0,0.22,110.0,24.2,73.92046818510141,0.08608815426997246,48.08,True,True,True
1.0,0.22,115.0,25.3,71.63791759961993,0.08234519104084322,50.71999999999999,True,True,True
1.0,0.22,120.0,26.4,69.58122659231203,0.07891414141414142,53.35999999999999,True,True,True
1.0,0.22,125.0,27.5,67.71845216569315,0.07575757575757575,56.0,True,True,True
1.0,0.22,130.0,28.6,66.02340367653245,0.07284382284382283,58.64,True,True,True
1.0,0.22,135.0,29.7,64.47440375171198,0.07014590347923681,61.28,True,True,True
1.0,0.22,140.0,30.8,63.053356261232096,0.06764069264069264,63.92,True,True,True
1.0,0.22,145.0,31.9,61.7450360957182,0.06530825496342739,66.56,True,True,True
1.0,0.22,150.0,33.0,60.53654151508742,0.06313131313131312,69.2,True,True,True
1.0,0.22,155.0,34.1,59.416867248845996,0.06109481915933528,71.84,True,True,True
1.0,0.22,160.0,35.2,58.37656838708571,0.05918560606060606,74.48,True,True,True
1.0,0.22,165.0,36.3,57.40749330631729,0.0573921028466483,77.12,True,True,True
1.0,0.22,170.0,37.4,56.50256963510829,0.055704099821746886,79.75999999999999,True,True,True
1.0,0.22,175.0,38.5,55.655631364190334,0.05411255411255411,82.4,True,True,True
1.0,0.22,180.0,39.6,54.861278159952136,0.0526094276094276,85.04,True,True,True
1.0,0.22,185.0,40.7,54.11476009392539,0.05118755118755118,87.67999999999998,True,True,True
1.0,0.22,190.0,41.8,53.411882588002925,0.04984051036682616,90.32,True,True,True
1.0,0.22,195.0,42.9,52.74892755659929,0.04856254856254857,92.96,True,True,True
1.0,0.22,200.0,44.0,52.1225876147962,0.04734848484848485,95.6,True,True,True
1.0,0.22,205.0,45.1,51.52991089462096,0.046193643754619367,98.24,True,True,True
1.0,0.22,210.0,46.2,50.968254526175755,0.04509379509379509,100.87999999999998,True,True,True
1.0,0.22,215.0,47.3,50.43524523680117,0.044045102184637065,103.52,True,True,True
1.0,0.22,220.0,48.4,49.928745829189,0.04304407713498623,106.16,True,True,True
1.0,0.22,225.0,49.5,49.446826539887404,0.04208754208754208,108.80000000000001,True,True,True
1.0,0.22,230.0,50.6,48.98774046888727,0.04117259552042161,111.43999999999998,True,True,True
1.0,0.22,235.0,51.7,48.54990242080858,0.04029658284977433,114.08,True,True,True
1.0,0.22,240.0,52.8,48.131870617536755,0.03945707070707071,116.71999999999998,True,True,True
1.0,0.22,245.0,53.9,47.73233083773406,0.03865182436611008,119.36,True,True,True
1.0,0.22,250.0,55.0,47.350082615614625,0.03787878787878787,122.0,True,True,True
1.0,0.22,255.0,56.1,46.984027193662,0.037136066547831255,124.63999999999999,True,True,True
1.0,0.22,260.0,57.2,46.63315697463134,0.03642191142191142,127.28,True,True,True
1.0,0.22,265.0,58.3,46.29654625957609,0.035734705546026306,129.92,True,True,True
1.0,0.22,270.0,59.4,45.973343092615956,0.035072951739618406,132.56,True,True,True
1.0,0.22,275.0,60.5,45.662762061170255,0.03443526170798898,135.2,True,True,True
1.0,0.22,280.0,61.6,45.36407792355821,0.03382034632034632,137.84,True,True,True
1.0,0.22,285.0,62.7,45.076619955127505,0.03322700691121744,140.47999999999996,True,True,True
1.0,0.22,290.0,63.8,44.799766920132456,0.032654127481713695,143.12,True,True,True
1.0,0.22,295.0,64.9,44.53294259002747,0.03210066769388803,145.76,True,True,True
1.0,0.22,300.0,66.0,44.275611740131076,0.03156565656565656,148.4,True,True,True
1.0,0.23,10.0,2.3,nan,0.9057971014492755,-4.480000000000001,False,False,False
1.0,0.23,15.0,3.45,nan,0.6038647342995169,-1.7200000000000015,False,False,False
1.0,0.23,20.0,4.6,2057.4090412918977,0.45289855072463775,1.0399999999999987,True,False,False
1.0,0.23,25.0,5.75,584.9191086358691,0.3623188405797102,3.799999999999999,True,False,False
1.0,0.23,30.0,6.9,351.4755827269868,0.30193236714975846,6.559999999999997,True,False,False
1.0,0.23,35.0,8.05,256.29474598302176,0.25879917184265017,9.32,True,False,False
1.0,0.23,40.0,9.2,204.60713927437865,0.22644927536231887,12.079999999999998,True,False,False
1.0,0.23,45.0,10.35,172.14565042501516,0.20128824476650564,14.839999999999996,True,True,False
1.0,0.23,50.0,11.5,149.86526489658837,0.1811594202898551,17.599999999999998,True,True,False
1.0,0.23,55.0,12.65,133.6255339907999,0.16469038208168646,20.359999999999996,True,True,False
1.0,0.23,60.0,13.8,121.2631090798191,0.15096618357487923,23.119999999999994,True,True,False
1.0,0.23,65.0,14.95,111.53749195510616,0.13935340022296547,25.879999999999995,True,True,False
1.0,0.23,70.0,16.1,103.68636528180438,0.12939958592132508,28.64,True,True,False
1.0,0.23,75.0,17.25,97.21543667336334,0.12077294685990339,31.399999999999995,True,True,True
1.0,0.23,80.0,18.4,91.79016163396778,0.11322463768115944,34.15999999999999,True,True,True
1.0,0.23,85.0,19.55,87.17603280847969,0.10656436487638535,36.919999999999995,True,True,True
1.0,0.23,90.0,20.7,83.20378883976315,0.10064412238325282,39.67999999999999,True,True,True
1.0,0.23,95.0,21.85,79.74819865774109,0.09534706331045004,42.44,True,True,True
1.0,0.23,100.0,23.0,76.71461860414296,0.09057971014492755,45.199999999999996,True,True,True
1.0,0.23,105.0,24.15,74.03019121726422,0.0862663906142167,47.959999999999994,True,True,True
1.0,0.23,110.0,25.3,71.63791759961993,0.08234519104084323,50.71999999999999,True,True,True
1.0,0.23,115.0,26.45,69.49256526786561,0.07876496534341525,53.47999999999999,True,True,True
1.0,0.23,120.0,27.6,67.55778094591366,0.07548309178743962,56.23999999999999,True,True,True
1.0,0.23,125.0,28.75,65.80401373340534,0.07246376811594205,58.99999999999999,True,True,True
1.0,0.23,130.0,29.9,64.20699514481292,0.06967670011148273,61.75999999999999,True,True,True
1.0,0.23,135.0,31.05,62.74660926869772,0.06709608158883522,64.52,True,True,True
1.0,0.23,140.0,32.2,61.40604102094392,0.06469979296066254,67.28,True,True,True
1.0,0.23,145.0,33.35,60.17112578186518,0.06246876561719142,70.04,True,True,True
1.0,0.23,150.0,34.5,59.02984697300231,0.060386473429951695,72.8,True,True,True
1.0,0.23,155.0,35.65,57.97194374678798,0.0584385226741468,75.55999999999999,True,True,True
1.0,0.23,160.0,36.8,56.98860162640488,0.05661231884057972,78.31999999999998,True,True,True
1.0,0.23,165.0,37.95,56.07220633020177,0.054896794027228815,81.07999999999998,True,True,True
1.0,0.23,170.0,39.1,55.21614622048534,0.053282182438192674,83.83999999999999,True,True,True
1.0,0.23,175.0,40.25,54.414652528847824,0.05175983436853002,86.6,True,True,True
1.0,0.23,180.0,41.4,53.66266919058811,0.05032206119162641,89.35999999999999,True,True,True
1.0,0.23,185.0,42.55,52.955746078416006,0.04896200548374462,92.12,True,True,True
1.0,0.23,190.0,43.7,52.289950870746345,0.04767353165522502,94.88,True,True,True
1.0,0.23,195.0,44.85,51.661795867361164,0.04645113340765515,97.64,True,True,True
1.0,0.23,200.0,46.0,51.068176876114286,0.045289855072463775,100.39999999999999,True,True,True
1.0,0.23,205.0,47.15,50.50632190999035,0.04418522446094026,103.15999999999998,True,True,True
1.0,0.23,210.0,48.3,49.973747905091926,0.04313319530710835,105.91999999999999,True,True,True
1.0,0.23,215.0,49.45,49.46822403367746,0.042130097741826765,108.67999999999998,True,True,True
1.0,0.23,220.0,50.6,48.98774046888727,0.041172595520421615,111.43999999999998,True,True,True
1.0,0.23,225.0,51.75,48.53048167885751,0.04025764895330113,114.19999999999999,True,True,True
1.0,0.23,230.0,52.9,48.09480350203709,0.03938248267170762,116.95999999999998,True,True,True
1.0,0.23,235.0,54.05,47.67921339350977,0.0385445575084798,119.72,True,True,True
1.0,0.23,240.0,55.2,47.282353342127045,0.03774154589371981,122.47999999999998,True,True,True
1.0,0.23,245.0,56.35,46.90298504644244,0.03697131026323573,125.23999999999998,True,True,True
1.0,0.23,250.0,57.5,46.53997700850923,0.03623188405797102,127.99999999999999,True,True,True
1.0,0.23,255.0,58.65,46.19229326217431,0.035521454958795114,130.76,True,True,True
1.0,0.23,260.0,59.8,45.85898349936072,0.03483835005574137,133.51999999999998,True,True,True
1.0,0.23,265.0,60.95,45.53917439615038,0.034181022696199076,136.27999999999997,True,True,True
1.0,0.23,270.0,62.1,45.23206197195127,0.03354804079441761,139.03999999999996,True,True,True
1.0,0.23,275.0,63.25,44.93690484099319,0.03293807641633729,141.8,True,True,True
1.0,0.23,280.0,64.4,44.65301823689516,0.03234989648033127,144.56,True,True,True
1.0,0.23,285.0,65.55,44.379768708921375,0.03178235443681668,147.31999999999996,True,True,True
1.0,0.23,290.0,66.7,44.11656940345833,0.03123438280859571,150.08,True,True,True
1.0,0.23,295.0,67.85,43.86287585673749,0.030704986489805946,152.84,True,True,True
1.0,0.23,300.0,69.0,43.61818223532447,0.030193236714975848,155.6,True,True,True
1.0,0.24,10.0,2.4,nan,0.8680555555555556,-4.24,False,False,False
1.0,0.24,15.0,3.6,nan,0.5787037037037038,-1.3600000000000012,False,False,False
1.0,0.24,20.0,4.8,1417.196027093624,0.4340277777777778,1.5199999999999991,True,False,False
1.0,0.24,25.0,6.0,509.25757059425496,0.3472222222222222,4.3999999999999995,True,False,False
1.0,0.24,30.0,7.2,319.68800275372763,0.2893518518518519,7.279999999999998,True,False,False
1.0,0.24,35.0,8.4,237.5909458149164,0.24801587301587302,10.16,True,False,False
1.0,0.24,40.0,9.6,191.75761954846362,0.2170138888888889,13.039999999999997,True,False,False
1.0,0.24,45.0,10.8,162.50720529801384,0.19290123456790123,15.919999999999996,True,True,False
1.0,0.24,50.0,12.0,142.21862009451036,0.1736111111111111,18.8,True,True,False
1.0,0.24,55.0,13.2,127.32036011112591,0.15782828282828285,21.679999999999996,True,True,False
1.0,0.24,60.0,14.4,115.91615458638532,0.14467592592592596,24.559999999999995,True,True,False
1.0,0.24,65.0,15.6,106.90583476946206,0.13354700854700854,27.439999999999998,True,True,False
1.0,0.24,70.0,16.8,99.60723797844503,0.12400793650793651,30.32,True,True,True
1.0,0.24,75.0,18.0,93.57490376321888,0.11574074074074076,33.2,True,True,True
1.0,0.24,80.0,19.2,88.50560294820626,0.10850694444444445,36.08,True,True,True
1.0,0.24,85.0,20.4,84.18576755142959,0.10212418300653595,38.96,True,True,True
1.0,0.24,90.0,21.6,80.46063224751701,0.09645061728395062,41.83999999999999,True,True,True
1.0,0.24,95.0,22.8,77.21529970189012,0.09137426900584794,44.71999999999999,True,True,True
1.0,0.24,100.0,24.0,74.36267966598615,0.08680555555555555,47.6,True,True,True
1.0,0.24,105.0,25.2,71.83555668647692,0.08267195767195767,50.48,True,True,True
1.0,0.24,110.0,26.4,69.58122659231203,0.07891414141414142,53.35999999999999,True,True,True
1.0,0.24,115.0,27.6,67.55778094591365,0.07548309178743962,56.24,True,True,True
1.0,0.24,120.0,28.8,65.73147750051757,0.07233796296296298,59.11999999999999,True,True,True
1.0,0.24,125.0,30.0,64.07484353650023,0.06944444444444445,61.99999999999999,True,True,True
1.0,0.24,130.0,31.2,62.56528435103928,0.06677350427350427,64.88,True,True,True
1.0,0.24,135.0,32.4,61.18404660755375,0.06430041152263374,67.76,True,True,True
1.0,0.24,140.0,33.6,59.915435271238074,0.062003968253968256,70.64,True,True,True
1.0,0.24,145.0,34.8,58.74621459456844,0.05986590038314176,73.51999999999998,True,True,True
1.0,0.24,150.0,36.0,57.66514458671578,0.05787037037037038,76.4,True,True,True
1.0,0.24,155.0,37.2,56.66261851485244,0.05600358422939069,79.27999999999999,True,True,True
1.0,0.24,160.0,38.4,55.73037664666402,0.054253472222222224,82.16,True,True,True
1.0,0.24,165.0,39.6,54.861278159952136,0.0526094276094276,85.04,True,True,True
1.0,0.24,170.0,40.8,54.04911788165088,0.05106209150326797,87.92,True,True,True
1.0,0.24,175.0,42.0,53.28847790294228,0.0496031746031746,90.8,True,True,True
1.0,0.24,180.0,43.2,52.57460656511074,0.04822530864197531,93.67999999999998,True,True,True
1.0,0.24,185.0,44.4,51.90331910161546,0.046921921921921926,96.55999999999999,True,True,True
1.0,0.24,190.0,45.6,51.270915545901076,0.04568713450292397,99.43999999999998,True,True,True
1.0,0.24,195.0,46.8,50.67411250309635,0.04451566951566952,102.32,True,True,True
1.0,0.24,200.0,48.0,50.10998612879499,0.043402777777777776,105.2,True,True,True
1.0,0.24,205.0,49.2,49.57592422447859,0.04234417344173442,108.07999999999998,True,True,True
1.0,0.24,210.0,50.4,49.069585793205306,0.04133597883597884,110.96,True,True,True
1.0,0.24,215.0,51.6,48.588866734420904,0.04037467700258398,113.84,True,True,True
1.0,0.24,220.0,52.8,48.131870617536755,0.03945707070707071,116.71999999999998,True,True,True
1.0,0.24,225.0,54.0,47.69688367818817,0.038580246913580245,119.59999999999998,True,True,True
1.0,0.24,230.0,55.2,47.28235334212704,0.03774154589371981,122.48,True,True,True
1.0,0.24,235.0,56.4,46.88686970944587,0.03693853427895981,125.36,True,True,True
1.0,0.24,240.0,57.6,46.509149533753515,0.03616898148148149,128.23999999999998,True,True,True
1.0,0.24,245.0,58.8,46.14802231269802,0.03543083900226758,131.11999999999998,True,True,True
1.0,0.24,250.0,60.0,45.80241817218939,0.034722222222222224,133.99999999999997,True,True,True
1.0,0.24,255.0,61.2,45.47135728014168,0.03404139433551198,136.88,True,True,True
1.0,0.24,260.0,62.4,45.153940569105664,0.033386752136752136,139.76,True,True,True
1.0,0.24,265.0,63.6,44.84934158280022,0.03275681341719078,142.63999999999996,True,True,True
1.0,0.24,270.0,64.8,44.556799290840004,0.03215020576131687,145.52,True,True,True
1.0,0.24,275.0,66.0,44.275611740131076,0.03156565656565656,148.4,True,True,True
1.0,0.24,280.0,67.2,44.0051304314375,0.031001984126984128,151.28,True,True,True
1.0,0.24,285.0,68.4,43.744755326286196,0.03045808966861599,154.15999999999997,True,True,True
1.0,0.24,290.0,69.6,43.493930403290214,0.02993295019157088,157.03999999999996,True,True,True
1.0,0.24,295.0,70.8,43.25213969462926,0.029425612052730695,159.91999999999996,True,True,True
1.0,0.24,300.0,72.0,43.01890374322803,0.02893518518518519,162.8,True,True,True
1.0,0.25,10.0,2.5,nan,0.8333333333333333,-4.0,False,False,False
1.0,0.25,15.0,3.75,nan,0.5555555555555556,-1.0000000000000009,False,False,False
1.0,0.25,20.0,5.0,1084.2852597105216,0.41666666666666663,1.9999999999999996,True,False,False
1.0,0.25,25.0,6.25,451.7548016826282,0.3333333333333333,5.0,True,False,False
1.0,0.25,30.0,7.5,293.62218717565503,0.2777777777777778,7.999999999999998,True,False,False
1.0,0.25,35.0,8.75,221.74372603612164,0.23809523809523808,11.0,True,False,False
1.0,0.25,40.0,10.0,180.67031967067405,0.20833333333333331,14.0,True,False,False
1.0,0.25,45.0,11.25,154.0934096695021,0.18518518518518517,16.999999999999996,True,True,False
1.0,0.25,50.0,12.5,135.48957266868166,0.16666666666666666,20.0,True,True,False
1.0,0.25,55.0,13.75,121.73891053764052,0.1515151515151515,23.0,True,True,False
1.0,0.25,60.0,15.0,111.16147812914734,0.1388888888888889,25.999999999999996,True,True,False
1.0,0.25,65.0,16.25,102.77248001206652,0.1282051282051282,29.0,True,True,False
1.0,0.25,70.0,17.5,95.95641904193837,0.11904761904761904,32.0,True,True,True
1.0,0.25,75.0,18.75,90.30882566668933,0.1111111111111111,35.0,True,True,True
1.0,0.25,80.0,20.0,85.55295756121645,0.10416666666666666,38.0,True,True,True
1.0,0.25,85.0,21.25,81.49307015410544,0.0980392156862745,41.0,True,True,True
1.0,0.25,90.0,22.5,77.98680375705507,0.09259259259259259,43.99999999999999,True,True,True
1.0,0.25,95.0,23.75,74.92814583622385,0.08771929824561403,47.0,True,True,True
1.0,0.25,100.0,25.0,72.23652686589239,0.08333333333333333,50.0,True,True,True
1.0,0.25,105.0,26.25,69.84961947710788,0.07936507936507936,53.0,True,True,True
1.0,0.25,110.0,27.5,67.71845216569315,0.07575757575757575,56.0,True,True,True
1.0,0.25,115.0,28.75,65.80401373340534,0.07246376811594203,58.99999999999999,True,True,True
1.0,0.25,120.0,30.0,64.07484353650023,0.06944444444444445,61.99999999999999,True,True,True
1.0,0.25,125.0,31.25,62.50528905007865,0.06666666666666667,65.0,True,True,True
1.0,0.25,130.0,32.5,61.07422466540015,0.0641025641025641,68.0,True,True,True
1.0,0.25,135.0,33.75,59.76409529914519,0.0617283950617284,71.0,True,True,True
1.0,0.25,140.0,35.0,58.560192638262265,0.05952380952380952,74.0,True,True,True
1.0,0.25,145.0,36.25,57.450100574331245,0.057471264367816084,77.0,True,True,True
1.0,0.25,150.0,37.5,56.423265415195054,0.05555555555555555,80.0,True,True,True
1.0,0.25,155.0,38.75,55.47065930370727,0.05376344086021505,82.99999999999999,True,True,True
1.0,0.25,160.0,40.0,54.584514083718624,0.05208333333333333,86.0,True,True,True
1.0,0.25,165.0,41.25,53.75810899092023,0.050505050505050504,89.0,True,True,True
1.0,0.25,170.0,42.5,52.98559988243477,0.04901960784313725,92.0,True,True,True
1.0,0.25,175.0,43.75,52.261880822906285,0.047619047619047616,95.0,True,True,True
1.0,0.25,180.0,45.0,51.58247109355302,0.046296296296296294,97.99999999999999,True,True,True
1.0,0.25,185.0,46.25,50.94342233822073,0.045045045045045036,101.0,True,True,True
1.0,0.25,190.0,47.5,50.34124178031147,0.043859649122807015,104.0,True,True,True
1.0,0.25,195.0,48.75,49.77282835649057,0.04273504273504273,107.0,True,True,True
1.0,0.25,200.0,50.0,49.23541930124172,0.041666666666666664,110.0,True,True,True
1.0,0.25,205.0,51.25,48.72654524007689,0.04065040650406504,112.99999999999999,True,True,True
1.0,0.25,210.0,52.5,48.24399225104126,0.03968253968253968,116.0,True,True,True
1.0,0.25,215.0,53.75,47.78576966481417,0.03875968992248062,119.0,True,True,True
1.0,0.25,220.0,55.0,47.350082615614625,0.03787878787878787,122.0,True,True,True
1.0,0.25,225.0,56.25,46.93530854477667,0.037037037037037035,125.0,True,True,True
1.0,0.25,230.0,57.5,46.53997700850923,0.036231884057971016,127.99999999999999,True,True,True
1.0,0.25,235.0,58.75,46.16275226016244,0.035460992907801414,131.0,True,True,True
1.0,0.25,240.0,60.0,45.80241817218939,0.034722222222222224,133.99999999999997,True,True,True
1.0,0.25,245.0,61.25,45.45786513916406,0.03401360544217687,137.0,True,True,True
1.0,0.25,250.0,62.5,45.12807866469697,0.03333333333333333,140.0,True,True,True
1.0,0.25,255.0,63.75,44.81212938496276,0.032679738562091505,143.0,True,True,True
1.0,0.25,260.0,65.0,44.50916432220392,0.03205128205128205,146.0,True,True,True
1.0,0.25,265.0,66.25,44.21839919485819,0.031446540880503145,149.0,True,True,True
1.0,0.25,270.0,67.5,43.93911163832875,0.0308641975308642,152.0,True,True,True
1.0,0.25,275.0,68.75,43.67063521301979,0.030303030303030304,155.0,True,True,True
1.0,0.25,280.0,70.0,43.41235409500105,0.02976190476190476,158.0,True,True,True
1.0,0.25,285.0,71.25,43.16369836026252,0.029239766081871343,160.99999999999997,True,True,True
1.0,0.25,290.0,72.5,42.92413978655099,0.028735632183908042,164.0,True,True,True
1.0,0.25,295.0,73.75,42.69318810770337,0.02824858757062147,167.0,True,True,True
1.0,0.25,300.0,75.0,42.47038766457977,0.027777777777777776,170.0,True,True,True
1.0,0.26,10.0,2.6,nan,0.8012820512820511,-3.76,False,False,False
1.0,0.26,15.0,3.9,nan,0.5341880341880341,-0.6400000000000006,False,False,False
1.0,0.26,20.0,5.2,880.243176475717,0.40064102564102555,2.48,True,False,False
1.0,0.26,25.0,6.5,406.5740546806358,0.3205128205128205,5.6000000000000005,True,False,False
1.0,0.26,30.0,7.8,271.8608182068055,0.26709401709401703,8.719999999999999,True,False,False
1.0,0.26,35.0,9.1,208.14509825296668,0.22893772893772893,11.840000000000002,True,False,False
1.0,0.26,40.0,10.4,171.00598876115694,0.20032051282051277,14.96,True,True,False
1.0,0.26,45.0,11.7,146.68480201430813,0.17806267806267806,18.08,True,True,False
1.0,0.26,50.0,13.0,129.52230419672046,0.16025641025641024,21.2,True,True,False
1.0,0.26,55.0,14.3,116.76334200338222,0.14568764568764567,24.32,True,True,False
1.0,0.26,60.0,15.6,106.90583476946206,0.13354700854700852,27.439999999999998,True,True,False
1.0,0.26,65.0,16.9,99.0611169707402,0.1232741617357002,30.56,True,True,True
1.0,0.26,70.0,18.2,92.66981482118776,0.11446886446886446,33.68,True,True,True
1.0,0.26,75.0,19.5,87.36225521003765,0.10683760683760685,36.8,True,True,True
1.0,0.26,80.0,20.8,82.88433417537996,0.10016025641025639,39.92,True,True,True
1.0,0.26,85.0,22.1,79.05562845801465,0.0942684766214178,43.03999999999999,True,True,True
1.0,0.26,90.0,23.4,75.74449474403667,0.08903133903133903,46.16,True,True,True
1.0,0.26,95.0,24.7,72.8526279613741,0.08434547908232119,49.28000000000001,True,True,True
1.0,0.26,100.0,26.0,70.30513615435683,0.08012820512820512,52.4,True,True,True
1.0,0.26,105.0,27.3,68.04396187031847,0.07631257631257632,55.519999999999996,True,True,True
1.0,0.26,110.0,28.6,66.02340367653245,0.07284382284382283,58.64,True,True,True
1.0,0.26,115.0,29.9,64.20699514481292,0.0696767001114827,61.75999999999999,True,True,True
1.0,0.26,120.0,31.2,62.56528435103928,0.06677350427350426,64.88,True,True,True
1.0,0.26,125.0,32.5,61.07422466540015,0.0641025641025641,68.0,True,True,True
1.0,0.26,130.0,33.8,59.71398911415906,0.0616370808678501,71.12,True,True,True
1.0,0.26,135.0,35.1,58.4680837062335,0.05935422602089269,74.24,True,True,True
1.0,0.26,140.0,36.4,57.32267532190482,0.05723443223443223,77.36,True,True,True
1.0,0.26,145.0,37.7,56.26607593755393,0.05526083112290009,80.48,True,True,True
1.0,0.26,150.0,39.0,55.28834234457085,0.05341880341880342,83.6,True,True,True
1.0,0.26,155.0,40.3,54.38096227580611,0.05169561621174523,86.71999999999998,True,True,True
1.0,0.26,160.0,41.6,53.53660593399029,0.050080128205128194,89.84,True,True,True
1.0,0.26,165.0,42.9,52.748927556599284,0.04856254856254857,92.96000000000001,True,True,True
1.0,0.26,170.0,44.2,52.012405643351926,0.0471342383107089,96.07999999999998,True,True,True
1.0,0.26,175.0,45.5,51.32221333432495,0.04578754578754578,99.2,True,True,True
1.0,0.26,180.0,46.8,50.67411250309635,0.044515669515669515,102.32,True,True,True
1.0,0.26,185.0,48.1,50.06436665277504,0.04331254331254331,105.44,True,True,True
1.0,0.26,190.0,49.4,49.48966883217007,0.042172739541160596,108.56000000000002,True,True,True
1.0,0.26,195.0,50.7,48.94708163477941,0.041091387245233396,111.68,True,True,True
1.0,0.26,200.0,52.0,48.433986981915915,0.04006410256410256,114.8,True,True,True
1.0,0.26,205.0,53.3,47.948043877847105,0.039086929330831764,117.92,True,True,True
1.0,0.26,210.0,54.6,47.487152698508865,0.03815628815628816,121.03999999999999,True,True,True
1.0,0.26,215.0,55.9,47.049424864523964,0.037268932617769826,124.16,True,True,True
1.0,0.26,220.0,57.2,46.63315697463134,0.03642191142191142,127.28,True,True,True
1.0,0.26,225.0,58.5,46.236808652475915,0.03561253561253561,130.4,True,True,True
1.0,0.26,230.0,59.8,45.85898349936072,0.03483835005574135,133.51999999999998,True,True,True
1.0,0.26,235.0,61.1,45.49841265651658,0.03409710856519367,136.64,True,True,True
1.0,0.26,240.0,62.4,45.153940569105664,0.03338675213675213,139.76,True,True,True
1.0,0.26,245.0,63.7,44.824512615411464,0.03270538984824699,142.88,True,True,True
1.0,0.26,250.0,65.0,44.50916432220392,0.03205128205128205,146.0,True,True,True
1.0,0.26,255.0,66.3,44.207011933969646,0.0314228255404726,149.12,True,True,True
1.0,0.26,260.0,67.6,43.91724414178493,0.03081854043392505,152.24,True,True,True
1.0,0.26,265.0,68.9,43.639114808812565,0.03023705853894533,155.35999999999996,True,True,True
1.0,0.26,270.0,70.2,43.371936555078875,0.029677113010446347,158.48,True,True,True
1.0,0.26,275.0,71.5,43.11507508540027,0.029137529137529136,161.6,True,True,True
1.0,0.26,280.0,72.8,42.8679441619261,0.028617216117216116,164.72,True,True,True
1.0,0.26,285.0,74.1,42.63000113741808,0.028115159694107057,167.84,True,True,True
1.0,0.26,290.0,75.4,42.40074297763239,0.027630415561450045,170.96,True,True,True
1.0,0.26,295.0,76.7,42.179702711441955,0.027162103433289873,174.08,True,True,True
1.0,0.26,300.0,78.0,41.96644625597967,0.02670940170940171,177.2,True,True,True
1.0,0.27,10.0,2.7,nan,0.7716049382716048,-3.52,False,False,False
1.0,0.27,15.0,4.05,nan,0.51440329218107,-0.28000000000000025,False,False,False
1.0,0.27,20.0,5.4,742.3769040197683,0.3858024691358024,2.9600000000000004,True,False,False
1.0,0.27,25.0,6.75,370.13796838870644,0.30864197530864196,6.200000000000001,True,False,False
1.0,0.27,30.0,8.1,253.4189800976109,0.257201646090535,9.44,True,False,False
1.0,0.27,35.0,9.45,196.34818140638117,0.2204585537918871,12.680000000000001,True,False,False
1.0,0.27,40.0,10.8,162.50720529801382,0.1929012345679012,15.92,True,True,False
1.0,0.27,45.0,12.15,140.11140273777906,0.17146776406035663,19.16,True,True,False
1.0,0.27,50.0,13.5,124.1943859181836,0.15432098765432098,22.400000000000002,True,True,False
1.0,0.27,55.0,14.85,112.30007849761229,0.14029180695847362,25.64,True,True,False
1.0,0.27,60.0,16.2,103.07457689716915,0.1286008230452675,28.88,True,True,False
1.0,0.27,65.0,17.55,95.71025992844683,0.11870845204178539,32.12,True,True,True
1.0,0.27,70.0,18.9,89.69551235896996,0.11022927689594356,35.36000000000001,True,True,True
1.0,0.27,75.0,20.25,84.69049443328097,0.10288065843621398,38.6,True,True,True
1.0,0.27,80.0,21.6,80.46063224751701,0.0964506172839506,41.84,True,True,True
1.0,0.27,85.0,22.95,76.83878929342453,0.09077705156136527,45.08,True,True,True
1.0,0.27,90.0,24.3,73.70265706661928,0.08573388203017832,48.32,True,True,True
1.0,0.27,95.0,25.65,70.96067023992455,0.08122157244964262,51.56000000000001,True,True,True
1.0,0.27,100.0,27.0,68.54291835186088,0.07716049382716049,54.800000000000004,True,True,True
1.0,0.27,105.0,28.35,66.39510154709585,0.0734861845972957,58.04,True,True,True
1.0,0.27,110.0,29.7,64.47440375171198,0.07014590347923681,61.28,True,True,True
1.0,0.27,115.0,31.05,62.7466092686977,0.06709608158883522,64.52,True,True,True
1.0,0.27,120.0,32.4,61.18404660755375,0.06430041152263374,67.76,True,True,True
1.0,0.27,125.0,33.75,59.76409529914519,0.0617283950617284,71.00000000000001,True,True,True
1.0,0.27,130.0,35.1,58.4680837062335,0.05935422602089269,74.24,True,True,True
1.0,0.27,135.0,36.45,57.28046337715852,0.05715592135345221,77.48,True,True,True
1.0,0.27,140.0,37.8,56.1881822419934,0.05511463844797178,80.72000000000001,True,True,True
1.0,0.27,145.0,39.15,55.18020293812739,0.053214133673903784,83.95999999999998,True,True,True
1.0,0.27,150.0,40.5,54.247128518310106,0.05144032921810699,87.2,True,True,True
1.0,0.27,155.0,41.85,53.38090861242932,0.04978096375945838,90.43999999999998,True,True,True
1.0,0.27,160.0,43.2,52.574606565110734,0.0482253086419753,93.68,True,True,True
1.0,0.27,165.0,44.55,51.82221328034503,0.046763935652824544,96.92000000000002,True,True,True
1.0,0.27,170.0,45.9,51.118497196910006,0.045388525780682636,100.16,True,True,True
1.0,0.27,175.0,47.25,50.458882469574206,0.04409171075837742,103.4,True,True,True
1.0,0.27,180.0,48.6,49.83934935732783,0.04286694101508916,106.64,True,True,True
1.0,0.27,185.0,49.95,49.256352234955465,0.04170837504170838,109.88,True,True,True
1.0,0.27,190.0,51.3,48.706751694557745,0.04061078622482131,113.12000000000002,True,True,True
1.0,0.27,195.0,52.65,48.187757990717074,0.03956948401392845,116.35999999999999,True,True,True
1.0,0.27,200.0,54.0,47.69688367818818,0.038580246913580245,119.60000000000001,True,True,True
1.0,0.27,205.0,55.35,47.23190374489395,0.037639265281541705,122.83999999999999,True,True,True
1.0,0.27,210.0,56.7,46.79082189192765,0.03674309229864785,126.08,True,True,True
1.0,0.27,215.0,58.05,46.37184188250622,0.03588860178007465,129.32000000000002,True,True,True
1.0,0.27,220.0,59.4,45.973343092615956,0.035072951739618406,132.56,True,True,True
1.0,0.27,225.0,60.75,45.59385956162472,0.034293552812071325,135.80000000000004,True,True,True
1.0,0.27,230.0,62.1,45.23206197195126,0.03354804079441761,139.04,True,True,True
1.0,0.27,235.0,63.45,44.886742090888184,0.032834252692408715,142.28,True,True,True
1.0,0.27,240.0,64.8,44.556799290840004,0.03215020576131687,145.52,True,True,True
1.0,0.27,245.0,66.15,44.24122883110045,0.031494079113126724,148.76,True,True,True
1.0,0.27,250.0,67.5,43.93911163832874,0.0308641975308642,152.00000000000003,True,True,True
1.0,0.27,255.0,68.85,43.64960536677039,0.03025901718712176,155.24,True,True,True
1.0,0.27,260.0,70.2,43.371936555078875,0.029677113010446347,158.48,True,True,True
1.0,0.27,265.0,71.55,43.10539372594835,0.02911716748194735,161.72,True,True,True
1.0,0.27,270.0,72.9,42.84932129893208,0.028577960676726105,164.96,True,True,True
1.0,0.27,275.0,74.25,42.60311420679728,0.028058361391694726,168.2,True,True,True
1.0,0.27,280.0,75.6,42.36621312234465,0.02755731922398589,171.44000000000003,True,True,True
1.0,0.27,285.0,76.95,42.13810021643138,0.027073857483214208,174.68,True,True,True
1.0,0.27,290.0,78.3,41.91829537948348,0.026607066836951892,177.91999999999996,True,True,True
1.0,0.27,295.0,79.65,41.70635284847189,0.026156099602427287,181.16,True,True,True
1.0,0.27,300.0,81.0,41.50185818948283,0.025720164609053495,184.4,True,True,True
1.0,0.28,10.0,2.8,nan,0.7440476190476188,-3.2799999999999994,False,False,False
1.0,0.28,15.0,4.2,26385.50358082622,0.49603174603174605,0.08000000000000007,True,False,False
1.0,0.28,20.0,5.6,642.984940156177,0.3720238095238094,3.440000000000001,True,False,False
1.0,0.28,25.0,7.0,340.1317796777058,0.2976190476190476,6.800000000000002,True,False,False
1.0,0.28,30.0,8.4,237.5909458149164,0.24801587301587302,10.16,True,False,False
1.0,0.28,35.0,9.8,186.01715363540686,0.21258503401360546,13.520000000000003,True,False,False
1.0,0.28,40.0,11.2,154.9751081055599,0.1860119047619047,16.88,True,True,False
1.0,0.28,45.0,12.6,134.23951247495066,0.16534391534391532,20.24,True,True,False
1.0,0.28,50.0,14.0,119.40828983746404,0.1488095238095238,23.600000000000005,True,True,False
1.0,0.28,55.0,15.4,108.27387046866849,0.13528138528138528,26.96,True,True,False
1.0,0.28,60.0,16.8,99.60723797844503,0.12400793650793651,30.32,True,True,True
1.0,0.28,65.0,18.2,92.66981482118776,0.11446886446886444,33.68,True,True,True
1.0,0.28,70.0,19.6,86.9910170315538,0.10629251700680273,37.040000000000006,True,True,True
1.0,0.28,75.0,21.0,82.25681134950254,0.09920634920634919,40.400000000000006,True,True,True
1.0,0.28,80.0,22.4,78.24961348699848,0.09300595238095236,43.76,True,True,True
1.0,0.28,85.0,23.8,74.81390054885833,0.08753501400560225,47.12,True,True,True
1.0,0.28,90.0,25.2,71.83555668647692,0.08267195767195766,50.48,True,True,True
1.0,0.28,95.0,26.6,69.22895262266911,0.07832080200501253,53.84000000000002,True,True,True
1.0,0.28,100.0,28.0,66.9285789663576,0.0744047619047619,57.20000000000001,True,True,True
1.0,0.28,105.0,29.4,64.88346473822334,0.07086167800453513,60.56,True,True,True
1.0,0.28,110.0,30.8,63.053356261232096,0.06764069264069264,63.92,True,True,True
1.0,0.28,115.0,32.2,61.40604102094392,0.06469979296066251,67.28,True,True,True
1.0,0.28,120.0,33.6,59.915435271238074,0.062003968253968256,70.64,True,True,True
1.0,0.28,125.0,35.0,58.560192638262265,0.05952380952380952,74.0,True,True,True
1.0,0.28,130.0,36.4,57.32267532190482,0.05723443223443222,77.36,True,True,True
1.0,0.28,135.0,37.8,56.1881822419934,0.05511463844797178,80.72000000000001,True,True,True
1.0,0.28,140.0,39.2,55.144362253150064,0.053146258503401364,84.08000000000001,True,True,True
1.0,0.28,145.0,40.6,54.180762647712825,0.051313628899835796,87.44,True,True,True
1.0,0.28,150.0,42.0,53.288477902942276,0.049603174603174593,90.80000000000001,True,True,True
1.0,0.28,155.0,43.4,52.45987363273481,0.048003072196620575,94.16,True,True,True
1.0,0.28,160.0,44.8,51.68836760592144,0.04650297619047618,97.52,True,True,True
1.0,0.28,165.0,46.2,50.96825452617576,0.04509379509379509,100.88000000000001,True,True,True
1.0,0.28,170.0,47.6,50.29456469946048,0.043767507002801125,104.24,True,True,True
1.0,0.28,175.0,49.0,49.66294918162557,0.04251700680272108,107.60000000000001,True,True,True
1.0,0.28,180.0,50.4,49.069585793205306,0.04133597883597883,110.96,True,True,True
1.0,0.28,185.0,51.8,48.51110170823313,0.04021879021879021,114.32,True,True,True
1.0,0.28,190.0,53.2,47.984509304523804,0.039160401002506263,117.68000000000004,True,True,True
1.0,0.28,195.0,54.6,47.487152698508865,0.038156288156288146,121.04000000000002,True,True,True
1.0,0.28,200.0,56.0,47.01666294452301,0.03720238095238095,124.40000000000002,True,True,True
1.0,0.28,205.0,57.4,46.57092030345816,0.03629500580720092,127.76,True,True,True
1.0,0.28,210.0,58.8,46.148022312698004,0.03543083900226757,131.12,True,True,True
1.0,0.28,215.0,60.2,45.746256642713526,0.03460686600221484,134.48000000000002,True,True,True
1.0,0.28,220.0,61.6,45.36407792355821,0.03382034632034632,137.84,True,True,True
1.0,0.28,225.0,63.0,45.00008787998878,0.03306878306878306,141.2,True,True,True
1.0,0.28,230.0,64.4,44.65301823689516,0.03234989648033126,144.56,True,True,True
1.0,0.28,235.0,65.8,44.32171595454783,0.031661600810536976,147.92000000000002,True,True,True
1.0,0.28,240.0,67.2,44.0051304314375,0.031001984126984128,151.28,True,True,True
1.0,0.28,245.0,68.6,43.7023023754463,0.0303692905733722,154.64000000000004,True,True,True
1.0,0.28,250.0,70.0,43.41235409500105,0.02976190476190476,158.0,True,True,True
1.0,0.28,255.0,71.4,43.13448100323076,0.02917833800186741,161.36,True,True,True
1.0,0.28,260.0,72.8,42.8679441619261,0.02861721611721611,164.72,True,True,True
1.0,0.28,265.0,74.2,42.61206371979783,0.028077268643306372,168.08,True,True,True
1.0,0.28,270.0,75.6,42.36621312234465,0.02755731922398589,171.44000000000003,True,True,True
1.0,0.28,275.0,77.0,42.12981398950755,0.02705627705627705,174.8,True,True,True
1.0,0.28,280.0,78.4,41.902331572951645,0.026573129251700682,178.16000000000003,True,True,True
1.0,0.28,285.0,79.8,41.68327071787252,0.026106934001670842,181.52,True,True,True
1.0,0.28,290.0,81.2,41.472172265141545,0.025656814449917898,184.88,True,True,True
1.0,0.28,295.0,82.6,41.26860983877242,0.025221953188054883,188.24000000000004,True,True,True
1.0,0.28,300.0,84.0,41.07218697140747,0.024801587301587297,191.60000000000002,True,True,True
1.0,0.29,10.0,2.9,nan,0.718390804597701,-3.0399999999999996,False,False,False
1.0,0.29,15.0,4.35,4821.965238966248,0.478927203065134,0.4400000000000004,True,False,False
1.0,0.29,20.0,5.8,567.933865402037,0.3591954022988505,3.9200000000000013,True,False,False
1.0,0.29,25.0,7.25,314.99145940632695,0.28735632183908044,7.400000000000002,True,False,False
1.0,0.29,30.0,8.7,223.85779842257853,0.239463601532567,10.88,True,False,False
1.0,0.29,35.0,10.15,176.89476978192812,0.20525451559934316,14.360000000000003,True,True,False
1.0,0.29,40.0,11.6,148.25364020736112,0.17959770114942525,17.840000000000003,True,True,False
1.0,0.29,45.0,13.05,128.9625229141725,0.15964240102171137,21.32,True,True,False
1.0,0.29,50.0,14.5,115.08536434520126,0.14367816091954022,24.800000000000004,True,True,False
1.0,0.29,55.0,15.95,104.62351778613242,0.13061650992685472,28.280000000000005,True,True,False
1.0,0.29,60.0,17.4,96.45431770222481,0.1197318007662835,31.76,True,True,True
1.0,0.29,65.0,18.85,89.89855781650097,0.11052166224580018,35.24,True,True,True
1.0,0.29,70.0,20.3,84.52120931519443,0.10262725779967158,38.720000000000006,True,True,True
1.0,0.29,75.0,21.75,80.03074104064366,0.0957854406130268,42.20000000000001,True,True,True
1.0,0.29,80.0,23.2,76.22445970109449,0.08979885057471262,45.68000000000001,True,True,True
1.0,0.29,85.0,24.65,72.95706603695753,0.08451656524678837,49.16,True,True,True
1.0,0.29,90.0,26.1,70.12168338920338,0.07982120051085569,52.64,True,True,True
1.0,0.29,95.0,27.55,67.63794477616713,0.07562008469449484,56.120000000000005,True,True,True
1.0,0.29,100.0,29.0,65.44425349109622,0.07183908045977011,59.60000000000001,True,True,True
1.0,0.29,105.0,30.45,63.49260550570971,0.06841817186644773,63.080000000000005,True,True,True
1.0,0.29,110.0,31.9,61.74503609571819,0.06530825496342736,66.56,True,True,True
1.0,0.29,115.0,33.35,60.17112578186518,0.06246876561719139,70.04,True,True,True
1.0,0.29,120.0,34.8,58.746214594568436,0.05986590038314175,73.52,True,True,True
1.0,0.29,125.0,36.25,57.45010057433124,0.057471264367816084,77.00000000000001,True,True,True
1.0,0.29,130.0,37.7,56.26607593755393,0.05526083112290009,80.48,True,True,True
1.0,0.29,135.0,39.15,55.18020293812737,0.053214133673903784,83.96000000000001,True,True,True
1.0,0.29,140.0,40.6,54.18076264771281,0.05131362889983579,87.44000000000001,True,True,True
1.0,0.29,145.0,42.05,53.25783032497628,0.04954419342053111,90.92,True,True,True
1.0,0.29,150.0,43.5,52.402944707390645,0.0478927203065134,94.40000000000002,True,True,True
1.0,0.29,155.0,44.95,51.60884785051606,0.04634779384501297,97.88,True,True,True
1.0,0.29,160.0,46.4,50.86927855997776,0.04489942528735631,101.36000000000001,True,True,True
1.0,0.29,165.0,47.85,50.17880696366063,0.04353883664228491,104.84000000000002,True,True,True
1.0,0.29,170.0,49.3,49.532700972129014,0.042258282623394185,108.32,True,True,True
1.0,0.29,175.0,50.75,48.92681767917574,0.041050903119868636,111.80000000000001,True,True,True
1.0,0.29,180.0,52.2,48.357514432361924,0.03991060025542784,115.28,True,True,True
1.0,0.29,185.0,53.65,47.82157553884741,0.03883193538365951,118.76000000000002,True,True,True
1.0,0.29,190.0,55.1,47.31615149070968,0.03781004234724742,122.24000000000001,True,True,True
1.0,0.29,195.0,56.55,46.838708283926074,0.03684055408193339,125.72000000000001,True,True,True
1.0,0.29,200.0,58.0,46.386984927910376,0.035919540229885055,129.20000000000002,True,True,True
1.0,0.29,205.0,59.45,45.95895764182133,0.03504345388281469,132.68,True,True,True
1.0,0.29,210.0,60.9,45.55280954133145,0.034209085933223866,136.16,True,True,True
1.0,0.29,215.0,62.35,45.166904858053016,0.033413525795241907,139.64000000000004,True,True,True
1.0,0.29,220.0,63.8,44.799766920132456,0.03265412748171368,143.12,True,True,True
1.0,0.29,225.0,65.25,44.45005926903268,0.03192848020434227,146.60000000000002,True,True,True
1.0,0.29,230.0,66.7,44.11656940345833,0.031234382808595695,150.08,True,True,True
1.0,0.29,235.0,68.15,43.79819473366671,0.0305698214722426,153.56000000000003,True,True,True
1.0,0.29,240.0,69.6,43.493930403290214,0.029932950191570874,157.04,True,True,True
1.0,0.29,245.0,71.05,43.20285869526246,0.02932207365704902,160.52,True,True,True
1.0,0.29,250.0,72.5,42.924139786550995,0.028735632183908042,164.00000000000003,True,True,True
1.0,0.29,255.0,73.95,42.657003655512284,0.02817218841559612,167.48,True,True,True
1.0,0.29,260.0,75.4,42.40074297763239,0.027630415561450045,170.96,True,True,True
1.0,0.29,265.0,76.85,42.15470687162845,0.027109086965950983,174.44,True,True,True
1.0,0.29,270.0,78.3,41.91829537948347,0.026607066836951892,177.92000000000002,True,True,True
1.0,0.29,275.0,79.75,41.69095458185521,0.026123301985370946,181.4,True,True,True
1.0,0.29,280.0,81.2,41.47217226514154,0.025656814449917895,184.88000000000002,True,True,True
1.0,0.29,285.0,82.65,41.26147406885858,0.02520669489816495,188.36,True,True,True
1.0,0.29,290.0,84.1,41.05842005234069,0.024772096710265555,191.84,True,True,True
1.0,0.29,295.0,85.55,40.862601628465455,0.024352230664328848,195.32,True,True,True
1.0,0.29,300.0,87.0,40.67363881943011,0.0239463601532567,198.80000000000004,True,True,True
1.0,0.3,10.0,3.0,nan,0.6944444444444443,-2.799999999999999,False,False,False
1.0,0.3,15.0,4.5,2665.611404780252,0.46296296296296285,0.8000000000000007,True,False,False
1.0,0.3,20.0,6.0,509.2575705942547,0.34722222222222215,4.400000000000002,True,False,False
1.0,0.3,25.0,7.5,293.62218717565486,0.2777777777777778,8.000000000000004,True,False,False
1.0,0.3,30.0,9.0,211.82945553411702,0.23148148148148143,11.600000000000001,True,False,False
1.0,0.3,35.0,10.5,168.7806494069918,0.19841269841269837,15.200000000000003,True,True,False
1.0,0.3,40.0,12.0,142.21862009451033,0.17361111111111108,18.800000000000004,True,True,False
1.0,0.3,45.0,13.5,124.1943859181836,0.15432098765432095,22.400000000000002,True,True,False
1.0,0.3,50.0,15.0,111.16147812914733,0.1388888888888889,26.000000000000004,True,True,False
1.0,0.3,55.0,16.5,101.29873709960638,0.12626262626262624,29.600000000000005,True,True,False
1.0,0.3,60.0,18.0,93.57490376321888,0.11574074074074071,33.2,True,True,True
1.0,0.3,65.0,19.5,87.36225521003763,0.10683760683760682,36.800000000000004,True,True,True
1.0,0.3,70.0,21.0,82.25681134950254,0.09920634920634919,40.400000000000006,True,True,True
1.0,0.3,75.0,22.5,77.98680375705506,0.09259259259259257,44.0,True,True,True
1.0,0.3,80.0,24.0,74.36267966598615,0.08680555555555554,47.60000000000001,True,True,True
1.0,0.3,85.0,25.5,71.2481980252238,0.08169934640522875,51.2,True,True,True
1.0,0.3,90.0,27.0,68.54291835186088,0.07716049382716048,54.800000000000004,True,True,True
1.0,0.3,95.0,28.5,66.17116630946052,0.07309941520467836,58.40000000000001,True,True,True
1.0,0.3,100.0,30.0,64.07484353650021,0.06944444444444445,62.00000000000001,True,True,True
1.0,0.3,105.0,31.5,62.208604970328224,0.06613756613756612,65.60000000000001,True,True,True
1.0,0.3,110.0,33.0,60.536541515087414,0.06313131313131312,69.20000000000002,True,True,True
1.0,0.3,115.0,34.5,59.0298469730023,0.06038647342995168,72.80000000000001,True,True,True
1.0,0.3,120.0,36.0,57.66514458671578,0.05787037037037036,76.4,True,True,True
1.0,0.3,125.0,37.5,56.423265415195054,0.055555555555555546,80.00000000000001,True,True,True
1.0,0.3,130.0,39.0,55.288342344570836,0.05341880341880341,83.60000000000001,True,True,True
1.0,0.3,135.0,40.5,54.247128518310106,0.051440329218106984,87.2,True,True,True
1.0,0.3,140.0,42.0,53.288477902942276,0.049603174603174593,90.80000000000001,True,True,True
1.0,0.3,145.0,43.5,52.402944707390645,0.0478927203065134,94.40000000000002,True,True,True
1.0,0.3,150.0,45.0,51.58247109355302,0.04629629629629629,98.0,True,True,True
1.0,0.3,155.0,46.5,50.820141279121195,0.04480286738351254,101.6,True,True,True
1.0,0.3,160.0,48.0,50.109986128794986,0.04340277777777777,105.20000000000002,True,True,True
1.0,0.3,165.0,49.5,49.4468265398874,0.042087542087542076,108.80000000000003,True,True,True
1.0,0.3,170.0,51.0,48.826146924646515,0.04084967320261437,112.4,True,True,True
1.0,0.3,175.0,52.5,48.24399225104126,0.03968253968253968,116.00000000000001,True,True,True
1.0,0.3,180.0,54.0,47.69688367818818,0.03858024691358024,119.60000000000001,True,True,True
1.0,0.3,185.0,55.5,47.18174898296935,0.03753753753753753,123.20000000000002,True,True,True
1.0,0.3,190.0,57.0,46.695864838267674,0.03654970760233918,126.80000000000003,True,True,True
1.0,0.3,195.0,58.5,46.236808652475915,0.03561253561253561,130.4,True,True,True
1.0,0.3,200.0,60.0,45.8024181721894,0.034722222222222224,134.00000000000003,True,True,True
1.0,0.3,205.0,61.5,45.390757426336464,0.033875338753387524,137.60000000000002,True,True,True
1.0,0.3,210.0,63.0,45.00008787998878,0.03306878306878306,141.2,True,True,True
1.0,0.3,215.0,64.5,44.62884389119428,0.032299741602067174,144.80000000000004,True,True,True
1.0,0.3,220.0,66.0,44.27561174013107,0.03156565656565656,148.40000000000003,True,True,True
1.0,0.3,225.0,67.5,43.93911163832874,0.030864197530864192,152.00000000000003,True,True,True
1.0,0.3,230.0,69.0,43.61818223532446,0.03019323671497584,155.60000000000002,True,True,True
1.0,0.3,235.0,70.5,43.311767227430934,0.029550827423167846,159.20000000000002,True,True,True
1.0,0.3,240.0,72.0,43.01890374322803,0.02893518518518518,162.8,True,True,True
1.0,0.3,245.0,73.5,42.73871223670699,0.028344671201814053,166.4,True,True,True
1.0,0.3,250.0,75.0,42.47038766457976,0.027777777777777773,170.00000000000003,True,True,True
1.0,0.3,255.0,76.5,42.213191761342614,0.02723311546840958,173.60000000000002,True,True,True
1.0,0.3,260.0,78.0,41.96644625597966,0.026709401709401705,177.20000000000002,True,True,True
1.0,0.3,265.0,79.5,41.72952689906037,0.026205450733752612,180.80000000000004,True,True,True
1.0,0.3,270.0,81.0,41.50185818948283,0.025720164609053492,184.4,True,True,True
1.0,0.3,275.0,82.5,41.282908707080594,0.02525252525252525,188.00000000000003,True,True,True
1.0,0.3,280.0,84.0,41.07218697140747,0.024801587301587297,191.60000000000002,True,True,True
1.0,0.3,285.0,85.5,40.86923775877146,0.024366471734892783,195.2,True,True,True
1.0,0.3,290.0,87.0,40.67363881943011,0.0239463601532567,198.80000000000004,True,True,True
1.0,0.3,295.0,88.5,40.48499794512463,0.02354048964218455,202.40000000000003,True,True,True
1.0,0.3,300.0,90.0,40.30295034409584,0.023148148148148143,206.0,True,True,True
1.0,0.31,10.0,3.1,nan,0.6720430107526881,-2.56,False,False,False
1.0,0.31,15.0,4.65,1847.6840883648767,0.4480286738351254,1.1599999999999988,True,False,False
1.0,0.31,20.0,6.2,462.12415345357726,0.33602150537634407,4.88,True,False,False
1.0,0.31,25.0,7.75,275.23467386089067,0.2688172043010753,8.599999999999998,True,False,False
1.0,0.31,30.0,9.3,201.2070228533979,0.2240143369175627,12.319999999999999,True,False,False
1.0,0.31,35.0,10.85,161.51638702643788,0.19201228878648233,16.04,True,True,False
1.0,0.31,40.0,12.4,136.76999869707825,0.16801075268817203,19.76,True,True,False
1.0,0.31,45.0,13.95,119.86488503426185,0.14934289127837516,23.48,True,True,False
1.0,0.31,50.0,15.5,107.58381716745112,0.13440860215053765,27.199999999999996,True,True,False
1.0,0.31,55.0,17.05,98.25783160753146,0.12218963831867057,30.919999999999995,True,True,True
1.0,0.31,60.0,18.6,90.9348868260703,0.11200716845878135,34.63999999999999,True,True,True
1.0,0.31,65.0,20.15,85.03224207521578,0.1033912324234905,38.36,True,True,True
1.0,0.31,70.0,21.7,80.1732208259382,0.09600614439324116,42.08,True,True,True
1.0,0.31,75.0,23.25,76.10352529925069,0.08960573476702509,45.8,True,True,True
1.0,0.31,80.0,24.8,72.64527029595888,0.08400537634408602,49.52,True,True,True
1.0,0.31,85.0,26.35,69.67028759215037,0.07906388361796331,53.24,True,True,True
1.0,0.31,90.0,27.9,67.08389111229438,0.07467144563918758,56.96,True,True,True
1.0,0.31,95.0,29.45,64.81461377894675,0.07074136955291455,60.68000000000001,True,True,True
1.0,0.31,100.0,31.0,62.80750140460703,0.06720430107526883,64.39999999999999,True,True,True
1.0,0.31,105.0,32.55,61.01960388735899,0.06400409626216079,68.12,True,True,True
1.0,0.31,110.0,34.1,59.416867248845996,0.06109481915933528,71.84,True,True,True
1.0,0.31,115.0,35.65,57.97194374678798,0.0584385226741468,75.55999999999999,True,True,True
1.0,0.31,120.0,37.2,56.66261851485244,0.056003584229390675,79.27999999999999,True,True,True
1.0,0.31,125.0,38.75,55.470659303707265,0.05376344086021505,83.0,True,True,True
1.0,0.31,130.0,40.3,54.38096227580611,0.05169561621174525,86.72,True,True,True
1.0,0.31,135.0,41.85,53.38090861242932,0.04978096375945838,90.43999999999998,True,True,True
1.0,0.31,140.0,43.4,52.45987363273481,0.04800307219662058,94.16,True,True,True
1.0,0.31,145.0,44.95,51.608847850516064,0.04634779384501297,97.87999999999998,True,True,True
1.0,0.31,150.0,46.5,50.820141279121195,0.044802867383512544,101.6,True,True,True
1.0,0.31,155.0,48.05,50.087150401717786,0.043357613596947626,105.31999999999998,True,True,True
1.0,0.31,160.0,49.6,49.40417284170138,0.04200268817204301,109.04,True,True,True
1.0,0.31,165.0,51.15,48.76625871771303,0.04072987943955686,112.76,True,True,True
1.0,0.31,170.0,52.7,48.169090482138756,0.039531941808981653,116.48,True,True,True
1.0,0.31,175.0,54.25,47.608885072460275,0.03840245775729647,120.2,True,True,True
1.0,0.31,180.0,55.8,47.08231368673279,0.03733572281959379,123.92,True,True,True
1.0,0.31,185.0,57.35,46.58643558766946,0.03632664922987504,127.64,True,True,True
1.0,0.31,190.0,58.9,46.11864315438742,0.03537068477645727,131.36,True,True,True
1.0,0.31,195.0,60.45,45.676616013551474,0.03446374414116349,135.08,True,True,True
1.0,0.31,200.0,62.0,45.258282546547086,0.03360215053763441,138.8,True,True,True
1.0,0.31,205.0,63.55,44.86178742499957,0.032782585890375034,142.52,True,True,True
1.0,0.31,210.0,65.1,44.48546410121129,0.032002048131080395,146.24,True,True,True
1.0,0.31,215.0,66.65,44.12781139311378,0.0312578144536134,149.96,True,True,True
1.0,0.31,220.0,68.2,43.787473469947585,0.03054740957966764,153.68,True,True,True
1.0,0.31,225.0,69.75,43.46322267605939,0.029868578255675026,157.39999999999998,True,True,True
1.0,0.31,230.0,71.3,43.15394473412332,0.0292192613370734,161.11999999999998,True,True,True
1.0,0.31,235.0,72.85,42.85862595190581,0.028597574925646307,164.83999999999997,True,True,True
1.0,0.31,240.0,74.4,42.576342123056214,0.028001792114695338,168.55999999999997,True,True,True
1.0,0.31,245.0,75.95,42.30624886587275,0.027430326969497473,172.27999999999997,True,True,True
1.0,0.31,250.0,77.5,42.0475731872884,0.026881720430107524,176.0,True,True,True
1.0,0.31,255.0,79.05,41.79960609455242,0.026354627872654437,179.71999999999997,True,True,True
1.0,0.31,260.0,80.6,41.561696105882916,0.025847808105872627,183.44,True,True,True
1.0,0.31,265.0,82.15,41.333243535014766,0.025360113613308987,187.15999999999997,True,True,True
1.0,0.31,270.0,83.7,41.113695444067304,0.02489048187972919,190.87999999999997,True,True,True
1.0,0.31,275.0,85.25,40.902541175302,0.024437927663734114,194.6,True,True,True
1.0,0.31,280.0,86.8,40.69930838576024,0.02400153609831029,198.32,True,True,True
1.0,0.31,285.0,88.35,40.5035595199672,0.023580456517638182,202.03999999999996,True,True,True
1.0,0.31,290.0,89.9,40.31488866526232,0.023173896922506484,205.75999999999996,True,True,True
1.0,0.31,295.0,91.45,40.132918742192935,0.0227811190085657,209.48,True,True,True
1.0,0.31,300.0,93.0,39.95729898904681,0.022401433691756272,213.2,True,True,True
1.0,0.32,10.0,3.2,nan,0.6510416666666666,-2.32,False,False,False
1.0,0.32,15.0,4.8,1417.196027093624,0.4340277777777778,1.5199999999999991,True,False,False
1.0,0.32,20.0,6.4,423.4325423679465,0.3255208333333333,5.36,True,False,False
1.0,0.32,25.0,8.0,259.24553184805205,0.2604166666666667,9.2,True,False,False
1.0,0.32,30.0,9.6,191.75761954846362,0.2170138888888889,13.039999999999997,True,False,False
1.0,0.32,35.0,11.2,154.9751081055599,0.1860119047619047,16.88,True,True,False
1.0,0.32,40.0,12.8,131.82626885770932,0.16276041666666666,20.72,True,True,False
1.0,0.32,45.0,14.4,115.91615458638532,0.1446759259259259,24.559999999999995,True,True,False
1.0,0.32,50.0,16.0,104.30849375181371,0.13020833333333334,28.4,True,True,False
1.0,0.32,55.0,17.6,95.4659332649316,0.11837121212121211,32.24,True,True,True
1.0,0.32,60.0,19.2,88.50560294820626,0.10850694444444445,36.08,True,True,True
1.0,0.32,65.0,20.8,82.88433417537996,0.10016025641025639,39.92,True,True,True
1.0,0.32,70.0,22.4,78.24961348699848,0.09300595238095236,43.76,True,True,True
1.0,0.32,75.0,24.0,74.36267966598615,0.08680555555555555,47.6,True,True,True
1.0,0.32,80.0,25.6,71.05606566895075,0.08138020833333333,51.44,True,True,True
1.0,0.32,85.0,27.2,68.20883653981028,0.07659313725490195,55.279999999999994,True,True,True
1.0,0.32,90.0,28.8,65.73147750051757,0.07233796296296295,59.11999999999999,True,True,True
1.0,0.32,95.0,30.4,63.556312194099185,0.06853070175438596,62.96,True,True,True
1.0,0.32,100.0,32.0,61.63122577320915,0.06510416666666667,66.8,True,True,True
1.0,0.32,105.0,33.6,59.915435271238074,0.062003968253968256,70.64,True,True,True
1.0,0.32,110.0,35.2,58.37656838708571,0.05918560606060606,74.48,True,True,True
1.0,0.32,115.0,36.8,56.98860162640488,0.056612318840579705,78.31999999999998,True,True,True
1.0,0.32,120.0,38.4,55.73037664666402,0.054253472222222224,82.16,True,True,True
1.0,0.32,125.0,40.0,54.584514083718624,0.05208333333333333,86.0,True,True,True
1.0,0.32,130.0,41.6,53.53660593399029,0.050080128205128194,89.84,True,True,True
1.0,0.32,135.0,43.2,52.574606565110734,0.0482253086419753,93.68,True,True,True
1.0,0.32,140.0,44.8,51.68836760592144,0.04650297619047618,97.52,True,True,True
1.0,0.32,145.0,46.4,50.869278559977765,0.04489942528735632,101.35999999999999,True,True,True
1.0,0.32,150.0,48.0,50.10998612879499,0.043402777777777776,105.2,True,True,True
1.0,0.32,155.0,49.6,49.40417284170138,0.04200268817204301,109.03999999999999,True,True,True
1.0,0.32,160.0,51.2,48.7463808696758,0.040690104166666664,112.88,True,True,True
1.0,0.32,165.0,52.8,48.13187061753676,0.039457070707070704,116.72,True,True,True
1.0,0.32,170.0,54.4,47.55650634031832,0.038296568627450976,120.55999999999999,True,True,True
1.0,0.32,175.0,56.0,47.016662944523006,0.03720238095238095,124.4,True,True,True
1.0,0.32,180.0,57.6,46.509149533753515,0.036168981481481476,128.23999999999998,True,True,True
1.0,0.32,185.0,59.2,46.03114629102388,0.035191441441441436,132.08,True,True,True
1.0,0.32,190.0,60.8,45.580152060243684,0.03426535087719298,135.92,True,True,True
1.0,0.32,195.0,62.4,45.153940569105664,0.033386752136752136,139.76,True,True,True
1.0,0.32,200.0,64.0,44.75052367582237,0.032552083333333336,143.6,True,True,True
1.0,0.32,205.0,65.6,44.36812035918326,0.031758130081300816,147.44,True,True,True
1.0,0.32,210.0,67.2,44.0051304314375,0.031001984126984128,151.28,True,True,True
1.0,0.32,215.0,68.8,43.66011215560696,0.03028100775193799,155.12,True,True,True
1.0,0.32,220.0,70.4,43.33176310699319,0.02959280303030303,158.96,True,True,True
1.0,0.32,225.0,72.0,43.01890374322803,0.02893518518518519,162.8,True,True,True
1.0,0.32,230.0,73.6,42.72046324596383,0.028306159420289852,166.63999999999996,True,True,True
1.0,0.32,235.0,75.2,42.43546727602826,0.02770390070921986,170.47999999999996,True,True,True
1.0,0.32,240.0,76.8,42.163027346989345,0.027126736111111112,174.32,True,True,True
1.0,0.32,245.0,78.4,41.90233157295166,0.026573129251700682,178.16,True,True,True
1.0,0.32,250.0,80.0,41.65263658762063,0.026041666666666664,182.0,True,True,True
1.0,0.32,255.0,81.6,41.413260465221924,0.025531045751633983,185.84,True,True,True
1.0,0.32,260.0,83.2,41.18357650130075,0.025040064102564097,189.68,True,True,True
1.0,0.32,265.0,84.8,40.96300773396349,0.02456761006289308,193.52,True,True,True
1.0,0.32,270.0,86.4,40.751022104714735,0.02411265432098765,197.36,True,True,True
1.0,0.32,275.0,88.0,40.54712817344128,0.023674242424242424,201.2,True,True,True
1.0,0.32,280.0,89.6,40.350871314895976,0.02325148809523809,205.04,True,True,True
1.0,0.32,285.0,91.2,40.16183033471925,0.022843567251461985,208.87999999999997,True,True,True
1.0,0.32,290.0,92.8,39.979614451984034,0.02244971264367816,212.71999999999997,True,True,True
1.0,0.32,295.0,94.4,39.80386060277027,0.02206920903954802,216.56,True,True,True
1.0,0.32,300.0,96.0,39.634231025616224,0.021701388888888888,220.4,True,True,True
1.0,0.33,10.0,3.3,nan,0.6313131313131313,-2.0799999999999996,False,False,False
1.0,0.33,15.0,4.95,1151.575733968808,0.4208754208754208,1.8799999999999994,True,False,False
1.0,0.33,20.0,6.6,391.10119611830964,0.31565656565656564,5.840000000000001,True,False,False
1.0,0.33,25.0,8.25,245.21424395923455,0.2525252525252525,9.8,True,False,False
1.0,0.33,30.0,9.9,183.29710728706897,0.2104377104377104,13.759999999999998,True,False,False
1.0,0.33,35.0,11.55,149.05399558350103,0.18037518037518036,17.720000000000002,True,True,False
1.0,0.33,40.0,13.2,127.32036011112591,0.15782828282828282,21.68,True,True,False
1.0,0.33,45.0,14.85,112.30007849761229,0.14029180695847362,25.639999999999997,True,True,False
1.0,0.33,50.0,16.5,101.2987370996064,0.12626262626262624,29.6,True,True,False
1.0,0.33,55.0,18.15,92.8936598217497,0.11478420569329659,33.56,True,True,True
1.0,0.33,60.0,19.8,86.2627886217348,0.1052188552188552,37.52,True,True,True
1.0,0.33,65.0,21.45,80.89798540397925,0.09712509712509713,41.48,True,True,True
1.0,0.33,70.0,23.1,76.46824471889587,0.09018759018759018,45.440000000000005,True,True,True
1.0,0.33,75.0,24.75,72.74869727725098,0.08417508417508417,49.400000000000006,True,True,True
1.0,0.33,80.0,26.4,69.58122659231202,0.07891414141414141,53.36,True,True,True
1.0,0.33,85.0,28.05,66.85141061471285,0.07427213309566251,57.32,True,True,True
1.0,0.33,90.0,29.7,64.47440375171198,0.07014590347923681,61.279999999999994,True,True,True
1.0,0.33,95.0,31.35,62.385960566745545,0.06645401382243488,65.24000000000001,True,True,True
1.0,0.33,100.0,33.0,60.53654151508742,0.06313131313131312,69.2,True,True,True
1.0,0.33,105.0,34.65,58.887332945784856,0.06012506012506012,73.16,True,True,True
1.0,0.33,110.0,36.3,57.40749330631729,0.057392102846648294,77.12,True,True,True
1.0,0.33,115.0,37.95,56.07220633020177,0.05489679402722881,81.08,True,True,True
1.0,0.33,120.0,39.6,54.861278159952136,0.0526094276094276,85.04,True,True,True
1.0,0.33,125.0,41.25,53.75810899092023,0.050505050505050504,89.0,True,True,True
1.0,0.33,130.0,42.9,52.74892755659929,0.04856254856254857,92.96,True,True,True
1.0,0.33,135.0,44.55,51.822213280345025,0.046763935652824544,96.92,True,True,True
1.0,0.33,140.0,46.2,50.96825452617576,0.04509379509379509,100.88000000000001,True,True,True
1.0,0.33,145.0,47.85,50.178806963660634,0.04353883664228491,104.84,True,True,True
1.0,0.33,150.0,49.5,49.446826539887404,0.04208754208754208,108.80000000000001,True,True,True
1.0,0.33,155.0,51.15,48.76625871771303,0.04072987943955685,112.76,True,True,True
1.0,0.33,160.0,52.8,48.13187061753676,0.039457070707070704,116.72,True,True,True
1.0,0.33,165.0,54.45,47.53911620772672,0.03826140189776553,120.68000000000002,True,True,True
1.0,0.33,170.0,56.1,46.984027193662,0.037136066547831255,124.64,True,True,True
1.0,0.33,175.0,57.75,46.463124066000006,0.03607503607503608,128.60000000000002,True,True,True
1.0,0.33,180.0,59.4,45.973343092615956,0.035072951739618406,132.55999999999997,True,True,True
1.0,0.33,185.0,61.05,45.511976016896725,0.03412503412503412,136.52,True,True,True
1.0,0.33,190.0,62.7,45.0766199551275,0.03322700691121744,140.48000000000002,True,True,True
1.0,0.33,195.0,64.35,44.665135535626426,0.03237503237503237,144.44,True,True,True
1.0,0.33,200.0,66.0,44.275611740131076,0.03156565656565656,148.4,True,True,True
1.0,0.33,205.0,67.65,43.90633622804556,0.030795762503079575,152.36,True,True,True
1.0,0.33,210.0,69.3,43.555770171280656,0.03006253006253006,156.32,True,True,True
1.0,0.33,215.0,70.95,43.222526819591714,0.029363401456424708,160.28000000000003,True,True,True
1.0,0.33,220.0,72.6,42.90535316679086,0.028696051423324147,164.24,True,True,True
1.0,0.33,225.0,74.25,42.60311420679728,0.028058361391694726,168.2,True,True,True
1.0,0.33,230.0,75.9,42.31477936252829,0.027448397013614404,172.16,True,True,True
1.0,0.33,235.0,77.55,42.03941074564183,0.02686438856651623,176.12000000000003,True,True,True
1.0,0.33,240.0,79.2,41.77615296530438,0.0263047138047138,180.08,True,True,True
1.0,0.33,245.0,80.85,41.524224252671054,0.025767882910740048,184.04,True,True,True
1.0,0.33,250.0,82.5,41.28290870708059,0.025252525252525252,188.0,True,True,True
1.0,0.33,255.0,84.15,41.05154950198334,0.024757377698554166,191.95999999999998,True,True,True
1.0,0.33,260.0,85.8,40.82954291481366,0.024281274281274284,195.92,True,True,True
1.0,0.33,265.0,87.45,40.616333066539234,0.0238231370306842,199.88,True,True,True
1.0,0.33,270.0,89.1,40.41140727437909,0.023381967826412272,203.84,True,True,True
1.0,0.33,275.0,90.75,40.2142919358951,0.02295684113865932,207.8,True,True,True
1.0,0.33,280.0,92.4,40.02454887489881,0.022546897546897544,211.76000000000002,True,True,True
1.0,0.33,285.0,94.05,39.84177208983006,0.022151337940811623,215.72,True,True,True
1.0,0.33,290.0,95.7,39.66558485382243,0.021769418321142455,219.68,True,True,True
1.0,0.33,295.0,97.35,39.4956371228639,0.021400445129258684,223.64,True,True,True
1.0,0.33,300.0,99.0,39.33160321452923,0.02104377104377104,227.60000000000002,True,True,True
1.0,0.34,10.0,3.4,nan,0.6127450980392156,-1.8399999999999992,False,False,False
1.0,0.34,15.0,5.1,971.3333922055403,0.4084967320261437,2.24,True,False,False
1.0,0.34,20.0,6.8,363.680940438238,0.3063725490196078,6.320000000000001,True,False,False
1.0,0.34,25.0,8.5,232.80195082681908,0.24509803921568626,10.4,True,False,False
1.0,0.34,30.0,10.2,175.67797193564726,0.20424836601307186,14.48,True,True,False
1.0,0.34,35.0,11.9,143.66884583283544,0.1750700280112045,18.560000000000002,True,True,False
1.0,0.34,40.0,13.6,123.19657790135513,0.1531862745098039,22.640000000000004,True,True,False
1.0,0.34,45.0,15.3,108.97631993697361,0.13616557734204793,26.719999999999995,True,True,False
1.0,0.34,50.0,17.0,98.52350693977887,0.12254901960784313,30.8,True,True,True
1.0,0.34,55.0,18.7,90.51607679972598,0.11140819964349374,34.88000000000001,True,True,True
1.0,0.34,60.0,20.4,84.18576755142959,0.10212418300653593,38.96,True,True,True
1.0,0.34,65.0,22.1,79.05562845801464,0.0942684766214178,43.04,True,True,True
1.0,0.34,70.0,23.8,74.81390054885834,0.08753501400560225,47.120000000000005,True,True,True
1.0,0.34,75.0,25.5,71.2481980252238,0.08169934640522875,51.2,True,True,True
1.0,0.34,80.0,27.2,68.20883653981029,0.07659313725490195,55.28000000000001,True,True,True
1.0,0.34,85.0,28.9,65.58728485427841,0.07208765859284891,59.36,True,True,True
1.0,0.34,90.0,30.6,63.30293149399781,0.06808278867102396,63.43999999999999,True,True,True
1.0,0.34,95.0,32.3,61.294649274414624,0.06449948400412796,67.52,True,True,True
1.0,0.34,100.0,34.0,59.515243911141454,0.061274509803921566,71.6,True,True,True
1.0,0.34,105.0,35.7,57.92769832276668,0.05835667600373482,75.68,True,True,True
1.0,0.34,110.0,37.4,56.50256963510829,0.05570409982174687,79.76000000000002,True,True,True
1.0,0.34,115.0,39.1,55.21614622048533,0.05328218243819267,83.84,True,True,True
1.0,0.34,120.0,40.8,54.04911788165088,0.051062091503267966,87.92,True,True,True
1.0,0.34,125.0,42.5,52.98559988243476,0.04901960784313725,92.00000000000001,True,True,True
1.0,0.34,130.0,44.2,52.01240564335191,0.0471342383107089,96.08,True,True,True
1.0,0.34,135.0,45.9,51.118497196910006,0.045388525780682636,100.16,True,True,True
1.0,0.34,140.0,47.6,50.29456469946048,0.043767507002801125,104.24000000000001,True,True,True
1.0,0.34,145.0,49.3,49.532700972129014,0.042258282623394185,108.32,True,True,True
1.0,0.34,150.0,51.0,48.826146924646515,0.04084967320261437,112.4,True,True,True
1.0,0.34,155.0,52.7,48.169090482138756,0.039531941808981653,116.48,True,True,True
1.0,0.34,160.0,54.4,47.556506340318315,0.038296568627450976,120.56000000000002,True,True,True
1.0,0.34,165.0,56.1,46.98402719366199,0.037136066547831255,124.64000000000001,True,True,True
1.0,0.34,170.0,57.8,46.447839453443784,0.036043829296424454,128.72,True,True,True
1.0,0.34,175.0,59.5,45.94459818882935,0.0350140056022409,132.8,True,True,True
1.0,0.34,180.0,61.2,45.47135728014168,0.03404139433551198,136.88,True,True,True
1.0,0.34,185.0,62.9,45.02551170214988,0.03312135665076841,140.96,True,True,True
1.0,0.34,190.0,64.6,44.60474954884377,0.03224974200206398,145.04,True,True,True
1.0,0.34,195.0,66.3,44.207011933969646,0.03142282554047259,149.12,True,True,True
1.0,0.34,200.0,68.0,43.8304592991045,0.030637254901960783,153.2,True,True,True
1.0,0.34,205.0,69.7,43.473442965743025,0.029890004782400764,157.27999999999997,True,True,True
1.0,0.34,210.0,71.4,43.13448100323076,0.02917833800186741,161.36,True,True,True
1.0,0.34,215.0,73.1,42.81223766749619,0.028499772001823978,165.44,True,True,True
1.0,0.34,220.0,74.8,42.50550580898906,0.027852049910873436,169.52000000000004,True,True,True
1.0,0.34,225.0,76.5,42.213191761342614,0.027233115468409588,173.60000000000002,True,True,True
1.0,0.34,230.0,78.2,41.93430231201223,0.026641091219096334,177.68,True,True,True
1.0,0.34,235.0,79.9,41.66793342774861,0.02607425949103045,181.76000000000002,True,True,True
1.0,0.34,240.0,81.6,41.413260465221924,0.025531045751633983,185.84,True,True,True
1.0,0.34,245.0,83.3,41.169529643460905,0.025010004001600635,189.92,True,True,True
1.0,0.34,250.0,85.0,40.936050592347165,0.024509803921568624,194.00000000000003,True,True,True
1.0,0.34,255.0,86.7,40.71218982201436,0.024029219530949632,198.08,True,True,True
1.0,0.34,260.0,88.4,40.49736498305232,0.02356711915535445,202.16,True,True,True
1.0,0.34,265.0,90.1,40.29103980800577,0.02312245652978172,206.24,True,True,True
1.0,0.34,270.0,91.8,40.09271964165256,0.022694262890341318,210.32,True,True,True
1.0,0.34,275.0,93.5,39.901947481630685,0.022281639928698752,214.4,True,True,True
1.0,0.34,280.0,95.2,39.71830046270082,0.021883753501400562,218.48000000000002,True,True,True
1.0,0.34,285.0,96.9,39.54138672771444,0.021499828001375988,222.56,True,True,True
1.0,0.34,290.0,98.6,39.370842636557455,0.021129141311697092,226.64,True,True,True
1.0,0.34,295.0,100.3,39.20633027123194,0.020771020272515782,230.72,True,True,True
1.0,0.34,300.0,102.0,39.04753520105574,0.020424836601307186,234.8,True,True,True
1.0,0.35,10.0,3.5,nan,0.5952380952380952,-1.5999999999999992,False,False,False
1.0,0.35,15.0,5.25,841.0043143151778,0.39682539682539675,2.6,True,False,False
1.0,0.35,20.0,7.0,340.1317796777058,0.2976190476190476,6.800000000000002,True,False,False
1.0,0.35,25.0,8.75,221.74372603612164,0.23809523809523808,11.0,True,False,False
1.0,0.35,30.0,10.5,168.78064940699187,0.19841269841269837,15.2,True,True,False
1.0,0.35,35.0,12.25,138.75003894717594,0.17006802721088432,19.400000000000002,True,True,False
1.0,0.35,40.0,14.0,119.40828983746404,0.1488095238095238,23.600000000000005,True,True,False
1.0,0.35,45.0,15.75,105.91081024291692,0.13227513227513224,27.799999999999997,True,True,False
1.0,0.35,50.0,17.5,95.95641904193837,0.11904761904761904,32.0,True,True,True
1.0,0.35,55.0,19.25,88.3118865726786,0.1082251082251082,36.2,True,True,True
1.0,0.35,60.0,21.0,82.25681134950256,0.09920634920634919,40.4,True,True,True
1.0,0.35,65.0,22.75,77.34215388136418,0.09157509157509156,44.6,True,True,True
1.0,0.35,70.0,24.5,73.27346204298729,0.08503401360544216,48.800000000000004,True,True,True
1.0,0.35,75.0,26.25,69.84961947710788,0.07936507936507936,53.00000000000001,True,True,True
1.0,0.35,80.0,28.0,66.9285789663576,0.0744047619047619,57.20000000000001,True,True,True
1.0,0.35,85.0,29.75,64.40715963297383,0.0700280112044818,61.400000000000006,True,True,True
1.0,0.35,90.0,31.5,62.20860497032823,0.06613756613756612,65.6,True,True,True
1.0,0.35,95.0,33.25,60.27463281722735,0.06265664160401002,69.80000000000001,True,True,True
1.0,0.35,100.0,35.0,58.560192638262265,0.05952380952380952,74.0,True,True,True
1.0,0.35,105.0,36.75,57.02991227391746,0.056689342403628114,78.2,True,True,True
1.0,0.35,110.0,38.5,55.655631364190334,0.0541125541125541,82.4,True,True,True
1.0,0.35,115.0,40.25,54.414652528847824,0.05175983436853001,86.6,True,True,True
1.0,0.35,120.0,42.0,53.28847790294228,0.049603174603174593,90.8,True,True,True
1.0,0.35,125.0,43.75,52.26188082290628,0.04761904761904761,95.00000000000001,True,True,True
1.0,0.35,130.0,45.5,51.32221333432495,0.04578754578754578,99.2,True,True,True
1.0,0.35,135.0,47.25,50.458882469574206,0.04409171075837741,103.4,True,True,True
1.0,0.35,140.0,49.0,49.66294918162557,0.04251700680272108,107.60000000000001,True,True,True
1.0,0.35,145.0,50.75,48.92681767917574,0.041050903119868636,111.8,True,True,True
1.0,0.35,150.0,52.5,48.24399225104126,0.03968253968253968,116.00000000000001,True,True,True
1.0,0.35,155.0,54.25,47.608885072460275,0.038402457757296456,120.2,True,True,True
1.0,0.35,160.0,56.0,47.01666294452301,0.03720238095238095,124.40000000000002,True,True,True
1.0,0.35,165.0,57.75,46.463124066000006,0.036075036075036065,128.60000000000002,True,True,True
1.0,0.35,170.0,59.5,45.94459818882935,0.0350140056022409,132.8,True,True,True
1.0,0.35,175.0,61.25,45.45786513916406,0.03401360544217687,137.0,True,True,True
1.0,0.35,180.0,63.0,45.00008787998878,0.03306878306878306,141.2,True,True,True
1.0,0.35,185.0,64.75,44.56875717498867,0.032175032175032175,145.4,True,True,True
1.0,0.35,190.0,66.5,44.16164557374525,0.03132832080200501,149.60000000000002,True,True,True
1.0,0.35,195.0,68.25,43.77676893641891,0.030525030525030528,153.8,True,True,True
1.0,0.35,200.0,70.0,43.41235409500105,0.02976190476190476,158.0,True,True,True
1.0,0.35,205.0,71.75,43.06681153883542,0.029036004645760744,162.2,True,True,True
1.0,0.35,210.0,73.5,42.73871223670699,0.028344671201814057,166.4,True,True,True
1.0,0.35,215.0,75.25,42.42676788263176,0.027685492801771867,170.60000000000002,True,True,True
1.0,0.35,220.0,77.0,42.12981398950755,0.02705627705627705,174.8,True,True,True
1.0,0.35,225.0,78.75,41.84679536287629,0.026455026455026454,179.00000000000003,True,True,True
1.0,0.35,230.0,80.5,41.576753572837305,0.025879917184265005,183.2,True,True,True
1.0,0.35,235.0,82.25,41.31881611063357,0.025329280648429577,187.40000000000003,True,True,True
1.0,0.35,240.0,84.0,41.07218697140746,0.024801587301587297,191.6,True,True,True
1.0,0.35,245.0,85.75,40.83613844898166,0.02429543245869776,195.80000000000004,True,True,True
1.0,0.35,250.0,87.5,40.61000396449773,0.023809523809523805,200.00000000000003,True,True,True
1.0,0.35,255.0,89.25,40.39317178006114,0.023342670401493928,204.20000000000002,True,True,True
1.0,0.35,260.0,91.0,40.185079472540416,0.02289377289377289,208.4,True,True,True
1.0,0.35,265.0,92.75,39.98520906240056,0.0224618149146451,212.60000000000002,True,True,True
1.0,0.35,270.0,94.5,39.79308270874215,0.022045855379188704,216.8,True,True,True
1.0,0.35,275.0,96.25,39.60825889522279,0.02164502164502164,221.0,True,True,True
1.0,0.35,280.0,98.0,39.43032904277609,0.02125850340136054,225.20000000000002,True,True,True
1.0,0.35,285.0,99.75,39.258914494429426,0.02088554720133667,229.39999999999998,True,True,True
1.0,0.35,290.0,101.5,39.09366382538976,0.020525451559934318,233.6,True,True,True
1.0,0.35,295.0,103.25,38.93425043818329,0.020177562550443905,237.8,True,True,True
1.0,0.35,300.0,105.0,38.780370408218694,0.01984126984126984,242.00000000000003,True,True,True
1.0,0.36,10.0,3.6,nan,0.5787037037037036,-1.359999999999999,False,False,False
1.0,0.36,15.0,5.4,742.3769040197683,0.3858024691358024,2.9600000000000004,True,False,False
1.0,0.36,20.0,7.2,319.68800275372746,0.2893518518518518,7.280000000000002,True,False,False
1.0,0.36,25.0,9.0,211.82945553411702,0.23148148148148143,11.600000000000001,True,False,False
1.0,0.36,30.0,10.8,162.50720529801382,0.1929012345679012,15.92,True,True,False
1.0,0.36,35.0,12.6,134.23951247495063,0.16534391534391532,20.240000000000002,True,True,False
1.0,0.36,40.0,14.4,115.91615458638532,0.1446759259259259,24.560000000000002,True,True,False
1.0,0.36,45.0,16.2,103.07457689716915,0.1286008230452675,28.88,True,True,False
1.0,0.36,50.0,18.0,93.57490376321888,0.11574074074074071,33.2,True,True,True
1.0,0.36,55.0,19.8,86.26278862173479,0.1052188552188552,37.52000000000001,True,True,True
1.0,0.36,60.0,21.6,80.46063224751701,0.0964506172839506,41.84,True,True,True
1.0,0.36,65.0,23.4,75.74449474403667,0.08903133903133903,46.16000000000001,True,True,True
1.0,0.36,70.0,25.2,71.83555668647692,0.08267195767195766,50.480000000000004,True,True,True
1.0,0.36,75.0,27.0,68.54291835186088,0.07716049382716048,54.800000000000004,True,True,True
1.0,0.36,80.0,28.8,65.73147750051757,0.07233796296296295,59.120000000000005,True,True,True
1.0,0.36,85.0,30.6,63.302931493997804,0.06808278867102395,63.44,True,True,True
1.0,0.36,90.0,32.4,61.18404660755375,0.06430041152263374,67.76,True,True,True
1.0,0.36,95.0,34.2,59.31914570305861,0.060916179337231965,72.08000000000001,True,True,True
1.0,0.36,100.0,36.0,57.66514458671578,0.05787037037037036,76.4,True,True,True
1.0,0.36,105.0,37.8,56.1881822419934,0.05511463844797178,80.72000000000001,True,True,True
1.0,0.36,110.0,39.6,54.861278159952136,0.0526094276094276,85.04000000000002,True,True,True
1.0,0.36,115.0,41.4,53.66266919058809,0.050322061191626404,89.36,True,True,True
1.0,0.36,120.0,43.2,52.574606565110734,0.0482253086419753,93.68,True,True,True
1.0,0.36,125.0,45.0,51.58247109355302,0.04629629629629629,98.0,True,True,True
1.0,0.36,130.0,46.8,50.67411250309634,0.044515669515669515,102.32000000000002,True,True,True
1.0,0.36,135.0,48.6,49.83934935732782,0.04286694101508916,106.64000000000001,True,True,True
1.0,0.36,140.0,50.4,49.069585793205306,0.04133597883597883,110.96000000000001,True,True,True
1.0,0.36,145.0,52.2,48.357514432361924,0.03991060025542784,115.28,True,True,True
1.0,0.36,150.0,54.0,47.69688367818818,0.03858024691358024,119.60000000000001,True,True,True
1.0,0.36,155.0,55.8,47.08231368673279,0.03733572281959378,123.92,True,True,True
1.0,0.36,160.0,57.6,46.509149533753494,0.036168981481481476,128.24,True,True,True
1.0,0.36,165.0,59.4,45.973343092615956,0.035072951739618406,132.56,True,True,True
1.0,0.36,170.0,61.2,45.47135728014168,0.034041394335511975,136.88,True,True,True
1.0,0.36,175.0,63.0,45.00008787998878,0.03306878306878306,141.2,True,True,True
1.0,0.36,180.0,64.8,44.556799290840004,0.03215020576131687,145.52,True,True,True
1.0,0.36,185.0,66.6,44.1390713891595,0.03128128128128128,149.84000000000003,True,True,True
1.0,0.36,190.0,68.4,43.74475532628619,0.030458089668615983,154.16000000000003,True,True,True
1.0,0.36,195.0,70.2,43.37193655507888,0.029677113010446347,158.48000000000002,True,True,True
1.0,0.36,200.0,72.0,43.01890374322803,0.02893518518518518,162.8,True,True,True
1.0,0.36,205.0,73.8,42.68412250805496,0.028229448961156273,167.12,True,True,True
1.0,0.36,210.0,75.6,42.36621312234465,0.02755731922398589,171.44000000000003,True,True,True
1.0,0.36,215.0,77.4,42.063931507984684,0.02691645133505598,175.76000000000002,True,True,True
1.0,0.36,220.0,79.2,41.77615296530437,0.0263047138047138,180.08000000000004,True,True,True
1.0,0.36,225.0,81.0,41.50185818948283,0.025720164609053492,184.4,True,True,True
1.0,0.36,230.0,82.8,41.240121207552214,0.025161030595813202,188.72,True,True,True
1.0,0.36,235.0,84.6,40.990098935131975,0.024625689519306538,193.04000000000002,True,True,True
1.0,0.36,240.0,86.4,40.751022104714735,0.02411265432098765,197.36,True,True,True
1.0,0.36,245.0,88.2,40.52218735985284,0.023620559334845043,201.68000000000004,True,True,True
1.0,0.36,250.0,90.0,40.30295034409584,0.023148148148148143,206.0,True,True,True
1.0,0.36,255.0,91.8,40.09271964165256,0.022694262890341318,210.32,True,True,True
1.0,0.36,260.0,93.6,39.890951449780964,0.022257834757834757,214.64000000000004,True,True,True
1.0,0.36,265.0,95.4,39.697144881848786,0.021837875611460517,218.96,True,True,True
1.0,0.36,270.0,97.2,39.510837815649545,0.02143347050754458,223.28000000000003,True,True,True
1.0,0.36,275.0,99.0,39.33160321452923,0.021043771043771038,227.60000000000002,True,True,True
1.0,0.36,280.0,100.8,39.15904585967348,0.020667989417989415,231.92000000000002,True,True,True
1.0,0.36,285.0,102.6,38.99279944092489,0.020305393112410655,236.24,True,True,True
1.0,0.36,290.0,104.4,38.83252396106052,0.01995530012771392,240.56,True,True,True
1.0,0.36,295.0,106.2,38.67790341482088,0.01961707470182046,244.88000000000002,True,True,True
1.0,0.36,300.0,108.0,38.528643709349765,0.01929012345679012,249.20000000000002,True,True,True
1.0,0.37,10.0,3.7,nan,0.563063063063063,-1.1199999999999988,False,False,False
1.0,0.37,15.0,5.55,665.1385706558932,0.3753753753753753,3.3200000000000007,True,False,False
1.0,0.37,20.0,7.4,301.77335287189055,0.2815315315315315,7.7600000000000025,True,False,False
1.0,0.37,25.0,9.25,202.89035917985058,0.2252252252252252,12.200000000000001,True,False,False
1.0,0.37,30.0,11.1,156.7766553907742,0.18768768768768765,16.64,True,True,False
1.0,0.37,35.0,12.95,130.08845870070158,0.16087516087516085,21.080000000000005,True,True,False
1.0,0.37,40.0,14.8,112.68675051407111,0.14076576576576574,25.520000000000003,True,True,False
1.0,0.37,45.0,16.65,100.44282499423902,0.1251251251251251,29.96,True,True,False
1.0,0.37,50.0,18.5,91.35954071324728,0.1126126126126126,34.400000000000006,True,True,True
1.0,0.37,55.0,20.35,84.35297024315172,0.10237510237510236,38.84,True,True,True
1.0,0.37,60.0,22.2,78.78397707838074,0.09384384384384382,43.28,True,True,True
1.0,0.37,65.0,24.05,74.25129278417066,0.08662508662508661,47.72,True,True,True
1.0,0.37,70.0,25.9,70.49027713514053,0.08043758043758042,52.16000000000001,True,True,True
1.0,0.37,75.0,27.75,67.31932895896178,0.07507507507507506,56.60000000000001,True,True,True
1.0,0.37,80.0,29.6,64.60968517014321,0.07038288288288287,61.040000000000006,True,True,True
1.0,0.37,85.0,31.45,62.26750681878203,0.06624271330153682,65.48,True,True,True
1.0,0.37,90.0,33.3,60.222790477719585,0.06256256256256255,69.92,True,True,True
1.0,0.37,95.0,35.15,58.42225220428266,0.05926979611190136,74.36000000000001,True,True,True
1.0,0.37,100.0,37.0,56.82461722866452,0.0563063063063063,78.80000000000001,True,True,True
1.0,0.37,105.0,38.85,55.397417123102706,0.053625053625053605,83.24000000000001,True,True,True
1.0,0.37,110.0,40.7,54.11476009392538,0.05118755118755118,87.68,True,True,True
1.0,0.37,115.0,42.55,52.955746078416006,0.04896200548374461,92.12,True,True,True
1.0,0.37,120.0,44.4,51.90331910161546,0.04692192192192191,96.56,True,True,True
1.0,0.37,125.0,46.25,50.943422338220735,0.045045045045045036,101.00000000000001,True,True,True
1.0,0.37,130.0,48.1,50.06436665277504,0.043312543312543306,105.44,True,True,True
1.0,0.37,135.0,49.95,49.25635223495545,0.041708375041708365,109.88000000000001,True,True,True
1.0,0.37,140.0,51.8,48.511101708233134,0.04021879021879021,114.32000000000002,True,True,True
1.0,0.37,145.0,53.65,47.82157553884741,0.03883193538365951,118.76000000000002,True,True,True
1.0,0.37,150.0,55.5,47.18174898296935,0.03753753753753753,123.20000000000002,True,True,True
1.0,0.37,155.0,57.35,46.586435587669456,0.03632664922987503,127.64000000000001,True,True,True
1.0,0.37,160.0,59.2,46.03114629102389,0.035191441441441436,132.08,True,True,True
1.0,0.37,165.0,61.05,45.511976016896725,0.03412503412503412,136.52000000000004,True,True,True
1.0,0.37,170.0,62.9,45.02551170214987,0.03312135665076841,140.96000000000004,True,True,True
1.0,0.37,175.0,64.75,44.56875717498866,0.03217503217503217,145.40000000000003,True,True,True
1.0,0.37,180.0,66.6,44.1390713891595,0.03128128128128128,149.84,True,True,True
1.0,0.37,185.0,68.45,43.73411732343768,0.030435841246652055,154.28,True,True,True
1.0,0.37,190.0,70.3,43.3518194579654,0.02963489805595068,158.72000000000003,True,True,True
1.0,0.37,195.0,72.15,42.99032819365393,0.028875028875028876,163.16000000000003,True,True,True
1.0,0.37,200.0,74.0,42.64798992711742,0.02815315315315315,167.60000000000002,True,True,True
1.0,0.37,205.0,75.85,42.32332175943494,0.02746649088112502,172.04,True,True,True
1.0,0.37,210.0,77.7,42.014990022673906,0.026812526812526803,176.48000000000002,True,True,True
1.0,0.37,215.0,79.55,41.72179196832743,0.026188979677351766,180.92000000000002,True,True,True
1.0,0.37,220.0,81.4,41.44264008749517,0.02559377559377559,185.36,True,True,True
1.0,0.37,225.0,83.25,41.17654863185675,0.02502502502502502,189.80000000000004,True,True,True
1.0,0.37,230.0,85.1,40.92262198329241,0.024481002741872305,194.24,True,True,True
1.0,0.37,235.0,86.95,40.68004458296267,0.02396013034310906,198.68000000000004,True,True,True
1.0,0.37,240.0,88.8,40.44807218122946,0.023460960960960956,203.12,True,True,True
1.0,0.37,245.0,90.65,40.22602421063613,0.022982165839308698,207.56,True,True,True
1.0,0.37,250.0,92.5,40.0132771173016,0.022522522522522518,212.00000000000003,True,True,True
1.0,0.37,255.0,94.35,39.80925851310407,0.022080904433845604,216.44000000000003,True,True,True
1.0,0.37,260.0,96.2,39.613442033160766,0.021656271656271653,220.88,True,True,True
1.0,0.37,265.0,98.05,39.4253428013175,0.021247662757096716,225.32,True,True,True
1.0,0.37,270.0,99.9,39.2445134214013,0.020854187520854182,229.76000000000002,True,True,True
1.0,0.37,275.0,101.75,39.070540424464,0.020475020475020474,234.20000000000002,True,True,True
1.0,0.37,280.0,103.6,38.90304111262896,0.020109395109395106,238.64000000000004,True,True,True
1.0,0.37,285.0,105.45,38.74166074883199,0.01975659870396712,243.08,True,True,True
1.0,0.37,290.0,107.3,38.58607004902387,0.019415967691829756,247.52000000000004,True,True,True
1.0,0.37,295.0,109.15,38.43596293952489,0.01908688349366315,251.96000000000004,True,True,True
1.0,0.37,300.0,111.0,38.2910545473908,0.018768768768768766,256.40000000000003,True,True,True
1.0,0.38,10.0,3.8,nan,0.5482456140350878,-0.8800000000000008,False,False,False
1.0,0.38,15.0,5.7,603.0120851240812,0.36549707602339176,3.6799999999999984,True,False,False
1.0,0.38,20.0,7.6,285.94584666560775,0.2741228070175439,8.239999999999998,True,False,False
1.0,0.38,25.0,9.5,194.78930310879664,0.21929824561403508,12.800000000000002,True,False,False
1.0,0.38,30.0,11.4,151.52145063713064,0.18274853801169588,17.359999999999996,True,True,False
1.0,0.38,35.0,13.3,126.25555138360296,0.15664160401002505,21.92,True,True,False
1.0,0.38,40.0,15.2,109.69150262826916,0.13706140350877194,26.479999999999997,True,True,False
1.0,0.38,45.0,17.1,97.99421046599734,0.12183235867446393,31.039999999999992,True,True,True
1.0,0.38,50.0,19.0,89.2935279812513,0.10964912280701754,35.60000000000001,True,True,True
1.0,0.38,55.0,20.9,82.56869769423645,0.09968102073365231,40.16,True,True,True
1.0,0.38,60.0,22.8,77.21529970189012,0.09137426900584794,44.71999999999999,True,True,True
1.0,0.38,65.0,24.7,72.8526279613741,0.08434547908232119,49.28,True,True,True
1.0,0.38,70.0,26.6,69.22895262266911,0.07832080200501253,53.84,True,True,True
1.0,0.38,75.0,28.5,66.17116630946053,0.07309941520467836,58.4,True,True,True
1.0,0.38,80.0,30.4,63.5563121940992,0.06853070175438597,62.959999999999994,True,True,True
1.0,0.38,85.0,32.3,61.294649274414624,0.06449948400412797,67.52,True,True,True
1.0,0.38,90.0,34.2,59.3191457030586,0.060916179337231965,72.07999999999998,True,True,True
1.0,0.38,95.0,36.1,57.578722932469404,0.057710064635272396,76.64,True,True,True
1.0,0.38,100.0,38.0,56.03377621690202,0.05482456140350877,81.20000000000002,True,True,True
1.0,0.38,105.0,39.9,54.65312420802746,0.05221386800334169,85.76,True,True,True
1.0,0.38,110.0,41.8,53.411882588002925,0.04984051036682616,90.32,True,True,True
1.0,0.38,115.0,43.7,52.289950870746345,0.04767353165522501,94.88,True,True,True
1.0,0.38,120.0,45.6,51.270915545901076,0.04568713450292397,99.43999999999998,True,True,True
1.0,0.38,125.0,47.5,50.34124178031147,0.043859649122807015,104.0,True,True,True
1.0,0.38,130.0,49.4,49.48966883217007,0.042172739541160596,108.56,True,True,True
1.0,0.38,135.0,51.3,48.70675169455774,0.04061078622482132,113.12,True,True,True
1.0,0.38,140.0,53.2,47.98450930452381,0.039160401002506263,117.68,True,True,True
1.0,0.38,145.0,55.1,47.316151490709686,0.03781004234724742,122.23999999999998,True,True,True
1.0,0.38,150.0,57.0,46.69586483826767,0.03654970760233918,126.8,True,True,True
1.0,0.38,155.0,58.9,46.11864315438743,0.03537068477645727,131.35999999999999,True,True,True
1.0,0.38,160.0,60.8,45.580152060243684,0.034265350877192985,135.92,True,True,True
1.0,0.38,165.0,62.7,45.076619955127505,0.03322700691121744,140.48,True,True,True
1.0,0.38,170.0,64.6,44.60474954884377,0.032249742002063986,145.04,True,True,True
1.0,0.38,175.0,66.5,44.161645573745254,0.03132832080200501,149.6,True,True,True
1.0,0.38,180.0,68.4,43.744755326286196,0.030458089668615983,154.15999999999997,True,True,True
1.0,0.38,185.0,70.3,43.351819457965405,0.02963489805595069,158.72,True,True,True
1.0,0.38,190.0,72.2,42.98083101198102,0.028855032317636198,163.28,True,True,True
1.0,0.38,195.0,74.1,42.63000113741808,0.028115159694107064,167.84,True,True,True
1.0,0.38,200.0,76.0,42.29773024461855,0.027412280701754384,172.40000000000003,True,True,True
1.0,0.38,205.0,77.9,41.982583620254466,0.02674368848951647,176.95999999999998,True,True,True
1.0,0.38,210.0,79.8,41.68327071787252,0.026106934001670846,181.52,True,True,True
1.0,0.38,215.0,81.7,41.398627493423305,0.02549979600163198,186.08,True,True,True
1.0,0.38,220.0,83.6,41.12760127593473,0.02492025518341308,190.64,True,True,True
1.0,0.38,225.0,85.5,40.86923775877146,0.02436647173489279,195.2,True,True,True
1.0,0.38,230.0,87.4,40.62266977262805,0.023836765827612506,199.76,True,True,True
1.0,0.38,235.0,89.3,40.38710756190372,0.023329600597237772,204.32,True,True,True
1.0,0.38,240.0,91.2,40.16183033471925,0.022843567251461985,208.87999999999997,True,True,True
1.0,0.38,245.0,93.1,39.94617889610264,0.022377372001432153,213.43999999999997,True,True,True
1.0,0.38,250.0,95.0,39.73954920574375,0.021929824561403508,218.0,True,True,True
1.0,0.38,255.0,96.9,39.54138672771444,0.021499828001375988,222.56,True,True,True
1.0,0.38,260.0,98.8,39.3511814608494,0.021086369770580298,227.12,True,True,True
1.0,0.38,265.0,100.7,39.16846355600875,0.02068851373717312,231.68,True,True,True
1.0,0.38,270.0,102.6,38.99279944092489,0.02030539311241066,236.24,True,True,True
1.0,0.38,275.0,104.5,38.82378838534919,0.019936204146730464,240.80000000000004,True,True,True
1.0,0.38,280.0,106.4,38.66105944921778,0.019580200501253132,245.36,True,True,True
1.0,0.38,285.0,108.3,38.504268764917036,0.019236688211757468,249.91999999999996,True,True,True
1.0,0.38,290.0,110.2,38.35309711174181,0.01890502117362371,254.47999999999996,True,True,True
1.0,0.38,295.0,112.1,38.20724774654125,0.01858459708593518,259.04,True,True,True
1.0,0.38,300.0,114.0,38.06644445952972,0.01827485380116959,263.6,True,True,True
1.0,0.39,10.0,3.9,nan,0.5341880341880341,-0.6400000000000006,False,False,False
1.0,0.39,15.0,5.85,551.9576465187303,0.3561253561253561,4.039999999999999,True,False,False
1.0,0.39,20.0,7.8,271.8608182068055,0.26709401709401703,8.719999999999999,True,False,False
1.0,0.39,25.0,9.75,187.41371474559833,0.2136752136752137,13.399999999999999,True,False,False
1.0,0.39,30.0,11.7,146.68480201430813,0.17806267806267806,18.08,True,True,False
1.0,0.39,35.0,13.65,122.70556516899666,0.15262515262515264,22.760000000000005,True,True,False
1.0,0.39,40.0,15.6,106.90583476946206,0.13354700854700852,27.439999999999998,True,True,False
1.0,0.39,45.0,17.55,95.71025992844683,0.11870845204178539,32.12,True,True,True
1.0,0.39,50.0,19.5,87.36225521003765,0.10683760683760685,36.8,True,True,True
1.0,0.39,55.0,21.45,80.89798540397925,0.09712509712509713,41.48,True,True,True
1.0,0.39,60.0,23.4,75.74449474403667,0.08903133903133903,46.16,True,True,True
1.0,0.39,65.0,25.35,71.53979780118817,0.08218277449046679,50.84,True,True,True
1.0,0.39,70.0,27.3,68.04396187031845,0.07631257631257632,55.52000000000001,True,True,True
1.0,0.39,75.0,29.25,65.09166454929824,0.07122507122507123,60.20000000000001,True,True,True
1.0,0.39,80.0,31.2,62.56528435103928,0.06677350427350426,64.88,True,True,True
1.0,0.39,85.0,33.15,60.378854104702434,0.0628456510809452,69.56,True,True,True
1.0,0.39,90.0,35.1,58.4680837062335,0.05935422602089269,74.24,True,True,True
1.0,0.39,95.0,37.05,56.78393280763366,0.056230319388214114,78.92000000000002,True,True,True
1.0,0.39,100.0,39.0,55.28834234457085,0.05341880341880342,83.6,True,True,True
1.0,0.39,105.0,40.95,53.95132377473717,0.05087505087505087,88.28,True,True,True
1.0,0.39,110.0,42.9,52.74892755659929,0.04856254856254857,92.96,True,True,True
1.0,0.39,115.0,44.85,51.661795867361164,0.046451133407655144,97.64,True,True,True
1.0,0.39,120.0,46.8,50.67411250309635,0.044515669515669515,102.32,True,True,True
1.0,0.39,125.0,48.75,49.77282835649057,0.04273504273504273,107.00000000000001,True,True,True
1.0,0.39,130.0,50.7,48.94708163477941,0.041091387245233396,111.68,True,True,True
1.0,0.39,135.0,52.65,48.187757990717074,0.03956948401392846,116.35999999999999,True,True,True
1.0,0.39,140.0,54.6,47.487152698508865,0.03815628815628816,121.04000000000002,True,True,True
1.0,0.39,145.0,56.55,46.83870828392609,0.03684055408193339,125.71999999999998,True,True,True
1.0,0.39,150.0,58.5,46.236808652475915,0.03561253561253561,130.4,True,True,True
1.0,0.39,155.0,60.45,45.676616013551474,0.03446374414116349,135.08,True,True,True
1.0,0.39,160.0,62.4,45.153940569105664,0.03338675213675213,139.76,True,True,True
1.0,0.39,165.0,64.35,44.665135535626426,0.03237503237503237,144.44,True,True,True
1.0,0.39,170.0,66.3,44.207011933969646,0.0314228255404726,149.12,True,True,True
1.0,0.39,175.0,68.25,43.77676893641891,0.030525030525030528,153.8,True,True,True
1.0,0.39,180.0,70.2,43.371936555078875,0.029677113010446347,158.48,True,True,True
1.0,0.39,185.0,72.15,42.99032819365392,0.028875028875028876,163.16,True,True,True
1.0,0.39,190.0,74.1,42.63000113741808,0.028115159694107057,167.84000000000003,True,True,True
1.0,0.39,195.0,76.05,42.28922347398518,0.027394258163488935,172.52,True,True,True
1.0,0.39,200.0,78.0,41.96644625597967,0.02670940170940171,177.2,True,True,True
1.0,0.39,205.0,79.95,41.660279961443095,0.02605795288722118,181.88,True,True,True
1.0,0.39,210.0,81.9,41.3694744972928,0.025437525437525435,186.56,True,True,True
1.0,0.39,215.0,83.85,41.092902138896775,0.024845955078513216,191.24000000000004,True,True,True
1.0,0.39,220.0,85.8,40.82954291481366,0.024281274281274284,195.92,True,True,True
1.0,0.39,225.0,87.75,40.578472037377686,0.023741690408357073,200.60000000000002,True,True,True
1.0,0.39,230.0,89.7,40.33884905263854,0.023225566703827572,205.28,True,True,True
1.0,0.39,235.0,91.65,40.10990844138557,0.02273140571012911,209.96,True,True,True
1.0,0.39,240.0,93.6,39.890951449780964,0.022257834757834757,214.64,True,True,True
1.0,0.39,245.0,95.55,39.68133896593407,0.02180359323216466,219.32,True,True,True
1.0,0.39,250.0,97.5,39.48048528944793,0.021367521367521364,224.00000000000003,True,True,True
1.0,0.39,255.0,99.45,39.28785266601368,0.020948550360315066,228.68,True,True,True
1.0,0.39,260.0,101.4,39.10294647965239,0.020545693622616698,233.36,True,True,True
1.0,0.39,265.0,103.35,38.925311012096095,0.020158039025963553,238.03999999999996,True,True,True
1.0,0.39,270.0,105.3,38.75452569276133,0.01978474200696423,242.71999999999997,True,True,True
1.0,0.39,275.0,107.25,38.590201774352074,0.019425019425019428,247.40000000000003,True,True,True
1.0,0.39,280.0,109.2,38.43197937877807,0.01907814407814408,252.08000000000004,True,True,True
1.0,0.39,285.0,111.15,38.27952486613978,0.018743439796071373,256.76,True,True,True
1.0,0.39,290.0,113.1,38.13252848629791,0.018420277040966694,261.44,True,True,True
1.0,0.39,295.0,115.05,37.99070227824063,0.018108068955526583,266.11999999999995,True,True,True
1.0,0.39,300.0,117.0,37.85377818727131,0.017806267806267807,270.8,True,True,True
1.0,0.4,10.0,4.0,nan,0.5208333333333334,-0.40000000000000036,False,False,False
1.0,0.4,15.0,6.0,509.25757059425496,0.3472222222222222,4.3999999999999995,True,False,False
1.0,0.4,20.0,8.0,259.24553184805205,0.2604166666666667,9.2,True,False,False
1.0,0.4,25.0,10.0,180.670319670674,0.20833333333333331,14.000000000000004,True,False,False
1.0,0.4,30.0,12.0,142.21862009451036,0.1736111111111111,18.8,True,True,False
1.0,0.4,35.0,14.0,119.40828983746404,0.1488095238095238,23.600000000000005,True,True,False
1.0,0.4,40.0,16.0,104.30849375181371,0.13020833333333334,28.4,True,True,False
1.0,0.4,45.0,18.0,93.57490376321891,0.11574074074074076,33.199999999999996,True,True,True
1.0,0.4,50.0,20.0,85.55295756121643,0.10416666666666666,38.00000000000001,True,True,True
1.0,0.4,55.0,22.0,79.33032639517717,0.0946969696969697,42.8,True,True,True
1.0,0.4,60.0,24.0,74.36267966598615,0.08680555555555555,47.6,True,True,True
1.0,0.4,65.0,26.0,70.30513615435683,0.08012820512820512,52.4,True,True,True
1.0,0.4,70.0,28.0,66.9285789663576,0.0744047619047619,57.20000000000001,True,True,True
1.0,0.4,75.0,30.0,64.07484353650023,0.06944444444444445,62.0,True,True,True
1.0,0.4,80.0,32.0,61.63122577320915,0.06510416666666667,66.8,True,True,True
1.0,0.4,85.0,34.0,59.515243911141454,0.061274509803921566,71.6,True,True,True
1.0,0.4,90.0,36.0,57.66514458671579,0.05787037037037038,76.39999999999999,True,True,True
1.0,0.4,95.0,38.0,56.03377621690202,0.05482456140350877,81.20000000000002,True,True,True
1.0,0.4,100.0,40.0,54.58451408371862,0.05208333333333333,86.00000000000001,True,True,True
1.0,0.4,105.0,42.0,53.28847790294228,0.0496031746031746,90.8,True,True,True
1.0,0.4,110.0,44.0,52.1225876147962,0.04734848484848485,95.6,True,True,True
1.0,0.4,115.0,46.0,51.068176876114286,0.045289855072463775,100.39999999999999,True,True,True
1.0,0.4,120.0,48.0,50.10998612879499,0.043402777777777776,105.2,True,True,True
1.0,0.4,125.0,50.0,49.23541930124172,0.041666666666666664,110.0,True,True,True
1.0,0.4,130.0,52.0,48.433986981915915,0.04006410256410256,114.8,True,True,True
1.0,0.4,135.0,54.0,47.69688367818818,0.038580246913580245,119.60000000000001,True,True,True
1.0,0.4,140.0,56.0,47.01666294452301,0.03720238095238095,124.40000000000002,True,True,True
1.0,0.4,145.0,58.0,46.38698492791037,0.035919540229885055,129.2,True,True,True
1.0,0.4,150.0,60.0,45.80241817218939,0.034722222222222224,134.0,True,True,True
1.0,0.4,155.0,62.0,45.258282546547086,0.03360215053763441,138.8,True,True,True
1.0,0.4,160.0,64.0,44.75052367582237,0.032552083333333336,143.6,True,True,True
1.0,0.4,165.0,66.0,44.27561174013107,0.03156565656565656,148.40000000000003,True,True,True
1.0,0.4,170.0,68.0,43.8304592991045,0.030637254901960783,153.2,True,True,True
1.0,0.4,175.0,70.0,43.41235409500105,0.02976190476190476,158.0,True,True,True
1.0,0.4,180.0,72.0,43.01890374322804,0.02893518518518519,162.79999999999998,True,True,True
1.0,0.4,185.0,74.0,42.64798992711742,0.02815315315315315,167.60000000000002,True,True,True
1.0,0.4,190.0,76.0,42.29773024461855,0.027412280701754384,172.40000000000003,True,True,True
1.0,0.4,195.0,78.0,41.96644625597967,0.02670940170940171,177.2,True,True,True
1.0,0.4,200.0,80.0,41.65263658762063,0.026041666666666664,182.00000000000003,True,True,True
1.0,0.4,205.0,82.0,41.35495418273186,0.02540650406504065,186.8,True,True,True
1.0,0.4,210.0,84.0,41.07218697140746,0.0248015873015873,191.6,True,True,True
1.0,0.4,215.0,86.0,40.80324137530056,0.024224806201550386,196.4,True,True,True
1.0,0.4,220.0,88.0,40.54712817344128,0.023674242424242424,201.2,True,True,True
1.0,0.4,225.0,90.0,40.30295034409584,0.023148148148148147,206.0,True,True,True
1.0,0.4,230.0,92.0,40.06989256769972,0.022644927536231887,210.79999999999998,True,True,True
1.0,0.4,235.0,94.0,39.84721213199656,0.022163120567375884,215.60000000000002,True,True,True
1.0,0.4,240.0,96.0,39.634231025616224,0.021701388888888888,220.4,True,True,True
1.0,0.4,245.0,98.0,39.43032904277609,0.021258503401360544,225.2,True,True,True
1.0,0.4,250.0,100.0,39.234937751393616,0.020833333333333332,230.0,True,True,True
1.0,0.4,255.0,102.0,39.04753520105574,0.02042483660130719,234.8,True,True,True
1.0,0.4,260.0,104.0,38.86764126709201,0.02003205128205128,239.6,True,True,True
1.0,0.4,265.0,106.0,38.69481354330034,0.019654088050314468,244.39999999999998,True,True,True
1.0,0.4,270.0,108.0,38.528643709349765,0.019290123456790122,249.20000000000002,True,True,True
1.0,0.4,275.0,110.0,38.36875431006819,0.018939393939393936,254.00000000000003,True,True,True
1.0,0.4,280.0,112.0,38.21479589314018,0.018601190476190476,258.8,True,True,True
1.0,0.4,285.0,114.0,38.06644445952972,0.01827485380116959,263.6,True,True,True
1.0,0.4,290.0,116.0,37.923399187479106,0.017959770114942528,268.4,True,True,True
1.0,0.4,295.0,118.0,37.78538039643759,0.01765536723163842,273.2,True,True,True
1.0,0.4,300.0,120.0,37.652127721921254,0.017361111111111112,278.0,True,True,True
2.0,0.02,10.0,0.2,nan,10.416666666666666,-19.04,False,False,False
2.0,0.02,15.0,0.3,nan,6.944444444444445,-18.56,False,False,False
2.0,0.02,20.0,0.4,nan,5.208333333333333,-18.08,False,False,False
2.0,0.02,25.0,0.5,nan,4.166666666666667,-17.6,False,False,False
2.0,0.02,30.0,0.6,nan,3.4722222222222223,-17.12,False,False,False
2.0,0.02,35.0,0.7,nan,2.9761904761904754,-16.64,False,False,False
2.0,0.02,40.0,0.8,nan,2.6041666666666665,-16.16,False,False,False
2.0,0.02,45.0,0.9,nan,2.3148148148148144,-15.68,False,False,False
2.0,0.02,50.0,1.0,nan,2.0833333333333335,-15.2,False,False,False
2.0,0.02,55.0,1.1,nan,1.8939393939393938,-14.72,False,False,False
2.0,0.02,60.0,1.2,nan,1.7361111111111112,-14.24,False,False,False
2.0,0.02,65.0,1.3,nan,1.6025641025641022,-13.759999999999998,False,False,False
2.0,0.02,70.0,1.4,nan,1.4880952380952377,-13.279999999999998,False,False,False
2.0,0.02,75.0,1.5,nan,1.3888888888888888,-12.8,False,False,False
2.0,0.02,80.0,1.6,nan,1.3020833333333333,-12.32,False,False,False
2.0,0.02,85.0,1.7,nan,1.2254901960784312,-11.840000000000002,False,False,False
2.0,0.02,90.0,1.8,nan,1.1574074074074072,-11.360000000000001,False,False,False
2.0,0.02,95.0,1.9,nan,1.0964912280701753,-10.88,False,False,False
2.0,0.02,100.0,2.0,nan,1.0416666666666667,-10.4,False,False,False
2.0,0.02,105.0,2.1,nan,0.9920634920634921,-9.92,False,False,False
2.0,0.02,110.0,2.2,nan,0.9469696969696969,-9.44,False,False,False
2.0,0.02,115.0,2.3,nan,0.9057971014492753,-8.960000000000003,False,False,False
2.0,0.02,120.0,2.4,nan,0.8680555555555556,-8.48,False,False,False
2.0,0.02,125.0,2.5,nan,0.8333333333333333,-8.0,False,False,False
2.0,0.02,130.0,2.6,nan,0.8012820512820511,-7.52,False,False,False
2.0,0.02,135.0,2.7,nan,0.7716049382716048,-7.04,False,False,False
2.0,0.02,140.0,2.8,nan,0.7440476190476188,-6.559999999999999,False,False,False
2.0,0.02,145.0,2.9,nan,0.7183908045977011,-6.080000000000001,False,False,False
2.0,0.02,150.0,3.0,nan,0.6944444444444444,-5.6000000000000005,False,False,False
2.0,0.02,155.0,3.1,nan,0.6720430107526881,-5.120000000000002,False,False,False
2.0,0.02,160.0,3.2,nan,0.6510416666666666,-4.64,False,False,False
2.0,0.02,165.0,3.3,nan,0.6313131313131313,-4.159999999999999,False,False,False
2.0,0.02,170.0,3.4,nan,0.6127450980392156,-3.680000000000001,False,False,False
2.0,0.02,175.0,3.5,nan,0.5952380952380952,-3.2000000000000006,False,False,False
2.0,0.02,180.0,3.6,nan,0.5787037037037036,-2.7200000000000024,False,False,False
2.0,0.02,185.0,3.7,nan,0.563063063063063,-2.24,False,False,False
2.0,0.02,190.0,3.8,nan,0.5482456140350876,-1.7599999999999993,False,False,False
2.0,0.02,195.0,3.9,nan,0.5341880341880342,-1.2800000000000011,False,False,False
2.0,0.02,200.0,4.0,nan,0.5208333333333334,-0.8000000000000007,False,False,False
2.0,0.02,205.0,4.1,nan,0.508130081300813,-0.3200000000000003,False,False,False
2.0,0.02,210.0,4.2,25028.3314088068,0.49603174603174605,0.16000000000000014,True,False,False
2.0,0.02,215.0,4.3,6279.599937052491,0.48449612403100784,0.6400000000000006,True,False,False
2.0,0.02,220.0,4.4,3601.2097268018774,0.47348484848484845,1.120000000000001,True,False,False
2.0,0.02,225.0,4.5,2529.8536427016315,0.462962962962963,1.6000000000000014,True,False,False
2.0,0.02,230.0,4.6,1952.969597416887,0.45289855072463764,2.0799999999999974,True,False,False
2.0,0.02,235.0,4.7,1592.4170691139182,0.44326241134751776,2.559999999999998,True,False,False
2.0,0.02,240.0,4.8,1345.7232339592558,0.4340277777777778,3.0399999999999983,True,False,False
2.0,0.02,245.0,4.9,1166.3095356649555,0.4251700680272109,3.5199999999999987,True,False,False
2.0,0.02,250.0,5.0,1029.9551249612875,0.41666666666666663,3.999999999999999,True,False,False
2.0,0.02,255.0,5.1,922.8195165512625,0.4084967320261437,4.48,True,False,False
2.0,0.02,260.0,5.2,836.4198323496296,0.40064102564102555,4.96,True,False,False
2.0,0.02,265.0,5.3,765.2671512424026,0.3930817610062893,5.44,True,False,False
2.0,0.02,270.0,5.4,705.6527427471583,0.3858024691358024,5.920000000000001,True,False,False
2.0,0.02,275.0,5.5,654.9804955262007,0.3787878787878788,6.400000000000001,True,False,False
2.0,0.02,280.0,5.6,611.3787944290974,0.3720238095238094,6.880000000000002,True,False,False
2.0,0.02,285.0,5.7,573.4642717359649,0.36549707602339176,7.359999999999997,True,False,False
2.0,0.02,290.0,5.8,540.1923436583173,0.35919540229885055,7.839999999999998,True,False,False
2.0,0.02,295.0,5.9,510.75948420501373,0.3531073446327683,8.319999999999999,True,False,False
2.0,0.02,300.0,6.0,484.5374821466161,0.3472222222222222,8.799999999999999,True,False,False
2.0,0.03,10.0,0.3,nan,6.944444444444445,-18.56,False,False,False
2.0,0.03,15.0,0.45,nan,4.629629629629631,-17.84,False,False,False
2.0,0.03,20.0,0.6,nan,3.4722222222222223,-17.12,False,False,False
2.0,0.03,25.0,0.75,nan,2.7777777777777777,-16.400000000000002,False,False,False
2.0,0.03,30.0,0.9,nan,2.3148148148148153,-15.68,False,False,False
2.0,0.03,35.0,1.05,nan,1.9841269841269842,-14.96,False,False,False
2.0,0.03,40.0,1.2,nan,1.7361111111111112,-14.24,False,False,False
2.0,0.03,45.0,1.35,nan,1.5432098765432098,-13.52,False,False,False
2.0,0.03,50.0,1.5,nan,1.3888888888888888,-12.8,False,False,False
2.0,0.03,55.0,1.65,nan,1.2626262626262628,-12.080000000000002,False,False,False
2.0,0.03,60.0,1.8,nan,1.1574074074074077,-11.360000000000001,False,False,False
2.0,0.03,65.0,1.95,nan,1.0683760683760684,-10.64,False,False,False
2.0,0.03,70.0,2.1,nan,0.9920634920634921,-9.92,False,False,False
2.0,0.03,75.0,2.25,nan,0.925925925925926,-9.2,False,False,False
2.0,0.03,80.0,2.4,nan,0.8680555555555556,-8.48,False,False,False
2.0,0.03,85.0,2.55,nan,0.8169934640522876,-7.76,False,False,False
2.0,0.03,90.0,2.7,nan,0.7716049382716049,-7.040000000000002,False,False,False
2.0,0.03,95.0,2.85,nan,0.7309941520467835,-6.320000000000001,False,False,False
2.0,0.03,100.0,3.0,nan,0.6944444444444444,-5.6000000000000005,False,False,False
2.0,0.03,105.0,3.15,nan,0.6613756613756614,-4.88,False,False,False
2.0,0.03,110.0,3.3,nan,0.6313131313131314,-4.160000000000001,False,False,False
2.0,0.03,115.0,3.45,nan,0.6038647342995169,-3.440000000000001,False,False,False
2.0,0.03,120.0,3.6,nan,0.5787037037037038,-2.7200000000000024,False,False,False
2.0,0.03,125.0,3.75,nan,0.5555555555555556,-2.0000000000000018,False,False,False
2.0,0.03,130.0,3.9,nan,0.5341880341880342,-1.2800000000000011,False,False,False
2.0,0.03,135.0,4.05,nan,0.51440329218107,-0.5600000000000005,False,False,False
2.0,0.03,140.0,4.2,25028.3314088068,0.49603174603174605,0.16000000000000014,True,False,False
2.0,0.03,145.0,4.35,4575.169803256668,0.4789272030651341,0.8799999999999963,True,False,False
2.0,0.03,150.0,4.5,2529.8536427016315,0.462962962962963,1.6000000000000014,True,False,False
2.0,0.03,155.0,4.65,1754.0440645600763,0.4480286738351255,2.3199999999999976,True,False,False
2.0,0.03,160.0,4.8,1345.7232339592558,0.4340277777777778,3.0399999999999983,True,False,False
2.0,0.03,165.0,4.95,1093.780593801302,0.4208754208754208,3.759999999999999,True,False,False
2.0,0.03,170.0,5.1,922.8195165512625,0.4084967320261438,4.48,True,False,False
2.0,0.03,175.0,5.25,799.2015068473878,0.3968253968253968,5.2,True,False,False
2.0,0.03,180.0,5.4,705.6527427471589,0.38580246913580246,5.919999999999996,True,False,False
2.0,0.03,185.0,5.55,632.3916624277018,0.3753753753753754,6.639999999999997,True,False,False
2.0,0.03,190.0,5.7,573.4642717359649,0.36549707602339176,7.359999999999997,True,False,False
2.0,0.03,195.0,5.85,525.0387922566165,0.3561253561253562,8.079999999999998,True,False,False
2.0,0.03,200.0,6.0,484.5374821466161,0.3472222222222222,8.799999999999999,True,False,False
2.0,0.03,205.0,6.15,450.1624206246832,0.33875338753387535,9.519999999999994,True,False,False
2.0,0.03,210.0,6.3,420.62135212927177,0.3306878306878307,10.24,True,False,False
2.0,0.03,215.0,6.45,394.9615919033306,0.32299741602067183,10.96,True,False,False
2.0,0.03,220.0,6.6,372.46536376003985,0.3156565656565657,11.679999999999996,True,False,False
2.0,0.03,225.0,6.75,352.58160082048596,0.30864197530864196,12.399999999999999,True,False,False
2.0,0.03,230.0,6.9,334.8802021060051,0.30193236714975846,13.119999999999997,True,False,False
2.0,0.03,235.0,7.05,319.0205674196205,0.29550827423167847,13.839999999999998,True,False,False
2.0,0.03,240.0,7.2,304.72946803188944,0.2893518518518519,14.559999999999995,True,False,False
2.0,0.03,245.0,7.35,291.7851738220595,0.28344671201814065,15.279999999999996,True,False,False
2.0,0.03,250.0,7.5,280.0058660911144,0.2777777777777778,15.999999999999996,True,False,False
2.0,0.03,255.0,7.65,269.2410441934564,0.27233115468409586,16.719999999999995,True,False,False
2.0,0.03,260.0,7.8,259.3650608011096,0.2670940170940171,17.439999999999998,True,False,False
2.0,0.03,265.0,7.95,250.27219503458775,0.2620545073375262,18.159999999999993,True,False,False
2.0,0.03,270.0,8.1,241.87285292822418,0.257201646090535,18.88,True,False,False
2.0,0.03,275.0,8.25,234.0906053439609,0.2525252525252525,19.6,True,False,False
2.0,0.03,280.0,8.4,226.8598556199997,0.24801587301587302,20.32,True,False,False
2.0,0.03,285.0,8.55,220.12398610528308,0.24366471734892792,21.039999999999992,True,False,False
2.0,0.03,290.0,8.7,213.8338726613933,0.23946360153256704,21.75999999999999,True,False,False
2.0,0.03,295.0,8.85,207.94668463383803,0.23540489642184556,22.479999999999993,True,False,False
2.0,0.03,300.0,9.0,202.4249082769585,0.2314814814814815,23.200000000000003,True,False,False
2.0,0.04,10.0,0.4,nan,5.208333333333333,-18.08,False,False,False
2.0,0.04,15.0,0.6,nan,3.4722222222222223,-17.12,False,False,False
2.0,0.04,20.0,0.8,nan,2.6041666666666665,-16.16,False,False,False
2.0,0.04,25.0,1.0,nan,2.0833333333333335,-15.2,False,False,False
2.0,0.04,30.0,1.2,nan,1.7361111111111112,-14.24,False,False,False
2.0,0.04,35.0,1.4,nan,1.4880952380952377,-13.279999999999998,False,False,False
2.0,0.04,40.0,1.6,nan,1.3020833333333333,-12.32,False,False,False
2.0,0.04,45.0,1.8,nan,1.1574074074074072,-11.360000000000001,False,False,False
2.0,0.04,50.0,2.0,nan,1.0416666666666667,-10.4,False,False,False
2.0,0.04,55.0,2.2,nan,0.9469696969696969,-9.44,False,False,False
2.0,0.04,60.0,2.4,nan,0.8680555555555556,-8.48,False,False,False
2.0,0.04,65.0,2.6,nan,0.8012820512820511,-7.52,False,False,False
2.0,0.04,70.0,2.8,nan,0.7440476190476188,-6.559999999999999,False,False,False
2.0,0.04,75.0,3.0,nan,0.6944444444444444,-5.6000000000000005,False,False,False
2.0,0.04,80.0,3.2,nan,0.6510416666666666,-4.64,False,False,False
2.0,0.04,85.0,3.4,nan,0.6127450980392156,-3.680000000000001,False,False,False
2.0,0.04,90.0,3.6,nan,0.5787037037037036,-2.7200000000000024,False,False,False
2.0,0.04,95.0,3.8,nan,0.5482456140350876,-1.7599999999999993,False,False,False
2.0,0.04,100.0,4.0,nan,0.5208333333333334,-0.8000000000000007,False,False,False
2.0,0.04,105.0,4.2,25028.3314088068,0.49603174603174605,0.16000000000000014,True,False,False
2.0,0.04,110.0,4.4,3601.2097268018774,0.47348484848484845,1.120000000000001,True,False,False
2.0,0.04,115.0,4.6,1952.969597416887,0.45289855072463764,2.0799999999999974,True,False,False
2.0,0.04,120.0,4.8,1345.7232339592558,0.4340277777777778,3.0399999999999983,True,False,False
2.0,0.04,125.0,5.0,1029.9551249612875,0.41666666666666663,3.999999999999999,True,False,False
2.0,0.04,130.0,5.2,836.4198323496296,0.40064102564102555,4.96,True,False,False
2.0,0.04,135.0,5.4,705.6527427471583,0.3858024691358024,5.920000000000001,True,False,False
2.0,0.04,140.0,5.6,611.3787944290974,0.3720238095238094,6.880000000000002,True,False,False
2.0,0.04,145.0,5.8,540.1923436583173,0.35919540229885055,7.839999999999998,True,False,False
2.0,0.04,150.0,6.0,484.5374821466161,0.3472222222222222,8.799999999999999,True,False,False
2.0,0.04,155.0,6.2,439.83111798147917,0.33602150537634407,9.759999999999996,True,False,False
2.0,0.04,160.0,6.4,403.1318638160681,0.3255208333333333,10.72,True,False,False
2.0,0.04,165.0,6.6,372.4653637600397,0.31565656565656564,11.680000000000001,True,False,False
2.0,0.04,170.0,6.8,346.4570662441676,0.3063725490196078,12.639999999999999,True,False,False
2.0,0.04,175.0,7.0,324.1205283775951,0.2976190476190476,13.599999999999998,True,False,False
2.0,0.04,180.0,7.2,304.72946803188944,0.2893518518518518,14.559999999999995,True,False,False
2.0,0.04,185.0,7.4,287.7373017495697,0.2815315315315315,15.52,True,False,False
2.0,0.04,190.0,7.6,272.72480532538447,0.2741228070175438,16.48,True,False,False
2.0,0.04,195.0,7.8,259.3650608011096,0.2670940170940171,17.439999999999998,True,False,False
2.0,0.04,200.0,8.0,247.39937657501986,0.2604166666666667,18.4,True,False,False
2.0,0.04,205.0,8.2,236.62037177631098,0.2540650406504065,19.36,True,False,False
2.0,0.04,210.0,8.4,226.8598556199997,0.24801587301587302,20.32,True,False,False
2.0,0.04,215.0,8.6,217.97998753794215,0.24224806201550392,21.28,True,False,False
2.0,0.04,220.0,8.8,209.86672677232113,0.23674242424242423,22.240000000000002,True,False,False
2.0,0.04,225.0,9.0,202.4249082769585,0.2314814814814815,23.200000000000003,True,False,False
2.0,0.04,230.0,9.2,195.5744925759293,0.22644927536231882,24.159999999999997,True,False,False
2.0,0.04,235.0,9.4,189.24767552720812,0.22163120567375888,25.119999999999997,True,False,False
2.0,0.04,240.0,9.6,183.386636420724,0.2170138888888889,26.079999999999995,True,False,False
2.0,0.04,245.0,9.8,177.94176577150503,0.21258503401360546,27.039999999999996,True,False,False
2.0,0.04,250.0,10.0,172.8702576810896,0.20833333333333331,28.0,True,False,False
2.0,0.04,255.0,10.2,168.13498217125428,0.20424836601307186,28.96,True,True,False
2.0,0.04,260.0,10.4,163.70357460857412,0.20032051282051277,29.92,True,True,False
2.0,0.04,265.0,10.6,159.54769497725235,0.19654088050314464,30.88,True,True,False
2.0,0.04,270.0,10.8,155.64242115284446,0.1929012345679012,31.84,True,True,False
2.0,0.04,275.0,11.0,151.96574872303603,0.1893939393939394,32.800000000000004,True,True,False
2.0,0.04,280.0,11.2,148.49817614705557,0.1860119047619047,33.76,True,True,False
2.0,0.04,285.0,11.4,145.22235873656714,0.18274853801169588,34.71999999999999,True,True,False
2.0,0.04,290.0,11.6,142.12281849614985,0.17959770114942528,35.67999999999999,True,True,False
2.0,0.04,295.0,11.8,139.18569957837445,0.17655367231638416,36.64,True,True,False
2.0,0.04,300.0,12.0,136.39856120108124,0.1736111111111111,37.6,True,True,False
2.0,0.05,10.0,0.5,nan,4.166666666666667,-17.6,False,False,False
2.0,0.05,15.0,0.75,nan,2.7777777777777777,-16.400000000000002,False,False,False
2.0,0.05,20.0,1.0,nan,2.0833333333333335,-15.2,False,False,False
2.0,0.05,25.0,1.25,nan,1.6666666666666665,-14.0,False,False,False
2.0,0.05,30.0,1.5,nan,1.3888888888888888,-12.8,False,False,False
2.0,0.05,35.0,1.75,nan,1.1904761904761905,-11.6,False,False,False
2.0,0.05,40.0,2.0,nan,1.0416666666666667,-10.4,False,False,False
2.0,0.05,45.0,2.25,nan,0.925925925925926,-9.200000000000001,False,False,False
2.0,0.05,50.0,2.5,nan,0.8333333333333333,-7.999999999999998,False,False,False
2.0,0.05,55.0,2.75,nan,0.7575757575757576,-6.799999999999999,False,False,False
2.0,0.05,60.0,3.0,nan,0.6944444444444444,-5.6000000000000005,False,False,False
2.0,0.05,65.0,3.25,nan,0.641025641025641,-4.3999999999999995,False,False,False
2.0,0.05,70.0,3.5,nan,0.5952380952380952,-3.1999999999999984,False,False,False
2.0,0.05,75.0,3.75,nan,0.5555555555555556,-1.9999999999999996,False,False,False
2.0,0.05,80.0,4.0,nan,0.5208333333333334,-0.8000000000000007,False,False,False
2.0,0.05,85.0,4.25,10029.346231403353,0.49019607843137253,0.40000000000000036,True,False,False
2.0,0.05,90.0,4.5,2529.853642701638,0.462962962962963,1.599999999999997,True,False,False
2.0,0.05,95.0,4.75,1458.497558601385,0.43859649122807015,2.8000000000000025,True,False,False
2.0,0.05,100.0,5.0,1029.9551249612862,0.41666666666666663,4.0000000000000036,True,False,False
2.0,0.05,105.0,5.25,799.2015068473878,0.3968253968253968,5.2,True,False,False
2.0,0.05,110.0,5.5,654.9804955262007,0.3787878787878788,6.400000000000001,True,False,False
2.0,0.05,115.0,5.75,556.3029614643361,0.3623188405797102,7.599999999999998,True,False,False
2.0,0.05,120.0,6.0,484.5374821466161,0.3472222222222222,8.799999999999999,True,False,False
2.0,0.05,125.0,6.25,429.99571786514883,0.3333333333333333,10.0,True,False,False
2.0,0.05,130.0,6.5,387.141474501139,0.3205128205128205,11.200000000000001,True,False,False
2.0,0.05,135.0,6.75,352.5816008204858,0.30864197530864196,12.400000000000002,True,False,False
2.0,0.05,140.0,7.0,324.12052837759495,0.2976190476190476,13.600000000000003,True,False,False
2.0,0.05,145.0,7.25,300.27476497949743,0.28735632183908044,14.8,True,False,False
2.0,0.05,150.0,7.5,280.00586609111434,0.2777777777777778,16.0,True,False,False
2.0,0.05,155.0,7.75,262.56518565227316,0.2688172043010753,17.199999999999996,True,False,False
2.0,0.05,160.0,8.0,247.39937657501986,0.2604166666666667,18.4,True,False,False
2.0,0.05,165.0,8.25,234.09060534396085,0.2525252525252525,19.600000000000005,True,False,False
2.0,0.05,170.0,8.5,222.3174615626395,0.24509803921568626,20.8,True,False,False
2.0,0.05,175.0,8.75,211.82866073928042,0.23809523809523808,22.0,True,False,False
2.0,0.05,180.0,9.0,202.42490827695855,0.2314814814814815,23.199999999999992,True,False,False
2.0,0.05,185.0,9.25,193.94611507322563,0.2252252252252252,24.400000000000002,True,False,False
2.0,0.05,190.0,9.5,186.26220873234269,0.21929824561403508,25.600000000000005,True,False,False
2.0,0.05,195.0,9.75,179.2664134070613,0.2136752136752137,26.799999999999997,True,False,False
2.0,0.05,200.0,10.0,172.87025768108958,0.20833333333333331,28.000000000000007,True,False,False
2.0,0.05,205.0,10.25,166.9998133846499,0.2032520325203252,29.2,True,True,False
2.0,0.05,210.0,10.5,161.59282521687652,0.1984126984126984,30.4,True,True,False
2.0,0.05,215.0,10.75,156.59649437830106,0.19379844961240308,31.6,True,True,False
2.0,0.05,220.0,11.0,151.96574872303603,0.1893939393939394,32.800000000000004,True,True,False
2.0,0.05,225.0,11.25,147.66187923167206,0.18518518518518517,34.0,True,True,False
2.0,0.05,230.0,11.5,143.65145538744656,0.1811594202898551,35.199999999999996,True,True,False
2.0,0.05,235.0,11.75,139.9054550933897,0.17730496453900707,36.400000000000006,True,True,False
2.0,0.05,240.0,12.0,136.39856120108124,0.1736111111111111,37.6,True,True,False
2.0,0.05,245.0,12.25,133.1085885804619,0.17006802721088435,38.8,True,True,False
2.0,0.05,250.0,12.5,130.01601431707974,0.16666666666666666,40.0,True,True,False
2.0,0.05,255.0,12.75,127.1035900107878,0.16339869281045752,41.2,True,True,False
2.0,0.05,260.0,13.0,124.35601991051242,0.16025641025641024,42.4,True,True,False
2.0,0.05,265.0,13.25,121.75969220107787,0.15723270440251574,43.599999999999994,True,True,False
2.0,0.05,270.0,13.5,119.30245347607728,0.15432098765432098,44.800000000000004,True,True,False
2.0,0.05,275.0,13.75,116.97341851064193,0.1515151515151515,46.00000000000001,True,True,False
2.0,0.05,280.0,14.0,114.76280905192367,0.1488095238095238,47.20000000000001,True,True,False
2.0,0.05,285.0,14.25,112.66181659115838,0.14619883040935672,48.4,True,True,False
2.0,0.05,290.0,14.5,110.66248505591399,0.14367816091954022,49.6,True,True,False
2.0,0.05,295.0,14.75,108.75761012863389,0.14124293785310735,50.8,True,True,False
2.0,0.05,300.0,15.0,106.94065250568983,0.1388888888888889,52.0,True,True,False
2.0,0.06,10.0,0.6,nan,3.4722222222222223,-17.12,False,False,False
2.0,0.06,15.0,0.9,nan,2.3148148148148153,-15.68,False,False,False
2.0,0.06,20.0,1.2,nan,1.7361111111111112,-14.24,False,False,False
2.0,0.06,25.0,1.5,nan,1.3888888888888888,-12.8,False,False,False
2.0,0.06,30.0,1.8,nan,1.1574074074074077,-11.360000000000001,False,False,False
2.0,0.06,35.0,2.1,nan,0.9920634920634921,-9.92,False,False,False
2.0,0.06,40.0,2.4,nan,0.8680555555555556,-8.48,False,False,False
2.0,0.06,45.0,2.7,nan,0.7716049382716049,-7.040000000000002,False,False,False
2.0,0.06,50.0,3.0,nan,0.6944444444444444,-5.6000000000000005,False,False,False
2.0,0.06,55.0,3.3,nan,0.6313131313131314,-4.160000000000001,False,False,False
2.0,0.06,60.0,3.6,nan,0.5787037037037038,-2.7200000000000024,False,False,False
2.0,0.06,65.0,3.9,nan,0.5341880341880342,-1.2800000000000011,False,False,False
2.0,0.06,70.0,4.2,25028.3314088068,0.49603174603174605,0.16000000000000014,True,False,False
2.0,0.06,75.0,4.5,2529.8536427016315,0.462962962962963,1.6000000000000014,True,False,False
2.0,0.06,80.0,4.8,1345.7232339592558,0.4340277777777778,3.0399999999999983,True,False,False
2.0,0.06,85.0,5.1,922.8195165512625,0.4084967320261438,4.48,True,False,False
2.0,0.06,90.0,5.4,705.6527427471589,0.38580246913580246,5.919999999999996,True,False,False
2.0,0.06,95.0,5.7,573.4642717359649,0.36549707602339176,7.359999999999997,True,False,False
2.0,0.06,100.0,6.0,484.5374821466161,0.3472222222222222,8.799999999999999,True,False,False
2.0,0.06,105.0,6.3,420.62135212927177,0.3306878306878307,10.24,True,False,False
2.0,0.06,110.0,6.6,372.46536376003985,0.3156565656565657,11.679999999999996,True,False,False
2.0,0.06,115.0,6.9,334.8802021060051,0.30193236714975846,13.119999999999997,True,False,False
2.0,0.06,120.0,7.2,304.72946803188944,0.2893518518518519,14.559999999999995,True,False,False
2.0,0.06,125.0,7.5,280.0058660911144,0.2777777777777778,15.999999999999996,True,False,False
2.0,0.06,130.0,7.8,259.3650608011096,0.2670940170940171,17.439999999999998,True,False,False
2.0,0.06,135.0,8.1,241.87285292822418,0.257201646090535,18.88,True,False,False
2.0,0.06,140.0,8.4,226.8598556199997,0.24801587301587302,20.32,True,False,False
2.0,0.06,145.0,8.7,213.8338726613933,0.23946360153256704,21.75999999999999,True,False,False
2.0,0.06,150.0,9.0,202.4249082769585,0.2314814814814815,23.200000000000003,True,False,False
2.0,0.06,155.0,9.3,192.34945921018507,0.22401433691756276,24.639999999999997,True,False,False
2.0,0.06,160.0,9.6,183.386636420724,0.2170138888888889,26.079999999999995,True,False,False
2.0,0.06,165.0,9.9,175.36178345806695,0.2104377104377104,27.519999999999996,True,False,False
2.0,0.06,170.0,10.2,168.13498217125428,0.2042483660130719,28.96,True,True,False
2.0,0.06,175.0,10.5,161.59282521687652,0.1984126984126984,30.4,True,True,False
2.0,0.06,180.0,10.8,155.6424211528445,0.19290123456790123,31.839999999999993,True,True,False
2.0,0.06,185.0,11.1,150.20695590204596,0.1876876876876877,33.279999999999994,True,True,False
2.0,0.06,190.0,11.4,145.22235873656714,0.18274853801169588,34.71999999999999,True,True,False
2.0,0.06,195.0,11.7,140.634764885153,0.1780626780626781,36.16,True,True,False
2.0,0.06,200.0,12.0,136.39856120108124,0.1736111111111111,37.6,True,True,False
2.0,0.06,205.0,12.3,132.4748643461623,0.16937669376693767,39.03999999999999,True,True,False
2.0,0.06,210.0,12.6,128.83032378922175,0.16534391534391535,40.48,True,True,False
2.0,0.06,215.0,12.9,125.43617151481914,0.16149870801033592,41.92,True,True,False
2.0,0.06,220.0,13.2,122.26746108890086,0.15782828282828285,43.35999999999999,True,True,False
2.0,0.06,225.0,13.5,119.30245347607732,0.15432098765432098,44.79999999999999,True,True,False
2.0,0.06,230.0,13.8,116.52211761768565,0.15096618357487923,46.24,True,True,False
2.0,0.06,235.0,14.1,113.90972150912972,0.14775413711583923,47.68,True,True,False
2.0,0.06,240.0,14.4,111.45049520498426,0.14467592592592596,49.11999999999999,True,True,False
2.0,0.06,245.0,14.7,109.13135141183442,0.14172335600907032,50.559999999999995,True,True,False
2.0,0.06,250.0,15.0,106.94065250568983,0.1388888888888889,51.99999999999999,True,True,False
2.0,0.06,255.0,15.3,104.86801521724163,0.13616557734204793,53.43999999999999,True,True,False
2.0,0.06,260.0,15.6,102.90414606637965,0.13354700854700854,54.879999999999995,True,True,False
2.0,0.06,265.0,15.9,101.04070204255036,0.1310272536687631,56.319999999999986,True,True,False
2.0,0.06,270.0,16.2,99.27017212517237,0.1286008230452675,57.76,True,True,True
2.0,0.06,275.0,16.5,97.58577609566687,0.12626262626262624,59.2,True,True,True
2.0,0.06,280.0,16.8,95.98137776677112,0.12400793650793651,60.64,True,True,True
2.0,0.06,285.0,17.1,94.45141028818497,0.12183235867446396,62.079999999999984,True,True,True
2.0,0.06,290.0,17.4,92.99081161215436,0.11973180076628352,63.51999999999998,True,True,True
2.0,0.06,295.0,17.7,91.59496854245023,0.11770244821092278,64.95999999999998,True,True,True
2.0,0.06,300.0,18.0,90.2596680637212,0.11574074074074076,66.4,True,True,True
2.0,0.07,10.0,0.7,nan,2.9761904761904754,-16.64,False,False,False
2.0,0.07,15.0,1.05,nan,1.9841269841269842,-14.96,False,False,False
2.0,0.07,20.0,1.4,nan,1.4880952380952377,-13.279999999999998,False,False,False
2.0,0.07,25.0,1.75,nan,1.1904761904761905,-11.6,False,False,False
2.0,0.07,30.0,2.1,nan,0.9920634920634921,-9.92,False,False,False
2.0,0.07,35.0,2.45,nan,0.8503401360544218,-8.239999999999998,False,False,False
2.0,0.07,40.0,2.8,nan,0.7440476190476188,-6.559999999999999,False,False,False
2.0,0.07,45.0,3.15,nan,0.6613756613756613,-4.88,False,False,False
2.0,0.07,50.0,3.5,nan,0.5952380952380952,-3.1999999999999984,False,False,False
2.0,0.07,55.0,3.85,nan,0.5411255411255411,-1.5199999999999991,False,False,False
2.0,0.07,60.0,4.2,25028.3314088068,0.49603174603174605,0.16000000000000014,True,False,False
2.0,0.07,65.0,4.55,2203.788747540687,0.45787545787545775,1.8400000000000016,True,False,False
2.0,0.07,70.0,4.9,1166.309535664954,0.4251700680272109,3.520000000000003,True,False,False
2.0,0.07,75.0,5.25,799.2015068473875,0.39682539682539675,5.200000000000005,True,False,False
2.0,0.07,80.0,5.6,611.3787944290974,0.3720238095238094,6.880000000000002,True,False,False
2.0,0.07,85.0,5.95,497.2808850161178,0.350140056022409,8.559999999999999,True,False,False
2.0,0.07,90.0,6.3,420.62135212927177,0.33068783068783064,10.24,True,False,False
2.0,0.07,95.0,6.65,365.5705466333487,0.3132832080200501,11.920000000000005,True,False,False
2.0,0.07,100.0,7.0,324.12052837759495,0.2976190476190476,13.600000000000003,True,False,False
2.0,0.07,105.0,7.35,291.78517382205945,0.28344671201814053,15.28,True,False,False
2.0,0.07,110.0,7.7,265.85588007469596,0.27056277056277056,16.96,True,False,False
2.0,0.07,115.0,8.05,244.60053627320912,0.25879917184265006,18.64,True,False,False
2.0,0.07,120.0,8.4,226.8598556199997,0.24801587301587302,20.32,True,False,False
2.0,0.07,125.0,8.75,211.82866073928042,0.23809523809523808,22.0,True,False,False
2.0,0.07,130.0,9.1,198.93027053758212,0.22893772893772887,23.680000000000003,True,False,False
2.0,0.07,135.0,9.45,187.74081531528861,0.2204585537918871,25.360000000000003,True,False,False
2.0,0.07,140.0,9.8,177.94176577150498,0.21258503401360546,27.040000000000006,True,False,False
2.0,0.07,145.0,10.15,169.28912313813618,0.20525451559934318,28.72,True,True,False
2.0,0.07,150.0,10.5,161.59282521687646,0.19841269841269837,30.400000000000006,True,True,False
2.0,0.07,155.0,10.85,154.70262333724503,0.1920122887864823,32.08,True,True,False
2.0,0.07,160.0,11.2,148.49817614705557,0.1860119047619047,33.76,True,True,False
2.0,0.07,165.0,11.55,142.88196097038292,0.18037518037518036,35.440000000000005,True,True,False
2.0,0.07,170.0,11.9,137.77411009849533,0.1750700280112045,37.12,True,True,False
2.0,0.07,175.0,12.25,133.10858858046188,0.17006802721088432,38.800000000000004,True,True,False
2.0,0.07,180.0,12.6,128.83032378922175,0.16534391534391532,40.48,True,True,False
2.0,0.07,185.0,12.95,124.89302127735941,0.16087516087516085,42.16,True,True,False
2.0,0.07,190.0,13.3,121.25748282662515,0.15664160401002505,43.84000000000002,True,True,False
2.0,0.07,195.0,13.65,117.89029695046185,0.15262515262515258,45.52000000000001,True,True,False
2.0,0.07,200.0,14.0,114.76280905192367,0.1488095238095238,47.20000000000001,True,True,False
2.0,0.07,205.0,14.35,111.85030395492173,0.1451800232288037,48.88,True,True,False
2.0,0.07,210.0,14.7,109.13135141183444,0.14172335600907027,50.56,True,True,False
2.0,0.07,215.0,15.05,106.58727789908353,0.13842746400885936,52.24000000000001,True,True,False
2.0,0.07,220.0,15.4,104.20173715715688,0.13528138528138528,53.92,True,True,False
2.0,0.07,225.0,15.75,101.96035858956247,0.13227513227513224,55.60000000000001,True,True,False
2.0,0.07,230.0,16.1,99.85045753570965,0.12939958592132503,57.28,True,True,True
2.0,0.07,235.0,16.45,97.8607950765133,0.1266464032421479,58.96000000000001,True,True,True
2.0,0.07,240.0,16.8,95.98137776677112,0.12400793650793651,60.64,True,True,True
2.0,0.07,245.0,17.15,94.20328975999317,0.1214771622934888,62.32000000000001,True,True,True
2.0,0.07,250.0,17.5,92.5185513735711,0.11904761904761904,64.0,True,True,True
2.0,0.07,255.0,17.85,90.91999936014506,0.11671335200746964,65.67999999999999,True,True,True
2.0,0.07,260.0,18.2,89.4011850956072,0.11446886446886444,67.36,True,True,True
2.0,0.07,265.0,18.55,87.95628763189276,0.11230907457322549,69.04,True,True,True
2.0,0.07,270.0,18.9,86.58003914269868,0.11022927689594356,70.72000000000001,True,True,True
2.0,0.07,275.0,19.25,85.26766074913573,0.1082251082251082,72.4,True,True,True
2.0,0.07,280.0,19.6,84.01480707752701,0.10629251700680273,74.08000000000001,True,True,True
2.0,0.07,285.0,19.95,82.8175181938883,0.10442773600668337,75.76,True,True,True
2.0,0.07,290.0,20.3,81.67217779487027,0.10262725779967159,77.44,True,True,True
2.0,0.07,295.0,20.65,80.57547672523415,0.10088781275221953,79.12000000000002,True,True,True
2.0,0.07,300.0,21.0,79.52438104661266,0.09920634920634919,80.80000000000001,True,True,True
2.0,0.08,10.0,0.8,nan,2.6041666666666665,-16.16,False,False,False
2.0,0.08,15.0,1.2,nan,1.7361111111111112,-14.24,False,False,False
2.0,0.08,20.0,1.6,nan,1.3020833333333333,-12.32,False,False,False
2.0,0.08,25.0,2.0,nan,1.0416666666666667,-10.4,False,False,False
2.0,0.08,30.0,2.4,nan,0.8680555555555556,-8.48,False,False,False
2.0,0.08,35.0,2.8,nan,0.7440476190476188,-6.559999999999999,False,False,False
2.0,0.08,40.0,3.2,nan,0.6510416666666666,-4.64,False,False,False
2.0,0.08,45.0,3.6,nan,0.5787037037037036,-2.7200000000000024,False,False,False
2.0,0.08,50.0,4.0,nan,0.5208333333333334,-0.8000000000000007,False,False,False
2.0,0.08,55.0,4.4,3601.2097268018774,0.47348484848484845,1.120000000000001,True,False,False
2.0,0.08,60.0,4.8,1345.7232339592558,0.4340277777777778,3.0399999999999983,True,False,False
2.0,0.08,65.0,5.2,836.4198323496296,0.40064102564102555,4.96,True,False,False
2.0,0.08,70.0,5.6,611.3787944290974,0.3720238095238094,6.880000000000002,True,False,False
2.0,0.08,75.0,6.0,484.5374821466161,0.3472222222222222,8.799999999999999,True,False,False
2.0,0.08,80.0,6.4,403.1318638160681,0.3255208333333333,10.72,True,False,False
2.0,0.08,85.0,6.8,346.4570662441676,0.3063725490196078,12.639999999999999,True,False,False
2.0,0.08,90.0,7.2,304.72946803188944,0.2893518518518518,14.559999999999995,True,False,False
2.0,0.08,95.0,7.6,272.72480532538447,0.2741228070175438,16.48,True,False,False
2.0,0.08,100.0,8.0,247.39937657501986,0.2604166666666667,18.4,True,False,False
2.0,0.08,105.0,8.4,226.8598556199997,0.24801587301587302,20.32,True,False,False
2.0,0.08,110.0,8.8,209.86672677232113,0.23674242424242423,22.240000000000002,True,False,False
2.0,0.08,115.0,9.2,195.5744925759293,0.22644927536231882,24.159999999999997,True,False,False
2.0,0.08,120.0,9.6,183.386636420724,0.2170138888888889,26.079999999999995,True,False,False
2.0,0.08,125.0,10.0,172.8702576810896,0.20833333333333331,28.0,True,False,False
2.0,0.08,130.0,10.4,163.70357460857412,0.20032051282051277,29.92,True,True,False
2.0,0.08,135.0,10.8,155.64242115284446,0.1929012345679012,31.84,True,True,False
2.0,0.08,140.0,11.2,148.49817614705557,0.1860119047619047,33.76,True,True,False
2.0,0.08,145.0,11.6,142.12281849614985,0.17959770114942528,35.67999999999999,True,True,False
2.0,0.08,150.0,12.0,136.39856120108124,0.1736111111111111,37.6,True,True,False
2.0,0.08,155.0,12.4,131.23050704399503,0.16801075268817203,39.519999999999996,True,True,False
2.0,0.08,160.0,12.8,126.54134593621409,0.16276041666666666,41.44,True,True,False
2.0,0.08,165.0,13.2,122.26746108890086,0.15782828282828282,43.36,True,True,False
2.0,0.08,170.0,13.6,118.35602583994634,0.1531862745098039,45.279999999999994,True,True,False
2.0,0.08,175.0,14.0,114.76280905192367,0.1488095238095238,47.2,True,True,False
2.0,0.08,180.0,14.4,111.45049520498426,0.1446759259259259,49.11999999999999,True,True,False
2.0,0.08,185.0,14.8,108.38738365373935,0.14076576576576574,51.04,True,True,False
2.0,0.08,190.0,15.2,105.5463708252433,0.1370614035087719,52.96,True,True,False
2.0,0.08,195.0,15.6,102.90414606637965,0.13354700854700854,54.879999999999995,True,True,False
2.0,0.08,200.0,16.0,100.44055058698841,0.13020833333333334,56.8,True,True,False
2.0,0.08,205.0,16.4,98.1380621689198,0.12703252032520326,58.72,True,True,True
2.0,0.08,210.0,16.8,95.98137776677112,0.12400793650793651,60.64,True,True,True
2.0,0.08,215.0,17.2,93.95707296986939,0.12112403100775196,62.56,True,True,True
2.0,0.08,220.0,17.6,92.05332230479307,0.11837121212121211,64.48,True,True,True
2.0,0.08,225.0,18.0,90.2596680637212,0.11574074074074076,66.4,True,True,True
2.0,0.08,230.0,18.4,88.56682811254562,0.11322463768115941,68.31999999999998,True,True,True
2.0,0.08,235.0,18.8,86.96653522020424,0.11081560283687944,70.23999999999998,True,True,True
2.0,0.08,240.0,19.2,85.45140203832003,0.10850694444444445,72.16,True,True,True
2.0,0.08,245.0,19.6,84.01480707752702,0.10629251700680273,74.08,True,True,True
2.0,0.08,250.0,20.0,82.65079796738462,0.10416666666666666,76.0,True,True,True
2.0,0.08,255.0,20.4,81.35400901872768,0.10212418300653593,77.92,True,True,True
2.0,0.08,260.0,20.8,80.11959068082777,0.10016025641025639,79.84,True,True,True
2.0,0.08,265.0,21.2,78.94314893805428,0.09827044025157232,81.76,True,True,True
2.0,0.08,270.0,21.6,77.82069304963369,0.0964506172839506,83.68,True,True,True
2.0,0.08,275.0,22.0,76.7485903225628,0.0946969696969697,85.6,True,True,True
2.0,0.08,280.0,22.4,75.7235268376303,0.09300595238095236,87.52,True,True,True
2.0,0.08,285.0,22.8,74.74247323398295,0.09137426900584794,89.43999999999998,True,True,True
2.0,0.08,290.0,23.2,73.80265480807205,0.08979885057471264,91.35999999999999,True,True,True
2.0,0.08,295.0,23.6,72.90152530535474,0.08827683615819208,93.28,True,True,True
2.0,0.08,300.0,24.0,72.03674388341932,0.08680555555555555,95.2,True,True,True
2.0,0.09,10.0,0.9,nan,2.3148148148148144,-15.68,False,False,False
2.0,0.09,15.0,1.35,nan,1.5432098765432096,-13.519999999999998,False,False,False
2.0,0.09,20.0,1.8,nan,1.1574074074074072,-11.359999999999998,False,False,False
2.0,0.09,25.0,2.25,nan,0.9259259259259257,-9.2,False,False,False
2.0,0.09,30.0,2.7,nan,0.7716049382716048,-7.04,False,False,False
2.0,0.09,35.0,3.15,nan,0.6613756613756613,-4.879999999999998,False,False,False
2.0,0.09,40.0,3.6,nan,0.5787037037037036,-2.719999999999998,False,False,False
2.0,0.09,45.0,4.05,nan,0.51440329218107,-0.5600000000000005,False,False,False
2.0,0.09,50.0,4.5,2529.8536427016315,0.46296296296296285,1.6000000000000014,True,False,False
2.0,0.09,55.0,4.95,1093.7805938013012,0.4208754208754208,3.7600000000000033,True,False,False
2.0,0.09,60.0,5.4,705.6527427471583,0.3858024691358024,5.920000000000001,True,False,False
2.0,0.09,65.0,5.85,525.0387922566163,0.3561253561253561,8.080000000000004,True,False,False
2.0,0.09,70.0,6.3,420.62135212927166,0.33068783068783064,10.240000000000004,True,False,False
2.0,0.09,75.0,6.75,352.5816008204858,0.3086419753086419,12.400000000000002,True,False,False
2.0,0.09,80.0,7.2,304.7294680318892,0.2893518518518518,14.560000000000004,True,False,False
2.0,0.09,85.0,7.65,269.24104419345633,0.2723311546840958,16.720000000000002,True,False,False
2.0,0.09,90.0,8.1,241.87285292822418,0.257201646090535,18.88,True,False,False
2.0,0.09,95.0,8.55,220.12398610528297,0.24366471734892786,21.04000000000001,True,False,False
2.0,0.09,100.0,9.0,202.4249082769585,0.23148148148148143,23.200000000000003,True,False,False
2.0,0.09,105.0,9.45,187.74081531528861,0.2204585537918871,25.360000000000003,True,False,False
2.0,0.09,110.0,9.9,175.3617834580669,0.2104377104377104,27.520000000000007,True,False,False
2.0,0.09,115.0,10.35,164.78455138599344,0.20128824476650561,29.68,True,True,False
2.0,0.09,120.0,10.8,155.64242115284446,0.1929012345679012,31.84,True,True,False
2.0,0.09,125.0,11.25,147.66187923167206,0.18518518518518515,34.0,True,True,False
2.0,0.09,130.0,11.7,140.634764885153,0.17806267806267806,36.16000000000001,True,True,False
2.0,0.09,135.0,12.15,134.3998513209137,0.17146776406035663,38.32000000000001,True,True,False
2.0,0.09,140.0,12.6,128.83032378922172,0.16534391534391532,40.480000000000004,True,True,False
2.0,0.09,145.0,13.05,123.82506358719465,0.15964240102171137,42.64,True,True,False
2.0,0.09,150.0,13.5,119.30245347607728,0.15432098765432095,44.800000000000004,True,True,False
2.0,0.09,155.0,13.95,115.19589267671518,0.1493428912783751,46.96,True,True,False
2.0,0.09,160.0,14.4,111.45049520498425,0.1446759259259259,49.120000000000005,True,True,False
2.0,0.09,165.0,14.85,108.0206226372681,0.14029180695847362,51.28000000000001,True,True,False
2.0,0.09,170.0,15.3,104.86801521724162,0.1361655773420479,53.44,True,True,False
2.0,0.09,175.0,15.75,101.96035858956247,0.13227513227513224,55.60000000000001,True,True,False
2.0,0.09,180.0,16.2,99.27017212517237,0.1286008230452675,57.76,True,True,True
2.0,0.09,185.0,16.65,96.77393768892256,0.1251251251251251,59.92000000000001,True,True,True
2.0,0.09,190.0,17.1,94.45141028818493,0.12183235867446393,62.08000000000002,True,True,True
2.0,0.09,195.0,17.55,92.28506779359905,0.11870845204178539,64.24000000000001,True,True,True
2.0,0.09,200.0,18.0,90.2596680637212,0.11574074074074071,66.4,True,True,True
2.0,0.09,205.0,18.45,88.36188978706781,0.1129177958446251,68.56,True,True,True
2.0,0.09,210.0,18.9,86.58003914269868,0.11022927689594356,70.72000000000001,True,True,True
2.0,0.09,215.0,19.35,84.90380862434047,0.10766580534022392,72.88000000000001,True,True,True
2.0,0.09,220.0,19.8,83.3240775174869,0.1052188552188552,75.04000000000002,True,True,True
2.0,0.09,225.0,20.25,81.83274587153498,0.10288065843621397,77.2,True,True,True
2.0,0.09,230.0,20.7,80.42259558534249,0.10064412238325281,79.36,True,True,True
2.0,0.09,235.0,21.15,79.0871735773192,0.09850275807722615,81.52000000000001,True,True,True
2.0,0.09,240.0,21.6,77.82069304963369,0.0964506172839506,83.68,True,True,True
2.0,0.09,245.0,22.05,76.61794965940851,0.09448223733938017,85.84000000000002,True,True,True
2.0,0.09,250.0,22.5,75.47425003561263,0.09259259259259257,88.0,True,True,True
2.0,0.09,255.0,22.95,74.38535057125327,0.09077705156136527,90.16,True,True,True
2.0,0.09,260.0,23.4,73.34740480799908,0.08903133903133903,92.32000000000002,True,True,True
2.0,0.09,265.0,23.85,72.35691803815368,0.08735150244584207,94.48,True,True,True
2.0,0.09,270.0,24.3,71.41070799477485,0.08573388203017832,96.64000000000001,True,True,True
2.0,0.09,275.0,24.75,70.50587069823202,0.08417508417508415,98.80000000000001,True,True,True
2.0,0.09,280.0,25.2,69.63975068696124,0.08267195767195766,100.96000000000001,True,True,True
2.0,0.09,285.0,25.65,68.80991498958387,0.08122157244964262,103.12,True,True,True
2.0,0.09,290.0,26.1,68.01413030106545,0.07982120051085569,105.28,True,True,True
2.0,0.09,295.0,26.55,67.25034291201092,0.07846829880728184,107.44000000000001,True,True,True
2.0,0.09,300.0,27.0,66.51666101128409,0.07716049382716048,109.60000000000001,True,True,True
2.0,0.1,10.0,1.0,nan,2.0833333333333335,-15.2,False,False,False
2.0,0.1,15.0,1.5,nan,1.3888888888888888,-12.8,False,False,False
2.0,0.1,20.0,2.0,nan,1.0416666666666667,-10.4,False,False,False
2.0,0.1,25.0,2.5,nan,0.8333333333333333,-7.999999999999998,False,False,False
2.0,0.1,30.0,3.0,nan,0.6944444444444444,-5.6000000000000005,False,False,False
2.0,0.1,35.0,3.5,nan,0.5952380952380952,-3.1999999999999984,False,False,False
2.0,0.1,40.0,4.0,nan,0.5208333333333334,-0.8000000000000007,False,False,False
2.0,0.1,45.0,4.5,2529.853642701638,0.462962962962963,1.599999999999997,True,False,False
2.0,0.1,50.0,5.0,1029.9551249612862,0.41666666666666663,4.0000000000000036,True,False,False
2.0,0.1,55.0,5.5,654.9804955262007,0.3787878787878788,6.400000000000001,True,False,False
2.0,0.1,60.0,6.0,484.5374821466161,0.3472222222222222,8.799999999999999,True,False,False
2.0,0.1,65.0,6.5,387.141474501139,0.3205128205128205,11.200000000000001,True,False,False
2.0,0.1,70.0,7.0,324.12052837759495,0.2976190476190476,13.600000000000003,True,False,False
2.0,0.1,75.0,7.5,280.00586609111434,0.2777777777777778,16.0,True,False,False
2.0,0.1,80.0,8.0,247.39937657501986,0.2604166666666667,18.4,True,False,False
2.0,0.1,85.0,8.5,222.3174615626395,0.24509803921568626,20.8,True,False,False
2.0,0.1,90.0,9.0,202.42490827695855,0.2314814814814815,23.199999999999992,True,False,False
2.0,0.1,95.0,9.5,186.26220873234269,0.21929824561403508,25.600000000000005,True,False,False
2.0,0.1,100.0,10.0,172.87025768108958,0.20833333333333331,28.000000000000007,True,False,False
2.0,0.1,105.0,10.5,161.59282521687652,0.1984126984126984,30.4,True,True,False
2.0,0.1,110.0,11.0,151.96574872303603,0.1893939393939394,32.800000000000004,True,True,False
2.0,0.1,115.0,11.5,143.65145538744656,0.1811594202898551,35.199999999999996,True,True,False
2.0,0.1,120.0,12.0,136.39856120108124,0.1736111111111111,37.6,True,True,False
2.0,0.1,125.0,12.5,130.01601431707974,0.16666666666666666,40.0,True,True,False
2.0,0.1,130.0,13.0,124.35601991051242,0.16025641025641024,42.4,True,True,False
2.0,0.1,135.0,13.5,119.30245347607728,0.15432098765432098,44.800000000000004,True,True,False
2.0,0.1,140.0,14.0,114.76280905192367,0.1488095238095238,47.20000000000001,True,True,False
2.0,0.1,145.0,14.5,110.66248505591399,0.14367816091954022,49.6,True,True,False
2.0,0.1,150.0,15.0,106.94065250568983,0.1388888888888889,52.0,True,True,False
2.0,0.1,155.0,15.5,103.54721694519131,0.13440860215053765,54.39999999999999,True,True,False
2.0,0.1,160.0,16.0,100.44055058698841,0.13020833333333334,56.8,True,True,False
2.0,0.1,165.0,16.5,97.58577609566687,0.12626262626262624,59.20000000000001,True,True,True
2.0,0.1,170.0,17.0,94.95345156470805,0.12254901960784313,61.6,True,True,True
2.0,0.1,175.0,17.5,92.5185513735711,0.11904761904761904,64.0,True,True,True
2.0,0.1,180.0,18.0,90.2596680637212,0.11574074074074076,66.39999999999999,True,True,True
2.0,0.1,185.0,18.5,88.15838126386079,0.1126126126126126,68.80000000000001,True,True,True
2.0,0.1,190.0,19.0,86.19875424826066,0.10964912280701754,71.20000000000002,True,True,True
2.0,0.1,195.0,19.5,84.3669289945475,0.10683760683760685,73.6,True,True,True
2.0,0.1,200.0,20.0,82.6507979673846,0.10416666666666666,76.00000000000001,True,True,True
2.0,0.1,205.0,20.5,81.03973618678275,0.1016260162601626,78.4,True,True,True
2.0,0.1,210.0,21.0,79.52438104661265,0.0992063492063492,80.8,True,True,True
2.0,0.1,215.0,21.5,78.0964502414524,0.09689922480620154,83.2,True,True,True
2.0,0.1,220.0,22.0,76.7485903225628,0.0946969696969697,85.6,True,True,True
2.0,0.1,225.0,22.5,75.47425003561263,0.09259259259259259,88.0,True,True,True
2.0,0.1,230.0,23.0,74.26757383469523,0.09057971014492755,90.39999999999999,True,True,True
2.0,0.1,235.0,23.5,73.12331192003215,0.08865248226950354,92.80000000000001,True,True,True
2.0,0.1,240.0,24.0,72.03674388341932,0.08680555555555555,95.2,True,True,True
2.0,0.1,245.0,24.5,71.00361361909893,0.08503401360544217,97.6,True,True,True
2.0,0.1,250.0,25.0,70.02007360746593,0.08333333333333333,100.0,True,True,True
2.0,0.1,255.0,25.5,69.0826370338782,0.08169934640522876,102.4,True,True,True
2.0,0.1,260.0,26.0,68.18813648656167,0.08012820512820512,104.8,True,True,True
2.0,0.1,265.0,26.5,67.33368820255784,0.07861635220125787,107.19999999999999,True,True,True
2.0,0.1,270.0,27.0,66.51666101128409,0.07716049382716049,109.60000000000001,True,True,True
2.0,0.1,275.0,27.5,65.73464927106492,0.07575757575757575,112.00000000000001,True,True,True
2.0,0.1,280.0,28.0,64.98544921225356,0.0744047619047619,114.40000000000002,True,True,True
2.0,0.1,285.0,28.5,64.267038196955,0.07309941520467836,116.8,True,True,True
2.0,0.1,290.0,29.0,63.577556484285914,0.07183908045977011,119.2,True,True,True
2.0,0.1,295.0,29.5,62.915291155011644,0.07062146892655367,121.6,True,True,True
2.0,0.1,300.0,30.0,62.278661902999616,0.06944444444444445,124.0,True,True,True
2.0,0.11,10.0,1.1,nan,1.8939393939393938,-14.72,False,False,False
2.0,0.11,15.0,1.65,nan,1.2626262626262628,-12.080000000000002,False,False,False
2.0,0.11,20.0,2.2,nan,0.9469696969696969,-9.44,False,False,False
2.0,0.11,25.0,2.75,nan,0.7575757575757576,-6.799999999999999,False,False,False
2.0,0.11,30.0,3.3,nan,0.6313131313131314,-4.160000000000001,False,False,False
2.0,0.11,35.0,3.85,nan,0.5411255411255411,-1.5199999999999991,False,False,False
2.0,0.11,40.0,4.4,3601.2097268018774,0.47348484848484845,1.120000000000001,True,False,False
2.0,0.11,45.0,4.95,1093.780593801302,0.4208754208754208,3.759999999999999,True,False,False
2.0,0.11,50.0,5.5,654.9804955262007,0.3787878787878788,6.400000000000001,True,False,False
2.0,0.11,55.0,6.05,472.4707201374419,0.34435261707988984,9.04,True,False,False
2.0,0.11,60.0,6.6,372.46536376003985,0.3156565656565657,11.679999999999996,True,False,False
2.0,0.11,65.0,7.15,309.33349073966855,0.29137529137529133,14.32,True,False,False
2.0,0.11,70.0,7.7,265.85588007469596,0.27056277056277056,16.96,True,False,False
2.0,0.11,75.0,8.25,234.0906053439609,0.2525252525252525,19.6,True,False,False
2.0,0.11,80.0,8.8,209.86672677232113,0.23674242424242423,22.240000000000002,True,False,False
2.0,0.11,85.0,9.35,190.78360699723527,0.22281639928698754,24.879999999999995,True,False,False
2.0,0.11,90.0,9.9,175.36178345806695,0.2104377104377104,27.519999999999996,True,False,False
2.0,0.11,95.0,10.45,162.63980170559654,0.19936204146730463,30.16,True,True,False
2.0,0.11,100.0,11.0,151.96574872303603,0.1893939393939394,32.800000000000004,True,True,False
2.0,0.11,105.0,11.55,142.88196097038298,0.18037518037518036,35.43999999999999,True,True,False
2.0,0.11,110.0,12.1,135.05769000696327,0.17217630853994492,38.08,True,True,False
2.0,0.11,115.0,12.65,128.24796105451748,0.16469038208168643,40.71999999999999,True,True,False
2.0,0.11,120.0,13.2,122.26746108890086,0.15782828282828285,43.35999999999999,True,True,False
2.0,0.11,125.0,13.75,116.97341851064195,0.1515151515151515,46.0,True,True,False
2.0,0.11,130.0,14.3,112.25405818594409,0.14568764568764567,48.64,True,True,False
2.0,0.11,135.0,14.85,108.02062263726813,0.14029180695847362,51.28,True,True,False
2.0,0.11,140.0,15.4,104.20173715715688,0.13528138528138528,53.92,True,True,False
2.0,0.11,145.0,15.95,100.73935300899379,0.13061650992685478,56.56,True,True,False
2.0,0.11,150.0,16.5,97.58577609566687,0.12626262626262624,59.2,True,True,True
2.0,0.11,155.0,17.05,94.70145671957098,0.12218963831867057,61.83999999999999,True,True,True
2.0,0.11,160.0,17.6,92.05332230479307,0.11837121212121211,64.48,True,True,True
2.0,0.11,165.0,18.15,89.6135035889131,0.1147842056932966,67.12,True,True,True
2.0,0.11,170.0,18.7,87.35835005106992,0.11140819964349377,69.75999999999999,True,True,True
2.0,0.11,175.0,19.25,85.26766074913573,0.10822510822510822,72.4,True,True,True
2.0,0.11,180.0,19.8,83.32407751748688,0.1052188552188552,75.04,True,True,True
2.0,0.11,185.0,20.35,81.51260189993573,0.10237510237510236,77.67999999999998,True,True,True
2.0,0.11,190.0,20.9,79.82020734887693,0.09968102073365231,80.32,True,True,True
2.0,0.11,195.0,21.45,78.2355254693417,0.09712509712509713,82.96,True,True,True
2.0,0.11,200.0,22.0,76.7485903225628,0.0946969696969697,85.6,True,True,True
2.0,0.11,205.0,22.55,75.35062862971628,0.09238728750923873,88.24,True,True,True
2.0,0.11,210.0,23.1,74.03388654226404,0.09018759018759018,90.87999999999998,True,True,True
2.0,0.11,215.0,23.65,72.79148575316235,0.08809020436927413,93.52,True,True,True
2.0,0.11,220.0,24.2,71.61730331021771,0.08608815426997246,96.16,True,True,True
2.0,0.11,225.0,24.75,70.50587069823202,0.08417508417508417,98.80000000000001,True,True,True
2.0,0.11,230.0,25.3,69.4522886796147,0.08234519104084322,101.43999999999998,True,True,True
2.0,0.11,235.0,25.85,68.45215509545447,0.08059316569954866,104.08,True,True,True
2.0,0.11,240.0,26.4,67.50150338277449,0.07891414141414142,106.71999999999998,True,True,True
2.0,0.11,245.0,26.95,66.59674999711486,0.07730364873222016,109.36,True,True,True
2.0,0.11,250.0,27.5,65.73464927106492,0.07575757575757575,112.0,True,True,True
2.0,0.11,255.0,28.05,64.91225451006684,0.07427213309566251,114.63999999999999,True,True,True
2.0,0.11,260.0,28.6,64.12688434267439,0.07284382284382283,117.28,True,True,True
2.0,0.11,265.0,29.15,63.37609351554072,0.07146941109205261,119.91999999999999,True,True,True
2.0,0.11,270.0,29.7,62.65764746294412,0.07014590347923681,122.56,True,True,True
2.0,0.11,275.0,30.25,61.96950009371582,0.06887052341597796,125.2,True,True,True
2.0,0.11,280.0,30.8,61.30977433047567,0.06764069264069264,127.84,True,True,True
2.0,0.11,285.0,31.35,60.67674501136421,0.06645401382243488,130.48,True,True,True
2.0,0.11,290.0,31.9,60.068823826304005,0.06530825496342739,133.12,True,True,True
2.0,0.11,295.0,32.45,59.48454601084546,0.06420133538777606,135.76,True,True,True
2.0,0.11,300.0,33.0,58.92255856291306,0.06313131313131312,138.4,True,True,True
2.0,0.12,10.0,1.2,nan,1.736111111111111,-14.24,False,False,False
2.0,0.12,15.0,1.8,nan,1.1574074074074072,-11.360000000000001,False,False,False
2.0,0.12,20.0,2.4,nan,0.8680555555555555,-8.479999999999999,False,False,False
2.0,0.12,25.0,3.0,nan,0.6944444444444443,-5.599999999999998,False,False,False
2.0,0.12,30.0,3.6,nan,0.5787037037037036,-2.72,False,False,False
2.0,0.12,35.0,4.2,25028.331408806105,0.49603174603174605,0.16000000000000458,True,False,False
2.0,0.12,40.0,4.8,1345.7232339592538,0.43402777777777773,3.0400000000000027,True,False,False
2.0,0.12,45.0,5.4,705.6527427471583,0.3858024691358024,5.920000000000001,True,False,False
2.0,0.12,50.0,6.0,484.53748214661584,0.34722222222222215,8.800000000000004,True,False,False
2.0,0.12,55.0,6.6,372.4653637600397,0.31565656565656564,11.680000000000001,True,False,False
2.0,0.12,60.0,7.2,304.72946803188927,0.2893518518518518,14.56,True,False,False
2.0,0.12,65.0,7.8,259.3650608011095,0.26709401709401703,17.440000000000005,True,False,False
2.0,0.12,70.0,8.4,226.85985561999965,0.24801587301587302,20.320000000000007,True,False,False
2.0,0.12,75.0,9.0,202.4249082769585,0.2314814814814815,23.200000000000003,True,False,False
2.0,0.12,80.0,9.6,183.38663642072393,0.21701388888888887,26.080000000000005,True,False,False
2.0,0.12,85.0,10.2,168.13498217125428,0.20424836601307186,28.96,True,True,False
2.0,0.12,90.0,10.8,155.64242115284446,0.1929012345679012,31.84,True,True,False
2.0,0.12,95.0,11.4,145.22235873656712,0.18274853801169588,34.720000000000006,True,True,False
2.0,0.12,100.0,12.0,136.3985612010812,0.17361111111111108,37.60000000000001,True,True,False
2.0,0.12,105.0,12.6,128.83032378922175,0.16534391534391532,40.48,True,True,False
2.0,0.12,110.0,13.2,122.26746108890086,0.15782828282828282,43.36,True,True,False
2.0,0.12,115.0,13.8,116.52211761768565,0.15096618357487923,46.24,True,True,False
2.0,0.12,120.0,14.4,111.45049520498425,0.1446759259259259,49.12,True,True,False
2.0,0.12,125.0,15.0,106.94065250568983,0.1388888888888889,52.0,True,True,False
2.0,0.12,130.0,15.6,102.90414606637961,0.13354700854700852,54.88000000000001,True,True,False
2.0,0.12,135.0,16.2,99.27017212517237,0.1286008230452675,57.760000000000005,True,True,True
2.0,0.12,140.0,16.8,95.98137776677109,0.12400793650793651,60.640000000000015,True,True,True
2.0,0.12,145.0,17.4,92.99081161215435,0.1197318007662835,63.52,True,True,True
2.0,0.12,150.0,18.0,90.2596680637212,0.11574074074074076,66.4,True,True,True
2.0,0.12,155.0,18.6,87.75559418675132,0.11200716845878135,69.27999999999999,True,True,True
2.0,0.12,160.0,19.2,85.45140203832003,0.10850694444444443,72.16000000000001,True,True,True
2.0,0.12,165.0,19.8,83.3240775174869,0.1052188552188552,75.04000000000002,True,True,True
2.0,0.12,170.0,20.4,81.35400901872768,0.10212418300653593,77.92,True,True,True
2.0,0.12,175.0,21.0,79.52438104661265,0.0992063492063492,80.8,True,True,True
2.0,0.12,180.0,21.6,77.82069304963369,0.0964506172839506,83.68,True,True,True
2.0,0.12,185.0,22.2,76.23037430938528,0.09384384384384382,86.56,True,True,True
2.0,0.12,190.0,22.8,74.74247323398292,0.09137426900584794,89.44000000000001,True,True,True
2.0,0.12,195.0,23.4,73.34740480799908,0.08903133903133903,92.32,True,True,True
2.0,0.12,200.0,24.0,72.03674388341933,0.08680555555555554,95.20000000000002,True,True,True
2.0,0.12,205.0,24.6,70.80305488915745,0.08468834688346884,98.08,True,True,True
2.0,0.12,210.0,25.2,69.63975068696124,0.08267195767195766,100.96,True,True,True
2.0,0.12,215.0,25.8,68.54097491508713,0.08074935400516796,103.84000000000002,True,True,True
2.0,0.12,220.0,26.4,67.50150338277449,0.07891414141414141,106.72,True,True,True
2.0,0.12,225.0,27.0,66.51666101128409,0.07716049382716048,109.60000000000001,True,True,True
2.0,0.12,230.0,27.6,65.58225153506204,0.07548309178743962,112.48,True,True,True
2.0,0.12,235.0,28.2,64.69449773310352,0.07387706855791962,115.36000000000001,True,True,True
2.0,0.12,240.0,28.8,63.8499903951105,0.07233796296296295,118.24,True,True,True
2.0,0.12,245.0,29.4,63.0456445685676,0.07086167800453513,121.12,True,True,True
2.0,0.12,250.0,30.0,62.278661902999616,0.06944444444444445,124.0,True,True,True
2.0,0.12,255.0,30.6,61.546498122627646,0.06808278867102396,126.88,True,True,True
2.0,0.12,260.0,31.2,60.8468348306569,0.06677350427350426,129.76000000000002,True,True,True
2.0,0.12,265.0,31.8,60.17755498682964,0.06551362683438154,132.64,True,True,True
2.0,0.12,270.0,32.4,59.53672151180731,0.06430041152263374,135.52,True,True,True
2.0,0.12,275.0,33.0,58.92255856291306,0.06313131313131312,138.40000000000003,True,True,True
2.0,0.12,280.0,33.6,58.333435100043964,0.062003968253968256,141.28000000000003,True,True,True
2.0,0.12,285.0,34.2,57.76785042148485,0.060916179337231965,144.16,True,True,True
2.0,0.12,290.0,34.8,57.22442139953957,0.05986590038314175,147.04,True,True,True
2.0,0.12,295.0,35.4,56.701871187402226,0.05885122410546139,149.92,True,True,True
2.0,0.12,300.0,36.0,56.19901920315697,0.05787037037037038,152.8,True,True,True
2.0,0.13,10.0,1.3,nan,1.6025641025641022,-13.759999999999998,False,False,False
2.0,0.13,15.0,1.95,nan,1.0683760683760681,-10.64,False,False,False
2.0,0.13,20.0,2.6,nan,0.8012820512820511,-7.52,False,False,False
2.0,0.13,25.0,3.25,nan,0.641025641025641,-4.3999999999999995,False,False,False
2.0,0.13,30.0,3.9,nan,0.5341880341880341,-1.2800000000000011,False,False,False
2.0,0.13,35.0,4.55,2203.788747540687,0.45787545787545786,1.8400000000000016,True,False,False
2.0,0.13,40.0,5.2,836.4198323496296,0.40064102564102555,4.96,True,False,False
2.0,0.13,45.0,5.85,525.0387922566165,0.3561253561253561,8.079999999999998,True,False,False
2.0,0.13,50.0,6.5,387.141474501139,0.3205128205128205,11.200000000000001,True,False,False
2.0,0.13,55.0,7.15,309.33349073966855,0.29137529137529133,14.32,True,False,False
2.0,0.13,60.0,7.8,259.3650608011096,0.26709401709401703,17.439999999999998,True,False,False
2.0,0.13,65.0,8.45,224.56214656374743,0.2465483234714004,20.56,True,False,False
2.0,0.13,70.0,9.1,198.93027053758212,0.22893772893772893,23.680000000000003,True,False,False
2.0,0.13,75.0,9.75,179.2664134070613,0.2136752136752137,26.799999999999997,True,False,False
2.0,0.13,80.0,10.4,163.70357460857412,0.20032051282051277,29.92,True,True,False
2.0,0.13,85.0,11.05,151.07996444515243,0.1885369532428356,33.03999999999999,True,True,False
2.0,0.13,90.0,11.7,140.634764885153,0.17806267806267806,36.16,True,True,False
2.0,0.13,95.0,12.35,131.84888419619216,0.16869095816464239,39.28000000000001,True,True,False
2.0,0.13,100.0,13.0,124.35601991051242,0.16025641025641024,42.4,True,True,False
2.0,0.13,105.0,13.65,117.89029695046186,0.15262515262515264,45.519999999999996,True,True,False
2.0,0.13,110.0,14.3,112.25405818594409,0.14568764568764567,48.64,True,True,False
2.0,0.13,115.0,14.95,107.2973041565614,0.1393534002229654,51.75999999999999,True,True,False
2.0,0.13,120.0,15.6,102.90414606637965,0.13354700854700852,54.879999999999995,True,True,False
2.0,0.13,125.0,16.25,98.98363119141742,0.1282051282051282,58.00000000000001,True,True,True
2.0,0.13,130.0,16.9,95.46337830630739,0.1232741617357002,61.12,True,True,True
2.0,0.13,135.0,17.55,92.2850677935991,0.11870845204178539,64.24,True,True,True
2.0,0.13,140.0,18.2,89.4011850956072,0.11446886446886446,67.36,True,True,True
2.0,0.13,145.0,18.85,86.77262912910611,0.11052166224580018,70.48,True,True,True
2.0,0.13,150.0,19.5,84.3669289945475,0.10683760683760685,73.6,True,True,True
2.0,0.13,155.0,20.15,82.15689581566727,0.10339123242349046,76.71999999999998,True,True,True
2.0,0.13,160.0,20.8,80.11959068082777,0.10016025641025639,79.84,True,True,True
2.0,0.13,165.0,21.45,78.23552546934167,0.09712509712509713,82.96000000000001,True,True,True
2.0,0.13,170.0,22.1,76.4880374757886,0.0942684766214178,86.07999999999998,True,True,True
2.0,0.13,175.0,22.75,74.86279527909394,0.09157509157509156,89.2,True,True,True
2.0,0.13,180.0,23.4,73.34740480799908,0.08903133903133903,92.32,True,True,True
2.0,0.13,185.0,24.05,71.93109267449468,0.08662508662508663,95.44,True,True,True
2.0,0.13,190.0,24.7,70.60444965333878,0.08434547908232119,98.56000000000002,True,True,True
2.0,0.13,195.0,25.35,69.35922138879197,0.08218277449046679,101.68,True,True,True
2.0,0.13,200.0,26.0,68.18813648656167,0.08012820512820512,104.8,True,True,True
2.0,0.13,205.0,26.65,67.0847644252313,0.07817385866166353,107.92,True,True,True
2.0,0.13,210.0,27.3,66.04339742210247,0.07631257631257632,111.03999999999999,True,True,True
2.0,0.13,215.0,27.95,65.05895167072141,0.07453786523553965,114.16,True,True,True
2.0,0.13,220.0,28.6,64.12688434267439,0.07284382284382283,117.28,True,True,True
2.0,0.13,225.0,29.25,63.243123494087605,0.07122507122507123,120.40000000000002,True,True,True
2.0,0.13,230.0,29.9,62.404008595105616,0.0696767001114827,123.51999999999998,True,True,True
2.0,0.13,235.0,30.55,61.6062398503375,0.06819421713038734,126.64,True,True,True
2.0,0.13,240.0,31.2,60.84683483065691,0.06677350427350426,129.76,True,True,True
2.0,0.13,245.0,31.85,60.1230912146699,0.06541077969649398,132.88,True,True,True
2.0,0.13,250.0,32.5,59.432554658710536,0.0641025641025641,136.0,True,True,True
2.0,0.13,255.0,33.15,58.77299099025251,0.0628456510809452,139.12,True,True,True
2.0,0.13,260.0,33.8,58.1423620609057,0.0616370808678501,142.24,True,True,True
2.0,0.13,265.0,34.45,57.538804709153304,0.06047411707789066,145.35999999999996,True,True,True
2.0,0.13,270.0,35.1,56.96061237541636,0.05935422602089269,148.48,True,True,True
2.0,0.13,275.0,35.75,56.40621898734246,0.05827505827505827,151.6,True,True,True
2.0,0.13,280.0,36.4,55.87418479485789,0.05723443223443223,154.72,True,True,True
2.0,0.13,285.0,37.05,55.363183885198374,0.056230319388214114,157.84,True,True,True
2.0,0.13,290.0,37.7,54.87199314996898,0.05526083112290009,160.96,True,True,True
2.0,0.13,295.0,38.35,54.39948251095993,0.054324206866579745,164.08,True,True,True
2.0,0.13,300.0,39.0,53.944606240296665,0.05341880341880342,167.2,True,True,True
2.0,0.14,10.0,1.4,nan,1.488095238095238,-13.28,False,False,False
2.0,0.14,15.0,2.1,nan,0.9920634920634923,-9.920000000000002,False,False,False
2.0,0.14,20.0,2.8,nan,0.744047619047619,-6.5600000000000005,False,False,False
2.0,0.14,25.0,3.5,nan,0.5952380952380953,-3.200000000000003,False,False,False
2.0,0.14,30.0,4.2,25028.3314088075,0.49603174603174616,0.1599999999999957,True,False,False
2.0,0.14,35.0,4.9,1166.3095356649555,0.4251700680272109,3.5199999999999987,True,False,False
2.0,0.14,40.0,5.6,611.378794429098,0.3720238095238095,6.879999999999997,True,False,False
2.0,0.14,45.0,6.3,420.62135212927194,0.33068783068783075,10.239999999999997,True,False,False
2.0,0.14,50.0,7.0,324.12052837759524,0.29761904761904767,13.599999999999994,True,False,False
2.0,0.14,55.0,7.7,265.8558800746961,0.27056277056277056,16.959999999999994,True,False,False
2.0,0.14,60.0,8.4,226.85985561999982,0.24801587301587308,20.319999999999993,True,False,False
2.0,0.14,65.0,9.1,198.93027053758217,0.22893772893772893,23.679999999999993,True,False,False
2.0,0.14,70.0,9.8,177.94176577150503,0.21258503401360546,27.039999999999996,True,False,False
2.0,0.14,75.0,10.5,161.59282521687658,0.19841269841269846,30.39999999999999,True,True,False
2.0,0.14,80.0,11.2,148.49817614705563,0.18601190476190474,33.75999999999999,True,True,False
2.0,0.14,85.0,11.9,137.77411009849536,0.1750700280112045,37.11999999999998,True,True,False
2.0,0.14,90.0,12.6,128.83032378922178,0.16534391534391538,40.47999999999999,True,True,False
2.0,0.14,95.0,13.3,121.2574828266252,0.15664160401002508,43.83999999999999,True,True,False
2.0,0.14,100.0,14.0,114.76280905192371,0.14880952380952384,47.19999999999999,True,True,False
2.0,0.14,105.0,14.7,109.13135141183442,0.14172335600907032,50.559999999999995,True,True,False
2.0,0.14,110.0,15.4,104.20173715715691,0.13528138528138528,53.91999999999999,True,True,False
2.0,0.14,115.0,16.1,99.85045753570968,0.12939958592132508,57.27999999999999,True,True,True
2.0,0.14,120.0,16.8,95.98137776677113,0.12400793650793654,60.639999999999986,True,True,True
2.0,0.14,125.0,17.5,92.51855137357113,0.11904761904761907,63.999999999999986,True,True,True
2.0,0.14,130.0,18.2,89.40118509560722,0.11446886446886446,67.35999999999999,True,True,True
2.0,0.14,135.0,18.9,86.58003914269871,0.11022927689594357,70.71999999999998,True,True,True
2.0,0.14,140.0,19.6,84.01480707752702,0.10629251700680273,74.08,True,True,True
2.0,0.14,145.0,20.3,81.67217779487027,0.10262725779967159,77.43999999999998,True,True,True
2.0,0.14,150.0,21.0,79.52438104661267,0.09920634920634923,80.79999999999998,True,True,True
2.0,0.14,155.0,21.7,77.5480813771133,0.09600614439324116,84.15999999999998,True,True,True
2.0,0.14,160.0,22.4,75.72352683763032,0.09300595238095237,87.51999999999998,True,True,True
2.0,0.14,165.0,23.1,74.03388654226404,0.09018759018759019,90.87999999999998,True,True,True
2.0,0.14,170.0,23.8,72.46472993519214,0.08753501400560225,94.23999999999997,True,True,True
2.0,0.14,175.0,24.5,71.00361361909893,0.08503401360544219,97.59999999999998,True,True,True
2.0,0.14,180.0,25.2,69.63975068696124,0.08267195767195769,100.95999999999998,True,True,True
2.0,0.14,185.0,25.9,68.36374395597352,0.08043758043758044,104.31999999999998,True,True,True
2.0,0.14,190.0,26.6,67.16736914579037,0.07832080200501254,107.67999999999998,True,True,True
2.0,0.14,195.0,27.3,66.04339742210249,0.07631257631257632,111.03999999999996,True,True,True
2.0,0.14,200.0,28.0,64.98544921225358,0.07440476190476192,114.39999999999998,True,True,True
2.0,0.14,205.0,28.7,63.987873046988454,0.07259001161440187,117.75999999999999,True,True,True
2.0,0.14,210.0,29.4,63.04564456856762,0.07086167800453516,121.11999999999999,True,True,True
2.0,0.14,215.0,30.1,62.15428189489445,0.06921373200442968,124.47999999999999,True,True,True
2.0,0.14,220.0,30.8,61.309774330475676,0.06764069264069264,127.83999999999997,True,True,True
2.0,0.14,225.0,31.5,60.508522031551536,0.06613756613756615,131.2,True,True,True
2.0,0.14,230.0,32.2,59.747284710694956,0.06469979296066254,134.55999999999997,True,True,True
2.0,0.14,235.0,32.9,59.02313783934646,0.06332320162107397,137.91999999999996,True,True,True
2.0,0.14,240.0,33.6,58.33343510004399,0.06200396825396827,141.27999999999997,True,True,True
2.0,0.14,245.0,34.3,57.67577607208077,0.060738581146744415,144.64,True,True,True
2.0,0.14,250.0,35.0,57.04797831890077,0.059523809523809534,147.99999999999997,True,True,True
2.0,0.14,255.0,35.7,56.44805319324038,0.05835667600373483,151.35999999999996,True,True,True
2.0,0.14,260.0,36.4,55.87418479485791,0.05723443223443223,154.71999999999997,True,True,True
2.0,0.14,265.0,37.1,55.32471161179129,0.05615453728661277,158.07999999999998,True,True,True
2.0,0.14,270.0,37.8,54.79811045418432,0.055114638447971785,161.43999999999997,True,True,True
2.0,0.14,275.0,38.5,54.292982353489485,0.05411255411255412,164.79999999999998,True,True,True
2.0,0.14,280.0,39.2,53.80804015215638,0.053146258503401364,168.16,True,True,True
2.0,0.14,285.0,39.9,53.34209755199492,0.05221386800334169,171.51999999999995,True,True,True
2.0,0.14,290.0,40.6,52.8940594250327,0.051313628899835796,174.87999999999997,True,True,True
2.0,0.14,295.0,41.3,52.462913220271936,0.05044390637610977,178.23999999999998,True,True,True
2.0,0.14,300.0,42.0,52.04772132440979,0.049603174603174614,181.59999999999997,True,True,True
2.0,0.15,10.0,1.5,nan,1.3888888888888888,-12.8,False,False,False
2.0,0.15,15.0,2.25,nan,0.925925925925926,-9.200000000000001,False,False,False
2.0,0.15,20.0,3.0,nan,0.6944444444444444,-5.6000000000000005,False,False,False
2.0,0.15,25.0,3.75,nan,0.5555555555555556,-2.0000000000000018,False,False,False
2.0,0.15,30.0,4.5,2529.853642701638,0.462962962962963,1.599999999999997,True,False,False
2.0,0.15,35.0,5.25,799.2015068473878,0.3968253968253968,5.2,True,False,False
2.0,0.15,40.0,6.0,484.5374821466161,0.3472222222222222,8.799999999999999,True,False,False
2.0,0.15,45.0,6.75,352.58160082048596,0.30864197530864196,12.399999999999999,True,False,False
2.0,0.15,50.0,7.5,280.0058660911144,0.2777777777777778,15.999999999999996,True,False,False
2.0,0.15,55.0,8.25,234.09060534396096,0.2525252525252525,19.599999999999998,True,False,False
2.0,0.15,60.0,9.0,202.42490827695855,0.2314814814814815,23.199999999999992,True,False,False
2.0,0.15,65.0,9.75,179.2664134070613,0.2136752136752137,26.799999999999997,True,False,False
2.0,0.15,70.0,10.5,161.59282521687652,0.1984126984126984,30.4,True,True,False
2.0,0.15,75.0,11.25,147.6618792316721,0.18518518518518517,33.99999999999999,True,True,False
2.0,0.15,80.0,12.0,136.39856120108124,0.1736111111111111,37.6,True,True,False
2.0,0.15,85.0,12.75,127.10359001078781,0.16339869281045752,41.199999999999996,True,True,False
2.0,0.15,90.0,13.5,119.30245347607732,0.15432098765432098,44.79999999999999,True,True,False
2.0,0.15,95.0,14.25,112.66181659115838,0.14619883040935672,48.4,True,True,False
2.0,0.15,100.0,15.0,106.94065250568983,0.1388888888888889,51.99999999999999,True,True,False
2.0,0.15,105.0,15.75,101.9603585895625,0.1322751322751323,55.599999999999994,True,True,False
2.0,0.15,110.0,16.5,97.58577609566687,0.12626262626262624,59.199999999999996,True,True,True
2.0,0.15,115.0,17.25,93.71273809151725,0.12077294685990339,62.79999999999999,True,True,True
2.0,0.15,120.0,18.0,90.2596680637212,0.11574074074074076,66.39999999999999,True,True,True
2.0,0.15,125.0,18.75,87.16177095306988,0.1111111111111111,70.0,True,True,True
2.0,0.15,130.0,19.5,84.3669289945475,0.10683760683760685,73.6,True,True,True
2.0,0.15,135.0,20.25,81.83274587153497,0.10288065843621398,77.19999999999999,True,True,True
2.0,0.15,140.0,21.0,79.52438104661265,0.0992063492063492,80.8,True,True,True
2.0,0.15,145.0,21.75,77.41293833945625,0.09578544061302682,84.4,True,True,True
2.0,0.15,150.0,22.5,75.47425003561266,0.09259259259259259,87.99999999999999,True,True,True
2.0,0.15,155.0,23.25,73.68794771198381,0.08960573476702509,91.59999999999998,True,True,True
2.0,0.15,160.0,24.0,72.03674388341932,0.08680555555555555,95.2,True,True,True
2.0,0.15,165.0,24.75,70.50587069823202,0.08417508417508417,98.80000000000001,True,True,True
2.0,0.15,170.0,25.5,69.0826370338782,0.08169934640522876,102.39999999999999,True,True,True
2.0,0.15,175.0,26.25,67.75607584483897,0.07936507936507936,106.0,True,True,True
2.0,0.15,180.0,27.0,66.51666101128409,0.07716049382716049,109.59999999999998,True,True,True
2.0,0.15,185.0,27.75,65.35607821661254,0.07507507507507508,113.19999999999999,True,True,True
2.0,0.15,190.0,28.5,64.267038196955,0.07309941520467836,116.8,True,True,True
2.0,0.15,195.0,29.25,63.243123494087605,0.07122507122507123,120.39999999999999,True,True,True
2.0,0.15,200.0,30.0,62.27866190299964,0.06944444444444445,123.99999999999999,True,True,True
2.0,0.15,205.0,30.75,61.368621342129764,0.06775067750677508,127.59999999999998,True,True,True
2.0,0.15,210.0,31.5,60.508522031551536,0.06613756613756615,131.2,True,True,True
2.0,0.15,215.0,32.25,59.69436274349677,0.06459948320413438,134.8,True,True,True
2.0,0.15,220.0,33.0,58.92255856291308,0.06313131313131312,138.39999999999998,True,True,True
2.0,0.15,225.0,33.75,58.18988811542939,0.0617283950617284,142.0,True,True,True
2.0,0.15,230.0,34.5,57.49344862413995,0.060386473429951695,145.6,True,True,True
2.0,0.15,235.0,35.25,56.83061747291275,0.059101654846335706,149.19999999999996,True,True,True
2.0,0.15,240.0,36.0,56.19901920315698,0.05787037037037038,152.79999999999998,True,True,True
2.0,0.15,245.0,36.75,55.59649706858179,0.056689342403628114,156.39999999999998,True,True,True
2.0,0.15,250.0,37.5,55.021088430062456,0.05555555555555555,160.0,True,True,True
2.0,0.15,255.0,38.25,54.471003399106344,0.054466230936819175,163.6,True,True,True
2.0,0.15,260.0,39.0,53.944606240296665,0.05341880341880342,167.2,True,True,True
2.0,0.15,265.0,39.75,53.44039912565226,0.052410901467505246,170.79999999999998,True,True,True
2.0,0.15,270.0,40.5,52.95700790106199,0.05144032921810699,174.39999999999998,True,True,True
2.0,0.15,275.0,41.25,52.49316957993828,0.050505050505050504,178.0,True,True,True
2.0,0.15,280.0,42.0,52.04772132440979,0.0496031746031746,181.6,True,True,True
2.0,0.15,285.0,42.75,51.61959071164483,0.04873294346978558,185.19999999999996,True,True,True
2.0,0.15,290.0,43.5,51.20778711377344,0.04789272030651341,188.8,True,True,True
2.0,0.15,295.0,44.25,50.811394045552134,0.047080979284369114,192.39999999999998,True,True,True
2.0,0.15,300.0,45.0,50.429562355347116,0.046296296296296294,195.99999999999997,True,True,True
2.0,0.16,10.0,1.6,nan,1.3020833333333333,-12.32,False,False,False
2.0,0.16,15.0,2.4,nan,0.8680555555555556,-8.48,False,False,False
2.0,0.16,20.0,3.2,nan,0.6510416666666666,-4.64,False,False,False
2.0,0.16,25.0,4.0,nan,0.5208333333333334,-0.8000000000000007,False,False,False
2.0,0.16,30.0,4.8,1345.7232339592558,0.4340277777777778,3.0399999999999983,True,False,False
2.0,0.16,35.0,5.6,611.3787944290974,0.3720238095238094,6.880000000000002,True,False,False
2.0,0.16,40.0,6.4,403.1318638160681,0.3255208333333333,10.72,True,False,False
2.0,0.16,45.0,7.2,304.72946803188944,0.2893518518518518,14.559999999999995,True,False,False
2.0,0.16,50.0,8.0,247.39937657501986,0.2604166666666667,18.4,True,False,False
2.0,0.16,55.0,8.8,209.86672677232113,0.23674242424242423,22.240000000000002,True,False,False
2.0,0.16,60.0,9.6,183.386636420724,0.2170138888888889,26.079999999999995,True,False,False
2.0,0.16,65.0,10.4,163.70357460857412,0.20032051282051277,29.92,True,True,False
2.0,0.16,70.0,11.2,148.49817614705557,0.1860119047619047,33.76,True,True,False
2.0,0.16,75.0,12.0,136.39856120108124,0.1736111111111111,37.6,True,True,False
2.0,0.16,80.0,12.8,126.54134593621409,0.16276041666666666,41.44,True,True,False
2.0,0.16,85.0,13.6,118.35602583994634,0.1531862745098039,45.279999999999994,True,True,False
2.0,0.16,90.0,14.4,111.45049520498426,0.1446759259259259,49.11999999999999,True,True,False
2.0,0.16,95.0,15.2,105.5463708252433,0.1370614035087719,52.96,True,True,False
2.0,0.16,100.0,16.0,100.44055058698841,0.13020833333333334,56.8,True,True,False
2.0,0.16,105.0,16.8,95.98137776677112,0.12400793650793651,60.64,True,True,True
2.0,0.16,110.0,17.6,92.05332230479307,0.11837121212121211,64.48,True,True,True
2.0,0.16,115.0,18.4,88.56682811254562,0.11322463768115941,68.31999999999998,True,True,True
2.0,0.16,120.0,19.2,85.45140203832003,0.10850694444444445,72.16,True,True,True
2.0,0.16,125.0,20.0,82.65079796738462,0.10416666666666666,76.0,True,True,True
2.0,0.16,130.0,20.8,80.11959068082777,0.10016025641025639,79.84,True,True,True
2.0,0.16,135.0,21.6,77.82069304963369,0.0964506172839506,83.68,True,True,True
2.0,0.16,140.0,22.4,75.7235268376303,0.09300595238095236,87.52,True,True,True
2.0,0.16,145.0,23.2,73.80265480807205,0.08979885057471264,91.35999999999999,True,True,True
2.0,0.16,150.0,24.0,72.03674388341932,0.08680555555555555,95.2,True,True,True
2.0,0.16,155.0,24.8,70.4077695086589,0.08400537634408602,99.03999999999999,True,True,True
2.0,0.16,160.0,25.6,68.9003981976442,0.08138020833333333,102.88,True,True,True
2.0,0.16,165.0,26.4,67.50150338277449,0.07891414141414141,106.72,True,True,True
2.0,0.16,170.0,27.2,66.199782158518,0.07659313725490195,110.55999999999999,True,True,True
2.0,0.16,175.0,28.0,64.98544921225357,0.0744047619047619,114.4,True,True,True
2.0,0.16,180.0,28.8,63.8499903951105,0.07233796296296295,118.23999999999998,True,True,True
2.0,0.16,185.0,29.6,62.785962801064244,0.07038288288288287,122.08,True,True,True
2.0,0.16,190.0,30.4,61.78683142622286,0.06853070175438596,125.92,True,True,True
2.0,0.16,195.0,31.2,60.84683483065691,0.06677350427350427,129.76,True,True,True
2.0,0.16,200.0,32.0,59.960873967530674,0.06510416666666667,133.6,True,True,True
2.0,0.16,205.0,32.8,59.1244196485605,0.06351626016260163,137.44,True,True,True
2.0,0.16,210.0,33.6,58.33343510004398,0.062003968253968256,141.28,True,True,True
2.0,0.16,215.0,34.4,57.58431081429348,0.06056201550387598,145.12,True,True,True
2.0,0.16,220.0,35.2,56.87380947775462,0.05918560606060606,148.96,True,True,True
2.0,0.16,225.0,36.0,56.19901920315697,0.05787037037037038,152.8,True,True,True
2.0,0.16,230.0,36.8,55.55731364069487,0.056612318840579705,156.63999999999996,True,True,True
2.0,0.16,235.0,37.6,54.94631781601758,0.05540780141843972,160.47999999999996,True,True,True
2.0,0.16,240.0,38.4,54.36387875821908,0.054253472222222224,164.32,True,True,True
2.0,0.16,245.0,39.2,53.80804015215638,0.053146258503401364,168.16,True,True,True
2.0,0.16,250.0,40.0,53.27702038617835,0.05208333333333333,172.0,True,True,True
2.0,0.16,255.0,40.8,52.76919347622118,0.051062091503267966,175.84,True,True,True
2.0,0.16,260.0,41.6,52.283072435968336,0.050080128205128194,179.68,True,True,True
2.0,0.16,265.0,42.4,51.81729473480192,0.04913522012578616,183.52,True,True,True
2.0,0.16,270.0,43.2,51.370609544016354,0.0482253086419753,187.36,True,True,True
2.0,0.16,275.0,44.0,50.94186651988997,0.04734848484848485,191.2,True,True,True
2.0,0.16,280.0,44.8,50.53000591180793,0.04650297619047618,195.04,True,True,True
2.0,0.16,285.0,45.6,50.13404981634694,0.04568713450292397,198.87999999999997,True,True,True
2.0,0.16,290.0,46.4,49.75309442537064,0.04489942528735632,202.71999999999997,True,True,True
2.0,0.16,295.0,47.2,49.38630313878386,0.04413841807909604,206.56,True,True,True
2.0,0.16,300.0,48.0,49.032900431479334,0.043402777777777776,210.4,True,True,True
2.0,0.17,10.0,1.7,nan,1.2254901960784317,-11.840000000000002,False,False,False
2.0,0.17,15.0,2.55,nan,0.8169934640522876,-7.7600000000000025,False,False,False
2.0,0.17,20.0,3.4,nan,0.6127450980392158,-3.680000000000001,False,False,False
2.0,0.17,25.0,4.25,10029.346231403353,0.49019607843137253,0.40000000000000036,True,False,False
2.0,0.17,30.0,5.1,922.8195165512635,0.4084967320261438,4.479999999999995,True,False,False
2.0,0.17,35.0,5.95,497.2808850161178,0.350140056022409,8.559999999999999,True,False,False
2.0,0.17,40.0,6.8,346.4570662441676,0.3063725490196079,12.639999999999999,True,False,False
2.0,0.17,45.0,7.65,269.24104419345645,0.27233115468409586,16.71999999999999,True,False,False
2.0,0.17,50.0,8.5,222.3174615626395,0.24509803921568626,20.8,True,False,False
2.0,0.17,55.0,9.35,190.78360699723527,0.22281639928698754,24.879999999999995,True,False,False
2.0,0.17,60.0,10.2,168.1349821712543,0.2042483660130719,28.95999999999999,True,True,False
2.0,0.17,65.0,11.05,151.07996444515243,0.18853695324283562,33.03999999999999,True,True,False
2.0,0.17,70.0,11.9,137.77411009849533,0.1750700280112045,37.12,True,True,False
2.0,0.17,75.0,12.75,127.10359001078781,0.16339869281045755,41.199999999999996,True,True,False
2.0,0.17,80.0,13.6,118.35602583994634,0.15318627450980396,45.279999999999994,True,True,False
2.0,0.17,85.0,14.45,111.05457438454377,0.14417531718569782,49.35999999999999,True,True,False
2.0,0.17,90.0,15.3,104.86801521724165,0.13616557734204793,53.43999999999998,True,True,False
2.0,0.17,95.0,16.15,99.55910422110054,0.12899896800825594,57.52,True,True,True
2.0,0.17,100.0,17.0,94.95345156470805,0.12254901960784313,61.6,True,True,True
2.0,0.17,105.0,17.85,90.91999936014506,0.11671335200746966,65.67999999999999,True,True,True
2.0,0.17,110.0,18.7,87.35835005106992,0.11140819964349377,69.75999999999999,True,True,True
2.0,0.17,115.0,19.55,84.19029579023496,0.10656436487638535,73.83999999999999,True,True,True
2.0,0.17,120.0,20.4,81.3540090187277,0.10212418300653595,77.91999999999999,True,True,True
2.0,0.17,125.0,21.25,78.79996736984842,0.09803921568627452,82.0,True,True,True
2.0,0.17,130.0,22.1,76.4880374757886,0.09426847662141781,86.07999999999998,True,True,True
2.0,0.17,135.0,22.95,74.38535057125327,0.09077705156136529,90.15999999999998,True,True,True
2.0,0.17,140.0,23.8,72.46472993519211,0.08753501400560225,94.24,True,True,True
2.0,0.17,145.0,24.65,70.70350987266902,0.08451656524678837,98.31999999999996,True,True,True
2.0,0.17,150.0,25.5,69.0826370338782,0.08169934640522877,102.39999999999999,True,True,True
2.0,0.17,155.0,26.35,67.58597834201203,0.07906388361796332,106.47999999999999,True,True,True
2.0,0.17,160.0,27.2,66.199782158518,0.07659313725490198,110.55999999999999,True,True,True
2.0,0.17,165.0,28.05,64.91225451006684,0.07427213309566251,114.63999999999999,True,True,True
2.0,0.17,170.0,28.9,63.71322269729089,0.07208765859284891,118.71999999999998,True,True,True
2.0,0.17,175.0,29.75,62.593865962627724,0.0700280112044818,122.8,True,True,True
2.0,0.17,180.0,30.6,61.54649812262765,0.06808278867102396,126.87999999999997,True,True,True
2.0,0.17,185.0,31.45,60.564390832218294,0.06624271330153683,130.95999999999998,True,True,True
2.0,0.17,190.0,32.3,59.641628887556415,0.06449948400412797,135.04,True,True,True
2.0,0.17,195.0,33.15,58.77299099025253,0.0628456510809452,139.11999999999998,True,True,True
2.0,0.17,200.0,34.0,57.953850894917885,0.061274509803921566,143.2,True,True,True
2.0,0.17,205.0,34.85,57.18009498737476,0.05978000956480154,147.27999999999997,True,True,True
2.0,0.17,210.0,35.7,56.448053193240376,0.05835667600373483,151.36,True,True,True
2.0,0.17,215.0,36.55,55.7544407676092,0.056999544003647984,155.44,True,True,True
2.0,0.17,220.0,37.4,55.09630901771244,0.055704099821746886,159.51999999999998,True,True,True
2.0,0.17,225.0,38.25,54.471003399106344,0.054466230936819175,163.6,True,True,True
2.0,0.17,230.0,39.1,53.876127729497306,0.053282182438192674,167.67999999999998,True,True,True
2.0,0.17,235.0,39.95,53.30951350297171,0.05214851898206092,171.75999999999996,True,True,True
2.0,0.17,240.0,40.8,52.76919347622118,0.05106209150326797,175.83999999999997,True,True,True
2.0,0.17,245.0,41.65,52.25337884863853,0.05002000800320128,179.91999999999996,True,True,True
2.0,0.17,250.0,42.5,51.760439478453016,0.04901960784313726,184.0,True,True,True
2.0,0.17,255.0,43.35,51.28888667388168,0.04805843906189928,188.07999999999998,True,True,True
2.0,0.17,260.0,44.2,50.837358176581894,0.047134238310708905,192.15999999999997,True,True,True
2.0,0.17,265.0,45.05,50.404605018346366,0.04624491305956345,196.23999999999995,True,True,True
2.0,0.17,270.0,45.9,49.98947998396865,0.04538852578068264,200.31999999999996,True,True,True
2.0,0.17,275.0,46.75,49.59092745585573,0.04456327985739751,204.39999999999998,True,True,True
2.0,0.17,280.0,47.6,49.207974451099496,0.043767507002801125,208.48,True,True,True
2.0,0.17,285.0,48.45,48.839722690786296,0.042999656002751976,212.55999999999997,True,True,True
2.0,0.17,290.0,49.3,48.48534156546274,0.042258282623394185,216.63999999999993,True,True,True
2.0,0.17,295.0,50.15,48.14406188079992,0.04154204054503157,220.71999999999997,True,True,True
2.0,0.17,300.0,51.0,47.81517028433482,0.04084967320261439,224.79999999999998,True,True,True
2.0,0.18,10.0,1.8,nan,1.1574074074074077,-11.360000000000001,False,False,False
2.0,0.18,15.0,2.7,nan,0.7716049382716049,-7.040000000000002,False,False,False
2.0,0.18,20.0,3.6,nan,0.5787037037037038,-2.72,False,False,False
2.0,0.18,25.0,4.5,2529.8536427016315,0.462962962962963,1.6000000000000014,True,False,False
2.0,0.18,30.0,5.4,705.6527427471589,0.38580246913580246,5.919999999999996,True,False,False
2.0,0.18,35.0,6.3,420.62135212927177,0.3306878306878307,10.24,True,False,False
2.0,0.18,40.0,7.2,304.72946803188927,0.2893518518518519,14.56,True,False,False
2.0,0.18,45.0,8.1,241.8728529282242,0.257201646090535,18.879999999999995,True,False,False
2.0,0.18,50.0,9.0,202.4249082769585,0.2314814814814815,23.200000000000003,True,False,False
2.0,0.18,55.0,9.9,175.36178345806695,0.2104377104377104,27.519999999999996,True,False,False
2.0,0.18,60.0,10.8,155.6424211528445,0.19290123456790123,31.839999999999993,True,True,False
2.0,0.18,65.0,11.7,140.634764885153,0.1780626780626781,36.16,True,True,False
2.0,0.18,70.0,12.6,128.83032378922175,0.16534391534391535,40.48,True,True,False
2.0,0.18,75.0,13.5,119.30245347607732,0.15432098765432098,44.79999999999999,True,True,False
2.0,0.18,80.0,14.4,111.45049520498425,0.14467592592592596,49.12,True,True,False
2.0,0.18,85.0,15.3,104.86801521724163,0.13616557734204793,53.43999999999999,True,True,False
2.0,0.18,90.0,16.2,99.27017212517238,0.1286008230452675,57.75999999999999,True,True,True
2.0,0.18,95.0,17.1,94.45141028818495,0.12183235867446396,62.08,True,True,True
2.0,0.18,100.0,18.0,90.2596680637212,0.11574074074074076,66.4,True,True,True
2.0,0.18,105.0,18.9,86.58003914269871,0.11022927689594357,70.71999999999998,True,True,True
2.0,0.18,110.0,19.8,83.32407751748688,0.1052188552188552,75.04,True,True,True
2.0,0.18,115.0,20.7,80.42259558534253,0.10064412238325282,79.35999999999999,True,True,True
2.0,0.18,120.0,21.6,77.82069304963369,0.09645061728395062,83.67999999999998,True,True,True
2.0,0.18,125.0,22.5,75.47425003561266,0.09259259259259259,87.99999999999999,True,True,True
2.0,0.18,130.0,23.4,73.34740480799908,0.08903133903133904,92.32,True,True,True
2.0,0.18,135.0,24.3,71.41070799477485,0.08573388203017832,96.64,True,True,True
2.0,0.18,140.0,25.2,69.63975068696124,0.08267195767195767,100.96,True,True,True
2.0,0.18,145.0,26.1,68.01413030106545,0.07982120051085569,105.27999999999999,True,True,True
2.0,0.18,150.0,27.0,66.51666101128409,0.07716049382716049,109.59999999999998,True,True,True
2.0,0.18,155.0,27.9,65.13276383055918,0.07467144563918758,113.91999999999997,True,True,True
2.0,0.18,160.0,28.8,63.8499903951105,0.07233796296296298,118.24,True,True,True
2.0,0.18,165.0,29.7,62.65764746294412,0.07014590347923681,122.56,True,True,True
2.0,0.18,170.0,30.6,61.54649812262765,0.06808278867102396,126.87999999999998,True,True,True
2.0,0.18,175.0,31.5,60.508522031551536,0.06613756613756615,131.2,True,True,True
2.0,0.18,180.0,32.4,59.536721511807315,0.06430041152263374,135.51999999999998,True,True,True
2.0,0.18,185.0,33.3,58.62496358710449,0.06256256256256257,139.83999999999997,True,True,True
2.0,0.18,190.0,34.2,57.76785042148485,0.06091617933723198,144.16,True,True,True
2.0,0.18,195.0,35.1,56.96061237541636,0.05935422602089269,148.48,True,True,True
2.0,0.18,200.0,36.0,56.19901920315697,0.05787037037037038,152.8,True,True,True
2.0,0.18,205.0,36.9,55.47930589984058,0.05645889792231256,157.11999999999998,True,True,True
2.0,0.18,210.0,37.8,54.79811045418432,0.055114638447971785,161.43999999999997,True,True,True
2.0,0.18,215.0,38.7,54.152421334846046,0.05383290267011198,165.76,True,True,True
2.0,0.18,220.0,39.6,53.539532979801535,0.0526094276094276,170.08,True,True,True
2.0,0.18,225.0,40.5,52.95700790106199,0.05144032921810699,174.39999999999998,True,True,True
2.0,0.18,230.0,41.4,52.40264428539491,0.05032206119162641,178.71999999999997,True,True,True
2.0,0.18,235.0,42.3,51.874448183054746,0.049251379038613076,183.03999999999996,True,True,True
2.0,0.18,240.0,43.2,51.37060954401636,0.04822530864197531,187.35999999999996,True,True,True
2.0,0.18,245.0,44.1,50.8894814947176,0.047241118669690094,191.68,True,True,True
2.0,0.18,250.0,45.0,50.429562355347116,0.046296296296296294,195.99999999999997,True,True,True
2.0,0.18,255.0,45.9,49.98947998396865,0.04538852578068264,200.31999999999996,True,True,True
2.0,0.18,260.0,46.8,49.56797810364135,0.04451566951566952,204.64,True,True,True
2.0,0.18,265.0,47.7,49.16390432556341,0.043675751222921035,208.95999999999998,True,True,True
2.0,0.18,270.0,48.6,48.7761996277677,0.04286694101508916,213.28,True,True,True
2.0,0.18,275.0,49.5,48.40388908709035,0.04208754208754208,217.59999999999997,True,True,True
2.0,0.18,280.0,50.4,48.04607369363475,0.04133597883597884,221.92,True,True,True
2.0,0.18,285.0,51.3,47.70192310304098,0.04061078622482132,226.23999999999995,True,True,True
2.0,0.18,290.0,52.2,47.37066920355896,0.03991060025542784,230.55999999999997,True,True,True
2.0,0.18,295.0,53.1,47.05160039302247,0.03923414940364093,234.88,True,True,True
2.0,0.18,300.0,54.0,46.74405647597694,0.038580246913580245,239.19999999999996,True,True,True
2.0,0.19,10.0,1.9,nan,1.0964912280701755,-10.88,False,False,False
2.0,0.19,15.0,2.85,nan,0.7309941520467835,-6.320000000000001,False,False,False
2.0,0.19,20.0,3.8,nan,0.5482456140350878,-1.7600000000000016,False,False,False
2.0,0.19,25.0,4.75,1458.497558601385,0.43859649122807015,2.8000000000000025,True,False,False
2.0,0.19,30.0,5.7,573.4642717359649,0.36549707602339176,7.359999999999997,True,False,False
2.0,0.19,35.0,6.65,365.5705466333487,0.3132832080200501,11.920000000000002,True,False,False
2.0,0.19,40.0,7.6,272.7248053253845,0.2741228070175439,16.479999999999997,True,False,False
2.0,0.19,45.0,8.55,220.12398610528308,0.24366471734892786,21.039999999999992,True,False,False
2.0,0.19,50.0,9.5,186.26220873234269,0.21929824561403508,25.600000000000005,True,False,False
2.0,0.19,55.0,10.45,162.63980170559654,0.19936204146730463,30.16,True,True,False
2.0,0.19,60.0,11.4,145.22235873656714,0.18274853801169588,34.71999999999999,True,True,False
2.0,0.19,65.0,12.35,131.8488841961922,0.16869095816464239,39.28,True,True,False
2.0,0.19,70.0,13.3,121.25748282662518,0.15664160401002505,43.84,True,True,False
2.0,0.19,75.0,14.25,112.66181659115838,0.14619883040935672,48.4,True,True,False
2.0,0.19,80.0,15.2,105.54637082524332,0.13706140350877194,52.959999999999994,True,True,False
2.0,0.19,85.0,16.15,99.55910422110054,0.12899896800825594,57.52,True,True,True
2.0,0.19,90.0,17.1,94.45141028818497,0.12183235867446393,62.079999999999984,True,True,True
2.0,0.19,95.0,18.05,90.04272849014616,0.11542012927054479,66.64,True,True,True
2.0,0.19,100.0,19.0,86.19875424826066,0.10964912280701754,71.20000000000002,True,True,True
2.0,0.19,105.0,19.95,82.8175181938883,0.10442773600668338,75.76,True,True,True
2.0,0.19,110.0,20.9,79.82020734887693,0.09968102073365231,80.32,True,True,True
2.0,0.19,115.0,21.85,77.14494498297144,0.09534706331045002,84.88,True,True,True
2.0,0.19,120.0,22.8,74.74247323398295,0.09137426900584794,89.43999999999998,True,True,True
2.0,0.19,125.0,23.75,72.5730923610665,0.08771929824561403,94.0,True,True,True
2.0,0.19,130.0,24.7,70.60444965333878,0.08434547908232119,98.56,True,True,True
2.0,0.19,135.0,25.65,68.80991498958387,0.08122157244964263,103.12,True,True,True
2.0,0.19,140.0,26.6,67.16736914579037,0.07832080200501253,107.68,True,True,True
2.0,0.19,145.0,27.55,65.65828746891951,0.07562008469449484,112.23999999999998,True,True,True
2.0,0.19,150.0,28.5,64.267038196955,0.07309941520467836,116.8,True,True,True
2.0,0.19,155.0,29.45,62.98033896915923,0.07074136955291455,121.35999999999999,True,True,True
2.0,0.19,160.0,30.4,61.78683142622287,0.06853070175438597,125.91999999999999,True,True,True
2.0,0.19,165.0,31.35,60.6767450113642,0.06645401382243488,130.48,True,True,True
2.0,0.19,170.0,32.3,59.641628887556415,0.06449948400412797,135.04,True,True,True
2.0,0.19,175.0,33.25,58.6741363959057,0.06265664160401002,139.6,True,True,True
2.0,0.19,180.0,34.2,57.76785042148485,0.060916179337231965,144.15999999999997,True,True,True
2.0,0.19,185.0,35.15,56.91714088659275,0.05926979611190138,148.72,True,True,True
2.0,0.19,190.0,36.1,56.11704768102096,0.057710064635272396,153.28,True,True,True
2.0,0.19,195.0,37.05,55.363183885198374,0.05623031938821413,157.84,True,True,True
2.0,0.19,200.0,38.0,54.6516552976141,0.05482456140350877,162.40000000000003,True,True,True
2.0,0.19,205.0,38.95,53.97899314940914,0.05348737697903294,166.95999999999998,True,True,True
2.0,0.19,210.0,39.9,53.34209755199492,0.05221386800334169,171.52,True,True,True
2.0,0.19,215.0,40.85,52.738189732002425,0.05099959200326396,176.08,True,True,True
2.0,0.19,220.0,41.8,52.164771500796085,0.04984051036682616,180.64,True,True,True
2.0,0.19,225.0,42.75,51.61959071164483,0.04873294346978558,185.2,True,True,True
2.0,0.19,230.0,43.7,51.1006116973516,0.04767353165522501,189.76,True,True,True
2.0,0.19,235.0,44.65,50.605989870225706,0.046659201194475544,194.32,True,True,True
2.0,0.19,240.0,45.6,50.13404981634694,0.04568713450292397,198.87999999999997,True,True,True
2.0,0.19,245.0,46.55,49.68326633586265,0.044754744002864305,203.43999999999997,True,True,True
2.0,0.19,250.0,47.5,49.25224797721498,0.043859649122807015,208.0,True,True,True
2.0,0.19,255.0,48.45,48.83972269078629,0.042999656002751976,212.56,True,True,True
2.0,0.19,260.0,49.4,48.44452529037561,0.042172739541160596,217.12,True,True,True
2.0,0.19,265.0,50.35,48.06558646219402,0.04137702747434624,221.68,True,True,True
2.0,0.19,270.0,51.3,47.70192310304097,0.04061078622482132,226.24,True,True,True
2.0,0.19,275.0,52.25,47.35262980383366,0.03987240829346093,230.80000000000004,True,True,True
2.0,0.19,280.0,53.2,47.016871323154426,0.039160401002506263,235.36,True,True,True
2.0,0.19,285.0,54.15,46.69387591909989,0.038473376423514935,239.91999999999996,True,True,True
2.0,0.19,290.0,55.1,46.382929427369376,0.03781004234724742,244.47999999999996,True,True,True
2.0,0.19,295.0,56.05,46.08336998994572,0.03716919417187036,249.04,True,True,True
2.0,0.19,300.0,57.0,45.79458335247989,0.03654970760233918,253.6,True,True,True
2.0,0.2,10.0,2.0,nan,1.0416666666666667,-10.4,False,False,False
2.0,0.2,15.0,3.0,nan,0.6944444444444445,-5.600000000000003,False,False,False
2.0,0.2,20.0,4.0,nan,0.5208333333333334,-0.8000000000000029,False,False,False
2.0,0.2,25.0,5.0,1029.9551249612875,0.41666666666666663,3.999999999999999,True,False,False
2.0,0.2,30.0,6.0,484.5374821466163,0.34722222222222227,8.799999999999994,True,False,False
2.0,0.2,35.0,7.0,324.1205283775951,0.29761904761904767,13.599999999999998,True,False,False
2.0,0.2,40.0,8.0,247.39937657501994,0.2604166666666667,18.39999999999999,True,False,False
2.0,0.2,45.0,9.0,202.42490827695855,0.2314814814814815,23.199999999999992,True,False,False
2.0,0.2,50.0,10.0,172.8702576810896,0.20833333333333331,28.0,True,False,False
2.0,0.2,55.0,11.0,151.96574872303606,0.18939393939393942,32.79999999999999,True,True,False
2.0,0.2,60.0,12.0,136.39856120108126,0.17361111111111113,37.599999999999994,True,True,False
2.0,0.2,65.0,13.0,124.35601991051242,0.16025641025641027,42.39999999999999,True,True,False
2.0,0.2,70.0,14.0,114.76280905192367,0.14880952380952384,47.2,True,True,False
2.0,0.2,75.0,15.0,106.94065250568983,0.1388888888888889,51.99999999999999,True,True,False
2.0,0.2,80.0,16.0,100.44055058698845,0.13020833333333334,56.79999999999998,True,True,False
2.0,0.2,85.0,17.0,94.95345156470805,0.12254901960784313,61.59999999999999,True,True,True
2.0,0.2,90.0,18.0,90.2596680637212,0.11574074074074076,66.39999999999999,True,True,True
2.0,0.2,95.0,19.0,86.19875424826068,0.10964912280701754,71.19999999999999,True,True,True
2.0,0.2,100.0,20.0,82.65079796738462,0.10416666666666666,76.0,True,True,True
2.0,0.2,105.0,21.0,79.52438104661267,0.0992063492063492,80.79999999999998,True,True,True
2.0,0.2,110.0,22.0,76.74859032256282,0.09469696969696971,85.59999999999998,True,True,True
2.0,0.2,115.0,23.0,74.26757383469524,0.09057971014492755,90.39999999999998,True,True,True
2.0,0.2,120.0,24.0,72.03674388341933,0.08680555555555557,95.19999999999999,True,True,True
2.0,0.2,125.0,25.0,70.02007360746592,0.08333333333333334,99.99999999999999,True,True,True
2.0,0.2,130.0,26.0,68.18813648656169,0.08012820512820513,104.79999999999998,True,True,True
2.0,0.2,135.0,27.0,66.51666101128409,0.0771604938271605,109.59999999999998,True,True,True
2.0,0.2,140.0,28.0,64.98544921225357,0.07440476190476192,114.4,True,True,True
2.0,0.2,145.0,29.0,63.577556484285914,0.07183908045977011,119.19999999999999,True,True,True
2.0,0.2,150.0,30.0,62.27866190299964,0.06944444444444445,123.99999999999999,True,True,True
2.0,0.2,155.0,31.0,61.07657934019429,0.06720430107526883,128.79999999999998,True,True,True
2.0,0.2,160.0,32.0,59.960873967530674,0.06510416666666667,133.59999999999997,True,True,True
2.0,0.2,165.0,33.0,58.92255856291306,0.06313131313131312,138.4,True,True,True
2.0,0.2,170.0,34.0,57.95385089491789,0.061274509803921566,143.19999999999996,True,True,True
2.0,0.2,175.0,35.0,57.04797831890077,0.05952380952380952,147.99999999999997,True,True,True
2.0,0.2,180.0,36.0,56.19901920315698,0.05787037037037038,152.79999999999998,True,True,True
2.0,0.2,185.0,37.0,55.40177333304224,0.0563063063063063,157.59999999999997,True,True,True
2.0,0.2,190.0,38.0,54.651655297614106,0.05482456140350877,162.39999999999998,True,True,True
2.0,0.2,195.0,39.0,53.944606240296665,0.05341880341880342,167.2,True,True,True
2.0,0.2,200.0,40.0,53.27702038617835,0.05208333333333333,172.0,True,True,True
2.0,0.2,205.0,41.0,52.64568353771351,0.0508130081300813,176.79999999999998,True,True,True
2.0,0.2,210.0,42.0,52.04772132440979,0.0496031746031746,181.59999999999997,True,True,True
2.0,0.2,215.0,43.0,51.48055544827195,0.048449612403100785,186.4,True,True,True
2.0,0.2,220.0,44.0,50.94186651988998,0.047348484848484855,191.19999999999996,True,True,True
2.0,0.2,225.0,45.0,50.429562355347116,0.0462962962962963,195.99999999999997,True,True,True
2.0,0.2,230.0,46.0,49.9417508201848,0.045289855072463775,200.79999999999995,True,True,True
2.0,0.2,235.0,47.0,49.47671647732577,0.044326241134751775,205.6,True,True,True
2.0,0.2,240.0,48.0,49.03290043147934,0.04340277777777778,210.39999999999998,True,True,True
2.0,0.2,245.0,49.0,48.60888287094947,0.042517006802721094,215.19999999999996,True,True,True
2.0,0.2,250.0,50.0,48.20336789487907,0.04166666666666667,219.99999999999997,True,True,True
2.0,0.2,255.0,51.0,47.81517028433482,0.04084967320261439,224.79999999999998,True,True,True
2.0,0.2,260.0,52.0,47.44320393276803,0.04006410256410257,229.59999999999997,True,True,True
2.0,0.2,265.0,53.0,47.086471697988976,0.039308176100628936,234.39999999999995,True,True,True
2.0,0.2,270.0,54.0,46.74405647597694,0.03858024691358025,239.19999999999996,True,True,True
2.0,0.2,275.0,55.0,46.41511332827359,0.03787878787878789,244.0,True,True,True
2.0,0.2,280.0,56.0,46.09886252067455,0.03720238095238096,248.8,True,True,True
2.0,0.2,285.0,57.0,45.7945833524799,0.03654970760233918,253.59999999999997,True,True,True
2.0,0.2,290.0,58.0,45.5016086735061,0.035919540229885055,258.4,True,True,True
2.0,0.2,295.0,59.0,45.219320001060204,0.035310734463276844,263.2,True,True,True
2.0,0.2,300.0,60.0,44.94714316165715,0.034722222222222224,267.99999999999994,True,True,True
2.0,0.21,10.0,2.1,nan,0.9920634920634921,-9.92,False,False,False
2.0,0.21,15.0,3.15,nan,0.6613756613756614,-4.880000000000002,False,False,False
2.0,0.21,20.0,4.2,25028.3314088068,0.49603174603174605,0.16000000000000014,True,False,False
2.0,0.21,25.0,5.25,799.2015068473878,0.3968253968253968,5.2,True,False,False
2.0,0.21,30.0,6.3,420.62135212927194,0.3306878306878307,10.239999999999997,True,False,False
2.0,0.21,35.0,7.35,291.78517382205945,0.28344671201814065,15.28,True,False,False
2.0,0.21,40.0,8.4,226.8598556199997,0.24801587301587302,20.32,True,False,False
2.0,0.21,45.0,9.45,187.7408153152887,0.22045855379188714,25.359999999999996,True,False,False
2.0,0.21,50.0,10.5,161.59282521687652,0.1984126984126984,30.4,True,True,False
2.0,0.21,55.0,11.55,142.88196097038298,0.18037518037518038,35.43999999999999,True,True,False
2.0,0.21,60.0,12.6,128.83032378922178,0.16534391534391535,40.47999999999999,True,True,False
2.0,0.21,65.0,13.65,117.89029695046186,0.15262515262515264,45.519999999999996,True,True,False
2.0,0.21,70.0,14.7,109.13135141183444,0.14172335600907032,50.56,True,True,False
2.0,0.21,75.0,15.75,101.9603585895625,0.1322751322751323,55.599999999999994,True,True,False
2.0,0.21,80.0,16.8,95.98137776677112,0.12400793650793651,60.64,True,True,True
2.0,0.21,85.0,17.85,90.91999936014506,0.11671335200746966,65.67999999999999,True,True,True
2.0,0.21,90.0,18.9,86.58003914269871,0.11022927689594357,70.71999999999998,True,True,True
2.0,0.21,95.0,19.95,82.8175181938883,0.10442773600668338,75.76,True,True,True
2.0,0.21,100.0,21.0,79.52438104661265,0.0992063492063492,80.8,True,True,True
2.0,0.21,105.0,22.05,76.61794965940852,0.09448223733938019,85.84,True,True,True
2.0,0.21,110.0,23.1,74.03388654226404,0.09018759018759019,90.87999999999998,True,True,True
2.0,0.21,115.0,24.15,71.72137634652087,0.0862663906142167,95.91999999999999,True,True,True
2.0,0.21,120.0,25.2,69.63975068696124,0.08267195767195767,100.95999999999998,True,True,True
2.0,0.21,125.0,26.25,67.75607584483897,0.07936507936507936,106.0,True,True,True
2.0,0.21,130.0,27.3,66.04339742210247,0.07631257631257632,111.03999999999999,True,True,True
2.0,0.21,135.0,28.35,64.47944228073383,0.07348618459729571,116.07999999999998,True,True,True
2.0,0.21,140.0,29.4,63.0456445685676,0.07086167800453516,121.12,True,True,True
2.0,0.21,145.0,30.45,61.72640520245907,0.06841817186644773,126.15999999999998,True,True,True
2.0,0.21,150.0,31.5,60.508522031551536,0.06613756613756615,131.2,True,True,True
2.0,0.21,155.0,32.55,59.380746482214384,0.06400409626216079,136.23999999999998,True,True,True
2.0,0.21,160.0,33.6,58.33343510004398,0.062003968253968256,141.28,True,True,True
2.0,0.21,165.0,34.65,57.358273107787994,0.06012506012506012,146.32,True,True,True
2.0,0.21,170.0,35.7,56.448053193240376,0.05835667600373483,151.36,True,True,True
2.0,0.21,175.0,36.75,55.596497068581776,0.056689342403628114,156.4,True,True,True
2.0,0.21,180.0,37.8,54.79811045418432,0.055114638447971785,161.43999999999997,True,True,True
2.0,0.21,185.0,38.85,54.048064403657136,0.053625053625053626,166.48,True,True,True
2.0,0.21,190.0,39.9,53.34209755199492,0.05221386800334169,171.52,True,True,True
2.0,0.21,195.0,40.95,52.67643510600075,0.05087505087505088,176.56,True,True,True
2.0,0.21,200.0,42.0,52.04772132440979,0.0496031746031746,181.6,True,True,True
2.0,0.21,205.0,43.05,51.45296293779546,0.0483933410762679,186.63999999999996,True,True,True
2.0,0.21,210.0,44.1,50.8894814947176,0.047241118669690094,191.68,True,True,True
2.0,0.21,215.0,45.15,50.35487303326959,0.04614248800295312,196.72,True,True,True
2.0,0.21,220.0,46.2,49.84697379709616,0.045093795093795096,201.75999999999996,True,True,True
2.0,0.21,225.0,47.25,49.36383096469752,0.04409171075837742,206.8,True,True,True
2.0,0.21,230.0,48.3,48.90367755710336,0.04313319530710835,211.83999999999997,True,True,True
2.0,0.21,235.0,49.35,48.46491084421846,0.042215467747382635,216.88,True,True,True
2.0,0.21,240.0,50.4,48.04607369363475,0.04133597883597884,221.91999999999996,True,True,True
2.0,0.21,245.0,51.45,47.64583840451511,0.04049238743116294,226.95999999999998,True,True,True
2.0,0.21,250.0,52.5,47.26299264864688,0.03968253968253968,232.0,True,True,True
2.0,0.21,255.0,53.55,46.896427205043025,0.03890445066915656,237.03999999999996,True,True,True
2.0,0.21,260.0,54.6,46.545125226704926,0.03815628815628816,242.07999999999998,True,True,True
2.0,0.21,265.0,55.65,46.208152820807925,0.037436358191075166,247.11999999999998,True,True,True
2.0,0.21,270.0,56.7,45.88465075854767,0.036743092298647854,252.15999999999997,True,True,True
2.0,0.21,275.0,57.75,45.573827159691696,0.03607503607503608,257.2,True,True,True
2.0,0.21,280.0,58.8,45.27495102070634,0.03543083900226758,262.24,True,True,True
2.0,0.21,285.0,59.85,44.98734647510984,0.03480924533556113,267.2799999999999,True,True,True
2.0,0.21,290.0,60.9,44.710387691189354,0.034209085933223866,272.31999999999994,True,True,True
2.0,0.21,295.0,61.95,44.44349432600955,0.033629270917406515,277.36,True,True,True
2.0,0.21,300.0,63.0,44.186127466215765,0.033068783068783074,282.4,True,True,True
2.0,0.22,10.0,2.2,nan,0.9469696969696969,-9.44,False,False,False
2.0,0.22,15.0,3.3,nan,0.6313131313131314,-4.160000000000001,False,False,False
2.0,0.22,20.0,4.4,3601.2097268018774,0.47348484848484845,1.120000000000001,True,False,False
2.0,0.22,25.0,5.5,654.9804955262007,0.3787878787878788,6.400000000000001,True,False,False
2.0,0.22,30.0,6.6,372.46536376003985,0.3156565656565657,11.679999999999996,True,False,False
2.0,0.22,35.0,7.7,265.85588007469596,0.27056277056277056,16.96,True,False,False
2.0,0.22,40.0,8.8,209.86672677232113,0.23674242424242423,22.240000000000002,True,False,False
2.0,0.22,45.0,9.9,175.36178345806695,0.2104377104377104,27.519999999999996,True,False,False
2.0,0.22,50.0,11.0,151.96574872303603,0.1893939393939394,32.800000000000004,True,True,False
2.0,0.22,55.0,12.1,135.05769000696327,0.17217630853994492,38.08,True,True,False
2.0,0.22,60.0,13.2,122.26746108890086,0.15782828282828285,43.35999999999999,True,True,False
2.0,0.22,65.0,14.3,112.25405818594409,0.14568764568764567,48.64,True,True,False
2.0,0.22,70.0,15.4,104.20173715715688,0.13528138528138528,53.92,True,True,False
2.0,0.22,75.0,16.5,97.58577609566687,0.12626262626262624,59.2,True,True,True
2.0,0.22,80.0,17.6,92.05332230479307,0.11837121212121211,64.48,True,True,True
2.0,0.22,85.0,18.7,87.35835005106992,0.11140819964349377,69.75999999999999,True,True,True
2.0,0.22,90.0,19.8,83.32407751748688,0.1052188552188552,75.04,True,True,True
2.0,0.22,95.0,20.9,79.82020734887693,0.09968102073365231,80.32,True,True,True
2.0,0.22,100.0,22.0,76.7485903225628,0.0946969696969697,85.6,True,True,True
2.0,0.22,105.0,23.1,74.03388654226404,0.09018759018759018,90.87999999999998,True,True,True
2.0,0.22,110.0,24.2,71.61730331021771,0.08608815426997246,96.16,True,True,True
2.0,0.22,115.0,25.3,69.4522886796147,0.08234519104084322,101.43999999999998,True,True,True
2.0,0.22,120.0,26.4,67.50150338277449,0.07891414141414142,106.71999999999998,True,True,True
2.0,0.22,125.0,27.5,65.73464927106492,0.07575757575757575,112.0,True,True,True
2.0,0.22,130.0,28.6,64.12688434267439,0.07284382284382283,117.28,True,True,True
2.0,0.22,135.0,29.7,62.65764746294412,0.07014590347923681,122.56,True,True,True
2.0,0.22,140.0,30.8,61.30977433047567,0.06764069264069264,127.84,True,True,True
2.0,0.22,145.0,31.9,60.068823826304005,0.06530825496342739,133.12,True,True,True
2.0,0.22,150.0,33.0,58.92255856291306,0.06313131313131312,138.4,True,True,True
2.0,0.22,155.0,34.1,57.86053996698738,0.06109481915933528,143.68,True,True,True
2.0,0.22,160.0,35.2,56.87380947775462,0.05918560606060606,148.96,True,True,True
2.0,0.22,165.0,36.3,55.95463522533653,0.0573921028466483,154.24,True,True,True
2.0,0.22,170.0,37.4,55.09630901771244,0.055704099821746886,159.51999999999998,True,True,True
2.0,0.22,175.0,38.5,54.29298235348948,0.05411255411255411,164.8,True,True,True
2.0,0.22,180.0,39.6,53.539532979801535,0.0526094276094276,170.08,True,True,True
2.0,0.22,185.0,40.7,52.831455557448834,0.05118755118755118,175.35999999999996,True,True,True
2.0,0.22,190.0,41.8,52.164771500796085,0.04984051036682616,180.64,True,True,True
2.0,0.22,195.0,42.9,51.53595418057973,0.04856254856254857,185.92,True,True,True
2.0,0.22,200.0,44.0,50.94186651988997,0.04734848484848485,191.2,True,True,True
2.0,0.22,205.0,45.1,50.37970865203858,0.046193643754619367,196.48,True,True,True
2.0,0.22,210.0,46.2,49.84697379709616,0.04509379509379509,201.75999999999996,True,True,True
2.0,0.22,215.0,47.3,49.34141088993286,0.044045102184637065,207.04,True,True,True
2.0,0.22,220.0,48.4,48.86099278448229,0.04304407713498623,212.32,True,True,True
2.0,0.22,225.0,49.5,48.40388908709034,0.04208754208754208,217.60000000000002,True,True,True
2.0,0.22,230.0,50.6,47.96844285131209,0.04117259552042161,222.87999999999997,True,True,True
2.0,0.22,235.0,51.7,47.55315050863437,0.04029658284977433,228.16,True,True,True
2.0,0.22,240.0,52.8,47.15664452278785,0.03945707070707071,233.43999999999997,True,True,True
2.0,0.22,245.0,53.9,46.77767834596673,0.03865182436611008,238.72,True,True,True
2.0,0.22,250.0,55.0,46.41511332827359,0.03787878787878787,244.0,True,True,True
2.0,0.22,255.0,56.1,46.06790729079083,0.037136066547831255,249.27999999999997,True,True,True
2.0,0.22,260.0,57.2,45.735104520733486,0.03642191142191142,254.56,True,True,True
2.0,0.22,265.0,58.3,45.41582698640508,0.035734705546026306,259.84,True,True,True
2.0,0.22,270.0,59.4,45.10926660190507,0.035072951739618406,265.12,True,True,True
2.0,0.22,275.0,60.5,44.814678398101535,0.03443526170798898,270.4,True,True,True
2.0,0.22,280.0,61.6,44.53137447836706,0.03382034632034632,275.68,True,True,True
2.0,0.22,285.0,62.7,44.25871865584358,0.03322700691121744,280.9599999999999,True,True,True
2.0,0.22,290.0,63.8,43.99612168423487,0.032654127481713695,286.24,True,True,True
2.0,0.22,295.0,64.9,43.74303700687764,0.03210066769388803,291.52,True,True,True
2.0,0.22,300.0,66.0,43.49895695955037,0.03156565656565656,296.8,True,True,True
2.0,0.23,10.0,2.3,nan,0.9057971014492755,-8.960000000000003,False,False,False
2.0,0.23,15.0,3.45,nan,0.6038647342995169,-3.440000000000003,False,False,False
2.0,0.23,20.0,4.6,1952.969597416887,0.45289855072463775,2.0799999999999974,True,False,False
2.0,0.23,25.0,5.75,556.3029614643361,0.3623188405797102,7.599999999999998,True,False,False
2.0,0.23,30.0,6.9,334.88020210600513,0.30193236714975846,13.119999999999994,True,False,False
2.0,0.23,35.0,8.05,244.60053627320912,0.25879917184265017,18.64,True,False,False
2.0,0.23,40.0,9.2,195.5744925759293,0.22644927536231887,24.159999999999997,True,False,False
2.0,0.23,45.0,10.35,164.78455138599347,0.20128824476650564,29.679999999999993,True,True,False
2.0,0.23,50.0,11.5,143.65145538744656,0.1811594202898551,35.199999999999996,True,True,False
2.0,0.23,55.0,12.65,128.24796105451748,0.16469038208168646,40.71999999999999,True,True,False
2.0,0.23,60.0,13.8,116.52211761768567,0.15096618357487923,46.23999999999999,True,True,False
2.0,0.23,65.0,14.95,107.2973041565614,0.13935340022296547,51.75999999999999,True,True,False
2.0,0.23,70.0,16.1,99.85045753570965,0.12939958592132508,57.28,True,True,True
2.0,0.23,75.0,17.25,93.71273809151725,0.12077294685990339,62.79999999999999,True,True,True
2.0,0.23,80.0,18.4,88.56682811254562,0.11322463768115944,68.31999999999998,True,True,True
2.0,0.23,85.0,19.55,84.19029579023496,0.10656436487638535,73.83999999999999,True,True,True
2.0,0.23,90.0,20.7,80.42259558534253,0.10064412238325282,79.35999999999999,True,True,True
2.0,0.23,95.0,21.85,77.14494498297144,0.09534706331045004,84.88,True,True,True
2.0,0.23,100.0,23.0,74.26757383469523,0.09057971014492755,90.39999999999999,True,True,True
2.0,0.23,105.0,24.15,71.72137634652087,0.0862663906142167,95.91999999999999,True,True,True
2.0,0.23,110.0,25.3,69.4522886796147,0.08234519104084323,101.43999999999998,True,True,True
2.0,0.23,115.0,26.45,67.41740751834281,0.07876496534341525,106.95999999999998,True,True,True
2.0,0.23,120.0,27.6,65.58225153506207,0.07548309178743962,112.47999999999998,True,True,True
2.0,0.23,125.0,28.75,63.9187915014035,0.07246376811594205,117.99999999999999,True,True,True
2.0,0.23,130.0,29.9,62.404008595105616,0.06967670011148273,123.51999999999998,True,True,True
2.0,0.23,135.0,31.05,61.01882273844761,0.06709608158883522,129.04,True,True,True
2.0,0.23,140.0,32.2,59.74728471069495,0.06469979296066254,134.56,True,True,True
2.0,0.23,145.0,33.35,58.57595927450702,0.06246876561719142,140.08,True,True,True
2.0,0.23,150.0,34.5,57.49344862413995,0.060386473429951695,145.6,True,True,True
2.0,0.23,155.0,35.65,56.49002027644661,0.0584385226741468,151.11999999999998,True,True,True
2.0,0.23,160.0,36.8,55.55731364069487,0.05661231884057972,156.63999999999996,True,True,True
2.0,0.23,165.0,37.95,54.68810651936529,0.054896794027228815,162.15999999999997,True,True,True
2.0,0.23,170.0,39.1,53.876127729497306,0.053282182438192674,167.67999999999998,True,True,True
2.0,0.23,175.0,40.25,53.11590555533455,0.05175983436853002,173.2,True,True,True
2.0,0.23,180.0,41.4,52.40264428539491,0.05032206119162641,178.71999999999997,True,True,True
2.0,0.23,185.0,42.55,51.732122943918846,0.04896200548374462,184.24,True,True,True
2.0,0.23,190.0,43.7,51.1006116973516,0.04767353165522502,189.76,True,True,True
2.0,0.23,195.0,44.85,50.50480243850509,0.04645113340765515,195.28,True,True,True
2.0,0.23,200.0,46.0,49.941750820184794,0.045289855072463775,200.79999999999998,True,True,True
2.0,0.23,205.0,47.15,49.408827594004165,0.04418522446094026,206.31999999999996,True,True,True
2.0,0.23,210.0,48.3,48.90367755710336,0.04313319530710835,211.83999999999997,True,True,True
2.0,0.23,215.0,49.45,48.424184754318205,0.042130097741826765,217.35999999999996,True,True,True
2.0,0.23,220.0,50.6,47.96844285131209,0.041172595520421615,222.87999999999997,True,True,True
2.0,0.23,225.0,51.75,47.534729803862845,0.04025764895330113,228.39999999999998,True,True,True
2.0,0.23,230.0,52.9,47.121486113646135,0.03938248267170762,233.91999999999996,True,True,True
2.0,0.23,235.0,54.05,46.72729609173881,0.0385445575084798,239.44,True,True,True
2.0,0.23,240.0,55.2,46.350871655404035,0.03774154589371981,244.95999999999995,True,True,True
2.0,0.23,245.0,56.35,45.99103826736508,0.03697131026323573,250.47999999999996,True,True,True
2.0,0.23,250.0,57.5,45.646722694185314,0.03623188405797102,255.99999999999997,True,True,True
2.0,0.23,255.0,58.65,45.31694231497887,0.035521454958795114,261.52,True,True,True
2.0,0.23,260.0,59.8,45.00079575612307,0.03483835005574137,267.03999999999996,True,True,True
2.0,0.23,265.0,60.95,44.69745466398935,0.034181022696199076,272.55999999999995,True,True,True
2.0,0.23,270.0,62.1,44.40615645756174,0.03354804079441761,278.0799999999999,True,True,True
2.0,0.23,275.0,63.25,44.12619792743512,0.03293807641633729,283.6,True,True,True
2.0,0.23,280.0,64.4,43.85692956807704,0.03234989648033127,289.12,True,True,True
2.0,0.23,285.0,65.55,43.5977505471907,0.03178235443681668,294.63999999999993,True,True,True
2.0,0.23,290.0,66.7,43.348104230164246,0.03123438280859571,300.16,True,True,True
2.0,0.23,295.0,67.85,43.10747418943972,0.030704986489805946,305.68,True,True,True
2.0,0.23,300.0,69.0,42.875380638591785,0.030193236714975848,311.2,True,True,True
2.0,0.24,10.0,2.4,nan,0.8680555555555556,-8.48,False,False,False
2.0,0.24,15.0,3.6,nan,0.5787037037037038,-2.7200000000000024,False,False,False
2.0,0.24,20.0,4.8,1345.7232339592558,0.4340277777777778,3.0399999999999983,True,False,False
2.0,0.24,25.0,6.0,484.5374821466161,0.3472222222222222,8.799999999999999,True,False,False
2.0,0.24,30.0,7.2,304.72946803188944,0.2893518518518519,14.559999999999995,True,False,False
2.0,0.24,35.0,8.4,226.8598556199997,0.24801587301587302,20.32,True,False,False
2.0,0.24,40.0,9.6,183.386636420724,0.2170138888888889,26.079999999999995,True,False,False
2.0,0.24,45.0,10.8,155.6424211528445,0.19290123456790123,31.839999999999993,True,True,False
2.0,0.24,50.0,12.0,136.39856120108124,0.1736111111111111,37.6,True,True,False
2.0,0.24,55.0,13.2,122.26746108890086,0.15782828282828285,43.35999999999999,True,True,False
2.0,0.24,60.0,14.4,111.45049520498426,0.14467592592592596,49.11999999999999,True,True,False
2.0,0.24,65.0,15.6,102.90414606637965,0.13354700854700854,54.879999999999995,True,True,False
2.0,0.24,70.0,16.8,95.98137776677112,0.12400793650793651,60.64,True,True,True
2.0,0.24,75.0,18.0,90.2596680637212,0.11574074074074076,66.4,True,True,True
2.0,0.24,80.0,19.2,85.45140203832003,0.10850694444444445,72.16,True,True,True
2.0,0.24,85.0,20.4,81.35400901872768,0.10212418300653595,77.92,True,True,True
2.0,0.24,90.0,21.6,77.82069304963369,0.09645061728395062,83.67999999999998,True,True,True
2.0,0.24,95.0,22.8,74.74247323398295,0.09137426900584794,89.43999999999998,True,True,True
2.0,0.24,100.0,24.0,72.03674388341932,0.08680555555555555,95.2,True,True,True
2.0,0.24,105.0,25.2,69.63975068696124,0.08267195767195767,100.96,True,True,True
2.0,0.24,110.0,26.4,67.50150338277449,0.07891414141414142,106.71999999999998,True,True,True
2.0,0.24,115.0,27.6,65.58225153506204,0.07548309178743962,112.48,True,True,True
2.0,0.24,120.0,28.8,63.8499903951105,0.07233796296296298,118.23999999999998,True,True,True
2.0,0.24,125.0,30.0,62.27866190299964,0.06944444444444445,123.99999999999999,True,True,True
2.0,0.24,130.0,31.2,60.84683483065691,0.06677350427350427,129.76,True,True,True
2.0,0.24,135.0,32.4,59.53672151180731,0.06430041152263374,135.52,True,True,True
2.0,0.24,140.0,33.6,58.33343510004398,0.062003968253968256,141.28,True,True,True
2.0,0.24,145.0,34.8,57.22442139953957,0.05986590038314176,147.03999999999996,True,True,True
2.0,0.24,150.0,36.0,56.19901920315697,0.05787037037037038,152.8,True,True,True
2.0,0.24,155.0,37.2,55.24811645999289,0.05600358422939069,158.55999999999997,True,True,True
2.0,0.24,160.0,38.4,54.36387875821908,0.054253472222222224,164.32,True,True,True
2.0,0.24,165.0,39.6,53.539532979801535,0.0526094276094276,170.08,True,True,True
2.0,0.24,170.0,40.8,52.76919347622118,0.05106209150326797,175.84,True,True,True
2.0,0.24,175.0,42.0,52.04772132440979,0.0496031746031746,181.6,True,True,True
2.0,0.24,180.0,43.2,51.37060954401636,0.04822530864197531,187.35999999999996,True,True,True
2.0,0.24,185.0,44.4,50.7338888557425,0.046921921921921926,193.11999999999998,True,True,True
2.0,0.24,190.0,45.6,50.13404981634694,0.04568713450292397,198.87999999999997,True,True,True
2.0,0.24,195.0,46.8,49.56797810364135,0.04451566951566952,204.64,True,True,True
2.0,0.24,200.0,48.0,49.032900431479334,0.043402777777777776,210.4,True,True,True
2.0,0.24,205.0,49.2,48.52633911194179,0.04234417344173442,216.15999999999997,True,True,True
2.0,0.24,210.0,50.4,48.04607369363475,0.04133597883597884,221.92,True,True,True
2.0,0.24,215.0,51.6,47.590108422986255,0.04037467700258398,227.68,True,True,True
2.0,0.24,220.0,52.8,47.15664452278785,0.03945707070707071,233.43999999999997,True,True,True
2.0,0.24,225.0,54.0,46.74405647597694,0.038580246913580245,239.19999999999996,True,True,True
2.0,0.24,230.0,55.2,46.350871655404035,0.03774154589371981,244.96,True,True,True
2.0,0.24,235.0,56.4,45.97575276149432,0.03693853427895981,250.72,True,True,True
2.0,0.24,240.0,57.6,45.61748262638781,0.03616898148148149,256.47999999999996,True,True,True
2.0,0.24,245.0,58.8,45.27495102070634,0.03543083900226758,262.23999999999995,True,True,True
2.0,0.24,250.0,60.0,44.94714316165715,0.034722222222222224,267.99999999999994,True,True,True
2.0,0.24,255.0,61.2,44.633129671895844,0.03404139433551198,273.76,True,True,True
2.0,0.24,260.0,62.4,44.332057779880834,0.033386752136752136,279.52,True,True,True
2.0,0.24,265.0,63.6,44.043143586253436,0.03275681341719078,285.2799999999999,True,True,True
2.0,0.24,270.0,64.8,43.76566524855849,0.03215020576131687,291.04,True,True,True
2.0,0.24,275.0,66.0,43.49895695955037,0.03156565656565656,296.8,True,True,True
2.0,0.24,280.0,67.2,43.24240361332839,0.031001984126984128,302.56,True,True,True
2.0,0.24,285.0,68.4,42.99543606935237,0.03045808966861599,308.31999999999994,True,True,True
2.0,0.24,290.0,69.6,42.75752693758537,0.02993295019157088,314.0799999999999,True,True,True
2.0,0.24,295.0,70.8,42.52818681906859,0.029425612052730695,319.8399999999999,True,True,True
2.0,0.24,300.0,72.0,42.30696094553127,0.02893518518518519,325.6,True,True,True
2.0,0.25,10.0,2.5,nan,0.8333333333333333,-8.0,False,False,False
2.0,0.25,15.0,3.75,nan,0.5555555555555556,-2.0000000000000018,False,False,False
2.0,0.25,20.0,5.0,1029.9551249612875,0.41666666666666663,3.999999999999999,True,False,False
2.0,0.25,25.0,6.25,429.99571786514883,0.3333333333333333,10.0,True,False,False
2.0,0.25,30.0,7.5,280.0058660911144,0.2777777777777778,15.999999999999996,True,False,False
2.0,0.25,35.0,8.75,211.82866073928042,0.23809523809523808,22.0,True,False,False
2.0,0.25,40.0,10.0,172.8702576810896,0.20833333333333331,28.0,True,False,False
2.0,0.25,45.0,11.25,147.6618792316721,0.18518518518518517,33.99999999999999,True,True,False
2.0,0.25,50.0,12.5,130.01601431707974,0.16666666666666666,40.0,True,True,False
2.0,0.25,55.0,13.75,116.97341851064195,0.1515151515151515,46.0,True,True,False
2.0,0.25,60.0,15.0,106.94065250568983,0.1388888888888889,51.99999999999999,True,True,False
2.0,0.25,65.0,16.25,98.9836311914174,0.1282051282051282,58.0,True,True,True
2.0,0.25,70.0,17.5,92.5185513735711,0.11904761904761904,64.0,True,True,True
2.0,0.25,75.0,18.75,87.16177095306988,0.1111111111111111,70.0,True,True,True
2.0,0.25,80.0,20.0,82.65079796738462,0.10416666666666666,76.0,True,True,True
2.0,0.25,85.0,21.25,78.79996736984842,0.0980392156862745,82.0,True,True,True
2.0,0.25,90.0,22.5,75.47425003561266,0.09259259259259259,87.99999999999999,True,True,True
2.0,0.25,95.0,23.75,72.5730923610665,0.08771929824561403,94.0,True,True,True
2.0,0.25,100.0,25.0,70.02007360746593,0.08333333333333333,100.0,True,True,True
2.0,0.25,105.0,26.25,67.75607584483897,0.07936507936507936,106.0,True,True,True
2.0,0.25,110.0,27.5,65.73464927106492,0.07575757575757575,112.0,True,True,True
2.0,0.25,115.0,28.75,63.9187915014035,0.07246376811594203,117.99999999999999,True,True,True
2.0,0.25,120.0,30.0,62.27866190299964,0.06944444444444445,123.99999999999999,True,True,True
2.0,0.25,125.0,31.25,60.78992888290995,0.06666666666666667,130.0,True,True,True
2.0,0.25,130.0,32.5,59.432554658710536,0.0641025641025641,136.0,True,True,True
2.0,0.25,135.0,33.75,58.18988811542939,0.0617283950617284,142.0,True,True,True
2.0,0.25,140.0,35.0,57.04797831890076,0.05952380952380952,148.0,True,True,True
2.0,0.25,145.0,36.25,55.99504850651723,0.057471264367816084,154.0,True,True,True
2.0,0.25,150.0,37.5,55.021088430062456,0.05555555555555555,160.0,True,True,True
2.0,0.25,155.0,38.75,54.117535106122496,0.05376344086021505,165.99999999999997,True,True,True
2.0,0.25,160.0,40.0,53.27702038617835,0.05208333333333333,172.0,True,True,True
2.0,0.25,165.0,41.25,52.49316957993828,0.050505050505050504,178.0,True,True,True
2.0,0.25,170.0,42.5,51.760439478453016,0.04901960784313725,184.0,True,True,True
2.0,0.25,175.0,43.75,51.073987067587865,0.047619047619047616,190.0,True,True,True
2.0,0.25,180.0,45.0,50.429562355347116,0.046296296296296294,195.99999999999997,True,True,True
2.0,0.25,185.0,46.25,49.82342029927908,0.045045045045045036,202.0,True,True,True
2.0,0.25,190.0,47.5,49.25224797721498,0.043859649122807015,208.0,True,True,True
2.0,0.25,195.0,48.75,48.71310400965913,0.04273504273504273,214.0,True,True,True
2.0,0.25,200.0,50.0,48.203367894879065,0.041666666666666664,220.0,True,True,True
2.0,0.25,205.0,51.25,47.72069741451211,0.04065040650406504,225.99999999999997,True,True,True
2.0,0.25,210.0,52.5,47.26299264864688,0.03968253968253968,232.0,True,True,True
2.0,0.25,215.0,53.75,46.828365434001746,0.03875968992248062,238.0,True,True,True
2.0,0.25,220.0,55.0,46.41511332827359,0.03787878787878787,244.0,True,True,True
2.0,0.25,225.0,56.25,46.02169732362038,0.037037037037037035,250.0,True,True,True
2.0,0.25,230.0,57.5,45.646722694185314,0.036231884057971016,255.99999999999997,True,True,True
2.0,0.25,235.0,58.75,45.288922475258694,0.035460992907801414,262.0,True,True,True
2.0,0.25,240.0,60.0,44.94714316165715,0.034722222222222224,267.99999999999994,True,True,True
2.0,0.25,245.0,61.25,44.620332285147654,0.03401360544217687,274.0,True,True,True
2.0,0.25,250.0,62.5,44.30752758905999,0.03333333333333333,280.0,True,True,True
2.0,0.25,255.0,63.75,44.00784756553544,0.032679738562091505,286.0,True,True,True
2.0,0.25,260.0,65.0,43.72048315941602,0.03205128205128205,292.0,True,True,True
2.0,0.25,265.0,66.25,43.44469047434838,0.031446540880503145,298.0,True,True,True
2.0,0.25,270.0,67.5,43.179784342638676,0.0308641975308642,304.0,True,True,True
2.0,0.25,275.0,68.75,42.92513264183386,0.030303030303030304,310.0,True,True,True
2.0,0.25,280.0,70.0,42.68015125878114,0.02976190476190476,316.0,True,True,True
2.0,0.25,285.0,71.25,42.44429961671174,0.029239766081871343,321.99999999999994,True,True,True
2.0,0.25,290.0,72.5,42.217076693254626,0.028735632183908042,328.0,True,True,True
2.0,0.25,295.0,73.75,41.998017467646285,0.02824858757062147,334.0,True,True,True
2.0,0.25,300.0,75.0,41.786689744118235,0.027777777777777776,340.0,True,True,True
2.0,0.26,10.0,2.6,nan,0.8012820512820511,-7.52,False,False,False
2.0,0.26,15.0,3.9,nan,0.5341880341880341,-1.2800000000000011,False,False,False
2.0,0.26,20.0,5.2,836.4198323496296,0.40064102564102555,4.96,True,False,False
2.0,0.26,25.0,6.5,387.141474501139,0.3205128205128205,11.200000000000001,True,False,False
2.0,0.26,30.0,7.8,259.3650608011096,0.26709401709401703,17.439999999999998,True,False,False
2.0,0.26,35.0,9.1,198.93027053758212,0.22893772893772893,23.680000000000003,True,False,False
2.0,0.26,40.0,10.4,163.70357460857412,0.20032051282051277,29.92,True,True,False
2.0,0.26,45.0,11.7,140.634764885153,0.17806267806267806,36.16,True,True,False
2.0,0.26,50.0,13.0,124.35601991051242,0.16025641025641024,42.4,True,True,False
2.0,0.26,55.0,14.3,112.25405818594409,0.14568764568764567,48.64,True,True,False
2.0,0.26,60.0,15.6,102.90414606637965,0.13354700854700852,54.879999999999995,True,True,False
2.0,0.26,65.0,16.9,95.46337830630739,0.1232741617357002,61.12,True,True,True
2.0,0.26,70.0,18.2,89.4011850956072,0.11446886446886446,67.36,True,True,True
2.0,0.26,75.0,19.5,84.3669289945475,0.10683760683760685,73.6,True,True,True
2.0,0.26,80.0,20.8,80.11959068082777,0.10016025641025639,79.84,True,True,True
2.0,0.26,85.0,22.1,76.4880374757886,0.0942684766214178,86.07999999999998,True,True,True
2.0,0.26,90.0,23.4,73.34740480799908,0.08903133903133903,92.32,True,True,True
2.0,0.26,95.0,24.7,70.60444965333878,0.08434547908232119,98.56000000000002,True,True,True
2.0,0.26,100.0,26.0,68.18813648656167,0.08012820512820512,104.8,True,True,True
2.0,0.26,105.0,27.3,66.04339742210247,0.07631257631257632,111.03999999999999,True,True,True
2.0,0.26,110.0,28.6,64.12688434267439,0.07284382284382283,117.28,True,True,True
2.0,0.26,115.0,29.9,62.404008595105616,0.0696767001114827,123.51999999999998,True,True,True
2.0,0.26,120.0,31.2,60.84683483065691,0.06677350427350426,129.76,True,True,True
2.0,0.26,125.0,32.5,59.432554658710536,0.0641025641025641,136.0,True,True,True
2.0,0.26,130.0,33.8,58.1423620609057,0.0616370808678501,142.24,True,True,True
2.0,0.26,135.0,35.1,56.96061237541636,0.05935422602089269,148.48,True,True,True
2.0,0.26,140.0,36.4,55.87418479485789,0.05723443223443223,154.72,True,True,True
2.0,0.26,145.0,37.7,54.87199314996898,0.05526083112290009,160.96,True,True,True
2.0,0.26,150.0,39.0,53.944606240296665,0.05341880341880342,167.2,True,True,True
2.0,0.26,155.0,40.3,53.083950123017736,0.05169561621174523,173.43999999999997,True,True,True
2.0,0.26,160.0,41.6,52.283072435968336,0.050080128205128194,179.68,True,True,True
2.0,0.26,165.0,42.9,51.53595418057972,0.04856254856254857,185.92000000000002,True,True,True
2.0,0.26,170.0,44.2,50.837358176581894,0.0471342383107089,192.15999999999997,True,True,True
2.0,0.26,175.0,45.5,50.18270611477102,0.04578754578754578,198.4,True,True,True
2.0,0.26,180.0,46.8,49.56797810364135,0.044515669515669515,204.64,True,True,True
2.0,0.26,185.0,48.1,48.98963005068171,0.04331254331254331,210.88,True,True,True
2.0,0.26,190.0,49.4,48.4445252903756,0.042172739541160596,217.12000000000003,True,True,True
2.0,0.26,195.0,50.7,47.92987767283733,0.041091387245233396,223.36,True,True,True
2.0,0.26,200.0,52.0,47.44320393276802,0.04006410256410256,229.6,True,True,True
2.0,0.26,205.0,53.3,46.98228361992085,0.039086929330831764,235.84,True,True,True
2.0,0.26,210.0,54.6,46.545125226704926,0.03815628815628816,242.07999999999998,True,True,True
2.0,0.26,215.0,55.9,46.12993742283876,0.037268932617769826,248.32,True,True,True
2.0,0.26,220.0,57.2,45.735104520733486,0.03642191142191142,254.56,True,True,True
2.0,0.26,225.0,58.5,45.359165463023416,0.03561253561253561,260.8,True,True,True
2.0,0.26,230.0,59.8,45.00079575612307,0.03483835005574135,267.03999999999996,True,True,True
2.0,0.26,235.0,61.1,44.65879187892893,0.03409710856519367,273.28,True,True,True
2.0,0.26,240.0,62.4,44.332057779880834,0.03338675213675213,279.52,True,True,True
2.0,0.26,245.0,63.7,44.01959314316519,0.03270538984824699,285.76,True,True,True
2.0,0.26,250.0,65.0,43.72048315941602,0.03205128205128205,292.0,True,True,True
2.0,0.26,255.0,66.3,43.43388958056622,0.0314228255404726,298.24,True,True,True
2.0,0.26,260.0,67.6,43.15904287462777,0.03081854043392505,304.48,True,True,True
2.0,0.26,265.0,68.9,42.895235325776454,0.03023705853894533,310.7199999999999,True,True,True
2.0,0.26,270.0,70.2,42.6418149494695,0.029677113010446347,316.96,True,True,True
2.0,0.26,275.0,71.5,42.39818011244569,0.029137529137529136,323.2,True,True,True
2.0,0.26,280.0,72.8,42.16377476414837,0.028617216117216116,329.44,True,True,True
2.0,0.26,285.0,74.1,41.93808420001083,0.028115159694107057,335.68,True,True,True
2.0,0.26,290.0,75.4,41.720631288658836,0.027630415561450045,341.92,True,True,True
2.0,0.26,295.0,76.7,41.510973104827734,0.027162103433289873,348.16,True,True,True
2.0,0.26,300.0,78.0,41.30869791798933,0.02670940170940171,354.4,True,True,True
2.0,0.27,10.0,2.7,nan,0.7716049382716048,-7.04,False,False,False
2.0,0.27,15.0,4.05,nan,0.51440329218107,-0.5600000000000005,False,False,False
2.0,0.27,20.0,5.4,705.6527427471583,0.3858024691358024,5.920000000000001,True,False,False
2.0,0.27,25.0,6.75,352.5816008204858,0.30864197530864196,12.400000000000002,True,False,False
2.0,0.27,30.0,8.1,241.87285292822418,0.257201646090535,18.88,True,False,False
2.0,0.27,35.0,9.45,187.74081531528861,0.2204585537918871,25.360000000000003,True,False,False
2.0,0.27,40.0,10.8,155.64242115284446,0.1929012345679012,31.84,True,True,False
2.0,0.27,45.0,12.15,134.39985132091377,0.17146776406035663,38.32,True,True,False
2.0,0.27,50.0,13.5,119.30245347607728,0.15432098765432098,44.800000000000004,True,True,False
2.0,0.27,55.0,14.85,108.02062263726813,0.14029180695847362,51.28,True,True,False
2.0,0.27,60.0,16.2,99.27017212517237,0.1286008230452675,57.76,True,True,True
2.0,0.27,65.0,17.55,92.2850677935991,0.11870845204178539,64.24,True,True,True
2.0,0.27,70.0,18.9,86.58003914269868,0.11022927689594356,70.72000000000001,True,True,True
2.0,0.27,75.0,20.25,81.83274587153498,0.10288065843621398,77.2,True,True,True
2.0,0.27,80.0,21.6,77.82069304963369,0.0964506172839506,83.68,True,True,True
2.0,0.27,85.0,22.95,74.38535057125327,0.09077705156136527,90.16,True,True,True
2.0,0.27,90.0,24.3,71.41070799477485,0.08573388203017832,96.64,True,True,True
2.0,0.27,95.0,25.65,68.80991498958387,0.08122157244964262,103.12000000000002,True,True,True
2.0,0.27,100.0,27.0,66.51666101128409,0.07716049382716049,109.60000000000001,True,True,True
2.0,0.27,105.0,28.35,64.47944228073383,0.0734861845972957,116.08,True,True,True
2.0,0.27,110.0,29.7,62.65764746294412,0.07014590347923681,122.56,True,True,True
2.0,0.27,115.0,31.05,61.018822738447604,0.06709608158883522,129.04,True,True,True
2.0,0.27,120.0,32.4,59.53672151180731,0.06430041152263374,135.52,True,True,True
2.0,0.27,125.0,33.75,58.18988811542938,0.0617283950617284,142.00000000000003,True,True,True
2.0,0.27,130.0,35.1,56.96061237541636,0.05935422602089269,148.48,True,True,True
2.0,0.27,135.0,36.45,55.834146480463794,0.05715592135345221,154.96,True,True,True
2.0,0.27,140.0,37.8,54.798110454184304,0.05511463844797178,161.44000000000003,True,True,True
2.0,0.27,145.0,39.15,53.842035283672956,0.053214133673903784,167.91999999999996,True,True,True
2.0,0.27,150.0,40.5,52.95700790106199,0.05144032921810699,174.4,True,True,True
2.0,0.27,155.0,41.85,52.1353924759844,0.04978096375945838,180.87999999999997,True,True,True
2.0,0.27,160.0,43.2,51.370609544016354,0.0482253086419753,187.36,True,True,True
2.0,0.27,165.0,44.55,50.6569594370499,0.046763935652824544,193.84000000000003,True,True,True
2.0,0.27,170.0,45.9,49.98947998396864,0.045388525780682636,200.32,True,True,True
2.0,0.27,175.0,47.25,49.36383096469752,0.04409171075837742,206.8,True,True,True
2.0,0.27,180.0,48.6,48.7761996277677,0.04286694101508916,213.28,True,True,True
2.0,0.27,185.0,49.95,48.22322292374018,0.04170837504170838,219.76,True,True,True
2.0,0.27,190.0,51.3,47.70192310304097,0.04061078622482131,226.24000000000004,True,True,True
2.0,0.27,195.0,52.65,47.20965407331917,0.03956948401392845,232.71999999999997,True,True,True
2.0,0.27,200.0,54.0,46.74405647597695,0.038580246913580245,239.20000000000002,True,True,True
2.0,0.27,205.0,55.35,46.30301987204711,0.037639265281541705,245.67999999999998,True,True,True
2.0,0.27,210.0,56.7,45.88465075854766,0.03674309229864785,252.16,True,True,True
2.0,0.27,215.0,58.05,45.487245392770745,0.03588860178007465,258.64000000000004,True,True,True
2.0,0.27,220.0,59.4,45.10926660190507,0.035072951739618406,265.12,True,True,True
2.0,0.27,225.0,60.75,44.7493239124003,0.034293552812071325,271.6000000000001,True,True,True
2.0,0.27,230.0,62.1,44.406156457561735,0.03354804079441761,278.08,True,True,True
2.0,0.27,235.0,63.45,44.07861822051454,0.032834252692408715,284.56,True,True,True
2.0,0.27,240.0,64.8,43.76566524855849,0.03215020576131687,291.04,True,True,True
2.0,0.27,245.0,66.15,43.46634453835477,0.031494079113126724,297.52,True,True,True
2.0,0.27,250.0,67.5,43.179784342638676,0.0308641975308642,304.00000000000006,True,True,True
2.0,0.27,255.0,68.85,42.905185690778815,0.03025901718712176,310.48,True,True,True
2.0,0.27,260.0,70.2,42.6418149494695,0.029677113010446347,316.96,True,True,True
2.0,0.27,265.0,71.55,42.38899727768581,0.02911716748194735,323.44,True,True,True
2.0,0.27,270.0,72.9,42.14611085295086,0.028577960676726105,329.92,True,True,True
2.0,0.27,275.0,74.25,41.912581764912,0.028058361391694726,336.4,True,True,True
2.0,0.27,280.0,75.6,41.68787948794693,0.02755731922398589,342.88000000000005,True,True,True
2.0,0.27,285.0,76.95,41.471512857619906,0.027073857483214208,349.36,True,True,True
2.0,0.27,290.0,78.3,41.26302648676073,0.026607066836951892,355.8399999999999,True,True,True
2.0,0.27,295.0,79.65,41.06199756612879,0.026156099602427287,362.32,True,True,True
2.0,0.27,300.0,81.0,40.86803300236072,0.025720164609053495,368.8,True,True,True
2.0,0.28,10.0,2.8,nan,0.7440476190476188,-6.559999999999999,False,False,False
2.0,0.28,15.0,4.2,25028.3314088068,0.49603174603174605,0.16000000000000014,True,False,False
2.0,0.28,20.0,5.6,611.3787944290974,0.3720238095238094,6.880000000000002,True,False,False
2.0,0.28,25.0,7.0,324.12052837759495,0.2976190476190476,13.600000000000003,True,False,False
2.0,0.28,30.0,8.4,226.8598556199997,0.24801587301587302,20.32,True,False,False
2.0,0.28,35.0,9.8,177.94176577150498,0.21258503401360546,27.040000000000006,True,False,False
2.0,0.28,40.0,11.2,148.49817614705557,0.1860119047619047,33.76,True,True,False
2.0,0.28,45.0,12.6,128.83032378922175,0.16534391534391532,40.48,True,True,False
2.0,0.28,50.0,14.0,114.76280905192367,0.1488095238095238,47.20000000000001,True,True,False
2.0,0.28,55.0,15.4,104.20173715715688,0.13528138528138528,53.92,True,True,False
2.0,0.28,60.0,16.8,95.98137776677112,0.12400793650793651,60.64,True,True,True
2.0,0.28,65.0,18.2,89.4011850956072,0.11446886446886444,67.36,True,True,True
2.0,0.28,70.0,19.6,84.01480707752701,0.10629251700680273,74.08000000000001,True,True,True
2.0,0.28,75.0,21.0,79.52438104661266,0.09920634920634919,80.80000000000001,True,True,True
2.0,0.28,80.0,22.4,75.7235268376303,0.09300595238095236,87.52,True,True,True
2.0,0.28,85.0,23.8,72.46472993519211,0.08753501400560225,94.24,True,True,True
2.0,0.28,90.0,25.2,69.63975068696124,0.08267195767195766,100.96,True,True,True
2.0,0.28,95.0,26.6,67.16736914579036,0.07832080200501253,107.68000000000004,True,True,True
2.0,0.28,100.0,28.0,64.98544921225356,0.0744047619047619,114.40000000000002,True,True,True
2.0,0.28,105.0,29.4,63.0456445685676,0.07086167800453513,121.12,True,True,True
2.0,0.28,110.0,30.8,61.30977433047567,0.06764069264069264,127.84,True,True,True
2.0,0.28,115.0,32.2,59.74728471069495,0.06469979296066251,134.56,True,True,True
2.0,0.28,120.0,33.6,58.33343510004398,0.062003968253968256,141.28,True,True,True
2.0,0.28,125.0,35.0,57.04797831890076,0.05952380952380952,148.0,True,True,True
2.0,0.28,130.0,36.4,55.87418479485789,0.05723443223443222,154.72,True,True,True
2.0,0.28,135.0,37.8,54.798110454184304,0.05511463844797178,161.44000000000003,True,True,True
2.0,0.28,140.0,39.2,53.808040152156366,0.053146258503401364,168.16000000000003,True,True,True
2.0,0.28,145.0,40.6,52.8940594250327,0.051313628899835796,174.88,True,True,True
2.0,0.28,150.0,42.0,52.047721324409785,0.049603174603174593,181.60000000000002,True,True,True
2.0,0.28,155.0,43.4,51.261784583559475,0.048003072196620575,188.32,True,True,True
2.0,0.28,160.0,44.8,50.53000591180793,0.04650297619047618,195.04,True,True,True
2.0,0.28,165.0,46.2,49.84697379709616,0.04509379509379509,201.76000000000002,True,True,True
2.0,0.28,170.0,47.6,49.207974451099496,0.043767507002801125,208.48,True,True,True
2.0,0.28,175.0,49.0,48.608882870949465,0.04251700680272108,215.20000000000002,True,True,True
2.0,0.28,180.0,50.4,48.04607369363475,0.04133597883597883,221.92,True,True,True
2.0,0.28,185.0,51.8,47.51634777096975,0.04021879021879021,228.64,True,True,True
2.0,0.28,190.0,53.2,47.016871323154426,0.039160401002506263,235.36000000000007,True,True,True
2.0,0.28,195.0,54.6,46.54512522670492,0.038156288156288146,242.08000000000004,True,True,True
2.0,0.28,200.0,56.0,46.09886252067455,0.03720238095238095,248.80000000000004,True,True,True
2.0,0.28,205.0,57.4,45.67607261821748,0.03629500580720092,255.52,True,True,True
2.0,0.28,210.0,58.8,45.27495102070634,0.03543083900226757,262.24,True,True,True
2.0,0.28,215.0,60.2,44.89387357202978,0.03460686600221484,268.96000000000004,True,True,True
2.0,0.28,220.0,61.6,44.53137447836706,0.03382034632034632,275.68,True,True,True
2.0,0.28,225.0,63.0,44.186127466215765,0.03306878306878306,282.4,True,True,True
2.0,0.28,230.0,64.4,43.85692956807704,0.03234989648033126,289.12,True,True,True
2.0,0.28,235.0,65.8,43.54268711798788,0.031661600810536976,295.84000000000003,True,True,True
2.0,0.28,240.0,67.2,43.24240361332839,0.031001984126984128,302.56,True,True,True
2.0,0.28,245.0,68.6,42.95516915905243,0.0303692905733722,309.2800000000001,True,True,True
2.0,0.28,250.0,70.0,42.68015125878114,0.02976190476190476,316.0,True,True,True
2.0,0.28,255.0,71.4,42.416586756438825,0.02917833800186741,322.72,True,True,True
2.0,0.28,260.0,72.8,42.16377476414837,0.02861721611721611,329.44,True,True,True
2.0,0.28,265.0,74.2,41.92107043837501,0.028077268643306372,336.16,True,True,True
2.0,0.28,270.0,75.6,41.68787948794693,0.02755731922398589,342.88000000000005,True,True,True
2.0,0.28,275.0,77.0,41.46365331547582,0.02705627705627705,349.6,True,True,True
2.0,0.28,280.0,78.4,41.24788470855815,0.026573129251700682,356.32000000000005,True,True,True
2.0,0.28,285.0,79.8,41.040104009521116,0.026106934001670842,363.04,True,True,True
2.0,0.28,290.0,81.2,40.83987570283331,0.025656814449917898,369.76,True,True,True
2.0,0.28,295.0,82.6,40.646795367994976,0.025221953188054883,376.4800000000001,True,True,True
2.0,0.28,300.0,84.0,40.460486953042405,0.024801587301587297,383.20000000000005,True,True,True
2.0,0.29,10.0,2.9,nan,0.718390804597701,-6.079999999999999,False,False,False
2.0,0.29,15.0,4.35,4575.1698032566455,0.478927203065134,0.8800000000000008,True,False,False
2.0,0.29,20.0,5.8,540.192343658317,0.3591954022988505,7.8400000000000025,True,False,False
2.0,0.29,25.0,7.25,300.2747649794973,0.28735632183908044,14.800000000000004,True,False,False
2.0,0.29,30.0,8.7,213.8338726613932,0.239463601532567,21.76,True,False,False
2.0,0.29,35.0,10.15,169.28912313813612,0.20525451559934316,28.720000000000006,True,True,False
2.0,0.29,40.0,11.6,142.1228184961498,0.17959770114942525,35.68000000000001,True,True,False
2.0,0.29,45.0,13.05,123.82506358719465,0.15964240102171137,42.64,True,True,False
2.0,0.29,50.0,14.5,110.662485055914,0.14367816091954022,49.60000000000001,True,True,False
2.0,0.29,55.0,15.95,100.73935300899377,0.13061650992685472,56.56000000000001,True,True,False
2.0,0.29,60.0,17.4,92.99081161215435,0.1197318007662835,63.52,True,True,True
2.0,0.29,65.0,18.85,86.77262912910611,0.11052166224580018,70.48,True,True,True
2.0,0.29,70.0,20.3,81.67217779487025,0.10262725779967158,77.44000000000001,True,True,True
2.0,0.29,75.0,21.75,77.41293833945623,0.0957854406130268,84.40000000000002,True,True,True
2.0,0.29,80.0,23.2,73.80265480807203,0.08979885057471262,91.36000000000001,True,True,True
2.0,0.29,85.0,24.65,70.70350987266902,0.08451656524678837,98.32,True,True,True
2.0,0.29,90.0,26.1,68.01413030106545,0.07982120051085569,105.28,True,True,True
2.0,0.29,95.0,27.55,65.6582874689195,0.07562008469449484,112.24000000000001,True,True,True
2.0,0.29,100.0,29.0,63.577556484285914,0.07183908045977011,119.20000000000002,True,True,True
2.0,0.29,105.0,30.45,61.72640520245906,0.06841817186644773,126.16000000000001,True,True,True
2.0,0.29,110.0,31.9,60.068823826304005,0.06530825496342736,133.12,True,True,True
2.0,0.29,115.0,33.35,58.57595927450702,0.06246876561719139,140.08,True,True,True
2.0,0.29,120.0,34.8,57.22442139953957,0.05986590038314175,147.04,True,True,True
2.0,0.29,125.0,36.25,55.99504850651722,0.057471264367816084,154.00000000000003,True,True,True
2.0,0.29,130.0,37.7,54.87199314996898,0.05526083112290009,160.96,True,True,True
2.0,0.29,135.0,39.15,53.84203528367295,0.053214133673903784,167.92000000000002,True,True,True
2.0,0.29,140.0,40.6,52.89405942503269,0.05131362889983579,174.88000000000002,True,True,True
2.0,0.29,145.0,42.05,52.018651889931114,0.04954419342053111,181.84,True,True,True
2.0,0.29,150.0,43.5,51.20778711377344,0.0478927203065134,188.80000000000004,True,True,True
2.0,0.29,155.0,44.95,50.454580887289445,0.04634779384501297,195.76,True,True,True
2.0,0.29,160.0,46.4,49.753094425370634,0.04489942528735631,202.72000000000003,True,True,True
2.0,0.29,165.0,47.85,49.098177457680706,0.04353883664228491,209.68000000000004,True,True,True
2.0,0.29,170.0,49.3,48.485341565462726,0.042258282623394185,216.64,True,True,True
2.0,0.29,175.0,50.75,47.91065717422718,0.041050903119868636,223.60000000000002,True,True,True
2.0,0.29,180.0,52.2,47.370669203558954,0.03991060025542784,230.56,True,True,True
2.0,0.29,185.0,53.65,46.86232754710302,0.03883193538365951,237.52000000000004,True,True,True
2.0,0.29,190.0,55.1,46.38292942736937,0.03781004234724742,244.48000000000002,True,True,True
2.0,0.29,195.0,56.55,45.93007132444566,0.03684055408193339,251.44000000000003,True,True,True
2.0,0.29,200.0,58.0,45.50160867350608,0.035919540229885055,258.40000000000003,True,True,True
2.0,0.29,205.0,59.45,45.09562190476834,0.03504345388281469,265.36,True,True,True
2.0,0.29,210.0,60.9,44.71038769118935,0.034209085933223866,272.32,True,True,True
2.0,0.29,215.0,62.35,44.34435449541692,0.033413525795241907,279.2800000000001,True,True,True
2.0,0.29,220.0,63.8,43.99612168423487,0.03265412748171368,286.24,True,True,True
2.0,0.29,225.0,65.25,43.66442161770376,0.03192848020434227,293.20000000000005,True,True,True
2.0,0.29,230.0,66.7,43.348104230164246,0.031234382808595695,300.16,True,True,True
2.0,0.29,235.0,68.15,43.04612370780624,0.0305698214722426,307.12000000000006,True,True,True
2.0,0.29,240.0,69.6,42.757526937585354,0.029932950191570874,314.08,True,True,True
2.0,0.29,245.0,71.05,42.48144345867233,0.02932207365704902,321.04,True,True,True
2.0,0.29,250.0,72.5,42.21707669325463,0.028735632183908042,328.00000000000006,True,True,True
2.0,0.29,255.0,73.95,41.963696270608054,0.02817218841559612,334.96,True,True,True
2.0,0.29,260.0,75.4,41.720631288658836,0.027630415561450045,341.92,True,True,True
2.0,0.29,265.0,76.85,41.48726438211873,0.027109086965950983,348.88,True,True,True
2.0,0.29,270.0,78.3,41.263026486760715,0.026607066836951892,355.84000000000003,True,True,True
2.0,0.29,275.0,79.75,41.04739220635141,0.026123301985370946,362.8,True,True,True
2.0,0.29,280.0,81.2,40.83987570283331,0.025656814449917895,369.76000000000005,True,True,True
2.0,0.29,285.0,82.65,40.64002704208696,0.02520669489816495,376.72,True,True,True
2.0,0.29,290.0,84.1,40.447428937422735,0.024772096710265555,383.68,True,True,True
2.0,0.29,295.0,85.55,40.26169384119832,0.024352230664328848,390.64,True,True,True
2.0,0.29,300.0,87.0,40.082461341904086,0.0239463601532567,397.6000000000001,True,True,True
2.0,0.3,10.0,3.0,nan,0.6944444444444443,-5.599999999999998,False,False,False
2.0,0.3,15.0,4.5,2529.8536427016315,0.46296296296296285,1.6000000000000014,True,False,False
2.0,0.3,20.0,6.0,484.53748214661584,0.34722222222222215,8.800000000000004,True,False,False
2.0,0.3,25.0,7.5,280.0058660911142,0.2777777777777778,16.000000000000007,True,False,False
2.0,0.3,30.0,9.0,202.4249082769585,0.23148148148148143,23.200000000000003,True,False,False
2.0,0.3,35.0,10.5,161.59282521687646,0.19841269841269837,30.400000000000006,True,True,False
2.0,0.3,40.0,12.0,136.3985612010812,0.17361111111111108,37.60000000000001,True,True,False
2.0,0.3,45.0,13.5,119.30245347607728,0.15432098765432095,44.800000000000004,True,True,False
2.0,0.3,50.0,15.0,106.94065250568981,0.1388888888888889,52.00000000000001,True,True,False
2.0,0.3,55.0,16.5,97.58577609566687,0.12626262626262624,59.20000000000001,True,True,True
2.0,0.3,60.0,18.0,90.2596680637212,0.11574074074074071,66.4,True,True,True
2.0,0.3,65.0,19.5,84.36692899454748,0.10683760683760682,73.60000000000001,True,True,True
2.0,0.3,70.0,21.0,79.52438104661266,0.09920634920634919,80.80000000000001,True,True,True
2.0,0.3,75.0,22.5,75.47425003561263,0.09259259259259257,88.0,True,True,True
2.0,0.3,80.0,24.0,72.03674388341933,0.08680555555555554,95.20000000000002,True,True,True
2.0,0.3,85.0,25.5,69.0826370338782,0.08169934640522875,102.4,True,True,True
2.0,0.3,90.0,27.0,66.51666101128409,0.07716049382716048,109.60000000000001,True,True,True
2.0,0.3,95.0,28.5,64.26703819695499,0.07309941520467836,116.80000000000003,True,True,True
2.0,0.3,100.0,30.0,62.27866190299961,0.06944444444444445,124.00000000000001,True,True,True
2.0,0.3,105.0,31.5,60.508522031551536,0.06613756613756612,131.20000000000002,True,True,True
2.0,0.3,110.0,33.0,58.92255856291306,0.06313131313131312,138.40000000000003,True,True,True
2.0,0.3,115.0,34.5,57.493448624139944,0.06038647342995168,145.60000000000002,True,True,True
2.0,0.3,120.0,36.0,56.19901920315697,0.05787037037037036,152.8,True,True,True
2.0,0.3,125.0,37.5,55.021088430062456,0.055555555555555546,160.00000000000003,True,True,True
2.0,0.3,130.0,39.0,53.94460624029666,0.05341880341880341,167.20000000000002,True,True,True
2.0,0.3,135.0,40.5,52.95700790106199,0.051440329218106984,174.4,True,True,True
2.0,0.3,140.0,42.0,52.047721324409785,0.049603174603174593,181.60000000000002,True,True,True
2.0,0.3,145.0,43.5,51.20778711377344,0.0478927203065134,188.80000000000004,True,True,True
2.0,0.3,150.0,45.0,50.429562355347116,0.04629629629629629,196.0,True,True,True
2.0,0.3,155.0,46.5,49.706487382950996,0.04480286738351254,203.2,True,True,True
2.0,0.3,160.0,48.0,49.032900431479334,0.04340277777777777,210.40000000000003,True,True,True
2.0,0.3,165.0,49.5,48.403889087090334,0.042087542087542076,217.60000000000005,True,True,True
2.0,0.3,170.0,51.0,47.81517028433482,0.04084967320261437,224.8,True,True,True
2.0,0.3,175.0,52.5,47.26299264864688,0.03968253968253968,232.00000000000003,True,True,True
2.0,0.3,180.0,54.0,46.74405647597695,0.03858024691358024,239.20000000000002,True,True,True
2.0,0.3,185.0,55.5,46.25544774196954,0.03753753753753753,246.40000000000003,True,True,True
2.0,0.3,190.0,57.0,45.79458335247988,0.03654970760233918,253.60000000000005,True,True,True
2.0,0.3,195.0,58.5,45.359165463023416,0.03561253561253561,260.8,True,True,True
2.0,0.3,200.0,60.0,44.94714316165716,0.034722222222222224,268.00000000000006,True,True,True
2.0,0.3,205.0,61.5,44.55668016675772,0.033875338753387524,275.20000000000005,True,True,True
2.0,0.3,210.0,63.0,44.186127466215765,0.03306878306878306,282.4,True,True,True
2.0,0.3,215.0,64.5,43.834000038076454,0.032299741602067174,289.6000000000001,True,True,True
2.0,0.3,220.0,66.0,43.49895695955038,0.03156565656565656,296.80000000000007,True,True,True
2.0,0.3,225.0,67.5,43.179784342638676,0.030864197530864192,304.00000000000006,True,True,True
2.0,0.3,230.0,69.0,42.875380638591785,0.03019323671497584,311.20000000000005,True,True,True
2.0,0.3,235.0,70.5,42.58474393623547,0.029550827423167846,318.40000000000003,True,True,True
2.0,0.3,240.0,72.0,42.30696094553127,0.02893518518518518,325.6,True,True,True
2.0,0.3,245.0,73.5,42.04119741115563,0.028344671201814053,332.8,True,True,True
2.0,0.3,250.0,75.0,41.78668974411823,0.027777777777777773,340.00000000000006,True,True,True
2.0,0.3,255.0,76.5,41.54273769460774,0.02723311546840958,347.20000000000005,True,True,True
2.0,0.3,260.0,78.0,41.30869791798931,0.026709401709401705,354.40000000000003,True,True,True
2.0,0.3,265.0,79.5,41.083978309466325,0.026205450733752612,361.6000000000001,True,True,True
2.0,0.3,270.0,81.0,40.86803300236072,0.025720164609053492,368.8,True,True,True
2.0,0.3,275.0,82.5,40.660357941059154,0.02525252525252525,376.00000000000006,True,True,True
2.0,0.3,280.0,84.0,40.460486953042405,0.024801587301587297,383.20000000000005,True,True,True
2.0,0.3,285.0,85.5,40.26798825556726,0.024366471734892783,390.4,True,True,True
2.0,0.3,290.0,87.0,40.082461341904086,0.0239463601532567,397.6000000000001,True,True,True
2.0,0.3,295.0,88.5,39.90353419987321,0.02354048964218455,404.80000000000007,True,True,True
2.0,0.3,300.0,90.0,39.730860822029804,0.023148148148148143,412.0,True,True,True
2.0,0.31,10.0,3.1,nan,0.6720430107526881,-5.12,False,False,False
2.0,0.31,15.0,4.65,1754.0440645600763,0.4480286738351254,2.3199999999999976,True,False,False
2.0,0.31,20.0,6.2,439.831117981479,0.33602150537634407,9.76,True,False,False
2.0,0.31,25.0,7.75,262.56518565227316,0.2688172043010753,17.199999999999996,True,False,False
2.0,0.31,30.0,9.3,192.34945921018507,0.2240143369175627,24.639999999999997,True,False,False
2.0,0.31,35.0,10.85,154.70262333724503,0.19201228878648233,32.08,True,True,False
2.0,0.31,40.0,12.4,131.230507043995,0.16801075268817203,39.52,True,True,False
2.0,0.31,45.0,13.95,115.19589267671518,0.14934289127837516,46.96,True,True,False
2.0,0.31,50.0,15.5,103.54721694519131,0.13440860215053765,54.39999999999999,True,True,False
2.0,0.31,55.0,17.05,94.70145671957098,0.12218963831867057,61.83999999999999,True,True,True
2.0,0.31,60.0,18.6,87.75559418675132,0.11200716845878135,69.27999999999999,True,True,True
2.0,0.31,65.0,20.15,82.15689581566727,0.1033912324234905,76.72,True,True,True
2.0,0.31,70.0,21.7,77.54808137711329,0.09600614439324116,84.16,True,True,True
2.0,0.31,75.0,23.25,73.68794771198378,0.08960573476702509,91.6,True,True,True
2.0,0.31,80.0,24.8,70.4077695086589,0.08400537634408602,99.04,True,True,True
2.0,0.31,85.0,26.35,67.58597834201203,0.07906388361796331,106.48,True,True,True
2.0,0.31,90.0,27.9,65.13276383055918,0.07467144563918758,113.92,True,True,True
2.0,0.31,95.0,29.45,62.98033896915921,0.07074136955291455,121.36000000000001,True,True,True
2.0,0.31,100.0,31.0,61.07657934019429,0.06720430107526883,128.79999999999998,True,True,True
2.0,0.31,105.0,32.55,59.38074648221437,0.06400409626216079,136.24,True,True,True
2.0,0.31,110.0,34.1,57.86053996698738,0.06109481915933528,143.68,True,True,True
2.0,0.31,115.0,35.65,56.49002027644661,0.0584385226741468,151.11999999999998,True,True,True
2.0,0.31,120.0,37.2,55.24811645999289,0.056003584229390675,158.55999999999997,True,True,True
2.0,0.31,125.0,38.75,54.117535106122496,0.05376344086021505,166.0,True,True,True
2.0,0.31,130.0,40.3,53.083950123017736,0.05169561621174525,173.44,True,True,True
2.0,0.31,135.0,41.85,52.1353924759844,0.04978096375945838,180.87999999999997,True,True,True
2.0,0.31,140.0,43.4,51.261784583559475,0.04800307219662058,188.32,True,True,True
2.0,0.31,145.0,44.95,50.45458088728944,0.04634779384501297,195.75999999999996,True,True,True
2.0,0.31,150.0,46.5,49.706487382950996,0.044802867383512544,203.2,True,True,True
2.0,0.31,155.0,48.05,49.0112405902749,0.043357613596947626,210.63999999999996,True,True,True
2.0,0.31,160.0,49.6,48.363431766578174,0.04200268817204301,218.08,True,True,True
2.0,0.31,165.0,51.15,47.75836591599516,0.04072987943955686,225.52,True,True,True
2.0,0.31,170.0,52.7,47.19194781548373,0.039531941808981653,232.96,True,True,True
2.0,0.31,175.0,54.25,46.6605892047211,0.03840245775729647,240.4,True,True,True
2.0,0.31,180.0,55.8,46.161132692603346,0.03733572281959379,247.84,True,True,True
2.0,0.31,185.0,57.35,45.69078896997288,0.03632664922987504,255.28,True,True,True
2.0,0.31,190.0,58.9,45.247084690828785,0.03537068477645727,262.72,True,True,True
2.0,0.31,195.0,60.45,44.82781896540716,0.03446374414116349,270.16,True,True,True
2.0,0.31,200.0,62.0,44.431026849475,0.03360215053763441,277.6,True,True,True
2.0,0.31,205.0,63.55,44.05494855155109,0.032782585890375034,285.04,True,True,True
2.0,0.31,210.0,65.1,43.69800333990011,0.032002048131080395,292.48,True,True,True
2.0,0.31,215.0,66.65,43.358767333201676,0.0312578144536134,299.92,True,True,True
2.0,0.31,220.0,68.2,43.03595451683273,0.03054740957966764,307.36,True,True,True
2.0,0.31,225.0,69.75,42.72840045112317,0.029868578255675026,314.79999999999995,True,True,True
2.0,0.31,230.0,71.3,42.4350482365114,0.0292192613370734,322.23999999999995,True,True,True
2.0,0.31,235.0,72.85,42.15493637907455,0.028597574925646307,329.67999999999995,True,True,True
2.0,0.31,240.0,74.4,41.887188262853456,0.028001792114695338,337.11999999999995,True,True,True
2.0,0.31,245.0,75.95,41.63100298610698,0.027430326969497473,344.55999999999995,True,True,True
2.0,0.31,250.0,77.5,41.38564735969568,0.026881720430107524,352.0,True,True,True
2.0,0.31,255.0,79.05,41.150448899211945,0.026354627872654437,359.43999999999994,True,True,True
2.0,0.31,260.0,80.6,40.92478966979013,0.025847808105872627,366.88,True,True,True
2.0,0.31,265.0,82.15,40.7081008649617,0.025360113613308987,374.31999999999994,True,True,True
2.0,0.31,270.0,83.7,40.499858019416195,0.02489048187972919,381.75999999999993,True,True,True
2.0,0.31,275.0,85.25,40.29957677084324,0.024437927663734114,389.2,True,True,True
2.0,0.31,280.0,86.8,40.10680909875971,0.02400153609831029,396.64,True,True,True
2.0,0.31,285.0,88.35,39.92113997884556,0.023580456517638182,404.0799999999999,True,True,True
2.0,0.31,290.0,89.9,39.74218440020358,0.023173896922506484,411.5199999999999,True,True,True
2.0,0.31,295.0,91.45,39.569584700428756,0.0227811190085657,418.96,True,True,True
2.0,0.31,300.0,93.0,39.40300817967049,0.022401433691756272,426.4,True,True,True
2.0,0.32,10.0,3.2,nan,0.6510416666666666,-4.64,False,False,False
2.0,0.32,15.0,4.8,1345.7232339592558,0.4340277777777778,3.0399999999999983,True,False,False
2.0,0.32,20.0,6.4,403.1318638160681,0.3255208333333333,10.72,True,False,False
2.0,0.32,25.0,8.0,247.39937657501986,0.2604166666666667,18.4,True,False,False
2.0,0.32,30.0,9.6,183.386636420724,0.2170138888888889,26.079999999999995,True,False,False
2.0,0.32,35.0,11.2,148.49817614705557,0.1860119047619047,33.76,True,True,False
2.0,0.32,40.0,12.8,126.54134593621409,0.16276041666666666,41.44,True,True,False
2.0,0.32,45.0,14.4,111.45049520498426,0.1446759259259259,49.11999999999999,True,True,False
2.0,0.32,50.0,16.0,100.44055058698841,0.13020833333333334,56.8,True,True,False
2.0,0.32,55.0,17.6,92.05332230479307,0.11837121212121211,64.48,True,True,True
2.0,0.32,60.0,19.2,85.45140203832003,0.10850694444444445,72.16,True,True,True
2.0,0.32,65.0,20.8,80.11959068082777,0.10016025641025639,79.84,True,True,True
2.0,0.32,70.0,22.4,75.7235268376303,0.09300595238095236,87.52,True,True,True
2.0,0.32,75.0,24.0,72.03674388341932,0.08680555555555555,95.2,True,True,True
2.0,0.32,80.0,25.6,68.9003981976442,0.08138020833333333,102.88,True,True,True
2.0,0.32,85.0,27.2,66.199782158518,0.07659313725490195,110.55999999999999,True,True,True
2.0,0.32,90.0,28.8,63.8499903951105,0.07233796296296295,118.23999999999998,True,True,True
2.0,0.32,95.0,30.4,61.78683142622286,0.06853070175438596,125.92,True,True,True
2.0,0.32,100.0,32.0,59.960873967530674,0.06510416666666667,133.6,True,True,True
2.0,0.32,105.0,33.6,58.33343510004398,0.062003968253968256,141.28,True,True,True
2.0,0.32,110.0,35.2,56.87380947775462,0.05918560606060606,148.96,True,True,True
2.0,0.32,115.0,36.8,55.55731364069487,0.056612318840579705,156.63999999999996,True,True,True
2.0,0.32,120.0,38.4,54.36387875821908,0.054253472222222224,164.32,True,True,True
2.0,0.32,125.0,40.0,53.27702038617835,0.05208333333333333,172.0,True,True,True
2.0,0.32,130.0,41.6,52.283072435968336,0.050080128205128194,179.68,True,True,True
2.0,0.32,135.0,43.2,51.370609544016354,0.0482253086419753,187.36,True,True,True
2.0,0.32,140.0,44.8,50.53000591180793,0.04650297619047618,195.04,True,True,True
2.0,0.32,145.0,46.4,49.75309442537064,0.04489942528735632,202.71999999999997,True,True,True
2.0,0.32,150.0,48.0,49.032900431479334,0.043402777777777776,210.4,True,True,True
2.0,0.32,155.0,49.6,48.363431766578174,0.04200268817204301,218.07999999999998,True,True,True
2.0,0.32,160.0,51.2,47.73951164301684,0.040690104166666664,225.76,True,True,True
2.0,0.32,165.0,52.8,47.15664452278786,0.039457070707070704,233.44,True,True,True
2.0,0.32,170.0,54.4,46.610907623887336,0.038296568627450976,241.11999999999998,True,True,True
2.0,0.32,175.0,56.0,46.09886252067455,0.03720238095238095,248.8,True,True,True
2.0,0.32,180.0,57.6,45.61748262638781,0.036168981481481476,256.47999999999996,True,True,True
2.0,0.32,185.0,59.2,45.16409332559078,0.035191441441441436,264.16,True,True,True
2.0,0.32,190.0,60.8,44.73632225485644,0.03426535087719298,271.84,True,True,True
2.0,0.32,195.0,62.4,44.332057779880834,0.033386752136752136,279.52,True,True,True
2.0,0.32,200.0,64.0,43.94941413476464,0.032552083333333336,287.2,True,True,True
2.0,0.32,205.0,65.6,43.58670200887317,0.031758130081300816,294.88,True,True,True
2.0,0.32,210.0,67.2,43.24240361332839,0.031001984126984128,302.56,True,True,True
2.0,0.32,215.0,68.8,42.915151450879165,0.03028100775193799,310.24,True,True,True
2.0,0.32,220.0,70.4,42.60371016291164,0.02959280303030303,317.92,True,True,True
2.0,0.32,225.0,72.0,42.30696094553127,0.02893518518518519,325.6,True,True,True
2.0,0.32,230.0,73.6,42.023888120310545,0.028306159420289852,333.2799999999999,True,True,True
2.0,0.32,235.0,75.2,41.75356751997071,0.02770390070921986,340.9599999999999,True,True,True
2.0,0.32,240.0,76.8,41.49515640913644,0.027126736111111112,348.64,True,True,True
2.0,0.32,245.0,78.4,41.24788470855816,0.026573129251700682,356.32,True,True,True
2.0,0.32,250.0,80.0,41.01104733028999,0.026041666666666664,364.0,True,True,True
2.0,0.32,255.0,81.6,40.783997463134085,0.025531045751633983,371.68,True,True,True
2.0,0.32,260.0,83.2,40.566140673686704,0.025040064102564097,379.36,True,True,True
2.0,0.32,265.0,84.8,40.35692970969902,0.02456761006289308,387.04,True,True,True
2.0,0.32,270.0,86.4,40.15585991009836,0.02411265432098765,394.72,True,True,True
2.0,0.32,275.0,88.0,39.96246514062161,0.023674242424242424,402.4,True,True,True
2.0,0.32,280.0,89.6,39.776314186154536,0.02325148809523809,410.08,True,True,True
2.0,0.32,285.0,91.2,39.59700754100529,0.022843567251461985,417.75999999999993,True,True,True
2.0,0.32,290.0,92.8,39.424174546827956,0.02244971264367816,425.43999999999994,True,True,True
2.0,0.32,295.0,94.4,39.257470835044785,0.02206920903954802,433.12,True,True,True
2.0,0.32,300.0,96.0,39.09657603663047,0.021701388888888888,440.8,True,True,True
2.0,0.33,10.0,3.3,nan,0.6313131313131313,-4.159999999999999,False,False,False
2.0,0.33,15.0,4.95,1093.780593801302,0.4208754208754208,3.759999999999999,True,False,False
2.0,0.33,20.0,6.6,372.4653637600397,0.31565656565656564,11.680000000000001,True,False,False
2.0,0.33,25.0,8.25,234.0906053439609,0.2525252525252525,19.6,True,False,False
2.0,0.33,30.0,9.9,175.36178345806695,0.2104377104377104,27.519999999999996,True,False,False
2.0,0.33,35.0,11.55,142.88196097038292,0.18037518037518036,35.440000000000005,True,True,False
2.0,0.33,40.0,13.2,122.26746108890086,0.15782828282828282,43.36,True,True,False
2.0,0.33,45.0,14.85,108.02062263726813,0.14029180695847362,51.279999999999994,True,True,False
2.0,0.33,50.0,16.5,97.58577609566687,0.12626262626262624,59.2,True,True,True
2.0,0.33,55.0,18.15,89.6135035889131,0.11478420569329659,67.12,True,True,True
2.0,0.33,60.0,19.8,83.32407751748688,0.1052188552188552,75.04,True,True,True
2.0,0.33,65.0,21.45,78.2355254693417,0.09712509712509713,82.96,True,True,True
2.0,0.33,70.0,23.1,74.03388654226401,0.09018759018759018,90.88000000000001,True,True,True
2.0,0.33,75.0,24.75,70.50587069823202,0.08417508417508417,98.80000000000001,True,True,True
2.0,0.33,80.0,26.4,67.50150338277449,0.07891414141414141,106.72,True,True,True
2.0,0.33,85.0,28.05,64.91225451006684,0.07427213309566251,114.64,True,True,True
2.0,0.33,90.0,29.7,62.65764746294412,0.07014590347923681,122.55999999999999,True,True,True
2.0,0.33,95.0,31.35,60.67674501136419,0.06645401382243488,130.48000000000002,True,True,True
2.0,0.33,100.0,33.0,58.92255856291306,0.06313131313131312,138.4,True,True,True
2.0,0.33,105.0,34.65,57.358273107787994,0.06012506012506012,146.32,True,True,True
2.0,0.33,110.0,36.3,55.95463522533653,0.057392102846648294,154.24,True,True,True
2.0,0.33,115.0,37.95,54.68810651936529,0.05489679402722881,162.16,True,True,True
2.0,0.33,120.0,39.6,53.539532979801535,0.0526094276094276,170.08,True,True,True
2.0,0.33,125.0,41.25,52.49316957993828,0.050505050505050504,178.0,True,True,True
2.0,0.33,130.0,42.9,51.53595418057973,0.04856254856254857,185.92,True,True,True
2.0,0.33,135.0,44.55,50.6569594370499,0.046763935652824544,193.84,True,True,True
2.0,0.33,140.0,46.2,49.84697379709616,0.04509379509379509,201.76000000000002,True,True,True
2.0,0.33,145.0,47.85,49.09817745768071,0.04353883664228491,209.68,True,True,True
2.0,0.33,150.0,49.5,48.40388908709034,0.04208754208754208,217.60000000000002,True,True,True
2.0,0.33,155.0,51.15,47.75836591599516,0.04072987943955685,225.52,True,True,True
2.0,0.33,160.0,52.8,47.15664452278786,0.039457070707070704,233.44,True,True,True
2.0,0.33,165.0,54.45,46.594412965793694,0.03826140189776553,241.36000000000004,True,True,True
2.0,0.33,170.0,56.1,46.06790729079083,0.037136066547831255,249.28,True,True,True
2.0,0.33,175.0,57.75,45.57382715969169,0.03607503607503608,257.20000000000005,True,True,True
2.0,0.33,180.0,59.4,45.109266601905084,0.035072951739618406,265.11999999999995,True,True,True
2.0,0.33,185.0,61.05,44.671656817760926,0.03412503412503412,273.04,True,True,True
2.0,0.33,190.0,62.7,44.25871865584358,0.03322700691121744,280.96000000000004,True,True,True
2.0,0.33,195.0,64.35,43.86842290767856,0.03237503237503237,288.88,True,True,True
2.0,0.33,200.0,66.0,43.49895695955037,0.03156565656565656,296.8,True,True,True
2.0,0.33,205.0,67.65,43.14869664485074,0.030795762503079575,304.72,True,True,True
2.0,0.33,210.0,69.3,42.81618237475463,0.03006253006253006,312.64,True,True,True
2.0,0.33,215.0,70.95,42.50009880729865,0.029363401456424708,320.56000000000006,True,True,True
2.0,0.33,220.0,72.6,42.1992574576596,0.028696051423324147,328.48,True,True,True
2.0,0.33,225.0,74.25,41.912581764912,0.028058361391694726,336.4,True,True,True
2.0,0.33,230.0,75.9,41.63909421973967,0.027448397013614404,344.32,True,True,True
2.0,0.33,235.0,77.55,41.377905228722256,0.02686438856651623,352.24000000000007,True,True,True
2.0,0.33,240.0,79.2,41.12820344788289,0.0263047138047138,360.16,True,True,True
2.0,0.33,245.0,80.85,40.889247364197644,0.025767882910740048,368.08,True,True,True
2.0,0.33,250.0,82.5,40.66035794105915,0.025252525252525252,376.0,True,True,True
2.0,0.33,255.0,84.15,40.44091217405347,0.024757377698554166,383.91999999999996,True,True,True
2.0,0.33,260.0,85.8,40.230337428253826,0.024281274281274284,391.84,True,True,True
2.0,0.33,265.0,87.45,40.02810644864756,0.0238231370306842,399.76,True,True,True
2.0,0.33,270.0,89.1,39.83373295215786,0.023381967826412272,407.68,True,True,True
2.0,0.33,275.0,90.75,39.64676772367682,0.02295684113865932,415.6,True,True,True
2.0,0.33,280.0,92.4,39.4667951501333,0.022546897546897544,423.52000000000004,True,True,True
2.0,0.33,285.0,94.05,39.29343013630823,0.022151337940811623,431.44,True,True,True
2.0,0.33,290.0,95.7,39.126315354227046,0.021769418321142455,439.36,True,True,True
2.0,0.33,295.0,97.35,38.965118784782604,0.021400445129258684,447.28,True,True,True
2.0,0.33,300.0,99.0,38.809531515997215,0.02104377104377104,455.20000000000005,True,True,True
2.0,0.34,10.0,3.4,nan,0.6127450980392156,-3.6799999999999984,False,False,False
2.0,0.34,15.0,5.1,922.8195165512625,0.4084967320261437,4.48,True,False,False
2.0,0.34,20.0,6.8,346.45706624416755,0.3063725490196078,12.640000000000002,True,False,False
2.0,0.34,25.0,8.5,222.3174615626395,0.24509803921568626,20.8,True,False,False
2.0,0.34,30.0,10.2,168.13498217125428,0.20424836601307186,28.96,True,True,False
2.0,0.34,35.0,11.9,137.7741100984953,0.1750700280112045,37.120000000000005,True,True,False
2.0,0.34,40.0,13.6,118.3560258399463,0.1531862745098039,45.28000000000001,True,True,False
2.0,0.34,45.0,15.3,104.86801521724163,0.13616557734204793,53.43999999999999,True,True,False
2.0,0.34,50.0,17.0,94.95345156470805,0.12254901960784313,61.6,True,True,True
2.0,0.34,55.0,18.7,87.3583500510699,0.11140819964349374,69.76000000000002,True,True,True
2.0,0.34,60.0,20.4,81.35400901872768,0.10212418300653593,77.92,True,True,True
2.0,0.34,65.0,22.1,76.48803747578859,0.0942684766214178,86.08,True,True,True
2.0,0.34,70.0,23.8,72.46472993519211,0.08753501400560225,94.24000000000001,True,True,True
2.0,0.34,75.0,25.5,69.0826370338782,0.08169934640522875,102.4,True,True,True
2.0,0.34,80.0,27.2,66.199782158518,0.07659313725490195,110.56000000000002,True,True,True
2.0,0.34,85.0,28.9,63.71322269729088,0.07208765859284891,118.72,True,True,True
2.0,0.34,90.0,30.6,61.54649812262765,0.06808278867102396,126.87999999999998,True,True,True
2.0,0.34,95.0,32.3,59.641628887556415,0.06449948400412796,135.04,True,True,True
2.0,0.34,100.0,34.0,57.953850894917885,0.061274509803921566,143.2,True,True,True
2.0,0.34,105.0,35.7,56.448053193240376,0.05835667600373482,151.36,True,True,True
2.0,0.34,110.0,37.4,55.09630901771242,0.05570409982174687,159.52000000000004,True,True,True
2.0,0.34,115.0,39.1,53.876127729497306,0.05328218243819267,167.68,True,True,True
2.0,0.34,120.0,40.8,52.76919347622118,0.051062091503267966,175.84,True,True,True
2.0,0.34,125.0,42.5,51.760439478453,0.04901960784313725,184.00000000000003,True,True,True
2.0,0.34,130.0,44.2,50.83735817658189,0.0471342383107089,192.16,True,True,True
2.0,0.34,135.0,45.9,49.98947998396864,0.045388525780682636,200.32,True,True,True
2.0,0.34,140.0,47.6,49.20797445109949,0.043767507002801125,208.48000000000002,True,True,True
2.0,0.34,145.0,49.3,48.485341565462726,0.042258282623394185,216.64,True,True,True
2.0,0.34,150.0,51.0,47.81517028433482,0.04084967320261437,224.8,True,True,True
2.0,0.34,155.0,52.7,47.19194781548373,0.039531941808981653,232.96,True,True,True
2.0,0.34,160.0,54.4,46.610907623887336,0.038296568627450976,241.12000000000003,True,True,True
2.0,0.34,165.0,56.1,46.067907290790814,0.037136066547831255,249.28000000000003,True,True,True
2.0,0.34,170.0,57.8,45.55932960155749,0.036043829296424454,257.44,True,True,True
2.0,0.34,175.0,59.5,45.08200186672281,0.0350140056022409,265.6,True,True,True
2.0,0.34,180.0,61.2,44.633129671895844,0.03404139433551198,273.76,True,True,True
2.0,0.34,185.0,62.9,44.21024213306905,0.03312135665076841,281.92,True,True,True
2.0,0.34,190.0,64.6,43.811146391793464,0.03224974200206398,290.08,True,True,True
2.0,0.34,195.0,66.3,43.43388958056622,0.03142282554047259,298.24,True,True,True
2.0,0.34,200.0,68.0,43.07672686581167,0.030637254901960783,306.4,True,True,True
2.0,0.34,205.0,69.7,42.73809446484397,0.029890004782400764,314.55999999999995,True,True,True
2.0,0.34,210.0,71.4,42.416586756438825,0.02917833800186741,322.72,True,True,True
2.0,0.34,215.0,73.1,42.11093677833221,0.028499772001823978,330.88,True,True,True
2.0,0.34,220.0,74.8,41.8199995410311,0.027852049910873436,339.0400000000001,True,True,True
2.0,0.34,225.0,76.5,41.54273769460774,0.027233115468409588,347.20000000000005,True,True,True
2.0,0.34,230.0,78.2,41.27820917026236,0.026641091219096334,355.36,True,True,True
2.0,0.34,235.0,79.9,41.025556486358525,0.02607425949103045,363.52000000000004,True,True,True
2.0,0.34,240.0,81.6,40.783997463134085,0.025531045751633983,371.68,True,True,True
2.0,0.34,245.0,83.3,40.552817134252045,0.025010004001600635,379.84,True,True,True
2.0,0.34,250.0,85.0,40.33136067899722,0.024509803921568624,388.00000000000006,True,True,True
2.0,0.34,255.0,86.7,40.11902722795725,0.024029219530949632,396.16,True,True,True
2.0,0.34,260.0,88.4,39.91526441878751,0.02356711915535445,404.32,True,True,True
2.0,0.34,265.0,90.1,39.71956359818849,0.02312245652978172,412.48,True,True,True
2.0,0.34,270.0,91.8,39.531455582344556,0.022694262890341318,420.64,True,True,True
2.0,0.34,275.0,93.5,39.350506901431984,0.022281639928698752,428.8,True,True,True
2.0,0.34,280.0,95.2,39.1763164649182,0.021883753501400562,436.96000000000004,True,True,True
2.0,0.34,285.0,96.9,39.00851259365402,0.021499828001375988,445.12,True,True,True
2.0,0.34,290.0,98.6,38.846750372537734,0.021129141311697092,453.28,True,True,True
2.0,0.34,295.0,100.3,38.690709284068404,0.020771020272515782,461.44,True,True,True
2.0,0.34,300.0,102.0,38.54009108862254,0.020424836601307186,469.6,True,True,True
2.0,0.35,10.0,3.5,nan,0.5952380952380952,-3.1999999999999984,False,False,False
2.0,0.35,15.0,5.25,799.2015068473878,0.39682539682539675,5.2,True,False,False
2.0,0.35,20.0,7.0,324.12052837759495,0.2976190476190476,13.600000000000003,True,False,False
2.0,0.35,25.0,8.75,211.82866073928042,0.23809523809523808,22.0,True,False,False
2.0,0.35,30.0,10.5,161.59282521687652,0.19841269841269837,30.4,True,True,False
2.0,0.35,35.0,12.25,133.10858858046188,0.17006802721088432,38.800000000000004,True,True,False
2.0,0.35,40.0,14.0,114.76280905192367,0.1488095238095238,47.20000000000001,True,True,False
2.0,0.35,45.0,15.75,101.9603585895625,0.13227513227513224,55.599999999999994,True,True,False
2.0,0.35,50.0,17.5,92.5185513735711,0.11904761904761904,64.0,True,True,True
2.0,0.35,55.0,19.25,85.26766074913573,0.1082251082251082,72.4,True,True,True
2.0,0.35,60.0,21.0,79.52438104661265,0.09920634920634919,80.8,True,True,True
2.0,0.35,65.0,22.75,74.86279527909394,0.09157509157509156,89.2,True,True,True
2.0,0.35,70.0,24.5,71.00361361909893,0.08503401360544216,97.60000000000001,True,True,True
2.0,0.35,75.0,26.25,67.75607584483897,0.07936507936507936,106.00000000000001,True,True,True
2.0,0.35,80.0,28.0,64.98544921225356,0.0744047619047619,114.40000000000002,True,True,True
2.0,0.35,85.0,29.75,62.59386596262771,0.0700280112044818,122.80000000000001,True,True,True
2.0,0.35,90.0,31.5,60.508522031551536,0.06613756613756612,131.2,True,True,True
2.0,0.35,95.0,33.25,58.674136395905705,0.06265664160401002,139.60000000000002,True,True,True
2.0,0.35,100.0,35.0,57.04797831890076,0.05952380952380952,148.0,True,True,True
2.0,0.35,105.0,36.75,55.596497068581776,0.056689342403628114,156.4,True,True,True
2.0,0.35,110.0,38.5,54.29298235348948,0.0541125541125541,164.8,True,True,True
2.0,0.35,115.0,40.25,53.11590555533455,0.05175983436853001,173.2,True,True,True
2.0,0.35,120.0,42.0,52.04772132440979,0.049603174603174593,181.6,True,True,True
2.0,0.35,125.0,43.75,51.073987067587865,0.04761904761904761,190.00000000000003,True,True,True
2.0,0.35,130.0,45.5,50.18270611477102,0.04578754578754578,198.4,True,True,True
2.0,0.35,135.0,47.25,49.36383096469752,0.04409171075837741,206.8,True,True,True
2.0,0.35,140.0,49.0,48.608882870949465,0.04251700680272108,215.20000000000002,True,True,True
2.0,0.35,145.0,50.75,47.91065717422719,0.041050903119868636,223.6,True,True,True
2.0,0.35,150.0,52.5,47.26299264864688,0.03968253968253968,232.00000000000003,True,True,True
2.0,0.35,155.0,54.25,46.6605892047211,0.038402457757296456,240.4,True,True,True
2.0,0.35,160.0,56.0,46.09886252067455,0.03720238095238095,248.80000000000004,True,True,True
2.0,0.35,165.0,57.75,45.57382715969169,0.036075036075036065,257.20000000000005,True,True,True
2.0,0.35,170.0,59.5,45.08200186672281,0.0350140056022409,265.6,True,True,True
2.0,0.35,175.0,61.25,44.620332285147654,0.03401360544217687,274.0,True,True,True
2.0,0.35,180.0,63.0,44.186127466215765,0.03306878306878306,282.4,True,True,True
2.0,0.35,185.0,64.75,43.77700738235286,0.032175032175032175,290.8,True,True,True
2.0,0.35,190.0,66.5,43.39085928180844,0.03132832080200501,299.20000000000005,True,True,True
2.0,0.35,195.0,68.25,43.025801194557744,0.030525030525030528,307.6,True,True,True
2.0,0.35,200.0,70.0,42.68015125878114,0.02976190476190476,316.0,True,True,True
2.0,0.35,205.0,71.75,42.35240181289678,0.029036004645760744,324.4,True,True,True
2.0,0.35,210.0,73.5,42.04119741115563,0.028344671201814057,332.8,True,True,True
2.0,0.35,215.0,75.25,41.7453160866397,0.027685492801771867,341.20000000000005,True,True,True
2.0,0.35,220.0,77.0,41.46365331547582,0.02705627705627705,349.6,True,True,True
2.0,0.35,225.0,78.75,41.19520823860117,0.026455026455026454,358.00000000000006,True,True,True
2.0,0.35,230.0,80.5,40.939071778788474,0.025879917184265005,366.4,True,True,True
2.0,0.35,235.0,82.25,40.69441635559491,0.025329280648429577,374.80000000000007,True,True,True
2.0,0.35,240.0,84.0,40.4604869530424,0.024801587301587297,383.2,True,True,True
2.0,0.35,245.0,85.75,40.23659333691196,0.02429543245869776,391.6000000000001,True,True,True
2.0,0.35,250.0,87.5,40.022103252659,0.023809523809523805,400.00000000000006,True,True,True
2.0,0.35,255.0,89.25,39.816436462763164,0.023342670401493928,408.40000000000003,True,True,True
2.0,0.35,260.0,91.0,39.61905950508962,0.02289377289377289,416.8,True,True,True
2.0,0.35,265.0,92.75,39.42948107255463,0.0224618149146451,425.20000000000005,True,True,True
2.0,0.35,270.0,94.5,39.24724792984111,0.022045855379188704,433.6,True,True,True
2.0,0.35,275.0,96.25,39.07194129571941,0.02164502164502164,442.0,True,True,True
2.0,0.35,280.0,98.0,38.90317363018841,0.02125850340136054,450.40000000000003,True,True,True
2.0,0.35,285.0,99.75,38.74058577455478,0.02088554720133667,458.79999999999995,True,True,True
2.0,0.35,290.0,101.5,38.58384440003127,0.020525451559934318,467.2,True,True,True
2.0,0.35,295.0,103.25,38.43263972671045,0.020177562550443905,475.6,True,True,True
2.0,0.35,300.0,105.0,38.28668348006687,0.01984126984126984,484.00000000000006,True,True,True
2.0,0.36,10.0,3.6,nan,0.5787037037037036,-2.719999999999998,False,False,False
2.0,0.36,15.0,5.4,705.6527427471583,0.3858024691358024,5.920000000000001,True,False,False
2.0,0.36,20.0,7.2,304.7294680318892,0.2893518518518518,14.560000000000004,True,False,False
2.0,0.36,25.0,9.0,202.4249082769585,0.23148148148148143,23.200000000000003,True,False,False
2.0,0.36,30.0,10.8,155.64242115284446,0.1929012345679012,31.84,True,True,False
2.0,0.36,35.0,12.6,128.83032378922172,0.16534391534391532,40.480000000000004,True,True,False
2.0,0.36,40.0,14.4,111.45049520498425,0.1446759259259259,49.120000000000005,True,True,False
2.0,0.36,45.0,16.2,99.27017212517237,0.1286008230452675,57.76,True,True,True
2.0,0.36,50.0,18.0,90.2596680637212,0.11574074074074071,66.4,True,True,True
2.0,0.36,55.0,19.8,83.3240775174869,0.1052188552188552,75.04000000000002,True,True,True
2.0,0.36,60.0,21.6,77.82069304963369,0.0964506172839506,83.68,True,True,True
2.0,0.36,65.0,23.4,73.34740480799908,0.08903133903133903,92.32000000000002,True,True,True
2.0,0.36,70.0,25.2,69.63975068696124,0.08267195767195766,100.96000000000001,True,True,True
2.0,0.36,75.0,27.0,66.51666101128409,0.07716049382716048,109.60000000000001,True,True,True
2.0,0.36,80.0,28.8,63.8499903951105,0.07233796296296295,118.24000000000001,True,True,True
2.0,0.36,85.0,30.6,61.546498122627646,0.06808278867102395,126.88,True,True,True
2.0,0.36,90.0,32.4,59.53672151180731,0.06430041152263374,135.52,True,True,True
2.0,0.36,95.0,34.2,57.76785042148485,0.060916179337231965,144.16000000000003,True,True,True
2.0,0.36,100.0,36.0,56.19901920315697,0.05787037037037036,152.8,True,True,True
2.0,0.36,105.0,37.8,54.798110454184304,0.05511463844797178,161.44000000000003,True,True,True
2.0,0.36,110.0,39.6,53.539532979801535,0.0526094276094276,170.08000000000004,True,True,True
2.0,0.36,115.0,41.4,52.40264428539489,0.050322061191626404,178.72,True,True,True
2.0,0.36,120.0,43.2,51.370609544016354,0.0482253086419753,187.36,True,True,True
2.0,0.36,125.0,45.0,50.429562355347116,0.04629629629629629,196.0,True,True,True
2.0,0.36,130.0,46.8,49.56797810364135,0.044515669515669515,204.64000000000004,True,True,True
2.0,0.36,135.0,48.6,48.77619962776769,0.04286694101508916,213.28000000000003,True,True,True
2.0,0.36,140.0,50.4,48.04607369363475,0.04133597883597883,221.92000000000002,True,True,True
2.0,0.36,145.0,52.2,47.370669203558954,0.03991060025542784,230.56,True,True,True
2.0,0.36,150.0,54.0,46.74405647597695,0.03858024691358024,239.20000000000002,True,True,True
2.0,0.36,155.0,55.8,46.161132692603346,0.03733572281959378,247.84,True,True,True
2.0,0.36,160.0,57.6,45.6174826263878,0.036168981481481476,256.48,True,True,True
2.0,0.36,165.0,59.4,45.10926660190508,0.035072951739618406,265.12,True,True,True
2.0,0.36,170.0,61.2,44.633129671895844,0.034041394335511975,273.76,True,True,True
2.0,0.36,175.0,63.0,44.186127466215765,0.03306878306878306,282.4,True,True,True
2.0,0.36,180.0,64.8,43.76566524855849,0.03215020576131687,291.04,True,True,True
2.0,0.36,185.0,66.6,43.36944751542176,0.03128128128128128,299.68000000000006,True,True,True
2.0,0.36,190.0,68.4,42.99543606935236,0.030458089668615983,308.32000000000005,True,True,True
2.0,0.36,195.0,70.2,42.6418149494695,0.029677113010446347,316.96000000000004,True,True,True
2.0,0.36,200.0,72.0,42.30696094553127,0.02893518518518518,325.6,True,True,True
2.0,0.36,205.0,73.8,41.98941868521456,0.028229448961156273,334.24,True,True,True
2.0,0.36,210.0,75.6,41.68787948794693,0.02755731922398589,342.88000000000005,True,True,True
2.0,0.36,215.0,77.4,41.40116333724502,0.02691645133505598,351.52000000000004,True,True,True
2.0,0.36,220.0,79.2,41.12820344788289,0.0263047138047138,360.1600000000001,True,True,True
2.0,0.36,225.0,81.0,40.86803300236072,0.025720164609053492,368.8,True,True,True
2.0,0.36,230.0,82.8,40.619773709071,0.025161030595813202,377.44,True,True,True
2.0,0.36,235.0,84.6,40.382625896790536,0.024625689519306538,386.08000000000004,True,True,True
2.0,0.36,240.0,86.4,40.15585991009836,0.02411265432098765,394.72,True,True,True
2.0,0.36,245.0,88.2,39.93880861065835,0.023620559334845043,403.36000000000007,True,True,True
2.0,0.36,250.0,90.0,39.730860822029804,0.023148148148148143,412.0,True,True,True
2.0,0.36,255.0,91.8,39.531455582344556,0.022694262890341318,420.64,True,True,True
2.0,0.36,260.0,93.6,39.340077091032754,0.022257834757834757,429.2800000000001,True,True,True
2.0,0.36,265.0,95.4,39.156250253744226,0.021837875611460517,437.92,True,True,True
2.0,0.36,270.0,97.2,38.979536744448225,0.02143347050754458,446.56000000000006,True,True,True
2.0,0.36,275.0,99.0,38.809531515997215,0.021043771043771038,455.20000000000005,True,True,True
2.0,0.36,280.0,100.8,38.64585970067924,0.020667989417989415,463.84000000000003,True,True,True
2.0,0.36,285.0,102.6,38.488173850838535,0.020305393112410655,472.48,True,True,True
2.0,0.36,290.0,104.4,38.33615147681518,0.01995530012771392,481.12,True,True,True
2.0,0.36,295.0,106.2,38.1894928454885,0.01961707470182046,489.76000000000005,True,True,True
2.0,0.36,300.0,108.0,38.04791900780012,0.01929012345679012,498.40000000000003,True,True,True
2.0,0.37,10.0,3.7,nan,0.563063063063063,-2.2399999999999975,False,False,False
2.0,0.37,15.0,5.55,632.3916624277015,0.3753753753753753,6.6400000000000015,True,False,False
2.0,0.37,20.0,7.4,287.7373017495696,0.2815315315315315,15.520000000000005,True,False,False
2.0,0.37,25.0,9.25,193.94611507322563,0.2252252252252252,24.400000000000002,True,False,False
2.0,0.37,30.0,11.1,150.20695590204593,0.18768768768768765,33.28,True,True,False
2.0,0.37,35.0,12.95,124.89302127735941,0.16087516087516085,42.16000000000001,True,True,False
2.0,0.37,40.0,14.8,108.38738365373932,0.14076576576576574,51.040000000000006,True,True,False
2.0,0.37,45.0,16.65,96.77393768892254,0.1251251251251251,59.92,True,True,True
2.0,0.37,50.0,18.5,88.15838126386079,0.1126126126126126,68.80000000000001,True,True,True
2.0,0.37,55.0,20.35,81.51260189993572,0.10237510237510236,77.68,True,True,True
2.0,0.37,60.0,22.2,76.23037430938528,0.09384384384384382,86.56,True,True,True
2.0,0.37,65.0,24.05,71.93109267449468,0.08662508662508661,95.44,True,True,True
2.0,0.37,70.0,25.9,68.36374395597352,0.08043758043758042,104.32000000000002,True,True,True
2.0,0.37,75.0,27.75,65.35607821661254,0.07507507507507506,113.20000000000002,True,True,True
2.0,0.37,80.0,29.6,62.78596280106424,0.07038288288288287,122.08000000000001,True,True,True
2.0,0.37,85.0,31.45,60.564390832218294,0.06624271330153682,130.96,True,True,True
2.0,0.37,90.0,33.3,58.62496358710448,0.06256256256256255,139.84,True,True,True
2.0,0.37,95.0,35.15,56.91714088659273,0.05926979611190136,148.72000000000003,True,True,True
2.0,0.37,100.0,37.0,55.401773333042236,0.0563063063063063,157.60000000000002,True,True,True
2.0,0.37,105.0,38.85,54.048064403657136,0.053625053625053605,166.48000000000002,True,True,True
2.0,0.37,110.0,40.7,52.83145555744882,0.05118755118755118,175.36,True,True,True
2.0,0.37,115.0,42.55,51.732122943918846,0.04896200548374461,184.24,True,True,True
2.0,0.37,120.0,44.4,50.7338888557425,0.04692192192192191,193.12,True,True,True
2.0,0.37,125.0,46.25,49.823420299279086,0.045045045045045036,202.00000000000003,True,True,True
2.0,0.37,130.0,48.1,48.98963005068171,0.043312543312543306,210.88,True,True,True
2.0,0.37,135.0,49.95,48.22322292374018,0.041708375041708365,219.76000000000002,True,True,True
2.0,0.37,140.0,51.8,47.51634777096975,0.04021879021879021,228.64000000000004,True,True,True
2.0,0.37,145.0,53.65,46.86232754710302,0.03883193538365951,237.52000000000004,True,True,True
2.0,0.37,150.0,55.5,46.25544774196954,0.03753753753753753,246.40000000000003,True,True,True
2.0,0.37,155.0,57.35,45.69078896997287,0.03632664922987503,255.28000000000003,True,True,True
2.0,0.37,160.0,59.2,45.16409332559078,0.035191441441441436,264.16,True,True,True
2.0,0.37,165.0,61.05,44.671656817760926,0.03412503412503412,273.0400000000001,True,True,True
2.0,0.37,170.0,62.9,44.21024213306904,0.03312135665076841,281.9200000000001,True,True,True
2.0,0.37,175.0,64.75,43.77700738235285,0.03217503217503217,290.80000000000007,True,True,True
2.0,0.37,180.0,66.6,43.36944751542176,0.03128128128128128,299.68,True,True,True
2.0,0.37,185.0,68.45,42.98534585187639,0.030435841246652055,308.56,True,True,True
2.0,0.37,190.0,70.3,42.622733747128144,0.02963489805595068,317.44000000000005,True,True,True
2.0,0.37,195.0,72.15,42.279856843962186,0.028875028875028876,326.32000000000005,True,True,True
2.0,0.37,200.0,74.0,41.955146688410274,0.02815315315315315,335.20000000000005,True,True,True
2.0,0.37,205.0,75.85,41.64719674084082,0.02746649088112502,344.08,True,True,True
2.0,0.37,210.0,77.7,41.354742008221585,0.026812526812526803,352.96000000000004,True,True,True
2.0,0.37,215.0,79.55,41.07664167547887,0.026188979677351766,361.84000000000003,True,True,True
2.0,0.37,220.0,81.4,40.81186423308335,0.02559377559377559,370.72,True,True,True
2.0,0.37,225.0,83.25,40.55947469210233,0.02502502502502502,379.6000000000001,True,True,True
2.0,0.37,230.0,85.1,40.31862355270652,0.024481002741872305,388.48,True,True,True
2.0,0.37,235.0,86.95,40.08853725183413,0.02396013034310906,397.36000000000007,True,True,True
2.0,0.37,240.0,88.8,39.86850986368205,0.023460960960960956,406.24,True,True,True
2.0,0.37,245.0,90.65,39.65789586542585,0.022982165839308698,415.12,True,True,True
2.0,0.37,250.0,92.5,39.45610381200227,0.022522522522522518,424.00000000000006,True,True,True
2.0,0.37,255.0,94.35,39.262590789415874,0.022080904433845604,432.88000000000005,True,True,True
2.0,0.37,260.0,96.2,39.07685753702402,0.021656271656271653,441.76,True,True,True
2.0,0.37,265.0,98.05,38.898444146522976,0.021247662757096716,450.64,True,True,True
2.0,0.37,270.0,99.9,38.72692625962417,0.020854187520854182,459.52000000000004,True,True,True
2.0,0.37,275.0,101.75,38.561911698240564,0.020475020475020474,468.40000000000003,True,True,True
2.0,0.37,280.0,103.6,38.40303747085414,0.020109395109395106,477.2800000000001,True,True,True
2.0,0.37,285.0,105.45,38.24996710696612,0.01975659870396712,486.16,True,True,True
2.0,0.37,290.0,107.3,38.10238827843413,0.019415967691829756,495.0400000000001,True,True,True
2.0,0.37,295.0,109.15,37.96001067230793,0.01908688349366315,503.9200000000001,True,True,True
2.0,0.37,300.0,111.0,37.82256408467784,0.018768768768768766,512.8000000000001,True,True,True
2.0,0.38,10.0,3.8,nan,0.5482456140350878,-1.7600000000000016,False,False,False
2.0,0.38,15.0,5.7,573.4642717359649,0.36549707602339176,7.359999999999997,True,False,False
2.0,0.38,20.0,7.6,272.7248053253845,0.2741228070175439,16.479999999999997,True,False,False
2.0,0.38,25.0,9.5,186.26220873234269,0.21929824561403508,25.600000000000005,True,False,False
2.0,0.38,30.0,11.4,145.22235873656714,0.18274853801169588,34.71999999999999,True,True,False
2.0,0.38,35.0,13.3,121.25748282662518,0.15664160401002505,43.84,True,True,False
2.0,0.38,40.0,15.2,105.54637082524332,0.13706140350877194,52.959999999999994,True,True,False
2.0,0.38,45.0,17.1,94.45141028818497,0.12183235867446393,62.079999999999984,True,True,True
2.0,0.38,50.0,19.0,86.19875424826066,0.10964912280701754,71.20000000000002,True,True,True
2.0,0.38,55.0,20.9,79.82020734887693,0.09968102073365231,80.32,True,True,True
2.0,0.38,60.0,22.8,74.74247323398295,0.09137426900584794,89.43999999999998,True,True,True
2.0,0.38,65.0,24.7,70.60444965333878,0.08434547908232119,98.56,True,True,True
2.0,0.38,70.0,26.6,67.16736914579037,0.07832080200501253,107.68,True,True,True
2.0,0.38,75.0,28.5,64.267038196955,0.07309941520467836,116.8,True,True,True
2.0,0.38,80.0,30.4,61.78683142622287,0.06853070175438597,125.91999999999999,True,True,True
2.0,0.38,85.0,32.3,59.641628887556415,0.06449948400412797,135.04,True,True,True
2.0,0.38,90.0,34.2,57.76785042148485,0.060916179337231965,144.15999999999997,True,True,True
2.0,0.38,95.0,36.1,56.11704768102096,0.057710064635272396,153.28,True,True,True
2.0,0.38,100.0,38.0,54.6516552976141,0.05482456140350877,162.40000000000003,True,True,True
2.0,0.38,105.0,39.9,53.34209755199492,0.05221386800334169,171.52,True,True,True
2.0,0.38,110.0,41.8,52.164771500796085,0.04984051036682616,180.64,True,True,True
2.0,0.38,115.0,43.7,51.1006116973516,0.04767353165522501,189.76,True,True,True
2.0,0.38,120.0,45.6,50.13404981634694,0.04568713450292397,198.87999999999997,True,True,True
2.0,0.38,125.0,47.5,49.25224797721498,0.043859649122807015,208.0,True,True,True
2.0,0.38,130.0,49.4,48.44452529037561,0.042172739541160596,217.12,True,True,True
2.0,0.38,135.0,51.3,47.70192310304097,0.04061078622482132,226.24,True,True,True
2.0,0.38,140.0,53.2,47.016871323154426,0.039160401002506263,235.36,True,True,True
2.0,0.38,145.0,55.1,46.382929427369376,0.03781004234724742,244.47999999999996,True,True,True
2.0,0.38,150.0,57.0,45.79458335247989,0.03654970760233918,253.6,True,True,True
2.0,0.38,155.0,58.9,45.24708469082879,0.03537068477645727,262.71999999999997,True,True,True
2.0,0.38,160.0,60.8,44.73632225485644,0.034265350877192985,271.84,True,True,True
2.0,0.38,165.0,62.7,44.25871865584359,0.03322700691121744,280.96,True,True,True
2.0,0.38,170.0,64.6,43.811146391793464,0.032249742002063986,290.08,True,True,True
2.0,0.38,175.0,66.5,43.39085928180844,0.03132832080200501,299.2,True,True,True
2.0,0.38,180.0,68.4,42.99543606935237,0.030458089668615983,308.31999999999994,True,True,True
2.0,0.38,185.0,70.3,42.622733747128144,0.02963489805595069,317.44,True,True,True
2.0,0.38,190.0,72.2,42.270848703068346,0.028855032317636198,326.56,True,True,True
2.0,0.38,195.0,74.1,41.93808420001083,0.028115159694107064,335.68,True,True,True
2.0,0.38,200.0,76.0,41.622923016372596,0.027412280701754384,344.80000000000007,True,True,True
2.0,0.38,205.0,77.9,41.324004316882096,0.02674368848951647,353.91999999999996,True,True,True
2.0,0.38,210.0,79.8,41.040104009521116,0.026106934001670846,363.04,True,True,True
2.0,0.38,215.0,81.7,40.770117990655045,0.02549979600163198,372.16,True,True,True
2.0,0.38,220.0,83.6,40.51304779476453,0.02492025518341308,381.28,True,True,True
2.0,0.38,225.0,85.5,40.26798825556726,0.02436647173489279,390.4,True,True,True
2.0,0.38,230.0,87.4,40.03411685712629,0.023836765827612506,399.52,True,True,True
2.0,0.38,235.0,89.3,39.81068451092583,0.023329600597237772,408.64,True,True,True
2.0,0.38,240.0,91.2,39.59700754100529,0.022843567251461985,417.75999999999993,True,True,True
2.0,0.38,245.0,93.1,39.39246069648614,0.022377372001432153,426.87999999999994,True,True,True
2.0,0.38,250.0,95.0,39.196471041058814,0.021929824561403508,436.0,True,True,True
2.0,0.38,255.0,96.9,39.00851259365402,0.021499828001375988,445.12,True,True,True
2.0,0.38,260.0,98.8,38.82810161472551,0.021086369770580298,454.24,True,True,True
2.0,0.38,265.0,100.7,38.65479244919405,0.02068851373717312,463.36,True,True,True
2.0,0.38,270.0,102.6,38.488173850838535,0.02030539311241066,472.48,True,True,True
2.0,0.38,275.0,104.5,38.32786572431442,0.019936204146730464,481.6000000000001,True,True,True
2.0,0.38,280.0,106.4,38.173516230468415,0.019580200501253132,490.72,True,True,True
2.0,0.38,285.0,108.3,38.02479920854894,0.019236688211757468,499.8399999999999,True,True,True
2.0,0.38,290.0,110.2,37.88141187556338,0.01890502117362371,508.9599999999999,True,True,True
2.0,0.38,295.0,112.1,37.74307276863106,0.01858459708593518,518.08,True,True,True
2.0,0.38,300.0,114.0,37.609519900906704,0.01827485380116959,527.2,True,True,True
2.0,0.39,10.0,3.9,nan,0.5341880341880341,-1.2800000000000011,False,False,False
2.0,0.39,15.0,5.85,525.0387922566165,0.3561253561253561,8.079999999999998,True,False,False
2.0,0.39,20.0,7.8,259.3650608011096,0.26709401709401703,17.439999999999998,True,False,False
2.0,0.39,25.0,9.75,179.2664134070613,0.2136752136752137,26.799999999999997,True,False,False
2.0,0.39,30.0,11.7,140.634764885153,0.17806267806267806,36.16,True,True,False
2.0,0.39,35.0,13.65,117.89029695046185,0.15262515262515264,45.52000000000001,True,True,False
2.0,0.39,40.0,15.6,102.90414606637965,0.13354700854700852,54.879999999999995,True,True,False
2.0,0.39,45.0,17.55,92.2850677935991,0.11870845204178539,64.24,True,True,True
2.0,0.39,50.0,19.5,84.3669289945475,0.10683760683760685,73.6,True,True,True
2.0,0.39,55.0,21.45,78.2355254693417,0.09712509712509713,82.96,True,True,True
2.0,0.39,60.0,23.4,73.34740480799908,0.08903133903133903,92.32,True,True,True
2.0,0.39,65.0,25.35,69.35922138879197,0.08218277449046679,101.68,True,True,True
2.0,0.39,70.0,27.3,66.04339742210247,0.07631257631257632,111.04000000000002,True,True,True
2.0,0.39,75.0,29.25,63.243123494087605,0.07122507122507123,120.40000000000002,True,True,True
2.0,0.39,80.0,31.2,60.84683483065691,0.06677350427350426,129.76,True,True,True
2.0,0.39,85.0,33.15,58.77299099025251,0.0628456510809452,139.12,True,True,True
2.0,0.39,90.0,35.1,56.96061237541636,0.05935422602089269,148.48,True,True,True
2.0,0.39,95.0,37.05,55.363183885198374,0.056230319388214114,157.84000000000003,True,True,True
2.0,0.39,100.0,39.0,53.944606240296665,0.05341880341880342,167.2,True,True,True
2.0,0.39,105.0,40.95,52.67643510600075,0.05087505087505087,176.56,True,True,True
2.0,0.39,110.0,42.9,51.53595418057973,0.04856254856254857,185.92,True,True,True
2.0,0.39,115.0,44.85,50.50480243850509,0.046451133407655144,195.28,True,True,True
2.0,0.39,120.0,46.8,49.56797810364135,0.044515669515669515,204.64,True,True,True
2.0,0.39,125.0,48.75,48.71310400965914,0.04273504273504273,214.00000000000003,True,True,True
2.0,0.39,130.0,50.7,47.92987767283733,0.041091387245233396,223.36,True,True,True
2.0,0.39,135.0,52.65,47.20965407331917,0.03956948401392846,232.71999999999997,True,True,True
2.0,0.39,140.0,54.6,46.54512522670492,0.03815628815628816,242.08000000000004,True,True,True
2.0,0.39,145.0,56.55,45.93007132444567,0.03684055408193339,251.43999999999997,True,True,True
2.0,0.39,150.0,58.5,45.359165463023416,0.03561253561253561,260.8,True,True,True
2.0,0.39,155.0,60.45,44.82781896540716,0.03446374414116349,270.16,True,True,True
2.0,0.39,160.0,62.4,44.332057779880834,0.03338675213675213,279.52,True,True,True
2.0,0.39,165.0,64.35,43.86842290767856,0.03237503237503237,288.88,True,True,True
2.0,0.39,170.0,66.3,43.43388958056622,0.0314228255404726,298.24,True,True,True
2.0,0.39,175.0,68.25,43.025801194557744,0.030525030525030528,307.6,True,True,True
2.0,0.39,180.0,70.2,42.6418149494695,0.029677113010446347,316.96,True,True,True
2.0,0.39,185.0,72.15,42.279856843962186,0.028875028875028876,326.32,True,True,True
2.0,0.39,190.0,74.1,41.93808420001083,0.028115159694107057,335.68000000000006,True,True,True
2.0,0.39,195.0,76.05,41.61485428703202,0.027394258163488935,345.04,True,True,True
2.0,0.39,200.0,78.0,41.30869791798933,0.02670940170940171,354.4,True,True,True
2.0,0.39,205.0,79.95,41.01829712193014,0.02605795288722118,363.76,True,True,True
2.0,0.39,210.0,81.9,40.742466177131206,0.025437525437525435,373.12,True,True,True
2.0,0.39,215.0,83.85,40.48013542917038,0.024845955078513216,382.4800000000001,True,True,True
2.0,0.39,220.0,85.8,40.230337428253826,0.024281274281274284,391.84,True,True,True
2.0,0.39,225.0,87.75,39.99219500704105,0.023741690408357073,401.20000000000005,True,True,True
2.0,0.39,230.0,89.7,39.76491098928965,0.023225566703827572,410.56,True,True,True
2.0,0.39,235.0,91.65,39.54775927486343,0.02273140571012911,419.92,True,True,True
2.0,0.39,240.0,93.6,39.34007709103276,0.022257834757834757,429.28,True,True,True
2.0,0.39,245.0,95.55,39.14125823585727,0.02180359323216466,438.64,True,True,True
2.0,0.39,250.0,97.5,38.950747168558756,0.021367521367521364,448.00000000000006,True,True,True
2.0,0.39,255.0,99.45,38.768033825547086,0.020948550360315066,457.36,True,True,True
2.0,0.39,260.0,101.4,38.59264906022905,0.020545693622616698,466.72,True,True,True
2.0,0.39,265.0,103.35,38.4241606207528,0.020158039025963553,476.0799999999999,True,True,True
2.0,0.39,270.0,105.3,38.26216959308233,0.01978474200696423,485.43999999999994,True,True,True
2.0,0.39,275.0,107.25,38.106307247784514,0.019425019425019428,494.80000000000007,True,True,True
2.0,0.39,280.0,109.2,37.95623223806265,0.01907814407814408,504.1600000000001,True,True,True
2.0,0.39,285.0,111.15,37.811628104220986,0.018743439796071373,513.52,True,True,True
2.0,0.39,290.0,113.1,37.672201046162506,0.018420277040966694,522.88,True,True,True
2.0,0.39,295.0,115.05,37.53767793092466,0.018108068955526583,532.2399999999999,True,True,True
2.0,0.39,300.0,117.0,37.407804506819105,0.017806267806267807,541.6,True,True,True
2.0,0.4,10.0,4.0,nan,0.5208333333333334,-0.8000000000000007,False,False,False
2.0,0.4,15.0,6.0,484.5374821466161,0.3472222222222222,8.799999999999999,True,False,False
2.0,0.4,20.0,8.0,247.39937657501986,0.2604166666666667,18.4,True,False,False
2.0,0.4,25.0,10.0,172.87025768108958,0.20833333333333331,28.000000000000007,True,False,False
2.0,0.4,30.0,12.0,136.39856120108124,0.1736111111111111,37.6,True,True,False
2.0,0.4,35.0,14.0,114.76280905192367,0.1488095238095238,47.20000000000001,True,True,False
2.0,0.4,40.0,16.0,100.44055058698841,0.13020833333333334,56.8,True,True,False
2.0,0.4,45.0,18.0,90.2596680637212,0.11574074074074076,66.39999999999999,True,True,True
2.0,0.4,50.0,20.0,82.6507979673846,0.10416666666666666,76.00000000000001,True,True,True
2.0,0.4,55.0,22.0,76.7485903225628,0.0946969696969697,85.6,True,True,True
2.0,0.4,60.0,24.0,72.03674388341932,0.08680555555555555,95.2,True,True,True
2.0,0.4,65.0,26.0,68.18813648656167,0.08012820512820512,104.8,True,True,True
2.0,0.4,70.0,28.0,64.98544921225356,0.0744047619047619,114.40000000000002,True,True,True
2.0,0.4,75.0,30.0,62.278661902999616,0.06944444444444445,124.0,True,True,True
2.0,0.4,80.0,32.0,59.960873967530674,0.06510416666666667,133.6,True,True,True
2.0,0.4,85.0,34.0,57.953850894917885,0.061274509803921566,143.2,True,True,True
2.0,0.4,90.0,36.0,56.19901920315698,0.05787037037037038,152.79999999999998,True,True,True
2.0,0.4,95.0,38.0,54.6516552976141,0.05482456140350877,162.40000000000003,True,True,True
2.0,0.4,100.0,40.0,53.277020386178336,0.05208333333333333,172.00000000000003,True,True,True
2.0,0.4,105.0,42.0,52.04772132440979,0.0496031746031746,181.6,True,True,True
2.0,0.4,110.0,44.0,50.94186651988997,0.04734848484848485,191.2,True,True,True
2.0,0.4,115.0,46.0,49.941750820184794,0.045289855072463775,200.79999999999998,True,True,True
2.0,0.4,120.0,48.0,49.032900431479334,0.043402777777777776,210.4,True,True,True
2.0,0.4,125.0,50.0,48.203367894879065,0.041666666666666664,220.0,True,True,True
2.0,0.4,130.0,52.0,47.44320393276802,0.04006410256410256,229.6,True,True,True
2.0,0.4,135.0,54.0,46.74405647597695,0.038580246913580245,239.20000000000002,True,True,True
2.0,0.4,140.0,56.0,46.09886252067455,0.03720238095238095,248.80000000000004,True,True,True
2.0,0.4,145.0,58.0,45.501608673506084,0.035919540229885055,258.4,True,True,True
2.0,0.4,150.0,60.0,44.94714316165715,0.034722222222222224,268.0,True,True,True
2.0,0.4,155.0,62.0,44.431026849475,0.03360215053763441,277.6,True,True,True
2.0,0.4,160.0,64.0,43.94941413476464,0.032552083333333336,287.2,True,True,True
2.0,0.4,165.0,66.0,43.49895695955038,0.03156565656565656,296.80000000000007,True,True,True
2.0,0.4,170.0,68.0,43.07672686581167,0.030637254901960783,306.4,True,True,True
2.0,0.4,175.0,70.0,42.68015125878114,0.02976190476190476,316.0,True,True,True
2.0,0.4,180.0,72.0,42.30696094553127,0.02893518518518519,325.59999999999997,True,True,True
2.0,0.4,185.0,74.0,41.955146688410274,0.02815315315315315,335.20000000000005,True,True,True
2.0,0.4,190.0,76.0,41.622923016372596,0.027412280701754384,344.80000000000007,True,True,True
2.0,0.4,195.0,78.0,41.30869791798933,0.02670940170940171,354.4,True,True,True
2.0,0.4,200.0,80.0,41.01104733029,0.026041666666666664,364.00000000000006,True,True,True
2.0,0.4,205.0,82.0,40.728693560802206,0.02540650406504065,373.6,True,True,True
2.0,0.4,210.0,84.0,40.4604869530424,0.0248015873015873,383.2,True,True,True
2.0,0.4,215.0,86.0,40.20539024057025,0.024224806201550386,392.8,True,True,True
2.0,0.4,220.0,88.0,39.96246514062161,0.023674242424242424,402.4,True,True,True
2.0,0.4,225.0,90.0,39.730860822029804,0.023148148148148147,412.0,True,True,True
2.0,0.4,230.0,92.0,39.50980394868697,0.022644927536231887,421.59999999999997,True,True,True
2.0,0.4,235.0,94.0,39.29859005300688,0.022163120567375884,431.20000000000005,True,True,True
2.0,0.4,240.0,96.0,39.09657603663047,0.021701388888888888,440.8,True,True,True
2.0,0.4,245.0,98.0,38.90317363018841,0.021258503401360544,450.4,True,True,True
2.0,0.4,250.0,100.0,38.71784367201523,0.020833333333333332,460.0,True,True,True
2.0,0.4,255.0,102.0,38.54009108862254,0.02042483660130719,469.6,True,True,True
2.0,0.4,260.0,104.0,38.369460478521056,0.02003205128205128,479.2,True,True,True
2.0,0.4,265.0,106.0,38.2055322164432,0.019654088050314468,488.79999999999995,True,True,True
2.0,0.4,270.0,108.0,38.04791900780012,0.019290123456790122,498.40000000000003,True,True,True
2.0,0.4,275.0,110.0,37.89626283381442,0.018939393939393936,508.00000000000006,True,True,True
2.0,0.4,280.0,112.0,37.75023223660717,0.018601190476190476,517.6,True,True,True
2.0,0.4,285.0,114.0,37.609519900906704,0.01827485380116959,527.2,True,True,True
2.0,0.4,290.0,116.0,37.4738404952462,0.017959770114942528,536.8,True,True,True
2.0,0.4,295.0,118.0,37.342928740736276,0.01765536723163842,546.4,True,True,True
2.0,0.4,300.0,120.0,37.216537679907276,0.017361111111111112,556.0,True,True,True
5.0,0.02,10.0,0.2,nan,10.416666666666666,-47.6,False,False,False
5.0,0.02,15.0,0.3,nan,6.944444444444445,-46.4,False,False,False
5.0,0.02,20.0,0.4,nan,5.208333333333333,-45.2,False,False,False
5.0,0.02,25.0,0.5,nan,4.166666666666667,-44.0,False,False,False
5.0,0.02,30.0,0.6,nan,3.4722222222222223,-42.8,False,False,False
5.0,0.02,35.0,0.7,nan,2.9761904761904754,-41.6,False,False,False
5.0,0.02,40.0,0.8,nan,2.6041666666666665,-40.4,False,False,False
5.0,0.02,45.0,0.9,nan,2.3148148148148144,-39.2,False,False,False
5.0,0.02,50.0,1.0,nan,2.0833333333333335,-38.0,False,False,False
5.0,0.02,55.0,1.1,nan,1.8939393939393938,-36.8,False,False,False
5.0,0.02,60.0,1.2,nan,1.7361111111111112,-35.6,False,False,False
5.0,0.02,65.0,1.3,nan,1.6025641025641022,-34.4,False,False,False
5.0,0.02,70.0,1.4,nan,1.4880952380952377,-33.199999999999996,False,False,False
5.0,0.02,75.0,1.5,nan,1.3888888888888888,-32.0,False,False,False
5.0,0.02,80.0,1.6,nan,1.3020833333333333,-30.8,False,False,False
5.0,0.02,85.0,1.7,nan,1.2254901960784312,-29.600000000000005,False,False,False
5.0,0.02,90.0,1.8,nan,1.1574074074074072,-28.400000000000002,False,False,False
5.0,0.02,95.0,1.9,nan,1.0964912280701753,-27.200000000000003,False,False,False
5.0,0.02,100.0,2.0,nan,1.0416666666666667,-26.0,False,False,False
5.0,0.02,105.0,2.1,nan,0.9920634920634921,-24.8,False,False,False
5.0,0.02,110.0,2.2,nan,0.9469696969696969,-23.6,False,False,False
5.0,0.02,115.0,2.3,nan,0.9057971014492753,-22.400000000000002,False,False,False
5.0,0.02,120.0,2.4,nan,0.8680555555555556,-21.200000000000003,False,False,False
5.0,0.02,125.0,2.5,nan,0.8333333333333333,-20.0,False,False,False
5.0,0.02,130.0,2.6,nan,0.8012820512820511,-18.8,False,False,False
5.0,0.02,135.0,2.7,nan,0.7716049382716048,-17.6,False,False,False
5.0,0.02,140.0,2.8,nan,0.7440476190476188,-16.4,False,False,False
5.0,0.02,145.0,2.9,nan,0.7183908045977011,-15.200000000000001,False,False,False
5.0,0.02,150.0,3.0,nan,0.6944444444444444,-14.000000000000002,False,False,False
5.0,0.02,155.0,3.1,nan,0.6720430107526881,-12.800000000000006,False,False,False
5.0,0.02,160.0,3.2,nan,0.6510416666666666,-11.6,False,False,False
5.0,0.02,165.0,3.3,nan,0.6313131313131313,-10.399999999999999,False,False,False
5.0,0.02,170.0,3.4,nan,0.6127450980392156,-9.200000000000001,False,False,False
5.0,0.02,175.0,3.5,nan,0.5952380952380952,-8.000000000000002,False,False,False
5.0,0.02,180.0,3.6,nan,0.5787037037037036,-6.800000000000005,False,False,False
5.0,0.02,185.0,3.7,nan,0.563063063063063,-5.599999999999999,False,False,False
5.0,0.02,190.0,3.8,nan,0.5482456140350876,-4.399999999999999,False,False,False
5.0,0.02,195.0,3.9,nan,0.5341880341880342,-3.200000000000003,False,False,False
5.0,0.02,200.0,4.0,nan,0.5208333333333334,-2.0000000000000018,False,False,False
5.0,0.02,205.0,4.1,nan,0.508130081300813,-0.8000000000000007,False,False,False
5.0,0.02,210.0,4.2,24214.02810559515,0.49603174603174605,0.40000000000000036,True,False,False
5.0,0.02,215.0,4.3,6076.003838811241,0.48449612403100784,1.6000000000000014,True,False,False
5.0,0.02,220.0,4.4,3484.857514984968,0.47348484848484845,2.8000000000000025,True,False,False
5.0,0.02,225.0,4.5,2448.3989854544584,0.462962962962963,4.0000000000000036,True,False,False
5.0,0.02,230.0,4.6,1890.3059310918804,0.45289855072463764,5.199999999999993,True,False,False
5.0,0.02,235.0,4.7,1541.4977721152654,0.44326241134751776,6.399999999999994,True,False,False
5.0,0.02,240.0,4.8,1302.8395580786344,0.4340277777777778,7.599999999999995,True,False,False
5.0,0.02,245.0,4.9,1129.2699478701759,0.4251700680272109,8.799999999999997,True,False,False
5.0,0.02,250.0,5.0,997.357044111747,0.41666666666666663,9.999999999999998,True,False,False
5.0,0.02,255.0,5.1,893.7111911586961,0.4084967320261437,11.199999999999998,True,False,False
5.0,0.02,260.0,5.2,810.1258258739773,0.40064102564102555,12.4,True,False,False
5.0,0.02,265.0,5.3,741.2908191689148,0.3930817610062893,13.600000000000001,True,False,False
5.0,0.02,270.0,5.4,683.6182459835924,0.3858024691358024,14.800000000000002,True,False,False
5.0,0.02,275.0,5.5,634.5965587760683,0.3787878787878788,16.000000000000004,True,False,False
5.0,0.02,280.0,5.6,592.4151069928499,0.3720238095238094,17.200000000000003,True,False,False
5.0,0.02,285.0,5.7,555.735583703095,0.36549707602339176,18.39999999999999,True,False,False
5.0,0.02,290.0,5.8,523.5474306120852,0.35919540229885055,19.599999999999998,True,False,False
5.0,0.02,295.0,5.9,495.0732951854229,0.3531073446327683,20.799999999999997,True,False,False
5.0,0.02,300.0,6.0,469.7054290780328,0.3472222222222222,21.999999999999996,True,False,False
5.0,0.03,10.0,0.3,nan,6.944444444444445,-46.4,False,False,False
5.0,0.03,15.0,0.45,nan,4.629629629629631,-44.6,False,False,False
5.0,0.03,20.0,0.6,nan,3.4722222222222223,-42.8,False,False,False
5.0,0.03,25.0,0.75,nan,2.7777777777777777,-41.0,False,False,False
5.0,0.03,30.0,0.9,nan,2.3148148148148153,-39.2,False,False,False
5.0,0.03,35.0,1.05,nan,1.9841269841269842,-37.4,False,False,False
5.0,0.03,40.0,1.2,nan,1.7361111111111112,-35.6,False,False,False
5.0,0.03,45.0,1.35,nan,1.5432098765432098,-33.8,False,False,False
5.0,0.03,50.0,1.5,nan,1.3888888888888888,-32.0,False,False,False
5.0,0.03,55.0,1.65,nan,1.2626262626262628,-30.200000000000003,False,False,False
5.0,0.03,60.0,1.8,nan,1.1574074074074077,-28.400000000000002,False,False,False
5.0,0.03,65.0,1.95,nan,1.0683760683760684,-26.6,False,False,False
5.0,0.03,70.0,2.1,nan,0.9920634920634921,-24.8,False,False,False
5.0,0.03,75.0,2.25,nan,0.925925925925926,-23.0,False,False,False
5.0,0.03,80.0,2.4,nan,0.8680555555555556,-21.200000000000003,False,False,False
5.0,0.03,85.0,2.55,nan,0.8169934640522876,-19.4,False,False,False
5.0,0.03,90.0,2.7,nan,0.7716049382716049,-17.600000000000005,False,False,False
5.0,0.03,95.0,2.85,nan,0.7309941520467835,-15.800000000000004,False,False,False
5.0,0.03,100.0,3.0,nan,0.6944444444444444,-14.000000000000002,False,False,False
5.0,0.03,105.0,3.15,nan,0.6613756613756614,-12.2,False,False,False
5.0,0.03,110.0,3.3,nan,0.6313131313131314,-10.400000000000004,False,False,False
5.0,0.03,115.0,3.45,nan,0.6038647342995169,-8.600000000000001,False,False,False
5.0,0.03,120.0,3.6,nan,0.5787037037037038,-6.800000000000005,False,False,False
5.0,0.03,125.0,3.75,nan,0.5555555555555556,-5.000000000000004,False,False,False
5.0,0.03,130.0,3.9,nan,0.5341880341880342,-3.200000000000003,False,False,False
5.0,0.03,135.0,4.05,nan,0.51440329218107,-1.4000000000000012,False,False,False
5.0,0.03,140.0,4.2,24214.02810559515,0.49603174603174605,0.40000000000000036,True,False,False
5.0,0.03,145.0,4.35,4427.092541830905,0.4789272030651341,2.199999999999991,True,False,False
5.0,0.03,150.0,4.5,2448.3989854544584,0.462962962962963,4.0000000000000036,True,False,False
5.0,0.03,155.0,4.65,1697.8600502771963,0.4480286738351255,5.7999999999999945,True,False,False
5.0,0.03,160.0,4.8,1302.8395580786344,0.4340277777777778,7.599999999999995,True,False,False
5.0,0.03,165.0,4.95,1059.1035097007987,0.4208754208754208,9.399999999999999,True,False,False
5.0,0.03,170.0,5.1,893.7111911586961,0.4084967320261438,11.199999999999998,True,False,False
5.0,0.03,175.0,5.25,774.119822366714,0.3968253968253968,13.0,True,False,False
5.0,0.03,180.0,5.4,683.6182459835928,0.38580246913580246,14.79999999999999,True,False,False
5.0,0.03,185.0,5.55,612.7435174907868,0.3753753753753754,16.599999999999994,True,False,False
5.0,0.03,190.0,5.7,555.735583703095,0.36549707602339176,18.39999999999999,True,False,False
5.0,0.03,195.0,5.85,508.88747969934815,0.3561253561253562,20.199999999999996,True,False,False
5.0,0.03,200.0,6.0,469.7054290780328,0.3472222222222222,21.999999999999996,True,False,False
5.0,0.03,205.0,6.15,436.4500751893535,0.33875338753387535,23.79999999999999,True,False,False
5.0,0.03,210.0,6.3,407.87125544126934,0.3306878306878307,25.6,True,False,False
5.0,0.03,215.0,6.45,383.04731711994094,0.32299741602067183,27.400000000000002,True,False,False
5.0,0.03,220.0,6.6,361.28386434507786,0.3156565656565657,29.199999999999992,True,False,False
5.0,0.03,225.0,6.75,342.0477802795536,0.30864197530864196,30.999999999999993,True,False,False
5.0,0.03,230.0,6.9,324.9229737334161,0.30193236714975846,32.8,True,False,False
5.0,0.03,235.0,7.05,309.5799389666455,0.29550827423167847,34.6,True,False,False
5.0,0.03,240.0,7.2,295.75434719878643,0.2893518518518519,36.399999999999984,True,False,False
5.0,0.03,245.0,7.35,283.2316907807778,0.28344671201814065,38.199999999999996,True,False,False
5.0,0.03,250.0,7.5,271.83607344039,0.2777777777777778,39.99999999999999,True,False,False
5.0,0.03,255.0,7.65,261.4218968278825,0.27233115468409586,41.79999999999999,True,False,False
5.0,0.03,260.0,7.8,251.86760635769213,0.2670940170940171,43.599999999999994,True,False,False
5.0,0.03,265.0,7.95,243.07092482346403,0.2620545073375262,45.399999999999984,True,False,False
5.0,0.03,270.0,8.1,234.94517662659214,0.257201646090535,47.2,True,False,False
5.0,0.03,275.0,8.25,227.41642217479668,0.2525252525252525,49.0,True,False,False
5.0,0.03,280.0,8.4,220.42120150304973,0.24801587301587302,50.8,True,False,False
5.0,0.03,285.0,8.55,213.9047411814604,0.24366471734892792,52.59999999999998,True,False,False
5.0,0.03,290.0,8.7,207.81951720468203,0.23946360153256704,54.399999999999984,True,False,False
5.0,0.03,295.0,8.85,202.12409405203897,0.23540489642184556,56.19999999999999,True,False,False
5.0,0.03,300.0,9.0,196.7821799226634,0.2314814814814815,58.00000000000001,True,False,False
5.0,0.04,10.0,0.4,nan,5.208333333333333,-45.2,False,False,False
5.0,0.04,15.0,0.6,nan,3.4722222222222223,-42.8,False,False,False
5.0,0.04,20.0,0.8,nan,2.6041666666666665,-40.4,False,False,False
5.0,0.04,25.0,1.0,nan,2.0833333333333335,-38.0,False,False,False
5.0,0.04,30.0,1.2,nan,1.7361111111111112,-35.6,False,False,False
5.0,0.04,35.0,1.4,nan,1.4880952380952377,-33.199999999999996,False,False,False
5.0,0.04,40.0,1.6,nan,1.3020833333333333,-30.8,False,False,False
5.0,0.04,45.0,1.8,nan,1.1574074074074072,-28.400000000000002,False,False,False
5.0,0.04,50.0,2.0,nan,1.0416666666666667,-26.0,False,False,False
5.0,0.04,55.0,2.2,nan,0.9469696969696969,-23.6,False,False,False
5.0,0.04,60.0,2.4,nan,0.8680555555555556,-21.200000000000003,False,False,False
5.0,0.04,65.0,2.6,nan,0.8012820512820511,-18.8,False,False,False
5.0,0.04,70.0,2.8,nan,0.7440476190476188,-16.4,False,False,False
5.0,0.04,75.0,3.0,nan,0.6944444444444444,-14.000000000000002,False,False,False
5.0,0.04,80.0,3.2,nan,0.6510416666666666,-11.6,False,False,False
5.0,0.04,85.0,3.4,nan,0.6127450980392156,-9.200000000000001,False,False,False
5.0,0.04,90.0,3.6,nan,0.5787037037037036,-6.800000000000005,False,False,False
5.0,0.04,95.0,3.8,nan,0.5482456140350876,-4.399999999999999,False,False,False
5.0,0.04,100.0,4.0,nan,0.5208333333333334,-2.0000000000000018,False,False,False
5.0,0.04,105.0,4.2,24214.02810559515,0.49603174603174605,0.40000000000000036,True,False,False
5.0,0.04,110.0,4.4,3484.857514984968,0.47348484848484845,2.8000000000000025,True,False,False
5.0,0.04,115.0,4.6,1890.3059310918804,0.45289855072463764,5.199999999999993,True,False,False
5.0,0.04,120.0,4.8,1302.8395580786344,0.4340277777777778,7.599999999999995,True,False,False
5.0,0.04,125.0,5.0,997.357044111747,0.41666666666666663,9.999999999999998,True,False,False
5.0,0.04,130.0,5.2,810.1258258739773,0.40064102564102555,12.4,True,False,False
5.0,0.04,135.0,5.4,683.6182459835924,0.3858024691358024,14.800000000000002,True,False,False
5.0,0.04,140.0,5.6,592.4151069928499,0.3720238095238094,17.200000000000003,True,False,False
5.0,0.04,145.0,5.8,523.5474306120852,0.35919540229885055,19.599999999999998,True,False,False
5.0,0.04,150.0,6.0,469.7054290780328,0.3472222222222222,21.999999999999996,True,False,False
5.0,0.04,155.0,6.2,426.4552966982203,0.33602150537634407,24.399999999999988,True,False,False
5.0,0.04,160.0,6.4,390.9514566849411,0.3255208333333333,26.8,True,False,False
5.0,0.04,165.0,6.6,361.2838643450777,0.31565656565656564,29.200000000000003,True,False,False
5.0,0.04,170.0,6.8,336.12274172772544,0.3063725490196078,31.599999999999998,True,False,False
5.0,0.04,175.0,7.0,314.5137775975286,0.2976190476190476,34.0,True,False,False
5.0,0.04,180.0,7.2,295.75434719878643,0.2893518518518518,36.399999999999984,True,False,False
5.0,0.04,185.0,7.4,279.3156710761772,0.2815315315315315,38.8,True,False,False
5.0,0.04,190.0,7.6,264.7921805212506,0.2741228070175438,41.2,True,False,False
5.0,0.04,195.0,7.8,251.86760635769213,0.2670940170940171,43.599999999999994,True,False,False
5.0,0.04,200.0,8.0,240.29168341120055,0.2604166666666667,46.0,True,False,False
5.0,0.04,205.0,8.2,229.86378588088996,0.2540650406504065,48.4,True,False,False
5.0,0.04,210.0,8.4,220.42120150304973,0.24801587301587302,50.8,True,False,False
5.0,0.04,215.0,8.6,211.83057962546567,0.24224806201550392,53.2,True,False,False
5.0,0.04,220.0,8.8,203.98159416896806,0.23674242424242423,55.60000000000001,True,False,False
5.0,0.04,225.0,9.0,196.7821799226634,0.2314814814814815,58.00000000000001,True,False,False
5.0,0.04,230.0,9.2,190.15490455685972,0.22644927536231882,60.399999999999984,True,False,False
5.0,0.04,235.0,9.4,184.03417253111752,0.22163120567375888,62.79999999999999,True,False,False
5.0,0.04,240.0,9.6,178.36404654408022,0.2170138888888889,65.19999999999999,True,False,False
5.0,0.04,245.0,9.8,173.09653305316388,0.21258503401360546,67.6,True,False,False
5.0,0.04,250.0,10.0,168.190220487339,0.20833333333333331,70.0,True,False,False
5.0,0.04,255.0,10.2,163.60918831261847,0.20424836601307186,72.4,True,True,False
5.0,0.04,260.0,10.4,159.32212611702445,0.20032051282051277,74.8,True,True,False
5.0,0.04,265.0,10.6,155.30161701131195,0.19654088050314464,77.2,True,True,False
5.0,0.04,270.0,10.8,151.52355066574282,0.1929012345679012,79.6,True,True,False
5.0,0.04,275.0,11.0,147.96663942332904,0.1893939393939394,82.0,True,True,False
5.0,0.04,280.0,11.2,144.61201697195295,0.1860119047619047,84.40000000000002,True,True,False
5.0,0.04,285.0,11.4,141.44290359622906,0.18274853801169588,86.79999999999998,True,True,False
5.0,0.04,290.0,11.6,138.44432546942303,0.17959770114942528,89.19999999999999,True,True,False
5.0,0.04,295.0,11.8,135.60287807415267,0.17655367231638416,91.59999999999998,True,True,False
5.0,0.04,300.0,12.0,132.90652586502372,0.1736111111111111,94.0,True,True,False
5.0,0.05,10.0,0.5,nan,4.166666666666667,-44.0,False,False,False
5.0,0.05,15.0,0.75,nan,2.7777777777777777,-41.0,False,False,False
5.0,0.05,20.0,1.0,nan,2.0833333333333335,-38.0,False,False,False
5.0,0.05,25.0,1.25,nan,1.6666666666666665,-35.0,False,False,False
5.0,0.05,30.0,1.5,nan,1.3888888888888888,-32.0,False,False,False
5.0,0.05,35.0,1.75,nan,1.1904761904761905,-28.999999999999996,False,False,False
5.0,0.05,40.0,2.0,nan,1.0416666666666667,-26.0,False,False,False
5.0,0.05,45.0,2.25,nan,0.925925925925926,-23.000000000000004,False,False,False
5.0,0.05,50.0,2.5,nan,0.8333333333333333,-19.999999999999996,False,False,False
5.0,0.05,55.0,2.75,nan,0.7575757575757576,-17.0,False,False,False
5.0,0.05,60.0,3.0,nan,0.6944444444444444,-14.000000000000002,False,False,False
5.0,0.05,65.0,3.25,nan,0.641025641025641,-10.999999999999998,False,False,False
5.0,0.05,70.0,3.5,nan,0.5952380952380952,-7.9999999999999964,False,False,False
5.0,0.05,75.0,3.75,nan,0.5555555555555556,-4.999999999999999,False,False,False
5.0,0.05,80.0,4.0,nan,0.5208333333333334,-2.0000000000000018,False,False,False
5.0,0.05,85.0,4.25,9703.60869216802,0.49019607843137253,1.0000000000000009,True,False,False
5.0,0.05,90.0,4.5,2448.398985454465,0.462962962962963,3.9999999999999925,True,False,False
5.0,0.05,95.0,4.75,1411.9404559239495,0.43859649122807015,7.000000000000006,True,False,False
5.0,0.05,100.0,5.0,997.3570441117461,0.41666666666666663,10.000000000000009,True,False,False
5.0,0.05,105.0,5.25,774.119822366714,0.3968253968253968,13.0,True,False,False
5.0,0.05,110.0,5.5,634.5965587760683,0.3787878787878788,16.000000000000004,True,False,False
5.0,0.05,115.0,5.75,539.1332731614162,0.3623188405797102,18.999999999999996,True,False,False
5.0,0.05,120.0,6.0,469.7054290780328,0.3472222222222222,21.999999999999996,True,False,False
5.0,0.05,125.0,6.25,416.94026757466133,0.3333333333333333,25.0,True,False,False
5.0,0.05,130.0,6.5,375.4819263934409,0.3205128205128205,28.000000000000004,True,False,False
5.0,0.05,135.0,6.75,342.0477802795535,0.30864197530864196,31.000000000000004,True,False,False
5.0,0.05,140.0,7.0,314.51377759752853,0.2976190476190476,34.00000000000001,True,False,False
5.0,0.05,145.0,7.25,291.4447483233996,0.28735632183908044,37.0,True,False,False
5.0,0.05,150.0,7.5,271.83607344038995,0.2777777777777778,40.0,True,False,False
5.0,0.05,155.0,7.75,254.96349272710262,0.2688172043010753,42.99999999999999,True,False,False
5.0,0.05,160.0,8.0,240.29168341120055,0.2604166666666667,46.0,True,False,False
5.0,0.05,165.0,8.25,227.41642217479665,0.2525252525252525,49.00000000000001,True,False,False
5.0,0.05,170.0,8.5,216.02676800413172,0.24509803921568626,52.0,True,False,False
5.0,0.05,175.0,8.75,205.87962156117564,0.23809523809523808,55.00000000000001,True,False,False
5.0,0.05,180.0,9.0,196.78217992266343,0.2314814814814815,57.999999999999986,True,False,False
5.0,0.05,185.0,9.25,188.5795686092506,0.2252252252252252,61.00000000000001,True,False,False
5.0,0.05,190.0,9.5,181.1459521064703,0.21929824561403508,64.00000000000001,True,False,False
5.0,0.05,195.0,9.75,174.37803260393906,0.2136752136752137,66.99999999999999,True,False,False
5.0,0.05,200.0,10.0,168.19022048733896,0.20833333333333331,70.00000000000001,True,False,False
5.0,0.05,205.0,10.25,162.5109956679937,0.2032520325203252,73.0,True,True,False
5.0,0.05,210.0,10.5,157.2801307028073,0.1984126984126984,76.0,True,True,False
5.0,0.05,215.0,10.75,152.44654662105273,0.19379844961240308,79.0,True,True,False
5.0,0.05,220.0,11.0,147.96663942332904,0.1893939393939394,82.0,True,True,False
5.0,0.05,225.0,11.25,143.80296096897402,0.18518518518518517,85.00000000000001,True,True,False
5.0,0.05,230.0,11.5,139.92316968196144,0.1811594202898551,87.99999999999999,True,True,False
5.0,0.05,235.0,11.75,136.2991888094771,0.17730496453900707,91.00000000000001,True,True,False
5.0,0.05,240.0,12.0,132.90652586502372,0.1736111111111111,94.0,True,True,False
5.0,0.05,245.0,12.25,129.72371836043345,0.17006802721088435,97.0,True,True,False
5.0,0.05,250.0,12.5,126.73187930611859,0.16666666666666666,100.0,True,True,False
5.0,0.05,255.0,12.75,123.91432213846284,0.16339869281045752,103.0,True,True,False
5.0,0.05,260.0,13.0,121.25624933878758,0.16025641025641024,106.0,True,True,False
5.0,0.05,265.0,13.25,118.74449247303944,0.15723270440251574,108.99999999999999,True,True,False
5.0,0.05,270.0,13.5,116.36729401081348,0.15432098765432098,112.00000000000001,True,True,False
5.0,0.05,275.0,13.75,114.1141232944428,0.1515151515151515,115.00000000000001,True,True,False
5.0,0.05,280.0,14.0,111.97552058059945,0.1488095238095238,118.00000000000001,True,True,False
5.0,0.05,285.0,14.25,109.9429642823186,0.14619883040935672,121.0,True,True,False
5.0,0.05,290.0,14.5,108.00875748234162,0.14367816091954022,124.0,True,True,False
5.0,0.05,295.0,14.75,106.1659305311825,0.14124293785310735,127.0,True,True,False
5.0,0.05,300.0,15.0,104.40815713161531,0.1388888888888889,130.0,True,True,False
5.0,0.06,10.0,0.6,nan,3.4722222222222223,-42.8,False,False,False
5.0,0.06,15.0,0.9,nan,2.3148148148148153,-39.2,False,False,False
5.0,0.06,20.0,1.2,nan,1.7361111111111112,-35.6,False,False,False
5.0,0.06,25.0,1.5,nan,1.3888888888888888,-32.0,False,False,False
5.0,0.06,30.0,1.8,nan,1.1574074074074077,-28.400000000000002,False,False,False
5.0,0.06,35.0,2.1,nan,0.9920634920634921,-24.8,False,False,False
5.0,0.06,40.0,2.4,nan,0.8680555555555556,-21.200000000000003,False,False,False
5.0,0.06,45.0,2.7,nan,0.7716049382716049,-17.600000000000005,False,False,False
5.0,0.06,50.0,3.0,nan,0.6944444444444444,-14.000000000000002,False,False,False
5.0,0.06,55.0,3.3,nan,0.6313131313131314,-10.400000000000004,False,False,False
5.0,0.06,60.0,3.6,nan,0.5787037037037038,-6.800000000000005,False,False,False
5.0,0.06,65.0,3.9,nan,0.5341880341880342,-3.200000000000003,False,False,False
5.0,0.06,70.0,4.2,24214.02810559515,0.49603174603174605,0.40000000000000036,True,False,False
5.0,0.06,75.0,4.5,2448.3989854544584,0.462962962962963,4.0000000000000036,True,False,False
5.0,0.06,80.0,4.8,1302.8395580786344,0.4340277777777778,7.599999999999995,True,False,False
5.0,0.06,85.0,5.1,893.7111911586961,0.4084967320261438,11.199999999999998,True,False,False
5.0,0.06,90.0,5.4,683.6182459835928,0.38580246913580246,14.79999999999999,True,False,False
5.0,0.06,95.0,5.7,555.735583703095,0.36549707602339176,18.39999999999999,True,False,False
5.0,0.06,100.0,6.0,469.7054290780328,0.3472222222222222,21.999999999999996,True,False,False
5.0,0.06,105.0,6.3,407.87125544126934,0.3306878306878307,25.6,True,False,False
5.0,0.06,110.0,6.6,361.28386434507786,0.3156565656565657,29.199999999999992,True,False,False
5.0,0.06,115.0,6.9,324.9229737334161,0.30193236714975846,32.8,True,False,False
5.0,0.06,120.0,7.2,295.75434719878643,0.2893518518518519,36.399999999999984,True,False,False
5.0,0.06,125.0,7.5,271.83607344039,0.2777777777777778,39.99999999999999,True,False,False
5.0,0.06,130.0,7.8,251.86760635769213,0.2670940170940171,43.599999999999994,True,False,False
5.0,0.06,135.0,8.1,234.94517662659214,0.257201646090535,47.2,True,False,False
5.0,0.06,140.0,8.4,220.42120150304973,0.24801587301587302,50.8,True,False,False
5.0,0.06,145.0,8.7,207.81951720468203,0.23946360153256704,54.399999999999984,True,False,False
5.0,0.06,150.0,9.0,196.7821799226634,0.2314814814814815,58.00000000000001,True,False,False
5.0,0.06,155.0,9.3,187.0349210242574,0.22401433691756276,61.59999999999999,True,False,False
5.0,0.06,160.0,9.6,178.36404654408022,0.2170138888888889,65.19999999999999,True,False,False
5.0,0.06,165.0,9.9,170.60058916066575,0.2104377104377104,68.8,True,False,False
5.0,0.06,170.0,10.2,163.60918831261847,0.2042483660130719,72.4,True,True,False
5.0,0.06,175.0,10.5,157.2801307028073,0.1984126984126984,76.0,True,True,False
5.0,0.06,180.0,10.8,151.52355066574287,0.19290123456790123,79.59999999999998,True,True,False
5.0,0.06,185.0,11.1,146.26513620880903,0.1876876876876877,83.19999999999999,True,True,False
5.0,0.06,190.0,11.4,141.44290359622906,0.18274853801169588,86.79999999999998,True,True,False
5.0,0.06,195.0,11.7,137.00474260765992,0.1780626780626781,90.39999999999999,True,True,False
5.0,0.06,200.0,12.0,132.90652586502372,0.1736111111111111,94.0,True,True,False
5.0,0.06,205.0,12.3,129.11063658700832,0.16937669376693767,97.59999999999997,True,True,False
5.0,0.06,210.0,12.6,125.58481057778444,0.16534391534391535,101.2,True,True,False
5.0,0.06,215.0,12.9,122.30121688980495,0.16149870801033592,104.8,True,True,False
5.0,0.06,220.0,13.2,119.23572167556583,0.15782828282828285,108.39999999999999,True,True,False
5.0,0.06,225.0,13.5,116.3672940108135,0.15432098765432098,111.99999999999999,True,True,False
5.0,0.06,230.0,13.8,113.67752274040562,0.15096618357487923,115.59999999999998,True,True,False
5.0,0.06,235.0,14.1,111.15022087559282,0.14775413711583923,119.2,True,True,False
5.0,0.06,240.0,14.4,108.77109957614364,0.14467592592592596,122.79999999999997,True,True,False
5.0,0.06,245.0,14.7,106.52749784438463,0.14172335600907032,126.39999999999999,True,True,False
5.0,0.06,250.0,15.0,104.40815713161531,0.1388888888888889,129.99999999999997,True,True,False
5.0,0.06,255.0,15.3,102.40303238540244,0.13616557734204793,133.6,True,True,False
5.0,0.06,260.0,15.6,100.50313284453017,0.13354700854700854,137.2,True,True,False
5.0,0.06,265.0,15.9,98.70038725745255,0.1310272536687631,140.79999999999998,True,True,True
5.0,0.06,270.0,16.2,96.98752926197432,0.1286008230452675,144.4,True,True,True
5.0,0.06,275.0,16.5,95.35799949330315,0.12626262626262624,148.0,True,True,True
5.0,0.06,280.0,16.8,93.80586163976676,0.12400793650793651,151.6,True,True,True
5.0,0.06,285.0,17.1,92.32573018149755,0.12183235867446396,155.19999999999996,True,True,True
5.0,0.06,290.0,17.4,90.91270795811205,0.11973180076628352,158.79999999999998,True,True,True
5.0,0.06,295.0,17.7,89.56233204019688,0.11770244821092278,162.39999999999998,True,True,True
5.0,0.06,300.0,18.0,88.27052664402255,0.11574074074074076,166.0,True,True,True
5.0,0.07,10.0,0.7,nan,2.9761904761904754,-41.6,False,False,False
5.0,0.07,15.0,1.05,nan,1.9841269841269842,-37.4,False,False,False
5.0,0.07,20.0,1.4,nan,1.4880952380952377,-33.199999999999996,False,False,False
5.0,0.07,25.0,1.75,nan,1.1904761904761905,-28.999999999999996,False,False,False
5.0,0.07,30.0,2.1,nan,0.9920634920634921,-24.8,False,False,False
5.0,0.07,35.0,2.45,nan,0.8503401360544218,-20.599999999999998,False,False,False
5.0,0.07,40.0,2.8,nan,0.7440476190476188,-16.4,False,False,False
5.0,0.07,45.0,3.15,nan,0.6613756613756613,-12.2,False,False,False
5.0,0.07,50.0,3.5,nan,0.5952380952380952,-7.9999999999999964,False,False,False
5.0,0.07,55.0,3.85,nan,0.5411255411255411,-3.7999999999999976,False,False,False
5.0,0.07,60.0,4.2,24214.02810559515,0.49603174603174605,0.40000000000000036,True,False,False
5.0,0.07,65.0,4.55,2132.955085162565,0.45787545787545775,4.600000000000004,True,False,False
5.0,0.07,70.0,4.9,1129.2699478701743,0.4251700680272109,8.800000000000008,True,False,False
5.0,0.07,75.0,5.25,774.1198223667133,0.39682539682539675,13.00000000000001,True,False,False
5.0,0.07,80.0,5.6,592.4151069928499,0.3720238095238094,17.200000000000003,True,False,False
5.0,0.07,85.0,5.95,482.0337378405028,0.350140056022409,21.399999999999995,True,False,False
5.0,0.07,90.0,6.3,407.87125544126934,0.33068783068783064,25.6,True,False,False
5.0,0.07,95.0,6.65,354.61363385255805,0.3132832080200501,29.800000000000015,True,False,False
5.0,0.07,100.0,7.0,314.51377759752853,0.2976190476190476,34.00000000000001,True,False,False
5.0,0.07,105.0,7.35,283.23169078077774,0.28344671201814053,38.2,True,False,False
5.0,0.07,110.0,7.7,258.1469985220624,0.27056277056277056,42.400000000000006,True,False,False
5.0,0.07,115.0,8.05,237.58401044732165,0.25879917184265006,46.6,True,False,False
5.0,0.07,120.0,8.4,220.42120150304973,0.24801587301587302,50.8,True,False,False
5.0,0.07,125.0,8.75,205.87962156117564,0.23809523809523808,55.00000000000001,True,False,False
5.0,0.07,130.0,9.1,193.4013739083514,0.22893772893772887,59.20000000000001,True,False,False
5.0,0.07,135.0,9.45,182.57639566063307,0.2204585537918871,63.40000000000001,True,False,False
5.0,0.07,140.0,9.8,173.09653305316388,0.21258503401360546,67.60000000000001,True,False,False
5.0,0.07,145.0,10.15,164.72573515186093,0.20525451559934318,71.8,True,True,False
5.0,0.07,150.0,10.5,157.28013070280724,0.19841269841269837,76.00000000000003,True,True,False
5.0,0.07,155.0,10.85,150.61436512372936,0.1920122887864823,80.2,True,True,False
5.0,0.07,160.0,11.2,144.61201697195295,0.1860119047619047,84.40000000000002,True,True,False
5.0,0.07,165.0,11.55,139.17874020251202,0.18037518037518036,88.60000000000001,True,True,False
5.0,0.07,170.0,11.9,134.2372686578912,0.1750700280112045,92.8,True,True,False
5.0,0.07,175.0,12.25,129.72371836043345,0.17006802721088432,97.00000000000001,True,True,False
5.0,0.07,180.0,12.6,125.58481057778444,0.16534391534391532,101.2,True,True,False
5.0,0.07,185.0,12.95,121.7757588233541,0.16087516087516085,105.4,True,True,False
5.0,0.07,190.0,13.3,118.25864169243849,0.15664160401002505,109.60000000000002,True,True,False
5.0,0.07,195.0,13.65,115.00113601934092,0.15262515262515258,113.80000000000001,True,True,False
5.0,0.07,200.0,14.0,111.97552058059945,0.1488095238095238,118.00000000000001,True,True,False
5.0,0.07,205.0,14.35,109.15788525385005,0.1451800232288037,122.2,True,True,False
5.0,0.07,210.0,14.7,106.5274978443846,0.14172335600907027,126.4,True,True,False
5.0,0.07,215.0,15.05,104.06629308606395,0.13842746400885936,130.60000000000002,True,True,False
5.0,0.07,220.0,15.4,101.75845717024991,0.13528138528138528,134.8,True,True,False
5.0,0.07,225.0,15.75,99.59008759754984,0.13227513227513224,139.0,True,True,True
5.0,0.07,230.0,16.1,97.54891288805284,0.12939958592132503,143.2,True,True,True
5.0,0.07,235.0,16.45,95.62406021084738,0.1266464032421479,147.40000000000003,True,True,True
5.0,0.07,240.0,16.8,93.80586163976676,0.12400793650793651,151.6,True,True,True
5.0,0.07,245.0,17.15,92.08569174645943,0.1214771622934888,155.80000000000004,True,True,True
5.0,0.07,250.0,17.5,90.45583077255073,0.11904761904761904,160.0,True,True,True
5.0,0.07,255.0,17.85,88.90934880096137,0.11671335200746964,164.2,True,True,True
5.0,0.07,260.0,18.2,87.44000726025888,0.11446886446886444,168.40000000000003,True,True,True
5.0,0.07,265.0,18.55,86.04217480960216,0.11230907457322549,172.6,True,True,True
5.0,0.07,270.0,18.9,84.71075521293591,0.11022927689594356,176.80000000000004,True,True,True
5.0,0.07,275.0,19.25,83.44112525501001,0.1082251082251082,181.0,True,True,True
5.0,0.07,280.0,19.6,82.22908110511095,0.10629251700680273,185.20000000000002,True,True,True
5.0,0.07,285.0,19.95,81.07079181719266,0.10442773600668337,189.4,True,True,True
5.0,0.07,290.0,20.3,79.96275888267574,0.10262725779967159,193.6,True,True,True
5.0,0.07,295.0,20.65,78.90178093627787,0.10088781275221953,197.80000000000004,True,True,True
5.0,0.07,300.0,21.0,77.8849228648787,0.09920634920634919,202.00000000000006,True,True,True
5.0,0.08,10.0,0.8,nan,2.6041666666666665,-40.4,False,False,False
5.0,0.08,15.0,1.2,nan,1.7361111111111112,-35.6,False,False,False
5.0,0.08,20.0,1.6,nan,1.3020833333333333,-30.8,False,False,False
5.0,0.08,25.0,2.0,nan,1.0416666666666667,-26.0,False,False,False
5.0,0.08,30.0,2.4,nan,0.8680555555555556,-21.200000000000003,False,False,False
5.0,0.08,35.0,2.8,nan,0.7440476190476188,-16.4,False,False,False
5.0,0.08,40.0,3.2,nan,0.6510416666666666,-11.6,False,False,False
5.0,0.08,45.0,3.6,nan,0.5787037037037036,-6.800000000000005,False,False,False
5.0,0.08,50.0,4.0,nan,0.5208333333333334,-2.0000000000000018,False,False,False
5.0,0.08,55.0,4.4,3484.857514984968,0.47348484848484845,2.8000000000000025,True,False,False
5.0,0.08,60.0,4.8,1302.8395580786344,0.4340277777777778,7.599999999999995,True,False,False
5.0,0.08,65.0,5.2,810.1258258739773,0.40064102564102555,12.4,True,False,False
5.0,0.08,70.0,5.6,592.4151069928499,0.3720238095238094,17.200000000000003,True,False,False
5.0,0.08,75.0,6.0,469.7054290780328,0.3472222222222222,21.999999999999996,True,False,False
5.0,0.08,80.0,6.4,390.9514566849411,0.3255208333333333,26.8,True,False,False
5.0,0.08,85.0,6.8,336.12274172772544,0.3063725490196078,31.599999999999998,True,False,False
5.0,0.08,90.0,7.2,295.75434719878643,0.2893518518518518,36.399999999999984,True,False,False
5.0,0.08,95.0,7.6,264.7921805212506,0.2741228070175438,41.2,True,False,False
5.0,0.08,100.0,8.0,240.29168341120055,0.2604166666666667,46.0,True,False,False
5.0,0.08,105.0,8.4,220.42120150304973,0.24801587301587302,50.8,True,False,False
5.0,0.08,110.0,8.8,203.98159416896806,0.23674242424242423,55.60000000000001,True,False,False
5.0,0.08,115.0,9.2,190.15490455685972,0.22644927536231882,60.399999999999984,True,False,False
5.0,0.08,120.0,9.6,178.36404654408022,0.2170138888888889,65.19999999999999,True,False,False
5.0,0.08,125.0,10.0,168.190220487339,0.20833333333333331,70.0,True,False,False
5.0,0.08,130.0,10.4,159.32212611702445,0.20032051282051277,74.8,True,True,False
5.0,0.08,135.0,10.8,151.52355066574282,0.1929012345679012,79.6,True,True,False
5.0,0.08,140.0,11.2,144.61201697195295,0.1860119047619047,84.40000000000002,True,True,False
5.0,0.08,145.0,11.6,138.44432546942303,0.17959770114942528,89.19999999999999,True,True,False
5.0,0.08,150.0,12.0,132.90652586502372,0.1736111111111111,94.0,True,True,False
5.0,0.08,155.0,12.4,127.90681205214509,0.16801075268817203,98.79999999999997,True,True,False
5.0,0.08,160.0,12.8,123.37039218331694,0.16276041666666666,103.6,True,True,False
5.0,0.08,165.0,13.2,119.2357216755658,0.15782828282828282,108.40000000000002,True,True,False
5.0,0.08,170.0,13.6,115.45169460310102,0.1531862745098039,113.19999999999999,True,True,False
5.0,0.08,175.0,14.0,111.97552058059948,0.1488095238095238,118.0,True,True,False
5.0,0.08,180.0,14.4,108.77109957614364,0.1446759259259259,122.79999999999997,True,True,False
5.0,0.08,185.0,14.8,105.80776353754028,0.14076576576576574,127.6,True,True,False
5.0,0.08,190.0,15.2,103.05929174342778,0.1370614035087719,132.4,True,True,False
5.0,0.08,195.0,15.6,100.50313284453017,0.13354700854700854,137.2,True,True,False
5.0,0.08,200.0,16.0,98.11978468809325,0.13020833333333334,142.0,True,True,True
5.0,0.08,205.0,16.4,95.89229581164129,0.12703252032520326,146.8,True,True,True
5.0,0.08,210.0,16.8,93.80586163976676,0.12400793650793651,151.6,True,True,True
5.0,0.08,215.0,17.2,91.8474950385444,0.12112403100775196,156.4,True,True,True
5.0,0.08,220.0,17.6,90.00575572870996,0.11837121212121211,161.2,True,True,True
5.0,0.08,225.0,18.0,88.27052664402255,0.11574074074074076,166.0,True,True,True
5.0,0.08,230.0,18.4,86.63282799969231,0.11322463768115941,170.79999999999998,True,True,True
5.0,0.08,235.0,18.8,85.08466185527989,0.11081560283687944,175.59999999999997,True,True,True
5.0,0.08,240.0,19.2,83.61888149238831,0.10850694444444445,180.39999999999998,True,True,True
5.0,0.08,245.0,19.6,82.22908110511096,0.10629251700680273,185.2,True,True,True
5.0,0.08,250.0,20.0,80.90950221108552,0.10416666666666666,190.0,True,True,True
5.0,0.08,255.0,20.4,79.65495389910652,0.10212418300653593,194.8,True,True,True
5.0,0.08,260.0,20.8,78.46074458409645,0.10016025641025639,199.6,True,True,True
5.0,0.08,265.0,21.2,77.32262337781485,0.09827044025157232,204.4,True,True,True
5.0,0.08,270.0,21.6,76.2367295309037,0.0964506172839506,209.2,True,True,True
5.0,0.08,275.0,22.0,75.19954867899418,0.0946969696969697,214.0,True,True,True
5.0,0.08,280.0,22.4,74.20787484800938,0.09300595238095236,218.80000000000004,True,True,True
5.0,0.08,285.0,22.8,73.25877735323861,0.09137426900584794,223.59999999999997,True,True,True
5.0,0.08,290.0,23.2,72.34957187225857,0.08979885057471264,228.39999999999998,True,True,True
5.0,0.08,295.0,23.6,71.47779509032401,0.08827683615819208,233.19999999999996,True,True,True
5.0,0.08,300.0,24.0,70.64118241387924,0.08680555555555555,238.0,True,True,True
5.0,0.09,10.0,0.9,nan,2.3148148148148144,-39.2,False,False,False
5.0,0.09,15.0,1.35,nan,1.5432098765432096,-33.8,False,False,False
5.0,0.09,20.0,1.8,nan,1.1574074074074072,-28.399999999999995,False,False,False
5.0,0.09,25.0,2.25,nan,0.9259259259259257,-23.0,False,False,False
5.0,0.09,30.0,2.7,nan,0.7716049382716048,-17.6,False,False,False
5.0,0.09,35.0,3.15,nan,0.6613756613756613,-12.199999999999994,False,False,False
5.0,0.09,40.0,3.6,nan,0.5787037037037036,-6.799999999999995,False,False,False
5.0,0.09,45.0,4.05,nan,0.51440329218107,-1.4000000000000012,False,False,False
5.0,0.09,50.0,4.5,2448.3989854544584,0.46296296296296285,4.0000000000000036,True,False,False
5.0,0.09,55.0,4.95,1059.103509700798,0.4208754208754208,9.400000000000007,True,False,False
5.0,0.09,60.0,5.4,683.6182459835924,0.3858024691358024,14.800000000000002,True,False,False
5.0,0.09,65.0,5.85,508.88747969934786,0.3561253561253561,20.200000000000006,True,False,False
5.0,0.09,70.0,6.3,407.8712554412692,0.33068783068783064,25.600000000000012,True,False,False
5.0,0.09,75.0,6.75,342.0477802795535,0.3086419753086419,31.000000000000004,True,False,False
5.0,0.09,80.0,7.2,295.75434719878626,0.2893518518518518,36.400000000000006,True,False,False
5.0,0.09,85.0,7.65,261.4218968278824,0.2723311546840958,41.800000000000004,True,False,False
5.0,0.09,90.0,8.1,234.94517662659214,0.257201646090535,47.2,True,False,False
5.0,0.09,95.0,8.55,213.90474118146028,0.24366471734892786,52.60000000000002,True,False,False
5.0,0.09,100.0,9.0,196.7821799226634,0.23148148148148143,58.00000000000001,True,False,False
5.0,0.09,105.0,9.45,182.57639566063307,0.2204585537918871,63.40000000000001,True,False,False
5.0,0.09,110.0,9.9,170.60058916066572,0.2104377104377104,68.80000000000001,True,False,False
5.0,0.09,115.0,10.35,160.36789196258042,0.20128824476650561,74.2,True,True,False
5.0,0.09,120.0,10.8,151.52355066574282,0.1929012345679012,79.6,True,True,False
5.0,0.09,125.0,11.25,143.80296096897402,0.18518518518518515,85.00000000000001,True,True,False
5.0,0.09,130.0,11.7,137.00474260765986,0.17806267806267806,90.40000000000002,True,True,False
5.0,0.09,135.0,12.15,130.97292047079455,0.17146776406035663,95.80000000000001,True,True,False
5.0,0.09,140.0,12.6,125.5848105777844,0.16534391534391532,101.20000000000003,True,True,False
5.0,0.09,145.0,13.05,120.74258799100795,0.15964240102171137,106.6,True,True,False
5.0,0.09,150.0,13.5,116.36729401081348,0.15432098765432095,112.00000000000001,True,True,False
5.0,0.09,155.0,13.95,112.39449726218717,0.1493428912783751,117.4,True,True,False
5.0,0.09,160.0,14.4,108.77109957614361,0.1446759259259259,122.80000000000001,True,True,False
5.0,0.09,165.0,14.85,105.45294912106164,0.14029180695847362,128.20000000000002,True,True,False
5.0,0.09,170.0,15.3,102.40303238540243,0.1361655773420479,133.60000000000002,True,True,False
5.0,0.09,175.0,15.75,99.59008759754984,0.13227513227513224,139.0,True,True,True
5.0,0.09,180.0,16.2,96.98752926197432,0.1286008230452675,144.4,True,True,True
5.0,0.09,185.0,16.65,94.57260530573265,0.1251251251251251,149.80000000000004,True,True,True
5.0,0.09,190.0,17.1,92.32573018149752,0.12183235867446393,155.20000000000005,True,True,True
5.0,0.09,195.0,17.55,90.2299525126904,0.11870845204178539,160.60000000000002,True,True,True
5.0,0.09,200.0,18.0,88.27052664402255,0.11574074074074071,166.0,True,True,True
5.0,0.09,205.0,18.45,86.43456518248196,0.1129177958446251,171.4,True,True,True
5.0,0.09,210.0,18.9,84.71075521293591,0.11022927689594356,176.80000000000004,True,True,True
5.0,0.09,215.0,19.35,83.08912497813793,0.10766580534022392,182.20000000000005,True,True,True
5.0,0.09,220.0,19.8,81.56085085493814,0.1052188552188552,187.60000000000002,True,True,True
5.0,0.09,225.0,20.25,80.11809673448735,0.10288065843621397,193.00000000000003,True,True,True
5.0,0.09,230.0,20.7,78.75387963269016,0.10064412238325281,198.4,True,True,True
5.0,0.09,235.0,21.15,77.46195666582625,0.09850275807722615,203.80000000000004,True,True,True
5.0,0.09,240.0,21.6,76.2367295309037,0.0964506172839506,209.2,True,True,True
5.0,0.09,245.0,22.05,75.0731634074311,0.09448223733938017,214.60000000000002,True,True,True
5.0,0.09,250.0,22.5,73.96671780274718,0.09259259259259257,220.00000000000003,True,True,True
5.0,0.09,255.0,22.95,72.9132873379505,0.09077705156136527,225.4,True,True,True
5.0,0.09,260.0,23.4,71.90915084637655,0.08903133903133903,230.80000000000004,True,True,True
5.0,0.09,265.0,23.85,70.95092745433264,0.08735150244584207,236.2,True,True,True
5.0,0.09,270.0,24.3,70.03553855166818,0.08573388203017832,241.60000000000002,True,True,True
5.0,0.09,275.0,24.75,69.16017475082063,0.08417508417508415,247.00000000000003,True,True,True
5.0,0.09,280.0,25.2,68.32226708725182,0.08267195767195766,252.40000000000006,True,True,True
5.0,0.09,285.0,25.65,67.51946183937947,0.08122157244964262,257.79999999999995,True,True,True
5.0,0.09,290.0,26.1,66.7495984481827,0.07982120051085569,263.2,True,True,True
5.0,0.09,295.0,26.55,66.01069010026563,0.07846829880728184,268.6000000000001,True,True,True
5.0,0.09,300.0,27.0,65.30090660693801,0.07716049382716048,274.0,True,True,True
5.0,0.1,10.0,1.0,nan,2.0833333333333335,-38.0,False,False,False
5.0,0.1,15.0,1.5,nan,1.3888888888888888,-32.0,False,False,False
5.0,0.1,20.0,2.0,nan,1.0416666666666667,-26.0,False,False,False
5.0,0.1,25.0,2.5,nan,0.8333333333333333,-19.999999999999996,False,False,False
5.0,0.1,30.0,3.0,nan,0.6944444444444444,-14.000000000000002,False,False,False
5.0,0.1,35.0,3.5,nan,0.5952380952380952,-7.9999999999999964,False,False,False
5.0,0.1,40.0,4.0,nan,0.5208333333333334,-2.0000000000000018,False,False,False
5.0,0.1,45.0,4.5,2448.398985454465,0.462962962962963,3.9999999999999925,True,False,False
5.0,0.1,50.0,5.0,997.3570441117461,0.41666666666666663,10.000000000000009,True,False,False
5.0,0.1,55.0,5.5,634.5965587760683,0.3787878787878788,16.000000000000004,True,False,False
5.0,0.1,60.0,6.0,469.7054290780328,0.3472222222222222,21.999999999999996,True,False,False
5.0,0.1,65.0,6.5,375.4819263934409,0.3205128205128205,28.000000000000004,True,False,False
5.0,0.1,70.0,7.0,314.51377759752853,0.2976190476190476,34.00000000000001,True,False,False
5.0,0.1,75.0,7.5,271.83607344038995,0.2777777777777778,40.0,True,False,False
5.0,0.1,80.0,8.0,240.29168341120055,0.2604166666666667,46.0,True,False,False
5.0,0.1,85.0,8.5,216.02676800413172,0.24509803921568626,52.0,True,False,False
5.0,0.1,90.0,9.0,196.78217992266343,0.2314814814814815,57.999999999999986,True,False,False
5.0,0.1,95.0,9.5,181.1459521064703,0.21929824561403508,64.00000000000001,True,False,False
5.0,0.1,100.0,10.0,168.19022048733896,0.20833333333333331,70.00000000000001,True,False,False
5.0,0.1,105.0,10.5,157.2801307028073,0.1984126984126984,76.0,True,True,False
5.0,0.1,110.0,11.0,147.96663942332904,0.1893939393939394,82.0,True,True,False
5.0,0.1,115.0,11.5,139.92316968196144,0.1811594202898551,87.99999999999999,True,True,False
5.0,0.1,120.0,12.0,132.90652586502372,0.1736111111111111,94.0,True,True,False
5.0,0.1,125.0,12.5,126.73187930611859,0.16666666666666666,100.0,True,True,False
5.0,0.1,130.0,13.0,121.25624933878758,0.16025641025641024,106.0,True,True,False
5.0,0.1,135.0,13.5,116.36729401081348,0.15432098765432098,112.00000000000001,True,True,False
5.0,0.1,140.0,14.0,111.97552058059945,0.1488095238095238,118.00000000000001,True,True,False
5.0,0.1,145.0,14.5,108.00875748234162,0.14367816091954022,124.0,True,True,False
5.0,0.1,150.0,15.0,104.40815713161531,0.1388888888888889,130.0,True,True,False
5.0,0.1,155.0,15.5,101.1252568118354,0.13440860215053765,136.0,True,True,False
5.0,0.1,160.0,16.0,98.11978468809325,0.13020833333333334,142.0,True,True,True
5.0,0.1,165.0,16.5,95.35799949330314,0.12626262626262624,148.00000000000003,True,True,True
5.0,0.1,170.0,17.0,92.81141833966554,0.12254901960784313,154.0,True,True,True
5.0,0.1,175.0,17.5,90.45583077255073,0.11904761904761904,160.0,True,True,True
5.0,0.1,180.0,18.0,88.27052664402257,0.11574074074074076,165.99999999999997,True,True,True
5.0,0.1,185.0,18.5,86.23768559422889,0.1126126126126126,172.00000000000003,True,True,True
5.0,0.1,190.0,19.0,84.34189000846627,0.10964912280701754,178.00000000000003,True,True,True
5.0,0.1,195.0,19.5,82.56973326525339,0.10683760683760685,184.0,True,True,True
5.0,0.1,200.0,20.0,80.90950221108551,0.10416666666666666,190.00000000000003,True,True,True
5.0,0.1,205.0,20.5,79.35091795615243,0.1016260162601626,196.0,True,True,True
5.0,0.1,210.0,21.0,77.88492286487872,0.0992063492063492,202.0,True,True,True
5.0,0.1,215.0,21.5,76.5035044134862,0.09689922480620154,208.0,True,True,True
5.0,0.1,220.0,22.0,75.19954867899418,0.0946969696969697,214.0,True,True,True
5.0,0.1,225.0,22.5,73.96671780274718,0.09259259259259259,220.00000000000003,True,True,True
5.0,0.1,230.0,23.0,72.79934697302657,0.09057971014492755,225.99999999999997,True,True,True
5.0,0.1,235.0,23.5,71.69235739311911,0.08865248226950354,232.00000000000003,True,True,True
5.0,0.1,240.0,24.0,70.64118241387924,0.08680555555555555,238.0,True,True,True
5.0,0.1,245.0,24.5,69.64170456476592,0.08503401360544217,244.0,True,True,True
5.0,0.1,250.0,25.0,68.69020165241004,0.08333333333333333,250.0,True,True,True
5.0,0.1,255.0,25.5,67.78330043907084,0.08169934640522876,256.0,True,True,True
5.0,0.1,260.0,26.0,66.91793668588458,0.08012820512820512,262.0,True,True,True
5.0,0.1,265.0,26.5,66.09132056343803,0.07861635220125787,267.99999999999994,True,True,True
5.0,0.1,270.0,27.0,65.30090660693801,0.07716049382716049,274.0,True,True,True
5.0,0.1,275.0,27.5,64.544367534288,0.07575757575757575,280.0,True,True,True
5.0,0.1,280.0,28.0,63.81957135979113,0.0744047619047619,286.00000000000006,True,True,True
5.0,0.1,285.0,28.5,63.12456132945168,0.07309941520467836,292.0,True,True,True
5.0,0.1,290.0,29.0,62.45753828019972,0.07183908045977011,298.0,True,True,True
5.0,0.1,295.0,29.5,61.816845088155084,0.07062146892655367,304.0,True,True,True
5.0,0.1,300.0,30.0,61.200952922899255,0.06944444444444445,310.0,True,True,True
5.0,0.11,10.0,1.1,nan,1.8939393939393938,-36.8,False,False,False
5.0,0.11,15.0,1.65,nan,1.2626262626262628,-30.200000000000003,False,False,False
5.0,0.11,20.0,2.2,nan,0.9469696969696969,-23.6,False,False,False
5.0,0.11,25.0,2.75,nan,0.7575757575757576,-17.0,False,False,False
5.0,0.11,30.0,3.3,nan,0.6313131313131314,-10.400000000000004,False,False,False
5.0,0.11,35.0,3.85,nan,0.5411255411255411,-3.7999999999999976,False,False,False
5.0,0.11,40.0,4.4,3484.857514984968,0.47348484848484845,2.8000000000000025,True,False,False
5.0,0.11,45.0,4.95,1059.1035097007987,0.4208754208754208,9.399999999999999,True,False,False
5.0,0.11,50.0,5.5,634.5965587760683,0.3787878787878788,16.000000000000004,True,False,False
5.0,0.11,55.0,6.05,458.03172078082673,0.34435261707988984,22.599999999999998,True,False,False
5.0,0.11,60.0,6.6,361.28386434507786,0.3156565656565657,29.199999999999992,True,False,False
5.0,0.11,65.0,7.15,300.20840190239835,0.29137529137529133,35.8,True,False,False
5.0,0.11,70.0,7.7,258.1469985220624,0.27056277056277056,42.400000000000006,True,False,False
5.0,0.11,75.0,8.25,227.41642217479668,0.2525252525252525,49.0,True,False,False
5.0,0.11,80.0,8.8,203.98159416896806,0.23674242424242423,55.60000000000001,True,False,False
5.0,0.11,85.0,9.35,185.52007371421573,0.22281639928698754,62.19999999999999,True,False,False
5.0,0.11,90.0,9.9,170.60058916066575,0.2104377104377104,68.8,True,False,False
5.0,0.11,95.0,10.45,158.2930037597267,0.19936204146730463,75.4,True,True,False
5.0,0.11,100.0,11.0,147.96663942332904,0.1893939393939394,82.0,True,True,False
5.0,0.11,105.0,11.55,139.17874020251207,0.18037518037518036,88.59999999999998,True,True,False
5.0,0.11,110.0,12.1,131.60933120979158,0.17217630853994492,95.2,True,True,False
5.0,0.11,115.0,12.65,125.02141729274801,0.16469038208168643,101.79999999999998,True,True,False
5.0,0.11,120.0,13.2,119.23572167556583,0.15782828282828285,108.39999999999999,True,True,False
5.0,0.11,125.0,13.75,114.11412329444285,0.1515151515151515,114.99999999999999,True,True,False
5.0,0.11,130.0,14.3,109.5484878954812,0.14568764568764567,121.6,True,True,False
5.0,0.11,135.0,14.85,105.45294912106164,0.14029180695847362,128.2,True,True,False
5.0,0.11,140.0,15.4,101.75845717024991,0.13528138528138528,134.8,True,True,False
5.0,0.11,145.0,15.95,98.4088541427106,0.13061650992685478,141.4,True,True,True
5.0,0.11,150.0,16.5,95.35799949330315,0.12626262626262624,148.0,True,True,True
5.0,0.11,155.0,17.05,92.56763178679466,0.12218963831867057,154.59999999999997,True,True,True
5.0,0.11,160.0,17.6,90.00575572870996,0.11837121212121211,161.2,True,True,True
5.0,0.11,165.0,18.15,87.64540984921115,0.1147842056932966,167.8,True,True,True
5.0,0.11,170.0,18.7,85.46371400187628,0.11140819964349377,174.39999999999998,True,True,True
5.0,0.11,175.0,19.25,83.44112525501001,0.10822510822510822,181.0,True,True,True
5.0,0.11,180.0,19.8,81.56085085493815,0.1052188552188552,187.6,True,True,True
5.0,0.11,185.0,20.35,79.80838089400612,0.10237510237510236,194.19999999999996,True,True,True
5.0,0.11,190.0,20.9,78.17111314166124,0.09968102073365231,200.8,True,True,True
5.0,0.11,195.0,21.45,76.63804950855915,0.09712509712509713,207.39999999999998,True,True,True
5.0,0.11,200.0,22.0,75.19954867899418,0.0946969696969697,214.0,True,True,True
5.0,0.11,205.0,22.55,73.84712314838777,0.09238728750923873,220.6,True,True,True
5.0,0.11,210.0,23.1,72.57327163628491,0.09018759018759018,227.19999999999996,True,True,True
5.0,0.11,215.0,23.65,71.37133988448895,0.08809020436927413,233.8,True,True,True
5.0,0.11,220.0,24.2,70.23540438528748,0.08608815426997246,240.4,True,True,True
5.0,0.11,225.0,24.75,69.16017475082063,0.08417508417508417,247.00000000000003,True,True,True
5.0,0.11,230.0,25.3,68.14091132761155,0.08234519104084322,253.59999999999997,True,True,True
5.0,0.11,235.0,25.85,67.1733553493923,0.08059316569954866,260.2,True,True,True
5.0,0.11,240.0,26.4,66.25366945705197,0.07891414141414142,266.79999999999995,True,True,True
5.0,0.11,245.0,26.95,65.37838683383707,0.07730364873222016,273.4,True,True,True
5.0,0.11,250.0,27.5,64.544367534288,0.07575757575757575,280.0,True,True,True
5.0,0.11,255.0,28.05,63.748760847279236,0.07427213309566251,286.59999999999997,True,True,True
5.0,0.11,260.0,28.6,62.98897274235953,0.07284382284382283,293.2,True,True,True
5.0,0.11,265.0,29.15,62.26263761604205,0.07146941109205261,299.8,True,True,True
5.0,0.11,270.0,29.7,61.567593689683406,0.07014590347923681,306.4,True,True,True
5.0,0.11,275.0,30.25,60.901861519963525,0.06887052341597796,313.0,True,True,True
5.0,0.11,280.0,30.8,60.26362517202182,0.06764069264069264,319.6,True,True,True
5.0,0.11,285.0,31.35,59.65121567813539,0.06645401382243488,326.19999999999993,True,True,True
5.0,0.11,290.0,31.9,59.0630964646555,0.06530825496342739,332.8,True,True,True
5.0,0.11,295.0,32.45,58.49785047927797,0.06420133538777606,339.3999999999999,True,True,True
5.0,0.11,300.0,33.0,57.95416879160846,0.06313131313131312,346.0,True,True,True
5.0,0.12,10.0,1.2,nan,1.736111111111111,-35.6,False,False,False
5.0,0.12,15.0,1.8,nan,1.1574074074074072,-28.400000000000002,False,False,False
5.0,0.12,20.0,2.4,nan,0.8680555555555555,-21.199999999999996,False,False,False
5.0,0.12,25.0,3.0,nan,0.6944444444444443,-13.999999999999996,False,False,False
5.0,0.12,30.0,3.6,nan,0.5787037037037036,-6.800000000000001,False,False,False
5.0,0.12,35.0,4.2,24214.028105594476,0.49603174603174605,0.40000000000001146,True,False,False
5.0,0.12,40.0,4.8,1302.8395580786328,0.43402777777777773,7.600000000000007,True,False,False
5.0,0.12,45.0,5.4,683.6182459835924,0.3858024691358024,14.800000000000002,True,False,False
5.0,0.12,50.0,6.0,469.7054290780325,0.34722222222222215,22.000000000000007,True,False,False
5.0,0.12,55.0,6.6,361.2838643450777,0.31565656565656564,29.200000000000003,True,False,False
5.0,0.12,60.0,7.2,295.7543471987863,0.2893518518518518,36.4,True,False,False
5.0,0.12,65.0,7.8,251.86760635769207,0.26709401709401703,43.60000000000001,True,False,False
5.0,0.12,70.0,8.4,220.42120150304967,0.24801587301587302,50.800000000000026,True,False,False
5.0,0.12,75.0,9.0,196.7821799226634,0.2314814814814815,58.00000000000001,True,False,False
5.0,0.12,80.0,9.6,178.36404654408014,0.21701388888888887,65.20000000000002,True,False,False
5.0,0.12,85.0,10.2,163.60918831261847,0.20424836601307186,72.4,True,True,False
5.0,0.12,90.0,10.8,151.52355066574282,0.1929012345679012,79.6,True,True,False
5.0,0.12,95.0,11.4,141.442903596229,0.18274853801169588,86.80000000000001,True,True,False
5.0,0.12,100.0,12.0,132.90652586502375,0.17361111111111108,94.00000000000001,True,True,False
5.0,0.12,105.0,12.6,125.58481057778444,0.16534391534391532,101.2,True,True,False
5.0,0.12,110.0,13.2,119.2357216755658,0.15782828282828282,108.40000000000002,True,True,False
5.0,0.12,115.0,13.8,113.67752274040562,0.15096618357487923,115.59999999999998,True,True,False
5.0,0.12,120.0,14.4,108.77109957614363,0.1446759259259259,122.8,True,True,False
5.0,0.12,125.0,15.0,104.40815713161531,0.1388888888888889,130.0,True,True,False
5.0,0.12,130.0,15.6,100.50313284453017,0.13354700854700852,137.2,True,True,False
5.0,0.12,135.0,16.2,96.9875292619743,0.1286008230452675,144.40000000000003,True,True,True
5.0,0.12,140.0,16.8,93.80586163976675,0.12400793650793651,151.60000000000005,True,True,True
5.0,0.12,145.0,17.4,90.91270795811204,0.1197318007662835,158.8,True,True,True
5.0,0.12,150.0,18.0,88.27052664402255,0.11574074074074076,166.0,True,True,True
5.0,0.12,155.0,18.6,85.84801860315991,0.11200716845878135,173.19999999999996,True,True,True
5.0,0.12,160.0,19.2,83.61888149238828,0.10850694444444443,180.40000000000003,True,True,True
5.0,0.12,165.0,19.8,81.56085085493814,0.1052188552188552,187.60000000000002,True,True,True
5.0,0.12,170.0,20.4,79.65495389910652,0.10212418300653593,194.8,True,True,True
5.0,0.12,175.0,21.0,77.88492286487872,0.0992063492063492,202.0,True,True,True
5.0,0.12,180.0,21.6,76.2367295309037,0.0964506172839506,209.2,True,True,True
5.0,0.12,185.0,22.2,74.69821264798802,0.09384384384384382,216.4,True,True,True
5.0,0.12,190.0,22.8,73.25877735323861,0.09137426900584794,223.60000000000002,True,True,True
5.0,0.12,195.0,23.4,71.90915084637655,0.08903133903133903,230.79999999999998,True,True,True
5.0,0.12,200.0,24.0,70.64118241387924,0.08680555555555554,238.00000000000003,True,True,True
5.0,0.12,205.0,24.6,69.44767868541113,0.08468834688346884,245.2,True,True,True
5.0,0.12,210.0,25.2,68.32226708725183,0.08267195767195766,252.4,True,True,True
5.0,0.12,215.0,25.8,67.2592820184203,0.08074935400516796,259.6000000000001,True,True,True
5.0,0.12,220.0,26.4,66.25366945705196,0.07891414141414141,266.8,True,True,True
5.0,0.12,225.0,27.0,65.30090660693801,0.07716049382716048,274.0,True,True,True
5.0,0.12,230.0,27.6,64.39693388855109,0.07548309178743962,281.2,True,True,True
5.0,0.12,235.0,28.2,63.53809711726808,0.07387706855791962,288.40000000000003,True,True,True
5.0,0.12,240.0,28.8,62.721098131866256,0.07233796296296295,295.6,True,True,True
5.0,0.12,245.0,29.4,61.94295246677417,0.07086167800453513,302.8,True,True,True
5.0,0.12,250.0,30.0,61.200952922899255,0.06944444444444445,310.0,True,True,True
5.0,0.12,255.0,30.6,60.49263809980555,0.06808278867102396,317.2,True,True,True
5.0,0.12,260.0,31.2,59.81576511842747,0.06677350427350426,324.4,True,True,True
5.0,0.12,265.0,31.8,59.168285897398746,0.06551362683438154,331.6,True,True,True
5.0,0.12,270.0,32.4,58.548326454359426,0.06430041152263374,338.80000000000007,True,True,True
5.0,0.12,275.0,33.0,57.954168791608446,0.06313131313131312,346.00000000000006,True,True,True
5.0,0.12,280.0,33.6,57.384234997327496,0.062003968253968256,353.2000000000001,True,True,True
5.0,0.12,285.0,34.2,56.83707325254059,0.060916179337231965,360.4,True,True,True
5.0,0.12,290.0,34.8,56.311345482522256,0.05986590038314175,367.6,True,True,True
5.0,0.12,295.0,35.4,55.805816431522764,0.05885122410546139,374.8,True,True,True
5.0,0.12,300.0,36.0,55.319343973021674,0.05787037037037038,382.0,True,True,True
5.0,0.13,10.0,1.3,nan,1.6025641025641022,-34.4,False,False,False
5.0,0.13,15.0,1.95,nan,1.0683760683760681,-26.6,False,False,False
5.0,0.13,20.0,2.6,nan,0.8012820512820511,-18.8,False,False,False
5.0,0.13,25.0,3.25,nan,0.641025641025641,-10.999999999999998,False,False,False
5.0,0.13,30.0,3.9,nan,0.5341880341880341,-3.200000000000003,False,False,False
5.0,0.13,35.0,4.55,2132.955085162565,0.45787545787545786,4.600000000000004,True,False,False
5.0,0.13,40.0,5.2,810.1258258739773,0.40064102564102555,12.4,True,False,False
5.0,0.13,45.0,5.85,508.88747969934815,0.3561253561253561,20.199999999999996,True,False,False
5.0,0.13,50.0,6.5,375.4819263934409,0.3205128205128205,28.000000000000004,True,False,False
5.0,0.13,55.0,7.15,300.20840190239835,0.29137529137529133,35.8,True,False,False
5.0,0.13,60.0,7.8,251.86760635769213,0.26709401709401703,43.599999999999994,True,False,False
5.0,0.13,65.0,8.45,218.1983363090445,0.2465483234714004,51.4,True,False,False
5.0,0.13,70.0,9.1,193.4013739083514,0.22893772893772893,59.20000000000001,True,False,False
5.0,0.13,75.0,9.75,174.37803260393906,0.2136752136752137,66.99999999999999,True,False,False
5.0,0.13,80.0,10.4,159.32212611702445,0.20032051282051277,74.8,True,True,False
5.0,0.13,85.0,11.05,147.1097080223117,0.1885369532428356,82.59999999999998,True,True,False
5.0,0.13,90.0,11.7,137.00474260765992,0.17806267806267806,90.39999999999999,True,True,False
5.0,0.13,95.0,12.35,128.50504664788156,0.16869095816464239,98.20000000000002,True,True,False
5.0,0.13,100.0,13.0,121.25624933878758,0.16025641025641024,106.0,True,True,False
5.0,0.13,105.0,13.65,115.00113601934093,0.15262515262515264,113.79999999999998,True,True,False
5.0,0.13,110.0,14.3,109.5484878954812,0.14568764568764567,121.6,True,True,False
5.0,0.13,115.0,14.95,104.75319147743453,0.1393534002229654,129.39999999999998,True,True,False
5.0,0.13,120.0,15.6,100.50313284453017,0.13354700854700852,137.2,True,True,False
5.0,0.13,125.0,16.25,96.71032189902795,0.1282051282051282,145.00000000000003,True,True,True
5.0,0.13,130.0,16.9,93.30473510764769,0.1232741617357002,152.8,True,True,True
5.0,0.13,135.0,17.55,90.22995251269043,0.11870845204178539,160.6,True,True,True
5.0,0.13,140.0,18.2,87.44000726025888,0.11446886446886446,168.40000000000003,True,True,True
5.0,0.13,145.0,18.85,84.89707191666919,0.11052166224580018,176.2,True,True,True
5.0,0.13,150.0,19.5,82.56973326525339,0.10683760683760685,184.0,True,True,True
5.0,0.13,155.0,20.15,80.43168805993815,0.10339123242349046,191.79999999999998,True,True,True
5.0,0.13,160.0,20.8,78.46074458409645,0.10016025641025639,199.6,True,True,True
5.0,0.13,165.0,21.45,76.63804950855913,0.09712509712509713,207.40000000000003,True,True,True
5.0,0.13,170.0,22.1,74.94748288645297,0.0942684766214178,215.19999999999996,True,True,True
5.0,0.13,175.0,22.75,73.3751801177318,0.09157509157509156,223.0,True,True,True
5.0,0.13,180.0,23.4,71.90915084637655,0.08903133903133903,230.79999999999998,True,True,True
5.0,0.13,185.0,24.05,70.5389726086891,0.08662508662508663,238.6,True,True,True
5.0,0.13,190.0,24.7,69.25554266851759,0.08434547908232119,246.40000000000003,True,True,True
5.0,0.13,195.0,25.35,68.05087554135426,0.08218277449046679,254.19999999999996,True,True,True
5.0,0.13,200.0,26.0,66.91793668588458,0.08012820512820512,262.0,True,True,True
5.0,0.13,205.0,26.65,65.85050504370378,0.07817385866166353,269.8,True,True,True
5.0,0.13,210.0,27.3,64.84305875317287,0.07631257631257632,277.6,True,True,True
5.0,0.13,215.0,27.95,63.89067960396042,0.07453786523553965,285.4,True,True,True
5.0,0.13,220.0,28.6,62.98897274235953,0.07284382284382283,293.2,True,True,True
5.0,0.13,225.0,29.25,62.133998860961235,0.07122507122507123,301.0,True,True,True
5.0,0.13,230.0,29.9,61.322216665281246,0.0696767001114827,308.79999999999995,True,True,True
5.0,0.13,235.0,30.55,60.550433845004285,0.06819421713038734,316.6,True,True,True
5.0,0.13,240.0,31.2,59.81576511842747,0.06677350427350426,324.4,True,True,True
5.0,0.13,245.0,31.85,59.11559618755986,0.06541077969649398,332.2,True,True,True
5.0,0.13,250.0,32.5,58.447552654696764,0.0641025641025641,340.00000000000006,True,True,True
5.0,0.13,255.0,33.15,57.80947312158257,0.0628456510809452,347.8,True,True,True
5.0,0.13,260.0,33.8,57.19938582895368,0.0616370808678501,355.6,True,True,True
5.0,0.13,265.0,34.45,56.615488304527915,0.06047411707789066,363.3999999999999,True,True,True
5.0,0.13,270.0,35.1,56.05612957692606,0.05935422602089269,371.2,True,True,True
5.0,0.13,275.0,35.75,55.51979458586931,0.05827505827505827,379.0,True,True,True
5.0,0.13,280.0,36.4,55.00509047862975,0.05723443223443223,386.80000000000007,True,True,True
5.0,0.13,285.0,37.05,54.51073453173719,0.056230319388214114,394.6,True,True,True
5.0,0.13,290.0,37.7,54.035543477418024,0.05526083112290009,402.4,True,True,True
5.0,0.13,295.0,38.35,53.57842404778773,0.054324206866579745,410.20000000000005,True,True,True
5.0,0.13,300.0,39.0,53.138364577732155,0.05341880341880342,418.0,True,True,True
5.0,0.14,10.0,1.4,nan,1.488095238095238,-33.2,False,False,False
5.0,0.14,15.0,2.1,nan,0.9920634920634923,-24.800000000000004,False,False,False
5.0,0.14,20.0,2.8,nan,0.744047619047619,-16.400000000000002,False,False,False
5.0,0.14,25.0,3.5,nan,0.5952380952380953,-8.000000000000007,False,False,False
5.0,0.14,30.0,4.2,24214.02810559582,0.49603174603174616,0.39999999999998925,True,False,False
5.0,0.14,35.0,4.9,1129.2699478701759,0.4251700680272109,8.799999999999997,True,False,False
5.0,0.14,40.0,5.6,592.4151069928502,0.3720238095238095,17.199999999999992,True,False,False
5.0,0.14,45.0,6.3,407.8712554412695,0.33068783068783075,25.599999999999987,True,False,False
5.0,0.14,50.0,7.0,314.5137775975287,0.29761904761904767,33.999999999999986,True,False,False
5.0,0.14,55.0,7.7,258.14699852206246,0.27056277056277056,42.399999999999984,True,False,False
5.0,0.14,60.0,8.4,220.4212015030498,0.24801587301587308,50.799999999999976,True,False,False
5.0,0.14,65.0,9.1,193.40137390835142,0.22893772893772893,59.19999999999999,True,False,False
5.0,0.14,70.0,9.8,173.09653305316388,0.21258503401360546,67.6,True,False,False
5.0,0.14,75.0,10.5,157.28013070280733,0.19841269841269846,75.99999999999999,True,True,False
5.0,0.14,80.0,11.2,144.612016971953,0.18601190476190474,84.39999999999999,True,True,False
5.0,0.14,85.0,11.9,134.23726865789126,0.1750700280112045,92.79999999999997,True,True,False
5.0,0.14,90.0,12.6,125.58481057778445,0.16534391534391538,101.19999999999999,True,True,False
5.0,0.14,95.0,13.3,118.25864169243853,0.15664160401002508,109.59999999999998,True,True,False
5.0,0.14,100.0,14.0,111.97552058059951,0.14880952380952384,117.99999999999997,True,True,False
5.0,0.14,105.0,14.7,106.52749784438463,0.14172335600907032,126.39999999999999,True,True,False
5.0,0.14,110.0,15.4,101.75845717024994,0.13528138528138528,134.79999999999998,True,True,False
5.0,0.14,115.0,16.1,97.54891288805285,0.12939958592132508,143.19999999999996,True,True,True
5.0,0.14,120.0,16.8,93.80586163976679,0.12400793650793654,151.59999999999997,True,True,True
5.0,0.14,125.0,17.5,90.45583077255075,0.11904761904761907,159.99999999999997,True,True,True
5.0,0.14,130.0,18.2,87.4400072602589,0.11446886446886446,168.39999999999998,True,True,True
5.0,0.14,135.0,18.9,84.71075521293595,0.11022927689594357,176.79999999999998,True,True,True
5.0,0.14,140.0,19.6,82.22908110511096,0.10629251700680273,185.2,True,True,True
5.0,0.14,145.0,20.3,79.96275888267576,0.10262725779967159,193.59999999999994,True,True,True
5.0,0.14,150.0,21.0,77.88492286487872,0.09920634920634923,201.99999999999997,True,True,True
5.0,0.14,155.0,21.7,75.97299770781835,0.09600614439324116,210.39999999999998,True,True,True
5.0,0.14,160.0,22.4,74.20787484800938,0.09300595238095237,218.79999999999998,True,True,True
5.0,0.14,165.0,23.1,72.57327163628491,0.09018759018759019,227.19999999999996,True,True,True
5.0,0.14,170.0,23.8,71.0552275669924,0.08753501400560225,235.59999999999994,True,True,True
5.0,0.14,175.0,24.5,69.64170456476593,0.08503401360544219,243.99999999999994,True,True,True
5.0,0.14,180.0,25.2,68.32226708725184,0.08267195767195769,252.39999999999998,True,True,True
5.0,0.14,185.0,25.9,67.08782404847331,0.08043758043758044,260.79999999999995,True,True,True
5.0,0.14,190.0,26.6,65.93041905966314,0.07832080200501254,269.2,True,True,True
5.0,0.14,195.0,27.3,64.84305875317288,0.07631257631257632,277.59999999999997,True,True,True
5.0,0.14,200.0,28.0,63.81957135979115,0.07440476190476192,285.99999999999994,True,True,True
5.0,0.14,205.0,28.7,62.85448949701,0.07259001161440187,294.3999999999999,True,True,True
5.0,0.14,210.0,29.4,61.94295246677418,0.07086167800453516,302.79999999999995,True,True,True
5.0,0.14,215.0,30.1,61.08062437647396,0.06921373200442968,311.19999999999993,True,True,True
5.0,0.14,220.0,30.8,60.263625172021825,0.06764069264069264,319.59999999999997,True,True,True
5.0,0.14,225.0,31.5,59.48847226828551,0.06613756613756615,328.0,True,True,True
5.0,0.14,230.0,32.2,58.752030924545565,0.06469979296066254,336.3999999999999,True,True,True
5.0,0.14,235.0,32.9,58.051471873656055,0.06332320162107397,344.79999999999995,True,True,True
5.0,0.14,240.0,33.6,57.384234997327525,0.06200396825396827,353.19999999999993,True,True,True
5.0,0.14,245.0,34.3,56.74799806436823,0.060738581146744415,361.59999999999997,True,True,True
5.0,0.14,250.0,35.0,56.140649727283865,0.059523809523809534,369.99999999999994,True,True,True
5.0,0.14,255.0,35.7,55.56026611552461,0.05835667600373483,378.39999999999986,True,True,True
5.0,0.14,260.0,36.4,55.00509047862975,0.05723443223443223,386.79999999999995,True,True,True
5.0,0.14,265.0,37.1,54.47351542548953,0.05615453728661277,395.1999999999999,True,True,True
5.0,0.14,270.0,37.8,53.96406738149886,0.055114638447971785,403.59999999999997,True,True,True
5.0,0.14,275.0,38.5,53.475392947068976,0.05411255411255412,411.99999999999994,True,True,True
5.0,0.14,280.0,39.2,53.00624689156016,0.053146258503401364,420.4,True,True,True
5.0,0.14,285.0,39.9,52.555481558375405,0.05221386800334169,428.79999999999984,True,True,True
5.0,0.14,290.0,40.6,52.122037491424635,0.051313628899835796,437.1999999999999,True,True,True
5.0,0.14,295.0,41.3,51.70493512179156,0.05044390637610977,445.59999999999997,True,True,True
5.0,0.14,300.0,42.0,51.30326737729029,0.049603174603174614,453.99999999999994,True,True,True
5.0,0.15,10.0,1.5,nan,1.3888888888888888,-32.0,False,False,False
5.0,0.15,15.0,2.25,nan,0.925925925925926,-23.000000000000004,False,False,False
5.0,0.15,20.0,3.0,nan,0.6944444444444444,-14.000000000000002,False,False,False
5.0,0.15,25.0,3.75,nan,0.5555555555555556,-5.000000000000004,False,False,False
5.0,0.15,30.0,4.5,2448.398985454465,0.462962962962963,3.9999999999999925,True,False,False
5.0,0.15,35.0,5.25,774.119822366714,0.3968253968253968,13.0,True,False,False
5.0,0.15,40.0,6.0,469.7054290780328,0.3472222222222222,21.999999999999996,True,False,False
5.0,0.15,45.0,6.75,342.0477802795536,0.30864197530864196,30.999999999999993,True,False,False
5.0,0.15,50.0,7.5,271.83607344039,0.2777777777777778,39.99999999999999,True,False,False
5.0,0.15,55.0,8.25,227.41642217479676,0.2525252525252525,48.999999999999986,True,False,False
5.0,0.15,60.0,9.0,196.78217992266343,0.2314814814814815,57.999999999999986,True,False,False
5.0,0.15,65.0,9.75,174.37803260393906,0.2136752136752137,66.99999999999999,True,False,False
5.0,0.15,70.0,10.5,157.2801307028073,0.1984126984126984,76.0,True,True,False
5.0,0.15,75.0,11.25,143.80296096897408,0.18518518518518517,84.99999999999999,True,True,False
5.0,0.15,80.0,12.0,132.90652586502372,0.1736111111111111,94.0,True,True,False
5.0,0.15,85.0,12.75,123.91432213846285,0.16339869281045752,102.99999999999999,True,True,False
5.0,0.15,90.0,13.5,116.3672940108135,0.15432098765432098,111.99999999999999,True,True,False
5.0,0.15,95.0,14.25,109.9429642823186,0.14619883040935672,121.0,True,True,False
5.0,0.15,100.0,15.0,104.40815713161531,0.1388888888888889,129.99999999999997,True,True,False
5.0,0.15,105.0,15.75,99.59008759754984,0.1322751322751323,139.0,True,True,True
5.0,0.15,110.0,16.5,95.35799949330315,0.12626262626262624,147.99999999999997,True,True,True
5.0,0.15,115.0,17.25,91.6111189424096,0.12077294685990339,156.99999999999997,True,True,True
5.0,0.15,120.0,18.0,88.27052664402257,0.11574074074074076,165.99999999999997,True,True,True
5.0,0.15,125.0,18.75,85.2735381248982,0.1111111111111111,175.0,True,True,True
5.0,0.15,130.0,19.5,82.56973326525339,0.10683760683760685,184.0,True,True,True
5.0,0.15,135.0,20.25,80.11809673448737,0.10288065843621398,192.99999999999997,True,True,True
5.0,0.15,140.0,21.0,77.88492286487872,0.0992063492063492,202.0,True,True,True
5.0,0.15,145.0,21.75,75.84225671874381,0.09578544061302682,211.0,True,True,True
5.0,0.15,150.0,22.5,73.96671780274718,0.09259259259259259,219.99999999999997,True,True,True
5.0,0.15,155.0,23.25,72.23860115962366,0.08960573476702509,228.99999999999997,True,True,True
5.0,0.15,160.0,24.0,70.64118241387924,0.08680555555555555,238.0,True,True,True
5.0,0.15,165.0,24.75,69.16017475082063,0.08417508417508417,247.00000000000003,True,True,True
5.0,0.15,170.0,25.5,67.78330043907086,0.08169934640522876,255.99999999999997,True,True,True
5.0,0.15,175.0,26.25,66.49994966547764,0.07936507936507936,265.0,True,True,True
5.0,0.15,180.0,27.0,65.30090660693801,0.07716049382716049,274.0,True,True,True
5.0,0.15,185.0,27.75,64.17812777120302,0.07507507507507508,282.99999999999994,True,True,True
5.0,0.15,190.0,28.5,63.12456132945168,0.07309941520467836,292.0,True,True,True
5.0,0.15,195.0,29.25,62.133998860961235,0.07122507122507123,301.0,True,True,True
5.0,0.15,200.0,30.0,61.20095292289926,0.06944444444444445,309.99999999999994,True,True,True
5.0,0.15,205.0,30.75,60.32055534497872,0.06775067750677508,318.99999999999994,True,True,True
5.0,0.15,210.0,31.5,59.48847226828551,0.06613756613756615,328.0,True,True,True
5.0,0.15,215.0,32.25,58.70083279806258,0.06459948320413438,337.0,True,True,True
5.0,0.15,220.0,33.0,57.954168791608474,0.06313131313131312,345.99999999999994,True,True,True
5.0,0.15,225.0,33.75,57.24536380519991,0.0617283950617284,355.0,True,True,True
5.0,0.15,230.0,34.5,56.57160961482254,0.060386473429951695,363.99999999999994,True,True,True
5.0,0.15,235.0,35.25,55.930369031487515,0.059101654846335706,372.99999999999994,True,True,True
5.0,0.15,240.0,36.0,55.31934397302168,0.05787037037037038,381.99999999999994,True,True,True
5.0,0.15,245.0,36.75,54.736447945380355,0.056689342403628114,390.99999999999994,True,True,True
5.0,0.15,250.0,37.5,54.1797822389829,0.05555555555555555,400.0,True,True,True
5.0,0.15,255.0,38.25,53.64761526783032,0.054466230936819175,409.0,True,True,True
5.0,0.15,260.0,39.0,53.138364577732155,0.05341880341880342,418.0,True,True,True
5.0,0.15,265.0,39.75,52.65058112983952,0.052410901467505246,426.99999999999994,True,True,True
5.0,0.15,270.0,40.5,52.182935530713124,0.05144032921810699,435.99999999999994,True,True,True
5.0,0.15,275.0,41.25,51.734205933349116,0.050505050505050504,445.0,True,True,True
5.0,0.15,280.0,42.0,51.3032673772903,0.0496031746031746,454.0,True,True,True
5.0,0.15,285.0,42.75,50.889082372006996,0.04873294346978558,462.9999999999999,True,True,True
5.0,0.15,290.0,43.5,50.49069255760312,0.04789272030651341,472.0,True,True,True
5.0,0.15,295.0,44.25,50.107211301742446,0.047080979284369114,480.99999999999994,True,True,True
5.0,0.15,300.0,45.0,49.73781711242357,0.046296296296296294,489.99999999999994,True,True,True
5.0,0.16,10.0,1.6,nan,1.3020833333333333,-30.8,False,False,False
5.0,0.16,15.0,2.4,nan,0.8680555555555556,-21.200000000000003,False,False,False
5.0,0.16,20.0,3.2,nan,0.6510416666666666,-11.6,False,False,False
5.0,0.16,25.0,4.0,nan,0.5208333333333334,-2.0000000000000018,False,False,False
5.0,0.16,30.0,4.8,1302.8395580786344,0.4340277777777778,7.599999999999995,True,False,False
5.0,0.16,35.0,5.6,592.4151069928499,0.3720238095238094,17.200000000000003,True,False,False
5.0,0.16,40.0,6.4,390.9514566849411,0.3255208333333333,26.8,True,False,False
5.0,0.16,45.0,7.2,295.75434719878643,0.2893518518518518,36.399999999999984,True,False,False
5.0,0.16,50.0,8.0,240.29168341120055,0.2604166666666667,46.0,True,False,False
5.0,0.16,55.0,8.8,203.98159416896806,0.23674242424242423,55.60000000000001,True,False,False
5.0,0.16,60.0,9.6,178.36404654408022,0.2170138888888889,65.19999999999999,True,False,False
5.0,0.16,65.0,10.4,159.32212611702445,0.20032051282051277,74.8,True,True,False
5.0,0.16,70.0,11.2,144.61201697195295,0.1860119047619047,84.40000000000002,True,True,False
5.0,0.16,75.0,12.0,132.90652586502372,0.1736111111111111,94.0,True,True,False
5.0,0.16,80.0,12.8,123.37039218331694,0.16276041666666666,103.6,True,True,False
5.0,0.16,85.0,13.6,115.45169460310102,0.1531862745098039,113.19999999999999,True,True,False
5.0,0.16,90.0,14.4,108.77109957614364,0.1446759259259259,122.79999999999997,True,True,False
5.0,0.16,95.0,15.2,103.05929174342778,0.1370614035087719,132.4,True,True,False
5.0,0.16,100.0,16.0,98.11978468809325,0.13020833333333334,142.0,True,True,True
5.0,0.16,105.0,16.8,93.80586163976676,0.12400793650793651,151.6,True,True,True
5.0,0.16,110.0,17.6,90.00575572870996,0.11837121212121211,161.2,True,True,True
5.0,0.16,115.0,18.4,86.63282799969231,0.11322463768115941,170.79999999999998,True,True,True
5.0,0.16,120.0,19.2,83.61888149238831,0.10850694444444445,180.39999999999998,True,True,True
5.0,0.16,125.0,20.0,80.90950221108552,0.10416666666666666,190.0,True,True,True
5.0,0.16,130.0,20.8,78.46074458409645,0.10016025641025639,199.6,True,True,True
5.0,0.16,135.0,21.6,76.2367295309037,0.0964506172839506,209.2,True,True,True
5.0,0.16,140.0,22.4,74.20787484800938,0.09300595238095236,218.80000000000004,True,True,True
5.0,0.16,145.0,23.2,72.34957187225857,0.08979885057471264,228.39999999999998,True,True,True
5.0,0.16,150.0,24.0,70.64118241387924,0.08680555555555555,238.0,True,True,True
5.0,0.16,155.0,24.8,69.06526903627893,0.08400537634408602,247.59999999999994,True,True,True
5.0,0.16,160.0,25.6,67.60699771486027,0.08138020833333333,257.2,True,True,True
5.0,0.16,165.0,26.4,66.25366945705196,0.07891414141414141,266.8,True,True,True
5.0,0.16,170.0,27.2,64.99434952974265,0.07659313725490195,276.4,True,True,True
5.0,0.16,175.0,28.0,63.81957135979114,0.0744047619047619,286.0,True,True,True
5.0,0.16,180.0,28.8,62.72109813186626,0.07233796296296295,295.59999999999997,True,True,True
5.0,0.16,185.0,29.6,61.69172937961687,0.07038288288288287,305.2,True,True,True
5.0,0.16,190.0,30.4,60.72514296549705,0.06853070175438596,314.8,True,True,True
5.0,0.16,195.0,31.2,59.81576511842747,0.06677350427350427,324.4,True,True,True
5.0,0.16,200.0,32.0,58.95866288412358,0.06510416666666667,334.0,True,True,True
5.0,0.16,205.0,32.8,58.14945460470511,0.06351626016260163,343.6,True,True,True
5.0,0.16,210.0,33.6,57.38423499732751,0.062003968253968256,353.2,True,True,True
5.0,0.16,215.0,34.4,56.659512127716326,0.06056201550387598,362.8,True,True,True
5.0,0.16,220.0,35.2,55.972154132155964,0.05918560606060606,372.4,True,True,True
5.0,0.16,225.0,36.0,55.319343973021674,0.05787037037037038,382.0,True,True,True
5.0,0.16,230.0,36.8,54.698540849268866,0.056612318840579705,391.59999999999997,True,True,True
5.0,0.16,235.0,37.6,54.10744714719115,0.05540780141843972,401.19999999999993,True,True,True
5.0,0.16,240.0,38.4,53.54398002515213,0.054253472222222224,410.79999999999995,True,True,True
5.0,0.16,245.0,39.2,53.00624689156016,0.053146258503401364,420.4,True,True,True
5.0,0.16,250.0,40.0,52.49252416765417,0.05208333333333333,430.0,True,True,True
5.0,0.16,255.0,40.8,52.00123883296336,0.051062091503267966,439.6,True,True,True
5.0,0.16,260.0,41.6,51.530952337155156,0.050080128205128194,449.2,True,True,True
5.0,0.16,265.0,42.4,51.08034653166849,0.04913522012578616,458.8,True,True,True
5.0,0.16,270.0,43.2,50.64821133135973,0.0482253086419753,468.4,True,True,True
5.0,0.16,275.0,44.0,50.23343386294624,0.04734848484848485,478.0,True,True,True
5.0,0.16,280.0,44.8,49.83498889533983,0.04650297619047618,487.6000000000001,True,True,True
5.0,0.16,285.0,45.6,49.45193037861445,0.04568713450292397,497.19999999999993,True,True,True
5.0,0.16,290.0,46.4,49.08338394460637,0.04489942528735632,506.79999999999995,True,True,True
5.0,0.16,295.0,47.2,48.72854024400834,0.04413841807909604,516.4,True,True,True
5.0,0.16,300.0,48.0,48.38664901308994,0.043402777777777776,526.0,True,True,True
5.0,0.17,10.0,1.7,nan,1.2254901960784317,-29.600000000000005,False,False,False
5.0,0.17,15.0,2.55,nan,0.8169934640522876,-19.400000000000006,False,False,False
5.0,0.17,20.0,3.4,nan,0.6127450980392158,-9.200000000000001,False,False,False
5.0,0.17,25.0,4.25,9703.60869216802,0.49019607843137253,1.0000000000000009,True,False,False
5.0,0.17,30.0,5.1,893.7111911586968,0.4084967320261438,11.199999999999987,True,False,False
5.0,0.17,35.0,5.95,482.0337378405028,0.350140056022409,21.399999999999995,True,False,False
5.0,0.17,40.0,6.8,336.12274172772544,0.3063725490196079,31.599999999999998,True,False,False
5.0,0.17,45.0,7.65,261.4218968278825,0.27233115468409586,41.79999999999998,True,False,False
5.0,0.17,50.0,8.5,216.02676800413172,0.24509803921568626,52.0,True,False,False
5.0,0.17,55.0,9.35,185.52007371421573,0.22281639928698754,62.19999999999999,True,False,False
5.0,0.17,60.0,10.2,163.60918831261856,0.2042483660130719,72.39999999999998,True,True,False
5.0,0.17,65.0,11.05,147.1097080223117,0.18853695324283562,82.59999999999998,True,True,False
5.0,0.17,70.0,11.9,134.2372686578912,0.1750700280112045,92.8,True,True,False
5.0,0.17,75.0,12.75,123.91432213846285,0.16339869281045755,102.99999999999999,True,True,False
5.0,0.17,80.0,13.6,115.45169460310102,0.15318627450980396,113.19999999999999,True,True,False
5.0,0.17,85.0,14.45,108.38807518541655,0.14417531718569782,123.39999999999998,True,True,False
5.0,0.17,90.0,15.3,102.40303238540244,0.13616557734204793,133.59999999999997,True,True,False
5.0,0.17,95.0,16.15,97.26704989915945,0.12899896800825594,143.8,True,True,True
5.0,0.17,100.0,17.0,92.81141833966554,0.12254901960784313,154.0,True,True,True
5.0,0.17,105.0,17.85,88.90934880096137,0.11671335200746966,164.2,True,True,True
5.0,0.17,110.0,18.7,85.46371400187628,0.11140819964349377,174.39999999999998,True,True,True
5.0,0.17,115.0,19.55,82.39885357928813,0.10656436487638535,184.59999999999997,True,True,True
5.0,0.17,120.0,20.4,79.65495389910653,0.10212418300653595,194.79999999999995,True,True,True
5.0,0.17,125.0,21.25,77.18410569929421,0.09803921568627452,204.99999999999997,True,True,True
5.0,0.17,130.0,22.1,74.94748288645297,0.09426847662141781,215.19999999999996,True,True,True
5.0,0.17,135.0,22.95,72.9132873379505,0.09077705156136529,225.39999999999998,True,True,True
5.0,0.17,140.0,23.8,71.05522756699239,0.08753501400560225,235.6,True,True,True
5.0,0.17,145.0,24.65,69.35137617409592,0.08451656524678837,245.79999999999995,True,True,True
5.0,0.17,150.0,25.5,67.78330043907086,0.08169934640522877,255.99999999999997,True,True,True
5.0,0.17,155.0,26.35,66.33539279192902,0.07906388361796332,266.19999999999993,True,True,True
5.0,0.17,160.0,27.2,64.99434952974265,0.07659313725490198,276.4,True,True,True
5.0,0.17,165.0,28.05,63.748760847279236,0.07427213309566251,286.59999999999997,True,True,True
5.0,0.17,170.0,28.9,62.58878540309837,0.07208765859284891,296.79999999999995,True,True,True
5.0,0.17,175.0,29.75,61.505889760420054,0.0700280112044818,307.0,True,True,True
5.0,0.17,180.0,30.6,60.49263809980556,0.06808278867102396,317.19999999999993,True,True,True
5.0,0.17,185.0,31.45,59.542521240280045,0.06624271330153683,327.3999999999999,True,True,True
5.0,0.17,190.0,32.3,58.6498166554415,0.06449948400412797,337.6,True,True,True
5.0,0.17,195.0,33.15,57.80947312158257,0.0628456510809452,347.79999999999995,True,True,True
5.0,0.17,200.0,34.0,57.017015085183736,0.061274509803921566,358.0,True,True,True
5.0,0.17,205.0,34.85,56.26846292586948,0.05978000956480154,368.19999999999993,True,True,True
5.0,0.17,210.0,35.7,55.56026611552459,0.05835667600373483,378.4,True,True,True
5.0,0.17,215.0,36.55,54.88924690407584,0.056999544003647984,388.6,True,True,True
5.0,0.17,220.0,37.4,54.25255264727493,0.055704099821746886,398.79999999999995,True,True,True
5.0,0.17,225.0,38.25,53.64761526783032,0.054466230936819175,409.0,True,True,True
5.0,0.17,230.0,39.1,53.0721166349045,0.053282182438192674,419.19999999999993,True,True,True
5.0,0.17,235.0,39.95,52.5239588778792,0.05214851898206092,429.3999999999999,True,True,True
5.0,0.17,240.0,40.8,52.00123883296337,0.05106209150326797,439.5999999999999,True,True,True
5.0,0.17,245.0,41.65,51.50222596660751,0.05002000800320128,449.79999999999995,True,True,True
5.0,0.17,250.0,42.5,51.02534323606397,0.04901960784313726,459.99999999999994,True,True,True
5.0,0.17,255.0,43.35,50.56915044108633,0.04805843906189928,470.1999999999999,True,True,True
5.0,0.17,260.0,44.2,50.13232969651989,0.047134238310708905,480.3999999999999,True,True,True
5.0,0.17,265.0,45.05,49.713672717116836,0.04624491305956345,490.5999999999999,True,True,True
5.0,0.17,270.0,45.9,49.31206965620384,0.04538852578068264,500.79999999999995,True,True,True
5.0,0.17,275.0,46.75,48.926499281088546,0.04456327985739751,510.99999999999994,True,True,True
5.0,0.17,280.0,47.6,48.55602030208289,0.043767507002801125,521.2,True,True,True
5.0,0.17,285.0,48.45,48.19976370014108,0.042999656002751976,531.4,True,True,True
5.0,0.17,290.0,49.3,47.85692592146297,0.042258282623394185,541.5999999999999,True,True,True
5.0,0.17,295.0,50.15,47.52676282688239,0.04154204054503157,551.7999999999998,True,True,True
5.0,0.17,300.0,51.0,47.20858430014781,0.04084967320261439,561.9999999999999,True,True,True
5.0,0.18,10.0,1.8,nan,1.1574074074074077,-28.400000000000002,False,False,False
5.0,0.18,15.0,2.7,nan,0.7716049382716049,-17.600000000000005,False,False,False
5.0,0.18,20.0,3.6,nan,0.5787037037037038,-6.800000000000001,False,False,False
5.0,0.18,25.0,4.5,2448.3989854544584,0.462962962962963,4.0000000000000036,True,False,False
5.0,0.18,30.0,5.4,683.6182459835928,0.38580246913580246,14.79999999999999,True,False,False
5.0,0.18,35.0,6.3,407.87125544126934,0.3306878306878307,25.6,True,False,False
5.0,0.18,40.0,7.2,295.7543471987863,0.2893518518518519,36.4,True,False,False
5.0,0.18,45.0,8.1,234.94517662659226,0.257201646090535,47.19999999999999,True,False,False
5.0,0.18,50.0,9.0,196.7821799226634,0.2314814814814815,58.00000000000001,True,False,False
5.0,0.18,55.0,9.9,170.60058916066575,0.2104377104377104,68.8,True,False,False
5.0,0.18,60.0,10.8,151.52355066574287,0.19290123456790123,79.59999999999998,True,True,False
5.0,0.18,65.0,11.7,137.00474260765992,0.1780626780626781,90.39999999999999,True,True,False
5.0,0.18,70.0,12.6,125.58481057778444,0.16534391534391535,101.2,True,True,False
5.0,0.18,75.0,13.5,116.3672940108135,0.15432098765432098,111.99999999999999,True,True,False
5.0,0.18,80.0,14.4,108.77109957614363,0.14467592592592596,122.8,True,True,False
5.0,0.18,85.0,15.3,102.40303238540244,0.13616557734204793,133.6,True,True,False
5.0,0.18,90.0,16.2,96.98752926197434,0.1286008230452675,144.39999999999998,True,True,True
5.0,0.18,95.0,17.1,92.32573018149755,0.12183235867446396,155.2,True,True,True
5.0,0.18,100.0,18.0,88.27052664402255,0.11574074074074076,166.0,True,True,True
5.0,0.18,105.0,18.9,84.71075521293595,0.11022927689594357,176.79999999999998,True,True,True
5.0,0.18,110.0,19.8,81.56085085493815,0.1052188552188552,187.6,True,True,True
5.0,0.18,115.0,20.7,78.75387963269017,0.10064412238325282,198.39999999999995,True,True,True
5.0,0.18,120.0,21.6,76.23672953090372,0.09645061728395062,209.19999999999996,True,True,True
5.0,0.18,125.0,22.5,73.96671780274718,0.09259259259259259,219.99999999999997,True,True,True
5.0,0.18,130.0,23.4,71.90915084637655,0.08903133903133904,230.79999999999998,True,True,True
5.0,0.18,135.0,24.3,70.03553855166818,0.08573388203017832,241.6,True,True,True
5.0,0.18,140.0,25.2,68.32226708725183,0.08267195767195767,252.4,True,True,True
5.0,0.18,145.0,26.1,66.74959844818271,0.07982120051085569,263.2,True,True,True
5.0,0.18,150.0,27.0,65.30090660693801,0.07716049382716049,274.0,True,True,True
5.0,0.18,155.0,27.9,63.96208746151807,0.07467144563918758,284.79999999999995,True,True,True
5.0,0.18,160.0,28.8,62.721098131866256,0.07233796296296298,295.6,True,True,True
5.0,0.18,165.0,29.7,61.567593689683406,0.07014590347923681,306.4,True,True,True
5.0,0.18,170.0,30.6,60.49263809980555,0.06808278867102396,317.2,True,True,True
5.0,0.18,175.0,31.5,59.48847226828551,0.06613756613756615,328.0,True,True,True
5.0,0.18,180.0,32.4,58.54832645435945,0.06430041152263374,338.79999999999995,True,True,True
5.0,0.18,185.0,33.3,57.66626745273543,0.06256256256256257,349.59999999999997,True,True,True
5.0,0.18,190.0,34.2,56.83707325254059,0.06091617933723198,360.4,True,True,True
5.0,0.18,195.0,35.1,56.05612957692606,0.05935422602089269,371.2,True,True,True
5.0,0.18,200.0,36.0,55.319343973021674,0.05787037037037038,382.0,True,True,True
5.0,0.18,205.0,36.9,54.62307407442366,0.05645889792231256,392.7999999999999,True,True,True
5.0,0.18,210.0,37.8,53.96406738149886,0.055114638447971785,403.59999999999997,True,True,True
5.0,0.18,215.0,38.7,53.339410458282494,0.05383290267011198,414.4,True,True,True
5.0,0.18,220.0,39.6,52.74648587171117,0.0526094276094276,425.2,True,True,True
5.0,0.18,225.0,40.5,52.182935530713124,0.05144032921810699,435.99999999999994,True,True,True
5.0,0.18,230.0,41.4,51.646629342278985,0.05032206119162641,446.7999999999999,True,True,True
5.0,0.18,235.0,42.3,51.1356383060961,0.049251379038613076,457.59999999999997,True,True,True
5.0,0.18,240.0,43.2,50.64821133135973,0.04822530864197531,468.3999999999999,True,True,True
5.0,0.18,245.0,44.1,50.18275518853971,0.047241118669690094,479.2,True,True,True
5.0,0.18,250.0,45.0,49.73781711242357,0.046296296296296294,489.99999999999994,True,True,True
5.0,0.18,255.0,45.9,49.31206965620384,0.04538852578068264,500.79999999999995,True,True,True
5.0,0.18,260.0,46.8,48.90429746396835,0.04451566951566952,511.59999999999997,True,True,True
5.0,0.18,265.0,47.7,48.51338568396925,0.043675751222921035,522.4,True,True,True
5.0,0.18,270.0,48.6,48.13830979003161,0.04286694101508916,533.2,True,True,True
5.0,0.18,275.0,49.5,47.778126615412106,0.04208754208754208,544.0,True,True,True
5.0,0.18,280.0,50.4,47.43196643389242,0.04133597883597884,554.8,True,True,True
5.0,0.18,285.0,51.3,47.09902594813092,0.04061078622482132,565.5999999999999,True,True,True
5.0,0.18,290.0,52.2,46.77856206627719,0.03991060025542784,576.3999999999999,True,True,True
5.0,0.18,295.0,53.1,46.469886365363585,0.03923414940364093,587.2,True,True,True
5.0,0.18,300.0,54.0,46.17236015465021,0.038580246913580245,598.0,True,True,True
5.0,0.19,10.0,1.9,nan,1.0964912280701755,-27.200000000000003,False,False,False
5.0,0.19,15.0,2.85,nan,0.7309941520467835,-15.800000000000004,False,False,False
5.0,0.19,20.0,3.8,nan,0.5482456140350878,-4.400000000000004,False,False,False
5.0,0.19,25.0,4.75,1411.9404559239495,0.43859649122807015,7.000000000000006,True,False,False
5.0,0.19,30.0,5.7,555.735583703095,0.36549707602339176,18.39999999999999,True,False,False
5.0,0.19,35.0,6.65,354.61363385255817,0.3132832080200501,29.800000000000004,True,False,False
5.0,0.19,40.0,7.6,264.7921805212506,0.2741228070175439,41.199999999999996,True,False,False
5.0,0.19,45.0,8.55,213.9047411814604,0.24366471734892786,52.59999999999998,True,False,False
5.0,0.19,50.0,9.5,181.1459521064703,0.21929824561403508,64.00000000000001,True,False,False
5.0,0.19,55.0,10.45,158.2930037597267,0.19936204146730463,75.4,True,True,False
5.0,0.19,60.0,11.4,141.44290359622906,0.18274853801169588,86.79999999999998,True,True,False
5.0,0.19,65.0,12.35,128.50504664788158,0.16869095816464239,98.2,True,True,False
5.0,0.19,70.0,13.3,118.25864169243849,0.15664160401002505,109.60000000000001,True,True,False
5.0,0.19,75.0,14.25,109.9429642823186,0.14619883040935672,121.0,True,True,False
5.0,0.19,80.0,15.2,103.05929174342779,0.13706140350877194,132.39999999999998,True,True,False
5.0,0.19,85.0,16.15,97.26704989915945,0.12899896800825594,143.8,True,True,True
5.0,0.19,90.0,17.1,92.32573018149755,0.12183235867446393,155.19999999999996,True,True,True
5.0,0.19,95.0,18.05,88.06065349842561,0.11542012927054479,166.6,True,True,True
5.0,0.19,100.0,19.0,84.34189000846627,0.10964912280701754,178.00000000000003,True,True,True
5.0,0.19,105.0,19.95,81.07079181719266,0.10442773600668338,189.4,True,True,True
5.0,0.19,110.0,20.9,78.17111314166124,0.09968102073365231,200.8,True,True,True
5.0,0.19,115.0,21.85,75.58299277810964,0.09534706331045002,212.2,True,True,True
5.0,0.19,120.0,22.8,73.25877735323861,0.09137426900584794,223.59999999999997,True,True,True
5.0,0.19,125.0,23.75,71.1600602759721,0.08771929824561403,235.0,True,True,True
5.0,0.19,130.0,24.7,69.25554266851759,0.08434547908232119,246.4,True,True,True
5.0,0.19,135.0,25.65,67.51946183937947,0.08122157244964263,257.79999999999995,True,True,True
5.0,0.19,140.0,26.6,65.93041905966314,0.07832080200501253,269.2,True,True,True
5.0,0.19,145.0,27.55,64.47049308457095,0.07562008469449484,280.59999999999997,True,True,True
5.0,0.19,150.0,28.5,63.12456132945168,0.07309941520467836,292.0,True,True,True
5.0,0.19,155.0,29.45,61.8797740832867,0.07074136955291455,303.4,True,True,True
5.0,0.19,160.0,30.4,60.72514296549706,0.06853070175438597,314.79999999999995,True,True,True
5.0,0.19,165.0,31.35,59.65121567813537,0.06645401382243488,326.2,True,True,True
5.0,0.19,170.0,32.3,58.6498166554415,0.06449948400412797,337.6,True,True,True
5.0,0.19,175.0,33.25,57.713838543112715,0.06265664160401002,349.0,True,True,True
5.0,0.19,180.0,34.2,56.8370732525406,0.060916179337231965,360.3999999999999,True,True,True
5.0,0.19,185.0,35.15,56.0140740959788,0.05926979611190138,371.8,True,True,True
5.0,0.19,190.0,36.1,55.2400425301519,0.057710064635272396,383.2,True,True,True
5.0,0.19,195.0,37.05,54.51073453173719,0.05623031938821413,394.6,True,True,True
5.0,0.19,200.0,38.0,53.82238274604134,0.05482456140350877,406.00000000000006,True,True,True
5.0,0.19,205.0,38.95,53.171631393296785,0.05348737697903294,417.3999999999999,True,True,True
5.0,0.19,210.0,39.9,52.55548155837539,0.05221386800334169,428.8,True,True,True
5.0,0.19,215.0,40.85,51.97124498160075,0.05099959200326396,440.2,True,True,True
5.0,0.19,220.0,41.8,51.41650484847199,0.04984051036682616,451.6,True,True,True
5.0,0.19,225.0,42.75,50.88908237200698,0.04873294346978558,463.0,True,True,True
5.0,0.19,230.0,43.7,50.38700819331476,0.04767353165522501,474.4,True,True,True
5.0,0.19,235.0,44.65,49.908497808929226,0.046659201194475544,485.79999999999995,True,True,True
5.0,0.19,240.0,45.6,49.45193037861445,0.04568713450292397,497.19999999999993,True,True,True
5.0,0.19,245.0,46.55,49.015830383241045,0.044754744002864305,508.59999999999997,True,True,True
5.0,0.19,250.0,47.5,48.59885169535708,0.043859649122807015,520.0,True,True,True
5.0,0.19,255.0,48.45,48.19976370014109,0.042999656002751976,531.4,True,True,True
5.0,0.19,260.0,49.4,47.817439165298936,0.042172739541160596,542.8,True,True,True
5.0,0.19,265.0,50.35,47.450843608072084,0.04137702747434624,554.2,True,True,True
5.0,0.19,270.0,51.3,47.09902594813091,0.04061078622482132,565.6,True,True,True
5.0,0.19,275.0,52.25,46.761110268513214,0.03987240829346093,577.0,True,True,True
5.0,0.19,280.0,53.2,46.436288534332796,0.039160401002506263,588.4,True,True,True
5.0,0.19,285.0,54.15,46.123814141831794,0.038473376423514935,599.7999999999998,True,True,True
5.0,0.19,290.0,55.1,45.82299618936518,0.03781004234724742,611.1999999999999,True,True,True
5.0,0.19,295.0,56.05,45.533194377785556,0.03716919417187036,622.6,True,True,True
5.0,0.19,300.0,57.0,45.25381446100722,0.03654970760233918,634.0,True,True,True
5.0,0.2,10.0,2.0,nan,1.0416666666666667,-26.0,False,False,False
5.0,0.2,15.0,3.0,nan,0.6944444444444445,-14.000000000000007,False,False,False
5.0,0.2,20.0,4.0,nan,0.5208333333333334,-2.000000000000007,False,False,False
5.0,0.2,25.0,5.0,997.357044111747,0.41666666666666663,9.999999999999998,True,False,False
5.0,0.2,30.0,6.0,469.705429078033,0.34722222222222227,21.999999999999986,True,False,False
5.0,0.2,35.0,7.0,314.5137775975286,0.29761904761904767,34.0,True,False,False
5.0,0.2,40.0,8.0,240.29168341120064,0.2604166666666667,45.999999999999986,True,False,False
5.0,0.2,45.0,9.0,196.78217992266343,0.2314814814814815,57.999999999999986,True,False,False
5.0,0.2,50.0,10.0,168.190220487339,0.20833333333333331,70.0,True,False,False
5.0,0.2,55.0,11.0,147.96663942332907,0.18939393939393942,81.99999999999999,True,True,False
5.0,0.2,60.0,12.0,132.90652586502378,0.17361111111111113,93.99999999999997,True,True,False
5.0,0.2,65.0,13.0,121.25624933878761,0.16025641025641027,105.99999999999999,True,True,False
5.0,0.2,70.0,14.0,111.97552058059948,0.14880952380952384,118.0,True,True,False
5.0,0.2,75.0,15.0,104.40815713161531,0.1388888888888889,129.99999999999997,True,True,False
5.0,0.2,80.0,16.0,98.11978468809326,0.13020833333333334,141.99999999999997,True,True,True
5.0,0.2,85.0,17.0,92.81141833966555,0.12254901960784313,153.99999999999997,True,True,True
5.0,0.2,90.0,18.0,88.27052664402257,0.11574074074074076,165.99999999999997,True,True,True
5.0,0.2,95.0,19.0,84.3418900084663,0.10964912280701754,177.99999999999997,True,True,True
5.0,0.2,100.0,20.0,80.90950221108552,0.10416666666666666,190.0,True,True,True
5.0,0.2,105.0,21.0,77.88492286487872,0.0992063492063492,201.99999999999997,True,True,True
5.0,0.2,110.0,22.0,75.19954867899418,0.09469696969696971,213.99999999999997,True,True,True
5.0,0.2,115.0,23.0,72.79934697302659,0.09057971014492755,225.99999999999994,True,True,True
5.0,0.2,120.0,24.0,70.64118241387925,0.08680555555555557,237.99999999999994,True,True,True
5.0,0.2,125.0,25.0,68.69020165241005,0.08333333333333334,249.99999999999997,True,True,True
5.0,0.2,130.0,26.0,66.9179366858846,0.08012820512820513,261.99999999999994,True,True,True
5.0,0.2,135.0,27.0,65.30090660693801,0.0771604938271605,274.0,True,True,True
5.0,0.2,140.0,28.0,63.81957135979114,0.07440476190476192,286.0,True,True,True
5.0,0.2,145.0,29.0,62.45753828019973,0.07183908045977011,297.99999999999994,True,True,True
5.0,0.2,150.0,30.0,61.20095292289926,0.06944444444444445,309.99999999999994,True,True,True
5.0,0.2,155.0,31.0,60.03802610154666,0.06720430107526883,321.99999999999994,True,True,True
5.0,0.2,160.0,32.0,58.95866288412358,0.06510416666666667,333.99999999999994,True,True,True
5.0,0.2,165.0,33.0,57.95416879160846,0.06313131313131312,346.0,True,True,True
5.0,0.2,170.0,34.0,57.01701508518374,0.061274509803921566,357.99999999999994,True,True,True
5.0,0.2,175.0,35.0,56.140649727283865,0.05952380952380952,369.99999999999994,True,True,True
5.0,0.2,180.0,36.0,55.31934397302168,0.05787037037037038,381.99999999999994,True,True,True
5.0,0.2,185.0,37.0,54.54806699566888,0.0563063063063063,393.99999999999994,True,True,True
5.0,0.2,190.0,38.0,53.822382746041356,0.05482456140350877,405.99999999999994,True,True,True
5.0,0.2,195.0,39.0,53.138364577732155,0.05341880341880342,418.0,True,True,True
5.0,0.2,200.0,40.0,52.49252416765417,0.05208333333333333,430.0,True,True,True
5.0,0.2,205.0,41.0,51.88175201513698,0.0508130081300813,441.9999999999999,True,True,True
5.0,0.2,210.0,42.0,51.30326737729029,0.0496031746031746,453.99999999999994,True,True,True
5.0,0.2,215.0,43.0,50.75457593967608,0.048449612403100785,466.0,True,True,True
5.0,0.2,220.0,44.0,50.23343386294624,0.047348484848484855,477.99999999999994,True,True,True
5.0,0.2,225.0,45.0,49.73781711242357,0.0462962962962963,489.99999999999994,True,True,True
5.0,0.2,230.0,46.0,49.265895186627105,0.045289855072463775,501.9999999999999,True,True,True
5.0,0.2,235.0,47.0,48.81600852584836,0.044326241134751775,513.9999999999999,True,True,True
5.0,0.2,240.0,48.0,48.386649013089944,0.04340277777777778,525.9999999999999,True,True,True
5.0,0.2,245.0,49.0,47.9764430845438,0.042517006802721094,537.9999999999999,True,True,True
5.0,0.2,250.0,50.0,47.58413705106149,0.04166666666666667,549.9999999999999,True,True,True
5.0,0.2,255.0,51.0,47.20858430014781,0.04084967320261439,561.9999999999999,True,True,True
5.0,0.2,260.0,52.0,46.848734103279305,0.04006410256410257,573.9999999999999,True,True,True
5.0,0.2,265.0,53.0,46.50362179843271,0.039308176100628936,585.9999999999999,True,True,True
5.0,0.2,270.0,54.0,46.17236015465021,0.03858024691358025,598.0,True,True,True
5.0,0.2,275.0,55.0,45.85413175586898,0.03787878787878789,610.0,True,True,True
5.0,0.2,280.0,56.0,45.54818226636548,0.03720238095238096,622.0,True,True,True
5.0,0.2,285.0,57.0,45.25381446100722,0.03654970760233918,633.9999999999999,True,True,True
5.0,0.2,290.0,58.0,44.970382920863514,0.035919540229885055,645.9999999999999,True,True,True
5.0,0.2,295.0,59.0,44.697289309235686,0.035310734463276844,657.9999999999999,True,True,True
5.0,0.2,300.0,60.0,44.43397815533782,0.034722222222222224,669.9999999999999,True,True,True
5.0,0.21,10.0,2.1,nan,0.9920634920634921,-24.8,False,False,False
5.0,0.21,15.0,3.15,nan,0.6613756613756614,-12.200000000000006,False,False,False
5.0,0.21,20.0,4.2,24214.02810559515,0.49603174603174605,0.40000000000000036,True,False,False
5.0,0.21,25.0,5.25,774.119822366714,0.3968253968253968,13.0,True,False,False
5.0,0.21,30.0,6.3,407.8712554412695,0.3306878306878307,25.599999999999987,True,False,False
5.0,0.21,35.0,7.35,283.23169078077774,0.28344671201814065,38.2,True,False,False
5.0,0.21,40.0,8.4,220.42120150304973,0.24801587301587302,50.8,True,False,False
5.0,0.21,45.0,9.45,182.57639566063315,0.22045855379188714,63.39999999999999,True,False,False
5.0,0.21,50.0,10.5,157.2801307028073,0.1984126984126984,76.0,True,True,False
5.0,0.21,55.0,11.55,139.17874020251207,0.18037518037518038,88.59999999999998,True,True,False
5.0,0.21,60.0,12.6,125.58481057778445,0.16534391534391535,101.19999999999999,True,True,False
5.0,0.21,65.0,13.65,115.00113601934093,0.15262515262515264,113.79999999999998,True,True,False
5.0,0.21,70.0,14.7,106.5274978443846,0.14172335600907032,126.4,True,True,False
5.0,0.21,75.0,15.75,99.59008759754984,0.1322751322751323,139.0,True,True,True
5.0,0.21,80.0,16.8,93.80586163976676,0.12400793650793651,151.6,True,True,True
5.0,0.21,85.0,17.85,88.90934880096137,0.11671335200746966,164.2,True,True,True
5.0,0.21,90.0,18.9,84.71075521293595,0.11022927689594357,176.79999999999998,True,True,True
5.0,0.21,95.0,19.95,81.07079181719266,0.10442773600668338,189.4,True,True,True
5.0,0.21,100.0,21.0,77.88492286487872,0.0992063492063492,202.0,True,True,True
5.0,0.21,105.0,22.05,75.07316340743111,0.09448223733938019,214.6,True,True,True
5.0,0.21,110.0,23.1,72.57327163628491,0.09018759018759019,227.19999999999996,True,True,True
5.0,0.21,115.0,24.15,70.33608742407485,0.0862663906142167,239.79999999999998,True,True,True
5.0,0.21,120.0,25.2,68.32226708725184,0.08267195767195767,252.39999999999998,True,True,True
5.0,0.21,125.0,26.25,66.49994966547764,0.07936507936507936,265.0,True,True,True
5.0,0.21,130.0,27.3,64.84305875317287,0.07631257631257632,277.6,True,True,True
5.0,0.21,135.0,28.35,63.330046720916634,0.07348618459729571,290.19999999999993,True,True,True
5.0,0.21,140.0,29.4,61.94295246677417,0.07086167800453516,302.8,True,True,True
5.0,0.21,145.0,30.45,60.66668502050868,0.06841817186644773,315.3999999999999,True,True,True
5.0,0.21,150.0,31.5,59.48847226828551,0.06613756613756615,328.0,True,True,True
5.0,0.21,155.0,32.55,58.39743203912762,0.06400409626216079,340.59999999999997,True,True,True
5.0,0.21,160.0,33.6,57.38423499732751,0.062003968253968256,353.2,True,True,True
5.0,0.21,165.0,34.65,56.44083720498986,0.06012506012506012,365.80000000000007,True,True,True
5.0,0.21,170.0,35.7,55.56026611552459,0.05835667600373483,378.4,True,True,True
5.0,0.21,175.0,36.75,54.73644794538036,0.056689342403628114,391.0,True,True,True
5.0,0.21,180.0,37.8,53.96406738149886,0.055114638447971785,403.59999999999997,True,True,True
5.0,0.21,185.0,38.85,53.23845277198979,0.053625053625053626,416.2,True,True,True
5.0,0.21,190.0,39.9,52.55548155837539,0.05221386800334169,428.8,True,True,True
5.0,0.21,195.0,40.95,51.91150190475891,0.05087505087505088,441.3999999999999,True,True,True
5.0,0.21,200.0,42.0,51.3032673772903,0.0496031746031746,454.0,True,True,True
5.0,0.21,205.0,43.05,50.72788220707032,0.0483933410762679,466.59999999999997,True,True,True
5.0,0.21,210.0,44.1,50.18275518853971,0.047241118669690094,479.2,True,True,True
5.0,0.21,215.0,45.15,49.665560664655224,0.04614248800295312,491.8,True,True,True
5.0,0.21,220.0,46.2,49.17420535964841,0.045093795093795096,504.3999999999999,True,True,True
5.0,0.21,225.0,47.25,48.70680006177152,0.04409171075837742,517.0,True,True,True
5.0,0.21,230.0,48.3,48.26163534831021,0.04313319530710835,529.5999999999999,True,True,True
5.0,0.21,235.0,49.35,47.83716069530487,0.042215467747382635,542.2,True,True,True
5.0,0.21,240.0,50.4,47.431966433892434,0.04133597883597884,554.7999999999998,True,True,True
5.0,0.21,245.0,51.45,47.04476811077322,0.04049238743116294,567.4,True,True,True
5.0,0.21,250.0,52.5,46.67439288721025,0.03968253968253968,580.0,True,True,True
5.0,0.21,255.0,53.55,46.31976767315417,0.03890445066915656,592.5999999999999,True,True,True
5.0,0.21,260.0,54.6,45.97990874362256,0.03815628815628816,605.2,True,True,True
5.0,0.21,265.0,55.65,45.65391262571964,0.037436358191075166,617.7999999999998,True,True,True
5.0,0.21,270.0,56.7,45.340948078519666,0.036743092298647854,630.3999999999999,True,True,True
5.0,0.21,275.0,57.75,45.04024901590671,0.03607503607503608,643.0,True,True,True
5.0,0.21,280.0,58.8,44.75110824551133,0.03543083900226758,655.6,True,True,True
5.0,0.21,285.0,59.85,44.47287191602282,0.03480924533556113,668.1999999999999,True,True,True
5.0,0.21,290.0,60.9,44.204934581104084,0.034209085933223866,680.7999999999998,True,True,True
5.0,0.21,295.0,61.95,43.94673480147804,0.033629270917406515,693.3999999999999,True,True,True
5.0,0.21,300.0,63.0,43.69775121795197,0.033068783068783074,706.0,True,True,True
5.0,0.22,10.0,2.2,nan,0.9469696969696969,-23.6,False,False,False
5.0,0.22,15.0,3.3,nan,0.6313131313131314,-10.400000000000004,False,False,False
5.0,0.22,20.0,4.4,3484.857514984968,0.47348484848484845,2.8000000000000025,True,False,False
5.0,0.22,25.0,5.5,634.5965587760683,0.3787878787878788,16.000000000000004,True,False,False
5.0,0.22,30.0,6.6,361.28386434507786,0.3156565656565657,29.199999999999992,True,False,False
5.0,0.22,35.0,7.7,258.1469985220624,0.27056277056277056,42.400000000000006,True,False,False
5.0,0.22,40.0,8.8,203.98159416896806,0.23674242424242423,55.60000000000001,True,False,False
5.0,0.22,45.0,9.9,170.60058916066575,0.2104377104377104,68.8,True,False,False
5.0,0.22,50.0,11.0,147.96663942332904,0.1893939393939394,82.0,True,True,False
5.0,0.22,55.0,12.1,131.60933120979158,0.17217630853994492,95.2,True,True,False
5.0,0.22,60.0,13.2,119.23572167556583,0.15782828282828285,108.39999999999999,True,True,False
5.0,0.22,65.0,14.3,109.5484878954812,0.14568764568764567,121.6,True,True,False
5.0,0.22,70.0,15.4,101.75845717024991,0.13528138528138528,134.8,True,True,False
5.0,0.22,75.0,16.5,95.35799949330315,0.12626262626262624,148.0,True,True,True
5.0,0.22,80.0,17.6,90.00575572870996,0.11837121212121211,161.2,True,True,True
5.0,0.22,85.0,18.7,85.46371400187628,0.11140819964349377,174.39999999999998,True,True,True
5.0,0.22,90.0,19.8,81.56085085493815,0.1052188552188552,187.6,True,True,True
5.0,0.22,95.0,20.9,78.17111314166124,0.09968102073365231,200.8,True,True,True
5.0,0.22,100.0,22.0,75.19954867899418,0.0946969696969697,214.0,True,True,True
5.0,0.22,105.0,23.1,72.57327163628491,0.09018759018759018,227.19999999999996,True,True,True
5.0,0.22,110.0,24.2,70.23540438528748,0.08608815426997246,240.4,True,True,True
5.0,0.22,115.0,25.3,68.14091132761155,0.08234519104084322,253.59999999999997,True,True,True
5.0,0.22,120.0,26.4,66.25366945705197,0.07891414141414142,266.79999999999995,True,True,True
5.0,0.22,125.0,27.5,64.544367534288,0.07575757575757575,280.0,True,True,True
5.0,0.22,130.0,28.6,62.98897274235953,0.07284382284382283,293.2,True,True,True
5.0,0.22,135.0,29.7,61.567593689683406,0.07014590347923681,306.4,True,True,True
5.0,0.22,140.0,30.8,60.26362517202182,0.06764069264069264,319.6,True,True,True
5.0,0.22,145.0,31.9,59.0630964646555,0.06530825496342739,332.8,True,True,True
5.0,0.22,150.0,33.0,57.95416879160846,0.06313131313131312,346.0,True,True,True
5.0,0.22,155.0,34.1,56.926743597872225,0.06109481915933528,359.19999999999993,True,True,True
5.0,0.22,160.0,35.2,55.972154132155964,0.05918560606060606,372.4,True,True,True
5.0,0.22,165.0,36.3,55.082920376748085,0.0573921028466483,385.6,True,True,True
5.0,0.22,170.0,37.4,54.25255264727493,0.055704099821746886,398.79999999999995,True,True,True
5.0,0.22,175.0,38.5,53.47539294706896,0.05411255411255411,412.0,True,True,True
5.0,0.22,180.0,39.6,52.74648587171117,0.0526094276094276,425.2,True,True,True
5.0,0.22,185.0,40.7,52.06147283556288,0.05118755118755118,438.3999999999999,True,True,True
5.0,0.22,190.0,41.8,51.41650484847199,0.04984051036682616,451.6,True,True,True
5.0,0.22,195.0,42.9,50.808170154968,0.04856254856254857,464.79999999999995,True,True,True
5.0,0.22,200.0,44.0,50.23343386294624,0.04734848484848485,478.0,True,True,True
5.0,0.22,205.0,45.1,49.68958730648916,0.046193643754619367,491.2,True,True,True
5.0,0.22,210.0,46.2,49.17420535964841,0.04509379509379509,504.3999999999999,True,True,True
5.0,0.22,215.0,47.3,48.68511028181188,0.044045102184637065,517.6,True,True,True
5.0,0.22,220.0,48.4,48.220340957658266,0.04304407713498623,530.8,True,True,True
5.0,0.22,225.0,49.5,47.778126615412106,0.04208754208754208,544.0,True,True,True
5.0,0.22,230.0,50.6,47.35686428076699,0.04117259552042161,557.1999999999999,True,True,True
5.0,0.22,235.0,51.7,46.955099361329836,0.04029658284977433,570.4,True,True,True
5.0,0.22,240.0,52.8,46.57150886593852,0.03945707070707071,583.6,True,True,True
5.0,0.22,245.0,53.9,46.204886850906334,0.03865182436611008,596.8,True,True,True
5.0,0.22,250.0,55.0,45.85413175586898,0.03787878787878787,610.0,True,True,True
5.0,0.22,255.0,56.1,45.51823534906812,0.037136066547831255,623.1999999999999,True,True,True
5.0,0.22,260.0,57.2,45.196273048394765,0.03642191142191142,636.4,True,True,True
5.0,0.22,265.0,58.3,44.88739542250247,0.035734705546026306,649.6,True,True,True
5.0,0.22,270.0,59.4,44.59082070747856,0.035072951739618406,662.8,True,True,True
5.0,0.22,275.0,60.5,44.30582820026029,0.03443526170798898,676.0,True,True,True
5.0,0.22,280.0,61.6,44.03175241125238,0.03382034632034632,689.2,True,True,True
5.0,0.22,285.0,62.7,43.767977876273235,0.03322700691121744,702.3999999999999,True,True,True
5.0,0.22,290.0,63.8,43.51393454269633,0.032654127481713695,715.6,True,True,True
5.0,0.22,295.0,64.9,43.26909365698774,0.03210066769388803,728.7999999999998,True,True,True
5.0,0.22,300.0,66.0,43.032964091201954,0.03156565656565656,742.0,True,True,True
5.0,0.23,10.0,2.3,nan,0.9057971014492755,-22.400000000000002,False,False,False
5.0,0.23,15.0,3.45,nan,0.6038647342995169,-8.600000000000007,False,False,False
5.0,0.23,20.0,4.6,1890.3059310918804,0.45289855072463775,5.199999999999993,True,False,False
5.0,0.23,25.0,5.75,539.1332731614162,0.3623188405797102,18.999999999999996,True,False,False
5.0,0.23,30.0,6.9,324.9229737334162,0.30193236714975846,32.79999999999998,True,False,False
5.0,0.23,35.0,8.05,237.58401044732165,0.25879917184265017,46.6,True,False,False
5.0,0.23,40.0,9.2,190.15490455685972,0.22644927536231887,60.399999999999984,True,False,False
5.0,0.23,45.0,10.35,160.3678919625805,0.20128824476650564,74.19999999999997,True,True,False
5.0,0.23,50.0,11.5,139.92316968196144,0.1811594202898551,87.99999999999999,True,True,False
5.0,0.23,55.0,12.65,125.02141729274801,0.16469038208168646,101.79999999999998,True,True,False
5.0,0.23,60.0,13.8,113.67752274040562,0.15096618357487923,115.59999999999997,True,True,False
5.0,0.23,65.0,14.95,104.75319147743453,0.13935340022296547,129.39999999999998,True,True,False
5.0,0.23,70.0,16.1,97.54891288805284,0.12939958592132508,143.2,True,True,True
5.0,0.23,75.0,17.25,91.6111189424096,0.12077294685990339,156.99999999999997,True,True,True
5.0,0.23,80.0,18.4,86.63282799969231,0.11322463768115944,170.79999999999998,True,True,True
5.0,0.23,85.0,19.55,82.39885357928813,0.10656436487638535,184.59999999999997,True,True,True
5.0,0.23,90.0,20.7,78.75387963269017,0.10064412238325282,198.39999999999995,True,True,True
5.0,0.23,95.0,21.85,75.58299277810964,0.09534706331045004,212.2,True,True,True
5.0,0.23,100.0,23.0,72.79934697302657,0.09057971014492755,225.99999999999997,True,True,True
5.0,0.23,105.0,24.15,70.33608742407485,0.0862663906142167,239.79999999999998,True,True,True
5.0,0.23,110.0,25.3,68.14091132761155,0.08234519104084323,253.59999999999997,True,True,True
5.0,0.23,115.0,26.45,66.17231286862913,0.07876496534341525,267.3999999999999,True,True,True
5.0,0.23,120.0,27.6,64.3969338885511,0.07548309178743962,281.19999999999993,True,True,True
5.0,0.23,125.0,28.75,62.78765816220239,0.07246376811594205,295.0,True,True,True
5.0,0.23,130.0,29.9,61.322216665281246,0.06967670011148273,308.79999999999995,True,True,True
5.0,0.23,135.0,31.05,59.98215082029754,0.06709608158883522,322.59999999999997,True,True,True
5.0,0.23,140.0,32.2,58.75203092454556,0.06469979296066254,336.4,True,True,True
5.0,0.23,145.0,33.35,57.618859370092125,0.06246876561719142,350.2,True,True,True
5.0,0.23,150.0,34.5,56.57160961482254,0.060386473429951695,363.99999999999994,True,True,True
5.0,0.23,155.0,35.65,55.60086619424179,0.0584385226741468,377.79999999999995,True,True,True
5.0,0.23,160.0,36.8,54.698540849268866,0.05661231884057972,391.59999999999997,True,True,True
5.0,0.23,165.0,37.95,53.85764663286341,0.054896794027228815,405.3999999999999,True,True,True
5.0,0.23,170.0,39.1,53.0721166349045,0.053282182438192674,419.19999999999993,True,True,True
5.0,0.23,175.0,40.25,52.33665737122656,0.05175983436853002,433.0,True,True,True
5.0,0.23,180.0,41.4,51.646629342278985,0.05032206119162641,446.7999999999999,True,True,True
5.0,0.23,185.0,42.55,50.997949063220545,0.04896200548374462,460.6,True,True,True
5.0,0.23,190.0,43.7,50.38700819331476,0.04767353165522502,474.4,True,True,True
5.0,0.23,195.0,44.85,49.81060638119144,0.04645113340765515,488.19999999999993,True,True,True
5.0,0.23,200.0,46.0,49.265895186627105,0.045289855072463775,501.99999999999994,True,True,True
5.0,0.23,205.0,47.15,48.75033100441247,0.04418522446094026,515.8,True,True,True
5.0,0.23,210.0,48.3,48.26163534831021,0.04313319530710835,529.5999999999999,True,True,True
5.0,0.23,215.0,49.45,47.79776118670267,0.042130097741826765,543.3999999999999,True,True,True
5.0,0.23,220.0,50.6,47.35686428076699,0.041172595520421615,557.1999999999999,True,True,True
5.0,0.23,225.0,51.75,46.937278678866036,0.04025764895330113,570.9999999999999,True,True,True
5.0,0.23,230.0,52.9,46.53749568061157,0.03938248267170762,584.7999999999998,True,True,True
5.0,0.23,235.0,54.05,46.15614571067622,0.0385445575084798,598.6,True,True,True
5.0,0.23,240.0,55.2,45.79198264337022,0.03774154589371981,612.3999999999999,True,True,True
5.0,0.23,245.0,56.35,45.44387019991865,0.03697131026323573,626.2,True,True,True
5.0,0.23,250.0,57.5,45.110770105590944,0.03623188405797102,640.0,True,True,True
5.0,0.23,255.0,58.65,44.7917317466616,0.035521454958795114,653.7999999999998,True,True,True
5.0,0.23,260.0,59.8,44.485883110180474,0.03483835005574137,667.5999999999999,True,True,True
5.0,0.23,265.0,60.95,44.19242282469273,0.034181022696199076,681.3999999999999,True,True,True
5.0,0.23,270.0,62.1,43.910613148928036,0.03354804079441761,695.1999999999999,True,True,True
5.0,0.23,275.0,63.25,43.639773779300285,0.03293807641633729,709.0,True,True,True
5.0,0.23,280.0,64.4,43.37927636678617,0.03234989648033127,722.8,True,True,True
5.0,0.23,285.0,65.55,43.1285396501523,0.03178235443681668,736.5999999999999,True,True,True
5.0,0.23,290.0,66.7,42.887025126187794,0.03123438280859571,750.4,True,True,True
5.0,0.23,295.0,67.85,42.65423318906106,0.030704986489805946,764.2,True,True,True
5.0,0.23,300.0,69.0,42.42969968055219,0.030193236714975848,777.9999999999999,True,True,True
5.0,0.24,10.0,2.4,nan,0.8680555555555556,-21.200000000000003,False,False,False
5.0,0.24,15.0,3.6,nan,0.5787037037037038,-6.800000000000005,False,False,False
5.0,0.24,20.0,4.8,1302.8395580786344,0.4340277777777778,7.599999999999995,True,False,False
5.0,0.24,25.0,6.0,469.7054290780328,0.3472222222222222,21.999999999999996,True,False,False
5.0,0.24,30.0,7.2,295.75434719878643,0.2893518518518519,36.399999999999984,True,False,False
5.0,0.24,35.0,8.4,220.42120150304973,0.24801587301587302,50.8,True,False,False
5.0,0.24,40.0,9.6,178.36404654408022,0.2170138888888889,65.19999999999999,True,False,False
5.0,0.24,45.0,10.8,151.52355066574287,0.19290123456790123,79.59999999999998,True,True,False
5.0,0.24,50.0,12.0,132.90652586502372,0.1736111111111111,94.0,True,True,False
5.0,0.24,55.0,13.2,119.23572167556583,0.15782828282828285,108.39999999999999,True,True,False
5.0,0.24,60.0,14.4,108.77109957614364,0.14467592592592596,122.79999999999997,True,True,False
5.0,0.24,65.0,15.6,100.50313284453017,0.13354700854700854,137.2,True,True,False
5.0,0.24,70.0,16.8,93.80586163976676,0.12400793650793651,151.6,True,True,True
5.0,0.24,75.0,18.0,88.27052664402255,0.11574074074074076,166.0,True,True,True
5.0,0.24,80.0,19.2,83.61888149238831,0.10850694444444445,180.39999999999998,True,True,True
5.0,0.24,85.0,20.4,79.65495389910652,0.10212418300653595,194.8,True,True,True
5.0,0.24,90.0,21.6,76.23672953090372,0.09645061728395062,209.19999999999996,True,True,True
5.0,0.24,95.0,22.8,73.25877735323861,0.09137426900584794,223.59999999999997,True,True,True
5.0,0.24,100.0,24.0,70.64118241387924,0.08680555555555555,238.0,True,True,True
5.0,0.24,105.0,25.2,68.32226708725183,0.08267195767195767,252.4,True,True,True
5.0,0.24,110.0,26.4,66.25366945705197,0.07891414141414142,266.79999999999995,True,True,True
5.0,0.24,115.0,27.6,64.39693388855109,0.07548309178743962,281.2,True,True,True
5.0,0.24,120.0,28.8,62.72109813186626,0.07233796296296298,295.59999999999997,True,True,True
5.0,0.24,125.0,30.0,61.20095292289926,0.06944444444444445,309.99999999999994,True,True,True
5.0,0.24,130.0,31.2,59.81576511842747,0.06677350427350427,324.4,True,True,True
5.0,0.24,135.0,32.4,58.54832645435944,0.06430041152263374,338.8,True,True,True
5.0,0.24,140.0,33.6,57.38423499732751,0.062003968253968256,353.2,True,True,True
5.0,0.24,145.0,34.8,56.31134548252225,0.05986590038314176,367.59999999999997,True,True,True
5.0,0.24,150.0,36.0,55.319343973021674,0.05787037037037038,382.0,True,True,True
5.0,0.24,155.0,37.2,54.39941522707717,0.05600358422939069,396.3999999999999,True,True,True
5.0,0.24,160.0,38.4,53.54398002515213,0.054253472222222224,410.79999999999995,True,True,True
5.0,0.24,165.0,39.6,52.74648587171117,0.0526094276094276,425.2,True,True,True
5.0,0.24,170.0,40.8,52.00123883296336,0.05106209150326797,439.6,True,True,True
5.0,0.24,175.0,42.0,51.3032673772903,0.0496031746031746,454.0,True,True,True
5.0,0.24,180.0,43.2,50.64821133135973,0.04822530864197531,468.3999999999999,True,True,True
5.0,0.24,185.0,44.4,50.03223070821873,0.046921921921921926,482.79999999999995,True,True,True
5.0,0.24,190.0,45.6,49.45193037861445,0.04568713450292397,497.19999999999993,True,True,True
5.0,0.24,195.0,46.8,48.90429746396835,0.04451566951566952,511.59999999999997,True,True,True
5.0,0.24,200.0,48.0,48.38664901308994,0.043402777777777776,526.0,True,True,True
5.0,0.24,205.0,49.2,47.89658804441972,0.04234417344173442,540.3999999999999,True,True,True
5.0,0.24,210.0,50.4,47.43196643389242,0.04133597883597884,554.8,True,True,True
5.0,0.24,215.0,51.6,46.99085343612546,0.04037467700258398,569.2,True,True,True
5.0,0.24,220.0,52.8,46.57150886593852,0.03945707070707071,583.6,True,True,True
5.0,0.24,225.0,54.0,46.17236015465021,0.038580246913580245,598.0,True,True,True
5.0,0.24,230.0,55.2,45.79198264337021,0.03774154589371981,612.4,True,True,True
5.0,0.24,235.0,56.4,45.4290825927234,0.03693853427895981,626.8,True,True,True
5.0,0.24,240.0,57.6,45.082482481968384,0.03616898148148149,641.1999999999999,True,True,True
5.0,0.24,245.0,58.8,44.75110824551134,0.03543083900226758,655.5999999999999,True,True,True
5.0,0.24,250.0,60.0,44.43397815533782,0.034722222222222224,669.9999999999999,True,True,True
5.0,0.24,255.0,61.2,44.130193106948326,0.03404139433551198,684.4,True,True,True
5.0,0.24,260.0,62.4,43.83892810634594,0.033386752136752136,698.8,True,True,True
5.0,0.24,265.0,63.6,43.55942478832536,0.03275681341719078,713.1999999999999,True,True,True
5.0,0.24,270.0,64.8,43.29098482318959,0.03215020576131687,727.6,True,True,True
5.0,0.24,275.0,66.0,43.032964091201954,0.03156565656565656,742.0,True,True,True
5.0,0.24,280.0,67.2,42.784767522462914,0.031001984126984128,756.4,True,True,True
5.0,0.24,285.0,68.4,42.54584451519207,0.03045808966861599,770.7999999999998,True,True,True
5.0,0.24,290.0,69.6,42.31568485816244,0.02993295019157088,785.1999999999999,True,True,True
5.0,0.24,295.0,70.8,42.09381509373219,0.029425612052730695,799.5999999999999,True,True,True
5.0,0.24,300.0,72.0,41.87979526691321,0.02893518518518519,814.0,True,True,True
5.0,0.25,10.0,2.5,nan,0.8333333333333333,-20.0,False,False,False
5.0,0.25,15.0,3.75,nan,0.5555555555555556,-5.000000000000004,False,False,False
5.0,0.25,20.0,5.0,997.357044111747,0.41666666666666663,9.999999999999998,True,False,False
5.0,0.25,25.0,6.25,416.94026757466133,0.3333333333333333,25.0,True,False,False
5.0,0.25,30.0,7.5,271.83607344039,0.2777777777777778,39.99999999999999,True,False,False
5.0,0.25,35.0,8.75,205.87962156117564,0.23809523809523808,55.00000000000001,True,False,False
5.0,0.25,40.0,10.0,168.190220487339,0.20833333333333331,70.0,True,False,False
5.0,0.25,45.0,11.25,143.80296096897408,0.18518518518518517,84.99999999999999,True,True,False
5.0,0.25,50.0,12.5,126.73187930611859,0.16666666666666666,100.0,True,True,False
5.0,0.25,55.0,13.75,114.11412329444285,0.1515151515151515,114.99999999999999,True,True,False
5.0,0.25,60.0,15.0,104.40815713161531,0.1388888888888889,129.99999999999997,True,True,False
5.0,0.25,65.0,16.25,96.71032189902796,0.1282051282051282,145.0,True,True,True
5.0,0.25,70.0,17.5,90.45583077255073,0.11904761904761904,160.0,True,True,True
5.0,0.25,75.0,18.75,85.2735381248982,0.1111111111111111,175.0,True,True,True
5.0,0.25,80.0,20.0,80.90950221108552,0.10416666666666666,190.0,True,True,True
5.0,0.25,85.0,21.25,77.18410569929421,0.0980392156862745,204.99999999999997,True,True,True
5.0,0.25,90.0,22.5,73.96671780274718,0.09259259259259259,219.99999999999997,True,True,True
5.0,0.25,95.0,23.75,71.1600602759721,0.08771929824561403,235.0,True,True,True
5.0,0.25,100.0,25.0,68.69020165241004,0.08333333333333333,250.0,True,True,True
5.0,0.25,105.0,26.25,66.49994966547764,0.07936507936507936,265.0,True,True,True
5.0,0.25,110.0,27.5,64.544367534288,0.07575757575757575,280.0,True,True,True
5.0,0.25,115.0,28.75,62.78765816220239,0.07246376811594203,295.0,True,True,True
5.0,0.25,120.0,30.0,61.20095292289926,0.06944444444444445,309.99999999999994,True,True,True
5.0,0.25,125.0,31.25,59.76071278260872,0.06666666666666667,325.0,True,True,True
5.0,0.25,130.0,32.5,58.44755265469677,0.0641025641025641,340.0,True,True,True
5.0,0.25,135.0,33.75,57.24536380519991,0.0617283950617284,355.0,True,True,True
5.0,0.25,140.0,35.0,56.14064972728387,0.05952380952380952,370.0,True,True,True
5.0,0.25,145.0,36.25,55.12201726582882,0.057471264367816084,384.99999999999994,True,True,True
5.0,0.25,150.0,37.5,54.1797822389829,0.05555555555555555,400.0,True,True,True
5.0,0.25,155.0,38.75,53.30566058757163,0.05376344086021505,414.99999999999994,True,True,True
5.0,0.25,160.0,40.0,52.49252416765417,0.05208333333333333,430.0,True,True,True
5.0,0.25,165.0,41.25,51.734205933349116,0.050505050505050504,445.0,True,True,True
5.0,0.25,170.0,42.5,51.02534323606397,0.04901960784313725,459.99999999999994,True,True,True
5.0,0.25,175.0,43.75,50.36125081439681,0.047619047619047616,475.0,True,True,True
5.0,0.25,180.0,45.0,49.73781711242357,0.046296296296296294,489.99999999999994,True,True,True
5.0,0.25,185.0,46.25,49.15141907591409,0.045045045045045036,505.0,True,True,True
5.0,0.25,190.0,47.5,48.59885169535708,0.043859649122807015,520.0,True,True,True
5.0,0.25,195.0,48.75,48.07726940156029,0.04273504273504273,534.9999999999999,True,True,True
5.0,0.25,200.0,50.0,47.584137051061475,0.041666666666666664,550.0,True,True,True
5.0,0.25,205.0,51.25,47.117188719173235,0.04065040650406504,565.0,True,True,True
5.0,0.25,210.0,52.5,46.67439288721025,0.03968253968253968,580.0,True,True,True
5.0,0.25,215.0,53.75,46.25392289551429,0.03875968992248062,595.0,True,True,True
5.0,0.25,220.0,55.0,45.85413175586898,0.03787878787878787,610.0,True,True,True
5.0,0.25,225.0,56.25,45.47353059092662,0.037037037037037035,625.0,True,True,True
5.0,0.25,230.0,57.5,45.110770105590944,0.036231884057971016,640.0,True,True,True
5.0,0.25,235.0,58.75,44.764624604316445,0.035460992907801414,655.0,True,True,True
5.0,0.25,240.0,60.0,44.43397815533782,0.034722222222222224,669.9999999999999,True,True,True
5.0,0.25,245.0,61.25,44.11781257273781,0.03401360544217687,685.0,True,True,True
5.0,0.25,250.0,62.5,43.815196943677805,0.03333333333333333,700.0,True,True,True
5.0,0.25,255.0,63.75,43.525278473879055,0.032679738562091505,715.0,True,True,True
5.0,0.25,260.0,65.0,43.24727446174328,0.03205128205128205,730.0,True,True,True
5.0,0.25,265.0,66.25,42.9804652420425,0.031446540880503145,744.9999999999999,True,True,True
5.0,0.25,270.0,67.5,42.72418796522464,0.0308641975308642,760.0,True,True,True
5.0,0.25,275.0,68.75,42.47783109912231,0.030303030303030304,775.0,True,True,True
5.0,0.25,280.0,70.0,42.24082955704918,0.02976190476190476,790.0,True,True,True
5.0,0.25,285.0,71.25,42.012660370581266,0.029239766081871343,804.9999999999999,True,True,True
5.0,0.25,290.0,72.5,41.79283883727681,0.028735632183908042,819.9999999999999,True,True,True
5.0,0.25,295.0,73.75,41.580915083612034,0.02824858757062147,835.0,True,True,True
5.0,0.25,300.0,75.0,41.37647099184131,0.027777777777777776,850.0,True,True,True
5.0,0.26,10.0,2.6,nan,0.8012820512820511,-18.8,False,False,False
5.0,0.26,15.0,3.9,nan,0.5341880341880341,-3.200000000000003,False,False,False
5.0,0.26,20.0,5.2,810.1258258739773,0.40064102564102555,12.4,True,False,False
5.0,0.26,25.0,6.5,375.4819263934409,0.3205128205128205,28.000000000000004,True,False,False
5.0,0.26,30.0,7.8,251.86760635769213,0.26709401709401703,43.599999999999994,True,False,False
5.0,0.26,35.0,9.1,193.4013739083514,0.22893772893772893,59.20000000000001,True,False,False
5.0,0.26,40.0,10.4,159.32212611702445,0.20032051282051277,74.8,True,True,False
5.0,0.26,45.0,11.7,137.00474260765992,0.17806267806267806,90.39999999999999,True,True,False
5.0,0.26,50.0,13.0,121.25624933878758,0.16025641025641024,106.0,True,True,False
5.0,0.26,55.0,14.3,109.5484878954812,0.14568764568764567,121.6,True,True,False
5.0,0.26,60.0,15.6,100.50313284453017,0.13354700854700852,137.2,True,True,False
5.0,0.26,65.0,16.9,93.30473510764769,0.1232741617357002,152.8,True,True,True
5.0,0.26,70.0,18.2,87.44000726025888,0.11446886446886446,168.40000000000003,True,True,True
5.0,0.26,75.0,19.5,82.56973326525339,0.10683760683760685,184.0,True,True,True
5.0,0.26,80.0,20.8,78.46074458409645,0.10016025641025639,199.6,True,True,True
5.0,0.26,85.0,22.1,74.94748288645297,0.0942684766214178,215.19999999999996,True,True,True
5.0,0.26,90.0,23.4,71.90915084637655,0.08903133903133903,230.79999999999998,True,True,True
5.0,0.26,95.0,24.7,69.25554266851759,0.08434547908232119,246.40000000000003,True,True,True
5.0,0.26,100.0,26.0,66.91793668588458,0.08012820512820512,262.0,True,True,True
5.0,0.26,105.0,27.3,64.84305875317287,0.07631257631257632,277.6,True,True,True
5.0,0.26,110.0,28.6,62.98897274235953,0.07284382284382283,293.2,True,True,True
5.0,0.26,115.0,29.9,61.322216665281246,0.0696767001114827,308.79999999999995,True,True,True
5.0,0.26,120.0,31.2,59.81576511842747,0.06677350427350426,324.4,True,True,True
5.0,0.26,125.0,32.5,58.447552654696764,0.0641025641025641,340.00000000000006,True,True,True
5.0,0.26,130.0,33.8,57.19938582895368,0.0616370808678501,355.6,True,True,True
5.0,0.26,135.0,35.1,56.05612957692606,0.05935422602089269,371.2,True,True,True
5.0,0.26,140.0,36.4,55.00509047862975,0.05723443223443223,386.80000000000007,True,True,True
5.0,0.26,145.0,37.7,54.035543477418024,0.05526083112290009,402.4,True,True,True
5.0,0.26,150.0,39.0,53.138364577732155,0.05341880341880342,418.0,True,True,True
5.0,0.26,155.0,40.3,52.305742831344716,0.05169561621174523,433.59999999999997,True,True,True
5.0,0.26,160.0,41.6,51.530952337155156,0.050080128205128194,449.2,True,True,True
5.0,0.26,165.0,42.9,50.808170154967996,0.04856254856254857,464.80000000000007,True,True,True
5.0,0.26,170.0,44.2,50.13232969651989,0.0471342383107089,480.3999999999999,True,True,True
5.0,0.26,175.0,45.5,49.499001783038665,0.04578754578754578,496.0,True,True,True
5.0,0.26,180.0,46.8,48.90429746396835,0.044515669515669515,511.59999999999997,True,True,True
5.0,0.26,185.0,48.1,48.344788089425705,0.04331254331254331,527.2,True,True,True
5.0,0.26,190.0,49.4,47.81743916529893,0.042172739541160596,542.8000000000001,True,True,True
5.0,0.26,195.0,50.7,47.31955529567208,0.041091387245233396,558.4,True,True,True
5.0,0.26,200.0,52.0,46.8487341032793,0.04006410256410256,574.0,True,True,True
5.0,0.26,205.0,53.3,46.40282746516511,0.039086929330831764,589.6,True,True,True
5.0,0.26,210.0,54.6,45.97990874362256,0.03815628815628816,605.2,True,True,True
5.0,0.26,215.0,55.9,45.57824495782765,0.037268932617769826,620.8,True,True,True
5.0,0.26,220.0,57.2,45.196273048394765,0.03642191142191142,636.4,True,True,True
5.0,0.26,225.0,58.5,44.83257954935193,0.03561253561253561,652.0,True,True,True
5.0,0.26,230.0,59.8,44.485883110180474,0.03483835005574135,667.5999999999999,True,True,True
5.0,0.26,235.0,61.1,44.15501941237633,0.03409710856519367,683.2,True,True,True
5.0,0.26,240.0,62.4,43.83892810634594,0.03338675213675213,698.8,True,True,True
5.0,0.26,245.0,63.7,43.53664145981742,0.03270538984824699,714.4,True,True,True
5.0,0.26,250.0,65.0,43.247274461743274,0.03205128205128205,730.0000000000001,True,True,True
5.0,0.26,255.0,66.3,42.970016168524175,0.0314228255404726,745.6,True,True,True
5.0,0.26,260.0,67.6,42.70412211433349,0.03081854043392505,761.2,True,True,True
5.0,0.26,265.0,68.9,42.44890763595478,0.03023705853894533,776.7999999999998,True,True,True
5.0,0.26,270.0,70.2,42.203741986103864,0.029677113010446347,792.4,True,True,True
5.0,0.26,275.0,71.5,41.96804312867293,0.029137529137529136,808.0,True,True,True
5.0,0.26,280.0,72.8,41.74127312548175,0.028617216117216116,823.6000000000001,True,True,True
5.0,0.26,285.0,74.1,41.52293403756648,0.028115159694107057,839.2,True,True,True
5.0,0.26,290.0,75.4,41.3125642752747,0.027630415561450045,854.8,True,True,True
5.0,0.26,295.0,76.7,41.10973534085919,0.027162103433289873,870.4000000000001,True,True,True
5.0,0.26,300.0,78.0,40.91404891519512,0.02670940170940171,886.0,True,True,True
5.0,0.27,10.0,2.7,nan,0.7716049382716048,-17.6,False,False,False
5.0,0.27,15.0,4.05,nan,0.51440329218107,-1.4000000000000012,False,False,False
5.0,0.27,20.0,5.4,683.6182459835924,0.3858024691358024,14.800000000000002,True,False,False
5.0,0.27,25.0,6.75,342.0477802795535,0.30864197530864196,31.000000000000004,True,False,False
5.0,0.27,30.0,8.1,234.94517662659214,0.257201646090535,47.2,True,False,False
5.0,0.27,35.0,9.45,182.57639566063307,0.2204585537918871,63.40000000000001,True,False,False
5.0,0.27,40.0,10.8,151.52355066574282,0.1929012345679012,79.6,True,True,False
5.0,0.27,45.0,12.15,130.97292047079458,0.17146776406035663,95.8,True,True,False
5.0,0.27,50.0,13.5,116.36729401081348,0.15432098765432098,112.00000000000001,True,True,False
5.0,0.27,55.0,14.85,105.45294912106164,0.14029180695847362,128.2,True,True,False
5.0,0.27,60.0,16.2,96.98752926197432,0.1286008230452675,144.4,True,True,True
5.0,0.27,65.0,17.55,90.22995251269043,0.11870845204178539,160.6,True,True,True
5.0,0.27,70.0,18.9,84.71075521293591,0.11022927689594356,176.80000000000004,True,True,True
5.0,0.27,75.0,20.25,80.11809673448735,0.10288065843621398,193.00000000000003,True,True,True
5.0,0.27,80.0,21.6,76.2367295309037,0.0964506172839506,209.2,True,True,True
5.0,0.27,85.0,22.95,72.9132873379505,0.09077705156136527,225.4,True,True,True
5.0,0.27,90.0,24.3,70.03553855166818,0.08573388203017832,241.6,True,True,True
5.0,0.27,95.0,25.65,67.51946183937945,0.08122157244964262,257.8,True,True,True
5.0,0.27,100.0,27.0,65.30090660693801,0.07716049382716049,274.0,True,True,True
5.0,0.27,105.0,28.35,63.33004672091662,0.0734861845972957,290.2,True,True,True
5.0,0.27,110.0,29.7,61.567593689683406,0.07014590347923681,306.4,True,True,True
5.0,0.27,115.0,31.05,59.98215082029753,0.06709608158883522,322.6,True,True,True
5.0,0.27,120.0,32.4,58.54832645435944,0.06430041152263374,338.8,True,True,True
5.0,0.27,125.0,33.75,57.245363805199894,0.0617283950617284,355.00000000000006,True,True,True
5.0,0.27,130.0,35.1,56.05612957692606,0.05935422602089269,371.2,True,True,True
5.0,0.27,135.0,36.45,54.96635634244695,0.05715592135345221,387.3999999999999,True,True,True
5.0,0.27,140.0,37.8,53.96406738149884,0.05511463844797178,403.6000000000001,True,True,True
5.0,0.27,145.0,39.15,53.03913469100031,0.053214133673903784,419.79999999999995,True,True,True
5.0,0.27,150.0,40.5,52.1829355307131,0.05144032921810699,436.00000000000006,True,True,True
5.0,0.27,155.0,41.85,51.38808279411744,0.04978096375945838,452.19999999999993,True,True,True
5.0,0.27,160.0,43.2,50.64821133135973,0.0482253086419753,468.4,True,True,True
5.0,0.27,165.0,44.55,49.957807131072805,0.046763935652824544,484.60000000000014,True,True,True
5.0,0.27,170.0,45.9,49.31206965620383,0.045388525780682636,500.8,True,True,True
5.0,0.27,175.0,47.25,48.70680006177152,0.04409171075837742,517.0,True,True,True
5.0,0.27,180.0,48.6,48.13830979003161,0.04286694101508916,533.2,True,True,True
5.0,0.27,185.0,49.95,47.603345337011014,0.04170837504170838,549.4,True,True,True
5.0,0.27,190.0,51.3,47.09902594813091,0.04061078622482131,565.6,True,True,True
5.0,0.27,195.0,52.65,46.62279172288042,0.03956948401392845,581.8,True,True,True
5.0,0.27,200.0,54.0,46.17236015465021,0.038580246913580245,598.0,True,True,True
5.0,0.27,205.0,55.35,45.74568954833899,0.037639265281541705,614.2,True,True,True
5.0,0.27,210.0,56.7,45.340948078519666,0.03674309229864785,630.4,True,True,True
5.0,0.27,215.0,58.05,44.95648749892946,0.03588860178007465,646.6000000000001,True,True,True
5.0,0.27,220.0,59.4,44.59082070747856,0.035072951739618406,662.8,True,True,True
5.0,0.27,225.0,60.75,44.24260252286564,0.034293552812071325,679.0000000000001,True,True,True
5.0,0.27,230.0,62.1,43.91061314892802,0.03354804079441761,695.2,True,True,True
5.0,0.27,235.0,63.45,43.59374389829034,0.032834252692408715,711.4,True,True,True
5.0,0.27,240.0,64.8,43.29098482318959,0.03215020576131687,727.6,True,True,True
5.0,0.27,245.0,66.15,43.00141396270736,0.031494079113126724,743.8,True,True,True
5.0,0.27,250.0,67.5,42.72418796522463,0.0308641975308642,760.0000000000001,True,True,True
5.0,0.27,255.0,68.85,42.45853388518386,0.03025901718712176,776.2,True,True,True
5.0,0.27,260.0,70.2,42.203741986103864,0.029677113010446347,792.4,True,True,True
5.0,0.27,265.0,71.55,41.9591594087283,0.02911716748194735,808.6,True,True,True
5.0,0.27,270.0,72.9,41.72418458536213,0.028577960676726105,824.7999999999998,True,True,True
5.0,0.27,275.0,74.25,41.498262299780826,0.028058361391694726,841.0,True,True,True
5.0,0.27,280.0,75.6,41.28087930730829,0.02755731922398589,857.2000000000002,True,True,True
5.0,0.27,285.0,76.95,41.071560442333016,0.027073857483214208,873.4,True,True,True
5.0,0.27,290.0,78.3,40.86986515112708,0.026607066836951892,889.5999999999999,True,True,True
5.0,0.27,295.0,79.65,40.67538439672294,0.026156099602427287,905.8,True,True,True
5.0,0.27,300.0,81.0,40.48773789008745,0.025720164609053495,922.0000000000001,True,True,True
5.0,0.28,10.0,2.8,nan,0.7440476190476188,-16.4,False,False,False
5.0,0.28,15.0,4.2,24214.02810559515,0.49603174603174605,0.40000000000000036,True,False,False
5.0,0.28,20.0,5.6,592.4151069928499,0.3720238095238094,17.200000000000003,True,False,False
5.0,0.28,25.0,7.0,314.51377759752853,0.2976190476190476,34.00000000000001,True,False,False
5.0,0.28,30.0,8.4,220.42120150304973,0.24801587301587302,50.8,True,False,False
5.0,0.28,35.0,9.8,173.09653305316388,0.21258503401360546,67.60000000000001,True,False,False
5.0,0.28,40.0,11.2,144.61201697195295,0.1860119047619047,84.40000000000002,True,True,False
5.0,0.28,45.0,12.6,125.58481057778444,0.16534391534391532,101.2,True,True,False
5.0,0.28,50.0,14.0,111.97552058059945,0.1488095238095238,118.00000000000001,True,True,False
5.0,0.28,55.0,15.4,101.75845717024991,0.13528138528138528,134.8,True,True,False
5.0,0.28,60.0,16.8,93.80586163976676,0.12400793650793651,151.6,True,True,True
5.0,0.28,65.0,18.2,87.44000726025888,0.11446886446886444,168.40000000000003,True,True,True
5.0,0.28,70.0,19.6,82.22908110511095,0.10629251700680273,185.20000000000002,True,True,True
5.0,0.28,75.0,21.0,77.8849228648787,0.09920634920634919,202.00000000000006,True,True,True
5.0,0.28,80.0,22.4,74.20787484800938,0.09300595238095236,218.80000000000004,True,True,True
5.0,0.28,85.0,23.8,71.05522756699239,0.08753501400560225,235.6,True,True,True
5.0,0.28,90.0,25.2,68.32226708725183,0.08267195767195766,252.4,True,True,True
5.0,0.28,95.0,26.6,65.93041905966312,0.07832080200501253,269.20000000000005,True,True,True
5.0,0.28,100.0,28.0,63.81957135979113,0.0744047619047619,286.00000000000006,True,True,True
5.0,0.28,105.0,29.4,61.94295246677417,0.07086167800453513,302.8,True,True,True
5.0,0.28,110.0,30.8,60.26362517202182,0.06764069264069264,319.6,True,True,True
5.0,0.28,115.0,32.2,58.75203092454556,0.06469979296066251,336.4,True,True,True
5.0,0.28,120.0,33.6,57.38423499732751,0.062003968253968256,353.2,True,True,True
5.0,0.28,125.0,35.0,56.14064972728387,0.05952380952380952,370.0,True,True,True
5.0,0.28,130.0,36.4,55.00509047862975,0.05723443223443222,386.80000000000007,True,True,True
5.0,0.28,135.0,37.8,53.96406738149884,0.05511463844797178,403.6000000000001,True,True,True
5.0,0.28,140.0,39.2,53.00624689156015,0.053146258503401364,420.40000000000003,True,True,True
5.0,0.28,145.0,40.6,52.122037491424614,0.051313628899835796,437.2,True,True,True
5.0,0.28,150.0,42.0,51.30326737729029,0.049603174603174593,454.0000000000001,True,True,True
5.0,0.28,155.0,43.4,50.542931154054266,0.048003072196620575,470.8,True,True,True
5.0,0.28,160.0,44.8,49.83498889533983,0.04650297619047618,487.6000000000001,True,True,True
5.0,0.28,165.0,46.2,49.174205359648404,0.04509379509379509,504.40000000000003,True,True,True
5.0,0.28,170.0,47.6,48.55602030208289,0.043767507002801125,521.2,True,True,True
5.0,0.28,175.0,49.0,47.976443084543796,0.04251700680272108,538.0000000000001,True,True,True
5.0,0.28,180.0,50.4,47.43196643389242,0.04133597883597883,554.8,True,True,True
5.0,0.28,185.0,51.8,46.91949540861174,0.04021879021879021,571.6,True,True,True
5.0,0.28,190.0,53.2,46.43628853433279,0.039160401002506263,588.4000000000001,True,True,True
5.0,0.28,195.0,54.6,45.97990874362256,0.038156288156288146,605.2,True,True,True
5.0,0.28,200.0,56.0,45.548182266365465,0.03720238095238095,622.0000000000001,True,True,True
5.0,0.28,205.0,57.4,45.13916400707308,0.03629500580720092,638.8,True,True,True
5.0,0.28,210.0,58.8,44.75110824551133,0.03543083900226757,655.6,True,True,True
5.0,0.28,215.0,60.2,44.382443729619546,0.03460686600221484,672.4000000000001,True,True,True
5.0,0.28,220.0,61.6,44.03175241125238,0.03382034632034632,689.2,True,True,True
5.0,0.28,225.0,63.0,43.69775121795197,0.03306878306878306,706.0,True,True,True
5.0,0.28,230.0,64.4,43.37927636678617,0.03234989648033126,722.8,True,True,True
5.0,0.28,235.0,65.8,43.075269816051915,0.031661600810536976,739.6000000000001,True,True,True
5.0,0.28,240.0,67.2,42.784767522462914,0.031001984126984128,756.4,True,True,True
5.0,0.28,245.0,68.6,42.50688922921611,0.0303692905733722,773.2000000000002,True,True,True
5.0,0.28,250.0,70.0,42.24082955704918,0.02976190476190476,790.0,True,True,True
5.0,0.28,255.0,71.4,41.985850208363665,0.02917833800186741,806.8,True,True,True
5.0,0.28,260.0,72.8,41.74127312548175,0.02861721611721611,823.6000000000001,True,True,True
5.0,0.28,265.0,74.2,41.506474469521315,0.028077268643306372,840.4,True,True,True
5.0,0.28,270.0,75.6,41.28087930730829,0.02755731922398589,857.2000000000002,True,True,True
5.0,0.28,275.0,77.0,41.06395691105677,0.02705627705627705,874.0,True,True,True
5.0,0.28,280.0,78.4,40.85521658992206,0.026573129251700682,890.8000000000001,True,True,True
5.0,0.28,285.0,79.8,40.654203984510275,0.026106934001670842,907.6,True,True,True
5.0,0.28,290.0,81.2,40.46049776544837,0.025656814449917898,924.4,True,True,True
5.0,0.28,295.0,82.6,40.27370668552851,0.025221953188054883,941.2000000000002,True,True,True
5.0,0.28,300.0,84.0,40.09346694202336,0.024801587301587297,958.0000000000002,True,True,True
5.0,0.29,10.0,2.9,nan,0.718390804597701,-15.199999999999996,False,False,False
5.0,0.29,15.0,4.35,4427.092541830884,0.478927203065134,2.200000000000002,True,False,False
5.0,0.29,20.0,5.8,523.5474306120849,0.3591954022988505,19.60000000000001,True,False,False
5.0,0.29,25.0,7.25,291.44474832339955,0.28735632183908044,37.00000000000001,True,False,False
5.0,0.29,30.0,8.7,207.81951720468194,0.239463601532567,54.400000000000006,True,False,False
5.0,0.29,35.0,10.15,164.72573515186093,0.20525451559934316,71.80000000000001,True,True,False
5.0,0.29,40.0,11.6,138.44432546942298,0.17959770114942525,89.20000000000002,True,True,False
5.0,0.29,45.0,13.05,120.74258799100795,0.15964240102171137,106.6,True,True,False
5.0,0.29,50.0,14.5,108.00875748234162,0.14367816091954022,124.00000000000001,True,True,False
5.0,0.29,55.0,15.95,98.4088541427106,0.13061650992685472,141.4,True,True,True
5.0,0.29,60.0,17.4,90.91270795811204,0.1197318007662835,158.8,True,True,True
5.0,0.29,65.0,18.85,84.89707191666919,0.11052166224580018,176.2,True,True,True
5.0,0.29,70.0,20.3,79.96275888267573,0.10262725779967158,193.60000000000002,True,True,True
5.0,0.29,75.0,21.75,75.8422567187438,0.0957854406130268,211.00000000000003,True,True,True
5.0,0.29,80.0,23.2,72.34957187225855,0.08979885057471262,228.40000000000003,True,True,True
5.0,0.29,85.0,24.65,69.35137617409589,0.08451656524678837,245.80000000000004,True,True,True
5.0,0.29,90.0,26.1,66.7495984481827,0.07982120051085569,263.2,True,True,True
5.0,0.29,95.0,27.55,64.47049308457092,0.07562008469449484,280.6000000000001,True,True,True
5.0,0.29,100.0,29.0,62.45753828019972,0.07183908045977011,298.00000000000006,True,True,True
5.0,0.29,105.0,30.45,60.66668502050866,0.06841817186644773,315.40000000000003,True,True,True
5.0,0.29,110.0,31.9,59.0630964646555,0.06530825496342736,332.8,True,True,True
5.0,0.29,115.0,33.35,57.618859370092125,0.06246876561719139,350.2,True,True,True
5.0,0.29,120.0,34.8,56.311345482522256,0.05986590038314175,367.6,True,True,True
5.0,0.29,125.0,36.25,55.12201726582882,0.057471264367816084,385.00000000000006,True,True,True
5.0,0.29,130.0,37.7,54.035543477418024,0.05526083112290009,402.4,True,True,True
5.0,0.29,135.0,39.15,53.03913469100031,0.053214133673903784,419.80000000000007,True,True,True
5.0,0.29,140.0,40.6,52.122037491424614,0.05131362889983579,437.20000000000005,True,True,True
5.0,0.29,145.0,42.05,51.275144828904,0.04954419342053111,454.6,True,True,True
5.0,0.29,150.0,43.5,50.490692557603126,0.0478927203065134,472.00000000000006,True,True,True
5.0,0.29,155.0,44.95,49.76202070935347,0.04634779384501297,489.4,True,True,True
5.0,0.29,160.0,46.4,49.08338394460637,0.04489942528735631,506.80000000000007,True,True,True
5.0,0.29,165.0,47.85,48.44979975409275,0.04353883664228491,524.2,True,True,True
5.0,0.29,170.0,49.3,47.85692592146295,0.042258282623394185,541.6,True,True,True
5.0,0.29,175.0,50.75,47.300960871258056,0.041050903119868636,559.0000000000001,True,True,True
5.0,0.29,180.0,52.2,46.77856206627718,0.03991060025542784,576.4,True,True,True
5.0,0.29,185.0,53.65,46.286778752056385,0.03883193538365951,593.8000000000001,True,True,True
5.0,0.29,190.0,55.1,45.82299618936517,0.03781004234724742,611.2000000000002,True,True,True
5.0,0.29,195.0,56.55,45.38488914875742,0.03684055408193339,628.6,True,True,True
5.0,0.29,200.0,58.0,44.970382920863514,0.035919540229885055,646.0000000000001,True,True,True
5.0,0.29,205.0,59.45,44.577620462536544,0.03504345388281469,663.4,True,True,True
5.0,0.29,210.0,60.9,44.204934581104084,0.034209085933223866,680.8000000000001,True,True,True
5.0,0.29,215.0,62.35,43.85082427783525,0.033413525795241907,698.2000000000002,True,True,True
5.0,0.29,220.0,63.8,43.51393454269633,0.03265412748171368,715.6,True,True,True
5.0,0.29,225.0,65.25,43.193039026906426,0.03192848020434227,733.0000000000001,True,True,True
5.0,0.29,230.0,66.7,42.887025126187794,0.031234382808595695,750.4,True,True,True
5.0,0.29,235.0,68.15,42.594881092289974,0.0305698214722426,767.8000000000001,True,True,True
5.0,0.29,240.0,69.6,42.31568485816244,0.029932950191570874,785.2,True,True,True
5.0,0.29,245.0,71.05,42.04859431671826,0.02932207365704902,802.6,True,True,True
5.0,0.29,250.0,72.5,41.79283883727681,0.028735632183908042,820.0000000000001,True,True,True
5.0,0.29,255.0,73.95,41.54771183966551,0.02817218841559612,837.4,True,True,True
5.0,0.29,260.0,75.4,41.3125642752747,0.027630415561450045,854.8,True,True,True
5.0,0.29,265.0,76.85,41.08679888841289,0.027109086965950983,872.2,True,True,True
5.0,0.29,270.0,78.3,40.86986515112708,0.026607066836951892,889.6000000000001,True,True,True
5.0,0.29,275.0,79.75,40.66125478104914,0.026123301985370946,907.0,True,True,True
5.0,0.29,280.0,81.2,40.46049776544837,0.025656814449917895,924.4000000000001,True,True,True
5.0,0.29,285.0,82.65,40.267158826023994,0.02520669489816495,941.7999999999998,True,True,True
5.0,0.29,290.0,84.1,40.08083426847196,0.024772096710265555,959.2,True,True,True
5.0,0.29,295.0,85.55,39.90114916883804,0.024352230664328848,976.6,True,True,True
5.0,0.29,300.0,87.0,39.727754855388476,0.0239463601532567,994.0000000000001,True,True,True
5.0,0.3,10.0,3.0,nan,0.6944444444444443,-13.999999999999996,False,False,False
5.0,0.3,15.0,4.5,2448.3989854544584,0.46296296296296285,4.0000000000000036,True,False,False
5.0,0.3,20.0,6.0,469.7054290780325,0.34722222222222215,22.000000000000007,True,False,False
5.0,0.3,25.0,7.5,271.83607344038984,0.2777777777777778,40.000000000000014,True,False,False
5.0,0.3,30.0,9.0,196.7821799226634,0.23148148148148143,58.00000000000001,True,False,False
5.0,0.3,35.0,10.5,157.28013070280724,0.19841269841269837,76.00000000000003,True,True,False
5.0,0.3,40.0,12.0,132.90652586502375,0.17361111111111108,94.00000000000001,True,True,False
5.0,0.3,45.0,13.5,116.36729401081348,0.15432098765432095,112.00000000000001,True,True,False
5.0,0.3,50.0,15.0,104.4081571316153,0.1388888888888889,130.00000000000003,True,True,False
5.0,0.3,55.0,16.5,95.35799949330314,0.12626262626262624,148.00000000000003,True,True,True
5.0,0.3,60.0,18.0,88.27052664402255,0.11574074074074071,166.0,True,True,True
5.0,0.3,65.0,19.5,82.56973326525339,0.10683760683760682,184.00000000000003,True,True,True
5.0,0.3,70.0,21.0,77.8849228648787,0.09920634920634919,202.00000000000006,True,True,True
5.0,0.3,75.0,22.5,73.96671780274718,0.09259259259259257,220.00000000000003,True,True,True
5.0,0.3,80.0,24.0,70.64118241387924,0.08680555555555554,238.00000000000003,True,True,True
5.0,0.3,85.0,25.5,67.78330043907084,0.08169934640522875,256.0,True,True,True
5.0,0.3,90.0,27.0,65.30090660693801,0.07716049382716048,274.0,True,True,True
5.0,0.3,95.0,28.5,63.12456132945168,0.07309941520467836,292.00000000000006,True,True,True
5.0,0.3,100.0,30.0,61.20095292289925,0.06944444444444445,310.00000000000006,True,True,True
5.0,0.3,105.0,31.5,59.48847226828551,0.06613756613756612,328.0,True,True,True
5.0,0.3,110.0,33.0,57.954168791608446,0.06313131313131312,346.00000000000006,True,True,True
5.0,0.3,115.0,34.5,56.571609614822535,0.06038647342995168,364.00000000000006,True,True,True
5.0,0.3,120.0,36.0,55.319343973021674,0.05787037037037036,382.0,True,True,True
5.0,0.3,125.0,37.5,54.1797822389829,0.055555555555555546,400.00000000000006,True,True,True
5.0,0.3,130.0,39.0,53.13836457773214,0.05341880341880341,418.00000000000006,True,True,True
5.0,0.3,135.0,40.5,52.1829355307131,0.051440329218106984,436.00000000000006,True,True,True
5.0,0.3,140.0,42.0,51.30326737729029,0.049603174603174593,454.0000000000001,True,True,True
5.0,0.3,145.0,43.5,50.490692557603126,0.0478927203065134,472.00000000000006,True,True,True
5.0,0.3,150.0,45.0,49.73781711242358,0.04629629629629629,490.00000000000006,True,True,True
5.0,0.3,155.0,46.5,49.03829504524888,0.04480286738351254,508.0,True,True,True
5.0,0.3,160.0,48.0,48.38664901308995,0.04340277777777777,526.0000000000001,True,True,True
5.0,0.3,165.0,49.5,47.7781266154121,0.042087542087542076,544.0000000000001,True,True,True
5.0,0.3,170.0,51.0,47.2085843001478,0.04084967320261437,562.0,True,True,True
5.0,0.3,175.0,52.5,46.67439288721024,0.03968253968253968,580.0000000000001,True,True,True
5.0,0.3,180.0,54.0,46.17236015465021,0.03858024691358024,598.0,True,True,True
5.0,0.3,185.0,55.5,45.69966699736963,0.03753753753753753,616.0000000000001,True,True,True
5.0,0.3,190.0,57.0,45.25381446100722,0.03654970760233918,634.0000000000001,True,True,True
5.0,0.3,195.0,58.5,44.83257954935193,0.03561253561253561,652.0,True,True,True
5.0,0.3,200.0,60.0,44.43397815533781,0.034722222222222224,670.0000000000001,True,True,True
5.0,0.3,205.0,61.5,44.05623381101048,0.033875338753387524,688.0000000000001,True,True,True
5.0,0.3,210.0,63.0,43.69775121795197,0.03306878306878306,706.0,True,True,True
5.0,0.3,215.0,64.5,43.357093726205754,0.032299741602067174,724.0000000000001,True,True,True
5.0,0.3,220.0,66.0,43.03296409120195,0.03156565656565656,742.0000000000001,True,True,True
5.0,0.3,225.0,67.5,42.72418796522463,0.030864197530864192,760.0000000000001,True,True,True
5.0,0.3,230.0,69.0,42.42969968055218,0.03019323671497584,778.0000000000001,True,True,True
5.0,0.3,235.0,70.5,42.14852996151819,0.029550827423167846,796.0000000000001,True,True,True
5.0,0.3,240.0,72.0,41.87979526691321,0.02893518518518518,814.0,True,True,True
5.0,0.3,245.0,73.5,41.62268851582481,0.028344671201814053,832.0,True,True,True
5.0,0.3,250.0,75.0,41.376470991841316,0.027777777777777773,850.0000000000001,True,True,True
5.0,0.3,255.0,76.5,41.140465254566806,0.02723311546840958,868.0000000000001,True,True,True
5.0,0.3,260.0,78.0,40.91404891519511,0.026709401709401705,886.0000000000001,True,True,True
5.0,0.3,265.0,79.5,40.69664915570989,0.026205450733752612,904.0000000000001,True,True,True
5.0,0.3,270.0,81.0,40.48773789008745,0.025720164609053492,922.0000000000001,True,True,True
5.0,0.3,275.0,82.5,40.28682748144628,0.02525252525252525,940.0000000000002,True,True,True
5.0,0.3,280.0,84.0,40.09346694202336,0.024801587301587297,958.0000000000002,True,True,True
5.0,0.3,285.0,85.5,39.90723855364474,0.024366471734892783,976.0,True,True,True
5.0,0.3,290.0,87.0,39.727754855388476,0.0239463601532567,994.0000000000001,True,True,True
5.0,0.3,295.0,88.5,39.55465595272235,0.02354048964218455,1012.0000000000001,True,True,True
5.0,0.3,300.0,90.0,39.387607108790185,0.023148148148148143,1030.0000000000002,True,True,True
5.0,0.31,10.0,3.1,nan,0.6720430107526881,-12.8,False,False,False
5.0,0.31,15.0,4.65,1697.8600502771963,0.4480286738351254,5.7999999999999945,True,False,False
5.0,0.31,20.0,6.2,426.4552966982202,0.33602150537634407,24.4,True,False,False
5.0,0.31,25.0,7.75,254.96349272710262,0.2688172043010753,42.99999999999999,True,False,False
5.0,0.31,30.0,9.3,187.0349210242574,0.2240143369175627,61.59999999999999,True,False,False
5.0,0.31,35.0,10.85,150.61436512372936,0.19201228878648233,80.2,True,True,False
5.0,0.31,40.0,12.4,127.90681205214507,0.16801075268817203,98.8,True,True,False
5.0,0.31,45.0,13.95,112.39449726218717,0.14934289127837516,117.4,True,True,False
5.0,0.31,50.0,15.5,101.1252568118354,0.13440860215053765,136.0,True,True,False
5.0,0.31,55.0,17.05,92.56763178679466,0.12218963831867057,154.59999999999997,True,True,True
5.0,0.31,60.0,18.6,85.84801860315991,0.11200716845878135,173.19999999999996,True,True,True
5.0,0.31,65.0,20.15,80.43168805993812,0.1033912324234905,191.80000000000004,True,True,True
5.0,0.31,70.0,21.7,75.97299770781835,0.09600614439324116,210.4,True,True,True
5.0,0.31,75.0,23.25,72.23860115962366,0.08960573476702509,229.0,True,True,True
5.0,0.31,80.0,24.8,69.0652690362789,0.08400537634408602,247.6,True,True,True
5.0,0.31,85.0,26.35,66.335392791929,0.07906388361796331,266.2,True,True,True
5.0,0.31,90.0,27.9,63.96208746151805,0.07467144563918758,284.8,True,True,True
5.0,0.31,95.0,29.45,61.8797740832867,0.07074136955291455,303.4,True,True,True
5.0,0.31,100.0,31.0,60.03802610154665,0.06720430107526883,322.0,True,True,True
5.0,0.31,105.0,32.55,58.39743203912762,0.06400409626216079,340.59999999999997,True,True,True
5.0,0.31,110.0,34.1,56.926743597872225,0.06109481915933528,359.19999999999993,True,True,True
5.0,0.31,115.0,35.65,55.60086619424179,0.0584385226741468,377.79999999999995,True,True,True
5.0,0.31,120.0,37.2,54.39941522707717,0.056003584229390675,396.3999999999999,True,True,True
5.0,0.31,125.0,38.75,53.30566058757163,0.05376344086021505,415.00000000000006,True,True,True
5.0,0.31,130.0,40.3,52.3057428313447,0.05169561621174525,433.6000000000001,True,True,True
5.0,0.31,135.0,41.85,51.38808279411744,0.04978096375945838,452.19999999999993,True,True,True
5.0,0.31,140.0,43.4,50.542931154054266,0.04800307219662058,470.8,True,True,True
5.0,0.31,145.0,44.95,49.76202070935348,0.04634779384501297,489.3999999999999,True,True,True
5.0,0.31,150.0,46.5,49.03829504524888,0.044802867383512544,508.0,True,True,True
5.0,0.31,155.0,48.05,48.365694703409176,0.043357613596947626,526.5999999999999,True,True,True
5.0,0.31,160.0,49.6,47.73898712150424,0.04200268817204301,545.2,True,True,True
5.0,0.31,165.0,51.15,47.153630234964446,0.04072987943955686,563.8,True,True,True
5.0,0.31,170.0,52.7,46.60566221549072,0.039531941808981653,582.4,True,True,True
5.0,0.31,175.0,54.25,46.09161168407759,0.03840245775729647,601.0,True,True,True
5.0,0.31,180.0,55.8,45.608424096125695,0.03733572281959379,619.6,True,True,True
5.0,0.31,185.0,57.35,45.15340099935492,0.03632664922987504,638.2,True,True,True
5.0,0.31,190.0,58.9,44.724149612693594,0.03537068477645727,656.8,True,True,True
5.0,0.31,195.0,60.45,44.318540736520575,0.03446374414116349,675.4,True,True,True
5.0,0.31,200.0,62.0,43.93467343123176,0.03360215053763441,694.0,True,True,True
5.0,0.31,205.0,63.55,43.57084522748201,0.032782585890375034,712.6,True,True,True
5.0,0.31,210.0,65.1,43.2255268831134,0.032002048131080395,731.1999999999999,True,True,True
5.0,0.31,215.0,66.65,42.897340897254416,0.0312578144536134,749.8,True,True,True
5.0,0.31,220.0,68.2,42.58504314496382,0.03054740957966764,768.3999999999999,True,True,True
5.0,0.31,225.0,69.75,42.28750711616143,0.029868578255675026,786.9999999999999,True,True,True
5.0,0.31,230.0,71.3,42.00371033794425,0.0292192613370734,805.5999999999999,True,True,True
5.0,0.31,235.0,72.85,41.73272263537578,0.028597574925646307,824.1999999999999,True,True,True
5.0,0.31,240.0,74.4,41.47369594673181,0.028001792114695338,842.7999999999998,True,True,True
5.0,0.31,245.0,75.95,41.2258554582475,0.027430326969497473,861.3999999999999,True,True,True
5.0,0.31,250.0,77.5,40.98849186314005,0.026881720430107524,880.0000000000001,True,True,True
5.0,0.31,255.0,79.05,40.760954582007656,0.026354627872654437,898.5999999999999,True,True,True
5.0,0.31,260.0,80.6,40.54264580813446,0.025847808105872627,917.2000000000002,True,True,True
5.0,0.31,265.0,82.15,40.33301526292987,0.025360113613308987,935.7999999999998,True,True,True
5.0,0.31,270.0,83.7,40.131555564625536,0.02489048187972919,954.3999999999999,True,True,True
5.0,0.31,275.0,85.25,39.937798128167984,0.024437927663734114,973.0,True,True,True
5.0,0.31,280.0,86.8,39.751309526559396,0.02400153609831029,991.6,True,True,True
5.0,0.31,285.0,88.35,39.57168825417257,0.023580456517638182,1010.1999999999999,True,True,True
5.0,0.31,290.0,89.9,39.39856184116833,0.023173896922506484,1028.8,True,True,True
5.0,0.31,295.0,91.45,39.23158427537026,0.0227811190085657,1047.4,True,True,True
5.0,0.31,300.0,93.0,39.0704336940447,0.022401433691756272,1066.0,True,True,True
5.0,0.32,10.0,3.2,nan,0.6510416666666666,-11.6,False,False,False
5.0,0.32,15.0,4.8,1302.8395580786344,0.4340277777777778,7.599999999999995,True,False,False
5.0,0.32,20.0,6.4,390.9514566849411,0.3255208333333333,26.8,True,False,False
5.0,0.32,25.0,8.0,240.29168341120055,0.2604166666666667,46.0,True,False,False
5.0,0.32,30.0,9.6,178.36404654408022,0.2170138888888889,65.19999999999999,True,False,False
5.0,0.32,35.0,11.2,144.61201697195295,0.1860119047619047,84.40000000000002,True,True,False
5.0,0.32,40.0,12.8,123.37039218331694,0.16276041666666666,103.6,True,True,False
5.0,0.32,45.0,14.4,108.77109957614364,0.1446759259259259,122.79999999999997,True,True,False
5.0,0.32,50.0,16.0,98.11978468809325,0.13020833333333334,142.0,True,True,True
5.0,0.32,55.0,17.6,90.00575572870996,0.11837121212121211,161.2,True,True,True
5.0,0.32,60.0,19.2,83.61888149238831,0.10850694444444445,180.39999999999998,True,True,True
5.0,0.32,65.0,20.8,78.46074458409645,0.10016025641025639,199.6,True,True,True
5.0,0.32,70.0,22.4,74.20787484800938,0.09300595238095236,218.80000000000004,True,True,True
5.0,0.32,75.0,24.0,70.64118241387924,0.08680555555555555,238.0,True,True,True
5.0,0.32,80.0,25.6,67.60699771486027,0.08138020833333333,257.2,True,True,True
5.0,0.32,85.0,27.2,64.99434952974265,0.07659313725490195,276.4,True,True,True
5.0,0.32,90.0,28.8,62.72109813186626,0.07233796296296295,295.59999999999997,True,True,True
5.0,0.32,95.0,30.4,60.72514296549705,0.06853070175438596,314.8,True,True,True
5.0,0.32,100.0,32.0,58.95866288412358,0.06510416666666667,334.0,True,True,True
5.0,0.32,105.0,33.6,57.38423499732751,0.062003968253968256,353.2,True,True,True
5.0,0.32,110.0,35.2,55.972154132155964,0.05918560606060606,372.4,True,True,True
5.0,0.32,115.0,36.8,54.698540849268866,0.056612318840579705,391.59999999999997,True,True,True
5.0,0.32,120.0,38.4,53.54398002515213,0.054253472222222224,410.79999999999995,True,True,True
5.0,0.32,125.0,40.0,52.49252416765417,0.05208333333333333,430.0,True,True,True
5.0,0.32,130.0,41.6,51.530952337155156,0.050080128205128194,449.2,True,True,True
5.0,0.32,135.0,43.2,50.64821133135973,0.0482253086419753,468.4,True,True,True
5.0,0.32,140.0,44.8,49.83498889533983,0.04650297619047618,487.6000000000001,True,True,True
5.0,0.32,145.0,46.4,49.08338394460637,0.04489942528735632,506.79999999999995,True,True,True
5.0,0.32,150.0,48.0,48.38664901308994,0.043402777777777776,526.0,True,True,True
5.0,0.32,155.0,49.6,47.738987121504245,0.04200268817204301,545.1999999999999,True,True,True
5.0,0.32,160.0,51.2,47.13539010702146,0.040690104166666664,564.4,True,True,True
5.0,0.32,165.0,52.8,46.57150886593852,0.039457070707070704,583.6,True,True,True
5.0,0.32,170.0,54.4,46.04354839402874,0.038296568627450976,602.8,True,True,True
5.0,0.32,175.0,56.0,45.54818226636548,0.03720238095238095,622.0,True,True,True
5.0,0.32,180.0,57.6,45.082482481968384,0.036168981481481476,641.1999999999999,True,True,True
5.0,0.32,185.0,59.2,44.6438615463309,0.035191441441441436,660.4,True,True,True
5.0,0.32,190.0,60.8,44.23002437162409,0.03426535087719298,679.6,True,True,True
5.0,0.32,195.0,62.4,43.83892810634594,0.033386752136752136,698.8,True,True,True
5.0,0.32,200.0,64.0,43.468748410130004,0.032552083333333336,718.0,True,True,True
5.0,0.32,205.0,65.6,43.11785099868712,0.031758130081300816,737.2,True,True,True
5.0,0.32,210.0,67.2,42.784767522462914,0.031001984126984128,756.4,True,True,True
5.0,0.32,215.0,68.8,42.46817502804249,0.03028100775193799,775.6,True,True,True
5.0,0.32,220.0,70.4,42.1668783964627,0.02959280303030303,794.8,True,True,True
5.0,0.32,225.0,72.0,41.87979526691321,0.02893518518518519,814.0,True,True,True
5.0,0.32,230.0,73.6,41.60594304491859,0.028306159420289852,833.1999999999999,True,True,True
5.0,0.32,235.0,75.2,41.34442766633619,0.02770390070921986,852.3999999999999,True,True,True
5.0,0.32,240.0,76.8,41.094433846424714,0.027126736111111112,871.5999999999999,True,True,True
5.0,0.32,245.0,78.4,40.855216589922065,0.026573129251700682,890.8,True,True,True
5.0,0.32,250.0,80.0,40.62609377589162,0.026041666666666664,910.0,True,True,True
5.0,0.32,255.0,81.6,40.40643966188138,0.025531045751633983,929.2,True,True,True
5.0,0.32,260.0,83.2,40.195679177118286,0.025040064102564097,948.4,True,True,True
5.0,0.32,265.0,84.8,39.99328289514033,0.02456761006289308,967.6,True,True,True
5.0,0.32,270.0,86.4,39.79876259332853,0.02411265432098765,986.8,True,True,True
5.0,0.32,275.0,88.0,39.61166732092981,0.023674242424242424,1006.0,True,True,True
5.0,0.32,280.0,89.6,39.43157990890966,0.02325148809523809,1025.2,True,True,True
5.0,0.32,285.0,91.2,39.25811386477691,0.022843567251461985,1044.3999999999999,True,True,True
5.0,0.32,290.0,92.8,39.09091060373431,0.02244971264367816,1063.6,True,True,True
5.0,0.32,295.0,94.4,38.929636974409505,0.02206920903954802,1082.8,True,True,True
5.0,0.32,300.0,96.0,38.773983043239035,0.021701388888888888,1102.0,True,True,True
5.0,0.33,10.0,3.3,nan,0.6313131313131313,-10.399999999999999,False,False,False
5.0,0.33,15.0,4.95,1059.1035097007987,0.4208754208754208,9.399999999999999,True,False,False
5.0,0.33,20.0,6.6,361.2838643450777,0.31565656565656564,29.200000000000003,True,False,False
5.0,0.33,25.0,8.25,227.41642217479668,0.2525252525252525,49.0,True,False,False
5.0,0.33,30.0,9.9,170.60058916066575,0.2104377104377104,68.8,True,False,False
5.0,0.33,35.0,11.55,139.17874020251202,0.18037518037518036,88.60000000000001,True,True,False
5.0,0.33,40.0,13.2,119.2357216755658,0.15782828282828282,108.40000000000002,True,True,False
5.0,0.33,45.0,14.85,105.45294912106165,0.14029180695847362,128.2,True,True,False
5.0,0.33,50.0,16.5,95.35799949330315,0.12626262626262624,148.0,True,True,True
5.0,0.33,55.0,18.15,87.64540984921115,0.11478420569329659,167.8,True,True,True
5.0,0.33,60.0,19.8,81.56085085493815,0.1052188552188552,187.6,True,True,True
5.0,0.33,65.0,21.45,76.63804950855915,0.09712509712509713,207.39999999999998,True,True,True
5.0,0.33,70.0,23.1,72.5732716362849,0.09018759018759018,227.20000000000002,True,True,True
5.0,0.33,75.0,24.75,69.16017475082063,0.08417508417508417,247.00000000000003,True,True,True
5.0,0.33,80.0,26.4,66.25366945705196,0.07891414141414141,266.8,True,True,True
5.0,0.33,85.0,28.05,63.74876084727923,0.07427213309566251,286.6,True,True,True
5.0,0.33,90.0,29.7,61.56759368968341,0.07014590347923681,306.3999999999999,True,True,True
5.0,0.33,95.0,31.35,59.651215678135365,0.06645401382243488,326.20000000000005,True,True,True
5.0,0.33,100.0,33.0,57.95416879160846,0.06313131313131312,346.0,True,True,True
5.0,0.33,105.0,34.65,56.44083720498986,0.06012506012506012,365.80000000000007,True,True,True
5.0,0.33,110.0,36.3,55.082920376748085,0.057392102846648294,385.6,True,True,True
5.0,0.33,115.0,37.95,53.85764663286341,0.05489679402722881,405.4,True,True,True
5.0,0.33,120.0,39.6,52.74648587171117,0.0526094276094276,425.2,True,True,True
5.0,0.33,125.0,41.25,51.734205933349116,0.050505050505050504,445.0,True,True,True
5.0,0.33,130.0,42.9,50.808170154968,0.04856254856254857,464.79999999999995,True,True,True
5.0,0.33,135.0,44.55,49.95780713107282,0.046763935652824544,484.6,True,True,True
5.0,0.33,140.0,46.2,49.174205359648404,0.04509379509379509,504.40000000000003,True,True,True
5.0,0.33,145.0,47.85,48.44979975409276,0.04353883664228491,524.2,True,True,True
5.0,0.33,150.0,49.5,47.778126615412106,0.04208754208754208,544.0,True,True,True
5.0,0.33,155.0,51.15,47.153630234964446,0.04072987943955685,563.8,True,True,True
5.0,0.33,160.0,52.8,46.57150886593852,0.039457070707070704,583.6,True,True,True
5.0,0.33,165.0,54.45,46.02759102063387,0.03826140189776553,603.4000000000001,True,True,True
5.0,0.33,170.0,56.1,45.51823534906812,0.037136066547831255,623.2,True,True,True
5.0,0.33,175.0,57.75,45.0402490159067,0.03607503607503608,643.0000000000001,True,True,True
5.0,0.33,180.0,59.4,44.59082070747855,0.035072951739618406,662.7999999999998,True,True,True
5.0,0.33,185.0,61.05,44.16746529827945,0.03412503412503412,682.6,True,True,True
5.0,0.33,190.0,62.7,43.767977876273214,0.03322700691121744,702.4000000000001,True,True,True
5.0,0.33,195.0,64.35,43.390395330909826,0.03237503237503237,722.2,True,True,True
5.0,0.33,200.0,66.0,43.032964091201954,0.03156565656565656,742.0,True,True,True
5.0,0.33,205.0,67.65,42.69411289493386,0.030795762503079575,761.8,True,True,True
5.0,0.33,210.0,69.3,42.37242969683902,0.03006253006253006,781.6000000000001,True,True,True
5.0,0.33,215.0,70.95,42.06664199992281,0.029363401456424708,801.4000000000001,True,True,True
5.0,0.33,220.0,72.6,41.77560003218084,0.028696051423324147,821.2,True,True,True
5.0,0.33,225.0,74.25,41.498262299780826,0.028058361391694726,841.0,True,True,True
5.0,0.33,230.0,75.9,41.2336831340665,0.027448397013614404,860.8,True,True,True
5.0,0.33,235.0,77.55,40.981001918570534,0.02686438856651623,880.6000000000001,True,True,True
5.0,0.33,240.0,79.2,40.73943373743,0.0263047138047138,900.4,True,True,True
5.0,0.33,245.0,80.85,40.5082612311136,0.025767882910740048,920.2,True,True,True
5.0,0.33,250.0,82.5,40.28682748144629,0.025252525252525252,940.0,True,True,True
5.0,0.33,255.0,84.15,40.07452977729555,0.024757377698554166,959.7999999999998,True,True,True
5.0,0.33,260.0,85.8,39.87081413631793,0.024281274281274284,979.5999999999999,True,True,True
5.0,0.33,265.0,87.45,39.67517047791255,0.0238231370306842,999.4,True,True,True
5.0,0.33,270.0,89.1,39.487128358825125,0.023381967826412272,1019.2,True,True,True
5.0,0.33,275.0,90.75,39.30625319634584,0.02295684113865932,1039.0,True,True,True
5.0,0.33,280.0,92.4,39.132142915273995,0.022546897546897544,1058.8000000000002,True,True,True
5.0,0.33,285.0,94.05,38.96442496419513,0.022151337940811623,1078.6,True,True,True
5.0,0.33,290.0,95.7,38.8027536544698,0.021769418321142455,1098.4,True,True,True
5.0,0.33,295.0,97.35,38.64680778193382,0.021400445129258684,1118.2,True,True,True
5.0,0.33,300.0,99.0,38.496288496878,0.02104377104377104,1138.0,True,True,True
5.0,0.34,10.0,3.4,nan,0.6127450980392156,-9.199999999999996,False,False,False
5.0,0.34,15.0,5.1,893.7111911586961,0.4084967320261437,11.199999999999998,True,False,False
5.0,0.34,20.0,6.8,336.1227417277253,0.3063725490196078,31.60000000000001,True,False,False
5.0,0.34,25.0,8.5,216.02676800413172,0.24509803921568626,52.0,True,False,False
5.0,0.34,30.0,10.2,163.60918831261847,0.20424836601307186,72.4,True,True,False
5.0,0.34,35.0,11.9,134.23726865789124,0.1750700280112045,92.80000000000001,True,True,False
5.0,0.34,40.0,13.6,115.45169460310102,0.1531862745098039,113.20000000000002,True,True,False
5.0,0.34,45.0,15.3,102.40303238540244,0.13616557734204793,133.6,True,True,False
5.0,0.34,50.0,17.0,92.81141833966554,0.12254901960784313,154.0,True,True,True
5.0,0.34,55.0,18.7,85.46371400187627,0.11140819964349374,174.40000000000003,True,True,True
5.0,0.34,60.0,20.4,79.65495389910652,0.10212418300653593,194.8,True,True,True
5.0,0.34,65.0,22.1,74.94748288645297,0.0942684766214178,215.2,True,True,True
5.0,0.34,70.0,23.8,71.05522756699239,0.08753501400560225,235.60000000000002,True,True,True
5.0,0.34,75.0,25.5,67.78330043907084,0.08169934640522875,256.0,True,True,True
5.0,0.34,80.0,27.2,64.99434952974265,0.07659313725490195,276.4,True,True,True
5.0,0.34,85.0,28.9,62.58878540309836,0.07208765859284891,296.8,True,True,True
5.0,0.34,90.0,30.6,60.49263809980555,0.06808278867102396,317.2,True,True,True
5.0,0.34,95.0,32.3,58.649816655441484,0.06449948400412796,337.6000000000001,True,True,True
5.0,0.34,100.0,34.0,57.017015085183736,0.061274509803921566,358.0,True,True,True
5.0,0.34,105.0,35.7,55.56026611552459,0.05835667600373482,378.4,True,True,True
5.0,0.34,110.0,37.4,54.25255264727492,0.05570409982174687,398.80000000000007,True,True,True
5.0,0.34,115.0,39.1,53.07211663490449,0.05328218243819267,419.2,True,True,True
5.0,0.34,120.0,40.8,52.00123883296336,0.051062091503267966,439.6,True,True,True
5.0,0.34,125.0,42.5,51.02534323606396,0.04901960784313725,460.00000000000006,True,True,True
5.0,0.34,130.0,44.2,50.13232969651989,0.0471342383107089,480.4,True,True,True
5.0,0.34,135.0,45.9,49.31206965620383,0.045388525780682636,500.8,True,True,True
5.0,0.34,140.0,47.6,48.5560203020829,0.043767507002801125,521.2,True,True,True
5.0,0.34,145.0,49.3,47.85692592146295,0.042258282623394185,541.6,True,True,True
5.0,0.34,150.0,51.0,47.2085843001478,0.04084967320261437,562.0,True,True,True
5.0,0.34,155.0,52.7,46.60566221549072,0.039531941808981653,582.4,True,True,True
5.0,0.34,160.0,54.4,46.04354839402874,0.038296568627450976,602.8,True,True,True
5.0,0.34,165.0,56.1,45.518235349068114,0.037136066547831255,623.2000000000002,True,True,True
5.0,0.34,170.0,57.8,45.0262236904257,0.036043829296424454,643.6,True,True,True
5.0,0.34,175.0,59.5,44.5644440734589,0.0350140056022409,664.0,True,True,True
5.0,0.34,180.0,61.2,44.130193106948326,0.03404139433551198,684.4,True,True,True
5.0,0.34,185.0,62.9,43.72108039162055,0.03312135665076841,704.8,True,True,True
5.0,0.34,190.0,64.6,43.33498449756328,0.03224974200206398,725.2000000000002,True,True,True
5.0,0.34,195.0,66.3,42.970016168524175,0.03142282554047259,745.6,True,True,True
5.0,0.34,200.0,68.0,42.62448740583597,0.030637254901960783,766.0,True,True,True
5.0,0.34,205.0,69.7,42.29688536430452,0.029890004782400764,786.3999999999999,True,True,True
5.0,0.34,210.0,71.4,41.985850208363665,0.02917833800186741,806.8,True,True,True
5.0,0.34,215.0,73.1,41.69015624483382,0.028499772001823978,827.2,True,True,True
5.0,0.34,220.0,74.8,41.40869578025634,0.027852049910873436,847.6000000000001,True,True,True
5.0,0.34,225.0,76.5,41.140465254566806,0.027233115468409588,868.0000000000001,True,True,True
5.0,0.34,230.0,78.2,40.88455328521243,0.026641091219096334,888.4,True,True,True
5.0,0.34,235.0,79.9,40.64013032152448,0.02607425949103045,908.8000000000001,True,True,True
5.0,0.34,240.0,81.6,40.40643966188138,0.025531045751633983,929.2,True,True,True
5.0,0.34,245.0,83.3,40.182789628726745,0.025010004001600635,949.6,True,True,True
5.0,0.34,250.0,85.0,39.968546730987256,0.024509803921568624,970.0000000000001,True,True,True
5.0,0.34,255.0,86.7,39.76312967152298,0.024029219530949632,990.4,True,True,True
5.0,0.34,260.0,88.4,39.56600408022862,0.02356711915535445,1010.8,True,True,True
5.0,0.34,265.0,90.1,39.37667787229813,0.02312245652978172,1031.1999999999998,True,True,True
5.0,0.34,270.0,91.8,39.194697146759744,0.022694262890341318,1051.6,True,True,True
5.0,0.34,275.0,93.5,39.019642553312764,0.022281639928698752,1072.0000000000002,True,True,True
5.0,0.34,280.0,95.2,38.85112606624863,0.021883753501400562,1092.4000000000003,True,True,True
5.0,0.34,285.0,96.9,38.68878811321777,0.021499828001375988,1112.8,True,True,True
5.0,0.34,290.0,98.6,38.53229501412591,0.021129141311697092,1133.2,True,True,True
5.0,0.34,295.0,100.3,38.38133669177028,0.020771020272515782,1153.6,True,True,True
5.0,0.34,300.0,102.0,38.23562462116262,0.020424836601307186,1174.0,True,True,True
5.0,0.35,10.0,3.5,nan,0.5952380952380952,-7.9999999999999964,False,False,False
5.0,0.35,15.0,5.25,774.119822366714,0.39682539682539675,13.0,True,False,False
5.0,0.35,20.0,7.0,314.51377759752853,0.2976190476190476,34.00000000000001,True,False,False
5.0,0.35,25.0,8.75,205.87962156117564,0.23809523809523808,55.00000000000001,True,False,False
5.0,0.35,30.0,10.5,157.2801307028073,0.19841269841269837,76.0,True,True,False
5.0,0.35,35.0,12.25,129.72371836043345,0.17006802721088432,97.00000000000001,True,True,False
5.0,0.35,40.0,14.0,111.97552058059945,0.1488095238095238,118.00000000000001,True,True,False
5.0,0.35,45.0,15.75,99.59008759754984,0.13227513227513224,139.0,True,True,True
5.0,0.35,50.0,17.5,90.45583077255073,0.11904761904761904,160.0,True,True,True
5.0,0.35,55.0,19.25,83.44112525501001,0.1082251082251082,181.0,True,True,True
5.0,0.35,60.0,21.0,77.88492286487872,0.09920634920634919,202.0,True,True,True
5.0,0.35,65.0,22.75,73.3751801177318,0.09157509157509156,223.0,True,True,True
5.0,0.35,70.0,24.5,69.64170456476592,0.08503401360544216,244.00000000000003,True,True,True
5.0,0.35,75.0,26.25,66.49994966547764,0.07936507936507936,265.00000000000006,True,True,True
5.0,0.35,80.0,28.0,63.81957135979113,0.0744047619047619,286.00000000000006,True,True,True
5.0,0.35,85.0,29.75,61.505889760420054,0.0700280112044818,307.0,True,True,True
5.0,0.35,90.0,31.5,59.48847226828551,0.06613756613756612,328.0,True,True,True
5.0,0.35,95.0,33.25,57.713838543112715,0.06265664160401002,349.00000000000006,True,True,True
5.0,0.35,100.0,35.0,56.14064972728387,0.05952380952380952,370.0,True,True,True
5.0,0.35,105.0,36.75,54.73644794538036,0.056689342403628114,391.0,True,True,True
5.0,0.35,110.0,38.5,53.47539294706896,0.0541125541125541,412.0,True,True,True
5.0,0.35,115.0,40.25,52.33665737122656,0.05175983436853001,433.0,True,True,True
5.0,0.35,120.0,42.0,51.3032673772903,0.049603174603174593,454.0,True,True,True
5.0,0.35,125.0,43.75,50.36125081439682,0.04761904761904761,475.00000000000006,True,True,True
5.0,0.35,130.0,45.5,49.499001783038665,0.04578754578754578,496.0,True,True,True
5.0,0.35,135.0,47.25,48.70680006177152,0.04409171075837741,517.0,True,True,True
5.0,0.35,140.0,49.0,47.976443084543796,0.04251700680272108,538.0000000000001,True,True,True
5.0,0.35,145.0,50.75,47.30096087125806,0.041050903119868636,559.0,True,True,True
5.0,0.35,150.0,52.5,46.67439288721024,0.03968253968253968,580.0000000000001,True,True,True
5.0,0.35,155.0,54.25,46.09161168407759,0.038402457757296456,601.0,True,True,True
5.0,0.35,160.0,56.0,45.548182266365465,0.03720238095238095,622.0000000000001,True,True,True
5.0,0.35,165.0,57.75,45.0402490159067,0.036075036075036065,643.0000000000001,True,True,True
5.0,0.35,170.0,59.5,44.5644440734589,0.0350140056022409,664.0,True,True,True
5.0,0.35,175.0,61.25,44.11781257273781,0.03401360544217687,685.0,True,True,True
5.0,0.35,180.0,63.0,43.69775121795197,0.03306878306878306,706.0,True,True,True
5.0,0.35,185.0,64.75,43.30195750677136,0.032175032175032175,727.0,True,True,True
5.0,0.35,190.0,66.5,42.928387506646345,0.03132832080200501,748.0000000000001,True,True,True
5.0,0.35,195.0,68.25,42.57522054944104,0.030525030525030528,769.0,True,True,True
5.0,0.35,200.0,70.0,42.24082955704918,0.02976190476190476,790.0,True,True,True
5.0,0.35,205.0,71.75,41.9237559773336,0.029036004645760744,811.0,True,True,True
5.0,0.35,210.0,73.5,41.62268851582481,0.028344671201814057,832.0,True,True,True
5.0,0.35,215.0,75.25,41.33644500904446,0.027685492801771867,853.0000000000001,True,True,True
5.0,0.35,220.0,77.0,41.06395691105677,0.02705627705627705,874.0,True,True,True
5.0,0.35,225.0,78.75,40.8042559640361,0.026455026455026454,895.0000000000001,True,True,True
5.0,0.35,230.0,80.5,40.55646270235917,0.025879917184265005,916.0,True,True,True
5.0,0.35,235.0,82.25,40.319776502571706,0.025329280648429577,937.0000000000001,True,True,True
5.0,0.35,240.0,84.0,40.09346694202337,0.024801587301587297,958.0,True,True,True
5.0,0.35,245.0,85.75,39.876866269670145,0.02429543245869776,979.0000000000001,True,True,True
5.0,0.35,250.0,87.5,39.669362825555766,0.023809523809523805,1000.0000000000001,True,True,True
5.0,0.35,255.0,89.25,39.47039527238439,0.023342670401493928,1021.0000000000001,True,True,True
5.0,0.35,260.0,91.0,39.279447524619144,0.02289377289377289,1042.0,True,True,True
5.0,0.35,265.0,92.75,39.09604427864707,0.0224618149146451,1063.0000000000002,True,True,True
5.0,0.35,270.0,94.5,38.9197470625005,0.022045855379188704,1084.0,True,True,True
5.0,0.35,275.0,96.25,38.750150736017396,0.02164502164502164,1105.0,True,True,True
5.0,0.35,280.0,98.0,38.586880382635805,0.02125850340136054,1126.0000000000002,True,True,True
5.0,0.35,285.0,99.75,38.42958854263,0.02088554720133667,1147.0,True,True,True
5.0,0.35,290.0,101.5,38.277952744816176,0.020525451559934318,1168.0,True,True,True
5.0,0.35,295.0,103.25,38.13167329982673,0.020177562550443905,1189.0,True,True,True
5.0,0.35,300.0,105.0,37.99047132317576,0.01984126984126984,1210.0000000000002,True,True,True
5.0,0.36,10.0,3.6,nan,0.5787037037037036,-6.799999999999995,False,False,False
5.0,0.36,15.0,5.4,683.6182459835924,0.3858024691358024,14.800000000000002,True,False,False
5.0,0.36,20.0,7.2,295.75434719878626,0.2893518518518518,36.400000000000006,True,False,False
5.0,0.36,25.0,9.0,196.7821799226634,0.23148148148148143,58.00000000000001,True,False,False
5.0,0.36,30.0,10.8,151.52355066574282,0.1929012345679012,79.6,True,True,False
5.0,0.36,35.0,12.6,125.5848105777844,0.16534391534391532,101.20000000000003,True,True,False
5.0,0.36,40.0,14.4,108.77109957614361,0.1446759259259259,122.80000000000001,True,True,False
5.0,0.36,45.0,16.2,96.98752926197432,0.1286008230452675,144.4,True,True,True
5.0,0.36,50.0,18.0,88.27052664402255,0.11574074074074071,166.0,True,True,True
5.0,0.36,55.0,19.8,81.56085085493814,0.1052188552188552,187.60000000000002,True,True,True
5.0,0.36,60.0,21.6,76.2367295309037,0.0964506172839506,209.2,True,True,True
5.0,0.36,65.0,23.4,71.90915084637655,0.08903133903133903,230.80000000000004,True,True,True
5.0,0.36,70.0,25.2,68.32226708725182,0.08267195767195766,252.40000000000006,True,True,True
5.0,0.36,75.0,27.0,65.30090660693801,0.07716049382716048,274.0,True,True,True
5.0,0.36,80.0,28.8,62.721098131866256,0.07233796296296295,295.6000000000001,True,True,True
5.0,0.36,85.0,30.6,60.49263809980555,0.06808278867102395,317.2,True,True,True
5.0,0.36,90.0,32.4,58.54832645435944,0.06430041152263374,338.8,True,True,True
5.0,0.36,95.0,34.2,56.83707325254057,0.060916179337231965,360.4000000000001,True,True,True
5.0,0.36,100.0,36.0,55.319343973021674,0.05787037037037036,382.0,True,True,True
5.0,0.36,105.0,37.8,53.96406738149884,0.05511463844797178,403.6000000000001,True,True,True
5.0,0.36,110.0,39.6,52.74648587171116,0.0526094276094276,425.20000000000005,True,True,True
5.0,0.36,115.0,41.4,51.64662934227898,0.050322061191626404,446.8,True,True,True
5.0,0.36,120.0,43.2,50.64821133135973,0.0482253086419753,468.4,True,True,True
5.0,0.36,125.0,45.0,49.73781711242358,0.04629629629629629,490.00000000000006,True,True,True
5.0,0.36,130.0,46.8,48.904297463968355,0.044515669515669515,511.6000000000001,True,True,True
5.0,0.36,135.0,48.6,48.13830979003162,0.04286694101508916,533.2,True,True,True
5.0,0.36,140.0,50.4,47.43196643389242,0.04133597883597883,554.8000000000001,True,True,True
5.0,0.36,145.0,52.2,46.77856206627718,0.03991060025542784,576.4,True,True,True
5.0,0.36,150.0,54.0,46.17236015465021,0.03858024691358024,598.0,True,True,True
5.0,0.36,155.0,55.8,45.608424096125695,0.03733572281959378,619.6,True,True,True
5.0,0.36,160.0,57.6,45.082482481968384,0.036168981481481476,641.2000000000002,True,True,True
5.0,0.36,165.0,59.4,44.59082070747855,0.035072951739618406,662.8000000000001,True,True,True
5.0,0.36,170.0,61.2,44.130193106948326,0.034041394335511975,684.4,True,True,True
5.0,0.36,175.0,63.0,43.69775121795197,0.03306878306878306,706.0,True,True,True
5.0,0.36,180.0,64.8,43.29098482318959,0.03215020576131687,727.6,True,True,True
5.0,0.36,185.0,66.6,42.907673191179114,0.03128128128128128,749.2000000000002,True,True,True
5.0,0.36,190.0,68.4,42.545844515192066,0.030458089668615983,770.8000000000002,True,True,True
5.0,0.36,195.0,70.2,42.203741986103864,0.029677113010446347,792.4000000000001,True,True,True
5.0,0.36,200.0,72.0,41.87979526691321,0.02893518518518518,814.0,True,True,True
5.0,0.36,205.0,73.8,41.57259639151031,0.028229448961156273,835.6,True,True,True
5.0,0.36,210.0,75.6,41.28087930730829,0.02755731922398589,857.2000000000002,True,True,True
5.0,0.36,215.0,77.4,41.00350243480123,0.02691645133505598,878.8000000000002,True,True,True
5.0,0.36,220.0,79.2,40.73943373743,0.0263047138047138,900.4000000000001,True,True,True
5.0,0.36,225.0,81.0,40.48773789008745,0.025720164609053492,922.0000000000001,True,True,True
5.0,0.36,230.0,82.8,40.247565209982284,0.025161030595813202,943.6,True,True,True
5.0,0.36,235.0,84.6,40.018142073785675,0.024625689519306538,965.2000000000002,True,True,True
5.0,0.36,240.0,86.4,39.79876259332853,0.02411265432098765,986.8,True,True,True
5.0,0.36,245.0,88.2,39.588781361141656,0.023620559334845043,1008.4000000000001,True,True,True
5.0,0.36,250.0,90.0,39.387607108790185,0.023148148148148143,1030.0000000000002,True,True,True
5.0,0.36,255.0,91.8,39.194697146759744,0.022694262890341318,1051.6,True,True,True
5.0,0.36,260.0,93.6,39.00955247578383,0.022257834757834757,1073.2,True,True,True
5.0,0.36,265.0,95.4,38.8317134768815,0.021837875611460517,1094.8,True,True,True
5.0,0.36,270.0,97.2,38.660756101727436,0.02143347050754458,1116.4000000000003,True,True,True
5.0,0.36,275.0,99.0,38.496288496878,0.021043771043771038,1138.0,True,True,True
5.0,0.36,280.0,100.8,38.3379480052827,0.020667989417989415,1159.6000000000001,True,True,True
5.0,0.36,285.0,102.6,38.185398496786725,0.020305393112410655,1181.2,True,True,True
5.0,0.36,290.0,104.4,38.03832798626798,0.01995530012771392,1202.8,True,True,True
5.0,0.36,295.0,106.2,37.896446503889074,0.01961707470182046,1224.4000000000003,True,True,True
5.0,0.36,300.0,108.0,37.75948418687034,0.01929012345679012,1246.0,True,True,True
5.0,0.37,10.0,3.7,nan,0.563063063063063,-5.599999999999993,False,False,False
5.0,0.37,15.0,5.55,612.7435174907865,0.3753753753753753,16.600000000000005,True,False,False
5.0,0.37,20.0,7.4,279.31567107617707,0.2815315315315315,38.80000000000001,True,False,False
5.0,0.37,25.0,9.25,188.5795686092506,0.2252252252252252,61.00000000000001,True,False,False
5.0,0.37,30.0,11.1,146.26513620880897,0.18768768768768765,83.2,True,True,False
5.0,0.37,35.0,12.95,121.77575882335405,0.16087516087516085,105.40000000000003,True,True,False
5.0,0.37,40.0,14.8,105.80776353754028,0.14076576576576574,127.60000000000002,True,True,False
5.0,0.37,45.0,16.65,94.57260530573268,0.1251251251251251,149.8,True,True,True
5.0,0.37,50.0,18.5,86.23768559422889,0.1126126126126126,172.00000000000003,True,True,True
5.0,0.37,55.0,20.35,79.8083808940061,0.10237510237510236,194.20000000000002,True,True,True
5.0,0.37,60.0,22.2,74.69821264798802,0.09384384384384382,216.4,True,True,True
5.0,0.37,65.0,24.05,70.5389726086891,0.08662508662508661,238.6,True,True,True
5.0,0.37,70.0,25.9,67.08782404847328,0.08043758043758042,260.80000000000007,True,True,True
5.0,0.37,75.0,27.75,64.17812777120301,0.07507507507507506,283.00000000000006,True,True,True
5.0,0.37,80.0,29.6,61.691729379616866,0.07038288288288287,305.20000000000005,True,True,True
5.0,0.37,85.0,31.45,59.54252124028003,0.06624271330153682,327.40000000000003,True,True,True
5.0,0.37,90.0,33.3,57.66626745273542,0.06256256256256255,349.6,True,True,True
5.0,0.37,95.0,35.15,56.0140740959788,0.05926979611190136,371.80000000000007,True,True,True
5.0,0.37,100.0,37.0,54.548066995668876,0.0563063063063063,394.00000000000006,True,True,True
5.0,0.37,105.0,38.85,53.23845277198979,0.053625053625053605,416.20000000000005,True,True,True
5.0,0.37,110.0,40.7,52.061472835562874,0.05118755118755118,438.40000000000003,True,True,True
5.0,0.37,115.0,42.55,50.997949063220545,0.04896200548374461,460.6,True,True,True
5.0,0.37,120.0,44.4,50.03223070821873,0.04692192192192191,482.8,True,True,True
5.0,0.37,125.0,46.25,49.15141907591409,0.045045045045045036,505.00000000000006,True,True,True
5.0,0.37,130.0,48.1,48.344788089425705,0.043312543312543306,527.2,True,True,True
5.0,0.37,135.0,49.95,47.603345337011014,0.041708375041708365,549.4000000000001,True,True,True
5.0,0.37,140.0,51.8,46.91949540861173,0.04021879021879021,571.6000000000001,True,True,True
5.0,0.37,145.0,53.65,46.286778752056385,0.03883193538365951,593.8000000000001,True,True,True
5.0,0.37,150.0,55.5,45.69966699736963,0.03753753753753753,616.0000000000001,True,True,True
5.0,0.37,155.0,57.35,45.15340099935492,0.03632664922987503,638.2,True,True,True
5.0,0.37,160.0,59.2,44.643861546330896,0.035191441441441436,660.4000000000001,True,True,True
5.0,0.37,165.0,61.05,44.16746529827944,0.03412503412503412,682.6000000000001,True,True,True
5.0,0.37,170.0,62.9,43.721080391620546,0.03312135665076841,704.8000000000001,True,True,True
5.0,0.37,175.0,64.75,43.301957506771366,0.03217503217503217,727.0000000000001,True,True,True
5.0,0.37,180.0,66.6,42.90767319117912,0.03128128128128128,749.2,True,True,True
5.0,0.37,185.0,68.45,42.5360829689396,0.030435841246652055,771.4,True,True,True
5.0,0.37,190.0,70.3,42.185282320625795,0.02963489805595068,793.6000000000001,True,True,True
5.0,0.37,195.0,72.15,41.85357403414715,0.028875028875028876,815.8000000000001,True,True,True
5.0,0.37,200.0,74.0,41.539440745186,0.02815315315315315,838.0000000000001,True,True,True
5.0,0.37,205.0,75.85,41.24152172968435,0.02746649088112502,860.2,True,True,True
5.0,0.37,210.0,77.7,40.958593199550194,0.026812526812526803,882.4000000000001,True,True,True
5.0,0.37,215.0,79.55,40.68955149976975,0.026188979677351766,904.6000000000001,True,True,True
5.0,0.37,220.0,81.4,40.433398720436266,0.02559377559377559,926.8000000000001,True,True,True
5.0,0.37,225.0,83.25,40.18923032824967,0.02502502502502502,949.0000000000002,True,True,True
5.0,0.37,230.0,85.1,39.956224494354984,0.024481002741872305,971.2,True,True,True
5.0,0.37,235.0,86.95,39.73363285315701,0.02396013034310906,993.4000000000001,True,True,True
5.0,0.37,240.0,88.8,39.5207724731536,0.023460960960960956,1015.6,True,True,True
5.0,0.37,245.0,90.65,39.31701885829968,0.022982165839308698,1037.8,True,True,True
5.0,0.37,250.0,92.5,39.121799828822674,0.022522522522522518,1060.0000000000002,True,True,True
5.0,0.37,255.0,94.35,38.934590155202955,0.022080904433845604,1082.2,True,True,True
5.0,0.37,260.0,96.2,38.75490683934196,0.021656271656271653,1104.4,True,True,True
5.0,0.37,265.0,98.05,38.58230495364626,0.021247662757096716,1126.6,True,True,True
5.0,0.37,270.0,99.9,38.416373962557884,0.020854187520854182,1148.8000000000002,True,True,True
5.0,0.37,275.0,101.75,38.2567344625065,0.020475020475020474,1171.0,True,True,True
5.0,0.37,280.0,103.6,38.10303528578925,0.020109395109395106,1193.2000000000003,True,True,True
5.0,0.37,285.0,105.45,37.95495092184658,0.01975659870396712,1215.4,True,True,True
5.0,0.37,290.0,107.3,37.81217921608028,0.019415967691829756,1237.6000000000001,True,True,True
5.0,0.37,295.0,109.15,37.67443931197775,0.01908688349366315,1259.8,True,True,True
5.0,0.37,300.0,111.0,37.54146980705006,0.018768768768768766,1282.0000000000002,True,True,True
5.0,0.38,10.0,3.8,nan,0.5482456140350878,-4.400000000000004,False,False,False
5.0,0.38,15.0,5.7,555.735583703095,0.36549707602339176,18.39999999999999,True,False,False
5.0,0.38,20.0,7.6,264.7921805212506,0.2741228070175439,41.199999999999996,True,False,False
5.0,0.38,25.0,9.5,181.1459521064703,0.21929824561403508,64.00000000000001,True,False,False
5.0,0.38,30.0,11.4,141.44290359622906,0.18274853801169588,86.79999999999998,True,True,False
5.0,0.38,35.0,13.3,118.25864169243849,0.15664160401002505,109.60000000000001,True,True,False
5.0,0.38,40.0,15.2,103.05929174342779,0.13706140350877194,132.39999999999998,True,True,False
5.0,0.38,45.0,17.1,92.32573018149755,0.12183235867446393,155.19999999999996,True,True,True
5.0,0.38,50.0,19.0,84.34189000846627,0.10964912280701754,178.00000000000003,True,True,True
5.0,0.38,55.0,20.9,78.17111314166124,0.09968102073365231,200.8,True,True,True
5.0,0.38,60.0,22.8,73.25877735323861,0.09137426900584794,223.59999999999997,True,True,True
5.0,0.38,65.0,24.7,69.25554266851759,0.08434547908232119,246.4,True,True,True
5.0,0.38,70.0,26.6,65.93041905966314,0.07832080200501253,269.2,True,True,True
5.0,0.38,75.0,28.5,63.12456132945168,0.07309941520467836,292.0,True,True,True
5.0,0.38,80.0,30.4,60.72514296549706,0.06853070175438597,314.79999999999995,True,True,True
5.0,0.38,85.0,32.3,58.6498166554415,0.06449948400412797,337.6,True,True,True
5.0,0.38,90.0,34.2,56.8370732525406,0.060916179337231965,360.3999999999999,True,True,True
5.0,0.38,95.0,36.1,55.2400425301519,0.057710064635272396,383.2,True,True,True
5.0,0.38,100.0,38.0,53.82238274604134,0.05482456140350877,406.00000000000006,True,True,True
5.0,0.38,105.0,39.9,52.55548155837539,0.05221386800334169,428.8,True,True,True
5.0,0.38,110.0,41.8,51.41650484847199,0.04984051036682616,451.6,True,True,True
5.0,0.38,115.0,43.7,50.38700819331476,0.04767353165522501,474.4,True,True,True
5.0,0.38,120.0,45.6,49.45193037861445,0.04568713450292397,497.19999999999993,True,True,True
5.0,0.38,125.0,47.5,48.59885169535708,0.043859649122807015,520.0,True,True,True
5.0,0.38,130.0,49.4,47.817439165298936,0.042172739541160596,542.8,True,True,True
5.0,0.38,135.0,51.3,47.09902594813091,0.04061078622482132,565.6,True,True,True
5.0,0.38,140.0,53.2,46.436288534332796,0.039160401002506263,588.4,True,True,True
5.0,0.38,145.0,55.1,45.82299618936518,0.03781004234724742,611.1999999999999,True,True,True
5.0,0.38,150.0,57.0,45.25381446100722,0.03654970760233918,634.0,True,True,True
5.0,0.38,155.0,58.9,44.724149612693594,0.03537068477645727,656.8,True,True,True
5.0,0.38,160.0,60.8,44.2300243716241,0.034265350877192985,679.5999999999999,True,True,True
5.0,0.38,165.0,62.7,43.76797787627322,0.03322700691121744,702.4,True,True,True
5.0,0.38,170.0,64.6,43.33498449756328,0.032249742002063986,725.2,True,True,True
5.0,0.38,175.0,66.5,42.92838750664635,0.03132832080200501,748.0,True,True,True
5.0,0.38,180.0,68.4,42.54584451519207,0.030458089668615983,770.7999999999998,True,True,True
5.0,0.38,185.0,70.3,42.185282320625795,0.02963489805595069,793.6,True,True,True
5.0,0.38,190.0,72.2,41.84485931772073,0.028855032317636198,816.4,True,True,True
5.0,0.38,195.0,74.1,41.52293403756648,0.028115159694107064,839.2,True,True,True
5.0,0.38,200.0,76.0,41.21803867942502,0.027412280701754384,862.0000000000001,True,True,True
5.0,0.38,205.0,77.9,40.92885673485867,0.02674368848951647,884.7999999999998,True,True,True
5.0,0.38,210.0,79.8,40.654203984510275,0.026106934001670846,907.6,True,True,True
5.0,0.38,215.0,81.7,40.393012288994086,0.02549979600163198,930.4,True,True,True
5.0,0.38,220.0,83.6,40.14431570606241,0.02492025518341308,953.2,True,True,True
5.0,0.38,225.0,85.5,39.90723855364474,0.02436647173489279,976.0,True,True,True
5.0,0.38,230.0,87.4,39.68098510782523,0.023836765827612506,998.8,True,True,True
5.0,0.38,235.0,89.3,39.464830680339105,0.023329600597237772,1021.5999999999999,True,True,True
5.0,0.38,240.0,91.2,39.25811386477691,0.022843567251461985,1044.3999999999999,True,True,True
5.0,0.38,245.0,93.1,39.06022977671625,0.022377372001432153,1067.1999999999998,True,True,True
5.0,0.38,250.0,95.0,38.87062414224785,0.021929824561403508,1090.0,True,True,True
5.0,0.38,255.0,96.9,38.68878811321777,0.021499828001375988,1112.8,True,True,True
5.0,0.38,260.0,98.8,38.51425370705118,0.021086369770580298,1135.6,True,True,True
5.0,0.38,265.0,100.7,38.34658978510522,0.02068851373717312,1158.4,True,True,True
5.0,0.38,270.0,102.6,38.185398496786725,0.02030539311241066,1181.2,True,True,True
5.0,0.38,275.0,104.5,38.03031212769357,0.019936204146730464,1204.0,True,True,True
5.0,0.38,280.0,106.4,37.8809902992188,0.019580200501253132,1226.8,True,True,True
5.0,0.38,285.0,108.3,37.73711747472808,0.019236688211757468,1249.5999999999997,True,True,True
5.0,0.38,290.0,110.2,37.59840073385633,0.01890502117362371,1272.3999999999999,True,True,True
5.0,0.38,295.0,112.1,37.464567781884945,0.01858459708593518,1295.2,True,True,True
5.0,0.38,300.0,114.0,37.33536516573289,0.01827485380116959,1318.0,True,True,True
5.0,0.39,10.0,3.9,nan,0.5341880341880341,-3.200000000000003,False,False,False
5.0,0.39,15.0,5.85,508.88747969934815,0.3561253561253561,20.199999999999996,True,False,False
5.0,0.39,20.0,7.8,251.86760635769213,0.26709401709401703,43.599999999999994,True,False,False
5.0,0.39,25.0,9.75,174.37803260393906,0.2136752136752137,66.99999999999999,True,False,False
5.0,0.39,30.0,11.7,137.00474260765992,0.17806267806267806,90.39999999999999,True,True,False
5.0,0.39,35.0,13.65,115.00113601934092,0.15262515262515264,113.80000000000001,True,True,False
5.0,0.39,40.0,15.6,100.50313284453017,0.13354700854700852,137.2,True,True,False
5.0,0.39,45.0,17.55,90.22995251269043,0.11870845204178539,160.6,True,True,True
5.0,0.39,50.0,19.5,82.56973326525339,0.10683760683760685,184.0,True,True,True
5.0,0.39,55.0,21.45,76.63804950855915,0.09712509712509713,207.39999999999998,True,True,True
5.0,0.39,60.0,23.4,71.90915084637655,0.08903133903133903,230.79999999999998,True,True,True
5.0,0.39,65.0,25.35,68.05087554135426,0.08218277449046679,254.19999999999996,True,True,True
5.0,0.39,70.0,27.3,64.84305875317287,0.07631257631257632,277.6,True,True,True
5.0,0.39,75.0,29.25,62.133998860961235,0.07122507122507123,301.0,True,True,True
5.0,0.39,80.0,31.2,59.81576511842747,0.06677350427350426,324.4,True,True,True
5.0,0.39,85.0,33.15,57.80947312158257,0.0628456510809452,347.8,True,True,True
5.0,0.39,90.0,35.1,56.05612957692606,0.05935422602089269,371.2,True,True,True
5.0,0.39,95.0,37.05,54.5107345317372,0.056230319388214114,394.6000000000001,True,True,True
5.0,0.39,100.0,39.0,53.138364577732155,0.05341880341880342,418.0,True,True,True
5.0,0.39,105.0,40.95,51.91150190475891,0.05087505087505087,441.3999999999999,True,True,True
5.0,0.39,110.0,42.9,50.808170154968,0.04856254856254857,464.79999999999995,True,True,True
5.0,0.39,115.0,44.85,49.81060638119144,0.046451133407655144,488.19999999999993,True,True,True
5.0,0.39,120.0,46.8,48.90429746396835,0.044515669515669515,511.59999999999997,True,True,True
5.0,0.39,125.0,48.75,48.07726940156027,0.04273504273504273,535.0000000000001,True,True,True
5.0,0.39,130.0,50.7,47.31955529567208,0.041091387245233396,558.4,True,True,True
5.0,0.39,135.0,52.65,46.62279172288042,0.03956948401392846,581.8,True,True,True
5.0,0.39,140.0,54.6,45.97990874362256,0.03815628815628816,605.2,True,True,True
5.0,0.39,145.0,56.55,45.38488914875742,0.03684055408193339,628.6,True,True,True
5.0,0.39,150.0,58.5,44.83257954935193,0.03561253561253561,652.0,True,True,True
5.0,0.39,155.0,60.45,44.318540736520575,0.03446374414116349,675.4,True,True,True
5.0,0.39,160.0,62.4,43.83892810634594,0.03338675213675213,698.8,True,True,True
5.0,0.39,165.0,64.35,43.390395330909826,0.03237503237503237,722.2,True,True,True
5.0,0.39,170.0,66.3,42.970016168524175,0.0314228255404726,745.6,True,True,True
5.0,0.39,175.0,68.25,42.57522054944104,0.030525030525030528,769.0,True,True,True
5.0,0.39,180.0,70.2,42.203741986103864,0.029677113010446347,792.4,True,True,True
5.0,0.39,185.0,72.15,41.85357403414716,0.028875028875028876,815.8,True,True,True
5.0,0.39,190.0,74.1,41.52293403756647,0.028115159694107057,839.2000000000002,True,True,True
5.0,0.39,195.0,76.05,41.21023277486012,0.027394258163488935,862.6,True,True,True
5.0,0.39,200.0,78.0,40.91404891519512,0.02670940170940171,886.0,True,True,True
5.0,0.39,205.0,79.95,40.63310741822236,0.02605795288722118,909.4,True,True,True
5.0,0.39,210.0,81.9,40.366261185034254,0.025437525437525435,932.7999999999998,True,True,True
5.0,0.39,215.0,83.85,40.11247540333455,0.024845955078513216,956.2000000000002,True,True,True
5.0,0.39,220.0,85.8,39.87081413631793,0.024281274281274284,979.5999999999999,True,True,True
5.0,0.39,225.0,87.75,39.64042878883906,0.023741690408357073,1003.0000000000001,True,True,True
5.0,0.39,230.0,89.7,39.42054815128032,0.023225566703827572,1026.3999999999999,True,True,True
5.0,0.39,235.0,91.65,39.21046977495015,0.02273140571012911,1049.8,True,True,True
5.0,0.39,240.0,93.6,39.00955247578383,0.022257834757834757,1073.1999999999998,True,True,True
5.0,0.39,245.0,95.55,38.81720979781119,0.02180359323216466,1096.6,True,True,True
5.0,0.39,250.0,97.5,38.63290429602525,0.021367521367521364,1120.0,True,True,True
5.0,0.39,255.0,99.45,38.456142521267125,0.020948550360315066,1143.4,True,True,True
5.0,0.39,260.0,101.4,38.286470608575044,0.020545693622616698,1166.8,True,True,True
5.0,0.39,265.0,103.35,38.12347038594684,0.020158039025963553,1190.2,True,True,True
5.0,0.39,270.0,105.3,37.96675593327493,0.01978474200696423,1213.6,True,True,True
5.0,0.39,275.0,107.25,37.81597053184397,0.019425019425019428,1237.0,True,True,True
5.0,0.39,280.0,109.2,37.670783953633396,0.01907814407814408,1260.4,True,True,True
5.0,0.39,285.0,111.15,37.5308900470697,0.018743439796071373,1283.8,True,True,True
5.0,0.39,290.0,113.1,37.39600458208126,0.018420277040966694,1307.2,True,True,True
5.0,0.39,295.0,115.05,37.265863322535075,0.018108068955526583,1330.6,True,True,True
5.0,0.39,300.0,117.0,37.14022029854779,0.017806267806267807,1354.0,True,True,True
5.0,0.4,10.0,4.0,nan,0.5208333333333334,-2.0000000000000018,False,False,False
5.0,0.4,15.0,6.0,469.7054290780328,0.3472222222222222,21.999999999999996,True,False,False
5.0,0.4,20.0,8.0,240.29168341120055,0.2604166666666667,46.0,True,False,False
5.0,0.4,25.0,10.0,168.19022048733896,0.20833333333333331,70.00000000000001,True,False,False
5.0,0.4,30.0,12.0,132.90652586502372,0.1736111111111111,94.0,True,True,False
5.0,0.4,35.0,14.0,111.97552058059945,0.1488095238095238,118.00000000000001,True,True,False
5.0,0.4,40.0,16.0,98.11978468809325,0.13020833333333334,142.0,True,True,True
5.0,0.4,45.0,18.0,88.27052664402257,0.11574074074074076,165.99999999999997,True,True,True
5.0,0.4,50.0,20.0,80.90950221108551,0.10416666666666666,190.00000000000003,True,True,True
5.0,0.4,55.0,22.0,75.19954867899418,0.0946969696969697,214.0,True,True,True
5.0,0.4,60.0,24.0,70.64118241387924,0.08680555555555555,238.0,True,True,True
5.0,0.4,65.0,26.0,66.91793668588458,0.08012820512820512,262.0,True,True,True
5.0,0.4,70.0,28.0,63.81957135979113,0.0744047619047619,286.00000000000006,True,True,True
5.0,0.4,75.0,30.0,61.200952922899255,0.06944444444444445,310.0,True,True,True
5.0,0.4,80.0,32.0,58.95866288412358,0.06510416666666667,334.0,True,True,True
5.0,0.4,85.0,34.0,57.017015085183736,0.061274509803921566,358.0,True,True,True
5.0,0.4,90.0,36.0,55.31934397302168,0.05787037037037038,381.99999999999994,True,True,True
5.0,0.4,95.0,38.0,53.82238274604134,0.05482456140350877,406.00000000000006,True,True,True
5.0,0.4,100.0,40.0,52.49252416765416,0.05208333333333333,430.00000000000006,True,True,True
5.0,0.4,105.0,42.0,51.3032673772903,0.0496031746031746,454.0,True,True,True
5.0,0.4,110.0,44.0,50.23343386294624,0.04734848484848485,478.0,True,True,True
5.0,0.4,115.0,46.0,49.265895186627105,0.045289855072463775,501.99999999999994,True,True,True
5.0,0.4,120.0,48.0,48.38664901308994,0.043402777777777776,526.0,True,True,True
5.0,0.4,125.0,50.0,47.584137051061475,0.041666666666666664,550.0,True,True,True
5.0,0.4,130.0,52.0,46.8487341032793,0.04006410256410256,574.0,True,True,True
5.0,0.4,135.0,54.0,46.17236015465021,0.038580246913580245,598.0,True,True,True
5.0,0.4,140.0,56.0,45.548182266365465,0.03720238095238095,622.0000000000001,True,True,True
5.0,0.4,145.0,58.0,44.970382920863514,0.035919540229885055,646.0,True,True,True
5.0,0.4,150.0,60.0,44.433978155337805,0.034722222222222224,670.0,True,True,True
5.0,0.4,155.0,62.0,43.93467343123176,0.03360215053763441,694.0,True,True,True
5.0,0.4,160.0,64.0,43.468748410130004,0.032552083333333336,718.0,True,True,True
5.0,0.4,165.0,66.0,43.03296409120195,0.03156565656565656,742.0000000000001,True,True,True
5.0,0.4,170.0,68.0,42.62448740583597,0.030637254901960783,766.0,True,True,True
5.0,0.4,175.0,70.0,42.24082955704918,0.02976190476190476,790.0,True,True,True
5.0,0.4,180.0,72.0,41.87979526691321,0.02893518518518519,813.9999999999999,True,True,True
5.0,0.4,185.0,74.0,41.539440745186,0.02815315315315315,838.0000000000001,True,True,True
5.0,0.4,190.0,76.0,41.21803867942502,0.027412280701754384,862.0000000000001,True,True,True
5.0,0.4,195.0,78.0,40.91404891519512,0.02670940170940171,886.0,True,True,True
5.0,0.4,200.0,80.0,40.62609377589162,0.026041666666666664,910.0000000000001,True,True,True
5.0,0.4,205.0,82.0,40.352937187644415,0.02540650406504065,934.0,True,True,True
5.0,0.4,210.0,84.0,40.09346694202337,0.0248015873015873,958.0,True,True,True
5.0,0.4,215.0,86.0,39.84667955973207,0.024224806201550386,982.0,True,True,True
5.0,0.4,220.0,88.0,39.61166732092981,0.023674242424242424,1006.0,True,True,True
5.0,0.4,225.0,90.0,39.387607108790185,0.023148148148148147,1030.0000000000002,True,True,True
5.0,0.4,230.0,92.0,39.17375077727932,0.022644927536231887,1053.9999999999998,True,True,True
5.0,0.4,235.0,94.0,38.96941680561309,0.022163120567375884,1078.0,True,True,True
5.0,0.4,240.0,96.0,38.773983043239035,0.021701388888888888,1102.0,True,True,True
5.0,0.4,245.0,98.0,38.58688038263581,0.021258503401360544,1126.0,True,True,True
5.0,0.4,250.0,100.0,38.40758722438819,0.020833333333333332,1150.0,True,True,True
5.0,0.4,255.0,102.0,38.23562462116262,0.02042483660130719,1174.0,True,True,True
5.0,0.4,260.0,104.0,38.07055200537849,0.02003205128205128,1198.0,True,True,True
5.0,0.4,265.0,106.0,37.91196342032892,0.019654088050314468,1222.0,True,True,True
5.0,0.4,270.0,108.0,37.75948418687034,0.019290123456790122,1246.0,True,True,True
5.0,0.4,275.0,110.0,37.61276794806216,0.018939393939393936,1270.0,True,True,True
5.0,0.4,280.0,112.0,37.47149404268736,0.018601190476190476,1294.0000000000002,True,True,True
5.0,0.4,285.0,114.0,37.33536516573289,0.01827485380116959,1318.0,True,True,True
5.0,0.4,290.0,116.0,37.20410527990644,0.017959770114942528,1342.0,True,True,True
5.0,0.4,295.0,118.0,37.077457747315485,0.01765536723163842,1366.0,True,True,True
5.0,0.4,300.0,120.0,36.95518365469889,0.017361111111111112,1390.0,True,True,True
10.0,0.02,10.0,0.2,nan,10.416666666666666,-95.2,False,False,False
10.0,0.02,15.0,0.3,nan,6.944444444444445,-92.8,False,False,False
10.0,0.02,20.0,0.4,nan,5.208333333333333,-90.4,False,False,False
10.0,0.02,25.0,0.5,nan,4.166666666666667,-88.0,False,False,False
10.0,0.02,30.0,0.6,nan,3.4722222222222223,-85.6,False,False,False
10.0,0.02,35.0,0.7,nan,2.9761904761904754,-83.2,False,False,False
10.0,0.02,40.0,0.8,nan,2.6041666666666665,-80.8,False,False,False
10.0,0.02,45.0,0.9,nan,2.3148148148148144,-78.4,False,False,False
10.0,0.02,50.0,1.0,nan,2.0833333333333335,-76.0,False,False,False
10.0,0.02,55.0,1.1,nan,1.8939393939393938,-73.6,False,False,False
10.0,0.02,60.0,1.2,nan,1.7361111111111112,-71.2,False,False,False
10.0,0.02,65.0,1.3,nan,1.6025641025641022,-68.8,False,False,False
10.0,0.02,70.0,1.4,nan,1.4880952380952377,-66.39999999999999,False,False,False
10.0,0.02,75.0,1.5,nan,1.3888888888888888,-64.0,False,False,False
10.0,0.02,80.0,1.6,nan,1.3020833333333333,-61.6,False,False,False
10.0,0.02,85.0,1.7,nan,1.2254901960784312,-59.20000000000001,False,False,False
10.0,0.02,90.0,1.8,nan,1.1574074074074072,-56.800000000000004,False,False,False
10.0,0.02,95.0,1.9,nan,1.0964912280701753,-54.400000000000006,False,False,False
10.0,0.02,100.0,2.0,nan,1.0416666666666667,-52.0,False,False,False
10.0,0.02,105.0,2.1,nan,0.9920634920634921,-49.6,False,False,False
10.0,0.02,110.0,2.2,nan,0.9469696969696969,-47.2,False,False,False
10.0,0.02,115.0,2.3,nan,0.9057971014492753,-44.800000000000004,False,False,False
10.0,0.02,120.0,2.4,nan,0.8680555555555556,-42.400000000000006,False,False,False
10.0,0.02,125.0,2.5,nan,0.8333333333333333,-40.0,False,False,False
10.0,0.02,130.0,2.6,nan,0.8012820512820511,-37.6,False,False,False
10.0,0.02,135.0,2.7,nan,0.7716049382716048,-35.2,False,False,False
10.0,0.02,140.0,2.8,nan,0.7440476190476188,-32.8,False,False,False
10.0,0.02,145.0,2.9,nan,0.7183908045977011,-30.400000000000002,False,False,False
10.0,0.02,150.0,3.0,nan,0.6944444444444444,-28.000000000000004,False,False,False
10.0,0.02,155.0,3.1,nan,0.6720430107526881,-25.600000000000012,False,False,False
10.0,0.02,160.0,3.2,nan,0.6510416666666666,-23.2,False,False,False
10.0,0.02,165.0,3.3,nan,0.6313131313131313,-20.799999999999997,False,False,False
10.0,0.02,170.0,3.4,nan,0.6127450980392156,-18.400000000000002,False,False,False
10.0,0.02,175.0,3.5,nan,0.5952380952380952,-16.000000000000004,False,False,False
10.0,0.02,180.0,3.6,nan,0.5787037037037036,-13.60000000000001,False,False,False
10.0,0.02,185.0,3.7,nan,0.563063063063063,-11.199999999999998,False,False,False
10.0,0.02,190.0,3.8,nan,0.5482456140350876,-8.799999999999997,False,False,False
10.0,0.02,195.0,3.9,nan,0.5341880341880342,-6.400000000000006,False,False,False
10.0,0.02,200.0,4.0,nan,0.5208333333333334,-4.0000000000000036,False,False,False
10.0,0.02,205.0,4.1,nan,0.508130081300813,-1.6000000000000014,False,False,False
10.0,0.02,210.0,4.2,23942.593671191265,0.49603174603174605,0.8000000000000007,True,False,False
10.0,0.02,215.0,4.3,6008.138472730822,0.48449612403100784,3.200000000000003,True,False,False
10.0,0.02,220.0,4.4,3446.0734443793312,0.47348484848484845,5.600000000000005,True,False,False
10.0,0.02,225.0,4.5,2421.247433038734,0.462962962962963,8.000000000000007,True,False,False
10.0,0.02,230.0,4.6,1869.4180423168782,0.45289855072463764,10.399999999999986,True,False,False
10.0,0.02,235.0,4.7,1524.5246731157144,0.44326241134751776,12.799999999999988,True,False,False
10.0,0.02,240.0,4.8,1288.5449994517608,0.4340277777777778,15.19999999999999,True,False,False
10.0,0.02,245.0,4.9,1116.923418605249,0.4251700680272109,17.599999999999994,True,False,False
10.0,0.02,250.0,5.0,986.4910171619001,0.41666666666666663,19.999999999999996,True,False,False
10.0,0.02,255.0,5.1,884.0084160278406,0.4084967320261437,22.399999999999995,True,False,False
10.0,0.02,260.0,5.2,801.3611570487599,0.40064102564102555,24.8,True,False,False
10.0,0.02,265.0,5.3,733.2987084777523,0.3930817610062893,27.200000000000003,True,False,False
10.0,0.02,270.0,5.4,676.2734137290704,0.3858024691358024,29.600000000000005,True,False,False
10.0,0.02,275.0,5.5,627.8019131926908,0.3787878787878788,32.00000000000001,True,False,False
10.0,0.02,280.0,5.6,586.093877847434,0.3720238095238094,34.400000000000006,True,False,False
10.0,0.02,285.0,5.7,549.8260210254718,0.36549707602339176,36.79999999999998,True,False,False
10.0,0.02,290.0,5.8,517.9991262633413,0.35919540229885055,39.199999999999996,True,False,False
10.0,0.02,295.0,5.9,489.844565512226,0.3531073446327683,41.599999999999994,True,False,False
10.0,0.02,300.0,6.0,464.761411388505,0.3472222222222222,43.99999999999999,True,False,False
10.0,0.03,10.0,0.3,nan,6.944444444444445,-92.8,False,False,False
10.0,0.03,15.0,0.45,nan,4.629629629629631,-89.2,False,False,False
10.0,0.03,20.0,0.6,nan,3.4722222222222223,-85.6,False,False,False
10.0,0.03,25.0,0.75,nan,2.7777777777777777,-82.0,False,False,False
10.0,0.03,30.0,0.9,nan,2.3148148148148153,-78.4,False,False,False
10.0,0.03,35.0,1.05,nan,1.9841269841269842,-74.8,False,False,False
10.0,0.03,40.0,1.2,nan,1.7361111111111112,-71.2,False,False,False
10.0,0.03,45.0,1.35,nan,1.5432098765432098,-67.6,False,False,False
10.0,0.03,50.0,1.5,nan,1.3888888888888888,-64.0,False,False,False
10.0,0.03,55.0,1.65,nan,1.2626262626262628,-60.400000000000006,False,False,False
10.0,0.03,60.0,1.8,nan,1.1574074074074077,-56.800000000000004,False,False,False
10.0,0.03,65.0,1.95,nan,1.0683760683760684,-53.2,False,False,False
10.0,0.03,70.0,2.1,nan,0.9920634920634921,-49.6,False,False,False
10.0,0.03,75.0,2.25,nan,0.925925925925926,-46.0,False,False,False
10.0,0.03,80.0,2.4,nan,0.8680555555555556,-42.400000000000006,False,False,False
10.0,0.03,85.0,2.55,nan,0.8169934640522876,-38.8,False,False,False
10.0,0.03,90.0,2.7,nan,0.7716049382716049,-35.20000000000001,False,False,False
10.0,0.03,95.0,2.85,nan,0.7309941520467835,-31.60000000000001,False,False,False
10.0,0.03,100.0,3.0,nan,0.6944444444444444,-28.000000000000004,False,False,False
10.0,0.03,105.0,3.15,nan,0.6613756613756614,-24.4,False,False,False
10.0,0.03,110.0,3.3,nan,0.6313131313131314,-20.800000000000008,False,False,False
10.0,0.03,115.0,3.45,nan,0.6038647342995169,-17.200000000000003,False,False,False
10.0,0.03,120.0,3.6,nan,0.5787037037037038,-13.60000000000001,False,False,False
10.0,0.03,125.0,3.75,nan,0.5555555555555556,-10.000000000000009,False,False,False
10.0,0.03,130.0,3.9,nan,0.5341880341880342,-6.400000000000006,False,False,False
10.0,0.03,135.0,4.05,nan,0.51440329218107,-2.8000000000000025,False,False,False
10.0,0.03,140.0,4.2,23942.593671191265,0.49603174603174605,0.8000000000000007,True,False,False
10.0,0.03,145.0,4.35,4377.733454688985,0.4789272030651341,4.399999999999982,True,False,False
10.0,0.03,150.0,4.5,2421.247433038734,0.462962962962963,8.000000000000007,True,False,False
10.0,0.03,155.0,4.65,1679.132045516236,0.4480286738351255,11.599999999999989,True,False,False
10.0,0.03,160.0,4.8,1288.5449994517608,0.4340277777777778,15.19999999999999,True,False,False
10.0,0.03,165.0,4.95,1047.5444816672975,0.4208754208754208,18.799999999999997,True,False,False
10.0,0.03,170.0,5.1,884.0084160278406,0.4084967320261438,22.399999999999995,True,False,False
10.0,0.03,175.0,5.25,765.759260873156,0.3968253968253968,26.0,True,False,False
10.0,0.03,180.0,5.4,676.2734137290709,0.38580246913580246,29.59999999999998,True,False,False
10.0,0.03,185.0,5.55,606.1941358451484,0.3753753753753754,33.19999999999999,True,False,False
10.0,0.03,190.0,5.7,549.8260210254718,0.36549707602339176,36.79999999999998,True,False,False
10.0,0.03,195.0,5.85,503.50370884692546,0.3561253561253562,40.39999999999999,True,False,False
10.0,0.03,200.0,6.0,464.761411388505,0.3472222222222222,43.99999999999999,True,False,False
10.0,0.03,205.0,6.15,431.8792933775769,0.33875338753387535,47.59999999999998,True,False,False
10.0,0.03,210.0,6.3,403.6212232119352,0.3306878306878307,51.2,True,False,False
10.0,0.03,215.0,6.45,379.0758921921444,0.32299741602067183,54.800000000000004,True,False,False
10.0,0.03,220.0,6.6,357.5566978734239,0.3156565656565657,58.399999999999984,True,False,False
10.0,0.03,225.0,6.75,338.53650676590945,0.30864197530864196,61.999999999999986,True,False,False
10.0,0.03,230.0,6.9,321.6038976092198,0.30193236714975846,65.6,True,False,False
10.0,0.03,235.0,7.05,306.43306281565384,0.29550827423167847,69.2,True,False,False
10.0,0.03,240.0,7.2,292.7626402544188,0.2893518518518519,72.79999999999997,True,False,False
10.0,0.03,245.0,7.35,280.3805297670172,0.28344671201814065,76.39999999999999,True,False,False
10.0,0.03,250.0,7.5,269.11280922348186,0.2777777777777778,79.99999999999999,True,False,False
10.0,0.03,255.0,7.65,258.81551437269115,0.27233115468409586,83.59999999999998,True,False,False
10.0,0.03,260.0,7.8,249.36845487655293,0.2670940170940171,87.19999999999999,True,False,False
10.0,0.03,265.0,7.95,240.6705014197561,0.2620545073375262,90.79999999999997,True,False,False
10.0,0.03,270.0,8.1,232.6359511927148,0.257201646090535,94.4,True,False,False
10.0,0.03,275.0,8.25,225.19169445174194,0.2525252525252525,98.0,True,False,False
10.0,0.03,280.0,8.4,218.27498346406634,0.24801587301587302,101.6,True,False,False
10.0,0.03,285.0,8.55,211.83165954018617,0.24366471734892792,105.19999999999996,True,False,False
10.0,0.03,290.0,8.7,205.81473205244498,0.23946360153256704,108.79999999999997,True,False,False
10.0,0.03,295.0,8.85,200.18323052477265,0.23540489642184556,112.39999999999998,True,False,False
10.0,0.03,300.0,9.0,194.90127047123167,0.2314814814814815,116.00000000000001,True,False,False
10.0,0.04,10.0,0.4,nan,5.208333333333333,-90.4,False,False,False
10.0,0.04,15.0,0.6,nan,3.4722222222222223,-85.6,False,False,False
10.0,0.04,20.0,0.8,nan,2.6041666666666665,-80.8,False,False,False
10.0,0.04,25.0,1.0,nan,2.0833333333333335,-76.0,False,False,False
10.0,0.04,30.0,1.2,nan,1.7361111111111112,-71.2,False,False,False
10.0,0.04,35.0,1.4,nan,1.4880952380952377,-66.39999999999999,False,False,False
10.0,0.04,40.0,1.6,nan,1.3020833333333333,-61.6,False,False,False
10.0,0.04,45.0,1.8,nan,1.1574074074074072,-56.800000000000004,False,False,False
10.0,0.04,50.0,2.0,nan,1.0416666666666667,-52.0,False,False,False
10.0,0.04,55.0,2.2,nan,0.9469696969696969,-47.2,False,False,False
10.0,0.04,60.0,2.4,nan,0.8680555555555556,-42.400000000000006,False,False,False
10.0,0.04,65.0,2.6,nan,0.8012820512820511,-37.6,False,False,False
10.0,0.04,70.0,2.8,nan,0.7440476190476188,-32.8,False,False,False
10.0,0.04,75.0,3.0,nan,0.6944444444444444,-28.000000000000004,False,False,False
10.0,0.04,80.0,3.2,nan,0.6510416666666666,-23.2,False,False,False
10.0,0.04,85.0,3.4,nan,0.6127450980392156,-18.400000000000002,False,False,False
10.0,0.04,90.0,3.6,nan,0.5787037037037036,-13.60000000000001,False,False,False
10.0,0.04,95.0,3.8,nan,0.5482456140350876,-8.799999999999997,False,False,False
10.0,0.04,100.0,4.0,nan,0.5208333333333334,-4.0000000000000036,False,False,False
10.0,0.04,105.0,4.2,23942.593671191265,0.49603174603174605,0.8000000000000007,True,False,False
10.0,0.04,110.0,4.4,3446.0734443793312,0.47348484848484845,5.600000000000005,True,False,False
10.0,0.04,115.0,4.6,1869.4180423168782,0.45289855072463764,10.399999999999986,True,False,False
10.0,0.04,120.0,4.8,1288.5449994517608,0.4340277777777778,15.19999999999999,True,False,False
10.0,0.04,125.0,5.0,986.4910171619001,0.41666666666666663,19.999999999999996,True,False,False
10.0,0.04,130.0,5.2,801.3611570487599,0.40064102564102555,24.8,True,False,False
10.0,0.04,135.0,5.4,676.2734137290704,0.3858024691358024,29.600000000000005,True,False,False
10.0,0.04,140.0,5.6,586.093877847434,0.3720238095238094,34.400000000000006,True,False,False
10.0,0.04,145.0,5.8,517.9991262633413,0.35919540229885055,39.199999999999996,True,False,False
10.0,0.04,150.0,6.0,464.761411388505,0.3472222222222222,43.99999999999999,True,False,False
10.0,0.04,155.0,6.2,421.99668960380063,0.33602150537634407,48.799999999999976,True,False,False
10.0,0.04,160.0,6.4,386.8913209745654,0.3255208333333333,53.6,True,False,False
10.0,0.04,165.0,6.6,357.55669787342373,0.31565656565656564,58.400000000000006,True,False,False
10.0,0.04,170.0,6.8,332.6779668889113,0.3063725490196078,63.199999999999996,True,False,False
10.0,0.04,175.0,7.0,311.31152733750645,0.2976190476190476,68.0,True,False,False
10.0,0.04,180.0,7.2,292.7626402544188,0.2893518518518518,72.79999999999997,True,False,False
10.0,0.04,185.0,7.4,276.508460851713,0.2815315315315315,77.6,True,False,False
10.0,0.04,190.0,7.6,262.1479722532059,0.2741228070175438,82.4,True,False,False
10.0,0.04,195.0,7.8,249.36845487655293,0.2670940170940171,87.19999999999999,True,False,False
10.0,0.04,200.0,8.0,237.92245235659408,0.2604166666666667,92.0,True,False,False
10.0,0.04,205.0,8.2,227.61159058241628,0.2540650406504065,96.8,True,False,False
10.0,0.04,210.0,8.4,218.27498346406634,0.24801587301587302,101.6,True,False,False
10.0,0.04,215.0,8.6,209.78077698797352,0.24224806201550392,106.4,True,False,False
10.0,0.04,220.0,8.8,202.0198833011837,0.23674242424242423,111.20000000000002,True,False,False
10.0,0.04,225.0,9.0,194.90127047123167,0.2314814814814815,116.00000000000001,True,False,False
10.0,0.04,230.0,9.2,188.34837521716986,0.22644927536231882,120.79999999999997,True,False,False
10.0,0.04,235.0,9.4,182.29633819908733,0.22163120567375888,125.59999999999998,True,False,False
10.0,0.04,240.0,9.6,176.68984991853227,0.2170138888888889,130.39999999999998,True,False,False
10.0,0.04,245.0,9.8,171.4814554803835,0.21258503401360546,135.2,True,False,False
10.0,0.04,250.0,10.0,166.6302080894221,0.20833333333333331,140.0,True,False,False
10.0,0.04,255.0,10.2,162.1005903597399,0.20424836601307186,144.8,True,True,False
10.0,0.04,260.0,10.4,157.86164328650787,0.20032051282051277,149.6,True,True,False
10.0,0.04,265.0,10.6,153.88625768933179,0.19654088050314464,154.4,True,True,False
10.0,0.04,270.0,10.8,150.15059383670896,0.1929012345679012,159.2,True,True,False
10.0,0.04,275.0,11.0,146.63360299009338,0.1893939393939394,164.0,True,True,False
10.0,0.04,280.0,11.2,143.31663058025208,0.1860119047619047,168.80000000000004,True,True,False
10.0,0.04,285.0,11.4,140.18308521611638,0.18274853801169588,173.59999999999997,True,True,False
10.0,0.04,290.0,11.6,137.21816112718076,0.17959770114942528,178.39999999999998,True,True,False
10.0,0.04,295.0,11.8,134.40860423941206,0.17655367231638416,183.19999999999996,True,True,False
10.0,0.04,300.0,12.0,131.74251408633793,0.1736111111111111,188.0,True,True,False
10.0,0.05,10.0,0.5,nan,4.166666666666667,-88.0,False,False,False
10.0,0.05,15.0,0.75,nan,2.7777777777777777,-82.0,False,False,False
10.0,0.05,20.0,1.0,nan,2.0833333333333335,-76.0,False,False,False
10.0,0.05,25.0,1.25,nan,1.6666666666666665,-70.0,False,False,False
10.0,0.05,30.0,1.5,nan,1.3888888888888888,-64.0,False,False,False
10.0,0.05,35.0,1.75,nan,1.1904761904761905,-57.99999999999999,False,False,False
10.0,0.05,40.0,2.0,nan,1.0416666666666667,-52.0,False,False,False
10.0,0.05,45.0,2.25,nan,0.925925925925926,-46.00000000000001,False,False,False
10.0,0.05,50.0,2.5,nan,0.8333333333333333,-39.99999999999999,False,False,False
10.0,0.05,55.0,2.75,nan,0.7575757575757576,-34.0,False,False,False
10.0,0.05,60.0,3.0,nan,0.6944444444444444,-28.000000000000004,False,False,False
10.0,0.05,65.0,3.25,nan,0.641025641025641,-21.999999999999996,False,False,False
10.0,0.05,70.0,3.5,nan,0.5952380952380952,-15.999999999999993,False,False,False
10.0,0.05,75.0,3.75,nan,0.5555555555555556,-9.999999999999998,False,False,False
10.0,0.05,80.0,4.0,nan,0.5208333333333334,-4.0000000000000036,False,False,False
10.0,0.05,85.0,4.25,9595.02951242291,0.49019607843137253,2.0000000000000018,True,False,False
10.0,0.05,90.0,4.5,2421.2474330387413,0.462962962962963,7.999999999999985,True,False,False
10.0,0.05,95.0,4.75,1396.4214216981377,0.43859649122807015,14.000000000000012,True,False,False
10.0,0.05,100.0,5.0,986.4910171618992,0.41666666666666663,20.000000000000018,True,False,False
10.0,0.05,105.0,5.25,765.759260873156,0.3968253968253968,26.0,True,False,False
10.0,0.05,110.0,5.5,627.8019131926908,0.3787878787878788,32.00000000000001,True,False,False
10.0,0.05,115.0,5.75,533.4100437271097,0.3623188405797102,37.99999999999999,True,False,False
10.0,0.05,120.0,6.0,464.761411388505,0.3472222222222222,43.99999999999999,True,False,False
10.0,0.05,125.0,6.25,412.5884508111655,0.3333333333333333,50.0,True,False,False
10.0,0.05,130.0,6.5,371.59541035754154,0.3205128205128205,56.00000000000001,True,False,False
10.0,0.05,135.0,6.75,338.5365067659093,0.30864197530864196,62.00000000000001,True,False,False
10.0,0.05,140.0,7.0,311.3115273375064,0.2976190476190476,68.00000000000001,True,False,False
10.0,0.05,145.0,7.25,288.5014094380337,0.28735632183908044,74.0,True,False,False
10.0,0.05,150.0,7.5,269.1128092234818,0.2777777777777778,80.0,True,False,False
10.0,0.05,155.0,7.75,252.42959508537908,0.2688172043010753,85.99999999999999,True,False,False
10.0,0.05,160.0,8.0,237.92245235659408,0.2604166666666667,92.0,True,False,False
10.0,0.05,165.0,8.25,225.1916944517419,0.2525252525252525,98.00000000000001,True,False,False
10.0,0.05,170.0,8.5,213.92987015129583,0.24509803921568626,104.0,True,False,False
10.0,0.05,175.0,8.75,203.8966085018074,0.23809523809523808,110.00000000000001,True,False,False
10.0,0.05,180.0,9.0,194.90127047123173,0.2314814814814815,115.99999999999997,True,False,False
10.0,0.05,185.0,9.25,186.79071978792564,0.2252252252252252,122.00000000000001,True,False,False
10.0,0.05,190.0,9.5,179.44053323117953,0.21929824561403508,128.00000000000003,True,False,False
10.0,0.05,195.0,9.75,172.74857233623166,0.2136752136752137,133.99999999999997,True,False,False
10.0,0.05,200.0,10.0,166.63020808942207,0.20833333333333331,140.00000000000003,True,False,False
10.0,0.05,205.0,10.25,161.01472309577497,0.2032520325203252,146.0,True,True,False
10.0,0.05,210.0,10.5,155.84256586478423,0.1984126984126984,152.0,True,True,False
10.0,0.05,215.0,10.75,151.06323070196999,0.19379844961240308,158.0,True,True,False
10.0,0.05,220.0,11.0,146.63360299009338,0.1893939393939394,164.0,True,True,False
10.0,0.05,225.0,11.25,142.51665488140802,0.18518518518518517,170.00000000000003,True,True,False
10.0,0.05,230.0,11.5,138.6804077801331,0.1811594202898551,175.99999999999997,True,True,False
10.0,0.05,235.0,11.75,135.0971000481729,0.17730496453900707,182.00000000000003,True,True,False
10.0,0.05,240.0,12.0,131.74251408633793,0.1736111111111111,188.0,True,True,False
10.0,0.05,245.0,12.25,128.59542828709067,0.17006802721088435,194.0,True,True,False
10.0,0.05,250.0,12.5,125.63716763579819,0.16666666666666666,200.0,True,True,False
10.0,0.05,255.0,12.75,122.85123284768784,0.16339869281045752,206.0,True,True,False
10.0,0.05,260.0,13.0,120.22299248154597,0.16025641025641024,212.0,True,True,False
10.0,0.05,265.0,13.25,117.73942589702662,0.15723270440251574,217.99999999999997,True,True,False
10.0,0.05,270.0,13.5,115.38890752239222,0.15432098765432098,224.00000000000003,True,True,False
10.0,0.05,275.0,13.75,113.16102488904309,0.1515151515151515,230.00000000000003,True,True,False
10.0,0.05,280.0,14.0,111.04642442349137,0.1488095238095238,236.00000000000003,True,True,False
10.0,0.05,285.0,14.25,109.03668017937198,0.14619883040935672,242.0,True,True,False
10.0,0.05,290.0,14.5,107.12418162448418,0.14367816091954022,248.0,True,True,False
10.0,0.05,295.0,14.75,105.30203733203201,0.14124293785310735,254.0,True,True,False
10.0,0.05,300.0,15.0,103.5639920069238,0.1388888888888889,260.0,True,True,False
10.0,0.06,10.0,0.6,nan,3.4722222222222223,-85.6,False,False,False
10.0,0.06,15.0,0.9,nan,2.3148148148148153,-78.4,False,False,False
10.0,0.06,20.0,1.2,nan,1.7361111111111112,-71.2,False,False,False
10.0,0.06,25.0,1.5,nan,1.3888888888888888,-64.0,False,False,False
10.0,0.06,30.0,1.8,nan,1.1574074074074077,-56.800000000000004,False,False,False
10.0,0.06,35.0,2.1,nan,0.9920634920634921,-49.6,False,False,False
10.0,0.06,40.0,2.4,nan,0.8680555555555556,-42.400000000000006,False,False,False
10.0,0.06,45.0,2.7,nan,0.7716049382716049,-35.20000000000001,False,False,False
10.0,0.06,50.0,3.0,nan,0.6944444444444444,-28.000000000000004,False,False,False
10.0,0.06,55.0,3.3,nan,0.6313131313131314,-20.800000000000008,False,False,False
10.0,0.06,60.0,3.6,nan,0.5787037037037038,-13.60000000000001,False,False,False
10.0,0.06,65.0,3.9,nan,0.5341880341880342,-6.400000000000006,False,False,False
10.0,0.06,70.0,4.2,23942.593671191265,0.49603174603174605,0.8000000000000007,True,False,False
10.0,0.06,75.0,4.5,2421.247433038734,0.462962962962963,8.000000000000007,True,False,False
10.0,0.06,80.0,4.8,1288.5449994517608,0.4340277777777778,15.19999999999999,True,False,False
10.0,0.06,85.0,5.1,884.0084160278406,0.4084967320261438,22.399999999999995,True,False,False
10.0,0.06,90.0,5.4,676.2734137290709,0.38580246913580246,29.59999999999998,True,False,False
10.0,0.06,95.0,5.7,549.8260210254718,0.36549707602339176,36.79999999999998,True,False,False
10.0,0.06,100.0,6.0,464.761411388505,0.3472222222222222,43.99999999999999,True,False,False
10.0,0.06,105.0,6.3,403.6212232119352,0.3306878306878307,51.2,True,False,False
10.0,0.06,110.0,6.6,357.5566978734239,0.3156565656565657,58.399999999999984,True,False,False
10.0,0.06,115.0,6.9,321.6038976092198,0.30193236714975846,65.6,True,False,False
10.0,0.06,120.0,7.2,292.7626402544188,0.2893518518518519,72.79999999999997,True,False,False
10.0,0.06,125.0,7.5,269.11280922348186,0.2777777777777778,79.99999999999999,True,False,False
10.0,0.06,130.0,7.8,249.36845487655293,0.2670940170940171,87.19999999999999,True,False,False
10.0,0.06,135.0,8.1,232.6359511927148,0.257201646090535,94.4,True,False,False
10.0,0.06,140.0,8.4,218.27498346406634,0.24801587301587302,101.6,True,False,False
10.0,0.06,145.0,8.7,205.81473205244498,0.23946360153256704,108.79999999999997,True,False,False
10.0,0.06,150.0,9.0,194.90127047123167,0.2314814814814815,116.00000000000001,True,False,False
10.0,0.06,155.0,9.3,185.26340829561482,0.22401433691756276,123.19999999999997,True,False,False
10.0,0.06,160.0,9.6,176.68984991853227,0.2170138888888889,130.39999999999998,True,False,False
10.0,0.06,165.0,9.9,169.01352439486536,0.2104377104377104,137.6,True,False,False
10.0,0.06,170.0,10.2,162.1005903597399,0.2042483660130719,144.8,True,True,False
10.0,0.06,175.0,10.5,155.84256586478423,0.1984126984126984,152.0,True,True,False
10.0,0.06,180.0,10.8,150.150593836709,0.19290123456790123,159.19999999999996,True,True,False
10.0,0.06,185.0,11.1,144.95119631106334,0.1876876876876877,166.39999999999998,True,True,False
10.0,0.06,190.0,11.4,140.18308521611638,0.18274853801169588,173.59999999999997,True,True,False
10.0,0.06,195.0,11.7,135.79473518182888,0.1780626780626781,180.79999999999998,True,True,False
10.0,0.06,200.0,12.0,131.74251408633793,0.1736111111111111,188.0,True,True,False
10.0,0.06,205.0,12.3,127.98922733395698,0.16937669376693767,195.19999999999993,True,True,False
10.0,0.06,210.0,12.6,124.50297284063866,0.16534391534391535,202.4,True,True,False
10.0,0.06,215.0,12.9,121.25623201480022,0.16149870801033592,209.6,True,True,False
10.0,0.06,220.0,13.2,118.22514187112081,0.15782828282828285,216.79999999999998,True,True,False
10.0,0.06,225.0,13.5,115.38890752239223,0.15432098765432098,223.99999999999997,True,True,False
10.0,0.06,230.0,13.8,112.72932444797894,0.15096618357487923,231.19999999999996,True,True,False
10.0,0.06,235.0,14.1,110.23038733108051,0.14775413711583923,238.4,True,True,False
10.0,0.06,240.0,14.4,107.87796769986343,0.14467592592592596,245.59999999999994,True,True,False
10.0,0.06,245.0,14.7,105.65954665523468,0.14172335600907032,252.79999999999998,True,True,False
10.0,0.06,250.0,15.0,103.56399200692381,0.1388888888888889,259.99999999999994,True,True,False
10.0,0.06,255.0,15.3,101.58137144145606,0.13616557734204793,267.2,True,True,False
10.0,0.06,260.0,15.6,99.70279510391369,0.13354700854700854,274.4,True,True,True
10.0,0.06,265.0,15.9,97.9202823290866,0.1310272536687631,281.59999999999997,True,True,True
10.0,0.06,270.0,16.2,96.22664830757496,0.1286008230452675,288.8,True,True,True
10.0,0.06,275.0,16.5,94.61540729251524,0.12626262626262624,296.0,True,True,True
10.0,0.06,280.0,16.8,93.08068959743198,0.12400793650793651,303.2,True,True,True
10.0,0.06,285.0,17.1,91.61717014593509,0.12183235867446396,310.3999999999999,True,True,True
10.0,0.06,290.0,17.4,90.22000674009797,0.11973180076628352,317.59999999999997,True,True,True
10.0,0.06,295.0,17.7,88.88478653944577,0.11770244821092278,324.79999999999995,True,True,True
10.0,0.06,300.0,18.0,87.60747950412302,0.11574074074074076,332.0,True,True,True
10.0,0.07,10.0,0.7,nan,2.9761904761904754,-83.2,False,False,False
10.0,0.07,15.0,1.05,nan,1.9841269841269842,-74.8,False,False,False
10.0,0.07,20.0,1.4,nan,1.4880952380952377,-66.39999999999999,False,False,False
10.0,0.07,25.0,1.75,nan,1.1904761904761905,-57.99999999999999,False,False,False
10.0,0.07,30.0,2.1,nan,0.9920634920634921,-49.6,False,False,False
10.0,0.07,35.0,2.45,nan,0.8503401360544218,-41.199999999999996,False,False,False
10.0,0.07,40.0,2.8,nan,0.7440476190476188,-32.8,False,False,False
10.0,0.07,45.0,3.15,nan,0.6613756613756613,-24.4,False,False,False
10.0,0.07,50.0,3.5,nan,0.5952380952380952,-15.999999999999993,False,False,False
10.0,0.07,55.0,3.85,nan,0.5411255411255411,-7.599999999999995,False,False,False
10.0,0.07,60.0,4.2,23942.593671191265,0.49603174603174605,0.8000000000000007,True,False,False
10.0,0.07,65.0,4.55,2109.343864369858,0.45787545787545775,9.200000000000008,True,False,False
10.0,0.07,70.0,4.9,1116.9234186052477,0.4251700680272109,17.600000000000016,True,False,False
10.0,0.07,75.0,5.25,765.7592608731553,0.39682539682539675,26.00000000000002,True,False,False
10.0,0.07,80.0,5.6,586.093877847434,0.3720238095238094,34.400000000000006,True,False,False
10.0,0.07,85.0,5.95,476.95135544863115,0.350140056022409,42.79999999999999,True,False,False
10.0,0.07,90.0,6.3,403.6212232119352,0.33068783068783064,51.2,True,False,False
10.0,0.07,95.0,6.65,350.9613295922945,0.3132832080200501,59.60000000000003,True,False,False
10.0,0.07,100.0,7.0,311.3115273375064,0.2976190476190476,68.00000000000001,True,False,False
10.0,0.07,105.0,7.35,280.3805297670172,0.28344671201814053,76.4,True,False,False
10.0,0.07,110.0,7.7,255.57737133785122,0.27056277056277056,84.80000000000001,True,False,False
10.0,0.07,115.0,8.05,235.24516850535915,0.25879917184265006,93.2,True,False,False
10.0,0.07,120.0,8.4,218.27498346406634,0.24801587301587302,101.6,True,False,False
10.0,0.07,125.0,8.75,203.8966085018074,0.23809523809523808,110.00000000000001,True,False,False
10.0,0.07,130.0,9.1,191.55840836527446,0.22893772893772887,118.40000000000002,True,False,False
10.0,0.07,135.0,9.45,180.8549224424146,0.2204585537918871,126.80000000000003,True,False,False
10.0,0.07,140.0,9.8,171.48145548038352,0.21258503401360546,135.20000000000002,True,False,False
10.0,0.07,145.0,10.15,163.20460582310253,0.20525451559934318,143.6,True,True,False
10.0,0.07,150.0,10.5,155.84256586478418,0.19841269841269837,152.00000000000006,True,True,False
10.0,0.07,155.0,10.85,149.25161238589078,0.1920122887864823,160.4,True,True,False
10.0,0.07,160.0,11.2,143.31663058025208,0.1860119047619047,168.80000000000004,True,True,False
10.0,0.07,165.0,11.55,137.9443332798884,0.18037518037518036,177.20000000000002,True,True,False
10.0,0.07,170.0,11.9,133.0583215110232,0.1750700280112045,185.6,True,True,False
10.0,0.07,175.0,12.25,128.59542828709064,0.17006802721088432,194.00000000000003,True,True,False
10.0,0.07,180.0,12.6,124.50297284063866,0.16534391534391532,202.4,True,True,False
10.0,0.07,185.0,12.95,120.73667133868565,0.16087516087516085,210.8,True,True,False
10.0,0.07,190.0,13.3,117.25902798104292,0.15664160401002505,219.20000000000005,True,True,False
10.0,0.07,195.0,13.65,114.03808237563395,0.15262515262515258,227.60000000000002,True,True,False
10.0,0.07,200.0,14.0,111.04642442349137,0.1488095238095238,236.00000000000003,True,True,False
10.0,0.07,205.0,14.35,108.26041235349281,0.1451800232288037,244.4,True,True,False
10.0,0.07,210.0,14.7,105.65954665523464,0.14172335600907027,252.8,True,True,False
10.0,0.07,215.0,15.05,103.22596481505742,0.13842746400885936,261.20000000000005,True,True,False
10.0,0.07,220.0,15.4,100.94403050794759,0.13528138528138528,269.6,True,True,False
10.0,0.07,225.0,15.75,98.79999726687896,0.13227513227513224,278.0,True,True,True
10.0,0.07,230.0,16.1,96.78173133883388,0.12939958592132503,286.4,True,True,True
10.0,0.07,235.0,16.45,94.87848192229207,0.1266464032421479,294.80000000000007,True,True,True
10.0,0.07,240.0,16.8,93.08068959743198,0.12400793650793651,303.2,True,True,True
10.0,0.07,245.0,17.15,91.37982574194818,0.1214771622934888,311.6000000000001,True,True,True
10.0,0.07,250.0,17.5,89.76825723887728,0.11904761904761904,320.0,True,True,True
10.0,0.07,255.0,17.85,88.23913194790016,0.11671335200746964,328.4,True,True,True
10.0,0.07,260.0,18.2,86.78628131514277,0.11446886446886444,336.80000000000007,True,True,True
10.0,0.07,265.0,18.55,85.40413720217197,0.11230907457322549,345.2,True,True,True
10.0,0.07,270.0,18.9,84.08766056968166,0.11022927689594356,353.6000000000001,True,True,True
10.0,0.07,275.0,19.25,82.83228009030142,0.1082251082251082,362.0,True,True,True
10.0,0.07,280.0,19.6,81.6338391143056,0.10629251700680273,370.40000000000003,True,True,True
10.0,0.07,285.0,19.95,80.48854969162743,0.10442773600668337,378.8,True,True,True
10.0,0.07,290.0,20.3,79.3929525786109,0.10262725779967159,387.2,True,True,True
10.0,0.07,295.0,20.65,78.34388233995911,0.10088781275221953,395.6000000000001,True,True,True
10.0,0.07,300.0,21.0,77.33843680430073,0.09920634920634919,404.0000000000001,True,True,True
10.0,0.08,10.0,0.8,nan,2.6041666666666665,-80.8,False,False,False
10.0,0.08,15.0,1.2,nan,1.7361111111111112,-71.2,False,False,False
10.0,0.08,20.0,1.6,nan,1.3020833333333333,-61.6,False,False,False
10.0,0.08,25.0,2.0,nan,1.0416666666666667,-52.0,False,False,False
10.0,0.08,30.0,2.4,nan,0.8680555555555556,-42.400000000000006,False,False,False
10.0,0.08,35.0,2.8,nan,0.7440476190476188,-32.8,False,False,False
10.0,0.08,40.0,3.2,nan,0.6510416666666666,-23.2,False,False,False
10.0,0.08,45.0,3.6,nan,0.5787037037037036,-13.60000000000001,False,False,False
10.0,0.08,50.0,4.0,nan,0.5208333333333334,-4.0000000000000036,False,False,False
10.0,0.08,55.0,4.4,3446.0734443793312,0.47348484848484845,5.600000000000005,True,False,False
10.0,0.08,60.0,4.8,1288.5449994517608,0.4340277777777778,15.19999999999999,True,False,False
10.0,0.08,65.0,5.2,801.3611570487599,0.40064102564102555,24.8,True,False,False
10.0,0.08,70.0,5.6,586.093877847434,0.3720238095238094,34.400000000000006,True,False,False
10.0,0.08,75.0,6.0,464.761411388505,0.3472222222222222,43.99999999999999,True,False,False
10.0,0.08,80.0,6.4,386.8913209745654,0.3255208333333333,53.6,True,False,False
10.0,0.08,85.0,6.8,332.6779668889113,0.3063725490196078,63.199999999999996,True,False,False
10.0,0.08,90.0,7.2,292.7626402544188,0.2893518518518518,72.79999999999997,True,False,False
10.0,0.08,95.0,7.6,262.1479722532059,0.2741228070175438,82.4,True,False,False
10.0,0.08,100.0,8.0,237.92245235659408,0.2604166666666667,92.0,True,False,False
10.0,0.08,105.0,8.4,218.27498346406634,0.24801587301587302,101.6,True,False,False
10.0,0.08,110.0,8.8,202.0198833011837,0.23674242424242423,111.20000000000002,True,False,False
10.0,0.08,115.0,9.2,188.34837521716986,0.22644927536231882,120.79999999999997,True,False,False
10.0,0.08,120.0,9.6,176.68984991853227,0.2170138888888889,130.39999999999998,True,False,False
10.0,0.08,125.0,10.0,166.6302080894221,0.20833333333333331,140.0,True,False,False
10.0,0.08,130.0,10.4,157.86164328650787,0.20032051282051277,149.6,True,True,False
10.0,0.08,135.0,10.8,150.15059383670896,0.1929012345679012,159.2,True,True,False
10.0,0.08,140.0,11.2,143.31663058025208,0.1860119047619047,168.80000000000004,True,True,False
10.0,0.08,145.0,11.6,137.21816112718076,0.17959770114942528,178.39999999999998,True,True,False
10.0,0.08,150.0,12.0,131.74251408633793,0.1736111111111111,188.0,True,True,False
10.0,0.08,155.0,12.4,126.79891372152844,0.16801075268817203,197.59999999999994,True,True,False
10.0,0.08,160.0,12.8,122.31340759901788,0.16276041666666666,207.2,True,True,False
10.0,0.08,165.0,13.2,118.2251418711208,0.15782828282828282,216.80000000000004,True,True,False
10.0,0.08,170.0,13.6,114.48358419081926,0.1531862745098039,226.39999999999998,True,True,False
10.0,0.08,175.0,14.0,111.04642442349139,0.1488095238095238,236.0,True,True,False
10.0,0.08,180.0,14.4,107.87796769986343,0.1446759259259259,245.59999999999994,True,True,False
10.0,0.08,185.0,14.8,104.94789016547391,0.14076576576576574,255.2,True,True,False
10.0,0.08,190.0,15.2,102.23026538282262,0.1370614035087719,264.8,True,True,False
10.0,0.08,195.0,15.6,99.70279510391369,0.13354700854700854,274.4,True,True,True
10.0,0.08,200.0,16.0,97.34619605512819,0.13020833333333334,284.0,True,True,True
10.0,0.08,205.0,16.4,95.14370702588178,0.12703252032520326,293.6,True,True,True
10.0,0.08,210.0,16.8,93.08068959743198,0.12400793650793651,303.2,True,True,True
10.0,0.08,215.0,17.2,91.14430239476941,0.12112403100775196,312.8,True,True,True
10.0,0.08,220.0,17.6,89.32323353668225,0.11837121212121211,322.4,True,True,True
10.0,0.08,225.0,18.0,87.60747950412302,0.11574074074074076,332.0,True,True,True
10.0,0.08,230.0,18.4,85.98816129540788,0.11322463768115941,341.59999999999997,True,True,True
10.0,0.08,235.0,18.8,84.45737073363844,0.11081560283687944,351.19999999999993,True,True,True
10.0,0.08,240.0,19.2,83.00804131041106,0.10850694444444445,360.79999999999995,True,True,True
10.0,0.08,245.0,19.6,81.6338391143056,0.10629251700680273,370.4,True,True,True
10.0,0.08,250.0,20.0,80.32907029231916,0.10416666666666666,380.0,True,True,True
10.0,0.08,255.0,20.4,79.08860219256613,0.10212418300653593,389.6,True,True,True
10.0,0.08,260.0,20.8,77.90779588518599,0.10016025641025639,399.2,True,True,True
10.0,0.08,265.0,21.2,76.78244819106835,0.09827044025157232,408.8,True,True,True
10.0,0.08,270.0,21.6,75.70874169132703,0.0964506172839506,418.4,True,True,True
10.0,0.08,275.0,22.0,74.68320146447131,0.0946969696969697,428.0,True,True,True
10.0,0.08,280.0,22.4,73.70265751813574,0.09300595238095236,437.6000000000001,True,True,True
10.0,0.08,285.0,22.8,72.76421205965718,0.09137426900584794,447.19999999999993,True,True,True
10.0,0.08,290.0,23.2,71.86521089365408,0.08979885057471264,456.79999999999995,True,True,True
10.0,0.08,295.0,23.6,71.00321835198042,0.08827683615819208,466.3999999999999,True,True,True
10.0,0.08,300.0,24.0,70.17599525736587,0.08680555555555555,476.0,True,True,True
10.0,0.09,10.0,0.9,nan,2.3148148148148144,-78.4,False,False,False
10.0,0.09,15.0,1.35,nan,1.5432098765432096,-67.6,False,False,False
10.0,0.09,20.0,1.8,nan,1.1574074074074072,-56.79999999999999,False,False,False
10.0,0.09,25.0,2.25,nan,0.9259259259259257,-46.0,False,False,False
10.0,0.09,30.0,2.7,nan,0.7716049382716048,-35.2,False,False,False
10.0,0.09,35.0,3.15,nan,0.6613756613756613,-24.399999999999988,False,False,False
10.0,0.09,40.0,3.6,nan,0.5787037037037036,-13.59999999999999,False,False,False
10.0,0.09,45.0,4.05,nan,0.51440329218107,-2.8000000000000025,False,False,False
10.0,0.09,50.0,4.5,2421.247433038734,0.46296296296296285,8.000000000000007,True,False,False
10.0,0.09,55.0,4.95,1047.5444816672966,0.4208754208754208,18.800000000000015,True,False,False
10.0,0.09,60.0,5.4,676.2734137290704,0.3858024691358024,29.600000000000005,True,False,False
10.0,0.09,65.0,5.85,503.5037088469251,0.3561253561253561,40.40000000000001,True,False,False
10.0,0.09,70.0,6.3,403.6212232119351,0.33068783068783064,51.200000000000024,True,False,False
10.0,0.09,75.0,6.75,338.5365067659093,0.3086419753086419,62.00000000000001,True,False,False
10.0,0.09,80.0,7.2,292.7626402544186,0.2893518518518518,72.80000000000001,True,False,False
10.0,0.09,85.0,7.65,258.8155143726911,0.2723311546840958,83.60000000000001,True,False,False
10.0,0.09,90.0,8.1,232.6359511927148,0.257201646090535,94.4,True,False,False
10.0,0.09,95.0,8.55,211.83165954018605,0.24366471734892786,105.20000000000005,True,False,False
10.0,0.09,100.0,9.0,194.90127047123167,0.23148148148148143,116.00000000000001,True,False,False
10.0,0.09,105.0,9.45,180.8549224424146,0.2204585537918871,126.80000000000003,True,False,False
10.0,0.09,110.0,9.9,169.01352439486533,0.2104377104377104,137.60000000000002,True,False,False
10.0,0.09,115.0,10.35,158.8956721547761,0.20128824476650561,148.4,True,True,False
10.0,0.09,120.0,10.8,150.15059383670896,0.1929012345679012,159.2,True,True,False
10.0,0.09,125.0,11.25,142.51665488140802,0.18518518518518515,170.00000000000003,True,True,False
10.0,0.09,130.0,11.7,135.79473518182886,0.17806267806267806,180.80000000000004,True,True,False
10.0,0.09,135.0,12.15,129.8306101874215,0.17146776406035663,191.60000000000002,True,True,False
10.0,0.09,140.0,12.6,124.5029728406386,0.16534391534391532,202.40000000000006,True,True,False
10.0,0.09,145.0,13.05,119.71509612561239,0.15964240102171137,213.2,True,True,False
10.0,0.09,150.0,13.5,115.38890752239222,0.15432098765432095,224.00000000000003,True,True,False
10.0,0.09,155.0,13.95,111.46069879067784,0.1493428912783751,234.8,True,True,False
10.0,0.09,160.0,14.4,107.8779676998634,0.1446759259259259,245.60000000000002,True,True,False
10.0,0.09,165.0,14.85,104.5970579489928,0.14029180695847362,256.40000000000003,True,True,False
10.0,0.09,170.0,15.3,101.58137144145603,0.1361655773420479,267.20000000000005,True,True,False
10.0,0.09,175.0,15.75,98.79999726687896,0.13227513227513224,278.0,True,True,True
10.0,0.09,180.0,16.2,96.22664830757496,0.1286008230452675,288.8,True,True,True
10.0,0.09,185.0,16.65,93.83882784466937,0.1251251251251251,299.6000000000001,True,True,True
10.0,0.09,190.0,17.1,91.61717014593505,0.12183235867446393,310.4000000000001,True,True,True
10.0,0.09,195.0,17.55,89.54491408572085,0.11870845204178539,321.20000000000005,True,True,True
10.0,0.09,200.0,18.0,87.60747950412302,0.11574074074074071,332.0,True,True,True
10.0,0.09,205.0,18.45,85.79212364762,0.1129177958446251,342.8,True,True,True
10.0,0.09,210.0,18.9,84.08766056968166,0.11022927689594356,353.6000000000001,True,True,True
10.0,0.09,215.0,19.35,82.48423042940377,0.10766580534022392,364.4000000000001,True,True,True
10.0,0.09,220.0,19.8,80.97310863408858,0.1052188552188552,375.20000000000005,True,True,True
10.0,0.09,225.0,20.25,79.54654702213816,0.10288065843621397,386.00000000000006,True,True,True
10.0,0.09,230.0,20.7,78.19764098180603,0.10064412238325281,396.8,True,True,True
10.0,0.09,235.0,21.15,76.92021769532859,0.09850275807722615,407.6000000000001,True,True,True
10.0,0.09,240.0,21.6,75.70874169132703,0.0964506172839506,418.4,True,True,True
10.0,0.09,245.0,22.05,74.55823465677194,0.09448223733938017,429.20000000000005,True,True,True
10.0,0.09,250.0,22.5,73.46420705845868,0.09259259259259257,440.00000000000006,True,True,True
10.0,0.09,255.0,22.95,72.42259959351625,0.09077705156136527,450.8,True,True,True
10.0,0.09,260.0,23.4,71.42973285916904,0.08903133903133903,461.6000000000001,True,True,True
10.0,0.09,265.0,23.85,70.4822639263923,0.08735150244584207,472.4,True,True,True
10.0,0.09,270.0,24.3,69.5771487372993,0.08573388203017832,483.20000000000005,True,True,True
10.0,0.09,275.0,24.75,68.71160943501683,0.08417508417508415,494.00000000000006,True,True,True
10.0,0.09,280.0,25.2,67.88310588734868,0.08267195767195766,504.8000000000001,True,True,True
10.0,0.09,285.0,25.65,67.08931078931133,0.08122157244964262,515.5999999999999,True,True,True
10.0,0.09,290.0,26.1,66.32808783055512,0.07982120051085569,526.4,True,True,True
10.0,0.09,295.0,26.55,65.59747249635053,0.07846829880728184,537.2000000000002,True,True,True
10.0,0.09,300.0,27.0,64.89565513882265,0.07716049382716048,548.0,True,True,True
10.0,0.1,10.0,1.0,nan,2.0833333333333335,-76.0,False,False,False
10.0,0.1,15.0,1.5,nan,1.3888888888888888,-64.0,False,False,False
10.0,0.1,20.0,2.0,nan,1.0416666666666667,-52.0,False,False,False
10.0,0.1,25.0,2.5,nan,0.8333333333333333,-39.99999999999999,False,False,False
10.0,0.1,30.0,3.0,nan,0.6944444444444444,-28.000000000000004,False,False,False
10.0,0.1,35.0,3.5,nan,0.5952380952380952,-15.999999999999993,False,False,False
10.0,0.1,40.0,4.0,nan,0.5208333333333334,-4.0000000000000036,False,False,False
10.0,0.1,45.0,4.5,2421.2474330387413,0.462962962962963,7.999999999999985,True,False,False
10.0,0.1,50.0,5.0,986.4910171618992,0.41666666666666663,20.000000000000018,True,False,False
10.0,0.1,55.0,5.5,627.8019131926908,0.3787878787878788,32.00000000000001,True,False,False
10.0,0.1,60.0,6.0,464.761411388505,0.3472222222222222,43.99999999999999,True,False,False
10.0,0.1,65.0,6.5,371.59541035754154,0.3205128205128205,56.00000000000001,True,False,False
10.0,0.1,70.0,7.0,311.3115273375064,0.2976190476190476,68.00000000000001,True,False,False
10.0,0.1,75.0,7.5,269.1128092234818,0.2777777777777778,80.0,True,False,False
10.0,0.1,80.0,8.0,237.92245235659408,0.2604166666666667,92.0,True,False,False
10.0,0.1,85.0,8.5,213.92987015129583,0.24509803921568626,104.0,True,False,False
10.0,0.1,90.0,9.0,194.90127047123173,0.2314814814814815,115.99999999999997,True,False,False
10.0,0.1,95.0,9.5,179.44053323117953,0.21929824561403508,128.00000000000003,True,False,False
10.0,0.1,100.0,10.0,166.63020808942207,0.20833333333333331,140.00000000000003,True,False,False
10.0,0.1,105.0,10.5,155.84256586478423,0.1984126984126984,152.0,True,True,False
10.0,0.1,110.0,11.0,146.63360299009338,0.1893939393939394,164.0,True,True,False
10.0,0.1,115.0,11.5,138.6804077801331,0.1811594202898551,175.99999999999997,True,True,False
10.0,0.1,120.0,12.0,131.74251408633793,0.1736111111111111,188.0,True,True,False
10.0,0.1,125.0,12.5,125.63716763579819,0.16666666666666666,200.0,True,True,False
10.0,0.1,130.0,13.0,120.22299248154597,0.16025641025641024,212.0,True,True,False
10.0,0.1,135.0,13.5,115.38890752239222,0.15432098765432098,224.00000000000003,True,True,False
10.0,0.1,140.0,14.0,111.04642442349137,0.1488095238095238,236.00000000000003,True,True,False
10.0,0.1,145.0,14.5,107.12418162448418,0.14367816091954022,248.0,True,True,False
10.0,0.1,150.0,15.0,103.5639920069238,0.1388888888888889,260.0,True,True,False
10.0,0.1,155.0,15.5,100.31793676738344,0.13440860215053765,272.0,True,True,False
10.0,0.1,160.0,16.0,97.34619605512819,0.13020833333333334,284.0,True,True,True
10.0,0.1,165.0,16.5,94.61540729251523,0.12626262626262624,296.00000000000006,True,True,True
10.0,0.1,170.0,17.0,92.09740726465138,0.12254901960784313,308.0,True,True,True
10.0,0.1,175.0,17.5,89.76825723887728,0.11904761904761904,320.0,True,True,True
10.0,0.1,180.0,18.0,87.60747950412302,0.11574074074074076,331.99999999999994,True,True,True
10.0,0.1,185.0,18.5,85.5974537043516,0.1126126126126126,344.00000000000006,True,True,True
10.0,0.1,190.0,19.0,83.72293526186814,0.10964912280701754,356.00000000000006,True,True,True
10.0,0.1,195.0,19.5,81.97066802215535,0.10683760683760685,368.0,True,True,True
10.0,0.1,200.0,20.0,80.32907029231914,0.10416666666666666,380.00000000000006,True,True,True
10.0,0.1,205.0,20.5,78.78797854594231,0.1016260162601626,392.0,True,True,True
10.0,0.1,210.0,21.0,77.33843680430073,0.0992063492063492,404.0,True,True,True
10.0,0.1,215.0,21.5,75.9725224708308,0.09689922480620154,416.0,True,True,True
10.0,0.1,220.0,22.0,74.68320146447131,0.0946969696969697,428.0,True,True,True
10.0,0.1,225.0,22.5,73.46420705845868,0.09259259259259259,440.00000000000006,True,True,True
10.0,0.1,230.0,23.0,72.30993801913702,0.09057971014492755,451.99999999999994,True,True,True
10.0,0.1,235.0,23.5,71.21537255081475,0.08865248226950354,464.00000000000006,True,True,True
10.0,0.1,240.0,24.0,70.17599525736587,0.08680555555555555,476.0,True,True,True
10.0,0.1,245.0,24.5,69.18773487998826,0.08503401360544217,488.0,True,True,True
10.0,0.1,250.0,25.0,68.24691100072474,0.08333333333333333,500.0,True,True,True
10.0,0.1,255.0,25.5,67.35018824080173,0.08169934640522876,512.0,True,True,True
10.0,0.1,260.0,26.0,66.49453675232554,0.08012820512820512,524.0,True,True,True
10.0,0.1,265.0,26.5,65.67719801706475,0.07861635220125787,535.9999999999999,True,True,True
10.0,0.1,270.0,27.0,64.89565513882265,0.07716049382716049,548.0,True,True,True
10.0,0.1,275.0,27.5,64.14760695536236,0.07575757575757575,560.0,True,True,True
10.0,0.1,280.0,28.0,63.43094540897032,0.0744047619047619,572.0000000000001,True,True,True
10.0,0.1,285.0,28.5,62.74373570695058,0.07309941520467836,584.0,True,True,True
10.0,0.1,290.0,29.0,62.08419887883766,0.07183908045977011,596.0,True,True,True
10.0,0.1,295.0,29.5,61.4506963992029,0.07062146892655367,608.0,True,True,True
10.0,0.1,300.0,30.0,60.84171659619914,0.06944444444444445,620.0,True,True,True
10.0,0.11,10.0,1.1,nan,1.8939393939393938,-73.6,False,False,False
10.0,0.11,15.0,1.65,nan,1.2626262626262628,-60.400000000000006,False,False,False
10.0,0.11,20.0,2.2,nan,0.9469696969696969,-47.2,False,False,False
10.0,0.11,25.0,2.75,nan,0.7575757575757576,-34.0,False,False,False
10.0,0.11,30.0,3.3,nan,0.6313131313131314,-20.800000000000008,False,False,False
10.0,0.11,35.0,3.85,nan,0.5411255411255411,-7.599999999999995,False,False,False
10.0,0.11,40.0,4.4,3446.0734443793312,0.47348484848484845,5.600000000000005,True,False,False
10.0,0.11,45.0,4.95,1047.5444816672975,0.4208754208754208,18.799999999999997,True,False,False
10.0,0.11,50.0,5.5,627.8019131926908,0.3787878787878788,32.00000000000001,True,False,False
10.0,0.11,55.0,6.05,453.2187209952883,0.34435261707988984,45.199999999999996,True,False,False
10.0,0.11,60.0,6.6,357.5566978734239,0.3156565656565657,58.399999999999984,True,False,False
10.0,0.11,65.0,7.15,297.16670562330825,0.29137529137529133,71.6,True,False,False
10.0,0.11,70.0,7.7,255.57737133785122,0.27056277056277056,84.80000000000001,True,False,False
10.0,0.11,75.0,8.25,225.19169445174194,0.2525252525252525,98.0,True,False,False
10.0,0.11,80.0,8.8,202.0198833011837,0.23674242424242423,111.20000000000002,True,False,False
10.0,0.11,85.0,9.35,183.76556261987585,0.22281639928698754,124.39999999999998,True,False,False
10.0,0.11,90.0,9.9,169.01352439486536,0.2104377104377104,137.6,True,False,False
10.0,0.11,95.0,10.45,156.84407111110337,0.19936204146730463,150.8,True,True,False
10.0,0.11,100.0,11.0,146.63360299009338,0.1893939393939394,164.0,True,True,False
10.0,0.11,105.0,11.55,137.94433327988847,0.18037518037518036,177.19999999999996,True,True,False
10.0,0.11,110.0,12.1,130.459878277401,0.17217630853994492,190.4,True,True,False
10.0,0.11,115.0,12.65,123.94590270549152,0.16469038208168643,203.59999999999997,True,True,False
10.0,0.11,120.0,13.2,118.22514187112081,0.15782828282828285,216.79999999999998,True,True,False
10.0,0.11,125.0,13.75,113.16102488904313,0.1515151515151515,229.99999999999997,True,True,False
10.0,0.11,130.0,14.3,108.64663113199356,0.14568764568764567,243.2,True,True,False
10.0,0.11,135.0,14.85,104.5970579489928,0.14029180695847362,256.4,True,True,False
10.0,0.11,140.0,15.4,100.94403050794759,0.13528138528138528,269.6,True,True,False
10.0,0.11,145.0,15.95,97.63202118728287,0.13061650992685478,282.8,True,True,True
10.0,0.11,150.0,16.5,94.61540729251524,0.12626262626262624,296.0,True,True,True
10.0,0.11,155.0,17.05,91.85635680920258,0.12218963831867057,309.19999999999993,True,True,True
10.0,0.11,160.0,17.6,89.32323353668225,0.11837121212121211,322.4,True,True,True
10.0,0.11,165.0,18.15,86.98937860264384,0.1147842056932966,335.6,True,True,True
10.0,0.11,170.0,18.7,84.83216865214507,0.11140819964349377,348.79999999999995,True,True,True
10.0,0.11,175.0,19.25,82.83228009030142,0.10822510822510822,362.0,True,True,True
10.0,0.11,180.0,19.8,80.97310863408858,0.1052188552188552,375.2,True,True,True
10.0,0.11,185.0,20.35,79.24030722536293,0.10237510237510236,388.3999999999999,True,True,True
10.0,0.11,190.0,20.9,77.62141507258931,0.09968102073365231,401.6,True,True,True
10.0,0.11,195.0,21.45,76.10555752163162,0.09712509712509713,414.79999999999995,True,True,True
10.0,0.11,200.0,22.0,74.68320146447131,0.0946969696969697,428.0,True,True,True
10.0,0.11,205.0,22.55,73.3459546546116,0.09238728750923873,441.2,True,True,True
10.0,0.11,210.0,23.1,72.08640000095853,0.09018759018759018,454.3999999999999,True,True,True
10.0,0.11,215.0,23.65,70.89795792826449,0.08809020436927413,467.6,True,True,True
10.0,0.11,220.0,24.2,69.77477141031073,0.08608815426997246,480.8,True,True,True
10.0,0.11,225.0,24.75,68.71160943501683,0.08417508417508417,494.00000000000006,True,True,True
10.0,0.11,230.0,25.3,67.7037855436105,0.08234519104084322,507.19999999999993,True,True,True
10.0,0.11,235.0,25.85,66.74708876737155,0.08059316569954866,520.4,True,True,True
10.0,0.11,240.0,26.4,65.83772481514445,0.07891414141414142,533.5999999999999,True,True,True
10.0,0.11,245.0,26.95,64.97226577941113,0.07730364873222016,546.8,True,True,True
10.0,0.11,250.0,27.5,64.14760695536236,0.07575757575757575,560.0,True,True,True
10.0,0.11,255.0,28.05,63.360929626350035,0.07427213309566251,573.1999999999999,True,True,True
10.0,0.11,260.0,28.6,62.60966887558792,0.07284382284382283,586.4,True,True,True
10.0,0.11,265.0,29.15,61.8914856495425,0.07146941109205261,599.6,True,True,True
10.0,0.11,270.0,29.7,61.204242431929835,0.07014590347923681,612.8,True,True,True
10.0,0.11,275.0,30.25,60.54598199537943,0.06887052341597796,626.0,True,True,True
10.0,0.11,280.0,30.8,59.91490878587053,0.06764069264069264,639.2,True,True,True
10.0,0.11,285.0,31.35,59.30937256705911,0.06645401382243488,652.3999999999999,True,True,True
10.0,0.11,290.0,31.9,58.72785401077265,0.06530825496342739,665.6,True,True,True
10.0,0.11,295.0,32.45,58.168951968755465,0.06420133538777606,678.7999999999998,True,True,True
10.0,0.11,300.0,33.0,57.63137220117359,0.06313131313131312,692.0,True,True,True
10.0,0.12,10.0,1.2,nan,1.736111111111111,-71.2,False,False,False
10.0,0.12,15.0,1.8,nan,1.1574074074074072,-56.800000000000004,False,False,False
10.0,0.12,20.0,2.4,nan,0.8680555555555555,-42.39999999999999,False,False,False
10.0,0.12,25.0,3.0,nan,0.6944444444444443,-27.999999999999993,False,False,False
10.0,0.12,30.0,3.6,nan,0.5787037037037036,-13.600000000000001,False,False,False
10.0,0.12,35.0,4.2,23942.5936711906,0.49603174603174605,0.8000000000000229,True,False,False
10.0,0.12,40.0,4.8,1288.5449994517592,0.43402777777777773,15.200000000000014,True,False,False
10.0,0.12,45.0,5.4,676.2734137290704,0.3858024691358024,29.600000000000005,True,False,False
10.0,0.12,50.0,6.0,464.7614113885047,0.34722222222222215,44.000000000000014,True,False,False
10.0,0.12,55.0,6.6,357.55669787342373,0.31565656565656564,58.400000000000006,True,False,False
10.0,0.12,60.0,7.2,292.76264025441867,0.2893518518518518,72.8,True,False,False
10.0,0.12,65.0,7.8,249.36845487655287,0.26709401709401703,87.20000000000002,True,False,False
10.0,0.12,70.0,8.4,218.27498346406634,0.24801587301587302,101.60000000000005,True,False,False
10.0,0.12,75.0,9.0,194.90127047123167,0.2314814814814815,116.00000000000001,True,False,False
10.0,0.12,80.0,9.6,176.6898499185322,0.21701388888888887,130.40000000000003,True,False,False
10.0,0.12,85.0,10.2,162.1005903597399,0.20424836601307186,144.8,True,True,False
10.0,0.12,90.0,10.8,150.15059383670896,0.1929012345679012,159.2,True,True,False
10.0,0.12,95.0,11.4,140.18308521611633,0.18274853801169588,173.60000000000002,True,True,False
10.0,0.12,100.0,12.0,131.74251408633793,0.17361111111111108,188.00000000000003,True,True,False
10.0,0.12,105.0,12.6,124.50297284063866,0.16534391534391532,202.4,True,True,False
10.0,0.12,110.0,13.2,118.2251418711208,0.15782828282828282,216.80000000000004,True,True,False
10.0,0.12,115.0,13.8,112.72932444797894,0.15096618357487923,231.19999999999996,True,True,False
10.0,0.12,120.0,14.4,107.8779676998634,0.1446759259259259,245.6,True,True,False
10.0,0.12,125.0,15.0,103.5639920069238,0.1388888888888889,260.0,True,True,False
10.0,0.12,130.0,15.6,99.70279510391369,0.13354700854700852,274.4,True,True,True
10.0,0.12,135.0,16.2,96.22664830757495,0.1286008230452675,288.80000000000007,True,True,True
10.0,0.12,140.0,16.8,93.08068959743196,0.12400793650793651,303.2000000000001,True,True,True
10.0,0.12,145.0,17.4,90.22000674009794,0.1197318007662835,317.6,True,True,True
10.0,0.12,150.0,18.0,87.60747950412302,0.11574074074074076,332.0,True,True,True
10.0,0.12,155.0,18.6,85.21216007529613,0.11200716845878135,346.3999999999999,True,True,True
10.0,0.12,160.0,19.2,83.00804131041104,0.10850694444444443,360.80000000000007,True,True,True
10.0,0.12,165.0,19.8,80.97310863408858,0.1052188552188552,375.20000000000005,True,True,True
10.0,0.12,170.0,20.4,79.08860219256613,0.10212418300653593,389.6,True,True,True
10.0,0.12,175.0,21.0,77.33843680430073,0.0992063492063492,404.0,True,True,True
10.0,0.12,180.0,21.6,75.70874169132703,0.0964506172839506,418.4,True,True,True
10.0,0.12,185.0,22.2,74.18749209418891,0.09384384384384382,432.8,True,True,True
10.0,0.12,190.0,22.8,72.76421205965717,0.09137426900584794,447.20000000000005,True,True,True
10.0,0.12,195.0,23.4,71.42973285916904,0.08903133903133903,461.59999999999997,True,True,True
10.0,0.12,200.0,24.0,70.17599525736587,0.08680555555555554,476.00000000000006,True,True,True
10.0,0.12,205.0,24.6,68.99588661749569,0.08468834688346884,490.4,True,True,True
10.0,0.12,210.0,25.2,67.88310588734869,0.08267195767195766,504.8,True,True,True
10.0,0.12,215.0,25.8,66.83205105286468,0.08074935400516796,519.2000000000002,True,True,True
10.0,0.12,220.0,26.4,65.83772481514445,0.07891414141414141,533.6,True,True,True
10.0,0.12,225.0,27.0,64.89565513882265,0.07716049382716048,548.0,True,True,True
10.0,0.12,230.0,27.6,64.00182800638076,0.07548309178743962,562.4,True,True,True
10.0,0.12,235.0,28.2,63.15263024532293,0.07387706855791962,576.8000000000001,True,True,True
10.0,0.12,240.0,28.8,62.34480071078484,0.07233796296296295,591.2,True,True,True
10.0,0.12,245.0,29.4,61.57538843284302,0.07086167800453513,605.6,True,True,True
10.0,0.12,250.0,30.0,60.84171659619914,0.06944444444444445,620.0,True,True,True
10.0,0.12,255.0,30.6,60.141351425531525,0.06808278867102396,634.4,True,True,True
10.0,0.12,260.0,31.2,59.472075214351,0.06677350427350426,648.8,True,True,True
10.0,0.12,265.0,31.8,58.83186286758845,0.06551362683438154,663.2,True,True,True
10.0,0.12,270.0,32.4,58.21886143521014,0.06430041152263374,677.6000000000001,True,True,True
10.0,0.12,275.0,33.0,57.63137220117358,0.06313131313131312,692.0000000000001,True,True,True
10.0,0.12,280.0,33.6,57.06783496308867,0.062003968253968256,706.4000000000002,True,True,True
10.0,0.12,285.0,34.2,56.526814196225835,0.060916179337231965,720.8,True,True,True
10.0,0.12,290.0,34.8,56.00698684351648,0.05986590038314175,735.2,True,True,True
10.0,0.12,295.0,35.4,55.50713151289628,0.05885122410546139,749.6,True,True,True
10.0,0.12,300.0,36.0,55.02611889630991,0.05787037037037038,764.0,True,True,True
10.0,0.13,10.0,1.3,nan,1.6025641025641022,-68.8,False,False,False
10.0,0.13,15.0,1.95,nan,1.0683760683760681,-53.2,False,False,False
10.0,0.13,20.0,2.6,nan,0.8012820512820511,-37.6,False,False,False
10.0,0.13,25.0,3.25,nan,0.641025641025641,-21.999999999999996,False,False,False
10.0,0.13,30.0,3.9,nan,0.5341880341880341,-6.400000000000006,False,False,False
10.0,0.13,35.0,4.55,2109.343864369858,0.45787545787545786,9.200000000000008,True,False,False
10.0,0.13,40.0,5.2,801.3611570487599,0.40064102564102555,24.8,True,False,False
10.0,0.13,45.0,5.85,503.50370884692546,0.3561253561253561,40.39999999999999,True,False,False
10.0,0.13,50.0,6.5,371.59541035754154,0.3205128205128205,56.00000000000001,True,False,False
10.0,0.13,55.0,7.15,297.16670562330825,0.29137529137529133,71.6,True,False,False
10.0,0.13,60.0,7.8,249.36845487655293,0.26709401709401703,87.19999999999999,True,False,False
10.0,0.13,65.0,8.45,216.07706622414352,0.2465483234714004,102.8,True,False,False
10.0,0.13,70.0,9.1,191.55840836527446,0.22893772893772893,118.40000000000002,True,False,False
10.0,0.13,75.0,9.75,172.74857233623166,0.2136752136752137,133.99999999999997,True,False,False
10.0,0.13,80.0,10.4,157.86164328650787,0.20032051282051277,149.6,True,True,False
10.0,0.13,85.0,11.05,145.78628921469812,0.1885369532428356,165.19999999999996,True,True,False
10.0,0.13,90.0,11.7,135.79473518182888,0.17806267806267806,180.79999999999998,True,True,False
10.0,0.13,95.0,12.35,127.39043413177805,0.16869095816464239,196.40000000000003,True,True,False
10.0,0.13,100.0,13.0,120.22299248154597,0.16025641025641024,212.0,True,True,False
10.0,0.13,105.0,13.65,114.03808237563399,0.15262515262515264,227.59999999999997,True,True,False
10.0,0.13,110.0,14.3,108.64663113199356,0.14568764568764567,243.2,True,True,False
10.0,0.13,115.0,14.95,103.90515391772557,0.1393534002229654,258.79999999999995,True,True,False
10.0,0.13,120.0,15.6,99.70279510391369,0.13354700854700852,274.4,True,True,True
10.0,0.13,125.0,16.25,95.95255213489811,0.1282051282051282,290.00000000000006,True,True,True
10.0,0.13,130.0,16.9,92.58518737476112,0.1232741617357002,305.6,True,True,True
10.0,0.13,135.0,17.55,89.54491408572088,0.11870845204178539,321.2,True,True,True
10.0,0.13,140.0,18.2,86.78628131514277,0.11446886446886446,336.80000000000007,True,True,True
10.0,0.13,145.0,18.85,84.27188617919022,0.11052166224580018,352.4,True,True,True
10.0,0.13,150.0,19.5,81.97066802215535,0.10683760683760685,368.0,True,True,True
10.0,0.13,155.0,20.15,79.85661880802844,0.10339123242349046,383.59999999999997,True,True,True
10.0,0.13,160.0,20.8,77.90779588518599,0.10016025641025639,399.2,True,True,True
10.0,0.13,165.0,21.45,76.10555752163164,0.09712509712509713,414.80000000000007,True,True,True
10.0,0.13,170.0,22.1,74.43396469000777,0.0942684766214178,430.3999999999999,True,True,True
10.0,0.13,175.0,22.75,72.87930839727775,0.09157509157509156,446.0,True,True,True
10.0,0.13,180.0,23.4,71.42973285916904,0.08903133903133903,461.59999999999997,True,True,True
10.0,0.13,185.0,24.05,70.0749325867539,0.08662508662508663,477.2,True,True,True
10.0,0.13,190.0,24.7,68.80590700691053,0.08434547908232119,492.80000000000007,True,True,True
10.0,0.13,195.0,25.35,67.61476025887501,0.08218277449046679,508.3999999999999,True,True,True
10.0,0.13,200.0,26.0,66.49453675232554,0.08012820512820512,524.0,True,True,True
10.0,0.13,205.0,26.65,65.43908524986125,0.07817385866166353,539.6,True,True,True
10.0,0.13,210.0,27.3,64.44294586352967,0.07631257631257632,555.2,True,True,True
10.0,0.13,215.0,27.95,63.50125558170676,0.07453786523553965,570.8,True,True,True
10.0,0.13,220.0,28.6,62.60966887558792,0.07284382284382283,586.4,True,True,True
10.0,0.13,225.0,29.25,61.76429064991911,0.07122507122507123,602.0,True,True,True
10.0,0.13,230.0,29.9,60.96161935533978,0.0696767001114827,617.5999999999999,True,True,True
10.0,0.13,235.0,30.55,60.19849850989322,0.06819421713038734,633.2,True,True,True
10.0,0.13,240.0,31.2,59.472075214351,0.06677350427350426,648.8,True,True,True
10.0,0.13,245.0,31.85,58.77976451185652,0.06541077969649398,664.4,True,True,True
10.0,0.13,250.0,32.5,58.11921865335884,0.0641025641025641,680.0000000000001,True,True,True
10.0,0.13,255.0,33.15,57.48830049869258,0.0628456510809452,695.6,True,True,True
10.0,0.13,260.0,33.8,56.885060418303006,0.0616370808678501,711.2,True,True,True
10.0,0.13,265.0,34.45,56.307716169652785,0.06047411707789066,726.7999999999998,True,True,True
10.0,0.13,270.0,35.1,55.75463531076263,0.05935422602089269,742.4,True,True,True
10.0,0.13,275.0,35.75,55.224319785378256,0.05827505827505827,758.0,True,True,True
10.0,0.13,280.0,36.4,54.71539237322036,0.05723443223443223,773.6000000000001,True,True,True
10.0,0.13,285.0,37.05,54.226584747250136,0.056230319388214114,789.2,True,True,True
10.0,0.13,290.0,37.7,53.756726919901034,0.05526083112290009,804.8,True,True,True
10.0,0.13,295.0,38.35,53.304737893397,0.054324206866579745,820.4000000000001,True,True,True
10.0,0.13,300.0,39.0,52.86961735687732,0.05341880341880342,836.0,True,True,True
10.0,0.14,10.0,1.4,nan,1.488095238095238,-66.4,False,False,False
10.0,0.14,15.0,2.1,nan,0.9920634920634923,-49.60000000000001,False,False,False
10.0,0.14,20.0,2.8,nan,0.744047619047619,-32.800000000000004,False,False,False
10.0,0.14,25.0,3.5,nan,0.5952380952380953,-16.000000000000014,False,False,False
10.0,0.14,30.0,4.2,23942.593671191924,0.49603174603174616,0.7999999999999785,True,False,False
10.0,0.14,35.0,4.9,1116.923418605249,0.4251700680272109,17.599999999999994,True,False,False
10.0,0.14,40.0,5.6,586.0938778474343,0.3720238095238095,34.399999999999984,True,False,False
10.0,0.14,45.0,6.3,403.62122321193533,0.33068783068783075,51.199999999999974,True,False,False
10.0,0.14,50.0,7.0,311.31152733750656,0.29761904761904767,67.99999999999997,True,False,False
10.0,0.14,55.0,7.7,255.57737133785133,0.27056277056277056,84.79999999999997,True,False,False
10.0,0.14,60.0,8.4,218.27498346406645,0.24801587301587308,101.59999999999995,True,False,False
10.0,0.14,65.0,9.1,191.55840836527452,0.22893772893772893,118.39999999999998,True,False,False
10.0,0.14,70.0,9.8,171.4814554803835,0.21258503401360546,135.2,True,False,False
10.0,0.14,75.0,10.5,155.84256586478426,0.19841269841269846,151.99999999999997,True,True,False
10.0,0.14,80.0,11.2,143.31663058025214,0.18601190476190474,168.79999999999998,True,True,False
10.0,0.14,85.0,11.9,133.05832151102325,0.1750700280112045,185.59999999999994,True,True,False
10.0,0.14,90.0,12.6,124.50297284063868,0.16534391534391538,202.39999999999998,True,True,False
10.0,0.14,95.0,13.3,117.25902798104296,0.15664160401002508,219.19999999999996,True,True,False
10.0,0.14,100.0,14.0,111.04642442349142,0.14880952380952384,235.99999999999994,True,True,False
10.0,0.14,105.0,14.7,105.65954665523468,0.14172335600907032,252.79999999999998,True,True,False
10.0,0.14,110.0,15.4,100.94403050794762,0.13528138528138528,269.59999999999997,True,True,False
10.0,0.14,115.0,16.1,96.78173133883391,0.12939958592132508,286.3999999999999,True,True,True
10.0,0.14,120.0,16.8,93.080689597432,0.12400793650793654,303.19999999999993,True,True,True
10.0,0.14,125.0,17.5,89.7682572388773,0.11904761904761907,319.99999999999994,True,True,True
10.0,0.14,130.0,18.2,86.78628131514279,0.11446886446886446,336.79999999999995,True,True,True
10.0,0.14,135.0,18.9,84.08766056968169,0.11022927689594357,353.59999999999997,True,True,True
10.0,0.14,140.0,19.6,81.6338391143056,0.10629251700680273,370.4,True,True,True
10.0,0.14,145.0,20.3,79.39295257861092,0.10262725779967159,387.1999999999999,True,True,True
10.0,0.14,150.0,21.0,77.33843680430073,0.09920634920634923,403.99999999999994,True,True,True
10.0,0.14,155.0,21.7,75.44796981805338,0.09600614439324116,420.79999999999995,True,True,True
10.0,0.14,160.0,22.4,73.70265751813575,0.09300595238095237,437.59999999999997,True,True,True
10.0,0.14,165.0,23.1,72.08640000095853,0.09018759018759019,454.3999999999999,True,True,True
10.0,0.14,170.0,23.8,70.58539344425915,0.08753501400560225,471.1999999999999,True,True,True
10.0,0.14,175.0,24.5,69.18773487998826,0.08503401360544219,487.9999999999999,True,True,True
10.0,0.14,180.0,25.2,67.8831058873487,0.08267195767195769,504.79999999999995,True,True,True
10.0,0.14,185.0,25.9,66.6625174126399,0.08043758043758044,521.5999999999999,True,True,True
10.0,0.14,190.0,26.6,65.51810236428739,0.07832080200501254,538.4,True,True,True
10.0,0.14,195.0,27.3,64.44294586352969,0.07631257631257632,555.1999999999999,True,True,True
10.0,0.14,200.0,28.0,63.430945408970345,0.07440476190476192,571.9999999999999,True,True,True
10.0,0.14,205.0,28.7,62.47669498035053,0.07259001161440187,588.7999999999998,True,True,True
10.0,0.14,210.0,29.4,61.57538843284304,0.07086167800453516,605.5999999999999,True,True,True
10.0,0.14,215.0,30.1,60.722738537000474,0.06921373200442968,622.3999999999999,True,True,True
10.0,0.14,220.0,30.8,59.91490878587054,0.06764069264069264,639.1999999999999,True,True,True
10.0,0.14,225.0,31.5,59.14845568053017,0.06613756613756615,656.0,True,True,True
10.0,0.14,230.0,32.2,58.42027966249577,0.06469979296066254,672.7999999999998,True,True,True
10.0,0.14,235.0,32.9,57.72758321842591,0.06332320162107397,689.5999999999999,True,True,True
10.0,0.14,240.0,33.6,57.06783496308869,0.06200396825396827,706.3999999999999,True,True,True
10.0,0.14,245.0,34.3,56.43873872846406,0.060738581146744415,723.1999999999999,True,True,True
10.0,0.14,250.0,35.0,55.83820686341157,0.059523809523809534,739.9999999999999,True,True,True
10.0,0.14,255.0,35.7,55.264337089619346,0.05835667600373483,756.7999999999997,True,True,True
10.0,0.14,260.0,36.4,54.715392373220354,0.05723443223443223,773.5999999999999,True,True,True
10.0,0.14,265.0,37.1,54.18978336338894,0.05615453728661277,790.3999999999997,True,True,True
10.0,0.14,270.0,37.8,53.686053023937035,0.055114638447971785,807.1999999999999,True,True,True
10.0,0.14,275.0,38.5,53.20286314492879,0.05411255411255412,823.9999999999999,True,True,True
10.0,0.14,280.0,39.2,52.73898247136142,0.053146258503401364,840.8,True,True,True
10.0,0.14,285.0,39.9,52.2932762271689,0.05221386800334169,857.5999999999997,True,True,True
10.0,0.14,290.0,40.6,51.864696846888606,0.051313628899835796,874.3999999999997,True,True,True
10.0,0.14,295.0,41.3,51.45227575563143,0.05044390637610977,891.1999999999999,True,True,True
10.0,0.14,300.0,42.0,51.055116061583796,0.049603174603174614,907.9999999999999,True,True,True
10.0,0.15,10.0,1.5,nan,1.3888888888888888,-64.0,False,False,False
10.0,0.15,15.0,2.25,nan,0.925925925925926,-46.00000000000001,False,False,False
10.0,0.15,20.0,3.0,nan,0.6944444444444444,-28.000000000000004,False,False,False
10.0,0.15,25.0,3.75,nan,0.5555555555555556,-10.000000000000009,False,False,False
10.0,0.15,30.0,4.5,2421.2474330387413,0.462962962962963,7.999999999999985,True,False,False
10.0,0.15,35.0,5.25,765.759260873156,0.3968253968253968,26.0,True,False,False
10.0,0.15,40.0,6.0,464.761411388505,0.3472222222222222,43.99999999999999,True,False,False
10.0,0.15,45.0,6.75,338.53650676590945,0.30864197530864196,61.999999999999986,True,False,False
10.0,0.15,50.0,7.5,269.11280922348186,0.2777777777777778,79.99999999999999,True,False,False
10.0,0.15,55.0,8.25,225.19169445174202,0.2525252525252525,97.99999999999997,True,False,False
10.0,0.15,60.0,9.0,194.90127047123173,0.2314814814814815,115.99999999999997,True,False,False
10.0,0.15,65.0,9.75,172.74857233623166,0.2136752136752137,133.99999999999997,True,False,False
10.0,0.15,70.0,10.5,155.84256586478423,0.1984126984126984,152.0,True,True,False
10.0,0.15,75.0,11.25,142.51665488140807,0.18518518518518517,169.99999999999997,True,True,False
10.0,0.15,80.0,12.0,131.74251408633793,0.1736111111111111,188.0,True,True,False
10.0,0.15,85.0,12.75,122.85123284768787,0.16339869281045752,205.99999999999997,True,True,False
10.0,0.15,90.0,13.5,115.38890752239223,0.15432098765432098,223.99999999999997,True,True,False
10.0,0.15,95.0,14.25,109.03668017937198,0.14619883040935672,242.0,True,True,False
10.0,0.15,100.0,15.0,103.56399200692381,0.1388888888888889,259.99999999999994,True,True,False
10.0,0.15,105.0,15.75,98.79999726687896,0.1322751322751323,278.0,True,True,True
10.0,0.15,110.0,16.5,94.61540729251526,0.12626262626262624,295.99999999999994,True,True,True
10.0,0.15,115.0,17.25,90.9105792260404,0.12077294685990339,313.99999999999994,True,True,True
10.0,0.15,120.0,18.0,87.60747950412302,0.11574074074074076,331.99999999999994,True,True,True
10.0,0.15,125.0,18.75,84.64412718217432,0.1111111111111111,350.0,True,True,True
10.0,0.15,130.0,19.5,81.97066802215535,0.10683760683760685,368.0,True,True,True
10.0,0.15,135.0,20.25,79.54654702213817,0.10288065843621398,385.99999999999994,True,True,True
10.0,0.15,140.0,21.0,77.33843680430073,0.0992063492063492,404.0,True,True,True
10.0,0.15,145.0,21.75,75.3186961785063,0.09578544061302682,422.0,True,True,True
10.0,0.15,150.0,22.5,73.46420705845871,0.09259259259259259,439.99999999999994,True,True,True
10.0,0.15,155.0,23.25,71.75548564217029,0.08960573476702509,457.99999999999994,True,True,True
10.0,0.15,160.0,24.0,70.17599525736587,0.08680555555555555,476.0,True,True,True
10.0,0.15,165.0,24.75,68.71160943501683,0.08417508417508417,494.00000000000006,True,True,True
10.0,0.15,170.0,25.5,67.35018824080174,0.08169934640522876,511.99999999999994,True,True,True
10.0,0.15,175.0,26.25,66.08124093902386,0.07936507936507936,530.0,True,True,True
10.0,0.15,180.0,27.0,64.89565513882265,0.07716049382716049,548.0,True,True,True
10.0,0.15,185.0,27.75,63.78547762273318,0.07507507507507508,565.9999999999999,True,True,True
10.0,0.15,190.0,28.5,62.74373570695058,0.07309941520467836,584.0,True,True,True
10.0,0.15,195.0,29.25,61.76429064991911,0.07122507122507123,602.0,True,True,True
10.0,0.15,200.0,30.0,60.84171659619914,0.06944444444444445,619.9999999999999,True,True,True
10.0,0.15,205.0,30.75,59.971200012595034,0.06775067750677508,637.9999999999999,True,True,True
10.0,0.15,210.0,31.5,59.14845568053017,0.06613756613756615,656.0,True,True,True
10.0,0.15,215.0,32.25,58.369656149584515,0.06459948320413438,674.0,True,True,True
10.0,0.15,220.0,33.0,57.6313722011736,0.06313131313131312,691.9999999999999,True,True,True
10.0,0.15,225.0,33.75,56.93052236845674,0.0617283950617284,710.0,True,True,True
10.0,0.15,230.0,34.5,56.26432994505008,0.060386473429951695,727.9999999999999,True,True,True
10.0,0.15,235.0,35.25,55.63028621767911,0.059101654846335706,745.9999999999999,True,True,True
10.0,0.15,240.0,36.0,55.02611889630992,0.05787037037037038,763.9999999999999,True,True,True
10.0,0.15,245.0,36.75,54.44976490431322,0.056689342403628114,781.9999999999999,True,True,True
10.0,0.15,250.0,37.5,53.89934684195639,0.05555555555555555,800.0,True,True,True
10.0,0.15,255.0,38.25,53.373152557404985,0.054466230936819175,818.0,True,True,True
10.0,0.15,260.0,39.0,52.86961735687732,0.05341880341880342,836.0,True,True,True
10.0,0.15,265.0,39.75,52.38730846456861,0.052410901467505246,853.9999999999999,True,True,True
10.0,0.15,270.0,40.5,51.92491140726349,0.05144032921810699,871.9999999999999,True,True,True
10.0,0.15,275.0,41.25,51.48121805115272,0.050505050505050504,890.0,True,True,True
10.0,0.15,280.0,42.0,51.0551160615838,0.0496031746031746,908.0,True,True,True
10.0,0.15,285.0,42.75,50.64557959212771,0.04873294346978558,925.9999999999998,True,True,True
10.0,0.15,290.0,43.5,50.25166103887969,0.04789272030651341,944.0,True,True,True
10.0,0.15,295.0,44.25,49.87248372047254,0.047080979284369114,961.9999999999999,True,True,True
10.0,0.15,300.0,45.0,49.507235364782396,0.046296296296296294,979.9999999999999,True,True,True
10.0,0.16,10.0,1.6,nan,1.3020833333333333,-61.6,False,False,False
10.0,0.16,15.0,2.4,nan,0.8680555555555556,-42.400000000000006,False,False,False
10.0,0.16,20.0,3.2,nan,0.6510416666666666,-23.2,False,False,False
10.0,0.16,25.0,4.0,nan,0.5208333333333334,-4.0000000000000036,False,False,False
10.0,0.16,30.0,4.8,1288.5449994517608,0.4340277777777778,15.19999999999999,True,False,False
10.0,0.16,35.0,5.6,586.093877847434,0.3720238095238094,34.400000000000006,True,False,False
10.0,0.16,40.0,6.4,386.8913209745654,0.3255208333333333,53.6,True,False,False
10.0,0.16,45.0,7.2,292.7626402544188,0.2893518518518518,72.79999999999997,True,False,False
10.0,0.16,50.0,8.0,237.92245235659408,0.2604166666666667,92.0,True,False,False
10.0,0.16,55.0,8.8,202.0198833011837,0.23674242424242423,111.20000000000002,True,False,False
10.0,0.16,60.0,9.6,176.68984991853227,0.2170138888888889,130.39999999999998,True,False,False
10.0,0.16,65.0,10.4,157.86164328650787,0.20032051282051277,149.6,True,True,False
10.0,0.16,70.0,11.2,143.31663058025208,0.1860119047619047,168.80000000000004,True,True,False
10.0,0.16,75.0,12.0,131.74251408633793,0.1736111111111111,188.0,True,True,False
10.0,0.16,80.0,12.8,122.31340759901788,0.16276041666666666,207.2,True,True,False
10.0,0.16,85.0,13.6,114.48358419081926,0.1531862745098039,226.39999999999998,True,True,False
10.0,0.16,90.0,14.4,107.87796769986343,0.1446759259259259,245.59999999999994,True,True,False
10.0,0.16,95.0,15.2,102.23026538282262,0.1370614035087719,264.8,True,True,False
10.0,0.16,100.0,16.0,97.34619605512819,0.13020833333333334,284.0,True,True,True
10.0,0.16,105.0,16.8,93.08068959743198,0.12400793650793651,303.2,True,True,True
10.0,0.16,110.0,17.6,89.32323353668225,0.11837121212121211,322.4,True,True,True
10.0,0.16,115.0,18.4,85.98816129540788,0.11322463768115941,341.59999999999997,True,True,True
10.0,0.16,120.0,19.2,83.00804131041106,0.10850694444444445,360.79999999999995,True,True,True
10.0,0.16,125.0,20.0,80.32907029231916,0.10416666666666666,380.0,True,True,True
10.0,0.16,130.0,20.8,77.90779588518599,0.10016025641025639,399.2,True,True,True
10.0,0.16,135.0,21.6,75.70874169132703,0.0964506172839506,418.4,True,True,True
10.0,0.16,140.0,22.4,73.70265751813574,0.09300595238095236,437.6000000000001,True,True,True
10.0,0.16,145.0,23.2,71.86521089365408,0.08979885057471264,456.79999999999995,True,True,True
10.0,0.16,150.0,24.0,70.17599525736587,0.08680555555555555,476.0,True,True,True
10.0,0.16,155.0,24.8,68.61776887881894,0.08400537634408602,495.1999999999999,True,True,True
10.0,0.16,160.0,25.6,67.17586422059895,0.08138020833333333,514.4,True,True,True
10.0,0.16,165.0,26.4,65.83772481514445,0.07891414141414141,533.6,True,True,True
10.0,0.16,170.0,27.2,64.59253865348418,0.07659313725490195,552.8,True,True,True
10.0,0.16,175.0,28.0,63.43094540897033,0.0744047619047619,572.0,True,True,True
10.0,0.16,180.0,28.8,62.34480071078485,0.07233796296296295,591.1999999999999,True,True,True
10.0,0.16,185.0,29.6,61.32698490580108,0.07038288288288287,610.4,True,True,True
10.0,0.16,190.0,30.4,60.371246811921786,0.06853070175438596,629.6,True,True,True
10.0,0.16,195.0,31.2,59.472075214351,0.06677350427350427,648.8,True,True,True
10.0,0.16,200.0,32.0,58.62459252298788,0.06510416666666667,668.0,True,True,True
10.0,0.16,205.0,32.8,57.82446625675331,0.06351626016260163,687.2,True,True,True
10.0,0.16,210.0,33.6,57.06783496308869,0.062003968253968256,706.4,True,True,True
10.0,0.16,215.0,34.4,56.351245898857265,0.06056201550387598,725.6,True,True,True
10.0,0.16,220.0,35.2,55.671602350289746,0.05918560606060606,744.8,True,True,True
10.0,0.16,225.0,36.0,55.02611889630991,0.05787037037037038,764.0,True,True,True
10.0,0.16,230.0,36.8,54.41228325212686,0.056612318840579705,783.1999999999999,True,True,True
10.0,0.16,235.0,37.6,53.827823590915656,0.05540780141843972,802.3999999999999,True,True,True
10.0,0.16,240.0,38.4,53.270680447463135,0.054253472222222224,821.5999999999999,True,True,True
10.0,0.16,245.0,39.2,52.73898247136142,0.053146258503401364,840.8,True,True,True
10.0,0.16,250.0,40.0,52.231025428146104,0.05208333333333333,860.0,True,True,True
10.0,0.16,255.0,40.8,51.74525395187741,0.051062091503267966,879.2,True,True,True
10.0,0.16,260.0,41.6,51.280245637550756,0.050080128205128194,898.4,True,True,True
10.0,0.16,265.0,42.4,50.83469713062401,0.04913522012578616,917.6,True,True,True
10.0,0.16,270.0,43.2,50.40741192714086,0.0482253086419753,936.8,True,True,True
10.0,0.16,275.0,44.0,49.99728964396499,0.04734848484848485,956.0,True,True,True
10.0,0.16,280.0,44.8,49.60331655651713,0.04650297619047618,975.2000000000002,True,True,True
10.0,0.16,285.0,45.6,49.224557232703624,0.04568713450292397,994.3999999999999,True,True,True
10.0,0.16,290.0,46.4,48.860147117684946,0.04489942528735632,1013.5999999999999,True,True,True
10.0,0.16,295.0,47.2,48.50928594574983,0.04413841807909604,1032.8,True,True,True
10.0,0.16,300.0,48.0,48.171231873626816,0.043402777777777776,1052.0,True,True,True
10.0,0.17,10.0,1.7,nan,1.2254901960784317,-59.20000000000001,False,False,False
10.0,0.17,15.0,2.55,nan,0.8169934640522876,-38.80000000000001,False,False,False
10.0,0.17,20.0,3.4,nan,0.6127450980392158,-18.400000000000002,False,False,False
10.0,0.17,25.0,4.25,9595.02951242291,0.49019607843137253,2.0000000000000018,True,False,False
10.0,0.17,30.0,5.1,884.0084160278412,0.4084967320261438,22.399999999999974,True,False,False
10.0,0.17,35.0,5.95,476.95135544863115,0.350140056022409,42.79999999999999,True,False,False
10.0,0.17,40.0,6.8,332.6779668889113,0.3063725490196079,63.199999999999996,True,False,False
10.0,0.17,45.0,7.65,258.8155143726912,0.27233115468409586,83.59999999999997,True,False,False
10.0,0.17,50.0,8.5,213.92987015129583,0.24509803921568626,104.0,True,False,False
10.0,0.17,55.0,9.35,183.76556261987585,0.22281639928698754,124.39999999999998,True,False,False
10.0,0.17,60.0,10.2,162.10059035973995,0.2042483660130719,144.79999999999995,True,True,False
10.0,0.17,65.0,11.05,145.78628921469812,0.18853695324283562,165.19999999999996,True,True,False
10.0,0.17,70.0,11.9,133.0583215110232,0.1750700280112045,185.6,True,True,False
10.0,0.17,75.0,12.75,122.85123284768787,0.16339869281045755,205.99999999999997,True,True,False
10.0,0.17,80.0,13.6,114.48358419081926,0.15318627450980396,226.39999999999998,True,True,False
10.0,0.17,85.0,14.45,107.49924211904082,0.14417531718569782,246.79999999999995,True,True,False
10.0,0.17,90.0,15.3,101.58137144145606,0.13616557734204793,267.19999999999993,True,True,False
10.0,0.17,95.0,16.15,96.50303179184576,0.12899896800825594,287.6,True,True,True
10.0,0.17,100.0,17.0,92.09740726465138,0.12254901960784313,308.0,True,True,True
10.0,0.17,105.0,17.85,88.23913194790016,0.11671335200746966,328.4,True,True,True
10.0,0.17,110.0,18.7,84.83216865214507,0.11140819964349377,348.79999999999995,True,True,True
10.0,0.17,115.0,19.55,81.80170617563917,0.10656436487638535,369.19999999999993,True,True,True
10.0,0.17,120.0,20.4,79.08860219256616,0.10212418300653595,389.5999999999999,True,True,True
10.0,0.17,125.0,21.25,76.64548514244281,0.09803921568627452,409.99999999999994,True,True,True
10.0,0.17,130.0,22.1,74.43396469000777,0.09426847662141781,430.3999999999999,True,True,True
10.0,0.17,135.0,22.95,72.42259959351625,0.09077705156136529,450.79999999999995,True,True,True
10.0,0.17,140.0,23.8,70.58539344425915,0.08753501400560225,471.2,True,True,True
10.0,0.17,145.0,24.65,68.9006649412382,0.08451656524678837,491.5999999999999,True,True,True
10.0,0.17,150.0,25.5,67.35018824080174,0.08169934640522877,511.99999999999994,True,True,True
10.0,0.17,155.0,26.35,65.91853094190134,0.07906388361796332,532.3999999999999,True,True,True
10.0,0.17,160.0,27.2,64.59253865348418,0.07659313725490198,552.8,True,True,True
10.0,0.17,165.0,28.05,63.360929626350035,0.07427213309566251,573.1999999999999,True,True,True
10.0,0.17,170.0,28.9,62.21397297170086,0.07208765859284891,593.5999999999999,True,True,True
10.0,0.17,175.0,29.75,61.14323102635083,0.0700280112044818,614.0,True,True,True
10.0,0.17,180.0,30.6,60.14135142553153,0.06808278867102396,634.3999999999999,True,True,True
10.0,0.17,185.0,31.45,59.2018980429673,0.06624271330153683,654.7999999999998,True,True,True
10.0,0.17,190.0,32.3,58.31921257806986,0.06449948400412797,675.2,True,True,True
10.0,0.17,195.0,33.15,57.48830049869259,0.0628456510809452,695.5999999999999,True,True,True
10.0,0.17,200.0,34.0,56.70473648193902,0.061274509803921566,716.0,True,True,True
10.0,0.17,205.0,34.85,55.96458557203439,0.05978000956480154,736.3999999999999,True,True,True
10.0,0.17,210.0,35.7,55.26433708961933,0.05835667600373483,756.8,True,True,True
10.0,0.17,215.0,36.55,54.60084894956472,0.056999544003647984,777.2,True,True,True
10.0,0.17,220.0,37.4,53.971300523795755,0.055704099821746886,797.5999999999999,True,True,True
10.0,0.17,225.0,38.25,53.373152557404985,0.054466230936819175,818.0,True,True,True
10.0,0.17,230.0,39.1,52.804112936706886,0.053282182438192674,838.3999999999999,True,True,True
10.0,0.17,235.0,39.95,52.2621073361817,0.05214851898206092,858.7999999999998,True,True,True
10.0,0.17,240.0,40.8,51.74525395187743,0.05106209150326797,879.1999999999998,True,True,True
10.0,0.17,245.0,41.65,51.25184167259717,0.05002000800320128,899.5999999999999,True,True,True
10.0,0.17,250.0,42.5,50.78031115526762,0.04901960784313726,919.9999999999999,True,True,True
10.0,0.17,255.0,43.35,50.329238363487875,0.04805843906189928,940.3999999999997,True,True,True
10.0,0.17,260.0,44.2,49.89732020316588,0.047134238310708905,960.7999999999998,True,True,True
10.0,0.17,265.0,45.05,49.483361950040326,0.04624491305956345,981.1999999999998,True,True,True
10.0,0.17,270.0,45.9,49.08626621361557,0.04538852578068264,1001.5999999999999,True,True,True
10.0,0.17,275.0,46.75,48.70502322283281,0.04456327985739751,1021.9999999999999,True,True,True
10.0,0.17,280.0,47.6,48.3387022524107,0.043767507002801125,1042.4,True,True,True
10.0,0.17,285.0,48.45,47.98644403659268,0.042999656002751976,1062.8,True,True,True
10.0,0.17,290.0,49.3,47.64745404012971,0.042258282623394185,1083.1999999999998,True,True,True
10.0,0.17,295.0,50.15,47.32099647557655,0.04154204054503157,1103.5999999999997,True,True,True
10.0,0.17,300.0,51.0,47.00638897208547,0.04084967320261439,1123.9999999999998,True,True,True
10.0,0.18,10.0,1.8,nan,1.1574074074074077,-56.800000000000004,False,False,False
10.0,0.18,15.0,2.7,nan,0.7716049382716049,-35.20000000000001,False,False,False
10.0,0.18,20.0,3.6,nan,0.5787037037037038,-13.600000000000001,False,False,False
10.0,0.18,25.0,4.5,2421.247433038734,0.462962962962963,8.000000000000007,True,False,False
10.0,0.18,30.0,5.4,676.2734137290709,0.38580246913580246,29.59999999999998,True,False,False
10.0,0.18,35.0,6.3,403.6212232119352,0.3306878306878307,51.2,True,False,False
10.0,0.18,40.0,7.2,292.76264025441867,0.2893518518518519,72.8,True,False,False
10.0,0.18,45.0,8.1,232.63595119271488,0.257201646090535,94.39999999999998,True,False,False
10.0,0.18,50.0,9.0,194.90127047123167,0.2314814814814815,116.00000000000001,True,False,False
10.0,0.18,55.0,9.9,169.01352439486536,0.2104377104377104,137.6,True,False,False
10.0,0.18,60.0,10.8,150.150593836709,0.19290123456790123,159.19999999999996,True,True,False
10.0,0.18,65.0,11.7,135.79473518182888,0.1780626780626781,180.79999999999998,True,True,False
10.0,0.18,70.0,12.6,124.50297284063866,0.16534391534391535,202.4,True,True,False
10.0,0.18,75.0,13.5,115.38890752239223,0.15432098765432098,223.99999999999997,True,True,False
10.0,0.18,80.0,14.4,107.8779676998634,0.14467592592592596,245.6,True,True,False
10.0,0.18,85.0,15.3,101.58137144145606,0.13616557734204793,267.2,True,True,False
10.0,0.18,90.0,16.2,96.22664830757499,0.1286008230452675,288.79999999999995,True,True,True
10.0,0.18,95.0,17.1,91.61717014593506,0.12183235867446396,310.4,True,True,True
10.0,0.18,100.0,18.0,87.60747950412302,0.11574074074074076,332.0,True,True,True
10.0,0.18,105.0,18.9,84.08766056968169,0.11022927689594357,353.59999999999997,True,True,True
10.0,0.18,110.0,19.8,80.97310863408858,0.1052188552188552,375.2,True,True,True
10.0,0.18,115.0,20.7,78.19764098180606,0.10064412238325282,396.7999999999999,True,True,True
10.0,0.18,120.0,21.6,75.70874169132705,0.09645061728395062,418.3999999999999,True,True,True
10.0,0.18,125.0,22.5,73.46420705845871,0.09259259259259259,439.99999999999994,True,True,True
10.0,0.18,130.0,23.4,71.42973285916904,0.08903133903133904,461.59999999999997,True,True,True
10.0,0.18,135.0,24.3,69.5771487372993,0.08573388203017832,483.2,True,True,True
10.0,0.18,140.0,25.2,67.88310588734869,0.08267195767195767,504.8,True,True,True
10.0,0.18,145.0,26.1,66.32808783055512,0.07982120051085569,526.4,True,True,True
10.0,0.18,150.0,27.0,64.89565513882265,0.07716049382716049,548.0,True,True,True
10.0,0.18,155.0,27.9,63.57186200517103,0.07467144563918758,569.5999999999999,True,True,True
10.0,0.18,160.0,28.8,62.34480071078484,0.07233796296296298,591.2,True,True,True
10.0,0.18,165.0,29.7,61.204242431929835,0.07014590347923681,612.8,True,True,True
10.0,0.18,170.0,30.6,60.141351425531525,0.06808278867102396,634.4,True,True,True
10.0,0.18,175.0,31.5,59.14845568053017,0.06613756613756615,656.0,True,True,True
10.0,0.18,180.0,32.4,58.21886143521016,0.06430041152263374,677.5999999999999,True,True,True
10.0,0.18,185.0,33.3,57.3467020746124,0.06256256256256257,699.1999999999999,True,True,True
10.0,0.18,190.0,34.2,56.526814196225835,0.06091617933723198,720.8,True,True,True
10.0,0.18,195.0,35.1,55.75463531076263,0.05935422602089269,742.4,True,True,True
10.0,0.18,200.0,36.0,55.02611889630991,0.05787037037037038,764.0,True,True,True
10.0,0.18,205.0,36.9,54.33766346595136,0.05645889792231256,785.5999999999998,True,True,True
10.0,0.18,210.0,37.8,53.686053023937035,0.055114638447971785,807.1999999999999,True,True,True
10.0,0.18,215.0,38.7,53.06840683276131,0.05383290267011198,828.8,True,True,True
10.0,0.18,220.0,39.6,52.48213683568105,0.0526094276094276,850.4,True,True,True
10.0,0.18,225.0,40.5,51.92491140726349,0.05144032921810699,871.9999999999999,True,True,True
10.0,0.18,230.0,41.4,51.394624361240346,0.05032206119162641,893.5999999999998,True,True,True
10.0,0.18,235.0,42.3,50.88936834710989,0.049251379038613076,915.1999999999999,True,True,True
10.0,0.18,240.0,43.2,50.40741192714086,0.04822530864197531,936.7999999999998,True,True,True
10.0,0.18,245.0,44.1,49.947179753147076,0.047241118669690094,958.4,True,True,True
10.0,0.18,250.0,45.0,49.507235364782396,0.046296296296296294,979.9999999999999,True,True,True
10.0,0.18,255.0,45.9,49.08626621361557,0.04538852578068264,1001.5999999999999,True,True,True
10.0,0.18,260.0,46.8,48.683070584077356,0.04451566951566952,1023.1999999999999,True,True,True
10.0,0.18,265.0,47.7,48.29654613677119,0.043675751222921035,1044.8,True,True,True
10.0,0.18,270.0,48.6,47.9256798441196,0.04286694101508916,1066.4,True,True,True
10.0,0.18,275.0,49.5,47.569539124852696,0.04208754208754208,1088.0,True,True,True
10.0,0.18,280.0,50.4,47.2272640139783,0.04133597883597884,1109.6,True,True,True
10.0,0.18,285.0,51.3,46.898060229827564,0.04061078622482132,1131.1999999999998,True,True,True
10.0,0.18,290.0,52.2,46.581193020516594,0.03991060025542784,1152.7999999999997,True,True,True
10.0,0.18,295.0,53.1,46.275981689477284,0.03923414940364093,1174.4,True,True,True
10.0,0.18,300.0,54.0,45.981794714207965,0.038580246913580245,1196.0,True,True,True
10.0,0.19,10.0,1.9,nan,1.0964912280701755,-54.400000000000006,False,False,False
10.0,0.19,15.0,2.85,nan,0.7309941520467835,-31.60000000000001,False,False,False
10.0,0.19,20.0,3.8,nan,0.5482456140350878,-8.800000000000008,False,False,False
10.0,0.19,25.0,4.75,1396.4214216981377,0.43859649122807015,14.000000000000012,True,False,False
10.0,0.19,30.0,5.7,549.8260210254718,0.36549707602339176,36.79999999999998,True,False,False
10.0,0.19,35.0,6.65,350.9613295922946,0.3132832080200501,59.60000000000001,True,False,False
10.0,0.19,40.0,7.6,262.147972253206,0.2741228070175439,82.39999999999999,True,False,False
10.0,0.19,45.0,8.55,211.83165954018617,0.24366471734892786,105.19999999999996,True,False,False
10.0,0.19,50.0,9.5,179.44053323117953,0.21929824561403508,128.00000000000003,True,False,False
10.0,0.19,55.0,10.45,156.84407111110337,0.19936204146730463,150.8,True,True,False
10.0,0.19,60.0,11.4,140.18308521611638,0.18274853801169588,173.59999999999997,True,True,False
10.0,0.19,65.0,12.35,127.39043413177806,0.16869095816464239,196.4,True,True,False
10.0,0.19,70.0,13.3,117.25902798104292,0.15664160401002505,219.20000000000002,True,True,False
10.0,0.19,75.0,14.25,109.03668017937198,0.14619883040935672,242.0,True,True,False
10.0,0.19,80.0,15.2,102.23026538282264,0.13706140350877194,264.79999999999995,True,True,False
10.0,0.19,85.0,16.15,96.50303179184576,0.12899896800825594,287.6,True,True,True
10.0,0.19,90.0,17.1,91.61717014593509,0.12183235867446393,310.3999999999999,True,True,True
10.0,0.19,95.0,18.05,87.39996183451876,0.11542012927054479,333.2,True,True,True
10.0,0.19,100.0,19.0,83.72293526186814,0.10964912280701754,356.00000000000006,True,True,True
10.0,0.19,105.0,19.95,80.48854969162743,0.10442773600668338,378.8,True,True,True
10.0,0.19,110.0,20.9,77.62141507258931,0.09968102073365231,401.6,True,True,True
10.0,0.19,115.0,21.85,75.06234204315572,0.09534706331045002,424.4,True,True,True
10.0,0.19,120.0,22.8,72.76421205965718,0.09137426900584794,447.19999999999993,True,True,True
10.0,0.19,125.0,23.75,70.68904958094065,0.08771929824561403,470.0,True,True,True
10.0,0.19,130.0,24.7,68.80590700691053,0.08434547908232119,492.8,True,True,True
10.0,0.19,135.0,25.65,67.08931078931133,0.08122157244964263,515.5999999999999,True,True,True
10.0,0.19,140.0,26.6,65.51810236428739,0.07832080200501253,538.4,True,True,True
10.0,0.19,145.0,27.55,64.07456162312141,0.07562008469449484,561.1999999999999,True,True,True
10.0,0.19,150.0,28.5,62.74373570695058,0.07309941520467836,584.0,True,True,True
10.0,0.19,155.0,29.45,61.51291912132919,0.07074136955291455,606.8,True,True,True
10.0,0.19,160.0,30.4,60.37124681192179,0.06853070175438597,629.5999999999999,True,True,True
10.0,0.19,165.0,31.35,59.30937256705909,0.06645401382243488,652.4,True,True,True
10.0,0.19,170.0,32.3,58.31921257806986,0.06449948400412797,675.2,True,True,True
10.0,0.19,175.0,33.25,57.39373925884839,0.06265664160401002,698.0,True,True,True
10.0,0.19,180.0,34.2,56.52681419622584,0.060916179337231965,720.7999999999998,True,True,True
10.0,0.19,185.0,35.15,55.71305183244081,0.05926979611190138,743.6,True,True,True
10.0,0.19,190.0,36.1,54.94770747986221,0.057710064635272396,766.4,True,True,True
10.0,0.19,195.0,37.05,54.226584747250136,0.05623031938821413,789.2,True,True,True
10.0,0.19,200.0,38.0,53.54595856218376,0.05482456140350877,812.0000000000001,True,True,True
10.0,0.19,205.0,38.95,52.90251080792601,0.05348737697903294,834.7999999999998,True,True,True
10.0,0.19,210.0,39.9,52.293276227168874,0.05221386800334169,857.6,True,True,True
10.0,0.19,215.0,40.85,51.71559673146687,0.05099959200326396,880.4,True,True,True
10.0,0.19,220.0,41.8,51.16708263103062,0.04984051036682616,903.2,True,True,True
10.0,0.19,225.0,42.75,50.64557959212771,0.04873294346978558,926.0,True,True,True
10.0,0.19,230.0,43.7,50.14914035863582,0.04767353165522501,948.8,True,True,True
10.0,0.19,235.0,44.65,49.67600045516373,0.046659201194475544,971.5999999999999,True,True,True
10.0,0.19,240.0,45.6,49.224557232703624,0.04568713450292397,994.3999999999999,True,True,True
10.0,0.19,245.0,46.55,48.79335173236717,0.044754744002864305,1017.1999999999999,True,True,True
10.0,0.19,250.0,47.5,48.38105293473779,0.043859649122807015,1040.0,True,True,True
10.0,0.19,255.0,48.45,47.98644403659268,0.042999656002751976,1062.8,True,True,True
10.0,0.19,260.0,49.4,47.60841045694005,0.042172739541160596,1085.6,True,True,True
10.0,0.19,265.0,50.35,47.24592932336477,0.04137702747434624,1108.4,True,True,True
10.0,0.19,270.0,51.3,46.89806022982755,0.04061078622482132,1131.2,True,True,True
10.0,0.19,275.0,52.25,46.56393709007307,0.03987240829346093,1154.0,True,True,True
10.0,0.19,280.0,53.2,46.242760938058915,0.039160401002506263,1176.8,True,True,True
10.0,0.19,285.0,54.15,45.933793549409096,0.038473376423514935,1199.5999999999997,True,True,True
10.0,0.19,290.0,55.1,45.63635177669712,0.03781004234724742,1222.3999999999999,True,True,True
10.0,0.19,295.0,56.05,45.34980250706551,0.03716919417187036,1245.2,True,True,True
10.0,0.19,300.0,57.0,45.07355816384966,0.03654970760233918,1268.0,True,True,True
10.0,0.2,10.0,2.0,nan,1.0416666666666667,-52.0,False,False,False
10.0,0.2,15.0,3.0,nan,0.6944444444444445,-28.000000000000014,False,False,False
10.0,0.2,20.0,4.0,nan,0.5208333333333334,-4.000000000000014,False,False,False
10.0,0.2,25.0,5.0,986.4910171619001,0.41666666666666663,19.999999999999996,True,False,False
10.0,0.2,30.0,6.0,464.7614113885052,0.34722222222222227,43.99999999999997,True,False,False
10.0,0.2,35.0,7.0,311.31152733750645,0.29761904761904767,68.0,True,False,False
10.0,0.2,40.0,8.0,237.92245235659416,0.2604166666666667,91.99999999999997,True,False,False
10.0,0.2,45.0,9.0,194.90127047123173,0.2314814814814815,115.99999999999997,True,False,False
10.0,0.2,50.0,10.0,166.6302080894221,0.20833333333333331,140.0,True,False,False
10.0,0.2,55.0,11.0,146.6336029900934,0.18939393939393942,163.99999999999997,True,True,False
10.0,0.2,60.0,12.0,131.74251408633796,0.17361111111111113,187.99999999999994,True,True,False
10.0,0.2,65.0,13.0,120.222992481546,0.16025641025641027,211.99999999999997,True,True,False
10.0,0.2,70.0,14.0,111.04642442349139,0.14880952380952384,236.0,True,True,False
10.0,0.2,75.0,15.0,103.56399200692381,0.1388888888888889,259.99999999999994,True,True,False
10.0,0.2,80.0,16.0,97.3461960551282,0.13020833333333334,283.99999999999994,True,True,True
10.0,0.2,85.0,17.0,92.0974072646514,0.12254901960784313,307.99999999999994,True,True,True
10.0,0.2,90.0,18.0,87.60747950412302,0.11574074074074076,331.99999999999994,True,True,True
10.0,0.2,95.0,19.0,83.72293526186817,0.10964912280701754,355.99999999999994,True,True,True
10.0,0.2,100.0,20.0,80.32907029231916,0.10416666666666666,380.0,True,True,True
10.0,0.2,105.0,21.0,77.33843680430073,0.0992063492063492,403.99999999999994,True,True,True
10.0,0.2,110.0,22.0,74.68320146447131,0.09469696969696971,427.99999999999994,True,True,True
10.0,0.2,115.0,23.0,72.30993801913704,0.09057971014492755,451.9999999999999,True,True,True
10.0,0.2,120.0,24.0,70.17599525736588,0.08680555555555557,475.9999999999999,True,True,True
10.0,0.2,125.0,25.0,68.24691100072477,0.08333333333333334,499.99999999999994,True,True,True
10.0,0.2,130.0,26.0,66.49453675232557,0.08012820512820513,523.9999999999999,True,True,True
10.0,0.2,135.0,27.0,64.89565513882265,0.0771604938271605,548.0,True,True,True
10.0,0.2,140.0,28.0,63.43094540897033,0.07440476190476192,572.0,True,True,True
10.0,0.2,145.0,29.0,62.08419887883767,0.07183908045977011,595.9999999999999,True,True,True
10.0,0.2,150.0,30.0,60.84171659619914,0.06944444444444445,619.9999999999999,True,True,True
10.0,0.2,155.0,31.0,59.69184168866412,0.06720430107526883,643.9999999999999,True,True,True
10.0,0.2,160.0,32.0,58.62459252298788,0.06510416666666667,667.9999999999999,True,True,True
10.0,0.2,165.0,33.0,57.63137220117359,0.06313131313131312,692.0,True,True,True
10.0,0.2,170.0,34.0,56.70473648193903,0.061274509803921566,715.9999999999999,True,True,True
10.0,0.2,175.0,35.0,55.83820686341157,0.05952380952380952,739.9999999999999,True,True,True
10.0,0.2,180.0,36.0,55.02611889630992,0.05787037037037038,763.9999999999999,True,True,True
10.0,0.2,185.0,37.0,54.26349821654442,0.0563063063063063,787.9999999999999,True,True,True
10.0,0.2,190.0,38.0,53.54595856218377,0.05482456140350877,811.9999999999999,True,True,True
10.0,0.2,195.0,39.0,52.86961735687732,0.05341880341880342,836.0,True,True,True
10.0,0.2,200.0,40.0,52.231025428146104,0.05208333333333333,860.0,True,True,True
10.0,0.2,205.0,41.0,51.627108174278135,0.0508130081300813,883.9999999999998,True,True,True
10.0,0.2,210.0,42.0,51.055116061583796,0.0496031746031746,907.9999999999999,True,True,True
10.0,0.2,215.0,43.0,50.512582770144114,0.048449612403100785,932.0,True,True,True
10.0,0.2,220.0,44.0,49.997289643965,0.047348484848484855,955.9999999999999,True,True,True
10.0,0.2,225.0,45.0,49.507235364782396,0.0462962962962963,979.9999999999999,True,True,True
10.0,0.2,230.0,46.0,49.040609975441214,0.045289855072463775,1003.9999999999998,True,True,True
10.0,0.2,235.0,47.0,48.59577254202256,0.044326241134751775,1027.9999999999998,True,True,True
10.0,0.2,240.0,48.0,48.171231873626816,0.04340277777777778,1051.9999999999998,True,True,True
10.0,0.2,245.0,49.0,47.76562982240858,0.042517006802721094,1075.9999999999998,True,True,True
10.0,0.2,250.0,50.0,47.37772676978896,0.04166666666666667,1099.9999999999998,True,True,True
10.0,0.2,255.0,51.0,47.00638897208547,0.04084967320261439,1123.9999999999998,True,True,True
10.0,0.2,260.0,52.0,46.650577493449724,0.04006410256410257,1147.9999999999998,True,True,True
10.0,0.2,265.0,53.0,46.30933849858064,0.039308176100628936,1171.9999999999998,True,True,True
10.0,0.2,270.0,54.0,45.981794714207965,0.03858024691358025,1196.0,True,True,True
10.0,0.2,275.0,55.0,45.66713789840077,0.03787878787878789,1220.0,True,True,True
10.0,0.2,280.0,56.0,45.364622181595784,0.03720238095238096,1244.0,True,True,True
10.0,0.2,285.0,57.0,45.07355816384966,0.03654970760233918,1267.9999999999998,True,True,True
10.0,0.2,290.0,58.0,44.79330766998266,0.035919540229885055,1291.9999999999998,True,True,True
10.0,0.2,295.0,59.0,44.52327907862752,0.035310734463276844,1315.9999999999998,True,True,True
10.0,0.2,300.0,60.0,44.26292315323137,0.034722222222222224,1339.9999999999998,True,True,True
10.0,0.21,10.0,2.1,nan,0.9920634920634921,-49.6,False,False,False
10.0,0.21,15.0,3.15,nan,0.6613756613756614,-24.400000000000013,False,False,False
10.0,0.21,20.0,4.2,23942.593671191265,0.49603174603174605,0.8000000000000007,True,False,False
10.0,0.21,25.0,5.25,765.759260873156,0.3968253968253968,26.0,True,False,False
10.0,0.21,30.0,6.3,403.62122321193533,0.3306878306878307,51.199999999999974,True,False,False
10.0,0.21,35.0,7.35,280.3805297670172,0.28344671201814065,76.4,True,False,False
10.0,0.21,40.0,8.4,218.27498346406634,0.24801587301587302,101.6,True,False,False
10.0,0.21,45.0,9.45,180.85492244241462,0.22045855379188714,126.79999999999998,True,False,False
10.0,0.21,50.0,10.5,155.84256586478423,0.1984126984126984,152.0,True,True,False
10.0,0.21,55.0,11.55,137.94433327988847,0.18037518037518038,177.19999999999996,True,True,False
10.0,0.21,60.0,12.6,124.50297284063868,0.16534391534391535,202.39999999999998,True,True,False
10.0,0.21,65.0,13.65,114.03808237563399,0.15262515262515264,227.59999999999997,True,True,False
10.0,0.21,70.0,14.7,105.65954665523464,0.14172335600907032,252.8,True,True,False
10.0,0.21,75.0,15.75,98.79999726687896,0.1322751322751323,278.0,True,True,True
10.0,0.21,80.0,16.8,93.08068959743198,0.12400793650793651,303.2,True,True,True
10.0,0.21,85.0,17.85,88.23913194790016,0.11671335200746966,328.4,True,True,True
10.0,0.21,90.0,18.9,84.08766056968169,0.11022927689594357,353.59999999999997,True,True,True
10.0,0.21,95.0,19.95,80.48854969162743,0.10442773600668338,378.8,True,True,True
10.0,0.21,100.0,21.0,77.33843680430073,0.0992063492063492,404.0,True,True,True
10.0,0.21,105.0,22.05,74.55823465677196,0.09448223733938019,429.2,True,True,True
10.0,0.21,110.0,23.1,72.08640000095853,0.09018759018759019,454.3999999999999,True,True,True
10.0,0.21,115.0,24.15,69.87432444992616,0.0862663906142167,479.59999999999997,True,True,True
10.0,0.21,120.0,25.2,67.8831058873487,0.08267195767195767,504.79999999999995,True,True,True
10.0,0.21,125.0,26.25,66.08124093902386,0.07936507936507936,530.0,True,True,True
10.0,0.21,130.0,27.3,64.44294586352967,0.07631257631257632,555.2,True,True,True
10.0,0.21,135.0,28.35,62.94691486764422,0.07348618459729571,580.3999999999999,True,True,True
10.0,0.21,140.0,29.4,61.57538843284302,0.07086167800453516,605.6,True,True,True
10.0,0.21,145.0,30.45,60.31344495985855,0.06841817186644773,630.7999999999998,True,True,True
10.0,0.21,150.0,31.5,59.14845568053017,0.06613756613756615,656.0,True,True,True
10.0,0.21,155.0,32.55,58.06966055809869,0.06400409626216079,681.1999999999999,True,True,True
10.0,0.21,160.0,33.6,57.06783496308869,0.062003968253968256,706.4,True,True,True
10.0,0.21,165.0,34.65,56.13502523739049,0.06012506012506012,731.6000000000001,True,True,True
10.0,0.21,170.0,35.7,55.26433708961933,0.05835667600373483,756.8,True,True,True
10.0,0.21,175.0,36.75,54.44976490431323,0.056689342403628114,782.0,True,True,True
10.0,0.21,180.0,37.8,53.686053023937035,0.055114638447971785,807.1999999999999,True,True,True
10.0,0.21,185.0,38.85,52.968582228100665,0.053625053625053626,832.4,True,True,True
10.0,0.21,190.0,39.9,52.293276227168874,0.05221386800334169,857.6,True,True,True
10.0,0.21,195.0,40.95,51.656524171011625,0.05087505087505088,882.7999999999998,True,True,True
10.0,0.21,200.0,42.0,51.0551160615838,0.0496031746031746,908.0,True,True,True
10.0,0.21,205.0,43.05,50.48618863016195,0.0483933410762679,933.1999999999999,True,True,True
10.0,0.21,210.0,44.1,49.947179753147076,0.047241118669690094,958.4,True,True,True
10.0,0.21,215.0,45.15,49.4357898751171,0.04614248800295312,983.6,True,True,True
10.0,0.21,220.0,46.2,48.9499492138325,0.045093795093795096,1008.7999999999998,True,True,True
10.0,0.21,225.0,47.25,48.487789760796176,0.04409171075837742,1034.0,True,True,True
10.0,0.21,230.0,48.3,48.04762127871249,0.04313319530710835,1059.1999999999998,True,True,True
10.0,0.21,235.0,49.35,47.627910645667,0.042215467747382635,1084.4,True,True,True
10.0,0.21,240.0,50.4,47.22726401397831,0.04133597883597884,1109.5999999999997,True,True,True
10.0,0.21,245.0,51.45,46.84441134619259,0.04049238743116294,1134.8,True,True,True
10.0,0.21,250.0,52.5,46.47819296673137,0.03968253968253968,1160.0,True,True,True
10.0,0.21,255.0,53.55,46.127547829191215,0.03890445066915656,1185.1999999999998,True,True,True
10.0,0.21,260.0,54.6,45.79150324926177,0.03815628815628816,1210.4,True,True,True
10.0,0.21,265.0,55.65,45.46916589402354,0.037436358191075166,1235.5999999999997,True,True,True
10.0,0.21,270.0,56.7,45.159713851843684,0.036743092298647854,1260.7999999999997,True,True,True
10.0,0.21,275.0,57.75,44.862389634645055,0.03607503607503608,1286.0,True,True,True
10.0,0.21,280.0,58.8,44.576493987113004,0.03543083900226758,1311.2,True,True,True
10.0,0.21,285.0,59.85,44.30138039632715,0.03480924533556113,1336.3999999999999,True,True,True
10.0,0.21,290.0,60.9,44.03645021107567,0.034209085933223866,1361.5999999999997,True,True,True
10.0,0.21,295.0,61.95,43.78114829330087,0.033629270917406515,1386.7999999999997,True,True,True
10.0,0.21,300.0,63.0,43.534959135197376,0.033068783068783074,1412.0,True,True,True
10.0,0.22,10.0,2.2,nan,0.9469696969696969,-47.2,False,False,False
10.0,0.22,15.0,3.3,nan,0.6313131313131314,-20.800000000000008,False,False,False
10.0,0.22,20.0,4.4,3446.0734443793312,0.47348484848484845,5.600000000000005,True,False,False
10.0,0.22,25.0,5.5,627.8019131926908,0.3787878787878788,32.00000000000001,True,False,False
10.0,0.22,30.0,6.6,357.5566978734239,0.3156565656565657,58.399999999999984,True,False,False
10.0,0.22,35.0,7.7,255.57737133785122,0.27056277056277056,84.80000000000001,True,False,False
10.0,0.22,40.0,8.8,202.0198833011837,0.23674242424242423,111.20000000000002,True,False,False
10.0,0.22,45.0,9.9,169.01352439486536,0.2104377104377104,137.6,True,False,False
10.0,0.22,50.0,11.0,146.63360299009338,0.1893939393939394,164.0,True,True,False
10.0,0.22,55.0,12.1,130.459878277401,0.17217630853994492,190.4,True,True,False
10.0,0.22,60.0,13.2,118.22514187112081,0.15782828282828285,216.79999999999998,True,True,False
10.0,0.22,65.0,14.3,108.64663113199356,0.14568764568764567,243.2,True,True,False
10.0,0.22,70.0,15.4,100.94403050794759,0.13528138528138528,269.6,True,True,False
10.0,0.22,75.0,16.5,94.61540729251524,0.12626262626262624,296.0,True,True,True
10.0,0.22,80.0,17.6,89.32323353668225,0.11837121212121211,322.4,True,True,True
10.0,0.22,85.0,18.7,84.83216865214507,0.11140819964349377,348.79999999999995,True,True,True
10.0,0.22,90.0,19.8,80.97310863408858,0.1052188552188552,375.2,True,True,True
10.0,0.22,95.0,20.9,77.62141507258931,0.09968102073365231,401.6,True,True,True
10.0,0.22,100.0,22.0,74.68320146447131,0.0946969696969697,428.0,True,True,True
10.0,0.22,105.0,23.1,72.08640000095853,0.09018759018759018,454.3999999999999,True,True,True
10.0,0.22,110.0,24.2,69.77477141031073,0.08608815426997246,480.8,True,True,True
10.0,0.22,115.0,25.3,67.7037855436105,0.08234519104084322,507.19999999999993,True,True,True
10.0,0.22,120.0,26.4,65.83772481514445,0.07891414141414142,533.5999999999999,True,True,True
10.0,0.22,125.0,27.5,64.14760695536236,0.07575757575757575,560.0,True,True,True
10.0,0.22,130.0,28.6,62.60966887558792,0.07284382284382283,586.4,True,True,True
10.0,0.22,135.0,29.7,61.204242431929835,0.07014590347923681,612.8,True,True,True
10.0,0.22,140.0,30.8,59.91490878587053,0.06764069264069264,639.2,True,True,True
10.0,0.22,145.0,31.9,58.72785401077265,0.06530825496342739,665.6,True,True,True
10.0,0.22,150.0,33.0,57.63137220117359,0.06313131313131312,692.0,True,True,True
10.0,0.22,155.0,34.1,56.615478141500496,0.06109481915933528,718.3999999999999,True,True,True
10.0,0.22,160.0,35.2,55.671602350289746,0.05918560606060606,744.8,True,True,True
10.0,0.22,165.0,36.3,54.79234876055193,0.0573921028466483,771.2,True,True,True
10.0,0.22,170.0,37.4,53.971300523795755,0.055704099821746886,797.5999999999999,True,True,True
10.0,0.22,175.0,38.5,53.2028631449288,0.05411255411255411,824.0,True,True,True
10.0,0.22,180.0,39.6,52.48213683568105,0.0526094276094276,850.4,True,True,True
10.0,0.22,185.0,40.7,51.804811928267576,0.05118755118755118,876.7999999999998,True,True,True
10.0,0.22,190.0,41.8,51.16708263103062,0.04984051036682616,903.2,True,True,True
10.0,0.22,195.0,42.9,50.565575479764085,0.04856254856254857,929.5999999999999,True,True,True
10.0,0.22,200.0,44.0,49.99728964396499,0.04734848484848485,956.0,True,True,True
10.0,0.22,205.0,45.1,49.45954685797268,0.046193643754619367,982.4,True,True,True
10.0,0.22,210.0,46.2,48.9499492138325,0.04509379509379509,1008.7999999999998,True,True,True
10.0,0.22,215.0,47.3,48.46634341243822,0.044045102184637065,1035.2,True,True,True
10.0,0.22,220.0,48.4,48.00679034871693,0.04304407713498623,1061.6,True,True,True
10.0,0.22,225.0,49.5,47.569539124852696,0.04208754208754208,1088.0,True,True,True
10.0,0.22,230.0,50.6,47.15300475725195,0.04117259552042161,1114.3999999999999,True,True,True
10.0,0.22,235.0,51.7,46.75574897889499,0.04029658284977433,1140.8,True,True,True
10.0,0.22,240.0,52.8,46.37646364698874,0.03945707070707071,1167.2,True,True,True
10.0,0.22,245.0,53.9,46.01395635255287,0.03865182436611008,1193.6,True,True,True
10.0,0.22,250.0,55.0,45.66713789840077,0.03787878787878787,1220.0,True,True,True
10.0,0.22,255.0,56.1,45.33501136849389,0.037136066547831255,1246.3999999999999,True,True,True
10.0,0.22,260.0,57.2,45.016662557615184,0.03642191142191142,1272.8,True,True,True
10.0,0.22,265.0,58.3,44.71125156786827,0.035734705546026306,1299.2,True,True,True
10.0,0.22,270.0,59.4,44.418005409336374,0.035072951739618406,1325.6,True,True,True
10.0,0.22,275.0,60.5,44.13621146764655,0.03443526170798898,1352.0,True,True,True
10.0,0.22,280.0,61.6,43.86521172221415,0.03382034632034632,1378.4,True,True,True
10.0,0.22,285.0,62.7,43.60439761641645,0.03322700691121744,1404.7999999999997,True,True,True
10.0,0.22,290.0,63.8,43.35320549551682,0.032654127481713695,1431.2,True,True,True
10.0,0.22,295.0,64.9,43.11111254035779,0.03210066769388803,1457.5999999999997,True,True,True
10.0,0.22,300.0,66.0,42.87763313508581,0.03156565656565656,1484.0,True,True,True
10.0,0.23,10.0,2.3,nan,0.9057971014492755,-44.800000000000004,False,False,False
10.0,0.23,15.0,3.45,nan,0.6038647342995169,-17.200000000000014,False,False,False
10.0,0.23,20.0,4.6,1869.4180423168782,0.45289855072463775,10.399999999999986,True,False,False
10.0,0.23,25.0,5.75,533.4100437271097,0.3623188405797102,37.99999999999999,True,False,False
10.0,0.23,30.0,6.9,321.60389760921987,0.30193236714975846,65.59999999999997,True,False,False
10.0,0.23,35.0,8.05,235.24516850535915,0.25879917184265017,93.2,True,False,False
10.0,0.23,40.0,9.2,188.34837521716986,0.22644927536231887,120.79999999999997,True,False,False
10.0,0.23,45.0,10.35,158.89567215477618,0.20128824476650564,148.39999999999995,True,True,False
10.0,0.23,50.0,11.5,138.6804077801331,0.1811594202898551,175.99999999999997,True,True,False
10.0,0.23,55.0,12.65,123.94590270549152,0.16469038208168646,203.59999999999997,True,True,False
10.0,0.23,60.0,13.8,112.72932444797894,0.15096618357487923,231.19999999999993,True,True,False
10.0,0.23,65.0,14.95,103.90515391772557,0.13935340022296547,258.79999999999995,True,True,False
10.0,0.23,70.0,16.1,96.78173133883388,0.12939958592132508,286.4,True,True,True
10.0,0.23,75.0,17.25,90.9105792260404,0.12077294685990339,313.99999999999994,True,True,True
10.0,0.23,80.0,18.4,85.98816129540788,0.11322463768115944,341.59999999999997,True,True,True
10.0,0.23,85.0,19.55,81.80170617563917,0.10656436487638535,369.19999999999993,True,True,True
10.0,0.23,90.0,20.7,78.19764098180606,0.10064412238325282,396.7999999999999,True,True,True
10.0,0.23,95.0,21.85,75.06234204315572,0.09534706331045004,424.4,True,True,True
10.0,0.23,100.0,23.0,72.30993801913702,0.09057971014492755,451.99999999999994,True,True,True
10.0,0.23,105.0,24.15,69.87432444992616,0.0862663906142167,479.59999999999997,True,True,True
10.0,0.23,110.0,25.3,67.7037855436105,0.08234519104084323,507.19999999999993,True,True,True
10.0,0.23,115.0,26.45,65.75728131872457,0.07876496534341525,534.7999999999998,True,True,True
10.0,0.23,120.0,27.6,64.00182800638078,0.07548309178743962,562.3999999999999,True,True,True
10.0,0.23,125.0,28.75,62.41061371580202,0.07246376811594205,590.0,True,True,True
10.0,0.23,130.0,29.9,60.96161935533978,0.06967670011148273,617.5999999999999,True,True,True
10.0,0.23,135.0,31.05,59.636593514247515,0.06709608158883522,645.1999999999999,True,True,True
10.0,0.23,140.0,32.2,58.42027966249576,0.06469979296066254,672.8,True,True,True
10.0,0.23,145.0,33.35,57.2998260686205,0.06246876561719142,700.4,True,True,True
10.0,0.23,150.0,34.5,56.26432994505008,0.060386473429951695,727.9999999999999,True,True,True
10.0,0.23,155.0,35.65,55.304481500173516,0.0584385226741468,755.5999999999999,True,True,True
10.0,0.23,160.0,36.8,54.41228325212686,0.05661231884057972,783.1999999999999,True,True,True
10.0,0.23,165.0,37.95,53.58082667069611,0.054896794027228815,810.7999999999998,True,True,True
10.0,0.23,170.0,39.1,52.804112936706886,0.053282182438192674,838.3999999999999,True,True,True
10.0,0.23,175.0,40.25,52.07690797652392,0.05175983436853002,866.0,True,True,True
10.0,0.23,180.0,41.4,51.394624361240346,0.05032206119162641,893.5999999999998,True,True,True
10.0,0.23,185.0,42.55,50.75322443632111,0.04896200548374462,921.2,True,True,True
10.0,0.23,190.0,43.7,50.14914035863582,0.04767353165522502,948.8,True,True,True
10.0,0.23,195.0,44.85,49.57920769542023,0.04645113340765515,976.3999999999999,True,True,True
10.0,0.23,200.0,46.0,49.040609975441214,0.045289855072463775,1003.9999999999999,True,True,True
10.0,0.23,205.0,47.15,48.53083214121522,0.04418522446094026,1031.6,True,True,True
10.0,0.23,210.0,48.3,48.04762127871249,0.04313319530710835,1059.1999999999998,True,True,True
10.0,0.23,215.0,49.45,47.58895333083082,0.042130097741826765,1086.7999999999997,True,True,True
10.0,0.23,220.0,50.6,47.15300475725195,0.041172595520421615,1114.3999999999999,True,True,True
10.0,0.23,225.0,51.75,46.73812830386711,0.04025764895330113,1141.9999999999998,True,True,True
10.0,0.23,230.0,52.9,46.34283220293338,0.03938248267170762,1169.5999999999997,True,True,True
10.0,0.23,235.0,54.05,45.96576225032203,0.0385445575084798,1197.2,True,True,True
10.0,0.23,240.0,55.2,45.60568630602562,0.03774154589371981,1224.7999999999997,True,True,True
10.0,0.23,245.0,56.35,45.26148084410318,0.03697131026323573,1252.4,True,True,True
10.0,0.23,250.0,57.5,44.93211924272615,0.03623188405797102,1280.0,True,True,True
10.0,0.23,255.0,58.65,44.6166615572225,0.035521454958795114,1307.5999999999997,True,True,True
10.0,0.23,260.0,59.8,44.31424556153295,0.03483835005574137,1335.1999999999998,True,True,True
10.0,0.23,265.0,60.95,44.02407887826052,0.034181022696199076,1362.7999999999997,True,True,True
10.0,0.23,270.0,62.1,43.745432046050134,0.03354804079441761,1390.3999999999999,True,True,True
10.0,0.23,275.0,63.25,43.47763239658867,0.03293807641633729,1418.0,True,True,True
10.0,0.23,280.0,64.4,43.22005863302255,0.03234989648033127,1445.6,True,True,True
10.0,0.23,285.0,65.55,42.972136017806164,0.03178235443681668,1473.1999999999998,True,True,True
10.0,0.23,290.0,66.7,42.73333209152897,0.03123438280859571,1500.8,True,True,True
10.0,0.23,295.0,67.85,42.503152855601506,0.030704986489805946,1528.4,True,True,True
10.0,0.23,300.0,69.0,42.28113936120565,0.030193236714975848,1555.9999999999998,True,True,True
10.0,0.24,10.0,2.4,nan,0.8680555555555556,-42.400000000000006,False,False,False
10.0,0.24,15.0,3.6,nan,0.5787037037037038,-13.60000000000001,False,False,False
10.0,0.24,20.0,4.8,1288.5449994517608,0.4340277777777778,15.19999999999999,True,False,False
10.0,0.24,25.0,6.0,464.761411388505,0.3472222222222222,43.99999999999999,True,False,False
10.0,0.24,30.0,7.2,292.7626402544188,0.2893518518518519,72.79999999999997,True,False,False
10.0,0.24,35.0,8.4,218.27498346406634,0.24801587301587302,101.6,True,False,False
10.0,0.24,40.0,9.6,176.68984991853227,0.2170138888888889,130.39999999999998,True,False,False
10.0,0.24,45.0,10.8,150.150593836709,0.19290123456790123,159.19999999999996,True,True,False
10.0,0.24,50.0,12.0,131.74251408633793,0.1736111111111111,188.0,True,True,False
10.0,0.24,55.0,13.2,118.22514187112081,0.15782828282828285,216.79999999999998,True,True,False
10.0,0.24,60.0,14.4,107.87796769986343,0.14467592592592596,245.59999999999994,True,True,False
10.0,0.24,65.0,15.6,99.70279510391369,0.13354700854700854,274.4,True,True,True
10.0,0.24,70.0,16.8,93.08068959743198,0.12400793650793651,303.2,True,True,True
10.0,0.24,75.0,18.0,87.60747950412302,0.11574074074074076,332.0,True,True,True
10.0,0.24,80.0,19.2,83.00804131041106,0.10850694444444445,360.79999999999995,True,True,True
10.0,0.24,85.0,20.4,79.08860219256613,0.10212418300653595,389.6,True,True,True
10.0,0.24,90.0,21.6,75.70874169132705,0.09645061728395062,418.3999999999999,True,True,True
10.0,0.24,95.0,22.8,72.76421205965718,0.09137426900584794,447.19999999999993,True,True,True
10.0,0.24,100.0,24.0,70.17599525736587,0.08680555555555555,476.0,True,True,True
10.0,0.24,105.0,25.2,67.88310588734869,0.08267195767195767,504.8,True,True,True
10.0,0.24,110.0,26.4,65.83772481514445,0.07891414141414142,533.5999999999999,True,True,True
10.0,0.24,115.0,27.6,64.00182800638076,0.07548309178743962,562.4,True,True,True
10.0,0.24,120.0,28.8,62.34480071078485,0.07233796296296298,591.1999999999999,True,True,True
10.0,0.24,125.0,30.0,60.84171659619914,0.06944444444444445,619.9999999999999,True,True,True
10.0,0.24,130.0,31.2,59.472075214351,0.06677350427350427,648.8,True,True,True
10.0,0.24,135.0,32.4,58.21886143521015,0.06430041152263374,677.6,True,True,True
10.0,0.24,140.0,33.6,57.06783496308869,0.062003968253968256,706.4,True,True,True
10.0,0.24,145.0,34.8,56.00698684351648,0.05986590038314176,735.1999999999999,True,True,True
10.0,0.24,150.0,36.0,55.02611889630991,0.05787037037037038,764.0,True,True,True
10.0,0.24,155.0,37.2,54.116514816105266,0.05600358422939069,792.7999999999998,True,True,True
10.0,0.24,160.0,38.4,53.270680447463135,0.054253472222222224,821.5999999999999,True,True,True
10.0,0.24,165.0,39.6,52.48213683568105,0.0526094276094276,850.4,True,True,True
10.0,0.24,170.0,40.8,51.74525395187741,0.05106209150326797,879.2,True,True,True
10.0,0.24,175.0,42.0,51.0551160615838,0.0496031746031746,908.0,True,True,True
10.0,0.24,180.0,43.2,50.40741192714086,0.04822530864197531,936.7999999999998,True,True,True
10.0,0.24,185.0,44.4,49.79834465904413,0.046921921921921926,965.5999999999999,True,True,True
10.0,0.24,190.0,45.6,49.224557232703624,0.04568713450292397,994.3999999999999,True,True,True
10.0,0.24,195.0,46.8,48.683070584077356,0.04451566951566952,1023.1999999999999,True,True,True
10.0,0.24,200.0,48.0,48.171231873626816,0.043402777777777776,1052.0,True,True,True
10.0,0.24,205.0,49.2,47.68667102191235,0.04234417344173442,1080.7999999999997,True,True,True
10.0,0.24,210.0,50.4,47.2272640139783,0.04133597883597884,1109.6,True,True,True
10.0,0.24,215.0,51.6,46.791101773838534,0.04037467700258398,1138.4,True,True,True
10.0,0.24,220.0,52.8,46.37646364698874,0.03945707070707071,1167.2,True,True,True
10.0,0.24,225.0,54.0,45.981794714207965,0.038580246913580245,1196.0,True,True,True
10.0,0.24,230.0,55.2,45.60568630602561,0.03774154589371981,1224.8,True,True,True
10.0,0.24,235.0,56.4,45.24685920313309,0.03693853427895981,1253.6,True,True,True
10.0,0.24,240.0,57.6,44.90414910049525,0.03616898148148149,1282.3999999999999,True,True,True
10.0,0.24,245.0,58.8,44.576493987113004,0.03543083900226758,1311.1999999999998,True,True,True
10.0,0.24,250.0,60.0,44.26292315323137,0.034722222222222224,1339.9999999999998,True,True,True
10.0,0.24,255.0,61.2,43.962547585299156,0.03404139433551198,1368.8,True,True,True
10.0,0.24,260.0,62.4,43.67455154850097,0.033386752136752136,1397.6,True,True,True
10.0,0.24,265.0,63.6,43.39818518901601,0.03275681341719078,1426.3999999999999,True,True,True
10.0,0.24,270.0,64.8,43.132758014733284,0.03215020576131687,1455.2,True,True,True
10.0,0.24,275.0,66.0,42.87763313508581,0.03156565656565656,1484.0,True,True,True
10.0,0.24,280.0,67.2,42.63222215884109,0.031001984126984128,1512.8,True,True,True
10.0,0.24,285.0,68.4,42.39598066380531,0.03045808966861599,1541.5999999999997,True,True,True
10.0,0.24,290.0,69.6,42.16840416502148,0.02993295019157088,1570.3999999999999,True,True,True
10.0,0.24,295.0,70.8,41.94902451862006,0.029425612052730695,1599.1999999999998,True,True,True
10.0,0.24,300.0,72.0,41.73740670737387,0.02893518518518519,1628.0,True,True,True
10.0,0.25,10.0,2.5,nan,0.8333333333333333,-40.0,False,False,False
10.0,0.25,15.0,3.75,nan,0.5555555555555556,-10.000000000000009,False,False,False
10.0,0.25,20.0,5.0,986.4910171619001,0.41666666666666663,19.999999999999996,True,False,False
10.0,0.25,25.0,6.25,412.5884508111655,0.3333333333333333,50.0,True,False,False
10.0,0.25,30.0,7.5,269.11280922348186,0.2777777777777778,79.99999999999999,True,False,False
10.0,0.25,35.0,8.75,203.8966085018074,0.23809523809523808,110.00000000000001,True,False,False
10.0,0.25,40.0,10.0,166.6302080894221,0.20833333333333331,140.0,True,False,False
10.0,0.25,45.0,11.25,142.51665488140807,0.18518518518518517,169.99999999999997,True,True,False
10.0,0.25,50.0,12.5,125.63716763579819,0.16666666666666666,200.0,True,True,False
10.0,0.25,55.0,13.75,113.16102488904313,0.1515151515151515,229.99999999999997,True,True,False
10.0,0.25,60.0,15.0,103.56399200692381,0.1388888888888889,259.99999999999994,True,True,False
10.0,0.25,65.0,16.25,95.95255213489814,0.1282051282051282,290.0,True,True,True
10.0,0.25,70.0,17.5,89.76825723887728,0.11904761904761904,320.0,True,True,True
10.0,0.25,75.0,18.75,84.64412718217432,0.1111111111111111,350.0,True,True,True
10.0,0.25,80.0,20.0,80.32907029231916,0.10416666666666666,380.0,True,True,True
10.0,0.25,85.0,21.25,76.64548514244281,0.0980392156862745,409.99999999999994,True,True,True
10.0,0.25,90.0,22.5,73.46420705845871,0.09259259259259259,439.99999999999994,True,True,True
10.0,0.25,95.0,23.75,70.68904958094065,0.08771929824561403,470.0,True,True,True
10.0,0.25,100.0,25.0,68.24691100072474,0.08333333333333333,500.0,True,True,True
10.0,0.25,105.0,26.25,66.08124093902386,0.07936507936507936,530.0,True,True,True
10.0,0.25,110.0,27.5,64.14760695536236,0.07575757575757575,560.0,True,True,True
10.0,0.25,115.0,28.75,62.41061371580202,0.07246376811594203,590.0,True,True,True
10.0,0.25,120.0,30.0,60.84171659619914,0.06944444444444445,619.9999999999999,True,True,True
10.0,0.25,125.0,31.25,59.417640749174986,0.06666666666666667,650.0,True,True,True
10.0,0.25,130.0,32.5,58.11921865335885,0.0641025641025641,680.0,True,True,True
10.0,0.25,135.0,33.75,56.93052236845674,0.0617283950617284,710.0,True,True,True
10.0,0.25,140.0,35.0,55.838206863411564,0.05952380952380952,740.0,True,True,True
10.0,0.25,145.0,36.25,54.831006852266015,0.057471264367816084,769.9999999999999,True,True,True
10.0,0.25,150.0,37.5,53.89934684195639,0.05555555555555555,800.0,True,True,True
10.0,0.25,155.0,38.75,53.03503574805468,0.05376344086021505,829.9999999999999,True,True,True
10.0,0.25,160.0,40.0,52.231025428146104,0.05208333333333333,860.0,True,True,True
10.0,0.25,165.0,41.25,51.48121805115272,0.050505050505050504,890.0,True,True,True
10.0,0.25,170.0,42.5,50.78031115526762,0.04901960784313725,919.9999999999999,True,True,True
10.0,0.25,175.0,43.75,50.123672063333125,0.047619047619047616,950.0,True,True,True
10.0,0.25,180.0,45.0,49.507235364782396,0.046296296296296294,979.9999999999999,True,True,True
10.0,0.25,185.0,46.25,48.92741866812576,0.045045045045045036,1010.0,True,True,True
10.0,0.25,190.0,47.5,48.38105293473779,0.043859649122807015,1040.0,True,True,True
10.0,0.25,195.0,48.75,47.865324532194,0.04273504273504273,1069.9999999999998,True,True,True
10.0,0.25,200.0,50.0,47.37772676978895,0.041666666666666664,1100.0,True,True,True
10.0,0.25,205.0,51.25,46.91601915406028,0.04065040650406504,1130.0,True,True,True
10.0,0.25,210.0,52.5,46.47819296673137,0.03968253968253968,1160.0,True,True,True
10.0,0.25,215.0,53.75,46.062442049351816,0.03875968992248062,1190.0,True,True,True
10.0,0.25,220.0,55.0,45.66713789840077,0.03787878787878787,1220.0,True,True,True
10.0,0.25,225.0,56.25,45.290808346695364,0.037037037037037035,1250.0,True,True,True
10.0,0.25,230.0,57.5,44.93211924272615,0.036231884057971016,1280.0,True,True,True
10.0,0.25,235.0,58.75,44.58985864733569,0.035460992907801414,1310.0,True,True,True
10.0,0.25,240.0,60.0,44.26292315323137,0.034722222222222224,1339.9999999999998,True,True,True
10.0,0.25,245.0,61.25,43.95030600193453,0.03401360544217687,1370.0,True,True,True
10.0,0.25,250.0,62.5,43.65108672855041,0.03333333333333333,1400.0,True,True,True
10.0,0.25,255.0,63.75,43.3644221099936,0.032679738562091505,1430.0,True,True,True
10.0,0.25,260.0,65.0,43.0895382291857,0.03205128205128205,1460.0,True,True,True
10.0,0.25,265.0,66.25,42.82572349794053,0.031446540880503145,1489.9999999999998,True,True,True
10.0,0.25,270.0,67.5,42.57232250608663,0.0308641975308642,1520.0,True,True,True
10.0,0.25,275.0,68.75,42.32873058488513,0.030303030303030304,1550.0,True,True,True
10.0,0.25,280.0,70.0,42.094388989805196,0.02976190476190476,1580.0,True,True,True
10.0,0.25,285.0,71.25,41.86878062187111,0.029239766081871343,1609.9999999999998,True,True,True
10.0,0.25,290.0,72.5,41.65142621861753,0.028735632183908042,1639.9999999999998,True,True,True
10.0,0.25,295.0,73.75,41.44188095560062,0.02824858757062147,1670.0,True,True,True
10.0,0.25,300.0,75.0,41.239731407749005,0.027777777777777776,1700.0,True,True,True
10.0,0.26,10.0,2.6,nan,0.8012820512820511,-37.6,False,False,False
10.0,0.26,15.0,3.9,nan,0.5341880341880341,-6.400000000000006,False,False,False
10.0,0.26,20.0,5.2,801.3611570487599,0.40064102564102555,24.8,True,False,False
10.0,0.26,25.0,6.5,371.59541035754154,0.3205128205128205,56.00000000000001,True,False,False
10.0,0.26,30.0,7.8,249.36845487655293,0.26709401709401703,87.19999999999999,True,False,False
10.0,0.26,35.0,9.1,191.55840836527446,0.22893772893772893,118.40000000000002,True,False,False
10.0,0.26,40.0,10.4,157.86164328650787,0.20032051282051277,149.6,True,True,False
10.0,0.26,45.0,11.7,135.79473518182888,0.17806267806267806,180.79999999999998,True,True,False
10.0,0.26,50.0,13.0,120.22299248154597,0.16025641025641024,212.0,True,True,False
10.0,0.26,55.0,14.3,108.64663113199356,0.14568764568764567,243.2,True,True,False
10.0,0.26,60.0,15.6,99.70279510391369,0.13354700854700852,274.4,True,True,True
10.0,0.26,65.0,16.9,92.58518737476112,0.1232741617357002,305.6,True,True,True
10.0,0.26,70.0,18.2,86.78628131514277,0.11446886446886446,336.80000000000007,True,True,True
10.0,0.26,75.0,19.5,81.97066802215535,0.10683760683760685,368.0,True,True,True
10.0,0.26,80.0,20.8,77.90779588518599,0.10016025641025639,399.2,True,True,True
10.0,0.26,85.0,22.1,74.43396469000777,0.0942684766214178,430.3999999999999,True,True,True
10.0,0.26,90.0,23.4,71.42973285916904,0.08903133903133903,461.59999999999997,True,True,True
10.0,0.26,95.0,24.7,68.80590700691053,0.08434547908232119,492.80000000000007,True,True,True
10.0,0.26,100.0,26.0,66.49453675232554,0.08012820512820512,524.0,True,True,True
10.0,0.26,105.0,27.3,64.44294586352967,0.07631257631257632,555.2,True,True,True
10.0,0.26,110.0,28.6,62.60966887558792,0.07284382284382283,586.4,True,True,True
10.0,0.26,115.0,29.9,60.96161935533978,0.0696767001114827,617.5999999999999,True,True,True
10.0,0.26,120.0,31.2,59.472075214351,0.06677350427350426,648.8,True,True,True
10.0,0.26,125.0,32.5,58.11921865335884,0.0641025641025641,680.0000000000001,True,True,True
10.0,0.26,130.0,33.8,56.885060418303006,0.0616370808678501,711.2,True,True,True
10.0,0.26,135.0,35.1,55.75463531076263,0.05935422602089269,742.4,True,True,True
10.0,0.26,140.0,36.4,54.71539237322036,0.05723443223443223,773.6000000000001,True,True,True
10.0,0.26,145.0,37.7,53.756726919901034,0.05526083112290009,804.8,True,True,True
10.0,0.26,150.0,39.0,52.86961735687732,0.05341880341880342,836.0,True,True,True
10.0,0.26,155.0,40.3,52.046340400787045,0.05169561621174523,867.1999999999999,True,True,True
10.0,0.26,160.0,41.6,51.280245637550756,0.050080128205128194,898.4,True,True,True
10.0,0.26,165.0,42.9,50.56557547976408,0.04856254856254857,929.6000000000001,True,True,True
10.0,0.26,170.0,44.2,49.89732020316588,0.0471342383107089,960.7999999999998,True,True,True
10.0,0.26,175.0,45.5,49.27110033912788,0.04578754578754578,992.0,True,True,True
10.0,0.26,180.0,46.8,48.683070584077356,0.044515669515669515,1023.1999999999999,True,True,True
10.0,0.26,185.0,48.1,48.12984076900704,0.04331254331254331,1054.4,True,True,True
10.0,0.26,190.0,49.4,47.60841045694004,0.042172739541160596,1085.6000000000001,True,True,True
10.0,0.26,195.0,50.7,47.11611450328366,0.041091387245233396,1116.8,True,True,True
10.0,0.26,200.0,52.0,46.650577493449724,0.04006410256410256,1148.0,True,True,True
10.0,0.26,205.0,53.3,46.20967541357986,0.039086929330831764,1179.2,True,True,True
10.0,0.26,210.0,54.6,45.79150324926177,0.03815628815628816,1210.4,True,True,True
10.0,0.26,215.0,55.9,45.394347469490604,0.037268932617769826,1241.6,True,True,True
10.0,0.26,220.0,57.2,45.016662557615184,0.03642191142191142,1272.8,True,True,True
10.0,0.26,225.0,58.5,44.65705091146143,0.03561253561253561,1304.0,True,True,True
10.0,0.26,230.0,59.8,44.31424556153295,0.03483835005574135,1335.1999999999998,True,True,True
10.0,0.26,235.0,61.1,43.9870952568588,0.03409710856519367,1366.4,True,True,True
10.0,0.26,240.0,62.4,43.67455154850097,0.03338675213675213,1397.6,True,True,True
10.0,0.26,245.0,63.7,43.375657565368165,0.03270538984824699,1428.8,True,True,True
10.0,0.26,250.0,65.0,43.0895382291857,0.03205128205128205,1460.0000000000002,True,True,True
10.0,0.26,255.0,66.3,42.81539169784349,0.0314228255404726,1491.2,True,True,True
10.0,0.26,260.0,67.6,42.552481860902056,0.03081854043392505,1522.4,True,True,True
10.0,0.26,265.0,68.9,42.30013173934756,0.03023705853894533,1553.5999999999997,True,True,True
10.0,0.26,270.0,70.2,42.05771766498198,0.029677113010446347,1584.8,True,True,True
10.0,0.26,275.0,71.5,41.82466413408202,0.029137529137529136,1616.0,True,True,True
10.0,0.26,280.0,72.8,41.600439245926204,0.028617216117216116,1647.2000000000003,True,True,True
10.0,0.26,285.0,74.1,41.38455065008503,0.028115159694107057,1678.4,True,True,True
10.0,0.26,290.0,75.4,41.176541937479996,0.027630415561450045,1709.6,True,True,True
10.0,0.26,295.0,76.7,40.97598941953635,0.027162103433289873,1740.8000000000002,True,True,True
10.0,0.26,300.0,78.0,40.782499247597045,0.02670940170940171,1772.0,True,True,True
10.0,0.27,10.0,2.7,nan,0.7716049382716048,-35.2,False,False,False
10.0,0.27,15.0,4.05,nan,0.51440329218107,-2.8000000000000025,False,False,False
10.0,0.27,20.0,5.4,676.2734137290704,0.3858024691358024,29.600000000000005,True,False,False
10.0,0.27,25.0,6.75,338.5365067659093,0.30864197530864196,62.00000000000001,True,False,False
10.0,0.27,30.0,8.1,232.6359511927148,0.257201646090535,94.4,True,False,False
10.0,0.27,35.0,9.45,180.8549224424146,0.2204585537918871,126.80000000000003,True,False,False
10.0,0.27,40.0,10.8,150.15059383670896,0.1929012345679012,159.2,True,True,False
10.0,0.27,45.0,12.15,129.8306101874215,0.17146776406035663,191.6,True,True,False
10.0,0.27,50.0,13.5,115.38890752239222,0.15432098765432098,224.00000000000003,True,True,False
10.0,0.27,55.0,14.85,104.5970579489928,0.14029180695847362,256.4,True,True,False
10.0,0.27,60.0,16.2,96.22664830757496,0.1286008230452675,288.8,True,True,True
10.0,0.27,65.0,17.55,89.54491408572088,0.11870845204178539,321.2,True,True,True
10.0,0.27,70.0,18.9,84.08766056968166,0.11022927689594356,353.6000000000001,True,True,True
10.0,0.27,75.0,20.25,79.54654702213816,0.10288065843621398,386.00000000000006,True,True,True
10.0,0.27,80.0,21.6,75.70874169132703,0.0964506172839506,418.4,True,True,True
10.0,0.27,85.0,22.95,72.42259959351625,0.09077705156136527,450.8,True,True,True
10.0,0.27,90.0,24.3,69.5771487372993,0.08573388203017832,483.2,True,True,True
10.0,0.27,95.0,25.65,67.08931078931131,0.08122157244964262,515.6,True,True,True
10.0,0.27,100.0,27.0,64.89565513882265,0.07716049382716049,548.0,True,True,True
10.0,0.27,105.0,28.35,62.94691486764422,0.0734861845972957,580.4,True,True,True
10.0,0.27,110.0,29.7,61.204242431929835,0.07014590347923681,612.8,True,True,True
10.0,0.27,115.0,31.05,59.6365935142475,0.06709608158883522,645.2,True,True,True
10.0,0.27,120.0,32.4,58.21886143521015,0.06430041152263374,677.6,True,True,True
10.0,0.27,125.0,33.75,56.93052236845673,0.0617283950617284,710.0000000000001,True,True,True
10.0,0.27,130.0,35.1,55.75463531076263,0.05935422602089269,742.4,True,True,True
10.0,0.27,135.0,36.45,54.677092963108,0.05715592135345221,774.7999999999998,True,True,True
10.0,0.27,140.0,37.8,53.68605302393703,0.05511463844797178,807.2000000000002,True,True,True
10.0,0.27,145.0,39.15,52.77150116010943,0.053214133673903784,839.5999999999999,True,True,True
10.0,0.27,150.0,40.5,51.924911407263494,0.05144032921810699,872.0000000000001,True,True,True
10.0,0.27,155.0,41.85,51.13897956682846,0.04978096375945838,904.3999999999999,True,True,True
10.0,0.27,160.0,43.2,50.40741192714086,0.0482253086419753,936.8,True,True,True
10.0,0.27,165.0,44.55,49.724756362413785,0.046763935652824544,969.2000000000003,True,True,True
10.0,0.27,170.0,45.9,49.08626621361556,0.045388525780682636,1001.6,True,True,True
10.0,0.27,175.0,47.25,48.487789760796176,0.04409171075837742,1034.0,True,True,True
10.0,0.27,180.0,48.6,47.9256798441196,0.04286694101508916,1066.4,True,True,True
10.0,0.27,185.0,49.95,47.39671947476795,0.04170837504170838,1098.8,True,True,True
10.0,0.27,190.0,51.3,46.89806022982755,0.04061078622482131,1131.2,True,True,True
10.0,0.27,195.0,52.65,46.427170939400845,0.03956948401392845,1163.6,True,True,True
10.0,0.27,200.0,54.0,45.981794714207965,0.038580246913580245,1196.0,True,True,True
10.0,0.27,205.0,55.35,45.55991277376962,0.037639265281541705,1228.4,True,True,True
10.0,0.27,210.0,56.7,45.15971385184367,0.03674309229864785,1260.8,True,True,True
10.0,0.27,215.0,58.05,44.77956820098237,0.03588860178007465,1293.2000000000003,True,True,True
10.0,0.27,220.0,59.4,44.418005409336374,0.035072951739618406,1325.6,True,True,True
10.0,0.27,225.0,60.75,44.073695393020756,0.034293552812071325,1358.0000000000002,True,True,True
10.0,0.27,230.0,62.1,43.74543204605012,0.03354804079441761,1390.4,True,True,True
10.0,0.27,235.0,63.45,43.43211912421561,0.032834252692408715,1422.8,True,True,True
10.0,0.27,240.0,64.8,43.132758014733284,0.03215020576131687,1455.2,True,True,True
10.0,0.27,245.0,66.15,42.84643710415822,0.031494079113126724,1487.6,True,True,True
10.0,0.27,250.0,67.5,42.57232250608662,0.0308641975308642,1520.0000000000002,True,True,True
10.0,0.27,255.0,68.85,42.30964994998555,0.03025901718712176,1552.4,True,True,True
10.0,0.27,260.0,70.2,42.05771766498198,0.029677113010446347,1584.8,True,True,True
10.0,0.27,265.0,71.55,41.815880119075786,0.02911716748194735,1617.2,True,True,True
10.0,0.27,270.0,72.9,41.58354249616589,0.028577960676726105,1649.5999999999997,True,True,True
10.0,0.27,275.0,74.25,41.36015581140377,0.028058361391694726,1682.0,True,True,True
10.0,0.27,280.0,75.6,41.14521258042874,0.02755731922398589,1714.4000000000003,True,True,True
10.0,0.27,285.0,76.95,40.93824297057072,0.027073857483214208,1746.8,True,True,True
10.0,0.27,290.0,78.3,40.738811372582525,0.026607066836951892,1779.1999999999998,True,True,True
10.0,0.27,295.0,79.65,40.54651334025432,0.026156099602427287,1811.6,True,True,True
10.0,0.27,300.0,81.0,40.36097285266303,0.025720164609053495,1844.0000000000002,True,True,True
10.0,0.28,10.0,2.8,nan,0.7440476190476188,-32.8,False,False,False
10.0,0.28,15.0,4.2,23942.593671191265,0.49603174603174605,0.8000000000000007,True,False,False
10.0,0.28,20.0,5.6,586.093877847434,0.3720238095238094,34.400000000000006,True,False,False
10.0,0.28,25.0,7.0,311.3115273375064,0.2976190476190476,68.00000000000001,True,False,False
10.0,0.28,30.0,8.4,218.27498346406634,0.24801587301587302,101.6,True,False,False
10.0,0.28,35.0,9.8,171.48145548038352,0.21258503401360546,135.20000000000002,True,False,False
10.0,0.28,40.0,11.2,143.31663058025208,0.1860119047619047,168.80000000000004,True,True,False
10.0,0.28,45.0,12.6,124.50297284063866,0.16534391534391532,202.4,True,True,False
10.0,0.28,50.0,14.0,111.04642442349137,0.1488095238095238,236.00000000000003,True,True,False
10.0,0.28,55.0,15.4,100.94403050794759,0.13528138528138528,269.6,True,True,False
10.0,0.28,60.0,16.8,93.08068959743198,0.12400793650793651,303.2,True,True,True
10.0,0.28,65.0,18.2,86.78628131514277,0.11446886446886444,336.80000000000007,True,True,True
10.0,0.28,70.0,19.6,81.6338391143056,0.10629251700680273,370.40000000000003,True,True,True
10.0,0.28,75.0,21.0,77.33843680430073,0.09920634920634919,404.0000000000001,True,True,True
10.0,0.28,80.0,22.4,73.70265751813574,0.09300595238095236,437.6000000000001,True,True,True
10.0,0.28,85.0,23.8,70.58539344425915,0.08753501400560225,471.2,True,True,True
10.0,0.28,90.0,25.2,67.88310588734869,0.08267195767195766,504.8,True,True,True
10.0,0.28,95.0,26.6,65.51810236428737,0.07832080200501253,538.4000000000001,True,True,True
10.0,0.28,100.0,28.0,63.43094540897032,0.0744047619047619,572.0000000000001,True,True,True
10.0,0.28,105.0,29.4,61.57538843284302,0.07086167800453513,605.6,True,True,True
10.0,0.28,110.0,30.8,59.91490878587053,0.06764069264069264,639.2,True,True,True
10.0,0.28,115.0,32.2,58.42027966249576,0.06469979296066251,672.8,True,True,True
10.0,0.28,120.0,33.6,57.06783496308869,0.062003968253968256,706.4,True,True,True
10.0,0.28,125.0,35.0,55.838206863411564,0.05952380952380952,740.0,True,True,True
10.0,0.28,130.0,36.4,54.71539237322036,0.05723443223443222,773.6000000000001,True,True,True
10.0,0.28,135.0,37.8,53.68605302393703,0.05511463844797178,807.2000000000002,True,True,True
10.0,0.28,140.0,39.2,52.73898247136141,0.053146258503401364,840.8000000000001,True,True,True
10.0,0.28,145.0,40.6,51.864696846888585,0.051313628899835796,874.4,True,True,True
10.0,0.28,150.0,42.0,51.05511606158379,0.049603174603174593,908.0000000000002,True,True,True
10.0,0.28,155.0,43.4,50.303313344219205,0.048003072196620575,941.6,True,True,True
10.0,0.28,160.0,44.8,49.60331655651713,0.04650297619047618,975.2000000000002,True,True,True
10.0,0.28,165.0,46.2,48.94994921383248,0.04509379509379509,1008.8000000000001,True,True,True
10.0,0.28,170.0,47.6,48.3387022524107,0.043767507002801125,1042.4,True,True,True
10.0,0.28,175.0,49.0,47.76562982240857,0.04251700680272108,1076.0000000000002,True,True,True
10.0,0.28,180.0,50.4,47.2272640139783,0.04133597883597883,1109.6,True,True,True
10.0,0.28,185.0,51.8,46.720544621159064,0.04021879021879021,1143.2,True,True,True
10.0,0.28,190.0,53.2,46.24276093805891,0.039160401002506263,1176.8000000000002,True,True,True
10.0,0.28,195.0,54.6,45.79150324926177,0.038156288156288146,1210.4,True,True,True
10.0,0.28,200.0,56.0,45.36462218159578,0.03720238095238095,1244.0000000000002,True,True,True
10.0,0.28,205.0,57.4,44.960194470024945,0.03629500580720092,1277.6,True,True,True
10.0,0.28,210.0,58.8,44.576493987113004,0.03543083900226757,1311.2,True,True,True
10.0,0.28,215.0,60.2,44.2119671154828,0.03460686600221484,1344.8000000000002,True,True,True
10.0,0.28,220.0,61.6,43.86521172221415,0.03382034632034632,1378.4,True,True,True
10.0,0.28,225.0,63.0,43.534959135197376,0.03306878306878306,1412.0,True,True,True
10.0,0.28,230.0,64.4,43.22005863302255,0.03234989648033126,1445.6,True,True,True
10.0,0.28,235.0,65.8,42.919464048739925,0.031661600810536976,1479.2000000000003,True,True,True
10.0,0.28,240.0,67.2,42.63222215884109,0.031001984126984128,1512.8,True,True,True
10.0,0.28,245.0,68.6,42.35746258593734,0.0303692905733722,1546.4000000000003,True,True,True
10.0,0.28,250.0,70.0,42.094388989805196,0.02976190476190476,1580.0,True,True,True
10.0,0.28,255.0,71.4,41.84227135900528,0.02917833800186741,1613.6,True,True,True
10.0,0.28,260.0,72.8,41.600439245926204,0.02861721611721611,1647.2000000000003,True,True,True
10.0,0.28,265.0,74.2,41.36827581323675,0.028077268643306372,1680.8,True,True,True
10.0,0.28,270.0,75.6,41.14521258042874,0.02755731922398589,1714.4000000000003,True,True,True
10.0,0.28,275.0,77.0,40.93072477625042,0.02705627705627705,1748.0,True,True,True
10.0,0.28,280.0,78.4,40.72432721704336,0.026573129251700682,1781.6000000000001,True,True,True
10.0,0.28,285.0,79.8,40.525570642839995,0.026106934001670842,1815.2,True,True,True
10.0,0.28,290.0,81.2,40.33403845298672,0.025656814449917898,1848.8,True,True,True
10.0,0.28,295.0,82.6,40.14934379137302,0.025221953188054883,1882.4000000000003,True,True,True
10.0,0.28,300.0,84.0,39.971126938350345,0.024801587301587297,1916.0000000000005,True,True,True
10.0,0.29,10.0,2.9,nan,0.718390804597701,-30.39999999999999,False,False,False
10.0,0.29,15.0,4.35,4377.733454688964,0.478927203065134,4.400000000000004,True,False,False
10.0,0.29,20.0,5.8,517.9991262633409,0.3591954022988505,39.20000000000002,True,False,False
10.0,0.29,25.0,7.25,288.50140943803365,0.28735632183908044,74.00000000000001,True,False,False
10.0,0.29,30.0,8.7,205.81473205244487,0.239463601532567,108.80000000000001,True,False,False
10.0,0.29,35.0,10.15,163.20460582310253,0.20525451559934316,143.60000000000002,True,True,False
10.0,0.29,40.0,11.6,137.2181611271807,0.17959770114942525,178.40000000000003,True,True,False
10.0,0.29,45.0,13.05,119.71509612561239,0.15964240102171137,213.2,True,True,False
10.0,0.29,50.0,14.5,107.12418162448417,0.14367816091954022,248.00000000000003,True,True,False
10.0,0.29,55.0,15.95,97.63202118728287,0.13061650992685472,282.8,True,True,True
10.0,0.29,60.0,17.4,90.22000674009794,0.1197318007662835,317.6,True,True,True
10.0,0.29,65.0,18.85,84.27188617919022,0.11052166224580018,352.4,True,True,True
10.0,0.29,70.0,20.3,79.3929525786109,0.10262725779967158,387.20000000000005,True,True,True
10.0,0.29,75.0,21.75,75.3186961785063,0.0957854406130268,422.00000000000006,True,True,True
10.0,0.29,80.0,23.2,71.86521089365407,0.08979885057471262,456.80000000000007,True,True,True
10.0,0.29,85.0,24.65,68.90066494123819,0.08451656524678837,491.6000000000001,True,True,True
10.0,0.29,90.0,26.1,66.32808783055512,0.07982120051085569,526.4,True,True,True
10.0,0.29,95.0,27.55,64.0745616231214,0.07562008469449484,561.2000000000002,True,True,True
10.0,0.29,100.0,29.0,62.084198878837654,0.07183908045977011,596.0000000000001,True,True,True
10.0,0.29,105.0,30.45,60.31344495985853,0.06841817186644773,630.8000000000001,True,True,True
10.0,0.29,110.0,31.9,58.72785401077265,0.06530825496342736,665.6,True,True,True
10.0,0.29,115.0,33.35,57.2998260686205,0.06246876561719139,700.4,True,True,True
10.0,0.29,120.0,34.8,56.00698684351648,0.05986590038314175,735.2,True,True,True
10.0,0.29,125.0,36.25,54.831006852266015,0.057471264367816084,770.0000000000001,True,True,True
10.0,0.29,130.0,37.7,53.756726919901034,0.05526083112290009,804.8,True,True,True
10.0,0.29,135.0,39.15,52.77150116010942,0.053214133673903784,839.6000000000001,True,True,True
10.0,0.29,140.0,40.6,51.864696846888585,0.05131362889983579,874.4000000000001,True,True,True
10.0,0.29,145.0,42.05,51.02730914189496,0.04954419342053111,909.2,True,True,True
10.0,0.29,150.0,43.5,50.25166103887968,0.0478927203065134,944.0000000000001,True,True,True
10.0,0.29,155.0,44.95,49.53116731670815,0.04634779384501297,978.8,True,True,True
10.0,0.29,160.0,46.4,48.86014711768494,0.04489942528735631,1013.6000000000001,True,True,True
10.0,0.29,165.0,47.85,48.233673852896764,0.04353883664228491,1048.4,True,True,True
10.0,0.29,170.0,49.3,47.647454040129695,0.042258282623394185,1083.2,True,True,True
10.0,0.29,175.0,50.75,47.09772877026834,0.041050903119868636,1118.0000000000002,True,True,True
10.0,0.29,180.0,52.2,46.58119302051659,0.03991060025542784,1152.8,True,True,True
10.0,0.29,185.0,53.65,46.094929153707504,0.03883193538365951,1187.6000000000001,True,True,True
10.0,0.29,190.0,55.1,45.63635177669711,0.03781004234724742,1222.4000000000003,True,True,True
10.0,0.29,195.0,56.55,45.20316175686134,0.03684055408193339,1257.2,True,True,True
10.0,0.29,200.0,58.0,44.79330766998265,0.035919540229885055,1292.0000000000002,True,True,True
10.0,0.29,205.0,59.45,44.40495331512595,0.03504345388281469,1326.8,True,True,True
10.0,0.29,210.0,60.9,44.03645021107566,0.034209085933223866,1361.6000000000001,True,True,True
10.0,0.29,215.0,62.35,43.68631420530803,0.033413525795241907,1396.4000000000003,True,True,True
10.0,0.29,220.0,63.8,43.35320549551682,0.03265412748171368,1431.2,True,True,True
10.0,0.29,225.0,65.25,43.035911496640644,0.03192848020434227,1466.0000000000002,True,True,True
10.0,0.29,230.0,66.7,42.73333209152897,0.031234382808595695,1500.8,True,True,True
10.0,0.29,235.0,68.15,42.44446688711788,0.0305698214722426,1535.6000000000001,True,True,True
10.0,0.29,240.0,69.6,42.16840416502147,0.029932950191570874,1570.4,True,True,True
10.0,0.29,245.0,71.05,41.90431126940023,0.02932207365704902,1605.2,True,True,True
10.0,0.29,250.0,72.5,41.65142621861754,0.028735632183908042,1640.0000000000002,True,True,True
10.0,0.29,255.0,73.95,41.40905036268467,0.02817218841559612,1674.8,True,True,True
10.0,0.29,260.0,75.4,41.176541937479996,0.027630415561450045,1709.6,True,True,True
10.0,0.29,265.0,76.85,40.95331039051096,0.027109086965950983,1744.4,True,True,True
10.0,0.29,270.0,78.3,40.738811372582525,0.026607066836951892,1779.2000000000003,True,True,True
10.0,0.29,275.0,79.75,40.532542305948375,0.026123301985370946,1814.0,True,True,True
10.0,0.29,280.0,81.2,40.33403845298673,0.025656814449917895,1848.8000000000002,True,True,True
10.0,0.29,285.0,82.65,40.14286942066966,0.02520669489816495,1883.5999999999997,True,True,True
10.0,0.29,290.0,84.1,39.958636045488376,0.024772096710265555,1918.4,True,True,True
10.0,0.29,295.0,85.55,39.78096761138461,0.024352230664328848,1953.2,True,True,True
10.0,0.29,300.0,87.0,39.609519359883265,0.0239463601532567,1988.0000000000002,True,True,True
10.0,0.3,10.0,3.0,nan,0.6944444444444443,-27.999999999999993,False,False,False
10.0,0.3,15.0,4.5,2421.247433038734,0.46296296296296285,8.000000000000007,True,False,False
10.0,0.3,20.0,6.0,464.7614113885047,0.34722222222222215,44.000000000000014,True,False,False
10.0,0.3,25.0,7.5,269.1128092234817,0.2777777777777778,80.00000000000003,True,False,False
10.0,0.3,30.0,9.0,194.90127047123167,0.23148148148148143,116.00000000000001,True,False,False
10.0,0.3,35.0,10.5,155.84256586478418,0.19841269841269837,152.00000000000006,True,True,False
10.0,0.3,40.0,12.0,131.74251408633793,0.17361111111111108,188.00000000000003,True,True,False
10.0,0.3,45.0,13.5,115.38890752239222,0.15432098765432095,224.00000000000003,True,True,False
10.0,0.3,50.0,15.0,103.56399200692378,0.1388888888888889,260.00000000000006,True,True,False
10.0,0.3,55.0,16.5,94.61540729251523,0.12626262626262624,296.00000000000006,True,True,True
10.0,0.3,60.0,18.0,87.60747950412302,0.11574074074074071,332.0,True,True,True
10.0,0.3,65.0,19.5,81.97066802215535,0.10683760683760682,368.00000000000006,True,True,True
10.0,0.3,70.0,21.0,77.33843680430073,0.09920634920634919,404.0000000000001,True,True,True
10.0,0.3,75.0,22.5,73.46420705845868,0.09259259259259257,440.00000000000006,True,True,True
10.0,0.3,80.0,24.0,70.17599525736587,0.08680555555555554,476.00000000000006,True,True,True
10.0,0.3,85.0,25.5,67.35018824080173,0.08169934640522875,512.0,True,True,True
10.0,0.3,90.0,27.0,64.89565513882265,0.07716049382716048,548.0,True,True,True
10.0,0.3,95.0,28.5,62.74373570695058,0.07309941520467836,584.0000000000001,True,True,True
10.0,0.3,100.0,30.0,60.84171659619913,0.06944444444444445,620.0000000000001,True,True,True
10.0,0.3,105.0,31.5,59.14845568053017,0.06613756613756612,656.0,True,True,True
10.0,0.3,110.0,33.0,57.63137220117358,0.06313131313131312,692.0000000000001,True,True,True
10.0,0.3,115.0,34.5,56.264329945050065,0.06038647342995168,728.0000000000001,True,True,True
10.0,0.3,120.0,36.0,55.02611889630991,0.05787037037037036,764.0,True,True,True
10.0,0.3,125.0,37.5,53.89934684195638,0.055555555555555546,800.0000000000001,True,True,True
10.0,0.3,130.0,39.0,52.86961735687731,0.05341880341880341,836.0000000000001,True,True,True
10.0,0.3,135.0,40.5,51.924911407263494,0.051440329218106984,872.0000000000001,True,True,True
10.0,0.3,140.0,42.0,51.05511606158379,0.049603174603174593,908.0000000000002,True,True,True
10.0,0.3,145.0,43.5,50.25166103887968,0.0478927203065134,944.0000000000001,True,True,True
10.0,0.3,150.0,45.0,49.507235364782396,0.04629629629629629,980.0000000000001,True,True,True
10.0,0.3,155.0,46.5,48.81556426601483,0.04480286738351254,1016.0,True,True,True
10.0,0.3,160.0,48.0,48.17123187362681,0.04340277777777777,1052.0000000000002,True,True,True
10.0,0.3,165.0,49.5,47.569539124852696,0.042087542087542076,1088.0000000000002,True,True,True
10.0,0.3,170.0,51.0,47.00638897208546,0.04084967320261437,1124.0,True,True,True
10.0,0.3,175.0,52.5,46.47819296673136,0.03968253968253968,1160.0000000000002,True,True,True
10.0,0.3,180.0,54.0,45.981794714207965,0.03858024691358024,1196.0,True,True,True
10.0,0.3,185.0,55.5,45.51440674916968,0.03753753753753753,1232.0000000000002,True,True,True
10.0,0.3,190.0,57.0,45.073558163849654,0.03654970760233918,1268.0000000000002,True,True,True
10.0,0.3,195.0,58.5,44.65705091146143,0.03561253561253561,1304.0,True,True,True
10.0,0.3,200.0,60.0,44.26292315323136,0.034722222222222224,1340.0000000000002,True,True,True
10.0,0.3,205.0,61.5,43.88941835909473,0.033875338753387524,1376.0000000000002,True,True,True
10.0,0.3,210.0,63.0,43.534959135197376,0.03306878306878306,1412.0,True,True,True
10.0,0.3,215.0,64.5,43.19812495558219,0.032299741602067174,1448.0000000000002,True,True,True
10.0,0.3,220.0,66.0,42.87763313508581,0.03156565656565656,1484.0000000000002,True,True,True
10.0,0.3,225.0,67.5,42.57232250608662,0.030864197530864192,1520.0000000000002,True,True,True
10.0,0.3,230.0,69.0,42.281139361205646,0.03019323671497584,1556.0000000000002,True,True,True
10.0,0.3,235.0,70.5,42.003125303279106,0.029550827423167846,1592.0000000000002,True,True,True
10.0,0.3,240.0,72.0,41.73740670737387,0.02893518518518518,1628.0,True,True,True
10.0,0.3,245.0,73.5,41.48318555071453,0.028344671201814053,1664.0,True,True,True
10.0,0.3,250.0,75.0,41.239731407749005,0.027777777777777773,1700.0000000000002,True,True,True
10.0,0.3,255.0,76.5,41.00637444121983,0.02723311546840958,1736.0000000000002,True,True,True
10.0,0.3,260.0,78.0,40.782499247597045,0.026709401709401705,1772.0000000000002,True,True,True
10.0,0.3,265.0,79.5,40.56753943779109,0.026205450733752612,1808.0000000000002,True,True,True
10.0,0.3,270.0,81.0,40.36097285266303,0.025720164609053492,1844.0000000000002,True,True,True
10.0,0.3,275.0,82.5,40.16231732824199,0.02525252525252525,1880.0000000000005,True,True,True
10.0,0.3,280.0,84.0,39.971126938350345,0.024801587301587297,1916.0000000000005,True,True,True
10.0,0.3,285.0,85.5,39.786988653003895,0.024366471734892783,1952.0,True,True,True
10.0,0.3,290.0,87.0,39.609519359883265,0.0239463601532567,1988.0000000000002,True,True,True
10.0,0.3,295.0,88.5,39.43836320367206,0.02354048964218455,2024.0000000000002,True,True,True
10.0,0.3,300.0,90.0,39.27318920437698,0.023148148148148143,2060.0000000000005,True,True,True
10.0,0.31,10.0,3.1,nan,0.6720430107526881,-25.6,False,False,False
10.0,0.31,15.0,4.65,1679.132045516236,0.4480286738351254,11.599999999999989,True,False,False
10.0,0.31,20.0,6.2,421.9966896038005,0.33602150537634407,48.8,True,False,False
10.0,0.31,25.0,7.75,252.42959508537908,0.2688172043010753,85.99999999999999,True,False,False
10.0,0.31,30.0,9.3,185.26340829561482,0.2240143369175627,123.19999999999997,True,False,False
10.0,0.31,35.0,10.85,149.25161238589078,0.19201228878648233,160.4,True,True,False
10.0,0.31,40.0,12.4,126.79891372152844,0.16801075268817203,197.6,True,True,False
10.0,0.31,45.0,13.95,111.46069879067784,0.14934289127837516,234.8,True,True,False
10.0,0.31,50.0,15.5,100.31793676738344,0.13440860215053765,272.0,True,True,False
10.0,0.31,55.0,17.05,91.85635680920258,0.12218963831867057,309.19999999999993,True,True,True
10.0,0.31,60.0,18.6,85.21216007529613,0.11200716845878135,346.3999999999999,True,True,True
10.0,0.31,65.0,20.15,79.85661880802844,0.1033912324234905,383.6000000000001,True,True,True
10.0,0.31,70.0,21.7,75.44796981805337,0.09600614439324116,420.8,True,True,True
10.0,0.31,75.0,23.25,71.75548564217029,0.08960573476702509,458.0,True,True,True
10.0,0.31,80.0,24.8,68.61776887881892,0.08400537634408602,495.2,True,True,True
10.0,0.31,85.0,26.35,65.91853094190134,0.07906388361796331,532.4,True,True,True
10.0,0.31,90.0,27.9,63.57186200517102,0.07467144563918758,569.6,True,True,True
10.0,0.31,95.0,29.45,61.51291912132919,0.07074136955291455,606.8,True,True,True
10.0,0.31,100.0,31.0,59.69184168866411,0.06720430107526883,644.0,True,True,True
10.0,0.31,105.0,32.55,58.06966055809869,0.06400409626216079,681.1999999999999,True,True,True
10.0,0.31,110.0,34.1,56.615478141500496,0.06109481915933528,718.3999999999999,True,True,True
10.0,0.31,115.0,35.65,55.304481500173516,0.0584385226741468,755.5999999999999,True,True,True
10.0,0.31,120.0,37.2,54.116514816105266,0.056003584229390675,792.7999999999998,True,True,True
10.0,0.31,125.0,38.75,53.03503574805467,0.05376344086021505,830.0000000000001,True,True,True
10.0,0.31,130.0,40.3,52.04634040078704,0.05169561621174525,867.2000000000002,True,True,True
10.0,0.31,135.0,41.85,51.13897956682846,0.04978096375945838,904.3999999999999,True,True,True
10.0,0.31,140.0,43.4,50.303313344219205,0.04800307219662058,941.6,True,True,True
10.0,0.31,145.0,44.95,49.53116731670816,0.04634779384501297,978.7999999999998,True,True,True
10.0,0.31,150.0,46.5,48.81556426601483,0.044802867383512544,1016.0,True,True,True
10.0,0.31,155.0,48.05,48.1505127411206,0.043357613596947626,1053.1999999999998,True,True,True
10.0,0.31,160.0,49.6,47.530838906479595,0.04200268817204301,1090.4,True,True,True
10.0,0.31,165.0,51.15,46.95205167462087,0.04072987943955686,1127.6,True,True,True
10.0,0.31,170.0,52.7,46.410233682159706,0.039531941808981653,1164.8,True,True,True
10.0,0.31,175.0,54.25,45.90195251052976,0.03840245775729647,1202.0,True,True,True
10.0,0.31,180.0,55.8,45.424187897299795,0.03733572281959379,1239.2,True,True,True
10.0,0.31,185.0,57.35,44.97427167581561,0.03632664922987504,1276.4,True,True,True
10.0,0.31,190.0,58.9,44.549837919981876,0.03537068477645727,1313.6,True,True,True
10.0,0.31,195.0,60.45,44.14878132689171,0.03446374414116349,1350.8,True,True,True
10.0,0.31,200.0,62.0,43.769222291817336,0.03360215053763441,1388.0,True,True,True
10.0,0.31,205.0,63.55,43.40947745279231,0.032782585890375034,1425.2,True,True,True
10.0,0.31,210.0,65.1,43.06803473085117,0.032002048131080395,1462.3999999999999,True,True,True
10.0,0.31,215.0,66.65,42.743532085272,0.0312578144536134,1499.6,True,True,True
10.0,0.31,220.0,68.2,42.43473935434085,0.03054740957966764,1536.7999999999997,True,True,True
10.0,0.31,225.0,69.75,42.14054267117419,0.029868578255675026,1573.9999999999998,True,True,True
10.0,0.31,230.0,71.3,41.85993103842186,0.0292192613370734,1611.1999999999998,True,True,True
10.0,0.31,235.0,72.85,41.591984720809535,0.028597574925646307,1648.3999999999999,True,True,True
10.0,0.31,240.0,74.4,41.33586517469126,0.028001792114695338,1685.5999999999997,True,True,True
10.0,0.31,245.0,75.95,41.09080628229435,0.027430326969497473,1722.7999999999997,True,True,True
10.0,0.31,250.0,77.5,40.856106697621506,0.026881720430107524,1760.0000000000002,True,True,True
10.0,0.31,255.0,79.05,40.63112314293957,0.026354627872654437,1797.1999999999998,True,True,True
10.0,0.31,260.0,80.6,40.415264520915905,0.025847808105872627,1834.4000000000003,True,True,True
10.0,0.31,265.0,82.15,40.20798672891925,0.025360113613308987,1871.5999999999997,True,True,True
10.0,0.31,270.0,83.7,40.008788079695314,0.02489048187972919,1908.7999999999997,True,True,True
10.0,0.31,275.0,85.25,39.817205247276235,0.024437927663734114,1946.0,True,True,True
10.0,0.31,280.0,86.8,39.632809669159286,0.02400153609831029,1983.2,True,True,True
10.0,0.31,285.0,88.35,39.455204345948246,0.023580456517638182,2020.3999999999999,True,True,True
10.0,0.31,290.0,89.9,39.28402098815658,0.023173896922506484,2057.6,True,True,True
10.0,0.31,295.0,91.45,39.11891746701743,0.0227811190085657,2094.8,True,True,True
10.0,0.31,300.0,93.0,38.95957553216944,0.022401433691756272,2132.0,True,True,True
10.0,0.32,10.0,3.2,nan,0.6510416666666666,-23.2,False,False,False
10.0,0.32,15.0,4.8,1288.5449994517608,0.4340277777777778,15.19999999999999,True,False,False
10.0,0.32,20.0,6.4,386.8913209745654,0.3255208333333333,53.6,True,False,False
10.0,0.32,25.0,8.0,237.92245235659408,0.2604166666666667,92.0,True,False,False
10.0,0.32,30.0,9.6,176.68984991853227,0.2170138888888889,130.39999999999998,True,False,False
10.0,0.32,35.0,11.2,143.31663058025208,0.1860119047619047,168.80000000000004,True,True,False
10.0,0.32,40.0,12.8,122.31340759901788,0.16276041666666666,207.2,True,True,False
10.0,0.32,45.0,14.4,107.87796769986343,0.1446759259259259,245.59999999999994,True,True,False
10.0,0.32,50.0,16.0,97.34619605512819,0.13020833333333334,284.0,True,True,True
10.0,0.32,55.0,17.6,89.32323353668225,0.11837121212121211,322.4,True,True,True
10.0,0.32,60.0,19.2,83.00804131041106,0.10850694444444445,360.79999999999995,True,True,True
10.0,0.32,65.0,20.8,77.90779588518599,0.10016025641025639,399.2,True,True,True
10.0,0.32,70.0,22.4,73.70265751813574,0.09300595238095236,437.6000000000001,True,True,True
10.0,0.32,75.0,24.0,70.17599525736587,0.08680555555555555,476.0,True,True,True
10.0,0.32,80.0,25.6,67.17586422059895,0.08138020833333333,514.4,True,True,True
10.0,0.32,85.0,27.2,64.59253865348418,0.07659313725490195,552.8,True,True,True
10.0,0.32,90.0,28.8,62.34480071078485,0.07233796296296295,591.1999999999999,True,True,True
10.0,0.32,95.0,30.4,60.371246811921786,0.06853070175438596,629.6,True,True,True
10.0,0.32,100.0,32.0,58.62459252298788,0.06510416666666667,668.0,True,True,True
10.0,0.32,105.0,33.6,57.06783496308869,0.062003968253968256,706.4,True,True,True
10.0,0.32,110.0,35.2,55.671602350289746,0.05918560606060606,744.8,True,True,True
10.0,0.32,115.0,36.8,54.41228325212686,0.056612318840579705,783.1999999999999,True,True,True
10.0,0.32,120.0,38.4,53.270680447463135,0.054253472222222224,821.5999999999999,True,True,True
10.0,0.32,125.0,40.0,52.231025428146104,0.05208333333333333,860.0,True,True,True
10.0,0.32,130.0,41.6,51.280245637550756,0.050080128205128194,898.4,True,True,True
10.0,0.32,135.0,43.2,50.40741192714086,0.0482253086419753,936.8,True,True,True
10.0,0.32,140.0,44.8,49.60331655651713,0.04650297619047618,975.2000000000002,True,True,True
10.0,0.32,145.0,46.4,48.860147117684946,0.04489942528735632,1013.5999999999999,True,True,True
10.0,0.32,150.0,48.0,48.171231873626816,0.043402777777777776,1052.0,True,True,True
10.0,0.32,155.0,49.6,47.53083890647961,0.04200268817204301,1090.3999999999999,True,True,True
10.0,0.32,160.0,51.2,46.93401626168967,0.040690104166666664,1128.8,True,True,True
10.0,0.32,165.0,52.8,46.37646364698874,0.039457070707070704,1167.2,True,True,True
10.0,0.32,170.0,54.4,45.85442865074254,0.038296568627450976,1205.6,True,True,True
10.0,0.32,175.0,56.0,45.364622181595784,0.03720238095238095,1244.0,True,True,True
10.0,0.32,180.0,57.6,44.90414910049525,0.036168981481481476,1282.3999999999999,True,True,True
10.0,0.32,185.0,59.2,44.47045095324428,0.035191441441441436,1320.8,True,True,True
10.0,0.32,190.0,60.8,44.06125841054664,0.03426535087719298,1359.2,True,True,True
10.0,0.32,195.0,62.4,43.67455154850097,0.033386752136752136,1397.6,True,True,True
10.0,0.32,200.0,64.0,43.30852650191846,0.032552083333333336,1436.0,True,True,True
10.0,0.32,205.0,65.6,42.9615673286251,0.031758130081300816,1474.4,True,True,True
10.0,0.32,210.0,67.2,42.63222215884109,0.031001984126984128,1512.8,True,True,True
10.0,0.32,215.0,68.8,42.31918288709692,0.03028100775193799,1551.2,True,True,True
10.0,0.32,220.0,70.4,42.02126780764639,0.02959280303030303,1589.6,True,True,True
10.0,0.32,225.0,72.0,41.73740670737387,0.02893518518518519,1628.0,True,True,True
10.0,0.32,230.0,73.6,41.46662801978793,0.028306159420289852,1666.3999999999999,True,True,True
10.0,0.32,235.0,75.2,41.20804771512468,0.02770390070921986,1704.7999999999997,True,True,True
10.0,0.32,240.0,76.8,40.96085965885412,0.027126736111111112,1743.1999999999998,True,True,True
10.0,0.32,245.0,78.4,40.72432721704336,0.026573129251700682,1781.6,True,True,True
10.0,0.32,250.0,80.0,40.49777592442549,0.026041666666666664,1820.0,True,True,True
10.0,0.32,255.0,81.6,40.28058706146381,0.025531045751633983,1858.4,True,True,True
10.0,0.32,260.0,83.2,40.07219201159548,0.025040064102564097,1896.8,True,True,True
10.0,0.32,265.0,84.8,39.87206729028745,0.02456761006289308,1935.2,True,True,True
10.0,0.32,270.0,86.4,39.67973015440525,0.02411265432098765,1973.6,True,True,True
10.0,0.32,275.0,88.0,39.494734714365876,0.023674242424242424,2012.0,True,True,True
10.0,0.32,280.0,89.6,39.31666848316138,0.02325148809523809,2050.4,True,True,True
10.0,0.32,285.0,91.2,39.145149306034114,0.022843567251461985,2088.7999999999997,True,True,True
10.0,0.32,290.0,92.8,38.97982262270309,0.02244971264367816,2127.2,True,True,True
10.0,0.32,295.0,94.4,38.8203590208644,0.02206920903954802,2165.6,True,True,True
10.0,0.32,300.0,96.0,38.66645204544188,0.021701388888888888,2204.0,True,True,True
10.0,0.33,10.0,3.3,nan,0.6313131313131313,-20.799999999999997,False,False,False
10.0,0.33,15.0,4.95,1047.5444816672975,0.4208754208754208,18.799999999999997,True,False,False
10.0,0.33,20.0,6.6,357.55669787342373,0.31565656565656564,58.400000000000006,True,False,False
10.0,0.33,25.0,8.25,225.19169445174194,0.2525252525252525,98.0,True,False,False
10.0,0.33,30.0,9.9,169.01352439486536,0.2104377104377104,137.6,True,False,False
10.0,0.33,35.0,11.55,137.9443332798884,0.18037518037518036,177.20000000000002,True,True,False
10.0,0.33,40.0,13.2,118.2251418711208,0.15782828282828282,216.80000000000004,True,True,False
10.0,0.33,45.0,14.85,104.59705794899283,0.14029180695847362,256.4,True,True,False
10.0,0.33,50.0,16.5,94.61540729251524,0.12626262626262624,296.0,True,True,True
10.0,0.33,55.0,18.15,86.98937860264384,0.11478420569329659,335.6,True,True,True
10.0,0.33,60.0,19.8,80.97310863408858,0.1052188552188552,375.2,True,True,True
10.0,0.33,65.0,21.45,76.10555752163162,0.09712509712509713,414.79999999999995,True,True,True
10.0,0.33,70.0,23.1,72.08640000095853,0.09018759018759018,454.40000000000003,True,True,True
10.0,0.33,75.0,24.75,68.71160943501683,0.08417508417508417,494.00000000000006,True,True,True
10.0,0.33,80.0,26.4,65.83772481514445,0.07891414141414141,533.6,True,True,True
10.0,0.33,85.0,28.05,63.36092962635003,0.07427213309566251,573.2,True,True,True
10.0,0.33,90.0,29.7,61.20424243192984,0.07014590347923681,612.7999999999998,True,True,True
10.0,0.33,95.0,31.35,59.30937256705909,0.06645401382243488,652.4000000000001,True,True,True
10.0,0.33,100.0,33.0,57.63137220117359,0.06313131313131312,692.0,True,True,True
10.0,0.33,105.0,34.65,56.13502523739049,0.06012506012506012,731.6000000000001,True,True,True
10.0,0.33,110.0,36.3,54.79234876055193,0.057392102846648294,771.2,True,True,True
10.0,0.33,115.0,37.95,53.58082667069612,0.05489679402722881,810.8,True,True,True
10.0,0.33,120.0,39.6,52.48213683568105,0.0526094276094276,850.4,True,True,True
10.0,0.33,125.0,41.25,51.48121805115272,0.050505050505050504,890.0,True,True,True
10.0,0.33,130.0,42.9,50.565575479764085,0.04856254856254857,929.5999999999999,True,True,True
10.0,0.33,135.0,44.55,49.72475636241379,0.046763935652824544,969.2,True,True,True
10.0,0.33,140.0,46.2,48.94994921383248,0.04509379509379509,1008.8000000000001,True,True,True
10.0,0.33,145.0,47.85,48.23367385289677,0.04353883664228491,1048.4,True,True,True
10.0,0.33,150.0,49.5,47.569539124852696,0.04208754208754208,1088.0,True,True,True
10.0,0.33,155.0,51.15,46.95205167462087,0.04072987943955685,1127.6,True,True,True
10.0,0.33,160.0,52.8,46.37646364698874,0.039457070707070704,1167.2,True,True,True
10.0,0.33,165.0,54.45,45.83865037224727,0.03826140189776553,1206.8000000000002,True,True,True
10.0,0.33,170.0,56.1,45.33501136849388,0.037136066547831255,1246.4,True,True,True
10.0,0.33,175.0,57.75,44.86238963464505,0.03607503607503608,1286.0000000000002,True,True,True
10.0,0.33,180.0,59.4,44.418005409336374,0.035072951739618406,1325.5999999999997,True,True,True
10.0,0.33,185.0,61.05,43.99940145845228,0.03412503412503412,1365.2,True,True,True
10.0,0.33,190.0,62.7,43.604397616416435,0.03322700691121744,1404.8000000000002,True,True,True
10.0,0.33,195.0,64.35,43.23105280532025,0.03237503237503237,1444.4,True,True,True
10.0,0.33,200.0,66.0,42.87763313508581,0.03156565656565656,1484.0,True,True,True
10.0,0.33,205.0,67.65,42.542584978294904,0.030795762503079575,1523.6,True,True,True
10.0,0.33,210.0,69.3,42.224512137533814,0.03006253006253006,1563.2000000000003,True,True,True
10.0,0.33,215.0,70.95,41.9221563974642,0.029363401456424708,1602.8000000000002,True,True,True
10.0,0.33,220.0,72.6,41.6343808903546,0.028696051423324147,1642.4,True,True,True
10.0,0.33,225.0,74.25,41.36015581140377,0.028058361391694726,1682.0,True,True,True
10.0,0.33,230.0,75.9,41.098546105508774,0.027448397013614404,1721.6,True,True,True
10.0,0.33,235.0,77.55,40.84870081518662,0.02686438856651623,1761.2000000000003,True,True,True
10.0,0.33,240.0,79.2,40.6098438339457,0.0263047138047138,1800.8,True,True,True
10.0,0.33,245.0,80.85,40.381265853418924,0.025767882910740048,1840.4,True,True,True
10.0,0.33,250.0,82.5,40.162317328242,0.025252525252525252,1880.0,True,True,True
10.0,0.33,255.0,84.15,39.952402311709584,0.024757377698554166,1919.5999999999997,True,True,True
10.0,0.33,260.0,85.8,39.750973039005956,0.024281274281274284,1959.1999999999998,True,True,True
10.0,0.33,265.0,87.45,39.55752515433422,0.0238231370306842,1998.8,True,True,True
10.0,0.33,270.0,89.1,39.37159349438088,0.023381967826412272,2038.4,True,True,True
10.0,0.33,275.0,90.75,39.19274835390219,0.02295684113865932,2078.0,True,True,True
10.0,0.33,280.0,92.4,39.02059217032089,0.022546897546897544,2117.6000000000004,True,True,True
10.0,0.33,285.0,94.05,38.85475657349077,0.022151337940811623,2157.2,True,True,True
10.0,0.33,290.0,95.7,38.694899754550725,0.021769418321142455,2196.8,True,True,True
10.0,0.33,295.0,97.35,38.54070411431756,0.021400445129258684,2236.4,True,True,True
10.0,0.33,300.0,99.0,38.39187415717159,0.02104377104377104,2276.0,True,True,True
10.0,0.34,10.0,3.4,nan,0.6127450980392156,-18.39999999999999,False,False,False
10.0,0.34,15.0,5.1,884.0084160278406,0.4084967320261437,22.399999999999995,True,False,False
10.0,0.34,20.0,6.8,332.67796688891127,0.3063725490196078,63.20000000000002,True,False,False
10.0,0.34,25.0,8.5,213.92987015129583,0.24509803921568626,104.0,True,False,False
10.0,0.34,30.0,10.2,162.1005903597399,0.20424836601307186,144.8,True,True,False
10.0,0.34,35.0,11.9,133.0583215110232,0.1750700280112045,185.60000000000002,True,True,False
10.0,0.34,40.0,13.6,114.48358419081926,0.1531862745098039,226.40000000000003,True,True,False
10.0,0.34,45.0,15.3,101.58137144145606,0.13616557734204793,267.2,True,True,False
10.0,0.34,50.0,17.0,92.09740726465138,0.12254901960784313,308.0,True,True,True
10.0,0.34,55.0,18.7,84.83216865214506,0.11140819964349374,348.80000000000007,True,True,True
10.0,0.34,60.0,20.4,79.08860219256613,0.10212418300653593,389.6,True,True,True
10.0,0.34,65.0,22.1,74.43396469000777,0.0942684766214178,430.4,True,True,True
10.0,0.34,70.0,23.8,70.58539344425914,0.08753501400560225,471.20000000000005,True,True,True
10.0,0.34,75.0,25.5,67.35018824080173,0.08169934640522875,512.0,True,True,True
10.0,0.34,80.0,27.2,64.59253865348418,0.07659313725490195,552.8,True,True,True
10.0,0.34,85.0,28.9,62.213972971700855,0.07208765859284891,593.6,True,True,True
10.0,0.34,90.0,30.6,60.141351425531525,0.06808278867102396,634.4,True,True,True
10.0,0.34,95.0,32.3,58.31921257806985,0.06449948400412796,675.2000000000002,True,True,True
10.0,0.34,100.0,34.0,56.70473648193902,0.061274509803921566,716.0,True,True,True
10.0,0.34,105.0,35.7,55.26433708961933,0.05835667600373482,756.8,True,True,True
10.0,0.34,110.0,37.4,53.97130052379575,0.05570409982174687,797.6000000000001,True,True,True
10.0,0.34,115.0,39.1,52.80411293670688,0.05328218243819267,838.4,True,True,True
10.0,0.34,120.0,40.8,51.74525395187741,0.051062091503267966,879.2,True,True,True
10.0,0.34,125.0,42.5,50.78031115526761,0.04901960784313725,920.0000000000001,True,True,True
10.0,0.34,130.0,44.2,49.89732020316587,0.0471342383107089,960.8,True,True,True
10.0,0.34,135.0,45.9,49.08626621361556,0.045388525780682636,1001.6,True,True,True
10.0,0.34,140.0,47.6,48.3387022524107,0.043767507002801125,1042.4,True,True,True
10.0,0.34,145.0,49.3,47.647454040129695,0.042258282623394185,1083.2,True,True,True
10.0,0.34,150.0,51.0,47.00638897208546,0.04084967320261437,1124.0,True,True,True
10.0,0.34,155.0,52.7,46.410233682159706,0.039531941808981653,1164.8,True,True,True
10.0,0.34,160.0,54.4,45.85442865074254,0.038296568627450976,1205.6,True,True,True
10.0,0.34,165.0,56.1,45.33501136849388,0.037136066547831255,1246.4000000000003,True,True,True
10.0,0.34,170.0,57.8,44.84852172004844,0.036043829296424454,1287.2,True,True,True
10.0,0.34,175.0,59.5,44.39192480903759,0.0350140056022409,1328.0,True,True,True
10.0,0.34,180.0,61.2,43.962547585299156,0.03404139433551198,1368.8,True,True,True
10.0,0.34,185.0,62.9,43.55802647780439,0.03312135665076841,1409.6,True,True,True
10.0,0.34,190.0,64.6,43.17626386615322,0.03224974200206398,1450.4000000000003,True,True,True
10.0,0.34,195.0,66.3,42.81539169784349,0.03142282554047259,1491.2,True,True,True
10.0,0.34,200.0,68.0,42.473740919177395,0.030637254901960783,1532.0,True,True,True
10.0,0.34,205.0,69.7,42.14981566412471,0.029890004782400764,1572.7999999999997,True,True,True
10.0,0.34,210.0,71.4,41.84227135900528,0.02917833800186741,1613.6,True,True,True
10.0,0.34,215.0,73.1,41.54989606700102,0.028499772001823978,1654.4,True,True,True
10.0,0.34,220.0,74.8,41.27159452666474,0.027852049910873436,1695.2000000000003,True,True,True
10.0,0.34,225.0,76.5,41.00637444121983,0.027233115468409588,1736.0000000000002,True,True,True
10.0,0.34,230.0,78.2,40.75333465686245,0.026641091219096334,1776.8,True,True,True
10.0,0.34,235.0,79.9,40.51165493324646,0.02607425949103045,1817.6000000000001,True,True,True
10.0,0.34,240.0,81.6,40.28058706146381,0.025531045751633983,1858.4,True,True,True
10.0,0.34,245.0,83.3,40.05944712688497,0.025010004001600635,1899.2,True,True,True
10.0,0.34,250.0,85.0,39.84760874831727,0.024509803921568624,1940.0000000000002,True,True,True
10.0,0.34,255.0,86.7,39.644497152711565,0.024029219530949632,1980.8,True,True,True
10.0,0.34,260.0,88.4,39.449583967375666,0.02356711915535445,2021.6,True,True,True
10.0,0.34,265.0,90.1,39.26238263033466,0.02312245652978172,2062.3999999999996,True,True,True
10.0,0.34,270.0,91.8,39.08244433489815,0.022694262890341318,2103.2,True,True,True
10.0,0.34,275.0,93.5,38.909354437273024,0.022281639928698752,2144.0000000000005,True,True,True
10.0,0.34,280.0,95.2,38.74272926669211,0.021883753501400562,2184.8000000000006,True,True,True
10.0,0.34,285.0,96.9,38.58221328640569,0.021499828001375988,2225.6,True,True,True
10.0,0.34,290.0,98.6,38.42747656132196,0.021129141311697092,2266.4,True,True,True
10.0,0.34,295.0,100.3,38.27821249433757,0.020771020272515782,2307.2,True,True,True
10.0,0.34,300.0,102.0,38.134135798675985,0.020424836601307186,2348.0,True,True,True
10.0,0.35,10.0,3.5,nan,0.5952380952380952,-15.999999999999993,False,False,False
10.0,0.35,15.0,5.25,765.759260873156,0.39682539682539675,26.0,True,False,False
10.0,0.35,20.0,7.0,311.3115273375064,0.2976190476190476,68.00000000000001,True,False,False
10.0,0.35,25.0,8.75,203.8966085018074,0.23809523809523808,110.00000000000001,True,False,False
10.0,0.35,30.0,10.5,155.84256586478423,0.19841269841269837,152.0,True,True,False
10.0,0.35,35.0,12.25,128.59542828709064,0.17006802721088432,194.00000000000003,True,True,False
10.0,0.35,40.0,14.0,111.04642442349137,0.1488095238095238,236.00000000000003,True,True,False
10.0,0.35,45.0,15.75,98.79999726687896,0.13227513227513224,278.0,True,True,True
10.0,0.35,50.0,17.5,89.76825723887728,0.11904761904761904,320.0,True,True,True
10.0,0.35,55.0,19.25,82.83228009030142,0.1082251082251082,362.0,True,True,True
10.0,0.35,60.0,21.0,77.33843680430073,0.09920634920634919,404.0,True,True,True
10.0,0.35,65.0,22.75,72.87930839727775,0.09157509157509156,446.0,True,True,True
10.0,0.35,70.0,24.5,69.18773487998824,0.08503401360544216,488.00000000000006,True,True,True
10.0,0.35,75.0,26.25,66.08124093902387,0.07936507936507936,530.0000000000001,True,True,True
10.0,0.35,80.0,28.0,63.43094540897032,0.0744047619047619,572.0000000000001,True,True,True
10.0,0.35,85.0,29.75,61.14323102635083,0.0700280112044818,614.0,True,True,True
10.0,0.35,90.0,31.5,59.14845568053017,0.06613756613756612,656.0,True,True,True
10.0,0.35,95.0,33.25,57.39373925884838,0.06265664160401002,698.0000000000001,True,True,True
10.0,0.35,100.0,35.0,55.838206863411564,0.05952380952380952,740.0,True,True,True
10.0,0.35,105.0,36.75,54.44976490431323,0.056689342403628114,782.0,True,True,True
10.0,0.35,110.0,38.5,53.2028631449288,0.0541125541125541,824.0,True,True,True
10.0,0.35,115.0,40.25,52.07690797652392,0.05175983436853001,866.0,True,True,True
10.0,0.35,120.0,42.0,51.0551160615838,0.049603174603174593,908.0,True,True,True
10.0,0.35,125.0,43.75,50.123672063333125,0.04761904761904761,950.0000000000001,True,True,True
10.0,0.35,130.0,45.5,49.27110033912788,0.04578754578754578,992.0,True,True,True
10.0,0.35,135.0,47.25,48.487789760796176,0.04409171075837741,1034.0,True,True,True
10.0,0.35,140.0,49.0,47.76562982240857,0.04251700680272108,1076.0000000000002,True,True,True
10.0,0.35,145.0,50.75,47.09772877026835,0.041050903119868636,1118.0,True,True,True
10.0,0.35,150.0,52.5,46.47819296673136,0.03968253968253968,1160.0000000000002,True,True,True
10.0,0.35,155.0,54.25,45.90195251052976,0.038402457757296456,1202.0,True,True,True
10.0,0.35,160.0,56.0,45.36462218159578,0.03720238095238095,1244.0000000000002,True,True,True
10.0,0.35,165.0,57.75,44.86238963464505,0.036075036075036065,1286.0000000000002,True,True,True
10.0,0.35,170.0,59.5,44.39192480903759,0.0350140056022409,1328.0,True,True,True
10.0,0.35,175.0,61.25,43.95030600193453,0.03401360544217687,1370.0,True,True,True
10.0,0.35,180.0,63.0,43.534959135197376,0.03306878306878306,1412.0,True,True,True
10.0,0.35,185.0,64.75,43.1436075482442,0.032175032175032175,1454.0,True,True,True
10.0,0.35,190.0,66.5,42.77423024825899,0.03132832080200501,1496.0000000000002,True,True,True
10.0,0.35,195.0,68.25,42.42502700106882,0.030525030525030528,1538.0,True,True,True
10.0,0.35,200.0,70.0,42.094388989805196,0.02976190476190476,1580.0,True,True,True
10.0,0.35,205.0,71.75,41.78087403214587,0.029036004645760744,1622.0,True,True,True
10.0,0.35,210.0,73.5,41.48318555071453,0.028344671201814057,1664.0,True,True,True
10.0,0.35,215.0,75.25,41.20015464984605,0.027685492801771867,1706.0000000000002,True,True,True
10.0,0.35,220.0,77.0,40.93072477625042,0.02705627705627705,1748.0,True,True,True
10.0,0.35,225.0,78.75,40.67393853918108,0.026455026455026454,1790.0000000000002,True,True,True
10.0,0.35,230.0,80.5,40.428926343549406,0.025879917184265005,1832.0,True,True,True
10.0,0.35,235.0,82.25,40.19489655156397,0.025329280648429577,1874.0000000000002,True,True,True
10.0,0.35,240.0,84.0,39.97112693835036,0.024801587301587297,1916.0,True,True,True
10.0,0.35,245.0,85.75,39.7569572472562,0.02429543245869776,1958.0000000000002,True,True,True
10.0,0.35,250.0,87.5,39.55178268318802,0.023809523809523805,2000.0000000000002,True,True,True
10.0,0.35,255.0,89.25,39.35504820892479,0.023342670401493928,2042.0000000000002,True,True,True
10.0,0.35,260.0,91.0,39.166243531128984,0.02289377289377289,2084.0,True,True,True
10.0,0.35,265.0,92.75,38.98489868067789,0.0224618149146451,2126.0000000000005,True,True,True
10.0,0.35,270.0,94.5,38.81058010672028,0.022045855379188704,2168.0,True,True,True
10.0,0.35,275.0,96.25,38.642887216116726,0.02164502164502164,2210.0,True,True,True
10.0,0.35,280.0,98.0,38.481449300118264,0.02125850340136054,2252.0000000000005,True,True,True
10.0,0.35,285.0,99.75,38.325922798655064,0.02088554720133667,2294.0,True,True,True
10.0,0.35,290.0,101.5,38.17598885974447,0.020525451559934318,2336.0,True,True,True
10.0,0.35,295.0,103.25,38.031351157532164,0.020177562550443905,2378.0,True,True,True
10.0,0.35,300.0,105.0,37.891733937545396,0.01984126984126984,2420.0000000000005,True,True,True
10.0,0.36,10.0,3.6,nan,0.5787037037037036,-13.59999999999999,False,False,False
10.0,0.36,15.0,5.4,676.2734137290704,0.3858024691358024,29.600000000000005,True,False,False
10.0,0.36,20.0,7.2,292.7626402544186,0.2893518518518518,72.80000000000001,True,False,False
10.0,0.36,25.0,9.0,194.90127047123167,0.23148148148148143,116.00000000000001,True,False,False
10.0,0.36,30.0,10.8,150.15059383670896,0.1929012345679012,159.2,True,True,False
10.0,0.36,35.0,12.6,124.5029728406386,0.16534391534391532,202.40000000000006,True,True,False
10.0,0.36,40.0,14.4,107.8779676998634,0.1446759259259259,245.60000000000002,True,True,False
10.0,0.36,45.0,16.2,96.22664830757496,0.1286008230452675,288.8,True,True,True
10.0,0.36,50.0,18.0,87.60747950412302,0.11574074074074071,332.0,True,True,True
10.0,0.36,55.0,19.8,80.97310863408858,0.1052188552188552,375.20000000000005,True,True,True
10.0,0.36,60.0,21.6,75.70874169132703,0.0964506172839506,418.4,True,True,True
10.0,0.36,65.0,23.4,71.42973285916904,0.08903133903133903,461.6000000000001,True,True,True
10.0,0.36,70.0,25.2,67.88310588734868,0.08267195767195766,504.8000000000001,True,True,True
10.0,0.36,75.0,27.0,64.89565513882265,0.07716049382716048,548.0,True,True,True
10.0,0.36,80.0,28.8,62.34480071078484,0.07233796296296295,591.2000000000002,True,True,True
10.0,0.36,85.0,30.6,60.141351425531525,0.06808278867102395,634.4,True,True,True
10.0,0.36,90.0,32.4,58.21886143521015,0.06430041152263374,677.6,True,True,True
10.0,0.36,95.0,34.2,56.52681419622582,0.060916179337231965,720.8000000000002,True,True,True
10.0,0.36,100.0,36.0,55.02611889630991,0.05787037037037036,764.0,True,True,True
10.0,0.36,105.0,37.8,53.68605302393703,0.05511463844797178,807.2000000000002,True,True,True
10.0,0.36,110.0,39.6,52.48213683568105,0.0526094276094276,850.4000000000001,True,True,True
10.0,0.36,115.0,41.4,51.394624361240325,0.050322061191626404,893.6,True,True,True
10.0,0.36,120.0,43.2,50.40741192714086,0.0482253086419753,936.8,True,True,True
10.0,0.36,125.0,45.0,49.507235364782396,0.04629629629629629,980.0000000000001,True,True,True
10.0,0.36,130.0,46.8,48.68307058407734,0.044515669515669515,1023.2000000000002,True,True,True
10.0,0.36,135.0,48.6,47.92567984411959,0.04286694101508916,1066.4,True,True,True
10.0,0.36,140.0,50.4,47.227264013978306,0.04133597883597883,1109.6000000000001,True,True,True
10.0,0.36,145.0,52.2,46.58119302051659,0.03991060025542784,1152.8,True,True,True
10.0,0.36,150.0,54.0,45.981794714207965,0.03858024691358024,1196.0,True,True,True
10.0,0.36,155.0,55.8,45.424187897299795,0.03733572281959378,1239.2,True,True,True
10.0,0.36,160.0,57.6,44.90414910049524,0.036168981481481476,1282.4000000000003,True,True,True
10.0,0.36,165.0,59.4,44.418005409336374,0.035072951739618406,1325.6000000000001,True,True,True
10.0,0.36,170.0,61.2,43.962547585299156,0.034041394335511975,1368.8,True,True,True
10.0,0.36,175.0,63.0,43.534959135197376,0.03306878306878306,1412.0,True,True,True
10.0,0.36,180.0,64.8,43.132758014733284,0.03215020576131687,1455.2,True,True,True
10.0,0.36,185.0,66.6,42.75374841643157,0.03128128128128128,1498.4000000000003,True,True,True
10.0,0.36,190.0,68.4,42.3959806638053,0.030458089668615983,1541.6000000000004,True,True,True
10.0,0.36,195.0,70.2,42.05771766498199,0.029677113010446347,1584.8000000000002,True,True,True
10.0,0.36,200.0,72.0,41.73740670737387,0.02893518518518518,1628.0,True,True,True
10.0,0.36,205.0,73.8,41.43365562694223,0.028229448961156273,1671.2,True,True,True
10.0,0.36,210.0,75.6,41.14521258042874,0.02755731922398589,1714.4000000000003,True,True,True
10.0,0.36,215.0,77.4,40.87094880065329,0.02691645133505598,1757.6000000000004,True,True,True
10.0,0.36,220.0,79.2,40.6098438339457,0.0263047138047138,1800.8000000000002,True,True,True
10.0,0.36,225.0,81.0,40.36097285266303,0.025720164609053492,1844.0000000000002,True,True,True
10.0,0.36,230.0,82.8,40.12349571028604,0.025161030595813202,1887.2,True,True,True
10.0,0.36,235.0,84.6,39.89664746611739,0.024625689519306538,1930.4000000000003,True,True,True
10.0,0.36,240.0,86.4,39.67973015440525,0.02411265432098765,1973.6,True,True,True
10.0,0.36,245.0,88.2,39.47210561130275,0.023620559334845043,2016.8000000000002,True,True,True
10.0,0.36,250.0,90.0,39.27318920437698,0.023148148148148143,2060.0000000000005,True,True,True
10.0,0.36,255.0,91.8,39.08244433489815,0.022694262890341318,2103.2,True,True,True
10.0,0.36,260.0,93.6,38.899377604034186,0.022257834757834757,2146.4,True,True,True
10.0,0.36,265.0,95.4,38.723534551260585,0.021837875611460517,2189.6,True,True,True
10.0,0.36,270.0,97.2,38.55449588748717,0.02143347050754458,2232.8000000000006,True,True,True
10.0,0.36,275.0,99.0,38.39187415717159,0.021043771043771038,2276.0,True,True,True
10.0,0.36,280.0,100.8,38.23531077348385,0.020667989417989415,2319.2000000000003,True,True,True
10.0,0.36,285.0,102.6,38.08447337876945,0.020305393112410655,2362.4,True,True,True
10.0,0.36,290.0,104.4,37.93905348941891,0.01995530012771392,2405.6,True,True,True
10.0,0.36,295.0,106.2,37.7987643900226,0.01961707470182046,2448.8000000000006,True,True,True
10.0,0.36,300.0,108.0,37.663339246560405,0.01929012345679012,2492.0,True,True,True
10.0,0.37,10.0,3.7,nan,0.563063063063063,-11.199999999999987,False,False,False
10.0,0.37,15.0,5.55,606.1941358451481,0.3753753753753753,33.20000000000001,True,False,False
10.0,0.37,20.0,7.4,276.50846085171287,0.2815315315315315,77.60000000000002,True,False,False
10.0,0.37,25.0,9.25,186.79071978792564,0.2252252252252252,122.00000000000001,True,False,False
10.0,0.37,30.0,11.1,144.9511963110633,0.18768768768768765,166.4,True,True,False
10.0,0.37,35.0,12.95,120.73667133868564,0.16087516087516085,210.80000000000007,True,True,False
10.0,0.37,40.0,14.8,104.94789016547391,0.14076576576576574,255.20000000000005,True,True,False
10.0,0.37,45.0,16.65,93.83882784466938,0.1251251251251251,299.6,True,True,True
10.0,0.37,50.0,18.5,85.5974537043516,0.1126126126126126,344.00000000000006,True,True,True
10.0,0.37,55.0,20.35,79.24030722536291,0.10237510237510236,388.40000000000003,True,True,True
10.0,0.37,60.0,22.2,74.18749209418891,0.09384384384384382,432.8,True,True,True
10.0,0.37,65.0,24.05,70.0749325867539,0.08662508662508661,477.2,True,True,True
10.0,0.37,70.0,25.9,66.66251741263989,0.08043758043758042,521.6000000000001,True,True,True
10.0,0.37,75.0,27.75,63.785477622733154,0.07507507507507506,566.0000000000001,True,True,True
10.0,0.37,80.0,29.6,61.32698490580107,0.07038288288288287,610.4000000000001,True,True,True
10.0,0.37,85.0,31.45,59.201898042967294,0.06624271330153682,654.8000000000001,True,True,True
10.0,0.37,90.0,33.3,57.346702074612395,0.06256256256256255,699.2,True,True,True
10.0,0.37,95.0,35.15,55.71305183244082,0.05926979611190136,743.6000000000001,True,True,True
10.0,0.37,100.0,37.0,54.26349821654441,0.0563063063063063,788.0000000000001,True,True,True
10.0,0.37,105.0,38.85,52.96858222810067,0.053625053625053605,832.4000000000001,True,True,True
10.0,0.37,110.0,40.7,51.80481192826757,0.05118755118755118,876.8000000000001,True,True,True
10.0,0.37,115.0,42.55,50.75322443632111,0.04896200548374461,921.2,True,True,True
10.0,0.37,120.0,44.4,49.79834465904413,0.04692192192192191,965.6,True,True,True
10.0,0.37,125.0,46.25,48.92741866812577,0.045045045045045036,1010.0000000000001,True,True,True
10.0,0.37,130.0,48.1,48.12984076900704,0.043312543312543306,1054.4,True,True,True
10.0,0.37,135.0,49.95,47.39671947476796,0.041708375041708365,1098.8000000000002,True,True,True
10.0,0.37,140.0,51.8,46.720544621159064,0.04021879021879021,1143.2000000000003,True,True,True
10.0,0.37,145.0,53.65,46.094929153707504,0.03883193538365951,1187.6000000000001,True,True,True
10.0,0.37,150.0,55.5,45.51440674916968,0.03753753753753753,1232.0000000000002,True,True,True
10.0,0.37,155.0,57.35,44.97427167581561,0.03632664922987503,1276.4,True,True,True
10.0,0.37,160.0,59.2,44.47045095324427,0.035191441441441436,1320.8000000000002,True,True,True
10.0,0.37,165.0,61.05,43.99940145845228,0.03412503412503412,1365.2000000000003,True,True,True
10.0,0.37,170.0,62.9,43.55802647780438,0.03312135665076841,1409.6000000000001,True,True,True
10.0,0.37,175.0,64.75,43.14360754824421,0.03217503217503217,1454.0000000000002,True,True,True
10.0,0.37,180.0,66.6,42.75374841643157,0.03128128128128128,1498.4,True,True,True
10.0,0.37,185.0,68.45,42.38632867462735,0.030435841246652055,1542.8,True,True,True
10.0,0.37,190.0,70.3,42.03946517845834,0.02963489805595068,1587.2000000000003,True,True,True
10.0,0.37,195.0,72.15,41.7114797642088,0.028875028875028876,1631.6000000000001,True,True,True
10.0,0.37,200.0,74.0,41.40087209744456,0.02815315315315315,1676.0000000000002,True,True,True
10.0,0.37,205.0,75.85,41.10629672596553,0.02746649088112502,1720.4,True,True,True
10.0,0.37,210.0,77.7,40.82654359665973,0.026812526812526803,1764.8000000000002,True,True,True
10.0,0.37,215.0,79.55,40.56052144120004,0.026188979677351766,1809.2000000000003,True,True,True
10.0,0.37,220.0,81.4,40.3072435495539,0.02559377559377559,1853.6000000000001,True,True,True
10.0,0.37,225.0,83.25,40.065815540298786,0.02502502502502502,1898.0000000000005,True,True,True
10.0,0.37,230.0,85.1,39.83542480823781,0.024481002741872305,1942.4,True,True,True
10.0,0.37,235.0,86.95,39.61533138693131,0.02396013034310906,1986.8000000000002,True,True,True
10.0,0.37,240.0,88.8,39.404860009644125,0.023460960960960956,2031.2,True,True,True
10.0,0.37,245.0,90.65,39.20339318925763,0.022982165839308698,2075.6,True,True,True
10.0,0.37,250.0,92.5,39.0103651677628,0.022522522522522518,2120.0000000000005,True,True,True
10.0,0.37,255.0,94.35,38.82525661046532,0.022080904433845604,2164.4,True,True,True
10.0,0.37,260.0,96.2,38.64758994011461,0.021656271656271653,2208.8,True,True,True
10.0,0.37,265.0,98.05,38.476925222687356,0.021247662757096716,2253.2,True,True,True
10.0,0.37,270.0,99.9,38.31285653020245,0.020854187520854182,2297.6000000000004,True,True,True
10.0,0.37,275.0,101.75,38.15500871726181,0.020475020475020474,2342.0,True,True,True
10.0,0.37,280.0,103.6,38.00303455743428,0.020109395109395106,2386.4000000000005,True,True,True
10.0,0.37,285.0,105.45,37.85661219347341,0.01975659870396712,2430.8,True,True,True
10.0,0.37,290.0,107.3,37.71544286196233,0.019415967691829756,2475.2000000000003,True,True,True
10.0,0.37,295.0,109.15,37.57924885853436,0.01908688349366315,2519.6,True,True,True
10.0,0.37,300.0,111.0,37.447771714507475,0.018768768768768766,2564.0000000000005,True,True,True
10.0,0.38,10.0,3.8,nan,0.5482456140350878,-8.800000000000008,False,False,False
10.0,0.38,15.0,5.7,549.8260210254718,0.36549707602339176,36.79999999999998,True,False,False
10.0,0.38,20.0,7.6,262.147972253206,0.2741228070175439,82.39999999999999,True,False,False
10.0,0.38,25.0,9.5,179.44053323117953,0.21929824561403508,128.00000000000003,True,False,False
10.0,0.38,30.0,11.4,140.18308521611638,0.18274853801169588,173.59999999999997,True,True,False
10.0,0.38,35.0,13.3,117.25902798104292,0.15664160401002505,219.20000000000002,True,True,False
10.0,0.38,40.0,15.2,102.23026538282264,0.13706140350877194,264.79999999999995,True,True,False
10.0,0.38,45.0,17.1,91.61717014593509,0.12183235867446393,310.3999999999999,True,True,True
10.0,0.38,50.0,19.0,83.72293526186814,0.10964912280701754,356.00000000000006,True,True,True
10.0,0.38,55.0,20.9,77.62141507258931,0.09968102073365231,401.6,True,True,True
10.0,0.38,60.0,22.8,72.76421205965718,0.09137426900584794,447.19999999999993,True,True,True
10.0,0.38,65.0,24.7,68.80590700691053,0.08434547908232119,492.8,True,True,True
10.0,0.38,70.0,26.6,65.51810236428739,0.07832080200501253,538.4,True,True,True
10.0,0.38,75.0,28.5,62.74373570695058,0.07309941520467836,584.0,True,True,True
10.0,0.38,80.0,30.4,60.37124681192179,0.06853070175438597,629.5999999999999,True,True,True
10.0,0.38,85.0,32.3,58.31921257806986,0.06449948400412797,675.2,True,True,True
10.0,0.38,90.0,34.2,56.52681419622584,0.060916179337231965,720.7999999999998,True,True,True
10.0,0.38,95.0,36.1,54.94770747986221,0.057710064635272396,766.4,True,True,True
10.0,0.38,100.0,38.0,53.54595856218376,0.05482456140350877,812.0000000000001,True,True,True
10.0,0.38,105.0,39.9,52.293276227168874,0.05221386800334169,857.6,True,True,True
10.0,0.38,110.0,41.8,51.16708263103062,0.04984051036682616,903.2,True,True,True
10.0,0.38,115.0,43.7,50.14914035863582,0.04767353165522501,948.8,True,True,True
10.0,0.38,120.0,45.6,49.224557232703624,0.04568713450292397,994.3999999999999,True,True,True
10.0,0.38,125.0,47.5,48.38105293473779,0.043859649122807015,1040.0,True,True,True
10.0,0.38,130.0,49.4,47.60841045694005,0.042172739541160596,1085.6,True,True,True
10.0,0.38,135.0,51.3,46.89806022982755,0.04061078622482132,1131.2,True,True,True
10.0,0.38,140.0,53.2,46.242760938058915,0.039160401002506263,1176.8,True,True,True
10.0,0.38,145.0,55.1,45.63635177669712,0.03781004234724742,1222.3999999999999,True,True,True
10.0,0.38,150.0,57.0,45.07355816384966,0.03654970760233918,1268.0,True,True,True
10.0,0.38,155.0,58.9,44.549837919981876,0.03537068477645727,1313.6,True,True,True
10.0,0.38,160.0,60.8,44.06125841054665,0.034265350877192985,1359.1999999999998,True,True,True
10.0,0.38,165.0,62.7,43.60439761641644,0.03322700691121744,1404.8,True,True,True
10.0,0.38,170.0,64.6,43.17626386615322,0.032249742002063986,1450.4,True,True,True
10.0,0.38,175.0,66.5,42.77423024825899,0.03132832080200501,1496.0,True,True,True
10.0,0.38,180.0,68.4,42.39598066380531,0.030458089668615983,1541.5999999999997,True,True,True
10.0,0.38,185.0,70.3,42.03946517845834,0.02963489805595069,1587.2,True,True,True
10.0,0.38,190.0,72.2,41.7028628559382,0.028855032317636198,1632.8,True,True,True
10.0,0.38,195.0,74.1,41.38455065008503,0.028115159694107064,1678.4,True,True,True
10.0,0.38,200.0,76.0,41.08307723377583,0.027412280701754384,1724.0000000000002,True,True,True
10.0,0.38,205.0,77.9,40.797140874184194,0.02674368848951647,1769.5999999999997,True,True,True
10.0,0.38,210.0,79.8,40.525570642839995,0.026106934001670846,1815.2,True,True,True
10.0,0.38,215.0,81.7,40.267310388440436,0.02549979600163198,1860.8,True,True,True
10.0,0.38,220.0,83.6,40.021405009828364,0.02492025518341308,1906.4,True,True,True
10.0,0.38,225.0,85.5,39.786988653003895,0.02436647173489279,1952.0,True,True,True
10.0,0.38,230.0,87.4,39.56327452472488,0.023836765827612506,1997.6,True,True,True
10.0,0.38,235.0,89.3,39.349546070143525,0.023329600597237772,2043.1999999999998,True,True,True
10.0,0.38,240.0,91.2,39.145149306034114,0.022843567251461985,2088.7999999999997,True,True,True
10.0,0.38,245.0,93.1,38.94948613679295,0.022377372001432153,2134.3999999999996,True,True,True
10.0,0.38,250.0,95.0,38.76200850931087,0.021929824561403508,2180.0,True,True,True
10.0,0.38,255.0,96.9,38.58221328640569,0.021499828001375988,2225.6,True,True,True
10.0,0.38,260.0,98.8,38.4096377378264,0.021086369770580298,2271.2,True,True,True
10.0,0.38,265.0,100.7,38.24385556374229,0.02068851373717312,2316.8,True,True,True
10.0,0.38,270.0,102.6,38.08447337876945,0.02030539311241066,2362.4,True,True,True
10.0,0.38,275.0,104.5,37.931127595486615,0.019936204146730464,2408.0,True,True,True
10.0,0.38,280.0,106.4,37.78348165546893,0.019580200501253132,2453.6,True,True,True
10.0,0.38,285.0,108.3,37.64122356345447,0.019236688211757468,2499.1999999999994,True,True,True
10.0,0.38,290.0,110.2,37.50406368662064,0.01890502117362371,2544.7999999999997,True,True,True
10.0,0.38,295.0,112.1,37.3717327863029,0.01858459708593518,2590.4,True,True,True
10.0,0.38,300.0,114.0,37.243980254008285,0.01827485380116959,2636.0,True,True,True
10.0,0.39,10.0,3.9,nan,0.5341880341880341,-6.400000000000006,False,False,False
10.0,0.39,15.0,5.85,503.50370884692546,0.3561253561253561,40.39999999999999,True,False,False
10.0,0.39,20.0,7.8,249.36845487655293,0.26709401709401703,87.19999999999999,True,False,False
10.0,0.39,25.0,9.75,172.74857233623166,0.2136752136752137,133.99999999999997,True,False,False
10.0,0.39,30.0,11.7,135.79473518182888,0.17806267806267806,180.79999999999998,True,True,False
10.0,0.39,35.0,13.65,114.03808237563395,0.15262515262515264,227.60000000000002,True,True,False
10.0,0.39,40.0,15.6,99.70279510391369,0.13354700854700852,274.4,True,True,True
10.0,0.39,45.0,17.55,89.54491408572088,0.11870845204178539,321.2,True,True,True
10.0,0.39,50.0,19.5,81.97066802215535,0.10683760683760685,368.0,True,True,True
10.0,0.39,55.0,21.45,76.10555752163162,0.09712509712509713,414.79999999999995,True,True,True
10.0,0.39,60.0,23.4,71.42973285916904,0.08903133903133903,461.59999999999997,True,True,True
10.0,0.39,65.0,25.35,67.61476025887501,0.08218277449046679,508.3999999999999,True,True,True
10.0,0.39,70.0,27.3,64.44294586352967,0.07631257631257632,555.2,True,True,True
10.0,0.39,75.0,29.25,61.76429064991911,0.07122507122507123,602.0,True,True,True
10.0,0.39,80.0,31.2,59.472075214351,0.06677350427350426,648.8,True,True,True
10.0,0.39,85.0,33.15,57.48830049869258,0.0628456510809452,695.6,True,True,True
10.0,0.39,90.0,35.1,55.75463531076263,0.05935422602089269,742.4,True,True,True
10.0,0.39,95.0,37.05,54.226584747250136,0.056230319388214114,789.2000000000002,True,True,True
10.0,0.39,100.0,39.0,52.86961735687732,0.05341880341880342,836.0,True,True,True
10.0,0.39,105.0,40.95,51.656524171011625,0.05087505087505087,882.7999999999998,True,True,True
10.0,0.39,110.0,42.9,50.565575479764085,0.04856254856254857,929.5999999999999,True,True,True
10.0,0.39,115.0,44.85,49.57920769542023,0.046451133407655144,976.3999999999999,True,True,True
10.0,0.39,120.0,46.8,48.683070584077356,0.044515669515669515,1023.1999999999999,True,True,True
10.0,0.39,125.0,48.75,47.86532453219399,0.04273504273504273,1070.0000000000002,True,True,True
10.0,0.39,130.0,50.7,47.11611450328366,0.041091387245233396,1116.8,True,True,True
10.0,0.39,135.0,52.65,46.427170939400845,0.03956948401392846,1163.6,True,True,True
10.0,0.39,140.0,54.6,45.79150324926177,0.03815628815628816,1210.4,True,True,True
10.0,0.39,145.0,56.55,45.20316175686134,0.03684055408193339,1257.2,True,True,True
10.0,0.39,150.0,58.5,44.65705091146143,0.03561253561253561,1304.0,True,True,True
10.0,0.39,155.0,60.45,44.14878132689171,0.03446374414116349,1350.8,True,True,True
10.0,0.39,160.0,62.4,43.67455154850097,0.03338675213675213,1397.6,True,True,True
10.0,0.39,165.0,64.35,43.23105280532025,0.03237503237503237,1444.4,True,True,True
10.0,0.39,170.0,66.3,42.81539169784349,0.0314228255404726,1491.2,True,True,True
10.0,0.39,175.0,68.25,42.42502700106882,0.030525030525030528,1538.0,True,True,True
10.0,0.39,180.0,70.2,42.05771766498198,0.029677113010446347,1584.8,True,True,True
10.0,0.39,185.0,72.15,41.7114797642088,0.028875028875028876,1631.6,True,True,True
10.0,0.39,190.0,74.1,41.384550650085025,0.028115159694107057,1678.4000000000003,True,True,True
10.0,0.39,195.0,76.05,41.075358937469474,0.027394258163488935,1725.2,True,True,True
10.0,0.39,200.0,78.0,40.782499247597045,0.02670940170940171,1772.0,True,True,True
10.0,0.39,205.0,79.95,40.50471085031977,0.02605795288722118,1818.8,True,True,True
10.0,0.39,210.0,81.9,40.24085952100194,0.025437525437525435,1865.5999999999997,True,True,True
10.0,0.39,215.0,83.85,39.98992206138927,0.024845955078513216,1912.4000000000003,True,True,True
10.0,0.39,220.0,85.8,39.750973039005956,0.024281274281274284,1959.1999999999998,True,True,True
10.0,0.39,225.0,87.75,39.52317338277174,0.023741690408357073,2006.0000000000002,True,True,True
10.0,0.39,230.0,89.7,39.30576053861054,0.023225566703827572,2052.7999999999997,True,True,True
10.0,0.39,235.0,91.65,39.098039941645716,0.02273140571012911,2099.6,True,True,True
10.0,0.39,240.0,93.6,38.899377604034186,0.022257834757834757,2146.3999999999996,True,True,True
10.0,0.39,245.0,95.55,38.70919365179582,0.02180359323216466,2193.2,True,True,True
10.0,0.39,250.0,97.5,38.526956671847415,0.021367521367521364,2240.0,True,True,True
10.0,0.39,255.0,99.45,38.3521787531738,0.020948550360315066,2286.8,True,True,True
10.0,0.39,260.0,101.4,38.18441112469038,0.020545693622616698,2333.6,True,True,True
10.0,0.39,265.0,103.35,38.02324030767817,0.020158039025963553,2380.4,True,True,True
10.0,0.39,270.0,105.3,37.86828471333913,0.01978474200696423,2427.2,True,True,True
10.0,0.39,275.0,107.25,37.71919162653046,0.019425019425019428,2474.0,True,True,True
10.0,0.39,280.0,109.2,37.57563452549031,0.01907814407814408,2520.8,True,True,True
10.0,0.39,285.0,111.15,37.437310694685934,0.018743439796071373,2567.6,True,True,True
10.0,0.39,290.0,113.1,37.30393909405418,0.018420277040966694,2614.4,True,True,True
10.0,0.39,295.0,115.05,37.175258453071876,0.018108068955526583,2661.2,True,True,True
10.0,0.39,300.0,117.0,37.05102556245735,0.017806267806267807,2708.0,True,True,True
10.0,0.4,10.0,4.0,nan,0.5208333333333334,-4.0000000000000036,False,False,False
10.0,0.4,15.0,6.0,464.761411388505,0.3472222222222222,43.99999999999999,True,False,False
10.0,0.4,20.0,8.0,237.92245235659408,0.2604166666666667,92.0,True,False,False
10.0,0.4,25.0,10.0,166.63020808942207,0.20833333333333331,140.00000000000003,True,False,False
10.0,0.4,30.0,12.0,131.74251408633793,0.1736111111111111,188.0,True,True,False
10.0,0.4,35.0,14.0,111.04642442349137,0.1488095238095238,236.00000000000003,True,True,False
10.0,0.4,40.0,16.0,97.34619605512819,0.13020833333333334,284.0,True,True,True
10.0,0.4,45.0,18.0,87.60747950412302,0.11574074074074076,331.99999999999994,True,True,True
10.0,0.4,50.0,20.0,80.32907029231914,0.10416666666666666,380.00000000000006,True,True,True
10.0,0.4,55.0,22.0,74.68320146447131,0.0946969696969697,428.0,True,True,True
10.0,0.4,60.0,24.0,70.17599525736587,0.08680555555555555,476.0,True,True,True
10.0,0.4,65.0,26.0,66.49453675232554,0.08012820512820512,524.0,True,True,True
10.0,0.4,70.0,28.0,63.43094540897032,0.0744047619047619,572.0000000000001,True,True,True
10.0,0.4,75.0,30.0,60.84171659619914,0.06944444444444445,620.0,True,True,True
10.0,0.4,80.0,32.0,58.62459252298788,0.06510416666666667,668.0,True,True,True
10.0,0.4,85.0,34.0,56.70473648193902,0.061274509803921566,716.0,True,True,True
10.0,0.4,90.0,36.0,55.02611889630992,0.05787037037037038,763.9999999999999,True,True,True
10.0,0.4,95.0,38.0,53.54595856218376,0.05482456140350877,812.0000000000001,True,True,True
10.0,0.4,100.0,40.0,52.2310254281461,0.05208333333333333,860.0000000000001,True,True,True
10.0,0.4,105.0,42.0,51.0551160615838,0.0496031746031746,908.0,True,True,True
10.0,0.4,110.0,44.0,49.99728964396499,0.04734848484848485,956.0,True,True,True
10.0,0.4,115.0,46.0,49.040609975441214,0.045289855072463775,1003.9999999999999,True,True,True
10.0,0.4,120.0,48.0,48.171231873626816,0.043402777777777776,1052.0,True,True,True
10.0,0.4,125.0,50.0,47.37772676978895,0.041666666666666664,1100.0,True,True,True
10.0,0.4,130.0,52.0,46.650577493449724,0.04006410256410256,1148.0,True,True,True
10.0,0.4,135.0,54.0,45.981794714207965,0.038580246913580245,1196.0,True,True,True
10.0,0.4,140.0,56.0,45.36462218159578,0.03720238095238095,1244.0000000000002,True,True,True
10.0,0.4,145.0,58.0,44.79330766998266,0.035919540229885055,1292.0,True,True,True
10.0,0.4,150.0,60.0,44.26292315323137,0.034722222222222224,1340.0,True,True,True
10.0,0.4,155.0,62.0,43.769222291817336,0.03360215053763441,1388.0,True,True,True
10.0,0.4,160.0,64.0,43.30852650191846,0.032552083333333336,1436.0,True,True,True
10.0,0.4,165.0,66.0,42.87763313508581,0.03156565656565656,1484.0000000000002,True,True,True
10.0,0.4,170.0,68.0,42.473740919177395,0.030637254901960783,1532.0,True,True,True
10.0,0.4,175.0,70.0,42.094388989805196,0.02976190476190476,1580.0,True,True,True
10.0,0.4,180.0,72.0,41.73740670737386,0.02893518518518519,1627.9999999999998,True,True,True
10.0,0.4,185.0,74.0,41.40087209744456,0.02815315315315315,1676.0000000000002,True,True,True
10.0,0.4,190.0,76.0,41.08307723377583,0.027412280701754384,1724.0000000000002,True,True,True
10.0,0.4,195.0,78.0,40.782499247597045,0.02670940170940171,1772.0,True,True,True
10.0,0.4,200.0,80.0,40.49777592442549,0.026041666666666664,1820.0000000000002,True,True,True
10.0,0.4,205.0,82.0,40.22768506325847,0.02540650406504065,1868.0,True,True,True
10.0,0.4,210.0,84.0,39.97112693835036,0.0248015873015873,1916.0,True,True,True
10.0,0.4,215.0,86.0,39.727109332786,0.024224806201550386,1964.0,True,True,True
10.0,0.4,220.0,88.0,39.494734714365876,0.023674242424242424,2012.0,True,True,True
10.0,0.4,225.0,90.0,39.27318920437698,0.023148148148148147,2060.0000000000005,True,True,True
10.0,0.4,230.0,92.0,39.06173305347677,0.022644927536231887,2107.9999999999995,True,True,True
10.0,0.4,235.0,94.0,38.85969238981515,0.022163120567375884,2156.0,True,True,True
10.0,0.4,240.0,96.0,38.66645204544188,0.021701388888888888,2204.0,True,True,True
10.0,0.4,245.0,98.0,38.48144930011827,0.021258503401360544,2252.0,True,True,True
10.0,0.4,250.0,100.0,38.30416840851251,0.020833333333333332,2300.0,True,True,True
10.0,0.4,255.0,102.0,38.134135798675985,0.02042483660130719,2348.0,True,True,True
10.0,0.4,260.0,104.0,37.970915847664294,0.02003205128205128,2396.0,True,True,True
10.0,0.4,265.0,106.0,37.81410715495749,0.019654088050314468,2444.0,True,True,True
10.0,0.4,270.0,108.0,37.663339246560405,0.019290123456790122,2492.0,True,True,True
10.0,0.4,275.0,110.0,37.518269652811405,0.018939393939393936,2540.0,True,True,True
10.0,0.4,280.0,112.0,37.378581311380756,0.018601190476190476,2588.0000000000005,True,True,True
10.0,0.4,285.0,114.0,37.243980254008285,0.01827485380116959,2636.0,True,True,True
10.0,0.4,290.0,116.0,37.11419354145986,0.017959770114942528,2684.0,True,True,True
10.0,0.4,295.0,118.0,36.98896741617522,0.01765536723163842,2732.0,True,True,True
10.0,0.4,300.0,120.0,36.868065646296095,0.017361111111111112,2780.0,True,True,True
20.0,0.02,10.0,0.2,nan,10.416666666666666,-190.4,False,False,False
20.0,0.02,15.0,0.3,nan,6.944444444444445,-185.6,False,False,False
20.0,0.02,20.0,0.4,nan,5.208333333333333,-180.8,False,False,False
20.0,0.02,25.0,0.5,nan,4.166666666666667,-176.0,False,False,False
20.0,0.02,30.0,0.6,nan,3.4722222222222223,-171.2,False,False,False
20.0,0.02,35.0,0.7,nan,2.9761904761904754,-166.4,False,False,False
20.0,0.02,40.0,0.8,nan,2.6041666666666665,-161.6,False,False,False
20.0,0.02,45.0,0.9,nan,2.3148148148148144,-156.8,False,False,False
20.0,0.02,50.0,1.0,nan,2.0833333333333335,-152.0,False,False,False
20.0,0.02,55.0,1.1,nan,1.8939393939393938,-147.2,False,False,False
20.0,0.02,60.0,1.2,nan,1.7361111111111112,-142.4,False,False,False
20.0,0.02,65.0,1.3,nan,1.6025641025641022,-137.6,False,False,False
20.0,0.02,70.0,1.4,nan,1.4880952380952377,-132.79999999999998,False,False,False
20.0,0.02,75.0,1.5,nan,1.3888888888888888,-128.0,False,False,False
20.0,0.02,80.0,1.6,nan,1.3020833333333333,-123.2,False,False,False
20.0,0.02,85.0,1.7,nan,1.2254901960784312,-118.40000000000002,False,False,False
20.0,0.02,90.0,1.8,nan,1.1574074074074072,-113.60000000000001,False,False,False
20.0,0.02,95.0,1.9,nan,1.0964912280701753,-108.80000000000001,False,False,False
20.0,0.02,100.0,2.0,nan,1.0416666666666667,-104.0,False,False,False
20.0,0.02,105.0,2.1,nan,0.9920634920634921,-99.2,False,False,False
20.0,0.02,110.0,2.2,nan,0.9469696969696969,-94.4,False,False,False
20.0,0.02,115.0,2.3,nan,0.9057971014492753,-89.60000000000001,False,False,False
20.0,0.02,120.0,2.4,nan,0.8680555555555556,-84.80000000000001,False,False,False
20.0,0.02,125.0,2.5,nan,0.8333333333333333,-80.0,False,False,False
20.0,0.02,130.0,2.6,nan,0.8012820512820511,-75.2,False,False,False
20.0,0.02,135.0,2.7,nan,0.7716049382716048,-70.4,False,False,False
20.0,0.02,140.0,2.8,nan,0.7440476190476188,-65.6,False,False,False
20.0,0.02,145.0,2.9,nan,0.7183908045977011,-60.800000000000004,False,False,False
20.0,0.02,150.0,3.0,nan,0.6944444444444444,-56.00000000000001,False,False,False
20.0,0.02,155.0,3.1,nan,0.6720430107526881,-51.200000000000024,False,False,False
20.0,0.02,160.0,3.2,nan,0.6510416666666666,-46.4,False,False,False
20.0,0.02,165.0,3.3,nan,0.6313131313131313,-41.599999999999994,False,False,False
20.0,0.02,170.0,3.4,nan,0.6127450980392156,-36.800000000000004,False,False,False
20.0,0.02,175.0,3.5,nan,0.5952380952380952,-32.00000000000001,False,False,False
20.0,0.02,180.0,3.6,nan,0.5787037037037036,-27.20000000000002,False,False,False
20.0,0.02,185.0,3.7,nan,0.563063063063063,-22.399999999999995,False,False,False
20.0,0.02,190.0,3.8,nan,0.5482456140350876,-17.599999999999994,False,False,False
20.0,0.02,195.0,3.9,nan,0.5341880341880342,-12.800000000000011,False,False,False
20.0,0.02,200.0,4.0,nan,0.5208333333333334,-8.000000000000007,False,False,False
20.0,0.02,205.0,4.1,nan,0.508130081300813,-3.200000000000003,False,False,False
20.0,0.02,210.0,4.2,23806.87645398932,0.49603174603174605,1.6000000000000014,True,False,False
20.0,0.02,215.0,4.3,5974.205789690614,0.48449612403100784,6.400000000000006,True,False,False
20.0,0.02,220.0,4.4,3426.6814090765124,0.47348484848484845,11.20000000000001,True,False,False
20.0,0.02,225.0,4.5,2407.671656830872,0.462962962962963,16.000000000000014,True,False,False
20.0,0.02,230.0,4.6,1858.9740979293772,0.45289855072463764,20.799999999999972,True,False,False
20.0,0.02,235.0,4.7,1516.0381236159392,0.44326241134751776,25.599999999999977,True,False,False
20.0,0.02,240.0,4.8,1281.397720138324,0.4340277777777778,30.39999999999998,True,False,False
20.0,0.02,245.0,4.9,1110.750153972786,0.4251700680272109,35.19999999999999,True,False,False
20.0,0.02,250.0,5.0,981.0580036869767,0.41666666666666663,39.99999999999999,True,False,False
20.0,0.02,255.0,5.1,879.1570284624128,0.4084967320261437,44.79999999999999,True,False,False
20.0,0.02,260.0,5.2,796.9788226361511,0.40064102564102555,49.6,True,False,False
20.0,0.02,265.0,5.3,729.302653132171,0.3930817610062893,54.400000000000006,True,False,False
20.0,0.02,270.0,5.4,672.6009976018095,0.3858024691358024,59.20000000000001,True,False,False
20.0,0.02,275.0,5.5,624.4045904010021,0.3787878787878788,64.00000000000001,True,False,False
20.0,0.02,280.0,5.6,582.9332632747261,0.3720238095238094,68.80000000000001,True,False,False
20.0,0.02,285.0,5.7,546.8712396866601,0.36549707602339176,73.59999999999997,True,False,False
20.0,0.02,290.0,5.8,515.2249740889692,0.35919540229885055,78.39999999999999,True,False,False
20.0,0.02,295.0,5.9,487.23020067562754,0.3531073446327683,83.19999999999999,True,False,False
20.0,0.02,300.0,6.0,462.2894025437411,0.3472222222222222,87.99999999999999,True,False,False
20.0,0.03,10.0,0.3,nan,6.944444444444445,-185.6,False,False,False
20.0,0.03,15.0,0.45,nan,4.629629629629631,-178.4,False,False,False
20.0,0.03,20.0,0.6,nan,3.4722222222222223,-171.2,False,False,False
20.0,0.03,25.0,0.75,nan,2.7777777777777777,-164.0,False,False,False
20.0,0.03,30.0,0.9,nan,2.3148148148148153,-156.8,False,False,False
20.0,0.03,35.0,1.05,nan,1.9841269841269842,-149.6,False,False,False
20.0,0.03,40.0,1.2,nan,1.7361111111111112,-142.4,False,False,False
20.0,0.03,45.0,1.35,nan,1.5432098765432098,-135.2,False,False,False
20.0,0.03,50.0,1.5,nan,1.3888888888888888,-128.0,False,False,False
20.0,0.03,55.0,1.65,nan,1.2626262626262628,-120.80000000000001,False,False,False
20.0,0.03,60.0,1.8,nan,1.1574074074074077,-113.60000000000001,False,False,False
20.0,0.03,65.0,1.95,nan,1.0683760683760684,-106.4,False,False,False
20.0,0.03,70.0,2.1,nan,0.9920634920634921,-99.2,False,False,False
20.0,0.03,75.0,2.25,nan,0.925925925925926,-92.0,False,False,False
20.0,0.03,80.0,2.4,nan,0.8680555555555556,-84.80000000000001,False,False,False
20.0,0.03,85.0,2.55,nan,0.8169934640522876,-77.6,False,False,False
20.0,0.03,90.0,2.7,nan,0.7716049382716049,-70.40000000000002,False,False,False
20.0,0.03,95.0,2.85,nan,0.7309941520467835,-63.20000000000002,False,False,False
20.0,0.03,100.0,3.0,nan,0.6944444444444444,-56.00000000000001,False,False,False
20.0,0.03,105.0,3.15,nan,0.6613756613756614,-48.8,False,False,False
20.0,0.03,110.0,3.3,nan,0.6313131313131314,-41.600000000000016,False,False,False
20.0,0.03,115.0,3.45,nan,0.6038647342995169,-34.400000000000006,False,False,False
20.0,0.03,120.0,3.6,nan,0.5787037037037038,-27.20000000000002,False,False,False
20.0,0.03,125.0,3.75,nan,0.5555555555555556,-20.000000000000018,False,False,False
20.0,0.03,130.0,3.9,nan,0.5341880341880342,-12.800000000000011,False,False,False
20.0,0.03,135.0,4.05,nan,0.51440329218107,-5.600000000000005,False,False,False
20.0,0.03,140.0,4.2,23806.87645398932,0.49603174603174605,1.6000000000000014,True,False,False
20.0,0.03,145.0,4.35,4353.053911118024,0.4789272030651341,8.799999999999963,True,False,False
20.0,0.03,150.0,4.5,2407.671656830872,0.462962962962963,16.000000000000014,True,False,False
20.0,0.03,155.0,4.65,1669.7680431357562,0.4480286738351255,23.199999999999978,True,False,False
20.0,0.03,160.0,4.8,1281.397720138324,0.4340277777777778,30.39999999999998,True,False,False
20.0,0.03,165.0,4.95,1041.7649676505469,0.4208754208754208,37.599999999999994,True,False,False
20.0,0.03,170.0,5.1,879.1570284624128,0.4084967320261438,44.79999999999999,True,False,False
20.0,0.03,175.0,5.25,761.578980126377,0.3968253968253968,52.0,True,False,False
20.0,0.03,180.0,5.4,672.6009976018098,0.38580246913580246,59.19999999999996,True,False,False
20.0,0.03,185.0,5.55,602.9194450223293,0.3753753753753754,66.39999999999998,True,False,False
20.0,0.03,190.0,5.7,546.8712396866601,0.36549707602339176,73.59999999999997,True,False,False
20.0,0.03,195.0,5.85,500.81182342071406,0.3561253561253562,80.79999999999998,True,False,False
20.0,0.03,200.0,6.0,462.2894025437411,0.3472222222222222,87.99999999999999,True,False,False
20.0,0.03,205.0,6.15,429.5939024716887,0.33875338753387535,95.19999999999996,True,False,False
20.0,0.03,210.0,6.3,401.49620709726815,0.3306878306878307,102.4,True,False,False
20.0,0.03,215.0,6.45,377.09017972824614,0.32299741602067183,109.60000000000001,True,False,False
20.0,0.03,220.0,6.6,355.69311463759686,0.3156565656565657,116.79999999999997,True,False,False
20.0,0.03,225.0,6.75,336.7808700090874,0.30864197530864196,123.99999999999997,True,False,False
20.0,0.03,230.0,6.9,319.9443595471216,0.30193236714975846,131.2,True,False,False
20.0,0.03,235.0,7.05,304.85962474015804,0.29550827423167847,138.4,True,False,False
20.0,0.03,240.0,7.2,291.26678678223493,0.2893518518518519,145.59999999999994,True,False,False
20.0,0.03,245.0,7.35,278.95494926013697,0.28344671201814065,152.79999999999998,True,False,False
20.0,0.03,250.0,7.5,267.7511771150278,0.2777777777777778,159.99999999999997,True,False,False
20.0,0.03,255.0,7.65,257.51232314509554,0.27233115468409586,167.19999999999996,True,False,False
20.0,0.03,260.0,7.8,248.11887913598335,0.2670940170940171,174.39999999999998,True,False,False
20.0,0.03,265.0,7.95,239.47028971790212,0.2620545073375262,181.59999999999994,True,False,False
20.0,0.03,270.0,8.1,231.48133847577614,0.257201646090535,188.8,True,False,False
20.0,0.03,275.0,8.25,224.07933059021457,0.2525252525252525,196.0,True,False,False
20.0,0.03,280.0,8.4,217.20187444457466,0.24801587301587302,203.2,True,False,False
20.0,0.03,285.0,8.55,210.79511871954904,0.24366471734892792,210.39999999999992,True,False,False
20.0,0.03,290.0,8.7,204.81233947632646,0.23946360153256704,217.59999999999994,True,False,False
20.0,0.03,295.0,8.85,199.21279876113945,0.23540489642184556,224.79999999999995,True,False,False
20.0,0.03,300.0,9.0,193.96081574551582,0.2314814814814815,232.00000000000003,True,False,False
20.0,0.04,10.0,0.4,nan,5.208333333333333,-180.8,False,False,False
20.0,0.04,15.0,0.6,nan,3.4722222222222223,-171.2,False,False,False
20.0,0.04,20.0,0.8,nan,2.6041666666666665,-161.6,False,False,False
20.0,0.04,25.0,1.0,nan,2.0833333333333335,-152.0,False,False,False
20.0,0.04,30.0,1.2,nan,1.7361111111111112,-142.4,False,False,False
20.0,0.04,35.0,1.4,nan,1.4880952380952377,-132.79999999999998,False,False,False
20.0,0.04,40.0,1.6,nan,1.3020833333333333,-123.2,False,False,False
20.0,0.04,45.0,1.8,nan,1.1574074074074072,-113.60000000000001,False,False,False
20.0,0.04,50.0,2.0,nan,1.0416666666666667,-104.0,False,False,False
20.0,0.04,55.0,2.2,nan,0.9469696969696969,-94.4,False,False,False
20.0,0.04,60.0,2.4,nan,0.8680555555555556,-84.80000000000001,False,False,False
20.0,0.04,65.0,2.6,nan,0.8012820512820511,-75.2,False,False,False
20.0,0.04,70.0,2.8,nan,0.7440476190476188,-65.6,False,False,False
20.0,0.04,75.0,3.0,nan,0.6944444444444444,-56.00000000000001,False,False,False
20.0,0.04,80.0,3.2,nan,0.6510416666666666,-46.4,False,False,False
20.0,0.04,85.0,3.4,nan,0.6127450980392156,-36.800000000000004,False,False,False
20.0,0.04,90.0,3.6,nan,0.5787037037037036,-27.20000000000002,False,False,False
20.0,0.04,95.0,3.8,nan,0.5482456140350876,-17.599999999999994,False,False,False
20.0,0.04,100.0,4.0,nan,0.5208333333333334,-8.000000000000007,False,False,False
20.0,0.04,105.0,4.2,23806.87645398932,0.49603174603174605,1.6000000000000014,True,False,False
20.0,0.04,110.0,4.4,3426.6814090765124,0.47348484848484845,11.20000000000001,True,False,False
20.0,0.04,115.0,4.6,1858.9740979293772,0.45289855072463764,20.799999999999972,True,False,False
20.0,0.04,120.0,4.8,1281.397720138324,0.4340277777777778,30.39999999999998,True,False,False
20.0,0.04,125.0,5.0,981.0580036869767,0.41666666666666663,39.99999999999999,True,False,False
20.0,0.04,130.0,5.2,796.9788226361511,0.40064102564102555,49.6,True,False,False
20.0,0.04,135.0,5.4,672.6009976018095,0.3858024691358024,59.20000000000001,True,False,False
20.0,0.04,140.0,5.6,582.9332632747261,0.3720238095238094,68.80000000000001,True,False,False
20.0,0.04,145.0,5.8,515.2249740889692,0.35919540229885055,78.39999999999999,True,False,False
20.0,0.04,150.0,6.0,462.2894025437411,0.3472222222222222,87.99999999999999,True,False,False
20.0,0.04,155.0,6.2,419.76738605659085,0.33602150537634407,97.59999999999995,True,False,False
20.0,0.04,160.0,6.4,384.8612531193776,0.3255208333333333,107.2,True,False,False
20.0,0.04,165.0,6.6,355.69311463759675,0.31565656565656564,116.80000000000001,True,False,False
20.0,0.04,170.0,6.8,330.9555794695043,0.3063725490196078,126.39999999999999,True,False,False
20.0,0.04,175.0,7.0,309.71040220749535,0.2976190476190476,136.0,True,False,False
20.0,0.04,180.0,7.2,291.26678678223493,0.2893518518518518,145.59999999999994,True,False,False
20.0,0.04,185.0,7.4,275.10485573948085,0.2815315315315315,155.2,True,False,False
20.0,0.04,190.0,7.6,260.8258681191836,0.2741228070175438,164.8,True,False,False
20.0,0.04,195.0,7.8,248.11887913598335,0.2670940170940171,174.39999999999998,True,False,False
20.0,0.04,200.0,8.0,236.73783682929087,0.2604166666666667,184.0,True,False,False
20.0,0.04,205.0,8.2,226.48549293317947,0.2540650406504065,193.6,True,False,False
20.0,0.04,210.0,8.4,217.20187444457466,0.24801587301587302,203.2,True,False,False
20.0,0.04,215.0,8.6,208.7558756692275,0.24224806201550392,212.8,True,False,False
20.0,0.04,220.0,8.8,201.03902786729154,0.23674242424242423,222.40000000000003,True,False,False
20.0,0.04,225.0,9.0,193.96081574551582,0.2314814814814815,232.00000000000003,True,False,False
20.0,0.04,230.0,9.2,187.44511054732496,0.22644927536231882,241.59999999999994,True,False,False
20.0,0.04,235.0,9.4,181.42742103307222,0.22163120567375888,251.19999999999996,True,False,False
20.0,0.04,240.0,9.6,175.85275160575833,0.2170138888888889,260.79999999999995,True,False,False
20.0,0.04,245.0,9.8,170.67391669399333,0.21258503401360546,270.4,True,False,False
20.0,0.04,250.0,10.0,165.85020189046367,0.20833333333333331,280.0,True,False,False
20.0,0.04,255.0,10.2,161.34629138330058,0.20424836601307186,289.6,True,True,False
20.0,0.04,260.0,10.4,157.1314018712496,0.20032051282051277,299.2,True,True,False
20.0,0.04,265.0,10.6,153.17857802834172,0.19654088050314464,308.8,True,True,False
20.0,0.04,270.0,10.8,149.46411542219204,0.1929012345679012,318.4,True,True,False
20.0,0.04,275.0,11.0,145.96708477347553,0.1893939393939394,328.0,True,True,False
20.0,0.04,280.0,11.2,142.66893738440166,0.1860119047619047,337.6000000000001,True,True,False
20.0,0.04,285.0,11.4,139.55317602606002,0.18274853801169588,347.19999999999993,True,True,False
20.0,0.04,290.0,11.6,136.60507895605963,0.17959770114942528,356.79999999999995,True,True,False
20.0,0.04,295.0,11.8,133.81146732204178,0.17655367231638416,366.3999999999999,True,True,False
20.0,0.04,300.0,12.0,131.160508196995,0.1736111111111111,376.0,True,True,False
20.0,0.05,10.0,0.5,nan,4.166666666666667,-176.0,False,False,False
20.0,0.05,15.0,0.75,nan,2.7777777777777777,-164.0,False,False,False
20.0,0.05,20.0,1.0,nan,2.0833333333333335,-152.0,False,False,False
20.0,0.05,25.0,1.25,nan,1.6666666666666665,-140.0,False,False,False
20.0,0.05,30.0,1.5,nan,1.3888888888888888,-128.0,False,False,False
20.0,0.05,35.0,1.75,nan,1.1904761904761905,-115.99999999999999,False,False,False
20.0,0.05,40.0,2.0,nan,1.0416666666666667,-104.0,False,False,False
20.0,0.05,45.0,2.25,nan,0.925925925925926,-92.00000000000001,False,False,False
20.0,0.05,50.0,2.5,nan,0.8333333333333333,-79.99999999999999,False,False,False
20.0,0.05,55.0,2.75,nan,0.7575757575757576,-68.0,False,False,False
20.0,0.05,60.0,3.0,nan,0.6944444444444444,-56.00000000000001,False,False,False
20.0,0.05,65.0,3.25,nan,0.641025641025641,-43.99999999999999,False,False,False
20.0,0.05,70.0,3.5,nan,0.5952380952380952,-31.999999999999986,False,False,False
20.0,0.05,75.0,3.75,nan,0.5555555555555556,-19.999999999999996,False,False,False
20.0,0.05,80.0,4.0,nan,0.5208333333333334,-8.000000000000007,False,False,False
20.0,0.05,85.0,4.25,9540.739922550354,0.49019607843137253,4.0000000000000036,True,False,False
20.0,0.05,90.0,4.5,2407.671656830879,0.462962962962963,15.99999999999997,True,False,False
20.0,0.05,95.0,4.75,1388.6619045852317,0.43859649122807015,28.000000000000025,True,False,False
20.0,0.05,100.0,5.0,981.0580036869758,0.41666666666666663,40.000000000000036,True,False,False
20.0,0.05,105.0,5.25,761.578980126377,0.3968253968253968,52.0,True,False,False
20.0,0.05,110.0,5.5,624.4045904010021,0.3787878787878788,64.00000000000001,True,False,False
20.0,0.05,115.0,5.75,530.5484290099563,0.3623188405797102,75.99999999999999,True,False,False
20.0,0.05,120.0,6.0,462.2894025437411,0.3472222222222222,87.99999999999999,True,False,False
20.0,0.05,125.0,6.25,410.41254242941756,0.3333333333333333,100.0,True,False,False
20.0,0.05,130.0,6.5,369.65215233959185,0.3205128205128205,112.00000000000001,True,False,False
20.0,0.05,135.0,6.75,336.78087000908727,0.30864197530864196,124.00000000000001,True,False,False
20.0,0.05,140.0,7.0,309.7104022074953,0.2976190476190476,136.00000000000003,True,False,False
20.0,0.05,145.0,7.25,287.0297399953507,0.28735632183908044,148.0,True,False,False
20.0,0.05,150.0,7.5,267.75117711502776,0.2777777777777778,160.0,True,False,False
20.0,0.05,155.0,7.75,251.16264626451735,0.2688172043010753,171.99999999999997,True,False,False
20.0,0.05,160.0,8.0,236.73783682929087,0.2604166666666667,184.0,True,False,False
20.0,0.05,165.0,8.25,224.07933059021454,0.2525252525252525,196.00000000000003,True,False,False
20.0,0.05,170.0,8.5,212.88142122487787,0.24509803921568626,208.0,True,False,False
20.0,0.05,175.0,8.75,202.9051019721233,0.23809523809523808,220.00000000000003,True,False,False
20.0,0.05,180.0,9.0,193.96081574551587,0.2314814814814815,231.99999999999994,True,False,False
20.0,0.05,185.0,9.25,185.89629537726316,0.2252252252252252,244.00000000000003,True,False,False
20.0,0.05,190.0,9.5,178.5878237935341,0.21929824561403508,256.00000000000006,True,False,False
20.0,0.05,195.0,9.75,171.93384220237797,0.2136752136752137,267.99999999999994,True,False,False
20.0,0.05,200.0,10.0,165.85020189046364,0.20833333333333331,280.00000000000006,True,False,False
20.0,0.05,205.0,10.25,160.26658680966563,0.2032520325203252,292.0,True,True,False
20.0,0.05,210.0,10.5,155.1237834457727,0.1984126984126984,304.0,True,True,False
20.0,0.05,215.0,10.75,150.3715727424286,0.19379844961240308,316.0,True,True,False
20.0,0.05,220.0,11.0,145.96708477347553,0.1893939393939394,328.0,True,True,False
20.0,0.05,225.0,11.25,141.87350183762499,0.18518518518518517,340.00000000000006,True,True,False
20.0,0.05,230.0,11.5,138.0590268292189,0.1811594202898551,351.99999999999994,True,True,False
20.0,0.05,235.0,11.75,134.4960556675208,0.17730496453900707,364.00000000000006,True,True,False
20.0,0.05,240.0,12.0,131.160508196995,0.1736111111111111,376.0,True,True,False
20.0,0.05,245.0,12.25,128.03128325041925,0.17006802721088435,388.0,True,True,False
20.0,0.05,250.0,12.5,125.089811800638,0.16666666666666666,400.0,True,True,False
20.0,0.05,255.0,12.75,122.31968820230034,0.16339869281045752,412.0,True,True,False
20.0,0.05,260.0,13.0,119.7063640529252,0.16025641025641024,424.0,True,True,False
20.0,0.05,265.0,13.25,117.23689260902023,0.15723270440251574,435.99999999999994,True,True,False
20.0,0.05,270.0,13.5,114.89971427818159,0.15432098765432098,448.00000000000006,True,True,False
20.0,0.05,275.0,13.75,112.68447568634323,0.1515151515151515,460.00000000000006,True,True,False
20.0,0.05,280.0,14.0,110.58187634493734,0.1488095238095238,472.00000000000006,True,True,False
20.0,0.05,285.0,14.25,108.58353812789869,0.14619883040935672,484.0,True,True,False
20.0,0.05,290.0,14.5,106.68189369555546,0.14367816091954022,496.0,True,True,False
20.0,0.05,295.0,14.75,104.87009073245677,0.14124293785310735,508.0,True,True,False
20.0,0.05,300.0,15.0,103.14190944457806,0.1388888888888889,520.0,True,True,False
20.0,0.06,10.0,0.6,nan,3.4722222222222223,-171.2,False,False,False
20.0,0.06,15.0,0.9,nan,2.3148148148148153,-156.8,False,False,False
20.0,0.06,20.0,1.2,nan,1.7361111111111112,-142.4,False,False,False
20.0,0.06,25.0,1.5,nan,1.3888888888888888,-128.0,False,False,False
20.0,0.06,30.0,1.8,nan,1.1574074074074077,-113.60000000000001,False,False,False
20.0,0.06,35.0,2.1,nan,0.9920634920634921,-99.2,False,False,False
20.0,0.06,40.0,2.4,nan,0.8680555555555556,-84.80000000000001,False,False,False
20.0,0.06,45.0,2.7,nan,0.7716049382716049,-70.40000000000002,False,False,False
20.0,0.06,50.0,3.0,nan,0.6944444444444444,-56.00000000000001,False,False,False
20.0,0.06,55.0,3.3,nan,0.6313131313131314,-41.600000000000016,False,False,False
20.0,0.06,60.0,3.6,nan,0.5787037037037038,-27.20000000000002,False,False,False
20.0,0.06,65.0,3.9,nan,0.5341880341880342,-12.800000000000011,False,False,False
20.0,0.06,70.0,4.2,23806.87645398932,0.49603174603174605,1.6000000000000014,True,False,False
20.0,0.06,75.0,4.5,2407.671656830872,0.462962962962963,16.000000000000014,True,False,False
20.0,0.06,80.0,4.8,1281.397720138324,0.4340277777777778,30.39999999999998,True,False,False
20.0,0.06,85.0,5.1,879.1570284624128,0.4084967320261438,44.79999999999999,True,False,False
20.0,0.06,90.0,5.4,672.6009976018098,0.38580246913580246,59.19999999999996,True,False,False
20.0,0.06,95.0,5.7,546.8712396866601,0.36549707602339176,73.59999999999997,True,False,False
20.0,0.06,100.0,6.0,462.2894025437411,0.3472222222222222,87.99999999999999,True,False,False
20.0,0.06,105.0,6.3,401.49620709726815,0.3306878306878307,102.4,True,False,False
20.0,0.06,110.0,6.6,355.69311463759686,0.3156565656565657,116.79999999999997,True,False,False
20.0,0.06,115.0,6.9,319.9443595471216,0.30193236714975846,131.2,True,False,False
20.0,0.06,120.0,7.2,291.26678678223493,0.2893518518518519,145.59999999999994,True,False,False
20.0,0.06,125.0,7.5,267.7511771150278,0.2777777777777778,159.99999999999997,True,False,False
20.0,0.06,130.0,7.8,248.11887913598335,0.2670940170940171,174.39999999999998,True,False,False
20.0,0.06,135.0,8.1,231.48133847577614,0.257201646090535,188.8,True,False,False
20.0,0.06,140.0,8.4,217.20187444457466,0.24801587301587302,203.2,True,False,False
20.0,0.06,145.0,8.7,204.81233947632646,0.23946360153256704,217.59999999999994,True,False,False
20.0,0.06,150.0,9.0,193.96081574551582,0.2314814814814815,232.00000000000003,True,False,False
20.0,0.06,155.0,9.3,184.3776519312935,0.22401433691756276,246.39999999999995,True,False,False
20.0,0.06,160.0,9.6,175.85275160575833,0.2170138888888889,260.79999999999995,True,False,False
20.0,0.06,165.0,9.9,168.21999201196516,0.2104377104377104,275.2,True,False,False
20.0,0.06,170.0,10.2,161.34629138330058,0.2042483660130719,289.6,True,True,False
20.0,0.06,175.0,10.5,155.1237834457727,0.1984126984126984,304.0,True,True,False
20.0,0.06,180.0,10.8,149.46411542219204,0.19290123456790123,318.3999999999999,True,True,False
20.0,0.06,185.0,11.1,144.29422636219053,0.1876876876876877,332.79999999999995,True,True,False
20.0,0.06,190.0,11.4,139.55317602606002,0.18274853801169588,347.19999999999993,True,True,False
20.0,0.06,195.0,11.7,135.18973146891338,0.1780626780626781,361.59999999999997,True,True,False
20.0,0.06,200.0,12.0,131.160508196995,0.1736111111111111,376.0,True,True,False
20.0,0.06,205.0,12.3,127.42852270743131,0.16937669376693767,390.39999999999986,True,True,False
20.0,0.06,210.0,12.6,123.96205397206577,0.16534391534391535,404.8,True,True,False
20.0,0.06,215.0,12.9,120.73373957729785,0.16149870801033592,419.2,True,True,False
20.0,0.06,220.0,13.2,117.71985196889831,0.15782828282828285,433.59999999999997,True,True,False
20.0,0.06,225.0,13.5,114.89971427818158,0.15432098765432098,447.99999999999994,True,True,False
20.0,0.06,230.0,13.8,112.25522530176558,0.15096618357487923,462.3999999999999,True,True,False
20.0,0.06,235.0,14.1,109.77047055882434,0.14775413711583923,476.8,True,True,False
20.0,0.06,240.0,14.4,107.43140176172334,0.14467592592592596,491.1999999999999,True,True,False
20.0,0.06,245.0,14.7,105.22557106065972,0.14172335600907032,505.59999999999997,True,True,False
20.0,0.06,250.0,15.0,103.14190944457806,0.1388888888888889,519.9999999999999,True,True,False
20.0,0.06,255.0,15.3,101.17054096948286,0.13616557734204793,534.4,True,True,False
20.0,0.06,260.0,15.6,99.30262623360545,0.13354700854700854,548.8,True,True,True
20.0,0.06,265.0,15.9,97.53022986490363,0.1310272536687631,563.1999999999999,True,True,True
20.0,0.06,270.0,16.2,95.84620783037529,0.1286008230452675,577.6,True,True,True
20.0,0.06,275.0,16.5,94.24411119212131,0.12626262626262624,592.0,True,True,True
20.0,0.06,280.0,16.8,92.7181035762646,0.12400793650793651,606.4,True,True,True
20.0,0.06,285.0,17.1,91.26289012815386,0.12183235867446396,620.7999999999998,True,True,True
20.0,0.06,290.0,17.4,89.87365613109091,0.11973180076628352,635.1999999999999,True,True,True
20.0,0.06,295.0,17.7,88.5460137890702,0.11770244821092278,649.5999999999999,True,True,True
20.0,0.06,300.0,18.0,87.27595593417325,0.11574074074074076,664.0,True,True,True
20.0,0.07,10.0,0.7,nan,2.9761904761904754,-166.4,False,False,False
20.0,0.07,15.0,1.05,nan,1.9841269841269842,-149.6,False,False,False
20.0,0.07,20.0,1.4,nan,1.4880952380952377,-132.79999999999998,False,False,False
20.0,0.07,25.0,1.75,nan,1.1904761904761905,-115.99999999999999,False,False,False
20.0,0.07,30.0,2.1,nan,0.9920634920634921,-99.2,False,False,False
20.0,0.07,35.0,2.45,nan,0.8503401360544218,-82.39999999999999,False,False,False
20.0,0.07,40.0,2.8,nan,0.7440476190476188,-65.6,False,False,False
20.0,0.07,45.0,3.15,nan,0.6613756613756613,-48.8,False,False,False
20.0,0.07,50.0,3.5,nan,0.5952380952380952,-31.999999999999986,False,False,False
20.0,0.07,55.0,3.85,nan,0.5411255411255411,-15.19999999999999,False,False,False
20.0,0.07,60.0,4.2,23806.87645398932,0.49603174603174605,1.6000000000000014,True,False,False
20.0,0.07,65.0,4.55,2097.5382539735037,0.45787545787545775,18.400000000000016,True,False,False
20.0,0.07,70.0,4.9,1110.7501539727843,0.4251700680272109,35.20000000000003,True,False,False
20.0,0.07,75.0,5.25,761.5789801263763,0.39682539682539675,52.00000000000004,True,False,False
20.0,0.07,80.0,5.6,582.9332632747261,0.3720238095238094,68.80000000000001,True,False,False
20.0,0.07,85.0,5.95,474.4101642526953,0.350140056022409,85.59999999999998,True,False,False
20.0,0.07,90.0,6.3,401.49620709726815,0.33068783068783064,102.4,True,False,False
20.0,0.07,95.0,6.65,349.1351774621627,0.3132832080200501,119.20000000000006,True,False,False
20.0,0.07,100.0,7.0,309.7104022074953,0.2976190476190476,136.00000000000003,True,False,False
20.0,0.07,105.0,7.35,278.9549492601369,0.28344671201814053,152.8,True,False,False
20.0,0.07,110.0,7.7,254.29255774574565,0.27056277056277056,169.60000000000002,True,False,False
20.0,0.07,115.0,8.05,234.07574753437785,0.25879917184265006,186.4,True,False,False
20.0,0.07,120.0,8.4,217.20187444457466,0.24801587301587302,203.2,True,False,False
20.0,0.07,125.0,8.75,202.9051019721233,0.23809523809523808,220.00000000000003,True,False,False
20.0,0.07,130.0,9.1,190.63692559373598,0.22893772893772887,236.80000000000004,True,False,False
20.0,0.07,135.0,9.45,179.9941858333053,0.2204585537918871,253.60000000000005,True,False,False
20.0,0.07,140.0,9.8,170.6739166939933,0.21258503401360546,270.40000000000003,True,False,False
20.0,0.07,145.0,10.15,162.44404115872334,0.20525451559934318,287.2,True,True,False
20.0,0.07,150.0,10.5,155.12378344577263,0.19841269841269837,304.0000000000001,True,True,False
20.0,0.07,155.0,10.85,148.5702360169715,0.1920122887864823,320.8,True,True,False
20.0,0.07,160.0,11.2,142.66893738440166,0.1860119047619047,337.6000000000001,True,True,False
20.0,0.07,165.0,11.55,137.3271298185766,0.18037518037518036,354.40000000000003,True,True,False
20.0,0.07,170.0,11.9,132.46884793758917,0.1750700280112045,371.2,True,True,False
20.0,0.07,175.0,12.25,128.03128325041925,0.17006802721088432,388.00000000000006,True,True,False
20.0,0.07,180.0,12.6,123.96205397206577,0.16534391534391532,404.8,True,True,False
20.0,0.07,185.0,12.95,120.21712759635145,0.16087516087516085,421.6,True,True,False
20.0,0.07,190.0,13.3,116.75922112534516,0.15664160401002505,438.4000000000001,True,True,False
20.0,0.07,195.0,13.65,113.55655555378047,0.15262515262515258,455.20000000000005,True,True,False
20.0,0.07,200.0,14.0,110.58187634493734,0.1488095238095238,472.00000000000006,True,True,False
20.0,0.07,205.0,14.35,107.81167590331421,0.1451800232288037,488.8,True,True,False
20.0,0.07,210.0,14.7,105.22557106065968,0.14172335600907027,505.6,True,True,False
20.0,0.07,215.0,15.05,102.80580067955414,0.13842746400885936,522.4000000000001,True,True,False
20.0,0.07,220.0,15.4,100.53681717679645,0.13528138528138528,539.2,True,True,False
20.0,0.07,225.0,15.75,98.40495210154353,0.13227513227513224,556.0,True,True,True
20.0,0.07,230.0,16.1,96.39814056422442,0.12939958592132503,572.8,True,True,True
20.0,0.07,235.0,16.45,94.5056927780144,0.1266464032421479,589.6000000000001,True,True,True
20.0,0.07,240.0,16.8,92.7181035762646,0.12400793650793651,606.4,True,True,True
20.0,0.07,245.0,17.15,91.02689273969256,0.1214771622934888,623.2000000000002,True,True,True
20.0,0.07,250.0,17.5,89.42447047204055,0.11904761904761904,640.0,True,True,True
20.0,0.07,255.0,17.85,87.90402352136955,0.11671335200746964,656.8,True,True,True
20.0,0.07,260.0,18.2,86.45941834258473,0.11446886446886444,673.6000000000001,True,True,True
20.0,0.07,265.0,18.55,85.08511839845687,0.11230907457322549,690.4,True,True,True
20.0,0.07,270.0,18.9,83.77611324805454,0.11022927689594356,707.2000000000002,True,True,True
20.0,0.07,275.0,19.25,82.52785750794715,0.1082251082251082,724.0,True,True,True
20.0,0.07,280.0,19.6,81.3362181189029,0.10629251700680273,740.8000000000001,True,True,True
20.0,0.07,285.0,19.95,80.19742862884482,0.10442773600668337,757.6,True,True,True
20.0,0.07,290.0,20.3,79.10804942657849,0.10262725779967159,774.4,True,True,True
20.0,0.07,295.0,20.65,78.06493304179972,0.10088781275221953,791.2000000000002,True,True,True
20.0,0.07,300.0,21.0,77.06519377401175,0.09920634920634919,808.0000000000002,True,True,True
20.0,0.08,10.0,0.8,nan,2.6041666666666665,-161.6,False,False,False
20.0,0.08,15.0,1.2,nan,1.7361111111111112,-142.4,False,False,False
20.0,0.08,20.0,1.6,nan,1.3020833333333333,-123.2,False,False,False
20.0,0.08,25.0,2.0,nan,1.0416666666666667,-104.0,False,False,False
20.0,0.08,30.0,2.4,nan,0.8680555555555556,-84.80000000000001,False,False,False
20.0,0.08,35.0,2.8,nan,0.7440476190476188,-65.6,False,False,False
20.0,0.08,40.0,3.2,nan,0.6510416666666666,-46.4,False,False,False
20.0,0.08,45.0,3.6,nan,0.5787037037037036,-27.20000000000002,False,False,False
20.0,0.08,50.0,4.0,nan,0.5208333333333334,-8.000000000000007,False,False,False
20.0,0.08,55.0,4.4,3426.6814090765124,0.47348484848484845,11.20000000000001,True,False,False
20.0,0.08,60.0,4.8,1281.397720138324,0.4340277777777778,30.39999999999998,True,False,False
20.0,0.08,65.0,5.2,796.9788226361511,0.40064102564102555,49.6,True,False,False
20.0,0.08,70.0,5.6,582.9332632747261,0.3720238095238094,68.80000000000001,True,False,False
20.0,0.08,75.0,6.0,462.2894025437411,0.3472222222222222,87.99999999999999,True,False,False
20.0,0.08,80.0,6.4,384.8612531193776,0.3255208333333333,107.2,True,False,False
20.0,0.08,85.0,6.8,330.9555794695043,0.3063725490196078,126.39999999999999,True,False,False
20.0,0.08,90.0,7.2,291.26678678223493,0.2893518518518518,145.59999999999994,True,False,False
20.0,0.08,95.0,7.6,260.8258681191836,0.2741228070175438,164.8,True,False,False
20.0,0.08,100.0,8.0,236.73783682929087,0.2604166666666667,184.0,True,False,False
20.0,0.08,105.0,8.4,217.20187444457466,0.24801587301587302,203.2,True,False,False
20.0,0.08,110.0,8.8,201.03902786729154,0.23674242424242423,222.40000000000003,True,False,False
20.0,0.08,115.0,9.2,187.44511054732496,0.22644927536231882,241.59999999999994,True,False,False
20.0,0.08,120.0,9.6,175.85275160575833,0.2170138888888889,260.79999999999995,True,False,False
20.0,0.08,125.0,10.0,165.85020189046367,0.20833333333333331,280.0,True,False,False
20.0,0.08,130.0,10.4,157.1314018712496,0.20032051282051277,299.2,True,True,False
20.0,0.08,135.0,10.8,149.46411542219204,0.1929012345679012,318.4,True,True,False
20.0,0.08,140.0,11.2,142.66893738440166,0.1860119047619047,337.6000000000001,True,True,False
20.0,0.08,145.0,11.6,136.60507895605963,0.17959770114942528,356.79999999999995,True,True,False
20.0,0.08,150.0,12.0,131.160508196995,0.1736111111111111,376.0,True,True,False
20.0,0.08,155.0,12.4,126.24496455622013,0.16801075268817203,395.1999999999999,True,True,False
20.0,0.08,160.0,12.8,121.78491530686837,0.16276041666666666,414.4,True,True,False
20.0,0.08,165.0,13.2,117.7198519688983,0.15782828282828282,433.6000000000001,True,True,False
20.0,0.08,170.0,13.6,113.99952898467838,0.1531862745098039,452.79999999999995,True,True,False
20.0,0.08,175.0,14.0,110.58187634493734,0.1488095238095238,472.0,True,True,False
20.0,0.08,180.0,14.4,107.43140176172334,0.1446759259259259,491.1999999999999,True,True,False
20.0,0.08,185.0,14.8,104.51795347944073,0.14076576576576574,510.4,True,True,False
20.0,0.08,190.0,15.2,101.81575220252003,0.1370614035087719,529.6,True,True,False
20.0,0.08,195.0,15.6,99.30262623360545,0.13354700854700854,548.8,True,True,True
20.0,0.08,200.0,16.0,96.95940173864565,0.13020833333333334,568.0,True,True,True
20.0,0.08,205.0,16.4,94.76941263300203,0.12703252032520326,587.2,True,True,True
20.0,0.08,210.0,16.8,92.7181035762646,0.12400793650793651,606.4,True,True,True
20.0,0.08,215.0,17.2,90.7927060728819,0.12112403100775196,625.6,True,True,True
20.0,0.08,220.0,17.6,88.98197244066839,0.11837121212121211,644.8,True,True,True
20.0,0.08,225.0,18.0,87.27595593417325,0.11574074074074076,664.0,True,True,True
20.0,0.08,230.0,18.4,85.66582794326565,0.11322463768115941,683.1999999999999,True,True,True
20.0,0.08,235.0,18.8,84.14372517281772,0.11081560283687944,702.3999999999999,True,True,True
20.0,0.08,240.0,19.2,82.70262121942244,0.10850694444444445,721.5999999999999,True,True,True
20.0,0.08,245.0,19.6,81.33621811890292,0.10629251700680273,740.8,True,True,True
20.0,0.08,250.0,20.0,80.03885433293597,0.10416666666666666,760.0,True,True,True
20.0,0.08,255.0,20.4,78.80542633929593,0.10212418300653593,779.2,True,True,True
20.0,0.08,260.0,20.8,77.63132153573078,0.10016025641025639,798.4,True,True,True
20.0,0.08,265.0,21.2,76.51236059769512,0.09827044025157232,817.6,True,True,True
20.0,0.08,270.0,21.6,75.4447477715387,0.0964506172839506,836.8,True,True,True
20.0,0.08,275.0,22.0,74.42502785720987,0.0946969696969697,856.0,True,True,True
20.0,0.08,280.0,22.4,73.45004885319892,0.09300595238095236,875.2000000000002,True,True,True
20.0,0.08,285.0,22.8,72.51692941286646,0.09137426900584794,894.3999999999999,True,True,True
20.0,0.08,290.0,23.2,71.62303040435184,0.08979885057471264,913.5999999999999,True,True,True
20.0,0.08,295.0,23.6,70.76592998280863,0.08827683615819208,932.7999999999998,True,True,True
20.0,0.08,300.0,24.0,69.9434016791092,0.08680555555555555,952.0,True,True,True
20.0,0.09,10.0,0.9,nan,2.3148148148148144,-156.8,False,False,False
20.0,0.09,15.0,1.35,nan,1.5432098765432096,-135.2,False,False,False
20.0,0.09,20.0,1.8,nan,1.1574074074074072,-113.59999999999998,False,False,False
20.0,0.09,25.0,2.25,nan,0.9259259259259257,-92.0,False,False,False
20.0,0.09,30.0,2.7,nan,0.7716049382716048,-70.4,False,False,False
20.0,0.09,35.0,3.15,nan,0.6613756613756613,-48.799999999999976,False,False,False
20.0,0.09,40.0,3.6,nan,0.5787037037037036,-27.19999999999998,False,False,False
20.0,0.09,45.0,4.05,nan,0.51440329218107,-5.600000000000005,False,False,False
20.0,0.09,50.0,4.5,2407.671656830872,0.46296296296296285,16.000000000000014,True,False,False
20.0,0.09,55.0,4.95,1041.7649676505462,0.4208754208754208,37.60000000000003,True,False,False
20.0,0.09,60.0,5.4,672.6009976018095,0.3858024691358024,59.20000000000001,True,False,False
20.0,0.09,65.0,5.85,500.8118234207138,0.3561253561253561,80.80000000000003,True,False,False
20.0,0.09,70.0,6.3,401.49620709726804,0.33068783068783064,102.40000000000005,True,False,False
20.0,0.09,75.0,6.75,336.78087000908727,0.3086419753086419,124.00000000000001,True,False,False
20.0,0.09,80.0,7.2,291.2667867822348,0.2893518518518518,145.60000000000002,True,False,False
20.0,0.09,85.0,7.65,257.5123231450954,0.2723311546840958,167.20000000000002,True,False,False
20.0,0.09,90.0,8.1,231.48133847577614,0.257201646090535,188.8,True,False,False
20.0,0.09,95.0,8.55,210.7951187195489,0.24366471734892786,210.4000000000001,True,False,False
20.0,0.09,100.0,9.0,193.96081574551582,0.23148148148148143,232.00000000000003,True,False,False
20.0,0.09,105.0,9.45,179.9941858333053,0.2204585537918871,253.60000000000005,True,False,False
20.0,0.09,110.0,9.9,168.21999201196513,0.2104377104377104,275.20000000000005,True,False,False
20.0,0.09,115.0,10.35,158.1595622508739,0.20128824476650561,296.8,True,True,False
20.0,0.09,120.0,10.8,149.46411542219204,0.1929012345679012,318.4,True,True,False
20.0,0.09,125.0,11.25,141.87350183762499,0.18518518518518515,340.00000000000006,True,True,False
20.0,0.09,130.0,11.7,135.18973146891335,0.17806267806267806,361.6000000000001,True,True,False
20.0,0.09,135.0,12.15,129.259455045735,0.17146776406035663,383.20000000000005,True,True,False
20.0,0.09,140.0,12.6,123.96205397206572,0.16534391534391532,404.8000000000001,True,True,False
20.0,0.09,145.0,13.05,119.20135019291459,0.15964240102171137,426.4,True,True,False
20.0,0.09,150.0,13.5,114.89971427818159,0.15432098765432095,448.00000000000006,True,True,False
20.0,0.09,155.0,13.95,110.99379955492319,0.1493428912783751,469.6,True,True,False
20.0,0.09,160.0,14.4,107.43140176172328,0.1446759259259259,491.20000000000005,True,True,False
20.0,0.09,165.0,14.85,104.16911236295839,0.14029180695847362,512.8000000000001,True,True,False
20.0,0.09,170.0,15.3,101.17054096948283,0.1361655773420479,534.4000000000001,True,True,False
20.0,0.09,175.0,15.75,98.40495210154353,0.13227513227513224,556.0,True,True,True
20.0,0.09,180.0,16.2,95.84620783037529,0.1286008230452675,577.6,True,True,True
20.0,0.09,185.0,16.65,93.47193911413771,0.1251251251251251,599.2000000000002,True,True,True
20.0,0.09,190.0,17.1,91.26289012815381,0.12183235867446393,620.8000000000002,True,True,True
20.0,0.09,195.0,17.55,89.20239487223608,0.11870845204178539,642.4000000000001,True,True,True
20.0,0.09,200.0,18.0,87.27595593417325,0.11574074074074071,664.0,True,True,True
20.0,0.09,205.0,18.45,85.47090288018903,0.1129177958446251,685.6,True,True,True
20.0,0.09,210.0,18.9,83.77611324805454,0.11022927689594356,707.2000000000002,True,True,True
20.0,0.09,215.0,19.35,82.18178315503667,0.10766580534022392,728.8000000000002,True,True,True
20.0,0.09,220.0,19.8,80.67923752366379,0.1052188552188552,750.4000000000001,True,True,True
20.0,0.09,225.0,20.25,79.26077216596356,0.10288065843621397,772.0000000000001,True,True,True
20.0,0.09,230.0,20.7,77.91952165636398,0.10064412238325281,793.6,True,True,True
20.0,0.09,235.0,21.15,76.64934821007975,0.09850275807722615,815.2000000000002,True,True,True
20.0,0.09,240.0,21.6,75.4447477715387,0.0964506172839506,836.8,True,True,True
20.0,0.09,245.0,22.05,74.3007702814424,0.09448223733938017,858.4000000000001,True,True,True
20.0,0.09,250.0,22.5,73.21295168631445,0.09259259259259257,880.0000000000001,True,True,True
20.0,0.09,255.0,22.95,72.17725572129913,0.09077705156136527,901.6,True,True,True
20.0,0.09,260.0,23.4,71.19002386556527,0.08903133903133903,923.2000000000002,True,True,True
20.0,0.09,265.0,23.85,70.24793216242213,0.08735150244584207,944.8,True,True,True
20.0,0.09,270.0,24.3,69.34795383011485,0.08573388203017832,966.4000000000001,True,True,True
20.0,0.09,275.0,24.75,68.48732677711493,0.08417508417508415,988.0000000000001,True,True,True
20.0,0.09,280.0,25.2,67.66352528739712,0.08267195767195766,1009.6000000000003,True,True,True
20.0,0.09,285.0,25.65,66.87423526427726,0.08122157244964262,1031.1999999999998,True,True,True
20.0,0.09,290.0,26.1,66.11733252174133,0.07982120051085569,1052.8,True,True,True
20.0,0.09,295.0,26.55,65.39086369439299,0.07846829880728184,1074.4000000000003,True,True,True
20.0,0.09,300.0,27.0,64.69302940476497,0.07716049382716048,1096.0,True,True,True
20.0,0.1,10.0,1.0,nan,2.0833333333333335,-152.0,False,False,False
20.0,0.1,15.0,1.5,nan,1.3888888888888888,-128.0,False,False,False
20.0,0.1,20.0,2.0,nan,1.0416666666666667,-104.0,False,False,False
20.0,0.1,25.0,2.5,nan,0.8333333333333333,-79.99999999999999,False,False,False
20.0,0.1,30.0,3.0,nan,0.6944444444444444,-56.00000000000001,False,False,False
20.0,0.1,35.0,3.5,nan,0.5952380952380952,-31.999999999999986,False,False,False
20.0,0.1,40.0,4.0,nan,0.5208333333333334,-8.000000000000007,False,False,False
20.0,0.1,45.0,4.5,2407.671656830879,0.462962962962963,15.99999999999997,True,False,False
20.0,0.1,50.0,5.0,981.0580036869758,0.41666666666666663,40.000000000000036,True,False,False
20.0,0.1,55.0,5.5,624.4045904010021,0.3787878787878788,64.00000000000001,True,False,False
20.0,0.1,60.0,6.0,462.2894025437411,0.3472222222222222,87.99999999999999,True,False,False
20.0,0.1,65.0,6.5,369.65215233959185,0.3205128205128205,112.00000000000001,True,False,False
20.0,0.1,70.0,7.0,309.7104022074953,0.2976190476190476,136.00000000000003,True,False,False
20.0,0.1,75.0,7.5,267.75117711502776,0.2777777777777778,160.0,True,False,False
20.0,0.1,80.0,8.0,236.73783682929087,0.2604166666666667,184.0,True,False,False
20.0,0.1,85.0,8.5,212.88142122487787,0.24509803921568626,208.0,True,False,False
20.0,0.1,90.0,9.0,193.96081574551587,0.2314814814814815,231.99999999999994,True,False,False
20.0,0.1,95.0,9.5,178.5878237935341,0.21929824561403508,256.00000000000006,True,False,False
20.0,0.1,100.0,10.0,165.85020189046364,0.20833333333333331,280.00000000000006,True,False,False
20.0,0.1,105.0,10.5,155.1237834457727,0.1984126984126984,304.0,True,True,False
20.0,0.1,110.0,11.0,145.96708477347553,0.1893939393939394,328.0,True,True,False
20.0,0.1,115.0,11.5,138.0590268292189,0.1811594202898551,351.99999999999994,True,True,False
20.0,0.1,120.0,12.0,131.160508196995,0.1736111111111111,376.0,True,True,False
20.0,0.1,125.0,12.5,125.089811800638,0.16666666666666666,400.0,True,True,False
20.0,0.1,130.0,13.0,119.7063640529252,0.16025641025641024,424.0,True,True,False
20.0,0.1,135.0,13.5,114.89971427818159,0.15432098765432098,448.00000000000006,True,True,False
20.0,0.1,140.0,14.0,110.58187634493734,0.1488095238095238,472.00000000000006,True,True,False
20.0,0.1,145.0,14.5,106.68189369555546,0.14367816091954022,496.0,True,True,False
20.0,0.1,150.0,15.0,103.14190944457806,0.1388888888888889,520.0,True,True,False
20.0,0.1,155.0,15.5,99.91427674515745,0.13440860215053765,544.0,True,True,True
20.0,0.1,160.0,16.0,96.95940173864565,0.13020833333333334,568.0,True,True,True
20.0,0.1,165.0,16.5,94.24411119212128,0.12626262626262624,592.0000000000001,True,True,True
20.0,0.1,170.0,17.0,91.74040172714429,0.12254901960784313,616.0,True,True,True
20.0,0.1,175.0,17.5,89.42447047204055,0.11904761904761904,640.0,True,True,True
20.0,0.1,180.0,18.0,87.27595593417325,0.11574074074074076,663.9999999999999,True,True,True
20.0,0.1,185.0,18.5,85.27733775941294,0.1126126126126126,688.0000000000001,True,True,True
20.0,0.1,190.0,19.0,83.41345788856907,0.10964912280701754,712.0000000000001,True,True,True
20.0,0.1,195.0,19.5,81.67113540060635,0.10683760683760685,736.0,True,True,True
20.0,0.1,200.0,20.0,80.03885433293595,0.10416666666666666,760.0000000000001,True,True,True
20.0,0.1,205.0,20.5,78.50650884083727,0.1016260162601626,784.0,True,True,True
20.0,0.1,210.0,21.0,77.06519377401175,0.0992063492063492,808.0,True,True,True
20.0,0.1,215.0,21.5,75.70703149950309,0.09689922480620154,832.0,True,True,True
20.0,0.1,220.0,22.0,74.42502785720987,0.0946969696969697,856.0,True,True,True
20.0,0.1,225.0,22.5,73.21295168631445,0.09259259259259259,880.0000000000001,True,True,True
20.0,0.1,230.0,23.0,72.06523354219226,0.09057971014492755,903.9999999999999,True,True,True
20.0,0.1,235.0,23.5,70.97688012966258,0.08865248226950354,928.0000000000001,True,True,True
20.0,0.1,240.0,24.0,69.9434016791092,0.08680555555555555,952.0,True,True,True
20.0,0.1,245.0,24.5,68.96075003759942,0.08503401360544217,976.0,True,True,True
20.0,0.1,250.0,25.0,68.02526567488209,0.08333333333333333,1000.0,True,True,True
20.0,0.1,255.0,25.5,67.13363214166716,0.08169934640522876,1024.0,True,True,True
20.0,0.1,260.0,26.0,66.28283678554604,0.08012820512820512,1048.0,True,True,True
20.0,0.1,265.0,26.5,65.47013674387811,0.07861635220125787,1071.9999999999998,True,True,True
20.0,0.1,270.0,27.0,64.69302940476497,0.07716049382716049,1096.0,True,True,True
20.0,0.1,275.0,27.5,63.94922666589954,0.07575757575757575,1120.0,True,True,True
20.0,0.1,280.0,28.0,63.23663243355991,0.0744047619047619,1144.0000000000002,True,True,True
20.0,0.1,285.0,28.5,62.55332289570003,0.07309941520467836,1168.0,True,True,True
20.0,0.1,290.0,29.0,61.897529178156624,0.07183908045977011,1192.0,True,True,True
20.0,0.1,295.0,29.5,61.2676220547268,0.07062146892655367,1216.0,True,True,True
20.0,0.1,300.0,30.0,60.66209843284908,0.06944444444444445,1240.0,True,True,True
20.0,0.11,10.0,1.1,nan,1.8939393939393938,-147.2,False,False,False
20.0,0.11,15.0,1.65,nan,1.2626262626262628,-120.80000000000001,False,False,False
20.0,0.11,20.0,2.2,nan,0.9469696969696969,-94.4,False,False,False
20.0,0.11,25.0,2.75,nan,0.7575757575757576,-68.0,False,False,False
20.0,0.11,30.0,3.3,nan,0.6313131313131314,-41.600000000000016,False,False,False
20.0,0.11,35.0,3.85,nan,0.5411255411255411,-15.19999999999999,False,False,False
20.0,0.11,40.0,4.4,3426.6814090765124,0.47348484848484845,11.20000000000001,True,False,False
20.0,0.11,45.0,4.95,1041.7649676505469,0.4208754208754208,37.599999999999994,True,False,False
20.0,0.11,50.0,5.5,624.4045904010021,0.3787878787878788,64.00000000000001,True,False,False
20.0,0.11,55.0,6.05,450.8122211025191,0.34435261707988984,90.39999999999999,True,False,False
20.0,0.11,60.0,6.6,355.69311463759686,0.3156565656565657,116.79999999999997,True,False,False
20.0,0.11,65.0,7.15,295.6458574837632,0.29137529137529133,143.2,True,False,False
20.0,0.11,70.0,7.7,254.29255774574565,0.27056277056277056,169.60000000000002,True,False,False
20.0,0.11,75.0,8.25,224.07933059021457,0.2525252525252525,196.0,True,False,False
20.0,0.11,80.0,8.8,201.03902786729154,0.23674242424242423,222.40000000000003,True,False,False
20.0,0.11,85.0,9.35,182.8883070727059,0.22281639928698754,248.79999999999995,True,False,False
20.0,0.11,90.0,9.9,168.21999201196516,0.2104377104377104,275.2,True,False,False
20.0,0.11,95.0,10.45,156.11960478679174,0.19936204146730463,301.6,True,True,False
20.0,0.11,100.0,11.0,145.96708477347553,0.1893939393939394,328.0,True,True,False
20.0,0.11,105.0,11.55,137.32712981857665,0.18037518037518036,354.3999999999999,True,True,False
20.0,0.11,110.0,12.1,129.8851518112057,0.17217630853994492,380.8,True,True,False
20.0,0.11,115.0,12.65,123.40814541186327,0.16469038208168643,407.19999999999993,True,True,False
20.0,0.11,120.0,13.2,117.71985196889831,0.15782828282828285,433.59999999999997,True,True,False
20.0,0.11,125.0,13.75,112.68447568634328,0.1515151515151515,459.99999999999994,True,True,False
20.0,0.11,130.0,14.3,108.19570275024974,0.14568764568764567,486.4,True,True,False
20.0,0.11,135.0,14.85,104.16911236295839,0.14029180695847362,512.8,True,True,False
20.0,0.11,140.0,15.4,100.53681717679645,0.13528138528138528,539.2,True,True,False
20.0,0.11,145.0,15.95,97.24360470956901,0.13061650992685478,565.6,True,True,True
20.0,0.11,150.0,16.5,94.24411119212131,0.12626262626262624,592.0,True,True,True
20.0,0.11,155.0,17.05,91.50071932040653,0.12218963831867057,618.3999999999999,True,True,True
20.0,0.11,160.0,17.6,88.98197244066839,0.11837121212121211,644.8,True,True,True
20.0,0.11,165.0,18.15,86.66136297936018,0.1147842056932966,671.2,True,True,True
20.0,0.11,170.0,18.7,84.51639597727946,0.11140819964349377,697.5999999999999,True,True,True
20.0,0.11,175.0,19.25,82.52785750794715,0.10822510822510822,724.0,True,True,True
20.0,0.11,180.0,19.8,80.67923752366379,0.1052188552188552,750.4,True,True,True
20.0,0.11,185.0,20.35,78.95627039104131,0.10237510237510236,776.7999999999998,True,True,True
20.0,0.11,190.0,20.9,77.34656603805337,0.09968102073365231,803.2,True,True,True
20.0,0.11,195.0,21.45,75.83931152816787,0.09712509712509713,829.5999999999999,True,True,True
20.0,0.11,200.0,22.0,74.42502785720987,0.0946969696969697,856.0,True,True,True
20.0,0.11,205.0,22.55,73.09537040772351,0.09238728750923873,882.4,True,True,True
20.0,0.11,210.0,23.1,71.84296418329535,0.09018759018759018,908.7999999999998,True,True,True
20.0,0.11,215.0,23.65,70.66126695015225,0.08809020436927413,935.2,True,True,True
20.0,0.11,220.0,24.2,69.54445492282237,0.08608815426997246,961.6,True,True,True
20.0,0.11,225.0,24.75,68.48732677711493,0.08417508417508417,988.0000000000001,True,True,True
20.0,0.11,230.0,25.3,67.48522265160997,0.08234519104084322,1014.3999999999999,True,True,True
20.0,0.11,235.0,25.85,66.53395547636119,0.08059316569954866,1040.8,True,True,True
20.0,0.11,240.0,26.4,65.62975249419071,0.07891414141414142,1067.1999999999998,True,True,True
20.0,0.11,245.0,26.95,64.76920525219816,0.07730364873222016,1093.6,True,True,True
20.0,0.11,250.0,27.5,63.94922666589954,0.07575757575757575,1120.0,True,True,True
20.0,0.11,255.0,28.05,63.16701401588544,0.07427213309566251,1146.3999999999999,True,True,True
20.0,0.11,260.0,28.6,62.42001694220211,0.07284382284382283,1172.8,True,True,True
20.0,0.11,265.0,29.15,61.705909666292726,0.07146941109205261,1199.2,True,True,True
20.0,0.11,270.0,29.7,61.02256680305305,0.07014590347923681,1225.6,True,True,True
20.0,0.11,275.0,30.25,60.36804223308738,0.06887052341597796,1252.0,True,True,True
20.0,0.11,280.0,30.8,59.74055059279488,0.06764069264069264,1278.4,True,True,True
20.0,0.11,285.0,31.35,59.13845101152097,0.06645401382243488,1304.7999999999997,True,True,True
20.0,0.11,290.0,31.9,58.56023278383124,0.06530825496342739,1331.2,True,True,True
20.0,0.11,295.0,32.45,58.00450271349422,0.06420133538777606,1357.5999999999997,True,True,True
20.0,0.11,300.0,33.0,57.46997390595615,0.06313131313131312,1384.0,True,True,True
20.0,0.12,10.0,1.2,nan,1.736111111111111,-142.4,False,False,False
20.0,0.12,15.0,1.8,nan,1.1574074074074072,-113.60000000000001,False,False,False
20.0,0.12,20.0,2.4,nan,0.8680555555555555,-84.79999999999998,False,False,False
20.0,0.12,25.0,3.0,nan,0.6944444444444443,-55.999999999999986,False,False,False
20.0,0.12,30.0,3.6,nan,0.5787037037037036,-27.200000000000003,False,False,False
20.0,0.12,35.0,4.2,23806.876453988658,0.49603174603174605,1.6000000000000458,True,False,False
20.0,0.12,40.0,4.8,1281.3977201383225,0.43402777777777773,30.400000000000027,True,False,False
20.0,0.12,45.0,5.4,672.6009976018095,0.3858024691358024,59.20000000000001,True,False,False
20.0,0.12,50.0,6.0,462.2894025437409,0.34722222222222215,88.00000000000003,True,False,False
20.0,0.12,55.0,6.6,355.69311463759675,0.31565656565656564,116.80000000000001,True,False,False
20.0,0.12,60.0,7.2,291.2667867822349,0.2893518518518518,145.6,True,False,False
20.0,0.12,65.0,7.8,248.1188791359833,0.26709401709401703,174.40000000000003,True,False,False
20.0,0.12,70.0,8.4,217.20187444457468,0.24801587301587302,203.2000000000001,True,False,False
20.0,0.12,75.0,9.0,193.96081574551582,0.2314814814814815,232.00000000000003,True,False,False
20.0,0.12,80.0,9.6,175.85275160575824,0.21701388888888887,260.80000000000007,True,False,False
20.0,0.12,85.0,10.2,161.34629138330058,0.20424836601307186,289.6,True,True,False
20.0,0.12,90.0,10.8,149.46411542219204,0.1929012345679012,318.4,True,True,False
20.0,0.12,95.0,11.4,139.55317602605996,0.18274853801169588,347.20000000000005,True,True,False
20.0,0.12,100.0,12.0,131.160508196995,0.17361111111111108,376.00000000000006,True,True,False
20.0,0.12,105.0,12.6,123.96205397206577,0.16534391534391532,404.8,True,True,False
20.0,0.12,110.0,13.2,117.7198519688983,0.15782828282828282,433.6000000000001,True,True,False
20.0,0.12,115.0,13.8,112.25522530176558,0.15096618357487923,462.3999999999999,True,True,False
20.0,0.12,120.0,14.4,107.43140176172331,0.1446759259259259,491.2,True,True,False
20.0,0.12,125.0,15.0,103.14190944457806,0.1388888888888889,520.0,True,True,False
20.0,0.12,130.0,15.6,99.30262623360545,0.13354700854700852,548.8,True,True,True
20.0,0.12,135.0,16.2,95.84620783037528,0.1286008230452675,577.6000000000001,True,True,True
20.0,0.12,140.0,16.8,92.71810357626457,0.12400793650793651,606.4000000000002,True,True,True
20.0,0.12,145.0,17.4,89.8736561310909,0.1197318007662835,635.2,True,True,True
20.0,0.12,150.0,18.0,87.27595593417325,0.11574074074074076,664.0,True,True,True
20.0,0.12,155.0,18.6,84.89423081136424,0.11200716845878135,692.7999999999998,True,True,True
20.0,0.12,160.0,19.2,82.70262121942241,0.10850694444444443,721.6000000000001,True,True,True
20.0,0.12,165.0,19.8,80.67923752366379,0.1052188552188552,750.4000000000001,True,True,True
20.0,0.12,170.0,20.4,78.80542633929593,0.10212418300653593,779.2,True,True,True
20.0,0.12,175.0,21.0,77.06519377401175,0.0992063492063492,808.0,True,True,True
20.0,0.12,180.0,21.6,75.4447477715387,0.0964506172839506,836.8,True,True,True
20.0,0.12,185.0,22.2,73.93213181728937,0.09384384384384382,865.6,True,True,True
20.0,0.12,190.0,22.8,72.51692941286646,0.09137426900584794,894.4000000000001,True,True,True
20.0,0.12,195.0,23.4,71.19002386556527,0.08903133903133903,923.1999999999999,True,True,True
20.0,0.12,200.0,24.0,69.94340167910919,0.08680555555555554,952.0000000000001,True,True,True
20.0,0.12,205.0,24.6,68.76999058353798,0.08468834688346884,980.8,True,True,True
20.0,0.12,210.0,25.2,67.66352528739712,0.08267195767195766,1009.6,True,True,True
20.0,0.12,215.0,25.8,66.61843557008687,0.08074935400516796,1038.4000000000003,True,True,True
20.0,0.12,220.0,26.4,65.6297524941907,0.07891414141414141,1067.2,True,True,True
20.0,0.12,225.0,27.0,64.69302940476497,0.07716049382716048,1096.0,True,True,True
20.0,0.12,230.0,27.6,63.804275065295606,0.07548309178743962,1124.8,True,True,True
20.0,0.12,235.0,28.2,62.95989680935036,0.07387706855791962,1153.6000000000001,True,True,True
20.0,0.12,240.0,28.8,62.15665200024414,0.07233796296296295,1182.4,True,True,True
20.0,0.12,245.0,29.4,61.391606415877455,0.07086167800453513,1211.2,True,True,True
20.0,0.12,250.0,30.0,60.66209843284908,0.06944444444444445,1240.0,True,True,True
20.0,0.12,255.0,30.6,59.9657080883945,0.06808278867102396,1268.8,True,True,True
20.0,0.12,260.0,31.2,59.300230262312766,0.06677350427350426,1297.6,True,True,True
20.0,0.12,265.0,31.8,58.66365135268331,0.06551362683438154,1326.4,True,True,True
20.0,0.12,270.0,32.4,58.05412892563549,0.06430041152263374,1355.2000000000003,True,True,True
20.0,0.12,275.0,33.0,57.469973905956145,0.06313131313131312,1384.0000000000002,True,True,True
20.0,0.12,280.0,33.6,56.90963494596926,0.062003968253968256,1412.8000000000004,True,True,True
20.0,0.12,285.0,34.2,56.37168466806846,0.060916179337231965,1441.6,True,True,True
20.0,0.12,290.0,34.8,55.85480752401359,0.05986590038314175,1470.4,True,True,True
20.0,0.12,295.0,35.4,55.35778905358303,0.05885122410546139,1499.2,True,True,True
20.0,0.12,300.0,36.0,54.87950635795403,0.05787037037037038,1528.0,True,True,True
20.0,0.13,10.0,1.3,nan,1.6025641025641022,-137.6,False,False,False
20.0,0.13,15.0,1.95,nan,1.0683760683760681,-106.4,False,False,False
20.0,0.13,20.0,2.6,nan,0.8012820512820511,-75.2,False,False,False
20.0,0.13,25.0,3.25,nan,0.641025641025641,-43.99999999999999,False,False,False
20.0,0.13,30.0,3.9,nan,0.5341880341880341,-12.800000000000011,False,False,False
20.0,0.13,35.0,4.55,2097.5382539735037,0.45787545787545786,18.400000000000016,True,False,False
20.0,0.13,40.0,5.2,796.9788226361511,0.40064102564102555,49.6,True,False,False
20.0,0.13,45.0,5.85,500.81182342071406,0.3561253561253561,80.79999999999998,True,False,False
20.0,0.13,50.0,6.5,369.65215233959185,0.3205128205128205,112.00000000000001,True,False,False
20.0,0.13,55.0,7.15,295.6458574837632,0.29137529137529133,143.2,True,False,False
20.0,0.13,60.0,7.8,248.11887913598335,0.26709401709401703,174.39999999999998,True,False,False
20.0,0.13,65.0,8.45,215.016431181693,0.2465483234714004,205.6,True,False,False
20.0,0.13,70.0,9.1,190.63692559373598,0.22893772893772893,236.80000000000004,True,False,False
20.0,0.13,75.0,9.75,171.93384220237797,0.2136752136752137,267.99999999999994,True,False,False
20.0,0.13,80.0,10.4,157.1314018712496,0.20032051282051277,299.2,True,True,False
20.0,0.13,85.0,11.05,145.1245798108913,0.1885369532428356,330.3999999999999,True,True,False
20.0,0.13,90.0,11.7,135.18973146891338,0.17806267806267806,361.59999999999997,True,True,False
20.0,0.13,95.0,12.35,126.83312787372626,0.16869095816464239,392.80000000000007,True,True,False
20.0,0.13,100.0,13.0,119.7063640529252,0.16025641025641024,424.0,True,True,False
20.0,0.13,105.0,13.65,113.55655555378048,0.15262515262515264,455.19999999999993,True,True,False
20.0,0.13,110.0,14.3,108.19570275024974,0.14568764568764567,486.4,True,True,False
20.0,0.13,115.0,14.95,103.48113513787109,0.1393534002229654,517.5999999999999,True,True,False
20.0,0.13,120.0,15.6,99.30262623360545,0.13354700854700852,548.8,True,True,True
20.0,0.13,125.0,16.25,95.5736672528332,0.1282051282051282,580.0000000000001,True,True,True
20.0,0.13,130.0,16.9,92.22541350831786,0.1232741617357002,611.2,True,True,True
20.0,0.13,135.0,17.55,89.2023948722361,0.11870845204178539,642.4,True,True,True
20.0,0.13,140.0,18.2,86.45941834258473,0.11446886446886446,673.6000000000001,True,True,True
20.0,0.13,145.0,18.85,83.95929331045072,0.11052166224580018,704.8,True,True,True
20.0,0.13,150.0,19.5,81.67113540060635,0.10683760683760685,736.0,True,True,True
20.0,0.13,155.0,20.15,79.5690841820736,0.10339123242349046,767.1999999999999,True,True,True
20.0,0.13,160.0,20.8,77.63132153573078,0.10016025641025639,798.4,True,True,True
20.0,0.13,165.0,21.45,75.83931152816787,0.09712509712509713,829.6000000000001,True,True,True
20.0,0.13,170.0,22.1,74.17720559178517,0.0942684766214178,860.7999999999998,True,True,True
20.0,0.13,175.0,22.75,72.63137253705074,0.09157509157509156,892.0,True,True,True
20.0,0.13,180.0,23.4,71.19002386556527,0.08903133903133903,923.1999999999999,True,True,True
20.0,0.13,185.0,24.05,69.8429125757863,0.08662508662508663,954.4,True,True,True
20.0,0.13,190.0,24.7,68.581089176107,0.08434547908232119,985.6000000000001,True,True,True
20.0,0.13,195.0,25.35,67.3967026176354,0.08218277449046679,1016.7999999999998,True,True,True
20.0,0.13,200.0,26.0,66.28283678554604,0.08012820512820512,1048.0,True,True,True
20.0,0.13,205.0,26.65,65.23337535294,0.07817385866166353,1079.2,True,True,True
20.0,0.13,210.0,27.3,64.24288941870807,0.07631257631257632,1110.4,True,True,True
20.0,0.13,215.0,27.95,63.306543570579926,0.07453786523553965,1141.6,True,True,True
20.0,0.13,220.0,28.6,62.42001694220211,0.07284382284382283,1172.8,True,True,True
20.0,0.13,225.0,29.25,61.57943654439806,0.07122507122507123,1204.0,True,True,True
20.0,0.13,230.0,29.9,60.78132070036906,0.0696767001114827,1235.1999999999998,True,True,True
20.0,0.13,235.0,30.55,60.02253084233768,0.06819421713038734,1266.4,True,True,True
20.0,0.13,240.0,31.2,59.300230262312766,0.06677350427350426,1297.6,True,True,True
20.0,0.13,245.0,31.85,58.61184867400484,0.06541077969649398,1328.8,True,True,True
20.0,0.13,250.0,32.5,57.95505165268988,0.0641025641025641,1360.0000000000002,True,True,True
20.0,0.13,255.0,33.15,57.32771418724758,0.0628456510809452,1391.2,True,True,True
20.0,0.13,260.0,33.8,56.727897712977665,0.0616370808678501,1422.4,True,True,True
20.0,0.13,265.0,34.45,56.15383010221522,0.06047411707789066,1453.5999999999997,True,True,True
20.0,0.13,270.0,35.1,55.603888177680915,0.05935422602089269,1484.8,True,True,True
20.0,0.13,275.0,35.75,55.07658238513273,0.05827505827505827,1516.0,True,True,True
20.0,0.13,280.0,36.4,54.57054332051567,0.05723443223443223,1547.2000000000003,True,True,True
20.0,0.13,285.0,37.05,54.0845098550066,0.056230319388214114,1578.4,True,True,True
20.0,0.13,290.0,37.7,53.617318641142546,0.05526083112290009,1609.6,True,True,True
20.0,0.13,295.0,38.35,53.16789481620162,0.054324206866579745,1640.8000000000002,True,True,True
20.0,0.13,300.0,39.0,52.735243746449896,0.05341880341880342,1672.0,True,True,True
20.0,0.14,10.0,1.4,nan,1.488095238095238,-132.8,False,False,False
20.0,0.14,15.0,2.1,nan,0.9920634920634923,-99.20000000000002,False,False,False
20.0,0.14,20.0,2.8,nan,0.744047619047619,-65.60000000000001,False,False,False
20.0,0.14,25.0,3.5,nan,0.5952380952380953,-32.00000000000003,False,False,False
20.0,0.14,30.0,4.2,23806.87645398998,0.49603174603174616,1.599999999999957,True,False,False
20.0,0.14,35.0,4.9,1110.750153972786,0.4251700680272109,35.19999999999999,True,False,False
20.0,0.14,40.0,5.6,582.9332632747263,0.3720238095238095,68.79999999999997,True,False,False
20.0,0.14,45.0,6.3,401.49620709726827,0.33068783068783075,102.39999999999995,True,False,False
20.0,0.14,50.0,7.0,309.71040220749546,0.29761904761904767,135.99999999999994,True,False,False
20.0,0.14,55.0,7.7,254.29255774574577,0.27056277056277056,169.59999999999994,True,False,False
20.0,0.14,60.0,8.4,217.2018744445748,0.24801587301587308,203.1999999999999,True,False,False
20.0,0.14,65.0,9.1,190.63692559373607,0.22893772893772893,236.79999999999995,True,False,False
20.0,0.14,70.0,9.8,170.67391669399333,0.21258503401360546,270.4,True,False,False
20.0,0.14,75.0,10.5,155.12378344577272,0.19841269841269846,303.99999999999994,True,True,False
20.0,0.14,80.0,11.2,142.6689373844017,0.18601190476190474,337.59999999999997,True,True,False
20.0,0.14,85.0,11.9,132.4688479375892,0.1750700280112045,371.1999999999999,True,True,False
20.0,0.14,90.0,12.6,123.96205397206579,0.16534391534391538,404.79999999999995,True,True,False
20.0,0.14,95.0,13.3,116.75922112534518,0.15664160401002508,438.3999999999999,True,True,False
20.0,0.14,100.0,14.0,110.58187634493738,0.14880952380952384,471.9999999999999,True,True,False
20.0,0.14,105.0,14.7,105.22557106065972,0.14172335600907032,505.59999999999997,True,True,False
20.0,0.14,110.0,15.4,100.53681717679645,0.13528138528138528,539.1999999999999,True,True,False
20.0,0.14,115.0,16.1,96.39814056422445,0.12939958592132508,572.7999999999998,True,True,True
20.0,0.14,120.0,16.8,92.71810357626461,0.12400793650793654,606.3999999999999,True,True,True
20.0,0.14,125.0,17.5,89.42447047204057,0.11904761904761907,639.9999999999999,True,True,True
20.0,0.14,130.0,18.2,86.45941834258474,0.11446886446886446,673.5999999999999,True,True,True
20.0,0.14,135.0,18.9,83.77611324805456,0.11022927689594357,707.1999999999999,True,True,True
20.0,0.14,140.0,19.6,81.33621811890292,0.10629251700680273,740.8,True,True,True
20.0,0.14,145.0,20.3,79.1080494265785,0.10262725779967159,774.3999999999997,True,True,True
20.0,0.14,150.0,21.0,77.06519377401175,0.09920634920634923,807.9999999999999,True,True,True
20.0,0.14,155.0,21.7,75.18545587317088,0.09600614439324116,841.5999999999999,True,True,True
20.0,0.14,160.0,22.4,73.45004885319894,0.09300595238095237,875.1999999999999,True,True,True
20.0,0.14,165.0,23.1,71.84296418329535,0.09018759018759019,908.7999999999998,True,True,True
20.0,0.14,170.0,23.8,70.35047638289254,0.08753501400560225,942.3999999999997,True,True,True
20.0,0.14,175.0,24.5,68.96075003759942,0.08503401360544219,975.9999999999998,True,True,True
20.0,0.14,180.0,25.2,67.66352528739714,0.08267195767195769,1009.5999999999999,True,True,True
20.0,0.14,185.0,25.9,66.4498640947232,0.08043758043758044,1043.1999999999998,True,True,True
20.0,0.14,190.0,26.6,65.31194401659951,0.07832080200501254,1076.8,True,True,True
20.0,0.14,195.0,27.3,64.24288941870809,0.07631257631257632,1110.3999999999999,True,True,True
20.0,0.14,200.0,28.0,63.23663243355994,0.07440476190476192,1143.9999999999998,True,True,True
20.0,0.14,205.0,28.7,62.287797722020784,0.07259001161440187,1177.5999999999997,True,True,True
20.0,0.14,210.0,29.4,61.39160641587747,0.07086167800453516,1211.1999999999998,True,True,True
20.0,0.14,215.0,30.1,60.543795617263726,0.06921373200442968,1244.7999999999997,True,True,True
20.0,0.14,220.0,30.8,59.74055059279489,0.06764069264069264,1278.3999999999999,True,True,True
20.0,0.14,225.0,31.5,58.978447386652505,0.06613756613756615,1312.0,True,True,True
20.0,0.14,230.0,32.2,58.25440403147088,0.06469979296066254,1345.5999999999997,True,True,True
20.0,0.14,235.0,32.9,57.565638890810845,0.06332320162107397,1379.1999999999998,True,True,True
20.0,0.14,240.0,33.6,56.90963494596929,0.06200396825396827,1412.7999999999997,True,True,True
20.0,0.14,245.0,34.3,56.28410906051197,0.060738581146744415,1446.3999999999999,True,True,True
20.0,0.14,250.0,35.0,55.68698543147542,0.059523809523809534,1479.9999999999998,True,True,True
20.0,0.14,255.0,35.7,55.11637257666672,0.05835667600373483,1513.5999999999995,True,True,True
20.0,0.14,260.0,36.4,54.57054332051567,0.05723443223443223,1547.1999999999998,True,True,True
20.0,0.14,265.0,37.1,54.047917332338656,0.05615453728661277,1580.7999999999995,True,True,True
20.0,0.14,270.0,37.8,53.54704584515613,0.055114638447971785,1614.3999999999999,True,True,True
20.0,0.14,275.0,38.5,53.066598243858714,0.05411255411255412,1647.9999999999998,True,True,True
20.0,0.14,280.0,39.2,52.605350261262046,0.053146258503401364,1681.6,True,True,True
20.0,0.14,285.0,39.9,52.16217356156565,0.05221386800334169,1715.1999999999994,True,True,True
20.0,0.14,290.0,40.6,51.73602652462058,0.051313628899835796,1748.7999999999995,True,True,True
20.0,0.14,295.0,41.3,51.325946072551375,0.05044390637610977,1782.3999999999999,True,True,True
20.0,0.14,300.0,42.0,50.93104040373055,0.049603174603174614,1815.9999999999998,True,True,True
20.0,0.15,10.0,1.5,nan,1.3888888888888888,-128.0,False,False,False
20.0,0.15,15.0,2.25,nan,0.925925925925926,-92.00000000000001,False,False,False
20.0,0.15,20.0,3.0,nan,0.6944444444444444,-56.00000000000001,False,False,False
20.0,0.15,25.0,3.75,nan,0.5555555555555556,-20.000000000000018,False,False,False
20.0,0.15,30.0,4.5,2407.671656830879,0.462962962962963,15.99999999999997,True,False,False
20.0,0.15,35.0,5.25,761.578980126377,0.3968253968253968,52.0,True,False,False
20.0,0.15,40.0,6.0,462.2894025437411,0.3472222222222222,87.99999999999999,True,False,False
20.0,0.15,45.0,6.75,336.7808700090874,0.30864197530864196,123.99999999999997,True,False,False
20.0,0.15,50.0,7.5,267.7511771150278,0.2777777777777778,159.99999999999997,True,False,False
20.0,0.15,55.0,8.25,224.07933059021465,0.2525252525252525,195.99999999999994,True,False,False
20.0,0.15,60.0,9.0,193.96081574551587,0.2314814814814815,231.99999999999994,True,False,False
20.0,0.15,65.0,9.75,171.93384220237797,0.2136752136752137,267.99999999999994,True,False,False
20.0,0.15,70.0,10.5,155.1237834457727,0.1984126984126984,304.0,True,True,False
20.0,0.15,75.0,11.25,141.87350183762507,0.18518518518518517,339.99999999999994,True,True,False
20.0,0.15,80.0,12.0,131.160508196995,0.1736111111111111,376.0,True,True,False
20.0,0.15,85.0,12.75,122.31968820230037,0.16339869281045752,411.99999999999994,True,True,False
20.0,0.15,90.0,13.5,114.89971427818158,0.15432098765432098,447.99999999999994,True,True,False
20.0,0.15,95.0,14.25,108.58353812789869,0.14619883040935672,484.0,True,True,False
20.0,0.15,100.0,15.0,103.14190944457806,0.1388888888888889,519.9999999999999,True,True,False
20.0,0.15,105.0,15.75,98.40495210154353,0.1322751322751323,556.0,True,True,True
20.0,0.15,110.0,16.5,94.24411119212131,0.12626262626262624,591.9999999999999,True,True,True
20.0,0.15,115.0,17.25,90.5603093678558,0.12077294685990339,627.9999999999999,True,True,True
20.0,0.15,120.0,18.0,87.27595593417325,0.11574074074074076,663.9999999999999,True,True,True
20.0,0.15,125.0,18.75,84.32942171081235,0.1111111111111111,700.0,True,True,True
20.0,0.15,130.0,19.5,81.67113540060635,0.10683760683760685,736.0,True,True,True
20.0,0.15,135.0,20.25,79.26077216596357,0.10288065843621398,771.9999999999999,True,True,True
20.0,0.15,140.0,21.0,77.06519377401175,0.0992063492063492,808.0,True,True,True
20.0,0.15,145.0,21.75,75.05691590838757,0.09578544061302682,844.0,True,True,True
20.0,0.15,150.0,22.5,73.21295168631447,0.09259259259259259,879.9999999999999,True,True,True
20.0,0.15,155.0,23.25,71.5139278834436,0.08960573476702509,915.9999999999999,True,True,True
20.0,0.15,160.0,24.0,69.9434016791092,0.08680555555555555,952.0,True,True,True
20.0,0.15,165.0,24.75,68.48732677711493,0.08417508417508417,988.0000000000001,True,True,True
20.0,0.15,170.0,25.5,67.13363214166718,0.08169934640522876,1023.9999999999999,True,True,True
20.0,0.15,175.0,26.25,65.87188657579696,0.07936507936507936,1060.0,True,True,True
20.0,0.15,180.0,27.0,64.69302940476497,0.07716049382716049,1096.0,True,True,True
20.0,0.15,185.0,27.75,63.58915254849826,0.07507507507507508,1131.9999999999998,True,True,True
20.0,0.15,190.0,28.5,62.55332289570003,0.07309941520467836,1168.0,True,True,True
20.0,0.15,195.0,29.25,61.57943654439806,0.07122507122507123,1204.0,True,True,True
20.0,0.15,200.0,30.0,60.66209843284908,0.06944444444444445,1239.9999999999998,True,True,True
20.0,0.15,205.0,30.75,59.7965223464032,0.06775067750677508,1275.9999999999998,True,True,True
20.0,0.15,210.0,31.5,58.978447386652505,0.06613756613756615,1312.0,True,True,True
20.0,0.15,215.0,32.25,58.204067825345476,0.06459948320413438,1348.0,True,True,True
20.0,0.15,220.0,33.0,57.46997390595617,0.06313131313131312,1383.9999999999998,True,True,True
20.0,0.15,225.0,33.75,56.77310165008516,0.0617283950617284,1420.0,True,True,True
20.0,0.15,230.0,34.5,56.11069011016384,0.060386473429951695,1455.9999999999998,True,True,True
20.0,0.15,235.0,35.25,55.4802448107749,0.059101654846335706,1491.9999999999998,True,True,True
20.0,0.15,240.0,36.0,54.879506357954035,0.05787037037037038,1527.9999999999998,True,True,True
20.0,0.15,245.0,36.75,54.30642338377965,0.056689342403628114,1563.9999999999998,True,True,True
20.0,0.15,250.0,37.5,53.75912914344313,0.05555555555555555,1600.0,True,True,True
20.0,0.15,255.0,38.25,53.23592120219231,0.054466230936819175,1636.0,True,True,True
20.0,0.15,260.0,39.0,52.735243746449896,0.05341880341880342,1672.0,True,True,True
20.0,0.15,265.0,39.75,52.25567213193316,0.052410901467505246,1707.9999999999998,True,True,True
20.0,0.15,270.0,40.5,51.795899345538686,0.05144032921810699,1743.9999999999998,True,True,True
20.0,0.15,275.0,41.25,51.35472411005454,0.050505050505050504,1780.0,True,True,True
20.0,0.15,280.0,42.0,50.93104040373055,0.0496031746031746,1816.0,True,True,True
20.0,0.15,285.0,42.75,50.523828202188064,0.04873294346978558,1851.9999999999995,True,True,True
20.0,0.15,290.0,43.5,50.13214527951796,0.04789272030651341,1888.0,True,True,True
20.0,0.15,295.0,44.25,49.75511992983759,0.047080979284369114,1923.9999999999998,True,True,True
20.0,0.15,300.0,45.0,49.391944490961805,0.046296296296296294,1959.9999999999998,True,True,True
20.0,0.16,10.0,1.6,nan,1.3020833333333333,-123.2,False,False,False
20.0,0.16,15.0,2.4,nan,0.8680555555555556,-84.80000000000001,False,False,False
20.0,0.16,20.0,3.2,nan,0.6510416666666666,-46.4,False,False,False
20.0,0.16,25.0,4.0,nan,0.5208333333333334,-8.000000000000007,False,False,False
20.0,0.16,30.0,4.8,1281.397720138324,0.4340277777777778,30.39999999999998,True,False,False
20.0,0.16,35.0,5.6,582.9332632747261,0.3720238095238094,68.80000000000001,True,False,False
20.0,0.16,40.0,6.4,384.8612531193776,0.3255208333333333,107.2,True,False,False
20.0,0.16,45.0,7.2,291.26678678223493,0.2893518518518518,145.59999999999994,True,False,False
20.0,0.16,50.0,8.0,236.73783682929087,0.2604166666666667,184.0,True,False,False
20.0,0.16,55.0,8.8,201.03902786729154,0.23674242424242423,222.40000000000003,True,False,False
20.0,0.16,60.0,9.6,175.85275160575833,0.2170138888888889,260.79999999999995,True,False,False
20.0,0.16,65.0,10.4,157.1314018712496,0.20032051282051277,299.2,True,True,False
20.0,0.16,70.0,11.2,142.66893738440166,0.1860119047619047,337.6000000000001,True,True,False
20.0,0.16,75.0,12.0,131.160508196995,0.1736111111111111,376.0,True,True,False
20.0,0.16,80.0,12.8,121.78491530686837,0.16276041666666666,414.4,True,True,False
20.0,0.16,85.0,13.6,113.99952898467838,0.1531862745098039,452.79999999999995,True,True,False
20.0,0.16,90.0,14.4,107.43140176172334,0.1446759259259259,491.1999999999999,True,True,False
20.0,0.16,95.0,15.2,101.81575220252003,0.1370614035087719,529.6,True,True,False
20.0,0.16,100.0,16.0,96.95940173864565,0.13020833333333334,568.0,True,True,True
20.0,0.16,105.0,16.8,92.7181035762646,0.12400793650793651,606.4,True,True,True
20.0,0.16,110.0,17.6,88.98197244066839,0.11837121212121211,644.8,True,True,True
20.0,0.16,115.0,18.4,85.66582794326565,0.11322463768115941,683.1999999999999,True,True,True
20.0,0.16,120.0,19.2,82.70262121942244,0.10850694444444445,721.5999999999999,True,True,True
20.0,0.16,125.0,20.0,80.03885433293597,0.10416666666666666,760.0,True,True,True
20.0,0.16,130.0,20.8,77.63132153573078,0.10016025641025639,798.4,True,True,True
20.0,0.16,135.0,21.6,75.4447477715387,0.0964506172839506,836.8,True,True,True
20.0,0.16,140.0,22.4,73.45004885319892,0.09300595238095236,875.2000000000002,True,True,True
20.0,0.16,145.0,23.2,71.62303040435184,0.08979885057471264,913.5999999999999,True,True,True
20.0,0.16,150.0,24.0,69.9434016791092,0.08680555555555555,952.0,True,True,True
20.0,0.16,155.0,24.8,68.39401880008893,0.08400537634408602,990.3999999999997,True,True,True
20.0,0.16,160.0,25.6,66.9602974734683,0.08138020833333333,1028.8,True,True,True
20.0,0.16,165.0,26.4,65.6297524941907,0.07891414141414141,1067.2,True,True,True
20.0,0.16,170.0,27.2,64.39163321535496,0.07659313725490195,1105.6,True,True,True
20.0,0.16,175.0,28.0,63.23663243355993,0.0744047619047619,1144.0,True,True,True
20.0,0.16,180.0,28.8,62.15665200024415,0.07233796296296295,1182.3999999999999,True,True,True
20.0,0.16,185.0,29.6,61.14461266889318,0.07038288288288287,1220.8,True,True,True
20.0,0.16,190.0,30.4,60.194298735134154,0.06853070175438596,1259.2,True,True,True
20.0,0.16,195.0,31.2,59.300230262312766,0.06677350427350427,1297.6,True,True,True
20.0,0.16,200.0,32.0,58.45755734242003,0.06510416666666667,1336.0,True,True,True
20.0,0.16,205.0,32.8,57.66197208277742,0.06351626016260163,1374.4,True,True,True
20.0,0.16,210.0,33.6,56.90963494596928,0.062003968253968256,1412.8,True,True,True
20.0,0.16,215.0,34.4,56.19711278442774,0.06056201550387598,1451.2,True,True,True
20.0,0.16,220.0,35.2,55.52132645935664,0.05918560606060606,1489.6,True,True,True
20.0,0.16,225.0,36.0,54.87950635795403,0.05787037037037038,1528.0,True,True,True
20.0,0.16,230.0,36.8,54.26915445355586,0.056612318840579705,1566.3999999999999,True,True,True
20.0,0.16,235.0,37.6,53.68801181277792,0.05540780141843972,1604.7999999999997,True,True,True
20.0,0.16,240.0,38.4,53.13403065861864,0.054253472222222224,1643.1999999999998,True,True,True
20.0,0.16,245.0,39.2,52.605350261262046,0.053146258503401364,1681.6,True,True,True
20.0,0.16,250.0,40.0,52.100276058392076,0.05208333333333333,1720.0,True,True,True
20.0,0.16,255.0,40.8,51.61726151133445,0.051062091503267966,1758.4,True,True,True
20.0,0.16,260.0,41.6,51.15489228774856,0.050080128205128194,1796.8,True,True,True
20.0,0.16,265.0,42.4,50.711872430101764,0.04913522012578616,1835.2,True,True,True
20.0,0.16,270.0,43.2,50.287012225031425,0.0482253086419753,1873.6,True,True,True
20.0,0.16,275.0,44.0,49.87921753447437,0.04734848484848485,1912.0,True,True,True
20.0,0.16,280.0,44.8,49.48748038710578,0.04650297619047618,1950.4000000000003,True,True,True
20.0,0.16,285.0,45.6,49.11087065974821,0.04568713450292397,1988.7999999999997,True,True,True
20.0,0.16,290.0,46.4,48.74852870422424,0.04489942528735632,2027.1999999999998,True,True,True
20.0,0.16,295.0,47.2,48.399658796620585,0.04413841807909604,2065.6,True,True,True
20.0,0.16,300.0,48.0,48.06352330389525,0.043402777777777776,2104.0,True,True,True
20.0,0.17,10.0,1.7,nan,1.2254901960784317,-118.40000000000002,False,False,False
20.0,0.17,15.0,2.55,nan,0.8169934640522876,-77.60000000000002,False,False,False
20.0,0.17,20.0,3.4,nan,0.6127450980392158,-36.800000000000004,False,False,False
20.0,0.17,25.0,4.25,9540.739922550354,0.49019607843137253,4.0000000000000036,True,False,False
20.0,0.17,30.0,5.1,879.1570284624135,0.4084967320261438,44.79999999999995,True,False,False
20.0,0.17,35.0,5.95,474.4101642526953,0.350140056022409,85.59999999999998,True,False,False
20.0,0.17,40.0,6.8,330.9555794695043,0.3063725490196079,126.39999999999999,True,False,False
20.0,0.17,45.0,7.65,257.5123231450956,0.27233115468409586,167.19999999999993,True,False,False
20.0,0.17,50.0,8.5,212.88142122487787,0.24509803921568626,208.0,True,False,False
20.0,0.17,55.0,9.35,182.8883070727059,0.22281639928698754,248.79999999999995,True,False,False
20.0,0.17,60.0,10.2,161.34629138330064,0.2042483660130719,289.5999999999999,True,True,False
20.0,0.17,65.0,11.05,145.1245798108913,0.18853695324283562,330.3999999999999,True,True,False
20.0,0.17,70.0,11.9,132.46884793758917,0.1750700280112045,371.2,True,True,False
20.0,0.17,75.0,12.75,122.31968820230037,0.16339869281045755,411.99999999999994,True,True,False
20.0,0.17,80.0,13.6,113.99952898467838,0.15318627450980396,452.79999999999995,True,True,False
20.0,0.17,85.0,14.45,107.05482558585292,0.14417531718569782,493.5999999999999,True,True,False
20.0,0.17,90.0,15.3,101.17054096948286,0.13616557734204793,534.3999999999999,True,True,False
20.0,0.17,95.0,16.15,96.1210227381889,0.12899896800825594,575.2,True,True,True
20.0,0.17,100.0,17.0,91.74040172714429,0.12254901960784313,616.0,True,True,True
20.0,0.17,105.0,17.85,87.90402352136955,0.11671335200746966,656.8,True,True,True
20.0,0.17,110.0,18.7,84.51639597727946,0.11140819964349377,697.5999999999999,True,True,True
20.0,0.17,115.0,19.55,81.5031324738147,0.10656436487638535,738.3999999999999,True,True,True
20.0,0.17,120.0,20.4,78.80542633929596,0.10212418300653595,779.1999999999998,True,True,True
20.0,0.17,125.0,21.25,76.3761748640171,0.09803921568627452,819.9999999999999,True,True,True
20.0,0.17,130.0,22.1,74.17720559178517,0.09426847662141781,860.7999999999998,True,True,True
20.0,0.17,135.0,22.95,72.17725572129913,0.09077705156136529,901.5999999999999,True,True,True
20.0,0.17,140.0,23.8,70.35047638289252,0.08753501400560225,942.4,True,True,True
20.0,0.17,145.0,24.65,68.67530932480936,0.08451656524678837,983.1999999999998,True,True,True
20.0,0.17,150.0,25.5,67.13363214166718,0.08169934640522877,1023.9999999999999,True,True,True
20.0,0.17,155.0,26.35,65.71010001688751,0.07906388361796332,1064.7999999999997,True,True,True
20.0,0.17,160.0,27.2,64.39163321535496,0.07659313725490198,1105.6,True,True,True
20.0,0.17,165.0,28.05,63.16701401588544,0.07427213309566251,1146.3999999999999,True,True,True
20.0,0.17,170.0,28.9,62.02656675600211,0.07208765859284891,1187.1999999999998,True,True,True
20.0,0.17,175.0,29.75,60.96190165931622,0.0700280112044818,1228.0,True,True,True
20.0,0.17,180.0,30.6,59.96570808839451,0.06808278867102396,1268.7999999999997,True,True,True
20.0,0.17,185.0,31.45,59.031586444310925,0.06624271330153683,1309.5999999999997,True,True,True
20.0,0.17,190.0,32.3,58.153910539384036,0.06449948400412797,1350.4,True,True,True
20.0,0.17,195.0,33.15,57.327714187247594,0.0628456510809452,1391.1999999999998,True,True,True
20.0,0.17,200.0,34.0,56.54859718031666,0.061274509803921566,1432.0,True,True,True
20.0,0.17,205.0,34.85,55.81264689511684,0.05978000956480154,1472.7999999999997,True,True,True
20.0,0.17,210.0,35.7,55.1163725766667,0.05835667600373483,1513.6,True,True,True
20.0,0.17,215.0,36.55,54.456649972309165,0.056999544003647984,1554.4,True,True,True
20.0,0.17,220.0,37.4,53.830674462056166,0.055704099821746886,1595.1999999999998,True,True,True
20.0,0.17,225.0,38.25,53.23592120219231,0.054466230936819175,1636.0,True,True,True
20.0,0.17,230.0,39.1,52.670111087608085,0.053282182438192674,1676.7999999999997,True,True,True
20.0,0.17,235.0,39.95,52.131181565332945,0.05214851898206092,1717.5999999999997,True,True,True
20.0,0.17,240.0,40.8,51.617261511334455,0.05106209150326797,1758.3999999999996,True,True,True
20.0,0.17,245.0,41.65,51.126649525592,0.05002000800320128,1799.1999999999998,True,True,True
20.0,0.17,250.0,42.5,50.65779511486944,0.04901960784313726,1839.9999999999998,True,True,True
20.0,0.17,255.0,43.35,50.20928232468864,0.04805843906189928,1880.7999999999995,True,True,True
20.0,0.17,260.0,44.2,49.77981545648888,0.047134238310708905,1921.5999999999997,True,True,True
20.0,0.17,265.0,45.05,49.368206566502074,0.04624491305956345,1962.3999999999996,True,True,True
20.0,0.17,270.0,45.9,48.97336449232144,0.04538852578068264,2003.1999999999998,True,True,True
20.0,0.17,275.0,46.75,48.59428519370494,0.04456327985739751,2043.9999999999998,True,True,True
20.0,0.17,280.0,47.6,48.2300432275746,0.043767507002801125,2084.8,True,True,True
20.0,0.17,285.0,48.45,47.87978420481848,0.042999656002751976,2125.6,True,True,True
20.0,0.17,290.0,49.3,47.542718099463066,0.042258282623394185,2166.3999999999996,True,True,True
20.0,0.17,295.0,50.15,47.21811329992364,0.04154204054503157,2207.1999999999994,True,True,True
20.0,0.17,300.0,51.0,46.9052913080543,0.04084967320261439,2247.9999999999995,True,True,True
20.0,0.18,10.0,1.8,nan,1.1574074074074077,-113.60000000000001,False,False,False
20.0,0.18,15.0,2.7,nan,0.7716049382716049,-70.40000000000002,False,False,False
20.0,0.18,20.0,3.6,nan,0.5787037037037038,-27.200000000000003,False,False,False
20.0,0.18,25.0,4.5,2407.671656830872,0.462962962962963,16.000000000000014,True,False,False
20.0,0.18,30.0,5.4,672.6009976018098,0.38580246913580246,59.19999999999996,True,False,False
20.0,0.18,35.0,6.3,401.49620709726815,0.3306878306878307,102.4,True,False,False
20.0,0.18,40.0,7.2,291.2667867822349,0.2893518518518519,145.6,True,False,False
20.0,0.18,45.0,8.1,231.48133847577623,0.257201646090535,188.79999999999995,True,False,False
20.0,0.18,50.0,9.0,193.96081574551582,0.2314814814814815,232.00000000000003,True,False,False
20.0,0.18,55.0,9.9,168.21999201196516,0.2104377104377104,275.2,True,False,False
20.0,0.18,60.0,10.8,149.46411542219204,0.19290123456790123,318.3999999999999,True,True,False
20.0,0.18,65.0,11.7,135.18973146891338,0.1780626780626781,361.59999999999997,True,True,False
20.0,0.18,70.0,12.6,123.96205397206577,0.16534391534391535,404.8,True,True,False
20.0,0.18,75.0,13.5,114.89971427818158,0.15432098765432098,447.99999999999994,True,True,False
20.0,0.18,80.0,14.4,107.43140176172331,0.14467592592592596,491.2,True,True,False
20.0,0.18,85.0,15.3,101.17054096948286,0.13616557734204793,534.4,True,True,False
20.0,0.18,90.0,16.2,95.8462078303753,0.1286008230452675,577.5999999999999,True,True,True
20.0,0.18,95.0,17.1,91.26289012815384,0.12183235867446396,620.8,True,True,True
20.0,0.18,100.0,18.0,87.27595593417325,0.11574074074074076,664.0,True,True,True
20.0,0.18,105.0,18.9,83.77611324805456,0.11022927689594357,707.1999999999999,True,True,True
20.0,0.18,110.0,19.8,80.67923752366379,0.1052188552188552,750.4,True,True,True
20.0,0.18,115.0,20.7,77.919521656364,0.10064412238325282,793.5999999999998,True,True,True
20.0,0.18,120.0,21.6,75.44474777153872,0.09645061728395062,836.7999999999998,True,True,True
20.0,0.18,125.0,22.5,73.21295168631447,0.09259259259259259,879.9999999999999,True,True,True
20.0,0.18,130.0,23.4,71.19002386556527,0.08903133903133904,923.1999999999999,True,True,True
20.0,0.18,135.0,24.3,69.34795383011486,0.08573388203017832,966.4,True,True,True
20.0,0.18,140.0,25.2,67.66352528739712,0.08267195767195767,1009.6,True,True,True
20.0,0.18,145.0,26.1,66.11733252174133,0.07982120051085569,1052.8,True,True,True
20.0,0.18,150.0,27.0,64.69302940476497,0.07716049382716049,1096.0,True,True,True
20.0,0.18,155.0,27.9,63.37674927699751,0.07467144563918758,1139.1999999999998,True,True,True
20.0,0.18,160.0,28.8,62.15665200024414,0.07233796296296298,1182.4,True,True,True
20.0,0.18,165.0,29.7,61.02256680305305,0.07014590347923681,1225.6,True,True,True
20.0,0.18,170.0,30.6,59.9657080883945,0.06808278867102396,1268.8,True,True,True
20.0,0.18,175.0,31.5,58.978447386652505,0.06613756613756615,1312.0,True,True,True
20.0,0.18,180.0,32.4,58.05412892563551,0.06430041152263374,1355.1999999999998,True,True,True
20.0,0.18,185.0,33.3,57.1869193855509,0.06256256256256257,1398.3999999999999,True,True,True
20.0,0.18,190.0,34.2,56.37168466806846,0.06091617933723198,1441.6,True,True,True
20.0,0.18,195.0,35.1,55.603888177680915,0.05935422602089269,1484.8,True,True,True
20.0,0.18,200.0,36.0,54.87950635795403,0.05787037037037038,1528.0,True,True,True
20.0,0.18,205.0,36.9,54.1949581617152,0.05645889792231256,1571.1999999999996,True,True,True
20.0,0.18,210.0,37.8,53.54704584515613,0.055114638447971785,1614.3999999999999,True,True,True
20.0,0.18,215.0,38.7,52.93290502000072,0.05383290267011198,1657.6,True,True,True
20.0,0.18,220.0,39.6,52.34996231766599,0.0526094276094276,1700.8,True,True,True
20.0,0.18,225.0,40.5,51.795899345538686,0.05144032921810699,1743.9999999999998,True,True,True
20.0,0.18,230.0,41.4,51.26862187072102,0.05032206119162641,1787.1999999999996,True,True,True
20.0,0.18,235.0,42.3,50.76623336761677,0.049251379038613076,1830.3999999999999,True,True,True
20.0,0.18,240.0,43.2,50.287012225031425,0.04822530864197531,1873.5999999999997,True,True,True
20.0,0.18,245.0,44.1,49.829392035450745,0.047241118669690094,1916.8,True,True,True
20.0,0.18,250.0,45.0,49.391944490961805,0.046296296296296294,1959.9999999999998,True,True,True
20.0,0.18,255.0,45.9,48.97336449232144,0.04538852578068264,2003.1999999999998,True,True,True
20.0,0.18,260.0,46.8,48.572457144131846,0.04451566951566952,2046.3999999999999,True,True,True
20.0,0.18,265.0,47.7,48.18812636317217,0.043675751222921035,2089.6,True,True,True
20.0,0.18,270.0,48.6,47.81936487116358,0.04286694101508916,2132.8,True,True,True
20.0,0.18,275.0,49.5,47.465245379572984,0.04208754208754208,2176.0,True,True,True
20.0,0.18,280.0,50.4,47.12491280402125,0.04133597883597884,2219.2,True,True,True
20.0,0.18,285.0,51.3,46.79757737067589,0.04061078622482132,2262.3999999999996,True,True,True
20.0,0.18,290.0,52.2,46.48250849763629,0.03991060025542784,2305.5999999999995,True,True,True
20.0,0.18,295.0,53.1,46.17902935153413,0.03923414940364093,2348.8,True,True,True
20.0,0.18,300.0,54.0,45.886511993986836,0.038580246913580245,2392.0,True,True,True
20.0,0.19,10.0,1.9,nan,1.0964912280701755,-108.80000000000001,False,False,False
20.0,0.19,15.0,2.85,nan,0.7309941520467835,-63.20000000000002,False,False,False
20.0,0.19,20.0,3.8,nan,0.5482456140350878,-17.600000000000016,False,False,False
20.0,0.19,25.0,4.75,1388.6619045852317,0.43859649122807015,28.000000000000025,True,False,False
20.0,0.19,30.0,5.7,546.8712396866601,0.36549707602339176,73.59999999999997,True,False,False
20.0,0.19,35.0,6.65,349.1351774621628,0.3132832080200501,119.20000000000002,True,False,False
20.0,0.19,40.0,7.6,260.8258681191836,0.2741228070175439,164.79999999999998,True,False,False
20.0,0.19,45.0,8.55,210.79511871954904,0.24366471734892786,210.39999999999992,True,False,False
20.0,0.19,50.0,9.5,178.5878237935341,0.21929824561403508,256.00000000000006,True,False,False
20.0,0.19,55.0,10.45,156.11960478679174,0.19936204146730463,301.6,True,True,False
20.0,0.19,60.0,11.4,139.55317602606002,0.18274853801169588,347.19999999999993,True,True,False
20.0,0.19,65.0,12.35,126.83312787372628,0.16869095816464239,392.8,True,True,False
20.0,0.19,70.0,13.3,116.75922112534516,0.15664160401002505,438.40000000000003,True,True,False
20.0,0.19,75.0,14.25,108.58353812789869,0.14619883040935672,484.0,True,True,False
20.0,0.19,80.0,15.2,101.81575220252004,0.13706140350877194,529.5999999999999,True,True,False
20.0,0.19,85.0,16.15,96.1210227381889,0.12899896800825594,575.2,True,True,True
20.0,0.19,90.0,17.1,91.26289012815386,0.12183235867446393,620.7999999999998,True,True,True
20.0,0.19,95.0,18.05,87.06961600256534,0.11542012927054479,666.4,True,True,True
20.0,0.19,100.0,19.0,83.41345788856907,0.10964912280701754,712.0000000000001,True,True,True
20.0,0.19,105.0,19.95,80.19742862884482,0.10442773600668338,757.6,True,True,True
20.0,0.19,110.0,20.9,77.34656603805337,0.09968102073365231,803.2,True,True,True
20.0,0.19,115.0,21.85,74.80201667567876,0.09534706331045002,848.8,True,True,True
20.0,0.19,120.0,22.8,72.51692941286646,0.09137426900584794,894.3999999999999,True,True,True
20.0,0.19,125.0,23.75,70.4535442334249,0.08771929824561403,940.0,True,True,True
20.0,0.19,130.0,24.7,68.581089176107,0.08434547908232119,985.6,True,True,True
20.0,0.19,135.0,25.65,66.87423526427726,0.08122157244964263,1031.1999999999998,True,True,True
20.0,0.19,140.0,26.6,65.31194401659951,0.07832080200501253,1076.8,True,True,True
20.0,0.19,145.0,27.55,63.876595892396644,0.07562008469449484,1122.3999999999999,True,True,True
20.0,0.19,150.0,28.5,62.55332289570003,0.07309941520467836,1168.0,True,True,True
20.0,0.19,155.0,29.45,61.32949164035043,0.07074136955291455,1213.6,True,True,True
20.0,0.19,160.0,30.4,60.194298735134154,0.06853070175438597,1259.1999999999998,True,True,True
20.0,0.19,165.0,31.35,59.13845101152096,0.06645401382243488,1304.8,True,True,True
20.0,0.19,170.0,32.3,58.153910539384036,0.06449948400412797,1350.4,True,True,True
20.0,0.19,175.0,33.25,57.23368961671622,0.06265664160401002,1396.0,True,True,True
20.0,0.19,180.0,34.2,56.37168466806847,0.060916179337231965,1441.5999999999997,True,True,True
20.0,0.19,185.0,35.15,55.562540700671825,0.05926979611190138,1487.2,True,True,True
20.0,0.19,190.0,36.1,54.80153995471736,0.057710064635272396,1532.8,True,True,True
20.0,0.19,195.0,37.05,54.0845098550066,0.05623031938821413,1578.4,True,True,True
20.0,0.19,200.0,38.0,53.40774647025497,0.05482456140350877,1624.0000000000002,True,True,True
20.0,0.19,205.0,38.95,52.7679505152406,0.05348737697903294,1669.5999999999997,True,True,True
20.0,0.19,210.0,39.9,52.16217356156562,0.05221386800334169,1715.2,True,True,True
20.0,0.19,215.0,40.85,51.58777260639992,0.05099959200326396,1760.8,True,True,True
20.0,0.19,220.0,41.8,51.04237152230993,0.04984051036682616,1806.4,True,True,True
20.0,0.19,225.0,42.75,50.523828202188064,0.04873294346978558,1852.0,True,True,True
20.0,0.19,230.0,43.7,50.03020644129634,0.04767353165522501,1897.6,True,True,True
20.0,0.19,235.0,44.65,49.55975177828097,0.046659201194475544,1943.1999999999998,True,True,True
20.0,0.19,240.0,45.6,49.11087065974821,0.04568713450292397,1988.7999999999997,True,True,True
20.0,0.19,245.0,46.55,48.68211240693023,0.044754744002864305,2034.3999999999999,True,True,True
20.0,0.19,250.0,47.5,48.27215355442813,0.043859649122807015,2080.0,True,True,True
20.0,0.19,255.0,48.45,47.87978420481848,0.042999656002751976,2125.6,True,True,True
20.0,0.19,260.0,49.4,47.5038961027606,0.042172739541160596,2171.2,True,True,True
20.0,0.19,265.0,50.35,47.14347218101111,0.04137702747434624,2216.8,True,True,True
20.0,0.19,270.0,51.3,46.797577370675874,0.04061078622482132,2262.4,True,True,True
20.0,0.19,275.0,52.25,46.465350500853,0.03987240829346093,2308.0,True,True,True
20.0,0.19,280.0,53.2,46.14599713992198,0.039160401002506263,2353.6,True,True,True
20.0,0.19,285.0,54.15,45.83878325319774,0.038473376423514935,2399.1999999999994,True,True,True
20.0,0.19,290.0,55.1,45.54302957036309,0.03781004234724742,2444.7999999999997,True,True,True
20.0,0.19,295.0,56.05,45.258106571705476,0.03716919417187036,2490.4,True,True,True
20.0,0.19,300.0,57.0,44.983430015270876,0.03654970760233918,2536.0,True,True,True
20.0,0.2,10.0,2.0,nan,1.0416666666666667,-104.0,False,False,False
20.0,0.2,15.0,3.0,nan,0.6944444444444445,-56.00000000000003,False,False,False
20.0,0.2,20.0,4.0,nan,0.5208333333333334,-8.000000000000028,False,False,False
20.0,0.2,25.0,5.0,981.0580036869767,0.41666666666666663,39.99999999999999,True,False,False
20.0,0.2,30.0,6.0,462.2894025437413,0.34722222222222227,87.99999999999994,True,False,False
20.0,0.2,35.0,7.0,309.71040220749535,0.29761904761904767,136.0,True,False,False
20.0,0.2,40.0,8.0,236.73783682929096,0.2604166666666667,183.99999999999994,True,False,False
20.0,0.2,45.0,9.0,193.96081574551587,0.2314814814814815,231.99999999999994,True,False,False
20.0,0.2,50.0,10.0,165.85020189046367,0.20833333333333331,280.0,True,False,False
20.0,0.2,55.0,11.0,145.96708477347556,0.18939393939393942,327.99999999999994,True,True,False
20.0,0.2,60.0,12.0,131.16050819699504,0.17361111111111113,375.9999999999999,True,True,False
20.0,0.2,65.0,13.0,119.7063640529252,0.16025641025641027,423.99999999999994,True,True,False
20.0,0.2,70.0,14.0,110.58187634493734,0.14880952380952384,472.0,True,True,False
20.0,0.2,75.0,15.0,103.14190944457806,0.1388888888888889,519.9999999999999,True,True,False
20.0,0.2,80.0,16.0,96.95940173864567,0.13020833333333334,567.9999999999999,True,True,True
20.0,0.2,85.0,17.0,91.74040172714432,0.12254901960784313,615.9999999999999,True,True,True
20.0,0.2,90.0,18.0,87.27595593417325,0.11574074074074076,663.9999999999999,True,True,True
20.0,0.2,95.0,19.0,83.41345788856911,0.10964912280701754,711.9999999999999,True,True,True
20.0,0.2,100.0,20.0,80.03885433293597,0.10416666666666666,760.0,True,True,True
20.0,0.2,105.0,21.0,77.06519377401175,0.0992063492063492,807.9999999999999,True,True,True
20.0,0.2,110.0,22.0,74.42502785720988,0.09469696969696971,855.9999999999999,True,True,True
20.0,0.2,115.0,23.0,72.06523354219226,0.09057971014492755,903.9999999999998,True,True,True
20.0,0.2,120.0,24.0,69.9434016791092,0.08680555555555557,951.9999999999998,True,True,True
20.0,0.2,125.0,25.0,68.02526567488212,0.08333333333333334,999.9999999999999,True,True,True
20.0,0.2,130.0,26.0,66.28283678554605,0.08012820512820513,1047.9999999999998,True,True,True
20.0,0.2,135.0,27.0,64.69302940476497,0.0771604938271605,1096.0,True,True,True
20.0,0.2,140.0,28.0,63.23663243355993,0.07440476190476192,1144.0,True,True,True
20.0,0.2,145.0,29.0,61.897529178156645,0.07183908045977011,1191.9999999999998,True,True,True
20.0,0.2,150.0,30.0,60.66209843284908,0.06944444444444445,1239.9999999999998,True,True,True
20.0,0.2,155.0,31.0,59.518749482222844,0.06720430107526883,1287.9999999999998,True,True,True
20.0,0.2,160.0,32.0,58.45755734242003,0.06510416666666667,1335.9999999999998,True,True,True
20.0,0.2,165.0,33.0,57.46997390595615,0.06313131313131312,1384.0,True,True,True
20.0,0.2,170.0,34.0,56.54859718031667,0.061274509803921566,1431.9999999999998,True,True,True
20.0,0.2,175.0,35.0,55.68698543147542,0.05952380952380952,1479.9999999999998,True,True,True
20.0,0.2,180.0,36.0,54.879506357954035,0.05787037037037038,1527.9999999999998,True,True,True
20.0,0.2,185.0,37.0,54.12121382698219,0.0563063063063063,1575.9999999999998,True,True,True
20.0,0.2,190.0,38.0,53.40774647025498,0.05482456140350877,1623.9999999999998,True,True,True
20.0,0.2,195.0,39.0,52.735243746449896,0.05341880341880342,1672.0,True,True,True
20.0,0.2,200.0,40.0,52.100276058392076,0.05208333333333333,1720.0,True,True,True
20.0,0.2,205.0,41.0,51.49978625384872,0.0508130081300813,1767.9999999999995,True,True,True
20.0,0.2,210.0,42.0,50.93104040373055,0.0496031746031746,1815.9999999999998,True,True,True
20.0,0.2,215.0,43.0,50.39158618537813,0.048449612403100785,1864.0,True,True,True
20.0,0.2,220.0,44.0,49.87921753447437,0.047348484848484855,1911.9999999999998,True,True,True
20.0,0.2,225.0,45.0,49.391944490961805,0.0462962962962963,1959.9999999999998,True,True,True
20.0,0.2,230.0,46.0,48.92796736984826,0.045289855072463775,2007.9999999999995,True,True,True
20.0,0.2,235.0,47.0,48.48565455010966,0.044326241134751775,2055.9999999999995,True,True,True
20.0,0.2,240.0,48.0,48.06352330389525,0.04340277777777778,2103.9999999999995,True,True,True
20.0,0.2,245.0,49.0,47.66022319134097,0.042517006802721094,2151.9999999999995,True,True,True
20.0,0.2,250.0,50.0,47.274521629152694,0.04166666666666667,2199.9999999999995,True,True,True
20.0,0.2,255.0,51.0,46.9052913080543,0.04084967320261439,2247.9999999999995,True,True,True
20.0,0.2,260.0,52.0,46.55149918853493,0.04006410256410257,2295.9999999999995,True,True,True
20.0,0.2,265.0,53.0,46.21219684865459,0.039308176100628936,2343.9999999999995,True,True,True
20.0,0.2,270.0,54.0,45.886511993986836,0.03858024691358025,2392.0,True,True,True
20.0,0.2,275.0,55.0,45.57364096966667,0.03787878787878789,2440.0,True,True,True
20.0,0.2,280.0,56.0,45.27284213921094,0.03720238095238096,2488.0,True,True,True
20.0,0.2,285.0,57.0,44.98343001527089,0.03654970760233918,2535.9999999999995,True,True,True
20.0,0.2,290.0,58.0,44.70477004454224,0.035919540229885055,2583.9999999999995,True,True,True
20.0,0.2,295.0,59.0,44.43627396332342,0.035310734463276844,2631.9999999999995,True,True,True
20.0,0.2,300.0,60.0,44.17739565217815,0.034722222222222224,2679.9999999999995,True,True,True
20.0,0.21,10.0,2.1,nan,0.9920634920634921,-99.2,False,False,False
20.0,0.21,15.0,3.15,nan,0.6613756613756614,-48.800000000000026,False,False,False
20.0,0.21,20.0,4.2,23806.87645398932,0.49603174603174605,1.6000000000000014,True,False,False
20.0,0.21,25.0,5.25,761.578980126377,0.3968253968253968,52.0,True,False,False
20.0,0.21,30.0,6.3,401.49620709726827,0.3306878306878307,102.39999999999995,True,False,False
20.0,0.21,35.0,7.35,278.9549492601369,0.28344671201814065,152.8,True,False,False
20.0,0.21,40.0,8.4,217.20187444457466,0.24801587301587302,203.2,True,False,False
20.0,0.21,45.0,9.45,179.99418583330538,0.22045855379188714,253.59999999999997,True,False,False
20.0,0.21,50.0,10.5,155.1237834457727,0.1984126984126984,304.0,True,True,False
20.0,0.21,55.0,11.55,137.32712981857665,0.18037518037518038,354.3999999999999,True,True,False
20.0,0.21,60.0,12.6,123.96205397206579,0.16534391534391535,404.79999999999995,True,True,False
20.0,0.21,65.0,13.65,113.55655555378048,0.15262515262515264,455.19999999999993,True,True,False
20.0,0.21,70.0,14.7,105.22557106065968,0.14172335600907032,505.6,True,True,False
20.0,0.21,75.0,15.75,98.40495210154353,0.1322751322751323,556.0,True,True,True
20.0,0.21,80.0,16.8,92.7181035762646,0.12400793650793651,606.4,True,True,True
20.0,0.21,85.0,17.85,87.90402352136955,0.11671335200746966,656.8,True,True,True
20.0,0.21,90.0,18.9,83.77611324805456,0.11022927689594357,707.1999999999999,True,True,True
20.0,0.21,95.0,19.95,80.19742862884482,0.10442773600668338,757.6,True,True,True
20.0,0.21,100.0,21.0,77.06519377401175,0.0992063492063492,808.0,True,True,True
20.0,0.21,105.0,22.05,74.30077028144238,0.09448223733938019,858.4,True,True,True
20.0,0.21,110.0,23.1,71.84296418329535,0.09018759018759019,908.7999999999998,True,True,True
20.0,0.21,115.0,24.15,69.64344296285184,0.0862663906142167,959.1999999999999,True,True,True
20.0,0.21,120.0,25.2,67.66352528739714,0.08267195767195767,1009.5999999999999,True,True,True
20.0,0.21,125.0,26.25,65.87188657579696,0.07936507936507936,1060.0,True,True,True
20.0,0.21,130.0,27.3,64.24288941870807,0.07631257631257632,1110.4,True,True,True
20.0,0.21,135.0,28.35,62.75534894100802,0.07348618459729571,1160.7999999999997,True,True,True
20.0,0.21,140.0,29.4,61.391606415877455,0.07086167800453516,1211.2,True,True,True
20.0,0.21,145.0,30.45,60.13682492953349,0.06841817186644773,1261.5999999999997,True,True,True
20.0,0.21,150.0,31.5,58.978447386652505,0.06613756613756615,1312.0,True,True,True
20.0,0.21,155.0,32.55,57.90577481758423,0.06400409626216079,1362.3999999999999,True,True,True
20.0,0.21,160.0,33.6,56.90963494596928,0.062003968253968256,1412.8,True,True,True
20.0,0.21,165.0,34.65,55.9821192535908,0.06012506012506012,1463.2000000000003,True,True,True
20.0,0.21,170.0,35.7,55.1163725766667,0.05835667600373483,1513.6,True,True,True
20.0,0.21,175.0,36.75,54.30642338377966,0.056689342403628114,1564.0,True,True,True
20.0,0.21,180.0,37.8,53.54704584515613,0.055114638447971785,1614.3999999999999,True,True,True
20.0,0.21,185.0,38.85,52.83364695615611,0.053625053625053626,1664.8,True,True,True
20.0,0.21,190.0,39.9,52.16217356156562,0.05221386800334169,1715.2,True,True,True
20.0,0.21,195.0,40.95,51.529035304137984,0.05087505087505088,1765.5999999999997,True,True,True
20.0,0.21,200.0,42.0,50.93104040373055,0.0496031746031746,1816.0,True,True,True
20.0,0.21,205.0,43.05,50.36534184170775,0.0483933410762679,1866.3999999999999,True,True,True
20.0,0.21,210.0,44.1,49.829392035450745,0.047241118669690094,1916.8,True,True,True
20.0,0.21,215.0,45.15,49.32090448034804,0.04614248800295312,1967.2,True,True,True
20.0,0.21,220.0,46.2,48.83782114092454,0.045093795093795096,2017.5999999999997,True,True,True
20.0,0.21,225.0,47.25,48.378284610308505,0.04409171075837742,2068.0,True,True,True
20.0,0.21,230.0,48.3,47.94061424391364,0.04313319530710835,2118.3999999999996,True,True,True
20.0,0.21,235.0,49.35,47.52328562084807,0.042215467747382635,2168.8,True,True,True
20.0,0.21,240.0,50.4,47.124912804021264,0.04133597883597884,2219.1999999999994,True,True,True
20.0,0.21,245.0,51.45,46.74423296390228,0.04049238743116294,2269.6,True,True,True
20.0,0.21,250.0,52.5,46.38009300649193,0.03968253968253968,2320.0,True,True,True
20.0,0.21,255.0,53.55,46.031437907209735,0.03890445066915656,2370.3999999999996,True,True,True
20.0,0.21,260.0,54.6,45.697300502081376,0.03815628815628816,2420.8,True,True,True
20.0,0.21,265.0,55.65,45.37679252817549,0.037436358191075166,2471.1999999999994,True,True,True
20.0,0.21,270.0,56.7,45.06909673850568,0.036743092298647854,2521.5999999999995,True,True,True
20.0,0.21,275.0,57.75,44.77345994401422,0.03607503607503608,2572.0,True,True,True
20.0,0.21,280.0,58.8,44.48918685791384,0.03543083900226758,2622.4,True,True,True
20.0,0.21,285.0,59.85,44.21563463647931,0.03480924533556113,2672.7999999999997,True,True,True
20.0,0.21,290.0,60.9,43.952208026061456,0.034209085933223866,2723.1999999999994,True,True,True
20.0,0.21,295.0,61.95,43.69835503921229,0.033629270917406515,2773.5999999999995,True,True,True
20.0,0.21,300.0,63.0,43.45356309382007,0.033068783068783074,2824.0,True,True,True
20.0,0.22,10.0,2.2,nan,0.9469696969696969,-94.4,False,False,False
20.0,0.22,15.0,3.3,nan,0.6313131313131314,-41.600000000000016,False,False,False
20.0,0.22,20.0,4.4,3426.6814090765124,0.47348484848484845,11.20000000000001,True,False,False
20.0,0.22,25.0,5.5,624.4045904010021,0.3787878787878788,64.00000000000001,True,False,False
20.0,0.22,30.0,6.6,355.69311463759686,0.3156565656565657,116.79999999999997,True,False,False
20.0,0.22,35.0,7.7,254.29255774574565,0.27056277056277056,169.60000000000002,True,False,False
20.0,0.22,40.0,8.8,201.03902786729154,0.23674242424242423,222.40000000000003,True,False,False
20.0,0.22,45.0,9.9,168.21999201196516,0.2104377104377104,275.2,True,False,False
20.0,0.22,50.0,11.0,145.96708477347553,0.1893939393939394,328.0,True,True,False
20.0,0.22,55.0,12.1,129.8851518112057,0.17217630853994492,380.8,True,True,False
20.0,0.22,60.0,13.2,117.71985196889831,0.15782828282828285,433.59999999999997,True,True,False
20.0,0.22,65.0,14.3,108.19570275024974,0.14568764568764567,486.4,True,True,False
20.0,0.22,70.0,15.4,100.53681717679645,0.13528138528138528,539.2,True,True,False
20.0,0.22,75.0,16.5,94.24411119212131,0.12626262626262624,592.0,True,True,True
20.0,0.22,80.0,17.6,88.98197244066839,0.11837121212121211,644.8,True,True,True
20.0,0.22,85.0,18.7,84.51639597727946,0.11140819964349377,697.5999999999999,True,True,True
20.0,0.22,90.0,19.8,80.67923752366379,0.1052188552188552,750.4,True,True,True
20.0,0.22,95.0,20.9,77.34656603805337,0.09968102073365231,803.2,True,True,True
20.0,0.22,100.0,22.0,74.42502785720987,0.0946969696969697,856.0,True,True,True
20.0,0.22,105.0,23.1,71.84296418329535,0.09018759018759018,908.7999999999998,True,True,True
20.0,0.22,110.0,24.2,69.54445492282237,0.08608815426997246,961.6,True,True,True
20.0,0.22,115.0,25.3,67.48522265160997,0.08234519104084322,1014.3999999999999,True,True,True
20.0,0.22,120.0,26.4,65.62975249419071,0.07891414141414142,1067.1999999999998,True,True,True
20.0,0.22,125.0,27.5,63.94922666589954,0.07575757575757575,1120.0,True,True,True
20.0,0.22,130.0,28.6,62.42001694220211,0.07284382284382283,1172.8,True,True,True
20.0,0.22,135.0,29.7,61.02256680305305,0.07014590347923681,1225.6,True,True,True
20.0,0.22,140.0,30.8,59.74055059279488,0.06764069264069264,1278.4,True,True,True
20.0,0.22,145.0,31.9,58.56023278383124,0.06530825496342739,1331.2,True,True,True
20.0,0.22,150.0,33.0,57.46997390595615,0.06313131313131312,1384.0,True,True,True
20.0,0.22,155.0,34.1,56.459845413314646,0.06109481915933528,1436.7999999999997,True,True,True
20.0,0.22,160.0,35.2,55.52132645935664,0.05918560606060606,1489.6,True,True,True
20.0,0.22,165.0,36.3,54.64706295245385,0.0573921028466483,1542.4,True,True,True
20.0,0.22,170.0,37.4,53.830674462056166,0.055704099821746886,1595.1999999999998,True,True,True
20.0,0.22,175.0,38.5,53.06659824385872,0.05411255411255411,1648.0,True,True,True
20.0,0.22,180.0,39.6,52.34996231766599,0.0526094276094276,1700.8,True,True,True
20.0,0.22,185.0,40.7,51.676481474619926,0.05118755118755118,1753.5999999999997,True,True,True
20.0,0.22,190.0,41.8,51.04237152230993,0.04984051036682616,1806.4,True,True,True
20.0,0.22,195.0,42.9,50.444278142162126,0.04856254856254857,1859.1999999999998,True,True,True
20.0,0.22,200.0,44.0,49.87921753447437,0.04734848484848485,1912.0,True,True,True
20.0,0.22,205.0,45.1,49.34452663371445,0.046193643754619367,1964.8,True,True,True
20.0,0.22,210.0,46.2,48.83782114092454,0.04509379509379509,2017.5999999999997,True,True,True
20.0,0.22,215.0,47.3,48.356959977751394,0.044045102184637065,2070.4,True,True,True
20.0,0.22,220.0,48.4,47.90001504424626,0.04304407713498623,2123.2,True,True,True
20.0,0.22,225.0,49.5,47.465245379572984,0.04208754208754208,2176.0,True,True,True
20.0,0.22,230.0,50.6,47.05107499549443,0.04117259552042161,2228.7999999999997,True,True,True
20.0,0.22,235.0,51.7,46.65607378767757,0.04029658284977433,2281.6,True,True,True
20.0,0.22,240.0,52.8,46.278941037513846,0.03945707070707071,2334.4,True,True,True
20.0,0.22,245.0,53.9,45.918491103376134,0.03865182436611008,2387.2,True,True,True
20.0,0.22,250.0,55.0,45.57364096966667,0.03787878787878787,2440.0,True,True,True
20.0,0.22,255.0,56.1,45.243399378206774,0.037136066547831255,2492.7999999999997,True,True,True
20.0,0.22,260.0,57.2,44.9268573122254,0.03642191142191142,2545.6,True,True,True
20.0,0.22,265.0,58.3,44.623179640551164,0.035734705546026306,2598.4,True,True,True
20.0,0.22,270.0,59.4,44.331597760265296,0.035072951739618406,2651.2,True,True,True
20.0,0.22,275.0,60.5,44.05140310133968,0.03443526170798898,2704.0,True,True,True
20.0,0.22,280.0,61.6,43.781941377695034,0.03382034632034632,2756.8,True,True,True
20.0,0.22,285.0,62.7,43.522607486488056,0.03322700691121744,2809.5999999999995,True,True,True
20.0,0.22,290.0,63.8,43.27284097192706,0.032654127481713695,2862.4,True,True,True
20.0,0.22,295.0,64.9,43.0321219820428,0.03210066769388803,2915.1999999999994,True,True,True
20.0,0.22,300.0,66.0,42.79996765702774,0.03156565656565656,2968.0,True,True,True
20.0,0.23,10.0,2.3,nan,0.9057971014492755,-89.60000000000001,False,False,False
20.0,0.23,15.0,3.45,nan,0.6038647342995169,-34.40000000000003,False,False,False
20.0,0.23,20.0,4.6,1858.9740979293772,0.45289855072463775,20.799999999999972,True,False,False
20.0,0.23,25.0,5.75,530.5484290099563,0.3623188405797102,75.99999999999999,True,False,False
20.0,0.23,30.0,6.9,319.94435954712173,0.30193236714975846,131.19999999999993,True,False,False
20.0,0.23,35.0,8.05,234.07574753437785,0.25879917184265017,186.4,True,False,False
20.0,0.23,40.0,9.2,187.44511054732496,0.22644927536231887,241.59999999999994,True,False,False
20.0,0.23,45.0,10.35,158.159562250874,0.20128824476650564,296.7999999999999,True,True,False
20.0,0.23,50.0,11.5,138.0590268292189,0.1811594202898551,351.99999999999994,True,True,False
20.0,0.23,55.0,12.65,123.40814541186327,0.16469038208168646,407.19999999999993,True,True,False
20.0,0.23,60.0,13.8,112.25522530176558,0.15096618357487923,462.39999999999986,True,True,False
20.0,0.23,65.0,14.95,103.48113513787109,0.13935340022296547,517.5999999999999,True,True,False
20.0,0.23,70.0,16.1,96.39814056422442,0.12939958592132508,572.8,True,True,True
20.0,0.23,75.0,17.25,90.5603093678558,0.12077294685990339,627.9999999999999,True,True,True
20.0,0.23,80.0,18.4,85.66582794326565,0.11322463768115944,683.1999999999999,True,True,True
20.0,0.23,85.0,19.55,81.5031324738147,0.10656436487638535,738.3999999999999,True,True,True
20.0,0.23,90.0,20.7,77.919521656364,0.10064412238325282,793.5999999999998,True,True,True
20.0,0.23,95.0,21.85,74.80201667567876,0.09534706331045004,848.8,True,True,True
20.0,0.23,100.0,23.0,72.06523354219226,0.09057971014492755,903.9999999999999,True,True,True
20.0,0.23,105.0,24.15,69.64344296285184,0.0862663906142167,959.1999999999999,True,True,True
20.0,0.23,110.0,25.3,67.48522265160997,0.08234519104084323,1014.3999999999999,True,True,True
20.0,0.23,115.0,26.45,65.54976554377228,0.07876496534341525,1069.5999999999997,True,True,True
20.0,0.23,120.0,27.6,63.80427506529563,0.07548309178743962,1124.7999999999997,True,True,True
20.0,0.23,125.0,28.75,62.22209149260184,0.07246376811594205,1180.0,True,True,True
20.0,0.23,130.0,29.9,60.78132070036906,0.06967670011148273,1235.1999999999998,True,True,True
20.0,0.23,135.0,31.05,59.4638148612225,0.06709608158883522,1290.3999999999999,True,True,True
20.0,0.23,140.0,32.2,58.25440403147086,0.06469979296066254,1345.6,True,True,True
20.0,0.23,145.0,33.35,57.14030941788467,0.06246876561719142,1400.8,True,True,True
20.0,0.23,150.0,34.5,56.11069011016384,0.060386473429951695,1455.9999999999998,True,True,True
20.0,0.23,155.0,35.65,55.156289153139376,0.0584385226741468,1511.1999999999998,True,True,True
20.0,0.23,160.0,36.8,54.26915445355586,0.05661231884057972,1566.3999999999999,True,True,True
20.0,0.23,165.0,37.95,53.44241668961247,0.054896794027228815,1621.5999999999997,True,True,True
20.0,0.23,170.0,39.1,52.670111087608085,0.053282182438192674,1676.7999999999997,True,True,True
20.0,0.23,175.0,40.25,51.94703327917259,0.05175983436853002,1732.0,True,True,True
20.0,0.23,180.0,41.4,51.26862187072102,0.05032206119162641,1787.1999999999996,True,True,True
20.0,0.23,185.0,42.55,50.630862122871406,0.04896200548374462,1842.4,True,True,True
20.0,0.23,190.0,43.7,50.03020644129634,0.04767353165522502,1897.6,True,True,True
20.0,0.23,195.0,44.85,49.46350835253462,0.04645113340765515,1952.7999999999997,True,True,True
20.0,0.23,200.0,46.0,48.92796736984826,0.045289855072463775,2007.9999999999998,True,True,True
20.0,0.23,205.0,47.15,48.4210827096166,0.04418522446094026,2063.2,True,True,True
20.0,0.23,210.0,48.3,47.94061424391364,0.04313319530710835,2118.3999999999996,True,True,True
20.0,0.23,215.0,49.45,47.48454940289489,0.042130097741826765,2173.5999999999995,True,True,True
20.0,0.23,220.0,50.6,47.05107499549443,0.041172595520421615,2228.7999999999997,True,True,True
20.0,0.23,225.0,51.75,46.63855311636763,0.04025764895330113,2283.9999999999995,True,True,True
20.0,0.23,230.0,52.9,46.245500464094285,0.03938248267170762,2339.1999999999994,True,True,True
20.0,0.23,235.0,54.05,45.87057052014493,0.0385445575084798,2394.4,True,True,True
20.0,0.23,240.0,55.2,45.51253813735332,0.03774154589371981,2449.5999999999995,True,True,True
20.0,0.23,245.0,56.35,45.170286166195446,0.03697131026323573,2504.8,True,True,True
20.0,0.23,250.0,57.5,44.84279381129377,0.03623188405797102,2560.0,True,True,True
20.0,0.23,255.0,58.65,44.52912646250296,0.035521454958795114,2615.1999999999994,True,True,True
20.0,0.23,260.0,59.8,44.22842678720918,0.03483835005574137,2670.3999999999996,True,True,True
20.0,0.23,265.0,60.95,43.939906905044424,0.034181022696199076,2725.5999999999995,True,True,True
20.0,0.23,270.0,62.1,43.66284149461117,0.03354804079441761,2780.7999999999997,True,True,True
20.0,0.23,275.0,63.25,43.39656170523287,0.03293807641633729,2836.0,True,True,True
20.0,0.23,280.0,64.4,43.14044976614073,0.03234989648033127,2891.2,True,True,True
20.0,0.23,285.0,65.55,42.8939342016331,0.03178235443681668,2946.3999999999996,True,True,True
20.0,0.23,290.0,66.7,42.656485574199564,0.03123438280859571,3001.6,True,True,True
20.0,0.23,295.0,67.85,42.42761268887173,0.030704986489805946,3056.8,True,True,True
20.0,0.23,300.0,69.0,42.20685920153239,0.030193236714975848,3111.9999999999995,True,True,True
20.0,0.24,10.0,2.4,nan,0.8680555555555556,-84.80000000000001,False,False,False
20.0,0.24,15.0,3.6,nan,0.5787037037037038,-27.20000000000002,False,False,False
20.0,0.24,20.0,4.8,1281.397720138324,0.4340277777777778,30.39999999999998,True,False,False
20.0,0.24,25.0,6.0,462.2894025437411,0.3472222222222222,87.99999999999999,True,False,False
20.0,0.24,30.0,7.2,291.26678678223493,0.2893518518518519,145.59999999999994,True,False,False
20.0,0.24,35.0,8.4,217.20187444457466,0.24801587301587302,203.2,True,False,False
20.0,0.24,40.0,9.6,175.85275160575833,0.2170138888888889,260.79999999999995,True,False,False
20.0,0.24,45.0,10.8,149.46411542219204,0.19290123456790123,318.3999999999999,True,True,False
20.0,0.24,50.0,12.0,131.160508196995,0.1736111111111111,376.0,True,True,False
20.0,0.24,55.0,13.2,117.71985196889831,0.15782828282828285,433.59999999999997,True,True,False
20.0,0.24,60.0,14.4,107.43140176172334,0.14467592592592596,491.1999999999999,True,True,False
20.0,0.24,65.0,15.6,99.30262623360545,0.13354700854700854,548.8,True,True,True
20.0,0.24,70.0,16.8,92.7181035762646,0.12400793650793651,606.4,True,True,True
20.0,0.24,75.0,18.0,87.27595593417325,0.11574074074074076,664.0,True,True,True
20.0,0.24,80.0,19.2,82.70262121942244,0.10850694444444445,721.5999999999999,True,True,True
20.0,0.24,85.0,20.4,78.80542633929593,0.10212418300653595,779.2,True,True,True
20.0,0.24,90.0,21.6,75.44474777153872,0.09645061728395062,836.7999999999998,True,True,True
20.0,0.24,95.0,22.8,72.51692941286646,0.09137426900584794,894.3999999999999,True,True,True
20.0,0.24,100.0,24.0,69.9434016791092,0.08680555555555555,952.0,True,True,True
20.0,0.24,105.0,25.2,67.66352528739712,0.08267195767195767,1009.6,True,True,True
20.0,0.24,110.0,26.4,65.62975249419071,0.07891414141414142,1067.1999999999998,True,True,True
20.0,0.24,115.0,27.6,63.804275065295606,0.07548309178743962,1124.8,True,True,True
20.0,0.24,120.0,28.8,62.15665200024415,0.07233796296296298,1182.3999999999999,True,True,True
20.0,0.24,125.0,30.0,60.66209843284908,0.06944444444444445,1239.9999999999998,True,True,True
20.0,0.24,130.0,31.2,59.300230262312766,0.06677350427350427,1297.6,True,True,True
20.0,0.24,135.0,32.4,58.054128925635496,0.06430041152263374,1355.2,True,True,True
20.0,0.24,140.0,33.6,56.90963494596928,0.062003968253968256,1412.8,True,True,True
20.0,0.24,145.0,34.8,55.8548075240136,0.05986590038314176,1470.3999999999999,True,True,True
20.0,0.24,150.0,36.0,54.87950635795403,0.05787037037037038,1528.0,True,True,True
20.0,0.24,155.0,37.2,53.9750646106193,0.05600358422939069,1585.5999999999997,True,True,True
20.0,0.24,160.0,38.4,53.13403065861864,0.054253472222222224,1643.1999999999998,True,True,True
20.0,0.24,165.0,39.6,52.34996231766599,0.0526094276094276,1700.8,True,True,True
20.0,0.24,170.0,40.8,51.61726151133445,0.05106209150326797,1758.4,True,True,True
20.0,0.24,175.0,42.0,50.93104040373055,0.0496031746031746,1816.0,True,True,True
20.0,0.24,180.0,43.2,50.287012225031425,0.04822530864197531,1873.5999999999997,True,True,True
20.0,0.24,185.0,44.4,49.68140163445684,0.046921921921921926,1931.1999999999998,True,True,True
20.0,0.24,190.0,45.6,49.11087065974821,0.04568713450292397,1988.7999999999997,True,True,True
20.0,0.24,195.0,46.8,48.572457144131846,0.04451566951566952,2046.3999999999999,True,True,True
20.0,0.24,200.0,48.0,48.06352330389525,0.043402777777777776,2104.0,True,True,True
20.0,0.24,205.0,49.2,47.581712510658676,0.04234417344173442,2161.5999999999995,True,True,True
20.0,0.24,210.0,50.4,47.12491280402125,0.04133597883597884,2219.2,True,True,True
20.0,0.24,215.0,51.6,46.69122594269506,0.04037467700258398,2276.8,True,True,True
20.0,0.24,220.0,52.8,46.278941037513846,0.03945707070707071,2334.4,True,True,True
20.0,0.24,225.0,54.0,45.886511993986836,0.038580246913580245,2392.0,True,True,True
20.0,0.24,230.0,55.2,45.51253813735331,0.03774154589371981,2449.6,True,True,True
20.0,0.24,235.0,56.4,45.15574750833793,0.03693853427895981,2507.2,True,True,True
20.0,0.24,240.0,57.6,44.814982409758684,0.03616898148148149,2564.7999999999997,True,True,True
20.0,0.24,245.0,58.8,44.489186857913836,0.03543083900226758,2622.3999999999996,True,True,True
20.0,0.24,250.0,60.0,44.17739565217815,0.034722222222222224,2679.9999999999995,True,True,True
20.0,0.24,255.0,61.2,43.878724824474574,0.03404139433551198,2737.6,True,True,True
20.0,0.24,260.0,62.4,43.59236326957849,0.033386752136752136,2795.2,True,True,True
20.0,0.24,265.0,63.6,43.31756538936132,0.03275681341719078,2852.7999999999997,True,True,True
20.0,0.24,270.0,64.8,43.05364461050514,0.03215020576131687,2910.4,True,True,True
20.0,0.24,275.0,66.0,42.79996765702774,0.03156565656565656,2968.0,True,True,True
20.0,0.24,280.0,67.2,42.555949477030175,0.031001984126984128,3025.6,True,True,True
20.0,0.24,285.0,68.4,42.32104873811193,0.03045808966861599,3083.1999999999994,True,True,True
20.0,0.24,290.0,69.6,42.094763818450986,0.02993295019157088,3140.7999999999997,True,True,True
20.0,0.24,295.0,70.8,41.87662923106399,0.029425612052730695,3198.3999999999996,True,True,True
20.0,0.24,300.0,72.0,41.666212427604194,0.02893518518518519,3256.0,True,True,True
20.0,0.25,10.0,2.5,nan,0.8333333333333333,-80.0,False,False,False
20.0,0.25,15.0,3.75,nan,0.5555555555555556,-20.000000000000018,False,False,False
20.0,0.25,20.0,5.0,981.0580036869767,0.41666666666666663,39.99999999999999,True,False,False
20.0,0.25,25.0,6.25,410.41254242941756,0.3333333333333333,100.0,True,False,False
20.0,0.25,30.0,7.5,267.7511771150278,0.2777777777777778,159.99999999999997,True,False,False
20.0,0.25,35.0,8.75,202.9051019721233,0.23809523809523808,220.00000000000003,True,False,False
20.0,0.25,40.0,10.0,165.85020189046367,0.20833333333333331,280.0,True,False,False
20.0,0.25,45.0,11.25,141.87350183762507,0.18518518518518517,339.99999999999994,True,True,False
20.0,0.25,50.0,12.5,125.089811800638,0.16666666666666666,400.0,True,True,False
20.0,0.25,55.0,13.75,112.68447568634328,0.1515151515151515,459.99999999999994,True,True,False
20.0,0.25,60.0,15.0,103.14190944457806,0.1388888888888889,519.9999999999999,True,True,False
20.0,0.25,65.0,16.25,95.57366725283323,0.1282051282051282,580.0,True,True,True
20.0,0.25,70.0,17.5,89.42447047204055,0.11904761904761904,640.0,True,True,True
20.0,0.25,75.0,18.75,84.32942171081235,0.1111111111111111,700.0,True,True,True
20.0,0.25,80.0,20.0,80.03885433293597,0.10416666666666666,760.0,True,True,True
20.0,0.25,85.0,21.25,76.3761748640171,0.0980392156862745,819.9999999999999,True,True,True
20.0,0.25,90.0,22.5,73.21295168631447,0.09259259259259259,879.9999999999999,True,True,True
20.0,0.25,95.0,23.75,70.4535442334249,0.08771929824561403,940.0,True,True,True
20.0,0.25,100.0,25.0,68.02526567488209,0.08333333333333333,1000.0,True,True,True
20.0,0.25,105.0,26.25,65.87188657579696,0.07936507936507936,1060.0,True,True,True
20.0,0.25,110.0,27.5,63.94922666589954,0.07575757575757575,1120.0,True,True,True
20.0,0.25,115.0,28.75,62.22209149260184,0.07246376811594203,1180.0,True,True,True
20.0,0.25,120.0,30.0,60.66209843284908,0.06944444444444445,1239.9999999999998,True,True,True
20.0,0.25,125.0,31.25,59.24610473245811,0.06666666666666667,1300.0,True,True,True
20.0,0.25,130.0,32.5,57.95505165268989,0.0641025641025641,1360.0,True,True,True
20.0,0.25,135.0,33.75,56.77310165008516,0.0617283950617284,1420.0,True,True,True
20.0,0.25,140.0,35.0,55.686985431475414,0.05952380952380952,1480.0,True,True,True
20.0,0.25,145.0,36.25,54.685501645484614,0.057471264367816084,1539.9999999999998,True,True,True
20.0,0.25,150.0,37.5,53.75912914344313,0.05555555555555555,1600.0,True,True,True
20.0,0.25,155.0,38.75,52.899723328296204,0.05376344086021505,1659.9999999999998,True,True,True
20.0,0.25,160.0,40.0,52.100276058392076,0.05208333333333333,1720.0,True,True,True
20.0,0.25,165.0,41.25,51.35472411005454,0.050505050505050504,1780.0,True,True,True
20.0,0.25,170.0,42.5,50.65779511486944,0.04901960784313725,1839.9999999999998,True,True,True
20.0,0.25,175.0,43.75,50.00488268780129,0.047619047619047616,1900.0,True,True,True
20.0,0.25,180.0,45.0,49.391944490961805,0.046296296296296294,1959.9999999999998,True,True,True
20.0,0.25,185.0,46.25,48.81541846423159,0.045045045045045036,2020.0,True,True,True
20.0,0.25,190.0,47.5,48.27215355442813,0.043859649122807015,2080.0,True,True,True
20.0,0.25,195.0,48.75,47.759352097510856,0.04273504273504273,2139.9999999999995,True,True,True
20.0,0.25,200.0,50.0,47.27452162915268,0.041666666666666664,2200.0,True,True,True
20.0,0.25,205.0,51.25,46.8154343715038,0.04065040650406504,2260.0,True,True,True
20.0,0.25,210.0,52.5,46.38009300649193,0.03968253968253968,2320.0,True,True,True
20.0,0.25,215.0,53.75,45.96670162627058,0.03875968992248062,2380.0,True,True,True
20.0,0.25,220.0,55.0,45.57364096966667,0.03787878787878787,2440.0,True,True,True
20.0,0.25,225.0,56.25,45.199447224579735,0.037037037037037035,2500.0,True,True,True
20.0,0.25,230.0,57.5,44.84279381129377,0.036231884057971016,2560.0,True,True,True
20.0,0.25,235.0,58.75,44.50247566884532,0.035460992907801414,2620.0,True,True,True
20.0,0.25,240.0,60.0,44.17739565217815,0.034722222222222224,2679.9999999999995,True,True,True
20.0,0.25,245.0,61.25,43.86655271653288,0.03401360544217687,2740.0,True,True,True
20.0,0.25,250.0,62.5,43.56903162098671,0.03333333333333333,2800.0,True,True,True
20.0,0.25,255.0,63.75,43.28399392805086,0.032679738562091505,2860.0,True,True,True
20.0,0.25,260.0,65.0,43.01067011290691,0.03205128205128205,2920.0,True,True,True
20.0,0.25,265.0,66.25,42.74835262588955,0.031446540880503145,2979.9999999999995,True,True,True
20.0,0.25,270.0,67.5,42.49638977651762,0.0308641975308642,3040.0,True,True,True
20.0,0.25,275.0,68.75,42.254180327766534,0.030303030303030304,3100.0,True,True,True
20.0,0.25,280.0,70.0,42.02116870618321,0.02976190476190476,3160.0,True,True,True
20.0,0.25,285.0,71.25,41.796840747516036,0.029239766081871343,3219.9999999999995,True,True,True
20.0,0.25,290.0,72.5,41.5807199092879,0.028735632183908042,3279.9999999999995,True,True,True
20.0,0.25,295.0,73.75,41.372363891594915,0.02824858757062147,3340.0,True,True,True
20.0,0.25,300.0,75.0,41.17136161570286,0.027777777777777776,3400.0,True,True,True
20.0,0.26,10.0,2.6,nan,0.8012820512820511,-75.2,False,False,False
20.0,0.26,15.0,3.9,nan,0.5341880341880341,-12.800000000000011,False,False,False
20.0,0.26,20.0,5.2,796.9788226361511,0.40064102564102555,49.6,True,False,False
20.0,0.26,25.0,6.5,369.65215233959185,0.3205128205128205,112.00000000000001,True,False,False
20.0,0.26,30.0,7.8,248.11887913598335,0.26709401709401703,174.39999999999998,True,False,False
20.0,0.26,35.0,9.1,190.63692559373598,0.22893772893772893,236.80000000000004,True,False,False
20.0,0.26,40.0,10.4,157.1314018712496,0.20032051282051277,299.2,True,True,False
20.0,0.26,45.0,11.7,135.18973146891338,0.17806267806267806,361.59999999999997,True,True,False
20.0,0.26,50.0,13.0,119.7063640529252,0.16025641025641024,424.0,True,True,False
20.0,0.26,55.0,14.3,108.19570275024974,0.14568764568764567,486.4,True,True,False
20.0,0.26,60.0,15.6,99.30262623360545,0.13354700854700852,548.8,True,True,True
20.0,0.26,65.0,16.9,92.22541350831786,0.1232741617357002,611.2,True,True,True
20.0,0.26,70.0,18.2,86.45941834258473,0.11446886446886446,673.6000000000001,True,True,True
20.0,0.26,75.0,19.5,81.67113540060635,0.10683760683760685,736.0,True,True,True
20.0,0.26,80.0,20.8,77.63132153573078,0.10016025641025639,798.4,True,True,True
20.0,0.26,85.0,22.1,74.17720559178517,0.0942684766214178,860.7999999999998,True,True,True
20.0,0.26,90.0,23.4,71.19002386556527,0.08903133903133903,923.1999999999999,True,True,True
20.0,0.26,95.0,24.7,68.581089176107,0.08434547908232119,985.6000000000001,True,True,True
20.0,0.26,100.0,26.0,66.28283678554604,0.08012820512820512,1048.0,True,True,True
20.0,0.26,105.0,27.3,64.24288941870807,0.07631257631257632,1110.4,True,True,True
20.0,0.26,110.0,28.6,62.42001694220211,0.07284382284382283,1172.8,True,True,True
20.0,0.26,115.0,29.9,60.78132070036906,0.0696767001114827,1235.1999999999998,True,True,True
20.0,0.26,120.0,31.2,59.300230262312766,0.06677350427350426,1297.6,True,True,True
20.0,0.26,125.0,32.5,57.95505165268988,0.0641025641025641,1360.0000000000002,True,True,True
20.0,0.26,130.0,33.8,56.727897712977665,0.0616370808678501,1422.4,True,True,True
20.0,0.26,135.0,35.1,55.603888177680915,0.05935422602089269,1484.8,True,True,True
20.0,0.26,140.0,36.4,54.57054332051567,0.05723443223443223,1547.2000000000003,True,True,True
20.0,0.26,145.0,37.7,53.617318641142546,0.05526083112290009,1609.6,True,True,True
20.0,0.26,150.0,39.0,52.735243746449896,0.05341880341880342,1672.0,True,True,True
20.0,0.26,155.0,40.3,51.9166391855082,0.05169561621174523,1734.3999999999999,True,True,True
20.0,0.26,160.0,41.6,51.15489228774856,0.050080128205128194,1796.8,True,True,True
20.0,0.26,165.0,42.9,50.44427814216213,0.04856254856254857,1859.2000000000003,True,True,True
20.0,0.26,170.0,44.2,49.77981545648888,0.0471342383107089,1921.5999999999997,True,True,True
20.0,0.26,175.0,45.5,49.15714961717249,0.04578754578754578,1984.0,True,True,True
20.0,0.26,180.0,46.8,48.572457144131846,0.044515669515669515,2046.3999999999999,True,True,True
20.0,0.26,185.0,48.1,48.02236710879771,0.04331254331254331,2108.8,True,True,True
20.0,0.26,190.0,49.4,47.50389610276059,0.042172739541160596,2171.2000000000003,True,True,True
20.0,0.26,195.0,50.7,47.01439410708945,0.041091387245233396,2233.6,True,True,True
20.0,0.26,200.0,52.0,46.551499188534926,0.04006410256410256,2296.0,True,True,True
20.0,0.26,205.0,53.3,46.11309938778723,0.039086929330831764,2358.4,True,True,True
20.0,0.26,210.0,54.6,45.697300502081376,0.03815628815628816,2420.8,True,True,True
20.0,0.26,215.0,55.9,45.302398725322085,0.037268932617769826,2483.2,True,True,True
20.0,0.26,220.0,57.2,44.9268573122254,0.03642191142191142,2545.6,True,True,True
20.0,0.26,225.0,58.5,44.56928659251617,0.03561253561253561,2608.0,True,True,True
20.0,0.26,230.0,59.8,44.22842678720918,0.03483835005574135,2670.3999999999996,True,True,True
20.0,0.26,235.0,61.1,43.90313317910004,0.03409710856519367,2732.8,True,True,True
20.0,0.26,240.0,62.4,43.59236326957849,0.03338675213675213,2795.2,True,True,True
20.0,0.26,245.0,63.7,43.29516561814354,0.03270538984824699,2857.6,True,True,True
20.0,0.26,250.0,65.0,43.01067011290691,0.03205128205128205,2920.0000000000005,True,True,True
20.0,0.26,255.0,66.3,42.738079462503144,0.0314228255404726,2982.4,True,True,True
20.0,0.26,260.0,67.6,42.47666173418634,0.03081854043392505,3044.8,True,True,True
20.0,0.26,265.0,68.9,42.22574379104395,0.03023705853894533,3107.1999999999994,True,True,True
20.0,0.26,270.0,70.2,41.98470550442104,0.029677113010446347,3169.6,True,True,True
20.0,0.26,275.0,71.5,41.75297463678656,0.029137529137529136,3232.0,True,True,True
20.0,0.26,280.0,72.8,41.530022306148425,0.028617216117216116,3294.4000000000005,True,True,True
20.0,0.26,285.0,74.1,41.315358956344305,0.028115159694107057,3356.8,True,True,True
20.0,0.26,290.0,75.4,41.108530768582646,0.027630415561450045,3419.2,True,True,True
20.0,0.26,295.0,76.7,40.90911645887493,0.027162103433289873,3481.6000000000004,True,True,True
20.0,0.26,300.0,78.0,40.71672441379801,0.02670940170940171,3544.0,True,True,True
20.0,0.27,10.0,2.7,nan,0.7716049382716048,-70.4,False,False,False
20.0,0.27,15.0,4.05,nan,0.51440329218107,-5.600000000000005,False,False,False
20.0,0.27,20.0,5.4,672.6009976018095,0.3858024691358024,59.20000000000001,True,False,False
20.0,0.27,25.0,6.75,336.78087000908727,0.30864197530864196,124.00000000000001,True,False,False
20.0,0.27,30.0,8.1,231.48133847577614,0.257201646090535,188.8,True,False,False
20.0,0.27,35.0,9.45,179.9941858333053,0.2204585537918871,253.60000000000005,True,False,False
20.0,0.27,40.0,10.8,149.46411542219204,0.1929012345679012,318.4,True,True,False
20.0,0.27,45.0,12.15,129.259455045735,0.17146776406035663,383.2,True,True,False
20.0,0.27,50.0,13.5,114.89971427818159,0.15432098765432098,448.00000000000006,True,True,False
20.0,0.27,55.0,14.85,104.16911236295839,0.14029180695847362,512.8,True,True,False
20.0,0.27,60.0,16.2,95.84620783037529,0.1286008230452675,577.6,True,True,True
20.0,0.27,65.0,17.55,89.2023948722361,0.11870845204178539,642.4,True,True,True
20.0,0.27,70.0,18.9,83.77611324805454,0.11022927689594356,707.2000000000002,True,True,True
20.0,0.27,75.0,20.25,79.26077216596356,0.10288065843621398,772.0000000000001,True,True,True
20.0,0.27,80.0,21.6,75.4447477715387,0.0964506172839506,836.8,True,True,True
20.0,0.27,85.0,22.95,72.17725572129913,0.09077705156136527,901.6,True,True,True
20.0,0.27,90.0,24.3,69.34795383011486,0.08573388203017832,966.4,True,True,True
20.0,0.27,95.0,25.65,66.87423526427725,0.08122157244964262,1031.2,True,True,True
20.0,0.27,100.0,27.0,64.69302940476497,0.07716049382716049,1096.0,True,True,True
20.0,0.27,105.0,28.35,62.75534894100801,0.0734861845972957,1160.8,True,True,True
20.0,0.27,110.0,29.7,61.02256680305305,0.07014590347923681,1225.6,True,True,True
20.0,0.27,115.0,31.05,59.463814861222495,0.06709608158883522,1290.4,True,True,True
20.0,0.27,120.0,32.4,58.054128925635496,0.06430041152263374,1355.2,True,True,True
20.0,0.27,125.0,33.75,56.77310165008515,0.0617283950617284,1420.0000000000002,True,True,True
20.0,0.27,130.0,35.1,55.603888177680915,0.05935422602089269,1484.8,True,True,True
20.0,0.27,135.0,36.45,54.53246127343852,0.05715592135345221,1549.5999999999997,True,True,True
20.0,0.27,140.0,37.8,53.54704584515612,0.05511463844797178,1614.4000000000003,True,True,True
20.0,0.27,145.0,39.15,52.637684394663985,0.053214133673903784,1679.1999999999998,True,True,True
20.0,0.27,150.0,40.5,51.79589934553868,0.05144032921810699,1744.0000000000002,True,True,True
20.0,0.27,155.0,41.85,51.01442795318396,0.04978096375945838,1808.7999999999997,True,True,True
20.0,0.27,160.0,43.2,50.287012225031425,0.0482253086419753,1873.6,True,True,True
20.0,0.27,165.0,44.55,49.60823097808427,0.046763935652824544,1938.4000000000005,True,True,True
20.0,0.27,170.0,45.9,48.97336449232143,0.045388525780682636,2003.2,True,True,True
20.0,0.27,175.0,47.25,48.378284610308505,0.04409171075837742,2068.0,True,True,True
20.0,0.27,180.0,48.6,47.81936487116358,0.04286694101508916,2132.8,True,True,True
20.0,0.27,185.0,49.95,47.293406543646434,0.04170837504170838,2197.6,True,True,True
20.0,0.27,190.0,51.3,46.797577370675874,0.04061078622482131,2262.4,True,True,True
20.0,0.27,195.0,52.65,46.32936054766106,0.03956948401392845,2327.2,True,True,True
20.0,0.27,200.0,54.0,45.886511993986836,0.038580246913580245,2392.0,True,True,True
20.0,0.27,205.0,55.35,45.46702438648494,0.037639265281541705,2456.8,True,True,True
20.0,0.27,210.0,56.7,45.06909673850568,0.03674309229864785,2521.6,True,True,True
20.0,0.27,215.0,58.05,44.69110855200882,0.03588860178007465,2586.4000000000005,True,True,True
20.0,0.27,220.0,59.4,44.331597760265296,0.035072951739618406,2651.2,True,True,True
20.0,0.27,225.0,60.75,43.98924182809831,0.034293552812071325,2716.0000000000005,True,True,True
20.0,0.27,230.0,62.1,43.662841494611165,0.03354804079441761,2780.8,True,True,True
20.0,0.27,235.0,63.45,43.351306737178255,0.032834252692408715,2845.6,True,True,True
20.0,0.27,240.0,64.8,43.05364461050514,0.03215020576131687,2910.4,True,True,True
20.0,0.27,245.0,66.15,42.76894867488365,0.031494079113126724,2975.2,True,True,True
20.0,0.27,250.0,67.5,42.49638977651762,0.0308641975308642,3040.0000000000005,True,True,True
20.0,0.27,255.0,68.85,42.235207982386385,0.03025901718712176,3104.8,True,True,True
20.0,0.27,260.0,70.2,41.98470550442104,0.029677113010446347,3169.6,True,True,True
20.0,0.27,265.0,71.55,41.74424047424953,0.02911716748194735,3234.4,True,True,True
20.0,0.27,270.0,72.9,41.513221451567766,0.028577960676726105,3299.1999999999994,True,True,True
20.0,0.27,275.0,74.25,41.29110256721525,0.028058361391694726,3364.0,True,True,True
20.0,0.27,280.0,75.6,41.07737921698897,0.02755731922398589,3428.8000000000006,True,True,True
20.0,0.27,285.0,76.95,40.87158423468957,0.027073857483214208,3493.6,True,True,True
20.0,0.27,290.0,78.3,40.673284483310255,0.026607066836951892,3558.3999999999996,True,True,True
20.0,0.27,295.0,79.65,40.48207781202001,0.026156099602427287,3623.2,True,True,True
20.0,0.27,300.0,81.0,40.297590333950815,0.025720164609053495,3688.0000000000005,True,True,True
20.0,0.28,10.0,2.8,nan,0.7440476190476188,-65.6,False,False,False
20.0,0.28,15.0,4.2,23806.87645398932,0.49603174603174605,1.6000000000000014,True,False,False
20.0,0.28,20.0,5.6,582.9332632747261,0.3720238095238094,68.80000000000001,True,False,False
20.0,0.28,25.0,7.0,309.7104022074953,0.2976190476190476,136.00000000000003,True,False,False
20.0,0.28,30.0,8.4,217.20187444457466,0.24801587301587302,203.2,True,False,False
20.0,0.28,35.0,9.8,170.6739166939933,0.21258503401360546,270.40000000000003,True,False,False
20.0,0.28,40.0,11.2,142.66893738440166,0.1860119047619047,337.6000000000001,True,True,False
20.0,0.28,45.0,12.6,123.96205397206577,0.16534391534391532,404.8,True,True,False
20.0,0.28,50.0,14.0,110.58187634493734,0.1488095238095238,472.00000000000006,True,True,False
20.0,0.28,55.0,15.4,100.53681717679645,0.13528138528138528,539.2,True,True,False
20.0,0.28,60.0,16.8,92.7181035762646,0.12400793650793651,606.4,True,True,True
20.0,0.28,65.0,18.2,86.45941834258473,0.11446886446886444,673.6000000000001,True,True,True
20.0,0.28,70.0,19.6,81.3362181189029,0.10629251700680273,740.8000000000001,True,True,True
20.0,0.28,75.0,21.0,77.06519377401175,0.09920634920634919,808.0000000000002,True,True,True
20.0,0.28,80.0,22.4,73.45004885319892,0.09300595238095236,875.2000000000002,True,True,True
20.0,0.28,85.0,23.8,70.35047638289252,0.08753501400560225,942.4,True,True,True
20.0,0.28,90.0,25.2,67.66352528739712,0.08267195767195766,1009.6,True,True,True
20.0,0.28,95.0,26.6,65.31194401659951,0.07832080200501253,1076.8000000000002,True,True,True
20.0,0.28,100.0,28.0,63.23663243355991,0.0744047619047619,1144.0000000000002,True,True,True
20.0,0.28,105.0,29.4,61.391606415877455,0.07086167800453513,1211.2,True,True,True
20.0,0.28,110.0,30.8,59.74055059279488,0.06764069264069264,1278.4,True,True,True
20.0,0.28,115.0,32.2,58.25440403147086,0.06469979296066251,1345.6,True,True,True
20.0,0.28,120.0,33.6,56.90963494596928,0.062003968253968256,1412.8,True,True,True
20.0,0.28,125.0,35.0,55.686985431475414,0.05952380952380952,1480.0,True,True,True
20.0,0.28,130.0,36.4,54.57054332051567,0.05723443223443222,1547.2000000000003,True,True,True
20.0,0.28,135.0,37.8,53.54704584515612,0.05511463844797178,1614.4000000000003,True,True,True
20.0,0.28,140.0,39.2,52.60535026126204,0.053146258503401364,1681.6000000000001,True,True,True
20.0,0.28,145.0,40.6,51.73602652462057,0.051313628899835796,1748.8,True,True,True
20.0,0.28,150.0,42.0,50.931040403730535,0.049603174603174593,1816.0000000000005,True,True,True
20.0,0.28,155.0,43.4,50.18350443930167,0.048003072196620575,1883.2,True,True,True
20.0,0.28,160.0,44.8,49.48748038710578,0.04650297619047618,1950.4000000000003,True,True,True
20.0,0.28,165.0,46.2,48.837821140924525,0.04509379509379509,2017.6000000000001,True,True,True
20.0,0.28,170.0,47.6,48.2300432275746,0.043767507002801125,2084.8,True,True,True
20.0,0.28,175.0,49.0,47.66022319134096,0.04251700680272108,2152.0000000000005,True,True,True
20.0,0.28,180.0,50.4,47.12491280402125,0.04133597883597883,2219.2,True,True,True
20.0,0.28,185.0,51.8,46.62106922743273,0.04021879021879021,2286.4,True,True,True
20.0,0.28,190.0,53.2,46.14599713992197,0.039160401002506263,2353.6000000000004,True,True,True
20.0,0.28,195.0,54.6,45.697300502081376,0.038156288156288146,2420.8,True,True,True
20.0,0.28,200.0,56.0,45.27284213921093,0.03720238095238095,2488.0000000000005,True,True,True
20.0,0.28,205.0,57.4,44.87070970150087,0.03629500580720092,2555.2,True,True,True
20.0,0.28,210.0,58.8,44.48918685791384,0.03543083900226757,2622.4,True,True,True
20.0,0.28,215.0,60.2,44.12672880841442,0.03460686600221484,2689.6000000000004,True,True,True
20.0,0.28,220.0,61.6,43.781941377695034,0.03382034632034632,2756.8,True,True,True
20.0,0.28,225.0,63.0,43.45356309382007,0.03306878306878306,2824.0,True,True,True
20.0,0.28,230.0,64.4,43.14044976614073,0.03234989648033126,2891.2,True,True,True
20.0,0.28,235.0,65.8,42.84156116508393,0.031661600810536976,2958.4000000000005,True,True,True
20.0,0.28,240.0,67.2,42.555949477030175,0.031001984126984128,3025.6,True,True,True
20.0,0.28,245.0,68.6,42.28274926429795,0.0303692905733722,3092.8000000000006,True,True,True
20.0,0.28,250.0,70.0,42.02116870618321,0.02976190476190476,3160.0,True,True,True
20.0,0.28,255.0,71.4,41.770481934326085,0.02917833800186741,3227.2,True,True,True
20.0,0.28,260.0,72.8,41.530022306148425,0.02861721611721611,3294.4000000000005,True,True,True
20.0,0.28,265.0,74.2,41.29917648509448,0.028077268643306372,3361.6,True,True,True
20.0,0.28,270.0,75.6,41.07737921698897,0.02755731922398589,3428.8000000000006,True,True,True
20.0,0.28,275.0,77.0,40.864108708847255,0.02705627705627705,3496.0,True,True,True
20.0,0.28,280.0,78.4,40.65888253060401,0.026573129251700682,3563.2000000000003,True,True,True
20.0,0.28,285.0,79.8,40.461253972004855,0.026106934001670842,3630.4,True,True,True
20.0,0.28,290.0,81.2,40.2708087967559,0.025656814449917898,3697.6,True,True,True
20.0,0.28,295.0,82.6,40.08716234429528,0.025221953188054883,3764.8000000000006,True,True,True
20.0,0.28,300.0,84.0,39.909956936513844,0.024801587301587297,3832.000000000001,True,True,True
20.0,0.29,10.0,2.9,nan,0.718390804597701,-60.79999999999998,False,False,False
20.0,0.29,15.0,4.35,4353.053911118004,0.478927203065134,8.800000000000008,True,False,False
20.0,0.29,20.0,5.8,515.224974088969,0.3591954022988505,78.40000000000003,True,False,False
20.0,0.29,25.0,7.25,287.02973999535067,0.28735632183908044,148.00000000000003,True,False,False
20.0,0.29,30.0,8.7,204.81233947632634,0.239463601532567,217.60000000000002,True,False,False
20.0,0.29,35.0,10.15,162.44404115872334,0.20525451559934316,287.20000000000005,True,True,False
20.0,0.29,40.0,11.6,136.60507895605957,0.17959770114942525,356.80000000000007,True,True,False
20.0,0.29,45.0,13.05,119.20135019291459,0.15964240102171137,426.4,True,True,False
20.0,0.29,50.0,14.5,106.68189369555543,0.14367816091954022,496.00000000000006,True,True,False
20.0,0.29,55.0,15.95,97.24360470956901,0.13061650992685472,565.6,True,True,True
20.0,0.29,60.0,17.4,89.8736561310909,0.1197318007662835,635.2,True,True,True
20.0,0.29,65.0,18.85,83.95929331045072,0.11052166224580018,704.8,True,True,True
20.0,0.29,70.0,20.3,79.10804942657848,0.10262725779967158,774.4000000000001,True,True,True
20.0,0.29,75.0,21.75,75.05691590838757,0.0957854406130268,844.0000000000001,True,True,True
20.0,0.29,80.0,23.2,71.62303040435182,0.08979885057471262,913.6000000000001,True,True,True
20.0,0.29,85.0,24.65,68.67530932480933,0.08451656524678837,983.2000000000002,True,True,True
20.0,0.29,90.0,26.1,66.11733252174133,0.07982120051085569,1052.8,True,True,True
20.0,0.29,95.0,27.55,63.87659589239664,0.07562008469449484,1122.4000000000003,True,True,True
20.0,0.29,100.0,29.0,61.897529178156624,0.07183908045977011,1192.0000000000002,True,True,True
20.0,0.29,105.0,30.45,60.13682492953346,0.06841817186644773,1261.6000000000001,True,True,True
20.0,0.29,110.0,31.9,58.56023278383124,0.06530825496342736,1331.2,True,True,True
20.0,0.29,115.0,33.35,57.14030941788467,0.06246876561719139,1400.8,True,True,True
20.0,0.29,120.0,34.8,55.85480752401359,0.05986590038314175,1470.4,True,True,True
20.0,0.29,125.0,36.25,54.68550164548462,0.057471264367816084,1540.0000000000002,True,True,True
20.0,0.29,130.0,37.7,53.617318641142546,0.05526083112290009,1609.6,True,True,True
20.0,0.29,135.0,39.15,52.63768439466398,0.053214133673903784,1679.2000000000003,True,True,True
20.0,0.29,140.0,40.6,51.736026524620584,0.05131362889983579,1748.8000000000002,True,True,True
20.0,0.29,145.0,42.05,50.90339129839045,0.04954419342053111,1818.4,True,True,True
20.0,0.29,150.0,43.5,50.13214527951796,0.0478927203065134,1888.0000000000002,True,True,True
20.0,0.29,155.0,44.95,49.415740620385485,0.04634779384501297,1957.6,True,True,True
20.0,0.29,160.0,46.4,48.74852870422422,0.04489942528735631,2027.2000000000003,True,True,True
20.0,0.29,165.0,47.85,48.12561090229877,0.04353883664228491,2096.8,True,True,True
20.0,0.29,170.0,49.3,47.54271809946307,0.042258282623394185,2166.4,True,True,True
20.0,0.29,175.0,50.75,46.996112719773485,0.041050903119868636,2236.0000000000005,True,True,True
20.0,0.29,180.0,52.2,46.48250849763629,0.03991060025542784,2305.6,True,True,True
20.0,0.29,185.0,53.65,45.99900435453307,0.03883193538365951,2375.2000000000003,True,True,True
20.0,0.29,190.0,55.1,45.54302957036307,0.03781004234724742,2444.8000000000006,True,True,True
20.0,0.29,195.0,56.55,45.1122980609133,0.03684055408193339,2514.4,True,True,True
20.0,0.29,200.0,58.0,44.70477004454222,0.035919540229885055,2584.0000000000005,True,True,True
20.0,0.29,205.0,59.45,44.31861974142065,0.03504345388281469,2653.6,True,True,True
20.0,0.29,210.0,60.9,43.952208026061456,0.034209085933223866,2723.2000000000003,True,True,True
20.0,0.29,215.0,62.35,43.60405916904442,0.033413525795241907,2792.8000000000006,True,True,True
20.0,0.29,220.0,63.8,43.27284097192706,0.03265412748171368,2862.4,True,True,True
20.0,0.29,225.0,65.25,42.95734773150775,0.03192848020434227,2932.0000000000005,True,True,True
20.0,0.29,230.0,66.7,42.656485574199564,0.031234382808595695,3001.6,True,True,True
20.0,0.29,235.0,68.15,42.369259784531835,0.0305698214722426,3071.2000000000003,True,True,True
20.0,0.29,240.0,69.6,42.09476381845099,0.029932950191570874,3140.8,True,True,True
20.0,0.29,245.0,71.05,41.83216974574122,0.02932207365704902,3210.4,True,True,True
20.0,0.29,250.0,72.5,41.5807199092879,0.028735632183908042,3280.0000000000005,True,True,True
20.0,0.29,255.0,73.95,41.339719624194245,0.02817218841559612,3349.6,True,True,True
20.0,0.29,260.0,75.4,41.108530768582646,0.027630415561450045,3419.2,True,True,True
20.0,0.29,265.0,76.85,40.88656614155999,0.027109086965950983,3488.8,True,True,True
20.0,0.29,270.0,78.3,40.673284483310255,0.026607066836951892,3558.4000000000005,True,True,True
20.0,0.29,275.0,79.75,40.468186068398,0.026123301985370946,3628.0,True,True,True
20.0,0.29,280.0,81.2,40.2708087967559,0.025656814449917895,3697.6000000000004,True,True,True
20.0,0.29,285.0,82.65,40.0807247179925,0.02520669489816495,3767.1999999999994,True,True,True
20.0,0.29,290.0,84.1,39.89753693399658,0.024772096710265555,3836.8,True,True,True
20.0,0.29,295.0,85.55,39.72087683265789,0.024352230664328848,3906.4,True,True,True
20.0,0.29,300.0,87.0,39.55040161213066,0.0239463601532567,3976.0000000000005,True,True,True
20.0,0.3,10.0,3.0,nan,0.6944444444444443,-55.999999999999986,False,False,False
20.0,0.3,15.0,4.5,2407.671656830872,0.46296296296296285,16.000000000000014,True,False,False
20.0,0.3,20.0,6.0,462.2894025437409,0.34722222222222215,88.00000000000003,True,False,False
20.0,0.3,25.0,7.5,267.75117711502764,0.2777777777777778,160.00000000000006,True,False,False
20.0,0.3,30.0,9.0,193.96081574551582,0.23148148148148143,232.00000000000003,True,False,False
20.0,0.3,35.0,10.5,155.12378344577263,0.19841269841269837,304.0000000000001,True,True,False
20.0,0.3,40.0,12.0,131.160508196995,0.17361111111111108,376.00000000000006,True,True,False
20.0,0.3,45.0,13.5,114.89971427818159,0.15432098765432095,448.00000000000006,True,True,False
20.0,0.3,50.0,15.0,103.14190944457805,0.1388888888888889,520.0000000000001,True,True,False
20.0,0.3,55.0,16.5,94.24411119212128,0.12626262626262624,592.0000000000001,True,True,True
20.0,0.3,60.0,18.0,87.27595593417325,0.11574074074074071,664.0,True,True,True
20.0,0.3,65.0,19.5,81.67113540060633,0.10683760683760682,736.0000000000001,True,True,True
20.0,0.3,70.0,21.0,77.06519377401175,0.09920634920634919,808.0000000000002,True,True,True
20.0,0.3,75.0,22.5,73.21295168631445,0.09259259259259257,880.0000000000001,True,True,True
20.0,0.3,80.0,24.0,69.94340167910919,0.08680555555555554,952.0000000000001,True,True,True
20.0,0.3,85.0,25.5,67.13363214166716,0.08169934640522875,1024.0,True,True,True
20.0,0.3,90.0,27.0,64.69302940476497,0.07716049382716048,1096.0,True,True,True
20.0,0.3,95.0,28.5,62.55332289570003,0.07309941520467836,1168.0000000000002,True,True,True
20.0,0.3,100.0,30.0,60.66209843284907,0.06944444444444445,1240.0000000000002,True,True,True
20.0,0.3,105.0,31.5,58.978447386652505,0.06613756613756612,1312.0,True,True,True
20.0,0.3,110.0,33.0,57.469973905956145,0.06313131313131312,1384.0000000000002,True,True,True
20.0,0.3,115.0,34.5,56.11069011016383,0.06038647342995168,1456.0000000000002,True,True,True
20.0,0.3,120.0,36.0,54.87950635795403,0.05787037037037036,1528.0,True,True,True
20.0,0.3,125.0,37.5,53.75912914344312,0.055555555555555546,1600.0000000000002,True,True,True
20.0,0.3,130.0,39.0,52.73524374644989,0.05341880341880341,1672.0000000000002,True,True,True
20.0,0.3,135.0,40.5,51.79589934553868,0.051440329218106984,1744.0000000000002,True,True,True
20.0,0.3,140.0,42.0,50.931040403730535,0.049603174603174593,1816.0000000000005,True,True,True
20.0,0.3,145.0,43.5,50.13214527951796,0.0478927203065134,1888.0000000000002,True,True,True
20.0,0.3,150.0,45.0,49.3919444909618,0.04629629629629629,1960.0000000000002,True,True,True
20.0,0.3,155.0,46.5,48.70419887639782,0.04480286738351254,2032.0,True,True,True
20.0,0.3,160.0,48.0,48.063523303895245,0.04340277777777777,2104.0000000000005,True,True,True
20.0,0.3,165.0,49.5,47.465245379572984,0.042087542087542076,2176.0000000000005,True,True,True
20.0,0.3,170.0,51.0,46.905291308054295,0.04084967320261437,2248.0,True,True,True
20.0,0.3,175.0,52.5,46.380093006491926,0.03968253968253968,2320.0000000000005,True,True,True
20.0,0.3,180.0,54.0,45.886511993986836,0.03858024691358024,2392.0,True,True,True
20.0,0.3,185.0,55.5,45.42177662506969,0.03753753753753753,2464.0000000000005,True,True,True
20.0,0.3,190.0,57.0,44.983430015270876,0.03654970760233918,2536.0000000000005,True,True,True
20.0,0.3,195.0,58.5,44.56928659251617,0.03561253561253561,2608.0,True,True,True
20.0,0.3,200.0,60.0,44.17739565217814,0.034722222222222224,2680.0000000000005,True,True,True
20.0,0.3,205.0,61.5,43.806010633136864,0.033875338753387524,2752.0000000000005,True,True,True
20.0,0.3,210.0,63.0,43.45356309382007,0.03306878306878306,2824.0,True,True,True
20.0,0.3,215.0,64.5,43.1186405702704,0.032299741602067174,2896.0000000000005,True,True,True
20.0,0.3,220.0,66.0,42.799967657027736,0.03156565656565656,2968.0000000000005,True,True,True
20.0,0.3,225.0,67.5,42.49638977651762,0.030864197530864192,3040.0000000000005,True,True,True
20.0,0.3,230.0,69.0,42.20685920153239,0.03019323671497584,3112.0000000000005,True,True,True
20.0,0.3,235.0,70.5,41.930422974159555,0.029550827423167846,3184.0000000000005,True,True,True
20.0,0.3,240.0,72.0,41.666212427604194,0.02893518518518518,3256.0,True,True,True
20.0,0.3,245.0,73.5,41.4134340681594,0.028344671201814053,3328.0,True,True,True
20.0,0.3,250.0,75.0,41.17136161570285,0.027777777777777773,3400.0000000000005,True,True,True
20.0,0.3,255.0,76.5,40.93932903454635,0.02723311546840958,3472.0000000000005,True,True,True
20.0,0.3,260.0,78.0,40.716724413798005,0.026709401709401705,3544.0000000000005,True,True,True
20.0,0.3,265.0,79.5,40.50298457883168,0.026205450733752612,3616.0000000000005,True,True,True
20.0,0.3,270.0,81.0,40.297590333950815,0.025720164609053492,3688.0000000000005,True,True,True
20.0,0.3,275.0,82.5,40.10006225163985,0.02525252525252525,3760.000000000001,True,True,True
20.0,0.3,280.0,84.0,39.909956936513844,0.024801587301587297,3832.000000000001,True,True,True
20.0,0.3,285.0,85.5,39.726863702683474,0.024366471734892783,3904.0,True,True,True
20.0,0.3,290.0,87.0,39.55040161213066,0.0239463601532567,3976.0000000000005,True,True,True
20.0,0.3,295.0,88.5,39.380216829146924,0.02354048964218455,4048.0000000000005,True,True,True
20.0,0.3,300.0,90.0,39.21598025217038,0.023148148148148143,4120.000000000001,True,True,True
20.0,0.31,10.0,3.1,nan,0.6720430107526881,-51.2,False,False,False
20.0,0.31,15.0,4.65,1669.7680431357562,0.4480286738351254,23.199999999999978,True,False,False
20.0,0.31,20.0,6.2,419.7673860565907,0.33602150537634407,97.6,True,False,False
20.0,0.31,25.0,7.75,251.16264626451735,0.2688172043010753,171.99999999999997,True,False,False
20.0,0.31,30.0,9.3,184.3776519312935,0.2240143369175627,246.39999999999995,True,False,False
20.0,0.31,35.0,10.85,148.5702360169715,0.19201228878648233,320.8,True,True,False
20.0,0.31,40.0,12.4,126.2449645562201,0.16801075268817203,395.2,True,True,False
20.0,0.31,45.0,13.95,110.99379955492319,0.14934289127837516,469.6,True,True,False
20.0,0.31,50.0,15.5,99.91427674515745,0.13440860215053765,544.0,True,True,True
20.0,0.31,55.0,17.05,91.50071932040653,0.12218963831867057,618.3999999999999,True,True,True
20.0,0.31,60.0,18.6,84.89423081136424,0.11200716845878135,692.7999999999998,True,True,True
20.0,0.31,65.0,20.15,79.56908418207358,0.1033912324234905,767.2000000000002,True,True,True
20.0,0.31,70.0,21.7,75.18545587317087,0.09600614439324116,841.6,True,True,True
20.0,0.31,75.0,23.25,71.5139278834436,0.08960573476702509,916.0,True,True,True
20.0,0.31,80.0,24.8,68.39401880008892,0.08400537634408602,990.4,True,True,True
20.0,0.31,85.0,26.35,65.7101000168875,0.07906388361796331,1064.8,True,True,True
20.0,0.31,90.0,27.9,63.3767492769975,0.07467144563918758,1139.2,True,True,True
20.0,0.31,95.0,29.45,61.32949164035043,0.07074136955291455,1213.6,True,True,True
20.0,0.31,100.0,31.0,59.51874948222283,0.06720430107526883,1288.0,True,True,True
20.0,0.31,105.0,32.55,57.90577481758423,0.06400409626216079,1362.3999999999999,True,True,True
20.0,0.31,110.0,34.1,56.459845413314646,0.06109481915933528,1436.7999999999997,True,True,True
20.0,0.31,115.0,35.65,55.156289153139376,0.0584385226741468,1511.1999999999998,True,True,True
20.0,0.31,120.0,37.2,53.9750646106193,0.056003584229390675,1585.5999999999997,True,True,True
20.0,0.31,125.0,38.75,52.8997233282962,0.05376344086021505,1660.0000000000002,True,True,True
20.0,0.31,130.0,40.3,51.916639185508195,0.05169561621174525,1734.4000000000003,True,True,True
20.0,0.31,135.0,41.85,51.01442795318396,0.04978096375945838,1808.7999999999997,True,True,True
20.0,0.31,140.0,43.4,50.18350443930167,0.04800307219662058,1883.2,True,True,True
20.0,0.31,145.0,44.95,49.41574062038549,0.04634779384501297,1957.5999999999997,True,True,True
20.0,0.31,150.0,46.5,48.70419887639782,0.044802867383512544,2032.0,True,True,True
20.0,0.31,155.0,48.05,48.042921759976316,0.043357613596947626,2106.3999999999996,True,True,True
20.0,0.31,160.0,49.6,47.42676479896727,0.04200268817204301,2180.8,True,True,True
20.0,0.31,165.0,51.15,46.85126239444909,0.04072987943955686,2255.2,True,True,True
20.0,0.31,170.0,52.7,46.31251941549421,0.039531941808981653,2329.6,True,True,True
20.0,0.31,175.0,54.25,45.80712292375584,0.03840245775729647,2404.0,True,True,True
20.0,0.31,180.0,55.8,45.33206979788686,0.03733572281959379,2478.4,True,True,True
20.0,0.31,185.0,57.35,44.88470701404595,0.03632664922987504,2552.8,True,True,True
20.0,0.31,190.0,58.9,44.46268207362601,0.03537068477645727,2627.2,True,True,True
20.0,0.31,195.0,60.45,44.06390162207728,0.03446374414116349,2701.6,True,True,True
20.0,0.31,200.0,62.0,43.686496722110135,0.03360215053763441,2776.0,True,True,True
20.0,0.31,205.0,63.55,43.32879356544746,0.032782585890375034,2850.4,True,True,True
20.0,0.31,210.0,65.1,42.98928865472005,0.032002048131080395,2924.7999999999997,True,True,True
20.0,0.31,215.0,66.65,42.66662767928079,0.0312578144536134,2999.2,True,True,True
20.0,0.31,220.0,68.2,42.35958745902936,0.03054740957966764,3073.5999999999995,True,True,True
20.0,0.31,225.0,69.75,42.067060448680564,0.029868578255675026,3147.9999999999995,True,True,True
20.0,0.31,230.0,71.3,41.78804138866067,0.0292192613370734,3222.3999999999996,True,True,True
20.0,0.31,235.0,72.85,41.52161576352641,0.028597574925646307,3296.7999999999997,True,True,True
20.0,0.31,240.0,74.4,41.266949788670985,0.028001792114695338,3371.1999999999994,True,True,True
20.0,0.31,245.0,75.95,41.023281694317774,0.027430326969497473,3445.5999999999995,True,True,True
20.0,0.31,250.0,77.5,40.78991411486224,0.026881720430107524,3520.0000000000005,True,True,True
20.0,0.31,255.0,79.05,40.56620742340552,0.026354627872654437,3594.3999999999996,True,True,True
20.0,0.31,260.0,80.6,40.351573877306635,0.025847808105872627,3668.8000000000006,True,True,True
20.0,0.31,265.0,82.15,40.145472461913954,0.025360113613308987,3743.1999999999994,True,True,True
20.0,0.31,270.0,83.7,39.9474043372302,0.02489048187972919,3817.5999999999995,True,True,True
20.0,0.31,275.0,85.25,39.75690880683036,0.024437927663734114,3892.0,True,True,True
20.0,0.31,280.0,86.8,39.57355974045924,0.02400153609831029,3966.4,True,True,True
20.0,0.31,285.0,88.35,39.39696239183608,0.023580456517638182,4040.7999999999997,True,True,True
20.0,0.31,290.0,89.9,39.226750561650704,0.023173896922506484,4115.2,True,True,True
20.0,0.31,295.0,91.45,39.062584062841005,0.0227811190085657,4189.6,True,True,True
20.0,0.31,300.0,93.0,38.90414645123181,0.022401433691756272,4264.0,True,True,True
20.0,0.32,10.0,3.2,nan,0.6510416666666666,-46.4,False,False,False
20.0,0.32,15.0,4.8,1281.397720138324,0.4340277777777778,30.39999999999998,True,False,False
20.0,0.32,20.0,6.4,384.8612531193776,0.3255208333333333,107.2,True,False,False
20.0,0.32,25.0,8.0,236.73783682929087,0.2604166666666667,184.0,True,False,False
20.0,0.32,30.0,9.6,175.85275160575833,0.2170138888888889,260.79999999999995,True,False,False
20.0,0.32,35.0,11.2,142.66893738440166,0.1860119047619047,337.6000000000001,True,True,False
20.0,0.32,40.0,12.8,121.78491530686837,0.16276041666666666,414.4,True,True,False
20.0,0.32,45.0,14.4,107.43140176172334,0.1446759259259259,491.1999999999999,True,True,False
20.0,0.32,50.0,16.0,96.95940173864565,0.13020833333333334,568.0,True,True,True
20.0,0.32,55.0,17.6,88.98197244066839,0.11837121212121211,644.8,True,True,True
20.0,0.32,60.0,19.2,82.70262121942244,0.10850694444444445,721.5999999999999,True,True,True
20.0,0.32,65.0,20.8,77.63132153573078,0.10016025641025639,798.4,True,True,True
20.0,0.32,70.0,22.4,73.45004885319892,0.09300595238095236,875.2000000000002,True,True,True
20.0,0.32,75.0,24.0,69.9434016791092,0.08680555555555555,952.0,True,True,True
20.0,0.32,80.0,25.6,66.9602974734683,0.08138020833333333,1028.8,True,True,True
20.0,0.32,85.0,27.2,64.39163321535496,0.07659313725490195,1105.6,True,True,True
20.0,0.32,90.0,28.8,62.15665200024415,0.07233796296296295,1182.3999999999999,True,True,True
20.0,0.32,95.0,30.4,60.194298735134154,0.06853070175438596,1259.2,True,True,True
20.0,0.32,100.0,32.0,58.45755734242003,0.06510416666666667,1336.0,True,True,True
20.0,0.32,105.0,33.6,56.90963494596928,0.062003968253968256,1412.8,True,True,True
20.0,0.32,110.0,35.2,55.52132645935664,0.05918560606060606,1489.6,True,True,True
20.0,0.32,115.0,36.8,54.26915445355586,0.056612318840579705,1566.3999999999999,True,True,True
20.0,0.32,120.0,38.4,53.13403065861864,0.054253472222222224,1643.1999999999998,True,True,True
20.0,0.32,125.0,40.0,52.100276058392076,0.05208333333333333,1720.0,True,True,True
20.0,0.32,130.0,41.6,51.15489228774856,0.050080128205128194,1796.8,True,True,True
20.0,0.32,135.0,43.2,50.287012225031425,0.0482253086419753,1873.6,True,True,True
20.0,0.32,140.0,44.8,49.48748038710578,0.04650297619047618,1950.4000000000003,True,True,True
20.0,0.32,145.0,46.4,48.74852870422424,0.04489942528735632,2027.1999999999998,True,True,True
20.0,0.32,150.0,48.0,48.06352330389525,0.043402777777777776,2104.0,True,True,True
20.0,0.32,155.0,49.6,47.426764798967284,0.04200268817204301,2180.7999999999997,True,True,True
20.0,0.32,160.0,51.2,46.83332933902378,0.040690104166666664,2257.6,True,True,True
20.0,0.32,165.0,52.8,46.278941037513846,0.039457070707070704,2334.4,True,True,True
20.0,0.32,170.0,54.4,45.75986877909944,0.038296568627450976,2411.2,True,True,True
20.0,0.32,175.0,56.0,45.27284213921094,0.03720238095238095,2488.0,True,True,True
20.0,0.32,180.0,57.6,44.814982409758684,0.036168981481481476,2564.7999999999997,True,True,True
20.0,0.32,185.0,59.2,44.383745656700974,0.035191441441441436,2641.6,True,True,True
20.0,0.32,190.0,60.8,43.97687543000792,0.03426535087719298,2718.4,True,True,True
20.0,0.32,195.0,62.4,43.59236326957849,0.033386752136752136,2795.2,True,True,True
20.0,0.32,200.0,64.0,43.22841554781268,0.032552083333333336,2872.0,True,True,True
20.0,0.32,205.0,65.6,42.883425493594096,0.031758130081300816,2948.8,True,True,True
20.0,0.32,210.0,67.2,42.555949477030175,0.031001984126984128,3025.6,True,True,True
20.0,0.32,215.0,68.8,42.244686816624146,0.03028100775193799,3102.4,True,True,True
20.0,0.32,220.0,70.4,41.94846251323823,0.02959280303030303,3179.2,True,True,True
20.0,0.32,225.0,72.0,41.666212427604194,0.02893518518518519,3256.0,True,True,True
20.0,0.32,230.0,73.6,41.3969705072226,0.028306159420289852,3332.7999999999997,True,True,True
20.0,0.32,235.0,75.2,41.13985773951892,0.02770390070921986,3409.5999999999995,True,True,True
20.0,0.32,240.0,76.8,40.89407256506883,0.027126736111111112,3486.3999999999996,True,True,True
20.0,0.32,245.0,78.4,40.658882530604004,0.026573129251700682,3563.2,True,True,True
20.0,0.32,250.0,80.0,40.43361699869243,0.026041666666666664,3640.0,True,True,True
20.0,0.32,255.0,81.6,40.21766076125503,0.025531045751633983,3716.8,True,True,True
20.0,0.32,260.0,83.2,40.010448428834074,0.025040064102564097,3793.6,True,True,True
20.0,0.32,265.0,84.8,39.811459487861,0.02456761006289308,3870.4,True,True,True
20.0,0.32,270.0,86.4,39.620213934943614,0.02411265432098765,3947.2,True,True,True
20.0,0.32,275.0,88.0,39.436268411083915,0.023674242424242424,4024.0,True,True,True
20.0,0.32,280.0,89.6,39.259212770287235,0.02325148809523809,4100.8,True,True,True
20.0,0.32,285.0,91.2,39.08866702666272,0.022843567251461985,4177.599999999999,True,True,True
20.0,0.32,290.0,92.8,38.92427863218748,0.02244971264367816,4254.4,True,True,True
20.0,0.32,295.0,94.4,38.76572004409186,0.02206920903954802,4331.2,True,True,True
20.0,0.32,300.0,96.0,38.61268654654331,0.021701388888888888,4408.0,True,True,True
20.0,0.33,10.0,3.3,nan,0.6313131313131313,-41.599999999999994,False,False,False
20.0,0.33,15.0,4.95,1041.7649676505469,0.4208754208754208,37.599999999999994,True,False,False
20.0,0.33,20.0,6.6,355.69311463759675,0.31565656565656564,116.80000000000001,True,False,False
20.0,0.33,25.0,8.25,224.07933059021457,0.2525252525252525,196.0,True,False,False
20.0,0.33,30.0,9.9,168.21999201196516,0.2104377104377104,275.2,True,False,False
20.0,0.33,35.0,11.55,137.3271298185766,0.18037518037518036,354.40000000000003,True,True,False
20.0,0.33,40.0,13.2,117.7198519688983,0.15782828282828282,433.6000000000001,True,True,False
20.0,0.33,45.0,14.85,104.1691123629584,0.14029180695847362,512.8,True,True,False
20.0,0.33,50.0,16.5,94.24411119212131,0.12626262626262624,592.0,True,True,True
20.0,0.33,55.0,18.15,86.66136297936018,0.11478420569329659,671.2,True,True,True
20.0,0.33,60.0,19.8,80.67923752366379,0.1052188552188552,750.4,True,True,True
20.0,0.33,65.0,21.45,75.83931152816787,0.09712509712509713,829.5999999999999,True,True,True
20.0,0.33,70.0,23.1,71.84296418329534,0.09018759018759018,908.8000000000001,True,True,True
20.0,0.33,75.0,24.75,68.48732677711493,0.08417508417508417,988.0000000000001,True,True,True
20.0,0.33,80.0,26.4,65.6297524941907,0.07891414141414141,1067.2,True,True,True
20.0,0.33,85.0,28.05,63.16701401588543,0.07427213309566251,1146.4,True,True,True
20.0,0.33,90.0,29.7,61.02256680305305,0.07014590347923681,1225.5999999999997,True,True,True
20.0,0.33,95.0,31.35,59.13845101152096,0.06645401382243488,1304.8000000000002,True,True,True
20.0,0.33,100.0,33.0,57.46997390595615,0.06313131313131312,1384.0,True,True,True
20.0,0.33,105.0,34.65,55.9821192535908,0.06012506012506012,1463.2000000000003,True,True,True
20.0,0.33,110.0,36.3,54.64706295245385,0.057392102846648294,1542.4,True,True,True
20.0,0.33,115.0,37.95,53.442416689612465,0.05489679402722881,1621.6,True,True,True
20.0,0.33,120.0,39.6,52.34996231766599,0.0526094276094276,1700.8,True,True,True
20.0,0.33,125.0,41.25,51.35472411005454,0.050505050505050504,1780.0,True,True,True
20.0,0.33,130.0,42.9,50.444278142162126,0.04856254856254857,1859.1999999999998,True,True,True
20.0,0.33,135.0,44.55,49.60823097808427,0.046763935652824544,1938.4,True,True,True
20.0,0.33,140.0,46.2,48.837821140924525,0.04509379509379509,2017.6000000000001,True,True,True
20.0,0.33,145.0,47.85,48.125610902298774,0.04353883664228491,2096.8,True,True,True
20.0,0.33,150.0,49.5,47.465245379572984,0.04208754208754208,2176.0,True,True,True
20.0,0.33,155.0,51.15,46.85126239444909,0.04072987943955685,2255.2,True,True,True
20.0,0.33,160.0,52.8,46.278941037513846,0.039457070707070704,2334.4,True,True,True
20.0,0.33,165.0,54.45,45.744180048053956,0.03826140189776553,2413.6000000000004,True,True,True
20.0,0.33,170.0,56.1,45.24339937820676,0.037136066547831255,2492.8,True,True,True
20.0,0.33,175.0,57.75,44.77345994401422,0.03607503607503608,2572.0000000000005,True,True,True
20.0,0.33,180.0,59.4,44.33159776026529,0.035072951739618406,2651.1999999999994,True,True,True
20.0,0.33,185.0,61.05,43.915369538538705,0.03412503412503412,2730.4,True,True,True
20.0,0.33,190.0,62.7,43.52260748648804,0.03322700691121744,2809.6000000000004,True,True,True
20.0,0.33,195.0,64.35,43.15138154252546,0.03237503237503237,2888.8,True,True,True
20.0,0.33,200.0,66.0,42.79996765702774,0.03156565656565656,2968.0,True,True,True
20.0,0.33,205.0,67.65,42.46682101997542,0.030795762503079575,3047.2,True,True,True
20.0,0.33,210.0,69.3,42.150553357881215,0.03006253006253006,3126.4000000000005,True,True,True
20.0,0.33,215.0,70.95,41.84991359623489,0.029363401456424708,3205.6000000000004,True,True,True
20.0,0.33,220.0,72.6,41.56377131944147,0.028696051423324147,3284.8,True,True,True
20.0,0.33,225.0,74.25,41.29110256721525,0.028058361391694726,3364.0,True,True,True
20.0,0.33,230.0,75.9,41.03097759122992,0.027448397013614404,3443.2,True,True,True
20.0,0.33,235.0,77.55,40.78255026349466,0.02686438856651623,3522.4000000000005,True,True,True
20.0,0.33,240.0,79.2,40.54504888220356,0.0263047138047138,3601.6,True,True,True
20.0,0.33,245.0,80.85,40.31776816457158,0.025767882910740048,3680.8,True,True,True
20.0,0.33,250.0,82.5,40.100062251639855,0.025252525252525252,3760.0,True,True,True
20.0,0.33,255.0,84.15,39.891338578916596,0.024757377698554166,3839.1999999999994,True,True,True
20.0,0.33,260.0,85.8,39.691052490349975,0.024281274281274284,3918.3999999999996,True,True,True
20.0,0.33,265.0,87.45,39.49870249254505,0.0238231370306842,3997.6,True,True,True
20.0,0.33,270.0,89.1,39.31382606215876,0.023381967826412272,4076.8,True,True,True
20.0,0.33,275.0,90.75,39.135995932680366,0.02295684113865932,4156.0,True,True,True
20.0,0.33,280.0,92.4,38.964816797844335,0.022546897546897544,4235.200000000001,True,True,True
20.0,0.33,285.0,94.05,38.79992237813858,0.022151337940811623,4314.4,True,True,True
20.0,0.33,290.0,95.7,38.640972804591186,0.021769418321142455,4393.6,True,True,True
20.0,0.33,295.0,97.35,38.48765228050943,0.021400445129258684,4472.8,True,True,True
20.0,0.33,300.0,99.0,38.339666987318395,0.02104377104377104,4552.0,True,True,True
20.0,0.34,10.0,3.4,nan,0.6127450980392156,-36.79999999999998,False,False,False
20.0,0.34,15.0,5.1,879.1570284624128,0.4084967320261437,44.79999999999999,True,False,False
20.0,0.34,20.0,6.8,330.9555794695042,0.3063725490196078,126.40000000000003,True,False,False
20.0,0.34,25.0,8.5,212.88142122487787,0.24509803921568626,208.0,True,False,False
20.0,0.34,30.0,10.2,161.34629138330058,0.20424836601307186,289.6,True,True,False
20.0,0.34,35.0,11.9,132.46884793758917,0.1750700280112045,371.20000000000005,True,True,False
20.0,0.34,40.0,13.6,113.99952898467838,0.1531862745098039,452.80000000000007,True,True,False
20.0,0.34,45.0,15.3,101.17054096948286,0.13616557734204793,534.4,True,True,False
20.0,0.34,50.0,17.0,91.74040172714429,0.12254901960784313,616.0,True,True,True
20.0,0.34,55.0,18.7,84.51639597727946,0.11140819964349374,697.6000000000001,True,True,True
20.0,0.34,60.0,20.4,78.80542633929593,0.10212418300653593,779.2,True,True,True
20.0,0.34,65.0,22.1,74.17720559178515,0.0942684766214178,860.8,True,True,True
20.0,0.34,70.0,23.8,70.35047638289252,0.08753501400560225,942.4000000000001,True,True,True
20.0,0.34,75.0,25.5,67.13363214166716,0.08169934640522875,1024.0,True,True,True
20.0,0.34,80.0,27.2,64.39163321535496,0.07659313725490195,1105.6,True,True,True
20.0,0.34,85.0,28.9,62.0265667560021,0.07208765859284891,1187.2,True,True,True
20.0,0.34,90.0,30.6,59.9657080883945,0.06808278867102396,1268.8,True,True,True
20.0,0.34,95.0,32.3,58.15391053938403,0.06449948400412796,1350.4000000000003,True,True,True
20.0,0.34,100.0,34.0,56.54859718031666,0.061274509803921566,1432.0,True,True,True
20.0,0.34,105.0,35.7,55.1163725766667,0.05835667600373482,1513.6,True,True,True
20.0,0.34,110.0,37.4,53.83067446205616,0.05570409982174687,1595.2000000000003,True,True,True
20.0,0.34,115.0,39.1,52.670111087608085,0.05328218243819267,1676.8,True,True,True
20.0,0.34,120.0,40.8,51.61726151133445,0.051062091503267966,1758.4,True,True,True
20.0,0.34,125.0,42.5,50.65779511486944,0.04901960784313725,1840.0000000000002,True,True,True
20.0,0.34,130.0,44.2,49.77981545648888,0.0471342383107089,1921.6,True,True,True
20.0,0.34,135.0,45.9,48.97336449232143,0.045388525780682636,2003.2,True,True,True
20.0,0.34,140.0,47.6,48.230043227574605,0.043767507002801125,2084.8,True,True,True
20.0,0.34,145.0,49.3,47.54271809946307,0.042258282623394185,2166.4,True,True,True
20.0,0.34,150.0,51.0,46.905291308054295,0.04084967320261437,2248.0,True,True,True
20.0,0.34,155.0,52.7,46.31251941549421,0.039531941808981653,2329.6,True,True,True
20.0,0.34,160.0,54.4,45.75986877909944,0.038296568627450976,2411.2,True,True,True
20.0,0.34,165.0,56.1,45.24339937820676,0.037136066547831255,2492.8000000000006,True,True,True
20.0,0.34,170.0,57.8,44.75967073485981,0.036043829296424454,2574.4,True,True,True
20.0,0.34,175.0,59.5,44.305665176826935,0.0350140056022409,2656.0,True,True,True
20.0,0.34,180.0,61.2,43.878724824474574,0.03404139433551198,2737.6,True,True,True
20.0,0.34,185.0,62.9,43.476499520896304,0.03312135665076841,2819.2,True,True,True
20.0,0.34,190.0,64.6,43.09690355044819,0.03224974200206398,2900.8000000000006,True,True,True
20.0,0.34,195.0,66.3,42.738079462503144,0.03142282554047259,2982.4,True,True,True
20.0,0.34,200.0,68.0,42.398367675848114,0.030637254901960783,3064.0,True,True,True
20.0,0.34,205.0,69.7,42.0762808140348,0.029890004782400764,3145.5999999999995,True,True,True
20.0,0.34,210.0,71.4,41.770481934326085,0.02917833800186741,3227.2,True,True,True
20.0,0.34,215.0,73.1,41.47976597808463,0.028499772001823978,3308.8,True,True,True
20.0,0.34,220.0,74.8,41.203043899868945,0.027852049910873436,3390.4000000000005,True,True,True
20.0,0.34,225.0,76.5,40.93932903454635,0.027233115468409588,3472.0000000000005,True,True,True
20.0,0.34,230.0,78.2,40.68772534268746,0.026641091219096334,3553.6,True,True,True
20.0,0.34,235.0,79.9,40.44741723910746,0.02607425949103045,3635.2000000000003,True,True,True
20.0,0.34,240.0,81.6,40.21766076125503,0.025531045751633983,3716.8,True,True,True
20.0,0.34,245.0,83.3,39.99777587596409,0.025010004001600635,3798.4,True,True,True
20.0,0.34,250.0,85.0,39.78713975698227,0.024509803921568624,3880.0000000000005,True,True,True
20.0,0.34,255.0,86.7,39.58518089330585,0.024029219530949632,3961.6,True,True,True
20.0,0.34,260.0,88.4,39.391373910949184,0.02356711915535445,4043.2,True,True,True
20.0,0.34,265.0,90.1,39.20523500935294,0.02312245652978172,4124.799999999999,True,True,True
20.0,0.34,270.0,91.8,39.026317928967345,0.022694262890341318,4206.4,True,True,True
20.0,0.34,275.0,93.5,38.85421037925315,0.022281639928698752,4288.000000000001,True,True,True
20.0,0.34,280.0,95.2,38.68853086691385,0.021883753501400562,4369.600000000001,True,True,True
20.0,0.34,285.0,96.9,38.52892587299964,0.021499828001375988,4451.2,True,True,True
20.0,0.34,290.0,98.6,38.37506733491998,0.021129141311697092,4532.8,True,True,True
20.0,0.34,295.0,100.3,38.22665039562121,0.020771020272515782,4614.4,True,True,True
20.0,0.34,300.0,102.0,38.08339138743266,0.020424836601307186,4696.0,True,True,True
20.0,0.35,10.0,3.5,nan,0.5952380952380952,-31.999999999999986,False,False,False
20.0,0.35,15.0,5.25,761.578980126377,0.39682539682539675,52.0,True,False,False
20.0,0.35,20.0,7.0,309.7104022074953,0.2976190476190476,136.00000000000003,True,False,False
20.0,0.35,25.0,8.75,202.9051019721233,0.23809523809523808,220.00000000000003,True,False,False
20.0,0.35,30.0,10.5,155.1237834457727,0.19841269841269837,304.0,True,True,False
20.0,0.35,35.0,12.25,128.03128325041925,0.17006802721088432,388.00000000000006,True,True,False
20.0,0.35,40.0,14.0,110.58187634493734,0.1488095238095238,472.00000000000006,True,True,False
20.0,0.35,45.0,15.75,98.40495210154353,0.13227513227513224,556.0,True,True,True
20.0,0.35,50.0,17.5,89.42447047204055,0.11904761904761904,640.0,True,True,True
20.0,0.35,55.0,19.25,82.52785750794715,0.1082251082251082,724.0,True,True,True
20.0,0.35,60.0,21.0,77.06519377401175,0.09920634920634919,808.0,True,True,True
20.0,0.35,65.0,22.75,72.63137253705074,0.09157509157509156,892.0,True,True,True
20.0,0.35,70.0,24.5,68.96075003759941,0.08503401360544216,976.0000000000001,True,True,True
20.0,0.35,75.0,26.25,65.87188657579698,0.07936507936507936,1060.0000000000002,True,True,True
20.0,0.35,80.0,28.0,63.23663243355991,0.0744047619047619,1144.0000000000002,True,True,True
20.0,0.35,85.0,29.75,60.96190165931622,0.0700280112044818,1228.0,True,True,True
20.0,0.35,90.0,31.5,58.978447386652505,0.06613756613756612,1312.0,True,True,True
20.0,0.35,95.0,33.25,57.23368961671621,0.06265664160401002,1396.0000000000002,True,True,True
20.0,0.35,100.0,35.0,55.686985431475414,0.05952380952380952,1480.0,True,True,True
20.0,0.35,105.0,36.75,54.30642338377966,0.056689342403628114,1564.0,True,True,True
20.0,0.35,110.0,38.5,53.06659824385872,0.0541125541125541,1648.0,True,True,True
20.0,0.35,115.0,40.25,51.94703327917259,0.05175983436853001,1732.0,True,True,True
20.0,0.35,120.0,42.0,50.93104040373055,0.049603174603174593,1816.0,True,True,True
20.0,0.35,125.0,43.75,50.00488268780129,0.04761904761904761,1900.0000000000002,True,True,True
20.0,0.35,130.0,45.5,49.15714961717249,0.04578754578754578,1984.0,True,True,True
20.0,0.35,135.0,47.25,48.378284610308505,0.04409171075837741,2068.0,True,True,True
20.0,0.35,140.0,49.0,47.66022319134096,0.04251700680272108,2152.0000000000005,True,True,True
20.0,0.35,145.0,50.75,46.99611271977349,0.041050903119868636,2236.0,True,True,True
20.0,0.35,150.0,52.5,46.380093006491926,0.03968253968253968,2320.0000000000005,True,True,True
20.0,0.35,155.0,54.25,45.80712292375584,0.038402457757296456,2404.0,True,True,True
20.0,0.35,160.0,56.0,45.27284213921093,0.03720238095238095,2488.0000000000005,True,True,True
20.0,0.35,165.0,57.75,44.77345994401422,0.036075036075036065,2572.0000000000005,True,True,True
20.0,0.35,170.0,59.5,44.305665176826935,0.0350140056022409,2656.0,True,True,True
20.0,0.35,175.0,61.25,43.86655271653288,0.03401360544217687,2740.0,True,True,True
20.0,0.35,180.0,63.0,43.45356309382007,0.03306878306878306,2824.0,True,True,True
20.0,0.35,185.0,64.75,43.064432568980614,0.032175032175032175,2908.0,True,True,True
20.0,0.35,190.0,66.5,42.6971516190653,0.03132832080200501,2992.0000000000005,True,True,True
20.0,0.35,195.0,68.25,42.3499302268827,0.030525030525030528,3076.0,True,True,True
20.0,0.35,200.0,70.0,42.02116870618321,0.02976190476190476,3160.0,True,True,True
20.0,0.35,205.0,71.75,41.709433059552005,0.029036004645760744,3244.0,True,True,True
20.0,0.35,210.0,73.5,41.4134340681594,0.028344671201814057,3328.0,True,True,True
20.0,0.35,215.0,75.25,41.13200947024684,0.027685492801771867,3412.0000000000005,True,True,True
20.0,0.35,220.0,77.0,40.864108708847255,0.02705627705627705,3496.0,True,True,True
20.0,0.35,225.0,78.75,40.60877982675357,0.026455026455026454,3580.0000000000005,True,True,True
20.0,0.35,230.0,80.5,40.365158164144525,0.025879917184265005,3664.0,True,True,True
20.0,0.35,235.0,82.25,40.132456576060115,0.025329280648429577,3748.0000000000005,True,True,True
20.0,0.35,240.0,84.0,39.90995693651385,0.024801587301587297,3832.0,True,True,True
20.0,0.35,245.0,85.75,39.69700273604924,0.02429543245869776,3916.0000000000005,True,True,True
20.0,0.35,250.0,87.5,39.492992612004144,0.023809523809523805,4000.0000000000005,True,True,True
20.0,0.35,255.0,89.25,39.297374677194995,0.023342670401493928,4084.0000000000005,True,True,True
20.0,0.35,260.0,91.0,39.109641534383904,0.02289377289377289,4168.0,True,True,True
20.0,0.35,265.0,92.75,38.929325881693295,0.0224618149146451,4252.000000000001,True,True,True
20.0,0.35,270.0,94.5,38.75599662883018,0.022045855379188704,4336.0,True,True,True
20.0,0.35,275.0,96.25,38.589255456166384,0.02164502164502164,4420.0,True,True,True
20.0,0.35,280.0,98.0,38.4287337588595,0.02125850340136054,4504.000000000001,True,True,True
20.0,0.35,285.0,99.75,38.27408992666761,0.02088554720133667,4588.0,True,True,True
20.0,0.35,290.0,101.5,38.12500691720863,0.020525451559934318,4672.0,True,True,True
20.0,0.35,295.0,103.25,37.98119008638488,0.020177562550443905,4756.0,True,True,True
20.0,0.35,300.0,105.0,37.84236524473022,0.01984126984126984,4840.000000000001,True,True,True
20.0,0.36,10.0,3.6,nan,0.5787037037037036,-27.19999999999998,False,False,False
20.0,0.36,15.0,5.4,672.6009976018095,0.3858024691358024,59.20000000000001,True,False,False
20.0,0.36,20.0,7.2,291.2667867822348,0.2893518518518518,145.60000000000002,True,False,False
20.0,0.36,25.0,9.0,193.96081574551582,0.23148148148148143,232.00000000000003,True,False,False
20.0,0.36,30.0,10.8,149.46411542219204,0.1929012345679012,318.4,True,True,False
20.0,0.36,35.0,12.6,123.96205397206572,0.16534391534391532,404.8000000000001,True,True,False
20.0,0.36,40.0,14.4,107.43140176172328,0.1446759259259259,491.20000000000005,True,True,False
20.0,0.36,45.0,16.2,95.84620783037529,0.1286008230452675,577.6,True,True,True
20.0,0.36,50.0,18.0,87.27595593417325,0.11574074074074071,664.0,True,True,True
20.0,0.36,55.0,19.8,80.67923752366379,0.1052188552188552,750.4000000000001,True,True,True
20.0,0.36,60.0,21.6,75.4447477715387,0.0964506172839506,836.8,True,True,True
20.0,0.36,65.0,23.4,71.19002386556527,0.08903133903133903,923.2000000000002,True,True,True
20.0,0.36,70.0,25.2,67.66352528739712,0.08267195767195766,1009.6000000000003,True,True,True
20.0,0.36,75.0,27.0,64.69302940476497,0.07716049382716048,1096.0,True,True,True
20.0,0.36,80.0,28.8,62.15665200024414,0.07233796296296295,1182.4000000000003,True,True,True
20.0,0.36,85.0,30.6,59.9657080883945,0.06808278867102395,1268.8,True,True,True
20.0,0.36,90.0,32.4,58.054128925635496,0.06430041152263374,1355.2,True,True,True
20.0,0.36,95.0,34.2,56.37168466806845,0.060916179337231965,1441.6000000000004,True,True,True
20.0,0.36,100.0,36.0,54.87950635795403,0.05787037037037036,1528.0,True,True,True
20.0,0.36,105.0,37.8,53.54704584515612,0.05511463844797178,1614.4000000000003,True,True,True
20.0,0.36,110.0,39.6,52.349962317665984,0.0526094276094276,1700.8000000000002,True,True,True
20.0,0.36,115.0,41.4,51.268621870721006,0.050322061191626404,1787.2,True,True,True
20.0,0.36,120.0,43.2,50.287012225031425,0.0482253086419753,1873.6,True,True,True
20.0,0.36,125.0,45.0,49.3919444909618,0.04629629629629629,1960.0000000000002,True,True,True
20.0,0.36,130.0,46.8,48.572457144131846,0.044515669515669515,2046.4000000000003,True,True,True
20.0,0.36,135.0,48.6,47.819364871163586,0.04286694101508916,2132.8,True,True,True
20.0,0.36,140.0,50.4,47.12491280402125,0.04133597883597883,2219.2000000000003,True,True,True
20.0,0.36,145.0,52.2,46.48250849763629,0.03991060025542784,2305.6,True,True,True
20.0,0.36,150.0,54.0,45.886511993986836,0.03858024691358024,2392.0,True,True,True
20.0,0.36,155.0,55.8,45.33206979788686,0.03733572281959378,2478.4,True,True,True
20.0,0.36,160.0,57.6,44.81498240975866,0.036168981481481476,2564.8000000000006,True,True,True
20.0,0.36,165.0,59.4,44.33159776026528,0.035072951739618406,2651.2000000000003,True,True,True
20.0,0.36,170.0,61.2,43.878724824474574,0.034041394335511975,2737.6,True,True,True
20.0,0.36,175.0,63.0,43.45356309382007,0.03306878306878306,2824.0,True,True,True
20.0,0.36,180.0,64.8,43.05364461050514,0.03215020576131687,2910.4,True,True,True
20.0,0.36,185.0,66.6,42.676786029057794,0.03128128128128128,2996.8000000000006,True,True,True
20.0,0.36,190.0,68.4,42.32104873811191,0.030458089668615983,3083.2000000000007,True,True,True
20.0,0.36,195.0,70.2,41.98470550442105,0.029677113010446347,3169.6000000000004,True,True,True
20.0,0.36,200.0,72.0,41.666212427604194,0.02893518518518518,3256.0,True,True,True
20.0,0.36,205.0,73.8,41.364185244658195,0.028229448961156273,3342.4,True,True,True
20.0,0.36,210.0,75.6,41.07737921698897,0.02755731922398589,3428.8000000000006,True,True,True
20.0,0.36,215.0,77.4,40.80467198357932,0.02691645133505598,3515.2000000000007,True,True,True
20.0,0.36,220.0,79.2,40.54504888220355,0.0263047138047138,3601.6000000000004,True,True,True
20.0,0.36,225.0,81.0,40.297590333950815,0.025720164609053492,3688.0000000000005,True,True,True
20.0,0.36,230.0,82.8,40.06146096043792,0.025161030595813202,3774.4,True,True,True
20.0,0.36,235.0,84.6,39.83590016228324,0.024625689519306538,3860.8000000000006,True,True,True
20.0,0.36,240.0,86.4,39.620213934943614,0.02411265432098765,3947.2,True,True,True
20.0,0.36,245.0,88.2,39.413767736383306,0.023620559334845043,4033.6000000000004,True,True,True
20.0,0.36,250.0,90.0,39.21598025217038,0.023148148148148143,4120.000000000001,True,True,True
20.0,0.36,255.0,91.8,39.026317928967345,0.022694262890341318,4206.4,True,True,True
20.0,0.36,260.0,93.6,38.84429016815937,0.022257834757834757,4292.8,True,True,True
20.0,0.36,265.0,95.4,38.66944508845013,0.021837875611460517,4379.2,True,True,True
20.0,0.36,270.0,97.2,38.50136578036704,0.02143347050754458,4465.600000000001,True,True,True
20.0,0.36,275.0,99.0,38.339666987318395,0.021043771043771038,4552.0,True,True,True
20.0,0.36,280.0,100.8,38.18399215758443,0.020667989417989415,4638.400000000001,True,True,True
20.0,0.36,285.0,102.6,38.034010819760816,0.020305393112410655,4724.8,True,True,True
20.0,0.36,290.0,104.4,37.88941624099438,0.01995530012771392,4811.2,True,True,True
20.0,0.36,295.0,106.2,37.74992333308935,0.01961707470182046,4897.600000000001,True,True,True
20.0,0.36,300.0,108.0,37.61526677640544,0.01929012345679012,4984.0,True,True,True
20.0,0.37,10.0,3.7,nan,0.563063063063063,-22.399999999999974,False,False,False
20.0,0.37,15.0,5.55,602.919445022329,0.3753753753753753,66.40000000000002,True,False,False
20.0,0.37,20.0,7.4,275.10485573948074,0.2815315315315315,155.20000000000005,True,False,False
20.0,0.37,25.0,9.25,185.89629537726316,0.2252252252252252,244.00000000000003,True,False,False
20.0,0.37,30.0,11.1,144.2942263621905,0.18768768768768765,332.8,True,True,False
20.0,0.37,35.0,12.95,120.2171275963514,0.16087516087516085,421.60000000000014,True,True,False
20.0,0.37,40.0,14.8,104.51795347944073,0.14076576576576574,510.4000000000001,True,True,False
20.0,0.37,45.0,16.65,93.47193911413774,0.1251251251251251,599.2,True,True,True
20.0,0.37,50.0,18.5,85.27733775941294,0.1126126126126126,688.0000000000001,True,True,True
20.0,0.37,55.0,20.35,78.9562703910413,0.10237510237510236,776.8000000000001,True,True,True
20.0,0.37,60.0,22.2,73.93213181728937,0.09384384384384382,865.6,True,True,True
20.0,0.37,65.0,24.05,69.8429125757863,0.08662508662508661,954.4,True,True,True
20.0,0.37,70.0,25.9,66.44986409472318,0.08043758043758042,1043.2000000000003,True,True,True
20.0,0.37,75.0,27.75,63.58915254849824,0.07507507507507506,1132.0000000000002,True,True,True
20.0,0.37,80.0,29.6,61.14461266889317,0.07038288288288287,1220.8000000000002,True,True,True
20.0,0.37,85.0,31.45,59.03158644431092,0.06624271330153682,1309.6000000000001,True,True,True
20.0,0.37,90.0,33.3,57.18691938555089,0.06256256256256255,1398.4,True,True,True
20.0,0.37,95.0,35.15,55.562540700671825,0.05926979611190136,1487.2000000000003,True,True,True
20.0,0.37,100.0,37.0,54.121213826982185,0.0563063063063063,1576.0000000000002,True,True,True
20.0,0.37,105.0,38.85,52.83364695615611,0.053625053625053605,1664.8000000000002,True,True,True
20.0,0.37,110.0,40.7,51.676481474619905,0.05118755118755118,1753.6000000000001,True,True,True
20.0,0.37,115.0,42.55,50.630862122871406,0.04896200548374461,1842.4,True,True,True
20.0,0.37,120.0,44.4,49.68140163445684,0.04692192192192191,1931.2,True,True,True
20.0,0.37,125.0,46.25,48.8154184642316,0.045045045045045036,2020.0000000000002,True,True,True
20.0,0.37,130.0,48.1,48.02236710879771,0.043312543312543306,2108.8,True,True,True
20.0,0.37,135.0,49.95,47.29340654364643,0.041708375041708365,2197.6000000000004,True,True,True
20.0,0.37,140.0,51.8,46.62106922743273,0.04021879021879021,2286.4000000000005,True,True,True
20.0,0.37,145.0,53.65,45.99900435453307,0.03883193538365951,2375.2000000000003,True,True,True
20.0,0.37,150.0,55.5,45.42177662506969,0.03753753753753753,2464.0000000000005,True,True,True
20.0,0.37,155.0,57.35,44.88470701404595,0.03632664922987503,2552.8,True,True,True
20.0,0.37,160.0,59.2,44.38374565670097,0.035191441441441436,2641.6000000000004,True,True,True
20.0,0.37,165.0,61.05,43.915369538538705,0.03412503412503412,2730.4000000000005,True,True,True
20.0,0.37,170.0,62.9,43.4764995208963,0.03312135665076841,2819.2000000000003,True,True,True
20.0,0.37,175.0,64.75,43.06443256898062,0.03217503217503217,2908.0000000000005,True,True,True
20.0,0.37,180.0,66.6,42.676786029057794,0.03128128128128128,2996.8,True,True,True
20.0,0.37,185.0,68.45,42.31145152747122,0.030435841246652055,3085.6,True,True,True
20.0,0.37,190.0,70.3,41.96655660737461,0.02963489805595068,3174.4000000000005,True,True,True
20.0,0.37,195.0,72.15,41.64043262923963,0.028875028875028876,3263.2000000000003,True,True,True
20.0,0.37,200.0,74.0,41.33158777357385,0.02815315315315315,3352.0000000000005,True,True,True
20.0,0.37,205.0,75.85,41.038684224106106,0.02746649088112502,3440.8,True,True,True
20.0,0.37,210.0,77.7,40.760518795214495,0.026812526812526803,3529.6000000000004,True,True,True
20.0,0.37,215.0,79.55,40.49600641191518,0.026188979677351766,3618.4000000000005,True,True,True
20.0,0.37,220.0,81.4,40.24416596411272,0.02559377559377559,3707.2000000000003,True,True,True
20.0,0.37,225.0,83.25,40.00410814632335,0.02502502502502502,3796.000000000001,True,True,True
20.0,0.37,230.0,85.1,39.77502496517922,0.024481002741872305,3884.8,True,True,True
20.0,0.37,235.0,86.95,39.55618065381845,0.02396013034310906,3973.6000000000004,True,True,True
20.0,0.37,240.0,88.8,39.34690377788938,0.023460960960960956,4062.4,True,True,True
20.0,0.37,245.0,90.65,39.1465803547366,0.022982165839308698,4151.2,True,True,True
20.0,0.37,250.0,92.5,38.95464783723287,0.022522522522522518,4240.000000000001,True,True,True
20.0,0.37,255.0,94.35,38.7705898380965,0.022080904433845604,4328.8,True,True,True
20.0,0.37,260.0,96.2,38.593931490500935,0.021656271656271653,4417.6,True,True,True
20.0,0.37,265.0,98.05,38.424235357207905,0.021247662757096716,4506.4,True,True,True
20.0,0.37,270.0,99.9,38.26109781402474,0.020854187520854182,4595.200000000001,True,True,True
20.0,0.37,275.0,101.75,38.10414584463947,0.020475020475020474,4684.0,True,True,True
20.0,0.37,280.0,103.6,37.9530341932568,0.020109395109395106,4772.800000000001,True,True,True
20.0,0.37,285.0,105.45,37.80744282928681,0.01975659870396712,4861.6,True,True,True
20.0,0.37,290.0,107.3,37.66707468490336,0.019415967691829756,4950.400000000001,True,True,True
20.0,0.37,295.0,109.15,37.53165363181267,0.01908688349366315,5039.2,True,True,True
20.0,0.37,300.0,111.0,37.40092266823618,0.018768768768768766,5128.000000000001,True,True,True
20.0,0.38,10.0,3.8,nan,0.5482456140350878,-17.600000000000016,False,False,False
20.0,0.38,15.0,5.7,546.8712396866601,0.36549707602339176,73.59999999999997,True,False,False
20.0,0.38,20.0,7.6,260.8258681191836,0.2741228070175439,164.79999999999998,True,False,False
20.0,0.38,25.0,9.5,178.5878237935341,0.21929824561403508,256.00000000000006,True,False,False
20.0,0.38,30.0,11.4,139.55317602606002,0.18274853801169588,347.19999999999993,True,True,False
20.0,0.38,35.0,13.3,116.75922112534516,0.15664160401002505,438.40000000000003,True,True,False
20.0,0.38,40.0,15.2,101.81575220252004,0.13706140350877194,529.5999999999999,True,True,False
20.0,0.38,45.0,17.1,91.26289012815386,0.12183235867446393,620.7999999999998,True,True,True
20.0,0.38,50.0,19.0,83.41345788856907,0.10964912280701754,712.0000000000001,True,True,True
20.0,0.38,55.0,20.9,77.34656603805337,0.09968102073365231,803.2,True,True,True
20.0,0.38,60.0,22.8,72.51692941286646,0.09137426900584794,894.3999999999999,True,True,True
20.0,0.38,65.0,24.7,68.581089176107,0.08434547908232119,985.6,True,True,True
20.0,0.38,70.0,26.6,65.31194401659951,0.07832080200501253,1076.8,True,True,True
20.0,0.38,75.0,28.5,62.55332289570003,0.07309941520467836,1168.0,True,True,True
20.0,0.38,80.0,30.4,60.194298735134154,0.06853070175438597,1259.1999999999998,True,True,True
20.0,0.38,85.0,32.3,58.153910539384036,0.06449948400412797,1350.4,True,True,True
20.0,0.38,90.0,34.2,56.37168466806847,0.060916179337231965,1441.5999999999997,True,True,True
20.0,0.38,95.0,36.1,54.80153995471736,0.057710064635272396,1532.8,True,True,True
20.0,0.38,100.0,38.0,53.40774647025497,0.05482456140350877,1624.0000000000002,True,True,True
20.0,0.38,105.0,39.9,52.16217356156562,0.05221386800334169,1715.2,True,True,True
20.0,0.38,110.0,41.8,51.04237152230993,0.04984051036682616,1806.4,True,True,True
20.0,0.38,115.0,43.7,50.03020644129634,0.04767353165522501,1897.6,True,True,True
20.0,0.38,120.0,45.6,49.11087065974821,0.04568713450292397,1988.7999999999997,True,True,True
20.0,0.38,125.0,47.5,48.27215355442813,0.043859649122807015,2080.0,True,True,True
20.0,0.38,130.0,49.4,47.5038961027606,0.042172739541160596,2171.2,True,True,True
20.0,0.38,135.0,51.3,46.797577370675874,0.04061078622482132,2262.4,True,True,True
20.0,0.38,140.0,53.2,46.14599713992198,0.039160401002506263,2353.6,True,True,True
20.0,0.38,145.0,55.1,45.54302957036309,0.03781004234724742,2444.7999999999997,True,True,True
20.0,0.38,150.0,57.0,44.983430015270876,0.03654970760233918,2536.0,True,True,True
20.0,0.38,155.0,58.9,44.46268207362601,0.03537068477645727,2627.2,True,True,True
20.0,0.38,160.0,60.8,43.97687543000793,0.034265350877192985,2718.3999999999996,True,True,True
20.0,0.38,165.0,62.7,43.52260748648805,0.03322700691121744,2809.6,True,True,True
20.0,0.38,170.0,64.6,43.09690355044819,0.032249742002063986,2900.8,True,True,True
20.0,0.38,175.0,66.5,42.69715161906531,0.03132832080200501,2992.0,True,True,True
20.0,0.38,180.0,68.4,42.32104873811193,0.030458089668615983,3083.1999999999994,True,True,True
20.0,0.38,185.0,70.3,41.96655660737461,0.02963489805595069,3174.4,True,True,True
20.0,0.38,190.0,72.2,41.63186462504693,0.028855032317636198,3265.6,True,True,True
20.0,0.38,195.0,74.1,41.315358956344305,0.028115159694107064,3356.8,True,True,True
20.0,0.38,200.0,76.0,41.01559651095123,0.027412280701754384,3448.0000000000005,True,True,True
20.0,0.38,205.0,77.9,40.731282943846956,0.02674368848951647,3539.1999999999994,True,True,True
20.0,0.38,210.0,79.8,40.461253972004855,0.026106934001670846,3630.4,True,True,True
20.0,0.38,215.0,81.7,40.20445943816361,0.02549979600163198,3721.6,True,True,True
20.0,0.38,220.0,83.6,39.95994966171134,0.02492025518341308,3812.8,True,True,True
20.0,0.38,225.0,85.5,39.726863702683474,0.02436647173489279,3904.0,True,True,True
20.0,0.38,230.0,87.4,39.50441923317471,0.023836765827612506,3995.2,True,True,True
20.0,0.38,235.0,89.3,39.29190376504574,0.023329600597237772,4086.3999999999996,True,True,True
20.0,0.38,240.0,91.2,39.08866702666272,0.022843567251461985,4177.599999999999,True,True,True
20.0,0.38,245.0,93.1,38.8941143168313,0.022377372001432153,4268.799999999999,True,True,True
20.0,0.38,250.0,95.0,38.70770069284237,0.021929824561403508,4360.0,True,True,True
20.0,0.38,255.0,96.9,38.52892587299964,0.021499828001375988,4451.2,True,True,True
20.0,0.38,260.0,98.8,38.35732975321401,0.021086369770580298,4542.4,True,True,True
20.0,0.38,265.0,100.7,38.19248845306081,0.02068851373717312,4633.6,True,True,True
20.0,0.38,270.0,102.6,38.034010819760816,0.02030539311241066,4724.8,True,True,True
20.0,0.38,275.0,104.5,37.881535329383134,0.019936204146730464,4816.0,True,True,True
20.0,0.38,280.0,106.4,37.734727333593995,0.019580200501253132,4907.2,True,True,True
20.0,0.38,285.0,108.3,37.59327660781766,0.019236688211757468,4998.399999999999,True,True,True
20.0,0.38,290.0,110.2,37.4568951630028,0.01890502117362371,5089.599999999999,True,True,True
20.0,0.38,295.0,112.1,37.32531528851188,0.01858459708593518,5180.8,True,True,True
20.0,0.38,300.0,114.0,37.198287798145984,0.01827485380116959,5272.0,True,True,True
20.0,0.39,10.0,3.9,nan,0.5341880341880341,-12.800000000000011,False,False,False
20.0,0.39,15.0,5.85,500.81182342071406,0.3561253561253561,80.79999999999998,True,False,False
20.0,0.39,20.0,7.8,248.11887913598335,0.26709401709401703,174.39999999999998,True,False,False
20.0,0.39,25.0,9.75,171.93384220237797,0.2136752136752137,267.99999999999994,True,False,False
20.0,0.39,30.0,11.7,135.18973146891338,0.17806267806267806,361.59999999999997,True,True,False
20.0,0.39,35.0,13.65,113.55655555378047,0.15262515262515264,455.20000000000005,True,True,False
20.0,0.39,40.0,15.6,99.30262623360545,0.13354700854700852,548.8,True,True,True
20.0,0.39,45.0,17.55,89.2023948722361,0.11870845204178539,642.4,True,True,True
20.0,0.39,50.0,19.5,81.67113540060635,0.10683760683760685,736.0,True,True,True
20.0,0.39,55.0,21.45,75.83931152816787,0.09712509712509713,829.5999999999999,True,True,True
20.0,0.39,60.0,23.4,71.19002386556527,0.08903133903133903,923.1999999999999,True,True,True
20.0,0.39,65.0,25.35,67.3967026176354,0.08218277449046679,1016.7999999999998,True,True,True
20.0,0.39,70.0,27.3,64.24288941870807,0.07631257631257632,1110.4,True,True,True
20.0,0.39,75.0,29.25,61.57943654439806,0.07122507122507123,1204.0,True,True,True
20.0,0.39,80.0,31.2,59.300230262312766,0.06677350427350426,1297.6,True,True,True
20.0,0.39,85.0,33.15,57.32771418724758,0.0628456510809452,1391.2,True,True,True
20.0,0.39,90.0,35.1,55.603888177680915,0.05935422602089269,1484.8,True,True,True
20.0,0.39,95.0,37.05,54.08450985500661,0.056230319388214114,1578.4000000000003,True,True,True
20.0,0.39,100.0,39.0,52.735243746449896,0.05341880341880342,1672.0,True,True,True
20.0,0.39,105.0,40.95,51.529035304137984,0.05087505087505087,1765.5999999999997,True,True,True
20.0,0.39,110.0,42.9,50.444278142162126,0.04856254856254857,1859.1999999999998,True,True,True
20.0,0.39,115.0,44.85,49.46350835253462,0.046451133407655144,1952.7999999999997,True,True,True
20.0,0.39,120.0,46.8,48.572457144131846,0.044515669515669515,2046.3999999999999,True,True,True
20.0,0.39,125.0,48.75,47.75935209751085,0.04273504273504273,2140.0000000000005,True,True,True
20.0,0.39,130.0,50.7,47.01439410708945,0.041091387245233396,2233.6,True,True,True
20.0,0.39,135.0,52.65,46.32936054766106,0.03956948401392846,2327.2,True,True,True
20.0,0.39,140.0,54.6,45.697300502081376,0.03815628815628816,2420.8,True,True,True
20.0,0.39,145.0,56.55,45.1122980609133,0.03684055408193339,2514.4,True,True,True
20.0,0.39,150.0,58.5,44.56928659251617,0.03561253561253561,2608.0,True,True,True
20.0,0.39,155.0,60.45,44.06390162207728,0.03446374414116349,2701.6,True,True,True
20.0,0.39,160.0,62.4,43.59236326957849,0.03338675213675213,2795.2,True,True,True
20.0,0.39,165.0,64.35,43.15138154252546,0.03237503237503237,2888.8,True,True,True
20.0,0.39,170.0,66.3,42.738079462503144,0.0314228255404726,2982.4,True,True,True
20.0,0.39,175.0,68.25,42.3499302268827,0.030525030525030528,3076.0,True,True,True
20.0,0.39,180.0,70.2,41.98470550442104,0.029677113010446347,3169.6,True,True,True
20.0,0.39,185.0,72.15,41.64043262923963,0.028875028875028876,3263.2,True,True,True
20.0,0.39,190.0,74.1,41.3153589563443,0.028115159694107057,3356.8000000000006,True,True,True
20.0,0.39,195.0,76.05,41.00792201877415,0.027394258163488935,3450.4,True,True,True
20.0,0.39,200.0,78.0,40.71672441379801,0.02670940170940171,3544.0,True,True,True
20.0,0.39,205.0,79.95,40.44051256636847,0.02605795288722118,3637.6,True,True,True
20.0,0.39,210.0,81.9,40.17815868898578,0.025437525437525435,3731.1999999999994,True,True,True
20.0,0.39,215.0,83.85,39.928645390416634,0.024845955078513216,3824.8000000000006,True,True,True
20.0,0.39,220.0,85.8,39.691052490349975,0.024281274281274284,3918.3999999999996,True,True,True
20.0,0.39,225.0,87.75,39.46454567973807,0.023741690408357073,4012.0000000000005,True,True,True
20.0,0.39,230.0,89.7,39.248366732275656,0.023225566703827572,4105.599999999999,True,True,True
20.0,0.39,235.0,91.65,39.04182502499351,0.02273140571012911,4199.2,True,True,True
20.0,0.39,240.0,93.6,38.84429016815937,0.022257834757834757,4292.799999999999,True,True,True
20.0,0.39,245.0,95.55,38.65518557878814,0.02180359323216466,4386.4,True,True,True
20.0,0.39,250.0,97.5,38.47398285975851,0.021367521367521364,4480.0,True,True,True
20.0,0.39,255.0,99.45,38.30019686912714,0.020948550360315066,4573.6,True,True,True
20.0,0.39,260.0,101.4,38.13338138274804,0.020545693622616698,4667.2,True,True,True
20.0,0.39,265.0,103.35,37.97312526854384,0.020158039025963553,4760.8,True,True,True
20.0,0.39,270.0,105.3,37.819049103371235,0.01978474200696423,4854.4,True,True,True
20.0,0.39,275.0,107.25,37.6708021738737,0.019425019425019428,4948.0,True,True,True
20.0,0.39,280.0,109.2,37.52805981141877,0.01907814407814408,5041.6,True,True,True
20.0,0.39,285.0,111.15,37.39052101849406,0.018743439796071373,5135.2,True,True,True
20.0,0.39,290.0,113.1,37.25790635004064,0.018420277040966694,5228.8,True,True,True
20.0,0.39,295.0,115.05,37.12995601834027,0.018108068955526583,5322.4,True,True,True
20.0,0.39,300.0,117.0,37.00642819441213,0.017806267806267807,5416.0,True,True,True
20.0,0.4,10.0,4.0,nan,0.5208333333333334,-8.000000000000007,False,False,False
20.0,0.4,15.0,6.0,462.2894025437411,0.3472222222222222,87.99999999999999,True,False,False
20.0,0.4,20.0,8.0,236.73783682929087,0.2604166666666667,184.0,True,False,False
20.0,0.4,25.0,10.0,165.85020189046364,0.20833333333333331,280.00000000000006,True,False,False
20.0,0.4,30.0,12.0,131.160508196995,0.1736111111111111,376.0,True,True,False
20.0,0.4,35.0,14.0,110.58187634493734,0.1488095238095238,472.00000000000006,True,True,False
20.0,0.4,40.0,16.0,96.95940173864565,0.13020833333333334,568.0,True,True,True
20.0,0.4,45.0,18.0,87.27595593417325,0.11574074074074076,663.9999999999999,True,True,True
20.0,0.4,50.0,20.0,80.03885433293595,0.10416666666666666,760.0000000000001,True,True,True
20.0,0.4,55.0,22.0,74.42502785720987,0.0946969696969697,856.0,True,True,True
20.0,0.4,60.0,24.0,69.9434016791092,0.08680555555555555,952.0,True,True,True
20.0,0.4,65.0,26.0,66.28283678554604,0.08012820512820512,1048.0,True,True,True
20.0,0.4,70.0,28.0,63.23663243355991,0.0744047619047619,1144.0000000000002,True,True,True
20.0,0.4,75.0,30.0,60.66209843284908,0.06944444444444445,1240.0,True,True,True
20.0,0.4,80.0,32.0,58.45755734242003,0.06510416666666667,1336.0,True,True,True
20.0,0.4,85.0,34.0,56.54859718031666,0.061274509803921566,1432.0,True,True,True
20.0,0.4,90.0,36.0,54.879506357954035,0.05787037037037038,1527.9999999999998,True,True,True
20.0,0.4,95.0,38.0,53.40774647025497,0.05482456140350877,1624.0000000000002,True,True,True
20.0,0.4,100.0,40.0,52.100276058392076,0.05208333333333333,1720.0000000000002,True,True,True
20.0,0.4,105.0,42.0,50.93104040373055,0.0496031746031746,1816.0,True,True,True
20.0,0.4,110.0,44.0,49.87921753447437,0.04734848484848485,1912.0,True,True,True
20.0,0.4,115.0,46.0,48.92796736984826,0.045289855072463775,2007.9999999999998,True,True,True
20.0,0.4,120.0,48.0,48.06352330389525,0.043402777777777776,2104.0,True,True,True
20.0,0.4,125.0,50.0,47.27452162915268,0.041666666666666664,2200.0,True,True,True
20.0,0.4,130.0,52.0,46.551499188534926,0.04006410256410256,2296.0,True,True,True
20.0,0.4,135.0,54.0,45.886511993986836,0.038580246913580245,2392.0,True,True,True
20.0,0.4,140.0,56.0,45.27284213921093,0.03720238095238095,2488.0000000000005,True,True,True
20.0,0.4,145.0,58.0,44.70477004454223,0.035919540229885055,2584.0,True,True,True
20.0,0.4,150.0,60.0,44.17739565217814,0.034722222222222224,2680.0,True,True,True
20.0,0.4,155.0,62.0,43.686496722110135,0.03360215053763441,2776.0,True,True,True
20.0,0.4,160.0,64.0,43.22841554781268,0.032552083333333336,2872.0,True,True,True
20.0,0.4,165.0,66.0,42.799967657027736,0.03156565656565656,2968.0000000000005,True,True,True
20.0,0.4,170.0,68.0,42.398367675848114,0.030637254901960783,3064.0,True,True,True
20.0,0.4,175.0,70.0,42.02116870618321,0.02976190476190476,3160.0,True,True,True
20.0,0.4,180.0,72.0,41.66621242760419,0.02893518518518519,3255.9999999999995,True,True,True
20.0,0.4,185.0,74.0,41.33158777357385,0.02815315315315315,3352.0000000000005,True,True,True
20.0,0.4,190.0,76.0,41.01559651095123,0.027412280701754384,3448.0000000000005,True,True,True
20.0,0.4,195.0,78.0,40.71672441379801,0.02670940170940171,3544.0,True,True,True
20.0,0.4,200.0,80.0,40.43361699869243,0.026041666666666664,3640.0000000000005,True,True,True
20.0,0.4,205.0,82.0,40.16505900106551,0.02540650406504065,3736.0,True,True,True
20.0,0.4,210.0,84.0,39.90995693651385,0.0248015873015873,3832.0,True,True,True
20.0,0.4,215.0,86.0,39.667324219312974,0.024224806201550386,3928.0,True,True,True
20.0,0.4,220.0,88.0,39.436268411083915,0.023674242424242424,4024.0,True,True,True
20.0,0.4,225.0,90.0,39.21598025217038,0.023148148148148147,4120.000000000001,True,True,True
20.0,0.4,230.0,92.0,39.005724191575496,0.022644927536231887,4215.999999999999,True,True,True
20.0,0.4,235.0,94.0,38.80483018191619,0.022163120567375884,4312.0,True,True,True
20.0,0.4,240.0,96.0,38.61268654654331,0.021701388888888888,4408.0,True,True,True
20.0,0.4,245.0,98.0,38.42873375885951,0.021258503401360544,4504.0,True,True,True
20.0,0.4,250.0,100.0,38.252459000574675,0.020833333333333332,4600.0,True,True,True
20.0,0.4,255.0,102.0,38.08339138743266,0.02042483660130719,4696.0,True,True,True
20.0,0.4,260.0,104.0,37.9210977688072,0.02003205128205128,4792.0,True,True,True
20.0,0.4,265.0,106.0,37.76517902227177,0.019654088050314468,4888.0,True,True,True
20.0,0.4,270.0,108.0,37.61526677640544,0.019290123456790122,4984.0,True,True,True
20.0,0.4,275.0,110.0,37.471020505186026,0.018939393939393936,5080.0,True,True,True
20.0,0.4,280.0,112.0,37.33212494572746,0.018601190476190476,5176.000000000001,True,True,True
20.0,0.4,285.0,114.0,37.198287798145984,0.01827485380116959,5272.0,True,True,True
20.0,0.4,290.0,116.0,37.06923767223657,0.017959770114942528,5368.0,True,True,True
20.0,0.4,295.0,118.0,36.94472225060509,0.01765536723163842,5464.0,True,True,True
20.0,0.4,300.0,120.0,36.82450664209469,0.017361111111111112,5560.0,True,True,True
