scenario,source_MW,matched_supported,common_input_digest,steam_case,gas_case,cost_gap_gas_minus_steam_USD2025_MWh,strict_cheaper,preference,net_power_gap_gas_minus_steam_MW,strict_higher_net_power,power_comparison,cost_materiality_band_USD2025_MWh,power_materiality_band_MW,interpretation
TBR-model-lower-T-price-x0,2500.0,True,6fbd6124d284749142c4582514d1ea737a2c1de611ee4d032995e113c90058d9,"{""alias"": ""TBR-model-lower-T-price-x0::nominal::steam-q2500-n10-k4-pump225"", ""branch"": ""steam"", ""candidate_id"": ""20260927-design-study-whole-plant-conversion-b:c1122"", ""catalog_ranking"": true, ""eligible"": true, ""failed_predicates"": [], ""family"": ""fuel"", ""native_case"": ""TBR-model-lower-T-price-x0::nominal::gas-q2500-m2000-r1.5-ua25-25-25"", ""native_check_status"": ""shared_and_branch_pass"", ""native_lcoe_USD2025_MWh"": 403.6927489223545, ""point_id"": ""af20eb35886bb7c18a5a5a09152dd8a912162b864778028779712c91c96962cb"", ""role"": ""rerank_nominal_supported_catalog"", ""scenario"": ""TBR-model-lower-T-price-x0"", ""source_MW"": 2500.0, ""state"": ""completed""}","{""alias"": ""TBR-model-lower-T-price-x0::nominal::gas-q2500-m2000-r1.5-ua25-25-25"", ""branch"": ""gas"", ""candidate_id"": ""20260927-design-study-whole-plant-conversion-b:c1122"", ""catalog_ranking"": true, ""eligible"": true, ""failed_predicates"": [], ""family"": ""fuel"", ""native_case"": ""TBR-model-lower-T-price-x0::nominal::gas-q2500-m2000-r1.5-ua25-25-25"", ""native_check_status"": ""shared_and_branch_pass"", ""native_lcoe_USD2025_MWh"": 864.9284558066427, ""point_id"": ""af20eb35886bb7c18a5a5a09152dd8a912162b864778028779712c91c96962cb"", ""role"": ""rerank_nominal_supported_catalog"", ""scenario"": ""TBR-model-lower-T-price-x0"", ""source_MW"": 2500.0, ""state"": ""completed""}",461.23570688428816,steam,steam,-378.0857935102733,steam,steam,5.0,5.0,finite catalog comparison; strict algebraic ordering is separate from reporting materiality
TBR-model-lower-T-price-x0,2800.0,True,838820cf361637f19c5d7ae14f3c78941d481cd2c04f68c6c7d4970eaa4cb627,"{""alias"": ""TBR-model-lower-T-price-x0::nominal::steam-q2800-n11-k4-pump225"", ""branch"": ""steam"", ""candidate_id"": ""20260927-design-study-whole-plant-conversion-b:c1125"", ""catalog_ranking"": true, ""eligible"": true, ""failed_predicates"": [], ""family"": ""fuel"", ""native_case"": ""TBR-model-lower-T-price-x0::nominal::gas-q2800-m1750-r1.8-ua25-25-25"", ""native_check_status"": ""shared_and_branch_pass"", ""native_lcoe_USD2025_MWh"": 366.72534103976574, ""point_id"": ""c3268d1a06362c94aa099f48e71214fa5a20e726b23b6ab0e598c36f179dee6b"", ""role"": ""rerank_nominal_supported_catalog"", ""scenario"": ""TBR-model-lower-T-price-x0"", ""source_MW"": 2800.0, ""state"": ""completed""}","{""alias"": ""TBR-model-lower-T-price-x0::nominal::gas-q2800-m1750-r1.8-ua25-25-25"", ""branch"": ""gas"", ""candidate_id"": ""20260927-design-study-whole-plant-conversion-b:c1125"", ""catalog_ranking"": true, ""eligible"": true, ""failed_predicates"": [], ""family"": ""fuel"", ""native_case"": ""TBR-model-lower-T-price-x0::nominal::gas-q2800-m1750-r1.8-ua25-25-25"", ""native_check_status"": ""shared_and_branch_pass"", ""native_lcoe_USD2025_MWh"": 1215.764016460557, ""point_id"": ""c3268d1a06362c94aa099f48e71214fa5a20e726b23b6ab0e598c36f179dee6b"", ""role"": ""rerank_nominal_supported_catalog"", ""scenario"": ""TBR-model-lower-T-price-x0"", ""source_MW"": 2800.0, ""state"": ""completed""}",849.0386754207914,steam,steam,-542.18440557501,steam,steam,5.0,5.0,finite catalog comparison; strict algebraic ordering is separate from reporting materiality
TBR-model-lower-T-price-x0.333333,2500.0,True,096b42d1a491e48f0c4dc2db4fc9c6496a8cfcee0a14a2a3c50d05db81a68518,"{""alias"": ""TBR-model-lower-T-price-x0.333333::nominal::steam-q2500-n10-k4-pump225"", ""branch"": ""steam"", ""candidate_id"": ""20260927-design-study-whole-plant-conversion-b:c1147"", ""catalog_ranking"": true, ""eligible"": true, ""failed_predicates"": [], ""family"": ""fuel"", ""native_case"": ""TBR-model-lower-T-price-x0.333333::nominal::gas-q2500-m2000-r1.5-ua25-25-25"", ""native_check_status"": ""shared_and_branch_pass"", ""native_lcoe_USD2025_MWh"": 407.54990668204925, ""point_id"": ""9b866ace838eda43791833eabb2a8493c827dd046b86277d29732cfca03b6d0f"", ""role"": ""rerank_nominal_supported_catalog"", ""scenario"": ""TBR-model-lower-T-price-x0.333333"", ""source_MW"": 2500.0, ""state"": ""completed""}","{""alias"": ""TBR-model-lower-T-price-x0.333333::nominal::gas-q2500-m2000-r1.5-ua25-25-25"", ""branch"": ""gas"", ""candidate_id"": ""20260927-design-study-whole-plant-conversion-b:c1147"", ""catalog_ranking"": true, ""eligible"": true, ""failed_predicates"": [], ""family"": ""fuel"", ""native_case"": ""TBR-model-lower-T-price-x0.333333::nominal::gas-q2500-m2000-r1.5-ua25-25-25"", ""native_check_status"": ""shared_and_branch_pass"", ""native_lcoe_USD2025_MWh"": 873.886772198019, ""point_id"": ""9b866ace838eda43791833eabb2a8493c827dd046b86277d29732cfca03b6d0f"", ""role"": ""rerank_nominal_supported_catalog"", ""scenario"": ""TBR-model-lower-T-price-x0.333333"", ""source_MW"": 2500.0, ""state"": ""completed""}",466.33686551596975,steam,steam,-378.0857935102733,steam,steam,5.0,5.0,finite catalog comparison; strict algebraic ordering is separate from reporting materiality
TBR-model-lower-T-price-x0.333333,2800.0,True,af54a2a9b80c387b035a73038e3ea6b66038250ad0c5c6dd5ac8715d1095e3c2,"{""alias"": ""TBR-model-lower-T-price-x0.333333::nominal::steam-q2800-n11-k4-pump225"", ""branch"": ""steam"", ""candidate_id"": ""20260927-design-study-whole-plant-conversion-b:c1150"", ""catalog_ranking"": true, ""eligible"": true, ""failed_predicates"": [], ""family"": ""fuel"", ""native_case"": ""TBR-model-lower-T-price-x0.333333::nominal::gas-q2800-m1750-r1.8-ua25-25-25"", ""native_check_status"": ""shared_and_branch_pass"", ""native_lcoe_USD2025_MWh"": 370.3010363434514, ""point_id"": ""738da62cf0d71863b239db74d08934b01073a9e106830c7e6b29ec0e19f3249b"", ""role"": ""rerank_nominal_supported_catalog"", ""scenario"": ""TBR-model-lower-T-price-x0.333333"", ""source_MW"": 2800.0, ""state"": ""completed""}","{""alias"": ""TBR-model-lower-T-price-x0.333333::nominal::gas-q2800-m1750-r1.8-ua25-25-25"", ""branch"": ""gas"", ""candidate_id"": ""20260927-design-study-whole-plant-conversion-b:c1150"", ""catalog_ranking"": true, ""eligible"": true, ""failed_predicates"": [], ""family"": ""fuel"", ""native_case"": ""TBR-model-lower-T-price-x0.333333::nominal::gas-q2800-m1750-r1.8-ua25-25-25"", ""native_check_status"": ""shared_and_branch_pass"", ""native_lcoe_USD2025_MWh"": 1228.8216825534178, ""point_id"": ""738da62cf0d71863b239db74d08934b01073a9e106830c7e6b29ec0e19f3249b"", ""role"": ""rerank_nominal_supported_catalog"", ""scenario"": ""TBR-model-lower-T-price-x0.333333"", ""source_MW"": 2800.0, ""state"": ""completed""}",858.5206462099663,steam,steam,-542.18440557501,steam,steam,5.0,5.0,finite catalog comparison; strict algebraic ordering is separate from reporting materiality
TBR-model-lower-T-price-x1,2500.0,True,6d361203a121758f298e8bac0c448e09eb544050cfa4eff048360a65dd82b35d,"{""alias"": ""TBR-model-lower-T-price-x1::nominal::steam-q2500-n10-k4-pump225"", ""branch"": ""steam"", ""candidate_id"": ""20260927-design-study-whole-plant-conversion-b:c1172"", ""catalog_ranking"": true, ""eligible"": true, ""failed_predicates"": [], ""family"": ""fuel"", ""native_case"": ""TBR-model-lower-T-price-x1::nominal::gas-q2500-m2000-r1.5-ua25-25-25"", ""native_check_status"": ""shared_and_branch_pass"", ""native_lcoe_USD2025_MWh"": 415.2642222014386, ""point_id"": ""eb7d905b57e4b202e4331e92ff8410c45ed712575da16f3c2b3b09f0240ffa03"", ""role"": ""rerank_nominal_supported_catalog"", ""scenario"": ""TBR-model-lower-T-price-x1"", ""source_MW"": 2500.0, ""state"": ""completed""}","{""alias"": ""TBR-model-lower-T-price-x1::nominal::gas-q2500-m2000-r1.5-ua25-25-25"", ""branch"": ""gas"", ""candidate_id"": ""20260927-design-study-whole-plant-conversion-b:c1172"", ""catalog_ranking"": true, ""eligible"": true, ""failed_predicates"": [], ""family"": ""fuel"", ""native_case"": ""TBR-model-lower-T-price-x1::nominal::gas-q2500-m2000-r1.5-ua25-25-25"", ""native_check_status"": ""shared_and_branch_pass"", ""native_lcoe_USD2025_MWh"": 891.803404980771, ""point_id"": ""eb7d905b57e4b202e4331e92ff8410c45ed712575da16f3c2b3b09f0240ffa03"", ""role"": ""rerank_nominal_supported_catalog"", ""scenario"": ""TBR-model-lower-T-price-x1"", ""source_MW"": 2500.0, ""state"": ""completed""}",476.5391827793324,steam,steam,-378.0857935102733,steam,steam,5.0,5.0,finite catalog comparison; strict algebraic ordering is separate from reporting materiality
TBR-model-lower-T-price-x1,2800.0,True,da190aed0ae3501a0aad3f3930a645b85690e2101acabdccc11824ce72879974,"{""alias"": ""TBR-model-lower-T-price-x1::nominal::steam-q2800-n11-k4-pump225"", ""branch"": ""steam"", ""candidate_id"": ""20260927-design-study-whole-plant-conversion-b:c1175"", ""catalog_ranking"": true, ""eligible"": true, ""failed_predicates"": [], ""family"": ""fuel"", ""native_case"": ""TBR-model-lower-T-price-x1::nominal::gas-q2800-m1750-r1.8-ua25-25-25"", ""native_check_status"": ""shared_and_branch_pass"", ""native_lcoe_USD2025_MWh"": 377.4524269508226, ""point_id"": ""38ed7d4d0b5bf7050aea498e3a607966233e6448d38b3677f7cd48add84f2df3"", ""role"": ""rerank_nominal_supported_catalog"", ""scenario"": ""TBR-model-lower-T-price-x1"", ""source_MW"": 2800.0, ""state"": ""completed""}","{""alias"": ""TBR-model-lower-T-price-x1::nominal::gas-q2800-m1750-r1.8-ua25-25-25"", ""branch"": ""gas"", ""candidate_id"": ""20260927-design-study-whole-plant-conversion-b:c1175"", ""catalog_ranking"": true, ""eligible"": true, ""failed_predicates"": [], ""family"": ""fuel"", ""native_case"": ""TBR-model-lower-T-price-x1::nominal::gas-q2800-m1750-r1.8-ua25-25-25"", ""native_check_status"": ""shared_and_branch_pass"", ""native_lcoe_USD2025_MWh"": 1254.937014739138, ""point_id"": ""38ed7d4d0b5bf7050aea498e3a607966233e6448d38b3677f7cd48add84f2df3"", ""role"": ""rerank_nominal_supported_catalog"", ""scenario"": ""TBR-model-lower-T-price-x1"", ""source_MW"": 2800.0, ""state"": ""completed""}",877.4845877883154,steam,steam,-542.18440557501,steam,steam,5.0,5.0,finite catalog comparison; strict algebraic ordering is separate from reporting materiality
TBR-model-lower-T-price-x3.33333,2500.0,True,1116de0503f5fa0a72325887231264e0db6b60630df1baaf250033afa6d6531d,"{""alias"": ""TBR-model-lower-T-price-x3.33333::nominal::steam-q2500-n10-k4-pump225"", ""branch"": ""steam"", ""candidate_id"": ""20260927-design-study-whole-plant-conversion-b:c1197"", ""catalog_ranking"": true, ""eligible"": true, ""failed_predicates"": [], ""family"": ""fuel"", ""native_case"": ""TBR-model-lower-T-price-x3.33333::nominal::gas-q2500-m2000-r1.5-ua25-25-25"", ""native_check_status"": ""shared_and_branch_pass"", ""native_lcoe_USD2025_MWh"": 442.26432651930145, ""point_id"": ""7aa13460e8a076952ab435dad4c7b8bc65d254fb2f11f5a45f93d6edee524735"", ""role"": ""rerank_nominal_supported_catalog"", ""scenario"": ""TBR-model-lower-T-price-x3.33333"", ""source_MW"": 2500.0, ""state"": ""completed""}","{""alias"": ""TBR-model-lower-T-price-x3.33333::nominal::gas-q2500-m2000-r1.5-ua25-25-25"", ""branch"": ""gas"", ""candidate_id"": ""20260927-design-study-whole-plant-conversion-b:c1197"", ""catalog_ranking"": true, ""eligible"": true, ""failed_predicates"": [], ""family"": ""fuel"", ""native_case"": ""TBR-model-lower-T-price-x3.33333::nominal::gas-q2500-m2000-r1.5-ua25-25-25"", ""native_check_status"": ""shared_and_branch_pass"", ""native_lcoe_USD2025_MWh"": 954.511619720404, ""point_id"": ""7aa13460e8a076952ab435dad4c7b8bc65d254fb2f11f5a45f93d6edee524735"", ""role"": ""rerank_nominal_supported_catalog"", ""scenario"": ""TBR-model-lower-T-price-x3.33333"", ""source_MW"": 2500.0, ""state"": ""completed""}",512.2472932011026,steam,steam,-378.0857935102733,steam,steam,5.0,5.0,finite catalog comparison; strict algebraic ordering is separate from reporting materiality
TBR-model-lower-T-price-x3.33333,2800.0,True,d8160928b1157b0db6f6e0248d487a296a98e6ea8045da3460b2dc402ea07a30,"{""alias"": ""TBR-model-lower-T-price-x3.33333::nominal::steam-q2800-n11-k4-pump225"", ""branch"": ""steam"", ""candidate_id"": ""20260927-design-study-whole-plant-conversion-b:c1200"", ""catalog_ranking"": true, ""eligible"": true, ""failed_predicates"": [], ""family"": ""fuel"", ""native_case"": ""TBR-model-lower-T-price-x3.33333::nominal::gas-q2800-m1750-r1.8-ua25-25-25"", ""native_check_status"": ""shared_and_branch_pass"", ""native_lcoe_USD2025_MWh"": 402.4822940766219, ""point_id"": ""8ff8fcecc2f4832e309dee4695f8653e23e173d0b36df32666f22a62fe25c0fd"", ""role"": ""rerank_nominal_supported_catalog"", ""scenario"": ""TBR-model-lower-T-price-x3.33333"", ""source_MW"": 2800.0, ""state"": ""completed""}","{""alias"": ""TBR-model-lower-T-price-x3.33333::nominal::gas-q2800-m1750-r1.8-ua25-25-25"", ""branch"": ""gas"", ""candidate_id"": ""20260927-design-study-whole-plant-conversion-b:c1200"", ""catalog_ranking"": true, ""eligible"": true, ""failed_predicates"": [], ""family"": ""fuel"", ""native_case"": ""TBR-model-lower-T-price-x3.33333::nominal::gas-q2800-m1750-r1.8-ua25-25-25"", ""native_check_status"": ""shared_and_branch_pass"", ""native_lcoe_USD2025_MWh"": 1346.3406773891606, ""point_id"": ""8ff8fcecc2f4832e309dee4695f8653e23e173d0b36df32666f22a62fe25c0fd"", ""role"": ""rerank_nominal_supported_catalog"", ""scenario"": ""TBR-model-lower-T-price-x3.33333"", ""source_MW"": 2800.0, ""state"": ""completed""}",943.8583833125388,steam,steam,-542.18440557501,steam,steam,5.0,5.0,finite catalog comparison; strict algebraic ordering is separate from reporting materiality
TBR-model-mean-T-price-x0,2500.0,True,cd04e45403a18c8dd89d9043076ada32deff6a1729b4241c2195ac705a4abc73,"{""alias"": ""TBR-model-mean-T-price-x0::nominal::steam-q2500-n10-k4-pump225"", ""branch"": ""steam"", ""candidate_id"": ""20260927-design-study-whole-plant-conversion-b:c1047"", ""catalog_ranking"": true, ""eligible"": true, ""failed_predicates"": [], ""family"": ""fuel"", ""native_case"": ""TBR-model-mean-T-price-x0::nominal::gas-q2500-m2000-r1.5-ua25-25-25"", ""native_check_status"": ""shared_and_branch_pass"", ""native_lcoe_USD2025_MWh"": 403.6932333445063, ""point_id"": ""e5d24052132b2cff36ba89f671c9918ace12d2a8a164c81bbc42995b8b7878db"", ""role"": ""rerank_nominal_supported_catalog"", ""scenario"": ""TBR-model-mean-T-price-x0"", ""source_MW"": 2500.0, ""state"": ""completed""}","{""alias"": ""TBR-model-mean-T-price-x0::nominal::gas-q2500-m2000-r1.5-ua25-25-25"", ""branch"": ""gas"", ""candidate_id"": ""20260927-design-study-whole-plant-conversion-b:c1047"", ""catalog_ranking"": true, ""eligible"": true, ""failed_predicates"": [], ""family"": ""fuel"", ""native_case"": ""TBR-model-mean-T-price-x0::nominal::gas-q2500-m2000-r1.5-ua25-25-25"", ""native_check_status"": ""shared_and_branch_pass"", ""native_lcoe_USD2025_MWh"": 864.929580885567, ""point_id"": ""e5d24052132b2cff36ba89f671c9918ace12d2a8a164c81bbc42995b8b7878db"", ""role"": ""rerank_nominal_supported_catalog"", ""scenario"": ""TBR-model-mean-T-price-x0"", ""source_MW"": 2500.0, ""state"": ""completed""}",461.2363475410607,steam,steam,-378.0857935102733,steam,steam,5.0,5.0,finite catalog comparison; strict algebraic ordering is separate from reporting materiality
TBR-model-mean-T-price-x0,2800.0,True,e762a72bdb7645635a9c66a0661e2f5227f0bd917442005c92ddf5ab9b83a1ea,"{""alias"": ""TBR-model-mean-T-price-x0::nominal::steam-q2800-n11-k4-pump225"", ""branch"": ""steam"", ""candidate_id"": ""20260927-design-study-whole-plant-conversion-b:c1050"", ""catalog_ranking"": true, ""eligible"": true, ""failed_predicates"": [], ""family"": ""fuel"", ""native_case"": ""TBR-model-mean-T-price-x0::nominal::gas-q2800-m1750-r1.8-ua25-25-25"", ""native_check_status"": ""shared_and_branch_pass"", ""native_lcoe_USD2025_MWh"": 366.7258245710334, ""point_id"": ""52190fe71fcb434447351e0559d3c5bc70e913b78243f1e2afbcefa61c584acb"", ""role"": ""rerank_nominal_supported_catalog"", ""scenario"": ""TBR-model-mean-T-price-x0"", ""source_MW"": 2800.0, ""state"": ""completed""}","{""alias"": ""TBR-model-mean-T-price-x0::nominal::gas-q2800-m1750-r1.8-ua25-25-25"", ""branch"": ""gas"", ""candidate_id"": ""20260927-design-study-whole-plant-conversion-b:c1050"", ""catalog_ranking"": true, ""eligible"": true, ""failed_predicates"": [], ""family"": ""fuel"", ""native_case"": ""TBR-model-mean-T-price-x0::nominal::gas-q2800-m1750-r1.8-ua25-25-25"", ""native_check_status"": ""shared_and_branch_pass"", ""native_lcoe_USD2025_MWh"": 1215.7657822121948, ""point_id"": ""52190fe71fcb434447351e0559d3c5bc70e913b78243f1e2afbcefa61c584acb"", ""role"": ""rerank_nominal_supported_catalog"", ""scenario"": ""TBR-model-mean-T-price-x0"", ""source_MW"": 2800.0, ""state"": ""completed""}",849.0399576411614,steam,steam,-542.18440557501,steam,steam,5.0,5.0,finite catalog comparison; strict algebraic ordering is separate from reporting materiality
TBR-model-mean-T-price-x0.333333,2500.0,True,359b22c6736c2fee17628f12f236e2606be5284b4c42cde25c3401dace111739,"{""alias"": ""TBR-model-mean-T-price-x0.333333::nominal::steam-q2500-n10-k4-pump225"", ""branch"": ""steam"", ""candidate_id"": ""20260927-design-study-whole-plant-conversion-b:c1072"", ""catalog_ranking"": true, ""eligible"": true, ""failed_predicates"": [], ""family"": ""fuel"", ""native_case"": ""TBR-model-mean-T-price-x0.333333::nominal::gas-q2500-m2000-r1.5-ua25-25-25"", ""native_check_status"": ""shared_and_branch_pass"", ""native_lcoe_USD2025_MWh"": 405.18342374040367, ""point_id"": ""770ffafcfd344b64d322591e10de2c2622c01012c9a8c7d73c50a40424667d69"", ""role"": ""rerank_nominal_supported_catalog"", ""scenario"": ""TBR-model-mean-T-price-x0.333333"", ""source_MW"": 2500.0, ""state"": ""completed""}","{""alias"": ""TBR-model-mean-T-price-x0.333333::nominal::gas-q2500-m2000-r1.5-ua25-25-25"", ""branch"": ""gas"", ""candidate_id"": ""20260927-design-study-whole-plant-conversion-b:c1072"", ""catalog_ranking"": true, ""eligible"": true, ""failed_predicates"": [], ""family"": ""fuel"", ""native_case"": ""TBR-model-mean-T-price-x0.333333::nominal::gas-q2500-m2000-r1.5-ua25-25-25"", ""native_check_status"": ""shared_and_branch_pass"", ""native_lcoe_USD2025_MWh"": 868.3905741561391, ""point_id"": ""770ffafcfd344b64d322591e10de2c2622c01012c9a8c7d73c50a40424667d69"", ""role"": ""rerank_nominal_supported_catalog"", ""scenario"": ""TBR-model-mean-T-price-x0.333333"", ""source_MW"": 2500.0, ""state"": ""completed""}",463.20715041573544,steam,steam,-378.0857935102733,steam,steam,5.0,5.0,finite catalog comparison; strict algebraic ordering is separate from reporting materiality
TBR-model-mean-T-price-x0.333333,2800.0,True,65f88fb2a396e235b52da882708bf29e6c1825c09f92d3505aa7f2b77bf193b6,"{""alias"": ""TBR-model-mean-T-price-x0.333333::nominal::steam-q2800-n11-k4-pump225"", ""branch"": ""steam"", ""candidate_id"": ""20260927-design-study-whole-plant-conversion-b:c1075"", ""catalog_ranking"": true, ""eligible"": true, ""failed_predicates"": [], ""family"": ""fuel"", ""native_case"": ""TBR-model-mean-T-price-x0.333333::nominal::gas-q2800-m1750-r1.8-ua25-25-25"", ""native_check_status"": ""shared_and_branch_pass"", ""native_lcoe_USD2025_MWh"": 368.05100715380763, ""point_id"": ""9ee5f3a64f66b3bed5fcc2ab1c1f8e2241943b8b6ac8c1e5ab791e9be7304a4d"", ""role"": ""rerank_nominal_supported_catalog"", ""scenario"": ""TBR-model-mean-T-price-x0.333333"", ""source_MW"": 2800.0, ""state"": ""completed""}","{""alias"": ""TBR-model-mean-T-price-x0.333333::nominal::gas-q2800-m1750-r1.8-ua25-25-25"", ""branch"": ""gas"", ""candidate_id"": ""20260927-design-study-whole-plant-conversion-b:c1075"", ""catalog_ranking"": true, ""eligible"": true, ""failed_predicates"": [], ""family"": ""fuel"", ""native_case"": ""TBR-model-mean-T-price-x0.333333::nominal::gas-q2800-m1750-r1.8-ua25-25-25"", ""native_check_status"": ""shared_and_branch_pass"", ""native_lcoe_USD2025_MWh"": 1220.605062466333, ""point_id"": ""9ee5f3a64f66b3bed5fcc2ab1c1f8e2241943b8b6ac8c1e5ab791e9be7304a4d"", ""role"": ""rerank_nominal_supported_catalog"", ""scenario"": ""TBR-model-mean-T-price-x0.333333"", ""source_MW"": 2800.0, ""state"": ""completed""}",852.5540553125254,steam,steam,-542.18440557501,steam,steam,5.0,5.0,finite catalog comparison; strict algebraic ordering is separate from reporting materiality
TBR-model-mean-T-price-x3.33333,2500.0,True,4c74a8ab071908107163ab0bfd8983fb5699b12c1790e3cfcb8b0d6a8acf5fb8,"{""alias"": ""TBR-model-mean-T-price-x3.33333::nominal::steam-q2500-n10-k4-pump225"", ""branch"": ""steam"", ""candidate_id"": ""20260927-design-study-whole-plant-conversion-b:c1097"", ""catalog_ranking"": true, ""eligible"": true, ""failed_predicates"": [], ""family"": ""fuel"", ""native_case"": ""TBR-model-mean-T-price-x3.33333::nominal::gas-q2500-m2000-r1.5-ua25-25-25"", ""native_check_status"": ""shared_and_branch_pass"", ""native_lcoe_USD2025_MWh"": 418.5951373034788, ""point_id"": ""53f43b58341f2cee88c7f13a754635fda5da08b5efcc9efbb5387a69bc8266f9"", ""role"": ""rerank_nominal_supported_catalog"", ""scenario"": ""TBR-model-mean-T-price-x3.33333"", ""source_MW"": 2500.0, ""state"": ""completed""}","{""alias"": ""TBR-model-mean-T-price-x3.33333::nominal::gas-q2500-m2000-r1.5-ua25-25-25"", ""branch"": ""gas"", ""candidate_id"": ""20260927-design-study-whole-plant-conversion-b:c1097"", ""catalog_ranking"": true, ""eligible"": true, ""failed_predicates"": [], ""family"": ""fuel"", ""native_case"": ""TBR-model-mean-T-price-x3.33333::nominal::gas-q2500-m2000-r1.5-ua25-25-25"", ""native_check_status"": ""shared_and_branch_pass"", ""native_lcoe_USD2025_MWh"": 899.5395135912863, ""point_id"": ""53f43b58341f2cee88c7f13a754635fda5da08b5efcc9efbb5387a69bc8266f9"", ""role"": ""rerank_nominal_supported_catalog"", ""scenario"": ""TBR-model-mean-T-price-x3.33333"", ""source_MW"": 2500.0, ""state"": ""completed""}",480.94437628780753,steam,steam,-378.0857935102733,steam,steam,5.0,5.0,finite catalog comparison; strict algebraic ordering is separate from reporting materiality
TBR-model-mean-T-price-x3.33333,2800.0,True,347613e2658b7a9b1d1365cbe6432faf6152fc67cdcd842352b7e72ecd10812e,"{""alias"": ""TBR-model-mean-T-price-x3.33333::nominal::steam-q2800-n11-k4-pump225"", ""branch"": ""steam"", ""candidate_id"": ""20260927-design-study-whole-plant-conversion-b:c1100"", ""catalog_ranking"": true, ""eligible"": true, ""failed_predicates"": [], ""family"": ""fuel"", ""native_case"": ""TBR-model-mean-T-price-x3.33333::nominal::gas-q2800-m1750-r1.8-ua25-25-25"", ""native_check_status"": ""shared_and_branch_pass"", ""native_lcoe_USD2025_MWh"": 379.9776503987751, ""point_id"": ""98dd07a3f4e7da6cc360c7b74b2078cfed909683bd4a64c5a3ef674c4888943c"", ""role"": ""rerank_nominal_supported_catalog"", ""scenario"": ""TBR-model-mean-T-price-x3.33333"", ""source_MW"": 2800.0, ""state"": ""completed""}","{""alias"": ""TBR-model-mean-T-price-x3.33333::nominal::gas-q2800-m1750-r1.8-ua25-25-25"", ""branch"": ""gas"", ""candidate_id"": ""20260927-design-study-whole-plant-conversion-b:c1100"", ""catalog_ranking"": true, ""eligible"": true, ""failed_predicates"": [], ""family"": ""fuel"", ""native_case"": ""TBR-model-mean-T-price-x3.33333::nominal::gas-q2800-m1750-r1.8-ua25-25-25"", ""native_check_status"": ""shared_and_branch_pass"", ""native_lcoe_USD2025_MWh"": 1264.1585847535737, ""point_id"": ""98dd07a3f4e7da6cc360c7b74b2078cfed909683bd4a64c5a3ef674c4888943c"", ""role"": ""rerank_nominal_supported_catalog"", ""scenario"": ""TBR-model-mean-T-price-x3.33333"", ""source_MW"": 2800.0, ""state"": ""completed""}",884.1809343547986,steam,steam,-542.18440557501,steam,steam,5.0,5.0,finite catalog comparison; strict algebraic ordering is separate from reporting materiality
TBR-paper-reference-T-price-x0,2500.0,True,fc4a93483b9b359ab7fa462ce1d133b1afe46da539dae91929a6b1fec9120542,"{""alias"": ""TBR-paper-reference-T-price-x0::nominal::steam-q2500-n10-k4-pump225"", ""branch"": ""steam"", ""candidate_id"": ""20260927-design-study-whole-plant-conversion-b:c1222"", ""catalog_ranking"": true, ""eligible"": true, ""failed_predicates"": [], ""family"": ""fuel"", ""native_case"": ""TBR-paper-reference-T-price-x0::nominal::gas-q2500-m2000-r1.5-ua25-25-25"", ""native_check_status"": ""shared_and_branch_pass"", ""native_lcoe_USD2025_MWh"": 403.68819457445153, ""point_id"": ""4ff7fbe42a2d1ccec12ba0feb02df648130373e45af4f06b0a5a848a12c89eb6"", ""role"": ""rerank_nominal_supported_catalog"", ""scenario"": ""TBR-paper-reference-T-price-x0"", ""source_MW"": 2500.0, ""state"": ""completed""}","{""alias"": ""TBR-paper-reference-T-price-x0::nominal::gas-q2500-m2000-r1.5-ua25-25-25"", ""branch"": ""gas"", ""candidate_id"": ""20260927-design-study-whole-plant-conversion-b:c1222"", ""catalog_ranking"": true, ""eligible"": true, ""failed_predicates"": [], ""family"": ""fuel"", ""native_case"": ""TBR-paper-reference-T-price-x0::nominal::gas-q2500-m2000-r1.5-ua25-25-25"", ""native_check_status"": ""shared_and_branch_pass"", ""native_lcoe_USD2025_MWh"": 864.9178782539437, ""point_id"": ""4ff7fbe42a2d1ccec12ba0feb02df648130373e45af4f06b0a5a848a12c89eb6"", ""role"": ""rerank_nominal_supported_catalog"", ""scenario"": ""TBR-paper-reference-T-price-x0"", ""source_MW"": 2500.0, ""state"": ""completed""}",461.2296836794922,steam,steam,-378.0857935102733,steam,steam,5.0,5.0,finite catalog comparison; strict algebraic ordering is separate from reporting materiality
TBR-paper-reference-T-price-x0,2800.0,True,4a5795de87c485599d86ce5e4c363915e75266d89a3f35ab64ec41cc11f123ee,"{""alias"": ""TBR-paper-reference-T-price-x0::nominal::steam-q2800-n11-k4-pump225"", ""branch"": ""steam"", ""candidate_id"": ""20260927-design-study-whole-plant-conversion-b:c1225"", ""catalog_ranking"": true, ""eligible"": true, ""failed_predicates"": [], ""family"": ""fuel"", ""native_case"": ""TBR-paper-reference-T-price-x0::nominal::gas-q2800-m1750-r1.8-ua25-25-25"", ""native_check_status"": ""shared_and_branch_pass"", ""native_lcoe_USD2025_MWh"": 366.7207950676079, ""point_id"": ""e698001d29d42b4d2895fc98a28963117936afb8ea370c55a71b2d45891d1948"", ""role"": ""rerank_nominal_supported_catalog"", ""scenario"": ""TBR-paper-reference-T-price-x0"", ""source_MW"": 2800.0, ""state"": ""completed""}","{""alias"": ""TBR-paper-reference-T-price-x0::nominal::gas-q2800-m1750-r1.8-ua25-25-25"", ""branch"": ""gas"", ""candidate_id"": ""20260927-design-study-whole-plant-conversion-b:c1225"", ""catalog_ranking"": true, ""eligible"": true, ""failed_predicates"": [], ""family"": ""fuel"", ""native_case"": ""TBR-paper-reference-T-price-x0::nominal::gas-q2800-m1750-r1.8-ua25-25-25"", ""native_check_status"": ""shared_and_branch_pass"", ""native_lcoe_USD2025_MWh"": 1215.7474155531916, ""point_id"": ""e698001d29d42b4d2895fc98a28963117936afb8ea370c55a71b2d45891d1948"", ""role"": ""rerank_nominal_supported_catalog"", ""scenario"": ""TBR-paper-reference-T-price-x0"", ""source_MW"": 2800.0, ""state"": ""completed""}",849.0266204855836,steam,steam,-542.18440557501,steam,steam,5.0,5.0,finite catalog comparison; strict algebraic ordering is separate from reporting materiality
TBR-paper-reference-T-price-x0.333333,2500.0,True,a4b6af727d9788d0aa9d72cadc76a72429cc57bb17d3d84c0ee2bab1e4354611,"{""alias"": ""TBR-paper-reference-T-price-x0.333333::nominal::steam-q2500-n10-k4-pump225"", ""branch"": ""steam"", ""candidate_id"": ""20260927-design-study-whole-plant-conversion-b:c1247"", ""catalog_ranking"": true, ""eligible"": true, ""failed_predicates"": [], ""family"": ""fuel"", ""native_case"": ""TBR-paper-reference-T-price-x0.333333::nominal::gas-q2500-m2000-r1.5-ua25-25-25"", ""native_check_status"": ""shared_and_branch_pass"", ""native_lcoe_USD2025_MWh"": 446.459646486744, ""point_id"": ""16671fcacb1d296a44597e4575656d7d747af9310b26e0f1d28ec36ff1238eb4"", ""role"": ""rerank_nominal_supported_catalog"", ""scenario"": ""TBR-paper-reference-T-price-x0.333333"", ""source_MW"": 2500.0, ""state"": ""completed""}","{""alias"": ""TBR-paper-reference-T-price-x0.333333::nominal::gas-q2500-m2000-r1.5-ua25-25-25"", ""branch"": ""gas"", ""candidate_id"": ""20260927-design-study-whole-plant-conversion-b:c1247"", ""catalog_ranking"": true, ""eligible"": true, ""failed_predicates"": [], ""family"": ""fuel"", ""native_case"": ""TBR-paper-reference-T-price-x0.333333::nominal::gas-q2500-m2000-r1.5-ua25-25-25"", ""native_check_status"": ""shared_and_branch_pass"", ""native_lcoe_USD2025_MWh"": 964.2553237566068, ""point_id"": ""16671fcacb1d296a44597e4575656d7d747af9310b26e0f1d28ec36ff1238eb4"", ""role"": ""rerank_nominal_supported_catalog"", ""scenario"": ""TBR-paper-reference-T-price-x0.333333"", ""source_MW"": 2500.0, ""state"": ""completed""}",517.7956772698628,steam,steam,-378.0857935102733,steam,steam,5.0,5.0,finite catalog comparison; strict algebraic ordering is separate from reporting materiality
TBR-paper-reference-T-price-x0.333333,2800.0,True,ee7498b688b80337a4d80ca916c70faec683f8785e570acf01647dff0c69b7cf,"{""alias"": ""TBR-paper-reference-T-price-x0.333333::nominal::steam-q2800-n11-k4-pump225"", ""branch"": ""steam"", ""candidate_id"": ""20260927-design-study-whole-plant-conversion-b:c1250"", ""catalog_ranking"": true, ""eligible"": true, ""failed_predicates"": [], ""family"": ""fuel"", ""native_case"": ""TBR-paper-reference-T-price-x0.333333::nominal::gas-q2800-m1750-r1.8-ua25-25-25"", ""native_check_status"": ""shared_and_branch_pass"", ""native_lcoe_USD2025_MWh"": 409.13921857907593, ""point_id"": ""62847705a187983fb5e5f7cfdcaac53e2e2308ba67dbcfb73430c4a21bb33f84"", ""role"": ""rerank_nominal_supported_catalog"", ""scenario"": ""TBR-paper-reference-T-price-x0.333333"", ""source_MW"": 2800.0, ""state"": ""completed""}","{""alias"": ""TBR-paper-reference-T-price-x0.333333::nominal::gas-q2800-m1750-r1.8-ua25-25-25"", ""branch"": ""gas"", ""candidate_id"": ""20260927-design-study-whole-plant-conversion-b:c1250"", ""catalog_ranking"": true, ""eligible"": true, ""failed_predicates"": [], ""family"": ""fuel"", ""native_case"": ""TBR-paper-reference-T-price-x0.333333::nominal::gas-q2800-m1750-r1.8-ua25-25-25"", ""native_check_status"": ""shared_and_branch_pass"", ""native_lcoe_USD2025_MWh"": 1370.6503262758622, ""point_id"": ""62847705a187983fb5e5f7cfdcaac53e2e2308ba67dbcfb73430c4a21bb33f84"", ""role"": ""rerank_nominal_supported_catalog"", ""scenario"": ""TBR-paper-reference-T-price-x0.333333"", ""source_MW"": 2800.0, ""state"": ""completed""}",961.5111076967862,steam,steam,-542.18440557501,steam,steam,5.0,5.0,finite catalog comparison; strict algebraic ordering is separate from reporting materiality
TBR-paper-reference-T-price-x1,2500.0,True,726a42c96d364e46e0692225fe580b2f61377188c59da7f6d67350b9b0b0a246,"{""alias"": ""TBR-paper-reference-T-price-x1::nominal::steam-q2500-n10-k4-pump225"", ""branch"": ""steam"", ""candidate_id"": ""20260927-design-study-whole-plant-conversion-b:c1272"", ""catalog_ranking"": true, ""eligible"": true, ""failed_predicates"": [], ""family"": ""fuel"", ""native_case"": ""TBR-paper-reference-T-price-x1::nominal::gas-q2500-m2000-r1.5-ua25-25-25"", ""native_check_status"": ""shared_and_branch_pass"", ""native_lcoe_USD2025_MWh"": 532.0025503113287, ""point_id"": ""2285b7843c8f860c9b7119263cd23bd27a6a536edb2fb53ad1881c7662c62dc0"", ""role"": ""rerank_nominal_supported_catalog"", ""scenario"": ""TBR-paper-reference-T-price-x1"", ""source_MW"": 2500.0, ""state"": ""completed""}","{""alias"": ""TBR-paper-reference-T-price-x1::nominal::gas-q2500-m2000-r1.5-ua25-25-25"", ""branch"": ""gas"", ""candidate_id"": ""20260927-design-study-whole-plant-conversion-b:c1272"", ""catalog_ranking"": true, ""eligible"": true, ""failed_predicates"": [], ""family"": ""fuel"", ""native_case"": ""TBR-paper-reference-T-price-x1::nominal::gas-q2500-m2000-r1.5-ua25-25-25"", ""native_check_status"": ""shared_and_branch_pass"", ""native_lcoe_USD2025_MWh"": 1162.9302147619326, ""point_id"": ""2285b7843c8f860c9b7119263cd23bd27a6a536edb2fb53ad1881c7662c62dc0"", ""role"": ""rerank_nominal_supported_catalog"", ""scenario"": ""TBR-paper-reference-T-price-x1"", ""source_MW"": 2500.0, ""state"": ""completed""}",630.9276644506039,steam,steam,-378.0857935102733,steam,steam,5.0,5.0,finite catalog comparison; strict algebraic ordering is separate from reporting materiality
TBR-paper-reference-T-price-x1,2800.0,True,a50a28a5445a9d809dbd7aae656a07131398fc46e8559f4678354339037727b9,"{""alias"": ""TBR-paper-reference-T-price-x1::nominal::steam-q2800-n11-k4-pump225"", ""branch"": ""steam"", ""candidate_id"": ""20260927-design-study-whole-plant-conversion-b:c1275"", ""catalog_ranking"": true, ""eligible"": true, ""failed_predicates"": [], ""family"": ""fuel"", ""native_case"": ""TBR-paper-reference-T-price-x1::nominal::gas-q2800-m1750-r1.8-ua25-25-25"", ""native_check_status"": ""shared_and_branch_pass"", ""native_lcoe_USD2025_MWh"": 493.97606560201166, ""point_id"": ""a85ca708116d06bb2a996be885a373f7cfda4719e3964b1a919e0b781e7a6ea0"", ""role"": ""rerank_nominal_supported_catalog"", ""scenario"": ""TBR-paper-reference-T-price-x1"", ""source_MW"": 2800.0, ""state"": ""completed""}","{""alias"": ""TBR-paper-reference-T-price-x1::nominal::gas-q2800-m1750-r1.8-ua25-25-25"", ""branch"": ""gas"", ""candidate_id"": ""20260927-design-study-whole-plant-conversion-b:c1275"", ""catalog_ranking"": true, ""eligible"": true, ""failed_predicates"": [], ""family"": ""fuel"", ""native_case"": ""TBR-paper-reference-T-price-x1::nominal::gas-q2800-m1750-r1.8-ua25-25-25"", ""native_check_status"": ""shared_and_branch_pass"", ""native_lcoe_USD2025_MWh"": 1680.4561477212033, ""point_id"": ""a85ca708116d06bb2a996be885a373f7cfda4719e3964b1a919e0b781e7a6ea0"", ""role"": ""rerank_nominal_supported_catalog"", ""scenario"": ""TBR-paper-reference-T-price-x1"", ""source_MW"": 2800.0, ""state"": ""completed""}",1186.4800821191916,steam,steam,-542.18440557501,steam,steam,5.0,5.0,finite catalog comparison; strict algebraic ordering is separate from reporting materiality
TBR-paper-reference-T-price-x3.33333,2500.0,True,b6c9ca1f96aefbfa507f8710cc2ceb5a13c91af2a3a07d8b3dd7072f2753daf7,"{""alias"": ""TBR-paper-reference-T-price-x3.33333::nominal::steam-q2500-n10-k4-pump225"", ""branch"": ""steam"", ""candidate_id"": ""20260927-design-study-whole-plant-conversion-b:c1297"", ""catalog_ranking"": true, ""eligible"": true, ""failed_predicates"": [], ""family"": ""fuel"", ""native_case"": ""TBR-paper-reference-T-price-x3.33333::nominal::gas-q2500-m2000-r1.5-ua25-25-25"", ""native_check_status"": ""shared_and_branch_pass"", ""native_lcoe_USD2025_MWh"": 831.4027136973755, ""point_id"": ""9786e9b2078e756df426d56b568d8e07dc6f197c0b60123e36535d525793c277"", ""role"": ""rerank_nominal_supported_catalog"", ""scenario"": ""TBR-paper-reference-T-price-x3.33333"", ""source_MW"": 2500.0, ""state"": ""completed""}","{""alias"": ""TBR-paper-reference-T-price-x3.33333::nominal::gas-q2500-m2000-r1.5-ua25-25-25"", ""branch"": ""gas"", ""candidate_id"": ""20260927-design-study-whole-plant-conversion-b:c1297"", ""catalog_ranking"": true, ""eligible"": true, ""failed_predicates"": [], ""family"": ""fuel"", ""native_case"": ""TBR-paper-reference-T-price-x3.33333::nominal::gas-q2500-m2000-r1.5-ua25-25-25"", ""native_check_status"": ""shared_and_branch_pass"", ""native_lcoe_USD2025_MWh"": 1858.292333280573, ""point_id"": ""9786e9b2078e756df426d56b568d8e07dc6f197c0b60123e36535d525793c277"", ""role"": ""rerank_nominal_supported_catalog"", ""scenario"": ""TBR-paper-reference-T-price-x3.33333"", ""source_MW"": 2500.0, ""state"": ""completed""}",1026.8896195831976,steam,steam,-378.0857935102733,steam,steam,5.0,5.0,finite catalog comparison; strict algebraic ordering is separate from reporting materiality
TBR-paper-reference-T-price-x3.33333,2800.0,True,9db3acbb23c2589b6bdf30365ed3e8b6d32aef81754058ca8f5e90cf7eb3d97c,"{""alias"": ""TBR-paper-reference-T-price-x3.33333::nominal::steam-q2800-n11-k4-pump225"", ""branch"": ""steam"", ""candidate_id"": ""20260927-design-study-whole-plant-conversion-b:c1300"", ""catalog_ranking"": true, ""eligible"": true, ""failed_predicates"": [], ""family"": ""fuel"", ""native_case"": ""TBR-paper-reference-T-price-x3.33333::nominal::gas-q2800-m1750-r1.8-ua25-25-25"", ""native_check_status"": ""shared_and_branch_pass"", ""native_lcoe_USD2025_MWh"": 790.905030182287, ""point_id"": ""849e636dbca6e72278f53c5cf684d5cfa3a67c5d09a3d4c834315f65e5e73ba7"", ""role"": ""rerank_nominal_supported_catalog"", ""scenario"": ""TBR-paper-reference-T-price-x3.33333"", ""source_MW"": 2800.0, ""state"": ""completed""}","{""alias"": ""TBR-paper-reference-T-price-x3.33333::nominal::gas-q2800-m1750-r1.8-ua25-25-25"", ""branch"": ""gas"", ""candidate_id"": ""20260927-design-study-whole-plant-conversion-b:c1300"", ""catalog_ranking"": true, ""eligible"": true, ""failed_predicates"": [], ""family"": ""fuel"", ""native_case"": ""TBR-paper-reference-T-price-x3.33333::nominal::gas-q2800-m1750-r1.8-ua25-25-25"", ""native_check_status"": ""shared_and_branch_pass"", ""native_lcoe_USD2025_MWh"": 2764.776522779897, ""point_id"": ""849e636dbca6e72278f53c5cf684d5cfa3a67c5d09a3d4c834315f65e5e73ba7"", ""role"": ""rerank_nominal_supported_catalog"", ""scenario"": ""TBR-paper-reference-T-price-x3.33333"", ""source_MW"": 2800.0, ""state"": ""completed""}",1973.8714925976099,steam,steam,-542.18440557501,steam,steam,5.0,5.0,finite catalog comparison; strict algebraic ordering is separate from reporting materiality
adverse_controller,2500.0,False,,,,,,unsupported,,,unsupported,5.0,5.0,no supported matched catalog pair
adverse_controller,2800.0,False,,,,,,unsupported,,,unsupported,5.0,5.0,no supported matched catalog pair
auxiliary_rejection-quote-x0.5,2500.0,True,2dd8767167a8cdff1870988163985a5dbaf3e335498674ea73f35dda4a87643c,"{""alias"": ""auxiliary_rejection-quote-x0.5::nominal::steam-q2500-n10-k4-pump225"", ""branch"": ""steam"", ""candidate_id"": ""20260927-design-study-whole-plant-conversion-b:c0497"", ""catalog_ranking"": true, ""eligible"": true, ""failed_predicates"": [], ""family"": ""auxiliary_rejection"", ""native_case"": ""auxiliary_rejection-quote-x0.5::nominal::gas-q2500-m2000-r1.5-ua25-25-25"", ""native_check_status"": ""shared_and_branch_pass"", ""native_lcoe_USD2025_MWh"": 407.5314426034676, ""point_id"": ""1e5990ed2b989756130564fb49bf9508ef28ea05300fb28a55ad601c9c0071a5"", ""role"": ""rerank_nominal_supported_catalog"", ""scenario"": ""auxiliary_rejection-quote-x0.5"", ""source_MW"": 2500.0, ""state"": ""completed""}","{""alias"": ""auxiliary_rejection-quote-x0.5::nominal::gas-q2500-m2000-r1.5-ua25-25-25"", ""branch"": ""gas"", ""candidate_id"": ""20260927-design-study-whole-plant-conversion-b:c0497"", ""catalog_ranking"": true, ""eligible"": true, ""failed_predicates"": [], ""family"": ""auxiliary_rejection"", ""native_case"": ""auxiliary_rejection-quote-x0.5::nominal::gas-q2500-m2000-r1.5-ua25-25-25"", ""native_check_status"": ""shared_and_branch_pass"", ""native_lcoe_USD2025_MWh"": 873.8438890524194, ""point_id"": ""1e5990ed2b989756130564fb49bf9508ef28ea05300fb28a55ad601c9c0071a5"", ""role"": ""rerank_nominal_supported_catalog"", ""scenario"": ""auxiliary_rejection-quote-x0.5"", ""source_MW"": 2500.0, ""state"": ""completed""}",466.3124464489518,steam,steam,-378.0857935102733,steam,steam,5.0,5.0,finite catalog comparison; strict algebraic ordering is separate from reporting materiality
auxiliary_rejection-quote-x0.5,2800.0,True,b7eb4ccff3fac1b0de65c82d817b2141b91e03b74b02ecabe5209981159fd50e,"{""alias"": ""auxiliary_rejection-quote-x0.5::nominal::steam-q2800-n11-k4-pump225"", ""branch"": ""steam"", ""candidate_id"": ""20260927-design-study-whole-plant-conversion-b:c0500"", ""catalog_ranking"": true, ""eligible"": true, ""failed_predicates"": [], ""family"": ""auxiliary_rejection"", ""native_case"": ""auxiliary_rejection-quote-x0.5::nominal::gas-q2800-m1750-r1.8-ua25-25-25"", ""native_check_status"": ""shared_and_branch_pass"", ""native_lcoe_USD2025_MWh"": 370.1390314156229, ""point_id"": ""358b1673fcbfb1be0cbdfb58064e42479c5ad30b170512fd4123000fc0ab77ae"", ""role"": ""rerank_nominal_supported_catalog"", ""scenario"": ""auxiliary_rejection-quote-x0.5"", ""source_MW"": 2800.0, ""state"": ""completed""}","{""alias"": ""auxiliary_rejection-quote-x0.5::nominal::gas-q2800-m1750-r1.8-ua25-25-25"", ""branch"": ""gas"", ""candidate_id"": ""20260927-design-study-whole-plant-conversion-b:c0500"", ""catalog_ranking"": true, ""eligible"": true, ""failed_predicates"": [], ""family"": ""auxiliary_rejection"", ""native_case"": ""auxiliary_rejection-quote-x0.5::nominal::gas-q2800-m1750-r1.8-ua25-25-25"", ""native_check_status"": ""shared_and_branch_pass"", ""native_lcoe_USD2025_MWh"": 1228.2300755865708, ""point_id"": ""358b1673fcbfb1be0cbdfb58064e42479c5ad30b170512fd4123000fc0ab77ae"", ""role"": ""rerank_nominal_supported_catalog"", ""scenario"": ""auxiliary_rejection-quote-x0.5"", ""source_MW"": 2800.0, ""state"": ""completed""}",858.091044170948,steam,steam,-542.18440557501,steam,steam,5.0,5.0,finite catalog comparison; strict algebraic ordering is separate from reporting materiality
auxiliary_rejection-quote-x1.5,2500.0,True,dac608a427f6ca0262685fb017a22c13a7cfcbcd54dcb200e545186dc27336f9,"{""alias"": ""auxiliary_rejection-quote-x1.5::nominal::steam-q2500-n10-k4-pump225"", ""branch"": ""steam"", ""candidate_id"": ""20260927-design-study-whole-plant-conversion-b:c0572"", ""catalog_ranking"": true, ""eligible"": true, ""failed_predicates"": [], ""family"": ""auxiliary_rejection"", ""native_case"": ""auxiliary_rejection-quote-x1.5::nominal::gas-q2500-m2000-r1.5-ua25-25-25"", ""native_check_status"": ""shared_and_branch_pass"", ""native_lcoe_USD2025_MWh"": 408.7961664609285, ""point_id"": ""2b1ac825108b74d0d743d6925305a03ca6d099012e6ab9a5dcc3a2e37ae55983"", ""role"": ""rerank_nominal_supported_catalog"", ""scenario"": ""auxiliary_rejection-quote-x1.5"", ""source_MW"": 2500.0, ""state"": ""completed""}","{""alias"": ""auxiliary_rejection-quote-x1.5::nominal::gas-q2500-m2000-r1.5-ua25-25-25"", ""branch"": ""gas"", ""candidate_id"": ""20260927-design-study-whole-plant-conversion-b:c0572"", ""catalog_ranking"": true, ""eligible"": true, ""failed_predicates"": [], ""family"": ""auxiliary_rejection"", ""native_case"": ""auxiliary_rejection-quote-x1.5::nominal::gas-q2500-m2000-r1.5-ua25-25-25"", ""native_check_status"": ""shared_and_branch_pass"", ""native_lcoe_USD2025_MWh"": 876.7812323421463, ""point_id"": ""2b1ac825108b74d0d743d6925305a03ca6d099012e6ab9a5dcc3a2e37ae55983"", ""role"": ""rerank_nominal_supported_catalog"", ""scenario"": ""auxiliary_rejection-quote-x1.5"", ""source_MW"": 2500.0, ""state"": ""completed""}",467.9850658812178,steam,steam,-378.0857935102733,steam,steam,5.0,5.0,finite catalog comparison; strict algebraic ordering is separate from reporting materiality
auxiliary_rejection-quote-x1.5,2800.0,True,449c2981423a2eb68280626357bfcfcf69c2d93ad7a889e34983c9b0f4d6f719,"{""alias"": ""auxiliary_rejection-quote-x1.5::nominal::steam-q2800-n11-k4-pump225"", ""branch"": ""steam"", ""candidate_id"": ""20260927-design-study-whole-plant-conversion-b:c0575"", ""catalog_ranking"": true, ""eligible"": true, ""failed_predicates"": [], ""family"": ""auxiliary_rejection"", ""native_case"": ""auxiliary_rejection-quote-x1.5::nominal::gas-q2800-m1750-r1.8-ua25-25-25"", ""native_check_status"": ""shared_and_branch_pass"", ""native_lcoe_USD2025_MWh"": 371.26371322308887, ""point_id"": ""4d6cc732c7e2e930238e4c649633d6fd07ae37fefeb5812ca7920179323b7c72"", ""role"": ""rerank_nominal_supported_catalog"", ""scenario"": ""auxiliary_rejection-quote-x1.5"", ""source_MW"": 2800.0, ""state"": ""completed""}","{""alias"": ""auxiliary_rejection-quote-x1.5::nominal::gas-q2800-m1750-r1.8-ua25-25-25"", ""branch"": ""gas"", ""candidate_id"": ""20260927-design-study-whole-plant-conversion-b:c0575"", ""catalog_ranking"": true, ""eligible"": true, ""failed_predicates"": [], ""family"": ""auxiliary_rejection"", ""native_case"": ""auxiliary_rejection-quote-x1.5::nominal::gas-q2800-m1750-r1.8-ua25-25-25"", ""native_check_status"": ""shared_and_branch_pass"", ""native_lcoe_USD2025_MWh"": 1232.3371703626465, ""point_id"": ""4d6cc732c7e2e930238e4c649633d6fd07ae37fefeb5812ca7920179323b7c72"", ""role"": ""rerank_nominal_supported_catalog"", ""scenario"": ""auxiliary_rejection-quote-x1.5"", ""source_MW"": 2800.0, ""state"": ""completed""}",861.0734571395576,steam,steam,-542.18440557501,steam,steam,5.0,5.0,finite catalog comparison; strict algebraic ordering is separate from reporting materiality
availability-0.65,2500.0,True,8d824abd3998af26c9bbc3859b7fab962873380cc0e65acd39fcad8d2c8494db,"{""alias"": ""availability-0.65::nominal::steam-q2500-n10-k4-pump225"", ""branch"": ""steam"", ""candidate_id"": ""20260927-design-study-whole-plant-conversion-b:c0847"", ""catalog_ranking"": true, ""eligible"": true, ""failed_predicates"": [], ""family"": ""availability"", ""native_case"": ""availability-0.65::nominal::gas-q2500-m2000-r1.5-ua25-25-25"", ""native_check_status"": ""shared_and_branch_pass"", ""native_lcoe_USD2025_MWh"": 477.04305164715447, ""point_id"": ""1f8df7fb86dec84d3bfeffe8be3199c19859a56cf684b7e18b581cc9b1fafccf"", ""role"": ""rerank_nominal_supported_catalog"", ""scenario"": ""availability-0.65"", ""source_MW"": 2500.0, ""state"": ""completed""}","{""alias"": ""availability-0.65::nominal::gas-q2500-m2000-r1.5-ua25-25-25"", ""branch"": ""gas"", ""candidate_id"": ""20260927-design-study-whole-plant-conversion-b:c0847"", ""catalog_ranking"": true, ""eligible"": true, ""failed_predicates"": [], ""family"": ""availability"", ""native_case"": ""availability-0.65::nominal::gas-q2500-m2000-r1.5-ua25-25-25"", ""native_check_status"": ""shared_and_branch_pass"", ""native_lcoe_USD2025_MWh"": 1018.5192748860354, ""point_id"": ""1f8df7fb86dec84d3bfeffe8be3199c19859a56cf684b7e18b581cc9b1fafccf"", ""role"": ""rerank_nominal_supported_catalog"", ""scenario"": ""availability-0.65"", ""source_MW"": 2500.0, ""state"": ""completed""}",541.476223238881,steam,steam,-378.0857935102733,steam,steam,5.0,5.0,finite catalog comparison; strict algebraic ordering is separate from reporting materiality
availability-0.65,2800.0,True,4619f28d07029f91456ea02266eb691c7db531a1b6db090fdec080a96fc77da7,"{""alias"": ""availability-0.65::nominal::steam-q2800-n11-k4-pump225"", ""branch"": ""steam"", ""candidate_id"": ""20260927-design-study-whole-plant-conversion-b:c0850"", ""catalog_ranking"": true, ""eligible"": true, ""failed_predicates"": [], ""family"": ""availability"", ""native_case"": ""availability-0.65::nominal::gas-q2800-m1750-r1.8-ua25-25-25"", ""native_check_status"": ""shared_and_branch_pass"", ""native_lcoe_USD2025_MWh"": 433.2285831871193, ""point_id"": ""9046e6552eeb34bd7063c568b3ffe6d92037f6e999b20a39400b4a25b5c877bf"", ""role"": ""rerank_nominal_supported_catalog"", ""scenario"": ""availability-0.65"", ""source_MW"": 2800.0, ""state"": ""completed""}","{""alias"": ""availability-0.65::nominal::gas-q2800-m1750-r1.8-ua25-25-25"", ""branch"": ""gas"", ""candidate_id"": ""20260927-design-study-whole-plant-conversion-b:c0850"", ""catalog_ranking"": true, ""eligible"": true, ""failed_predicates"": [], ""family"": ""availability"", ""native_case"": ""availability-0.65::nominal::gas-q2800-m1750-r1.8-ua25-25-25"", ""native_check_status"": ""shared_and_branch_pass"", ""native_lcoe_USD2025_MWh"": 1430.1338693197968, ""point_id"": ""9046e6552eeb34bd7063c568b3ffe6d92037f6e999b20a39400b4a25b5c877bf"", ""role"": ""rerank_nominal_supported_catalog"", ""scenario"": ""availability-0.65"", ""source_MW"": 2800.0, ""state"": ""completed""}",996.9052861326775,steam,steam,-542.18440557501,steam,steam,5.0,5.0,finite catalog comparison; strict algebraic ordering is separate from reporting materiality
availability-0.9,2500.0,False,,,,,,unsupported,,,unsupported,5.0,5.0,no supported matched catalog pair
availability-0.9,2800.0,False,,,,,,unsupported,,,unsupported,5.0,5.0,no supported matched catalog pair
common-quotes-x0.5,2500.0,True,88e330e41ee4ae5e7e382c82525127bc728ecea671cbc260e34a9b2948b72584,"{""alias"": ""common-quotes-x0.5::nominal::steam-q2500-n10-k4-pump225"", ""branch"": ""steam"", ""candidate_id"": ""20260927-design-study-whole-plant-conversion-b:c0447"", ""catalog_ranking"": true, ""eligible"": true, ""failed_predicates"": [], ""family"": ""common_capital"", ""native_case"": ""common-quotes-x0.5::nominal::gas-q2500-m2000-r1.5-ua25-25-25"", ""native_check_status"": ""shared_and_branch_pass"", ""native_lcoe_USD2025_MWh"": 254.02763355769002, ""point_id"": ""b5fe4d1e15191c0b9d21ed8d62c688035b0a0c0bbe9651033e5d30f425321d35"", ""role"": ""rerank_nominal_supported_catalog"", ""scenario"": ""common-quotes-x0.5"", ""source_MW"": 2500.0, ""state"": ""completed""}","{""alias"": ""common-quotes-x0.5::nominal::gas-q2500-m2000-r1.5-ua25-25-25"", ""branch"": ""gas"", ""candidate_id"": ""20260927-design-study-whole-plant-conversion-b:c0447"", ""catalog_ranking"": true, ""eligible"": true, ""failed_predicates"": [], ""family"": ""common_capital"", ""native_case"": ""common-quotes-x0.5::nominal::gas-q2500-m2000-r1.5-ua25-25-25"", ""native_check_status"": ""shared_and_branch_pass"", ""native_lcoe_USD2025_MWh"": 517.3286064567945, ""point_id"": ""b5fe4d1e15191c0b9d21ed8d62c688035b0a0c0bbe9651033e5d30f425321d35"", ""role"": ""rerank_nominal_supported_catalog"", ""scenario"": ""common-quotes-x0.5"", ""source_MW"": 2500.0, ""state"": ""completed""}",263.3009728991045,steam,steam,-378.0857935102733,steam,steam,5.0,5.0,finite catalog comparison; strict algebraic ordering is separate from reporting materiality
common-quotes-x0.5,2800.0,True,a88b6e4fc869eac242a2ab6d09b3ee6f7ee373ea87ac08218cc612aee3a96fc1,"{""alias"": ""common-quotes-x0.5::nominal::steam-q2800-n11-k4-pump225"", ""branch"": ""steam"", ""candidate_id"": ""20260927-design-study-whole-plant-conversion-b:c0450"", ""catalog_ranking"": true, ""eligible"": true, ""failed_predicates"": [], ""family"": ""common_capital"", ""native_case"": ""common-quotes-x0.5::nominal::gas-q2800-m1750-r1.8-ua25-25-25"", ""native_check_status"": ""shared_and_branch_pass"", ""native_lcoe_USD2025_MWh"": 232.76205916423197, ""point_id"": ""54ffdd18419965cc32f8f2e5a5a158fcd192656f405f3af1ded474be4656a73e"", ""role"": ""rerank_nominal_supported_catalog"", ""scenario"": ""common-quotes-x0.5"", ""source_MW"": 2800.0, ""state"": ""completed""}","{""alias"": ""common-quotes-x0.5::nominal::gas-q2800-m1750-r1.8-ua25-25-25"", ""branch"": ""gas"", ""candidate_id"": ""20260927-design-study-whole-plant-conversion-b:c0450"", ""catalog_ranking"": true, ""eligible"": true, ""failed_predicates"": [], ""family"": ""common_capital"", ""native_case"": ""common-quotes-x0.5::nominal::gas-q2800-m1750-r1.8-ua25-25-25"", ""native_check_status"": ""shared_and_branch_pass"", ""native_lcoe_USD2025_MWh"": 726.5590773172719, ""point_id"": ""54ffdd18419965cc32f8f2e5a5a158fcd192656f405f3af1ded474be4656a73e"", ""role"": ""rerank_nominal_supported_catalog"", ""scenario"": ""common-quotes-x0.5"", ""source_MW"": 2800.0, ""state"": ""completed""}",493.7970181530399,steam,steam,-542.18440557501,steam,steam,5.0,5.0,finite catalog comparison; strict algebraic ordering is separate from reporting materiality
common-quotes-x1.5,2500.0,True,ec50c7d02196fe00b81124633a78d57795bed4d044d4a23105c576b18f9351c0,"{""alias"": ""common-quotes-x1.5::nominal::steam-q2500-n10-k4-pump225"", ""branch"": ""steam"", ""candidate_id"": ""20260927-design-study-whole-plant-conversion-b:c0522"", ""catalog_ranking"": true, ""eligible"": true, ""failed_predicates"": [], ""family"": ""common_capital"", ""native_case"": ""common-quotes-x1.5::nominal::gas-q2500-m2000-r1.5-ua25-25-25"", ""native_check_status"": ""shared_and_branch_pass"", ""native_lcoe_USD2025_MWh"": 562.2999755067061, ""point_id"": ""e86de49ce17a0ebd3323903be62ed5ce54a8a6a2f821b5629defa6183be84ac8"", ""role"": ""rerank_nominal_supported_catalog"", ""scenario"": ""common-quotes-x1.5"", ""source_MW"": 2500.0, ""state"": ""completed""}","{""alias"": ""common-quotes-x1.5::nominal::gas-q2500-m2000-r1.5-ua25-25-25"", ""branch"": ""gas"", ""candidate_id"": ""20260927-design-study-whole-plant-conversion-b:c0522"", ""catalog_ranking"": true, ""eligible"": true, ""failed_predicates"": [], ""family"": ""common_capital"", ""native_case"": ""common-quotes-x1.5::nominal::gas-q2500-m2000-r1.5-ua25-25-25"", ""native_check_status"": ""shared_and_branch_pass"", ""native_lcoe_USD2025_MWh"": 1233.2965149377712, ""point_id"": ""e86de49ce17a0ebd3323903be62ed5ce54a8a6a2f821b5629defa6183be84ac8"", ""role"": ""rerank_nominal_supported_catalog"", ""scenario"": ""common-quotes-x1.5"", ""source_MW"": 2500.0, ""state"": ""completed""}",670.9965394310651,steam,steam,-378.0857935102733,steam,steam,5.0,5.0,finite catalog comparison; strict algebraic ordering is separate from reporting materiality
common-quotes-x1.5,2800.0,True,fa7940947755e635af5086c4b8d9072a66bdc4032980740b9a425c9e16600808,"{""alias"": ""common-quotes-x1.5::nominal::steam-q2800-n11-k4-pump225"", ""branch"": ""steam"", ""candidate_id"": ""20260927-design-study-whole-plant-conversion-b:c0525"", ""catalog_ranking"": true, ""eligible"": true, ""failed_predicates"": [], ""family"": ""common_capital"", ""native_case"": ""common-quotes-x1.5::nominal::gas-q2800-m1750-r1.8-ua25-25-25"", ""native_check_status"": ""shared_and_branch_pass"", ""native_lcoe_USD2025_MWh"": 508.64068547448005, ""point_id"": ""ae479321ccada1a50340b987b57abec72a3ff7248deb2ccb14e877c573d20c1e"", ""role"": ""rerank_nominal_supported_catalog"", ""scenario"": ""common-quotes-x1.5"", ""source_MW"": 2800.0, ""state"": ""completed""}","{""alias"": ""common-quotes-x1.5::nominal::gas-q2800-m1750-r1.8-ua25-25-25"", ""branch"": ""gas"", ""candidate_id"": ""20260927-design-study-whole-plant-conversion-b:c0525"", ""catalog_ranking"": true, ""eligible"": true, ""failed_predicates"": [], ""family"": ""common_capital"", ""native_case"": ""common-quotes-x1.5::nominal::gas-q2800-m1750-r1.8-ua25-25-25"", ""native_check_status"": ""shared_and_branch_pass"", ""native_lcoe_USD2025_MWh"": 1734.0081686319456, ""point_id"": ""ae479321ccada1a50340b987b57abec72a3ff7248deb2ccb14e877c573d20c1e"", ""role"": ""rerank_nominal_supported_catalog"", ""scenario"": ""common-quotes-x1.5"", ""source_MW"": 2800.0, ""state"": ""completed""}",1225.3674831574656,steam,steam,-542.18440557501,steam,steam,5.0,5.0,finite catalog comparison; strict algebraic ordering is separate from reporting materiality
contingency_rate-0,2500.0,True,b7a08be87876040ae54997b530ab8c1832522c5438ad5467e701272586145a3c,"{""alias"": ""contingency_rate-0::nominal::steam-q2500-n10-k4-pump225"", ""branch"": ""steam"", ""candidate_id"": ""20260927-design-study-whole-plant-conversion-b:c0647"", ""catalog_ranking"": true, ""eligible"": true, ""failed_predicates"": [], ""family"": ""overheads"", ""native_case"": ""contingency_rate-0::nominal::gas-q2500-m2000-r1.5-ua25-25-25"", ""native_check_status"": ""shared_and_branch_pass"", ""native_lcoe_USD2025_MWh"": 380.4046544259736, ""point_id"": ""7520583dd542a462ff95af153a3d5df7cd550879230cc4dea916fd637a70fbdf"", ""role"": ""rerank_nominal_supported_catalog"", ""scenario"": ""contingency_rate-0"", ""source_MW"": 2500.0, ""state"": ""completed""}","{""alias"": ""contingency_rate-0::nominal::gas-q2500-m2000-r1.5-ua25-25-25"", ""branch"": ""gas"", ""candidate_id"": ""20260927-design-study-whole-plant-conversion-b:c0647"", ""catalog_ranking"": true, ""eligible"": true, ""failed_predicates"": [], ""family"": ""overheads"", ""native_case"": ""contingency_rate-0::nominal::gas-q2500-m2000-r1.5-ua25-25-25"", ""native_check_status"": ""shared_and_branch_pass"", ""native_lcoe_USD2025_MWh"": 816.048358251945, ""point_id"": ""7520583dd542a462ff95af153a3d5df7cd550879230cc4dea916fd637a70fbdf"", ""role"": ""rerank_nominal_supported_catalog"", ""scenario"": ""contingency_rate-0"", ""source_MW"": 2500.0, ""state"": ""completed""}",435.64370382597144,steam,steam,-378.0857935102733,steam,steam,5.0,5.0,finite catalog comparison; strict algebraic ordering is separate from reporting materiality
contingency_rate-0,2800.0,True,28e4b32f7aadf30effaf5c92c52749358c9b0aa6dd047b195ffafd605ebe14d3,"{""alias"": ""contingency_rate-0::nominal::steam-q2800-n11-k4-pump225"", ""branch"": ""steam"", ""candidate_id"": ""20260927-design-study-whole-plant-conversion-b:c0650"", ""catalog_ranking"": true, ""eligible"": true, ""failed_predicates"": [], ""family"": ""overheads"", ""native_case"": ""contingency_rate-0::nominal::gas-q2800-m1750-r1.8-ua25-25-25"", ""native_check_status"": ""shared_and_branch_pass"", ""native_lcoe_USD2025_MWh"": 345.58608171949044, ""point_id"": ""95dd703917ee9bd9d48bd8b17b213b30cbaa97018b3d6deb892d216f0cc7d921"", ""role"": ""rerank_nominal_supported_catalog"", ""scenario"": ""contingency_rate-0"", ""source_MW"": 2800.0, ""state"": ""completed""}","{""alias"": ""contingency_rate-0::nominal::gas-q2800-m1750-r1.8-ua25-25-25"", ""branch"": ""gas"", ""candidate_id"": ""20260927-design-study-whole-plant-conversion-b:c0650"", ""catalog_ranking"": true, ""eligible"": true, ""failed_predicates"": [], ""family"": ""overheads"", ""native_case"": ""contingency_rate-0::nominal::gas-q2800-m1750-r1.8-ua25-25-25"", ""native_check_status"": ""shared_and_branch_pass"", ""native_lcoe_USD2025_MWh"": 1147.418369491015, ""point_id"": ""95dd703917ee9bd9d48bd8b17b213b30cbaa97018b3d6deb892d216f0cc7d921"", ""role"": ""rerank_nominal_supported_catalog"", ""scenario"": ""contingency_rate-0"", ""source_MW"": 2800.0, ""state"": ""completed""}",801.8322877715245,steam,steam,-542.18440557501,steam,steam,5.0,5.0,finite catalog comparison; strict algebraic ordering is separate from reporting materiality
contingency_rate-0.2,2500.0,True,9bce33c1f09507f01c0ebf7f063477c5f4482f1f5c252a5ae576fecfcc752ce9,"{""alias"": ""contingency_rate-0.2::nominal::steam-q2500-n10-k4-pump225"", ""branch"": ""steam"", ""candidate_id"": ""20260927-design-study-whole-plant-conversion-b:c0672"", ""catalog_ranking"": true, ""eligible"": true, ""failed_predicates"": [], ""family"": ""overheads"", ""native_case"": ""contingency_rate-0.2::nominal::gas-q2500-m2000-r1.5-ua25-25-25"", ""native_check_status"": ""shared_and_branch_pass"", ""native_lcoe_USD2025_MWh"": 435.92295463842254, ""point_id"": ""5c5540aa37cce9ee11553bde16441e208025ac19f03f37b0b99676ef6be93f15"", ""role"": ""rerank_nominal_supported_catalog"", ""scenario"": ""contingency_rate-0.2"", ""source_MW"": 2500.0, ""state"": ""completed""}","{""alias"": ""contingency_rate-0.2::nominal::gas-q2500-m2000-r1.5-ua25-25-25"", ""branch"": ""gas"", ""candidate_id"": ""20260927-design-study-whole-plant-conversion-b:c0672"", ""catalog_ranking"": true, ""eligible"": true, ""failed_predicates"": [], ""family"": ""overheads"", ""native_case"": ""contingency_rate-0.2::nominal::gas-q2500-m2000-r1.5-ua25-25-25"", ""native_check_status"": ""shared_and_branch_pass"", ""native_lcoe_USD2025_MWh"": 934.5767631426205, ""point_id"": ""5c5540aa37cce9ee11553bde16441e208025ac19f03f37b0b99676ef6be93f15"", ""role"": ""rerank_nominal_supported_catalog"", ""scenario"": ""contingency_rate-0.2"", ""source_MW"": 2500.0, ""state"": ""completed""}",498.65380850419797,steam,steam,-378.0857935102733,steam,steam,5.0,5.0,finite catalog comparison; strict algebraic ordering is separate from reporting materiality
contingency_rate-0.2,2800.0,True,14db6de2eb2dacb76e81d34ba1a91bccf160d9440cea7ac9fc6ef3c292f48645,"{""alias"": ""contingency_rate-0.2::nominal::steam-q2800-n11-k4-pump225"", ""branch"": ""steam"", ""candidate_id"": ""20260927-design-study-whole-plant-conversion-b:c0675"", ""catalog_ranking"": true, ""eligible"": true, ""failed_predicates"": [], ""family"": ""overheads"", ""native_case"": ""contingency_rate-0.2::nominal::gas-q2800-m1750-r1.8-ua25-25-25"", ""native_check_status"": ""shared_and_branch_pass"", ""native_lcoe_USD2025_MWh"": 395.81666291922147, ""point_id"": ""67fdd5fb528626847e0fe86c46bfffb5e5404c0650b5b17fe4729d6fe1cc9c30"", ""role"": ""rerank_nominal_supported_catalog"", ""scenario"": ""contingency_rate-0.2"", ""source_MW"": 2800.0, ""state"": ""completed""}","{""alias"": ""contingency_rate-0.2::nominal::gas-q2800-m1750-r1.8-ua25-25-25"", ""branch"": ""gas"", ""candidate_id"": ""20260927-design-study-whole-plant-conversion-b:c0675"", ""catalog_ranking"": true, ""eligible"": true, ""failed_predicates"": [], ""family"": ""overheads"", ""native_case"": ""contingency_rate-0.2::nominal::gas-q2800-m1750-r1.8-ua25-25-25"", ""native_check_status"": ""shared_and_branch_pass"", ""native_lcoe_USD2025_MWh"": 1313.148876458202, ""point_id"": ""67fdd5fb528626847e0fe86c46bfffb5e5404c0650b5b17fe4729d6fe1cc9c30"", ""role"": ""rerank_nominal_supported_catalog"", ""scenario"": ""contingency_rate-0.2"", ""source_MW"": 2800.0, ""state"": ""completed""}",917.3322135389806,steam,steam,-542.18440557501,steam,steam,5.0,5.0,finite catalog comparison; strict algebraic ordering is separate from reporting materiality
cryogenic_capacity_above,2500.0,False,,,,,,unsupported,,,unsupported,5.0,5.0,no supported matched catalog pair
cryogenic_capacity_above,2800.0,False,,,,,,unsupported,,,unsupported,5.0,5.0,no supported matched catalog pair
cryogenic_capacity_below,2500.0,False,,,,,,unsupported,,,unsupported,5.0,5.0,no supported matched catalog pair
cryogenic_capacity_below,2800.0,False,,,,,,unsupported,,,unsupported,5.0,5.0,no supported matched catalog pair
discount-0,2500.0,True,1a6142db893c0c0712823a74435ff06c04ba4d3ac52e361c20718b9024b73a8c,"{""alias"": ""discount-0::nominal::steam-q2500-n10-k4-pump225"", ""branch"": ""steam"", ""candidate_id"": ""20260927-design-study-whole-plant-conversion-b:c0797"", ""catalog_ranking"": true, ""eligible"": true, ""failed_predicates"": [], ""family"": ""finance"", ""native_case"": ""discount-0::nominal::gas-q2500-m2000-r1.5-ua25-25-25"", ""native_check_status"": ""shared_and_branch_pass"", ""native_lcoe_USD2025_MWh"": 245.30857050945002, ""point_id"": ""1a69c592c4c5facf6d0f3578a0a2f06b7e7e19c647ef6436645302ccfeac8a47"", ""role"": ""rerank_nominal_supported_catalog"", ""scenario"": ""discount-0"", ""source_MW"": 2500.0, ""state"": ""completed""}","{""alias"": ""discount-0::nominal::gas-q2500-m2000-r1.5-ua25-25-25"", ""branch"": ""gas"", ""candidate_id"": ""20260927-design-study-whole-plant-conversion-b:c0797"", ""catalog_ranking"": true, ""eligible"": true, ""failed_predicates"": [], ""family"": ""finance"", ""native_case"": ""discount-0::nominal::gas-q2500-m2000-r1.5-ua25-25-25"", ""native_check_status"": ""shared_and_branch_pass"", ""native_lcoe_USD2025_MWh"": 528.2653242825298, ""point_id"": ""1a69c592c4c5facf6d0f3578a0a2f06b7e7e19c647ef6436645302ccfeac8a47"", ""role"": ""rerank_nominal_supported_catalog"", ""scenario"": ""discount-0"", ""source_MW"": 2500.0, ""state"": ""completed""}",282.9567537730798,steam,steam,-378.0857935102733,steam,steam,5.0,5.0,finite catalog comparison; strict algebraic ordering is separate from reporting materiality
discount-0,2800.0,True,4a47c225d655cd7e159dad502f33f352b6b713745a35907cd43bd0e1f1649823,"{""alias"": ""discount-0::nominal::steam-q2800-n11-k4-pump225"", ""branch"": ""steam"", ""candidate_id"": ""20260927-design-study-whole-plant-conversion-b:c0800"", ""catalog_ranking"": true, ""eligible"": true, ""failed_predicates"": [], ""family"": ""finance"", ""native_case"": ""discount-0::nominal::gas-q2800-m1750-r1.8-ua25-25-25"", ""native_check_status"": ""shared_and_branch_pass"", ""native_lcoe_USD2025_MWh"": 221.5158046735839, ""point_id"": ""e9013faec4f3b5309e8b9ba912b5f0b1651f95eae1ad060d751a9b88d6f93163"", ""role"": ""rerank_nominal_supported_catalog"", ""scenario"": ""discount-0"", ""source_MW"": 2800.0, ""state"": ""completed""}","{""alias"": ""discount-0::nominal::gas-q2800-m1750-r1.8-ua25-25-25"", ""branch"": ""gas"", ""candidate_id"": ""20260927-design-study-whole-plant-conversion-b:c0800"", ""catalog_ranking"": true, ""eligible"": true, ""failed_predicates"": [], ""family"": ""finance"", ""native_case"": ""discount-0::nominal::gas-q2800-m1750-r1.8-ua25-25-25"", ""native_check_status"": ""shared_and_branch_pass"", ""native_lcoe_USD2025_MWh"": 738.6721493905051, ""point_id"": ""e9013faec4f3b5309e8b9ba912b5f0b1651f95eae1ad060d751a9b88d6f93163"", ""role"": ""rerank_nominal_supported_catalog"", ""scenario"": ""discount-0"", ""source_MW"": 2800.0, ""state"": ""completed""}",517.1563447169212,steam,steam,-542.18440557501,steam,steam,5.0,5.0,finite catalog comparison; strict algebraic ordering is separate from reporting materiality
discount-0.1,2500.0,True,557c696761827c8ac40b119aa73e1710f47e867e709b07d5454c1af214de4ac9,"{""alias"": ""discount-0.1::nominal::steam-q2500-n10-k4-pump225"", ""branch"": ""steam"", ""candidate_id"": ""20260927-design-study-whole-plant-conversion-b:c0822"", ""catalog_ranking"": true, ""eligible"": true, ""failed_predicates"": [], ""family"": ""finance"", ""native_case"": ""discount-0.1::nominal::gas-q2500-m2000-r1.5-ua25-25-25"", ""native_check_status"": ""shared_and_branch_pass"", ""native_lcoe_USD2025_MWh"": 693.2375500806852, ""point_id"": ""fddb18230724a3982e5415aa26ee16bffcc1d782cd512d1f112a6d05f61b9b19"", ""role"": ""rerank_nominal_supported_catalog"", ""scenario"": ""discount-0.1"", ""source_MW"": 2500.0, ""state"": ""completed""}","{""alias"": ""discount-0.1::nominal::gas-q2500-m2000-r1.5-ua25-25-25"", ""branch"": ""gas"", ""candidate_id"": ""20260927-design-study-whole-plant-conversion-b:c0822"", ""catalog_ranking"": true, ""eligible"": true, ""failed_predicates"": [], ""family"": ""finance"", ""native_case"": ""discount-0.1::nominal::gas-q2500-m2000-r1.5-ua25-25-25"", ""native_check_status"": ""shared_and_branch_pass"", ""native_lcoe_USD2025_MWh"": 1484.867917008276, ""point_id"": ""fddb18230724a3982e5415aa26ee16bffcc1d782cd512d1f112a6d05f61b9b19"", ""role"": ""rerank_nominal_supported_catalog"", ""scenario"": ""discount-0.1"", ""source_MW"": 2500.0, ""state"": ""completed""}",791.6303669275908,steam,steam,-378.0857935102733,steam,steam,5.0,5.0,finite catalog comparison; strict algebraic ordering is separate from reporting materiality
discount-0.1,2800.0,True,6cf6c3ee17f632050e45517f5c5c04d69ec81085fa3d9a13dee4c439bbf7097b,"{""alias"": ""discount-0.1::nominal::steam-q2800-n11-k4-pump225"", ""branch"": ""steam"", ""candidate_id"": ""20260927-design-study-whole-plant-conversion-b:c0825"", ""catalog_ranking"": true, ""eligible"": true, ""failed_predicates"": [], ""family"": ""finance"", ""native_case"": ""discount-0.1::nominal::gas-q2800-m1750-r1.8-ua25-25-25"", ""native_check_status"": ""shared_and_branch_pass"", ""native_lcoe_USD2025_MWh"": 629.4776008967395, ""point_id"": ""d84dfb7fb0eb8a4d695da342e8f571de18761dd55284fa2c123a38fd07acd5d8"", ""role"": ""rerank_nominal_supported_catalog"", ""scenario"": ""discount-0.1"", ""source_MW"": 2800.0, ""state"": ""completed""}","{""alias"": ""discount-0.1::nominal::gas-q2800-m1750-r1.8-ua25-25-25"", ""branch"": ""gas"", ""candidate_id"": ""20260927-design-study-whole-plant-conversion-b:c0825"", ""catalog_ranking"": true, ""eligible"": true, ""failed_predicates"": [], ""family"": ""finance"", ""native_case"": ""discount-0.1::nominal::gas-q2800-m1750-r1.8-ua25-25-25"", ""native_check_status"": ""shared_and_branch_pass"", ""native_lcoe_USD2025_MWh"": 2085.606603414411, ""point_id"": ""d84dfb7fb0eb8a4d695da342e8f571de18761dd55284fa2c123a38fd07acd5d8"", ""role"": ""rerank_nominal_supported_catalog"", ""scenario"": ""discount-0.1"", ""source_MW"": 2800.0, ""state"": ""completed""}",1456.1290025176713,steam,steam,-542.18440557501,steam,steam,5.0,5.0,finite catalog comparison; strict algebraic ordering is separate from reporting materiality
economic-bracket-gas-favourable-q2800-lower,2800.0,True,db503be5a16bee3e0b6e1fc76aa4d752e9eb76652dff90e3e4e8090986b5ac7f,"{""alias"": ""economic-bracket-gas-favourable-q2800-lower::gas-favourable::steam-q2800-n11-k4-pump225"", ""branch"": ""steam"", ""candidate_id"": ""20260927-design-study-whole-plant-conversion-b:c2391"", ""catalog_ranking"": true, ""eligible"": true, ""failed_predicates"": [], ""family"": ""economic_boundary"", ""native_case"": ""economic-bracket-gas-favourable-q2800-lower::gas-favourable::gas-q2800-m2000-r1.5-ua25-25-25"", ""native_check_status"": ""shared_and_branch_pass"", ""native_lcoe_USD2025_MWh"": 409.16202713075404, ""point_id"": ""a5d788a3a364265caf69eee635b5cb5779aaf9ccba779de9ba8aed3adcc6d286"", ""role"": ""rerank_performance_supported_catalog_at_price_bracket"", ""scenario"": ""economic-bracket-gas-favourable-q2800-lower"", ""source_MW"": 2800.0, ""state"": ""completed""}","{""alias"": ""economic-bracket-gas-favourable-q2800-lower::gas-favourable::gas-q2800-m2000-r1.5-ua25-25-25"", ""branch"": ""gas"", ""candidate_id"": ""20260927-design-study-whole-plant-conversion-b:c2391"", ""catalog_ranking"": true, ""eligible"": true, ""failed_predicates"": [], ""family"": ""economic_boundary"", ""native_case"": ""economic-bracket-gas-favourable-q2800-lower::gas-favourable::gas-q2800-m2000-r1.5-ua25-25-25"", ""native_check_status"": ""shared_and_branch_pass"", ""native_lcoe_USD2025_MWh"": 409.162722770667, ""point_id"": ""a5d788a3a364265caf69eee635b5cb5779aaf9ccba779de9ba8aed3adcc6d286"", ""role"": ""rerank_performance_supported_catalog_at_price_bracket"", ""scenario"": ""economic-bracket-gas-favourable-q2800-lower"", ""source_MW"": 2800.0, ""state"": ""completed""}",0.0006956399129762758,steam,indeterminate,-121.98530318066855,steam,steam,5.0,5.0,finite catalog comparison; strict algebraic ordering is separate from reporting materiality
economic-bracket-gas-favourable-q2800-upper,2800.0,True,db503be5a16bee3e0b6e1fc76aa4d752e9eb76652dff90e3e4e8090986b5ac7f,"{""alias"": ""economic-bracket-gas-favourable-q2800-upper::gas-favourable::steam-q2800-n11-k4-pump225"", ""branch"": ""steam"", ""candidate_id"": ""20260927-design-study-whole-plant-conversion-b:c2405"", ""catalog_ranking"": true, ""eligible"": true, ""failed_predicates"": [], ""family"": ""economic_boundary"", ""native_case"": ""economic-bracket-gas-favourable-q2800-upper::gas-favourable::gas-q2800-m2000-r1.5-ua25-25-25"", ""native_check_status"": ""shared_and_branch_pass"", ""native_lcoe_USD2025_MWh"": 409.16282209715746, ""point_id"": ""7f16315839aae8e93c6712e39e1f7980dc65cdf25d3db36ab0508314ce3d2970"", ""role"": ""rerank_performance_supported_catalog_at_price_bracket"", ""scenario"": ""economic-bracket-gas-favourable-q2800-upper"", ""source_MW"": 2800.0, ""state"": ""completed""}","{""alias"": ""economic-bracket-gas-favourable-q2800-upper::gas-favourable::gas-q2800-m2000-r1.5-ua25-25-25"", ""branch"": ""gas"", ""candidate_id"": ""20260927-design-study-whole-plant-conversion-b:c2405"", ""catalog_ranking"": true, ""eligible"": true, ""failed_predicates"": [], ""family"": ""economic_boundary"", ""native_case"": ""economic-bracket-gas-favourable-q2800-upper::gas-favourable::gas-q2800-m2000-r1.5-ua25-25-25"", ""native_check_status"": ""shared_and_branch_pass"", ""native_lcoe_USD2025_MWh"": 409.1621897724067, ""point_id"": ""7f16315839aae8e93c6712e39e1f7980dc65cdf25d3db36ab0508314ce3d2970"", ""role"": ""rerank_performance_supported_catalog_at_price_bracket"", ""scenario"": ""economic-bracket-gas-favourable-q2800-upper"", ""source_MW"": 2800.0, ""state"": ""completed""}",-0.0006323247507680207,gas,indeterminate,-121.98530318066855,steam,steam,5.0,5.0,finite catalog comparison; strict algebraic ordering is separate from reporting materiality
extra-cold-10000-W,2500.0,True,82df74b584fc8d8fbbf388c06761a34807241ad6f5310bf99b45e461f58e59a2,"{""alias"": ""extra-cold-10000-W::nominal::steam-q2500-n10-k4-pump225"", ""branch"": ""steam"", ""candidate_id"": ""20260927-design-study-whole-plant-conversion-b:c1497"", ""catalog_ranking"": true, ""eligible"": true, ""failed_predicates"": [], ""family"": ""cryogenic_heat"", ""native_case"": ""extra-cold-10000-W::nominal::gas-q2500-m2000-r1.5-ua25-25-25"", ""native_check_status"": ""shared_and_branch_pass"", ""native_lcoe_USD2025_MWh"": 408.60776404050483, ""point_id"": ""f4ce7a2bef654fcbef625d7963322a245d21439b98dc6314d1d11798d8aec98e"", ""role"": ""rerank_nominal_supported_catalog"", ""scenario"": ""extra-cold-10000-W"", ""source_MW"": 2500.0, ""state"": ""completed""}","{""alias"": ""extra-cold-10000-W::nominal::gas-q2500-m2000-r1.5-ua25-25-25"", ""branch"": ""gas"", ""candidate_id"": ""20260927-design-study-whole-plant-conversion-b:c1497"", ""catalog_ranking"": true, ""eligible"": true, ""failed_predicates"": [], ""family"": ""cryogenic_heat"", ""native_case"": ""extra-cold-10000-W::nominal::gas-q2500-m2000-r1.5-ua25-25-25"", ""native_check_status"": ""shared_and_branch_pass"", ""native_lcoe_USD2025_MWh"": 877.4917506556942, ""point_id"": ""f4ce7a2bef654fcbef625d7963322a245d21439b98dc6314d1d11798d8aec98e"", ""role"": ""rerank_nominal_supported_catalog"", ""scenario"": ""extra-cold-10000-W"", ""source_MW"": 2500.0, ""state"": ""completed""}",468.8839866151894,steam,steam,-378.08579351027333,steam,steam,5.0,5.0,finite catalog comparison; strict algebraic ordering is separate from reporting materiality
extra-cold-10000-W,2800.0,True,c8a0f1ddebc265ef1bae5823e7c0034287ae288bb33937c3ade3e501a5350d6a,"{""alias"": ""extra-cold-10000-W::nominal::steam-q2800-n11-k4-pump225"", ""branch"": ""steam"", ""candidate_id"": ""20260927-design-study-whole-plant-conversion-b:c1500"", ""catalog_ranking"": true, ""eligible"": true, ""failed_predicates"": [], ""family"": ""cryogenic_heat"", ""native_case"": ""extra-cold-10000-W::nominal::gas-q2800-m1750-r1.8-ua25-25-25"", ""native_check_status"": ""shared_and_branch_pass"", ""native_lcoe_USD2025_MWh"": 371.06097132481676, ""point_id"": ""51529722771e055dda851ed29ee625bcfc1e84bccf3213d9b2e5ba9e98176a74"", ""role"": ""rerank_nominal_supported_catalog"", ""scenario"": ""extra-cold-10000-W"", ""source_MW"": 2800.0, ""state"": ""completed""}","{""alias"": ""extra-cold-10000-W::nominal::gas-q2800-m1750-r1.8-ua25-25-25"", ""branch"": ""gas"", ""candidate_id"": ""20260927-design-study-whole-plant-conversion-b:c1500"", ""catalog_ranking"": true, ""eligible"": true, ""failed_predicates"": [], ""family"": ""cryogenic_heat"", ""native_case"": ""extra-cold-10000-W::nominal::gas-q2800-m1750-r1.8-ua25-25-25"", ""native_check_status"": ""shared_and_branch_pass"", ""native_lcoe_USD2025_MWh"": 1234.5530940045887, ""point_id"": ""51529722771e055dda851ed29ee625bcfc1e84bccf3213d9b2e5ba9e98176a74"", ""role"": ""rerank_nominal_supported_catalog"", ""scenario"": ""extra-cold-10000-W"", ""source_MW"": 2800.0, ""state"": ""completed""}",863.4921226797719,steam,steam,-542.18440557501,steam,steam,5.0,5.0,finite catalog comparison; strict algebraic ordering is separate from reporting materiality
extra-cold-13000-W,2500.0,False,,,,,,unsupported,,,unsupported,5.0,5.0,no supported matched catalog pair
extra-cold-13000-W,2800.0,False,,,,,,unsupported,,,unsupported,5.0,5.0,no supported matched catalog pair
gas-favourable,2500.0,True,ba5b04349f6cfc4e359e9e10989c917b7e101f4921aea06c2e46c29274a2ecfb,"{""alias"": ""gas-favourable::steam-q2500-n10-k4-pump225"", ""branch"": ""steam"", ""candidate_id"": ""20260927-design-study-whole-plant-conversion-b:c1825"", ""catalog_ranking"": true, ""eligible"": true, ""failed_predicates"": [], ""family"": ""joint_efficiency"", ""native_case"": ""gas-favourable::gas-q2500-m2250-r1.35-ua25-25-25"", ""native_check_status"": ""shared_and_branch_pass"", ""native_lcoe_USD2025_MWh"": 425.9966420963989, ""point_id"": ""03611a8ce4961925791649d6eb0744f60352fd462fc3763cb05a1d36752f1b68"", ""role"": ""steam_connector_catalog"", ""scenario"": ""gas-favourable"", ""source_MW"": 2500.0, ""state"": ""completed""}","{""alias"": ""gas-favourable::gas-q2500-m2250-r1.35-ua25-25-25"", ""branch"": ""gas"", ""candidate_id"": ""20260927-design-study-whole-plant-conversion-b:c1825"", ""catalog_ranking"": true, ""eligible"": true, ""failed_predicates"": [], ""family"": ""joint_efficiency"", ""native_case"": ""gas-favourable::gas-q2500-m2250-r1.35-ua25-25-25"", ""native_check_status"": ""shared_and_branch_pass"", ""native_lcoe_USD2025_MWh"": 509.38790660198777, ""point_id"": ""03611a8ce4961925791649d6eb0744f60352fd462fc3763cb05a1d36752f1b68"", ""role"": ""gas_catalog"", ""scenario"": ""gas-favourable"", ""source_MW"": 2500.0, ""state"": ""completed""}",83.39126450558888,steam,steam,-144.9234584566487,steam,steam,5.0,5.0,finite catalog comparison; strict algebraic ordering is separate from reporting materiality
gas-favourable,2800.0,True,db503be5a16bee3e0b6e1fc76aa4d752e9eb76652dff90e3e4e8090986b5ac7f,"{""alias"": ""gas-favourable::steam-q2800-n11-k4-pump225"", ""branch"": ""steam"", ""candidate_id"": ""20260927-design-study-whole-plant-conversion-b:c1930"", ""catalog_ranking"": true, ""eligible"": true, ""failed_predicates"": [], ""family"": ""joint_efficiency"", ""native_case"": ""gas-favourable::gas-q2800-m2000-r1.5-ua25-25-25"", ""native_check_status"": ""shared_and_branch_pass"", ""native_lcoe_USD2025_MWh"": 386.99282799835595, ""point_id"": ""570732eaf6214126a10c541b0f0e171f06383a61d68effd70d74e1675589759b"", ""role"": ""steam_connector_catalog"", ""scenario"": ""gas-favourable"", ""source_MW"": 2800.0, ""state"": ""completed""}","{""alias"": ""gas-favourable::gas-q2800-m2000-r1.5-ua25-25-25"", ""branch"": ""gas"", ""candidate_id"": ""20260927-design-study-whole-plant-conversion-b:c1930"", ""catalog_ranking"": true, ""eligible"": true, ""failed_predicates"": [], ""family"": ""joint_efficiency"", ""native_case"": ""gas-favourable::gas-q2800-m2000-r1.5-ua25-25-25"", ""native_check_status"": ""shared_and_branch_pass"", ""native_lcoe_USD2025_MWh"": 424.0264258334737, ""point_id"": ""570732eaf6214126a10c541b0f0e171f06383a61d68effd70d74e1675589759b"", ""role"": ""gas_catalog"", ""scenario"": ""gas-favourable"", ""source_MW"": 2800.0, ""state"": ""completed""}",37.033597835117746,steam,steam,-121.98530318066855,steam,steam,5.0,5.0,finite catalog comparison; strict algebraic ordering is separate from reporting materiality
gas-favourable-gas-quote-x0.5-steam-x1.5,2500.0,True,ba5b04349f6cfc4e359e9e10989c917b7e101f4921aea06c2e46c29274a2ecfb,"{""alias"": ""gas-favourable-gas-quote-x0.5-steam-x1.5::gas-favourable::steam-q2500-n10-k4-pump225"", ""branch"": ""steam"", ""candidate_id"": ""20260927-design-study-whole-plant-conversion-b:c2360"", ""catalog_ranking"": true, ""eligible"": true, ""failed_predicates"": [], ""family"": ""joint_performance_price"", ""native_case"": ""gas-favourable-gas-quote-x0.5-steam-x1.5::gas-favourable::gas-q2500-m2250-r1.35-ua25-25-25"", ""native_check_status"": ""shared_and_branch_pass"", ""native_lcoe_USD2025_MWh"": 467.17228227819413, ""point_id"": ""623089b1028d6ca86b3fbc1466961dd7b39b38cf24f00dd13a40c1c61aa1a60c"", ""role"": ""rerank_performance_supported_catalog"", ""scenario"": ""gas-favourable-gas-quote-x0.5-steam-x1.5"", ""source_MW"": 2500.0, ""state"": ""completed""}","{""alias"": ""gas-favourable-gas-quote-x0.5-steam-x1.5::gas-favourable::gas-q2500-m2250-r1.35-ua25-25-25"", ""branch"": ""gas"", ""candidate_id"": ""20260927-design-study-whole-plant-conversion-b:c2360"", ""catalog_ranking"": true, ""eligible"": true, ""failed_predicates"": [], ""family"": ""joint_performance_price"", ""native_case"": ""gas-favourable-gas-quote-x0.5-steam-x1.5::gas-favourable::gas-q2500-m2250-r1.35-ua25-25-25"", ""native_check_status"": ""shared_and_branch_pass"", ""native_lcoe_USD2025_MWh"": 477.20586692476553, ""point_id"": ""623089b1028d6ca86b3fbc1466961dd7b39b38cf24f00dd13a40c1c61aa1a60c"", ""role"": ""rerank_performance_supported_catalog"", ""scenario"": ""gas-favourable-gas-quote-x0.5-steam-x1.5"", ""source_MW"": 2500.0, ""state"": ""completed""}",10.033584646571398,steam,steam,-144.9234584566487,steam,steam,5.0,5.0,finite catalog comparison; strict algebraic ordering is separate from reporting materiality
gas-favourable-gas-quote-x0.5-steam-x1.5,2800.0,True,db503be5a16bee3e0b6e1fc76aa4d752e9eb76652dff90e3e4e8090986b5ac7f,"{""alias"": ""gas-favourable-gas-quote-x0.5-steam-x1.5::gas-favourable::steam-q2800-n11-k4-pump225"", ""branch"": ""steam"", ""candidate_id"": ""20260927-design-study-whole-plant-conversion-b:c2367"", ""catalog_ranking"": true, ""eligible"": true, ""failed_predicates"": [], ""family"": ""joint_performance_price"", ""native_case"": ""gas-favourable-gas-quote-x0.5-steam-x1.5::gas-favourable::gas-q2800-m2000-r1.5-ua25-25-25"", ""native_check_status"": ""shared_and_branch_pass"", ""native_lcoe_USD2025_MWh"": 426.7411481713926, ""point_id"": ""3e3d439133e33a5e8f5486d65089df05d03d12309306a7b803c9b80682b10b01"", ""role"": ""rerank_performance_supported_catalog"", ""scenario"": ""gas-favourable-gas-quote-x0.5-steam-x1.5"", ""source_MW"": 2800.0, ""state"": ""completed""}","{""alias"": ""gas-favourable-gas-quote-x0.5-steam-x1.5::gas-favourable::gas-q2800-m2000-r1.5-ua25-25-25"", ""branch"": ""gas"", ""candidate_id"": ""20260927-design-study-whole-plant-conversion-b:c2367"", ""catalog_ranking"": true, ""eligible"": true, ""failed_predicates"": [], ""family"": ""joint_performance_price"", ""native_case"": ""gas-favourable-gas-quote-x0.5-steam-x1.5::gas-favourable::gas-q2800-m2000-r1.5-ua25-25-25"", ""native_check_status"": ""shared_and_branch_pass"", ""native_lcoe_USD2025_MWh"": 397.3765128271899, ""point_id"": ""3e3d439133e33a5e8f5486d65089df05d03d12309306a7b803c9b80682b10b01"", ""role"": ""rerank_performance_supported_catalog"", ""scenario"": ""gas-favourable-gas-quote-x0.5-steam-x1.5"", ""source_MW"": 2800.0, ""state"": ""completed""}",-29.364635344202668,gas,gas,-121.98530318066855,steam,steam,5.0,5.0,finite catalog comparison; strict algebraic ordering is separate from reporting materiality
gas-quote-x0.5,2500.0,True,ba5b04349f6cfc4e359e9e10989c917b7e101f4921aea06c2e46c29274a2ecfb,"{""alias"": ""gas-quote-x0.5::nominal::steam-q2500-n10-k4-pump225"", ""branch"": ""steam"", ""candidate_id"": ""20260927-design-study-whole-plant-conversion-b:c1568"", ""catalog_ranking"": true, ""eligible"": true, ""failed_predicates"": [], ""family"": ""conversion_price_service"", ""native_case"": ""gas-quote-x0.5::nominal::gas-q2500-m2000-r1.5-ua25-25-25"", ""native_check_status"": ""shared_and_branch_pass"", ""native_lcoe_USD2025_MWh"": 408.16380453219807, ""point_id"": ""e45a141f6774dc6d1dd74034a577f1ecc60b54730d95f403a36281f1e1ef807b"", ""role"": ""rerank_nominal_supported_catalog"", ""scenario"": ""gas-quote-x0.5"", ""source_MW"": 2500.0, ""state"": ""completed""}","{""alias"": ""gas-quote-x0.5::nominal::gas-q2500-m2000-r1.5-ua25-25-25"", ""branch"": ""gas"", ""candidate_id"": ""20260927-design-study-whole-plant-conversion-b:c1568"", ""catalog_ranking"": true, ""eligible"": true, ""failed_predicates"": [], ""family"": ""conversion_price_service"", ""native_case"": ""gas-quote-x0.5::nominal::gas-q2500-m2000-r1.5-ua25-25-25"", ""native_check_status"": ""shared_and_branch_pass"", ""native_lcoe_USD2025_MWh"": 820.0121831397504, ""point_id"": ""e45a141f6774dc6d1dd74034a577f1ecc60b54730d95f403a36281f1e1ef807b"", ""role"": ""rerank_nominal_supported_catalog"", ""scenario"": ""gas-quote-x0.5"", ""source_MW"": 2500.0, ""state"": ""completed""}",411.8483786075523,steam,steam,-378.0857935102733,steam,steam,5.0,5.0,finite catalog comparison; strict algebraic ordering is separate from reporting materiality
gas-quote-x0.5,2800.0,True,db503be5a16bee3e0b6e1fc76aa4d752e9eb76652dff90e3e4e8090986b5ac7f,"{""alias"": ""gas-quote-x0.5::nominal::steam-q2800-n11-k4-pump225"", ""branch"": ""steam"", ""candidate_id"": ""20260927-design-study-whole-plant-conversion-b:c1592"", ""catalog_ranking"": true, ""eligible"": true, ""failed_predicates"": [], ""family"": ""conversion_price_service"", ""native_case"": ""gas-quote-x0.5::nominal::gas-q2800-m1750-r1.8-ua25-25-25"", ""native_check_status"": ""shared_and_branch_pass"", ""native_lcoe_USD2025_MWh"": 370.7013723193559, ""point_id"": ""269933ed08eca3bd63ffae5f1209b3e86fbfae17893c19c3fdb3bdb5c0ad520c"", ""role"": ""rerank_nominal_supported_catalog"", ""scenario"": ""gas-quote-x0.5"", ""source_MW"": 2800.0, ""state"": ""completed""}","{""alias"": ""gas-quote-x0.5::nominal::gas-q2800-m1750-r1.8-ua25-25-25"", ""branch"": ""gas"", ""candidate_id"": ""20260927-design-study-whole-plant-conversion-b:c1592"", ""catalog_ranking"": true, ""eligible"": true, ""failed_predicates"": [], ""family"": ""conversion_price_service"", ""native_case"": ""gas-quote-x0.5::nominal::gas-q2800-m1750-r1.8-ua25-25-25"", ""native_check_status"": ""shared_and_branch_pass"", ""native_lcoe_USD2025_MWh"": 1152.9607262686252, ""point_id"": ""269933ed08eca3bd63ffae5f1209b3e86fbfae17893c19c3fdb3bdb5c0ad520c"", ""role"": ""rerank_nominal_supported_catalog"", ""scenario"": ""gas-quote-x0.5"", ""source_MW"": 2800.0, ""state"": ""completed""}",782.2593539492693,steam,steam,-542.18440557501,steam,steam,5.0,5.0,finite catalog comparison; strict algebraic ordering is separate from reporting materiality
gas-quote-x0.5-steam-x1.5,2500.0,True,ba5b04349f6cfc4e359e9e10989c917b7e101f4921aea06c2e46c29274a2ecfb,"{""alias"": ""gas-quote-x0.5-steam-x1.5::nominal::steam-q2500-n10-k4-pump225"", ""branch"": ""steam"", ""candidate_id"": ""20260927-design-study-whole-plant-conversion-b:c1572"", ""catalog_ranking"": true, ""eligible"": true, ""failed_predicates"": [], ""family"": ""conversion_price_service"", ""native_case"": ""gas-quote-x0.5-steam-x1.5::nominal::gas-q2500-m2000-r1.5-ua25-25-25"", ""native_check_status"": ""shared_and_branch_pass"", ""native_lcoe_USD2025_MWh"": 447.61577266965406, ""point_id"": ""f438a907522c017cb24046b1256914a445210c401a538bdd12fbdf6b37c3b96e"", ""role"": ""rerank_nominal_supported_catalog"", ""scenario"": ""gas-quote-x0.5-steam-x1.5"", ""source_MW"": 2500.0, ""state"": ""completed""}","{""alias"": ""gas-quote-x0.5-steam-x1.5::nominal::gas-q2500-m2000-r1.5-ua25-25-25"", ""branch"": ""gas"", ""candidate_id"": ""20260927-design-study-whole-plant-conversion-b:c1572"", ""catalog_ranking"": true, ""eligible"": true, ""failed_predicates"": [], ""family"": ""conversion_price_service"", ""native_case"": ""gas-quote-x0.5-steam-x1.5::nominal::gas-q2500-m2000-r1.5-ua25-25-25"", ""native_check_status"": ""shared_and_branch_pass"", ""native_lcoe_USD2025_MWh"": 820.0121831397504, ""point_id"": ""f438a907522c017cb24046b1256914a445210c401a538bdd12fbdf6b37c3b96e"", ""role"": ""rerank_nominal_supported_catalog"", ""scenario"": ""gas-quote-x0.5-steam-x1.5"", ""source_MW"": 2500.0, ""state"": ""completed""}",372.3964104700963,steam,steam,-378.0857935102733,steam,steam,5.0,5.0,finite catalog comparison; strict algebraic ordering is separate from reporting materiality
gas-quote-x0.5-steam-x1.5,2800.0,True,db503be5a16bee3e0b6e1fc76aa4d752e9eb76652dff90e3e4e8090986b5ac7f,"{""alias"": ""gas-quote-x0.5-steam-x1.5::nominal::steam-q2800-n11-k4-pump225"", ""branch"": ""steam"", ""candidate_id"": ""20260927-design-study-whole-plant-conversion-b:c1596"", ""catalog_ranking"": true, ""eligible"": true, ""failed_predicates"": [], ""family"": ""conversion_price_service"", ""native_case"": ""gas-quote-x0.5-steam-x1.5::nominal::gas-q2800-m1750-r1.8-ua25-25-25"", ""native_check_status"": ""shared_and_branch_pass"", ""native_lcoe_USD2025_MWh"": 408.77638500562824, ""point_id"": ""8283059b92f1a1bf3e42083c6b213938d58f7238b8a30f5cd402dbfc133ddb41"", ""role"": ""rerank_nominal_supported_catalog"", ""scenario"": ""gas-quote-x0.5-steam-x1.5"", ""source_MW"": 2800.0, ""state"": ""completed""}","{""alias"": ""gas-quote-x0.5-steam-x1.5::nominal::gas-q2800-m1750-r1.8-ua25-25-25"", ""branch"": ""gas"", ""candidate_id"": ""20260927-design-study-whole-plant-conversion-b:c1596"", ""catalog_ranking"": true, ""eligible"": true, ""failed_predicates"": [], ""family"": ""conversion_price_service"", ""native_case"": ""gas-quote-x0.5-steam-x1.5::nominal::gas-q2800-m1750-r1.8-ua25-25-25"", ""native_check_status"": ""shared_and_branch_pass"", ""native_lcoe_USD2025_MWh"": 1152.9607262686252, ""point_id"": ""8283059b92f1a1bf3e42083c6b213938d58f7238b8a30f5cd402dbfc133ddb41"", ""role"": ""rerank_nominal_supported_catalog"", ""scenario"": ""gas-quote-x0.5-steam-x1.5"", ""source_MW"": 2800.0, ""state"": ""completed""}",744.1843412629969,steam,steam,-542.18440557501,steam,steam,5.0,5.0,finite catalog comparison; strict algebraic ordering is separate from reporting materiality
gas-quote-x1.5,2500.0,True,ba5b04349f6cfc4e359e9e10989c917b7e101f4921aea06c2e46c29274a2ecfb,"{""alias"": ""gas-quote-x1.5::nominal::steam-q2500-n10-k4-pump225"", ""branch"": ""steam"", ""candidate_id"": ""20260927-design-study-whole-plant-conversion-b:c1569"", ""catalog_ranking"": true, ""eligible"": true, ""failed_predicates"": [], ""family"": ""conversion_price_service"", ""native_case"": ""gas-quote-x1.5::nominal::gas-q2500-m2000-r1.5-ua25-25-25"", ""native_check_status"": ""shared_and_branch_pass"", ""native_lcoe_USD2025_MWh"": 408.16380453219807, ""point_id"": ""1487ded412260d90a9621ddcb731382a5b12a10ab9c8d8cc9bbf0109287fd631"", ""role"": ""rerank_nominal_supported_catalog"", ""scenario"": ""gas-quote-x1.5"", ""source_MW"": 2500.0, ""state"": ""completed""}","{""alias"": ""gas-quote-x1.5::nominal::gas-q2500-m2000-r1.5-ua25-25-25"", ""branch"": ""gas"", ""candidate_id"": ""20260927-design-study-whole-plant-conversion-b:c1569"", ""catalog_ranking"": true, ""eligible"": true, ""failed_predicates"": [], ""family"": ""conversion_price_service"", ""native_case"": ""gas-quote-x1.5::nominal::gas-q2500-m2000-r1.5-ua25-25-25"", ""native_check_status"": ""shared_and_branch_pass"", ""native_lcoe_USD2025_MWh"": 930.6129382548152, ""point_id"": ""1487ded412260d90a9621ddcb731382a5b12a10ab9c8d8cc9bbf0109287fd631"", ""role"": ""rerank_nominal_supported_catalog"", ""scenario"": ""gas-quote-x1.5"", ""source_MW"": 2500.0, ""state"": ""completed""}",522.449133722617,steam,steam,-378.0857935102733,steam,steam,5.0,5.0,finite catalog comparison; strict algebraic ordering is separate from reporting materiality
gas-quote-x1.5,2800.0,True,db503be5a16bee3e0b6e1fc76aa4d752e9eb76652dff90e3e4e8090986b5ac7f,"{""alias"": ""gas-quote-x1.5::nominal::steam-q2800-n11-k4-pump225"", ""branch"": ""steam"", ""candidate_id"": ""20260927-design-study-whole-plant-conversion-b:c1593"", ""catalog_ranking"": true, ""eligible"": true, ""failed_predicates"": [], ""family"": ""conversion_price_service"", ""native_case"": ""gas-quote-x1.5::nominal::gas-q2800-m1750-r1.8-ua25-25-25"", ""native_check_status"": ""shared_and_branch_pass"", ""native_lcoe_USD2025_MWh"": 370.7013723193559, ""point_id"": ""d14763f92050fb872131a350b123db8daab0955920be84fa693df20acd9f65df"", ""role"": ""rerank_nominal_supported_catalog"", ""scenario"": ""gas-quote-x1.5"", ""source_MW"": 2800.0, ""state"": ""completed""}","{""alias"": ""gas-quote-x1.5::nominal::gas-q2800-m1750-r1.8-ua25-25-25"", ""branch"": ""gas"", ""candidate_id"": ""20260927-design-study-whole-plant-conversion-b:c1593"", ""catalog_ranking"": true, ""eligible"": true, ""failed_predicates"": [], ""family"": ""conversion_price_service"", ""native_case"": ""gas-quote-x1.5::nominal::gas-q2800-m1750-r1.8-ua25-25-25"", ""native_check_status"": ""shared_and_branch_pass"", ""native_lcoe_USD2025_MWh"": 1307.6065196805919, ""point_id"": ""d14763f92050fb872131a350b123db8daab0955920be84fa693df20acd9f65df"", ""role"": ""rerank_nominal_supported_catalog"", ""scenario"": ""gas-quote-x1.5"", ""source_MW"": 2800.0, ""state"": ""completed""}",936.905147361236,steam,steam,-542.18440557501,steam,steam,5.0,5.0,finite catalog comparison; strict algebraic ordering is separate from reporting materiality
gas-quote-x1.5-steam-x0.5,2500.0,True,ba5b04349f6cfc4e359e9e10989c917b7e101f4921aea06c2e46c29274a2ecfb,"{""alias"": ""gas-quote-x1.5-steam-x0.5::nominal::steam-q2500-n10-k4-pump225"", ""branch"": ""steam"", ""candidate_id"": ""20260927-design-study-whole-plant-conversion-b:c1573"", ""catalog_ranking"": true, ""eligible"": true, ""failed_predicates"": [], ""family"": ""conversion_price_service"", ""native_case"": ""gas-quote-x1.5-steam-x0.5::nominal::gas-q2500-m2000-r1.5-ua25-25-25"", ""native_check_status"": ""shared_and_branch_pass"", ""native_lcoe_USD2025_MWh"": 368.7118363947421, ""point_id"": ""41a8e3e9beb5a9596073100e900b3eacb24002667847aac60938dc15cc559b47"", ""role"": ""rerank_nominal_supported_catalog"", ""scenario"": ""gas-quote-x1.5-steam-x0.5"", ""source_MW"": 2500.0, ""state"": ""completed""}","{""alias"": ""gas-quote-x1.5-steam-x0.5::nominal::gas-q2500-m2000-r1.5-ua25-25-25"", ""branch"": ""gas"", ""candidate_id"": ""20260927-design-study-whole-plant-conversion-b:c1573"", ""catalog_ranking"": true, ""eligible"": true, ""failed_predicates"": [], ""family"": ""conversion_price_service"", ""native_case"": ""gas-quote-x1.5-steam-x0.5::nominal::gas-q2500-m2000-r1.5-ua25-25-25"", ""native_check_status"": ""shared_and_branch_pass"", ""native_lcoe_USD2025_MWh"": 930.6129382548152, ""point_id"": ""41a8e3e9beb5a9596073100e900b3eacb24002667847aac60938dc15cc559b47"", ""role"": ""rerank_nominal_supported_catalog"", ""scenario"": ""gas-quote-x1.5-steam-x0.5"", ""source_MW"": 2500.0, ""state"": ""completed""}",561.9011018600731,steam,steam,-378.0857935102733,steam,steam,5.0,5.0,finite catalog comparison; strict algebraic ordering is separate from reporting materiality
gas-quote-x1.5-steam-x0.5,2800.0,True,db503be5a16bee3e0b6e1fc76aa4d752e9eb76652dff90e3e4e8090986b5ac7f,"{""alias"": ""gas-quote-x1.5-steam-x0.5::nominal::steam-q2800-n11-k4-pump225"", ""branch"": ""steam"", ""candidate_id"": ""20260927-design-study-whole-plant-conversion-b:c1597"", ""catalog_ranking"": true, ""eligible"": true, ""failed_predicates"": [], ""family"": ""conversion_price_service"", ""native_case"": ""gas-quote-x1.5-steam-x0.5::nominal::gas-q2800-m1750-r1.8-ua25-25-25"", ""native_check_status"": ""shared_and_branch_pass"", ""native_lcoe_USD2025_MWh"": 332.62635963308367, ""point_id"": ""bf5daf46c2e040273c84d5c13d500836911f5548fb27732a4d76e5dd74012f77"", ""role"": ""rerank_nominal_supported_catalog"", ""scenario"": ""gas-quote-x1.5-steam-x0.5"", ""source_MW"": 2800.0, ""state"": ""completed""}","{""alias"": ""gas-quote-x1.5-steam-x0.5::nominal::gas-q2800-m1750-r1.8-ua25-25-25"", ""branch"": ""gas"", ""candidate_id"": ""20260927-design-study-whole-plant-conversion-b:c1597"", ""catalog_ranking"": true, ""eligible"": true, ""failed_predicates"": [], ""family"": ""conversion_price_service"", ""native_case"": ""gas-quote-x1.5-steam-x0.5::nominal::gas-q2800-m1750-r1.8-ua25-25-25"", ""native_check_status"": ""shared_and_branch_pass"", ""native_lcoe_USD2025_MWh"": 1307.6065196805919, ""point_id"": ""bf5daf46c2e040273c84d5c13d500836911f5548fb27732a4d76e5dd74012f77"", ""role"": ""rerank_nominal_supported_catalog"", ""scenario"": ""gas-quote-x1.5-steam-x0.5"", ""source_MW"": 2800.0, ""state"": ""completed""}",974.9801600475082,steam,steam,-542.18440557501,steam,steam,5.0,5.0,finite catalog comparison; strict algebraic ordering is separate from reporting materiality
heating-efficiency-0.4,2500.0,False,,,,,,unsupported,,,unsupported,5.0,5.0,no supported matched catalog pair
heating-efficiency-0.4,2800.0,False,,,,,,unsupported,,,unsupported,5.0,5.0,no supported matched catalog pair
heating-efficiency-0.6,2500.0,True,122ad3450c3ce2d6f1a0a91aab30c491bfd82e238e3963aec9f5ee8f38b897ea,"{""alias"": ""heating-efficiency-0.6::nominal::steam-q2500-n10-k4-pump225"", ""branch"": ""steam"", ""candidate_id"": ""20260927-design-study-whole-plant-conversion-b:c1347"", ""catalog_ranking"": true, ""eligible"": true, ""failed_predicates"": [], ""family"": ""source_load"", ""native_case"": ""heating-efficiency-0.6::nominal::gas-q2500-m2000-r1.5-ua25-25-25"", ""native_check_status"": ""shared_and_branch_pass"", ""native_lcoe_USD2025_MWh"": 398.16913555385, ""point_id"": ""0548482351baa8088e40a26d8d5f34acda45eaf3845c800bcbc5615b314be43e"", ""role"": ""rerank_nominal_supported_catalog"", ""scenario"": ""heating-efficiency-0.6"", ""source_MW"": 2500.0, ""state"": ""completed""}","{""alias"": ""heating-efficiency-0.6::nominal::gas-q2500-m2000-r1.5-ua25-25-25"", ""branch"": ""gas"", ""candidate_id"": ""20260927-design-study-whole-plant-conversion-b:c1347"", ""catalog_ranking"": true, ""eligible"": true, ""failed_predicates"": [], ""family"": ""source_load"", ""native_case"": ""heating-efficiency-0.6::nominal::gas-q2500-m2000-r1.5-ua25-25-25"", ""native_check_status"": ""shared_and_branch_pass"", ""native_lcoe_USD2025_MWh"": 827.093953310028, ""point_id"": ""0548482351baa8088e40a26d8d5f34acda45eaf3845c800bcbc5615b314be43e"", ""role"": ""rerank_nominal_supported_catalog"", ""scenario"": ""heating-efficiency-0.6"", ""source_MW"": 2500.0, ""state"": ""completed""}",428.924817756178,steam,steam,-378.08579351027333,steam,steam,5.0,5.0,finite catalog comparison; strict algebraic ordering is separate from reporting materiality
heating-efficiency-0.6,2800.0,True,58e98f63311619ccc4b6cf1f86b30aedabebbdf51bdb9bebc4f9503f31cd068b,"{""alias"": ""heating-efficiency-0.6::nominal::steam-q2800-n11-k4-pump225"", ""branch"": ""steam"", ""candidate_id"": ""20260927-design-study-whole-plant-conversion-b:c1350"", ""catalog_ranking"": true, ""eligible"": true, ""failed_predicates"": [], ""family"": ""source_load"", ""native_case"": ""heating-efficiency-0.6::nominal::gas-q2800-m1750-r1.8-ua25-25-25"", ""native_check_status"": ""shared_and_branch_pass"", ""native_lcoe_USD2025_MWh"": 362.607222622654, ""point_id"": ""0b3947df7ce0a5151430939848ea5ce5decfdf724ebef836d6f7fe680c6dd8ba"", ""role"": ""rerank_nominal_supported_catalog"", ""scenario"": ""heating-efficiency-0.6"", ""source_MW"": 2800.0, ""state"": ""completed""}","{""alias"": ""heating-efficiency-0.6::nominal::gas-q2800-m1750-r1.8-ua25-25-25"", ""branch"": ""gas"", ""candidate_id"": ""20260927-design-study-whole-plant-conversion-b:c1350"", ""catalog_ranking"": true, ""eligible"": true, ""failed_predicates"": [], ""family"": ""source_load"", ""native_case"": ""heating-efficiency-0.6::nominal::gas-q2800-m1750-r1.8-ua25-25-25"", ""native_check_status"": ""shared_and_branch_pass"", ""native_lcoe_USD2025_MWh"": 1137.5553100356772, ""point_id"": ""0b3947df7ce0a5151430939848ea5ce5decfdf724ebef836d6f7fe680c6dd8ba"", ""role"": ""rerank_nominal_supported_catalog"", ""scenario"": ""heating-efficiency-0.6"", ""source_MW"": 2800.0, ""state"": ""completed""}",774.9480874130231,steam,steam,-542.18440557501,steam,steam,5.0,5.0,finite catalog comparison; strict algebraic ordering is separate from reporting materiality
held_efficiency,2500.0,False,,,,,,unsupported,,,unsupported,5.0,5.0,no supported matched catalog pair
held_efficiency,2800.0,False,,,,,,unsupported,,,unsupported,5.0,5.0,no supported matched catalog pair
import-price-0,2500.0,True,ecc5cfdc711bf9ba8e1754555735f44e3fb6be0744a79ec64d7839bff807ab84,"{""alias"": ""import-price-0::nominal::steam-q2500-n10-k4-pump225"", ""branch"": ""steam"", ""candidate_id"": ""20260927-design-study-whole-plant-conversion-b:c0997"", ""catalog_ranking"": true, ""eligible"": true, ""failed_predicates"": [], ""family"": ""imports"", ""native_case"": ""import-price-0::nominal::gas-q2500-m2000-r1.5-ua25-25-25"", ""native_check_status"": ""shared_and_branch_pass"", ""native_lcoe_USD2025_MWh"": 408.00307480296135, ""point_id"": ""cb221f74412d0b2284c1b582c264a58ea6459a0d91222eb58e22bd41ad971e4f"", ""role"": ""rerank_nominal_supported_catalog"", ""scenario"": ""import-price-0"", ""source_MW"": 2500.0, ""state"": ""completed""}","{""alias"": ""import-price-0::nominal::gas-q2500-m2000-r1.5-ua25-25-25"", ""branch"": ""gas"", ""candidate_id"": ""20260927-design-study-whole-plant-conversion-b:c0997"", ""catalog_ranking"": true, ""eligible"": true, ""failed_predicates"": [], ""family"": ""imports"", ""native_case"": ""import-price-0::nominal::gas-q2500-m2000-r1.5-ua25-25-25"", ""native_check_status"": ""shared_and_branch_pass"", ""native_lcoe_USD2025_MWh"": 874.939263088601, ""point_id"": ""cb221f74412d0b2284c1b582c264a58ea6459a0d91222eb58e22bd41ad971e4f"", ""role"": ""rerank_nominal_supported_catalog"", ""scenario"": ""import-price-0"", ""source_MW"": 2500.0, ""state"": ""completed""}",466.9361882856397,steam,steam,-378.0857935102733,steam,steam,5.0,5.0,finite catalog comparison; strict algebraic ordering is separate from reporting materiality
import-price-0,2800.0,True,fc48191158603944c47f243cb82bd28235d11a459cc493db8b9f6016da2c6e0b,"{""alias"": ""import-price-0::nominal::steam-q2800-n11-k4-pump225"", ""branch"": ""steam"", ""candidate_id"": ""20260927-design-study-whole-plant-conversion-b:c1000"", ""catalog_ranking"": true, ""eligible"": true, ""failed_predicates"": [], ""family"": ""imports"", ""native_case"": ""import-price-0::nominal::gas-q2800-m1750-r1.8-ua25-25-25"", ""native_check_status"": ""shared_and_branch_pass"", ""native_lcoe_USD2025_MWh"": 370.558440088478, ""point_id"": ""3e64190b663493cae9c12a4519fc17d13313f7ae0b00bd59f81cdbd96ed3462d"", ""role"": ""rerank_nominal_supported_catalog"", ""scenario"": ""import-price-0"", ""source_MW"": 2800.0, ""state"": ""completed""}","{""alias"": ""import-price-0::nominal::gas-q2800-m1750-r1.8-ua25-25-25"", ""branch"": ""gas"", ""candidate_id"": ""20260927-design-study-whole-plant-conversion-b:c1000"", ""catalog_ranking"": true, ""eligible"": true, ""failed_predicates"": [], ""family"": ""imports"", ""native_case"": ""import-price-0::nominal::gas-q2800-m1750-r1.8-ua25-25-25"", ""native_check_status"": ""shared_and_branch_pass"", ""native_lcoe_USD2025_MWh"": 1229.761665373023, ""point_id"": ""3e64190b663493cae9c12a4519fc17d13313f7ae0b00bd59f81cdbd96ed3462d"", ""role"": ""rerank_nominal_supported_catalog"", ""scenario"": ""import-price-0"", ""source_MW"": 2800.0, ""state"": ""completed""}",859.2032252845452,steam,steam,-542.18440557501,steam,steam,5.0,5.0,finite catalog comparison; strict algebraic ordering is separate from reporting materiality
import-price-150,2500.0,True,87b1f92dc1400f7a23ababfe368724c222a1412f0885b2f418337574391de93c,"{""alias"": ""import-price-150::nominal::steam-q2500-n10-k4-pump225"", ""branch"": ""steam"", ""candidate_id"": ""20260927-design-study-whole-plant-conversion-b:c1022"", ""catalog_ranking"": true, ""eligible"": true, ""failed_predicates"": [], ""family"": ""imports"", ""native_case"": ""import-price-150::nominal::gas-q2500-m2000-r1.5-ua25-25-25"", ""native_check_status"": ""shared_and_branch_pass"", ""native_lcoe_USD2025_MWh"": 408.4852639906714, ""point_id"": ""1a0db1f03c060c5908a86534b04c628ce49c83699d974f9d483e2668c9a17224"", ""role"": ""rerank_nominal_supported_catalog"", ""scenario"": ""import-price-150"", ""source_MW"": 2500.0, ""state"": ""completed""}","{""alias"": ""import-price-150::nominal::gas-q2500-m2000-r1.5-ua25-25-25"", ""branch"": ""gas"", ""candidate_id"": ""20260927-design-study-whole-plant-conversion-b:c1022"", ""catalog_ranking"": true, ""eligible"": true, ""failed_predicates"": [], ""family"": ""imports"", ""native_case"": ""import-price-150::nominal::gas-q2500-m2000-r1.5-ua25-25-25"", ""native_check_status"": ""shared_and_branch_pass"", ""native_lcoe_USD2025_MWh"": 876.0591559146463, ""point_id"": ""1a0db1f03c060c5908a86534b04c628ce49c83699d974f9d483e2668c9a17224"", ""role"": ""rerank_nominal_supported_catalog"", ""scenario"": ""import-price-150"", ""source_MW"": 2500.0, ""state"": ""completed""}",467.57389192397494,steam,steam,-378.0857935102733,steam,steam,5.0,5.0,finite catalog comparison; strict algebraic ordering is separate from reporting materiality
import-price-150,2800.0,True,aec0beed62e61ba096ce136c97ea8d42976b44fd436fb498486ff2c71600d369,"{""alias"": ""import-price-150::nominal::steam-q2800-n11-k4-pump225"", ""branch"": ""steam"", ""candidate_id"": ""20260927-design-study-whole-plant-conversion-b:c1025"", ""catalog_ranking"": true, ""eligible"": true, ""failed_predicates"": [], ""family"": ""imports"", ""native_case"": ""import-price-150::nominal::gas-q2800-m1750-r1.8-ua25-25-25"", ""native_check_status"": ""shared_and_branch_pass"", ""native_lcoe_USD2025_MWh"": 370.98723678111173, ""point_id"": ""678a0408f78f5c2b290bba5afe82a247bc7a7db089f9c0789bdf91985819cf2f"", ""role"": ""rerank_nominal_supported_catalog"", ""scenario"": ""import-price-150"", ""source_MW"": 2800.0, ""state"": ""completed""}","{""alias"": ""import-price-150::nominal::gas-q2800-m1750-r1.8-ua25-25-25"", ""branch"": ""gas"", ""candidate_id"": ""20260927-design-study-whole-plant-conversion-b:c1025"", ""catalog_ranking"": true, ""eligible"": true, ""failed_predicates"": [], ""family"": ""imports"", ""native_case"": ""import-price-150::nominal::gas-q2800-m1750-r1.8-ua25-25-25"", ""native_check_status"": ""shared_and_branch_pass"", ""native_lcoe_USD2025_MWh"": 1231.3275381777792, ""point_id"": ""678a0408f78f5c2b290bba5afe82a247bc7a7db089f9c0789bdf91985819cf2f"", ""role"": ""rerank_nominal_supported_catalog"", ""scenario"": ""import-price-150"", ""source_MW"": 2800.0, ""state"": ""completed""}",860.3403013966674,steam,steam,-542.18440557501,steam,steam,5.0,5.0,finite catalog comparison; strict algebraic ordering is separate from reporting materiality
indirect_rate-0.1,2500.0,True,8dade32c761749ff781d00b156d25d00f211bdddb0015124cd8b028588110e26,"{""alias"": ""indirect_rate-0.1::nominal::steam-q2500-n10-k4-pump225"", ""branch"": ""steam"", ""candidate_id"": ""20260927-design-study-whole-plant-conversion-b:c0697"", ""catalog_ranking"": true, ""eligible"": true, ""failed_predicates"": [], ""family"": ""overheads"", ""native_case"": ""indirect_rate-0.1::nominal::gas-q2500-m2000-r1.5-ua25-25-25"", ""native_check_status"": ""shared_and_branch_pass"", ""native_lcoe_USD2025_MWh"": 376.0216307249908, ""point_id"": ""a1b79e4dc35107cb4944113dddba4fb655c43b22a12b9baebfb44245dc44b3a4"", ""role"": ""rerank_nominal_supported_catalog"", ""scenario"": ""indirect_rate-0.1"", ""source_MW"": 2500.0, ""state"": ""completed""}","{""alias"": ""indirect_rate-0.1::nominal::gas-q2500-m2000-r1.5-ua25-25-25"", ""branch"": ""gas"", ""candidate_id"": ""20260927-design-study-whole-plant-conversion-b:c0697"", ""catalog_ranking"": true, ""eligible"": true, ""failed_predicates"": [], ""family"": ""overheads"", ""native_case"": ""indirect_rate-0.1::nominal::gas-q2500-m2000-r1.5-ua25-25-25"", ""native_check_status"": ""shared_and_branch_pass"", ""native_lcoe_USD2025_MWh"": 806.6908526026812, ""point_id"": ""a1b79e4dc35107cb4944113dddba4fb655c43b22a12b9baebfb44245dc44b3a4"", ""role"": ""rerank_nominal_supported_catalog"", ""scenario"": ""indirect_rate-0.1"", ""source_MW"": 2500.0, ""state"": ""completed""}",430.66922187769035,steam,steam,-378.0857935102733,steam,steam,5.0,5.0,finite catalog comparison; strict algebraic ordering is separate from reporting materiality
indirect_rate-0.1,2800.0,True,165d5fd99889b0e96fd5355a5b30489880c3a8628231c9ad7c52d7c172c1d835,"{""alias"": ""indirect_rate-0.1::nominal::steam-q2800-n11-k4-pump225"", ""branch"": ""steam"", ""candidate_id"": ""20260927-design-study-whole-plant-conversion-b:c0700"", ""catalog_ranking"": true, ""eligible"": true, ""failed_predicates"": [], ""family"": ""overheads"", ""native_case"": ""indirect_rate-0.1::nominal::gas-q2800-m1750-r1.8-ua25-25-25"", ""native_check_status"": ""shared_and_branch_pass"", ""native_lcoe_USD2025_MWh"": 341.62050951951164, ""point_id"": ""083ebff43375ecd02f74d451b35e7a5eeb70457dd923ddedc2026daec2a5ef34"", ""role"": ""rerank_nominal_supported_catalog"", ""scenario"": ""indirect_rate-0.1"", ""source_MW"": 2800.0, ""state"": ""completed""}","{""alias"": ""indirect_rate-0.1::nominal::gas-q2800-m1750-r1.8-ua25-25-25"", ""branch"": ""gas"", ""candidate_id"": ""20260927-design-study-whole-plant-conversion-b:c0700"", ""catalog_ranking"": true, ""eligible"": true, ""failed_predicates"": [], ""family"": ""overheads"", ""native_case"": ""indirect_rate-0.1::nominal::gas-q2800-m1750-r1.8-ua25-25-25"", ""native_check_status"": ""shared_and_branch_pass"", ""native_lcoe_USD2025_MWh"": 1134.334382098869, ""point_id"": ""083ebff43375ecd02f74d451b35e7a5eeb70457dd923ddedc2026daec2a5ef34"", ""role"": ""rerank_nominal_supported_catalog"", ""scenario"": ""indirect_rate-0.1"", ""source_MW"": 2800.0, ""state"": ""completed""}",792.7138725793573,steam,steam,-542.18440557501,steam,steam,5.0,5.0,finite catalog comparison; strict algebraic ordering is separate from reporting materiality
indirect_rate-0.3,2500.0,True,c2404fde771697670aff78a58203f77b04be7711383da83541b856ae359c0186,"{""alias"": ""indirect_rate-0.3::nominal::steam-q2500-n10-k4-pump225"", ""branch"": ""steam"", ""candidate_id"": ""20260927-design-study-whole-plant-conversion-b:c0722"", ""catalog_ranking"": true, ""eligible"": true, ""failed_predicates"": [], ""family"": ""overheads"", ""native_case"": ""indirect_rate-0.3::nominal::gas-q2500-m2000-r1.5-ua25-25-25"", ""native_check_status"": ""shared_and_branch_pass"", ""native_lcoe_USD2025_MWh"": 440.30597833940527, ""point_id"": ""2d98525678b9decfac43357e15906903dee7879d21bbb771be0f402c17556af9"", ""role"": ""rerank_nominal_supported_catalog"", ""scenario"": ""indirect_rate-0.3"", ""source_MW"": 2500.0, ""state"": ""completed""}","{""alias"": ""indirect_rate-0.3::nominal::gas-q2500-m2000-r1.5-ua25-25-25"", ""branch"": ""gas"", ""candidate_id"": ""20260927-design-study-whole-plant-conversion-b:c0722"", ""catalog_ranking"": true, ""eligible"": true, ""failed_predicates"": [], ""family"": ""overheads"", ""native_case"": ""indirect_rate-0.3::nominal::gas-q2500-m2000-r1.5-ua25-25-25"", ""native_check_status"": ""shared_and_branch_pass"", ""native_lcoe_USD2025_MWh"": 943.9342687918844, ""point_id"": ""2d98525678b9decfac43357e15906903dee7879d21bbb771be0f402c17556af9"", ""role"": ""rerank_nominal_supported_catalog"", ""scenario"": ""indirect_rate-0.3"", ""source_MW"": 2500.0, ""state"": ""completed""}",503.6282904524791,steam,steam,-378.0857935102733,steam,steam,5.0,5.0,finite catalog comparison; strict algebraic ordering is separate from reporting materiality
indirect_rate-0.3,2800.0,True,47a0b6c7fe728e2d4fd370ac35a6e55bd5f0f0e260a723eb5a021fdfddd78ab5,"{""alias"": ""indirect_rate-0.3::nominal::steam-q2800-n11-k4-pump225"", ""branch"": ""steam"", ""candidate_id"": ""20260927-design-study-whole-plant-conversion-b:c0725"", ""catalog_ranking"": true, ""eligible"": true, ""failed_predicates"": [], ""family"": ""overheads"", ""native_case"": ""indirect_rate-0.3::nominal::gas-q2800-m1750-r1.8-ua25-25-25"", ""native_check_status"": ""shared_and_branch_pass"", ""native_lcoe_USD2025_MWh"": 399.7822351192002, ""point_id"": ""f4014adca23aed174571917dbe0fd5a133699a2eb975be475f59e29cf7d96666"", ""role"": ""rerank_nominal_supported_catalog"", ""scenario"": ""indirect_rate-0.3"", ""source_MW"": 2800.0, ""state"": ""completed""}","{""alias"": ""indirect_rate-0.3::nominal::gas-q2800-m1750-r1.8-ua25-25-25"", ""branch"": ""gas"", ""candidate_id"": ""20260927-design-study-whole-plant-conversion-b:c0725"", ""catalog_ranking"": true, ""eligible"": true, ""failed_predicates"": [], ""family"": ""overheads"", ""native_case"": ""indirect_rate-0.3::nominal::gas-q2800-m1750-r1.8-ua25-25-25"", ""native_check_status"": ""shared_and_branch_pass"", ""native_lcoe_USD2025_MWh"": 1326.2328638503482, ""point_id"": ""f4014adca23aed174571917dbe0fd5a133699a2eb975be475f59e29cf7d96666"", ""role"": ""rerank_nominal_supported_catalog"", ""scenario"": ""indirect_rate-0.3"", ""source_MW"": 2800.0, ""state"": ""completed""}",926.450628731148,steam,steam,-542.18440557501,steam,steam,5.0,5.0,finite catalog comparison; strict algebraic ordering is separate from reporting materiality
magnet-life-12-FPY,2500.0,True,d14bcac88da6d0a0a881587581f33700b57009eeafdb511c67b9eeea4c174403,"{""alias"": ""magnet-life-12-FPY::nominal::steam-q2500-n10-k4-pump225"", ""branch"": ""steam"", ""candidate_id"": ""20260927-design-study-whole-plant-conversion-b:c0922"", ""catalog_ranking"": true, ""eligible"": true, ""failed_predicates"": [], ""family"": ""replacement"", ""native_case"": ""magnet-life-12-FPY::nominal::gas-q2500-m2000-r1.5-ua25-25-25"", ""native_check_status"": ""shared_and_branch_pass"", ""native_lcoe_USD2025_MWh"": 393.7827776277918, ""point_id"": ""1ba95f52e28ff005e28fd34223cdadc983a8af4d49fee3cd62fbe36d65846a70"", ""role"": ""rerank_nominal_supported_catalog"", ""scenario"": ""magnet-life-12-FPY"", ""source_MW"": 2500.0, ""state"": ""completed""}","{""alias"": ""magnet-life-12-FPY::nominal::gas-q2500-m2000-r1.5-ua25-25-25"", ""branch"": ""gas"", ""candidate_id"": ""20260927-design-study-whole-plant-conversion-b:c0922"", ""catalog_ranking"": true, ""eligible"": true, ""failed_predicates"": [], ""family"": ""replacement"", ""native_case"": ""magnet-life-12-FPY::nominal::gas-q2500-m2000-r1.5-ua25-25-25"", ""native_check_status"": ""shared_and_branch_pass"", ""native_lcoe_USD2025_MWh"": 841.9123740653622, ""point_id"": ""1ba95f52e28ff005e28fd34223cdadc983a8af4d49fee3cd62fbe36d65846a70"", ""role"": ""rerank_nominal_supported_catalog"", ""scenario"": ""magnet-life-12-FPY"", ""source_MW"": 2500.0, ""state"": ""completed""}",448.1295964375704,steam,steam,-378.0857935102733,steam,steam,5.0,5.0,finite catalog comparison; strict algebraic ordering is separate from reporting materiality
magnet-life-12-FPY,2800.0,True,c7d3d3a9f64fc9f18ce808a7aa5bebe9908edfba99732224b9b3a74e778fc116,"{""alias"": ""magnet-life-12-FPY::nominal::steam-q2800-n11-k4-pump225"", ""branch"": ""steam"", ""candidate_id"": ""20260927-design-study-whole-plant-conversion-b:c0925"", ""catalog_ranking"": true, ""eligible"": true, ""failed_predicates"": [], ""family"": ""replacement"", ""native_case"": ""magnet-life-12-FPY::nominal::gas-q2800-m1750-r1.8-ua25-25-25"", ""native_check_status"": ""shared_and_branch_pass"", ""native_lcoe_USD2025_MWh"": 357.9127471687749, ""point_id"": ""068b5970deb1833e7177776ba6b836359a0e036838ad9c246e5862560ab091bd"", ""role"": ""rerank_nominal_supported_catalog"", ""scenario"": ""magnet-life-12-FPY"", ""source_MW"": 2800.0, ""state"": ""completed""}","{""alias"": ""magnet-life-12-FPY::nominal::gas-q2800-m1750-r1.8-ua25-25-25"", ""branch"": ""gas"", ""candidate_id"": ""20260927-design-study-whole-plant-conversion-b:c0925"", ""catalog_ranking"": true, ""eligible"": true, ""failed_predicates"": [], ""family"": ""replacement"", ""native_case"": ""magnet-life-12-FPY::nominal::gas-q2800-m1750-r1.8-ua25-25-25"", ""native_check_status"": ""shared_and_branch_pass"", ""native_lcoe_USD2025_MWh"": 1183.5823291504619, ""point_id"": ""068b5970deb1833e7177776ba6b836359a0e036838ad9c246e5862560ab091bd"", ""role"": ""rerank_nominal_supported_catalog"", ""scenario"": ""magnet-life-12-FPY"", ""source_MW"": 2800.0, ""state"": ""completed""}",825.669581981687,steam,steam,-542.18440557501,steam,steam,5.0,5.0,finite catalog comparison; strict algebraic ordering is separate from reporting materiality
magnet-life-8-FPY,2500.0,True,8eeaf30ead770f223c25dc656430e174f840714f3aa159a52bc0deb1d9ceef26,"{""alias"": ""magnet-life-8-FPY::nominal::steam-q2500-n10-k4-pump225"", ""branch"": ""steam"", ""candidate_id"": ""20260927-design-study-whole-plant-conversion-b:c0897"", ""catalog_ranking"": true, ""eligible"": true, ""failed_predicates"": [], ""family"": ""replacement"", ""native_case"": ""magnet-life-8-FPY::nominal::gas-q2500-m2000-r1.5-ua25-25-25"", ""native_check_status"": ""shared_and_branch_pass"", ""native_lcoe_USD2025_MWh"": 414.2780874071232, ""point_id"": ""232fbeb6610dbd55188012ff46b031134db93f65eff3d796bd5b49baaa5e87c6"", ""role"": ""rerank_nominal_supported_catalog"", ""scenario"": ""magnet-life-8-FPY"", ""source_MW"": 2500.0, ""state"": ""completed""}","{""alias"": ""magnet-life-8-FPY::nominal::gas-q2500-m2000-r1.5-ua25-25-25"", ""branch"": ""gas"", ""candidate_id"": ""20260927-design-study-whole-plant-conversion-b:c0897"", ""catalog_ranking"": true, ""eligible"": true, ""failed_predicates"": [], ""family"": ""replacement"", ""native_case"": ""magnet-life-8-FPY::nominal::gas-q2500-m2000-r1.5-ua25-25-25"", ""native_check_status"": ""shared_and_branch_pass"", ""native_lcoe_USD2025_MWh"": 889.5130896650915, ""point_id"": ""232fbeb6610dbd55188012ff46b031134db93f65eff3d796bd5b49baaa5e87c6"", ""role"": ""rerank_nominal_supported_catalog"", ""scenario"": ""magnet-life-8-FPY"", ""source_MW"": 2500.0, ""state"": ""completed""}",475.23500225796823,steam,steam,-378.0857935102733,steam,steam,5.0,5.0,finite catalog comparison; strict algebraic ordering is separate from reporting materiality
magnet-life-8-FPY,2800.0,True,0d7d35ebad199bfe4420f169ee3c1150383c44b24aa907c481704b74dbc8869d,"{""alias"": ""magnet-life-8-FPY::nominal::steam-q2800-n11-k4-pump225"", ""branch"": ""steam"", ""candidate_id"": ""20260927-design-study-whole-plant-conversion-b:c0900"", ""catalog_ranking"": true, ""eligible"": true, ""failed_predicates"": [], ""family"": ""replacement"", ""native_case"": ""magnet-life-8-FPY::nominal::gas-q2800-m1750-r1.8-ua25-25-25"", ""native_check_status"": ""shared_and_branch_pass"", ""native_lcoe_USD2025_MWh"": 376.13862462906945, ""point_id"": ""96aee54c758305541e80833c1f47fecb36c00d25185a20f4fcddd03518c36479"", ""role"": ""rerank_nominal_supported_catalog"", ""scenario"": ""magnet-life-8-FPY"", ""source_MW"": 2800.0, ""state"": ""completed""}","{""alias"": ""magnet-life-8-FPY::nominal::gas-q2800-m1750-r1.8-ua25-25-25"", ""branch"": ""gas"", ""candidate_id"": ""20260927-design-study-whole-plant-conversion-b:c0900"", ""catalog_ranking"": true, ""eligible"": true, ""failed_predicates"": [], ""family"": ""replacement"", ""native_case"": ""magnet-life-8-FPY::nominal::gas-q2800-m1750-r1.8-ua25-25-25"", ""native_check_status"": ""shared_and_branch_pass"", ""native_lcoe_USD2025_MWh"": 1250.1392927375473, ""point_id"": ""96aee54c758305541e80833c1f47fecb36c00d25185a20f4fcddd03518c36479"", ""role"": ""rerank_nominal_supported_catalog"", ""scenario"": ""magnet-life-8-FPY"", ""source_MW"": 2800.0, ""state"": ""completed""}",874.0006681084778,steam,steam,-542.18440557501,steam,steam,5.0,5.0,finite catalog comparison; strict algebraic ordering is separate from reporting materiality
nominal,2500.0,True,ba5b04349f6cfc4e359e9e10989c917b7e101f4921aea06c2e46c29274a2ecfb,"{""alias"": ""nominal::steam-q2500-n10-k4-pump225"", ""branch"": ""steam"", ""candidate_id"": ""20260927-design-study-whole-plant-conversion-b:c0061"", ""catalog_ranking"": true, ""eligible"": true, ""failed_predicates"": [], ""family"": ""nominal_catalog"", ""native_case"": ""nominal::gas-q2500-m2000-r1.5-ua25-25-25"", ""native_check_status"": ""shared_and_branch_pass"", ""native_lcoe_USD2025_MWh"": 408.16380453219807, ""point_id"": ""f494decb498cfb3ab7393068feda33b7ad80cb717d66645fd47cdada28219bfa"", ""role"": ""steam_connector_catalog"", ""scenario"": ""nominal"", ""source_MW"": 2500.0, ""state"": ""completed""}","{""alias"": ""nominal::gas-q2500-m2000-r1.5-ua25-25-25"", ""branch"": ""gas"", ""candidate_id"": ""20260927-design-study-whole-plant-conversion-b:c0061"", ""catalog_ranking"": true, ""eligible"": true, ""failed_predicates"": [], ""family"": ""nominal_catalog"", ""native_case"": ""nominal::gas-q2500-m2000-r1.5-ua25-25-25"", ""native_check_status"": ""shared_and_branch_pass"", ""native_lcoe_USD2025_MWh"": 875.3125606972828, ""point_id"": ""f494decb498cfb3ab7393068feda33b7ad80cb717d66645fd47cdada28219bfa"", ""role"": ""gas_catalog"", ""scenario"": ""nominal"", ""source_MW"": 2500.0, ""state"": ""completed""}",467.14875616508476,steam,steam,-378.0857935102733,steam,steam,5.0,5.0,finite catalog comparison; strict algebraic ordering is separate from reporting materiality
nominal,2800.0,True,db503be5a16bee3e0b6e1fc76aa4d752e9eb76652dff90e3e4e8090986b5ac7f,"{""alias"": ""nominal::steam-q2800-n11-k4-pump225"", ""branch"": ""steam"", ""candidate_id"": ""20260927-design-study-whole-plant-conversion-b:c0171"", ""catalog_ranking"": true, ""eligible"": true, ""failed_predicates"": [], ""family"": ""nominal_catalog"", ""native_case"": ""nominal::gas-q2800-m1750-r1.8-ua25-25-25"", ""native_check_status"": ""shared_and_branch_pass"", ""native_lcoe_USD2025_MWh"": 370.7013723193559, ""point_id"": ""d834f97593315c8567af9e95af937783d3530b65d6c51b753def3f45e3d86b36"", ""role"": ""steam_connector_catalog"", ""scenario"": ""nominal"", ""source_MW"": 2800.0, ""state"": ""completed""}","{""alias"": ""nominal::gas-q2800-m1750-r1.8-ua25-25-25"", ""branch"": ""gas"", ""candidate_id"": ""20260927-design-study-whole-plant-conversion-b:c0171"", ""catalog_ranking"": true, ""eligible"": true, ""failed_predicates"": [], ""family"": ""nominal_catalog"", ""native_case"": ""nominal::gas-q2800-m1750-r1.8-ua25-25-25"", ""native_check_status"": ""shared_and_branch_pass"", ""native_lcoe_USD2025_MWh"": 1230.2836229746085, ""point_id"": ""d834f97593315c8567af9e95af937783d3530b65d6c51b753def3f45e3d86b36"", ""role"": ""gas_catalog"", ""scenario"": ""nominal"", ""source_MW"": 2800.0, ""state"": ""completed""}",859.5822506552527,steam,steam,-542.18440557501,steam,steam,5.0,5.0,finite catalog comparison; strict algebraic ordering is separate from reporting materiality
nominal,3000.0,False,,,,,,unsupported,,,unsupported,5.0,5.0,no supported matched catalog pair
nuclear-heating-50-W-m3,2500.0,True,7a7e735f0459ba48d904dd18c781931ace644835d2d238d15c7daae86b247881,"{""alias"": ""nuclear-heating-50-W-m3::nominal::steam-q2500-n10-k4-pump225"", ""branch"": ""steam"", ""candidate_id"": ""20260927-design-study-whole-plant-conversion-b:c1447"", ""catalog_ranking"": true, ""eligible"": true, ""failed_predicates"": [], ""family"": ""cryogenic_heat"", ""native_case"": ""nuclear-heating-50-W-m3::nominal::gas-q2500-m2000-r1.5-ua25-25-25"", ""native_check_status"": ""shared_and_branch_pass"", ""native_lcoe_USD2025_MWh"": 408.3614848017431, ""point_id"": ""a151503d39b910b605f88e913c752b29e0df0820a19bf8aa24d713e8388c42d6"", ""role"": ""rerank_nominal_supported_catalog"", ""scenario"": ""nuclear-heating-50-W-m3"", ""source_MW"": 2500.0, ""state"": ""completed""}","{""alias"": ""nuclear-heating-50-W-m3::nominal::gas-q2500-m2000-r1.5-ua25-25-25"", ""branch"": ""gas"", ""candidate_id"": ""20260927-design-study-whole-plant-conversion-b:c1447"", ""catalog_ranking"": true, ""eligible"": true, ""failed_predicates"": [], ""family"": ""cryogenic_heat"", ""native_case"": ""nuclear-heating-50-W-m3::nominal::gas-q2500-m2000-r1.5-ua25-25-25"", ""native_check_status"": ""shared_and_branch_pass"", ""native_lcoe_USD2025_MWh"": 876.2821290912049, ""point_id"": ""a151503d39b910b605f88e913c752b29e0df0820a19bf8aa24d713e8388c42d6"", ""role"": ""rerank_nominal_supported_catalog"", ""scenario"": ""nuclear-heating-50-W-m3"", ""source_MW"": 2500.0, ""state"": ""completed""}",467.9206442894618,steam,steam,-378.08579351027333,steam,steam,5.0,5.0,finite catalog comparison; strict algebraic ordering is separate from reporting materiality
nuclear-heating-50-W-m3,2800.0,True,c6423cbdef47b7d5e43f122c063f0deca176855ea8df1f0390af5b857d9f12dc,"{""alias"": ""nuclear-heating-50-W-m3::nominal::steam-q2800-n11-k4-pump225"", ""branch"": ""steam"", ""candidate_id"": ""20260927-design-study-whole-plant-conversion-b:c1450"", ""catalog_ranking"": true, ""eligible"": true, ""failed_predicates"": [], ""family"": ""cryogenic_heat"", ""native_case"": ""nuclear-heating-50-W-m3::nominal::gas-q2800-m1750-r1.8-ua25-25-25"", ""native_check_status"": ""shared_and_branch_pass"", ""native_lcoe_USD2025_MWh"": 370.8615000675406, ""point_id"": ""74eeb351d28bd5b82707e5dbe0c5d8b2fb82a20eff3b8fdcb183e5b746931797"", ""role"": ""rerank_nominal_supported_catalog"", ""scenario"": ""nuclear-heating-50-W-m3"", ""source_MW"": 2800.0, ""state"": ""completed""}","{""alias"": ""nuclear-heating-50-W-m3::nominal::gas-q2800-m1750-r1.8-ua25-25-25"", ""branch"": ""gas"", ""candidate_id"": ""20260927-design-study-whole-plant-conversion-b:c1450"", ""catalog_ranking"": true, ""eligible"": true, ""failed_predicates"": [], ""family"": ""cryogenic_heat"", ""native_case"": ""nuclear-heating-50-W-m3::nominal::gas-q2800-m1750-r1.8-ua25-25-25"", ""native_check_status"": ""shared_and_branch_pass"", ""native_lcoe_USD2025_MWh"": 1232.1821711599082, ""point_id"": ""74eeb351d28bd5b82707e5dbe0c5d8b2fb82a20eff3b8fdcb183e5b746931797"", ""role"": ""rerank_nominal_supported_catalog"", ""scenario"": ""nuclear-heating-50-W-m3"", ""source_MW"": 2800.0, ""state"": ""completed""}",861.3206710923675,steam,steam,-542.18440557501,steam,steam,5.0,5.0,finite catalog comparison; strict algebraic ordering is separate from reporting materiality
nuclear-heating-80-W-m3,2500.0,False,,,,,,unsupported,,,unsupported,5.0,5.0,no supported matched catalog pair
nuclear-heating-80-W-m3,2800.0,False,,,,,,unsupported,,,unsupported,5.0,5.0,no supported matched catalog pair
primary-drive-efficiency-0.9,2500.0,True,9a06351f3f9180cfd7f08f7254255bb502adef503f0b702a78f275dbc34cb1f2,"{""alias"": ""primary-drive-efficiency-0.9::nominal::steam-q2500-n10-k4-pump225"", ""branch"": ""steam"", ""candidate_id"": ""20260927-design-study-whole-plant-conversion-b:c1372"", ""catalog_ranking"": true, ""eligible"": true, ""failed_predicates"": [], ""family"": ""source_load"", ""native_case"": ""primary-drive-efficiency-0.9::nominal::gas-q2500-m2000-r1.5-ua25-25-25"", ""native_check_status"": ""shared_and_branch_pass"", ""native_lcoe_USD2025_MWh"": 414.9990856910695, ""point_id"": ""3f802269cf5ee53ca6553476cd2c06c1e0a36f367a7600579a8024094daea79f"", ""role"": ""rerank_nominal_supported_catalog"", ""scenario"": ""primary-drive-efficiency-0.9"", ""source_MW"": 2500.0, ""state"": ""completed""}","{""alias"": ""primary-drive-efficiency-0.9::nominal::gas-q2500-m2000-r1.5-ua25-25-25"", ""branch"": ""gas"", ""candidate_id"": ""20260927-design-study-whole-plant-conversion-b:c1372"", ""catalog_ranking"": true, ""eligible"": true, ""failed_predicates"": [], ""family"": ""source_load"", ""native_case"": ""primary-drive-efficiency-0.9::nominal::gas-q2500-m2000-r1.5-ua25-25-25"", ""native_check_status"": ""shared_and_branch_pass"", ""native_lcoe_USD2025_MWh"": 910.1279028345057, ""point_id"": ""3f802269cf5ee53ca6553476cd2c06c1e0a36f367a7600579a8024094daea79f"", ""role"": ""rerank_nominal_supported_catalog"", ""scenario"": ""primary-drive-efficiency-0.9"", ""source_MW"": 2500.0, ""state"": ""completed""}",495.12881714343615,steam,steam,-378.08579351027333,steam,steam,5.0,5.0,finite catalog comparison; strict algebraic ordering is separate from reporting materiality
primary-drive-efficiency-0.9,2800.0,True,6bc3d4d915cd4175f41acda8d2122119010c7b1689ce9b5f48bd1f43468e5bae,"{""alias"": ""primary-drive-efficiency-0.9::nominal::steam-q2800-n11-k4-pump225"", ""branch"": ""steam"", ""candidate_id"": ""20260927-design-study-whole-plant-conversion-b:c1375"", ""catalog_ranking"": true, ""eligible"": true, ""failed_predicates"": [], ""family"": ""source_load"", ""native_case"": ""primary-drive-efficiency-0.9::nominal::gas-q2800-m1750-r1.8-ua25-25-25"", ""native_check_status"": ""shared_and_branch_pass"", ""native_lcoe_USD2025_MWh"": 378.4998659821332, ""point_id"": ""e887f22a8ac0477fada9431a47cb0d824bd8ad30797118d25b7c40cc3d20ab59"", ""role"": ""rerank_nominal_supported_catalog"", ""scenario"": ""primary-drive-efficiency-0.9"", ""source_MW"": 2800.0, ""state"": ""completed""}","{""alias"": ""primary-drive-efficiency-0.9::nominal::gas-q2800-m1750-r1.8-ua25-25-25"", ""branch"": ""gas"", ""candidate_id"": ""20260927-design-study-whole-plant-conversion-b:c1375"", ""catalog_ranking"": true, ""eligible"": true, ""failed_predicates"": [], ""family"": ""source_load"", ""native_case"": ""primary-drive-efficiency-0.9::nominal::gas-q2800-m1750-r1.8-ua25-25-25"", ""native_check_status"": ""shared_and_branch_pass"", ""native_lcoe_USD2025_MWh"": 1330.3818435933556, ""point_id"": ""e887f22a8ac0477fada9431a47cb0d824bd8ad30797118d25b7c40cc3d20ab59"", ""role"": ""rerank_nominal_supported_catalog"", ""scenario"": ""primary-drive-efficiency-0.9"", ""source_MW"": 2800.0, ""state"": ""completed""}",951.8819776112224,steam,steam,-542.18440557501,steam,steam,5.0,5.0,finite catalog comparison; strict algebraic ordering is separate from reporting materiality
primary_piping-quote-x0.5,2500.0,True,bfb22ca50be895868eaf1ae8376a5d7608042d3a84d59b4a761b7d2aef0694ae,"{""alias"": ""primary_piping-quote-x0.5::nominal::steam-q2500-n10-k4-pump225"", ""branch"": ""steam"", ""candidate_id"": ""20260927-design-study-whole-plant-conversion-b:c0472"", ""catalog_ranking"": true, ""eligible"": true, ""failed_predicates"": [], ""family"": ""primary_piping"", ""native_case"": ""primary_piping-quote-x0.5::nominal::gas-q2500-m2000-r1.5-ua25-25-25"", ""native_check_status"": ""shared_and_branch_pass"", ""native_lcoe_USD2025_MWh"": 370.5503613627782, ""point_id"": ""b1335b6609fb963180fe424cd07c4df9d418990a817a2dd1b9c6c375d0e3e0a9"", ""role"": ""rerank_nominal_supported_catalog"", ""scenario"": ""primary_piping-quote-x0.5"", ""source_MW"": 2500.0, ""state"": ""completed""}","{""alias"": ""primary_piping-quote-x0.5::nominal::gas-q2500-m2000-r1.5-ua25-25-25"", ""branch"": ""gas"", ""candidate_id"": ""20260927-design-study-whole-plant-conversion-b:c0472"", ""catalog_ranking"": true, ""eligible"": true, ""failed_predicates"": [], ""family"": ""primary_piping"", ""native_case"": ""primary_piping-quote-x0.5::nominal::gas-q2500-m2000-r1.5-ua25-25-25"", ""native_check_status"": ""shared_and_branch_pass"", ""native_lcoe_USD2025_MWh"": 787.9546807573707, ""point_id"": ""b1335b6609fb963180fe424cd07c4df9d418990a817a2dd1b9c6c375d0e3e0a9"", ""role"": ""rerank_nominal_supported_catalog"", ""scenario"": ""primary_piping-quote-x0.5"", ""source_MW"": 2500.0, ""state"": ""completed""}",417.40431939459256,steam,steam,-378.0857935102733,steam,steam,5.0,5.0,finite catalog comparison; strict algebraic ordering is separate from reporting materiality
primary_piping-quote-x0.5,2800.0,True,6716986adeca6920dfb7de536d79228681c3df38633a4c0e18d6b2158d31ca11,"{""alias"": ""primary_piping-quote-x0.5::nominal::steam-q2800-n11-k4-pump225"", ""branch"": ""steam"", ""candidate_id"": ""20260927-design-study-whole-plant-conversion-b:c0475"", ""catalog_ranking"": true, ""eligible"": true, ""failed_predicates"": [], ""family"": ""primary_piping"", ""native_case"": ""primary_piping-quote-x0.5::nominal::gas-q2800-m1750-r1.8-ua25-25-25"", ""native_check_status"": ""shared_and_branch_pass"", ""native_lcoe_USD2025_MWh"": 337.2528412433859, ""point_id"": ""6b8762849bf1d5ec13cd5f4cb8c04a8227fd9241562e9a837bf668146238f483"", ""role"": ""rerank_nominal_supported_catalog"", ""scenario"": ""primary_piping-quote-x0.5"", ""source_MW"": 2800.0, ""state"": ""completed""}","{""alias"": ""primary_piping-quote-x0.5::nominal::gas-q2800-m1750-r1.8-ua25-25-25"", ""branch"": ""gas"", ""candidate_id"": ""20260927-design-study-whole-plant-conversion-b:c0475"", ""catalog_ranking"": true, ""eligible"": true, ""failed_predicates"": [], ""family"": ""primary_piping"", ""native_case"": ""primary_piping-quote-x0.5::nominal::gas-q2800-m1750-r1.8-ua25-25-25"", ""native_check_status"": ""shared_and_branch_pass"", ""native_lcoe_USD2025_MWh"": 1108.1368199076655, ""point_id"": ""6b8762849bf1d5ec13cd5f4cb8c04a8227fd9241562e9a837bf668146238f483"", ""role"": ""rerank_nominal_supported_catalog"", ""scenario"": ""primary_piping-quote-x0.5"", ""source_MW"": 2800.0, ""state"": ""completed""}",770.8839786642797,steam,steam,-542.18440557501,steam,steam,5.0,5.0,finite catalog comparison; strict algebraic ordering is separate from reporting materiality
primary_piping-quote-x1.5,2500.0,True,b87405a0c2b1d3eb5dea2f02de1ccf5a74b1f1a4898834b1c5dec2c8e740c7cf,"{""alias"": ""primary_piping-quote-x1.5::nominal::steam-q2500-n10-k4-pump225"", ""branch"": ""steam"", ""candidate_id"": ""20260927-design-study-whole-plant-conversion-b:c0547"", ""catalog_ranking"": true, ""eligible"": true, ""failed_predicates"": [], ""family"": ""primary_piping"", ""native_case"": ""primary_piping-quote-x1.5::nominal::gas-q2500-m2000-r1.5-ua25-25-25"", ""native_check_status"": ""shared_and_branch_pass"", ""native_lcoe_USD2025_MWh"": 445.77724770161797, ""point_id"": ""783ba5e67511afa2f1f4d4155e1534b992fda67457f63c61727af35462d4e7d8"", ""role"": ""rerank_nominal_supported_catalog"", ""scenario"": ""primary_piping-quote-x1.5"", ""source_MW"": 2500.0, ""state"": ""completed""}","{""alias"": ""primary_piping-quote-x1.5::nominal::gas-q2500-m2000-r1.5-ua25-25-25"", ""branch"": ""gas"", ""candidate_id"": ""20260927-design-study-whole-plant-conversion-b:c0547"", ""catalog_ranking"": true, ""eligible"": true, ""failed_predicates"": [], ""family"": ""primary_piping"", ""native_case"": ""primary_piping-quote-x1.5::nominal::gas-q2500-m2000-r1.5-ua25-25-25"", ""native_check_status"": ""shared_and_branch_pass"", ""native_lcoe_USD2025_MWh"": 962.6704406371949, ""point_id"": ""783ba5e67511afa2f1f4d4155e1534b992fda67457f63c61727af35462d4e7d8"", ""role"": ""rerank_nominal_supported_catalog"", ""scenario"": ""primary_piping-quote-x1.5"", ""source_MW"": 2500.0, ""state"": ""completed""}",516.893192935577,steam,steam,-378.0857935102733,steam,steam,5.0,5.0,finite catalog comparison; strict algebraic ordering is separate from reporting materiality
primary_piping-quote-x1.5,2800.0,True,04c91db62ef860860e810f66d057adef4f741926832306a312b36a0d4cd8555b,"{""alias"": ""primary_piping-quote-x1.5::nominal::steam-q2800-n11-k4-pump225"", ""branch"": ""steam"", ""candidate_id"": ""20260927-design-study-whole-plant-conversion-b:c0550"", ""catalog_ranking"": true, ""eligible"": true, ""failed_predicates"": [], ""family"": ""primary_piping"", ""native_case"": ""primary_piping-quote-x1.5::nominal::gas-q2800-m1750-r1.8-ua25-25-25"", ""native_check_status"": ""shared_and_branch_pass"", ""native_lcoe_USD2025_MWh"": 404.149903395326, ""point_id"": ""d1eaf805bb780a52b6a0052c8acf4e57ebbce00bdef7312cc43b630d2ca07274"", ""role"": ""rerank_nominal_supported_catalog"", ""scenario"": ""primary_piping-quote-x1.5"", ""source_MW"": 2800.0, ""state"": ""completed""}","{""alias"": ""primary_piping-quote-x1.5::nominal::gas-q2800-m1750-r1.8-ua25-25-25"", ""branch"": ""gas"", ""candidate_id"": ""20260927-design-study-whole-plant-conversion-b:c0550"", ""catalog_ranking"": true, ""eligible"": true, ""failed_predicates"": [], ""family"": ""primary_piping"", ""native_case"": ""primary_piping-quote-x1.5::nominal::gas-q2800-m1750-r1.8-ua25-25-25"", ""native_check_status"": ""shared_and_branch_pass"", ""native_lcoe_USD2025_MWh"": 1352.4304260415518, ""point_id"": ""d1eaf805bb780a52b6a0052c8acf4e57ebbce00bdef7312cc43b630d2ca07274"", ""role"": ""rerank_nominal_supported_catalog"", ""scenario"": ""primary_piping-quote-x1.5"", ""source_MW"": 2800.0, ""state"": ""completed""}",948.2805226462258,steam,steam,-542.18440557501,steam,steam,5.0,5.0,finite catalog comparison; strict algebraic ordering is separate from reporting materiality
recurring-x0.5,2500.0,True,ba5b04349f6cfc4e359e9e10989c917b7e101f4921aea06c2e46c29274a2ecfb,"{""alias"": ""recurring-x0.5::nominal::steam-q2500-n10-k4-pump225"", ""branch"": ""steam"", ""candidate_id"": ""20260927-design-study-whole-plant-conversion-b:c1574"", ""catalog_ranking"": true, ""eligible"": true, ""failed_predicates"": [], ""family"": ""conversion_price_service"", ""native_case"": ""recurring-x0.5::nominal::gas-q2500-m2000-r1.5-ua25-25-25"", ""native_check_status"": ""shared_and_branch_pass"", ""native_lcoe_USD2025_MWh"": 402.4530818564808, ""point_id"": ""5656e5c192762079e235a809c8f18cee732f70f61259d1bd4c937e62aa5dee78"", ""role"": ""rerank_nominal_supported_catalog"", ""scenario"": ""recurring-x0.5"", ""source_MW"": 2500.0, ""state"": ""completed""}","{""alias"": ""recurring-x0.5::nominal::gas-q2500-m2000-r1.5-ua25-25-25"", ""branch"": ""gas"", ""candidate_id"": ""20260927-design-study-whole-plant-conversion-b:c1574"", ""catalog_ranking"": true, ""eligible"": true, ""failed_predicates"": [], ""family"": ""conversion_price_service"", ""native_case"": ""recurring-x0.5::nominal::gas-q2500-m2000-r1.5-ua25-25-25"", ""native_check_status"": ""shared_and_branch_pass"", ""native_lcoe_USD2025_MWh"": 865.2162639903353, ""point_id"": ""5656e5c192762079e235a809c8f18cee732f70f61259d1bd4c937e62aa5dee78"", ""role"": ""rerank_nominal_supported_catalog"", ""scenario"": ""recurring-x0.5"", ""source_MW"": 2500.0, ""state"": ""completed""}",462.76318213385446,steam,steam,-378.0857935102733,steam,steam,5.0,5.0,finite catalog comparison; strict algebraic ordering is separate from reporting materiality
recurring-x0.5,2800.0,True,db503be5a16bee3e0b6e1fc76aa4d752e9eb76652dff90e3e4e8090986b5ac7f,"{""alias"": ""recurring-x0.5::nominal::steam-q2800-n11-k4-pump225"", ""branch"": ""steam"", ""candidate_id"": ""20260927-design-study-whole-plant-conversion-b:c1598"", ""catalog_ranking"": true, ""eligible"": true, ""failed_predicates"": [], ""family"": ""conversion_price_service"", ""native_case"": ""recurring-x0.5::nominal::gas-q2800-m1750-r1.8-ua25-25-25"", ""native_check_status"": ""shared_and_branch_pass"", ""native_lcoe_USD2025_MWh"": 365.2088633267398, ""point_id"": ""854763c22e33f6c3cc33eb143c8422b348cb527e0074c712c3cb792986e47a2f"", ""role"": ""rerank_nominal_supported_catalog"", ""scenario"": ""recurring-x0.5"", ""source_MW"": 2800.0, ""state"": ""completed""}","{""alias"": ""recurring-x0.5::nominal::gas-q2800-m1750-r1.8-ua25-25-25"", ""branch"": ""gas"", ""candidate_id"": ""20260927-design-study-whole-plant-conversion-b:c1598"", ""catalog_ranking"": true, ""eligible"": true, ""failed_predicates"": [], ""family"": ""conversion_price_service"", ""native_case"": ""recurring-x0.5::nominal::gas-q2800-m1750-r1.8-ua25-25-25"", ""native_check_status"": ""shared_and_branch_pass"", ""native_lcoe_USD2025_MWh"": 1216.1666324247326, ""point_id"": ""854763c22e33f6c3cc33eb143c8422b348cb527e0074c712c3cb792986e47a2f"", ""role"": ""rerank_nominal_supported_catalog"", ""scenario"": ""recurring-x0.5"", ""source_MW"": 2800.0, ""state"": ""completed""}",850.9577690979928,steam,steam,-542.18440557501,steam,steam,5.0,5.0,finite catalog comparison; strict algebraic ordering is separate from reporting materiality
recurring-x1.5,2500.0,True,ba5b04349f6cfc4e359e9e10989c917b7e101f4921aea06c2e46c29274a2ecfb,"{""alias"": ""recurring-x1.5::nominal::steam-q2500-n10-k4-pump225"", ""branch"": ""steam"", ""candidate_id"": ""20260927-design-study-whole-plant-conversion-b:c1575"", ""catalog_ranking"": true, ""eligible"": true, ""failed_predicates"": [], ""family"": ""conversion_price_service"", ""native_case"": ""recurring-x1.5::nominal::gas-q2500-m2000-r1.5-ua25-25-25"", ""native_check_status"": ""shared_and_branch_pass"", ""native_lcoe_USD2025_MWh"": 413.87452720791526, ""point_id"": ""74ee7cbb60fd4452db35dcf236891a1e2391eab5e4ff37d86d374b13165c323c"", ""role"": ""rerank_nominal_supported_catalog"", ""scenario"": ""recurring-x1.5"", ""source_MW"": 2500.0, ""state"": ""completed""}","{""alias"": ""recurring-x1.5::nominal::gas-q2500-m2000-r1.5-ua25-25-25"", ""branch"": ""gas"", ""candidate_id"": ""20260927-design-study-whole-plant-conversion-b:c1575"", ""catalog_ranking"": true, ""eligible"": true, ""failed_predicates"": [], ""family"": ""conversion_price_service"", ""native_case"": ""recurring-x1.5::nominal::gas-q2500-m2000-r1.5-ua25-25-25"", ""native_check_status"": ""shared_and_branch_pass"", ""native_lcoe_USD2025_MWh"": 885.4088574042303, ""point_id"": ""74ee7cbb60fd4452db35dcf236891a1e2391eab5e4ff37d86d374b13165c323c"", ""role"": ""rerank_nominal_supported_catalog"", ""scenario"": ""recurring-x1.5"", ""source_MW"": 2500.0, ""state"": ""completed""}",471.534330196315,steam,steam,-378.0857935102733,steam,steam,5.0,5.0,finite catalog comparison; strict algebraic ordering is separate from reporting materiality
recurring-x1.5,2800.0,True,db503be5a16bee3e0b6e1fc76aa4d752e9eb76652dff90e3e4e8090986b5ac7f,"{""alias"": ""recurring-x1.5::nominal::steam-q2800-n11-k4-pump225"", ""branch"": ""steam"", ""candidate_id"": ""20260927-design-study-whole-plant-conversion-b:c1599"", ""catalog_ranking"": true, ""eligible"": true, ""failed_predicates"": [], ""family"": ""conversion_price_service"", ""native_case"": ""recurring-x1.5::nominal::gas-q2800-m1750-r1.8-ua25-25-25"", ""native_check_status"": ""shared_and_branch_pass"", ""native_lcoe_USD2025_MWh"": 376.19388131197195, ""point_id"": ""d7a65fcf4414e4f76bdb4d9439014b807412e32f35690a2a5f42334fe2ed9701"", ""role"": ""rerank_nominal_supported_catalog"", ""scenario"": ""recurring-x1.5"", ""source_MW"": 2800.0, ""state"": ""completed""}","{""alias"": ""recurring-x1.5::nominal::gas-q2800-m1750-r1.8-ua25-25-25"", ""branch"": ""gas"", ""candidate_id"": ""20260927-design-study-whole-plant-conversion-b:c1599"", ""catalog_ranking"": true, ""eligible"": true, ""failed_predicates"": [], ""family"": ""conversion_price_service"", ""native_case"": ""recurring-x1.5::nominal::gas-q2800-m1750-r1.8-ua25-25-25"", ""native_check_status"": ""shared_and_branch_pass"", ""native_lcoe_USD2025_MWh"": 1244.4006135244845, ""point_id"": ""d7a65fcf4414e4f76bdb4d9439014b807412e32f35690a2a5f42334fe2ed9701"", ""role"": ""rerank_nominal_supported_catalog"", ""scenario"": ""recurring-x1.5"", ""source_MW"": 2800.0, ""state"": ""completed""}",868.2067322125125,steam,steam,-542.18440557501,steam,steam,5.0,5.0,finite catalog comparison; strict algebraic ordering is separate from reporting materiality
reporting-band-gap+5-q2800-lower,2800.0,True,db503be5a16bee3e0b6e1fc76aa4d752e9eb76652dff90e3e4e8090986b5ac7f,"{""alias"": ""reporting-band-gap+5-q2800-lower::gas-favourable::steam-q2800-n11-k4-pump225"", ""branch"": ""steam"", ""candidate_id"": ""20260927-design-study-whole-plant-conversion-b:c2443"", ""catalog_ranking"": true, ""eligible"": true, ""failed_predicates"": [], ""family"": ""reporting_boundary"", ""native_case"": ""reporting-band-gap+5-q2800-lower::gas-favourable::gas-q2800-m2000-r1.5-ua25-25-25"", ""native_check_status"": ""shared_and_branch_pass"", ""native_lcoe_USD2025_MWh"": 406.16887003886603, ""point_id"": ""ac7588fbf846eff520262000ecb3730bb635ae89ac19e27c5fedd34de23d77b2"", ""role"": ""rerank_performance_supported_catalog_at_reporting_band"", ""scenario"": ""reporting-band-gap+5-q2800-lower"", ""source_MW"": 2800.0, ""state"": ""completed""}","{""alias"": ""reporting-band-gap+5-q2800-lower::gas-favourable::gas-q2800-m2000-r1.5-ua25-25-25"", ""branch"": ""gas"", ""candidate_id"": ""20260927-design-study-whole-plant-conversion-b:c2443"", ""catalog_ranking"": true, ""eligible"": true, ""failed_predicates"": [], ""family"": ""reporting_boundary"", ""native_case"": ""reporting-band-gap+5-q2800-lower::gas-favourable::gas-q2800-m2000-r1.5-ua25-25-25"", ""native_check_status"": ""shared_and_branch_pass"", ""native_lcoe_USD2025_MWh"": 411.169534021198, ""point_id"": ""ac7588fbf846eff520262000ecb3730bb635ae89ac19e27c5fedd34de23d77b2"", ""role"": ""rerank_performance_supported_catalog_at_reporting_band"", ""scenario"": ""reporting-band-gap+5-q2800-lower"", ""source_MW"": 2800.0, ""state"": ""completed""}",5.000663982331957,steam,steam,-121.98530318066855,steam,steam,5.0,5.0,finite catalog comparison; strict algebraic ordering is separate from reporting materiality
reporting-band-gap+5-q2800-upper,2800.0,True,db503be5a16bee3e0b6e1fc76aa4d752e9eb76652dff90e3e4e8090986b5ac7f,"{""alias"": ""reporting-band-gap+5-q2800-upper::gas-favourable::steam-q2800-n11-k4-pump225"", ""branch"": ""steam"", ""candidate_id"": ""20260927-design-study-whole-plant-conversion-b:c2457"", ""catalog_ranking"": true, ""eligible"": true, ""failed_predicates"": [], ""family"": ""reporting_boundary"", ""native_case"": ""reporting-band-gap+5-q2800-upper::gas-favourable::gas-q2800-m2000-r1.5-ua25-25-25"", ""native_check_status"": ""shared_and_branch_pass"", ""native_lcoe_USD2025_MWh"": 406.16966500526945, ""point_id"": ""3aab17764a349cea3e9df5754feb48037af547165bb38a43972336ea361c17a3"", ""role"": ""rerank_performance_supported_catalog_at_reporting_band"", ""scenario"": ""reporting-band-gap+5-q2800-upper"", ""source_MW"": 2800.0, ""state"": ""completed""}","{""alias"": ""reporting-band-gap+5-q2800-upper::gas-favourable::gas-q2800-m2000-r1.5-ua25-25-25"", ""branch"": ""gas"", ""candidate_id"": ""20260927-design-study-whole-plant-conversion-b:c2457"", ""catalog_ranking"": true, ""eligible"": true, ""failed_predicates"": [], ""family"": ""reporting_boundary"", ""native_case"": ""reporting-band-gap+5-q2800-upper::gas-favourable::gas-q2800-m2000-r1.5-ua25-25-25"", ""native_check_status"": ""shared_and_branch_pass"", ""native_lcoe_USD2025_MWh"": 411.16900102293783, ""point_id"": ""3aab17764a349cea3e9df5754feb48037af547165bb38a43972336ea361c17a3"", ""role"": ""rerank_performance_supported_catalog_at_reporting_band"", ""scenario"": ""reporting-band-gap+5-q2800-upper"", ""source_MW"": 2800.0, ""state"": ""completed""}",4.999336017668384,steam,indeterminate,-121.98530318066855,steam,steam,5.0,5.0,finite catalog comparison; strict algebraic ordering is separate from reporting materiality
reporting-band-gap-5-q2800-lower,2800.0,True,db503be5a16bee3e0b6e1fc76aa4d752e9eb76652dff90e3e4e8090986b5ac7f,"{""alias"": ""reporting-band-gap-5-q2800-lower::gas-favourable::steam-q2800-n11-k4-pump225"", ""branch"": ""steam"", ""candidate_id"": ""20260927-design-study-whole-plant-conversion-b:c2471"", ""catalog_ranking"": true, ""eligible"": true, ""failed_predicates"": [], ""family"": ""reporting_boundary"", ""native_case"": ""reporting-band-gap-5-q2800-lower::gas-favourable::gas-q2800-m2000-r1.5-ua25-25-25"", ""native_check_status"": ""shared_and_branch_pass"", ""native_lcoe_USD2025_MWh"": 412.1552221253273, ""point_id"": ""24a7db08c1c32a673d5690ee7556a2f2c002c04b6bcffb1f3859f6c91a2c53a2"", ""role"": ""rerank_performance_supported_catalog_at_reporting_band"", ""scenario"": ""reporting-band-gap-5-q2800-lower"", ""source_MW"": 2800.0, ""state"": ""completed""}","{""alias"": ""reporting-band-gap-5-q2800-lower::gas-favourable::gas-q2800-m2000-r1.5-ua25-25-25"", ""branch"": ""gas"", ""candidate_id"": ""20260927-design-study-whole-plant-conversion-b:c2471"", ""catalog_ranking"": true, ""eligible"": true, ""failed_predicates"": [], ""family"": ""reporting_boundary"", ""native_case"": ""reporting-band-gap-5-q2800-lower::gas-favourable::gas-q2800-m2000-r1.5-ua25-25-25"", ""native_check_status"": ""shared_and_branch_pass"", ""native_lcoe_USD2025_MWh"": 407.15588610765917, ""point_id"": ""24a7db08c1c32a673d5690ee7556a2f2c002c04b6bcffb1f3859f6c91a2c53a2"", ""role"": ""rerank_performance_supported_catalog_at_reporting_band"", ""scenario"": ""reporting-band-gap-5-q2800-lower"", ""source_MW"": 2800.0, ""state"": ""completed""}",-4.999336017668156,gas,indeterminate,-121.98530318066855,steam,steam,5.0,5.0,finite catalog comparison; strict algebraic ordering is separate from reporting materiality
reporting-band-gap-5-q2800-upper,2800.0,True,db503be5a16bee3e0b6e1fc76aa4d752e9eb76652dff90e3e4e8090986b5ac7f,"{""alias"": ""reporting-band-gap-5-q2800-upper::gas-favourable::steam-q2800-n11-k4-pump225"", ""branch"": ""steam"", ""candidate_id"": ""20260927-design-study-whole-plant-conversion-b:c2485"", ""catalog_ranking"": true, ""eligible"": true, ""failed_predicates"": [], ""family"": ""reporting_boundary"", ""native_case"": ""reporting-band-gap-5-q2800-upper::gas-favourable::gas-q2800-m2000-r1.5-ua25-25-25"", ""native_check_status"": ""shared_and_branch_pass"", ""native_lcoe_USD2025_MWh"": 412.15601709173075, ""point_id"": ""8fa07548ee3fb9f841d62c127d0b00bb384fc65219807d0bc0dc24c944af2ffc"", ""role"": ""rerank_performance_supported_catalog_at_reporting_band"", ""scenario"": ""reporting-band-gap-5-q2800-upper"", ""source_MW"": 2800.0, ""state"": ""completed""}","{""alias"": ""reporting-band-gap-5-q2800-upper::gas-favourable::gas-q2800-m2000-r1.5-ua25-25-25"", ""branch"": ""gas"", ""candidate_id"": ""20260927-design-study-whole-plant-conversion-b:c2485"", ""catalog_ranking"": true, ""eligible"": true, ""failed_predicates"": [], ""family"": ""reporting_boundary"", ""native_case"": ""reporting-band-gap-5-q2800-upper::gas-favourable::gas-q2800-m2000-r1.5-ua25-25-25"", ""native_check_status"": ""shared_and_branch_pass"", ""native_lcoe_USD2025_MWh"": 407.1553531093991, ""point_id"": ""8fa07548ee3fb9f841d62c127d0b00bb384fc65219807d0bc0dc24c944af2ffc"", ""role"": ""rerank_performance_supported_catalog_at_reporting_band"", ""scenario"": ""reporting-band-gap-5-q2800-upper"", ""source_MW"": 2800.0, ""state"": ""completed""}",-5.000663982331673,gas,gas,-121.98530318066855,steam,steam,5.0,5.0,finite catalog comparison; strict algebraic ordering is separate from reporting materiality
residual-load-0-MW,2500.0,True,5d05c727875bca366813dade76bd395be245e76ea87796cd57ad1f3ce6b3a6f1,"{""alias"": ""residual-load-0-MW::nominal::steam-q2500-n10-k4-pump225"", ""branch"": ""steam"", ""candidate_id"": ""20260927-design-study-whole-plant-conversion-b:c1397"", ""catalog_ranking"": true, ""eligible"": true, ""failed_predicates"": [], ""family"": ""source_load"", ""native_case"": ""residual-load-0-MW::nominal::gas-q2500-m2000-r1.5-ua25-25-25"", ""native_check_status"": ""shared_and_branch_pass"", ""native_lcoe_USD2025_MWh"": 405.11311242978894, ""point_id"": ""fd65991b9136faf88900cde3df5ee33f77a7cf30b2fab960d5014983463d780a"", ""role"": ""rerank_nominal_supported_catalog"", ""scenario"": ""residual-load-0-MW"", ""source_MW"": 2500.0, ""state"": ""completed""}","{""alias"": ""residual-load-0-MW::nominal::gas-q2500-m2000-r1.5-ua25-25-25"", ""branch"": ""gas"", ""candidate_id"": ""20260927-design-study-whole-plant-conversion-b:c1397"", ""catalog_ranking"": true, ""eligible"": true, ""failed_predicates"": [], ""family"": ""source_load"", ""native_case"": ""residual-load-0-MW::nominal::gas-q2500-m2000-r1.5-ua25-25-25"", ""native_check_status"": ""shared_and_branch_pass"", ""native_lcoe_USD2025_MWh"": 860.2667971153855, ""point_id"": ""fd65991b9136faf88900cde3df5ee33f77a7cf30b2fab960d5014983463d780a"", ""role"": ""rerank_nominal_supported_catalog"", ""scenario"": ""residual-load-0-MW"", ""source_MW"": 2500.0, ""state"": ""completed""}",455.1536846855966,steam,steam,-378.0857935102733,steam,steam,5.0,5.0,finite catalog comparison; strict algebraic ordering is separate from reporting materiality
residual-load-0-MW,2800.0,True,2b1f86978c083fee4bd24afde8e6d33884d3a1c1136ab4781e9bfa05ec6dfbe8,"{""alias"": ""residual-load-0-MW::nominal::steam-q2800-n11-k4-pump225"", ""branch"": ""steam"", ""candidate_id"": ""20260927-design-study-whole-plant-conversion-b:c1400"", ""catalog_ranking"": true, ""eligible"": true, ""failed_predicates"": [], ""family"": ""source_load"", ""native_case"": ""residual-load-0-MW::nominal::gas-q2800-m1750-r1.8-ua25-25-25"", ""native_check_status"": ""shared_and_branch_pass"", ""native_lcoe_USD2025_MWh"": 368.23543736189964, ""point_id"": ""dbffe0a4f46a4dc07402f30869af53212210806bc8e18d3aadedf23a8daee486"", ""role"": ""rerank_nominal_supported_catalog"", ""scenario"": ""residual-load-0-MW"", ""source_MW"": 2800.0, ""state"": ""completed""}","{""alias"": ""residual-load-0-MW::nominal::gas-q2800-m1750-r1.8-ua25-25-25"", ""branch"": ""gas"", ""candidate_id"": ""20260927-design-study-whole-plant-conversion-b:c1400"", ""catalog_ranking"": true, ""eligible"": true, ""failed_predicates"": [], ""family"": ""source_load"", ""native_case"": ""residual-load-0-MW::nominal::gas-q2800-m1750-r1.8-ua25-25-25"", ""native_check_status"": ""shared_and_branch_pass"", ""native_lcoe_USD2025_MWh"": 1200.9156748335015, ""point_id"": ""dbffe0a4f46a4dc07402f30869af53212210806bc8e18d3aadedf23a8daee486"", ""role"": ""rerank_nominal_supported_catalog"", ""scenario"": ""residual-load-0-MW"", ""source_MW"": 2800.0, ""state"": ""completed""}",832.6802374716019,steam,steam,-542.18440557501,steam,steam,5.0,5.0,finite catalog comparison; strict algebraic ordering is separate from reporting materiality
residual-load-20-MW,2500.0,True,9a37ef0732b5da1b69087ba43d8542fbef79055b5c0f21db53d344603f34a95f,"{""alias"": ""residual-load-20-MW::nominal::steam-q2500-n10-k4-pump225"", ""branch"": ""steam"", ""candidate_id"": ""20260927-design-study-whole-plant-conversion-b:c1422"", ""catalog_ranking"": true, ""eligible"": true, ""failed_predicates"": [], ""family"": ""source_load"", ""native_case"": ""residual-load-20-MW::nominal::gas-q2500-m2000-r1.5-ua25-25-25"", ""native_check_status"": ""shared_and_branch_pass"", ""native_lcoe_USD2025_MWh"": 417.59793047930435, ""point_id"": ""b89a89b947e6f5fb6f817fb9aa7d45e4d798c9caec3acdddf51b521b0d1c8297"", ""role"": ""rerank_nominal_supported_catalog"", ""scenario"": ""residual-load-20-MW"", ""source_MW"": 2500.0, ""state"": ""completed""}","{""alias"": ""residual-load-20-MW::nominal::gas-q2500-m2000-r1.5-ua25-25-25"", ""branch"": ""gas"", ""candidate_id"": ""20260927-design-study-whole-plant-conversion-b:c1422"", ""catalog_ranking"": true, ""eligible"": true, ""failed_predicates"": [], ""family"": ""source_load"", ""native_case"": ""residual-load-20-MW::nominal::gas-q2500-m2000-r1.5-ua25-25-25"", ""native_check_status"": ""shared_and_branch_pass"", ""native_lcoe_USD2025_MWh"": 923.7824507415156, ""point_id"": ""b89a89b947e6f5fb6f817fb9aa7d45e4d798c9caec3acdddf51b521b0d1c8297"", ""role"": ""rerank_nominal_supported_catalog"", ""scenario"": ""residual-load-20-MW"", ""source_MW"": 2500.0, ""state"": ""completed""}",506.18452026221127,steam,steam,-378.0857935102733,steam,steam,5.0,5.0,finite catalog comparison; strict algebraic ordering is separate from reporting materiality
residual-load-20-MW,2800.0,True,788ff4164c29363beb9f650fd56cf0e255b90b68e368e216f6b5512ef6bc08e9,"{""alias"": ""residual-load-20-MW::nominal::steam-q2800-n11-k4-pump225"", ""branch"": ""steam"", ""candidate_id"": ""20260927-design-study-whole-plant-conversion-b:c1425"", ""catalog_ranking"": true, ""eligible"": true, ""failed_predicates"": [], ""family"": ""source_load"", ""native_case"": ""residual-load-20-MW::nominal::gas-q2800-m1750-r1.8-ua25-25-25"", ""native_check_status"": ""shared_and_branch_pass"", ""native_lcoe_USD2025_MWh"": 378.30140117282497, ""point_id"": ""534fe893fe51e68ff3c6317f8ccd2a1c14b93fb9c967d8cb687f8feb893ffbcb"", ""role"": ""rerank_nominal_supported_catalog"", ""scenario"": ""residual-load-20-MW"", ""source_MW"": 2800.0, ""state"": ""completed""}","{""alias"": ""residual-load-20-MW::nominal::gas-q2800-m1750-r1.8-ua25-25-25"", ""branch"": ""gas"", ""candidate_id"": ""20260927-design-study-whole-plant-conversion-b:c1425"", ""catalog_ranking"": true, ""eligible"": true, ""failed_predicates"": [], ""family"": ""source_load"", ""native_case"": ""residual-load-20-MW::nominal::gas-q2800-m1750-r1.8-ua25-25-25"", ""native_check_status"": ""shared_and_branch_pass"", ""native_lcoe_USD2025_MWh"": 1327.6879764807725, ""point_id"": ""534fe893fe51e68ff3c6317f8ccd2a1c14b93fb9c967d8cb687f8feb893ffbcb"", ""role"": ""rerank_nominal_supported_catalog"", ""scenario"": ""residual-load-20-MW"", ""source_MW"": 2800.0, ""state"": ""completed""}",949.3865753079475,steam,steam,-542.18440557501,steam,steam,5.0,5.0,finite catalog comparison; strict algebraic ordering is separate from reporting materiality
routine-allocation-0.5,2500.0,True,d940da917bfea46e057647bd79ee4447a3f90c133de8cc7956dc2d812faa9ff7,"{""alias"": ""routine-allocation-0.5::nominal::steam-q2500-n10-k4-pump225"", ""branch"": ""steam"", ""candidate_id"": ""20260927-design-study-whole-plant-conversion-b:c0947"", ""catalog_ranking"": true, ""eligible"": true, ""failed_predicates"": [], ""family"": ""service"", ""native_case"": ""routine-allocation-0.5::nominal::gas-q2500-m2000-r1.5-ua25-25-25"", ""native_check_status"": ""shared_and_branch_pass"", ""native_lcoe_USD2025_MWh"": 404.90034881896077, ""point_id"": ""05f514c49710c2572c7cc0b92f747d7334fc9b4bbf38ae396e415b24dc5b223d"", ""role"": ""rerank_nominal_supported_catalog"", ""scenario"": ""routine-allocation-0.5"", ""source_MW"": 2500.0, ""state"": ""completed""}","{""alias"": ""routine-allocation-0.5::nominal::gas-q2500-m2000-r1.5-ua25-25-25"", ""branch"": ""gas"", ""candidate_id"": ""20260927-design-study-whole-plant-conversion-b:c0947"", ""catalog_ranking"": true, ""eligible"": true, ""failed_predicates"": [], ""family"": ""service"", ""native_case"": ""routine-allocation-0.5::nominal::gas-q2500-m2000-r1.5-ua25-25-25"", ""native_check_status"": ""shared_and_branch_pass"", ""native_lcoe_USD2025_MWh"": 867.7331276977008, ""point_id"": ""05f514c49710c2572c7cc0b92f747d7334fc9b4bbf38ae396e415b24dc5b223d"", ""role"": ""rerank_nominal_supported_catalog"", ""scenario"": ""routine-allocation-0.5"", ""source_MW"": 2500.0, ""state"": ""completed""}",462.83277887874,steam,steam,-378.0857935102733,steam,steam,5.0,5.0,finite catalog comparison; strict algebraic ordering is separate from reporting materiality
routine-allocation-0.5,2800.0,True,53080b1160b694acf0f8af77c57ecaedfe873fd41b0fbd48901002f5f189bd9d,"{""alias"": ""routine-allocation-0.5::nominal::steam-q2800-n11-k4-pump225"", ""branch"": ""steam"", ""candidate_id"": ""20260927-design-study-whole-plant-conversion-b:c0950"", ""catalog_ranking"": true, ""eligible"": true, ""failed_predicates"": [], ""family"": ""service"", ""native_case"": ""routine-allocation-0.5::nominal::gas-q2800-m1750-r1.8-ua25-25-25"", ""native_check_status"": ""shared_and_branch_pass"", ""native_lcoe_USD2025_MWh"": 367.79927693426714, ""point_id"": ""bfb857d50491191b645b5e8806d13c401a0ee610407059d4dd67e2f84cf2f67f"", ""role"": ""rerank_nominal_supported_catalog"", ""scenario"": ""routine-allocation-0.5"", ""source_MW"": 2800.0, ""state"": ""completed""}","{""alias"": ""routine-allocation-0.5::nominal::gas-q2800-m1750-r1.8-ua25-25-25"", ""branch"": ""gas"", ""candidate_id"": ""20260927-design-study-whole-plant-conversion-b:c0950"", ""catalog_ranking"": true, ""eligible"": true, ""failed_predicates"": [], ""family"": ""service"", ""native_case"": ""routine-allocation-0.5::nominal::gas-q2800-m1750-r1.8-ua25-25-25"", ""native_check_status"": ""shared_and_branch_pass"", ""native_lcoe_USD2025_MWh"": 1219.6857981350424, ""point_id"": ""bfb857d50491191b645b5e8806d13c401a0ee610407059d4dd67e2f84cf2f67f"", ""role"": ""rerank_nominal_supported_catalog"", ""scenario"": ""routine-allocation-0.5"", ""source_MW"": 2800.0, ""state"": ""completed""}",851.8865212007753,steam,steam,-542.18440557501,steam,steam,5.0,5.0,finite catalog comparison; strict algebraic ordering is separate from reporting materiality
routine-allocation-1,2500.0,True,e7d8a2070e6fb455bb806a63ab455023b01d33ddd97bcf03a9ce47cba1d9017d,"{""alias"": ""routine-allocation-1::nominal::steam-q2500-n10-k4-pump225"", ""branch"": ""steam"", ""candidate_id"": ""20260927-design-study-whole-plant-conversion-b:c0972"", ""catalog_ranking"": true, ""eligible"": true, ""failed_predicates"": [], ""family"": ""service"", ""native_case"": ""routine-allocation-1::nominal::gas-q2500-m2000-r1.5-ua25-25-25"", ""native_check_status"": ""shared_and_branch_pass"", ""native_lcoe_USD2025_MWh"": 410.3394416743563, ""point_id"": ""e7fb7342729cd6537a3f229480eba199d674523c6fc14a0b935fb0b314bc0563"", ""role"": ""rerank_nominal_supported_catalog"", ""scenario"": ""routine-allocation-1"", ""source_MW"": 2500.0, ""state"": ""completed""}","{""alias"": ""routine-allocation-1::nominal::gas-q2500-m2000-r1.5-ua25-25-25"", ""branch"": ""gas"", ""candidate_id"": ""20260927-design-study-whole-plant-conversion-b:c0972"", ""catalog_ranking"": true, ""eligible"": true, ""failed_predicates"": [], ""family"": ""service"", ""native_case"": ""routine-allocation-1::nominal::gas-q2500-m2000-r1.5-ua25-25-25"", ""native_check_status"": ""shared_and_branch_pass"", ""native_lcoe_USD2025_MWh"": 880.3655160303374, ""point_id"": ""e7fb7342729cd6537a3f229480eba199d674523c6fc14a0b935fb0b314bc0563"", ""role"": ""rerank_nominal_supported_catalog"", ""scenario"": ""routine-allocation-1"", ""source_MW"": 2500.0, ""state"": ""completed""}",470.0260743559811,steam,steam,-378.0857935102733,steam,steam,5.0,5.0,finite catalog comparison; strict algebraic ordering is separate from reporting materiality
routine-allocation-1,2800.0,True,7062c171cf6be2cfdc0ebff0bd653e4670eee41a0167e1eff131c52e82d09fc2,"{""alias"": ""routine-allocation-1::nominal::steam-q2800-n11-k4-pump225"", ""branch"": ""steam"", ""candidate_id"": ""20260927-design-study-whole-plant-conversion-b:c0975"", ""catalog_ranking"": true, ""eligible"": true, ""failed_predicates"": [], ""family"": ""service"", ""native_case"": ""routine-allocation-1::nominal::gas-q2800-m1750-r1.8-ua25-25-25"", ""native_check_status"": ""shared_and_branch_pass"", ""native_lcoe_USD2025_MWh"": 372.63610257608167, ""point_id"": ""19f0d37f909edcf6a9f2eef3586430bc0b35f2e548c822a77e7317d5d2ed97f2"", ""role"": ""rerank_nominal_supported_catalog"", ""scenario"": ""routine-allocation-1"", ""source_MW"": 2800.0, ""state"": ""completed""}","{""alias"": ""routine-allocation-1::nominal::gas-q2800-m1750-r1.8-ua25-25-25"", ""branch"": ""gas"", ""candidate_id"": ""20260927-design-study-whole-plant-conversion-b:c0975"", ""catalog_ranking"": true, ""eligible"": true, ""failed_predicates"": [], ""family"": ""service"", ""native_case"": ""routine-allocation-1::nominal::gas-q2800-m1750-r1.8-ua25-25-25"", ""native_check_status"": ""shared_and_branch_pass"", ""native_lcoe_USD2025_MWh"": 1237.3488395343193, ""point_id"": ""19f0d37f909edcf6a9f2eef3586430bc0b35f2e548c822a77e7317d5d2ed97f2"", ""role"": ""rerank_nominal_supported_catalog"", ""scenario"": ""routine-allocation-1"", ""source_MW"": 2800.0, ""state"": ""completed""}",864.7127369582377,steam,steam,-542.18440557501,steam,steam,5.0,5.0,finite catalog comparison; strict algebraic ordering is separate from reporting materiality
source-installation-0,2500.0,True,d5f65fa02a0ed35fe483a12906d485df2387a8a1434e606f883ee334e87e605f,"{""alias"": ""source-installation-0::nominal::steam-q2500-n10-k4-pump225"", ""branch"": ""steam"", ""candidate_id"": ""20260927-design-study-whole-plant-conversion-b:c0597"", ""catalog_ranking"": true, ""eligible"": true, ""failed_predicates"": [], ""family"": ""source_installation"", ""native_case"": ""source-installation-0::nominal::gas-q2500-m2000-r1.5-ua25-25-25"", ""native_check_status"": ""shared_and_branch_pass"", ""native_lcoe_USD2025_MWh"": 403.248559627111, ""point_id"": ""38229479d13fe72eca91f80492866ace6eae50dedfbd1f7c888b7f0b6721993c"", ""role"": ""rerank_nominal_supported_catalog"", ""scenario"": ""source-installation-0"", ""source_MW"": 2500.0, ""state"": ""completed""}","{""alias"": ""source-installation-0::nominal::gas-q2500-m2000-r1.5-ua25-25-25"", ""branch"": ""gas"", ""candidate_id"": ""20260927-design-study-whole-plant-conversion-b:c0597"", ""catalog_ranking"": true, ""eligible"": true, ""failed_predicates"": [], ""family"": ""source_installation"", ""native_case"": ""source-installation-0::nominal::gas-q2500-m2000-r1.5-ua25-25-25"", ""native_check_status"": ""shared_and_branch_pass"", ""native_lcoe_USD2025_MWh"": 863.8968183957923, ""point_id"": ""38229479d13fe72eca91f80492866ace6eae50dedfbd1f7c888b7f0b6721993c"", ""role"": ""rerank_nominal_supported_catalog"", ""scenario"": ""source-installation-0"", ""source_MW"": 2500.0, ""state"": ""completed""}",460.6482587686813,steam,steam,-378.0857935102733,steam,steam,5.0,5.0,finite catalog comparison; strict algebraic ordering is separate from reporting materiality
source-installation-0,2800.0,True,c1ea0deb62c0460b5c63595e1fa37e1054ee679966a90393621eb570da5254ae,"{""alias"": ""source-installation-0::nominal::steam-q2800-n11-k4-pump225"", ""branch"": ""steam"", ""candidate_id"": ""20260927-design-study-whole-plant-conversion-b:c0600"", ""catalog_ranking"": true, ""eligible"": true, ""failed_predicates"": [], ""family"": ""source_installation"", ""native_case"": ""source-installation-0::nominal::gas-q2800-m1750-r1.8-ua25-25-25"", ""native_check_status"": ""shared_and_branch_pass"", ""native_lcoe_USD2025_MWh"": 366.3303892850913, ""point_id"": ""21059cc02d199f4e42d1fb84fb301129384ea94ad97dbb4350a4f6bf202b3caf"", ""role"": ""rerank_nominal_supported_catalog"", ""scenario"": ""source-installation-0"", ""source_MW"": 2800.0, ""state"": ""completed""}","{""alias"": ""source-installation-0::nominal::gas-q2800-m1750-r1.8-ua25-25-25"", ""branch"": ""gas"", ""candidate_id"": ""20260927-design-study-whole-plant-conversion-b:c0600"", ""catalog_ranking"": true, ""eligible"": true, ""failed_predicates"": [], ""family"": ""source_installation"", ""native_case"": ""source-installation-0::nominal::gas-q2800-m1750-r1.8-ua25-25-25"", ""native_check_status"": ""shared_and_branch_pass"", ""native_lcoe_USD2025_MWh"": 1214.3217380510932, ""point_id"": ""21059cc02d199f4e42d1fb84fb301129384ea94ad97dbb4350a4f6bf202b3caf"", ""role"": ""rerank_nominal_supported_catalog"", ""scenario"": ""source-installation-0"", ""source_MW"": 2800.0, ""state"": ""completed""}",847.9913487660019,steam,steam,-542.18440557501,steam,steam,5.0,5.0,finite catalog comparison; strict algebraic ordering is separate from reporting materiality
source-installation-1e+09,2500.0,True,6dcfbf1df5df831d7665b4f32bf76498b94f0ad5a4790ab216f1f259bb94cc9b,"{""alias"": ""source-installation-1e+09::nominal::steam-q2500-n10-k4-pump225"", ""branch"": ""steam"", ""candidate_id"": ""20260927-design-study-whole-plant-conversion-b:c0622"", ""catalog_ranking"": true, ""eligible"": true, ""failed_predicates"": [], ""family"": ""source_installation"", ""native_case"": ""source-installation-1e+09::nominal::gas-q2500-m2000-r1.5-ua25-25-25"", ""native_check_status"": ""shared_and_branch_pass"", ""native_lcoe_USD2025_MWh"": 427.8247841525464, ""point_id"": ""a13f2d2676bb02cacc76f81d4699cc6d1646218044f6cb99c004a593cf9ae86b"", ""role"": ""rerank_nominal_supported_catalog"", ""scenario"": ""source-installation-1e+09"", ""source_MW"": 2500.0, ""state"": ""completed""}","{""alias"": ""source-installation-1e+09::nominal::gas-q2500-m2000-r1.5-ua25-25-25"", ""branch"": ""gas"", ""candidate_id"": ""20260927-design-study-whole-plant-conversion-b:c0622"", ""catalog_ranking"": true, ""eligible"": true, ""failed_predicates"": [], ""family"": ""source_installation"", ""native_case"": ""source-installation-1e+09::nominal::gas-q2500-m2000-r1.5-ua25-25-25"", ""native_check_status"": ""shared_and_branch_pass"", ""native_lcoe_USD2025_MWh"": 920.9755299032455, ""point_id"": ""a13f2d2676bb02cacc76f81d4699cc6d1646218044f6cb99c004a593cf9ae86b"", ""role"": ""rerank_nominal_supported_catalog"", ""scenario"": ""source-installation-1e+09"", ""source_MW"": 2500.0, ""state"": ""completed""}",493.1507457506991,steam,steam,-378.0857935102733,steam,steam,5.0,5.0,finite catalog comparison; strict algebraic ordering is separate from reporting materiality
source-installation-1e+09,2800.0,True,1d2abdbc0b74404c24dd5c20b3500e986311e908e1333bbb18eb12d6d66df72b,"{""alias"": ""source-installation-1e+09::nominal::steam-q2800-n11-k4-pump225"", ""branch"": ""steam"", ""candidate_id"": ""20260927-design-study-whole-plant-conversion-b:c0625"", ""catalog_ranking"": true, ""eligible"": true, ""failed_predicates"": [], ""family"": ""source_installation"", ""native_case"": ""source-installation-1e+09::nominal::gas-q2800-m1750-r1.8-ua25-25-25"", ""native_check_status"": ""shared_and_branch_pass"", ""native_lcoe_USD2025_MWh"": 388.1853044564142, ""point_id"": ""ab38e1a716028fcdedae2049ea048e6cf1823415d4c4037d65fcee05f9ca68d0"", ""role"": ""rerank_nominal_supported_catalog"", ""scenario"": ""source-installation-1e+09"", ""source_MW"": 2800.0, ""state"": ""completed""}","{""alias"": ""source-installation-1e+09::nominal::gas-q2800-m1750-r1.8-ua25-25-25"", ""branch"": ""gas"", ""candidate_id"": ""20260927-design-study-whole-plant-conversion-b:c0625"", ""catalog_ranking"": true, ""eligible"": true, ""failed_predicates"": [], ""family"": ""source_installation"", ""native_case"": ""source-installation-1e+09::nominal::gas-q2800-m1750-r1.8-ua25-25-25"", ""native_check_status"": ""shared_and_branch_pass"", ""native_lcoe_USD2025_MWh"": 1294.1311626686704, ""point_id"": ""ab38e1a716028fcdedae2049ea048e6cf1823415d4c4037d65fcee05f9ca68d0"", ""role"": ""rerank_nominal_supported_catalog"", ""scenario"": ""source-installation-1e+09"", ""source_MW"": 2800.0, ""state"": ""completed""}",905.9458582122562,steam,steam,-542.18440557501,steam,steam,5.0,5.0,finite catalog comparison; strict algebraic ordering is separate from reporting materiality
steam-favourable,2500.0,True,ba5b04349f6cfc4e359e9e10989c917b7e101f4921aea06c2e46c29274a2ecfb,"{""alias"": ""steam-favourable::steam-q2500-n10-k4-pump225"", ""branch"": ""steam"", ""candidate_id"": ""20260927-design-study-whole-plant-conversion-b:c2101"", ""catalog_ranking"": true, ""eligible"": true, ""failed_predicates"": [], ""family"": ""joint_efficiency"", ""native_case"": ""steam-favourable::gas-q2500-m2000-r1.5-ua25-25-25"", ""native_check_status"": ""shared_and_branch_pass"", ""native_lcoe_USD2025_MWh"": 391.9147424326514, ""point_id"": ""bee500deac1f484d11c586242d50a9f94331a6d65e34db16f2da72451bd48114"", ""role"": ""steam_connector_catalog"", ""scenario"": ""steam-favourable"", ""source_MW"": 2500.0, ""state"": ""completed""}","{""alias"": ""steam-favourable::gas-q2500-m2000-r1.5-ua25-25-25"", ""branch"": ""gas"", ""candidate_id"": ""20260927-design-study-whole-plant-conversion-b:c2101"", ""catalog_ranking"": true, ""eligible"": true, ""failed_predicates"": [], ""family"": ""joint_efficiency"", ""native_case"": ""steam-favourable::gas-q2500-m2000-r1.5-ua25-25-25"", ""native_check_status"": ""shared_and_branch_pass"", ""native_lcoe_USD2025_MWh"": 1278.2455879918675, ""point_id"": ""bee500deac1f484d11c586242d50a9f94331a6d65e34db16f2da72451bd48114"", ""role"": ""gas_catalog"", ""scenario"": ""steam-favourable"", ""source_MW"": 2500.0, ""state"": ""completed""}",886.3308455592162,steam,steam,-495.7315851476155,steam,steam,5.0,5.0,finite catalog comparison; strict algebraic ordering is separate from reporting materiality
steam-favourable,2800.0,True,db503be5a16bee3e0b6e1fc76aa4d752e9eb76652dff90e3e4e8090986b5ac7f,"{""alias"": ""steam-favourable::steam-q2800-n11-k4-pump225"", ""branch"": ""steam"", ""candidate_id"": ""20260927-design-study-whole-plant-conversion-b:c2231"", ""catalog_ranking"": true, ""eligible"": true, ""failed_predicates"": [], ""family"": ""joint_efficiency"", ""native_case"": ""steam-favourable::gas-q2800-m2000-r1.65-ua25-25-25"", ""native_check_status"": ""shared_and_branch_pass"", ""native_lcoe_USD2025_MWh"": 355.86378825385725, ""point_id"": ""44754006797d02aed4317e3b854270fd75340bab6e3d7260a70049fd3027f5f1"", ""role"": ""steam_connector_catalog"", ""scenario"": ""steam-favourable"", ""source_MW"": 2800.0, ""state"": ""completed""}","{""alias"": ""steam-favourable::gas-q2800-m2000-r1.65-ua25-25-25"", ""branch"": ""gas"", ""candidate_id"": ""20260927-design-study-whole-plant-conversion-b:c2231"", ""catalog_ranking"": true, ""eligible"": true, ""failed_predicates"": [], ""family"": ""joint_efficiency"", ""native_case"": ""steam-favourable::gas-q2800-m2000-r1.65-ua25-25-25"", ""native_check_status"": ""shared_and_branch_pass"", ""native_lcoe_USD2025_MWh"": 3419.6334932080636, ""point_id"": ""44754006797d02aed4317e3b854270fd75340bab6e3d7260a70049fd3027f5f1"", ""role"": ""gas_catalog"", ""scenario"": ""steam-favourable"", ""source_MW"": 2800.0, ""state"": ""completed""}",3063.769704954206,steam,steam,-704.2168956294735,steam,steam,5.0,5.0,finite catalog comparison; strict algebraic ordering is separate from reporting materiality
steam-favourable-gas-quote-x1.5-steam-x0.5,2500.0,True,ba5b04349f6cfc4e359e9e10989c917b7e101f4921aea06c2e46c29274a2ecfb,"{""alias"": ""steam-favourable-gas-quote-x1.5-steam-x0.5::steam-favourable::steam-q2500-n10-k4-pump225"", ""branch"": ""steam"", ""candidate_id"": ""20260927-design-study-whole-plant-conversion-b:c2417"", ""catalog_ranking"": true, ""eligible"": true, ""failed_predicates"": [], ""family"": ""joint_performance_price"", ""native_case"": ""steam-favourable-gas-quote-x1.5-steam-x0.5::steam-favourable::gas-q2500-m2000-r1.5-ua25-25-25"", ""native_check_status"": ""shared_and_branch_pass"", ""native_lcoe_USD2025_MWh"": 354.03336304681096, ""point_id"": ""3f18c4caaa0c2aa3f313b767c21f8a7d8f5edb3c79c47ffb3b2a2f5f6511a3d5"", ""role"": ""rerank_performance_supported_catalog"", ""scenario"": ""steam-favourable-gas-quote-x1.5-steam-x0.5"", ""source_MW"": 2500.0, ""state"": ""completed""}","{""alias"": ""steam-favourable-gas-quote-x1.5-steam-x0.5::steam-favourable::gas-q2500-m2000-r1.5-ua25-25-25"", ""branch"": ""gas"", ""candidate_id"": ""20260927-design-study-whole-plant-conversion-b:c2417"", ""catalog_ranking"": true, ""eligible"": true, ""failed_predicates"": [], ""family"": ""joint_performance_price"", ""native_case"": ""steam-favourable-gas-quote-x1.5-steam-x0.5::steam-favourable::gas-q2500-m2000-r1.5-ua25-25-25"", ""native_check_status"": ""shared_and_branch_pass"", ""native_lcoe_USD2025_MWh"": 1359.002413383348, ""point_id"": ""3f18c4caaa0c2aa3f313b767c21f8a7d8f5edb3c79c47ffb3b2a2f5f6511a3d5"", ""role"": ""rerank_performance_supported_catalog"", ""scenario"": ""steam-favourable-gas-quote-x1.5-steam-x0.5"", ""source_MW"": 2500.0, ""state"": ""completed""}",1004.9690503365371,steam,steam,-495.7315851476155,steam,steam,5.0,5.0,finite catalog comparison; strict algebraic ordering is separate from reporting materiality
steam-favourable-gas-quote-x1.5-steam-x0.5,2800.0,True,db503be5a16bee3e0b6e1fc76aa4d752e9eb76652dff90e3e4e8090986b5ac7f,"{""alias"": ""steam-favourable-gas-quote-x1.5-steam-x0.5::steam-favourable::steam-q2800-n11-k4-pump225"", ""branch"": ""steam"", ""candidate_id"": ""20260927-design-study-whole-plant-conversion-b:c2419"", ""catalog_ranking"": true, ""eligible"": true, ""failed_predicates"": [], ""family"": ""joint_performance_price"", ""native_case"": ""steam-favourable-gas-quote-x1.5-steam-x0.5::steam-favourable::gas-q2800-m2000-r1.65-ua25-25-25"", ""native_check_status"": ""shared_and_branch_pass"", ""native_lcoe_USD2025_MWh"": 319.31275482342875, ""point_id"": ""2ed8558de3c9c2a856a619c763e2ab1107df669670536d434f68ecd9695504de"", ""role"": ""rerank_performance_supported_catalog"", ""scenario"": ""steam-favourable-gas-quote-x1.5-steam-x0.5"", ""source_MW"": 2800.0, ""state"": ""completed""}","{""alias"": ""steam-favourable-gas-quote-x1.5-steam-x0.5::steam-favourable::gas-q2800-m2000-r1.65-ua25-25-25"", ""branch"": ""gas"", ""candidate_id"": ""20260927-design-study-whole-plant-conversion-b:c2419"", ""catalog_ranking"": true, ""eligible"": true, ""failed_predicates"": [], ""family"": ""joint_performance_price"", ""native_case"": ""steam-favourable-gas-quote-x1.5-steam-x0.5::steam-favourable::gas-q2800-m2000-r1.65-ua25-25-25"", ""native_check_status"": ""shared_and_branch_pass"", ""native_lcoe_USD2025_MWh"": 3634.5562658353515, ""point_id"": ""2ed8558de3c9c2a856a619c763e2ab1107df669670536d434f68ecd9695504de"", ""role"": ""rerank_performance_supported_catalog"", ""scenario"": ""steam-favourable-gas-quote-x1.5-steam-x0.5"", ""source_MW"": 2800.0, ""state"": ""completed""}",3315.2435110119227,steam,steam,-704.2168956294735,steam,steam,5.0,5.0,finite catalog comparison; strict algebraic ordering is separate from reporting materiality
steam-quote-x0.5,2500.0,True,ba5b04349f6cfc4e359e9e10989c917b7e101f4921aea06c2e46c29274a2ecfb,"{""alias"": ""steam-quote-x0.5::nominal::steam-q2500-n10-k4-pump225"", ""branch"": ""steam"", ""candidate_id"": ""20260927-design-study-whole-plant-conversion-b:c1570"", ""catalog_ranking"": true, ""eligible"": true, ""failed_predicates"": [], ""family"": ""conversion_price_service"", ""native_case"": ""steam-quote-x0.5::nominal::gas-q2500-m2000-r1.5-ua25-25-25"", ""native_check_status"": ""shared_and_branch_pass"", ""native_lcoe_USD2025_MWh"": 368.7118363947421, ""point_id"": ""c06ad90fbd332b91a278f7312b9b8a60245b31df921c7e60d609caa47e1dbc42"", ""role"": ""rerank_nominal_supported_catalog"", ""scenario"": ""steam-quote-x0.5"", ""source_MW"": 2500.0, ""state"": ""completed""}","{""alias"": ""steam-quote-x0.5::nominal::gas-q2500-m2000-r1.5-ua25-25-25"", ""branch"": ""gas"", ""candidate_id"": ""20260927-design-study-whole-plant-conversion-b:c1570"", ""catalog_ranking"": true, ""eligible"": true, ""failed_predicates"": [], ""family"": ""conversion_price_service"", ""native_case"": ""steam-quote-x0.5::nominal::gas-q2500-m2000-r1.5-ua25-25-25"", ""native_check_status"": ""shared_and_branch_pass"", ""native_lcoe_USD2025_MWh"": 875.3125606972828, ""point_id"": ""c06ad90fbd332b91a278f7312b9b8a60245b31df921c7e60d609caa47e1dbc42"", ""role"": ""rerank_nominal_supported_catalog"", ""scenario"": ""steam-quote-x0.5"", ""source_MW"": 2500.0, ""state"": ""completed""}",506.60072430254075,steam,steam,-378.0857935102733,steam,steam,5.0,5.0,finite catalog comparison; strict algebraic ordering is separate from reporting materiality
steam-quote-x0.5,2800.0,True,db503be5a16bee3e0b6e1fc76aa4d752e9eb76652dff90e3e4e8090986b5ac7f,"{""alias"": ""steam-quote-x0.5::nominal::steam-q2800-n11-k4-pump225"", ""branch"": ""steam"", ""candidate_id"": ""20260927-design-study-whole-plant-conversion-b:c1594"", ""catalog_ranking"": true, ""eligible"": true, ""failed_predicates"": [], ""family"": ""conversion_price_service"", ""native_case"": ""steam-quote-x0.5::nominal::gas-q2800-m1750-r1.8-ua25-25-25"", ""native_check_status"": ""shared_and_branch_pass"", ""native_lcoe_USD2025_MWh"": 332.62635963308367, ""point_id"": ""03a96302cde42469c2747e108e469b9002f655309d60eecd1fa0d289b1964f38"", ""role"": ""rerank_nominal_supported_catalog"", ""scenario"": ""steam-quote-x0.5"", ""source_MW"": 2800.0, ""state"": ""completed""}","{""alias"": ""steam-quote-x0.5::nominal::gas-q2800-m1750-r1.8-ua25-25-25"", ""branch"": ""gas"", ""candidate_id"": ""20260927-design-study-whole-plant-conversion-b:c1594"", ""catalog_ranking"": true, ""eligible"": true, ""failed_predicates"": [], ""family"": ""conversion_price_service"", ""native_case"": ""steam-quote-x0.5::nominal::gas-q2800-m1750-r1.8-ua25-25-25"", ""native_check_status"": ""shared_and_branch_pass"", ""native_lcoe_USD2025_MWh"": 1230.2836229746085, ""point_id"": ""03a96302cde42469c2747e108e469b9002f655309d60eecd1fa0d289b1964f38"", ""role"": ""rerank_nominal_supported_catalog"", ""scenario"": ""steam-quote-x0.5"", ""source_MW"": 2800.0, ""state"": ""completed""}",897.6572633415249,steam,steam,-542.18440557501,steam,steam,5.0,5.0,finite catalog comparison; strict algebraic ordering is separate from reporting materiality
steam-quote-x1.5,2500.0,True,ba5b04349f6cfc4e359e9e10989c917b7e101f4921aea06c2e46c29274a2ecfb,"{""alias"": ""steam-quote-x1.5::nominal::steam-q2500-n10-k4-pump225"", ""branch"": ""steam"", ""candidate_id"": ""20260927-design-study-whole-plant-conversion-b:c1571"", ""catalog_ranking"": true, ""eligible"": true, ""failed_predicates"": [], ""family"": ""conversion_price_service"", ""native_case"": ""steam-quote-x1.5::nominal::gas-q2500-m2000-r1.5-ua25-25-25"", ""native_check_status"": ""shared_and_branch_pass"", ""native_lcoe_USD2025_MWh"": 447.61577266965406, ""point_id"": ""ecbfc67a96e1dc22108bb88cd2ea04be8232d8463da49d0bf27cbcb2011c1ad0"", ""role"": ""rerank_nominal_supported_catalog"", ""scenario"": ""steam-quote-x1.5"", ""source_MW"": 2500.0, ""state"": ""completed""}","{""alias"": ""steam-quote-x1.5::nominal::gas-q2500-m2000-r1.5-ua25-25-25"", ""branch"": ""gas"", ""candidate_id"": ""20260927-design-study-whole-plant-conversion-b:c1571"", ""catalog_ranking"": true, ""eligible"": true, ""failed_predicates"": [], ""family"": ""conversion_price_service"", ""native_case"": ""steam-quote-x1.5::nominal::gas-q2500-m2000-r1.5-ua25-25-25"", ""native_check_status"": ""shared_and_branch_pass"", ""native_lcoe_USD2025_MWh"": 875.3125606972828, ""point_id"": ""ecbfc67a96e1dc22108bb88cd2ea04be8232d8463da49d0bf27cbcb2011c1ad0"", ""role"": ""rerank_nominal_supported_catalog"", ""scenario"": ""steam-quote-x1.5"", ""source_MW"": 2500.0, ""state"": ""completed""}",427.69678802762877,steam,steam,-378.0857935102733,steam,steam,5.0,5.0,finite catalog comparison; strict algebraic ordering is separate from reporting materiality
steam-quote-x1.5,2800.0,True,db503be5a16bee3e0b6e1fc76aa4d752e9eb76652dff90e3e4e8090986b5ac7f,"{""alias"": ""steam-quote-x1.5::nominal::steam-q2800-n11-k4-pump225"", ""branch"": ""steam"", ""candidate_id"": ""20260927-design-study-whole-plant-conversion-b:c1595"", ""catalog_ranking"": true, ""eligible"": true, ""failed_predicates"": [], ""family"": ""conversion_price_service"", ""native_case"": ""steam-quote-x1.5::nominal::gas-q2800-m1750-r1.8-ua25-25-25"", ""native_check_status"": ""shared_and_branch_pass"", ""native_lcoe_USD2025_MWh"": 408.77638500562824, ""point_id"": ""145b2dd8e817447b10a00c7f61afa50ce71075332c16b4fae82b132e5b6053ab"", ""role"": ""rerank_nominal_supported_catalog"", ""scenario"": ""steam-quote-x1.5"", ""source_MW"": 2800.0, ""state"": ""completed""}","{""alias"": ""steam-quote-x1.5::nominal::gas-q2800-m1750-r1.8-ua25-25-25"", ""branch"": ""gas"", ""candidate_id"": ""20260927-design-study-whole-plant-conversion-b:c1595"", ""catalog_ranking"": true, ""eligible"": true, ""failed_predicates"": [], ""family"": ""conversion_price_service"", ""native_case"": ""steam-quote-x1.5::nominal::gas-q2800-m1750-r1.8-ua25-25-25"", ""native_check_status"": ""shared_and_branch_pass"", ""native_lcoe_USD2025_MWh"": 1230.2836229746085, ""point_id"": ""145b2dd8e817447b10a00c7f61afa50ce71075332c16b4fae82b132e5b6053ab"", ""role"": ""rerank_nominal_supported_catalog"", ""scenario"": ""steam-quote-x1.5"", ""source_MW"": 2800.0, ""state"": ""completed""}",821.5072379689802,steam,steam,-542.18440557501,steam,steam,5.0,5.0,finite catalog comparison; strict algebraic ordering is separate from reporting materiality
supplementary-rates-x0,2500.0,True,8bd5e4a142f7f552b34ac7a6ae8d30c3958c30460ce603089ee15978ca601f53,"{""alias"": ""supplementary-rates-x0::nominal::steam-q2500-n10-k4-pump225"", ""branch"": ""steam"", ""candidate_id"": ""20260927-design-study-whole-plant-conversion-b:c0747"", ""catalog_ranking"": true, ""eligible"": true, ""failed_predicates"": [], ""family"": ""overheads"", ""native_case"": ""supplementary-rates-x0::nominal::gas-q2500-m2000-r1.5-ua25-25-25"", ""native_check_status"": ""shared_and_branch_pass"", ""native_lcoe_USD2025_MWh"": 395.63423465731034, ""point_id"": ""1eb3346257f39f77a903637d94e164ba940e6a2ae979c08db37fa927de33a223"", ""role"": ""rerank_nominal_supported_catalog"", ""scenario"": ""supplementary-rates-x0"", ""source_MW"": 2500.0, ""state"": ""completed""}","{""alias"": ""supplementary-rates-x0::nominal::gas-q2500-m2000-r1.5-ua25-25-25"", ""branch"": ""gas"", ""candidate_id"": ""20260927-design-study-whole-plant-conversion-b:c0747"", ""catalog_ranking"": true, ""eligible"": true, ""failed_predicates"": [], ""family"": ""overheads"", ""native_case"": ""supplementary-rates-x0::nominal::gas-q2500-m2000-r1.5-ua25-25-25"", ""native_check_status"": ""shared_and_branch_pass"", ""native_lcoe_USD2025_MWh"": 847.8563554415181, ""point_id"": ""1eb3346257f39f77a903637d94e164ba940e6a2ae979c08db37fa927de33a223"", ""role"": ""rerank_nominal_supported_catalog"", ""scenario"": ""supplementary-rates-x0"", ""source_MW"": 2500.0, ""state"": ""completed""}",452.22212078420773,steam,steam,-378.0857935102733,steam,steam,5.0,5.0,finite catalog comparison; strict algebraic ordering is separate from reporting materiality
supplementary-rates-x0,2800.0,True,2eb0120019d4fd244ed2c22ac46b426ddbeccfc970c57bf1f57dc84dfd7a31e5,"{""alias"": ""supplementary-rates-x0::nominal::steam-q2800-n11-k4-pump225"", ""branch"": ""steam"", ""candidate_id"": ""20260927-design-study-whole-plant-conversion-b:c0750"", ""catalog_ranking"": true, ""eligible"": true, ""failed_predicates"": [], ""family"": ""overheads"", ""native_case"": ""supplementary-rates-x0::nominal::gas-q2800-m1750-r1.8-ua25-25-25"", ""native_check_status"": ""shared_and_branch_pass"", ""native_lcoe_USD2025_MWh"": 359.3723487523556, ""point_id"": ""b03e4ef33f944edec8b2caba21954e069a0cf3f3ee93f838b3b11ecad8a52397"", ""role"": ""rerank_nominal_supported_catalog"", ""scenario"": ""supplementary-rates-x0"", ""source_MW"": 2800.0, ""state"": ""completed""}","{""alias"": ""supplementary-rates-x0::nominal::gas-q2800-m1750-r1.8-ua25-25-25"", ""branch"": ""gas"", ""candidate_id"": ""20260927-design-study-whole-plant-conversion-b:c0750"", ""catalog_ranking"": true, ""eligible"": true, ""failed_predicates"": [], ""family"": ""overheads"", ""native_case"": ""supplementary-rates-x0::nominal::gas-q2800-m1750-r1.8-ua25-25-25"", ""native_check_status"": ""shared_and_branch_pass"", ""native_lcoe_USD2025_MWh"": 1191.8934090792134, ""point_id"": ""b03e4ef33f944edec8b2caba21954e069a0cf3f3ee93f838b3b11ecad8a52397"", ""role"": ""rerank_nominal_supported_catalog"", ""scenario"": ""supplementary-rates-x0"", ""source_MW"": 2800.0, ""state"": ""completed""}",832.5210603268578,steam,steam,-542.18440557501,steam,steam,5.0,5.0,finite catalog comparison; strict algebraic ordering is separate from reporting materiality
supplementary-rates-x2,2500.0,True,64577dccc110ce099f9caf9a577a7943a0b6efe0a5c93198de58461f6be4618e,"{""alias"": ""supplementary-rates-x2::nominal::steam-q2500-n10-k4-pump225"", ""branch"": ""steam"", ""candidate_id"": ""20260927-design-study-whole-plant-conversion-b:c0772"", ""catalog_ranking"": true, ""eligible"": true, ""failed_predicates"": [], ""family"": ""overheads"", ""native_case"": ""supplementary-rates-x2::nominal::gas-q2500-m2000-r1.5-ua25-25-25"", ""native_check_status"": ""shared_and_branch_pass"", ""native_lcoe_USD2025_MWh"": 420.69337440708586, ""point_id"": ""124d21202d7e42a53594bad607d753d2e72f2dfeb7df5e242c138cec320145f1"", ""role"": ""rerank_nominal_supported_catalog"", ""scenario"": ""supplementary-rates-x2"", ""source_MW"": 2500.0, ""state"": ""completed""}","{""alias"": ""supplementary-rates-x2::nominal::gas-q2500-m2000-r1.5-ua25-25-25"", ""branch"": ""gas"", ""candidate_id"": ""20260927-design-study-whole-plant-conversion-b:c0772"", ""catalog_ranking"": true, ""eligible"": true, ""failed_predicates"": [], ""family"": ""overheads"", ""native_case"": ""supplementary-rates-x2::nominal::gas-q2500-m2000-r1.5-ua25-25-25"", ""native_check_status"": ""shared_and_branch_pass"", ""native_lcoe_USD2025_MWh"": 902.7687659530476, ""point_id"": ""124d21202d7e42a53594bad607d753d2e72f2dfeb7df5e242c138cec320145f1"", ""role"": ""rerank_nominal_supported_catalog"", ""scenario"": ""supplementary-rates-x2"", ""source_MW"": 2500.0, ""state"": ""completed""}",482.07539154596174,steam,steam,-378.0857935102733,steam,steam,5.0,5.0,finite catalog comparison; strict algebraic ordering is separate from reporting materiality
supplementary-rates-x2,2800.0,True,63e5a759a0c58453184d7ac26630bdd1d56e37a13be23737ba93083c4f09e241,"{""alias"": ""supplementary-rates-x2::nominal::steam-q2800-n11-k4-pump225"", ""branch"": ""steam"", ""candidate_id"": ""20260927-design-study-whole-plant-conversion-b:c0775"", ""catalog_ranking"": true, ""eligible"": true, ""failed_predicates"": [], ""family"": ""overheads"", ""native_case"": ""supplementary-rates-x2::nominal::gas-q2800-m1750-r1.8-ua25-25-25"", ""native_check_status"": ""shared_and_branch_pass"", ""native_lcoe_USD2025_MWh"": 382.0303958863563, ""point_id"": ""3eaa5f8439a507180b397d3b233104df5bbe2a20caaf10b6cb9cd6a99153772c"", ""role"": ""rerank_nominal_supported_catalog"", ""scenario"": ""supplementary-rates-x2"", ""source_MW"": 2800.0, ""state"": ""completed""}","{""alias"": ""supplementary-rates-x2::nominal::gas-q2800-m1750-r1.8-ua25-25-25"", ""branch"": ""gas"", ""candidate_id"": ""20260927-design-study-whole-plant-conversion-b:c0775"", ""catalog_ranking"": true, ""eligible"": true, ""failed_predicates"": [], ""family"": ""overheads"", ""native_case"": ""supplementary-rates-x2::nominal::gas-q2800-m1750-r1.8-ua25-25-25"", ""native_check_status"": ""shared_and_branch_pass"", ""native_lcoe_USD2025_MWh"": 1268.6738368700037, ""point_id"": ""3eaa5f8439a507180b397d3b233104df5bbe2a20caaf10b6cb9cd6a99153772c"", ""role"": ""rerank_nominal_supported_catalog"", ""scenario"": ""supplementary-rates-x2"", ""source_MW"": 2800.0, ""state"": ""completed""}",886.6434409836475,steam,steam,-542.18440557501,steam,steam,5.0,5.0,finite catalog comparison; strict algebraic ordering is separate from reporting materiality
window_edges,2500.0,False,,,,,,unsupported,,,unsupported,5.0,5.0,no supported matched catalog pair
window_edges,2800.0,False,,,,,,unsupported,,,unsupported,5.0,5.0,no supported matched catalog pair
window_edges,3000.0,False,,,,,,unsupported,,,unsupported,5.0,5.0,no supported matched catalog pair
