.........E.............................................................. [ 13%]
...................................................F......EEEEEEEEEEEEEE [ 27%]
EEEF........................................FFFFFFFF.................... [ 40%]
.........F........FFF.FFFFFFF........EEEEEEE..EEEEEEEEE.FFFFF.....F..... [ 54%]
........................................................................ [ 68%]
........FFFFFFFFFFFFFFFFFFFFFFFFFFFFFFFFFFFFFFFFFFFFFFFFFFFFFFFFFFFFFFFF [ 81%]
FFFFFFFFFFFFFFFFFFFFFFFFFF.....FFFFFFF..FFFFFFFFFEEEEEEEEEEEEEEEEEEEEEE. [ 95%]
...............FFFFFFF.                                                  [100%]
==================================== ERRORS ====================================
________ ERROR at setup of test_the_store_speaks_the_generic_vocabulary ________

self = <simkit.study.runner.StudyRunner object at 0x7b3a9d233a70>
candidate_id = 'stellarator-availability-sweep-v1:c0000'
proposal_id = 'stellarator-availability-sweep-v1:p0000'
attempt_id = 'stellarator-availability-sweep-v1:c0000:a1', attempt_number = 1
canonical_inputs = {'stellarator_09__stellaris__R': 12.7, 'stellarator_09__stellaris__a': 1.3, 'stellarator_09__stellaris__availability_direct': 0.5, 'stellarator_09__stellaris__magnet__R0': 12.7}

    def _run_attempt(
        self, candidate_id: str, proposal_id: str, attempt_id: str, attempt_number: int,
        canonical_inputs: Mapping,
    ) -> None:
        self.store.record_transition(
            attempt_id=attempt_id, candidate_id=candidate_id, proposal_id=proposal_id,
            attempt_number=attempt_number, state="started",
        )
        try:
            # bridge.build is inside the failure switch (Item 9 R1): a
            # field-level bridge failure (unknown/malformed) raises
            # EvaluationFailed(ENTRY_VALIDATION) and is recorded as a
            # StudyBridgeDefect, not an uncaught crash.
>           typed_inputs = self.bridge.build(canonical_inputs)
                           ^^^^^^^^^^^^^^^^^^^^^^^^^^^^^^^^^^^

../teax/packages/teax-simkit/simkit/study/runner.py:99: 
_ _ _ _ _ _ _ _ _ _ _ _ _ _ _ _ _ _ _ _ _ _ _ _ _ _ _ _ _ _ _ _ _ _ _ _ _ _ _ _ 

self = <simkit.study.bridge.CandidateBridge object at 0x7b3a9d233b30>
selected_fields = {'stellarator_09__stellaris__R': 12.7, 'stellarator_09__stellaris__a': 1.3, 'stellarator_09__stellaris__availability_direct': 0.5, 'stellarator_09__stellaris__magnet__R0': 12.7}

    def build(self, selected_fields: Mapping[str, Any]) -> dict[str, BaseModel]:
        # Partition selected fields onto their owning channels; an unknown
        # field fails closed before any model is constructed.
        by_channel: dict[str, dict[str, Any]] = {ch: {} for ch in self._entry_models}
        for name, value in selected_fields.items():
            channel = self._owner.get(name)
            if channel is None:
>               raise EvaluationFailed(
                    EvaluationFailure(
                        phase=EvaluationPhase.ENTRY_VALIDATION,
                        cause=f"Unknown entry field {name!r} (declared by no channel)",
                    )
                )
E               simkit.evaluation.failure.EvaluationFailed: entry_validation: Unknown entry field 'stellarator_09__stellaris__magnet__R0' (declared by no channel)

../teax/packages/teax-simkit/simkit/study/bridge.py:57: EvaluationFailed

During handling of the above exception, another exception occurred:

tmp_path_factory = TempPathFactory(_given_basetemp=None, _trace=<pluggy._tracing.TagTracerSub object at 0x7b3ac2a32180>, _basetemp=PosixPath('/tmp/pytest-of-reid/pytest-12236'), _retention_count=3, _retention_policy='all')
stock_simkit_session_path = PosixPath('/home/reid/1cfe/teax/packages/teax-simkit')

    @pytest.fixture(scope="session")
    def stock_route_run(tmp_path_factory, stock_simkit_session_path):
        """One stock-route execution per session: the availability sweep's store plus the
        sealed identity document and baseline result the route deposits."""
        studies = str(REPO_ROOT / "exploration" / "stellarator_e2e" / "studies")
        if studies not in sys.path:
            sys.path.insert(0, studies)
        import study_route
    
        out = tmp_path_factory.mktemp("stock_route_run")
>       study_route.run_availability_sweep(out)

tests/study/conftest.py:285: 
_ _ _ _ _ _ _ _ _ _ _ _ _ _ _ _ _ _ _ _ _ _ _ _ _ _ _ _ _ _ _ _ _ _ _ _ _ _ _ _ 
exploration/stellarator_e2e/studies/study_route.py:400: in run_availability_sweep
    cases, _ = run_points(
exploration/stellarator_e2e/studies/study_route.py:233: in run_points
    StudyRunner(store, study, _RequiredOutputsEvaluator(prepared, required_channels)).run()
../teax/packages/teax-simkit/simkit/study/runner.py:65: in run
    self._evaluate_candidate(candidate_id, proposal_id, canonical)
../teax/packages/teax-simkit/simkit/study/runner.py:75: in _evaluate_candidate
    self._run_attempt(
../teax/packages/teax-simkit/simkit/study/runner.py:102: in _run_attempt
    self._commit_execution_failure(
_ _ _ _ _ _ _ _ _ _ _ _ _ _ _ _ _ _ _ _ _ _ _ _ _ _ _ _ _ _ _ _ _ _ _ _ _ _ _ _ 

self = <simkit.study.runner.StudyRunner object at 0x7b3a9d233a70>
failure = EvaluationFailure(phase=<EvaluationPhase.ENTRY_VALIDATION: 'entry_validation'>, cause="Unknown entry field 'stellarator_09__stellaris__magnet__R0' (declared by no channel)", module_or_channel=None, retryable=False, partial_artifacts=())
candidate_id = 'stellarator-availability-sweep-v1:c0000'
proposal_id = 'stellarator-availability-sweep-v1:p0000'
attempt_id = 'stellarator-availability-sweep-v1:c0000:a1', attempt_number = 1
canonical_inputs = {'stellarator_09__stellaris__R': 12.7, 'stellarator_09__stellaris__a': 1.3, 'stellarator_09__stellaris__availability_direct': 0.5, 'stellarator_09__stellaris__magnet__R0': 12.7}

    def _commit_execution_failure(
        self, failure: EvaluationFailure, candidate_id: str, proposal_id: str, attempt_id: str,
        attempt_number: int, canonical_inputs: Mapping,
    ) -> None:
        if failure.phase == EvaluationPhase.ENTRY_VALIDATION:
>           raise StudyBridgeDefect(failure)
E           simkit.study.failures.StudyBridgeDefect: bridge produced an invalid entry model: Unknown entry field 'stellarator_09__stellaris__magnet__R0' (declared by no channel)

../teax/packages/teax-simkit/simkit/study/runner.py:116: StudyBridgeDefect
___________ ERROR at setup of test_known_answer[availability_direct] ___________

request = <SubRequest 'report' for <Function test_known_answer[availability_direct]>>

    @pytest.fixture(scope="module")
    def report(request):
        package = request.config.rootpath / "exploration/stellarator_e2e/pkg/stellarator_tea"
        manifest_path = request.config.rootpath / "exploration/stellarator_e2e/studies/manifest.json"
>       return run_tool(package, manifest_path, DATA_DIR / "axes.known_answers.json")
               ^^^^^^^^^^^^^^^^^^^^^^^^^^^^^^^^^^^^^^^^^^^^^^^^^^^^^^^^^^^^^^^^^^^^^^

tests/study/test_known_answers.py:160: 
_ _ _ _ _ _ _ _ _ _ _ _ _ _ _ _ _ _ _ _ _ _ _ _ _ _ _ _ _ _ _ _ _ _ _ _ _ _ _ _ 

package = PosixPath('/home/reid/1cfe/fusion-tea-codex-test/exploration/stellarator_e2e/pkg/stellarator_tea')
manifest_path = PosixPath('/home/reid/1cfe/fusion-tea-codex-test/exploration/stellarator_e2e/studies/manifest.json')
groups = PosixPath('/home/reid/1cfe/fusion-tea-codex-test/tests/study/data/axes.known_answers.json')

    def run_tool(package, manifest_path, groups, *, group=(), cwd=None):
        """Invoke the CLI and return the parsed report. Raises if the run failed."""
        rc, out, err = run_tool_raw(package, manifest_path, groups, group=group, cwd=cwd)
>       assert rc == 0, f"tool exited {rc}\n{err}"
E       AssertionError: tool exited 1
E         indicator-input fingerprint mismatch: manifest pins 0e61f19061132204911763b142f203d5064e13589b7582c3ef0037d101503204 but indicator-input-fingerprint/v1 over the live package is 609e6cca0a4f329e834b52369a425541ca167bfdfe8608879d900a27ccedf06d
E           live per-file digests:
E             contracts/model_contract.json d2ee3c18e6d087149f55699dd7cdce59f074abcbd861b7824b9310e770b07bc2
E             inputs/mfe_account_costs_params.json 5b7f9baef4118fd7f4bf2df2bf6f15153208b84c2ad1507300b5f54fe83740b3
E             inputs/mfe_fuel_cycle_params.json 7c91948cb65554dad5d7dd4b50372116b903727e33bc11652940e11920a53d2b
E             inputs/mfe_magnet_cost_params.json 0009a95e44bd67b7ab7622bb51b9b8bddd01683ebdb969c7402116bc4de34113
E             inputs/mfe_magnet_field_params.json e46eb97bf88cdf3f9ac409bdcc35d87fd99022ab4b23ed78f516fb4172446180
E             inputs/mfe_plant_params.json ff041fec8a149e6c789ca1bd5cf0cc1c6f55c6d96da3f96179f9541131b94814
E             inputs/mfe_plasma_scaling_params.json d6324b43a9b6da6db2a9a26596378190b06b680bac856fdfab6e30d224f77b6d
E             inputs/mfe_plasma_sustainment_params.json d7c0adfe722dde2bdd7b0edb52f0365ab6b1210e2a25cfab36136a055ebeec14
E             inputs/mfe_vacuum_params.json 4d239714198183bb1414461a30ddfc078fb19f057849cfd8049738b945b7f902
E             inputs/stellarator_plant_params.json e5d567f2c6b2f67a7495341998b0ceef86c5e0f382161a20b98cce941718a9b4
E             pipelines/pipeline.yaml 84af29209c51b249b7291c1e01bebe47c7e90d1ebfa442f7073b61724991980f
E           re-pin with --print-fingerprint after reviewing the change
E         
E       assert 1 == 0

tests/study/conftest.py:121: AssertionError
______________ ERROR at setup of test_known_answer[interest_rate] ______________

request = <SubRequest 'report' for <Function test_known_answer[availability_direct]>>

    @pytest.fixture(scope="module")
    def report(request):
        package = request.config.rootpath / "exploration/stellarator_e2e/pkg/stellarator_tea"
        manifest_path = request.config.rootpath / "exploration/stellarator_e2e/studies/manifest.json"
>       return run_tool(package, manifest_path, DATA_DIR / "axes.known_answers.json")
               ^^^^^^^^^^^^^^^^^^^^^^^^^^^^^^^^^^^^^^^^^^^^^^^^^^^^^^^^^^^^^^^^^^^^^^

tests/study/test_known_answers.py:160: 
_ _ _ _ _ _ _ _ _ _ _ _ _ _ _ _ _ _ _ _ _ _ _ _ _ _ _ _ _ _ _ _ _ _ _ _ _ _ _ _ 

package = PosixPath('/home/reid/1cfe/fusion-tea-codex-test/exploration/stellarator_e2e/pkg/stellarator_tea')
manifest_path = PosixPath('/home/reid/1cfe/fusion-tea-codex-test/exploration/stellarator_e2e/studies/manifest.json')
groups = PosixPath('/home/reid/1cfe/fusion-tea-codex-test/tests/study/data/axes.known_answers.json')

    def run_tool(package, manifest_path, groups, *, group=(), cwd=None):
        """Invoke the CLI and return the parsed report. Raises if the run failed."""
        rc, out, err = run_tool_raw(package, manifest_path, groups, group=group, cwd=cwd)
>       assert rc == 0, f"tool exited {rc}\n{err}"
E       AssertionError: tool exited 1
E         indicator-input fingerprint mismatch: manifest pins 0e61f19061132204911763b142f203d5064e13589b7582c3ef0037d101503204 but indicator-input-fingerprint/v1 over the live package is 609e6cca0a4f329e834b52369a425541ca167bfdfe8608879d900a27ccedf06d
E           live per-file digests:
E             contracts/model_contract.json d2ee3c18e6d087149f55699dd7cdce59f074abcbd861b7824b9310e770b07bc2
E             inputs/mfe_account_costs_params.json 5b7f9baef4118fd7f4bf2df2bf6f15153208b84c2ad1507300b5f54fe83740b3
E             inputs/mfe_fuel_cycle_params.json 7c91948cb65554dad5d7dd4b50372116b903727e33bc11652940e11920a53d2b
E             inputs/mfe_magnet_cost_params.json 0009a95e44bd67b7ab7622bb51b9b8bddd01683ebdb969c7402116bc4de34113
E             inputs/mfe_magnet_field_params.json e46eb97bf88cdf3f9ac409bdcc35d87fd99022ab4b23ed78f516fb4172446180
E             inputs/mfe_plant_params.json ff041fec8a149e6c789ca1bd5cf0cc1c6f55c6d96da3f96179f9541131b94814
E             inputs/mfe_plasma_scaling_params.json d6324b43a9b6da6db2a9a26596378190b06b680bac856fdfab6e30d224f77b6d
E             inputs/mfe_plasma_sustainment_params.json d7c0adfe722dde2bdd7b0edb52f0365ab6b1210e2a25cfab36136a055ebeec14
E             inputs/mfe_vacuum_params.json 4d239714198183bb1414461a30ddfc078fb19f057849cfd8049738b945b7f902
E             inputs/stellarator_plant_params.json e5d567f2c6b2f67a7495341998b0ceef86c5e0f382161a20b98cce941718a9b4
E             pipelines/pipeline.yaml 84af29209c51b249b7291c1e01bebe47c7e90d1ebfa442f7073b61724991980f
E           re-pin with --print-fingerprint after reviewing the change
E         
E       assert 1 == 0

tests/study/conftest.py:121: AssertionError
____________________ ERROR at setup of test_known_answer[R] ____________________

request = <SubRequest 'report' for <Function test_known_answer[availability_direct]>>

    @pytest.fixture(scope="module")
    def report(request):
        package = request.config.rootpath / "exploration/stellarator_e2e/pkg/stellarator_tea"
        manifest_path = request.config.rootpath / "exploration/stellarator_e2e/studies/manifest.json"
>       return run_tool(package, manifest_path, DATA_DIR / "axes.known_answers.json")
               ^^^^^^^^^^^^^^^^^^^^^^^^^^^^^^^^^^^^^^^^^^^^^^^^^^^^^^^^^^^^^^^^^^^^^^

tests/study/test_known_answers.py:160: 
_ _ _ _ _ _ _ _ _ _ _ _ _ _ _ _ _ _ _ _ _ _ _ _ _ _ _ _ _ _ _ _ _ _ _ _ _ _ _ _ 

package = PosixPath('/home/reid/1cfe/fusion-tea-codex-test/exploration/stellarator_e2e/pkg/stellarator_tea')
manifest_path = PosixPath('/home/reid/1cfe/fusion-tea-codex-test/exploration/stellarator_e2e/studies/manifest.json')
groups = PosixPath('/home/reid/1cfe/fusion-tea-codex-test/tests/study/data/axes.known_answers.json')

    def run_tool(package, manifest_path, groups, *, group=(), cwd=None):
        """Invoke the CLI and return the parsed report. Raises if the run failed."""
        rc, out, err = run_tool_raw(package, manifest_path, groups, group=group, cwd=cwd)
>       assert rc == 0, f"tool exited {rc}\n{err}"
E       AssertionError: tool exited 1
E         indicator-input fingerprint mismatch: manifest pins 0e61f19061132204911763b142f203d5064e13589b7582c3ef0037d101503204 but indicator-input-fingerprint/v1 over the live package is 609e6cca0a4f329e834b52369a425541ca167bfdfe8608879d900a27ccedf06d
E           live per-file digests:
E             contracts/model_contract.json d2ee3c18e6d087149f55699dd7cdce59f074abcbd861b7824b9310e770b07bc2
E             inputs/mfe_account_costs_params.json 5b7f9baef4118fd7f4bf2df2bf6f15153208b84c2ad1507300b5f54fe83740b3
E             inputs/mfe_fuel_cycle_params.json 7c91948cb65554dad5d7dd4b50372116b903727e33bc11652940e11920a53d2b
E             inputs/mfe_magnet_cost_params.json 0009a95e44bd67b7ab7622bb51b9b8bddd01683ebdb969c7402116bc4de34113
E             inputs/mfe_magnet_field_params.json e46eb97bf88cdf3f9ac409bdcc35d87fd99022ab4b23ed78f516fb4172446180
E             inputs/mfe_plant_params.json ff041fec8a149e6c789ca1bd5cf0cc1c6f55c6d96da3f96179f9541131b94814
E             inputs/mfe_plasma_scaling_params.json d6324b43a9b6da6db2a9a26596378190b06b680bac856fdfab6e30d224f77b6d
E             inputs/mfe_plasma_sustainment_params.json d7c0adfe722dde2bdd7b0edb52f0365ab6b1210e2a25cfab36136a055ebeec14
E             inputs/mfe_vacuum_params.json 4d239714198183bb1414461a30ddfc078fb19f057849cfd8049738b945b7f902
E             inputs/stellarator_plant_params.json e5d567f2c6b2f67a7495341998b0ceef86c5e0f382161a20b98cce941718a9b4
E             pipelines/pipeline.yaml 84af29209c51b249b7291c1e01bebe47c7e90d1ebfa442f7073b61724991980f
E           re-pin with --print-fingerprint after reviewing the change
E         
E       assert 1 == 0

tests/study/conftest.py:121: AssertionError
__________________ ERROR at setup of test_known_answer[R+tie] __________________

request = <SubRequest 'report' for <Function test_known_answer[availability_direct]>>

    @pytest.fixture(scope="module")
    def report(request):
        package = request.config.rootpath / "exploration/stellarator_e2e/pkg/stellarator_tea"
        manifest_path = request.config.rootpath / "exploration/stellarator_e2e/studies/manifest.json"
>       return run_tool(package, manifest_path, DATA_DIR / "axes.known_answers.json")
               ^^^^^^^^^^^^^^^^^^^^^^^^^^^^^^^^^^^^^^^^^^^^^^^^^^^^^^^^^^^^^^^^^^^^^^

tests/study/test_known_answers.py:160: 
_ _ _ _ _ _ _ _ _ _ _ _ _ _ _ _ _ _ _ _ _ _ _ _ _ _ _ _ _ _ _ _ _ _ _ _ _ _ _ _ 

package = PosixPath('/home/reid/1cfe/fusion-tea-codex-test/exploration/stellarator_e2e/pkg/stellarator_tea')
manifest_path = PosixPath('/home/reid/1cfe/fusion-tea-codex-test/exploration/stellarator_e2e/studies/manifest.json')
groups = PosixPath('/home/reid/1cfe/fusion-tea-codex-test/tests/study/data/axes.known_answers.json')

    def run_tool(package, manifest_path, groups, *, group=(), cwd=None):
        """Invoke the CLI and return the parsed report. Raises if the run failed."""
        rc, out, err = run_tool_raw(package, manifest_path, groups, group=group, cwd=cwd)
>       assert rc == 0, f"tool exited {rc}\n{err}"
E       AssertionError: tool exited 1
E         indicator-input fingerprint mismatch: manifest pins 0e61f19061132204911763b142f203d5064e13589b7582c3ef0037d101503204 but indicator-input-fingerprint/v1 over the live package is 609e6cca0a4f329e834b52369a425541ca167bfdfe8608879d900a27ccedf06d
E           live per-file digests:
E             contracts/model_contract.json d2ee3c18e6d087149f55699dd7cdce59f074abcbd861b7824b9310e770b07bc2
E             inputs/mfe_account_costs_params.json 5b7f9baef4118fd7f4bf2df2bf6f15153208b84c2ad1507300b5f54fe83740b3
E             inputs/mfe_fuel_cycle_params.json 7c91948cb65554dad5d7dd4b50372116b903727e33bc11652940e11920a53d2b
E             inputs/mfe_magnet_cost_params.json 0009a95e44bd67b7ab7622bb51b9b8bddd01683ebdb969c7402116bc4de34113
E             inputs/mfe_magnet_field_params.json e46eb97bf88cdf3f9ac409bdcc35d87fd99022ab4b23ed78f516fb4172446180
E             inputs/mfe_plant_params.json ff041fec8a149e6c789ca1bd5cf0cc1c6f55c6d96da3f96179f9541131b94814
E             inputs/mfe_plasma_scaling_params.json d6324b43a9b6da6db2a9a26596378190b06b680bac856fdfab6e30d224f77b6d
E             inputs/mfe_plasma_sustainment_params.json d7c0adfe722dde2bdd7b0edb52f0365ab6b1210e2a25cfab36136a055ebeec14
E             inputs/mfe_vacuum_params.json 4d239714198183bb1414461a30ddfc078fb19f057849cfd8049738b945b7f902
E             inputs/stellarator_plant_params.json e5d567f2c6b2f67a7495341998b0ceef86c5e0f382161a20b98cce941718a9b4
E             pipelines/pipeline.yaml 84af29209c51b249b7291c1e01bebe47c7e90d1ebfa442f7073b61724991980f
E           re-pin with --print-fingerprint after reviewing the change
E         
E       assert 1 == 0

tests/study/conftest.py:121: AssertionError
____________________ ERROR at setup of test_known_answer[a] ____________________

request = <SubRequest 'report' for <Function test_known_answer[availability_direct]>>

    @pytest.fixture(scope="module")
    def report(request):
        package = request.config.rootpath / "exploration/stellarator_e2e/pkg/stellarator_tea"
        manifest_path = request.config.rootpath / "exploration/stellarator_e2e/studies/manifest.json"
>       return run_tool(package, manifest_path, DATA_DIR / "axes.known_answers.json")
               ^^^^^^^^^^^^^^^^^^^^^^^^^^^^^^^^^^^^^^^^^^^^^^^^^^^^^^^^^^^^^^^^^^^^^^

tests/study/test_known_answers.py:160: 
_ _ _ _ _ _ _ _ _ _ _ _ _ _ _ _ _ _ _ _ _ _ _ _ _ _ _ _ _ _ _ _ _ _ _ _ _ _ _ _ 

package = PosixPath('/home/reid/1cfe/fusion-tea-codex-test/exploration/stellarator_e2e/pkg/stellarator_tea')
manifest_path = PosixPath('/home/reid/1cfe/fusion-tea-codex-test/exploration/stellarator_e2e/studies/manifest.json')
groups = PosixPath('/home/reid/1cfe/fusion-tea-codex-test/tests/study/data/axes.known_answers.json')

    def run_tool(package, manifest_path, groups, *, group=(), cwd=None):
        """Invoke the CLI and return the parsed report. Raises if the run failed."""
        rc, out, err = run_tool_raw(package, manifest_path, groups, group=group, cwd=cwd)
>       assert rc == 0, f"tool exited {rc}\n{err}"
E       AssertionError: tool exited 1
E         indicator-input fingerprint mismatch: manifest pins 0e61f19061132204911763b142f203d5064e13589b7582c3ef0037d101503204 but indicator-input-fingerprint/v1 over the live package is 609e6cca0a4f329e834b52369a425541ca167bfdfe8608879d900a27ccedf06d
E           live per-file digests:
E             contracts/model_contract.json d2ee3c18e6d087149f55699dd7cdce59f074abcbd861b7824b9310e770b07bc2
E             inputs/mfe_account_costs_params.json 5b7f9baef4118fd7f4bf2df2bf6f15153208b84c2ad1507300b5f54fe83740b3
E             inputs/mfe_fuel_cycle_params.json 7c91948cb65554dad5d7dd4b50372116b903727e33bc11652940e11920a53d2b
E             inputs/mfe_magnet_cost_params.json 0009a95e44bd67b7ab7622bb51b9b8bddd01683ebdb969c7402116bc4de34113
E             inputs/mfe_magnet_field_params.json e46eb97bf88cdf3f9ac409bdcc35d87fd99022ab4b23ed78f516fb4172446180
E             inputs/mfe_plant_params.json ff041fec8a149e6c789ca1bd5cf0cc1c6f55c6d96da3f96179f9541131b94814
E             inputs/mfe_plasma_scaling_params.json d6324b43a9b6da6db2a9a26596378190b06b680bac856fdfab6e30d224f77b6d
E             inputs/mfe_plasma_sustainment_params.json d7c0adfe722dde2bdd7b0edb52f0365ab6b1210e2a25cfab36136a055ebeec14
E             inputs/mfe_vacuum_params.json 4d239714198183bb1414461a30ddfc078fb19f057849cfd8049738b945b7f902
E             inputs/stellarator_plant_params.json e5d567f2c6b2f67a7495341998b0ceef86c5e0f382161a20b98cce941718a9b4
E             pipelines/pipeline.yaml 84af29209c51b249b7291c1e01bebe47c7e90d1ebfa442f7073b61724991980f
E           re-pin with --print-fingerprint after reviewing the change
E         
E       assert 1 == 0

tests/study/conftest.py:121: AssertionError
_________________ ERROR at setup of test_known_answer[I_coil] __________________

request = <SubRequest 'report' for <Function test_known_answer[availability_direct]>>

    @pytest.fixture(scope="module")
    def report(request):
        package = request.config.rootpath / "exploration/stellarator_e2e/pkg/stellarator_tea"
        manifest_path = request.config.rootpath / "exploration/stellarator_e2e/studies/manifest.json"
>       return run_tool(package, manifest_path, DATA_DIR / "axes.known_answers.json")
               ^^^^^^^^^^^^^^^^^^^^^^^^^^^^^^^^^^^^^^^^^^^^^^^^^^^^^^^^^^^^^^^^^^^^^^

tests/study/test_known_answers.py:160: 
_ _ _ _ _ _ _ _ _ _ _ _ _ _ _ _ _ _ _ _ _ _ _ _ _ _ _ _ _ _ _ _ _ _ _ _ _ _ _ _ 

package = PosixPath('/home/reid/1cfe/fusion-tea-codex-test/exploration/stellarator_e2e/pkg/stellarator_tea')
manifest_path = PosixPath('/home/reid/1cfe/fusion-tea-codex-test/exploration/stellarator_e2e/studies/manifest.json')
groups = PosixPath('/home/reid/1cfe/fusion-tea-codex-test/tests/study/data/axes.known_answers.json')

    def run_tool(package, manifest_path, groups, *, group=(), cwd=None):
        """Invoke the CLI and return the parsed report. Raises if the run failed."""
        rc, out, err = run_tool_raw(package, manifest_path, groups, group=group, cwd=cwd)
>       assert rc == 0, f"tool exited {rc}\n{err}"
E       AssertionError: tool exited 1
E         indicator-input fingerprint mismatch: manifest pins 0e61f19061132204911763b142f203d5064e13589b7582c3ef0037d101503204 but indicator-input-fingerprint/v1 over the live package is 609e6cca0a4f329e834b52369a425541ca167bfdfe8608879d900a27ccedf06d
E           live per-file digests:
E             contracts/model_contract.json d2ee3c18e6d087149f55699dd7cdce59f074abcbd861b7824b9310e770b07bc2
E             inputs/mfe_account_costs_params.json 5b7f9baef4118fd7f4bf2df2bf6f15153208b84c2ad1507300b5f54fe83740b3
E             inputs/mfe_fuel_cycle_params.json 7c91948cb65554dad5d7dd4b50372116b903727e33bc11652940e11920a53d2b
E             inputs/mfe_magnet_cost_params.json 0009a95e44bd67b7ab7622bb51b9b8bddd01683ebdb969c7402116bc4de34113
E             inputs/mfe_magnet_field_params.json e46eb97bf88cdf3f9ac409bdcc35d87fd99022ab4b23ed78f516fb4172446180
E             inputs/mfe_plant_params.json ff041fec8a149e6c789ca1bd5cf0cc1c6f55c6d96da3f96179f9541131b94814
E             inputs/mfe_plasma_scaling_params.json d6324b43a9b6da6db2a9a26596378190b06b680bac856fdfab6e30d224f77b6d
E             inputs/mfe_plasma_sustainment_params.json d7c0adfe722dde2bdd7b0edb52f0365ab6b1210e2a25cfab36136a055ebeec14
E             inputs/mfe_vacuum_params.json 4d239714198183bb1414461a30ddfc078fb19f057849cfd8049738b945b7f902
E             inputs/stellarator_plant_params.json e5d567f2c6b2f67a7495341998b0ceef86c5e0f382161a20b98cce941718a9b4
E             pipelines/pipeline.yaml 84af29209c51b249b7291c1e01bebe47c7e90d1ebfa442f7073b61724991980f
E           re-pin with --print-fingerprint after reviewing the change
E         
E       assert 1 == 0

tests/study/conftest.py:121: AssertionError
_ ERROR at setup of test_matches_the_item_1_fixture_contract[availability_direct] _

request = <SubRequest 'report' for <Function test_known_answer[availability_direct]>>

    @pytest.fixture(scope="module")
    def report(request):
        package = request.config.rootpath / "exploration/stellarator_e2e/pkg/stellarator_tea"
        manifest_path = request.config.rootpath / "exploration/stellarator_e2e/studies/manifest.json"
>       return run_tool(package, manifest_path, DATA_DIR / "axes.known_answers.json")
               ^^^^^^^^^^^^^^^^^^^^^^^^^^^^^^^^^^^^^^^^^^^^^^^^^^^^^^^^^^^^^^^^^^^^^^

tests/study/test_known_answers.py:160: 
_ _ _ _ _ _ _ _ _ _ _ _ _ _ _ _ _ _ _ _ _ _ _ _ _ _ _ _ _ _ _ _ _ _ _ _ _ _ _ _ 

package = PosixPath('/home/reid/1cfe/fusion-tea-codex-test/exploration/stellarator_e2e/pkg/stellarator_tea')
manifest_path = PosixPath('/home/reid/1cfe/fusion-tea-codex-test/exploration/stellarator_e2e/studies/manifest.json')
groups = PosixPath('/home/reid/1cfe/fusion-tea-codex-test/tests/study/data/axes.known_answers.json')

    def run_tool(package, manifest_path, groups, *, group=(), cwd=None):
        """Invoke the CLI and return the parsed report. Raises if the run failed."""
        rc, out, err = run_tool_raw(package, manifest_path, groups, group=group, cwd=cwd)
>       assert rc == 0, f"tool exited {rc}\n{err}"
E       AssertionError: tool exited 1
E         indicator-input fingerprint mismatch: manifest pins 0e61f19061132204911763b142f203d5064e13589b7582c3ef0037d101503204 but indicator-input-fingerprint/v1 over the live package is 609e6cca0a4f329e834b52369a425541ca167bfdfe8608879d900a27ccedf06d
E           live per-file digests:
E             contracts/model_contract.json d2ee3c18e6d087149f55699dd7cdce59f074abcbd861b7824b9310e770b07bc2
E             inputs/mfe_account_costs_params.json 5b7f9baef4118fd7f4bf2df2bf6f15153208b84c2ad1507300b5f54fe83740b3
E             inputs/mfe_fuel_cycle_params.json 7c91948cb65554dad5d7dd4b50372116b903727e33bc11652940e11920a53d2b
E             inputs/mfe_magnet_cost_params.json 0009a95e44bd67b7ab7622bb51b9b8bddd01683ebdb969c7402116bc4de34113
E             inputs/mfe_magnet_field_params.json e46eb97bf88cdf3f9ac409bdcc35d87fd99022ab4b23ed78f516fb4172446180
E             inputs/mfe_plant_params.json ff041fec8a149e6c789ca1bd5cf0cc1c6f55c6d96da3f96179f9541131b94814
E             inputs/mfe_plasma_scaling_params.json d6324b43a9b6da6db2a9a26596378190b06b680bac856fdfab6e30d224f77b6d
E             inputs/mfe_plasma_sustainment_params.json d7c0adfe722dde2bdd7b0edb52f0365ab6b1210e2a25cfab36136a055ebeec14
E             inputs/mfe_vacuum_params.json 4d239714198183bb1414461a30ddfc078fb19f057849cfd8049738b945b7f902
E             inputs/stellarator_plant_params.json e5d567f2c6b2f67a7495341998b0ceef86c5e0f382161a20b98cce941718a9b4
E             pipelines/pipeline.yaml 84af29209c51b249b7291c1e01bebe47c7e90d1ebfa442f7073b61724991980f
E           re-pin with --print-fingerprint after reviewing the change
E         
E       assert 1 == 0

tests/study/conftest.py:121: AssertionError
__ ERROR at setup of test_matches_the_item_1_fixture_contract[interest_rate] ___

request = <SubRequest 'report' for <Function test_known_answer[availability_direct]>>

    @pytest.fixture(scope="module")
    def report(request):
        package = request.config.rootpath / "exploration/stellarator_e2e/pkg/stellarator_tea"
        manifest_path = request.config.rootpath / "exploration/stellarator_e2e/studies/manifest.json"
>       return run_tool(package, manifest_path, DATA_DIR / "axes.known_answers.json")
               ^^^^^^^^^^^^^^^^^^^^^^^^^^^^^^^^^^^^^^^^^^^^^^^^^^^^^^^^^^^^^^^^^^^^^^

tests/study/test_known_answers.py:160: 
_ _ _ _ _ _ _ _ _ _ _ _ _ _ _ _ _ _ _ _ _ _ _ _ _ _ _ _ _ _ _ _ _ _ _ _ _ _ _ _ 

package = PosixPath('/home/reid/1cfe/fusion-tea-codex-test/exploration/stellarator_e2e/pkg/stellarator_tea')
manifest_path = PosixPath('/home/reid/1cfe/fusion-tea-codex-test/exploration/stellarator_e2e/studies/manifest.json')
groups = PosixPath('/home/reid/1cfe/fusion-tea-codex-test/tests/study/data/axes.known_answers.json')

    def run_tool(package, manifest_path, groups, *, group=(), cwd=None):
        """Invoke the CLI and return the parsed report. Raises if the run failed."""
        rc, out, err = run_tool_raw(package, manifest_path, groups, group=group, cwd=cwd)
>       assert rc == 0, f"tool exited {rc}\n{err}"
E       AssertionError: tool exited 1
E         indicator-input fingerprint mismatch: manifest pins 0e61f19061132204911763b142f203d5064e13589b7582c3ef0037d101503204 but indicator-input-fingerprint/v1 over the live package is 609e6cca0a4f329e834b52369a425541ca167bfdfe8608879d900a27ccedf06d
E           live per-file digests:
E             contracts/model_contract.json d2ee3c18e6d087149f55699dd7cdce59f074abcbd861b7824b9310e770b07bc2
E             inputs/mfe_account_costs_params.json 5b7f9baef4118fd7f4bf2df2bf6f15153208b84c2ad1507300b5f54fe83740b3
E             inputs/mfe_fuel_cycle_params.json 7c91948cb65554dad5d7dd4b50372116b903727e33bc11652940e11920a53d2b
E             inputs/mfe_magnet_cost_params.json 0009a95e44bd67b7ab7622bb51b9b8bddd01683ebdb969c7402116bc4de34113
E             inputs/mfe_magnet_field_params.json e46eb97bf88cdf3f9ac409bdcc35d87fd99022ab4b23ed78f516fb4172446180
E             inputs/mfe_plant_params.json ff041fec8a149e6c789ca1bd5cf0cc1c6f55c6d96da3f96179f9541131b94814
E             inputs/mfe_plasma_scaling_params.json d6324b43a9b6da6db2a9a26596378190b06b680bac856fdfab6e30d224f77b6d
E             inputs/mfe_plasma_sustainment_params.json d7c0adfe722dde2bdd7b0edb52f0365ab6b1210e2a25cfab36136a055ebeec14
E             inputs/mfe_vacuum_params.json 4d239714198183bb1414461a30ddfc078fb19f057849cfd8049738b945b7f902
E             inputs/stellarator_plant_params.json e5d567f2c6b2f67a7495341998b0ceef86c5e0f382161a20b98cce941718a9b4
E             pipelines/pipeline.yaml 84af29209c51b249b7291c1e01bebe47c7e90d1ebfa442f7073b61724991980f
E           re-pin with --print-fingerprint after reviewing the change
E         
E       assert 1 == 0

tests/study/conftest.py:121: AssertionError
________ ERROR at setup of test_matches_the_item_1_fixture_contract[R] _________

request = <SubRequest 'report' for <Function test_known_answer[availability_direct]>>

    @pytest.fixture(scope="module")
    def report(request):
        package = request.config.rootpath / "exploration/stellarator_e2e/pkg/stellarator_tea"
        manifest_path = request.config.rootpath / "exploration/stellarator_e2e/studies/manifest.json"
>       return run_tool(package, manifest_path, DATA_DIR / "axes.known_answers.json")
               ^^^^^^^^^^^^^^^^^^^^^^^^^^^^^^^^^^^^^^^^^^^^^^^^^^^^^^^^^^^^^^^^^^^^^^

tests/study/test_known_answers.py:160: 
_ _ _ _ _ _ _ _ _ _ _ _ _ _ _ _ _ _ _ _ _ _ _ _ _ _ _ _ _ _ _ _ _ _ _ _ _ _ _ _ 

package = PosixPath('/home/reid/1cfe/fusion-tea-codex-test/exploration/stellarator_e2e/pkg/stellarator_tea')
manifest_path = PosixPath('/home/reid/1cfe/fusion-tea-codex-test/exploration/stellarator_e2e/studies/manifest.json')
groups = PosixPath('/home/reid/1cfe/fusion-tea-codex-test/tests/study/data/axes.known_answers.json')

    def run_tool(package, manifest_path, groups, *, group=(), cwd=None):
        """Invoke the CLI and return the parsed report. Raises if the run failed."""
        rc, out, err = run_tool_raw(package, manifest_path, groups, group=group, cwd=cwd)
>       assert rc == 0, f"tool exited {rc}\n{err}"
E       AssertionError: tool exited 1
E         indicator-input fingerprint mismatch: manifest pins 0e61f19061132204911763b142f203d5064e13589b7582c3ef0037d101503204 but indicator-input-fingerprint/v1 over the live package is 609e6cca0a4f329e834b52369a425541ca167bfdfe8608879d900a27ccedf06d
E           live per-file digests:
E             contracts/model_contract.json d2ee3c18e6d087149f55699dd7cdce59f074abcbd861b7824b9310e770b07bc2
E             inputs/mfe_account_costs_params.json 5b7f9baef4118fd7f4bf2df2bf6f15153208b84c2ad1507300b5f54fe83740b3
E             inputs/mfe_fuel_cycle_params.json 7c91948cb65554dad5d7dd4b50372116b903727e33bc11652940e11920a53d2b
E             inputs/mfe_magnet_cost_params.json 0009a95e44bd67b7ab7622bb51b9b8bddd01683ebdb969c7402116bc4de34113
E             inputs/mfe_magnet_field_params.json e46eb97bf88cdf3f9ac409bdcc35d87fd99022ab4b23ed78f516fb4172446180
E             inputs/mfe_plant_params.json ff041fec8a149e6c789ca1bd5cf0cc1c6f55c6d96da3f96179f9541131b94814
E             inputs/mfe_plasma_scaling_params.json d6324b43a9b6da6db2a9a26596378190b06b680bac856fdfab6e30d224f77b6d
E             inputs/mfe_plasma_sustainment_params.json d7c0adfe722dde2bdd7b0edb52f0365ab6b1210e2a25cfab36136a055ebeec14
E             inputs/mfe_vacuum_params.json 4d239714198183bb1414461a30ddfc078fb19f057849cfd8049738b945b7f902
E             inputs/stellarator_plant_params.json e5d567f2c6b2f67a7495341998b0ceef86c5e0f382161a20b98cce941718a9b4
E             pipelines/pipeline.yaml 84af29209c51b249b7291c1e01bebe47c7e90d1ebfa442f7073b61724991980f
E           re-pin with --print-fingerprint after reviewing the change
E         
E       assert 1 == 0

tests/study/conftest.py:121: AssertionError
______ ERROR at setup of test_matches_the_item_1_fixture_contract[R+tie] _______

request = <SubRequest 'report' for <Function test_known_answer[availability_direct]>>

    @pytest.fixture(scope="module")
    def report(request):
        package = request.config.rootpath / "exploration/stellarator_e2e/pkg/stellarator_tea"
        manifest_path = request.config.rootpath / "exploration/stellarator_e2e/studies/manifest.json"
>       return run_tool(package, manifest_path, DATA_DIR / "axes.known_answers.json")
               ^^^^^^^^^^^^^^^^^^^^^^^^^^^^^^^^^^^^^^^^^^^^^^^^^^^^^^^^^^^^^^^^^^^^^^

tests/study/test_known_answers.py:160: 
_ _ _ _ _ _ _ _ _ _ _ _ _ _ _ _ _ _ _ _ _ _ _ _ _ _ _ _ _ _ _ _ _ _ _ _ _ _ _ _ 

package = PosixPath('/home/reid/1cfe/fusion-tea-codex-test/exploration/stellarator_e2e/pkg/stellarator_tea')
manifest_path = PosixPath('/home/reid/1cfe/fusion-tea-codex-test/exploration/stellarator_e2e/studies/manifest.json')
groups = PosixPath('/home/reid/1cfe/fusion-tea-codex-test/tests/study/data/axes.known_answers.json')

    def run_tool(package, manifest_path, groups, *, group=(), cwd=None):
        """Invoke the CLI and return the parsed report. Raises if the run failed."""
        rc, out, err = run_tool_raw(package, manifest_path, groups, group=group, cwd=cwd)
>       assert rc == 0, f"tool exited {rc}\n{err}"
E       AssertionError: tool exited 1
E         indicator-input fingerprint mismatch: manifest pins 0e61f19061132204911763b142f203d5064e13589b7582c3ef0037d101503204 but indicator-input-fingerprint/v1 over the live package is 609e6cca0a4f329e834b52369a425541ca167bfdfe8608879d900a27ccedf06d
E           live per-file digests:
E             contracts/model_contract.json d2ee3c18e6d087149f55699dd7cdce59f074abcbd861b7824b9310e770b07bc2
E             inputs/mfe_account_costs_params.json 5b7f9baef4118fd7f4bf2df2bf6f15153208b84c2ad1507300b5f54fe83740b3
E             inputs/mfe_fuel_cycle_params.json 7c91948cb65554dad5d7dd4b50372116b903727e33bc11652940e11920a53d2b
E             inputs/mfe_magnet_cost_params.json 0009a95e44bd67b7ab7622bb51b9b8bddd01683ebdb969c7402116bc4de34113
E             inputs/mfe_magnet_field_params.json e46eb97bf88cdf3f9ac409bdcc35d87fd99022ab4b23ed78f516fb4172446180
E             inputs/mfe_plant_params.json ff041fec8a149e6c789ca1bd5cf0cc1c6f55c6d96da3f96179f9541131b94814
E             inputs/mfe_plasma_scaling_params.json d6324b43a9b6da6db2a9a26596378190b06b680bac856fdfab6e30d224f77b6d
E             inputs/mfe_plasma_sustainment_params.json d7c0adfe722dde2bdd7b0edb52f0365ab6b1210e2a25cfab36136a055ebeec14
E             inputs/mfe_vacuum_params.json 4d239714198183bb1414461a30ddfc078fb19f057849cfd8049738b945b7f902
E             inputs/stellarator_plant_params.json e5d567f2c6b2f67a7495341998b0ceef86c5e0f382161a20b98cce941718a9b4
E             pipelines/pipeline.yaml 84af29209c51b249b7291c1e01bebe47c7e90d1ebfa442f7073b61724991980f
E           re-pin with --print-fingerprint after reviewing the change
E         
E       assert 1 == 0

tests/study/conftest.py:121: AssertionError
________ ERROR at setup of test_matches_the_item_1_fixture_contract[a] _________

request = <SubRequest 'report' for <Function test_known_answer[availability_direct]>>

    @pytest.fixture(scope="module")
    def report(request):
        package = request.config.rootpath / "exploration/stellarator_e2e/pkg/stellarator_tea"
        manifest_path = request.config.rootpath / "exploration/stellarator_e2e/studies/manifest.json"
>       return run_tool(package, manifest_path, DATA_DIR / "axes.known_answers.json")
               ^^^^^^^^^^^^^^^^^^^^^^^^^^^^^^^^^^^^^^^^^^^^^^^^^^^^^^^^^^^^^^^^^^^^^^

tests/study/test_known_answers.py:160: 
_ _ _ _ _ _ _ _ _ _ _ _ _ _ _ _ _ _ _ _ _ _ _ _ _ _ _ _ _ _ _ _ _ _ _ _ _ _ _ _ 

package = PosixPath('/home/reid/1cfe/fusion-tea-codex-test/exploration/stellarator_e2e/pkg/stellarator_tea')
manifest_path = PosixPath('/home/reid/1cfe/fusion-tea-codex-test/exploration/stellarator_e2e/studies/manifest.json')
groups = PosixPath('/home/reid/1cfe/fusion-tea-codex-test/tests/study/data/axes.known_answers.json')

    def run_tool(package, manifest_path, groups, *, group=(), cwd=None):
        """Invoke the CLI and return the parsed report. Raises if the run failed."""
        rc, out, err = run_tool_raw(package, manifest_path, groups, group=group, cwd=cwd)
>       assert rc == 0, f"tool exited {rc}\n{err}"
E       AssertionError: tool exited 1
E         indicator-input fingerprint mismatch: manifest pins 0e61f19061132204911763b142f203d5064e13589b7582c3ef0037d101503204 but indicator-input-fingerprint/v1 over the live package is 609e6cca0a4f329e834b52369a425541ca167bfdfe8608879d900a27ccedf06d
E           live per-file digests:
E             contracts/model_contract.json d2ee3c18e6d087149f55699dd7cdce59f074abcbd861b7824b9310e770b07bc2
E             inputs/mfe_account_costs_params.json 5b7f9baef4118fd7f4bf2df2bf6f15153208b84c2ad1507300b5f54fe83740b3
E             inputs/mfe_fuel_cycle_params.json 7c91948cb65554dad5d7dd4b50372116b903727e33bc11652940e11920a53d2b
E             inputs/mfe_magnet_cost_params.json 0009a95e44bd67b7ab7622bb51b9b8bddd01683ebdb969c7402116bc4de34113
E             inputs/mfe_magnet_field_params.json e46eb97bf88cdf3f9ac409bdcc35d87fd99022ab4b23ed78f516fb4172446180
E             inputs/mfe_plant_params.json ff041fec8a149e6c789ca1bd5cf0cc1c6f55c6d96da3f96179f9541131b94814
E             inputs/mfe_plasma_scaling_params.json d6324b43a9b6da6db2a9a26596378190b06b680bac856fdfab6e30d224f77b6d
E             inputs/mfe_plasma_sustainment_params.json d7c0adfe722dde2bdd7b0edb52f0365ab6b1210e2a25cfab36136a055ebeec14
E             inputs/mfe_vacuum_params.json 4d239714198183bb1414461a30ddfc078fb19f057849cfd8049738b945b7f902
E             inputs/stellarator_plant_params.json e5d567f2c6b2f67a7495341998b0ceef86c5e0f382161a20b98cce941718a9b4
E             pipelines/pipeline.yaml 84af29209c51b249b7291c1e01bebe47c7e90d1ebfa442f7073b61724991980f
E           re-pin with --print-fingerprint after reviewing the change
E         
E       assert 1 == 0

tests/study/conftest.py:121: AssertionError
______ ERROR at setup of test_matches_the_item_1_fixture_contract[I_coil] ______

request = <SubRequest 'report' for <Function test_known_answer[availability_direct]>>

    @pytest.fixture(scope="module")
    def report(request):
        package = request.config.rootpath / "exploration/stellarator_e2e/pkg/stellarator_tea"
        manifest_path = request.config.rootpath / "exploration/stellarator_e2e/studies/manifest.json"
>       return run_tool(package, manifest_path, DATA_DIR / "axes.known_answers.json")
               ^^^^^^^^^^^^^^^^^^^^^^^^^^^^^^^^^^^^^^^^^^^^^^^^^^^^^^^^^^^^^^^^^^^^^^

tests/study/test_known_answers.py:160: 
_ _ _ _ _ _ _ _ _ _ _ _ _ _ _ _ _ _ _ _ _ _ _ _ _ _ _ _ _ _ _ _ _ _ _ _ _ _ _ _ 

package = PosixPath('/home/reid/1cfe/fusion-tea-codex-test/exploration/stellarator_e2e/pkg/stellarator_tea')
manifest_path = PosixPath('/home/reid/1cfe/fusion-tea-codex-test/exploration/stellarator_e2e/studies/manifest.json')
groups = PosixPath('/home/reid/1cfe/fusion-tea-codex-test/tests/study/data/axes.known_answers.json')

    def run_tool(package, manifest_path, groups, *, group=(), cwd=None):
        """Invoke the CLI and return the parsed report. Raises if the run failed."""
        rc, out, err = run_tool_raw(package, manifest_path, groups, group=group, cwd=cwd)
>       assert rc == 0, f"tool exited {rc}\n{err}"
E       AssertionError: tool exited 1
E         indicator-input fingerprint mismatch: manifest pins 0e61f19061132204911763b142f203d5064e13589b7582c3ef0037d101503204 but indicator-input-fingerprint/v1 over the live package is 609e6cca0a4f329e834b52369a425541ca167bfdfe8608879d900a27ccedf06d
E           live per-file digests:
E             contracts/model_contract.json d2ee3c18e6d087149f55699dd7cdce59f074abcbd861b7824b9310e770b07bc2
E             inputs/mfe_account_costs_params.json 5b7f9baef4118fd7f4bf2df2bf6f15153208b84c2ad1507300b5f54fe83740b3
E             inputs/mfe_fuel_cycle_params.json 7c91948cb65554dad5d7dd4b50372116b903727e33bc11652940e11920a53d2b
E             inputs/mfe_magnet_cost_params.json 0009a95e44bd67b7ab7622bb51b9b8bddd01683ebdb969c7402116bc4de34113
E             inputs/mfe_magnet_field_params.json e46eb97bf88cdf3f9ac409bdcc35d87fd99022ab4b23ed78f516fb4172446180
E             inputs/mfe_plant_params.json ff041fec8a149e6c789ca1bd5cf0cc1c6f55c6d96da3f96179f9541131b94814
E             inputs/mfe_plasma_scaling_params.json d6324b43a9b6da6db2a9a26596378190b06b680bac856fdfab6e30d224f77b6d
E             inputs/mfe_plasma_sustainment_params.json d7c0adfe722dde2bdd7b0edb52f0365ab6b1210e2a25cfab36136a055ebeec14
E             inputs/mfe_vacuum_params.json 4d239714198183bb1414461a30ddfc078fb19f057849cfd8049738b945b7f902
E             inputs/stellarator_plant_params.json e5d567f2c6b2f67a7495341998b0ceef86c5e0f382161a20b98cce941718a9b4
E             pipelines/pipeline.yaml 84af29209c51b249b7291c1e01bebe47c7e90d1ebfa442f7073b61724991980f
E           re-pin with --print-fingerprint after reviewing the change
E         
E       assert 1 == 0

tests/study/conftest.py:121: AssertionError
_______ ERROR at setup of test_availability_direct_reaches_no_constraint _______

request = <SubRequest 'report' for <Function test_known_answer[availability_direct]>>

    @pytest.fixture(scope="module")
    def report(request):
        package = request.config.rootpath / "exploration/stellarator_e2e/pkg/stellarator_tea"
        manifest_path = request.config.rootpath / "exploration/stellarator_e2e/studies/manifest.json"
>       return run_tool(package, manifest_path, DATA_DIR / "axes.known_answers.json")
               ^^^^^^^^^^^^^^^^^^^^^^^^^^^^^^^^^^^^^^^^^^^^^^^^^^^^^^^^^^^^^^^^^^^^^^

tests/study/test_known_answers.py:160: 
_ _ _ _ _ _ _ _ _ _ _ _ _ _ _ _ _ _ _ _ _ _ _ _ _ _ _ _ _ _ _ _ _ _ _ _ _ _ _ _ 

package = PosixPath('/home/reid/1cfe/fusion-tea-codex-test/exploration/stellarator_e2e/pkg/stellarator_tea')
manifest_path = PosixPath('/home/reid/1cfe/fusion-tea-codex-test/exploration/stellarator_e2e/studies/manifest.json')
groups = PosixPath('/home/reid/1cfe/fusion-tea-codex-test/tests/study/data/axes.known_answers.json')

    def run_tool(package, manifest_path, groups, *, group=(), cwd=None):
        """Invoke the CLI and return the parsed report. Raises if the run failed."""
        rc, out, err = run_tool_raw(package, manifest_path, groups, group=group, cwd=cwd)
>       assert rc == 0, f"tool exited {rc}\n{err}"
E       AssertionError: tool exited 1
E         indicator-input fingerprint mismatch: manifest pins 0e61f19061132204911763b142f203d5064e13589b7582c3ef0037d101503204 but indicator-input-fingerprint/v1 over the live package is 609e6cca0a4f329e834b52369a425541ca167bfdfe8608879d900a27ccedf06d
E           live per-file digests:
E             contracts/model_contract.json d2ee3c18e6d087149f55699dd7cdce59f074abcbd861b7824b9310e770b07bc2
E             inputs/mfe_account_costs_params.json 5b7f9baef4118fd7f4bf2df2bf6f15153208b84c2ad1507300b5f54fe83740b3
E             inputs/mfe_fuel_cycle_params.json 7c91948cb65554dad5d7dd4b50372116b903727e33bc11652940e11920a53d2b
E             inputs/mfe_magnet_cost_params.json 0009a95e44bd67b7ab7622bb51b9b8bddd01683ebdb969c7402116bc4de34113
E             inputs/mfe_magnet_field_params.json e46eb97bf88cdf3f9ac409bdcc35d87fd99022ab4b23ed78f516fb4172446180
E             inputs/mfe_plant_params.json ff041fec8a149e6c789ca1bd5cf0cc1c6f55c6d96da3f96179f9541131b94814
E             inputs/mfe_plasma_scaling_params.json d6324b43a9b6da6db2a9a26596378190b06b680bac856fdfab6e30d224f77b6d
E             inputs/mfe_plasma_sustainment_params.json d7c0adfe722dde2bdd7b0edb52f0365ab6b1210e2a25cfab36136a055ebeec14
E             inputs/mfe_vacuum_params.json 4d239714198183bb1414461a30ddfc078fb19f057849cfd8049738b945b7f902
E             inputs/stellarator_plant_params.json e5d567f2c6b2f67a7495341998b0ceef86c5e0f382161a20b98cce941718a9b4
E             pipelines/pipeline.yaml 84af29209c51b249b7291c1e01bebe47c7e90d1ebfa442f7073b61724991980f
E           re-pin with --print-fingerprint after reviewing the change
E         
E       assert 1 == 0

tests/study/conftest.py:121: AssertionError
__ ERROR at setup of test_I_coil_reaches_the_field_constraints_through_calcs ___

request = <SubRequest 'report' for <Function test_known_answer[availability_direct]>>

    @pytest.fixture(scope="module")
    def report(request):
        package = request.config.rootpath / "exploration/stellarator_e2e/pkg/stellarator_tea"
        manifest_path = request.config.rootpath / "exploration/stellarator_e2e/studies/manifest.json"
>       return run_tool(package, manifest_path, DATA_DIR / "axes.known_answers.json")
               ^^^^^^^^^^^^^^^^^^^^^^^^^^^^^^^^^^^^^^^^^^^^^^^^^^^^^^^^^^^^^^^^^^^^^^

tests/study/test_known_answers.py:160: 
_ _ _ _ _ _ _ _ _ _ _ _ _ _ _ _ _ _ _ _ _ _ _ _ _ _ _ _ _ _ _ _ _ _ _ _ _ _ _ _ 

package = PosixPath('/home/reid/1cfe/fusion-tea-codex-test/exploration/stellarator_e2e/pkg/stellarator_tea')
manifest_path = PosixPath('/home/reid/1cfe/fusion-tea-codex-test/exploration/stellarator_e2e/studies/manifest.json')
groups = PosixPath('/home/reid/1cfe/fusion-tea-codex-test/tests/study/data/axes.known_answers.json')

    def run_tool(package, manifest_path, groups, *, group=(), cwd=None):
        """Invoke the CLI and return the parsed report. Raises if the run failed."""
        rc, out, err = run_tool_raw(package, manifest_path, groups, group=group, cwd=cwd)
>       assert rc == 0, f"tool exited {rc}\n{err}"
E       AssertionError: tool exited 1
E         indicator-input fingerprint mismatch: manifest pins 0e61f19061132204911763b142f203d5064e13589b7582c3ef0037d101503204 but indicator-input-fingerprint/v1 over the live package is 609e6cca0a4f329e834b52369a425541ca167bfdfe8608879d900a27ccedf06d
E           live per-file digests:
E             contracts/model_contract.json d2ee3c18e6d087149f55699dd7cdce59f074abcbd861b7824b9310e770b07bc2
E             inputs/mfe_account_costs_params.json 5b7f9baef4118fd7f4bf2df2bf6f15153208b84c2ad1507300b5f54fe83740b3
E             inputs/mfe_fuel_cycle_params.json 7c91948cb65554dad5d7dd4b50372116b903727e33bc11652940e11920a53d2b
E             inputs/mfe_magnet_cost_params.json 0009a95e44bd67b7ab7622bb51b9b8bddd01683ebdb969c7402116bc4de34113
E             inputs/mfe_magnet_field_params.json e46eb97bf88cdf3f9ac409bdcc35d87fd99022ab4b23ed78f516fb4172446180
E             inputs/mfe_plant_params.json ff041fec8a149e6c789ca1bd5cf0cc1c6f55c6d96da3f96179f9541131b94814
E             inputs/mfe_plasma_scaling_params.json d6324b43a9b6da6db2a9a26596378190b06b680bac856fdfab6e30d224f77b6d
E             inputs/mfe_plasma_sustainment_params.json d7c0adfe722dde2bdd7b0edb52f0365ab6b1210e2a25cfab36136a055ebeec14
E             inputs/mfe_vacuum_params.json 4d239714198183bb1414461a30ddfc078fb19f057849cfd8049738b945b7f902
E             inputs/stellarator_plant_params.json e5d567f2c6b2f67a7495341998b0ceef86c5e0f382161a20b98cce941718a9b4
E             pipelines/pipeline.yaml 84af29209c51b249b7291c1e01bebe47c7e90d1ebfa442f7073b61724991980f
E           re-pin with --print-fingerprint after reviewing the change
E         
E       assert 1 == 0

tests/study/conftest.py:121: AssertionError
___ ERROR at setup of test_r_reaches_net_positive_through_a_computed_operand ___

request = <SubRequest 'report' for <Function test_known_answer[availability_direct]>>

    @pytest.fixture(scope="module")
    def report(request):
        package = request.config.rootpath / "exploration/stellarator_e2e/pkg/stellarator_tea"
        manifest_path = request.config.rootpath / "exploration/stellarator_e2e/studies/manifest.json"
>       return run_tool(package, manifest_path, DATA_DIR / "axes.known_answers.json")
               ^^^^^^^^^^^^^^^^^^^^^^^^^^^^^^^^^^^^^^^^^^^^^^^^^^^^^^^^^^^^^^^^^^^^^^

tests/study/test_known_answers.py:160: 
_ _ _ _ _ _ _ _ _ _ _ _ _ _ _ _ _ _ _ _ _ _ _ _ _ _ _ _ _ _ _ _ _ _ _ _ _ _ _ _ 

package = PosixPath('/home/reid/1cfe/fusion-tea-codex-test/exploration/stellarator_e2e/pkg/stellarator_tea')
manifest_path = PosixPath('/home/reid/1cfe/fusion-tea-codex-test/exploration/stellarator_e2e/studies/manifest.json')
groups = PosixPath('/home/reid/1cfe/fusion-tea-codex-test/tests/study/data/axes.known_answers.json')

    def run_tool(package, manifest_path, groups, *, group=(), cwd=None):
        """Invoke the CLI and return the parsed report. Raises if the run failed."""
        rc, out, err = run_tool_raw(package, manifest_path, groups, group=group, cwd=cwd)
>       assert rc == 0, f"tool exited {rc}\n{err}"
E       AssertionError: tool exited 1
E         indicator-input fingerprint mismatch: manifest pins 0e61f19061132204911763b142f203d5064e13589b7582c3ef0037d101503204 but indicator-input-fingerprint/v1 over the live package is 609e6cca0a4f329e834b52369a425541ca167bfdfe8608879d900a27ccedf06d
E           live per-file digests:
E             contracts/model_contract.json d2ee3c18e6d087149f55699dd7cdce59f074abcbd861b7824b9310e770b07bc2
E             inputs/mfe_account_costs_params.json 5b7f9baef4118fd7f4bf2df2bf6f15153208b84c2ad1507300b5f54fe83740b3
E             inputs/mfe_fuel_cycle_params.json 7c91948cb65554dad5d7dd4b50372116b903727e33bc11652940e11920a53d2b
E             inputs/mfe_magnet_cost_params.json 0009a95e44bd67b7ab7622bb51b9b8bddd01683ebdb969c7402116bc4de34113
E             inputs/mfe_magnet_field_params.json e46eb97bf88cdf3f9ac409bdcc35d87fd99022ab4b23ed78f516fb4172446180
E             inputs/mfe_plant_params.json ff041fec8a149e6c789ca1bd5cf0cc1c6f55c6d96da3f96179f9541131b94814
E             inputs/mfe_plasma_scaling_params.json d6324b43a9b6da6db2a9a26596378190b06b680bac856fdfab6e30d224f77b6d
E             inputs/mfe_plasma_sustainment_params.json d7c0adfe722dde2bdd7b0edb52f0365ab6b1210e2a25cfab36136a055ebeec14
E             inputs/mfe_vacuum_params.json 4d239714198183bb1414461a30ddfc078fb19f057849cfd8049738b945b7f902
E             inputs/stellarator_plant_params.json e5d567f2c6b2f67a7495341998b0ceef86c5e0f382161a20b98cce941718a9b4
E             pipelines/pipeline.yaml 84af29209c51b249b7291c1e01bebe47c7e90d1ebfa442f7073b61724991980f
E           re-pin with --print-fingerprint after reviewing the change
E         
E       assert 1 == 0

tests/study/conftest.py:121: AssertionError
___ ERROR at setup of test_the_declared_tie_extends_reach_through_the_field ____

request = <SubRequest 'report' for <Function test_known_answer[availability_direct]>>

    @pytest.fixture(scope="module")
    def report(request):
        package = request.config.rootpath / "exploration/stellarator_e2e/pkg/stellarator_tea"
        manifest_path = request.config.rootpath / "exploration/stellarator_e2e/studies/manifest.json"
>       return run_tool(package, manifest_path, DATA_DIR / "axes.known_answers.json")
               ^^^^^^^^^^^^^^^^^^^^^^^^^^^^^^^^^^^^^^^^^^^^^^^^^^^^^^^^^^^^^^^^^^^^^^

tests/study/test_known_answers.py:160: 
_ _ _ _ _ _ _ _ _ _ _ _ _ _ _ _ _ _ _ _ _ _ _ _ _ _ _ _ _ _ _ _ _ _ _ _ _ _ _ _ 

package = PosixPath('/home/reid/1cfe/fusion-tea-codex-test/exploration/stellarator_e2e/pkg/stellarator_tea')
manifest_path = PosixPath('/home/reid/1cfe/fusion-tea-codex-test/exploration/stellarator_e2e/studies/manifest.json')
groups = PosixPath('/home/reid/1cfe/fusion-tea-codex-test/tests/study/data/axes.known_answers.json')

    def run_tool(package, manifest_path, groups, *, group=(), cwd=None):
        """Invoke the CLI and return the parsed report. Raises if the run failed."""
        rc, out, err = run_tool_raw(package, manifest_path, groups, group=group, cwd=cwd)
>       assert rc == 0, f"tool exited {rc}\n{err}"
E       AssertionError: tool exited 1
E         indicator-input fingerprint mismatch: manifest pins 0e61f19061132204911763b142f203d5064e13589b7582c3ef0037d101503204 but indicator-input-fingerprint/v1 over the live package is 609e6cca0a4f329e834b52369a425541ca167bfdfe8608879d900a27ccedf06d
E           live per-file digests:
E             contracts/model_contract.json d2ee3c18e6d087149f55699dd7cdce59f074abcbd861b7824b9310e770b07bc2
E             inputs/mfe_account_costs_params.json 5b7f9baef4118fd7f4bf2df2bf6f15153208b84c2ad1507300b5f54fe83740b3
E             inputs/mfe_fuel_cycle_params.json 7c91948cb65554dad5d7dd4b50372116b903727e33bc11652940e11920a53d2b
E             inputs/mfe_magnet_cost_params.json 0009a95e44bd67b7ab7622bb51b9b8bddd01683ebdb969c7402116bc4de34113
E             inputs/mfe_magnet_field_params.json e46eb97bf88cdf3f9ac409bdcc35d87fd99022ab4b23ed78f516fb4172446180
E             inputs/mfe_plant_params.json ff041fec8a149e6c789ca1bd5cf0cc1c6f55c6d96da3f96179f9541131b94814
E             inputs/mfe_plasma_scaling_params.json d6324b43a9b6da6db2a9a26596378190b06b680bac856fdfab6e30d224f77b6d
E             inputs/mfe_plasma_sustainment_params.json d7c0adfe722dde2bdd7b0edb52f0365ab6b1210e2a25cfab36136a055ebeec14
E             inputs/mfe_vacuum_params.json 4d239714198183bb1414461a30ddfc078fb19f057849cfd8049738b945b7f902
E             inputs/stellarator_plant_params.json e5d567f2c6b2f67a7495341998b0ceef86c5e0f382161a20b98cce941718a9b4
E             pipelines/pipeline.yaml 84af29209c51b249b7291c1e01bebe47c7e90d1ebfa442f7073b61724991980f
E           re-pin with --print-fingerprint after reviewing the change
E         
E       assert 1 == 0

tests/study/conftest.py:121: AssertionError
_____ ERROR at setup of test_every_constraint_carries_all_three_identities _____

request = <SubRequest 'report' for <Function test_known_answer[availability_direct]>>

    @pytest.fixture(scope="module")
    def report(request):
        package = request.config.rootpath / "exploration/stellarator_e2e/pkg/stellarator_tea"
        manifest_path = request.config.rootpath / "exploration/stellarator_e2e/studies/manifest.json"
>       return run_tool(package, manifest_path, DATA_DIR / "axes.known_answers.json")
               ^^^^^^^^^^^^^^^^^^^^^^^^^^^^^^^^^^^^^^^^^^^^^^^^^^^^^^^^^^^^^^^^^^^^^^

tests/study/test_known_answers.py:160: 
_ _ _ _ _ _ _ _ _ _ _ _ _ _ _ _ _ _ _ _ _ _ _ _ _ _ _ _ _ _ _ _ _ _ _ _ _ _ _ _ 

package = PosixPath('/home/reid/1cfe/fusion-tea-codex-test/exploration/stellarator_e2e/pkg/stellarator_tea')
manifest_path = PosixPath('/home/reid/1cfe/fusion-tea-codex-test/exploration/stellarator_e2e/studies/manifest.json')
groups = PosixPath('/home/reid/1cfe/fusion-tea-codex-test/tests/study/data/axes.known_answers.json')

    def run_tool(package, manifest_path, groups, *, group=(), cwd=None):
        """Invoke the CLI and return the parsed report. Raises if the run failed."""
        rc, out, err = run_tool_raw(package, manifest_path, groups, group=group, cwd=cwd)
>       assert rc == 0, f"tool exited {rc}\n{err}"
E       AssertionError: tool exited 1
E         indicator-input fingerprint mismatch: manifest pins 0e61f19061132204911763b142f203d5064e13589b7582c3ef0037d101503204 but indicator-input-fingerprint/v1 over the live package is 609e6cca0a4f329e834b52369a425541ca167bfdfe8608879d900a27ccedf06d
E           live per-file digests:
E             contracts/model_contract.json d2ee3c18e6d087149f55699dd7cdce59f074abcbd861b7824b9310e770b07bc2
E             inputs/mfe_account_costs_params.json 5b7f9baef4118fd7f4bf2df2bf6f15153208b84c2ad1507300b5f54fe83740b3
E             inputs/mfe_fuel_cycle_params.json 7c91948cb65554dad5d7dd4b50372116b903727e33bc11652940e11920a53d2b
E             inputs/mfe_magnet_cost_params.json 0009a95e44bd67b7ab7622bb51b9b8bddd01683ebdb969c7402116bc4de34113
E             inputs/mfe_magnet_field_params.json e46eb97bf88cdf3f9ac409bdcc35d87fd99022ab4b23ed78f516fb4172446180
E             inputs/mfe_plant_params.json ff041fec8a149e6c789ca1bd5cf0cc1c6f55c6d96da3f96179f9541131b94814
E             inputs/mfe_plasma_scaling_params.json d6324b43a9b6da6db2a9a26596378190b06b680bac856fdfab6e30d224f77b6d
E             inputs/mfe_plasma_sustainment_params.json d7c0adfe722dde2bdd7b0edb52f0365ab6b1210e2a25cfab36136a055ebeec14
E             inputs/mfe_vacuum_params.json 4d239714198183bb1414461a30ddfc078fb19f057849cfd8049738b945b7f902
E             inputs/stellarator_plant_params.json e5d567f2c6b2f67a7495341998b0ceef86c5e0f382161a20b98cce941718a9b4
E             pipelines/pipeline.yaml 84af29209c51b249b7291c1e01bebe47c7e90d1ebfa442f7073b61724991980f
E           re-pin with --print-fingerprint after reviewing the change
E         
E       assert 1 == 0

tests/study/conftest.py:121: AssertionError
________ ERROR at setup of test_all_six_checks_pass_on_the_real_package ________

self = <simkit.study.runner.StudyRunner object at 0x7b3a9d233a70>
candidate_id = 'stellarator-availability-sweep-v1:c0000'
proposal_id = 'stellarator-availability-sweep-v1:p0000'
attempt_id = 'stellarator-availability-sweep-v1:c0000:a1', attempt_number = 1
canonical_inputs = {'stellarator_09__stellaris__R': 12.7, 'stellarator_09__stellaris__a': 1.3, 'stellarator_09__stellaris__availability_direct': 0.5, 'stellarator_09__stellaris__magnet__R0': 12.7}

    def _run_attempt(
        self, candidate_id: str, proposal_id: str, attempt_id: str, attempt_number: int,
        canonical_inputs: Mapping,
    ) -> None:
        self.store.record_transition(
            attempt_id=attempt_id, candidate_id=candidate_id, proposal_id=proposal_id,
            attempt_number=attempt_number, state="started",
        )
        try:
            # bridge.build is inside the failure switch (Item 9 R1): a
            # field-level bridge failure (unknown/malformed) raises
            # EvaluationFailed(ENTRY_VALIDATION) and is recorded as a
            # StudyBridgeDefect, not an uncaught crash.
>           typed_inputs = self.bridge.build(canonical_inputs)
                           ^^^^^^^^^^^^^^^^^^^^^^^^^^^^^^^^^^^

../teax/packages/teax-simkit/simkit/study/runner.py:99: 
_ _ _ _ _ _ _ _ _ _ _ _ _ _ _ _ _ _ _ _ _ _ _ _ _ _ _ _ _ _ _ _ _ _ _ _ _ _ _ _ 

self = <simkit.study.bridge.CandidateBridge object at 0x7b3a9d233b30>
selected_fields = {'stellarator_09__stellaris__R': 12.7, 'stellarator_09__stellaris__a': 1.3, 'stellarator_09__stellaris__availability_direct': 0.5, 'stellarator_09__stellaris__magnet__R0': 12.7}

    def build(self, selected_fields: Mapping[str, Any]) -> dict[str, BaseModel]:
        # Partition selected fields onto their owning channels; an unknown
        # field fails closed before any model is constructed.
        by_channel: dict[str, dict[str, Any]] = {ch: {} for ch in self._entry_models}
        for name, value in selected_fields.items():
            channel = self._owner.get(name)
            if channel is None:
>               raise EvaluationFailed(
                    EvaluationFailure(
                        phase=EvaluationPhase.ENTRY_VALIDATION,
                        cause=f"Unknown entry field {name!r} (declared by no channel)",
                    )
                )
E               simkit.evaluation.failure.EvaluationFailed: entry_validation: Unknown entry field 'stellarator_09__stellaris__magnet__R0' (declared by no channel)

../teax/packages/teax-simkit/simkit/study/bridge.py:57: EvaluationFailed

During handling of the above exception, another exception occurred:

tmp_path_factory = TempPathFactory(_given_basetemp=None, _trace=<pluggy._tracing.TagTracerSub object at 0x7b3ac2a32180>, _basetemp=PosixPath('/tmp/pytest-of-reid/pytest-12236'), _retention_count=3, _retention_policy='all')
stock_simkit_session_path = PosixPath('/home/reid/1cfe/teax/packages/teax-simkit')

    @pytest.fixture(scope="session")
    def stock_route_run(tmp_path_factory, stock_simkit_session_path):
        """One stock-route execution per session: the availability sweep's store plus the
        sealed identity document and baseline result the route deposits."""
        studies = str(REPO_ROOT / "exploration" / "stellarator_e2e" / "studies")
        if studies not in sys.path:
            sys.path.insert(0, studies)
        import study_route
    
        out = tmp_path_factory.mktemp("stock_route_run")
>       study_route.run_availability_sweep(out)

tests/study/conftest.py:285: 
_ _ _ _ _ _ _ _ _ _ _ _ _ _ _ _ _ _ _ _ _ _ _ _ _ _ _ _ _ _ _ _ _ _ _ _ _ _ _ _ 
exploration/stellarator_e2e/studies/study_route.py:400: in run_availability_sweep
    cases, _ = run_points(
exploration/stellarator_e2e/studies/study_route.py:233: in run_points
    StudyRunner(store, study, _RequiredOutputsEvaluator(prepared, required_channels)).run()
../teax/packages/teax-simkit/simkit/study/runner.py:65: in run
    self._evaluate_candidate(candidate_id, proposal_id, canonical)
../teax/packages/teax-simkit/simkit/study/runner.py:75: in _evaluate_candidate
    self._run_attempt(
../teax/packages/teax-simkit/simkit/study/runner.py:102: in _run_attempt
    self._commit_execution_failure(
_ _ _ _ _ _ _ _ _ _ _ _ _ _ _ _ _ _ _ _ _ _ _ _ _ _ _ _ _ _ _ _ _ _ _ _ _ _ _ _ 

self = <simkit.study.runner.StudyRunner object at 0x7b3a9d233a70>
failure = EvaluationFailure(phase=<EvaluationPhase.ENTRY_VALIDATION: 'entry_validation'>, cause="Unknown entry field 'stellarator_09__stellaris__magnet__R0' (declared by no channel)", module_or_channel=None, retryable=False, partial_artifacts=())
candidate_id = 'stellarator-availability-sweep-v1:c0000'
proposal_id = 'stellarator-availability-sweep-v1:p0000'
attempt_id = 'stellarator-availability-sweep-v1:c0000:a1', attempt_number = 1
canonical_inputs = {'stellarator_09__stellaris__R': 12.7, 'stellarator_09__stellaris__a': 1.3, 'stellarator_09__stellaris__availability_direct': 0.5, 'stellarator_09__stellaris__magnet__R0': 12.7}

    def _commit_execution_failure(
        self, failure: EvaluationFailure, candidate_id: str, proposal_id: str, attempt_id: str,
        attempt_number: int, canonical_inputs: Mapping,
    ) -> None:
        if failure.phase == EvaluationPhase.ENTRY_VALIDATION:
>           raise StudyBridgeDefect(failure)
E           simkit.study.failures.StudyBridgeDefect: bridge produced an invalid entry model: Unknown entry field 'stellarator_09__stellaris__magnet__R0' (declared by no channel)

../teax/packages/teax-simkit/simkit/study/runner.py:116: StudyBridgeDefect
___ ERROR at setup of test_the_results_document_validates_against_its_schema ___

self = <simkit.study.runner.StudyRunner object at 0x7b3a9d233a70>
candidate_id = 'stellarator-availability-sweep-v1:c0000'
proposal_id = 'stellarator-availability-sweep-v1:p0000'
attempt_id = 'stellarator-availability-sweep-v1:c0000:a1', attempt_number = 1
canonical_inputs = {'stellarator_09__stellaris__R': 12.7, 'stellarator_09__stellaris__a': 1.3, 'stellarator_09__stellaris__availability_direct': 0.5, 'stellarator_09__stellaris__magnet__R0': 12.7}

    def _run_attempt(
        self, candidate_id: str, proposal_id: str, attempt_id: str, attempt_number: int,
        canonical_inputs: Mapping,
    ) -> None:
        self.store.record_transition(
            attempt_id=attempt_id, candidate_id=candidate_id, proposal_id=proposal_id,
            attempt_number=attempt_number, state="started",
        )
        try:
            # bridge.build is inside the failure switch (Item 9 R1): a
            # field-level bridge failure (unknown/malformed) raises
            # EvaluationFailed(ENTRY_VALIDATION) and is recorded as a
            # StudyBridgeDefect, not an uncaught crash.
>           typed_inputs = self.bridge.build(canonical_inputs)
                           ^^^^^^^^^^^^^^^^^^^^^^^^^^^^^^^^^^^

../teax/packages/teax-simkit/simkit/study/runner.py:99: 
_ _ _ _ _ _ _ _ _ _ _ _ _ _ _ _ _ _ _ _ _ _ _ _ _ _ _ _ _ _ _ _ _ _ _ _ _ _ _ _ 

self = <simkit.study.bridge.CandidateBridge object at 0x7b3a9d233b30>
selected_fields = {'stellarator_09__stellaris__R': 12.7, 'stellarator_09__stellaris__a': 1.3, 'stellarator_09__stellaris__availability_direct': 0.5, 'stellarator_09__stellaris__magnet__R0': 12.7}

    def build(self, selected_fields: Mapping[str, Any]) -> dict[str, BaseModel]:
        # Partition selected fields onto their owning channels; an unknown
        # field fails closed before any model is constructed.
        by_channel: dict[str, dict[str, Any]] = {ch: {} for ch in self._entry_models}
        for name, value in selected_fields.items():
            channel = self._owner.get(name)
            if channel is None:
>               raise EvaluationFailed(
                    EvaluationFailure(
                        phase=EvaluationPhase.ENTRY_VALIDATION,
                        cause=f"Unknown entry field {name!r} (declared by no channel)",
                    )
                )
E               simkit.evaluation.failure.EvaluationFailed: entry_validation: Unknown entry field 'stellarator_09__stellaris__magnet__R0' (declared by no channel)

../teax/packages/teax-simkit/simkit/study/bridge.py:57: EvaluationFailed

During handling of the above exception, another exception occurred:

tmp_path_factory = TempPathFactory(_given_basetemp=None, _trace=<pluggy._tracing.TagTracerSub object at 0x7b3ac2a32180>, _basetemp=PosixPath('/tmp/pytest-of-reid/pytest-12236'), _retention_count=3, _retention_policy='all')
stock_simkit_session_path = PosixPath('/home/reid/1cfe/teax/packages/teax-simkit')

    @pytest.fixture(scope="session")
    def stock_route_run(tmp_path_factory, stock_simkit_session_path):
        """One stock-route execution per session: the availability sweep's store plus the
        sealed identity document and baseline result the route deposits."""
        studies = str(REPO_ROOT / "exploration" / "stellarator_e2e" / "studies")
        if studies not in sys.path:
            sys.path.insert(0, studies)
        import study_route
    
        out = tmp_path_factory.mktemp("stock_route_run")
>       study_route.run_availability_sweep(out)

tests/study/conftest.py:285: 
_ _ _ _ _ _ _ _ _ _ _ _ _ _ _ _ _ _ _ _ _ _ _ _ _ _ _ _ _ _ _ _ _ _ _ _ _ _ _ _ 
exploration/stellarator_e2e/studies/study_route.py:400: in run_availability_sweep
    cases, _ = run_points(
exploration/stellarator_e2e/studies/study_route.py:233: in run_points
    StudyRunner(store, study, _RequiredOutputsEvaluator(prepared, required_channels)).run()
../teax/packages/teax-simkit/simkit/study/runner.py:65: in run
    self._evaluate_candidate(candidate_id, proposal_id, canonical)
../teax/packages/teax-simkit/simkit/study/runner.py:75: in _evaluate_candidate
    self._run_attempt(
../teax/packages/teax-simkit/simkit/study/runner.py:102: in _run_attempt
    self._commit_execution_failure(
_ _ _ _ _ _ _ _ _ _ _ _ _ _ _ _ _ _ _ _ _ _ _ _ _ _ _ _ _ _ _ _ _ _ _ _ _ _ _ _ 

self = <simkit.study.runner.StudyRunner object at 0x7b3a9d233a70>
failure = EvaluationFailure(phase=<EvaluationPhase.ENTRY_VALIDATION: 'entry_validation'>, cause="Unknown entry field 'stellarator_09__stellaris__magnet__R0' (declared by no channel)", module_or_channel=None, retryable=False, partial_artifacts=())
candidate_id = 'stellarator-availability-sweep-v1:c0000'
proposal_id = 'stellarator-availability-sweep-v1:p0000'
attempt_id = 'stellarator-availability-sweep-v1:c0000:a1', attempt_number = 1
canonical_inputs = {'stellarator_09__stellaris__R': 12.7, 'stellarator_09__stellaris__a': 1.3, 'stellarator_09__stellaris__availability_direct': 0.5, 'stellarator_09__stellaris__magnet__R0': 12.7}

    def _commit_execution_failure(
        self, failure: EvaluationFailure, candidate_id: str, proposal_id: str, attempt_id: str,
        attempt_number: int, canonical_inputs: Mapping,
    ) -> None:
        if failure.phase == EvaluationPhase.ENTRY_VALIDATION:
>           raise StudyBridgeDefect(failure)
E           simkit.study.failures.StudyBridgeDefect: bridge produced an invalid entry model: Unknown entry field 'stellarator_09__stellaris__magnet__R0' (declared by no channel)

../teax/packages/teax-simkit/simkit/study/runner.py:116: StudyBridgeDefect
_ ERROR at setup of test_the_document_carries_a_digest_for_every_input_it_read _

self = <simkit.study.runner.StudyRunner object at 0x7b3a9d233a70>
candidate_id = 'stellarator-availability-sweep-v1:c0000'
proposal_id = 'stellarator-availability-sweep-v1:p0000'
attempt_id = 'stellarator-availability-sweep-v1:c0000:a1', attempt_number = 1
canonical_inputs = {'stellarator_09__stellaris__R': 12.7, 'stellarator_09__stellaris__a': 1.3, 'stellarator_09__stellaris__availability_direct': 0.5, 'stellarator_09__stellaris__magnet__R0': 12.7}

    def _run_attempt(
        self, candidate_id: str, proposal_id: str, attempt_id: str, attempt_number: int,
        canonical_inputs: Mapping,
    ) -> None:
        self.store.record_transition(
            attempt_id=attempt_id, candidate_id=candidate_id, proposal_id=proposal_id,
            attempt_number=attempt_number, state="started",
        )
        try:
            # bridge.build is inside the failure switch (Item 9 R1): a
            # field-level bridge failure (unknown/malformed) raises
            # EvaluationFailed(ENTRY_VALIDATION) and is recorded as a
            # StudyBridgeDefect, not an uncaught crash.
>           typed_inputs = self.bridge.build(canonical_inputs)
                           ^^^^^^^^^^^^^^^^^^^^^^^^^^^^^^^^^^^

../teax/packages/teax-simkit/simkit/study/runner.py:99: 
_ _ _ _ _ _ _ _ _ _ _ _ _ _ _ _ _ _ _ _ _ _ _ _ _ _ _ _ _ _ _ _ _ _ _ _ _ _ _ _ 

self = <simkit.study.bridge.CandidateBridge object at 0x7b3a9d233b30>
selected_fields = {'stellarator_09__stellaris__R': 12.7, 'stellarator_09__stellaris__a': 1.3, 'stellarator_09__stellaris__availability_direct': 0.5, 'stellarator_09__stellaris__magnet__R0': 12.7}

    def build(self, selected_fields: Mapping[str, Any]) -> dict[str, BaseModel]:
        # Partition selected fields onto their owning channels; an unknown
        # field fails closed before any model is constructed.
        by_channel: dict[str, dict[str, Any]] = {ch: {} for ch in self._entry_models}
        for name, value in selected_fields.items():
            channel = self._owner.get(name)
            if channel is None:
>               raise EvaluationFailed(
                    EvaluationFailure(
                        phase=EvaluationPhase.ENTRY_VALIDATION,
                        cause=f"Unknown entry field {name!r} (declared by no channel)",
                    )
                )
E               simkit.evaluation.failure.EvaluationFailed: entry_validation: Unknown entry field 'stellarator_09__stellaris__magnet__R0' (declared by no channel)

../teax/packages/teax-simkit/simkit/study/bridge.py:57: EvaluationFailed

During handling of the above exception, another exception occurred:

tmp_path_factory = TempPathFactory(_given_basetemp=None, _trace=<pluggy._tracing.TagTracerSub object at 0x7b3ac2a32180>, _basetemp=PosixPath('/tmp/pytest-of-reid/pytest-12236'), _retention_count=3, _retention_policy='all')
stock_simkit_session_path = PosixPath('/home/reid/1cfe/teax/packages/teax-simkit')

    @pytest.fixture(scope="session")
    def stock_route_run(tmp_path_factory, stock_simkit_session_path):
        """One stock-route execution per session: the availability sweep's store plus the
        sealed identity document and baseline result the route deposits."""
        studies = str(REPO_ROOT / "exploration" / "stellarator_e2e" / "studies")
        if studies not in sys.path:
            sys.path.insert(0, studies)
        import study_route
    
        out = tmp_path_factory.mktemp("stock_route_run")
>       study_route.run_availability_sweep(out)

tests/study/conftest.py:285: 
_ _ _ _ _ _ _ _ _ _ _ _ _ _ _ _ _ _ _ _ _ _ _ _ _ _ _ _ _ _ _ _ _ _ _ _ _ _ _ _ 
exploration/stellarator_e2e/studies/study_route.py:400: in run_availability_sweep
    cases, _ = run_points(
exploration/stellarator_e2e/studies/study_route.py:233: in run_points
    StudyRunner(store, study, _RequiredOutputsEvaluator(prepared, required_channels)).run()
../teax/packages/teax-simkit/simkit/study/runner.py:65: in run
    self._evaluate_candidate(candidate_id, proposal_id, canonical)
../teax/packages/teax-simkit/simkit/study/runner.py:75: in _evaluate_candidate
    self._run_attempt(
../teax/packages/teax-simkit/simkit/study/runner.py:102: in _run_attempt
    self._commit_execution_failure(
_ _ _ _ _ _ _ _ _ _ _ _ _ _ _ _ _ _ _ _ _ _ _ _ _ _ _ _ _ _ _ _ _ _ _ _ _ _ _ _ 

self = <simkit.study.runner.StudyRunner object at 0x7b3a9d233a70>
failure = EvaluationFailure(phase=<EvaluationPhase.ENTRY_VALIDATION: 'entry_validation'>, cause="Unknown entry field 'stellarator_09__stellaris__magnet__R0' (declared by no channel)", module_or_channel=None, retryable=False, partial_artifacts=())
candidate_id = 'stellarator-availability-sweep-v1:c0000'
proposal_id = 'stellarator-availability-sweep-v1:p0000'
attempt_id = 'stellarator-availability-sweep-v1:c0000:a1', attempt_number = 1
canonical_inputs = {'stellarator_09__stellaris__R': 12.7, 'stellarator_09__stellaris__a': 1.3, 'stellarator_09__stellaris__availability_direct': 0.5, 'stellarator_09__stellaris__magnet__R0': 12.7}

    def _commit_execution_failure(
        self, failure: EvaluationFailure, candidate_id: str, proposal_id: str, attempt_id: str,
        attempt_number: int, canonical_inputs: Mapping,
    ) -> None:
        if failure.phase == EvaluationPhase.ENTRY_VALIDATION:
>           raise StudyBridgeDefect(failure)
E           simkit.study.failures.StudyBridgeDefect: bridge produced an invalid entry model: Unknown entry field 'stellarator_09__stellaris__magnet__R0' (declared by no channel)

../teax/packages/teax-simkit/simkit/study/runner.py:116: StudyBridgeDefect
_ ERROR at setup of test_the_six_results_map_onto_record_section_9s_five_rows __

self = <simkit.study.runner.StudyRunner object at 0x7b3a9d233a70>
candidate_id = 'stellarator-availability-sweep-v1:c0000'
proposal_id = 'stellarator-availability-sweep-v1:p0000'
attempt_id = 'stellarator-availability-sweep-v1:c0000:a1', attempt_number = 1
canonical_inputs = {'stellarator_09__stellaris__R': 12.7, 'stellarator_09__stellaris__a': 1.3, 'stellarator_09__stellaris__availability_direct': 0.5, 'stellarator_09__stellaris__magnet__R0': 12.7}

    def _run_attempt(
        self, candidate_id: str, proposal_id: str, attempt_id: str, attempt_number: int,
        canonical_inputs: Mapping,
    ) -> None:
        self.store.record_transition(
            attempt_id=attempt_id, candidate_id=candidate_id, proposal_id=proposal_id,
            attempt_number=attempt_number, state="started",
        )
        try:
            # bridge.build is inside the failure switch (Item 9 R1): a
            # field-level bridge failure (unknown/malformed) raises
            # EvaluationFailed(ENTRY_VALIDATION) and is recorded as a
            # StudyBridgeDefect, not an uncaught crash.
>           typed_inputs = self.bridge.build(canonical_inputs)
                           ^^^^^^^^^^^^^^^^^^^^^^^^^^^^^^^^^^^

../teax/packages/teax-simkit/simkit/study/runner.py:99: 
_ _ _ _ _ _ _ _ _ _ _ _ _ _ _ _ _ _ _ _ _ _ _ _ _ _ _ _ _ _ _ _ _ _ _ _ _ _ _ _ 

self = <simkit.study.bridge.CandidateBridge object at 0x7b3a9d233b30>
selected_fields = {'stellarator_09__stellaris__R': 12.7, 'stellarator_09__stellaris__a': 1.3, 'stellarator_09__stellaris__availability_direct': 0.5, 'stellarator_09__stellaris__magnet__R0': 12.7}

    def build(self, selected_fields: Mapping[str, Any]) -> dict[str, BaseModel]:
        # Partition selected fields onto their owning channels; an unknown
        # field fails closed before any model is constructed.
        by_channel: dict[str, dict[str, Any]] = {ch: {} for ch in self._entry_models}
        for name, value in selected_fields.items():
            channel = self._owner.get(name)
            if channel is None:
>               raise EvaluationFailed(
                    EvaluationFailure(
                        phase=EvaluationPhase.ENTRY_VALIDATION,
                        cause=f"Unknown entry field {name!r} (declared by no channel)",
                    )
                )
E               simkit.evaluation.failure.EvaluationFailed: entry_validation: Unknown entry field 'stellarator_09__stellaris__magnet__R0' (declared by no channel)

../teax/packages/teax-simkit/simkit/study/bridge.py:57: EvaluationFailed

During handling of the above exception, another exception occurred:

tmp_path_factory = TempPathFactory(_given_basetemp=None, _trace=<pluggy._tracing.TagTracerSub object at 0x7b3ac2a32180>, _basetemp=PosixPath('/tmp/pytest-of-reid/pytest-12236'), _retention_count=3, _retention_policy='all')
stock_simkit_session_path = PosixPath('/home/reid/1cfe/teax/packages/teax-simkit')

    @pytest.fixture(scope="session")
    def stock_route_run(tmp_path_factory, stock_simkit_session_path):
        """One stock-route execution per session: the availability sweep's store plus the
        sealed identity document and baseline result the route deposits."""
        studies = str(REPO_ROOT / "exploration" / "stellarator_e2e" / "studies")
        if studies not in sys.path:
            sys.path.insert(0, studies)
        import study_route
    
        out = tmp_path_factory.mktemp("stock_route_run")
>       study_route.run_availability_sweep(out)

tests/study/conftest.py:285: 
_ _ _ _ _ _ _ _ _ _ _ _ _ _ _ _ _ _ _ _ _ _ _ _ _ _ _ _ _ _ _ _ _ _ _ _ _ _ _ _ 
exploration/stellarator_e2e/studies/study_route.py:400: in run_availability_sweep
    cases, _ = run_points(
exploration/stellarator_e2e/studies/study_route.py:233: in run_points
    StudyRunner(store, study, _RequiredOutputsEvaluator(prepared, required_channels)).run()
../teax/packages/teax-simkit/simkit/study/runner.py:65: in run
    self._evaluate_candidate(candidate_id, proposal_id, canonical)
../teax/packages/teax-simkit/simkit/study/runner.py:75: in _evaluate_candidate
    self._run_attempt(
../teax/packages/teax-simkit/simkit/study/runner.py:102: in _run_attempt
    self._commit_execution_failure(
_ _ _ _ _ _ _ _ _ _ _ _ _ _ _ _ _ _ _ _ _ _ _ _ _ _ _ _ _ _ _ _ _ _ _ _ _ _ _ _ 

self = <simkit.study.runner.StudyRunner object at 0x7b3a9d233a70>
failure = EvaluationFailure(phase=<EvaluationPhase.ENTRY_VALIDATION: 'entry_validation'>, cause="Unknown entry field 'stellarator_09__stellaris__magnet__R0' (declared by no channel)", module_or_channel=None, retryable=False, partial_artifacts=())
candidate_id = 'stellarator-availability-sweep-v1:c0000'
proposal_id = 'stellarator-availability-sweep-v1:p0000'
attempt_id = 'stellarator-availability-sweep-v1:c0000:a1', attempt_number = 1
canonical_inputs = {'stellarator_09__stellaris__R': 12.7, 'stellarator_09__stellaris__a': 1.3, 'stellarator_09__stellaris__availability_direct': 0.5, 'stellarator_09__stellaris__magnet__R0': 12.7}

    def _commit_execution_failure(
        self, failure: EvaluationFailure, candidate_id: str, proposal_id: str, attempt_id: str,
        attempt_number: int, canonical_inputs: Mapping,
    ) -> None:
        if failure.phase == EvaluationPhase.ENTRY_VALIDATION:
>           raise StudyBridgeDefect(failure)
E           simkit.study.failures.StudyBridgeDefect: bridge produced an invalid entry model: Unknown entry field 'stellarator_09__stellaris__magnet__R0' (declared by no channel)

../teax/packages/teax-simkit/simkit/study/runner.py:116: StudyBridgeDefect
_ ERROR at setup of test_the_tool_reports_its_own_revision_as_a_named_recipe_over_a_named_file_list _

self = <simkit.study.runner.StudyRunner object at 0x7b3a9d233a70>
candidate_id = 'stellarator-availability-sweep-v1:c0000'
proposal_id = 'stellarator-availability-sweep-v1:p0000'
attempt_id = 'stellarator-availability-sweep-v1:c0000:a1', attempt_number = 1
canonical_inputs = {'stellarator_09__stellaris__R': 12.7, 'stellarator_09__stellaris__a': 1.3, 'stellarator_09__stellaris__availability_direct': 0.5, 'stellarator_09__stellaris__magnet__R0': 12.7}

    def _run_attempt(
        self, candidate_id: str, proposal_id: str, attempt_id: str, attempt_number: int,
        canonical_inputs: Mapping,
    ) -> None:
        self.store.record_transition(
            attempt_id=attempt_id, candidate_id=candidate_id, proposal_id=proposal_id,
            attempt_number=attempt_number, state="started",
        )
        try:
            # bridge.build is inside the failure switch (Item 9 R1): a
            # field-level bridge failure (unknown/malformed) raises
            # EvaluationFailed(ENTRY_VALIDATION) and is recorded as a
            # StudyBridgeDefect, not an uncaught crash.
>           typed_inputs = self.bridge.build(canonical_inputs)
                           ^^^^^^^^^^^^^^^^^^^^^^^^^^^^^^^^^^^

../teax/packages/teax-simkit/simkit/study/runner.py:99: 
_ _ _ _ _ _ _ _ _ _ _ _ _ _ _ _ _ _ _ _ _ _ _ _ _ _ _ _ _ _ _ _ _ _ _ _ _ _ _ _ 

self = <simkit.study.bridge.CandidateBridge object at 0x7b3a9d233b30>
selected_fields = {'stellarator_09__stellaris__R': 12.7, 'stellarator_09__stellaris__a': 1.3, 'stellarator_09__stellaris__availability_direct': 0.5, 'stellarator_09__stellaris__magnet__R0': 12.7}

    def build(self, selected_fields: Mapping[str, Any]) -> dict[str, BaseModel]:
        # Partition selected fields onto their owning channels; an unknown
        # field fails closed before any model is constructed.
        by_channel: dict[str, dict[str, Any]] = {ch: {} for ch in self._entry_models}
        for name, value in selected_fields.items():
            channel = self._owner.get(name)
            if channel is None:
>               raise EvaluationFailed(
                    EvaluationFailure(
                        phase=EvaluationPhase.ENTRY_VALIDATION,
                        cause=f"Unknown entry field {name!r} (declared by no channel)",
                    )
                )
E               simkit.evaluation.failure.EvaluationFailed: entry_validation: Unknown entry field 'stellarator_09__stellaris__magnet__R0' (declared by no channel)

../teax/packages/teax-simkit/simkit/study/bridge.py:57: EvaluationFailed

During handling of the above exception, another exception occurred:

tmp_path_factory = TempPathFactory(_given_basetemp=None, _trace=<pluggy._tracing.TagTracerSub object at 0x7b3ac2a32180>, _basetemp=PosixPath('/tmp/pytest-of-reid/pytest-12236'), _retention_count=3, _retention_policy='all')
stock_simkit_session_path = PosixPath('/home/reid/1cfe/teax/packages/teax-simkit')

    @pytest.fixture(scope="session")
    def stock_route_run(tmp_path_factory, stock_simkit_session_path):
        """One stock-route execution per session: the availability sweep's store plus the
        sealed identity document and baseline result the route deposits."""
        studies = str(REPO_ROOT / "exploration" / "stellarator_e2e" / "studies")
        if studies not in sys.path:
            sys.path.insert(0, studies)
        import study_route
    
        out = tmp_path_factory.mktemp("stock_route_run")
>       study_route.run_availability_sweep(out)

tests/study/conftest.py:285: 
_ _ _ _ _ _ _ _ _ _ _ _ _ _ _ _ _ _ _ _ _ _ _ _ _ _ _ _ _ _ _ _ _ _ _ _ _ _ _ _ 
exploration/stellarator_e2e/studies/study_route.py:400: in run_availability_sweep
    cases, _ = run_points(
exploration/stellarator_e2e/studies/study_route.py:233: in run_points
    StudyRunner(store, study, _RequiredOutputsEvaluator(prepared, required_channels)).run()
../teax/packages/teax-simkit/simkit/study/runner.py:65: in run
    self._evaluate_candidate(candidate_id, proposal_id, canonical)
../teax/packages/teax-simkit/simkit/study/runner.py:75: in _evaluate_candidate
    self._run_attempt(
../teax/packages/teax-simkit/simkit/study/runner.py:102: in _run_attempt
    self._commit_execution_failure(
_ _ _ _ _ _ _ _ _ _ _ _ _ _ _ _ _ _ _ _ _ _ _ _ _ _ _ _ _ _ _ _ _ _ _ _ _ _ _ _ 

self = <simkit.study.runner.StudyRunner object at 0x7b3a9d233a70>
failure = EvaluationFailure(phase=<EvaluationPhase.ENTRY_VALIDATION: 'entry_validation'>, cause="Unknown entry field 'stellarator_09__stellaris__magnet__R0' (declared by no channel)", module_or_channel=None, retryable=False, partial_artifacts=())
candidate_id = 'stellarator-availability-sweep-v1:c0000'
proposal_id = 'stellarator-availability-sweep-v1:p0000'
attempt_id = 'stellarator-availability-sweep-v1:c0000:a1', attempt_number = 1
canonical_inputs = {'stellarator_09__stellaris__R': 12.7, 'stellarator_09__stellaris__a': 1.3, 'stellarator_09__stellaris__availability_direct': 0.5, 'stellarator_09__stellaris__magnet__R0': 12.7}

    def _commit_execution_failure(
        self, failure: EvaluationFailure, candidate_id: str, proposal_id: str, attempt_id: str,
        attempt_number: int, canonical_inputs: Mapping,
    ) -> None:
        if failure.phase == EvaluationPhase.ENTRY_VALIDATION:
>           raise StudyBridgeDefect(failure)
E           simkit.study.failures.StudyBridgeDefect: bridge produced an invalid entry model: Unknown entry field 'stellarator_09__stellaris__magnet__R0' (declared by no channel)

../teax/packages/teax-simkit/simkit/study/runner.py:116: StudyBridgeDefect
____ ERROR at setup of test_the_sibling_scan_is_advisory_and_can_never_fail ____

self = <simkit.study.runner.StudyRunner object at 0x7b3a9d233a70>
candidate_id = 'stellarator-availability-sweep-v1:c0000'
proposal_id = 'stellarator-availability-sweep-v1:p0000'
attempt_id = 'stellarator-availability-sweep-v1:c0000:a1', attempt_number = 1
canonical_inputs = {'stellarator_09__stellaris__R': 12.7, 'stellarator_09__stellaris__a': 1.3, 'stellarator_09__stellaris__availability_direct': 0.5, 'stellarator_09__stellaris__magnet__R0': 12.7}

    def _run_attempt(
        self, candidate_id: str, proposal_id: str, attempt_id: str, attempt_number: int,
        canonical_inputs: Mapping,
    ) -> None:
        self.store.record_transition(
            attempt_id=attempt_id, candidate_id=candidate_id, proposal_id=proposal_id,
            attempt_number=attempt_number, state="started",
        )
        try:
            # bridge.build is inside the failure switch (Item 9 R1): a
            # field-level bridge failure (unknown/malformed) raises
            # EvaluationFailed(ENTRY_VALIDATION) and is recorded as a
            # StudyBridgeDefect, not an uncaught crash.
>           typed_inputs = self.bridge.build(canonical_inputs)
                           ^^^^^^^^^^^^^^^^^^^^^^^^^^^^^^^^^^^

../teax/packages/teax-simkit/simkit/study/runner.py:99: 
_ _ _ _ _ _ _ _ _ _ _ _ _ _ _ _ _ _ _ _ _ _ _ _ _ _ _ _ _ _ _ _ _ _ _ _ _ _ _ _ 

self = <simkit.study.bridge.CandidateBridge object at 0x7b3a9d233b30>
selected_fields = {'stellarator_09__stellaris__R': 12.7, 'stellarator_09__stellaris__a': 1.3, 'stellarator_09__stellaris__availability_direct': 0.5, 'stellarator_09__stellaris__magnet__R0': 12.7}

    def build(self, selected_fields: Mapping[str, Any]) -> dict[str, BaseModel]:
        # Partition selected fields onto their owning channels; an unknown
        # field fails closed before any model is constructed.
        by_channel: dict[str, dict[str, Any]] = {ch: {} for ch in self._entry_models}
        for name, value in selected_fields.items():
            channel = self._owner.get(name)
            if channel is None:
>               raise EvaluationFailed(
                    EvaluationFailure(
                        phase=EvaluationPhase.ENTRY_VALIDATION,
                        cause=f"Unknown entry field {name!r} (declared by no channel)",
                    )
                )
E               simkit.evaluation.failure.EvaluationFailed: entry_validation: Unknown entry field 'stellarator_09__stellaris__magnet__R0' (declared by no channel)

../teax/packages/teax-simkit/simkit/study/bridge.py:57: EvaluationFailed

During handling of the above exception, another exception occurred:

tmp_path_factory = TempPathFactory(_given_basetemp=None, _trace=<pluggy._tracing.TagTracerSub object at 0x7b3ac2a32180>, _basetemp=PosixPath('/tmp/pytest-of-reid/pytest-12236'), _retention_count=3, _retention_policy='all')
stock_simkit_session_path = PosixPath('/home/reid/1cfe/teax/packages/teax-simkit')

    @pytest.fixture(scope="session")
    def stock_route_run(tmp_path_factory, stock_simkit_session_path):
        """One stock-route execution per session: the availability sweep's store plus the
        sealed identity document and baseline result the route deposits."""
        studies = str(REPO_ROOT / "exploration" / "stellarator_e2e" / "studies")
        if studies not in sys.path:
            sys.path.insert(0, studies)
        import study_route
    
        out = tmp_path_factory.mktemp("stock_route_run")
>       study_route.run_availability_sweep(out)

tests/study/conftest.py:285: 
_ _ _ _ _ _ _ _ _ _ _ _ _ _ _ _ _ _ _ _ _ _ _ _ _ _ _ _ _ _ _ _ _ _ _ _ _ _ _ _ 
exploration/stellarator_e2e/studies/study_route.py:400: in run_availability_sweep
    cases, _ = run_points(
exploration/stellarator_e2e/studies/study_route.py:233: in run_points
    StudyRunner(store, study, _RequiredOutputsEvaluator(prepared, required_channels)).run()
../teax/packages/teax-simkit/simkit/study/runner.py:65: in run
    self._evaluate_candidate(candidate_id, proposal_id, canonical)
../teax/packages/teax-simkit/simkit/study/runner.py:75: in _evaluate_candidate
    self._run_attempt(
../teax/packages/teax-simkit/simkit/study/runner.py:102: in _run_attempt
    self._commit_execution_failure(
_ _ _ _ _ _ _ _ _ _ _ _ _ _ _ _ _ _ _ _ _ _ _ _ _ _ _ _ _ _ _ _ _ _ _ _ _ _ _ _ 

self = <simkit.study.runner.StudyRunner object at 0x7b3a9d233a70>
failure = EvaluationFailure(phase=<EvaluationPhase.ENTRY_VALIDATION: 'entry_validation'>, cause="Unknown entry field 'stellarator_09__stellaris__magnet__R0' (declared by no channel)", module_or_channel=None, retryable=False, partial_artifacts=())
candidate_id = 'stellarator-availability-sweep-v1:c0000'
proposal_id = 'stellarator-availability-sweep-v1:p0000'
attempt_id = 'stellarator-availability-sweep-v1:c0000:a1', attempt_number = 1
canonical_inputs = {'stellarator_09__stellaris__R': 12.7, 'stellarator_09__stellaris__a': 1.3, 'stellarator_09__stellaris__availability_direct': 0.5, 'stellarator_09__stellaris__magnet__R0': 12.7}

    def _commit_execution_failure(
        self, failure: EvaluationFailure, candidate_id: str, proposal_id: str, attempt_id: str,
        attempt_number: int, canonical_inputs: Mapping,
    ) -> None:
        if failure.phase == EvaluationPhase.ENTRY_VALIDATION:
>           raise StudyBridgeDefect(failure)
E           simkit.study.failures.StudyBridgeDefect: bridge produced an invalid entry model: Unknown entry field 'stellarator_09__stellaris__magnet__R0' (declared by no channel)

../teax/packages/teax-simkit/simkit/study/runner.py:116: StudyBridgeDefect
____ ERROR at setup of test_the_identity_gate_reports_the_recomputed_digest ____

self = <simkit.study.runner.StudyRunner object at 0x7b3a9d233a70>
candidate_id = 'stellarator-availability-sweep-v1:c0000'
proposal_id = 'stellarator-availability-sweep-v1:p0000'
attempt_id = 'stellarator-availability-sweep-v1:c0000:a1', attempt_number = 1
canonical_inputs = {'stellarator_09__stellaris__R': 12.7, 'stellarator_09__stellaris__a': 1.3, 'stellarator_09__stellaris__availability_direct': 0.5, 'stellarator_09__stellaris__magnet__R0': 12.7}

    def _run_attempt(
        self, candidate_id: str, proposal_id: str, attempt_id: str, attempt_number: int,
        canonical_inputs: Mapping,
    ) -> None:
        self.store.record_transition(
            attempt_id=attempt_id, candidate_id=candidate_id, proposal_id=proposal_id,
            attempt_number=attempt_number, state="started",
        )
        try:
            # bridge.build is inside the failure switch (Item 9 R1): a
            # field-level bridge failure (unknown/malformed) raises
            # EvaluationFailed(ENTRY_VALIDATION) and is recorded as a
            # StudyBridgeDefect, not an uncaught crash.
>           typed_inputs = self.bridge.build(canonical_inputs)
                           ^^^^^^^^^^^^^^^^^^^^^^^^^^^^^^^^^^^

../teax/packages/teax-simkit/simkit/study/runner.py:99: 
_ _ _ _ _ _ _ _ _ _ _ _ _ _ _ _ _ _ _ _ _ _ _ _ _ _ _ _ _ _ _ _ _ _ _ _ _ _ _ _ 

self = <simkit.study.bridge.CandidateBridge object at 0x7b3a9d233b30>
selected_fields = {'stellarator_09__stellaris__R': 12.7, 'stellarator_09__stellaris__a': 1.3, 'stellarator_09__stellaris__availability_direct': 0.5, 'stellarator_09__stellaris__magnet__R0': 12.7}

    def build(self, selected_fields: Mapping[str, Any]) -> dict[str, BaseModel]:
        # Partition selected fields onto their owning channels; an unknown
        # field fails closed before any model is constructed.
        by_channel: dict[str, dict[str, Any]] = {ch: {} for ch in self._entry_models}
        for name, value in selected_fields.items():
            channel = self._owner.get(name)
            if channel is None:
>               raise EvaluationFailed(
                    EvaluationFailure(
                        phase=EvaluationPhase.ENTRY_VALIDATION,
                        cause=f"Unknown entry field {name!r} (declared by no channel)",
                    )
                )
E               simkit.evaluation.failure.EvaluationFailed: entry_validation: Unknown entry field 'stellarator_09__stellaris__magnet__R0' (declared by no channel)

../teax/packages/teax-simkit/simkit/study/bridge.py:57: EvaluationFailed

During handling of the above exception, another exception occurred:

tmp_path_factory = TempPathFactory(_given_basetemp=None, _trace=<pluggy._tracing.TagTracerSub object at 0x7b3ac2a32180>, _basetemp=PosixPath('/tmp/pytest-of-reid/pytest-12236'), _retention_count=3, _retention_policy='all')
stock_simkit_session_path = PosixPath('/home/reid/1cfe/teax/packages/teax-simkit')

    @pytest.fixture(scope="session")
    def stock_route_run(tmp_path_factory, stock_simkit_session_path):
        """One stock-route execution per session: the availability sweep's store plus the
        sealed identity document and baseline result the route deposits."""
        studies = str(REPO_ROOT / "exploration" / "stellarator_e2e" / "studies")
        if studies not in sys.path:
            sys.path.insert(0, studies)
        import study_route
    
        out = tmp_path_factory.mktemp("stock_route_run")
>       study_route.run_availability_sweep(out)

tests/study/conftest.py:285: 
_ _ _ _ _ _ _ _ _ _ _ _ _ _ _ _ _ _ _ _ _ _ _ _ _ _ _ _ _ _ _ _ _ _ _ _ _ _ _ _ 
exploration/stellarator_e2e/studies/study_route.py:400: in run_availability_sweep
    cases, _ = run_points(
exploration/stellarator_e2e/studies/study_route.py:233: in run_points
    StudyRunner(store, study, _RequiredOutputsEvaluator(prepared, required_channels)).run()
../teax/packages/teax-simkit/simkit/study/runner.py:65: in run
    self._evaluate_candidate(candidate_id, proposal_id, canonical)
../teax/packages/teax-simkit/simkit/study/runner.py:75: in _evaluate_candidate
    self._run_attempt(
../teax/packages/teax-simkit/simkit/study/runner.py:102: in _run_attempt
    self._commit_execution_failure(
_ _ _ _ _ _ _ _ _ _ _ _ _ _ _ _ _ _ _ _ _ _ _ _ _ _ _ _ _ _ _ _ _ _ _ _ _ _ _ _ 

self = <simkit.study.runner.StudyRunner object at 0x7b3a9d233a70>
failure = EvaluationFailure(phase=<EvaluationPhase.ENTRY_VALIDATION: 'entry_validation'>, cause="Unknown entry field 'stellarator_09__stellaris__magnet__R0' (declared by no channel)", module_or_channel=None, retryable=False, partial_artifacts=())
candidate_id = 'stellarator-availability-sweep-v1:c0000'
proposal_id = 'stellarator-availability-sweep-v1:p0000'
attempt_id = 'stellarator-availability-sweep-v1:c0000:a1', attempt_number = 1
canonical_inputs = {'stellarator_09__stellaris__R': 12.7, 'stellarator_09__stellaris__a': 1.3, 'stellarator_09__stellaris__availability_direct': 0.5, 'stellarator_09__stellaris__magnet__R0': 12.7}

    def _commit_execution_failure(
        self, failure: EvaluationFailure, candidate_id: str, proposal_id: str, attempt_id: str,
        attempt_number: int, canonical_inputs: Mapping,
    ) -> None:
        if failure.phase == EvaluationPhase.ENTRY_VALIDATION:
>           raise StudyBridgeDefect(failure)
E           simkit.study.failures.StudyBridgeDefect: bridge produced an invalid entry model: Unknown entry field 'stellarator_09__stellaris__magnet__R0' (declared by no channel)

../teax/packages/teax-simkit/simkit/study/runner.py:116: StudyBridgeDefect
_ ERROR at setup of test_each_negative_fails_closed_and_still_writes_a_complete_document[missing_declared_key] _

self = <simkit.study.runner.StudyRunner object at 0x7b3a9d233a70>
candidate_id = 'stellarator-availability-sweep-v1:c0000'
proposal_id = 'stellarator-availability-sweep-v1:p0000'
attempt_id = 'stellarator-availability-sweep-v1:c0000:a1', attempt_number = 1
canonical_inputs = {'stellarator_09__stellaris__R': 12.7, 'stellarator_09__stellaris__a': 1.3, 'stellarator_09__stellaris__availability_direct': 0.5, 'stellarator_09__stellaris__magnet__R0': 12.7}

    def _run_attempt(
        self, candidate_id: str, proposal_id: str, attempt_id: str, attempt_number: int,
        canonical_inputs: Mapping,
    ) -> None:
        self.store.record_transition(
            attempt_id=attempt_id, candidate_id=candidate_id, proposal_id=proposal_id,
            attempt_number=attempt_number, state="started",
        )
        try:
            # bridge.build is inside the failure switch (Item 9 R1): a
            # field-level bridge failure (unknown/malformed) raises
            # EvaluationFailed(ENTRY_VALIDATION) and is recorded as a
            # StudyBridgeDefect, not an uncaught crash.
>           typed_inputs = self.bridge.build(canonical_inputs)
                           ^^^^^^^^^^^^^^^^^^^^^^^^^^^^^^^^^^^

../teax/packages/teax-simkit/simkit/study/runner.py:99: 
_ _ _ _ _ _ _ _ _ _ _ _ _ _ _ _ _ _ _ _ _ _ _ _ _ _ _ _ _ _ _ _ _ _ _ _ _ _ _ _ 

self = <simkit.study.bridge.CandidateBridge object at 0x7b3a9d233b30>
selected_fields = {'stellarator_09__stellaris__R': 12.7, 'stellarator_09__stellaris__a': 1.3, 'stellarator_09__stellaris__availability_direct': 0.5, 'stellarator_09__stellaris__magnet__R0': 12.7}

    def build(self, selected_fields: Mapping[str, Any]) -> dict[str, BaseModel]:
        # Partition selected fields onto their owning channels; an unknown
        # field fails closed before any model is constructed.
        by_channel: dict[str, dict[str, Any]] = {ch: {} for ch in self._entry_models}
        for name, value in selected_fields.items():
            channel = self._owner.get(name)
            if channel is None:
>               raise EvaluationFailed(
                    EvaluationFailure(
                        phase=EvaluationPhase.ENTRY_VALIDATION,
                        cause=f"Unknown entry field {name!r} (declared by no channel)",
                    )
                )
E               simkit.evaluation.failure.EvaluationFailed: entry_validation: Unknown entry field 'stellarator_09__stellaris__magnet__R0' (declared by no channel)

../teax/packages/teax-simkit/simkit/study/bridge.py:57: EvaluationFailed

During handling of the above exception, another exception occurred:

tmp_path_factory = TempPathFactory(_given_basetemp=None, _trace=<pluggy._tracing.TagTracerSub object at 0x7b3ac2a32180>, _basetemp=PosixPath('/tmp/pytest-of-reid/pytest-12236'), _retention_count=3, _retention_policy='all')
stock_simkit_session_path = PosixPath('/home/reid/1cfe/teax/packages/teax-simkit')

    @pytest.fixture(scope="session")
    def stock_route_run(tmp_path_factory, stock_simkit_session_path):
        """One stock-route execution per session: the availability sweep's store plus the
        sealed identity document and baseline result the route deposits."""
        studies = str(REPO_ROOT / "exploration" / "stellarator_e2e" / "studies")
        if studies not in sys.path:
            sys.path.insert(0, studies)
        import study_route
    
        out = tmp_path_factory.mktemp("stock_route_run")
>       study_route.run_availability_sweep(out)

tests/study/conftest.py:285: 
_ _ _ _ _ _ _ _ _ _ _ _ _ _ _ _ _ _ _ _ _ _ _ _ _ _ _ _ _ _ _ _ _ _ _ _ _ _ _ _ 
exploration/stellarator_e2e/studies/study_route.py:400: in run_availability_sweep
    cases, _ = run_points(
exploration/stellarator_e2e/studies/study_route.py:233: in run_points
    StudyRunner(store, study, _RequiredOutputsEvaluator(prepared, required_channels)).run()
../teax/packages/teax-simkit/simkit/study/runner.py:65: in run
    self._evaluate_candidate(candidate_id, proposal_id, canonical)
../teax/packages/teax-simkit/simkit/study/runner.py:75: in _evaluate_candidate
    self._run_attempt(
../teax/packages/teax-simkit/simkit/study/runner.py:102: in _run_attempt
    self._commit_execution_failure(
_ _ _ _ _ _ _ _ _ _ _ _ _ _ _ _ _ _ _ _ _ _ _ _ _ _ _ _ _ _ _ _ _ _ _ _ _ _ _ _ 

self = <simkit.study.runner.StudyRunner object at 0x7b3a9d233a70>
failure = EvaluationFailure(phase=<EvaluationPhase.ENTRY_VALIDATION: 'entry_validation'>, cause="Unknown entry field 'stellarator_09__stellaris__magnet__R0' (declared by no channel)", module_or_channel=None, retryable=False, partial_artifacts=())
candidate_id = 'stellarator-availability-sweep-v1:c0000'
proposal_id = 'stellarator-availability-sweep-v1:p0000'
attempt_id = 'stellarator-availability-sweep-v1:c0000:a1', attempt_number = 1
canonical_inputs = {'stellarator_09__stellaris__R': 12.7, 'stellarator_09__stellaris__a': 1.3, 'stellarator_09__stellaris__availability_direct': 0.5, 'stellarator_09__stellaris__magnet__R0': 12.7}

    def _commit_execution_failure(
        self, failure: EvaluationFailure, candidate_id: str, proposal_id: str, attempt_id: str,
        attempt_number: int, canonical_inputs: Mapping,
    ) -> None:
        if failure.phase == EvaluationPhase.ENTRY_VALIDATION:
>           raise StudyBridgeDefect(failure)
E           simkit.study.failures.StudyBridgeDefect: bridge produced an invalid entry model: Unknown entry field 'stellarator_09__stellaris__magnet__R0' (declared by no channel)

../teax/packages/teax-simkit/simkit/study/runner.py:116: StudyBridgeDefect
_ ERROR at setup of test_each_negative_fails_closed_and_still_writes_a_complete_document[key_names_a_channel] _

self = <simkit.study.runner.StudyRunner object at 0x7b3a9d233a70>
candidate_id = 'stellarator-availability-sweep-v1:c0000'
proposal_id = 'stellarator-availability-sweep-v1:p0000'
attempt_id = 'stellarator-availability-sweep-v1:c0000:a1', attempt_number = 1
canonical_inputs = {'stellarator_09__stellaris__R': 12.7, 'stellarator_09__stellaris__a': 1.3, 'stellarator_09__stellaris__availability_direct': 0.5, 'stellarator_09__stellaris__magnet__R0': 12.7}

    def _run_attempt(
        self, candidate_id: str, proposal_id: str, attempt_id: str, attempt_number: int,
        canonical_inputs: Mapping,
    ) -> None:
        self.store.record_transition(
            attempt_id=attempt_id, candidate_id=candidate_id, proposal_id=proposal_id,
            attempt_number=attempt_number, state="started",
        )
        try:
            # bridge.build is inside the failure switch (Item 9 R1): a
            # field-level bridge failure (unknown/malformed) raises
            # EvaluationFailed(ENTRY_VALIDATION) and is recorded as a
            # StudyBridgeDefect, not an uncaught crash.
>           typed_inputs = self.bridge.build(canonical_inputs)
                           ^^^^^^^^^^^^^^^^^^^^^^^^^^^^^^^^^^^

../teax/packages/teax-simkit/simkit/study/runner.py:99: 
_ _ _ _ _ _ _ _ _ _ _ _ _ _ _ _ _ _ _ _ _ _ _ _ _ _ _ _ _ _ _ _ _ _ _ _ _ _ _ _ 

self = <simkit.study.bridge.CandidateBridge object at 0x7b3a9d233b30>
selected_fields = {'stellarator_09__stellaris__R': 12.7, 'stellarator_09__stellaris__a': 1.3, 'stellarator_09__stellaris__availability_direct': 0.5, 'stellarator_09__stellaris__magnet__R0': 12.7}

    def build(self, selected_fields: Mapping[str, Any]) -> dict[str, BaseModel]:
        # Partition selected fields onto their owning channels; an unknown
        # field fails closed before any model is constructed.
        by_channel: dict[str, dict[str, Any]] = {ch: {} for ch in self._entry_models}
        for name, value in selected_fields.items():
            channel = self._owner.get(name)
            if channel is None:
>               raise EvaluationFailed(
                    EvaluationFailure(
                        phase=EvaluationPhase.ENTRY_VALIDATION,
                        cause=f"Unknown entry field {name!r} (declared by no channel)",
                    )
                )
E               simkit.evaluation.failure.EvaluationFailed: entry_validation: Unknown entry field 'stellarator_09__stellaris__magnet__R0' (declared by no channel)

../teax/packages/teax-simkit/simkit/study/bridge.py:57: EvaluationFailed

During handling of the above exception, another exception occurred:

tmp_path_factory = TempPathFactory(_given_basetemp=None, _trace=<pluggy._tracing.TagTracerSub object at 0x7b3ac2a32180>, _basetemp=PosixPath('/tmp/pytest-of-reid/pytest-12236'), _retention_count=3, _retention_policy='all')
stock_simkit_session_path = PosixPath('/home/reid/1cfe/teax/packages/teax-simkit')

    @pytest.fixture(scope="session")
    def stock_route_run(tmp_path_factory, stock_simkit_session_path):
        """One stock-route execution per session: the availability sweep's store plus the
        sealed identity document and baseline result the route deposits."""
        studies = str(REPO_ROOT / "exploration" / "stellarator_e2e" / "studies")
        if studies not in sys.path:
            sys.path.insert(0, studies)
        import study_route
    
        out = tmp_path_factory.mktemp("stock_route_run")
>       study_route.run_availability_sweep(out)

tests/study/conftest.py:285: 
_ _ _ _ _ _ _ _ _ _ _ _ _ _ _ _ _ _ _ _ _ _ _ _ _ _ _ _ _ _ _ _ _ _ _ _ _ _ _ _ 
exploration/stellarator_e2e/studies/study_route.py:400: in run_availability_sweep
    cases, _ = run_points(
exploration/stellarator_e2e/studies/study_route.py:233: in run_points
    StudyRunner(store, study, _RequiredOutputsEvaluator(prepared, required_channels)).run()
../teax/packages/teax-simkit/simkit/study/runner.py:65: in run
    self._evaluate_candidate(candidate_id, proposal_id, canonical)
../teax/packages/teax-simkit/simkit/study/runner.py:75: in _evaluate_candidate
    self._run_attempt(
../teax/packages/teax-simkit/simkit/study/runner.py:102: in _run_attempt
    self._commit_execution_failure(
_ _ _ _ _ _ _ _ _ _ _ _ _ _ _ _ _ _ _ _ _ _ _ _ _ _ _ _ _ _ _ _ _ _ _ _ _ _ _ _ 

self = <simkit.study.runner.StudyRunner object at 0x7b3a9d233a70>
failure = EvaluationFailure(phase=<EvaluationPhase.ENTRY_VALIDATION: 'entry_validation'>, cause="Unknown entry field 'stellarator_09__stellaris__magnet__R0' (declared by no channel)", module_or_channel=None, retryable=False, partial_artifacts=())
candidate_id = 'stellarator-availability-sweep-v1:c0000'
proposal_id = 'stellarator-availability-sweep-v1:p0000'
attempt_id = 'stellarator-availability-sweep-v1:c0000:a1', attempt_number = 1
canonical_inputs = {'stellarator_09__stellaris__R': 12.7, 'stellarator_09__stellaris__a': 1.3, 'stellarator_09__stellaris__availability_direct': 0.5, 'stellarator_09__stellaris__magnet__R0': 12.7}

    def _commit_execution_failure(
        self, failure: EvaluationFailure, candidate_id: str, proposal_id: str, attempt_id: str,
        attempt_number: int, canonical_inputs: Mapping,
    ) -> None:
        if failure.phase == EvaluationPhase.ENTRY_VALIDATION:
>           raise StudyBridgeDefect(failure)
E           simkit.study.failures.StudyBridgeDefect: bridge produced an invalid entry model: Unknown entry field 'stellarator_09__stellaris__magnet__R0' (declared by no channel)

../teax/packages/teax-simkit/simkit/study/runner.py:116: StudyBridgeDefect
_ ERROR at setup of test_each_negative_fails_closed_and_still_writes_a_complete_document[wrong_fingerprint] _

self = <simkit.study.runner.StudyRunner object at 0x7b3a9d233a70>
candidate_id = 'stellarator-availability-sweep-v1:c0000'
proposal_id = 'stellarator-availability-sweep-v1:p0000'
attempt_id = 'stellarator-availability-sweep-v1:c0000:a1', attempt_number = 1
canonical_inputs = {'stellarator_09__stellaris__R': 12.7, 'stellarator_09__stellaris__a': 1.3, 'stellarator_09__stellaris__availability_direct': 0.5, 'stellarator_09__stellaris__magnet__R0': 12.7}

    def _run_attempt(
        self, candidate_id: str, proposal_id: str, attempt_id: str, attempt_number: int,
        canonical_inputs: Mapping,
    ) -> None:
        self.store.record_transition(
            attempt_id=attempt_id, candidate_id=candidate_id, proposal_id=proposal_id,
            attempt_number=attempt_number, state="started",
        )
        try:
            # bridge.build is inside the failure switch (Item 9 R1): a
            # field-level bridge failure (unknown/malformed) raises
            # EvaluationFailed(ENTRY_VALIDATION) and is recorded as a
            # StudyBridgeDefect, not an uncaught crash.
>           typed_inputs = self.bridge.build(canonical_inputs)
                           ^^^^^^^^^^^^^^^^^^^^^^^^^^^^^^^^^^^

../teax/packages/teax-simkit/simkit/study/runner.py:99: 
_ _ _ _ _ _ _ _ _ _ _ _ _ _ _ _ _ _ _ _ _ _ _ _ _ _ _ _ _ _ _ _ _ _ _ _ _ _ _ _ 

self = <simkit.study.bridge.CandidateBridge object at 0x7b3a9d233b30>
selected_fields = {'stellarator_09__stellaris__R': 12.7, 'stellarator_09__stellaris__a': 1.3, 'stellarator_09__stellaris__availability_direct': 0.5, 'stellarator_09__stellaris__magnet__R0': 12.7}

    def build(self, selected_fields: Mapping[str, Any]) -> dict[str, BaseModel]:
        # Partition selected fields onto their owning channels; an unknown
        # field fails closed before any model is constructed.
        by_channel: dict[str, dict[str, Any]] = {ch: {} for ch in self._entry_models}
        for name, value in selected_fields.items():
            channel = self._owner.get(name)
            if channel is None:
>               raise EvaluationFailed(
                    EvaluationFailure(
                        phase=EvaluationPhase.ENTRY_VALIDATION,
                        cause=f"Unknown entry field {name!r} (declared by no channel)",
                    )
                )
E               simkit.evaluation.failure.EvaluationFailed: entry_validation: Unknown entry field 'stellarator_09__stellaris__magnet__R0' (declared by no channel)

../teax/packages/teax-simkit/simkit/study/bridge.py:57: EvaluationFailed

During handling of the above exception, another exception occurred:

tmp_path_factory = TempPathFactory(_given_basetemp=None, _trace=<pluggy._tracing.TagTracerSub object at 0x7b3ac2a32180>, _basetemp=PosixPath('/tmp/pytest-of-reid/pytest-12236'), _retention_count=3, _retention_policy='all')
stock_simkit_session_path = PosixPath('/home/reid/1cfe/teax/packages/teax-simkit')

    @pytest.fixture(scope="session")
    def stock_route_run(tmp_path_factory, stock_simkit_session_path):
        """One stock-route execution per session: the availability sweep's store plus the
        sealed identity document and baseline result the route deposits."""
        studies = str(REPO_ROOT / "exploration" / "stellarator_e2e" / "studies")
        if studies not in sys.path:
            sys.path.insert(0, studies)
        import study_route
    
        out = tmp_path_factory.mktemp("stock_route_run")
>       study_route.run_availability_sweep(out)

tests/study/conftest.py:285: 
_ _ _ _ _ _ _ _ _ _ _ _ _ _ _ _ _ _ _ _ _ _ _ _ _ _ _ _ _ _ _ _ _ _ _ _ _ _ _ _ 
exploration/stellarator_e2e/studies/study_route.py:400: in run_availability_sweep
    cases, _ = run_points(
exploration/stellarator_e2e/studies/study_route.py:233: in run_points
    StudyRunner(store, study, _RequiredOutputsEvaluator(prepared, required_channels)).run()
../teax/packages/teax-simkit/simkit/study/runner.py:65: in run
    self._evaluate_candidate(candidate_id, proposal_id, canonical)
../teax/packages/teax-simkit/simkit/study/runner.py:75: in _evaluate_candidate
    self._run_attempt(
../teax/packages/teax-simkit/simkit/study/runner.py:102: in _run_attempt
    self._commit_execution_failure(
_ _ _ _ _ _ _ _ _ _ _ _ _ _ _ _ _ _ _ _ _ _ _ _ _ _ _ _ _ _ _ _ _ _ _ _ _ _ _ _ 

self = <simkit.study.runner.StudyRunner object at 0x7b3a9d233a70>
failure = EvaluationFailure(phase=<EvaluationPhase.ENTRY_VALIDATION: 'entry_validation'>, cause="Unknown entry field 'stellarator_09__stellaris__magnet__R0' (declared by no channel)", module_or_channel=None, retryable=False, partial_artifacts=())
candidate_id = 'stellarator-availability-sweep-v1:c0000'
proposal_id = 'stellarator-availability-sweep-v1:p0000'
attempt_id = 'stellarator-availability-sweep-v1:c0000:a1', attempt_number = 1
canonical_inputs = {'stellarator_09__stellaris__R': 12.7, 'stellarator_09__stellaris__a': 1.3, 'stellarator_09__stellaris__availability_direct': 0.5, 'stellarator_09__stellaris__magnet__R0': 12.7}

    def _commit_execution_failure(
        self, failure: EvaluationFailure, candidate_id: str, proposal_id: str, attempt_id: str,
        attempt_number: int, canonical_inputs: Mapping,
    ) -> None:
        if failure.phase == EvaluationPhase.ENTRY_VALIDATION:
>           raise StudyBridgeDefect(failure)
E           simkit.study.failures.StudyBridgeDefect: bridge produced an invalid entry model: Unknown entry field 'stellarator_09__stellaris__magnet__R0' (declared by no channel)

../teax/packages/teax-simkit/simkit/study/runner.py:116: StudyBridgeDefect
_ ERROR at setup of test_each_negative_fails_closed_and_still_writes_a_complete_document[stale_manifest] _

self = <simkit.study.runner.StudyRunner object at 0x7b3a9d233a70>
candidate_id = 'stellarator-availability-sweep-v1:c0000'
proposal_id = 'stellarator-availability-sweep-v1:p0000'
attempt_id = 'stellarator-availability-sweep-v1:c0000:a1', attempt_number = 1
canonical_inputs = {'stellarator_09__stellaris__R': 12.7, 'stellarator_09__stellaris__a': 1.3, 'stellarator_09__stellaris__availability_direct': 0.5, 'stellarator_09__stellaris__magnet__R0': 12.7}

    def _run_attempt(
        self, candidate_id: str, proposal_id: str, attempt_id: str, attempt_number: int,
        canonical_inputs: Mapping,
    ) -> None:
        self.store.record_transition(
            attempt_id=attempt_id, candidate_id=candidate_id, proposal_id=proposal_id,
            attempt_number=attempt_number, state="started",
        )
        try:
            # bridge.build is inside the failure switch (Item 9 R1): a
            # field-level bridge failure (unknown/malformed) raises
            # EvaluationFailed(ENTRY_VALIDATION) and is recorded as a
            # StudyBridgeDefect, not an uncaught crash.
>           typed_inputs = self.bridge.build(canonical_inputs)
                           ^^^^^^^^^^^^^^^^^^^^^^^^^^^^^^^^^^^

../teax/packages/teax-simkit/simkit/study/runner.py:99: 
_ _ _ _ _ _ _ _ _ _ _ _ _ _ _ _ _ _ _ _ _ _ _ _ _ _ _ _ _ _ _ _ _ _ _ _ _ _ _ _ 

self = <simkit.study.bridge.CandidateBridge object at 0x7b3a9d233b30>
selected_fields = {'stellarator_09__stellaris__R': 12.7, 'stellarator_09__stellaris__a': 1.3, 'stellarator_09__stellaris__availability_direct': 0.5, 'stellarator_09__stellaris__magnet__R0': 12.7}

    def build(self, selected_fields: Mapping[str, Any]) -> dict[str, BaseModel]:
        # Partition selected fields onto their owning channels; an unknown
        # field fails closed before any model is constructed.
        by_channel: dict[str, dict[str, Any]] = {ch: {} for ch in self._entry_models}
        for name, value in selected_fields.items():
            channel = self._owner.get(name)
            if channel is None:
>               raise EvaluationFailed(
                    EvaluationFailure(
                        phase=EvaluationPhase.ENTRY_VALIDATION,
                        cause=f"Unknown entry field {name!r} (declared by no channel)",
                    )
                )
E               simkit.evaluation.failure.EvaluationFailed: entry_validation: Unknown entry field 'stellarator_09__stellaris__magnet__R0' (declared by no channel)

../teax/packages/teax-simkit/simkit/study/bridge.py:57: EvaluationFailed

During handling of the above exception, another exception occurred:

tmp_path_factory = TempPathFactory(_given_basetemp=None, _trace=<pluggy._tracing.TagTracerSub object at 0x7b3ac2a32180>, _basetemp=PosixPath('/tmp/pytest-of-reid/pytest-12236'), _retention_count=3, _retention_policy='all')
stock_simkit_session_path = PosixPath('/home/reid/1cfe/teax/packages/teax-simkit')

    @pytest.fixture(scope="session")
    def stock_route_run(tmp_path_factory, stock_simkit_session_path):
        """One stock-route execution per session: the availability sweep's store plus the
        sealed identity document and baseline result the route deposits."""
        studies = str(REPO_ROOT / "exploration" / "stellarator_e2e" / "studies")
        if studies not in sys.path:
            sys.path.insert(0, studies)
        import study_route
    
        out = tmp_path_factory.mktemp("stock_route_run")
>       study_route.run_availability_sweep(out)

tests/study/conftest.py:285: 
_ _ _ _ _ _ _ _ _ _ _ _ _ _ _ _ _ _ _ _ _ _ _ _ _ _ _ _ _ _ _ _ _ _ _ _ _ _ _ _ 
exploration/stellarator_e2e/studies/study_route.py:400: in run_availability_sweep
    cases, _ = run_points(
exploration/stellarator_e2e/studies/study_route.py:233: in run_points
    StudyRunner(store, study, _RequiredOutputsEvaluator(prepared, required_channels)).run()
../teax/packages/teax-simkit/simkit/study/runner.py:65: in run
    self._evaluate_candidate(candidate_id, proposal_id, canonical)
../teax/packages/teax-simkit/simkit/study/runner.py:75: in _evaluate_candidate
    self._run_attempt(
../teax/packages/teax-simkit/simkit/study/runner.py:102: in _run_attempt
    self._commit_execution_failure(
_ _ _ _ _ _ _ _ _ _ _ _ _ _ _ _ _ _ _ _ _ _ _ _ _ _ _ _ _ _ _ _ _ _ _ _ _ _ _ _ 

self = <simkit.study.runner.StudyRunner object at 0x7b3a9d233a70>
failure = EvaluationFailure(phase=<EvaluationPhase.ENTRY_VALIDATION: 'entry_validation'>, cause="Unknown entry field 'stellarator_09__stellaris__magnet__R0' (declared by no channel)", module_or_channel=None, retryable=False, partial_artifacts=())
candidate_id = 'stellarator-availability-sweep-v1:c0000'
proposal_id = 'stellarator-availability-sweep-v1:p0000'
attempt_id = 'stellarator-availability-sweep-v1:c0000:a1', attempt_number = 1
canonical_inputs = {'stellarator_09__stellaris__R': 12.7, 'stellarator_09__stellaris__a': 1.3, 'stellarator_09__stellaris__availability_direct': 0.5, 'stellarator_09__stellaris__magnet__R0': 12.7}

    def _commit_execution_failure(
        self, failure: EvaluationFailure, candidate_id: str, proposal_id: str, attempt_id: str,
        attempt_number: int, canonical_inputs: Mapping,
    ) -> None:
        if failure.phase == EvaluationPhase.ENTRY_VALIDATION:
>           raise StudyBridgeDefect(failure)
E           simkit.study.failures.StudyBridgeDefect: bridge produced an invalid entry model: Unknown entry field 'stellarator_09__stellaris__magnet__R0' (declared by no channel)

../teax/packages/teax-simkit/simkit/study/runner.py:116: StudyBridgeDefect
____ ERROR at setup of test_the_wrong_fingerprint_message_names_both_values ____

self = <simkit.study.runner.StudyRunner object at 0x7b3a9d233a70>
candidate_id = 'stellarator-availability-sweep-v1:c0000'
proposal_id = 'stellarator-availability-sweep-v1:p0000'
attempt_id = 'stellarator-availability-sweep-v1:c0000:a1', attempt_number = 1
canonical_inputs = {'stellarator_09__stellaris__R': 12.7, 'stellarator_09__stellaris__a': 1.3, 'stellarator_09__stellaris__availability_direct': 0.5, 'stellarator_09__stellaris__magnet__R0': 12.7}

    def _run_attempt(
        self, candidate_id: str, proposal_id: str, attempt_id: str, attempt_number: int,
        canonical_inputs: Mapping,
    ) -> None:
        self.store.record_transition(
            attempt_id=attempt_id, candidate_id=candidate_id, proposal_id=proposal_id,
            attempt_number=attempt_number, state="started",
        )
        try:
            # bridge.build is inside the failure switch (Item 9 R1): a
            # field-level bridge failure (unknown/malformed) raises
            # EvaluationFailed(ENTRY_VALIDATION) and is recorded as a
            # StudyBridgeDefect, not an uncaught crash.
>           typed_inputs = self.bridge.build(canonical_inputs)
                           ^^^^^^^^^^^^^^^^^^^^^^^^^^^^^^^^^^^

../teax/packages/teax-simkit/simkit/study/runner.py:99: 
_ _ _ _ _ _ _ _ _ _ _ _ _ _ _ _ _ _ _ _ _ _ _ _ _ _ _ _ _ _ _ _ _ _ _ _ _ _ _ _ 

self = <simkit.study.bridge.CandidateBridge object at 0x7b3a9d233b30>
selected_fields = {'stellarator_09__stellaris__R': 12.7, 'stellarator_09__stellaris__a': 1.3, 'stellarator_09__stellaris__availability_direct': 0.5, 'stellarator_09__stellaris__magnet__R0': 12.7}

    def build(self, selected_fields: Mapping[str, Any]) -> dict[str, BaseModel]:
        # Partition selected fields onto their owning channels; an unknown
        # field fails closed before any model is constructed.
        by_channel: dict[str, dict[str, Any]] = {ch: {} for ch in self._entry_models}
        for name, value in selected_fields.items():
            channel = self._owner.get(name)
            if channel is None:
>               raise EvaluationFailed(
                    EvaluationFailure(
                        phase=EvaluationPhase.ENTRY_VALIDATION,
                        cause=f"Unknown entry field {name!r} (declared by no channel)",
                    )
                )
E               simkit.evaluation.failure.EvaluationFailed: entry_validation: Unknown entry field 'stellarator_09__stellaris__magnet__R0' (declared by no channel)

../teax/packages/teax-simkit/simkit/study/bridge.py:57: EvaluationFailed

During handling of the above exception, another exception occurred:

tmp_path_factory = TempPathFactory(_given_basetemp=None, _trace=<pluggy._tracing.TagTracerSub object at 0x7b3ac2a32180>, _basetemp=PosixPath('/tmp/pytest-of-reid/pytest-12236'), _retention_count=3, _retention_policy='all')
stock_simkit_session_path = PosixPath('/home/reid/1cfe/teax/packages/teax-simkit')

    @pytest.fixture(scope="session")
    def stock_route_run(tmp_path_factory, stock_simkit_session_path):
        """One stock-route execution per session: the availability sweep's store plus the
        sealed identity document and baseline result the route deposits."""
        studies = str(REPO_ROOT / "exploration" / "stellarator_e2e" / "studies")
        if studies not in sys.path:
            sys.path.insert(0, studies)
        import study_route
    
        out = tmp_path_factory.mktemp("stock_route_run")
>       study_route.run_availability_sweep(out)

tests/study/conftest.py:285: 
_ _ _ _ _ _ _ _ _ _ _ _ _ _ _ _ _ _ _ _ _ _ _ _ _ _ _ _ _ _ _ _ _ _ _ _ _ _ _ _ 
exploration/stellarator_e2e/studies/study_route.py:400: in run_availability_sweep
    cases, _ = run_points(
exploration/stellarator_e2e/studies/study_route.py:233: in run_points
    StudyRunner(store, study, _RequiredOutputsEvaluator(prepared, required_channels)).run()
../teax/packages/teax-simkit/simkit/study/runner.py:65: in run
    self._evaluate_candidate(candidate_id, proposal_id, canonical)
../teax/packages/teax-simkit/simkit/study/runner.py:75: in _evaluate_candidate
    self._run_attempt(
../teax/packages/teax-simkit/simkit/study/runner.py:102: in _run_attempt
    self._commit_execution_failure(
_ _ _ _ _ _ _ _ _ _ _ _ _ _ _ _ _ _ _ _ _ _ _ _ _ _ _ _ _ _ _ _ _ _ _ _ _ _ _ _ 

self = <simkit.study.runner.StudyRunner object at 0x7b3a9d233a70>
failure = EvaluationFailure(phase=<EvaluationPhase.ENTRY_VALIDATION: 'entry_validation'>, cause="Unknown entry field 'stellarator_09__stellaris__magnet__R0' (declared by no channel)", module_or_channel=None, retryable=False, partial_artifacts=())
candidate_id = 'stellarator-availability-sweep-v1:c0000'
proposal_id = 'stellarator-availability-sweep-v1:p0000'
attempt_id = 'stellarator-availability-sweep-v1:c0000:a1', attempt_number = 1
canonical_inputs = {'stellarator_09__stellaris__R': 12.7, 'stellarator_09__stellaris__a': 1.3, 'stellarator_09__stellaris__availability_direct': 0.5, 'stellarator_09__stellaris__magnet__R0': 12.7}

    def _commit_execution_failure(
        self, failure: EvaluationFailure, candidate_id: str, proposal_id: str, attempt_id: str,
        attempt_number: int, canonical_inputs: Mapping,
    ) -> None:
        if failure.phase == EvaluationPhase.ENTRY_VALIDATION:
>           raise StudyBridgeDefect(failure)
E           simkit.study.failures.StudyBridgeDefect: bridge produced an invalid entry model: Unknown entry field 'stellarator_09__stellaris__magnet__R0' (declared by no channel)

../teax/packages/teax-simkit/simkit/study/runner.py:116: StudyBridgeDefect
_ ERROR at setup of test_an_unreadable_input_is_did_not_run_with_its_condition _

self = <simkit.study.runner.StudyRunner object at 0x7b3a9d233a70>
candidate_id = 'stellarator-availability-sweep-v1:c0000'
proposal_id = 'stellarator-availability-sweep-v1:p0000'
attempt_id = 'stellarator-availability-sweep-v1:c0000:a1', attempt_number = 1
canonical_inputs = {'stellarator_09__stellaris__R': 12.7, 'stellarator_09__stellaris__a': 1.3, 'stellarator_09__stellaris__availability_direct': 0.5, 'stellarator_09__stellaris__magnet__R0': 12.7}

    def _run_attempt(
        self, candidate_id: str, proposal_id: str, attempt_id: str, attempt_number: int,
        canonical_inputs: Mapping,
    ) -> None:
        self.store.record_transition(
            attempt_id=attempt_id, candidate_id=candidate_id, proposal_id=proposal_id,
            attempt_number=attempt_number, state="started",
        )
        try:
            # bridge.build is inside the failure switch (Item 9 R1): a
            # field-level bridge failure (unknown/malformed) raises
            # EvaluationFailed(ENTRY_VALIDATION) and is recorded as a
            # StudyBridgeDefect, not an uncaught crash.
>           typed_inputs = self.bridge.build(canonical_inputs)
                           ^^^^^^^^^^^^^^^^^^^^^^^^^^^^^^^^^^^

../teax/packages/teax-simkit/simkit/study/runner.py:99: 
_ _ _ _ _ _ _ _ _ _ _ _ _ _ _ _ _ _ _ _ _ _ _ _ _ _ _ _ _ _ _ _ _ _ _ _ _ _ _ _ 

self = <simkit.study.bridge.CandidateBridge object at 0x7b3a9d233b30>
selected_fields = {'stellarator_09__stellaris__R': 12.7, 'stellarator_09__stellaris__a': 1.3, 'stellarator_09__stellaris__availability_direct': 0.5, 'stellarator_09__stellaris__magnet__R0': 12.7}

    def build(self, selected_fields: Mapping[str, Any]) -> dict[str, BaseModel]:
        # Partition selected fields onto their owning channels; an unknown
        # field fails closed before any model is constructed.
        by_channel: dict[str, dict[str, Any]] = {ch: {} for ch in self._entry_models}
        for name, value in selected_fields.items():
            channel = self._owner.get(name)
            if channel is None:
>               raise EvaluationFailed(
                    EvaluationFailure(
                        phase=EvaluationPhase.ENTRY_VALIDATION,
                        cause=f"Unknown entry field {name!r} (declared by no channel)",
                    )
                )
E               simkit.evaluation.failure.EvaluationFailed: entry_validation: Unknown entry field 'stellarator_09__stellaris__magnet__R0' (declared by no channel)

../teax/packages/teax-simkit/simkit/study/bridge.py:57: EvaluationFailed

During handling of the above exception, another exception occurred:

tmp_path_factory = TempPathFactory(_given_basetemp=None, _trace=<pluggy._tracing.TagTracerSub object at 0x7b3ac2a32180>, _basetemp=PosixPath('/tmp/pytest-of-reid/pytest-12236'), _retention_count=3, _retention_policy='all')
stock_simkit_session_path = PosixPath('/home/reid/1cfe/teax/packages/teax-simkit')

    @pytest.fixture(scope="session")
    def stock_route_run(tmp_path_factory, stock_simkit_session_path):
        """One stock-route execution per session: the availability sweep's store plus the
        sealed identity document and baseline result the route deposits."""
        studies = str(REPO_ROOT / "exploration" / "stellarator_e2e" / "studies")
        if studies not in sys.path:
            sys.path.insert(0, studies)
        import study_route
    
        out = tmp_path_factory.mktemp("stock_route_run")
>       study_route.run_availability_sweep(out)

tests/study/conftest.py:285: 
_ _ _ _ _ _ _ _ _ _ _ _ _ _ _ _ _ _ _ _ _ _ _ _ _ _ _ _ _ _ _ _ _ _ _ _ _ _ _ _ 
exploration/stellarator_e2e/studies/study_route.py:400: in run_availability_sweep
    cases, _ = run_points(
exploration/stellarator_e2e/studies/study_route.py:233: in run_points
    StudyRunner(store, study, _RequiredOutputsEvaluator(prepared, required_channels)).run()
../teax/packages/teax-simkit/simkit/study/runner.py:65: in run
    self._evaluate_candidate(candidate_id, proposal_id, canonical)
../teax/packages/teax-simkit/simkit/study/runner.py:75: in _evaluate_candidate
    self._run_attempt(
../teax/packages/teax-simkit/simkit/study/runner.py:102: in _run_attempt
    self._commit_execution_failure(
_ _ _ _ _ _ _ _ _ _ _ _ _ _ _ _ _ _ _ _ _ _ _ _ _ _ _ _ _ _ _ _ _ _ _ _ _ _ _ _ 

self = <simkit.study.runner.StudyRunner object at 0x7b3a9d233a70>
failure = EvaluationFailure(phase=<EvaluationPhase.ENTRY_VALIDATION: 'entry_validation'>, cause="Unknown entry field 'stellarator_09__stellaris__magnet__R0' (declared by no channel)", module_or_channel=None, retryable=False, partial_artifacts=())
candidate_id = 'stellarator-availability-sweep-v1:c0000'
proposal_id = 'stellarator-availability-sweep-v1:p0000'
attempt_id = 'stellarator-availability-sweep-v1:c0000:a1', attempt_number = 1
canonical_inputs = {'stellarator_09__stellaris__R': 12.7, 'stellarator_09__stellaris__a': 1.3, 'stellarator_09__stellaris__availability_direct': 0.5, 'stellarator_09__stellaris__magnet__R0': 12.7}

    def _commit_execution_failure(
        self, failure: EvaluationFailure, candidate_id: str, proposal_id: str, attempt_id: str,
        attempt_number: int, canonical_inputs: Mapping,
    ) -> None:
        if failure.phase == EvaluationPhase.ENTRY_VALIDATION:
>           raise StudyBridgeDefect(failure)
E           simkit.study.failures.StudyBridgeDefect: bridge produced an invalid entry model: Unknown entry field 'stellarator_09__stellaris__magnet__R0' (declared by no channel)

../teax/packages/teax-simkit/simkit/study/runner.py:116: StudyBridgeDefect
_ ERROR at setup of test_a_baseline_executed_under_another_identity_is_refused _

self = <simkit.study.runner.StudyRunner object at 0x7b3a9d233a70>
candidate_id = 'stellarator-availability-sweep-v1:c0000'
proposal_id = 'stellarator-availability-sweep-v1:p0000'
attempt_id = 'stellarator-availability-sweep-v1:c0000:a1', attempt_number = 1
canonical_inputs = {'stellarator_09__stellaris__R': 12.7, 'stellarator_09__stellaris__a': 1.3, 'stellarator_09__stellaris__availability_direct': 0.5, 'stellarator_09__stellaris__magnet__R0': 12.7}

    def _run_attempt(
        self, candidate_id: str, proposal_id: str, attempt_id: str, attempt_number: int,
        canonical_inputs: Mapping,
    ) -> None:
        self.store.record_transition(
            attempt_id=attempt_id, candidate_id=candidate_id, proposal_id=proposal_id,
            attempt_number=attempt_number, state="started",
        )
        try:
            # bridge.build is inside the failure switch (Item 9 R1): a
            # field-level bridge failure (unknown/malformed) raises
            # EvaluationFailed(ENTRY_VALIDATION) and is recorded as a
            # StudyBridgeDefect, not an uncaught crash.
>           typed_inputs = self.bridge.build(canonical_inputs)
                           ^^^^^^^^^^^^^^^^^^^^^^^^^^^^^^^^^^^

../teax/packages/teax-simkit/simkit/study/runner.py:99: 
_ _ _ _ _ _ _ _ _ _ _ _ _ _ _ _ _ _ _ _ _ _ _ _ _ _ _ _ _ _ _ _ _ _ _ _ _ _ _ _ 

self = <simkit.study.bridge.CandidateBridge object at 0x7b3a9d233b30>
selected_fields = {'stellarator_09__stellaris__R': 12.7, 'stellarator_09__stellaris__a': 1.3, 'stellarator_09__stellaris__availability_direct': 0.5, 'stellarator_09__stellaris__magnet__R0': 12.7}

    def build(self, selected_fields: Mapping[str, Any]) -> dict[str, BaseModel]:
        # Partition selected fields onto their owning channels; an unknown
        # field fails closed before any model is constructed.
        by_channel: dict[str, dict[str, Any]] = {ch: {} for ch in self._entry_models}
        for name, value in selected_fields.items():
            channel = self._owner.get(name)
            if channel is None:
>               raise EvaluationFailed(
                    EvaluationFailure(
                        phase=EvaluationPhase.ENTRY_VALIDATION,
                        cause=f"Unknown entry field {name!r} (declared by no channel)",
                    )
                )
E               simkit.evaluation.failure.EvaluationFailed: entry_validation: Unknown entry field 'stellarator_09__stellaris__magnet__R0' (declared by no channel)

../teax/packages/teax-simkit/simkit/study/bridge.py:57: EvaluationFailed

During handling of the above exception, another exception occurred:

tmp_path_factory = TempPathFactory(_given_basetemp=None, _trace=<pluggy._tracing.TagTracerSub object at 0x7b3ac2a32180>, _basetemp=PosixPath('/tmp/pytest-of-reid/pytest-12236'), _retention_count=3, _retention_policy='all')
stock_simkit_session_path = PosixPath('/home/reid/1cfe/teax/packages/teax-simkit')

    @pytest.fixture(scope="session")
    def stock_route_run(tmp_path_factory, stock_simkit_session_path):
        """One stock-route execution per session: the availability sweep's store plus the
        sealed identity document and baseline result the route deposits."""
        studies = str(REPO_ROOT / "exploration" / "stellarator_e2e" / "studies")
        if studies not in sys.path:
            sys.path.insert(0, studies)
        import study_route
    
        out = tmp_path_factory.mktemp("stock_route_run")
>       study_route.run_availability_sweep(out)

tests/study/conftest.py:285: 
_ _ _ _ _ _ _ _ _ _ _ _ _ _ _ _ _ _ _ _ _ _ _ _ _ _ _ _ _ _ _ _ _ _ _ _ _ _ _ _ 
exploration/stellarator_e2e/studies/study_route.py:400: in run_availability_sweep
    cases, _ = run_points(
exploration/stellarator_e2e/studies/study_route.py:233: in run_points
    StudyRunner(store, study, _RequiredOutputsEvaluator(prepared, required_channels)).run()
../teax/packages/teax-simkit/simkit/study/runner.py:65: in run
    self._evaluate_candidate(candidate_id, proposal_id, canonical)
../teax/packages/teax-simkit/simkit/study/runner.py:75: in _evaluate_candidate
    self._run_attempt(
../teax/packages/teax-simkit/simkit/study/runner.py:102: in _run_attempt
    self._commit_execution_failure(
_ _ _ _ _ _ _ _ _ _ _ _ _ _ _ _ _ _ _ _ _ _ _ _ _ _ _ _ _ _ _ _ _ _ _ _ _ _ _ _ 

self = <simkit.study.runner.StudyRunner object at 0x7b3a9d233a70>
failure = EvaluationFailure(phase=<EvaluationPhase.ENTRY_VALIDATION: 'entry_validation'>, cause="Unknown entry field 'stellarator_09__stellaris__magnet__R0' (declared by no channel)", module_or_channel=None, retryable=False, partial_artifacts=())
candidate_id = 'stellarator-availability-sweep-v1:c0000'
proposal_id = 'stellarator-availability-sweep-v1:p0000'
attempt_id = 'stellarator-availability-sweep-v1:c0000:a1', attempt_number = 1
canonical_inputs = {'stellarator_09__stellaris__R': 12.7, 'stellarator_09__stellaris__a': 1.3, 'stellarator_09__stellaris__availability_direct': 0.5, 'stellarator_09__stellaris__magnet__R0': 12.7}

    def _commit_execution_failure(
        self, failure: EvaluationFailure, candidate_id: str, proposal_id: str, attempt_id: str,
        attempt_number: int, canonical_inputs: Mapping,
    ) -> None:
        if failure.phase == EvaluationPhase.ENTRY_VALIDATION:
>           raise StudyBridgeDefect(failure)
E           simkit.study.failures.StudyBridgeDefect: bridge produced an invalid entry model: Unknown entry field 'stellarator_09__stellaris__magnet__R0' (declared by no channel)

../teax/packages/teax-simkit/simkit/study/runner.py:116: StudyBridgeDefect
____ ERROR at setup of test_a_wrong_headline_is_refused_naming_the_channel _____

self = <simkit.study.runner.StudyRunner object at 0x7b3a9d233a70>
candidate_id = 'stellarator-availability-sweep-v1:c0000'
proposal_id = 'stellarator-availability-sweep-v1:p0000'
attempt_id = 'stellarator-availability-sweep-v1:c0000:a1', attempt_number = 1
canonical_inputs = {'stellarator_09__stellaris__R': 12.7, 'stellarator_09__stellaris__a': 1.3, 'stellarator_09__stellaris__availability_direct': 0.5, 'stellarator_09__stellaris__magnet__R0': 12.7}

    def _run_attempt(
        self, candidate_id: str, proposal_id: str, attempt_id: str, attempt_number: int,
        canonical_inputs: Mapping,
    ) -> None:
        self.store.record_transition(
            attempt_id=attempt_id, candidate_id=candidate_id, proposal_id=proposal_id,
            attempt_number=attempt_number, state="started",
        )
        try:
            # bridge.build is inside the failure switch (Item 9 R1): a
            # field-level bridge failure (unknown/malformed) raises
            # EvaluationFailed(ENTRY_VALIDATION) and is recorded as a
            # StudyBridgeDefect, not an uncaught crash.
>           typed_inputs = self.bridge.build(canonical_inputs)
                           ^^^^^^^^^^^^^^^^^^^^^^^^^^^^^^^^^^^

../teax/packages/teax-simkit/simkit/study/runner.py:99: 
_ _ _ _ _ _ _ _ _ _ _ _ _ _ _ _ _ _ _ _ _ _ _ _ _ _ _ _ _ _ _ _ _ _ _ _ _ _ _ _ 

self = <simkit.study.bridge.CandidateBridge object at 0x7b3a9d233b30>
selected_fields = {'stellarator_09__stellaris__R': 12.7, 'stellarator_09__stellaris__a': 1.3, 'stellarator_09__stellaris__availability_direct': 0.5, 'stellarator_09__stellaris__magnet__R0': 12.7}

    def build(self, selected_fields: Mapping[str, Any]) -> dict[str, BaseModel]:
        # Partition selected fields onto their owning channels; an unknown
        # field fails closed before any model is constructed.
        by_channel: dict[str, dict[str, Any]] = {ch: {} for ch in self._entry_models}
        for name, value in selected_fields.items():
            channel = self._owner.get(name)
            if channel is None:
>               raise EvaluationFailed(
                    EvaluationFailure(
                        phase=EvaluationPhase.ENTRY_VALIDATION,
                        cause=f"Unknown entry field {name!r} (declared by no channel)",
                    )
                )
E               simkit.evaluation.failure.EvaluationFailed: entry_validation: Unknown entry field 'stellarator_09__stellaris__magnet__R0' (declared by no channel)

../teax/packages/teax-simkit/simkit/study/bridge.py:57: EvaluationFailed

During handling of the above exception, another exception occurred:

tmp_path_factory = TempPathFactory(_given_basetemp=None, _trace=<pluggy._tracing.TagTracerSub object at 0x7b3ac2a32180>, _basetemp=PosixPath('/tmp/pytest-of-reid/pytest-12236'), _retention_count=3, _retention_policy='all')
stock_simkit_session_path = PosixPath('/home/reid/1cfe/teax/packages/teax-simkit')

    @pytest.fixture(scope="session")
    def stock_route_run(tmp_path_factory, stock_simkit_session_path):
        """One stock-route execution per session: the availability sweep's store plus the
        sealed identity document and baseline result the route deposits."""
        studies = str(REPO_ROOT / "exploration" / "stellarator_e2e" / "studies")
        if studies not in sys.path:
            sys.path.insert(0, studies)
        import study_route
    
        out = tmp_path_factory.mktemp("stock_route_run")
>       study_route.run_availability_sweep(out)

tests/study/conftest.py:285: 
_ _ _ _ _ _ _ _ _ _ _ _ _ _ _ _ _ _ _ _ _ _ _ _ _ _ _ _ _ _ _ _ _ _ _ _ _ _ _ _ 
exploration/stellarator_e2e/studies/study_route.py:400: in run_availability_sweep
    cases, _ = run_points(
exploration/stellarator_e2e/studies/study_route.py:233: in run_points
    StudyRunner(store, study, _RequiredOutputsEvaluator(prepared, required_channels)).run()
../teax/packages/teax-simkit/simkit/study/runner.py:65: in run
    self._evaluate_candidate(candidate_id, proposal_id, canonical)
../teax/packages/teax-simkit/simkit/study/runner.py:75: in _evaluate_candidate
    self._run_attempt(
../teax/packages/teax-simkit/simkit/study/runner.py:102: in _run_attempt
    self._commit_execution_failure(
_ _ _ _ _ _ _ _ _ _ _ _ _ _ _ _ _ _ _ _ _ _ _ _ _ _ _ _ _ _ _ _ _ _ _ _ _ _ _ _ 

self = <simkit.study.runner.StudyRunner object at 0x7b3a9d233a70>
failure = EvaluationFailure(phase=<EvaluationPhase.ENTRY_VALIDATION: 'entry_validation'>, cause="Unknown entry field 'stellarator_09__stellaris__magnet__R0' (declared by no channel)", module_or_channel=None, retryable=False, partial_artifacts=())
candidate_id = 'stellarator-availability-sweep-v1:c0000'
proposal_id = 'stellarator-availability-sweep-v1:p0000'
attempt_id = 'stellarator-availability-sweep-v1:c0000:a1', attempt_number = 1
canonical_inputs = {'stellarator_09__stellaris__R': 12.7, 'stellarator_09__stellaris__a': 1.3, 'stellarator_09__stellaris__availability_direct': 0.5, 'stellarator_09__stellaris__magnet__R0': 12.7}

    def _commit_execution_failure(
        self, failure: EvaluationFailure, candidate_id: str, proposal_id: str, attempt_id: str,
        attempt_number: int, canonical_inputs: Mapping,
    ) -> None:
        if failure.phase == EvaluationPhase.ENTRY_VALIDATION:
>           raise StudyBridgeDefect(failure)
E           simkit.study.failures.StudyBridgeDefect: bridge produced an invalid entry model: Unknown entry field 'stellarator_09__stellaris__magnet__R0' (declared by no channel)

../teax/packages/teax-simkit/simkit/study/runner.py:116: StudyBridgeDefect
_ ERROR at setup of test_a_differing_baseline_verdict_is_refused_naming_the_constraint _

self = <simkit.study.runner.StudyRunner object at 0x7b3a9d233a70>
candidate_id = 'stellarator-availability-sweep-v1:c0000'
proposal_id = 'stellarator-availability-sweep-v1:p0000'
attempt_id = 'stellarator-availability-sweep-v1:c0000:a1', attempt_number = 1
canonical_inputs = {'stellarator_09__stellaris__R': 12.7, 'stellarator_09__stellaris__a': 1.3, 'stellarator_09__stellaris__availability_direct': 0.5, 'stellarator_09__stellaris__magnet__R0': 12.7}

    def _run_attempt(
        self, candidate_id: str, proposal_id: str, attempt_id: str, attempt_number: int,
        canonical_inputs: Mapping,
    ) -> None:
        self.store.record_transition(
            attempt_id=attempt_id, candidate_id=candidate_id, proposal_id=proposal_id,
            attempt_number=attempt_number, state="started",
        )
        try:
            # bridge.build is inside the failure switch (Item 9 R1): a
            # field-level bridge failure (unknown/malformed) raises
            # EvaluationFailed(ENTRY_VALIDATION) and is recorded as a
            # StudyBridgeDefect, not an uncaught crash.
>           typed_inputs = self.bridge.build(canonical_inputs)
                           ^^^^^^^^^^^^^^^^^^^^^^^^^^^^^^^^^^^

../teax/packages/teax-simkit/simkit/study/runner.py:99: 
_ _ _ _ _ _ _ _ _ _ _ _ _ _ _ _ _ _ _ _ _ _ _ _ _ _ _ _ _ _ _ _ _ _ _ _ _ _ _ _ 

self = <simkit.study.bridge.CandidateBridge object at 0x7b3a9d233b30>
selected_fields = {'stellarator_09__stellaris__R': 12.7, 'stellarator_09__stellaris__a': 1.3, 'stellarator_09__stellaris__availability_direct': 0.5, 'stellarator_09__stellaris__magnet__R0': 12.7}

    def build(self, selected_fields: Mapping[str, Any]) -> dict[str, BaseModel]:
        # Partition selected fields onto their owning channels; an unknown
        # field fails closed before any model is constructed.
        by_channel: dict[str, dict[str, Any]] = {ch: {} for ch in self._entry_models}
        for name, value in selected_fields.items():
            channel = self._owner.get(name)
            if channel is None:
>               raise EvaluationFailed(
                    EvaluationFailure(
                        phase=EvaluationPhase.ENTRY_VALIDATION,
                        cause=f"Unknown entry field {name!r} (declared by no channel)",
                    )
                )
E               simkit.evaluation.failure.EvaluationFailed: entry_validation: Unknown entry field 'stellarator_09__stellaris__magnet__R0' (declared by no channel)

../teax/packages/teax-simkit/simkit/study/bridge.py:57: EvaluationFailed

During handling of the above exception, another exception occurred:

tmp_path_factory = TempPathFactory(_given_basetemp=None, _trace=<pluggy._tracing.TagTracerSub object at 0x7b3ac2a32180>, _basetemp=PosixPath('/tmp/pytest-of-reid/pytest-12236'), _retention_count=3, _retention_policy='all')
stock_simkit_session_path = PosixPath('/home/reid/1cfe/teax/packages/teax-simkit')

    @pytest.fixture(scope="session")
    def stock_route_run(tmp_path_factory, stock_simkit_session_path):
        """One stock-route execution per session: the availability sweep's store plus the
        sealed identity document and baseline result the route deposits."""
        studies = str(REPO_ROOT / "exploration" / "stellarator_e2e" / "studies")
        if studies not in sys.path:
            sys.path.insert(0, studies)
        import study_route
    
        out = tmp_path_factory.mktemp("stock_route_run")
>       study_route.run_availability_sweep(out)

tests/study/conftest.py:285: 
_ _ _ _ _ _ _ _ _ _ _ _ _ _ _ _ _ _ _ _ _ _ _ _ _ _ _ _ _ _ _ _ _ _ _ _ _ _ _ _ 
exploration/stellarator_e2e/studies/study_route.py:400: in run_availability_sweep
    cases, _ = run_points(
exploration/stellarator_e2e/studies/study_route.py:233: in run_points
    StudyRunner(store, study, _RequiredOutputsEvaluator(prepared, required_channels)).run()
../teax/packages/teax-simkit/simkit/study/runner.py:65: in run
    self._evaluate_candidate(candidate_id, proposal_id, canonical)
../teax/packages/teax-simkit/simkit/study/runner.py:75: in _evaluate_candidate
    self._run_attempt(
../teax/packages/teax-simkit/simkit/study/runner.py:102: in _run_attempt
    self._commit_execution_failure(
_ _ _ _ _ _ _ _ _ _ _ _ _ _ _ _ _ _ _ _ _ _ _ _ _ _ _ _ _ _ _ _ _ _ _ _ _ _ _ _ 

self = <simkit.study.runner.StudyRunner object at 0x7b3a9d233a70>
failure = EvaluationFailure(phase=<EvaluationPhase.ENTRY_VALIDATION: 'entry_validation'>, cause="Unknown entry field 'stellarator_09__stellaris__magnet__R0' (declared by no channel)", module_or_channel=None, retryable=False, partial_artifacts=())
candidate_id = 'stellarator-availability-sweep-v1:c0000'
proposal_id = 'stellarator-availability-sweep-v1:p0000'
attempt_id = 'stellarator-availability-sweep-v1:c0000:a1', attempt_number = 1
canonical_inputs = {'stellarator_09__stellaris__R': 12.7, 'stellarator_09__stellaris__a': 1.3, 'stellarator_09__stellaris__availability_direct': 0.5, 'stellarator_09__stellaris__magnet__R0': 12.7}

    def _commit_execution_failure(
        self, failure: EvaluationFailure, candidate_id: str, proposal_id: str, attempt_id: str,
        attempt_number: int, canonical_inputs: Mapping,
    ) -> None:
        if failure.phase == EvaluationPhase.ENTRY_VALIDATION:
>           raise StudyBridgeDefect(failure)
E           simkit.study.failures.StudyBridgeDefect: bridge produced an invalid entry model: Unknown entry field 'stellarator_09__stellaris__magnet__R0' (declared by no channel)

../teax/packages/teax-simkit/simkit/study/runner.py:116: StudyBridgeDefect
_______ ERROR at setup of test_the_summary_validates_against_its_schema ________

self = <simkit.study.runner.StudyRunner object at 0x7b3a9d233a70>
candidate_id = 'stellarator-availability-sweep-v1:c0000'
proposal_id = 'stellarator-availability-sweep-v1:p0000'
attempt_id = 'stellarator-availability-sweep-v1:c0000:a1', attempt_number = 1
canonical_inputs = {'stellarator_09__stellaris__R': 12.7, 'stellarator_09__stellaris__a': 1.3, 'stellarator_09__stellaris__availability_direct': 0.5, 'stellarator_09__stellaris__magnet__R0': 12.7}

    def _run_attempt(
        self, candidate_id: str, proposal_id: str, attempt_id: str, attempt_number: int,
        canonical_inputs: Mapping,
    ) -> None:
        self.store.record_transition(
            attempt_id=attempt_id, candidate_id=candidate_id, proposal_id=proposal_id,
            attempt_number=attempt_number, state="started",
        )
        try:
            # bridge.build is inside the failure switch (Item 9 R1): a
            # field-level bridge failure (unknown/malformed) raises
            # EvaluationFailed(ENTRY_VALIDATION) and is recorded as a
            # StudyBridgeDefect, not an uncaught crash.
>           typed_inputs = self.bridge.build(canonical_inputs)
                           ^^^^^^^^^^^^^^^^^^^^^^^^^^^^^^^^^^^

../teax/packages/teax-simkit/simkit/study/runner.py:99: 
_ _ _ _ _ _ _ _ _ _ _ _ _ _ _ _ _ _ _ _ _ _ _ _ _ _ _ _ _ _ _ _ _ _ _ _ _ _ _ _ 

self = <simkit.study.bridge.CandidateBridge object at 0x7b3a9d233b30>
selected_fields = {'stellarator_09__stellaris__R': 12.7, 'stellarator_09__stellaris__a': 1.3, 'stellarator_09__stellaris__availability_direct': 0.5, 'stellarator_09__stellaris__magnet__R0': 12.7}

    def build(self, selected_fields: Mapping[str, Any]) -> dict[str, BaseModel]:
        # Partition selected fields onto their owning channels; an unknown
        # field fails closed before any model is constructed.
        by_channel: dict[str, dict[str, Any]] = {ch: {} for ch in self._entry_models}
        for name, value in selected_fields.items():
            channel = self._owner.get(name)
            if channel is None:
>               raise EvaluationFailed(
                    EvaluationFailure(
                        phase=EvaluationPhase.ENTRY_VALIDATION,
                        cause=f"Unknown entry field {name!r} (declared by no channel)",
                    )
                )
E               simkit.evaluation.failure.EvaluationFailed: entry_validation: Unknown entry field 'stellarator_09__stellaris__magnet__R0' (declared by no channel)

../teax/packages/teax-simkit/simkit/study/bridge.py:57: EvaluationFailed

During handling of the above exception, another exception occurred:

tmp_path_factory = TempPathFactory(_given_basetemp=None, _trace=<pluggy._tracing.TagTracerSub object at 0x7b3ac2a32180>, _basetemp=PosixPath('/tmp/pytest-of-reid/pytest-12236'), _retention_count=3, _retention_policy='all')
stock_simkit_session_path = PosixPath('/home/reid/1cfe/teax/packages/teax-simkit')

    @pytest.fixture(scope="session")
    def stock_route_run(tmp_path_factory, stock_simkit_session_path):
        """One stock-route execution per session: the availability sweep's store plus the
        sealed identity document and baseline result the route deposits."""
        studies = str(REPO_ROOT / "exploration" / "stellarator_e2e" / "studies")
        if studies not in sys.path:
            sys.path.insert(0, studies)
        import study_route
    
        out = tmp_path_factory.mktemp("stock_route_run")
>       study_route.run_availability_sweep(out)

tests/study/conftest.py:285: 
_ _ _ _ _ _ _ _ _ _ _ _ _ _ _ _ _ _ _ _ _ _ _ _ _ _ _ _ _ _ _ _ _ _ _ _ _ _ _ _ 
exploration/stellarator_e2e/studies/study_route.py:400: in run_availability_sweep
    cases, _ = run_points(
exploration/stellarator_e2e/studies/study_route.py:233: in run_points
    StudyRunner(store, study, _RequiredOutputsEvaluator(prepared, required_channels)).run()
../teax/packages/teax-simkit/simkit/study/runner.py:65: in run
    self._evaluate_candidate(candidate_id, proposal_id, canonical)
../teax/packages/teax-simkit/simkit/study/runner.py:75: in _evaluate_candidate
    self._run_attempt(
../teax/packages/teax-simkit/simkit/study/runner.py:102: in _run_attempt
    self._commit_execution_failure(
_ _ _ _ _ _ _ _ _ _ _ _ _ _ _ _ _ _ _ _ _ _ _ _ _ _ _ _ _ _ _ _ _ _ _ _ _ _ _ _ 

self = <simkit.study.runner.StudyRunner object at 0x7b3a9d233a70>
failure = EvaluationFailure(phase=<EvaluationPhase.ENTRY_VALIDATION: 'entry_validation'>, cause="Unknown entry field 'stellarator_09__stellaris__magnet__R0' (declared by no channel)", module_or_channel=None, retryable=False, partial_artifacts=())
candidate_id = 'stellarator-availability-sweep-v1:c0000'
proposal_id = 'stellarator-availability-sweep-v1:p0000'
attempt_id = 'stellarator-availability-sweep-v1:c0000:a1', attempt_number = 1
canonical_inputs = {'stellarator_09__stellaris__R': 12.7, 'stellarator_09__stellaris__a': 1.3, 'stellarator_09__stellaris__availability_direct': 0.5, 'stellarator_09__stellaris__magnet__R0': 12.7}

    def _commit_execution_failure(
        self, failure: EvaluationFailure, candidate_id: str, proposal_id: str, attempt_id: str,
        attempt_number: int, canonical_inputs: Mapping,
    ) -> None:
        if failure.phase == EvaluationPhase.ENTRY_VALIDATION:
>           raise StudyBridgeDefect(failure)
E           simkit.study.failures.StudyBridgeDefect: bridge produced an invalid entry model: Unknown entry field 'stellarator_09__stellaris__magnet__R0' (declared by no channel)

../teax/packages/teax-simkit/simkit/study/runner.py:116: StudyBridgeDefect
_ ERROR at setup of test_the_summary_is_a_superset_of_the_committed_field_set __

self = <simkit.study.runner.StudyRunner object at 0x7b3a9d233a70>
candidate_id = 'stellarator-availability-sweep-v1:c0000'
proposal_id = 'stellarator-availability-sweep-v1:p0000'
attempt_id = 'stellarator-availability-sweep-v1:c0000:a1', attempt_number = 1
canonical_inputs = {'stellarator_09__stellaris__R': 12.7, 'stellarator_09__stellaris__a': 1.3, 'stellarator_09__stellaris__availability_direct': 0.5, 'stellarator_09__stellaris__magnet__R0': 12.7}

    def _run_attempt(
        self, candidate_id: str, proposal_id: str, attempt_id: str, attempt_number: int,
        canonical_inputs: Mapping,
    ) -> None:
        self.store.record_transition(
            attempt_id=attempt_id, candidate_id=candidate_id, proposal_id=proposal_id,
            attempt_number=attempt_number, state="started",
        )
        try:
            # bridge.build is inside the failure switch (Item 9 R1): a
            # field-level bridge failure (unknown/malformed) raises
            # EvaluationFailed(ENTRY_VALIDATION) and is recorded as a
            # StudyBridgeDefect, not an uncaught crash.
>           typed_inputs = self.bridge.build(canonical_inputs)
                           ^^^^^^^^^^^^^^^^^^^^^^^^^^^^^^^^^^^

../teax/packages/teax-simkit/simkit/study/runner.py:99: 
_ _ _ _ _ _ _ _ _ _ _ _ _ _ _ _ _ _ _ _ _ _ _ _ _ _ _ _ _ _ _ _ _ _ _ _ _ _ _ _ 

self = <simkit.study.bridge.CandidateBridge object at 0x7b3a9d233b30>
selected_fields = {'stellarator_09__stellaris__R': 12.7, 'stellarator_09__stellaris__a': 1.3, 'stellarator_09__stellaris__availability_direct': 0.5, 'stellarator_09__stellaris__magnet__R0': 12.7}

    def build(self, selected_fields: Mapping[str, Any]) -> dict[str, BaseModel]:
        # Partition selected fields onto their owning channels; an unknown
        # field fails closed before any model is constructed.
        by_channel: dict[str, dict[str, Any]] = {ch: {} for ch in self._entry_models}
        for name, value in selected_fields.items():
            channel = self._owner.get(name)
            if channel is None:
>               raise EvaluationFailed(
                    EvaluationFailure(
                        phase=EvaluationPhase.ENTRY_VALIDATION,
                        cause=f"Unknown entry field {name!r} (declared by no channel)",
                    )
                )
E               simkit.evaluation.failure.EvaluationFailed: entry_validation: Unknown entry field 'stellarator_09__stellaris__magnet__R0' (declared by no channel)

../teax/packages/teax-simkit/simkit/study/bridge.py:57: EvaluationFailed

During handling of the above exception, another exception occurred:

tmp_path_factory = TempPathFactory(_given_basetemp=None, _trace=<pluggy._tracing.TagTracerSub object at 0x7b3ac2a32180>, _basetemp=PosixPath('/tmp/pytest-of-reid/pytest-12236'), _retention_count=3, _retention_policy='all')
stock_simkit_session_path = PosixPath('/home/reid/1cfe/teax/packages/teax-simkit')

    @pytest.fixture(scope="session")
    def stock_route_run(tmp_path_factory, stock_simkit_session_path):
        """One stock-route execution per session: the availability sweep's store plus the
        sealed identity document and baseline result the route deposits."""
        studies = str(REPO_ROOT / "exploration" / "stellarator_e2e" / "studies")
        if studies not in sys.path:
            sys.path.insert(0, studies)
        import study_route
    
        out = tmp_path_factory.mktemp("stock_route_run")
>       study_route.run_availability_sweep(out)

tests/study/conftest.py:285: 
_ _ _ _ _ _ _ _ _ _ _ _ _ _ _ _ _ _ _ _ _ _ _ _ _ _ _ _ _ _ _ _ _ _ _ _ _ _ _ _ 
exploration/stellarator_e2e/studies/study_route.py:400: in run_availability_sweep
    cases, _ = run_points(
exploration/stellarator_e2e/studies/study_route.py:233: in run_points
    StudyRunner(store, study, _RequiredOutputsEvaluator(prepared, required_channels)).run()
../teax/packages/teax-simkit/simkit/study/runner.py:65: in run
    self._evaluate_candidate(candidate_id, proposal_id, canonical)
../teax/packages/teax-simkit/simkit/study/runner.py:75: in _evaluate_candidate
    self._run_attempt(
../teax/packages/teax-simkit/simkit/study/runner.py:102: in _run_attempt
    self._commit_execution_failure(
_ _ _ _ _ _ _ _ _ _ _ _ _ _ _ _ _ _ _ _ _ _ _ _ _ _ _ _ _ _ _ _ _ _ _ _ _ _ _ _ 

self = <simkit.study.runner.StudyRunner object at 0x7b3a9d233a70>
failure = EvaluationFailure(phase=<EvaluationPhase.ENTRY_VALIDATION: 'entry_validation'>, cause="Unknown entry field 'stellarator_09__stellaris__magnet__R0' (declared by no channel)", module_or_channel=None, retryable=False, partial_artifacts=())
candidate_id = 'stellarator-availability-sweep-v1:c0000'
proposal_id = 'stellarator-availability-sweep-v1:p0000'
attempt_id = 'stellarator-availability-sweep-v1:c0000:a1', attempt_number = 1
canonical_inputs = {'stellarator_09__stellaris__R': 12.7, 'stellarator_09__stellaris__a': 1.3, 'stellarator_09__stellaris__availability_direct': 0.5, 'stellarator_09__stellaris__magnet__R0': 12.7}

    def _commit_execution_failure(
        self, failure: EvaluationFailure, candidate_id: str, proposal_id: str, attempt_id: str,
        attempt_number: int, canonical_inputs: Mapping,
    ) -> None:
        if failure.phase == EvaluationPhase.ENTRY_VALIDATION:
>           raise StudyBridgeDefect(failure)
E           simkit.study.failures.StudyBridgeDefect: bridge produced an invalid entry model: Unknown entry field 'stellarator_09__stellaris__magnet__R0' (declared by no channel)

../teax/packages/teax-simkit/simkit/study/runner.py:116: StudyBridgeDefect
___ ERROR at setup of test_parity_holds_at_the_committed_order_of_magnitude ____

self = <simkit.study.runner.StudyRunner object at 0x7b3a9d233a70>
candidate_id = 'stellarator-availability-sweep-v1:c0000'
proposal_id = 'stellarator-availability-sweep-v1:p0000'
attempt_id = 'stellarator-availability-sweep-v1:c0000:a1', attempt_number = 1
canonical_inputs = {'stellarator_09__stellaris__R': 12.7, 'stellarator_09__stellaris__a': 1.3, 'stellarator_09__stellaris__availability_direct': 0.5, 'stellarator_09__stellaris__magnet__R0': 12.7}

    def _run_attempt(
        self, candidate_id: str, proposal_id: str, attempt_id: str, attempt_number: int,
        canonical_inputs: Mapping,
    ) -> None:
        self.store.record_transition(
            attempt_id=attempt_id, candidate_id=candidate_id, proposal_id=proposal_id,
            attempt_number=attempt_number, state="started",
        )
        try:
            # bridge.build is inside the failure switch (Item 9 R1): a
            # field-level bridge failure (unknown/malformed) raises
            # EvaluationFailed(ENTRY_VALIDATION) and is recorded as a
            # StudyBridgeDefect, not an uncaught crash.
>           typed_inputs = self.bridge.build(canonical_inputs)
                           ^^^^^^^^^^^^^^^^^^^^^^^^^^^^^^^^^^^

../teax/packages/teax-simkit/simkit/study/runner.py:99: 
_ _ _ _ _ _ _ _ _ _ _ _ _ _ _ _ _ _ _ _ _ _ _ _ _ _ _ _ _ _ _ _ _ _ _ _ _ _ _ _ 

self = <simkit.study.bridge.CandidateBridge object at 0x7b3a9d233b30>
selected_fields = {'stellarator_09__stellaris__R': 12.7, 'stellarator_09__stellaris__a': 1.3, 'stellarator_09__stellaris__availability_direct': 0.5, 'stellarator_09__stellaris__magnet__R0': 12.7}

    def build(self, selected_fields: Mapping[str, Any]) -> dict[str, BaseModel]:
        # Partition selected fields onto their owning channels; an unknown
        # field fails closed before any model is constructed.
        by_channel: dict[str, dict[str, Any]] = {ch: {} for ch in self._entry_models}
        for name, value in selected_fields.items():
            channel = self._owner.get(name)
            if channel is None:
>               raise EvaluationFailed(
                    EvaluationFailure(
                        phase=EvaluationPhase.ENTRY_VALIDATION,
                        cause=f"Unknown entry field {name!r} (declared by no channel)",
                    )
                )
E               simkit.evaluation.failure.EvaluationFailed: entry_validation: Unknown entry field 'stellarator_09__stellaris__magnet__R0' (declared by no channel)

../teax/packages/teax-simkit/simkit/study/bridge.py:57: EvaluationFailed

During handling of the above exception, another exception occurred:

tmp_path_factory = TempPathFactory(_given_basetemp=None, _trace=<pluggy._tracing.TagTracerSub object at 0x7b3ac2a32180>, _basetemp=PosixPath('/tmp/pytest-of-reid/pytest-12236'), _retention_count=3, _retention_policy='all')
stock_simkit_session_path = PosixPath('/home/reid/1cfe/teax/packages/teax-simkit')

    @pytest.fixture(scope="session")
    def stock_route_run(tmp_path_factory, stock_simkit_session_path):
        """One stock-route execution per session: the availability sweep's store plus the
        sealed identity document and baseline result the route deposits."""
        studies = str(REPO_ROOT / "exploration" / "stellarator_e2e" / "studies")
        if studies not in sys.path:
            sys.path.insert(0, studies)
        import study_route
    
        out = tmp_path_factory.mktemp("stock_route_run")
>       study_route.run_availability_sweep(out)

tests/study/conftest.py:285: 
_ _ _ _ _ _ _ _ _ _ _ _ _ _ _ _ _ _ _ _ _ _ _ _ _ _ _ _ _ _ _ _ _ _ _ _ _ _ _ _ 
exploration/stellarator_e2e/studies/study_route.py:400: in run_availability_sweep
    cases, _ = run_points(
exploration/stellarator_e2e/studies/study_route.py:233: in run_points
    StudyRunner(store, study, _RequiredOutputsEvaluator(prepared, required_channels)).run()
../teax/packages/teax-simkit/simkit/study/runner.py:65: in run
    self._evaluate_candidate(candidate_id, proposal_id, canonical)
../teax/packages/teax-simkit/simkit/study/runner.py:75: in _evaluate_candidate
    self._run_attempt(
../teax/packages/teax-simkit/simkit/study/runner.py:102: in _run_attempt
    self._commit_execution_failure(
_ _ _ _ _ _ _ _ _ _ _ _ _ _ _ _ _ _ _ _ _ _ _ _ _ _ _ _ _ _ _ _ _ _ _ _ _ _ _ _ 

self = <simkit.study.runner.StudyRunner object at 0x7b3a9d233a70>
failure = EvaluationFailure(phase=<EvaluationPhase.ENTRY_VALIDATION: 'entry_validation'>, cause="Unknown entry field 'stellarator_09__stellaris__magnet__R0' (declared by no channel)", module_or_channel=None, retryable=False, partial_artifacts=())
candidate_id = 'stellarator-availability-sweep-v1:c0000'
proposal_id = 'stellarator-availability-sweep-v1:p0000'
attempt_id = 'stellarator-availability-sweep-v1:c0000:a1', attempt_number = 1
canonical_inputs = {'stellarator_09__stellaris__R': 12.7, 'stellarator_09__stellaris__a': 1.3, 'stellarator_09__stellaris__availability_direct': 0.5, 'stellarator_09__stellaris__magnet__R0': 12.7}

    def _commit_execution_failure(
        self, failure: EvaluationFailure, candidate_id: str, proposal_id: str, attempt_id: str,
        attempt_number: int, canonical_inputs: Mapping,
    ) -> None:
        if failure.phase == EvaluationPhase.ENTRY_VALIDATION:
>           raise StudyBridgeDefect(failure)
E           simkit.study.failures.StudyBridgeDefect: bridge produced an invalid entry model: Unknown entry field 'stellarator_09__stellaris__magnet__R0' (declared by no channel)

../teax/packages/teax-simkit/simkit/study/runner.py:116: StudyBridgeDefect
_ ERROR at setup of test_every_catalog_constraint_is_rederived_with_its_operand_count _

self = <simkit.study.runner.StudyRunner object at 0x7b3a9d233a70>
candidate_id = 'stellarator-availability-sweep-v1:c0000'
proposal_id = 'stellarator-availability-sweep-v1:p0000'
attempt_id = 'stellarator-availability-sweep-v1:c0000:a1', attempt_number = 1
canonical_inputs = {'stellarator_09__stellaris__R': 12.7, 'stellarator_09__stellaris__a': 1.3, 'stellarator_09__stellaris__availability_direct': 0.5, 'stellarator_09__stellaris__magnet__R0': 12.7}

    def _run_attempt(
        self, candidate_id: str, proposal_id: str, attempt_id: str, attempt_number: int,
        canonical_inputs: Mapping,
    ) -> None:
        self.store.record_transition(
            attempt_id=attempt_id, candidate_id=candidate_id, proposal_id=proposal_id,
            attempt_number=attempt_number, state="started",
        )
        try:
            # bridge.build is inside the failure switch (Item 9 R1): a
            # field-level bridge failure (unknown/malformed) raises
            # EvaluationFailed(ENTRY_VALIDATION) and is recorded as a
            # StudyBridgeDefect, not an uncaught crash.
>           typed_inputs = self.bridge.build(canonical_inputs)
                           ^^^^^^^^^^^^^^^^^^^^^^^^^^^^^^^^^^^

../teax/packages/teax-simkit/simkit/study/runner.py:99: 
_ _ _ _ _ _ _ _ _ _ _ _ _ _ _ _ _ _ _ _ _ _ _ _ _ _ _ _ _ _ _ _ _ _ _ _ _ _ _ _ 

self = <simkit.study.bridge.CandidateBridge object at 0x7b3a9d233b30>
selected_fields = {'stellarator_09__stellaris__R': 12.7, 'stellarator_09__stellaris__a': 1.3, 'stellarator_09__stellaris__availability_direct': 0.5, 'stellarator_09__stellaris__magnet__R0': 12.7}

    def build(self, selected_fields: Mapping[str, Any]) -> dict[str, BaseModel]:
        # Partition selected fields onto their owning channels; an unknown
        # field fails closed before any model is constructed.
        by_channel: dict[str, dict[str, Any]] = {ch: {} for ch in self._entry_models}
        for name, value in selected_fields.items():
            channel = self._owner.get(name)
            if channel is None:
>               raise EvaluationFailed(
                    EvaluationFailure(
                        phase=EvaluationPhase.ENTRY_VALIDATION,
                        cause=f"Unknown entry field {name!r} (declared by no channel)",
                    )
                )
E               simkit.evaluation.failure.EvaluationFailed: entry_validation: Unknown entry field 'stellarator_09__stellaris__magnet__R0' (declared by no channel)

../teax/packages/teax-simkit/simkit/study/bridge.py:57: EvaluationFailed

During handling of the above exception, another exception occurred:

tmp_path_factory = TempPathFactory(_given_basetemp=None, _trace=<pluggy._tracing.TagTracerSub object at 0x7b3ac2a32180>, _basetemp=PosixPath('/tmp/pytest-of-reid/pytest-12236'), _retention_count=3, _retention_policy='all')
stock_simkit_session_path = PosixPath('/home/reid/1cfe/teax/packages/teax-simkit')

    @pytest.fixture(scope="session")
    def stock_route_run(tmp_path_factory, stock_simkit_session_path):
        """One stock-route execution per session: the availability sweep's store plus the
        sealed identity document and baseline result the route deposits."""
        studies = str(REPO_ROOT / "exploration" / "stellarator_e2e" / "studies")
        if studies not in sys.path:
            sys.path.insert(0, studies)
        import study_route
    
        out = tmp_path_factory.mktemp("stock_route_run")
>       study_route.run_availability_sweep(out)

tests/study/conftest.py:285: 
_ _ _ _ _ _ _ _ _ _ _ _ _ _ _ _ _ _ _ _ _ _ _ _ _ _ _ _ _ _ _ _ _ _ _ _ _ _ _ _ 
exploration/stellarator_e2e/studies/study_route.py:400: in run_availability_sweep
    cases, _ = run_points(
exploration/stellarator_e2e/studies/study_route.py:233: in run_points
    StudyRunner(store, study, _RequiredOutputsEvaluator(prepared, required_channels)).run()
../teax/packages/teax-simkit/simkit/study/runner.py:65: in run
    self._evaluate_candidate(candidate_id, proposal_id, canonical)
../teax/packages/teax-simkit/simkit/study/runner.py:75: in _evaluate_candidate
    self._run_attempt(
../teax/packages/teax-simkit/simkit/study/runner.py:102: in _run_attempt
    self._commit_execution_failure(
_ _ _ _ _ _ _ _ _ _ _ _ _ _ _ _ _ _ _ _ _ _ _ _ _ _ _ _ _ _ _ _ _ _ _ _ _ _ _ _ 

self = <simkit.study.runner.StudyRunner object at 0x7b3a9d233a70>
failure = EvaluationFailure(phase=<EvaluationPhase.ENTRY_VALIDATION: 'entry_validation'>, cause="Unknown entry field 'stellarator_09__stellaris__magnet__R0' (declared by no channel)", module_or_channel=None, retryable=False, partial_artifacts=())
candidate_id = 'stellarator-availability-sweep-v1:c0000'
proposal_id = 'stellarator-availability-sweep-v1:p0000'
attempt_id = 'stellarator-availability-sweep-v1:c0000:a1', attempt_number = 1
canonical_inputs = {'stellarator_09__stellaris__R': 12.7, 'stellarator_09__stellaris__a': 1.3, 'stellarator_09__stellaris__availability_direct': 0.5, 'stellarator_09__stellaris__magnet__R0': 12.7}

    def _commit_execution_failure(
        self, failure: EvaluationFailure, candidate_id: str, proposal_id: str, attempt_id: str,
        attempt_number: int, canonical_inputs: Mapping,
    ) -> None:
        if failure.phase == EvaluationPhase.ENTRY_VALIDATION:
>           raise StudyBridgeDefect(failure)
E           simkit.study.failures.StudyBridgeDefect: bridge produced an invalid entry model: Unknown entry field 'stellarator_09__stellaris__magnet__R0' (declared by no channel)

../teax/packages/teax-simkit/simkit/study/runner.py:116: StudyBridgeDefect
_ ERROR at setup of test_stratification_covers_every_observed_verdict_combination _

self = <simkit.study.runner.StudyRunner object at 0x7b3a9d233a70>
candidate_id = 'stellarator-availability-sweep-v1:c0000'
proposal_id = 'stellarator-availability-sweep-v1:p0000'
attempt_id = 'stellarator-availability-sweep-v1:c0000:a1', attempt_number = 1
canonical_inputs = {'stellarator_09__stellaris__R': 12.7, 'stellarator_09__stellaris__a': 1.3, 'stellarator_09__stellaris__availability_direct': 0.5, 'stellarator_09__stellaris__magnet__R0': 12.7}

    def _run_attempt(
        self, candidate_id: str, proposal_id: str, attempt_id: str, attempt_number: int,
        canonical_inputs: Mapping,
    ) -> None:
        self.store.record_transition(
            attempt_id=attempt_id, candidate_id=candidate_id, proposal_id=proposal_id,
            attempt_number=attempt_number, state="started",
        )
        try:
            # bridge.build is inside the failure switch (Item 9 R1): a
            # field-level bridge failure (unknown/malformed) raises
            # EvaluationFailed(ENTRY_VALIDATION) and is recorded as a
            # StudyBridgeDefect, not an uncaught crash.
>           typed_inputs = self.bridge.build(canonical_inputs)
                           ^^^^^^^^^^^^^^^^^^^^^^^^^^^^^^^^^^^

../teax/packages/teax-simkit/simkit/study/runner.py:99: 
_ _ _ _ _ _ _ _ _ _ _ _ _ _ _ _ _ _ _ _ _ _ _ _ _ _ _ _ _ _ _ _ _ _ _ _ _ _ _ _ 

self = <simkit.study.bridge.CandidateBridge object at 0x7b3a9d233b30>
selected_fields = {'stellarator_09__stellaris__R': 12.7, 'stellarator_09__stellaris__a': 1.3, 'stellarator_09__stellaris__availability_direct': 0.5, 'stellarator_09__stellaris__magnet__R0': 12.7}

    def build(self, selected_fields: Mapping[str, Any]) -> dict[str, BaseModel]:
        # Partition selected fields onto their owning channels; an unknown
        # field fails closed before any model is constructed.
        by_channel: dict[str, dict[str, Any]] = {ch: {} for ch in self._entry_models}
        for name, value in selected_fields.items():
            channel = self._owner.get(name)
            if channel is None:
>               raise EvaluationFailed(
                    EvaluationFailure(
                        phase=EvaluationPhase.ENTRY_VALIDATION,
                        cause=f"Unknown entry field {name!r} (declared by no channel)",
                    )
                )
E               simkit.evaluation.failure.EvaluationFailed: entry_validation: Unknown entry field 'stellarator_09__stellaris__magnet__R0' (declared by no channel)

../teax/packages/teax-simkit/simkit/study/bridge.py:57: EvaluationFailed

During handling of the above exception, another exception occurred:

tmp_path_factory = TempPathFactory(_given_basetemp=None, _trace=<pluggy._tracing.TagTracerSub object at 0x7b3ac2a32180>, _basetemp=PosixPath('/tmp/pytest-of-reid/pytest-12236'), _retention_count=3, _retention_policy='all')
stock_simkit_session_path = PosixPath('/home/reid/1cfe/teax/packages/teax-simkit')

    @pytest.fixture(scope="session")
    def stock_route_run(tmp_path_factory, stock_simkit_session_path):
        """One stock-route execution per session: the availability sweep's store plus the
        sealed identity document and baseline result the route deposits."""
        studies = str(REPO_ROOT / "exploration" / "stellarator_e2e" / "studies")
        if studies not in sys.path:
            sys.path.insert(0, studies)
        import study_route
    
        out = tmp_path_factory.mktemp("stock_route_run")
>       study_route.run_availability_sweep(out)

tests/study/conftest.py:285: 
_ _ _ _ _ _ _ _ _ _ _ _ _ _ _ _ _ _ _ _ _ _ _ _ _ _ _ _ _ _ _ _ _ _ _ _ _ _ _ _ 
exploration/stellarator_e2e/studies/study_route.py:400: in run_availability_sweep
    cases, _ = run_points(
exploration/stellarator_e2e/studies/study_route.py:233: in run_points
    StudyRunner(store, study, _RequiredOutputsEvaluator(prepared, required_channels)).run()
../teax/packages/teax-simkit/simkit/study/runner.py:65: in run
    self._evaluate_candidate(candidate_id, proposal_id, canonical)
../teax/packages/teax-simkit/simkit/study/runner.py:75: in _evaluate_candidate
    self._run_attempt(
../teax/packages/teax-simkit/simkit/study/runner.py:102: in _run_attempt
    self._commit_execution_failure(
_ _ _ _ _ _ _ _ _ _ _ _ _ _ _ _ _ _ _ _ _ _ _ _ _ _ _ _ _ _ _ _ _ _ _ _ _ _ _ _ 

self = <simkit.study.runner.StudyRunner object at 0x7b3a9d233a70>
failure = EvaluationFailure(phase=<EvaluationPhase.ENTRY_VALIDATION: 'entry_validation'>, cause="Unknown entry field 'stellarator_09__stellaris__magnet__R0' (declared by no channel)", module_or_channel=None, retryable=False, partial_artifacts=())
candidate_id = 'stellarator-availability-sweep-v1:c0000'
proposal_id = 'stellarator-availability-sweep-v1:p0000'
attempt_id = 'stellarator-availability-sweep-v1:c0000:a1', attempt_number = 1
canonical_inputs = {'stellarator_09__stellaris__R': 12.7, 'stellarator_09__stellaris__a': 1.3, 'stellarator_09__stellaris__availability_direct': 0.5, 'stellarator_09__stellaris__magnet__R0': 12.7}

    def _commit_execution_failure(
        self, failure: EvaluationFailure, candidate_id: str, proposal_id: str, attempt_id: str,
        attempt_number: int, canonical_inputs: Mapping,
    ) -> None:
        if failure.phase == EvaluationPhase.ENTRY_VALIDATION:
>           raise StudyBridgeDefect(failure)
E           simkit.study.failures.StudyBridgeDefect: bridge produced an invalid entry model: Unknown entry field 'stellarator_09__stellaris__magnet__R0' (declared by no channel)

../teax/packages/teax-simkit/simkit/study/runner.py:116: StudyBridgeDefect
__________ ERROR at setup of test_stratification_is_a_floor_not_a_cap __________

self = <simkit.study.runner.StudyRunner object at 0x7b3a9d233a70>
candidate_id = 'stellarator-availability-sweep-v1:c0000'
proposal_id = 'stellarator-availability-sweep-v1:p0000'
attempt_id = 'stellarator-availability-sweep-v1:c0000:a1', attempt_number = 1
canonical_inputs = {'stellarator_09__stellaris__R': 12.7, 'stellarator_09__stellaris__a': 1.3, 'stellarator_09__stellaris__availability_direct': 0.5, 'stellarator_09__stellaris__magnet__R0': 12.7}

    def _run_attempt(
        self, candidate_id: str, proposal_id: str, attempt_id: str, attempt_number: int,
        canonical_inputs: Mapping,
    ) -> None:
        self.store.record_transition(
            attempt_id=attempt_id, candidate_id=candidate_id, proposal_id=proposal_id,
            attempt_number=attempt_number, state="started",
        )
        try:
            # bridge.build is inside the failure switch (Item 9 R1): a
            # field-level bridge failure (unknown/malformed) raises
            # EvaluationFailed(ENTRY_VALIDATION) and is recorded as a
            # StudyBridgeDefect, not an uncaught crash.
>           typed_inputs = self.bridge.build(canonical_inputs)
                           ^^^^^^^^^^^^^^^^^^^^^^^^^^^^^^^^^^^

../teax/packages/teax-simkit/simkit/study/runner.py:99: 
_ _ _ _ _ _ _ _ _ _ _ _ _ _ _ _ _ _ _ _ _ _ _ _ _ _ _ _ _ _ _ _ _ _ _ _ _ _ _ _ 

self = <simkit.study.bridge.CandidateBridge object at 0x7b3a9d233b30>
selected_fields = {'stellarator_09__stellaris__R': 12.7, 'stellarator_09__stellaris__a': 1.3, 'stellarator_09__stellaris__availability_direct': 0.5, 'stellarator_09__stellaris__magnet__R0': 12.7}

    def build(self, selected_fields: Mapping[str, Any]) -> dict[str, BaseModel]:
        # Partition selected fields onto their owning channels; an unknown
        # field fails closed before any model is constructed.
        by_channel: dict[str, dict[str, Any]] = {ch: {} for ch in self._entry_models}
        for name, value in selected_fields.items():
            channel = self._owner.get(name)
            if channel is None:
>               raise EvaluationFailed(
                    EvaluationFailure(
                        phase=EvaluationPhase.ENTRY_VALIDATION,
                        cause=f"Unknown entry field {name!r} (declared by no channel)",
                    )
                )
E               simkit.evaluation.failure.EvaluationFailed: entry_validation: Unknown entry field 'stellarator_09__stellaris__magnet__R0' (declared by no channel)

../teax/packages/teax-simkit/simkit/study/bridge.py:57: EvaluationFailed

During handling of the above exception, another exception occurred:

tmp_path_factory = TempPathFactory(_given_basetemp=None, _trace=<pluggy._tracing.TagTracerSub object at 0x7b3ac2a32180>, _basetemp=PosixPath('/tmp/pytest-of-reid/pytest-12236'), _retention_count=3, _retention_policy='all')
stock_simkit_session_path = PosixPath('/home/reid/1cfe/teax/packages/teax-simkit')

    @pytest.fixture(scope="session")
    def stock_route_run(tmp_path_factory, stock_simkit_session_path):
        """One stock-route execution per session: the availability sweep's store plus the
        sealed identity document and baseline result the route deposits."""
        studies = str(REPO_ROOT / "exploration" / "stellarator_e2e" / "studies")
        if studies not in sys.path:
            sys.path.insert(0, studies)
        import study_route
    
        out = tmp_path_factory.mktemp("stock_route_run")
>       study_route.run_availability_sweep(out)

tests/study/conftest.py:285: 
_ _ _ _ _ _ _ _ _ _ _ _ _ _ _ _ _ _ _ _ _ _ _ _ _ _ _ _ _ _ _ _ _ _ _ _ _ _ _ _ 
exploration/stellarator_e2e/studies/study_route.py:400: in run_availability_sweep
    cases, _ = run_points(
exploration/stellarator_e2e/studies/study_route.py:233: in run_points
    StudyRunner(store, study, _RequiredOutputsEvaluator(prepared, required_channels)).run()
../teax/packages/teax-simkit/simkit/study/runner.py:65: in run
    self._evaluate_candidate(candidate_id, proposal_id, canonical)
../teax/packages/teax-simkit/simkit/study/runner.py:75: in _evaluate_candidate
    self._run_attempt(
../teax/packages/teax-simkit/simkit/study/runner.py:102: in _run_attempt
    self._commit_execution_failure(
_ _ _ _ _ _ _ _ _ _ _ _ _ _ _ _ _ _ _ _ _ _ _ _ _ _ _ _ _ _ _ _ _ _ _ _ _ _ _ _ 

self = <simkit.study.runner.StudyRunner object at 0x7b3a9d233a70>
failure = EvaluationFailure(phase=<EvaluationPhase.ENTRY_VALIDATION: 'entry_validation'>, cause="Unknown entry field 'stellarator_09__stellaris__magnet__R0' (declared by no channel)", module_or_channel=None, retryable=False, partial_artifacts=())
candidate_id = 'stellarator-availability-sweep-v1:c0000'
proposal_id = 'stellarator-availability-sweep-v1:p0000'
attempt_id = 'stellarator-availability-sweep-v1:c0000:a1', attempt_number = 1
canonical_inputs = {'stellarator_09__stellaris__R': 12.7, 'stellarator_09__stellaris__a': 1.3, 'stellarator_09__stellaris__availability_direct': 0.5, 'stellarator_09__stellaris__magnet__R0': 12.7}

    def _commit_execution_failure(
        self, failure: EvaluationFailure, candidate_id: str, proposal_id: str, attempt_id: str,
        attempt_number: int, canonical_inputs: Mapping,
    ) -> None:
        if failure.phase == EvaluationPhase.ENTRY_VALIDATION:
>           raise StudyBridgeDefect(failure)
E           simkit.study.failures.StudyBridgeDefect: bridge produced an invalid entry model: Unknown entry field 'stellarator_09__stellaris__magnet__R0' (declared by no channel)

../teax/packages/teax-simkit/simkit/study/runner.py:116: StudyBridgeDefect
_ ERROR at setup of test_the_derived_seed_reproduces_from_the_recorded_fields __

self = <simkit.study.runner.StudyRunner object at 0x7b3a9d233a70>
candidate_id = 'stellarator-availability-sweep-v1:c0000'
proposal_id = 'stellarator-availability-sweep-v1:p0000'
attempt_id = 'stellarator-availability-sweep-v1:c0000:a1', attempt_number = 1
canonical_inputs = {'stellarator_09__stellaris__R': 12.7, 'stellarator_09__stellaris__a': 1.3, 'stellarator_09__stellaris__availability_direct': 0.5, 'stellarator_09__stellaris__magnet__R0': 12.7}

    def _run_attempt(
        self, candidate_id: str, proposal_id: str, attempt_id: str, attempt_number: int,
        canonical_inputs: Mapping,
    ) -> None:
        self.store.record_transition(
            attempt_id=attempt_id, candidate_id=candidate_id, proposal_id=proposal_id,
            attempt_number=attempt_number, state="started",
        )
        try:
            # bridge.build is inside the failure switch (Item 9 R1): a
            # field-level bridge failure (unknown/malformed) raises
            # EvaluationFailed(ENTRY_VALIDATION) and is recorded as a
            # StudyBridgeDefect, not an uncaught crash.
>           typed_inputs = self.bridge.build(canonical_inputs)
                           ^^^^^^^^^^^^^^^^^^^^^^^^^^^^^^^^^^^

../teax/packages/teax-simkit/simkit/study/runner.py:99: 
_ _ _ _ _ _ _ _ _ _ _ _ _ _ _ _ _ _ _ _ _ _ _ _ _ _ _ _ _ _ _ _ _ _ _ _ _ _ _ _ 

self = <simkit.study.bridge.CandidateBridge object at 0x7b3a9d233b30>
selected_fields = {'stellarator_09__stellaris__R': 12.7, 'stellarator_09__stellaris__a': 1.3, 'stellarator_09__stellaris__availability_direct': 0.5, 'stellarator_09__stellaris__magnet__R0': 12.7}

    def build(self, selected_fields: Mapping[str, Any]) -> dict[str, BaseModel]:
        # Partition selected fields onto their owning channels; an unknown
        # field fails closed before any model is constructed.
        by_channel: dict[str, dict[str, Any]] = {ch: {} for ch in self._entry_models}
        for name, value in selected_fields.items():
            channel = self._owner.get(name)
            if channel is None:
>               raise EvaluationFailed(
                    EvaluationFailure(
                        phase=EvaluationPhase.ENTRY_VALIDATION,
                        cause=f"Unknown entry field {name!r} (declared by no channel)",
                    )
                )
E               simkit.evaluation.failure.EvaluationFailed: entry_validation: Unknown entry field 'stellarator_09__stellaris__magnet__R0' (declared by no channel)

../teax/packages/teax-simkit/simkit/study/bridge.py:57: EvaluationFailed

During handling of the above exception, another exception occurred:

tmp_path_factory = TempPathFactory(_given_basetemp=None, _trace=<pluggy._tracing.TagTracerSub object at 0x7b3ac2a32180>, _basetemp=PosixPath('/tmp/pytest-of-reid/pytest-12236'), _retention_count=3, _retention_policy='all')
stock_simkit_session_path = PosixPath('/home/reid/1cfe/teax/packages/teax-simkit')

    @pytest.fixture(scope="session")
    def stock_route_run(tmp_path_factory, stock_simkit_session_path):
        """One stock-route execution per session: the availability sweep's store plus the
        sealed identity document and baseline result the route deposits."""
        studies = str(REPO_ROOT / "exploration" / "stellarator_e2e" / "studies")
        if studies not in sys.path:
            sys.path.insert(0, studies)
        import study_route
    
        out = tmp_path_factory.mktemp("stock_route_run")
>       study_route.run_availability_sweep(out)

tests/study/conftest.py:285: 
_ _ _ _ _ _ _ _ _ _ _ _ _ _ _ _ _ _ _ _ _ _ _ _ _ _ _ _ _ _ _ _ _ _ _ _ _ _ _ _ 
exploration/stellarator_e2e/studies/study_route.py:400: in run_availability_sweep
    cases, _ = run_points(
exploration/stellarator_e2e/studies/study_route.py:233: in run_points
    StudyRunner(store, study, _RequiredOutputsEvaluator(prepared, required_channels)).run()
../teax/packages/teax-simkit/simkit/study/runner.py:65: in run
    self._evaluate_candidate(candidate_id, proposal_id, canonical)
../teax/packages/teax-simkit/simkit/study/runner.py:75: in _evaluate_candidate
    self._run_attempt(
../teax/packages/teax-simkit/simkit/study/runner.py:102: in _run_attempt
    self._commit_execution_failure(
_ _ _ _ _ _ _ _ _ _ _ _ _ _ _ _ _ _ _ _ _ _ _ _ _ _ _ _ _ _ _ _ _ _ _ _ _ _ _ _ 

self = <simkit.study.runner.StudyRunner object at 0x7b3a9d233a70>
failure = EvaluationFailure(phase=<EvaluationPhase.ENTRY_VALIDATION: 'entry_validation'>, cause="Unknown entry field 'stellarator_09__stellaris__magnet__R0' (declared by no channel)", module_or_channel=None, retryable=False, partial_artifacts=())
candidate_id = 'stellarator-availability-sweep-v1:c0000'
proposal_id = 'stellarator-availability-sweep-v1:p0000'
attempt_id = 'stellarator-availability-sweep-v1:c0000:a1', attempt_number = 1
canonical_inputs = {'stellarator_09__stellaris__R': 12.7, 'stellarator_09__stellaris__a': 1.3, 'stellarator_09__stellaris__availability_direct': 0.5, 'stellarator_09__stellaris__magnet__R0': 12.7}

    def _commit_execution_failure(
        self, failure: EvaluationFailure, candidate_id: str, proposal_id: str, attempt_id: str,
        attempt_number: int, canonical_inputs: Mapping,
    ) -> None:
        if failure.phase == EvaluationPhase.ENTRY_VALIDATION:
>           raise StudyBridgeDefect(failure)
E           simkit.study.failures.StudyBridgeDefect: bridge produced an invalid entry model: Unknown entry field 'stellarator_09__stellaris__magnet__R0' (declared by no channel)

../teax/packages/teax-simkit/simkit/study/runner.py:116: StudyBridgeDefect
_______ ERROR at setup of test_an_explicit_seed_is_recorded_as_explicit ________

self = <simkit.study.runner.StudyRunner object at 0x7b3a9d233a70>
candidate_id = 'stellarator-availability-sweep-v1:c0000'
proposal_id = 'stellarator-availability-sweep-v1:p0000'
attempt_id = 'stellarator-availability-sweep-v1:c0000:a1', attempt_number = 1
canonical_inputs = {'stellarator_09__stellaris__R': 12.7, 'stellarator_09__stellaris__a': 1.3, 'stellarator_09__stellaris__availability_direct': 0.5, 'stellarator_09__stellaris__magnet__R0': 12.7}

    def _run_attempt(
        self, candidate_id: str, proposal_id: str, attempt_id: str, attempt_number: int,
        canonical_inputs: Mapping,
    ) -> None:
        self.store.record_transition(
            attempt_id=attempt_id, candidate_id=candidate_id, proposal_id=proposal_id,
            attempt_number=attempt_number, state="started",
        )
        try:
            # bridge.build is inside the failure switch (Item 9 R1): a
            # field-level bridge failure (unknown/malformed) raises
            # EvaluationFailed(ENTRY_VALIDATION) and is recorded as a
            # StudyBridgeDefect, not an uncaught crash.
>           typed_inputs = self.bridge.build(canonical_inputs)
                           ^^^^^^^^^^^^^^^^^^^^^^^^^^^^^^^^^^^

../teax/packages/teax-simkit/simkit/study/runner.py:99: 
_ _ _ _ _ _ _ _ _ _ _ _ _ _ _ _ _ _ _ _ _ _ _ _ _ _ _ _ _ _ _ _ _ _ _ _ _ _ _ _ 

self = <simkit.study.bridge.CandidateBridge object at 0x7b3a9d233b30>
selected_fields = {'stellarator_09__stellaris__R': 12.7, 'stellarator_09__stellaris__a': 1.3, 'stellarator_09__stellaris__availability_direct': 0.5, 'stellarator_09__stellaris__magnet__R0': 12.7}

    def build(self, selected_fields: Mapping[str, Any]) -> dict[str, BaseModel]:
        # Partition selected fields onto their owning channels; an unknown
        # field fails closed before any model is constructed.
        by_channel: dict[str, dict[str, Any]] = {ch: {} for ch in self._entry_models}
        for name, value in selected_fields.items():
            channel = self._owner.get(name)
            if channel is None:
>               raise EvaluationFailed(
                    EvaluationFailure(
                        phase=EvaluationPhase.ENTRY_VALIDATION,
                        cause=f"Unknown entry field {name!r} (declared by no channel)",
                    )
                )
E               simkit.evaluation.failure.EvaluationFailed: entry_validation: Unknown entry field 'stellarator_09__stellaris__magnet__R0' (declared by no channel)

../teax/packages/teax-simkit/simkit/study/bridge.py:57: EvaluationFailed

During handling of the above exception, another exception occurred:

tmp_path_factory = TempPathFactory(_given_basetemp=None, _trace=<pluggy._tracing.TagTracerSub object at 0x7b3ac2a32180>, _basetemp=PosixPath('/tmp/pytest-of-reid/pytest-12236'), _retention_count=3, _retention_policy='all')
stock_simkit_session_path = PosixPath('/home/reid/1cfe/teax/packages/teax-simkit')

    @pytest.fixture(scope="session")
    def stock_route_run(tmp_path_factory, stock_simkit_session_path):
        """One stock-route execution per session: the availability sweep's store plus the
        sealed identity document and baseline result the route deposits."""
        studies = str(REPO_ROOT / "exploration" / "stellarator_e2e" / "studies")
        if studies not in sys.path:
            sys.path.insert(0, studies)
        import study_route
    
        out = tmp_path_factory.mktemp("stock_route_run")
>       study_route.run_availability_sweep(out)

tests/study/conftest.py:285: 
_ _ _ _ _ _ _ _ _ _ _ _ _ _ _ _ _ _ _ _ _ _ _ _ _ _ _ _ _ _ _ _ _ _ _ _ _ _ _ _ 
exploration/stellarator_e2e/studies/study_route.py:400: in run_availability_sweep
    cases, _ = run_points(
exploration/stellarator_e2e/studies/study_route.py:233: in run_points
    StudyRunner(store, study, _RequiredOutputsEvaluator(prepared, required_channels)).run()
../teax/packages/teax-simkit/simkit/study/runner.py:65: in run
    self._evaluate_candidate(candidate_id, proposal_id, canonical)
../teax/packages/teax-simkit/simkit/study/runner.py:75: in _evaluate_candidate
    self._run_attempt(
../teax/packages/teax-simkit/simkit/study/runner.py:102: in _run_attempt
    self._commit_execution_failure(
_ _ _ _ _ _ _ _ _ _ _ _ _ _ _ _ _ _ _ _ _ _ _ _ _ _ _ _ _ _ _ _ _ _ _ _ _ _ _ _ 

self = <simkit.study.runner.StudyRunner object at 0x7b3a9d233a70>
failure = EvaluationFailure(phase=<EvaluationPhase.ENTRY_VALIDATION: 'entry_validation'>, cause="Unknown entry field 'stellarator_09__stellaris__magnet__R0' (declared by no channel)", module_or_channel=None, retryable=False, partial_artifacts=())
candidate_id = 'stellarator-availability-sweep-v1:c0000'
proposal_id = 'stellarator-availability-sweep-v1:p0000'
attempt_id = 'stellarator-availability-sweep-v1:c0000:a1', attempt_number = 1
canonical_inputs = {'stellarator_09__stellaris__R': 12.7, 'stellarator_09__stellaris__a': 1.3, 'stellarator_09__stellaris__availability_direct': 0.5, 'stellarator_09__stellaris__magnet__R0': 12.7}

    def _commit_execution_failure(
        self, failure: EvaluationFailure, candidate_id: str, proposal_id: str, attempt_id: str,
        attempt_number: int, canonical_inputs: Mapping,
    ) -> None:
        if failure.phase == EvaluationPhase.ENTRY_VALIDATION:
>           raise StudyBridgeDefect(failure)
E           simkit.study.failures.StudyBridgeDefect: bridge produced an invalid entry model: Unknown entry field 'stellarator_09__stellaris__magnet__R0' (declared by no channel)

../teax/packages/teax-simkit/simkit/study/runner.py:116: StudyBridgeDefect
_____ ERROR at setup of test_cas27_is_compared_and_nothing_is_undisclosed ______

self = <simkit.study.runner.StudyRunner object at 0x7b3a9d233a70>
candidate_id = 'stellarator-availability-sweep-v1:c0000'
proposal_id = 'stellarator-availability-sweep-v1:p0000'
attempt_id = 'stellarator-availability-sweep-v1:c0000:a1', attempt_number = 1
canonical_inputs = {'stellarator_09__stellaris__R': 12.7, 'stellarator_09__stellaris__a': 1.3, 'stellarator_09__stellaris__availability_direct': 0.5, 'stellarator_09__stellaris__magnet__R0': 12.7}

    def _run_attempt(
        self, candidate_id: str, proposal_id: str, attempt_id: str, attempt_number: int,
        canonical_inputs: Mapping,
    ) -> None:
        self.store.record_transition(
            attempt_id=attempt_id, candidate_id=candidate_id, proposal_id=proposal_id,
            attempt_number=attempt_number, state="started",
        )
        try:
            # bridge.build is inside the failure switch (Item 9 R1): a
            # field-level bridge failure (unknown/malformed) raises
            # EvaluationFailed(ENTRY_VALIDATION) and is recorded as a
            # StudyBridgeDefect, not an uncaught crash.
>           typed_inputs = self.bridge.build(canonical_inputs)
                           ^^^^^^^^^^^^^^^^^^^^^^^^^^^^^^^^^^^

../teax/packages/teax-simkit/simkit/study/runner.py:99: 
_ _ _ _ _ _ _ _ _ _ _ _ _ _ _ _ _ _ _ _ _ _ _ _ _ _ _ _ _ _ _ _ _ _ _ _ _ _ _ _ 

self = <simkit.study.bridge.CandidateBridge object at 0x7b3a9d233b30>
selected_fields = {'stellarator_09__stellaris__R': 12.7, 'stellarator_09__stellaris__a': 1.3, 'stellarator_09__stellaris__availability_direct': 0.5, 'stellarator_09__stellaris__magnet__R0': 12.7}

    def build(self, selected_fields: Mapping[str, Any]) -> dict[str, BaseModel]:
        # Partition selected fields onto their owning channels; an unknown
        # field fails closed before any model is constructed.
        by_channel: dict[str, dict[str, Any]] = {ch: {} for ch in self._entry_models}
        for name, value in selected_fields.items():
            channel = self._owner.get(name)
            if channel is None:
>               raise EvaluationFailed(
                    EvaluationFailure(
                        phase=EvaluationPhase.ENTRY_VALIDATION,
                        cause=f"Unknown entry field {name!r} (declared by no channel)",
                    )
                )
E               simkit.evaluation.failure.EvaluationFailed: entry_validation: Unknown entry field 'stellarator_09__stellaris__magnet__R0' (declared by no channel)

../teax/packages/teax-simkit/simkit/study/bridge.py:57: EvaluationFailed

During handling of the above exception, another exception occurred:

tmp_path_factory = TempPathFactory(_given_basetemp=None, _trace=<pluggy._tracing.TagTracerSub object at 0x7b3ac2a32180>, _basetemp=PosixPath('/tmp/pytest-of-reid/pytest-12236'), _retention_count=3, _retention_policy='all')
stock_simkit_session_path = PosixPath('/home/reid/1cfe/teax/packages/teax-simkit')

    @pytest.fixture(scope="session")
    def stock_route_run(tmp_path_factory, stock_simkit_session_path):
        """One stock-route execution per session: the availability sweep's store plus the
        sealed identity document and baseline result the route deposits."""
        studies = str(REPO_ROOT / "exploration" / "stellarator_e2e" / "studies")
        if studies not in sys.path:
            sys.path.insert(0, studies)
        import study_route
    
        out = tmp_path_factory.mktemp("stock_route_run")
>       study_route.run_availability_sweep(out)

tests/study/conftest.py:285: 
_ _ _ _ _ _ _ _ _ _ _ _ _ _ _ _ _ _ _ _ _ _ _ _ _ _ _ _ _ _ _ _ _ _ _ _ _ _ _ _ 
exploration/stellarator_e2e/studies/study_route.py:400: in run_availability_sweep
    cases, _ = run_points(
exploration/stellarator_e2e/studies/study_route.py:233: in run_points
    StudyRunner(store, study, _RequiredOutputsEvaluator(prepared, required_channels)).run()
../teax/packages/teax-simkit/simkit/study/runner.py:65: in run
    self._evaluate_candidate(candidate_id, proposal_id, canonical)
../teax/packages/teax-simkit/simkit/study/runner.py:75: in _evaluate_candidate
    self._run_attempt(
../teax/packages/teax-simkit/simkit/study/runner.py:102: in _run_attempt
    self._commit_execution_failure(
_ _ _ _ _ _ _ _ _ _ _ _ _ _ _ _ _ _ _ _ _ _ _ _ _ _ _ _ _ _ _ _ _ _ _ _ _ _ _ _ 

self = <simkit.study.runner.StudyRunner object at 0x7b3a9d233a70>
failure = EvaluationFailure(phase=<EvaluationPhase.ENTRY_VALIDATION: 'entry_validation'>, cause="Unknown entry field 'stellarator_09__stellaris__magnet__R0' (declared by no channel)", module_or_channel=None, retryable=False, partial_artifacts=())
candidate_id = 'stellarator-availability-sweep-v1:c0000'
proposal_id = 'stellarator-availability-sweep-v1:p0000'
attempt_id = 'stellarator-availability-sweep-v1:c0000:a1', attempt_number = 1
canonical_inputs = {'stellarator_09__stellaris__R': 12.7, 'stellarator_09__stellaris__a': 1.3, 'stellarator_09__stellaris__availability_direct': 0.5, 'stellarator_09__stellaris__magnet__R0': 12.7}

    def _commit_execution_failure(
        self, failure: EvaluationFailure, candidate_id: str, proposal_id: str, attempt_id: str,
        attempt_number: int, canonical_inputs: Mapping,
    ) -> None:
        if failure.phase == EvaluationPhase.ENTRY_VALIDATION:
>           raise StudyBridgeDefect(failure)
E           simkit.study.failures.StudyBridgeDefect: bridge produced an invalid entry model: Unknown entry field 'stellarator_09__stellaris__magnet__R0' (declared by no channel)

../teax/packages/teax-simkit/simkit/study/runner.py:116: StudyBridgeDefect
_________ ERROR at setup of test_the_command_carries_no_absolute_paths _________

self = <simkit.study.runner.StudyRunner object at 0x7b3a9d233a70>
candidate_id = 'stellarator-availability-sweep-v1:c0000'
proposal_id = 'stellarator-availability-sweep-v1:p0000'
attempt_id = 'stellarator-availability-sweep-v1:c0000:a1', attempt_number = 1
canonical_inputs = {'stellarator_09__stellaris__R': 12.7, 'stellarator_09__stellaris__a': 1.3, 'stellarator_09__stellaris__availability_direct': 0.5, 'stellarator_09__stellaris__magnet__R0': 12.7}

    def _run_attempt(
        self, candidate_id: str, proposal_id: str, attempt_id: str, attempt_number: int,
        canonical_inputs: Mapping,
    ) -> None:
        self.store.record_transition(
            attempt_id=attempt_id, candidate_id=candidate_id, proposal_id=proposal_id,
            attempt_number=attempt_number, state="started",
        )
        try:
            # bridge.build is inside the failure switch (Item 9 R1): a
            # field-level bridge failure (unknown/malformed) raises
            # EvaluationFailed(ENTRY_VALIDATION) and is recorded as a
            # StudyBridgeDefect, not an uncaught crash.
>           typed_inputs = self.bridge.build(canonical_inputs)
                           ^^^^^^^^^^^^^^^^^^^^^^^^^^^^^^^^^^^

../teax/packages/teax-simkit/simkit/study/runner.py:99: 
_ _ _ _ _ _ _ _ _ _ _ _ _ _ _ _ _ _ _ _ _ _ _ _ _ _ _ _ _ _ _ _ _ _ _ _ _ _ _ _ 

self = <simkit.study.bridge.CandidateBridge object at 0x7b3a9d233b30>
selected_fields = {'stellarator_09__stellaris__R': 12.7, 'stellarator_09__stellaris__a': 1.3, 'stellarator_09__stellaris__availability_direct': 0.5, 'stellarator_09__stellaris__magnet__R0': 12.7}

    def build(self, selected_fields: Mapping[str, Any]) -> dict[str, BaseModel]:
        # Partition selected fields onto their owning channels; an unknown
        # field fails closed before any model is constructed.
        by_channel: dict[str, dict[str, Any]] = {ch: {} for ch in self._entry_models}
        for name, value in selected_fields.items():
            channel = self._owner.get(name)
            if channel is None:
>               raise EvaluationFailed(
                    EvaluationFailure(
                        phase=EvaluationPhase.ENTRY_VALIDATION,
                        cause=f"Unknown entry field {name!r} (declared by no channel)",
                    )
                )
E               simkit.evaluation.failure.EvaluationFailed: entry_validation: Unknown entry field 'stellarator_09__stellaris__magnet__R0' (declared by no channel)

../teax/packages/teax-simkit/simkit/study/bridge.py:57: EvaluationFailed

During handling of the above exception, another exception occurred:

tmp_path_factory = TempPathFactory(_given_basetemp=None, _trace=<pluggy._tracing.TagTracerSub object at 0x7b3ac2a32180>, _basetemp=PosixPath('/tmp/pytest-of-reid/pytest-12236'), _retention_count=3, _retention_policy='all')
stock_simkit_session_path = PosixPath('/home/reid/1cfe/teax/packages/teax-simkit')

    @pytest.fixture(scope="session")
    def stock_route_run(tmp_path_factory, stock_simkit_session_path):
        """One stock-route execution per session: the availability sweep's store plus the
        sealed identity document and baseline result the route deposits."""
        studies = str(REPO_ROOT / "exploration" / "stellarator_e2e" / "studies")
        if studies not in sys.path:
            sys.path.insert(0, studies)
        import study_route
    
        out = tmp_path_factory.mktemp("stock_route_run")
>       study_route.run_availability_sweep(out)

tests/study/conftest.py:285: 
_ _ _ _ _ _ _ _ _ _ _ _ _ _ _ _ _ _ _ _ _ _ _ _ _ _ _ _ _ _ _ _ _ _ _ _ _ _ _ _ 
exploration/stellarator_e2e/studies/study_route.py:400: in run_availability_sweep
    cases, _ = run_points(
exploration/stellarator_e2e/studies/study_route.py:233: in run_points
    StudyRunner(store, study, _RequiredOutputsEvaluator(prepared, required_channels)).run()
../teax/packages/teax-simkit/simkit/study/runner.py:65: in run
    self._evaluate_candidate(candidate_id, proposal_id, canonical)
../teax/packages/teax-simkit/simkit/study/runner.py:75: in _evaluate_candidate
    self._run_attempt(
../teax/packages/teax-simkit/simkit/study/runner.py:102: in _run_attempt
    self._commit_execution_failure(
_ _ _ _ _ _ _ _ _ _ _ _ _ _ _ _ _ _ _ _ _ _ _ _ _ _ _ _ _ _ _ _ _ _ _ _ _ _ _ _ 

self = <simkit.study.runner.StudyRunner object at 0x7b3a9d233a70>
failure = EvaluationFailure(phase=<EvaluationPhase.ENTRY_VALIDATION: 'entry_validation'>, cause="Unknown entry field 'stellarator_09__stellaris__magnet__R0' (declared by no channel)", module_or_channel=None, retryable=False, partial_artifacts=())
candidate_id = 'stellarator-availability-sweep-v1:c0000'
proposal_id = 'stellarator-availability-sweep-v1:p0000'
attempt_id = 'stellarator-availability-sweep-v1:c0000:a1', attempt_number = 1
canonical_inputs = {'stellarator_09__stellaris__R': 12.7, 'stellarator_09__stellaris__a': 1.3, 'stellarator_09__stellaris__availability_direct': 0.5, 'stellarator_09__stellaris__magnet__R0': 12.7}

    def _commit_execution_failure(
        self, failure: EvaluationFailure, candidate_id: str, proposal_id: str, attempt_id: str,
        attempt_number: int, canonical_inputs: Mapping,
    ) -> None:
        if failure.phase == EvaluationPhase.ENTRY_VALIDATION:
>           raise StudyBridgeDefect(failure)
E           simkit.study.failures.StudyBridgeDefect: bridge produced an invalid entry model: Unknown entry field 'stellarator_09__stellaris__magnet__R0' (declared by no channel)

../teax/packages/teax-simkit/simkit/study/runner.py:116: StudyBridgeDefect
_ ERROR at setup of test_the_operand_bindings_digest_is_the_documented_canonicalization _

self = <simkit.study.runner.StudyRunner object at 0x7b3a9d233a70>
candidate_id = 'stellarator-availability-sweep-v1:c0000'
proposal_id = 'stellarator-availability-sweep-v1:p0000'
attempt_id = 'stellarator-availability-sweep-v1:c0000:a1', attempt_number = 1
canonical_inputs = {'stellarator_09__stellaris__R': 12.7, 'stellarator_09__stellaris__a': 1.3, 'stellarator_09__stellaris__availability_direct': 0.5, 'stellarator_09__stellaris__magnet__R0': 12.7}

    def _run_attempt(
        self, candidate_id: str, proposal_id: str, attempt_id: str, attempt_number: int,
        canonical_inputs: Mapping,
    ) -> None:
        self.store.record_transition(
            attempt_id=attempt_id, candidate_id=candidate_id, proposal_id=proposal_id,
            attempt_number=attempt_number, state="started",
        )
        try:
            # bridge.build is inside the failure switch (Item 9 R1): a
            # field-level bridge failure (unknown/malformed) raises
            # EvaluationFailed(ENTRY_VALIDATION) and is recorded as a
            # StudyBridgeDefect, not an uncaught crash.
>           typed_inputs = self.bridge.build(canonical_inputs)
                           ^^^^^^^^^^^^^^^^^^^^^^^^^^^^^^^^^^^

../teax/packages/teax-simkit/simkit/study/runner.py:99: 
_ _ _ _ _ _ _ _ _ _ _ _ _ _ _ _ _ _ _ _ _ _ _ _ _ _ _ _ _ _ _ _ _ _ _ _ _ _ _ _ 

self = <simkit.study.bridge.CandidateBridge object at 0x7b3a9d233b30>
selected_fields = {'stellarator_09__stellaris__R': 12.7, 'stellarator_09__stellaris__a': 1.3, 'stellarator_09__stellaris__availability_direct': 0.5, 'stellarator_09__stellaris__magnet__R0': 12.7}

    def build(self, selected_fields: Mapping[str, Any]) -> dict[str, BaseModel]:
        # Partition selected fields onto their owning channels; an unknown
        # field fails closed before any model is constructed.
        by_channel: dict[str, dict[str, Any]] = {ch: {} for ch in self._entry_models}
        for name, value in selected_fields.items():
            channel = self._owner.get(name)
            if channel is None:
>               raise EvaluationFailed(
                    EvaluationFailure(
                        phase=EvaluationPhase.ENTRY_VALIDATION,
                        cause=f"Unknown entry field {name!r} (declared by no channel)",
                    )
                )
E               simkit.evaluation.failure.EvaluationFailed: entry_validation: Unknown entry field 'stellarator_09__stellaris__magnet__R0' (declared by no channel)

../teax/packages/teax-simkit/simkit/study/bridge.py:57: EvaluationFailed

During handling of the above exception, another exception occurred:

tmp_path_factory = TempPathFactory(_given_basetemp=None, _trace=<pluggy._tracing.TagTracerSub object at 0x7b3ac2a32180>, _basetemp=PosixPath('/tmp/pytest-of-reid/pytest-12236'), _retention_count=3, _retention_policy='all')
stock_simkit_session_path = PosixPath('/home/reid/1cfe/teax/packages/teax-simkit')

    @pytest.fixture(scope="session")
    def stock_route_run(tmp_path_factory, stock_simkit_session_path):
        """One stock-route execution per session: the availability sweep's store plus the
        sealed identity document and baseline result the route deposits."""
        studies = str(REPO_ROOT / "exploration" / "stellarator_e2e" / "studies")
        if studies not in sys.path:
            sys.path.insert(0, studies)
        import study_route
    
        out = tmp_path_factory.mktemp("stock_route_run")
>       study_route.run_availability_sweep(out)

tests/study/conftest.py:285: 
_ _ _ _ _ _ _ _ _ _ _ _ _ _ _ _ _ _ _ _ _ _ _ _ _ _ _ _ _ _ _ _ _ _ _ _ _ _ _ _ 
exploration/stellarator_e2e/studies/study_route.py:400: in run_availability_sweep
    cases, _ = run_points(
exploration/stellarator_e2e/studies/study_route.py:233: in run_points
    StudyRunner(store, study, _RequiredOutputsEvaluator(prepared, required_channels)).run()
../teax/packages/teax-simkit/simkit/study/runner.py:65: in run
    self._evaluate_candidate(candidate_id, proposal_id, canonical)
../teax/packages/teax-simkit/simkit/study/runner.py:75: in _evaluate_candidate
    self._run_attempt(
../teax/packages/teax-simkit/simkit/study/runner.py:102: in _run_attempt
    self._commit_execution_failure(
_ _ _ _ _ _ _ _ _ _ _ _ _ _ _ _ _ _ _ _ _ _ _ _ _ _ _ _ _ _ _ _ _ _ _ _ _ _ _ _ 

self = <simkit.study.runner.StudyRunner object at 0x7b3a9d233a70>
failure = EvaluationFailure(phase=<EvaluationPhase.ENTRY_VALIDATION: 'entry_validation'>, cause="Unknown entry field 'stellarator_09__stellaris__magnet__R0' (declared by no channel)", module_or_channel=None, retryable=False, partial_artifacts=())
candidate_id = 'stellarator-availability-sweep-v1:c0000'
proposal_id = 'stellarator-availability-sweep-v1:p0000'
attempt_id = 'stellarator-availability-sweep-v1:c0000:a1', attempt_number = 1
canonical_inputs = {'stellarator_09__stellaris__R': 12.7, 'stellarator_09__stellaris__a': 1.3, 'stellarator_09__stellaris__availability_direct': 0.5, 'stellarator_09__stellaris__magnet__R0': 12.7}

    def _commit_execution_failure(
        self, failure: EvaluationFailure, candidate_id: str, proposal_id: str, attempt_id: str,
        attempt_number: int, canonical_inputs: Mapping,
    ) -> None:
        if failure.phase == EvaluationPhase.ENTRY_VALIDATION:
>           raise StudyBridgeDefect(failure)
E           simkit.study.failures.StudyBridgeDefect: bridge produced an invalid entry model: Unknown entry field 'stellarator_09__stellaris__magnet__R0' (declared by no channel)

../teax/packages/teax-simkit/simkit/study/runner.py:116: StudyBridgeDefect
_ ERROR at setup of test_a_planted_channel_deviation_fails_naming_case_and_channel _

self = <simkit.study.runner.StudyRunner object at 0x7b3a9d233a70>
candidate_id = 'stellarator-availability-sweep-v1:c0000'
proposal_id = 'stellarator-availability-sweep-v1:p0000'
attempt_id = 'stellarator-availability-sweep-v1:c0000:a1', attempt_number = 1
canonical_inputs = {'stellarator_09__stellaris__R': 12.7, 'stellarator_09__stellaris__a': 1.3, 'stellarator_09__stellaris__availability_direct': 0.5, 'stellarator_09__stellaris__magnet__R0': 12.7}

    def _run_attempt(
        self, candidate_id: str, proposal_id: str, attempt_id: str, attempt_number: int,
        canonical_inputs: Mapping,
    ) -> None:
        self.store.record_transition(
            attempt_id=attempt_id, candidate_id=candidate_id, proposal_id=proposal_id,
            attempt_number=attempt_number, state="started",
        )
        try:
            # bridge.build is inside the failure switch (Item 9 R1): a
            # field-level bridge failure (unknown/malformed) raises
            # EvaluationFailed(ENTRY_VALIDATION) and is recorded as a
            # StudyBridgeDefect, not an uncaught crash.
>           typed_inputs = self.bridge.build(canonical_inputs)
                           ^^^^^^^^^^^^^^^^^^^^^^^^^^^^^^^^^^^

../teax/packages/teax-simkit/simkit/study/runner.py:99: 
_ _ _ _ _ _ _ _ _ _ _ _ _ _ _ _ _ _ _ _ _ _ _ _ _ _ _ _ _ _ _ _ _ _ _ _ _ _ _ _ 

self = <simkit.study.bridge.CandidateBridge object at 0x7b3a9d233b30>
selected_fields = {'stellarator_09__stellaris__R': 12.7, 'stellarator_09__stellaris__a': 1.3, 'stellarator_09__stellaris__availability_direct': 0.5, 'stellarator_09__stellaris__magnet__R0': 12.7}

    def build(self, selected_fields: Mapping[str, Any]) -> dict[str, BaseModel]:
        # Partition selected fields onto their owning channels; an unknown
        # field fails closed before any model is constructed.
        by_channel: dict[str, dict[str, Any]] = {ch: {} for ch in self._entry_models}
        for name, value in selected_fields.items():
            channel = self._owner.get(name)
            if channel is None:
>               raise EvaluationFailed(
                    EvaluationFailure(
                        phase=EvaluationPhase.ENTRY_VALIDATION,
                        cause=f"Unknown entry field {name!r} (declared by no channel)",
                    )
                )
E               simkit.evaluation.failure.EvaluationFailed: entry_validation: Unknown entry field 'stellarator_09__stellaris__magnet__R0' (declared by no channel)

../teax/packages/teax-simkit/simkit/study/bridge.py:57: EvaluationFailed

During handling of the above exception, another exception occurred:

tmp_path_factory = TempPathFactory(_given_basetemp=None, _trace=<pluggy._tracing.TagTracerSub object at 0x7b3ac2a32180>, _basetemp=PosixPath('/tmp/pytest-of-reid/pytest-12236'), _retention_count=3, _retention_policy='all')
stock_simkit_session_path = PosixPath('/home/reid/1cfe/teax/packages/teax-simkit')

    @pytest.fixture(scope="session")
    def stock_route_run(tmp_path_factory, stock_simkit_session_path):
        """One stock-route execution per session: the availability sweep's store plus the
        sealed identity document and baseline result the route deposits."""
        studies = str(REPO_ROOT / "exploration" / "stellarator_e2e" / "studies")
        if studies not in sys.path:
            sys.path.insert(0, studies)
        import study_route
    
        out = tmp_path_factory.mktemp("stock_route_run")
>       study_route.run_availability_sweep(out)

tests/study/conftest.py:285: 
_ _ _ _ _ _ _ _ _ _ _ _ _ _ _ _ _ _ _ _ _ _ _ _ _ _ _ _ _ _ _ _ _ _ _ _ _ _ _ _ 
exploration/stellarator_e2e/studies/study_route.py:400: in run_availability_sweep
    cases, _ = run_points(
exploration/stellarator_e2e/studies/study_route.py:233: in run_points
    StudyRunner(store, study, _RequiredOutputsEvaluator(prepared, required_channels)).run()
../teax/packages/teax-simkit/simkit/study/runner.py:65: in run
    self._evaluate_candidate(candidate_id, proposal_id, canonical)
../teax/packages/teax-simkit/simkit/study/runner.py:75: in _evaluate_candidate
    self._run_attempt(
../teax/packages/teax-simkit/simkit/study/runner.py:102: in _run_attempt
    self._commit_execution_failure(
_ _ _ _ _ _ _ _ _ _ _ _ _ _ _ _ _ _ _ _ _ _ _ _ _ _ _ _ _ _ _ _ _ _ _ _ _ _ _ _ 

self = <simkit.study.runner.StudyRunner object at 0x7b3a9d233a70>
failure = EvaluationFailure(phase=<EvaluationPhase.ENTRY_VALIDATION: 'entry_validation'>, cause="Unknown entry field 'stellarator_09__stellaris__magnet__R0' (declared by no channel)", module_or_channel=None, retryable=False, partial_artifacts=())
candidate_id = 'stellarator-availability-sweep-v1:c0000'
proposal_id = 'stellarator-availability-sweep-v1:p0000'
attempt_id = 'stellarator-availability-sweep-v1:c0000:a1', attempt_number = 1
canonical_inputs = {'stellarator_09__stellaris__R': 12.7, 'stellarator_09__stellaris__a': 1.3, 'stellarator_09__stellaris__availability_direct': 0.5, 'stellarator_09__stellaris__magnet__R0': 12.7}

    def _commit_execution_failure(
        self, failure: EvaluationFailure, candidate_id: str, proposal_id: str, attempt_id: str,
        attempt_number: int, canonical_inputs: Mapping,
    ) -> None:
        if failure.phase == EvaluationPhase.ENTRY_VALIDATION:
>           raise StudyBridgeDefect(failure)
E           simkit.study.failures.StudyBridgeDefect: bridge produced an invalid entry model: Unknown entry field 'stellarator_09__stellaris__magnet__R0' (declared by no channel)

../teax/packages/teax-simkit/simkit/study/runner.py:116: StudyBridgeDefect
_ ERROR at setup of test_a_planted_verdict_mismatch_fails_naming_the_constraint _

self = <simkit.study.runner.StudyRunner object at 0x7b3a9d233a70>
candidate_id = 'stellarator-availability-sweep-v1:c0000'
proposal_id = 'stellarator-availability-sweep-v1:p0000'
attempt_id = 'stellarator-availability-sweep-v1:c0000:a1', attempt_number = 1
canonical_inputs = {'stellarator_09__stellaris__R': 12.7, 'stellarator_09__stellaris__a': 1.3, 'stellarator_09__stellaris__availability_direct': 0.5, 'stellarator_09__stellaris__magnet__R0': 12.7}

    def _run_attempt(
        self, candidate_id: str, proposal_id: str, attempt_id: str, attempt_number: int,
        canonical_inputs: Mapping,
    ) -> None:
        self.store.record_transition(
            attempt_id=attempt_id, candidate_id=candidate_id, proposal_id=proposal_id,
            attempt_number=attempt_number, state="started",
        )
        try:
            # bridge.build is inside the failure switch (Item 9 R1): a
            # field-level bridge failure (unknown/malformed) raises
            # EvaluationFailed(ENTRY_VALIDATION) and is recorded as a
            # StudyBridgeDefect, not an uncaught crash.
>           typed_inputs = self.bridge.build(canonical_inputs)
                           ^^^^^^^^^^^^^^^^^^^^^^^^^^^^^^^^^^^

../teax/packages/teax-simkit/simkit/study/runner.py:99: 
_ _ _ _ _ _ _ _ _ _ _ _ _ _ _ _ _ _ _ _ _ _ _ _ _ _ _ _ _ _ _ _ _ _ _ _ _ _ _ _ 

self = <simkit.study.bridge.CandidateBridge object at 0x7b3a9d233b30>
selected_fields = {'stellarator_09__stellaris__R': 12.7, 'stellarator_09__stellaris__a': 1.3, 'stellarator_09__stellaris__availability_direct': 0.5, 'stellarator_09__stellaris__magnet__R0': 12.7}

    def build(self, selected_fields: Mapping[str, Any]) -> dict[str, BaseModel]:
        # Partition selected fields onto their owning channels; an unknown
        # field fails closed before any model is constructed.
        by_channel: dict[str, dict[str, Any]] = {ch: {} for ch in self._entry_models}
        for name, value in selected_fields.items():
            channel = self._owner.get(name)
            if channel is None:
>               raise EvaluationFailed(
                    EvaluationFailure(
                        phase=EvaluationPhase.ENTRY_VALIDATION,
                        cause=f"Unknown entry field {name!r} (declared by no channel)",
                    )
                )
E               simkit.evaluation.failure.EvaluationFailed: entry_validation: Unknown entry field 'stellarator_09__stellaris__magnet__R0' (declared by no channel)

../teax/packages/teax-simkit/simkit/study/bridge.py:57: EvaluationFailed

During handling of the above exception, another exception occurred:

tmp_path_factory = TempPathFactory(_given_basetemp=None, _trace=<pluggy._tracing.TagTracerSub object at 0x7b3ac2a32180>, _basetemp=PosixPath('/tmp/pytest-of-reid/pytest-12236'), _retention_count=3, _retention_policy='all')
stock_simkit_session_path = PosixPath('/home/reid/1cfe/teax/packages/teax-simkit')

    @pytest.fixture(scope="session")
    def stock_route_run(tmp_path_factory, stock_simkit_session_path):
        """One stock-route execution per session: the availability sweep's store plus the
        sealed identity document and baseline result the route deposits."""
        studies = str(REPO_ROOT / "exploration" / "stellarator_e2e" / "studies")
        if studies not in sys.path:
            sys.path.insert(0, studies)
        import study_route
    
        out = tmp_path_factory.mktemp("stock_route_run")
>       study_route.run_availability_sweep(out)

tests/study/conftest.py:285: 
_ _ _ _ _ _ _ _ _ _ _ _ _ _ _ _ _ _ _ _ _ _ _ _ _ _ _ _ _ _ _ _ _ _ _ _ _ _ _ _ 
exploration/stellarator_e2e/studies/study_route.py:400: in run_availability_sweep
    cases, _ = run_points(
exploration/stellarator_e2e/studies/study_route.py:233: in run_points
    StudyRunner(store, study, _RequiredOutputsEvaluator(prepared, required_channels)).run()
../teax/packages/teax-simkit/simkit/study/runner.py:65: in run
    self._evaluate_candidate(candidate_id, proposal_id, canonical)
../teax/packages/teax-simkit/simkit/study/runner.py:75: in _evaluate_candidate
    self._run_attempt(
../teax/packages/teax-simkit/simkit/study/runner.py:102: in _run_attempt
    self._commit_execution_failure(
_ _ _ _ _ _ _ _ _ _ _ _ _ _ _ _ _ _ _ _ _ _ _ _ _ _ _ _ _ _ _ _ _ _ _ _ _ _ _ _ 

self = <simkit.study.runner.StudyRunner object at 0x7b3a9d233a70>
failure = EvaluationFailure(phase=<EvaluationPhase.ENTRY_VALIDATION: 'entry_validation'>, cause="Unknown entry field 'stellarator_09__stellaris__magnet__R0' (declared by no channel)", module_or_channel=None, retryable=False, partial_artifacts=())
candidate_id = 'stellarator-availability-sweep-v1:c0000'
proposal_id = 'stellarator-availability-sweep-v1:p0000'
attempt_id = 'stellarator-availability-sweep-v1:c0000:a1', attempt_number = 1
canonical_inputs = {'stellarator_09__stellaris__R': 12.7, 'stellarator_09__stellaris__a': 1.3, 'stellarator_09__stellaris__availability_direct': 0.5, 'stellarator_09__stellaris__magnet__R0': 12.7}

    def _commit_execution_failure(
        self, failure: EvaluationFailure, candidate_id: str, proposal_id: str, attempt_id: str,
        attempt_number: int, canonical_inputs: Mapping,
    ) -> None:
        if failure.phase == EvaluationPhase.ENTRY_VALIDATION:
>           raise StudyBridgeDefect(failure)
E           simkit.study.failures.StudyBridgeDefect: bridge produced an invalid entry model: Unknown entry field 'stellarator_09__stellaris__magnet__R0' (declared by no channel)

../teax/packages/teax-simkit/simkit/study/runner.py:116: StudyBridgeDefect
___ ERROR at setup of test_a_missing_operand_bindings_attribute_fails_closed ___

self = <simkit.study.runner.StudyRunner object at 0x7b3a9d233a70>
candidate_id = 'stellarator-availability-sweep-v1:c0000'
proposal_id = 'stellarator-availability-sweep-v1:p0000'
attempt_id = 'stellarator-availability-sweep-v1:c0000:a1', attempt_number = 1
canonical_inputs = {'stellarator_09__stellaris__R': 12.7, 'stellarator_09__stellaris__a': 1.3, 'stellarator_09__stellaris__availability_direct': 0.5, 'stellarator_09__stellaris__magnet__R0': 12.7}

    def _run_attempt(
        self, candidate_id: str, proposal_id: str, attempt_id: str, attempt_number: int,
        canonical_inputs: Mapping,
    ) -> None:
        self.store.record_transition(
            attempt_id=attempt_id, candidate_id=candidate_id, proposal_id=proposal_id,
            attempt_number=attempt_number, state="started",
        )
        try:
            # bridge.build is inside the failure switch (Item 9 R1): a
            # field-level bridge failure (unknown/malformed) raises
            # EvaluationFailed(ENTRY_VALIDATION) and is recorded as a
            # StudyBridgeDefect, not an uncaught crash.
>           typed_inputs = self.bridge.build(canonical_inputs)
                           ^^^^^^^^^^^^^^^^^^^^^^^^^^^^^^^^^^^

../teax/packages/teax-simkit/simkit/study/runner.py:99: 
_ _ _ _ _ _ _ _ _ _ _ _ _ _ _ _ _ _ _ _ _ _ _ _ _ _ _ _ _ _ _ _ _ _ _ _ _ _ _ _ 

self = <simkit.study.bridge.CandidateBridge object at 0x7b3a9d233b30>
selected_fields = {'stellarator_09__stellaris__R': 12.7, 'stellarator_09__stellaris__a': 1.3, 'stellarator_09__stellaris__availability_direct': 0.5, 'stellarator_09__stellaris__magnet__R0': 12.7}

    def build(self, selected_fields: Mapping[str, Any]) -> dict[str, BaseModel]:
        # Partition selected fields onto their owning channels; an unknown
        # field fails closed before any model is constructed.
        by_channel: dict[str, dict[str, Any]] = {ch: {} for ch in self._entry_models}
        for name, value in selected_fields.items():
            channel = self._owner.get(name)
            if channel is None:
>               raise EvaluationFailed(
                    EvaluationFailure(
                        phase=EvaluationPhase.ENTRY_VALIDATION,
                        cause=f"Unknown entry field {name!r} (declared by no channel)",
                    )
                )
E               simkit.evaluation.failure.EvaluationFailed: entry_validation: Unknown entry field 'stellarator_09__stellaris__magnet__R0' (declared by no channel)

../teax/packages/teax-simkit/simkit/study/bridge.py:57: EvaluationFailed

During handling of the above exception, another exception occurred:

tmp_path_factory = TempPathFactory(_given_basetemp=None, _trace=<pluggy._tracing.TagTracerSub object at 0x7b3ac2a32180>, _basetemp=PosixPath('/tmp/pytest-of-reid/pytest-12236'), _retention_count=3, _retention_policy='all')
stock_simkit_session_path = PosixPath('/home/reid/1cfe/teax/packages/teax-simkit')

    @pytest.fixture(scope="session")
    def stock_route_run(tmp_path_factory, stock_simkit_session_path):
        """One stock-route execution per session: the availability sweep's store plus the
        sealed identity document and baseline result the route deposits."""
        studies = str(REPO_ROOT / "exploration" / "stellarator_e2e" / "studies")
        if studies not in sys.path:
            sys.path.insert(0, studies)
        import study_route
    
        out = tmp_path_factory.mktemp("stock_route_run")
>       study_route.run_availability_sweep(out)

tests/study/conftest.py:285: 
_ _ _ _ _ _ _ _ _ _ _ _ _ _ _ _ _ _ _ _ _ _ _ _ _ _ _ _ _ _ _ _ _ _ _ _ _ _ _ _ 
exploration/stellarator_e2e/studies/study_route.py:400: in run_availability_sweep
    cases, _ = run_points(
exploration/stellarator_e2e/studies/study_route.py:233: in run_points
    StudyRunner(store, study, _RequiredOutputsEvaluator(prepared, required_channels)).run()
../teax/packages/teax-simkit/simkit/study/runner.py:65: in run
    self._evaluate_candidate(candidate_id, proposal_id, canonical)
../teax/packages/teax-simkit/simkit/study/runner.py:75: in _evaluate_candidate
    self._run_attempt(
../teax/packages/teax-simkit/simkit/study/runner.py:102: in _run_attempt
    self._commit_execution_failure(
_ _ _ _ _ _ _ _ _ _ _ _ _ _ _ _ _ _ _ _ _ _ _ _ _ _ _ _ _ _ _ _ _ _ _ _ _ _ _ _ 

self = <simkit.study.runner.StudyRunner object at 0x7b3a9d233a70>
failure = EvaluationFailure(phase=<EvaluationPhase.ENTRY_VALIDATION: 'entry_validation'>, cause="Unknown entry field 'stellarator_09__stellaris__magnet__R0' (declared by no channel)", module_or_channel=None, retryable=False, partial_artifacts=())
candidate_id = 'stellarator-availability-sweep-v1:c0000'
proposal_id = 'stellarator-availability-sweep-v1:p0000'
attempt_id = 'stellarator-availability-sweep-v1:c0000:a1', attempt_number = 1
canonical_inputs = {'stellarator_09__stellaris__R': 12.7, 'stellarator_09__stellaris__a': 1.3, 'stellarator_09__stellaris__availability_direct': 0.5, 'stellarator_09__stellaris__magnet__R0': 12.7}

    def _commit_execution_failure(
        self, failure: EvaluationFailure, candidate_id: str, proposal_id: str, attempt_id: str,
        attempt_number: int, canonical_inputs: Mapping,
    ) -> None:
        if failure.phase == EvaluationPhase.ENTRY_VALIDATION:
>           raise StudyBridgeDefect(failure)
E           simkit.study.failures.StudyBridgeDefect: bridge produced an invalid entry model: Unknown entry field 'stellarator_09__stellaris__magnet__R0' (declared by no channel)

../teax/packages/teax-simkit/simkit/study/runner.py:116: StudyBridgeDefect
_ ERROR at setup of test_an_unresolvable_binding_fails_naming_the_constraint_and_operand _

self = <simkit.study.runner.StudyRunner object at 0x7b3a9d233a70>
candidate_id = 'stellarator-availability-sweep-v1:c0000'
proposal_id = 'stellarator-availability-sweep-v1:p0000'
attempt_id = 'stellarator-availability-sweep-v1:c0000:a1', attempt_number = 1
canonical_inputs = {'stellarator_09__stellaris__R': 12.7, 'stellarator_09__stellaris__a': 1.3, 'stellarator_09__stellaris__availability_direct': 0.5, 'stellarator_09__stellaris__magnet__R0': 12.7}

    def _run_attempt(
        self, candidate_id: str, proposal_id: str, attempt_id: str, attempt_number: int,
        canonical_inputs: Mapping,
    ) -> None:
        self.store.record_transition(
            attempt_id=attempt_id, candidate_id=candidate_id, proposal_id=proposal_id,
            attempt_number=attempt_number, state="started",
        )
        try:
            # bridge.build is inside the failure switch (Item 9 R1): a
            # field-level bridge failure (unknown/malformed) raises
            # EvaluationFailed(ENTRY_VALIDATION) and is recorded as a
            # StudyBridgeDefect, not an uncaught crash.
>           typed_inputs = self.bridge.build(canonical_inputs)
                           ^^^^^^^^^^^^^^^^^^^^^^^^^^^^^^^^^^^

../teax/packages/teax-simkit/simkit/study/runner.py:99: 
_ _ _ _ _ _ _ _ _ _ _ _ _ _ _ _ _ _ _ _ _ _ _ _ _ _ _ _ _ _ _ _ _ _ _ _ _ _ _ _ 

self = <simkit.study.bridge.CandidateBridge object at 0x7b3a9d233b30>
selected_fields = {'stellarator_09__stellaris__R': 12.7, 'stellarator_09__stellaris__a': 1.3, 'stellarator_09__stellaris__availability_direct': 0.5, 'stellarator_09__stellaris__magnet__R0': 12.7}

    def build(self, selected_fields: Mapping[str, Any]) -> dict[str, BaseModel]:
        # Partition selected fields onto their owning channels; an unknown
        # field fails closed before any model is constructed.
        by_channel: dict[str, dict[str, Any]] = {ch: {} for ch in self._entry_models}
        for name, value in selected_fields.items():
            channel = self._owner.get(name)
            if channel is None:
>               raise EvaluationFailed(
                    EvaluationFailure(
                        phase=EvaluationPhase.ENTRY_VALIDATION,
                        cause=f"Unknown entry field {name!r} (declared by no channel)",
                    )
                )
E               simkit.evaluation.failure.EvaluationFailed: entry_validation: Unknown entry field 'stellarator_09__stellaris__magnet__R0' (declared by no channel)

../teax/packages/teax-simkit/simkit/study/bridge.py:57: EvaluationFailed

During handling of the above exception, another exception occurred:

tmp_path_factory = TempPathFactory(_given_basetemp=None, _trace=<pluggy._tracing.TagTracerSub object at 0x7b3ac2a32180>, _basetemp=PosixPath('/tmp/pytest-of-reid/pytest-12236'), _retention_count=3, _retention_policy='all')
stock_simkit_session_path = PosixPath('/home/reid/1cfe/teax/packages/teax-simkit')

    @pytest.fixture(scope="session")
    def stock_route_run(tmp_path_factory, stock_simkit_session_path):
        """One stock-route execution per session: the availability sweep's store plus the
        sealed identity document and baseline result the route deposits."""
        studies = str(REPO_ROOT / "exploration" / "stellarator_e2e" / "studies")
        if studies not in sys.path:
            sys.path.insert(0, studies)
        import study_route
    
        out = tmp_path_factory.mktemp("stock_route_run")
>       study_route.run_availability_sweep(out)

tests/study/conftest.py:285: 
_ _ _ _ _ _ _ _ _ _ _ _ _ _ _ _ _ _ _ _ _ _ _ _ _ _ _ _ _ _ _ _ _ _ _ _ _ _ _ _ 
exploration/stellarator_e2e/studies/study_route.py:400: in run_availability_sweep
    cases, _ = run_points(
exploration/stellarator_e2e/studies/study_route.py:233: in run_points
    StudyRunner(store, study, _RequiredOutputsEvaluator(prepared, required_channels)).run()
../teax/packages/teax-simkit/simkit/study/runner.py:65: in run
    self._evaluate_candidate(candidate_id, proposal_id, canonical)
../teax/packages/teax-simkit/simkit/study/runner.py:75: in _evaluate_candidate
    self._run_attempt(
../teax/packages/teax-simkit/simkit/study/runner.py:102: in _run_attempt
    self._commit_execution_failure(
_ _ _ _ _ _ _ _ _ _ _ _ _ _ _ _ _ _ _ _ _ _ _ _ _ _ _ _ _ _ _ _ _ _ _ _ _ _ _ _ 

self = <simkit.study.runner.StudyRunner object at 0x7b3a9d233a70>
failure = EvaluationFailure(phase=<EvaluationPhase.ENTRY_VALIDATION: 'entry_validation'>, cause="Unknown entry field 'stellarator_09__stellaris__magnet__R0' (declared by no channel)", module_or_channel=None, retryable=False, partial_artifacts=())
candidate_id = 'stellarator-availability-sweep-v1:c0000'
proposal_id = 'stellarator-availability-sweep-v1:p0000'
attempt_id = 'stellarator-availability-sweep-v1:c0000:a1', attempt_number = 1
canonical_inputs = {'stellarator_09__stellaris__R': 12.7, 'stellarator_09__stellaris__a': 1.3, 'stellarator_09__stellaris__availability_direct': 0.5, 'stellarator_09__stellaris__magnet__R0': 12.7}

    def _commit_execution_failure(
        self, failure: EvaluationFailure, candidate_id: str, proposal_id: str, attempt_id: str,
        attempt_number: int, canonical_inputs: Mapping,
    ) -> None:
        if failure.phase == EvaluationPhase.ENTRY_VALIDATION:
>           raise StudyBridgeDefect(failure)
E           simkit.study.failures.StudyBridgeDefect: bridge produced an invalid entry model: Unknown entry field 'stellarator_09__stellaris__magnet__R0' (declared by no channel)

../teax/packages/teax-simkit/simkit/study/runner.py:116: StudyBridgeDefect
_____ ERROR at setup of test_a_store_bound_to_another_identity_is_refused ______

self = <simkit.study.runner.StudyRunner object at 0x7b3a9d233a70>
candidate_id = 'stellarator-availability-sweep-v1:c0000'
proposal_id = 'stellarator-availability-sweep-v1:p0000'
attempt_id = 'stellarator-availability-sweep-v1:c0000:a1', attempt_number = 1
canonical_inputs = {'stellarator_09__stellaris__R': 12.7, 'stellarator_09__stellaris__a': 1.3, 'stellarator_09__stellaris__availability_direct': 0.5, 'stellarator_09__stellaris__magnet__R0': 12.7}

    def _run_attempt(
        self, candidate_id: str, proposal_id: str, attempt_id: str, attempt_number: int,
        canonical_inputs: Mapping,
    ) -> None:
        self.store.record_transition(
            attempt_id=attempt_id, candidate_id=candidate_id, proposal_id=proposal_id,
            attempt_number=attempt_number, state="started",
        )
        try:
            # bridge.build is inside the failure switch (Item 9 R1): a
            # field-level bridge failure (unknown/malformed) raises
            # EvaluationFailed(ENTRY_VALIDATION) and is recorded as a
            # StudyBridgeDefect, not an uncaught crash.
>           typed_inputs = self.bridge.build(canonical_inputs)
                           ^^^^^^^^^^^^^^^^^^^^^^^^^^^^^^^^^^^

../teax/packages/teax-simkit/simkit/study/runner.py:99: 
_ _ _ _ _ _ _ _ _ _ _ _ _ _ _ _ _ _ _ _ _ _ _ _ _ _ _ _ _ _ _ _ _ _ _ _ _ _ _ _ 

self = <simkit.study.bridge.CandidateBridge object at 0x7b3a9d233b30>
selected_fields = {'stellarator_09__stellaris__R': 12.7, 'stellarator_09__stellaris__a': 1.3, 'stellarator_09__stellaris__availability_direct': 0.5, 'stellarator_09__stellaris__magnet__R0': 12.7}

    def build(self, selected_fields: Mapping[str, Any]) -> dict[str, BaseModel]:
        # Partition selected fields onto their owning channels; an unknown
        # field fails closed before any model is constructed.
        by_channel: dict[str, dict[str, Any]] = {ch: {} for ch in self._entry_models}
        for name, value in selected_fields.items():
            channel = self._owner.get(name)
            if channel is None:
>               raise EvaluationFailed(
                    EvaluationFailure(
                        phase=EvaluationPhase.ENTRY_VALIDATION,
                        cause=f"Unknown entry field {name!r} (declared by no channel)",
                    )
                )
E               simkit.evaluation.failure.EvaluationFailed: entry_validation: Unknown entry field 'stellarator_09__stellaris__magnet__R0' (declared by no channel)

../teax/packages/teax-simkit/simkit/study/bridge.py:57: EvaluationFailed

During handling of the above exception, another exception occurred:

tmp_path_factory = TempPathFactory(_given_basetemp=None, _trace=<pluggy._tracing.TagTracerSub object at 0x7b3ac2a32180>, _basetemp=PosixPath('/tmp/pytest-of-reid/pytest-12236'), _retention_count=3, _retention_policy='all')
stock_simkit_session_path = PosixPath('/home/reid/1cfe/teax/packages/teax-simkit')

    @pytest.fixture(scope="session")
    def stock_route_run(tmp_path_factory, stock_simkit_session_path):
        """One stock-route execution per session: the availability sweep's store plus the
        sealed identity document and baseline result the route deposits."""
        studies = str(REPO_ROOT / "exploration" / "stellarator_e2e" / "studies")
        if studies not in sys.path:
            sys.path.insert(0, studies)
        import study_route
    
        out = tmp_path_factory.mktemp("stock_route_run")
>       study_route.run_availability_sweep(out)

tests/study/conftest.py:285: 
_ _ _ _ _ _ _ _ _ _ _ _ _ _ _ _ _ _ _ _ _ _ _ _ _ _ _ _ _ _ _ _ _ _ _ _ _ _ _ _ 
exploration/stellarator_e2e/studies/study_route.py:400: in run_availability_sweep
    cases, _ = run_points(
exploration/stellarator_e2e/studies/study_route.py:233: in run_points
    StudyRunner(store, study, _RequiredOutputsEvaluator(prepared, required_channels)).run()
../teax/packages/teax-simkit/simkit/study/runner.py:65: in run
    self._evaluate_candidate(candidate_id, proposal_id, canonical)
../teax/packages/teax-simkit/simkit/study/runner.py:75: in _evaluate_candidate
    self._run_attempt(
../teax/packages/teax-simkit/simkit/study/runner.py:102: in _run_attempt
    self._commit_execution_failure(
_ _ _ _ _ _ _ _ _ _ _ _ _ _ _ _ _ _ _ _ _ _ _ _ _ _ _ _ _ _ _ _ _ _ _ _ _ _ _ _ 

self = <simkit.study.runner.StudyRunner object at 0x7b3a9d233a70>
failure = EvaluationFailure(phase=<EvaluationPhase.ENTRY_VALIDATION: 'entry_validation'>, cause="Unknown entry field 'stellarator_09__stellaris__magnet__R0' (declared by no channel)", module_or_channel=None, retryable=False, partial_artifacts=())
candidate_id = 'stellarator-availability-sweep-v1:c0000'
proposal_id = 'stellarator-availability-sweep-v1:p0000'
attempt_id = 'stellarator-availability-sweep-v1:c0000:a1', attempt_number = 1
canonical_inputs = {'stellarator_09__stellaris__R': 12.7, 'stellarator_09__stellaris__a': 1.3, 'stellarator_09__stellaris__availability_direct': 0.5, 'stellarator_09__stellaris__magnet__R0': 12.7}

    def _commit_execution_failure(
        self, failure: EvaluationFailure, candidate_id: str, proposal_id: str, attempt_id: str,
        attempt_number: int, canonical_inputs: Mapping,
    ) -> None:
        if failure.phase == EvaluationPhase.ENTRY_VALIDATION:
>           raise StudyBridgeDefect(failure)
E           simkit.study.failures.StudyBridgeDefect: bridge produced an invalid entry model: Unknown entry field 'stellarator_09__stellaris__magnet__R0' (declared by no channel)

../teax/packages/teax-simkit/simkit/study/runner.py:116: StudyBridgeDefect
__ ERROR at setup of test_an_empty_result_is_a_broken_input_not_a_clean_pass ___

self = <simkit.study.runner.StudyRunner object at 0x7b3a9d233a70>
candidate_id = 'stellarator-availability-sweep-v1:c0000'
proposal_id = 'stellarator-availability-sweep-v1:p0000'
attempt_id = 'stellarator-availability-sweep-v1:c0000:a1', attempt_number = 1
canonical_inputs = {'stellarator_09__stellaris__R': 12.7, 'stellarator_09__stellaris__a': 1.3, 'stellarator_09__stellaris__availability_direct': 0.5, 'stellarator_09__stellaris__magnet__R0': 12.7}

    def _run_attempt(
        self, candidate_id: str, proposal_id: str, attempt_id: str, attempt_number: int,
        canonical_inputs: Mapping,
    ) -> None:
        self.store.record_transition(
            attempt_id=attempt_id, candidate_id=candidate_id, proposal_id=proposal_id,
            attempt_number=attempt_number, state="started",
        )
        try:
            # bridge.build is inside the failure switch (Item 9 R1): a
            # field-level bridge failure (unknown/malformed) raises
            # EvaluationFailed(ENTRY_VALIDATION) and is recorded as a
            # StudyBridgeDefect, not an uncaught crash.
>           typed_inputs = self.bridge.build(canonical_inputs)
                           ^^^^^^^^^^^^^^^^^^^^^^^^^^^^^^^^^^^

../teax/packages/teax-simkit/simkit/study/runner.py:99: 
_ _ _ _ _ _ _ _ _ _ _ _ _ _ _ _ _ _ _ _ _ _ _ _ _ _ _ _ _ _ _ _ _ _ _ _ _ _ _ _ 

self = <simkit.study.bridge.CandidateBridge object at 0x7b3a9d233b30>
selected_fields = {'stellarator_09__stellaris__R': 12.7, 'stellarator_09__stellaris__a': 1.3, 'stellarator_09__stellaris__availability_direct': 0.5, 'stellarator_09__stellaris__magnet__R0': 12.7}

    def build(self, selected_fields: Mapping[str, Any]) -> dict[str, BaseModel]:
        # Partition selected fields onto their owning channels; an unknown
        # field fails closed before any model is constructed.
        by_channel: dict[str, dict[str, Any]] = {ch: {} for ch in self._entry_models}
        for name, value in selected_fields.items():
            channel = self._owner.get(name)
            if channel is None:
>               raise EvaluationFailed(
                    EvaluationFailure(
                        phase=EvaluationPhase.ENTRY_VALIDATION,
                        cause=f"Unknown entry field {name!r} (declared by no channel)",
                    )
                )
E               simkit.evaluation.failure.EvaluationFailed: entry_validation: Unknown entry field 'stellarator_09__stellaris__magnet__R0' (declared by no channel)

../teax/packages/teax-simkit/simkit/study/bridge.py:57: EvaluationFailed

During handling of the above exception, another exception occurred:

tmp_path_factory = TempPathFactory(_given_basetemp=None, _trace=<pluggy._tracing.TagTracerSub object at 0x7b3ac2a32180>, _basetemp=PosixPath('/tmp/pytest-of-reid/pytest-12236'), _retention_count=3, _retention_policy='all')
stock_simkit_session_path = PosixPath('/home/reid/1cfe/teax/packages/teax-simkit')

    @pytest.fixture(scope="session")
    def stock_route_run(tmp_path_factory, stock_simkit_session_path):
        """One stock-route execution per session: the availability sweep's store plus the
        sealed identity document and baseline result the route deposits."""
        studies = str(REPO_ROOT / "exploration" / "stellarator_e2e" / "studies")
        if studies not in sys.path:
            sys.path.insert(0, studies)
        import study_route
    
        out = tmp_path_factory.mktemp("stock_route_run")
>       study_route.run_availability_sweep(out)

tests/study/conftest.py:285: 
_ _ _ _ _ _ _ _ _ _ _ _ _ _ _ _ _ _ _ _ _ _ _ _ _ _ _ _ _ _ _ _ _ _ _ _ _ _ _ _ 
exploration/stellarator_e2e/studies/study_route.py:400: in run_availability_sweep
    cases, _ = run_points(
exploration/stellarator_e2e/studies/study_route.py:233: in run_points
    StudyRunner(store, study, _RequiredOutputsEvaluator(prepared, required_channels)).run()
../teax/packages/teax-simkit/simkit/study/runner.py:65: in run
    self._evaluate_candidate(candidate_id, proposal_id, canonical)
../teax/packages/teax-simkit/simkit/study/runner.py:75: in _evaluate_candidate
    self._run_attempt(
../teax/packages/teax-simkit/simkit/study/runner.py:102: in _run_attempt
    self._commit_execution_failure(
_ _ _ _ _ _ _ _ _ _ _ _ _ _ _ _ _ _ _ _ _ _ _ _ _ _ _ _ _ _ _ _ _ _ _ _ _ _ _ _ 

self = <simkit.study.runner.StudyRunner object at 0x7b3a9d233a70>
failure = EvaluationFailure(phase=<EvaluationPhase.ENTRY_VALIDATION: 'entry_validation'>, cause="Unknown entry field 'stellarator_09__stellaris__magnet__R0' (declared by no channel)", module_or_channel=None, retryable=False, partial_artifacts=())
candidate_id = 'stellarator-availability-sweep-v1:c0000'
proposal_id = 'stellarator-availability-sweep-v1:p0000'
attempt_id = 'stellarator-availability-sweep-v1:c0000:a1', attempt_number = 1
canonical_inputs = {'stellarator_09__stellaris__R': 12.7, 'stellarator_09__stellaris__a': 1.3, 'stellarator_09__stellaris__availability_direct': 0.5, 'stellarator_09__stellaris__magnet__R0': 12.7}

    def _commit_execution_failure(
        self, failure: EvaluationFailure, candidate_id: str, proposal_id: str, attempt_id: str,
        attempt_number: int, canonical_inputs: Mapping,
    ) -> None:
        if failure.phase == EvaluationPhase.ENTRY_VALIDATION:
>           raise StudyBridgeDefect(failure)
E           simkit.study.failures.StudyBridgeDefect: bridge produced an invalid entry model: Unknown entry field 'stellarator_09__stellaris__magnet__R0' (declared by no channel)

../teax/packages/teax-simkit/simkit/study/runner.py:116: StudyBridgeDefect
_____________ ERROR at setup of test_the_stores_are_never_written ______________

self = <simkit.study.runner.StudyRunner object at 0x7b3a9d233a70>
candidate_id = 'stellarator-availability-sweep-v1:c0000'
proposal_id = 'stellarator-availability-sweep-v1:p0000'
attempt_id = 'stellarator-availability-sweep-v1:c0000:a1', attempt_number = 1
canonical_inputs = {'stellarator_09__stellaris__R': 12.7, 'stellarator_09__stellaris__a': 1.3, 'stellarator_09__stellaris__availability_direct': 0.5, 'stellarator_09__stellaris__magnet__R0': 12.7}

    def _run_attempt(
        self, candidate_id: str, proposal_id: str, attempt_id: str, attempt_number: int,
        canonical_inputs: Mapping,
    ) -> None:
        self.store.record_transition(
            attempt_id=attempt_id, candidate_id=candidate_id, proposal_id=proposal_id,
            attempt_number=attempt_number, state="started",
        )
        try:
            # bridge.build is inside the failure switch (Item 9 R1): a
            # field-level bridge failure (unknown/malformed) raises
            # EvaluationFailed(ENTRY_VALIDATION) and is recorded as a
            # StudyBridgeDefect, not an uncaught crash.
>           typed_inputs = self.bridge.build(canonical_inputs)
                           ^^^^^^^^^^^^^^^^^^^^^^^^^^^^^^^^^^^

../teax/packages/teax-simkit/simkit/study/runner.py:99: 
_ _ _ _ _ _ _ _ _ _ _ _ _ _ _ _ _ _ _ _ _ _ _ _ _ _ _ _ _ _ _ _ _ _ _ _ _ _ _ _ 

self = <simkit.study.bridge.CandidateBridge object at 0x7b3a9d233b30>
selected_fields = {'stellarator_09__stellaris__R': 12.7, 'stellarator_09__stellaris__a': 1.3, 'stellarator_09__stellaris__availability_direct': 0.5, 'stellarator_09__stellaris__magnet__R0': 12.7}

    def build(self, selected_fields: Mapping[str, Any]) -> dict[str, BaseModel]:
        # Partition selected fields onto their owning channels; an unknown
        # field fails closed before any model is constructed.
        by_channel: dict[str, dict[str, Any]] = {ch: {} for ch in self._entry_models}
        for name, value in selected_fields.items():
            channel = self._owner.get(name)
            if channel is None:
>               raise EvaluationFailed(
                    EvaluationFailure(
                        phase=EvaluationPhase.ENTRY_VALIDATION,
                        cause=f"Unknown entry field {name!r} (declared by no channel)",
                    )
                )
E               simkit.evaluation.failure.EvaluationFailed: entry_validation: Unknown entry field 'stellarator_09__stellaris__magnet__R0' (declared by no channel)

../teax/packages/teax-simkit/simkit/study/bridge.py:57: EvaluationFailed

During handling of the above exception, another exception occurred:

tmp_path_factory = TempPathFactory(_given_basetemp=None, _trace=<pluggy._tracing.TagTracerSub object at 0x7b3ac2a32180>, _basetemp=PosixPath('/tmp/pytest-of-reid/pytest-12236'), _retention_count=3, _retention_policy='all')
stock_simkit_session_path = PosixPath('/home/reid/1cfe/teax/packages/teax-simkit')

    @pytest.fixture(scope="session")
    def stock_route_run(tmp_path_factory, stock_simkit_session_path):
        """One stock-route execution per session: the availability sweep's store plus the
        sealed identity document and baseline result the route deposits."""
        studies = str(REPO_ROOT / "exploration" / "stellarator_e2e" / "studies")
        if studies not in sys.path:
            sys.path.insert(0, studies)
        import study_route
    
        out = tmp_path_factory.mktemp("stock_route_run")
>       study_route.run_availability_sweep(out)

tests/study/conftest.py:285: 
_ _ _ _ _ _ _ _ _ _ _ _ _ _ _ _ _ _ _ _ _ _ _ _ _ _ _ _ _ _ _ _ _ _ _ _ _ _ _ _ 
exploration/stellarator_e2e/studies/study_route.py:400: in run_availability_sweep
    cases, _ = run_points(
exploration/stellarator_e2e/studies/study_route.py:233: in run_points
    StudyRunner(store, study, _RequiredOutputsEvaluator(prepared, required_channels)).run()
../teax/packages/teax-simkit/simkit/study/runner.py:65: in run
    self._evaluate_candidate(candidate_id, proposal_id, canonical)
../teax/packages/teax-simkit/simkit/study/runner.py:75: in _evaluate_candidate
    self._run_attempt(
../teax/packages/teax-simkit/simkit/study/runner.py:102: in _run_attempt
    self._commit_execution_failure(
_ _ _ _ _ _ _ _ _ _ _ _ _ _ _ _ _ _ _ _ _ _ _ _ _ _ _ _ _ _ _ _ _ _ _ _ _ _ _ _ 

self = <simkit.study.runner.StudyRunner object at 0x7b3a9d233a70>
failure = EvaluationFailure(phase=<EvaluationPhase.ENTRY_VALIDATION: 'entry_validation'>, cause="Unknown entry field 'stellarator_09__stellaris__magnet__R0' (declared by no channel)", module_or_channel=None, retryable=False, partial_artifacts=())
candidate_id = 'stellarator-availability-sweep-v1:c0000'
proposal_id = 'stellarator-availability-sweep-v1:p0000'
attempt_id = 'stellarator-availability-sweep-v1:c0000:a1', attempt_number = 1
canonical_inputs = {'stellarator_09__stellaris__R': 12.7, 'stellarator_09__stellaris__a': 1.3, 'stellarator_09__stellaris__availability_direct': 0.5, 'stellarator_09__stellaris__magnet__R0': 12.7}

    def _commit_execution_failure(
        self, failure: EvaluationFailure, candidate_id: str, proposal_id: str, attempt_id: str,
        attempt_number: int, canonical_inputs: Mapping,
    ) -> None:
        if failure.phase == EvaluationPhase.ENTRY_VALIDATION:
>           raise StudyBridgeDefect(failure)
E           simkit.study.failures.StudyBridgeDefect: bridge produced an invalid entry model: Unknown entry field 'stellarator_09__stellaris__magnet__R0' (declared by no channel)

../teax/packages/teax-simkit/simkit/study/runner.py:116: StudyBridgeDefect
_ ERROR at setup of test_stored_operating_controls_preserve_procurement_and_signed_capacity _

self = <simkit.study.runner.StudyRunner object at 0x7b3a9cb77bf0>
candidate_id = 'operating-controls:c0000'
proposal_id = 'operating-controls:p0000'
attempt_id = 'operating-controls:c0000:a1', attempt_number = 1
canonical_inputs = {'stellarator_09__stellaris__R': 12.7, 'stellarator_09__stellaris__a': 1.3, 'stellarator_09__stellaris__availability_direct': 0.0, 'stellarator_09__stellaris__magnet__R0': 12.7}

    def _run_attempt(
        self, candidate_id: str, proposal_id: str, attempt_id: str, attempt_number: int,
        canonical_inputs: Mapping,
    ) -> None:
        self.store.record_transition(
            attempt_id=attempt_id, candidate_id=candidate_id, proposal_id=proposal_id,
            attempt_number=attempt_number, state="started",
        )
        try:
            # bridge.build is inside the failure switch (Item 9 R1): a
            # field-level bridge failure (unknown/malformed) raises
            # EvaluationFailed(ENTRY_VALIDATION) and is recorded as a
            # StudyBridgeDefect, not an uncaught crash.
>           typed_inputs = self.bridge.build(canonical_inputs)
                           ^^^^^^^^^^^^^^^^^^^^^^^^^^^^^^^^^^^

../teax/packages/teax-simkit/simkit/study/runner.py:99: 
_ _ _ _ _ _ _ _ _ _ _ _ _ _ _ _ _ _ _ _ _ _ _ _ _ _ _ _ _ _ _ _ _ _ _ _ _ _ _ _ 

self = <simkit.study.bridge.CandidateBridge object at 0x7b3a9cb759a0>
selected_fields = {'stellarator_09__stellaris__R': 12.7, 'stellarator_09__stellaris__a': 1.3, 'stellarator_09__stellaris__availability_direct': 0.0, 'stellarator_09__stellaris__magnet__R0': 12.7}

    def build(self, selected_fields: Mapping[str, Any]) -> dict[str, BaseModel]:
        # Partition selected fields onto their owning channels; an unknown
        # field fails closed before any model is constructed.
        by_channel: dict[str, dict[str, Any]] = {ch: {} for ch in self._entry_models}
        for name, value in selected_fields.items():
            channel = self._owner.get(name)
            if channel is None:
>               raise EvaluationFailed(
                    EvaluationFailure(
                        phase=EvaluationPhase.ENTRY_VALIDATION,
                        cause=f"Unknown entry field {name!r} (declared by no channel)",
                    )
                )
E               simkit.evaluation.failure.EvaluationFailed: entry_validation: Unknown entry field 'stellarator_09__stellaris__magnet__R0' (declared by no channel)

../teax/packages/teax-simkit/simkit/study/bridge.py:57: EvaluationFailed

During handling of the above exception, another exception occurred:

tmp_path_factory = TempPathFactory(_given_basetemp=None, _trace=<pluggy._tracing.TagTracerSub object at 0x7b3ac2a32180>, _basetemp=PosixPath('/tmp/pytest-of-reid/pytest-12236'), _retention_count=3, _retention_policy='all')
stock_simkit_session_path = PosixPath('/home/reid/1cfe/teax/packages/teax-simkit')

    @pytest.fixture(scope="module")
    def operating_controls(tmp_path_factory, stock_simkit_session_path):
        """Stored native baseline, installed reserve and physical demand controls."""
        sys.path.insert(0, str(MANIFEST.parent))
        import study_route
    
        out = tmp_path_factory.mktemp("operating-controls")
        baseline = json.loads(MANIFEST.read_text())["baseline"]["point"]
        P = study_route.P
        proposals = [baseline, {**baseline, f"{P}p_wallplug_heat": 120.0},
                     {**baseline, f"{P}f_alpha_fast": 0.96}]
>       cases, db = study_route.run_points("operating-controls", proposals, out / "_work")
                    ^^^^^^^^^^^^^^^^^^^^^^^^^^^^^^^^^^^^^^^^^^^^^^^^^^^^^^^^^^^^^^^^^^^^^^

tests/study/test_verify.py:306: 
_ _ _ _ _ _ _ _ _ _ _ _ _ _ _ _ _ _ _ _ _ _ _ _ _ _ _ _ _ _ _ _ _ _ _ _ _ _ _ _ 
exploration/stellarator_e2e/studies/study_route.py:233: in run_points
    StudyRunner(store, study, _RequiredOutputsEvaluator(prepared, required_channels)).run()
../teax/packages/teax-simkit/simkit/study/runner.py:65: in run
    self._evaluate_candidate(candidate_id, proposal_id, canonical)
../teax/packages/teax-simkit/simkit/study/runner.py:75: in _evaluate_candidate
    self._run_attempt(
../teax/packages/teax-simkit/simkit/study/runner.py:102: in _run_attempt
    self._commit_execution_failure(
_ _ _ _ _ _ _ _ _ _ _ _ _ _ _ _ _ _ _ _ _ _ _ _ _ _ _ _ _ _ _ _ _ _ _ _ _ _ _ _ 

self = <simkit.study.runner.StudyRunner object at 0x7b3a9cb77bf0>
failure = EvaluationFailure(phase=<EvaluationPhase.ENTRY_VALIDATION: 'entry_validation'>, cause="Unknown entry field 'stellarator_09__stellaris__magnet__R0' (declared by no channel)", module_or_channel=None, retryable=False, partial_artifacts=())
candidate_id = 'operating-controls:c0000'
proposal_id = 'operating-controls:p0000'
attempt_id = 'operating-controls:c0000:a1', attempt_number = 1
canonical_inputs = {'stellarator_09__stellaris__R': 12.7, 'stellarator_09__stellaris__a': 1.3, 'stellarator_09__stellaris__availability_direct': 0.0, 'stellarator_09__stellaris__magnet__R0': 12.7}

    def _commit_execution_failure(
        self, failure: EvaluationFailure, candidate_id: str, proposal_id: str, attempt_id: str,
        attempt_number: int, canonical_inputs: Mapping,
    ) -> None:
        if failure.phase == EvaluationPhase.ENTRY_VALIDATION:
>           raise StudyBridgeDefect(failure)
E           simkit.study.failures.StudyBridgeDefect: bridge produced an invalid entry model: Unknown entry field 'stellarator_09__stellaris__magnet__R0' (declared by no channel)

../teax/packages/teax-simkit/simkit/study/runner.py:116: StudyBridgeDefect
___ ERROR at setup of test_operating_channel_deviation_is_refused[p_coupled] ___

self = <simkit.study.runner.StudyRunner object at 0x7b3a9d233a70>
candidate_id = 'stellarator-availability-sweep-v1:c0000'
proposal_id = 'stellarator-availability-sweep-v1:p0000'
attempt_id = 'stellarator-availability-sweep-v1:c0000:a1', attempt_number = 1
canonical_inputs = {'stellarator_09__stellaris__R': 12.7, 'stellarator_09__stellaris__a': 1.3, 'stellarator_09__stellaris__availability_direct': 0.5, 'stellarator_09__stellaris__magnet__R0': 12.7}

    def _run_attempt(
        self, candidate_id: str, proposal_id: str, attempt_id: str, attempt_number: int,
        canonical_inputs: Mapping,
    ) -> None:
        self.store.record_transition(
            attempt_id=attempt_id, candidate_id=candidate_id, proposal_id=proposal_id,
            attempt_number=attempt_number, state="started",
        )
        try:
            # bridge.build is inside the failure switch (Item 9 R1): a
            # field-level bridge failure (unknown/malformed) raises
            # EvaluationFailed(ENTRY_VALIDATION) and is recorded as a
            # StudyBridgeDefect, not an uncaught crash.
>           typed_inputs = self.bridge.build(canonical_inputs)
                           ^^^^^^^^^^^^^^^^^^^^^^^^^^^^^^^^^^^

../teax/packages/teax-simkit/simkit/study/runner.py:99: 
_ _ _ _ _ _ _ _ _ _ _ _ _ _ _ _ _ _ _ _ _ _ _ _ _ _ _ _ _ _ _ _ _ _ _ _ _ _ _ _ 

self = <simkit.study.bridge.CandidateBridge object at 0x7b3a9d233b30>
selected_fields = {'stellarator_09__stellaris__R': 12.7, 'stellarator_09__stellaris__a': 1.3, 'stellarator_09__stellaris__availability_direct': 0.5, 'stellarator_09__stellaris__magnet__R0': 12.7}

    def build(self, selected_fields: Mapping[str, Any]) -> dict[str, BaseModel]:
        # Partition selected fields onto their owning channels; an unknown
        # field fails closed before any model is constructed.
        by_channel: dict[str, dict[str, Any]] = {ch: {} for ch in self._entry_models}
        for name, value in selected_fields.items():
            channel = self._owner.get(name)
            if channel is None:
>               raise EvaluationFailed(
                    EvaluationFailure(
                        phase=EvaluationPhase.ENTRY_VALIDATION,
                        cause=f"Unknown entry field {name!r} (declared by no channel)",
                    )
                )
E               simkit.evaluation.failure.EvaluationFailed: entry_validation: Unknown entry field 'stellarator_09__stellaris__magnet__R0' (declared by no channel)

../teax/packages/teax-simkit/simkit/study/bridge.py:57: EvaluationFailed

During handling of the above exception, another exception occurred:

tmp_path_factory = TempPathFactory(_given_basetemp=None, _trace=<pluggy._tracing.TagTracerSub object at 0x7b3ac2a32180>, _basetemp=PosixPath('/tmp/pytest-of-reid/pytest-12236'), _retention_count=3, _retention_policy='all')
stock_simkit_session_path = PosixPath('/home/reid/1cfe/teax/packages/teax-simkit')

    @pytest.fixture(scope="session")
    def stock_route_run(tmp_path_factory, stock_simkit_session_path):
        """One stock-route execution per session: the availability sweep's store plus the
        sealed identity document and baseline result the route deposits."""
        studies = str(REPO_ROOT / "exploration" / "stellarator_e2e" / "studies")
        if studies not in sys.path:
            sys.path.insert(0, studies)
        import study_route
    
        out = tmp_path_factory.mktemp("stock_route_run")
>       study_route.run_availability_sweep(out)

tests/study/conftest.py:285: 
_ _ _ _ _ _ _ _ _ _ _ _ _ _ _ _ _ _ _ _ _ _ _ _ _ _ _ _ _ _ _ _ _ _ _ _ _ _ _ _ 
exploration/stellarator_e2e/studies/study_route.py:400: in run_availability_sweep
    cases, _ = run_points(
exploration/stellarator_e2e/studies/study_route.py:233: in run_points
    StudyRunner(store, study, _RequiredOutputsEvaluator(prepared, required_channels)).run()
../teax/packages/teax-simkit/simkit/study/runner.py:65: in run
    self._evaluate_candidate(candidate_id, proposal_id, canonical)
../teax/packages/teax-simkit/simkit/study/runner.py:75: in _evaluate_candidate
    self._run_attempt(
../teax/packages/teax-simkit/simkit/study/runner.py:102: in _run_attempt
    self._commit_execution_failure(
_ _ _ _ _ _ _ _ _ _ _ _ _ _ _ _ _ _ _ _ _ _ _ _ _ _ _ _ _ _ _ _ _ _ _ _ _ _ _ _ 

self = <simkit.study.runner.StudyRunner object at 0x7b3a9d233a70>
failure = EvaluationFailure(phase=<EvaluationPhase.ENTRY_VALIDATION: 'entry_validation'>, cause="Unknown entry field 'stellarator_09__stellaris__magnet__R0' (declared by no channel)", module_or_channel=None, retryable=False, partial_artifacts=())
candidate_id = 'stellarator-availability-sweep-v1:c0000'
proposal_id = 'stellarator-availability-sweep-v1:p0000'
attempt_id = 'stellarator-availability-sweep-v1:c0000:a1', attempt_number = 1
canonical_inputs = {'stellarator_09__stellaris__R': 12.7, 'stellarator_09__stellaris__a': 1.3, 'stellarator_09__stellaris__availability_direct': 0.5, 'stellarator_09__stellaris__magnet__R0': 12.7}

    def _commit_execution_failure(
        self, failure: EvaluationFailure, candidate_id: str, proposal_id: str, attempt_id: str,
        attempt_number: int, canonical_inputs: Mapping,
    ) -> None:
        if failure.phase == EvaluationPhase.ENTRY_VALIDATION:
>           raise StudyBridgeDefect(failure)
E           simkit.study.failures.StudyBridgeDefect: bridge produced an invalid entry model: Unknown entry field 'stellarator_09__stellaris__magnet__R0' (declared by no channel)

../teax/packages/teax-simkit/simkit/study/runner.py:116: StudyBridgeDefect
__ ERROR at setup of test_operating_channel_deviation_is_refused[p_delivered] __

self = <simkit.study.runner.StudyRunner object at 0x7b3a9d233a70>
candidate_id = 'stellarator-availability-sweep-v1:c0000'
proposal_id = 'stellarator-availability-sweep-v1:p0000'
attempt_id = 'stellarator-availability-sweep-v1:c0000:a1', attempt_number = 1
canonical_inputs = {'stellarator_09__stellaris__R': 12.7, 'stellarator_09__stellaris__a': 1.3, 'stellarator_09__stellaris__availability_direct': 0.5, 'stellarator_09__stellaris__magnet__R0': 12.7}

    def _run_attempt(
        self, candidate_id: str, proposal_id: str, attempt_id: str, attempt_number: int,
        canonical_inputs: Mapping,
    ) -> None:
        self.store.record_transition(
            attempt_id=attempt_id, candidate_id=candidate_id, proposal_id=proposal_id,
            attempt_number=attempt_number, state="started",
        )
        try:
            # bridge.build is inside the failure switch (Item 9 R1): a
            # field-level bridge failure (unknown/malformed) raises
            # EvaluationFailed(ENTRY_VALIDATION) and is recorded as a
            # StudyBridgeDefect, not an uncaught crash.
>           typed_inputs = self.bridge.build(canonical_inputs)
                           ^^^^^^^^^^^^^^^^^^^^^^^^^^^^^^^^^^^

../teax/packages/teax-simkit/simkit/study/runner.py:99: 
_ _ _ _ _ _ _ _ _ _ _ _ _ _ _ _ _ _ _ _ _ _ _ _ _ _ _ _ _ _ _ _ _ _ _ _ _ _ _ _ 

self = <simkit.study.bridge.CandidateBridge object at 0x7b3a9d233b30>
selected_fields = {'stellarator_09__stellaris__R': 12.7, 'stellarator_09__stellaris__a': 1.3, 'stellarator_09__stellaris__availability_direct': 0.5, 'stellarator_09__stellaris__magnet__R0': 12.7}

    def build(self, selected_fields: Mapping[str, Any]) -> dict[str, BaseModel]:
        # Partition selected fields onto their owning channels; an unknown
        # field fails closed before any model is constructed.
        by_channel: dict[str, dict[str, Any]] = {ch: {} for ch in self._entry_models}
        for name, value in selected_fields.items():
            channel = self._owner.get(name)
            if channel is None:
>               raise EvaluationFailed(
                    EvaluationFailure(
                        phase=EvaluationPhase.ENTRY_VALIDATION,
                        cause=f"Unknown entry field {name!r} (declared by no channel)",
                    )
                )
E               simkit.evaluation.failure.EvaluationFailed: entry_validation: Unknown entry field 'stellarator_09__stellaris__magnet__R0' (declared by no channel)

../teax/packages/teax-simkit/simkit/study/bridge.py:57: EvaluationFailed

During handling of the above exception, another exception occurred:

tmp_path_factory = TempPathFactory(_given_basetemp=None, _trace=<pluggy._tracing.TagTracerSub object at 0x7b3ac2a32180>, _basetemp=PosixPath('/tmp/pytest-of-reid/pytest-12236'), _retention_count=3, _retention_policy='all')
stock_simkit_session_path = PosixPath('/home/reid/1cfe/teax/packages/teax-simkit')

    @pytest.fixture(scope="session")
    def stock_route_run(tmp_path_factory, stock_simkit_session_path):
        """One stock-route execution per session: the availability sweep's store plus the
        sealed identity document and baseline result the route deposits."""
        studies = str(REPO_ROOT / "exploration" / "stellarator_e2e" / "studies")
        if studies not in sys.path:
            sys.path.insert(0, studies)
        import study_route
    
        out = tmp_path_factory.mktemp("stock_route_run")
>       study_route.run_availability_sweep(out)

tests/study/conftest.py:285: 
_ _ _ _ _ _ _ _ _ _ _ _ _ _ _ _ _ _ _ _ _ _ _ _ _ _ _ _ _ _ _ _ _ _ _ _ _ _ _ _ 
exploration/stellarator_e2e/studies/study_route.py:400: in run_availability_sweep
    cases, _ = run_points(
exploration/stellarator_e2e/studies/study_route.py:233: in run_points
    StudyRunner(store, study, _RequiredOutputsEvaluator(prepared, required_channels)).run()
../teax/packages/teax-simkit/simkit/study/runner.py:65: in run
    self._evaluate_candidate(candidate_id, proposal_id, canonical)
../teax/packages/teax-simkit/simkit/study/runner.py:75: in _evaluate_candidate
    self._run_attempt(
../teax/packages/teax-simkit/simkit/study/runner.py:102: in _run_attempt
    self._commit_execution_failure(
_ _ _ _ _ _ _ _ _ _ _ _ _ _ _ _ _ _ _ _ _ _ _ _ _ _ _ _ _ _ _ _ _ _ _ _ _ _ _ _ 

self = <simkit.study.runner.StudyRunner object at 0x7b3a9d233a70>
failure = EvaluationFailure(phase=<EvaluationPhase.ENTRY_VALIDATION: 'entry_validation'>, cause="Unknown entry field 'stellarator_09__stellaris__magnet__R0' (declared by no channel)", module_or_channel=None, retryable=False, partial_artifacts=())
candidate_id = 'stellarator-availability-sweep-v1:c0000'
proposal_id = 'stellarator-availability-sweep-v1:p0000'
attempt_id = 'stellarator-availability-sweep-v1:c0000:a1', attempt_number = 1
canonical_inputs = {'stellarator_09__stellaris__R': 12.7, 'stellarator_09__stellaris__a': 1.3, 'stellarator_09__stellaris__availability_direct': 0.5, 'stellarator_09__stellaris__magnet__R0': 12.7}

    def _commit_execution_failure(
        self, failure: EvaluationFailure, candidate_id: str, proposal_id: str, attempt_id: str,
        attempt_number: int, canonical_inputs: Mapping,
    ) -> None:
        if failure.phase == EvaluationPhase.ENTRY_VALIDATION:
>           raise StudyBridgeDefect(failure)
E           simkit.study.failures.StudyBridgeDefect: bridge produced an invalid entry model: Unknown entry field 'stellarator_09__stellaris__magnet__R0' (declared by no channel)

../teax/packages/teax-simkit/simkit/study/runner.py:116: StudyBridgeDefect
__ ERROR at setup of test_operating_channel_deviation_is_refused[p_wallplug] ___

self = <simkit.study.runner.StudyRunner object at 0x7b3a9d233a70>
candidate_id = 'stellarator-availability-sweep-v1:c0000'
proposal_id = 'stellarator-availability-sweep-v1:p0000'
attempt_id = 'stellarator-availability-sweep-v1:c0000:a1', attempt_number = 1
canonical_inputs = {'stellarator_09__stellaris__R': 12.7, 'stellarator_09__stellaris__a': 1.3, 'stellarator_09__stellaris__availability_direct': 0.5, 'stellarator_09__stellaris__magnet__R0': 12.7}

    def _run_attempt(
        self, candidate_id: str, proposal_id: str, attempt_id: str, attempt_number: int,
        canonical_inputs: Mapping,
    ) -> None:
        self.store.record_transition(
            attempt_id=attempt_id, candidate_id=candidate_id, proposal_id=proposal_id,
            attempt_number=attempt_number, state="started",
        )
        try:
            # bridge.build is inside the failure switch (Item 9 R1): a
            # field-level bridge failure (unknown/malformed) raises
            # EvaluationFailed(ENTRY_VALIDATION) and is recorded as a
            # StudyBridgeDefect, not an uncaught crash.
>           typed_inputs = self.bridge.build(canonical_inputs)
                           ^^^^^^^^^^^^^^^^^^^^^^^^^^^^^^^^^^^

../teax/packages/teax-simkit/simkit/study/runner.py:99: 
_ _ _ _ _ _ _ _ _ _ _ _ _ _ _ _ _ _ _ _ _ _ _ _ _ _ _ _ _ _ _ _ _ _ _ _ _ _ _ _ 

self = <simkit.study.bridge.CandidateBridge object at 0x7b3a9d233b30>
selected_fields = {'stellarator_09__stellaris__R': 12.7, 'stellarator_09__stellaris__a': 1.3, 'stellarator_09__stellaris__availability_direct': 0.5, 'stellarator_09__stellaris__magnet__R0': 12.7}

    def build(self, selected_fields: Mapping[str, Any]) -> dict[str, BaseModel]:
        # Partition selected fields onto their owning channels; an unknown
        # field fails closed before any model is constructed.
        by_channel: dict[str, dict[str, Any]] = {ch: {} for ch in self._entry_models}
        for name, value in selected_fields.items():
            channel = self._owner.get(name)
            if channel is None:
>               raise EvaluationFailed(
                    EvaluationFailure(
                        phase=EvaluationPhase.ENTRY_VALIDATION,
                        cause=f"Unknown entry field {name!r} (declared by no channel)",
                    )
                )
E               simkit.evaluation.failure.EvaluationFailed: entry_validation: Unknown entry field 'stellarator_09__stellaris__magnet__R0' (declared by no channel)

../teax/packages/teax-simkit/simkit/study/bridge.py:57: EvaluationFailed

During handling of the above exception, another exception occurred:

tmp_path_factory = TempPathFactory(_given_basetemp=None, _trace=<pluggy._tracing.TagTracerSub object at 0x7b3ac2a32180>, _basetemp=PosixPath('/tmp/pytest-of-reid/pytest-12236'), _retention_count=3, _retention_policy='all')
stock_simkit_session_path = PosixPath('/home/reid/1cfe/teax/packages/teax-simkit')

    @pytest.fixture(scope="session")
    def stock_route_run(tmp_path_factory, stock_simkit_session_path):
        """One stock-route execution per session: the availability sweep's store plus the
        sealed identity document and baseline result the route deposits."""
        studies = str(REPO_ROOT / "exploration" / "stellarator_e2e" / "studies")
        if studies not in sys.path:
            sys.path.insert(0, studies)
        import study_route
    
        out = tmp_path_factory.mktemp("stock_route_run")
>       study_route.run_availability_sweep(out)

tests/study/conftest.py:285: 
_ _ _ _ _ _ _ _ _ _ _ _ _ _ _ _ _ _ _ _ _ _ _ _ _ _ _ _ _ _ _ _ _ _ _ _ _ _ _ _ 
exploration/stellarator_e2e/studies/study_route.py:400: in run_availability_sweep
    cases, _ = run_points(
exploration/stellarator_e2e/studies/study_route.py:233: in run_points
    StudyRunner(store, study, _RequiredOutputsEvaluator(prepared, required_channels)).run()
../teax/packages/teax-simkit/simkit/study/runner.py:65: in run
    self._evaluate_candidate(candidate_id, proposal_id, canonical)
../teax/packages/teax-simkit/simkit/study/runner.py:75: in _evaluate_candidate
    self._run_attempt(
../teax/packages/teax-simkit/simkit/study/runner.py:102: in _run_attempt
    self._commit_execution_failure(
_ _ _ _ _ _ _ _ _ _ _ _ _ _ _ _ _ _ _ _ _ _ _ _ _ _ _ _ _ _ _ _ _ _ _ _ _ _ _ _ 

self = <simkit.study.runner.StudyRunner object at 0x7b3a9d233a70>
failure = EvaluationFailure(phase=<EvaluationPhase.ENTRY_VALIDATION: 'entry_validation'>, cause="Unknown entry field 'stellarator_09__stellaris__magnet__R0' (declared by no channel)", module_or_channel=None, retryable=False, partial_artifacts=())
candidate_id = 'stellarator-availability-sweep-v1:c0000'
proposal_id = 'stellarator-availability-sweep-v1:p0000'
attempt_id = 'stellarator-availability-sweep-v1:c0000:a1', attempt_number = 1
canonical_inputs = {'stellarator_09__stellaris__R': 12.7, 'stellarator_09__stellaris__a': 1.3, 'stellarator_09__stellaris__availability_direct': 0.5, 'stellarator_09__stellaris__magnet__R0': 12.7}

    def _commit_execution_failure(
        self, failure: EvaluationFailure, candidate_id: str, proposal_id: str, attempt_id: str,
        attempt_number: int, canonical_inputs: Mapping,
    ) -> None:
        if failure.phase == EvaluationPhase.ENTRY_VALIDATION:
>           raise StudyBridgeDefect(failure)
E           simkit.study.failures.StudyBridgeDefect: bridge produced an invalid entry model: Unknown entry field 'stellarator_09__stellaris__magnet__R0' (declared by no channel)

../teax/packages/teax-simkit/simkit/study/runner.py:116: StudyBridgeDefect
=================================== FAILURES ===================================
_____________________________ test_fixture_binding _____________________________

real_package_path = PosixPath('/home/reid/1cfe/fusion-tea-codex-test/exploration/stellarator_e2e/pkg/stellarator_tea')

    def test_fixture_binding(real_package_path):
        """Fixtures are bound to the fingerprint they were derived against (spec)."""
        live = manifest.read_semantic_fingerprint(real_package_path)
>       assert live == EXPECTED_SEMANTIC_FINGERPRINT, (
            "package regenerated — re-derive the expectation files from the new package, "
            "never patch them to match"
        )
E       AssertionError: package regenerated — re-derive the expectation files from the new package, never patch them to match
E       assert '15ed665c3747...b3489debbd47e' == '8f4912c20870...13772737666cf'
E         
E         - 8f4912c20870b8e0090f9836292403d9d05b0b0e6d46dabf53713772737666cf
E         + 15ed665c374729a984f29fa753f444677805939ffb195933419b3489debbd47e

tests/study/test_known_answers.py:170: AssertionError
______________________ test_current_heating_reachability _______________________

real_package_path = PosixPath('/home/reid/1cfe/fusion-tea-codex-test/exploration/stellarator_e2e/pkg/stellarator_tea')
real_manifest_path = PosixPath('/home/reid/1cfe/fusion-tea-codex-test/exploration/stellarator_e2e/studies/manifest.json')
tmp_path = PosixPath('/tmp/pytest-of-reid/pytest-12236/test_current_heating_reachabil0')

    def test_current_heating_reachability(real_package_path, real_manifest_path, tmp_path):
        """Module reachability distinguishes installed reserve from operating demand."""
        axes = tmp_path / "heating-axes.json"
        names = ["p_wallplug_heat", "eta_source_heat", "eta_couple_heat"]
        axes.write_text(json.dumps({"schema_version": "study-axis-declaration/v1", "groups": [
            {"axis": name, "keys": [
                {"key": f"stellarator_09__stellaris__{name}", "provenance": "fan_out"}
            ]}
            for name in names
        ]}))
>       doc = run_tool(real_package_path, real_manifest_path, axes)
              ^^^^^^^^^^^^^^^^^^^^^^^^^^^^^^^^^^^^^^^^^^^^^^^^^^^^^

tests/study/test_known_answers.py:355: 
_ _ _ _ _ _ _ _ _ _ _ _ _ _ _ _ _ _ _ _ _ _ _ _ _ _ _ _ _ _ _ _ _ _ _ _ _ _ _ _ 

package = PosixPath('/home/reid/1cfe/fusion-tea-codex-test/exploration/stellarator_e2e/pkg/stellarator_tea')
manifest_path = PosixPath('/home/reid/1cfe/fusion-tea-codex-test/exploration/stellarator_e2e/studies/manifest.json')
groups = PosixPath('/tmp/pytest-of-reid/pytest-12236/test_current_heating_reachabil0/heating-axes.json')

    def run_tool(package, manifest_path, groups, *, group=(), cwd=None):
        """Invoke the CLI and return the parsed report. Raises if the run failed."""
        rc, out, err = run_tool_raw(package, manifest_path, groups, group=group, cwd=cwd)
>       assert rc == 0, f"tool exited {rc}\n{err}"
E       AssertionError: tool exited 1
E         indicator-input fingerprint mismatch: manifest pins 0e61f19061132204911763b142f203d5064e13589b7582c3ef0037d101503204 but indicator-input-fingerprint/v1 over the live package is 609e6cca0a4f329e834b52369a425541ca167bfdfe8608879d900a27ccedf06d
E           live per-file digests:
E             contracts/model_contract.json d2ee3c18e6d087149f55699dd7cdce59f074abcbd861b7824b9310e770b07bc2
E             inputs/mfe_account_costs_params.json 5b7f9baef4118fd7f4bf2df2bf6f15153208b84c2ad1507300b5f54fe83740b3
E             inputs/mfe_fuel_cycle_params.json 7c91948cb65554dad5d7dd4b50372116b903727e33bc11652940e11920a53d2b
E             inputs/mfe_magnet_cost_params.json 0009a95e44bd67b7ab7622bb51b9b8bddd01683ebdb969c7402116bc4de34113
E             inputs/mfe_magnet_field_params.json e46eb97bf88cdf3f9ac409bdcc35d87fd99022ab4b23ed78f516fb4172446180
E             inputs/mfe_plant_params.json ff041fec8a149e6c789ca1bd5cf0cc1c6f55c6d96da3f96179f9541131b94814
E             inputs/mfe_plasma_scaling_params.json d6324b43a9b6da6db2a9a26596378190b06b680bac856fdfab6e30d224f77b6d
E             inputs/mfe_plasma_sustainment_params.json d7c0adfe722dde2bdd7b0edb52f0365ab6b1210e2a25cfab36136a055ebeec14
E             inputs/mfe_vacuum_params.json 4d239714198183bb1414461a30ddfc078fb19f057849cfd8049738b945b7f902
E             inputs/stellarator_plant_params.json e5d567f2c6b2f67a7495341998b0ceef86c5e0f382161a20b98cce941718a9b4
E             pipelines/pipeline.yaml 84af29209c51b249b7291c1e01bebe47c7e90d1ebfa442f7073b61724991980f
E           re-pin with --print-fingerprint after reviewing the change
E         
E       assert 1 == 0

tests/study/conftest.py:121: AssertionError
_______ test_real_multi_output_values_survive_reopened_store_and_export ________

self = <simkit.study.runner.StudyRunner object at 0x7b3a9cd46ae0>
candidate_id = 'numeric-evidence:c0000', proposal_id = 'numeric-evidence:p0000'
attempt_id = 'numeric-evidence:c0000:a1', attempt_number = 1
canonical_inputs = {'stellarator_09__stellaris__R': 12.7, 'stellarator_09__stellaris__a': 1.3, 'stellarator_09__stellaris__availability_direct': 0.0, 'stellarator_09__stellaris__magnet__R0': 12.7}

    def _run_attempt(
        self, candidate_id: str, proposal_id: str, attempt_id: str, attempt_number: int,
        canonical_inputs: Mapping,
    ) -> None:
        self.store.record_transition(
            attempt_id=attempt_id, candidate_id=candidate_id, proposal_id=proposal_id,
            attempt_number=attempt_number, state="started",
        )
        try:
            # bridge.build is inside the failure switch (Item 9 R1): a
            # field-level bridge failure (unknown/malformed) raises
            # EvaluationFailed(ENTRY_VALIDATION) and is recorded as a
            # StudyBridgeDefect, not an uncaught crash.
>           typed_inputs = self.bridge.build(canonical_inputs)
                           ^^^^^^^^^^^^^^^^^^^^^^^^^^^^^^^^^^^

../teax/packages/teax-simkit/simkit/study/runner.py:99: 
_ _ _ _ _ _ _ _ _ _ _ _ _ _ _ _ _ _ _ _ _ _ _ _ _ _ _ _ _ _ _ _ _ _ _ _ _ _ _ _ 

self = <simkit.study.bridge.CandidateBridge object at 0x7b3a9cd45220>
selected_fields = {'stellarator_09__stellaris__R': 12.7, 'stellarator_09__stellaris__a': 1.3, 'stellarator_09__stellaris__availability_direct': 0.0, 'stellarator_09__stellaris__magnet__R0': 12.7}

    def build(self, selected_fields: Mapping[str, Any]) -> dict[str, BaseModel]:
        # Partition selected fields onto their owning channels; an unknown
        # field fails closed before any model is constructed.
        by_channel: dict[str, dict[str, Any]] = {ch: {} for ch in self._entry_models}
        for name, value in selected_fields.items():
            channel = self._owner.get(name)
            if channel is None:
>               raise EvaluationFailed(
                    EvaluationFailure(
                        phase=EvaluationPhase.ENTRY_VALIDATION,
                        cause=f"Unknown entry field {name!r} (declared by no channel)",
                    )
                )
E               simkit.evaluation.failure.EvaluationFailed: entry_validation: Unknown entry field 'stellarator_09__stellaris__magnet__R0' (declared by no channel)

../teax/packages/teax-simkit/simkit/study/bridge.py:57: EvaluationFailed

During handling of the above exception, another exception occurred:

stock_simkit_path = PosixPath('/home/reid/1cfe/teax/packages/teax-simkit')
tmp_path = PosixPath('/tmp/pytest-of-reid/pytest-12236/test_real_multi_output_values_0')

    def test_real_multi_output_values_survive_reopened_store_and_export(
        stock_simkit_path,
        tmp_path,
    ):
        from simkit.study.query import StudyQuery
        from simkit.study.store import StudyStore
    
        required = {
            "p_net": f"{route.P}pb__p_net",
            "rec_frac": f"{route.P}pb__rec_frac",
            "q_eng": f"{route.P}pb__q_eng",
            "p_th": f"{route.P}pb__p_th",
            "p_et": f"{route.P}pb__p_et",
            # WI-045 (goal plant-closure, 2026-09-08): the thermal efficiency is the
            # cycle calc's channel now, not the held 0.333; the identity below reads it.
            "eta_th": f"{route.P}cycle__eta_th",
            "lcoe": route.CHANNELS["lcoe"],
        }
>       cases, db = route.run_points(
            "numeric-evidence",
            [route.proposal_for(**route.BASELINE)],
            tmp_path,
            required_channels=required,
        )

tests/study/test_numeric_evidence.py:90: 
_ _ _ _ _ _ _ _ _ _ _ _ _ _ _ _ _ _ _ _ _ _ _ _ _ _ _ _ _ _ _ _ _ _ _ _ _ _ _ _ 
exploration/stellarator_e2e/studies/study_route.py:233: in run_points
    StudyRunner(store, study, _RequiredOutputsEvaluator(prepared, required_channels)).run()
../teax/packages/teax-simkit/simkit/study/runner.py:65: in run
    self._evaluate_candidate(candidate_id, proposal_id, canonical)
../teax/packages/teax-simkit/simkit/study/runner.py:75: in _evaluate_candidate
    self._run_attempt(
../teax/packages/teax-simkit/simkit/study/runner.py:102: in _run_attempt
    self._commit_execution_failure(
_ _ _ _ _ _ _ _ _ _ _ _ _ _ _ _ _ _ _ _ _ _ _ _ _ _ _ _ _ _ _ _ _ _ _ _ _ _ _ _ 

self = <simkit.study.runner.StudyRunner object at 0x7b3a9cd46ae0>
failure = EvaluationFailure(phase=<EvaluationPhase.ENTRY_VALIDATION: 'entry_validation'>, cause="Unknown entry field 'stellarator_09__stellaris__magnet__R0' (declared by no channel)", module_or_channel=None, retryable=False, partial_artifacts=())
candidate_id = 'numeric-evidence:c0000', proposal_id = 'numeric-evidence:p0000'
attempt_id = 'numeric-evidence:c0000:a1', attempt_number = 1
canonical_inputs = {'stellarator_09__stellaris__R': 12.7, 'stellarator_09__stellaris__a': 1.3, 'stellarator_09__stellaris__availability_direct': 0.0, 'stellarator_09__stellaris__magnet__R0': 12.7}

    def _commit_execution_failure(
        self, failure: EvaluationFailure, candidate_id: str, proposal_id: str, attempt_id: str,
        attempt_number: int, canonical_inputs: Mapping,
    ) -> None:
        if failure.phase == EvaluationPhase.ENTRY_VALIDATION:
>           raise StudyBridgeDefect(failure)
E           simkit.study.failures.StudyBridgeDefect: bridge produced an invalid entry model: Unknown entry field 'stellarator_09__stellaris__magnet__R0' (declared by no channel)

../teax/packages/teax-simkit/simkit/study/runner.py:116: StudyBridgeDefect
_________ test_adding_persisted_column_reuses_store_without_evaluation _________

self = <simkit.study.runner.StudyRunner object at 0x7b3a9cced0a0>
candidate_id = 'map-binding:c0000', proposal_id = 'map-binding:p0000'
attempt_id = 'map-binding:c0000:a1', attempt_number = 1
canonical_inputs = {'stellarator_09__stellaris__R': 12.7, 'stellarator_09__stellaris__a': 1.3, 'stellarator_09__stellaris__availability_direct': 0.0, 'stellarator_09__stellaris__magnet__R0': 12.7}

    def _run_attempt(
        self, candidate_id: str, proposal_id: str, attempt_id: str, attempt_number: int,
        canonical_inputs: Mapping,
    ) -> None:
        self.store.record_transition(
            attempt_id=attempt_id, candidate_id=candidate_id, proposal_id=proposal_id,
            attempt_number=attempt_number, state="started",
        )
        try:
            # bridge.build is inside the failure switch (Item 9 R1): a
            # field-level bridge failure (unknown/malformed) raises
            # EvaluationFailed(ENTRY_VALIDATION) and is recorded as a
            # StudyBridgeDefect, not an uncaught crash.
>           typed_inputs = self.bridge.build(canonical_inputs)
                           ^^^^^^^^^^^^^^^^^^^^^^^^^^^^^^^^^^^

../teax/packages/teax-simkit/simkit/study/runner.py:99: 
_ _ _ _ _ _ _ _ _ _ _ _ _ _ _ _ _ _ _ _ _ _ _ _ _ _ _ _ _ _ _ _ _ _ _ _ _ _ _ _ 

self = <simkit.study.bridge.CandidateBridge object at 0x7b3a9ccec380>
selected_fields = {'stellarator_09__stellaris__R': 12.7, 'stellarator_09__stellaris__a': 1.3, 'stellarator_09__stellaris__availability_direct': 0.0, 'stellarator_09__stellaris__magnet__R0': 12.7}

    def build(self, selected_fields: Mapping[str, Any]) -> dict[str, BaseModel]:
        # Partition selected fields onto their owning channels; an unknown
        # field fails closed before any model is constructed.
        by_channel: dict[str, dict[str, Any]] = {ch: {} for ch in self._entry_models}
        for name, value in selected_fields.items():
            channel = self._owner.get(name)
            if channel is None:
>               raise EvaluationFailed(
                    EvaluationFailure(
                        phase=EvaluationPhase.ENTRY_VALIDATION,
                        cause=f"Unknown entry field {name!r} (declared by no channel)",
                    )
                )
E               simkit.evaluation.failure.EvaluationFailed: entry_validation: Unknown entry field 'stellarator_09__stellaris__magnet__R0' (declared by no channel)

../teax/packages/teax-simkit/simkit/study/bridge.py:57: EvaluationFailed

During handling of the above exception, another exception occurred:

stock_simkit_path = PosixPath('/home/reid/1cfe/teax/packages/teax-simkit')
monkeypatch = <_pytest.monkeypatch.MonkeyPatch object at 0x7b3a9cd47050>
tmp_path = PosixPath('/tmp/pytest-of-reid/pytest-12236/test_adding_persisted_column_r0')

    def test_adding_persisted_column_reuses_store_without_evaluation(
        stock_simkit_path,
        monkeypatch,
        tmp_path,
    ):
        from simkit.evaluation.evaluator import PreparedEvaluator
    
        proposals = [route.proposal_for(**route.BASELINE)]
        required = {"lcoe": route.CHANNELS["lcoe"]}
>       original, db = route.run_points("map-binding", proposals, tmp_path, required_channels=required)
                       ^^^^^^^^^^^^^^^^^^^^^^^^^^^^^^^^^^^^^^^^^^^^^^^^^^^^^^^^^^^^^^^^^^^^^^^^^^^^^^^^

tests/study/test_numeric_evidence.py:126: 
_ _ _ _ _ _ _ _ _ _ _ _ _ _ _ _ _ _ _ _ _ _ _ _ _ _ _ _ _ _ _ _ _ _ _ _ _ _ _ _ 
exploration/stellarator_e2e/studies/study_route.py:233: in run_points
    StudyRunner(store, study, _RequiredOutputsEvaluator(prepared, required_channels)).run()
../teax/packages/teax-simkit/simkit/study/runner.py:65: in run
    self._evaluate_candidate(candidate_id, proposal_id, canonical)
../teax/packages/teax-simkit/simkit/study/runner.py:75: in _evaluate_candidate
    self._run_attempt(
../teax/packages/teax-simkit/simkit/study/runner.py:102: in _run_attempt
    self._commit_execution_failure(
_ _ _ _ _ _ _ _ _ _ _ _ _ _ _ _ _ _ _ _ _ _ _ _ _ _ _ _ _ _ _ _ _ _ _ _ _ _ _ _ 

self = <simkit.study.runner.StudyRunner object at 0x7b3a9cced0a0>
failure = EvaluationFailure(phase=<EvaluationPhase.ENTRY_VALIDATION: 'entry_validation'>, cause="Unknown entry field 'stellarator_09__stellaris__magnet__R0' (declared by no channel)", module_or_channel=None, retryable=False, partial_artifacts=())
candidate_id = 'map-binding:c0000', proposal_id = 'map-binding:p0000'
attempt_id = 'map-binding:c0000:a1', attempt_number = 1
canonical_inputs = {'stellarator_09__stellaris__R': 12.7, 'stellarator_09__stellaris__a': 1.3, 'stellarator_09__stellaris__availability_direct': 0.0, 'stellarator_09__stellaris__magnet__R0': 12.7}

    def _commit_execution_failure(
        self, failure: EvaluationFailure, candidate_id: str, proposal_id: str, attempt_id: str,
        attempt_number: int, canonical_inputs: Mapping,
    ) -> None:
        if failure.phase == EvaluationPhase.ENTRY_VALIDATION:
>           raise StudyBridgeDefect(failure)
E           simkit.study.failures.StudyBridgeDefect: bridge produced an invalid entry model: Unknown entry field 'stellarator_09__stellaris__magnet__R0' (declared by no channel)

../teax/packages/teax-simkit/simkit/study/runner.py:116: StudyBridgeDefect
_ test_resume_refuses_a_required_column_absent_from_persisted_evidence[complete] _

self = <simkit.study.runner.StudyRunner object at 0x7b3a9c1db2c0>
candidate_id = 'incomplete-resume:c0000'
proposal_id = 'incomplete-resume:p0000'
attempt_id = 'incomplete-resume:c0000:a1', attempt_number = 1
canonical_inputs = {'stellarator_09__stellaris__R': 12.7, 'stellarator_09__stellaris__a': 1.3, 'stellarator_09__stellaris__availability_direct': 0.0, 'stellarator_09__stellaris__magnet__R0': 12.7}

    def _run_attempt(
        self, candidate_id: str, proposal_id: str, attempt_id: str, attempt_number: int,
        canonical_inputs: Mapping,
    ) -> None:
        self.store.record_transition(
            attempt_id=attempt_id, candidate_id=candidate_id, proposal_id=proposal_id,
            attempt_number=attempt_number, state="started",
        )
        try:
            # bridge.build is inside the failure switch (Item 9 R1): a
            # field-level bridge failure (unknown/malformed) raises
            # EvaluationFailed(ENTRY_VALIDATION) and is recorded as a
            # StudyBridgeDefect, not an uncaught crash.
>           typed_inputs = self.bridge.build(canonical_inputs)
                           ^^^^^^^^^^^^^^^^^^^^^^^^^^^^^^^^^^^

../teax/packages/teax-simkit/simkit/study/runner.py:99: 
_ _ _ _ _ _ _ _ _ _ _ _ _ _ _ _ _ _ _ _ _ _ _ _ _ _ _ _ _ _ _ _ _ _ _ _ _ _ _ _ 

self = <simkit.study.bridge.CandidateBridge object at 0x7b3a9c1db0b0>
selected_fields = {'stellarator_09__stellaris__R': 12.7, 'stellarator_09__stellaris__a': 1.3, 'stellarator_09__stellaris__availability_direct': 0.0, 'stellarator_09__stellaris__magnet__R0': 12.7}

    def build(self, selected_fields: Mapping[str, Any]) -> dict[str, BaseModel]:
        # Partition selected fields onto their owning channels; an unknown
        # field fails closed before any model is constructed.
        by_channel: dict[str, dict[str, Any]] = {ch: {} for ch in self._entry_models}
        for name, value in selected_fields.items():
            channel = self._owner.get(name)
            if channel is None:
>               raise EvaluationFailed(
                    EvaluationFailure(
                        phase=EvaluationPhase.ENTRY_VALIDATION,
                        cause=f"Unknown entry field {name!r} (declared by no channel)",
                    )
                )
E               simkit.evaluation.failure.EvaluationFailed: entry_validation: Unknown entry field 'stellarator_09__stellaris__magnet__R0' (declared by no channel)

../teax/packages/teax-simkit/simkit/study/bridge.py:57: EvaluationFailed

During handling of the above exception, another exception occurred:

stock_simkit_path = PosixPath('/home/reid/1cfe/teax/packages/teax-simkit')
monkeypatch = <_pytest.monkeypatch.MonkeyPatch object at 0x7b3a9c1e48f0>
tmp_path = PosixPath('/tmp/pytest-of-reid/pytest-12236/test_resume_refuses_a_required0')
interrupted = False

    @pytest.mark.parametrize("interrupted", [False, True], ids=["complete", "partial"])
    def test_resume_refuses_a_required_column_absent_from_persisted_evidence(
        stock_simkit_path,
        monkeypatch,
        tmp_path,
        interrupted,
    ):
        from simkit.evaluation.evaluator import PreparedEvaluator
    
        original_evaluate = PreparedEvaluator.evaluate
        calls = []
        channel = f"{route.P}pb__p_net"
    
        def evaluate(self, typed_inputs):
            evidence = original_evaluate(self, typed_inputs)
            calls.append(evidence)
            if interrupted and len(calls) == 2:
                raise RuntimeError("interrupted after one durable case")
            outputs = dict(evidence.outputs)
            del outputs[channel]
            return evidence.model_copy(update={"outputs": outputs})
    
        monkeypatch.setattr(PreparedEvaluator, "evaluate", evaluate)
        proposals = [route.proposal_for(**route.BASELINE)] * (2 if interrupted else 1)
    
        def initial_run():
            route.run_points(
                "incomplete-resume",
                proposals,
                tmp_path,
                required_channels={"lcoe": route.CHANNELS["lcoe"]},
            )
    
        if interrupted:
            with pytest.raises(RuntimeError, match="interrupted"):
                initial_run()
        else:
>           initial_run()

tests/study/test_numeric_evidence.py:181: 
_ _ _ _ _ _ _ _ _ _ _ _ _ _ _ _ _ _ _ _ _ _ _ _ _ _ _ _ _ _ _ _ _ _ _ _ _ _ _ _ 
tests/study/test_numeric_evidence.py:170: in initial_run
    route.run_points(
exploration/stellarator_e2e/studies/study_route.py:233: in run_points
    StudyRunner(store, study, _RequiredOutputsEvaluator(prepared, required_channels)).run()
../teax/packages/teax-simkit/simkit/study/runner.py:65: in run
    self._evaluate_candidate(candidate_id, proposal_id, canonical)
../teax/packages/teax-simkit/simkit/study/runner.py:75: in _evaluate_candidate
    self._run_attempt(
../teax/packages/teax-simkit/simkit/study/runner.py:102: in _run_attempt
    self._commit_execution_failure(
_ _ _ _ _ _ _ _ _ _ _ _ _ _ _ _ _ _ _ _ _ _ _ _ _ _ _ _ _ _ _ _ _ _ _ _ _ _ _ _ 

self = <simkit.study.runner.StudyRunner object at 0x7b3a9c1db2c0>
failure = EvaluationFailure(phase=<EvaluationPhase.ENTRY_VALIDATION: 'entry_validation'>, cause="Unknown entry field 'stellarator_09__stellaris__magnet__R0' (declared by no channel)", module_or_channel=None, retryable=False, partial_artifacts=())
candidate_id = 'incomplete-resume:c0000'
proposal_id = 'incomplete-resume:p0000'
attempt_id = 'incomplete-resume:c0000:a1', attempt_number = 1
canonical_inputs = {'stellarator_09__stellaris__R': 12.7, 'stellarator_09__stellaris__a': 1.3, 'stellarator_09__stellaris__availability_direct': 0.0, 'stellarator_09__stellaris__magnet__R0': 12.7}

    def _commit_execution_failure(
        self, failure: EvaluationFailure, candidate_id: str, proposal_id: str, attempt_id: str,
        attempt_number: int, canonical_inputs: Mapping,
    ) -> None:
        if failure.phase == EvaluationPhase.ENTRY_VALIDATION:
>           raise StudyBridgeDefect(failure)
E           simkit.study.failures.StudyBridgeDefect: bridge produced an invalid entry model: Unknown entry field 'stellarator_09__stellaris__magnet__R0' (declared by no channel)

../teax/packages/teax-simkit/simkit/study/runner.py:116: StudyBridgeDefect
_ test_resume_refuses_a_required_column_absent_from_persisted_evidence[partial] _

self = <simkit.study.runner.StudyRunner object at 0x7b3ac25387a0>
candidate_id = 'incomplete-resume:c0000'
proposal_id = 'incomplete-resume:p0000'
attempt_id = 'incomplete-resume:c0000:a1', attempt_number = 1
canonical_inputs = {'stellarator_09__stellaris__R': 12.7, 'stellarator_09__stellaris__a': 1.3, 'stellarator_09__stellaris__availability_direct': 0.0, 'stellarator_09__stellaris__magnet__R0': 12.7}

    def _run_attempt(
        self, candidate_id: str, proposal_id: str, attempt_id: str, attempt_number: int,
        canonical_inputs: Mapping,
    ) -> None:
        self.store.record_transition(
            attempt_id=attempt_id, candidate_id=candidate_id, proposal_id=proposal_id,
            attempt_number=attempt_number, state="started",
        )
        try:
            # bridge.build is inside the failure switch (Item 9 R1): a
            # field-level bridge failure (unknown/malformed) raises
            # EvaluationFailed(ENTRY_VALIDATION) and is recorded as a
            # StudyBridgeDefect, not an uncaught crash.
>           typed_inputs = self.bridge.build(canonical_inputs)
                           ^^^^^^^^^^^^^^^^^^^^^^^^^^^^^^^^^^^

../teax/packages/teax-simkit/simkit/study/runner.py:99: 
_ _ _ _ _ _ _ _ _ _ _ _ _ _ _ _ _ _ _ _ _ _ _ _ _ _ _ _ _ _ _ _ _ _ _ _ _ _ _ _ 

self = <simkit.study.bridge.CandidateBridge object at 0x7b3ac253be30>
selected_fields = {'stellarator_09__stellaris__R': 12.7, 'stellarator_09__stellaris__a': 1.3, 'stellarator_09__stellaris__availability_direct': 0.0, 'stellarator_09__stellaris__magnet__R0': 12.7}

    def build(self, selected_fields: Mapping[str, Any]) -> dict[str, BaseModel]:
        # Partition selected fields onto their owning channels; an unknown
        # field fails closed before any model is constructed.
        by_channel: dict[str, dict[str, Any]] = {ch: {} for ch in self._entry_models}
        for name, value in selected_fields.items():
            channel = self._owner.get(name)
            if channel is None:
>               raise EvaluationFailed(
                    EvaluationFailure(
                        phase=EvaluationPhase.ENTRY_VALIDATION,
                        cause=f"Unknown entry field {name!r} (declared by no channel)",
                    )
                )
E               simkit.evaluation.failure.EvaluationFailed: entry_validation: Unknown entry field 'stellarator_09__stellaris__magnet__R0' (declared by no channel)

../teax/packages/teax-simkit/simkit/study/bridge.py:57: EvaluationFailed

During handling of the above exception, another exception occurred:

stock_simkit_path = PosixPath('/home/reid/1cfe/teax/packages/teax-simkit')
monkeypatch = <_pytest.monkeypatch.MonkeyPatch object at 0x7b3a9c1db890>
tmp_path = PosixPath('/tmp/pytest-of-reid/pytest-12236/test_resume_refuses_a_required1')
interrupted = True

    @pytest.mark.parametrize("interrupted", [False, True], ids=["complete", "partial"])
    def test_resume_refuses_a_required_column_absent_from_persisted_evidence(
        stock_simkit_path,
        monkeypatch,
        tmp_path,
        interrupted,
    ):
        from simkit.evaluation.evaluator import PreparedEvaluator
    
        original_evaluate = PreparedEvaluator.evaluate
        calls = []
        channel = f"{route.P}pb__p_net"
    
        def evaluate(self, typed_inputs):
            evidence = original_evaluate(self, typed_inputs)
            calls.append(evidence)
            if interrupted and len(calls) == 2:
                raise RuntimeError("interrupted after one durable case")
            outputs = dict(evidence.outputs)
            del outputs[channel]
            return evidence.model_copy(update={"outputs": outputs})
    
        monkeypatch.setattr(PreparedEvaluator, "evaluate", evaluate)
        proposals = [route.proposal_for(**route.BASELINE)] * (2 if interrupted else 1)
    
        def initial_run():
            route.run_points(
                "incomplete-resume",
                proposals,
                tmp_path,
                required_channels={"lcoe": route.CHANNELS["lcoe"]},
            )
    
        if interrupted:
            with pytest.raises(RuntimeError, match="interrupted"):
>               initial_run()

tests/study/test_numeric_evidence.py:179: 
_ _ _ _ _ _ _ _ _ _ _ _ _ _ _ _ _ _ _ _ _ _ _ _ _ _ _ _ _ _ _ _ _ _ _ _ _ _ _ _ 
tests/study/test_numeric_evidence.py:170: in initial_run
    route.run_points(
exploration/stellarator_e2e/studies/study_route.py:233: in run_points
    StudyRunner(store, study, _RequiredOutputsEvaluator(prepared, required_channels)).run()
../teax/packages/teax-simkit/simkit/study/runner.py:65: in run
    self._evaluate_candidate(candidate_id, proposal_id, canonical)
../teax/packages/teax-simkit/simkit/study/runner.py:75: in _evaluate_candidate
    self._run_attempt(
../teax/packages/teax-simkit/simkit/study/runner.py:102: in _run_attempt
    self._commit_execution_failure(
_ _ _ _ _ _ _ _ _ _ _ _ _ _ _ _ _ _ _ _ _ _ _ _ _ _ _ _ _ _ _ _ _ _ _ _ _ _ _ _ 

self = <simkit.study.runner.StudyRunner object at 0x7b3ac25387a0>
failure = EvaluationFailure(phase=<EvaluationPhase.ENTRY_VALIDATION: 'entry_validation'>, cause="Unknown entry field 'stellarator_09__stellaris__magnet__R0' (declared by no channel)", module_or_channel=None, retryable=False, partial_artifacts=())
candidate_id = 'incomplete-resume:c0000'
proposal_id = 'incomplete-resume:p0000'
attempt_id = 'incomplete-resume:c0000:a1', attempt_number = 1
canonical_inputs = {'stellarator_09__stellaris__R': 12.7, 'stellarator_09__stellaris__a': 1.3, 'stellarator_09__stellaris__availability_direct': 0.0, 'stellarator_09__stellaris__magnet__R0': 12.7}

    def _commit_execution_failure(
        self, failure: EvaluationFailure, candidate_id: str, proposal_id: str, attempt_id: str,
        attempt_number: int, canonical_inputs: Mapping,
    ) -> None:
        if failure.phase == EvaluationPhase.ENTRY_VALIDATION:
>           raise StudyBridgeDefect(failure)
E           simkit.study.failures.StudyBridgeDefect: bridge produced an invalid entry model: Unknown entry field 'stellarator_09__stellaris__magnet__R0' (declared by no channel)

../teax/packages/teax-simkit/simkit/study/runner.py:116: StudyBridgeDefect
__________ test_execution_failures_remain_recorded_cases[first-fails] __________

self = <simkit.study.runner.StudyRunner object at 0x7b3a97f53020>
candidate_id = 'execution-failure:c0000'
proposal_id = 'execution-failure:p0000'
attempt_id = 'execution-failure:c0000:a1', attempt_number = 1
canonical_inputs = {'stellarator_09__stellaris__R': 12.7, 'stellarator_09__stellaris__a': 1.3, 'stellarator_09__stellaris__availability_direct': 0.0, 'stellarator_09__stellaris__magnet__R0': 12.7}

    def _run_attempt(
        self, candidate_id: str, proposal_id: str, attempt_id: str, attempt_number: int,
        canonical_inputs: Mapping,
    ) -> None:
        self.store.record_transition(
            attempt_id=attempt_id, candidate_id=candidate_id, proposal_id=proposal_id,
            attempt_number=attempt_number, state="started",
        )
        try:
            # bridge.build is inside the failure switch (Item 9 R1): a
            # field-level bridge failure (unknown/malformed) raises
            # EvaluationFailed(ENTRY_VALIDATION) and is recorded as a
            # StudyBridgeDefect, not an uncaught crash.
>           typed_inputs = self.bridge.build(canonical_inputs)
                           ^^^^^^^^^^^^^^^^^^^^^^^^^^^^^^^^^^^

../teax/packages/teax-simkit/simkit/study/runner.py:99: 
_ _ _ _ _ _ _ _ _ _ _ _ _ _ _ _ _ _ _ _ _ _ _ _ _ _ _ _ _ _ _ _ _ _ _ _ _ _ _ _ 

self = <simkit.study.bridge.CandidateBridge object at 0x7b3a97f53200>
selected_fields = {'stellarator_09__stellaris__R': 12.7, 'stellarator_09__stellaris__a': 1.3, 'stellarator_09__stellaris__availability_direct': 0.0, 'stellarator_09__stellaris__magnet__R0': 12.7}

    def build(self, selected_fields: Mapping[str, Any]) -> dict[str, BaseModel]:
        # Partition selected fields onto their owning channels; an unknown
        # field fails closed before any model is constructed.
        by_channel: dict[str, dict[str, Any]] = {ch: {} for ch in self._entry_models}
        for name, value in selected_fields.items():
            channel = self._owner.get(name)
            if channel is None:
>               raise EvaluationFailed(
                    EvaluationFailure(
                        phase=EvaluationPhase.ENTRY_VALIDATION,
                        cause=f"Unknown entry field {name!r} (declared by no channel)",
                    )
                )
E               simkit.evaluation.failure.EvaluationFailed: entry_validation: Unknown entry field 'stellarator_09__stellaris__magnet__R0' (declared by no channel)

../teax/packages/teax-simkit/simkit/study/bridge.py:57: EvaluationFailed

During handling of the above exception, another exception occurred:

stock_simkit_path = PosixPath('/home/reid/1cfe/teax/packages/teax-simkit')
monkeypatch = <_pytest.monkeypatch.MonkeyPatch object at 0x7b3a97f49520>
tmp_path = PosixPath('/tmp/pytest-of-reid/pytest-12236/test_execution_failures_remain0')
failures = 1

    @pytest.mark.parametrize("failures", [1, 2], ids=["first-fails", "all-fail"])
    def test_execution_failures_remain_recorded_cases(
        stock_simkit_path, monkeypatch, tmp_path, failures
    ):
        from simkit.evaluation.evaluator import PreparedEvaluator
        from simkit.evaluation.failure import EvaluationFailed, EvaluationFailure, EvaluationPhase
    
        original = PreparedEvaluator.evaluate
        calls = []
    
        def evaluate(self, inputs):
            calls.append(inputs)
            if len(calls) <= failures:
                raise EvaluationFailed(
                    EvaluationFailure(
                        phase=EvaluationPhase.MODULE_EXECUTION,
                        cause="fence probe execution failed",
                    )
                )
            return original(self, inputs)
    
        monkeypatch.setattr(PreparedEvaluator, "evaluate", evaluate)
        proposals = [route.proposal_for(**route.BASELINE)] * 2
>       cases, db = route.run_points("execution-failure", proposals, tmp_path)
                    ^^^^^^^^^^^^^^^^^^^^^^^^^^^^^^^^^^^^^^^^^^^^^^^^^^^^^^^^^^

tests/study/test_numeric_evidence.py:213: 
_ _ _ _ _ _ _ _ _ _ _ _ _ _ _ _ _ _ _ _ _ _ _ _ _ _ _ _ _ _ _ _ _ _ _ _ _ _ _ _ 
exploration/stellarator_e2e/studies/study_route.py:233: in run_points
    StudyRunner(store, study, _RequiredOutputsEvaluator(prepared, required_channels)).run()
../teax/packages/teax-simkit/simkit/study/runner.py:65: in run
    self._evaluate_candidate(candidate_id, proposal_id, canonical)
../teax/packages/teax-simkit/simkit/study/runner.py:75: in _evaluate_candidate
    self._run_attempt(
../teax/packages/teax-simkit/simkit/study/runner.py:102: in _run_attempt
    self._commit_execution_failure(
_ _ _ _ _ _ _ _ _ _ _ _ _ _ _ _ _ _ _ _ _ _ _ _ _ _ _ _ _ _ _ _ _ _ _ _ _ _ _ _ 

self = <simkit.study.runner.StudyRunner object at 0x7b3a97f53020>
failure = EvaluationFailure(phase=<EvaluationPhase.ENTRY_VALIDATION: 'entry_validation'>, cause="Unknown entry field 'stellarator_09__stellaris__magnet__R0' (declared by no channel)", module_or_channel=None, retryable=False, partial_artifacts=())
candidate_id = 'execution-failure:c0000'
proposal_id = 'execution-failure:p0000'
attempt_id = 'execution-failure:c0000:a1', attempt_number = 1
canonical_inputs = {'stellarator_09__stellaris__R': 12.7, 'stellarator_09__stellaris__a': 1.3, 'stellarator_09__stellaris__availability_direct': 0.0, 'stellarator_09__stellaris__magnet__R0': 12.7}

    def _commit_execution_failure(
        self, failure: EvaluationFailure, candidate_id: str, proposal_id: str, attempt_id: str,
        attempt_number: int, canonical_inputs: Mapping,
    ) -> None:
        if failure.phase == EvaluationPhase.ENTRY_VALIDATION:
>           raise StudyBridgeDefect(failure)
E           simkit.study.failures.StudyBridgeDefect: bridge produced an invalid entry model: Unknown entry field 'stellarator_09__stellaris__magnet__R0' (declared by no channel)

../teax/packages/teax-simkit/simkit/study/runner.py:116: StudyBridgeDefect
___________ test_execution_failures_remain_recorded_cases[all-fail] ____________

self = <simkit.study.runner.StudyRunner object at 0x7b3a9c1fc410>
candidate_id = 'execution-failure:c0000'
proposal_id = 'execution-failure:p0000'
attempt_id = 'execution-failure:c0000:a1', attempt_number = 1
canonical_inputs = {'stellarator_09__stellaris__R': 12.7, 'stellarator_09__stellaris__a': 1.3, 'stellarator_09__stellaris__availability_direct': 0.0, 'stellarator_09__stellaris__magnet__R0': 12.7}

    def _run_attempt(
        self, candidate_id: str, proposal_id: str, attempt_id: str, attempt_number: int,
        canonical_inputs: Mapping,
    ) -> None:
        self.store.record_transition(
            attempt_id=attempt_id, candidate_id=candidate_id, proposal_id=proposal_id,
            attempt_number=attempt_number, state="started",
        )
        try:
            # bridge.build is inside the failure switch (Item 9 R1): a
            # field-level bridge failure (unknown/malformed) raises
            # EvaluationFailed(ENTRY_VALIDATION) and is recorded as a
            # StudyBridgeDefect, not an uncaught crash.
>           typed_inputs = self.bridge.build(canonical_inputs)
                           ^^^^^^^^^^^^^^^^^^^^^^^^^^^^^^^^^^^

../teax/packages/teax-simkit/simkit/study/runner.py:99: 
_ _ _ _ _ _ _ _ _ _ _ _ _ _ _ _ _ _ _ _ _ _ _ _ _ _ _ _ _ _ _ _ _ _ _ _ _ _ _ _ 

self = <simkit.study.bridge.CandidateBridge object at 0x7b3a9c1fc7a0>
selected_fields = {'stellarator_09__stellaris__R': 12.7, 'stellarator_09__stellaris__a': 1.3, 'stellarator_09__stellaris__availability_direct': 0.0, 'stellarator_09__stellaris__magnet__R0': 12.7}

    def build(self, selected_fields: Mapping[str, Any]) -> dict[str, BaseModel]:
        # Partition selected fields onto their owning channels; an unknown
        # field fails closed before any model is constructed.
        by_channel: dict[str, dict[str, Any]] = {ch: {} for ch in self._entry_models}
        for name, value in selected_fields.items():
            channel = self._owner.get(name)
            if channel is None:
>               raise EvaluationFailed(
                    EvaluationFailure(
                        phase=EvaluationPhase.ENTRY_VALIDATION,
                        cause=f"Unknown entry field {name!r} (declared by no channel)",
                    )
                )
E               simkit.evaluation.failure.EvaluationFailed: entry_validation: Unknown entry field 'stellarator_09__stellaris__magnet__R0' (declared by no channel)

../teax/packages/teax-simkit/simkit/study/bridge.py:57: EvaluationFailed

During handling of the above exception, another exception occurred:

stock_simkit_path = PosixPath('/home/reid/1cfe/teax/packages/teax-simkit')
monkeypatch = <_pytest.monkeypatch.MonkeyPatch object at 0x7b3a97f537a0>
tmp_path = PosixPath('/tmp/pytest-of-reid/pytest-12236/test_execution_failures_remain1')
failures = 2

    @pytest.mark.parametrize("failures", [1, 2], ids=["first-fails", "all-fail"])
    def test_execution_failures_remain_recorded_cases(
        stock_simkit_path, monkeypatch, tmp_path, failures
    ):
        from simkit.evaluation.evaluator import PreparedEvaluator
        from simkit.evaluation.failure import EvaluationFailed, EvaluationFailure, EvaluationPhase
    
        original = PreparedEvaluator.evaluate
        calls = []
    
        def evaluate(self, inputs):
            calls.append(inputs)
            if len(calls) <= failures:
                raise EvaluationFailed(
                    EvaluationFailure(
                        phase=EvaluationPhase.MODULE_EXECUTION,
                        cause="fence probe execution failed",
                    )
                )
            return original(self, inputs)
    
        monkeypatch.setattr(PreparedEvaluator, "evaluate", evaluate)
        proposals = [route.proposal_for(**route.BASELINE)] * 2
>       cases, db = route.run_points("execution-failure", proposals, tmp_path)
                    ^^^^^^^^^^^^^^^^^^^^^^^^^^^^^^^^^^^^^^^^^^^^^^^^^^^^^^^^^^

tests/study/test_numeric_evidence.py:213: 
_ _ _ _ _ _ _ _ _ _ _ _ _ _ _ _ _ _ _ _ _ _ _ _ _ _ _ _ _ _ _ _ _ _ _ _ _ _ _ _ 
exploration/stellarator_e2e/studies/study_route.py:233: in run_points
    StudyRunner(store, study, _RequiredOutputsEvaluator(prepared, required_channels)).run()
../teax/packages/teax-simkit/simkit/study/runner.py:65: in run
    self._evaluate_candidate(candidate_id, proposal_id, canonical)
../teax/packages/teax-simkit/simkit/study/runner.py:75: in _evaluate_candidate
    self._run_attempt(
../teax/packages/teax-simkit/simkit/study/runner.py:102: in _run_attempt
    self._commit_execution_failure(
_ _ _ _ _ _ _ _ _ _ _ _ _ _ _ _ _ _ _ _ _ _ _ _ _ _ _ _ _ _ _ _ _ _ _ _ _ _ _ _ 

self = <simkit.study.runner.StudyRunner object at 0x7b3a9c1fc410>
failure = EvaluationFailure(phase=<EvaluationPhase.ENTRY_VALIDATION: 'entry_validation'>, cause="Unknown entry field 'stellarator_09__stellaris__magnet__R0' (declared by no channel)", module_or_channel=None, retryable=False, partial_artifacts=())
candidate_id = 'execution-failure:c0000'
proposal_id = 'execution-failure:p0000'
attempt_id = 'execution-failure:c0000:a1', attempt_number = 1
canonical_inputs = {'stellarator_09__stellaris__R': 12.7, 'stellarator_09__stellaris__a': 1.3, 'stellarator_09__stellaris__availability_direct': 0.0, 'stellarator_09__stellaris__magnet__R0': 12.7}

    def _commit_execution_failure(
        self, failure: EvaluationFailure, candidate_id: str, proposal_id: str, attempt_id: str,
        attempt_number: int, canonical_inputs: Mapping,
    ) -> None:
        if failure.phase == EvaluationPhase.ENTRY_VALIDATION:
>           raise StudyBridgeDefect(failure)
E           simkit.study.failures.StudyBridgeDefect: bridge produced an invalid entry model: Unknown entry field 'stellarator_09__stellaris__magnet__R0' (declared by no channel)

../teax/packages/teax-simkit/simkit/study/runner.py:116: StudyBridgeDefect
____ test_nonfinite_declared_value_is_persisted_and_refused_only_at_export _____

self = <simkit.study.runner.StudyRunner object at 0x7b3a97f4a930>
candidate_id = 'nonfinite-result:c0000', proposal_id = 'nonfinite-result:p0000'
attempt_id = 'nonfinite-result:c0000:a1', attempt_number = 1
canonical_inputs = {'stellarator_09__stellaris__R': 12.7, 'stellarator_09__stellaris__a': 1.3, 'stellarator_09__stellaris__availability_direct': 0.0, 'stellarator_09__stellaris__magnet__R0': 12.7}

    def _run_attempt(
        self, candidate_id: str, proposal_id: str, attempt_id: str, attempt_number: int,
        canonical_inputs: Mapping,
    ) -> None:
        self.store.record_transition(
            attempt_id=attempt_id, candidate_id=candidate_id, proposal_id=proposal_id,
            attempt_number=attempt_number, state="started",
        )
        try:
            # bridge.build is inside the failure switch (Item 9 R1): a
            # field-level bridge failure (unknown/malformed) raises
            # EvaluationFailed(ENTRY_VALIDATION) and is recorded as a
            # StudyBridgeDefect, not an uncaught crash.
>           typed_inputs = self.bridge.build(canonical_inputs)
                           ^^^^^^^^^^^^^^^^^^^^^^^^^^^^^^^^^^^

../teax/packages/teax-simkit/simkit/study/runner.py:99: 
_ _ _ _ _ _ _ _ _ _ _ _ _ _ _ _ _ _ _ _ _ _ _ _ _ _ _ _ _ _ _ _ _ _ _ _ _ _ _ _ 

self = <simkit.study.bridge.CandidateBridge object at 0x7b3a97f483b0>
selected_fields = {'stellarator_09__stellaris__R': 12.7, 'stellarator_09__stellaris__a': 1.3, 'stellarator_09__stellaris__availability_direct': 0.0, 'stellarator_09__stellaris__magnet__R0': 12.7}

    def build(self, selected_fields: Mapping[str, Any]) -> dict[str, BaseModel]:
        # Partition selected fields onto their owning channels; an unknown
        # field fails closed before any model is constructed.
        by_channel: dict[str, dict[str, Any]] = {ch: {} for ch in self._entry_models}
        for name, value in selected_fields.items():
            channel = self._owner.get(name)
            if channel is None:
>               raise EvaluationFailed(
                    EvaluationFailure(
                        phase=EvaluationPhase.ENTRY_VALIDATION,
                        cause=f"Unknown entry field {name!r} (declared by no channel)",
                    )
                )
E               simkit.evaluation.failure.EvaluationFailed: entry_validation: Unknown entry field 'stellarator_09__stellaris__magnet__R0' (declared by no channel)

../teax/packages/teax-simkit/simkit/study/bridge.py:57: EvaluationFailed

During handling of the above exception, another exception occurred:

stock_simkit_path = PosixPath('/home/reid/1cfe/teax/packages/teax-simkit')
monkeypatch = <_pytest.monkeypatch.MonkeyPatch object at 0x7b3a9c19bfb0>
tmp_path = PosixPath('/tmp/pytest-of-reid/pytest-12236/test_nonfinite_declared_value_0')

    def test_nonfinite_declared_value_is_persisted_and_refused_only_at_export(
        stock_simkit_path, monkeypatch, tmp_path
    ):
        """[OWNER 2026-09-05] A nonfinite value is a model result, not a tooling omission:
        the run keeps it and the exporter refuses it."""
        import math
    
        from simkit.evaluation.evaluator import PreparedEvaluator
    
        original = PreparedEvaluator.evaluate
        channel = f"{route.P}pb__p_net"
        calls = []
    
        def evaluate(self, inputs):
            calls.append(inputs)
            evidence = original(self, inputs)
            outputs = dict(evidence.outputs)
            outputs[channel] = float("nan")
            return evidence.model_copy(update={"outputs": outputs})
    
        monkeypatch.setattr(PreparedEvaluator, "evaluate", evaluate)
        required = {"p_net": channel, "lcoe": route.CHANNELS["lcoe"]}
        proposals = [route.proposal_for(**route.BASELINE)]
>       cases, db = route.run_points(
            "nonfinite-result", proposals, tmp_path, required_channels=required
        )

tests/study/test_numeric_evidence.py:243: 
_ _ _ _ _ _ _ _ _ _ _ _ _ _ _ _ _ _ _ _ _ _ _ _ _ _ _ _ _ _ _ _ _ _ _ _ _ _ _ _ 
exploration/stellarator_e2e/studies/study_route.py:233: in run_points
    StudyRunner(store, study, _RequiredOutputsEvaluator(prepared, required_channels)).run()
../teax/packages/teax-simkit/simkit/study/runner.py:65: in run
    self._evaluate_candidate(candidate_id, proposal_id, canonical)
../teax/packages/teax-simkit/simkit/study/runner.py:75: in _evaluate_candidate
    self._run_attempt(
../teax/packages/teax-simkit/simkit/study/runner.py:102: in _run_attempt
    self._commit_execution_failure(
_ _ _ _ _ _ _ _ _ _ _ _ _ _ _ _ _ _ _ _ _ _ _ _ _ _ _ _ _ _ _ _ _ _ _ _ _ _ _ _ 

self = <simkit.study.runner.StudyRunner object at 0x7b3a97f4a930>
failure = EvaluationFailure(phase=<EvaluationPhase.ENTRY_VALIDATION: 'entry_validation'>, cause="Unknown entry field 'stellarator_09__stellaris__magnet__R0' (declared by no channel)", module_or_channel=None, retryable=False, partial_artifacts=())
candidate_id = 'nonfinite-result:c0000', proposal_id = 'nonfinite-result:p0000'
attempt_id = 'nonfinite-result:c0000:a1', attempt_number = 1
canonical_inputs = {'stellarator_09__stellaris__R': 12.7, 'stellarator_09__stellaris__a': 1.3, 'stellarator_09__stellaris__availability_direct': 0.0, 'stellarator_09__stellaris__magnet__R0': 12.7}

    def _commit_execution_failure(
        self, failure: EvaluationFailure, candidate_id: str, proposal_id: str, attempt_id: str,
        attempt_number: int, canonical_inputs: Mapping,
    ) -> None:
        if failure.phase == EvaluationPhase.ENTRY_VALIDATION:
>           raise StudyBridgeDefect(failure)
E           simkit.study.failures.StudyBridgeDefect: bridge produced an invalid entry model: Unknown entry field 'stellarator_09__stellaris__magnet__R0' (declared by no channel)

../teax/packages/teax-simkit/simkit/study/runner.py:116: StudyBridgeDefect
____________________ test_every_constraint_operand_resolves ____________________

real_package_path = PosixPath('/home/reid/1cfe/fusion-tea-codex-test/exploration/stellarator_e2e/pkg/stellarator_tea')
oracle_entry = <module 'oracle_entry' from '/home/reid/1cfe/fusion-tea-codex-test/exploration/stellarator_e2e/studies/oracle_entry.py'>

    def test_every_constraint_operand_resolves(real_package_path, oracle_entry):
        entries = catalog_entries(real_package_path)
        assert len(entries) == 18
        bindings = oracle_entry.operand_bindings()
        channels = oracle_entry.evaluate(BASELINE_POINT)
        inputs = package_inputs(real_package_path)
    
        assert set(bindings) == {entry["constraint_id"] for entry in entries}
>       assert len(inputs) == 247
E       AssertionError: assert 246 == 247
E        +  where 246 = len({'stellarator_09__stellaris__E_fus': 2.817e-12, 'stellarator_09__stellaris__G_stock': 0.0, 'stellarator_09__stellaris__I_total': 0.0, 'stellarator_09__stellaris__R': 12.7, ...})

tests/study/test_operand_bindings.py:100: AssertionError
_________________ test_real_manifest_pin_matches_live_package __________________

real_package_path = PosixPath('/home/reid/1cfe/fusion-tea-codex-test/exploration/stellarator_e2e/pkg/stellarator_tea')
real_manifest_path = PosixPath('/home/reid/1cfe/fusion-tea-codex-test/exploration/stellarator_e2e/studies/manifest.json')

    def test_real_manifest_pin_matches_live_package(real_package_path, real_manifest_path):
        pinned = json.loads(real_manifest_path.read_bytes())["fingerprints"]["indicator_inputs"]
        computed = manifest.indicator_input_fingerprint(real_package_path)
>       assert pinned["digest"] == computed["digest"]
E       AssertionError: assert '0e61f1906113...037d101503204' == '609e6cca0a4f...00a27ccedf06d'
E         
E         - 609e6cca0a4f329e834b52369a425541ca167bfdfe8608879d900a27ccedf06d
E         + 0e61f19061132204911763b142f203d5064e13589b7582c3ef0037d101503204

tests/study/test_output_contract.py:122: AssertionError
_______________ test_byte_determinism_across_working_directories _______________

repo_root = PosixPath('/home/reid/1cfe/fusion-tea-codex-test')
tmp_path = PosixPath('/tmp/pytest-of-reid/pytest-12236/test_byte_determinism_across_w0')

    def test_byte_determinism_across_working_directories(repo_root, tmp_path):
        """Invariant 2 / M4. Item 2 snapshots this document's digest into every record,
        so identical facts must produce identical bytes wherever the agent ran."""
>       a = _report_text(cwd=repo_root)
            ^^^^^^^^^^^^^^^^^^^^^^^^^^^

tests/study/test_output_contract.py:211: 
_ _ _ _ _ _ _ _ _ _ _ _ _ _ _ _ _ _ _ _ _ _ _ _ _ _ _ _ _ _ _ _ _ _ _ _ _ _ _ _ 

cwd = PosixPath('/home/reid/1cfe/fusion-tea-codex-test')

    def _report_text(cwd=None):
        rc, out, err = run_tool_raw(
            REAL_PACKAGE, REAL_MANIFEST, DATA_DIR / "axes.known_answers.json", cwd=cwd
        )
>       assert rc == 0, err
E       AssertionError: indicator-input fingerprint mismatch: manifest pins 0e61f19061132204911763b142f203d5064e13589b7582c3ef0037d101503204 but indicator-input-fingerprint/v1 over the live package is 609e6cca0a4f329e834b52369a425541ca167bfdfe8608879d900a27ccedf06d
E           live per-file digests:
E             contracts/model_contract.json d2ee3c18e6d087149f55699dd7cdce59f074abcbd861b7824b9310e770b07bc2
E             inputs/mfe_account_costs_params.json 5b7f9baef4118fd7f4bf2df2bf6f15153208b84c2ad1507300b5f54fe83740b3
E             inputs/mfe_fuel_cycle_params.json 7c91948cb65554dad5d7dd4b50372116b903727e33bc11652940e11920a53d2b
E             inputs/mfe_magnet_cost_params.json 0009a95e44bd67b7ab7622bb51b9b8bddd01683ebdb969c7402116bc4de34113
E             inputs/mfe_magnet_field_params.json e46eb97bf88cdf3f9ac409bdcc35d87fd99022ab4b23ed78f516fb4172446180
E             inputs/mfe_plant_params.json ff041fec8a149e6c789ca1bd5cf0cc1c6f55c6d96da3f96179f9541131b94814
E             inputs/mfe_plasma_scaling_params.json d6324b43a9b6da6db2a9a26596378190b06b680bac856fdfab6e30d224f77b6d
E             inputs/mfe_plasma_sustainment_params.json d7c0adfe722dde2bdd7b0edb52f0365ab6b1210e2a25cfab36136a055ebeec14
E             inputs/mfe_vacuum_params.json 4d239714198183bb1414461a30ddfc078fb19f057849cfd8049738b945b7f902
E             inputs/stellarator_plant_params.json e5d567f2c6b2f67a7495341998b0ceef86c5e0f382161a20b98cce941718a9b4
E             pipelines/pipeline.yaml 84af29209c51b249b7291c1e01bebe47c7e90d1ebfa442f7073b61724991980f
E           re-pin with --print-fingerprint after reviewing the change
E         
E       assert 1 == 0

tests/study/test_output_contract.py:204: AssertionError
___________ test_two_runs_from_the_same_directory_are_byte_identical ___________

repo_root = PosixPath('/home/reid/1cfe/fusion-tea-codex-test')

    def test_two_runs_from_the_same_directory_are_byte_identical(repo_root):
>       assert _report_text(cwd=repo_root) == _report_text(cwd=repo_root)
               ^^^^^^^^^^^^^^^^^^^^^^^^^^^

tests/study/test_output_contract.py:219: 
_ _ _ _ _ _ _ _ _ _ _ _ _ _ _ _ _ _ _ _ _ _ _ _ _ _ _ _ _ _ _ _ _ _ _ _ _ _ _ _ 

cwd = PosixPath('/home/reid/1cfe/fusion-tea-codex-test')

    def _report_text(cwd=None):
        rc, out, err = run_tool_raw(
            REAL_PACKAGE, REAL_MANIFEST, DATA_DIR / "axes.known_answers.json", cwd=cwd
        )
>       assert rc == 0, err
E       AssertionError: indicator-input fingerprint mismatch: manifest pins 0e61f19061132204911763b142f203d5064e13589b7582c3ef0037d101503204 but indicator-input-fingerprint/v1 over the live package is 609e6cca0a4f329e834b52369a425541ca167bfdfe8608879d900a27ccedf06d
E           live per-file digests:
E             contracts/model_contract.json d2ee3c18e6d087149f55699dd7cdce59f074abcbd861b7824b9310e770b07bc2
E             inputs/mfe_account_costs_params.json 5b7f9baef4118fd7f4bf2df2bf6f15153208b84c2ad1507300b5f54fe83740b3
E             inputs/mfe_fuel_cycle_params.json 7c91948cb65554dad5d7dd4b50372116b903727e33bc11652940e11920a53d2b
E             inputs/mfe_magnet_cost_params.json 0009a95e44bd67b7ab7622bb51b9b8bddd01683ebdb969c7402116bc4de34113
E             inputs/mfe_magnet_field_params.json e46eb97bf88cdf3f9ac409bdcc35d87fd99022ab4b23ed78f516fb4172446180
E             inputs/mfe_plant_params.json ff041fec8a149e6c789ca1bd5cf0cc1c6f55c6d96da3f96179f9541131b94814
E             inputs/mfe_plasma_scaling_params.json d6324b43a9b6da6db2a9a26596378190b06b680bac856fdfab6e30d224f77b6d
E             inputs/mfe_plasma_sustainment_params.json d7c0adfe722dde2bdd7b0edb52f0365ab6b1210e2a25cfab36136a055ebeec14
E             inputs/mfe_vacuum_params.json 4d239714198183bb1414461a30ddfc078fb19f057849cfd8049738b945b7f902
E             inputs/stellarator_plant_params.json e5d567f2c6b2f67a7495341998b0ceef86c5e0f382161a20b98cce941718a9b4
E             pipelines/pipeline.yaml 84af29209c51b249b7291c1e01bebe47c7e90d1ebfa442f7073b61724991980f
E           re-pin with --print-fingerprint after reviewing the change
E         
E       assert 1 == 0

tests/study/test_output_contract.py:204: AssertionError
______________ test_the_real_output_validates_against_its_schema _______________

load_schema = <function load_schema.<locals>._load at 0x7b3a97ff6fc0>

    def test_the_real_output_validates_against_its_schema(load_schema):
>       jsonschema.validate(_report(), load_schema("indicators.v1"))
                            ^^^^^^^^^

tests/study/test_output_contract.py:223: 
_ _ _ _ _ _ _ _ _ _ _ _ _ _ _ _ _ _ _ _ _ _ _ _ _ _ _ _ _ _ _ _ _ _ _ _ _ _ _ _ 
tests/study/test_output_contract.py:197: in _report
    return run_tool(REAL_PACKAGE, REAL_MANIFEST, DATA_DIR / "axes.known_answers.json", cwd=cwd)
           ^^^^^^^^^^^^^^^^^^^^^^^^^^^^^^^^^^^^^^^^^^^^^^^^^^^^^^^^^^^^^^^^^^^^^^^^^^^^^^^^^^^^
_ _ _ _ _ _ _ _ _ _ _ _ _ _ _ _ _ _ _ _ _ _ _ _ _ _ _ _ _ _ _ _ _ _ _ _ _ _ _ _ 

package = PosixPath('/home/reid/1cfe/fusion-tea-codex-test/exploration/stellarator_e2e/pkg/stellarator_tea')
manifest_path = PosixPath('/home/reid/1cfe/fusion-tea-codex-test/exploration/stellarator_e2e/studies/manifest.json')
groups = PosixPath('/home/reid/1cfe/fusion-tea-codex-test/tests/study/data/axes.known_answers.json')

    def run_tool(package, manifest_path, groups, *, group=(), cwd=None):
        """Invoke the CLI and return the parsed report. Raises if the run failed."""
        rc, out, err = run_tool_raw(package, manifest_path, groups, group=group, cwd=cwd)
>       assert rc == 0, f"tool exited {rc}\n{err}"
E       AssertionError: tool exited 1
E         indicator-input fingerprint mismatch: manifest pins 0e61f19061132204911763b142f203d5064e13589b7582c3ef0037d101503204 but indicator-input-fingerprint/v1 over the live package is 609e6cca0a4f329e834b52369a425541ca167bfdfe8608879d900a27ccedf06d
E           live per-file digests:
E             contracts/model_contract.json d2ee3c18e6d087149f55699dd7cdce59f074abcbd861b7824b9310e770b07bc2
E             inputs/mfe_account_costs_params.json 5b7f9baef4118fd7f4bf2df2bf6f15153208b84c2ad1507300b5f54fe83740b3
E             inputs/mfe_fuel_cycle_params.json 7c91948cb65554dad5d7dd4b50372116b903727e33bc11652940e11920a53d2b
E             inputs/mfe_magnet_cost_params.json 0009a95e44bd67b7ab7622bb51b9b8bddd01683ebdb969c7402116bc4de34113
E             inputs/mfe_magnet_field_params.json e46eb97bf88cdf3f9ac409bdcc35d87fd99022ab4b23ed78f516fb4172446180
E             inputs/mfe_plant_params.json ff041fec8a149e6c789ca1bd5cf0cc1c6f55c6d96da3f96179f9541131b94814
E             inputs/mfe_plasma_scaling_params.json d6324b43a9b6da6db2a9a26596378190b06b680bac856fdfab6e30d224f77b6d
E             inputs/mfe_plasma_sustainment_params.json d7c0adfe722dde2bdd7b0edb52f0365ab6b1210e2a25cfab36136a055ebeec14
E             inputs/mfe_vacuum_params.json 4d239714198183bb1414461a30ddfc078fb19f057849cfd8049738b945b7f902
E             inputs/stellarator_plant_params.json e5d567f2c6b2f67a7495341998b0ceef86c5e0f382161a20b98cce941718a9b4
E             pipelines/pipeline.yaml 84af29209c51b249b7291c1e01bebe47c7e90d1ebfa442f7073b61724991980f
E           re-pin with --print-fingerprint after reviewing the change
E         
E       assert 1 == 0

tests/study/conftest.py:121: AssertionError
_______________________ test_not_derivable_is_byte_equal _______________________

load_schema = <function load_schema.<locals>._load at 0x7b3a9c0640e0>

    def test_not_derivable_is_byte_equal(load_schema):
        """Invariant 7 / D5: a group excerpted into a per-axis framing section still
        carries the disclosure."""
>       doc = _report()
              ^^^^^^^^^

tests/study/test_output_contract.py:234: 
_ _ _ _ _ _ _ _ _ _ _ _ _ _ _ _ _ _ _ _ _ _ _ _ _ _ _ _ _ _ _ _ _ _ _ _ _ _ _ _ 
tests/study/test_output_contract.py:197: in _report
    return run_tool(REAL_PACKAGE, REAL_MANIFEST, DATA_DIR / "axes.known_answers.json", cwd=cwd)
           ^^^^^^^^^^^^^^^^^^^^^^^^^^^^^^^^^^^^^^^^^^^^^^^^^^^^^^^^^^^^^^^^^^^^^^^^^^^^^^^^^^^^
_ _ _ _ _ _ _ _ _ _ _ _ _ _ _ _ _ _ _ _ _ _ _ _ _ _ _ _ _ _ _ _ _ _ _ _ _ _ _ _ 

package = PosixPath('/home/reid/1cfe/fusion-tea-codex-test/exploration/stellarator_e2e/pkg/stellarator_tea')
manifest_path = PosixPath('/home/reid/1cfe/fusion-tea-codex-test/exploration/stellarator_e2e/studies/manifest.json')
groups = PosixPath('/home/reid/1cfe/fusion-tea-codex-test/tests/study/data/axes.known_answers.json')

    def run_tool(package, manifest_path, groups, *, group=(), cwd=None):
        """Invoke the CLI and return the parsed report. Raises if the run failed."""
        rc, out, err = run_tool_raw(package, manifest_path, groups, group=group, cwd=cwd)
>       assert rc == 0, f"tool exited {rc}\n{err}"
E       AssertionError: tool exited 1
E         indicator-input fingerprint mismatch: manifest pins 0e61f19061132204911763b142f203d5064e13589b7582c3ef0037d101503204 but indicator-input-fingerprint/v1 over the live package is 609e6cca0a4f329e834b52369a425541ca167bfdfe8608879d900a27ccedf06d
E           live per-file digests:
E             contracts/model_contract.json d2ee3c18e6d087149f55699dd7cdce59f074abcbd861b7824b9310e770b07bc2
E             inputs/mfe_account_costs_params.json 5b7f9baef4118fd7f4bf2df2bf6f15153208b84c2ad1507300b5f54fe83740b3
E             inputs/mfe_fuel_cycle_params.json 7c91948cb65554dad5d7dd4b50372116b903727e33bc11652940e11920a53d2b
E             inputs/mfe_magnet_cost_params.json 0009a95e44bd67b7ab7622bb51b9b8bddd01683ebdb969c7402116bc4de34113
E             inputs/mfe_magnet_field_params.json e46eb97bf88cdf3f9ac409bdcc35d87fd99022ab4b23ed78f516fb4172446180
E             inputs/mfe_plant_params.json ff041fec8a149e6c789ca1bd5cf0cc1c6f55c6d96da3f96179f9541131b94814
E             inputs/mfe_plasma_scaling_params.json d6324b43a9b6da6db2a9a26596378190b06b680bac856fdfab6e30d224f77b6d
E             inputs/mfe_plasma_sustainment_params.json d7c0adfe722dde2bdd7b0edb52f0365ab6b1210e2a25cfab36136a055ebeec14
E             inputs/mfe_vacuum_params.json 4d239714198183bb1414461a30ddfc078fb19f057849cfd8049738b945b7f902
E             inputs/stellarator_plant_params.json e5d567f2c6b2f67a7495341998b0ceef86c5e0f382161a20b98cce941718a9b4
E             pipelines/pipeline.yaml 84af29209c51b249b7291c1e01bebe47c7e90d1ebfa442f7073b61724991980f
E           re-pin with --print-fingerprint after reviewing the change
E         
E       assert 1 == 0

tests/study/conftest.py:121: AssertionError
_________________________ test_constraint_completeness _________________________

real_package_path = PosixPath('/home/reid/1cfe/fusion-tea-codex-test/exploration/stellarator_e2e/pkg/stellarator_tea')

    def test_constraint_completeness(real_package_path):
        """Invariant 5 / S4: both halves. Every catalog constraint appears exactly once
        in bounds and exactly once across reachable + unreachable."""
        contract = json.loads(
            (real_package_path / "contracts" / "model_contract.json").read_text()
        )
        catalog_ids = sorted(
            e["constraint_id"] for e in contract["constraint_catalog"]["concrete_entries"]
        )
>       for group in _report()["groups"]:
                     ^^^^^^^^^

tests/study/test_output_contract.py:250: 
_ _ _ _ _ _ _ _ _ _ _ _ _ _ _ _ _ _ _ _ _ _ _ _ _ _ _ _ _ _ _ _ _ _ _ _ _ _ _ _ 
tests/study/test_output_contract.py:197: in _report
    return run_tool(REAL_PACKAGE, REAL_MANIFEST, DATA_DIR / "axes.known_answers.json", cwd=cwd)
           ^^^^^^^^^^^^^^^^^^^^^^^^^^^^^^^^^^^^^^^^^^^^^^^^^^^^^^^^^^^^^^^^^^^^^^^^^^^^^^^^^^^^
_ _ _ _ _ _ _ _ _ _ _ _ _ _ _ _ _ _ _ _ _ _ _ _ _ _ _ _ _ _ _ _ _ _ _ _ _ _ _ _ 

package = PosixPath('/home/reid/1cfe/fusion-tea-codex-test/exploration/stellarator_e2e/pkg/stellarator_tea')
manifest_path = PosixPath('/home/reid/1cfe/fusion-tea-codex-test/exploration/stellarator_e2e/studies/manifest.json')
groups = PosixPath('/home/reid/1cfe/fusion-tea-codex-test/tests/study/data/axes.known_answers.json')

    def run_tool(package, manifest_path, groups, *, group=(), cwd=None):
        """Invoke the CLI and return the parsed report. Raises if the run failed."""
        rc, out, err = run_tool_raw(package, manifest_path, groups, group=group, cwd=cwd)
>       assert rc == 0, f"tool exited {rc}\n{err}"
E       AssertionError: tool exited 1
E         indicator-input fingerprint mismatch: manifest pins 0e61f19061132204911763b142f203d5064e13589b7582c3ef0037d101503204 but indicator-input-fingerprint/v1 over the live package is 609e6cca0a4f329e834b52369a425541ca167bfdfe8608879d900a27ccedf06d
E           live per-file digests:
E             contracts/model_contract.json d2ee3c18e6d087149f55699dd7cdce59f074abcbd861b7824b9310e770b07bc2
E             inputs/mfe_account_costs_params.json 5b7f9baef4118fd7f4bf2df2bf6f15153208b84c2ad1507300b5f54fe83740b3
E             inputs/mfe_fuel_cycle_params.json 7c91948cb65554dad5d7dd4b50372116b903727e33bc11652940e11920a53d2b
E             inputs/mfe_magnet_cost_params.json 0009a95e44bd67b7ab7622bb51b9b8bddd01683ebdb969c7402116bc4de34113
E             inputs/mfe_magnet_field_params.json e46eb97bf88cdf3f9ac409bdcc35d87fd99022ab4b23ed78f516fb4172446180
E             inputs/mfe_plant_params.json ff041fec8a149e6c789ca1bd5cf0cc1c6f55c6d96da3f96179f9541131b94814
E             inputs/mfe_plasma_scaling_params.json d6324b43a9b6da6db2a9a26596378190b06b680bac856fdfab6e30d224f77b6d
E             inputs/mfe_plasma_sustainment_params.json d7c0adfe722dde2bdd7b0edb52f0365ab6b1210e2a25cfab36136a055ebeec14
E             inputs/mfe_vacuum_params.json 4d239714198183bb1414461a30ddfc078fb19f057849cfd8049738b945b7f902
E             inputs/stellarator_plant_params.json e5d567f2c6b2f67a7495341998b0ceef86c5e0f382161a20b98cce941718a9b4
E             pipelines/pipeline.yaml 84af29209c51b249b7291c1e01bebe47c7e90d1ebfa442f7073b61724991980f
E           re-pin with --print-fingerprint after reviewing the change
E         
E       assert 1 == 0

tests/study/conftest.py:121: AssertionError
________________ test_bounds_is_authoritative_and_axis_varying _________________

    def test_bounds_is_authoritative_and_axis_varying():
        """S2: the two partition lists are bounds filtered on 'any operand reached'."""
>       doc = _report()
              ^^^^^^^^^

tests/study/test_output_contract.py:258: 
_ _ _ _ _ _ _ _ _ _ _ _ _ _ _ _ _ _ _ _ _ _ _ _ _ _ _ _ _ _ _ _ _ _ _ _ _ _ _ _ 
tests/study/test_output_contract.py:197: in _report
    return run_tool(REAL_PACKAGE, REAL_MANIFEST, DATA_DIR / "axes.known_answers.json", cwd=cwd)
           ^^^^^^^^^^^^^^^^^^^^^^^^^^^^^^^^^^^^^^^^^^^^^^^^^^^^^^^^^^^^^^^^^^^^^^^^^^^^^^^^^^^^
_ _ _ _ _ _ _ _ _ _ _ _ _ _ _ _ _ _ _ _ _ _ _ _ _ _ _ _ _ _ _ _ _ _ _ _ _ _ _ _ 

package = PosixPath('/home/reid/1cfe/fusion-tea-codex-test/exploration/stellarator_e2e/pkg/stellarator_tea')
manifest_path = PosixPath('/home/reid/1cfe/fusion-tea-codex-test/exploration/stellarator_e2e/studies/manifest.json')
groups = PosixPath('/home/reid/1cfe/fusion-tea-codex-test/tests/study/data/axes.known_answers.json')

    def run_tool(package, manifest_path, groups, *, group=(), cwd=None):
        """Invoke the CLI and return the parsed report. Raises if the run failed."""
        rc, out, err = run_tool_raw(package, manifest_path, groups, group=group, cwd=cwd)
>       assert rc == 0, f"tool exited {rc}\n{err}"
E       AssertionError: tool exited 1
E         indicator-input fingerprint mismatch: manifest pins 0e61f19061132204911763b142f203d5064e13589b7582c3ef0037d101503204 but indicator-input-fingerprint/v1 over the live package is 609e6cca0a4f329e834b52369a425541ca167bfdfe8608879d900a27ccedf06d
E           live per-file digests:
E             contracts/model_contract.json d2ee3c18e6d087149f55699dd7cdce59f074abcbd861b7824b9310e770b07bc2
E             inputs/mfe_account_costs_params.json 5b7f9baef4118fd7f4bf2df2bf6f15153208b84c2ad1507300b5f54fe83740b3
E             inputs/mfe_fuel_cycle_params.json 7c91948cb65554dad5d7dd4b50372116b903727e33bc11652940e11920a53d2b
E             inputs/mfe_magnet_cost_params.json 0009a95e44bd67b7ab7622bb51b9b8bddd01683ebdb969c7402116bc4de34113
E             inputs/mfe_magnet_field_params.json e46eb97bf88cdf3f9ac409bdcc35d87fd99022ab4b23ed78f516fb4172446180
E             inputs/mfe_plant_params.json ff041fec8a149e6c789ca1bd5cf0cc1c6f55c6d96da3f96179f9541131b94814
E             inputs/mfe_plasma_scaling_params.json d6324b43a9b6da6db2a9a26596378190b06b680bac856fdfab6e30d224f77b6d
E             inputs/mfe_plasma_sustainment_params.json d7c0adfe722dde2bdd7b0edb52f0365ab6b1210e2a25cfab36136a055ebeec14
E             inputs/mfe_vacuum_params.json 4d239714198183bb1414461a30ddfc078fb19f057849cfd8049738b945b7f902
E             inputs/stellarator_plant_params.json e5d567f2c6b2f67a7495341998b0ceef86c5e0f382161a20b98cce941718a9b4
E             pipelines/pipeline.yaml 84af29209c51b249b7291c1e01bebe47c7e90d1ebfa442f7073b61724991980f
E           re-pin with --print-fingerprint after reviewing the change
E         
E       assert 1 == 0

tests/study/conftest.py:121: AssertionError
____________________ test_lists_are_sorted_by_a_stated_key _____________________

    def test_lists_are_sorted_by_a_stated_key():
        """D4: deterministic order, no set-iteration leaking through."""
>       doc = _report()
              ^^^^^^^^^

tests/study/test_output_contract.py:276: 
_ _ _ _ _ _ _ _ _ _ _ _ _ _ _ _ _ _ _ _ _ _ _ _ _ _ _ _ _ _ _ _ _ _ _ _ _ _ _ _ 
tests/study/test_output_contract.py:197: in _report
    return run_tool(REAL_PACKAGE, REAL_MANIFEST, DATA_DIR / "axes.known_answers.json", cwd=cwd)
           ^^^^^^^^^^^^^^^^^^^^^^^^^^^^^^^^^^^^^^^^^^^^^^^^^^^^^^^^^^^^^^^^^^^^^^^^^^^^^^^^^^^^
_ _ _ _ _ _ _ _ _ _ _ _ _ _ _ _ _ _ _ _ _ _ _ _ _ _ _ _ _ _ _ _ _ _ _ _ _ _ _ _ 

package = PosixPath('/home/reid/1cfe/fusion-tea-codex-test/exploration/stellarator_e2e/pkg/stellarator_tea')
manifest_path = PosixPath('/home/reid/1cfe/fusion-tea-codex-test/exploration/stellarator_e2e/studies/manifest.json')
groups = PosixPath('/home/reid/1cfe/fusion-tea-codex-test/tests/study/data/axes.known_answers.json')

    def run_tool(package, manifest_path, groups, *, group=(), cwd=None):
        """Invoke the CLI and return the parsed report. Raises if the run failed."""
        rc, out, err = run_tool_raw(package, manifest_path, groups, group=group, cwd=cwd)
>       assert rc == 0, f"tool exited {rc}\n{err}"
E       AssertionError: tool exited 1
E         indicator-input fingerprint mismatch: manifest pins 0e61f19061132204911763b142f203d5064e13589b7582c3ef0037d101503204 but indicator-input-fingerprint/v1 over the live package is 609e6cca0a4f329e834b52369a425541ca167bfdfe8608879d900a27ccedf06d
E           live per-file digests:
E             contracts/model_contract.json d2ee3c18e6d087149f55699dd7cdce59f074abcbd861b7824b9310e770b07bc2
E             inputs/mfe_account_costs_params.json 5b7f9baef4118fd7f4bf2df2bf6f15153208b84c2ad1507300b5f54fe83740b3
E             inputs/mfe_fuel_cycle_params.json 7c91948cb65554dad5d7dd4b50372116b903727e33bc11652940e11920a53d2b
E             inputs/mfe_magnet_cost_params.json 0009a95e44bd67b7ab7622bb51b9b8bddd01683ebdb969c7402116bc4de34113
E             inputs/mfe_magnet_field_params.json e46eb97bf88cdf3f9ac409bdcc35d87fd99022ab4b23ed78f516fb4172446180
E             inputs/mfe_plant_params.json ff041fec8a149e6c789ca1bd5cf0cc1c6f55c6d96da3f96179f9541131b94814
E             inputs/mfe_plasma_scaling_params.json d6324b43a9b6da6db2a9a26596378190b06b680bac856fdfab6e30d224f77b6d
E             inputs/mfe_plasma_sustainment_params.json d7c0adfe722dde2bdd7b0edb52f0365ab6b1210e2a25cfab36136a055ebeec14
E             inputs/mfe_vacuum_params.json 4d239714198183bb1414461a30ddfc078fb19f057849cfd8049738b945b7f902
E             inputs/stellarator_plant_params.json e5d567f2c6b2f67a7495341998b0ceef86c5e0f382161a20b98cce941718a9b4
E             pipelines/pipeline.yaml 84af29209c51b249b7291c1e01bebe47c7e90d1ebfa442f7073b61724991980f
E           re-pin with --print-fingerprint after reviewing the change
E         
E       assert 1 == 0

tests/study/conftest.py:121: AssertionError
________________ test_the_report_carries_its_tool_source_digest ________________

    def test_the_report_carries_its_tool_source_digest():
        """M5: emitted as {recipe, digest, files}, never a bare hash. The files list
        carries per-file digests so a record's tool revision names what it covered
        (Item 4 coordination, orchestrator 2026-08-20)."""
>       tool = _report()["tool"]
               ^^^^^^^^^

tests/study/test_output_contract.py:296: 
_ _ _ _ _ _ _ _ _ _ _ _ _ _ _ _ _ _ _ _ _ _ _ _ _ _ _ _ _ _ _ _ _ _ _ _ _ _ _ _ 
tests/study/test_output_contract.py:197: in _report
    return run_tool(REAL_PACKAGE, REAL_MANIFEST, DATA_DIR / "axes.known_answers.json", cwd=cwd)
           ^^^^^^^^^^^^^^^^^^^^^^^^^^^^^^^^^^^^^^^^^^^^^^^^^^^^^^^^^^^^^^^^^^^^^^^^^^^^^^^^^^^^
_ _ _ _ _ _ _ _ _ _ _ _ _ _ _ _ _ _ _ _ _ _ _ _ _ _ _ _ _ _ _ _ _ _ _ _ _ _ _ _ 

package = PosixPath('/home/reid/1cfe/fusion-tea-codex-test/exploration/stellarator_e2e/pkg/stellarator_tea')
manifest_path = PosixPath('/home/reid/1cfe/fusion-tea-codex-test/exploration/stellarator_e2e/studies/manifest.json')
groups = PosixPath('/home/reid/1cfe/fusion-tea-codex-test/tests/study/data/axes.known_answers.json')

    def run_tool(package, manifest_path, groups, *, group=(), cwd=None):
        """Invoke the CLI and return the parsed report. Raises if the run failed."""
        rc, out, err = run_tool_raw(package, manifest_path, groups, group=group, cwd=cwd)
>       assert rc == 0, f"tool exited {rc}\n{err}"
E       AssertionError: tool exited 1
E         indicator-input fingerprint mismatch: manifest pins 0e61f19061132204911763b142f203d5064e13589b7582c3ef0037d101503204 but indicator-input-fingerprint/v1 over the live package is 609e6cca0a4f329e834b52369a425541ca167bfdfe8608879d900a27ccedf06d
E           live per-file digests:
E             contracts/model_contract.json d2ee3c18e6d087149f55699dd7cdce59f074abcbd861b7824b9310e770b07bc2
E             inputs/mfe_account_costs_params.json 5b7f9baef4118fd7f4bf2df2bf6f15153208b84c2ad1507300b5f54fe83740b3
E             inputs/mfe_fuel_cycle_params.json 7c91948cb65554dad5d7dd4b50372116b903727e33bc11652940e11920a53d2b
E             inputs/mfe_magnet_cost_params.json 0009a95e44bd67b7ab7622bb51b9b8bddd01683ebdb969c7402116bc4de34113
E             inputs/mfe_magnet_field_params.json e46eb97bf88cdf3f9ac409bdcc35d87fd99022ab4b23ed78f516fb4172446180
E             inputs/mfe_plant_params.json ff041fec8a149e6c789ca1bd5cf0cc1c6f55c6d96da3f96179f9541131b94814
E             inputs/mfe_plasma_scaling_params.json d6324b43a9b6da6db2a9a26596378190b06b680bac856fdfab6e30d224f77b6d
E             inputs/mfe_plasma_sustainment_params.json d7c0adfe722dde2bdd7b0edb52f0365ab6b1210e2a25cfab36136a055ebeec14
E             inputs/mfe_vacuum_params.json 4d239714198183bb1414461a30ddfc078fb19f057849cfd8049738b945b7f902
E             inputs/stellarator_plant_params.json e5d567f2c6b2f67a7495341998b0ceef86c5e0f382161a20b98cce941718a9b4
E             pipelines/pipeline.yaml 84af29209c51b249b7291c1e01bebe47c7e90d1ebfa442f7073b61724991980f
E           re-pin with --print-fingerprint after reviewing the change
E         
E       assert 1 == 0

tests/study/conftest.py:121: AssertionError
____________ test_the_report_carries_the_three_package_fingerprints ____________

real_package_path = PosixPath('/home/reid/1cfe/fusion-tea-codex-test/exploration/stellarator_e2e/pkg/stellarator_tea')

    def test_the_report_carries_the_three_package_fingerprints(real_package_path):
>       package = _report()["package"]
                  ^^^^^^^^^

tests/study/test_output_contract.py:304: 
_ _ _ _ _ _ _ _ _ _ _ _ _ _ _ _ _ _ _ _ _ _ _ _ _ _ _ _ _ _ _ _ _ _ _ _ _ _ _ _ 
tests/study/test_output_contract.py:197: in _report
    return run_tool(REAL_PACKAGE, REAL_MANIFEST, DATA_DIR / "axes.known_answers.json", cwd=cwd)
           ^^^^^^^^^^^^^^^^^^^^^^^^^^^^^^^^^^^^^^^^^^^^^^^^^^^^^^^^^^^^^^^^^^^^^^^^^^^^^^^^^^^^
_ _ _ _ _ _ _ _ _ _ _ _ _ _ _ _ _ _ _ _ _ _ _ _ _ _ _ _ _ _ _ _ _ _ _ _ _ _ _ _ 

package = PosixPath('/home/reid/1cfe/fusion-tea-codex-test/exploration/stellarator_e2e/pkg/stellarator_tea')
manifest_path = PosixPath('/home/reid/1cfe/fusion-tea-codex-test/exploration/stellarator_e2e/studies/manifest.json')
groups = PosixPath('/home/reid/1cfe/fusion-tea-codex-test/tests/study/data/axes.known_answers.json')

    def run_tool(package, manifest_path, groups, *, group=(), cwd=None):
        """Invoke the CLI and return the parsed report. Raises if the run failed."""
        rc, out, err = run_tool_raw(package, manifest_path, groups, group=group, cwd=cwd)
>       assert rc == 0, f"tool exited {rc}\n{err}"
E       AssertionError: tool exited 1
E         indicator-input fingerprint mismatch: manifest pins 0e61f19061132204911763b142f203d5064e13589b7582c3ef0037d101503204 but indicator-input-fingerprint/v1 over the live package is 609e6cca0a4f329e834b52369a425541ca167bfdfe8608879d900a27ccedf06d
E           live per-file digests:
E             contracts/model_contract.json d2ee3c18e6d087149f55699dd7cdce59f074abcbd861b7824b9310e770b07bc2
E             inputs/mfe_account_costs_params.json 5b7f9baef4118fd7f4bf2df2bf6f15153208b84c2ad1507300b5f54fe83740b3
E             inputs/mfe_fuel_cycle_params.json 7c91948cb65554dad5d7dd4b50372116b903727e33bc11652940e11920a53d2b
E             inputs/mfe_magnet_cost_params.json 0009a95e44bd67b7ab7622bb51b9b8bddd01683ebdb969c7402116bc4de34113
E             inputs/mfe_magnet_field_params.json e46eb97bf88cdf3f9ac409bdcc35d87fd99022ab4b23ed78f516fb4172446180
E             inputs/mfe_plant_params.json ff041fec8a149e6c789ca1bd5cf0cc1c6f55c6d96da3f96179f9541131b94814
E             inputs/mfe_plasma_scaling_params.json d6324b43a9b6da6db2a9a26596378190b06b680bac856fdfab6e30d224f77b6d
E             inputs/mfe_plasma_sustainment_params.json d7c0adfe722dde2bdd7b0edb52f0365ab6b1210e2a25cfab36136a055ebeec14
E             inputs/mfe_vacuum_params.json 4d239714198183bb1414461a30ddfc078fb19f057849cfd8049738b945b7f902
E             inputs/stellarator_plant_params.json e5d567f2c6b2f67a7495341998b0ceef86c5e0f382161a20b98cce941718a9b4
E             pipelines/pipeline.yaml 84af29209c51b249b7291c1e01bebe47c7e90d1ebfa442f7073b61724991980f
E           re-pin with --print-fingerprint after reviewing the change
E         
E       assert 1 == 0

tests/study/conftest.py:121: AssertionError
_____________________ test_the_report_carries_no_timestamp _____________________

    def test_the_report_carries_no_timestamp():
        """A generation time would break the digest stability the record depends on;
        the record supplies the time."""
>       text = _report_text()
               ^^^^^^^^^^^^^^

tests/study/test_output_contract.py:319: 
_ _ _ _ _ _ _ _ _ _ _ _ _ _ _ _ _ _ _ _ _ _ _ _ _ _ _ _ _ _ _ _ _ _ _ _ _ _ _ _ 

cwd = None

    def _report_text(cwd=None):
        rc, out, err = run_tool_raw(
            REAL_PACKAGE, REAL_MANIFEST, DATA_DIR / "axes.known_answers.json", cwd=cwd
        )
>       assert rc == 0, err
E       AssertionError: indicator-input fingerprint mismatch: manifest pins 0e61f19061132204911763b142f203d5064e13589b7582c3ef0037d101503204 but indicator-input-fingerprint/v1 over the live package is 609e6cca0a4f329e834b52369a425541ca167bfdfe8608879d900a27ccedf06d
E           live per-file digests:
E             contracts/model_contract.json d2ee3c18e6d087149f55699dd7cdce59f074abcbd861b7824b9310e770b07bc2
E             inputs/mfe_account_costs_params.json 5b7f9baef4118fd7f4bf2df2bf6f15153208b84c2ad1507300b5f54fe83740b3
E             inputs/mfe_fuel_cycle_params.json 7c91948cb65554dad5d7dd4b50372116b903727e33bc11652940e11920a53d2b
E             inputs/mfe_magnet_cost_params.json 0009a95e44bd67b7ab7622bb51b9b8bddd01683ebdb969c7402116bc4de34113
E             inputs/mfe_magnet_field_params.json e46eb97bf88cdf3f9ac409bdcc35d87fd99022ab4b23ed78f516fb4172446180
E             inputs/mfe_plant_params.json ff041fec8a149e6c789ca1bd5cf0cc1c6f55c6d96da3f96179f9541131b94814
E             inputs/mfe_plasma_scaling_params.json d6324b43a9b6da6db2a9a26596378190b06b680bac856fdfab6e30d224f77b6d
E             inputs/mfe_plasma_sustainment_params.json d7c0adfe722dde2bdd7b0edb52f0365ab6b1210e2a25cfab36136a055ebeec14
E             inputs/mfe_vacuum_params.json 4d239714198183bb1414461a30ddfc078fb19f057849cfd8049738b945b7f902
E             inputs/stellarator_plant_params.json e5d567f2c6b2f67a7495341998b0ceef86c5e0f382161a20b98cce941718a9b4
E             pipelines/pipeline.yaml 84af29209c51b249b7291c1e01bebe47c7e90d1ebfa442f7073b61724991980f
E           re-pin with --print-fingerprint after reviewing the change
E         
E       assert 1 == 0

tests/study/test_output_contract.py:204: AssertionError
________________ test_every_declared_key_carries_its_provenance ________________

    def test_every_declared_key_carries_its_provenance():
>       doc = run_tool(REAL_PACKAGE, REAL_MANIFEST, KNOWN_ANSWERS)
              ^^^^^^^^^^^^^^^^^^^^^^^^^^^^^^^^^^^^^^^^^^^^^^^^^^^^

tests/study/test_provenance.py:17: 
_ _ _ _ _ _ _ _ _ _ _ _ _ _ _ _ _ _ _ _ _ _ _ _ _ _ _ _ _ _ _ _ _ _ _ _ _ _ _ _ 

package = PosixPath('/home/reid/1cfe/fusion-tea-codex-test/exploration/stellarator_e2e/pkg/stellarator_tea')
manifest_path = PosixPath('/home/reid/1cfe/fusion-tea-codex-test/exploration/stellarator_e2e/studies/manifest.json')
groups = PosixPath('/home/reid/1cfe/fusion-tea-codex-test/tests/study/data/axes.known_answers.json')

    def run_tool(package, manifest_path, groups, *, group=(), cwd=None):
        """Invoke the CLI and return the parsed report. Raises if the run failed."""
        rc, out, err = run_tool_raw(package, manifest_path, groups, group=group, cwd=cwd)
>       assert rc == 0, f"tool exited {rc}\n{err}"
E       AssertionError: tool exited 1
E         indicator-input fingerprint mismatch: manifest pins 0e61f19061132204911763b142f203d5064e13589b7582c3ef0037d101503204 but indicator-input-fingerprint/v1 over the live package is 609e6cca0a4f329e834b52369a425541ca167bfdfe8608879d900a27ccedf06d
E           live per-file digests:
E             contracts/model_contract.json d2ee3c18e6d087149f55699dd7cdce59f074abcbd861b7824b9310e770b07bc2
E             inputs/mfe_account_costs_params.json 5b7f9baef4118fd7f4bf2df2bf6f15153208b84c2ad1507300b5f54fe83740b3
E             inputs/mfe_fuel_cycle_params.json 7c91948cb65554dad5d7dd4b50372116b903727e33bc11652940e11920a53d2b
E             inputs/mfe_magnet_cost_params.json 0009a95e44bd67b7ab7622bb51b9b8bddd01683ebdb969c7402116bc4de34113
E             inputs/mfe_magnet_field_params.json e46eb97bf88cdf3f9ac409bdcc35d87fd99022ab4b23ed78f516fb4172446180
E             inputs/mfe_plant_params.json ff041fec8a149e6c789ca1bd5cf0cc1c6f55c6d96da3f96179f9541131b94814
E             inputs/mfe_plasma_scaling_params.json d6324b43a9b6da6db2a9a26596378190b06b680bac856fdfab6e30d224f77b6d
E             inputs/mfe_plasma_sustainment_params.json d7c0adfe722dde2bdd7b0edb52f0365ab6b1210e2a25cfab36136a055ebeec14
E             inputs/mfe_vacuum_params.json 4d239714198183bb1414461a30ddfc078fb19f057849cfd8049738b945b7f902
E             inputs/stellarator_plant_params.json e5d567f2c6b2f67a7495341998b0ceef86c5e0f382161a20b98cce941718a9b4
E             pipelines/pipeline.yaml 84af29209c51b249b7291c1e01bebe47c7e90d1ebfa442f7073b61724991980f
E           re-pin with --print-fingerprint after reviewing the change
E         
E       assert 1 == 0

tests/study/conftest.py:121: AssertionError
_______________ test_provenance_round_trips_from_the_declaration _______________

request = <FixtureRequest for <Function test_provenance_round_trips_from_the_declaration>>

    def test_provenance_round_trips_from_the_declaration(request):
        """The record snapshots declared groups with per-key provenance, so the tool must
        not flatten a group to a bare key list."""
        import json
    
        declared = {
            group["axis"]: {key["key"]: key["provenance"] for key in group["keys"]}
            for group in json.loads(KNOWN_ANSWERS.read_text())["groups"]
        }
>       doc = run_tool(REAL_PACKAGE, REAL_MANIFEST, KNOWN_ANSWERS)
              ^^^^^^^^^^^^^^^^^^^^^^^^^^^^^^^^^^^^^^^^^^^^^^^^^^^^

tests/study/test_provenance.py:32: 
_ _ _ _ _ _ _ _ _ _ _ _ _ _ _ _ _ _ _ _ _ _ _ _ _ _ _ _ _ _ _ _ _ _ _ _ _ _ _ _ 

package = PosixPath('/home/reid/1cfe/fusion-tea-codex-test/exploration/stellarator_e2e/pkg/stellarator_tea')
manifest_path = PosixPath('/home/reid/1cfe/fusion-tea-codex-test/exploration/stellarator_e2e/studies/manifest.json')
groups = PosixPath('/home/reid/1cfe/fusion-tea-codex-test/tests/study/data/axes.known_answers.json')

    def run_tool(package, manifest_path, groups, *, group=(), cwd=None):
        """Invoke the CLI and return the parsed report. Raises if the run failed."""
        rc, out, err = run_tool_raw(package, manifest_path, groups, group=group, cwd=cwd)
>       assert rc == 0, f"tool exited {rc}\n{err}"
E       AssertionError: tool exited 1
E         indicator-input fingerprint mismatch: manifest pins 0e61f19061132204911763b142f203d5064e13589b7582c3ef0037d101503204 but indicator-input-fingerprint/v1 over the live package is 609e6cca0a4f329e834b52369a425541ca167bfdfe8608879d900a27ccedf06d
E           live per-file digests:
E             contracts/model_contract.json d2ee3c18e6d087149f55699dd7cdce59f074abcbd861b7824b9310e770b07bc2
E             inputs/mfe_account_costs_params.json 5b7f9baef4118fd7f4bf2df2bf6f15153208b84c2ad1507300b5f54fe83740b3
E             inputs/mfe_fuel_cycle_params.json 7c91948cb65554dad5d7dd4b50372116b903727e33bc11652940e11920a53d2b
E             inputs/mfe_magnet_cost_params.json 0009a95e44bd67b7ab7622bb51b9b8bddd01683ebdb969c7402116bc4de34113
E             inputs/mfe_magnet_field_params.json e46eb97bf88cdf3f9ac409bdcc35d87fd99022ab4b23ed78f516fb4172446180
E             inputs/mfe_plant_params.json ff041fec8a149e6c789ca1bd5cf0cc1c6f55c6d96da3f96179f9541131b94814
E             inputs/mfe_plasma_scaling_params.json d6324b43a9b6da6db2a9a26596378190b06b680bac856fdfab6e30d224f77b6d
E             inputs/mfe_plasma_sustainment_params.json d7c0adfe722dde2bdd7b0edb52f0365ab6b1210e2a25cfab36136a055ebeec14
E             inputs/mfe_vacuum_params.json 4d239714198183bb1414461a30ddfc078fb19f057849cfd8049738b945b7f902
E             inputs/stellarator_plant_params.json e5d567f2c6b2f67a7495341998b0ceef86c5e0f382161a20b98cce941718a9b4
E             pipelines/pipeline.yaml 84af29209c51b249b7291c1e01bebe47c7e90d1ebfa442f7073b61724991980f
E           re-pin with --print-fingerprint after reviewing the change
E         
E       assert 1 == 0

tests/study/conftest.py:121: AssertionError
______________ test_the_tie_key_is_marked_and_the_others_are_not _______________

    def test_the_tie_key_is_marked_and_the_others_are_not():
>       doc = run_tool(REAL_PACKAGE, REAL_MANIFEST, KNOWN_ANSWERS)
              ^^^^^^^^^^^^^^^^^^^^^^^^^^^^^^^^^^^^^^^^^^^^^^^^^^^^

tests/study/test_provenance.py:39: 
_ _ _ _ _ _ _ _ _ _ _ _ _ _ _ _ _ _ _ _ _ _ _ _ _ _ _ _ _ _ _ _ _ _ _ _ _ _ _ _ 

package = PosixPath('/home/reid/1cfe/fusion-tea-codex-test/exploration/stellarator_e2e/pkg/stellarator_tea')
manifest_path = PosixPath('/home/reid/1cfe/fusion-tea-codex-test/exploration/stellarator_e2e/studies/manifest.json')
groups = PosixPath('/home/reid/1cfe/fusion-tea-codex-test/tests/study/data/axes.known_answers.json')

    def run_tool(package, manifest_path, groups, *, group=(), cwd=None):
        """Invoke the CLI and return the parsed report. Raises if the run failed."""
        rc, out, err = run_tool_raw(package, manifest_path, groups, group=group, cwd=cwd)
>       assert rc == 0, f"tool exited {rc}\n{err}"
E       AssertionError: tool exited 1
E         indicator-input fingerprint mismatch: manifest pins 0e61f19061132204911763b142f203d5064e13589b7582c3ef0037d101503204 but indicator-input-fingerprint/v1 over the live package is 609e6cca0a4f329e834b52369a425541ca167bfdfe8608879d900a27ccedf06d
E           live per-file digests:
E             contracts/model_contract.json d2ee3c18e6d087149f55699dd7cdce59f074abcbd861b7824b9310e770b07bc2
E             inputs/mfe_account_costs_params.json 5b7f9baef4118fd7f4bf2df2bf6f15153208b84c2ad1507300b5f54fe83740b3
E             inputs/mfe_fuel_cycle_params.json 7c91948cb65554dad5d7dd4b50372116b903727e33bc11652940e11920a53d2b
E             inputs/mfe_magnet_cost_params.json 0009a95e44bd67b7ab7622bb51b9b8bddd01683ebdb969c7402116bc4de34113
E             inputs/mfe_magnet_field_params.json e46eb97bf88cdf3f9ac409bdcc35d87fd99022ab4b23ed78f516fb4172446180
E             inputs/mfe_plant_params.json ff041fec8a149e6c789ca1bd5cf0cc1c6f55c6d96da3f96179f9541131b94814
E             inputs/mfe_plasma_scaling_params.json d6324b43a9b6da6db2a9a26596378190b06b680bac856fdfab6e30d224f77b6d
E             inputs/mfe_plasma_sustainment_params.json d7c0adfe722dde2bdd7b0edb52f0365ab6b1210e2a25cfab36136a055ebeec14
E             inputs/mfe_vacuum_params.json 4d239714198183bb1414461a30ddfc078fb19f057849cfd8049738b945b7f902
E             inputs/stellarator_plant_params.json e5d567f2c6b2f67a7495341998b0ceef86c5e0f382161a20b98cce941718a9b4
E             pipelines/pipeline.yaml 84af29209c51b249b7291c1e01bebe47c7e90d1ebfa442f7073b61724991980f
E           re-pin with --print-fingerprint after reviewing the change
E         
E       assert 1 == 0

tests/study/conftest.py:121: AssertionError
______________ test_a_tie_key_traces_identically_to_a_fan_out_key ______________

package_copy = <function package_copy.<locals>._copy at 0x7b3a9c25e200>

    def test_a_tie_key_traces_identically_to_a_fan_out_key(package_copy):
        """Flip the tie key's provenance to fan_out: only the provenance field moves."""
        copy = package_copy(REAL_PACKAGE, REAL_MANIFEST, KNOWN_ANSWERS)
        copy.edit_axes(
            lambda data: [
                key.update(provenance="fan_out")
                for group in data["groups"]
                if group["axis"] == "R+tie"
                for key in group["keys"]
            ]
        )
        rc, out, err = copy.run()
>       assert rc == 0, err
E       AssertionError: axis 'R+tie': declared key 'stellarator_09__stellaris__magnet__R0' is absent from the package inputs
E         
E       assert 1 == 0

tests/study/test_provenance.py:57: AssertionError
_________________ test_entry_type_is_reported_per_declared_key _________________

    def test_entry_type_is_reported_per_declared_key():
>       doc = run_tool(REAL_PACKAGE, REAL_MANIFEST, KNOWN_ANSWERS)
              ^^^^^^^^^^^^^^^^^^^^^^^^^^^^^^^^^^^^^^^^^^^^^^^^^^^^

tests/study/test_provenance.py:71: 
_ _ _ _ _ _ _ _ _ _ _ _ _ _ _ _ _ _ _ _ _ _ _ _ _ _ _ _ _ _ _ _ _ _ _ _ _ _ _ _ 

package = PosixPath('/home/reid/1cfe/fusion-tea-codex-test/exploration/stellarator_e2e/pkg/stellarator_tea')
manifest_path = PosixPath('/home/reid/1cfe/fusion-tea-codex-test/exploration/stellarator_e2e/studies/manifest.json')
groups = PosixPath('/home/reid/1cfe/fusion-tea-codex-test/tests/study/data/axes.known_answers.json')

    def run_tool(package, manifest_path, groups, *, group=(), cwd=None):
        """Invoke the CLI and return the parsed report. Raises if the run failed."""
        rc, out, err = run_tool_raw(package, manifest_path, groups, group=group, cwd=cwd)
>       assert rc == 0, f"tool exited {rc}\n{err}"
E       AssertionError: tool exited 1
E         indicator-input fingerprint mismatch: manifest pins 0e61f19061132204911763b142f203d5064e13589b7582c3ef0037d101503204 but indicator-input-fingerprint/v1 over the live package is 609e6cca0a4f329e834b52369a425541ca167bfdfe8608879d900a27ccedf06d
E           live per-file digests:
E             contracts/model_contract.json d2ee3c18e6d087149f55699dd7cdce59f074abcbd861b7824b9310e770b07bc2
E             inputs/mfe_account_costs_params.json 5b7f9baef4118fd7f4bf2df2bf6f15153208b84c2ad1507300b5f54fe83740b3
E             inputs/mfe_fuel_cycle_params.json 7c91948cb65554dad5d7dd4b50372116b903727e33bc11652940e11920a53d2b
E             inputs/mfe_magnet_cost_params.json 0009a95e44bd67b7ab7622bb51b9b8bddd01683ebdb969c7402116bc4de34113
E             inputs/mfe_magnet_field_params.json e46eb97bf88cdf3f9ac409bdcc35d87fd99022ab4b23ed78f516fb4172446180
E             inputs/mfe_plant_params.json ff041fec8a149e6c789ca1bd5cf0cc1c6f55c6d96da3f96179f9541131b94814
E             inputs/mfe_plasma_scaling_params.json d6324b43a9b6da6db2a9a26596378190b06b680bac856fdfab6e30d224f77b6d
E             inputs/mfe_plasma_sustainment_params.json d7c0adfe722dde2bdd7b0edb52f0365ab6b1210e2a25cfab36136a055ebeec14
E             inputs/mfe_vacuum_params.json 4d239714198183bb1414461a30ddfc078fb19f057849cfd8049738b945b7f902
E             inputs/stellarator_plant_params.json e5d567f2c6b2f67a7495341998b0ceef86c5e0f382161a20b98cce941718a9b4
E             pipelines/pipeline.yaml 84af29209c51b249b7291c1e01bebe47c7e90d1ebfa442f7073b61724991980f
E           re-pin with --print-fingerprint after reviewing the change
E         
E       assert 1 == 0

tests/study/conftest.py:121: AssertionError
______________ test_a_renamed_inputs_file_is_followed_not_guessed ______________

real_copy = PackageCopy(path=PosixPath('/tmp/pytest-of-reid/pytest-12236/test_a_renamed_inputs_file_is_0/copy0/pkg'), manifest=Pos...y0/manifest.json'), axes=PosixPath('/tmp/pytest-of-reid/pytest-12236/test_a_renamed_inputs_file_is_0/copy0/axes.json'))
tmp_path = PosixPath('/tmp/pytest-of-reid/pytest-12236/test_a_renamed_inputs_file_is_0')

    def test_a_renamed_inputs_file_is_followed_not_guessed(real_copy, tmp_path):
        """The reader resolves the EntryPoint's declared path rather than reconstructing
        inputs/<group>.json, so a rename is followed — and then caught by the pin."""
        (real_copy.path / "inputs" / "renamed.json").write_text(
            (real_copy.path / "inputs" / "stellarator_plant_params.json").read_text()
        )
        (real_copy.path / "inputs" / "stellarator_plant_params.json").unlink()
        real_copy.edit(PIPELINE, ENTRY_REF, _entry_ref("../inputs/renamed.json"))
        rc, out, err = real_copy.run(out=tmp_path / "y.json")
>       assert rc == 0, err
E       AssertionError: axis 'R+tie': declared key 'stellarator_09__stellaris__magnet__R0' is absent from the package inputs
E         
E       assert 1 == 0

tests/study/test_read_set_coverage.py:94: AssertionError
_ test_local_export_refuses_incomplete_results_before_publishing[20260830-stress-fence-first-case-absent] _

local_study = <module '20260830-stress-fence' from '/home/reid/1cfe/fusion-tea-codex-test/exploration/stellarator_e2e/studies/20260830-stress-fence/study.py'>
bad_value = 'absent', bad_index = 0
tmp_path = PosixPath('/tmp/pytest-of-reid/pytest-12236/test_local_export_refuses_inco30')

    @pytest.mark.parametrize(
        "bad_value", ["absent", None, float("nan"), float("inf"), -float("inf")],
        ids=["absent", "null", "nan", "positive-inf", "negative-inf"],
    )
    @pytest.mark.parametrize("bad_index", [0, 1], ids=["first-case", "later-case"])
    def test_local_export_refuses_incomplete_results_before_publishing(
        local_study, bad_value, bad_index, tmp_path
    ):
        cases = [_local_case(local_study), _local_case(local_study)]
        channel = next(reversed(local_study.CHANNELS.values()))
        if bad_value == "absent":
            del cases[bad_index].outputs[channel]
        else:
            cases[bad_index].outputs[channel] = bad_value
        output = tmp_path / "points.csv"
        previous = b"previous evidence\n"
        output.write_bytes(previous)
    
>       with pytest.raises(local_study.route.RouteError, match=channel):
E       Failed: DID NOT RAISE <class 'study_route.RouteError'>

tests/study/test_study_publication_fail_closed.py:146: Failed
_ test_local_export_refuses_incomplete_results_before_publishing[20260830-stress-fence-first-case-null] _

local_study = <module '20260830-stress-fence' from '/home/reid/1cfe/fusion-tea-codex-test/exploration/stellarator_e2e/studies/20260830-stress-fence/study.py'>
bad_value = None, bad_index = 0
tmp_path = PosixPath('/tmp/pytest-of-reid/pytest-12236/test_local_export_refuses_inco31')

    @pytest.mark.parametrize(
        "bad_value", ["absent", None, float("nan"), float("inf"), -float("inf")],
        ids=["absent", "null", "nan", "positive-inf", "negative-inf"],
    )
    @pytest.mark.parametrize("bad_index", [0, 1], ids=["first-case", "later-case"])
    def test_local_export_refuses_incomplete_results_before_publishing(
        local_study, bad_value, bad_index, tmp_path
    ):
        cases = [_local_case(local_study), _local_case(local_study)]
        channel = next(reversed(local_study.CHANNELS.values()))
        if bad_value == "absent":
            del cases[bad_index].outputs[channel]
        else:
            cases[bad_index].outputs[channel] = bad_value
        output = tmp_path / "points.csv"
        previous = b"previous evidence\n"
        output.write_bytes(previous)
    
>       with pytest.raises(local_study.route.RouteError, match=channel):
E       Failed: DID NOT RAISE <class 'study_route.RouteError'>

tests/study/test_study_publication_fail_closed.py:146: Failed
_ test_local_export_refuses_incomplete_results_before_publishing[20260830-stress-fence-first-case-nan] _

local_study = <module '20260830-stress-fence' from '/home/reid/1cfe/fusion-tea-codex-test/exploration/stellarator_e2e/studies/20260830-stress-fence/study.py'>
bad_value = nan, bad_index = 0
tmp_path = PosixPath('/tmp/pytest-of-reid/pytest-12236/test_local_export_refuses_inco32')

    @pytest.mark.parametrize(
        "bad_value", ["absent", None, float("nan"), float("inf"), -float("inf")],
        ids=["absent", "null", "nan", "positive-inf", "negative-inf"],
    )
    @pytest.mark.parametrize("bad_index", [0, 1], ids=["first-case", "later-case"])
    def test_local_export_refuses_incomplete_results_before_publishing(
        local_study, bad_value, bad_index, tmp_path
    ):
        cases = [_local_case(local_study), _local_case(local_study)]
        channel = next(reversed(local_study.CHANNELS.values()))
        if bad_value == "absent":
            del cases[bad_index].outputs[channel]
        else:
            cases[bad_index].outputs[channel] = bad_value
        output = tmp_path / "points.csv"
        previous = b"previous evidence\n"
        output.write_bytes(previous)
    
>       with pytest.raises(local_study.route.RouteError, match=channel):
E       Failed: DID NOT RAISE <class 'study_route.RouteError'>

tests/study/test_study_publication_fail_closed.py:146: Failed
_ test_local_export_refuses_incomplete_results_before_publishing[20260830-stress-fence-first-case-positive-inf] _

local_study = <module '20260830-stress-fence' from '/home/reid/1cfe/fusion-tea-codex-test/exploration/stellarator_e2e/studies/20260830-stress-fence/study.py'>
bad_value = inf, bad_index = 0
tmp_path = PosixPath('/tmp/pytest-of-reid/pytest-12236/test_local_export_refuses_inco33')

    @pytest.mark.parametrize(
        "bad_value", ["absent", None, float("nan"), float("inf"), -float("inf")],
        ids=["absent", "null", "nan", "positive-inf", "negative-inf"],
    )
    @pytest.mark.parametrize("bad_index", [0, 1], ids=["first-case", "later-case"])
    def test_local_export_refuses_incomplete_results_before_publishing(
        local_study, bad_value, bad_index, tmp_path
    ):
        cases = [_local_case(local_study), _local_case(local_study)]
        channel = next(reversed(local_study.CHANNELS.values()))
        if bad_value == "absent":
            del cases[bad_index].outputs[channel]
        else:
            cases[bad_index].outputs[channel] = bad_value
        output = tmp_path / "points.csv"
        previous = b"previous evidence\n"
        output.write_bytes(previous)
    
>       with pytest.raises(local_study.route.RouteError, match=channel):
E       Failed: DID NOT RAISE <class 'study_route.RouteError'>

tests/study/test_study_publication_fail_closed.py:146: Failed
_ test_local_export_refuses_incomplete_results_before_publishing[20260830-stress-fence-first-case-negative-inf] _

local_study = <module '20260830-stress-fence' from '/home/reid/1cfe/fusion-tea-codex-test/exploration/stellarator_e2e/studies/20260830-stress-fence/study.py'>
bad_value = -inf, bad_index = 0
tmp_path = PosixPath('/tmp/pytest-of-reid/pytest-12236/test_local_export_refuses_inco34')

    @pytest.mark.parametrize(
        "bad_value", ["absent", None, float("nan"), float("inf"), -float("inf")],
        ids=["absent", "null", "nan", "positive-inf", "negative-inf"],
    )
    @pytest.mark.parametrize("bad_index", [0, 1], ids=["first-case", "later-case"])
    def test_local_export_refuses_incomplete_results_before_publishing(
        local_study, bad_value, bad_index, tmp_path
    ):
        cases = [_local_case(local_study), _local_case(local_study)]
        channel = next(reversed(local_study.CHANNELS.values()))
        if bad_value == "absent":
            del cases[bad_index].outputs[channel]
        else:
            cases[bad_index].outputs[channel] = bad_value
        output = tmp_path / "points.csv"
        previous = b"previous evidence\n"
        output.write_bytes(previous)
    
>       with pytest.raises(local_study.route.RouteError, match=channel):
E       Failed: DID NOT RAISE <class 'study_route.RouteError'>

tests/study/test_study_publication_fail_closed.py:146: Failed
_ test_local_export_refuses_incomplete_results_before_publishing[20260830-stress-fence-later-case-absent] _

local_study = <module '20260830-stress-fence' from '/home/reid/1cfe/fusion-tea-codex-test/exploration/stellarator_e2e/studies/20260830-stress-fence/study.py'>
bad_value = 'absent', bad_index = 1
tmp_path = PosixPath('/tmp/pytest-of-reid/pytest-12236/test_local_export_refuses_inco35')

    @pytest.mark.parametrize(
        "bad_value", ["absent", None, float("nan"), float("inf"), -float("inf")],
        ids=["absent", "null", "nan", "positive-inf", "negative-inf"],
    )
    @pytest.mark.parametrize("bad_index", [0, 1], ids=["first-case", "later-case"])
    def test_local_export_refuses_incomplete_results_before_publishing(
        local_study, bad_value, bad_index, tmp_path
    ):
        cases = [_local_case(local_study), _local_case(local_study)]
        channel = next(reversed(local_study.CHANNELS.values()))
        if bad_value == "absent":
            del cases[bad_index].outputs[channel]
        else:
            cases[bad_index].outputs[channel] = bad_value
        output = tmp_path / "points.csv"
        previous = b"previous evidence\n"
        output.write_bytes(previous)
    
>       with pytest.raises(local_study.route.RouteError, match=channel):
E       Failed: DID NOT RAISE <class 'study_route.RouteError'>

tests/study/test_study_publication_fail_closed.py:146: Failed
_ test_local_export_refuses_incomplete_results_before_publishing[20260830-stress-fence-later-case-null] _

local_study = <module '20260830-stress-fence' from '/home/reid/1cfe/fusion-tea-codex-test/exploration/stellarator_e2e/studies/20260830-stress-fence/study.py'>
bad_value = None, bad_index = 1
tmp_path = PosixPath('/tmp/pytest-of-reid/pytest-12236/test_local_export_refuses_inco36')

    @pytest.mark.parametrize(
        "bad_value", ["absent", None, float("nan"), float("inf"), -float("inf")],
        ids=["absent", "null", "nan", "positive-inf", "negative-inf"],
    )
    @pytest.mark.parametrize("bad_index", [0, 1], ids=["first-case", "later-case"])
    def test_local_export_refuses_incomplete_results_before_publishing(
        local_study, bad_value, bad_index, tmp_path
    ):
        cases = [_local_case(local_study), _local_case(local_study)]
        channel = next(reversed(local_study.CHANNELS.values()))
        if bad_value == "absent":
            del cases[bad_index].outputs[channel]
        else:
            cases[bad_index].outputs[channel] = bad_value
        output = tmp_path / "points.csv"
        previous = b"previous evidence\n"
        output.write_bytes(previous)
    
>       with pytest.raises(local_study.route.RouteError, match=channel):
E       Failed: DID NOT RAISE <class 'study_route.RouteError'>

tests/study/test_study_publication_fail_closed.py:146: Failed
_ test_local_export_refuses_incomplete_results_before_publishing[20260830-stress-fence-later-case-nan] _

local_study = <module '20260830-stress-fence' from '/home/reid/1cfe/fusion-tea-codex-test/exploration/stellarator_e2e/studies/20260830-stress-fence/study.py'>
bad_value = nan, bad_index = 1
tmp_path = PosixPath('/tmp/pytest-of-reid/pytest-12236/test_local_export_refuses_inco37')

    @pytest.mark.parametrize(
        "bad_value", ["absent", None, float("nan"), float("inf"), -float("inf")],
        ids=["absent", "null", "nan", "positive-inf", "negative-inf"],
    )
    @pytest.mark.parametrize("bad_index", [0, 1], ids=["first-case", "later-case"])
    def test_local_export_refuses_incomplete_results_before_publishing(
        local_study, bad_value, bad_index, tmp_path
    ):
        cases = [_local_case(local_study), _local_case(local_study)]
        channel = next(reversed(local_study.CHANNELS.values()))
        if bad_value == "absent":
            del cases[bad_index].outputs[channel]
        else:
            cases[bad_index].outputs[channel] = bad_value
        output = tmp_path / "points.csv"
        previous = b"previous evidence\n"
        output.write_bytes(previous)
    
>       with pytest.raises(local_study.route.RouteError, match=channel):
E       Failed: DID NOT RAISE <class 'study_route.RouteError'>

tests/study/test_study_publication_fail_closed.py:146: Failed
_ test_local_export_refuses_incomplete_results_before_publishing[20260830-stress-fence-later-case-positive-inf] _

local_study = <module '20260830-stress-fence' from '/home/reid/1cfe/fusion-tea-codex-test/exploration/stellarator_e2e/studies/20260830-stress-fence/study.py'>
bad_value = inf, bad_index = 1
tmp_path = PosixPath('/tmp/pytest-of-reid/pytest-12236/test_local_export_refuses_inco38')

    @pytest.mark.parametrize(
        "bad_value", ["absent", None, float("nan"), float("inf"), -float("inf")],
        ids=["absent", "null", "nan", "positive-inf", "negative-inf"],
    )
    @pytest.mark.parametrize("bad_index", [0, 1], ids=["first-case", "later-case"])
    def test_local_export_refuses_incomplete_results_before_publishing(
        local_study, bad_value, bad_index, tmp_path
    ):
        cases = [_local_case(local_study), _local_case(local_study)]
        channel = next(reversed(local_study.CHANNELS.values()))
        if bad_value == "absent":
            del cases[bad_index].outputs[channel]
        else:
            cases[bad_index].outputs[channel] = bad_value
        output = tmp_path / "points.csv"
        previous = b"previous evidence\n"
        output.write_bytes(previous)
    
>       with pytest.raises(local_study.route.RouteError, match=channel):
E       Failed: DID NOT RAISE <class 'study_route.RouteError'>

tests/study/test_study_publication_fail_closed.py:146: Failed
_ test_local_export_refuses_incomplete_results_before_publishing[20260830-stress-fence-later-case-negative-inf] _

local_study = <module '20260830-stress-fence' from '/home/reid/1cfe/fusion-tea-codex-test/exploration/stellarator_e2e/studies/20260830-stress-fence/study.py'>
bad_value = -inf, bad_index = 1
tmp_path = PosixPath('/tmp/pytest-of-reid/pytest-12236/test_local_export_refuses_inco39')

    @pytest.mark.parametrize(
        "bad_value", ["absent", None, float("nan"), float("inf"), -float("inf")],
        ids=["absent", "null", "nan", "positive-inf", "negative-inf"],
    )
    @pytest.mark.parametrize("bad_index", [0, 1], ids=["first-case", "later-case"])
    def test_local_export_refuses_incomplete_results_before_publishing(
        local_study, bad_value, bad_index, tmp_path
    ):
        cases = [_local_case(local_study), _local_case(local_study)]
        channel = next(reversed(local_study.CHANNELS.values()))
        if bad_value == "absent":
            del cases[bad_index].outputs[channel]
        else:
            cases[bad_index].outputs[channel] = bad_value
        output = tmp_path / "points.csv"
        previous = b"previous evidence\n"
        output.write_bytes(previous)
    
>       with pytest.raises(local_study.route.RouteError, match=channel):
E       Failed: DID NOT RAISE <class 'study_route.RouteError'>

tests/study/test_study_publication_fail_closed.py:146: Failed
_ test_local_export_refuses_incomplete_results_before_publishing[20260901-sustainment-fence-first-case-absent] _

local_study = <module '20260901-sustainment-fence' from '/home/reid/1cfe/fusion-tea-codex-test/exploration/stellarator_e2e/studies/20260901-sustainment-fence/study.py'>
bad_value = 'absent', bad_index = 0
tmp_path = PosixPath('/tmp/pytest-of-reid/pytest-12236/test_local_export_refuses_inco40')

    @pytest.mark.parametrize(
        "bad_value", ["absent", None, float("nan"), float("inf"), -float("inf")],
        ids=["absent", "null", "nan", "positive-inf", "negative-inf"],
    )
    @pytest.mark.parametrize("bad_index", [0, 1], ids=["first-case", "later-case"])
    def test_local_export_refuses_incomplete_results_before_publishing(
        local_study, bad_value, bad_index, tmp_path
    ):
        cases = [_local_case(local_study), _local_case(local_study)]
        channel = next(reversed(local_study.CHANNELS.values()))
        if bad_value == "absent":
            del cases[bad_index].outputs[channel]
        else:
            cases[bad_index].outputs[channel] = bad_value
        output = tmp_path / "points.csv"
        previous = b"previous evidence\n"
        output.write_bytes(previous)
    
>       with pytest.raises(local_study.route.RouteError, match=channel):
E       Failed: DID NOT RAISE <class 'study_route.RouteError'>

tests/study/test_study_publication_fail_closed.py:146: Failed
_ test_local_export_refuses_incomplete_results_before_publishing[20260901-sustainment-fence-first-case-null] _

local_study = <module '20260901-sustainment-fence' from '/home/reid/1cfe/fusion-tea-codex-test/exploration/stellarator_e2e/studies/20260901-sustainment-fence/study.py'>
bad_value = None, bad_index = 0
tmp_path = PosixPath('/tmp/pytest-of-reid/pytest-12236/test_local_export_refuses_inco41')

    @pytest.mark.parametrize(
        "bad_value", ["absent", None, float("nan"), float("inf"), -float("inf")],
        ids=["absent", "null", "nan", "positive-inf", "negative-inf"],
    )
    @pytest.mark.parametrize("bad_index", [0, 1], ids=["first-case", "later-case"])
    def test_local_export_refuses_incomplete_results_before_publishing(
        local_study, bad_value, bad_index, tmp_path
    ):
        cases = [_local_case(local_study), _local_case(local_study)]
        channel = next(reversed(local_study.CHANNELS.values()))
        if bad_value == "absent":
            del cases[bad_index].outputs[channel]
        else:
            cases[bad_index].outputs[channel] = bad_value
        output = tmp_path / "points.csv"
        previous = b"previous evidence\n"
        output.write_bytes(previous)
    
>       with pytest.raises(local_study.route.RouteError, match=channel):
E       Failed: DID NOT RAISE <class 'study_route.RouteError'>

tests/study/test_study_publication_fail_closed.py:146: Failed
_ test_local_export_refuses_incomplete_results_before_publishing[20260901-sustainment-fence-first-case-nan] _

local_study = <module '20260901-sustainment-fence' from '/home/reid/1cfe/fusion-tea-codex-test/exploration/stellarator_e2e/studies/20260901-sustainment-fence/study.py'>
bad_value = nan, bad_index = 0
tmp_path = PosixPath('/tmp/pytest-of-reid/pytest-12236/test_local_export_refuses_inco42')

    @pytest.mark.parametrize(
        "bad_value", ["absent", None, float("nan"), float("inf"), -float("inf")],
        ids=["absent", "null", "nan", "positive-inf", "negative-inf"],
    )
    @pytest.mark.parametrize("bad_index", [0, 1], ids=["first-case", "later-case"])
    def test_local_export_refuses_incomplete_results_before_publishing(
        local_study, bad_value, bad_index, tmp_path
    ):
        cases = [_local_case(local_study), _local_case(local_study)]
        channel = next(reversed(local_study.CHANNELS.values()))
        if bad_value == "absent":
            del cases[bad_index].outputs[channel]
        else:
            cases[bad_index].outputs[channel] = bad_value
        output = tmp_path / "points.csv"
        previous = b"previous evidence\n"
        output.write_bytes(previous)
    
>       with pytest.raises(local_study.route.RouteError, match=channel):
E       Failed: DID NOT RAISE <class 'study_route.RouteError'>

tests/study/test_study_publication_fail_closed.py:146: Failed
_ test_local_export_refuses_incomplete_results_before_publishing[20260901-sustainment-fence-first-case-positive-inf] _

local_study = <module '20260901-sustainment-fence' from '/home/reid/1cfe/fusion-tea-codex-test/exploration/stellarator_e2e/studies/20260901-sustainment-fence/study.py'>
bad_value = inf, bad_index = 0
tmp_path = PosixPath('/tmp/pytest-of-reid/pytest-12236/test_local_export_refuses_inco43')

    @pytest.mark.parametrize(
        "bad_value", ["absent", None, float("nan"), float("inf"), -float("inf")],
        ids=["absent", "null", "nan", "positive-inf", "negative-inf"],
    )
    @pytest.mark.parametrize("bad_index", [0, 1], ids=["first-case", "later-case"])
    def test_local_export_refuses_incomplete_results_before_publishing(
        local_study, bad_value, bad_index, tmp_path
    ):
        cases = [_local_case(local_study), _local_case(local_study)]
        channel = next(reversed(local_study.CHANNELS.values()))
        if bad_value == "absent":
            del cases[bad_index].outputs[channel]
        else:
            cases[bad_index].outputs[channel] = bad_value
        output = tmp_path / "points.csv"
        previous = b"previous evidence\n"
        output.write_bytes(previous)
    
>       with pytest.raises(local_study.route.RouteError, match=channel):
E       Failed: DID NOT RAISE <class 'study_route.RouteError'>

tests/study/test_study_publication_fail_closed.py:146: Failed
_ test_local_export_refuses_incomplete_results_before_publishing[20260901-sustainment-fence-first-case-negative-inf] _

local_study = <module '20260901-sustainment-fence' from '/home/reid/1cfe/fusion-tea-codex-test/exploration/stellarator_e2e/studies/20260901-sustainment-fence/study.py'>
bad_value = -inf, bad_index = 0
tmp_path = PosixPath('/tmp/pytest-of-reid/pytest-12236/test_local_export_refuses_inco44')

    @pytest.mark.parametrize(
        "bad_value", ["absent", None, float("nan"), float("inf"), -float("inf")],
        ids=["absent", "null", "nan", "positive-inf", "negative-inf"],
    )
    @pytest.mark.parametrize("bad_index", [0, 1], ids=["first-case", "later-case"])
    def test_local_export_refuses_incomplete_results_before_publishing(
        local_study, bad_value, bad_index, tmp_path
    ):
        cases = [_local_case(local_study), _local_case(local_study)]
        channel = next(reversed(local_study.CHANNELS.values()))
        if bad_value == "absent":
            del cases[bad_index].outputs[channel]
        else:
            cases[bad_index].outputs[channel] = bad_value
        output = tmp_path / "points.csv"
        previous = b"previous evidence\n"
        output.write_bytes(previous)
    
>       with pytest.raises(local_study.route.RouteError, match=channel):
E       Failed: DID NOT RAISE <class 'study_route.RouteError'>

tests/study/test_study_publication_fail_closed.py:146: Failed
_ test_local_export_refuses_incomplete_results_before_publishing[20260901-sustainment-fence-later-case-absent] _

local_study = <module '20260901-sustainment-fence' from '/home/reid/1cfe/fusion-tea-codex-test/exploration/stellarator_e2e/studies/20260901-sustainment-fence/study.py'>
bad_value = 'absent', bad_index = 1
tmp_path = PosixPath('/tmp/pytest-of-reid/pytest-12236/test_local_export_refuses_inco45')

    @pytest.mark.parametrize(
        "bad_value", ["absent", None, float("nan"), float("inf"), -float("inf")],
        ids=["absent", "null", "nan", "positive-inf", "negative-inf"],
    )
    @pytest.mark.parametrize("bad_index", [0, 1], ids=["first-case", "later-case"])
    def test_local_export_refuses_incomplete_results_before_publishing(
        local_study, bad_value, bad_index, tmp_path
    ):
        cases = [_local_case(local_study), _local_case(local_study)]
        channel = next(reversed(local_study.CHANNELS.values()))
        if bad_value == "absent":
            del cases[bad_index].outputs[channel]
        else:
            cases[bad_index].outputs[channel] = bad_value
        output = tmp_path / "points.csv"
        previous = b"previous evidence\n"
        output.write_bytes(previous)
    
>       with pytest.raises(local_study.route.RouteError, match=channel):
E       Failed: DID NOT RAISE <class 'study_route.RouteError'>

tests/study/test_study_publication_fail_closed.py:146: Failed
_ test_local_export_refuses_incomplete_results_before_publishing[20260901-sustainment-fence-later-case-null] _

local_study = <module '20260901-sustainment-fence' from '/home/reid/1cfe/fusion-tea-codex-test/exploration/stellarator_e2e/studies/20260901-sustainment-fence/study.py'>
bad_value = None, bad_index = 1
tmp_path = PosixPath('/tmp/pytest-of-reid/pytest-12236/test_local_export_refuses_inco46')

    @pytest.mark.parametrize(
        "bad_value", ["absent", None, float("nan"), float("inf"), -float("inf")],
        ids=["absent", "null", "nan", "positive-inf", "negative-inf"],
    )
    @pytest.mark.parametrize("bad_index", [0, 1], ids=["first-case", "later-case"])
    def test_local_export_refuses_incomplete_results_before_publishing(
        local_study, bad_value, bad_index, tmp_path
    ):
        cases = [_local_case(local_study), _local_case(local_study)]
        channel = next(reversed(local_study.CHANNELS.values()))
        if bad_value == "absent":
            del cases[bad_index].outputs[channel]
        else:
            cases[bad_index].outputs[channel] = bad_value
        output = tmp_path / "points.csv"
        previous = b"previous evidence\n"
        output.write_bytes(previous)
    
>       with pytest.raises(local_study.route.RouteError, match=channel):
E       Failed: DID NOT RAISE <class 'study_route.RouteError'>

tests/study/test_study_publication_fail_closed.py:146: Failed
_ test_local_export_refuses_incomplete_results_before_publishing[20260901-sustainment-fence-later-case-nan] _

local_study = <module '20260901-sustainment-fence' from '/home/reid/1cfe/fusion-tea-codex-test/exploration/stellarator_e2e/studies/20260901-sustainment-fence/study.py'>
bad_value = nan, bad_index = 1
tmp_path = PosixPath('/tmp/pytest-of-reid/pytest-12236/test_local_export_refuses_inco47')

    @pytest.mark.parametrize(
        "bad_value", ["absent", None, float("nan"), float("inf"), -float("inf")],
        ids=["absent", "null", "nan", "positive-inf", "negative-inf"],
    )
    @pytest.mark.parametrize("bad_index", [0, 1], ids=["first-case", "later-case"])
    def test_local_export_refuses_incomplete_results_before_publishing(
        local_study, bad_value, bad_index, tmp_path
    ):
        cases = [_local_case(local_study), _local_case(local_study)]
        channel = next(reversed(local_study.CHANNELS.values()))
        if bad_value == "absent":
            del cases[bad_index].outputs[channel]
        else:
            cases[bad_index].outputs[channel] = bad_value
        output = tmp_path / "points.csv"
        previous = b"previous evidence\n"
        output.write_bytes(previous)
    
>       with pytest.raises(local_study.route.RouteError, match=channel):
E       Failed: DID NOT RAISE <class 'study_route.RouteError'>

tests/study/test_study_publication_fail_closed.py:146: Failed
_ test_local_export_refuses_incomplete_results_before_publishing[20260901-sustainment-fence-later-case-positive-inf] _

local_study = <module '20260901-sustainment-fence' from '/home/reid/1cfe/fusion-tea-codex-test/exploration/stellarator_e2e/studies/20260901-sustainment-fence/study.py'>
bad_value = inf, bad_index = 1
tmp_path = PosixPath('/tmp/pytest-of-reid/pytest-12236/test_local_export_refuses_inco48')

    @pytest.mark.parametrize(
        "bad_value", ["absent", None, float("nan"), float("inf"), -float("inf")],
        ids=["absent", "null", "nan", "positive-inf", "negative-inf"],
    )
    @pytest.mark.parametrize("bad_index", [0, 1], ids=["first-case", "later-case"])
    def test_local_export_refuses_incomplete_results_before_publishing(
        local_study, bad_value, bad_index, tmp_path
    ):
        cases = [_local_case(local_study), _local_case(local_study)]
        channel = next(reversed(local_study.CHANNELS.values()))
        if bad_value == "absent":
            del cases[bad_index].outputs[channel]
        else:
            cases[bad_index].outputs[channel] = bad_value
        output = tmp_path / "points.csv"
        previous = b"previous evidence\n"
        output.write_bytes(previous)
    
>       with pytest.raises(local_study.route.RouteError, match=channel):
E       Failed: DID NOT RAISE <class 'study_route.RouteError'>

tests/study/test_study_publication_fail_closed.py:146: Failed
_ test_local_export_refuses_incomplete_results_before_publishing[20260901-sustainment-fence-later-case-negative-inf] _

local_study = <module '20260901-sustainment-fence' from '/home/reid/1cfe/fusion-tea-codex-test/exploration/stellarator_e2e/studies/20260901-sustainment-fence/study.py'>
bad_value = -inf, bad_index = 1
tmp_path = PosixPath('/tmp/pytest-of-reid/pytest-12236/test_local_export_refuses_inco49')

    @pytest.mark.parametrize(
        "bad_value", ["absent", None, float("nan"), float("inf"), -float("inf")],
        ids=["absent", "null", "nan", "positive-inf", "negative-inf"],
    )
    @pytest.mark.parametrize("bad_index", [0, 1], ids=["first-case", "later-case"])
    def test_local_export_refuses_incomplete_results_before_publishing(
        local_study, bad_value, bad_index, tmp_path
    ):
        cases = [_local_case(local_study), _local_case(local_study)]
        channel = next(reversed(local_study.CHANNELS.values()))
        if bad_value == "absent":
            del cases[bad_index].outputs[channel]
        else:
            cases[bad_index].outputs[channel] = bad_value
        output = tmp_path / "points.csv"
        previous = b"previous evidence\n"
        output.write_bytes(previous)
    
>       with pytest.raises(local_study.route.RouteError, match=channel):
E       Failed: DID NOT RAISE <class 'study_route.RouteError'>

tests/study/test_study_publication_fail_closed.py:146: Failed
_ test_local_export_refuses_incomplete_results_before_publishing[20260903-priced-levers-first-case-absent] _

local_study = <module '20260903-priced-levers' from '/home/reid/1cfe/fusion-tea-codex-test/exploration/stellarator_e2e/studies/20260903-priced-levers/study.py'>
bad_value = 'absent', bad_index = 0
tmp_path = PosixPath('/tmp/pytest-of-reid/pytest-12236/test_local_export_refuses_inco50')

    @pytest.mark.parametrize(
        "bad_value", ["absent", None, float("nan"), float("inf"), -float("inf")],
        ids=["absent", "null", "nan", "positive-inf", "negative-inf"],
    )
    @pytest.mark.parametrize("bad_index", [0, 1], ids=["first-case", "later-case"])
    def test_local_export_refuses_incomplete_results_before_publishing(
        local_study, bad_value, bad_index, tmp_path
    ):
        cases = [_local_case(local_study), _local_case(local_study)]
        channel = next(reversed(local_study.CHANNELS.values()))
        if bad_value == "absent":
            del cases[bad_index].outputs[channel]
        else:
            cases[bad_index].outputs[channel] = bad_value
        output = tmp_path / "points.csv"
        previous = b"previous evidence\n"
        output.write_bytes(previous)
    
        with pytest.raises(local_study.route.RouteError, match=channel):
>           local_study.export(cases, output)
E           TypeError: export() missing 1 required positional argument: 'path'

tests/study/test_study_publication_fail_closed.py:147: TypeError
_ test_local_export_refuses_incomplete_results_before_publishing[20260903-priced-levers-first-case-null] _

local_study = <module '20260903-priced-levers' from '/home/reid/1cfe/fusion-tea-codex-test/exploration/stellarator_e2e/studies/20260903-priced-levers/study.py'>
bad_value = None, bad_index = 0
tmp_path = PosixPath('/tmp/pytest-of-reid/pytest-12236/test_local_export_refuses_inco51')

    @pytest.mark.parametrize(
        "bad_value", ["absent", None, float("nan"), float("inf"), -float("inf")],
        ids=["absent", "null", "nan", "positive-inf", "negative-inf"],
    )
    @pytest.mark.parametrize("bad_index", [0, 1], ids=["first-case", "later-case"])
    def test_local_export_refuses_incomplete_results_before_publishing(
        local_study, bad_value, bad_index, tmp_path
    ):
        cases = [_local_case(local_study), _local_case(local_study)]
        channel = next(reversed(local_study.CHANNELS.values()))
        if bad_value == "absent":
            del cases[bad_index].outputs[channel]
        else:
            cases[bad_index].outputs[channel] = bad_value
        output = tmp_path / "points.csv"
        previous = b"previous evidence\n"
        output.write_bytes(previous)
    
        with pytest.raises(local_study.route.RouteError, match=channel):
>           local_study.export(cases, output)
E           TypeError: export() missing 1 required positional argument: 'path'

tests/study/test_study_publication_fail_closed.py:147: TypeError
_ test_local_export_refuses_incomplete_results_before_publishing[20260903-priced-levers-first-case-nan] _

local_study = <module '20260903-priced-levers' from '/home/reid/1cfe/fusion-tea-codex-test/exploration/stellarator_e2e/studies/20260903-priced-levers/study.py'>
bad_value = nan, bad_index = 0
tmp_path = PosixPath('/tmp/pytest-of-reid/pytest-12236/test_local_export_refuses_inco52')

    @pytest.mark.parametrize(
        "bad_value", ["absent", None, float("nan"), float("inf"), -float("inf")],
        ids=["absent", "null", "nan", "positive-inf", "negative-inf"],
    )
    @pytest.mark.parametrize("bad_index", [0, 1], ids=["first-case", "later-case"])
    def test_local_export_refuses_incomplete_results_before_publishing(
        local_study, bad_value, bad_index, tmp_path
    ):
        cases = [_local_case(local_study), _local_case(local_study)]
        channel = next(reversed(local_study.CHANNELS.values()))
        if bad_value == "absent":
            del cases[bad_index].outputs[channel]
        else:
            cases[bad_index].outputs[channel] = bad_value
        output = tmp_path / "points.csv"
        previous = b"previous evidence\n"
        output.write_bytes(previous)
    
        with pytest.raises(local_study.route.RouteError, match=channel):
>           local_study.export(cases, output)
E           TypeError: export() missing 1 required positional argument: 'path'

tests/study/test_study_publication_fail_closed.py:147: TypeError
_ test_local_export_refuses_incomplete_results_before_publishing[20260903-priced-levers-first-case-positive-inf] _

local_study = <module '20260903-priced-levers' from '/home/reid/1cfe/fusion-tea-codex-test/exploration/stellarator_e2e/studies/20260903-priced-levers/study.py'>
bad_value = inf, bad_index = 0
tmp_path = PosixPath('/tmp/pytest-of-reid/pytest-12236/test_local_export_refuses_inco53')

    @pytest.mark.parametrize(
        "bad_value", ["absent", None, float("nan"), float("inf"), -float("inf")],
        ids=["absent", "null", "nan", "positive-inf", "negative-inf"],
    )
    @pytest.mark.parametrize("bad_index", [0, 1], ids=["first-case", "later-case"])
    def test_local_export_refuses_incomplete_results_before_publishing(
        local_study, bad_value, bad_index, tmp_path
    ):
        cases = [_local_case(local_study), _local_case(local_study)]
        channel = next(reversed(local_study.CHANNELS.values()))
        if bad_value == "absent":
            del cases[bad_index].outputs[channel]
        else:
            cases[bad_index].outputs[channel] = bad_value
        output = tmp_path / "points.csv"
        previous = b"previous evidence\n"
        output.write_bytes(previous)
    
        with pytest.raises(local_study.route.RouteError, match=channel):
>           local_study.export(cases, output)
E           TypeError: export() missing 1 required positional argument: 'path'

tests/study/test_study_publication_fail_closed.py:147: TypeError
_ test_local_export_refuses_incomplete_results_before_publishing[20260903-priced-levers-first-case-negative-inf] _

local_study = <module '20260903-priced-levers' from '/home/reid/1cfe/fusion-tea-codex-test/exploration/stellarator_e2e/studies/20260903-priced-levers/study.py'>
bad_value = -inf, bad_index = 0
tmp_path = PosixPath('/tmp/pytest-of-reid/pytest-12236/test_local_export_refuses_inco54')

    @pytest.mark.parametrize(
        "bad_value", ["absent", None, float("nan"), float("inf"), -float("inf")],
        ids=["absent", "null", "nan", "positive-inf", "negative-inf"],
    )
    @pytest.mark.parametrize("bad_index", [0, 1], ids=["first-case", "later-case"])
    def test_local_export_refuses_incomplete_results_before_publishing(
        local_study, bad_value, bad_index, tmp_path
    ):
        cases = [_local_case(local_study), _local_case(local_study)]
        channel = next(reversed(local_study.CHANNELS.values()))
        if bad_value == "absent":
            del cases[bad_index].outputs[channel]
        else:
            cases[bad_index].outputs[channel] = bad_value
        output = tmp_path / "points.csv"
        previous = b"previous evidence\n"
        output.write_bytes(previous)
    
        with pytest.raises(local_study.route.RouteError, match=channel):
>           local_study.export(cases, output)
E           TypeError: export() missing 1 required positional argument: 'path'

tests/study/test_study_publication_fail_closed.py:147: TypeError
_ test_local_export_refuses_incomplete_results_before_publishing[20260903-priced-levers-later-case-absent] _

local_study = <module '20260903-priced-levers' from '/home/reid/1cfe/fusion-tea-codex-test/exploration/stellarator_e2e/studies/20260903-priced-levers/study.py'>
bad_value = 'absent', bad_index = 1
tmp_path = PosixPath('/tmp/pytest-of-reid/pytest-12236/test_local_export_refuses_inco55')

    @pytest.mark.parametrize(
        "bad_value", ["absent", None, float("nan"), float("inf"), -float("inf")],
        ids=["absent", "null", "nan", "positive-inf", "negative-inf"],
    )
    @pytest.mark.parametrize("bad_index", [0, 1], ids=["first-case", "later-case"])
    def test_local_export_refuses_incomplete_results_before_publishing(
        local_study, bad_value, bad_index, tmp_path
    ):
        cases = [_local_case(local_study), _local_case(local_study)]
        channel = next(reversed(local_study.CHANNELS.values()))
        if bad_value == "absent":
            del cases[bad_index].outputs[channel]
        else:
            cases[bad_index].outputs[channel] = bad_value
        output = tmp_path / "points.csv"
        previous = b"previous evidence\n"
        output.write_bytes(previous)
    
        with pytest.raises(local_study.route.RouteError, match=channel):
>           local_study.export(cases, output)
E           TypeError: export() missing 1 required positional argument: 'path'

tests/study/test_study_publication_fail_closed.py:147: TypeError
_ test_local_export_refuses_incomplete_results_before_publishing[20260903-priced-levers-later-case-null] _

local_study = <module '20260903-priced-levers' from '/home/reid/1cfe/fusion-tea-codex-test/exploration/stellarator_e2e/studies/20260903-priced-levers/study.py'>
bad_value = None, bad_index = 1
tmp_path = PosixPath('/tmp/pytest-of-reid/pytest-12236/test_local_export_refuses_inco56')

    @pytest.mark.parametrize(
        "bad_value", ["absent", None, float("nan"), float("inf"), -float("inf")],
        ids=["absent", "null", "nan", "positive-inf", "negative-inf"],
    )
    @pytest.mark.parametrize("bad_index", [0, 1], ids=["first-case", "later-case"])
    def test_local_export_refuses_incomplete_results_before_publishing(
        local_study, bad_value, bad_index, tmp_path
    ):
        cases = [_local_case(local_study), _local_case(local_study)]
        channel = next(reversed(local_study.CHANNELS.values()))
        if bad_value == "absent":
            del cases[bad_index].outputs[channel]
        else:
            cases[bad_index].outputs[channel] = bad_value
        output = tmp_path / "points.csv"
        previous = b"previous evidence\n"
        output.write_bytes(previous)
    
        with pytest.raises(local_study.route.RouteError, match=channel):
>           local_study.export(cases, output)
E           TypeError: export() missing 1 required positional argument: 'path'

tests/study/test_study_publication_fail_closed.py:147: TypeError
_ test_local_export_refuses_incomplete_results_before_publishing[20260903-priced-levers-later-case-nan] _

local_study = <module '20260903-priced-levers' from '/home/reid/1cfe/fusion-tea-codex-test/exploration/stellarator_e2e/studies/20260903-priced-levers/study.py'>
bad_value = nan, bad_index = 1
tmp_path = PosixPath('/tmp/pytest-of-reid/pytest-12236/test_local_export_refuses_inco57')

    @pytest.mark.parametrize(
        "bad_value", ["absent", None, float("nan"), float("inf"), -float("inf")],
        ids=["absent", "null", "nan", "positive-inf", "negative-inf"],
    )
    @pytest.mark.parametrize("bad_index", [0, 1], ids=["first-case", "later-case"])
    def test_local_export_refuses_incomplete_results_before_publishing(
        local_study, bad_value, bad_index, tmp_path
    ):
        cases = [_local_case(local_study), _local_case(local_study)]
        channel = next(reversed(local_study.CHANNELS.values()))
        if bad_value == "absent":
            del cases[bad_index].outputs[channel]
        else:
            cases[bad_index].outputs[channel] = bad_value
        output = tmp_path / "points.csv"
        previous = b"previous evidence\n"
        output.write_bytes(previous)
    
        with pytest.raises(local_study.route.RouteError, match=channel):
>           local_study.export(cases, output)
E           TypeError: export() missing 1 required positional argument: 'path'

tests/study/test_study_publication_fail_closed.py:147: TypeError
_ test_local_export_refuses_incomplete_results_before_publishing[20260903-priced-levers-later-case-positive-inf] _

local_study = <module '20260903-priced-levers' from '/home/reid/1cfe/fusion-tea-codex-test/exploration/stellarator_e2e/studies/20260903-priced-levers/study.py'>
bad_value = inf, bad_index = 1
tmp_path = PosixPath('/tmp/pytest-of-reid/pytest-12236/test_local_export_refuses_inco58')

    @pytest.mark.parametrize(
        "bad_value", ["absent", None, float("nan"), float("inf"), -float("inf")],
        ids=["absent", "null", "nan", "positive-inf", "negative-inf"],
    )
    @pytest.mark.parametrize("bad_index", [0, 1], ids=["first-case", "later-case"])
    def test_local_export_refuses_incomplete_results_before_publishing(
        local_study, bad_value, bad_index, tmp_path
    ):
        cases = [_local_case(local_study), _local_case(local_study)]
        channel = next(reversed(local_study.CHANNELS.values()))
        if bad_value == "absent":
            del cases[bad_index].outputs[channel]
        else:
            cases[bad_index].outputs[channel] = bad_value
        output = tmp_path / "points.csv"
        previous = b"previous evidence\n"
        output.write_bytes(previous)
    
        with pytest.raises(local_study.route.RouteError, match=channel):
>           local_study.export(cases, output)
E           TypeError: export() missing 1 required positional argument: 'path'

tests/study/test_study_publication_fail_closed.py:147: TypeError
_ test_local_export_refuses_incomplete_results_before_publishing[20260903-priced-levers-later-case-negative-inf] _

local_study = <module '20260903-priced-levers' from '/home/reid/1cfe/fusion-tea-codex-test/exploration/stellarator_e2e/studies/20260903-priced-levers/study.py'>
bad_value = -inf, bad_index = 1
tmp_path = PosixPath('/tmp/pytest-of-reid/pytest-12236/test_local_export_refuses_inco59')

    @pytest.mark.parametrize(
        "bad_value", ["absent", None, float("nan"), float("inf"), -float("inf")],
        ids=["absent", "null", "nan", "positive-inf", "negative-inf"],
    )
    @pytest.mark.parametrize("bad_index", [0, 1], ids=["first-case", "later-case"])
    def test_local_export_refuses_incomplete_results_before_publishing(
        local_study, bad_value, bad_index, tmp_path
    ):
        cases = [_local_case(local_study), _local_case(local_study)]
        channel = next(reversed(local_study.CHANNELS.values()))
        if bad_value == "absent":
            del cases[bad_index].outputs[channel]
        else:
            cases[bad_index].outputs[channel] = bad_value
        output = tmp_path / "points.csv"
        previous = b"previous evidence\n"
        output.write_bytes(previous)
    
        with pytest.raises(local_study.route.RouteError, match=channel):
>           local_study.export(cases, output)
E           TypeError: export() missing 1 required positional argument: 'path'

tests/study/test_study_publication_fail_closed.py:147: TypeError
_ test_local_export_refuses_incomplete_results_before_publishing[20260903-wall-and-heating-first-case-absent] _

local_study = <module '20260903-wall-and-heating' from '/home/reid/1cfe/fusion-tea-codex-test/exploration/stellarator_e2e/studies/20260903-wall-and-heating/study.py'>
bad_value = 'absent', bad_index = 0
tmp_path = PosixPath('/tmp/pytest-of-reid/pytest-12236/test_local_export_refuses_inco60')

    @pytest.mark.parametrize(
        "bad_value", ["absent", None, float("nan"), float("inf"), -float("inf")],
        ids=["absent", "null", "nan", "positive-inf", "negative-inf"],
    )
    @pytest.mark.parametrize("bad_index", [0, 1], ids=["first-case", "later-case"])
    def test_local_export_refuses_incomplete_results_before_publishing(
        local_study, bad_value, bad_index, tmp_path
    ):
        cases = [_local_case(local_study), _local_case(local_study)]
        channel = next(reversed(local_study.CHANNELS.values()))
        if bad_value == "absent":
            del cases[bad_index].outputs[channel]
        else:
            cases[bad_index].outputs[channel] = bad_value
        output = tmp_path / "points.csv"
        previous = b"previous evidence\n"
        output.write_bytes(previous)
    
        with pytest.raises(local_study.route.RouteError, match=channel):
>           local_study.export(cases, output)
E           TypeError: export() missing 1 required positional argument: 'path'

tests/study/test_study_publication_fail_closed.py:147: TypeError
_ test_local_export_refuses_incomplete_results_before_publishing[20260903-wall-and-heating-first-case-null] _

local_study = <module '20260903-wall-and-heating' from '/home/reid/1cfe/fusion-tea-codex-test/exploration/stellarator_e2e/studies/20260903-wall-and-heating/study.py'>
bad_value = None, bad_index = 0
tmp_path = PosixPath('/tmp/pytest-of-reid/pytest-12236/test_local_export_refuses_inco61')

    @pytest.mark.parametrize(
        "bad_value", ["absent", None, float("nan"), float("inf"), -float("inf")],
        ids=["absent", "null", "nan", "positive-inf", "negative-inf"],
    )
    @pytest.mark.parametrize("bad_index", [0, 1], ids=["first-case", "later-case"])
    def test_local_export_refuses_incomplete_results_before_publishing(
        local_study, bad_value, bad_index, tmp_path
    ):
        cases = [_local_case(local_study), _local_case(local_study)]
        channel = next(reversed(local_study.CHANNELS.values()))
        if bad_value == "absent":
            del cases[bad_index].outputs[channel]
        else:
            cases[bad_index].outputs[channel] = bad_value
        output = tmp_path / "points.csv"
        previous = b"previous evidence\n"
        output.write_bytes(previous)
    
        with pytest.raises(local_study.route.RouteError, match=channel):
>           local_study.export(cases, output)
E           TypeError: export() missing 1 required positional argument: 'path'

tests/study/test_study_publication_fail_closed.py:147: TypeError
_ test_local_export_refuses_incomplete_results_before_publishing[20260903-wall-and-heating-first-case-nan] _

local_study = <module '20260903-wall-and-heating' from '/home/reid/1cfe/fusion-tea-codex-test/exploration/stellarator_e2e/studies/20260903-wall-and-heating/study.py'>
bad_value = nan, bad_index = 0
tmp_path = PosixPath('/tmp/pytest-of-reid/pytest-12236/test_local_export_refuses_inco62')

    @pytest.mark.parametrize(
        "bad_value", ["absent", None, float("nan"), float("inf"), -float("inf")],
        ids=["absent", "null", "nan", "positive-inf", "negative-inf"],
    )
    @pytest.mark.parametrize("bad_index", [0, 1], ids=["first-case", "later-case"])
    def test_local_export_refuses_incomplete_results_before_publishing(
        local_study, bad_value, bad_index, tmp_path
    ):
        cases = [_local_case(local_study), _local_case(local_study)]
        channel = next(reversed(local_study.CHANNELS.values()))
        if bad_value == "absent":
            del cases[bad_index].outputs[channel]
        else:
            cases[bad_index].outputs[channel] = bad_value
        output = tmp_path / "points.csv"
        previous = b"previous evidence\n"
        output.write_bytes(previous)
    
        with pytest.raises(local_study.route.RouteError, match=channel):
>           local_study.export(cases, output)
E           TypeError: export() missing 1 required positional argument: 'path'

tests/study/test_study_publication_fail_closed.py:147: TypeError
_ test_local_export_refuses_incomplete_results_before_publishing[20260903-wall-and-heating-first-case-positive-inf] _

local_study = <module '20260903-wall-and-heating' from '/home/reid/1cfe/fusion-tea-codex-test/exploration/stellarator_e2e/studies/20260903-wall-and-heating/study.py'>
bad_value = inf, bad_index = 0
tmp_path = PosixPath('/tmp/pytest-of-reid/pytest-12236/test_local_export_refuses_inco63')

    @pytest.mark.parametrize(
        "bad_value", ["absent", None, float("nan"), float("inf"), -float("inf")],
        ids=["absent", "null", "nan", "positive-inf", "negative-inf"],
    )
    @pytest.mark.parametrize("bad_index", [0, 1], ids=["first-case", "later-case"])
    def test_local_export_refuses_incomplete_results_before_publishing(
        local_study, bad_value, bad_index, tmp_path
    ):
        cases = [_local_case(local_study), _local_case(local_study)]
        channel = next(reversed(local_study.CHANNELS.values()))
        if bad_value == "absent":
            del cases[bad_index].outputs[channel]
        else:
            cases[bad_index].outputs[channel] = bad_value
        output = tmp_path / "points.csv"
        previous = b"previous evidence\n"
        output.write_bytes(previous)
    
        with pytest.raises(local_study.route.RouteError, match=channel):
>           local_study.export(cases, output)
E           TypeError: export() missing 1 required positional argument: 'path'

tests/study/test_study_publication_fail_closed.py:147: TypeError
_ test_local_export_refuses_incomplete_results_before_publishing[20260903-wall-and-heating-first-case-negative-inf] _

local_study = <module '20260903-wall-and-heating' from '/home/reid/1cfe/fusion-tea-codex-test/exploration/stellarator_e2e/studies/20260903-wall-and-heating/study.py'>
bad_value = -inf, bad_index = 0
tmp_path = PosixPath('/tmp/pytest-of-reid/pytest-12236/test_local_export_refuses_inco64')

    @pytest.mark.parametrize(
        "bad_value", ["absent", None, float("nan"), float("inf"), -float("inf")],
        ids=["absent", "null", "nan", "positive-inf", "negative-inf"],
    )
    @pytest.mark.parametrize("bad_index", [0, 1], ids=["first-case", "later-case"])
    def test_local_export_refuses_incomplete_results_before_publishing(
        local_study, bad_value, bad_index, tmp_path
    ):
        cases = [_local_case(local_study), _local_case(local_study)]
        channel = next(reversed(local_study.CHANNELS.values()))
        if bad_value == "absent":
            del cases[bad_index].outputs[channel]
        else:
            cases[bad_index].outputs[channel] = bad_value
        output = tmp_path / "points.csv"
        previous = b"previous evidence\n"
        output.write_bytes(previous)
    
        with pytest.raises(local_study.route.RouteError, match=channel):
>           local_study.export(cases, output)
E           TypeError: export() missing 1 required positional argument: 'path'

tests/study/test_study_publication_fail_closed.py:147: TypeError
_ test_local_export_refuses_incomplete_results_before_publishing[20260903-wall-and-heating-later-case-absent] _

local_study = <module '20260903-wall-and-heating' from '/home/reid/1cfe/fusion-tea-codex-test/exploration/stellarator_e2e/studies/20260903-wall-and-heating/study.py'>
bad_value = 'absent', bad_index = 1
tmp_path = PosixPath('/tmp/pytest-of-reid/pytest-12236/test_local_export_refuses_inco65')

    @pytest.mark.parametrize(
        "bad_value", ["absent", None, float("nan"), float("inf"), -float("inf")],
        ids=["absent", "null", "nan", "positive-inf", "negative-inf"],
    )
    @pytest.mark.parametrize("bad_index", [0, 1], ids=["first-case", "later-case"])
    def test_local_export_refuses_incomplete_results_before_publishing(
        local_study, bad_value, bad_index, tmp_path
    ):
        cases = [_local_case(local_study), _local_case(local_study)]
        channel = next(reversed(local_study.CHANNELS.values()))
        if bad_value == "absent":
            del cases[bad_index].outputs[channel]
        else:
            cases[bad_index].outputs[channel] = bad_value
        output = tmp_path / "points.csv"
        previous = b"previous evidence\n"
        output.write_bytes(previous)
    
        with pytest.raises(local_study.route.RouteError, match=channel):
>           local_study.export(cases, output)
E           TypeError: export() missing 1 required positional argument: 'path'

tests/study/test_study_publication_fail_closed.py:147: TypeError
_ test_local_export_refuses_incomplete_results_before_publishing[20260903-wall-and-heating-later-case-null] _

local_study = <module '20260903-wall-and-heating' from '/home/reid/1cfe/fusion-tea-codex-test/exploration/stellarator_e2e/studies/20260903-wall-and-heating/study.py'>
bad_value = None, bad_index = 1
tmp_path = PosixPath('/tmp/pytest-of-reid/pytest-12236/test_local_export_refuses_inco66')

    @pytest.mark.parametrize(
        "bad_value", ["absent", None, float("nan"), float("inf"), -float("inf")],
        ids=["absent", "null", "nan", "positive-inf", "negative-inf"],
    )
    @pytest.mark.parametrize("bad_index", [0, 1], ids=["first-case", "later-case"])
    def test_local_export_refuses_incomplete_results_before_publishing(
        local_study, bad_value, bad_index, tmp_path
    ):
        cases = [_local_case(local_study), _local_case(local_study)]
        channel = next(reversed(local_study.CHANNELS.values()))
        if bad_value == "absent":
            del cases[bad_index].outputs[channel]
        else:
            cases[bad_index].outputs[channel] = bad_value
        output = tmp_path / "points.csv"
        previous = b"previous evidence\n"
        output.write_bytes(previous)
    
        with pytest.raises(local_study.route.RouteError, match=channel):
>           local_study.export(cases, output)
E           TypeError: export() missing 1 required positional argument: 'path'

tests/study/test_study_publication_fail_closed.py:147: TypeError
_ test_local_export_refuses_incomplete_results_before_publishing[20260903-wall-and-heating-later-case-nan] _

local_study = <module '20260903-wall-and-heating' from '/home/reid/1cfe/fusion-tea-codex-test/exploration/stellarator_e2e/studies/20260903-wall-and-heating/study.py'>
bad_value = nan, bad_index = 1
tmp_path = PosixPath('/tmp/pytest-of-reid/pytest-12236/test_local_export_refuses_inco67')

    @pytest.mark.parametrize(
        "bad_value", ["absent", None, float("nan"), float("inf"), -float("inf")],
        ids=["absent", "null", "nan", "positive-inf", "negative-inf"],
    )
    @pytest.mark.parametrize("bad_index", [0, 1], ids=["first-case", "later-case"])
    def test_local_export_refuses_incomplete_results_before_publishing(
        local_study, bad_value, bad_index, tmp_path
    ):
        cases = [_local_case(local_study), _local_case(local_study)]
        channel = next(reversed(local_study.CHANNELS.values()))
        if bad_value == "absent":
            del cases[bad_index].outputs[channel]
        else:
            cases[bad_index].outputs[channel] = bad_value
        output = tmp_path / "points.csv"
        previous = b"previous evidence\n"
        output.write_bytes(previous)
    
        with pytest.raises(local_study.route.RouteError, match=channel):
>           local_study.export(cases, output)
E           TypeError: export() missing 1 required positional argument: 'path'

tests/study/test_study_publication_fail_closed.py:147: TypeError
_ test_local_export_refuses_incomplete_results_before_publishing[20260903-wall-and-heating-later-case-positive-inf] _

local_study = <module '20260903-wall-and-heating' from '/home/reid/1cfe/fusion-tea-codex-test/exploration/stellarator_e2e/studies/20260903-wall-and-heating/study.py'>
bad_value = inf, bad_index = 1
tmp_path = PosixPath('/tmp/pytest-of-reid/pytest-12236/test_local_export_refuses_inco68')

    @pytest.mark.parametrize(
        "bad_value", ["absent", None, float("nan"), float("inf"), -float("inf")],
        ids=["absent", "null", "nan", "positive-inf", "negative-inf"],
    )
    @pytest.mark.parametrize("bad_index", [0, 1], ids=["first-case", "later-case"])
    def test_local_export_refuses_incomplete_results_before_publishing(
        local_study, bad_value, bad_index, tmp_path
    ):
        cases = [_local_case(local_study), _local_case(local_study)]
        channel = next(reversed(local_study.CHANNELS.values()))
        if bad_value == "absent":
            del cases[bad_index].outputs[channel]
        else:
            cases[bad_index].outputs[channel] = bad_value
        output = tmp_path / "points.csv"
        previous = b"previous evidence\n"
        output.write_bytes(previous)
    
        with pytest.raises(local_study.route.RouteError, match=channel):
>           local_study.export(cases, output)
E           TypeError: export() missing 1 required positional argument: 'path'

tests/study/test_study_publication_fail_closed.py:147: TypeError
_ test_local_export_refuses_incomplete_results_before_publishing[20260903-wall-and-heating-later-case-negative-inf] _

local_study = <module '20260903-wall-and-heating' from '/home/reid/1cfe/fusion-tea-codex-test/exploration/stellarator_e2e/studies/20260903-wall-and-heating/study.py'>
bad_value = -inf, bad_index = 1
tmp_path = PosixPath('/tmp/pytest-of-reid/pytest-12236/test_local_export_refuses_inco69')

    @pytest.mark.parametrize(
        "bad_value", ["absent", None, float("nan"), float("inf"), -float("inf")],
        ids=["absent", "null", "nan", "positive-inf", "negative-inf"],
    )
    @pytest.mark.parametrize("bad_index", [0, 1], ids=["first-case", "later-case"])
    def test_local_export_refuses_incomplete_results_before_publishing(
        local_study, bad_value, bad_index, tmp_path
    ):
        cases = [_local_case(local_study), _local_case(local_study)]
        channel = next(reversed(local_study.CHANNELS.values()))
        if bad_value == "absent":
            del cases[bad_index].outputs[channel]
        else:
            cases[bad_index].outputs[channel] = bad_value
        output = tmp_path / "points.csv"
        previous = b"previous evidence\n"
        output.write_bytes(previous)
    
        with pytest.raises(local_study.route.RouteError, match=channel):
>           local_study.export(cases, output)
E           TypeError: export() missing 1 required positional argument: 'path'

tests/study/test_study_publication_fail_closed.py:147: TypeError
_ test_local_export_refuses_incomplete_results_before_publishing[20260904-wall-and-heating-first-case-absent] _

local_study = <module '20260904-wall-and-heating' from '/home/reid/1cfe/fusion-tea-codex-test/exploration/stellarator_e2e/studies/20260904-wall-and-heating/study.py'>
bad_value = 'absent', bad_index = 0
tmp_path = PosixPath('/tmp/pytest-of-reid/pytest-12236/test_local_export_refuses_inco70')

    @pytest.mark.parametrize(
        "bad_value", ["absent", None, float("nan"), float("inf"), -float("inf")],
        ids=["absent", "null", "nan", "positive-inf", "negative-inf"],
    )
    @pytest.mark.parametrize("bad_index", [0, 1], ids=["first-case", "later-case"])
    def test_local_export_refuses_incomplete_results_before_publishing(
        local_study, bad_value, bad_index, tmp_path
    ):
        cases = [_local_case(local_study), _local_case(local_study)]
        channel = next(reversed(local_study.CHANNELS.values()))
        if bad_value == "absent":
            del cases[bad_index].outputs[channel]
        else:
            cases[bad_index].outputs[channel] = bad_value
        output = tmp_path / "points.csv"
        previous = b"previous evidence\n"
        output.write_bytes(previous)
    
        with pytest.raises(local_study.route.RouteError, match=channel):
>           local_study.export(cases, output)
E           TypeError: export() missing 2 required positional arguments: 'oracle' and 'path'

tests/study/test_study_publication_fail_closed.py:147: TypeError
_ test_local_export_refuses_incomplete_results_before_publishing[20260904-wall-and-heating-first-case-null] _

local_study = <module '20260904-wall-and-heating' from '/home/reid/1cfe/fusion-tea-codex-test/exploration/stellarator_e2e/studies/20260904-wall-and-heating/study.py'>
bad_value = None, bad_index = 0
tmp_path = PosixPath('/tmp/pytest-of-reid/pytest-12236/test_local_export_refuses_inco71')

    @pytest.mark.parametrize(
        "bad_value", ["absent", None, float("nan"), float("inf"), -float("inf")],
        ids=["absent", "null", "nan", "positive-inf", "negative-inf"],
    )
    @pytest.mark.parametrize("bad_index", [0, 1], ids=["first-case", "later-case"])
    def test_local_export_refuses_incomplete_results_before_publishing(
        local_study, bad_value, bad_index, tmp_path
    ):
        cases = [_local_case(local_study), _local_case(local_study)]
        channel = next(reversed(local_study.CHANNELS.values()))
        if bad_value == "absent":
            del cases[bad_index].outputs[channel]
        else:
            cases[bad_index].outputs[channel] = bad_value
        output = tmp_path / "points.csv"
        previous = b"previous evidence\n"
        output.write_bytes(previous)
    
        with pytest.raises(local_study.route.RouteError, match=channel):
>           local_study.export(cases, output)
E           TypeError: export() missing 2 required positional arguments: 'oracle' and 'path'

tests/study/test_study_publication_fail_closed.py:147: TypeError
_ test_local_export_refuses_incomplete_results_before_publishing[20260904-wall-and-heating-first-case-nan] _

local_study = <module '20260904-wall-and-heating' from '/home/reid/1cfe/fusion-tea-codex-test/exploration/stellarator_e2e/studies/20260904-wall-and-heating/study.py'>
bad_value = nan, bad_index = 0
tmp_path = PosixPath('/tmp/pytest-of-reid/pytest-12236/test_local_export_refuses_inco72')

    @pytest.mark.parametrize(
        "bad_value", ["absent", None, float("nan"), float("inf"), -float("inf")],
        ids=["absent", "null", "nan", "positive-inf", "negative-inf"],
    )
    @pytest.mark.parametrize("bad_index", [0, 1], ids=["first-case", "later-case"])
    def test_local_export_refuses_incomplete_results_before_publishing(
        local_study, bad_value, bad_index, tmp_path
    ):
        cases = [_local_case(local_study), _local_case(local_study)]
        channel = next(reversed(local_study.CHANNELS.values()))
        if bad_value == "absent":
            del cases[bad_index].outputs[channel]
        else:
            cases[bad_index].outputs[channel] = bad_value
        output = tmp_path / "points.csv"
        previous = b"previous evidence\n"
        output.write_bytes(previous)
    
        with pytest.raises(local_study.route.RouteError, match=channel):
>           local_study.export(cases, output)
E           TypeError: export() missing 2 required positional arguments: 'oracle' and 'path'

tests/study/test_study_publication_fail_closed.py:147: TypeError
_ test_local_export_refuses_incomplete_results_before_publishing[20260904-wall-and-heating-first-case-positive-inf] _

local_study = <module '20260904-wall-and-heating' from '/home/reid/1cfe/fusion-tea-codex-test/exploration/stellarator_e2e/studies/20260904-wall-and-heating/study.py'>
bad_value = inf, bad_index = 0
tmp_path = PosixPath('/tmp/pytest-of-reid/pytest-12236/test_local_export_refuses_inco73')

    @pytest.mark.parametrize(
        "bad_value", ["absent", None, float("nan"), float("inf"), -float("inf")],
        ids=["absent", "null", "nan", "positive-inf", "negative-inf"],
    )
    @pytest.mark.parametrize("bad_index", [0, 1], ids=["first-case", "later-case"])
    def test_local_export_refuses_incomplete_results_before_publishing(
        local_study, bad_value, bad_index, tmp_path
    ):
        cases = [_local_case(local_study), _local_case(local_study)]
        channel = next(reversed(local_study.CHANNELS.values()))
        if bad_value == "absent":
            del cases[bad_index].outputs[channel]
        else:
            cases[bad_index].outputs[channel] = bad_value
        output = tmp_path / "points.csv"
        previous = b"previous evidence\n"
        output.write_bytes(previous)
    
        with pytest.raises(local_study.route.RouteError, match=channel):
>           local_study.export(cases, output)
E           TypeError: export() missing 2 required positional arguments: 'oracle' and 'path'

tests/study/test_study_publication_fail_closed.py:147: TypeError
_ test_local_export_refuses_incomplete_results_before_publishing[20260904-wall-and-heating-first-case-negative-inf] _

local_study = <module '20260904-wall-and-heating' from '/home/reid/1cfe/fusion-tea-codex-test/exploration/stellarator_e2e/studies/20260904-wall-and-heating/study.py'>
bad_value = -inf, bad_index = 0
tmp_path = PosixPath('/tmp/pytest-of-reid/pytest-12236/test_local_export_refuses_inco74')

    @pytest.mark.parametrize(
        "bad_value", ["absent", None, float("nan"), float("inf"), -float("inf")],
        ids=["absent", "null", "nan", "positive-inf", "negative-inf"],
    )
    @pytest.mark.parametrize("bad_index", [0, 1], ids=["first-case", "later-case"])
    def test_local_export_refuses_incomplete_results_before_publishing(
        local_study, bad_value, bad_index, tmp_path
    ):
        cases = [_local_case(local_study), _local_case(local_study)]
        channel = next(reversed(local_study.CHANNELS.values()))
        if bad_value == "absent":
            del cases[bad_index].outputs[channel]
        else:
            cases[bad_index].outputs[channel] = bad_value
        output = tmp_path / "points.csv"
        previous = b"previous evidence\n"
        output.write_bytes(previous)
    
        with pytest.raises(local_study.route.RouteError, match=channel):
>           local_study.export(cases, output)
E           TypeError: export() missing 2 required positional arguments: 'oracle' and 'path'

tests/study/test_study_publication_fail_closed.py:147: TypeError
_ test_local_export_refuses_incomplete_results_before_publishing[20260904-wall-and-heating-later-case-absent] _

local_study = <module '20260904-wall-and-heating' from '/home/reid/1cfe/fusion-tea-codex-test/exploration/stellarator_e2e/studies/20260904-wall-and-heating/study.py'>
bad_value = 'absent', bad_index = 1
tmp_path = PosixPath('/tmp/pytest-of-reid/pytest-12236/test_local_export_refuses_inco75')

    @pytest.mark.parametrize(
        "bad_value", ["absent", None, float("nan"), float("inf"), -float("inf")],
        ids=["absent", "null", "nan", "positive-inf", "negative-inf"],
    )
    @pytest.mark.parametrize("bad_index", [0, 1], ids=["first-case", "later-case"])
    def test_local_export_refuses_incomplete_results_before_publishing(
        local_study, bad_value, bad_index, tmp_path
    ):
        cases = [_local_case(local_study), _local_case(local_study)]
        channel = next(reversed(local_study.CHANNELS.values()))
        if bad_value == "absent":
            del cases[bad_index].outputs[channel]
        else:
            cases[bad_index].outputs[channel] = bad_value
        output = tmp_path / "points.csv"
        previous = b"previous evidence\n"
        output.write_bytes(previous)
    
        with pytest.raises(local_study.route.RouteError, match=channel):
>           local_study.export(cases, output)
E           TypeError: export() missing 2 required positional arguments: 'oracle' and 'path'

tests/study/test_study_publication_fail_closed.py:147: TypeError
_ test_local_export_refuses_incomplete_results_before_publishing[20260904-wall-and-heating-later-case-null] _

local_study = <module '20260904-wall-and-heating' from '/home/reid/1cfe/fusion-tea-codex-test/exploration/stellarator_e2e/studies/20260904-wall-and-heating/study.py'>
bad_value = None, bad_index = 1
tmp_path = PosixPath('/tmp/pytest-of-reid/pytest-12236/test_local_export_refuses_inco76')

    @pytest.mark.parametrize(
        "bad_value", ["absent", None, float("nan"), float("inf"), -float("inf")],
        ids=["absent", "null", "nan", "positive-inf", "negative-inf"],
    )
    @pytest.mark.parametrize("bad_index", [0, 1], ids=["first-case", "later-case"])
    def test_local_export_refuses_incomplete_results_before_publishing(
        local_study, bad_value, bad_index, tmp_path
    ):
        cases = [_local_case(local_study), _local_case(local_study)]
        channel = next(reversed(local_study.CHANNELS.values()))
        if bad_value == "absent":
            del cases[bad_index].outputs[channel]
        else:
            cases[bad_index].outputs[channel] = bad_value
        output = tmp_path / "points.csv"
        previous = b"previous evidence\n"
        output.write_bytes(previous)
    
        with pytest.raises(local_study.route.RouteError, match=channel):
>           local_study.export(cases, output)
E           TypeError: export() missing 2 required positional arguments: 'oracle' and 'path'

tests/study/test_study_publication_fail_closed.py:147: TypeError
_ test_local_export_refuses_incomplete_results_before_publishing[20260904-wall-and-heating-later-case-nan] _

local_study = <module '20260904-wall-and-heating' from '/home/reid/1cfe/fusion-tea-codex-test/exploration/stellarator_e2e/studies/20260904-wall-and-heating/study.py'>
bad_value = nan, bad_index = 1
tmp_path = PosixPath('/tmp/pytest-of-reid/pytest-12236/test_local_export_refuses_inco77')

    @pytest.mark.parametrize(
        "bad_value", ["absent", None, float("nan"), float("inf"), -float("inf")],
        ids=["absent", "null", "nan", "positive-inf", "negative-inf"],
    )
    @pytest.mark.parametrize("bad_index", [0, 1], ids=["first-case", "later-case"])
    def test_local_export_refuses_incomplete_results_before_publishing(
        local_study, bad_value, bad_index, tmp_path
    ):
        cases = [_local_case(local_study), _local_case(local_study)]
        channel = next(reversed(local_study.CHANNELS.values()))
        if bad_value == "absent":
            del cases[bad_index].outputs[channel]
        else:
            cases[bad_index].outputs[channel] = bad_value
        output = tmp_path / "points.csv"
        previous = b"previous evidence\n"
        output.write_bytes(previous)
    
        with pytest.raises(local_study.route.RouteError, match=channel):
>           local_study.export(cases, output)
E           TypeError: export() missing 2 required positional arguments: 'oracle' and 'path'

tests/study/test_study_publication_fail_closed.py:147: TypeError
_ test_local_export_refuses_incomplete_results_before_publishing[20260904-wall-and-heating-later-case-positive-inf] _

local_study = <module '20260904-wall-and-heating' from '/home/reid/1cfe/fusion-tea-codex-test/exploration/stellarator_e2e/studies/20260904-wall-and-heating/study.py'>
bad_value = inf, bad_index = 1
tmp_path = PosixPath('/tmp/pytest-of-reid/pytest-12236/test_local_export_refuses_inco78')

    @pytest.mark.parametrize(
        "bad_value", ["absent", None, float("nan"), float("inf"), -float("inf")],
        ids=["absent", "null", "nan", "positive-inf", "negative-inf"],
    )
    @pytest.mark.parametrize("bad_index", [0, 1], ids=["first-case", "later-case"])
    def test_local_export_refuses_incomplete_results_before_publishing(
        local_study, bad_value, bad_index, tmp_path
    ):
        cases = [_local_case(local_study), _local_case(local_study)]
        channel = next(reversed(local_study.CHANNELS.values()))
        if bad_value == "absent":
            del cases[bad_index].outputs[channel]
        else:
            cases[bad_index].outputs[channel] = bad_value
        output = tmp_path / "points.csv"
        previous = b"previous evidence\n"
        output.write_bytes(previous)
    
        with pytest.raises(local_study.route.RouteError, match=channel):
>           local_study.export(cases, output)
E           TypeError: export() missing 2 required positional arguments: 'oracle' and 'path'

tests/study/test_study_publication_fail_closed.py:147: TypeError
_ test_local_export_refuses_incomplete_results_before_publishing[20260904-wall-and-heating-later-case-negative-inf] _

local_study = <module '20260904-wall-and-heating' from '/home/reid/1cfe/fusion-tea-codex-test/exploration/stellarator_e2e/studies/20260904-wall-and-heating/study.py'>
bad_value = -inf, bad_index = 1
tmp_path = PosixPath('/tmp/pytest-of-reid/pytest-12236/test_local_export_refuses_inco79')

    @pytest.mark.parametrize(
        "bad_value", ["absent", None, float("nan"), float("inf"), -float("inf")],
        ids=["absent", "null", "nan", "positive-inf", "negative-inf"],
    )
    @pytest.mark.parametrize("bad_index", [0, 1], ids=["first-case", "later-case"])
    def test_local_export_refuses_incomplete_results_before_publishing(
        local_study, bad_value, bad_index, tmp_path
    ):
        cases = [_local_case(local_study), _local_case(local_study)]
        channel = next(reversed(local_study.CHANNELS.values()))
        if bad_value == "absent":
            del cases[bad_index].outputs[channel]
        else:
            cases[bad_index].outputs[channel] = bad_value
        output = tmp_path / "points.csv"
        previous = b"previous evidence\n"
        output.write_bytes(previous)
    
        with pytest.raises(local_study.route.RouteError, match=channel):
>           local_study.export(cases, output)
E           TypeError: export() missing 2 required positional arguments: 'oracle' and 'path'

tests/study/test_study_publication_fail_closed.py:147: TypeError
_ test_local_export_refuses_incomplete_results_before_publishing[20260905-stored-energy-basis-first-case-absent] _

local_study = <module '20260905-stored-energy-basis' from '/home/reid/1cfe/fusion-tea-codex-test/exploration/stellarator_e2e/studies/20260905-stored-energy-basis/study.py'>
bad_value = 'absent', bad_index = 0
tmp_path = PosixPath('/tmp/pytest-of-reid/pytest-12236/test_local_export_refuses_inco80')

    @pytest.mark.parametrize(
        "bad_value", ["absent", None, float("nan"), float("inf"), -float("inf")],
        ids=["absent", "null", "nan", "positive-inf", "negative-inf"],
    )
    @pytest.mark.parametrize("bad_index", [0, 1], ids=["first-case", "later-case"])
    def test_local_export_refuses_incomplete_results_before_publishing(
        local_study, bad_value, bad_index, tmp_path
    ):
        cases = [_local_case(local_study), _local_case(local_study)]
        channel = next(reversed(local_study.CHANNELS.values()))
        if bad_value == "absent":
            del cases[bad_index].outputs[channel]
        else:
            cases[bad_index].outputs[channel] = bad_value
        output = tmp_path / "points.csv"
        previous = b"previous evidence\n"
        output.write_bytes(previous)
    
        with pytest.raises(local_study.route.RouteError, match=channel):
>           local_study.export(cases, output)
E           TypeError: export() missing 2 required positional arguments: 'oracle' and 'path'

tests/study/test_study_publication_fail_closed.py:147: TypeError
_ test_local_export_refuses_incomplete_results_before_publishing[20260905-stored-energy-basis-first-case-null] _

local_study = <module '20260905-stored-energy-basis' from '/home/reid/1cfe/fusion-tea-codex-test/exploration/stellarator_e2e/studies/20260905-stored-energy-basis/study.py'>
bad_value = None, bad_index = 0
tmp_path = PosixPath('/tmp/pytest-of-reid/pytest-12236/test_local_export_refuses_inco81')

    @pytest.mark.parametrize(
        "bad_value", ["absent", None, float("nan"), float("inf"), -float("inf")],
        ids=["absent", "null", "nan", "positive-inf", "negative-inf"],
    )
    @pytest.mark.parametrize("bad_index", [0, 1], ids=["first-case", "later-case"])
    def test_local_export_refuses_incomplete_results_before_publishing(
        local_study, bad_value, bad_index, tmp_path
    ):
        cases = [_local_case(local_study), _local_case(local_study)]
        channel = next(reversed(local_study.CHANNELS.values()))
        if bad_value == "absent":
            del cases[bad_index].outputs[channel]
        else:
            cases[bad_index].outputs[channel] = bad_value
        output = tmp_path / "points.csv"
        previous = b"previous evidence\n"
        output.write_bytes(previous)
    
        with pytest.raises(local_study.route.RouteError, match=channel):
>           local_study.export(cases, output)
E           TypeError: export() missing 2 required positional arguments: 'oracle' and 'path'

tests/study/test_study_publication_fail_closed.py:147: TypeError
_ test_local_export_refuses_incomplete_results_before_publishing[20260905-stored-energy-basis-first-case-nan] _

local_study = <module '20260905-stored-energy-basis' from '/home/reid/1cfe/fusion-tea-codex-test/exploration/stellarator_e2e/studies/20260905-stored-energy-basis/study.py'>
bad_value = nan, bad_index = 0
tmp_path = PosixPath('/tmp/pytest-of-reid/pytest-12236/test_local_export_refuses_inco82')

    @pytest.mark.parametrize(
        "bad_value", ["absent", None, float("nan"), float("inf"), -float("inf")],
        ids=["absent", "null", "nan", "positive-inf", "negative-inf"],
    )
    @pytest.mark.parametrize("bad_index", [0, 1], ids=["first-case", "later-case"])
    def test_local_export_refuses_incomplete_results_before_publishing(
        local_study, bad_value, bad_index, tmp_path
    ):
        cases = [_local_case(local_study), _local_case(local_study)]
        channel = next(reversed(local_study.CHANNELS.values()))
        if bad_value == "absent":
            del cases[bad_index].outputs[channel]
        else:
            cases[bad_index].outputs[channel] = bad_value
        output = tmp_path / "points.csv"
        previous = b"previous evidence\n"
        output.write_bytes(previous)
    
        with pytest.raises(local_study.route.RouteError, match=channel):
>           local_study.export(cases, output)
E           TypeError: export() missing 2 required positional arguments: 'oracle' and 'path'

tests/study/test_study_publication_fail_closed.py:147: TypeError
_ test_local_export_refuses_incomplete_results_before_publishing[20260905-stored-energy-basis-first-case-positive-inf] _

local_study = <module '20260905-stored-energy-basis' from '/home/reid/1cfe/fusion-tea-codex-test/exploration/stellarator_e2e/studies/20260905-stored-energy-basis/study.py'>
bad_value = inf, bad_index = 0
tmp_path = PosixPath('/tmp/pytest-of-reid/pytest-12236/test_local_export_refuses_inco83')

    @pytest.mark.parametrize(
        "bad_value", ["absent", None, float("nan"), float("inf"), -float("inf")],
        ids=["absent", "null", "nan", "positive-inf", "negative-inf"],
    )
    @pytest.mark.parametrize("bad_index", [0, 1], ids=["first-case", "later-case"])
    def test_local_export_refuses_incomplete_results_before_publishing(
        local_study, bad_value, bad_index, tmp_path
    ):
        cases = [_local_case(local_study), _local_case(local_study)]
        channel = next(reversed(local_study.CHANNELS.values()))
        if bad_value == "absent":
            del cases[bad_index].outputs[channel]
        else:
            cases[bad_index].outputs[channel] = bad_value
        output = tmp_path / "points.csv"
        previous = b"previous evidence\n"
        output.write_bytes(previous)
    
        with pytest.raises(local_study.route.RouteError, match=channel):
>           local_study.export(cases, output)
E           TypeError: export() missing 2 required positional arguments: 'oracle' and 'path'

tests/study/test_study_publication_fail_closed.py:147: TypeError
_ test_local_export_refuses_incomplete_results_before_publishing[20260905-stored-energy-basis-first-case-negative-inf] _

local_study = <module '20260905-stored-energy-basis' from '/home/reid/1cfe/fusion-tea-codex-test/exploration/stellarator_e2e/studies/20260905-stored-energy-basis/study.py'>
bad_value = -inf, bad_index = 0
tmp_path = PosixPath('/tmp/pytest-of-reid/pytest-12236/test_local_export_refuses_inco84')

    @pytest.mark.parametrize(
        "bad_value", ["absent", None, float("nan"), float("inf"), -float("inf")],
        ids=["absent", "null", "nan", "positive-inf", "negative-inf"],
    )
    @pytest.mark.parametrize("bad_index", [0, 1], ids=["first-case", "later-case"])
    def test_local_export_refuses_incomplete_results_before_publishing(
        local_study, bad_value, bad_index, tmp_path
    ):
        cases = [_local_case(local_study), _local_case(local_study)]
        channel = next(reversed(local_study.CHANNELS.values()))
        if bad_value == "absent":
            del cases[bad_index].outputs[channel]
        else:
            cases[bad_index].outputs[channel] = bad_value
        output = tmp_path / "points.csv"
        previous = b"previous evidence\n"
        output.write_bytes(previous)
    
        with pytest.raises(local_study.route.RouteError, match=channel):
>           local_study.export(cases, output)
E           TypeError: export() missing 2 required positional arguments: 'oracle' and 'path'

tests/study/test_study_publication_fail_closed.py:147: TypeError
_ test_local_export_refuses_incomplete_results_before_publishing[20260905-stored-energy-basis-later-case-absent] _

local_study = <module '20260905-stored-energy-basis' from '/home/reid/1cfe/fusion-tea-codex-test/exploration/stellarator_e2e/studies/20260905-stored-energy-basis/study.py'>
bad_value = 'absent', bad_index = 1
tmp_path = PosixPath('/tmp/pytest-of-reid/pytest-12236/test_local_export_refuses_inco85')

    @pytest.mark.parametrize(
        "bad_value", ["absent", None, float("nan"), float("inf"), -float("inf")],
        ids=["absent", "null", "nan", "positive-inf", "negative-inf"],
    )
    @pytest.mark.parametrize("bad_index", [0, 1], ids=["first-case", "later-case"])
    def test_local_export_refuses_incomplete_results_before_publishing(
        local_study, bad_value, bad_index, tmp_path
    ):
        cases = [_local_case(local_study), _local_case(local_study)]
        channel = next(reversed(local_study.CHANNELS.values()))
        if bad_value == "absent":
            del cases[bad_index].outputs[channel]
        else:
            cases[bad_index].outputs[channel] = bad_value
        output = tmp_path / "points.csv"
        previous = b"previous evidence\n"
        output.write_bytes(previous)
    
        with pytest.raises(local_study.route.RouteError, match=channel):
>           local_study.export(cases, output)
E           TypeError: export() missing 2 required positional arguments: 'oracle' and 'path'

tests/study/test_study_publication_fail_closed.py:147: TypeError
_ test_local_export_refuses_incomplete_results_before_publishing[20260905-stored-energy-basis-later-case-null] _

local_study = <module '20260905-stored-energy-basis' from '/home/reid/1cfe/fusion-tea-codex-test/exploration/stellarator_e2e/studies/20260905-stored-energy-basis/study.py'>
bad_value = None, bad_index = 1
tmp_path = PosixPath('/tmp/pytest-of-reid/pytest-12236/test_local_export_refuses_inco86')

    @pytest.mark.parametrize(
        "bad_value", ["absent", None, float("nan"), float("inf"), -float("inf")],
        ids=["absent", "null", "nan", "positive-inf", "negative-inf"],
    )
    @pytest.mark.parametrize("bad_index", [0, 1], ids=["first-case", "later-case"])
    def test_local_export_refuses_incomplete_results_before_publishing(
        local_study, bad_value, bad_index, tmp_path
    ):
        cases = [_local_case(local_study), _local_case(local_study)]
        channel = next(reversed(local_study.CHANNELS.values()))
        if bad_value == "absent":
            del cases[bad_index].outputs[channel]
        else:
            cases[bad_index].outputs[channel] = bad_value
        output = tmp_path / "points.csv"
        previous = b"previous evidence\n"
        output.write_bytes(previous)
    
        with pytest.raises(local_study.route.RouteError, match=channel):
>           local_study.export(cases, output)
E           TypeError: export() missing 2 required positional arguments: 'oracle' and 'path'

tests/study/test_study_publication_fail_closed.py:147: TypeError
_ test_local_export_refuses_incomplete_results_before_publishing[20260905-stored-energy-basis-later-case-nan] _

local_study = <module '20260905-stored-energy-basis' from '/home/reid/1cfe/fusion-tea-codex-test/exploration/stellarator_e2e/studies/20260905-stored-energy-basis/study.py'>
bad_value = nan, bad_index = 1
tmp_path = PosixPath('/tmp/pytest-of-reid/pytest-12236/test_local_export_refuses_inco87')

    @pytest.mark.parametrize(
        "bad_value", ["absent", None, float("nan"), float("inf"), -float("inf")],
        ids=["absent", "null", "nan", "positive-inf", "negative-inf"],
    )
    @pytest.mark.parametrize("bad_index", [0, 1], ids=["first-case", "later-case"])
    def test_local_export_refuses_incomplete_results_before_publishing(
        local_study, bad_value, bad_index, tmp_path
    ):
        cases = [_local_case(local_study), _local_case(local_study)]
        channel = next(reversed(local_study.CHANNELS.values()))
        if bad_value == "absent":
            del cases[bad_index].outputs[channel]
        else:
            cases[bad_index].outputs[channel] = bad_value
        output = tmp_path / "points.csv"
        previous = b"previous evidence\n"
        output.write_bytes(previous)
    
        with pytest.raises(local_study.route.RouteError, match=channel):
>           local_study.export(cases, output)
E           TypeError: export() missing 2 required positional arguments: 'oracle' and 'path'

tests/study/test_study_publication_fail_closed.py:147: TypeError
_ test_local_export_refuses_incomplete_results_before_publishing[20260905-stored-energy-basis-later-case-positive-inf] _

local_study = <module '20260905-stored-energy-basis' from '/home/reid/1cfe/fusion-tea-codex-test/exploration/stellarator_e2e/studies/20260905-stored-energy-basis/study.py'>
bad_value = inf, bad_index = 1
tmp_path = PosixPath('/tmp/pytest-of-reid/pytest-12236/test_local_export_refuses_inco88')

    @pytest.mark.parametrize(
        "bad_value", ["absent", None, float("nan"), float("inf"), -float("inf")],
        ids=["absent", "null", "nan", "positive-inf", "negative-inf"],
    )
    @pytest.mark.parametrize("bad_index", [0, 1], ids=["first-case", "later-case"])
    def test_local_export_refuses_incomplete_results_before_publishing(
        local_study, bad_value, bad_index, tmp_path
    ):
        cases = [_local_case(local_study), _local_case(local_study)]
        channel = next(reversed(local_study.CHANNELS.values()))
        if bad_value == "absent":
            del cases[bad_index].outputs[channel]
        else:
            cases[bad_index].outputs[channel] = bad_value
        output = tmp_path / "points.csv"
        previous = b"previous evidence\n"
        output.write_bytes(previous)
    
        with pytest.raises(local_study.route.RouteError, match=channel):
>           local_study.export(cases, output)
E           TypeError: export() missing 2 required positional arguments: 'oracle' and 'path'

tests/study/test_study_publication_fail_closed.py:147: TypeError
_ test_local_export_refuses_incomplete_results_before_publishing[20260905-stored-energy-basis-later-case-negative-inf] _

local_study = <module '20260905-stored-energy-basis' from '/home/reid/1cfe/fusion-tea-codex-test/exploration/stellarator_e2e/studies/20260905-stored-energy-basis/study.py'>
bad_value = -inf, bad_index = 1
tmp_path = PosixPath('/tmp/pytest-of-reid/pytest-12236/test_local_export_refuses_inco89')

    @pytest.mark.parametrize(
        "bad_value", ["absent", None, float("nan"), float("inf"), -float("inf")],
        ids=["absent", "null", "nan", "positive-inf", "negative-inf"],
    )
    @pytest.mark.parametrize("bad_index", [0, 1], ids=["first-case", "later-case"])
    def test_local_export_refuses_incomplete_results_before_publishing(
        local_study, bad_value, bad_index, tmp_path
    ):
        cases = [_local_case(local_study), _local_case(local_study)]
        channel = next(reversed(local_study.CHANNELS.values()))
        if bad_value == "absent":
            del cases[bad_index].outputs[channel]
        else:
            cases[bad_index].outputs[channel] = bad_value
        output = tmp_path / "points.csv"
        previous = b"previous evidence\n"
        output.write_bytes(previous)
    
        with pytest.raises(local_study.route.RouteError, match=channel):
>           local_study.export(cases, output)
E           TypeError: export() missing 2 required positional arguments: 'oracle' and 'path'

tests/study/test_study_publication_fail_closed.py:147: TypeError
_ test_local_export_refuses_incomplete_results_before_publishing[20260907-burn-control-first-case-absent] _

local_study = <module '20260907-burn-control' from '/home/reid/1cfe/fusion-tea-codex-test/exploration/stellarator_e2e/studies/20260907-burn-control/study.py'>
bad_value = 'absent', bad_index = 0
tmp_path = PosixPath('/tmp/pytest-of-reid/pytest-12236/test_local_export_refuses_inco90')

    @pytest.mark.parametrize(
        "bad_value", ["absent", None, float("nan"), float("inf"), -float("inf")],
        ids=["absent", "null", "nan", "positive-inf", "negative-inf"],
    )
    @pytest.mark.parametrize("bad_index", [0, 1], ids=["first-case", "later-case"])
    def test_local_export_refuses_incomplete_results_before_publishing(
        local_study, bad_value, bad_index, tmp_path
    ):
        cases = [_local_case(local_study), _local_case(local_study)]
        channel = next(reversed(local_study.CHANNELS.values()))
        if bad_value == "absent":
            del cases[bad_index].outputs[channel]
        else:
            cases[bad_index].outputs[channel] = bad_value
        output = tmp_path / "points.csv"
        previous = b"previous evidence\n"
        output.write_bytes(previous)
    
        with pytest.raises(local_study.route.RouteError, match=channel):
>           local_study.export(cases, output)
E           TypeError: export() missing 2 required positional arguments: 'oracle' and 'path'

tests/study/test_study_publication_fail_closed.py:147: TypeError
_ test_local_export_refuses_incomplete_results_before_publishing[20260907-burn-control-first-case-null] _

local_study = <module '20260907-burn-control' from '/home/reid/1cfe/fusion-tea-codex-test/exploration/stellarator_e2e/studies/20260907-burn-control/study.py'>
bad_value = None, bad_index = 0
tmp_path = PosixPath('/tmp/pytest-of-reid/pytest-12236/test_local_export_refuses_inco91')

    @pytest.mark.parametrize(
        "bad_value", ["absent", None, float("nan"), float("inf"), -float("inf")],
        ids=["absent", "null", "nan", "positive-inf", "negative-inf"],
    )
    @pytest.mark.parametrize("bad_index", [0, 1], ids=["first-case", "later-case"])
    def test_local_export_refuses_incomplete_results_before_publishing(
        local_study, bad_value, bad_index, tmp_path
    ):
        cases = [_local_case(local_study), _local_case(local_study)]
        channel = next(reversed(local_study.CHANNELS.values()))
        if bad_value == "absent":
            del cases[bad_index].outputs[channel]
        else:
            cases[bad_index].outputs[channel] = bad_value
        output = tmp_path / "points.csv"
        previous = b"previous evidence\n"
        output.write_bytes(previous)
    
        with pytest.raises(local_study.route.RouteError, match=channel):
>           local_study.export(cases, output)
E           TypeError: export() missing 2 required positional arguments: 'oracle' and 'path'

tests/study/test_study_publication_fail_closed.py:147: TypeError
_ test_local_export_refuses_incomplete_results_before_publishing[20260907-burn-control-first-case-nan] _

local_study = <module '20260907-burn-control' from '/home/reid/1cfe/fusion-tea-codex-test/exploration/stellarator_e2e/studies/20260907-burn-control/study.py'>
bad_value = nan, bad_index = 0
tmp_path = PosixPath('/tmp/pytest-of-reid/pytest-12236/test_local_export_refuses_inco92')

    @pytest.mark.parametrize(
        "bad_value", ["absent", None, float("nan"), float("inf"), -float("inf")],
        ids=["absent", "null", "nan", "positive-inf", "negative-inf"],
    )
    @pytest.mark.parametrize("bad_index", [0, 1], ids=["first-case", "later-case"])
    def test_local_export_refuses_incomplete_results_before_publishing(
        local_study, bad_value, bad_index, tmp_path
    ):
        cases = [_local_case(local_study), _local_case(local_study)]
        channel = next(reversed(local_study.CHANNELS.values()))
        if bad_value == "absent":
            del cases[bad_index].outputs[channel]
        else:
            cases[bad_index].outputs[channel] = bad_value
        output = tmp_path / "points.csv"
        previous = b"previous evidence\n"
        output.write_bytes(previous)
    
        with pytest.raises(local_study.route.RouteError, match=channel):
>           local_study.export(cases, output)
E           TypeError: export() missing 2 required positional arguments: 'oracle' and 'path'

tests/study/test_study_publication_fail_closed.py:147: TypeError
_ test_local_export_refuses_incomplete_results_before_publishing[20260907-burn-control-first-case-positive-inf] _

local_study = <module '20260907-burn-control' from '/home/reid/1cfe/fusion-tea-codex-test/exploration/stellarator_e2e/studies/20260907-burn-control/study.py'>
bad_value = inf, bad_index = 0
tmp_path = PosixPath('/tmp/pytest-of-reid/pytest-12236/test_local_export_refuses_inco93')

    @pytest.mark.parametrize(
        "bad_value", ["absent", None, float("nan"), float("inf"), -float("inf")],
        ids=["absent", "null", "nan", "positive-inf", "negative-inf"],
    )
    @pytest.mark.parametrize("bad_index", [0, 1], ids=["first-case", "later-case"])
    def test_local_export_refuses_incomplete_results_before_publishing(
        local_study, bad_value, bad_index, tmp_path
    ):
        cases = [_local_case(local_study), _local_case(local_study)]
        channel = next(reversed(local_study.CHANNELS.values()))
        if bad_value == "absent":
            del cases[bad_index].outputs[channel]
        else:
            cases[bad_index].outputs[channel] = bad_value
        output = tmp_path / "points.csv"
        previous = b"previous evidence\n"
        output.write_bytes(previous)
    
        with pytest.raises(local_study.route.RouteError, match=channel):
>           local_study.export(cases, output)
E           TypeError: export() missing 2 required positional arguments: 'oracle' and 'path'

tests/study/test_study_publication_fail_closed.py:147: TypeError
_ test_local_export_refuses_incomplete_results_before_publishing[20260907-burn-control-first-case-negative-inf] _

local_study = <module '20260907-burn-control' from '/home/reid/1cfe/fusion-tea-codex-test/exploration/stellarator_e2e/studies/20260907-burn-control/study.py'>
bad_value = -inf, bad_index = 0
tmp_path = PosixPath('/tmp/pytest-of-reid/pytest-12236/test_local_export_refuses_inco94')

    @pytest.mark.parametrize(
        "bad_value", ["absent", None, float("nan"), float("inf"), -float("inf")],
        ids=["absent", "null", "nan", "positive-inf", "negative-inf"],
    )
    @pytest.mark.parametrize("bad_index", [0, 1], ids=["first-case", "later-case"])
    def test_local_export_refuses_incomplete_results_before_publishing(
        local_study, bad_value, bad_index, tmp_path
    ):
        cases = [_local_case(local_study), _local_case(local_study)]
        channel = next(reversed(local_study.CHANNELS.values()))
        if bad_value == "absent":
            del cases[bad_index].outputs[channel]
        else:
            cases[bad_index].outputs[channel] = bad_value
        output = tmp_path / "points.csv"
        previous = b"previous evidence\n"
        output.write_bytes(previous)
    
        with pytest.raises(local_study.route.RouteError, match=channel):
>           local_study.export(cases, output)
E           TypeError: export() missing 2 required positional arguments: 'oracle' and 'path'

tests/study/test_study_publication_fail_closed.py:147: TypeError
_ test_local_export_refuses_incomplete_results_before_publishing[20260907-burn-control-later-case-absent] _

local_study = <module '20260907-burn-control' from '/home/reid/1cfe/fusion-tea-codex-test/exploration/stellarator_e2e/studies/20260907-burn-control/study.py'>
bad_value = 'absent', bad_index = 1
tmp_path = PosixPath('/tmp/pytest-of-reid/pytest-12236/test_local_export_refuses_inco95')

    @pytest.mark.parametrize(
        "bad_value", ["absent", None, float("nan"), float("inf"), -float("inf")],
        ids=["absent", "null", "nan", "positive-inf", "negative-inf"],
    )
    @pytest.mark.parametrize("bad_index", [0, 1], ids=["first-case", "later-case"])
    def test_local_export_refuses_incomplete_results_before_publishing(
        local_study, bad_value, bad_index, tmp_path
    ):
        cases = [_local_case(local_study), _local_case(local_study)]
        channel = next(reversed(local_study.CHANNELS.values()))
        if bad_value == "absent":
            del cases[bad_index].outputs[channel]
        else:
            cases[bad_index].outputs[channel] = bad_value
        output = tmp_path / "points.csv"
        previous = b"previous evidence\n"
        output.write_bytes(previous)
    
        with pytest.raises(local_study.route.RouteError, match=channel):
>           local_study.export(cases, output)
E           TypeError: export() missing 2 required positional arguments: 'oracle' and 'path'

tests/study/test_study_publication_fail_closed.py:147: TypeError
_ test_local_export_refuses_incomplete_results_before_publishing[20260907-burn-control-later-case-null] _

local_study = <module '20260907-burn-control' from '/home/reid/1cfe/fusion-tea-codex-test/exploration/stellarator_e2e/studies/20260907-burn-control/study.py'>
bad_value = None, bad_index = 1
tmp_path = PosixPath('/tmp/pytest-of-reid/pytest-12236/test_local_export_refuses_inco96')

    @pytest.mark.parametrize(
        "bad_value", ["absent", None, float("nan"), float("inf"), -float("inf")],
        ids=["absent", "null", "nan", "positive-inf", "negative-inf"],
    )
    @pytest.mark.parametrize("bad_index", [0, 1], ids=["first-case", "later-case"])
    def test_local_export_refuses_incomplete_results_before_publishing(
        local_study, bad_value, bad_index, tmp_path
    ):
        cases = [_local_case(local_study), _local_case(local_study)]
        channel = next(reversed(local_study.CHANNELS.values()))
        if bad_value == "absent":
            del cases[bad_index].outputs[channel]
        else:
            cases[bad_index].outputs[channel] = bad_value
        output = tmp_path / "points.csv"
        previous = b"previous evidence\n"
        output.write_bytes(previous)
    
        with pytest.raises(local_study.route.RouteError, match=channel):
>           local_study.export(cases, output)
E           TypeError: export() missing 2 required positional arguments: 'oracle' and 'path'

tests/study/test_study_publication_fail_closed.py:147: TypeError
_ test_local_export_refuses_incomplete_results_before_publishing[20260907-burn-control-later-case-nan] _

local_study = <module '20260907-burn-control' from '/home/reid/1cfe/fusion-tea-codex-test/exploration/stellarator_e2e/studies/20260907-burn-control/study.py'>
bad_value = nan, bad_index = 1
tmp_path = PosixPath('/tmp/pytest-of-reid/pytest-12236/test_local_export_refuses_inco97')

    @pytest.mark.parametrize(
        "bad_value", ["absent", None, float("nan"), float("inf"), -float("inf")],
        ids=["absent", "null", "nan", "positive-inf", "negative-inf"],
    )
    @pytest.mark.parametrize("bad_index", [0, 1], ids=["first-case", "later-case"])
    def test_local_export_refuses_incomplete_results_before_publishing(
        local_study, bad_value, bad_index, tmp_path
    ):
        cases = [_local_case(local_study), _local_case(local_study)]
        channel = next(reversed(local_study.CHANNELS.values()))
        if bad_value == "absent":
            del cases[bad_index].outputs[channel]
        else:
            cases[bad_index].outputs[channel] = bad_value
        output = tmp_path / "points.csv"
        previous = b"previous evidence\n"
        output.write_bytes(previous)
    
        with pytest.raises(local_study.route.RouteError, match=channel):
>           local_study.export(cases, output)
E           TypeError: export() missing 2 required positional arguments: 'oracle' and 'path'

tests/study/test_study_publication_fail_closed.py:147: TypeError
_ test_local_export_refuses_incomplete_results_before_publishing[20260907-burn-control-later-case-positive-inf] _

local_study = <module '20260907-burn-control' from '/home/reid/1cfe/fusion-tea-codex-test/exploration/stellarator_e2e/studies/20260907-burn-control/study.py'>
bad_value = inf, bad_index = 1
tmp_path = PosixPath('/tmp/pytest-of-reid/pytest-12236/test_local_export_refuses_inco98')

    @pytest.mark.parametrize(
        "bad_value", ["absent", None, float("nan"), float("inf"), -float("inf")],
        ids=["absent", "null", "nan", "positive-inf", "negative-inf"],
    )
    @pytest.mark.parametrize("bad_index", [0, 1], ids=["first-case", "later-case"])
    def test_local_export_refuses_incomplete_results_before_publishing(
        local_study, bad_value, bad_index, tmp_path
    ):
        cases = [_local_case(local_study), _local_case(local_study)]
        channel = next(reversed(local_study.CHANNELS.values()))
        if bad_value == "absent":
            del cases[bad_index].outputs[channel]
        else:
            cases[bad_index].outputs[channel] = bad_value
        output = tmp_path / "points.csv"
        previous = b"previous evidence\n"
        output.write_bytes(previous)
    
        with pytest.raises(local_study.route.RouteError, match=channel):
>           local_study.export(cases, output)
E           TypeError: export() missing 2 required positional arguments: 'oracle' and 'path'

tests/study/test_study_publication_fail_closed.py:147: TypeError
_ test_local_export_refuses_incomplete_results_before_publishing[20260907-burn-control-later-case-negative-inf] _

local_study = <module '20260907-burn-control' from '/home/reid/1cfe/fusion-tea-codex-test/exploration/stellarator_e2e/studies/20260907-burn-control/study.py'>
bad_value = -inf, bad_index = 1
tmp_path = PosixPath('/tmp/pytest-of-reid/pytest-12236/test_local_export_refuses_inco99')

    @pytest.mark.parametrize(
        "bad_value", ["absent", None, float("nan"), float("inf"), -float("inf")],
        ids=["absent", "null", "nan", "positive-inf", "negative-inf"],
    )
    @pytest.mark.parametrize("bad_index", [0, 1], ids=["first-case", "later-case"])
    def test_local_export_refuses_incomplete_results_before_publishing(
        local_study, bad_value, bad_index, tmp_path
    ):
        cases = [_local_case(local_study), _local_case(local_study)]
        channel = next(reversed(local_study.CHANNELS.values()))
        if bad_value == "absent":
            del cases[bad_index].outputs[channel]
        else:
            cases[bad_index].outputs[channel] = bad_value
        output = tmp_path / "points.csv"
        previous = b"previous evidence\n"
        output.write_bytes(previous)
    
        with pytest.raises(local_study.route.RouteError, match=channel):
>           local_study.export(cases, output)
E           TypeError: export() missing 2 required positional arguments: 'oracle' and 'path'

tests/study/test_study_publication_fail_closed.py:147: TypeError
_ test_local_export_refuses_incomplete_results_before_publishing[20260907-minor-radius-first-case-absent] _

local_study = <module '20260907-minor-radius' from '/home/reid/1cfe/fusion-tea-codex-test/exploration/stellarator_e2e/studies/20260907-minor-radius/study.py'>
bad_value = 'absent', bad_index = 0
tmp_path = PosixPath('/tmp/pytest-of-reid/pytest-12236/test_local_export_refuses_inco100')

    @pytest.mark.parametrize(
        "bad_value", ["absent", None, float("nan"), float("inf"), -float("inf")],
        ids=["absent", "null", "nan", "positive-inf", "negative-inf"],
    )
    @pytest.mark.parametrize("bad_index", [0, 1], ids=["first-case", "later-case"])
    def test_local_export_refuses_incomplete_results_before_publishing(
        local_study, bad_value, bad_index, tmp_path
    ):
        cases = [_local_case(local_study), _local_case(local_study)]
        channel = next(reversed(local_study.CHANNELS.values()))
        if bad_value == "absent":
            del cases[bad_index].outputs[channel]
        else:
            cases[bad_index].outputs[channel] = bad_value
        output = tmp_path / "points.csv"
        previous = b"previous evidence\n"
        output.write_bytes(previous)
    
        with pytest.raises(local_study.route.RouteError, match=channel):
>           local_study.export(cases, output)
E           TypeError: export() missing 2 required positional arguments: 'oracle' and 'path'

tests/study/test_study_publication_fail_closed.py:147: TypeError
_ test_local_export_refuses_incomplete_results_before_publishing[20260907-minor-radius-first-case-null] _

local_study = <module '20260907-minor-radius' from '/home/reid/1cfe/fusion-tea-codex-test/exploration/stellarator_e2e/studies/20260907-minor-radius/study.py'>
bad_value = None, bad_index = 0
tmp_path = PosixPath('/tmp/pytest-of-reid/pytest-12236/test_local_export_refuses_inco101')

    @pytest.mark.parametrize(
        "bad_value", ["absent", None, float("nan"), float("inf"), -float("inf")],
        ids=["absent", "null", "nan", "positive-inf", "negative-inf"],
    )
    @pytest.mark.parametrize("bad_index", [0, 1], ids=["first-case", "later-case"])
    def test_local_export_refuses_incomplete_results_before_publishing(
        local_study, bad_value, bad_index, tmp_path
    ):
        cases = [_local_case(local_study), _local_case(local_study)]
        channel = next(reversed(local_study.CHANNELS.values()))
        if bad_value == "absent":
            del cases[bad_index].outputs[channel]
        else:
            cases[bad_index].outputs[channel] = bad_value
        output = tmp_path / "points.csv"
        previous = b"previous evidence\n"
        output.write_bytes(previous)
    
        with pytest.raises(local_study.route.RouteError, match=channel):
>           local_study.export(cases, output)
E           TypeError: export() missing 2 required positional arguments: 'oracle' and 'path'

tests/study/test_study_publication_fail_closed.py:147: TypeError
_ test_local_export_refuses_incomplete_results_before_publishing[20260907-minor-radius-first-case-nan] _

local_study = <module '20260907-minor-radius' from '/home/reid/1cfe/fusion-tea-codex-test/exploration/stellarator_e2e/studies/20260907-minor-radius/study.py'>
bad_value = nan, bad_index = 0
tmp_path = PosixPath('/tmp/pytest-of-reid/pytest-12236/test_local_export_refuses_inco102')

    @pytest.mark.parametrize(
        "bad_value", ["absent", None, float("nan"), float("inf"), -float("inf")],
        ids=["absent", "null", "nan", "positive-inf", "negative-inf"],
    )
    @pytest.mark.parametrize("bad_index", [0, 1], ids=["first-case", "later-case"])
    def test_local_export_refuses_incomplete_results_before_publishing(
        local_study, bad_value, bad_index, tmp_path
    ):
        cases = [_local_case(local_study), _local_case(local_study)]
        channel = next(reversed(local_study.CHANNELS.values()))
        if bad_value == "absent":
            del cases[bad_index].outputs[channel]
        else:
            cases[bad_index].outputs[channel] = bad_value
        output = tmp_path / "points.csv"
        previous = b"previous evidence\n"
        output.write_bytes(previous)
    
        with pytest.raises(local_study.route.RouteError, match=channel):
>           local_study.export(cases, output)
E           TypeError: export() missing 2 required positional arguments: 'oracle' and 'path'

tests/study/test_study_publication_fail_closed.py:147: TypeError
_ test_local_export_refuses_incomplete_results_before_publishing[20260907-minor-radius-first-case-positive-inf] _

local_study = <module '20260907-minor-radius' from '/home/reid/1cfe/fusion-tea-codex-test/exploration/stellarator_e2e/studies/20260907-minor-radius/study.py'>
bad_value = inf, bad_index = 0
tmp_path = PosixPath('/tmp/pytest-of-reid/pytest-12236/test_local_export_refuses_inco103')

    @pytest.mark.parametrize(
        "bad_value", ["absent", None, float("nan"), float("inf"), -float("inf")],
        ids=["absent", "null", "nan", "positive-inf", "negative-inf"],
    )
    @pytest.mark.parametrize("bad_index", [0, 1], ids=["first-case", "later-case"])
    def test_local_export_refuses_incomplete_results_before_publishing(
        local_study, bad_value, bad_index, tmp_path
    ):
        cases = [_local_case(local_study), _local_case(local_study)]
        channel = next(reversed(local_study.CHANNELS.values()))
        if bad_value == "absent":
            del cases[bad_index].outputs[channel]
        else:
            cases[bad_index].outputs[channel] = bad_value
        output = tmp_path / "points.csv"
        previous = b"previous evidence\n"
        output.write_bytes(previous)
    
        with pytest.raises(local_study.route.RouteError, match=channel):
>           local_study.export(cases, output)
E           TypeError: export() missing 2 required positional arguments: 'oracle' and 'path'

tests/study/test_study_publication_fail_closed.py:147: TypeError
_ test_local_export_refuses_incomplete_results_before_publishing[20260907-minor-radius-first-case-negative-inf] _

local_study = <module '20260907-minor-radius' from '/home/reid/1cfe/fusion-tea-codex-test/exploration/stellarator_e2e/studies/20260907-minor-radius/study.py'>
bad_value = -inf, bad_index = 0
tmp_path = PosixPath('/tmp/pytest-of-reid/pytest-12236/test_local_export_refuses_inco104')

    @pytest.mark.parametrize(
        "bad_value", ["absent", None, float("nan"), float("inf"), -float("inf")],
        ids=["absent", "null", "nan", "positive-inf", "negative-inf"],
    )
    @pytest.mark.parametrize("bad_index", [0, 1], ids=["first-case", "later-case"])
    def test_local_export_refuses_incomplete_results_before_publishing(
        local_study, bad_value, bad_index, tmp_path
    ):
        cases = [_local_case(local_study), _local_case(local_study)]
        channel = next(reversed(local_study.CHANNELS.values()))
        if bad_value == "absent":
            del cases[bad_index].outputs[channel]
        else:
            cases[bad_index].outputs[channel] = bad_value
        output = tmp_path / "points.csv"
        previous = b"previous evidence\n"
        output.write_bytes(previous)
    
        with pytest.raises(local_study.route.RouteError, match=channel):
>           local_study.export(cases, output)
E           TypeError: export() missing 2 required positional arguments: 'oracle' and 'path'

tests/study/test_study_publication_fail_closed.py:147: TypeError
_ test_local_export_refuses_incomplete_results_before_publishing[20260907-minor-radius-later-case-absent] _

local_study = <module '20260907-minor-radius' from '/home/reid/1cfe/fusion-tea-codex-test/exploration/stellarator_e2e/studies/20260907-minor-radius/study.py'>
bad_value = 'absent', bad_index = 1
tmp_path = PosixPath('/tmp/pytest-of-reid/pytest-12236/test_local_export_refuses_inco105')

    @pytest.mark.parametrize(
        "bad_value", ["absent", None, float("nan"), float("inf"), -float("inf")],
        ids=["absent", "null", "nan", "positive-inf", "negative-inf"],
    )
    @pytest.mark.parametrize("bad_index", [0, 1], ids=["first-case", "later-case"])
    def test_local_export_refuses_incomplete_results_before_publishing(
        local_study, bad_value, bad_index, tmp_path
    ):
        cases = [_local_case(local_study), _local_case(local_study)]
        channel = next(reversed(local_study.CHANNELS.values()))
        if bad_value == "absent":
            del cases[bad_index].outputs[channel]
        else:
            cases[bad_index].outputs[channel] = bad_value
        output = tmp_path / "points.csv"
        previous = b"previous evidence\n"
        output.write_bytes(previous)
    
        with pytest.raises(local_study.route.RouteError, match=channel):
>           local_study.export(cases, output)
E           TypeError: export() missing 2 required positional arguments: 'oracle' and 'path'

tests/study/test_study_publication_fail_closed.py:147: TypeError
_ test_local_export_refuses_incomplete_results_before_publishing[20260907-minor-radius-later-case-null] _

local_study = <module '20260907-minor-radius' from '/home/reid/1cfe/fusion-tea-codex-test/exploration/stellarator_e2e/studies/20260907-minor-radius/study.py'>
bad_value = None, bad_index = 1
tmp_path = PosixPath('/tmp/pytest-of-reid/pytest-12236/test_local_export_refuses_inco106')

    @pytest.mark.parametrize(
        "bad_value", ["absent", None, float("nan"), float("inf"), -float("inf")],
        ids=["absent", "null", "nan", "positive-inf", "negative-inf"],
    )
    @pytest.mark.parametrize("bad_index", [0, 1], ids=["first-case", "later-case"])
    def test_local_export_refuses_incomplete_results_before_publishing(
        local_study, bad_value, bad_index, tmp_path
    ):
        cases = [_local_case(local_study), _local_case(local_study)]
        channel = next(reversed(local_study.CHANNELS.values()))
        if bad_value == "absent":
            del cases[bad_index].outputs[channel]
        else:
            cases[bad_index].outputs[channel] = bad_value
        output = tmp_path / "points.csv"
        previous = b"previous evidence\n"
        output.write_bytes(previous)
    
        with pytest.raises(local_study.route.RouteError, match=channel):
>           local_study.export(cases, output)
E           TypeError: export() missing 2 required positional arguments: 'oracle' and 'path'

tests/study/test_study_publication_fail_closed.py:147: TypeError
_ test_local_export_refuses_incomplete_results_before_publishing[20260907-minor-radius-later-case-nan] _

local_study = <module '20260907-minor-radius' from '/home/reid/1cfe/fusion-tea-codex-test/exploration/stellarator_e2e/studies/20260907-minor-radius/study.py'>
bad_value = nan, bad_index = 1
tmp_path = PosixPath('/tmp/pytest-of-reid/pytest-12236/test_local_export_refuses_inco107')

    @pytest.mark.parametrize(
        "bad_value", ["absent", None, float("nan"), float("inf"), -float("inf")],
        ids=["absent", "null", "nan", "positive-inf", "negative-inf"],
    )
    @pytest.mark.parametrize("bad_index", [0, 1], ids=["first-case", "later-case"])
    def test_local_export_refuses_incomplete_results_before_publishing(
        local_study, bad_value, bad_index, tmp_path
    ):
        cases = [_local_case(local_study), _local_case(local_study)]
        channel = next(reversed(local_study.CHANNELS.values()))
        if bad_value == "absent":
            del cases[bad_index].outputs[channel]
        else:
            cases[bad_index].outputs[channel] = bad_value
        output = tmp_path / "points.csv"
        previous = b"previous evidence\n"
        output.write_bytes(previous)
    
        with pytest.raises(local_study.route.RouteError, match=channel):
>           local_study.export(cases, output)
E           TypeError: export() missing 2 required positional arguments: 'oracle' and 'path'

tests/study/test_study_publication_fail_closed.py:147: TypeError
_ test_local_export_refuses_incomplete_results_before_publishing[20260907-minor-radius-later-case-positive-inf] _

local_study = <module '20260907-minor-radius' from '/home/reid/1cfe/fusion-tea-codex-test/exploration/stellarator_e2e/studies/20260907-minor-radius/study.py'>
bad_value = inf, bad_index = 1
tmp_path = PosixPath('/tmp/pytest-of-reid/pytest-12236/test_local_export_refuses_inco108')

    @pytest.mark.parametrize(
        "bad_value", ["absent", None, float("nan"), float("inf"), -float("inf")],
        ids=["absent", "null", "nan", "positive-inf", "negative-inf"],
    )
    @pytest.mark.parametrize("bad_index", [0, 1], ids=["first-case", "later-case"])
    def test_local_export_refuses_incomplete_results_before_publishing(
        local_study, bad_value, bad_index, tmp_path
    ):
        cases = [_local_case(local_study), _local_case(local_study)]
        channel = next(reversed(local_study.CHANNELS.values()))
        if bad_value == "absent":
            del cases[bad_index].outputs[channel]
        else:
            cases[bad_index].outputs[channel] = bad_value
        output = tmp_path / "points.csv"
        previous = b"previous evidence\n"
        output.write_bytes(previous)
    
        with pytest.raises(local_study.route.RouteError, match=channel):
>           local_study.export(cases, output)
E           TypeError: export() missing 2 required positional arguments: 'oracle' and 'path'

tests/study/test_study_publication_fail_closed.py:147: TypeError
_ test_local_export_refuses_incomplete_results_before_publishing[20260907-minor-radius-later-case-negative-inf] _

local_study = <module '20260907-minor-radius' from '/home/reid/1cfe/fusion-tea-codex-test/exploration/stellarator_e2e/studies/20260907-minor-radius/study.py'>
bad_value = -inf, bad_index = 1
tmp_path = PosixPath('/tmp/pytest-of-reid/pytest-12236/test_local_export_refuses_inco109')

    @pytest.mark.parametrize(
        "bad_value", ["absent", None, float("nan"), float("inf"), -float("inf")],
        ids=["absent", "null", "nan", "positive-inf", "negative-inf"],
    )
    @pytest.mark.parametrize("bad_index", [0, 1], ids=["first-case", "later-case"])
    def test_local_export_refuses_incomplete_results_before_publishing(
        local_study, bad_value, bad_index, tmp_path
    ):
        cases = [_local_case(local_study), _local_case(local_study)]
        channel = next(reversed(local_study.CHANNELS.values()))
        if bad_value == "absent":
            del cases[bad_index].outputs[channel]
        else:
            cases[bad_index].outputs[channel] = bad_value
        output = tmp_path / "points.csv"
        previous = b"previous evidence\n"
        output.write_bytes(previous)
    
        with pytest.raises(local_study.route.RouteError, match=channel):
>           local_study.export(cases, output)
E           TypeError: export() missing 2 required positional arguments: 'oracle' and 'path'

tests/study/test_study_publication_fail_closed.py:147: TypeError
_ test_local_export_refuses_incomplete_results_before_publishing[20260911-operating-heating-first-case-absent] _

local_study = <module '20260911-operating-heating' from '/home/reid/1cfe/fusion-tea-codex-test/exploration/stellarator_e2e/studies/20260911-operating-heating/study.py'>
bad_value = 'absent', bad_index = 0
tmp_path = PosixPath('/tmp/pytest-of-reid/pytest-12236/test_local_export_refuses_inco110')

    @pytest.mark.parametrize(
        "bad_value", ["absent", None, float("nan"), float("inf"), -float("inf")],
        ids=["absent", "null", "nan", "positive-inf", "negative-inf"],
    )
    @pytest.mark.parametrize("bad_index", [0, 1], ids=["first-case", "later-case"])
    def test_local_export_refuses_incomplete_results_before_publishing(
        local_study, bad_value, bad_index, tmp_path
    ):
>       cases = [_local_case(local_study), _local_case(local_study)]
                 ^^^^^^^^^^^^^^^^^^^^^^^^

tests/study/test_study_publication_fail_closed.py:136: 
_ _ _ _ _ _ _ _ _ _ _ _ _ _ _ _ _ _ _ _ _ _ _ _ _ _ _ _ _ _ _ _ _ _ _ _ _ _ _ _ 

study = <module '20260911-operating-heating' from '/home/reid/1cfe/fusion-tea-codex-test/exploration/stellarator_e2e/studies/20260911-operating-heating/study.py'>

    def _local_case(study):
>       proposal = study.proposals()[0]
                   ^^^^^^^^^^^^^^^
E       AttributeError: module '20260911-operating-heating' has no attribute 'proposals'

tests/study/test_study_publication_fail_closed.py:117: AttributeError
_ test_local_export_refuses_incomplete_results_before_publishing[20260911-operating-heating-first-case-null] _

local_study = <module '20260911-operating-heating' from '/home/reid/1cfe/fusion-tea-codex-test/exploration/stellarator_e2e/studies/20260911-operating-heating/study.py'>
bad_value = None, bad_index = 0
tmp_path = PosixPath('/tmp/pytest-of-reid/pytest-12236/test_local_export_refuses_inco111')

    @pytest.mark.parametrize(
        "bad_value", ["absent", None, float("nan"), float("inf"), -float("inf")],
        ids=["absent", "null", "nan", "positive-inf", "negative-inf"],
    )
    @pytest.mark.parametrize("bad_index", [0, 1], ids=["first-case", "later-case"])
    def test_local_export_refuses_incomplete_results_before_publishing(
        local_study, bad_value, bad_index, tmp_path
    ):
>       cases = [_local_case(local_study), _local_case(local_study)]
                 ^^^^^^^^^^^^^^^^^^^^^^^^

tests/study/test_study_publication_fail_closed.py:136: 
_ _ _ _ _ _ _ _ _ _ _ _ _ _ _ _ _ _ _ _ _ _ _ _ _ _ _ _ _ _ _ _ _ _ _ _ _ _ _ _ 

study = <module '20260911-operating-heating' from '/home/reid/1cfe/fusion-tea-codex-test/exploration/stellarator_e2e/studies/20260911-operating-heating/study.py'>

    def _local_case(study):
>       proposal = study.proposals()[0]
                   ^^^^^^^^^^^^^^^
E       AttributeError: module '20260911-operating-heating' has no attribute 'proposals'

tests/study/test_study_publication_fail_closed.py:117: AttributeError
_ test_local_export_refuses_incomplete_results_before_publishing[20260911-operating-heating-first-case-nan] _

local_study = <module '20260911-operating-heating' from '/home/reid/1cfe/fusion-tea-codex-test/exploration/stellarator_e2e/studies/20260911-operating-heating/study.py'>
bad_value = nan, bad_index = 0
tmp_path = PosixPath('/tmp/pytest-of-reid/pytest-12236/test_local_export_refuses_inco112')

    @pytest.mark.parametrize(
        "bad_value", ["absent", None, float("nan"), float("inf"), -float("inf")],
        ids=["absent", "null", "nan", "positive-inf", "negative-inf"],
    )
    @pytest.mark.parametrize("bad_index", [0, 1], ids=["first-case", "later-case"])
    def test_local_export_refuses_incomplete_results_before_publishing(
        local_study, bad_value, bad_index, tmp_path
    ):
>       cases = [_local_case(local_study), _local_case(local_study)]
                 ^^^^^^^^^^^^^^^^^^^^^^^^

tests/study/test_study_publication_fail_closed.py:136: 
_ _ _ _ _ _ _ _ _ _ _ _ _ _ _ _ _ _ _ _ _ _ _ _ _ _ _ _ _ _ _ _ _ _ _ _ _ _ _ _ 

study = <module '20260911-operating-heating' from '/home/reid/1cfe/fusion-tea-codex-test/exploration/stellarator_e2e/studies/20260911-operating-heating/study.py'>

    def _local_case(study):
>       proposal = study.proposals()[0]
                   ^^^^^^^^^^^^^^^
E       AttributeError: module '20260911-operating-heating' has no attribute 'proposals'

tests/study/test_study_publication_fail_closed.py:117: AttributeError
_ test_local_export_refuses_incomplete_results_before_publishing[20260911-operating-heating-first-case-positive-inf] _

local_study = <module '20260911-operating-heating' from '/home/reid/1cfe/fusion-tea-codex-test/exploration/stellarator_e2e/studies/20260911-operating-heating/study.py'>
bad_value = inf, bad_index = 0
tmp_path = PosixPath('/tmp/pytest-of-reid/pytest-12236/test_local_export_refuses_inco113')

    @pytest.mark.parametrize(
        "bad_value", ["absent", None, float("nan"), float("inf"), -float("inf")],
        ids=["absent", "null", "nan", "positive-inf", "negative-inf"],
    )
    @pytest.mark.parametrize("bad_index", [0, 1], ids=["first-case", "later-case"])
    def test_local_export_refuses_incomplete_results_before_publishing(
        local_study, bad_value, bad_index, tmp_path
    ):
>       cases = [_local_case(local_study), _local_case(local_study)]
                 ^^^^^^^^^^^^^^^^^^^^^^^^

tests/study/test_study_publication_fail_closed.py:136: 
_ _ _ _ _ _ _ _ _ _ _ _ _ _ _ _ _ _ _ _ _ _ _ _ _ _ _ _ _ _ _ _ _ _ _ _ _ _ _ _ 

study = <module '20260911-operating-heating' from '/home/reid/1cfe/fusion-tea-codex-test/exploration/stellarator_e2e/studies/20260911-operating-heating/study.py'>

    def _local_case(study):
>       proposal = study.proposals()[0]
                   ^^^^^^^^^^^^^^^
E       AttributeError: module '20260911-operating-heating' has no attribute 'proposals'

tests/study/test_study_publication_fail_closed.py:117: AttributeError
_ test_local_export_refuses_incomplete_results_before_publishing[20260911-operating-heating-first-case-negative-inf] _

local_study = <module '20260911-operating-heating' from '/home/reid/1cfe/fusion-tea-codex-test/exploration/stellarator_e2e/studies/20260911-operating-heating/study.py'>
bad_value = -inf, bad_index = 0
tmp_path = PosixPath('/tmp/pytest-of-reid/pytest-12236/test_local_export_refuses_inco114')

    @pytest.mark.parametrize(
        "bad_value", ["absent", None, float("nan"), float("inf"), -float("inf")],
        ids=["absent", "null", "nan", "positive-inf", "negative-inf"],
    )
    @pytest.mark.parametrize("bad_index", [0, 1], ids=["first-case", "later-case"])
    def test_local_export_refuses_incomplete_results_before_publishing(
        local_study, bad_value, bad_index, tmp_path
    ):
>       cases = [_local_case(local_study), _local_case(local_study)]
                 ^^^^^^^^^^^^^^^^^^^^^^^^

tests/study/test_study_publication_fail_closed.py:136: 
_ _ _ _ _ _ _ _ _ _ _ _ _ _ _ _ _ _ _ _ _ _ _ _ _ _ _ _ _ _ _ _ _ _ _ _ _ _ _ _ 

study = <module '20260911-operating-heating' from '/home/reid/1cfe/fusion-tea-codex-test/exploration/stellarator_e2e/studies/20260911-operating-heating/study.py'>

    def _local_case(study):
>       proposal = study.proposals()[0]
                   ^^^^^^^^^^^^^^^
E       AttributeError: module '20260911-operating-heating' has no attribute 'proposals'

tests/study/test_study_publication_fail_closed.py:117: AttributeError
_ test_local_export_refuses_incomplete_results_before_publishing[20260911-operating-heating-later-case-absent] _

local_study = <module '20260911-operating-heating' from '/home/reid/1cfe/fusion-tea-codex-test/exploration/stellarator_e2e/studies/20260911-operating-heating/study.py'>
bad_value = 'absent', bad_index = 1
tmp_path = PosixPath('/tmp/pytest-of-reid/pytest-12236/test_local_export_refuses_inco115')

    @pytest.mark.parametrize(
        "bad_value", ["absent", None, float("nan"), float("inf"), -float("inf")],
        ids=["absent", "null", "nan", "positive-inf", "negative-inf"],
    )
    @pytest.mark.parametrize("bad_index", [0, 1], ids=["first-case", "later-case"])
    def test_local_export_refuses_incomplete_results_before_publishing(
        local_study, bad_value, bad_index, tmp_path
    ):
>       cases = [_local_case(local_study), _local_case(local_study)]
                 ^^^^^^^^^^^^^^^^^^^^^^^^

tests/study/test_study_publication_fail_closed.py:136: 
_ _ _ _ _ _ _ _ _ _ _ _ _ _ _ _ _ _ _ _ _ _ _ _ _ _ _ _ _ _ _ _ _ _ _ _ _ _ _ _ 

study = <module '20260911-operating-heating' from '/home/reid/1cfe/fusion-tea-codex-test/exploration/stellarator_e2e/studies/20260911-operating-heating/study.py'>

    def _local_case(study):
>       proposal = study.proposals()[0]
                   ^^^^^^^^^^^^^^^
E       AttributeError: module '20260911-operating-heating' has no attribute 'proposals'

tests/study/test_study_publication_fail_closed.py:117: AttributeError
_ test_local_export_refuses_incomplete_results_before_publishing[20260911-operating-heating-later-case-null] _

local_study = <module '20260911-operating-heating' from '/home/reid/1cfe/fusion-tea-codex-test/exploration/stellarator_e2e/studies/20260911-operating-heating/study.py'>
bad_value = None, bad_index = 1
tmp_path = PosixPath('/tmp/pytest-of-reid/pytest-12236/test_local_export_refuses_inco116')

    @pytest.mark.parametrize(
        "bad_value", ["absent", None, float("nan"), float("inf"), -float("inf")],
        ids=["absent", "null", "nan", "positive-inf", "negative-inf"],
    )
    @pytest.mark.parametrize("bad_index", [0, 1], ids=["first-case", "later-case"])
    def test_local_export_refuses_incomplete_results_before_publishing(
        local_study, bad_value, bad_index, tmp_path
    ):
>       cases = [_local_case(local_study), _local_case(local_study)]
                 ^^^^^^^^^^^^^^^^^^^^^^^^

tests/study/test_study_publication_fail_closed.py:136: 
_ _ _ _ _ _ _ _ _ _ _ _ _ _ _ _ _ _ _ _ _ _ _ _ _ _ _ _ _ _ _ _ _ _ _ _ _ _ _ _ 

study = <module '20260911-operating-heating' from '/home/reid/1cfe/fusion-tea-codex-test/exploration/stellarator_e2e/studies/20260911-operating-heating/study.py'>

    def _local_case(study):
>       proposal = study.proposals()[0]
                   ^^^^^^^^^^^^^^^
E       AttributeError: module '20260911-operating-heating' has no attribute 'proposals'

tests/study/test_study_publication_fail_closed.py:117: AttributeError
_ test_local_export_refuses_incomplete_results_before_publishing[20260911-operating-heating-later-case-nan] _

local_study = <module '20260911-operating-heating' from '/home/reid/1cfe/fusion-tea-codex-test/exploration/stellarator_e2e/studies/20260911-operating-heating/study.py'>
bad_value = nan, bad_index = 1
tmp_path = PosixPath('/tmp/pytest-of-reid/pytest-12236/test_local_export_refuses_inco117')

    @pytest.mark.parametrize(
        "bad_value", ["absent", None, float("nan"), float("inf"), -float("inf")],
        ids=["absent", "null", "nan", "positive-inf", "negative-inf"],
    )
    @pytest.mark.parametrize("bad_index", [0, 1], ids=["first-case", "later-case"])
    def test_local_export_refuses_incomplete_results_before_publishing(
        local_study, bad_value, bad_index, tmp_path
    ):
>       cases = [_local_case(local_study), _local_case(local_study)]
                 ^^^^^^^^^^^^^^^^^^^^^^^^

tests/study/test_study_publication_fail_closed.py:136: 
_ _ _ _ _ _ _ _ _ _ _ _ _ _ _ _ _ _ _ _ _ _ _ _ _ _ _ _ _ _ _ _ _ _ _ _ _ _ _ _ 

study = <module '20260911-operating-heating' from '/home/reid/1cfe/fusion-tea-codex-test/exploration/stellarator_e2e/studies/20260911-operating-heating/study.py'>

    def _local_case(study):
>       proposal = study.proposals()[0]
                   ^^^^^^^^^^^^^^^
E       AttributeError: module '20260911-operating-heating' has no attribute 'proposals'

tests/study/test_study_publication_fail_closed.py:117: AttributeError
_ test_local_export_refuses_incomplete_results_before_publishing[20260911-operating-heating-later-case-positive-inf] _

local_study = <module '20260911-operating-heating' from '/home/reid/1cfe/fusion-tea-codex-test/exploration/stellarator_e2e/studies/20260911-operating-heating/study.py'>
bad_value = inf, bad_index = 1
tmp_path = PosixPath('/tmp/pytest-of-reid/pytest-12236/test_local_export_refuses_inco118')

    @pytest.mark.parametrize(
        "bad_value", ["absent", None, float("nan"), float("inf"), -float("inf")],
        ids=["absent", "null", "nan", "positive-inf", "negative-inf"],
    )
    @pytest.mark.parametrize("bad_index", [0, 1], ids=["first-case", "later-case"])
    def test_local_export_refuses_incomplete_results_before_publishing(
        local_study, bad_value, bad_index, tmp_path
    ):
>       cases = [_local_case(local_study), _local_case(local_study)]
                 ^^^^^^^^^^^^^^^^^^^^^^^^

tests/study/test_study_publication_fail_closed.py:136: 
_ _ _ _ _ _ _ _ _ _ _ _ _ _ _ _ _ _ _ _ _ _ _ _ _ _ _ _ _ _ _ _ _ _ _ _ _ _ _ _ 

study = <module '20260911-operating-heating' from '/home/reid/1cfe/fusion-tea-codex-test/exploration/stellarator_e2e/studies/20260911-operating-heating/study.py'>

    def _local_case(study):
>       proposal = study.proposals()[0]
                   ^^^^^^^^^^^^^^^
E       AttributeError: module '20260911-operating-heating' has no attribute 'proposals'

tests/study/test_study_publication_fail_closed.py:117: AttributeError
_ test_local_export_refuses_incomplete_results_before_publishing[20260911-operating-heating-later-case-negative-inf] _

local_study = <module '20260911-operating-heating' from '/home/reid/1cfe/fusion-tea-codex-test/exploration/stellarator_e2e/studies/20260911-operating-heating/study.py'>
bad_value = -inf, bad_index = 1
tmp_path = PosixPath('/tmp/pytest-of-reid/pytest-12236/test_local_export_refuses_inco119')

    @pytest.mark.parametrize(
        "bad_value", ["absent", None, float("nan"), float("inf"), -float("inf")],
        ids=["absent", "null", "nan", "positive-inf", "negative-inf"],
    )
    @pytest.mark.parametrize("bad_index", [0, 1], ids=["first-case", "later-case"])
    def test_local_export_refuses_incomplete_results_before_publishing(
        local_study, bad_value, bad_index, tmp_path
    ):
>       cases = [_local_case(local_study), _local_case(local_study)]
                 ^^^^^^^^^^^^^^^^^^^^^^^^

tests/study/test_study_publication_fail_closed.py:136: 
_ _ _ _ _ _ _ _ _ _ _ _ _ _ _ _ _ _ _ _ _ _ _ _ _ _ _ _ _ _ _ _ _ _ _ _ _ _ _ _ 

study = <module '20260911-operating-heating' from '/home/reid/1cfe/fusion-tea-codex-test/exploration/stellarator_e2e/studies/20260911-operating-heating/study.py'>

    def _local_case(study):
>       proposal = study.proposals()[0]
                   ^^^^^^^^^^^^^^^
E       AttributeError: module '20260911-operating-heating' has no attribute 'proposals'

tests/study/test_study_publication_fail_closed.py:117: AttributeError
_ test_local_export_preserves_all_complete_values_including_zero[20260903-priced-levers] _

local_study = <module '20260903-priced-levers' from '/home/reid/1cfe/fusion-tea-codex-test/exploration/stellarator_e2e/studies/20260903-priced-levers/study.py'>
tmp_path = PosixPath('/tmp/pytest-of-reid/pytest-12236/test_local_export_preserves_al5')

    def test_local_export_preserves_all_complete_values_including_zero(local_study, tmp_path):
        case = _local_case(local_study)
>       output = local_study.export([case], tmp_path / "points.csv")
                 ^^^^^^^^^^^^^^^^^^^^^^^^^^^^^^^^^^^^^^^^^^^^^^^^^^^
E       TypeError: export() missing 1 required positional argument: 'path'

tests/study/test_study_publication_fail_closed.py:154: TypeError
_ test_local_export_preserves_all_complete_values_including_zero[20260903-wall-and-heating] _

local_study = <module '20260903-wall-and-heating' from '/home/reid/1cfe/fusion-tea-codex-test/exploration/stellarator_e2e/studies/20260903-wall-and-heating/study.py'>
tmp_path = PosixPath('/tmp/pytest-of-reid/pytest-12236/test_local_export_preserves_al6')

    def test_local_export_preserves_all_complete_values_including_zero(local_study, tmp_path):
        case = _local_case(local_study)
>       output = local_study.export([case], tmp_path / "points.csv")
                 ^^^^^^^^^^^^^^^^^^^^^^^^^^^^^^^^^^^^^^^^^^^^^^^^^^^
E       TypeError: export() missing 1 required positional argument: 'path'

tests/study/test_study_publication_fail_closed.py:154: TypeError
_ test_local_export_preserves_all_complete_values_including_zero[20260904-wall-and-heating] _

local_study = <module '20260904-wall-and-heating' from '/home/reid/1cfe/fusion-tea-codex-test/exploration/stellarator_e2e/studies/20260904-wall-and-heating/study.py'>
tmp_path = PosixPath('/tmp/pytest-of-reid/pytest-12236/test_local_export_preserves_al7')

    def test_local_export_preserves_all_complete_values_including_zero(local_study, tmp_path):
        case = _local_case(local_study)
>       output = local_study.export([case], tmp_path / "points.csv")
                 ^^^^^^^^^^^^^^^^^^^^^^^^^^^^^^^^^^^^^^^^^^^^^^^^^^^
E       TypeError: export() missing 2 required positional arguments: 'oracle' and 'path'

tests/study/test_study_publication_fail_closed.py:154: TypeError
_ test_local_export_preserves_all_complete_values_including_zero[20260905-stored-energy-basis] _

local_study = <module '20260905-stored-energy-basis' from '/home/reid/1cfe/fusion-tea-codex-test/exploration/stellarator_e2e/studies/20260905-stored-energy-basis/study.py'>
tmp_path = PosixPath('/tmp/pytest-of-reid/pytest-12236/test_local_export_preserves_al8')

    def test_local_export_preserves_all_complete_values_including_zero(local_study, tmp_path):
        case = _local_case(local_study)
>       output = local_study.export([case], tmp_path / "points.csv")
                 ^^^^^^^^^^^^^^^^^^^^^^^^^^^^^^^^^^^^^^^^^^^^^^^^^^^
E       TypeError: export() missing 2 required positional arguments: 'oracle' and 'path'

tests/study/test_study_publication_fail_closed.py:154: TypeError
_ test_local_export_preserves_all_complete_values_including_zero[20260907-burn-control] _

local_study = <module '20260907-burn-control' from '/home/reid/1cfe/fusion-tea-codex-test/exploration/stellarator_e2e/studies/20260907-burn-control/study.py'>
tmp_path = PosixPath('/tmp/pytest-of-reid/pytest-12236/test_local_export_preserves_al9')

    def test_local_export_preserves_all_complete_values_including_zero(local_study, tmp_path):
        case = _local_case(local_study)
>       output = local_study.export([case], tmp_path / "points.csv")
                 ^^^^^^^^^^^^^^^^^^^^^^^^^^^^^^^^^^^^^^^^^^^^^^^^^^^
E       TypeError: export() missing 2 required positional arguments: 'oracle' and 'path'

tests/study/test_study_publication_fail_closed.py:154: TypeError
_ test_local_export_preserves_all_complete_values_including_zero[20260907-minor-radius] _

local_study = <module '20260907-minor-radius' from '/home/reid/1cfe/fusion-tea-codex-test/exploration/stellarator_e2e/studies/20260907-minor-radius/study.py'>
tmp_path = PosixPath('/tmp/pytest-of-reid/pytest-12236/test_local_export_preserves_al10')

    def test_local_export_preserves_all_complete_values_including_zero(local_study, tmp_path):
        case = _local_case(local_study)
>       output = local_study.export([case], tmp_path / "points.csv")
                 ^^^^^^^^^^^^^^^^^^^^^^^^^^^^^^^^^^^^^^^^^^^^^^^^^^^
E       TypeError: export() missing 2 required positional arguments: 'oracle' and 'path'

tests/study/test_study_publication_fail_closed.py:154: TypeError
_ test_local_export_preserves_all_complete_values_including_zero[20260911-operating-heating] _

local_study = <module '20260911-operating-heating' from '/home/reid/1cfe/fusion-tea-codex-test/exploration/stellarator_e2e/studies/20260911-operating-heating/study.py'>
tmp_path = PosixPath('/tmp/pytest-of-reid/pytest-12236/test_local_export_preserves_al11')

    def test_local_export_preserves_all_complete_values_including_zero(local_study, tmp_path):
>       case = _local_case(local_study)
               ^^^^^^^^^^^^^^^^^^^^^^^^

tests/study/test_study_publication_fail_closed.py:153: 
_ _ _ _ _ _ _ _ _ _ _ _ _ _ _ _ _ _ _ _ _ _ _ _ _ _ _ _ _ _ _ _ _ _ _ _ _ _ _ _ 

study = <module '20260911-operating-heating' from '/home/reid/1cfe/fusion-tea-codex-test/exploration/stellarator_e2e/studies/20260911-operating-heating/study.py'>

    def _local_case(study):
>       proposal = study.proposals()[0]
                   ^^^^^^^^^^^^^^^
E       AttributeError: module '20260911-operating-heating' has no attribute 'proposals'

tests/study/test_study_publication_fail_closed.py:117: AttributeError
_________________ test_a_full_run_covers_the_whole_declaration _________________

    def test_a_full_run_covers_the_whole_declaration():
>       doc = run_tool(REAL_PACKAGE, REAL_MANIFEST, KNOWN_ANSWERS)
              ^^^^^^^^^^^^^^^^^^^^^^^^^^^^^^^^^^^^^^^^^^^^^^^^^^^^

tests/study/test_subset_flag.py:17: 
_ _ _ _ _ _ _ _ _ _ _ _ _ _ _ _ _ _ _ _ _ _ _ _ _ _ _ _ _ _ _ _ _ _ _ _ _ _ _ _ 

package = PosixPath('/home/reid/1cfe/fusion-tea-codex-test/exploration/stellarator_e2e/pkg/stellarator_tea')
manifest_path = PosixPath('/home/reid/1cfe/fusion-tea-codex-test/exploration/stellarator_e2e/studies/manifest.json')
groups = PosixPath('/home/reid/1cfe/fusion-tea-codex-test/tests/study/data/axes.known_answers.json')

    def run_tool(package, manifest_path, groups, *, group=(), cwd=None):
        """Invoke the CLI and return the parsed report. Raises if the run failed."""
        rc, out, err = run_tool_raw(package, manifest_path, groups, group=group, cwd=cwd)
>       assert rc == 0, f"tool exited {rc}\n{err}"
E       AssertionError: tool exited 1
E         indicator-input fingerprint mismatch: manifest pins 0e61f19061132204911763b142f203d5064e13589b7582c3ef0037d101503204 but indicator-input-fingerprint/v1 over the live package is 609e6cca0a4f329e834b52369a425541ca167bfdfe8608879d900a27ccedf06d
E           live per-file digests:
E             contracts/model_contract.json d2ee3c18e6d087149f55699dd7cdce59f074abcbd861b7824b9310e770b07bc2
E             inputs/mfe_account_costs_params.json 5b7f9baef4118fd7f4bf2df2bf6f15153208b84c2ad1507300b5f54fe83740b3
E             inputs/mfe_fuel_cycle_params.json 7c91948cb65554dad5d7dd4b50372116b903727e33bc11652940e11920a53d2b
E             inputs/mfe_magnet_cost_params.json 0009a95e44bd67b7ab7622bb51b9b8bddd01683ebdb969c7402116bc4de34113
E             inputs/mfe_magnet_field_params.json e46eb97bf88cdf3f9ac409bdcc35d87fd99022ab4b23ed78f516fb4172446180
E             inputs/mfe_plant_params.json ff041fec8a149e6c789ca1bd5cf0cc1c6f55c6d96da3f96179f9541131b94814
E             inputs/mfe_plasma_scaling_params.json d6324b43a9b6da6db2a9a26596378190b06b680bac856fdfab6e30d224f77b6d
E             inputs/mfe_plasma_sustainment_params.json d7c0adfe722dde2bdd7b0edb52f0365ab6b1210e2a25cfab36136a055ebeec14
E             inputs/mfe_vacuum_params.json 4d239714198183bb1414461a30ddfc078fb19f057849cfd8049738b945b7f902
E             inputs/stellarator_plant_params.json e5d567f2c6b2f67a7495341998b0ceef86c5e0f382161a20b98cce941718a9b4
E             pipelines/pipeline.yaml 84af29209c51b249b7291c1e01bebe47c7e90d1ebfa442f7073b61724991980f
E           re-pin with --print-fingerprint after reviewing the change
E         
E       assert 1 == 0

tests/study/conftest.py:121: AssertionError
_____________________ test_a_group_run_is_visibly_narrower _____________________

    def test_a_group_run_is_visibly_narrower():
>       doc = run_tool(REAL_PACKAGE, REAL_MANIFEST, KNOWN_ANSWERS, group=("R",))
              ^^^^^^^^^^^^^^^^^^^^^^^^^^^^^^^^^^^^^^^^^^^^^^^^^^^^^^^^^^^^^^^^^^

tests/study/test_subset_flag.py:24: 
_ _ _ _ _ _ _ _ _ _ _ _ _ _ _ _ _ _ _ _ _ _ _ _ _ _ _ _ _ _ _ _ _ _ _ _ _ _ _ _ 

package = PosixPath('/home/reid/1cfe/fusion-tea-codex-test/exploration/stellarator_e2e/pkg/stellarator_tea')
manifest_path = PosixPath('/home/reid/1cfe/fusion-tea-codex-test/exploration/stellarator_e2e/studies/manifest.json')
groups = PosixPath('/home/reid/1cfe/fusion-tea-codex-test/tests/study/data/axes.known_answers.json')

    def run_tool(package, manifest_path, groups, *, group=(), cwd=None):
        """Invoke the CLI and return the parsed report. Raises if the run failed."""
        rc, out, err = run_tool_raw(package, manifest_path, groups, group=group, cwd=cwd)
>       assert rc == 0, f"tool exited {rc}\n{err}"
E       AssertionError: tool exited 1
E         indicator-input fingerprint mismatch: manifest pins 0e61f19061132204911763b142f203d5064e13589b7582c3ef0037d101503204 but indicator-input-fingerprint/v1 over the live package is 609e6cca0a4f329e834b52369a425541ca167bfdfe8608879d900a27ccedf06d
E           live per-file digests:
E             contracts/model_contract.json d2ee3c18e6d087149f55699dd7cdce59f074abcbd861b7824b9310e770b07bc2
E             inputs/mfe_account_costs_params.json 5b7f9baef4118fd7f4bf2df2bf6f15153208b84c2ad1507300b5f54fe83740b3
E             inputs/mfe_fuel_cycle_params.json 7c91948cb65554dad5d7dd4b50372116b903727e33bc11652940e11920a53d2b
E             inputs/mfe_magnet_cost_params.json 0009a95e44bd67b7ab7622bb51b9b8bddd01683ebdb969c7402116bc4de34113
E             inputs/mfe_magnet_field_params.json e46eb97bf88cdf3f9ac409bdcc35d87fd99022ab4b23ed78f516fb4172446180
E             inputs/mfe_plant_params.json ff041fec8a149e6c789ca1bd5cf0cc1c6f55c6d96da3f96179f9541131b94814
E             inputs/mfe_plasma_scaling_params.json d6324b43a9b6da6db2a9a26596378190b06b680bac856fdfab6e30d224f77b6d
E             inputs/mfe_plasma_sustainment_params.json d7c0adfe722dde2bdd7b0edb52f0365ab6b1210e2a25cfab36136a055ebeec14
E             inputs/mfe_vacuum_params.json 4d239714198183bb1414461a30ddfc078fb19f057849cfd8049738b945b7f902
E             inputs/stellarator_plant_params.json e5d567f2c6b2f67a7495341998b0ceef86c5e0f382161a20b98cce941718a9b4
E             pipelines/pipeline.yaml 84af29209c51b249b7291c1e01bebe47c7e90d1ebfa442f7073b61724991980f
E           re-pin with --print-fingerprint after reviewing the change
E         
E       assert 1 == 0

tests/study/conftest.py:121: AssertionError
_____________________ test_several_groups_can_be_selected ______________________

    def test_several_groups_can_be_selected():
>       doc = run_tool(REAL_PACKAGE, REAL_MANIFEST, KNOWN_ANSWERS, group=("I_coil", "R"))
              ^^^^^^^^^^^^^^^^^^^^^^^^^^^^^^^^^^^^^^^^^^^^^^^^^^^^^^^^^^^^^^^^^^^^^^^^^^^

tests/study/test_subset_flag.py:31: 
_ _ _ _ _ _ _ _ _ _ _ _ _ _ _ _ _ _ _ _ _ _ _ _ _ _ _ _ _ _ _ _ _ _ _ _ _ _ _ _ 

package = PosixPath('/home/reid/1cfe/fusion-tea-codex-test/exploration/stellarator_e2e/pkg/stellarator_tea')
manifest_path = PosixPath('/home/reid/1cfe/fusion-tea-codex-test/exploration/stellarator_e2e/studies/manifest.json')
groups = PosixPath('/home/reid/1cfe/fusion-tea-codex-test/tests/study/data/axes.known_answers.json')

    def run_tool(package, manifest_path, groups, *, group=(), cwd=None):
        """Invoke the CLI and return the parsed report. Raises if the run failed."""
        rc, out, err = run_tool_raw(package, manifest_path, groups, group=group, cwd=cwd)
>       assert rc == 0, f"tool exited {rc}\n{err}"
E       AssertionError: tool exited 1
E         indicator-input fingerprint mismatch: manifest pins 0e61f19061132204911763b142f203d5064e13589b7582c3ef0037d101503204 but indicator-input-fingerprint/v1 over the live package is 609e6cca0a4f329e834b52369a425541ca167bfdfe8608879d900a27ccedf06d
E           live per-file digests:
E             contracts/model_contract.json d2ee3c18e6d087149f55699dd7cdce59f074abcbd861b7824b9310e770b07bc2
E             inputs/mfe_account_costs_params.json 5b7f9baef4118fd7f4bf2df2bf6f15153208b84c2ad1507300b5f54fe83740b3
E             inputs/mfe_fuel_cycle_params.json 7c91948cb65554dad5d7dd4b50372116b903727e33bc11652940e11920a53d2b
E             inputs/mfe_magnet_cost_params.json 0009a95e44bd67b7ab7622bb51b9b8bddd01683ebdb969c7402116bc4de34113
E             inputs/mfe_magnet_field_params.json e46eb97bf88cdf3f9ac409bdcc35d87fd99022ab4b23ed78f516fb4172446180
E             inputs/mfe_plant_params.json ff041fec8a149e6c789ca1bd5cf0cc1c6f55c6d96da3f96179f9541131b94814
E             inputs/mfe_plasma_scaling_params.json d6324b43a9b6da6db2a9a26596378190b06b680bac856fdfab6e30d224f77b6d
E             inputs/mfe_plasma_sustainment_params.json d7c0adfe722dde2bdd7b0edb52f0365ab6b1210e2a25cfab36136a055ebeec14
E             inputs/mfe_vacuum_params.json 4d239714198183bb1414461a30ddfc078fb19f057849cfd8049738b945b7f902
E             inputs/stellarator_plant_params.json e5d567f2c6b2f67a7495341998b0ceef86c5e0f382161a20b98cce941718a9b4
E             pipelines/pipeline.yaml 84af29209c51b249b7291c1e01bebe47c7e90d1ebfa442f7073b61724991980f
E           re-pin with --print-fingerprint after reviewing the change
E         
E       assert 1 == 0

tests/study/conftest.py:121: AssertionError
______ test_a_subset_group_is_byte_identical_to_its_full_run_counterpart _______

    def test_a_subset_group_is_byte_identical_to_its_full_run_counterpart():
        """The debugging aid answers the same question, just about fewer axes."""
>       full = run_tool(REAL_PACKAGE, REAL_MANIFEST, KNOWN_ANSWERS)
               ^^^^^^^^^^^^^^^^^^^^^^^^^^^^^^^^^^^^^^^^^^^^^^^^^^^^

tests/study/test_subset_flag.py:38: 
_ _ _ _ _ _ _ _ _ _ _ _ _ _ _ _ _ _ _ _ _ _ _ _ _ _ _ _ _ _ _ _ _ _ _ _ _ _ _ _ 

package = PosixPath('/home/reid/1cfe/fusion-tea-codex-test/exploration/stellarator_e2e/pkg/stellarator_tea')
manifest_path = PosixPath('/home/reid/1cfe/fusion-tea-codex-test/exploration/stellarator_e2e/studies/manifest.json')
groups = PosixPath('/home/reid/1cfe/fusion-tea-codex-test/tests/study/data/axes.known_answers.json')

    def run_tool(package, manifest_path, groups, *, group=(), cwd=None):
        """Invoke the CLI and return the parsed report. Raises if the run failed."""
        rc, out, err = run_tool_raw(package, manifest_path, groups, group=group, cwd=cwd)
>       assert rc == 0, f"tool exited {rc}\n{err}"
E       AssertionError: tool exited 1
E         indicator-input fingerprint mismatch: manifest pins 0e61f19061132204911763b142f203d5064e13589b7582c3ef0037d101503204 but indicator-input-fingerprint/v1 over the live package is 609e6cca0a4f329e834b52369a425541ca167bfdfe8608879d900a27ccedf06d
E           live per-file digests:
E             contracts/model_contract.json d2ee3c18e6d087149f55699dd7cdce59f074abcbd861b7824b9310e770b07bc2
E             inputs/mfe_account_costs_params.json 5b7f9baef4118fd7f4bf2df2bf6f15153208b84c2ad1507300b5f54fe83740b3
E             inputs/mfe_fuel_cycle_params.json 7c91948cb65554dad5d7dd4b50372116b903727e33bc11652940e11920a53d2b
E             inputs/mfe_magnet_cost_params.json 0009a95e44bd67b7ab7622bb51b9b8bddd01683ebdb969c7402116bc4de34113
E             inputs/mfe_magnet_field_params.json e46eb97bf88cdf3f9ac409bdcc35d87fd99022ab4b23ed78f516fb4172446180
E             inputs/mfe_plant_params.json ff041fec8a149e6c789ca1bd5cf0cc1c6f55c6d96da3f96179f9541131b94814
E             inputs/mfe_plasma_scaling_params.json d6324b43a9b6da6db2a9a26596378190b06b680bac856fdfab6e30d224f77b6d
E             inputs/mfe_plasma_sustainment_params.json d7c0adfe722dde2bdd7b0edb52f0365ab6b1210e2a25cfab36136a055ebeec14
E             inputs/mfe_vacuum_params.json 4d239714198183bb1414461a30ddfc078fb19f057849cfd8049738b945b7f902
E             inputs/stellarator_plant_params.json e5d567f2c6b2f67a7495341998b0ceef86c5e0f382161a20b98cce941718a9b4
E             pipelines/pipeline.yaml 84af29209c51b249b7291c1e01bebe47c7e90d1ebfa442f7073b61724991980f
E           re-pin with --print-fingerprint after reviewing the change
E         
E       assert 1 == 0

tests/study/conftest.py:121: AssertionError
___________ test_the_axis_declaration_digest_matches_the_file_bytes ____________

    def test_the_axis_declaration_digest_matches_the_file_bytes():
>       doc = run_tool(REAL_PACKAGE, REAL_MANIFEST, KNOWN_ANSWERS)
              ^^^^^^^^^^^^^^^^^^^^^^^^^^^^^^^^^^^^^^^^^^^^^^^^^^^^

tests/study/test_subset_flag.py:44: 
_ _ _ _ _ _ _ _ _ _ _ _ _ _ _ _ _ _ _ _ _ _ _ _ _ _ _ _ _ _ _ _ _ _ _ _ _ _ _ _ 

package = PosixPath('/home/reid/1cfe/fusion-tea-codex-test/exploration/stellarator_e2e/pkg/stellarator_tea')
manifest_path = PosixPath('/home/reid/1cfe/fusion-tea-codex-test/exploration/stellarator_e2e/studies/manifest.json')
groups = PosixPath('/home/reid/1cfe/fusion-tea-codex-test/tests/study/data/axes.known_answers.json')

    def run_tool(package, manifest_path, groups, *, group=(), cwd=None):
        """Invoke the CLI and return the parsed report. Raises if the run failed."""
        rc, out, err = run_tool_raw(package, manifest_path, groups, group=group, cwd=cwd)
>       assert rc == 0, f"tool exited {rc}\n{err}"
E       AssertionError: tool exited 1
E         indicator-input fingerprint mismatch: manifest pins 0e61f19061132204911763b142f203d5064e13589b7582c3ef0037d101503204 but indicator-input-fingerprint/v1 over the live package is 609e6cca0a4f329e834b52369a425541ca167bfdfe8608879d900a27ccedf06d
E           live per-file digests:
E             contracts/model_contract.json d2ee3c18e6d087149f55699dd7cdce59f074abcbd861b7824b9310e770b07bc2
E             inputs/mfe_account_costs_params.json 5b7f9baef4118fd7f4bf2df2bf6f15153208b84c2ad1507300b5f54fe83740b3
E             inputs/mfe_fuel_cycle_params.json 7c91948cb65554dad5d7dd4b50372116b903727e33bc11652940e11920a53d2b
E             inputs/mfe_magnet_cost_params.json 0009a95e44bd67b7ab7622bb51b9b8bddd01683ebdb969c7402116bc4de34113
E             inputs/mfe_magnet_field_params.json e46eb97bf88cdf3f9ac409bdcc35d87fd99022ab4b23ed78f516fb4172446180
E             inputs/mfe_plant_params.json ff041fec8a149e6c789ca1bd5cf0cc1c6f55c6d96da3f96179f9541131b94814
E             inputs/mfe_plasma_scaling_params.json d6324b43a9b6da6db2a9a26596378190b06b680bac856fdfab6e30d224f77b6d
E             inputs/mfe_plasma_sustainment_params.json d7c0adfe722dde2bdd7b0edb52f0365ab6b1210e2a25cfab36136a055ebeec14
E             inputs/mfe_vacuum_params.json 4d239714198183bb1414461a30ddfc078fb19f057849cfd8049738b945b7f902
E             inputs/stellarator_plant_params.json e5d567f2c6b2f67a7495341998b0ceef86c5e0f382161a20b98cce941718a9b4
E             pipelines/pipeline.yaml 84af29209c51b249b7291c1e01bebe47c7e90d1ebfa442f7073b61724991980f
E           re-pin with --print-fingerprint after reviewing the change
E         
E       assert 1 == 0

tests/study/conftest.py:121: AssertionError
_______________ test_a_group_with_no_constraint_reach_exits_zero _______________

tmp_path = PosixPath('/tmp/pytest-of-reid/pytest-12236/test_a_group_with_no_constrain0')

    def test_a_group_with_no_constraint_reach_exits_zero(tmp_path):
        out_path = tmp_path / "indicators.json"
        rc, out, err = run_tool_raw(REAL_PACKAGE, REAL_MANIFEST, EXTRAS, out=out_path)
>       assert rc == 0, err
E       AssertionError: indicator-input fingerprint mismatch: manifest pins 0e61f19061132204911763b142f203d5064e13589b7582c3ef0037d101503204 but indicator-input-fingerprint/v1 over the live package is 609e6cca0a4f329e834b52369a425541ca167bfdfe8608879d900a27ccedf06d
E           live per-file digests:
E             contracts/model_contract.json d2ee3c18e6d087149f55699dd7cdce59f074abcbd861b7824b9310e770b07bc2
E             inputs/mfe_account_costs_params.json 5b7f9baef4118fd7f4bf2df2bf6f15153208b84c2ad1507300b5f54fe83740b3
E             inputs/mfe_fuel_cycle_params.json 7c91948cb65554dad5d7dd4b50372116b903727e33bc11652940e11920a53d2b
E             inputs/mfe_magnet_cost_params.json 0009a95e44bd67b7ab7622bb51b9b8bddd01683ebdb969c7402116bc4de34113
E             inputs/mfe_magnet_field_params.json e46eb97bf88cdf3f9ac409bdcc35d87fd99022ab4b23ed78f516fb4172446180
E             inputs/mfe_plant_params.json ff041fec8a149e6c789ca1bd5cf0cc1c6f55c6d96da3f96179f9541131b94814
E             inputs/mfe_plasma_scaling_params.json d6324b43a9b6da6db2a9a26596378190b06b680bac856fdfab6e30d224f77b6d
E             inputs/mfe_plasma_sustainment_params.json d7c0adfe722dde2bdd7b0edb52f0365ab6b1210e2a25cfab36136a055ebeec14
E             inputs/mfe_vacuum_params.json 4d239714198183bb1414461a30ddfc078fb19f057849cfd8049738b945b7f902
E             inputs/stellarator_plant_params.json e5d567f2c6b2f67a7495341998b0ceef86c5e0f382161a20b98cce941718a9b4
E             pipelines/pipeline.yaml 84af29209c51b249b7291c1e01bebe47c7e90d1ebfa442f7073b61724991980f
E           re-pin with --print-fingerprint after reviewing the change
E         
E       assert 1 == 0

tests/study/test_valid_empty.py:21: AssertionError
____________ test_the_empty_result_still_carries_the_whole_catalog _____________

tmp_path = PosixPath('/tmp/pytest-of-reid/pytest-12236/test_the_empty_result_still_ca0')

    def test_the_empty_result_still_carries_the_whole_catalog(tmp_path):
        """Invariant 4 and 5: no_constraint_response is emitted with the full bounds
        list under this axis, so a reader sees what was checked, not just what was found."""
        rc, out, err = run_tool_raw(REAL_PACKAGE, REAL_MANIFEST, EXTRAS)
>       assert rc == 0, err
E       AssertionError: indicator-input fingerprint mismatch: manifest pins 0e61f19061132204911763b142f203d5064e13589b7582c3ef0037d101503204 but indicator-input-fingerprint/v1 over the live package is 609e6cca0a4f329e834b52369a425541ca167bfdfe8608879d900a27ccedf06d
E           live per-file digests:
E             contracts/model_contract.json d2ee3c18e6d087149f55699dd7cdce59f074abcbd861b7824b9310e770b07bc2
E             inputs/mfe_account_costs_params.json 5b7f9baef4118fd7f4bf2df2bf6f15153208b84c2ad1507300b5f54fe83740b3
E             inputs/mfe_fuel_cycle_params.json 7c91948cb65554dad5d7dd4b50372116b903727e33bc11652940e11920a53d2b
E             inputs/mfe_magnet_cost_params.json 0009a95e44bd67b7ab7622bb51b9b8bddd01683ebdb969c7402116bc4de34113
E             inputs/mfe_magnet_field_params.json e46eb97bf88cdf3f9ac409bdcc35d87fd99022ab4b23ed78f516fb4172446180
E             inputs/mfe_plant_params.json ff041fec8a149e6c789ca1bd5cf0cc1c6f55c6d96da3f96179f9541131b94814
E             inputs/mfe_plasma_scaling_params.json d6324b43a9b6da6db2a9a26596378190b06b680bac856fdfab6e30d224f77b6d
E             inputs/mfe_plasma_sustainment_params.json d7c0adfe722dde2bdd7b0edb52f0365ab6b1210e2a25cfab36136a055ebeec14
E             inputs/mfe_vacuum_params.json 4d239714198183bb1414461a30ddfc078fb19f057849cfd8049738b945b7f902
E             inputs/stellarator_plant_params.json e5d567f2c6b2f67a7495341998b0ceef86c5e0f382161a20b98cce941718a9b4
E             pipelines/pipeline.yaml 84af29209c51b249b7291c1e01bebe47c7e90d1ebfa442f7073b61724991980f
E           re-pin with --print-fingerprint after reviewing the change
E         
E       assert 1 == 0

tests/study/test_valid_empty.py:41: AssertionError
____________ test_no_constraint_response_is_emitted_even_when_false ____________

tmp_path = PosixPath('/tmp/pytest-of-reid/pytest-12236/test_no_constraint_response_is0')

    def test_no_constraint_response_is_emitted_even_when_false(tmp_path):
        rc, out, err = run_tool_raw(REAL_PACKAGE, REAL_MANIFEST, EXTRAS)
>       assert rc == 0, err
E       AssertionError: indicator-input fingerprint mismatch: manifest pins 0e61f19061132204911763b142f203d5064e13589b7582c3ef0037d101503204 but indicator-input-fingerprint/v1 over the live package is 609e6cca0a4f329e834b52369a425541ca167bfdfe8608879d900a27ccedf06d
E           live per-file digests:
E             contracts/model_contract.json d2ee3c18e6d087149f55699dd7cdce59f074abcbd861b7824b9310e770b07bc2
E             inputs/mfe_account_costs_params.json 5b7f9baef4118fd7f4bf2df2bf6f15153208b84c2ad1507300b5f54fe83740b3
E             inputs/mfe_fuel_cycle_params.json 7c91948cb65554dad5d7dd4b50372116b903727e33bc11652940e11920a53d2b
E             inputs/mfe_magnet_cost_params.json 0009a95e44bd67b7ab7622bb51b9b8bddd01683ebdb969c7402116bc4de34113
E             inputs/mfe_magnet_field_params.json e46eb97bf88cdf3f9ac409bdcc35d87fd99022ab4b23ed78f516fb4172446180
E             inputs/mfe_plant_params.json ff041fec8a149e6c789ca1bd5cf0cc1c6f55c6d96da3f96179f9541131b94814
E             inputs/mfe_plasma_scaling_params.json d6324b43a9b6da6db2a9a26596378190b06b680bac856fdfab6e30d224f77b6d
E             inputs/mfe_plasma_sustainment_params.json d7c0adfe722dde2bdd7b0edb52f0365ab6b1210e2a25cfab36136a055ebeec14
E             inputs/mfe_vacuum_params.json 4d239714198183bb1414461a30ddfc078fb19f057849cfd8049738b945b7f902
E             inputs/stellarator_plant_params.json e5d567f2c6b2f67a7495341998b0ceef86c5e0f382161a20b98cce941718a9b4
E             pipelines/pipeline.yaml 84af29209c51b249b7291c1e01bebe47c7e90d1ebfa442f7073b61724991980f
E           re-pin with --print-fingerprint after reviewing the change
E         
E       assert 1 == 0

tests/study/test_valid_empty.py:50: AssertionError
__________ test_the_document_goes_to_stdout_and_the_summary_to_stderr __________

    def test_the_document_goes_to_stdout_and_the_summary_to_stderr():
        """The human summary can never contaminate the report."""
        rc, out, err = run_tool_raw(REAL_PACKAGE, REAL_MANIFEST, EXTRAS)
>       assert rc == 0
E       assert 1 == 0

tests/study/test_valid_empty.py:61: AssertionError
____________________ test_advisory_never_changes_the_trace _____________________

package_copy = <function package_copy.<locals>._copy at 0x7b3a96e62020>

    def test_advisory_never_changes_the_trace(package_copy):
        """Remove the manifest's tie catalog entry: the warning goes, the trace does not
        move a single field."""
>       with_tie = run_tool(REAL_PACKAGE, REAL_MANIFEST, EXTRAS)
                   ^^^^^^^^^^^^^^^^^^^^^^^^^^^^^^^^^^^^^^^^^^^^^

tests/study/test_warnings.py:42: 
_ _ _ _ _ _ _ _ _ _ _ _ _ _ _ _ _ _ _ _ _ _ _ _ _ _ _ _ _ _ _ _ _ _ _ _ _ _ _ _ 

package = PosixPath('/home/reid/1cfe/fusion-tea-codex-test/exploration/stellarator_e2e/pkg/stellarator_tea')
manifest_path = PosixPath('/home/reid/1cfe/fusion-tea-codex-test/exploration/stellarator_e2e/studies/manifest.json')
groups = PosixPath('/home/reid/1cfe/fusion-tea-codex-test/tests/study/data/axes.extras.json')

    def run_tool(package, manifest_path, groups, *, group=(), cwd=None):
        """Invoke the CLI and return the parsed report. Raises if the run failed."""
        rc, out, err = run_tool_raw(package, manifest_path, groups, group=group, cwd=cwd)
>       assert rc == 0, f"tool exited {rc}\n{err}"
E       AssertionError: tool exited 1
E         indicator-input fingerprint mismatch: manifest pins 0e61f19061132204911763b142f203d5064e13589b7582c3ef0037d101503204 but indicator-input-fingerprint/v1 over the live package is 609e6cca0a4f329e834b52369a425541ca167bfdfe8608879d900a27ccedf06d
E           live per-file digests:
E             contracts/model_contract.json d2ee3c18e6d087149f55699dd7cdce59f074abcbd861b7824b9310e770b07bc2
E             inputs/mfe_account_costs_params.json 5b7f9baef4118fd7f4bf2df2bf6f15153208b84c2ad1507300b5f54fe83740b3
E             inputs/mfe_fuel_cycle_params.json 7c91948cb65554dad5d7dd4b50372116b903727e33bc11652940e11920a53d2b
E             inputs/mfe_magnet_cost_params.json 0009a95e44bd67b7ab7622bb51b9b8bddd01683ebdb969c7402116bc4de34113
E             inputs/mfe_magnet_field_params.json e46eb97bf88cdf3f9ac409bdcc35d87fd99022ab4b23ed78f516fb4172446180
E             inputs/mfe_plant_params.json ff041fec8a149e6c789ca1bd5cf0cc1c6f55c6d96da3f96179f9541131b94814
E             inputs/mfe_plasma_scaling_params.json d6324b43a9b6da6db2a9a26596378190b06b680bac856fdfab6e30d224f77b6d
E             inputs/mfe_plasma_sustainment_params.json d7c0adfe722dde2bdd7b0edb52f0365ab6b1210e2a25cfab36136a055ebeec14
E             inputs/mfe_vacuum_params.json 4d239714198183bb1414461a30ddfc078fb19f057849cfd8049738b945b7f902
E             inputs/stellarator_plant_params.json e5d567f2c6b2f67a7495341998b0ceef86c5e0f382161a20b98cce941718a9b4
E             pipelines/pipeline.yaml 84af29209c51b249b7291c1e01bebe47c7e90d1ebfa442f7073b61724991980f
E           re-pin with --print-fingerprint after reviewing the change
E         
E       assert 1 == 0

tests/study/conftest.py:121: AssertionError
________ test_the_tie_candidate_names_the_key_and_says_it_was_not_added ________

    def test_the_tie_candidate_names_the_key_and_says_it_was_not_added():
>       doc = run_tool(REAL_PACKAGE, REAL_MANIFEST, EXTRAS)
              ^^^^^^^^^^^^^^^^^^^^^^^^^^^^^^^^^^^^^^^^^^^^^

tests/study/test_warnings.py:55: 
_ _ _ _ _ _ _ _ _ _ _ _ _ _ _ _ _ _ _ _ _ _ _ _ _ _ _ _ _ _ _ _ _ _ _ _ _ _ _ _ 

package = PosixPath('/home/reid/1cfe/fusion-tea-codex-test/exploration/stellarator_e2e/pkg/stellarator_tea')
manifest_path = PosixPath('/home/reid/1cfe/fusion-tea-codex-test/exploration/stellarator_e2e/studies/manifest.json')
groups = PosixPath('/home/reid/1cfe/fusion-tea-codex-test/tests/study/data/axes.extras.json')

    def run_tool(package, manifest_path, groups, *, group=(), cwd=None):
        """Invoke the CLI and return the parsed report. Raises if the run failed."""
        rc, out, err = run_tool_raw(package, manifest_path, groups, group=group, cwd=cwd)
>       assert rc == 0, f"tool exited {rc}\n{err}"
E       AssertionError: tool exited 1
E         indicator-input fingerprint mismatch: manifest pins 0e61f19061132204911763b142f203d5064e13589b7582c3ef0037d101503204 but indicator-input-fingerprint/v1 over the live package is 609e6cca0a4f329e834b52369a425541ca167bfdfe8608879d900a27ccedf06d
E           live per-file digests:
E             contracts/model_contract.json d2ee3c18e6d087149f55699dd7cdce59f074abcbd861b7824b9310e770b07bc2
E             inputs/mfe_account_costs_params.json 5b7f9baef4118fd7f4bf2df2bf6f15153208b84c2ad1507300b5f54fe83740b3
E             inputs/mfe_fuel_cycle_params.json 7c91948cb65554dad5d7dd4b50372116b903727e33bc11652940e11920a53d2b
E             inputs/mfe_magnet_cost_params.json 0009a95e44bd67b7ab7622bb51b9b8bddd01683ebdb969c7402116bc4de34113
E             inputs/mfe_magnet_field_params.json e46eb97bf88cdf3f9ac409bdcc35d87fd99022ab4b23ed78f516fb4172446180
E             inputs/mfe_plant_params.json ff041fec8a149e6c789ca1bd5cf0cc1c6f55c6d96da3f96179f9541131b94814
E             inputs/mfe_plasma_scaling_params.json d6324b43a9b6da6db2a9a26596378190b06b680bac856fdfab6e30d224f77b6d
E             inputs/mfe_plasma_sustainment_params.json d7c0adfe722dde2bdd7b0edb52f0365ab6b1210e2a25cfab36136a055ebeec14
E             inputs/mfe_vacuum_params.json 4d239714198183bb1414461a30ddfc078fb19f057849cfd8049738b945b7f902
E             inputs/stellarator_plant_params.json e5d567f2c6b2f67a7495341998b0ceef86c5e0f382161a20b98cce941718a9b4
E             pipelines/pipeline.yaml 84af29209c51b249b7291c1e01bebe47c7e90d1ebfa442f7073b61724991980f
E           re-pin with --print-fingerprint after reviewing the change
E         
E       assert 1 == 0

tests/study/conftest.py:121: AssertionError
________________ test_a_declared_tie_earns_no_candidate_warning ________________

    def test_a_declared_tie_earns_no_candidate_warning():
        """The tie is already in the group, so there is nothing to suggest."""
>       doc = run_tool(REAL_PACKAGE, REAL_MANIFEST, DATA_DIR / "axes.known_answers.json")
              ^^^^^^^^^^^^^^^^^^^^^^^^^^^^^^^^^^^^^^^^^^^^^^^^^^^^^^^^^^^^^^^^^^^^^^^^^^^

tests/study/test_warnings.py:64: 
_ _ _ _ _ _ _ _ _ _ _ _ _ _ _ _ _ _ _ _ _ _ _ _ _ _ _ _ _ _ _ _ _ _ _ _ _ _ _ _ 

package = PosixPath('/home/reid/1cfe/fusion-tea-codex-test/exploration/stellarator_e2e/pkg/stellarator_tea')
manifest_path = PosixPath('/home/reid/1cfe/fusion-tea-codex-test/exploration/stellarator_e2e/studies/manifest.json')
groups = PosixPath('/home/reid/1cfe/fusion-tea-codex-test/tests/study/data/axes.known_answers.json')

    def run_tool(package, manifest_path, groups, *, group=(), cwd=None):
        """Invoke the CLI and return the parsed report. Raises if the run failed."""
        rc, out, err = run_tool_raw(package, manifest_path, groups, group=group, cwd=cwd)
>       assert rc == 0, f"tool exited {rc}\n{err}"
E       AssertionError: tool exited 1
E         indicator-input fingerprint mismatch: manifest pins 0e61f19061132204911763b142f203d5064e13589b7582c3ef0037d101503204 but indicator-input-fingerprint/v1 over the live package is 609e6cca0a4f329e834b52369a425541ca167bfdfe8608879d900a27ccedf06d
E           live per-file digests:
E             contracts/model_contract.json d2ee3c18e6d087149f55699dd7cdce59f074abcbd861b7824b9310e770b07bc2
E             inputs/mfe_account_costs_params.json 5b7f9baef4118fd7f4bf2df2bf6f15153208b84c2ad1507300b5f54fe83740b3
E             inputs/mfe_fuel_cycle_params.json 7c91948cb65554dad5d7dd4b50372116b903727e33bc11652940e11920a53d2b
E             inputs/mfe_magnet_cost_params.json 0009a95e44bd67b7ab7622bb51b9b8bddd01683ebdb969c7402116bc4de34113
E             inputs/mfe_magnet_field_params.json e46eb97bf88cdf3f9ac409bdcc35d87fd99022ab4b23ed78f516fb4172446180
E             inputs/mfe_plant_params.json ff041fec8a149e6c789ca1bd5cf0cc1c6f55c6d96da3f96179f9541131b94814
E             inputs/mfe_plasma_scaling_params.json d6324b43a9b6da6db2a9a26596378190b06b680bac856fdfab6e30d224f77b6d
E             inputs/mfe_plasma_sustainment_params.json d7c0adfe722dde2bdd7b0edb52f0365ab6b1210e2a25cfab36136a055ebeec14
E             inputs/mfe_vacuum_params.json 4d239714198183bb1414461a30ddfc078fb19f057849cfd8049738b945b7f902
E             inputs/stellarator_plant_params.json e5d567f2c6b2f67a7495341998b0ceef86c5e0f382161a20b98cce941718a9b4
E             pipelines/pipeline.yaml 84af29209c51b249b7291c1e01bebe47c7e90d1ebfa442f7073b61724991980f
E           re-pin with --print-fingerprint after reviewing the change
E         
E       assert 1 == 0

tests/study/conftest.py:121: AssertionError
______________ test_suffix_siblings_land_in_their_own_named_field ______________

    def test_suffix_siblings_land_in_their_own_named_field():
        """M2: sibling_candidates is an Appendix A name and is never folded into
        warnings — there is exactly one place to read them."""
>       doc = run_tool(REAL_PACKAGE, REAL_MANIFEST, EXTRAS)
              ^^^^^^^^^^^^^^^^^^^^^^^^^^^^^^^^^^^^^^^^^^^^^

tests/study/test_warnings.py:72: 
_ _ _ _ _ _ _ _ _ _ _ _ _ _ _ _ _ _ _ _ _ _ _ _ _ _ _ _ _ _ _ _ _ _ _ _ _ _ _ _ 

package = PosixPath('/home/reid/1cfe/fusion-tea-codex-test/exploration/stellarator_e2e/pkg/stellarator_tea')
manifest_path = PosixPath('/home/reid/1cfe/fusion-tea-codex-test/exploration/stellarator_e2e/studies/manifest.json')
groups = PosixPath('/home/reid/1cfe/fusion-tea-codex-test/tests/study/data/axes.extras.json')

    def run_tool(package, manifest_path, groups, *, group=(), cwd=None):
        """Invoke the CLI and return the parsed report. Raises if the run failed."""
        rc, out, err = run_tool_raw(package, manifest_path, groups, group=group, cwd=cwd)
>       assert rc == 0, f"tool exited {rc}\n{err}"
E       AssertionError: tool exited 1
E         indicator-input fingerprint mismatch: manifest pins 0e61f19061132204911763b142f203d5064e13589b7582c3ef0037d101503204 but indicator-input-fingerprint/v1 over the live package is 609e6cca0a4f329e834b52369a425541ca167bfdfe8608879d900a27ccedf06d
E           live per-file digests:
E             contracts/model_contract.json d2ee3c18e6d087149f55699dd7cdce59f074abcbd861b7824b9310e770b07bc2
E             inputs/mfe_account_costs_params.json 5b7f9baef4118fd7f4bf2df2bf6f15153208b84c2ad1507300b5f54fe83740b3
E             inputs/mfe_fuel_cycle_params.json 7c91948cb65554dad5d7dd4b50372116b903727e33bc11652940e11920a53d2b
E             inputs/mfe_magnet_cost_params.json 0009a95e44bd67b7ab7622bb51b9b8bddd01683ebdb969c7402116bc4de34113
E             inputs/mfe_magnet_field_params.json e46eb97bf88cdf3f9ac409bdcc35d87fd99022ab4b23ed78f516fb4172446180
E             inputs/mfe_plant_params.json ff041fec8a149e6c789ca1bd5cf0cc1c6f55c6d96da3f96179f9541131b94814
E             inputs/mfe_plasma_scaling_params.json d6324b43a9b6da6db2a9a26596378190b06b680bac856fdfab6e30d224f77b6d
E             inputs/mfe_plasma_sustainment_params.json d7c0adfe722dde2bdd7b0edb52f0365ab6b1210e2a25cfab36136a055ebeec14
E             inputs/mfe_vacuum_params.json 4d239714198183bb1414461a30ddfc078fb19f057849cfd8049738b945b7f902
E             inputs/stellarator_plant_params.json e5d567f2c6b2f67a7495341998b0ceef86c5e0f382161a20b98cce941718a9b4
E             pipelines/pipeline.yaml 84af29209c51b249b7291c1e01bebe47c7e90d1ebfa442f7073b61724991980f
E           re-pin with --print-fingerprint after reviewing the change
E         
E       assert 1 == 0

tests/study/conftest.py:121: AssertionError
________________ test_suffix_siblings_never_join_the_traced_set ________________

    def test_suffix_siblings_never_join_the_traced_set():
        """Invariant 3: 2 candidates, 1 traced key."""
>       doc = run_tool(REAL_PACKAGE, REAL_MANIFEST, EXTRAS)
              ^^^^^^^^^^^^^^^^^^^^^^^^^^^^^^^^^^^^^^^^^^^^^

tests/study/test_warnings.py:83: 
_ _ _ _ _ _ _ _ _ _ _ _ _ _ _ _ _ _ _ _ _ _ _ _ _ _ _ _ _ _ _ _ _ _ _ _ _ _ _ _ 

package = PosixPath('/home/reid/1cfe/fusion-tea-codex-test/exploration/stellarator_e2e/pkg/stellarator_tea')
manifest_path = PosixPath('/home/reid/1cfe/fusion-tea-codex-test/exploration/stellarator_e2e/studies/manifest.json')
groups = PosixPath('/home/reid/1cfe/fusion-tea-codex-test/tests/study/data/axes.extras.json')

    def run_tool(package, manifest_path, groups, *, group=(), cwd=None):
        """Invoke the CLI and return the parsed report. Raises if the run failed."""
        rc, out, err = run_tool_raw(package, manifest_path, groups, group=group, cwd=cwd)
>       assert rc == 0, f"tool exited {rc}\n{err}"
E       AssertionError: tool exited 1
E         indicator-input fingerprint mismatch: manifest pins 0e61f19061132204911763b142f203d5064e13589b7582c3ef0037d101503204 but indicator-input-fingerprint/v1 over the live package is 609e6cca0a4f329e834b52369a425541ca167bfdfe8608879d900a27ccedf06d
E           live per-file digests:
E             contracts/model_contract.json d2ee3c18e6d087149f55699dd7cdce59f074abcbd861b7824b9310e770b07bc2
E             inputs/mfe_account_costs_params.json 5b7f9baef4118fd7f4bf2df2bf6f15153208b84c2ad1507300b5f54fe83740b3
E             inputs/mfe_fuel_cycle_params.json 7c91948cb65554dad5d7dd4b50372116b903727e33bc11652940e11920a53d2b
E             inputs/mfe_magnet_cost_params.json 0009a95e44bd67b7ab7622bb51b9b8bddd01683ebdb969c7402116bc4de34113
E             inputs/mfe_magnet_field_params.json e46eb97bf88cdf3f9ac409bdcc35d87fd99022ab4b23ed78f516fb4172446180
E             inputs/mfe_plant_params.json ff041fec8a149e6c789ca1bd5cf0cc1c6f55c6d96da3f96179f9541131b94814
E             inputs/mfe_plasma_scaling_params.json d6324b43a9b6da6db2a9a26596378190b06b680bac856fdfab6e30d224f77b6d
E             inputs/mfe_plasma_sustainment_params.json d7c0adfe722dde2bdd7b0edb52f0365ab6b1210e2a25cfab36136a055ebeec14
E             inputs/mfe_vacuum_params.json 4d239714198183bb1414461a30ddfc078fb19f057849cfd8049738b945b7f902
E             inputs/stellarator_plant_params.json e5d567f2c6b2f67a7495341998b0ceef86c5e0f382161a20b98cce941718a9b4
E             pipelines/pipeline.yaml 84af29209c51b249b7291c1e01bebe47c7e90d1ebfa442f7073b61724991980f
E           re-pin with --print-fingerprint after reviewing the change
E         
E       assert 1 == 0

tests/study/conftest.py:121: AssertionError
________________ test_the_declared_tie_is_not_a_suffix_sibling _________________

    def test_the_declared_tie_is_not_a_suffix_sibling():
        """The concrete demonstration that suffixes are not identity: magnet__R0 has
        suffix R0, so no suffix scan will ever surface it — the tie must be declared."""
>       doc = run_tool(REAL_PACKAGE, REAL_MANIFEST, EXTRAS)
              ^^^^^^^^^^^^^^^^^^^^^^^^^^^^^^^^^^^^^^^^^^^^^

tests/study/test_warnings.py:92: 
_ _ _ _ _ _ _ _ _ _ _ _ _ _ _ _ _ _ _ _ _ _ _ _ _ _ _ _ _ _ _ _ _ _ _ _ _ _ _ _ 

package = PosixPath('/home/reid/1cfe/fusion-tea-codex-test/exploration/stellarator_e2e/pkg/stellarator_tea')
manifest_path = PosixPath('/home/reid/1cfe/fusion-tea-codex-test/exploration/stellarator_e2e/studies/manifest.json')
groups = PosixPath('/home/reid/1cfe/fusion-tea-codex-test/tests/study/data/axes.extras.json')

    def run_tool(package, manifest_path, groups, *, group=(), cwd=None):
        """Invoke the CLI and return the parsed report. Raises if the run failed."""
        rc, out, err = run_tool_raw(package, manifest_path, groups, group=group, cwd=cwd)
>       assert rc == 0, f"tool exited {rc}\n{err}"
E       AssertionError: tool exited 1
E         indicator-input fingerprint mismatch: manifest pins 0e61f19061132204911763b142f203d5064e13589b7582c3ef0037d101503204 but indicator-input-fingerprint/v1 over the live package is 609e6cca0a4f329e834b52369a425541ca167bfdfe8608879d900a27ccedf06d
E           live per-file digests:
E             contracts/model_contract.json d2ee3c18e6d087149f55699dd7cdce59f074abcbd861b7824b9310e770b07bc2
E             inputs/mfe_account_costs_params.json 5b7f9baef4118fd7f4bf2df2bf6f15153208b84c2ad1507300b5f54fe83740b3
E             inputs/mfe_fuel_cycle_params.json 7c91948cb65554dad5d7dd4b50372116b903727e33bc11652940e11920a53d2b
E             inputs/mfe_magnet_cost_params.json 0009a95e44bd67b7ab7622bb51b9b8bddd01683ebdb969c7402116bc4de34113
E             inputs/mfe_magnet_field_params.json e46eb97bf88cdf3f9ac409bdcc35d87fd99022ab4b23ed78f516fb4172446180
E             inputs/mfe_plant_params.json ff041fec8a149e6c789ca1bd5cf0cc1c6f55c6d96da3f96179f9541131b94814
E             inputs/mfe_plasma_scaling_params.json d6324b43a9b6da6db2a9a26596378190b06b680bac856fdfab6e30d224f77b6d
E             inputs/mfe_plasma_sustainment_params.json d7c0adfe722dde2bdd7b0edb52f0365ab6b1210e2a25cfab36136a055ebeec14
E             inputs/mfe_vacuum_params.json 4d239714198183bb1414461a30ddfc078fb19f057849cfd8049738b945b7f902
E             inputs/stellarator_plant_params.json e5d567f2c6b2f67a7495341998b0ceef86c5e0f382161a20b98cce941718a9b4
E             pipelines/pipeline.yaml 84af29209c51b249b7291c1e01bebe47c7e90d1ebfa442f7073b61724991980f
E           re-pin with --print-fingerprint after reviewing the change
E         
E       assert 1 == 0

tests/study/conftest.py:121: AssertionError
______________ test_a_key_in_two_groups_earns_a_document_warning _______________

    def test_a_key_in_two_groups_earns_a_document_warning():
>       doc = run_tool(REAL_PACKAGE, REAL_MANIFEST, EXTRAS)
              ^^^^^^^^^^^^^^^^^^^^^^^^^^^^^^^^^^^^^^^^^^^^^

tests/study/test_warnings.py:98: 
_ _ _ _ _ _ _ _ _ _ _ _ _ _ _ _ _ _ _ _ _ _ _ _ _ _ _ _ _ _ _ _ _ _ _ _ _ _ _ _ 

package = PosixPath('/home/reid/1cfe/fusion-tea-codex-test/exploration/stellarator_e2e/pkg/stellarator_tea')
manifest_path = PosixPath('/home/reid/1cfe/fusion-tea-codex-test/exploration/stellarator_e2e/studies/manifest.json')
groups = PosixPath('/home/reid/1cfe/fusion-tea-codex-test/tests/study/data/axes.extras.json')

    def run_tool(package, manifest_path, groups, *, group=(), cwd=None):
        """Invoke the CLI and return the parsed report. Raises if the run failed."""
        rc, out, err = run_tool_raw(package, manifest_path, groups, group=group, cwd=cwd)
>       assert rc == 0, f"tool exited {rc}\n{err}"
E       AssertionError: tool exited 1
E         indicator-input fingerprint mismatch: manifest pins 0e61f19061132204911763b142f203d5064e13589b7582c3ef0037d101503204 but indicator-input-fingerprint/v1 over the live package is 609e6cca0a4f329e834b52369a425541ca167bfdfe8608879d900a27ccedf06d
E           live per-file digests:
E             contracts/model_contract.json d2ee3c18e6d087149f55699dd7cdce59f074abcbd861b7824b9310e770b07bc2
E             inputs/mfe_account_costs_params.json 5b7f9baef4118fd7f4bf2df2bf6f15153208b84c2ad1507300b5f54fe83740b3
E             inputs/mfe_fuel_cycle_params.json 7c91948cb65554dad5d7dd4b50372116b903727e33bc11652940e11920a53d2b
E             inputs/mfe_magnet_cost_params.json 0009a95e44bd67b7ab7622bb51b9b8bddd01683ebdb969c7402116bc4de34113
E             inputs/mfe_magnet_field_params.json e46eb97bf88cdf3f9ac409bdcc35d87fd99022ab4b23ed78f516fb4172446180
E             inputs/mfe_plant_params.json ff041fec8a149e6c789ca1bd5cf0cc1c6f55c6d96da3f96179f9541131b94814
E             inputs/mfe_plasma_scaling_params.json d6324b43a9b6da6db2a9a26596378190b06b680bac856fdfab6e30d224f77b6d
E             inputs/mfe_plasma_sustainment_params.json d7c0adfe722dde2bdd7b0edb52f0365ab6b1210e2a25cfab36136a055ebeec14
E             inputs/mfe_vacuum_params.json 4d239714198183bb1414461a30ddfc078fb19f057849cfd8049738b945b7f902
E             inputs/stellarator_plant_params.json e5d567f2c6b2f67a7495341998b0ceef86c5e0f382161a20b98cce941718a9b4
E             pipelines/pipeline.yaml 84af29209c51b249b7291c1e01bebe47c7e90d1ebfa442f7073b61724991980f
E           re-pin with --print-fingerprint after reviewing the change
E         
E       assert 1 == 0

tests/study/conftest.py:121: AssertionError
=========================== short test summary info ============================
FAILED tests/study/test_known_answers.py::test_fixture_binding - AssertionErr...
FAILED tests/study/test_known_answers.py::test_current_heating_reachability
FAILED tests/study/test_numeric_evidence.py::test_real_multi_output_values_survive_reopened_store_and_export
FAILED tests/study/test_numeric_evidence.py::test_adding_persisted_column_reuses_store_without_evaluation
FAILED tests/study/test_numeric_evidence.py::test_resume_refuses_a_required_column_absent_from_persisted_evidence[complete]
FAILED tests/study/test_numeric_evidence.py::test_resume_refuses_a_required_column_absent_from_persisted_evidence[partial]
FAILED tests/study/test_numeric_evidence.py::test_execution_failures_remain_recorded_cases[first-fails]
FAILED tests/study/test_numeric_evidence.py::test_execution_failures_remain_recorded_cases[all-fail]
FAILED tests/study/test_numeric_evidence.py::test_nonfinite_declared_value_is_persisted_and_refused_only_at_export
FAILED tests/study/test_operand_bindings.py::test_every_constraint_operand_resolves
FAILED tests/study/test_output_contract.py::test_real_manifest_pin_matches_live_package
FAILED tests/study/test_output_contract.py::test_byte_determinism_across_working_directories
FAILED tests/study/test_output_contract.py::test_two_runs_from_the_same_directory_are_byte_identical
FAILED tests/study/test_output_contract.py::test_the_real_output_validates_against_its_schema
FAILED tests/study/test_output_contract.py::test_not_derivable_is_byte_equal
FAILED tests/study/test_output_contract.py::test_constraint_completeness - As...
FAILED tests/study/test_output_contract.py::test_bounds_is_authoritative_and_axis_varying
FAILED tests/study/test_output_contract.py::test_lists_are_sorted_by_a_stated_key
FAILED tests/study/test_output_contract.py::test_the_report_carries_its_tool_source_digest
FAILED tests/study/test_output_contract.py::test_the_report_carries_the_three_package_fingerprints
FAILED tests/study/test_output_contract.py::test_the_report_carries_no_timestamp
FAILED tests/study/test_provenance.py::test_every_declared_key_carries_its_provenance
FAILED tests/study/test_provenance.py::test_provenance_round_trips_from_the_declaration
FAILED tests/study/test_provenance.py::test_the_tie_key_is_marked_and_the_others_are_not
FAILED tests/study/test_provenance.py::test_a_tie_key_traces_identically_to_a_fan_out_key
FAILED tests/study/test_provenance.py::test_entry_type_is_reported_per_declared_key
FAILED tests/study/test_read_set_coverage.py::test_a_renamed_inputs_file_is_followed_not_guessed
FAILED tests/study/test_study_publication_fail_closed.py::test_local_export_refuses_incomplete_results_before_publishing[20260830-stress-fence-first-case-absent]
FAILED tests/study/test_study_publication_fail_closed.py::test_local_export_refuses_incomplete_results_before_publishing[20260830-stress-fence-first-case-null]
FAILED tests/study/test_study_publication_fail_closed.py::test_local_export_refuses_incomplete_results_before_publishing[20260830-stress-fence-first-case-nan]
FAILED tests/study/test_study_publication_fail_closed.py::test_local_export_refuses_incomplete_results_before_publishing[20260830-stress-fence-first-case-positive-inf]
FAILED tests/study/test_study_publication_fail_closed.py::test_local_export_refuses_incomplete_results_before_publishing[20260830-stress-fence-first-case-negative-inf]
FAILED tests/study/test_study_publication_fail_closed.py::test_local_export_refuses_incomplete_results_before_publishing[20260830-stress-fence-later-case-absent]
FAILED tests/study/test_study_publication_fail_closed.py::test_local_export_refuses_incomplete_results_before_publishing[20260830-stress-fence-later-case-null]
FAILED tests/study/test_study_publication_fail_closed.py::test_local_export_refuses_incomplete_results_before_publishing[20260830-stress-fence-later-case-nan]
FAILED tests/study/test_study_publication_fail_closed.py::test_local_export_refuses_incomplete_results_before_publishing[20260830-stress-fence-later-case-positive-inf]
FAILED tests/study/test_study_publication_fail_closed.py::test_local_export_refuses_incomplete_results_before_publishing[20260830-stress-fence-later-case-negative-inf]
FAILED tests/study/test_study_publication_fail_closed.py::test_local_export_refuses_incomplete_results_before_publishing[20260901-sustainment-fence-first-case-absent]
FAILED tests/study/test_study_publication_fail_closed.py::test_local_export_refuses_incomplete_results_before_publishing[20260901-sustainment-fence-first-case-null]
FAILED tests/study/test_study_publication_fail_closed.py::test_local_export_refuses_incomplete_results_before_publishing[20260901-sustainment-fence-first-case-nan]
FAILED tests/study/test_study_publication_fail_closed.py::test_local_export_refuses_incomplete_results_before_publishing[20260901-sustainment-fence-first-case-positive-inf]
FAILED tests/study/test_study_publication_fail_closed.py::test_local_export_refuses_incomplete_results_before_publishing[20260901-sustainment-fence-first-case-negative-inf]
FAILED tests/study/test_study_publication_fail_closed.py::test_local_export_refuses_incomplete_results_before_publishing[20260901-sustainment-fence-later-case-absent]
FAILED tests/study/test_study_publication_fail_closed.py::test_local_export_refuses_incomplete_results_before_publishing[20260901-sustainment-fence-later-case-null]
FAILED tests/study/test_study_publication_fail_closed.py::test_local_export_refuses_incomplete_results_before_publishing[20260901-sustainment-fence-later-case-nan]
FAILED tests/study/test_study_publication_fail_closed.py::test_local_export_refuses_incomplete_results_before_publishing[20260901-sustainment-fence-later-case-positive-inf]
FAILED tests/study/test_study_publication_fail_closed.py::test_local_export_refuses_incomplete_results_before_publishing[20260901-sustainment-fence-later-case-negative-inf]
FAILED tests/study/test_study_publication_fail_closed.py::test_local_export_refuses_incomplete_results_before_publishing[20260903-priced-levers-first-case-absent]
FAILED tests/study/test_study_publication_fail_closed.py::test_local_export_refuses_incomplete_results_before_publishing[20260903-priced-levers-first-case-null]
FAILED tests/study/test_study_publication_fail_closed.py::test_local_export_refuses_incomplete_results_before_publishing[20260903-priced-levers-first-case-nan]
FAILED tests/study/test_study_publication_fail_closed.py::test_local_export_refuses_incomplete_results_before_publishing[20260903-priced-levers-first-case-positive-inf]
FAILED tests/study/test_study_publication_fail_closed.py::test_local_export_refuses_incomplete_results_before_publishing[20260903-priced-levers-first-case-negative-inf]
FAILED tests/study/test_study_publication_fail_closed.py::test_local_export_refuses_incomplete_results_before_publishing[20260903-priced-levers-later-case-absent]
FAILED tests/study/test_study_publication_fail_closed.py::test_local_export_refuses_incomplete_results_before_publishing[20260903-priced-levers-later-case-null]
FAILED tests/study/test_study_publication_fail_closed.py::test_local_export_refuses_incomplete_results_before_publishing[20260903-priced-levers-later-case-nan]
FAILED tests/study/test_study_publication_fail_closed.py::test_local_export_refuses_incomplete_results_before_publishing[20260903-priced-levers-later-case-positive-inf]
FAILED tests/study/test_study_publication_fail_closed.py::test_local_export_refuses_incomplete_results_before_publishing[20260903-priced-levers-later-case-negative-inf]
FAILED tests/study/test_study_publication_fail_closed.py::test_local_export_refuses_incomplete_results_before_publishing[20260903-wall-and-heating-first-case-absent]
FAILED tests/study/test_study_publication_fail_closed.py::test_local_export_refuses_incomplete_results_before_publishing[20260903-wall-and-heating-first-case-null]
FAILED tests/study/test_study_publication_fail_closed.py::test_local_export_refuses_incomplete_results_before_publishing[20260903-wall-and-heating-first-case-nan]
FAILED tests/study/test_study_publication_fail_closed.py::test_local_export_refuses_incomplete_results_before_publishing[20260903-wall-and-heating-first-case-positive-inf]
FAILED tests/study/test_study_publication_fail_closed.py::test_local_export_refuses_incomplete_results_before_publishing[20260903-wall-and-heating-first-case-negative-inf]
FAILED tests/study/test_study_publication_fail_closed.py::test_local_export_refuses_incomplete_results_before_publishing[20260903-wall-and-heating-later-case-absent]
FAILED tests/study/test_study_publication_fail_closed.py::test_local_export_refuses_incomplete_results_before_publishing[20260903-wall-and-heating-later-case-null]
FAILED tests/study/test_study_publication_fail_closed.py::test_local_export_refuses_incomplete_results_before_publishing[20260903-wall-and-heating-later-case-nan]
FAILED tests/study/test_study_publication_fail_closed.py::test_local_export_refuses_incomplete_results_before_publishing[20260903-wall-and-heating-later-case-positive-inf]
FAILED tests/study/test_study_publication_fail_closed.py::test_local_export_refuses_incomplete_results_before_publishing[20260903-wall-and-heating-later-case-negative-inf]
FAILED tests/study/test_study_publication_fail_closed.py::test_local_export_refuses_incomplete_results_before_publishing[20260904-wall-and-heating-first-case-absent]
FAILED tests/study/test_study_publication_fail_closed.py::test_local_export_refuses_incomplete_results_before_publishing[20260904-wall-and-heating-first-case-null]
FAILED tests/study/test_study_publication_fail_closed.py::test_local_export_refuses_incomplete_results_before_publishing[20260904-wall-and-heating-first-case-nan]
FAILED tests/study/test_study_publication_fail_closed.py::test_local_export_refuses_incomplete_results_before_publishing[20260904-wall-and-heating-first-case-positive-inf]
FAILED tests/study/test_study_publication_fail_closed.py::test_local_export_refuses_incomplete_results_before_publishing[20260904-wall-and-heating-first-case-negative-inf]
FAILED tests/study/test_study_publication_fail_closed.py::test_local_export_refuses_incomplete_results_before_publishing[20260904-wall-and-heating-later-case-absent]
FAILED tests/study/test_study_publication_fail_closed.py::test_local_export_refuses_incomplete_results_before_publishing[20260904-wall-and-heating-later-case-null]
FAILED tests/study/test_study_publication_fail_closed.py::test_local_export_refuses_incomplete_results_before_publishing[20260904-wall-and-heating-later-case-nan]
FAILED tests/study/test_study_publication_fail_closed.py::test_local_export_refuses_incomplete_results_before_publishing[20260904-wall-and-heating-later-case-positive-inf]
FAILED tests/study/test_study_publication_fail_closed.py::test_local_export_refuses_incomplete_results_before_publishing[20260904-wall-and-heating-later-case-negative-inf]
FAILED tests/study/test_study_publication_fail_closed.py::test_local_export_refuses_incomplete_results_before_publishing[20260905-stored-energy-basis-first-case-absent]
FAILED tests/study/test_study_publication_fail_closed.py::test_local_export_refuses_incomplete_results_before_publishing[20260905-stored-energy-basis-first-case-null]
FAILED tests/study/test_study_publication_fail_closed.py::test_local_export_refuses_incomplete_results_before_publishing[20260905-stored-energy-basis-first-case-nan]
FAILED tests/study/test_study_publication_fail_closed.py::test_local_export_refuses_incomplete_results_before_publishing[20260905-stored-energy-basis-first-case-positive-inf]
FAILED tests/study/test_study_publication_fail_closed.py::test_local_export_refuses_incomplete_results_before_publishing[20260905-stored-energy-basis-first-case-negative-inf]
FAILED tests/study/test_study_publication_fail_closed.py::test_local_export_refuses_incomplete_results_before_publishing[20260905-stored-energy-basis-later-case-absent]
FAILED tests/study/test_study_publication_fail_closed.py::test_local_export_refuses_incomplete_results_before_publishing[20260905-stored-energy-basis-later-case-null]
FAILED tests/study/test_study_publication_fail_closed.py::test_local_export_refuses_incomplete_results_before_publishing[20260905-stored-energy-basis-later-case-nan]
FAILED tests/study/test_study_publication_fail_closed.py::test_local_export_refuses_incomplete_results_before_publishing[20260905-stored-energy-basis-later-case-positive-inf]
FAILED tests/study/test_study_publication_fail_closed.py::test_local_export_refuses_incomplete_results_before_publishing[20260905-stored-energy-basis-later-case-negative-inf]
FAILED tests/study/test_study_publication_fail_closed.py::test_local_export_refuses_incomplete_results_before_publishing[20260907-burn-control-first-case-absent]
FAILED tests/study/test_study_publication_fail_closed.py::test_local_export_refuses_incomplete_results_before_publishing[20260907-burn-control-first-case-null]
FAILED tests/study/test_study_publication_fail_closed.py::test_local_export_refuses_incomplete_results_before_publishing[20260907-burn-control-first-case-nan]
FAILED tests/study/test_study_publication_fail_closed.py::test_local_export_refuses_incomplete_results_before_publishing[20260907-burn-control-first-case-positive-inf]
FAILED tests/study/test_study_publication_fail_closed.py::test_local_export_refuses_incomplete_results_before_publishing[20260907-burn-control-first-case-negative-inf]
FAILED tests/study/test_study_publication_fail_closed.py::test_local_export_refuses_incomplete_results_before_publishing[20260907-burn-control-later-case-absent]
FAILED tests/study/test_study_publication_fail_closed.py::test_local_export_refuses_incomplete_results_before_publishing[20260907-burn-control-later-case-null]
FAILED tests/study/test_study_publication_fail_closed.py::test_local_export_refuses_incomplete_results_before_publishing[20260907-burn-control-later-case-nan]
FAILED tests/study/test_study_publication_fail_closed.py::test_local_export_refuses_incomplete_results_before_publishing[20260907-burn-control-later-case-positive-inf]
FAILED tests/study/test_study_publication_fail_closed.py::test_local_export_refuses_incomplete_results_before_publishing[20260907-burn-control-later-case-negative-inf]
FAILED tests/study/test_study_publication_fail_closed.py::test_local_export_refuses_incomplete_results_before_publishing[20260907-minor-radius-first-case-absent]
FAILED tests/study/test_study_publication_fail_closed.py::test_local_export_refuses_incomplete_results_before_publishing[20260907-minor-radius-first-case-null]
FAILED tests/study/test_study_publication_fail_closed.py::test_local_export_refuses_incomplete_results_before_publishing[20260907-minor-radius-first-case-nan]
FAILED tests/study/test_study_publication_fail_closed.py::test_local_export_refuses_incomplete_results_before_publishing[20260907-minor-radius-first-case-positive-inf]
FAILED tests/study/test_study_publication_fail_closed.py::test_local_export_refuses_incomplete_results_before_publishing[20260907-minor-radius-first-case-negative-inf]
FAILED tests/study/test_study_publication_fail_closed.py::test_local_export_refuses_incomplete_results_before_publishing[20260907-minor-radius-later-case-absent]
FAILED tests/study/test_study_publication_fail_closed.py::test_local_export_refuses_incomplete_results_before_publishing[20260907-minor-radius-later-case-null]
FAILED tests/study/test_study_publication_fail_closed.py::test_local_export_refuses_incomplete_results_before_publishing[20260907-minor-radius-later-case-nan]
FAILED tests/study/test_study_publication_fail_closed.py::test_local_export_refuses_incomplete_results_before_publishing[20260907-minor-radius-later-case-positive-inf]
FAILED tests/study/test_study_publication_fail_closed.py::test_local_export_refuses_incomplete_results_before_publishing[20260907-minor-radius-later-case-negative-inf]
FAILED tests/study/test_study_publication_fail_closed.py::test_local_export_refuses_incomplete_results_before_publishing[20260911-operating-heating-first-case-absent]
FAILED tests/study/test_study_publication_fail_closed.py::test_local_export_refuses_incomplete_results_before_publishing[20260911-operating-heating-first-case-null]
FAILED tests/study/test_study_publication_fail_closed.py::test_local_export_refuses_incomplete_results_before_publishing[20260911-operating-heating-first-case-nan]
FAILED tests/study/test_study_publication_fail_closed.py::test_local_export_refuses_incomplete_results_before_publishing[20260911-operating-heating-first-case-positive-inf]
FAILED tests/study/test_study_publication_fail_closed.py::test_local_export_refuses_incomplete_results_before_publishing[20260911-operating-heating-first-case-negative-inf]
FAILED tests/study/test_study_publication_fail_closed.py::test_local_export_refuses_incomplete_results_before_publishing[20260911-operating-heating-later-case-absent]
FAILED tests/study/test_study_publication_fail_closed.py::test_local_export_refuses_incomplete_results_before_publishing[20260911-operating-heating-later-case-null]
FAILED tests/study/test_study_publication_fail_closed.py::test_local_export_refuses_incomplete_results_before_publishing[20260911-operating-heating-later-case-nan]
FAILED tests/study/test_study_publication_fail_closed.py::test_local_export_refuses_incomplete_results_before_publishing[20260911-operating-heating-later-case-positive-inf]
FAILED tests/study/test_study_publication_fail_closed.py::test_local_export_refuses_incomplete_results_before_publishing[20260911-operating-heating-later-case-negative-inf]
FAILED tests/study/test_study_publication_fail_closed.py::test_local_export_preserves_all_complete_values_including_zero[20260903-priced-levers]
FAILED tests/study/test_study_publication_fail_closed.py::test_local_export_preserves_all_complete_values_including_zero[20260903-wall-and-heating]
FAILED tests/study/test_study_publication_fail_closed.py::test_local_export_preserves_all_complete_values_including_zero[20260904-wall-and-heating]
FAILED tests/study/test_study_publication_fail_closed.py::test_local_export_preserves_all_complete_values_including_zero[20260905-stored-energy-basis]
FAILED tests/study/test_study_publication_fail_closed.py::test_local_export_preserves_all_complete_values_including_zero[20260907-burn-control]
FAILED tests/study/test_study_publication_fail_closed.py::test_local_export_preserves_all_complete_values_including_zero[20260907-minor-radius]
FAILED tests/study/test_study_publication_fail_closed.py::test_local_export_preserves_all_complete_values_including_zero[20260911-operating-heating]
FAILED tests/study/test_subset_flag.py::test_a_full_run_covers_the_whole_declaration
FAILED tests/study/test_subset_flag.py::test_a_group_run_is_visibly_narrower
FAILED tests/study/test_subset_flag.py::test_several_groups_can_be_selected
FAILED tests/study/test_subset_flag.py::test_a_subset_group_is_byte_identical_to_its_full_run_counterpart
FAILED tests/study/test_subset_flag.py::test_the_axis_declaration_digest_matches_the_file_bytes
FAILED tests/study/test_valid_empty.py::test_a_group_with_no_constraint_reach_exits_zero
FAILED tests/study/test_valid_empty.py::test_the_empty_result_still_carries_the_whole_catalog
FAILED tests/study/test_valid_empty.py::test_no_constraint_response_is_emitted_even_when_false
FAILED tests/study/test_valid_empty.py::test_the_document_goes_to_stdout_and_the_summary_to_stderr
FAILED tests/study/test_warnings.py::test_advisory_never_changes_the_trace - ...
FAILED tests/study/test_warnings.py::test_the_tie_candidate_names_the_key_and_says_it_was_not_added
FAILED tests/study/test_warnings.py::test_a_declared_tie_earns_no_candidate_warning
FAILED tests/study/test_warnings.py::test_suffix_siblings_land_in_their_own_named_field
FAILED tests/study/test_warnings.py::test_suffix_siblings_never_join_the_traced_set
FAILED tests/study/test_warnings.py::test_the_declared_tie_is_not_a_suffix_sibling
FAILED tests/study/test_warnings.py::test_a_key_in_two_groups_earns_a_document_warning
ERROR tests/study/test_committed_store.py::test_the_store_speaks_the_generic_vocabulary
ERROR tests/study/test_known_answers.py::test_known_answer[availability_direct]
ERROR tests/study/test_known_answers.py::test_known_answer[interest_rate] - A...
ERROR tests/study/test_known_answers.py::test_known_answer[R] - AssertionErro...
ERROR tests/study/test_known_answers.py::test_known_answer[R+tie] - Assertion...
ERROR tests/study/test_known_answers.py::test_known_answer[a] - AssertionErro...
ERROR tests/study/test_known_answers.py::test_known_answer[I_coil] - Assertio...
ERROR tests/study/test_known_answers.py::test_matches_the_item_1_fixture_contract[availability_direct]
ERROR tests/study/test_known_answers.py::test_matches_the_item_1_fixture_contract[interest_rate]
ERROR tests/study/test_known_answers.py::test_matches_the_item_1_fixture_contract[R]
ERROR tests/study/test_known_answers.py::test_matches_the_item_1_fixture_contract[R+tie]
ERROR tests/study/test_known_answers.py::test_matches_the_item_1_fixture_contract[a]
ERROR tests/study/test_known_answers.py::test_matches_the_item_1_fixture_contract[I_coil]
ERROR tests/study/test_known_answers.py::test_availability_direct_reaches_no_constraint
ERROR tests/study/test_known_answers.py::test_I_coil_reaches_the_field_constraints_through_calcs
ERROR tests/study/test_known_answers.py::test_r_reaches_net_positive_through_a_computed_operand
ERROR tests/study/test_known_answers.py::test_the_declared_tie_extends_reach_through_the_field
ERROR tests/study/test_known_answers.py::test_every_constraint_carries_all_three_identities
ERROR tests/study/test_preflight_gates.py::test_all_six_checks_pass_on_the_real_package
ERROR tests/study/test_preflight_gates.py::test_the_results_document_validates_against_its_schema
ERROR tests/study/test_preflight_gates.py::test_the_document_carries_a_digest_for_every_input_it_read
ERROR tests/study/test_preflight_gates.py::test_the_six_results_map_onto_record_section_9s_five_rows
ERROR tests/study/test_preflight_gates.py::test_the_tool_reports_its_own_revision_as_a_named_recipe_over_a_named_file_list
ERROR tests/study/test_preflight_gates.py::test_the_sibling_scan_is_advisory_and_can_never_fail
ERROR tests/study/test_preflight_gates.py::test_the_identity_gate_reports_the_recomputed_digest
ERROR tests/study/test_preflight_negatives.py::test_each_negative_fails_closed_and_still_writes_a_complete_document[missing_declared_key]
ERROR tests/study/test_preflight_negatives.py::test_each_negative_fails_closed_and_still_writes_a_complete_document[key_names_a_channel]
ERROR tests/study/test_preflight_negatives.py::test_each_negative_fails_closed_and_still_writes_a_complete_document[wrong_fingerprint]
ERROR tests/study/test_preflight_negatives.py::test_each_negative_fails_closed_and_still_writes_a_complete_document[stale_manifest]
ERROR tests/study/test_preflight_negatives.py::test_the_wrong_fingerprint_message_names_both_values
ERROR tests/study/test_preflight_negatives.py::test_an_unreadable_input_is_did_not_run_with_its_condition
ERROR tests/study/test_preflight_negatives.py::test_a_baseline_executed_under_another_identity_is_refused
ERROR tests/study/test_preflight_negatives.py::test_a_wrong_headline_is_refused_naming_the_channel
ERROR tests/study/test_preflight_negatives.py::test_a_differing_baseline_verdict_is_refused_naming_the_constraint
ERROR tests/study/test_verify.py::test_the_summary_validates_against_its_schema
ERROR tests/study/test_verify.py::test_the_summary_is_a_superset_of_the_committed_field_set
ERROR tests/study/test_verify.py::test_parity_holds_at_the_committed_order_of_magnitude
ERROR tests/study/test_verify.py::test_every_catalog_constraint_is_rederived_with_its_operand_count
ERROR tests/study/test_verify.py::test_stratification_covers_every_observed_verdict_combination
ERROR tests/study/test_verify.py::test_stratification_is_a_floor_not_a_cap - ...
ERROR tests/study/test_verify.py::test_the_derived_seed_reproduces_from_the_recorded_fields
ERROR tests/study/test_verify.py::test_an_explicit_seed_is_recorded_as_explicit
ERROR tests/study/test_verify.py::test_cas27_is_compared_and_nothing_is_undisclosed
ERROR tests/study/test_verify.py::test_the_command_carries_no_absolute_paths
ERROR tests/study/test_verify.py::test_the_operand_bindings_digest_is_the_documented_canonicalization
ERROR tests/study/test_verify.py::test_a_planted_channel_deviation_fails_naming_case_and_channel
ERROR tests/study/test_verify.py::test_a_planted_verdict_mismatch_fails_naming_the_constraint
ERROR tests/study/test_verify.py::test_a_missing_operand_bindings_attribute_fails_closed
ERROR tests/study/test_verify.py::test_an_unresolvable_binding_fails_naming_the_constraint_and_operand
ERROR tests/study/test_verify.py::test_a_store_bound_to_another_identity_is_refused
ERROR tests/study/test_verify.py::test_an_empty_result_is_a_broken_input_not_a_clean_pass
ERROR tests/study/test_verify.py::test_the_stores_are_never_written - simkit....
ERROR tests/study/test_verify.py::test_stored_operating_controls_preserve_procurement_and_signed_capacity
ERROR tests/study/test_verify.py::test_operating_channel_deviation_is_refused[p_coupled]
ERROR tests/study/test_verify.py::test_operating_channel_deviation_is_refused[p_delivered]
ERROR tests/study/test_verify.py::test_operating_channel_deviation_is_refused[p_wallplug]
140 failed, 331 passed, 56 errors in 38.68s
