........................................................................ [  2%]
........................................................................ [  4%]
........................................................................ [  6%]
........................................................................ [  8%]
........................................................................ [ 10%]
........................................................................ [ 12%]
........................................................................ [ 14%]
........................................................................ [ 16%]
........................................................................ [ 18%]
........................................................................ [ 20%]
..........s.......................................................ssssss [ 22%]
ssssss.................................................................. [ 25%]
........................................................................ [ 27%]
........................................................................ [ 29%]
........................................................................ [ 31%]
........................................................................ [ 33%]
........................................................................ [ 35%]
........................................................................ [ 37%]
........................................................................ [ 39%]
........................................................................ [ 41%]
........................................................................ [ 43%]
........................................................................ [ 45%]
........................................................................ [ 47%]
........................................................................ [ 50%]
........................................................................ [ 52%]
.............................................x.......................... [ 54%]
........................................................................ [ 56%]
........................................................................ [ 58%]
........................................................................ [ 60%]
........................................................................ [ 62%]
........................................................................ [ 64%]
........................................................................ [ 66%]
....................................E.................FFFF...F....FFFFF. [ 68%]
FF...................................................................... [ 70%]
...............................................F........................ [ 72%]
........................................................................ [ 75%]
........................................................................ [ 77%]
...............................................F.....FFFFFFFFFFFF...F... [ 79%]
........................................................................ [ 81%]
........................................................................ [ 83%]
...............................F.................F..F..F..F............. [ 85%]
............F..F..............F.......................................EE [ 87%]
EEEEE..EEEEEEEEE................................................FFFFFF.. [ 89%]
.....................................FF...F............................. [ 91%]
.............................FF..............F.......................... [ 93%]
........................................................................ [ 95%]
..............................................................F..EEEEEEE [ 97%]
EEEEEEEEEEEEEEE.......................................................   [100%]
==================================== ERRORS ====================================
________ ERROR at setup of test_the_store_speaks_the_generic_vocabulary ________

tmp_path_factory = TempPathFactory(_given_basetemp=None, _trace=<pluggy._tracing.TagTracerSub object at 0x7e465b0cb650>, _basetemp=PosixPath('/tmp/pytest-of-reid/pytest-12975'), _retention_count=3, _retention_policy='all')
stock_simkit_session_path = PosixPath('/home/reid/1cfe/teax/packages/teax-simkit')

    @pytest.fixture(scope="session")
    def stock_route_run(tmp_path_factory, stock_simkit_session_path):
        """One stock-route execution per session: the availability sweep's store plus the
        sealed identity document and baseline result the route deposits."""
        studies = str(REPO_ROOT / "exploration" / "stellarator_e2e" / "studies")
        if studies not in sys.path:
            sys.path.insert(0, studies)
        import study_route
    
        out = tmp_path_factory.mktemp("stock_route_run")
>       study_route.run_availability_sweep(out)

tests/study/conftest.py:285: 
_ _ _ _ _ _ _ _ _ _ _ _ _ _ _ _ _ _ _ _ _ _ _ _ _ _ _ _ _ _ _ _ _ _ _ _ _ _ _ _ 
exploration/stellarator_e2e/studies/study_route.py:423: in run_availability_sweep
    _completed(cases, "availability sweep"), ["availability_direct"],
    ^^^^^^^^^^^^^^^^^^^^^^^^^^^^^^^^^^^^^^^
_ _ _ _ _ _ _ _ _ _ _ _ _ _ _ _ _ _ _ _ _ _ _ _ _ _ _ _ _ _ _ _ _ _ _ _ _ _ _ _ 

cases = [CaseView(candidate_id='stellarator-availability-sweep-v1:c0000', state='execution_failed', inputs={'stellarator_09__s...fingerprint='b032da4a3971979792bc024bf9cd1a41a2d83d340bad5b59ef3e1a9aeaa77236', evidence_digest=None, catalog={}), ...]
what = 'availability sweep'

    def _completed(cases, what: str):
        completed = [c for c in cases if c.state == "completed"]
        if len(completed) != len(cases):
>           raise RouteError(
                f"{what}: {len(cases) - len(completed)} of {len(cases)} cases did not complete"
            )
E           study_route.RouteError: availability sweep: 19 of 19 cases did not complete

exploration/stellarator_e2e/studies/study_route.py:399: RouteError
________ ERROR at setup of test_all_six_checks_pass_on_the_real_package ________

tmp_path_factory = TempPathFactory(_given_basetemp=None, _trace=<pluggy._tracing.TagTracerSub object at 0x7e465b0cb650>, _basetemp=PosixPath('/tmp/pytest-of-reid/pytest-12975'), _retention_count=3, _retention_policy='all')
stock_simkit_session_path = PosixPath('/home/reid/1cfe/teax/packages/teax-simkit')

    @pytest.fixture(scope="session")
    def stock_route_run(tmp_path_factory, stock_simkit_session_path):
        """One stock-route execution per session: the availability sweep's store plus the
        sealed identity document and baseline result the route deposits."""
        studies = str(REPO_ROOT / "exploration" / "stellarator_e2e" / "studies")
        if studies not in sys.path:
            sys.path.insert(0, studies)
        import study_route
    
        out = tmp_path_factory.mktemp("stock_route_run")
>       study_route.run_availability_sweep(out)

tests/study/conftest.py:285: 
_ _ _ _ _ _ _ _ _ _ _ _ _ _ _ _ _ _ _ _ _ _ _ _ _ _ _ _ _ _ _ _ _ _ _ _ _ _ _ _ 
exploration/stellarator_e2e/studies/study_route.py:423: in run_availability_sweep
    _completed(cases, "availability sweep"), ["availability_direct"],
    ^^^^^^^^^^^^^^^^^^^^^^^^^^^^^^^^^^^^^^^
_ _ _ _ _ _ _ _ _ _ _ _ _ _ _ _ _ _ _ _ _ _ _ _ _ _ _ _ _ _ _ _ _ _ _ _ _ _ _ _ 

cases = [CaseView(candidate_id='stellarator-availability-sweep-v1:c0000', state='execution_failed', inputs={'stellarator_09__s...fingerprint='b032da4a3971979792bc024bf9cd1a41a2d83d340bad5b59ef3e1a9aeaa77236', evidence_digest=None, catalog={}), ...]
what = 'availability sweep'

    def _completed(cases, what: str):
        completed = [c for c in cases if c.state == "completed"]
        if len(completed) != len(cases):
>           raise RouteError(
                f"{what}: {len(cases) - len(completed)} of {len(cases)} cases did not complete"
            )
E           study_route.RouteError: availability sweep: 19 of 19 cases did not complete

exploration/stellarator_e2e/studies/study_route.py:399: RouteError
___ ERROR at setup of test_the_results_document_validates_against_its_schema ___

tmp_path_factory = TempPathFactory(_given_basetemp=None, _trace=<pluggy._tracing.TagTracerSub object at 0x7e465b0cb650>, _basetemp=PosixPath('/tmp/pytest-of-reid/pytest-12975'), _retention_count=3, _retention_policy='all')
stock_simkit_session_path = PosixPath('/home/reid/1cfe/teax/packages/teax-simkit')

    @pytest.fixture(scope="session")
    def stock_route_run(tmp_path_factory, stock_simkit_session_path):
        """One stock-route execution per session: the availability sweep's store plus the
        sealed identity document and baseline result the route deposits."""
        studies = str(REPO_ROOT / "exploration" / "stellarator_e2e" / "studies")
        if studies not in sys.path:
            sys.path.insert(0, studies)
        import study_route
    
        out = tmp_path_factory.mktemp("stock_route_run")
>       study_route.run_availability_sweep(out)

tests/study/conftest.py:285: 
_ _ _ _ _ _ _ _ _ _ _ _ _ _ _ _ _ _ _ _ _ _ _ _ _ _ _ _ _ _ _ _ _ _ _ _ _ _ _ _ 
exploration/stellarator_e2e/studies/study_route.py:423: in run_availability_sweep
    _completed(cases, "availability sweep"), ["availability_direct"],
    ^^^^^^^^^^^^^^^^^^^^^^^^^^^^^^^^^^^^^^^
_ _ _ _ _ _ _ _ _ _ _ _ _ _ _ _ _ _ _ _ _ _ _ _ _ _ _ _ _ _ _ _ _ _ _ _ _ _ _ _ 

cases = [CaseView(candidate_id='stellarator-availability-sweep-v1:c0000', state='execution_failed', inputs={'stellarator_09__s...fingerprint='b032da4a3971979792bc024bf9cd1a41a2d83d340bad5b59ef3e1a9aeaa77236', evidence_digest=None, catalog={}), ...]
what = 'availability sweep'

    def _completed(cases, what: str):
        completed = [c for c in cases if c.state == "completed"]
        if len(completed) != len(cases):
>           raise RouteError(
                f"{what}: {len(cases) - len(completed)} of {len(cases)} cases did not complete"
            )
E           study_route.RouteError: availability sweep: 19 of 19 cases did not complete

exploration/stellarator_e2e/studies/study_route.py:399: RouteError
_ ERROR at setup of test_the_document_carries_a_digest_for_every_input_it_read _

tmp_path_factory = TempPathFactory(_given_basetemp=None, _trace=<pluggy._tracing.TagTracerSub object at 0x7e465b0cb650>, _basetemp=PosixPath('/tmp/pytest-of-reid/pytest-12975'), _retention_count=3, _retention_policy='all')
stock_simkit_session_path = PosixPath('/home/reid/1cfe/teax/packages/teax-simkit')

    @pytest.fixture(scope="session")
    def stock_route_run(tmp_path_factory, stock_simkit_session_path):
        """One stock-route execution per session: the availability sweep's store plus the
        sealed identity document and baseline result the route deposits."""
        studies = str(REPO_ROOT / "exploration" / "stellarator_e2e" / "studies")
        if studies not in sys.path:
            sys.path.insert(0, studies)
        import study_route
    
        out = tmp_path_factory.mktemp("stock_route_run")
>       study_route.run_availability_sweep(out)

tests/study/conftest.py:285: 
_ _ _ _ _ _ _ _ _ _ _ _ _ _ _ _ _ _ _ _ _ _ _ _ _ _ _ _ _ _ _ _ _ _ _ _ _ _ _ _ 
exploration/stellarator_e2e/studies/study_route.py:423: in run_availability_sweep
    _completed(cases, "availability sweep"), ["availability_direct"],
    ^^^^^^^^^^^^^^^^^^^^^^^^^^^^^^^^^^^^^^^
_ _ _ _ _ _ _ _ _ _ _ _ _ _ _ _ _ _ _ _ _ _ _ _ _ _ _ _ _ _ _ _ _ _ _ _ _ _ _ _ 

cases = [CaseView(candidate_id='stellarator-availability-sweep-v1:c0000', state='execution_failed', inputs={'stellarator_09__s...fingerprint='b032da4a3971979792bc024bf9cd1a41a2d83d340bad5b59ef3e1a9aeaa77236', evidence_digest=None, catalog={}), ...]
what = 'availability sweep'

    def _completed(cases, what: str):
        completed = [c for c in cases if c.state == "completed"]
        if len(completed) != len(cases):
>           raise RouteError(
                f"{what}: {len(cases) - len(completed)} of {len(cases)} cases did not complete"
            )
E           study_route.RouteError: availability sweep: 19 of 19 cases did not complete

exploration/stellarator_e2e/studies/study_route.py:399: RouteError
_ ERROR at setup of test_the_six_results_map_onto_record_section_9s_five_rows __

tmp_path_factory = TempPathFactory(_given_basetemp=None, _trace=<pluggy._tracing.TagTracerSub object at 0x7e465b0cb650>, _basetemp=PosixPath('/tmp/pytest-of-reid/pytest-12975'), _retention_count=3, _retention_policy='all')
stock_simkit_session_path = PosixPath('/home/reid/1cfe/teax/packages/teax-simkit')

    @pytest.fixture(scope="session")
    def stock_route_run(tmp_path_factory, stock_simkit_session_path):
        """One stock-route execution per session: the availability sweep's store plus the
        sealed identity document and baseline result the route deposits."""
        studies = str(REPO_ROOT / "exploration" / "stellarator_e2e" / "studies")
        if studies not in sys.path:
            sys.path.insert(0, studies)
        import study_route
    
        out = tmp_path_factory.mktemp("stock_route_run")
>       study_route.run_availability_sweep(out)

tests/study/conftest.py:285: 
_ _ _ _ _ _ _ _ _ _ _ _ _ _ _ _ _ _ _ _ _ _ _ _ _ _ _ _ _ _ _ _ _ _ _ _ _ _ _ _ 
exploration/stellarator_e2e/studies/study_route.py:423: in run_availability_sweep
    _completed(cases, "availability sweep"), ["availability_direct"],
    ^^^^^^^^^^^^^^^^^^^^^^^^^^^^^^^^^^^^^^^
_ _ _ _ _ _ _ _ _ _ _ _ _ _ _ _ _ _ _ _ _ _ _ _ _ _ _ _ _ _ _ _ _ _ _ _ _ _ _ _ 

cases = [CaseView(candidate_id='stellarator-availability-sweep-v1:c0000', state='execution_failed', inputs={'stellarator_09__s...fingerprint='b032da4a3971979792bc024bf9cd1a41a2d83d340bad5b59ef3e1a9aeaa77236', evidence_digest=None, catalog={}), ...]
what = 'availability sweep'

    def _completed(cases, what: str):
        completed = [c for c in cases if c.state == "completed"]
        if len(completed) != len(cases):
>           raise RouteError(
                f"{what}: {len(cases) - len(completed)} of {len(cases)} cases did not complete"
            )
E           study_route.RouteError: availability sweep: 19 of 19 cases did not complete

exploration/stellarator_e2e/studies/study_route.py:399: RouteError
_ ERROR at setup of test_the_tool_reports_its_own_revision_as_a_named_recipe_over_a_named_file_list _

tmp_path_factory = TempPathFactory(_given_basetemp=None, _trace=<pluggy._tracing.TagTracerSub object at 0x7e465b0cb650>, _basetemp=PosixPath('/tmp/pytest-of-reid/pytest-12975'), _retention_count=3, _retention_policy='all')
stock_simkit_session_path = PosixPath('/home/reid/1cfe/teax/packages/teax-simkit')

    @pytest.fixture(scope="session")
    def stock_route_run(tmp_path_factory, stock_simkit_session_path):
        """One stock-route execution per session: the availability sweep's store plus the
        sealed identity document and baseline result the route deposits."""
        studies = str(REPO_ROOT / "exploration" / "stellarator_e2e" / "studies")
        if studies not in sys.path:
            sys.path.insert(0, studies)
        import study_route
    
        out = tmp_path_factory.mktemp("stock_route_run")
>       study_route.run_availability_sweep(out)

tests/study/conftest.py:285: 
_ _ _ _ _ _ _ _ _ _ _ _ _ _ _ _ _ _ _ _ _ _ _ _ _ _ _ _ _ _ _ _ _ _ _ _ _ _ _ _ 
exploration/stellarator_e2e/studies/study_route.py:423: in run_availability_sweep
    _completed(cases, "availability sweep"), ["availability_direct"],
    ^^^^^^^^^^^^^^^^^^^^^^^^^^^^^^^^^^^^^^^
_ _ _ _ _ _ _ _ _ _ _ _ _ _ _ _ _ _ _ _ _ _ _ _ _ _ _ _ _ _ _ _ _ _ _ _ _ _ _ _ 

cases = [CaseView(candidate_id='stellarator-availability-sweep-v1:c0000', state='execution_failed', inputs={'stellarator_09__s...fingerprint='b032da4a3971979792bc024bf9cd1a41a2d83d340bad5b59ef3e1a9aeaa77236', evidence_digest=None, catalog={}), ...]
what = 'availability sweep'

    def _completed(cases, what: str):
        completed = [c for c in cases if c.state == "completed"]
        if len(completed) != len(cases):
>           raise RouteError(
                f"{what}: {len(cases) - len(completed)} of {len(cases)} cases did not complete"
            )
E           study_route.RouteError: availability sweep: 19 of 19 cases did not complete

exploration/stellarator_e2e/studies/study_route.py:399: RouteError
____ ERROR at setup of test_the_sibling_scan_is_advisory_and_can_never_fail ____

tmp_path_factory = TempPathFactory(_given_basetemp=None, _trace=<pluggy._tracing.TagTracerSub object at 0x7e465b0cb650>, _basetemp=PosixPath('/tmp/pytest-of-reid/pytest-12975'), _retention_count=3, _retention_policy='all')
stock_simkit_session_path = PosixPath('/home/reid/1cfe/teax/packages/teax-simkit')

    @pytest.fixture(scope="session")
    def stock_route_run(tmp_path_factory, stock_simkit_session_path):
        """One stock-route execution per session: the availability sweep's store plus the
        sealed identity document and baseline result the route deposits."""
        studies = str(REPO_ROOT / "exploration" / "stellarator_e2e" / "studies")
        if studies not in sys.path:
            sys.path.insert(0, studies)
        import study_route
    
        out = tmp_path_factory.mktemp("stock_route_run")
>       study_route.run_availability_sweep(out)

tests/study/conftest.py:285: 
_ _ _ _ _ _ _ _ _ _ _ _ _ _ _ _ _ _ _ _ _ _ _ _ _ _ _ _ _ _ _ _ _ _ _ _ _ _ _ _ 
exploration/stellarator_e2e/studies/study_route.py:423: in run_availability_sweep
    _completed(cases, "availability sweep"), ["availability_direct"],
    ^^^^^^^^^^^^^^^^^^^^^^^^^^^^^^^^^^^^^^^
_ _ _ _ _ _ _ _ _ _ _ _ _ _ _ _ _ _ _ _ _ _ _ _ _ _ _ _ _ _ _ _ _ _ _ _ _ _ _ _ 

cases = [CaseView(candidate_id='stellarator-availability-sweep-v1:c0000', state='execution_failed', inputs={'stellarator_09__s...fingerprint='b032da4a3971979792bc024bf9cd1a41a2d83d340bad5b59ef3e1a9aeaa77236', evidence_digest=None, catalog={}), ...]
what = 'availability sweep'

    def _completed(cases, what: str):
        completed = [c for c in cases if c.state == "completed"]
        if len(completed) != len(cases):
>           raise RouteError(
                f"{what}: {len(cases) - len(completed)} of {len(cases)} cases did not complete"
            )
E           study_route.RouteError: availability sweep: 19 of 19 cases did not complete

exploration/stellarator_e2e/studies/study_route.py:399: RouteError
____ ERROR at setup of test_the_identity_gate_reports_the_recomputed_digest ____

tmp_path_factory = TempPathFactory(_given_basetemp=None, _trace=<pluggy._tracing.TagTracerSub object at 0x7e465b0cb650>, _basetemp=PosixPath('/tmp/pytest-of-reid/pytest-12975'), _retention_count=3, _retention_policy='all')
stock_simkit_session_path = PosixPath('/home/reid/1cfe/teax/packages/teax-simkit')

    @pytest.fixture(scope="session")
    def stock_route_run(tmp_path_factory, stock_simkit_session_path):
        """One stock-route execution per session: the availability sweep's store plus the
        sealed identity document and baseline result the route deposits."""
        studies = str(REPO_ROOT / "exploration" / "stellarator_e2e" / "studies")
        if studies not in sys.path:
            sys.path.insert(0, studies)
        import study_route
    
        out = tmp_path_factory.mktemp("stock_route_run")
>       study_route.run_availability_sweep(out)

tests/study/conftest.py:285: 
_ _ _ _ _ _ _ _ _ _ _ _ _ _ _ _ _ _ _ _ _ _ _ _ _ _ _ _ _ _ _ _ _ _ _ _ _ _ _ _ 
exploration/stellarator_e2e/studies/study_route.py:423: in run_availability_sweep
    _completed(cases, "availability sweep"), ["availability_direct"],
    ^^^^^^^^^^^^^^^^^^^^^^^^^^^^^^^^^^^^^^^
_ _ _ _ _ _ _ _ _ _ _ _ _ _ _ _ _ _ _ _ _ _ _ _ _ _ _ _ _ _ _ _ _ _ _ _ _ _ _ _ 

cases = [CaseView(candidate_id='stellarator-availability-sweep-v1:c0000', state='execution_failed', inputs={'stellarator_09__s...fingerprint='b032da4a3971979792bc024bf9cd1a41a2d83d340bad5b59ef3e1a9aeaa77236', evidence_digest=None, catalog={}), ...]
what = 'availability sweep'

    def _completed(cases, what: str):
        completed = [c for c in cases if c.state == "completed"]
        if len(completed) != len(cases):
>           raise RouteError(
                f"{what}: {len(cases) - len(completed)} of {len(cases)} cases did not complete"
            )
E           study_route.RouteError: availability sweep: 19 of 19 cases did not complete

exploration/stellarator_e2e/studies/study_route.py:399: RouteError
_ ERROR at setup of test_each_negative_fails_closed_and_still_writes_a_complete_document[missing_declared_key] _

tmp_path_factory = TempPathFactory(_given_basetemp=None, _trace=<pluggy._tracing.TagTracerSub object at 0x7e465b0cb650>, _basetemp=PosixPath('/tmp/pytest-of-reid/pytest-12975'), _retention_count=3, _retention_policy='all')
stock_simkit_session_path = PosixPath('/home/reid/1cfe/teax/packages/teax-simkit')

    @pytest.fixture(scope="session")
    def stock_route_run(tmp_path_factory, stock_simkit_session_path):
        """One stock-route execution per session: the availability sweep's store plus the
        sealed identity document and baseline result the route deposits."""
        studies = str(REPO_ROOT / "exploration" / "stellarator_e2e" / "studies")
        if studies not in sys.path:
            sys.path.insert(0, studies)
        import study_route
    
        out = tmp_path_factory.mktemp("stock_route_run")
>       study_route.run_availability_sweep(out)

tests/study/conftest.py:285: 
_ _ _ _ _ _ _ _ _ _ _ _ _ _ _ _ _ _ _ _ _ _ _ _ _ _ _ _ _ _ _ _ _ _ _ _ _ _ _ _ 
exploration/stellarator_e2e/studies/study_route.py:423: in run_availability_sweep
    _completed(cases, "availability sweep"), ["availability_direct"],
    ^^^^^^^^^^^^^^^^^^^^^^^^^^^^^^^^^^^^^^^
_ _ _ _ _ _ _ _ _ _ _ _ _ _ _ _ _ _ _ _ _ _ _ _ _ _ _ _ _ _ _ _ _ _ _ _ _ _ _ _ 

cases = [CaseView(candidate_id='stellarator-availability-sweep-v1:c0000', state='execution_failed', inputs={'stellarator_09__s...fingerprint='b032da4a3971979792bc024bf9cd1a41a2d83d340bad5b59ef3e1a9aeaa77236', evidence_digest=None, catalog={}), ...]
what = 'availability sweep'

    def _completed(cases, what: str):
        completed = [c for c in cases if c.state == "completed"]
        if len(completed) != len(cases):
>           raise RouteError(
                f"{what}: {len(cases) - len(completed)} of {len(cases)} cases did not complete"
            )
E           study_route.RouteError: availability sweep: 19 of 19 cases did not complete

exploration/stellarator_e2e/studies/study_route.py:399: RouteError
_ ERROR at setup of test_each_negative_fails_closed_and_still_writes_a_complete_document[key_names_a_channel] _

tmp_path_factory = TempPathFactory(_given_basetemp=None, _trace=<pluggy._tracing.TagTracerSub object at 0x7e465b0cb650>, _basetemp=PosixPath('/tmp/pytest-of-reid/pytest-12975'), _retention_count=3, _retention_policy='all')
stock_simkit_session_path = PosixPath('/home/reid/1cfe/teax/packages/teax-simkit')

    @pytest.fixture(scope="session")
    def stock_route_run(tmp_path_factory, stock_simkit_session_path):
        """One stock-route execution per session: the availability sweep's store plus the
        sealed identity document and baseline result the route deposits."""
        studies = str(REPO_ROOT / "exploration" / "stellarator_e2e" / "studies")
        if studies not in sys.path:
            sys.path.insert(0, studies)
        import study_route
    
        out = tmp_path_factory.mktemp("stock_route_run")
>       study_route.run_availability_sweep(out)

tests/study/conftest.py:285: 
_ _ _ _ _ _ _ _ _ _ _ _ _ _ _ _ _ _ _ _ _ _ _ _ _ _ _ _ _ _ _ _ _ _ _ _ _ _ _ _ 
exploration/stellarator_e2e/studies/study_route.py:423: in run_availability_sweep
    _completed(cases, "availability sweep"), ["availability_direct"],
    ^^^^^^^^^^^^^^^^^^^^^^^^^^^^^^^^^^^^^^^
_ _ _ _ _ _ _ _ _ _ _ _ _ _ _ _ _ _ _ _ _ _ _ _ _ _ _ _ _ _ _ _ _ _ _ _ _ _ _ _ 

cases = [CaseView(candidate_id='stellarator-availability-sweep-v1:c0000', state='execution_failed', inputs={'stellarator_09__s...fingerprint='b032da4a3971979792bc024bf9cd1a41a2d83d340bad5b59ef3e1a9aeaa77236', evidence_digest=None, catalog={}), ...]
what = 'availability sweep'

    def _completed(cases, what: str):
        completed = [c for c in cases if c.state == "completed"]
        if len(completed) != len(cases):
>           raise RouteError(
                f"{what}: {len(cases) - len(completed)} of {len(cases)} cases did not complete"
            )
E           study_route.RouteError: availability sweep: 19 of 19 cases did not complete

exploration/stellarator_e2e/studies/study_route.py:399: RouteError
_ ERROR at setup of test_each_negative_fails_closed_and_still_writes_a_complete_document[wrong_fingerprint] _

tmp_path_factory = TempPathFactory(_given_basetemp=None, _trace=<pluggy._tracing.TagTracerSub object at 0x7e465b0cb650>, _basetemp=PosixPath('/tmp/pytest-of-reid/pytest-12975'), _retention_count=3, _retention_policy='all')
stock_simkit_session_path = PosixPath('/home/reid/1cfe/teax/packages/teax-simkit')

    @pytest.fixture(scope="session")
    def stock_route_run(tmp_path_factory, stock_simkit_session_path):
        """One stock-route execution per session: the availability sweep's store plus the
        sealed identity document and baseline result the route deposits."""
        studies = str(REPO_ROOT / "exploration" / "stellarator_e2e" / "studies")
        if studies not in sys.path:
            sys.path.insert(0, studies)
        import study_route
    
        out = tmp_path_factory.mktemp("stock_route_run")
>       study_route.run_availability_sweep(out)

tests/study/conftest.py:285: 
_ _ _ _ _ _ _ _ _ _ _ _ _ _ _ _ _ _ _ _ _ _ _ _ _ _ _ _ _ _ _ _ _ _ _ _ _ _ _ _ 
exploration/stellarator_e2e/studies/study_route.py:423: in run_availability_sweep
    _completed(cases, "availability sweep"), ["availability_direct"],
    ^^^^^^^^^^^^^^^^^^^^^^^^^^^^^^^^^^^^^^^
_ _ _ _ _ _ _ _ _ _ _ _ _ _ _ _ _ _ _ _ _ _ _ _ _ _ _ _ _ _ _ _ _ _ _ _ _ _ _ _ 

cases = [CaseView(candidate_id='stellarator-availability-sweep-v1:c0000', state='execution_failed', inputs={'stellarator_09__s...fingerprint='b032da4a3971979792bc024bf9cd1a41a2d83d340bad5b59ef3e1a9aeaa77236', evidence_digest=None, catalog={}), ...]
what = 'availability sweep'

    def _completed(cases, what: str):
        completed = [c for c in cases if c.state == "completed"]
        if len(completed) != len(cases):
>           raise RouteError(
                f"{what}: {len(cases) - len(completed)} of {len(cases)} cases did not complete"
            )
E           study_route.RouteError: availability sweep: 19 of 19 cases did not complete

exploration/stellarator_e2e/studies/study_route.py:399: RouteError
_ ERROR at setup of test_each_negative_fails_closed_and_still_writes_a_complete_document[stale_manifest] _

tmp_path_factory = TempPathFactory(_given_basetemp=None, _trace=<pluggy._tracing.TagTracerSub object at 0x7e465b0cb650>, _basetemp=PosixPath('/tmp/pytest-of-reid/pytest-12975'), _retention_count=3, _retention_policy='all')
stock_simkit_session_path = PosixPath('/home/reid/1cfe/teax/packages/teax-simkit')

    @pytest.fixture(scope="session")
    def stock_route_run(tmp_path_factory, stock_simkit_session_path):
        """One stock-route execution per session: the availability sweep's store plus the
        sealed identity document and baseline result the route deposits."""
        studies = str(REPO_ROOT / "exploration" / "stellarator_e2e" / "studies")
        if studies not in sys.path:
            sys.path.insert(0, studies)
        import study_route
    
        out = tmp_path_factory.mktemp("stock_route_run")
>       study_route.run_availability_sweep(out)

tests/study/conftest.py:285: 
_ _ _ _ _ _ _ _ _ _ _ _ _ _ _ _ _ _ _ _ _ _ _ _ _ _ _ _ _ _ _ _ _ _ _ _ _ _ _ _ 
exploration/stellarator_e2e/studies/study_route.py:423: in run_availability_sweep
    _completed(cases, "availability sweep"), ["availability_direct"],
    ^^^^^^^^^^^^^^^^^^^^^^^^^^^^^^^^^^^^^^^
_ _ _ _ _ _ _ _ _ _ _ _ _ _ _ _ _ _ _ _ _ _ _ _ _ _ _ _ _ _ _ _ _ _ _ _ _ _ _ _ 

cases = [CaseView(candidate_id='stellarator-availability-sweep-v1:c0000', state='execution_failed', inputs={'stellarator_09__s...fingerprint='b032da4a3971979792bc024bf9cd1a41a2d83d340bad5b59ef3e1a9aeaa77236', evidence_digest=None, catalog={}), ...]
what = 'availability sweep'

    def _completed(cases, what: str):
        completed = [c for c in cases if c.state == "completed"]
        if len(completed) != len(cases):
>           raise RouteError(
                f"{what}: {len(cases) - len(completed)} of {len(cases)} cases did not complete"
            )
E           study_route.RouteError: availability sweep: 19 of 19 cases did not complete

exploration/stellarator_e2e/studies/study_route.py:399: RouteError
____ ERROR at setup of test_the_wrong_fingerprint_message_names_both_values ____

tmp_path_factory = TempPathFactory(_given_basetemp=None, _trace=<pluggy._tracing.TagTracerSub object at 0x7e465b0cb650>, _basetemp=PosixPath('/tmp/pytest-of-reid/pytest-12975'), _retention_count=3, _retention_policy='all')
stock_simkit_session_path = PosixPath('/home/reid/1cfe/teax/packages/teax-simkit')

    @pytest.fixture(scope="session")
    def stock_route_run(tmp_path_factory, stock_simkit_session_path):
        """One stock-route execution per session: the availability sweep's store plus the
        sealed identity document and baseline result the route deposits."""
        studies = str(REPO_ROOT / "exploration" / "stellarator_e2e" / "studies")
        if studies not in sys.path:
            sys.path.insert(0, studies)
        import study_route
    
        out = tmp_path_factory.mktemp("stock_route_run")
>       study_route.run_availability_sweep(out)

tests/study/conftest.py:285: 
_ _ _ _ _ _ _ _ _ _ _ _ _ _ _ _ _ _ _ _ _ _ _ _ _ _ _ _ _ _ _ _ _ _ _ _ _ _ _ _ 
exploration/stellarator_e2e/studies/study_route.py:423: in run_availability_sweep
    _completed(cases, "availability sweep"), ["availability_direct"],
    ^^^^^^^^^^^^^^^^^^^^^^^^^^^^^^^^^^^^^^^
_ _ _ _ _ _ _ _ _ _ _ _ _ _ _ _ _ _ _ _ _ _ _ _ _ _ _ _ _ _ _ _ _ _ _ _ _ _ _ _ 

cases = [CaseView(candidate_id='stellarator-availability-sweep-v1:c0000', state='execution_failed', inputs={'stellarator_09__s...fingerprint='b032da4a3971979792bc024bf9cd1a41a2d83d340bad5b59ef3e1a9aeaa77236', evidence_digest=None, catalog={}), ...]
what = 'availability sweep'

    def _completed(cases, what: str):
        completed = [c for c in cases if c.state == "completed"]
        if len(completed) != len(cases):
>           raise RouteError(
                f"{what}: {len(cases) - len(completed)} of {len(cases)} cases did not complete"
            )
E           study_route.RouteError: availability sweep: 19 of 19 cases did not complete

exploration/stellarator_e2e/studies/study_route.py:399: RouteError
_ ERROR at setup of test_an_unreadable_input_is_did_not_run_with_its_condition _

tmp_path_factory = TempPathFactory(_given_basetemp=None, _trace=<pluggy._tracing.TagTracerSub object at 0x7e465b0cb650>, _basetemp=PosixPath('/tmp/pytest-of-reid/pytest-12975'), _retention_count=3, _retention_policy='all')
stock_simkit_session_path = PosixPath('/home/reid/1cfe/teax/packages/teax-simkit')

    @pytest.fixture(scope="session")
    def stock_route_run(tmp_path_factory, stock_simkit_session_path):
        """One stock-route execution per session: the availability sweep's store plus the
        sealed identity document and baseline result the route deposits."""
        studies = str(REPO_ROOT / "exploration" / "stellarator_e2e" / "studies")
        if studies not in sys.path:
            sys.path.insert(0, studies)
        import study_route
    
        out = tmp_path_factory.mktemp("stock_route_run")
>       study_route.run_availability_sweep(out)

tests/study/conftest.py:285: 
_ _ _ _ _ _ _ _ _ _ _ _ _ _ _ _ _ _ _ _ _ _ _ _ _ _ _ _ _ _ _ _ _ _ _ _ _ _ _ _ 
exploration/stellarator_e2e/studies/study_route.py:423: in run_availability_sweep
    _completed(cases, "availability sweep"), ["availability_direct"],
    ^^^^^^^^^^^^^^^^^^^^^^^^^^^^^^^^^^^^^^^
_ _ _ _ _ _ _ _ _ _ _ _ _ _ _ _ _ _ _ _ _ _ _ _ _ _ _ _ _ _ _ _ _ _ _ _ _ _ _ _ 

cases = [CaseView(candidate_id='stellarator-availability-sweep-v1:c0000', state='execution_failed', inputs={'stellarator_09__s...fingerprint='b032da4a3971979792bc024bf9cd1a41a2d83d340bad5b59ef3e1a9aeaa77236', evidence_digest=None, catalog={}), ...]
what = 'availability sweep'

    def _completed(cases, what: str):
        completed = [c for c in cases if c.state == "completed"]
        if len(completed) != len(cases):
>           raise RouteError(
                f"{what}: {len(cases) - len(completed)} of {len(cases)} cases did not complete"
            )
E           study_route.RouteError: availability sweep: 19 of 19 cases did not complete

exploration/stellarator_e2e/studies/study_route.py:399: RouteError
_ ERROR at setup of test_a_baseline_executed_under_another_identity_is_refused _

tmp_path_factory = TempPathFactory(_given_basetemp=None, _trace=<pluggy._tracing.TagTracerSub object at 0x7e465b0cb650>, _basetemp=PosixPath('/tmp/pytest-of-reid/pytest-12975'), _retention_count=3, _retention_policy='all')
stock_simkit_session_path = PosixPath('/home/reid/1cfe/teax/packages/teax-simkit')

    @pytest.fixture(scope="session")
    def stock_route_run(tmp_path_factory, stock_simkit_session_path):
        """One stock-route execution per session: the availability sweep's store plus the
        sealed identity document and baseline result the route deposits."""
        studies = str(REPO_ROOT / "exploration" / "stellarator_e2e" / "studies")
        if studies not in sys.path:
            sys.path.insert(0, studies)
        import study_route
    
        out = tmp_path_factory.mktemp("stock_route_run")
>       study_route.run_availability_sweep(out)

tests/study/conftest.py:285: 
_ _ _ _ _ _ _ _ _ _ _ _ _ _ _ _ _ _ _ _ _ _ _ _ _ _ _ _ _ _ _ _ _ _ _ _ _ _ _ _ 
exploration/stellarator_e2e/studies/study_route.py:423: in run_availability_sweep
    _completed(cases, "availability sweep"), ["availability_direct"],
    ^^^^^^^^^^^^^^^^^^^^^^^^^^^^^^^^^^^^^^^
_ _ _ _ _ _ _ _ _ _ _ _ _ _ _ _ _ _ _ _ _ _ _ _ _ _ _ _ _ _ _ _ _ _ _ _ _ _ _ _ 

cases = [CaseView(candidate_id='stellarator-availability-sweep-v1:c0000', state='execution_failed', inputs={'stellarator_09__s...fingerprint='b032da4a3971979792bc024bf9cd1a41a2d83d340bad5b59ef3e1a9aeaa77236', evidence_digest=None, catalog={}), ...]
what = 'availability sweep'

    def _completed(cases, what: str):
        completed = [c for c in cases if c.state == "completed"]
        if len(completed) != len(cases):
>           raise RouteError(
                f"{what}: {len(cases) - len(completed)} of {len(cases)} cases did not complete"
            )
E           study_route.RouteError: availability sweep: 19 of 19 cases did not complete

exploration/stellarator_e2e/studies/study_route.py:399: RouteError
____ ERROR at setup of test_a_wrong_headline_is_refused_naming_the_channel _____

tmp_path_factory = TempPathFactory(_given_basetemp=None, _trace=<pluggy._tracing.TagTracerSub object at 0x7e465b0cb650>, _basetemp=PosixPath('/tmp/pytest-of-reid/pytest-12975'), _retention_count=3, _retention_policy='all')
stock_simkit_session_path = PosixPath('/home/reid/1cfe/teax/packages/teax-simkit')

    @pytest.fixture(scope="session")
    def stock_route_run(tmp_path_factory, stock_simkit_session_path):
        """One stock-route execution per session: the availability sweep's store plus the
        sealed identity document and baseline result the route deposits."""
        studies = str(REPO_ROOT / "exploration" / "stellarator_e2e" / "studies")
        if studies not in sys.path:
            sys.path.insert(0, studies)
        import study_route
    
        out = tmp_path_factory.mktemp("stock_route_run")
>       study_route.run_availability_sweep(out)

tests/study/conftest.py:285: 
_ _ _ _ _ _ _ _ _ _ _ _ _ _ _ _ _ _ _ _ _ _ _ _ _ _ _ _ _ _ _ _ _ _ _ _ _ _ _ _ 
exploration/stellarator_e2e/studies/study_route.py:423: in run_availability_sweep
    _completed(cases, "availability sweep"), ["availability_direct"],
    ^^^^^^^^^^^^^^^^^^^^^^^^^^^^^^^^^^^^^^^
_ _ _ _ _ _ _ _ _ _ _ _ _ _ _ _ _ _ _ _ _ _ _ _ _ _ _ _ _ _ _ _ _ _ _ _ _ _ _ _ 

cases = [CaseView(candidate_id='stellarator-availability-sweep-v1:c0000', state='execution_failed', inputs={'stellarator_09__s...fingerprint='b032da4a3971979792bc024bf9cd1a41a2d83d340bad5b59ef3e1a9aeaa77236', evidence_digest=None, catalog={}), ...]
what = 'availability sweep'

    def _completed(cases, what: str):
        completed = [c for c in cases if c.state == "completed"]
        if len(completed) != len(cases):
>           raise RouteError(
                f"{what}: {len(cases) - len(completed)} of {len(cases)} cases did not complete"
            )
E           study_route.RouteError: availability sweep: 19 of 19 cases did not complete

exploration/stellarator_e2e/studies/study_route.py:399: RouteError
_ ERROR at setup of test_a_differing_baseline_verdict_is_refused_naming_the_constraint _

tmp_path_factory = TempPathFactory(_given_basetemp=None, _trace=<pluggy._tracing.TagTracerSub object at 0x7e465b0cb650>, _basetemp=PosixPath('/tmp/pytest-of-reid/pytest-12975'), _retention_count=3, _retention_policy='all')
stock_simkit_session_path = PosixPath('/home/reid/1cfe/teax/packages/teax-simkit')

    @pytest.fixture(scope="session")
    def stock_route_run(tmp_path_factory, stock_simkit_session_path):
        """One stock-route execution per session: the availability sweep's store plus the
        sealed identity document and baseline result the route deposits."""
        studies = str(REPO_ROOT / "exploration" / "stellarator_e2e" / "studies")
        if studies not in sys.path:
            sys.path.insert(0, studies)
        import study_route
    
        out = tmp_path_factory.mktemp("stock_route_run")
>       study_route.run_availability_sweep(out)

tests/study/conftest.py:285: 
_ _ _ _ _ _ _ _ _ _ _ _ _ _ _ _ _ _ _ _ _ _ _ _ _ _ _ _ _ _ _ _ _ _ _ _ _ _ _ _ 
exploration/stellarator_e2e/studies/study_route.py:423: in run_availability_sweep
    _completed(cases, "availability sweep"), ["availability_direct"],
    ^^^^^^^^^^^^^^^^^^^^^^^^^^^^^^^^^^^^^^^
_ _ _ _ _ _ _ _ _ _ _ _ _ _ _ _ _ _ _ _ _ _ _ _ _ _ _ _ _ _ _ _ _ _ _ _ _ _ _ _ 

cases = [CaseView(candidate_id='stellarator-availability-sweep-v1:c0000', state='execution_failed', inputs={'stellarator_09__s...fingerprint='b032da4a3971979792bc024bf9cd1a41a2d83d340bad5b59ef3e1a9aeaa77236', evidence_digest=None, catalog={}), ...]
what = 'availability sweep'

    def _completed(cases, what: str):
        completed = [c for c in cases if c.state == "completed"]
        if len(completed) != len(cases):
>           raise RouteError(
                f"{what}: {len(cases) - len(completed)} of {len(cases)} cases did not complete"
            )
E           study_route.RouteError: availability sweep: 19 of 19 cases did not complete

exploration/stellarator_e2e/studies/study_route.py:399: RouteError
_______ ERROR at setup of test_the_summary_validates_against_its_schema ________

tmp_path_factory = TempPathFactory(_given_basetemp=None, _trace=<pluggy._tracing.TagTracerSub object at 0x7e465b0cb650>, _basetemp=PosixPath('/tmp/pytest-of-reid/pytest-12975'), _retention_count=3, _retention_policy='all')
stock_simkit_session_path = PosixPath('/home/reid/1cfe/teax/packages/teax-simkit')

    @pytest.fixture(scope="session")
    def stock_route_run(tmp_path_factory, stock_simkit_session_path):
        """One stock-route execution per session: the availability sweep's store plus the
        sealed identity document and baseline result the route deposits."""
        studies = str(REPO_ROOT / "exploration" / "stellarator_e2e" / "studies")
        if studies not in sys.path:
            sys.path.insert(0, studies)
        import study_route
    
        out = tmp_path_factory.mktemp("stock_route_run")
>       study_route.run_availability_sweep(out)

tests/study/conftest.py:285: 
_ _ _ _ _ _ _ _ _ _ _ _ _ _ _ _ _ _ _ _ _ _ _ _ _ _ _ _ _ _ _ _ _ _ _ _ _ _ _ _ 
exploration/stellarator_e2e/studies/study_route.py:423: in run_availability_sweep
    _completed(cases, "availability sweep"), ["availability_direct"],
    ^^^^^^^^^^^^^^^^^^^^^^^^^^^^^^^^^^^^^^^
_ _ _ _ _ _ _ _ _ _ _ _ _ _ _ _ _ _ _ _ _ _ _ _ _ _ _ _ _ _ _ _ _ _ _ _ _ _ _ _ 

cases = [CaseView(candidate_id='stellarator-availability-sweep-v1:c0000', state='execution_failed', inputs={'stellarator_09__s...fingerprint='b032da4a3971979792bc024bf9cd1a41a2d83d340bad5b59ef3e1a9aeaa77236', evidence_digest=None, catalog={}), ...]
what = 'availability sweep'

    def _completed(cases, what: str):
        completed = [c for c in cases if c.state == "completed"]
        if len(completed) != len(cases):
>           raise RouteError(
                f"{what}: {len(cases) - len(completed)} of {len(cases)} cases did not complete"
            )
E           study_route.RouteError: availability sweep: 19 of 19 cases did not complete

exploration/stellarator_e2e/studies/study_route.py:399: RouteError
_ ERROR at setup of test_the_summary_is_a_superset_of_the_committed_field_set __

tmp_path_factory = TempPathFactory(_given_basetemp=None, _trace=<pluggy._tracing.TagTracerSub object at 0x7e465b0cb650>, _basetemp=PosixPath('/tmp/pytest-of-reid/pytest-12975'), _retention_count=3, _retention_policy='all')
stock_simkit_session_path = PosixPath('/home/reid/1cfe/teax/packages/teax-simkit')

    @pytest.fixture(scope="session")
    def stock_route_run(tmp_path_factory, stock_simkit_session_path):
        """One stock-route execution per session: the availability sweep's store plus the
        sealed identity document and baseline result the route deposits."""
        studies = str(REPO_ROOT / "exploration" / "stellarator_e2e" / "studies")
        if studies not in sys.path:
            sys.path.insert(0, studies)
        import study_route
    
        out = tmp_path_factory.mktemp("stock_route_run")
>       study_route.run_availability_sweep(out)

tests/study/conftest.py:285: 
_ _ _ _ _ _ _ _ _ _ _ _ _ _ _ _ _ _ _ _ _ _ _ _ _ _ _ _ _ _ _ _ _ _ _ _ _ _ _ _ 
exploration/stellarator_e2e/studies/study_route.py:423: in run_availability_sweep
    _completed(cases, "availability sweep"), ["availability_direct"],
    ^^^^^^^^^^^^^^^^^^^^^^^^^^^^^^^^^^^^^^^
_ _ _ _ _ _ _ _ _ _ _ _ _ _ _ _ _ _ _ _ _ _ _ _ _ _ _ _ _ _ _ _ _ _ _ _ _ _ _ _ 

cases = [CaseView(candidate_id='stellarator-availability-sweep-v1:c0000', state='execution_failed', inputs={'stellarator_09__s...fingerprint='b032da4a3971979792bc024bf9cd1a41a2d83d340bad5b59ef3e1a9aeaa77236', evidence_digest=None, catalog={}), ...]
what = 'availability sweep'

    def _completed(cases, what: str):
        completed = [c for c in cases if c.state == "completed"]
        if len(completed) != len(cases):
>           raise RouteError(
                f"{what}: {len(cases) - len(completed)} of {len(cases)} cases did not complete"
            )
E           study_route.RouteError: availability sweep: 19 of 19 cases did not complete

exploration/stellarator_e2e/studies/study_route.py:399: RouteError
___ ERROR at setup of test_parity_holds_at_the_committed_order_of_magnitude ____

tmp_path_factory = TempPathFactory(_given_basetemp=None, _trace=<pluggy._tracing.TagTracerSub object at 0x7e465b0cb650>, _basetemp=PosixPath('/tmp/pytest-of-reid/pytest-12975'), _retention_count=3, _retention_policy='all')
stock_simkit_session_path = PosixPath('/home/reid/1cfe/teax/packages/teax-simkit')

    @pytest.fixture(scope="session")
    def stock_route_run(tmp_path_factory, stock_simkit_session_path):
        """One stock-route execution per session: the availability sweep's store plus the
        sealed identity document and baseline result the route deposits."""
        studies = str(REPO_ROOT / "exploration" / "stellarator_e2e" / "studies")
        if studies not in sys.path:
            sys.path.insert(0, studies)
        import study_route
    
        out = tmp_path_factory.mktemp("stock_route_run")
>       study_route.run_availability_sweep(out)

tests/study/conftest.py:285: 
_ _ _ _ _ _ _ _ _ _ _ _ _ _ _ _ _ _ _ _ _ _ _ _ _ _ _ _ _ _ _ _ _ _ _ _ _ _ _ _ 
exploration/stellarator_e2e/studies/study_route.py:423: in run_availability_sweep
    _completed(cases, "availability sweep"), ["availability_direct"],
    ^^^^^^^^^^^^^^^^^^^^^^^^^^^^^^^^^^^^^^^
_ _ _ _ _ _ _ _ _ _ _ _ _ _ _ _ _ _ _ _ _ _ _ _ _ _ _ _ _ _ _ _ _ _ _ _ _ _ _ _ 

cases = [CaseView(candidate_id='stellarator-availability-sweep-v1:c0000', state='execution_failed', inputs={'stellarator_09__s...fingerprint='b032da4a3971979792bc024bf9cd1a41a2d83d340bad5b59ef3e1a9aeaa77236', evidence_digest=None, catalog={}), ...]
what = 'availability sweep'

    def _completed(cases, what: str):
        completed = [c for c in cases if c.state == "completed"]
        if len(completed) != len(cases):
>           raise RouteError(
                f"{what}: {len(cases) - len(completed)} of {len(cases)} cases did not complete"
            )
E           study_route.RouteError: availability sweep: 19 of 19 cases did not complete

exploration/stellarator_e2e/studies/study_route.py:399: RouteError
_ ERROR at setup of test_every_catalog_constraint_is_rederived_with_its_operand_count _

tmp_path_factory = TempPathFactory(_given_basetemp=None, _trace=<pluggy._tracing.TagTracerSub object at 0x7e465b0cb650>, _basetemp=PosixPath('/tmp/pytest-of-reid/pytest-12975'), _retention_count=3, _retention_policy='all')
stock_simkit_session_path = PosixPath('/home/reid/1cfe/teax/packages/teax-simkit')

    @pytest.fixture(scope="session")
    def stock_route_run(tmp_path_factory, stock_simkit_session_path):
        """One stock-route execution per session: the availability sweep's store plus the
        sealed identity document and baseline result the route deposits."""
        studies = str(REPO_ROOT / "exploration" / "stellarator_e2e" / "studies")
        if studies not in sys.path:
            sys.path.insert(0, studies)
        import study_route
    
        out = tmp_path_factory.mktemp("stock_route_run")
>       study_route.run_availability_sweep(out)

tests/study/conftest.py:285: 
_ _ _ _ _ _ _ _ _ _ _ _ _ _ _ _ _ _ _ _ _ _ _ _ _ _ _ _ _ _ _ _ _ _ _ _ _ _ _ _ 
exploration/stellarator_e2e/studies/study_route.py:423: in run_availability_sweep
    _completed(cases, "availability sweep"), ["availability_direct"],
    ^^^^^^^^^^^^^^^^^^^^^^^^^^^^^^^^^^^^^^^
_ _ _ _ _ _ _ _ _ _ _ _ _ _ _ _ _ _ _ _ _ _ _ _ _ _ _ _ _ _ _ _ _ _ _ _ _ _ _ _ 

cases = [CaseView(candidate_id='stellarator-availability-sweep-v1:c0000', state='execution_failed', inputs={'stellarator_09__s...fingerprint='b032da4a3971979792bc024bf9cd1a41a2d83d340bad5b59ef3e1a9aeaa77236', evidence_digest=None, catalog={}), ...]
what = 'availability sweep'

    def _completed(cases, what: str):
        completed = [c for c in cases if c.state == "completed"]
        if len(completed) != len(cases):
>           raise RouteError(
                f"{what}: {len(cases) - len(completed)} of {len(cases)} cases did not complete"
            )
E           study_route.RouteError: availability sweep: 19 of 19 cases did not complete

exploration/stellarator_e2e/studies/study_route.py:399: RouteError
_ ERROR at setup of test_stratification_covers_every_observed_verdict_combination _

tmp_path_factory = TempPathFactory(_given_basetemp=None, _trace=<pluggy._tracing.TagTracerSub object at 0x7e465b0cb650>, _basetemp=PosixPath('/tmp/pytest-of-reid/pytest-12975'), _retention_count=3, _retention_policy='all')
stock_simkit_session_path = PosixPath('/home/reid/1cfe/teax/packages/teax-simkit')

    @pytest.fixture(scope="session")
    def stock_route_run(tmp_path_factory, stock_simkit_session_path):
        """One stock-route execution per session: the availability sweep's store plus the
        sealed identity document and baseline result the route deposits."""
        studies = str(REPO_ROOT / "exploration" / "stellarator_e2e" / "studies")
        if studies not in sys.path:
            sys.path.insert(0, studies)
        import study_route
    
        out = tmp_path_factory.mktemp("stock_route_run")
>       study_route.run_availability_sweep(out)

tests/study/conftest.py:285: 
_ _ _ _ _ _ _ _ _ _ _ _ _ _ _ _ _ _ _ _ _ _ _ _ _ _ _ _ _ _ _ _ _ _ _ _ _ _ _ _ 
exploration/stellarator_e2e/studies/study_route.py:423: in run_availability_sweep
    _completed(cases, "availability sweep"), ["availability_direct"],
    ^^^^^^^^^^^^^^^^^^^^^^^^^^^^^^^^^^^^^^^
_ _ _ _ _ _ _ _ _ _ _ _ _ _ _ _ _ _ _ _ _ _ _ _ _ _ _ _ _ _ _ _ _ _ _ _ _ _ _ _ 

cases = [CaseView(candidate_id='stellarator-availability-sweep-v1:c0000', state='execution_failed', inputs={'stellarator_09__s...fingerprint='b032da4a3971979792bc024bf9cd1a41a2d83d340bad5b59ef3e1a9aeaa77236', evidence_digest=None, catalog={}), ...]
what = 'availability sweep'

    def _completed(cases, what: str):
        completed = [c for c in cases if c.state == "completed"]
        if len(completed) != len(cases):
>           raise RouteError(
                f"{what}: {len(cases) - len(completed)} of {len(cases)} cases did not complete"
            )
E           study_route.RouteError: availability sweep: 19 of 19 cases did not complete

exploration/stellarator_e2e/studies/study_route.py:399: RouteError
__________ ERROR at setup of test_stratification_is_a_floor_not_a_cap __________

tmp_path_factory = TempPathFactory(_given_basetemp=None, _trace=<pluggy._tracing.TagTracerSub object at 0x7e465b0cb650>, _basetemp=PosixPath('/tmp/pytest-of-reid/pytest-12975'), _retention_count=3, _retention_policy='all')
stock_simkit_session_path = PosixPath('/home/reid/1cfe/teax/packages/teax-simkit')

    @pytest.fixture(scope="session")
    def stock_route_run(tmp_path_factory, stock_simkit_session_path):
        """One stock-route execution per session: the availability sweep's store plus the
        sealed identity document and baseline result the route deposits."""
        studies = str(REPO_ROOT / "exploration" / "stellarator_e2e" / "studies")
        if studies not in sys.path:
            sys.path.insert(0, studies)
        import study_route
    
        out = tmp_path_factory.mktemp("stock_route_run")
>       study_route.run_availability_sweep(out)

tests/study/conftest.py:285: 
_ _ _ _ _ _ _ _ _ _ _ _ _ _ _ _ _ _ _ _ _ _ _ _ _ _ _ _ _ _ _ _ _ _ _ _ _ _ _ _ 
exploration/stellarator_e2e/studies/study_route.py:423: in run_availability_sweep
    _completed(cases, "availability sweep"), ["availability_direct"],
    ^^^^^^^^^^^^^^^^^^^^^^^^^^^^^^^^^^^^^^^
_ _ _ _ _ _ _ _ _ _ _ _ _ _ _ _ _ _ _ _ _ _ _ _ _ _ _ _ _ _ _ _ _ _ _ _ _ _ _ _ 

cases = [CaseView(candidate_id='stellarator-availability-sweep-v1:c0000', state='execution_failed', inputs={'stellarator_09__s...fingerprint='b032da4a3971979792bc024bf9cd1a41a2d83d340bad5b59ef3e1a9aeaa77236', evidence_digest=None, catalog={}), ...]
what = 'availability sweep'

    def _completed(cases, what: str):
        completed = [c for c in cases if c.state == "completed"]
        if len(completed) != len(cases):
>           raise RouteError(
                f"{what}: {len(cases) - len(completed)} of {len(cases)} cases did not complete"
            )
E           study_route.RouteError: availability sweep: 19 of 19 cases did not complete

exploration/stellarator_e2e/studies/study_route.py:399: RouteError
_ ERROR at setup of test_the_derived_seed_reproduces_from_the_recorded_fields __

tmp_path_factory = TempPathFactory(_given_basetemp=None, _trace=<pluggy._tracing.TagTracerSub object at 0x7e465b0cb650>, _basetemp=PosixPath('/tmp/pytest-of-reid/pytest-12975'), _retention_count=3, _retention_policy='all')
stock_simkit_session_path = PosixPath('/home/reid/1cfe/teax/packages/teax-simkit')

    @pytest.fixture(scope="session")
    def stock_route_run(tmp_path_factory, stock_simkit_session_path):
        """One stock-route execution per session: the availability sweep's store plus the
        sealed identity document and baseline result the route deposits."""
        studies = str(REPO_ROOT / "exploration" / "stellarator_e2e" / "studies")
        if studies not in sys.path:
            sys.path.insert(0, studies)
        import study_route
    
        out = tmp_path_factory.mktemp("stock_route_run")
>       study_route.run_availability_sweep(out)

tests/study/conftest.py:285: 
_ _ _ _ _ _ _ _ _ _ _ _ _ _ _ _ _ _ _ _ _ _ _ _ _ _ _ _ _ _ _ _ _ _ _ _ _ _ _ _ 
exploration/stellarator_e2e/studies/study_route.py:423: in run_availability_sweep
    _completed(cases, "availability sweep"), ["availability_direct"],
    ^^^^^^^^^^^^^^^^^^^^^^^^^^^^^^^^^^^^^^^
_ _ _ _ _ _ _ _ _ _ _ _ _ _ _ _ _ _ _ _ _ _ _ _ _ _ _ _ _ _ _ _ _ _ _ _ _ _ _ _ 

cases = [CaseView(candidate_id='stellarator-availability-sweep-v1:c0000', state='execution_failed', inputs={'stellarator_09__s...fingerprint='b032da4a3971979792bc024bf9cd1a41a2d83d340bad5b59ef3e1a9aeaa77236', evidence_digest=None, catalog={}), ...]
what = 'availability sweep'

    def _completed(cases, what: str):
        completed = [c for c in cases if c.state == "completed"]
        if len(completed) != len(cases):
>           raise RouteError(
                f"{what}: {len(cases) - len(completed)} of {len(cases)} cases did not complete"
            )
E           study_route.RouteError: availability sweep: 19 of 19 cases did not complete

exploration/stellarator_e2e/studies/study_route.py:399: RouteError
_______ ERROR at setup of test_an_explicit_seed_is_recorded_as_explicit ________

tmp_path_factory = TempPathFactory(_given_basetemp=None, _trace=<pluggy._tracing.TagTracerSub object at 0x7e465b0cb650>, _basetemp=PosixPath('/tmp/pytest-of-reid/pytest-12975'), _retention_count=3, _retention_policy='all')
stock_simkit_session_path = PosixPath('/home/reid/1cfe/teax/packages/teax-simkit')

    @pytest.fixture(scope="session")
    def stock_route_run(tmp_path_factory, stock_simkit_session_path):
        """One stock-route execution per session: the availability sweep's store plus the
        sealed identity document and baseline result the route deposits."""
        studies = str(REPO_ROOT / "exploration" / "stellarator_e2e" / "studies")
        if studies not in sys.path:
            sys.path.insert(0, studies)
        import study_route
    
        out = tmp_path_factory.mktemp("stock_route_run")
>       study_route.run_availability_sweep(out)

tests/study/conftest.py:285: 
_ _ _ _ _ _ _ _ _ _ _ _ _ _ _ _ _ _ _ _ _ _ _ _ _ _ _ _ _ _ _ _ _ _ _ _ _ _ _ _ 
exploration/stellarator_e2e/studies/study_route.py:423: in run_availability_sweep
    _completed(cases, "availability sweep"), ["availability_direct"],
    ^^^^^^^^^^^^^^^^^^^^^^^^^^^^^^^^^^^^^^^
_ _ _ _ _ _ _ _ _ _ _ _ _ _ _ _ _ _ _ _ _ _ _ _ _ _ _ _ _ _ _ _ _ _ _ _ _ _ _ _ 

cases = [CaseView(candidate_id='stellarator-availability-sweep-v1:c0000', state='execution_failed', inputs={'stellarator_09__s...fingerprint='b032da4a3971979792bc024bf9cd1a41a2d83d340bad5b59ef3e1a9aeaa77236', evidence_digest=None, catalog={}), ...]
what = 'availability sweep'

    def _completed(cases, what: str):
        completed = [c for c in cases if c.state == "completed"]
        if len(completed) != len(cases):
>           raise RouteError(
                f"{what}: {len(cases) - len(completed)} of {len(cases)} cases did not complete"
            )
E           study_route.RouteError: availability sweep: 19 of 19 cases did not complete

exploration/stellarator_e2e/studies/study_route.py:399: RouteError
_____ ERROR at setup of test_cas27_is_compared_and_nothing_is_undisclosed ______

tmp_path_factory = TempPathFactory(_given_basetemp=None, _trace=<pluggy._tracing.TagTracerSub object at 0x7e465b0cb650>, _basetemp=PosixPath('/tmp/pytest-of-reid/pytest-12975'), _retention_count=3, _retention_policy='all')
stock_simkit_session_path = PosixPath('/home/reid/1cfe/teax/packages/teax-simkit')

    @pytest.fixture(scope="session")
    def stock_route_run(tmp_path_factory, stock_simkit_session_path):
        """One stock-route execution per session: the availability sweep's store plus the
        sealed identity document and baseline result the route deposits."""
        studies = str(REPO_ROOT / "exploration" / "stellarator_e2e" / "studies")
        if studies not in sys.path:
            sys.path.insert(0, studies)
        import study_route
    
        out = tmp_path_factory.mktemp("stock_route_run")
>       study_route.run_availability_sweep(out)

tests/study/conftest.py:285: 
_ _ _ _ _ _ _ _ _ _ _ _ _ _ _ _ _ _ _ _ _ _ _ _ _ _ _ _ _ _ _ _ _ _ _ _ _ _ _ _ 
exploration/stellarator_e2e/studies/study_route.py:423: in run_availability_sweep
    _completed(cases, "availability sweep"), ["availability_direct"],
    ^^^^^^^^^^^^^^^^^^^^^^^^^^^^^^^^^^^^^^^
_ _ _ _ _ _ _ _ _ _ _ _ _ _ _ _ _ _ _ _ _ _ _ _ _ _ _ _ _ _ _ _ _ _ _ _ _ _ _ _ 

cases = [CaseView(candidate_id='stellarator-availability-sweep-v1:c0000', state='execution_failed', inputs={'stellarator_09__s...fingerprint='b032da4a3971979792bc024bf9cd1a41a2d83d340bad5b59ef3e1a9aeaa77236', evidence_digest=None, catalog={}), ...]
what = 'availability sweep'

    def _completed(cases, what: str):
        completed = [c for c in cases if c.state == "completed"]
        if len(completed) != len(cases):
>           raise RouteError(
                f"{what}: {len(cases) - len(completed)} of {len(cases)} cases did not complete"
            )
E           study_route.RouteError: availability sweep: 19 of 19 cases did not complete

exploration/stellarator_e2e/studies/study_route.py:399: RouteError
_________ ERROR at setup of test_the_command_carries_no_absolute_paths _________

tmp_path_factory = TempPathFactory(_given_basetemp=None, _trace=<pluggy._tracing.TagTracerSub object at 0x7e465b0cb650>, _basetemp=PosixPath('/tmp/pytest-of-reid/pytest-12975'), _retention_count=3, _retention_policy='all')
stock_simkit_session_path = PosixPath('/home/reid/1cfe/teax/packages/teax-simkit')

    @pytest.fixture(scope="session")
    def stock_route_run(tmp_path_factory, stock_simkit_session_path):
        """One stock-route execution per session: the availability sweep's store plus the
        sealed identity document and baseline result the route deposits."""
        studies = str(REPO_ROOT / "exploration" / "stellarator_e2e" / "studies")
        if studies not in sys.path:
            sys.path.insert(0, studies)
        import study_route
    
        out = tmp_path_factory.mktemp("stock_route_run")
>       study_route.run_availability_sweep(out)

tests/study/conftest.py:285: 
_ _ _ _ _ _ _ _ _ _ _ _ _ _ _ _ _ _ _ _ _ _ _ _ _ _ _ _ _ _ _ _ _ _ _ _ _ _ _ _ 
exploration/stellarator_e2e/studies/study_route.py:423: in run_availability_sweep
    _completed(cases, "availability sweep"), ["availability_direct"],
    ^^^^^^^^^^^^^^^^^^^^^^^^^^^^^^^^^^^^^^^
_ _ _ _ _ _ _ _ _ _ _ _ _ _ _ _ _ _ _ _ _ _ _ _ _ _ _ _ _ _ _ _ _ _ _ _ _ _ _ _ 

cases = [CaseView(candidate_id='stellarator-availability-sweep-v1:c0000', state='execution_failed', inputs={'stellarator_09__s...fingerprint='b032da4a3971979792bc024bf9cd1a41a2d83d340bad5b59ef3e1a9aeaa77236', evidence_digest=None, catalog={}), ...]
what = 'availability sweep'

    def _completed(cases, what: str):
        completed = [c for c in cases if c.state == "completed"]
        if len(completed) != len(cases):
>           raise RouteError(
                f"{what}: {len(cases) - len(completed)} of {len(cases)} cases did not complete"
            )
E           study_route.RouteError: availability sweep: 19 of 19 cases did not complete

exploration/stellarator_e2e/studies/study_route.py:399: RouteError
_ ERROR at setup of test_the_operand_bindings_digest_is_the_documented_canonicalization _

tmp_path_factory = TempPathFactory(_given_basetemp=None, _trace=<pluggy._tracing.TagTracerSub object at 0x7e465b0cb650>, _basetemp=PosixPath('/tmp/pytest-of-reid/pytest-12975'), _retention_count=3, _retention_policy='all')
stock_simkit_session_path = PosixPath('/home/reid/1cfe/teax/packages/teax-simkit')

    @pytest.fixture(scope="session")
    def stock_route_run(tmp_path_factory, stock_simkit_session_path):
        """One stock-route execution per session: the availability sweep's store plus the
        sealed identity document and baseline result the route deposits."""
        studies = str(REPO_ROOT / "exploration" / "stellarator_e2e" / "studies")
        if studies not in sys.path:
            sys.path.insert(0, studies)
        import study_route
    
        out = tmp_path_factory.mktemp("stock_route_run")
>       study_route.run_availability_sweep(out)

tests/study/conftest.py:285: 
_ _ _ _ _ _ _ _ _ _ _ _ _ _ _ _ _ _ _ _ _ _ _ _ _ _ _ _ _ _ _ _ _ _ _ _ _ _ _ _ 
exploration/stellarator_e2e/studies/study_route.py:423: in run_availability_sweep
    _completed(cases, "availability sweep"), ["availability_direct"],
    ^^^^^^^^^^^^^^^^^^^^^^^^^^^^^^^^^^^^^^^
_ _ _ _ _ _ _ _ _ _ _ _ _ _ _ _ _ _ _ _ _ _ _ _ _ _ _ _ _ _ _ _ _ _ _ _ _ _ _ _ 

cases = [CaseView(candidate_id='stellarator-availability-sweep-v1:c0000', state='execution_failed', inputs={'stellarator_09__s...fingerprint='b032da4a3971979792bc024bf9cd1a41a2d83d340bad5b59ef3e1a9aeaa77236', evidence_digest=None, catalog={}), ...]
what = 'availability sweep'

    def _completed(cases, what: str):
        completed = [c for c in cases if c.state == "completed"]
        if len(completed) != len(cases):
>           raise RouteError(
                f"{what}: {len(cases) - len(completed)} of {len(cases)} cases did not complete"
            )
E           study_route.RouteError: availability sweep: 19 of 19 cases did not complete

exploration/stellarator_e2e/studies/study_route.py:399: RouteError
_ ERROR at setup of test_a_planted_channel_deviation_fails_naming_case_and_channel _

tmp_path_factory = TempPathFactory(_given_basetemp=None, _trace=<pluggy._tracing.TagTracerSub object at 0x7e465b0cb650>, _basetemp=PosixPath('/tmp/pytest-of-reid/pytest-12975'), _retention_count=3, _retention_policy='all')
stock_simkit_session_path = PosixPath('/home/reid/1cfe/teax/packages/teax-simkit')

    @pytest.fixture(scope="session")
    def stock_route_run(tmp_path_factory, stock_simkit_session_path):
        """One stock-route execution per session: the availability sweep's store plus the
        sealed identity document and baseline result the route deposits."""
        studies = str(REPO_ROOT / "exploration" / "stellarator_e2e" / "studies")
        if studies not in sys.path:
            sys.path.insert(0, studies)
        import study_route
    
        out = tmp_path_factory.mktemp("stock_route_run")
>       study_route.run_availability_sweep(out)

tests/study/conftest.py:285: 
_ _ _ _ _ _ _ _ _ _ _ _ _ _ _ _ _ _ _ _ _ _ _ _ _ _ _ _ _ _ _ _ _ _ _ _ _ _ _ _ 
exploration/stellarator_e2e/studies/study_route.py:423: in run_availability_sweep
    _completed(cases, "availability sweep"), ["availability_direct"],
    ^^^^^^^^^^^^^^^^^^^^^^^^^^^^^^^^^^^^^^^
_ _ _ _ _ _ _ _ _ _ _ _ _ _ _ _ _ _ _ _ _ _ _ _ _ _ _ _ _ _ _ _ _ _ _ _ _ _ _ _ 

cases = [CaseView(candidate_id='stellarator-availability-sweep-v1:c0000', state='execution_failed', inputs={'stellarator_09__s...fingerprint='b032da4a3971979792bc024bf9cd1a41a2d83d340bad5b59ef3e1a9aeaa77236', evidence_digest=None, catalog={}), ...]
what = 'availability sweep'

    def _completed(cases, what: str):
        completed = [c for c in cases if c.state == "completed"]
        if len(completed) != len(cases):
>           raise RouteError(
                f"{what}: {len(cases) - len(completed)} of {len(cases)} cases did not complete"
            )
E           study_route.RouteError: availability sweep: 19 of 19 cases did not complete

exploration/stellarator_e2e/studies/study_route.py:399: RouteError
_ ERROR at setup of test_a_planted_verdict_mismatch_fails_naming_the_constraint _

tmp_path_factory = TempPathFactory(_given_basetemp=None, _trace=<pluggy._tracing.TagTracerSub object at 0x7e465b0cb650>, _basetemp=PosixPath('/tmp/pytest-of-reid/pytest-12975'), _retention_count=3, _retention_policy='all')
stock_simkit_session_path = PosixPath('/home/reid/1cfe/teax/packages/teax-simkit')

    @pytest.fixture(scope="session")
    def stock_route_run(tmp_path_factory, stock_simkit_session_path):
        """One stock-route execution per session: the availability sweep's store plus the
        sealed identity document and baseline result the route deposits."""
        studies = str(REPO_ROOT / "exploration" / "stellarator_e2e" / "studies")
        if studies not in sys.path:
            sys.path.insert(0, studies)
        import study_route
    
        out = tmp_path_factory.mktemp("stock_route_run")
>       study_route.run_availability_sweep(out)

tests/study/conftest.py:285: 
_ _ _ _ _ _ _ _ _ _ _ _ _ _ _ _ _ _ _ _ _ _ _ _ _ _ _ _ _ _ _ _ _ _ _ _ _ _ _ _ 
exploration/stellarator_e2e/studies/study_route.py:423: in run_availability_sweep
    _completed(cases, "availability sweep"), ["availability_direct"],
    ^^^^^^^^^^^^^^^^^^^^^^^^^^^^^^^^^^^^^^^
_ _ _ _ _ _ _ _ _ _ _ _ _ _ _ _ _ _ _ _ _ _ _ _ _ _ _ _ _ _ _ _ _ _ _ _ _ _ _ _ 

cases = [CaseView(candidate_id='stellarator-availability-sweep-v1:c0000', state='execution_failed', inputs={'stellarator_09__s...fingerprint='b032da4a3971979792bc024bf9cd1a41a2d83d340bad5b59ef3e1a9aeaa77236', evidence_digest=None, catalog={}), ...]
what = 'availability sweep'

    def _completed(cases, what: str):
        completed = [c for c in cases if c.state == "completed"]
        if len(completed) != len(cases):
>           raise RouteError(
                f"{what}: {len(cases) - len(completed)} of {len(cases)} cases did not complete"
            )
E           study_route.RouteError: availability sweep: 19 of 19 cases did not complete

exploration/stellarator_e2e/studies/study_route.py:399: RouteError
___ ERROR at setup of test_a_missing_operand_bindings_attribute_fails_closed ___

tmp_path_factory = TempPathFactory(_given_basetemp=None, _trace=<pluggy._tracing.TagTracerSub object at 0x7e465b0cb650>, _basetemp=PosixPath('/tmp/pytest-of-reid/pytest-12975'), _retention_count=3, _retention_policy='all')
stock_simkit_session_path = PosixPath('/home/reid/1cfe/teax/packages/teax-simkit')

    @pytest.fixture(scope="session")
    def stock_route_run(tmp_path_factory, stock_simkit_session_path):
        """One stock-route execution per session: the availability sweep's store plus the
        sealed identity document and baseline result the route deposits."""
        studies = str(REPO_ROOT / "exploration" / "stellarator_e2e" / "studies")
        if studies not in sys.path:
            sys.path.insert(0, studies)
        import study_route
    
        out = tmp_path_factory.mktemp("stock_route_run")
>       study_route.run_availability_sweep(out)

tests/study/conftest.py:285: 
_ _ _ _ _ _ _ _ _ _ _ _ _ _ _ _ _ _ _ _ _ _ _ _ _ _ _ _ _ _ _ _ _ _ _ _ _ _ _ _ 
exploration/stellarator_e2e/studies/study_route.py:423: in run_availability_sweep
    _completed(cases, "availability sweep"), ["availability_direct"],
    ^^^^^^^^^^^^^^^^^^^^^^^^^^^^^^^^^^^^^^^
_ _ _ _ _ _ _ _ _ _ _ _ _ _ _ _ _ _ _ _ _ _ _ _ _ _ _ _ _ _ _ _ _ _ _ _ _ _ _ _ 

cases = [CaseView(candidate_id='stellarator-availability-sweep-v1:c0000', state='execution_failed', inputs={'stellarator_09__s...fingerprint='b032da4a3971979792bc024bf9cd1a41a2d83d340bad5b59ef3e1a9aeaa77236', evidence_digest=None, catalog={}), ...]
what = 'availability sweep'

    def _completed(cases, what: str):
        completed = [c for c in cases if c.state == "completed"]
        if len(completed) != len(cases):
>           raise RouteError(
                f"{what}: {len(cases) - len(completed)} of {len(cases)} cases did not complete"
            )
E           study_route.RouteError: availability sweep: 19 of 19 cases did not complete

exploration/stellarator_e2e/studies/study_route.py:399: RouteError
_ ERROR at setup of test_an_unresolvable_binding_fails_naming_the_constraint_and_operand _

tmp_path_factory = TempPathFactory(_given_basetemp=None, _trace=<pluggy._tracing.TagTracerSub object at 0x7e465b0cb650>, _basetemp=PosixPath('/tmp/pytest-of-reid/pytest-12975'), _retention_count=3, _retention_policy='all')
stock_simkit_session_path = PosixPath('/home/reid/1cfe/teax/packages/teax-simkit')

    @pytest.fixture(scope="session")
    def stock_route_run(tmp_path_factory, stock_simkit_session_path):
        """One stock-route execution per session: the availability sweep's store plus the
        sealed identity document and baseline result the route deposits."""
        studies = str(REPO_ROOT / "exploration" / "stellarator_e2e" / "studies")
        if studies not in sys.path:
            sys.path.insert(0, studies)
        import study_route
    
        out = tmp_path_factory.mktemp("stock_route_run")
>       study_route.run_availability_sweep(out)

tests/study/conftest.py:285: 
_ _ _ _ _ _ _ _ _ _ _ _ _ _ _ _ _ _ _ _ _ _ _ _ _ _ _ _ _ _ _ _ _ _ _ _ _ _ _ _ 
exploration/stellarator_e2e/studies/study_route.py:423: in run_availability_sweep
    _completed(cases, "availability sweep"), ["availability_direct"],
    ^^^^^^^^^^^^^^^^^^^^^^^^^^^^^^^^^^^^^^^
_ _ _ _ _ _ _ _ _ _ _ _ _ _ _ _ _ _ _ _ _ _ _ _ _ _ _ _ _ _ _ _ _ _ _ _ _ _ _ _ 

cases = [CaseView(candidate_id='stellarator-availability-sweep-v1:c0000', state='execution_failed', inputs={'stellarator_09__s...fingerprint='b032da4a3971979792bc024bf9cd1a41a2d83d340bad5b59ef3e1a9aeaa77236', evidence_digest=None, catalog={}), ...]
what = 'availability sweep'

    def _completed(cases, what: str):
        completed = [c for c in cases if c.state == "completed"]
        if len(completed) != len(cases):
>           raise RouteError(
                f"{what}: {len(cases) - len(completed)} of {len(cases)} cases did not complete"
            )
E           study_route.RouteError: availability sweep: 19 of 19 cases did not complete

exploration/stellarator_e2e/studies/study_route.py:399: RouteError
_____ ERROR at setup of test_a_store_bound_to_another_identity_is_refused ______

tmp_path_factory = TempPathFactory(_given_basetemp=None, _trace=<pluggy._tracing.TagTracerSub object at 0x7e465b0cb650>, _basetemp=PosixPath('/tmp/pytest-of-reid/pytest-12975'), _retention_count=3, _retention_policy='all')
stock_simkit_session_path = PosixPath('/home/reid/1cfe/teax/packages/teax-simkit')

    @pytest.fixture(scope="session")
    def stock_route_run(tmp_path_factory, stock_simkit_session_path):
        """One stock-route execution per session: the availability sweep's store plus the
        sealed identity document and baseline result the route deposits."""
        studies = str(REPO_ROOT / "exploration" / "stellarator_e2e" / "studies")
        if studies not in sys.path:
            sys.path.insert(0, studies)
        import study_route
    
        out = tmp_path_factory.mktemp("stock_route_run")
>       study_route.run_availability_sweep(out)

tests/study/conftest.py:285: 
_ _ _ _ _ _ _ _ _ _ _ _ _ _ _ _ _ _ _ _ _ _ _ _ _ _ _ _ _ _ _ _ _ _ _ _ _ _ _ _ 
exploration/stellarator_e2e/studies/study_route.py:423: in run_availability_sweep
    _completed(cases, "availability sweep"), ["availability_direct"],
    ^^^^^^^^^^^^^^^^^^^^^^^^^^^^^^^^^^^^^^^
_ _ _ _ _ _ _ _ _ _ _ _ _ _ _ _ _ _ _ _ _ _ _ _ _ _ _ _ _ _ _ _ _ _ _ _ _ _ _ _ 

cases = [CaseView(candidate_id='stellarator-availability-sweep-v1:c0000', state='execution_failed', inputs={'stellarator_09__s...fingerprint='b032da4a3971979792bc024bf9cd1a41a2d83d340bad5b59ef3e1a9aeaa77236', evidence_digest=None, catalog={}), ...]
what = 'availability sweep'

    def _completed(cases, what: str):
        completed = [c for c in cases if c.state == "completed"]
        if len(completed) != len(cases):
>           raise RouteError(
                f"{what}: {len(cases) - len(completed)} of {len(cases)} cases did not complete"
            )
E           study_route.RouteError: availability sweep: 19 of 19 cases did not complete

exploration/stellarator_e2e/studies/study_route.py:399: RouteError
__ ERROR at setup of test_an_empty_result_is_a_broken_input_not_a_clean_pass ___

tmp_path_factory = TempPathFactory(_given_basetemp=None, _trace=<pluggy._tracing.TagTracerSub object at 0x7e465b0cb650>, _basetemp=PosixPath('/tmp/pytest-of-reid/pytest-12975'), _retention_count=3, _retention_policy='all')
stock_simkit_session_path = PosixPath('/home/reid/1cfe/teax/packages/teax-simkit')

    @pytest.fixture(scope="session")
    def stock_route_run(tmp_path_factory, stock_simkit_session_path):
        """One stock-route execution per session: the availability sweep's store plus the
        sealed identity document and baseline result the route deposits."""
        studies = str(REPO_ROOT / "exploration" / "stellarator_e2e" / "studies")
        if studies not in sys.path:
            sys.path.insert(0, studies)
        import study_route
    
        out = tmp_path_factory.mktemp("stock_route_run")
>       study_route.run_availability_sweep(out)

tests/study/conftest.py:285: 
_ _ _ _ _ _ _ _ _ _ _ _ _ _ _ _ _ _ _ _ _ _ _ _ _ _ _ _ _ _ _ _ _ _ _ _ _ _ _ _ 
exploration/stellarator_e2e/studies/study_route.py:423: in run_availability_sweep
    _completed(cases, "availability sweep"), ["availability_direct"],
    ^^^^^^^^^^^^^^^^^^^^^^^^^^^^^^^^^^^^^^^
_ _ _ _ _ _ _ _ _ _ _ _ _ _ _ _ _ _ _ _ _ _ _ _ _ _ _ _ _ _ _ _ _ _ _ _ _ _ _ _ 

cases = [CaseView(candidate_id='stellarator-availability-sweep-v1:c0000', state='execution_failed', inputs={'stellarator_09__s...fingerprint='b032da4a3971979792bc024bf9cd1a41a2d83d340bad5b59ef3e1a9aeaa77236', evidence_digest=None, catalog={}), ...]
what = 'availability sweep'

    def _completed(cases, what: str):
        completed = [c for c in cases if c.state == "completed"]
        if len(completed) != len(cases):
>           raise RouteError(
                f"{what}: {len(cases) - len(completed)} of {len(cases)} cases did not complete"
            )
E           study_route.RouteError: availability sweep: 19 of 19 cases did not complete

exploration/stellarator_e2e/studies/study_route.py:399: RouteError
_____________ ERROR at setup of test_the_stores_are_never_written ______________

tmp_path_factory = TempPathFactory(_given_basetemp=None, _trace=<pluggy._tracing.TagTracerSub object at 0x7e465b0cb650>, _basetemp=PosixPath('/tmp/pytest-of-reid/pytest-12975'), _retention_count=3, _retention_policy='all')
stock_simkit_session_path = PosixPath('/home/reid/1cfe/teax/packages/teax-simkit')

    @pytest.fixture(scope="session")
    def stock_route_run(tmp_path_factory, stock_simkit_session_path):
        """One stock-route execution per session: the availability sweep's store plus the
        sealed identity document and baseline result the route deposits."""
        studies = str(REPO_ROOT / "exploration" / "stellarator_e2e" / "studies")
        if studies not in sys.path:
            sys.path.insert(0, studies)
        import study_route
    
        out = tmp_path_factory.mktemp("stock_route_run")
>       study_route.run_availability_sweep(out)

tests/study/conftest.py:285: 
_ _ _ _ _ _ _ _ _ _ _ _ _ _ _ _ _ _ _ _ _ _ _ _ _ _ _ _ _ _ _ _ _ _ _ _ _ _ _ _ 
exploration/stellarator_e2e/studies/study_route.py:423: in run_availability_sweep
    _completed(cases, "availability sweep"), ["availability_direct"],
    ^^^^^^^^^^^^^^^^^^^^^^^^^^^^^^^^^^^^^^^
_ _ _ _ _ _ _ _ _ _ _ _ _ _ _ _ _ _ _ _ _ _ _ _ _ _ _ _ _ _ _ _ _ _ _ _ _ _ _ _ 

cases = [CaseView(candidate_id='stellarator-availability-sweep-v1:c0000', state='execution_failed', inputs={'stellarator_09__s...fingerprint='b032da4a3971979792bc024bf9cd1a41a2d83d340bad5b59ef3e1a9aeaa77236', evidence_digest=None, catalog={}), ...]
what = 'availability sweep'

    def _completed(cases, what: str):
        completed = [c for c in cases if c.state == "completed"]
        if len(completed) != len(cases):
>           raise RouteError(
                f"{what}: {len(cases) - len(completed)} of {len(cases)} cases did not complete"
            )
E           study_route.RouteError: availability sweep: 19 of 19 cases did not complete

exploration/stellarator_e2e/studies/study_route.py:399: RouteError
_ ERROR at setup of test_stored_operating_controls_preserve_procurement_and_signed_capacity _

tmp_path_factory = TempPathFactory(_given_basetemp=None, _trace=<pluggy._tracing.TagTracerSub object at 0x7e465b0cb650>, _basetemp=PosixPath('/tmp/pytest-of-reid/pytest-12975'), _retention_count=3, _retention_policy='all')
stock_simkit_session_path = PosixPath('/home/reid/1cfe/teax/packages/teax-simkit')

    @pytest.fixture(scope="module")
    def operating_controls(tmp_path_factory, stock_simkit_session_path):
        """Stored native baseline, installed reserve and physical demand controls."""
        sys.path.insert(0, str(MANIFEST.parent))
        import study_route
    
        out = tmp_path_factory.mktemp("operating-controls")
        baseline = json.loads(MANIFEST.read_text())["baseline"]["point"]
        P = study_route.P
        proposals = [baseline, {**baseline, f"{P}heating__p_wallplug_heat": 120.0},
                     {**baseline, f"{P}plasma__f_alpha_fast": 0.96}]
        cases, db = study_route.run_points("operating-controls", proposals, out / "_work")
        assert len(cases) == 3 and all(case.state == "completed" for case in cases)
        ident = study_route.write_identity_document(study_route.PACKAGE_DIR, out / "identity.json")
        summary = verify.build_summary(PACKAGE, MANIFEST, ident, [db], 3, None, [])
        assert summary["worst_channel_rel_dev"] < 1e-9
>       assert len(summary["constraints_rederived"]) == 20
E       AssertionError: assert 25 == 20
E        +  where 25 = len([{'constraint_id': 'stellarator_09__stellaris__beta_ok__82b78aad420730d5', 'operands_resolved': 2, 'source_local_ident...facility_capacity_ok__8acbe7a714e6a4d9', 'operands_resolved': 1, 'source_local_identity': 'facility_capacity_ok'}, ...])

tests/study/test_verify.py:312: AssertionError
___ ERROR at setup of test_operating_channel_deviation_is_refused[p_coupled] ___

tmp_path_factory = TempPathFactory(_given_basetemp=None, _trace=<pluggy._tracing.TagTracerSub object at 0x7e465b0cb650>, _basetemp=PosixPath('/tmp/pytest-of-reid/pytest-12975'), _retention_count=3, _retention_policy='all')
stock_simkit_session_path = PosixPath('/home/reid/1cfe/teax/packages/teax-simkit')

    @pytest.fixture(scope="session")
    def stock_route_run(tmp_path_factory, stock_simkit_session_path):
        """One stock-route execution per session: the availability sweep's store plus the
        sealed identity document and baseline result the route deposits."""
        studies = str(REPO_ROOT / "exploration" / "stellarator_e2e" / "studies")
        if studies not in sys.path:
            sys.path.insert(0, studies)
        import study_route
    
        out = tmp_path_factory.mktemp("stock_route_run")
>       study_route.run_availability_sweep(out)

tests/study/conftest.py:285: 
_ _ _ _ _ _ _ _ _ _ _ _ _ _ _ _ _ _ _ _ _ _ _ _ _ _ _ _ _ _ _ _ _ _ _ _ _ _ _ _ 
exploration/stellarator_e2e/studies/study_route.py:423: in run_availability_sweep
    _completed(cases, "availability sweep"), ["availability_direct"],
    ^^^^^^^^^^^^^^^^^^^^^^^^^^^^^^^^^^^^^^^
_ _ _ _ _ _ _ _ _ _ _ _ _ _ _ _ _ _ _ _ _ _ _ _ _ _ _ _ _ _ _ _ _ _ _ _ _ _ _ _ 

cases = [CaseView(candidate_id='stellarator-availability-sweep-v1:c0000', state='execution_failed', inputs={'stellarator_09__s...fingerprint='b032da4a3971979792bc024bf9cd1a41a2d83d340bad5b59ef3e1a9aeaa77236', evidence_digest=None, catalog={}), ...]
what = 'availability sweep'

    def _completed(cases, what: str):
        completed = [c for c in cases if c.state == "completed"]
        if len(completed) != len(cases):
>           raise RouteError(
                f"{what}: {len(cases) - len(completed)} of {len(cases)} cases did not complete"
            )
E           study_route.RouteError: availability sweep: 19 of 19 cases did not complete

exploration/stellarator_e2e/studies/study_route.py:399: RouteError
__ ERROR at setup of test_operating_channel_deviation_is_refused[p_delivered] __

tmp_path_factory = TempPathFactory(_given_basetemp=None, _trace=<pluggy._tracing.TagTracerSub object at 0x7e465b0cb650>, _basetemp=PosixPath('/tmp/pytest-of-reid/pytest-12975'), _retention_count=3, _retention_policy='all')
stock_simkit_session_path = PosixPath('/home/reid/1cfe/teax/packages/teax-simkit')

    @pytest.fixture(scope="session")
    def stock_route_run(tmp_path_factory, stock_simkit_session_path):
        """One stock-route execution per session: the availability sweep's store plus the
        sealed identity document and baseline result the route deposits."""
        studies = str(REPO_ROOT / "exploration" / "stellarator_e2e" / "studies")
        if studies not in sys.path:
            sys.path.insert(0, studies)
        import study_route
    
        out = tmp_path_factory.mktemp("stock_route_run")
>       study_route.run_availability_sweep(out)

tests/study/conftest.py:285: 
_ _ _ _ _ _ _ _ _ _ _ _ _ _ _ _ _ _ _ _ _ _ _ _ _ _ _ _ _ _ _ _ _ _ _ _ _ _ _ _ 
exploration/stellarator_e2e/studies/study_route.py:423: in run_availability_sweep
    _completed(cases, "availability sweep"), ["availability_direct"],
    ^^^^^^^^^^^^^^^^^^^^^^^^^^^^^^^^^^^^^^^
_ _ _ _ _ _ _ _ _ _ _ _ _ _ _ _ _ _ _ _ _ _ _ _ _ _ _ _ _ _ _ _ _ _ _ _ _ _ _ _ 

cases = [CaseView(candidate_id='stellarator-availability-sweep-v1:c0000', state='execution_failed', inputs={'stellarator_09__s...fingerprint='b032da4a3971979792bc024bf9cd1a41a2d83d340bad5b59ef3e1a9aeaa77236', evidence_digest=None, catalog={}), ...]
what = 'availability sweep'

    def _completed(cases, what: str):
        completed = [c for c in cases if c.state == "completed"]
        if len(completed) != len(cases):
>           raise RouteError(
                f"{what}: {len(cases) - len(completed)} of {len(cases)} cases did not complete"
            )
E           study_route.RouteError: availability sweep: 19 of 19 cases did not complete

exploration/stellarator_e2e/studies/study_route.py:399: RouteError
__ ERROR at setup of test_operating_channel_deviation_is_refused[p_wallplug] ___

tmp_path_factory = TempPathFactory(_given_basetemp=None, _trace=<pluggy._tracing.TagTracerSub object at 0x7e465b0cb650>, _basetemp=PosixPath('/tmp/pytest-of-reid/pytest-12975'), _retention_count=3, _retention_policy='all')
stock_simkit_session_path = PosixPath('/home/reid/1cfe/teax/packages/teax-simkit')

    @pytest.fixture(scope="session")
    def stock_route_run(tmp_path_factory, stock_simkit_session_path):
        """One stock-route execution per session: the availability sweep's store plus the
        sealed identity document and baseline result the route deposits."""
        studies = str(REPO_ROOT / "exploration" / "stellarator_e2e" / "studies")
        if studies not in sys.path:
            sys.path.insert(0, studies)
        import study_route
    
        out = tmp_path_factory.mktemp("stock_route_run")
>       study_route.run_availability_sweep(out)

tests/study/conftest.py:285: 
_ _ _ _ _ _ _ _ _ _ _ _ _ _ _ _ _ _ _ _ _ _ _ _ _ _ _ _ _ _ _ _ _ _ _ _ _ _ _ _ 
exploration/stellarator_e2e/studies/study_route.py:423: in run_availability_sweep
    _completed(cases, "availability sweep"), ["availability_direct"],
    ^^^^^^^^^^^^^^^^^^^^^^^^^^^^^^^^^^^^^^^
_ _ _ _ _ _ _ _ _ _ _ _ _ _ _ _ _ _ _ _ _ _ _ _ _ _ _ _ _ _ _ _ _ _ _ _ _ _ _ _ 

cases = [CaseView(candidate_id='stellarator-availability-sweep-v1:c0000', state='execution_failed', inputs={'stellarator_09__s...fingerprint='b032da4a3971979792bc024bf9cd1a41a2d83d340bad5b59ef3e1a9aeaa77236', evidence_digest=None, catalog={}), ...]
what = 'availability sweep'

    def _completed(cases, what: str):
        completed = [c for c in cases if c.state == "completed"]
        if len(completed) != len(cases):
>           raise RouteError(
                f"{what}: {len(cases) - len(completed)} of {len(cases)} cases did not complete"
            )
E           study_route.RouteError: availability sweep: 19 of 19 cases did not complete

exploration/stellarator_e2e/studies/study_route.py:399: RouteError
=================================== FAILURES ===================================
_ test_oracle_rejects_invalid_domains_and_restores_parameters[overrides7-0 < T_cold < T_amb] _

overrides = {'T_cold_cryo': -1.0}, message = '0 < T_cold < T_amb'

    @pytest.mark.parametrize("overrides,message", [
        ({"R": 12.7, "coil_t": 20.0}, "live magnet clearance"),
        ({"R": 3.0}, "live magnet clearance"),
        ({"R": COIL_RADIUS}, "live magnet clearance"),
        ({"magnet_R_ref": 3.0}, "reference magnet clearance"),
        ({"magnet_R_ref": COIL_RADIUS}, "reference magnet clearance"),
        ({"magnet_a_coil_ref": 13.0}, "reference magnet clearance"),
        ({"magnet_a_coil_ref": 12.7}, "reference magnet clearance"),
        ({"T_cold_cryo": -1.0}, "0 < T_cold < T_amb"),
        ({"T_cold_cryo": 0.0}, "0 < T_cold < T_amb"),
        ({"T_cold_cryo": 300.0}, "0 < T_cold < T_amb"),
        ({"T_cold_cryo": 301.0}, "0 < T_cold < T_amb"),
        ({"T_amb_cryo": 20.0}, "0 < T_cold < T_amb"),
        ({"T_amb_cryo": 19.0}, "0 < T_cold < T_amb"),
        ({"T_amb_cryo": 0.0}, "0 < T_cold < T_amb"),
        ({"T_cold_cryo": 0.0, "q_nuc_cryo": 0.0, "p_fixed_cryo": 0.0,
          "p_cryo_direct": 2.0}, "0 < T_cold < T_amb"),
    ])
    def test_oracle_rejects_invalid_domains_and_restores_parameters(overrides, message):
        saved = dict(oracle.vs.IN)
        with pytest.raises(ValueError, match=message):
>           oracle._compute(wi059_replay(overrides))

tests/study/test_domain_consumers.py:125: 
_ _ _ _ _ _ _ _ _ _ _ _ _ _ _ _ _ _ _ _ _ _ _ _ _ _ _ _ _ _ _ _ _ _ _ _ _ _ _ _ 
exploration/stellarator_e2e/studies/oracle_entry.py:870: in _compute
    return vs.compute()
           ^^^^^^^^^^^^
exploration/stellarator_e2e/verify_stellaris.py:1078: in compute
    current_sizing = _current_driven_sizing(p, B_peak, grade['j_wp_effective'])
                     ^^^^^^^^^^^^^^^^^^^^^^^^^^^^^^^^^^^^^^^^^^^^^^^^^^^^^^^^^^
exploration/stellarator_e2e/verify_stellaris.py:841: in _current_driven_sizing
    capacity = _conductor_current(p, field, 1.0, 1.0)['tape_critical_current']
               ^^^^^^^^^^^^^^^^^^^^^^^^^^^^^^^^^^^^^^
_ _ _ _ _ _ _ _ _ _ _ _ _ _ _ _ _ _ _ _ _ _ _ _ _ _ _ _ _ _ _ _ _ _ _ _ _ _ _ _ 

p = {'E_fus': 2.817e-12, 'G_stock': 0.0, 'R': 12.7, 'R_ref_divertor': 12.7, ...}
field = 24.899999999999995, tape_length = 1.0, conductor_length = 1.0

    def _conductor_current(p, field, tape_length, conductor_length):
        """Independent absolute-current estimate; continuous inventory counts, amperes.
    
        The material reference is fixed at 4 mm, 20 K, 20 T and 56 micrometres.
        The field exponent is source-derived independently of the sizing envelope.
        """
        facts = {key: p['magnet_' + key] for key in (
            'reference_tape_current', 'material_factor', 'orientation_factor',
            'cabling_factor', 'degradation_factor', 'sharing_factor',
            'allowable_fraction', 'allow_field_extrapolation', 'tape_width',
            'tape_thickness', 'f_set', 'f_wp_vol', 'turn_current')}
        facts.update(field=field, temperature=p['T_cold_cryo'],
                     tape_length=tape_length, conductor_length=conductor_length)
        for key, value in facts.items():
            if not math.isfinite(value) or (value <= 0 and key != 'allow_field_extrapolation'):
>               raise ValueError('oracle conductor current: invalid ' + key)
E               ValueError: oracle conductor current: invalid temperature

exploration/stellarator_e2e/verify_stellaris.py:913: ValueError

During handling of the above exception, another exception occurred:

overrides = {'T_cold_cryo': -1.0}, message = '0 < T_cold < T_amb'

    @pytest.mark.parametrize("overrides,message", [
        ({"R": 12.7, "coil_t": 20.0}, "live magnet clearance"),
        ({"R": 3.0}, "live magnet clearance"),
        ({"R": COIL_RADIUS}, "live magnet clearance"),
        ({"magnet_R_ref": 3.0}, "reference magnet clearance"),
        ({"magnet_R_ref": COIL_RADIUS}, "reference magnet clearance"),
        ({"magnet_a_coil_ref": 13.0}, "reference magnet clearance"),
        ({"magnet_a_coil_ref": 12.7}, "reference magnet clearance"),
        ({"T_cold_cryo": -1.0}, "0 < T_cold < T_amb"),
        ({"T_cold_cryo": 0.0}, "0 < T_cold < T_amb"),
        ({"T_cold_cryo": 300.0}, "0 < T_cold < T_amb"),
        ({"T_cold_cryo": 301.0}, "0 < T_cold < T_amb"),
        ({"T_amb_cryo": 20.0}, "0 < T_cold < T_amb"),
        ({"T_amb_cryo": 19.0}, "0 < T_cold < T_amb"),
        ({"T_amb_cryo": 0.0}, "0 < T_cold < T_amb"),
        ({"T_cold_cryo": 0.0, "q_nuc_cryo": 0.0, "p_fixed_cryo": 0.0,
          "p_cryo_direct": 2.0}, "0 < T_cold < T_amb"),
    ])
    def test_oracle_rejects_invalid_domains_and_restores_parameters(overrides, message):
        saved = dict(oracle.vs.IN)
>       with pytest.raises(ValueError, match=message):
E       AssertionError: Regex pattern did not match.
E         Expected regex: '0 < T_cold < T_amb'
E         Actual message: 'oracle conductor current: invalid temperature'

tests/study/test_domain_consumers.py:124: AssertionError
_ test_oracle_rejects_invalid_domains_and_restores_parameters[overrides8-0 < T_cold < T_amb] _

overrides = {'T_cold_cryo': 0.0}, message = '0 < T_cold < T_amb'

    @pytest.mark.parametrize("overrides,message", [
        ({"R": 12.7, "coil_t": 20.0}, "live magnet clearance"),
        ({"R": 3.0}, "live magnet clearance"),
        ({"R": COIL_RADIUS}, "live magnet clearance"),
        ({"magnet_R_ref": 3.0}, "reference magnet clearance"),
        ({"magnet_R_ref": COIL_RADIUS}, "reference magnet clearance"),
        ({"magnet_a_coil_ref": 13.0}, "reference magnet clearance"),
        ({"magnet_a_coil_ref": 12.7}, "reference magnet clearance"),
        ({"T_cold_cryo": -1.0}, "0 < T_cold < T_amb"),
        ({"T_cold_cryo": 0.0}, "0 < T_cold < T_amb"),
        ({"T_cold_cryo": 300.0}, "0 < T_cold < T_amb"),
        ({"T_cold_cryo": 301.0}, "0 < T_cold < T_amb"),
        ({"T_amb_cryo": 20.0}, "0 < T_cold < T_amb"),
        ({"T_amb_cryo": 19.0}, "0 < T_cold < T_amb"),
        ({"T_amb_cryo": 0.0}, "0 < T_cold < T_amb"),
        ({"T_cold_cryo": 0.0, "q_nuc_cryo": 0.0, "p_fixed_cryo": 0.0,
          "p_cryo_direct": 2.0}, "0 < T_cold < T_amb"),
    ])
    def test_oracle_rejects_invalid_domains_and_restores_parameters(overrides, message):
        saved = dict(oracle.vs.IN)
        with pytest.raises(ValueError, match=message):
>           oracle._compute(wi059_replay(overrides))

tests/study/test_domain_consumers.py:125: 
_ _ _ _ _ _ _ _ _ _ _ _ _ _ _ _ _ _ _ _ _ _ _ _ _ _ _ _ _ _ _ _ _ _ _ _ _ _ _ _ 
exploration/stellarator_e2e/studies/oracle_entry.py:870: in _compute
    return vs.compute()
           ^^^^^^^^^^^^
exploration/stellarator_e2e/verify_stellaris.py:1078: in compute
    current_sizing = _current_driven_sizing(p, B_peak, grade['j_wp_effective'])
                     ^^^^^^^^^^^^^^^^^^^^^^^^^^^^^^^^^^^^^^^^^^^^^^^^^^^^^^^^^^
exploration/stellarator_e2e/verify_stellaris.py:841: in _current_driven_sizing
    capacity = _conductor_current(p, field, 1.0, 1.0)['tape_critical_current']
               ^^^^^^^^^^^^^^^^^^^^^^^^^^^^^^^^^^^^^^
_ _ _ _ _ _ _ _ _ _ _ _ _ _ _ _ _ _ _ _ _ _ _ _ _ _ _ _ _ _ _ _ _ _ _ _ _ _ _ _ 

p = {'E_fus': 2.817e-12, 'G_stock': 0.0, 'R': 12.7, 'R_ref_divertor': 12.7, ...}
field = 24.899999999999995, tape_length = 1.0, conductor_length = 1.0

    def _conductor_current(p, field, tape_length, conductor_length):
        """Independent absolute-current estimate; continuous inventory counts, amperes.
    
        The material reference is fixed at 4 mm, 20 K, 20 T and 56 micrometres.
        The field exponent is source-derived independently of the sizing envelope.
        """
        facts = {key: p['magnet_' + key] for key in (
            'reference_tape_current', 'material_factor', 'orientation_factor',
            'cabling_factor', 'degradation_factor', 'sharing_factor',
            'allowable_fraction', 'allow_field_extrapolation', 'tape_width',
            'tape_thickness', 'f_set', 'f_wp_vol', 'turn_current')}
        facts.update(field=field, temperature=p['T_cold_cryo'],
                     tape_length=tape_length, conductor_length=conductor_length)
        for key, value in facts.items():
            if not math.isfinite(value) or (value <= 0 and key != 'allow_field_extrapolation'):
>               raise ValueError('oracle conductor current: invalid ' + key)
E               ValueError: oracle conductor current: invalid temperature

exploration/stellarator_e2e/verify_stellaris.py:913: ValueError

During handling of the above exception, another exception occurred:

overrides = {'T_cold_cryo': 0.0}, message = '0 < T_cold < T_amb'

    @pytest.mark.parametrize("overrides,message", [
        ({"R": 12.7, "coil_t": 20.0}, "live magnet clearance"),
        ({"R": 3.0}, "live magnet clearance"),
        ({"R": COIL_RADIUS}, "live magnet clearance"),
        ({"magnet_R_ref": 3.0}, "reference magnet clearance"),
        ({"magnet_R_ref": COIL_RADIUS}, "reference magnet clearance"),
        ({"magnet_a_coil_ref": 13.0}, "reference magnet clearance"),
        ({"magnet_a_coil_ref": 12.7}, "reference magnet clearance"),
        ({"T_cold_cryo": -1.0}, "0 < T_cold < T_amb"),
        ({"T_cold_cryo": 0.0}, "0 < T_cold < T_amb"),
        ({"T_cold_cryo": 300.0}, "0 < T_cold < T_amb"),
        ({"T_cold_cryo": 301.0}, "0 < T_cold < T_amb"),
        ({"T_amb_cryo": 20.0}, "0 < T_cold < T_amb"),
        ({"T_amb_cryo": 19.0}, "0 < T_cold < T_amb"),
        ({"T_amb_cryo": 0.0}, "0 < T_cold < T_amb"),
        ({"T_cold_cryo": 0.0, "q_nuc_cryo": 0.0, "p_fixed_cryo": 0.0,
          "p_cryo_direct": 2.0}, "0 < T_cold < T_amb"),
    ])
    def test_oracle_rejects_invalid_domains_and_restores_parameters(overrides, message):
        saved = dict(oracle.vs.IN)
>       with pytest.raises(ValueError, match=message):
E       AssertionError: Regex pattern did not match.
E         Expected regex: '0 < T_cold < T_amb'
E         Actual message: 'oracle conductor current: invalid temperature'

tests/study/test_domain_consumers.py:124: AssertionError
_ test_oracle_rejects_invalid_domains_and_restores_parameters[overrides9-0 < T_cold < T_amb] _

overrides = {'T_cold_cryo': 300.0}, message = '0 < T_cold < T_amb'

    @pytest.mark.parametrize("overrides,message", [
        ({"R": 12.7, "coil_t": 20.0}, "live magnet clearance"),
        ({"R": 3.0}, "live magnet clearance"),
        ({"R": COIL_RADIUS}, "live magnet clearance"),
        ({"magnet_R_ref": 3.0}, "reference magnet clearance"),
        ({"magnet_R_ref": COIL_RADIUS}, "reference magnet clearance"),
        ({"magnet_a_coil_ref": 13.0}, "reference magnet clearance"),
        ({"magnet_a_coil_ref": 12.7}, "reference magnet clearance"),
        ({"T_cold_cryo": -1.0}, "0 < T_cold < T_amb"),
        ({"T_cold_cryo": 0.0}, "0 < T_cold < T_amb"),
        ({"T_cold_cryo": 300.0}, "0 < T_cold < T_amb"),
        ({"T_cold_cryo": 301.0}, "0 < T_cold < T_amb"),
        ({"T_amb_cryo": 20.0}, "0 < T_cold < T_amb"),
        ({"T_amb_cryo": 19.0}, "0 < T_cold < T_amb"),
        ({"T_amb_cryo": 0.0}, "0 < T_cold < T_amb"),
        ({"T_cold_cryo": 0.0, "q_nuc_cryo": 0.0, "p_fixed_cryo": 0.0,
          "p_cryo_direct": 2.0}, "0 < T_cold < T_amb"),
    ])
    def test_oracle_rejects_invalid_domains_and_restores_parameters(overrides, message):
        saved = dict(oracle.vs.IN)
        with pytest.raises(ValueError, match=message):
>           oracle._compute(wi059_replay(overrides))

tests/study/test_domain_consumers.py:125: 
_ _ _ _ _ _ _ _ _ _ _ _ _ _ _ _ _ _ _ _ _ _ _ _ _ _ _ _ _ _ _ _ _ _ _ _ _ _ _ _ 
exploration/stellarator_e2e/studies/oracle_entry.py:870: in _compute
    return vs.compute()
           ^^^^^^^^^^^^
exploration/stellarator_e2e/verify_stellaris.py:1078: in compute
    current_sizing = _current_driven_sizing(p, B_peak, grade['j_wp_effective'])
                     ^^^^^^^^^^^^^^^^^^^^^^^^^^^^^^^^^^^^^^^^^^^^^^^^^^^^^^^^^^
exploration/stellarator_e2e/verify_stellaris.py:841: in _current_driven_sizing
    capacity = _conductor_current(p, field, 1.0, 1.0)['tape_critical_current']
               ^^^^^^^^^^^^^^^^^^^^^^^^^^^^^^^^^^^^^^
_ _ _ _ _ _ _ _ _ _ _ _ _ _ _ _ _ _ _ _ _ _ _ _ _ _ _ _ _ _ _ _ _ _ _ _ _ _ _ _ 

p = {'E_fus': 2.817e-12, 'G_stock': 0.0, 'R': 12.7, 'R_ref_divertor': 12.7, ...}
field = 24.899999999999995, tape_length = 1.0, conductor_length = 1.0

    def _conductor_current(p, field, tape_length, conductor_length):
        """Independent absolute-current estimate; continuous inventory counts, amperes.
    
        The material reference is fixed at 4 mm, 20 K, 20 T and 56 micrometres.
        The field exponent is source-derived independently of the sizing envelope.
        """
        facts = {key: p['magnet_' + key] for key in (
            'reference_tape_current', 'material_factor', 'orientation_factor',
            'cabling_factor', 'degradation_factor', 'sharing_factor',
            'allowable_fraction', 'allow_field_extrapolation', 'tape_width',
            'tape_thickness', 'f_set', 'f_wp_vol', 'turn_current')}
        facts.update(field=field, temperature=p['T_cold_cryo'],
                     tape_length=tape_length, conductor_length=conductor_length)
        for key, value in facts.items():
            if not math.isfinite(value) or (value <= 0 and key != 'allow_field_extrapolation'):
                raise ValueError('oracle conductor current: invalid ' + key)
        if facts['temperature'] != 20 or facts['tape_thickness'] != 0.000056:
>           raise ValueError('oracle conductor current: unsupported temperature/construction')
E           ValueError: oracle conductor current: unsupported temperature/construction

exploration/stellarator_e2e/verify_stellaris.py:915: ValueError

During handling of the above exception, another exception occurred:

overrides = {'T_cold_cryo': 300.0}, message = '0 < T_cold < T_amb'

    @pytest.mark.parametrize("overrides,message", [
        ({"R": 12.7, "coil_t": 20.0}, "live magnet clearance"),
        ({"R": 3.0}, "live magnet clearance"),
        ({"R": COIL_RADIUS}, "live magnet clearance"),
        ({"magnet_R_ref": 3.0}, "reference magnet clearance"),
        ({"magnet_R_ref": COIL_RADIUS}, "reference magnet clearance"),
        ({"magnet_a_coil_ref": 13.0}, "reference magnet clearance"),
        ({"magnet_a_coil_ref": 12.7}, "reference magnet clearance"),
        ({"T_cold_cryo": -1.0}, "0 < T_cold < T_amb"),
        ({"T_cold_cryo": 0.0}, "0 < T_cold < T_amb"),
        ({"T_cold_cryo": 300.0}, "0 < T_cold < T_amb"),
        ({"T_cold_cryo": 301.0}, "0 < T_cold < T_amb"),
        ({"T_amb_cryo": 20.0}, "0 < T_cold < T_amb"),
        ({"T_amb_cryo": 19.0}, "0 < T_cold < T_amb"),
        ({"T_amb_cryo": 0.0}, "0 < T_cold < T_amb"),
        ({"T_cold_cryo": 0.0, "q_nuc_cryo": 0.0, "p_fixed_cryo": 0.0,
          "p_cryo_direct": 2.0}, "0 < T_cold < T_amb"),
    ])
    def test_oracle_rejects_invalid_domains_and_restores_parameters(overrides, message):
        saved = dict(oracle.vs.IN)
>       with pytest.raises(ValueError, match=message):
E       AssertionError: Regex pattern did not match.
E         Expected regex: '0 < T_cold < T_amb'
E         Actual message: 'oracle conductor current: unsupported temperature/construction'

tests/study/test_domain_consumers.py:124: AssertionError
_ test_oracle_rejects_invalid_domains_and_restores_parameters[overrides10-0 < T_cold < T_amb] _

overrides = {'T_cold_cryo': 301.0}, message = '0 < T_cold < T_amb'

    @pytest.mark.parametrize("overrides,message", [
        ({"R": 12.7, "coil_t": 20.0}, "live magnet clearance"),
        ({"R": 3.0}, "live magnet clearance"),
        ({"R": COIL_RADIUS}, "live magnet clearance"),
        ({"magnet_R_ref": 3.0}, "reference magnet clearance"),
        ({"magnet_R_ref": COIL_RADIUS}, "reference magnet clearance"),
        ({"magnet_a_coil_ref": 13.0}, "reference magnet clearance"),
        ({"magnet_a_coil_ref": 12.7}, "reference magnet clearance"),
        ({"T_cold_cryo": -1.0}, "0 < T_cold < T_amb"),
        ({"T_cold_cryo": 0.0}, "0 < T_cold < T_amb"),
        ({"T_cold_cryo": 300.0}, "0 < T_cold < T_amb"),
        ({"T_cold_cryo": 301.0}, "0 < T_cold < T_amb"),
        ({"T_amb_cryo": 20.0}, "0 < T_cold < T_amb"),
        ({"T_amb_cryo": 19.0}, "0 < T_cold < T_amb"),
        ({"T_amb_cryo": 0.0}, "0 < T_cold < T_amb"),
        ({"T_cold_cryo": 0.0, "q_nuc_cryo": 0.0, "p_fixed_cryo": 0.0,
          "p_cryo_direct": 2.0}, "0 < T_cold < T_amb"),
    ])
    def test_oracle_rejects_invalid_domains_and_restores_parameters(overrides, message):
        saved = dict(oracle.vs.IN)
        with pytest.raises(ValueError, match=message):
>           oracle._compute(wi059_replay(overrides))

tests/study/test_domain_consumers.py:125: 
_ _ _ _ _ _ _ _ _ _ _ _ _ _ _ _ _ _ _ _ _ _ _ _ _ _ _ _ _ _ _ _ _ _ _ _ _ _ _ _ 
exploration/stellarator_e2e/studies/oracle_entry.py:870: in _compute
    return vs.compute()
           ^^^^^^^^^^^^
exploration/stellarator_e2e/verify_stellaris.py:1078: in compute
    current_sizing = _current_driven_sizing(p, B_peak, grade['j_wp_effective'])
                     ^^^^^^^^^^^^^^^^^^^^^^^^^^^^^^^^^^^^^^^^^^^^^^^^^^^^^^^^^^
exploration/stellarator_e2e/verify_stellaris.py:841: in _current_driven_sizing
    capacity = _conductor_current(p, field, 1.0, 1.0)['tape_critical_current']
               ^^^^^^^^^^^^^^^^^^^^^^^^^^^^^^^^^^^^^^
_ _ _ _ _ _ _ _ _ _ _ _ _ _ _ _ _ _ _ _ _ _ _ _ _ _ _ _ _ _ _ _ _ _ _ _ _ _ _ _ 

p = {'E_fus': 2.817e-12, 'G_stock': 0.0, 'R': 12.7, 'R_ref_divertor': 12.7, ...}
field = 24.899999999999995, tape_length = 1.0, conductor_length = 1.0

    def _conductor_current(p, field, tape_length, conductor_length):
        """Independent absolute-current estimate; continuous inventory counts, amperes.
    
        The material reference is fixed at 4 mm, 20 K, 20 T and 56 micrometres.
        The field exponent is source-derived independently of the sizing envelope.
        """
        facts = {key: p['magnet_' + key] for key in (
            'reference_tape_current', 'material_factor', 'orientation_factor',
            'cabling_factor', 'degradation_factor', 'sharing_factor',
            'allowable_fraction', 'allow_field_extrapolation', 'tape_width',
            'tape_thickness', 'f_set', 'f_wp_vol', 'turn_current')}
        facts.update(field=field, temperature=p['T_cold_cryo'],
                     tape_length=tape_length, conductor_length=conductor_length)
        for key, value in facts.items():
            if not math.isfinite(value) or (value <= 0 and key != 'allow_field_extrapolation'):
                raise ValueError('oracle conductor current: invalid ' + key)
        if facts['temperature'] != 20 or facts['tape_thickness'] != 0.000056:
>           raise ValueError('oracle conductor current: unsupported temperature/construction')
E           ValueError: oracle conductor current: unsupported temperature/construction

exploration/stellarator_e2e/verify_stellaris.py:915: ValueError

During handling of the above exception, another exception occurred:

overrides = {'T_cold_cryo': 301.0}, message = '0 < T_cold < T_amb'

    @pytest.mark.parametrize("overrides,message", [
        ({"R": 12.7, "coil_t": 20.0}, "live magnet clearance"),
        ({"R": 3.0}, "live magnet clearance"),
        ({"R": COIL_RADIUS}, "live magnet clearance"),
        ({"magnet_R_ref": 3.0}, "reference magnet clearance"),
        ({"magnet_R_ref": COIL_RADIUS}, "reference magnet clearance"),
        ({"magnet_a_coil_ref": 13.0}, "reference magnet clearance"),
        ({"magnet_a_coil_ref": 12.7}, "reference magnet clearance"),
        ({"T_cold_cryo": -1.0}, "0 < T_cold < T_amb"),
        ({"T_cold_cryo": 0.0}, "0 < T_cold < T_amb"),
        ({"T_cold_cryo": 300.0}, "0 < T_cold < T_amb"),
        ({"T_cold_cryo": 301.0}, "0 < T_cold < T_amb"),
        ({"T_amb_cryo": 20.0}, "0 < T_cold < T_amb"),
        ({"T_amb_cryo": 19.0}, "0 < T_cold < T_amb"),
        ({"T_amb_cryo": 0.0}, "0 < T_cold < T_amb"),
        ({"T_cold_cryo": 0.0, "q_nuc_cryo": 0.0, "p_fixed_cryo": 0.0,
          "p_cryo_direct": 2.0}, "0 < T_cold < T_amb"),
    ])
    def test_oracle_rejects_invalid_domains_and_restores_parameters(overrides, message):
        saved = dict(oracle.vs.IN)
>       with pytest.raises(ValueError, match=message):
E       AssertionError: Regex pattern did not match.
E         Expected regex: '0 < T_cold < T_amb'
E         Actual message: 'oracle conductor current: unsupported temperature/construction'

tests/study/test_domain_consumers.py:124: AssertionError
_ test_oracle_rejects_invalid_domains_and_restores_parameters[overrides14-0 < T_cold < T_amb] _

overrides = {'T_cold_cryo': 0.0, 'p_cryo_direct': 2.0, 'p_fixed_cryo': 0.0, 'q_nuc_cryo': 0.0}
message = '0 < T_cold < T_amb'

    @pytest.mark.parametrize("overrides,message", [
        ({"R": 12.7, "coil_t": 20.0}, "live magnet clearance"),
        ({"R": 3.0}, "live magnet clearance"),
        ({"R": COIL_RADIUS}, "live magnet clearance"),
        ({"magnet_R_ref": 3.0}, "reference magnet clearance"),
        ({"magnet_R_ref": COIL_RADIUS}, "reference magnet clearance"),
        ({"magnet_a_coil_ref": 13.0}, "reference magnet clearance"),
        ({"magnet_a_coil_ref": 12.7}, "reference magnet clearance"),
        ({"T_cold_cryo": -1.0}, "0 < T_cold < T_amb"),
        ({"T_cold_cryo": 0.0}, "0 < T_cold < T_amb"),
        ({"T_cold_cryo": 300.0}, "0 < T_cold < T_amb"),
        ({"T_cold_cryo": 301.0}, "0 < T_cold < T_amb"),
        ({"T_amb_cryo": 20.0}, "0 < T_cold < T_amb"),
        ({"T_amb_cryo": 19.0}, "0 < T_cold < T_amb"),
        ({"T_amb_cryo": 0.0}, "0 < T_cold < T_amb"),
        ({"T_cold_cryo": 0.0, "q_nuc_cryo": 0.0, "p_fixed_cryo": 0.0,
          "p_cryo_direct": 2.0}, "0 < T_cold < T_amb"),
    ])
    def test_oracle_rejects_invalid_domains_and_restores_parameters(overrides, message):
        saved = dict(oracle.vs.IN)
        with pytest.raises(ValueError, match=message):
>           oracle._compute(wi059_replay(overrides))

tests/study/test_domain_consumers.py:125: 
_ _ _ _ _ _ _ _ _ _ _ _ _ _ _ _ _ _ _ _ _ _ _ _ _ _ _ _ _ _ _ _ _ _ _ _ _ _ _ _ 
exploration/stellarator_e2e/studies/oracle_entry.py:870: in _compute
    return vs.compute()
           ^^^^^^^^^^^^
exploration/stellarator_e2e/verify_stellaris.py:1078: in compute
    current_sizing = _current_driven_sizing(p, B_peak, grade['j_wp_effective'])
                     ^^^^^^^^^^^^^^^^^^^^^^^^^^^^^^^^^^^^^^^^^^^^^^^^^^^^^^^^^^
exploration/stellarator_e2e/verify_stellaris.py:841: in _current_driven_sizing
    capacity = _conductor_current(p, field, 1.0, 1.0)['tape_critical_current']
               ^^^^^^^^^^^^^^^^^^^^^^^^^^^^^^^^^^^^^^
_ _ _ _ _ _ _ _ _ _ _ _ _ _ _ _ _ _ _ _ _ _ _ _ _ _ _ _ _ _ _ _ _ _ _ _ _ _ _ _ 

p = {'E_fus': 2.817e-12, 'G_stock': 0.0, 'R': 12.7, 'R_ref_divertor': 12.7, ...}
field = 24.899999999999995, tape_length = 1.0, conductor_length = 1.0

    def _conductor_current(p, field, tape_length, conductor_length):
        """Independent absolute-current estimate; continuous inventory counts, amperes.
    
        The material reference is fixed at 4 mm, 20 K, 20 T and 56 micrometres.
        The field exponent is source-derived independently of the sizing envelope.
        """
        facts = {key: p['magnet_' + key] for key in (
            'reference_tape_current', 'material_factor', 'orientation_factor',
            'cabling_factor', 'degradation_factor', 'sharing_factor',
            'allowable_fraction', 'allow_field_extrapolation', 'tape_width',
            'tape_thickness', 'f_set', 'f_wp_vol', 'turn_current')}
        facts.update(field=field, temperature=p['T_cold_cryo'],
                     tape_length=tape_length, conductor_length=conductor_length)
        for key, value in facts.items():
            if not math.isfinite(value) or (value <= 0 and key != 'allow_field_extrapolation'):
>               raise ValueError('oracle conductor current: invalid ' + key)
E               ValueError: oracle conductor current: invalid temperature

exploration/stellarator_e2e/verify_stellaris.py:913: ValueError

During handling of the above exception, another exception occurred:

overrides = {'T_cold_cryo': 0.0, 'p_cryo_direct': 2.0, 'p_fixed_cryo': 0.0, 'q_nuc_cryo': 0.0}
message = '0 < T_cold < T_amb'

    @pytest.mark.parametrize("overrides,message", [
        ({"R": 12.7, "coil_t": 20.0}, "live magnet clearance"),
        ({"R": 3.0}, "live magnet clearance"),
        ({"R": COIL_RADIUS}, "live magnet clearance"),
        ({"magnet_R_ref": 3.0}, "reference magnet clearance"),
        ({"magnet_R_ref": COIL_RADIUS}, "reference magnet clearance"),
        ({"magnet_a_coil_ref": 13.0}, "reference magnet clearance"),
        ({"magnet_a_coil_ref": 12.7}, "reference magnet clearance"),
        ({"T_cold_cryo": -1.0}, "0 < T_cold < T_amb"),
        ({"T_cold_cryo": 0.0}, "0 < T_cold < T_amb"),
        ({"T_cold_cryo": 300.0}, "0 < T_cold < T_amb"),
        ({"T_cold_cryo": 301.0}, "0 < T_cold < T_amb"),
        ({"T_amb_cryo": 20.0}, "0 < T_cold < T_amb"),
        ({"T_amb_cryo": 19.0}, "0 < T_cold < T_amb"),
        ({"T_amb_cryo": 0.0}, "0 < T_cold < T_amb"),
        ({"T_cold_cryo": 0.0, "q_nuc_cryo": 0.0, "p_fixed_cryo": 0.0,
          "p_cryo_direct": 2.0}, "0 < T_cold < T_amb"),
    ])
    def test_oracle_rejects_invalid_domains_and_restores_parameters(overrides, message):
        saved = dict(oracle.vs.IN)
>       with pytest.raises(ValueError, match=message):
E       AssertionError: Regex pattern did not match.
E         Expected regex: '0 < T_cold < T_amb'
E         Actual message: 'oracle conductor current: invalid temperature'

tests/study/test_domain_consumers.py:124: AssertionError
_ test_supported_adapter_inputs_propagate_deliberate_domain_error[cryoplant__T_cold_cryo-0.0-0 < T_cold < T_amb] _

suffix = 'cryoplant__T_cold_cryo', value = 0.0, message = '0 < T_cold < T_amb'

    @pytest.mark.parametrize("suffix,value,message", [
        # WI-057 (2026-09-13): the entry keys carry their part's path (plasma, coil, cryoplant).
        ("plasma__R", 3.0, "live magnet clearance"),
        ("plasma__R", COIL_RADIUS, "live magnet clearance"),
        ("magnet__coil__R_ref", COIL_RADIUS, "reference magnet clearance"),
        ("magnet__coil__a_coil_ref", 13.0, "reference magnet clearance"),
        ("cryoplant__T_cold_cryo", 0.0, "0 < T_cold < T_amb"),
        ("cryoplant__T_cold_cryo", 300.0, "0 < T_cold < T_amb"),
        ("cryoplant__T_cold_cryo", 301.0, "0 < T_cold < T_amb"),
    ])
    def test_supported_adapter_inputs_propagate_deliberate_domain_error(suffix, value, message):
        with pytest.raises(ValueError, match=message):
>           oracle.evaluate(WI059_REPLAY | {oracle.P + suffix: value})

tests/study/test_domain_consumers.py:141: 
_ _ _ _ _ _ _ _ _ _ _ _ _ _ _ _ _ _ _ _ _ _ _ _ _ _ _ _ _ _ _ _ _ _ _ _ _ _ _ _ 
exploration/stellarator_e2e/studies/oracle_entry.py:883: in evaluate
    result = _compute(_oracle_overrides(point))
             ^^^^^^^^^^^^^^^^^^^^^^^^^^^^^^^^^^
exploration/stellarator_e2e/studies/oracle_entry.py:870: in _compute
    return vs.compute()
           ^^^^^^^^^^^^
exploration/stellarator_e2e/verify_stellaris.py:1078: in compute
    current_sizing = _current_driven_sizing(p, B_peak, grade['j_wp_effective'])
                     ^^^^^^^^^^^^^^^^^^^^^^^^^^^^^^^^^^^^^^^^^^^^^^^^^^^^^^^^^^
exploration/stellarator_e2e/verify_stellaris.py:841: in _current_driven_sizing
    capacity = _conductor_current(p, field, 1.0, 1.0)['tape_critical_current']
               ^^^^^^^^^^^^^^^^^^^^^^^^^^^^^^^^^^^^^^
_ _ _ _ _ _ _ _ _ _ _ _ _ _ _ _ _ _ _ _ _ _ _ _ _ _ _ _ _ _ _ _ _ _ _ _ _ _ _ _ 

p = {'E_fus': 2.817e-12, 'G_stock': 0.0, 'R': 12.7, 'R_ref_divertor': 12.7, ...}
field = 24.899999999999995, tape_length = 1.0, conductor_length = 1.0

    def _conductor_current(p, field, tape_length, conductor_length):
        """Independent absolute-current estimate; continuous inventory counts, amperes.
    
        The material reference is fixed at 4 mm, 20 K, 20 T and 56 micrometres.
        The field exponent is source-derived independently of the sizing envelope.
        """
        facts = {key: p['magnet_' + key] for key in (
            'reference_tape_current', 'material_factor', 'orientation_factor',
            'cabling_factor', 'degradation_factor', 'sharing_factor',
            'allowable_fraction', 'allow_field_extrapolation', 'tape_width',
            'tape_thickness', 'f_set', 'f_wp_vol', 'turn_current')}
        facts.update(field=field, temperature=p['T_cold_cryo'],
                     tape_length=tape_length, conductor_length=conductor_length)
        for key, value in facts.items():
            if not math.isfinite(value) or (value <= 0 and key != 'allow_field_extrapolation'):
>               raise ValueError('oracle conductor current: invalid ' + key)
E               ValueError: oracle conductor current: invalid temperature

exploration/stellarator_e2e/verify_stellaris.py:913: ValueError

During handling of the above exception, another exception occurred:

suffix = 'cryoplant__T_cold_cryo', value = 0.0, message = '0 < T_cold < T_amb'

    @pytest.mark.parametrize("suffix,value,message", [
        # WI-057 (2026-09-13): the entry keys carry their part's path (plasma, coil, cryoplant).
        ("plasma__R", 3.0, "live magnet clearance"),
        ("plasma__R", COIL_RADIUS, "live magnet clearance"),
        ("magnet__coil__R_ref", COIL_RADIUS, "reference magnet clearance"),
        ("magnet__coil__a_coil_ref", 13.0, "reference magnet clearance"),
        ("cryoplant__T_cold_cryo", 0.0, "0 < T_cold < T_amb"),
        ("cryoplant__T_cold_cryo", 300.0, "0 < T_cold < T_amb"),
        ("cryoplant__T_cold_cryo", 301.0, "0 < T_cold < T_amb"),
    ])
    def test_supported_adapter_inputs_propagate_deliberate_domain_error(suffix, value, message):
>       with pytest.raises(ValueError, match=message):
E       AssertionError: Regex pattern did not match.
E         Expected regex: '0 < T_cold < T_amb'
E         Actual message: 'oracle conductor current: invalid temperature'

tests/study/test_domain_consumers.py:140: AssertionError
_ test_supported_adapter_inputs_propagate_deliberate_domain_error[cryoplant__T_cold_cryo-300.0-0 < T_cold < T_amb] _

suffix = 'cryoplant__T_cold_cryo', value = 300.0, message = '0 < T_cold < T_amb'

    @pytest.mark.parametrize("suffix,value,message", [
        # WI-057 (2026-09-13): the entry keys carry their part's path (plasma, coil, cryoplant).
        ("plasma__R", 3.0, "live magnet clearance"),
        ("plasma__R", COIL_RADIUS, "live magnet clearance"),
        ("magnet__coil__R_ref", COIL_RADIUS, "reference magnet clearance"),
        ("magnet__coil__a_coil_ref", 13.0, "reference magnet clearance"),
        ("cryoplant__T_cold_cryo", 0.0, "0 < T_cold < T_amb"),
        ("cryoplant__T_cold_cryo", 300.0, "0 < T_cold < T_amb"),
        ("cryoplant__T_cold_cryo", 301.0, "0 < T_cold < T_amb"),
    ])
    def test_supported_adapter_inputs_propagate_deliberate_domain_error(suffix, value, message):
        with pytest.raises(ValueError, match=message):
>           oracle.evaluate(WI059_REPLAY | {oracle.P + suffix: value})

tests/study/test_domain_consumers.py:141: 
_ _ _ _ _ _ _ _ _ _ _ _ _ _ _ _ _ _ _ _ _ _ _ _ _ _ _ _ _ _ _ _ _ _ _ _ _ _ _ _ 
exploration/stellarator_e2e/studies/oracle_entry.py:883: in evaluate
    result = _compute(_oracle_overrides(point))
             ^^^^^^^^^^^^^^^^^^^^^^^^^^^^^^^^^^
exploration/stellarator_e2e/studies/oracle_entry.py:870: in _compute
    return vs.compute()
           ^^^^^^^^^^^^
exploration/stellarator_e2e/verify_stellaris.py:1078: in compute
    current_sizing = _current_driven_sizing(p, B_peak, grade['j_wp_effective'])
                     ^^^^^^^^^^^^^^^^^^^^^^^^^^^^^^^^^^^^^^^^^^^^^^^^^^^^^^^^^^
exploration/stellarator_e2e/verify_stellaris.py:841: in _current_driven_sizing
    capacity = _conductor_current(p, field, 1.0, 1.0)['tape_critical_current']
               ^^^^^^^^^^^^^^^^^^^^^^^^^^^^^^^^^^^^^^
_ _ _ _ _ _ _ _ _ _ _ _ _ _ _ _ _ _ _ _ _ _ _ _ _ _ _ _ _ _ _ _ _ _ _ _ _ _ _ _ 

p = {'E_fus': 2.817e-12, 'G_stock': 0.0, 'R': 12.7, 'R_ref_divertor': 12.7, ...}
field = 24.899999999999995, tape_length = 1.0, conductor_length = 1.0

    def _conductor_current(p, field, tape_length, conductor_length):
        """Independent absolute-current estimate; continuous inventory counts, amperes.
    
        The material reference is fixed at 4 mm, 20 K, 20 T and 56 micrometres.
        The field exponent is source-derived independently of the sizing envelope.
        """
        facts = {key: p['magnet_' + key] for key in (
            'reference_tape_current', 'material_factor', 'orientation_factor',
            'cabling_factor', 'degradation_factor', 'sharing_factor',
            'allowable_fraction', 'allow_field_extrapolation', 'tape_width',
            'tape_thickness', 'f_set', 'f_wp_vol', 'turn_current')}
        facts.update(field=field, temperature=p['T_cold_cryo'],
                     tape_length=tape_length, conductor_length=conductor_length)
        for key, value in facts.items():
            if not math.isfinite(value) or (value <= 0 and key != 'allow_field_extrapolation'):
                raise ValueError('oracle conductor current: invalid ' + key)
        if facts['temperature'] != 20 or facts['tape_thickness'] != 0.000056:
>           raise ValueError('oracle conductor current: unsupported temperature/construction')
E           ValueError: oracle conductor current: unsupported temperature/construction

exploration/stellarator_e2e/verify_stellaris.py:915: ValueError

During handling of the above exception, another exception occurred:

suffix = 'cryoplant__T_cold_cryo', value = 300.0, message = '0 < T_cold < T_amb'

    @pytest.mark.parametrize("suffix,value,message", [
        # WI-057 (2026-09-13): the entry keys carry their part's path (plasma, coil, cryoplant).
        ("plasma__R", 3.0, "live magnet clearance"),
        ("plasma__R", COIL_RADIUS, "live magnet clearance"),
        ("magnet__coil__R_ref", COIL_RADIUS, "reference magnet clearance"),
        ("magnet__coil__a_coil_ref", 13.0, "reference magnet clearance"),
        ("cryoplant__T_cold_cryo", 0.0, "0 < T_cold < T_amb"),
        ("cryoplant__T_cold_cryo", 300.0, "0 < T_cold < T_amb"),
        ("cryoplant__T_cold_cryo", 301.0, "0 < T_cold < T_amb"),
    ])
    def test_supported_adapter_inputs_propagate_deliberate_domain_error(suffix, value, message):
>       with pytest.raises(ValueError, match=message):
E       AssertionError: Regex pattern did not match.
E         Expected regex: '0 < T_cold < T_amb'
E         Actual message: 'oracle conductor current: unsupported temperature/construction'

tests/study/test_domain_consumers.py:140: AssertionError
_ test_supported_adapter_inputs_propagate_deliberate_domain_error[cryoplant__T_cold_cryo-301.0-0 < T_cold < T_amb] _

suffix = 'cryoplant__T_cold_cryo', value = 301.0, message = '0 < T_cold < T_amb'

    @pytest.mark.parametrize("suffix,value,message", [
        # WI-057 (2026-09-13): the entry keys carry their part's path (plasma, coil, cryoplant).
        ("plasma__R", 3.0, "live magnet clearance"),
        ("plasma__R", COIL_RADIUS, "live magnet clearance"),
        ("magnet__coil__R_ref", COIL_RADIUS, "reference magnet clearance"),
        ("magnet__coil__a_coil_ref", 13.0, "reference magnet clearance"),
        ("cryoplant__T_cold_cryo", 0.0, "0 < T_cold < T_amb"),
        ("cryoplant__T_cold_cryo", 300.0, "0 < T_cold < T_amb"),
        ("cryoplant__T_cold_cryo", 301.0, "0 < T_cold < T_amb"),
    ])
    def test_supported_adapter_inputs_propagate_deliberate_domain_error(suffix, value, message):
        with pytest.raises(ValueError, match=message):
>           oracle.evaluate(WI059_REPLAY | {oracle.P + suffix: value})

tests/study/test_domain_consumers.py:141: 
_ _ _ _ _ _ _ _ _ _ _ _ _ _ _ _ _ _ _ _ _ _ _ _ _ _ _ _ _ _ _ _ _ _ _ _ _ _ _ _ 
exploration/stellarator_e2e/studies/oracle_entry.py:883: in evaluate
    result = _compute(_oracle_overrides(point))
             ^^^^^^^^^^^^^^^^^^^^^^^^^^^^^^^^^^
exploration/stellarator_e2e/studies/oracle_entry.py:870: in _compute
    return vs.compute()
           ^^^^^^^^^^^^
exploration/stellarator_e2e/verify_stellaris.py:1078: in compute
    current_sizing = _current_driven_sizing(p, B_peak, grade['j_wp_effective'])
                     ^^^^^^^^^^^^^^^^^^^^^^^^^^^^^^^^^^^^^^^^^^^^^^^^^^^^^^^^^^
exploration/stellarator_e2e/verify_stellaris.py:841: in _current_driven_sizing
    capacity = _conductor_current(p, field, 1.0, 1.0)['tape_critical_current']
               ^^^^^^^^^^^^^^^^^^^^^^^^^^^^^^^^^^^^^^
_ _ _ _ _ _ _ _ _ _ _ _ _ _ _ _ _ _ _ _ _ _ _ _ _ _ _ _ _ _ _ _ _ _ _ _ _ _ _ _ 

p = {'E_fus': 2.817e-12, 'G_stock': 0.0, 'R': 12.7, 'R_ref_divertor': 12.7, ...}
field = 24.899999999999995, tape_length = 1.0, conductor_length = 1.0

    def _conductor_current(p, field, tape_length, conductor_length):
        """Independent absolute-current estimate; continuous inventory counts, amperes.
    
        The material reference is fixed at 4 mm, 20 K, 20 T and 56 micrometres.
        The field exponent is source-derived independently of the sizing envelope.
        """
        facts = {key: p['magnet_' + key] for key in (
            'reference_tape_current', 'material_factor', 'orientation_factor',
            'cabling_factor', 'degradation_factor', 'sharing_factor',
            'allowable_fraction', 'allow_field_extrapolation', 'tape_width',
            'tape_thickness', 'f_set', 'f_wp_vol', 'turn_current')}
        facts.update(field=field, temperature=p['T_cold_cryo'],
                     tape_length=tape_length, conductor_length=conductor_length)
        for key, value in facts.items():
            if not math.isfinite(value) or (value <= 0 and key != 'allow_field_extrapolation'):
                raise ValueError('oracle conductor current: invalid ' + key)
        if facts['temperature'] != 20 or facts['tape_thickness'] != 0.000056:
>           raise ValueError('oracle conductor current: unsupported temperature/construction')
E           ValueError: oracle conductor current: unsupported temperature/construction

exploration/stellarator_e2e/verify_stellaris.py:915: ValueError

During handling of the above exception, another exception occurred:

suffix = 'cryoplant__T_cold_cryo', value = 301.0, message = '0 < T_cold < T_amb'

    @pytest.mark.parametrize("suffix,value,message", [
        # WI-057 (2026-09-13): the entry keys carry their part's path (plasma, coil, cryoplant).
        ("plasma__R", 3.0, "live magnet clearance"),
        ("plasma__R", COIL_RADIUS, "live magnet clearance"),
        ("magnet__coil__R_ref", COIL_RADIUS, "reference magnet clearance"),
        ("magnet__coil__a_coil_ref", 13.0, "reference magnet clearance"),
        ("cryoplant__T_cold_cryo", 0.0, "0 < T_cold < T_amb"),
        ("cryoplant__T_cold_cryo", 300.0, "0 < T_cold < T_amb"),
        ("cryoplant__T_cold_cryo", 301.0, "0 < T_cold < T_amb"),
    ])
    def test_supported_adapter_inputs_propagate_deliberate_domain_error(suffix, value, message):
>       with pytest.raises(ValueError, match=message):
E       AssertionError: Regex pattern did not match.
E         Expected regex: '0 < T_cold < T_amb'
E         Actual message: 'oracle conductor current: unsupported temperature/construction'

tests/study/test_domain_consumers.py:140: AssertionError
______ test_valid_outputs_exactly_preserved_and_physical_identities[row0] ______

row = {'outputs': {'A': 9.769230769230768, 'B_axis': 8.999999999999998, 'B_peak': 24.899999999999995, 'T_e0': 15.400000000000002, ...}, 'overrides': {}}

    @pytest.mark.parametrize("row", BEFORE["controls"])
    def test_valid_outputs_exactly_preserved_and_physical_identities(row):
        overrides = wi058_overrides(row)
        if overrides.get('T_cold_cryo', 20.) != 20.:
            # WI-062 adds the narrower material-temperature domain to the full plant.
            with pytest.raises(ValueError, match='unsupported temperature/construction'):
                oracle._compute(overrides)
            return
        result = oracle._compute(overrides)
        expected, changed = wi040_expected(row)
        added = {k for k,v in oracle.ORACLE_OUTPUT_TO_CHANNEL.items() if v in WI062_CHANNELS | WI063_CHANNELS}
>       assert result.keys() == expected.keys() | added
E       AssertionError: assert dict_keys(['c...ff_required']) == {'A', 'B_axis... 'W_mag', ...}
E         
E         Use -v to get more diff

tests/study/test_domain_consumers.py:155: AssertionError
______ test_valid_outputs_exactly_preserved_and_physical_identities[row1] ______

row = {'outputs': {'A': 10.769230769230768, 'B_axis': 8.164285714285713, 'B_peak': 21.916589861751145, 'T_e0': 15.400000000000002, ...}, 'overrides': {'R': 14.0}}

    @pytest.mark.parametrize("row", BEFORE["controls"])
    def test_valid_outputs_exactly_preserved_and_physical_identities(row):
        overrides = wi058_overrides(row)
        if overrides.get('T_cold_cryo', 20.) != 20.:
            # WI-062 adds the narrower material-temperature domain to the full plant.
            with pytest.raises(ValueError, match='unsupported temperature/construction'):
                oracle._compute(overrides)
            return
        result = oracle._compute(overrides)
        expected, changed = wi040_expected(row)
        added = {k for k,v in oracle.ORACLE_OUTPUT_TO_CHANNEL.items() if v in WI062_CHANNELS | WI063_CHANNELS}
>       assert result.keys() == expected.keys() | added
E       AssertionError: assert dict_keys(['c...ff_required']) == {'A', 'B_axis... 'W_mag', ...}
E         
E         Use -v to get more diff

tests/study/test_domain_consumers.py:155: AssertionError
______ test_valid_outputs_exactly_preserved_and_physical_identities[row3] ______

row = {'outputs': {'A': 9.769230769230768, 'B_axis': 8.999999999999998, 'B_peak': 24.899999999999995, 'T_e0': 15.400000000000002, ...}, 'overrides': {'p_cryo_direct': 2.0, 'p_fixed_cryo': 0.0, 'q_nuc_cryo': 0.0}}

    @pytest.mark.parametrize("row", BEFORE["controls"])
    def test_valid_outputs_exactly_preserved_and_physical_identities(row):
        overrides = wi058_overrides(row)
        if overrides.get('T_cold_cryo', 20.) != 20.:
            # WI-062 adds the narrower material-temperature domain to the full plant.
            with pytest.raises(ValueError, match='unsupported temperature/construction'):
                oracle._compute(overrides)
            return
        result = oracle._compute(overrides)
        expected, changed = wi040_expected(row)
        added = {k for k,v in oracle.ORACLE_OUTPUT_TO_CHANNEL.items() if v in WI062_CHANNELS | WI063_CHANNELS}
>       assert result.keys() == expected.keys() | added
E       AssertionError: assert dict_keys(['c...ff_required']) == {'A', 'B_axis... 'W_mag', ...}
E         
E         Use -v to get more diff

tests/study/test_domain_consumers.py:155: AssertionError
______________ test_adapter_contract_and_ambient_limit_preserved _______________

    def test_adapter_contract_and_ambient_limit_preserved():
        from tests.models.current_mfe_regressions import (WI040_PARAMETERS, WI040_CHANNELS, WI038_PARAMETERS,
                                                          WI058_PARAMETERS, WI058_RETIRED)
        old_inputs = renamed_keys(BEFORE['input_mapping'])
        # WI-058 (2026-09-14): the seam maps c_coil_ref in place of the retired k_coil; the count stays 118.
        assert WI058_RETIRED <= old_inputs.keys()
        old_inputs = {k: v for k, v in old_inputs.items() if k not in WI058_RETIRED}
>       assert {k: v for k, v in oracle.ENTRY_KEY_TO_ORACLE_INPUT.items() if k not in WI040_PARAMETERS | WI038_PARAMETERS | WI058_PARAMETERS | WI059_PARAMETERS | WI059_EXISTING_MAPPED_PARAMETERS | WI060_PARAMETERS | WI061_MAPPED_PARAMETERS | WI062_PARAMETERS | WI063_PARAMETERS} == old_inputs
E       AssertionError: assert {'stellarator...e_limit', ...} == {'stellarator..._direct', ...}
E         
E         Omitting 96 identical items, use -vv to show
E         Left contains 197 more items:
E         {'stellarator_09__stellaris__blanket__blanket_t': 'blanket_t',
E          'stellarator_09__stellaris__blanket__first_wall__firstwall_t': 'firstwall_t',
E          'stellarator_09__stellaris__blanket__first_wall__fluence_limit': 'fluence_limit',
E          'stellarator_09__stellaris__blanket__first_wall__vacuum_t': 'vacuum_t',...
E         
E         ...Full output truncated (197 lines hidden), use '-vv' to show

tests/study/test_domain_consumers.py:184: AssertionError
_____________________ test_current_rate_route_and_coverage _____________________

tmp_path = PosixPath('/tmp/pytest-of-reid/pytest-12975/test_current_rate_route_and_co0')
stock_simkit_path = PosixPath('/home/reid/1cfe/teax/packages/teax-simkit')

    def test_current_rate_route_and_coverage(tmp_path, stock_simkit_path):
        rates = [.07, .02, .02-1e-12, .02+1e-12, 0.] + [sign*magnitude for magnitude in (1e-4, 1e-8, 1e-12, 1e-16, 1e-18) for sign in (-1, 1)]
        proposals = [{route.P+'availability_direct': held, route.P+'discount_rate': rate}
                     for held in (0., .85) for rate in rates]
        cases, _ = route.run_points('finance-current-contract', proposals, tmp_path / 'route')
        assert len(cases) == len(proposals)
        inputs = {}
        for path in (route.PACKAGE_DIR/'inputs').glob('*.json'):
            inputs.update(json.loads(path.read_text()))
>       assert len(inputs) == 265 + len(WI059_PARAMETERS | WI059_NATIVE_ONLY_PARAMETERS | WI060_PARAMETERS)  # WI-038 adds two explicitly mapped grade inputs.
        ^^^^^^^^^^^^^^^^^^^^^^^^^^^^^^^^^^^^^^^^^^^^^^^^^^^^^^^^^^^^^^^^^^^^^^^^^^^^^^^^^^^^^^^^^^^^^^^^^^^
E       AssertionError: assert 490 == (265 + 27)
E        +  where 490 = len({'stellarator_09__stellaris__aux_per_mw': 1100.0, 'stellarator_09__stellaris__availability_direct': 0.0, 'stellarator_09__stellaris__beta_limit': 0.05, 'stellarator_09__stellaris__blanket__blanket_cost__alpha': 0.6, ...})
E        +  and   27 = len((({'stellarator_09__stellaris__cryoplant__L0', 'stellarator_09__stellaris__cryoplant__T_shield', 'stellarator_09__stella...arnot_shield', 'stellarator_09__stellaris__cryoplant__f_lead', 'stellarator_09__stellaris__cryoplant__g_per_coil', ...} | {'stellarator_09__stellaris__cryoplant__cryo_elec__f_uplift', 'stellarator_09__stellaris__cryoplant__cryo_elec__q_nuc', 'stellarator_09__stellaris__cryoplant__cryo_elec__vol_cold'}) | {'stellarator_09__stellaris__magnet__winding_pack__tape_price_per_m', 'stellarator_09__stellaris__magnet__winding_pack__tape_thickness', 'stellarator_09__stellaris__magnet__winding_pack__tape_width'}))

tests/study/test_financial_consumers.py:99: AssertionError
_____________________________ test_fixture_binding _____________________________

real_package_path = PosixPath('/home/reid/1cfe/fusion-tea/exploration/stellarator_e2e/pkg/stellarator_tea')

    def test_fixture_binding(real_package_path):
        """Fixtures are bound to the fingerprint they were derived against (spec)."""
        live = manifest.read_semantic_fingerprint(real_package_path)
>       assert live == EXPECTED_SEMANTIC_FINGERPRINT, (
            "package regenerated — re-derive the expectation files from the new package, "
            "never patch them to match"
        )
E       AssertionError: package regenerated — re-derive the expectation files from the new package, never patch them to match
E       assert 'ea1555ea133d...454b626d3a28a' == '8ea7a4c35345...cfea26c0120e0'
E         
E         - 8ea7a4c353455698deaa1026d3d3d547d572e08c6ceb58c2bb9cfea26c0120e0
E         + ea1555ea133db8ed7ba1c638b29ddf540ba99d811bfcf7d9ef9454b626d3a28a

tests/study/test_known_answers.py:156: AssertionError
____________________ test_known_answer[availability_direct] ____________________

axis = 'availability_direct'
report = {'axis_declaration': {'digest': '6794e8b4d3a643d45cf8bfb499e82ada37de3940f9b31c93a4f2cbcbdd92609b', 'groups_declared':...me-quantity identity across differing key names', 'intra-module operand dependency (the trace is module-level)']}, ...}

    @pytest.mark.parametrize("axis", CASES)
    def test_known_answer(axis, report):
        """Field for field: operand class per reached operand, operator, bound_vs_bound,
        both objective lists, sibling candidates, and the module/channel counts."""
        got = group_by_axis(report, axis)
        expected = json.loads((DATA_DIR / f"{axis}.expected.json").read_text())["group"]
>       assert got == expected
E       assert {'axis': 'ava....}, ...], ...} == {'axis': 'ava....}, ...], ...}
E         
E         Omitting 6 identical items, use -vv to show
E         Differing items:
E         {'no_constraint_response': False} != {'no_constraint_response': True}
E         {'constraints_reachable': [{'bound_vs_bound': False, 'constraint_id': 'stellarator_09__stellaris__facility_capacity_ok..., 'definition_qualified_name': "mfe_tritium_breeding::'Computed TBR Adequacy'", 'operand_classes': ['computed'], ...}]} != {'constraints_reachable': []}
E         {'bounds': [{'bound_vs_bound': False, 'constraint_id': 'stellarator_09__stellaris__beta_ok__82b78aad420730d5', 'defini...finition_qualified_name': "mfe_facilities::'Facility N...
E         
E         ...Full output truncated (6 lines hidden), use '-vv' to show

tests/study/test_known_answers.py:174: AssertionError
_______________________ test_known_answer[interest_rate] _______________________

axis = 'interest_rate'
report = {'axis_declaration': {'digest': '6794e8b4d3a643d45cf8bfb499e82ada37de3940f9b31c93a4f2cbcbdd92609b', 'groups_declared':...me-quantity identity across differing key names', 'intra-module operand dependency (the trace is module-level)']}, ...}

    @pytest.mark.parametrize("axis", CASES)
    def test_known_answer(axis, report):
        """Field for field: operand class per reached operand, operator, bound_vs_bound,
        both objective lists, sibling candidates, and the module/channel counts."""
        got = group_by_axis(report, axis)
        expected = json.loads((DATA_DIR / f"{axis}.expected.json").read_text())["group"]
>       assert got == expected
E       assert {'axis': 'int....}, ...], ...} == {'axis': 'int....}, ...], ...}
E         
E         Omitting 6 identical items, use -vv to show
E         Differing items:
E         {'no_constraint_response': False} != {'no_constraint_response': True}
E         {'constraints_reachable': [{'bound_vs_bound': False, 'constraint_id': 'stellarator_09__stellaris__facility_capacity_ok...667a', 'definition_qualified_name': "mfe_viability::'Net Power Positive'", 'operand_classes': ['computed'], ...}, ...]} != {'constraints_reachable': []}
E         {'bounds': [{'bound_vs_bound': False, 'constraint_id': 'stellarator_09__stellaris__beta_ok__82b78aad420730d5', 'defini...finition_qualified_name': "mfe_facilities::'Facility N...
E         
E         ...Full output truncated (6 lines hidden), use '-vv' to show

tests/study/test_known_answers.py:174: AssertionError
_____________________________ test_known_answer[R] _____________________________

axis = 'R'
report = {'axis_declaration': {'digest': '6794e8b4d3a643d45cf8bfb499e82ada37de3940f9b31c93a4f2cbcbdd92609b', 'groups_declared':...me-quantity identity across differing key names', 'intra-module operand dependency (the trace is module-level)']}, ...}

    @pytest.mark.parametrize("axis", CASES)
    def test_known_answer(axis, report):
        """Field for field: operand class per reached operand, operator, bound_vs_bound,
        both objective lists, sibling candidates, and the module/channel counts."""
        got = group_by_axis(report, axis)
        expected = json.loads((DATA_DIR / f"{axis}.expected.json").read_text())["group"]
>       assert got == expected
E       assert {'axis': 'R',...], ...}], ...} == {'axis': 'R',...], ...}], ...}
E         
E         Omitting 9 identical items, use -vv to show
E         Differing items:
E         {'constraints_unreachable': [{'bound_vs_bound': True, 'constraint_id': 'stellarator_09__stellaris__heating_couple_posi...6f', 'definition_qualified_name': "mfe_heating_chain::'Heating Efficiency Upper'", 'operand_classes': ['bound'], ...}]} != {'constraints_unreachable': [{'bound_vs_bound': True, 'constraint_id': 'stellarator_09__stellaris__heating_couple_posi..._ok__2cd198f674d413e4', 'definition_qualified_name': "mfe_viability::'TBR Floor'", 'operand_classes': ['bound'], ...}]}
E         {'constraints_reachable': [{'boun...
E         
E         ...Full output truncated (4 lines hidden), use '-vv' to show

tests/study/test_known_answers.py:174: AssertionError
_____________________________ test_known_answer[a] _____________________________

axis = 'a'
report = {'axis_declaration': {'digest': '6794e8b4d3a643d45cf8bfb499e82ada37de3940f9b31c93a4f2cbcbdd92609b', 'groups_declared':...me-quantity identity across differing key names', 'intra-module operand dependency (the trace is module-level)']}, ...}

    @pytest.mark.parametrize("axis", CASES)
    def test_known_answer(axis, report):
        """Field for field: operand class per reached operand, operator, bound_vs_bound,
        both objective lists, sibling candidates, and the module/channel counts."""
        got = group_by_axis(report, axis)
        expected = json.loads((DATA_DIR / f"{axis}.expected.json").read_text())["group"]
>       assert got == expected
E       assert {'axis': 'a',...], ...}], ...} == {'axis': 'a',...], ...}], ...}
E         
E         Omitting 9 identical items, use -vv to show
E         Differing items:
E         {'constraints_unreachable': [{'bound_vs_bound': True, 'constraint_id': 'stellarator_09__stellaris__heating_couple_posi...6f', 'definition_qualified_name': "mfe_heating_chain::'Heating Efficiency Upper'", 'operand_classes': ['bound'], ...}]} != {'constraints_unreachable': [{'bound_vs_bound': True, 'constraint_id': 'stellarator_09__stellaris__heating_couple_posi..._ok__2cd198f674d413e4', 'definition_qualified_name': "mfe_viability::'TBR Floor'", 'operand_classes': ['bound'], ...}]}
E         {'constraints_reachable': [{'boun...
E         
E         ...Full output truncated (4 lines hidden), use '-vv' to show

tests/study/test_known_answers.py:174: AssertionError
__________________________ test_known_answer[I_coil] ___________________________

axis = 'I_coil'
report = {'axis_declaration': {'digest': '6794e8b4d3a643d45cf8bfb499e82ada37de3940f9b31c93a4f2cbcbdd92609b', 'groups_declared':...me-quantity identity across differing key names', 'intra-module operand dependency (the trace is module-level)']}, ...}

    @pytest.mark.parametrize("axis", CASES)
    def test_known_answer(axis, report):
        """Field for field: operand class per reached operand, operator, bound_vs_bound,
        both objective lists, sibling candidates, and the module/channel counts."""
        got = group_by_axis(report, axis)
        expected = json.loads((DATA_DIR / f"{axis}.expected.json").read_text())["group"]
>       assert got == expected
E       assert {'axis': 'I_c...], ...}], ...} == {'axis': 'I_c...], ...}], ...}
E         
E         Omitting 9 identical items, use -vv to show
E         Differing items:
E         {'constraints_unreachable': [{'bound_vs_bound': True, 'constraint_id': 'stellarator_09__stellaris__heating_couple_posi...6f', 'definition_qualified_name': "mfe_heating_chain::'Heating Efficiency Upper'", 'operand_classes': ['bound'], ...}]} != {'constraints_unreachable': [{'bound_vs_bound': True, 'constraint_id': 'stellarator_09__stellaris__heating_couple_posi..._ok__2cd198f674d413e4', 'definition_qualified_name': "mfe_viability::'TBR Floor'", 'operand_classes': ['bound'], ...}]}
E         {'constraints_reachable': [{'boun...
E         
E         ...Full output truncated (4 lines hidden), use '-vv' to show

tests/study/test_known_answers.py:174: AssertionError
________ test_matches_the_item_1_fixture_contract[availability_direct] _________

axis = 'availability_direct'
report = {'axis_declaration': {'digest': '6794e8b4d3a643d45cf8bfb499e82ada37de3940f9b31c93a4f2cbcbdd92609b', 'groups_declared':...me-quantity identity across differing key names', 'intra-module operand dependency (the trace is module-level)']}, ...}

    @pytest.mark.parametrize("axis", CASES)
    def test_matches_the_item_1_fixture_contract(axis, report):
        no_response, constraints, objectives, fired, tainted = FIXTURE_CONTRACT[axis]
        group = group_by_axis(report, axis)
        assert group["group_valid"] is True
>       assert group["no_constraint_response"] is no_response
E       assert False is True

tests/study/test_known_answers.py:182: AssertionError
___________ test_matches_the_item_1_fixture_contract[interest_rate] ____________

axis = 'interest_rate'
report = {'axis_declaration': {'digest': '6794e8b4d3a643d45cf8bfb499e82ada37de3940f9b31c93a4f2cbcbdd92609b', 'groups_declared':...me-quantity identity across differing key names', 'intra-module operand dependency (the trace is module-level)']}, ...}

    @pytest.mark.parametrize("axis", CASES)
    def test_matches_the_item_1_fixture_contract(axis, report):
        no_response, constraints, objectives, fired, tainted = FIXTURE_CONTRACT[axis]
        group = group_by_axis(report, axis)
        assert group["group_valid"] is True
>       assert group["no_constraint_response"] is no_response
E       assert False is True

tests/study/test_known_answers.py:182: AssertionError
_________________ test_matches_the_item_1_fixture_contract[R] __________________

axis = 'R'
report = {'axis_declaration': {'digest': '6794e8b4d3a643d45cf8bfb499e82ada37de3940f9b31c93a4f2cbcbdd92609b', 'groups_declared':...me-quantity identity across differing key names', 'intra-module operand dependency (the trace is module-level)']}, ...}

    @pytest.mark.parametrize("axis", CASES)
    def test_matches_the_item_1_fixture_contract(axis, report):
        no_response, constraints, objectives, fired, tainted = FIXTURE_CONTRACT[axis]
        group = group_by_axis(report, axis)
        assert group["group_valid"] is True
        assert group["no_constraint_response"] is no_response
>       assert sorted(c["source_local_identity"] for c in group["constraints_reachable"]) == constraints
E       AssertionError: assert ['beta_ok', '...city_ok', ...] == ['beta_ok', '...city_ok', ...]
E         
E         At index 5 diff: 'facility_capacity_ok' != 'loop_capacity_ok'
E         Left contains 6 more items, first extra item: 'reference_conductor_current_ok'
E         Use -v to get more diff

tests/study/test_known_answers.py:183: AssertionError
_________________ test_matches_the_item_1_fixture_contract[a] __________________

axis = 'a'
report = {'axis_declaration': {'digest': '6794e8b4d3a643d45cf8bfb499e82ada37de3940f9b31c93a4f2cbcbdd92609b', 'groups_declared':...me-quantity identity across differing key names', 'intra-module operand dependency (the trace is module-level)']}, ...}

    @pytest.mark.parametrize("axis", CASES)
    def test_matches_the_item_1_fixture_contract(axis, report):
        no_response, constraints, objectives, fired, tainted = FIXTURE_CONTRACT[axis]
        group = group_by_axis(report, axis)
        assert group["group_valid"] is True
        assert group["no_constraint_response"] is no_response
>       assert sorted(c["source_local_identity"] for c in group["constraints_reachable"]) == constraints
E       AssertionError: assert ['beta_ok', '...city_ok', ...] == ['beta_ok', '...city_ok', ...]
E         
E         At index 5 diff: 'facility_capacity_ok' != 'loop_capacity_ok'
E         Left contains 6 more items, first extra item: 'reference_conductor_current_ok'
E         Use -v to get more diff

tests/study/test_known_answers.py:183: AssertionError
_______________ test_matches_the_item_1_fixture_contract[I_coil] _______________

axis = 'I_coil'
report = {'axis_declaration': {'digest': '6794e8b4d3a643d45cf8bfb499e82ada37de3940f9b31c93a4f2cbcbdd92609b', 'groups_declared':...me-quantity identity across differing key names', 'intra-module operand dependency (the trace is module-level)']}, ...}

    @pytest.mark.parametrize("axis", CASES)
    def test_matches_the_item_1_fixture_contract(axis, report):
        no_response, constraints, objectives, fired, tainted = FIXTURE_CONTRACT[axis]
        group = group_by_axis(report, axis)
        assert group["group_valid"] is True
        assert group["no_constraint_response"] is no_response
>       assert sorted(c["source_local_identity"] for c in group["constraints_reachable"]) == constraints
E       AssertionError: assert ['beta_ok', '...city_ok', ...] == ['beta_ok', '...city_ok', ...]
E         
E         At index 5 diff: 'facility_capacity_ok' != 'loop_capacity_ok'
E         Left contains 6 more items, first extra item: 'reference_conductor_current_ok'
E         Use -v to get more diff

tests/study/test_known_answers.py:183: AssertionError
________________ test_availability_direct_reaches_no_constraint ________________

report = {'axis_declaration': {'digest': '6794e8b4d3a643d45cf8bfb499e82ada37de3940f9b31c93a4f2cbcbdd92609b', 'groups_declared':...me-quantity identity across differing key names', 'intra-module operand dependency (the trace is module-level)']}, ...}

    def test_availability_direct_reaches_no_constraint(report):
        """The original finding, now mechanical: the availability sweep that ran to
        completion could not have been a design search, because nothing constrains it.
    
        WI-046 (goal plant-closure round 1, 2026-09-08): the lever is now the lifecycle
        calendar's held-mode switch `availability_direct`. Every nonzero value selects the
        retired periodic chain at that availability, so the sweep's response is the old one
        and still reaches no constraint; the live chain's response to design lives on the
        wall-load axes (`a`, `R`, `I_coil`), which now reach the eleven calendar channels."""
        group = group_by_axis(report, "availability_direct")
>       assert group["no_constraint_response"] is True
E       assert False is True

tests/study/test_known_answers.py:199: AssertionError
___________ test_I_coil_reaches_the_field_constraints_through_calcs ____________

report = {'axis_declaration': {'digest': '6794e8b4d3a643d45cf8bfb499e82ada37de3940f9b31c93a4f2cbcbdd92609b', 'groups_declared':...me-quantity identity across differing key names', 'intra-module operand dependency (the trace is module-level)']}, ...}

    def test_I_coil_reaches_the_field_constraints_through_calcs(report):
        """WI-035 gave the coil-current lever the field-side constraints (beta_ok,
        peak_field_ok, wp_stress_ok). WI-037 extends its reach through the ISS04
        sustainment chain: B feeds tau_E, the ash/fuel state, and p_aux_required,
        so I_coil now also reaches sustainment_ok and — through the computed fuel —
        the whole fusion-derived chain (net_positive, recirc_ok, wall_load_ok).
        This is the structural close of discovery row 20260823-magnet-technology-ab#4
        ("field is never rewarded"): the field lever finally has a path to fusion
        power. Computed-vs-bound throughout, with two exceptions: net_positive is
        computed vs a literal 0, and since WI-039 sustainment_ok is computed vs
        *computed* — its installed side is the heating chain's coupled power, not the
        held p_input it used to be."""
        group = group_by_axis(report, "I_coil")
        reached = {c["source_local_identity"]: c for c in group["constraints_reachable"]}
        # WI-036 adds cond_strain_ok: the winding-pack sizing chain runs off I_coil,
        # so the conductor's own check is reached by the same lever that reaches the
        # structure's -- the conductor is not left unchecked by the field sweep.
        # WI-043 adds burn_hold_ok: the lower half of the sustainment condition reads the
        # same computed operand, so every lever that reaches sustainment_ok reaches it.
        # WI-045 (goal plant-closure, 2026-09-08) adds the two loop fences and the cycle
        # domain fence: the reactor source heat sizes the loop's flow from the fusion power,
        # so every lever that reaches fusion reaches loop_pressure_ok, loop_capacity_ok and
        # cycle_domain_ok (the cycle reads the loop's outlet).
        # WI-047 (goal plant-closure, 2026-09-08) adds divertor_heat_ok: the ledger's absorbed
        # heating is the sustainment chain's alpha heating plus the coupled heating, so every
        # lever that reaches the sustainment chain reaches the computed target peak.
>       assert set(reached) == {
            "beta_ok", "peak_field_ok", "wp_stress_ok", "cond_strain_ok",
            "sustainment_ok", "net_positive", "recirc_ok", "wall_load_ok",
            "burn_hold_ok", "loop_pressure_ok", "loop_capacity_ok", "cycle_domain_ok",
            "divertor_heat_ok", "wp_fit_ok", "reference_conductor_current_ok",
        }
E       AssertionError: assert {'beta_ok', '...city_ok', ...} == {'beta_ok', '...city_ok', ...}
E         
E         Extra items in the left set:
E         'tbr_ok'
E         'facility_capacity_ok'
E         'facility_routes_ok'
E         'facility_replacement_ready'
E         'facility_outage_ok'
E         'facility_initial_ready'
E         Use -v to get more diff

tests/study/test_known_answers.py:230: AssertionError
______________________ test_current_heating_reachability _______________________

real_package_path = PosixPath('/home/reid/1cfe/fusion-tea/exploration/stellarator_e2e/pkg/stellarator_tea')
real_manifest_path = PosixPath('/home/reid/1cfe/fusion-tea/exploration/stellarator_e2e/studies/manifest.json')
tmp_path = PosixPath('/tmp/pytest-of-reid/pytest-12975/test_current_heating_reachabil0')

    def test_current_heating_reachability(real_package_path, real_manifest_path, tmp_path):
        """Module reachability distinguishes installed reserve from operating demand."""
        axes = tmp_path / "heating-axes.json"
        names = ["p_wallplug_heat", "eta_source_heat", "eta_couple_heat"]
        axes.write_text(json.dumps({"schema_version": "study-axis-declaration/v1", "groups": [
            {"axis": name, "keys": [
                {"key": f"stellarator_09__stellaris__heating__{name}", "provenance": "fan_out"}  # WI-057 (2026-09-13): the key carries its part's path
            ]}
            for name in names
        ]}))
        doc = run_tool(real_package_path, real_manifest_path, axes)
        reserve = group_by_axis(doc, "p_wallplug_heat")
        assert {c["source_local_identity"] for c in reserve["constraints_reachable"]} == {
            "sustainment_ok", "divertor_heat_ok"
        }
>       assert reserve["trace_size"] == {"modules_fired": 21, "channels_tainted": 40}
E       AssertionError: assert {'channels_ta...es_fired': 22} == {'channels_ta...es_fired': 21}
E         
E         Differing items:
E         {'modules_fired': 22} != {'modules_fired': 21}
E         {'channels_tainted': 44} != {'channels_tainted': 40}
E         Use -v to get more diff

tests/study/test_known_answers.py:313: AssertionError
_____________ test_the_corrupt_line_carries_file_line_and_key_path _____________

real_copy = PackageCopy(path=PosixPath('/tmp/pytest-of-reid/pytest-12975/test_the_corrupt_line_carries_0/copy0/pkg'), manifest=Pos...y0/manifest.json'), axes=PosixPath('/tmp/pytest-of-reid/pytest-12975/test_the_corrupt_line_carries_0/copy0/axes.json'))
tmp_path = PosixPath('/tmp/pytest-of-reid/pytest-12975/test_the_corrupt_line_carries_0')

    def test_the_corrupt_line_carries_file_line_and_key_path(real_copy, tmp_path):
        corrupt_pipeline_line(real_copy)
        _, _, err = real_copy.run(out=tmp_path / "c.json")
        fault_line = next(
            i for i, line in enumerate((real_copy.path / PIPELINE).read_text().splitlines(), 1)
            if "R_in: floatonly_one_token" in line
        )
        assert f"pipeline.yaml:{fault_line}" in err
>       assert "key path modules.stellarator_09__stellaris__plasma__geom.inputs.R_in" in err  # WI-057: the mutated line is geom's (the plasma's template calc)
        ^^^^^^^^^^^^^^^^^^^^^^^^^^^^^^^^^^^^^^^^^^^^^^^^^^^^^^^^^^^^^^^^^^^^^^^^^^^^^^^^^^^^
E       assert 'key path modules.stellarator_09__stellaris__plasma__geom.inputs.R_in' in "../../../../tmp/pytest-of-reid/pytest-12975/test_the_corrupt_line_carries_0/copy0/pkg/pipelines/pipeline.yaml:55 (key path modules.stellarator_09__stellaris__blanket__breeding.inputs.R_in): cannot split type/ref in 'floatonly_one_token'\n"

tests/study/test_mechanical_failures.py:136: AssertionError
_ test_native_publication_preserves_values_and_case_identity[20260911-model-owned-radius] _

study_id = '20260911-model-owned-radius'
tmp_path = PosixPath('/tmp/pytest-of-reid/pytest-12975/test_native_publication_preser0')

    @pytest.mark.parametrize("study_id", NATIVE)
    def test_native_publication_preserves_values_and_case_identity(study_id, tmp_path):
        data = cases()
>       output = publication(study_id, data, tmp_path)
                 ^^^^^^^^^^^^^^^^^^^^^^^^^^^^^^^^^^^^^

tests/study/test_native_publication.py:63: 
_ _ _ _ _ _ _ _ _ _ _ _ _ _ _ _ _ _ _ _ _ _ _ _ _ _ _ _ _ _ _ _ _ _ _ _ _ _ _ _ 
tests/study/test_native_publication.py:45: in publication
    exec(code, namespace)
_ _ _ _ _ _ _ _ _ _ _ _ _ _ _ _ _ _ _ _ _ _ _ _ _ _ _ _ _ _ _ _ _ _ _ _ _ _ _ _ 

    """Run one native study; export complete evidence before verification."""
    import json,sys,dataclasses
    from pathlib import Path
>   from collections.abc import Mapping
               ^^^^^^^^^^^^^^^^^^^
E   AssertionError

exploration/stellarator_e2e/studies/20260911-model-owned-radius/execution/execute.py:4: AssertionError
_ test_native_publication_refuses_before_replacing_evidence[absent-20260911-model-owned-radius] _

study_id = '20260911-model-owned-radius', bad = 'absent'
tmp_path = PosixPath('/tmp/pytest-of-reid/pytest-12975/test_native_publication_refuse0')

    @pytest.mark.parametrize("study_id", NATIVE)
    @pytest.mark.parametrize("bad", ["absent", None, float("nan")], ids=["absent", "null", "nan"])
    def test_native_publication_refuses_before_replacing_evidence(study_id, bad, tmp_path):
        data = cases()
        if bad == "absent":
            del data[1].outputs["required"]
        else:
            data[1].outputs["required"] = bad
        previous = b"previous evidence\n"
        for name in ("native-points.csv", "points.csv", "cases.json"):
            (tmp_path / name).write_bytes(previous)
        with pytest.raises(route.RouteError, match="required"):
>           publication(study_id, data, tmp_path)

tests/study/test_native_publication.py:82: 
_ _ _ _ _ _ _ _ _ _ _ _ _ _ _ _ _ _ _ _ _ _ _ _ _ _ _ _ _ _ _ _ _ _ _ _ _ _ _ _ 
tests/study/test_native_publication.py:45: in publication
    exec(code, namespace)
_ _ _ _ _ _ _ _ _ _ _ _ _ _ _ _ _ _ _ _ _ _ _ _ _ _ _ _ _ _ _ _ _ _ _ _ _ _ _ _ 

    """Run one native study; export complete evidence before verification."""
    import json,sys,dataclasses
    from pathlib import Path
>   from collections.abc import Mapping
               ^^^^^^^^^^^^^^^^^^^
E   AssertionError

exploration/stellarator_e2e/studies/20260911-model-owned-radius/execution/execute.py:4: AssertionError
_ test_native_publication_refuses_before_replacing_evidence[null-20260911-model-owned-radius] _

study_id = '20260911-model-owned-radius', bad = None
tmp_path = PosixPath('/tmp/pytest-of-reid/pytest-12975/test_native_publication_refuse3')

    @pytest.mark.parametrize("study_id", NATIVE)
    @pytest.mark.parametrize("bad", ["absent", None, float("nan")], ids=["absent", "null", "nan"])
    def test_native_publication_refuses_before_replacing_evidence(study_id, bad, tmp_path):
        data = cases()
        if bad == "absent":
            del data[1].outputs["required"]
        else:
            data[1].outputs["required"] = bad
        previous = b"previous evidence\n"
        for name in ("native-points.csv", "points.csv", "cases.json"):
            (tmp_path / name).write_bytes(previous)
        with pytest.raises(route.RouteError, match="required"):
>           publication(study_id, data, tmp_path)

tests/study/test_native_publication.py:82: 
_ _ _ _ _ _ _ _ _ _ _ _ _ _ _ _ _ _ _ _ _ _ _ _ _ _ _ _ _ _ _ _ _ _ _ _ _ _ _ _ 
tests/study/test_native_publication.py:45: in publication
    exec(code, namespace)
_ _ _ _ _ _ _ _ _ _ _ _ _ _ _ _ _ _ _ _ _ _ _ _ _ _ _ _ _ _ _ _ _ _ _ _ _ _ _ _ 

    """Run one native study; export complete evidence before verification."""
    import json,sys,dataclasses
    from pathlib import Path
>   from collections.abc import Mapping
               ^^^^^^^^^^^^^^^^^^^
E   AssertionError

exploration/stellarator_e2e/studies/20260911-model-owned-radius/execution/execute.py:4: AssertionError
_ test_native_publication_refuses_before_replacing_evidence[nan-20260911-model-owned-radius] _

study_id = '20260911-model-owned-radius', bad = nan
tmp_path = PosixPath('/tmp/pytest-of-reid/pytest-12975/test_native_publication_refuse6')

    @pytest.mark.parametrize("study_id", NATIVE)
    @pytest.mark.parametrize("bad", ["absent", None, float("nan")], ids=["absent", "null", "nan"])
    def test_native_publication_refuses_before_replacing_evidence(study_id, bad, tmp_path):
        data = cases()
        if bad == "absent":
            del data[1].outputs["required"]
        else:
            data[1].outputs["required"] = bad
        previous = b"previous evidence\n"
        for name in ("native-points.csv", "points.csv", "cases.json"):
            (tmp_path / name).write_bytes(previous)
        with pytest.raises(route.RouteError, match="required"):
>           publication(study_id, data, tmp_path)

tests/study/test_native_publication.py:82: 
_ _ _ _ _ _ _ _ _ _ _ _ _ _ _ _ _ _ _ _ _ _ _ _ _ _ _ _ _ _ _ _ _ _ _ _ _ _ _ _ 
tests/study/test_native_publication.py:45: in publication
    exec(code, namespace)
_ _ _ _ _ _ _ _ _ _ _ _ _ _ _ _ _ _ _ _ _ _ _ _ _ _ _ _ _ _ _ _ _ _ _ _ _ _ _ _ 

    """Run one native study; export complete evidence before verification."""
    import json,sys,dataclasses
    from pathlib import Path
>   from collections.abc import Mapping
               ^^^^^^^^^^^^^^^^^^^
E   AssertionError

exploration/stellarator_e2e/studies/20260911-model-owned-radius/execution/execute.py:4: AssertionError
____________________ test_every_constraint_operand_resolves ____________________

real_package_path = PosixPath('/home/reid/1cfe/fusion-tea/exploration/stellarator_e2e/pkg/stellarator_tea')
oracle_entry = <module 'oracle_entry' from '/home/reid/1cfe/fusion-tea/exploration/stellarator_e2e/studies/oracle_entry.py'>

    def test_every_constraint_operand_resolves(real_package_path, oracle_entry):
        entries = catalog_entries(real_package_path)
>       assert len(entries) == 20
E       AssertionError: assert 25 == 20
E        +  where 25 = len([{'constraint_id': 'stellarator_09__stellaris__wp_stress_ok__f38a102195da1dd0', 'declaration_id': '04c22908-a02e-5b52-...'evaluation_channel': 'stellarator_09__stellaris__heating_couple_positive_ok__697e87be76f504b7__evaluation', ...}, ...])

tests/study/test_operand_bindings.py:98: AssertionError
_________________ test_the_shim_reproduces_the_pinned_headline _________________

oracle_entry = <module 'oracle_entry' from '/home/reid/1cfe/fusion-tea/exploration/stellarator_e2e/studies/oracle_entry.py'>

    def test_the_shim_reproduces_the_pinned_headline(oracle_entry):
        lcoe = oracle_entry.evaluate(BASELINE_POINT)["stellarator_09__stellaris__lcoe_calc__lcoe"]
>       assert abs(lcoe - PINNED_LCOE) / PINNED_LCOE < 1e-9, lcoe
E       AssertionError: 271.58431991729486
E       assert (126.8368886214597 / 144.74743129583516) < 1e-09
E        +  where 126.8368886214597 = abs((271.58431991729486 - 144.74743129583516))

tests/study/test_operand_bindings.py:152: AssertionError
_________________ test_fingerprint_read_set_is_the_three_legs __________________

real_package_path = PosixPath('/home/reid/1cfe/fusion-tea/exploration/stellarator_e2e/pkg/stellarator_tea')

    def test_fingerprint_read_set_is_the_three_legs(real_package_path):
        files = [f["path"] for f in manifest.indicator_input_fingerprint(real_package_path)["files"]]
        assert "pipelines/pipeline.yaml" in files
        assert "contracts/model_contract.json" in files
>       assert sum(1 for p in files if p.startswith("inputs/")) == 10  # WI-059 adds the magnet-cost input group.
        ^^^^^^^^^^^^^^^^^^^^^^^^^^^^^^^^^^^^^^^^^^^^^^^^^^^^^^^^^^^^^
E       assert 11 == 10
E        +  where 11 = sum(<generator object test_fingerprint_read_set_is_the_three_legs.<locals>.<genexpr> at 0x7e460b8d6670>)

tests/study/test_output_contract.py:36: AssertionError
___________ test_valid_full_oracle_outputs_and_heat_accounting[row0] ___________

row = {'outputs': {'A': 9.769230769230768, 'B_axis': 8.999999999999998, 'B_peak': 24.899999999999995, 'T_e0': 15.400000000000002, ...}, 'overrides': {}}

    @pytest.mark.parametrize('row', BEFORE['controls'])
    def test_valid_full_oracle_outputs_and_heat_accounting(row):
        actual = oracle._compute(wi059_replay(row['overrides']))
        # WI-040: independently derive only the additive-account cost increments;
        # all frozen physics and unrelated output values retain exact comparison.
        expected, changed = wi040_expected(row)
>       assert actual.keys() == expected.keys()
E       AssertionError: assert dict_keys(['c...ff_required']) == dict_keys(['V...imum_margin'])
E         
E         Use -v to get more diff

tests/study/test_primary_loop_consumers.py:65: AssertionError
___________ test_valid_full_oracle_outputs_and_heat_accounting[row1] ___________

row = {'outputs': {'A': 9.769230769230768, 'B_axis': 8.999999999999998, 'B_peak': 24.899999999999995, 'T_e0': 15.400000000000002, ...}, 'overrides': {'loop_cp': 10386.0}}

    @pytest.mark.parametrize('row', BEFORE['controls'])
    def test_valid_full_oracle_outputs_and_heat_accounting(row):
        actual = oracle._compute(wi059_replay(row['overrides']))
        # WI-040: independently derive only the additive-account cost increments;
        # all frozen physics and unrelated output values retain exact comparison.
        expected, changed = wi040_expected(row)
>       assert actual.keys() == expected.keys()
E       AssertionError: assert dict_keys(['c...ff_required']) == dict_keys(['V...imum_margin'])
E         
E         Use -v to get more diff

tests/study/test_primary_loop_consumers.py:65: AssertionError
___________ test_valid_full_oracle_outputs_and_heat_accounting[row2] ___________

row = {'outputs': {'A': 9.769230769230768, 'B_axis': 8.999999999999998, 'B_peak': 24.899999999999995, 'T_e0': 15.400000000000002, ...}, 'overrides': {'loop_dT_blanket': 250.0}}

    @pytest.mark.parametrize('row', BEFORE['controls'])
    def test_valid_full_oracle_outputs_and_heat_accounting(row):
        actual = oracle._compute(wi059_replay(row['overrides']))
        # WI-040: independently derive only the additive-account cost increments;
        # all frozen physics and unrelated output values retain exact comparison.
        expected, changed = wi040_expected(row)
>       assert actual.keys() == expected.keys()
E       AssertionError: assert dict_keys(['c...ff_required']) == dict_keys(['V...imum_margin'])
E         
E         Use -v to get more diff

tests/study/test_primary_loop_consumers.py:65: AssertionError
___________ test_valid_full_oracle_outputs_and_heat_accounting[row3] ___________

row = {'outputs': {'A': 9.769230769230768, 'B_axis': 8.999999999999998, 'B_peak': 24.899999999999995, 'T_e0': 15.400000000000002, ...}, 'overrides': {'cycle_live': 0.0, 'eta_p_direct': 0.8, 'eta_th_direct': 0.4, 'loop_live': 0.0, ...}}

    @pytest.mark.parametrize('row', BEFORE['controls'])
    def test_valid_full_oracle_outputs_and_heat_accounting(row):
        actual = oracle._compute(wi059_replay(row['overrides']))
        # WI-040: independently derive only the additive-account cost increments;
        # all frozen physics and unrelated output values retain exact comparison.
        expected, changed = wi040_expected(row)
>       assert actual.keys() == expected.keys()
E       AssertionError: assert dict_keys(['c...ff_required']) == dict_keys(['V...imum_margin'])
E         
E         Use -v to get more diff

tests/study/test_primary_loop_consumers.py:65: AssertionError
_____________________ test_adapter_coverage_remains_exact ______________________

    def test_adapter_coverage_remains_exact():
        old_inputs = renamed_keys(BEFORE['input_mapping'])
        # WI-058 (2026-09-14): the seam maps c_coil_ref in place of the retired k_coil.
        assert WI058_RETIRED <= old_inputs.keys()
        old_inputs = {k: v for k, v in old_inputs.items() if k not in WI058_RETIRED}
>       assert {k: v for k, v in oracle.ENTRY_KEY_TO_ORACLE_INPUT.items() if k not in WI040_PARAMETERS | WI038_PARAMETERS | WI058_PARAMETERS | WI059_PARAMETERS | WI059_EXISTING_MAPPED_PARAMETERS | WI060_PARAMETERS} == old_inputs
E       AssertionError: assert {'stellarator...e_limit', ...} == {'stellarator..._direct', ...}
E         
E         Omitting 96 identical items, use -vv to show
E         Left contains 216 more items:
E         {'stellarator_09__stellaris__blanket__blanket_t': 'blanket_t',
E          'stellarator_09__stellaris__blanket__first_wall__firstwall_t': 'firstwall_t',
E          'stellarator_09__stellaris__blanket__first_wall__fluence_limit': 'fluence_limit',
E          'stellarator_09__stellaris__blanket__first_wall__vacuum_t': 'vacuum_t',...
E         
E         ...Full output truncated (216 lines hidden), use '-vv' to show

tests/study/test_primary_loop_consumers.py:89: AssertionError
_______ test_current_native_primary_route_agrees_with_independent_oracle _______

tmp_path = PosixPath('/tmp/pytest-of-reid/pytest-12975/test_current_native_primary_ro0')
stock_simkit_path = PosixPath('/home/reid/1cfe/teax/packages/teax-simkit')

    def test_current_native_primary_route_agrees_with_independent_oracle(tmp_path, stock_simkit_path):
        import study_route as route
        names = {value: key for key, value in oracle.ENTRY_KEY_TO_ORACLE_INPUT.items()}
        points = [WI059_REPLAY | {names[key]: value for key, value in row['overrides'].items()} for row in BEFORE['controls']]
        cases, _ = route.run_points('primary-loop-consumer-controls', points, tmp_path)
        assert len(cases) == len(points)
        for case in cases:
            assert case.state == 'completed', (dict(case.inputs), case.state)
            expected = oracle.evaluate(case.inputs)
>           assert len(case.outputs) == 177 + len(WI059_CHANNELS) and len(expected) == 161 + len(WI059_CHANNELS)  # WI-038 adds three grade outputs
            ^^^^^^^^^^^^^^^^^^^^^^^^^^^^^^^^^^^^^^^^^^^^^^^^^^^^^^^^^^^^^^^^^^^^^^^^^^^^^^^^^^^^^^^^^^^^^^^^^^^^
E           assert (956 == (177 + 18))
E            +  where 956 = len({'stellarator_09__stellaris__blanket__blanket_cost__cost': 718414154.606785, 'stellarator_09__stellaris__blanket__bree...ding__interpolation_allowance': 0.01, 'stellarator_09__stellaris__blanket__breeding__tbr_li6': 1.1947266274106922, ...})
E            +    where {'stellarator_09__stellaris__blanket__blanket_cost__cost': 718414154.606785, 'stellarator_09__stellaris__blanket__bree...ding__interpolation_allowance': 0.01, 'stellarator_09__stellaris__blanket__breeding__tbr_li6': 1.1947266274106922, ...} = CaseView(candidate_id='primary-loop-consumer-controls:c0000', state='completed', inputs={'stellarator_09__stellaris__b...alue","Base::Anything"]},"schema_version":"expression-ir/v1"}],"operator":"<=","schema_version":"expression-ir/v1"}')}).outputs
E            +  and   18 = len({'stellarator_09__stellaris__cryoplant__cold_load__p_cold', 'stellarator_09__stellaris__cryoplant__cold_load__q_struct...9__stellaris__cryoplant__inventory__p_drive', 'stellarator_09__stellaris__cryoplant__inventory__q_inventory_cold', ...})

tests/study/test_primary_loop_consumers.py:112: AssertionError
__________ test_record_is_closed[20260918-computed-tritium-breeding] ___________

record = PosixPath('/home/reid/1cfe/fusion-tea/exploration/stellarator_e2e/studies/20260918-computed-tritium-breeding')

    @pytest.mark.parametrize("record", RECORDS, ids=lambda p: p.name)
    def test_record_is_closed(record):
        snap = json.loads((record / "snapshot.json").read_text())
        stores = {s["store_id"] for s in snap["stores"]}
        assert all(a["store_id"] in stores for a in snap["arms"])
        assert "<" not in (record / "record.md").read_text()  # no placeholders
        with (record / "results" / "points.csv").open(newline="") as fh:
>           csv_arms = {row["arm_id"] for row in csv.DictReader(fh)}
                        ^^^^^^^^^^^^^
E           KeyError: 'arm_id'

tests/study/test_records.py:28: KeyError
______ test_record_is_closed[20260918-installed-cooling-equipment-costs] _______

record = PosixPath('/home/reid/1cfe/fusion-tea/exploration/stellarator_e2e/studies/20260918-installed-cooling-equipment-costs')

    @pytest.mark.parametrize("record", RECORDS, ids=lambda p: p.name)
    def test_record_is_closed(record):
        snap = json.loads((record / "snapshot.json").read_text())
        stores = {s["store_id"] for s in snap["stores"]}
        assert all(a["store_id"] in stores for a in snap["arms"])
        assert "<" not in (record / "record.md").read_text()  # no placeholders
        with (record / "results" / "points.csv").open(newline="") as fh:
>           csv_arms = {row["arm_id"] for row in csv.DictReader(fh)}
                        ^^^^^^^^^^^^^
E           KeyError: 'arm_id'

tests/study/test_records.py:28: KeyError
____ test_record_is_closed[20260919-throughput-based-fuel-processing-costs] ____

record = PosixPath('/home/reid/1cfe/fusion-tea/exploration/stellarator_e2e/studies/20260919-throughput-based-fuel-processing-costs')

    @pytest.mark.parametrize("record", RECORDS, ids=lambda p: p.name)
    def test_record_is_closed(record):
        snap = json.loads((record / "snapshot.json").read_text())
        stores = {s["store_id"] for s in snap["stores"]}
        assert all(a["store_id"] in stores for a in snap["arms"])
        assert "<" not in (record / "record.md").read_text()  # no placeholders
        with (record / "results" / "points.csv").open(newline="") as fh:
>           csv_arms = {row["arm_id"] for row in csv.DictReader(fh)}
                        ^^^^^^^^^^^^^
E           KeyError: 'arm_id'

tests/study/test_records.py:28: KeyError
___ test_findings_join_the_discovery_log[20260918-computed-tritium-breeding] ___

record = PosixPath('/home/reid/1cfe/fusion-tea/exploration/stellarator_e2e/studies/20260918-computed-tritium-breeding')

    @pytest.mark.parametrize("record", RECORDS, ids=lambda p: p.name)
    def test_findings_join_the_discovery_log(record):
        """Runbook step 14: every § 15 finding has a log row, and every row for this
        record names a finding § 15 carries.
    
        The comparison is between sets, and that is what guarantees the joined-row
        shape: a second row under an existing id is a disposition update and joins
        cleanly, while a row citing an id the record does not carry fails. That is the
        intent, not an accident of the implementation —
        `test_a_joined_disposition_row_is_legal` below goes red if it is undone.
        """
        in_record = _ids_in_record((record / "record.md").read_text(), record.name)
        in_log = _ids_in_log((STUDIES / "DISCOVERY_LOG.md").read_text(), record.name)
>       assert in_record, "a committed record carries at least one finding"
E       AssertionError: a committed record carries at least one finding
E       assert set()

tests/study/test_records.py:89: AssertionError
_ test_findings_join_the_discovery_log[20260918-installed-cooling-equipment-costs] _

record = PosixPath('/home/reid/1cfe/fusion-tea/exploration/stellarator_e2e/studies/20260918-installed-cooling-equipment-costs')

    @pytest.mark.parametrize("record", RECORDS, ids=lambda p: p.name)
    def test_findings_join_the_discovery_log(record):
        """Runbook step 14: every § 15 finding has a log row, and every row for this
        record names a finding § 15 carries.
    
        The comparison is between sets, and that is what guarantees the joined-row
        shape: a second row under an existing id is a disposition update and joins
        cleanly, while a row citing an id the record does not carry fails. That is the
        intent, not an accident of the implementation —
        `test_a_joined_disposition_row_is_legal` below goes red if it is undone.
        """
        in_record = _ids_in_record((record / "record.md").read_text(), record.name)
        in_log = _ids_in_log((STUDIES / "DISCOVERY_LOG.md").read_text(), record.name)
>       assert in_record, "a committed record carries at least one finding"
E       AssertionError: a committed record carries at least one finding
E       assert set()

tests/study/test_records.py:89: AssertionError
__________________ test_green_single_point_command_exits_zero __________________

stock_simkit_path = PosixPath('/home/reid/1cfe/teax/packages/teax-simkit')

    def test_green_single_point_command_exits_zero(stock_simkit_path):
        env = dict(os.environ)
        env["STOP_PARSER_TEAX_ROOT"] = str(stock_simkit_path.parents[1])
        done = subprocess.run(
            [sys.executable, str(RUNNER)],
            cwd=REPO_ROOT,
            env=env,
            capture_output=True,
            text=True,
        )
>       assert done.returncode == 0, done.stdout + done.stderr
E       AssertionError: 
E         === NINE ANCHORS (single-pass, graph rollup, no bridge) ===
E           total capital $  exec=  17918171013.726093  expect=8905077000.154549   *** DEVIATION
E           LCOE $/MWh       exec=          271.584320  expect=144.74743129583516  *** DEVIATION
E           p_net MW         exec=         1008.898406  expect=1012.6082547175133  *** DEVIATION
E           q_eng            exec=            3.870984  expect=3.9319737437533955  *** DEVIATION
E           rec_frac         exec=            0.258332  expect=0.25432519776833934  *** DEVIATION
E           magnet %         exec=            9.529116  expect=19.170578781069967  *** DEVIATION
E           CAS70 $/yr       exec=    273360371.159998  expect=217687149.51060474  *** DEVIATION
E           CAS80 $/yr       exec=       792505.965114  expect=792505.965114       OK
E           lcoe_1cfe $/MWh (comparison) exec=          266.458931  expect=142.2095176767976   *** DEVIATION
E           magnet capital $ = 1,707,443,242.26
E         === TWENTY VERDICTS (generated ConstraintReport) ===
E           wp_stress_ok   satisfied
E           cond_strain_ok satisfied
E           recirc_ok      satisfied
E           cycle_domain_ok satisfied
E           beta_ok        satisfied
E           heating_couple_positive_ok satisfied
E           divertor_heat_ok violated
E           facility_capacity_ok satisfied
E           facility_outage_ok satisfied
E           heating_source_upper_ok satisfied
E           net_positive   satisfied
E           burn_hold_ok   satisfied
E           wall_load_ok   satisfied
E           tbr_ok         violated
E           heating_couple_upper_ok satisfied
E           peak_field_ok  satisfied
E           reference_conductor_current_ok violated
E           facility_routes_ok satisfied
E           sustainment_ok satisfied
E           loop_capacity_ok satisfied
E           wp_fit_ok      violated
E           facility_replacement_ready satisfied
E           heating_source_positive_ok satisfied
E           loop_pressure_ok satisfied
E           facility_initial_ready satisfied
E         Traceback (most recent call last):
E           File "/home/reid/1cfe/fusion-tea/exploration/stellarator_e2e/run_stellaris_single.py", line 602, in <module>
E             raise SystemExit(main())
E                              ^^^^^^
E           File "/home/reid/1cfe/fusion-tea/exploration/stellarator_e2e/run_stellaris_single.py", line 595, in main
E             anchors_ok, oracle_ok, identity_ok, guards_ok = _run_gate_families()
E                                                             ^^^^^^^^^^^^^^^^^^^^
E           File "/home/reid/1cfe/fusion-tea/exploration/stellarator_e2e/run_stellaris_single.py", line 586, in _run_gate_families
E             _assert_generated_verdicts(outputs)
E           File "/home/reid/1cfe/fusion-tea/exploration/stellarator_e2e/run_stellaris_single.py", line 257, in _assert_generated_verdicts
E             assert report.assessed_entry_count == EXPECTED_VERDICT_COUNT, (
E                    ^^^^^^^^^^^^^^^^^^^^^^^^^^^^^^^^^^^^^^^^^^^^^^^^^^^^^
E         AssertionError: assessed_entry_count 25 != 20
E         
E       assert 1 == 0
E        +  where 1 = CompletedProcess(args=['/home/reid/1cfe/fusion-tea/.venv/bin/python3', '/home/reid/1cfe/fusion-tea/exploration/stellar... (\n           ^^^^^^^^^^^^^^^^^^^^^^^^^^^^^^^^^^^^^^^^^^^^^^^^^^^^^\nAssertionError: assessed_entry_count 25 != 20\n').returncode

tests/study/test_single_point_gate.py:56: AssertionError
____________ test_the_empty_result_still_carries_the_whole_catalog _____________

tmp_path = PosixPath('/tmp/pytest-of-reid/pytest-12975/test_the_empty_result_still_ca0')

    def test_the_empty_result_still_carries_the_whole_catalog(tmp_path):
        """Invariant 4 and 5: no_constraint_response is emitted with the full bounds
        list under this axis, so a reader sees what was checked, not just what was found."""
        rc, out, err = run_tool_raw(REAL_PACKAGE, REAL_MANIFEST, EXTRAS)
        assert rc == 0, err
        group = group_by_axis(json.loads(out), "land_cost")
>       assert len(group["bounds"]) == 20
E       assert 25 == 20
E        +  where 25 = len([{'bound_vs_bound': False, 'constraint_id': 'stellarator_09__stellaris__beta_ok__82b78aad420730d5', 'definition_qualif...efinition_qualified_name': "mfe_facilities::'Facility Nonnegative Margin'", 'operand_classes': ['computed'], ...}, ...])

tests/study/test_valid_empty.py:43: AssertionError
=============================== warnings summary ===============================
tests/models/test_computed_tritium_breeding.py: 2 warnings
tests/models/test_conductor_current.py: 10 warnings
tests/models/test_conductor_grade.py: 3 warnings
tests/models/test_current_driven_sizing_integration.py: 8 warnings
tests/models/test_current_numeric_coverage.py: 5 warnings
tests/models/test_divertor_heat_integration.py: 7 warnings
tests/models/test_fuel_inventory.py: 1 warning
tests/models/test_fuel_inventory_oracle.py: 10 warnings
tests/models/test_fuel_processing_oracle.py: 14 warnings
tests/models/test_installed_cooling_equipment.py: 5 warnings
tests/models/test_layout_facilities.py: 8 warnings
tests/models/test_magnet_manufacturing_integration.py: 12 warnings
tests/models/test_shared_cooling_fabrication_rate.py: 7 warnings
tests/models/test_tape_procurement.py: 11 warnings
tests/models/test_winding_pack_cost.py: 2 warnings
tests/models/test_winding_pack_fit.py: 11 warnings
tests/study/test_financial_consumers.py: 1 warning
tests/study/test_numeric_evidence.py: 6 warnings
tests/study/test_verify.py: 1 warning
  /home/reid/1cfe/fusion-tea/.venv/lib/python3.12/site-packages/pydantic/main.py:464: UserWarning: Pydantic serializer warnings:
    PydanticSerializationUnexpectedValue(Expected `bool` - serialized value may not be as expected [field_name='stellarator_09__stellaris__buildings__facilities_enabled', input_value=1.0, input_type=float])
    PydanticSerializationUnexpectedValue(Expected `bool` - serialized value may not be as expected [field_name='stellarator_09__stellaris__cryoplant__inventory_enabled', input_value=1.0, input_type=float])
    PydanticSerializationUnexpectedValue(Expected `bool` - serialized value may not be as expected [field_name='stellarator_09__stellaris__fuel_cycle__inventory_enabled', input_value=1.0, input_type=float])
    PydanticSerializationUnexpectedValue(Expected `bool` - serialized value may not be as expected [field_name='stellarator_09__stellaris__fuel_cycle__processing_enabled', input_value=1.0, input_type=float])
    PydanticSerializationUnexpectedValue(Expected `bool` - serialized value may not be as expected [field_name='stellarator_09__stellaris__fuel_cycle__processing_source_conditions', input_value=1.0, input_type=float])
    PydanticSerializationUnexpectedValue(Expected `bool` - serialized value may not be as expected [field_name='stellarator_09__stellaris__heat_transport__equipment_enabled', input_value=1.0, input_type=float])
    return self.__pydantic_serializer__.to_python(

tests/models/test_conductor_current.py: 1 warning
tests/models/test_current_driven_sizing_integration.py: 1 warning
tests/models/test_divertor_heat_integration.py: 7 warnings
tests/models/test_magnet_manufacturing_integration.py: 1 warning
tests/models/test_winding_pack_fit.py: 1 warning
  /home/reid/1cfe/fusion-tea/.venv/lib/python3.12/site-packages/pydantic/main.py:464: UserWarning: Pydantic serializer warnings:
    PydanticSerializationUnexpectedValue(Expected `bool` - serialized value may not be as expected [field_name='stellarator_09__stellaris__cryoplant__inventory_enabled', input_value=1.0, input_type=float])
    PydanticSerializationUnexpectedValue(Expected `bool` - serialized value may not be as expected [field_name='stellarator_09__stellaris__fuel_cycle__processing_source_conditions', input_value=1.0, input_type=float])
    return self.__pydantic_serializer__.to_python(

tests/models/test_conductor_grade.py: 1 warning
tests/models/test_installed_cooling_equipment.py: 4 warnings
tests/models/test_mfe_operating_heating.py: 1 warning
tests/models/test_winding_pack_cost.py: 3 warnings
tests/study/test_major_radius.py: 1 warning
tests/study/test_primary_loop_consumers.py: 1 warning
tests/study/test_winding_consumers.py: 1 warning
  /home/reid/1cfe/fusion-tea/.venv/lib/python3.12/site-packages/pydantic/main.py:464: UserWarning: Pydantic serializer warnings:
    PydanticSerializationUnexpectedValue(Expected `bool` - serialized value may not be as expected [field_name='stellarator_09__stellaris__fuel_cycle__processing_source_conditions', input_value=1.0, input_type=float])
    return self.__pydantic_serializer__.to_python(

tests/models/test_current_numeric_coverage.py::test_all_numeric_channels_and_strict_predicates[disabled]
tests/study/test_stock_route.py::test_all_six_booleans_survive_bridge_native_and_store
  /home/reid/1cfe/fusion-tea/.venv/lib/python3.12/site-packages/pydantic/main.py:464: UserWarning: Pydantic serializer warnings:
    PydanticSerializationUnexpectedValue(Expected `bool` - serialized value may not be as expected [field_name='stellarator_09__stellaris__cryoplant__inventory_enabled', input_value=1.0, input_type=float])
    PydanticSerializationUnexpectedValue(Expected `bool` - serialized value may not be as expected [field_name='stellarator_09__stellaris__fuel_cycle__inventory_enabled', input_value=1.0, input_type=float])
    PydanticSerializationUnexpectedValue(Expected `bool` - serialized value may not be as expected [field_name='stellarator_09__stellaris__fuel_cycle__processing_enabled', input_value=1.0, input_type=float])
    PydanticSerializationUnexpectedValue(Expected `bool` - serialized value may not be as expected [field_name='stellarator_09__stellaris__fuel_cycle__processing_source_conditions', input_value=1.0, input_type=float])
    return self.__pydantic_serializer__.to_python(

tests/models/test_facility_account_consumers.py: 6 warnings
tests/models/test_fuel_processing_oracle.py: 3 warnings
tests/study/test_stock_route.py: 1 warning
  /home/reid/1cfe/fusion-tea/.venv/lib/python3.12/site-packages/pydantic/main.py:464: UserWarning: Pydantic serializer warnings:
    PydanticSerializationUnexpectedValue(Expected `bool` - serialized value may not be as expected [field_name='stellarator_09__stellaris__buildings__facilities_enabled', input_value=1.0, input_type=float])
    PydanticSerializationUnexpectedValue(Expected `bool` - serialized value may not be as expected [field_name='stellarator_09__stellaris__cryoplant__inventory_enabled', input_value=1.0, input_type=float])
    PydanticSerializationUnexpectedValue(Expected `bool` - serialized value may not be as expected [field_name='stellarator_09__stellaris__fuel_cycle__inventory_enabled', input_value=1.0, input_type=float])
    PydanticSerializationUnexpectedValue(Expected `bool` - serialized value may not be as expected [field_name='stellarator_09__stellaris__fuel_cycle__processing_source_conditions', input_value=1.0, input_type=float])
    PydanticSerializationUnexpectedValue(Expected `bool` - serialized value may not be as expected [field_name='stellarator_09__stellaris__heat_transport__equipment_enabled', input_value=1.0, input_type=float])
    return self.__pydantic_serializer__.to_python(

tests/models/test_fuel_inventory.py::test_native_dormant_inventory_preserves_legacy_held_requirement
tests/models/test_fuel_inventory_oracle.py::test_native_off_reference_inventory_matches_independent_oracle[dormant-held-inventory]
tests/models/test_fuel_processing_oracle.py::test_all_mapped_native_outputs_at_public_cases[dormant]
tests/study/test_stock_route.py::test_all_six_booleans_survive_bridge_native_and_store
  /home/reid/1cfe/fusion-tea/.venv/lib/python3.12/site-packages/pydantic/main.py:464: UserWarning: Pydantic serializer warnings:
    PydanticSerializationUnexpectedValue(Expected `bool` - serialized value may not be as expected [field_name='stellarator_09__stellaris__buildings__facilities_enabled', input_value=1.0, input_type=float])
    PydanticSerializationUnexpectedValue(Expected `bool` - serialized value may not be as expected [field_name='stellarator_09__stellaris__cryoplant__inventory_enabled', input_value=1.0, input_type=float])
    PydanticSerializationUnexpectedValue(Expected `bool` - serialized value may not be as expected [field_name='stellarator_09__stellaris__fuel_cycle__processing_source_conditions', input_value=1.0, input_type=float])
    PydanticSerializationUnexpectedValue(Expected `bool` - serialized value may not be as expected [field_name='stellarator_09__stellaris__heat_transport__equipment_enabled', input_value=1.0, input_type=float])
    return self.__pydantic_serializer__.to_python(

tests/models/test_fuel_processing_oracle.py::test_all_mapped_native_outputs_at_public_cases[undeclared]
tests/study/test_stock_route.py::test_all_six_booleans_survive_bridge_native_and_store
  /home/reid/1cfe/fusion-tea/.venv/lib/python3.12/site-packages/pydantic/main.py:464: UserWarning: Pydantic serializer warnings:
    PydanticSerializationUnexpectedValue(Expected `bool` - serialized value may not be as expected [field_name='stellarator_09__stellaris__buildings__facilities_enabled', input_value=1.0, input_type=float])
    PydanticSerializationUnexpectedValue(Expected `bool` - serialized value may not be as expected [field_name='stellarator_09__stellaris__cryoplant__inventory_enabled', input_value=1.0, input_type=float])
    PydanticSerializationUnexpectedValue(Expected `bool` - serialized value may not be as expected [field_name='stellarator_09__stellaris__fuel_cycle__inventory_enabled', input_value=1.0, input_type=float])
    PydanticSerializationUnexpectedValue(Expected `bool` - serialized value may not be as expected [field_name='stellarator_09__stellaris__fuel_cycle__processing_enabled', input_value=1.0, input_type=float])
    PydanticSerializationUnexpectedValue(Expected `bool` - serialized value may not be as expected [field_name='stellarator_09__stellaris__heat_transport__equipment_enabled', input_value=1.0, input_type=float])
    return self.__pydantic_serializer__.to_python(

tests/models/test_mfe_financial_calendar.py: 37 warnings
  tests/models/test_mfe_financial_calendar.py:112: PytestWarning: record_property is incompatible with junit_family 'xunit2' (use 'legacy' or 'xunit1')
    @pytest.mark.parametrize('name',CASES)

tests/models/test_mfe_financial_rate_limits.py: 11 warnings
  tests/models/test_mfe_financial_rate_limits.py:63: PytestWarning: record_property is incompatible with junit_family 'xunit2' (use 'legacy' or 'xunit1')
    @pytest.mark.parametrize('duration', DURATIONS)

tests/models/test_mfe_financial_rate_limits.py: 31 warnings
  tests/models/test_mfe_financial_rate_limits.py:97: PytestWarning: record_property is incompatible with junit_family 'xunit2' (use 'legacy' or 'xunit1')
    @pytest.mark.parametrize('n,t', [(n, t) for n in DURATIONS for t in (8., 8.5)]

tests/study/test_stock_route.py::test_all_six_booleans_survive_bridge_native_and_store
  /home/reid/1cfe/fusion-tea/.venv/lib/python3.12/site-packages/pydantic/main.py:464: UserWarning: Pydantic serializer warnings:
    PydanticSerializationUnexpectedValue(Expected `bool` - serialized value may not be as expected [field_name='stellarator_09__stellaris__cryoplant__inventory_enabled', input_value=1.0, input_type=float])
    PydanticSerializationUnexpectedValue(Expected `bool` - serialized value may not be as expected [field_name='stellarator_09__stellaris__fuel_cycle__inventory_enabled', input_value=1.0, input_type=float])
    PydanticSerializationUnexpectedValue(Expected `bool` - serialized value may not be as expected [field_name='stellarator_09__stellaris__fuel_cycle__processing_enabled', input_value=1.0, input_type=float])
    PydanticSerializationUnexpectedValue(Expected `bool` - serialized value may not be as expected [field_name='stellarator_09__stellaris__fuel_cycle__processing_source_conditions', input_value=1.0, input_type=float])
    PydanticSerializationUnexpectedValue(Expected `bool` - serialized value may not be as expected [field_name='stellarator_09__stellaris__heat_transport__equipment_enabled', input_value=1.0, input_type=float])
    return self.__pydantic_serializer__.to_python(

tests/study/test_stock_route.py::test_all_six_booleans_survive_bridge_native_and_store
  /home/reid/1cfe/fusion-tea/.venv/lib/python3.12/site-packages/pydantic/main.py:464: UserWarning: Pydantic serializer warnings:
    PydanticSerializationUnexpectedValue(Expected `bool` - serialized value may not be as expected [field_name='stellarator_09__stellaris__buildings__facilities_enabled', input_value=1.0, input_type=float])
    PydanticSerializationUnexpectedValue(Expected `bool` - serialized value may not be as expected [field_name='stellarator_09__stellaris__fuel_cycle__inventory_enabled', input_value=1.0, input_type=float])
    PydanticSerializationUnexpectedValue(Expected `bool` - serialized value may not be as expected [field_name='stellarator_09__stellaris__fuel_cycle__processing_enabled', input_value=1.0, input_type=float])
    PydanticSerializationUnexpectedValue(Expected `bool` - serialized value may not be as expected [field_name='stellarator_09__stellaris__fuel_cycle__processing_source_conditions', input_value=1.0, input_type=float])
    PydanticSerializationUnexpectedValue(Expected `bool` - serialized value may not be as expected [field_name='stellarator_09__stellaris__heat_transport__equipment_enabled', input_value=1.0, input_type=float])
    return self.__pydantic_serializer__.to_python(

tests/study/test_stock_route.py::test_all_six_booleans_survive_bridge_native_and_store
  /home/reid/1cfe/fusion-tea/.venv/lib/python3.12/site-packages/pydantic/main.py:464: UserWarning: Pydantic serializer warnings:
    PydanticSerializationUnexpectedValue(Expected `bool` - serialized value may not be as expected [field_name='stellarator_09__stellaris__buildings__facilities_enabled', input_value=1.0, input_type=float])
    PydanticSerializationUnexpectedValue(Expected `bool` - serialized value may not be as expected [field_name='stellarator_09__stellaris__cryoplant__inventory_enabled', input_value=1.0, input_type=float])
    PydanticSerializationUnexpectedValue(Expected `bool` - serialized value may not be as expected [field_name='stellarator_09__stellaris__fuel_cycle__processing_enabled', input_value=1.0, input_type=float])
    PydanticSerializationUnexpectedValue(Expected `bool` - serialized value may not be as expected [field_name='stellarator_09__stellaris__fuel_cycle__processing_source_conditions', input_value=1.0, input_type=float])
    PydanticSerializationUnexpectedValue(Expected `bool` - serialized value may not be as expected [field_name='stellarator_09__stellaris__heat_transport__equipment_enabled', input_value=1.0, input_type=float])
    return self.__pydantic_serializer__.to_python(

tests/study/test_stock_route.py::test_all_six_booleans_survive_bridge_native_and_store
  /home/reid/1cfe/fusion-tea/.venv/lib/python3.12/site-packages/pydantic/main.py:464: UserWarning: Pydantic serializer warnings:
    PydanticSerializationUnexpectedValue(Expected `bool` - serialized value may not be as expected [field_name='stellarator_09__stellaris__buildings__facilities_enabled', input_value=1.0, input_type=float])
    PydanticSerializationUnexpectedValue(Expected `bool` - serialized value may not be as expected [field_name='stellarator_09__stellaris__cryoplant__inventory_enabled', input_value=1.0, input_type=float])
    PydanticSerializationUnexpectedValue(Expected `bool` - serialized value may not be as expected [field_name='stellarator_09__stellaris__fuel_cycle__inventory_enabled', input_value=1.0, input_type=float])
    PydanticSerializationUnexpectedValue(Expected `bool` - serialized value may not be as expected [field_name='stellarator_09__stellaris__heat_transport__equipment_enabled', input_value=1.0, input_type=float])
    return self.__pydantic_serializer__.to_python(

tests/study/test_stock_route.py::test_all_six_booleans_survive_bridge_native_and_store
  /home/reid/1cfe/fusion-tea/.venv/lib/python3.12/site-packages/pydantic/main.py:464: UserWarning: Pydantic serializer warnings:
    PydanticSerializationUnexpectedValue(Expected `bool` - serialized value may not be as expected [field_name='stellarator_09__stellaris__buildings__facilities_enabled', input_value=1.0, input_type=float])
    PydanticSerializationUnexpectedValue(Expected `bool` - serialized value may not be as expected [field_name='stellarator_09__stellaris__cryoplant__inventory_enabled', input_value=1.0, input_type=float])
    PydanticSerializationUnexpectedValue(Expected `bool` - serialized value may not be as expected [field_name='stellarator_09__stellaris__fuel_cycle__inventory_enabled', input_value=1.0, input_type=float])
    PydanticSerializationUnexpectedValue(Expected `bool` - serialized value may not be as expected [field_name='stellarator_09__stellaris__fuel_cycle__processing_enabled', input_value=1.0, input_type=float])
    PydanticSerializationUnexpectedValue(Expected `bool` - serialized value may not be as expected [field_name='stellarator_09__stellaris__fuel_cycle__processing_source_conditions', input_value=1.0, input_type=float])
    return self.__pydantic_serializer__.to_python(

-- Docs: https://docs.pytest.org/en/stable/how-to/capture-warnings.html
=========================== short test summary info ============================
FAILED tests/study/test_domain_consumers.py::test_oracle_rejects_invalid_domains_and_restores_parameters[overrides7-0 < T_cold < T_amb]
FAILED tests/study/test_domain_consumers.py::test_oracle_rejects_invalid_domains_and_restores_parameters[overrides8-0 < T_cold < T_amb]
FAILED tests/study/test_domain_consumers.py::test_oracle_rejects_invalid_domains_and_restores_parameters[overrides9-0 < T_cold < T_amb]
FAILED tests/study/test_domain_consumers.py::test_oracle_rejects_invalid_domains_and_restores_parameters[overrides10-0 < T_cold < T_amb]
FAILED tests/study/test_domain_consumers.py::test_oracle_rejects_invalid_domains_and_restores_parameters[overrides14-0 < T_cold < T_amb]
FAILED tests/study/test_domain_consumers.py::test_supported_adapter_inputs_propagate_deliberate_domain_error[cryoplant__T_cold_cryo-0.0-0 < T_cold < T_amb]
FAILED tests/study/test_domain_consumers.py::test_supported_adapter_inputs_propagate_deliberate_domain_error[cryoplant__T_cold_cryo-300.0-0 < T_cold < T_amb]
FAILED tests/study/test_domain_consumers.py::test_supported_adapter_inputs_propagate_deliberate_domain_error[cryoplant__T_cold_cryo-301.0-0 < T_cold < T_amb]
FAILED tests/study/test_domain_consumers.py::test_valid_outputs_exactly_preserved_and_physical_identities[row0]
FAILED tests/study/test_domain_consumers.py::test_valid_outputs_exactly_preserved_and_physical_identities[row1]
FAILED tests/study/test_domain_consumers.py::test_valid_outputs_exactly_preserved_and_physical_identities[row3]
FAILED tests/study/test_domain_consumers.py::test_adapter_contract_and_ambient_limit_preserved
FAILED tests/study/test_financial_consumers.py::test_current_rate_route_and_coverage
FAILED tests/study/test_known_answers.py::test_fixture_binding - AssertionErr...
FAILED tests/study/test_known_answers.py::test_known_answer[availability_direct]
FAILED tests/study/test_known_answers.py::test_known_answer[interest_rate] - ...
FAILED tests/study/test_known_answers.py::test_known_answer[R] - assert {'axi...
FAILED tests/study/test_known_answers.py::test_known_answer[a] - assert {'axi...
FAILED tests/study/test_known_answers.py::test_known_answer[I_coil] - assert ...
FAILED tests/study/test_known_answers.py::test_matches_the_item_1_fixture_contract[availability_direct]
FAILED tests/study/test_known_answers.py::test_matches_the_item_1_fixture_contract[interest_rate]
FAILED tests/study/test_known_answers.py::test_matches_the_item_1_fixture_contract[R]
FAILED tests/study/test_known_answers.py::test_matches_the_item_1_fixture_contract[a]
FAILED tests/study/test_known_answers.py::test_matches_the_item_1_fixture_contract[I_coil]
FAILED tests/study/test_known_answers.py::test_availability_direct_reaches_no_constraint
FAILED tests/study/test_known_answers.py::test_I_coil_reaches_the_field_constraints_through_calcs
FAILED tests/study/test_known_answers.py::test_current_heating_reachability
FAILED tests/study/test_mechanical_failures.py::test_the_corrupt_line_carries_file_line_and_key_path
FAILED tests/study/test_native_publication.py::test_native_publication_preserves_values_and_case_identity[20260911-model-owned-radius]
FAILED tests/study/test_native_publication.py::test_native_publication_refuses_before_replacing_evidence[absent-20260911-model-owned-radius]
FAILED tests/study/test_native_publication.py::test_native_publication_refuses_before_replacing_evidence[null-20260911-model-owned-radius]
FAILED tests/study/test_native_publication.py::test_native_publication_refuses_before_replacing_evidence[nan-20260911-model-owned-radius]
FAILED tests/study/test_operand_bindings.py::test_every_constraint_operand_resolves
FAILED tests/study/test_operand_bindings.py::test_the_shim_reproduces_the_pinned_headline
FAILED tests/study/test_output_contract.py::test_fingerprint_read_set_is_the_three_legs
FAILED tests/study/test_primary_loop_consumers.py::test_valid_full_oracle_outputs_and_heat_accounting[row0]
FAILED tests/study/test_primary_loop_consumers.py::test_valid_full_oracle_outputs_and_heat_accounting[row1]
FAILED tests/study/test_primary_loop_consumers.py::test_valid_full_oracle_outputs_and_heat_accounting[row2]
FAILED tests/study/test_primary_loop_consumers.py::test_valid_full_oracle_outputs_and_heat_accounting[row3]
FAILED tests/study/test_primary_loop_consumers.py::test_adapter_coverage_remains_exact
FAILED tests/study/test_primary_loop_consumers.py::test_current_native_primary_route_agrees_with_independent_oracle
FAILED tests/study/test_records.py::test_record_is_closed[20260918-computed-tritium-breeding]
FAILED tests/study/test_records.py::test_record_is_closed[20260918-installed-cooling-equipment-costs]
FAILED tests/study/test_records.py::test_record_is_closed[20260919-throughput-based-fuel-processing-costs]
FAILED tests/study/test_records.py::test_findings_join_the_discovery_log[20260918-computed-tritium-breeding]
FAILED tests/study/test_records.py::test_findings_join_the_discovery_log[20260918-installed-cooling-equipment-costs]
FAILED tests/study/test_single_point_gate.py::test_green_single_point_command_exits_zero
FAILED tests/study/test_valid_empty.py::test_the_empty_result_still_carries_the_whole_catalog
ERROR tests/study/test_committed_store.py::test_the_store_speaks_the_generic_vocabulary
ERROR tests/study/test_preflight_gates.py::test_all_six_checks_pass_on_the_real_package
ERROR tests/study/test_preflight_gates.py::test_the_results_document_validates_against_its_schema
ERROR tests/study/test_preflight_gates.py::test_the_document_carries_a_digest_for_every_input_it_read
ERROR tests/study/test_preflight_gates.py::test_the_six_results_map_onto_record_section_9s_five_rows
ERROR tests/study/test_preflight_gates.py::test_the_tool_reports_its_own_revision_as_a_named_recipe_over_a_named_file_list
ERROR tests/study/test_preflight_gates.py::test_the_sibling_scan_is_advisory_and_can_never_fail
ERROR tests/study/test_preflight_gates.py::test_the_identity_gate_reports_the_recomputed_digest
ERROR tests/study/test_preflight_negatives.py::test_each_negative_fails_closed_and_still_writes_a_complete_document[missing_declared_key]
ERROR tests/study/test_preflight_negatives.py::test_each_negative_fails_closed_and_still_writes_a_complete_document[key_names_a_channel]
ERROR tests/study/test_preflight_negatives.py::test_each_negative_fails_closed_and_still_writes_a_complete_document[wrong_fingerprint]
ERROR tests/study/test_preflight_negatives.py::test_each_negative_fails_closed_and_still_writes_a_complete_document[stale_manifest]
ERROR tests/study/test_preflight_negatives.py::test_the_wrong_fingerprint_message_names_both_values
ERROR tests/study/test_preflight_negatives.py::test_an_unreadable_input_is_did_not_run_with_its_condition
ERROR tests/study/test_preflight_negatives.py::test_a_baseline_executed_under_another_identity_is_refused
ERROR tests/study/test_preflight_negatives.py::test_a_wrong_headline_is_refused_naming_the_channel
ERROR tests/study/test_preflight_negatives.py::test_a_differing_baseline_verdict_is_refused_naming_the_constraint
ERROR tests/study/test_verify.py::test_the_summary_validates_against_its_schema
ERROR tests/study/test_verify.py::test_the_summary_is_a_superset_of_the_committed_field_set
ERROR tests/study/test_verify.py::test_parity_holds_at_the_committed_order_of_magnitude
ERROR tests/study/test_verify.py::test_every_catalog_constraint_is_rederived_with_its_operand_count
ERROR tests/study/test_verify.py::test_stratification_covers_every_observed_verdict_combination
ERROR tests/study/test_verify.py::test_stratification_is_a_floor_not_a_cap - ...
ERROR tests/study/test_verify.py::test_the_derived_seed_reproduces_from_the_recorded_fields
ERROR tests/study/test_verify.py::test_an_explicit_seed_is_recorded_as_explicit
ERROR tests/study/test_verify.py::test_cas27_is_compared_and_nothing_is_undisclosed
ERROR tests/study/test_verify.py::test_the_command_carries_no_absolute_paths
ERROR tests/study/test_verify.py::test_the_operand_bindings_digest_is_the_documented_canonicalization
ERROR tests/study/test_verify.py::test_a_planted_channel_deviation_fails_naming_case_and_channel
ERROR tests/study/test_verify.py::test_a_planted_verdict_mismatch_fails_naming_the_constraint
ERROR tests/study/test_verify.py::test_a_missing_operand_bindings_attribute_fails_closed
ERROR tests/study/test_verify.py::test_an_unresolvable_binding_fails_naming_the_constraint_and_operand
ERROR tests/study/test_verify.py::test_a_store_bound_to_another_identity_is_refused
ERROR tests/study/test_verify.py::test_an_empty_result_is_a_broken_input_not_a_clean_pass
ERROR tests/study/test_verify.py::test_the_stores_are_never_written - study_r...
ERROR tests/study/test_verify.py::test_stored_operating_controls_preserve_procurement_and_signed_capacity
ERROR tests/study/test_verify.py::test_operating_channel_deviation_is_refused[p_coupled]
ERROR tests/study/test_verify.py::test_operating_channel_deviation_is_refused[p_delivered]
ERROR tests/study/test_verify.py::test_operating_channel_deviation_is_refused[p_wallplug]
48 failed, 3353 passed, 13 skipped, 1 xfailed, 249 warnings, 39 errors in 2732.32s (0:45:32)
